VOICE_CAPTURE,223124,3/15/2022 10:40,aca8a746-0f72-4c8d-87a5-70d836da8768,you gotta go through,NA,,,,,,,,,,
BAG_CLOSED,228708,3/15/2022 10:40,aca8a746-0f72-4c8d-87a5-70d836da8768,"(3.9, 0.7, -2.1)",,,,,,,,,,,
PATIENT_DEMOTED,229347,3/15/2022 10:40,aca8a746-0f72-4c8d-87a5-70d836da8768,100,Infinity,Bob_0 Root,"(-1.0, 0.0, 6.0)","(0.0, 0.7, 0.0, 0.7)",EXPECTANT,still,faint,restricted,none,unresponsive,supine
PATIENT_DEMOTED,229545,3/15/2022 10:40,aca8a746-0f72-4c8d-87a5-70d836da8768,100,Infinity,Bob_0 Root,"(-1.0, 0.0, 6.0)","(0.0, 0.7, 0.0, 0.7)",DEAD,still,none,none,none,dead,supine
PATIENT_DEMOTED,229677,3/15/2022 10:40,aca8a746-0f72-4c8d-87a5-70d836da8768,100,Infinity,Gary_1 Root,"(2.0, 0.0, 7.0)","(0.0, 1.0, 0.0, 0.0)",EXPECTANT,still,faint,restricted,none,unresponsive,supine
PATIENT_DEMOTED,230440,3/15/2022 10:40,aca8a746-0f72-4c8d-87a5-70d836da8768,100,Infinity,Lily_2 Root,"(3.0, 0.0, 4.0)","(0.0, 1.0, 0.0, 0.0)",IMMEDIATE,waver,fast,fast,normal,agony,fetal
PATIENT_DEMOTED,231115,3/15/2022 10:40,aca8a746-0f72-4c8d-87a5-70d836da8768,100,0,Gary_3 Root,"(0.0, 0.0, 2.0)","(0.0, 0.0, 0.0, 1.0)",IMMEDIATE,still,faint,collapsedRight,normal,unresponsive,supine
PATIENT_DEMOTED,231710,3/15/2022 10:40,aca8a746-0f72-4c8d-87a5-70d836da8768,100,Infinity,Lily_4 Root,"(1.4, 0.0, 6.0)","(0.0, 1.0, 0.0, 0.0)",IMMEDIATE,waver,fast,normal,normal,upset,fetal
PATIENT_DEMOTED,232575,3/15/2022 10:40,aca8a746-0f72-4c8d-87a5-70d836da8768,63.87083,Infinity,Mike_5 Root,"(2.6, 0.0, 2.0)","(0.0, 1.0, 0.0, 0.0)",IMMEDIATE,waver,fast,normal,normal,upset,fetal
PATIENT_DEMOTED,233132,3/15/2022 10:40,aca8a746-0f72-4c8d-87a5-70d836da8768,100,Infinity,Gloria_6 Root,"(-1.0, 0.0, 3.2)","(0.0, 0.4, 0.0, 0.9)",IMMEDIATE,waver,fast,normal,normal,upset,fetal
PATIENT_DEMOTED,233557,3/15/2022 10:40,aca8a746-0f72-4c8d-87a5-70d836da8768,100,Infinity,Gloria_6 Root,"(-1.0, 0.0, 3.2)","(0.0, 0.4, 0.0, 0.9)",DELAYED,waver,fast,normal,normal,upset,fetal
PATIENT_DEMOTED,233846,3/15/2022 10:40,aca8a746-0f72-4c8d-87a5-70d836da8768,63.87083,Infinity,Mike_7 Root,"(1.4, 0.0, 4.0)","(0.0, 0.1, 0.0, 1.0)",IMMEDIATE,waver,fast,normal,normal,upset,sittingGround
PATIENT_DEMOTED,234206,3/15/2022 10:40,aca8a746-0f72-4c8d-87a5-70d836da8768,63.87083,Infinity,Mike_7 Root,"(1.4, 0.0, 4.0)","(0.0, 0.1, 0.0, 1.0)",DELAYED,waver,fast,normal,normal,upset,sittingGround
PATIENT_DEMOTED,234437,3/15/2022 10:40,aca8a746-0f72-4c8d-87a5-70d836da8768,100,Infinity,Gloria_8 Root,"(4.0, 0.0, 6.0)","(0.0, 1.0, 0.0, 0.0)",DELAYED,walker,normal,normal,normal,upset,sittingGround
SESSION_START,239461,3/15/2022 10:40,aca8a746-0f72-4c8d-87a5-70d836da8768,,,,,,,,,,,,
PATIENT_RECORD,239461,3/15/2022 10:40,aca8a746-0f72-4c8d-87a5-70d836da8768,100,Infinity,Bob_0 Root,"(-1.0, 0.0, 6.0)","(0.0, 0.7, 0.0, 0.7)",DEAD,still,none,none,none,dead,supine
INJURY_RECORD,239461,3/15/2022 10:40,aca8a746-0f72-4c8d-87a5-70d836da8768,Face Shrapnel,Bob_0 Root,gauzePressure,high,head,FALSE,FALSE,"(-0.9, 1.8, 5.9)",,,,
INJURY_RECORD,239461,3/15/2022 10:40,aca8a746-0f72-4c8d-87a5-70d836da8768,L Wrist Amputation,Bob_0 Root,tourniquet,high,leftArm,FALSE,FALSE,"(-1.1, 1.4, 6.7)",,,,
INJURY_RECORD,239461,3/15/2022 10:40,aca8a746-0f72-4c8d-87a5-70d836da8768,L Chest Collapse,Bob_0 Root,decompress,high,chest,FALSE,FALSE,"(0.0, 0.0, 0.0)",,,,
INJURY_RECORD,239461,3/15/2022 10:40,aca8a746-0f72-4c8d-87a5-70d836da8768,L Stomach Puncture,Bob_0 Root,woundpack,high,abdomen,FALSE,FALSE,"(-0.9, 1.2, 6.1)",,,,
INJURY_RECORD,239461,3/15/2022 10:40,aca8a746-0f72-4c8d-87a5-70d836da8768,R Shin Amputation,Bob_0 Root,tourniquet,high,rightLeg,FALSE,FALSE,"(-1.0, 0.4, 5.9)",,,,
INJURY_RECORD,239461,3/15/2022 10:40,aca8a746-0f72-4c8d-87a5-70d836da8768,L Thigh Laceration,Bob_0 Root,gauzePressure,medium,leftLeg,FALSE,FALSE,"(-0.9, 0.7, 6.1)",,,,
PATIENT_RECORD,239461,3/15/2022 10:40,aca8a746-0f72-4c8d-87a5-70d836da8768,100,Infinity,Gary_1 Root,"(2.0, 0.0, 7.0)","(0.0, 1.0, 0.0, 0.0)",EXPECTANT,still,none,restricted,none,unresponsive,supine
INJURY_RECORD,239461,3/15/2022 10:40,aca8a746-0f72-4c8d-87a5-70d836da8768,Face Shrapnel,Gary_1 Root,gauzePressure,high,head,FALSE,FALSE,"(1.9, 1.7, 6.9)",,,,
PATIENT_RECORD,239461,3/15/2022 10:40,aca8a746-0f72-4c8d-87a5-70d836da8768,100,Infinity,Lily_2 Root,"(3.0, 0.0, 4.0)","(0.0, 1.0, 0.0, 0.0)",IMMEDIATE,waver,fast,fast,normal,agony,fetal
INJURY_RECORD,239461,3/15/2022 10:40,aca8a746-0f72-4c8d-87a5-70d836da8768,R Shin Amputation,Lily_2 Root,tourniquet,high,rightLeg,FALSE,FALSE,"(2.9, 0.4, 4.0)",,,,
PATIENT_RECORD,239461,3/15/2022 10:40,aca8a746-0f72-4c8d-87a5-70d836da8768,100,0,Gary_3 Root,"(0.0, 0.0, 2.0)","(0.0, 0.0, 0.0, 1.0)",IMMEDIATE,still,faint,collapsedRight,normal,unresponsive,supine
INJURY_RECORD,239461,3/15/2022 10:40,aca8a746-0f72-4c8d-87a5-70d836da8768,R Chest Collapse,Gary_3 Root,decompress,high,chest,FALSE,FALSE,"(0.0, 0.0, 0.0)",,,,
PATIENT_RECORD,239461,3/15/2022 10:40,aca8a746-0f72-4c8d-87a5-70d836da8768,100,Infinity,Lily_4 Root,"(1.4, 0.0, 6.0)","(0.0, 1.0, 0.0, 0.0)",IMMEDIATE,waver,fast,normal,normal,upset,fetal
INJURY_RECORD,239461,3/15/2022 10:40,aca8a746-0f72-4c8d-87a5-70d836da8768,L Side Puncture,Lily_4 Root,woundpack,medium,abdomen,FALSE,FALSE,"(1.5, 1.0, 5.9)",,,,
PATIENT_RECORD,239461,3/15/2022 10:40,aca8a746-0f72-4c8d-87a5-70d836da8768,63.87083,Infinity,Mike_5 Root,"(2.6, 0.0, 2.0)","(0.0, 1.0, 0.0, 0.0)",IMMEDIATE,waver,fast,normal,normal,upset,fetal
INJURY_RECORD,239461,3/15/2022 10:40,aca8a746-0f72-4c8d-87a5-70d836da8768,R Side Puncture,Mike_5 Root,woundpack,medium,abdomen,FALSE,FALSE,"(2.5, 1.2, 1.9)",,,,
INJURY_RECORD,239461,3/15/2022 10:40,aca8a746-0f72-4c8d-87a5-70d836da8768,R Thigh Laceration,Mike_5 Root,gauzePressure,medium,rightLeg,FALSE,FALSE,"(2.4, 0.7, 2.0)",,,,
PATIENT_RECORD,239461,3/15/2022 10:40,aca8a746-0f72-4c8d-87a5-70d836da8768,100,Infinity,Gloria_6 Root,"(-1.0, 0.0, 3.2)","(0.0, 0.4, 0.0, 0.9)",DELAYED,waver,fast,normal,normal,upset,fetal
INJURY_RECORD,239461,3/15/2022 10:40,aca8a746-0f72-4c8d-87a5-70d836da8768,R Calf Shrapnel,Gloria_6 Root,tourniquet,medium,rightLeg,FALSE,FALSE,"(-0.9, 0.3, 3.1)",,,,
PATIENT_RECORD,239461,3/15/2022 10:40,aca8a746-0f72-4c8d-87a5-70d836da8768,63.87083,Infinity,Mike_7 Root,"(1.4, 0.0, 4.0)","(0.0, 0.1, 0.0, 1.0)",DELAYED,waver,fast,normal,normal,upset,sittingGround
INJURY_RECORD,239461,3/15/2022 10:40,aca8a746-0f72-4c8d-87a5-70d836da8768,L Thigh Puncture,Mike_7 Root,tourniquet,medium,leftLeg,FALSE,FALSE,"(1.4, 0.7, 4.1)",,,,
INJURY_RECORD,239461,3/15/2022 10:40,aca8a746-0f72-4c8d-87a5-70d836da8768,R Calf Laceration,Mike_7 Root,gauzePressure,low,rightLeg,FALSE,FALSE,"(1.5, 0.4, 3.9)",,,,
PATIENT_RECORD,239461,3/15/2022 10:40,aca8a746-0f72-4c8d-87a5-70d836da8768,100,Infinity,Gloria_8 Root,"(4.0, 0.0, 6.0)","(0.0, 1.0, 0.0, 0.0)",DELAYED,walker,normal,normal,normal,upset,sittingGround
INJURY_RECORD,239462,3/15/2022 10:40,aca8a746-0f72-4c8d-87a5-70d836da8768,L Forearm Laceration,Gloria_8 Root,gauzePressure,low,leftArm,FALSE,FALSE,"(4.6, 1.3, 5.9)",,,,
PATIENT_RECORD,239462,3/15/2022 10:40,aca8a746-0f72-4c8d-87a5-70d836da8768,100,Infinity,Bob_9 Root,"(2.6, 0.0, 8.0)","(0.0, 1.0, 0.0, 0.0)",MINIMAL,walker,normal,normal,normal,calm,standing
INJURY_RECORD,239462,3/15/2022 10:40,aca8a746-0f72-4c8d-87a5-70d836da8768,Ear Bleed,Bob_9 Root,none,low,head,FALSE,FALSE,"(0.0, 0.0, 0.0)",,,,
PATIENT_RECORD,239462,3/15/2022 10:40,aca8a746-0f72-4c8d-87a5-70d836da8768,100,Infinity,Helga_10 Root,"(3.9, 0.0, 8.0)","(0.0, 1.0, 0.0, 0.0)",MINIMAL,walker,normal,normal,normal,calm,sittingGround
INJURY_RECORD,239462,3/15/2022 10:40,aca8a746-0f72-4c8d-87a5-70d836da8768,Forehead Scrape,Helga_10 Root,gauzePressure,low,head,FALSE,FALSE,"(4.0, 1.5, 7.9)",,,,
VOICE_CAPTURE,240961,3/15/2022 10:40,aca8a746-0f72-4c8d-87a5-70d836da8768,lowe's yeah,NA,,,,,,,,,,
VOICE_CAPTURE,247951,3/15/2022 10:40,aca8a746-0f72-4c8d-87a5-70d836da8768,alright if you can hear me and you can walk can you please walk over here to the safe zone,NA,,,,,,,,,,
VOICE_COMMAND,247951,3/15/2022 10:40,aca8a746-0f72-4c8d-87a5-70d836da8768,walk to the safe area,alright if you can hear me and you can walk can you please walk over here to the safe zone,,,,,,,,,,
S_A_L_T_WALK_IF_CAN,247952,3/15/2022 10:40,aca8a746-0f72-4c8d-87a5-70d836da8768,"(-1.0, 0.0, 6.0)",walkIfCan,Bob_0 Root,,,,,,,,,
S_A_L_T_WALK_IF_CAN,247952,3/15/2022 10:40,aca8a746-0f72-4c8d-87a5-70d836da8768,"(2.0, 0.0, 7.0)",walkIfCan,Gary_1 Root,,,,,,,,,
S_A_L_T_WALK_IF_CAN,247952,3/15/2022 10:40,aca8a746-0f72-4c8d-87a5-70d836da8768,"(3.0, 0.0, 4.0)",walkIfCan,Lily_2 Root,,,,,,,,,
S_A_L_T_WALK_IF_CAN,247952,3/15/2022 10:40,aca8a746-0f72-4c8d-87a5-70d836da8768,"(0.0, 0.0, 2.0)",walkIfCan,Gary_3 Root,,,,,,,,,
S_A_L_T_WALK_IF_CAN,247952,3/15/2022 10:40,aca8a746-0f72-4c8d-87a5-70d836da8768,"(1.4, 0.0, 6.0)",walkIfCan,Lily_4 Root,,,,,,,,,
S_A_L_T_WALK_IF_CAN,247952,3/15/2022 10:40,aca8a746-0f72-4c8d-87a5-70d836da8768,"(2.6, 0.0, 2.0)",walkIfCan,Mike_5 Root,,,,,,,,,
S_A_L_T_WALK_IF_CAN,247952,3/15/2022 10:40,aca8a746-0f72-4c8d-87a5-70d836da8768,"(-1.0, 0.0, 3.2)",walkIfCan,Gloria_6 Root,,,,,,,,,
S_A_L_T_WALK_IF_CAN,247952,3/15/2022 10:40,aca8a746-0f72-4c8d-87a5-70d836da8768,"(1.4, 0.0, 4.0)",walkIfCan,Mike_7 Root,,,,,,,,,
S_A_L_T_WALK_IF_CAN,247952,3/15/2022 10:40,aca8a746-0f72-4c8d-87a5-70d836da8768,"(4.0, 0.0, 6.0)",walkIfCan,Gloria_8 Root,,,,,,,,,
S_A_L_T_WALKED,247952,3/15/2022 10:40,aca8a746-0f72-4c8d-87a5-70d836da8768,"(4.0, 0.0, 6.0)",walked,Gloria_8 Root,,,,,,,,,
S_A_L_T_WALK_IF_CAN,247952,3/15/2022 10:40,aca8a746-0f72-4c8d-87a5-70d836da8768,"(2.6, 0.0, 8.0)",walkIfCan,Bob_9 Root,,,,,,,,,
S_A_L_T_WALKED,247952,3/15/2022 10:40,aca8a746-0f72-4c8d-87a5-70d836da8768,"(2.6, 0.0, 8.0)",walked,Bob_9 Root,,,,,,,,,
S_A_L_T_WALK_IF_CAN,247953,3/15/2022 10:40,aca8a746-0f72-4c8d-87a5-70d836da8768,"(3.9, 0.0, 8.0)",walkIfCan,Helga_10 Root,,,,,,,,,
S_A_L_T_WALKED,247953,3/15/2022 10:40,aca8a746-0f72-4c8d-87a5-70d836da8768,"(3.9, 0.0, 8.0)",walked,Helga_10 Root,,,,,,,,,
VOICE_CAPTURE,259109,3/15/2022 10:41,aca8a746-0f72-4c8d-87a5-70d836da8768,OK if you can wave can you please wait for me or move your leg,NA,,,,,,,,,,
VOICE_COMMAND,259109,3/15/2022 10:41,aca8a746-0f72-4c8d-87a5-70d836da8768,wave if you can,OK if you can wave can you please wait for me or move your leg,,,,,,,,,,
VOICE_COMMAND,259109,3/15/2022 10:41,aca8a746-0f72-4c8d-87a5-70d836da8768,reveal injury,OK if you can wave can you please wait for me or move your leg,,,,,,,,,,
TELEPORT,261334,3/15/2022 10:41,aca8a746-0f72-4c8d-87a5-70d836da8768,"(4.2, 0.0, -4.9)",,,,,,,,,,,
TELEPORT,264523,3/15/2022 10:41,aca8a746-0f72-4c8d-87a5-70d836da8768,"(3.8, 0.0, -0.5)",,,,,,,,,,,
VOICE_CAPTURE,264883,3/15/2022 10:41,aca8a746-0f72-4c8d-87a5-70d836da8768,wave,NA,,,,,,,,,,
VOICE_COMMAND,264883,3/15/2022 10:41,aca8a746-0f72-4c8d-87a5-70d836da8768,wave if you can,wave,,,,,,,,,,
S_A_L_T_WAVE_IF_CAN,264884,3/15/2022 10:41,aca8a746-0f72-4c8d-87a5-70d836da8768,"(-1.0, 0.0, 6.0)",waveIfCan,Bob_0 Root,,,,,,,,,
S_A_L_T_WAVE_IF_CAN,264885,3/15/2022 10:41,aca8a746-0f72-4c8d-87a5-70d836da8768,"(2.0, 0.0, 7.0)",waveIfCan,Gary_1 Root,,,,,,,,,
S_A_L_T_WAVE_IF_CAN,264885,3/15/2022 10:41,aca8a746-0f72-4c8d-87a5-70d836da8768,"(3.0, 0.0, 4.0)",waveIfCan,Lily_2 Root,,,,,,,,,
S_A_L_T_WAVED,264885,3/15/2022 10:41,aca8a746-0f72-4c8d-87a5-70d836da8768,"(3.0, 0.0, 4.0)",waved,Lily_2 Root,,,,,,,,,
S_A_L_T_WAVE_IF_CAN,264885,3/15/2022 10:41,aca8a746-0f72-4c8d-87a5-70d836da8768,"(0.0, 0.0, 2.0)",waveIfCan,Gary_3 Root,,,,,,,,,
S_A_L_T_WAVE_IF_CAN,264885,3/15/2022 10:41,aca8a746-0f72-4c8d-87a5-70d836da8768,"(1.4, 0.0, 6.0)",waveIfCan,Lily_4 Root,,,,,,,,,
S_A_L_T_WAVED,264885,3/15/2022 10:41,aca8a746-0f72-4c8d-87a5-70d836da8768,"(1.4, 0.0, 6.0)",waved,Lily_4 Root,,,,,,,,,
S_A_L_T_WAVE_IF_CAN,264885,3/15/2022 10:41,aca8a746-0f72-4c8d-87a5-70d836da8768,"(2.6, 0.0, 2.0)",waveIfCan,Mike_5 Root,,,,,,,,,
S_A_L_T_WAVED,264885,3/15/2022 10:41,aca8a746-0f72-4c8d-87a5-70d836da8768,"(2.6, 0.0, 2.0)",waved,Mike_5 Root,,,,,,,,,
S_A_L_T_WAVE_IF_CAN,264885,3/15/2022 10:41,aca8a746-0f72-4c8d-87a5-70d836da8768,"(-1.0, 0.0, 3.2)",waveIfCan,Gloria_6 Root,,,,,,,,,
S_A_L_T_WAVED,264885,3/15/2022 10:41,aca8a746-0f72-4c8d-87a5-70d836da8768,"(-1.0, 0.0, 3.2)",waved,Gloria_6 Root,,,,,,,,,
S_A_L_T_WAVE_IF_CAN,264885,3/15/2022 10:41,aca8a746-0f72-4c8d-87a5-70d836da8768,"(1.4, 0.0, 4.0)",waveIfCan,Mike_7 Root,,,,,,,,,
S_A_L_T_WAVED,264885,3/15/2022 10:41,aca8a746-0f72-4c8d-87a5-70d836da8768,"(1.4, 0.0, 4.0)",waved,Mike_7 Root,,,,,,,,,
S_A_L_T_WAVE_IF_CAN,264885,3/15/2022 10:41,aca8a746-0f72-4c8d-87a5-70d836da8768,"(2.8, 0.0, -3.7)",waveIfCan,Gloria_8 Root,,,,,,,,,
S_A_L_T_WAVED,264885,3/15/2022 10:41,aca8a746-0f72-4c8d-87a5-70d836da8768,"(2.8, 0.0, -3.7)",waved,Gloria_8 Root,,,,,,,,,
S_A_L_T_WAVE_IF_CAN,264886,3/15/2022 10:41,aca8a746-0f72-4c8d-87a5-70d836da8768,"(4.8, 0.0, -1.1)",waveIfCan,Bob_9 Root,,,,,,,,,
S_A_L_T_WAVED,264886,3/15/2022 10:41,aca8a746-0f72-4c8d-87a5-70d836da8768,"(4.8, 0.0, -1.1)",waved,Bob_9 Root,,,,,,,,,
S_A_L_T_WAVE_IF_CAN,264886,3/15/2022 10:41,aca8a746-0f72-4c8d-87a5-70d836da8768,"(3.3, 0.0, -2.5)",waveIfCan,Helga_10 Root,,,,,,,,,
S_A_L_T_WAVED,264886,3/15/2022 10:41,aca8a746-0f72-4c8d-87a5-70d836da8768,"(3.3, 0.0, -2.5)",waved,Helga_10 Root,,,,,,,,,
TELEPORT,264913,3/15/2022 10:41,aca8a746-0f72-4c8d-87a5-70d836da8768,"(3.8, 0.0, -0.4)",,,,,,,,,,,
S_A_L_T_WALK_IF_CAN,264914,3/15/2022 10:41,aca8a746-0f72-4c8d-87a5-70d836da8768,"(2.8, 0.0, -3.7)",walkIfCan,Gloria_8 Root,,,,,,,,,
S_A_L_T_WALKED,264914,3/15/2022 10:41,aca8a746-0f72-4c8d-87a5-70d836da8768,"(2.8, 0.0, -3.7)",walked,Gloria_8 Root,,,,,,,,,
S_A_L_T_WALK_IF_CAN,264914,3/15/2022 10:41,aca8a746-0f72-4c8d-87a5-70d836da8768,"(3.3, 0.0, -2.5)",walkIfCan,Helga_10 Root,,,,,,,,,
S_A_L_T_WALKED,264914,3/15/2022 10:41,aca8a746-0f72-4c8d-87a5-70d836da8768,"(3.3, 0.0, -2.5)",walked,Helga_10 Root,,,,,,,,,
TELEPORT,265440,3/15/2022 10:41,aca8a746-0f72-4c8d-87a5-70d836da8768,"(3.6, 0.0, -0.3)",,,,,,,,,,,
TELEPORT,266647,3/15/2022 10:41,aca8a746-0f72-4c8d-87a5-70d836da8768,"(3.4, 0.0, -0.1)",,,,,,,,,,,
TELEPORT,267730,3/15/2022 10:41,aca8a746-0f72-4c8d-87a5-70d836da8768,"(3.5, 0.0, 0.1)",,,,,,,,,,,
TELEPORT,268421,3/15/2022 10:41,aca8a746-0f72-4c8d-87a5-70d836da8768,"(3.5, 0.0, 0.2)",,,,,,,,,,,
PATIENT_ENGAGED,269867,3/15/2022 10:41,aca8a746-0f72-4c8d-87a5-70d836da8768,63.87083,Infinity,Mike_5 Root,"(2.6, 0.0, 2.0)","(0.0, 1.0, 0.0, 0.0)",IMMEDIATE,waver,fast,normal,normal,calm,fetal
BAG_ACCESS,274918,3/15/2022 10:41,aca8a746-0f72-4c8d-87a5-70d836da8768,"(3.4, 0.4, 1.4)",,,,,,,,,,,
TOOL_HOVER,275971,3/15/2022 10:41,aca8a746-0f72-4c8d-87a5-70d836da8768,Gauze,999,,,,,,,,,,
TOOL_HOVER,276002,3/15/2022 10:41,aca8a746-0f72-4c8d-87a5-70d836da8768,Gauze,999,,,,,,,,,,
TOOL_HOVER,276029,3/15/2022 10:41,aca8a746-0f72-4c8d-87a5-70d836da8768,Gauze,999,,,,,,,,,,
TOOL_HOVER,276058,3/15/2022 10:41,aca8a746-0f72-4c8d-87a5-70d836da8768,Gauze,999,,,,,,,,,,
TOOL_HOVER,276086,3/15/2022 10:41,aca8a746-0f72-4c8d-87a5-70d836da8768,Gauze,999,,,,,,,,,,
TOOL_HOVER,276114,3/15/2022 10:41,aca8a746-0f72-4c8d-87a5-70d836da8768,Gauze,999,,,,,,,,,,
TOOL_HOVER,276142,3/15/2022 10:41,aca8a746-0f72-4c8d-87a5-70d836da8768,Gauze,999,,,,,,,,,,
TOOL_HOVER,276172,3/15/2022 10:41,aca8a746-0f72-4c8d-87a5-70d836da8768,Gauze,999,,,,,,,,,,
TOOL_HOVER,276198,3/15/2022 10:41,aca8a746-0f72-4c8d-87a5-70d836da8768,Gauze,999,,,,,,,,,,
TOOL_HOVER,276226,3/15/2022 10:41,aca8a746-0f72-4c8d-87a5-70d836da8768,Gauze,999,,,,,,,,,,
VOICE_CAPTURE,276410,3/15/2022 10:41,aca8a746-0f72-4c8d-87a5-70d836da8768,what's going on,NA,,,,,,,,,,
TOOL_HOVER,276676,3/15/2022 10:41,aca8a746-0f72-4c8d-87a5-70d836da8768,Tourniquet,997,,,,,,,,,,
TOOL_HOVER,276707,3/15/2022 10:41,aca8a746-0f72-4c8d-87a5-70d836da8768,Tourniquet,997,,,,,,,,,,
TOOL_HOVER,276739,3/15/2022 10:41,aca8a746-0f72-4c8d-87a5-70d836da8768,Tourniquet,997,,,,,,,,,,
TOOL_HOVER,276770,3/15/2022 10:41,aca8a746-0f72-4c8d-87a5-70d836da8768,Tourniquet,997,,,,,,,,,,
TOOL_HOVER,276798,3/15/2022 10:41,aca8a746-0f72-4c8d-87a5-70d836da8768,Tourniquet,997,,,,,,,,,,
TOOL_HOVER,276825,3/15/2022 10:41,aca8a746-0f72-4c8d-87a5-70d836da8768,Tourniquet,997,,,,,,,,,,
TOOL_HOVER,276858,3/15/2022 10:41,aca8a746-0f72-4c8d-87a5-70d836da8768,Tourniquet,997,,,,,,,,,,
TOOL_HOVER,276890,3/15/2022 10:41,aca8a746-0f72-4c8d-87a5-70d836da8768,Tourniquet,997,,,,,,,,,,
TOOL_HOVER,276921,3/15/2022 10:41,aca8a746-0f72-4c8d-87a5-70d836da8768,Tourniquet,997,,,,,,,,,,
TOOL_HOVER,276954,3/15/2022 10:41,aca8a746-0f72-4c8d-87a5-70d836da8768,Tourniquet,997,,,,,,,,,,
TOOL_HOVER,276987,3/15/2022 10:41,aca8a746-0f72-4c8d-87a5-70d836da8768,Tourniquet,997,,,,,,,,,,
TOOL_HOVER,277020,3/15/2022 10:41,aca8a746-0f72-4c8d-87a5-70d836da8768,Tourniquet,997,,,,,,,,,,
TOOL_SELECTED,277022,3/15/2022 10:41,aca8a746-0f72-4c8d-87a5-70d836da8768,Tourniquet,996,,,,,,,,,,
INJURY_TREATED,279783,3/15/2022 10:41,aca8a746-0f72-4c8d-87a5-70d836da8768,R Thigh Laceration,Mike_5 Root,gauzePressure,medium,rightLeg,FALSE,TRUE,"(2.9, 0.3, 1.9)",,,,
TOOL_APPLIED,279784,3/15/2022 10:41,aca8a746-0f72-4c8d-87a5-70d836da8768,Mike_5 Root,Tourniquet,RightUpLeg (UnityEngine.GameObject),tor_ring (1) (UnityEngine.GameObject),tourniquet(Clone) (UnityEngine.GameObject),AppliedTourniquet,,,,,,
VOICE_CAPTURE,285215,3/15/2022 10:41,aca8a746-0f72-4c8d-87a5-70d836da8768,can you tell me your name,NA,,,,,,,,,,
VOICE_COMMAND,285215,3/15/2022 10:41,aca8a746-0f72-4c8d-87a5-70d836da8768,what is your name,can you tell me your name,,,,,,,,,,
VOICE_CAPTURE,290778,3/15/2022 10:41,aca8a746-0f72-4c8d-87a5-70d836da8768,OK,NA,,,,,,,,,,
TOOL_HOVER,290958,3/15/2022 10:41,aca8a746-0f72-4c8d-87a5-70d836da8768,Hemostatic Gauze,999,,,,,,,,,,
TOOL_HOVER,290980,3/15/2022 10:41,aca8a746-0f72-4c8d-87a5-70d836da8768,Hemostatic Gauze,999,,,,,,,,,,
TOOL_HOVER,291004,3/15/2022 10:41,aca8a746-0f72-4c8d-87a5-70d836da8768,Hemostatic Gauze,999,,,,,,,,,,
TOOL_HOVER,291025,3/15/2022 10:41,aca8a746-0f72-4c8d-87a5-70d836da8768,Hemostatic Gauze,999,,,,,,,,,,
TOOL_HOVER,291049,3/15/2022 10:41,aca8a746-0f72-4c8d-87a5-70d836da8768,Hemostatic Gauze,999,,,,,,,,,,
TOOL_HOVER,291071,3/15/2022 10:41,aca8a746-0f72-4c8d-87a5-70d836da8768,Hemostatic Gauze,999,,,,,,,,,,
TOOL_HOVER,291093,3/15/2022 10:41,aca8a746-0f72-4c8d-87a5-70d836da8768,Hemostatic Gauze,999,,,,,,,,,,
TOOL_HOVER,291115,3/15/2022 10:41,aca8a746-0f72-4c8d-87a5-70d836da8768,Hemostatic Gauze,999,,,,,,,,,,
TOOL_HOVER,291137,3/15/2022 10:41,aca8a746-0f72-4c8d-87a5-70d836da8768,Hemostatic Gauze,999,,,,,,,,,,
TOOL_HOVER,291158,3/15/2022 10:41,aca8a746-0f72-4c8d-87a5-70d836da8768,Hemostatic Gauze,999,,,,,,,,,,
TOOL_HOVER,291182,3/15/2022 10:41,aca8a746-0f72-4c8d-87a5-70d836da8768,Hemostatic Gauze,999,,,,,,,,,,
TOOL_HOVER,291203,3/15/2022 10:41,aca8a746-0f72-4c8d-87a5-70d836da8768,Hemostatic Gauze,999,,,,,,,,,,
TOOL_HOVER,291224,3/15/2022 10:41,aca8a746-0f72-4c8d-87a5-70d836da8768,Hemostatic Gauze,999,,,,,,,,,,
TOOL_HOVER,291247,3/15/2022 10:41,aca8a746-0f72-4c8d-87a5-70d836da8768,Hemostatic Gauze,999,,,,,,,,,,
TOOL_SELECTED,291248,3/15/2022 10:41,aca8a746-0f72-4c8d-87a5-70d836da8768,Hemostatic Gauze,998,,,,,,,,,,
TOOL_DISCARDED,293884,3/15/2022 10:41,aca8a746-0f72-4c8d-87a5-70d836da8768,Hemostatic Gauze,998,"(3.0, 0.3, 2.2)",,,,,,,,,
INJURY_TREATED,293885,3/15/2022 10:41,aca8a746-0f72-4c8d-87a5-70d836da8768,R Side Puncture,Mike_5 Root,woundpack,medium,abdomen,TRUE,FALSE,"(3.0, 0.3, 2.2)",,,,
TOOL_APPLIED,293885,3/15/2022 10:41,aca8a746-0f72-4c8d-87a5-70d836da8768,Mike_5 Root,Gauze_Pack,skinCollider_BodyCollideLOD (UnityEngine.GameObject),null,null,AppliedPackingGauze,,,,,,
TOOL_HOVER,297063,3/15/2022 10:41,aca8a746-0f72-4c8d-87a5-70d836da8768,Gauze,999,,,,,,,,,,
TOOL_SELECTED,297064,3/15/2022 10:41,aca8a746-0f72-4c8d-87a5-70d836da8768,Gauze,998,,,,,,,,,,
TOOL_DISCARDED,298443,3/15/2022 10:41,aca8a746-0f72-4c8d-87a5-70d836da8768,Gauze,998,"(2.9, 0.3, 1.9)",,,,,,,,,
INJURY_TREATED,298443,3/15/2022 10:41,aca8a746-0f72-4c8d-87a5-70d836da8768,R Thigh Laceration,Mike_5 Root,gauzePressure,medium,rightLeg,TRUE,TRUE,"(2.9, 0.3, 1.9)",,,,
TOOL_APPLIED,298444,3/15/2022 10:41,aca8a746-0f72-4c8d-87a5-70d836da8768,Mike_5 Root,Gauze_Dressing,skinCollider_BodyCollideLOD (UnityEngine.GameObject),null,null,AppliedDressingGauze,,,,,,
TOOL_HOVER,299967,3/15/2022 10:41,aca8a746-0f72-4c8d-87a5-70d836da8768,Gauze,999,,,,,,,,,,
TOOL_HOVER,299993,3/15/2022 10:41,aca8a746-0f72-4c8d-87a5-70d836da8768,Gauze,999,,,,,,,,,,
TOOL_SELECTED,299994,3/15/2022 10:41,aca8a746-0f72-4c8d-87a5-70d836da8768,Gauze,998,,,,,,,,,,
TOOL_DISCARDED,301501,3/15/2022 10:41,aca8a746-0f72-4c8d-87a5-70d836da8768,Gauze,998,"(3.0, 0.3, 2.2)",,,,,,,,,
INJURY_TREATED,301502,3/15/2022 10:41,aca8a746-0f72-4c8d-87a5-70d836da8768,R Side Puncture,Mike_5 Root,woundpack,medium,abdomen,TRUE,TRUE,"(3.0, 0.3, 2.2)",,,,
TOOL_APPLIED,301503,3/15/2022 10:41,aca8a746-0f72-4c8d-87a5-70d836da8768,Mike_5 Root,Gauze_Dressing,skinCollider_BodyCollideLOD (UnityEngine.GameObject),null,null,AppliedDressingGauze,,,,,,
TAG_SELECTED,311363,3/15/2022 10:41,aca8a746-0f72-4c8d-87a5-70d836da8768,red,,,,,,,,,,,
TAG_APPLIED,313767,3/15/2022 10:41,aca8a746-0f72-4c8d-87a5-70d836da8768,Mike_5 Root,red,,,,,,,,,,
BAG_CLOSED,316180,3/15/2022 10:41,aca8a746-0f72-4c8d-87a5-70d836da8768,"(3.4, 0.4, 1.4)",,,,,,,,,,,
TELEPORT,316180,3/15/2022 10:41,aca8a746-0f72-4c8d-87a5-70d836da8768,"(3.5, 0.0, 0.3)",,,,,,,,,,,
PATIENT_ENGAGED,319612,3/15/2022 10:42,aca8a746-0f72-4c8d-87a5-70d836da8768,100,Infinity,Lily_2 Root,"(3.0, 0.0, 4.0)","(0.0, 1.0, 0.0, 0.0)",IMMEDIATE,waver,fast,fast,normal,calm,fetal
VOICE_CAPTURE,323635,3/15/2022 10:42,aca8a746-0f72-4c8d-87a5-70d836da8768,can you tell me your name,NA,,,,,,,,,,
VOICE_COMMAND,323635,3/15/2022 10:42,aca8a746-0f72-4c8d-87a5-70d836da8768,what is your name,can you tell me your name,,,,,,,,,,
BAG_ACCESS,324873,3/15/2022 10:42,aca8a746-0f72-4c8d-87a5-70d836da8768,"(3.8, 0.4, 3.8)",,,,,,,,,,,
TOOL_HOVER,325848,3/15/2022 10:42,aca8a746-0f72-4c8d-87a5-70d836da8768,Gauze,999,,,,,,,,,,
TOOL_HOVER,325874,3/15/2022 10:42,aca8a746-0f72-4c8d-87a5-70d836da8768,Gauze,999,,,,,,,,,,
TOOL_HOVER,325900,3/15/2022 10:42,aca8a746-0f72-4c8d-87a5-70d836da8768,Gauze,999,,,,,,,,,,
TOOL_HOVER,325926,3/15/2022 10:42,aca8a746-0f72-4c8d-87a5-70d836da8768,Gauze,999,,,,,,,,,,
TOOL_HOVER,325953,3/15/2022 10:42,aca8a746-0f72-4c8d-87a5-70d836da8768,Gauze,999,,,,,,,,,,
TOOL_HOVER,325975,3/15/2022 10:42,aca8a746-0f72-4c8d-87a5-70d836da8768,Gauze,999,,,,,,,,,,
TOOL_HOVER,325999,3/15/2022 10:42,aca8a746-0f72-4c8d-87a5-70d836da8768,Gauze,999,,,,,,,,,,
TOOL_HOVER,326022,3/15/2022 10:42,aca8a746-0f72-4c8d-87a5-70d836da8768,Gauze,999,,,,,,,,,,
TOOL_HOVER,326043,3/15/2022 10:42,aca8a746-0f72-4c8d-87a5-70d836da8768,Gauze,999,,,,,,,,,,
TOOL_HOVER,326064,3/15/2022 10:42,aca8a746-0f72-4c8d-87a5-70d836da8768,Gauze,999,,,,,,,,,,
TOOL_HOVER,326086,3/15/2022 10:42,aca8a746-0f72-4c8d-87a5-70d836da8768,Gauze,999,,,,,,,,,,
TOOL_HOVER,326107,3/15/2022 10:42,aca8a746-0f72-4c8d-87a5-70d836da8768,Gauze,999,,,,,,,,,,
TOOL_HOVER,326128,3/15/2022 10:42,aca8a746-0f72-4c8d-87a5-70d836da8768,Gauze,999,,,,,,,,,,
TOOL_HOVER,326150,3/15/2022 10:42,aca8a746-0f72-4c8d-87a5-70d836da8768,Tourniquet,996,,,,,,,,,,
TOOL_HOVER,326173,3/15/2022 10:42,aca8a746-0f72-4c8d-87a5-70d836da8768,Tourniquet,996,,,,,,,,,,
TOOL_HOVER,326196,3/15/2022 10:42,aca8a746-0f72-4c8d-87a5-70d836da8768,Tourniquet,996,,,,,,,,,,
TOOL_HOVER,326220,3/15/2022 10:42,aca8a746-0f72-4c8d-87a5-70d836da8768,Tourniquet,996,,,,,,,,,,
TOOL_HOVER,326244,3/15/2022 10:42,aca8a746-0f72-4c8d-87a5-70d836da8768,Tourniquet,996,,,,,,,,,,
TOOL_HOVER,326269,3/15/2022 10:42,aca8a746-0f72-4c8d-87a5-70d836da8768,Tourniquet,996,,,,,,,,,,
TOOL_HOVER,326294,3/15/2022 10:42,aca8a746-0f72-4c8d-87a5-70d836da8768,Tourniquet,996,,,,,,,,,,
TOOL_HOVER,326319,3/15/2022 10:42,aca8a746-0f72-4c8d-87a5-70d836da8768,Tourniquet,996,,,,,,,,,,
TOOL_HOVER,326342,3/15/2022 10:42,aca8a746-0f72-4c8d-87a5-70d836da8768,Tourniquet,996,,,,,,,,,,
TOOL_HOVER,326368,3/15/2022 10:42,aca8a746-0f72-4c8d-87a5-70d836da8768,Tourniquet,996,,,,,,,,,,
TOOL_HOVER,326392,3/15/2022 10:42,aca8a746-0f72-4c8d-87a5-70d836da8768,Tourniquet,996,,,,,,,,,,
TOOL_HOVER,326418,3/15/2022 10:42,aca8a746-0f72-4c8d-87a5-70d836da8768,Tourniquet,996,,,,,,,,,,
TOOL_HOVER,326443,3/15/2022 10:42,aca8a746-0f72-4c8d-87a5-70d836da8768,Tourniquet,996,,,,,,,,,,
TOOL_HOVER,326469,3/15/2022 10:42,aca8a746-0f72-4c8d-87a5-70d836da8768,Tourniquet,996,,,,,,,,,,
TOOL_HOVER,326494,3/15/2022 10:42,aca8a746-0f72-4c8d-87a5-70d836da8768,Tourniquet,996,,,,,,,,,,
TOOL_HOVER,326521,3/15/2022 10:42,aca8a746-0f72-4c8d-87a5-70d836da8768,Tourniquet,996,,,,,,,,,,
TOOL_SELECTED,326523,3/15/2022 10:42,aca8a746-0f72-4c8d-87a5-70d836da8768,Tourniquet,995,,,,,,,,,,
INJURY_TREATED,328363,3/15/2022 10:42,aca8a746-0f72-4c8d-87a5-70d836da8768,R Shin Amputation,Lily_2 Root,tourniquet,high,rightLeg,TRUE,FALSE,"(3.3, 0.1, 3.8)",,,,
TOOL_APPLIED,328363,3/15/2022 10:42,aca8a746-0f72-4c8d-87a5-70d836da8768,Lily_2 Root,Tourniquet,RightUpLeg (UnityEngine.GameObject),tor_ring (1) (UnityEngine.GameObject),tourniquet(Clone) (UnityEngine.GameObject),AppliedTourniquet,,,,,,
TOOL_HOVER,334163,3/15/2022 10:42,aca8a746-0f72-4c8d-87a5-70d836da8768,Gauze,999,,,,,,,,,,
TOOL_HOVER,334189,3/15/2022 10:42,aca8a746-0f72-4c8d-87a5-70d836da8768,Gauze,999,,,,,,,,,,
TOOL_HOVER,334214,3/15/2022 10:42,aca8a746-0f72-4c8d-87a5-70d836da8768,Gauze,999,,,,,,,,,,
TOOL_HOVER,334240,3/15/2022 10:42,aca8a746-0f72-4c8d-87a5-70d836da8768,Gauze,999,,,,,,,,,,
TOOL_HOVER,334267,3/15/2022 10:42,aca8a746-0f72-4c8d-87a5-70d836da8768,Gauze,999,,,,,,,,,,
TOOL_HOVER,334292,3/15/2022 10:42,aca8a746-0f72-4c8d-87a5-70d836da8768,Gauze,999,,,,,,,,,,
TOOL_HOVER,334318,3/15/2022 10:42,aca8a746-0f72-4c8d-87a5-70d836da8768,Gauze,999,,,,,,,,,,
TOOL_HOVER,334342,3/15/2022 10:42,aca8a746-0f72-4c8d-87a5-70d836da8768,Gauze,999,,,,,,,,,,
TOOL_HOVER,334369,3/15/2022 10:42,aca8a746-0f72-4c8d-87a5-70d836da8768,Gauze,999,,,,,,,,,,
TOOL_HOVER,334393,3/15/2022 10:42,aca8a746-0f72-4c8d-87a5-70d836da8768,Gauze,999,,,,,,,,,,
TOOL_HOVER,334418,3/15/2022 10:42,aca8a746-0f72-4c8d-87a5-70d836da8768,Gauze,999,,,,,,,,,,
TOOL_HOVER,334442,3/15/2022 10:42,aca8a746-0f72-4c8d-87a5-70d836da8768,Gauze,999,,,,,,,,,,
TOOL_SELECTED,334443,3/15/2022 10:42,aca8a746-0f72-4c8d-87a5-70d836da8768,Gauze,998,,,,,,,,,,
VOICE_CAPTURE,334466,3/15/2022 10:42,aca8a746-0f72-4c8d-87a5-70d836da8768,does anything else hurt,NA,,,,,,,,,,
VOICE_COMMAND,334466,3/15/2022 10:42,aca8a746-0f72-4c8d-87a5-70d836da8768,are you hurt,does anything else hurt,,,,,,,,,,
TOOL_DISCARDED,335586,3/15/2022 10:42,aca8a746-0f72-4c8d-87a5-70d836da8768,Gauze,998,"(3.4, 0.1, 3.8)",,,,,,,,,
TOOL_APPLIED,335586,3/15/2022 10:42,aca8a746-0f72-4c8d-87a5-70d836da8768,Lily_2 Root,Gauze_Dressing,skinCollider_BodyLOD (UnityEngine.GameObject),null,null,AppliedDressingGauze,,,,,,
VOICE_CAPTURE,340743,3/15/2022 10:42,aca8a746-0f72-4c8d-87a5-70d836da8768,are you hurt,NA,,,,,,,,,,
VOICE_COMMAND,340743,3/15/2022 10:42,aca8a746-0f72-4c8d-87a5-70d836da8768,are you hurt,are you hurt,,,,,,,,,,
TAG_SELECTED,344339,3/15/2022 10:42,aca8a746-0f72-4c8d-87a5-70d836da8768,yellow,,,,,,,,,,,
TAG_APPLIED,345922,3/15/2022 10:42,aca8a746-0f72-4c8d-87a5-70d836da8768,Lily_2 Root,yellow,,,,,,,,,,
BAG_CLOSED,351525,3/15/2022 10:42,aca8a746-0f72-4c8d-87a5-70d836da8768,"(3.8, 0.4, 3.8)",,,,,,,,,,,
TELEPORT,353574,3/15/2022 10:42,aca8a746-0f72-4c8d-87a5-70d836da8768,"(3.9, 0.0, 2.8)",,,,,,,,,,,
PATIENT_ENGAGED,359333,3/15/2022 10:42,aca8a746-0f72-4c8d-87a5-70d836da8768,100,0,Gary_3 Root,"(0.0, 0.0, 2.0)","(0.0, 0.0, 0.0, 1.0)",IMMEDIATE,still,faint,collapsedRight,normal,unresponsive,supine
VOICE_CAPTURE,362896,3/15/2022 10:42,aca8a746-0f72-4c8d-87a5-70d836da8768,can you tell me your name,NA,,,,,,,,,,
VOICE_COMMAND,362896,3/15/2022 10:42,aca8a746-0f72-4c8d-87a5-70d836da8768,what is your name,can you tell me your name,,,,,,,,,,
BAG_ACCESS,363592,3/15/2022 10:42,aca8a746-0f72-4c8d-87a5-70d836da8768,"(0.8, 0.4, 1.8)",,,,,,,,,,,
PULSE_TAKEN,368732,3/15/2022 10:42,aca8a746-0f72-4c8d-87a5-70d836da8768,pulse_faint,Gary_3 Root,,,,,,,,,,
PULSE_TAKEN,370959,3/15/2022 10:42,aca8a746-0f72-4c8d-87a5-70d836da8768,pulse_faint,Gary_3 Root,,,,,,,,,,
PULSE_TAKEN,379824,3/15/2022 10:43,aca8a746-0f72-4c8d-87a5-70d836da8768,pulse_faint,Gary_3 Root,,,,,,,,,,
PULSE_TAKEN,380716,3/15/2022 10:43,aca8a746-0f72-4c8d-87a5-70d836da8768,pulse_faint,Gary_3 Root,,,,,,,,,,
VOICE_CAPTURE,383211,3/15/2022 10:43,aca8a746-0f72-4c8d-87a5-70d836da8768,my friend can you tell me your name,NA,,,,,,,,,,
VOICE_COMMAND,383211,3/15/2022 10:43,aca8a746-0f72-4c8d-87a5-70d836da8768,what is your name,my friend can you tell me your name,,,,,,,,,,
TAG_SELECTED,385019,3/15/2022 10:43,aca8a746-0f72-4c8d-87a5-70d836da8768,gray,,,,,,,,,,,
TAG_APPLIED,386442,3/15/2022 10:43,aca8a746-0f72-4c8d-87a5-70d836da8768,Gary_3 Root,gray,,,,,,,,,,
PULSE_TAKEN,386464,3/15/2022 10:43,aca8a746-0f72-4c8d-87a5-70d836da8768,pulse_faint,Gary_3 Root,,,,,,,,,,
VOICE_CAPTURE,387131,3/15/2022 10:43,aca8a746-0f72-4c8d-87a5-70d836da8768,sheesh,NA,,,,,,,,,,
BAG_CLOSED,389861,3/15/2022 10:43,aca8a746-0f72-4c8d-87a5-70d836da8768,"(0.8, 0.4, 1.8)",,,,,,,,,,,
TELEPORT,389861,3/15/2022 10:43,aca8a746-0f72-4c8d-87a5-70d836da8768,"(1.7, 0.0, 1.8)",,,,,,,,,,,
PULSE_TAKEN,394939,3/15/2022 10:43,aca8a746-0f72-4c8d-87a5-70d836da8768,pulse_none,Bob_0 Root,,,,,,,,,,
PULSE_TAKEN,396722,3/15/2022 10:43,aca8a746-0f72-4c8d-87a5-70d836da8768,pulse_none,Bob_0 Root,,,,,,,,,,
PATIENT_ENGAGED,398503,3/15/2022 10:43,aca8a746-0f72-4c8d-87a5-70d836da8768,100,Infinity,Bob_0 Root,"(-1.0, 0.0, 6.0)","(0.0, 0.7, 0.0, 0.7)",DEAD,still,none,none,none,dead,supine
TOOL_HOVER,399017,3/15/2022 10:43,aca8a746-0f72-4c8d-87a5-70d836da8768,Tourniquet,995,,,,,,,,,,
TOOL_HOVER,399039,3/15/2022 10:43,aca8a746-0f72-4c8d-87a5-70d836da8768,Tourniquet,995,,,,,,,,,,
TOOL_HOVER,399061,3/15/2022 10:43,aca8a746-0f72-4c8d-87a5-70d836da8768,Tourniquet,995,,,,,,,,,,
TOOL_HOVER,399084,3/15/2022 10:43,aca8a746-0f72-4c8d-87a5-70d836da8768,Tourniquet,995,,,,,,,,,,
TOOL_HOVER,399106,3/15/2022 10:43,aca8a746-0f72-4c8d-87a5-70d836da8768,Tourniquet,995,,,,,,,,,,
BAG_ACCESS,400232,3/15/2022 10:43,aca8a746-0f72-4c8d-87a5-70d836da8768,"(-1.1, 0.4, 5.3)",,,,,,,,,,,
TAG_SELECTED,401481,3/15/2022 10:43,aca8a746-0f72-4c8d-87a5-70d836da8768,black,,,,,,,,,,,
BAG_CLOSED,404854,3/15/2022 10:43,aca8a746-0f72-4c8d-87a5-70d836da8768,"(-1.1, 0.4, 5.3)",,,,,,,,,,,
TELEPORT,404854,3/15/2022 10:43,aca8a746-0f72-4c8d-87a5-70d836da8768,"(0.2, 0.0, 4.4)",,,,,,,,,,,
TAG_APPLIED,405290,3/15/2022 10:43,aca8a746-0f72-4c8d-87a5-70d836da8768,Bob_0 Root,black,,,,,,,,,,
PULSE_TAKEN,405311,3/15/2022 10:43,aca8a746-0f72-4c8d-87a5-70d836da8768,pulse_none,Bob_0 Root,,,,,,,,,,
TELEPORT,413434,3/15/2022 10:43,aca8a746-0f72-4c8d-87a5-70d836da8768,"(0.2, 0.0, 4.4)",,,,,,,,,,,
PATIENT_ENGAGED,419309,3/15/2022 10:43,aca8a746-0f72-4c8d-87a5-70d836da8768,100,Infinity,Gary_1 Root,"(2.0, 0.0, 7.0)","(0.0, 1.0, 0.0, 0.0)",EXPECTANT,still,none,restricted,none,unresponsive,supine
VOICE_CAPTURE,424274,3/15/2022 10:43,aca8a746-0f72-4c8d-87a5-70d836da8768,can you tell me your name can you hear me,NA,,,,,,,,,,
VOICE_COMMAND,424274,3/15/2022 10:43,aca8a746-0f72-4c8d-87a5-70d836da8768,what is your name,can you tell me your name can you hear me,,,,,,,,,,
VOICE_COMMAND,424274,3/15/2022 10:43,aca8a746-0f72-4c8d-87a5-70d836da8768,can you hear,can you tell me your name can you hear me,,,,,,,,,,
VOICE_CAPTURE,446617,3/15/2022 10:44,aca8a746-0f72-4c8d-87a5-70d836da8768,i don't know why i can't get my bag out,NA,,,,,,,,,,
BAG_ACCESS,449937,3/15/2022 10:44,aca8a746-0f72-4c8d-87a5-70d836da8768,"(2.1, 0.7, 7.8)",,,,,,,,,,,
TAG_SELECTED,453681,3/15/2022 10:44,aca8a746-0f72-4c8d-87a5-70d836da8768,gray,,,,,,,,,,,
TAG_APPLIED,455418,3/15/2022 10:44,aca8a746-0f72-4c8d-87a5-70d836da8768,Gary_1 Root,gray,,,,,,,,,,
VOICE_CAPTURE,464378,3/15/2022 10:44,aca8a746-0f72-4c8d-87a5-70d836da8768,if you need help,NA,,,,,,,,,,
VOICE_CAPTURE,465404,3/15/2022 10:44,aca8a746-0f72-4c8d-87a5-70d836da8768,wave,NA,,,,,,,,,,
VOICE_COMMAND,465404,3/15/2022 10:44,aca8a746-0f72-4c8d-87a5-70d836da8768,wave if you can,wave,,,,,,,,,,
S_A_L_T_WAVE_IF_CAN,465405,3/15/2022 10:44,aca8a746-0f72-4c8d-87a5-70d836da8768,"(2.8, 0.0, -3.7)",waveIfCan,Gloria_8 Root,,,,,,,,,
S_A_L_T_WAVED,465405,3/15/2022 10:44,aca8a746-0f72-4c8d-87a5-70d836da8768,"(2.8, 0.0, -3.7)",waved,Gloria_8 Root,,,,,,,,,
S_A_L_T_WAVE_IF_CAN,465405,3/15/2022 10:44,aca8a746-0f72-4c8d-87a5-70d836da8768,"(3.3, 0.0, -2.5)",waveIfCan,Helga_10 Root,,,,,,,,,
S_A_L_T_WAVED,465405,3/15/2022 10:44,aca8a746-0f72-4c8d-87a5-70d836da8768,"(3.3, 0.0, -2.5)",waved,Helga_10 Root,,,,,,,,,
BAG_CLOSED,465625,3/15/2022 10:44,aca8a746-0f72-4c8d-87a5-70d836da8768,"(2.1, 0.7, 7.8)",,,,,,,,,,,
TELEPORT,465625,3/15/2022 10:44,aca8a746-0f72-4c8d-87a5-70d836da8768,"(3.4, 0.0, 6.9)",,,,,,,,,,,
TELEPORT,474414,3/15/2022 10:44,aca8a746-0f72-4c8d-87a5-70d836da8768,"(3.0, 0.0, 5.6)",,,,,,,,,,,
TELEPORT,477627,3/15/2022 10:44,aca8a746-0f72-4c8d-87a5-70d836da8768,"(2.1, 0.0, 4.0)",,,,,,,,,,,
TELEPORT,479809,3/15/2022 10:44,aca8a746-0f72-4c8d-87a5-70d836da8768,"(1.3, 0.0, 4.2)",,,,,,,,,,,
TELEPORT,480031,3/15/2022 10:44,aca8a746-0f72-4c8d-87a5-70d836da8768,"(1.3, 0.0, 4.3)",,,,,,,,,,,
VOICE_CAPTURE,480610,3/15/2022 10:44,aca8a746-0f72-4c8d-87a5-70d836da8768,are you hurt,NA,,,,,,,,,,
VOICE_COMMAND,480610,3/15/2022 10:44,aca8a746-0f72-4c8d-87a5-70d836da8768,are you hurt,are you hurt,,,,,,,,,,
PATIENT_ENGAGED,481548,3/15/2022 10:44,aca8a746-0f72-4c8d-87a5-70d836da8768,100,Infinity,Lily_4 Root,"(1.4, 0.0, 6.0)","(0.0, 1.0, 0.0, 0.0)",IMMEDIATE,waver,fast,normal,normal,calm,fetal
PULSE_TAKEN,490099,3/15/2022 10:44,aca8a746-0f72-4c8d-87a5-70d836da8768,pulse_fast,Lily_4 Root,,,,,,,,,,
PULSE_TAKEN,491151,3/15/2022 10:44,aca8a746-0f72-4c8d-87a5-70d836da8768,pulse_fast,Lily_4 Root,,,,,,,,,,
VOICE_CAPTURE,498783,3/15/2022 10:45,aca8a746-0f72-4c8d-87a5-70d836da8768,are you hurt,NA,,,,,,,,,,
VOICE_COMMAND,498783,3/15/2022 10:45,aca8a746-0f72-4c8d-87a5-70d836da8768,are you hurt,are you hurt,,,,,,,,,,
BAG_ACCESS,499656,3/15/2022 10:45,aca8a746-0f72-4c8d-87a5-70d836da8768,"(1.0, 0.7, 5.6)",,,,,,,,,,,
VOICE_CAPTURE,499991,3/15/2022 10:45,aca8a746-0f72-4c8d-87a5-70d836da8768,does it hurt anywhere else besides your stomach,NA,,,,,,,,,,
VOICE_COMMAND,499991,3/15/2022 10:45,aca8a746-0f72-4c8d-87a5-70d836da8768,are you hurt,does it hurt anywhere else besides your stomach,,,,,,,,,,
TOOL_HOVER,502048,3/15/2022 10:45,aca8a746-0f72-4c8d-87a5-70d836da8768,Hemostatic Gauze,999,,,,,,,,,,
TOOL_HOVER,502071,3/15/2022 10:45,aca8a746-0f72-4c8d-87a5-70d836da8768,Hemostatic Gauze,999,,,,,,,,,,
TOOL_HOVER,502094,3/15/2022 10:45,aca8a746-0f72-4c8d-87a5-70d836da8768,Hemostatic Gauze,999,,,,,,,,,,
TOOL_HOVER,502117,3/15/2022 10:45,aca8a746-0f72-4c8d-87a5-70d836da8768,Hemostatic Gauze,999,,,,,,,,,,
TOOL_HOVER,502140,3/15/2022 10:45,aca8a746-0f72-4c8d-87a5-70d836da8768,Hemostatic Gauze,999,,,,,,,,,,
TOOL_HOVER,502164,3/15/2022 10:45,aca8a746-0f72-4c8d-87a5-70d836da8768,Hemostatic Gauze,999,,,,,,,,,,
TOOL_HOVER,502189,3/15/2022 10:45,aca8a746-0f72-4c8d-87a5-70d836da8768,Hemostatic Gauze,999,,,,,,,,,,
TOOL_HOVER,502214,3/15/2022 10:45,aca8a746-0f72-4c8d-87a5-70d836da8768,Hemostatic Gauze,999,,,,,,,,,,
TOOL_HOVER,502240,3/15/2022 10:45,aca8a746-0f72-4c8d-87a5-70d836da8768,Hemostatic Gauze,999,,,,,,,,,,
TOOL_HOVER,502266,3/15/2022 10:45,aca8a746-0f72-4c8d-87a5-70d836da8768,Hemostatic Gauze,999,,,,,,,,,,
TOOL_HOVER,502291,3/15/2022 10:45,aca8a746-0f72-4c8d-87a5-70d836da8768,Hemostatic Gauze,999,,,,,,,,,,
TOOL_HOVER,502317,3/15/2022 10:45,aca8a746-0f72-4c8d-87a5-70d836da8768,Hemostatic Gauze,999,,,,,,,,,,
TOOL_HOVER,502342,3/15/2022 10:45,aca8a746-0f72-4c8d-87a5-70d836da8768,Hemostatic Gauze,999,,,,,,,,,,
TOOL_HOVER,502369,3/15/2022 10:45,aca8a746-0f72-4c8d-87a5-70d836da8768,Hemostatic Gauze,999,,,,,,,,,,
TOOL_HOVER,502393,3/15/2022 10:45,aca8a746-0f72-4c8d-87a5-70d836da8768,Hemostatic Gauze,999,,,,,,,,,,
TOOL_SELECTED,502395,3/15/2022 10:45,aca8a746-0f72-4c8d-87a5-70d836da8768,Hemostatic Gauze,998,,,,,,,,,,
TOOL_DISCARDED,504289,3/15/2022 10:45,aca8a746-0f72-4c8d-87a5-70d836da8768,Hemostatic Gauze,998,"(1.1, 0.3, 6.2)",,,,,,,,,
INJURY_TREATED,504290,3/15/2022 10:45,aca8a746-0f72-4c8d-87a5-70d836da8768,L Side Puncture,Lily_4 Root,woundpack,medium,abdomen,TRUE,FALSE,"(1.1, 0.2, 6.3)",,,,
TOOL_APPLIED,504290,3/15/2022 10:45,aca8a746-0f72-4c8d-87a5-70d836da8768,Lily_4 Root,Gauze_Pack,skinCollider_BodyLOD (UnityEngine.GameObject),null,null,AppliedPackingGauze,,,,,,
TOOL_HOVER,506152,3/15/2022 10:45,aca8a746-0f72-4c8d-87a5-70d836da8768,Gauze,999,,,,,,,,,,
TOOL_HOVER,506173,3/15/2022 10:45,aca8a746-0f72-4c8d-87a5-70d836da8768,Gauze,999,,,,,,,,,,
TOOL_HOVER,506195,3/15/2022 10:45,aca8a746-0f72-4c8d-87a5-70d836da8768,Gauze,999,,,,,,,,,,
TOOL_HOVER,506218,3/15/2022 10:45,aca8a746-0f72-4c8d-87a5-70d836da8768,Gauze,999,,,,,,,,,,
TOOL_HOVER,506239,3/15/2022 10:45,aca8a746-0f72-4c8d-87a5-70d836da8768,Gauze,999,,,,,,,,,,
TOOL_SELECTED,506240,3/15/2022 10:45,aca8a746-0f72-4c8d-87a5-70d836da8768,Gauze,998,,,,,,,,,,
TOOL_DISCARDED,507943,3/15/2022 10:45,aca8a746-0f72-4c8d-87a5-70d836da8768,Gauze,998,"(1.1, 0.3, 6.3)",,,,,,,,,
TOOL_DISCARDED,507943,3/15/2022 10:45,aca8a746-0f72-4c8d-87a5-70d836da8768,Gauze,999,"(1.1, 0.3, 6.3)",,,,,,,,,
TAG_SELECTED,515368,3/15/2022 10:45,aca8a746-0f72-4c8d-87a5-70d836da8768,red,,,,,,,,,,,
TAG_APPLIED,516921,3/15/2022 10:45,aca8a746-0f72-4c8d-87a5-70d836da8768,Lily_4 Root,red,,,,,,,,,,
BAG_CLOSED,522176,3/15/2022 10:45,aca8a746-0f72-4c8d-87a5-70d836da8768,"(1.0, 0.7, 5.6)",,,,,,,,,,,
PATIENT_ENGAGED,522559,3/15/2022 10:45,aca8a746-0f72-4c8d-87a5-70d836da8768,63.87083,Infinity,Mike_7 Root,"(1.4, 0.0, 4.0)","(0.0, 0.1, 0.0, 1.0)",DELAYED,waver,fast,normal,normal,calm,sittingGround
BAG_ACCESS,526320,3/15/2022 10:45,aca8a746-0f72-4c8d-87a5-70d836da8768,"(1.0, 0.5, 4.6)",,,,,,,,,,,
TOOL_HOVER,527159,3/15/2022 10:45,aca8a746-0f72-4c8d-87a5-70d836da8768,Gauze,1000,,,,,,,,,,
TOOL_HOVER,527186,3/15/2022 10:45,aca8a746-0f72-4c8d-87a5-70d836da8768,Gauze,1000,,,,,,,,,,
TOOL_HOVER,527214,3/15/2022 10:45,aca8a746-0f72-4c8d-87a5-70d836da8768,Gauze,1000,,,,,,,,,,
TOOL_HOVER,527243,3/15/2022 10:45,aca8a746-0f72-4c8d-87a5-70d836da8768,Gauze,1000,,,,,,,,,,
TOOL_HOVER,527272,3/15/2022 10:45,aca8a746-0f72-4c8d-87a5-70d836da8768,Gauze,1000,,,,,,,,,,
TOOL_HOVER,527300,3/15/2022 10:45,aca8a746-0f72-4c8d-87a5-70d836da8768,Gauze,1000,,,,,,,,,,
TOOL_HOVER,527329,3/15/2022 10:45,aca8a746-0f72-4c8d-87a5-70d836da8768,Gauze,1000,,,,,,,,,,
TOOL_SELECTED,527330,3/15/2022 10:45,aca8a746-0f72-4c8d-87a5-70d836da8768,Gauze,999,,,,,,,,,,
TOOL_DISCARDED,527924,3/15/2022 10:45,aca8a746-0f72-4c8d-87a5-70d836da8768,Gauze,999,"(1.6, 1.0, 4.2)",,,,,,,,,
TOOL_DISCARDED,527924,3/15/2022 10:45,aca8a746-0f72-4c8d-87a5-70d836da8768,Gauze,1000,"(1.6, 1.0, 4.2)",,,,,,,,,
TOOL_HOVER,527955,3/15/2022 10:45,aca8a746-0f72-4c8d-87a5-70d836da8768,Tourniquet,995,,,,,,,,,,
TOOL_HOVER,527987,3/15/2022 10:45,aca8a746-0f72-4c8d-87a5-70d836da8768,Tourniquet,995,,,,,,,,,,
TOOL_HOVER,528018,3/15/2022 10:45,aca8a746-0f72-4c8d-87a5-70d836da8768,Tourniquet,995,,,,,,,,,,
TOOL_HOVER,528047,3/15/2022 10:45,aca8a746-0f72-4c8d-87a5-70d836da8768,Tourniquet,995,,,,,,,,,,
TOOL_HOVER,528078,3/15/2022 10:45,aca8a746-0f72-4c8d-87a5-70d836da8768,Tourniquet,995,,,,,,,,,,
TOOL_HOVER,528110,3/15/2022 10:45,aca8a746-0f72-4c8d-87a5-70d836da8768,Tourniquet,995,,,,,,,,,,
TOOL_HOVER,528140,3/15/2022 10:45,aca8a746-0f72-4c8d-87a5-70d836da8768,Tourniquet,995,,,,,,,,,,
TOOL_HOVER,528171,3/15/2022 10:45,aca8a746-0f72-4c8d-87a5-70d836da8768,Tourniquet,995,,,,,,,,,,
TOOL_HOVER,528201,3/15/2022 10:45,aca8a746-0f72-4c8d-87a5-70d836da8768,Tourniquet,995,,,,,,,,,,
TOOL_HOVER,528231,3/15/2022 10:45,aca8a746-0f72-4c8d-87a5-70d836da8768,Tourniquet,995,,,,,,,,,,
TOOL_HOVER,528262,3/15/2022 10:45,aca8a746-0f72-4c8d-87a5-70d836da8768,Gauze,1001,,,,,,,,,,
TOOL_HOVER,528292,3/15/2022 10:45,aca8a746-0f72-4c8d-87a5-70d836da8768,Gauze,1001,,,,,,,,,,
TOOL_HOVER,528322,3/15/2022 10:45,aca8a746-0f72-4c8d-87a5-70d836da8768,Gauze,1001,,,,,,,,,,
TOOL_HOVER,528353,3/15/2022 10:45,aca8a746-0f72-4c8d-87a5-70d836da8768,Tourniquet,995,,,,,,,,,,
TOOL_HOVER,528382,3/15/2022 10:45,aca8a746-0f72-4c8d-87a5-70d836da8768,Tourniquet,995,,,,,,,,,,
TOOL_SELECTED,528383,3/15/2022 10:45,aca8a746-0f72-4c8d-87a5-70d836da8768,Tourniquet,994,,,,,,,,,,
INJURY_TREATED,529875,3/15/2022 10:45,aca8a746-0f72-4c8d-87a5-70d836da8768,R Calf Laceration,Mike_7 Root,gauzePressure,low,rightLeg,FALSE,TRUE,"(1.4, 0.2, 4.4)",,,,
TOOL_APPLIED,529875,3/15/2022 10:45,aca8a746-0f72-4c8d-87a5-70d836da8768,Mike_7 Root,Tourniquet,RightUpLeg (UnityEngine.GameObject),tor_ring (1) (UnityEngine.GameObject),tourniquet(Clone) (UnityEngine.GameObject),AppliedTourniquet,,,,,,
TOOL_HOVER,530971,3/15/2022 10:45,aca8a746-0f72-4c8d-87a5-70d836da8768,Gauze,1001,,,,,,,,,,
TOOL_HOVER,530999,3/15/2022 10:45,aca8a746-0f72-4c8d-87a5-70d836da8768,Gauze,1001,,,,,,,,,,
TOOL_HOVER,531028,3/15/2022 10:45,aca8a746-0f72-4c8d-87a5-70d836da8768,Gauze,1001,,,,,,,,,,
TOOL_HOVER,531056,3/15/2022 10:45,aca8a746-0f72-4c8d-87a5-70d836da8768,Gauze,1001,,,,,,,,,,
TOOL_HOVER,531084,3/15/2022 10:45,aca8a746-0f72-4c8d-87a5-70d836da8768,Gauze,1001,,,,,,,,,,
TOOL_HOVER,531112,3/15/2022 10:45,aca8a746-0f72-4c8d-87a5-70d836da8768,Gauze,1001,,,,,,,,,,
TOOL_HOVER,531141,3/15/2022 10:45,aca8a746-0f72-4c8d-87a5-70d836da8768,Gauze,1001,,,,,,,,,,
TOOL_HOVER,531170,3/15/2022 10:45,aca8a746-0f72-4c8d-87a5-70d836da8768,Gauze,1001,,,,,,,,,,
TOOL_HOVER,531197,3/15/2022 10:45,aca8a746-0f72-4c8d-87a5-70d836da8768,Gauze,1001,,,,,,,,,,
TOOL_HOVER,531227,3/15/2022 10:45,aca8a746-0f72-4c8d-87a5-70d836da8768,Gauze,1001,,,,,,,,,,
TOOL_HOVER,531256,3/15/2022 10:45,aca8a746-0f72-4c8d-87a5-70d836da8768,Gauze,1001,,,,,,,,,,
TOOL_HOVER,531285,3/15/2022 10:45,aca8a746-0f72-4c8d-87a5-70d836da8768,Gauze,1001,,,,,,,,,,
TOOL_SELECTED,531286,3/15/2022 10:45,aca8a746-0f72-4c8d-87a5-70d836da8768,Gauze,1000,,,,,,,,,,
TOOL_DISCARDED,533591,3/15/2022 10:45,aca8a746-0f72-4c8d-87a5-70d836da8768,Gauze,1000,"(1.4, 0.1, 4.4)",,,,,,,,,
INJURY_TREATED,533591,3/15/2022 10:45,aca8a746-0f72-4c8d-87a5-70d836da8768,R Calf Laceration,Mike_7 Root,gauzePressure,low,rightLeg,TRUE,TRUE,"(1.4, 0.2, 4.4)",,,,
TOOL_APPLIED,533591,3/15/2022 10:45,aca8a746-0f72-4c8d-87a5-70d836da8768,Mike_7 Root,Gauze_Dressing,skinCollider_BodyCollideLOD (UnityEngine.GameObject),null,null,AppliedDressingGauze,,,,,,
TOOL_HOVER,536259,3/15/2022 10:45,aca8a746-0f72-4c8d-87a5-70d836da8768,Gauze,1001,,,,,,,,,,
TOOL_HOVER,536289,3/15/2022 10:45,aca8a746-0f72-4c8d-87a5-70d836da8768,Gauze,1001,,,,,,,,,,
TOOL_HOVER,536317,3/15/2022 10:45,aca8a746-0f72-4c8d-87a5-70d836da8768,Gauze,1001,,,,,,,,,,
TOOL_HOVER,536347,3/15/2022 10:45,aca8a746-0f72-4c8d-87a5-70d836da8768,Gauze,1001,,,,,,,,,,
TOOL_HOVER,536376,3/15/2022 10:45,aca8a746-0f72-4c8d-87a5-70d836da8768,Gauze,1001,,,,,,,,,,
TOOL_HOVER,536405,3/15/2022 10:45,aca8a746-0f72-4c8d-87a5-70d836da8768,Gauze,1001,,,,,,,,,,
TOOL_HOVER,536433,3/15/2022 10:45,aca8a746-0f72-4c8d-87a5-70d836da8768,Gauze,1001,,,,,,,,,,
TOOL_HOVER,536460,3/15/2022 10:45,aca8a746-0f72-4c8d-87a5-70d836da8768,Gauze,1001,,,,,,,,,,
TOOL_HOVER,536488,3/15/2022 10:45,aca8a746-0f72-4c8d-87a5-70d836da8768,Gauze,1001,,,,,,,,,,
TOOL_HOVER,536516,3/15/2022 10:45,aca8a746-0f72-4c8d-87a5-70d836da8768,Gauze,1001,,,,,,,,,,
TOOL_HOVER,536543,3/15/2022 10:45,aca8a746-0f72-4c8d-87a5-70d836da8768,Gauze,1001,,,,,,,,,,
TOOL_HOVER,536571,3/15/2022 10:45,aca8a746-0f72-4c8d-87a5-70d836da8768,Gauze,1001,,,,,,,,,,
TOOL_HOVER,536597,3/15/2022 10:45,aca8a746-0f72-4c8d-87a5-70d836da8768,Gauze,1001,,,,,,,,,,
TOOL_HOVER,536625,3/15/2022 10:45,aca8a746-0f72-4c8d-87a5-70d836da8768,Gauze,1001,,,,,,,,,,
TOOL_HOVER,536653,3/15/2022 10:45,aca8a746-0f72-4c8d-87a5-70d836da8768,Gauze,1001,,,,,,,,,,
TOOL_HOVER,536680,3/15/2022 10:45,aca8a746-0f72-4c8d-87a5-70d836da8768,Gauze,1001,,,,,,,,,,
TOOL_HOVER,536709,3/15/2022 10:45,aca8a746-0f72-4c8d-87a5-70d836da8768,Gauze,1001,,,,,,,,,,
TOOL_HOVER,536737,3/15/2022 10:45,aca8a746-0f72-4c8d-87a5-70d836da8768,Gauze,1001,,,,,,,,,,
TOOL_HOVER,536766,3/15/2022 10:45,aca8a746-0f72-4c8d-87a5-70d836da8768,Gauze,1001,,,,,,,,,,
TOOL_HOVER,536795,3/15/2022 10:45,aca8a746-0f72-4c8d-87a5-70d836da8768,Gauze,1001,,,,,,,,,,
TOOL_HOVER,536823,3/15/2022 10:45,aca8a746-0f72-4c8d-87a5-70d836da8768,Gauze,1001,,,,,,,,,,
TOOL_HOVER,536852,3/15/2022 10:45,aca8a746-0f72-4c8d-87a5-70d836da8768,Tourniquet,994,,,,,,,,,,
TOOL_HOVER,536879,3/15/2022 10:45,aca8a746-0f72-4c8d-87a5-70d836da8768,Tourniquet,994,,,,,,,,,,
TOOL_HOVER,536906,3/15/2022 10:45,aca8a746-0f72-4c8d-87a5-70d836da8768,Tourniquet,994,,,,,,,,,,
TOOL_HOVER,536934,3/15/2022 10:45,aca8a746-0f72-4c8d-87a5-70d836da8768,Tourniquet,994,,,,,,,,,,
TOOL_HOVER,536961,3/15/2022 10:45,aca8a746-0f72-4c8d-87a5-70d836da8768,Tourniquet,994,,,,,,,,,,
TOOL_HOVER,536988,3/15/2022 10:45,aca8a746-0f72-4c8d-87a5-70d836da8768,Tourniquet,994,,,,,,,,,,
TOOL_HOVER,537015,3/15/2022 10:45,aca8a746-0f72-4c8d-87a5-70d836da8768,Tourniquet,994,,,,,,,,,,
TOOL_HOVER,537042,3/15/2022 10:45,aca8a746-0f72-4c8d-87a5-70d836da8768,Tourniquet,994,,,,,,,,,,
TOOL_HOVER,537069,3/15/2022 10:45,aca8a746-0f72-4c8d-87a5-70d836da8768,Tourniquet,994,,,,,,,,,,
TOOL_HOVER,537095,3/15/2022 10:45,aca8a746-0f72-4c8d-87a5-70d836da8768,Tourniquet,994,,,,,,,,,,
TOOL_HOVER,537122,3/15/2022 10:45,aca8a746-0f72-4c8d-87a5-70d836da8768,Tourniquet,994,,,,,,,,,,
TOOL_HOVER,537149,3/15/2022 10:45,aca8a746-0f72-4c8d-87a5-70d836da8768,Tourniquet,994,,,,,,,,,,
TOOL_HOVER,537178,3/15/2022 10:45,aca8a746-0f72-4c8d-87a5-70d836da8768,Tourniquet,994,,,,,,,,,,
TOOL_HOVER,537206,3/15/2022 10:45,aca8a746-0f72-4c8d-87a5-70d836da8768,Tourniquet,994,,,,,,,,,,
TOOL_HOVER,537234,3/15/2022 10:45,aca8a746-0f72-4c8d-87a5-70d836da8768,Tourniquet,994,,,,,,,,,,
TOOL_HOVER,537262,3/15/2022 10:45,aca8a746-0f72-4c8d-87a5-70d836da8768,Tourniquet,994,,,,,,,,,,
TOOL_HOVER,537291,3/15/2022 10:45,aca8a746-0f72-4c8d-87a5-70d836da8768,Tourniquet,994,,,,,,,,,,
TOOL_HOVER,537318,3/15/2022 10:45,aca8a746-0f72-4c8d-87a5-70d836da8768,Tourniquet,994,,,,,,,,,,
TOOL_HOVER,537345,3/15/2022 10:45,aca8a746-0f72-4c8d-87a5-70d836da8768,Tourniquet,994,,,,,,,,,,
TOOL_HOVER,537373,3/15/2022 10:45,aca8a746-0f72-4c8d-87a5-70d836da8768,Tourniquet,994,,,,,,,,,,
TOOL_HOVER,537401,3/15/2022 10:45,aca8a746-0f72-4c8d-87a5-70d836da8768,Tourniquet,994,,,,,,,,,,
TOOL_HOVER,537428,3/15/2022 10:45,aca8a746-0f72-4c8d-87a5-70d836da8768,Tourniquet,994,,,,,,,,,,
TOOL_HOVER,537455,3/15/2022 10:45,aca8a746-0f72-4c8d-87a5-70d836da8768,Tourniquet,994,,,,,,,,,,
TOOL_HOVER,537481,3/15/2022 10:45,aca8a746-0f72-4c8d-87a5-70d836da8768,Tourniquet,994,,,,,,,,,,
TOOL_HOVER,537505,3/15/2022 10:45,aca8a746-0f72-4c8d-87a5-70d836da8768,Tourniquet,994,,,,,,,,,,
TOOL_HOVER,537528,3/15/2022 10:45,aca8a746-0f72-4c8d-87a5-70d836da8768,Tourniquet,994,,,,,,,,,,
TOOL_HOVER,537551,3/15/2022 10:45,aca8a746-0f72-4c8d-87a5-70d836da8768,Tourniquet,994,,,,,,,,,,
TOOL_HOVER,537574,3/15/2022 10:45,aca8a746-0f72-4c8d-87a5-70d836da8768,Tourniquet,994,,,,,,,,,,
TOOL_HOVER,537598,3/15/2022 10:45,aca8a746-0f72-4c8d-87a5-70d836da8768,Tourniquet,994,,,,,,,,,,
TOOL_HOVER,537621,3/15/2022 10:45,aca8a746-0f72-4c8d-87a5-70d836da8768,Tourniquet,994,,,,,,,,,,
TOOL_HOVER,537644,3/15/2022 10:45,aca8a746-0f72-4c8d-87a5-70d836da8768,Tourniquet,994,,,,,,,,,,
TOOL_HOVER,537668,3/15/2022 10:45,aca8a746-0f72-4c8d-87a5-70d836da8768,Tourniquet,994,,,,,,,,,,
TOOL_HOVER,537690,3/15/2022 10:45,aca8a746-0f72-4c8d-87a5-70d836da8768,Tourniquet,994,,,,,,,,,,
TOOL_HOVER,537714,3/15/2022 10:45,aca8a746-0f72-4c8d-87a5-70d836da8768,Tourniquet,994,,,,,,,,,,
TOOL_HOVER,537736,3/15/2022 10:45,aca8a746-0f72-4c8d-87a5-70d836da8768,Tourniquet,994,,,,,,,,,,
TOOL_SELECTED,537737,3/15/2022 10:45,aca8a746-0f72-4c8d-87a5-70d836da8768,Tourniquet,993,,,,,,,,,,
VOICE_CAPTURE,538842,3/15/2022 10:45,aca8a746-0f72-4c8d-87a5-70d836da8768,are you hurt,NA,,,,,,,,,,
VOICE_COMMAND,538842,3/15/2022 10:45,aca8a746-0f72-4c8d-87a5-70d836da8768,are you hurt,are you hurt,,,,,,,,,,
VOICE_CAPTURE,539679,3/15/2022 10:45,aca8a746-0f72-4c8d-87a5-70d836da8768,does anything else hurt besides your legs,NA,,,,,,,,,,
VOICE_COMMAND,539679,3/15/2022 10:45,aca8a746-0f72-4c8d-87a5-70d836da8768,are you hurt,does anything else hurt besides your legs,,,,,,,,,,
INJURY_TREATED,540542,3/15/2022 10:45,aca8a746-0f72-4c8d-87a5-70d836da8768,L Thigh Puncture,Mike_7 Root,tourniquet,medium,leftLeg,TRUE,FALSE,"(0.8, 0.1, 4.1)",,,,
TOOL_APPLIED,540542,3/15/2022 10:45,aca8a746-0f72-4c8d-87a5-70d836da8768,Mike_7 Root,Tourniquet,LeftUpLeg (UnityEngine.GameObject),tor_ring (1) (UnityEngine.GameObject),tourniquet(Clone) (UnityEngine.GameObject),AppliedTourniquet,,,,,,
TOOL_HOVER,541854,3/15/2022 10:45,aca8a746-0f72-4c8d-87a5-70d836da8768,Gauze,1001,,,,,,,,,,
TOOL_HOVER,541882,3/15/2022 10:45,aca8a746-0f72-4c8d-87a5-70d836da8768,Gauze,1001,,,,,,,,,,
TOOL_HOVER,541910,3/15/2022 10:45,aca8a746-0f72-4c8d-87a5-70d836da8768,Gauze,1001,,,,,,,,,,
TOOL_HOVER,541938,3/15/2022 10:45,aca8a746-0f72-4c8d-87a5-70d836da8768,Gauze,1001,,,,,,,,,,
TOOL_HOVER,541966,3/15/2022 10:45,aca8a746-0f72-4c8d-87a5-70d836da8768,Gauze,1001,,,,,,,,,,
TOOL_HOVER,541994,3/15/2022 10:45,aca8a746-0f72-4c8d-87a5-70d836da8768,Gauze,1001,,,,,,,,,,
TOOL_HOVER,542022,3/15/2022 10:45,aca8a746-0f72-4c8d-87a5-70d836da8768,Gauze,1001,,,,,,,,,,
TOOL_HOVER,542051,3/15/2022 10:45,aca8a746-0f72-4c8d-87a5-70d836da8768,Gauze,1001,,,,,,,,,,
TOOL_SELECTED,542052,3/15/2022 10:45,aca8a746-0f72-4c8d-87a5-70d836da8768,Gauze,1000,,,,,,,,,,
TOOL_DISCARDED,543640,3/15/2022 10:45,aca8a746-0f72-4c8d-87a5-70d836da8768,Gauze,1000,"(0.8, 0.1, 4.1)",,,,,,,,,
INJURY_TREATED,543641,3/15/2022 10:45,aca8a746-0f72-4c8d-87a5-70d836da8768,L Thigh Puncture,Mike_7 Root,tourniquet,medium,leftLeg,TRUE,TRUE,"(0.8, 0.1, 4.1)",,,,
TOOL_APPLIED,543642,3/15/2022 10:45,aca8a746-0f72-4c8d-87a5-70d836da8768,Mike_7 Root,Gauze_Dressing,skinCollider_BodyCollideLOD (UnityEngine.GameObject),null,null,AppliedDressingGauze,,,,,,
VOICE_CAPTURE,543761,3/15/2022 10:45,aca8a746-0f72-4c8d-87a5-70d836da8768,OK,NA,,,,,,,,,,
PULSE_TAKEN,546032,3/15/2022 10:45,aca8a746-0f72-4c8d-87a5-70d836da8768,pulse_fast,Mike_7 Root,,,,,,,,,,
PULSE_TAKEN,547429,3/15/2022 10:45,aca8a746-0f72-4c8d-87a5-70d836da8768,pulse_fast,Mike_7 Root,,,,,,,,,,
TAG_SELECTED,557691,3/15/2022 10:45,aca8a746-0f72-4c8d-87a5-70d836da8768,yellow,,,,,,,,,,,
TAG_APPLIED,560163,3/15/2022 10:46,aca8a746-0f72-4c8d-87a5-70d836da8768,Mike_7 Root,yellow,,,,,,,,,,
BAG_CLOSED,565707,3/15/2022 10:46,aca8a746-0f72-4c8d-87a5-70d836da8768,"(1.0, 0.5, 4.6)",,,,,,,,,,,
TELEPORT,568263,3/15/2022 10:46,aca8a746-0f72-4c8d-87a5-70d836da8768,"(1.3, 0.0, 4.3)",,,,,,,,,,,
PATIENT_ENGAGED,572988,3/15/2022 10:46,aca8a746-0f72-4c8d-87a5-70d836da8768,100,Infinity,Gloria_6 Root,"(-1.0, 0.0, 3.2)","(0.0, 0.4, 0.0, 0.9)",DELAYED,waver,fast,normal,normal,calm,fetal
VOICE_CAPTURE,577955,3/15/2022 10:46,aca8a746-0f72-4c8d-87a5-70d836da8768,are you hurt,NA,,,,,,,,,,
VOICE_COMMAND,577955,3/15/2022 10:46,aca8a746-0f72-4c8d-87a5-70d836da8768,are you hurt,are you hurt,,,,,,,,,,
VOICE_CAPTURE,578466,3/15/2022 10:46,aca8a746-0f72-4c8d-87a5-70d836da8768,does anything else hurt besides your leg,NA,,,,,,,,,,
VOICE_COMMAND,578467,3/15/2022 10:46,aca8a746-0f72-4c8d-87a5-70d836da8768,are you hurt,does anything else hurt besides your leg,,,,,,,,,,
PULSE_TAKEN,583723,3/15/2022 10:46,aca8a746-0f72-4c8d-87a5-70d836da8768,pulse_fast,Gloria_6 Root,,,,,,,,,,
VOICE_CAPTURE,584123,3/15/2022 10:46,aca8a746-0f72-4c8d-87a5-70d836da8768,OK,NA,,,,,,,,,,
PULSE_TAKEN,584525,3/15/2022 10:46,aca8a746-0f72-4c8d-87a5-70d836da8768,pulse_fast,Gloria_6 Root,,,,,,,,,,
BAG_ACCESS,587540,3/15/2022 10:46,aca8a746-0f72-4c8d-87a5-70d836da8768,"(-0.9, 0.4, 3.7)",,,,,,,,,,,
TAG_SELECTED,591487,3/15/2022 10:46,aca8a746-0f72-4c8d-87a5-70d836da8768,yellow,,,,,,,,,,,
TAG_APPLIED,593947,3/15/2022 10:46,aca8a746-0f72-4c8d-87a5-70d836da8768,Gloria_6 Root,yellow,,,,,,,,,,
BAG_CLOSED,598069,3/15/2022 10:46,aca8a746-0f72-4c8d-87a5-70d836da8768,"(-0.9, 0.4, 3.7)",,,,,,,,,,,
TELEPORT,598316,3/15/2022 10:46,aca8a746-0f72-4c8d-87a5-70d836da8768,"(-0.3, 0.0, 3.5)",,,,,,,,,,,
TELEPORT,601541,3/15/2022 10:46,aca8a746-0f72-4c8d-87a5-70d836da8768,"(3.1, 0.0, 0.1)",,,,,,,,,,,
PATIENT_ENGAGED,603679,3/15/2022 10:46,aca8a746-0f72-4c8d-87a5-70d836da8768,100,Infinity,Bob_9 Root,"(4.8, 0.0, -1.1)","(0.0, -0.7, 0.0, 0.7)",MINIMAL,walker,normal,normal,normal,calm,sittingChair
TELEPORT,604215,3/15/2022 10:46,aca8a746-0f72-4c8d-87a5-70d836da8768,"(4.5, 0.0, -0.5)",,,,,,,,,,,
TELEPORT,604929,3/15/2022 10:46,aca8a746-0f72-4c8d-87a5-70d836da8768,"(4.7, 0.0, -0.7)",,,,,,,,,,,
TELEPORT,610143,3/15/2022 10:46,aca8a746-0f72-4c8d-87a5-70d836da8768,"(4.9, 0.0, -0.9)",,,,,,,,,,,
TELEPORT,626916,3/15/2022 10:47,aca8a746-0f72-4c8d-87a5-70d836da8768,"(4.8, 0.0, -0.9)",,,,,,,,,,,
PATIENT_ENGAGED,627316,3/15/2022 10:47,aca8a746-0f72-4c8d-87a5-70d836da8768,100,Infinity,Gloria_8 Root,"(2.8, 0.0, -3.7)","(0.0, 0.6, 0.0, 0.8)",DELAYED,walker,normal,normal,normal,calm,standing
PULSE_TAKEN,632819,3/15/2022 10:47,aca8a746-0f72-4c8d-87a5-70d836da8768,pulse_normal,Gloria_8 Root,,,,,,,,,,
VOICE_CAPTURE,633220,3/15/2022 10:47,aca8a746-0f72-4c8d-87a5-70d836da8768,are you hurt,NA,,,,,,,,,,
VOICE_COMMAND,633220,3/15/2022 10:47,aca8a746-0f72-4c8d-87a5-70d836da8768,are you hurt,are you hurt,,,,,,,,,,
BAG_ACCESS,635515,3/15/2022 10:47,aca8a746-0f72-4c8d-87a5-70d836da8768,"(3.2, 0.7, -2.9)",,,,,,,,,,,
TOOL_HOVER,636249,3/15/2022 10:47,aca8a746-0f72-4c8d-87a5-70d836da8768,Tourniquet,993,,,,,,,,,,
TOOL_HOVER,636272,3/15/2022 10:47,aca8a746-0f72-4c8d-87a5-70d836da8768,Tourniquet,993,,,,,,,,,,
TOOL_HOVER,636296,3/15/2022 10:47,aca8a746-0f72-4c8d-87a5-70d836da8768,Tourniquet,993,,,,,,,,,,
TOOL_HOVER,636319,3/15/2022 10:47,aca8a746-0f72-4c8d-87a5-70d836da8768,Tourniquet,993,,,,,,,,,,
TOOL_HOVER,636340,3/15/2022 10:47,aca8a746-0f72-4c8d-87a5-70d836da8768,Tourniquet,993,,,,,,,,,,
TOOL_HOVER,636362,3/15/2022 10:47,aca8a746-0f72-4c8d-87a5-70d836da8768,Gauze,1001,,,,,,,,,,
TOOL_HOVER,636384,3/15/2022 10:47,aca8a746-0f72-4c8d-87a5-70d836da8768,Gauze,1001,,,,,,,,,,
TOOL_HOVER,636406,3/15/2022 10:47,aca8a746-0f72-4c8d-87a5-70d836da8768,Gauze,1001,,,,,,,,,,
TOOL_HOVER,636428,3/15/2022 10:47,aca8a746-0f72-4c8d-87a5-70d836da8768,Gauze,1001,,,,,,,,,,
TOOL_HOVER,636450,3/15/2022 10:47,aca8a746-0f72-4c8d-87a5-70d836da8768,Tourniquet,993,,,,,,,,,,
TOOL_HOVER,636473,3/15/2022 10:47,aca8a746-0f72-4c8d-87a5-70d836da8768,Tourniquet,993,,,,,,,,,,
TOOL_HOVER,636495,3/15/2022 10:47,aca8a746-0f72-4c8d-87a5-70d836da8768,Tourniquet,993,,,,,,,,,,
TOOL_HOVER,636518,3/15/2022 10:47,aca8a746-0f72-4c8d-87a5-70d836da8768,Tourniquet,993,,,,,,,,,,
TOOL_HOVER,636539,3/15/2022 10:47,aca8a746-0f72-4c8d-87a5-70d836da8768,Tourniquet,993,,,,,,,,,,
TOOL_HOVER,636562,3/15/2022 10:47,aca8a746-0f72-4c8d-87a5-70d836da8768,Tourniquet,993,,,,,,,,,,
TOOL_HOVER,636585,3/15/2022 10:47,aca8a746-0f72-4c8d-87a5-70d836da8768,Tourniquet,993,,,,,,,,,,
TOOL_HOVER,636606,3/15/2022 10:47,aca8a746-0f72-4c8d-87a5-70d836da8768,Tourniquet,993,,,,,,,,,,
TOOL_HOVER,636629,3/15/2022 10:47,aca8a746-0f72-4c8d-87a5-70d836da8768,Tourniquet,993,,,,,,,,,,
TOOL_SELECTED,636630,3/15/2022 10:47,aca8a746-0f72-4c8d-87a5-70d836da8768,Tourniquet,992,,,,,,,,,,
INJURY_TREATED,637809,3/15/2022 10:47,aca8a746-0f72-4c8d-87a5-70d836da8768,L Forearm Laceration,Gloria_8 Root,gauzePressure,low,leftArm,FALSE,TRUE,"(2.8, 0.9, -3.4)",,,,
TOOL_APPLIED,637809,3/15/2022 10:47,aca8a746-0f72-4c8d-87a5-70d836da8768,Gloria_8 Root,Tourniquet,LeftArm (UnityEngine.GameObject),tor_ring (1) (UnityEngine.GameObject),tourniquet(Clone) (UnityEngine.GameObject),AppliedTourniquet,,,,,,
TOOL_HOVER,638454,3/15/2022 10:47,aca8a746-0f72-4c8d-87a5-70d836da8768,Gauze,1001,,,,,,,,,,
TOOL_HOVER,638476,3/15/2022 10:47,aca8a746-0f72-4c8d-87a5-70d836da8768,Gauze,1001,,,,,,,,,,
TOOL_HOVER,638499,3/15/2022 10:47,aca8a746-0f72-4c8d-87a5-70d836da8768,Gauze,1001,,,,,,,,,,
TOOL_HOVER,638521,3/15/2022 10:47,aca8a746-0f72-4c8d-87a5-70d836da8768,Gauze,1001,,,,,,,,,,
TOOL_SELECTED,638522,3/15/2022 10:47,aca8a746-0f72-4c8d-87a5-70d836da8768,Gauze,1000,,,,,,,,,,
TOOL_DISCARDED,639302,3/15/2022 10:47,aca8a746-0f72-4c8d-87a5-70d836da8768,Gauze,1000,"(2.9, 0.9, -3.4)",,,,,,,,,
TOOL_DISCARDED,639302,3/15/2022 10:47,aca8a746-0f72-4c8d-87a5-70d836da8768,Gauze,1001,"(2.9, 0.9, -3.4)",,,,,,,,,
TOOL_HOVER,640349,3/15/2022 10:47,aca8a746-0f72-4c8d-87a5-70d836da8768,Gauze,1002,,,,,,,,,,
TOOL_HOVER,640370,3/15/2022 10:47,aca8a746-0f72-4c8d-87a5-70d836da8768,Gauze,1002,,,,,,,,,,
TOOL_HOVER,640393,3/15/2022 10:47,aca8a746-0f72-4c8d-87a5-70d836da8768,Gauze,1002,,,,,,,,,,
TOOL_HOVER,640417,3/15/2022 10:47,aca8a746-0f72-4c8d-87a5-70d836da8768,Gauze,1002,,,,,,,,,,
TOOL_HOVER,640437,3/15/2022 10:47,aca8a746-0f72-4c8d-87a5-70d836da8768,Gauze,1002,,,,,,,,,,
TOOL_HOVER,640460,3/15/2022 10:47,aca8a746-0f72-4c8d-87a5-70d836da8768,Gauze,1002,,,,,,,,,,
TOOL_HOVER,640482,3/15/2022 10:47,aca8a746-0f72-4c8d-87a5-70d836da8768,Gauze,1002,,,,,,,,,,
TOOL_HOVER,640504,3/15/2022 10:47,aca8a746-0f72-4c8d-87a5-70d836da8768,Gauze,1002,,,,,,,,,,
TOOL_HOVER,640527,3/15/2022 10:47,aca8a746-0f72-4c8d-87a5-70d836da8768,Gauze,1002,,,,,,,,,,
TOOL_HOVER,640548,3/15/2022 10:47,aca8a746-0f72-4c8d-87a5-70d836da8768,Gauze,1002,,,,,,,,,,
TOOL_SELECTED,640550,3/15/2022 10:47,aca8a746-0f72-4c8d-87a5-70d836da8768,Gauze,1001,,,,,,,,,,
TOOL_DISCARDED,641819,3/15/2022 10:47,aca8a746-0f72-4c8d-87a5-70d836da8768,Gauze,1001,"(2.8, 0.9, -3.4)",,,,,,,,,
INJURY_TREATED,641819,3/15/2022 10:47,aca8a746-0f72-4c8d-87a5-70d836da8768,L Forearm Laceration,Gloria_8 Root,gauzePressure,low,leftArm,TRUE,TRUE,"(2.8, 0.9, -3.4)",,,,
TOOL_APPLIED,641820,3/15/2022 10:47,aca8a746-0f72-4c8d-87a5-70d836da8768,Gloria_8 Root,Gauze_Dressing,skinCollider_Body_LOD (UnityEngine.GameObject),null,null,AppliedDressingGauze,,,,,,
TAG_SELECTED,642955,3/15/2022 10:47,aca8a746-0f72-4c8d-87a5-70d836da8768,yellow,,,,,,,,,,,
TAG_APPLIED,644002,3/15/2022 10:47,aca8a746-0f72-4c8d-87a5-70d836da8768,Gloria_8 Root,yellow,,,,,,,,,,
BAG_CLOSED,650663,3/15/2022 10:47,aca8a746-0f72-4c8d-87a5-70d836da8768,"(3.2, 0.7, -2.9)",,,,,,,,,,,
TELEPORT,651022,3/15/2022 10:47,aca8a746-0f72-4c8d-87a5-70d836da8768,"(4.5, 0.0, -3.0)",,,,,,,,,,,
PATIENT_ENGAGED,656486,3/15/2022 10:47,aca8a746-0f72-4c8d-87a5-70d836da8768,100,Infinity,Helga_10 Root,"(3.3, 0.0, -2.5)","(0.0, 0.3, 0.0, 1.0)",MINIMAL,walker,normal,normal,normal,calm,sittingGround
TOOL_HOVER,664229,3/15/2022 10:47,aca8a746-0f72-4c8d-87a5-70d836da8768,Tourniquet,992,,,,,,,,,,
TOOL_HOVER,664251,3/15/2022 10:47,aca8a746-0f72-4c8d-87a5-70d836da8768,Tourniquet,992,,,,,,,,,,
TOOL_HOVER,664272,3/15/2022 10:47,aca8a746-0f72-4c8d-87a5-70d836da8768,Tourniquet,992,,,,,,,,,,
TOOL_HOVER,664294,3/15/2022 10:47,aca8a746-0f72-4c8d-87a5-70d836da8768,Tourniquet,992,,,,,,,,,,
TOOL_HOVER,664515,3/15/2022 10:47,aca8a746-0f72-4c8d-87a5-70d836da8768,Tourniquet,992,,,,,,,,,,
TOOL_HOVER,664537,3/15/2022 10:47,aca8a746-0f72-4c8d-87a5-70d836da8768,Tourniquet,992,,,,,,,,,,
TOOL_HOVER,664563,3/15/2022 10:47,aca8a746-0f72-4c8d-87a5-70d836da8768,Tourniquet,992,,,,,,,,,,
TOOL_HOVER,664586,3/15/2022 10:47,aca8a746-0f72-4c8d-87a5-70d836da8768,Tourniquet,992,,,,,,,,,,
TOOL_HOVER,664607,3/15/2022 10:47,aca8a746-0f72-4c8d-87a5-70d836da8768,Tourniquet,992,,,,,,,,,,
BAG_ACCESS,665334,3/15/2022 10:47,aca8a746-0f72-4c8d-87a5-70d836da8768,"(3.2, 0.4, -1.7)",,,,,,,,,,,
TAG_SELECTED,666085,3/15/2022 10:47,aca8a746-0f72-4c8d-87a5-70d836da8768,green,,,,,,,,,,,
TAG_APPLIED,667342,3/15/2022 10:47,aca8a746-0f72-4c8d-87a5-70d836da8768,Helga_10 Root,green,,,,,,,,,,
BAG_CLOSED,668567,3/15/2022 10:47,aca8a746-0f72-4c8d-87a5-70d836da8768,"(3.2, 0.4, -1.7)",,,,,,,,,,,
PATIENT_ENGAGED,671113,3/15/2022 10:47,aca8a746-0f72-4c8d-87a5-70d836da8768,100,Infinity,Bob_9 Root,"(4.8, 0.0, -1.1)","(0.0, -0.7, 0.0, 0.7)",MINIMAL,walker,normal,normal,normal,calm,sittingChair
TELEPORT,672146,3/15/2022 10:47,aca8a746-0f72-4c8d-87a5-70d836da8768,"(4.2, 0.0, -1.4)",,,,,,,,,,,
PULSE_TAKEN,673917,3/15/2022 10:47,aca8a746-0f72-4c8d-87a5-70d836da8768,pulse_normal,Bob_9 Root,,,,,,,,,,
PULSE_TAKEN,679126,3/15/2022 10:48,aca8a746-0f72-4c8d-87a5-70d836da8768,pulse_normal,Bob_9 Root,,,,,,,,,,
PULSE_TAKEN,679257,3/15/2022 10:48,aca8a746-0f72-4c8d-87a5-70d836da8768,pulse_normal,Bob_9 Root,,,,,,,,,,
PULSE_TAKEN,679797,3/15/2022 10:48,aca8a746-0f72-4c8d-87a5-70d836da8768,pulse_normal,Bob_9 Root,,,,,,,,,,
BAG_ACCESS,684899,3/15/2022 10:48,aca8a746-0f72-4c8d-87a5-70d836da8768,"(4.3, 0.8, -1.0)",,,,,,,,,,,
TAG_SELECTED,689444,3/15/2022 10:48,aca8a746-0f72-4c8d-87a5-70d836da8768,yellow,,,,,,,,,,,
TAG_APPLIED,698421,3/15/2022 10:48,aca8a746-0f72-4c8d-87a5-70d836da8768,Bob_9 Root,yellow,,,,,,,,,,
PULSE_TAKEN,698442,3/15/2022 10:48,aca8a746-0f72-4c8d-87a5-70d836da8768,pulse_normal,Bob_9 Root,,,,,,,,,,
BAG_CLOSED,703637,3/15/2022 10:48,aca8a746-0f72-4c8d-87a5-70d836da8768,"(4.3, 0.8, -1.0)",,,,,,,,,,,
TELEPORT,703637,3/15/2022 10:48,aca8a746-0f72-4c8d-87a5-70d836da8768,"(4.5, 0.0, -1.4)",,,,,,,,,,,
TELEPORT,708553,3/15/2022 10:48,aca8a746-0f72-4c8d-87a5-70d836da8768,"(2.4, 0.0, 0.9)",,,,,,,,,,,
TELEPORT,720629,3/15/2022 10:48,aca8a746-0f72-4c8d-87a5-70d836da8768,"(0.2, 0.0, 2.9)",,,,,,,,,,,
TELEPORT,724215,3/15/2022 10:48,aca8a746-0f72-4c8d-87a5-70d836da8768,"(1.5, 0.0, 4.4)",,,,,,,,,,,
TELEPORT,726332,3/15/2022 10:48,aca8a746-0f72-4c8d-87a5-70d836da8768,"(2.3, 0.0, 4.7)",,,,,,,,,,,
TELEPORT,728133,3/15/2022 10:48,aca8a746-0f72-4c8d-87a5-70d836da8768,"(2.5, 0.0, 4.5)",,,,,,,,,,,
TELEPORT,739731,3/15/2022 10:49,aca8a746-0f72-4c8d-87a5-70d836da8768,"(4.1, 0.0, 0.9)",,,,,,,,,,,
TELEPORT,743426,3/15/2022 10:49,aca8a746-0f72-4c8d-87a5-70d836da8768,"(3.8, 0.0, 0.8)",,,,,,,,,,,
TELEPORT,744314,3/15/2022 10:49,aca8a746-0f72-4c8d-87a5-70d836da8768,"(3.9, 0.0, 0.9)",,,,,,,,,,,
TELEPORT,746756,3/15/2022 10:49,aca8a746-0f72-4c8d-87a5-70d836da8768,"(0.9, 0.0, 9.9)",,,,,,,,,,,
TELEPORT,748072,3/15/2022 10:49,aca8a746-0f72-4c8d-87a5-70d836da8768,"(0.9, 0.0, 18.2)",,,,,,,,,,,
TELEPORT,750773,3/15/2022 10:49,aca8a746-0f72-4c8d-87a5-70d836da8768,"(0.8, 0.0, 25.0)",,,,,,,,,,,
TELEPORT,753592,3/15/2022 10:49,aca8a746-0f72-4c8d-87a5-70d836da8768,"(0.4, 0.0, 13.4)",,,,,,,,,,,
SESSION_END,759342,3/15/2022 10:49,aca8a746-0f72-4c8d-87a5-70d836da8768,,,,,,,,,,,,
PATIENT_ENGAGED,775967,3/15/2022 10:49,aca8a746-0f72-4c8d-87a5-70d836da8768,63.87083,Infinity,Mike_7 Root,"(1.4, 0.0, 4.0)","(0.0, 0.1, 0.0, 1.0)",DELAYED,waver,fast,normal,normal,calm,sittingGround
