PATIENT_DEMOTED,4855,3/16/2022 10:12:10 AM,33b51683-fa6a-4dd3-82e5-de08bcc17c14,100,Infinity,Bob_0 Root,"(-1.0, 0.0, 6.0)","(0.0, 0.7, 0.0, 0.7)",EXPECTANT,still,faint,restricted,none,unresponsive,supine,
PATIENT_DEMOTED,5002,3/16/2022 10:12:10 AM,33b51683-fa6a-4dd3-82e5-de08bcc17c14,100,Infinity,Bob_0 Root,"(-1.0, 0.0, 6.0)","(0.0, 0.7, 0.0, 0.7)",DEAD,still,none,none,none,dead,supine,
PATIENT_DEMOTED,5129,3/16/2022 10:12:10 AM,33b51683-fa6a-4dd3-82e5-de08bcc17c14,100,Infinity,Gary_1 Root,"(2.0, 0.0, 7.0)","(0.0, 1.0, 0.0, 0.0)",EXPECTANT,still,faint,restricted,none,unresponsive,supine,
PATIENT_DEMOTED,5890,3/16/2022 10:12:11 AM,33b51683-fa6a-4dd3-82e5-de08bcc17c14,100,Infinity,Lily_2 Root,"(3.0, 0.0, 4.0)","(0.0, 1.0, 0.0, 0.0)",IMMEDIATE,waver,fast,fast,normal,agony,fetal,
PATIENT_DEMOTED,6568,3/16/2022 10:12:11 AM,33b51683-fa6a-4dd3-82e5-de08bcc17c14,100,0,Gary_3 Root,"(0.0, 0.0, 2.0)","(0.0, 0.0, 0.0, 1.0)",IMMEDIATE,still,faint,collapsedRight,normal,unresponsive,supine,
PATIENT_DEMOTED,7167,3/16/2022 10:12:12 AM,33b51683-fa6a-4dd3-82e5-de08bcc17c14,100,Infinity,Lily_4 Root,"(1.4, 0.0, 6.0)","(0.0, 1.0, 0.0, 0.0)",IMMEDIATE,waver,fast,normal,normal,upset,fetal,
PATIENT_DEMOTED,8030,3/16/2022 10:12:13 AM,33b51683-fa6a-4dd3-82e5-de08bcc17c14,63.87083,Infinity,Mike_5 Root,"(2.6, 0.0, 2.0)","(0.0, 1.0, 0.0, 0.0)",IMMEDIATE,waver,fast,normal,normal,upset,fetal,
PATIENT_DEMOTED,8590,3/16/2022 10:12:13 AM,33b51683-fa6a-4dd3-82e5-de08bcc17c14,100,Infinity,Gloria_6 Root,"(-1.0, 0.0, 3.2)","(0.0, 0.4, 0.0, 0.9)",IMMEDIATE,waver,fast,normal,normal,upset,fetal,
PATIENT_DEMOTED,9014,3/16/2022 10:12:14 AM,33b51683-fa6a-4dd3-82e5-de08bcc17c14,100,Infinity,Gloria_6 Root,"(-1.0, 0.0, 3.2)","(0.0, 0.4, 0.0, 0.9)",DELAYED,waver,fast,normal,normal,upset,fetal,
PATIENT_DEMOTED,9303,3/16/2022 10:12:14 AM,33b51683-fa6a-4dd3-82e5-de08bcc17c14,63.87083,Infinity,Mike_7 Root,"(1.4, 0.0, 4.0)","(0.0, 0.1, 0.0, 1.0)",IMMEDIATE,waver,fast,normal,normal,upset,sittingGround,
PATIENT_DEMOTED,9678,3/16/2022 10:12:15 AM,33b51683-fa6a-4dd3-82e5-de08bcc17c14,63.87083,Infinity,Mike_7 Root,"(1.4, 0.0, 4.0)","(0.0, 0.1, 0.0, 1.0)",DELAYED,waver,fast,normal,normal,upset,sittingGround,
PATIENT_DEMOTED,9927,3/16/2022 10:12:15 AM,33b51683-fa6a-4dd3-82e5-de08bcc17c14,100,Infinity,Gloria_8 Root,"(4.0, 0.0, 6.0)","(0.0, 1.0, 0.0, 0.0)",DELAYED,walker,normal,normal,normal,upset,sittingGround,
SESSION_START,13485,3/16/2022 10:12:18 AM,33b51683-fa6a-4dd3-82e5-de08bcc17c14,
PATIENT_RECORD,13486,3/16/2022 10:12:18 AM,33b51683-fa6a-4dd3-82e5-de08bcc17c14,100,Infinity,Bob_0 Root,"(-1.0, 0.0, 6.0)","(0.0, 0.7, 0.0, 0.7)",DEAD,still,none,none,none,dead,supine,
INJURY_RECORD,13486,3/16/2022 10:12:18 AM,33b51683-fa6a-4dd3-82e5-de08bcc17c14,Face Shrapnel,Bob_0 Root,gauzePressure,high,head,False,False,"(-1.1, 1.8, 5.9)",
INJURY_RECORD,13486,3/16/2022 10:12:18 AM,33b51683-fa6a-4dd3-82e5-de08bcc17c14,L Wrist Amputation,Bob_0 Root,tourniquet,high,leftArm,False,False,"(-1.1, 1.4, 6.7)",
INJURY_RECORD,13487,3/16/2022 10:12:18 AM,33b51683-fa6a-4dd3-82e5-de08bcc17c14,L Chest Collapse,Bob_0 Root,decompress,high,chest,False,False,"(0.0, 0.0, 0.0)",
INJURY_RECORD,13487,3/16/2022 10:12:18 AM,33b51683-fa6a-4dd3-82e5-de08bcc17c14,L Stomach Puncture,Bob_0 Root,woundpack,high,abdomen,False,False,"(-0.9, 1.2, 6.1)",
INJURY_RECORD,13487,3/16/2022 10:12:18 AM,33b51683-fa6a-4dd3-82e5-de08bcc17c14,R Shin Amputation,Bob_0 Root,tourniquet,high,rightLeg,False,False,"(-1.0, 0.4, 5.9)",
INJURY_RECORD,13487,3/16/2022 10:12:18 AM,33b51683-fa6a-4dd3-82e5-de08bcc17c14,L Thigh Laceration,Bob_0 Root,gauzePressure,medium,leftLeg,False,False,"(-0.9, 0.7, 6.1)",
PATIENT_RECORD,13487,3/16/2022 10:12:18 AM,33b51683-fa6a-4dd3-82e5-de08bcc17c14,100,Infinity,Gary_1 Root,"(2.0, 0.0, 7.0)","(0.0, 1.0, 0.0, 0.0)",EXPECTANT,still,none,restricted,none,unresponsive,supine,
INJURY_RECORD,13487,3/16/2022 10:12:18 AM,33b51683-fa6a-4dd3-82e5-de08bcc17c14,Face Shrapnel,Gary_1 Root,gauzePressure,high,head,False,False,"(1.9, 1.7, 7.1)",
PATIENT_RECORD,13487,3/16/2022 10:12:18 AM,33b51683-fa6a-4dd3-82e5-de08bcc17c14,100,Infinity,Lily_2 Root,"(3.0, 0.0, 4.0)","(0.0, 1.0, 0.0, 0.0)",IMMEDIATE,waver,fast,fast,normal,agony,fetal,
INJURY_RECORD,13487,3/16/2022 10:12:18 AM,33b51683-fa6a-4dd3-82e5-de08bcc17c14,R Shin Amputation,Lily_2 Root,tourniquet,high,rightLeg,False,False,"(2.9, 0.4, 4.0)",
PATIENT_RECORD,13487,3/16/2022 10:12:18 AM,33b51683-fa6a-4dd3-82e5-de08bcc17c14,100,0,Gary_3 Root,"(0.0, 0.0, 2.0)","(0.0, 0.0, 0.0, 1.0)",IMMEDIATE,still,faint,collapsedRight,normal,unresponsive,supine,
INJURY_RECORD,13487,3/16/2022 10:12:18 AM,33b51683-fa6a-4dd3-82e5-de08bcc17c14,R Chest Collapse,Gary_3 Root,decompress,high,chest,False,False,"(0.0, 0.0, 0.0)",
PATIENT_RECORD,13487,3/16/2022 10:12:18 AM,33b51683-fa6a-4dd3-82e5-de08bcc17c14,100,Infinity,Lily_4 Root,"(1.4, 0.0, 6.0)","(0.0, 1.0, 0.0, 0.0)",IMMEDIATE,waver,fast,normal,normal,upset,fetal,
INJURY_RECORD,13487,3/16/2022 10:12:18 AM,33b51683-fa6a-4dd3-82e5-de08bcc17c14,L Side Puncture,Lily_4 Root,woundpack,medium,abdomen,False,False,"(1.5, 1.0, 5.9)",
PATIENT_RECORD,13487,3/16/2022 10:12:18 AM,33b51683-fa6a-4dd3-82e5-de08bcc17c14,63.87083,Infinity,Mike_5 Root,"(2.6, 0.0, 2.0)","(0.0, 1.0, 0.0, 0.0)",IMMEDIATE,waver,fast,normal,normal,upset,fetal,
INJURY_RECORD,13487,3/16/2022 10:12:18 AM,33b51683-fa6a-4dd3-82e5-de08bcc17c14,R Side Puncture,Mike_5 Root,woundpack,medium,abdomen,False,False,"(2.5, 1.2, 1.9)",
INJURY_RECORD,13487,3/16/2022 10:12:18 AM,33b51683-fa6a-4dd3-82e5-de08bcc17c14,R Thigh Laceration,Mike_5 Root,gauzePressure,medium,rightLeg,False,False,"(2.4, 0.7, 2.0)",
PATIENT_RECORD,13487,3/16/2022 10:12:18 AM,33b51683-fa6a-4dd3-82e5-de08bcc17c14,100,Infinity,Gloria_6 Root,"(-1.0, 0.0, 3.2)","(0.0, 0.4, 0.0, 0.9)",DELAYED,waver,fast,normal,normal,upset,fetal,
INJURY_RECORD,13487,3/16/2022 10:12:18 AM,33b51683-fa6a-4dd3-82e5-de08bcc17c14,R Calf Shrapnel,Gloria_6 Root,tourniquet,medium,rightLeg,False,False,"(-0.9, 0.3, 3.1)",
PATIENT_RECORD,13487,3/16/2022 10:12:18 AM,33b51683-fa6a-4dd3-82e5-de08bcc17c14,63.87083,Infinity,Mike_7 Root,"(1.4, 0.0, 4.0)","(0.0, 0.1, 0.0, 1.0)",DELAYED,waver,fast,normal,normal,upset,sittingGround,
INJURY_RECORD,13487,3/16/2022 10:12:18 AM,33b51683-fa6a-4dd3-82e5-de08bcc17c14,L Thigh Puncture,Mike_7 Root,tourniquet,medium,leftLeg,False,False,"(1.4, 0.7, 4.1)",
INJURY_RECORD,13487,3/16/2022 10:12:18 AM,33b51683-fa6a-4dd3-82e5-de08bcc17c14,R Calf Laceration,Mike_7 Root,gauzePressure,low,rightLeg,False,False,"(1.5, 0.4, 3.9)",
PATIENT_RECORD,13487,3/16/2022 10:12:18 AM,33b51683-fa6a-4dd3-82e5-de08bcc17c14,100,Infinity,Gloria_8 Root,"(4.0, 0.0, 6.0)","(0.0, 1.0, 0.0, 0.0)",DELAYED,walker,normal,normal,normal,upset,sittingGround,
INJURY_RECORD,13487,3/16/2022 10:12:18 AM,33b51683-fa6a-4dd3-82e5-de08bcc17c14,L Forearm Laceration,Gloria_8 Root,gauzePressure,low,leftArm,False,False,"(4.6, 1.3, 5.9)",
PATIENT_RECORD,13487,3/16/2022 10:12:18 AM,33b51683-fa6a-4dd3-82e5-de08bcc17c14,100,Infinity,Bob_9 Root,"(2.6, 0.0, 8.0)","(0.0, 1.0, 0.0, 0.0)",MINIMAL,walker,normal,normal,normal,calm,standing,
INJURY_RECORD,13487,3/16/2022 10:12:18 AM,33b51683-fa6a-4dd3-82e5-de08bcc17c14,Ear Bleed,Bob_9 Root,none,low,head,False,False,"(0.0, 0.0, 0.0)",
PATIENT_RECORD,13487,3/16/2022 10:12:18 AM,33b51683-fa6a-4dd3-82e5-de08bcc17c14,100,Infinity,Helga_10 Root,"(3.9, 0.0, 8.0)","(0.0, 1.0, 0.0, 0.0)",MINIMAL,walker,normal,normal,normal,calm,sittingGround,
INJURY_RECORD,13487,3/16/2022 10:12:18 AM,33b51683-fa6a-4dd3-82e5-de08bcc17c14,Forehead Scrape,Helga_10 Root,gauzePressure,low,head,False,False,"(4.0, 1.5, 7.9)",
TELEPORT,16524,3/16/2022 10:12:21 AM,33b51683-fa6a-4dd3-82e5-de08bcc17c14,"(4.2, 0.0, -4.8)",
TELEPORT,17509,3/16/2022 10:12:22 AM,33b51683-fa6a-4dd3-82e5-de08bcc17c14,"(4.0, 0.0, -4.8)",
TELEPORT,18393,3/16/2022 10:12:23 AM,33b51683-fa6a-4dd3-82e5-de08bcc17c14,"(3.6, 0.0, -4.5)",
VOICE_CAPTURE,27424,3/16/2022 10:12:32 AM,33b51683-fa6a-4dd3-82e5-de08bcc17c14,walk,NA,
VOICE_COMMAND,27424,3/16/2022 10:12:32 AM,33b51683-fa6a-4dd3-82e5-de08bcc17c14,walk to the safe area,walk,
S_A_L_T_WALK_IF_CAN,27427,3/16/2022 10:12:32 AM,33b51683-fa6a-4dd3-82e5-de08bcc17c14,"(-1.0, 0.0, 6.0)",walkIfCan,Bob_0 Root,
S_A_L_T_WALK_IF_CAN,27427,3/16/2022 10:12:32 AM,33b51683-fa6a-4dd3-82e5-de08bcc17c14,"(2.0, 0.0, 7.0)",walkIfCan,Gary_1 Root,
S_A_L_T_WALK_IF_CAN,27427,3/16/2022 10:12:32 AM,33b51683-fa6a-4dd3-82e5-de08bcc17c14,"(3.0, 0.0, 4.0)",walkIfCan,Lily_2 Root,
S_A_L_T_WALK_IF_CAN,27427,3/16/2022 10:12:32 AM,33b51683-fa6a-4dd3-82e5-de08bcc17c14,"(0.0, 0.0, 2.0)",walkIfCan,Gary_3 Root,
S_A_L_T_WALK_IF_CAN,27427,3/16/2022 10:12:32 AM,33b51683-fa6a-4dd3-82e5-de08bcc17c14,"(1.4, 0.0, 6.0)",walkIfCan,Lily_4 Root,
S_A_L_T_WALK_IF_CAN,27427,3/16/2022 10:12:32 AM,33b51683-fa6a-4dd3-82e5-de08bcc17c14,"(2.6, 0.0, 2.0)",walkIfCan,Mike_5 Root,
S_A_L_T_WALK_IF_CAN,27427,3/16/2022 10:12:32 AM,33b51683-fa6a-4dd3-82e5-de08bcc17c14,"(-1.0, 0.0, 3.2)",walkIfCan,Gloria_6 Root,
S_A_L_T_WALK_IF_CAN,27427,3/16/2022 10:12:32 AM,33b51683-fa6a-4dd3-82e5-de08bcc17c14,"(1.4, 0.0, 4.0)",walkIfCan,Mike_7 Root,
S_A_L_T_WALK_IF_CAN,27427,3/16/2022 10:12:32 AM,33b51683-fa6a-4dd3-82e5-de08bcc17c14,"(4.0, 0.0, 6.0)",walkIfCan,Gloria_8 Root,
S_A_L_T_WALKED,27427,3/16/2022 10:12:32 AM,33b51683-fa6a-4dd3-82e5-de08bcc17c14,"(4.0, 0.0, 6.0)",walked,Gloria_8 Root,
S_A_L_T_WALK_IF_CAN,27428,3/16/2022 10:12:32 AM,33b51683-fa6a-4dd3-82e5-de08bcc17c14,"(2.6, 0.0, 8.0)",walkIfCan,Bob_9 Root,
S_A_L_T_WALKED,27428,3/16/2022 10:12:32 AM,33b51683-fa6a-4dd3-82e5-de08bcc17c14,"(2.6, 0.0, 8.0)",walked,Bob_9 Root,
S_A_L_T_WALK_IF_CAN,27428,3/16/2022 10:12:32 AM,33b51683-fa6a-4dd3-82e5-de08bcc17c14,"(3.9, 0.0, 8.0)",walkIfCan,Helga_10 Root,
S_A_L_T_WALKED,27428,3/16/2022 10:12:32 AM,33b51683-fa6a-4dd3-82e5-de08bcc17c14,"(3.9, 0.0, 8.0)",walked,Helga_10 Root,
TELEPORT,30167,3/16/2022 10:12:35 AM,33b51683-fa6a-4dd3-82e5-de08bcc17c14,"(3.4, 0.0, -3.3)",
TELEPORT,35175,3/16/2022 10:12:40 AM,33b51683-fa6a-4dd3-82e5-de08bcc17c14,"(3.0, 0.0, -2.9)",
VOICE_CAPTURE,36101,3/16/2022 10:12:41 AM,33b51683-fa6a-4dd3-82e5-de08bcc17c14,wave,NA,
VOICE_COMMAND,36101,3/16/2022 10:12:41 AM,33b51683-fa6a-4dd3-82e5-de08bcc17c14,wave if you can,wave,
S_A_L_T_WAVE_IF_CAN,36102,3/16/2022 10:12:41 AM,33b51683-fa6a-4dd3-82e5-de08bcc17c14,"(-1.0, 0.0, 6.0)",waveIfCan,Bob_0 Root,
S_A_L_T_WAVE_IF_CAN,36102,3/16/2022 10:12:41 AM,33b51683-fa6a-4dd3-82e5-de08bcc17c14,"(2.0, 0.0, 7.0)",waveIfCan,Gary_1 Root,
S_A_L_T_WAVE_IF_CAN,36102,3/16/2022 10:12:41 AM,33b51683-fa6a-4dd3-82e5-de08bcc17c14,"(3.0, 0.0, 4.0)",waveIfCan,Lily_2 Root,
S_A_L_T_WAVED,36102,3/16/2022 10:12:41 AM,33b51683-fa6a-4dd3-82e5-de08bcc17c14,"(3.0, 0.0, 4.0)",waved,Lily_2 Root,
S_A_L_T_WAVE_IF_CAN,36102,3/16/2022 10:12:41 AM,33b51683-fa6a-4dd3-82e5-de08bcc17c14,"(0.0, 0.0, 2.0)",waveIfCan,Gary_3 Root,
S_A_L_T_WAVE_IF_CAN,36102,3/16/2022 10:12:41 AM,33b51683-fa6a-4dd3-82e5-de08bcc17c14,"(1.4, 0.0, 6.0)",waveIfCan,Lily_4 Root,
S_A_L_T_WAVED,36102,3/16/2022 10:12:41 AM,33b51683-fa6a-4dd3-82e5-de08bcc17c14,"(1.4, 0.0, 6.0)",waved,Lily_4 Root,
S_A_L_T_WAVE_IF_CAN,36102,3/16/2022 10:12:41 AM,33b51683-fa6a-4dd3-82e5-de08bcc17c14,"(2.6, 0.0, 2.0)",waveIfCan,Mike_5 Root,
S_A_L_T_WAVED,36102,3/16/2022 10:12:41 AM,33b51683-fa6a-4dd3-82e5-de08bcc17c14,"(2.6, 0.0, 2.0)",waved,Mike_5 Root,
S_A_L_T_WAVE_IF_CAN,36103,3/16/2022 10:12:41 AM,33b51683-fa6a-4dd3-82e5-de08bcc17c14,"(-1.0, 0.0, 3.2)",waveIfCan,Gloria_6 Root,
S_A_L_T_WAVED,36103,3/16/2022 10:12:41 AM,33b51683-fa6a-4dd3-82e5-de08bcc17c14,"(-1.0, 0.0, 3.2)",waved,Gloria_6 Root,
S_A_L_T_WAVE_IF_CAN,36103,3/16/2022 10:12:41 AM,33b51683-fa6a-4dd3-82e5-de08bcc17c14,"(1.4, 0.0, 4.0)",waveIfCan,Mike_7 Root,
S_A_L_T_WAVED,36103,3/16/2022 10:12:41 AM,33b51683-fa6a-4dd3-82e5-de08bcc17c14,"(1.4, 0.0, 4.0)",waved,Mike_7 Root,
S_A_L_T_WAVE_IF_CAN,36103,3/16/2022 10:12:41 AM,33b51683-fa6a-4dd3-82e5-de08bcc17c14,"(4.6, 0.0, -0.9)",waveIfCan,Gloria_8 Root,
S_A_L_T_WAVE_IF_CAN,36103,3/16/2022 10:12:41 AM,33b51683-fa6a-4dd3-82e5-de08bcc17c14,"(1.8, 0.0, -1.6)",waveIfCan,Bob_9 Root,
S_A_L_T_WAVE_IF_CAN,36103,3/16/2022 10:12:41 AM,33b51683-fa6a-4dd3-82e5-de08bcc17c14,"(2.1, 0.0, 1.7)",waveIfCan,Helga_10 Root,
S_A_L_T_WALK_IF_CAN,36126,3/16/2022 10:12:41 AM,33b51683-fa6a-4dd3-82e5-de08bcc17c14,"(4.6, 0.0, -0.9)",walkIfCan,Gloria_8 Root,
S_A_L_T_WALKED,36126,3/16/2022 10:12:41 AM,33b51683-fa6a-4dd3-82e5-de08bcc17c14,"(4.6, 0.0, -0.9)",walked,Gloria_8 Root,
S_A_L_T_WALK_IF_CAN,36126,3/16/2022 10:12:41 AM,33b51683-fa6a-4dd3-82e5-de08bcc17c14,"(1.8, 0.0, -1.6)",walkIfCan,Bob_9 Root,
S_A_L_T_WALKED,36126,3/16/2022 10:12:41 AM,33b51683-fa6a-4dd3-82e5-de08bcc17c14,"(1.8, 0.0, -1.6)",walked,Bob_9 Root,
S_A_L_T_WALK_IF_CAN,36126,3/16/2022 10:12:41 AM,33b51683-fa6a-4dd3-82e5-de08bcc17c14,"(2.1, 0.0, 1.7)",walkIfCan,Helga_10 Root,
S_A_L_T_WALKED,36126,3/16/2022 10:12:41 AM,33b51683-fa6a-4dd3-82e5-de08bcc17c14,"(2.1, 0.0, 1.7)",walked,Helga_10 Root,
TELEPORT,38243,3/16/2022 10:12:43 AM,33b51683-fa6a-4dd3-82e5-de08bcc17c14,"(2.6, 0.0, -2.4)",
PULSE_TAKEN,48299,3/16/2022 10:12:53 AM,33b51683-fa6a-4dd3-82e5-de08bcc17c14,pulse_faint,Gary_3 Root,
PATIENT_ENGAGED,51108,3/16/2022 10:12:56 AM,33b51683-fa6a-4dd3-82e5-de08bcc17c14,100,0,Gary_3 Root,"(0.0, 0.0, 2.0)","(0.0, 0.0, 0.0, 1.0)",IMMEDIATE,still,faint,collapsedRight,normal,unresponsive,supine,
PULSE_TAKEN,53276,3/16/2022 10:12:58 AM,33b51683-fa6a-4dd3-82e5-de08bcc17c14,pulse_faint,Gary_3 Root,
PULSE_TAKEN,55541,3/16/2022 10:13:00 AM,33b51683-fa6a-4dd3-82e5-de08bcc17c14,pulse_faint,Gary_3 Root,
PULSE_TAKEN,55721,3/16/2022 10:13:01 AM,33b51683-fa6a-4dd3-82e5-de08bcc17c14,pulse_faint,Gary_3 Root,
PULSE_TAKEN,57082,3/16/2022 10:13:02 AM,33b51683-fa6a-4dd3-82e5-de08bcc17c14,pulse_faint,Gary_3 Root,
PULSE_TAKEN,59134,3/16/2022 10:13:04 AM,33b51683-fa6a-4dd3-82e5-de08bcc17c14,pulse_faint,Gary_3 Root,
BAG_ACCESS,67162,3/16/2022 10:13:12 AM,33b51683-fa6a-4dd3-82e5-de08bcc17c14,"(1.4, 0.7, 1.8)",
TAG_SELECTED,69123,3/16/2022 10:13:14 AM,33b51683-fa6a-4dd3-82e5-de08bcc17c14,gray,
TAG_APPLIED,69279,3/16/2022 10:13:14 AM,33b51683-fa6a-4dd3-82e5-de08bcc17c14,Gary_3 Root,gray,
BAG_CLOSED,72203,3/16/2022 10:13:17 AM,33b51683-fa6a-4dd3-82e5-de08bcc17c14,"(1.4, 0.7, 1.8)",
TELEPORT,72203,3/16/2022 10:13:17 AM,33b51683-fa6a-4dd3-82e5-de08bcc17c14,"(0.4, 0.0, 0.5)",
TELEPORT,74866,3/16/2022 10:13:20 AM,33b51683-fa6a-4dd3-82e5-de08bcc17c14,"(-0.5, 0.0, 1.6)",
TELEPORT,77566,3/16/2022 10:13:22 AM,33b51683-fa6a-4dd3-82e5-de08bcc17c14,"(-0.4, 0.0, 1.9)",
PATIENT_ENGAGED,78834,3/16/2022 10:13:24 AM,33b51683-fa6a-4dd3-82e5-de08bcc17c14,100,Infinity,Gloria_6 Root,"(-1.0, 0.0, 3.2)","(0.0, 0.4, 0.0, 0.9)",DELAYED,waver,fast,normal,normal,calm,fetal,
TELEPORT,84690,3/16/2022 10:13:30 AM,33b51683-fa6a-4dd3-82e5-de08bcc17c14,"(-0.6, 0.0, 1.8)",
TELEPORT,85395,3/16/2022 10:13:30 AM,33b51683-fa6a-4dd3-82e5-de08bcc17c14,"(-0.1, 0.0, 2.1)",
TELEPORT,89257,3/16/2022 10:13:34 AM,33b51683-fa6a-4dd3-82e5-de08bcc17c14,"(-0.4, 0.0, 3.1)",
TELEPORT,91471,3/16/2022 10:13:36 AM,33b51683-fa6a-4dd3-82e5-de08bcc17c14,"(-0.7, 0.0, 4.2)",
PULSE_TAKEN,93003,3/16/2022 10:13:38 AM,33b51683-fa6a-4dd3-82e5-de08bcc17c14,pulse_none,Bob_0 Root,
PATIENT_ENGAGED,93216,3/16/2022 10:13:38 AM,33b51683-fa6a-4dd3-82e5-de08bcc17c14,100,Infinity,Bob_0 Root,"(-1.0, 0.0, 6.0)","(0.0, 0.7, 0.0, 0.7)",DEAD,still,none,none,none,dead,supine,
PULSE_TAKEN,95825,3/16/2022 10:13:41 AM,33b51683-fa6a-4dd3-82e5-de08bcc17c14,pulse_none,Bob_0 Root,
PULSE_TAKEN,96898,3/16/2022 10:13:42 AM,33b51683-fa6a-4dd3-82e5-de08bcc17c14,pulse_none,Bob_0 Root,
BAG_ACCESS,98036,3/16/2022 10:13:43 AM,33b51683-fa6a-4dd3-82e5-de08bcc17c14,"(-0.9, 0.7, 5.3)",
TAG_SELECTED,99195,3/16/2022 10:13:44 AM,33b51683-fa6a-4dd3-82e5-de08bcc17c14,black,
TAG_APPLIED,99334,3/16/2022 10:13:44 AM,33b51683-fa6a-4dd3-82e5-de08bcc17c14,Bob_0 Root,black,
BAG_CLOSED,102103,3/16/2022 10:13:47 AM,33b51683-fa6a-4dd3-82e5-de08bcc17c14,"(-0.9, 0.7, 5.3)",
TELEPORT,102103,3/16/2022 10:13:47 AM,33b51683-fa6a-4dd3-82e5-de08bcc17c14,"(-1.0, 0.0, 4.1)",
TELEPORT,104235,3/16/2022 10:13:49 AM,33b51683-fa6a-4dd3-82e5-de08bcc17c14,"(0.2, 0.0, 4.0)",
TELEPORT,107571,3/16/2022 10:13:52 AM,33b51683-fa6a-4dd3-82e5-de08bcc17c14,"(1.4, 0.0, 4.3)",
TELEPORT,111397,3/16/2022 10:13:56 AM,33b51683-fa6a-4dd3-82e5-de08bcc17c14,"(1.5, 0.0, 6.2)",
PATIENT_ENGAGED,111760,3/16/2022 10:13:57 AM,33b51683-fa6a-4dd3-82e5-de08bcc17c14,100,Infinity,Gary_1 Root,"(2.0, 0.0, 7.0)","(0.0, 1.0, 0.0, 0.0)",EXPECTANT,still,none,restricted,none,unresponsive,supine,
PULSE_TAKEN,113994,3/16/2022 10:13:59 AM,33b51683-fa6a-4dd3-82e5-de08bcc17c14,pulse_none,Gary_1 Root,
PULSE_TAKEN,117416,3/16/2022 10:14:02 AM,33b51683-fa6a-4dd3-82e5-de08bcc17c14,pulse_none,Gary_1 Root,
TELEPORT,118541,3/16/2022 10:14:03 AM,33b51683-fa6a-4dd3-82e5-de08bcc17c14,"(1.5, 0.0, 6.1)",
PULSE_TAKEN,120289,3/16/2022 10:14:05 AM,33b51683-fa6a-4dd3-82e5-de08bcc17c14,pulse_none,Gary_1 Root,
PULSE_TAKEN,121970,3/16/2022 10:14:07 AM,33b51683-fa6a-4dd3-82e5-de08bcc17c14,pulse_none,Gary_1 Root,
BAG_ACCESS,125926,3/16/2022 10:14:11 AM,33b51683-fa6a-4dd3-82e5-de08bcc17c14,"(1.8, 0.7, 7.8)",
TAG_SELECTED,127504,3/16/2022 10:14:12 AM,33b51683-fa6a-4dd3-82e5-de08bcc17c14,black,
TAG_APPLIED,127666,3/16/2022 10:14:13 AM,33b51683-fa6a-4dd3-82e5-de08bcc17c14,Gary_1 Root,black,
TAG_SELECTED,130954,3/16/2022 10:14:16 AM,33b51683-fa6a-4dd3-82e5-de08bcc17c14,black,
TAG_APPLIED,132268,3/16/2022 10:14:17 AM,33b51683-fa6a-4dd3-82e5-de08bcc17c14,Gary_1 Root,black,
BAG_CLOSED,136056,3/16/2022 10:14:21 AM,33b51683-fa6a-4dd3-82e5-de08bcc17c14,"(1.8, 0.7, 7.8)",
TELEPORT,136056,3/16/2022 10:14:21 AM,33b51683-fa6a-4dd3-82e5-de08bcc17c14,"(1.3, 0.0, 6.0)",
TELEPORT,140609,3/16/2022 10:14:25 AM,33b51683-fa6a-4dd3-82e5-de08bcc17c14,"(2.1, 0.0, 5.2)",
VOICE_CAPTURE,143275,3/16/2022 10:14:28 AM,33b51683-fa6a-4dd3-82e5-de08bcc17c14,wave,NA,
VOICE_COMMAND,143275,3/16/2022 10:14:28 AM,33b51683-fa6a-4dd3-82e5-de08bcc17c14,wave if you can,wave,
S_A_L_T_WAVE_IF_CAN,143276,3/16/2022 10:14:28 AM,33b51683-fa6a-4dd3-82e5-de08bcc17c14,"(4.8, 0.0, -1.1)",waveIfCan,Gloria_8 Root,
S_A_L_T_WAVED,143276,3/16/2022 10:14:28 AM,33b51683-fa6a-4dd3-82e5-de08bcc17c14,"(4.8, 0.0, -1.1)",waved,Gloria_8 Root,
S_A_L_T_WAVE_IF_CAN,143276,3/16/2022 10:14:28 AM,33b51683-fa6a-4dd3-82e5-de08bcc17c14,"(1.7, 0.0, -3.0)",waveIfCan,Bob_9 Root,
S_A_L_T_WAVED,143276,3/16/2022 10:14:28 AM,33b51683-fa6a-4dd3-82e5-de08bcc17c14,"(1.7, 0.0, -3.0)",waved,Bob_9 Root,
S_A_L_T_WAVE_IF_CAN,143276,3/16/2022 10:14:28 AM,33b51683-fa6a-4dd3-82e5-de08bcc17c14,"(4.6, 0.0, -2.6)",waveIfCan,Helga_10 Root,
S_A_L_T_WAVED,143276,3/16/2022 10:14:28 AM,33b51683-fa6a-4dd3-82e5-de08bcc17c14,"(4.6, 0.0, -2.6)",waved,Helga_10 Root,
TELEPORT,144774,3/16/2022 10:14:30 AM,33b51683-fa6a-4dd3-82e5-de08bcc17c14,"(2.0, 0.0, 5.4)",
TELEPORT,146141,3/16/2022 10:14:31 AM,33b51683-fa6a-4dd3-82e5-de08bcc17c14,"(1.1, 0.0, 5.3)",
TELEPORT,150250,3/16/2022 10:14:35 AM,33b51683-fa6a-4dd3-82e5-de08bcc17c14,"(1.4, 0.0, 6.2)",
TELEPORT,153072,3/16/2022 10:14:38 AM,33b51683-fa6a-4dd3-82e5-de08bcc17c14,"(1.9, 0.0, 4.4)",
TELEPORT,155914,3/16/2022 10:14:41 AM,33b51683-fa6a-4dd3-82e5-de08bcc17c14,"(1.6, 0.0, 3.9)",
PATIENT_ENGAGED,157454,3/16/2022 10:14:42 AM,33b51683-fa6a-4dd3-82e5-de08bcc17c14,100,Infinity,Lily_2 Root,"(3.0, 0.0, 4.0)","(0.0, 1.0, 0.0, 0.0)",IMMEDIATE,waver,fast,fast,normal,calm,fetal,
TELEPORT,158056,3/16/2022 10:14:43 AM,33b51683-fa6a-4dd3-82e5-de08bcc17c14,"(1.8, 0.0, 2.7)",
TELEPORT,158933,3/16/2022 10:14:44 AM,33b51683-fa6a-4dd3-82e5-de08bcc17c14,"(2.2, 0.0, 2.8)",
TELEPORT,160013,3/16/2022 10:14:45 AM,33b51683-fa6a-4dd3-82e5-de08bcc17c14,"(2.2, 0.0, 3.0)",
TELEPORT,160291,3/16/2022 10:14:45 AM,33b51683-fa6a-4dd3-82e5-de08bcc17c14,"(2.3, 0.0, 3.1)",
PULSE_TAKEN,161456,3/16/2022 10:14:46 AM,33b51683-fa6a-4dd3-82e5-de08bcc17c14,pulse_fast,Lily_2 Root,
VOICE_CAPTURE,162489,3/16/2022 10:14:47 AM,33b51683-fa6a-4dd3-82e5-de08bcc17c14,are you hurt,NA,
VOICE_COMMAND,162489,3/16/2022 10:14:47 AM,33b51683-fa6a-4dd3-82e5-de08bcc17c14,are you hurt,are you hurt,
PULSE_TAKEN,162903,3/16/2022 10:14:48 AM,33b51683-fa6a-4dd3-82e5-de08bcc17c14,pulse_fast,Lily_2 Root,
BAG_ACCESS,165712,3/16/2022 10:14:51 AM,33b51683-fa6a-4dd3-82e5-de08bcc17c14,"(3.9, 0.7, 3.8)",
TOOL_HOVER,166892,3/16/2022 10:14:52 AM,33b51683-fa6a-4dd3-82e5-de08bcc17c14,Tourniquet,999,
TOOL_HOVER,166917,3/16/2022 10:14:52 AM,33b51683-fa6a-4dd3-82e5-de08bcc17c14,Tourniquet,999,
TOOL_HOVER,166942,3/16/2022 10:14:52 AM,33b51683-fa6a-4dd3-82e5-de08bcc17c14,Tourniquet,999,
TOOL_HOVER,166966,3/16/2022 10:14:52 AM,33b51683-fa6a-4dd3-82e5-de08bcc17c14,Tourniquet,999,
TOOL_HOVER,166990,3/16/2022 10:14:52 AM,33b51683-fa6a-4dd3-82e5-de08bcc17c14,Gauze,999,
TOOL_HOVER,167014,3/16/2022 10:14:52 AM,33b51683-fa6a-4dd3-82e5-de08bcc17c14,Gauze,999,
TOOL_HOVER,167036,3/16/2022 10:14:52 AM,33b51683-fa6a-4dd3-82e5-de08bcc17c14,Gauze,999,
TOOL_HOVER,167057,3/16/2022 10:14:52 AM,33b51683-fa6a-4dd3-82e5-de08bcc17c14,Gauze,999,
TOOL_HOVER,167079,3/16/2022 10:14:52 AM,33b51683-fa6a-4dd3-82e5-de08bcc17c14,Gauze,999,
TOOL_HOVER,167101,3/16/2022 10:14:52 AM,33b51683-fa6a-4dd3-82e5-de08bcc17c14,Gauze,999,
TOOL_HOVER,167123,3/16/2022 10:14:52 AM,33b51683-fa6a-4dd3-82e5-de08bcc17c14,Gauze,999,
TOOL_HOVER,167146,3/16/2022 10:14:52 AM,33b51683-fa6a-4dd3-82e5-de08bcc17c14,Gauze,999,
TOOL_HOVER,167169,3/16/2022 10:14:52 AM,33b51683-fa6a-4dd3-82e5-de08bcc17c14,Gauze,999,
TOOL_HOVER,167191,3/16/2022 10:14:52 AM,33b51683-fa6a-4dd3-82e5-de08bcc17c14,Tourniquet,999,
TOOL_HOVER,167214,3/16/2022 10:14:52 AM,33b51683-fa6a-4dd3-82e5-de08bcc17c14,Tourniquet,999,
TOOL_HOVER,167236,3/16/2022 10:14:52 AM,33b51683-fa6a-4dd3-82e5-de08bcc17c14,Tourniquet,999,
TOOL_HOVER,167259,3/16/2022 10:14:52 AM,33b51683-fa6a-4dd3-82e5-de08bcc17c14,Tourniquet,999,
TOOL_HOVER,167280,3/16/2022 10:14:52 AM,33b51683-fa6a-4dd3-82e5-de08bcc17c14,Tourniquet,999,
TOOL_SELECTED,167283,3/16/2022 10:14:52 AM,33b51683-fa6a-4dd3-82e5-de08bcc17c14,Tourniquet,998,
INJURY_TREATED,169843,3/16/2022 10:14:55 AM,33b51683-fa6a-4dd3-82e5-de08bcc17c14,R Shin Amputation,Lily_2 Root,tourniquet,high,rightLeg,True,False,"(3.3, 0.1, 3.8)",
TOOL_APPLIED,169844,3/16/2022 10:14:55 AM,33b51683-fa6a-4dd3-82e5-de08bcc17c14,Lily_2 Root,Tourniquet,RightUpLeg (UnityEngine.GameObject),tor_ring (1) (UnityEngine.GameObject),tourniquet(Clone) (UnityEngine.GameObject),AppliedTourniquet,
TOOL_HOVER,173093,3/16/2022 10:14:58 AM,33b51683-fa6a-4dd3-82e5-de08bcc17c14,Hemostatic Gauze,999,
TOOL_HOVER,173116,3/16/2022 10:14:58 AM,33b51683-fa6a-4dd3-82e5-de08bcc17c14,Hemostatic Gauze,999,
TOOL_HOVER,173138,3/16/2022 10:14:58 AM,33b51683-fa6a-4dd3-82e5-de08bcc17c14,Hemostatic Gauze,999,
TOOL_HOVER,173159,3/16/2022 10:14:58 AM,33b51683-fa6a-4dd3-82e5-de08bcc17c14,Hemostatic Gauze,999,
TOOL_HOVER,173183,3/16/2022 10:14:58 AM,33b51683-fa6a-4dd3-82e5-de08bcc17c14,Hemostatic Gauze,999,
TOOL_HOVER,173204,3/16/2022 10:14:58 AM,33b51683-fa6a-4dd3-82e5-de08bcc17c14,Hemostatic Gauze,999,
TOOL_HOVER,173227,3/16/2022 10:14:58 AM,33b51683-fa6a-4dd3-82e5-de08bcc17c14,Hemostatic Gauze,999,
TOOL_HOVER,173249,3/16/2022 10:14:58 AM,33b51683-fa6a-4dd3-82e5-de08bcc17c14,Hemostatic Gauze,999,
TOOL_HOVER,173272,3/16/2022 10:14:58 AM,33b51683-fa6a-4dd3-82e5-de08bcc17c14,Hemostatic Gauze,999,
TOOL_HOVER,173293,3/16/2022 10:14:58 AM,33b51683-fa6a-4dd3-82e5-de08bcc17c14,Hemostatic Gauze,999,
TOOL_HOVER,173315,3/16/2022 10:14:58 AM,33b51683-fa6a-4dd3-82e5-de08bcc17c14,Hemostatic Gauze,999,
TOOL_HOVER,173337,3/16/2022 10:14:58 AM,33b51683-fa6a-4dd3-82e5-de08bcc17c14,Hemostatic Gauze,999,
TOOL_HOVER,173358,3/16/2022 10:14:58 AM,33b51683-fa6a-4dd3-82e5-de08bcc17c14,Hemostatic Gauze,999,
TOOL_HOVER,173381,3/16/2022 10:14:58 AM,33b51683-fa6a-4dd3-82e5-de08bcc17c14,Hemostatic Gauze,999,
TOOL_HOVER,173403,3/16/2022 10:14:58 AM,33b51683-fa6a-4dd3-82e5-de08bcc17c14,Hemostatic Gauze,999,
TOOL_HOVER,173426,3/16/2022 10:14:58 AM,33b51683-fa6a-4dd3-82e5-de08bcc17c14,Hemostatic Gauze,999,
TOOL_HOVER,173448,3/16/2022 10:14:58 AM,33b51683-fa6a-4dd3-82e5-de08bcc17c14,Hemostatic Gauze,999,
TOOL_HOVER,173472,3/16/2022 10:14:58 AM,33b51683-fa6a-4dd3-82e5-de08bcc17c14,Hemostatic Gauze,999,
TAG_SELECTED,175294,3/16/2022 10:15:00 AM,33b51683-fa6a-4dd3-82e5-de08bcc17c14,yellow,
TAG_APPLIED,176504,3/16/2022 10:15:01 AM,33b51683-fa6a-4dd3-82e5-de08bcc17c14,Lily_2 Root,yellow,
BAG_CLOSED,178139,3/16/2022 10:15:03 AM,33b51683-fa6a-4dd3-82e5-de08bcc17c14,"(3.9, 0.7, 3.8)",
TELEPORT,182104,3/16/2022 10:15:07 AM,33b51683-fa6a-4dd3-82e5-de08bcc17c14,"(2.2, 0.0, 1.5)",
PATIENT_ENGAGED,182173,3/16/2022 10:15:07 AM,33b51683-fa6a-4dd3-82e5-de08bcc17c14,63.87083,Infinity,Mike_5 Root,"(2.6, 0.0, 2.0)","(0.0, 1.0, 0.0, 0.0)",IMMEDIATE,waver,fast,normal,normal,calm,fetal,
PULSE_TAKEN,185530,3/16/2022 10:15:10 AM,33b51683-fa6a-4dd3-82e5-de08bcc17c14,pulse_fast,Mike_5 Root,
PULSE_TAKEN,186324,3/16/2022 10:15:11 AM,33b51683-fa6a-4dd3-82e5-de08bcc17c14,pulse_fast,Mike_5 Root,
PULSE_TAKEN,187715,3/16/2022 10:15:13 AM,33b51683-fa6a-4dd3-82e5-de08bcc17c14,pulse_fast,Mike_5 Root,
BAG_ACCESS,189517,3/16/2022 10:15:14 AM,33b51683-fa6a-4dd3-82e5-de08bcc17c14,"(3.5, 0.4, 1.8)",
TOOL_HOVER,190199,3/16/2022 10:15:15 AM,33b51683-fa6a-4dd3-82e5-de08bcc17c14,Gauze,999,
TOOL_HOVER,190228,3/16/2022 10:15:15 AM,33b51683-fa6a-4dd3-82e5-de08bcc17c14,Gauze,999,
TOOL_HOVER,190259,3/16/2022 10:15:15 AM,33b51683-fa6a-4dd3-82e5-de08bcc17c14,Gauze,999,
TOOL_HOVER,190290,3/16/2022 10:15:15 AM,33b51683-fa6a-4dd3-82e5-de08bcc17c14,Gauze,999,
TOOL_HOVER,190322,3/16/2022 10:15:15 AM,33b51683-fa6a-4dd3-82e5-de08bcc17c14,Gauze,999,
TOOL_HOVER,190353,3/16/2022 10:15:15 AM,33b51683-fa6a-4dd3-82e5-de08bcc17c14,Gauze,999,
TOOL_HOVER,190386,3/16/2022 10:15:15 AM,33b51683-fa6a-4dd3-82e5-de08bcc17c14,Gauze,999,
TOOL_HOVER,190417,3/16/2022 10:15:15 AM,33b51683-fa6a-4dd3-82e5-de08bcc17c14,Gauze,999,
TOOL_HOVER,190448,3/16/2022 10:15:15 AM,33b51683-fa6a-4dd3-82e5-de08bcc17c14,Gauze,999,
TOOL_HOVER,190482,3/16/2022 10:15:15 AM,33b51683-fa6a-4dd3-82e5-de08bcc17c14,Tourniquet,998,
TOOL_HOVER,190510,3/16/2022 10:15:15 AM,33b51683-fa6a-4dd3-82e5-de08bcc17c14,Tourniquet,998,
TOOL_HOVER,190537,3/16/2022 10:15:15 AM,33b51683-fa6a-4dd3-82e5-de08bcc17c14,Tourniquet,998,
TOOL_HOVER,190564,3/16/2022 10:15:15 AM,33b51683-fa6a-4dd3-82e5-de08bcc17c14,Tourniquet,998,
TOOL_HOVER,190591,3/16/2022 10:15:15 AM,33b51683-fa6a-4dd3-82e5-de08bcc17c14,Tourniquet,998,
TOOL_HOVER,190618,3/16/2022 10:15:15 AM,33b51683-fa6a-4dd3-82e5-de08bcc17c14,Tourniquet,998,
TOOL_HOVER,190645,3/16/2022 10:15:16 AM,33b51683-fa6a-4dd3-82e5-de08bcc17c14,Tourniquet,998,
TOOL_HOVER,190672,3/16/2022 10:15:16 AM,33b51683-fa6a-4dd3-82e5-de08bcc17c14,Tourniquet,998,
TOOL_HOVER,190700,3/16/2022 10:15:16 AM,33b51683-fa6a-4dd3-82e5-de08bcc17c14,Tourniquet,998,
TOOL_HOVER,190727,3/16/2022 10:15:16 AM,33b51683-fa6a-4dd3-82e5-de08bcc17c14,Tourniquet,998,
TOOL_HOVER,190756,3/16/2022 10:15:16 AM,33b51683-fa6a-4dd3-82e5-de08bcc17c14,Tourniquet,998,
TOOL_HOVER,190783,3/16/2022 10:15:16 AM,33b51683-fa6a-4dd3-82e5-de08bcc17c14,Tourniquet,998,
TOOL_HOVER,190811,3/16/2022 10:15:16 AM,33b51683-fa6a-4dd3-82e5-de08bcc17c14,Tourniquet,998,
TOOL_HOVER,190839,3/16/2022 10:15:16 AM,33b51683-fa6a-4dd3-82e5-de08bcc17c14,Tourniquet,998,
TOOL_HOVER,190867,3/16/2022 10:15:16 AM,33b51683-fa6a-4dd3-82e5-de08bcc17c14,Tourniquet,998,
TOOL_SELECTED,190868,3/16/2022 10:15:16 AM,33b51683-fa6a-4dd3-82e5-de08bcc17c14,Tourniquet,997,
INJURY_TREATED,192449,3/16/2022 10:15:17 AM,33b51683-fa6a-4dd3-82e5-de08bcc17c14,R Thigh Laceration,Mike_5 Root,gauzePressure,medium,rightLeg,False,True,"(2.9, 0.3, 1.9)",
TOOL_APPLIED,192451,3/16/2022 10:15:17 AM,33b51683-fa6a-4dd3-82e5-de08bcc17c14,Mike_5 Root,Tourniquet,RightUpLeg (UnityEngine.GameObject),tor_ring (1) (UnityEngine.GameObject),tourniquet(Clone) (UnityEngine.GameObject),AppliedTourniquet,
TOOL_HOVER,193694,3/16/2022 10:15:19 AM,33b51683-fa6a-4dd3-82e5-de08bcc17c14,Hemostatic Gauze,999,
TOOL_HOVER,193718,3/16/2022 10:15:19 AM,33b51683-fa6a-4dd3-82e5-de08bcc17c14,Hemostatic Gauze,999,
TOOL_HOVER,193741,3/16/2022 10:15:19 AM,33b51683-fa6a-4dd3-82e5-de08bcc17c14,Hemostatic Gauze,999,
TOOL_HOVER,193766,3/16/2022 10:15:19 AM,33b51683-fa6a-4dd3-82e5-de08bcc17c14,Hemostatic Gauze,999,
TOOL_HOVER,193790,3/16/2022 10:15:19 AM,33b51683-fa6a-4dd3-82e5-de08bcc17c14,Hemostatic Gauze,999,
TOOL_HOVER,193815,3/16/2022 10:15:19 AM,33b51683-fa6a-4dd3-82e5-de08bcc17c14,Hemostatic Gauze,999,
TOOL_HOVER,193838,3/16/2022 10:15:19 AM,33b51683-fa6a-4dd3-82e5-de08bcc17c14,Hemostatic Gauze,999,
TOOL_HOVER,193863,3/16/2022 10:15:19 AM,33b51683-fa6a-4dd3-82e5-de08bcc17c14,Hemostatic Gauze,999,
TOOL_HOVER,193887,3/16/2022 10:15:19 AM,33b51683-fa6a-4dd3-82e5-de08bcc17c14,Hemostatic Gauze,999,
TOOL_HOVER,193912,3/16/2022 10:15:19 AM,33b51683-fa6a-4dd3-82e5-de08bcc17c14,Hemostatic Gauze,999,
TOOL_HOVER,193936,3/16/2022 10:15:19 AM,33b51683-fa6a-4dd3-82e5-de08bcc17c14,Hemostatic Gauze,999,
TOOL_HOVER,193958,3/16/2022 10:15:19 AM,33b51683-fa6a-4dd3-82e5-de08bcc17c14,Hemostatic Gauze,999,
TOOL_HOVER,193982,3/16/2022 10:15:19 AM,33b51683-fa6a-4dd3-82e5-de08bcc17c14,Hemostatic Gauze,999,
TOOL_HOVER,194004,3/16/2022 10:15:19 AM,33b51683-fa6a-4dd3-82e5-de08bcc17c14,Hemostatic Gauze,999,
TOOL_HOVER,194028,3/16/2022 10:15:19 AM,33b51683-fa6a-4dd3-82e5-de08bcc17c14,Hemostatic Gauze,999,
TOOL_HOVER,194052,3/16/2022 10:15:19 AM,33b51683-fa6a-4dd3-82e5-de08bcc17c14,Hemostatic Gauze,999,
TOOL_HOVER,194076,3/16/2022 10:15:19 AM,33b51683-fa6a-4dd3-82e5-de08bcc17c14,Hemostatic Gauze,999,
TOOL_HOVER,194099,3/16/2022 10:15:19 AM,33b51683-fa6a-4dd3-82e5-de08bcc17c14,Hemostatic Gauze,999,
TOOL_HOVER,194122,3/16/2022 10:15:19 AM,33b51683-fa6a-4dd3-82e5-de08bcc17c14,Hemostatic Gauze,999,
TOOL_HOVER,194145,3/16/2022 10:15:19 AM,33b51683-fa6a-4dd3-82e5-de08bcc17c14,Hemostatic Gauze,999,
TOOL_HOVER,194168,3/16/2022 10:15:19 AM,33b51683-fa6a-4dd3-82e5-de08bcc17c14,Hemostatic Gauze,999,
TOOL_HOVER,194192,3/16/2022 10:15:19 AM,33b51683-fa6a-4dd3-82e5-de08bcc17c14,Hemostatic Gauze,999,
TOOL_HOVER,194215,3/16/2022 10:15:19 AM,33b51683-fa6a-4dd3-82e5-de08bcc17c14,Hemostatic Gauze,999,
TOOL_HOVER,194240,3/16/2022 10:15:19 AM,33b51683-fa6a-4dd3-82e5-de08bcc17c14,Hemostatic Gauze,999,
TOOL_HOVER,194264,3/16/2022 10:15:19 AM,33b51683-fa6a-4dd3-82e5-de08bcc17c14,Hemostatic Gauze,999,
TOOL_HOVER,194288,3/16/2022 10:15:19 AM,33b51683-fa6a-4dd3-82e5-de08bcc17c14,Hemostatic Gauze,999,
TOOL_HOVER,194314,3/16/2022 10:15:19 AM,33b51683-fa6a-4dd3-82e5-de08bcc17c14,Hemostatic Gauze,999,
TOOL_HOVER,194337,3/16/2022 10:15:19 AM,33b51683-fa6a-4dd3-82e5-de08bcc17c14,Hemostatic Gauze,999,
TOOL_HOVER,194362,3/16/2022 10:15:19 AM,33b51683-fa6a-4dd3-82e5-de08bcc17c14,Hemostatic Gauze,999,
TOOL_HOVER,194387,3/16/2022 10:15:19 AM,33b51683-fa6a-4dd3-82e5-de08bcc17c14,Hemostatic Gauze,999,
TOOL_SELECTED,194388,3/16/2022 10:15:19 AM,33b51683-fa6a-4dd3-82e5-de08bcc17c14,Hemostatic Gauze,998,
TOOL_DISCARDED,196071,3/16/2022 10:15:21 AM,33b51683-fa6a-4dd3-82e5-de08bcc17c14,Hemostatic Gauze,998,"(3.0, 0.3, 2.3)",
INJURY_TREATED,196073,3/16/2022 10:15:21 AM,33b51683-fa6a-4dd3-82e5-de08bcc17c14,R Side Puncture,Mike_5 Root,woundpack,medium,abdomen,True,False,"(3.0, 0.3, 2.2)",
TOOL_APPLIED,196073,3/16/2022 10:15:21 AM,33b51683-fa6a-4dd3-82e5-de08bcc17c14,Mike_5 Root,Gauze_Pack,skinCollider_BodyCollideLOD (UnityEngine.GameObject),null,null,AppliedPackingGauze,
TAG_SELECTED,200313,3/16/2022 10:15:25 AM,33b51683-fa6a-4dd3-82e5-de08bcc17c14,red,
TAG_APPLIED,201924,3/16/2022 10:15:27 AM,33b51683-fa6a-4dd3-82e5-de08bcc17c14,Mike_5 Root,red,
PULSE_TAKEN,201949,3/16/2022 10:15:27 AM,33b51683-fa6a-4dd3-82e5-de08bcc17c14,pulse_fast,Mike_5 Root,
BAG_CLOSED,203968,3/16/2022 10:15:29 AM,33b51683-fa6a-4dd3-82e5-de08bcc17c14,"(3.5, 0.4, 1.8)",
TELEPORT,204254,3/16/2022 10:15:29 AM,33b51683-fa6a-4dd3-82e5-de08bcc17c14,"(2.3, 0.0, 1.1)",
TELEPORT,207065,3/16/2022 10:15:32 AM,33b51683-fa6a-4dd3-82e5-de08bcc17c14,"(0.5, 0.0, 1.1)",
PATIENT_ENGAGED,212281,3/16/2022 10:15:37 AM,33b51683-fa6a-4dd3-82e5-de08bcc17c14,63.87083,Infinity,Mike_7 Root,"(1.4, 0.0, 4.0)","(0.0, 0.1, 0.0, 1.0)",DELAYED,waver,fast,normal,normal,calm,sittingGround,
TELEPORT,213010,3/16/2022 10:15:38 AM,33b51683-fa6a-4dd3-82e5-de08bcc17c14,"(1.0, 0.0, 4.3)",
PULSE_TAKEN,214547,3/16/2022 10:15:39 AM,33b51683-fa6a-4dd3-82e5-de08bcc17c14,pulse_fast,Mike_7 Root,
PULSE_TAKEN,215614,3/16/2022 10:15:40 AM,33b51683-fa6a-4dd3-82e5-de08bcc17c14,pulse_fast,Mike_7 Root,
PULSE_TAKEN,220464,3/16/2022 10:15:45 AM,33b51683-fa6a-4dd3-82e5-de08bcc17c14,pulse_fast,Mike_7 Root,
BAG_ACCESS,224117,3/16/2022 10:15:49 AM,33b51683-fa6a-4dd3-82e5-de08bcc17c14,"(0.7, 0.7, 4.4)",
TOOL_HOVER,224895,3/16/2022 10:15:50 AM,33b51683-fa6a-4dd3-82e5-de08bcc17c14,Gauze,999,
TOOL_HOVER,224935,3/16/2022 10:15:50 AM,33b51683-fa6a-4dd3-82e5-de08bcc17c14,Gauze,999,
TOOL_HOVER,224972,3/16/2022 10:15:50 AM,33b51683-fa6a-4dd3-82e5-de08bcc17c14,Gauze,999,
TOOL_HOVER,225011,3/16/2022 10:15:50 AM,33b51683-fa6a-4dd3-82e5-de08bcc17c14,Gauze,999,
TOOL_HOVER,225050,3/16/2022 10:15:50 AM,33b51683-fa6a-4dd3-82e5-de08bcc17c14,Gauze,999,
TOOL_HOVER,225086,3/16/2022 10:15:50 AM,33b51683-fa6a-4dd3-82e5-de08bcc17c14,Gauze,999,
TOOL_HOVER,225120,3/16/2022 10:15:50 AM,33b51683-fa6a-4dd3-82e5-de08bcc17c14,Gauze,999,
TOOL_HOVER,225156,3/16/2022 10:15:50 AM,33b51683-fa6a-4dd3-82e5-de08bcc17c14,Gauze,999,
TOOL_HOVER,225190,3/16/2022 10:15:50 AM,33b51683-fa6a-4dd3-82e5-de08bcc17c14,Gauze,999,
TOOL_HOVER,225225,3/16/2022 10:15:50 AM,33b51683-fa6a-4dd3-82e5-de08bcc17c14,Gauze,999,
TOOL_HOVER,225261,3/16/2022 10:15:50 AM,33b51683-fa6a-4dd3-82e5-de08bcc17c14,Gauze,999,
TOOL_HOVER,225295,3/16/2022 10:15:50 AM,33b51683-fa6a-4dd3-82e5-de08bcc17c14,Gauze,999,
TOOL_HOVER,225331,3/16/2022 10:15:50 AM,33b51683-fa6a-4dd3-82e5-de08bcc17c14,Gauze,999,
TOOL_HOVER,225366,3/16/2022 10:15:50 AM,33b51683-fa6a-4dd3-82e5-de08bcc17c14,Gauze,999,
TOOL_HOVER,225403,3/16/2022 10:15:50 AM,33b51683-fa6a-4dd3-82e5-de08bcc17c14,Tourniquet,997,
TOOL_HOVER,225442,3/16/2022 10:15:50 AM,33b51683-fa6a-4dd3-82e5-de08bcc17c14,Tourniquet,997,
TOOL_HOVER,225483,3/16/2022 10:15:50 AM,33b51683-fa6a-4dd3-82e5-de08bcc17c14,Tourniquet,997,
TOOL_HOVER,225522,3/16/2022 10:15:50 AM,33b51683-fa6a-4dd3-82e5-de08bcc17c14,Tourniquet,997,
TOOL_HOVER,225562,3/16/2022 10:15:50 AM,33b51683-fa6a-4dd3-82e5-de08bcc17c14,Tourniquet,997,
TOOL_HOVER,225601,3/16/2022 10:15:50 AM,33b51683-fa6a-4dd3-82e5-de08bcc17c14,Tourniquet,997,
TOOL_HOVER,225640,3/16/2022 10:15:51 AM,33b51683-fa6a-4dd3-82e5-de08bcc17c14,Tourniquet,997,
TOOL_HOVER,225680,3/16/2022 10:15:51 AM,33b51683-fa6a-4dd3-82e5-de08bcc17c14,Tourniquet,997,
TOOL_HOVER,225718,3/16/2022 10:15:51 AM,33b51683-fa6a-4dd3-82e5-de08bcc17c14,Tourniquet,997,
TOOL_HOVER,225756,3/16/2022 10:15:51 AM,33b51683-fa6a-4dd3-82e5-de08bcc17c14,Tourniquet,997,
TOOL_HOVER,225795,3/16/2022 10:15:51 AM,33b51683-fa6a-4dd3-82e5-de08bcc17c14,Tourniquet,997,
TOOL_SELECTED,225797,3/16/2022 10:15:51 AM,33b51683-fa6a-4dd3-82e5-de08bcc17c14,Tourniquet,996,
TOOL_APPLIED,227565,3/16/2022 10:15:52 AM,33b51683-fa6a-4dd3-82e5-de08bcc17c14,Mike_7 Root,Tourniquet,LeftForeArm (UnityEngine.GameObject),tor_ring (1) (UnityEngine.GameObject),tourniquet(Clone) (UnityEngine.GameObject),AppliedTourniquet,
PULSE_TAKEN,228471,3/16/2022 10:15:53 AM,33b51683-fa6a-4dd3-82e5-de08bcc17c14,pulse_fast,Mike_7 Root,
PULSE_TAKEN,229751,3/16/2022 10:15:55 AM,33b51683-fa6a-4dd3-82e5-de08bcc17c14,pulse_fast,Mike_7 Root,
TOOL_HOVER,231311,3/16/2022 10:15:56 AM,33b51683-fa6a-4dd3-82e5-de08bcc17c14,Gauze,999,
TOOL_HOVER,231351,3/16/2022 10:15:56 AM,33b51683-fa6a-4dd3-82e5-de08bcc17c14,Gauze,999,
TOOL_HOVER,231391,3/16/2022 10:15:56 AM,33b51683-fa6a-4dd3-82e5-de08bcc17c14,Gauze,999,
TOOL_HOVER,231430,3/16/2022 10:15:56 AM,33b51683-fa6a-4dd3-82e5-de08bcc17c14,Gauze,999,
TOOL_HOVER,231469,3/16/2022 10:15:56 AM,33b51683-fa6a-4dd3-82e5-de08bcc17c14,Gauze,999,
TOOL_HOVER,231507,3/16/2022 10:15:56 AM,33b51683-fa6a-4dd3-82e5-de08bcc17c14,Gauze,999,
TOOL_HOVER,231546,3/16/2022 10:15:56 AM,33b51683-fa6a-4dd3-82e5-de08bcc17c14,Gauze,999,
TOOL_HOVER,231586,3/16/2022 10:15:56 AM,33b51683-fa6a-4dd3-82e5-de08bcc17c14,Gauze,999,
TOOL_HOVER,231623,3/16/2022 10:15:56 AM,33b51683-fa6a-4dd3-82e5-de08bcc17c14,Gauze,999,
TOOL_HOVER,231661,3/16/2022 10:15:57 AM,33b51683-fa6a-4dd3-82e5-de08bcc17c14,Gauze,999,
TOOL_HOVER,231700,3/16/2022 10:15:57 AM,33b51683-fa6a-4dd3-82e5-de08bcc17c14,Gauze,999,
TOOL_HOVER,231738,3/16/2022 10:15:57 AM,33b51683-fa6a-4dd3-82e5-de08bcc17c14,Gauze,999,
TOOL_HOVER,231777,3/16/2022 10:15:57 AM,33b51683-fa6a-4dd3-82e5-de08bcc17c14,Gauze,999,
TOOL_HOVER,231816,3/16/2022 10:15:57 AM,33b51683-fa6a-4dd3-82e5-de08bcc17c14,Gauze,999,
TOOL_HOVER,231856,3/16/2022 10:15:57 AM,33b51683-fa6a-4dd3-82e5-de08bcc17c14,Gauze,999,
TOOL_HOVER,231895,3/16/2022 10:15:57 AM,33b51683-fa6a-4dd3-82e5-de08bcc17c14,Tourniquet,996,
TOOL_HOVER,231935,3/16/2022 10:15:57 AM,33b51683-fa6a-4dd3-82e5-de08bcc17c14,Tourniquet,996,
TOOL_HOVER,231973,3/16/2022 10:15:57 AM,33b51683-fa6a-4dd3-82e5-de08bcc17c14,Tourniquet,996,
TOOL_HOVER,232012,3/16/2022 10:15:57 AM,33b51683-fa6a-4dd3-82e5-de08bcc17c14,Tourniquet,996,
TOOL_HOVER,232052,3/16/2022 10:15:57 AM,33b51683-fa6a-4dd3-82e5-de08bcc17c14,Tourniquet,996,
TOOL_HOVER,232088,3/16/2022 10:15:57 AM,33b51683-fa6a-4dd3-82e5-de08bcc17c14,Tourniquet,996,
TOOL_HOVER,232123,3/16/2022 10:15:57 AM,33b51683-fa6a-4dd3-82e5-de08bcc17c14,Tourniquet,996,
TOOL_HOVER,232160,3/16/2022 10:15:57 AM,33b51683-fa6a-4dd3-82e5-de08bcc17c14,Tourniquet,996,
TOOL_HOVER,232195,3/16/2022 10:15:57 AM,33b51683-fa6a-4dd3-82e5-de08bcc17c14,Tourniquet,996,
TOOL_HOVER,232232,3/16/2022 10:15:57 AM,33b51683-fa6a-4dd3-82e5-de08bcc17c14,Tourniquet,996,
TOOL_HOVER,232269,3/16/2022 10:15:57 AM,33b51683-fa6a-4dd3-82e5-de08bcc17c14,Tourniquet,996,
TOOL_HOVER,232305,3/16/2022 10:15:57 AM,33b51683-fa6a-4dd3-82e5-de08bcc17c14,Tourniquet,996,
TOOL_SELECTED,232307,3/16/2022 10:15:57 AM,33b51683-fa6a-4dd3-82e5-de08bcc17c14,Tourniquet,995,
INJURY_TREATED,233814,3/16/2022 10:15:59 AM,33b51683-fa6a-4dd3-82e5-de08bcc17c14,L Thigh Puncture,Mike_7 Root,tourniquet,medium,leftLeg,True,False,"(0.8, 0.2, 4.1)",
TOOL_APPLIED,233814,3/16/2022 10:15:59 AM,33b51683-fa6a-4dd3-82e5-de08bcc17c14,Mike_7 Root,Tourniquet,LeftUpLeg (UnityEngine.GameObject),tor_ring (1) (UnityEngine.GameObject),tourniquet(Clone) (UnityEngine.GameObject),AppliedTourniquet,
TOOL_HOVER,234706,3/16/2022 10:16:00 AM,33b51683-fa6a-4dd3-82e5-de08bcc17c14,Gauze,999,
TOOL_HOVER,234734,3/16/2022 10:16:00 AM,33b51683-fa6a-4dd3-82e5-de08bcc17c14,Gauze,999,
TOOL_HOVER,234764,3/16/2022 10:16:00 AM,33b51683-fa6a-4dd3-82e5-de08bcc17c14,Gauze,999,
TOOL_HOVER,234793,3/16/2022 10:16:00 AM,33b51683-fa6a-4dd3-82e5-de08bcc17c14,Gauze,999,
TOOL_HOVER,234825,3/16/2022 10:16:00 AM,33b51683-fa6a-4dd3-82e5-de08bcc17c14,Gauze,999,
TOOL_HOVER,234856,3/16/2022 10:16:00 AM,33b51683-fa6a-4dd3-82e5-de08bcc17c14,Gauze,999,
TOOL_HOVER,234887,3/16/2022 10:16:00 AM,33b51683-fa6a-4dd3-82e5-de08bcc17c14,Gauze,999,
TOOL_HOVER,234917,3/16/2022 10:16:00 AM,33b51683-fa6a-4dd3-82e5-de08bcc17c14,Gauze,999,
TOOL_HOVER,234948,3/16/2022 10:16:00 AM,33b51683-fa6a-4dd3-82e5-de08bcc17c14,Gauze,999,
TOOL_HOVER,234977,3/16/2022 10:16:00 AM,33b51683-fa6a-4dd3-82e5-de08bcc17c14,Gauze,999,
TOOL_HOVER,235008,3/16/2022 10:16:00 AM,33b51683-fa6a-4dd3-82e5-de08bcc17c14,Gauze,999,
TOOL_HOVER,235038,3/16/2022 10:16:00 AM,33b51683-fa6a-4dd3-82e5-de08bcc17c14,Gauze,999,
TOOL_HOVER,235070,3/16/2022 10:16:00 AM,33b51683-fa6a-4dd3-82e5-de08bcc17c14,Gauze,999,
TOOL_HOVER,235100,3/16/2022 10:16:00 AM,33b51683-fa6a-4dd3-82e5-de08bcc17c14,Gauze,999,
TOOL_HOVER,235130,3/16/2022 10:16:00 AM,33b51683-fa6a-4dd3-82e5-de08bcc17c14,Gauze,999,
TOOL_HOVER,235162,3/16/2022 10:16:00 AM,33b51683-fa6a-4dd3-82e5-de08bcc17c14,Gauze,999,
TOOL_HOVER,235193,3/16/2022 10:16:00 AM,33b51683-fa6a-4dd3-82e5-de08bcc17c14,Tourniquet,995,
TOOL_HOVER,235224,3/16/2022 10:16:00 AM,33b51683-fa6a-4dd3-82e5-de08bcc17c14,Tourniquet,995,
TOOL_HOVER,235255,3/16/2022 10:16:00 AM,33b51683-fa6a-4dd3-82e5-de08bcc17c14,Tourniquet,995,
TOOL_HOVER,235286,3/16/2022 10:16:00 AM,33b51683-fa6a-4dd3-82e5-de08bcc17c14,Tourniquet,995,
TOOL_HOVER,235317,3/16/2022 10:16:00 AM,33b51683-fa6a-4dd3-82e5-de08bcc17c14,Tourniquet,995,
TOOL_HOVER,235347,3/16/2022 10:16:00 AM,33b51683-fa6a-4dd3-82e5-de08bcc17c14,Tourniquet,995,
TOOL_HOVER,235376,3/16/2022 10:16:00 AM,33b51683-fa6a-4dd3-82e5-de08bcc17c14,Tourniquet,995,
TOOL_HOVER,235407,3/16/2022 10:16:00 AM,33b51683-fa6a-4dd3-82e5-de08bcc17c14,Tourniquet,995,
TOOL_HOVER,235438,3/16/2022 10:16:00 AM,33b51683-fa6a-4dd3-82e5-de08bcc17c14,Tourniquet,995,
TOOL_HOVER,235469,3/16/2022 10:16:00 AM,33b51683-fa6a-4dd3-82e5-de08bcc17c14,Tourniquet,995,
TOOL_HOVER,235499,3/16/2022 10:16:00 AM,33b51683-fa6a-4dd3-82e5-de08bcc17c14,Tourniquet,995,
TOOL_HOVER,235530,3/16/2022 10:16:00 AM,33b51683-fa6a-4dd3-82e5-de08bcc17c14,Tourniquet,995,
TOOL_HOVER,235560,3/16/2022 10:16:00 AM,33b51683-fa6a-4dd3-82e5-de08bcc17c14,Tourniquet,995,
TOOL_HOVER,235592,3/16/2022 10:16:00 AM,33b51683-fa6a-4dd3-82e5-de08bcc17c14,Tourniquet,995,
TOOL_HOVER,235623,3/16/2022 10:16:00 AM,33b51683-fa6a-4dd3-82e5-de08bcc17c14,Tourniquet,995,
TOOL_HOVER,235654,3/16/2022 10:16:01 AM,33b51683-fa6a-4dd3-82e5-de08bcc17c14,Tourniquet,995,
TOOL_SELECTED,235655,3/16/2022 10:16:01 AM,33b51683-fa6a-4dd3-82e5-de08bcc17c14,Tourniquet,994,
INJURY_TREATED,238047,3/16/2022 10:16:03 AM,33b51683-fa6a-4dd3-82e5-de08bcc17c14,R Calf Laceration,Mike_7 Root,gauzePressure,low,rightLeg,False,True,"(1.4, 0.2, 4.4)",
TOOL_APPLIED,238047,3/16/2022 10:16:03 AM,33b51683-fa6a-4dd3-82e5-de08bcc17c14,Mike_7 Root,Tourniquet,RightLeg (UnityEngine.GameObject),tor_ring (1) (UnityEngine.GameObject),tourniquet(Clone) (UnityEngine.GameObject),AppliedTourniquet,
TAG_SELECTED,240574,3/16/2022 10:16:05 AM,33b51683-fa6a-4dd3-82e5-de08bcc17c14,yellow,
TAG_APPLIED,241349,3/16/2022 10:16:06 AM,33b51683-fa6a-4dd3-82e5-de08bcc17c14,Mike_7 Root,yellow,
BAG_CLOSED,243159,3/16/2022 10:16:08 AM,33b51683-fa6a-4dd3-82e5-de08bcc17c14,"(0.7, 0.7, 4.4)",
TELEPORT,243159,3/16/2022 10:16:08 AM,33b51683-fa6a-4dd3-82e5-de08bcc17c14,"(0.9, 0.0, 4.2)",
TELEPORT,243940,3/16/2022 10:16:09 AM,33b51683-fa6a-4dd3-82e5-de08bcc17c14,"(0.6, 0.0, 4.1)",
TELEPORT,247558,3/16/2022 10:16:12 AM,33b51683-fa6a-4dd3-82e5-de08bcc17c14,"(0.6, 0.0, 4.2)",
PATIENT_ENGAGED,248297,3/16/2022 10:16:13 AM,33b51683-fa6a-4dd3-82e5-de08bcc17c14,100,Infinity,Lily_4 Root,"(1.4, 0.0, 6.0)","(0.0, 1.0, 0.0, 0.0)",IMMEDIATE,waver,fast,normal,normal,calm,fetal,
PULSE_TAKEN,249665,3/16/2022 10:16:15 AM,33b51683-fa6a-4dd3-82e5-de08bcc17c14,pulse_fast,Lily_4 Root,
PULSE_TAKEN,252265,3/16/2022 10:16:17 AM,33b51683-fa6a-4dd3-82e5-de08bcc17c14,pulse_fast,Lily_4 Root,
VOICE_CAPTURE,252938,3/16/2022 10:16:18 AM,33b51683-fa6a-4dd3-82e5-de08bcc17c14,are you hurt,NA,
VOICE_COMMAND,252939,3/16/2022 10:16:18 AM,33b51683-fa6a-4dd3-82e5-de08bcc17c14,are you hurt,are you hurt,
PULSE_TAKEN,253607,3/16/2022 10:16:18 AM,33b51683-fa6a-4dd3-82e5-de08bcc17c14,pulse_fast,Lily_4 Root,
BAG_ACCESS,256332,3/16/2022 10:16:21 AM,33b51683-fa6a-4dd3-82e5-de08bcc17c14,"(0.9, 0.3, 5.8)",
TOOL_HOVER,256683,3/16/2022 10:16:22 AM,33b51683-fa6a-4dd3-82e5-de08bcc17c14,Hemostatic Gauze,999,
TOOL_HOVER,256707,3/16/2022 10:16:22 AM,33b51683-fa6a-4dd3-82e5-de08bcc17c14,Hemostatic Gauze,999,
TOOL_HOVER,256733,3/16/2022 10:16:22 AM,33b51683-fa6a-4dd3-82e5-de08bcc17c14,Hemostatic Gauze,999,
TOOL_HOVER,256758,3/16/2022 10:16:22 AM,33b51683-fa6a-4dd3-82e5-de08bcc17c14,Hemostatic Gauze,999,
TOOL_HOVER,256786,3/16/2022 10:16:22 AM,33b51683-fa6a-4dd3-82e5-de08bcc17c14,Hemostatic Gauze,999,
TOOL_HOVER,256812,3/16/2022 10:16:22 AM,33b51683-fa6a-4dd3-82e5-de08bcc17c14,Hemostatic Gauze,999,
TOOL_HOVER,256838,3/16/2022 10:16:22 AM,33b51683-fa6a-4dd3-82e5-de08bcc17c14,Hemostatic Gauze,999,
TOOL_HOVER,256865,3/16/2022 10:16:22 AM,33b51683-fa6a-4dd3-82e5-de08bcc17c14,Hemostatic Gauze,999,
TOOL_HOVER,256893,3/16/2022 10:16:22 AM,33b51683-fa6a-4dd3-82e5-de08bcc17c14,Hemostatic Gauze,999,
TOOL_HOVER,256923,3/16/2022 10:16:22 AM,33b51683-fa6a-4dd3-82e5-de08bcc17c14,Hemostatic Gauze,999,
TOOL_HOVER,256954,3/16/2022 10:16:22 AM,33b51683-fa6a-4dd3-82e5-de08bcc17c14,Hemostatic Gauze,999,
TOOL_HOVER,256984,3/16/2022 10:16:22 AM,33b51683-fa6a-4dd3-82e5-de08bcc17c14,Hemostatic Gauze,999,
TOOL_HOVER,257016,3/16/2022 10:16:22 AM,33b51683-fa6a-4dd3-82e5-de08bcc17c14,Hemostatic Gauze,999,
TOOL_HOVER,257047,3/16/2022 10:16:22 AM,33b51683-fa6a-4dd3-82e5-de08bcc17c14,Hemostatic Gauze,999,
TOOL_HOVER,257077,3/16/2022 10:16:22 AM,33b51683-fa6a-4dd3-82e5-de08bcc17c14,Hemostatic Gauze,999,
TOOL_HOVER,257110,3/16/2022 10:16:22 AM,33b51683-fa6a-4dd3-82e5-de08bcc17c14,Hemostatic Gauze,999,
TOOL_HOVER,257141,3/16/2022 10:16:22 AM,33b51683-fa6a-4dd3-82e5-de08bcc17c14,Hemostatic Gauze,999,
TOOL_HOVER,257172,3/16/2022 10:16:22 AM,33b51683-fa6a-4dd3-82e5-de08bcc17c14,Hemostatic Gauze,999,
TOOL_HOVER,257204,3/16/2022 10:16:22 AM,33b51683-fa6a-4dd3-82e5-de08bcc17c14,Hemostatic Gauze,999,
TOOL_SELECTED,257205,3/16/2022 10:16:22 AM,33b51683-fa6a-4dd3-82e5-de08bcc17c14,Hemostatic Gauze,998,
TOOL_DISCARDED,258685,3/16/2022 10:16:24 AM,33b51683-fa6a-4dd3-82e5-de08bcc17c14,Hemostatic Gauze,998,"(1.1, 0.3, 6.3)",
INJURY_TREATED,258686,3/16/2022 10:16:24 AM,33b51683-fa6a-4dd3-82e5-de08bcc17c14,L Side Puncture,Lily_4 Root,woundpack,medium,abdomen,True,False,"(1.1, 0.2, 6.3)",
TOOL_APPLIED,258686,3/16/2022 10:16:24 AM,33b51683-fa6a-4dd3-82e5-de08bcc17c14,Lily_4 Root,Gauze_Pack,skinCollider_BodyLOD (UnityEngine.GameObject),null,null,AppliedPackingGauze,
BAG_CLOSED,262322,3/16/2022 10:16:27 AM,33b51683-fa6a-4dd3-82e5-de08bcc17c14,"(0.9, 0.3, 5.8)",
TELEPORT,262322,3/16/2022 10:16:27 AM,33b51683-fa6a-4dd3-82e5-de08bcc17c14,"(0.8, 0.0, 4.1)",
BAG_ACCESS,268501,3/16/2022 10:16:33 AM,33b51683-fa6a-4dd3-82e5-de08bcc17c14,"(1.1, 0.7, 5.6)",
TAG_SELECTED,271318,3/16/2022 10:16:36 AM,33b51683-fa6a-4dd3-82e5-de08bcc17c14,red,
TAG_APPLIED,272020,3/16/2022 10:16:37 AM,33b51683-fa6a-4dd3-82e5-de08bcc17c14,Lily_4 Root,red,
TAG_SELECTED,272605,3/16/2022 10:16:37 AM,33b51683-fa6a-4dd3-82e5-de08bcc17c14,yellow,
TAG_APPLIED,273882,3/16/2022 10:16:39 AM,33b51683-fa6a-4dd3-82e5-de08bcc17c14,Lily_4 Root,yellow,
BAG_CLOSED,275005,3/16/2022 10:16:40 AM,33b51683-fa6a-4dd3-82e5-de08bcc17c14,"(1.1, 0.7, 5.6)",
TELEPORT,275006,3/16/2022 10:16:40 AM,33b51683-fa6a-4dd3-82e5-de08bcc17c14,"(0.9, 0.0, 4.1)",
TELEPORT,276139,3/16/2022 10:16:41 AM,33b51683-fa6a-4dd3-82e5-de08bcc17c14,"(1.4, 0.0, 4.1)",
TELEPORT,278535,3/16/2022 10:16:43 AM,33b51683-fa6a-4dd3-82e5-de08bcc17c14,"(1.8, 0.0, 4.5)",
TELEPORT,281288,3/16/2022 10:16:46 AM,33b51683-fa6a-4dd3-82e5-de08bcc17c14,"(1.9, 0.0, 4.7)",
PATIENT_ENGAGED,282594,3/16/2022 10:16:47 AM,33b51683-fa6a-4dd3-82e5-de08bcc17c14,100,Infinity,Gary_1 Root,"(2.0, 0.0, 7.0)","(0.0, 1.0, 0.0, 0.0)",EXPECTANT,still,none,restricted,none,unresponsive,supine,
TELEPORT,282641,3/16/2022 10:16:48 AM,33b51683-fa6a-4dd3-82e5-de08bcc17c14,"(1.5, 0.0, 5.1)",
TELEPORT,286385,3/16/2022 10:16:51 AM,33b51683-fa6a-4dd3-82e5-de08bcc17c14,"(1.5, 0.0, 5.0)",
TELEPORT,287809,3/16/2022 10:16:53 AM,33b51683-fa6a-4dd3-82e5-de08bcc17c14,"(1.0, 0.0, 4.5)",
TELEPORT,294278,3/16/2022 10:16:59 AM,33b51683-fa6a-4dd3-82e5-de08bcc17c14,"(1.3, 0.0, 3.6)",
TELEPORT,296957,3/16/2022 10:17:02 AM,33b51683-fa6a-4dd3-82e5-de08bcc17c14,"(1.1, 0.0, 2.9)",
PATIENT_ENGAGED,301234,3/16/2022 10:17:06 AM,33b51683-fa6a-4dd3-82e5-de08bcc17c14,100,Infinity,Gloria_6 Root,"(-1.0, 0.0, 3.2)","(0.0, 0.4, 0.0, 0.9)",DELAYED,waver,fast,normal,normal,calm,fetal,
PULSE_TAKEN,303130,3/16/2022 10:17:08 AM,33b51683-fa6a-4dd3-82e5-de08bcc17c14,pulse_fast,Gloria_6 Root,
PULSE_TAKEN,304185,3/16/2022 10:17:09 AM,33b51683-fa6a-4dd3-82e5-de08bcc17c14,pulse_fast,Gloria_6 Root,
PULSE_TAKEN,304970,3/16/2022 10:17:10 AM,33b51683-fa6a-4dd3-82e5-de08bcc17c14,pulse_fast,Gloria_6 Root,
TELEPORT,307750,3/16/2022 10:17:13 AM,33b51683-fa6a-4dd3-82e5-de08bcc17c14,"(-0.7, 0.0, 3.1)",
TELEPORT,307877,3/16/2022 10:17:13 AM,33b51683-fa6a-4dd3-82e5-de08bcc17c14,"(-0.7, 0.0, 3.1)",
TELEPORT,309726,3/16/2022 10:17:15 AM,33b51683-fa6a-4dd3-82e5-de08bcc17c14,"(-0.7, 0.0, 3.0)",
PULSE_TAKEN,311271,3/16/2022 10:17:16 AM,33b51683-fa6a-4dd3-82e5-de08bcc17c14,pulse_fast,Gloria_6 Root,
BAG_ACCESS,316071,3/16/2022 10:17:21 AM,33b51683-fa6a-4dd3-82e5-de08bcc17c14,"(-1.1, 0.7, 4.0)",
TAG_SELECTED,316918,3/16/2022 10:17:22 AM,33b51683-fa6a-4dd3-82e5-de08bcc17c14,red,
TAG_APPLIED,318811,3/16/2022 10:17:24 AM,33b51683-fa6a-4dd3-82e5-de08bcc17c14,Gloria_6 Root,red,
BAG_CLOSED,320270,3/16/2022 10:17:25 AM,33b51683-fa6a-4dd3-82e5-de08bcc17c14,"(-1.1, 0.7, 4.0)",
TELEPORT,320419,3/16/2022 10:17:25 AM,33b51683-fa6a-4dd3-82e5-de08bcc17c14,"(-0.4, 0.0, 3.5)",
PATIENT_ENGAGED,329743,3/16/2022 10:17:35 AM,33b51683-fa6a-4dd3-82e5-de08bcc17c14,100,Infinity,Gloria_8 Root,"(4.8, 0.0, -1.1)","(0.0, -0.7, 0.0, 0.7)",DELAYED,walker,normal,normal,normal,calm,sittingChair,
TELEPORT,330921,3/16/2022 10:17:36 AM,33b51683-fa6a-4dd3-82e5-de08bcc17c14,"(4.0, 0.0, -1.4)",
VOICE_CAPTURE,332322,3/16/2022 10:17:37 AM,33b51683-fa6a-4dd3-82e5-de08bcc17c14,are you hurt,NA,
VOICE_COMMAND,332322,3/16/2022 10:17:37 AM,33b51683-fa6a-4dd3-82e5-de08bcc17c14,are you hurt,are you hurt,
TELEPORT,333014,3/16/2022 10:17:38 AM,33b51683-fa6a-4dd3-82e5-de08bcc17c14,"(3.9, 0.0, -1.5)",
PULSE_TAKEN,334809,3/16/2022 10:17:40 AM,33b51683-fa6a-4dd3-82e5-de08bcc17c14,pulse_normal,Gloria_8 Root,
PULSE_TAKEN,335851,3/16/2022 10:17:41 AM,33b51683-fa6a-4dd3-82e5-de08bcc17c14,pulse_normal,Gloria_8 Root,
BAG_ACCESS,340293,3/16/2022 10:17:45 AM,33b51683-fa6a-4dd3-82e5-de08bcc17c14,"(4.5, 0.7, -1.3)",
PATIENT_ENGAGED,342265,3/16/2022 10:17:47 AM,33b51683-fa6a-4dd3-82e5-de08bcc17c14,100,Infinity,Helga_10 Root,"(4.6, 0.0, -2.6)","(0.0, 0.6, 0.0, -0.8)",MINIMAL,walker,normal,normal,normal,calm,sittingGround,
TOOL_HOVER,342591,3/16/2022 10:17:47 AM,33b51683-fa6a-4dd3-82e5-de08bcc17c14,Hemostatic Gauze,999,
TOOL_HOVER,342616,3/16/2022 10:17:47 AM,33b51683-fa6a-4dd3-82e5-de08bcc17c14,Hemostatic Gauze,999,
TOOL_HOVER,342640,3/16/2022 10:17:48 AM,33b51683-fa6a-4dd3-82e5-de08bcc17c14,Hemostatic Gauze,999,
TOOL_HOVER,342665,3/16/2022 10:17:48 AM,33b51683-fa6a-4dd3-82e5-de08bcc17c14,Hemostatic Gauze,999,
TOOL_HOVER,343003,3/16/2022 10:17:48 AM,33b51683-fa6a-4dd3-82e5-de08bcc17c14,Gauze,999,
TOOL_HOVER,343025,3/16/2022 10:17:48 AM,33b51683-fa6a-4dd3-82e5-de08bcc17c14,Gauze,999,
TOOL_HOVER,343047,3/16/2022 10:17:48 AM,33b51683-fa6a-4dd3-82e5-de08bcc17c14,Gauze,999,
TOOL_HOVER,343069,3/16/2022 10:17:48 AM,33b51683-fa6a-4dd3-82e5-de08bcc17c14,Gauze,999,
TOOL_HOVER,343091,3/16/2022 10:17:48 AM,33b51683-fa6a-4dd3-82e5-de08bcc17c14,Gauze,999,
TOOL_HOVER,343111,3/16/2022 10:17:48 AM,33b51683-fa6a-4dd3-82e5-de08bcc17c14,Gauze,999,
TOOL_HOVER,343131,3/16/2022 10:17:48 AM,33b51683-fa6a-4dd3-82e5-de08bcc17c14,Gauze,999,
TOOL_HOVER,343151,3/16/2022 10:17:48 AM,33b51683-fa6a-4dd3-82e5-de08bcc17c14,Gauze,999,
TOOL_HOVER,343174,3/16/2022 10:17:48 AM,33b51683-fa6a-4dd3-82e5-de08bcc17c14,Gauze,999,
TOOL_HOVER,343196,3/16/2022 10:17:48 AM,33b51683-fa6a-4dd3-82e5-de08bcc17c14,Gauze,999,
TOOL_HOVER,343219,3/16/2022 10:17:48 AM,33b51683-fa6a-4dd3-82e5-de08bcc17c14,Gauze,999,
TOOL_HOVER,343243,3/16/2022 10:17:48 AM,33b51683-fa6a-4dd3-82e5-de08bcc17c14,Gauze,999,
TOOL_HOVER,343266,3/16/2022 10:17:48 AM,33b51683-fa6a-4dd3-82e5-de08bcc17c14,Gauze,999,
TOOL_HOVER,343288,3/16/2022 10:17:48 AM,33b51683-fa6a-4dd3-82e5-de08bcc17c14,Gauze,999,
TOOL_HOVER,343312,3/16/2022 10:17:48 AM,33b51683-fa6a-4dd3-82e5-de08bcc17c14,Gauze,999,
TOOL_HOVER,343335,3/16/2022 10:17:48 AM,33b51683-fa6a-4dd3-82e5-de08bcc17c14,Gauze,999,
TOOL_HOVER,343358,3/16/2022 10:17:48 AM,33b51683-fa6a-4dd3-82e5-de08bcc17c14,Gauze,999,
TOOL_HOVER,343381,3/16/2022 10:17:48 AM,33b51683-fa6a-4dd3-82e5-de08bcc17c14,Gauze,999,
TOOL_HOVER,343404,3/16/2022 10:17:48 AM,33b51683-fa6a-4dd3-82e5-de08bcc17c14,Gauze,999,
TOOL_HOVER,343428,3/16/2022 10:17:48 AM,33b51683-fa6a-4dd3-82e5-de08bcc17c14,Gauze,999,
TOOL_HOVER,343451,3/16/2022 10:17:48 AM,33b51683-fa6a-4dd3-82e5-de08bcc17c14,Gauze,999,
TOOL_HOVER,343474,3/16/2022 10:17:48 AM,33b51683-fa6a-4dd3-82e5-de08bcc17c14,Gauze,999,
TOOL_SELECTED,343476,3/16/2022 10:17:48 AM,33b51683-fa6a-4dd3-82e5-de08bcc17c14,Gauze,998,
PATIENT_ENGAGED,343721,3/16/2022 10:17:49 AM,33b51683-fa6a-4dd3-82e5-de08bcc17c14,100,Infinity,Gloria_8 Root,"(4.8, 0.0, -1.1)","(0.0, -0.7, 0.0, 0.7)",DELAYED,walker,normal,normal,normal,calm,sittingChair,
TOOL_DISCARDED,344447,3/16/2022 10:17:49 AM,33b51683-fa6a-4dd3-82e5-de08bcc17c14,Gauze,998,"(5.0, 0.9, -1.3)",
INJURY_TREATED,344448,3/16/2022 10:17:49 AM,33b51683-fa6a-4dd3-82e5-de08bcc17c14,L Forearm Laceration,Gloria_8 Root,gauzePressure,low,leftArm,True,False,"(4.9, 0.9, -1.3)",
TOOL_APPLIED,344448,3/16/2022 10:17:49 AM,33b51683-fa6a-4dd3-82e5-de08bcc17c14,Gloria_8 Root,Gauze_Dressing,skinCollider_Body_LOD (UnityEngine.GameObject),null,null,AppliedDressingGauze,
TAG_SELECTED,350083,3/16/2022 10:17:55 AM,33b51683-fa6a-4dd3-82e5-de08bcc17c14,yellow,
TAG_APPLIED,351687,3/16/2022 10:17:57 AM,33b51683-fa6a-4dd3-82e5-de08bcc17c14,Gloria_8 Root,yellow,
PATIENT_ENGAGED,352053,3/16/2022 10:17:57 AM,33b51683-fa6a-4dd3-82e5-de08bcc17c14,100,Infinity,Helga_10 Root,"(4.6, 0.0, -2.6)","(0.0, 0.6, 0.0, -0.8)",MINIMAL,walker,normal,normal,normal,calm,sittingGround,
TAG_SELECTED,352556,3/16/2022 10:17:57 AM,33b51683-fa6a-4dd3-82e5-de08bcc17c14,green,
TAG_APPLIED,353307,3/16/2022 10:17:58 AM,33b51683-fa6a-4dd3-82e5-de08bcc17c14,Gloria_8 Root,green,
PULSE_TAKEN,353537,3/16/2022 10:17:58 AM,33b51683-fa6a-4dd3-82e5-de08bcc17c14,pulse_normal,Gloria_8 Root,
BAG_CLOSED,354370,3/16/2022 10:17:59 AM,33b51683-fa6a-4dd3-82e5-de08bcc17c14,"(4.5, 0.7, -1.3)",
TELEPORT,354370,3/16/2022 10:17:59 AM,33b51683-fa6a-4dd3-82e5-de08bcc17c14,"(4.1, 0.0, -1.4)",
TELEPORT,355005,3/16/2022 10:18:00 AM,33b51683-fa6a-4dd3-82e5-de08bcc17c14,"(3.7, 0.0, -1.6)",
TELEPORT,355954,3/16/2022 10:18:01 AM,33b51683-fa6a-4dd3-82e5-de08bcc17c14,"(3.6, 0.0, -1.9)",
TELEPORT,356608,3/16/2022 10:18:01 AM,33b51683-fa6a-4dd3-82e5-de08bcc17c14,"(3.6, 0.0, -1.9)",
TELEPORT,357921,3/16/2022 10:18:03 AM,33b51683-fa6a-4dd3-82e5-de08bcc17c14,"(3.8, 0.0, -2.1)",
PULSE_TAKEN,358621,3/16/2022 10:18:03 AM,33b51683-fa6a-4dd3-82e5-de08bcc17c14,pulse_normal,Helga_10 Root,
VOICE_CAPTURE,358647,3/16/2022 10:18:04 AM,33b51683-fa6a-4dd3-82e5-de08bcc17c14,are you hurt,NA,
VOICE_COMMAND,358647,3/16/2022 10:18:04 AM,33b51683-fa6a-4dd3-82e5-de08bcc17c14,are you hurt,are you hurt,
PULSE_TAKEN,359221,3/16/2022 10:18:04 AM,33b51683-fa6a-4dd3-82e5-de08bcc17c14,pulse_normal,Helga_10 Root,
PULSE_TAKEN,359721,3/16/2022 10:18:05 AM,33b51683-fa6a-4dd3-82e5-de08bcc17c14,pulse_normal,Helga_10 Root,
PULSE_TAKEN,360462,3/16/2022 10:18:05 AM,33b51683-fa6a-4dd3-82e5-de08bcc17c14,pulse_normal,Helga_10 Root,
TOOL_HOVER,363861,3/16/2022 10:18:09 AM,33b51683-fa6a-4dd3-82e5-de08bcc17c14,Tourniquet,994,
TOOL_HOVER,363882,3/16/2022 10:18:09 AM,33b51683-fa6a-4dd3-82e5-de08bcc17c14,Tourniquet,994,
TOOL_HOVER,363904,3/16/2022 10:18:09 AM,33b51683-fa6a-4dd3-82e5-de08bcc17c14,Tourniquet,994,
TOOL_HOVER,363926,3/16/2022 10:18:09 AM,33b51683-fa6a-4dd3-82e5-de08bcc17c14,Tourniquet,994,
BAG_ACCESS,364658,3/16/2022 10:18:10 AM,33b51683-fa6a-4dd3-82e5-de08bcc17c14,"(4.0, 0.4, -2.0)",
TAG_SELECTED,365574,3/16/2022 10:18:10 AM,33b51683-fa6a-4dd3-82e5-de08bcc17c14,green,
TAG_APPLIED,366571,3/16/2022 10:18:11 AM,33b51683-fa6a-4dd3-82e5-de08bcc17c14,Helga_10 Root,green,
PULSE_TAKEN,366595,3/16/2022 10:18:11 AM,33b51683-fa6a-4dd3-82e5-de08bcc17c14,pulse_normal,Helga_10 Root,
BAG_CLOSED,367400,3/16/2022 10:18:12 AM,33b51683-fa6a-4dd3-82e5-de08bcc17c14,"(4.0, 0.4, -2.0)",
TELEPORT,367400,3/16/2022 10:18:12 AM,33b51683-fa6a-4dd3-82e5-de08bcc17c14,"(3.9, 0.0, -2.2)",
TELEPORT,367900,3/16/2022 10:18:13 AM,33b51683-fa6a-4dd3-82e5-de08bcc17c14,"(3.5, 0.0, -2.0)",
PATIENT_ENGAGED,368544,3/16/2022 10:18:13 AM,33b51683-fa6a-4dd3-82e5-de08bcc17c14,100,Infinity,Bob_9 Root,"(1.8, 0.0, -3.0)","(0.0, 0.5, 0.0, 0.8)",MINIMAL,walker,normal,normal,normal,calm,standing,
TELEPORT,369363,3/16/2022 10:18:14 AM,33b51683-fa6a-4dd3-82e5-de08bcc17c14,"(2.7, 0.0, -2.2)",
PULSE_TAKEN,370919,3/16/2022 10:18:16 AM,33b51683-fa6a-4dd3-82e5-de08bcc17c14,pulse_normal,Bob_9 Root,
VOICE_CAPTURE,371136,3/16/2022 10:18:16 AM,33b51683-fa6a-4dd3-82e5-de08bcc17c14,are you hurt,NA,
VOICE_COMMAND,371136,3/16/2022 10:18:16 AM,33b51683-fa6a-4dd3-82e5-de08bcc17c14,are you hurt,are you hurt,
PULSE_TAKEN,372407,3/16/2022 10:18:17 AM,33b51683-fa6a-4dd3-82e5-de08bcc17c14,pulse_normal,Bob_9 Root,
PULSE_TAKEN,372572,3/16/2022 10:18:17 AM,33b51683-fa6a-4dd3-82e5-de08bcc17c14,pulse_normal,Bob_9 Root,
PULSE_TAKEN,372615,3/16/2022 10:18:17 AM,33b51683-fa6a-4dd3-82e5-de08bcc17c14,pulse_normal,Bob_9 Root,
PULSE_TAKEN,373595,3/16/2022 10:18:18 AM,33b51683-fa6a-4dd3-82e5-de08bcc17c14,pulse_normal,Bob_9 Root,
TELEPORT,374304,3/16/2022 10:18:19 AM,33b51683-fa6a-4dd3-82e5-de08bcc17c14,"(2.6, 0.0, -2.6)",
TELEPORT,375990,3/16/2022 10:18:21 AM,33b51683-fa6a-4dd3-82e5-de08bcc17c14,"(1.6, 0.0, -2.2)",
TELEPORT,377144,3/16/2022 10:18:22 AM,33b51683-fa6a-4dd3-82e5-de08bcc17c14,"(1.7, 0.0, -2.9)",
TELEPORT,377922,3/16/2022 10:18:23 AM,33b51683-fa6a-4dd3-82e5-de08bcc17c14,"(2.1, 0.0, -3.3)",
BAG_ACCESS,381084,3/16/2022 10:18:26 AM,33b51683-fa6a-4dd3-82e5-de08bcc17c14,"(2.6, 0.7, -2.9)",
TAG_SELECTED,381998,3/16/2022 10:18:27 AM,33b51683-fa6a-4dd3-82e5-de08bcc17c14,green,
TAG_APPLIED,383556,3/16/2022 10:18:28 AM,33b51683-fa6a-4dd3-82e5-de08bcc17c14,Bob_9 Root,green,
BAG_CLOSED,384645,3/16/2022 10:18:30 AM,33b51683-fa6a-4dd3-82e5-de08bcc17c14,"(2.6, 0.7, -2.9)",
TELEPORT,384645,3/16/2022 10:18:30 AM,33b51683-fa6a-4dd3-82e5-de08bcc17c14,"(2.5, 0.0, -3.0)",
TELEPORT,387496,3/16/2022 10:18:32 AM,33b51683-fa6a-4dd3-82e5-de08bcc17c14,"(2.6, 0.0, -1.2)",
TELEPORT,389941,3/16/2022 10:18:35 AM,33b51683-fa6a-4dd3-82e5-de08bcc17c14,"(3.1, 0.0, -0.2)",
TELEPORT,391877,3/16/2022 10:18:37 AM,33b51683-fa6a-4dd3-82e5-de08bcc17c14,"(2.6, 0.0, -0.5)",
TELEPORT,397164,3/16/2022 10:18:42 AM,33b51683-fa6a-4dd3-82e5-de08bcc17c14,"(1.3, 0.0, 1.1)",
TELEPORT,401670,3/16/2022 10:18:47 AM,33b51683-fa6a-4dd3-82e5-de08bcc17c14,"(0.7, 0.0, -0.2)",
TELEPORT,405595,3/16/2022 10:18:50 AM,33b51683-fa6a-4dd3-82e5-de08bcc17c14,"(1.4, 0.0, 1.3)",
SESSION_END,418342,3/16/2022 10:19:03 AM,33b51683-fa6a-4dd3-82e5-de08bcc17c14,
