VOICE_CAPTURE,5879,3/15/2022 1:37:43 PM,9cd41444-4813-45a8-81d0-a1d068184c8e,OK,NA,
PATIENT_DEMOTED,7828,3/15/2022 1:37:45 PM,9cd41444-4813-45a8-81d0-a1d068184c8e,100,Infinity,Bob_0 Root,"(-1.0, 0.0, 6.0)","(0.0, 0.7, 0.0, 0.7)",EXPECTANT,still,faint,restricted,none,unresponsive,supine,
PATIENT_DEMOTED,7963,3/15/2022 1:37:45 PM,9cd41444-4813-45a8-81d0-a1d068184c8e,100,Infinity,Bob_0 Root,"(-1.0, 0.0, 6.0)","(0.0, 0.7, 0.0, 0.7)",DEAD,still,none,none,none,dead,supine,
PATIENT_DEMOTED,8101,3/15/2022 1:37:46 PM,9cd41444-4813-45a8-81d0-a1d068184c8e,100,Infinity,Gary_1 Root,"(2.0, 0.0, 7.0)","(0.0, 1.0, 0.0, 0.0)",EXPECTANT,still,faint,restricted,none,unresponsive,supine,
VOICE_CAPTURE,8575,3/15/2022 1:37:46 PM,9cd41444-4813-45a8-81d0-a1d068184c8e,OK,NA,
PATIENT_DEMOTED,8864,3/15/2022 1:37:46 PM,9cd41444-4813-45a8-81d0-a1d068184c8e,100,Infinity,Lily_2 Root,"(3.0, 0.0, 4.0)","(0.0, 1.0, 0.0, 0.0)",IMMEDIATE,waver,fast,fast,normal,agony,fetal,
PATIENT_DEMOTED,9538,3/15/2022 1:37:47 PM,9cd41444-4813-45a8-81d0-a1d068184c8e,100,0,Gary_3 Root,"(0.0, 0.0, 2.0)","(0.0, 0.0, 0.0, 1.0)",IMMEDIATE,still,faint,collapsedRight,normal,unresponsive,supine,
PATIENT_DEMOTED,10134,3/15/2022 1:37:48 PM,9cd41444-4813-45a8-81d0-a1d068184c8e,100,Infinity,Lily_4 Root,"(1.4, 0.0, 6.0)","(0.0, 1.0, 0.0, 0.0)",IMMEDIATE,waver,fast,normal,normal,upset,fetal,
PATIENT_DEMOTED,11015,3/15/2022 1:37:48 PM,9cd41444-4813-45a8-81d0-a1d068184c8e,63.87083,Infinity,Mike_5 Root,"(2.6, 0.0, 2.0)","(0.0, 1.0, 0.0, 0.0)",IMMEDIATE,waver,fast,normal,normal,upset,fetal,
PATIENT_DEMOTED,11566,3/15/2022 1:37:49 PM,9cd41444-4813-45a8-81d0-a1d068184c8e,100,Infinity,Gloria_6 Root,"(-1.0, 0.0, 3.2)","(0.0, 0.4, 0.0, 0.9)",IMMEDIATE,waver,fast,normal,normal,upset,fetal,
PATIENT_DEMOTED,11976,3/15/2022 1:37:49 PM,9cd41444-4813-45a8-81d0-a1d068184c8e,100,Infinity,Gloria_6 Root,"(-1.0, 0.0, 3.2)","(0.0, 0.4, 0.0, 0.9)",DELAYED,waver,fast,normal,normal,upset,fetal,
PATIENT_DEMOTED,12285,3/15/2022 1:37:50 PM,9cd41444-4813-45a8-81d0-a1d068184c8e,63.87083,Infinity,Mike_7 Root,"(1.4, 0.0, 4.0)","(0.0, 0.1, 0.0, 1.0)",IMMEDIATE,waver,fast,normal,normal,upset,sittingGround,
PATIENT_DEMOTED,12644,3/15/2022 1:37:50 PM,9cd41444-4813-45a8-81d0-a1d068184c8e,63.87083,Infinity,Mike_7 Root,"(1.4, 0.0, 4.0)","(0.0, 0.1, 0.0, 1.0)",DELAYED,waver,fast,normal,normal,upset,sittingGround,
PATIENT_DEMOTED,12900,3/15/2022 1:37:50 PM,9cd41444-4813-45a8-81d0-a1d068184c8e,100,Infinity,Gloria_8 Root,"(4.0, 0.0, 6.0)","(0.0, 1.0, 0.0, 0.0)",DELAYED,walker,normal,normal,normal,upset,sittingGround,
SESSION_START,16599,3/15/2022 1:37:54 PM,9cd41444-4813-45a8-81d0-a1d068184c8e,
PATIENT_RECORD,16600,3/15/2022 1:37:54 PM,9cd41444-4813-45a8-81d0-a1d068184c8e,100,Infinity,Bob_0 Root,"(-1.0, 0.0, 6.0)","(0.0, 0.7, 0.0, 0.7)",DEAD,still,none,none,none,dead,supine,
INJURY_RECORD,16600,3/15/2022 1:37:54 PM,9cd41444-4813-45a8-81d0-a1d068184c8e,Face Shrapnel,Bob_0 Root,gauzePressure,high,head,False,False,"(-1.1, 1.8, 5.9)",
INJURY_RECORD,16600,3/15/2022 1:37:54 PM,9cd41444-4813-45a8-81d0-a1d068184c8e,L Wrist Amputation,Bob_0 Root,tourniquet,high,leftArm,False,False,"(-1.1, 1.4, 6.7)",
INJURY_RECORD,16600,3/15/2022 1:37:54 PM,9cd41444-4813-45a8-81d0-a1d068184c8e,L Chest Collapse,Bob_0 Root,decompress,high,chest,False,False,"(0.0, 0.0, 0.0)",
INJURY_RECORD,16600,3/15/2022 1:37:54 PM,9cd41444-4813-45a8-81d0-a1d068184c8e,L Stomach Puncture,Bob_0 Root,woundpack,high,abdomen,False,False,"(-0.9, 1.2, 6.1)",
INJURY_RECORD,16600,3/15/2022 1:37:54 PM,9cd41444-4813-45a8-81d0-a1d068184c8e,R Shin Amputation,Bob_0 Root,tourniquet,high,rightLeg,False,False,"(-1.0, 0.4, 5.9)",
INJURY_RECORD,16600,3/15/2022 1:37:54 PM,9cd41444-4813-45a8-81d0-a1d068184c8e,L Thigh Laceration,Bob_0 Root,gauzePressure,medium,leftLeg,False,False,"(-0.9, 0.7, 6.1)",
PATIENT_RECORD,16600,3/15/2022 1:37:54 PM,9cd41444-4813-45a8-81d0-a1d068184c8e,100,Infinity,Gary_1 Root,"(2.0, 0.0, 7.0)","(0.0, 1.0, 0.0, 0.0)",EXPECTANT,still,none,restricted,none,unresponsive,supine,
INJURY_RECORD,16600,3/15/2022 1:37:54 PM,9cd41444-4813-45a8-81d0-a1d068184c8e,Face Shrapnel,Gary_1 Root,gauzePressure,high,head,False,False,"(1.9, 1.7, 7.1)",
PATIENT_RECORD,16600,3/15/2022 1:37:54 PM,9cd41444-4813-45a8-81d0-a1d068184c8e,100,Infinity,Lily_2 Root,"(3.0, 0.0, 4.0)","(0.0, 1.0, 0.0, 0.0)",IMMEDIATE,waver,fast,fast,normal,agony,fetal,
INJURY_RECORD,16600,3/15/2022 1:37:54 PM,9cd41444-4813-45a8-81d0-a1d068184c8e,R Shin Amputation,Lily_2 Root,tourniquet,high,rightLeg,False,False,"(2.9, 0.4, 4.0)",
PATIENT_RECORD,16600,3/15/2022 1:37:54 PM,9cd41444-4813-45a8-81d0-a1d068184c8e,100,0,Gary_3 Root,"(0.0, 0.0, 2.0)","(0.0, 0.0, 0.0, 1.0)",IMMEDIATE,still,faint,collapsedRight,normal,unresponsive,supine,
INJURY_RECORD,16600,3/15/2022 1:37:54 PM,9cd41444-4813-45a8-81d0-a1d068184c8e,R Chest Collapse,Gary_3 Root,decompress,high,chest,False,False,"(0.0, 0.0, 0.0)",
PATIENT_RECORD,16600,3/15/2022 1:37:54 PM,9cd41444-4813-45a8-81d0-a1d068184c8e,100,Infinity,Lily_4 Root,"(1.4, 0.0, 6.0)","(0.0, 1.0, 0.0, 0.0)",IMMEDIATE,waver,fast,normal,normal,upset,fetal,
INJURY_RECORD,16600,3/15/2022 1:37:54 PM,9cd41444-4813-45a8-81d0-a1d068184c8e,L Side Puncture,Lily_4 Root,woundpack,medium,abdomen,False,False,"(1.5, 1.0, 5.9)",
PATIENT_RECORD,16600,3/15/2022 1:37:54 PM,9cd41444-4813-45a8-81d0-a1d068184c8e,63.87083,Infinity,Mike_5 Root,"(2.6, 0.0, 2.0)","(0.0, 1.0, 0.0, 0.0)",IMMEDIATE,waver,fast,normal,normal,upset,fetal,
INJURY_RECORD,16600,3/15/2022 1:37:54 PM,9cd41444-4813-45a8-81d0-a1d068184c8e,R Side Puncture,Mike_5 Root,woundpack,medium,abdomen,False,False,"(2.5, 1.2, 1.9)",
INJURY_RECORD,16600,3/15/2022 1:37:54 PM,9cd41444-4813-45a8-81d0-a1d068184c8e,R Thigh Laceration,Mike_5 Root,gauzePressure,medium,rightLeg,False,False,"(2.4, 0.7, 2.0)",
PATIENT_RECORD,16600,3/15/2022 1:37:54 PM,9cd41444-4813-45a8-81d0-a1d068184c8e,100,Infinity,Gloria_6 Root,"(-1.0, 0.0, 3.2)","(0.0, 0.4, 0.0, 0.9)",DELAYED,waver,fast,normal,normal,upset,fetal,
INJURY_RECORD,16600,3/15/2022 1:37:54 PM,9cd41444-4813-45a8-81d0-a1d068184c8e,R Calf Shrapnel,Gloria_6 Root,tourniquet,medium,rightLeg,False,False,"(-0.9, 0.3, 3.1)",
PATIENT_RECORD,16600,3/15/2022 1:37:54 PM,9cd41444-4813-45a8-81d0-a1d068184c8e,63.87083,Infinity,Mike_7 Root,"(1.4, 0.0, 4.0)","(0.0, 0.1, 0.0, 1.0)",DELAYED,waver,fast,normal,normal,upset,sittingGround,
INJURY_RECORD,16600,3/15/2022 1:37:54 PM,9cd41444-4813-45a8-81d0-a1d068184c8e,L Thigh Puncture,Mike_7 Root,tourniquet,medium,leftLeg,False,False,"(1.4, 0.7, 4.1)",
INJURY_RECORD,16600,3/15/2022 1:37:54 PM,9cd41444-4813-45a8-81d0-a1d068184c8e,R Calf Laceration,Mike_7 Root,gauzePressure,low,rightLeg,False,False,"(1.5, 0.4, 3.9)",
PATIENT_RECORD,16600,3/15/2022 1:37:54 PM,9cd41444-4813-45a8-81d0-a1d068184c8e,100,Infinity,Gloria_8 Root,"(4.0, 0.0, 6.0)","(0.0, 1.0, 0.0, 0.0)",DELAYED,walker,normal,normal,normal,upset,sittingGround,
INJURY_RECORD,16600,3/15/2022 1:37:54 PM,9cd41444-4813-45a8-81d0-a1d068184c8e,L Forearm Laceration,Gloria_8 Root,gauzePressure,low,leftArm,False,False,"(4.6, 1.3, 5.9)",
PATIENT_RECORD,16600,3/15/2022 1:37:54 PM,9cd41444-4813-45a8-81d0-a1d068184c8e,100,Infinity,Bob_9 Root,"(2.6, 0.0, 8.0)","(0.0, 1.0, 0.0, 0.0)",MINIMAL,walker,normal,normal,normal,calm,standing,
INJURY_RECORD,16601,3/15/2022 1:37:54 PM,9cd41444-4813-45a8-81d0-a1d068184c8e,Ear Bleed,Bob_9 Root,none,low,head,False,False,"(0.0, 0.0, 0.0)",
PATIENT_RECORD,16601,3/15/2022 1:37:54 PM,9cd41444-4813-45a8-81d0-a1d068184c8e,100,Infinity,Helga_10 Root,"(3.9, 0.0, 8.0)","(0.0, 1.0, 0.0, 0.0)",MINIMAL,walker,normal,normal,normal,calm,sittingGround,
INJURY_RECORD,16601,3/15/2022 1:37:54 PM,9cd41444-4813-45a8-81d0-a1d068184c8e,Forehead Scrape,Helga_10 Root,gauzePressure,low,head,False,False,"(4.0, 1.5, 7.9)",
VOICE_CAPTURE,20806,3/15/2022 1:37:58 PM,9cd41444-4813-45a8-81d0-a1d068184c8e,oh my god,NA,
TELEPORT,22533,3/15/2022 1:38:00 PM,9cd41444-4813-45a8-81d0-a1d068184c8e,"(4.2, 0.0, -4.9)",
VOICE_CAPTURE,24956,3/15/2022 1:38:02 PM,9cd41444-4813-45a8-81d0-a1d068184c8e,alright,NA,
TELEPORT,30499,3/15/2022 1:38:08 PM,9cd41444-4813-45a8-81d0-a1d068184c8e,"(3.9, 0.0, -3.4)",
TELEPORT,31362,3/15/2022 1:38:09 PM,9cd41444-4813-45a8-81d0-a1d068184c8e,"(3.9, 0.0, -3.0)",
TELEPORT,34481,3/15/2022 1:38:12 PM,9cd41444-4813-45a8-81d0-a1d068184c8e,"(3.0, 0.0, -1.3)",
VOICE_CAPTURE,34842,3/15/2022 1:38:12 PM,9cd41444-4813-45a8-81d0-a1d068184c8e,space,NA,
TELEPORT,37489,3/15/2022 1:38:15 PM,9cd41444-4813-45a8-81d0-a1d068184c8e,"(2.9, 0.0, -0.8)",
TELEPORT,38269,3/15/2022 1:38:16 PM,9cd41444-4813-45a8-81d0-a1d068184c8e,"(2.9, 0.0, -0.8)",
VOICE_CAPTURE,41137,3/15/2022 1:38:19 PM,9cd41444-4813-45a8-81d0-a1d068184c8e,oh i didn't know that was happening can i talk to them now,NA,
VOICE_CAPTURE,45423,3/15/2022 1:38:23 PM,9cd41444-4813-45a8-81d0-a1d068184c8e,oh oh god,NA,
TELEPORT,45982,3/15/2022 1:38:23 PM,9cd41444-4813-45a8-81d0-a1d068184c8e,"(2.7, 0.0, -0.4)",
VOICE_CAPTURE,51773,3/15/2022 1:38:29 PM,9cd41444-4813-45a8-81d0-a1d068184c8e,my name is john i'm with emergency medical personnel can i have everyone who's able walk to that staircase over there,NA,
VOICE_COMMAND,51773,3/15/2022 1:38:29 PM,9cd41444-4813-45a8-81d0-a1d068184c8e,walk to the safe area,my name is john i'm with emergency medical personnel can i have everyone who's able walk to that staircase over there,
S_A_L_T_WALK_IF_CAN,51776,3/15/2022 1:38:29 PM,9cd41444-4813-45a8-81d0-a1d068184c8e,"(-1.0, 0.0, 6.0)",walkIfCan,Bob_0 Root,
S_A_L_T_WALK_IF_CAN,51777,3/15/2022 1:38:29 PM,9cd41444-4813-45a8-81d0-a1d068184c8e,"(2.0, 0.0, 7.0)",walkIfCan,Gary_1 Root,
S_A_L_T_WALK_IF_CAN,51777,3/15/2022 1:38:29 PM,9cd41444-4813-45a8-81d0-a1d068184c8e,"(3.0, 0.0, 4.0)",walkIfCan,Lily_2 Root,
S_A_L_T_WALK_IF_CAN,51777,3/15/2022 1:38:29 PM,9cd41444-4813-45a8-81d0-a1d068184c8e,"(0.0, 0.0, 2.0)",walkIfCan,Gary_3 Root,
S_A_L_T_WALK_IF_CAN,51777,3/15/2022 1:38:29 PM,9cd41444-4813-45a8-81d0-a1d068184c8e,"(1.4, 0.0, 6.0)",walkIfCan,Lily_4 Root,
S_A_L_T_WALK_IF_CAN,51777,3/15/2022 1:38:29 PM,9cd41444-4813-45a8-81d0-a1d068184c8e,"(2.6, 0.0, 2.0)",walkIfCan,Mike_5 Root,
S_A_L_T_WALK_IF_CAN,51777,3/15/2022 1:38:29 PM,9cd41444-4813-45a8-81d0-a1d068184c8e,"(-1.0, 0.0, 3.2)",walkIfCan,Gloria_6 Root,
S_A_L_T_WALK_IF_CAN,51777,3/15/2022 1:38:29 PM,9cd41444-4813-45a8-81d0-a1d068184c8e,"(1.4, 0.0, 4.0)",walkIfCan,Mike_7 Root,
S_A_L_T_WALK_IF_CAN,51777,3/15/2022 1:38:29 PM,9cd41444-4813-45a8-81d0-a1d068184c8e,"(4.0, 0.0, 6.0)",walkIfCan,Gloria_8 Root,
S_A_L_T_WALKED,51777,3/15/2022 1:38:29 PM,9cd41444-4813-45a8-81d0-a1d068184c8e,"(4.0, 0.0, 6.0)",walked,Gloria_8 Root,
S_A_L_T_WALK_IF_CAN,51778,3/15/2022 1:38:29 PM,9cd41444-4813-45a8-81d0-a1d068184c8e,"(2.6, 0.0, 8.0)",walkIfCan,Bob_9 Root,
S_A_L_T_WALKED,51778,3/15/2022 1:38:29 PM,9cd41444-4813-45a8-81d0-a1d068184c8e,"(2.6, 0.0, 8.0)",walked,Bob_9 Root,
S_A_L_T_WALK_IF_CAN,51778,3/15/2022 1:38:29 PM,9cd41444-4813-45a8-81d0-a1d068184c8e,"(3.9, 0.0, 8.0)",walkIfCan,Helga_10 Root,
S_A_L_T_WALKED,51778,3/15/2022 1:38:29 PM,9cd41444-4813-45a8-81d0-a1d068184c8e,"(3.9, 0.0, 8.0)",walked,Helga_10 Root,
TELEPORT,53612,3/15/2022 1:38:31 PM,9cd41444-4813-45a8-81d0-a1d068184c8e,"(2.5, 0.0, 0.3)",
VOICE_CAPTURE,55951,3/15/2022 1:38:33 PM,9cd41444-4813-45a8-81d0-a1d068184c8e,oops,NA,
PATIENT_ENGAGED,58208,3/15/2022 1:38:36 PM,9cd41444-4813-45a8-81d0-a1d068184c8e,100,Infinity,Bob_9 Root,"(2.0, 0.0, 1.3)","(0.0, 1.0, 0.0, 0.0)",MINIMAL,walker,normal,normal,normal,calm,standing,
VOICE_CAPTURE,59571,3/15/2022 1:38:37 PM,9cd41444-4813-45a8-81d0-a1d068184c8e,OK apparently there's a safe area next to me,NA,
VOICE_CAPTURE,63079,3/15/2022 1:38:41 PM,9cd41444-4813-45a8-81d0-a1d068184c8e,and he's walking right through me that's weird no,NA,
VOICE_COMMAND,63079,3/15/2022 1:38:41 PM,9cd41444-4813-45a8-81d0-a1d068184c8e,walk to the safe area,and he's walking right through me that's weird no,
S_A_L_T_WALK_IF_CAN,63081,3/15/2022 1:38:41 PM,9cd41444-4813-45a8-81d0-a1d068184c8e,"(-1.0, 0.0, 6.0)",walkIfCan,Bob_0 Root,
S_A_L_T_WALK_IF_CAN,63081,3/15/2022 1:38:41 PM,9cd41444-4813-45a8-81d0-a1d068184c8e,"(2.0, 0.0, 7.0)",walkIfCan,Gary_1 Root,
S_A_L_T_WALK_IF_CAN,63081,3/15/2022 1:38:41 PM,9cd41444-4813-45a8-81d0-a1d068184c8e,"(3.0, 0.0, 4.0)",walkIfCan,Lily_2 Root,
S_A_L_T_WALK_IF_CAN,63081,3/15/2022 1:38:41 PM,9cd41444-4813-45a8-81d0-a1d068184c8e,"(0.0, 0.0, 2.0)",walkIfCan,Gary_3 Root,
S_A_L_T_WALK_IF_CAN,63081,3/15/2022 1:38:41 PM,9cd41444-4813-45a8-81d0-a1d068184c8e,"(1.4, 0.0, 6.0)",walkIfCan,Lily_4 Root,
S_A_L_T_WALK_IF_CAN,63081,3/15/2022 1:38:41 PM,9cd41444-4813-45a8-81d0-a1d068184c8e,"(2.6, 0.0, 2.0)",walkIfCan,Mike_5 Root,
S_A_L_T_WALK_IF_CAN,63081,3/15/2022 1:38:41 PM,9cd41444-4813-45a8-81d0-a1d068184c8e,"(-1.0, 0.0, 3.2)",walkIfCan,Gloria_6 Root,
S_A_L_T_WALK_IF_CAN,63081,3/15/2022 1:38:41 PM,9cd41444-4813-45a8-81d0-a1d068184c8e,"(1.4, 0.0, 4.0)",walkIfCan,Mike_7 Root,
VOICE_CAPTURE,64973,3/15/2022 1:38:42 PM,9cd41444-4813-45a8-81d0-a1d068184c8e,OK it's really ready,NA,
TELEPORT,69512,3/15/2022 1:38:47 PM,9cd41444-4813-45a8-81d0-a1d068184c8e,"(2.8, 0.0, -0.5)",
TELEPORT,70545,3/15/2022 1:38:48 PM,9cd41444-4813-45a8-81d0-a1d068184c8e,"(2.5, 0.0, -0.4)",
TELEPORT,75196,3/15/2022 1:38:53 PM,9cd41444-4813-45a8-81d0-a1d068184c8e,"(2.6, 0.0, -0.4)",
VOICE_CAPTURE,75304,3/15/2022 1:38:53 PM,9cd41444-4813-45a8-81d0-a1d068184c8e,alright can i have everyone is able just wave a hand for me and i'll guess you as soon as i can,NA,
VOICE_COMMAND,75304,3/15/2022 1:38:53 PM,9cd41444-4813-45a8-81d0-a1d068184c8e,wave if you can,alright can i have everyone is able just wave a hand for me and i'll guess you as soon as i can,
S_A_L_T_WAVE_IF_CAN,75306,3/15/2022 1:38:53 PM,9cd41444-4813-45a8-81d0-a1d068184c8e,"(-1.0, 0.0, 6.0)",waveIfCan,Bob_0 Root,
S_A_L_T_WAVE_IF_CAN,75306,3/15/2022 1:38:53 PM,9cd41444-4813-45a8-81d0-a1d068184c8e,"(2.0, 0.0, 7.0)",waveIfCan,Gary_1 Root,
S_A_L_T_WAVE_IF_CAN,75306,3/15/2022 1:38:53 PM,9cd41444-4813-45a8-81d0-a1d068184c8e,"(3.0, 0.0, 4.0)",waveIfCan,Lily_2 Root,
S_A_L_T_WAVED,75307,3/15/2022 1:38:53 PM,9cd41444-4813-45a8-81d0-a1d068184c8e,"(3.0, 0.0, 4.0)",waved,Lily_2 Root,
S_A_L_T_WAVE_IF_CAN,75307,3/15/2022 1:38:53 PM,9cd41444-4813-45a8-81d0-a1d068184c8e,"(0.0, 0.0, 2.0)",waveIfCan,Gary_3 Root,
S_A_L_T_WAVE_IF_CAN,75307,3/15/2022 1:38:53 PM,9cd41444-4813-45a8-81d0-a1d068184c8e,"(1.4, 0.0, 6.0)",waveIfCan,Lily_4 Root,
S_A_L_T_WAVED,75307,3/15/2022 1:38:53 PM,9cd41444-4813-45a8-81d0-a1d068184c8e,"(1.4, 0.0, 6.0)",waved,Lily_4 Root,
S_A_L_T_WAVE_IF_CAN,75307,3/15/2022 1:38:53 PM,9cd41444-4813-45a8-81d0-a1d068184c8e,"(2.6, 0.0, 2.0)",waveIfCan,Mike_5 Root,
S_A_L_T_WAVED,75307,3/15/2022 1:38:53 PM,9cd41444-4813-45a8-81d0-a1d068184c8e,"(2.6, 0.0, 2.0)",waved,Mike_5 Root,
S_A_L_T_WAVE_IF_CAN,75307,3/15/2022 1:38:53 PM,9cd41444-4813-45a8-81d0-a1d068184c8e,"(-1.0, 0.0, 3.2)",waveIfCan,Gloria_6 Root,
S_A_L_T_WAVED,75307,3/15/2022 1:38:53 PM,9cd41444-4813-45a8-81d0-a1d068184c8e,"(-1.0, 0.0, 3.2)",waved,Gloria_6 Root,
S_A_L_T_WAVE_IF_CAN,75307,3/15/2022 1:38:53 PM,9cd41444-4813-45a8-81d0-a1d068184c8e,"(1.4, 0.0, 4.0)",waveIfCan,Mike_7 Root,
S_A_L_T_WAVED,75307,3/15/2022 1:38:53 PM,9cd41444-4813-45a8-81d0-a1d068184c8e,"(1.4, 0.0, 4.0)",waved,Mike_7 Root,
S_A_L_T_WAVE_IF_CAN,75307,3/15/2022 1:38:53 PM,9cd41444-4813-45a8-81d0-a1d068184c8e,"(3.3, 0.0, -2.6)",waveIfCan,Gloria_8 Root,
S_A_L_T_WAVED,75307,3/15/2022 1:38:53 PM,9cd41444-4813-45a8-81d0-a1d068184c8e,"(3.3, 0.0, -2.6)",waved,Gloria_8 Root,
S_A_L_T_WAVE_IF_CAN,75307,3/15/2022 1:38:53 PM,9cd41444-4813-45a8-81d0-a1d068184c8e,"(2.7, 0.0, -3.6)",waveIfCan,Bob_9 Root,
S_A_L_T_WAVED,75308,3/15/2022 1:38:53 PM,9cd41444-4813-45a8-81d0-a1d068184c8e,"(2.7, 0.0, -3.6)",waved,Bob_9 Root,
S_A_L_T_WAVE_IF_CAN,75308,3/15/2022 1:38:53 PM,9cd41444-4813-45a8-81d0-a1d068184c8e,"(4.0, 0.0, -4.2)",waveIfCan,Helga_10 Root,
S_A_L_T_WAVED,75308,3/15/2022 1:38:53 PM,9cd41444-4813-45a8-81d0-a1d068184c8e,"(4.0, 0.0, -4.2)",waved,Helga_10 Root,
TELEPORT,75834,3/15/2022 1:38:53 PM,9cd41444-4813-45a8-81d0-a1d068184c8e,"(2.3, 0.0, -0.3)",
VOICE_CAPTURE,77811,3/15/2022 1:38:55 PM,9cd41444-4813-45a8-81d0-a1d068184c8e,up and then,NA,
TELEPORT,78956,3/15/2022 1:38:56 PM,9cd41444-4813-45a8-81d0-a1d068184c8e,"(2.2, 0.0, 0.1)",
VOICE_CAPTURE,79931,3/15/2022 1:38:57 PM,9cd41444-4813-45a8-81d0-a1d068184c8e,OK 123,NA,
VOICE_CAPTURE,86275,3/15/2022 1:39:04 PM,9cd41444-4813-45a8-81d0-a1d068184c8e,OK we're gonna go to the first person first,NA,
VOICE_COMMAND,86275,3/15/2022 1:39:04 PM,9cd41444-4813-45a8-81d0-a1d068184c8e,walk to the safe area,OK we're gonna go to the first person first,
S_A_L_T_WALK_IF_CAN,86276,3/15/2022 1:39:04 PM,9cd41444-4813-45a8-81d0-a1d068184c8e,"(-1.0, 0.0, 6.0)",walkIfCan,Bob_0 Root,
S_A_L_T_WALK_IF_CAN,86276,3/15/2022 1:39:04 PM,9cd41444-4813-45a8-81d0-a1d068184c8e,"(2.0, 0.0, 7.0)",walkIfCan,Gary_1 Root,
S_A_L_T_WALK_IF_CAN,86276,3/15/2022 1:39:04 PM,9cd41444-4813-45a8-81d0-a1d068184c8e,"(3.0, 0.0, 4.0)",walkIfCan,Lily_2 Root,
S_A_L_T_WALK_IF_CAN,86276,3/15/2022 1:39:04 PM,9cd41444-4813-45a8-81d0-a1d068184c8e,"(0.0, 0.0, 2.0)",walkIfCan,Gary_3 Root,
S_A_L_T_WALK_IF_CAN,86276,3/15/2022 1:39:04 PM,9cd41444-4813-45a8-81d0-a1d068184c8e,"(1.4, 0.0, 6.0)",walkIfCan,Lily_4 Root,
S_A_L_T_WALK_IF_CAN,86276,3/15/2022 1:39:04 PM,9cd41444-4813-45a8-81d0-a1d068184c8e,"(2.6, 0.0, 2.0)",walkIfCan,Mike_5 Root,
S_A_L_T_WALK_IF_CAN,86276,3/15/2022 1:39:04 PM,9cd41444-4813-45a8-81d0-a1d068184c8e,"(-1.0, 0.0, 3.2)",walkIfCan,Gloria_6 Root,
S_A_L_T_WALK_IF_CAN,86276,3/15/2022 1:39:04 PM,9cd41444-4813-45a8-81d0-a1d068184c8e,"(1.4, 0.0, 4.0)",walkIfCan,Mike_7 Root,
S_A_L_T_WALK_IF_CAN,86276,3/15/2022 1:39:04 PM,9cd41444-4813-45a8-81d0-a1d068184c8e,"(3.3, 0.0, -2.6)",walkIfCan,Gloria_8 Root,
S_A_L_T_WALKED,86276,3/15/2022 1:39:04 PM,9cd41444-4813-45a8-81d0-a1d068184c8e,"(3.3, 0.0, -2.6)",walked,Gloria_8 Root,
S_A_L_T_WALK_IF_CAN,86276,3/15/2022 1:39:04 PM,9cd41444-4813-45a8-81d0-a1d068184c8e,"(2.7, 0.0, -3.6)",walkIfCan,Bob_9 Root,
S_A_L_T_WALKED,86276,3/15/2022 1:39:04 PM,9cd41444-4813-45a8-81d0-a1d068184c8e,"(2.7, 0.0, -3.6)",walked,Bob_9 Root,
S_A_L_T_WALK_IF_CAN,86276,3/15/2022 1:39:04 PM,9cd41444-4813-45a8-81d0-a1d068184c8e,"(4.0, 0.0, -4.2)",walkIfCan,Helga_10 Root,
S_A_L_T_WALKED,86276,3/15/2022 1:39:04 PM,9cd41444-4813-45a8-81d0-a1d068184c8e,"(4.0, 0.0, -4.2)",walked,Helga_10 Root,
PULSE_TAKEN,88813,3/15/2022 1:39:06 PM,9cd41444-4813-45a8-81d0-a1d068184c8e,pulse_none,Bob_0 Root,
VOICE_CAPTURE,91291,3/15/2022 1:39:09 PM,9cd41444-4813-45a8-81d0-a1d068184c8e,can i,NA,
PATIENT_ENGAGED,92682,3/15/2022 1:39:10 PM,9cd41444-4813-45a8-81d0-a1d068184c8e,100,Infinity,Bob_0 Root,"(-1.0, 0.0, 6.0)","(0.0, 0.7, 0.0, 0.7)",DEAD,still,none,none,none,dead,supine,
BAG_ACCESS,94772,3/15/2022 1:39:12 PM,9cd41444-4813-45a8-81d0-a1d068184c8e,"(-1.1, 0.5, 4.8)",
VOICE_CAPTURE,95132,3/15/2022 1:39:13 PM,9cd41444-4813-45a8-81d0-a1d068184c8e,K he's super dead,NA,
TAG_SELECTED,95440,3/15/2022 1:39:13 PM,9cd41444-4813-45a8-81d0-a1d068184c8e,black,
TAG_APPLIED,97195,3/15/2022 1:39:15 PM,9cd41444-4813-45a8-81d0-a1d068184c8e,Bob_0 Root,black,
BAG_CLOSED,98754,3/15/2022 1:39:16 PM,9cd41444-4813-45a8-81d0-a1d068184c8e,"(-1.1, 0.5, 4.8)",
TELEPORT,98754,3/15/2022 1:39:16 PM,9cd41444-4813-45a8-81d0-a1d068184c8e,"(-1.0, 0.0, 4.9)",
VOICE_CAPTURE,99281,3/15/2022 1:39:17 PM,9cd41444-4813-45a8-81d0-a1d068184c8e,wait,NA,
TELEPORT,100010,3/15/2022 1:39:17 PM,9cd41444-4813-45a8-81d0-a1d068184c8e,"(-0.3, 0.0, 4.6)",
TELEPORT,100897,3/15/2022 1:39:18 PM,9cd41444-4813-45a8-81d0-a1d068184c8e,"(-0.3, 0.0, 5.0)",
TELEPORT,105073,3/15/2022 1:39:23 PM,9cd41444-4813-45a8-81d0-a1d068184c8e,"(0.9, 0.0, 7.0)",
TELEPORT,105798,3/15/2022 1:39:23 PM,9cd41444-4813-45a8-81d0-a1d068184c8e,"(1.0, 0.0, 7.2)",
PATIENT_ENGAGED,106271,3/15/2022 1:39:24 PM,9cd41444-4813-45a8-81d0-a1d068184c8e,100,Infinity,Gary_1 Root,"(2.0, 0.0, 7.0)","(0.0, 1.0, 0.0, 0.0)",EXPECTANT,still,none,restricted,none,unresponsive,supine,
PULSE_TAKEN,106551,3/15/2022 1:39:24 PM,9cd41444-4813-45a8-81d0-a1d068184c8e,pulse_none,Gary_1 Root,
VOICE_CAPTURE,106799,3/15/2022 1:39:24 PM,9cd41444-4813-45a8-81d0-a1d068184c8e,i'm sorry i'll be right there,NA,
VOICE_CAPTURE,112649,3/15/2022 1:39:30 PM,9cd41444-4813-45a8-81d0-a1d068184c8e,what is that,NA,
VOICE_CAPTURE,114931,3/15/2022 1:39:32 PM,9cd41444-4813-45a8-81d0-a1d068184c8e,OK i'm,NA,
VOICE_CAPTURE,117600,3/15/2022 1:39:35 PM,9cd41444-4813-45a8-81d0-a1d068184c8e,sir can you hear me,NA,
VOICE_COMMAND,117600,3/15/2022 1:39:35 PM,9cd41444-4813-45a8-81d0-a1d068184c8e,can you hear,sir can you hear me,
BAG_ACCESS,120165,3/15/2022 1:39:38 PM,9cd41444-4813-45a8-81d0-a1d068184c8e,"(1.3, 0.7, 7.2)",
VOICE_CAPTURE,120694,3/15/2022 1:39:38 PM,9cd41444-4813-45a8-81d0-a1d068184c8e,can you see now,NA,
TAG_SELECTED,122366,3/15/2022 1:39:40 PM,9cd41444-4813-45a8-81d0-a1d068184c8e,gray,
BAG_CLOSED,123312,3/15/2022 1:39:41 PM,9cd41444-4813-45a8-81d0-a1d068184c8e,"(1.3, 0.7, 7.2)",
TELEPORT,123312,3/15/2022 1:39:41 PM,9cd41444-4813-45a8-81d0-a1d068184c8e,"(1.0, 0.0, 7.3)",
TAG_APPLIED,123369,3/15/2022 1:39:41 PM,9cd41444-4813-45a8-81d0-a1d068184c8e,Gary_1 Root,gray,
TELEPORT,125207,3/15/2022 1:39:43 PM,9cd41444-4813-45a8-81d0-a1d068184c8e,"(1.0, 0.0, 7.3)",
VOICE_CAPTURE,125931,3/15/2022 1:39:43 PM,9cd41444-4813-45a8-81d0-a1d068184c8e,app,NA,
TELEPORT,127521,3/15/2022 1:39:45 PM,9cd41444-4813-45a8-81d0-a1d068184c8e,"(0.1, 0.0, 6.2)",
TELEPORT,134368,3/15/2022 1:39:52 PM,9cd41444-4813-45a8-81d0-a1d068184c8e,"(-0.1, 0.0, 1.7)",
TELEPORT,135120,3/15/2022 1:39:53 PM,9cd41444-4813-45a8-81d0-a1d068184c8e,"(0.0, 0.0, 1.2)",
TELEPORT,136876,3/15/2022 1:39:54 PM,9cd41444-4813-45a8-81d0-a1d068184c8e,"(0.0, 0.0, 0.7)",
TELEPORT,137573,3/15/2022 1:39:55 PM,9cd41444-4813-45a8-81d0-a1d068184c8e,"(0.1, 0.0, 0.9)",
TELEPORT,138102,3/15/2022 1:39:56 PM,9cd41444-4813-45a8-81d0-a1d068184c8e,"(0.1, 0.0, 1.0)",
PULSE_TAKEN,138937,3/15/2022 1:39:56 PM,9cd41444-4813-45a8-81d0-a1d068184c8e,pulse_faint,Gary_3 Root,
VOICE_CAPTURE,139825,3/15/2022 1:39:57 PM,9cd41444-4813-45a8-81d0-a1d068184c8e,oh that's really weird i hate that,NA,
PULSE_TAKEN,145508,3/15/2022 1:40:03 PM,9cd41444-4813-45a8-81d0-a1d068184c8e,pulse_faint,Gary_3 Root,
VOICE_CAPTURE,145841,3/15/2022 1:40:03 PM,9cd41444-4813-45a8-81d0-a1d068184c8e,sir can you hear me,NA,
VOICE_COMMAND,145841,3/15/2022 1:40:03 PM,9cd41444-4813-45a8-81d0-a1d068184c8e,can you hear,sir can you hear me,
PATIENT_ENGAGED,151213,3/15/2022 1:40:09 PM,9cd41444-4813-45a8-81d0-a1d068184c8e,100,0,Gary_3 Root,"(0.0, 0.0, 2.0)","(0.0, 0.0, 0.0, 1.0)",IMMEDIATE,still,faint,collapsedRight,normal,unresponsive,supine,
VOICE_CAPTURE,152156,3/15/2022 1:40:10 PM,9cd41444-4813-45a8-81d0-a1d068184c8e,what do i do with that,NA,
VOICE_CAPTURE,155732,3/15/2022 1:40:13 PM,9cd41444-4813-45a8-81d0-a1d068184c8e,davis stethoscope,NA,
BAG_ACCESS,156145,3/15/2022 1:40:14 PM,9cd41444-4813-45a8-81d0-a1d068184c8e,"(0.3, 0.5, 1.1)",
TAG_SELECTED,161522,3/15/2022 1:40:19 PM,9cd41444-4813-45a8-81d0-a1d068184c8e,red,
TAG_APPLIED,163308,3/15/2022 1:40:21 PM,9cd41444-4813-45a8-81d0-a1d068184c8e,Gary_3 Root,red,
VOICE_CAPTURE,164388,3/15/2022 1:40:22 PM,9cd41444-4813-45a8-81d0-a1d068184c8e,i don't really know what to do with that guy,NA,
BAG_CLOSED,165974,3/15/2022 1:40:23 PM,9cd41444-4813-45a8-81d0-a1d068184c8e,"(0.3, 0.5, 1.1)",
TELEPORT,165974,3/15/2022 1:40:23 PM,9cd41444-4813-45a8-81d0-a1d068184c8e,"(-0.1, 0.0, 1.3)",
TELEPORT,168538,3/15/2022 1:40:26 PM,9cd41444-4813-45a8-81d0-a1d068184c8e,"(0.2, 0.0, 1.2)",
VOICE_CAPTURE,170652,3/15/2022 1:40:28 PM,9cd41444-4813-45a8-81d0-a1d068184c8e,up this thing on his chest,NA,
TELEPORT,172187,3/15/2022 1:40:30 PM,9cd41444-4813-45a8-81d0-a1d068184c8e,"(0.2, 0.0, 1.3)",
TELEPORT,180901,3/15/2022 1:40:38 PM,9cd41444-4813-45a8-81d0-a1d068184c8e,"(0.2, 0.0, 1.3)",
TELEPORT,183491,3/15/2022 1:40:41 PM,9cd41444-4813-45a8-81d0-a1d068184c8e,"(0.2, 0.0, 1.2)",
VOICE_CAPTURE,183740,3/15/2022 1:40:41 PM,9cd41444-4813-45a8-81d0-a1d068184c8e,is it attention,NA,
BAG_ACCESS,187865,3/15/2022 1:40:45 PM,9cd41444-4813-45a8-81d0-a1d068184c8e,"(0.3, 0.5, 0.9)",
VOICE_CAPTURE,187947,3/15/2022 1:40:45 PM,9cd41444-4813-45a8-81d0-a1d068184c8e,i gotta what,NA,
TOOL_HOVER,190400,3/15/2022 1:40:48 PM,9cd41444-4813-45a8-81d0-a1d068184c8e,Tourniquet,999,
TOOL_HOVER,190427,3/15/2022 1:40:48 PM,9cd41444-4813-45a8-81d0-a1d068184c8e,Tourniquet,999,
TOOL_HOVER,190456,3/15/2022 1:40:48 PM,9cd41444-4813-45a8-81d0-a1d068184c8e,Tourniquet,999,
TOOL_HOVER,190484,3/15/2022 1:40:48 PM,9cd41444-4813-45a8-81d0-a1d068184c8e,Tourniquet,999,
TOOL_HOVER,191318,3/15/2022 1:40:49 PM,9cd41444-4813-45a8-81d0-a1d068184c8e,Needle,999,
TOOL_HOVER,191346,3/15/2022 1:40:49 PM,9cd41444-4813-45a8-81d0-a1d068184c8e,Needle,999,
TOOL_HOVER,191372,3/15/2022 1:40:49 PM,9cd41444-4813-45a8-81d0-a1d068184c8e,Needle,999,
TOOL_HOVER,191409,3/15/2022 1:40:49 PM,9cd41444-4813-45a8-81d0-a1d068184c8e,Needle,999,
TOOL_HOVER,191430,3/15/2022 1:40:49 PM,9cd41444-4813-45a8-81d0-a1d068184c8e,Needle,999,
TOOL_HOVER,191458,3/15/2022 1:40:49 PM,9cd41444-4813-45a8-81d0-a1d068184c8e,Needle,999,
TOOL_HOVER,191485,3/15/2022 1:40:49 PM,9cd41444-4813-45a8-81d0-a1d068184c8e,Needle,999,
TOOL_HOVER,191513,3/15/2022 1:40:49 PM,9cd41444-4813-45a8-81d0-a1d068184c8e,Needle,999,
TOOL_HOVER,191541,3/15/2022 1:40:49 PM,9cd41444-4813-45a8-81d0-a1d068184c8e,Needle,999,
TOOL_HOVER,191569,3/15/2022 1:40:49 PM,9cd41444-4813-45a8-81d0-a1d068184c8e,Needle,999,
TOOL_HOVER,191597,3/15/2022 1:40:49 PM,9cd41444-4813-45a8-81d0-a1d068184c8e,Needle,999,
TOOL_HOVER,191631,3/15/2022 1:40:49 PM,9cd41444-4813-45a8-81d0-a1d068184c8e,Needle,999,
TOOL_HOVER,191652,3/15/2022 1:40:49 PM,9cd41444-4813-45a8-81d0-a1d068184c8e,Needle,999,
TOOL_HOVER,191681,3/15/2022 1:40:49 PM,9cd41444-4813-45a8-81d0-a1d068184c8e,Needle,999,
TOOL_HOVER,191709,3/15/2022 1:40:49 PM,9cd41444-4813-45a8-81d0-a1d068184c8e,Needle,999,
TOOL_HOVER,191738,3/15/2022 1:40:49 PM,9cd41444-4813-45a8-81d0-a1d068184c8e,Needle,999,
TOOL_HOVER,191763,3/15/2022 1:40:49 PM,9cd41444-4813-45a8-81d0-a1d068184c8e,Needle,999,
TOOL_HOVER,191791,3/15/2022 1:40:49 PM,9cd41444-4813-45a8-81d0-a1d068184c8e,Needle,999,
TOOL_HOVER,191823,3/15/2022 1:40:49 PM,9cd41444-4813-45a8-81d0-a1d068184c8e,Needle,999,
TOOL_SELECTED,191826,3/15/2022 1:40:49 PM,9cd41444-4813-45a8-81d0-a1d068184c8e,Needle,998,
VOICE_CAPTURE,193351,3/15/2022 1:40:51 PM,9cd41444-4813-45a8-81d0-a1d068184c8e,is this a needle,NA,
VOICE_CAPTURE,196080,3/15/2022 1:40:54 PM,9cd41444-4813-45a8-81d0-a1d068184c8e,which side,NA,
INJURY_TREATED,198674,3/15/2022 1:40:56 PM,9cd41444-4813-45a8-81d0-a1d068184c8e,R Chest Collapse,Gary_3 Root,decompress,high,chest,True,False,"(0.0, 0.0, 0.0)",
TOOL_APPLIED,198674,3/15/2022 1:40:56 PM,9cd41444-4813-45a8-81d0-a1d068184c8e,Needle_Decomp(Clone),Needle,RChest_Breathe1 (UnityEngine.GameObject),cath_needle (UnityEngine.GameObject),right_chest,Needle_Decomp(Clone) (UnityEngine.GameObject),AppliedDecompNeedle,
VOICE_CAPTURE,201760,3/15/2022 1:40:59 PM,9cd41444-4813-45a8-81d0-a1d068184c8e,can i put that in here,NA,
TAG_SELECTED,203768,3/15/2022 1:41:01 PM,9cd41444-4813-45a8-81d0-a1d068184c8e,yellow,
TAG_APPLIED,205717,3/15/2022 1:41:03 PM,9cd41444-4813-45a8-81d0-a1d068184c8e,Gary_3 Root,yellow,
VOICE_CAPTURE,206578,3/15/2022 1:41:04 PM,9cd41444-4813-45a8-81d0-a1d068184c8e,OK wait i wanna change that is he OK now,NA,
BAG_CLOSED,206607,3/15/2022 1:41:04 PM,9cd41444-4813-45a8-81d0-a1d068184c8e,"(0.3, 0.5, 0.9)",
TELEPORT,206607,3/15/2022 1:41:04 PM,9cd41444-4813-45a8-81d0-a1d068184c8e,"(0.2, 0.0, 1.0)",
TELEPORT,207107,3/15/2022 1:41:05 PM,9cd41444-4813-45a8-81d0-a1d068184c8e,"(0.5, 0.0, 0.8)",
PATIENT_ENGAGED,212010,3/15/2022 1:41:09 PM,9cd41444-4813-45a8-81d0-a1d068184c8e,100,Infinity,Lily_2 Root,"(3.0, 0.0, 4.0)","(0.0, 1.0, 0.0, 0.0)",IMMEDIATE,waver,fast,fast,normal,calm,fetal,
BAG_ACCESS,213569,3/15/2022 1:41:11 PM,9cd41444-4813-45a8-81d0-a1d068184c8e,"(2.9, 0.5, 3.5)",
TOOL_HOVER,214319,3/15/2022 1:41:12 PM,9cd41444-4813-45a8-81d0-a1d068184c8e,Tourniquet,999,
TOOL_HOVER,214347,3/15/2022 1:41:12 PM,9cd41444-4813-45a8-81d0-a1d068184c8e,Tourniquet,999,
TOOL_SELECTED,214348,3/15/2022 1:41:12 PM,9cd41444-4813-45a8-81d0-a1d068184c8e,Tourniquet,998,
TOOL_DISCARDED,215991,3/15/2022 1:41:13 PM,9cd41444-4813-45a8-81d0-a1d068184c8e,Tourniquet,998,"(3.3, 0.2, 4.0)",
PULSE_TAKEN,216073,3/15/2022 1:41:14 PM,9cd41444-4813-45a8-81d0-a1d068184c8e,pulse_fast,Lily_2 Root,
TOOL_HOVER,217410,3/15/2022 1:41:15 PM,9cd41444-4813-45a8-81d0-a1d068184c8e,Tourniquet,999,
TOOL_HOVER,217438,3/15/2022 1:41:15 PM,9cd41444-4813-45a8-81d0-a1d068184c8e,Tourniquet,999,
TOOL_HOVER,217466,3/15/2022 1:41:15 PM,9cd41444-4813-45a8-81d0-a1d068184c8e,Tourniquet,999,
TOOL_HOVER,217494,3/15/2022 1:41:15 PM,9cd41444-4813-45a8-81d0-a1d068184c8e,Tourniquet,999,
TOOL_HOVER,217526,3/15/2022 1:41:15 PM,9cd41444-4813-45a8-81d0-a1d068184c8e,Tourniquet,999,
TOOL_SELECTED,217527,3/15/2022 1:41:15 PM,9cd41444-4813-45a8-81d0-a1d068184c8e,Tourniquet,998,
INJURY_TREATED,219197,3/15/2022 1:41:17 PM,9cd41444-4813-45a8-81d0-a1d068184c8e,R Shin Amputation,Lily_2 Root,tourniquet,high,rightLeg,True,False,"(3.3, 0.1, 3.8)",
TOOL_APPLIED,219198,3/15/2022 1:41:17 PM,9cd41444-4813-45a8-81d0-a1d068184c8e,Lily_2 Root,Tourniquet,RightUpLeg (UnityEngine.GameObject),tor_ring (1) (UnityEngine.GameObject),tourniquet(Clone) (UnityEngine.GameObject),AppliedTourniquet,
VOICE_CAPTURE,220816,3/15/2022 1:41:18 PM,9cd41444-4813-45a8-81d0-a1d068184c8e,oh no come back,NA,
BAG_CLOSED,221227,3/15/2022 1:41:19 PM,9cd41444-4813-45a8-81d0-a1d068184c8e,"(2.9, 0.5, 3.5)",
TELEPORT,221227,3/15/2022 1:41:19 PM,9cd41444-4813-45a8-81d0-a1d068184c8e,"(3.2, 0.0, 3.4)",
TELEPORT,222927,3/15/2022 1:41:20 PM,9cd41444-4813-45a8-81d0-a1d068184c8e,"(2.8, 0.0, 3.5)",
TELEPORT,226045,3/15/2022 1:41:24 PM,9cd41444-4813-45a8-81d0-a1d068184c8e,"(2.7, 0.0, 3.6)",
PULSE_TAKEN,228467,3/15/2022 1:41:26 PM,9cd41444-4813-45a8-81d0-a1d068184c8e,pulse_fast,Lily_2 Root,
VOICE_CAPTURE,232672,3/15/2022 1:41:30 PM,9cd41444-4813-45a8-81d0-a1d068184c8e,no i just want pulses hello,NA,
VOICE_CAPTURE,236347,3/15/2022 1:41:34 PM,9cd41444-4813-45a8-81d0-a1d068184c8e,are you hurt anywhere else,NA,
VOICE_COMMAND,236347,3/15/2022 1:41:34 PM,9cd41444-4813-45a8-81d0-a1d068184c8e,are you hurt,are you hurt anywhere else,
TELEPORT,236656,3/15/2022 1:41:34 PM,9cd41444-4813-45a8-81d0-a1d068184c8e,"(2.6, 0.0, 3.6)",
VOICE_CAPTURE,241083,3/15/2022 1:41:39 PM,9cd41444-4813-45a8-81d0-a1d068184c8e,yes i see that,NA,
BAG_ACCESS,243200,3/15/2022 1:41:41 PM,9cd41444-4813-45a8-81d0-a1d068184c8e,"(2.9, 0.5, 3.3)",
TAG_SELECTED,246153,3/15/2022 1:41:44 PM,9cd41444-4813-45a8-81d0-a1d068184c8e,yellow,
VOICE_CAPTURE,249353,3/15/2022 1:41:47 PM,9cd41444-4813-45a8-81d0-a1d068184c8e,well,NA,
TAG_APPLIED,249493,3/15/2022 1:41:47 PM,9cd41444-4813-45a8-81d0-a1d068184c8e,Lily_2 Root,yellow,
BAG_CLOSED,250802,3/15/2022 1:41:48 PM,9cd41444-4813-45a8-81d0-a1d068184c8e,"(2.9, 0.5, 3.3)",
TELEPORT,250803,3/15/2022 1:41:48 PM,9cd41444-4813-45a8-81d0-a1d068184c8e,"(2.7, 0.0, 3.2)",
VOICE_CAPTURE,252889,3/15/2022 1:41:50 PM,9cd41444-4813-45a8-81d0-a1d068184c8e,i guess that's why i'm sorry,NA,
TELEPORT,253866,3/15/2022 1:41:51 PM,9cd41444-4813-45a8-81d0-a1d068184c8e,"(2.2, 0.0, 2.4)",
TELEPORT,255371,3/15/2022 1:41:53 PM,9cd41444-4813-45a8-81d0-a1d068184c8e,"(1.5, 0.0, 2.5)",
VOICE_CAPTURE,257012,3/15/2022 1:41:54 PM,9cd41444-4813-45a8-81d0-a1d068184c8e,why not gotten,NA,
TELEPORT,258684,3/15/2022 1:41:56 PM,9cd41444-4813-45a8-81d0-a1d068184c8e,"(-0.8, 0.0, 2.8)",
TELEPORT,259713,3/15/2022 1:41:57 PM,9cd41444-4813-45a8-81d0-a1d068184c8e,"(-1.1, 0.0, 2.8)",
TELEPORT,260215,3/15/2022 1:41:58 PM,9cd41444-4813-45a8-81d0-a1d068184c8e,"(-1.2, 0.0, 2.8)",
PATIENT_ENGAGED,261775,3/15/2022 1:41:59 PM,9cd41444-4813-45a8-81d0-a1d068184c8e,100,Infinity,Gloria_6 Root,"(-1.0, 0.0, 3.2)","(0.0, 0.4, 0.0, 0.9)",DELAYED,waver,fast,normal,normal,calm,fetal,
VOICE_CAPTURE,262944,3/15/2022 1:42:00 PM,9cd41444-4813-45a8-81d0-a1d068184c8e,i see that are you hurt anywhere else,NA,
VOICE_COMMAND,262944,3/15/2022 1:42:00 PM,9cd41444-4813-45a8-81d0-a1d068184c8e,are you hurt,i see that are you hurt anywhere else,
TELEPORT,263642,3/15/2022 1:42:01 PM,9cd41444-4813-45a8-81d0-a1d068184c8e,"(-1.1, 0.0, 2.9)",
BAG_ACCESS,266480,3/15/2022 1:42:04 PM,9cd41444-4813-45a8-81d0-a1d068184c8e,"(-1.0, 0.5, 2.9)",
TAG_SELECTED,267124,3/15/2022 1:42:05 PM,9cd41444-4813-45a8-81d0-a1d068184c8e,yellow,
TAG_APPLIED,268179,3/15/2022 1:42:06 PM,9cd41444-4813-45a8-81d0-a1d068184c8e,Gloria_6 Root,yellow,
BAG_CLOSED,269878,3/15/2022 1:42:07 PM,9cd41444-4813-45a8-81d0-a1d068184c8e,"(-1.0, 0.5, 2.9)",
TELEPORT,269878,3/15/2022 1:42:07 PM,9cd41444-4813-45a8-81d0-a1d068184c8e,"(-1.1, 0.0, 2.9)",
TELEPORT,270183,3/15/2022 1:42:08 PM,9cd41444-4813-45a8-81d0-a1d068184c8e,"(-0.9, 0.0, 2.9)",
TELEPORT,272328,3/15/2022 1:42:10 PM,9cd41444-4813-45a8-81d0-a1d068184c8e,"(-1.2, 0.0, 2.9)",
TELEPORT,275142,3/15/2022 1:42:13 PM,9cd41444-4813-45a8-81d0-a1d068184c8e,"(-1.0, 0.0, 3.0)",
VOICE_CAPTURE,275808,3/15/2022 1:42:13 PM,9cd41444-4813-45a8-81d0-a1d068184c8e,can i take off her shoe,NA,
TELEPORT,278483,3/15/2022 1:42:16 PM,9cd41444-4813-45a8-81d0-a1d068184c8e,"(-1.0, 0.0, 3.0)",
VOICE_CAPTURE,278621,3/15/2022 1:42:16 PM,9cd41444-4813-45a8-81d0-a1d068184c8e,K,NA,
TELEPORT,279318,3/15/2022 1:42:17 PM,9cd41444-4813-45a8-81d0-a1d068184c8e,"(-0.8, 0.0, 3.0)",
TELEPORT,279931,3/15/2022 1:42:17 PM,9cd41444-4813-45a8-81d0-a1d068184c8e,"(-0.9, 0.0, 3.1)",
TELEPORT,280404,3/15/2022 1:42:18 PM,9cd41444-4813-45a8-81d0-a1d068184c8e,"(-0.9, 0.0, 3.1)",
TELEPORT,282909,3/15/2022 1:42:20 PM,9cd41444-4813-45a8-81d0-a1d068184c8e,"(-1.0, 0.0, 3.2)",
TELEPORT,284637,3/15/2022 1:42:22 PM,9cd41444-4813-45a8-81d0-a1d068184c8e,"(-0.7, 0.0, 3.1)",
TELEPORT,286005,3/15/2022 1:42:23 PM,9cd41444-4813-45a8-81d0-a1d068184c8e,"(-0.5, 0.0, 3.4)",
VOICE_CAPTURE,286584,3/15/2022 1:42:24 PM,9cd41444-4813-45a8-81d0-a1d068184c8e,no,NA,
TELEPORT,287337,3/15/2022 1:42:25 PM,9cd41444-4813-45a8-81d0-a1d068184c8e,"(-0.2, 0.0, 3.8)",
VOICE_CAPTURE,288259,3/15/2022 1:42:26 PM,9cd41444-4813-45a8-81d0-a1d068184c8e,i don't think i wanna take that out we're gonna move on,NA,
PATIENT_ENGAGED,288672,3/15/2022 1:42:26 PM,9cd41444-4813-45a8-81d0-a1d068184c8e,63.87083,Infinity,Mike_7 Root,"(1.4, 0.0, 4.0)","(0.0, 0.1, 0.0, 1.0)",DELAYED,waver,fast,normal,normal,calm,sittingGround,
TELEPORT,288757,3/15/2022 1:42:26 PM,9cd41444-4813-45a8-81d0-a1d068184c8e,"(0.1, 0.0, 4.0)",
BAG_ACCESS,290706,3/15/2022 1:42:28 PM,9cd41444-4813-45a8-81d0-a1d068184c8e,"(0.4, 0.5, 4.0)",
VOICE_CAPTURE,290843,3/15/2022 1:42:28 PM,9cd41444-4813-45a8-81d0-a1d068184c8e,hi,NA,
TOOL_HOVER,291514,3/15/2022 1:42:29 PM,9cd41444-4813-45a8-81d0-a1d068184c8e,Tourniquet,998,
TOOL_HOVER,291542,3/15/2022 1:42:29 PM,9cd41444-4813-45a8-81d0-a1d068184c8e,Tourniquet,998,
TOOL_HOVER,291569,3/15/2022 1:42:29 PM,9cd41444-4813-45a8-81d0-a1d068184c8e,Tourniquet,998,
TOOL_HOVER,291603,3/15/2022 1:42:29 PM,9cd41444-4813-45a8-81d0-a1d068184c8e,Needle,998,
TOOL_HOVER,291628,3/15/2022 1:42:29 PM,9cd41444-4813-45a8-81d0-a1d068184c8e,Needle,998,
TOOL_HOVER,291654,3/15/2022 1:42:29 PM,9cd41444-4813-45a8-81d0-a1d068184c8e,Needle,998,
TOOL_HOVER,291683,3/15/2022 1:42:29 PM,9cd41444-4813-45a8-81d0-a1d068184c8e,Needle,998,
TOOL_SELECTED,291684,3/15/2022 1:42:29 PM,9cd41444-4813-45a8-81d0-a1d068184c8e,Needle,997,
VOICE_CAPTURE,292605,3/15/2022 1:42:30 PM,9cd41444-4813-45a8-81d0-a1d068184c8e,play,NA,
TOOL_DISCARDED,292964,3/15/2022 1:42:30 PM,9cd41444-4813-45a8-81d0-a1d068184c8e,Needle,997,"(0.8, 0.9, 4.5)",
TOOL_HOVER,293520,3/15/2022 1:42:31 PM,9cd41444-4813-45a8-81d0-a1d068184c8e,Tourniquet,998,
TOOL_HOVER,293547,3/15/2022 1:42:31 PM,9cd41444-4813-45a8-81d0-a1d068184c8e,Tourniquet,998,
TOOL_HOVER,293576,3/15/2022 1:42:31 PM,9cd41444-4813-45a8-81d0-a1d068184c8e,Tourniquet,998,
TOOL_HOVER,293604,3/15/2022 1:42:31 PM,9cd41444-4813-45a8-81d0-a1d068184c8e,Tourniquet,998,
TOOL_HOVER,293639,3/15/2022 1:42:31 PM,9cd41444-4813-45a8-81d0-a1d068184c8e,Tourniquet,998,
TOOL_HOVER,293659,3/15/2022 1:42:31 PM,9cd41444-4813-45a8-81d0-a1d068184c8e,Tourniquet,998,
TOOL_HOVER,293688,3/15/2022 1:42:31 PM,9cd41444-4813-45a8-81d0-a1d068184c8e,Tourniquet,998,
TOOL_HOVER,293724,3/15/2022 1:42:31 PM,9cd41444-4813-45a8-81d0-a1d068184c8e,Tourniquet,998,
TOOL_HOVER,293744,3/15/2022 1:42:31 PM,9cd41444-4813-45a8-81d0-a1d068184c8e,Tourniquet,998,
TOOL_HOVER,293771,3/15/2022 1:42:31 PM,9cd41444-4813-45a8-81d0-a1d068184c8e,Tourniquet,998,
TOOL_HOVER,293804,3/15/2022 1:42:31 PM,9cd41444-4813-45a8-81d0-a1d068184c8e,Needle,998,
TOOL_HOVER,293826,3/15/2022 1:42:31 PM,9cd41444-4813-45a8-81d0-a1d068184c8e,Needle,998,
TOOL_HOVER,293855,3/15/2022 1:42:31 PM,9cd41444-4813-45a8-81d0-a1d068184c8e,Needle,998,
TOOL_HOVER,293886,3/15/2022 1:42:31 PM,9cd41444-4813-45a8-81d0-a1d068184c8e,Needle,998,
TOOL_HOVER,293912,3/15/2022 1:42:31 PM,9cd41444-4813-45a8-81d0-a1d068184c8e,Needle,998,
TOOL_HOVER,293938,3/15/2022 1:42:31 PM,9cd41444-4813-45a8-81d0-a1d068184c8e,Needle,998,
TOOL_HOVER,293970,3/15/2022 1:42:31 PM,9cd41444-4813-45a8-81d0-a1d068184c8e,Needle,998,
TOOL_SELECTED,293972,3/15/2022 1:42:31 PM,9cd41444-4813-45a8-81d0-a1d068184c8e,Needle,997,
TOOL_DISCARDED,294718,3/15/2022 1:42:32 PM,9cd41444-4813-45a8-81d0-a1d068184c8e,Needle,997,"(0.8, 0.9, 4.6)",
TOOL_HOVER,294803,3/15/2022 1:42:32 PM,9cd41444-4813-45a8-81d0-a1d068184c8e,Needle,998,
TOOL_HOVER,294830,3/15/2022 1:42:32 PM,9cd41444-4813-45a8-81d0-a1d068184c8e,Needle,998,
TOOL_HOVER,294862,3/15/2022 1:42:32 PM,9cd41444-4813-45a8-81d0-a1d068184c8e,Needle,998,
TOOL_HOVER,294885,3/15/2022 1:42:32 PM,9cd41444-4813-45a8-81d0-a1d068184c8e,Needle,998,
TOOL_HOVER,295721,3/15/2022 1:42:33 PM,9cd41444-4813-45a8-81d0-a1d068184c8e,Tourniquet,998,
TOOL_HOVER,295749,3/15/2022 1:42:33 PM,9cd41444-4813-45a8-81d0-a1d068184c8e,Tourniquet,998,
TOOL_HOVER,295776,3/15/2022 1:42:33 PM,9cd41444-4813-45a8-81d0-a1d068184c8e,Tourniquet,998,
TOOL_HOVER,295804,3/15/2022 1:42:33 PM,9cd41444-4813-45a8-81d0-a1d068184c8e,Tourniquet,998,
TOOL_HOVER,295832,3/15/2022 1:42:33 PM,9cd41444-4813-45a8-81d0-a1d068184c8e,Tourniquet,998,
TOOL_HOVER,295860,3/15/2022 1:42:33 PM,9cd41444-4813-45a8-81d0-a1d068184c8e,Tourniquet,998,
VOICE_CAPTURE,295888,3/15/2022 1:42:33 PM,9cd41444-4813-45a8-81d0-a1d068184c8e,no i don't want that i know that,NA,
TOOL_HOVER,295889,3/15/2022 1:42:33 PM,9cd41444-4813-45a8-81d0-a1d068184c8e,Tourniquet,998,
TOOL_HOVER,295917,3/15/2022 1:42:33 PM,9cd41444-4813-45a8-81d0-a1d068184c8e,Tourniquet,998,
TOOL_HOVER,295945,3/15/2022 1:42:33 PM,9cd41444-4813-45a8-81d0-a1d068184c8e,Tourniquet,998,
TOOL_HOVER,295974,3/15/2022 1:42:33 PM,9cd41444-4813-45a8-81d0-a1d068184c8e,Tourniquet,998,
TOOL_HOVER,296001,3/15/2022 1:42:33 PM,9cd41444-4813-45a8-81d0-a1d068184c8e,Tourniquet,998,
TOOL_HOVER,296028,3/15/2022 1:42:33 PM,9cd41444-4813-45a8-81d0-a1d068184c8e,Tourniquet,998,
TOOL_HOVER,296058,3/15/2022 1:42:34 PM,9cd41444-4813-45a8-81d0-a1d068184c8e,Tourniquet,998,
TOOL_SELECTED,296059,3/15/2022 1:42:34 PM,9cd41444-4813-45a8-81d0-a1d068184c8e,Tourniquet,997,
INJURY_TREATED,300568,3/15/2022 1:42:38 PM,9cd41444-4813-45a8-81d0-a1d068184c8e,L Thigh Puncture,Mike_7 Root,tourniquet,medium,leftLeg,True,False,"(0.8, 0.1, 4.1)",
TOOL_APPLIED,300568,3/15/2022 1:42:38 PM,9cd41444-4813-45a8-81d0-a1d068184c8e,Mike_7 Root,Tourniquet,LeftUpLeg (UnityEngine.GameObject),tor_ring (1) (UnityEngine.GameObject),tourniquet(Clone) (UnityEngine.GameObject),AppliedTourniquet,
TAG_SELECTED,303213,3/15/2022 1:42:41 PM,9cd41444-4813-45a8-81d0-a1d068184c8e,yellow,
TAG_APPLIED,304610,3/15/2022 1:42:42 PM,9cd41444-4813-45a8-81d0-a1d068184c8e,Mike_7 Root,yellow,
BAG_CLOSED,307000,3/15/2022 1:42:44 PM,9cd41444-4813-45a8-81d0-a1d068184c8e,"(0.4, 0.5, 4.0)",
TELEPORT,307000,3/15/2022 1:42:44 PM,9cd41444-4813-45a8-81d0-a1d068184c8e,"(0.3, 0.0, 4.2)",
TELEPORT,307974,3/15/2022 1:42:45 PM,9cd41444-4813-45a8-81d0-a1d068184c8e,"(0.3, 0.0, 4.6)",
TELEPORT,310118,3/15/2022 1:42:48 PM,9cd41444-4813-45a8-81d0-a1d068184c8e,"(0.7, 0.0, 5.2)",
TELEPORT,310343,3/15/2022 1:42:48 PM,9cd41444-4813-45a8-81d0-a1d068184c8e,"(0.8, 0.0, 5.2)",
TELEPORT,311347,3/15/2022 1:42:49 PM,9cd41444-4813-45a8-81d0-a1d068184c8e,"(0.9, 0.0, 4.8)",
TELEPORT,315437,3/15/2022 1:42:53 PM,9cd41444-4813-45a8-81d0-a1d068184c8e,"(2.2, 0.0, 2.5)",
VOICE_CAPTURE,316410,3/15/2022 1:42:54 PM,9cd41444-4813-45a8-81d0-a1d068184c8e,wait,NA,
PATIENT_ENGAGED,318137,3/15/2022 1:42:56 PM,9cd41444-4813-45a8-81d0-a1d068184c8e,63.87083,Infinity,Mike_5 Root,"(2.6, 0.0, 2.0)","(0.0, 1.0, 0.0, 0.0)",IMMEDIATE,waver,fast,normal,normal,calm,fetal,
BAG_ACCESS,319111,3/15/2022 1:42:57 PM,9cd41444-4813-45a8-81d0-a1d068184c8e,"(2.3, 0.5, 2.2)",
TOOL_HOVER,320698,3/15/2022 1:42:58 PM,9cd41444-4813-45a8-81d0-a1d068184c8e,Tourniquet,997,
TOOL_HOVER,320726,3/15/2022 1:42:58 PM,9cd41444-4813-45a8-81d0-a1d068184c8e,Tourniquet,997,
TOOL_HOVER,320755,3/15/2022 1:42:58 PM,9cd41444-4813-45a8-81d0-a1d068184c8e,Tourniquet,997,
TOOL_HOVER,320783,3/15/2022 1:42:58 PM,9cd41444-4813-45a8-81d0-a1d068184c8e,Tourniquet,997,
TOOL_HOVER,320810,3/15/2022 1:42:58 PM,9cd41444-4813-45a8-81d0-a1d068184c8e,Tourniquet,997,
TOOL_SELECTED,320812,3/15/2022 1:42:58 PM,9cd41444-4813-45a8-81d0-a1d068184c8e,Tourniquet,996,
VOICE_CAPTURE,321061,3/15/2022 1:42:59 PM,9cd41444-4813-45a8-81d0-a1d068184c8e,sir you're right,NA,
INJURY_TREATED,322814,3/15/2022 1:43:00 PM,9cd41444-4813-45a8-81d0-a1d068184c8e,R Thigh Laceration,Mike_5 Root,gauzePressure,medium,rightLeg,False,True,"(2.9, 0.3, 1.9)",
TOOL_APPLIED,322815,3/15/2022 1:43:00 PM,9cd41444-4813-45a8-81d0-a1d068184c8e,Mike_5 Root,Tourniquet,RightUpLeg (UnityEngine.GameObject),tor_ring (1) (UnityEngine.GameObject),tourniquet(Clone) (UnityEngine.GameObject),AppliedTourniquet,
VOICE_CAPTURE,322843,3/15/2022 1:43:00 PM,9cd41444-4813-45a8-81d0-a1d068184c8e,are you hurt,NA,
VOICE_COMMAND,322843,3/15/2022 1:43:00 PM,9cd41444-4813-45a8-81d0-a1d068184c8e,are you hurt,are you hurt,
BAG_CLOSED,324182,3/15/2022 1:43:02 PM,9cd41444-4813-45a8-81d0-a1d068184c8e,"(2.3, 0.5, 2.2)",
TELEPORT,324182,3/15/2022 1:43:02 PM,9cd41444-4813-45a8-81d0-a1d068184c8e,"(2.3, 0.0, 2.4)",
BAG_ACCESS,328804,3/15/2022 1:43:06 PM,9cd41444-4813-45a8-81d0-a1d068184c8e,"(2.6, 0.5, 1.9)",
TOOL_HOVER,330002,3/15/2022 1:43:07 PM,9cd41444-4813-45a8-81d0-a1d068184c8e,Hemostatic Gauze,999,
TOOL_HOVER,330030,3/15/2022 1:43:08 PM,9cd41444-4813-45a8-81d0-a1d068184c8e,Hemostatic Gauze,999,
TOOL_HOVER,330058,3/15/2022 1:43:08 PM,9cd41444-4813-45a8-81d0-a1d068184c8e,Hemostatic Gauze,999,
TOOL_HOVER,330085,3/15/2022 1:43:08 PM,9cd41444-4813-45a8-81d0-a1d068184c8e,Hemostatic Gauze,999,
TOOL_SELECTED,330087,3/15/2022 1:43:08 PM,9cd41444-4813-45a8-81d0-a1d068184c8e,Hemostatic Gauze,998,
VOICE_CAPTURE,331337,3/15/2022 1:43:09 PM,9cd41444-4813-45a8-81d0-a1d068184c8e,can i have you lay flat for me OK nope it's an OK,NA,
TOOL_DISCARDED,332203,3/15/2022 1:43:10 PM,9cd41444-4813-45a8-81d0-a1d068184c8e,Hemostatic Gauze,998,"(3.0, 0.3, 2.3)",
INJURY_TREATED,332205,3/15/2022 1:43:10 PM,9cd41444-4813-45a8-81d0-a1d068184c8e,R Side Puncture,Mike_5 Root,woundpack,medium,abdomen,True,False,"(3.0, 0.3, 2.2)",
TOOL_APPLIED,332205,3/15/2022 1:43:10 PM,9cd41444-4813-45a8-81d0-a1d068184c8e,Mike_5 Root,Gauze_Pack,skinCollider_BodyCollideLOD (UnityEngine.GameObject),null,null,AppliedPackingGauze,
TAG_SELECTED,336606,3/15/2022 1:43:14 PM,9cd41444-4813-45a8-81d0-a1d068184c8e,yellow,
TAG_APPLIED,337298,3/15/2022 1:43:15 PM,9cd41444-4813-45a8-81d0-a1d068184c8e,Mike_5 Root,yellow,
BAG_CLOSED,339553,3/15/2022 1:43:17 PM,9cd41444-4813-45a8-81d0-a1d068184c8e,"(2.6, 0.5, 1.9)",
TELEPORT,339553,3/15/2022 1:43:17 PM,9cd41444-4813-45a8-81d0-a1d068184c8e,"(2.5, 0.0, 2.4)",
TELEPORT,341837,3/15/2022 1:43:19 PM,9cd41444-4813-45a8-81d0-a1d068184c8e,"(2.5, 0.0, 2.3)",
PATIENT_ENGAGED,341837,3/15/2022 1:43:19 PM,9cd41444-4813-45a8-81d0-a1d068184c8e,100,Infinity,Lily_2 Root,"(3.0, 0.0, 4.0)","(0.0, 1.0, 0.0, 0.0)",IMMEDIATE,waver,fast,fast,normal,calm,fetal,
VOICE_CAPTURE,344900,3/15/2022 1:43:22 PM,9cd41444-4813-45a8-81d0-a1d068184c8e,are you having any trouble never mind moving on,NA,
PATIENT_ENGAGED,347100,3/15/2022 1:43:25 PM,9cd41444-4813-45a8-81d0-a1d068184c8e,100,Infinity,Lily_4 Root,"(1.4, 0.0, 6.0)","(0.0, 1.0, 0.0, 0.0)",IMMEDIATE,waver,fast,normal,normal,calm,fetal,
TELEPORT,347630,3/15/2022 1:43:25 PM,9cd41444-4813-45a8-81d0-a1d068184c8e,"(0.7, 0.0, 5.7)",
TELEPORT,347880,3/15/2022 1:43:25 PM,9cd41444-4813-45a8-81d0-a1d068184c8e,"(0.6, 0.0, 5.8)",
TELEPORT,348160,3/15/2022 1:43:26 PM,9cd41444-4813-45a8-81d0-a1d068184c8e,"(0.6, 0.0, 5.8)",
BAG_ACCESS,350609,3/15/2022 1:43:28 PM,9cd41444-4813-45a8-81d0-a1d068184c8e,"(0.8, 0.5, 5.7)",
TOOL_HOVER,351419,3/15/2022 1:43:29 PM,9cd41444-4813-45a8-81d0-a1d068184c8e,Hemostatic Gauze,999,
TOOL_HOVER,351446,3/15/2022 1:43:29 PM,9cd41444-4813-45a8-81d0-a1d068184c8e,Hemostatic Gauze,999,
TOOL_HOVER,351473,3/15/2022 1:43:29 PM,9cd41444-4813-45a8-81d0-a1d068184c8e,Hemostatic Gauze,999,
TOOL_SELECTED,351475,3/15/2022 1:43:29 PM,9cd41444-4813-45a8-81d0-a1d068184c8e,Hemostatic Gauze,998,
PATIENT_ENGAGED,351949,3/15/2022 1:43:29 PM,9cd41444-4813-45a8-81d0-a1d068184c8e,100,Infinity,Gary_1 Root,"(2.0, 0.0, 7.0)","(0.0, 1.0, 0.0, 0.0)",EXPECTANT,still,none,restricted,none,unresponsive,supine,
TOOL_DISCARDED,352671,3/15/2022 1:43:30 PM,9cd41444-4813-45a8-81d0-a1d068184c8e,Hemostatic Gauze,998,"(1.1, 0.3, 6.3)",
INJURY_TREATED,352671,3/15/2022 1:43:30 PM,9cd41444-4813-45a8-81d0-a1d068184c8e,L Side Puncture,Lily_4 Root,woundpack,medium,abdomen,True,False,"(1.1, 0.2, 6.3)",
TOOL_APPLIED,352671,3/15/2022 1:43:30 PM,9cd41444-4813-45a8-81d0-a1d068184c8e,Lily_4 Root,Gauze_Pack,skinCollider_BodyLOD (UnityEngine.GameObject),null,null,AppliedPackingGauze,
PATIENT_ENGAGED,352949,3/15/2022 1:43:30 PM,9cd41444-4813-45a8-81d0-a1d068184c8e,100,Infinity,Lily_4 Root,"(1.4, 0.0, 6.0)","(0.0, 1.0, 0.0, 0.0)",IMMEDIATE,waver,fast,normal,normal,calm,fetal,
TAG_SELECTED,356738,3/15/2022 1:43:34 PM,9cd41444-4813-45a8-81d0-a1d068184c8e,yellow,
PATIENT_ENGAGED,356875,3/15/2022 1:43:34 PM,9cd41444-4813-45a8-81d0-a1d068184c8e,100,Infinity,Gary_1 Root,"(2.0, 0.0, 7.0)","(0.0, 1.0, 0.0, 0.0)",EXPECTANT,still,none,restricted,none,unresponsive,supine,
TAG_APPLIED,357545,3/15/2022 1:43:35 PM,9cd41444-4813-45a8-81d0-a1d068184c8e,Lily_4 Root,yellow,
VOICE_CAPTURE,357572,3/15/2022 1:43:35 PM,9cd41444-4813-45a8-81d0-a1d068184c8e,are you hurt,NA,
VOICE_COMMAND,357572,3/15/2022 1:43:35 PM,9cd41444-4813-45a8-81d0-a1d068184c8e,are you hurt,are you hurt,
PATIENT_ENGAGED,358267,3/15/2022 1:43:36 PM,9cd41444-4813-45a8-81d0-a1d068184c8e,100,Infinity,Lily_4 Root,"(1.4, 0.0, 6.0)","(0.0, 1.0, 0.0, 0.0)",IMMEDIATE,waver,fast,normal,normal,calm,fetal,
BAG_CLOSED,361861,3/15/2022 1:43:39 PM,9cd41444-4813-45a8-81d0-a1d068184c8e,"(0.8, 0.5, 5.7)",
TELEPORT,361861,3/15/2022 1:43:39 PM,9cd41444-4813-45a8-81d0-a1d068184c8e,"(0.6, 0.0, 5.8)",
PATIENT_ENGAGED,361972,3/15/2022 1:43:39 PM,9cd41444-4813-45a8-81d0-a1d068184c8e,100,Infinity,Gary_1 Root,"(2.0, 0.0, 7.0)","(0.0, 1.0, 0.0, 0.0)",EXPECTANT,still,none,restricted,none,unresponsive,supine,
VOICE_CAPTURE,363783,3/15/2022 1:43:41 PM,9cd41444-4813-45a8-81d0-a1d068184c8e,hey now,NA,
TELEPORT,364255,3/15/2022 1:43:42 PM,9cd41444-4813-45a8-81d0-a1d068184c8e,"(0.1, 0.0, 6.0)",
TELEPORT,365340,3/15/2022 1:43:43 PM,9cd41444-4813-45a8-81d0-a1d068184c8e,"(0.5, 0.0, 6.3)",
VOICE_CAPTURE,368907,3/15/2022 1:43:46 PM,9cd41444-4813-45a8-81d0-a1d068184c8e,we'll get emergency medical personnel right away,NA,
TELEPORT,369324,3/15/2022 1:43:47 PM,9cd41444-4813-45a8-81d0-a1d068184c8e,"(2.2, 0.0, 7.6)",
VOICE_CAPTURE,371830,3/15/2022 1:43:49 PM,9cd41444-4813-45a8-81d0-a1d068184c8e,not me anymore is that everyone,NA,
TELEPORT,372915,3/15/2022 1:43:50 PM,9cd41444-4813-45a8-81d0-a1d068184c8e,"(2.1, 0.0, 5.7)",
TELEPORT,375144,3/15/2022 1:43:53 PM,9cd41444-4813-45a8-81d0-a1d068184c8e,"(2.0, 0.0, 4.8)",
VOICE_CAPTURE,379320,3/15/2022 1:43:57 PM,9cd41444-4813-45a8-81d0-a1d068184c8e,just gonna keep kneeling,NA,
PATIENT_ENGAGED,383307,3/15/2022 1:44:01 PM,9cd41444-4813-45a8-81d0-a1d068184c8e,100,Infinity,Gloria_8 Root,"(3.3, 0.0, -2.6)","(0.0, 0.3, 0.0, 1.0)",DELAYED,walker,normal,normal,normal,calm,sittingGround,
TELEPORT,384555,3/15/2022 1:44:02 PM,9cd41444-4813-45a8-81d0-a1d068184c8e,"(3.0, 0.0, -1.7)",
TELEPORT,385000,3/15/2022 1:44:02 PM,9cd41444-4813-45a8-81d0-a1d068184c8e,"(3.1, 0.0, -1.9)",
BAG_ACCESS,387398,3/15/2022 1:44:05 PM,9cd41444-4813-45a8-81d0-a1d068184c8e,"(3.2, 0.5, -2.2)",
VOICE_CAPTURE,387728,3/15/2022 1:44:05 PM,9cd41444-4813-45a8-81d0-a1d068184c8e,hi what's going on,NA,
TOOL_HOVER,387898,3/15/2022 1:44:05 PM,9cd41444-4813-45a8-81d0-a1d068184c8e,Hemostatic Gauze,999,
TOOL_HOVER,387926,3/15/2022 1:44:05 PM,9cd41444-4813-45a8-81d0-a1d068184c8e,Hemostatic Gauze,999,
TOOL_HOVER,387953,3/15/2022 1:44:05 PM,9cd41444-4813-45a8-81d0-a1d068184c8e,Hemostatic Gauze,999,
TOOL_HOVER,387982,3/15/2022 1:44:05 PM,9cd41444-4813-45a8-81d0-a1d068184c8e,Hemostatic Gauze,999,
TOOL_SELECTED,387983,3/15/2022 1:44:05 PM,9cd41444-4813-45a8-81d0-a1d068184c8e,Hemostatic Gauze,998,
TOOL_DISCARDED,388956,3/15/2022 1:44:06 PM,9cd41444-4813-45a8-81d0-a1d068184c8e,Hemostatic Gauze,998,"(3.2, 0.3, -2.7)",
TOOL_DISCARDED,388956,3/15/2022 1:44:06 PM,9cd41444-4813-45a8-81d0-a1d068184c8e,Hemostatic Gauze,999,"(3.2, 0.3, -2.7)",
VOICE_CAPTURE,389012,3/15/2022 1:44:06 PM,9cd41444-4813-45a8-81d0-a1d068184c8e,are you hurt,NA,
VOICE_COMMAND,389012,3/15/2022 1:44:06 PM,9cd41444-4813-45a8-81d0-a1d068184c8e,are you hurt,are you hurt,
PULSE_TAKEN,389095,3/15/2022 1:44:07 PM,9cd41444-4813-45a8-81d0-a1d068184c8e,pulse_normal,Gloria_8 Root,
TOOL_HOVER,391602,3/15/2022 1:44:09 PM,9cd41444-4813-45a8-81d0-a1d068184c8e,Hemostatic Gauze,1000,
TOOL_HOVER,391630,3/15/2022 1:44:09 PM,9cd41444-4813-45a8-81d0-a1d068184c8e,Hemostatic Gauze,1000,
TOOL_HOVER,391657,3/15/2022 1:44:09 PM,9cd41444-4813-45a8-81d0-a1d068184c8e,Hemostatic Gauze,1000,
TOOL_HOVER,391685,3/15/2022 1:44:09 PM,9cd41444-4813-45a8-81d0-a1d068184c8e,Hemostatic Gauze,1000,
TOOL_HOVER,391715,3/15/2022 1:44:09 PM,9cd41444-4813-45a8-81d0-a1d068184c8e,Hemostatic Gauze,1000,
TOOL_SELECTED,391717,3/15/2022 1:44:09 PM,9cd41444-4813-45a8-81d0-a1d068184c8e,Hemostatic Gauze,999,
TOOL_DISCARDED,392967,3/15/2022 1:44:10 PM,9cd41444-4813-45a8-81d0-a1d068184c8e,Hemostatic Gauze,999,"(3.1, 0.4, -2.6)",
INJURY_TREATED,392967,3/15/2022 1:44:10 PM,9cd41444-4813-45a8-81d0-a1d068184c8e,L Forearm Laceration,Gloria_8 Root,gauzePressure,low,leftArm,False,True,"(3.1, 0.3, -2.6)",
TOOL_APPLIED,392967,3/15/2022 1:44:10 PM,9cd41444-4813-45a8-81d0-a1d068184c8e,Gloria_8 Root,Gauze_Pack,skinCollider_Body_LOD (UnityEngine.GameObject),null,null,AppliedPackingGauze,
VOICE_CAPTURE,394024,3/15/2022 1:44:11 PM,9cd41444-4813-45a8-81d0-a1d068184c8e,i see that,NA,
TOOL_HOVER,395222,3/15/2022 1:44:13 PM,9cd41444-4813-45a8-81d0-a1d068184c8e,Gauze,999,
TOOL_HOVER,395250,3/15/2022 1:44:13 PM,9cd41444-4813-45a8-81d0-a1d068184c8e,Gauze,999,
TOOL_HOVER,395278,3/15/2022 1:44:13 PM,9cd41444-4813-45a8-81d0-a1d068184c8e,Gauze,999,
TOOL_HOVER,395306,3/15/2022 1:44:13 PM,9cd41444-4813-45a8-81d0-a1d068184c8e,Gauze,999,
TOOL_HOVER,395334,3/15/2022 1:44:13 PM,9cd41444-4813-45a8-81d0-a1d068184c8e,Gauze,999,
TOOL_SELECTED,395336,3/15/2022 1:44:13 PM,9cd41444-4813-45a8-81d0-a1d068184c8e,Gauze,998,
TOOL_DISCARDED,396053,3/15/2022 1:44:14 PM,9cd41444-4813-45a8-81d0-a1d068184c8e,Gauze,998,"(3.1, 0.4, -2.6)",
INJURY_TREATED,396054,3/15/2022 1:44:14 PM,9cd41444-4813-45a8-81d0-a1d068184c8e,L Forearm Laceration,Gloria_8 Root,gauzePressure,low,leftArm,True,True,"(3.1, 0.3, -2.6)",
TOOL_APPLIED,396055,3/15/2022 1:44:14 PM,9cd41444-4813-45a8-81d0-a1d068184c8e,Gloria_8 Root,Gauze_Dressing,skinCollider_Body_LOD (UnityEngine.GameObject),null,null,AppliedDressingGauze,
BAG_CLOSED,397529,3/15/2022 1:44:15 PM,9cd41444-4813-45a8-81d0-a1d068184c8e,"(3.2, 0.5, -2.2)",
TELEPORT,397529,3/15/2022 1:44:15 PM,9cd41444-4813-45a8-81d0-a1d068184c8e,"(2.8, 0.0, -2.0)",
VOICE_CAPTURE,398479,3/15/2022 1:44:16 PM,9cd41444-4813-45a8-81d0-a1d068184c8e,am i supposed to,NA,
VOICE_CAPTURE,402627,3/15/2022 1:44:20 PM,9cd41444-4813-45a8-81d0-a1d068184c8e,oh i forgot to wrap oops,NA,
TELEPORT,402657,3/15/2022 1:44:20 PM,9cd41444-4813-45a8-81d0-a1d068184c8e,"(2.7, 0.0, -1.4)",
TELEPORT,403267,3/15/2022 1:44:21 PM,9cd41444-4813-45a8-81d0-a1d068184c8e,"(2.5, 0.0, -1.0)",
TELEPORT,405330,3/15/2022 1:44:23 PM,9cd41444-4813-45a8-81d0-a1d068184c8e,"(2.7, 0.0, -1.6)",
BAG_ACCESS,407223,3/15/2022 1:44:25 PM,9cd41444-4813-45a8-81d0-a1d068184c8e,"(3.0, 0.5, -1.8)",
TAG_SELECTED,408673,3/15/2022 1:44:26 PM,9cd41444-4813-45a8-81d0-a1d068184c8e,green,
TAG_APPLIED,409896,3/15/2022 1:44:27 PM,9cd41444-4813-45a8-81d0-a1d068184c8e,Gloria_8 Root,green,
BAG_CLOSED,411154,3/15/2022 1:44:29 PM,9cd41444-4813-45a8-81d0-a1d068184c8e,"(3.0, 0.5, -1.8)",
TELEPORT,411154,3/15/2022 1:44:29 PM,9cd41444-4813-45a8-81d0-a1d068184c8e,"(2.8, 0.0, -1.7)",
TELEPORT,411903,3/15/2022 1:44:29 PM,9cd41444-4813-45a8-81d0-a1d068184c8e,"(3.2, 0.0, -1.8)",
PATIENT_ENGAGED,413743,3/15/2022 1:44:31 PM,9cd41444-4813-45a8-81d0-a1d068184c8e,100,Infinity,Helga_10 Root,"(4.0, 0.0, -4.2)","(0.0, 0.8, 0.0, -0.6)",MINIMAL,walker,normal,normal,normal,calm,sittingGround,
TELEPORT,414412,3/15/2022 1:44:32 PM,9cd41444-4813-45a8-81d0-a1d068184c8e,"(3.7, 0.0, -3.2)",
PATIENT_ENGAGED,416357,3/15/2022 1:44:34 PM,9cd41444-4813-45a8-81d0-a1d068184c8e,100,Infinity,Bob_9 Root,"(2.8, 0.0, -3.6)","(0.0, 0.1, 0.0, 1.0)",MINIMAL,walker,normal,normal,normal,calm,standing,
TOOL_HOVER,417585,3/15/2022 1:44:35 PM,9cd41444-4813-45a8-81d0-a1d068184c8e,Tourniquet,996,
TOOL_HOVER,417610,3/15/2022 1:44:35 PM,9cd41444-4813-45a8-81d0-a1d068184c8e,Tourniquet,996,
TOOL_HOVER,417639,3/15/2022 1:44:35 PM,9cd41444-4813-45a8-81d0-a1d068184c8e,Tourniquet,996,
TOOL_HOVER,417668,3/15/2022 1:44:35 PM,9cd41444-4813-45a8-81d0-a1d068184c8e,Gauze,999,
TOOL_HOVER,417694,3/15/2022 1:44:35 PM,9cd41444-4813-45a8-81d0-a1d068184c8e,Gauze,999,
TOOL_HOVER,417722,3/15/2022 1:44:35 PM,9cd41444-4813-45a8-81d0-a1d068184c8e,Gauze,999,
TOOL_HOVER,417749,3/15/2022 1:44:35 PM,9cd41444-4813-45a8-81d0-a1d068184c8e,Gauze,999,
BAG_ACCESS,418418,3/15/2022 1:44:36 PM,9cd41444-4813-45a8-81d0-a1d068184c8e,"(3.9, 0.5, -3.4)",
TAG_SELECTED,420899,3/15/2022 1:44:38 PM,9cd41444-4813-45a8-81d0-a1d068184c8e,gray,
PATIENT_ENGAGED,421315,3/15/2022 1:44:39 PM,9cd41444-4813-45a8-81d0-a1d068184c8e,100,Infinity,Helga_10 Root,"(4.0, 0.0, -4.2)","(0.0, 0.8, 0.0, -0.6)",MINIMAL,walker,normal,normal,normal,calm,sittingGround,
TAG_APPLIED,421789,3/15/2022 1:44:39 PM,9cd41444-4813-45a8-81d0-a1d068184c8e,Helga_10 Root,gray,
VOICE_CAPTURE,423878,3/15/2022 1:44:41 PM,9cd41444-4813-45a8-81d0-a1d068184c8e,are you hurt,NA,
VOICE_COMMAND,423878,3/15/2022 1:44:41 PM,9cd41444-4813-45a8-81d0-a1d068184c8e,are you hurt,are you hurt,
PATIENT_ENGAGED,425215,3/15/2022 1:44:43 PM,9cd41444-4813-45a8-81d0-a1d068184c8e,100,Infinity,Bob_9 Root,"(2.8, 0.0, -3.6)","(0.0, 0.1, 0.0, 1.0)",MINIMAL,walker,normal,normal,normal,calm,standing,
BAG_CLOSED,427052,3/15/2022 1:44:45 PM,9cd41444-4813-45a8-81d0-a1d068184c8e,"(3.9, 0.5, -3.4)",
TELEPORT,427052,3/15/2022 1:44:45 PM,9cd41444-4813-45a8-81d0-a1d068184c8e,"(2.9, 0.0, -2.7)",
VOICE_CAPTURE,427246,3/15/2022 1:44:45 PM,9cd41444-4813-45a8-81d0-a1d068184c8e,are you hurt,NA,
VOICE_COMMAND,427246,3/15/2022 1:44:45 PM,9cd41444-4813-45a8-81d0-a1d068184c8e,are you hurt,are you hurt,
TELEPORT,427498,3/15/2022 1:44:45 PM,9cd41444-4813-45a8-81d0-a1d068184c8e,"(2.8, 0.0, -2.7)",
VOICE_CAPTURE,430728,3/15/2022 1:44:48 PM,9cd41444-4813-45a8-81d0-a1d068184c8e,sir can you tell me,NA,
VOICE_CAPTURE,432202,3/15/2022 1:44:50 PM,9cd41444-4813-45a8-81d0-a1d068184c8e,you're OK,NA,
VOICE_CAPTURE,437410,3/15/2022 1:44:55 PM,9cd41444-4813-45a8-81d0-a1d068184c8e,are you hurt,NA,
VOICE_COMMAND,437410,3/15/2022 1:44:55 PM,9cd41444-4813-45a8-81d0-a1d068184c8e,are you hurt,are you hurt,
VOICE_CAPTURE,438191,3/15/2022 1:44:56 PM,9cd41444-4813-45a8-81d0-a1d068184c8e,can you tell me your name,NA,
VOICE_COMMAND,438191,3/15/2022 1:44:56 PM,9cd41444-4813-45a8-81d0-a1d068184c8e,what is your name,can you tell me your name,
BAG_ACCESS,441840,3/15/2022 1:44:59 PM,9cd41444-4813-45a8-81d0-a1d068184c8e,"(2.4, 0.8, -2.9)",
TAG_SELECTED,442371,3/15/2022 1:45:00 PM,9cd41444-4813-45a8-81d0-a1d068184c8e,gray,
VOICE_CAPTURE,443370,3/15/2022 1:45:01 PM,9cd41444-4813-45a8-81d0-a1d068184c8e,bob OK he's OK,NA,
TAG_APPLIED,443566,3/15/2022 1:45:01 PM,9cd41444-4813-45a8-81d0-a1d068184c8e,Bob_9 Root,gray,
TAG_SELECTED,445348,3/15/2022 1:45:03 PM,9cd41444-4813-45a8-81d0-a1d068184c8e,green,
VOICE_CAPTURE,445905,3/15/2022 1:45:03 PM,9cd41444-4813-45a8-81d0-a1d068184c8e,yeah,NA,
TAG_APPLIED,446323,3/15/2022 1:45:04 PM,9cd41444-4813-45a8-81d0-a1d068184c8e,Bob_9 Root,green,
VOICE_CAPTURE,447909,3/15/2022 1:45:05 PM,9cd41444-4813-45a8-81d0-a1d068184c8e,no no no no no,NA,
BAG_CLOSED,448496,3/15/2022 1:45:06 PM,9cd41444-4813-45a8-81d0-a1d068184c8e,"(2.4, 0.8, -2.9)",
TELEPORT,448496,3/15/2022 1:45:06 PM,9cd41444-4813-45a8-81d0-a1d068184c8e,"(2.2, 0.0, -2.6)",
TELEPORT,451726,3/15/2022 1:45:09 PM,9cd41444-4813-45a8-81d0-a1d068184c8e,"(1.4, 0.0, -1.5)",
VOICE_CAPTURE,454454,3/15/2022 1:45:12 PM,9cd41444-4813-45a8-81d0-a1d068184c8e,i forgot everyones,NA,
TELEPORT,457687,3/15/2022 1:45:15 PM,9cd41444-4813-45a8-81d0-a1d068184c8e,"(1.4, 0.0, 1.2)",
VOICE_CAPTURE,464644,3/15/2022 1:45:22 PM,9cd41444-4813-45a8-81d0-a1d068184c8e,i think i'm done,NA,
SESSION_END,466821,3/15/2022 1:45:24 PM,9cd41444-4813-45a8-81d0-a1d068184c8e,
VOICE_CAPTURE,469321,3/15/2022 1:45:27 PM,9cd41444-4813-45a8-81d0-a1d068184c8e,i'm also starting to get a little nauseous so,NA,
VOICE_CAPTURE,478124,3/15/2022 1:45:36 PM,9cd41444-4813-45a8-81d0-a1d068184c8e,thank you,NA,
VOICE_CAPTURE,497668,3/15/2022 1:45:55 PM,9cd41444-4813-45a8-81d0-a1d068184c8e,yeah,NA,
