054918a7-9634-40fe-8356-2ce0c9cc376f,true,false,11/30/2022 1:08:01 PMHelga_0 Root,IMMEDIATE,139269,red,trueL Stomach Puncture,woundpack,true,124986
L Thigh Puncture,tourniquet,true,119288Lily_1 Root,DELAYED,188773,yellow,trueR Bicep Puncture,tourniquet,false,-1
R Thigh Laceration,tourniquet,true,179683Gloria_2 Root,IMMEDIATE,37222,red,trueL Shin Amputation,tourniquet,true,16547Mike_3 Root,IMMEDIATE,163963,red,trueR Wrist Amputation,tourniquet,true,151752Mike_4 Root,MINIMAL,354164,yellow,trueR Palm Laceration,gauzePressure,false,-1Gary_5 Root,MINIMAL,279612,red,falseAsthmatic,none,false,-1Mike_6 Root,IMMEDIATE,233080,black,trueR Chest Collapse,decompress,true,211066Lily_7 Root,DEAD,197727,black,falseFace Shrapnel,airway,false,-1
L Wrist Amputation,tourniquet,false,-1
R Bicep Puncture,tourniquet,false,-1Gloria_8 Root,MINIMAL,-1,-1,trueEar Bleed,none,false,-1Mike_9 Root,IMMEDIATE,-1,-1,falseL Side Puncture,woundpack,false,-1
L Thigh Puncture,tourniquet,false,-1
L Calf Laceration,gauzePressure,false,-1Bob_10 Root,MINIMAL,293360,yellow,false