14678e1f-aa1c-4a67-a31f-65dd3e2238ca,true,false,12/6/2022 1:43:30 PMHelga_0 Root,IMMEDIATE,360380,red,trueL Stomach Puncture,woundpack,true,355064
L Thigh Puncture,tourniquet,true,349198Lily_1 Root,DELAYED,415659,red,trueR Bicep Puncture,tourniquet,true,241051
R Thigh Laceration,tourniquet,true,187405Gloria_2 Root,IMMEDIATE,99924,yellow,trueL Shin Amputation,tourniquet,true,75543Mike_3 Root,IMMEDIATE,381809,red,trueR Wrist Amputation,tourniquet,true,378040Mike_4 Root,MINIMAL,628141,green,trueR Palm Laceration,gauzePressure,true,622544Gary_5 Root,MINIMAL,536121,yellow,trueAsthmatic,none,false,-1Mike_6 Root,IMMEDIATE,137065,red,trueR Chest Collapse,decompress,true,130337Lily_7 Root,DEAD,160309,black,trueFace Shrapnel,airway,false,-1
L Wrist Amputation,tourniquet,false,-1
R Bicep Puncture,tourniquet,false,-1Gloria_8 Root,MINIMAL,319624,green,trueEar Bleed,none,false,-1Mike_9 Root,IMMEDIATE,496949,red,trueL Side Puncture,woundpack,true,485710
L Thigh Puncture,tourniquet,true,480159
L Calf Laceration,gauzePressure,false,-1Bob_10 Root,MINIMAL,562166,green,false