17962d45-8e90-4b50-86e7-77451042aac8,true,false,12/1/2022 12:45:37 PMHelga_0 Root,IMMEDIATE,274620,yellow,trueL Stomach Puncture,woundpack,true,257357
L Thigh Puncture,tourniquet,true,239877Lily_1 Root,DELAYED,143542,gray,trueR Bicep Puncture,tourniquet,true,152689
R Thigh Laceration,tourniquet,true,126422Gloria_2 Root,IMMEDIATE,74917,yellow,trueL Shin Amputation,tourniquet,true,34144Mike_3 Root,IMMEDIATE,209985,yellow,trueR Wrist Amputation,tourniquet,true,178386Mike_4 Root,MINIMAL,346761,yellow,trueR Palm Laceration,gauzePressure,true,336700Gary_5 Root,MINIMAL,374526,green,falseAsthmatic,none,false,-1Mike_6 Root,IMMEDIATE,442022,red,trueR Chest Collapse,decompress,true,425172Lily_7 Root,DEAD,90210,black,trueFace Shrapnel,airway,false,-1
L Wrist Amputation,tourniquet,false,-1
R Bicep Puncture,tourniquet,false,-1Gloria_8 Root,MINIMAL,-1,-1,falseEar Bleed,none,false,-1Mike_9 Root,IMMEDIATE,-1,-1,falseL Side Puncture,woundpack,false,-1
L Thigh Puncture,tourniquet,false,-1
L Calf Laceration,gauzePressure,false,-1Bob_10 Root,MINIMAL,387116,green,false