2270eaba-f9b5-4f96-8a5e-b69276846474,true,false,12/1/2022 1:46:21 PMHelga_0 Root,IMMEDIATE,380355,red,trueL Stomach Puncture,woundpack,true,369143
L Thigh Puncture,tourniquet,true,365686Lily_1 Root,DELAYED,152251,red,trueR Bicep Puncture,tourniquet,false,-1
R Thigh Laceration,tourniquet,true,133464Gloria_2 Root,IMMEDIATE,63637,red,trueL Shin Amputation,tourniquet,true,38644Mike_3 Root,IMMEDIATE,116264,red,trueR Wrist Amputation,tourniquet,true,91338Mike_4 Root,MINIMAL,568319,yellow,trueR Palm Laceration,gauzePressure,true,538155Gary_5 Root,MINIMAL,519306,yellow,trueAsthmatic,none,false,-1Mike_6 Root,IMMEDIATE,271692,red,trueR Chest Collapse,decompress,true,260912Lily_7 Root,DEAD,174689,black,trueFace Shrapnel,airway,false,-1
L Wrist Amputation,tourniquet,false,-1
R Bicep Puncture,tourniquet,false,-1Gloria_8 Root,MINIMAL,325421,yellow,trueEar Bleed,none,false,-1Mike_9 Root,IMMEDIATE,238553,red,trueL Side Puncture,woundpack,true,225229
L Thigh Puncture,tourniquet,true,215684
L Calf Laceration,gauzePressure,false,-1Bob_10 Root,MINIMAL,425846,green,true