240ae0fd-0da6-4f3e-8a83-e7d3fda40644,true,false,12/7/2022 11:46:28 AMBob_0 Root,DEAD,-1,-1,falseFace Shrapnel,airway,false,-1
L Wrist Amputation,tourniquet,false,-1
L Chest Collapse,decompress,false,-1
L Stomach Puncture,woundpack,false,-1
R Shin Amputation,tourniquet,false,-1
L Thigh Laceration,tourniquet,false,-1Gary_1 Root,EXPECTANT,-1,-1,trueFace Shrapnel,airway,false,-1Lily_2 Root,IMMEDIATE,-1,-1,falseR Shin Amputation,tourniquet,true,159722Gary_3 Root,IMMEDIATE,-1,-1,trueR Chest Collapse,decompress,true,82015Lily_4 Root,IMMEDIATE,-1,-1,falseL Side Puncture,woundpack,true,145583Mike_5 Root,IMMEDIATE,-1,-1,trueR Side Puncture,woundpack,true,196844
R Thigh Laceration,tourniquet,true,186911Gloria_6 Root,DELAYED,-1,-1,falseR Calf Shrapnel,tourniquet,false,-1Mike_7 Root,DELAYED,-1,-1,falseL Thigh Puncture,tourniquet,false,-1
R Calf Laceration,gauzePressure,false,-1Gloria_8 Root,DELAYED,-1,-1,falseL Forearm Laceration,gauzePressure,false,-1Bob_9 Root,MINIMAL,-1,-1,trueEar Bleed,none,false,-1Helga_10 Root,MINIMAL,-1,-1,falseForehead Scrape,none,false,-1