2c981992-899d-46b1-b92c-d086e21118db,false,false,11/30/2022 11:10:12 AMHelga_0 Root,IMMEDIATE,125904,red,trueL Stomach Puncture,woundpack,true,107411
L Thigh Puncture,tourniquet,true,91069Lily_1 Root,DELAYED,382375,red,trueR Bicep Puncture,tourniquet,true,372863
R Thigh Laceration,tourniquet,true,363542Gloria_2 Root,IMMEDIATE,30932,red,trueL Shin Amputation,tourniquet,true,25727Mike_3 Root,IMMEDIATE,427965,red,trueR Wrist Amputation,tourniquet,true,397735Mike_4 Root,MINIMAL,212294,green,trueR Palm Laceration,gauzePressure,true,191675Gary_5 Root,MINIMAL,247199,red,trueAsthmatic,none,false,-1Mike_6 Root,IMMEDIATE,492015,red,trueR Chest Collapse,decompress,true,478595Lily_7 Root,DEAD,338201,black,trueFace Shrapnel,airway,false,-1
L Wrist Amputation,tourniquet,false,-1
R Bicep Puncture,tourniquet,false,-1Gloria_8 Root,MINIMAL,68832,green,trueEar Bleed,none,false,-1Mike_9 Root,IMMEDIATE,313861,red,falseL Side Puncture,woundpack,false,-1
L Thigh Puncture,tourniquet,true,305945
L Calf Laceration,gauzePressure,false,-1Bob_10 Root,MINIMAL,276023,green,true