2e8678fd-fdc4-40c2-8122-09f1e31b8d2a,true,false,12/6/2022 2:10:41 PMHelga_0 Root,IMMEDIATE,229356,yellow,trueL Stomach Puncture,woundpack,false,-1
L Thigh Puncture,tourniquet,false,-1Lily_1 Root,DELAYED,154942,yellow,trueR Bicep Puncture,tourniquet,false,-1
R Thigh Laceration,tourniquet,true,134443Gloria_2 Root,IMMEDIATE,28031,red,falseL Shin Amputation,tourniquet,true,17341Mike_3 Root,IMMEDIATE,183126,red,trueR Wrist Amputation,tourniquet,true,169545Mike_4 Root,MINIMAL,262972,yellow,falseR Palm Laceration,gauzePressure,false,-1Gary_5 Root,MINIMAL,276703,yellow,falseAsthmatic,none,false,-1Mike_6 Root,IMMEDIATE,94262,red,trueR Chest Collapse,decompress,false,-1Lily_7 Root,DEAD,75917,black,falseFace Shrapnel,airway,false,-1
L Wrist Amputation,tourniquet,false,-1
R Bicep Puncture,tourniquet,false,-1Gloria_8 Root,MINIMAL,234902,green,falseEar Bleed,none,false,-1Mike_9 Root,IMMEDIATE,38946,yellow,trueL Side Puncture,woundpack,false,-1
L Thigh Puncture,tourniquet,true,48288
L Calf Laceration,gauzePressure,false,-1Bob_10 Root,MINIMAL,282451,green,false