3165ffa6-6516-412b-a9c0-52bdecfa75e1,true,false,12/6/2022 2:34:17 PMHelga_0 Root,IMMEDIATE,275735,red,trueL Stomach Puncture,woundpack,true,258359
L Thigh Puncture,tourniquet,true,270904Lily_1 Root,DELAYED,214394,red,trueR Bicep Puncture,tourniquet,true,208565
R Thigh Laceration,tourniquet,true,192540Gloria_2 Root,IMMEDIATE,46913,red,trueL Shin Amputation,tourniquet,true,38175Mike_3 Root,IMMEDIATE,164072,red,trueR Wrist Amputation,tourniquet,true,156055Mike_4 Root,MINIMAL,383369,green,trueR Palm Laceration,gauzePressure,true,387163Gary_5 Root,MINIMAL,475836,green,trueAsthmatic,none,false,-1Mike_6 Root,IMMEDIATE,132813,red,trueR Chest Collapse,decompress,true,126333Lily_7 Root,DEAD,322297,black,trueFace Shrapnel,airway,false,-1
L Wrist Amputation,tourniquet,false,-1
R Bicep Puncture,tourniquet,false,-1Gloria_8 Root,MINIMAL,298290,green,falseEar Bleed,none,false,-1Mike_9 Root,IMMEDIATE,93417,red,falseL Side Puncture,woundpack,true,84073
L Thigh Puncture,tourniquet,true,68669
L Calf Laceration,gauzePressure,false,-1Bob_10 Root,MINIMAL,418255,green,true