31d9c549-d016-4e44-8262-1d51b7adde29,true,false,11/30/2022 1:31:33 PMHelga_0 Root,IMMEDIATE,269060,yellow,trueL Stomach Puncture,woundpack,false,-1
L Thigh Puncture,tourniquet,true,259469Lily_1 Root,DELAYED,216812,yellow,trueR Bicep Puncture,tourniquet,false,-1
R Thigh Laceration,tourniquet,true,191497Gloria_2 Root,IMMEDIATE,107559,yellow,falseL Shin Amputation,tourniquet,true,87604Mike_3 Root,IMMEDIATE,235611,yellow,trueR Wrist Amputation,tourniquet,true,230111Mike_4 Root,MINIMAL,40189,green,falseR Palm Laceration,gauzePressure,false,-1Gary_5 Root,MINIMAL,52518,green,falseAsthmatic,none,false,-1Mike_6 Root,IMMEDIATE,174589,red,trueR Chest Collapse,decompress,true,172009Lily_7 Root,DEAD,155776,black,trueFace Shrapnel,airway,false,-1
L Wrist Amputation,tourniquet,false,-1
R Bicep Puncture,tourniquet,false,-1Gloria_8 Root,MINIMAL,296125,green,trueEar Bleed,none,false,-1Mike_9 Root,IMMEDIATE,146204,yellow,trueL Side Puncture,woundpack,true,125167
L Thigh Puncture,tourniquet,true,117503
L Calf Laceration,gauzePressure,false,-1Bob_10 Root,MINIMAL,19187,green,false