4291564d-b4ce-4d04-b5e9-27af0a63014d,true,false,12/7/2022 10:54:31 AMHelga_0 Root,IMMEDIATE,436749,red,trueL Stomach Puncture,woundpack,true,392885
L Thigh Puncture,tourniquet,true,425522Lily_1 Root,DELAYED,287572,red,trueR Bicep Puncture,tourniquet,true,266403
R Thigh Laceration,tourniquet,true,250497Gloria_2 Root,IMMEDIATE,70838,red,trueL Shin Amputation,tourniquet,true,58508Mike_3 Root,IMMEDIATE,350173,red,trueR Wrist Amputation,tourniquet,true,311629Mike_4 Root,MINIMAL,623878,green,trueR Palm Laceration,gauzePressure,true,603047Gary_5 Root,MINIMAL,554635,green,trueAsthmatic,none,false,-1Mike_6 Root,IMMEDIATE,129480,red,trueR Chest Collapse,decompress,true,123384Lily_7 Root,DEAD,148242,black,trueFace Shrapnel,airway,false,-1
L Wrist Amputation,tourniquet,false,-1
R Bicep Puncture,tourniquet,false,-1Gloria_8 Root,MINIMAL,503227,yellow,trueEar Bleed,none,false,-1Mike_9 Root,IMMEDIATE,214143,red,falseL Side Puncture,woundpack,true,183579
L Thigh Puncture,tourniquet,true,205004
L Calf Laceration,gauzePressure,false,-1Bob_10 Root,MINIMAL,641320,green,true