48c426ae-e88c-49bd-8010-37dc7b042c95,true,false,12/8/2022 8:42:39 AMHelga_0 Root,IMMEDIATE,205664,red,trueL Stomach Puncture,woundpack,true,195339
L Thigh Puncture,tourniquet,true,186299Lily_1 Root,DELAYED,108528,red,trueR Bicep Puncture,tourniquet,false,-1
R Thigh Laceration,tourniquet,true,97151Gloria_2 Root,IMMEDIATE,15805,red,trueL Shin Amputation,tourniquet,true,11465Mike_3 Root,IMMEDIATE,67563,red,trueR Wrist Amputation,tourniquet,true,54223Mike_4 Root,MINIMAL,400009,yellow,falseR Palm Laceration,gauzePressure,true,384689Gary_5 Root,MINIMAL,368432,red,falseAsthmatic,none,false,-1Mike_6 Root,IMMEDIATE,140089,red,trueR Chest Collapse,decompress,true,133709Lily_7 Root,DEAD,34349,black,falseFace Shrapnel,airway,false,-1
L Wrist Amputation,tourniquet,false,-1
R Bicep Puncture,tourniquet,false,-1Gloria_8 Root,MINIMAL,230876,red,falseEar Bleed,none,false,-1Mike_9 Root,IMMEDIATE,310559,red,trueL Side Puncture,woundpack,true,292775
L Thigh Puncture,tourniquet,true,260263
L Calf Laceration,gauzePressure,false,-1Bob_10 Root,MINIMAL,333165,green,true