6037b1d3-eff2-4317-9372-768236fbae91,true,false,12/1/2022 1:15:04 PMHelga_0 Root,IMMEDIATE,287729,yellow,trueL Stomach Puncture,woundpack,false,-1
L Thigh Puncture,tourniquet,true,274781Lily_1 Root,DELAYED,436307,yellow,trueR Bicep Puncture,tourniquet,false,-1
R Thigh Laceration,tourniquet,true,205864Gloria_2 Root,IMMEDIATE,62886,red,trueL Shin Amputation,tourniquet,true,53097Mike_3 Root,IMMEDIATE,245260,yellow,trueR Wrist Amputation,tourniquet,true,229342Mike_4 Root,MINIMAL,631914,green,trueR Palm Laceration,gauzePressure,true,628375Gary_5 Root,MINIMAL,570633,red,trueAsthmatic,none,false,-1Mike_6 Root,IMMEDIATE,166969,gray,trueR Chest Collapse,decompress,true,154478Lily_7 Root,DEAD,94678,black,trueFace Shrapnel,airway,false,-1
L Wrist Amputation,tourniquet,false,-1
R Bicep Puncture,tourniquet,false,-1Gloria_8 Root,MINIMAL,363110,yellow,trueEar Bleed,none,false,-1Mike_9 Root,IMMEDIATE,141726,red,trueL Side Puncture,woundpack,false,-1
L Thigh Puncture,tourniquet,true,131637
L Calf Laceration,gauzePressure,false,-1Bob_10 Root,MINIMAL,636194,green,true