62c1d3c9-f9ab-4475-81e4-ccbbaa166c9e,true,false,12/8/2022 12:57:41 PMHelga_0 Root,IMMEDIATE,354820,red,trueL Stomach Puncture,woundpack,true,344579
L Thigh Puncture,tourniquet,true,328221Lily_1 Root,DELAYED,212600,red,trueR Bicep Puncture,tourniquet,true,242209
R Thigh Laceration,tourniquet,true,203578Gloria_2 Root,IMMEDIATE,45971,red,trueL Shin Amputation,tourniquet,true,29441Mike_3 Root,IMMEDIATE,95870,red,trueR Wrist Amputation,tourniquet,true,86162Mike_4 Root,MINIMAL,539643,green,trueR Palm Laceration,gauzePressure,true,514082Gary_5 Root,MINIMAL,494992,red,trueAsthmatic,none,false,-1Mike_6 Root,IMMEDIATE,142167,red,trueR Chest Collapse,decompress,true,130060Lily_7 Root,DEAD,167398,black,trueFace Shrapnel,airway,false,-1
L Wrist Amputation,tourniquet,false,-1
R Bicep Puncture,tourniquet,false,-1Gloria_8 Root,MINIMAL,293132,green,trueEar Bleed,none,false,-1Mike_9 Root,IMMEDIATE,417275,red,trueL Side Puncture,woundpack,true,393315
L Thigh Puncture,tourniquet,true,383479
L Calf Laceration,gauzePressure,false,-1Bob_10 Root,MINIMAL,566393,green,false