72388f54-3a93-445e-b5fa-4a71640965fb,true,false,12/6/2022 10:25:31 AMHelga_0 Root,IMMEDIATE,429757,red,trueL Stomach Puncture,woundpack,true,424630
L Thigh Puncture,tourniquet,true,401573Lily_1 Root,DELAYED,242195,red,trueR Bicep Puncture,tourniquet,false,-1
R Thigh Laceration,tourniquet,true,225279Gloria_2 Root,IMMEDIATE,134609,red,trueL Shin Amputation,tourniquet,true,109924Mike_3 Root,IMMEDIATE,259119,red,trueR Wrist Amputation,tourniquet,true,159054Mike_4 Root,MINIMAL,518918,green,trueR Palm Laceration,gauzePressure,true,507476Gary_5 Root,MINIMAL,559022,yellow,trueAsthmatic,none,false,-1Mike_6 Root,IMMEDIATE,348160,red,trueR Chest Collapse,decompress,true,344595Lily_7 Root,DEAD,284916,black,trueFace Shrapnel,airway,false,-1
L Wrist Amputation,tourniquet,false,-1
R Bicep Puncture,tourniquet,false,-1Gloria_8 Root,MINIMAL,385884,yellow,falseEar Bleed,none,false,-1Mike_9 Root,IMMEDIATE,305078,red,trueL Side Puncture,woundpack,false,-1
L Thigh Puncture,tourniquet,true,307486
L Calf Laceration,gauzePressure,false,-1Bob_10 Root,MINIMAL,476604,green,true