8800618c-3248-4635-accc-c06da2ea3594,true,false,12/6/2022 12:43:51 PMHelga_0 Root,IMMEDIATE,375341,red,trueL Stomach Puncture,woundpack,true,370092
L Thigh Puncture,tourniquet,true,354828Lily_1 Root,DELAYED,221881,red,trueR Bicep Puncture,tourniquet,true,212311
R Thigh Laceration,tourniquet,true,182529Gloria_2 Root,IMMEDIATE,57188,red,trueL Shin Amputation,tourniquet,true,34184Mike_3 Root,IMMEDIATE,257944,yellow,trueR Wrist Amputation,tourniquet,true,240514Mike_4 Root,MINIMAL,481142,green,trueR Palm Laceration,gauzePressure,false,-1Gary_5 Root,MINIMAL,424148,green,trueAsthmatic,none,false,-1Mike_6 Root,IMMEDIATE,110943,red,trueR Chest Collapse,decompress,true,98194Lily_7 Root,DEAD,85573,black,trueFace Shrapnel,airway,false,-1
L Wrist Amputation,tourniquet,false,-1
R Bicep Puncture,tourniquet,false,-1Gloria_8 Root,MINIMAL,336976,green,trueEar Bleed,none,false,-1Mike_9 Root,IMMEDIATE,151651,red,trueL Side Puncture,woundpack,true,137969
L Thigh Puncture,tourniquet,true,129259
L Calf Laceration,gauzePressure,false,-1Bob_10 Root,MINIMAL,443911,green,true