a9804531-1ed7-4b97-b3c1-96784faf5228,true,false,12/7/2022 8:40:45 AMHelga_0 Root,IMMEDIATE,116997,red,trueL Stomach Puncture,woundpack,false,-1
L Thigh Puncture,tourniquet,true,106922Lily_1 Root,DELAYED,165902,red,trueR Bicep Puncture,tourniquet,false,-1
R Thigh Laceration,tourniquet,true,160990Gloria_2 Root,IMMEDIATE,33282,red,trueL Shin Amputation,tourniquet,true,40819Mike_3 Root,IMMEDIATE,186184,red,trueR Wrist Amputation,tourniquet,true,177844Mike_4 Root,MINIMAL,297711,yellow,trueR Palm Laceration,gauzePressure,true,292433Gary_5 Root,MINIMAL,394352,yellow,trueAsthmatic,none,false,-1Mike_6 Root,IMMEDIATE,242924,red,trueR Chest Collapse,decompress,true,239221Lily_7 Root,DEAD,208590,black,trueFace Shrapnel,airway,false,-1
L Wrist Amputation,tourniquet,false,-1
R Bicep Puncture,tourniquet,false,-1Gloria_8 Root,MINIMAL,146318,green,trueEar Bleed,none,false,-1Mike_9 Root,IMMEDIATE,79862,red,trueL Side Puncture,woundpack,false,-1
L Thigh Puncture,tourniquet,true,74758
L Calf Laceration,gauzePressure,false,-1Bob_10 Root,MINIMAL,307888,green,false