ad39e17f-169a-4062-95af-cd6f194cdace,true,false,12/6/2022 8:11:17 AMHelga_0 Root,IMMEDIATE,207426,red,trueL Stomach Puncture,woundpack,true,175566
L Thigh Puncture,tourniquet,true,190217Lily_1 Root,DELAYED,140790,yellow,trueR Bicep Puncture,tourniquet,false,-1
R Thigh Laceration,tourniquet,true,128735Gloria_2 Root,IMMEDIATE,40080,red,trueL Shin Amputation,tourniquet,true,30296Mike_3 Root,IMMEDIATE,161347,red,trueR Wrist Amputation,tourniquet,true,148900Mike_4 Root,MINIMAL,262167,green,trueR Palm Laceration,gauzePressure,true,258926Gary_5 Root,MINIMAL,311720,yellow,trueAsthmatic,none,false,-1Mike_6 Root,IMMEDIATE,98270,red,trueR Chest Collapse,decompress,true,92268Lily_7 Root,DEAD,54532,black,trueFace Shrapnel,airway,false,-1
L Wrist Amputation,tourniquet,false,-1
R Bicep Puncture,tourniquet,false,-1Gloria_8 Root,MINIMAL,223600,green,trueEar Bleed,none,false,-1Mike_9 Root,IMMEDIATE,75540,red,trueL Side Puncture,woundpack,false,-1
L Thigh Puncture,tourniquet,true,64073
L Calf Laceration,gauzePressure,false,-1Bob_10 Root,MINIMAL,349127,green,true