af2f4603-a819-4d08-bc09-db30a910fc3f,true,false,12/9/2022 1:47:31 PMHelga_0 Root,IMMEDIATE,147521,yellow,trueL Stomach Puncture,woundpack,true,447433
L Thigh Puncture,tourniquet,true,137953Lily_1 Root,DELAYED,118126,yellow,trueR Bicep Puncture,tourniquet,false,-1
R Thigh Laceration,tourniquet,true,108778Gloria_2 Root,IMMEDIATE,56119,yellow,trueL Shin Amputation,tourniquet,true,33887Mike_3 Root,IMMEDIATE,246906,yellow,trueR Wrist Amputation,tourniquet,true,230744Mike_4 Root,MINIMAL,361567,green,trueR Palm Laceration,gauzePressure,true,371459Gary_5 Root,MINIMAL,305898,red,falseAsthmatic,none,false,-1Mike_6 Root,IMMEDIATE,209631,red,trueR Chest Collapse,decompress,true,200757Lily_7 Root,DEAD,75329,black,trueFace Shrapnel,airway,false,-1
L Wrist Amputation,tourniquet,false,-1
R Bicep Puncture,tourniquet,false,-1Gloria_8 Root,MINIMAL,181437,green,falseEar Bleed,none,false,-1Mike_9 Root,IMMEDIATE,275808,yellow,trueL Side Puncture,woundpack,false,-1
L Thigh Puncture,tourniquet,true,266261
L Calf Laceration,gauzePressure,false,-1Bob_10 Root,MINIMAL,391364,green,true