bd13e705-6cf0-4adc-a628-c605c4ae6a3e,true,false,12/1/2022 8:30:30 AMHelga_0 Root,IMMEDIATE,251207,red,trueL Stomach Puncture,woundpack,false,-1
L Thigh Puncture,tourniquet,true,247414Lily_1 Root,DELAYED,108829,red,falseR Bicep Puncture,tourniquet,false,-1
R Thigh Laceration,tourniquet,true,104752Gloria_2 Root,IMMEDIATE,46176,red,trueL Shin Amputation,tourniquet,true,40550Mike_3 Root,IMMEDIATE,72923,red,trueR Wrist Amputation,tourniquet,true,68500Mike_4 Root,MINIMAL,309273,yellow,trueR Palm Laceration,gauzePressure,true,305765Gary_5 Root,MINIMAL,408288,green,trueAsthmatic,none,false,-1Mike_6 Root,IMMEDIATE,143704,red,trueR Chest Collapse,decompress,true,139981Lily_7 Root,DEAD,125043,black,trueFace Shrapnel,airway,false,-1
L Wrist Amputation,tourniquet,false,-1
R Bicep Puncture,tourniquet,false,-1Gloria_8 Root,MINIMAL,213281,red,trueEar Bleed,none,false,-1Mike_9 Root,IMMEDIATE,171482,red,trueL Side Puncture,woundpack,false,-1
L Thigh Puncture,tourniquet,true,166651
L Calf Laceration,gauzePressure,false,-1Bob_10 Root,MINIMAL,349068,red,true