c090fff8-5f81-40c5-b313-5fb7ce42ab9f,true,false,12/1/2022 8:07:21 AMHelga_0 Root,IMMEDIATE,172257,red,trueL Stomach Puncture,woundpack,true,164155
L Thigh Puncture,tourniquet,true,169050Lily_1 Root,DELAYED,131493,red,trueR Bicep Puncture,tourniquet,true,373045
R Thigh Laceration,tourniquet,true,121652Gloria_2 Root,IMMEDIATE,18093,red,trueL Shin Amputation,tourniquet,true,11464Mike_3 Root,IMMEDIATE,144707,red,trueR Wrist Amputation,tourniquet,true,137343Mike_4 Root,MINIMAL,293586,green,trueR Palm Laceration,gauzePressure,true,283077Gary_5 Root,MINIMAL,275608,green,trueAsthmatic,none,false,-1Mike_6 Root,IMMEDIATE,89541,red,trueR Chest Collapse,decompress,true,240964Lily_7 Root,DEAD,31743,black,trueFace Shrapnel,airway,false,-1
L Wrist Amputation,tourniquet,false,-1
R Bicep Puncture,tourniquet,false,-1Gloria_8 Root,MINIMAL,220883,green,trueEar Bleed,none,false,-1Mike_9 Root,IMMEDIATE,43907,red,trueL Side Puncture,woundpack,false,-1
L Thigh Puncture,tourniquet,true,38453
L Calf Laceration,gauzePressure,false,-1Bob_10 Root,MINIMAL,260088,green,true