c74476ed-d5ee-4318-86e0-fefebe5e32ee,true,false,12/8/2022 2:48:10 PMHelga_0 Root,IMMEDIATE,180713,red,trueL Stomach Puncture,woundpack,true,174847
L Thigh Puncture,tourniquet,true,172057Lily_1 Root,DELAYED,123973,red,trueR Bicep Puncture,tourniquet,false,-1
R Thigh Laceration,tourniquet,true,115754Gloria_2 Root,IMMEDIATE,35076,red,trueL Shin Amputation,tourniquet,true,26433Mike_3 Root,IMMEDIATE,293182,red,trueR Wrist Amputation,tourniquet,true,131235Mike_4 Root,MINIMAL,221016,green,trueR Palm Laceration,gauzePressure,false,-1Gary_5 Root,MINIMAL,266744,yellow,trueAsthmatic,none,false,-1Mike_6 Root,IMMEDIATE,103891,red,trueR Chest Collapse,decompress,true,88475Lily_7 Root,DEAD,46720,black,trueFace Shrapnel,airway,false,-1
L Wrist Amputation,tourniquet,false,-1
R Bicep Puncture,tourniquet,false,-1Gloria_8 Root,MINIMAL,190518,green,falseEar Bleed,none,false,-1Mike_9 Root,IMMEDIATE,70906,red,trueL Side Puncture,woundpack,false,-1
L Thigh Puncture,tourniquet,true,63911
L Calf Laceration,gauzePressure,false,-1Bob_10 Root,MINIMAL,210291,green,false