caeb519a-ca9f-45c5-a28b-2c2977194a6a,true,false,12/8/2022 3:08:01 PMHelga_0 Root,IMMEDIATE,277363,red,trueL Stomach Puncture,woundpack,true,268491
L Thigh Puncture,tourniquet,true,256813Lily_1 Root,DELAYED,207444,red,trueR Bicep Puncture,tourniquet,true,195022
R Thigh Laceration,tourniquet,true,167405Gloria_2 Root,IMMEDIATE,32496,red,falseL Shin Amputation,tourniquet,true,29622Mike_3 Root,IMMEDIATE,240793,red,trueR Wrist Amputation,tourniquet,true,227215Mike_4 Root,MINIMAL,353723,green,trueR Palm Laceration,gauzePressure,true,346522Gary_5 Root,MINIMAL,383529,yellow,trueAsthmatic,none,false,-1Mike_6 Root,IMMEDIATE,138510,red,trueR Chest Collapse,decompress,true,133527Lily_7 Root,DEAD,65609,black,trueFace Shrapnel,airway,false,-1
L Wrist Amputation,tourniquet,false,-1
R Bicep Puncture,tourniquet,false,-1Gloria_8 Root,MINIMAL,316015,green,trueEar Bleed,none,false,-1Mike_9 Root,IMMEDIATE,89146,red,trueL Side Puncture,woundpack,true,112805
L Thigh Puncture,tourniquet,true,81458
L Calf Laceration,gauzePressure,false,-1Bob_10 Root,MINIMAL,412800,green,true