e7ea73c9-dc1c-47cc-bb13-996b4069c73e,true,false,12/1/2022 10:16:04 AMHelga_0 Root,IMMEDIATE,399531,red,trueL Stomach Puncture,woundpack,true,386954
L Thigh Puncture,tourniquet,true,369941Lily_1 Root,DELAYED,582923,yellow,trueR Bicep Puncture,tourniquet,true,230887
R Thigh Laceration,tourniquet,true,173761Gloria_2 Root,IMMEDIATE,30426,red,trueL Shin Amputation,tourniquet,true,20175Mike_3 Root,IMMEDIATE,633357,yellow,trueR Wrist Amputation,tourniquet,true,274663Mike_4 Root,MINIMAL,322348,red,trueR Palm Laceration,gauzePressure,false,-1Gary_5 Root,MINIMAL,514377,green,trueAsthmatic,none,false,-1Mike_6 Root,IMMEDIATE,459793,red,trueR Chest Collapse,decompress,true,451600Lily_7 Root,DEAD,82018,black,trueFace Shrapnel,airway,false,-1
L Wrist Amputation,tourniquet,false,-1
R Bicep Puncture,tourniquet,false,-1Gloria_8 Root,MINIMAL,416647,green,falseEar Bleed,none,false,-1Mike_9 Root,IMMEDIATE,59612,red,trueL Side Puncture,woundpack,false,-1
L Thigh Puncture,tourniquet,true,48414
L Calf Laceration,gauzePressure,false,-1Bob_10 Root,MINIMAL,143421,green,false