ea7d43f6-a7ed-4bc7-8002-f056ee415082,true,false,12/2/2022 2:03:39 PMHelga_0 Root,IMMEDIATE,260055,red,trueL Stomach Puncture,woundpack,true,220327
L Thigh Puncture,tourniquet,true,234192Lily_1 Root,DELAYED,173428,red,trueR Bicep Puncture,tourniquet,true,157892
R Thigh Laceration,tourniquet,true,96325Gloria_2 Root,IMMEDIATE,45044,red,trueL Shin Amputation,tourniquet,true,38599Mike_3 Root,IMMEDIATE,198388,red,trueR Wrist Amputation,tourniquet,true,186886Mike_4 Root,MINIMAL,-1,-1,trueR Palm Laceration,gauzePressure,true,427262Gary_5 Root,MINIMAL,458970,green,trueAsthmatic,none,false,-1Mike_6 Root,IMMEDIATE,294822,red,trueR Chest Collapse,decompress,true,281697Lily_7 Root,DEAD,73728,black,trueFace Shrapnel,airway,false,-1
L Wrist Amputation,tourniquet,false,-1
R Bicep Puncture,tourniquet,false,-1Gloria_8 Root,MINIMAL,494682,green,trueEar Bleed,none,false,-1Mike_9 Root,IMMEDIATE,372495,red,trueL Side Puncture,woundpack,true,314414
L Thigh Puncture,tourniquet,true,348379
L Calf Laceration,gauzePressure,false,-1Bob_10 Root,MINIMAL,407561,green,true