f7b46b02-bc04-42d6-a3aa-abd797948735,true,false,12/2/2022 2:50:21 PMHelga_0 Root,IMMEDIATE,211979,red,trueL Stomach Puncture,woundpack,true,172961
L Thigh Puncture,tourniquet,true,162026Lily_1 Root,DELAYED,290655,red,trueR Bicep Puncture,tourniquet,false,-1
R Thigh Laceration,tourniquet,true,265267Gloria_2 Root,IMMEDIATE,39001,red,trueL Shin Amputation,tourniquet,true,30751Mike_3 Root,IMMEDIATE,117119,red,trueR Wrist Amputation,tourniquet,true,58555Mike_4 Root,MINIMAL,485041,green,trueR Palm Laceration,gauzePressure,true,478109Gary_5 Root,MINIMAL,454400,green,trueAsthmatic,none,false,-1Mike_6 Root,IMMEDIATE,324602,red,trueR Chest Collapse,decompress,true,313281Lily_7 Root,DEAD,394246,black,falseFace Shrapnel,airway,false,-1
L Wrist Amputation,tourniquet,false,-1
R Bicep Puncture,tourniquet,false,-1Gloria_8 Root,MINIMAL,229273,green,falseEar Bleed,none,false,-1Mike_9 Root,IMMEDIATE,376954,yellow,trueL Side Puncture,woundpack,true,358751
L Thigh Puncture,tourniquet,true,354010
L Calf Laceration,gauzePressure,false,-1Bob_10 Root,MINIMAL,416383,green,false