VOICE_CAPTURE,9036,12/8/2022 9:59:25 AM,072e0546-a83e-4187-9fee-7ec3921f645f,you can look around like you can look 360 you can turn your feet physically,NA,
VOICE_CAPTURE,10615,12/8/2022 9:59:27 AM,072e0546-a83e-4187-9fee-7ec3921f645f,OK,NA,
VOICE_CAPTURE,14223,12/8/2022 9:59:31 AM,072e0546-a83e-4187-9fee-7ec3921f645f,OK,NA,
TELEPORT,15309,12/8/2022 9:59:32 AM,072e0546-a83e-4187-9fee-7ec3921f645f,"(1.9, 0.0, 1.2)",
TELEPORT,15442,12/8/2022 9:59:32 AM,072e0546-a83e-4187-9fee-7ec3921f645f,"(1.9, 0.0, 1.2)",
VOICE_CAPTURE,18517,12/8/2022 9:59:35 AM,072e0546-a83e-4187-9fee-7ec3921f645f,oh OK,NA,
TELEPORT,19419,12/8/2022 9:59:36 AM,072e0546-a83e-4187-9fee-7ec3921f645f,"(2.0, 0.0, 1.5)",
TELEPORT,23897,12/8/2022 9:59:40 AM,072e0546-a83e-4187-9fee-7ec3921f645f,"(4.0, 0.0, 0.0)",
VOICE_CAPTURE,24498,12/8/2022 9:59:41 AM,072e0546-a83e-4187-9fee-7ec3921f645f,OK so this one this one here OK,NA,
PATIENT_ENGAGED,26136,12/8/2022 9:59:43 AM,072e0546-a83e-4187-9fee-7ec3921f645f,100,128,Mike Root,"(3.2, 0.0, -1.0)","(0.0, 0.4, 0.0, -0.9)",MINIMAL,walker,normal,normal,normal,calm,standing,
TELEPORT,32367,12/8/2022 9:59:49 AM,072e0546-a83e-4187-9fee-7ec3921f645f,"(4.2, 0.0, -0.3)",
TELEPORT,33370,12/8/2022 9:59:50 AM,072e0546-a83e-4187-9fee-7ec3921f645f,"(4.2, 0.0, -0.3)",
TELEPORT,34305,12/8/2022 9:59:51 AM,072e0546-a83e-4187-9fee-7ec3921f645f,"(4.2, 0.0, -0.3)",
VOICE_CAPTURE,34673,12/8/2022 9:59:51 AM,072e0546-a83e-4187-9fee-7ec3921f645f,if we're just putting a new battery on so that one moves you slow to the patient that if that makes you wonky there's another way to move OK so the other way to move is take this and push it forward,NA,
TELEPORT,38398,12/8/2022 9:59:55 AM,072e0546-a83e-4187-9fee-7ec3921f645f,"(4.2, 0.0, -0.3)",
VOICE_CAPTURE,41622,12/8/2022 9:59:58 AM,072e0546-a83e-4187-9fee-7ec3921f645f,can you see that arrow or the yeah yeah OK,NA,
VOICE_CAPTURE,44822,12/8/2022 10:00:01 AM,072e0546-a83e-4187-9fee-7ec3921f645f,then you let go you'll go there wow,NA,
VOICE_COMMAND,44822,12/8/2022 10:00:01 AM,072e0546-a83e-4187-9fee-7ec3921f645f,walk to the safe area,then you let go you'll go there wow,
S_A_L_T_WALK_IF_CAN,44824,12/8/2022 10:00:01 AM,072e0546-a83e-4187-9fee-7ec3921f645f,"(3.2, 0.0, -1.0)",walkIfCan,Mike Root,
S_A_L_T_WALKED,44824,12/8/2022 10:00:01 AM,072e0546-a83e-4187-9fee-7ec3921f645f,"(3.2, 0.0, -1.0)",walked,Mike Root,
VOICE_CAPTURE,45891,12/8/2022 10:00:02 AM,072e0546-a83e-4187-9fee-7ec3921f645f,right,NA,
TELEPORT,49350,12/8/2022 10:00:06 AM,072e0546-a83e-4187-9fee-7ec3921f645f,"(-0.3, 0.0, -4.3)",
TELEPORT,49700,12/8/2022 10:00:06 AM,072e0546-a83e-4187-9fee-7ec3921f645f,"(0.4, 0.0, 4.7)",
TELEPORT,50602,12/8/2022 10:00:07 AM,072e0546-a83e-4187-9fee-7ec3921f645f,"(1.7, 0.0, 5.0)",
VOICE_CAPTURE,52039,12/8/2022 10:00:08 AM,072e0546-a83e-4187-9fee-7ec3921f645f,oh OK,NA,
TELEPORT,53593,12/8/2022 10:00:10 AM,072e0546-a83e-4187-9fee-7ec3921f645f,"(4.1, 0.0, 7.4)",
TELEPORT,61312,12/8/2022 10:00:18 AM,072e0546-a83e-4187-9fee-7ec3921f645f,"(5.3, 0.0, 0.6)",
VOICE_CAPTURE,64704,12/8/2022 10:00:21 AM,072e0546-a83e-4187-9fee-7ec3921f645f,yep yep i said the W word yeah so when you once again simple commands like everybody who can hear my voice walk over here,NA,
VOICE_COMMAND,64704,12/8/2022 10:00:21 AM,072e0546-a83e-4187-9fee-7ec3921f645f,walk to the safe area,yep yep i said the W word yeah so when you once again simple commands like everybody who can hear my voice walk over here,
S_A_L_T_WALK_IF_CAN,64704,12/8/2022 10:00:21 AM,072e0546-a83e-4187-9fee-7ec3921f645f,"(4.7, 0.0, -4.7)",walkIfCan,Mike Root,
S_A_L_T_WALKED,64704,12/8/2022 10:00:21 AM,072e0546-a83e-4187-9fee-7ec3921f645f,"(4.7, 0.0, -4.7)",walked,Mike Root,
VOICE_CAPTURE,74585,12/8/2022 10:00:31 AM,072e0546-a83e-4187-9fee-7ec3921f645f,OK you can ask them to sit up you can ask them to lay down you can ask them to what's their name you can ask them hey what's her,NA,
VOICE_COMMAND,74585,12/8/2022 10:00:31 AM,072e0546-a83e-4187-9fee-7ec3921f645f,sit up/down,OK you can ask them to sit up you can ask them to lay down you can ask them to what's their name you can ask them hey what's her,
VOICE_COMMAND,74585,12/8/2022 10:00:31 AM,072e0546-a83e-4187-9fee-7ec3921f645f,lay down,OK you can ask them to sit up you can ask them to lay down you can ask them to what's their name you can ask them hey what's her,
TELEPORT,79148,12/8/2022 10:00:36 AM,072e0546-a83e-4187-9fee-7ec3921f645f,"(5.3, 0.0, -0.1)",
VOICE_CAPTURE,80284,12/8/2022 10:00:37 AM,072e0546-a83e-4187-9fee-7ec3921f645f,you can't ask me how old are you they won't answer that OK OK,NA,
TELEPORT,81151,12/8/2022 10:00:38 AM,072e0546-a83e-4187-9fee-7ec3921f645f,"(5.6, 0.0, -1.2)",
VOICE_CAPTURE,81737,12/8/2022 10:00:38 AM,072e0546-a83e-4187-9fee-7ec3921f645f,go ahead and move to him,NA,
VOICE_COMMAND,81737,12/8/2022 10:00:38 AM,072e0546-a83e-4187-9fee-7ec3921f645f,walk to the safe area,go ahead and move to him,
S_A_L_T_WALK_IF_CAN,81738,12/8/2022 10:00:38 AM,072e0546-a83e-4187-9fee-7ec3921f645f,"(4.6, 0.0, -4.6)",walkIfCan,Mike Root,
S_A_L_T_WALKED,81738,12/8/2022 10:00:38 AM,072e0546-a83e-4187-9fee-7ec3921f645f,"(4.6, 0.0, -4.6)",walked,Mike Root,
TELEPORT,82873,12/8/2022 10:00:39 AM,072e0546-a83e-4187-9fee-7ec3921f645f,"(5.7, 0.0, -1.9)",
TELEPORT,83975,12/8/2022 10:00:40 AM,072e0546-a83e-4187-9fee-7ec3921f645f,"(5.8, 0.0, -2.2)",
VOICE_CAPTURE,84811,12/8/2022 10:00:41 AM,072e0546-a83e-4187-9fee-7ec3921f645f,just go right up,NA,
VOICE_CAPTURE,87317,12/8/2022 10:00:44 AM,072e0546-a83e-4187-9fee-7ec3921f645f,wow that's weird,NA,
VOICE_CAPTURE,90667,12/8/2022 10:00:47 AM,072e0546-a83e-4187-9fee-7ec3921f645f,and you can OK,NA,
PULSE_TAKEN,91919,12/8/2022 10:00:48 AM,072e0546-a83e-4187-9fee-7ec3921f645f,pulse_normal,Mike Root,
VOICE_CAPTURE,94458,12/8/2022 10:00:51 AM,072e0546-a83e-4187-9fee-7ec3921f645f,because you can't take a couple steps towards him OK,NA,
VOICE_CAPTURE,96012,12/8/2022 10:00:52 AM,072e0546-a83e-4187-9fee-7ec3921f645f,with vibrating,NA,
VOICE_CAPTURE,98419,12/8/2022 10:00:55 AM,072e0546-a83e-4187-9fee-7ec3921f645f,it's OK yeah,NA,
PULSE_TAKEN,98719,12/8/2022 10:00:55 AM,072e0546-a83e-4187-9fee-7ec3921f645f,pulse_normal,Mike Root,
VOICE_CAPTURE,101342,12/8/2022 10:00:58 AM,072e0546-a83e-4187-9fee-7ec3921f645f,the only place you can do pulse is OK,NA,
VOICE_CAPTURE,105939,12/8/2022 10:01:02 AM,072e0546-a83e-4187-9fee-7ec3921f645f,OK OK yeah,NA,
BAG_ACCESS,106775,12/8/2022 10:01:03 AM,072e0546-a83e-4187-9fee-7ec3921f645f,"(4.1, 0.7, -3.8)",
VOICE_CAPTURE,108842,12/8/2022 10:01:05 AM,072e0546-a83e-4187-9fee-7ec3921f645f,you see that white thing,NA,
VOICE_CAPTURE,113738,12/8/2022 10:01:10 AM,072e0546-a83e-4187-9fee-7ec3921f645f,rabbit as long as you hold on to it it'll move around OK,NA,
VOICE_CAPTURE,121607,12/8/2022 10:01:18 AM,072e0546-a83e-4187-9fee-7ec3921f645f,once you hold that trigger you can move it different places and put it where you want to put it in the world so you can access it when you're,NA,
VOICE_CAPTURE,123428,12/8/2022 10:01:20 AM,072e0546-a83e-4187-9fee-7ec3921f645f,OK,NA,
VOICE_CAPTURE,129710,12/8/2022 10:01:26 AM,072e0546-a83e-4187-9fee-7ec3921f645f,like a simple bandage for OK,NA,
TOOL_HOVER,136395,12/8/2022 10:01:33 AM,072e0546-a83e-4187-9fee-7ec3921f645f,Tourniquet,999,
TOOL_HOVER,136411,12/8/2022 10:01:33 AM,072e0546-a83e-4187-9fee-7ec3921f645f,Tourniquet,999,
TOOL_HOVER,136427,12/8/2022 10:01:33 AM,072e0546-a83e-4187-9fee-7ec3921f645f,Tourniquet,999,
TOOL_HOVER,136444,12/8/2022 10:01:33 AM,072e0546-a83e-4187-9fee-7ec3921f645f,Tourniquet,999,
TOOL_HOVER,136460,12/8/2022 10:01:33 AM,072e0546-a83e-4187-9fee-7ec3921f645f,Tourniquet,999,
TOOL_HOVER,136478,12/8/2022 10:01:33 AM,072e0546-a83e-4187-9fee-7ec3921f645f,Tourniquet,999,
TOOL_HOVER,136494,12/8/2022 10:01:33 AM,072e0546-a83e-4187-9fee-7ec3921f645f,Tourniquet,999,
TOOL_HOVER,136511,12/8/2022 10:01:33 AM,072e0546-a83e-4187-9fee-7ec3921f645f,Tourniquet,999,
TOOL_HOVER,136528,12/8/2022 10:01:33 AM,072e0546-a83e-4187-9fee-7ec3921f645f,Tourniquet,999,
TOOL_HOVER,136545,12/8/2022 10:01:33 AM,072e0546-a83e-4187-9fee-7ec3921f645f,Tourniquet,999,
TOOL_HOVER,136561,12/8/2022 10:01:33 AM,072e0546-a83e-4187-9fee-7ec3921f645f,Tourniquet,999,
TOOL_HOVER,136578,12/8/2022 10:01:33 AM,072e0546-a83e-4187-9fee-7ec3921f645f,Tourniquet,999,
TOOL_HOVER,136595,12/8/2022 10:01:33 AM,072e0546-a83e-4187-9fee-7ec3921f645f,Tourniquet,999,
TOOL_HOVER,136610,12/8/2022 10:01:33 AM,072e0546-a83e-4187-9fee-7ec3921f645f,Tourniquet,999,
TOOL_HOVER,136628,12/8/2022 10:01:33 AM,072e0546-a83e-4187-9fee-7ec3921f645f,Tourniquet,999,
TOOL_SELECTED,136631,12/8/2022 10:01:33 AM,072e0546-a83e-4187-9fee-7ec3921f645f,Tourniquet,998,
TOOL_DISCARDED,136778,12/8/2022 10:01:33 AM,072e0546-a83e-4187-9fee-7ec3921f645f,Tourniquet,998,"(3.7, 1.3, -4.1)",
TOOL_HOVER,136795,12/8/2022 10:01:33 AM,072e0546-a83e-4187-9fee-7ec3921f645f,Tourniquet,999,
TOOL_HOVER,136812,12/8/2022 10:01:33 AM,072e0546-a83e-4187-9fee-7ec3921f645f,Tourniquet,999,
TOOL_HOVER,136828,12/8/2022 10:01:33 AM,072e0546-a83e-4187-9fee-7ec3921f645f,Tourniquet,999,
TOOL_HOVER,136845,12/8/2022 10:01:33 AM,072e0546-a83e-4187-9fee-7ec3921f645f,Tourniquet,999,
TOOL_HOVER,136862,12/8/2022 10:01:33 AM,072e0546-a83e-4187-9fee-7ec3921f645f,Tourniquet,999,
TOOL_HOVER,136878,12/8/2022 10:01:33 AM,072e0546-a83e-4187-9fee-7ec3921f645f,Tourniquet,999,
TOOL_HOVER,136895,12/8/2022 10:01:33 AM,072e0546-a83e-4187-9fee-7ec3921f645f,Tourniquet,999,
TOOL_HOVER,136912,12/8/2022 10:01:33 AM,072e0546-a83e-4187-9fee-7ec3921f645f,Tourniquet,999,
TOOL_HOVER,136928,12/8/2022 10:01:33 AM,072e0546-a83e-4187-9fee-7ec3921f645f,Tourniquet,999,
TOOL_HOVER,136945,12/8/2022 10:01:33 AM,072e0546-a83e-4187-9fee-7ec3921f645f,Tourniquet,999,
TOOL_HOVER,136962,12/8/2022 10:01:33 AM,072e0546-a83e-4187-9fee-7ec3921f645f,Tourniquet,999,
TOOL_HOVER,136979,12/8/2022 10:01:33 AM,072e0546-a83e-4187-9fee-7ec3921f645f,Tourniquet,999,
TOOL_HOVER,136996,12/8/2022 10:01:33 AM,072e0546-a83e-4187-9fee-7ec3921f645f,Tourniquet,999,
TOOL_HOVER,137013,12/8/2022 10:01:33 AM,072e0546-a83e-4187-9fee-7ec3921f645f,Tourniquet,999,
TOOL_HOVER,137029,12/8/2022 10:01:33 AM,072e0546-a83e-4187-9fee-7ec3921f645f,Tourniquet,999,
TOOL_HOVER,137045,12/8/2022 10:01:33 AM,072e0546-a83e-4187-9fee-7ec3921f645f,Tourniquet,999,
TOOL_HOVER,137062,12/8/2022 10:01:33 AM,072e0546-a83e-4187-9fee-7ec3921f645f,Tourniquet,999,
TOOL_HOVER,137079,12/8/2022 10:01:33 AM,072e0546-a83e-4187-9fee-7ec3921f645f,Tourniquet,999,
TOOL_HOVER,137998,12/8/2022 10:01:34 AM,072e0546-a83e-4187-9fee-7ec3921f645f,Tourniquet,999,
TOOL_HOVER,138015,12/8/2022 10:01:34 AM,072e0546-a83e-4187-9fee-7ec3921f645f,Tourniquet,999,
TOOL_HOVER,138031,12/8/2022 10:01:34 AM,072e0546-a83e-4187-9fee-7ec3921f645f,Tourniquet,999,
TOOL_HOVER,138049,12/8/2022 10:01:34 AM,072e0546-a83e-4187-9fee-7ec3921f645f,Tourniquet,999,
TOOL_HOVER,138064,12/8/2022 10:01:34 AM,072e0546-a83e-4187-9fee-7ec3921f645f,Tourniquet,999,
TOOL_HOVER,138082,12/8/2022 10:01:34 AM,072e0546-a83e-4187-9fee-7ec3921f645f,Tourniquet,999,
TOOL_HOVER,138099,12/8/2022 10:01:35 AM,072e0546-a83e-4187-9fee-7ec3921f645f,Tourniquet,999,
TOOL_HOVER,138114,12/8/2022 10:01:35 AM,072e0546-a83e-4187-9fee-7ec3921f645f,Tourniquet,999,
TOOL_HOVER,138131,12/8/2022 10:01:35 AM,072e0546-a83e-4187-9fee-7ec3921f645f,Tourniquet,999,
TOOL_HOVER,138148,12/8/2022 10:01:35 AM,072e0546-a83e-4187-9fee-7ec3921f645f,Tourniquet,999,
TOOL_SELECTED,138148,12/8/2022 10:01:35 AM,072e0546-a83e-4187-9fee-7ec3921f645f,Tourniquet,998,
TOOL_APPLIED,142009,12/8/2022 10:01:38 AM,072e0546-a83e-4187-9fee-7ec3921f645f,Mike Root,Tourniquet,RightArm (UnityEngine.GameObject),tor_ring (1) (UnityEngine.GameObject),tourniquet(Clone) (UnityEngine.GameObject),AppliedTourniquet,
VOICE_CAPTURE,144830,12/8/2022 10:01:41 AM,072e0546-a83e-4187-9fee-7ec3921f645f,managed to go on like a laceration if you think that the patient has a laceration that's what you OK the next one up is a tourniquet go ahead and grab that reach out and grab it and hold on to that trigger holding it holding it put it on his arm,NA,
VOICE_CAPTURE,151964,12/8/2022 10:01:48 AM,072e0546-a83e-4187-9fee-7ec3921f645f,once it turns into a circle you let go if fade away red there because it was wrong because he doesn't have an injury so,NA,
VOICE_CAPTURE,163008,12/8/2022 10:01:59 AM,072e0546-a83e-4187-9fee-7ec3921f645f,it'll fade away in red like especially if you try to pack like a squirting would say hey this isn't enough i need to turn OK OK the next one to the top right,NA,
TOOL_HOVER,164795,12/8/2022 10:02:01 AM,072e0546-a83e-4187-9fee-7ec3921f645f,Needle,999,
TOOL_HOVER,164812,12/8/2022 10:02:01 AM,072e0546-a83e-4187-9fee-7ec3921f645f,Needle,999,
TOOL_HOVER,164834,12/8/2022 10:02:01 AM,072e0546-a83e-4187-9fee-7ec3921f645f,Needle,999,
TOOL_HOVER,164846,12/8/2022 10:02:01 AM,072e0546-a83e-4187-9fee-7ec3921f645f,Needle,999,
TOOL_HOVER,164864,12/8/2022 10:02:01 AM,072e0546-a83e-4187-9fee-7ec3921f645f,Needle,999,
TOOL_HOVER,164879,12/8/2022 10:02:01 AM,072e0546-a83e-4187-9fee-7ec3921f645f,Needle,999,
TOOL_HOVER,164896,12/8/2022 10:02:01 AM,072e0546-a83e-4187-9fee-7ec3921f645f,Tourniquet,998,
TOOL_HOVER,164912,12/8/2022 10:02:01 AM,072e0546-a83e-4187-9fee-7ec3921f645f,Tourniquet,998,
TOOL_SELECTED,164913,12/8/2022 10:02:01 AM,072e0546-a83e-4187-9fee-7ec3921f645f,Tourniquet,997,
TOOL_DISCARDED,166218,12/8/2022 10:02:03 AM,072e0546-a83e-4187-9fee-7ec3921f645f,Tourniquet,997,"(3.8, 1.3, -4.1)",
TOOL_HOVER,167002,12/8/2022 10:02:03 AM,072e0546-a83e-4187-9fee-7ec3921f645f,Needle,999,
TOOL_HOVER,167017,12/8/2022 10:02:03 AM,072e0546-a83e-4187-9fee-7ec3921f645f,Needle,999,
TOOL_HOVER,167034,12/8/2022 10:02:03 AM,072e0546-a83e-4187-9fee-7ec3921f645f,Needle,999,
TOOL_HOVER,167051,12/8/2022 10:02:03 AM,072e0546-a83e-4187-9fee-7ec3921f645f,Needle,999,
TOOL_HOVER,167069,12/8/2022 10:02:03 AM,072e0546-a83e-4187-9fee-7ec3921f645f,Needle,999,
TOOL_HOVER,167085,12/8/2022 10:02:03 AM,072e0546-a83e-4187-9fee-7ec3921f645f,Needle,999,
TOOL_HOVER,167102,12/8/2022 10:02:04 AM,072e0546-a83e-4187-9fee-7ec3921f645f,Needle,999,
TOOL_HOVER,167120,12/8/2022 10:02:04 AM,072e0546-a83e-4187-9fee-7ec3921f645f,Needle,999,
TOOL_HOVER,167135,12/8/2022 10:02:04 AM,072e0546-a83e-4187-9fee-7ec3921f645f,Needle,999,
TOOL_HOVER,167153,12/8/2022 10:02:04 AM,072e0546-a83e-4187-9fee-7ec3921f645f,Needle,999,
TOOL_HOVER,167168,12/8/2022 10:02:04 AM,072e0546-a83e-4187-9fee-7ec3921f645f,Needle,999,
TOOL_HOVER,167185,12/8/2022 10:02:04 AM,072e0546-a83e-4187-9fee-7ec3921f645f,Needle,999,
TOOL_HOVER,167201,12/8/2022 10:02:04 AM,072e0546-a83e-4187-9fee-7ec3921f645f,Needle,999,
TOOL_HOVER,167218,12/8/2022 10:02:04 AM,072e0546-a83e-4187-9fee-7ec3921f645f,Needle,999,
TOOL_HOVER,167236,12/8/2022 10:02:04 AM,072e0546-a83e-4187-9fee-7ec3921f645f,Needle,999,
TOOL_HOVER,167252,12/8/2022 10:02:04 AM,072e0546-a83e-4187-9fee-7ec3921f645f,Needle,999,
TOOL_HOVER,167269,12/8/2022 10:02:04 AM,072e0546-a83e-4187-9fee-7ec3921f645f,Needle,999,
TOOL_HOVER,167285,12/8/2022 10:02:04 AM,072e0546-a83e-4187-9fee-7ec3921f645f,Needle,999,
TOOL_HOVER,167302,12/8/2022 10:02:04 AM,072e0546-a83e-4187-9fee-7ec3921f645f,Needle,999,
TOOL_HOVER,167319,12/8/2022 10:02:04 AM,072e0546-a83e-4187-9fee-7ec3921f645f,Needle,999,
TOOL_HOVER,167336,12/8/2022 10:02:04 AM,072e0546-a83e-4187-9fee-7ec3921f645f,Needle,999,
TOOL_HOVER,167353,12/8/2022 10:02:04 AM,072e0546-a83e-4187-9fee-7ec3921f645f,Needle,999,
TOOL_SELECTED,167355,12/8/2022 10:02:04 AM,072e0546-a83e-4187-9fee-7ec3921f645f,Needle,998,
VOICE_CAPTURE,167636,12/8/2022 10:02:04 AM,072e0546-a83e-4187-9fee-7ec3921f645f,OK,NA,
VOICE_CAPTURE,168488,12/8/2022 10:02:05 AM,072e0546-a83e-4187-9fee-7ec3921f645f,so you can feel how it,NA,
VOICE_CAPTURE,170493,12/8/2022 10:02:07 AM,072e0546-a83e-4187-9fee-7ec3921f645f,how it goes in,NA,
TOOL_APPLIED,174656,12/8/2022 10:02:11 AM,072e0546-a83e-4187-9fee-7ec3921f645f,Needle_Decomp(Clone),Needle,LChest_Breathe1 (UnityEngine.GameObject),cath_needle (UnityEngine.GameObject),left_chest,Needle_Decomp(Clone) (UnityEngine.GameObject),AppliedDecompNeedle,
VOICE_CAPTURE,179131,12/8/2022 10:02:16 AM,072e0546-a83e-4187-9fee-7ec3921f645f,and hopefully it looks so put it like go ahead and stick it in his chest and as soon as you think it's in and you push your chest let go and it will stick,NA,
TOOL_HOVER,181203,12/8/2022 10:02:18 AM,072e0546-a83e-4187-9fee-7ec3921f645f,Hemostatic Gauze,999,
TOOL_HOVER,181220,12/8/2022 10:02:18 AM,072e0546-a83e-4187-9fee-7ec3921f645f,Hemostatic Gauze,999,
TOOL_HOVER,181236,12/8/2022 10:02:18 AM,072e0546-a83e-4187-9fee-7ec3921f645f,Hemostatic Gauze,999,
TOOL_HOVER,181252,12/8/2022 10:02:18 AM,072e0546-a83e-4187-9fee-7ec3921f645f,Hemostatic Gauze,999,
TOOL_HOVER,181270,12/8/2022 10:02:18 AM,072e0546-a83e-4187-9fee-7ec3921f645f,Hemostatic Gauze,999,
TOOL_HOVER,181285,12/8/2022 10:02:18 AM,072e0546-a83e-4187-9fee-7ec3921f645f,Hemostatic Gauze,999,
TOOL_HOVER,181302,12/8/2022 10:02:18 AM,072e0546-a83e-4187-9fee-7ec3921f645f,Hemostatic Gauze,999,
TOOL_HOVER,181319,12/8/2022 10:02:18 AM,072e0546-a83e-4187-9fee-7ec3921f645f,Hemostatic Gauze,999,
TOOL_HOVER,181335,12/8/2022 10:02:18 AM,072e0546-a83e-4187-9fee-7ec3921f645f,Hemostatic Gauze,999,
TOOL_HOVER,181352,12/8/2022 10:02:18 AM,072e0546-a83e-4187-9fee-7ec3921f645f,Hemostatic Gauze,999,
TOOL_HOVER,181370,12/8/2022 10:02:18 AM,072e0546-a83e-4187-9fee-7ec3921f645f,Hemostatic Gauze,999,
TOOL_HOVER,181385,12/8/2022 10:02:18 AM,072e0546-a83e-4187-9fee-7ec3921f645f,Hemostatic Gauze,999,
TOOL_HOVER,181403,12/8/2022 10:02:18 AM,072e0546-a83e-4187-9fee-7ec3921f645f,Hemostatic Gauze,999,
TOOL_HOVER,181419,12/8/2022 10:02:18 AM,072e0546-a83e-4187-9fee-7ec3921f645f,Hemostatic Gauze,999,
TOOL_HOVER,181438,12/8/2022 10:02:18 AM,072e0546-a83e-4187-9fee-7ec3921f645f,Hemostatic Gauze,999,
TOOL_HOVER,181452,12/8/2022 10:02:18 AM,072e0546-a83e-4187-9fee-7ec3921f645f,Hemostatic Gauze,999,
TOOL_HOVER,181469,12/8/2022 10:02:18 AM,072e0546-a83e-4187-9fee-7ec3921f645f,Hemostatic Gauze,999,
TOOL_HOVER,181487,12/8/2022 10:02:18 AM,072e0546-a83e-4187-9fee-7ec3921f645f,Hemostatic Gauze,999,
TOOL_HOVER,182105,12/8/2022 10:02:19 AM,072e0546-a83e-4187-9fee-7ec3921f645f,Hemostatic Gauze,999,
TOOL_HOVER,182121,12/8/2022 10:02:19 AM,072e0546-a83e-4187-9fee-7ec3921f645f,Hemostatic Gauze,999,
TOOL_HOVER,182138,12/8/2022 10:02:19 AM,072e0546-a83e-4187-9fee-7ec3921f645f,Hemostatic Gauze,999,
TOOL_HOVER,182155,12/8/2022 10:02:19 AM,072e0546-a83e-4187-9fee-7ec3921f645f,Hemostatic Gauze,999,
TOOL_HOVER,182171,12/8/2022 10:02:19 AM,072e0546-a83e-4187-9fee-7ec3921f645f,Hemostatic Gauze,999,
TOOL_HOVER,182188,12/8/2022 10:02:19 AM,072e0546-a83e-4187-9fee-7ec3921f645f,Hemostatic Gauze,999,
TOOL_HOVER,182205,12/8/2022 10:02:19 AM,072e0546-a83e-4187-9fee-7ec3921f645f,Hemostatic Gauze,999,
TOOL_HOVER,182221,12/8/2022 10:02:19 AM,072e0546-a83e-4187-9fee-7ec3921f645f,Hemostatic Gauze,999,
TOOL_HOVER,182239,12/8/2022 10:02:19 AM,072e0546-a83e-4187-9fee-7ec3921f645f,Hemostatic Gauze,999,
TOOL_HOVER,182257,12/8/2022 10:02:19 AM,072e0546-a83e-4187-9fee-7ec3921f645f,Hemostatic Gauze,999,
TOOL_HOVER,182272,12/8/2022 10:02:19 AM,072e0546-a83e-4187-9fee-7ec3921f645f,Hemostatic Gauze,999,
TOOL_HOVER,182291,12/8/2022 10:02:19 AM,072e0546-a83e-4187-9fee-7ec3921f645f,Hemostatic Gauze,999,
TOOL_HOVER,182305,12/8/2022 10:02:19 AM,072e0546-a83e-4187-9fee-7ec3921f645f,Hemostatic Gauze,999,
TOOL_HOVER,182322,12/8/2022 10:02:19 AM,072e0546-a83e-4187-9fee-7ec3921f645f,Hemostatic Gauze,999,
TOOL_HOVER,182338,12/8/2022 10:02:19 AM,072e0546-a83e-4187-9fee-7ec3921f645f,Hemostatic Gauze,999,
TOOL_HOVER,182356,12/8/2022 10:02:19 AM,072e0546-a83e-4187-9fee-7ec3921f645f,Hemostatic Gauze,999,
TOOL_HOVER,182371,12/8/2022 10:02:19 AM,072e0546-a83e-4187-9fee-7ec3921f645f,Hemostatic Gauze,999,
TOOL_HOVER,182387,12/8/2022 10:02:19 AM,072e0546-a83e-4187-9fee-7ec3921f645f,Hemostatic Gauze,999,
TOOL_HOVER,182405,12/8/2022 10:02:19 AM,072e0546-a83e-4187-9fee-7ec3921f645f,Hemostatic Gauze,999,
TOOL_HOVER,182422,12/8/2022 10:02:19 AM,072e0546-a83e-4187-9fee-7ec3921f645f,Hemostatic Gauze,999,
TOOL_HOVER,182439,12/8/2022 10:02:19 AM,072e0546-a83e-4187-9fee-7ec3921f645f,Hemostatic Gauze,999,
TOOL_SELECTED,182440,12/8/2022 10:02:19 AM,072e0546-a83e-4187-9fee-7ec3921f645f,Hemostatic Gauze,998,
VOICE_CAPTURE,185045,12/8/2022 10:02:21 AM,072e0546-a83e-4187-9fee-7ec3921f645f,the next one over is just gauze,NA,
TOOL_DISCARDED,185180,12/8/2022 10:02:22 AM,072e0546-a83e-4187-9fee-7ec3921f645f,Hemostatic Gauze,998,"(4.8, 1.2, -4.5)",
TOOL_APPLIED,185181,12/8/2022 10:02:22 AM,072e0546-a83e-4187-9fee-7ec3921f645f,Mike Root,Gauze_Pack,skinCollider_BodyCollideLOD (UnityEngine.GameObject),null,null,AppliedPackingGauze,
VOICE_CAPTURE,195997,12/8/2022 10:02:32 AM,072e0546-a83e-4187-9fee-7ec3921f645f,there's no chest puncture wound so the gauzes for your puncture OK OK,NA,
VOICE_CAPTURE,198385,12/8/2022 10:02:35 AM,072e0546-a83e-4187-9fee-7ec3921f645f,OK,NA,
TAG_SELECTED,204201,12/8/2022 10:02:41 AM,072e0546-a83e-4187-9fee-7ec3921f645f,green,
VOICE_CAPTURE,205786,12/8/2022 10:02:42 AM,072e0546-a83e-4187-9fee-7ec3921f645f,that you can tag them how you ever feel fit OK OK this guy would typically be green,NA,
TAG_APPLIED,206791,12/8/2022 10:02:43 AM,072e0546-a83e-4187-9fee-7ec3921f645f,Mike Root,green,
VOICE_CAPTURE,208393,12/8/2022 10:02:45 AM,072e0546-a83e-4187-9fee-7ec3921f645f,when you get close to his wrist let go,NA,
VOICE_CAPTURE,214632,12/8/2022 10:02:51 AM,072e0546-a83e-4187-9fee-7ec3921f645f,and then he's OK if you want to change,NA,
TAG_SELECTED,215486,12/8/2022 10:02:52 AM,072e0546-a83e-4187-9fee-7ec3921f645f,yellow,
TAG_APPLIED,217005,12/8/2022 10:02:53 AM,072e0546-a83e-4187-9fee-7ec3921f645f,Mike Root,yellow,
VOICE_CAPTURE,217740,12/8/2022 10:02:54 AM,072e0546-a83e-4187-9fee-7ec3921f645f,wouldn't grab the yellow put it over top of the green sorry,NA,
VOICE_CAPTURE,224156,12/8/2022 10:03:01 AM,072e0546-a83e-4187-9fee-7ec3921f645f,OK alright,NA,
VOICE_CAPTURE,226695,12/8/2022 10:03:03 AM,072e0546-a83e-4187-9fee-7ec3921f645f,you can always you can't take people,NA,
VOICE_CAPTURE,227782,12/8/2022 10:03:04 AM,072e0546-a83e-4187-9fee-7ec3921f645f,OK,NA,
VOICE_CAPTURE,232560,12/8/2022 10:03:09 AM,072e0546-a83e-4187-9fee-7ec3921f645f,OK are you comfortable with moving around and well,NA,
PATIENT_DEMOTED,236070,12/8/2022 10:03:12 AM,072e0546-a83e-4187-9fee-7ec3921f645f,100,Infinity,Mike_0 Root,"(2.6, 0.0, -0.6)","(0.0, 0.7, 0.0, -0.7)",DELAYED,walker,normal,normal,normal,upset,sittingGround,
PATIENT_DEMOTED,236717,12/8/2022 10:03:13 AM,072e0546-a83e-4187-9fee-7ec3921f645f,100,Infinity,Mike_1 Root,"(2.6, 0.0, 0.1)","(0.0, 0.7, 0.0, -0.7)",IMMEDIATE,waver,normal,normal,normal,upset,recovery,
VOICE_CAPTURE,237037,12/8/2022 10:03:13 AM,072e0546-a83e-4187-9fee-7ec3921f645f,scenario just so you can get used to using your OK yep,NA,
PATIENT_DEMOTED,237367,12/8/2022 10:03:14 AM,072e0546-a83e-4187-9fee-7ec3921f645f,100,Infinity,Mike_2 Root,"(2.6, 0.0, 2.4)","(0.0, 0.7, 0.0, -0.7)",IMMEDIATE,walker,fast,normal,normal,upset,sittingGround,
PATIENT_DEMOTED,238023,12/8/2022 10:03:14 AM,072e0546-a83e-4187-9fee-7ec3921f645f,100,128,Mike_3 Root,"(3.0, 0.0, 4.3)","(0.0, 0.7, 0.0, -0.7)",IMMEDIATE,still,faint,collapsedRight,normal,unresponsive,supine,
SESSION_START,240532,12/8/2022 10:03:17 AM,072e0546-a83e-4187-9fee-7ec3921f645f,
PATIENT_RECORD,240533,12/8/2022 10:03:17 AM,072e0546-a83e-4187-9fee-7ec3921f645f,100,Infinity,Mike_0 Root,"(2.6, 0.0, -1.4)","(0.0, 0.7, 0.0, -0.7)",DELAYED,walker,normal,normal,normal,upset,sittingGround,
INJURY_RECORD,240533,12/8/2022 10:03:17 AM,072e0546-a83e-4187-9fee-7ec3921f645f,R Forearm Laceration,Mike_0 Root,gauzePressure,low,rightArm,False,False,"(2.7, 1.4, -0.9)",
PATIENT_RECORD,240533,12/8/2022 10:03:17 AM,072e0546-a83e-4187-9fee-7ec3921f645f,100,Infinity,Mike_1 Root,"(2.9, 0.0, 0.1)","(0.0, 0.7, 0.0, -0.7)",IMMEDIATE,waver,normal,normal,normal,upset,recovery,
INJURY_RECORD,240533,12/8/2022 10:03:17 AM,072e0546-a83e-4187-9fee-7ec3921f645f,L Thigh Laceration,Mike_1 Root,tourniquet,medium,leftLeg,False,False,"(2.8, 0.7, -0.1)",
PATIENT_RECORD,240533,12/8/2022 10:03:17 AM,072e0546-a83e-4187-9fee-7ec3921f645f,100,Infinity,Mike_2 Root,"(3.1, 0.0, 2.2)","(0.0, 0.7, 0.0, -0.7)",IMMEDIATE,walker,fast,normal,normal,upset,sittingGround,
INJURY_RECORD,240533,12/8/2022 10:03:17 AM,072e0546-a83e-4187-9fee-7ec3921f645f,L Shoulder Puncture,Mike_2 Root,woundpack,medium,chest,False,False,"(3.1, 1.4, 2.1)",
PATIENT_RECORD,240533,12/8/2022 10:03:17 AM,072e0546-a83e-4187-9fee-7ec3921f645f,100,128,Mike_3 Root,"(3.2, 0.0, 4.3)","(0.0, 0.7, 0.0, -0.7)",IMMEDIATE,still,faint,collapsedRight,normal,unresponsive,supine,
INJURY_RECORD,240533,12/8/2022 10:03:17 AM,072e0546-a83e-4187-9fee-7ec3921f645f,R Chest Collapse,Mike_3 Root,decompress,high,chest,False,False,"(0.0, 0.0, 0.0)",
VOICE_CAPTURE,245525,12/8/2022 10:03:22 AM,072e0546-a83e-4187-9fee-7ec3921f645f,so remember when you when you wanna walk up to a patient use your thumb sticks to get there OK,NA,
VOICE_COMMAND,245526,12/8/2022 10:03:22 AM,072e0546-a83e-4187-9fee-7ec3921f645f,walk to the safe area,so remember when you when you wanna walk up to a patient use your thumb sticks to get there OK,
S_A_L_T_WALK_IF_CAN,245526,12/8/2022 10:03:22 AM,072e0546-a83e-4187-9fee-7ec3921f645f,"(2.6, 0.0, -1.4)",walkIfCan,Mike_0 Root,
S_A_L_T_WALKED,245526,12/8/2022 10:03:22 AM,072e0546-a83e-4187-9fee-7ec3921f645f,"(2.6, 0.0, -1.4)",walked,Mike_0 Root,
S_A_L_T_WALK_IF_CAN,245526,12/8/2022 10:03:22 AM,072e0546-a83e-4187-9fee-7ec3921f645f,"(2.9, 0.0, 0.1)",walkIfCan,Mike_1 Root,
S_A_L_T_WALK_IF_CAN,245527,12/8/2022 10:03:22 AM,072e0546-a83e-4187-9fee-7ec3921f645f,"(3.1, 0.0, 2.2)",walkIfCan,Mike_2 Root,
S_A_L_T_WALKED,245527,12/8/2022 10:03:22 AM,072e0546-a83e-4187-9fee-7ec3921f645f,"(3.1, 0.0, 2.2)",walked,Mike_2 Root,
PATIENT_ENGAGED,249201,12/8/2022 10:03:26 AM,072e0546-a83e-4187-9fee-7ec3921f645f,100,Infinity,Mike_0 Root,"(3.3, 0.0, -2.7)","(0.0, 1.0, 0.0, 0.2)",DELAYED,walker,normal,normal,normal,upset,standing,
VOICE_CAPTURE,249969,12/8/2022 10:03:26 AM,072e0546-a83e-4187-9fee-7ec3921f645f,OK,NA,
VOICE_CAPTURE,255549,12/8/2022 10:03:32 AM,072e0546-a83e-4187-9fee-7ec3921f645f,what the actual hell,NA,
BAG_CLOSED,255834,12/8/2022 10:03:32 AM,072e0546-a83e-4187-9fee-7ec3921f645f,"(4.1, 0.7, -3.8)",
VOICE_CAPTURE,259208,12/8/2022 10:03:36 AM,072e0546-a83e-4187-9fee-7ec3921f645f,so those guys were green they walked OK,NA,
VOICE_COMMAND,259208,12/8/2022 10:03:36 AM,072e0546-a83e-4187-9fee-7ec3921f645f,walk to the safe area,so those guys were green they walked OK,
S_A_L_T_WALK_IF_CAN,259209,12/8/2022 10:03:36 AM,072e0546-a83e-4187-9fee-7ec3921f645f,"(4.0, 0.0, -4.5)",walkIfCan,Mike_0 Root,
S_A_L_T_WALKED,259209,12/8/2022 10:03:36 AM,072e0546-a83e-4187-9fee-7ec3921f645f,"(4.0, 0.0, -4.5)",walked,Mike_0 Root,
S_A_L_T_WALK_IF_CAN,259209,12/8/2022 10:03:36 AM,072e0546-a83e-4187-9fee-7ec3921f645f,"(2.9, 0.0, 0.1)",walkIfCan,Mike_1 Root,
VOICE_CAPTURE,261014,12/8/2022 10:03:37 AM,072e0546-a83e-4187-9fee-7ec3921f645f,they were able to,NA,
VOICE_CAPTURE,267782,12/8/2022 10:03:44 AM,072e0546-a83e-4187-9fee-7ec3921f645f,so even though they sat back down OK OK alright,NA,
TELEPORT,268481,12/8/2022 10:03:45 AM,072e0546-a83e-4187-9fee-7ec3921f645f,"(0.8, 0.0, -3.3)",
TELEPORT,270387,12/8/2022 10:03:47 AM,072e0546-a83e-4187-9fee-7ec3921f645f,"(0.5, 0.0, -2.8)",
PATIENT_ENGAGED,273274,12/8/2022 10:03:50 AM,072e0546-a83e-4187-9fee-7ec3921f645f,100,Infinity,Mike_2 Root,"(3.4, 0.0, -2.4)","(0.0, 0.4, 0.0, 0.9)",IMMEDIATE,walker,fast,normal,normal,upset,sittingGround,
VOICE_CAPTURE,275820,12/8/2022 10:03:52 AM,072e0546-a83e-4187-9fee-7ec3921f645f,the rest of the ones that don't W you wanna get to them and treat them OK,NA,
BAG_ACCESS,279775,12/8/2022 10:03:56 AM,072e0546-a83e-4187-9fee-7ec3921f645f,"(2.6, 0.8, -2.8)",
VOICE_CAPTURE,279796,12/8/2022 10:03:56 AM,072e0546-a83e-4187-9fee-7ec3921f645f,you can do whatever you want with him,NA,
BAG_CLOSED,283894,12/8/2022 10:04:00 AM,072e0546-a83e-4187-9fee-7ec3921f645f,"(2.6, 0.8, -2.8)",
TELEPORT,283894,12/8/2022 10:04:00 AM,072e0546-a83e-4187-9fee-7ec3921f645f,"(0.9, 0.0, -1.8)",
TELEPORT,284252,12/8/2022 10:04:01 AM,072e0546-a83e-4187-9fee-7ec3921f645f,"(0.9, 0.0, -1.8)",
TELEPORT,287801,12/8/2022 10:04:04 AM,072e0546-a83e-4187-9fee-7ec3921f645f,"(1.7, 0.0, -1.0)",
TELEPORT,288918,12/8/2022 10:04:05 AM,072e0546-a83e-4187-9fee-7ec3921f645f,"(1.7, 0.0, -1.0)",
VOICE_CAPTURE,289283,12/8/2022 10:04:06 AM,072e0546-a83e-4187-9fee-7ec3921f645f,so you can walk around them you can physically move around the patient OK you can get in front of him by just keep on like circling around OK,NA,
VOICE_COMMAND,289283,12/8/2022 10:04:06 AM,072e0546-a83e-4187-9fee-7ec3921f645f,walk to the safe area,so you can walk around them you can physically move around the patient OK you can get in front of him by just keep on like circling around OK,
S_A_L_T_WALK_IF_CAN,289284,12/8/2022 10:04:06 AM,072e0546-a83e-4187-9fee-7ec3921f645f,"(4.0, 0.0, -4.8)",walkIfCan,Mike_0 Root,
S_A_L_T_WALKED,289284,12/8/2022 10:04:06 AM,072e0546-a83e-4187-9fee-7ec3921f645f,"(4.0, 0.0, -4.8)",walked,Mike_0 Root,
S_A_L_T_WALK_IF_CAN,289284,12/8/2022 10:04:06 AM,072e0546-a83e-4187-9fee-7ec3921f645f,"(2.9, 0.0, 0.1)",walkIfCan,Mike_1 Root,
S_A_L_T_WALK_IF_CAN,289284,12/8/2022 10:04:06 AM,072e0546-a83e-4187-9fee-7ec3921f645f,"(3.4, 0.0, -2.4)",walkIfCan,Mike_2 Root,
S_A_L_T_WALKED,289284,12/8/2022 10:04:06 AM,072e0546-a83e-4187-9fee-7ec3921f645f,"(3.4, 0.0, -2.4)",walked,Mike_2 Root,
VOICE_CAPTURE,290011,12/8/2022 10:04:06 AM,072e0546-a83e-4187-9fee-7ec3921f645f,yep,NA,
VOICE_CAPTURE,292491,12/8/2022 10:04:09 AM,072e0546-a83e-4187-9fee-7ec3921f645f,whoops,NA,
VOICE_CAPTURE,294435,12/8/2022 10:04:11 AM,072e0546-a83e-4187-9fee-7ec3921f645f,i don't know well evidently he's,NA,
VOICE_CAPTURE,296749,12/8/2022 10:04:13 AM,072e0546-a83e-4187-9fee-7ec3921f645f,what are they doing,NA,
BAG_ACCESS,300107,12/8/2022 10:04:17 AM,072e0546-a83e-4187-9fee-7ec3921f645f,"(3.5, 0.8, -0.9)",
VOICE_CAPTURE,303131,12/8/2022 10:04:20 AM,072e0546-a83e-4187-9fee-7ec3921f645f,so go ahead and use your use your,NA,
TOOL_HOVER,303599,12/8/2022 10:04:20 AM,072e0546-a83e-4187-9fee-7ec3921f645f,Hemostatic Gauze,999,
TOOL_HOVER,303616,12/8/2022 10:04:20 AM,072e0546-a83e-4187-9fee-7ec3921f645f,Hemostatic Gauze,999,
TOOL_HOVER,303633,12/8/2022 10:04:20 AM,072e0546-a83e-4187-9fee-7ec3921f645f,Hemostatic Gauze,999,
TOOL_HOVER,303650,12/8/2022 10:04:20 AM,072e0546-a83e-4187-9fee-7ec3921f645f,Hemostatic Gauze,999,
TOOL_HOVER,303665,12/8/2022 10:04:20 AM,072e0546-a83e-4187-9fee-7ec3921f645f,Hemostatic Gauze,999,
TOOL_HOVER,303682,12/8/2022 10:04:20 AM,072e0546-a83e-4187-9fee-7ec3921f645f,Hemostatic Gauze,999,
TOOL_HOVER,303700,12/8/2022 10:04:20 AM,072e0546-a83e-4187-9fee-7ec3921f645f,Hemostatic Gauze,999,
TOOL_HOVER,303716,12/8/2022 10:04:20 AM,072e0546-a83e-4187-9fee-7ec3921f645f,Hemostatic Gauze,999,
TOOL_HOVER,303732,12/8/2022 10:04:20 AM,072e0546-a83e-4187-9fee-7ec3921f645f,Hemostatic Gauze,999,
TOOL_HOVER,303749,12/8/2022 10:04:20 AM,072e0546-a83e-4187-9fee-7ec3921f645f,Hemostatic Gauze,999,
TOOL_HOVER,303766,12/8/2022 10:04:20 AM,072e0546-a83e-4187-9fee-7ec3921f645f,Hemostatic Gauze,999,
TOOL_HOVER,303783,12/8/2022 10:04:20 AM,072e0546-a83e-4187-9fee-7ec3921f645f,Hemostatic Gauze,999,
TOOL_HOVER,303801,12/8/2022 10:04:20 AM,072e0546-a83e-4187-9fee-7ec3921f645f,Hemostatic Gauze,999,
TOOL_HOVER,303820,12/8/2022 10:04:20 AM,072e0546-a83e-4187-9fee-7ec3921f645f,Hemostatic Gauze,999,
TOOL_HOVER,303833,12/8/2022 10:04:20 AM,072e0546-a83e-4187-9fee-7ec3921f645f,Hemostatic Gauze,999,
TOOL_HOVER,303851,12/8/2022 10:04:20 AM,072e0546-a83e-4187-9fee-7ec3921f645f,Hemostatic Gauze,999,
TOOL_HOVER,303867,12/8/2022 10:04:20 AM,072e0546-a83e-4187-9fee-7ec3921f645f,Hemostatic Gauze,999,
TOOL_HOVER,303883,12/8/2022 10:04:20 AM,072e0546-a83e-4187-9fee-7ec3921f645f,Hemostatic Gauze,999,
TOOL_HOVER,304401,12/8/2022 10:04:21 AM,072e0546-a83e-4187-9fee-7ec3921f645f,Hemostatic Gauze,999,
TOOL_HOVER,304418,12/8/2022 10:04:21 AM,072e0546-a83e-4187-9fee-7ec3921f645f,Hemostatic Gauze,999,
TOOL_HOVER,304434,12/8/2022 10:04:21 AM,072e0546-a83e-4187-9fee-7ec3921f645f,Hemostatic Gauze,999,
TOOL_HOVER,304450,12/8/2022 10:04:21 AM,072e0546-a83e-4187-9fee-7ec3921f645f,Hemostatic Gauze,999,
TOOL_HOVER,304467,12/8/2022 10:04:21 AM,072e0546-a83e-4187-9fee-7ec3921f645f,Hemostatic Gauze,999,
TOOL_HOVER,304484,12/8/2022 10:04:21 AM,072e0546-a83e-4187-9fee-7ec3921f645f,Hemostatic Gauze,999,
TOOL_HOVER,304503,12/8/2022 10:04:21 AM,072e0546-a83e-4187-9fee-7ec3921f645f,Hemostatic Gauze,999,
TOOL_HOVER,304518,12/8/2022 10:04:21 AM,072e0546-a83e-4187-9fee-7ec3921f645f,Hemostatic Gauze,999,
TOOL_HOVER,304536,12/8/2022 10:04:21 AM,072e0546-a83e-4187-9fee-7ec3921f645f,Hemostatic Gauze,999,
TOOL_HOVER,304552,12/8/2022 10:04:21 AM,072e0546-a83e-4187-9fee-7ec3921f645f,Hemostatic Gauze,999,
TOOL_SELECTED,304553,12/8/2022 10:04:21 AM,072e0546-a83e-4187-9fee-7ec3921f645f,Hemostatic Gauze,998,
BAG_CLOSED,305704,12/8/2022 10:04:22 AM,072e0546-a83e-4187-9fee-7ec3921f645f,"(3.5, 0.8, -0.9)",
TELEPORT,305704,12/8/2022 10:04:22 AM,072e0546-a83e-4187-9fee-7ec3921f645f,"(1.8, 0.0, -0.5)",
VOICE_CAPTURE,307182,12/8/2022 10:04:24 AM,072e0546-a83e-4187-9fee-7ec3921f645f,oh OK,NA,
TELEPORT,309002,12/8/2022 10:04:25 AM,072e0546-a83e-4187-9fee-7ec3921f645f,"(1.7, 0.0, -1.6)",
TOOL_DISCARDED,310609,12/8/2022 10:04:27 AM,072e0546-a83e-4187-9fee-7ec3921f645f,Hemostatic Gauze,998,"(3.3, 0.4, -3.0)",
TOOL_DISCARDED,310609,12/8/2022 10:04:27 AM,072e0546-a83e-4187-9fee-7ec3921f645f,Hemostatic Gauze,999,"(3.3, 0.4, -3.0)",
VOICE_CAPTURE,311373,12/8/2022 10:04:28 AM,072e0546-a83e-4187-9fee-7ec3921f645f,and we'll put this on your chest,NA,
BAG_ACCESS,316249,12/8/2022 10:04:33 AM,072e0546-a83e-4187-9fee-7ec3921f645f,"(3.5, 0.8, -2.3)",
VOICE_CAPTURE,316645,12/8/2022 10:04:33 AM,072e0546-a83e-4187-9fee-7ec3921f645f,OK,NA,
TOOL_HOVER,316798,12/8/2022 10:04:33 AM,072e0546-a83e-4187-9fee-7ec3921f645f,Hemostatic Gauze,1000,
TOOL_HOVER,316813,12/8/2022 10:04:33 AM,072e0546-a83e-4187-9fee-7ec3921f645f,Hemostatic Gauze,1000,
TOOL_HOVER,316831,12/8/2022 10:04:33 AM,072e0546-a83e-4187-9fee-7ec3921f645f,Hemostatic Gauze,1000,
TOOL_HOVER,316848,12/8/2022 10:04:33 AM,072e0546-a83e-4187-9fee-7ec3921f645f,Hemostatic Gauze,1000,
TOOL_HOVER,316864,12/8/2022 10:04:33 AM,072e0546-a83e-4187-9fee-7ec3921f645f,Hemostatic Gauze,1000,
TOOL_HOVER,316882,12/8/2022 10:04:33 AM,072e0546-a83e-4187-9fee-7ec3921f645f,Hemostatic Gauze,1000,
TOOL_HOVER,316897,12/8/2022 10:04:33 AM,072e0546-a83e-4187-9fee-7ec3921f645f,Hemostatic Gauze,1000,
TOOL_HOVER,316914,12/8/2022 10:04:33 AM,072e0546-a83e-4187-9fee-7ec3921f645f,Hemostatic Gauze,1000,
TOOL_HOVER,316931,12/8/2022 10:04:33 AM,072e0546-a83e-4187-9fee-7ec3921f645f,Hemostatic Gauze,1000,
TOOL_HOVER,316948,12/8/2022 10:04:33 AM,072e0546-a83e-4187-9fee-7ec3921f645f,Hemostatic Gauze,1000,
TOOL_HOVER,316964,12/8/2022 10:04:33 AM,072e0546-a83e-4187-9fee-7ec3921f645f,Hemostatic Gauze,1000,
TOOL_HOVER,316981,12/8/2022 10:04:33 AM,072e0546-a83e-4187-9fee-7ec3921f645f,Hemostatic Gauze,1000,
TOOL_HOVER,316997,12/8/2022 10:04:33 AM,072e0546-a83e-4187-9fee-7ec3921f645f,Hemostatic Gauze,1000,
TOOL_HOVER,317017,12/8/2022 10:04:33 AM,072e0546-a83e-4187-9fee-7ec3921f645f,Hemostatic Gauze,1000,
TOOL_HOVER,317031,12/8/2022 10:04:33 AM,072e0546-a83e-4187-9fee-7ec3921f645f,Hemostatic Gauze,1000,
TOOL_HOVER,317047,12/8/2022 10:04:33 AM,072e0546-a83e-4187-9fee-7ec3921f645f,Hemostatic Gauze,1000,
TOOL_HOVER,317064,12/8/2022 10:04:33 AM,072e0546-a83e-4187-9fee-7ec3921f645f,Hemostatic Gauze,1000,
TOOL_HOVER,317081,12/8/2022 10:04:33 AM,072e0546-a83e-4187-9fee-7ec3921f645f,Hemostatic Gauze,1000,
TOOL_HOVER,317097,12/8/2022 10:04:34 AM,072e0546-a83e-4187-9fee-7ec3921f645f,Hemostatic Gauze,1000,
TOOL_HOVER,317115,12/8/2022 10:04:34 AM,072e0546-a83e-4187-9fee-7ec3921f645f,Hemostatic Gauze,1000,
TOOL_HOVER,317131,12/8/2022 10:04:34 AM,072e0546-a83e-4187-9fee-7ec3921f645f,Hemostatic Gauze,1000,
TOOL_HOVER,317148,12/8/2022 10:04:34 AM,072e0546-a83e-4187-9fee-7ec3921f645f,Hemostatic Gauze,1000,
TOOL_SELECTED,317149,12/8/2022 10:04:34 AM,072e0546-a83e-4187-9fee-7ec3921f645f,Hemostatic Gauze,999,
TOOL_DISCARDED,319503,12/8/2022 10:04:36 AM,072e0546-a83e-4187-9fee-7ec3921f645f,Hemostatic Gauze,999,"(3.3, 0.4, -3.0)",
INJURY_TREATED,319504,12/8/2022 10:04:36 AM,072e0546-a83e-4187-9fee-7ec3921f645f,L Shoulder Puncture,Mike_2 Root,woundpack,medium,chest,True,False,"(3.3, 0.4, -3.0)",
TOOL_APPLIED,319504,12/8/2022 10:04:36 AM,072e0546-a83e-4187-9fee-7ec3921f645f,Mike_2 Root,Gauze_Pack,skinCollider_BodyCollideLOD (UnityEngine.GameObject),null,null,AppliedPackingGauze,
VOICE_CAPTURE,325885,12/8/2022 10:04:42 AM,072e0546-a83e-4187-9fee-7ec3921f645f,OK yeah OK,NA,
VOICE_CAPTURE,328692,12/8/2022 10:04:45 AM,072e0546-a83e-4187-9fee-7ec3921f645f,OK,NA,
PULSE_TAKEN,329711,12/8/2022 10:04:46 AM,072e0546-a83e-4187-9fee-7ec3921f645f,pulse_fast,Mike_2 Root,
VOICE_CAPTURE,331182,12/8/2022 10:04:48 AM,072e0546-a83e-4187-9fee-7ec3921f645f,OK alright,NA,
VOICE_CAPTURE,339569,12/8/2022 10:04:56 AM,072e0546-a83e-4187-9fee-7ec3921f645f,open an airway,NA,
VOICE_CAPTURE,346469,12/8/2022 10:05:03 AM,072e0546-a83e-4187-9fee-7ec3921f645f,OK alright so he needs to be a red do we tag now,NA,
TAG_SELECTED,350931,12/8/2022 10:05:07 AM,072e0546-a83e-4187-9fee-7ec3921f645f,red,
TAG_APPLIED,352969,12/8/2022 10:05:09 AM,072e0546-a83e-4187-9fee-7ec3921f645f,Mike_2 Root,red,
VOICE_CAPTURE,353889,12/8/2022 10:05:10 AM,072e0546-a83e-4187-9fee-7ec3921f645f,OK OK well since i'm already here so,NA,
VOICE_CAPTURE,359617,12/8/2022 10:05:16 AM,072e0546-a83e-4187-9fee-7ec3921f645f,right right OK,NA,
TOOL_HOVER,360354,12/8/2022 10:05:17 AM,072e0546-a83e-4187-9fee-7ec3921f645f,Hemostatic Gauze,1000,
TOOL_HOVER,360371,12/8/2022 10:05:17 AM,072e0546-a83e-4187-9fee-7ec3921f645f,Hemostatic Gauze,1000,
TOOL_HOVER,360390,12/8/2022 10:05:17 AM,072e0546-a83e-4187-9fee-7ec3921f645f,Hemostatic Gauze,1000,
TOOL_HOVER,360403,12/8/2022 10:05:17 AM,072e0546-a83e-4187-9fee-7ec3921f645f,Hemostatic Gauze,1000,
TOOL_HOVER,360420,12/8/2022 10:05:17 AM,072e0546-a83e-4187-9fee-7ec3921f645f,Hemostatic Gauze,1000,
TOOL_HOVER,360436,12/8/2022 10:05:17 AM,072e0546-a83e-4187-9fee-7ec3921f645f,Hemostatic Gauze,1000,
TOOL_HOVER,360453,12/8/2022 10:05:17 AM,072e0546-a83e-4187-9fee-7ec3921f645f,Hemostatic Gauze,1000,
TOOL_HOVER,360471,12/8/2022 10:05:17 AM,072e0546-a83e-4187-9fee-7ec3921f645f,Hemostatic Gauze,1000,
TOOL_HOVER,360486,12/8/2022 10:05:17 AM,072e0546-a83e-4187-9fee-7ec3921f645f,Hemostatic Gauze,1000,
TOOL_HOVER,360503,12/8/2022 10:05:17 AM,072e0546-a83e-4187-9fee-7ec3921f645f,Hemostatic Gauze,1000,
TOOL_HOVER,360519,12/8/2022 10:05:17 AM,072e0546-a83e-4187-9fee-7ec3921f645f,Hemostatic Gauze,1000,
TOOL_HOVER,360537,12/8/2022 10:05:17 AM,072e0546-a83e-4187-9fee-7ec3921f645f,Hemostatic Gauze,1000,
TOOL_HOVER,360554,12/8/2022 10:05:17 AM,072e0546-a83e-4187-9fee-7ec3921f645f,Hemostatic Gauze,1000,
TOOL_HOVER,360570,12/8/2022 10:05:17 AM,072e0546-a83e-4187-9fee-7ec3921f645f,Hemostatic Gauze,1000,
TOOL_HOVER,360587,12/8/2022 10:05:17 AM,072e0546-a83e-4187-9fee-7ec3921f645f,Hemostatic Gauze,1000,
TOOL_HOVER,360604,12/8/2022 10:05:17 AM,072e0546-a83e-4187-9fee-7ec3921f645f,Hemostatic Gauze,1000,
TOOL_HOVER,360622,12/8/2022 10:05:17 AM,072e0546-a83e-4187-9fee-7ec3921f645f,Hemostatic Gauze,1000,
TOOL_HOVER,360638,12/8/2022 10:05:17 AM,072e0546-a83e-4187-9fee-7ec3921f645f,Hemostatic Gauze,1000,
BAG_CLOSED,361158,12/8/2022 10:05:18 AM,072e0546-a83e-4187-9fee-7ec3921f645f,"(3.5, 0.8, -2.3)",
TELEPORT,361590,12/8/2022 10:05:18 AM,072e0546-a83e-4187-9fee-7ec3921f645f,"(2.2, 0.0, -0.4)",
VOICE_CAPTURE,361643,12/8/2022 10:05:18 AM,072e0546-a83e-4187-9fee-7ec3921f645f,turn around,NA,
TELEPORT,368161,12/8/2022 10:05:25 AM,072e0546-a83e-4187-9fee-7ec3921f645f,"(0.7, 0.0, 0.6)",
VOICE_CAPTURE,370293,12/8/2022 10:05:27 AM,072e0546-a83e-4187-9fee-7ec3921f645f,brown hair,NA,
TELEPORT,370760,12/8/2022 10:05:27 AM,072e0546-a83e-4187-9fee-7ec3921f645f,"(1.2, 0.0, 1.6)",
TELEPORT,373402,12/8/2022 10:05:30 AM,072e0546-a83e-4187-9fee-7ec3921f645f,"(0.6, 0.0, 1.1)",
VOICE_CAPTURE,374671,12/8/2022 10:05:31 AM,072e0546-a83e-4187-9fee-7ec3921f645f,yeah that's what i'm trying to get,NA,
VOICE_CAPTURE,375901,12/8/2022 10:05:32 AM,072e0546-a83e-4187-9fee-7ec3921f645f,oh,NA,
PATIENT_ENGAGED,376228,12/8/2022 10:05:33 AM,072e0546-a83e-4187-9fee-7ec3921f645f,100,Infinity,Mike_1 Root,"(2.9, 0.0, 0.1)","(0.0, 0.7, 0.0, -0.7)",IMMEDIATE,waver,normal,normal,normal,upset,recovery,
VOICE_CAPTURE,379949,12/8/2022 10:05:36 AM,072e0546-a83e-4187-9fee-7ec3921f645f,how you doing buddy,NA,
VOICE_CAPTURE,381293,12/8/2022 10:05:38 AM,072e0546-a83e-4187-9fee-7ec3921f645f,are you hurt,NA,
VOICE_COMMAND,381293,12/8/2022 10:05:38 AM,072e0546-a83e-4187-9fee-7ec3921f645f,are you hurt,are you hurt,
VOICE_CAPTURE,383445,12/8/2022 10:05:40 AM,072e0546-a83e-4187-9fee-7ec3921f645f,i will get you a,NA,
VOICE_CAPTURE,386221,12/8/2022 10:05:43 AM,072e0546-a83e-4187-9fee-7ec3921f645f,how did that get over there,NA,
BAG_ACCESS,386367,12/8/2022 10:05:43 AM,072e0546-a83e-4187-9fee-7ec3921f645f,"(2.5, 0.6, 0.3)",
TOOL_HOVER,387606,12/8/2022 10:05:44 AM,072e0546-a83e-4187-9fee-7ec3921f645f,Hemostatic Gauze,1000,
TOOL_HOVER,387626,12/8/2022 10:05:44 AM,072e0546-a83e-4187-9fee-7ec3921f645f,Hemostatic Gauze,1000,
TOOL_HOVER,387646,12/8/2022 10:05:44 AM,072e0546-a83e-4187-9fee-7ec3921f645f,Hemostatic Gauze,1000,
TOOL_HOVER,387666,12/8/2022 10:05:44 AM,072e0546-a83e-4187-9fee-7ec3921f645f,Hemostatic Gauze,1000,
TOOL_HOVER,387685,12/8/2022 10:05:44 AM,072e0546-a83e-4187-9fee-7ec3921f645f,Hemostatic Gauze,1000,
TOOL_HOVER,387705,12/8/2022 10:05:44 AM,072e0546-a83e-4187-9fee-7ec3921f645f,Hemostatic Gauze,1000,
TOOL_HOVER,387724,12/8/2022 10:05:44 AM,072e0546-a83e-4187-9fee-7ec3921f645f,Hemostatic Gauze,1000,
TOOL_HOVER,387744,12/8/2022 10:05:44 AM,072e0546-a83e-4187-9fee-7ec3921f645f,Hemostatic Gauze,1000,
TOOL_HOVER,387764,12/8/2022 10:05:44 AM,072e0546-a83e-4187-9fee-7ec3921f645f,Hemostatic Gauze,1000,
TOOL_HOVER,387783,12/8/2022 10:05:44 AM,072e0546-a83e-4187-9fee-7ec3921f645f,Hemostatic Gauze,1000,
TOOL_HOVER,387803,12/8/2022 10:05:44 AM,072e0546-a83e-4187-9fee-7ec3921f645f,Hemostatic Gauze,1000,
TOOL_HOVER,387822,12/8/2022 10:05:44 AM,072e0546-a83e-4187-9fee-7ec3921f645f,Hemostatic Gauze,1000,
TOOL_HOVER,387841,12/8/2022 10:05:44 AM,072e0546-a83e-4187-9fee-7ec3921f645f,Hemostatic Gauze,1000,
TOOL_HOVER,387861,12/8/2022 10:05:44 AM,072e0546-a83e-4187-9fee-7ec3921f645f,Hemostatic Gauze,1000,
TOOL_HOVER,387881,12/8/2022 10:05:44 AM,072e0546-a83e-4187-9fee-7ec3921f645f,Hemostatic Gauze,1000,
TOOL_HOVER,387902,12/8/2022 10:05:44 AM,072e0546-a83e-4187-9fee-7ec3921f645f,Hemostatic Gauze,1000,
TOOL_HOVER,387921,12/8/2022 10:05:44 AM,072e0546-a83e-4187-9fee-7ec3921f645f,Hemostatic Gauze,1000,
TOOL_HOVER,387941,12/8/2022 10:05:44 AM,072e0546-a83e-4187-9fee-7ec3921f645f,Hemostatic Gauze,1000,
TOOL_HOVER,387961,12/8/2022 10:05:44 AM,072e0546-a83e-4187-9fee-7ec3921f645f,Hemostatic Gauze,1000,
TOOL_HOVER,387981,12/8/2022 10:05:44 AM,072e0546-a83e-4187-9fee-7ec3921f645f,Hemostatic Gauze,1000,
TOOL_HOVER,388001,12/8/2022 10:05:44 AM,072e0546-a83e-4187-9fee-7ec3921f645f,Hemostatic Gauze,1000,
TOOL_HOVER,388021,12/8/2022 10:05:44 AM,072e0546-a83e-4187-9fee-7ec3921f645f,Hemostatic Gauze,1000,
TOOL_HOVER,388040,12/8/2022 10:05:44 AM,072e0546-a83e-4187-9fee-7ec3921f645f,Hemostatic Gauze,1000,
TOOL_HOVER,388063,12/8/2022 10:05:44 AM,072e0546-a83e-4187-9fee-7ec3921f645f,Hemostatic Gauze,1000,
TOOL_HOVER,388082,12/8/2022 10:05:44 AM,072e0546-a83e-4187-9fee-7ec3921f645f,Hemostatic Gauze,1000,
TOOL_HOVER,388102,12/8/2022 10:05:45 AM,072e0546-a83e-4187-9fee-7ec3921f645f,Hemostatic Gauze,1000,
TOOL_HOVER,388122,12/8/2022 10:05:45 AM,072e0546-a83e-4187-9fee-7ec3921f645f,Hemostatic Gauze,1000,
TOOL_SELECTED,388122,12/8/2022 10:05:45 AM,072e0546-a83e-4187-9fee-7ec3921f645f,Hemostatic Gauze,999,
TOOL_DISCARDED,389971,12/8/2022 10:05:46 AM,072e0546-a83e-4187-9fee-7ec3921f645f,Hemostatic Gauze,999,"(2.9, 0.3, 0.3)",
INJURY_TREATED,389971,12/8/2022 10:05:46 AM,072e0546-a83e-4187-9fee-7ec3921f645f,L Thigh Laceration,Mike_1 Root,tourniquet,medium,leftLeg,False,True,"(2.8, 0.3, 0.4)",
TOOL_APPLIED,389971,12/8/2022 10:05:46 AM,072e0546-a83e-4187-9fee-7ec3921f645f,Mike_1 Root,Gauze_Pack,skinCollider_BodyCollideLOD (UnityEngine.GameObject),null,null,AppliedPackingGauze,
TOOL_HOVER,394794,12/8/2022 10:05:51 AM,072e0546-a83e-4187-9fee-7ec3921f645f,Gauze,999,
TOOL_HOVER,394813,12/8/2022 10:05:51 AM,072e0546-a83e-4187-9fee-7ec3921f645f,Gauze,999,
TOOL_HOVER,394833,12/8/2022 10:05:51 AM,072e0546-a83e-4187-9fee-7ec3921f645f,Gauze,999,
TOOL_HOVER,394853,12/8/2022 10:05:51 AM,072e0546-a83e-4187-9fee-7ec3921f645f,Gauze,999,
TOOL_HOVER,394872,12/8/2022 10:05:51 AM,072e0546-a83e-4187-9fee-7ec3921f645f,Gauze,999,
TOOL_HOVER,394891,12/8/2022 10:05:51 AM,072e0546-a83e-4187-9fee-7ec3921f645f,Tourniquet,998,
TOOL_HOVER,394908,12/8/2022 10:05:51 AM,072e0546-a83e-4187-9fee-7ec3921f645f,Tourniquet,998,
TOOL_HOVER,394928,12/8/2022 10:05:51 AM,072e0546-a83e-4187-9fee-7ec3921f645f,Tourniquet,998,
TOOL_HOVER,394948,12/8/2022 10:05:51 AM,072e0546-a83e-4187-9fee-7ec3921f645f,Tourniquet,998,
TOOL_HOVER,394967,12/8/2022 10:05:51 AM,072e0546-a83e-4187-9fee-7ec3921f645f,Tourniquet,998,
TOOL_HOVER,394986,12/8/2022 10:05:51 AM,072e0546-a83e-4187-9fee-7ec3921f645f,Tourniquet,998,
TOOL_HOVER,395005,12/8/2022 10:05:51 AM,072e0546-a83e-4187-9fee-7ec3921f645f,Tourniquet,998,
TOOL_HOVER,395023,12/8/2022 10:05:51 AM,072e0546-a83e-4187-9fee-7ec3921f645f,Tourniquet,998,
TOOL_SELECTED,395024,12/8/2022 10:05:51 AM,072e0546-a83e-4187-9fee-7ec3921f645f,Tourniquet,997,
PULSE_TAKEN,396828,12/8/2022 10:05:53 AM,072e0546-a83e-4187-9fee-7ec3921f645f,pulse_normal,Mike_1 Root,
INJURY_TREATED,397995,12/8/2022 10:05:54 AM,072e0546-a83e-4187-9fee-7ec3921f645f,L Thigh Laceration,Mike_1 Root,tourniquet,medium,leftLeg,True,True,"(2.8, 0.3, 0.4)",
TOOL_APPLIED,397996,12/8/2022 10:05:54 AM,072e0546-a83e-4187-9fee-7ec3921f645f,Mike_1 Root,Tourniquet,LeftUpLeg (UnityEngine.GameObject),tor_ring (1) (UnityEngine.GameObject),tourniquet(Clone) (UnityEngine.GameObject),AppliedTourniquet,
VOICE_CAPTURE,400248,12/8/2022 10:05:57 AM,072e0546-a83e-4187-9fee-7ec3921f645f,OK oh he needs a tourniquet OK let me put this on your leg buddy,NA,
PULSE_TAKEN,402822,12/8/2022 10:05:59 AM,072e0546-a83e-4187-9fee-7ec3921f645f,pulse_normal,Mike_1 Root,
VOICE_CAPTURE,403724,12/8/2022 10:06:00 AM,072e0546-a83e-4187-9fee-7ec3921f645f,seemed to help that,NA,
VOICE_CAPTURE,407952,12/8/2022 10:06:04 AM,072e0546-a83e-4187-9fee-7ec3921f645f,yeah he's tacky too,NA,
VOICE_CAPTURE,411545,12/8/2022 10:06:08 AM,072e0546-a83e-4187-9fee-7ec3921f645f,so we get,NA,
TAG_SELECTED,412329,12/8/2022 10:06:09 AM,072e0546-a83e-4187-9fee-7ec3921f645f,red,
TAG_APPLIED,414535,12/8/2022 10:06:11 AM,072e0546-a83e-4187-9fee-7ec3921f645f,Mike_1 Root,red,
VOICE_CAPTURE,415903,12/8/2022 10:06:12 AM,072e0546-a83e-4187-9fee-7ec3921f645f,OK,NA,
BAG_CLOSED,418544,12/8/2022 10:06:15 AM,072e0546-a83e-4187-9fee-7ec3921f645f,"(2.5, 0.6, 0.3)",
TELEPORT,418544,12/8/2022 10:06:15 AM,072e0546-a83e-4187-9fee-7ec3921f645f,"(0.5, 0.0, 1.1)",
VOICE_CAPTURE,420031,12/8/2022 10:06:16 AM,072e0546-a83e-4187-9fee-7ec3921f645f,alright i think it's alright dear,NA,
TELEPORT,422287,12/8/2022 10:06:19 AM,072e0546-a83e-4187-9fee-7ec3921f645f,"(-0.9, 0.0, 1.8)",
VOICE_CAPTURE,428751,12/8/2022 10:06:25 AM,072e0546-a83e-4187-9fee-7ec3921f645f,search,NA,
TELEPORT,430290,12/8/2022 10:06:27 AM,072e0546-a83e-4187-9fee-7ec3921f645f,"(1.3, 0.0, 4.2)",
TELEPORT,434449,12/8/2022 10:06:31 AM,072e0546-a83e-4187-9fee-7ec3921f645f,"(0.9, 0.0, 5.1)",
PATIENT_ENGAGED,435451,12/8/2022 10:06:32 AM,072e0546-a83e-4187-9fee-7ec3921f645f,100,128,Mike_3 Root,"(3.2, 0.0, 4.3)","(0.0, 0.7, 0.0, -0.7)",IMMEDIATE,still,faint,collapsedRight,normal,unresponsive,supine,
VOICE_CAPTURE,438191,12/8/2022 10:06:35 AM,072e0546-a83e-4187-9fee-7ec3921f645f,you won't you can't expose their clothing they'll already be exposed OK,NA,
TOOL_HOVER,441199,12/8/2022 10:06:38 AM,072e0546-a83e-4187-9fee-7ec3921f645f,Hemostatic Gauze,1000,
TOOL_HOVER,441215,12/8/2022 10:06:38 AM,072e0546-a83e-4187-9fee-7ec3921f645f,Hemostatic Gauze,1000,
TOOL_HOVER,441232,12/8/2022 10:06:38 AM,072e0546-a83e-4187-9fee-7ec3921f645f,Hemostatic Gauze,1000,
TOOL_HOVER,441249,12/8/2022 10:06:38 AM,072e0546-a83e-4187-9fee-7ec3921f645f,Hemostatic Gauze,1000,
TOOL_HOVER,441265,12/8/2022 10:06:38 AM,072e0546-a83e-4187-9fee-7ec3921f645f,Hemostatic Gauze,1000,
TOOL_HOVER,441283,12/8/2022 10:06:38 AM,072e0546-a83e-4187-9fee-7ec3921f645f,Hemostatic Gauze,1000,
BAG_ACCESS,442668,12/8/2022 10:06:39 AM,072e0546-a83e-4187-9fee-7ec3921f645f,"(3.6, 0.5, 4.8)",
VOICE_CAPTURE,450304,12/8/2022 10:06:47 AM,072e0546-a83e-4187-9fee-7ec3921f645f,think he's got a flail chest,NA,
TOOL_HOVER,451190,12/8/2022 10:06:48 AM,072e0546-a83e-4187-9fee-7ec3921f645f,Needle,998,
TOOL_HOVER,451206,12/8/2022 10:06:48 AM,072e0546-a83e-4187-9fee-7ec3921f645f,Needle,998,
TOOL_HOVER,451222,12/8/2022 10:06:48 AM,072e0546-a83e-4187-9fee-7ec3921f645f,Needle,998,
TOOL_HOVER,451240,12/8/2022 10:06:48 AM,072e0546-a83e-4187-9fee-7ec3921f645f,Needle,998,
TOOL_HOVER,451257,12/8/2022 10:06:48 AM,072e0546-a83e-4187-9fee-7ec3921f645f,Needle,998,
TOOL_HOVER,451274,12/8/2022 10:06:48 AM,072e0546-a83e-4187-9fee-7ec3921f645f,Needle,998,
TOOL_HOVER,451290,12/8/2022 10:06:48 AM,072e0546-a83e-4187-9fee-7ec3921f645f,Needle,998,
TOOL_HOVER,451306,12/8/2022 10:06:48 AM,072e0546-a83e-4187-9fee-7ec3921f645f,Needle,998,
TOOL_HOVER,451323,12/8/2022 10:06:48 AM,072e0546-a83e-4187-9fee-7ec3921f645f,Needle,998,
TOOL_HOVER,451340,12/8/2022 10:06:48 AM,072e0546-a83e-4187-9fee-7ec3921f645f,Needle,998,
TOOL_HOVER,451357,12/8/2022 10:06:48 AM,072e0546-a83e-4187-9fee-7ec3921f645f,Needle,998,
TOOL_HOVER,451374,12/8/2022 10:06:48 AM,072e0546-a83e-4187-9fee-7ec3921f645f,Needle,998,
TOOL_HOVER,451390,12/8/2022 10:06:48 AM,072e0546-a83e-4187-9fee-7ec3921f645f,Needle,998,
TOOL_HOVER,451410,12/8/2022 10:06:48 AM,072e0546-a83e-4187-9fee-7ec3921f645f,Needle,998,
TOOL_HOVER,451423,12/8/2022 10:06:48 AM,072e0546-a83e-4187-9fee-7ec3921f645f,Needle,998,
TOOL_SELECTED,451424,12/8/2022 10:06:48 AM,072e0546-a83e-4187-9fee-7ec3921f645f,Needle,997,
VOICE_CAPTURE,452409,12/8/2022 10:06:49 AM,072e0546-a83e-4187-9fee-7ec3921f645f,sounds like it,NA,
VOICE_CAPTURE,456001,12/8/2022 10:06:52 AM,072e0546-a83e-4187-9fee-7ec3921f645f,you got the right thing,NA,
INJURY_TREATED,456757,12/8/2022 10:06:53 AM,072e0546-a83e-4187-9fee-7ec3921f645f,R Chest Collapse,Mike_3 Root,decompress,high,chest,True,False,"(0.0, 0.0, 0.0)",
TOOL_APPLIED,456757,12/8/2022 10:06:53 AM,072e0546-a83e-4187-9fee-7ec3921f645f,Needle_Decomp(Clone),Needle,RChest_Breathe1 (UnityEngine.GameObject),cath_needle (UnityEngine.GameObject),right_chest,Needle_Decomp(Clone) (UnityEngine.GameObject),AppliedDecompNeedle,
PULSE_TAKEN,461231,12/8/2022 10:06:58 AM,072e0546-a83e-4187-9fee-7ec3921f645f,pulse_faint,Mike_3 Root,
PULSE_TAKEN,462416,12/8/2022 10:06:59 AM,072e0546-a83e-4187-9fee-7ec3921f645f,pulse_faint,Mike_3 Root,
PULSE_TAKEN,462534,12/8/2022 10:06:59 AM,072e0546-a83e-4187-9fee-7ec3921f645f,pulse_faint,Mike_3 Root,
PULSE_TAKEN,464806,12/8/2022 10:07:01 AM,072e0546-a83e-4187-9fee-7ec3921f645f,pulse_faint,Mike_3 Root,
VOICE_CAPTURE,472508,12/8/2022 10:07:09 AM,072e0546-a83e-4187-9fee-7ec3921f645f,OK OK,NA,
PULSE_TAKEN,475032,12/8/2022 10:07:11 AM,072e0546-a83e-4187-9fee-7ec3921f645f,pulse_faint,Mike_3 Root,
VOICE_CAPTURE,476099,12/8/2022 10:07:13 AM,072e0546-a83e-4187-9fee-7ec3921f645f,alright,NA,
TAG_SELECTED,481446,12/8/2022 10:07:18 AM,072e0546-a83e-4187-9fee-7ec3921f645f,red,
VOICE_CAPTURE,482599,12/8/2022 10:07:19 AM,072e0546-a83e-4187-9fee-7ec3921f645f,sometimes it takes a little bit,NA,
TAG_APPLIED,483334,12/8/2022 10:07:20 AM,072e0546-a83e-4187-9fee-7ec3921f645f,Mike_3 Root,red,
VOICE_CAPTURE,488982,12/8/2022 10:07:25 AM,072e0546-a83e-4187-9fee-7ec3921f645f,alright,NA,
VOICE_CAPTURE,498756,12/8/2022 10:07:35 AM,072e0546-a83e-4187-9fee-7ec3921f645f,alright i think it's OK there we go alright OK,NA,
VOICE_CAPTURE,501028,12/8/2022 10:07:37 AM,072e0546-a83e-4187-9fee-7ec3921f645f,all the people they can't walk,NA,
VOICE_COMMAND,501028,12/8/2022 10:07:37 AM,072e0546-a83e-4187-9fee-7ec3921f645f,walk to the safe area,all the people they can't walk,
S_A_L_T_WALK_IF_CAN,501028,12/8/2022 10:07:37 AM,072e0546-a83e-4187-9fee-7ec3921f645f,"(4.0, 0.0, -4.6)",walkIfCan,Mike_0 Root,
S_A_L_T_WALKED,501028,12/8/2022 10:07:37 AM,072e0546-a83e-4187-9fee-7ec3921f645f,"(4.0, 0.0, -4.6)",walked,Mike_0 Root,
S_A_L_T_WALK_IF_CAN,501029,12/8/2022 10:07:37 AM,072e0546-a83e-4187-9fee-7ec3921f645f,"(2.9, 0.0, 0.1)",walkIfCan,Mike_1 Root,
S_A_L_T_WALK_IF_CAN,501029,12/8/2022 10:07:37 AM,072e0546-a83e-4187-9fee-7ec3921f645f,"(3.3, 0.0, -2.8)",walkIfCan,Mike_2 Root,
S_A_L_T_WALKED,501029,12/8/2022 10:07:37 AM,072e0546-a83e-4187-9fee-7ec3921f645f,"(3.3, 0.0, -2.8)",walked,Mike_2 Root,
VOICE_CAPTURE,505054,12/8/2022 10:07:41 AM,072e0546-a83e-4187-9fee-7ec3921f645f,what would be great,NA,
VOICE_CAPTURE,507961,12/8/2022 10:07:44 AM,072e0546-a83e-4187-9fee-7ec3921f645f,OK,NA,
VOICE_CAPTURE,510801,12/8/2022 10:07:47 AM,072e0546-a83e-4187-9fee-7ec3921f645f,so,NA,
VOICE_CAPTURE,517492,12/8/2022 10:07:54 AM,072e0546-a83e-4187-9fee-7ec3921f645f,i just noticed the second guy did has her i put a red on him is it,NA,
BAG_CLOSED,525081,12/8/2022 10:08:01 AM,072e0546-a83e-4187-9fee-7ec3921f645f,"(3.6, 0.5, 4.8)",
VOICE_CAPTURE,525546,12/8/2022 10:08:02 AM,072e0546-a83e-4187-9fee-7ec3921f645f,so even though he was walking it you know that's oh OK OK alright,NA,
VOICE_COMMAND,525546,12/8/2022 10:08:02 AM,072e0546-a83e-4187-9fee-7ec3921f645f,walk to the safe area,so even though he was walking it you know that's oh OK OK alright,
S_A_L_T_WALK_IF_CAN,525547,12/8/2022 10:08:02 AM,072e0546-a83e-4187-9fee-7ec3921f645f,"(4.0, 0.0, -4.9)",walkIfCan,Mike_0 Root,
S_A_L_T_WALKED,525547,12/8/2022 10:08:02 AM,072e0546-a83e-4187-9fee-7ec3921f645f,"(4.0, 0.0, -4.9)",walked,Mike_0 Root,
S_A_L_T_WALK_IF_CAN,525547,12/8/2022 10:08:02 AM,072e0546-a83e-4187-9fee-7ec3921f645f,"(2.9, 0.0, 0.1)",walkIfCan,Mike_1 Root,
S_A_L_T_WALK_IF_CAN,525547,12/8/2022 10:08:02 AM,072e0546-a83e-4187-9fee-7ec3921f645f,"(3.2, 0.0, -2.9)",walkIfCan,Mike_2 Root,
S_A_L_T_WALKED,525547,12/8/2022 10:08:02 AM,072e0546-a83e-4187-9fee-7ec3921f645f,"(3.2, 0.0, -2.9)",walked,Mike_2 Root,
VOICE_CAPTURE,529538,12/8/2022 10:08:06 AM,072e0546-a83e-4187-9fee-7ec3921f645f,see how you feel OK,NA,
VOICE_CAPTURE,536706,12/8/2022 10:08:13 AM,072e0546-a83e-4187-9fee-7ec3921f645f,missing leg green then we'll just talk about it later OK OK,NA,
TELEPORT,537675,12/8/2022 10:08:14 AM,072e0546-a83e-4187-9fee-7ec3921f645f,"(1.1, 0.0, 5.1)",
VOICE_CAPTURE,539178,12/8/2022 10:08:16 AM,072e0546-a83e-4187-9fee-7ec3921f645f,OK,NA,
TELEPORT,540014,12/8/2022 10:08:16 AM,072e0546-a83e-4187-9fee-7ec3921f645f,"(0.0, 0.0, 5.5)",
VOICE_CAPTURE,543989,12/8/2022 10:08:20 AM,072e0546-a83e-4187-9fee-7ec3921f645f,so go see him he's on the steps so every patient,NA,
TELEPORT,550055,12/8/2022 10:08:26 AM,072e0546-a83e-4187-9fee-7ec3921f645f,"(0.0, 0.0, 5.2)",
VOICE_CAPTURE,551158,12/8/2022 10:08:28 AM,072e0546-a83e-4187-9fee-7ec3921f645f,which steps,NA,
TELEPORT,554867,12/8/2022 10:08:31 AM,072e0546-a83e-4187-9fee-7ec3921f645f,"(1.4, 0.0, -3.5)",
VOICE_CAPTURE,556337,12/8/2022 10:08:33 AM,072e0546-a83e-4187-9fee-7ec3921f645f,oh OK,NA,
PATIENT_ENGAGED,557673,12/8/2022 10:08:34 AM,072e0546-a83e-4187-9fee-7ec3921f645f,100,Infinity,Mike_0 Root,"(4.0, 0.0, -4.5)","(0.0, 0.2, 0.0, -1.0)",DELAYED,walker,normal,normal,normal,upset,sittingGround,
VOICE_CAPTURE,562199,12/8/2022 10:08:39 AM,072e0546-a83e-4187-9fee-7ec3921f645f,OK how you doing buddy,NA,
VOICE_CAPTURE,564539,12/8/2022 10:08:41 AM,072e0546-a83e-4187-9fee-7ec3921f645f,can talk to me,NA,
VOICE_CAPTURE,573461,12/8/2022 10:08:50 AM,072e0546-a83e-4187-9fee-7ec3921f645f,right now the leg is just bloody OK,NA,
VOICE_CAPTURE,576234,12/8/2022 10:08:53 AM,072e0546-a83e-4187-9fee-7ec3921f645f,clothing,NA,
VOICE_CAPTURE,577922,12/8/2022 10:08:54 AM,072e0546-a83e-4187-9fee-7ec3921f645f,OK OK,NA,
VOICE_CAPTURE,580010,12/8/2022 10:08:56 AM,072e0546-a83e-4187-9fee-7ec3921f645f,are you,NA,
VOICE_CAPTURE,582182,12/8/2022 10:08:59 AM,072e0546-a83e-4187-9fee-7ec3921f645f,OK,NA,
VOICE_CAPTURE,584120,12/8/2022 10:09:01 AM,072e0546-a83e-4187-9fee-7ec3921f645f,you heard anywhere,NA,
VOICE_CAPTURE,590535,12/8/2022 10:09:07 AM,072e0546-a83e-4187-9fee-7ec3921f645f,so,NA,
VOICE_CAPTURE,591136,12/8/2022 10:09:08 AM,072e0546-a83e-4187-9fee-7ec3921f645f,show me your injury,NA,
VOICE_COMMAND,591136,12/8/2022 10:09:08 AM,072e0546-a83e-4187-9fee-7ec3921f645f,reveal injury,show me your injury,
VOICE_CAPTURE,594562,12/8/2022 10:09:11 AM,072e0546-a83e-4187-9fee-7ec3921f645f,can you show me your injury,NA,
VOICE_COMMAND,594562,12/8/2022 10:09:11 AM,072e0546-a83e-4187-9fee-7ec3921f645f,reveal injury,can you show me your injury,
BAG_ACCESS,599774,12/8/2022 10:09:16 AM,072e0546-a83e-4187-9fee-7ec3921f645f,"(3.6, 0.7, -4.3)",
TOOL_HOVER,600394,12/8/2022 10:09:17 AM,072e0546-a83e-4187-9fee-7ec3921f645f,Hemostatic Gauze,1000,
TOOL_HOVER,600411,12/8/2022 10:09:17 AM,072e0546-a83e-4187-9fee-7ec3921f645f,Hemostatic Gauze,1000,
VOICE_CAPTURE,600426,12/8/2022 10:09:17 AM,072e0546-a83e-4187-9fee-7ec3921f645f,so maybe a puncture wound or something,NA,
TOOL_HOVER,600427,12/8/2022 10:09:17 AM,072e0546-a83e-4187-9fee-7ec3921f645f,Hemostatic Gauze,1000,
TOOL_HOVER,600443,12/8/2022 10:09:17 AM,072e0546-a83e-4187-9fee-7ec3921f645f,Hemostatic Gauze,1000,
TOOL_HOVER,600460,12/8/2022 10:09:17 AM,072e0546-a83e-4187-9fee-7ec3921f645f,Hemostatic Gauze,1000,
TOOL_HOVER,600477,12/8/2022 10:09:17 AM,072e0546-a83e-4187-9fee-7ec3921f645f,Hemostatic Gauze,1000,
TOOL_HOVER,600494,12/8/2022 10:09:17 AM,072e0546-a83e-4187-9fee-7ec3921f645f,Hemostatic Gauze,1000,
TOOL_HOVER,600510,12/8/2022 10:09:17 AM,072e0546-a83e-4187-9fee-7ec3921f645f,Hemostatic Gauze,1000,
TOOL_HOVER,600526,12/8/2022 10:09:17 AM,072e0546-a83e-4187-9fee-7ec3921f645f,Hemostatic Gauze,1000,
TOOL_HOVER,600544,12/8/2022 10:09:17 AM,072e0546-a83e-4187-9fee-7ec3921f645f,Hemostatic Gauze,1000,
TOOL_HOVER,600560,12/8/2022 10:09:17 AM,072e0546-a83e-4187-9fee-7ec3921f645f,Hemostatic Gauze,1000,
TOOL_HOVER,600577,12/8/2022 10:09:17 AM,072e0546-a83e-4187-9fee-7ec3921f645f,Hemostatic Gauze,1000,
TOOL_HOVER,601496,12/8/2022 10:09:18 AM,072e0546-a83e-4187-9fee-7ec3921f645f,Hemostatic Gauze,1000,
TOOL_HOVER,601513,12/8/2022 10:09:18 AM,072e0546-a83e-4187-9fee-7ec3921f645f,Hemostatic Gauze,1000,
TOOL_HOVER,601531,12/8/2022 10:09:18 AM,072e0546-a83e-4187-9fee-7ec3921f645f,Hemostatic Gauze,1000,
TOOL_HOVER,601547,12/8/2022 10:09:18 AM,072e0546-a83e-4187-9fee-7ec3921f645f,Hemostatic Gauze,1000,
TOOL_HOVER,601564,12/8/2022 10:09:18 AM,072e0546-a83e-4187-9fee-7ec3921f645f,Hemostatic Gauze,1000,
TOOL_HOVER,601579,12/8/2022 10:09:18 AM,072e0546-a83e-4187-9fee-7ec3921f645f,Hemostatic Gauze,1000,
TOOL_HOVER,601596,12/8/2022 10:09:18 AM,072e0546-a83e-4187-9fee-7ec3921f645f,Hemostatic Gauze,1000,
TOOL_HOVER,601613,12/8/2022 10:09:18 AM,072e0546-a83e-4187-9fee-7ec3921f645f,Hemostatic Gauze,1000,
TOOL_HOVER,601630,12/8/2022 10:09:18 AM,072e0546-a83e-4187-9fee-7ec3921f645f,Hemostatic Gauze,1000,
TOOL_HOVER,601646,12/8/2022 10:09:18 AM,072e0546-a83e-4187-9fee-7ec3921f645f,Hemostatic Gauze,1000,
TOOL_HOVER,601664,12/8/2022 10:09:18 AM,072e0546-a83e-4187-9fee-7ec3921f645f,Hemostatic Gauze,1000,
TOOL_HOVER,601680,12/8/2022 10:09:18 AM,072e0546-a83e-4187-9fee-7ec3921f645f,Hemostatic Gauze,1000,
TOOL_HOVER,601696,12/8/2022 10:09:18 AM,072e0546-a83e-4187-9fee-7ec3921f645f,Hemostatic Gauze,1000,
TOOL_HOVER,601713,12/8/2022 10:09:18 AM,072e0546-a83e-4187-9fee-7ec3921f645f,Hemostatic Gauze,1000,
TOOL_HOVER,601730,12/8/2022 10:09:18 AM,072e0546-a83e-4187-9fee-7ec3921f645f,Hemostatic Gauze,1000,
TOOL_HOVER,601747,12/8/2022 10:09:18 AM,072e0546-a83e-4187-9fee-7ec3921f645f,Hemostatic Gauze,1000,
TOOL_HOVER,601764,12/8/2022 10:09:18 AM,072e0546-a83e-4187-9fee-7ec3921f645f,Hemostatic Gauze,1000,
TOOL_HOVER,601781,12/8/2022 10:09:18 AM,072e0546-a83e-4187-9fee-7ec3921f645f,Hemostatic Gauze,1000,
TOOL_HOVER,601797,12/8/2022 10:09:18 AM,072e0546-a83e-4187-9fee-7ec3921f645f,Hemostatic Gauze,1000,
TOOL_HOVER,601814,12/8/2022 10:09:18 AM,072e0546-a83e-4187-9fee-7ec3921f645f,Hemostatic Gauze,1000,
TOOL_HOVER,601830,12/8/2022 10:09:18 AM,072e0546-a83e-4187-9fee-7ec3921f645f,Hemostatic Gauze,1000,
TOOL_HOVER,601846,12/8/2022 10:09:18 AM,072e0546-a83e-4187-9fee-7ec3921f645f,Hemostatic Gauze,1000,
TOOL_SELECTED,601847,12/8/2022 10:09:18 AM,072e0546-a83e-4187-9fee-7ec3921f645f,Hemostatic Gauze,999,
TOOL_DISCARDED,602582,12/8/2022 10:09:19 AM,072e0546-a83e-4187-9fee-7ec3921f645f,Hemostatic Gauze,999,"(3.0, 1.2, -4.4)",
TOOL_DISCARDED,602582,12/8/2022 10:09:19 AM,072e0546-a83e-4187-9fee-7ec3921f645f,Hemostatic Gauze,1000,"(3.0, 1.2, -4.4)",
TOOL_HOVER,602700,12/8/2022 10:09:19 AM,072e0546-a83e-4187-9fee-7ec3921f645f,Hemostatic Gauze,1001,
TOOL_HOVER,602716,12/8/2022 10:09:19 AM,072e0546-a83e-4187-9fee-7ec3921f645f,Hemostatic Gauze,1001,
TOOL_HOVER,602733,12/8/2022 10:09:19 AM,072e0546-a83e-4187-9fee-7ec3921f645f,Hemostatic Gauze,1001,
TOOL_HOVER,602749,12/8/2022 10:09:19 AM,072e0546-a83e-4187-9fee-7ec3921f645f,Hemostatic Gauze,1001,
TOOL_HOVER,602766,12/8/2022 10:09:19 AM,072e0546-a83e-4187-9fee-7ec3921f645f,Hemostatic Gauze,1001,
TOOL_HOVER,602782,12/8/2022 10:09:19 AM,072e0546-a83e-4187-9fee-7ec3921f645f,Hemostatic Gauze,1001,
TOOL_HOVER,602800,12/8/2022 10:09:19 AM,072e0546-a83e-4187-9fee-7ec3921f645f,Hemostatic Gauze,1001,
TOOL_HOVER,602816,12/8/2022 10:09:19 AM,072e0546-a83e-4187-9fee-7ec3921f645f,Hemostatic Gauze,1001,
TOOL_HOVER,602835,12/8/2022 10:09:19 AM,072e0546-a83e-4187-9fee-7ec3921f645f,Hemostatic Gauze,1001,
TOOL_HOVER,602849,12/8/2022 10:09:19 AM,072e0546-a83e-4187-9fee-7ec3921f645f,Hemostatic Gauze,1001,
TOOL_HOVER,602870,12/8/2022 10:09:19 AM,072e0546-a83e-4187-9fee-7ec3921f645f,Hemostatic Gauze,1001,
TOOL_HOVER,602882,12/8/2022 10:09:19 AM,072e0546-a83e-4187-9fee-7ec3921f645f,Hemostatic Gauze,1001,
TOOL_HOVER,602900,12/8/2022 10:09:19 AM,072e0546-a83e-4187-9fee-7ec3921f645f,Hemostatic Gauze,1001,
TOOL_HOVER,602917,12/8/2022 10:09:19 AM,072e0546-a83e-4187-9fee-7ec3921f645f,Hemostatic Gauze,1001,
TOOL_HOVER,602934,12/8/2022 10:09:19 AM,072e0546-a83e-4187-9fee-7ec3921f645f,Hemostatic Gauze,1001,
TOOL_HOVER,602949,12/8/2022 10:09:19 AM,072e0546-a83e-4187-9fee-7ec3921f645f,Hemostatic Gauze,1001,
TOOL_HOVER,602966,12/8/2022 10:09:19 AM,072e0546-a83e-4187-9fee-7ec3921f645f,Hemostatic Gauze,1001,
TOOL_HOVER,602982,12/8/2022 10:09:19 AM,072e0546-a83e-4187-9fee-7ec3921f645f,Hemostatic Gauze,1001,
TOOL_HOVER,603300,12/8/2022 10:09:20 AM,072e0546-a83e-4187-9fee-7ec3921f645f,Gauze,999,
TOOL_HOVER,603317,12/8/2022 10:09:20 AM,072e0546-a83e-4187-9fee-7ec3921f645f,Gauze,999,
TOOL_HOVER,603334,12/8/2022 10:09:20 AM,072e0546-a83e-4187-9fee-7ec3921f645f,Gauze,999,
TOOL_HOVER,603350,12/8/2022 10:09:20 AM,072e0546-a83e-4187-9fee-7ec3921f645f,Gauze,999,
TOOL_HOVER,603367,12/8/2022 10:09:20 AM,072e0546-a83e-4187-9fee-7ec3921f645f,Gauze,999,
TOOL_HOVER,603384,12/8/2022 10:09:20 AM,072e0546-a83e-4187-9fee-7ec3921f645f,Gauze,999,
TOOL_HOVER,603401,12/8/2022 10:09:20 AM,072e0546-a83e-4187-9fee-7ec3921f645f,Gauze,999,
TOOL_HOVER,603416,12/8/2022 10:09:20 AM,072e0546-a83e-4187-9fee-7ec3921f645f,Gauze,999,
TOOL_HOVER,603434,12/8/2022 10:09:20 AM,072e0546-a83e-4187-9fee-7ec3921f645f,Gauze,999,
TOOL_HOVER,603450,12/8/2022 10:09:20 AM,072e0546-a83e-4187-9fee-7ec3921f645f,Gauze,999,
TOOL_HOVER,603468,12/8/2022 10:09:20 AM,072e0546-a83e-4187-9fee-7ec3921f645f,Gauze,999,
TOOL_HOVER,603483,12/8/2022 10:09:20 AM,072e0546-a83e-4187-9fee-7ec3921f645f,Gauze,999,
TOOL_HOVER,603501,12/8/2022 10:09:20 AM,072e0546-a83e-4187-9fee-7ec3921f645f,Gauze,999,
TOOL_SELECTED,603502,12/8/2022 10:09:20 AM,072e0546-a83e-4187-9fee-7ec3921f645f,Gauze,998,
TOOL_DISCARDED,604822,12/8/2022 10:09:21 AM,072e0546-a83e-4187-9fee-7ec3921f645f,Gauze,998,"(4.1, 0.4, -4.7)",
INJURY_TREATED,604822,12/8/2022 10:09:21 AM,072e0546-a83e-4187-9fee-7ec3921f645f,R Forearm Laceration,Mike_0 Root,gauzePressure,low,rightArm,True,False,"(4.1, 0.4, -4.6)",
TOOL_APPLIED,604822,12/8/2022 10:09:21 AM,072e0546-a83e-4187-9fee-7ec3921f645f,Mike_0 Root,Gauze_Dressing,skinCollider_BodyCollideLOD (UnityEngine.GameObject),null,null,AppliedDressingGauze,
VOICE_CAPTURE,607093,12/8/2022 10:09:24 AM,072e0546-a83e-4187-9fee-7ec3921f645f,oh not dead,NA,
PULSE_TAKEN,610401,12/8/2022 10:09:27 AM,072e0546-a83e-4187-9fee-7ec3921f645f,pulse_normal,Mike_0 Root,
PULSE_TAKEN,612522,12/8/2022 10:09:29 AM,072e0546-a83e-4187-9fee-7ec3921f645f,pulse_normal,Mike_0 Root,
TAG_SELECTED,615800,12/8/2022 10:09:32 AM,072e0546-a83e-4187-9fee-7ec3921f645f,green,
TAG_APPLIED,617434,12/8/2022 10:09:34 AM,072e0546-a83e-4187-9fee-7ec3921f645f,Mike_0 Root,green,
TOOL_HOVER,649263,12/8/2022 10:10:06 AM,072e0546-a83e-4187-9fee-7ec3921f645f,Gauze,999,
TOOL_HOVER,649278,12/8/2022 10:10:06 AM,072e0546-a83e-4187-9fee-7ec3921f645f,Gauze,999,
TOOL_HOVER,649296,12/8/2022 10:10:06 AM,072e0546-a83e-4187-9fee-7ec3921f645f,Gauze,999,
TOOL_HOVER,649312,12/8/2022 10:10:06 AM,072e0546-a83e-4187-9fee-7ec3921f645f,Gauze,999,
TOOL_HOVER,649328,12/8/2022 10:10:06 AM,072e0546-a83e-4187-9fee-7ec3921f645f,Gauze,999,
TOOL_HOVER,649345,12/8/2022 10:10:06 AM,072e0546-a83e-4187-9fee-7ec3921f645f,Gauze,999,
TOOL_HOVER,649362,12/8/2022 10:10:06 AM,072e0546-a83e-4187-9fee-7ec3921f645f,Gauze,999,
TOOL_HOVER,649379,12/8/2022 10:10:06 AM,072e0546-a83e-4187-9fee-7ec3921f645f,Gauze,999,
TOOL_HOVER,649396,12/8/2022 10:10:06 AM,072e0546-a83e-4187-9fee-7ec3921f645f,Gauze,999,
TOOL_HOVER,649413,12/8/2022 10:10:06 AM,072e0546-a83e-4187-9fee-7ec3921f645f,Gauze,999,
TOOL_HOVER,649429,12/8/2022 10:10:06 AM,072e0546-a83e-4187-9fee-7ec3921f645f,Gauze,999,
TOOL_HOVER,649446,12/8/2022 10:10:06 AM,072e0546-a83e-4187-9fee-7ec3921f645f,Gauze,999,
TOOL_HOVER,650650,12/8/2022 10:10:07 AM,072e0546-a83e-4187-9fee-7ec3921f645f,Gauze,999,
TOOL_HOVER,650665,12/8/2022 10:10:07 AM,072e0546-a83e-4187-9fee-7ec3921f645f,Gauze,999,
TOOL_HOVER,650683,12/8/2022 10:10:07 AM,072e0546-a83e-4187-9fee-7ec3921f645f,Gauze,999,
TOOL_HOVER,650699,12/8/2022 10:10:07 AM,072e0546-a83e-4187-9fee-7ec3921f645f,Gauze,999,
TOOL_HOVER,650716,12/8/2022 10:10:07 AM,072e0546-a83e-4187-9fee-7ec3921f645f,Gauze,999,
TOOL_HOVER,650733,12/8/2022 10:10:07 AM,072e0546-a83e-4187-9fee-7ec3921f645f,Gauze,999,
TOOL_HOVER,650750,12/8/2022 10:10:07 AM,072e0546-a83e-4187-9fee-7ec3921f645f,Gauze,999,
TOOL_HOVER,650765,12/8/2022 10:10:07 AM,072e0546-a83e-4187-9fee-7ec3921f645f,Gauze,999,
TOOL_HOVER,650783,12/8/2022 10:10:07 AM,072e0546-a83e-4187-9fee-7ec3921f645f,Gauze,999,
TOOL_HOVER,650799,12/8/2022 10:10:07 AM,072e0546-a83e-4187-9fee-7ec3921f645f,Gauze,999,
TOOL_HOVER,650816,12/8/2022 10:10:07 AM,072e0546-a83e-4187-9fee-7ec3921f645f,Gauze,999,
TOOL_HOVER,650833,12/8/2022 10:10:07 AM,072e0546-a83e-4187-9fee-7ec3921f645f,Gauze,999,
TOOL_HOVER,650850,12/8/2022 10:10:07 AM,072e0546-a83e-4187-9fee-7ec3921f645f,Gauze,999,
TOOL_HOVER,650866,12/8/2022 10:10:07 AM,072e0546-a83e-4187-9fee-7ec3921f645f,Gauze,999,
TOOL_HOVER,650884,12/8/2022 10:10:07 AM,072e0546-a83e-4187-9fee-7ec3921f645f,Gauze,999,
TOOL_HOVER,650900,12/8/2022 10:10:07 AM,072e0546-a83e-4187-9fee-7ec3921f645f,Gauze,999,
TOOL_HOVER,650916,12/8/2022 10:10:07 AM,072e0546-a83e-4187-9fee-7ec3921f645f,Gauze,999,
TOOL_HOVER,650934,12/8/2022 10:10:07 AM,072e0546-a83e-4187-9fee-7ec3921f645f,Gauze,999,
TOOL_HOVER,652653,12/8/2022 10:10:09 AM,072e0546-a83e-4187-9fee-7ec3921f645f,Gauze,999,
TOOL_HOVER,652670,12/8/2022 10:10:09 AM,072e0546-a83e-4187-9fee-7ec3921f645f,Gauze,999,
TOOL_HOVER,652686,12/8/2022 10:10:09 AM,072e0546-a83e-4187-9fee-7ec3921f645f,Gauze,999,
TOOL_HOVER,652705,12/8/2022 10:10:09 AM,072e0546-a83e-4187-9fee-7ec3921f645f,Gauze,999,
TOOL_HOVER,652720,12/8/2022 10:10:09 AM,072e0546-a83e-4187-9fee-7ec3921f645f,Gauze,999,
TOOL_HOVER,652737,12/8/2022 10:10:09 AM,072e0546-a83e-4187-9fee-7ec3921f645f,Gauze,999,
TOOL_HOVER,652754,12/8/2022 10:10:09 AM,072e0546-a83e-4187-9fee-7ec3921f645f,Gauze,999,
TOOL_HOVER,652770,12/8/2022 10:10:09 AM,072e0546-a83e-4187-9fee-7ec3921f645f,Gauze,999,
TOOL_HOVER,652787,12/8/2022 10:10:09 AM,072e0546-a83e-4187-9fee-7ec3921f645f,Gauze,999,
TOOL_HOVER,652803,12/8/2022 10:10:09 AM,072e0546-a83e-4187-9fee-7ec3921f645f,Gauze,999,
TOOL_HOVER,652821,12/8/2022 10:10:09 AM,072e0546-a83e-4187-9fee-7ec3921f645f,Gauze,999,
TOOL_HOVER,652837,12/8/2022 10:10:09 AM,072e0546-a83e-4187-9fee-7ec3921f645f,Gauze,999,
TOOL_HOVER,652854,12/8/2022 10:10:09 AM,072e0546-a83e-4187-9fee-7ec3921f645f,Gauze,999,
TOOL_HOVER,652872,12/8/2022 10:10:09 AM,072e0546-a83e-4187-9fee-7ec3921f645f,Gauze,999,
TOOL_HOVER,652886,12/8/2022 10:10:09 AM,072e0546-a83e-4187-9fee-7ec3921f645f,Gauze,999,
TOOL_HOVER,652904,12/8/2022 10:10:09 AM,072e0546-a83e-4187-9fee-7ec3921f645f,Gauze,999,
TOOL_HOVER,652922,12/8/2022 10:10:09 AM,072e0546-a83e-4187-9fee-7ec3921f645f,Gauze,999,
TOOL_HOVER,652939,12/8/2022 10:10:09 AM,072e0546-a83e-4187-9fee-7ec3921f645f,Gauze,999,
TOOL_HOVER,652954,12/8/2022 10:10:09 AM,072e0546-a83e-4187-9fee-7ec3921f645f,Gauze,999,
TOOL_HOVER,652971,12/8/2022 10:10:09 AM,072e0546-a83e-4187-9fee-7ec3921f645f,Gauze,999,
TOOL_HOVER,652988,12/8/2022 10:10:09 AM,072e0546-a83e-4187-9fee-7ec3921f645f,Gauze,999,
TOOL_HOVER,653005,12/8/2022 10:10:09 AM,072e0546-a83e-4187-9fee-7ec3921f645f,Gauze,999,
TOOL_HOVER,653022,12/8/2022 10:10:09 AM,072e0546-a83e-4187-9fee-7ec3921f645f,Gauze,999,
TOOL_HOVER,653038,12/8/2022 10:10:09 AM,072e0546-a83e-4187-9fee-7ec3921f645f,Gauze,999,
SESSION_END,657549,12/8/2022 10:10:14 AM,072e0546-a83e-4187-9fee-7ec3921f645f,
BAG_CLOSED,659142,12/8/2022 10:10:16 AM,072e0546-a83e-4187-9fee-7ec3921f645f,"(3.6, 0.7, -4.3)",
