PATIENT_DEMOTED,5719,12/8/2022 2:54:58 PM,0b708e6d-3fe5-4b25-bd90-faf8e5b81623,100,Infinity,Mike_0 Root,"(2.6, 0.0, -0.6)","(0.0, 0.7, 0.0, -0.7)",DELAYED,walker,normal,normal,normal,upset,sittingGround,
PATIENT_DEMOTED,6366,12/8/2022 2:54:58 PM,0b708e6d-3fe5-4b25-bd90-faf8e5b81623,100,Infinity,Mike_1 Root,"(2.6, 0.0, 0.1)","(0.0, 0.7, 0.0, -0.7)",IMMEDIATE,waver,normal,normal,normal,upset,recovery,
PATIENT_DEMOTED,7017,12/8/2022 2:54:59 PM,0b708e6d-3fe5-4b25-bd90-faf8e5b81623,100,Infinity,Mike_2 Root,"(2.6, 0.0, 2.4)","(0.0, 0.7, 0.0, -0.7)",IMMEDIATE,walker,fast,normal,normal,upset,sittingGround,
PATIENT_DEMOTED,7676,12/8/2022 2:55:00 PM,0b708e6d-3fe5-4b25-bd90-faf8e5b81623,100,128,Mike_3 Root,"(3.0, 0.0, 4.3)","(0.0, 0.7, 0.0, -0.7)",IMMEDIATE,still,faint,collapsedRight,normal,unresponsive,supine,
VOICE_CAPTURE,8420,12/8/2022 2:55:00 PM,0b708e6d-3fe5-4b25-bd90-faf8e5b81623,did you look down,NA,
SESSION_START,10643,12/8/2022 2:55:03 PM,0b708e6d-3fe5-4b25-bd90-faf8e5b81623,
PATIENT_RECORD,10643,12/8/2022 2:55:03 PM,0b708e6d-3fe5-4b25-bd90-faf8e5b81623,100,Infinity,Mike_0 Root,"(2.6, 0.0, -1.4)","(0.0, 0.7, 0.0, -0.7)",DELAYED,walker,normal,normal,normal,upset,sittingGround,
INJURY_RECORD,10644,12/8/2022 2:55:03 PM,0b708e6d-3fe5-4b25-bd90-faf8e5b81623,R Forearm Laceration,Mike_0 Root,gauzePressure,low,rightArm,False,False,"(2.7, 1.4, -0.9)",
PATIENT_RECORD,10644,12/8/2022 2:55:03 PM,0b708e6d-3fe5-4b25-bd90-faf8e5b81623,100,Infinity,Mike_1 Root,"(2.9, 0.0, 0.1)","(0.0, 0.7, 0.0, -0.7)",IMMEDIATE,waver,normal,normal,normal,upset,recovery,
INJURY_RECORD,10644,12/8/2022 2:55:03 PM,0b708e6d-3fe5-4b25-bd90-faf8e5b81623,L Thigh Laceration,Mike_1 Root,tourniquet,medium,leftLeg,False,False,"(2.8, 0.7, -0.1)",
PATIENT_RECORD,10644,12/8/2022 2:55:03 PM,0b708e6d-3fe5-4b25-bd90-faf8e5b81623,100,Infinity,Mike_2 Root,"(3.1, 0.0, 2.2)","(0.0, 0.7, 0.0, -0.7)",IMMEDIATE,walker,fast,normal,normal,upset,sittingGround,
INJURY_RECORD,10644,12/8/2022 2:55:03 PM,0b708e6d-3fe5-4b25-bd90-faf8e5b81623,L Shoulder Puncture,Mike_2 Root,woundpack,medium,chest,False,False,"(3.1, 1.4, 2.1)",
PATIENT_RECORD,10644,12/8/2022 2:55:03 PM,0b708e6d-3fe5-4b25-bd90-faf8e5b81623,100,128,Mike_3 Root,"(3.2, 0.0, 4.3)","(0.0, 0.7, 0.0, -0.7)",IMMEDIATE,still,faint,collapsedRight,normal,unresponsive,supine,
INJURY_RECORD,10644,12/8/2022 2:55:03 PM,0b708e6d-3fe5-4b25-bd90-faf8e5b81623,R Chest Collapse,Mike_3 Root,decompress,high,chest,False,False,"(0.0, 0.0, 0.0)",
VOICE_CAPTURE,11972,12/8/2022 2:55:04 PM,0b708e6d-3fe5-4b25-bd90-faf8e5b81623,thanks glenn,NA,
VOICE_CAPTURE,26938,12/8/2022 2:55:19 PM,0b708e6d-3fe5-4b25-bd90-faf8e5b81623,no it's still behind me you've already turned i can see like the very front edge of it and that's it only about that much it's all i can see in the whole thing,NA,
VOICE_CAPTURE,40089,12/8/2022 2:55:32 PM,0b708e6d-3fe5-4b25-bd90-faf8e5b81623,yeah i mean it's in real life it'd be like on my in my back pocket,NA,
VOICE_CAPTURE,57897,12/8/2022 2:55:50 PM,0b708e6d-3fe5-4b25-bd90-faf8e5b81623,alright,NA,
TELEPORT,66034,12/8/2022 2:55:58 PM,0b708e6d-3fe5-4b25-bd90-faf8e5b81623,"(0.8, 0.0, -3.4)",
VOICE_CAPTURE,66201,12/8/2022 2:55:58 PM,0b708e6d-3fe5-4b25-bd90-faf8e5b81623,OK the problem is i can barely see it when i'm trying to turn the issue,NA,
VOICE_CAPTURE,76208,12/8/2022 2:56:08 PM,0b708e6d-3fe5-4b25-bd90-faf8e5b81623,if you can stand up and walk go to the safe area,NA,
VOICE_COMMAND,76208,12/8/2022 2:56:08 PM,0b708e6d-3fe5-4b25-bd90-faf8e5b81623,walk to the safe area,if you can stand up and walk go to the safe area,
VOICE_COMMAND,76208,12/8/2022 2:56:08 PM,0b708e6d-3fe5-4b25-bd90-faf8e5b81623,walk to the safe area,if you can stand up and walk go to the safe area,
VOICE_COMMAND,76208,12/8/2022 2:56:08 PM,0b708e6d-3fe5-4b25-bd90-faf8e5b81623,stand up,if you can stand up and walk go to the safe area,
VOICE_CAPTURE,78199,12/8/2022 2:56:10 PM,0b708e6d-3fe5-4b25-bd90-faf8e5b81623,walk,NA,
VOICE_COMMAND,78199,12/8/2022 2:56:10 PM,0b708e6d-3fe5-4b25-bd90-faf8e5b81623,walk to the safe area,walk,
S_A_L_T_WALK_IF_CAN,78200,12/8/2022 2:56:10 PM,0b708e6d-3fe5-4b25-bd90-faf8e5b81623,"(2.6, 0.0, -1.4)",walkIfCan,Mike_0 Root,
S_A_L_T_WALKED,78201,12/8/2022 2:56:10 PM,0b708e6d-3fe5-4b25-bd90-faf8e5b81623,"(2.6, 0.0, -1.4)",walked,Mike_0 Root,
S_A_L_T_WALK_IF_CAN,78201,12/8/2022 2:56:10 PM,0b708e6d-3fe5-4b25-bd90-faf8e5b81623,"(2.9, 0.0, 0.1)",walkIfCan,Mike_1 Root,
S_A_L_T_WALK_IF_CAN,78201,12/8/2022 2:56:10 PM,0b708e6d-3fe5-4b25-bd90-faf8e5b81623,"(3.1, 0.0, 2.2)",walkIfCan,Mike_2 Root,
S_A_L_T_WALKED,78201,12/8/2022 2:56:10 PM,0b708e6d-3fe5-4b25-bd90-faf8e5b81623,"(3.1, 0.0, 2.2)",walked,Mike_2 Root,
BAG_ACCESS,78349,12/8/2022 2:56:10 PM,0b708e6d-3fe5-4b25-bd90-faf8e5b81623,"(1.9, 0.8, -1.7)",
BAG_CLOSED,84997,12/8/2022 2:56:17 PM,0b708e6d-3fe5-4b25-bd90-faf8e5b81623,"(1.9, 0.8, -1.7)",
TELEPORT,84997,12/8/2022 2:56:17 PM,0b708e6d-3fe5-4b25-bd90-faf8e5b81623,"(2.5, 0.0, -1.5)",
TELEPORT,87314,12/8/2022 2:56:19 PM,0b708e6d-3fe5-4b25-bd90-faf8e5b81623,"(3.1, 0.0, -0.3)",
TELEPORT,87668,12/8/2022 2:56:20 PM,0b708e6d-3fe5-4b25-bd90-faf8e5b81623,"(3.1, 0.0, -0.2)",
PATIENT_ENGAGED,88412,12/8/2022 2:56:20 PM,0b708e6d-3fe5-4b25-bd90-faf8e5b81623,100,Infinity,Mike_1 Root,"(2.9, 0.0, 0.1)","(0.0, 0.7, 0.0, -0.7)",IMMEDIATE,waver,normal,normal,normal,upset,recovery,
VOICE_CAPTURE,92485,12/8/2022 2:56:25 PM,0b708e6d-3fe5-4b25-bd90-faf8e5b81623,you're lying OK are you hurt anywhere else,NA,
VOICE_COMMAND,92486,12/8/2022 2:56:25 PM,0b708e6d-3fe5-4b25-bd90-faf8e5b81623,are you hurt,you're lying OK are you hurt anywhere else,
VOICE_COMMAND,92486,12/8/2022 2:56:25 PM,0b708e6d-3fe5-4b25-bd90-faf8e5b81623,anywhere else,you're lying OK are you hurt anywhere else,
BAG_ACCESS,112614,12/8/2022 2:56:45 PM,0b708e6d-3fe5-4b25-bd90-faf8e5b81623,"(3.0, 0.7, -0.4)",
TOOL_HOVER,114633,12/8/2022 2:56:47 PM,0b708e6d-3fe5-4b25-bd90-faf8e5b81623,Tourniquet,999,
TOOL_HOVER,114649,12/8/2022 2:56:47 PM,0b708e6d-3fe5-4b25-bd90-faf8e5b81623,Tourniquet,999,
VOICE_CAPTURE,114665,12/8/2022 2:56:47 PM,0b708e6d-3fe5-4b25-bd90-faf8e5b81623,reach further down i don't know if you're there you go,NA,
TOOL_HOVER,114666,12/8/2022 2:56:47 PM,0b708e6d-3fe5-4b25-bd90-faf8e5b81623,Tourniquet,999,
TOOL_HOVER,114683,12/8/2022 2:56:47 PM,0b708e6d-3fe5-4b25-bd90-faf8e5b81623,Tourniquet,999,
TOOL_HOVER,114699,12/8/2022 2:56:47 PM,0b708e6d-3fe5-4b25-bd90-faf8e5b81623,Tourniquet,999,
TOOL_HOVER,114718,12/8/2022 2:56:47 PM,0b708e6d-3fe5-4b25-bd90-faf8e5b81623,Tourniquet,999,
TOOL_HOVER,114733,12/8/2022 2:56:47 PM,0b708e6d-3fe5-4b25-bd90-faf8e5b81623,Tourniquet,999,
TOOL_HOVER,114750,12/8/2022 2:56:47 PM,0b708e6d-3fe5-4b25-bd90-faf8e5b81623,Tourniquet,999,
TOOL_HOVER,114767,12/8/2022 2:56:47 PM,0b708e6d-3fe5-4b25-bd90-faf8e5b81623,Tourniquet,999,
TOOL_HOVER,114784,12/8/2022 2:56:47 PM,0b708e6d-3fe5-4b25-bd90-faf8e5b81623,Tourniquet,999,
TOOL_HOVER,114803,12/8/2022 2:56:47 PM,0b708e6d-3fe5-4b25-bd90-faf8e5b81623,Tourniquet,999,
TOOL_HOVER,114817,12/8/2022 2:56:47 PM,0b708e6d-3fe5-4b25-bd90-faf8e5b81623,Tourniquet,999,
TOOL_HOVER,114834,12/8/2022 2:56:47 PM,0b708e6d-3fe5-4b25-bd90-faf8e5b81623,Tourniquet,999,
TOOL_HOVER,114852,12/8/2022 2:56:47 PM,0b708e6d-3fe5-4b25-bd90-faf8e5b81623,Tourniquet,999,
TOOL_HOVER,114868,12/8/2022 2:56:47 PM,0b708e6d-3fe5-4b25-bd90-faf8e5b81623,Tourniquet,999,
TOOL_HOVER,114885,12/8/2022 2:56:47 PM,0b708e6d-3fe5-4b25-bd90-faf8e5b81623,Tourniquet,999,
TOOL_HOVER,114903,12/8/2022 2:56:47 PM,0b708e6d-3fe5-4b25-bd90-faf8e5b81623,Tourniquet,999,
TOOL_HOVER,114918,12/8/2022 2:56:47 PM,0b708e6d-3fe5-4b25-bd90-faf8e5b81623,Tourniquet,999,
TOOL_HOVER,114935,12/8/2022 2:56:47 PM,0b708e6d-3fe5-4b25-bd90-faf8e5b81623,Tourniquet,999,
TOOL_HOVER,114952,12/8/2022 2:56:47 PM,0b708e6d-3fe5-4b25-bd90-faf8e5b81623,Tourniquet,999,
TOOL_HOVER,114969,12/8/2022 2:56:47 PM,0b708e6d-3fe5-4b25-bd90-faf8e5b81623,Tourniquet,999,
TOOL_HOVER,114985,12/8/2022 2:56:47 PM,0b708e6d-3fe5-4b25-bd90-faf8e5b81623,Tourniquet,999,
TOOL_HOVER,115002,12/8/2022 2:56:47 PM,0b708e6d-3fe5-4b25-bd90-faf8e5b81623,Tourniquet,999,
TOOL_HOVER,115019,12/8/2022 2:56:47 PM,0b708e6d-3fe5-4b25-bd90-faf8e5b81623,Tourniquet,999,
TOOL_HOVER,115034,12/8/2022 2:56:47 PM,0b708e6d-3fe5-4b25-bd90-faf8e5b81623,Tourniquet,999,
TOOL_HOVER,115052,12/8/2022 2:56:47 PM,0b708e6d-3fe5-4b25-bd90-faf8e5b81623,Tourniquet,999,
TOOL_HOVER,115069,12/8/2022 2:56:47 PM,0b708e6d-3fe5-4b25-bd90-faf8e5b81623,Tourniquet,999,
TOOL_HOVER,115085,12/8/2022 2:56:47 PM,0b708e6d-3fe5-4b25-bd90-faf8e5b81623,Tourniquet,999,
TOOL_HOVER,115102,12/8/2022 2:56:47 PM,0b708e6d-3fe5-4b25-bd90-faf8e5b81623,Tourniquet,999,
TOOL_HOVER,115118,12/8/2022 2:56:47 PM,0b708e6d-3fe5-4b25-bd90-faf8e5b81623,Tourniquet,999,
TOOL_HOVER,115136,12/8/2022 2:56:47 PM,0b708e6d-3fe5-4b25-bd90-faf8e5b81623,Tourniquet,999,
TOOL_SELECTED,115139,12/8/2022 2:56:47 PM,0b708e6d-3fe5-4b25-bd90-faf8e5b81623,Tourniquet,998,
TOOL_DISCARDED,117880,12/8/2022 2:56:50 PM,0b708e6d-3fe5-4b25-bd90-faf8e5b81623,Tourniquet,998,"(3.0, 0.4, 0.3)",
TOOL_HOVER,119830,12/8/2022 2:56:52 PM,0b708e6d-3fe5-4b25-bd90-faf8e5b81623,Tourniquet,999,
TOOL_HOVER,119847,12/8/2022 2:56:52 PM,0b708e6d-3fe5-4b25-bd90-faf8e5b81623,Tourniquet,999,
TOOL_HOVER,119865,12/8/2022 2:56:52 PM,0b708e6d-3fe5-4b25-bd90-faf8e5b81623,Tourniquet,999,
TOOL_HOVER,119881,12/8/2022 2:56:52 PM,0b708e6d-3fe5-4b25-bd90-faf8e5b81623,Tourniquet,999,
TOOL_HOVER,119897,12/8/2022 2:56:52 PM,0b708e6d-3fe5-4b25-bd90-faf8e5b81623,Tourniquet,999,
TOOL_HOVER,119913,12/8/2022 2:56:52 PM,0b708e6d-3fe5-4b25-bd90-faf8e5b81623,Tourniquet,999,
TOOL_HOVER,119931,12/8/2022 2:56:52 PM,0b708e6d-3fe5-4b25-bd90-faf8e5b81623,Tourniquet,999,
TOOL_HOVER,119947,12/8/2022 2:56:52 PM,0b708e6d-3fe5-4b25-bd90-faf8e5b81623,Tourniquet,999,
TOOL_HOVER,119962,12/8/2022 2:56:52 PM,0b708e6d-3fe5-4b25-bd90-faf8e5b81623,Tourniquet,999,
TOOL_HOVER,119979,12/8/2022 2:56:52 PM,0b708e6d-3fe5-4b25-bd90-faf8e5b81623,Tourniquet,999,
TOOL_HOVER,119994,12/8/2022 2:56:52 PM,0b708e6d-3fe5-4b25-bd90-faf8e5b81623,Tourniquet,999,
TOOL_HOVER,120012,12/8/2022 2:56:52 PM,0b708e6d-3fe5-4b25-bd90-faf8e5b81623,Tourniquet,999,
TOOL_HOVER,120028,12/8/2022 2:56:52 PM,0b708e6d-3fe5-4b25-bd90-faf8e5b81623,Tourniquet,999,
TOOL_HOVER,120045,12/8/2022 2:56:52 PM,0b708e6d-3fe5-4b25-bd90-faf8e5b81623,Tourniquet,999,
TOOL_HOVER,120063,12/8/2022 2:56:52 PM,0b708e6d-3fe5-4b25-bd90-faf8e5b81623,Tourniquet,999,
TOOL_HOVER,120080,12/8/2022 2:56:52 PM,0b708e6d-3fe5-4b25-bd90-faf8e5b81623,Tourniquet,999,
TOOL_HOVER,120097,12/8/2022 2:56:52 PM,0b708e6d-3fe5-4b25-bd90-faf8e5b81623,Tourniquet,999,
TOOL_HOVER,120113,12/8/2022 2:56:52 PM,0b708e6d-3fe5-4b25-bd90-faf8e5b81623,Tourniquet,999,
TOOL_HOVER,120132,12/8/2022 2:56:52 PM,0b708e6d-3fe5-4b25-bd90-faf8e5b81623,Tourniquet,999,
TOOL_HOVER,120147,12/8/2022 2:56:52 PM,0b708e6d-3fe5-4b25-bd90-faf8e5b81623,Tourniquet,999,
TOOL_HOVER,120163,12/8/2022 2:56:52 PM,0b708e6d-3fe5-4b25-bd90-faf8e5b81623,Tourniquet,999,
TOOL_HOVER,120183,12/8/2022 2:56:52 PM,0b708e6d-3fe5-4b25-bd90-faf8e5b81623,Tourniquet,999,
TOOL_SELECTED,120184,12/8/2022 2:56:52 PM,0b708e6d-3fe5-4b25-bd90-faf8e5b81623,Tourniquet,998,
INJURY_TREATED,125735,12/8/2022 2:56:58 PM,0b708e6d-3fe5-4b25-bd90-faf8e5b81623,L Thigh Laceration,Mike_1 Root,tourniquet,medium,leftLeg,True,False,"(2.8, 0.3, 0.4)",
TOOL_APPLIED,125736,12/8/2022 2:56:58 PM,0b708e6d-3fe5-4b25-bd90-faf8e5b81623,Mike_1 Root,Tourniquet,LeftUpLeg (UnityEngine.GameObject),tor_ring (1) (UnityEngine.GameObject),tourniquet(Clone) (UnityEngine.GameObject),AppliedTourniquet,
PULSE_TAKEN,130773,12/8/2022 2:57:03 PM,0b708e6d-3fe5-4b25-bd90-faf8e5b81623,pulse_normal,Mike_1 Root,
PULSE_TAKEN,131892,12/8/2022 2:57:04 PM,0b708e6d-3fe5-4b25-bd90-faf8e5b81623,pulse_normal,Mike_1 Root,
VOICE_CAPTURE,133397,12/8/2022 2:57:05 PM,0b708e6d-3fe5-4b25-bd90-faf8e5b81623,alright,NA,
PULSE_TAKEN,133630,12/8/2022 2:57:06 PM,0b708e6d-3fe5-4b25-bd90-faf8e5b81623,pulse_normal,Mike_1 Root,
TAG_SELECTED,135619,12/8/2022 2:57:08 PM,0b708e6d-3fe5-4b25-bd90-faf8e5b81623,yellow,
TAG_APPLIED,137892,12/8/2022 2:57:10 PM,0b708e6d-3fe5-4b25-bd90-faf8e5b81623,Mike_1 Root,yellow,
VOICE_CAPTURE,138859,12/8/2022 2:57:11 PM,0b708e6d-3fe5-4b25-bd90-faf8e5b81623,OK alright,NA,
VOICE_CAPTURE,143854,12/8/2022 2:57:16 PM,0b708e6d-3fe5-4b25-bd90-faf8e5b81623,alright you can lay down there buddy get the bleeding control,NA,
VOICE_COMMAND,143855,12/8/2022 2:57:16 PM,0b708e6d-3fe5-4b25-bd90-faf8e5b81623,lay down,alright you can lay down there buddy get the bleeding control,
TOOL_HOVER,148033,12/8/2022 2:57:20 PM,0b708e6d-3fe5-4b25-bd90-faf8e5b81623,Gauze,999,
TOOL_HOVER,148048,12/8/2022 2:57:20 PM,0b708e6d-3fe5-4b25-bd90-faf8e5b81623,Gauze,999,
TOOL_SELECTED,148049,12/8/2022 2:57:20 PM,0b708e6d-3fe5-4b25-bd90-faf8e5b81623,Gauze,998,
TOOL_DISCARDED,151423,12/8/2022 2:57:23 PM,0b708e6d-3fe5-4b25-bd90-faf8e5b81623,Gauze,998,"(2.8, 0.3, 0.4)",
INJURY_TREATED,151425,12/8/2022 2:57:23 PM,0b708e6d-3fe5-4b25-bd90-faf8e5b81623,L Thigh Laceration,Mike_1 Root,tourniquet,medium,leftLeg,True,True,"(2.8, 0.3, 0.4)",
TOOL_APPLIED,151427,12/8/2022 2:57:23 PM,0b708e6d-3fe5-4b25-bd90-faf8e5b81623,Mike_1 Root,Gauze_Dressing,skinCollider_BodyCollideLOD (UnityEngine.GameObject),null,null,AppliedDressingGauze,
VOICE_CAPTURE,162383,12/8/2022 2:57:34 PM,0b708e6d-3fe5-4b25-bd90-faf8e5b81623,quiet so,NA,
BAG_CLOSED,162835,12/8/2022 2:57:35 PM,0b708e6d-3fe5-4b25-bd90-faf8e5b81623,"(3.0, 0.7, -0.4)",
TELEPORT,162835,12/8/2022 2:57:35 PM,0b708e6d-3fe5-4b25-bd90-faf8e5b81623,"(3.2, 0.0, -0.2)",
TELEPORT,165223,12/8/2022 2:57:37 PM,0b708e6d-3fe5-4b25-bd90-faf8e5b81623,"(4.1, 0.0, 3.3)",
TELEPORT,170537,12/8/2022 2:57:43 PM,0b708e6d-3fe5-4b25-bd90-faf8e5b81623,"(4.8, 0.0, 7.3)",
VOICE_CAPTURE,174863,12/8/2022 2:57:47 PM,0b708e6d-3fe5-4b25-bd90-faf8e5b81623,play,NA,
PATIENT_ENGAGED,177971,12/8/2022 2:57:50 PM,0b708e6d-3fe5-4b25-bd90-faf8e5b81623,100,128,Mike_3 Root,"(3.2, 0.0, 4.3)","(0.0, 0.7, 0.0, -0.7)",IMMEDIATE,still,faint,collapsedRight,normal,unresponsive,supine,
VOICE_CAPTURE,179390,12/8/2022 2:57:51 PM,0b708e6d-3fe5-4b25-bd90-faf8e5b81623,alright,NA,
BAG_ACCESS,183335,12/8/2022 2:57:55 PM,0b708e6d-3fe5-4b25-bd90-faf8e5b81623,"(3.0, 0.7, 5.1)",
TOOL_HOVER,184238,12/8/2022 2:57:56 PM,0b708e6d-3fe5-4b25-bd90-faf8e5b81623,Needle,999,
TOOL_HOVER,184254,12/8/2022 2:57:56 PM,0b708e6d-3fe5-4b25-bd90-faf8e5b81623,Needle,999,
TOOL_HOVER,184270,12/8/2022 2:57:56 PM,0b708e6d-3fe5-4b25-bd90-faf8e5b81623,Needle,999,
TOOL_HOVER,184287,12/8/2022 2:57:56 PM,0b708e6d-3fe5-4b25-bd90-faf8e5b81623,Needle,999,
TOOL_HOVER,184304,12/8/2022 2:57:56 PM,0b708e6d-3fe5-4b25-bd90-faf8e5b81623,Needle,999,
TOOL_HOVER,184322,12/8/2022 2:57:56 PM,0b708e6d-3fe5-4b25-bd90-faf8e5b81623,Needle,999,
TOOL_HOVER,184338,12/8/2022 2:57:56 PM,0b708e6d-3fe5-4b25-bd90-faf8e5b81623,Needle,999,
TOOL_HOVER,184353,12/8/2022 2:57:56 PM,0b708e6d-3fe5-4b25-bd90-faf8e5b81623,Needle,999,
TOOL_HOVER,184372,12/8/2022 2:57:56 PM,0b708e6d-3fe5-4b25-bd90-faf8e5b81623,Needle,999,
TOOL_HOVER,184388,12/8/2022 2:57:56 PM,0b708e6d-3fe5-4b25-bd90-faf8e5b81623,Needle,999,
TOOL_HOVER,184405,12/8/2022 2:57:56 PM,0b708e6d-3fe5-4b25-bd90-faf8e5b81623,Needle,999,
TOOL_SELECTED,184405,12/8/2022 2:57:56 PM,0b708e6d-3fe5-4b25-bd90-faf8e5b81623,Needle,998,
VOICE_CAPTURE,186708,12/8/2022 2:57:59 PM,0b708e6d-3fe5-4b25-bd90-faf8e5b81623,yeah,NA,
TOOL_DISCARDED,188212,12/8/2022 2:58:00 PM,0b708e6d-3fe5-4b25-bd90-faf8e5b81623,Needle,998,"(3.5, 0.6, 4.9)",
TOOL_HOVER,193142,12/8/2022 2:58:05 PM,0b708e6d-3fe5-4b25-bd90-faf8e5b81623,Needle,999,
TOOL_HOVER,193159,12/8/2022 2:58:05 PM,0b708e6d-3fe5-4b25-bd90-faf8e5b81623,Needle,999,
TOOL_HOVER,193176,12/8/2022 2:58:05 PM,0b708e6d-3fe5-4b25-bd90-faf8e5b81623,Needle,999,
TOOL_HOVER,193192,12/8/2022 2:58:05 PM,0b708e6d-3fe5-4b25-bd90-faf8e5b81623,Needle,999,
TOOL_HOVER,193209,12/8/2022 2:58:05 PM,0b708e6d-3fe5-4b25-bd90-faf8e5b81623,Needle,999,
TOOL_HOVER,193224,12/8/2022 2:58:05 PM,0b708e6d-3fe5-4b25-bd90-faf8e5b81623,Needle,999,
TOOL_HOVER,193242,12/8/2022 2:58:05 PM,0b708e6d-3fe5-4b25-bd90-faf8e5b81623,Needle,999,
TOOL_HOVER,193259,12/8/2022 2:58:05 PM,0b708e6d-3fe5-4b25-bd90-faf8e5b81623,Needle,999,
TOOL_HOVER,193276,12/8/2022 2:58:05 PM,0b708e6d-3fe5-4b25-bd90-faf8e5b81623,Needle,999,
TOOL_HOVER,193292,12/8/2022 2:58:05 PM,0b708e6d-3fe5-4b25-bd90-faf8e5b81623,Needle,999,
TOOL_HOVER,193309,12/8/2022 2:58:05 PM,0b708e6d-3fe5-4b25-bd90-faf8e5b81623,Needle,999,
TOOL_HOVER,193325,12/8/2022 2:58:05 PM,0b708e6d-3fe5-4b25-bd90-faf8e5b81623,Needle,999,
TOOL_HOVER,193343,12/8/2022 2:58:05 PM,0b708e6d-3fe5-4b25-bd90-faf8e5b81623,Needle,999,
TOOL_HOVER,193359,12/8/2022 2:58:05 PM,0b708e6d-3fe5-4b25-bd90-faf8e5b81623,Needle,999,
TOOL_HOVER,193376,12/8/2022 2:58:05 PM,0b708e6d-3fe5-4b25-bd90-faf8e5b81623,Needle,999,
TOOL_HOVER,193392,12/8/2022 2:58:05 PM,0b708e6d-3fe5-4b25-bd90-faf8e5b81623,Needle,999,
TOOL_HOVER,193410,12/8/2022 2:58:05 PM,0b708e6d-3fe5-4b25-bd90-faf8e5b81623,Needle,999,
TOOL_HOVER,193426,12/8/2022 2:58:05 PM,0b708e6d-3fe5-4b25-bd90-faf8e5b81623,Needle,999,
TOOL_HOVER,193444,12/8/2022 2:58:05 PM,0b708e6d-3fe5-4b25-bd90-faf8e5b81623,Needle,999,
TOOL_HOVER,193459,12/8/2022 2:58:06 PM,0b708e6d-3fe5-4b25-bd90-faf8e5b81623,Needle,999,
TOOL_HOVER,193476,12/8/2022 2:58:06 PM,0b708e6d-3fe5-4b25-bd90-faf8e5b81623,Needle,999,
TOOL_HOVER,193493,12/8/2022 2:58:06 PM,0b708e6d-3fe5-4b25-bd90-faf8e5b81623,Needle,999,
TOOL_HOVER,193509,12/8/2022 2:58:06 PM,0b708e6d-3fe5-4b25-bd90-faf8e5b81623,Needle,999,
TOOL_HOVER,193526,12/8/2022 2:58:06 PM,0b708e6d-3fe5-4b25-bd90-faf8e5b81623,Needle,999,
TOOL_HOVER,193542,12/8/2022 2:58:06 PM,0b708e6d-3fe5-4b25-bd90-faf8e5b81623,Needle,999,
TOOL_HOVER,193559,12/8/2022 2:58:06 PM,0b708e6d-3fe5-4b25-bd90-faf8e5b81623,Needle,999,
TOOL_HOVER,193576,12/8/2022 2:58:06 PM,0b708e6d-3fe5-4b25-bd90-faf8e5b81623,Needle,999,
TOOL_SELECTED,193577,12/8/2022 2:58:06 PM,0b708e6d-3fe5-4b25-bd90-faf8e5b81623,Needle,998,
TOOL_DISCARDED,198053,12/8/2022 2:58:10 PM,0b708e6d-3fe5-4b25-bd90-faf8e5b81623,Needle,998,"(3.6, 0.4, 4.9)",
TOOL_HOVER,200845,12/8/2022 2:58:13 PM,0b708e6d-3fe5-4b25-bd90-faf8e5b81623,Needle,999,
TOOL_HOVER,200861,12/8/2022 2:58:13 PM,0b708e6d-3fe5-4b25-bd90-faf8e5b81623,Needle,999,
TOOL_HOVER,200877,12/8/2022 2:58:13 PM,0b708e6d-3fe5-4b25-bd90-faf8e5b81623,Needle,999,
TOOL_HOVER,200894,12/8/2022 2:58:13 PM,0b708e6d-3fe5-4b25-bd90-faf8e5b81623,Needle,999,
TOOL_HOVER,200910,12/8/2022 2:58:13 PM,0b708e6d-3fe5-4b25-bd90-faf8e5b81623,Needle,999,
TOOL_HOVER,200927,12/8/2022 2:58:13 PM,0b708e6d-3fe5-4b25-bd90-faf8e5b81623,Needle,999,
TOOL_HOVER,200943,12/8/2022 2:58:13 PM,0b708e6d-3fe5-4b25-bd90-faf8e5b81623,Needle,999,
TOOL_HOVER,200960,12/8/2022 2:58:13 PM,0b708e6d-3fe5-4b25-bd90-faf8e5b81623,Needle,999,
TOOL_HOVER,200978,12/8/2022 2:58:13 PM,0b708e6d-3fe5-4b25-bd90-faf8e5b81623,Needle,999,
TOOL_HOVER,200994,12/8/2022 2:58:13 PM,0b708e6d-3fe5-4b25-bd90-faf8e5b81623,Needle,999,
TOOL_HOVER,201012,12/8/2022 2:58:13 PM,0b708e6d-3fe5-4b25-bd90-faf8e5b81623,Needle,999,
TOOL_HOVER,201027,12/8/2022 2:58:13 PM,0b708e6d-3fe5-4b25-bd90-faf8e5b81623,Needle,999,
TOOL_HOVER,201043,12/8/2022 2:58:13 PM,0b708e6d-3fe5-4b25-bd90-faf8e5b81623,Needle,999,
TOOL_HOVER,201062,12/8/2022 2:58:13 PM,0b708e6d-3fe5-4b25-bd90-faf8e5b81623,Needle,999,
TOOL_HOVER,201077,12/8/2022 2:58:13 PM,0b708e6d-3fe5-4b25-bd90-faf8e5b81623,Needle,999,
TOOL_HOVER,201094,12/8/2022 2:58:13 PM,0b708e6d-3fe5-4b25-bd90-faf8e5b81623,Needle,999,
TOOL_HOVER,201111,12/8/2022 2:58:13 PM,0b708e6d-3fe5-4b25-bd90-faf8e5b81623,Needle,999,
TOOL_HOVER,201127,12/8/2022 2:58:13 PM,0b708e6d-3fe5-4b25-bd90-faf8e5b81623,Needle,999,
TOOL_HOVER,201144,12/8/2022 2:58:13 PM,0b708e6d-3fe5-4b25-bd90-faf8e5b81623,Needle,999,
TOOL_SELECTED,201145,12/8/2022 2:58:13 PM,0b708e6d-3fe5-4b25-bd90-faf8e5b81623,Needle,998,
INJURY_TREATED,204897,12/8/2022 2:58:17 PM,0b708e6d-3fe5-4b25-bd90-faf8e5b81623,R Chest Collapse,Mike_3 Root,decompress,high,chest,True,False,"(0.0, 0.0, 0.0)",
TOOL_APPLIED,204897,12/8/2022 2:58:17 PM,0b708e6d-3fe5-4b25-bd90-faf8e5b81623,Needle_Decomp(Clone),Needle,RChest_Breathe1 (UnityEngine.GameObject),cath_needle (UnityEngine.GameObject),right_chest,Needle_Decomp(Clone) (UnityEngine.GameObject),AppliedDecompNeedle,
TAG_SELECTED,208070,12/8/2022 2:58:20 PM,0b708e6d-3fe5-4b25-bd90-faf8e5b81623,red,
TAG_APPLIED,211076,12/8/2022 2:58:23 PM,0b708e6d-3fe5-4b25-bd90-faf8e5b81623,Mike_3 Root,red,
PULSE_TAKEN,211844,12/8/2022 2:58:24 PM,0b708e6d-3fe5-4b25-bd90-faf8e5b81623,pulse_faint,Mike_3 Root,
BAG_CLOSED,218386,12/8/2022 2:58:30 PM,0b708e6d-3fe5-4b25-bd90-faf8e5b81623,"(3.0, 0.7, 5.1)",
TELEPORT,218386,12/8/2022 2:58:30 PM,0b708e6d-3fe5-4b25-bd90-faf8e5b81623,"(3.9, 0.0, 5.3)",
VOICE_CAPTURE,219589,12/8/2022 2:58:32 PM,0b708e6d-3fe5-4b25-bd90-faf8e5b81623,OK,NA,
PATIENT_ENGAGED,223633,12/8/2022 2:58:36 PM,0b708e6d-3fe5-4b25-bd90-faf8e5b81623,100,Infinity,Mike_0 Root,"(4.8, 0.0, -1.1)","(0.0, -0.7, 0.0, 0.7)",DELAYED,walker,normal,normal,normal,upset,sittingChair,
VOICE_CAPTURE,227775,12/8/2022 2:58:40 PM,0b708e6d-3fe5-4b25-bd90-faf8e5b81623,alright buddy OK,NA,
BAG_ACCESS,227825,12/8/2022 2:58:40 PM,0b708e6d-3fe5-4b25-bd90-faf8e5b81623,"(4.4, 0.6, -0.6)",
TOOL_HOVER,229045,12/8/2022 2:58:41 PM,0b708e6d-3fe5-4b25-bd90-faf8e5b81623,Hemostatic Gauze,999,
TOOL_HOVER,229062,12/8/2022 2:58:41 PM,0b708e6d-3fe5-4b25-bd90-faf8e5b81623,Hemostatic Gauze,999,
TOOL_HOVER,229078,12/8/2022 2:58:41 PM,0b708e6d-3fe5-4b25-bd90-faf8e5b81623,Hemostatic Gauze,999,
TOOL_HOVER,229096,12/8/2022 2:58:41 PM,0b708e6d-3fe5-4b25-bd90-faf8e5b81623,Hemostatic Gauze,999,
TOOL_HOVER,229112,12/8/2022 2:58:41 PM,0b708e6d-3fe5-4b25-bd90-faf8e5b81623,Hemostatic Gauze,999,
TOOL_HOVER,229128,12/8/2022 2:58:41 PM,0b708e6d-3fe5-4b25-bd90-faf8e5b81623,Hemostatic Gauze,999,
TOOL_HOVER,231536,12/8/2022 2:58:44 PM,0b708e6d-3fe5-4b25-bd90-faf8e5b81623,Gauze,999,
TOOL_HOVER,231552,12/8/2022 2:58:44 PM,0b708e6d-3fe5-4b25-bd90-faf8e5b81623,Gauze,999,
TOOL_HOVER,231569,12/8/2022 2:58:44 PM,0b708e6d-3fe5-4b25-bd90-faf8e5b81623,Gauze,999,
TOOL_HOVER,231586,12/8/2022 2:58:44 PM,0b708e6d-3fe5-4b25-bd90-faf8e5b81623,Gauze,999,
TOOL_HOVER,231603,12/8/2022 2:58:44 PM,0b708e6d-3fe5-4b25-bd90-faf8e5b81623,Gauze,999,
TOOL_SELECTED,231603,12/8/2022 2:58:44 PM,0b708e6d-3fe5-4b25-bd90-faf8e5b81623,Gauze,998,
TOOL_DISCARDED,234140,12/8/2022 2:58:46 PM,0b708e6d-3fe5-4b25-bd90-faf8e5b81623,Gauze,998,"(5.0, 1.1, -1.1)",
INJURY_TREATED,234141,12/8/2022 2:58:46 PM,0b708e6d-3fe5-4b25-bd90-faf8e5b81623,R Forearm Laceration,Mike_0 Root,gauzePressure,low,rightArm,True,False,"(5.0, 1.1, -1.1)",
TOOL_APPLIED,234141,12/8/2022 2:58:46 PM,0b708e6d-3fe5-4b25-bd90-faf8e5b81623,Mike_0 Root,Gauze_Dressing,skinCollider_BodyCollideLOD (UnityEngine.GameObject),null,null,AppliedDressingGauze,
TAG_SELECTED,235879,12/8/2022 2:58:48 PM,0b708e6d-3fe5-4b25-bd90-faf8e5b81623,green,
TAG_APPLIED,237801,12/8/2022 2:58:50 PM,0b708e6d-3fe5-4b25-bd90-faf8e5b81623,Mike_0 Root,green,
BAG_CLOSED,240241,12/8/2022 2:58:52 PM,0b708e6d-3fe5-4b25-bd90-faf8e5b81623,"(4.4, 0.6, -0.6)",
TELEPORT,240241,12/8/2022 2:58:52 PM,0b708e6d-3fe5-4b25-bd90-faf8e5b81623,"(5.6, 0.0, -0.8)",
VOICE_CAPTURE,248302,12/8/2022 2:59:00 PM,0b708e6d-3fe5-4b25-bd90-faf8e5b81623,anything else hurt,NA,
VOICE_COMMAND,248302,12/8/2022 2:59:00 PM,0b708e6d-3fe5-4b25-bd90-faf8e5b81623,are you hurt,anything else hurt,
VOICE_CAPTURE,250212,12/8/2022 2:59:02 PM,0b708e6d-3fe5-4b25-bd90-faf8e5b81623,OK,NA,
BAG_ACCESS,251532,12/8/2022 2:59:04 PM,0b708e6d-3fe5-4b25-bd90-faf8e5b81623,"(4.5, 0.7, -3.9)",
TOOL_HOVER,252135,12/8/2022 2:59:04 PM,0b708e6d-3fe5-4b25-bd90-faf8e5b81623,Hemostatic Gauze,999,
TOOL_HOVER,252151,12/8/2022 2:59:04 PM,0b708e6d-3fe5-4b25-bd90-faf8e5b81623,Hemostatic Gauze,999,
TOOL_HOVER,252167,12/8/2022 2:59:04 PM,0b708e6d-3fe5-4b25-bd90-faf8e5b81623,Hemostatic Gauze,999,
TOOL_HOVER,252183,12/8/2022 2:59:04 PM,0b708e6d-3fe5-4b25-bd90-faf8e5b81623,Hemostatic Gauze,999,
TOOL_HOVER,252201,12/8/2022 2:59:04 PM,0b708e6d-3fe5-4b25-bd90-faf8e5b81623,Hemostatic Gauze,999,
TOOL_HOVER,252218,12/8/2022 2:59:04 PM,0b708e6d-3fe5-4b25-bd90-faf8e5b81623,Hemostatic Gauze,999,
TOOL_HOVER,252234,12/8/2022 2:59:04 PM,0b708e6d-3fe5-4b25-bd90-faf8e5b81623,Hemostatic Gauze,999,
TOOL_HOVER,252251,12/8/2022 2:59:04 PM,0b708e6d-3fe5-4b25-bd90-faf8e5b81623,Hemostatic Gauze,999,
TOOL_HOVER,252267,12/8/2022 2:59:04 PM,0b708e6d-3fe5-4b25-bd90-faf8e5b81623,Hemostatic Gauze,999,
TOOL_HOVER,252284,12/8/2022 2:59:04 PM,0b708e6d-3fe5-4b25-bd90-faf8e5b81623,Hemostatic Gauze,999,
TOOL_HOVER,252302,12/8/2022 2:59:04 PM,0b708e6d-3fe5-4b25-bd90-faf8e5b81623,Hemostatic Gauze,999,
TOOL_HOVER,252319,12/8/2022 2:59:04 PM,0b708e6d-3fe5-4b25-bd90-faf8e5b81623,Hemostatic Gauze,999,
TOOL_HOVER,252334,12/8/2022 2:59:04 PM,0b708e6d-3fe5-4b25-bd90-faf8e5b81623,Hemostatic Gauze,999,
TOOL_HOVER,252353,12/8/2022 2:59:04 PM,0b708e6d-3fe5-4b25-bd90-faf8e5b81623,Hemostatic Gauze,999,
TOOL_HOVER,252368,12/8/2022 2:59:04 PM,0b708e6d-3fe5-4b25-bd90-faf8e5b81623,Hemostatic Gauze,999,
TOOL_HOVER,252386,12/8/2022 2:59:04 PM,0b708e6d-3fe5-4b25-bd90-faf8e5b81623,Hemostatic Gauze,999,
TOOL_HOVER,252402,12/8/2022 2:59:04 PM,0b708e6d-3fe5-4b25-bd90-faf8e5b81623,Hemostatic Gauze,999,
TOOL_HOVER,252418,12/8/2022 2:59:04 PM,0b708e6d-3fe5-4b25-bd90-faf8e5b81623,Hemostatic Gauze,999,
TOOL_HOVER,252435,12/8/2022 2:59:04 PM,0b708e6d-3fe5-4b25-bd90-faf8e5b81623,Hemostatic Gauze,999,
TOOL_HOVER,252452,12/8/2022 2:59:05 PM,0b708e6d-3fe5-4b25-bd90-faf8e5b81623,Hemostatic Gauze,999,
TOOL_HOVER,252468,12/8/2022 2:59:05 PM,0b708e6d-3fe5-4b25-bd90-faf8e5b81623,Hemostatic Gauze,999,
TOOL_HOVER,252486,12/8/2022 2:59:05 PM,0b708e6d-3fe5-4b25-bd90-faf8e5b81623,Hemostatic Gauze,999,
TOOL_HOVER,252503,12/8/2022 2:59:05 PM,0b708e6d-3fe5-4b25-bd90-faf8e5b81623,Hemostatic Gauze,999,
TOOL_HOVER,252519,12/8/2022 2:59:05 PM,0b708e6d-3fe5-4b25-bd90-faf8e5b81623,Hemostatic Gauze,999,
TOOL_HOVER,252535,12/8/2022 2:59:05 PM,0b708e6d-3fe5-4b25-bd90-faf8e5b81623,Hemostatic Gauze,999,
TOOL_HOVER,252551,12/8/2022 2:59:05 PM,0b708e6d-3fe5-4b25-bd90-faf8e5b81623,Hemostatic Gauze,999,
TOOL_HOVER,252568,12/8/2022 2:59:05 PM,0b708e6d-3fe5-4b25-bd90-faf8e5b81623,Hemostatic Gauze,999,
TOOL_HOVER,252586,12/8/2022 2:59:05 PM,0b708e6d-3fe5-4b25-bd90-faf8e5b81623,Hemostatic Gauze,999,
TOOL_HOVER,252601,12/8/2022 2:59:05 PM,0b708e6d-3fe5-4b25-bd90-faf8e5b81623,Hemostatic Gauze,999,
TOOL_HOVER,252619,12/8/2022 2:59:05 PM,0b708e6d-3fe5-4b25-bd90-faf8e5b81623,Hemostatic Gauze,999,
TOOL_HOVER,252635,12/8/2022 2:59:05 PM,0b708e6d-3fe5-4b25-bd90-faf8e5b81623,Hemostatic Gauze,999,
TOOL_HOVER,252652,12/8/2022 2:59:05 PM,0b708e6d-3fe5-4b25-bd90-faf8e5b81623,Hemostatic Gauze,999,
TOOL_HOVER,252668,12/8/2022 2:59:05 PM,0b708e6d-3fe5-4b25-bd90-faf8e5b81623,Hemostatic Gauze,999,
TOOL_HOVER,252685,12/8/2022 2:59:05 PM,0b708e6d-3fe5-4b25-bd90-faf8e5b81623,Hemostatic Gauze,999,
TOOL_SELECTED,252686,12/8/2022 2:59:05 PM,0b708e6d-3fe5-4b25-bd90-faf8e5b81623,Hemostatic Gauze,998,
TOOL_DISCARDED,253187,12/8/2022 2:59:05 PM,0b708e6d-3fe5-4b25-bd90-faf8e5b81623,Hemostatic Gauze,998,"(4.2, 0.9, -4.0)",
TOOL_DISCARDED,253187,12/8/2022 2:59:05 PM,0b708e6d-3fe5-4b25-bd90-faf8e5b81623,Hemostatic Gauze,999,"(4.2, 0.9, -4.0)",
VOICE_CAPTURE,253861,12/8/2022 2:59:06 PM,0b708e6d-3fe5-4b25-bd90-faf8e5b81623,alright OK,NA,
PATIENT_ENGAGED,254138,12/8/2022 2:59:06 PM,0b708e6d-3fe5-4b25-bd90-faf8e5b81623,100,Infinity,Mike_2 Root,"(4.8, 0.0, -4.9)","(0.0, 0.4, 0.0, -0.9)",IMMEDIATE,walker,fast,normal,normal,upset,sittingGround,
TOOL_HOVER,256644,12/8/2022 2:59:09 PM,0b708e6d-3fe5-4b25-bd90-faf8e5b81623,Hemostatic Gauze,1000,
TOOL_HOVER,256661,12/8/2022 2:59:09 PM,0b708e6d-3fe5-4b25-bd90-faf8e5b81623,Hemostatic Gauze,1000,
TOOL_HOVER,256678,12/8/2022 2:59:09 PM,0b708e6d-3fe5-4b25-bd90-faf8e5b81623,Hemostatic Gauze,1000,
TOOL_HOVER,256695,12/8/2022 2:59:09 PM,0b708e6d-3fe5-4b25-bd90-faf8e5b81623,Hemostatic Gauze,1000,
TOOL_HOVER,256713,12/8/2022 2:59:09 PM,0b708e6d-3fe5-4b25-bd90-faf8e5b81623,Hemostatic Gauze,1000,
TOOL_HOVER,256728,12/8/2022 2:59:09 PM,0b708e6d-3fe5-4b25-bd90-faf8e5b81623,Hemostatic Gauze,1000,
TOOL_HOVER,256744,12/8/2022 2:59:09 PM,0b708e6d-3fe5-4b25-bd90-faf8e5b81623,Hemostatic Gauze,1000,
TOOL_HOVER,256762,12/8/2022 2:59:09 PM,0b708e6d-3fe5-4b25-bd90-faf8e5b81623,Hemostatic Gauze,1000,
TOOL_HOVER,256778,12/8/2022 2:59:09 PM,0b708e6d-3fe5-4b25-bd90-faf8e5b81623,Hemostatic Gauze,1000,
TOOL_HOVER,256795,12/8/2022 2:59:09 PM,0b708e6d-3fe5-4b25-bd90-faf8e5b81623,Hemostatic Gauze,1000,
TOOL_HOVER,256812,12/8/2022 2:59:09 PM,0b708e6d-3fe5-4b25-bd90-faf8e5b81623,Hemostatic Gauze,1000,
TOOL_HOVER,256829,12/8/2022 2:59:09 PM,0b708e6d-3fe5-4b25-bd90-faf8e5b81623,Hemostatic Gauze,1000,
TOOL_HOVER,256845,12/8/2022 2:59:09 PM,0b708e6d-3fe5-4b25-bd90-faf8e5b81623,Hemostatic Gauze,1000,
TOOL_HOVER,256862,12/8/2022 2:59:09 PM,0b708e6d-3fe5-4b25-bd90-faf8e5b81623,Hemostatic Gauze,1000,
TOOL_HOVER,256879,12/8/2022 2:59:09 PM,0b708e6d-3fe5-4b25-bd90-faf8e5b81623,Hemostatic Gauze,1000,
TOOL_HOVER,256895,12/8/2022 2:59:09 PM,0b708e6d-3fe5-4b25-bd90-faf8e5b81623,Hemostatic Gauze,1000,
TOOL_HOVER,256911,12/8/2022 2:59:09 PM,0b708e6d-3fe5-4b25-bd90-faf8e5b81623,Hemostatic Gauze,1000,
TOOL_HOVER,256928,12/8/2022 2:59:09 PM,0b708e6d-3fe5-4b25-bd90-faf8e5b81623,Hemostatic Gauze,1000,
TOOL_HOVER,256945,12/8/2022 2:59:09 PM,0b708e6d-3fe5-4b25-bd90-faf8e5b81623,Hemostatic Gauze,1000,
TOOL_SELECTED,256945,12/8/2022 2:59:09 PM,0b708e6d-3fe5-4b25-bd90-faf8e5b81623,Hemostatic Gauze,999,
TOOL_DISCARDED,258873,12/8/2022 2:59:11 PM,0b708e6d-3fe5-4b25-bd90-faf8e5b81623,Hemostatic Gauze,999,"(5.0, 0.4, -5.0)",
INJURY_TREATED,258874,12/8/2022 2:59:11 PM,0b708e6d-3fe5-4b25-bd90-faf8e5b81623,L Shoulder Puncture,Mike_2 Root,woundpack,medium,chest,True,False,"(5.0, 0.4, -4.9)",
TOOL_APPLIED,258874,12/8/2022 2:59:11 PM,0b708e6d-3fe5-4b25-bd90-faf8e5b81623,Mike_2 Root,Gauze_Pack,skinCollider_BodyCollideLOD (UnityEngine.GameObject),null,null,AppliedPackingGauze,
PULSE_TAKEN,260352,12/8/2022 2:59:12 PM,0b708e6d-3fe5-4b25-bd90-faf8e5b81623,pulse_fast,Mike_2 Root,
PULSE_TAKEN,261757,12/8/2022 2:59:14 PM,0b708e6d-3fe5-4b25-bd90-faf8e5b81623,pulse_fast,Mike_2 Root,
TAG_SELECTED,268592,12/8/2022 2:59:21 PM,0b708e6d-3fe5-4b25-bd90-faf8e5b81623,yellow,
TAG_APPLIED,270797,12/8/2022 2:59:23 PM,0b708e6d-3fe5-4b25-bd90-faf8e5b81623,Mike_2 Root,yellow,
VOICE_CAPTURE,278231,12/8/2022 2:59:30 PM,0b708e6d-3fe5-4b25-bd90-faf8e5b81623,alright,NA,
VOICE_CAPTURE,282173,12/8/2022 2:59:34 PM,0b708e6d-3fe5-4b25-bd90-faf8e5b81623,yeah other than that whole,NA,
SESSION_END,283779,12/8/2022 2:59:36 PM,0b708e6d-3fe5-4b25-bd90-faf8e5b81623,
VOICE_CAPTURE,284928,12/8/2022 2:59:37 PM,0b708e6d-3fe5-4b25-bd90-faf8e5b81623,my size,NA,
