VOICE_CAPTURE,6254,11/30/2022 10:10:53 AM,226fae3f-5024-483b-bb07-d417e7e674c7,OK,NA,
TELEPORT,6971,11/30/2022 10:10:54 AM,226fae3f-5024-483b-bb07-d417e7e674c7,"(2.0, 0.0, 1.3)",
TELEPORT,7739,11/30/2022 10:10:55 AM,226fae3f-5024-483b-bb07-d417e7e674c7,"(2.2, 0.0, 0.9)",
TELEPORT,8475,11/30/2022 10:10:56 AM,226fae3f-5024-483b-bb07-d417e7e674c7,"(2.3, 0.0, 0.7)",
VOICE_CAPTURE,13804,11/30/2022 10:11:01 AM,226fae3f-5024-483b-bb07-d417e7e674c7,yeah,NA,
TELEPORT,17263,11/30/2022 10:11:04 AM,226fae3f-5024-483b-bb07-d417e7e674c7,"(2.4, 0.0, 0.9)",
TELEPORT,18766,11/30/2022 10:11:06 AM,226fae3f-5024-483b-bb07-d417e7e674c7,"(2.4, 0.0, 0.9)",
TELEPORT,20221,11/30/2022 10:11:07 AM,226fae3f-5024-483b-bb07-d417e7e674c7,"(2.4, 0.0, 0.9)",
TELEPORT,21456,11/30/2022 10:11:09 AM,226fae3f-5024-483b-bb07-d417e7e674c7,"(2.4, 0.0, 0.9)",
TELEPORT,24899,11/30/2022 10:11:12 AM,226fae3f-5024-483b-bb07-d417e7e674c7,"(2.4, 0.0, 0.9)",
VOICE_CAPTURE,26360,11/30/2022 10:11:13 AM,226fae3f-5024-483b-bb07-d417e7e674c7,oh OK,NA,
VOICE_CAPTURE,28964,11/30/2022 10:11:16 AM,226fae3f-5024-483b-bb07-d417e7e674c7,OK,NA,
TELEPORT,32508,11/30/2022 10:11:20 AM,226fae3f-5024-483b-bb07-d417e7e674c7,"(-0.2, 0.0, -10.3)",
VOICE_CAPTURE,32841,11/30/2022 10:11:20 AM,226fae3f-5024-483b-bb07-d417e7e674c7,gotcha,NA,
VOICE_CAPTURE,36918,11/30/2022 10:11:24 AM,226fae3f-5024-483b-bb07-d417e7e674c7,OK,NA,
VOICE_CAPTURE,40159,11/30/2022 10:11:27 AM,226fae3f-5024-483b-bb07-d417e7e674c7,yeah i think so,NA,
TELEPORT,44804,11/30/2022 10:11:32 AM,226fae3f-5024-483b-bb07-d417e7e674c7,"(0.9, 0.0, -0.7)",
TELEPORT,47244,11/30/2022 10:11:34 AM,226fae3f-5024-483b-bb07-d417e7e674c7,"(1.0, 0.0, 9.6)",
TELEPORT,48580,11/30/2022 10:11:36 AM,226fae3f-5024-483b-bb07-d417e7e674c7,"(0.7, 0.0, 19.9)",
TELEPORT,50452,11/30/2022 10:11:38 AM,226fae3f-5024-483b-bb07-d417e7e674c7,"(-0.2, 0.0, 30.6)",
TELEPORT,51487,11/30/2022 10:11:39 AM,226fae3f-5024-483b-bb07-d417e7e674c7,"(-0.2, 0.0, 30.6)",
TELEPORT,57017,11/30/2022 10:11:44 AM,226fae3f-5024-483b-bb07-d417e7e674c7,"(2.5, 0.0, 30.9)",
TELEPORT,64068,11/30/2022 10:11:51 AM,226fae3f-5024-483b-bb07-d417e7e674c7,"(2.8, 0.0, 30.6)",
VOICE_CAPTURE,64568,11/30/2022 10:11:52 AM,226fae3f-5024-483b-bb07-d417e7e674c7,a little bit more,NA,
VOICE_CAPTURE,66139,11/30/2022 10:11:53 AM,226fae3f-5024-483b-bb07-d417e7e674c7,OK,NA,
TELEPORT,66625,11/30/2022 10:11:54 AM,226fae3f-5024-483b-bb07-d417e7e674c7,"(0.6, 0.0, 19.8)",
TELEPORT,67960,11/30/2022 10:11:55 AM,226fae3f-5024-483b-bb07-d417e7e674c7,"(0.3, 0.0, 8.9)",
TELEPORT,68896,11/30/2022 10:11:56 AM,226fae3f-5024-483b-bb07-d417e7e674c7,"(0.3, 0.0, 8.9)",
TELEPORT,70466,11/30/2022 10:11:58 AM,226fae3f-5024-483b-bb07-d417e7e674c7,"(3.0, 0.0, 0.7)",
TELEPORT,71770,11/30/2022 10:11:59 AM,226fae3f-5024-483b-bb07-d417e7e674c7,"(3.0, 0.0, 0.7)",
TELEPORT,72404,11/30/2022 10:12:00 AM,226fae3f-5024-483b-bb07-d417e7e674c7,"(3.3, 0.0, 0.5)",
PATIENT_ENGAGED,72989,11/30/2022 10:12:00 AM,226fae3f-5024-483b-bb07-d417e7e674c7,100,128,Mike Root,"(3.3, 0.0, -1.1)","(0.0, 0.0, 0.0, -1.0)",MINIMAL,walker,normal,normal,normal,calm,standing,
TELEPORT,73457,11/30/2022 10:12:01 AM,226fae3f-5024-483b-bb07-d417e7e674c7,"(3.1, 0.0, 0.5)",
VOICE_CAPTURE,74442,11/30/2022 10:12:02 AM,226fae3f-5024-483b-bb07-d417e7e674c7,talk to them,NA,
VOICE_CAPTURE,80005,11/30/2022 10:12:07 AM,226fae3f-5024-483b-bb07-d417e7e674c7,no,NA,
TELEPORT,85312,11/30/2022 10:12:12 AM,226fae3f-5024-483b-bb07-d417e7e674c7,"(2.5, 0.0, 0.8)",
PULSE_TAKEN,87416,11/30/2022 10:12:15 AM,226fae3f-5024-483b-bb07-d417e7e674c7,pulse_normal,Mike Root,
TELEPORT,88151,11/30/2022 10:12:15 AM,226fae3f-5024-483b-bb07-d417e7e674c7,"(2.7, 0.0, -0.7)",
PULSE_TAKEN,88568,11/30/2022 10:12:16 AM,226fae3f-5024-483b-bb07-d417e7e674c7,pulse_normal,Mike Root,
PULSE_TAKEN,89186,11/30/2022 10:12:16 AM,226fae3f-5024-483b-bb07-d417e7e674c7,pulse_normal,Mike Root,
PULSE_TAKEN,99018,11/30/2022 10:12:26 AM,226fae3f-5024-483b-bb07-d417e7e674c7,pulse_normal,Mike Root,
PULSE_TAKEN,100338,11/30/2022 10:12:27 AM,226fae3f-5024-483b-bb07-d417e7e674c7,pulse_normal,Mike Root,
VOICE_CAPTURE,114889,11/30/2022 10:12:42 AM,226fae3f-5024-483b-bb07-d417e7e674c7,do that,NA,
VOICE_CAPTURE,120035,11/30/2022 10:12:47 AM,226fae3f-5024-483b-bb07-d417e7e674c7,do you have that,NA,
PULSE_TAKEN,125900,11/30/2022 10:12:53 AM,226fae3f-5024-483b-bb07-d417e7e674c7,pulse_normal,Mike Root,
VOICE_CAPTURE,131889,11/30/2022 10:12:59 AM,226fae3f-5024-483b-bb07-d417e7e674c7,under 30,NA,
VOICE_CAPTURE,136768,11/30/2022 10:13:04 AM,226fae3f-5024-483b-bb07-d417e7e674c7,over 2 seconds,NA,
VOICE_CAPTURE,164476,11/30/2022 10:13:32 AM,226fae3f-5024-483b-bb07-d417e7e674c7,so,NA,
PULSE_TAKEN,169989,11/30/2022 10:13:37 AM,226fae3f-5024-483b-bb07-d417e7e674c7,pulse_normal,Mike Root,
VOICE_CAPTURE,185611,11/30/2022 10:13:53 AM,226fae3f-5024-483b-bb07-d417e7e674c7,right now on your right hip there's a white kid,NA,
VOICE_CAPTURE,186647,11/30/2022 10:13:54 AM,226fae3f-5024-483b-bb07-d417e7e674c7,yep sorta,NA,
VOICE_CAPTURE,189204,11/30/2022 10:13:56 AM,226fae3f-5024-483b-bb07-d417e7e674c7,is it tight,NA,
VOICE_CAPTURE,193362,11/30/2022 10:14:00 AM,226fae3f-5024-483b-bb07-d417e7e674c7,can you do this down a little bit lower on your back,NA,
VOICE_CAPTURE,196654,11/30/2022 10:14:04 AM,226fae3f-5024-483b-bb07-d417e7e674c7,yeah grab it,NA,
TELEPORT,199612,11/30/2022 10:14:07 AM,226fae3f-5024-483b-bb07-d417e7e674c7,"(2.7, 0.0, -0.7)",
VOICE_CAPTURE,203855,11/30/2022 10:14:11 AM,226fae3f-5024-483b-bb07-d417e7e674c7,put it wherever you want,NA,
VOICE_CAPTURE,211758,11/30/2022 10:14:19 AM,226fae3f-5024-483b-bb07-d417e7e674c7,OK so what's inside your bag now so to the at the top section there on the left,NA,
VOICE_CAPTURE,215002,11/30/2022 10:14:22 AM,226fae3f-5024-483b-bb07-d417e7e674c7,you got your,NA,
TOOL_HOVER,220317,11/30/2022 10:14:27 AM,226fae3f-5024-483b-bb07-d417e7e674c7,Gauze,999,
TOOL_HOVER,220330,11/30/2022 10:14:27 AM,226fae3f-5024-483b-bb07-d417e7e674c7,Gauze,999,
TOOL_HOVER,220347,11/30/2022 10:14:27 AM,226fae3f-5024-483b-bb07-d417e7e674c7,Gauze,999,
TOOL_HOVER,220362,11/30/2022 10:14:27 AM,226fae3f-5024-483b-bb07-d417e7e674c7,Gauze,999,
TOOL_HOVER,220379,11/30/2022 10:14:27 AM,226fae3f-5024-483b-bb07-d417e7e674c7,Gauze,999,
TOOL_HOVER,220396,11/30/2022 10:14:28 AM,226fae3f-5024-483b-bb07-d417e7e674c7,Gauze,999,
TOOL_HOVER,220415,11/30/2022 10:14:28 AM,226fae3f-5024-483b-bb07-d417e7e674c7,Gauze,999,
TOOL_HOVER,220429,11/30/2022 10:14:28 AM,226fae3f-5024-483b-bb07-d417e7e674c7,Gauze,999,
TOOL_HOVER,220446,11/30/2022 10:14:28 AM,226fae3f-5024-483b-bb07-d417e7e674c7,Gauze,999,
TOOL_HOVER,220463,11/30/2022 10:14:28 AM,226fae3f-5024-483b-bb07-d417e7e674c7,Gauze,999,
TOOL_HOVER,220480,11/30/2022 10:14:28 AM,226fae3f-5024-483b-bb07-d417e7e674c7,Gauze,999,
TOOL_HOVER,220495,11/30/2022 10:14:28 AM,226fae3f-5024-483b-bb07-d417e7e674c7,Gauze,999,
TOOL_HOVER,220512,11/30/2022 10:14:28 AM,226fae3f-5024-483b-bb07-d417e7e674c7,Gauze,999,
TOOL_HOVER,220529,11/30/2022 10:14:28 AM,226fae3f-5024-483b-bb07-d417e7e674c7,Gauze,999,
TOOL_HOVER,220546,11/30/2022 10:14:28 AM,226fae3f-5024-483b-bb07-d417e7e674c7,Gauze,999,
TOOL_HOVER,220563,11/30/2022 10:14:28 AM,226fae3f-5024-483b-bb07-d417e7e674c7,Gauze,999,
TOOL_HOVER,220579,11/30/2022 10:14:28 AM,226fae3f-5024-483b-bb07-d417e7e674c7,Gauze,999,
TOOL_HOVER,220596,11/30/2022 10:14:28 AM,226fae3f-5024-483b-bb07-d417e7e674c7,Gauze,999,
TOOL_HOVER,220613,11/30/2022 10:14:28 AM,226fae3f-5024-483b-bb07-d417e7e674c7,Tourniquet,999,
TOOL_HOVER,220630,11/30/2022 10:14:28 AM,226fae3f-5024-483b-bb07-d417e7e674c7,Tourniquet,999,
TOOL_HOVER,220646,11/30/2022 10:14:28 AM,226fae3f-5024-483b-bb07-d417e7e674c7,Tourniquet,999,
TOOL_HOVER,220664,11/30/2022 10:14:28 AM,226fae3f-5024-483b-bb07-d417e7e674c7,Tourniquet,999,
TOOL_HOVER,220680,11/30/2022 10:14:28 AM,226fae3f-5024-483b-bb07-d417e7e674c7,Tourniquet,999,
TOOL_HOVER,220697,11/30/2022 10:14:28 AM,226fae3f-5024-483b-bb07-d417e7e674c7,Tourniquet,999,
TOOL_HOVER,220714,11/30/2022 10:14:28 AM,226fae3f-5024-483b-bb07-d417e7e674c7,Tourniquet,999,
TOOL_HOVER,220731,11/30/2022 10:14:28 AM,226fae3f-5024-483b-bb07-d417e7e674c7,Tourniquet,999,
TOOL_HOVER,220749,11/30/2022 10:14:28 AM,226fae3f-5024-483b-bb07-d417e7e674c7,Tourniquet,999,
TOOL_HOVER,220764,11/30/2022 10:14:28 AM,226fae3f-5024-483b-bb07-d417e7e674c7,Tourniquet,999,
TOOL_HOVER,220781,11/30/2022 10:14:28 AM,226fae3f-5024-483b-bb07-d417e7e674c7,Tourniquet,999,
TOOL_HOVER,220797,11/30/2022 10:14:28 AM,226fae3f-5024-483b-bb07-d417e7e674c7,Tourniquet,999,
TOOL_HOVER,220813,11/30/2022 10:14:28 AM,226fae3f-5024-483b-bb07-d417e7e674c7,Tourniquet,999,
TOOL_HOVER,220830,11/30/2022 10:14:28 AM,226fae3f-5024-483b-bb07-d417e7e674c7,Tourniquet,999,
TOOL_HOVER,220846,11/30/2022 10:14:28 AM,226fae3f-5024-483b-bb07-d417e7e674c7,Tourniquet,999,
TOOL_HOVER,220863,11/30/2022 10:14:28 AM,226fae3f-5024-483b-bb07-d417e7e674c7,Tourniquet,999,
TOOL_HOVER,220881,11/30/2022 10:14:28 AM,226fae3f-5024-483b-bb07-d417e7e674c7,Tourniquet,999,
TOOL_HOVER,220898,11/30/2022 10:14:28 AM,226fae3f-5024-483b-bb07-d417e7e674c7,Tourniquet,999,
TOOL_HOVER,220914,11/30/2022 10:14:28 AM,226fae3f-5024-483b-bb07-d417e7e674c7,Tourniquet,999,
TOOL_SELECTED,220917,11/30/2022 10:14:28 AM,226fae3f-5024-483b-bb07-d417e7e674c7,Tourniquet,998,
TELEPORT,220946,11/30/2022 10:14:28 AM,226fae3f-5024-483b-bb07-d417e7e674c7,"(2.2, 0.0, -1.3)",
TOOL_DISCARDED,224375,11/30/2022 10:14:31 AM,226fae3f-5024-483b-bb07-d417e7e674c7,Tourniquet,998,"(1.9, 1.3, -1.8)",
BAG_ACCESS,225424,11/30/2022 10:14:33 AM,226fae3f-5024-483b-bb07-d417e7e674c7,"(2.2, 0.8, -1.5)",
VOICE_CAPTURE,225908,11/30/2022 10:14:33 AM,226fae3f-5024-483b-bb07-d417e7e674c7,OK,NA,
VOICE_CAPTURE,242516,11/30/2022 10:14:50 AM,226fae3f-5024-483b-bb07-d417e7e674c7,and then,NA,
VOICE_CAPTURE,252199,11/30/2022 10:14:59 AM,226fae3f-5024-483b-bb07-d417e7e674c7,OK,NA,
VOICE_CAPTURE,286902,11/30/2022 10:15:34 AM,226fae3f-5024-483b-bb07-d417e7e674c7,OK,NA,
VOICE_CAPTURE,290774,11/30/2022 10:15:38 AM,226fae3f-5024-483b-bb07-d417e7e674c7,alright so what's the scenario here,NA,
BAG_CLOSED,292949,11/30/2022 10:15:40 AM,226fae3f-5024-483b-bb07-d417e7e674c7,"(2.2, 0.8, -1.5)",
PATIENT_DEMOTED,293182,11/30/2022 10:15:40 AM,226fae3f-5024-483b-bb07-d417e7e674c7,100,Infinity,Mike_0 Root,"(2.6, 0.0, -0.6)","(0.0, 0.7, 0.0, -0.7)",DELAYED,walker,normal,normal,normal,upset,sittingGround,
VOICE_CAPTURE,293449,11/30/2022 10:15:41 AM,226fae3f-5024-483b-bb07-d417e7e674c7,OK,NA,
PATIENT_DEMOTED,293824,11/30/2022 10:15:41 AM,226fae3f-5024-483b-bb07-d417e7e674c7,100,Infinity,Mike_1 Root,"(2.6, 0.0, 0.1)","(0.0, 0.7, 0.0, -0.7)",IMMEDIATE,waver,normal,normal,normal,upset,recovery,
PATIENT_DEMOTED,294474,11/30/2022 10:15:42 AM,226fae3f-5024-483b-bb07-d417e7e674c7,100,Infinity,Mike_2 Root,"(2.6, 0.0, 2.4)","(0.0, 0.7, 0.0, -0.7)",IMMEDIATE,walker,fast,normal,normal,upset,sittingGround,
PATIENT_DEMOTED,295134,11/30/2022 10:15:42 AM,226fae3f-5024-483b-bb07-d417e7e674c7,100,128,Mike_3 Root,"(3.0, 0.0, 4.3)","(0.0, 0.7, 0.0, -0.7)",IMMEDIATE,still,faint,collapsedRight,normal,unresponsive,supine,
SESSION_START,297443,11/30/2022 10:15:45 AM,226fae3f-5024-483b-bb07-d417e7e674c7,
PATIENT_RECORD,297444,11/30/2022 10:15:45 AM,226fae3f-5024-483b-bb07-d417e7e674c7,100,Infinity,Mike_0 Root,"(2.6, 0.0, -1.4)","(0.0, 0.7, 0.0, -0.7)",DELAYED,walker,normal,normal,normal,upset,sittingGround,
INJURY_RECORD,297444,11/30/2022 10:15:45 AM,226fae3f-5024-483b-bb07-d417e7e674c7,R Forearm Laceration,Mike_0 Root,gauzePressure,low,rightArm,False,False,"(2.7, 1.4, -0.9)",
PATIENT_RECORD,297444,11/30/2022 10:15:45 AM,226fae3f-5024-483b-bb07-d417e7e674c7,100,Infinity,Mike_1 Root,"(2.9, 0.0, 0.1)","(0.0, 0.7, 0.0, -0.7)",IMMEDIATE,waver,normal,normal,normal,upset,recovery,
INJURY_RECORD,297444,11/30/2022 10:15:45 AM,226fae3f-5024-483b-bb07-d417e7e674c7,L Thigh Laceration,Mike_1 Root,tourniquet,medium,leftLeg,False,False,"(2.8, 0.7, -0.1)",
PATIENT_RECORD,297444,11/30/2022 10:15:45 AM,226fae3f-5024-483b-bb07-d417e7e674c7,100,Infinity,Mike_2 Root,"(3.1, 0.0, 2.2)","(0.0, 0.7, 0.0, -0.7)",IMMEDIATE,walker,fast,normal,normal,upset,sittingGround,
INJURY_RECORD,297444,11/30/2022 10:15:45 AM,226fae3f-5024-483b-bb07-d417e7e674c7,L Shoulder Puncture,Mike_2 Root,woundpack,medium,chest,False,False,"(3.1, 1.4, 2.1)",
PATIENT_RECORD,297444,11/30/2022 10:15:45 AM,226fae3f-5024-483b-bb07-d417e7e674c7,100,128,Mike_3 Root,"(3.2, 0.0, 4.3)","(0.0, 0.7, 0.0, -0.7)",IMMEDIATE,still,faint,collapsedRight,normal,unresponsive,supine,
INJURY_RECORD,297444,11/30/2022 10:15:45 AM,226fae3f-5024-483b-bb07-d417e7e674c7,R Chest Collapse,Mike_3 Root,decompress,high,chest,False,False,"(0.0, 0.0, 0.0)",
VOICE_CAPTURE,303858,11/30/2022 10:15:51 AM,226fae3f-5024-483b-bb07-d417e7e674c7,OK,NA,
VOICE_CAPTURE,307256,11/30/2022 10:15:54 AM,226fae3f-5024-483b-bb07-d417e7e674c7,so then just kind of go into it,NA,
VOICE_CAPTURE,311282,11/30/2022 10:15:58 AM,226fae3f-5024-483b-bb07-d417e7e674c7,alright can anybody walk,NA,
VOICE_COMMAND,311282,11/30/2022 10:15:58 AM,226fae3f-5024-483b-bb07-d417e7e674c7,walk to the safe area,alright can anybody walk,
S_A_L_T_WALK_IF_CAN,311284,11/30/2022 10:15:58 AM,226fae3f-5024-483b-bb07-d417e7e674c7,"(2.6, 0.0, -1.4)",walkIfCan,Mike_0 Root,
S_A_L_T_WALKED,311284,11/30/2022 10:15:58 AM,226fae3f-5024-483b-bb07-d417e7e674c7,"(2.6, 0.0, -1.4)",walked,Mike_0 Root,
S_A_L_T_WALK_IF_CAN,311285,11/30/2022 10:15:58 AM,226fae3f-5024-483b-bb07-d417e7e674c7,"(2.9, 0.0, 0.1)",walkIfCan,Mike_1 Root,
S_A_L_T_WALK_IF_CAN,311285,11/30/2022 10:15:58 AM,226fae3f-5024-483b-bb07-d417e7e674c7,"(3.1, 0.0, 2.2)",walkIfCan,Mike_2 Root,
S_A_L_T_WALKED,311285,11/30/2022 10:15:58 AM,226fae3f-5024-483b-bb07-d417e7e674c7,"(3.1, 0.0, 2.2)",walked,Mike_2 Root,
PATIENT_ENGAGED,311300,11/30/2022 10:15:58 AM,226fae3f-5024-483b-bb07-d417e7e674c7,100,Infinity,Mike_0 Root,"(2.6, 0.0, -1.4)","(0.0, 0.7, 0.0, -0.7)",DELAYED,walker,normal,normal,normal,upset,standing,
VOICE_CAPTURE,312368,11/30/2022 10:15:59 AM,226fae3f-5024-483b-bb07-d417e7e674c7,no,NA,
VOICE_CAPTURE,313605,11/30/2022 10:16:01 AM,226fae3f-5024-483b-bb07-d417e7e674c7,sir,NA,
VOICE_CAPTURE,315927,11/30/2022 10:16:03 AM,226fae3f-5024-483b-bb07-d417e7e674c7,OK sorry,NA,
TELEPORT,318467,11/30/2022 10:16:06 AM,226fae3f-5024-483b-bb07-d417e7e674c7,"(0.5, 0.0, -3.2)",
TELEPORT,320204,11/30/2022 10:16:07 AM,226fae3f-5024-483b-bb07-d417e7e674c7,"(0.6, 0.0, -3.1)",
VOICE_CAPTURE,320772,11/30/2022 10:16:08 AM,226fae3f-5024-483b-bb07-d417e7e674c7,gotcha gotcha,NA,
TELEPORT,322761,11/30/2022 10:16:10 AM,226fae3f-5024-483b-bb07-d417e7e674c7,"(0.4, 0.0, -3.0)",
VOICE_CAPTURE,323011,11/30/2022 10:16:10 AM,226fae3f-5024-483b-bb07-d417e7e674c7,alright good call yeah you know,NA,
VOICE_CAPTURE,324414,11/30/2022 10:16:12 AM,226fae3f-5024-483b-bb07-d417e7e674c7,hi,NA,
TELEPORT,325100,11/30/2022 10:16:12 AM,226fae3f-5024-483b-bb07-d417e7e674c7,"(1.1, 0.0, -1.7)",
PATIENT_ENGAGED,327146,11/30/2022 10:16:14 AM,226fae3f-5024-483b-bb07-d417e7e674c7,100,Infinity,Mike_1 Root,"(2.9, 0.0, 0.1)","(0.0, 0.7, 0.0, -0.7)",IMMEDIATE,waver,normal,normal,normal,upset,recovery,
TELEPORT,327925,11/30/2022 10:16:15 AM,226fae3f-5024-483b-bb07-d417e7e674c7,"(1.5, 0.0, -1.0)",
TELEPORT,331326,11/30/2022 10:16:18 AM,226fae3f-5024-483b-bb07-d417e7e674c7,"(1.8, 0.0, -1.0)",
BAG_ACCESS,332050,11/30/2022 10:16:19 AM,226fae3f-5024-483b-bb07-d417e7e674c7,"(2.1, 0.5, 0.1)",
TOOL_HOVER,334509,11/30/2022 10:16:22 AM,226fae3f-5024-483b-bb07-d417e7e674c7,Tourniquet,999,
TOOL_HOVER,334527,11/30/2022 10:16:22 AM,226fae3f-5024-483b-bb07-d417e7e674c7,Tourniquet,999,
TOOL_HOVER,334545,11/30/2022 10:16:22 AM,226fae3f-5024-483b-bb07-d417e7e674c7,Tourniquet,999,
TOOL_HOVER,334564,11/30/2022 10:16:22 AM,226fae3f-5024-483b-bb07-d417e7e674c7,Tourniquet,999,
TOOL_HOVER,334584,11/30/2022 10:16:22 AM,226fae3f-5024-483b-bb07-d417e7e674c7,Tourniquet,999,
TOOL_HOVER,334603,11/30/2022 10:16:22 AM,226fae3f-5024-483b-bb07-d417e7e674c7,Tourniquet,999,
TOOL_HOVER,334622,11/30/2022 10:16:22 AM,226fae3f-5024-483b-bb07-d417e7e674c7,Tourniquet,999,
TOOL_HOVER,334641,11/30/2022 10:16:22 AM,226fae3f-5024-483b-bb07-d417e7e674c7,Tourniquet,999,
TOOL_HOVER,334660,11/30/2022 10:16:22 AM,226fae3f-5024-483b-bb07-d417e7e674c7,Tourniquet,999,
TOOL_SELECTED,334661,11/30/2022 10:16:22 AM,226fae3f-5024-483b-bb07-d417e7e674c7,Tourniquet,998,
INJURY_TREATED,346318,11/30/2022 10:16:33 AM,226fae3f-5024-483b-bb07-d417e7e674c7,L Thigh Laceration,Mike_1 Root,tourniquet,medium,leftLeg,True,False,"(2.8, 0.3, 0.4)",
TOOL_APPLIED,346319,11/30/2022 10:16:33 AM,226fae3f-5024-483b-bb07-d417e7e674c7,Mike_1 Root,Tourniquet,LeftUpLeg (UnityEngine.GameObject),tor_ring (1) (UnityEngine.GameObject),tourniquet(Clone) (UnityEngine.GameObject),AppliedTourniquet,
TAG_SELECTED,350896,11/30/2022 10:16:38 AM,226fae3f-5024-483b-bb07-d417e7e674c7,red,
TAG_DISCARDED,351415,11/30/2022 10:16:39 AM,226fae3f-5024-483b-bb07-d417e7e674c7,red,"(2.3, 0.3, 0.0)",
PULSE_TAKEN,356659,11/30/2022 10:16:44 AM,226fae3f-5024-483b-bb07-d417e7e674c7,pulse_normal,Mike_1 Root,
PULSE_TAKEN,360852,11/30/2022 10:16:48 AM,226fae3f-5024-483b-bb07-d417e7e674c7,pulse_normal,Mike_1 Root,
PULSE_TAKEN,361571,11/30/2022 10:16:49 AM,226fae3f-5024-483b-bb07-d417e7e674c7,pulse_normal,Mike_1 Root,
PULSE_TAKEN,369792,11/30/2022 10:16:57 AM,226fae3f-5024-483b-bb07-d417e7e674c7,pulse_normal,Mike_1 Root,
PULSE_TAKEN,373500,11/30/2022 10:17:01 AM,226fae3f-5024-483b-bb07-d417e7e674c7,pulse_normal,Mike_1 Root,
PULSE_TAKEN,375222,11/30/2022 10:17:02 AM,226fae3f-5024-483b-bb07-d417e7e674c7,pulse_normal,Mike_1 Root,
PULSE_TAKEN,376073,11/30/2022 10:17:03 AM,226fae3f-5024-483b-bb07-d417e7e674c7,pulse_normal,Mike_1 Root,
TAG_SELECTED,381236,11/30/2022 10:17:08 AM,226fae3f-5024-483b-bb07-d417e7e674c7,red,
BAG_CLOSED,381253,11/30/2022 10:17:08 AM,226fae3f-5024-483b-bb07-d417e7e674c7,"(2.1, 0.4, 0.1)",
TELEPORT,381254,11/30/2022 10:17:08 AM,226fae3f-5024-483b-bb07-d417e7e674c7,"(1.8, 0.0, -1.0)",
TAG_DISCARDED,382689,11/30/2022 10:17:10 AM,226fae3f-5024-483b-bb07-d417e7e674c7,red,"(2.5, 0.2, 0.1)",
BAG_ACCESS,387484,11/30/2022 10:17:15 AM,226fae3f-5024-483b-bb07-d417e7e674c7,"(2.2, 0.4, 0.5)",
TAG_SELECTED,388638,11/30/2022 10:17:16 AM,226fae3f-5024-483b-bb07-d417e7e674c7,red,
TAG_APPLIED,391043,11/30/2022 10:17:18 AM,226fae3f-5024-483b-bb07-d417e7e674c7,Mike_1 Root,red,
BAG_CLOSED,393248,11/30/2022 10:17:20 AM,226fae3f-5024-483b-bb07-d417e7e674c7,"(2.2, 0.4, 0.5)",
TELEPORT,393248,11/30/2022 10:17:20 AM,226fae3f-5024-483b-bb07-d417e7e674c7,"(1.9, 0.0, -1.2)",
TELEPORT,400449,11/30/2022 10:17:28 AM,226fae3f-5024-483b-bb07-d417e7e674c7,"(1.5, 0.0, -0.1)",
TELEPORT,409119,11/30/2022 10:17:36 AM,226fae3f-5024-483b-bb07-d417e7e674c7,"(2.8, 0.0, 4.5)",
TELEPORT,409721,11/30/2022 10:17:37 AM,226fae3f-5024-483b-bb07-d417e7e674c7,"(3.0, 0.0, 4.6)",
BAG_ACCESS,410777,11/30/2022 10:17:38 AM,226fae3f-5024-483b-bb07-d417e7e674c7,"(2.8, 0.8, 5.0)",
TAG_SELECTED,414584,11/30/2022 10:17:42 AM,226fae3f-5024-483b-bb07-d417e7e674c7,red,
TAG_DISCARDED,415035,11/30/2022 10:17:42 AM,226fae3f-5024-483b-bb07-d417e7e674c7,red,"(2.7, 0.8, 4.9)",
BAG_CLOSED,415518,11/30/2022 10:17:43 AM,226fae3f-5024-483b-bb07-d417e7e674c7,"(2.8, 0.8, 5.0)",
TELEPORT,415518,11/30/2022 10:17:43 AM,226fae3f-5024-483b-bb07-d417e7e674c7,"(3.0, 0.0, 4.6)",
PATIENT_ENGAGED,417809,11/30/2022 10:17:45 AM,226fae3f-5024-483b-bb07-d417e7e674c7,100,128,Mike_3 Root,"(3.2, 0.0, 4.3)","(0.0, 0.7, 0.0, -0.7)",IMMEDIATE,still,faint,collapsedRight,normal,unresponsive,supine,
BAG_ACCESS,419328,11/30/2022 10:17:46 AM,226fae3f-5024-483b-bb07-d417e7e674c7,"(2.8, 0.4, 5.3)",
PULSE_TAKEN,421616,11/30/2022 10:17:49 AM,226fae3f-5024-483b-bb07-d417e7e674c7,pulse_faint,Mike_3 Root,
TAG_SELECTED,450721,11/30/2022 10:18:18 AM,226fae3f-5024-483b-bb07-d417e7e674c7,gray,
TAG_DISCARDED,451305,11/30/2022 10:18:18 AM,226fae3f-5024-483b-bb07-d417e7e674c7,gray,"(2.9, 0.5, 4.9)",
TOOL_HOVER,452609,11/30/2022 10:18:20 AM,226fae3f-5024-483b-bb07-d417e7e674c7,Needle,999,
TOOL_HOVER,452626,11/30/2022 10:18:20 AM,226fae3f-5024-483b-bb07-d417e7e674c7,Needle,999,
TOOL_HOVER,452642,11/30/2022 10:18:20 AM,226fae3f-5024-483b-bb07-d417e7e674c7,Needle,999,
TOOL_HOVER,452659,11/30/2022 10:18:20 AM,226fae3f-5024-483b-bb07-d417e7e674c7,Needle,999,
TOOL_HOVER,452676,11/30/2022 10:18:20 AM,226fae3f-5024-483b-bb07-d417e7e674c7,Needle,999,
TOOL_HOVER,452692,11/30/2022 10:18:20 AM,226fae3f-5024-483b-bb07-d417e7e674c7,Needle,999,
TOOL_HOVER,452709,11/30/2022 10:18:20 AM,226fae3f-5024-483b-bb07-d417e7e674c7,Needle,999,
TOOL_HOVER,452726,11/30/2022 10:18:20 AM,226fae3f-5024-483b-bb07-d417e7e674c7,Needle,999,
TOOL_HOVER,452742,11/30/2022 10:18:20 AM,226fae3f-5024-483b-bb07-d417e7e674c7,Needle,999,
TOOL_HOVER,452760,11/30/2022 10:18:20 AM,226fae3f-5024-483b-bb07-d417e7e674c7,Needle,999,
TOOL_HOVER,452776,11/30/2022 10:18:20 AM,226fae3f-5024-483b-bb07-d417e7e674c7,Needle,999,
TOOL_SELECTED,452777,11/30/2022 10:18:20 AM,226fae3f-5024-483b-bb07-d417e7e674c7,Needle,998,
INJURY_TREATED,455920,11/30/2022 10:18:23 AM,226fae3f-5024-483b-bb07-d417e7e674c7,R Chest Collapse,Mike_3 Root,decompress,high,chest,True,False,"(0.0, 0.0, 0.0)",
TOOL_APPLIED,455920,11/30/2022 10:18:23 AM,226fae3f-5024-483b-bb07-d417e7e674c7,Needle_Decomp(Clone),Needle,RChest_Breathe1 (UnityEngine.GameObject),cath_needle (UnityEngine.GameObject),right_chest,Needle_Decomp(Clone) (UnityEngine.GameObject),AppliedDecompNeedle,
PULSE_TAKEN,465155,11/30/2022 10:18:32 AM,226fae3f-5024-483b-bb07-d417e7e674c7,pulse_faint,Mike_3 Root,
TAG_SELECTED,469416,11/30/2022 10:18:37 AM,226fae3f-5024-483b-bb07-d417e7e674c7,gray,
TAG_DISCARDED,469833,11/30/2022 10:18:37 AM,226fae3f-5024-483b-bb07-d417e7e674c7,gray,"(2.9, 0.4, 5.0)",
TAG_SELECTED,470419,11/30/2022 10:18:38 AM,226fae3f-5024-483b-bb07-d417e7e674c7,yellow,
TAG_APPLIED,470953,11/30/2022 10:18:38 AM,226fae3f-5024-483b-bb07-d417e7e674c7,Mike_3 Root,yellow,
TAG_SELECTED,472039,11/30/2022 10:18:39 AM,226fae3f-5024-483b-bb07-d417e7e674c7,red,
TAG_APPLIED,475414,11/30/2022 10:18:43 AM,226fae3f-5024-483b-bb07-d417e7e674c7,Mike_3 Root,red,
TAG_SELECTED,476768,11/30/2022 10:18:44 AM,226fae3f-5024-483b-bb07-d417e7e674c7,gray,
TAG_DISCARDED,477268,11/30/2022 10:18:44 AM,226fae3f-5024-483b-bb07-d417e7e674c7,gray,"(2.9, 0.4, 5.1)",
BAG_CLOSED,492657,11/30/2022 10:19:00 AM,226fae3f-5024-483b-bb07-d417e7e674c7,"(2.8, 0.4, 5.3)",
TELEPORT,492657,11/30/2022 10:19:00 AM,226fae3f-5024-483b-bb07-d417e7e674c7,"(3.0, 0.0, 4.6)",
TELEPORT,494175,11/30/2022 10:19:01 AM,226fae3f-5024-483b-bb07-d417e7e674c7,"(3.0, 0.0, 4.6)",
TELEPORT,497446,11/30/2022 10:19:05 AM,226fae3f-5024-483b-bb07-d417e7e674c7,"(2.5, 0.0, -3.6)",
PATIENT_ENGAGED,498735,11/30/2022 10:19:06 AM,226fae3f-5024-483b-bb07-d417e7e674c7,100,Infinity,Mike_2 Root,"(4.7, 0.0, -2.6)","(0.0, 0.5, 0.0, -0.8)",IMMEDIATE,walker,fast,normal,normal,upset,sittingGround,
BAG_ACCESS,503951,11/30/2022 10:19:11 AM,226fae3f-5024-483b-bb07-d417e7e674c7,"(4.1, 0.4, -2.2)",
TOOL_HOVER,511818,11/30/2022 10:19:19 AM,226fae3f-5024-483b-bb07-d417e7e674c7,Hemostatic Gauze,999,
TOOL_HOVER,511834,11/30/2022 10:19:19 AM,226fae3f-5024-483b-bb07-d417e7e674c7,Hemostatic Gauze,999,
TOOL_HOVER,511851,11/30/2022 10:19:19 AM,226fae3f-5024-483b-bb07-d417e7e674c7,Hemostatic Gauze,999,
TOOL_HOVER,511868,11/30/2022 10:19:19 AM,226fae3f-5024-483b-bb07-d417e7e674c7,Hemostatic Gauze,999,
TOOL_HOVER,511885,11/30/2022 10:19:19 AM,226fae3f-5024-483b-bb07-d417e7e674c7,Hemostatic Gauze,999,
TOOL_HOVER,511902,11/30/2022 10:19:19 AM,226fae3f-5024-483b-bb07-d417e7e674c7,Hemostatic Gauze,999,
TOOL_HOVER,511919,11/30/2022 10:19:19 AM,226fae3f-5024-483b-bb07-d417e7e674c7,Hemostatic Gauze,999,
TOOL_SELECTED,511920,11/30/2022 10:19:19 AM,226fae3f-5024-483b-bb07-d417e7e674c7,Hemostatic Gauze,998,
TOOL_DISCARDED,514047,11/30/2022 10:19:21 AM,226fae3f-5024-483b-bb07-d417e7e674c7,Hemostatic Gauze,998,"(4.9, 0.4, -2.6)",
INJURY_TREATED,514048,11/30/2022 10:19:21 AM,226fae3f-5024-483b-bb07-d417e7e674c7,L Shoulder Puncture,Mike_2 Root,woundpack,medium,chest,True,False,"(4.9, 0.4, -2.5)",
TOOL_APPLIED,514048,11/30/2022 10:19:21 AM,226fae3f-5024-483b-bb07-d417e7e674c7,Mike_2 Root,Gauze_Pack,skinCollider_BodyCollideLOD (UnityEngine.GameObject),null,null,AppliedPackingGauze,
PULSE_TAKEN,515861,11/30/2022 10:19:23 AM,226fae3f-5024-483b-bb07-d417e7e674c7,pulse_fast,Mike_2 Root,
PULSE_TAKEN,518621,11/30/2022 10:19:26 AM,226fae3f-5024-483b-bb07-d417e7e674c7,pulse_fast,Mike_2 Root,
PULSE_TAKEN,522193,11/30/2022 10:19:29 AM,226fae3f-5024-483b-bb07-d417e7e674c7,pulse_fast,Mike_2 Root,
PULSE_TAKEN,524198,11/30/2022 10:19:31 AM,226fae3f-5024-483b-bb07-d417e7e674c7,pulse_fast,Mike_2 Root,
PULSE_TAKEN,527841,11/30/2022 10:19:35 AM,226fae3f-5024-483b-bb07-d417e7e674c7,pulse_fast,Mike_2 Root,
TAG_SELECTED,529027,11/30/2022 10:19:36 AM,226fae3f-5024-483b-bb07-d417e7e674c7,yellow,
TAG_APPLIED,533455,11/30/2022 10:19:41 AM,226fae3f-5024-483b-bb07-d417e7e674c7,Mike_2 Root,yellow,
BAG_CLOSED,536345,11/30/2022 10:19:43 AM,226fae3f-5024-483b-bb07-d417e7e674c7,"(4.1, 0.4, -2.2)",
TELEPORT,536345,11/30/2022 10:19:43 AM,226fae3f-5024-483b-bb07-d417e7e674c7,"(3.9, 0.0, -2.9)",
PATIENT_ENGAGED,537698,11/30/2022 10:19:45 AM,226fae3f-5024-483b-bb07-d417e7e674c7,100,Infinity,Mike_0 Root,"(4.5, 0.0, -4.7)","(0.0, 0.4, 0.0, -0.9)",DELAYED,walker,normal,normal,normal,upset,sittingGround,
TELEPORT,539486,11/30/2022 10:19:47 AM,226fae3f-5024-483b-bb07-d417e7e674c7,"(4.3, 0.0, -4.6)",
PULSE_TAKEN,541659,11/30/2022 10:19:49 AM,226fae3f-5024-483b-bb07-d417e7e674c7,pulse_normal,Mike_0 Root,
PULSE_TAKEN,542075,11/30/2022 10:19:49 AM,226fae3f-5024-483b-bb07-d417e7e674c7,pulse_normal,Mike_0 Root,
BAG_ACCESS,548290,11/30/2022 10:19:55 AM,226fae3f-5024-483b-bb07-d417e7e674c7,"(4.4, 0.4, -4.2)",
TOOL_HOVER,550713,11/30/2022 10:19:58 AM,226fae3f-5024-483b-bb07-d417e7e674c7,Gauze,999,
TOOL_HOVER,550731,11/30/2022 10:19:58 AM,226fae3f-5024-483b-bb07-d417e7e674c7,Gauze,999,
TOOL_HOVER,550747,11/30/2022 10:19:58 AM,226fae3f-5024-483b-bb07-d417e7e674c7,Gauze,999,
TOOL_HOVER,550763,11/30/2022 10:19:58 AM,226fae3f-5024-483b-bb07-d417e7e674c7,Gauze,999,
TOOL_HOVER,550780,11/30/2022 10:19:58 AM,226fae3f-5024-483b-bb07-d417e7e674c7,Gauze,999,
TOOL_HOVER,550796,11/30/2022 10:19:58 AM,226fae3f-5024-483b-bb07-d417e7e674c7,Gauze,999,
TOOL_HOVER,550813,11/30/2022 10:19:58 AM,226fae3f-5024-483b-bb07-d417e7e674c7,Gauze,999,
TOOL_HOVER,550830,11/30/2022 10:19:58 AM,226fae3f-5024-483b-bb07-d417e7e674c7,Gauze,999,
TOOL_HOVER,550847,11/30/2022 10:19:58 AM,226fae3f-5024-483b-bb07-d417e7e674c7,Gauze,999,
TOOL_HOVER,550863,11/30/2022 10:19:58 AM,226fae3f-5024-483b-bb07-d417e7e674c7,Gauze,999,
TOOL_HOVER,550880,11/30/2022 10:19:58 AM,226fae3f-5024-483b-bb07-d417e7e674c7,Gauze,999,
TOOL_HOVER,550896,11/30/2022 10:19:58 AM,226fae3f-5024-483b-bb07-d417e7e674c7,Gauze,999,
TOOL_HOVER,550913,11/30/2022 10:19:58 AM,226fae3f-5024-483b-bb07-d417e7e674c7,Gauze,999,
TOOL_HOVER,550930,11/30/2022 10:19:58 AM,226fae3f-5024-483b-bb07-d417e7e674c7,Gauze,999,
TOOL_SELECTED,550932,11/30/2022 10:19:58 AM,226fae3f-5024-483b-bb07-d417e7e674c7,Gauze,998,
TOOL_DISCARDED,552484,11/30/2022 10:20:00 AM,226fae3f-5024-483b-bb07-d417e7e674c7,Gauze,998,"(4.6, 0.5, -4.8)",
INJURY_TREATED,552485,11/30/2022 10:20:00 AM,226fae3f-5024-483b-bb07-d417e7e674c7,R Forearm Laceration,Mike_0 Root,gauzePressure,low,rightArm,True,False,"(4.6, 0.5, -4.8)",
TOOL_APPLIED,552485,11/30/2022 10:20:00 AM,226fae3f-5024-483b-bb07-d417e7e674c7,Mike_0 Root,Gauze_Dressing,skinCollider_BodyCollideLOD (UnityEngine.GameObject),null,null,AppliedDressingGauze,
TAG_SELECTED,562142,11/30/2022 10:20:09 AM,226fae3f-5024-483b-bb07-d417e7e674c7,yellow,
TAG_APPLIED,565116,11/30/2022 10:20:12 AM,226fae3f-5024-483b-bb07-d417e7e674c7,Mike_0 Root,yellow,
TAG_SELECTED,567053,11/30/2022 10:20:14 AM,226fae3f-5024-483b-bb07-d417e7e674c7,gray,
TAG_DISCARDED,567838,11/30/2022 10:20:15 AM,226fae3f-5024-483b-bb07-d417e7e674c7,gray,"(4.0, 0.4, -4.2)",
BAG_CLOSED,570683,11/30/2022 10:20:18 AM,226fae3f-5024-483b-bb07-d417e7e674c7,"(4.4, 0.4, -4.2)",
