VOICE_CAPTURE,3443,12/7/2022 11:39:02 AM,240ae0fd-0da6-4f3e-8a83-e7d3fda40644,got it,NA,
TELEPORT,6059,12/7/2022 11:39:05 AM,240ae0fd-0da6-4f3e-8a83-e7d3fda40644,"(1.9, 0.0, 1.2)",
VOICE_CAPTURE,10925,12/7/2022 11:39:10 AM,240ae0fd-0da6-4f3e-8a83-e7d3fda40644,nope,NA,
TELEPORT,11175,12/7/2022 11:39:10 AM,240ae0fd-0da6-4f3e-8a83-e7d3fda40644,"(3.1, 0.0, -2.6)",
TELEPORT,11724,12/7/2022 11:39:11 AM,240ae0fd-0da6-4f3e-8a83-e7d3fda40644,"(3.1, 0.0, -2.6)",
TELEPORT,12063,12/7/2022 11:39:11 AM,240ae0fd-0da6-4f3e-8a83-e7d3fda40644,"(3.1, 0.0, -2.4)",
PATIENT_ENGAGED,12766,12/7/2022 11:39:12 AM,240ae0fd-0da6-4f3e-8a83-e7d3fda40644,100,128,Mike Root,"(3.2, 0.0, -1.0)","(0.0, 1.0, 0.0, 0.0)",MINIMAL,walker,normal,normal,normal,calm,standing,
VOICE_CAPTURE,15116,12/7/2022 11:39:14 AM,240ae0fd-0da6-4f3e-8a83-e7d3fda40644,yeah that is wild,NA,
BAG_ACCESS,25262,12/7/2022 11:39:24 AM,240ae0fd-0da6-4f3e-8a83-e7d3fda40644,"(3.1, 0.7, -1.8)",
VOICE_CAPTURE,28345,12/7/2022 11:39:27 AM,240ae0fd-0da6-4f3e-8a83-e7d3fda40644,that's pretty slick,NA,
TOOL_HOVER,28545,12/7/2022 11:39:27 AM,240ae0fd-0da6-4f3e-8a83-e7d3fda40644,Needle,999,
TOOL_HOVER,28562,12/7/2022 11:39:27 AM,240ae0fd-0da6-4f3e-8a83-e7d3fda40644,Needle,999,
TOOL_HOVER,28578,12/7/2022 11:39:27 AM,240ae0fd-0da6-4f3e-8a83-e7d3fda40644,Needle,999,
TOOL_HOVER,28595,12/7/2022 11:39:27 AM,240ae0fd-0da6-4f3e-8a83-e7d3fda40644,Needle,999,
TOOL_HOVER,28612,12/7/2022 11:39:27 AM,240ae0fd-0da6-4f3e-8a83-e7d3fda40644,Needle,999,
TOOL_HOVER,28628,12/7/2022 11:39:27 AM,240ae0fd-0da6-4f3e-8a83-e7d3fda40644,Needle,999,
TOOL_HOVER,28645,12/7/2022 11:39:27 AM,240ae0fd-0da6-4f3e-8a83-e7d3fda40644,Needle,999,
TOOL_HOVER,28662,12/7/2022 11:39:27 AM,240ae0fd-0da6-4f3e-8a83-e7d3fda40644,Needle,999,
TOOL_HOVER,28679,12/7/2022 11:39:27 AM,240ae0fd-0da6-4f3e-8a83-e7d3fda40644,Needle,999,
TOOL_HOVER,28695,12/7/2022 11:39:27 AM,240ae0fd-0da6-4f3e-8a83-e7d3fda40644,Needle,999,
TOOL_HOVER,28712,12/7/2022 11:39:28 AM,240ae0fd-0da6-4f3e-8a83-e7d3fda40644,Needle,999,
TOOL_HOVER,28729,12/7/2022 11:39:28 AM,240ae0fd-0da6-4f3e-8a83-e7d3fda40644,Needle,999,
TOOL_HOVER,28746,12/7/2022 11:39:28 AM,240ae0fd-0da6-4f3e-8a83-e7d3fda40644,Needle,999,
TOOL_HOVER,28761,12/7/2022 11:39:28 AM,240ae0fd-0da6-4f3e-8a83-e7d3fda40644,Needle,999,
TOOL_HOVER,28779,12/7/2022 11:39:28 AM,240ae0fd-0da6-4f3e-8a83-e7d3fda40644,Needle,999,
TOOL_HOVER,28796,12/7/2022 11:39:28 AM,240ae0fd-0da6-4f3e-8a83-e7d3fda40644,Needle,999,
TOOL_HOVER,28812,12/7/2022 11:39:28 AM,240ae0fd-0da6-4f3e-8a83-e7d3fda40644,Needle,999,
TOOL_HOVER,28829,12/7/2022 11:39:28 AM,240ae0fd-0da6-4f3e-8a83-e7d3fda40644,Needle,999,
TOOL_HOVER,28858,12/7/2022 11:39:28 AM,240ae0fd-0da6-4f3e-8a83-e7d3fda40644,Needle,999,
TOOL_HOVER,28871,12/7/2022 11:39:28 AM,240ae0fd-0da6-4f3e-8a83-e7d3fda40644,Needle,999,
TOOL_HOVER,28884,12/7/2022 11:39:28 AM,240ae0fd-0da6-4f3e-8a83-e7d3fda40644,Needle,999,
TOOL_HOVER,28898,12/7/2022 11:39:28 AM,240ae0fd-0da6-4f3e-8a83-e7d3fda40644,Needle,999,
TOOL_HOVER,28912,12/7/2022 11:39:28 AM,240ae0fd-0da6-4f3e-8a83-e7d3fda40644,Needle,999,
TOOL_HOVER,28929,12/7/2022 11:39:28 AM,240ae0fd-0da6-4f3e-8a83-e7d3fda40644,Needle,999,
TOOL_HOVER,28946,12/7/2022 11:39:28 AM,240ae0fd-0da6-4f3e-8a83-e7d3fda40644,Needle,999,
TOOL_HOVER,28962,12/7/2022 11:39:28 AM,240ae0fd-0da6-4f3e-8a83-e7d3fda40644,Needle,999,
TOOL_HOVER,28979,12/7/2022 11:39:28 AM,240ae0fd-0da6-4f3e-8a83-e7d3fda40644,Needle,999,
TOOL_HOVER,28996,12/7/2022 11:39:28 AM,240ae0fd-0da6-4f3e-8a83-e7d3fda40644,Needle,999,
TOOL_HOVER,29013,12/7/2022 11:39:28 AM,240ae0fd-0da6-4f3e-8a83-e7d3fda40644,Needle,999,
TOOL_HOVER,29029,12/7/2022 11:39:28 AM,240ae0fd-0da6-4f3e-8a83-e7d3fda40644,Needle,999,
TOOL_HOVER,29046,12/7/2022 11:39:28 AM,240ae0fd-0da6-4f3e-8a83-e7d3fda40644,Needle,999,
TOOL_HOVER,29061,12/7/2022 11:39:28 AM,240ae0fd-0da6-4f3e-8a83-e7d3fda40644,Needle,999,
TOOL_HOVER,29078,12/7/2022 11:39:28 AM,240ae0fd-0da6-4f3e-8a83-e7d3fda40644,Needle,999,
TOOL_HOVER,29096,12/7/2022 11:39:28 AM,240ae0fd-0da6-4f3e-8a83-e7d3fda40644,Needle,999,
TOOL_HOVER,29112,12/7/2022 11:39:28 AM,240ae0fd-0da6-4f3e-8a83-e7d3fda40644,Needle,999,
TOOL_HOVER,29128,12/7/2022 11:39:28 AM,240ae0fd-0da6-4f3e-8a83-e7d3fda40644,Needle,999,
VOICE_CAPTURE,34494,12/7/2022 11:39:33 AM,240ae0fd-0da6-4f3e-8a83-e7d3fda40644,you're just yeah,NA,
TOOL_HOVER,39958,12/7/2022 11:39:39 AM,240ae0fd-0da6-4f3e-8a83-e7d3fda40644,Hemostatic Gauze,999,
TOOL_HOVER,39976,12/7/2022 11:39:39 AM,240ae0fd-0da6-4f3e-8a83-e7d3fda40644,Hemostatic Gauze,999,
TOOL_HOVER,39994,12/7/2022 11:39:39 AM,240ae0fd-0da6-4f3e-8a83-e7d3fda40644,Hemostatic Gauze,999,
TOOL_HOVER,40009,12/7/2022 11:39:39 AM,240ae0fd-0da6-4f3e-8a83-e7d3fda40644,Hemostatic Gauze,999,
TOOL_HOVER,40026,12/7/2022 11:39:39 AM,240ae0fd-0da6-4f3e-8a83-e7d3fda40644,Hemostatic Gauze,999,
TOOL_HOVER,40041,12/7/2022 11:39:39 AM,240ae0fd-0da6-4f3e-8a83-e7d3fda40644,Hemostatic Gauze,999,
TOOL_HOVER,40058,12/7/2022 11:39:39 AM,240ae0fd-0da6-4f3e-8a83-e7d3fda40644,Hemostatic Gauze,999,
TOOL_HOVER,40075,12/7/2022 11:39:39 AM,240ae0fd-0da6-4f3e-8a83-e7d3fda40644,Hemostatic Gauze,999,
TOOL_HOVER,40092,12/7/2022 11:39:39 AM,240ae0fd-0da6-4f3e-8a83-e7d3fda40644,Hemostatic Gauze,999,
TOOL_HOVER,40109,12/7/2022 11:39:39 AM,240ae0fd-0da6-4f3e-8a83-e7d3fda40644,Hemostatic Gauze,999,
TOOL_HOVER,40125,12/7/2022 11:39:39 AM,240ae0fd-0da6-4f3e-8a83-e7d3fda40644,Hemostatic Gauze,999,
TOOL_HOVER,40141,12/7/2022 11:39:39 AM,240ae0fd-0da6-4f3e-8a83-e7d3fda40644,Hemostatic Gauze,999,
TOOL_HOVER,40158,12/7/2022 11:39:39 AM,240ae0fd-0da6-4f3e-8a83-e7d3fda40644,Hemostatic Gauze,999,
TOOL_HOVER,40177,12/7/2022 11:39:39 AM,240ae0fd-0da6-4f3e-8a83-e7d3fda40644,Hemostatic Gauze,999,
TOOL_HOVER,40191,12/7/2022 11:39:39 AM,240ae0fd-0da6-4f3e-8a83-e7d3fda40644,Hemostatic Gauze,999,
TOOL_HOVER,40208,12/7/2022 11:39:39 AM,240ae0fd-0da6-4f3e-8a83-e7d3fda40644,Hemostatic Gauze,999,
TOOL_HOVER,40225,12/7/2022 11:39:39 AM,240ae0fd-0da6-4f3e-8a83-e7d3fda40644,Hemostatic Gauze,999,
TOOL_HOVER,40243,12/7/2022 11:39:39 AM,240ae0fd-0da6-4f3e-8a83-e7d3fda40644,Hemostatic Gauze,999,
TOOL_HOVER,40260,12/7/2022 11:39:39 AM,240ae0fd-0da6-4f3e-8a83-e7d3fda40644,Hemostatic Gauze,999,
TOOL_HOVER,40275,12/7/2022 11:39:39 AM,240ae0fd-0da6-4f3e-8a83-e7d3fda40644,Hemostatic Gauze,999,
TOOL_HOVER,40291,12/7/2022 11:39:39 AM,240ae0fd-0da6-4f3e-8a83-e7d3fda40644,Hemostatic Gauze,999,
TOOL_HOVER,40308,12/7/2022 11:39:39 AM,240ae0fd-0da6-4f3e-8a83-e7d3fda40644,Hemostatic Gauze,999,
TOOL_HOVER,40325,12/7/2022 11:39:39 AM,240ae0fd-0da6-4f3e-8a83-e7d3fda40644,Hemostatic Gauze,999,
TOOL_HOVER,40342,12/7/2022 11:39:39 AM,240ae0fd-0da6-4f3e-8a83-e7d3fda40644,Hemostatic Gauze,999,
TOOL_HOVER,40359,12/7/2022 11:39:39 AM,240ae0fd-0da6-4f3e-8a83-e7d3fda40644,Hemostatic Gauze,999,
TOOL_HOVER,40376,12/7/2022 11:39:39 AM,240ae0fd-0da6-4f3e-8a83-e7d3fda40644,Hemostatic Gauze,999,
TOOL_HOVER,40394,12/7/2022 11:39:39 AM,240ae0fd-0da6-4f3e-8a83-e7d3fda40644,Hemostatic Gauze,999,
TOOL_HOVER,40409,12/7/2022 11:39:39 AM,240ae0fd-0da6-4f3e-8a83-e7d3fda40644,Hemostatic Gauze,999,
TOOL_HOVER,40425,12/7/2022 11:39:39 AM,240ae0fd-0da6-4f3e-8a83-e7d3fda40644,Hemostatic Gauze,999,
TOOL_HOVER,40442,12/7/2022 11:39:39 AM,240ae0fd-0da6-4f3e-8a83-e7d3fda40644,Hemostatic Gauze,999,
TOOL_HOVER,40458,12/7/2022 11:39:39 AM,240ae0fd-0da6-4f3e-8a83-e7d3fda40644,Hemostatic Gauze,999,
TOOL_HOVER,40475,12/7/2022 11:39:39 AM,240ae0fd-0da6-4f3e-8a83-e7d3fda40644,Hemostatic Gauze,999,
TOOL_HOVER,40491,12/7/2022 11:39:39 AM,240ae0fd-0da6-4f3e-8a83-e7d3fda40644,Hemostatic Gauze,999,
TOOL_HOVER,40508,12/7/2022 11:39:39 AM,240ae0fd-0da6-4f3e-8a83-e7d3fda40644,Hemostatic Gauze,999,
TOOL_HOVER,40524,12/7/2022 11:39:39 AM,240ae0fd-0da6-4f3e-8a83-e7d3fda40644,Hemostatic Gauze,999,
TOOL_HOVER,40541,12/7/2022 11:39:39 AM,240ae0fd-0da6-4f3e-8a83-e7d3fda40644,Hemostatic Gauze,999,
TOOL_HOVER,40559,12/7/2022 11:39:39 AM,240ae0fd-0da6-4f3e-8a83-e7d3fda40644,Hemostatic Gauze,999,
TOOL_HOVER,40575,12/7/2022 11:39:39 AM,240ae0fd-0da6-4f3e-8a83-e7d3fda40644,Hemostatic Gauze,999,
TOOL_HOVER,40592,12/7/2022 11:39:39 AM,240ae0fd-0da6-4f3e-8a83-e7d3fda40644,Hemostatic Gauze,999,
TOOL_HOVER,40608,12/7/2022 11:39:39 AM,240ae0fd-0da6-4f3e-8a83-e7d3fda40644,Hemostatic Gauze,999,
TOOL_HOVER,40625,12/7/2022 11:39:39 AM,240ae0fd-0da6-4f3e-8a83-e7d3fda40644,Hemostatic Gauze,999,
TOOL_HOVER,40642,12/7/2022 11:39:39 AM,240ae0fd-0da6-4f3e-8a83-e7d3fda40644,Hemostatic Gauze,999,
TOOL_HOVER,40659,12/7/2022 11:39:39 AM,240ae0fd-0da6-4f3e-8a83-e7d3fda40644,Hemostatic Gauze,999,
TOOL_HOVER,40675,12/7/2022 11:39:39 AM,240ae0fd-0da6-4f3e-8a83-e7d3fda40644,Hemostatic Gauze,999,
TOOL_HOVER,40691,12/7/2022 11:39:39 AM,240ae0fd-0da6-4f3e-8a83-e7d3fda40644,Hemostatic Gauze,999,
TOOL_HOVER,40708,12/7/2022 11:39:40 AM,240ae0fd-0da6-4f3e-8a83-e7d3fda40644,Hemostatic Gauze,999,
TOOL_HOVER,40725,12/7/2022 11:39:40 AM,240ae0fd-0da6-4f3e-8a83-e7d3fda40644,Hemostatic Gauze,999,
TOOL_HOVER,40742,12/7/2022 11:39:40 AM,240ae0fd-0da6-4f3e-8a83-e7d3fda40644,Hemostatic Gauze,999,
TOOL_HOVER,40759,12/7/2022 11:39:40 AM,240ae0fd-0da6-4f3e-8a83-e7d3fda40644,Hemostatic Gauze,999,
TOOL_HOVER,40776,12/7/2022 11:39:40 AM,240ae0fd-0da6-4f3e-8a83-e7d3fda40644,Hemostatic Gauze,999,
TOOL_HOVER,40792,12/7/2022 11:39:40 AM,240ae0fd-0da6-4f3e-8a83-e7d3fda40644,Hemostatic Gauze,999,
TOOL_HOVER,40809,12/7/2022 11:39:40 AM,240ae0fd-0da6-4f3e-8a83-e7d3fda40644,Hemostatic Gauze,999,
TOOL_HOVER,40826,12/7/2022 11:39:40 AM,240ae0fd-0da6-4f3e-8a83-e7d3fda40644,Hemostatic Gauze,999,
TOOL_HOVER,40842,12/7/2022 11:39:40 AM,240ae0fd-0da6-4f3e-8a83-e7d3fda40644,Hemostatic Gauze,999,
TOOL_HOVER,40858,12/7/2022 11:39:40 AM,240ae0fd-0da6-4f3e-8a83-e7d3fda40644,Hemostatic Gauze,999,
TOOL_HOVER,40875,12/7/2022 11:39:40 AM,240ae0fd-0da6-4f3e-8a83-e7d3fda40644,Hemostatic Gauze,999,
TOOL_HOVER,40892,12/7/2022 11:39:40 AM,240ae0fd-0da6-4f3e-8a83-e7d3fda40644,Hemostatic Gauze,999,
TOOL_HOVER,40909,12/7/2022 11:39:40 AM,240ae0fd-0da6-4f3e-8a83-e7d3fda40644,Hemostatic Gauze,999,
TOOL_HOVER,40925,12/7/2022 11:39:40 AM,240ae0fd-0da6-4f3e-8a83-e7d3fda40644,Hemostatic Gauze,999,
TOOL_HOVER,40944,12/7/2022 11:39:40 AM,240ae0fd-0da6-4f3e-8a83-e7d3fda40644,Hemostatic Gauze,999,
TOOL_HOVER,40958,12/7/2022 11:39:40 AM,240ae0fd-0da6-4f3e-8a83-e7d3fda40644,Hemostatic Gauze,999,
TOOL_HOVER,40975,12/7/2022 11:39:40 AM,240ae0fd-0da6-4f3e-8a83-e7d3fda40644,Hemostatic Gauze,999,
TOOL_HOVER,40992,12/7/2022 11:39:40 AM,240ae0fd-0da6-4f3e-8a83-e7d3fda40644,Hemostatic Gauze,999,
TOOL_HOVER,41008,12/7/2022 11:39:40 AM,240ae0fd-0da6-4f3e-8a83-e7d3fda40644,Hemostatic Gauze,999,
TOOL_HOVER,41025,12/7/2022 11:39:40 AM,240ae0fd-0da6-4f3e-8a83-e7d3fda40644,Hemostatic Gauze,999,
TOOL_HOVER,41042,12/7/2022 11:39:40 AM,240ae0fd-0da6-4f3e-8a83-e7d3fda40644,Hemostatic Gauze,999,
TOOL_HOVER,41059,12/7/2022 11:39:40 AM,240ae0fd-0da6-4f3e-8a83-e7d3fda40644,Hemostatic Gauze,999,
TOOL_HOVER,41075,12/7/2022 11:39:40 AM,240ae0fd-0da6-4f3e-8a83-e7d3fda40644,Hemostatic Gauze,999,
TOOL_HOVER,41092,12/7/2022 11:39:40 AM,240ae0fd-0da6-4f3e-8a83-e7d3fda40644,Hemostatic Gauze,999,
TOOL_HOVER,41109,12/7/2022 11:39:40 AM,240ae0fd-0da6-4f3e-8a83-e7d3fda40644,Hemostatic Gauze,999,
TOOL_HOVER,41126,12/7/2022 11:39:40 AM,240ae0fd-0da6-4f3e-8a83-e7d3fda40644,Hemostatic Gauze,999,
TOOL_HOVER,41142,12/7/2022 11:39:40 AM,240ae0fd-0da6-4f3e-8a83-e7d3fda40644,Hemostatic Gauze,999,
TOOL_HOVER,41158,12/7/2022 11:39:40 AM,240ae0fd-0da6-4f3e-8a83-e7d3fda40644,Hemostatic Gauze,999,
TOOL_HOVER,41174,12/7/2022 11:39:40 AM,240ae0fd-0da6-4f3e-8a83-e7d3fda40644,Hemostatic Gauze,999,
TOOL_HOVER,41191,12/7/2022 11:39:40 AM,240ae0fd-0da6-4f3e-8a83-e7d3fda40644,Hemostatic Gauze,999,
TOOL_HOVER,41208,12/7/2022 11:39:40 AM,240ae0fd-0da6-4f3e-8a83-e7d3fda40644,Hemostatic Gauze,999,
TOOL_HOVER,41225,12/7/2022 11:39:40 AM,240ae0fd-0da6-4f3e-8a83-e7d3fda40644,Hemostatic Gauze,999,
TOOL_HOVER,41242,12/7/2022 11:39:40 AM,240ae0fd-0da6-4f3e-8a83-e7d3fda40644,Hemostatic Gauze,999,
TOOL_HOVER,41259,12/7/2022 11:39:40 AM,240ae0fd-0da6-4f3e-8a83-e7d3fda40644,Hemostatic Gauze,999,
TOOL_HOVER,41275,12/7/2022 11:39:40 AM,240ae0fd-0da6-4f3e-8a83-e7d3fda40644,Hemostatic Gauze,999,
TOOL_HOVER,41292,12/7/2022 11:39:40 AM,240ae0fd-0da6-4f3e-8a83-e7d3fda40644,Hemostatic Gauze,999,
TOOL_HOVER,41309,12/7/2022 11:39:40 AM,240ae0fd-0da6-4f3e-8a83-e7d3fda40644,Hemostatic Gauze,999,
TOOL_HOVER,41327,12/7/2022 11:39:40 AM,240ae0fd-0da6-4f3e-8a83-e7d3fda40644,Hemostatic Gauze,999,
TOOL_HOVER,41341,12/7/2022 11:39:40 AM,240ae0fd-0da6-4f3e-8a83-e7d3fda40644,Hemostatic Gauze,999,
TOOL_HOVER,41358,12/7/2022 11:39:40 AM,240ae0fd-0da6-4f3e-8a83-e7d3fda40644,Hemostatic Gauze,999,
TOOL_HOVER,41375,12/7/2022 11:39:40 AM,240ae0fd-0da6-4f3e-8a83-e7d3fda40644,Hemostatic Gauze,999,
TOOL_HOVER,41391,12/7/2022 11:39:40 AM,240ae0fd-0da6-4f3e-8a83-e7d3fda40644,Hemostatic Gauze,999,
TOOL_HOVER,41408,12/7/2022 11:39:40 AM,240ae0fd-0da6-4f3e-8a83-e7d3fda40644,Hemostatic Gauze,999,
TOOL_HOVER,41425,12/7/2022 11:39:40 AM,240ae0fd-0da6-4f3e-8a83-e7d3fda40644,Hemostatic Gauze,999,
TOOL_HOVER,41441,12/7/2022 11:39:40 AM,240ae0fd-0da6-4f3e-8a83-e7d3fda40644,Hemostatic Gauze,999,
TOOL_HOVER,41458,12/7/2022 11:39:40 AM,240ae0fd-0da6-4f3e-8a83-e7d3fda40644,Hemostatic Gauze,999,
TOOL_HOVER,41474,12/7/2022 11:39:40 AM,240ae0fd-0da6-4f3e-8a83-e7d3fda40644,Hemostatic Gauze,999,
TOOL_HOVER,41493,12/7/2022 11:39:40 AM,240ae0fd-0da6-4f3e-8a83-e7d3fda40644,Hemostatic Gauze,999,
TOOL_HOVER,41507,12/7/2022 11:39:40 AM,240ae0fd-0da6-4f3e-8a83-e7d3fda40644,Hemostatic Gauze,999,
TOOL_HOVER,41525,12/7/2022 11:39:40 AM,240ae0fd-0da6-4f3e-8a83-e7d3fda40644,Hemostatic Gauze,999,
TOOL_HOVER,41541,12/7/2022 11:39:40 AM,240ae0fd-0da6-4f3e-8a83-e7d3fda40644,Hemostatic Gauze,999,
TOOL_HOVER,41558,12/7/2022 11:39:40 AM,240ae0fd-0da6-4f3e-8a83-e7d3fda40644,Hemostatic Gauze,999,
TOOL_HOVER,41574,12/7/2022 11:39:40 AM,240ae0fd-0da6-4f3e-8a83-e7d3fda40644,Hemostatic Gauze,999,
TOOL_HOVER,41592,12/7/2022 11:39:40 AM,240ae0fd-0da6-4f3e-8a83-e7d3fda40644,Hemostatic Gauze,999,
TOOL_HOVER,41609,12/7/2022 11:39:40 AM,240ae0fd-0da6-4f3e-8a83-e7d3fda40644,Hemostatic Gauze,999,
TOOL_HOVER,41626,12/7/2022 11:39:40 AM,240ae0fd-0da6-4f3e-8a83-e7d3fda40644,Hemostatic Gauze,999,
TOOL_HOVER,41642,12/7/2022 11:39:40 AM,240ae0fd-0da6-4f3e-8a83-e7d3fda40644,Hemostatic Gauze,999,
TOOL_HOVER,41659,12/7/2022 11:39:40 AM,240ae0fd-0da6-4f3e-8a83-e7d3fda40644,Hemostatic Gauze,999,
TOOL_HOVER,41675,12/7/2022 11:39:40 AM,240ae0fd-0da6-4f3e-8a83-e7d3fda40644,Hemostatic Gauze,999,
TOOL_HOVER,41691,12/7/2022 11:39:40 AM,240ae0fd-0da6-4f3e-8a83-e7d3fda40644,Hemostatic Gauze,999,
TOOL_HOVER,41708,12/7/2022 11:39:41 AM,240ae0fd-0da6-4f3e-8a83-e7d3fda40644,Hemostatic Gauze,999,
TOOL_HOVER,41725,12/7/2022 11:39:41 AM,240ae0fd-0da6-4f3e-8a83-e7d3fda40644,Hemostatic Gauze,999,
TOOL_HOVER,41743,12/7/2022 11:39:41 AM,240ae0fd-0da6-4f3e-8a83-e7d3fda40644,Hemostatic Gauze,999,
TOOL_HOVER,41759,12/7/2022 11:39:41 AM,240ae0fd-0da6-4f3e-8a83-e7d3fda40644,Hemostatic Gauze,999,
TOOL_HOVER,41775,12/7/2022 11:39:41 AM,240ae0fd-0da6-4f3e-8a83-e7d3fda40644,Hemostatic Gauze,999,
TOOL_HOVER,41792,12/7/2022 11:39:41 AM,240ae0fd-0da6-4f3e-8a83-e7d3fda40644,Hemostatic Gauze,999,
TOOL_HOVER,41808,12/7/2022 11:39:41 AM,240ae0fd-0da6-4f3e-8a83-e7d3fda40644,Hemostatic Gauze,999,
TOOL_HOVER,41826,12/7/2022 11:39:41 AM,240ae0fd-0da6-4f3e-8a83-e7d3fda40644,Hemostatic Gauze,999,
TOOL_HOVER,41841,12/7/2022 11:39:41 AM,240ae0fd-0da6-4f3e-8a83-e7d3fda40644,Hemostatic Gauze,999,
TOOL_HOVER,41858,12/7/2022 11:39:41 AM,240ae0fd-0da6-4f3e-8a83-e7d3fda40644,Hemostatic Gauze,999,
TOOL_HOVER,41874,12/7/2022 11:39:41 AM,240ae0fd-0da6-4f3e-8a83-e7d3fda40644,Hemostatic Gauze,999,
TOOL_HOVER,41892,12/7/2022 11:39:41 AM,240ae0fd-0da6-4f3e-8a83-e7d3fda40644,Hemostatic Gauze,999,
TOOL_HOVER,41907,12/7/2022 11:39:41 AM,240ae0fd-0da6-4f3e-8a83-e7d3fda40644,Hemostatic Gauze,999,
TOOL_HOVER,41926,12/7/2022 11:39:41 AM,240ae0fd-0da6-4f3e-8a83-e7d3fda40644,Hemostatic Gauze,999,
TOOL_HOVER,41941,12/7/2022 11:39:41 AM,240ae0fd-0da6-4f3e-8a83-e7d3fda40644,Hemostatic Gauze,999,
TOOL_HOVER,41958,12/7/2022 11:39:41 AM,240ae0fd-0da6-4f3e-8a83-e7d3fda40644,Hemostatic Gauze,999,
TOOL_HOVER,41975,12/7/2022 11:39:41 AM,240ae0fd-0da6-4f3e-8a83-e7d3fda40644,Hemostatic Gauze,999,
TOOL_HOVER,41991,12/7/2022 11:39:41 AM,240ae0fd-0da6-4f3e-8a83-e7d3fda40644,Hemostatic Gauze,999,
TOOL_HOVER,42008,12/7/2022 11:39:41 AM,240ae0fd-0da6-4f3e-8a83-e7d3fda40644,Hemostatic Gauze,999,
TOOL_HOVER,42024,12/7/2022 11:39:41 AM,240ae0fd-0da6-4f3e-8a83-e7d3fda40644,Hemostatic Gauze,999,
TOOL_HOVER,42045,12/7/2022 11:39:41 AM,240ae0fd-0da6-4f3e-8a83-e7d3fda40644,Hemostatic Gauze,999,
TOOL_HOVER,42057,12/7/2022 11:39:41 AM,240ae0fd-0da6-4f3e-8a83-e7d3fda40644,Hemostatic Gauze,999,
TOOL_HOVER,42075,12/7/2022 11:39:41 AM,240ae0fd-0da6-4f3e-8a83-e7d3fda40644,Hemostatic Gauze,999,
TOOL_HOVER,42091,12/7/2022 11:39:41 AM,240ae0fd-0da6-4f3e-8a83-e7d3fda40644,Hemostatic Gauze,999,
TOOL_HOVER,42108,12/7/2022 11:39:41 AM,240ae0fd-0da6-4f3e-8a83-e7d3fda40644,Hemostatic Gauze,999,
TOOL_HOVER,42126,12/7/2022 11:39:41 AM,240ae0fd-0da6-4f3e-8a83-e7d3fda40644,Hemostatic Gauze,999,
TOOL_HOVER,42141,12/7/2022 11:39:41 AM,240ae0fd-0da6-4f3e-8a83-e7d3fda40644,Hemostatic Gauze,999,
TOOL_HOVER,42158,12/7/2022 11:39:41 AM,240ae0fd-0da6-4f3e-8a83-e7d3fda40644,Hemostatic Gauze,999,
TOOL_HOVER,42174,12/7/2022 11:39:41 AM,240ae0fd-0da6-4f3e-8a83-e7d3fda40644,Hemostatic Gauze,999,
TOOL_HOVER,42192,12/7/2022 11:39:41 AM,240ae0fd-0da6-4f3e-8a83-e7d3fda40644,Hemostatic Gauze,999,
TOOL_HOVER,42208,12/7/2022 11:39:41 AM,240ae0fd-0da6-4f3e-8a83-e7d3fda40644,Hemostatic Gauze,999,
TOOL_HOVER,42225,12/7/2022 11:39:41 AM,240ae0fd-0da6-4f3e-8a83-e7d3fda40644,Hemostatic Gauze,999,
TOOL_HOVER,42243,12/7/2022 11:39:41 AM,240ae0fd-0da6-4f3e-8a83-e7d3fda40644,Hemostatic Gauze,999,
TOOL_HOVER,42260,12/7/2022 11:39:41 AM,240ae0fd-0da6-4f3e-8a83-e7d3fda40644,Hemostatic Gauze,999,
TOOL_HOVER,42275,12/7/2022 11:39:41 AM,240ae0fd-0da6-4f3e-8a83-e7d3fda40644,Hemostatic Gauze,999,
TOOL_HOVER,42291,12/7/2022 11:39:41 AM,240ae0fd-0da6-4f3e-8a83-e7d3fda40644,Hemostatic Gauze,999,
TOOL_HOVER,42308,12/7/2022 11:39:41 AM,240ae0fd-0da6-4f3e-8a83-e7d3fda40644,Hemostatic Gauze,999,
TOOL_HOVER,42325,12/7/2022 11:39:41 AM,240ae0fd-0da6-4f3e-8a83-e7d3fda40644,Hemostatic Gauze,999,
TOOL_HOVER,42342,12/7/2022 11:39:41 AM,240ae0fd-0da6-4f3e-8a83-e7d3fda40644,Hemostatic Gauze,999,
TOOL_HOVER,42358,12/7/2022 11:39:41 AM,240ae0fd-0da6-4f3e-8a83-e7d3fda40644,Hemostatic Gauze,999,
TOOL_HOVER,42375,12/7/2022 11:39:41 AM,240ae0fd-0da6-4f3e-8a83-e7d3fda40644,Hemostatic Gauze,999,
TOOL_HOVER,42391,12/7/2022 11:39:41 AM,240ae0fd-0da6-4f3e-8a83-e7d3fda40644,Hemostatic Gauze,999,
TOOL_HOVER,42408,12/7/2022 11:39:41 AM,240ae0fd-0da6-4f3e-8a83-e7d3fda40644,Hemostatic Gauze,999,
TOOL_HOVER,42425,12/7/2022 11:39:41 AM,240ae0fd-0da6-4f3e-8a83-e7d3fda40644,Hemostatic Gauze,999,
TOOL_HOVER,42441,12/7/2022 11:39:41 AM,240ae0fd-0da6-4f3e-8a83-e7d3fda40644,Hemostatic Gauze,999,
TOOL_HOVER,42458,12/7/2022 11:39:41 AM,240ae0fd-0da6-4f3e-8a83-e7d3fda40644,Hemostatic Gauze,999,
TOOL_HOVER,42475,12/7/2022 11:39:41 AM,240ae0fd-0da6-4f3e-8a83-e7d3fda40644,Hemostatic Gauze,999,
TOOL_HOVER,42492,12/7/2022 11:39:41 AM,240ae0fd-0da6-4f3e-8a83-e7d3fda40644,Hemostatic Gauze,999,
TOOL_HOVER,42508,12/7/2022 11:39:41 AM,240ae0fd-0da6-4f3e-8a83-e7d3fda40644,Hemostatic Gauze,999,
TOOL_HOVER,42525,12/7/2022 11:39:41 AM,240ae0fd-0da6-4f3e-8a83-e7d3fda40644,Hemostatic Gauze,999,
TOOL_HOVER,42541,12/7/2022 11:39:41 AM,240ae0fd-0da6-4f3e-8a83-e7d3fda40644,Hemostatic Gauze,999,
TOOL_HOVER,42558,12/7/2022 11:39:41 AM,240ae0fd-0da6-4f3e-8a83-e7d3fda40644,Hemostatic Gauze,999,
TOOL_HOVER,42575,12/7/2022 11:39:41 AM,240ae0fd-0da6-4f3e-8a83-e7d3fda40644,Hemostatic Gauze,999,
TOOL_HOVER,42590,12/7/2022 11:39:41 AM,240ae0fd-0da6-4f3e-8a83-e7d3fda40644,Hemostatic Gauze,999,
TOOL_HOVER,42608,12/7/2022 11:39:41 AM,240ae0fd-0da6-4f3e-8a83-e7d3fda40644,Hemostatic Gauze,999,
TOOL_HOVER,42625,12/7/2022 11:39:41 AM,240ae0fd-0da6-4f3e-8a83-e7d3fda40644,Hemostatic Gauze,999,
TOOL_HOVER,42641,12/7/2022 11:39:41 AM,240ae0fd-0da6-4f3e-8a83-e7d3fda40644,Hemostatic Gauze,999,
TOOL_HOVER,42658,12/7/2022 11:39:41 AM,240ae0fd-0da6-4f3e-8a83-e7d3fda40644,Hemostatic Gauze,999,
TOOL_HOVER,42674,12/7/2022 11:39:41 AM,240ae0fd-0da6-4f3e-8a83-e7d3fda40644,Hemostatic Gauze,999,
TOOL_HOVER,42691,12/7/2022 11:39:41 AM,240ae0fd-0da6-4f3e-8a83-e7d3fda40644,Hemostatic Gauze,999,
TOOL_HOVER,42708,12/7/2022 11:39:42 AM,240ae0fd-0da6-4f3e-8a83-e7d3fda40644,Hemostatic Gauze,999,
TOOL_HOVER,42725,12/7/2022 11:39:42 AM,240ae0fd-0da6-4f3e-8a83-e7d3fda40644,Hemostatic Gauze,999,
TOOL_HOVER,42741,12/7/2022 11:39:42 AM,240ae0fd-0da6-4f3e-8a83-e7d3fda40644,Hemostatic Gauze,999,
TOOL_HOVER,42758,12/7/2022 11:39:42 AM,240ae0fd-0da6-4f3e-8a83-e7d3fda40644,Hemostatic Gauze,999,
TOOL_HOVER,42775,12/7/2022 11:39:42 AM,240ae0fd-0da6-4f3e-8a83-e7d3fda40644,Hemostatic Gauze,999,
TOOL_HOVER,42791,12/7/2022 11:39:42 AM,240ae0fd-0da6-4f3e-8a83-e7d3fda40644,Hemostatic Gauze,999,
TOOL_HOVER,42810,12/7/2022 11:39:42 AM,240ae0fd-0da6-4f3e-8a83-e7d3fda40644,Hemostatic Gauze,999,
TOOL_HOVER,42824,12/7/2022 11:39:42 AM,240ae0fd-0da6-4f3e-8a83-e7d3fda40644,Hemostatic Gauze,999,
TOOL_HOVER,42841,12/7/2022 11:39:42 AM,240ae0fd-0da6-4f3e-8a83-e7d3fda40644,Hemostatic Gauze,999,
TOOL_HOVER,42858,12/7/2022 11:39:42 AM,240ae0fd-0da6-4f3e-8a83-e7d3fda40644,Hemostatic Gauze,999,
TOOL_HOVER,42875,12/7/2022 11:39:42 AM,240ae0fd-0da6-4f3e-8a83-e7d3fda40644,Hemostatic Gauze,999,
TOOL_HOVER,42891,12/7/2022 11:39:42 AM,240ae0fd-0da6-4f3e-8a83-e7d3fda40644,Hemostatic Gauze,999,
TOOL_HOVER,42908,12/7/2022 11:39:42 AM,240ae0fd-0da6-4f3e-8a83-e7d3fda40644,Hemostatic Gauze,999,
TOOL_HOVER,42925,12/7/2022 11:39:42 AM,240ae0fd-0da6-4f3e-8a83-e7d3fda40644,Hemostatic Gauze,999,
TOOL_HOVER,42941,12/7/2022 11:39:42 AM,240ae0fd-0da6-4f3e-8a83-e7d3fda40644,Hemostatic Gauze,999,
TOOL_HOVER,42958,12/7/2022 11:39:42 AM,240ae0fd-0da6-4f3e-8a83-e7d3fda40644,Hemostatic Gauze,999,
TOOL_HOVER,42974,12/7/2022 11:39:42 AM,240ae0fd-0da6-4f3e-8a83-e7d3fda40644,Hemostatic Gauze,999,
TOOL_HOVER,42991,12/7/2022 11:39:42 AM,240ae0fd-0da6-4f3e-8a83-e7d3fda40644,Hemostatic Gauze,999,
TOOL_HOVER,43008,12/7/2022 11:39:42 AM,240ae0fd-0da6-4f3e-8a83-e7d3fda40644,Hemostatic Gauze,999,
TOOL_HOVER,43025,12/7/2022 11:39:42 AM,240ae0fd-0da6-4f3e-8a83-e7d3fda40644,Hemostatic Gauze,999,
TOOL_HOVER,43042,12/7/2022 11:39:42 AM,240ae0fd-0da6-4f3e-8a83-e7d3fda40644,Hemostatic Gauze,999,
TOOL_HOVER,43058,12/7/2022 11:39:42 AM,240ae0fd-0da6-4f3e-8a83-e7d3fda40644,Hemostatic Gauze,999,
TOOL_HOVER,43075,12/7/2022 11:39:42 AM,240ae0fd-0da6-4f3e-8a83-e7d3fda40644,Hemostatic Gauze,999,
TOOL_HOVER,43091,12/7/2022 11:39:42 AM,240ae0fd-0da6-4f3e-8a83-e7d3fda40644,Hemostatic Gauze,999,
TOOL_HOVER,43108,12/7/2022 11:39:42 AM,240ae0fd-0da6-4f3e-8a83-e7d3fda40644,Hemostatic Gauze,999,
TOOL_HOVER,43125,12/7/2022 11:39:42 AM,240ae0fd-0da6-4f3e-8a83-e7d3fda40644,Hemostatic Gauze,999,
TOOL_HOVER,43141,12/7/2022 11:39:42 AM,240ae0fd-0da6-4f3e-8a83-e7d3fda40644,Hemostatic Gauze,999,
TOOL_HOVER,43158,12/7/2022 11:39:42 AM,240ae0fd-0da6-4f3e-8a83-e7d3fda40644,Hemostatic Gauze,999,
TOOL_HOVER,43175,12/7/2022 11:39:42 AM,240ae0fd-0da6-4f3e-8a83-e7d3fda40644,Hemostatic Gauze,999,
TOOL_HOVER,43191,12/7/2022 11:39:42 AM,240ae0fd-0da6-4f3e-8a83-e7d3fda40644,Hemostatic Gauze,999,
TOOL_HOVER,43208,12/7/2022 11:39:42 AM,240ae0fd-0da6-4f3e-8a83-e7d3fda40644,Hemostatic Gauze,999,
TOOL_HOVER,43225,12/7/2022 11:39:42 AM,240ae0fd-0da6-4f3e-8a83-e7d3fda40644,Hemostatic Gauze,999,
TOOL_HOVER,43242,12/7/2022 11:39:42 AM,240ae0fd-0da6-4f3e-8a83-e7d3fda40644,Hemostatic Gauze,999,
TOOL_HOVER,43259,12/7/2022 11:39:42 AM,240ae0fd-0da6-4f3e-8a83-e7d3fda40644,Hemostatic Gauze,999,
TOOL_HOVER,43275,12/7/2022 11:39:42 AM,240ae0fd-0da6-4f3e-8a83-e7d3fda40644,Hemostatic Gauze,999,
TOOL_HOVER,43291,12/7/2022 11:39:42 AM,240ae0fd-0da6-4f3e-8a83-e7d3fda40644,Hemostatic Gauze,999,
TOOL_HOVER,43308,12/7/2022 11:39:42 AM,240ae0fd-0da6-4f3e-8a83-e7d3fda40644,Hemostatic Gauze,999,
TOOL_HOVER,43326,12/7/2022 11:39:42 AM,240ae0fd-0da6-4f3e-8a83-e7d3fda40644,Hemostatic Gauze,999,
TOOL_HOVER,43342,12/7/2022 11:39:42 AM,240ae0fd-0da6-4f3e-8a83-e7d3fda40644,Hemostatic Gauze,999,
TOOL_HOVER,43359,12/7/2022 11:39:42 AM,240ae0fd-0da6-4f3e-8a83-e7d3fda40644,Hemostatic Gauze,999,
TOOL_HOVER,43375,12/7/2022 11:39:42 AM,240ae0fd-0da6-4f3e-8a83-e7d3fda40644,Hemostatic Gauze,999,
TOOL_HOVER,43392,12/7/2022 11:39:42 AM,240ae0fd-0da6-4f3e-8a83-e7d3fda40644,Hemostatic Gauze,999,
TOOL_HOVER,43409,12/7/2022 11:39:42 AM,240ae0fd-0da6-4f3e-8a83-e7d3fda40644,Hemostatic Gauze,999,
TOOL_HOVER,43426,12/7/2022 11:39:42 AM,240ae0fd-0da6-4f3e-8a83-e7d3fda40644,Hemostatic Gauze,999,
TOOL_HOVER,43442,12/7/2022 11:39:42 AM,240ae0fd-0da6-4f3e-8a83-e7d3fda40644,Hemostatic Gauze,999,
TOOL_HOVER,43458,12/7/2022 11:39:42 AM,240ae0fd-0da6-4f3e-8a83-e7d3fda40644,Hemostatic Gauze,999,
TOOL_HOVER,43475,12/7/2022 11:39:42 AM,240ae0fd-0da6-4f3e-8a83-e7d3fda40644,Hemostatic Gauze,999,
TOOL_HOVER,43491,12/7/2022 11:39:42 AM,240ae0fd-0da6-4f3e-8a83-e7d3fda40644,Hemostatic Gauze,999,
TOOL_HOVER,43508,12/7/2022 11:39:42 AM,240ae0fd-0da6-4f3e-8a83-e7d3fda40644,Hemostatic Gauze,999,
TOOL_HOVER,43525,12/7/2022 11:39:42 AM,240ae0fd-0da6-4f3e-8a83-e7d3fda40644,Hemostatic Gauze,999,
TOOL_HOVER,43541,12/7/2022 11:39:42 AM,240ae0fd-0da6-4f3e-8a83-e7d3fda40644,Hemostatic Gauze,999,
TOOL_HOVER,43558,12/7/2022 11:39:42 AM,240ae0fd-0da6-4f3e-8a83-e7d3fda40644,Hemostatic Gauze,999,
TOOL_HOVER,43575,12/7/2022 11:39:42 AM,240ae0fd-0da6-4f3e-8a83-e7d3fda40644,Hemostatic Gauze,999,
TOOL_HOVER,43592,12/7/2022 11:39:42 AM,240ae0fd-0da6-4f3e-8a83-e7d3fda40644,Hemostatic Gauze,999,
TOOL_HOVER,43608,12/7/2022 11:39:42 AM,240ae0fd-0da6-4f3e-8a83-e7d3fda40644,Hemostatic Gauze,999,
TOOL_HOVER,43624,12/7/2022 11:39:42 AM,240ae0fd-0da6-4f3e-8a83-e7d3fda40644,Hemostatic Gauze,999,
TOOL_HOVER,43642,12/7/2022 11:39:42 AM,240ae0fd-0da6-4f3e-8a83-e7d3fda40644,Hemostatic Gauze,999,
TOOL_HOVER,43658,12/7/2022 11:39:42 AM,240ae0fd-0da6-4f3e-8a83-e7d3fda40644,Hemostatic Gauze,999,
TOOL_HOVER,43674,12/7/2022 11:39:42 AM,240ae0fd-0da6-4f3e-8a83-e7d3fda40644,Hemostatic Gauze,999,
TOOL_HOVER,43692,12/7/2022 11:39:42 AM,240ae0fd-0da6-4f3e-8a83-e7d3fda40644,Hemostatic Gauze,999,
TOOL_HOVER,43710,12/7/2022 11:39:43 AM,240ae0fd-0da6-4f3e-8a83-e7d3fda40644,Hemostatic Gauze,999,
TOOL_HOVER,43724,12/7/2022 11:39:43 AM,240ae0fd-0da6-4f3e-8a83-e7d3fda40644,Hemostatic Gauze,999,
TOOL_HOVER,43742,12/7/2022 11:39:43 AM,240ae0fd-0da6-4f3e-8a83-e7d3fda40644,Hemostatic Gauze,999,
TOOL_HOVER,43758,12/7/2022 11:39:43 AM,240ae0fd-0da6-4f3e-8a83-e7d3fda40644,Hemostatic Gauze,999,
TOOL_HOVER,43775,12/7/2022 11:39:43 AM,240ae0fd-0da6-4f3e-8a83-e7d3fda40644,Hemostatic Gauze,999,
TOOL_HOVER,43792,12/7/2022 11:39:43 AM,240ae0fd-0da6-4f3e-8a83-e7d3fda40644,Hemostatic Gauze,999,
TOOL_HOVER,43808,12/7/2022 11:39:43 AM,240ae0fd-0da6-4f3e-8a83-e7d3fda40644,Hemostatic Gauze,999,
VOICE_CAPTURE,43825,12/7/2022 11:39:43 AM,240ae0fd-0da6-4f3e-8a83-e7d3fda40644,there yep,NA,
TOOL_HOVER,43826,12/7/2022 11:39:43 AM,240ae0fd-0da6-4f3e-8a83-e7d3fda40644,Hemostatic Gauze,999,
TOOL_HOVER,43842,12/7/2022 11:39:43 AM,240ae0fd-0da6-4f3e-8a83-e7d3fda40644,Hemostatic Gauze,999,
TOOL_HOVER,43859,12/7/2022 11:39:43 AM,240ae0fd-0da6-4f3e-8a83-e7d3fda40644,Hemostatic Gauze,999,
TOOL_HOVER,43875,12/7/2022 11:39:43 AM,240ae0fd-0da6-4f3e-8a83-e7d3fda40644,Hemostatic Gauze,999,
TOOL_HOVER,43891,12/7/2022 11:39:43 AM,240ae0fd-0da6-4f3e-8a83-e7d3fda40644,Hemostatic Gauze,999,
TOOL_HOVER,43908,12/7/2022 11:39:43 AM,240ae0fd-0da6-4f3e-8a83-e7d3fda40644,Hemostatic Gauze,999,
TOOL_HOVER,43924,12/7/2022 11:39:43 AM,240ae0fd-0da6-4f3e-8a83-e7d3fda40644,Hemostatic Gauze,999,
TOOL_HOVER,43941,12/7/2022 11:39:43 AM,240ae0fd-0da6-4f3e-8a83-e7d3fda40644,Hemostatic Gauze,999,
TOOL_HOVER,43957,12/7/2022 11:39:43 AM,240ae0fd-0da6-4f3e-8a83-e7d3fda40644,Hemostatic Gauze,999,
TOOL_HOVER,43974,12/7/2022 11:39:43 AM,240ae0fd-0da6-4f3e-8a83-e7d3fda40644,Hemostatic Gauze,999,
TOOL_HOVER,43991,12/7/2022 11:39:43 AM,240ae0fd-0da6-4f3e-8a83-e7d3fda40644,Hemostatic Gauze,999,
TOOL_HOVER,44008,12/7/2022 11:39:43 AM,240ae0fd-0da6-4f3e-8a83-e7d3fda40644,Hemostatic Gauze,999,
TOOL_HOVER,44024,12/7/2022 11:39:43 AM,240ae0fd-0da6-4f3e-8a83-e7d3fda40644,Hemostatic Gauze,999,
TOOL_HOVER,44041,12/7/2022 11:39:43 AM,240ae0fd-0da6-4f3e-8a83-e7d3fda40644,Hemostatic Gauze,999,
TOOL_HOVER,44058,12/7/2022 11:39:43 AM,240ae0fd-0da6-4f3e-8a83-e7d3fda40644,Hemostatic Gauze,999,
TOOL_HOVER,44074,12/7/2022 11:39:43 AM,240ae0fd-0da6-4f3e-8a83-e7d3fda40644,Hemostatic Gauze,999,
TOOL_HOVER,44091,12/7/2022 11:39:43 AM,240ae0fd-0da6-4f3e-8a83-e7d3fda40644,Hemostatic Gauze,999,
TOOL_HOVER,44108,12/7/2022 11:39:43 AM,240ae0fd-0da6-4f3e-8a83-e7d3fda40644,Hemostatic Gauze,999,
TOOL_HOVER,44125,12/7/2022 11:39:43 AM,240ae0fd-0da6-4f3e-8a83-e7d3fda40644,Hemostatic Gauze,999,
TOOL_HOVER,44141,12/7/2022 11:39:43 AM,240ae0fd-0da6-4f3e-8a83-e7d3fda40644,Hemostatic Gauze,999,
TOOL_HOVER,44158,12/7/2022 11:39:43 AM,240ae0fd-0da6-4f3e-8a83-e7d3fda40644,Hemostatic Gauze,999,
TOOL_HOVER,44175,12/7/2022 11:39:43 AM,240ae0fd-0da6-4f3e-8a83-e7d3fda40644,Hemostatic Gauze,999,
TOOL_HOVER,44191,12/7/2022 11:39:43 AM,240ae0fd-0da6-4f3e-8a83-e7d3fda40644,Hemostatic Gauze,999,
TOOL_HOVER,44208,12/7/2022 11:39:43 AM,240ae0fd-0da6-4f3e-8a83-e7d3fda40644,Hemostatic Gauze,999,
TOOL_HOVER,44226,12/7/2022 11:39:43 AM,240ae0fd-0da6-4f3e-8a83-e7d3fda40644,Hemostatic Gauze,999,
TOOL_HOVER,44242,12/7/2022 11:39:43 AM,240ae0fd-0da6-4f3e-8a83-e7d3fda40644,Hemostatic Gauze,999,
TOOL_HOVER,44260,12/7/2022 11:39:43 AM,240ae0fd-0da6-4f3e-8a83-e7d3fda40644,Hemostatic Gauze,999,
TOOL_HOVER,44275,12/7/2022 11:39:43 AM,240ae0fd-0da6-4f3e-8a83-e7d3fda40644,Hemostatic Gauze,999,
TOOL_HOVER,44292,12/7/2022 11:39:43 AM,240ae0fd-0da6-4f3e-8a83-e7d3fda40644,Hemostatic Gauze,999,
TOOL_HOVER,44308,12/7/2022 11:39:43 AM,240ae0fd-0da6-4f3e-8a83-e7d3fda40644,Hemostatic Gauze,999,
TOOL_HOVER,44324,12/7/2022 11:39:43 AM,240ae0fd-0da6-4f3e-8a83-e7d3fda40644,Hemostatic Gauze,999,
TOOL_HOVER,44340,12/7/2022 11:39:43 AM,240ae0fd-0da6-4f3e-8a83-e7d3fda40644,Hemostatic Gauze,999,
TOOL_HOVER,44357,12/7/2022 11:39:43 AM,240ae0fd-0da6-4f3e-8a83-e7d3fda40644,Hemostatic Gauze,999,
TOOL_HOVER,44375,12/7/2022 11:39:43 AM,240ae0fd-0da6-4f3e-8a83-e7d3fda40644,Hemostatic Gauze,999,
TOOL_HOVER,44392,12/7/2022 11:39:43 AM,240ae0fd-0da6-4f3e-8a83-e7d3fda40644,Hemostatic Gauze,999,
TOOL_HOVER,44409,12/7/2022 11:39:43 AM,240ae0fd-0da6-4f3e-8a83-e7d3fda40644,Hemostatic Gauze,999,
TOOL_HOVER,44425,12/7/2022 11:39:43 AM,240ae0fd-0da6-4f3e-8a83-e7d3fda40644,Hemostatic Gauze,999,
TOOL_HOVER,44441,12/7/2022 11:39:43 AM,240ae0fd-0da6-4f3e-8a83-e7d3fda40644,Hemostatic Gauze,999,
TOOL_HOVER,44457,12/7/2022 11:39:43 AM,240ae0fd-0da6-4f3e-8a83-e7d3fda40644,Hemostatic Gauze,999,
TOOL_HOVER,44474,12/7/2022 11:39:43 AM,240ae0fd-0da6-4f3e-8a83-e7d3fda40644,Hemostatic Gauze,999,
TOOL_HOVER,44491,12/7/2022 11:39:43 AM,240ae0fd-0da6-4f3e-8a83-e7d3fda40644,Hemostatic Gauze,999,
TOOL_HOVER,44509,12/7/2022 11:39:43 AM,240ae0fd-0da6-4f3e-8a83-e7d3fda40644,Hemostatic Gauze,999,
TOOL_HOVER,44526,12/7/2022 11:39:43 AM,240ae0fd-0da6-4f3e-8a83-e7d3fda40644,Hemostatic Gauze,999,
TOOL_HOVER,44542,12/7/2022 11:39:43 AM,240ae0fd-0da6-4f3e-8a83-e7d3fda40644,Hemostatic Gauze,999,
TOOL_HOVER,44557,12/7/2022 11:39:43 AM,240ae0fd-0da6-4f3e-8a83-e7d3fda40644,Hemostatic Gauze,999,
TOOL_HOVER,44574,12/7/2022 11:39:43 AM,240ae0fd-0da6-4f3e-8a83-e7d3fda40644,Hemostatic Gauze,999,
TOOL_HOVER,44591,12/7/2022 11:39:43 AM,240ae0fd-0da6-4f3e-8a83-e7d3fda40644,Hemostatic Gauze,999,
TOOL_HOVER,44608,12/7/2022 11:39:43 AM,240ae0fd-0da6-4f3e-8a83-e7d3fda40644,Hemostatic Gauze,999,
TOOL_HOVER,44625,12/7/2022 11:39:43 AM,240ae0fd-0da6-4f3e-8a83-e7d3fda40644,Hemostatic Gauze,999,
TOOL_HOVER,44641,12/7/2022 11:39:43 AM,240ae0fd-0da6-4f3e-8a83-e7d3fda40644,Hemostatic Gauze,999,
TOOL_HOVER,44658,12/7/2022 11:39:43 AM,240ae0fd-0da6-4f3e-8a83-e7d3fda40644,Hemostatic Gauze,999,
TOOL_HOVER,44674,12/7/2022 11:39:43 AM,240ae0fd-0da6-4f3e-8a83-e7d3fda40644,Hemostatic Gauze,999,
TOOL_HOVER,44691,12/7/2022 11:39:43 AM,240ae0fd-0da6-4f3e-8a83-e7d3fda40644,Hemostatic Gauze,999,
TOOL_HOVER,44707,12/7/2022 11:39:44 AM,240ae0fd-0da6-4f3e-8a83-e7d3fda40644,Hemostatic Gauze,999,
TOOL_HOVER,44725,12/7/2022 11:39:44 AM,240ae0fd-0da6-4f3e-8a83-e7d3fda40644,Hemostatic Gauze,999,
TOOL_HOVER,44741,12/7/2022 11:39:44 AM,240ae0fd-0da6-4f3e-8a83-e7d3fda40644,Hemostatic Gauze,999,
TOOL_HOVER,44757,12/7/2022 11:39:44 AM,240ae0fd-0da6-4f3e-8a83-e7d3fda40644,Hemostatic Gauze,999,
TOOL_HOVER,44774,12/7/2022 11:39:44 AM,240ae0fd-0da6-4f3e-8a83-e7d3fda40644,Hemostatic Gauze,999,
TOOL_HOVER,44793,12/7/2022 11:39:44 AM,240ae0fd-0da6-4f3e-8a83-e7d3fda40644,Hemostatic Gauze,999,
TOOL_HOVER,44810,12/7/2022 11:39:44 AM,240ae0fd-0da6-4f3e-8a83-e7d3fda40644,Hemostatic Gauze,999,
TOOL_HOVER,44825,12/7/2022 11:39:44 AM,240ae0fd-0da6-4f3e-8a83-e7d3fda40644,Hemostatic Gauze,999,
TOOL_HOVER,44841,12/7/2022 11:39:44 AM,240ae0fd-0da6-4f3e-8a83-e7d3fda40644,Hemostatic Gauze,999,
TOOL_HOVER,44858,12/7/2022 11:39:44 AM,240ae0fd-0da6-4f3e-8a83-e7d3fda40644,Hemostatic Gauze,999,
TOOL_HOVER,44875,12/7/2022 11:39:44 AM,240ae0fd-0da6-4f3e-8a83-e7d3fda40644,Hemostatic Gauze,999,
TOOL_HOVER,44891,12/7/2022 11:39:44 AM,240ae0fd-0da6-4f3e-8a83-e7d3fda40644,Hemostatic Gauze,999,
TOOL_HOVER,44908,12/7/2022 11:39:44 AM,240ae0fd-0da6-4f3e-8a83-e7d3fda40644,Hemostatic Gauze,999,
TOOL_HOVER,44925,12/7/2022 11:39:44 AM,240ae0fd-0da6-4f3e-8a83-e7d3fda40644,Hemostatic Gauze,999,
TOOL_HOVER,44941,12/7/2022 11:39:44 AM,240ae0fd-0da6-4f3e-8a83-e7d3fda40644,Hemostatic Gauze,999,
TOOL_HOVER,44958,12/7/2022 11:39:44 AM,240ae0fd-0da6-4f3e-8a83-e7d3fda40644,Hemostatic Gauze,999,
TOOL_HOVER,44975,12/7/2022 11:39:44 AM,240ae0fd-0da6-4f3e-8a83-e7d3fda40644,Hemostatic Gauze,999,
TOOL_HOVER,44992,12/7/2022 11:39:44 AM,240ae0fd-0da6-4f3e-8a83-e7d3fda40644,Hemostatic Gauze,999,
TOOL_HOVER,45009,12/7/2022 11:39:44 AM,240ae0fd-0da6-4f3e-8a83-e7d3fda40644,Hemostatic Gauze,999,
TOOL_HOVER,45025,12/7/2022 11:39:44 AM,240ae0fd-0da6-4f3e-8a83-e7d3fda40644,Hemostatic Gauze,999,
TOOL_HOVER,45041,12/7/2022 11:39:44 AM,240ae0fd-0da6-4f3e-8a83-e7d3fda40644,Hemostatic Gauze,999,
TOOL_HOVER,45057,12/7/2022 11:39:44 AM,240ae0fd-0da6-4f3e-8a83-e7d3fda40644,Hemostatic Gauze,999,
TOOL_HOVER,45073,12/7/2022 11:39:44 AM,240ae0fd-0da6-4f3e-8a83-e7d3fda40644,Hemostatic Gauze,999,
TOOL_HOVER,45091,12/7/2022 11:39:44 AM,240ae0fd-0da6-4f3e-8a83-e7d3fda40644,Hemostatic Gauze,999,
TOOL_HOVER,45108,12/7/2022 11:39:44 AM,240ae0fd-0da6-4f3e-8a83-e7d3fda40644,Hemostatic Gauze,999,
TOOL_HOVER,45124,12/7/2022 11:39:44 AM,240ae0fd-0da6-4f3e-8a83-e7d3fda40644,Hemostatic Gauze,999,
TOOL_HOVER,45141,12/7/2022 11:39:44 AM,240ae0fd-0da6-4f3e-8a83-e7d3fda40644,Hemostatic Gauze,999,
TOOL_HOVER,45158,12/7/2022 11:39:44 AM,240ae0fd-0da6-4f3e-8a83-e7d3fda40644,Hemostatic Gauze,999,
TOOL_HOVER,45173,12/7/2022 11:39:44 AM,240ae0fd-0da6-4f3e-8a83-e7d3fda40644,Hemostatic Gauze,999,
TOOL_HOVER,45191,12/7/2022 11:39:44 AM,240ae0fd-0da6-4f3e-8a83-e7d3fda40644,Hemostatic Gauze,999,
TOOL_HOVER,45207,12/7/2022 11:39:44 AM,240ae0fd-0da6-4f3e-8a83-e7d3fda40644,Hemostatic Gauze,999,
TOOL_HOVER,45225,12/7/2022 11:39:44 AM,240ae0fd-0da6-4f3e-8a83-e7d3fda40644,Hemostatic Gauze,999,
TOOL_HOVER,45241,12/7/2022 11:39:44 AM,240ae0fd-0da6-4f3e-8a83-e7d3fda40644,Hemostatic Gauze,999,
TOOL_HOVER,45258,12/7/2022 11:39:44 AM,240ae0fd-0da6-4f3e-8a83-e7d3fda40644,Hemostatic Gauze,999,
TOOL_HOVER,45274,12/7/2022 11:39:44 AM,240ae0fd-0da6-4f3e-8a83-e7d3fda40644,Hemostatic Gauze,999,
TOOL_HOVER,45291,12/7/2022 11:39:44 AM,240ae0fd-0da6-4f3e-8a83-e7d3fda40644,Hemostatic Gauze,999,
TOOL_HOVER,45308,12/7/2022 11:39:44 AM,240ae0fd-0da6-4f3e-8a83-e7d3fda40644,Hemostatic Gauze,999,
TOOL_HOVER,45324,12/7/2022 11:39:44 AM,240ae0fd-0da6-4f3e-8a83-e7d3fda40644,Hemostatic Gauze,999,
TOOL_HOVER,45341,12/7/2022 11:39:44 AM,240ae0fd-0da6-4f3e-8a83-e7d3fda40644,Hemostatic Gauze,999,
TOOL_HOVER,45360,12/7/2022 11:39:44 AM,240ae0fd-0da6-4f3e-8a83-e7d3fda40644,Hemostatic Gauze,999,
TOOL_HOVER,45374,12/7/2022 11:39:44 AM,240ae0fd-0da6-4f3e-8a83-e7d3fda40644,Hemostatic Gauze,999,
TOOL_HOVER,45391,12/7/2022 11:39:44 AM,240ae0fd-0da6-4f3e-8a83-e7d3fda40644,Hemostatic Gauze,999,
TOOL_HOVER,45407,12/7/2022 11:39:44 AM,240ae0fd-0da6-4f3e-8a83-e7d3fda40644,Hemostatic Gauze,999,
TOOL_HOVER,45425,12/7/2022 11:39:44 AM,240ae0fd-0da6-4f3e-8a83-e7d3fda40644,Hemostatic Gauze,999,
TOOL_HOVER,45441,12/7/2022 11:39:44 AM,240ae0fd-0da6-4f3e-8a83-e7d3fda40644,Hemostatic Gauze,999,
TOOL_HOVER,45458,12/7/2022 11:39:44 AM,240ae0fd-0da6-4f3e-8a83-e7d3fda40644,Hemostatic Gauze,999,
TOOL_HOVER,45475,12/7/2022 11:39:44 AM,240ae0fd-0da6-4f3e-8a83-e7d3fda40644,Hemostatic Gauze,999,
TOOL_HOVER,45492,12/7/2022 11:39:44 AM,240ae0fd-0da6-4f3e-8a83-e7d3fda40644,Hemostatic Gauze,999,
TOOL_HOVER,45509,12/7/2022 11:39:44 AM,240ae0fd-0da6-4f3e-8a83-e7d3fda40644,Hemostatic Gauze,999,
TOOL_HOVER,45526,12/7/2022 11:39:44 AM,240ae0fd-0da6-4f3e-8a83-e7d3fda40644,Hemostatic Gauze,999,
TOOL_HOVER,45542,12/7/2022 11:39:44 AM,240ae0fd-0da6-4f3e-8a83-e7d3fda40644,Hemostatic Gauze,999,
TOOL_HOVER,45558,12/7/2022 11:39:44 AM,240ae0fd-0da6-4f3e-8a83-e7d3fda40644,Hemostatic Gauze,999,
TOOL_HOVER,45575,12/7/2022 11:39:44 AM,240ae0fd-0da6-4f3e-8a83-e7d3fda40644,Hemostatic Gauze,999,
TOOL_HOVER,45591,12/7/2022 11:39:44 AM,240ae0fd-0da6-4f3e-8a83-e7d3fda40644,Hemostatic Gauze,999,
TOOL_HOVER,45607,12/7/2022 11:39:44 AM,240ae0fd-0da6-4f3e-8a83-e7d3fda40644,Hemostatic Gauze,999,
TOOL_HOVER,45624,12/7/2022 11:39:44 AM,240ae0fd-0da6-4f3e-8a83-e7d3fda40644,Hemostatic Gauze,999,
TOOL_HOVER,45641,12/7/2022 11:39:44 AM,240ae0fd-0da6-4f3e-8a83-e7d3fda40644,Hemostatic Gauze,999,
TOOL_HOVER,45658,12/7/2022 11:39:44 AM,240ae0fd-0da6-4f3e-8a83-e7d3fda40644,Hemostatic Gauze,999,
TOOL_HOVER,45674,12/7/2022 11:39:44 AM,240ae0fd-0da6-4f3e-8a83-e7d3fda40644,Hemostatic Gauze,999,
TOOL_HOVER,45692,12/7/2022 11:39:44 AM,240ae0fd-0da6-4f3e-8a83-e7d3fda40644,Hemostatic Gauze,999,
TOOL_HOVER,45707,12/7/2022 11:39:45 AM,240ae0fd-0da6-4f3e-8a83-e7d3fda40644,Hemostatic Gauze,999,
TOOL_HOVER,45725,12/7/2022 11:39:45 AM,240ae0fd-0da6-4f3e-8a83-e7d3fda40644,Hemostatic Gauze,999,
TOOL_HOVER,45742,12/7/2022 11:39:45 AM,240ae0fd-0da6-4f3e-8a83-e7d3fda40644,Hemostatic Gauze,999,
TOOL_HOVER,45758,12/7/2022 11:39:45 AM,240ae0fd-0da6-4f3e-8a83-e7d3fda40644,Hemostatic Gauze,999,
TOOL_HOVER,45774,12/7/2022 11:39:45 AM,240ae0fd-0da6-4f3e-8a83-e7d3fda40644,Hemostatic Gauze,999,
TOOL_HOVER,45791,12/7/2022 11:39:45 AM,240ae0fd-0da6-4f3e-8a83-e7d3fda40644,Hemostatic Gauze,999,
TOOL_HOVER,45808,12/7/2022 11:39:45 AM,240ae0fd-0da6-4f3e-8a83-e7d3fda40644,Hemostatic Gauze,999,
TOOL_HOVER,45825,12/7/2022 11:39:45 AM,240ae0fd-0da6-4f3e-8a83-e7d3fda40644,Hemostatic Gauze,999,
TOOL_HOVER,45840,12/7/2022 11:39:45 AM,240ae0fd-0da6-4f3e-8a83-e7d3fda40644,Hemostatic Gauze,999,
TOOL_HOVER,45858,12/7/2022 11:39:45 AM,240ae0fd-0da6-4f3e-8a83-e7d3fda40644,Hemostatic Gauze,999,
TOOL_HOVER,45875,12/7/2022 11:39:45 AM,240ae0fd-0da6-4f3e-8a83-e7d3fda40644,Hemostatic Gauze,999,
TOOL_HOVER,45891,12/7/2022 11:39:45 AM,240ae0fd-0da6-4f3e-8a83-e7d3fda40644,Hemostatic Gauze,999,
TOOL_HOVER,45910,12/7/2022 11:39:45 AM,240ae0fd-0da6-4f3e-8a83-e7d3fda40644,Hemostatic Gauze,999,
TOOL_HOVER,45924,12/7/2022 11:39:45 AM,240ae0fd-0da6-4f3e-8a83-e7d3fda40644,Hemostatic Gauze,999,
TOOL_HOVER,45941,12/7/2022 11:39:45 AM,240ae0fd-0da6-4f3e-8a83-e7d3fda40644,Hemostatic Gauze,999,
TOOL_HOVER,45958,12/7/2022 11:39:45 AM,240ae0fd-0da6-4f3e-8a83-e7d3fda40644,Hemostatic Gauze,999,
TOOL_HOVER,45974,12/7/2022 11:39:45 AM,240ae0fd-0da6-4f3e-8a83-e7d3fda40644,Hemostatic Gauze,999,
TOOL_HOVER,45991,12/7/2022 11:39:45 AM,240ae0fd-0da6-4f3e-8a83-e7d3fda40644,Hemostatic Gauze,999,
TOOL_HOVER,46007,12/7/2022 11:39:45 AM,240ae0fd-0da6-4f3e-8a83-e7d3fda40644,Hemostatic Gauze,999,
TOOL_HOVER,46024,12/7/2022 11:39:45 AM,240ae0fd-0da6-4f3e-8a83-e7d3fda40644,Hemostatic Gauze,999,
TOOL_HOVER,46040,12/7/2022 11:39:45 AM,240ae0fd-0da6-4f3e-8a83-e7d3fda40644,Hemostatic Gauze,999,
TOOL_HOVER,46058,12/7/2022 11:39:45 AM,240ae0fd-0da6-4f3e-8a83-e7d3fda40644,Hemostatic Gauze,999,
TOOL_HOVER,46074,12/7/2022 11:39:45 AM,240ae0fd-0da6-4f3e-8a83-e7d3fda40644,Hemostatic Gauze,999,
TOOL_HOVER,46092,12/7/2022 11:39:45 AM,240ae0fd-0da6-4f3e-8a83-e7d3fda40644,Hemostatic Gauze,999,
TOOL_HOVER,46108,12/7/2022 11:39:45 AM,240ae0fd-0da6-4f3e-8a83-e7d3fda40644,Hemostatic Gauze,999,
TOOL_HOVER,46124,12/7/2022 11:39:45 AM,240ae0fd-0da6-4f3e-8a83-e7d3fda40644,Hemostatic Gauze,999,
TOOL_HOVER,46143,12/7/2022 11:39:45 AM,240ae0fd-0da6-4f3e-8a83-e7d3fda40644,Hemostatic Gauze,999,
TOOL_HOVER,46158,12/7/2022 11:39:45 AM,240ae0fd-0da6-4f3e-8a83-e7d3fda40644,Hemostatic Gauze,999,
TOOL_HOVER,46175,12/7/2022 11:39:45 AM,240ae0fd-0da6-4f3e-8a83-e7d3fda40644,Hemostatic Gauze,999,
TOOL_HOVER,46191,12/7/2022 11:39:45 AM,240ae0fd-0da6-4f3e-8a83-e7d3fda40644,Hemostatic Gauze,999,
TOOL_HOVER,46208,12/7/2022 11:39:45 AM,240ae0fd-0da6-4f3e-8a83-e7d3fda40644,Hemostatic Gauze,999,
TOOL_HOVER,46223,12/7/2022 11:39:45 AM,240ae0fd-0da6-4f3e-8a83-e7d3fda40644,Hemostatic Gauze,999,
TOOL_HOVER,46240,12/7/2022 11:39:45 AM,240ae0fd-0da6-4f3e-8a83-e7d3fda40644,Hemostatic Gauze,999,
TOOL_HOVER,46257,12/7/2022 11:39:45 AM,240ae0fd-0da6-4f3e-8a83-e7d3fda40644,Hemostatic Gauze,999,
TOOL_HOVER,46273,12/7/2022 11:39:45 AM,240ae0fd-0da6-4f3e-8a83-e7d3fda40644,Hemostatic Gauze,999,
TOOL_HOVER,46291,12/7/2022 11:39:45 AM,240ae0fd-0da6-4f3e-8a83-e7d3fda40644,Hemostatic Gauze,999,
TOOL_HOVER,46308,12/7/2022 11:39:45 AM,240ae0fd-0da6-4f3e-8a83-e7d3fda40644,Hemostatic Gauze,999,
TOOL_HOVER,46325,12/7/2022 11:39:45 AM,240ae0fd-0da6-4f3e-8a83-e7d3fda40644,Hemostatic Gauze,999,
TOOL_HOVER,46340,12/7/2022 11:39:45 AM,240ae0fd-0da6-4f3e-8a83-e7d3fda40644,Hemostatic Gauze,999,
TOOL_HOVER,46357,12/7/2022 11:39:45 AM,240ae0fd-0da6-4f3e-8a83-e7d3fda40644,Hemostatic Gauze,999,
TOOL_HOVER,46374,12/7/2022 11:39:45 AM,240ae0fd-0da6-4f3e-8a83-e7d3fda40644,Hemostatic Gauze,999,
TOOL_HOVER,46391,12/7/2022 11:39:45 AM,240ae0fd-0da6-4f3e-8a83-e7d3fda40644,Hemostatic Gauze,999,
TOOL_HOVER,46408,12/7/2022 11:39:45 AM,240ae0fd-0da6-4f3e-8a83-e7d3fda40644,Hemostatic Gauze,999,
TOOL_HOVER,46424,12/7/2022 11:39:45 AM,240ae0fd-0da6-4f3e-8a83-e7d3fda40644,Hemostatic Gauze,999,
TOOL_HOVER,46441,12/7/2022 11:39:45 AM,240ae0fd-0da6-4f3e-8a83-e7d3fda40644,Hemostatic Gauze,999,
TOOL_HOVER,46460,12/7/2022 11:39:45 AM,240ae0fd-0da6-4f3e-8a83-e7d3fda40644,Hemostatic Gauze,999,
TOOL_HOVER,46475,12/7/2022 11:39:45 AM,240ae0fd-0da6-4f3e-8a83-e7d3fda40644,Hemostatic Gauze,999,
TOOL_HOVER,46491,12/7/2022 11:39:45 AM,240ae0fd-0da6-4f3e-8a83-e7d3fda40644,Hemostatic Gauze,999,
TOOL_HOVER,46507,12/7/2022 11:39:45 AM,240ae0fd-0da6-4f3e-8a83-e7d3fda40644,Hemostatic Gauze,999,
TOOL_HOVER,46524,12/7/2022 11:39:45 AM,240ae0fd-0da6-4f3e-8a83-e7d3fda40644,Hemostatic Gauze,999,
TOOL_HOVER,46541,12/7/2022 11:39:45 AM,240ae0fd-0da6-4f3e-8a83-e7d3fda40644,Hemostatic Gauze,999,
TOOL_HOVER,46557,12/7/2022 11:39:45 AM,240ae0fd-0da6-4f3e-8a83-e7d3fda40644,Hemostatic Gauze,999,
TOOL_HOVER,46574,12/7/2022 11:39:45 AM,240ae0fd-0da6-4f3e-8a83-e7d3fda40644,Hemostatic Gauze,999,
TOOL_HOVER,46591,12/7/2022 11:39:45 AM,240ae0fd-0da6-4f3e-8a83-e7d3fda40644,Hemostatic Gauze,999,
TOOL_HOVER,46607,12/7/2022 11:39:45 AM,240ae0fd-0da6-4f3e-8a83-e7d3fda40644,Hemostatic Gauze,999,
TOOL_HOVER,46624,12/7/2022 11:39:45 AM,240ae0fd-0da6-4f3e-8a83-e7d3fda40644,Hemostatic Gauze,999,
TOOL_HOVER,46640,12/7/2022 11:39:45 AM,240ae0fd-0da6-4f3e-8a83-e7d3fda40644,Hemostatic Gauze,999,
TOOL_HOVER,46658,12/7/2022 11:39:45 AM,240ae0fd-0da6-4f3e-8a83-e7d3fda40644,Hemostatic Gauze,999,
TOOL_HOVER,46674,12/7/2022 11:39:45 AM,240ae0fd-0da6-4f3e-8a83-e7d3fda40644,Hemostatic Gauze,999,
TOOL_HOVER,46689,12/7/2022 11:39:45 AM,240ae0fd-0da6-4f3e-8a83-e7d3fda40644,Hemostatic Gauze,999,
TOOL_HOVER,46707,12/7/2022 11:39:46 AM,240ae0fd-0da6-4f3e-8a83-e7d3fda40644,Hemostatic Gauze,999,
TOOL_HOVER,46723,12/7/2022 11:39:46 AM,240ae0fd-0da6-4f3e-8a83-e7d3fda40644,Hemostatic Gauze,999,
TOOL_HOVER,46741,12/7/2022 11:39:46 AM,240ae0fd-0da6-4f3e-8a83-e7d3fda40644,Hemostatic Gauze,999,
TOOL_HOVER,46757,12/7/2022 11:39:46 AM,240ae0fd-0da6-4f3e-8a83-e7d3fda40644,Hemostatic Gauze,999,
TOOL_HOVER,46774,12/7/2022 11:39:46 AM,240ae0fd-0da6-4f3e-8a83-e7d3fda40644,Hemostatic Gauze,999,
TOOL_HOVER,46791,12/7/2022 11:39:46 AM,240ae0fd-0da6-4f3e-8a83-e7d3fda40644,Hemostatic Gauze,999,
TOOL_HOVER,46807,12/7/2022 11:39:46 AM,240ae0fd-0da6-4f3e-8a83-e7d3fda40644,Hemostatic Gauze,999,
TOOL_HOVER,46823,12/7/2022 11:39:46 AM,240ae0fd-0da6-4f3e-8a83-e7d3fda40644,Hemostatic Gauze,999,
TOOL_HOVER,46840,12/7/2022 11:39:46 AM,240ae0fd-0da6-4f3e-8a83-e7d3fda40644,Hemostatic Gauze,999,
VOICE_CAPTURE,47655,12/7/2022 11:39:46 AM,240ae0fd-0da6-4f3e-8a83-e7d3fda40644,oh tells you like right here,NA,
VOICE_CAPTURE,48789,12/7/2022 11:39:48 AM,240ae0fd-0da6-4f3e-8a83-e7d3fda40644,yeah,NA,
TOOL_HOVER,49257,12/7/2022 11:39:48 AM,240ae0fd-0da6-4f3e-8a83-e7d3fda40644,Hemostatic Gauze,999,
TOOL_HOVER,49274,12/7/2022 11:39:48 AM,240ae0fd-0da6-4f3e-8a83-e7d3fda40644,Hemostatic Gauze,999,
TOOL_HOVER,49291,12/7/2022 11:39:48 AM,240ae0fd-0da6-4f3e-8a83-e7d3fda40644,Hemostatic Gauze,999,
TOOL_HOVER,49307,12/7/2022 11:39:48 AM,240ae0fd-0da6-4f3e-8a83-e7d3fda40644,Hemostatic Gauze,999,
TOOL_HOVER,49326,12/7/2022 11:39:48 AM,240ae0fd-0da6-4f3e-8a83-e7d3fda40644,Hemostatic Gauze,999,
TOOL_HOVER,49340,12/7/2022 11:39:48 AM,240ae0fd-0da6-4f3e-8a83-e7d3fda40644,Hemostatic Gauze,999,
TOOL_HOVER,50057,12/7/2022 11:39:49 AM,240ae0fd-0da6-4f3e-8a83-e7d3fda40644,Needle,999,
TOOL_HOVER,50073,12/7/2022 11:39:49 AM,240ae0fd-0da6-4f3e-8a83-e7d3fda40644,Needle,999,
TOOL_HOVER,50090,12/7/2022 11:39:49 AM,240ae0fd-0da6-4f3e-8a83-e7d3fda40644,Needle,999,
TOOL_HOVER,50108,12/7/2022 11:39:49 AM,240ae0fd-0da6-4f3e-8a83-e7d3fda40644,Needle,999,
TOOL_HOVER,50124,12/7/2022 11:39:49 AM,240ae0fd-0da6-4f3e-8a83-e7d3fda40644,Needle,999,
TOOL_HOVER,50140,12/7/2022 11:39:49 AM,240ae0fd-0da6-4f3e-8a83-e7d3fda40644,Needle,999,
TOOL_HOVER,50157,12/7/2022 11:39:49 AM,240ae0fd-0da6-4f3e-8a83-e7d3fda40644,Needle,999,
TOOL_HOVER,50173,12/7/2022 11:39:49 AM,240ae0fd-0da6-4f3e-8a83-e7d3fda40644,Needle,999,
TOOL_HOVER,50192,12/7/2022 11:39:49 AM,240ae0fd-0da6-4f3e-8a83-e7d3fda40644,Needle,999,
TOOL_HOVER,50207,12/7/2022 11:39:49 AM,240ae0fd-0da6-4f3e-8a83-e7d3fda40644,Needle,999,
TOOL_HOVER,50223,12/7/2022 11:39:49 AM,240ae0fd-0da6-4f3e-8a83-e7d3fda40644,Needle,999,
TOOL_HOVER,50242,12/7/2022 11:39:49 AM,240ae0fd-0da6-4f3e-8a83-e7d3fda40644,Needle,999,
TOOL_HOVER,50255,12/7/2022 11:39:49 AM,240ae0fd-0da6-4f3e-8a83-e7d3fda40644,Needle,999,
TOOL_HOVER,50273,12/7/2022 11:39:49 AM,240ae0fd-0da6-4f3e-8a83-e7d3fda40644,Needle,999,
TOOL_HOVER,50289,12/7/2022 11:39:49 AM,240ae0fd-0da6-4f3e-8a83-e7d3fda40644,Needle,999,
TOOL_HOVER,50306,12/7/2022 11:39:49 AM,240ae0fd-0da6-4f3e-8a83-e7d3fda40644,Needle,999,
TOOL_HOVER,50323,12/7/2022 11:39:49 AM,240ae0fd-0da6-4f3e-8a83-e7d3fda40644,Needle,999,
TOOL_HOVER,50339,12/7/2022 11:39:49 AM,240ae0fd-0da6-4f3e-8a83-e7d3fda40644,Needle,999,
TOOL_HOVER,50357,12/7/2022 11:39:49 AM,240ae0fd-0da6-4f3e-8a83-e7d3fda40644,Needle,999,
TOOL_HOVER,50373,12/7/2022 11:39:49 AM,240ae0fd-0da6-4f3e-8a83-e7d3fda40644,Needle,999,
TOOL_HOVER,50391,12/7/2022 11:39:49 AM,240ae0fd-0da6-4f3e-8a83-e7d3fda40644,Needle,999,
TOOL_HOVER,50407,12/7/2022 11:39:49 AM,240ae0fd-0da6-4f3e-8a83-e7d3fda40644,Needle,999,
TOOL_HOVER,50423,12/7/2022 11:39:49 AM,240ae0fd-0da6-4f3e-8a83-e7d3fda40644,Needle,999,
TOOL_HOVER,50441,12/7/2022 11:39:49 AM,240ae0fd-0da6-4f3e-8a83-e7d3fda40644,Needle,999,
TOOL_HOVER,50458,12/7/2022 11:39:49 AM,240ae0fd-0da6-4f3e-8a83-e7d3fda40644,Needle,999,
TOOL_HOVER,50473,12/7/2022 11:39:49 AM,240ae0fd-0da6-4f3e-8a83-e7d3fda40644,Needle,999,
TOOL_HOVER,50490,12/7/2022 11:39:49 AM,240ae0fd-0da6-4f3e-8a83-e7d3fda40644,Needle,999,
TOOL_HOVER,50507,12/7/2022 11:39:49 AM,240ae0fd-0da6-4f3e-8a83-e7d3fda40644,Needle,999,
TOOL_HOVER,50524,12/7/2022 11:39:49 AM,240ae0fd-0da6-4f3e-8a83-e7d3fda40644,Needle,999,
TOOL_HOVER,50540,12/7/2022 11:39:49 AM,240ae0fd-0da6-4f3e-8a83-e7d3fda40644,Needle,999,
TOOL_HOVER,50556,12/7/2022 11:39:49 AM,240ae0fd-0da6-4f3e-8a83-e7d3fda40644,Needle,999,
TOOL_HOVER,50574,12/7/2022 11:39:49 AM,240ae0fd-0da6-4f3e-8a83-e7d3fda40644,Needle,999,
TOOL_HOVER,50590,12/7/2022 11:39:49 AM,240ae0fd-0da6-4f3e-8a83-e7d3fda40644,Needle,999,
TOOL_HOVER,50606,12/7/2022 11:39:49 AM,240ae0fd-0da6-4f3e-8a83-e7d3fda40644,Needle,999,
TOOL_HOVER,50623,12/7/2022 11:39:49 AM,240ae0fd-0da6-4f3e-8a83-e7d3fda40644,Needle,999,
TOOL_HOVER,50640,12/7/2022 11:39:49 AM,240ae0fd-0da6-4f3e-8a83-e7d3fda40644,Needle,999,
TOOL_HOVER,50656,12/7/2022 11:39:49 AM,240ae0fd-0da6-4f3e-8a83-e7d3fda40644,Needle,999,
TOOL_HOVER,50674,12/7/2022 11:39:49 AM,240ae0fd-0da6-4f3e-8a83-e7d3fda40644,Needle,999,
TOOL_HOVER,50690,12/7/2022 11:39:49 AM,240ae0fd-0da6-4f3e-8a83-e7d3fda40644,Needle,999,
TOOL_HOVER,50707,12/7/2022 11:39:50 AM,240ae0fd-0da6-4f3e-8a83-e7d3fda40644,Needle,999,
TOOL_HOVER,50723,12/7/2022 11:39:50 AM,240ae0fd-0da6-4f3e-8a83-e7d3fda40644,Needle,999,
TOOL_HOVER,50740,12/7/2022 11:39:50 AM,240ae0fd-0da6-4f3e-8a83-e7d3fda40644,Needle,999,
TOOL_HOVER,50756,12/7/2022 11:39:50 AM,240ae0fd-0da6-4f3e-8a83-e7d3fda40644,Needle,999,
TOOL_HOVER,50773,12/7/2022 11:39:50 AM,240ae0fd-0da6-4f3e-8a83-e7d3fda40644,Needle,999,
TOOL_HOVER,50789,12/7/2022 11:39:50 AM,240ae0fd-0da6-4f3e-8a83-e7d3fda40644,Needle,999,
TOOL_HOVER,50807,12/7/2022 11:39:50 AM,240ae0fd-0da6-4f3e-8a83-e7d3fda40644,Needle,999,
TOOL_HOVER,50823,12/7/2022 11:39:50 AM,240ae0fd-0da6-4f3e-8a83-e7d3fda40644,Needle,999,
TOOL_HOVER,50839,12/7/2022 11:39:50 AM,240ae0fd-0da6-4f3e-8a83-e7d3fda40644,Needle,999,
TOOL_HOVER,50856,12/7/2022 11:39:50 AM,240ae0fd-0da6-4f3e-8a83-e7d3fda40644,Needle,999,
TOOL_HOVER,50873,12/7/2022 11:39:50 AM,240ae0fd-0da6-4f3e-8a83-e7d3fda40644,Needle,999,
TOOL_HOVER,50890,12/7/2022 11:39:50 AM,240ae0fd-0da6-4f3e-8a83-e7d3fda40644,Needle,999,
TOOL_HOVER,50906,12/7/2022 11:39:50 AM,240ae0fd-0da6-4f3e-8a83-e7d3fda40644,Needle,999,
TOOL_HOVER,50924,12/7/2022 11:39:50 AM,240ae0fd-0da6-4f3e-8a83-e7d3fda40644,Needle,999,
TOOL_HOVER,50940,12/7/2022 11:39:50 AM,240ae0fd-0da6-4f3e-8a83-e7d3fda40644,Needle,999,
TOOL_HOVER,50956,12/7/2022 11:39:50 AM,240ae0fd-0da6-4f3e-8a83-e7d3fda40644,Needle,999,
TOOL_HOVER,50972,12/7/2022 11:39:50 AM,240ae0fd-0da6-4f3e-8a83-e7d3fda40644,Needle,999,
TOOL_HOVER,50989,12/7/2022 11:39:50 AM,240ae0fd-0da6-4f3e-8a83-e7d3fda40644,Needle,999,
TOOL_HOVER,51006,12/7/2022 11:39:50 AM,240ae0fd-0da6-4f3e-8a83-e7d3fda40644,Needle,999,
TOOL_HOVER,51025,12/7/2022 11:39:50 AM,240ae0fd-0da6-4f3e-8a83-e7d3fda40644,Needle,999,
TOOL_HOVER,51039,12/7/2022 11:39:50 AM,240ae0fd-0da6-4f3e-8a83-e7d3fda40644,Needle,999,
TOOL_HOVER,51057,12/7/2022 11:39:50 AM,240ae0fd-0da6-4f3e-8a83-e7d3fda40644,Needle,999,
TOOL_HOVER,51073,12/7/2022 11:39:50 AM,240ae0fd-0da6-4f3e-8a83-e7d3fda40644,Needle,999,
TOOL_HOVER,51091,12/7/2022 11:39:50 AM,240ae0fd-0da6-4f3e-8a83-e7d3fda40644,Needle,999,
TOOL_HOVER,51108,12/7/2022 11:39:50 AM,240ae0fd-0da6-4f3e-8a83-e7d3fda40644,Needle,999,
TOOL_HOVER,51123,12/7/2022 11:39:50 AM,240ae0fd-0da6-4f3e-8a83-e7d3fda40644,Needle,999,
TOOL_HOVER,51140,12/7/2022 11:39:50 AM,240ae0fd-0da6-4f3e-8a83-e7d3fda40644,Needle,999,
TOOL_HOVER,51157,12/7/2022 11:39:50 AM,240ae0fd-0da6-4f3e-8a83-e7d3fda40644,Needle,999,
TOOL_HOVER,51174,12/7/2022 11:39:50 AM,240ae0fd-0da6-4f3e-8a83-e7d3fda40644,Needle,999,
TOOL_HOVER,51190,12/7/2022 11:39:50 AM,240ae0fd-0da6-4f3e-8a83-e7d3fda40644,Needle,999,
TOOL_HOVER,51207,12/7/2022 11:39:50 AM,240ae0fd-0da6-4f3e-8a83-e7d3fda40644,Needle,999,
TOOL_HOVER,51224,12/7/2022 11:39:50 AM,240ae0fd-0da6-4f3e-8a83-e7d3fda40644,Needle,999,
TOOL_HOVER,51240,12/7/2022 11:39:50 AM,240ae0fd-0da6-4f3e-8a83-e7d3fda40644,Needle,999,
TOOL_HOVER,51257,12/7/2022 11:39:50 AM,240ae0fd-0da6-4f3e-8a83-e7d3fda40644,Needle,999,
TOOL_HOVER,51273,12/7/2022 11:39:50 AM,240ae0fd-0da6-4f3e-8a83-e7d3fda40644,Needle,999,
TOOL_HOVER,51292,12/7/2022 11:39:50 AM,240ae0fd-0da6-4f3e-8a83-e7d3fda40644,Needle,999,
TOOL_HOVER,51306,12/7/2022 11:39:50 AM,240ae0fd-0da6-4f3e-8a83-e7d3fda40644,Needle,999,
TOOL_HOVER,51324,12/7/2022 11:39:50 AM,240ae0fd-0da6-4f3e-8a83-e7d3fda40644,Needle,999,
TOOL_HOVER,51340,12/7/2022 11:39:50 AM,240ae0fd-0da6-4f3e-8a83-e7d3fda40644,Needle,999,
TOOL_HOVER,51357,12/7/2022 11:39:50 AM,240ae0fd-0da6-4f3e-8a83-e7d3fda40644,Needle,999,
TOOL_HOVER,51373,12/7/2022 11:39:50 AM,240ae0fd-0da6-4f3e-8a83-e7d3fda40644,Needle,999,
TOOL_HOVER,51390,12/7/2022 11:39:50 AM,240ae0fd-0da6-4f3e-8a83-e7d3fda40644,Needle,999,
TOOL_HOVER,51406,12/7/2022 11:39:50 AM,240ae0fd-0da6-4f3e-8a83-e7d3fda40644,Needle,999,
TOOL_HOVER,51423,12/7/2022 11:39:50 AM,240ae0fd-0da6-4f3e-8a83-e7d3fda40644,Needle,999,
TOOL_HOVER,51441,12/7/2022 11:39:50 AM,240ae0fd-0da6-4f3e-8a83-e7d3fda40644,Needle,999,
TOOL_HOVER,51457,12/7/2022 11:39:50 AM,240ae0fd-0da6-4f3e-8a83-e7d3fda40644,Needle,999,
TOOL_HOVER,51473,12/7/2022 11:39:50 AM,240ae0fd-0da6-4f3e-8a83-e7d3fda40644,Needle,999,
TOOL_HOVER,51490,12/7/2022 11:39:50 AM,240ae0fd-0da6-4f3e-8a83-e7d3fda40644,Needle,999,
TOOL_HOVER,51507,12/7/2022 11:39:50 AM,240ae0fd-0da6-4f3e-8a83-e7d3fda40644,Needle,999,
TOOL_HOVER,51523,12/7/2022 11:39:50 AM,240ae0fd-0da6-4f3e-8a83-e7d3fda40644,Needle,999,
TOOL_HOVER,51539,12/7/2022 11:39:50 AM,240ae0fd-0da6-4f3e-8a83-e7d3fda40644,Needle,999,
TOOL_HOVER,51557,12/7/2022 11:39:50 AM,240ae0fd-0da6-4f3e-8a83-e7d3fda40644,Needle,999,
TOOL_HOVER,51574,12/7/2022 11:39:50 AM,240ae0fd-0da6-4f3e-8a83-e7d3fda40644,Needle,999,
TOOL_HOVER,51591,12/7/2022 11:39:50 AM,240ae0fd-0da6-4f3e-8a83-e7d3fda40644,Needle,999,
TOOL_HOVER,51607,12/7/2022 11:39:50 AM,240ae0fd-0da6-4f3e-8a83-e7d3fda40644,Needle,999,
TOOL_HOVER,51624,12/7/2022 11:39:50 AM,240ae0fd-0da6-4f3e-8a83-e7d3fda40644,Needle,999,
TOOL_HOVER,51640,12/7/2022 11:39:50 AM,240ae0fd-0da6-4f3e-8a83-e7d3fda40644,Needle,999,
TOOL_HOVER,51657,12/7/2022 11:39:50 AM,240ae0fd-0da6-4f3e-8a83-e7d3fda40644,Needle,999,
TOOL_HOVER,51674,12/7/2022 11:39:50 AM,240ae0fd-0da6-4f3e-8a83-e7d3fda40644,Needle,999,
TOOL_HOVER,51690,12/7/2022 11:39:50 AM,240ae0fd-0da6-4f3e-8a83-e7d3fda40644,Needle,999,
TOOL_HOVER,51706,12/7/2022 11:39:51 AM,240ae0fd-0da6-4f3e-8a83-e7d3fda40644,Needle,999,
TOOL_HOVER,51723,12/7/2022 11:39:51 AM,240ae0fd-0da6-4f3e-8a83-e7d3fda40644,Needle,999,
TOOL_HOVER,51739,12/7/2022 11:39:51 AM,240ae0fd-0da6-4f3e-8a83-e7d3fda40644,Needle,999,
TOOL_HOVER,51756,12/7/2022 11:39:51 AM,240ae0fd-0da6-4f3e-8a83-e7d3fda40644,Needle,999,
TOOL_HOVER,51773,12/7/2022 11:39:51 AM,240ae0fd-0da6-4f3e-8a83-e7d3fda40644,Needle,999,
TOOL_HOVER,51789,12/7/2022 11:39:51 AM,240ae0fd-0da6-4f3e-8a83-e7d3fda40644,Needle,999,
TOOL_HOVER,51806,12/7/2022 11:39:51 AM,240ae0fd-0da6-4f3e-8a83-e7d3fda40644,Needle,999,
TOOL_HOVER,51824,12/7/2022 11:39:51 AM,240ae0fd-0da6-4f3e-8a83-e7d3fda40644,Needle,999,
TOOL_HOVER,51839,12/7/2022 11:39:51 AM,240ae0fd-0da6-4f3e-8a83-e7d3fda40644,Needle,999,
TOOL_HOVER,51856,12/7/2022 11:39:51 AM,240ae0fd-0da6-4f3e-8a83-e7d3fda40644,Needle,999,
TOOL_HOVER,51873,12/7/2022 11:39:51 AM,240ae0fd-0da6-4f3e-8a83-e7d3fda40644,Needle,999,
TOOL_HOVER,51889,12/7/2022 11:39:51 AM,240ae0fd-0da6-4f3e-8a83-e7d3fda40644,Needle,999,
TOOL_HOVER,51906,12/7/2022 11:39:51 AM,240ae0fd-0da6-4f3e-8a83-e7d3fda40644,Needle,999,
TOOL_HOVER,51922,12/7/2022 11:39:51 AM,240ae0fd-0da6-4f3e-8a83-e7d3fda40644,Needle,999,
TOOL_HOVER,51939,12/7/2022 11:39:51 AM,240ae0fd-0da6-4f3e-8a83-e7d3fda40644,Needle,999,
TOOL_HOVER,51956,12/7/2022 11:39:51 AM,240ae0fd-0da6-4f3e-8a83-e7d3fda40644,Needle,999,
TOOL_HOVER,51973,12/7/2022 11:39:51 AM,240ae0fd-0da6-4f3e-8a83-e7d3fda40644,Needle,999,
TOOL_HOVER,51989,12/7/2022 11:39:51 AM,240ae0fd-0da6-4f3e-8a83-e7d3fda40644,Needle,999,
TOOL_HOVER,52006,12/7/2022 11:39:51 AM,240ae0fd-0da6-4f3e-8a83-e7d3fda40644,Needle,999,
TOOL_HOVER,52023,12/7/2022 11:39:51 AM,240ae0fd-0da6-4f3e-8a83-e7d3fda40644,Needle,999,
TOOL_HOVER,52040,12/7/2022 11:39:51 AM,240ae0fd-0da6-4f3e-8a83-e7d3fda40644,Needle,999,
TOOL_HOVER,52057,12/7/2022 11:39:51 AM,240ae0fd-0da6-4f3e-8a83-e7d3fda40644,Needle,999,
TOOL_HOVER,52073,12/7/2022 11:39:51 AM,240ae0fd-0da6-4f3e-8a83-e7d3fda40644,Needle,999,
TOOL_HOVER,52090,12/7/2022 11:39:51 AM,240ae0fd-0da6-4f3e-8a83-e7d3fda40644,Needle,999,
TOOL_HOVER,52107,12/7/2022 11:39:51 AM,240ae0fd-0da6-4f3e-8a83-e7d3fda40644,Needle,999,
TOOL_HOVER,52125,12/7/2022 11:39:51 AM,240ae0fd-0da6-4f3e-8a83-e7d3fda40644,Needle,999,
TOOL_HOVER,52139,12/7/2022 11:39:51 AM,240ae0fd-0da6-4f3e-8a83-e7d3fda40644,Needle,999,
TOOL_HOVER,52157,12/7/2022 11:39:51 AM,240ae0fd-0da6-4f3e-8a83-e7d3fda40644,Needle,999,
TOOL_HOVER,52173,12/7/2022 11:39:51 AM,240ae0fd-0da6-4f3e-8a83-e7d3fda40644,Needle,999,
TOOL_HOVER,52190,12/7/2022 11:39:51 AM,240ae0fd-0da6-4f3e-8a83-e7d3fda40644,Needle,999,
TOOL_HOVER,52207,12/7/2022 11:39:51 AM,240ae0fd-0da6-4f3e-8a83-e7d3fda40644,Needle,999,
TOOL_HOVER,52224,12/7/2022 11:39:51 AM,240ae0fd-0da6-4f3e-8a83-e7d3fda40644,Needle,999,
TOOL_HOVER,52239,12/7/2022 11:39:51 AM,240ae0fd-0da6-4f3e-8a83-e7d3fda40644,Needle,999,
TOOL_HOVER,52256,12/7/2022 11:39:51 AM,240ae0fd-0da6-4f3e-8a83-e7d3fda40644,Needle,999,
TOOL_HOVER,52272,12/7/2022 11:39:51 AM,240ae0fd-0da6-4f3e-8a83-e7d3fda40644,Needle,999,
TOOL_HOVER,52289,12/7/2022 11:39:51 AM,240ae0fd-0da6-4f3e-8a83-e7d3fda40644,Needle,999,
TOOL_HOVER,52306,12/7/2022 11:39:51 AM,240ae0fd-0da6-4f3e-8a83-e7d3fda40644,Needle,999,
TOOL_HOVER,52322,12/7/2022 11:39:51 AM,240ae0fd-0da6-4f3e-8a83-e7d3fda40644,Needle,999,
TOOL_HOVER,52339,12/7/2022 11:39:51 AM,240ae0fd-0da6-4f3e-8a83-e7d3fda40644,Needle,999,
TOOL_HOVER,52356,12/7/2022 11:39:51 AM,240ae0fd-0da6-4f3e-8a83-e7d3fda40644,Needle,999,
TOOL_HOVER,52373,12/7/2022 11:39:51 AM,240ae0fd-0da6-4f3e-8a83-e7d3fda40644,Needle,999,
TOOL_HOVER,52389,12/7/2022 11:39:51 AM,240ae0fd-0da6-4f3e-8a83-e7d3fda40644,Needle,999,
TOOL_HOVER,52406,12/7/2022 11:39:51 AM,240ae0fd-0da6-4f3e-8a83-e7d3fda40644,Needle,999,
TOOL_HOVER,52423,12/7/2022 11:39:51 AM,240ae0fd-0da6-4f3e-8a83-e7d3fda40644,Needle,999,
TOOL_HOVER,52438,12/7/2022 11:39:51 AM,240ae0fd-0da6-4f3e-8a83-e7d3fda40644,Needle,999,
TOOL_HOVER,52456,12/7/2022 11:39:51 AM,240ae0fd-0da6-4f3e-8a83-e7d3fda40644,Needle,999,
TOOL_HOVER,52472,12/7/2022 11:39:51 AM,240ae0fd-0da6-4f3e-8a83-e7d3fda40644,Needle,999,
TOOL_HOVER,52490,12/7/2022 11:39:51 AM,240ae0fd-0da6-4f3e-8a83-e7d3fda40644,Needle,999,
TOOL_HOVER,52506,12/7/2022 11:39:51 AM,240ae0fd-0da6-4f3e-8a83-e7d3fda40644,Needle,999,
TOOL_HOVER,52523,12/7/2022 11:39:51 AM,240ae0fd-0da6-4f3e-8a83-e7d3fda40644,Needle,999,
TOOL_HOVER,52539,12/7/2022 11:39:51 AM,240ae0fd-0da6-4f3e-8a83-e7d3fda40644,Needle,999,
TOOL_HOVER,52556,12/7/2022 11:39:51 AM,240ae0fd-0da6-4f3e-8a83-e7d3fda40644,Needle,999,
TOOL_HOVER,52573,12/7/2022 11:39:51 AM,240ae0fd-0da6-4f3e-8a83-e7d3fda40644,Needle,999,
TOOL_HOVER,52590,12/7/2022 11:39:51 AM,240ae0fd-0da6-4f3e-8a83-e7d3fda40644,Needle,999,
TOOL_HOVER,52606,12/7/2022 11:39:51 AM,240ae0fd-0da6-4f3e-8a83-e7d3fda40644,Needle,999,
TOOL_HOVER,52623,12/7/2022 11:39:51 AM,240ae0fd-0da6-4f3e-8a83-e7d3fda40644,Needle,999,
TOOL_HOVER,52639,12/7/2022 11:39:51 AM,240ae0fd-0da6-4f3e-8a83-e7d3fda40644,Needle,999,
TOOL_HOVER,52656,12/7/2022 11:39:51 AM,240ae0fd-0da6-4f3e-8a83-e7d3fda40644,Needle,999,
TOOL_HOVER,52675,12/7/2022 11:39:51 AM,240ae0fd-0da6-4f3e-8a83-e7d3fda40644,Needle,999,
TOOL_HOVER,52690,12/7/2022 11:39:51 AM,240ae0fd-0da6-4f3e-8a83-e7d3fda40644,Needle,999,
TOOL_HOVER,52706,12/7/2022 11:39:52 AM,240ae0fd-0da6-4f3e-8a83-e7d3fda40644,Needle,999,
TOOL_HOVER,52723,12/7/2022 11:39:52 AM,240ae0fd-0da6-4f3e-8a83-e7d3fda40644,Needle,999,
TOOL_HOVER,52739,12/7/2022 11:39:52 AM,240ae0fd-0da6-4f3e-8a83-e7d3fda40644,Needle,999,
TOOL_HOVER,52757,12/7/2022 11:39:52 AM,240ae0fd-0da6-4f3e-8a83-e7d3fda40644,Needle,999,
TOOL_HOVER,52773,12/7/2022 11:39:52 AM,240ae0fd-0da6-4f3e-8a83-e7d3fda40644,Needle,999,
TOOL_HOVER,52790,12/7/2022 11:39:52 AM,240ae0fd-0da6-4f3e-8a83-e7d3fda40644,Needle,999,
TOOL_HOVER,52806,12/7/2022 11:39:52 AM,240ae0fd-0da6-4f3e-8a83-e7d3fda40644,Needle,999,
TOOL_HOVER,52822,12/7/2022 11:39:52 AM,240ae0fd-0da6-4f3e-8a83-e7d3fda40644,Needle,999,
TOOL_HOVER,52840,12/7/2022 11:39:52 AM,240ae0fd-0da6-4f3e-8a83-e7d3fda40644,Needle,999,
TOOL_HOVER,52857,12/7/2022 11:39:52 AM,240ae0fd-0da6-4f3e-8a83-e7d3fda40644,Needle,999,
TOOL_HOVER,52874,12/7/2022 11:39:52 AM,240ae0fd-0da6-4f3e-8a83-e7d3fda40644,Needle,999,
TOOL_SELECTED,52877,12/7/2022 11:39:52 AM,240ae0fd-0da6-4f3e-8a83-e7d3fda40644,Needle,998,
VOICE_CAPTURE,55080,12/7/2022 11:39:54 AM,240ae0fd-0da6-4f3e-8a83-e7d3fda40644,yeah,NA,
TOOL_DISCARDED,56132,12/7/2022 11:39:55 AM,240ae0fd-0da6-4f3e-8a83-e7d3fda40644,Needle,998,"(3.3, 1.5, -1.7)",
VOICE_CAPTURE,58349,12/7/2022 11:39:57 AM,240ae0fd-0da6-4f3e-8a83-e7d3fda40644,so yeah you can you can just,NA,
VOICE_CAPTURE,64944,12/7/2022 11:40:04 AM,240ae0fd-0da6-4f3e-8a83-e7d3fda40644,i was coming at you on purpose,NA,
TOOL_HOVER,67245,12/7/2022 11:40:06 AM,240ae0fd-0da6-4f3e-8a83-e7d3fda40644,Needle,999,
TOOL_HOVER,67261,12/7/2022 11:40:06 AM,240ae0fd-0da6-4f3e-8a83-e7d3fda40644,Needle,999,
TOOL_HOVER,67278,12/7/2022 11:40:06 AM,240ae0fd-0da6-4f3e-8a83-e7d3fda40644,Needle,999,
TOOL_HOVER,67295,12/7/2022 11:40:06 AM,240ae0fd-0da6-4f3e-8a83-e7d3fda40644,Needle,999,
TOOL_HOVER,67315,12/7/2022 11:40:06 AM,240ae0fd-0da6-4f3e-8a83-e7d3fda40644,Needle,999,
TOOL_HOVER,67328,12/7/2022 11:40:06 AM,240ae0fd-0da6-4f3e-8a83-e7d3fda40644,Needle,999,
TOOL_HOVER,67345,12/7/2022 11:40:06 AM,240ae0fd-0da6-4f3e-8a83-e7d3fda40644,Needle,999,
TOOL_HOVER,67362,12/7/2022 11:40:06 AM,240ae0fd-0da6-4f3e-8a83-e7d3fda40644,Needle,999,
TOOL_HOVER,67378,12/7/2022 11:40:06 AM,240ae0fd-0da6-4f3e-8a83-e7d3fda40644,Needle,999,
TOOL_HOVER,67393,12/7/2022 11:40:06 AM,240ae0fd-0da6-4f3e-8a83-e7d3fda40644,Needle,999,
TOOL_HOVER,67411,12/7/2022 11:40:06 AM,240ae0fd-0da6-4f3e-8a83-e7d3fda40644,Needle,999,
TOOL_HOVER,67427,12/7/2022 11:40:06 AM,240ae0fd-0da6-4f3e-8a83-e7d3fda40644,Needle,999,
TOOL_HOVER,67444,12/7/2022 11:40:06 AM,240ae0fd-0da6-4f3e-8a83-e7d3fda40644,Needle,999,
TOOL_HOVER,67461,12/7/2022 11:40:06 AM,240ae0fd-0da6-4f3e-8a83-e7d3fda40644,Needle,999,
TOOL_HOVER,67477,12/7/2022 11:40:06 AM,240ae0fd-0da6-4f3e-8a83-e7d3fda40644,Needle,999,
TOOL_HOVER,67494,12/7/2022 11:40:06 AM,240ae0fd-0da6-4f3e-8a83-e7d3fda40644,Needle,999,
TOOL_HOVER,67511,12/7/2022 11:40:06 AM,240ae0fd-0da6-4f3e-8a83-e7d3fda40644,Needle,999,
TOOL_HOVER,67527,12/7/2022 11:40:06 AM,240ae0fd-0da6-4f3e-8a83-e7d3fda40644,Needle,999,
TOOL_HOVER,67544,12/7/2022 11:40:06 AM,240ae0fd-0da6-4f3e-8a83-e7d3fda40644,Needle,999,
TOOL_HOVER,67560,12/7/2022 11:40:06 AM,240ae0fd-0da6-4f3e-8a83-e7d3fda40644,Needle,999,
TOOL_HOVER,67578,12/7/2022 11:40:06 AM,240ae0fd-0da6-4f3e-8a83-e7d3fda40644,Needle,999,
TOOL_HOVER,67594,12/7/2022 11:40:06 AM,240ae0fd-0da6-4f3e-8a83-e7d3fda40644,Needle,999,
TOOL_HOVER,67611,12/7/2022 11:40:06 AM,240ae0fd-0da6-4f3e-8a83-e7d3fda40644,Needle,999,
TOOL_HOVER,67627,12/7/2022 11:40:06 AM,240ae0fd-0da6-4f3e-8a83-e7d3fda40644,Needle,999,
TOOL_HOVER,67645,12/7/2022 11:40:06 AM,240ae0fd-0da6-4f3e-8a83-e7d3fda40644,Needle,999,
TOOL_SELECTED,67646,12/7/2022 11:40:06 AM,240ae0fd-0da6-4f3e-8a83-e7d3fda40644,Needle,998,
TOOL_APPLIED,73405,12/7/2022 11:40:12 AM,240ae0fd-0da6-4f3e-8a83-e7d3fda40644,Needle_Decomp(Clone),Needle,LChest_Breathe1 (UnityEngine.GameObject),cath_needle (UnityEngine.GameObject),left_chest,Needle_Decomp(Clone) (UnityEngine.GameObject),AppliedDecompNeedle,
VOICE_CAPTURE,74450,12/7/2022 11:40:13 AM,240ae0fd-0da6-4f3e-8a83-e7d3fda40644,and then you would just,NA,
VOICE_CAPTURE,75700,12/7/2022 11:40:15 AM,240ae0fd-0da6-4f3e-8a83-e7d3fda40644,yeah,NA,
VOICE_CAPTURE,78949,12/7/2022 11:40:18 AM,240ae0fd-0da6-4f3e-8a83-e7d3fda40644,pretty slick,NA,
TAG_SELECTED,80384,12/7/2022 11:40:19 AM,240ae0fd-0da6-4f3e-8a83-e7d3fda40644,gray,
TAG_APPLIED,83468,12/7/2022 11:40:22 AM,240ae0fd-0da6-4f3e-8a83-e7d3fda40644,Mike Root,gray,
VOICE_CAPTURE,87531,12/7/2022 11:40:26 AM,240ae0fd-0da6-4f3e-8a83-e7d3fda40644,this one just like get close right yeah you don't have to wait for it to turn yellow,NA,
VOICE_CAPTURE,88781,12/7/2022 11:40:28 AM,240ae0fd-0da6-4f3e-8a83-e7d3fda40644,cool,NA,
VOICE_CAPTURE,92812,12/7/2022 11:40:32 AM,240ae0fd-0da6-4f3e-8a83-e7d3fda40644,yeah throw me in,NA,
VOICE_CAPTURE,99828,12/7/2022 11:40:39 AM,240ae0fd-0da6-4f3e-8a83-e7d3fda40644,i just wanna see you like uh with the multiple patients moving around more that's really what i'm looking at,NA,
BAG_CLOSED,101176,12/7/2022 11:40:40 AM,240ae0fd-0da6-4f3e-8a83-e7d3fda40644,"(3.1, 0.7, -1.8)",
PATIENT_DEMOTED,101809,12/7/2022 11:40:41 AM,240ae0fd-0da6-4f3e-8a83-e7d3fda40644,100,Infinity,Bob_0 Root,"(-1.4, 0.0, 5.6)","(0.0, 0.7, 0.0, 0.7)",EXPECTANT,still,faint,restricted,none,unresponsive,supine,
PATIENT_DEMOTED,101996,12/7/2022 11:40:41 AM,240ae0fd-0da6-4f3e-8a83-e7d3fda40644,100,Infinity,Bob_0 Root,"(-1.5, 0.0, 5.6)","(0.0, 0.7, 0.0, 0.7)",DEAD,still,none,none,none,dead,supine,
PATIENT_DEMOTED,102128,12/7/2022 11:40:41 AM,240ae0fd-0da6-4f3e-8a83-e7d3fda40644,100,Infinity,Gary_1 Root,"(1.7, 0.0, 7.4)","(0.0, 1.0, 0.0, 0.0)",EXPECTANT,still,faint,restricted,none,unresponsive,supine,
PATIENT_DEMOTED,102855,12/7/2022 11:40:42 AM,240ae0fd-0da6-4f3e-8a83-e7d3fda40644,100,Infinity,Lily_2 Root,"(2.8, 0.0, 4.3)","(0.0, 1.0, 0.0, 0.0)",IMMEDIATE,waver,fast,fast,normal,agony,fetal,
VOICE_CAPTURE,103010,12/7/2022 11:40:42 AM,240ae0fd-0da6-4f3e-8a83-e7d3fda40644,space,NA,
PATIENT_DEMOTED,103535,12/7/2022 11:40:42 AM,240ae0fd-0da6-4f3e-8a83-e7d3fda40644,100,0,Gary_3 Root,"(0.3, 0.0, 1.6)","(0.0, 0.0, 0.0, 1.0)",IMMEDIATE,still,faint,collapsedRight,normal,unresponsive,supine,
PATIENT_DEMOTED,104129,12/7/2022 11:40:43 AM,240ae0fd-0da6-4f3e-8a83-e7d3fda40644,100,Infinity,Lily_4 Root,"(1.2, 0.0, 6.3)","(0.0, 1.0, 0.0, 0.0)",IMMEDIATE,waver,fast,normal,normal,upset,fetal,
PATIENT_DEMOTED,104974,12/7/2022 11:40:44 AM,240ae0fd-0da6-4f3e-8a83-e7d3fda40644,100,Infinity,Mike_5 Root,"(2.4, 0.0, 2.3)","(0.0, 1.0, 0.0, 0.0)",IMMEDIATE,waver,fast,normal,normal,upset,fetal,
VOICE_CAPTURE,105510,12/7/2022 11:40:44 AM,240ae0fd-0da6-4f3e-8a83-e7d3fda40644,yeah,NA,
PATIENT_DEMOTED,105512,12/7/2022 11:40:44 AM,240ae0fd-0da6-4f3e-8a83-e7d3fda40644,100,Infinity,Gloria_6 Root,"(-1.0, 0.0, 2.9)","(0.0, 0.4, 0.0, 0.9)",IMMEDIATE,waver,fast,normal,normal,upset,fetal,
PATIENT_DEMOTED,105931,12/7/2022 11:40:45 AM,240ae0fd-0da6-4f3e-8a83-e7d3fda40644,100,Infinity,Gloria_6 Root,"(-1.2, 0.0, 3.1)","(0.0, 0.4, 0.0, 0.9)",DELAYED,waver,fast,normal,normal,upset,fetal,
PATIENT_DEMOTED,106221,12/7/2022 11:40:45 AM,240ae0fd-0da6-4f3e-8a83-e7d3fda40644,100,Infinity,Mike_7 Root,"(1.7, 0.0, 3.9)","(0.0, 0.1, 0.0, 1.0)",IMMEDIATE,waver,fast,normal,normal,upset,sittingGround,
PATIENT_DEMOTED,106583,12/7/2022 11:40:45 AM,240ae0fd-0da6-4f3e-8a83-e7d3fda40644,100,Infinity,Mike_7 Root,"(1.0, 0.0, 3.7)","(0.0, 0.1, 0.0, 1.0)",DELAYED,waver,fast,normal,normal,upset,sittingGround,
PATIENT_DEMOTED,106809,12/7/2022 11:40:46 AM,240ae0fd-0da6-4f3e-8a83-e7d3fda40644,100,Infinity,Gloria_8 Root,"(3.7, 0.0, 6.0)","(0.0, 1.0, 0.0, 0.0)",DELAYED,walker,normal,normal,normal,upset,sittingGround,
SESSION_START,110445,12/7/2022 11:40:49 AM,240ae0fd-0da6-4f3e-8a83-e7d3fda40644,
PATIENT_RECORD,110446,12/7/2022 11:40:49 AM,240ae0fd-0da6-4f3e-8a83-e7d3fda40644,100,Infinity,Bob_0 Root,"(-1.7, 0.0, 5.7)","(0.0, 0.7, 0.0, 0.7)",DEAD,still,none,none,none,dead,supine,
INJURY_RECORD,110446,12/7/2022 11:40:49 AM,240ae0fd-0da6-4f3e-8a83-e7d3fda40644,Face Shrapnel,Bob_0 Root,airway,high,head,False,False,"(-1.8, 1.7, 5.6)",
INJURY_RECORD,110446,12/7/2022 11:40:49 AM,240ae0fd-0da6-4f3e-8a83-e7d3fda40644,L Wrist Amputation,Bob_0 Root,tourniquet,high,leftArm,False,False,"(-1.8, 1.4, 6.3)",
INJURY_RECORD,110446,12/7/2022 11:40:49 AM,240ae0fd-0da6-4f3e-8a83-e7d3fda40644,L Chest Collapse,Bob_0 Root,decompress,high,chest,False,False,"(0.0, 0.0, 0.0)",
INJURY_RECORD,110446,12/7/2022 11:40:49 AM,240ae0fd-0da6-4f3e-8a83-e7d3fda40644,L Stomach Puncture,Bob_0 Root,woundpack,high,abdomen,False,False,"(-1.6, 1.1, 5.7)",
INJURY_RECORD,110446,12/7/2022 11:40:49 AM,240ae0fd-0da6-4f3e-8a83-e7d3fda40644,R Shin Amputation,Bob_0 Root,tourniquet,high,rightLeg,False,False,"(-1.7, 0.4, 5.6)",
INJURY_RECORD,110446,12/7/2022 11:40:49 AM,240ae0fd-0da6-4f3e-8a83-e7d3fda40644,L Thigh Laceration,Bob_0 Root,tourniquet,medium,leftLeg,False,False,"(-1.6, 0.7, 5.8)",
PATIENT_RECORD,110446,12/7/2022 11:40:49 AM,240ae0fd-0da6-4f3e-8a83-e7d3fda40644,100,Infinity,Gary_1 Root,"(1.6, 0.0, 7.6)","(0.0, 1.0, 0.0, 0.0)",EXPECTANT,still,none,restricted,none,unresponsive,supine,
INJURY_RECORD,110446,12/7/2022 11:40:49 AM,240ae0fd-0da6-4f3e-8a83-e7d3fda40644,Face Shrapnel,Gary_1 Root,airway,high,head,False,False,"(1.6, 1.7, 7.7)",
PATIENT_RECORD,110446,12/7/2022 11:40:49 AM,240ae0fd-0da6-4f3e-8a83-e7d3fda40644,100,Infinity,Lily_2 Root,"(3.0, 0.0, 4.5)","(0.0, 1.0, 0.0, 0.0)",IMMEDIATE,waver,fast,fast,normal,agony,fetal,
INJURY_RECORD,110446,12/7/2022 11:40:49 AM,240ae0fd-0da6-4f3e-8a83-e7d3fda40644,R Shin Amputation,Lily_2 Root,tourniquet,high,rightLeg,False,False,"(2.9, 0.4, 4.5)",
PATIENT_RECORD,110446,12/7/2022 11:40:49 AM,240ae0fd-0da6-4f3e-8a83-e7d3fda40644,100,0,Gary_3 Root,"(0.4, 0.0, 1.7)","(0.0, 0.0, 0.0, 1.0)",IMMEDIATE,still,faint,collapsedRight,normal,unresponsive,supine,
INJURY_RECORD,110446,12/7/2022 11:40:49 AM,240ae0fd-0da6-4f3e-8a83-e7d3fda40644,R Chest Collapse,Gary_3 Root,decompress,high,chest,False,False,"(0.0, 0.0, 0.0)",
PATIENT_RECORD,110446,12/7/2022 11:40:49 AM,240ae0fd-0da6-4f3e-8a83-e7d3fda40644,100,Infinity,Lily_4 Root,"(1.2, 0.0, 6.2)","(0.0, 1.0, 0.0, 0.0)",IMMEDIATE,waver,fast,normal,normal,upset,fetal,
INJURY_RECORD,110446,12/7/2022 11:40:49 AM,240ae0fd-0da6-4f3e-8a83-e7d3fda40644,L Side Puncture,Lily_4 Root,woundpack,medium,abdomen,False,False,"(1.3, 1.0, 6.2)",
PATIENT_RECORD,110446,12/7/2022 11:40:49 AM,240ae0fd-0da6-4f3e-8a83-e7d3fda40644,100,Infinity,Mike_5 Root,"(2.7, 0.0, 2.3)","(0.0, 1.0, 0.0, 0.0)",IMMEDIATE,waver,fast,normal,normal,upset,fetal,
INJURY_RECORD,110446,12/7/2022 11:40:49 AM,240ae0fd-0da6-4f3e-8a83-e7d3fda40644,R Side Puncture,Mike_5 Root,woundpack,medium,abdomen,False,False,"(2.6, 1.1, 2.2)",
INJURY_RECORD,110446,12/7/2022 11:40:49 AM,240ae0fd-0da6-4f3e-8a83-e7d3fda40644,R Thigh Laceration,Mike_5 Root,tourniquet,medium,rightLeg,False,False,"(2.5, 0.6, 2.2)",
PATIENT_RECORD,110446,12/7/2022 11:40:49 AM,240ae0fd-0da6-4f3e-8a83-e7d3fda40644,100,Infinity,Gloria_6 Root,"(-1.2, 0.0, 3.1)","(0.0, 0.4, 0.0, 0.9)",DELAYED,waver,fast,normal,normal,upset,fetal,
INJURY_RECORD,110446,12/7/2022 11:40:49 AM,240ae0fd-0da6-4f3e-8a83-e7d3fda40644,R Calf Shrapnel,Gloria_6 Root,tourniquet,medium,rightLeg,False,False,"(-1.1, 0.3, 3.0)",
PATIENT_RECORD,110446,12/7/2022 11:40:49 AM,240ae0fd-0da6-4f3e-8a83-e7d3fda40644,100,Infinity,Mike_7 Root,"(1.3, 0.0, 3.4)","(0.0, 0.1, 0.0, 1.0)",DELAYED,waver,fast,normal,normal,upset,sittingGround,
INJURY_RECORD,110446,12/7/2022 11:40:49 AM,240ae0fd-0da6-4f3e-8a83-e7d3fda40644,L Thigh Puncture,Mike_7 Root,tourniquet,medium,leftLeg,False,False,"(1.3, 0.6, 3.5)",
INJURY_RECORD,110446,12/7/2022 11:40:49 AM,240ae0fd-0da6-4f3e-8a83-e7d3fda40644,R Calf Laceration,Mike_7 Root,gauzePressure,low,rightLeg,False,False,"(1.4, 0.3, 3.4)",
PATIENT_RECORD,110446,12/7/2022 11:40:49 AM,240ae0fd-0da6-4f3e-8a83-e7d3fda40644,100,Infinity,Gloria_8 Root,"(3.7, 0.0, 6.0)","(0.0, 1.0, 0.0, 0.0)",DELAYED,walker,normal,normal,normal,upset,sittingGround,
INJURY_RECORD,110446,12/7/2022 11:40:49 AM,240ae0fd-0da6-4f3e-8a83-e7d3fda40644,L Forearm Laceration,Gloria_8 Root,gauzePressure,low,leftArm,False,False,"(4.2, 1.3, 6.0)",
PATIENT_RECORD,110446,12/7/2022 11:40:49 AM,240ae0fd-0da6-4f3e-8a83-e7d3fda40644,100,Infinity,Bob_9 Root,"(2.6, 0.0, 8.0)","(0.0, 1.0, 0.0, 0.0)",MINIMAL,walker,normal,normal,normal,calm,standing,
INJURY_RECORD,110446,12/7/2022 11:40:49 AM,240ae0fd-0da6-4f3e-8a83-e7d3fda40644,Ear Bleed,Bob_9 Root,none,low,head,False,False,"(0.0, 0.0, 0.0)",
PATIENT_RECORD,110446,12/7/2022 11:40:49 AM,240ae0fd-0da6-4f3e-8a83-e7d3fda40644,100,Infinity,Helga_10 Root,"(3.9, 0.0, 8.0)","(0.0, 1.0, 0.0, 0.0)",MINIMAL,walker,normal,normal,normal,calm,sittingGround,
INJURY_RECORD,110446,12/7/2022 11:40:49 AM,240ae0fd-0da6-4f3e-8a83-e7d3fda40644,Forehead Scrape,Helga_10 Root,none,low,head,False,False,"(4.0, 1.6, 7.9)",
VOICE_CAPTURE,111330,12/7/2022 11:40:50 AM,240ae0fd-0da6-4f3e-8a83-e7d3fda40644,that's kinda what i wanna get used to so like the application of the stuff is pretty straightforward,NA,
VOICE_CAPTURE,117560,12/7/2022 11:40:56 AM,240ae0fd-0da6-4f3e-8a83-e7d3fda40644,hello,NA,
VOICE_CAPTURE,120823,12/7/2022 11:41:00 AM,240ae0fd-0da6-4f3e-8a83-e7d3fda40644,yeah if you can hear my voice walk over here,NA,
VOICE_COMMAND,120823,12/7/2022 11:41:00 AM,240ae0fd-0da6-4f3e-8a83-e7d3fda40644,walk to the safe area,yeah if you can hear my voice walk over here,
S_A_L_T_WALK_IF_CAN,120825,12/7/2022 11:41:00 AM,240ae0fd-0da6-4f3e-8a83-e7d3fda40644,"(3.0, 0.0, 4.5)",walkIfCan,Lily_2 Root,
S_A_L_T_WALK_IF_CAN,120825,12/7/2022 11:41:00 AM,240ae0fd-0da6-4f3e-8a83-e7d3fda40644,"(1.2, 0.0, 6.2)",walkIfCan,Lily_4 Root,
S_A_L_T_WALK_IF_CAN,120825,12/7/2022 11:41:00 AM,240ae0fd-0da6-4f3e-8a83-e7d3fda40644,"(2.7, 0.0, 2.3)",walkIfCan,Mike_5 Root,
S_A_L_T_WALK_IF_CAN,120825,12/7/2022 11:41:00 AM,240ae0fd-0da6-4f3e-8a83-e7d3fda40644,"(-1.2, 0.0, 3.1)",walkIfCan,Gloria_6 Root,
S_A_L_T_WALK_IF_CAN,120825,12/7/2022 11:41:00 AM,240ae0fd-0da6-4f3e-8a83-e7d3fda40644,"(1.3, 0.0, 3.4)",walkIfCan,Mike_7 Root,
S_A_L_T_WALK_IF_CAN,120825,12/7/2022 11:41:00 AM,240ae0fd-0da6-4f3e-8a83-e7d3fda40644,"(3.7, 0.0, 6.0)",walkIfCan,Gloria_8 Root,
S_A_L_T_WALKED,120825,12/7/2022 11:41:00 AM,240ae0fd-0da6-4f3e-8a83-e7d3fda40644,"(3.7, 0.0, 6.0)",walked,Gloria_8 Root,
S_A_L_T_WALK_IF_CAN,120825,12/7/2022 11:41:00 AM,240ae0fd-0da6-4f3e-8a83-e7d3fda40644,"(2.6, 0.0, 8.0)",walkIfCan,Bob_9 Root,
S_A_L_T_WALKED,120825,12/7/2022 11:41:00 AM,240ae0fd-0da6-4f3e-8a83-e7d3fda40644,"(2.6, 0.0, 8.0)",walked,Bob_9 Root,
S_A_L_T_WALK_IF_CAN,120825,12/7/2022 11:41:00 AM,240ae0fd-0da6-4f3e-8a83-e7d3fda40644,"(3.9, 0.0, 8.0)",walkIfCan,Helga_10 Root,
S_A_L_T_WALKED,120826,12/7/2022 11:41:00 AM,240ae0fd-0da6-4f3e-8a83-e7d3fda40644,"(3.9, 0.0, 8.0)",walked,Helga_10 Root,
VOICE_CAPTURE,131645,12/7/2022 11:41:10 AM,240ae0fd-0da6-4f3e-8a83-e7d3fda40644,is a different one,NA,
VOICE_CAPTURE,135028,12/7/2022 11:41:14 AM,240ae0fd-0da6-4f3e-8a83-e7d3fda40644,yeah,NA,
VOICE_CAPTURE,140372,12/7/2022 11:41:19 AM,240ae0fd-0da6-4f3e-8a83-e7d3fda40644,if you can hear my voice wave,NA,
VOICE_COMMAND,140372,12/7/2022 11:41:19 AM,240ae0fd-0da6-4f3e-8a83-e7d3fda40644,wave if you can,if you can hear my voice wave,
S_A_L_T_WAVE_IF_CAN,140374,12/7/2022 11:41:19 AM,240ae0fd-0da6-4f3e-8a83-e7d3fda40644,"(3.0, 0.0, 4.5)",waveIfCan,Lily_2 Root,
S_A_L_T_WAVED,140374,12/7/2022 11:41:19 AM,240ae0fd-0da6-4f3e-8a83-e7d3fda40644,"(3.0, 0.0, 4.5)",waved,Lily_2 Root,
S_A_L_T_WAVE_IF_CAN,140374,12/7/2022 11:41:19 AM,240ae0fd-0da6-4f3e-8a83-e7d3fda40644,"(1.2, 0.0, 6.2)",waveIfCan,Lily_4 Root,
S_A_L_T_WAVED,140374,12/7/2022 11:41:19 AM,240ae0fd-0da6-4f3e-8a83-e7d3fda40644,"(1.2, 0.0, 6.2)",waved,Lily_4 Root,
S_A_L_T_WAVE_IF_CAN,140374,12/7/2022 11:41:19 AM,240ae0fd-0da6-4f3e-8a83-e7d3fda40644,"(2.7, 0.0, 2.3)",waveIfCan,Mike_5 Root,
S_A_L_T_WAVED,140374,12/7/2022 11:41:19 AM,240ae0fd-0da6-4f3e-8a83-e7d3fda40644,"(2.7, 0.0, 2.3)",waved,Mike_5 Root,
S_A_L_T_WAVE_IF_CAN,140374,12/7/2022 11:41:19 AM,240ae0fd-0da6-4f3e-8a83-e7d3fda40644,"(-1.2, 0.0, 3.1)",waveIfCan,Gloria_6 Root,
S_A_L_T_WAVED,140374,12/7/2022 11:41:19 AM,240ae0fd-0da6-4f3e-8a83-e7d3fda40644,"(-1.2, 0.0, 3.1)",waved,Gloria_6 Root,
S_A_L_T_WAVE_IF_CAN,140374,12/7/2022 11:41:19 AM,240ae0fd-0da6-4f3e-8a83-e7d3fda40644,"(1.3, 0.0, 3.4)",waveIfCan,Mike_7 Root,
S_A_L_T_WAVED,140374,12/7/2022 11:41:19 AM,240ae0fd-0da6-4f3e-8a83-e7d3fda40644,"(1.3, 0.0, 3.4)",waved,Mike_7 Root,
S_A_L_T_WAVE_IF_CAN,140374,12/7/2022 11:41:19 AM,240ae0fd-0da6-4f3e-8a83-e7d3fda40644,"(4.7, 0.0, -4.6)",waveIfCan,Gloria_8 Root,
S_A_L_T_WAVED,140374,12/7/2022 11:41:19 AM,240ae0fd-0da6-4f3e-8a83-e7d3fda40644,"(4.7, 0.0, -4.6)",waved,Gloria_8 Root,
S_A_L_T_WAVE_IF_CAN,140374,12/7/2022 11:41:19 AM,240ae0fd-0da6-4f3e-8a83-e7d3fda40644,"(4.8, 0.0, -1.1)",waveIfCan,Bob_9 Root,
S_A_L_T_WAVED,140374,12/7/2022 11:41:19 AM,240ae0fd-0da6-4f3e-8a83-e7d3fda40644,"(4.8, 0.0, -1.1)",waved,Bob_9 Root,
S_A_L_T_WAVE_IF_CAN,140374,12/7/2022 11:41:19 AM,240ae0fd-0da6-4f3e-8a83-e7d3fda40644,"(2.7, 0.0, -3.8)",waveIfCan,Helga_10 Root,
S_A_L_T_WAVED,140374,12/7/2022 11:41:19 AM,240ae0fd-0da6-4f3e-8a83-e7d3fda40644,"(2.7, 0.0, -3.8)",waved,Helga_10 Root,
S_A_L_T_WALK_IF_CAN,140388,12/7/2022 11:41:19 AM,240ae0fd-0da6-4f3e-8a83-e7d3fda40644,"(4.7, 0.0, -4.6)",walkIfCan,Gloria_8 Root,
S_A_L_T_WALKED,140388,12/7/2022 11:41:19 AM,240ae0fd-0da6-4f3e-8a83-e7d3fda40644,"(4.7, 0.0, -4.6)",walked,Gloria_8 Root,
S_A_L_T_WALK_IF_CAN,140389,12/7/2022 11:41:19 AM,240ae0fd-0da6-4f3e-8a83-e7d3fda40644,"(4.8, 0.0, -1.1)",walkIfCan,Bob_9 Root,
S_A_L_T_WALKED,140389,12/7/2022 11:41:19 AM,240ae0fd-0da6-4f3e-8a83-e7d3fda40644,"(4.8, 0.0, -1.1)",walked,Bob_9 Root,
S_A_L_T_WALK_IF_CAN,140389,12/7/2022 11:41:19 AM,240ae0fd-0da6-4f3e-8a83-e7d3fda40644,"(2.7, 0.0, -3.8)",walkIfCan,Helga_10 Root,
S_A_L_T_WALKED,140389,12/7/2022 11:41:19 AM,240ae0fd-0da6-4f3e-8a83-e7d3fda40644,"(2.7, 0.0, -3.8)",walked,Helga_10 Root,
TELEPORT,145028,12/7/2022 11:41:24 AM,240ae0fd-0da6-4f3e-8a83-e7d3fda40644,"(0.8, 0.0, -2.3)",
VOICE_CAPTURE,145561,12/7/2022 11:41:24 AM,240ae0fd-0da6-4f3e-8a83-e7d3fda40644,once,NA,
PATIENT_ENGAGED,149161,12/7/2022 11:41:28 AM,240ae0fd-0da6-4f3e-8a83-e7d3fda40644,100,0,Gary_3 Root,"(0.4, 0.0, 1.7)","(0.0, 0.0, 0.0, 1.0)",IMMEDIATE,still,faint,collapsedRight,normal,unresponsive,supine,
PULSE_TAKEN,153542,12/7/2022 11:41:32 AM,240ae0fd-0da6-4f3e-8a83-e7d3fda40644,pulse_faint,Gary_3 Root,
VOICE_CAPTURE,154224,12/7/2022 11:41:33 AM,240ae0fd-0da6-4f3e-8a83-e7d3fda40644,so how do i pulse is just reach out,NA,
VOICE_CAPTURE,159488,12/7/2022 11:41:38 AM,240ae0fd-0da6-4f3e-8a83-e7d3fda40644,wow that is so cool,NA,
VOICE_CAPTURE,169421,12/7/2022 11:41:48 AM,240ae0fd-0da6-4f3e-8a83-e7d3fda40644,it was my glasses,NA,
VOICE_CAPTURE,180635,12/7/2022 11:41:59 AM,240ae0fd-0da6-4f3e-8a83-e7d3fda40644,dude that's sick,NA,
VOICE_CAPTURE,187358,12/7/2022 11:42:06 AM,240ae0fd-0da6-4f3e-8a83-e7d3fda40644,yeah this one does,NA,
BAG_ACCESS,188758,12/7/2022 11:42:08 AM,240ae0fd-0da6-4f3e-8a83-e7d3fda40644,"(1.2, 0.7, 1.7)",
TOOL_HOVER,189625,12/7/2022 11:42:08 AM,240ae0fd-0da6-4f3e-8a83-e7d3fda40644,Needle,998,
TOOL_HOVER,189642,12/7/2022 11:42:08 AM,240ae0fd-0da6-4f3e-8a83-e7d3fda40644,Needle,998,
TOOL_HOVER,189658,12/7/2022 11:42:08 AM,240ae0fd-0da6-4f3e-8a83-e7d3fda40644,Needle,998,
TOOL_HOVER,189675,12/7/2022 11:42:08 AM,240ae0fd-0da6-4f3e-8a83-e7d3fda40644,Needle,998,
TOOL_HOVER,189692,12/7/2022 11:42:08 AM,240ae0fd-0da6-4f3e-8a83-e7d3fda40644,Needle,998,
TOOL_HOVER,189708,12/7/2022 11:42:09 AM,240ae0fd-0da6-4f3e-8a83-e7d3fda40644,Needle,998,
TOOL_HOVER,189725,12/7/2022 11:42:09 AM,240ae0fd-0da6-4f3e-8a83-e7d3fda40644,Needle,998,
TOOL_HOVER,189741,12/7/2022 11:42:09 AM,240ae0fd-0da6-4f3e-8a83-e7d3fda40644,Needle,998,
TOOL_HOVER,189758,12/7/2022 11:42:09 AM,240ae0fd-0da6-4f3e-8a83-e7d3fda40644,Needle,998,
TOOL_HOVER,189775,12/7/2022 11:42:09 AM,240ae0fd-0da6-4f3e-8a83-e7d3fda40644,Needle,998,
TOOL_HOVER,189791,12/7/2022 11:42:09 AM,240ae0fd-0da6-4f3e-8a83-e7d3fda40644,Needle,998,
TOOL_HOVER,189807,12/7/2022 11:42:09 AM,240ae0fd-0da6-4f3e-8a83-e7d3fda40644,Needle,998,
TOOL_HOVER,189824,12/7/2022 11:42:09 AM,240ae0fd-0da6-4f3e-8a83-e7d3fda40644,Needle,998,
TOOL_HOVER,189841,12/7/2022 11:42:09 AM,240ae0fd-0da6-4f3e-8a83-e7d3fda40644,Needle,998,
TOOL_HOVER,189858,12/7/2022 11:42:09 AM,240ae0fd-0da6-4f3e-8a83-e7d3fda40644,Needle,998,
TOOL_HOVER,189875,12/7/2022 11:42:09 AM,240ae0fd-0da6-4f3e-8a83-e7d3fda40644,Needle,998,
TOOL_HOVER,189891,12/7/2022 11:42:09 AM,240ae0fd-0da6-4f3e-8a83-e7d3fda40644,Needle,998,
TOOL_HOVER,189908,12/7/2022 11:42:09 AM,240ae0fd-0da6-4f3e-8a83-e7d3fda40644,Needle,998,
TOOL_HOVER,189924,12/7/2022 11:42:09 AM,240ae0fd-0da6-4f3e-8a83-e7d3fda40644,Needle,998,
TOOL_HOVER,189941,12/7/2022 11:42:09 AM,240ae0fd-0da6-4f3e-8a83-e7d3fda40644,Needle,998,
TOOL_HOVER,189958,12/7/2022 11:42:09 AM,240ae0fd-0da6-4f3e-8a83-e7d3fda40644,Needle,998,
TOOL_SELECTED,189959,12/7/2022 11:42:09 AM,240ae0fd-0da6-4f3e-8a83-e7d3fda40644,Needle,997,
INJURY_TREATED,192460,12/7/2022 11:42:11 AM,240ae0fd-0da6-4f3e-8a83-e7d3fda40644,R Chest Collapse,Gary_3 Root,decompress,high,chest,True,False,"(0.0, 0.0, 0.0)",
TOOL_APPLIED,192460,12/7/2022 11:42:11 AM,240ae0fd-0da6-4f3e-8a83-e7d3fda40644,Needle_Decomp(Clone),Needle,RChest_Breathe1 (UnityEngine.GameObject),cath_needle (UnityEngine.GameObject),right_chest,Needle_Decomp(Clone) (UnityEngine.GameObject),AppliedDecompNeedle,
VOICE_CAPTURE,197572,12/7/2022 11:42:16 AM,240ae0fd-0da6-4f3e-8a83-e7d3fda40644,yep comes right back up that's wild,NA,
BAG_CLOSED,203933,12/7/2022 11:42:23 AM,240ae0fd-0da6-4f3e-8a83-e7d3fda40644,"(1.2, 0.7, 1.7)",
VOICE_CAPTURE,204162,12/7/2022 11:42:23 AM,240ae0fd-0da6-4f3e-8a83-e7d3fda40644,then just walk away from that right there's a got it guardian i saw it,NA,
VOICE_COMMAND,204162,12/7/2022 11:42:23 AM,240ae0fd-0da6-4f3e-8a83-e7d3fda40644,walk to the safe area,then just walk away from that right there's a got it guardian i saw it,
S_A_L_T_WALK_IF_CAN,204167,12/7/2022 11:42:23 AM,240ae0fd-0da6-4f3e-8a83-e7d3fda40644,"(3.0, 0.0, 4.5)",walkIfCan,Lily_2 Root,
S_A_L_T_WALK_IF_CAN,204168,12/7/2022 11:42:23 AM,240ae0fd-0da6-4f3e-8a83-e7d3fda40644,"(1.2, 0.0, 6.2)",walkIfCan,Lily_4 Root,
S_A_L_T_WALK_IF_CAN,204168,12/7/2022 11:42:23 AM,240ae0fd-0da6-4f3e-8a83-e7d3fda40644,"(2.7, 0.0, 2.3)",walkIfCan,Mike_5 Root,
S_A_L_T_WALK_IF_CAN,204168,12/7/2022 11:42:23 AM,240ae0fd-0da6-4f3e-8a83-e7d3fda40644,"(-1.2, 0.0, 3.1)",walkIfCan,Gloria_6 Root,
S_A_L_T_WALK_IF_CAN,204168,12/7/2022 11:42:23 AM,240ae0fd-0da6-4f3e-8a83-e7d3fda40644,"(1.3, 0.0, 3.4)",walkIfCan,Mike_7 Root,
S_A_L_T_WALK_IF_CAN,204168,12/7/2022 11:42:23 AM,240ae0fd-0da6-4f3e-8a83-e7d3fda40644,"(4.9, 0.0, -4.7)",walkIfCan,Gloria_8 Root,
S_A_L_T_WALKED,204168,12/7/2022 11:42:23 AM,240ae0fd-0da6-4f3e-8a83-e7d3fda40644,"(4.9, 0.0, -4.7)",walked,Gloria_8 Root,
S_A_L_T_WALK_IF_CAN,204168,12/7/2022 11:42:23 AM,240ae0fd-0da6-4f3e-8a83-e7d3fda40644,"(4.8, 0.0, -1.1)",walkIfCan,Bob_9 Root,
S_A_L_T_WALKED,204168,12/7/2022 11:42:23 AM,240ae0fd-0da6-4f3e-8a83-e7d3fda40644,"(4.8, 0.0, -1.1)",walked,Bob_9 Root,
S_A_L_T_WALK_IF_CAN,204168,12/7/2022 11:42:23 AM,240ae0fd-0da6-4f3e-8a83-e7d3fda40644,"(3.0, 0.0, -3.9)",walkIfCan,Helga_10 Root,
S_A_L_T_WALKED,204168,12/7/2022 11:42:23 AM,240ae0fd-0da6-4f3e-8a83-e7d3fda40644,"(3.0, 0.0, -3.9)",walked,Helga_10 Root,
VOICE_CAPTURE,211179,12/7/2022 11:42:30 AM,240ae0fd-0da6-4f3e-8a83-e7d3fda40644,i want can i go that way like by teleporting though alright,NA,
VOICE_CAPTURE,213744,12/7/2022 11:42:33 AM,240ae0fd-0da6-4f3e-8a83-e7d3fda40644,that's one,NA,
VOICE_CAPTURE,216160,12/7/2022 11:42:35 AM,240ae0fd-0da6-4f3e-8a83-e7d3fda40644,yep it's not showing up,NA,
TELEPORT,220994,12/7/2022 11:42:40 AM,240ae0fd-0da6-4f3e-8a83-e7d3fda40644,"(0.7, 0.0, 1.3)",
VOICE_CAPTURE,224164,12/7/2022 11:42:43 AM,240ae0fd-0da6-4f3e-8a83-e7d3fda40644,oh that's why,NA,
VOICE_CAPTURE,226774,12/7/2022 11:42:46 AM,240ae0fd-0da6-4f3e-8a83-e7d3fda40644,so i wanna see this dead one,NA,
VOICE_CAPTURE,228957,12/7/2022 11:42:48 AM,240ae0fd-0da6-4f3e-8a83-e7d3fda40644,that's cool,NA,
PATIENT_ENGAGED,232556,12/7/2022 11:42:51 AM,240ae0fd-0da6-4f3e-8a83-e7d3fda40644,100,Infinity,Bob_0 Root,"(-1.7, 0.0, 5.7)","(0.0, 0.7, 0.0, 0.7)",DEAD,still,none,none,none,dead,supine,
VOICE_CAPTURE,233922,12/7/2022 11:42:53 AM,240ae0fd-0da6-4f3e-8a83-e7d3fda40644,they're toast,NA,
VOICE_CAPTURE,236821,12/7/2022 11:42:56 AM,240ae0fd-0da6-4f3e-8a83-e7d3fda40644,check out the face,NA,
TELEPORT,242138,12/7/2022 11:43:01 AM,240ae0fd-0da6-4f3e-8a83-e7d3fda40644,"(-1.5, 0.0, 5.1)",
VOICE_CAPTURE,243303,12/7/2022 11:43:02 AM,240ae0fd-0da6-4f3e-8a83-e7d3fda40644,oh that's good that's how you put some in his face,NA,
VOICE_CAPTURE,248344,12/7/2022 11:43:07 AM,240ae0fd-0da6-4f3e-8a83-e7d3fda40644,yeah i think you are too,NA,
PATIENT_ENGAGED,249061,12/7/2022 11:43:08 AM,240ae0fd-0da6-4f3e-8a83-e7d3fda40644,100,Infinity,Lily_4 Root,"(1.2, 0.0, 6.2)","(0.0, 1.0, 0.0, 0.0)",IMMEDIATE,waver,fast,normal,normal,upset,fetal,
BAG_ACCESS,253277,12/7/2022 11:43:12 AM,240ae0fd-0da6-4f3e-8a83-e7d3fda40644,"(0.9, 0.7, 5.9)",
TOOL_HOVER,253827,12/7/2022 11:43:13 AM,240ae0fd-0da6-4f3e-8a83-e7d3fda40644,Hemostatic Gauze,999,
TOOL_HOVER,253844,12/7/2022 11:43:13 AM,240ae0fd-0da6-4f3e-8a83-e7d3fda40644,Hemostatic Gauze,999,
TOOL_HOVER,253860,12/7/2022 11:43:13 AM,240ae0fd-0da6-4f3e-8a83-e7d3fda40644,Hemostatic Gauze,999,
TOOL_HOVER,253877,12/7/2022 11:43:13 AM,240ae0fd-0da6-4f3e-8a83-e7d3fda40644,Hemostatic Gauze,999,
TOOL_HOVER,253893,12/7/2022 11:43:13 AM,240ae0fd-0da6-4f3e-8a83-e7d3fda40644,Hemostatic Gauze,999,
TOOL_HOVER,253910,12/7/2022 11:43:13 AM,240ae0fd-0da6-4f3e-8a83-e7d3fda40644,Hemostatic Gauze,999,
TOOL_HOVER,253927,12/7/2022 11:43:13 AM,240ae0fd-0da6-4f3e-8a83-e7d3fda40644,Hemostatic Gauze,999,
TOOL_HOVER,253943,12/7/2022 11:43:13 AM,240ae0fd-0da6-4f3e-8a83-e7d3fda40644,Hemostatic Gauze,999,
TOOL_SELECTED,253944,12/7/2022 11:43:13 AM,240ae0fd-0da6-4f3e-8a83-e7d3fda40644,Hemostatic Gauze,998,
TOOL_DISCARDED,256027,12/7/2022 11:43:15 AM,240ae0fd-0da6-4f3e-8a83-e7d3fda40644,Hemostatic Gauze,998,"(0.9, 0.3, 6.5)",
INJURY_TREATED,256028,12/7/2022 11:43:15 AM,240ae0fd-0da6-4f3e-8a83-e7d3fda40644,L Side Puncture,Lily_4 Root,woundpack,medium,abdomen,True,False,"(0.9, 0.2, 6.5)",
TOOL_APPLIED,256028,12/7/2022 11:43:15 AM,240ae0fd-0da6-4f3e-8a83-e7d3fda40644,Lily_4 Root,Gauze_Pack,skinCollider_BodyLOD (UnityEngine.GameObject),null,null,AppliedPackingGauze,
VOICE_CAPTURE,261642,12/7/2022 11:43:20 AM,240ae0fd-0da6-4f3e-8a83-e7d3fda40644,hmm that's cool,NA,
BAG_CLOSED,261692,12/7/2022 11:43:20 AM,240ae0fd-0da6-4f3e-8a83-e7d3fda40644,"(0.9, 0.7, 5.9)",
TELEPORT,261692,12/7/2022 11:43:20 AM,240ae0fd-0da6-4f3e-8a83-e7d3fda40644,"(-0.3, 0.0, 6.4)",
PATIENT_ENGAGED,263026,12/7/2022 11:43:22 AM,240ae0fd-0da6-4f3e-8a83-e7d3fda40644,100,Infinity,Lily_2 Root,"(3.0, 0.0, 4.5)","(0.0, 1.0, 0.0, 0.0)",IMMEDIATE,waver,fast,fast,normal,agony,fetal,
BAG_ACCESS,266190,12/7/2022 11:43:25 AM,240ae0fd-0da6-4f3e-8a83-e7d3fda40644,"(2.5, 0.7, 4.7)",
TOOL_HOVER,267132,12/7/2022 11:43:26 AM,240ae0fd-0da6-4f3e-8a83-e7d3fda40644,Tourniquet,999,
TOOL_HOVER,267151,12/7/2022 11:43:26 AM,240ae0fd-0da6-4f3e-8a83-e7d3fda40644,Tourniquet,999,
TOOL_HOVER,267169,12/7/2022 11:43:26 AM,240ae0fd-0da6-4f3e-8a83-e7d3fda40644,Tourniquet,999,
TOOL_HOVER,267186,12/7/2022 11:43:26 AM,240ae0fd-0da6-4f3e-8a83-e7d3fda40644,Tourniquet,999,
TOOL_HOVER,267205,12/7/2022 11:43:26 AM,240ae0fd-0da6-4f3e-8a83-e7d3fda40644,Tourniquet,999,
TOOL_HOVER,267225,12/7/2022 11:43:26 AM,240ae0fd-0da6-4f3e-8a83-e7d3fda40644,Tourniquet,999,
TOOL_HOVER,267245,12/7/2022 11:43:26 AM,240ae0fd-0da6-4f3e-8a83-e7d3fda40644,Tourniquet,999,
TOOL_HOVER,267266,12/7/2022 11:43:26 AM,240ae0fd-0da6-4f3e-8a83-e7d3fda40644,Tourniquet,999,
TOOL_HOVER,267286,12/7/2022 11:43:26 AM,240ae0fd-0da6-4f3e-8a83-e7d3fda40644,Tourniquet,999,
TOOL_HOVER,267307,12/7/2022 11:43:26 AM,240ae0fd-0da6-4f3e-8a83-e7d3fda40644,Tourniquet,999,
TOOL_HOVER,267327,12/7/2022 11:43:26 AM,240ae0fd-0da6-4f3e-8a83-e7d3fda40644,Tourniquet,999,
TOOL_HOVER,267347,12/7/2022 11:43:26 AM,240ae0fd-0da6-4f3e-8a83-e7d3fda40644,Tourniquet,999,
TOOL_HOVER,267367,12/7/2022 11:43:26 AM,240ae0fd-0da6-4f3e-8a83-e7d3fda40644,Tourniquet,999,
TOOL_HOVER,267386,12/7/2022 11:43:26 AM,240ae0fd-0da6-4f3e-8a83-e7d3fda40644,Tourniquet,999,
TOOL_HOVER,267406,12/7/2022 11:43:26 AM,240ae0fd-0da6-4f3e-8a83-e7d3fda40644,Tourniquet,999,
TOOL_HOVER,267427,12/7/2022 11:43:26 AM,240ae0fd-0da6-4f3e-8a83-e7d3fda40644,Tourniquet,999,
TOOL_HOVER,267446,12/7/2022 11:43:26 AM,240ae0fd-0da6-4f3e-8a83-e7d3fda40644,Tourniquet,999,
TOOL_SELECTED,267447,12/7/2022 11:43:26 AM,240ae0fd-0da6-4f3e-8a83-e7d3fda40644,Tourniquet,998,
INJURY_TREATED,270167,12/7/2022 11:43:29 AM,240ae0fd-0da6-4f3e-8a83-e7d3fda40644,R Shin Amputation,Lily_2 Root,tourniquet,high,rightLeg,True,False,"(3.2, 0.1, 4.2)",
TOOL_APPLIED,270167,12/7/2022 11:43:29 AM,240ae0fd-0da6-4f3e-8a83-e7d3fda40644,Lily_2 Root,Tourniquet,RightUpLeg (UnityEngine.GameObject),tor_ring (1) (UnityEngine.GameObject),tourniquet(Clone) (UnityEngine.GameObject),AppliedTourniquet,
VOICE_CAPTURE,271342,12/7/2022 11:43:30 AM,240ae0fd-0da6-4f3e-8a83-e7d3fda40644,getting this stuff is actually pretty straightforward,NA,
VOICE_CAPTURE,275464,12/7/2022 11:43:34 AM,240ae0fd-0da6-4f3e-8a83-e7d3fda40644,that's pretty wild,NA,
BAG_CLOSED,275699,12/7/2022 11:43:35 AM,240ae0fd-0da6-4f3e-8a83-e7d3fda40644,"(2.5, 0.7, 4.7)",
TELEPORT,275699,12/7/2022 11:43:35 AM,240ae0fd-0da6-4f3e-8a83-e7d3fda40644,"(1.3, 0.0, 5.7)",
TELEPORT,277562,12/7/2022 11:43:36 AM,240ae0fd-0da6-4f3e-8a83-e7d3fda40644,"(1.3, 0.0, 5.7)",
PATIENT_ENGAGED,279541,12/7/2022 11:43:38 AM,240ae0fd-0da6-4f3e-8a83-e7d3fda40644,100,Infinity,Mike_5 Root,"(2.7, 0.0, 2.3)","(0.0, 1.0, 0.0, 0.0)",IMMEDIATE,waver,fast,normal,normal,upset,fetal,
VOICE_CAPTURE,283365,12/7/2022 11:43:42 AM,240ae0fd-0da6-4f3e-8a83-e7d3fda40644,oh so you can hit the joystick too and it'll like just move you it'll get rid of that thing,NA,
TELEPORT,286629,12/7/2022 11:43:45 AM,240ae0fd-0da6-4f3e-8a83-e7d3fda40644,"(1.6, 0.0, 4.0)",
BAG_ACCESS,293564,12/7/2022 11:43:52 AM,240ae0fd-0da6-4f3e-8a83-e7d3fda40644,"(3.4, 0.7, 2.1)",
TOOL_HOVER,294227,12/7/2022 11:43:53 AM,240ae0fd-0da6-4f3e-8a83-e7d3fda40644,Gauze,999,
TOOL_HOVER,294255,12/7/2022 11:43:53 AM,240ae0fd-0da6-4f3e-8a83-e7d3fda40644,Gauze,999,
TOOL_HOVER,294284,12/7/2022 11:43:53 AM,240ae0fd-0da6-4f3e-8a83-e7d3fda40644,Gauze,999,
TOOL_HOVER,294313,12/7/2022 11:43:53 AM,240ae0fd-0da6-4f3e-8a83-e7d3fda40644,Gauze,999,
TOOL_HOVER,294340,12/7/2022 11:43:53 AM,240ae0fd-0da6-4f3e-8a83-e7d3fda40644,Tourniquet,998,
TOOL_HOVER,294369,12/7/2022 11:43:53 AM,240ae0fd-0da6-4f3e-8a83-e7d3fda40644,Tourniquet,998,
TOOL_SELECTED,294370,12/7/2022 11:43:53 AM,240ae0fd-0da6-4f3e-8a83-e7d3fda40644,Tourniquet,997,
VOICE_CAPTURE,297300,12/7/2022 11:43:56 AM,240ae0fd-0da6-4f3e-8a83-e7d3fda40644,so this is the one that has like multiple,NA,
INJURY_TREATED,297356,12/7/2022 11:43:56 AM,240ae0fd-0da6-4f3e-8a83-e7d3fda40644,R Thigh Laceration,Mike_5 Root,tourniquet,medium,rightLeg,True,False,"(3.0, 0.3, 2.2)",
TOOL_APPLIED,297356,12/7/2022 11:43:56 AM,240ae0fd-0da6-4f3e-8a83-e7d3fda40644,Mike_5 Root,Tourniquet,RightUpLeg (UnityEngine.GameObject),tor_ring (1) (UnityEngine.GameObject),tourniquet(Clone) (UnityEngine.GameObject),AppliedTourniquet,
VOICE_CAPTURE,300171,12/7/2022 11:43:59 AM,240ae0fd-0da6-4f3e-8a83-e7d3fda40644,there you go,NA,
PULSE_TAKEN,302391,12/7/2022 11:44:01 AM,240ae0fd-0da6-4f3e-8a83-e7d3fda40644,pulse_fast,Mike_5 Root,
VOICE_CAPTURE,304837,12/7/2022 11:44:04 AM,240ae0fd-0da6-4f3e-8a83-e7d3fda40644,i wanna move this first try to move his hand,NA,
TOOL_HOVER,305423,12/7/2022 11:44:04 AM,240ae0fd-0da6-4f3e-8a83-e7d3fda40644,Hemostatic Gauze,999,
TOOL_HOVER,305439,12/7/2022 11:44:04 AM,240ae0fd-0da6-4f3e-8a83-e7d3fda40644,Hemostatic Gauze,999,
TOOL_HOVER,305456,12/7/2022 11:44:04 AM,240ae0fd-0da6-4f3e-8a83-e7d3fda40644,Hemostatic Gauze,999,
TOOL_HOVER,305473,12/7/2022 11:44:04 AM,240ae0fd-0da6-4f3e-8a83-e7d3fda40644,Hemostatic Gauze,999,
TOOL_HOVER,305489,12/7/2022 11:44:04 AM,240ae0fd-0da6-4f3e-8a83-e7d3fda40644,Hemostatic Gauze,999,
TOOL_HOVER,305506,12/7/2022 11:44:04 AM,240ae0fd-0da6-4f3e-8a83-e7d3fda40644,Hemostatic Gauze,999,
TOOL_HOVER,305522,12/7/2022 11:44:04 AM,240ae0fd-0da6-4f3e-8a83-e7d3fda40644,Hemostatic Gauze,999,
TOOL_HOVER,305540,12/7/2022 11:44:04 AM,240ae0fd-0da6-4f3e-8a83-e7d3fda40644,Hemostatic Gauze,999,
TOOL_HOVER,305556,12/7/2022 11:44:04 AM,240ae0fd-0da6-4f3e-8a83-e7d3fda40644,Hemostatic Gauze,999,
TOOL_HOVER,305572,12/7/2022 11:44:04 AM,240ae0fd-0da6-4f3e-8a83-e7d3fda40644,Hemostatic Gauze,999,
TOOL_SELECTED,305573,12/7/2022 11:44:04 AM,240ae0fd-0da6-4f3e-8a83-e7d3fda40644,Hemostatic Gauze,998,
VOICE_CAPTURE,306438,12/7/2022 11:44:05 AM,240ae0fd-0da6-4f3e-8a83-e7d3fda40644,yeah got it,NA,
TOOL_DISCARDED,307289,12/7/2022 11:44:06 AM,240ae0fd-0da6-4f3e-8a83-e7d3fda40644,Hemostatic Gauze,998,"(3.1, 0.2, 2.5)",
INJURY_TREATED,307289,12/7/2022 11:44:06 AM,240ae0fd-0da6-4f3e-8a83-e7d3fda40644,R Side Puncture,Mike_5 Root,woundpack,medium,abdomen,True,False,"(3.1, 0.2, 2.5)",
TOOL_APPLIED,307289,12/7/2022 11:44:06 AM,240ae0fd-0da6-4f3e-8a83-e7d3fda40644,Mike_5 Root,Gauze_Pack,skinCollider_BodyCollideLOD (UnityEngine.GameObject),null,null,AppliedPackingGauze,
VOICE_CAPTURE,314373,12/7/2022 11:44:13 AM,240ae0fd-0da6-4f3e-8a83-e7d3fda40644,so,NA,
VOICE_CAPTURE,317970,12/7/2022 11:44:17 AM,240ae0fd-0da6-4f3e-8a83-e7d3fda40644,but could i ask him to move his hand,NA,
VOICE_CAPTURE,319637,12/7/2022 11:44:18 AM,240ae0fd-0da6-4f3e-8a83-e7d3fda40644,can you move your hand,NA,
VOICE_COMMAND,319637,12/7/2022 11:44:18 AM,240ae0fd-0da6-4f3e-8a83-e7d3fda40644,reveal injury,can you move your hand,
VOICE_CAPTURE,322719,12/7/2022 11:44:22 AM,240ae0fd-0da6-4f3e-8a83-e7d3fda40644,yeah,NA,
VOICE_CAPTURE,324552,12/7/2022 11:44:23 AM,240ae0fd-0da6-4f3e-8a83-e7d3fda40644,delete that,NA,
BAG_CLOSED,324572,12/7/2022 11:44:23 AM,240ae0fd-0da6-4f3e-8a83-e7d3fda40644,"(3.4, 0.7, 2.1)",
TELEPORT,333388,12/7/2022 11:44:32 AM,240ae0fd-0da6-4f3e-8a83-e7d3fda40644,"(2.4, 0.0, 3.3)",
VOICE_CAPTURE,334632,12/7/2022 11:44:33 AM,240ae0fd-0da6-4f3e-8a83-e7d3fda40644,wow,NA,
PATIENT_ENGAGED,336583,12/7/2022 11:44:35 AM,240ae0fd-0da6-4f3e-8a83-e7d3fda40644,100,Infinity,Gary_1 Root,"(1.6, 0.0, 7.6)","(0.0, 1.0, 0.0, 0.0)",EXPECTANT,still,none,restricted,none,unresponsive,supine,
VOICE_CAPTURE,341914,12/7/2022 11:44:41 AM,240ae0fd-0da6-4f3e-8a83-e7d3fda40644,making sure i'm not running into a wall,NA,
VOICE_CAPTURE,346079,12/7/2022 11:44:45 AM,240ae0fd-0da6-4f3e-8a83-e7d3fda40644,oh wow,NA,
PULSE_TAKEN,346730,12/7/2022 11:44:46 AM,240ae0fd-0da6-4f3e-8a83-e7d3fda40644,pulse_none,Gary_1 Root,
VOICE_CAPTURE,356544,12/7/2022 11:44:55 AM,240ae0fd-0da6-4f3e-8a83-e7d3fda40644,so he's breathing no pulse,NA,
VOICE_CAPTURE,365159,12/7/2022 11:45:04 AM,240ae0fd-0da6-4f3e-8a83-e7d3fda40644,he's,NA,
PULSE_TAKEN,366407,12/7/2022 11:45:05 AM,240ae0fd-0da6-4f3e-8a83-e7d3fda40644,pulse_none,Gary_1 Root,
VOICE_CAPTURE,371781,12/7/2022 11:45:11 AM,240ae0fd-0da6-4f3e-8a83-e7d3fda40644,so this guy's breathing no pulse,NA,
VOICE_CAPTURE,371898,12/7/2022 11:45:11 AM,240ae0fd-0da6-4f3e-8a83-e7d3fda40644,yeah,NA,
VOICE_CAPTURE,378797,12/7/2022 11:45:18 AM,240ae0fd-0da6-4f3e-8a83-e7d3fda40644,i'm gonna leave him here,NA,
VOICE_CAPTURE,382096,12/7/2022 11:45:21 AM,240ae0fd-0da6-4f3e-8a83-e7d3fda40644,hmm,NA,
VOICE_CAPTURE,384328,12/7/2022 11:45:23 AM,240ae0fd-0da6-4f3e-8a83-e7d3fda40644,yeah,NA,
PATIENT_ENGAGED,386962,12/7/2022 11:45:26 AM,240ae0fd-0da6-4f3e-8a83-e7d3fda40644,100,Infinity,Lily_4 Root,"(1.2, 0.0, 6.2)","(0.0, 1.0, 0.0, 0.0)",IMMEDIATE,waver,fast,normal,normal,upset,fetal,
VOICE_CAPTURE,389112,12/7/2022 11:45:28 AM,240ae0fd-0da6-4f3e-8a83-e7d3fda40644,greater,NA,
BAG_ACCESS,392412,12/7/2022 11:45:31 AM,240ae0fd-0da6-4f3e-8a83-e7d3fda40644,"(0.6, 0.7, 7.5)",
VOICE_CAPTURE,394543,12/7/2022 11:45:33 AM,240ae0fd-0da6-4f3e-8a83-e7d3fda40644,that's right,NA,
VOICE_CAPTURE,401626,12/7/2022 11:45:40 AM,240ae0fd-0da6-4f3e-8a83-e7d3fda40644,yeah but you have them here,NA,
BAG_CLOSED,405302,12/7/2022 11:45:44 AM,240ae0fd-0da6-4f3e-8a83-e7d3fda40644,"(0.6, 0.7, 7.5)",
TELEPORT,405302,12/7/2022 11:45:44 AM,240ae0fd-0da6-4f3e-8a83-e7d3fda40644,"(0.3, 0.0, 8.3)",
PATIENT_ENGAGED,407273,12/7/2022 11:45:46 AM,240ae0fd-0da6-4f3e-8a83-e7d3fda40644,100,Infinity,Bob_9 Root,"(4.8, 0.0, -1.1)","(0.0, -0.7, 0.0, 0.7)",MINIMAL,walker,normal,normal,normal,calm,sittingChair,
TELEPORT,408689,12/7/2022 11:45:47 AM,240ae0fd-0da6-4f3e-8a83-e7d3fda40644,"(3.8, 0.0, 1.0)",
PULSE_TAKEN,413655,12/7/2022 11:45:52 AM,240ae0fd-0da6-4f3e-8a83-e7d3fda40644,pulse_normal,Bob_9 Root,
VOICE_CAPTURE,419038,12/7/2022 11:45:58 AM,240ae0fd-0da6-4f3e-8a83-e7d3fda40644,that's cool,NA,
VOICE_CAPTURE,421088,12/7/2022 11:46:00 AM,240ae0fd-0da6-4f3e-8a83-e7d3fda40644,yeah,NA,
VOICE_CAPTURE,425985,12/7/2022 11:46:05 AM,240ae0fd-0da6-4f3e-8a83-e7d3fda40644,i think i'm good with this this is cool,NA,
VOICE_CAPTURE,429438,12/7/2022 11:46:08 AM,240ae0fd-0da6-4f3e-8a83-e7d3fda40644,try it out for sure can you,NA,
VOICE_CAPTURE,433117,12/7/2022 11:46:12 AM,240ae0fd-0da6-4f3e-8a83-e7d3fda40644,yeah,NA,
VOICE_CAPTURE,437824,12/7/2022 11:46:17 AM,240ae0fd-0da6-4f3e-8a83-e7d3fda40644,does the emergency alarm work,NA,
VOICE_CAPTURE,445324,12/7/2022 11:46:24 AM,240ae0fd-0da6-4f3e-8a83-e7d3fda40644,i will keep my arms down if you need to do something,NA,
SESSION_END,449224,12/7/2022 11:46:28 AM,240ae0fd-0da6-4f3e-8a83-e7d3fda40644,
