TELEPORT,7941,12/8/2022 2:34:12 PM,25966c4f-f5ed-45ec-8723-37d91e0d1469,"(1.9, 0.0, 1.2)",
VOICE_CAPTURE,11200,12/8/2022 2:34:15 PM,25966c4f-f5ed-45ec-8723-37d91e0d1469,so go ahead and look around and move your feet a little bit,NA,
VOICE_COMMAND,11200,12/8/2022 2:34:15 PM,25966c4f-f5ed-45ec-8723-37d91e0d1469,reveal injury,so go ahead and look around and move your feet a little bit,
VOICE_CAPTURE,16194,12/8/2022 2:34:20 PM,25966c4f-f5ed-45ec-8723-37d91e0d1469,yeah weird OK,NA,
TELEPORT,19786,12/8/2022 2:34:23 PM,25966c4f-f5ed-45ec-8723-37d91e0d1469,"(2.0, 0.0, 1.1)",
TELEPORT,20322,12/8/2022 2:34:24 PM,25966c4f-f5ed-45ec-8723-37d91e0d1469,"(2.0, 0.0, 0.8)",
TELEPORT,20923,12/8/2022 2:34:25 PM,25966c4f-f5ed-45ec-8723-37d91e0d1469,"(2.1, 0.0, 0.6)",
TELEPORT,21508,12/8/2022 2:34:25 PM,25966c4f-f5ed-45ec-8723-37d91e0d1469,"(2.1, 0.0, 0.3)",
PATIENT_ENGAGED,21625,12/8/2022 2:34:25 PM,25966c4f-f5ed-45ec-8723-37d91e0d1469,100,128,Mike Root,"(3.1, 0.0, -1.0)","(0.0, 0.1, 0.0, -1.0)",MINIMAL,walker,normal,normal,normal,calm,standing,
VOICE_CAPTURE,21909,12/8/2022 2:34:26 PM,25966c4f-f5ed-45ec-8723-37d91e0d1469,OK,NA,
TELEPORT,21975,12/8/2022 2:34:26 PM,25966c4f-f5ed-45ec-8723-37d91e0d1469,"(2.1, 0.0, 0.2)",
TELEPORT,22427,12/8/2022 2:34:26 PM,25966c4f-f5ed-45ec-8723-37d91e0d1469,"(2.1, 0.0, 0.1)",
TELEPORT,22894,12/8/2022 2:34:27 PM,25966c4f-f5ed-45ec-8723-37d91e0d1469,"(2.2, 0.0, 0.0)",
VOICE_CAPTURE,26871,12/8/2022 2:34:31 PM,25966c4f-f5ed-45ec-8723-37d91e0d1469,use this left one that i showed you and just push forward does that make you feel wonky little bit,NA,
TELEPORT,27506,12/8/2022 2:34:31 PM,25966c4f-f5ed-45ec-8723-37d91e0d1469,"(2.2, 0.0, -0.1)",
TELEPORT,33453,12/8/2022 2:34:37 PM,25966c4f-f5ed-45ec-8723-37d91e0d1469,"(0.7, 0.0, 0.7)",
VOICE_CAPTURE,33970,12/8/2022 2:34:38 PM,25966c4f-f5ed-45ec-8723-37d91e0d1469,OK yes,NA,
VOICE_CAPTURE,35910,12/8/2022 2:34:40 PM,25966c4f-f5ed-45ec-8723-37d91e0d1469,OK,NA,
VOICE_CAPTURE,40470,12/8/2022 2:34:44 PM,25966c4f-f5ed-45ec-8723-37d91e0d1469,well,NA,
VOICE_CAPTURE,44797,12/8/2022 2:34:48 PM,25966c4f-f5ed-45ec-8723-37d91e0d1469,physically take a step forward OK,NA,
VOICE_CAPTURE,47204,12/8/2022 2:34:51 PM,25966c4f-f5ed-45ec-8723-37d91e0d1469,take your hand and just reach out,NA,
PULSE_TAKEN,48289,12/8/2022 2:34:52 PM,25966c4f-f5ed-45ec-8723-37d91e0d1469,pulse_normal,Mike Root,
PULSE_TAKEN,49275,12/8/2022 2:34:53 PM,25966c4f-f5ed-45ec-8723-37d91e0d1469,pulse_normal,Mike Root,
PULSE_TAKEN,49918,12/8/2022 2:34:54 PM,25966c4f-f5ed-45ec-8723-37d91e0d1469,pulse_normal,Mike Root,
VOICE_CAPTURE,52274,12/8/2022 2:34:56 PM,25966c4f-f5ed-45ec-8723-37d91e0d1469,you feel this false vibrate in your hand right oh yeah now i can,NA,
PULSE_TAKEN,53010,12/8/2022 2:34:57 PM,25966c4f-f5ed-45ec-8723-37d91e0d1469,pulse_normal,Mike Root,
PULSE_TAKEN,54897,12/8/2022 2:34:59 PM,25966c4f-f5ed-45ec-8723-37d91e0d1469,pulse_normal,Mike Root,
VOICE_CAPTURE,56718,12/8/2022 2:35:00 PM,25966c4f-f5ed-45ec-8723-37d91e0d1469,that's kind of,NA,
VOICE_CAPTURE,57119,12/8/2022 2:35:01 PM,25966c4f-f5ed-45ec-8723-37d91e0d1469,OK,NA,
PULSE_TAKEN,58990,12/8/2022 2:35:03 PM,25966c4f-f5ed-45ec-8723-37d91e0d1469,pulse_normal,Mike Root,
VOICE_CAPTURE,60611,12/8/2022 2:35:04 PM,25966c4f-f5ed-45ec-8723-37d91e0d1469,yeah,NA,
VOICE_CAPTURE,61280,12/8/2022 2:35:05 PM,25966c4f-f5ed-45ec-8723-37d91e0d1469,i'm gonna try that,NA,
VOICE_CAPTURE,65739,12/8/2022 2:35:09 PM,25966c4f-f5ed-45ec-8723-37d91e0d1469,yeah,NA,
VOICE_CAPTURE,67677,12/8/2022 2:35:11 PM,25966c4f-f5ed-45ec-8723-37d91e0d1469,you reach towards it,NA,
TAG_SELECTED,74278,12/8/2022 2:35:18 PM,25966c4f-f5ed-45ec-8723-37d91e0d1469,green,
VOICE_CAPTURE,74996,12/8/2022 2:35:19 PM,25966c4f-f5ed-45ec-8723-37d91e0d1469,it turns yellow rabbit then see how you're holding the trigger down yeah,NA,
TAG_DISCARDED,75466,12/8/2022 2:35:19 PM,25966c4f-f5ed-45ec-8723-37d91e0d1469,green,"(3.1, 1.4, -0.7)",
BAG_ACCESS,75782,12/8/2022 2:35:19 PM,25966c4f-f5ed-45ec-8723-37d91e0d1469,"(2.9, 0.7, -0.2)",
TAG_SELECTED,77602,12/8/2022 2:35:21 PM,25966c4f-f5ed-45ec-8723-37d91e0d1469,green,
VOICE_CAPTURE,78724,12/8/2022 2:35:22 PM,25966c4f-f5ed-45ec-8723-37d91e0d1469,it doesn't and it doesn't matter like what,NA,
TAG_DISCARDED,78922,12/8/2022 2:35:23 PM,25966c4f-f5ed-45ec-8723-37d91e0d1469,green,"(3.2, 1.2, -0.7)",
VOICE_CAPTURE,80827,12/8/2022 2:35:24 PM,25966c4f-f5ed-45ec-8723-37d91e0d1469,OK,NA,
TAG_SELECTED,83198,12/8/2022 2:35:27 PM,25966c4f-f5ed-45ec-8723-37d91e0d1469,green,
TAG_APPLIED,84737,12/8/2022 2:35:28 PM,25966c4f-f5ed-45ec-8723-37d91e0d1469,Mike Root,green,
VOICE_CAPTURE,85020,12/8/2022 2:35:29 PM,25966c4f-f5ed-45ec-8723-37d91e0d1469,at the bottom of the wrist,NA,
VOICE_CAPTURE,87960,12/8/2022 2:35:32 PM,25966c4f-f5ed-45ec-8723-37d91e0d1469,OK see you,NA,
VOICE_CAPTURE,90132,12/8/2022 2:35:34 PM,25966c4f-f5ed-45ec-8723-37d91e0d1469,OK,NA,
VOICE_CAPTURE,95964,12/8/2022 2:35:40 PM,25966c4f-f5ed-45ec-8723-37d91e0d1469,so the top left one would be or like,NA,
VOICE_CAPTURE,99522,12/8/2022 2:35:43 PM,25966c4f-f5ed-45ec-8723-37d91e0d1469,yeah,NA,
TOOL_HOVER,102313,12/8/2022 2:35:46 PM,25966c4f-f5ed-45ec-8723-37d91e0d1469,Tourniquet,999,
TOOL_HOVER,102329,12/8/2022 2:35:46 PM,25966c4f-f5ed-45ec-8723-37d91e0d1469,Tourniquet,999,
TOOL_HOVER,102345,12/8/2022 2:35:46 PM,25966c4f-f5ed-45ec-8723-37d91e0d1469,Tourniquet,999,
TOOL_HOVER,102362,12/8/2022 2:35:46 PM,25966c4f-f5ed-45ec-8723-37d91e0d1469,Tourniquet,999,
TOOL_HOVER,102380,12/8/2022 2:35:46 PM,25966c4f-f5ed-45ec-8723-37d91e0d1469,Tourniquet,999,
TOOL_HOVER,102396,12/8/2022 2:35:46 PM,25966c4f-f5ed-45ec-8723-37d91e0d1469,Tourniquet,999,
TOOL_HOVER,102413,12/8/2022 2:35:46 PM,25966c4f-f5ed-45ec-8723-37d91e0d1469,Tourniquet,999,
TOOL_HOVER,102430,12/8/2022 2:35:46 PM,25966c4f-f5ed-45ec-8723-37d91e0d1469,Tourniquet,999,
TOOL_HOVER,102446,12/8/2022 2:35:46 PM,25966c4f-f5ed-45ec-8723-37d91e0d1469,Tourniquet,999,
TOOL_HOVER,102462,12/8/2022 2:35:46 PM,25966c4f-f5ed-45ec-8723-37d91e0d1469,Tourniquet,999,
TOOL_HOVER,102479,12/8/2022 2:35:46 PM,25966c4f-f5ed-45ec-8723-37d91e0d1469,Tourniquet,999,
TOOL_SELECTED,102481,12/8/2022 2:35:46 PM,25966c4f-f5ed-45ec-8723-37d91e0d1469,Tourniquet,998,
TOOL_APPLIED,105856,12/8/2022 2:35:50 PM,25966c4f-f5ed-45ec-8723-37d91e0d1469,Mike Root,Tourniquet,RightArm (UnityEngine.GameObject),tor_ring (1) (UnityEngine.GameObject),tourniquet(Clone) (UnityEngine.GameObject),AppliedTourniquet,
VOICE_CAPTURE,111534,12/8/2022 2:35:55 PM,25966c4f-f5ed-45ec-8723-37d91e0d1469,yep you have it now put it on his arm with her arms yeah,NA,
TOOL_HOVER,114307,12/8/2022 2:35:58 PM,25966c4f-f5ed-45ec-8723-37d91e0d1469,Tourniquet,998,
TOOL_HOVER,114327,12/8/2022 2:35:58 PM,25966c4f-f5ed-45ec-8723-37d91e0d1469,Tourniquet,998,
TOOL_HOVER,114341,12/8/2022 2:35:58 PM,25966c4f-f5ed-45ec-8723-37d91e0d1469,Tourniquet,998,
TOOL_HOVER,114359,12/8/2022 2:35:58 PM,25966c4f-f5ed-45ec-8723-37d91e0d1469,Tourniquet,998,
TOOL_HOVER,114375,12/8/2022 2:35:58 PM,25966c4f-f5ed-45ec-8723-37d91e0d1469,Tourniquet,998,
TOOL_HOVER,114391,12/8/2022 2:35:58 PM,25966c4f-f5ed-45ec-8723-37d91e0d1469,Tourniquet,998,
TOOL_HOVER,114408,12/8/2022 2:35:58 PM,25966c4f-f5ed-45ec-8723-37d91e0d1469,Tourniquet,998,
TOOL_HOVER,114424,12/8/2022 2:35:58 PM,25966c4f-f5ed-45ec-8723-37d91e0d1469,Tourniquet,998,
TOOL_HOVER,114441,12/8/2022 2:35:58 PM,25966c4f-f5ed-45ec-8723-37d91e0d1469,Tourniquet,998,
TOOL_HOVER,114458,12/8/2022 2:35:58 PM,25966c4f-f5ed-45ec-8723-37d91e0d1469,Tourniquet,998,
TOOL_HOVER,114475,12/8/2022 2:35:58 PM,25966c4f-f5ed-45ec-8723-37d91e0d1469,Tourniquet,998,
TOOL_HOVER,114491,12/8/2022 2:35:58 PM,25966c4f-f5ed-45ec-8723-37d91e0d1469,Tourniquet,998,
TOOL_SELECTED,114492,12/8/2022 2:35:58 PM,25966c4f-f5ed-45ec-8723-37d91e0d1469,Tourniquet,997,
VOICE_CAPTURE,117949,12/8/2022 2:36:02 PM,25966c4f-f5ed-45ec-8723-37d91e0d1469,OK so sorry see,NA,
TOOL_DISCARDED,119472,12/8/2022 2:36:03 PM,25966c4f-f5ed-45ec-8723-37d91e0d1469,Tourniquet,997,"(2.9, 1.3, -0.6)",
VOICE_CAPTURE,121075,12/8/2022 2:36:05 PM,25966c4f-f5ed-45ec-8723-37d91e0d1469,that means OK,NA,
VOICE_CAPTURE,122243,12/8/2022 2:36:06 PM,25966c4f-f5ed-45ec-8723-37d91e0d1469,OK,NA,
TOOL_HOVER,125351,12/8/2022 2:36:09 PM,25966c4f-f5ed-45ec-8723-37d91e0d1469,Tourniquet,998,
TOOL_HOVER,125369,12/8/2022 2:36:09 PM,25966c4f-f5ed-45ec-8723-37d91e0d1469,Tourniquet,998,
TOOL_HOVER,125385,12/8/2022 2:36:09 PM,25966c4f-f5ed-45ec-8723-37d91e0d1469,Tourniquet,998,
TOOL_HOVER,125401,12/8/2022 2:36:09 PM,25966c4f-f5ed-45ec-8723-37d91e0d1469,Tourniquet,998,
TOOL_HOVER,125418,12/8/2022 2:36:09 PM,25966c4f-f5ed-45ec-8723-37d91e0d1469,Tourniquet,998,
TOOL_SELECTED,125419,12/8/2022 2:36:09 PM,25966c4f-f5ed-45ec-8723-37d91e0d1469,Tourniquet,997,
TOOL_DISCARDED,126555,12/8/2022 2:36:10 PM,25966c4f-f5ed-45ec-8723-37d91e0d1469,Tourniquet,997,"(2.8, 1.5, -0.8)",
TOOL_HOVER,126655,12/8/2022 2:36:10 PM,25966c4f-f5ed-45ec-8723-37d91e0d1469,Tourniquet,998,
TOOL_HOVER,126671,12/8/2022 2:36:10 PM,25966c4f-f5ed-45ec-8723-37d91e0d1469,Tourniquet,998,
TOOL_HOVER,126688,12/8/2022 2:36:10 PM,25966c4f-f5ed-45ec-8723-37d91e0d1469,Tourniquet,998,
TOOL_HOVER,126704,12/8/2022 2:36:10 PM,25966c4f-f5ed-45ec-8723-37d91e0d1469,Tourniquet,998,
TOOL_HOVER,126721,12/8/2022 2:36:10 PM,25966c4f-f5ed-45ec-8723-37d91e0d1469,Tourniquet,998,
TOOL_HOVER,126738,12/8/2022 2:36:10 PM,25966c4f-f5ed-45ec-8723-37d91e0d1469,Tourniquet,998,
TOOL_HOVER,126755,12/8/2022 2:36:10 PM,25966c4f-f5ed-45ec-8723-37d91e0d1469,Tourniquet,998,
TOOL_HOVER,126772,12/8/2022 2:36:10 PM,25966c4f-f5ed-45ec-8723-37d91e0d1469,Tourniquet,998,
TOOL_HOVER,126788,12/8/2022 2:36:10 PM,25966c4f-f5ed-45ec-8723-37d91e0d1469,Tourniquet,998,
TOOL_HOVER,126805,12/8/2022 2:36:10 PM,25966c4f-f5ed-45ec-8723-37d91e0d1469,Tourniquet,998,
TOOL_HOVER,126821,12/8/2022 2:36:10 PM,25966c4f-f5ed-45ec-8723-37d91e0d1469,Tourniquet,998,
TOOL_HOVER,126839,12/8/2022 2:36:11 PM,25966c4f-f5ed-45ec-8723-37d91e0d1469,Tourniquet,998,
TOOL_HOVER,127256,12/8/2022 2:36:11 PM,25966c4f-f5ed-45ec-8723-37d91e0d1469,Needle,999,
TOOL_HOVER,127273,12/8/2022 2:36:11 PM,25966c4f-f5ed-45ec-8723-37d91e0d1469,Needle,999,
TOOL_HOVER,127291,12/8/2022 2:36:11 PM,25966c4f-f5ed-45ec-8723-37d91e0d1469,Needle,999,
TOOL_HOVER,127305,12/8/2022 2:36:11 PM,25966c4f-f5ed-45ec-8723-37d91e0d1469,Needle,999,
TOOL_HOVER,127323,12/8/2022 2:36:11 PM,25966c4f-f5ed-45ec-8723-37d91e0d1469,Needle,999,
TOOL_HOVER,127339,12/8/2022 2:36:11 PM,25966c4f-f5ed-45ec-8723-37d91e0d1469,Needle,999,
TOOL_HOVER,127356,12/8/2022 2:36:11 PM,25966c4f-f5ed-45ec-8723-37d91e0d1469,Needle,999,
TOOL_HOVER,127373,12/8/2022 2:36:11 PM,25966c4f-f5ed-45ec-8723-37d91e0d1469,Needle,999,
TOOL_HOVER,127389,12/8/2022 2:36:11 PM,25966c4f-f5ed-45ec-8723-37d91e0d1469,Needle,999,
TOOL_HOVER,127406,12/8/2022 2:36:11 PM,25966c4f-f5ed-45ec-8723-37d91e0d1469,Needle,999,
TOOL_HOVER,127422,12/8/2022 2:36:11 PM,25966c4f-f5ed-45ec-8723-37d91e0d1469,Needle,999,
TOOL_SELECTED,127423,12/8/2022 2:36:11 PM,25966c4f-f5ed-45ec-8723-37d91e0d1469,Needle,998,
VOICE_CAPTURE,131684,12/8/2022 2:36:15 PM,25966c4f-f5ed-45ec-8723-37d91e0d1469,yeah,NA,
TOOL_APPLIED,133573,12/8/2022 2:36:17 PM,25966c4f-f5ed-45ec-8723-37d91e0d1469,Needle_Decomp(Clone),Needle,LChest_Breathe1 (UnityEngine.GameObject),cath_needle (UnityEngine.GameObject),left_chest,Needle_Decomp(Clone) (UnityEngine.GameObject),AppliedDecompNeedle,
TOOL_HOVER,140455,12/8/2022 2:36:24 PM,25966c4f-f5ed-45ec-8723-37d91e0d1469,Hemostatic Gauze,999,
TOOL_HOVER,140472,12/8/2022 2:36:24 PM,25966c4f-f5ed-45ec-8723-37d91e0d1469,Hemostatic Gauze,999,
TOOL_HOVER,140488,12/8/2022 2:36:24 PM,25966c4f-f5ed-45ec-8723-37d91e0d1469,Hemostatic Gauze,999,
TOOL_HOVER,140505,12/8/2022 2:36:24 PM,25966c4f-f5ed-45ec-8723-37d91e0d1469,Hemostatic Gauze,999,
TOOL_HOVER,140524,12/8/2022 2:36:24 PM,25966c4f-f5ed-45ec-8723-37d91e0d1469,Hemostatic Gauze,999,
TOOL_HOVER,140538,12/8/2022 2:36:24 PM,25966c4f-f5ed-45ec-8723-37d91e0d1469,Hemostatic Gauze,999,
TOOL_HOVER,140555,12/8/2022 2:36:24 PM,25966c4f-f5ed-45ec-8723-37d91e0d1469,Hemostatic Gauze,999,
TOOL_HOVER,140570,12/8/2022 2:36:24 PM,25966c4f-f5ed-45ec-8723-37d91e0d1469,Hemostatic Gauze,999,
TOOL_HOVER,140587,12/8/2022 2:36:24 PM,25966c4f-f5ed-45ec-8723-37d91e0d1469,Hemostatic Gauze,999,
TOOL_HOVER,140605,12/8/2022 2:36:24 PM,25966c4f-f5ed-45ec-8723-37d91e0d1469,Hemostatic Gauze,999,
TOOL_SELECTED,140605,12/8/2022 2:36:24 PM,25966c4f-f5ed-45ec-8723-37d91e0d1469,Hemostatic Gauze,998,
TOOL_DISCARDED,140872,12/8/2022 2:36:25 PM,25966c4f-f5ed-45ec-8723-37d91e0d1469,Hemostatic Gauze,998,"(2.6, 1.4, -0.4)",
TOOL_DISCARDED,140872,12/8/2022 2:36:25 PM,25966c4f-f5ed-45ec-8723-37d91e0d1469,Hemostatic Gauze,999,"(2.6, 1.4, -0.4)",
TOOL_HOVER,141557,12/8/2022 2:36:25 PM,25966c4f-f5ed-45ec-8723-37d91e0d1469,Hemostatic Gauze,1000,
TOOL_HOVER,141574,12/8/2022 2:36:25 PM,25966c4f-f5ed-45ec-8723-37d91e0d1469,Hemostatic Gauze,1000,
TOOL_HOVER,141591,12/8/2022 2:36:25 PM,25966c4f-f5ed-45ec-8723-37d91e0d1469,Hemostatic Gauze,1000,
TOOL_HOVER,141607,12/8/2022 2:36:25 PM,25966c4f-f5ed-45ec-8723-37d91e0d1469,Hemostatic Gauze,1000,
TOOL_HOVER,141624,12/8/2022 2:36:25 PM,25966c4f-f5ed-45ec-8723-37d91e0d1469,Hemostatic Gauze,1000,
TOOL_HOVER,141641,12/8/2022 2:36:25 PM,25966c4f-f5ed-45ec-8723-37d91e0d1469,Hemostatic Gauze,1000,
TOOL_HOVER,141658,12/8/2022 2:36:25 PM,25966c4f-f5ed-45ec-8723-37d91e0d1469,Hemostatic Gauze,1000,
TOOL_HOVER,141675,12/8/2022 2:36:25 PM,25966c4f-f5ed-45ec-8723-37d91e0d1469,Hemostatic Gauze,1000,
TOOL_HOVER,141691,12/8/2022 2:36:25 PM,25966c4f-f5ed-45ec-8723-37d91e0d1469,Hemostatic Gauze,1000,
TOOL_HOVER,141708,12/8/2022 2:36:25 PM,25966c4f-f5ed-45ec-8723-37d91e0d1469,Hemostatic Gauze,1000,
TOOL_SELECTED,141709,12/8/2022 2:36:25 PM,25966c4f-f5ed-45ec-8723-37d91e0d1469,Hemostatic Gauze,999,
VOICE_CAPTURE,141924,12/8/2022 2:36:26 PM,25966c4f-f5ed-45ec-8723-37d91e0d1469,the next one is yep oh it's stuck it i'm not i feel bad it's fine,NA,
VOICE_CAPTURE,143996,12/8/2022 2:36:28 PM,25966c4f-f5ed-45ec-8723-37d91e0d1469,yeah,NA,
TOOL_DISCARDED,144214,12/8/2022 2:36:28 PM,25966c4f-f5ed-45ec-8723-37d91e0d1469,Hemostatic Gauze,999,"(3.1, 1.1, -0.8)",
TOOL_APPLIED,144214,12/8/2022 2:36:28 PM,25966c4f-f5ed-45ec-8723-37d91e0d1469,Mike Root,Gauze_Pack,skinCollider_BodyCollideLOD (UnityEngine.GameObject),null,null,AppliedPackingGauze,
TOOL_HOVER,147955,12/8/2022 2:36:32 PM,25966c4f-f5ed-45ec-8723-37d91e0d1469,Hemostatic Gauze,1000,
TOOL_HOVER,147973,12/8/2022 2:36:32 PM,25966c4f-f5ed-45ec-8723-37d91e0d1469,Hemostatic Gauze,1000,
TOOL_HOVER,147989,12/8/2022 2:36:32 PM,25966c4f-f5ed-45ec-8723-37d91e0d1469,Hemostatic Gauze,1000,
TOOL_HOVER,148006,12/8/2022 2:36:32 PM,25966c4f-f5ed-45ec-8723-37d91e0d1469,Hemostatic Gauze,1000,
TOOL_HOVER,148024,12/8/2022 2:36:32 PM,25966c4f-f5ed-45ec-8723-37d91e0d1469,Hemostatic Gauze,1000,
TOOL_HOVER,148040,12/8/2022 2:36:32 PM,25966c4f-f5ed-45ec-8723-37d91e0d1469,Hemostatic Gauze,1000,
TOOL_HOVER,148057,12/8/2022 2:36:32 PM,25966c4f-f5ed-45ec-8723-37d91e0d1469,Hemostatic Gauze,1000,
TOOL_HOVER,148073,12/8/2022 2:36:32 PM,25966c4f-f5ed-45ec-8723-37d91e0d1469,Hemostatic Gauze,1000,
TOOL_HOVER,148091,12/8/2022 2:36:32 PM,25966c4f-f5ed-45ec-8723-37d91e0d1469,Hemostatic Gauze,1000,
TOOL_HOVER,148106,12/8/2022 2:36:32 PM,25966c4f-f5ed-45ec-8723-37d91e0d1469,Hemostatic Gauze,1000,
TOOL_HOVER,148122,12/8/2022 2:36:32 PM,25966c4f-f5ed-45ec-8723-37d91e0d1469,Hemostatic Gauze,1000,
TOOL_HOVER,148139,12/8/2022 2:36:32 PM,25966c4f-f5ed-45ec-8723-37d91e0d1469,Hemostatic Gauze,1000,
TOOL_HOVER,148157,12/8/2022 2:36:32 PM,25966c4f-f5ed-45ec-8723-37d91e0d1469,Hemostatic Gauze,1000,
TOOL_HOVER,148173,12/8/2022 2:36:32 PM,25966c4f-f5ed-45ec-8723-37d91e0d1469,Hemostatic Gauze,1000,
TOOL_HOVER,148189,12/8/2022 2:36:32 PM,25966c4f-f5ed-45ec-8723-37d91e0d1469,Hemostatic Gauze,1000,
TOOL_HOVER,148206,12/8/2022 2:36:32 PM,25966c4f-f5ed-45ec-8723-37d91e0d1469,Hemostatic Gauze,1000,
TOOL_HOVER,148225,12/8/2022 2:36:32 PM,25966c4f-f5ed-45ec-8723-37d91e0d1469,Hemostatic Gauze,1000,
TOOL_SELECTED,148225,12/8/2022 2:36:32 PM,25966c4f-f5ed-45ec-8723-37d91e0d1469,Hemostatic Gauze,999,
TOOL_DISCARDED,150795,12/8/2022 2:36:34 PM,25966c4f-f5ed-45ec-8723-37d91e0d1469,Hemostatic Gauze,999,"(3.3, 1.1, -0.8)",
TOOL_APPLIED,150795,12/8/2022 2:36:34 PM,25966c4f-f5ed-45ec-8723-37d91e0d1469,Mike Root,Gauze_Pack,skinCollider_BodyCollideLOD (UnityEngine.GameObject),null,null,AppliedPackingGauze,
VOICE_CAPTURE,155023,12/8/2022 2:36:39 PM,25966c4f-f5ed-45ec-8723-37d91e0d1469,oh OK question so packing for the since it's a game do you literally do you just kind of set it there or do you actually OK,NA,
VOICE_CAPTURE,156561,12/8/2022 2:36:40 PM,25966c4f-f5ed-45ec-8723-37d91e0d1469,gotcha,NA,
VOICE_CAPTURE,160736,12/8/2022 2:36:44 PM,25966c4f-f5ed-45ec-8723-37d91e0d1469,yeah,NA,
VOICE_CAPTURE,170018,12/8/2022 2:36:54 PM,25966c4f-f5ed-45ec-8723-37d91e0d1469,so if you wanna move around a little bit more to see if you're comfortable with that or we can just stick right into a four person alright so how like,NA,
BAG_CLOSED,175531,12/8/2022 2:36:59 PM,25966c4f-f5ed-45ec-8723-37d91e0d1469,"(2.9, 0.7, -0.2)",
TELEPORT,175531,12/8/2022 2:36:59 PM,25966c4f-f5ed-45ec-8723-37d91e0d1469,"(2.1, 0.0, 0.0)",
VOICE_CAPTURE,176007,12/8/2022 2:37:00 PM,25966c4f-f5ed-45ec-8723-37d91e0d1469,and i have to go OK i guess i probably shouldn't walk,NA,
VOICE_COMMAND,176007,12/8/2022 2:37:00 PM,25966c4f-f5ed-45ec-8723-37d91e0d1469,walk to the safe area,and i have to go OK i guess i probably shouldn't walk,
S_A_L_T_WALK_IF_CAN,176009,12/8/2022 2:37:00 PM,25966c4f-f5ed-45ec-8723-37d91e0d1469,"(3.1, 0.0, -1.0)",walkIfCan,Mike Root,
S_A_L_T_WALKED,176009,12/8/2022 2:37:00 PM,25966c4f-f5ed-45ec-8723-37d91e0d1469,"(3.1, 0.0, -1.0)",walked,Mike Root,
VOICE_CAPTURE,179115,12/8/2022 2:37:03 PM,25966c4f-f5ed-45ec-8723-37d91e0d1469,yeah,NA,
TELEPORT,183240,12/8/2022 2:37:07 PM,25966c4f-f5ed-45ec-8723-37d91e0d1469,"(0.5, 0.0, -3.7)",
VOICE_CAPTURE,190189,12/8/2022 2:37:14 PM,25966c4f-f5ed-45ec-8723-37d91e0d1469,do small movements with real with your feet and kneel down do i have like this whole like space to go like all the way to like the edges like 'cause they're alright,NA,
VOICE_CAPTURE,196373,12/8/2022 2:37:20 PM,25966c4f-f5ed-45ec-8723-37d91e0d1469,super long right there's stairs here and here and then all the way over there,NA,
TELEPORT,197157,12/8/2022 2:37:21 PM,25966c4f-f5ed-45ec-8723-37d91e0d1469,"(0.5, 0.0, -3.7)",
VOICE_CAPTURE,199964,12/8/2022 2:37:24 PM,25966c4f-f5ed-45ec-8723-37d91e0d1469,no it's gonna be all week,NA,
VOICE_CAPTURE,200799,12/8/2022 2:37:24 PM,25966c4f-f5ed-45ec-8723-37d91e0d1469,gotcha,NA,
VOICE_CAPTURE,208000,12/8/2022 2:37:32 PM,25966c4f-f5ed-45ec-8723-37d91e0d1469,gotcha cause i that edge is gonna mess me up if i get too close to the edge,NA,
VOICE_CAPTURE,209203,12/8/2022 2:37:33 PM,25966c4f-f5ed-45ec-8723-37d91e0d1469,OK,NA,
VOICE_CAPTURE,211993,12/8/2022 2:37:36 PM,25966c4f-f5ed-45ec-8723-37d91e0d1469,OK,NA,
VOICE_CAPTURE,213396,12/8/2022 2:37:37 PM,25966c4f-f5ed-45ec-8723-37d91e0d1469,go ahead,NA,
TELEPORT,214985,12/8/2022 2:37:39 PM,25966c4f-f5ed-45ec-8723-37d91e0d1469,"(2.2, 0.0, -3.2)",
PATIENT_DEMOTED,217456,12/8/2022 2:37:41 PM,25966c4f-f5ed-45ec-8723-37d91e0d1469,100,Infinity,Mike_0 Root,"(2.6, 0.0, -0.6)","(0.0, 0.7, 0.0, -0.7)",DELAYED,walker,normal,normal,normal,upset,sittingGround,
PATIENT_DEMOTED,218104,12/8/2022 2:37:42 PM,25966c4f-f5ed-45ec-8723-37d91e0d1469,100,Infinity,Mike_1 Root,"(2.6, 0.0, 0.1)","(0.0, 0.7, 0.0, -0.7)",IMMEDIATE,waver,normal,normal,normal,upset,recovery,
PATIENT_DEMOTED,218751,12/8/2022 2:37:42 PM,25966c4f-f5ed-45ec-8723-37d91e0d1469,100,Infinity,Mike_2 Root,"(2.6, 0.0, 2.4)","(0.0, 0.7, 0.0, -0.7)",IMMEDIATE,walker,fast,normal,normal,upset,sittingGround,
PATIENT_DEMOTED,219412,12/8/2022 2:37:43 PM,25966c4f-f5ed-45ec-8723-37d91e0d1469,100,128,Mike_3 Root,"(3.0, 0.0, 4.3)","(0.0, 0.7, 0.0, -0.7)",IMMEDIATE,still,faint,collapsedRight,normal,unresponsive,supine,
SESSION_START,222121,12/8/2022 2:37:46 PM,25966c4f-f5ed-45ec-8723-37d91e0d1469,
PATIENT_RECORD,222121,12/8/2022 2:37:46 PM,25966c4f-f5ed-45ec-8723-37d91e0d1469,100,Infinity,Mike_0 Root,"(2.6, 0.0, -1.4)","(0.0, 0.7, 0.0, -0.7)",DELAYED,walker,normal,normal,normal,upset,sittingGround,
INJURY_RECORD,222122,12/8/2022 2:37:46 PM,25966c4f-f5ed-45ec-8723-37d91e0d1469,R Forearm Laceration,Mike_0 Root,gauzePressure,low,rightArm,False,False,"(2.7, 1.4, -0.9)",
PATIENT_RECORD,222122,12/8/2022 2:37:46 PM,25966c4f-f5ed-45ec-8723-37d91e0d1469,100,Infinity,Mike_1 Root,"(2.9, 0.0, 0.1)","(0.0, 0.7, 0.0, -0.7)",IMMEDIATE,waver,normal,normal,normal,upset,recovery,
INJURY_RECORD,222122,12/8/2022 2:37:46 PM,25966c4f-f5ed-45ec-8723-37d91e0d1469,L Thigh Laceration,Mike_1 Root,tourniquet,medium,leftLeg,False,False,"(2.8, 0.7, -0.1)",
PATIENT_RECORD,222122,12/8/2022 2:37:46 PM,25966c4f-f5ed-45ec-8723-37d91e0d1469,100,Infinity,Mike_2 Root,"(3.1, 0.0, 2.2)","(0.0, 0.7, 0.0, -0.7)",IMMEDIATE,walker,fast,normal,normal,upset,sittingGround,
INJURY_RECORD,222122,12/8/2022 2:37:46 PM,25966c4f-f5ed-45ec-8723-37d91e0d1469,L Shoulder Puncture,Mike_2 Root,woundpack,medium,chest,False,False,"(3.1, 1.5, 2.1)",
PATIENT_RECORD,222122,12/8/2022 2:37:46 PM,25966c4f-f5ed-45ec-8723-37d91e0d1469,100,128,Mike_3 Root,"(3.2, 0.0, 4.3)","(0.0, 0.7, 0.0, -0.7)",IMMEDIATE,still,faint,collapsedRight,normal,unresponsive,supine,
INJURY_RECORD,222122,12/8/2022 2:37:46 PM,25966c4f-f5ed-45ec-8723-37d91e0d1469,R Chest Collapse,Mike_3 Root,decompress,high,chest,False,False,"(0.0, 0.0, 0.0)",
VOICE_CAPTURE,227400,12/8/2022 2:37:51 PM,25966c4f-f5ed-45ec-8723-37d91e0d1469,if you get close to a real wall in this in this room i'm gonna stop you put you back OK alright i'm gonna try to use my thumbs anyways,NA,
VOICE_CAPTURE,231992,12/8/2022 2:37:56 PM,25966c4f-f5ed-45ec-8723-37d91e0d1469,OK if you could walk go to the safe zone,NA,
VOICE_COMMAND,231992,12/8/2022 2:37:56 PM,25966c4f-f5ed-45ec-8723-37d91e0d1469,walk to the safe area,OK if you could walk go to the safe zone,
VOICE_COMMAND,231992,12/8/2022 2:37:56 PM,25966c4f-f5ed-45ec-8723-37d91e0d1469,walk to the safe area,OK if you could walk go to the safe zone,
S_A_L_T_WALK_IF_CAN,231993,12/8/2022 2:37:56 PM,25966c4f-f5ed-45ec-8723-37d91e0d1469,"(2.6, 0.0, -1.4)",walkIfCan,Mike_0 Root,
S_A_L_T_WALKED,231993,12/8/2022 2:37:56 PM,25966c4f-f5ed-45ec-8723-37d91e0d1469,"(2.6, 0.0, -1.4)",walked,Mike_0 Root,
S_A_L_T_WALK_IF_CAN,231993,12/8/2022 2:37:56 PM,25966c4f-f5ed-45ec-8723-37d91e0d1469,"(2.9, 0.0, 0.1)",walkIfCan,Mike_1 Root,
S_A_L_T_WALK_IF_CAN,231993,12/8/2022 2:37:56 PM,25966c4f-f5ed-45ec-8723-37d91e0d1469,"(3.1, 0.0, 2.2)",walkIfCan,Mike_2 Root,
S_A_L_T_WALKED,231993,12/8/2022 2:37:56 PM,25966c4f-f5ed-45ec-8723-37d91e0d1469,"(3.1, 0.0, 2.2)",walked,Mike_2 Root,
VOICE_CAPTURE,234198,12/8/2022 2:37:58 PM,25966c4f-f5ed-45ec-8723-37d91e0d1469,none of them can walk,NA,
VOICE_COMMAND,234198,12/8/2022 2:37:58 PM,25966c4f-f5ed-45ec-8723-37d91e0d1469,walk to the safe area,none of them can walk,
TELEPORT,234899,12/8/2022 2:37:59 PM,25966c4f-f5ed-45ec-8723-37d91e0d1469,"(0.8, 0.0, -3.4)",
VOICE_CAPTURE,236721,12/8/2022 2:38:00 PM,25966c4f-f5ed-45ec-8723-37d91e0d1469,help,NA,
VOICE_CAPTURE,240512,12/8/2022 2:38:04 PM,25966c4f-f5ed-45ec-8723-37d91e0d1469,OK,NA,
VOICE_CAPTURE,244194,12/8/2022 2:38:08 PM,25966c4f-f5ed-45ec-8723-37d91e0d1469,yeah well,NA,
BAG_ACCESS,244975,12/8/2022 2:38:09 PM,25966c4f-f5ed-45ec-8723-37d91e0d1469,"(1.7, 0.7, -0.1)",
TOOL_HOVER,245965,12/8/2022 2:38:10 PM,25966c4f-f5ed-45ec-8723-37d91e0d1469,Tourniquet,998,
TOOL_HOVER,245988,12/8/2022 2:38:10 PM,25966c4f-f5ed-45ec-8723-37d91e0d1469,Tourniquet,998,
TOOL_HOVER,246009,12/8/2022 2:38:10 PM,25966c4f-f5ed-45ec-8723-37d91e0d1469,Tourniquet,998,
TOOL_HOVER,246031,12/8/2022 2:38:10 PM,25966c4f-f5ed-45ec-8723-37d91e0d1469,Tourniquet,998,
TOOL_HOVER,246054,12/8/2022 2:38:10 PM,25966c4f-f5ed-45ec-8723-37d91e0d1469,Tourniquet,998,
TOOL_HOVER,246076,12/8/2022 2:38:10 PM,25966c4f-f5ed-45ec-8723-37d91e0d1469,Tourniquet,998,
TOOL_HOVER,246098,12/8/2022 2:38:10 PM,25966c4f-f5ed-45ec-8723-37d91e0d1469,Tourniquet,998,
TOOL_HOVER,246121,12/8/2022 2:38:10 PM,25966c4f-f5ed-45ec-8723-37d91e0d1469,Tourniquet,998,
TOOL_HOVER,246142,12/8/2022 2:38:10 PM,25966c4f-f5ed-45ec-8723-37d91e0d1469,Tourniquet,998,
TOOL_HOVER,246164,12/8/2022 2:38:10 PM,25966c4f-f5ed-45ec-8723-37d91e0d1469,Tourniquet,998,
TOOL_HOVER,246187,12/8/2022 2:38:10 PM,25966c4f-f5ed-45ec-8723-37d91e0d1469,Tourniquet,998,
TOOL_HOVER,246209,12/8/2022 2:38:10 PM,25966c4f-f5ed-45ec-8723-37d91e0d1469,Tourniquet,998,
TOOL_HOVER,246231,12/8/2022 2:38:10 PM,25966c4f-f5ed-45ec-8723-37d91e0d1469,Tourniquet,998,
TOOL_HOVER,246255,12/8/2022 2:38:10 PM,25966c4f-f5ed-45ec-8723-37d91e0d1469,Tourniquet,998,
TOOL_HOVER,246276,12/8/2022 2:38:10 PM,25966c4f-f5ed-45ec-8723-37d91e0d1469,Tourniquet,998,
TOOL_HOVER,246300,12/8/2022 2:38:10 PM,25966c4f-f5ed-45ec-8723-37d91e0d1469,Tourniquet,998,
TOOL_HOVER,246322,12/8/2022 2:38:10 PM,25966c4f-f5ed-45ec-8723-37d91e0d1469,Tourniquet,998,
TOOL_HOVER,246342,12/8/2022 2:38:10 PM,25966c4f-f5ed-45ec-8723-37d91e0d1469,Tourniquet,998,
TOOL_SELECTED,246343,12/8/2022 2:38:10 PM,25966c4f-f5ed-45ec-8723-37d91e0d1469,Tourniquet,997,
PATIENT_ENGAGED,248112,12/8/2022 2:38:12 PM,25966c4f-f5ed-45ec-8723-37d91e0d1469,100,Infinity,Mike_1 Root,"(2.9, 0.0, 0.1)","(0.0, 0.7, 0.0, -0.7)",IMMEDIATE,waver,normal,normal,normal,upset,recovery,
VOICE_CAPTURE,249607,12/8/2022 2:38:13 PM,25966c4f-f5ed-45ec-8723-37d91e0d1469,the glider,NA,
INJURY_TREATED,250268,12/8/2022 2:38:14 PM,25966c4f-f5ed-45ec-8723-37d91e0d1469,L Thigh Laceration,Mike_1 Root,tourniquet,medium,leftLeg,True,False,"(2.8, 0.3, 0.3)",
TOOL_APPLIED,250269,12/8/2022 2:38:14 PM,25966c4f-f5ed-45ec-8723-37d91e0d1469,Mike_1 Root,Tourniquet,LeftUpLeg (UnityEngine.GameObject),tor_ring (1) (UnityEngine.GameObject),tourniquet(Clone) (UnityEngine.GameObject),AppliedTourniquet,
PULSE_TAKEN,254496,12/8/2022 2:38:18 PM,25966c4f-f5ed-45ec-8723-37d91e0d1469,pulse_normal,Mike_1 Root,
PULSE_TAKEN,255967,12/8/2022 2:38:20 PM,25966c4f-f5ed-45ec-8723-37d91e0d1469,pulse_normal,Mike_1 Root,
TOOL_HOVER,257956,12/8/2022 2:38:22 PM,25966c4f-f5ed-45ec-8723-37d91e0d1469,Gauze,999,
TOOL_HOVER,257972,12/8/2022 2:38:22 PM,25966c4f-f5ed-45ec-8723-37d91e0d1469,Gauze,999,
TOOL_HOVER,257989,12/8/2022 2:38:22 PM,25966c4f-f5ed-45ec-8723-37d91e0d1469,Gauze,999,
TOOL_HOVER,258005,12/8/2022 2:38:22 PM,25966c4f-f5ed-45ec-8723-37d91e0d1469,Gauze,999,
TOOL_HOVER,258024,12/8/2022 2:38:22 PM,25966c4f-f5ed-45ec-8723-37d91e0d1469,Gauze,999,
TOOL_HOVER,258039,12/8/2022 2:38:22 PM,25966c4f-f5ed-45ec-8723-37d91e0d1469,Gauze,999,
TOOL_HOVER,258055,12/8/2022 2:38:22 PM,25966c4f-f5ed-45ec-8723-37d91e0d1469,Gauze,999,
TOOL_HOVER,258072,12/8/2022 2:38:22 PM,25966c4f-f5ed-45ec-8723-37d91e0d1469,Gauze,999,
TOOL_HOVER,258089,12/8/2022 2:38:22 PM,25966c4f-f5ed-45ec-8723-37d91e0d1469,Gauze,999,
TOOL_HOVER,258106,12/8/2022 2:38:22 PM,25966c4f-f5ed-45ec-8723-37d91e0d1469,Gauze,999,
TOOL_HOVER,258123,12/8/2022 2:38:22 PM,25966c4f-f5ed-45ec-8723-37d91e0d1469,Gauze,999,
TOOL_HOVER,258139,12/8/2022 2:38:22 PM,25966c4f-f5ed-45ec-8723-37d91e0d1469,Gauze,999,
TOOL_HOVER,258156,12/8/2022 2:38:22 PM,25966c4f-f5ed-45ec-8723-37d91e0d1469,Gauze,999,
TOOL_HOVER,258174,12/8/2022 2:38:22 PM,25966c4f-f5ed-45ec-8723-37d91e0d1469,Gauze,999,
TOOL_HOVER,258190,12/8/2022 2:38:22 PM,25966c4f-f5ed-45ec-8723-37d91e0d1469,Gauze,999,
TOOL_HOVER,258207,12/8/2022 2:38:22 PM,25966c4f-f5ed-45ec-8723-37d91e0d1469,Gauze,999,
TOOL_HOVER,258223,12/8/2022 2:38:22 PM,25966c4f-f5ed-45ec-8723-37d91e0d1469,Gauze,999,
TOOL_HOVER,258239,12/8/2022 2:38:22 PM,25966c4f-f5ed-45ec-8723-37d91e0d1469,Gauze,999,
VOICE_CAPTURE,259058,12/8/2022 2:38:23 PM,25966c4f-f5ed-45ec-8723-37d91e0d1469,go ahead,NA,
TAG_SELECTED,260279,12/8/2022 2:38:24 PM,25966c4f-f5ed-45ec-8723-37d91e0d1469,red,
VOICE_CAPTURE,260579,12/8/2022 2:38:24 PM,25966c4f-f5ed-45ec-8723-37d91e0d1469,again as you feel,NA,
TAG_APPLIED,261480,12/8/2022 2:38:25 PM,25966c4f-f5ed-45ec-8723-37d91e0d1469,Mike_1 Root,red,
BAG_CLOSED,264973,12/8/2022 2:38:29 PM,25966c4f-f5ed-45ec-8723-37d91e0d1469,"(1.7, 0.7, -0.1)",
TELEPORT,264973,12/8/2022 2:38:29 PM,25966c4f-f5ed-45ec-8723-37d91e0d1469,"(2.6, 0.0, 0.1)",
TELEPORT,268815,12/8/2022 2:38:32 PM,25966c4f-f5ed-45ec-8723-37d91e0d1469,"(3.6, 0.0, 2.8)",
PATIENT_ENGAGED,270037,12/8/2022 2:38:34 PM,25966c4f-f5ed-45ec-8723-37d91e0d1469,100,128,Mike_3 Root,"(3.2, 0.0, 4.3)","(0.0, 0.7, 0.0, -0.7)",IMMEDIATE,still,faint,collapsedRight,normal,unresponsive,supine,
PULSE_TAKEN,270652,12/8/2022 2:38:34 PM,25966c4f-f5ed-45ec-8723-37d91e0d1469,pulse_faint,Mike_3 Root,
VOICE_CAPTURE,273126,12/8/2022 2:38:37 PM,25966c4f-f5ed-45ec-8723-37d91e0d1469,remember you can simple commands what's your name are you hurt like that,NA,
VOICE_COMMAND,273126,12/8/2022 2:38:37 PM,25966c4f-f5ed-45ec-8723-37d91e0d1469,are you hurt,remember you can simple commands what's your name are you hurt like that,
VOICE_COMMAND,273126,12/8/2022 2:38:37 PM,25966c4f-f5ed-45ec-8723-37d91e0d1469,what is your name,remember you can simple commands what's your name are you hurt like that,
BAG_ACCESS,274114,12/8/2022 2:38:38 PM,25966c4f-f5ed-45ec-8723-37d91e0d1469,"(3.8, 0.6, 4.3)",
VOICE_CAPTURE,276650,12/8/2022 2:38:40 PM,25966c4f-f5ed-45ec-8723-37d91e0d1469,yeah,NA,
TAG_SELECTED,276935,12/8/2022 2:38:41 PM,25966c4f-f5ed-45ec-8723-37d91e0d1469,red,
TAG_APPLIED,277987,12/8/2022 2:38:42 PM,25966c4f-f5ed-45ec-8723-37d91e0d1469,Mike_3 Root,red,
TOOL_HOVER,279842,12/8/2022 2:38:44 PM,25966c4f-f5ed-45ec-8723-37d91e0d1469,Needle,998,
TOOL_HOVER,279858,12/8/2022 2:38:44 PM,25966c4f-f5ed-45ec-8723-37d91e0d1469,Needle,998,
TOOL_HOVER,279875,12/8/2022 2:38:44 PM,25966c4f-f5ed-45ec-8723-37d91e0d1469,Needle,998,
TOOL_HOVER,279892,12/8/2022 2:38:44 PM,25966c4f-f5ed-45ec-8723-37d91e0d1469,Needle,998,
TOOL_HOVER,279908,12/8/2022 2:38:44 PM,25966c4f-f5ed-45ec-8723-37d91e0d1469,Needle,998,
TOOL_HOVER,279926,12/8/2022 2:38:44 PM,25966c4f-f5ed-45ec-8723-37d91e0d1469,Needle,998,
TOOL_HOVER,279942,12/8/2022 2:38:44 PM,25966c4f-f5ed-45ec-8723-37d91e0d1469,Needle,998,
TOOL_HOVER,279959,12/8/2022 2:38:44 PM,25966c4f-f5ed-45ec-8723-37d91e0d1469,Needle,998,
TOOL_HOVER,279975,12/8/2022 2:38:44 PM,25966c4f-f5ed-45ec-8723-37d91e0d1469,Needle,998,
TOOL_HOVER,279992,12/8/2022 2:38:44 PM,25966c4f-f5ed-45ec-8723-37d91e0d1469,Needle,998,
TOOL_HOVER,280009,12/8/2022 2:38:44 PM,25966c4f-f5ed-45ec-8723-37d91e0d1469,Needle,998,
TOOL_HOVER,280026,12/8/2022 2:38:44 PM,25966c4f-f5ed-45ec-8723-37d91e0d1469,Needle,998,
TOOL_HOVER,280042,12/8/2022 2:38:44 PM,25966c4f-f5ed-45ec-8723-37d91e0d1469,Needle,998,
TOOL_HOVER,280544,12/8/2022 2:38:44 PM,25966c4f-f5ed-45ec-8723-37d91e0d1469,Tourniquet,997,
TOOL_SELECTED,280544,12/8/2022 2:38:44 PM,25966c4f-f5ed-45ec-8723-37d91e0d1469,Tourniquet,996,
TOOL_DISCARDED,281997,12/8/2022 2:38:46 PM,25966c4f-f5ed-45ec-8723-37d91e0d1469,Tourniquet,996,"(4.1, 1.4, 4.6)",
VOICE_CAPTURE,282515,12/8/2022 2:38:46 PM,25966c4f-f5ed-45ec-8723-37d91e0d1469,does it matter in the order like if i tag first and then do stuff,NA,
TOOL_HOVER,284253,12/8/2022 2:38:48 PM,25966c4f-f5ed-45ec-8723-37d91e0d1469,Tourniquet,997,
TOOL_HOVER,284269,12/8/2022 2:38:48 PM,25966c4f-f5ed-45ec-8723-37d91e0d1469,Tourniquet,997,
TOOL_HOVER,284286,12/8/2022 2:38:48 PM,25966c4f-f5ed-45ec-8723-37d91e0d1469,Tourniquet,997,
TOOL_HOVER,284302,12/8/2022 2:38:48 PM,25966c4f-f5ed-45ec-8723-37d91e0d1469,Tourniquet,997,
TOOL_HOVER,284319,12/8/2022 2:38:48 PM,25966c4f-f5ed-45ec-8723-37d91e0d1469,Tourniquet,997,
TOOL_HOVER,284337,12/8/2022 2:38:48 PM,25966c4f-f5ed-45ec-8723-37d91e0d1469,Tourniquet,997,
TOOL_HOVER,284352,12/8/2022 2:38:48 PM,25966c4f-f5ed-45ec-8723-37d91e0d1469,Tourniquet,997,
TOOL_HOVER,284370,12/8/2022 2:38:48 PM,25966c4f-f5ed-45ec-8723-37d91e0d1469,Tourniquet,997,
TOOL_SELECTED,284371,12/8/2022 2:38:48 PM,25966c4f-f5ed-45ec-8723-37d91e0d1469,Tourniquet,996,
VOICE_CAPTURE,284871,12/8/2022 2:38:49 PM,25966c4f-f5ed-45ec-8723-37d91e0d1469,OK,NA,
TOOL_DISCARDED,284888,12/8/2022 2:38:49 PM,25966c4f-f5ed-45ec-8723-37d91e0d1469,Tourniquet,996,"(4.1, 1.4, 4.7)",
TOOL_HOVER,285054,12/8/2022 2:38:49 PM,25966c4f-f5ed-45ec-8723-37d91e0d1469,Tourniquet,997,
TOOL_HOVER,285071,12/8/2022 2:38:49 PM,25966c4f-f5ed-45ec-8723-37d91e0d1469,Tourniquet,997,
TOOL_HOVER,285088,12/8/2022 2:38:49 PM,25966c4f-f5ed-45ec-8723-37d91e0d1469,Tourniquet,997,
TOOL_HOVER,285105,12/8/2022 2:38:49 PM,25966c4f-f5ed-45ec-8723-37d91e0d1469,Tourniquet,997,
TOOL_HOVER,285122,12/8/2022 2:38:49 PM,25966c4f-f5ed-45ec-8723-37d91e0d1469,Tourniquet,997,
TOOL_HOVER,285138,12/8/2022 2:38:49 PM,25966c4f-f5ed-45ec-8723-37d91e0d1469,Tourniquet,997,
TOOL_HOVER,285856,12/8/2022 2:38:50 PM,25966c4f-f5ed-45ec-8723-37d91e0d1469,Needle,998,
TOOL_HOVER,285872,12/8/2022 2:38:50 PM,25966c4f-f5ed-45ec-8723-37d91e0d1469,Needle,998,
TOOL_HOVER,285889,12/8/2022 2:38:50 PM,25966c4f-f5ed-45ec-8723-37d91e0d1469,Needle,998,
TOOL_HOVER,285906,12/8/2022 2:38:50 PM,25966c4f-f5ed-45ec-8723-37d91e0d1469,Needle,998,
TOOL_HOVER,285923,12/8/2022 2:38:50 PM,25966c4f-f5ed-45ec-8723-37d91e0d1469,Needle,998,
TOOL_HOVER,285939,12/8/2022 2:38:50 PM,25966c4f-f5ed-45ec-8723-37d91e0d1469,Needle,998,
TOOL_HOVER,285956,12/8/2022 2:38:50 PM,25966c4f-f5ed-45ec-8723-37d91e0d1469,Needle,998,
TOOL_HOVER,285973,12/8/2022 2:38:50 PM,25966c4f-f5ed-45ec-8723-37d91e0d1469,Needle,998,
TOOL_HOVER,285990,12/8/2022 2:38:50 PM,25966c4f-f5ed-45ec-8723-37d91e0d1469,Needle,998,
TOOL_HOVER,286007,12/8/2022 2:38:50 PM,25966c4f-f5ed-45ec-8723-37d91e0d1469,Needle,998,
TOOL_HOVER,286023,12/8/2022 2:38:50 PM,25966c4f-f5ed-45ec-8723-37d91e0d1469,Needle,998,
TOOL_HOVER,286040,12/8/2022 2:38:50 PM,25966c4f-f5ed-45ec-8723-37d91e0d1469,Needle,998,
TOOL_HOVER,286058,12/8/2022 2:38:50 PM,25966c4f-f5ed-45ec-8723-37d91e0d1469,Needle,998,
TOOL_HOVER,286073,12/8/2022 2:38:50 PM,25966c4f-f5ed-45ec-8723-37d91e0d1469,Needle,998,
TOOL_HOVER,286091,12/8/2022 2:38:50 PM,25966c4f-f5ed-45ec-8723-37d91e0d1469,Needle,998,
TOOL_HOVER,286108,12/8/2022 2:38:50 PM,25966c4f-f5ed-45ec-8723-37d91e0d1469,Needle,998,
TOOL_HOVER,286124,12/8/2022 2:38:50 PM,25966c4f-f5ed-45ec-8723-37d91e0d1469,Needle,998,
TOOL_HOVER,286141,12/8/2022 2:38:50 PM,25966c4f-f5ed-45ec-8723-37d91e0d1469,Needle,998,
TOOL_HOVER,286159,12/8/2022 2:38:50 PM,25966c4f-f5ed-45ec-8723-37d91e0d1469,Needle,998,
TOOL_HOVER,286174,12/8/2022 2:38:50 PM,25966c4f-f5ed-45ec-8723-37d91e0d1469,Needle,998,
TOOL_HOVER,286191,12/8/2022 2:38:50 PM,25966c4f-f5ed-45ec-8723-37d91e0d1469,Needle,998,
TOOL_HOVER,286207,12/8/2022 2:38:50 PM,25966c4f-f5ed-45ec-8723-37d91e0d1469,Needle,998,
TOOL_HOVER,286224,12/8/2022 2:38:50 PM,25966c4f-f5ed-45ec-8723-37d91e0d1469,Needle,998,
TOOL_HOVER,286241,12/8/2022 2:38:50 PM,25966c4f-f5ed-45ec-8723-37d91e0d1469,Needle,998,
TOOL_HOVER,286257,12/8/2022 2:38:50 PM,25966c4f-f5ed-45ec-8723-37d91e0d1469,Needle,998,
TOOL_HOVER,286274,12/8/2022 2:38:50 PM,25966c4f-f5ed-45ec-8723-37d91e0d1469,Needle,998,
TOOL_HOVER,286291,12/8/2022 2:38:50 PM,25966c4f-f5ed-45ec-8723-37d91e0d1469,Needle,998,
TOOL_HOVER,286307,12/8/2022 2:38:50 PM,25966c4f-f5ed-45ec-8723-37d91e0d1469,Needle,998,
TOOL_HOVER,286324,12/8/2022 2:38:50 PM,25966c4f-f5ed-45ec-8723-37d91e0d1469,Needle,998,
TOOL_HOVER,286341,12/8/2022 2:38:50 PM,25966c4f-f5ed-45ec-8723-37d91e0d1469,Needle,998,
TOOL_HOVER,286358,12/8/2022 2:38:50 PM,25966c4f-f5ed-45ec-8723-37d91e0d1469,Needle,998,
TOOL_HOVER,286377,12/8/2022 2:38:50 PM,25966c4f-f5ed-45ec-8723-37d91e0d1469,Needle,998,
TOOL_HOVER,286392,12/8/2022 2:38:50 PM,25966c4f-f5ed-45ec-8723-37d91e0d1469,Needle,998,
TOOL_HOVER,286409,12/8/2022 2:38:50 PM,25966c4f-f5ed-45ec-8723-37d91e0d1469,Needle,998,
TOOL_HOVER,286425,12/8/2022 2:38:50 PM,25966c4f-f5ed-45ec-8723-37d91e0d1469,Needle,998,
TOOL_HOVER,286441,12/8/2022 2:38:50 PM,25966c4f-f5ed-45ec-8723-37d91e0d1469,Needle,998,
TOOL_HOVER,286458,12/8/2022 2:38:50 PM,25966c4f-f5ed-45ec-8723-37d91e0d1469,Needle,998,
TOOL_HOVER,286475,12/8/2022 2:38:50 PM,25966c4f-f5ed-45ec-8723-37d91e0d1469,Needle,998,
TOOL_HOVER,286491,12/8/2022 2:38:50 PM,25966c4f-f5ed-45ec-8723-37d91e0d1469,Needle,998,
TOOL_HOVER,286508,12/8/2022 2:38:50 PM,25966c4f-f5ed-45ec-8723-37d91e0d1469,Needle,998,
TOOL_HOVER,286525,12/8/2022 2:38:50 PM,25966c4f-f5ed-45ec-8723-37d91e0d1469,Needle,998,
TOOL_HOVER,286542,12/8/2022 2:38:50 PM,25966c4f-f5ed-45ec-8723-37d91e0d1469,Needle,998,
TOOL_HOVER,286557,12/8/2022 2:38:50 PM,25966c4f-f5ed-45ec-8723-37d91e0d1469,Needle,998,
TOOL_HOVER,286574,12/8/2022 2:38:50 PM,25966c4f-f5ed-45ec-8723-37d91e0d1469,Needle,998,
TOOL_SELECTED,286575,12/8/2022 2:38:50 PM,25966c4f-f5ed-45ec-8723-37d91e0d1469,Needle,997,
INJURY_TREATED,289366,12/8/2022 2:38:53 PM,25966c4f-f5ed-45ec-8723-37d91e0d1469,R Chest Collapse,Mike_3 Root,decompress,high,chest,True,False,"(0.0, 0.0, 0.0)",
TOOL_APPLIED,289366,12/8/2022 2:38:53 PM,25966c4f-f5ed-45ec-8723-37d91e0d1469,Needle_Decomp(Clone),Needle,RChest_Breathe1 (UnityEngine.GameObject),cath_needle (UnityEngine.GameObject),right_chest,Needle_Decomp(Clone) (UnityEngine.GameObject),AppliedDecompNeedle,
VOICE_CAPTURE,295312,12/8/2022 2:38:59 PM,25966c4f-f5ed-45ec-8723-37d91e0d1469,OK he's already tagged,NA,
VOICE_CAPTURE,297767,12/8/2022 2:39:01 PM,25966c4f-f5ed-45ec-8723-37d91e0d1469,yeah,NA,
BAG_CLOSED,298573,12/8/2022 2:39:02 PM,25966c4f-f5ed-45ec-8723-37d91e0d1469,"(3.8, 0.6, 4.3)",
TELEPORT,298573,12/8/2022 2:39:02 PM,25966c4f-f5ed-45ec-8723-37d91e0d1469,"(4.1, 0.0, 3.7)",
VOICE_CAPTURE,301448,12/8/2022 2:39:05 PM,25966c4f-f5ed-45ec-8723-37d91e0d1469,oh and then i guess i should go to the,NA,
VOICE_COMMAND,301448,12/8/2022 2:39:05 PM,25966c4f-f5ed-45ec-8723-37d91e0d1469,walk to the safe area,oh and then i guess i should go to the,
S_A_L_T_WALK_IF_CAN,301449,12/8/2022 2:39:05 PM,25966c4f-f5ed-45ec-8723-37d91e0d1469,"(4.5, 0.0, -4.7)",walkIfCan,Mike_0 Root,
S_A_L_T_WALKED,301449,12/8/2022 2:39:05 PM,25966c4f-f5ed-45ec-8723-37d91e0d1469,"(4.5, 0.0, -4.7)",walked,Mike_0 Root,
S_A_L_T_WALK_IF_CAN,301449,12/8/2022 2:39:05 PM,25966c4f-f5ed-45ec-8723-37d91e0d1469,"(2.9, 0.0, 0.1)",walkIfCan,Mike_1 Root,
S_A_L_T_WALK_IF_CAN,301449,12/8/2022 2:39:05 PM,25966c4f-f5ed-45ec-8723-37d91e0d1469,"(3.4, 0.0, -2.4)",walkIfCan,Mike_2 Root,
S_A_L_T_WALKED,301449,12/8/2022 2:39:05 PM,25966c4f-f5ed-45ec-8723-37d91e0d1469,"(3.4, 0.0, -2.4)",walked,Mike_2 Root,
PATIENT_ENGAGED,302156,12/8/2022 2:39:06 PM,25966c4f-f5ed-45ec-8723-37d91e0d1469,100,Infinity,Mike_2 Root,"(3.3, 0.0, -2.8)","(0.0, 0.3, 0.0, 0.9)",IMMEDIATE,walker,fast,normal,normal,upset,standing,
PULSE_TAKEN,303928,12/8/2022 2:39:08 PM,25966c4f-f5ed-45ec-8723-37d91e0d1469,pulse_fast,Mike_2 Root,
PULSE_TAKEN,304857,12/8/2022 2:39:09 PM,25966c4f-f5ed-45ec-8723-37d91e0d1469,pulse_fast,Mike_2 Root,
TELEPORT,308193,12/8/2022 2:39:12 PM,25966c4f-f5ed-45ec-8723-37d91e0d1469,"(3.8, 0.0, -2.2)",
PATIENT_ENGAGED,308666,12/8/2022 2:39:12 PM,25966c4f-f5ed-45ec-8723-37d91e0d1469,100,Infinity,Mike_0 Root,"(4.7, 0.0, -5.1)","(0.0, 0.4, 0.0, -0.9)",DELAYED,walker,normal,normal,normal,upset,sittingGround,
PATIENT_ENGAGED,310795,12/8/2022 2:39:14 PM,25966c4f-f5ed-45ec-8723-37d91e0d1469,100,Infinity,Mike_2 Root,"(3.3, 0.0, -2.8)","(0.0, 0.3, 0.0, 0.9)",IMMEDIATE,walker,fast,normal,normal,upset,sittingGround,
TELEPORT,311997,12/8/2022 2:39:16 PM,25966c4f-f5ed-45ec-8723-37d91e0d1469,"(4.9, 0.0, -4.0)",
TELEPORT,312556,12/8/2022 2:39:16 PM,25966c4f-f5ed-45ec-8723-37d91e0d1469,"(4.8, 0.0, -3.9)",
VOICE_CAPTURE,312796,12/8/2022 2:39:16 PM,25966c4f-f5ed-45ec-8723-37d91e0d1469,well if he would just stay where he's trying to be oh,NA,
PULSE_TAKEN,315627,12/8/2022 2:39:19 PM,25966c4f-f5ed-45ec-8723-37d91e0d1469,pulse_fast,Mike_2 Root,
BAG_ACCESS,320346,12/8/2022 2:39:24 PM,25966c4f-f5ed-45ec-8723-37d91e0d1469,"(3.8, 0.7, -2.7)",
TOOL_HOVER,325054,12/8/2022 2:39:29 PM,25966c4f-f5ed-45ec-8723-37d91e0d1469,Hemostatic Gauze,1000,
TOOL_HOVER,325074,12/8/2022 2:39:29 PM,25966c4f-f5ed-45ec-8723-37d91e0d1469,Hemostatic Gauze,1000,
TOOL_HOVER,325093,12/8/2022 2:39:29 PM,25966c4f-f5ed-45ec-8723-37d91e0d1469,Hemostatic Gauze,1000,
TOOL_HOVER,325113,12/8/2022 2:39:29 PM,25966c4f-f5ed-45ec-8723-37d91e0d1469,Hemostatic Gauze,1000,
TOOL_HOVER,325133,12/8/2022 2:39:29 PM,25966c4f-f5ed-45ec-8723-37d91e0d1469,Hemostatic Gauze,1000,
TOOL_HOVER,325152,12/8/2022 2:39:29 PM,25966c4f-f5ed-45ec-8723-37d91e0d1469,Hemostatic Gauze,1000,
TOOL_HOVER,325172,12/8/2022 2:39:29 PM,25966c4f-f5ed-45ec-8723-37d91e0d1469,Hemostatic Gauze,1000,
TOOL_HOVER,325192,12/8/2022 2:39:29 PM,25966c4f-f5ed-45ec-8723-37d91e0d1469,Hemostatic Gauze,1000,
TOOL_HOVER,325211,12/8/2022 2:39:29 PM,25966c4f-f5ed-45ec-8723-37d91e0d1469,Hemostatic Gauze,1000,
TOOL_HOVER,325230,12/8/2022 2:39:29 PM,25966c4f-f5ed-45ec-8723-37d91e0d1469,Hemostatic Gauze,1000,
TOOL_HOVER,325251,12/8/2022 2:39:29 PM,25966c4f-f5ed-45ec-8723-37d91e0d1469,Hemostatic Gauze,1000,
TOOL_HOVER,325270,12/8/2022 2:39:29 PM,25966c4f-f5ed-45ec-8723-37d91e0d1469,Hemostatic Gauze,1000,
TOOL_HOVER,325291,12/8/2022 2:39:29 PM,25966c4f-f5ed-45ec-8723-37d91e0d1469,Hemostatic Gauze,1000,
TOOL_HOVER,325313,12/8/2022 2:39:29 PM,25966c4f-f5ed-45ec-8723-37d91e0d1469,Hemostatic Gauze,1000,
TOOL_HOVER,325331,12/8/2022 2:39:29 PM,25966c4f-f5ed-45ec-8723-37d91e0d1469,Hemostatic Gauze,1000,
TOOL_HOVER,325350,12/8/2022 2:39:29 PM,25966c4f-f5ed-45ec-8723-37d91e0d1469,Hemostatic Gauze,1000,
TOOL_HOVER,325370,12/8/2022 2:39:29 PM,25966c4f-f5ed-45ec-8723-37d91e0d1469,Hemostatic Gauze,1000,
TOOL_HOVER,325390,12/8/2022 2:39:29 PM,25966c4f-f5ed-45ec-8723-37d91e0d1469,Hemostatic Gauze,1000,
TOOL_HOVER,325409,12/8/2022 2:39:29 PM,25966c4f-f5ed-45ec-8723-37d91e0d1469,Hemostatic Gauze,1000,
TOOL_HOVER,325430,12/8/2022 2:39:29 PM,25966c4f-f5ed-45ec-8723-37d91e0d1469,Hemostatic Gauze,1000,
TOOL_HOVER,325450,12/8/2022 2:39:29 PM,25966c4f-f5ed-45ec-8723-37d91e0d1469,Hemostatic Gauze,1000,
TOOL_HOVER,325471,12/8/2022 2:39:29 PM,25966c4f-f5ed-45ec-8723-37d91e0d1469,Hemostatic Gauze,1000,
TOOL_HOVER,325491,12/8/2022 2:39:29 PM,25966c4f-f5ed-45ec-8723-37d91e0d1469,Hemostatic Gauze,1000,
TOOL_HOVER,325510,12/8/2022 2:39:29 PM,25966c4f-f5ed-45ec-8723-37d91e0d1469,Hemostatic Gauze,1000,
TOOL_HOVER,325529,12/8/2022 2:39:29 PM,25966c4f-f5ed-45ec-8723-37d91e0d1469,Hemostatic Gauze,1000,
TOOL_HOVER,325549,12/8/2022 2:39:29 PM,25966c4f-f5ed-45ec-8723-37d91e0d1469,Hemostatic Gauze,1000,
TOOL_HOVER,325569,12/8/2022 2:39:29 PM,25966c4f-f5ed-45ec-8723-37d91e0d1469,Hemostatic Gauze,1000,
TOOL_HOVER,325590,12/8/2022 2:39:29 PM,25966c4f-f5ed-45ec-8723-37d91e0d1469,Hemostatic Gauze,1000,
TOOL_HOVER,325610,12/8/2022 2:39:29 PM,25966c4f-f5ed-45ec-8723-37d91e0d1469,Hemostatic Gauze,1000,
TOOL_HOVER,325629,12/8/2022 2:39:29 PM,25966c4f-f5ed-45ec-8723-37d91e0d1469,Hemostatic Gauze,1000,
TOOL_HOVER,325648,12/8/2022 2:39:29 PM,25966c4f-f5ed-45ec-8723-37d91e0d1469,Hemostatic Gauze,1000,
TOOL_HOVER,325669,12/8/2022 2:39:29 PM,25966c4f-f5ed-45ec-8723-37d91e0d1469,Hemostatic Gauze,1000,
TOOL_HOVER,325689,12/8/2022 2:39:29 PM,25966c4f-f5ed-45ec-8723-37d91e0d1469,Hemostatic Gauze,1000,
TOOL_HOVER,325709,12/8/2022 2:39:29 PM,25966c4f-f5ed-45ec-8723-37d91e0d1469,Hemostatic Gauze,1000,
TOOL_HOVER,325728,12/8/2022 2:39:29 PM,25966c4f-f5ed-45ec-8723-37d91e0d1469,Hemostatic Gauze,1000,
TOOL_HOVER,325749,12/8/2022 2:39:29 PM,25966c4f-f5ed-45ec-8723-37d91e0d1469,Hemostatic Gauze,1000,
TOOL_HOVER,325769,12/8/2022 2:39:29 PM,25966c4f-f5ed-45ec-8723-37d91e0d1469,Hemostatic Gauze,1000,
TOOL_HOVER,325790,12/8/2022 2:39:29 PM,25966c4f-f5ed-45ec-8723-37d91e0d1469,Hemostatic Gauze,1000,
TOOL_HOVER,325809,12/8/2022 2:39:29 PM,25966c4f-f5ed-45ec-8723-37d91e0d1469,Hemostatic Gauze,1000,
TOOL_HOVER,325829,12/8/2022 2:39:29 PM,25966c4f-f5ed-45ec-8723-37d91e0d1469,Hemostatic Gauze,1000,
TOOL_HOVER,325848,12/8/2022 2:39:30 PM,25966c4f-f5ed-45ec-8723-37d91e0d1469,Hemostatic Gauze,1000,
TOOL_HOVER,325868,12/8/2022 2:39:30 PM,25966c4f-f5ed-45ec-8723-37d91e0d1469,Hemostatic Gauze,1000,
TOOL_HOVER,325889,12/8/2022 2:39:30 PM,25966c4f-f5ed-45ec-8723-37d91e0d1469,Hemostatic Gauze,1000,
TOOL_HOVER,325908,12/8/2022 2:39:30 PM,25966c4f-f5ed-45ec-8723-37d91e0d1469,Hemostatic Gauze,1000,
TOOL_HOVER,325928,12/8/2022 2:39:30 PM,25966c4f-f5ed-45ec-8723-37d91e0d1469,Hemostatic Gauze,1000,
TOOL_HOVER,325948,12/8/2022 2:39:30 PM,25966c4f-f5ed-45ec-8723-37d91e0d1469,Hemostatic Gauze,1000,
TOOL_HOVER,325967,12/8/2022 2:39:30 PM,25966c4f-f5ed-45ec-8723-37d91e0d1469,Hemostatic Gauze,1000,
TOOL_HOVER,325988,12/8/2022 2:39:30 PM,25966c4f-f5ed-45ec-8723-37d91e0d1469,Hemostatic Gauze,1000,
TOOL_HOVER,326008,12/8/2022 2:39:30 PM,25966c4f-f5ed-45ec-8723-37d91e0d1469,Hemostatic Gauze,1000,
TOOL_HOVER,326027,12/8/2022 2:39:30 PM,25966c4f-f5ed-45ec-8723-37d91e0d1469,Hemostatic Gauze,1000,
TOOL_HOVER,326047,12/8/2022 2:39:30 PM,25966c4f-f5ed-45ec-8723-37d91e0d1469,Hemostatic Gauze,1000,
TOOL_HOVER,326067,12/8/2022 2:39:30 PM,25966c4f-f5ed-45ec-8723-37d91e0d1469,Hemostatic Gauze,1000,
TOOL_HOVER,326087,12/8/2022 2:39:30 PM,25966c4f-f5ed-45ec-8723-37d91e0d1469,Hemostatic Gauze,1000,
TOOL_HOVER,326107,12/8/2022 2:39:30 PM,25966c4f-f5ed-45ec-8723-37d91e0d1469,Hemostatic Gauze,1000,
TOOL_HOVER,326126,12/8/2022 2:39:30 PM,25966c4f-f5ed-45ec-8723-37d91e0d1469,Hemostatic Gauze,1000,
TOOL_HOVER,326147,12/8/2022 2:39:30 PM,25966c4f-f5ed-45ec-8723-37d91e0d1469,Hemostatic Gauze,1000,
TOOL_HOVER,326166,12/8/2022 2:39:30 PM,25966c4f-f5ed-45ec-8723-37d91e0d1469,Hemostatic Gauze,1000,
TOOL_HOVER,326190,12/8/2022 2:39:30 PM,25966c4f-f5ed-45ec-8723-37d91e0d1469,Hemostatic Gauze,1000,
TOOL_HOVER,326207,12/8/2022 2:39:30 PM,25966c4f-f5ed-45ec-8723-37d91e0d1469,Hemostatic Gauze,1000,
TOOL_HOVER,326226,12/8/2022 2:39:30 PM,25966c4f-f5ed-45ec-8723-37d91e0d1469,Hemostatic Gauze,1000,
TOOL_HOVER,326246,12/8/2022 2:39:30 PM,25966c4f-f5ed-45ec-8723-37d91e0d1469,Hemostatic Gauze,1000,
TOOL_HOVER,326267,12/8/2022 2:39:30 PM,25966c4f-f5ed-45ec-8723-37d91e0d1469,Hemostatic Gauze,1000,
TOOL_HOVER,326285,12/8/2022 2:39:30 PM,25966c4f-f5ed-45ec-8723-37d91e0d1469,Hemostatic Gauze,1000,
TOOL_HOVER,326305,12/8/2022 2:39:30 PM,25966c4f-f5ed-45ec-8723-37d91e0d1469,Hemostatic Gauze,1000,
TOOL_HOVER,326324,12/8/2022 2:39:30 PM,25966c4f-f5ed-45ec-8723-37d91e0d1469,Hemostatic Gauze,1000,
TOOL_HOVER,326344,12/8/2022 2:39:30 PM,25966c4f-f5ed-45ec-8723-37d91e0d1469,Hemostatic Gauze,1000,
TOOL_HOVER,326364,12/8/2022 2:39:30 PM,25966c4f-f5ed-45ec-8723-37d91e0d1469,Hemostatic Gauze,1000,
TOOL_HOVER,326383,12/8/2022 2:39:30 PM,25966c4f-f5ed-45ec-8723-37d91e0d1469,Hemostatic Gauze,1000,
TOOL_HOVER,326403,12/8/2022 2:39:30 PM,25966c4f-f5ed-45ec-8723-37d91e0d1469,Hemostatic Gauze,1000,
TOOL_HOVER,326422,12/8/2022 2:39:30 PM,25966c4f-f5ed-45ec-8723-37d91e0d1469,Hemostatic Gauze,1000,
TOOL_HOVER,326442,12/8/2022 2:39:30 PM,25966c4f-f5ed-45ec-8723-37d91e0d1469,Hemostatic Gauze,1000,
TOOL_HOVER,326462,12/8/2022 2:39:30 PM,25966c4f-f5ed-45ec-8723-37d91e0d1469,Hemostatic Gauze,1000,
TOOL_HOVER,326481,12/8/2022 2:39:30 PM,25966c4f-f5ed-45ec-8723-37d91e0d1469,Hemostatic Gauze,1000,
TOOL_HOVER,326501,12/8/2022 2:39:30 PM,25966c4f-f5ed-45ec-8723-37d91e0d1469,Hemostatic Gauze,1000,
TOOL_HOVER,326521,12/8/2022 2:39:30 PM,25966c4f-f5ed-45ec-8723-37d91e0d1469,Hemostatic Gauze,1000,
TOOL_HOVER,326541,12/8/2022 2:39:30 PM,25966c4f-f5ed-45ec-8723-37d91e0d1469,Hemostatic Gauze,1000,
TOOL_HOVER,326560,12/8/2022 2:39:30 PM,25966c4f-f5ed-45ec-8723-37d91e0d1469,Hemostatic Gauze,1000,
TOOL_HOVER,326580,12/8/2022 2:39:30 PM,25966c4f-f5ed-45ec-8723-37d91e0d1469,Hemostatic Gauze,1000,
TOOL_HOVER,326600,12/8/2022 2:39:30 PM,25966c4f-f5ed-45ec-8723-37d91e0d1469,Hemostatic Gauze,1000,
TOOL_HOVER,326620,12/8/2022 2:39:30 PM,25966c4f-f5ed-45ec-8723-37d91e0d1469,Hemostatic Gauze,1000,
TOOL_HOVER,326640,12/8/2022 2:39:30 PM,25966c4f-f5ed-45ec-8723-37d91e0d1469,Hemostatic Gauze,1000,
TOOL_HOVER,326659,12/8/2022 2:39:30 PM,25966c4f-f5ed-45ec-8723-37d91e0d1469,Hemostatic Gauze,1000,
TOOL_HOVER,326681,12/8/2022 2:39:30 PM,25966c4f-f5ed-45ec-8723-37d91e0d1469,Hemostatic Gauze,1000,
TOOL_HOVER,326700,12/8/2022 2:39:30 PM,25966c4f-f5ed-45ec-8723-37d91e0d1469,Hemostatic Gauze,1000,
TOOL_HOVER,326719,12/8/2022 2:39:30 PM,25966c4f-f5ed-45ec-8723-37d91e0d1469,Hemostatic Gauze,1000,
TOOL_HOVER,326741,12/8/2022 2:39:30 PM,25966c4f-f5ed-45ec-8723-37d91e0d1469,Hemostatic Gauze,1000,
TOOL_HOVER,326761,12/8/2022 2:39:30 PM,25966c4f-f5ed-45ec-8723-37d91e0d1469,Hemostatic Gauze,1000,
TOOL_HOVER,326781,12/8/2022 2:39:30 PM,25966c4f-f5ed-45ec-8723-37d91e0d1469,Hemostatic Gauze,1000,
TOOL_HOVER,326799,12/8/2022 2:39:30 PM,25966c4f-f5ed-45ec-8723-37d91e0d1469,Hemostatic Gauze,1000,
TOOL_HOVER,326819,12/8/2022 2:39:30 PM,25966c4f-f5ed-45ec-8723-37d91e0d1469,Hemostatic Gauze,1000,
TOOL_HOVER,326839,12/8/2022 2:39:31 PM,25966c4f-f5ed-45ec-8723-37d91e0d1469,Hemostatic Gauze,1000,
TOOL_HOVER,328861,12/8/2022 2:39:33 PM,25966c4f-f5ed-45ec-8723-37d91e0d1469,Hemostatic Gauze,1000,
TOOL_HOVER,328878,12/8/2022 2:39:33 PM,25966c4f-f5ed-45ec-8723-37d91e0d1469,Hemostatic Gauze,1000,
TOOL_HOVER,328897,12/8/2022 2:39:33 PM,25966c4f-f5ed-45ec-8723-37d91e0d1469,Hemostatic Gauze,1000,
TOOL_HOVER,328917,12/8/2022 2:39:33 PM,25966c4f-f5ed-45ec-8723-37d91e0d1469,Hemostatic Gauze,1000,
TOOL_HOVER,328936,12/8/2022 2:39:33 PM,25966c4f-f5ed-45ec-8723-37d91e0d1469,Hemostatic Gauze,1000,
TOOL_HOVER,328956,12/8/2022 2:39:33 PM,25966c4f-f5ed-45ec-8723-37d91e0d1469,Hemostatic Gauze,1000,
TOOL_HOVER,328976,12/8/2022 2:39:33 PM,25966c4f-f5ed-45ec-8723-37d91e0d1469,Hemostatic Gauze,1000,
TOOL_HOVER,328994,12/8/2022 2:39:33 PM,25966c4f-f5ed-45ec-8723-37d91e0d1469,Hemostatic Gauze,1000,
TOOL_HOVER,329014,12/8/2022 2:39:33 PM,25966c4f-f5ed-45ec-8723-37d91e0d1469,Hemostatic Gauze,1000,
TOOL_HOVER,329033,12/8/2022 2:39:33 PM,25966c4f-f5ed-45ec-8723-37d91e0d1469,Hemostatic Gauze,1000,
TOOL_HOVER,329053,12/8/2022 2:39:33 PM,25966c4f-f5ed-45ec-8723-37d91e0d1469,Hemostatic Gauze,1000,
TOOL_HOVER,329072,12/8/2022 2:39:33 PM,25966c4f-f5ed-45ec-8723-37d91e0d1469,Hemostatic Gauze,1000,
TOOL_HOVER,329091,12/8/2022 2:39:33 PM,25966c4f-f5ed-45ec-8723-37d91e0d1469,Hemostatic Gauze,1000,
TOOL_HOVER,329110,12/8/2022 2:39:33 PM,25966c4f-f5ed-45ec-8723-37d91e0d1469,Hemostatic Gauze,1000,
TOOL_SELECTED,329111,12/8/2022 2:39:33 PM,25966c4f-f5ed-45ec-8723-37d91e0d1469,Hemostatic Gauze,999,
TOOL_DISCARDED,331192,12/8/2022 2:39:35 PM,25966c4f-f5ed-45ec-8723-37d91e0d1469,Hemostatic Gauze,999,"(3.2, 0.4, -3.1)",
INJURY_TREATED,331192,12/8/2022 2:39:35 PM,25966c4f-f5ed-45ec-8723-37d91e0d1469,L Shoulder Puncture,Mike_2 Root,woundpack,medium,chest,True,False,"(3.3, 0.4, -3.0)",
TOOL_APPLIED,331192,12/8/2022 2:39:35 PM,25966c4f-f5ed-45ec-8723-37d91e0d1469,Mike_2 Root,Gauze_Pack,skinCollider_BodyCollideLOD (UnityEngine.GameObject),null,null,AppliedPackingGauze,
PULSE_TAKEN,331309,12/8/2022 2:39:35 PM,25966c4f-f5ed-45ec-8723-37d91e0d1469,pulse_fast,Mike_2 Root,
TAG_SELECTED,333003,12/8/2022 2:39:37 PM,25966c4f-f5ed-45ec-8723-37d91e0d1469,gray,
VOICE_CAPTURE,343697,12/8/2022 2:39:47 PM,25966c4f-f5ed-45ec-8723-37d91e0d1469,what is,NA,
TAG_SELECTED,347124,12/8/2022 2:39:51 PM,25966c4f-f5ed-45ec-8723-37d91e0d1469,red,
TAG_DISCARDED,347589,12/8/2022 2:39:51 PM,25966c4f-f5ed-45ec-8723-37d91e0d1469,red,"(3.8, 0.8, -2.7)",
VOICE_CAPTURE,348374,12/8/2022 2:39:52 PM,25966c4f-f5ed-45ec-8723-37d91e0d1469,i don't know,NA,
TAG_DISCARDED,349127,12/8/2022 2:39:53 PM,25966c4f-f5ed-45ec-8723-37d91e0d1469,gray,"(3.8, 1.1, -2.5)",
BAG_CLOSED,350330,12/8/2022 2:39:54 PM,25966c4f-f5ed-45ec-8723-37d91e0d1469,"(3.8, 0.7, -2.7)",
TELEPORT,350330,12/8/2022 2:39:54 PM,25966c4f-f5ed-45ec-8723-37d91e0d1469,"(4.8, 0.0, -3.4)",
VOICE_CAPTURE,350563,12/8/2022 2:39:54 PM,25966c4f-f5ed-45ec-8723-37d91e0d1469,OK,NA,
TELEPORT,351400,12/8/2022 2:39:55 PM,25966c4f-f5ed-45ec-8723-37d91e0d1469,"(4.8, 0.0, -3.4)",
TELEPORT,353504,12/8/2022 2:39:57 PM,25966c4f-f5ed-45ec-8723-37d91e0d1469,"(2.7, 0.0, -1.9)",
BAG_ACCESS,357129,12/8/2022 2:40:01 PM,25966c4f-f5ed-45ec-8723-37d91e0d1469,"(2.9, 0.7, -2.4)",
BAG_ACCESS,357480,12/8/2022 2:40:01 PM,25966c4f-f5ed-45ec-8723-37d91e0d1469,"(2.9, 0.7, -2.4)",
TAG_SELECTED,358324,12/8/2022 2:40:02 PM,25966c4f-f5ed-45ec-8723-37d91e0d1469,red,
TAG_APPLIED,359343,12/8/2022 2:40:03 PM,25966c4f-f5ed-45ec-8723-37d91e0d1469,Mike_2 Root,red,
VOICE_CAPTURE,359409,12/8/2022 2:40:03 PM,25966c4f-f5ed-45ec-8723-37d91e0d1469,yeah he's,NA,
BAG_CLOSED,362618,12/8/2022 2:40:06 PM,25966c4f-f5ed-45ec-8723-37d91e0d1469,"(2.9, 0.7, -2.4)",
TELEPORT,362618,12/8/2022 2:40:06 PM,25966c4f-f5ed-45ec-8723-37d91e0d1469,"(3.4, 0.0, -2.8)",
PATIENT_ENGAGED,364505,12/8/2022 2:40:08 PM,25966c4f-f5ed-45ec-8723-37d91e0d1469,100,Infinity,Mike_0 Root,"(4.7, 0.0, -5.1)","(0.0, 0.4, 0.0, -0.9)",DELAYED,walker,normal,normal,normal,upset,sittingGround,
BAG_ACCESS,369767,12/8/2022 2:40:13 PM,25966c4f-f5ed-45ec-8723-37d91e0d1469,"(4.2, 0.7, -4.4)",
VOICE_CAPTURE,373326,12/8/2022 2:40:17 PM,25966c4f-f5ed-45ec-8723-37d91e0d1469,you wouldn't ask what's your name,NA,
VOICE_COMMAND,373326,12/8/2022 2:40:17 PM,25966c4f-f5ed-45ec-8723-37d91e0d1469,what is your name,you wouldn't ask what's your name,
TOOL_HOVER,377455,12/8/2022 2:40:21 PM,25966c4f-f5ed-45ec-8723-37d91e0d1469,Tourniquet,997,
TOOL_HOVER,377473,12/8/2022 2:40:21 PM,25966c4f-f5ed-45ec-8723-37d91e0d1469,Tourniquet,997,
TOOL_HOVER,377487,12/8/2022 2:40:21 PM,25966c4f-f5ed-45ec-8723-37d91e0d1469,Tourniquet,997,
TOOL_HOVER,377504,12/8/2022 2:40:21 PM,25966c4f-f5ed-45ec-8723-37d91e0d1469,Tourniquet,997,
TOOL_HOVER,377521,12/8/2022 2:40:21 PM,25966c4f-f5ed-45ec-8723-37d91e0d1469,Tourniquet,997,
TOOL_HOVER,377538,12/8/2022 2:40:21 PM,25966c4f-f5ed-45ec-8723-37d91e0d1469,Tourniquet,997,
TOOL_HOVER,377554,12/8/2022 2:40:21 PM,25966c4f-f5ed-45ec-8723-37d91e0d1469,Tourniquet,997,
TOOL_HOVER,377571,12/8/2022 2:40:21 PM,25966c4f-f5ed-45ec-8723-37d91e0d1469,Tourniquet,997,
TOOL_HOVER,377588,12/8/2022 2:40:21 PM,25966c4f-f5ed-45ec-8723-37d91e0d1469,Tourniquet,997,
TOOL_HOVER,377604,12/8/2022 2:40:21 PM,25966c4f-f5ed-45ec-8723-37d91e0d1469,Tourniquet,997,
TOOL_HOVER,377620,12/8/2022 2:40:21 PM,25966c4f-f5ed-45ec-8723-37d91e0d1469,Tourniquet,997,
TOOL_SELECTED,377621,12/8/2022 2:40:21 PM,25966c4f-f5ed-45ec-8723-37d91e0d1469,Tourniquet,996,
VOICE_CAPTURE,380041,12/8/2022 2:40:24 PM,25966c4f-f5ed-45ec-8723-37d91e0d1469,i forgot they can talk and they can answer questions,NA,
TOOL_APPLIED,380311,12/8/2022 2:40:24 PM,25966c4f-f5ed-45ec-8723-37d91e0d1469,Mike_0 Root,Tourniquet,RightUpLeg (UnityEngine.GameObject),tor_ring (1) (UnityEngine.GameObject),tourniquet(Clone) (UnityEngine.GameObject),AppliedTourniquet,
PULSE_TAKEN,381764,12/8/2022 2:40:25 PM,25966c4f-f5ed-45ec-8723-37d91e0d1469,pulse_normal,Mike_0 Root,
PULSE_TAKEN,383969,12/8/2022 2:40:28 PM,25966c4f-f5ed-45ec-8723-37d91e0d1469,pulse_normal,Mike_0 Root,
PULSE_TAKEN,384086,12/8/2022 2:40:28 PM,25966c4f-f5ed-45ec-8723-37d91e0d1469,pulse_normal,Mike_0 Root,
PULSE_TAKEN,384219,12/8/2022 2:40:28 PM,25966c4f-f5ed-45ec-8723-37d91e0d1469,pulse_normal,Mike_0 Root,
PULSE_TAKEN,385656,12/8/2022 2:40:29 PM,25966c4f-f5ed-45ec-8723-37d91e0d1469,pulse_normal,Mike_0 Root,
VOICE_CAPTURE,386959,12/8/2022 2:40:31 PM,25966c4f-f5ed-45ec-8723-37d91e0d1469,so real quick yeah,NA,
TAG_SELECTED,393045,12/8/2022 2:40:37 PM,25966c4f-f5ed-45ec-8723-37d91e0d1469,yellow,
TAG_APPLIED,393777,12/8/2022 2:40:37 PM,25966c4f-f5ed-45ec-8723-37d91e0d1469,Mike_0 Root,yellow,
VOICE_CAPTURE,394878,12/8/2022 2:40:39 PM,25966c4f-f5ed-45ec-8723-37d91e0d1469,OK can you like see i would,NA,
VOICE_CAPTURE,402296,12/8/2022 2:40:46 PM,25966c4f-f5ed-45ec-8723-37d91e0d1469,now this scenario bloody clothing gotcha,NA,
VOICE_CAPTURE,403834,12/8/2022 2:40:47 PM,25966c4f-f5ed-45ec-8723-37d91e0d1469,OK,NA,
VOICE_CAPTURE,406272,12/8/2022 2:40:50 PM,25966c4f-f5ed-45ec-8723-37d91e0d1469,yeah,NA,
TOOL_HOVER,406457,12/8/2022 2:40:50 PM,25966c4f-f5ed-45ec-8723-37d91e0d1469,Gauze,999,
TOOL_HOVER,406474,12/8/2022 2:40:50 PM,25966c4f-f5ed-45ec-8723-37d91e0d1469,Gauze,999,
TOOL_HOVER,406491,12/8/2022 2:40:50 PM,25966c4f-f5ed-45ec-8723-37d91e0d1469,Gauze,999,
TOOL_HOVER,406507,12/8/2022 2:40:50 PM,25966c4f-f5ed-45ec-8723-37d91e0d1469,Gauze,999,
TOOL_SELECTED,406508,12/8/2022 2:40:50 PM,25966c4f-f5ed-45ec-8723-37d91e0d1469,Gauze,998,
TOOL_DISCARDED,407896,12/8/2022 2:40:52 PM,25966c4f-f5ed-45ec-8723-37d91e0d1469,Gauze,998,"(4.8, 0.3, -5.2)",
TOOL_APPLIED,407896,12/8/2022 2:40:52 PM,25966c4f-f5ed-45ec-8723-37d91e0d1469,Mike_0 Root,Gauze_Dressing,skinCollider_BodyCollideLOD (UnityEngine.GameObject),null,null,AppliedDressingGauze,
TOOL_HOVER,409147,12/8/2022 2:40:53 PM,25966c4f-f5ed-45ec-8723-37d91e0d1469,Gauze,999,
TOOL_HOVER,409165,12/8/2022 2:40:53 PM,25966c4f-f5ed-45ec-8723-37d91e0d1469,Gauze,999,
TOOL_HOVER,409181,12/8/2022 2:40:53 PM,25966c4f-f5ed-45ec-8723-37d91e0d1469,Gauze,999,
TOOL_HOVER,409197,12/8/2022 2:40:53 PM,25966c4f-f5ed-45ec-8723-37d91e0d1469,Gauze,999,
TOOL_HOVER,409214,12/8/2022 2:40:53 PM,25966c4f-f5ed-45ec-8723-37d91e0d1469,Gauze,999,
TOOL_HOVER,409230,12/8/2022 2:40:53 PM,25966c4f-f5ed-45ec-8723-37d91e0d1469,Gauze,999,
TOOL_HOVER,409247,12/8/2022 2:40:53 PM,25966c4f-f5ed-45ec-8723-37d91e0d1469,Gauze,999,
TOOL_HOVER,409263,12/8/2022 2:40:53 PM,25966c4f-f5ed-45ec-8723-37d91e0d1469,Gauze,999,
TOOL_HOVER,409280,12/8/2022 2:40:53 PM,25966c4f-f5ed-45ec-8723-37d91e0d1469,Gauze,999,
TOOL_HOVER,409297,12/8/2022 2:40:53 PM,25966c4f-f5ed-45ec-8723-37d91e0d1469,Gauze,999,
TOOL_HOVER,409314,12/8/2022 2:40:53 PM,25966c4f-f5ed-45ec-8723-37d91e0d1469,Gauze,999,
TOOL_SELECTED,409314,12/8/2022 2:40:53 PM,25966c4f-f5ed-45ec-8723-37d91e0d1469,Gauze,998,
VOICE_CAPTURE,410015,12/8/2022 2:40:54 PM,25966c4f-f5ed-45ec-8723-37d91e0d1469,yeah i guess so,NA,
TOOL_DISCARDED,410282,12/8/2022 2:40:54 PM,25966c4f-f5ed-45ec-8723-37d91e0d1469,Gauze,998,"(4.8, 0.4, -5.2)",
INJURY_TREATED,410282,12/8/2022 2:40:54 PM,25966c4f-f5ed-45ec-8723-37d91e0d1469,R Forearm Laceration,Mike_0 Root,gauzePressure,low,rightArm,True,False,"(4.8, 0.4, -5.2)",
TOOL_APPLIED,410282,12/8/2022 2:40:54 PM,25966c4f-f5ed-45ec-8723-37d91e0d1469,Mike_0 Root,Gauze_Dressing,skinCollider_BodyCollideLOD (UnityEngine.GameObject),null,null,AppliedDressingGauze,
TAG_SELECTED,411937,12/8/2022 2:40:56 PM,25966c4f-f5ed-45ec-8723-37d91e0d1469,green,
VOICE_CAPTURE,412171,12/8/2022 2:40:56 PM,25966c4f-f5ed-45ec-8723-37d91e0d1469,or you can ask,NA,
TAG_APPLIED,413073,12/8/2022 2:40:57 PM,25966c4f-f5ed-45ec-8723-37d91e0d1469,Mike_0 Root,green,
VOICE_CAPTURE,416606,12/8/2022 2:41:00 PM,25966c4f-f5ed-45ec-8723-37d91e0d1469,he's fine,NA,
VOICE_CAPTURE,419880,12/8/2022 2:41:04 PM,25966c4f-f5ed-45ec-8723-37d91e0d1469,slash OK,NA,
VOICE_CAPTURE,422688,12/8/2022 2:41:06 PM,25966c4f-f5ed-45ec-8723-37d91e0d1469,gotcha,NA,
VOICE_CAPTURE,431108,12/8/2022 2:41:15 PM,25966c4f-f5ed-45ec-8723-37d91e0d1469,you're going to the scenario you're not getting yeah hold on can i see where i'm at in the room now,NA,
VOICE_CAPTURE,434249,12/8/2022 2:41:18 PM,25966c4f-f5ed-45ec-8723-37d91e0d1469,alright i didn't really move much,NA,
VOICE_CAPTURE,436956,12/8/2022 2:41:21 PM,25966c4f-f5ed-45ec-8723-37d91e0d1469,yeah i was trying not to be,NA,
VOICE_CAPTURE,438258,12/8/2022 2:41:22 PM,25966c4f-f5ed-45ec-8723-37d91e0d1469,OK,NA,
SESSION_END,440716,12/8/2022 2:41:24 PM,25966c4f-f5ed-45ec-8723-37d91e0d1469,
VOICE_CAPTURE,441348,12/8/2022 2:41:25 PM,25966c4f-f5ed-45ec-8723-37d91e0d1469,alright,NA,
