VOICE_CAPTURE,7541,12/7/2022 12:08:44 PM,2bb9607d-7a58-4b03-8af7-c78cbd84e727,yeah,NA,
VOICE_CAPTURE,10763,12/7/2022 12:08:47 PM,2bb9607d-7a58-4b03-8af7-c78cbd84e727,OK,NA,
VOICE_CAPTURE,17547,12/7/2022 12:08:54 PM,2bb9607d-7a58-4b03-8af7-c78cbd84e727,when you walk up to the patient go up go look at the person and this is where i'm gonna show you the two different types of movements with your thumb,NA,
VOICE_COMMAND,17547,12/7/2022 12:08:54 PM,2bb9607d-7a58-4b03-8af7-c78cbd84e727,walk to the safe area,when you walk up to the patient go up go look at the person and this is where i'm gonna show you the two different types of movements with your thumb,
S_A_L_T_WALK_IF_CAN,17549,12/7/2022 12:08:54 PM,2bb9607d-7a58-4b03-8af7-c78cbd84e727,"(3.1, 0.0, -1.1)",walkIfCan,Mike Root,
S_A_L_T_WALKED,17549,12/7/2022 12:08:54 PM,2bb9607d-7a58-4b03-8af7-c78cbd84e727,"(3.1, 0.0, -1.1)",walked,Mike Root,
TELEPORT,20622,12/7/2022 12:08:57 PM,2bb9607d-7a58-4b03-8af7-c78cbd84e727,"(2.0, 0.0, 1.3)",
TELEPORT,21823,12/7/2022 12:08:58 PM,2bb9607d-7a58-4b03-8af7-c78cbd84e727,"(2.6, 0.0, 1.3)",
TELEPORT,24564,12/7/2022 12:09:01 PM,2bb9607d-7a58-4b03-8af7-c78cbd84e727,"(2.7, 0.0, 1.2)",
VOICE_CAPTURE,27423,12/7/2022 12:09:04 PM,2bb9607d-7a58-4b03-8af7-c78cbd84e727,i showed you this one would move you here's this this will move you forward slowly oh sure hold,NA,
VOICE_CAPTURE,34387,12/7/2022 12:09:11 PM,2bb9607d-7a58-4b03-8af7-c78cbd84e727,alright OK stop doing that one come over here to this one push that forward just push it forward like,NA,
VOICE_COMMAND,34387,12/7/2022 12:09:11 PM,2bb9607d-7a58-4b03-8af7-c78cbd84e727,walk to player,alright OK stop doing that one come over here to this one push that forward just push it forward like,
TELEPORT,34438,12/7/2022 12:09:11 PM,2bb9607d-7a58-4b03-8af7-c78cbd84e727,"(2.0, 0.0, -1.0)",
TELEPORT,39633,12/7/2022 12:09:16 PM,2bb9607d-7a58-4b03-8af7-c78cbd84e727,"(-0.4, 0.0, -11.5)",
VOICE_CAPTURE,39902,12/7/2022 12:09:16 PM,2bb9607d-7a58-4b03-8af7-c78cbd84e727,this one OK holy ****,NA,
VOICE_CAPTURE,46917,12/7/2022 12:09:23 PM,2bb9607d-7a58-4b03-8af7-c78cbd84e727,and now you can take your arm and move it places and if it's green you can go there,NA,
VOICE_COMMAND,46917,12/7/2022 12:09:23 PM,2bb9607d-7a58-4b03-8af7-c78cbd84e727,walk to the safe area,and now you can take your arm and move it places and if it's green you can go there,
S_A_L_T_WALK_IF_CAN,46918,12/7/2022 12:09:23 PM,2bb9607d-7a58-4b03-8af7-c78cbd84e727,"(1.8, 0.0, -3.2)",walkIfCan,Mike Root,
S_A_L_T_WALKED,46918,12/7/2022 12:09:23 PM,2bb9607d-7a58-4b03-8af7-c78cbd84e727,"(1.8, 0.0, -3.2)",walked,Mike Root,
VOICE_CAPTURE,54786,12/7/2022 12:09:31 PM,2bb9607d-7a58-4b03-8af7-c78cbd84e727,alright hang on where in the hell,NA,
VOICE_CAPTURE,59565,12/7/2022 12:09:36 PM,2bb9607d-7a58-4b03-8af7-c78cbd84e727,which way do i how do i do that square again,NA,
TELEPORT,60232,12/7/2022 12:09:37 PM,2bb9607d-7a58-4b03-8af7-c78cbd84e727,"(0.6, 0.0, -15.8)",
TELEPORT,61922,12/7/2022 12:09:38 PM,2bb9607d-7a58-4b03-8af7-c78cbd84e727,"(2.4, 0.0, -23.4)",
TELEPORT,62021,12/7/2022 12:09:38 PM,2bb9607d-7a58-4b03-8af7-c78cbd84e727,"(2.4, 0.0, -23.4)",
VOICE_CAPTURE,65379,12/7/2022 12:09:42 PM,2bb9607d-7a58-4b03-8af7-c78cbd84e727,oh OK,NA,
TELEPORT,67586,12/7/2022 12:09:44 PM,2bb9607d-7a58-4b03-8af7-c78cbd84e727,"(2.4, 0.0, -28.8)",
VOICE_CAPTURE,68605,12/7/2022 12:09:45 PM,2bb9607d-7a58-4b03-8af7-c78cbd84e727,go back,NA,
VOICE_CAPTURE,73850,12/7/2022 12:09:50 PM,2bb9607d-7a58-4b03-8af7-c78cbd84e727,yeah,NA,
TELEPORT,75638,12/7/2022 12:09:52 PM,2bb9607d-7a58-4b03-8af7-c78cbd84e727,"(1.5, 0.0, -18.7)",
VOICE_CAPTURE,82269,12/7/2022 12:09:59 PM,2bb9607d-7a58-4b03-8af7-c78cbd84e727,it's like fishing,NA,
TELEPORT,83273,12/7/2022 12:10:00 PM,2bb9607d-7a58-4b03-8af7-c78cbd84e727,"(0.6, 0.0, -7.1)",
VOICE_CAPTURE,84793,12/7/2022 12:10:01 PM,2bb9607d-7a58-4b03-8af7-c78cbd84e727,alright,NA,
TELEPORT,90089,12/7/2022 12:10:06 PM,2bb9607d-7a58-4b03-8af7-c78cbd84e727,"(1.0, 0.0, 0.4)",
VOICE_CAPTURE,90824,12/7/2022 12:10:07 PM,2bb9607d-7a58-4b03-8af7-c78cbd84e727,right,NA,
PATIENT_ENGAGED,92730,12/7/2022 12:10:09 PM,2bb9607d-7a58-4b03-8af7-c78cbd84e727,100,128,Mike Root,"(1.9, 0.0, -3.3)","(0.0, 0.0, 0.0, 1.0)",MINIMAL,walker,normal,normal,normal,calm,standing,
TELEPORT,95904,12/7/2022 12:10:12 PM,2bb9607d-7a58-4b03-8af7-c78cbd84e727,"(1.3, 0.0, -1.3)",
VOICE_CAPTURE,100999,12/7/2022 12:10:17 PM,2bb9607d-7a58-4b03-8af7-c78cbd84e727,alright holy ship,NA,
TELEPORT,101235,12/7/2022 12:10:18 PM,2bb9607d-7a58-4b03-8af7-c78cbd84e727,"(1.2, 0.0, -1.5)",
TELEPORT,101984,12/7/2022 12:10:18 PM,2bb9607d-7a58-4b03-8af7-c78cbd84e727,"(1.2, 0.0, -1.5)",
VOICE_CAPTURE,103254,12/7/2022 12:10:20 PM,2bb9607d-7a58-4b03-8af7-c78cbd84e727,oh god,NA,
VOICE_CAPTURE,105393,12/7/2022 12:10:22 PM,2bb9607d-7a58-4b03-8af7-c78cbd84e727,which one do i do to,NA,
PULSE_TAKEN,107516,12/7/2022 12:10:24 PM,2bb9607d-7a58-4b03-8af7-c78cbd84e727,pulse_normal,Mike Root,
VOICE_CAPTURE,112042,12/7/2022 12:10:28 PM,2bb9607d-7a58-4b03-8af7-c78cbd84e727,oh OK alright holy ****,NA,
PULSE_TAKEN,112260,12/7/2022 12:10:29 PM,2bb9607d-7a58-4b03-8af7-c78cbd84e727,pulse_normal,Mike Root,
VOICE_CAPTURE,112746,12/7/2022 12:10:29 PM,2bb9607d-7a58-4b03-8af7-c78cbd84e727,yeah but i,NA,
PULSE_TAKEN,115082,12/7/2022 12:10:31 PM,2bb9607d-7a58-4b03-8af7-c78cbd84e727,pulse_normal,Mike Root,
VOICE_CAPTURE,116737,12/7/2022 12:10:33 PM,2bb9607d-7a58-4b03-8af7-c78cbd84e727,i i guess i feel a pulse,NA,
VOICE_CAPTURE,120296,12/7/2022 12:10:37 PM,2bb9607d-7a58-4b03-8af7-c78cbd84e727,yeah right,NA,
VOICE_CAPTURE,122317,12/7/2022 12:10:39 PM,2bb9607d-7a58-4b03-8af7-c78cbd84e727,OK,NA,
PULSE_TAKEN,123537,12/7/2022 12:10:40 PM,2bb9607d-7a58-4b03-8af7-c78cbd84e727,pulse_normal,Mike Root,
PULSE_TAKEN,124222,12/7/2022 12:10:41 PM,2bb9607d-7a58-4b03-8af7-c78cbd84e727,pulse_normal,Mike Root,
VOICE_CAPTURE,127913,12/7/2022 12:10:44 PM,2bb9607d-7a58-4b03-8af7-c78cbd84e727,OK i don't have to do anything,NA,
VOICE_CAPTURE,130086,12/7/2022 12:10:46 PM,2bb9607d-7a58-4b03-8af7-c78cbd84e727,alright,NA,
VOICE_CAPTURE,138389,12/7/2022 12:10:55 PM,2bb9607d-7a58-4b03-8af7-c78cbd84e727,use whichever movement can i get him to come forward,NA,
VOICE_CAPTURE,139476,12/7/2022 12:10:56 PM,2bb9607d-7a58-4b03-8af7-c78cbd84e727,alright,NA,
TELEPORT,141916,12/7/2022 12:10:58 PM,2bb9607d-7a58-4b03-8af7-c78cbd84e727,"(1.2, 0.0, -1.5)",
TELEPORT,144621,12/7/2022 12:11:01 PM,2bb9607d-7a58-4b03-8af7-c78cbd84e727,"(1.2, 0.0, -1.7)",
TELEPORT,145776,12/7/2022 12:11:02 PM,2bb9607d-7a58-4b03-8af7-c78cbd84e727,"(1.3, 0.0, -2.0)",
VOICE_CAPTURE,146876,12/7/2022 12:11:03 PM,2bb9607d-7a58-4b03-8af7-c78cbd84e727,OK i'll have to do this one alright OK go ahead and push it,NA,
VOICE_CAPTURE,149532,12/7/2022 12:11:06 PM,2bb9607d-7a58-4b03-8af7-c78cbd84e727,alright,NA,
VOICE_CAPTURE,150502,12/7/2022 12:11:07 PM,2bb9607d-7a58-4b03-8af7-c78cbd84e727,white,NA,
VOICE_CAPTURE,152908,12/7/2022 12:11:09 PM,2bb9607d-7a58-4b03-8af7-c78cbd84e727,yeah,NA,
BAG_ACCESS,155482,12/7/2022 12:11:12 PM,2bb9607d-7a58-4b03-8af7-c78cbd84e727,"(1.6, 0.7, -2.2)",
VOICE_CAPTURE,160560,12/7/2022 12:11:17 PM,2bb9607d-7a58-4b03-8af7-c78cbd84e727,with your hand on when it turns yellow you pull the trigger trigger here and you'll grab it no,NA,
VOICE_CAPTURE,164102,12/7/2022 12:11:20 PM,2bb9607d-7a58-4b03-8af7-c78cbd84e727,anywhere you want so go ahead and grab that black part of the pack,NA,
VOICE_CAPTURE,167945,12/7/2022 12:11:24 PM,2bb9607d-7a58-4b03-8af7-c78cbd84e727,lol fair right,NA,
VOICE_CAPTURE,173157,12/7/2022 12:11:30 PM,2bb9607d-7a58-4b03-8af7-c78cbd84e727,yeah or like that OK OK yep,NA,
TAG_SELECTED,174378,12/7/2022 12:11:31 PM,2bb9607d-7a58-4b03-8af7-c78cbd84e727,green,
TAG_APPLIED,178104,12/7/2022 12:11:34 PM,2bb9607d-7a58-4b03-8af7-c78cbd84e727,Mike Root,green,
VOICE_CAPTURE,178537,12/7/2022 12:11:35 PM,2bb9607d-7a58-4b03-8af7-c78cbd84e727,start his his screen so i grab that and,NA,
VOICE_CAPTURE,182815,12/7/2022 12:11:39 PM,2bb9607d-7a58-4b03-8af7-c78cbd84e727,alright,NA,
TOOL_HOVER,188061,12/7/2022 12:11:44 PM,2bb9607d-7a58-4b03-8af7-c78cbd84e727,Hemostatic Gauze,999,
TOOL_HOVER,188077,12/7/2022 12:11:44 PM,2bb9607d-7a58-4b03-8af7-c78cbd84e727,Hemostatic Gauze,999,
TOOL_HOVER,188094,12/7/2022 12:11:44 PM,2bb9607d-7a58-4b03-8af7-c78cbd84e727,Hemostatic Gauze,999,
TOOL_HOVER,188110,12/7/2022 12:11:44 PM,2bb9607d-7a58-4b03-8af7-c78cbd84e727,Hemostatic Gauze,999,
TOOL_HOVER,188128,12/7/2022 12:11:44 PM,2bb9607d-7a58-4b03-8af7-c78cbd84e727,Hemostatic Gauze,999,
TOOL_HOVER,188144,12/7/2022 12:11:45 PM,2bb9607d-7a58-4b03-8af7-c78cbd84e727,Hemostatic Gauze,999,
TOOL_HOVER,188161,12/7/2022 12:11:45 PM,2bb9607d-7a58-4b03-8af7-c78cbd84e727,Hemostatic Gauze,999,
TOOL_HOVER,188176,12/7/2022 12:11:45 PM,2bb9607d-7a58-4b03-8af7-c78cbd84e727,Hemostatic Gauze,999,
TOOL_HOVER,188193,12/7/2022 12:11:45 PM,2bb9607d-7a58-4b03-8af7-c78cbd84e727,Hemostatic Gauze,999,
TOOL_HOVER,188210,12/7/2022 12:11:45 PM,2bb9607d-7a58-4b03-8af7-c78cbd84e727,Hemostatic Gauze,999,
TOOL_HOVER,188227,12/7/2022 12:11:45 PM,2bb9607d-7a58-4b03-8af7-c78cbd84e727,Hemostatic Gauze,999,
TOOL_HOVER,188245,12/7/2022 12:11:45 PM,2bb9607d-7a58-4b03-8af7-c78cbd84e727,Hemostatic Gauze,999,
TOOL_HOVER,188261,12/7/2022 12:11:45 PM,2bb9607d-7a58-4b03-8af7-c78cbd84e727,Hemostatic Gauze,999,
TOOL_HOVER,188278,12/7/2022 12:11:45 PM,2bb9607d-7a58-4b03-8af7-c78cbd84e727,Hemostatic Gauze,999,
TOOL_HOVER,188296,12/7/2022 12:11:45 PM,2bb9607d-7a58-4b03-8af7-c78cbd84e727,Hemostatic Gauze,999,
TOOL_HOVER,188310,12/7/2022 12:11:45 PM,2bb9607d-7a58-4b03-8af7-c78cbd84e727,Hemostatic Gauze,999,
TOOL_HOVER,188328,12/7/2022 12:11:45 PM,2bb9607d-7a58-4b03-8af7-c78cbd84e727,Hemostatic Gauze,999,
TOOL_HOVER,188343,12/7/2022 12:11:45 PM,2bb9607d-7a58-4b03-8af7-c78cbd84e727,Hemostatic Gauze,999,
TOOL_HOVER,188361,12/7/2022 12:11:45 PM,2bb9607d-7a58-4b03-8af7-c78cbd84e727,Hemostatic Gauze,999,
TOOL_HOVER,188377,12/7/2022 12:11:45 PM,2bb9607d-7a58-4b03-8af7-c78cbd84e727,Hemostatic Gauze,999,
TOOL_HOVER,188397,12/7/2022 12:11:45 PM,2bb9607d-7a58-4b03-8af7-c78cbd84e727,Hemostatic Gauze,999,
TOOL_HOVER,188411,12/7/2022 12:11:45 PM,2bb9607d-7a58-4b03-8af7-c78cbd84e727,Hemostatic Gauze,999,
TOOL_HOVER,188427,12/7/2022 12:11:45 PM,2bb9607d-7a58-4b03-8af7-c78cbd84e727,Hemostatic Gauze,999,
TOOL_HOVER,188445,12/7/2022 12:11:45 PM,2bb9607d-7a58-4b03-8af7-c78cbd84e727,Hemostatic Gauze,999,
TOOL_HOVER,188461,12/7/2022 12:11:45 PM,2bb9607d-7a58-4b03-8af7-c78cbd84e727,Hemostatic Gauze,999,
TOOL_HOVER,188478,12/7/2022 12:11:45 PM,2bb9607d-7a58-4b03-8af7-c78cbd84e727,Hemostatic Gauze,999,
TOOL_HOVER,188494,12/7/2022 12:11:45 PM,2bb9607d-7a58-4b03-8af7-c78cbd84e727,Hemostatic Gauze,999,
TOOL_HOVER,188512,12/7/2022 12:11:45 PM,2bb9607d-7a58-4b03-8af7-c78cbd84e727,Hemostatic Gauze,999,
TOOL_HOVER,188528,12/7/2022 12:11:45 PM,2bb9607d-7a58-4b03-8af7-c78cbd84e727,Hemostatic Gauze,999,
TOOL_HOVER,188544,12/7/2022 12:11:45 PM,2bb9607d-7a58-4b03-8af7-c78cbd84e727,Hemostatic Gauze,999,
TOOL_HOVER,188562,12/7/2022 12:11:45 PM,2bb9607d-7a58-4b03-8af7-c78cbd84e727,Hemostatic Gauze,999,
TOOL_HOVER,188578,12/7/2022 12:11:45 PM,2bb9607d-7a58-4b03-8af7-c78cbd84e727,Hemostatic Gauze,999,
TOOL_HOVER,188595,12/7/2022 12:11:45 PM,2bb9607d-7a58-4b03-8af7-c78cbd84e727,Hemostatic Gauze,999,
TOOL_HOVER,188611,12/7/2022 12:11:45 PM,2bb9607d-7a58-4b03-8af7-c78cbd84e727,Hemostatic Gauze,999,
TOOL_HOVER,188629,12/7/2022 12:11:45 PM,2bb9607d-7a58-4b03-8af7-c78cbd84e727,Hemostatic Gauze,999,
TOOL_HOVER,188644,12/7/2022 12:11:45 PM,2bb9607d-7a58-4b03-8af7-c78cbd84e727,Hemostatic Gauze,999,
TOOL_HOVER,188662,12/7/2022 12:11:45 PM,2bb9607d-7a58-4b03-8af7-c78cbd84e727,Hemostatic Gauze,999,
TOOL_HOVER,188678,12/7/2022 12:11:45 PM,2bb9607d-7a58-4b03-8af7-c78cbd84e727,Hemostatic Gauze,999,
TOOL_HOVER,188695,12/7/2022 12:11:45 PM,2bb9607d-7a58-4b03-8af7-c78cbd84e727,Hemostatic Gauze,999,
TOOL_HOVER,188712,12/7/2022 12:11:45 PM,2bb9607d-7a58-4b03-8af7-c78cbd84e727,Hemostatic Gauze,999,
TOOL_HOVER,188729,12/7/2022 12:11:45 PM,2bb9607d-7a58-4b03-8af7-c78cbd84e727,Hemostatic Gauze,999,
TOOL_HOVER,188746,12/7/2022 12:11:45 PM,2bb9607d-7a58-4b03-8af7-c78cbd84e727,Hemostatic Gauze,999,
TOOL_HOVER,188763,12/7/2022 12:11:45 PM,2bb9607d-7a58-4b03-8af7-c78cbd84e727,Hemostatic Gauze,999,
TOOL_HOVER,188779,12/7/2022 12:11:45 PM,2bb9607d-7a58-4b03-8af7-c78cbd84e727,Hemostatic Gauze,999,
TOOL_HOVER,188796,12/7/2022 12:11:45 PM,2bb9607d-7a58-4b03-8af7-c78cbd84e727,Hemostatic Gauze,999,
TOOL_HOVER,188811,12/7/2022 12:11:45 PM,2bb9607d-7a58-4b03-8af7-c78cbd84e727,Hemostatic Gauze,999,
TOOL_HOVER,188828,12/7/2022 12:11:45 PM,2bb9607d-7a58-4b03-8af7-c78cbd84e727,Hemostatic Gauze,999,
TOOL_HOVER,188845,12/7/2022 12:11:45 PM,2bb9607d-7a58-4b03-8af7-c78cbd84e727,Hemostatic Gauze,999,
TOOL_HOVER,189764,12/7/2022 12:11:46 PM,2bb9607d-7a58-4b03-8af7-c78cbd84e727,Gauze,999,
TOOL_HOVER,189782,12/7/2022 12:11:46 PM,2bb9607d-7a58-4b03-8af7-c78cbd84e727,Gauze,999,
TOOL_HOVER,189798,12/7/2022 12:11:46 PM,2bb9607d-7a58-4b03-8af7-c78cbd84e727,Gauze,999,
TOOL_HOVER,189816,12/7/2022 12:11:46 PM,2bb9607d-7a58-4b03-8af7-c78cbd84e727,Gauze,999,
TOOL_HOVER,189831,12/7/2022 12:11:46 PM,2bb9607d-7a58-4b03-8af7-c78cbd84e727,Gauze,999,
TOOL_HOVER,189849,12/7/2022 12:11:46 PM,2bb9607d-7a58-4b03-8af7-c78cbd84e727,Gauze,999,
TOOL_HOVER,189865,12/7/2022 12:11:46 PM,2bb9607d-7a58-4b03-8af7-c78cbd84e727,Gauze,999,
TOOL_HOVER,189882,12/7/2022 12:11:46 PM,2bb9607d-7a58-4b03-8af7-c78cbd84e727,Gauze,999,
TOOL_HOVER,189899,12/7/2022 12:11:46 PM,2bb9607d-7a58-4b03-8af7-c78cbd84e727,Gauze,999,
TOOL_HOVER,189915,12/7/2022 12:11:46 PM,2bb9607d-7a58-4b03-8af7-c78cbd84e727,Gauze,999,
TOOL_HOVER,189931,12/7/2022 12:11:46 PM,2bb9607d-7a58-4b03-8af7-c78cbd84e727,Gauze,999,
TOOL_HOVER,189949,12/7/2022 12:11:46 PM,2bb9607d-7a58-4b03-8af7-c78cbd84e727,Gauze,999,
TOOL_HOVER,189964,12/7/2022 12:11:46 PM,2bb9607d-7a58-4b03-8af7-c78cbd84e727,Gauze,999,
TOOL_HOVER,189981,12/7/2022 12:11:46 PM,2bb9607d-7a58-4b03-8af7-c78cbd84e727,Gauze,999,
TOOL_HOVER,189998,12/7/2022 12:11:46 PM,2bb9607d-7a58-4b03-8af7-c78cbd84e727,Gauze,999,
TOOL_HOVER,190015,12/7/2022 12:11:46 PM,2bb9607d-7a58-4b03-8af7-c78cbd84e727,Gauze,999,
TOOL_HOVER,190032,12/7/2022 12:11:46 PM,2bb9607d-7a58-4b03-8af7-c78cbd84e727,Gauze,999,
TOOL_HOVER,190049,12/7/2022 12:11:46 PM,2bb9607d-7a58-4b03-8af7-c78cbd84e727,Gauze,999,
VOICE_CAPTURE,190182,12/7/2022 12:11:47 PM,2bb9607d-7a58-4b03-8af7-c78cbd84e727,right here,NA,
VOICE_CAPTURE,192721,12/7/2022 12:11:49 PM,2bb9607d-7a58-4b03-8af7-c78cbd84e727,oh here OK,NA,
VOICE_CAPTURE,196380,12/7/2022 12:11:53 PM,2bb9607d-7a58-4b03-8af7-c78cbd84e727,alright,NA,
TOOL_HOVER,196965,12/7/2022 12:11:53 PM,2bb9607d-7a58-4b03-8af7-c78cbd84e727,Tourniquet,999,
TOOL_HOVER,196983,12/7/2022 12:11:53 PM,2bb9607d-7a58-4b03-8af7-c78cbd84e727,Tourniquet,999,
TOOL_HOVER,196998,12/7/2022 12:11:53 PM,2bb9607d-7a58-4b03-8af7-c78cbd84e727,Tourniquet,999,
TOOL_HOVER,197016,12/7/2022 12:11:53 PM,2bb9607d-7a58-4b03-8af7-c78cbd84e727,Tourniquet,999,
TOOL_HOVER,197031,12/7/2022 12:11:53 PM,2bb9607d-7a58-4b03-8af7-c78cbd84e727,Tourniquet,999,
TOOL_HOVER,197048,12/7/2022 12:11:53 PM,2bb9607d-7a58-4b03-8af7-c78cbd84e727,Tourniquet,999,
TOOL_HOVER,197065,12/7/2022 12:11:53 PM,2bb9607d-7a58-4b03-8af7-c78cbd84e727,Tourniquet,999,
TOOL_HOVER,197088,12/7/2022 12:11:53 PM,2bb9607d-7a58-4b03-8af7-c78cbd84e727,Tourniquet,999,
TOOL_HOVER,197105,12/7/2022 12:11:53 PM,2bb9607d-7a58-4b03-8af7-c78cbd84e727,Tourniquet,999,
TOOL_HOVER,197124,12/7/2022 12:11:53 PM,2bb9607d-7a58-4b03-8af7-c78cbd84e727,Tourniquet,999,
TOOL_HOVER,197141,12/7/2022 12:11:53 PM,2bb9607d-7a58-4b03-8af7-c78cbd84e727,Tourniquet,999,
TOOL_HOVER,197156,12/7/2022 12:11:54 PM,2bb9607d-7a58-4b03-8af7-c78cbd84e727,Tourniquet,999,
TOOL_HOVER,197173,12/7/2022 12:11:54 PM,2bb9607d-7a58-4b03-8af7-c78cbd84e727,Tourniquet,999,
TOOL_HOVER,197190,12/7/2022 12:11:54 PM,2bb9607d-7a58-4b03-8af7-c78cbd84e727,Tourniquet,999,
TOOL_HOVER,197208,12/7/2022 12:11:54 PM,2bb9607d-7a58-4b03-8af7-c78cbd84e727,Tourniquet,999,
TOOL_HOVER,197224,12/7/2022 12:11:54 PM,2bb9607d-7a58-4b03-8af7-c78cbd84e727,Tourniquet,999,
TOOL_HOVER,197241,12/7/2022 12:11:54 PM,2bb9607d-7a58-4b03-8af7-c78cbd84e727,Tourniquet,999,
TOOL_HOVER,197257,12/7/2022 12:11:54 PM,2bb9607d-7a58-4b03-8af7-c78cbd84e727,Tourniquet,999,
TOOL_HOVER,197274,12/7/2022 12:11:54 PM,2bb9607d-7a58-4b03-8af7-c78cbd84e727,Tourniquet,999,
TOOL_HOVER,197291,12/7/2022 12:11:54 PM,2bb9607d-7a58-4b03-8af7-c78cbd84e727,Tourniquet,999,
TOOL_HOVER,197308,12/7/2022 12:11:54 PM,2bb9607d-7a58-4b03-8af7-c78cbd84e727,Tourniquet,999,
TOOL_HOVER,197324,12/7/2022 12:11:54 PM,2bb9607d-7a58-4b03-8af7-c78cbd84e727,Tourniquet,999,
TOOL_HOVER,197341,12/7/2022 12:11:54 PM,2bb9607d-7a58-4b03-8af7-c78cbd84e727,Tourniquet,999,
TOOL_HOVER,197359,12/7/2022 12:11:54 PM,2bb9607d-7a58-4b03-8af7-c78cbd84e727,Tourniquet,999,
TOOL_HOVER,197374,12/7/2022 12:11:54 PM,2bb9607d-7a58-4b03-8af7-c78cbd84e727,Tourniquet,999,
TOOL_HOVER,197391,12/7/2022 12:11:54 PM,2bb9607d-7a58-4b03-8af7-c78cbd84e727,Tourniquet,999,
TOOL_HOVER,197408,12/7/2022 12:11:54 PM,2bb9607d-7a58-4b03-8af7-c78cbd84e727,Tourniquet,999,
TOOL_HOVER,197424,12/7/2022 12:11:54 PM,2bb9607d-7a58-4b03-8af7-c78cbd84e727,Tourniquet,999,
TOOL_HOVER,197441,12/7/2022 12:11:54 PM,2bb9607d-7a58-4b03-8af7-c78cbd84e727,Tourniquet,999,
TOOL_SELECTED,197443,12/7/2022 12:11:54 PM,2bb9607d-7a58-4b03-8af7-c78cbd84e727,Tourniquet,998,
TOOL_DISCARDED,200231,12/7/2022 12:11:57 PM,2bb9607d-7a58-4b03-8af7-c78cbd84e727,Tourniquet,998,"(1.8, 1.4, -3.1)",
VOICE_CAPTURE,205026,12/7/2022 12:12:01 PM,2bb9607d-7a58-4b03-8af7-c78cbd84e727,oh,NA,
TOOL_HOVER,205962,12/7/2022 12:12:02 PM,2bb9607d-7a58-4b03-8af7-c78cbd84e727,Gauze,999,
TOOL_HOVER,205978,12/7/2022 12:12:02 PM,2bb9607d-7a58-4b03-8af7-c78cbd84e727,Gauze,999,
TOOL_HOVER,205997,12/7/2022 12:12:02 PM,2bb9607d-7a58-4b03-8af7-c78cbd84e727,Gauze,999,
TOOL_HOVER,206012,12/7/2022 12:12:02 PM,2bb9607d-7a58-4b03-8af7-c78cbd84e727,Gauze,999,
TOOL_HOVER,206028,12/7/2022 12:12:02 PM,2bb9607d-7a58-4b03-8af7-c78cbd84e727,Gauze,999,
TOOL_HOVER,206045,12/7/2022 12:12:02 PM,2bb9607d-7a58-4b03-8af7-c78cbd84e727,Gauze,999,
TOOL_HOVER,206062,12/7/2022 12:12:02 PM,2bb9607d-7a58-4b03-8af7-c78cbd84e727,Gauze,999,
TOOL_HOVER,206078,12/7/2022 12:12:02 PM,2bb9607d-7a58-4b03-8af7-c78cbd84e727,Gauze,999,
TOOL_HOVER,206095,12/7/2022 12:12:02 PM,2bb9607d-7a58-4b03-8af7-c78cbd84e727,Gauze,999,
TOOL_HOVER,206112,12/7/2022 12:12:02 PM,2bb9607d-7a58-4b03-8af7-c78cbd84e727,Gauze,999,
TOOL_HOVER,206130,12/7/2022 12:12:02 PM,2bb9607d-7a58-4b03-8af7-c78cbd84e727,Gauze,999,
TOOL_HOVER,206145,12/7/2022 12:12:03 PM,2bb9607d-7a58-4b03-8af7-c78cbd84e727,Gauze,999,
TOOL_HOVER,206161,12/7/2022 12:12:03 PM,2bb9607d-7a58-4b03-8af7-c78cbd84e727,Gauze,999,
TOOL_HOVER,206178,12/7/2022 12:12:03 PM,2bb9607d-7a58-4b03-8af7-c78cbd84e727,Gauze,999,
TOOL_HOVER,206195,12/7/2022 12:12:03 PM,2bb9607d-7a58-4b03-8af7-c78cbd84e727,Gauze,999,
TOOL_HOVER,206213,12/7/2022 12:12:03 PM,2bb9607d-7a58-4b03-8af7-c78cbd84e727,Gauze,999,
TOOL_HOVER,206229,12/7/2022 12:12:03 PM,2bb9607d-7a58-4b03-8af7-c78cbd84e727,Gauze,999,
TOOL_HOVER,206246,12/7/2022 12:12:03 PM,2bb9607d-7a58-4b03-8af7-c78cbd84e727,Gauze,999,
TOOL_HOVER,206262,12/7/2022 12:12:03 PM,2bb9607d-7a58-4b03-8af7-c78cbd84e727,Gauze,999,
TOOL_HOVER,206280,12/7/2022 12:12:03 PM,2bb9607d-7a58-4b03-8af7-c78cbd84e727,Gauze,999,
TOOL_HOVER,206296,12/7/2022 12:12:03 PM,2bb9607d-7a58-4b03-8af7-c78cbd84e727,Gauze,999,
TOOL_HOVER,206312,12/7/2022 12:12:03 PM,2bb9607d-7a58-4b03-8af7-c78cbd84e727,Gauze,999,
TOOL_HOVER,206329,12/7/2022 12:12:03 PM,2bb9607d-7a58-4b03-8af7-c78cbd84e727,Gauze,999,
TOOL_HOVER,206346,12/7/2022 12:12:03 PM,2bb9607d-7a58-4b03-8af7-c78cbd84e727,Gauze,999,
TOOL_HOVER,206362,12/7/2022 12:12:03 PM,2bb9607d-7a58-4b03-8af7-c78cbd84e727,Gauze,999,
TOOL_HOVER,206380,12/7/2022 12:12:03 PM,2bb9607d-7a58-4b03-8af7-c78cbd84e727,Gauze,999,
TOOL_HOVER,206395,12/7/2022 12:12:03 PM,2bb9607d-7a58-4b03-8af7-c78cbd84e727,Gauze,999,
TOOL_HOVER,206413,12/7/2022 12:12:03 PM,2bb9607d-7a58-4b03-8af7-c78cbd84e727,Gauze,999,
TOOL_HOVER,206430,12/7/2022 12:12:03 PM,2bb9607d-7a58-4b03-8af7-c78cbd84e727,Gauze,999,
TOOL_HOVER,206446,12/7/2022 12:12:03 PM,2bb9607d-7a58-4b03-8af7-c78cbd84e727,Gauze,999,
TOOL_HOVER,206466,12/7/2022 12:12:03 PM,2bb9607d-7a58-4b03-8af7-c78cbd84e727,Gauze,999,
TOOL_HOVER,206480,12/7/2022 12:12:03 PM,2bb9607d-7a58-4b03-8af7-c78cbd84e727,Gauze,999,
TOOL_HOVER,206497,12/7/2022 12:12:03 PM,2bb9607d-7a58-4b03-8af7-c78cbd84e727,Gauze,999,
TOOL_HOVER,206513,12/7/2022 12:12:03 PM,2bb9607d-7a58-4b03-8af7-c78cbd84e727,Gauze,999,
TOOL_HOVER,206529,12/7/2022 12:12:03 PM,2bb9607d-7a58-4b03-8af7-c78cbd84e727,Gauze,999,
TOOL_HOVER,206547,12/7/2022 12:12:03 PM,2bb9607d-7a58-4b03-8af7-c78cbd84e727,Gauze,999,
TOOL_HOVER,206563,12/7/2022 12:12:03 PM,2bb9607d-7a58-4b03-8af7-c78cbd84e727,Gauze,999,
TOOL_HOVER,206580,12/7/2022 12:12:03 PM,2bb9607d-7a58-4b03-8af7-c78cbd84e727,Gauze,999,
TOOL_HOVER,206596,12/7/2022 12:12:03 PM,2bb9607d-7a58-4b03-8af7-c78cbd84e727,Gauze,999,
TOOL_HOVER,206613,12/7/2022 12:12:03 PM,2bb9607d-7a58-4b03-8af7-c78cbd84e727,Gauze,999,
TOOL_HOVER,206630,12/7/2022 12:12:03 PM,2bb9607d-7a58-4b03-8af7-c78cbd84e727,Gauze,999,
TOOL_HOVER,206646,12/7/2022 12:12:03 PM,2bb9607d-7a58-4b03-8af7-c78cbd84e727,Gauze,999,
TOOL_HOVER,206663,12/7/2022 12:12:03 PM,2bb9607d-7a58-4b03-8af7-c78cbd84e727,Gauze,999,
TOOL_HOVER,206681,12/7/2022 12:12:03 PM,2bb9607d-7a58-4b03-8af7-c78cbd84e727,Gauze,999,
TOOL_HOVER,206697,12/7/2022 12:12:03 PM,2bb9607d-7a58-4b03-8af7-c78cbd84e727,Gauze,999,
TOOL_HOVER,206713,12/7/2022 12:12:03 PM,2bb9607d-7a58-4b03-8af7-c78cbd84e727,Gauze,999,
TOOL_HOVER,206730,12/7/2022 12:12:03 PM,2bb9607d-7a58-4b03-8af7-c78cbd84e727,Gauze,999,
TOOL_HOVER,206747,12/7/2022 12:12:03 PM,2bb9607d-7a58-4b03-8af7-c78cbd84e727,Gauze,999,
TOOL_HOVER,206764,12/7/2022 12:12:03 PM,2bb9607d-7a58-4b03-8af7-c78cbd84e727,Gauze,999,
TOOL_HOVER,206780,12/7/2022 12:12:03 PM,2bb9607d-7a58-4b03-8af7-c78cbd84e727,Gauze,999,
TOOL_HOVER,206797,12/7/2022 12:12:03 PM,2bb9607d-7a58-4b03-8af7-c78cbd84e727,Gauze,999,
TOOL_SELECTED,206799,12/7/2022 12:12:03 PM,2bb9607d-7a58-4b03-8af7-c78cbd84e727,Gauze,998,
VOICE_CAPTURE,208218,12/7/2022 12:12:05 PM,2bb9607d-7a58-4b03-8af7-c78cbd84e727,alright oh,NA,
TOOL_DISCARDED,208869,12/7/2022 12:12:05 PM,2bb9607d-7a58-4b03-8af7-c78cbd84e727,Gauze,998,"(1.4, 1.4, -2.8)",
TOOL_DISCARDED,208869,12/7/2022 12:12:05 PM,2bb9607d-7a58-4b03-8af7-c78cbd84e727,Gauze,999,"(1.4, 1.4, -2.8)",
TOOL_HOVER,208969,12/7/2022 12:12:05 PM,2bb9607d-7a58-4b03-8af7-c78cbd84e727,Gauze,1000,
TOOL_HOVER,208987,12/7/2022 12:12:05 PM,2bb9607d-7a58-4b03-8af7-c78cbd84e727,Gauze,1000,
TOOL_HOVER,209003,12/7/2022 12:12:05 PM,2bb9607d-7a58-4b03-8af7-c78cbd84e727,Gauze,1000,
TOOL_HOVER,209020,12/7/2022 12:12:05 PM,2bb9607d-7a58-4b03-8af7-c78cbd84e727,Gauze,1000,
TOOL_HOVER,209036,12/7/2022 12:12:05 PM,2bb9607d-7a58-4b03-8af7-c78cbd84e727,Gauze,1000,
TOOL_HOVER,209053,12/7/2022 12:12:05 PM,2bb9607d-7a58-4b03-8af7-c78cbd84e727,Gauze,1000,
TOOL_HOVER,209069,12/7/2022 12:12:05 PM,2bb9607d-7a58-4b03-8af7-c78cbd84e727,Gauze,1000,
TOOL_HOVER,209086,12/7/2022 12:12:05 PM,2bb9607d-7a58-4b03-8af7-c78cbd84e727,Gauze,1000,
TOOL_HOVER,209103,12/7/2022 12:12:05 PM,2bb9607d-7a58-4b03-8af7-c78cbd84e727,Gauze,1000,
TOOL_HOVER,209119,12/7/2022 12:12:05 PM,2bb9607d-7a58-4b03-8af7-c78cbd84e727,Gauze,1000,
TOOL_HOVER,209137,12/7/2022 12:12:05 PM,2bb9607d-7a58-4b03-8af7-c78cbd84e727,Gauze,1000,
TOOL_HOVER,209153,12/7/2022 12:12:06 PM,2bb9607d-7a58-4b03-8af7-c78cbd84e727,Gauze,1000,
TOOL_HOVER,209371,12/7/2022 12:12:06 PM,2bb9607d-7a58-4b03-8af7-c78cbd84e727,Gauze,1000,
TOOL_HOVER,209386,12/7/2022 12:12:06 PM,2bb9607d-7a58-4b03-8af7-c78cbd84e727,Gauze,1000,
TOOL_HOVER,209405,12/7/2022 12:12:06 PM,2bb9607d-7a58-4b03-8af7-c78cbd84e727,Gauze,1000,
TOOL_HOVER,209420,12/7/2022 12:12:06 PM,2bb9607d-7a58-4b03-8af7-c78cbd84e727,Gauze,1000,
TOOL_HOVER,209437,12/7/2022 12:12:06 PM,2bb9607d-7a58-4b03-8af7-c78cbd84e727,Gauze,1000,
TOOL_HOVER,209453,12/7/2022 12:12:06 PM,2bb9607d-7a58-4b03-8af7-c78cbd84e727,Gauze,1000,
TOOL_HOVER,209471,12/7/2022 12:12:06 PM,2bb9607d-7a58-4b03-8af7-c78cbd84e727,Gauze,1000,
TOOL_HOVER,209488,12/7/2022 12:12:06 PM,2bb9607d-7a58-4b03-8af7-c78cbd84e727,Gauze,1000,
TOOL_HOVER,209504,12/7/2022 12:12:06 PM,2bb9607d-7a58-4b03-8af7-c78cbd84e727,Gauze,1000,
TOOL_HOVER,209521,12/7/2022 12:12:06 PM,2bb9607d-7a58-4b03-8af7-c78cbd84e727,Gauze,1000,
TOOL_HOVER,209539,12/7/2022 12:12:06 PM,2bb9607d-7a58-4b03-8af7-c78cbd84e727,Gauze,1000,
TOOL_HOVER,209555,12/7/2022 12:12:06 PM,2bb9607d-7a58-4b03-8af7-c78cbd84e727,Gauze,1000,
TOOL_HOVER,209570,12/7/2022 12:12:06 PM,2bb9607d-7a58-4b03-8af7-c78cbd84e727,Gauze,1000,
TOOL_HOVER,209588,12/7/2022 12:12:06 PM,2bb9607d-7a58-4b03-8af7-c78cbd84e727,Gauze,1000,
TOOL_HOVER,209604,12/7/2022 12:12:06 PM,2bb9607d-7a58-4b03-8af7-c78cbd84e727,Gauze,1000,
TOOL_HOVER,209621,12/7/2022 12:12:06 PM,2bb9607d-7a58-4b03-8af7-c78cbd84e727,Gauze,1000,
TOOL_HOVER,209637,12/7/2022 12:12:06 PM,2bb9607d-7a58-4b03-8af7-c78cbd84e727,Gauze,1000,
TOOL_HOVER,209655,12/7/2022 12:12:06 PM,2bb9607d-7a58-4b03-8af7-c78cbd84e727,Gauze,1000,
TOOL_HOVER,209670,12/7/2022 12:12:06 PM,2bb9607d-7a58-4b03-8af7-c78cbd84e727,Tourniquet,999,
TOOL_HOVER,209688,12/7/2022 12:12:06 PM,2bb9607d-7a58-4b03-8af7-c78cbd84e727,Tourniquet,999,
TOOL_HOVER,209704,12/7/2022 12:12:06 PM,2bb9607d-7a58-4b03-8af7-c78cbd84e727,Tourniquet,999,
TOOL_HOVER,209721,12/7/2022 12:12:06 PM,2bb9607d-7a58-4b03-8af7-c78cbd84e727,Tourniquet,999,
TOOL_HOVER,209738,12/7/2022 12:12:06 PM,2bb9607d-7a58-4b03-8af7-c78cbd84e727,Tourniquet,999,
TOOL_HOVER,209754,12/7/2022 12:12:06 PM,2bb9607d-7a58-4b03-8af7-c78cbd84e727,Tourniquet,999,
TOOL_HOVER,209771,12/7/2022 12:12:06 PM,2bb9607d-7a58-4b03-8af7-c78cbd84e727,Tourniquet,999,
TOOL_HOVER,209789,12/7/2022 12:12:06 PM,2bb9607d-7a58-4b03-8af7-c78cbd84e727,Tourniquet,999,
TOOL_HOVER,209804,12/7/2022 12:12:06 PM,2bb9607d-7a58-4b03-8af7-c78cbd84e727,Tourniquet,999,
TOOL_HOVER,209821,12/7/2022 12:12:06 PM,2bb9607d-7a58-4b03-8af7-c78cbd84e727,Tourniquet,999,
TOOL_HOVER,209837,12/7/2022 12:12:06 PM,2bb9607d-7a58-4b03-8af7-c78cbd84e727,Tourniquet,999,
TOOL_HOVER,209854,12/7/2022 12:12:06 PM,2bb9607d-7a58-4b03-8af7-c78cbd84e727,Tourniquet,999,
TOOL_HOVER,209871,12/7/2022 12:12:06 PM,2bb9607d-7a58-4b03-8af7-c78cbd84e727,Tourniquet,999,
TOOL_HOVER,209888,12/7/2022 12:12:06 PM,2bb9607d-7a58-4b03-8af7-c78cbd84e727,Tourniquet,999,
TOOL_HOVER,209905,12/7/2022 12:12:06 PM,2bb9607d-7a58-4b03-8af7-c78cbd84e727,Tourniquet,999,
TOOL_HOVER,209922,12/7/2022 12:12:06 PM,2bb9607d-7a58-4b03-8af7-c78cbd84e727,Tourniquet,999,
TOOL_HOVER,209937,12/7/2022 12:12:06 PM,2bb9607d-7a58-4b03-8af7-c78cbd84e727,Tourniquet,999,
TOOL_HOVER,209955,12/7/2022 12:12:06 PM,2bb9607d-7a58-4b03-8af7-c78cbd84e727,Tourniquet,999,
TOOL_HOVER,209974,12/7/2022 12:12:06 PM,2bb9607d-7a58-4b03-8af7-c78cbd84e727,Tourniquet,999,
TOOL_HOVER,209987,12/7/2022 12:12:06 PM,2bb9607d-7a58-4b03-8af7-c78cbd84e727,Tourniquet,999,
TOOL_HOVER,210005,12/7/2022 12:12:06 PM,2bb9607d-7a58-4b03-8af7-c78cbd84e727,Tourniquet,999,
TOOL_HOVER,210022,12/7/2022 12:12:06 PM,2bb9607d-7a58-4b03-8af7-c78cbd84e727,Tourniquet,999,
TOOL_HOVER,210038,12/7/2022 12:12:06 PM,2bb9607d-7a58-4b03-8af7-c78cbd84e727,Tourniquet,999,
TOOL_HOVER,210056,12/7/2022 12:12:06 PM,2bb9607d-7a58-4b03-8af7-c78cbd84e727,Tourniquet,999,
TOOL_HOVER,210071,12/7/2022 12:12:06 PM,2bb9607d-7a58-4b03-8af7-c78cbd84e727,Tourniquet,999,
TOOL_HOVER,210088,12/7/2022 12:12:06 PM,2bb9607d-7a58-4b03-8af7-c78cbd84e727,Tourniquet,999,
TOOL_HOVER,210104,12/7/2022 12:12:06 PM,2bb9607d-7a58-4b03-8af7-c78cbd84e727,Tourniquet,999,
TOOL_HOVER,210122,12/7/2022 12:12:06 PM,2bb9607d-7a58-4b03-8af7-c78cbd84e727,Tourniquet,999,
TOOL_HOVER,210139,12/7/2022 12:12:06 PM,2bb9607d-7a58-4b03-8af7-c78cbd84e727,Tourniquet,999,
TOOL_HOVER,210155,12/7/2022 12:12:07 PM,2bb9607d-7a58-4b03-8af7-c78cbd84e727,Tourniquet,999,
TOOL_HOVER,210172,12/7/2022 12:12:07 PM,2bb9607d-7a58-4b03-8af7-c78cbd84e727,Tourniquet,999,
TOOL_HOVER,210189,12/7/2022 12:12:07 PM,2bb9607d-7a58-4b03-8af7-c78cbd84e727,Tourniquet,999,
TOOL_HOVER,210206,12/7/2022 12:12:07 PM,2bb9607d-7a58-4b03-8af7-c78cbd84e727,Tourniquet,999,
TOOL_HOVER,210223,12/7/2022 12:12:07 PM,2bb9607d-7a58-4b03-8af7-c78cbd84e727,Tourniquet,999,
TOOL_HOVER,210238,12/7/2022 12:12:07 PM,2bb9607d-7a58-4b03-8af7-c78cbd84e727,Tourniquet,999,
TOOL_HOVER,210255,12/7/2022 12:12:07 PM,2bb9607d-7a58-4b03-8af7-c78cbd84e727,Tourniquet,999,
TOOL_HOVER,210271,12/7/2022 12:12:07 PM,2bb9607d-7a58-4b03-8af7-c78cbd84e727,Tourniquet,999,
TOOL_SELECTED,210272,12/7/2022 12:12:07 PM,2bb9607d-7a58-4b03-8af7-c78cbd84e727,Tourniquet,998,
TOOL_APPLIED,212613,12/7/2022 12:12:09 PM,2bb9607d-7a58-4b03-8af7-c78cbd84e727,Mike Root,Tourniquet,LeftArm (UnityEngine.GameObject),tor_ring (1) (UnityEngine.GameObject),tourniquet(Clone) (UnityEngine.GameObject),AppliedTourniquet,
VOICE_CAPTURE,220980,12/7/2022 12:12:17 PM,2bb9607d-7a58-4b03-8af7-c78cbd84e727,modality,NA,
TOOL_HOVER,221467,12/7/2022 12:12:18 PM,2bb9607d-7a58-4b03-8af7-c78cbd84e727,Hemostatic Gauze,999,
TOOL_HOVER,221483,12/7/2022 12:12:18 PM,2bb9607d-7a58-4b03-8af7-c78cbd84e727,Hemostatic Gauze,999,
TOOL_HOVER,221500,12/7/2022 12:12:18 PM,2bb9607d-7a58-4b03-8af7-c78cbd84e727,Hemostatic Gauze,999,
TOOL_HOVER,221516,12/7/2022 12:12:18 PM,2bb9607d-7a58-4b03-8af7-c78cbd84e727,Hemostatic Gauze,999,
TOOL_HOVER,221534,12/7/2022 12:12:18 PM,2bb9607d-7a58-4b03-8af7-c78cbd84e727,Hemostatic Gauze,999,
TOOL_HOVER,221549,12/7/2022 12:12:18 PM,2bb9607d-7a58-4b03-8af7-c78cbd84e727,Hemostatic Gauze,999,
TOOL_HOVER,221566,12/7/2022 12:12:18 PM,2bb9607d-7a58-4b03-8af7-c78cbd84e727,Hemostatic Gauze,999,
TOOL_HOVER,221583,12/7/2022 12:12:18 PM,2bb9607d-7a58-4b03-8af7-c78cbd84e727,Hemostatic Gauze,999,
TOOL_HOVER,221600,12/7/2022 12:12:18 PM,2bb9607d-7a58-4b03-8af7-c78cbd84e727,Hemostatic Gauze,999,
TOOL_HOVER,221617,12/7/2022 12:12:18 PM,2bb9607d-7a58-4b03-8af7-c78cbd84e727,Hemostatic Gauze,999,
TOOL_HOVER,221633,12/7/2022 12:12:18 PM,2bb9607d-7a58-4b03-8af7-c78cbd84e727,Hemostatic Gauze,999,
TOOL_HOVER,221650,12/7/2022 12:12:18 PM,2bb9607d-7a58-4b03-8af7-c78cbd84e727,Hemostatic Gauze,999,
TOOL_HOVER,221666,12/7/2022 12:12:18 PM,2bb9607d-7a58-4b03-8af7-c78cbd84e727,Hemostatic Gauze,999,
TOOL_HOVER,221684,12/7/2022 12:12:18 PM,2bb9607d-7a58-4b03-8af7-c78cbd84e727,Hemostatic Gauze,999,
TOOL_HOVER,221700,12/7/2022 12:12:18 PM,2bb9607d-7a58-4b03-8af7-c78cbd84e727,Hemostatic Gauze,999,
TOOL_HOVER,221717,12/7/2022 12:12:18 PM,2bb9607d-7a58-4b03-8af7-c78cbd84e727,Hemostatic Gauze,999,
TOOL_HOVER,221733,12/7/2022 12:12:18 PM,2bb9607d-7a58-4b03-8af7-c78cbd84e727,Hemostatic Gauze,999,
TOOL_HOVER,221753,12/7/2022 12:12:18 PM,2bb9607d-7a58-4b03-8af7-c78cbd84e727,Hemostatic Gauze,999,
TOOL_HOVER,221766,12/7/2022 12:12:18 PM,2bb9607d-7a58-4b03-8af7-c78cbd84e727,Hemostatic Gauze,999,
TOOL_HOVER,221784,12/7/2022 12:12:18 PM,2bb9607d-7a58-4b03-8af7-c78cbd84e727,Hemostatic Gauze,999,
TOOL_HOVER,221801,12/7/2022 12:12:18 PM,2bb9607d-7a58-4b03-8af7-c78cbd84e727,Hemostatic Gauze,999,
TOOL_HOVER,221817,12/7/2022 12:12:18 PM,2bb9607d-7a58-4b03-8af7-c78cbd84e727,Hemostatic Gauze,999,
TOOL_HOVER,221835,12/7/2022 12:12:18 PM,2bb9607d-7a58-4b03-8af7-c78cbd84e727,Hemostatic Gauze,999,
TOOL_HOVER,221850,12/7/2022 12:12:18 PM,2bb9607d-7a58-4b03-8af7-c78cbd84e727,Hemostatic Gauze,999,
TOOL_HOVER,221867,12/7/2022 12:12:18 PM,2bb9607d-7a58-4b03-8af7-c78cbd84e727,Hemostatic Gauze,999,
TOOL_HOVER,221884,12/7/2022 12:12:18 PM,2bb9607d-7a58-4b03-8af7-c78cbd84e727,Hemostatic Gauze,999,
TOOL_HOVER,221900,12/7/2022 12:12:18 PM,2bb9607d-7a58-4b03-8af7-c78cbd84e727,Hemostatic Gauze,999,
TOOL_HOVER,221917,12/7/2022 12:12:18 PM,2bb9607d-7a58-4b03-8af7-c78cbd84e727,Hemostatic Gauze,999,
TOOL_HOVER,221934,12/7/2022 12:12:18 PM,2bb9607d-7a58-4b03-8af7-c78cbd84e727,Hemostatic Gauze,999,
TOOL_HOVER,221951,12/7/2022 12:12:18 PM,2bb9607d-7a58-4b03-8af7-c78cbd84e727,Hemostatic Gauze,999,
TOOL_HOVER,221966,12/7/2022 12:12:18 PM,2bb9607d-7a58-4b03-8af7-c78cbd84e727,Hemostatic Gauze,999,
TOOL_HOVER,221984,12/7/2022 12:12:18 PM,2bb9607d-7a58-4b03-8af7-c78cbd84e727,Hemostatic Gauze,999,
TOOL_HOVER,222000,12/7/2022 12:12:18 PM,2bb9607d-7a58-4b03-8af7-c78cbd84e727,Hemostatic Gauze,999,
TOOL_HOVER,222017,12/7/2022 12:12:18 PM,2bb9607d-7a58-4b03-8af7-c78cbd84e727,Hemostatic Gauze,999,
TOOL_HOVER,222034,12/7/2022 12:12:18 PM,2bb9607d-7a58-4b03-8af7-c78cbd84e727,Hemostatic Gauze,999,
TOOL_HOVER,222051,12/7/2022 12:12:18 PM,2bb9607d-7a58-4b03-8af7-c78cbd84e727,Hemostatic Gauze,999,
TOOL_HOVER,222067,12/7/2022 12:12:18 PM,2bb9607d-7a58-4b03-8af7-c78cbd84e727,Hemostatic Gauze,999,
TOOL_HOVER,222084,12/7/2022 12:12:18 PM,2bb9607d-7a58-4b03-8af7-c78cbd84e727,Hemostatic Gauze,999,
TOOL_HOVER,222101,12/7/2022 12:12:18 PM,2bb9607d-7a58-4b03-8af7-c78cbd84e727,Hemostatic Gauze,999,
TOOL_HOVER,222118,12/7/2022 12:12:18 PM,2bb9607d-7a58-4b03-8af7-c78cbd84e727,Hemostatic Gauze,999,
TOOL_HOVER,222135,12/7/2022 12:12:18 PM,2bb9607d-7a58-4b03-8af7-c78cbd84e727,Hemostatic Gauze,999,
TOOL_HOVER,222151,12/7/2022 12:12:19 PM,2bb9607d-7a58-4b03-8af7-c78cbd84e727,Hemostatic Gauze,999,
TOOL_HOVER,222168,12/7/2022 12:12:19 PM,2bb9607d-7a58-4b03-8af7-c78cbd84e727,Hemostatic Gauze,999,
TOOL_HOVER,222186,12/7/2022 12:12:19 PM,2bb9607d-7a58-4b03-8af7-c78cbd84e727,Hemostatic Gauze,999,
TOOL_HOVER,222201,12/7/2022 12:12:19 PM,2bb9607d-7a58-4b03-8af7-c78cbd84e727,Hemostatic Gauze,999,
TOOL_HOVER,222219,12/7/2022 12:12:19 PM,2bb9607d-7a58-4b03-8af7-c78cbd84e727,Hemostatic Gauze,999,
TOOL_SELECTED,222220,12/7/2022 12:12:19 PM,2bb9607d-7a58-4b03-8af7-c78cbd84e727,Hemostatic Gauze,998,
VOICE_CAPTURE,223737,12/7/2022 12:12:20 PM,2bb9607d-7a58-4b03-8af7-c78cbd84e727,something that should be,NA,
VOICE_CAPTURE,227947,12/7/2022 12:12:24 PM,2bb9607d-7a58-4b03-8af7-c78cbd84e727,and then,NA,
TOOL_DISCARDED,229953,12/7/2022 12:12:26 PM,2bb9607d-7a58-4b03-8af7-c78cbd84e727,Hemostatic Gauze,998,"(1.2, 1.5, -2.5)",
TOOL_DISCARDED,229953,12/7/2022 12:12:26 PM,2bb9607d-7a58-4b03-8af7-c78cbd84e727,Hemostatic Gauze,999,"(1.2, 1.5, -2.5)",
TOOL_HOVER,230056,12/7/2022 12:12:26 PM,2bb9607d-7a58-4b03-8af7-c78cbd84e727,Hemostatic Gauze,1000,
TOOL_HOVER,230071,12/7/2022 12:12:26 PM,2bb9607d-7a58-4b03-8af7-c78cbd84e727,Hemostatic Gauze,1000,
TOOL_HOVER,230087,12/7/2022 12:12:26 PM,2bb9607d-7a58-4b03-8af7-c78cbd84e727,Hemostatic Gauze,1000,
TOOL_HOVER,230104,12/7/2022 12:12:26 PM,2bb9607d-7a58-4b03-8af7-c78cbd84e727,Hemostatic Gauze,1000,
TOOL_HOVER,230119,12/7/2022 12:12:26 PM,2bb9607d-7a58-4b03-8af7-c78cbd84e727,Hemostatic Gauze,1000,
TOOL_HOVER,230137,12/7/2022 12:12:26 PM,2bb9607d-7a58-4b03-8af7-c78cbd84e727,Hemostatic Gauze,1000,
TOOL_HOVER,230153,12/7/2022 12:12:27 PM,2bb9607d-7a58-4b03-8af7-c78cbd84e727,Hemostatic Gauze,1000,
VOICE_CAPTURE,232478,12/7/2022 12:12:29 PM,2bb9607d-7a58-4b03-8af7-c78cbd84e727,but he doesn't have any alright,NA,
TAG_SELECTED,233328,12/7/2022 12:12:30 PM,2bb9607d-7a58-4b03-8af7-c78cbd84e727,black,
TAG_APPLIED,236435,12/7/2022 12:12:33 PM,2bb9607d-7a58-4b03-8af7-c78cbd84e727,Mike Root,black,
VOICE_CAPTURE,236586,12/7/2022 12:12:33 PM,2bb9607d-7a58-4b03-8af7-c78cbd84e727,and then that one up there in the top right,NA,
VOICE_CAPTURE,242668,12/7/2022 12:12:39 PM,2bb9607d-7a58-4b03-8af7-c78cbd84e727,alright that's how you change color,NA,
VOICE_CAPTURE,244204,12/7/2022 12:12:41 PM,2bb9607d-7a58-4b03-8af7-c78cbd84e727,then the last one,NA,
TOOL_HOVER,246661,12/7/2022 12:12:43 PM,2bb9607d-7a58-4b03-8af7-c78cbd84e727,Needle,999,
TOOL_HOVER,246677,12/7/2022 12:12:43 PM,2bb9607d-7a58-4b03-8af7-c78cbd84e727,Needle,999,
TOOL_HOVER,246693,12/7/2022 12:12:43 PM,2bb9607d-7a58-4b03-8af7-c78cbd84e727,Needle,999,
TOOL_HOVER,246711,12/7/2022 12:12:43 PM,2bb9607d-7a58-4b03-8af7-c78cbd84e727,Needle,999,
TOOL_HOVER,246727,12/7/2022 12:12:43 PM,2bb9607d-7a58-4b03-8af7-c78cbd84e727,Needle,999,
TOOL_HOVER,246744,12/7/2022 12:12:43 PM,2bb9607d-7a58-4b03-8af7-c78cbd84e727,Needle,999,
TOOL_HOVER,246761,12/7/2022 12:12:43 PM,2bb9607d-7a58-4b03-8af7-c78cbd84e727,Needle,999,
TOOL_HOVER,246777,12/7/2022 12:12:43 PM,2bb9607d-7a58-4b03-8af7-c78cbd84e727,Needle,999,
TOOL_HOVER,246794,12/7/2022 12:12:43 PM,2bb9607d-7a58-4b03-8af7-c78cbd84e727,Needle,999,
TOOL_HOVER,246810,12/7/2022 12:12:43 PM,2bb9607d-7a58-4b03-8af7-c78cbd84e727,Needle,999,
TOOL_HOVER,246827,12/7/2022 12:12:43 PM,2bb9607d-7a58-4b03-8af7-c78cbd84e727,Needle,999,
TOOL_HOVER,246844,12/7/2022 12:12:43 PM,2bb9607d-7a58-4b03-8af7-c78cbd84e727,Needle,999,
TOOL_HOVER,246861,12/7/2022 12:12:43 PM,2bb9607d-7a58-4b03-8af7-c78cbd84e727,Needle,999,
TOOL_HOVER,246878,12/7/2022 12:12:43 PM,2bb9607d-7a58-4b03-8af7-c78cbd84e727,Needle,999,
TOOL_HOVER,246896,12/7/2022 12:12:43 PM,2bb9607d-7a58-4b03-8af7-c78cbd84e727,Needle,999,
TOOL_HOVER,246910,12/7/2022 12:12:43 PM,2bb9607d-7a58-4b03-8af7-c78cbd84e727,Needle,999,
TOOL_HOVER,246929,12/7/2022 12:12:43 PM,2bb9607d-7a58-4b03-8af7-c78cbd84e727,Needle,999,
TOOL_HOVER,246944,12/7/2022 12:12:43 PM,2bb9607d-7a58-4b03-8af7-c78cbd84e727,Needle,999,
TOOL_HOVER,246961,12/7/2022 12:12:43 PM,2bb9607d-7a58-4b03-8af7-c78cbd84e727,Needle,999,
TOOL_HOVER,246979,12/7/2022 12:12:43 PM,2bb9607d-7a58-4b03-8af7-c78cbd84e727,Needle,999,
TOOL_HOVER,246995,12/7/2022 12:12:43 PM,2bb9607d-7a58-4b03-8af7-c78cbd84e727,Needle,999,
TOOL_HOVER,247010,12/7/2022 12:12:43 PM,2bb9607d-7a58-4b03-8af7-c78cbd84e727,Needle,999,
TOOL_HOVER,247028,12/7/2022 12:12:43 PM,2bb9607d-7a58-4b03-8af7-c78cbd84e727,Needle,999,
TOOL_HOVER,247044,12/7/2022 12:12:43 PM,2bb9607d-7a58-4b03-8af7-c78cbd84e727,Needle,999,
TOOL_HOVER,248465,12/7/2022 12:12:45 PM,2bb9607d-7a58-4b03-8af7-c78cbd84e727,Needle,999,
TOOL_HOVER,248481,12/7/2022 12:12:45 PM,2bb9607d-7a58-4b03-8af7-c78cbd84e727,Needle,999,
TOOL_HOVER,248498,12/7/2022 12:12:45 PM,2bb9607d-7a58-4b03-8af7-c78cbd84e727,Needle,999,
TOOL_HOVER,248515,12/7/2022 12:12:45 PM,2bb9607d-7a58-4b03-8af7-c78cbd84e727,Needle,999,
TOOL_HOVER,248532,12/7/2022 12:12:45 PM,2bb9607d-7a58-4b03-8af7-c78cbd84e727,Needle,999,
TOOL_HOVER,248548,12/7/2022 12:12:45 PM,2bb9607d-7a58-4b03-8af7-c78cbd84e727,Needle,999,
VOICE_CAPTURE,249652,12/7/2022 12:12:46 PM,2bb9607d-7a58-4b03-8af7-c78cbd84e727,oh,NA,
TOOL_HOVER,250670,12/7/2022 12:12:47 PM,2bb9607d-7a58-4b03-8af7-c78cbd84e727,Needle,999,
TOOL_HOVER,250687,12/7/2022 12:12:47 PM,2bb9607d-7a58-4b03-8af7-c78cbd84e727,Needle,999,
TOOL_HOVER,250703,12/7/2022 12:12:47 PM,2bb9607d-7a58-4b03-8af7-c78cbd84e727,Needle,999,
TOOL_HOVER,250720,12/7/2022 12:12:47 PM,2bb9607d-7a58-4b03-8af7-c78cbd84e727,Needle,999,
TOOL_HOVER,250737,12/7/2022 12:12:47 PM,2bb9607d-7a58-4b03-8af7-c78cbd84e727,Needle,999,
TOOL_HOVER,250755,12/7/2022 12:12:47 PM,2bb9607d-7a58-4b03-8af7-c78cbd84e727,Needle,999,
TOOL_HOVER,250771,12/7/2022 12:12:47 PM,2bb9607d-7a58-4b03-8af7-c78cbd84e727,Needle,999,
TOOL_HOVER,250786,12/7/2022 12:12:47 PM,2bb9607d-7a58-4b03-8af7-c78cbd84e727,Needle,999,
TOOL_HOVER,250804,12/7/2022 12:12:47 PM,2bb9607d-7a58-4b03-8af7-c78cbd84e727,Needle,999,
TOOL_HOVER,250823,12/7/2022 12:12:47 PM,2bb9607d-7a58-4b03-8af7-c78cbd84e727,Needle,999,
TOOL_HOVER,250837,12/7/2022 12:12:47 PM,2bb9607d-7a58-4b03-8af7-c78cbd84e727,Needle,999,
TOOL_HOVER,250855,12/7/2022 12:12:47 PM,2bb9607d-7a58-4b03-8af7-c78cbd84e727,Needle,999,
TOOL_HOVER,250871,12/7/2022 12:12:47 PM,2bb9607d-7a58-4b03-8af7-c78cbd84e727,Needle,999,
TOOL_HOVER,250889,12/7/2022 12:12:47 PM,2bb9607d-7a58-4b03-8af7-c78cbd84e727,Needle,999,
TOOL_HOVER,250905,12/7/2022 12:12:47 PM,2bb9607d-7a58-4b03-8af7-c78cbd84e727,Needle,999,
TOOL_HOVER,250920,12/7/2022 12:12:47 PM,2bb9607d-7a58-4b03-8af7-c78cbd84e727,Needle,999,
TOOL_HOVER,250939,12/7/2022 12:12:47 PM,2bb9607d-7a58-4b03-8af7-c78cbd84e727,Needle,999,
TOOL_HOVER,250953,12/7/2022 12:12:47 PM,2bb9607d-7a58-4b03-8af7-c78cbd84e727,Needle,999,
TOOL_HOVER,250970,12/7/2022 12:12:47 PM,2bb9607d-7a58-4b03-8af7-c78cbd84e727,Needle,999,
TOOL_HOVER,250987,12/7/2022 12:12:47 PM,2bb9607d-7a58-4b03-8af7-c78cbd84e727,Needle,999,
TOOL_HOVER,251004,12/7/2022 12:12:47 PM,2bb9607d-7a58-4b03-8af7-c78cbd84e727,Needle,999,
TOOL_HOVER,251021,12/7/2022 12:12:47 PM,2bb9607d-7a58-4b03-8af7-c78cbd84e727,Needle,999,
TOOL_HOVER,251038,12/7/2022 12:12:47 PM,2bb9607d-7a58-4b03-8af7-c78cbd84e727,Needle,999,
TOOL_HOVER,251054,12/7/2022 12:12:47 PM,2bb9607d-7a58-4b03-8af7-c78cbd84e727,Needle,999,
TOOL_SELECTED,251055,12/7/2022 12:12:47 PM,2bb9607d-7a58-4b03-8af7-c78cbd84e727,Needle,998,
VOICE_CAPTURE,251789,12/7/2022 12:12:48 PM,2bb9607d-7a58-4b03-8af7-c78cbd84e727,alright,NA,
VOICE_CAPTURE,261212,12/7/2022 12:12:58 PM,2bb9607d-7a58-4b03-8af7-c78cbd84e727,oh OK i'm going what now it looks like a thermometer,NA,
TOOL_DISCARDED,263702,12/7/2022 12:13:00 PM,2bb9607d-7a58-4b03-8af7-c78cbd84e727,Needle,998,"(1.3, 1.5, -2.6)",
TOOL_HOVER,263768,12/7/2022 12:13:00 PM,2bb9607d-7a58-4b03-8af7-c78cbd84e727,Needle,999,
TOOL_HOVER,263786,12/7/2022 12:13:00 PM,2bb9607d-7a58-4b03-8af7-c78cbd84e727,Needle,999,
TOOL_HOVER,263801,12/7/2022 12:13:00 PM,2bb9607d-7a58-4b03-8af7-c78cbd84e727,Needle,999,
TOOL_HOVER,263819,12/7/2022 12:13:00 PM,2bb9607d-7a58-4b03-8af7-c78cbd84e727,Needle,999,
TOOL_HOVER,263835,12/7/2022 12:13:00 PM,2bb9607d-7a58-4b03-8af7-c78cbd84e727,Needle,999,
TOOL_HOVER,263852,12/7/2022 12:13:00 PM,2bb9607d-7a58-4b03-8af7-c78cbd84e727,Needle,999,
TOOL_HOVER,263869,12/7/2022 12:13:00 PM,2bb9607d-7a58-4b03-8af7-c78cbd84e727,Needle,999,
TOOL_HOVER,263885,12/7/2022 12:13:00 PM,2bb9607d-7a58-4b03-8af7-c78cbd84e727,Needle,999,
TOOL_HOVER,263902,12/7/2022 12:13:00 PM,2bb9607d-7a58-4b03-8af7-c78cbd84e727,Needle,999,
TOOL_HOVER,263919,12/7/2022 12:13:00 PM,2bb9607d-7a58-4b03-8af7-c78cbd84e727,Needle,999,
TOOL_HOVER,263936,12/7/2022 12:13:00 PM,2bb9607d-7a58-4b03-8af7-c78cbd84e727,Needle,999,
TOOL_HOVER,263953,12/7/2022 12:13:00 PM,2bb9607d-7a58-4b03-8af7-c78cbd84e727,Needle,999,
VOICE_CAPTURE,264738,12/7/2022 12:13:01 PM,2bb9607d-7a58-4b03-8af7-c78cbd84e727,it looks like a,NA,
TOOL_HOVER,267561,12/7/2022 12:13:04 PM,2bb9607d-7a58-4b03-8af7-c78cbd84e727,Needle,999,
TOOL_HOVER,267578,12/7/2022 12:13:04 PM,2bb9607d-7a58-4b03-8af7-c78cbd84e727,Needle,999,
TOOL_HOVER,267594,12/7/2022 12:13:04 PM,2bb9607d-7a58-4b03-8af7-c78cbd84e727,Needle,999,
TOOL_HOVER,267611,12/7/2022 12:13:04 PM,2bb9607d-7a58-4b03-8af7-c78cbd84e727,Needle,999,
TOOL_HOVER,267628,12/7/2022 12:13:04 PM,2bb9607d-7a58-4b03-8af7-c78cbd84e727,Needle,999,
TOOL_HOVER,267644,12/7/2022 12:13:04 PM,2bb9607d-7a58-4b03-8af7-c78cbd84e727,Needle,999,
TOOL_HOVER,267661,12/7/2022 12:13:04 PM,2bb9607d-7a58-4b03-8af7-c78cbd84e727,Needle,999,
TOOL_HOVER,267678,12/7/2022 12:13:04 PM,2bb9607d-7a58-4b03-8af7-c78cbd84e727,Needle,999,
TOOL_HOVER,267694,12/7/2022 12:13:04 PM,2bb9607d-7a58-4b03-8af7-c78cbd84e727,Needle,999,
TOOL_HOVER,267711,12/7/2022 12:13:04 PM,2bb9607d-7a58-4b03-8af7-c78cbd84e727,Needle,999,
TOOL_HOVER,267728,12/7/2022 12:13:04 PM,2bb9607d-7a58-4b03-8af7-c78cbd84e727,Needle,999,
TOOL_HOVER,267745,12/7/2022 12:13:04 PM,2bb9607d-7a58-4b03-8af7-c78cbd84e727,Needle,999,
TOOL_HOVER,267761,12/7/2022 12:13:04 PM,2bb9607d-7a58-4b03-8af7-c78cbd84e727,Needle,999,
TOOL_HOVER,267778,12/7/2022 12:13:04 PM,2bb9607d-7a58-4b03-8af7-c78cbd84e727,Needle,999,
TOOL_HOVER,267796,12/7/2022 12:13:04 PM,2bb9607d-7a58-4b03-8af7-c78cbd84e727,Needle,999,
TOOL_HOVER,267812,12/7/2022 12:13:04 PM,2bb9607d-7a58-4b03-8af7-c78cbd84e727,Needle,999,
TOOL_HOVER,267828,12/7/2022 12:13:04 PM,2bb9607d-7a58-4b03-8af7-c78cbd84e727,Needle,999,
TOOL_HOVER,267847,12/7/2022 12:13:04 PM,2bb9607d-7a58-4b03-8af7-c78cbd84e727,Needle,999,
VOICE_CAPTURE,268429,12/7/2022 12:13:05 PM,2bb9607d-7a58-4b03-8af7-c78cbd84e727,yeah yeah right alright,NA,
TOOL_HOVER,268464,12/7/2022 12:13:05 PM,2bb9607d-7a58-4b03-8af7-c78cbd84e727,Needle,999,
TOOL_HOVER,268480,12/7/2022 12:13:05 PM,2bb9607d-7a58-4b03-8af7-c78cbd84e727,Needle,999,
TOOL_HOVER,268497,12/7/2022 12:13:05 PM,2bb9607d-7a58-4b03-8af7-c78cbd84e727,Needle,999,
TOOL_HOVER,268513,12/7/2022 12:13:05 PM,2bb9607d-7a58-4b03-8af7-c78cbd84e727,Needle,999,
TOOL_HOVER,268530,12/7/2022 12:13:05 PM,2bb9607d-7a58-4b03-8af7-c78cbd84e727,Needle,999,
TOOL_HOVER,268547,12/7/2022 12:13:05 PM,2bb9607d-7a58-4b03-8af7-c78cbd84e727,Needle,999,
TOOL_HOVER,268564,12/7/2022 12:13:05 PM,2bb9607d-7a58-4b03-8af7-c78cbd84e727,Needle,999,
TOOL_HOVER,268580,12/7/2022 12:13:05 PM,2bb9607d-7a58-4b03-8af7-c78cbd84e727,Needle,999,
TOOL_HOVER,268597,12/7/2022 12:13:05 PM,2bb9607d-7a58-4b03-8af7-c78cbd84e727,Needle,999,
TOOL_HOVER,268615,12/7/2022 12:13:05 PM,2bb9607d-7a58-4b03-8af7-c78cbd84e727,Needle,999,
TOOL_HOVER,268630,12/7/2022 12:13:05 PM,2bb9607d-7a58-4b03-8af7-c78cbd84e727,Needle,999,
TOOL_HOVER,268647,12/7/2022 12:13:05 PM,2bb9607d-7a58-4b03-8af7-c78cbd84e727,Needle,999,
TOOL_HOVER,268664,12/7/2022 12:13:05 PM,2bb9607d-7a58-4b03-8af7-c78cbd84e727,Needle,999,
TOOL_HOVER,268680,12/7/2022 12:13:05 PM,2bb9607d-7a58-4b03-8af7-c78cbd84e727,Needle,999,
TOOL_HOVER,268697,12/7/2022 12:13:05 PM,2bb9607d-7a58-4b03-8af7-c78cbd84e727,Needle,999,
TOOL_HOVER,268714,12/7/2022 12:13:05 PM,2bb9607d-7a58-4b03-8af7-c78cbd84e727,Needle,999,
TOOL_HOVER,268731,12/7/2022 12:13:05 PM,2bb9607d-7a58-4b03-8af7-c78cbd84e727,Needle,999,
TOOL_HOVER,268746,12/7/2022 12:13:05 PM,2bb9607d-7a58-4b03-8af7-c78cbd84e727,Needle,999,
TOOL_HOVER,268764,12/7/2022 12:13:05 PM,2bb9607d-7a58-4b03-8af7-c78cbd84e727,Needle,999,
TOOL_HOVER,268780,12/7/2022 12:13:05 PM,2bb9607d-7a58-4b03-8af7-c78cbd84e727,Needle,999,
TOOL_HOVER,268799,12/7/2022 12:13:05 PM,2bb9607d-7a58-4b03-8af7-c78cbd84e727,Needle,999,
TOOL_HOVER,268814,12/7/2022 12:13:05 PM,2bb9607d-7a58-4b03-8af7-c78cbd84e727,Needle,999,
TOOL_HOVER,268831,12/7/2022 12:13:05 PM,2bb9607d-7a58-4b03-8af7-c78cbd84e727,Needle,999,
TOOL_HOVER,268848,12/7/2022 12:13:05 PM,2bb9607d-7a58-4b03-8af7-c78cbd84e727,Needle,999,
TOOL_HOVER,268864,12/7/2022 12:13:05 PM,2bb9607d-7a58-4b03-8af7-c78cbd84e727,Needle,999,
TOOL_HOVER,268880,12/7/2022 12:13:05 PM,2bb9607d-7a58-4b03-8af7-c78cbd84e727,Needle,999,
TOOL_HOVER,268898,12/7/2022 12:13:05 PM,2bb9607d-7a58-4b03-8af7-c78cbd84e727,Needle,999,
TOOL_HOVER,268914,12/7/2022 12:13:05 PM,2bb9607d-7a58-4b03-8af7-c78cbd84e727,Needle,999,
TOOL_HOVER,268930,12/7/2022 12:13:05 PM,2bb9607d-7a58-4b03-8af7-c78cbd84e727,Needle,999,
TOOL_HOVER,268948,12/7/2022 12:13:05 PM,2bb9607d-7a58-4b03-8af7-c78cbd84e727,Needle,999,
TOOL_HOVER,268964,12/7/2022 12:13:05 PM,2bb9607d-7a58-4b03-8af7-c78cbd84e727,Needle,999,
TOOL_HOVER,268980,12/7/2022 12:13:05 PM,2bb9607d-7a58-4b03-8af7-c78cbd84e727,Needle,999,
TOOL_HOVER,268998,12/7/2022 12:13:05 PM,2bb9607d-7a58-4b03-8af7-c78cbd84e727,Needle,999,
TOOL_SELECTED,268999,12/7/2022 12:13:05 PM,2bb9607d-7a58-4b03-8af7-c78cbd84e727,Needle,998,
VOICE_CAPTURE,270835,12/7/2022 12:13:07 PM,2bb9607d-7a58-4b03-8af7-c78cbd84e727,yeah,NA,
TOOL_APPLIED,273729,12/7/2022 12:13:10 PM,2bb9607d-7a58-4b03-8af7-c78cbd84e727,Needle_Decomp(Clone),Needle,LChest_Breathe1 (UnityEngine.GameObject),cath_needle (UnityEngine.GameObject),left_chest,Needle_Decomp(Clone) (UnityEngine.GameObject),AppliedDecompNeedle,
VOICE_CAPTURE,275579,12/7/2022 12:13:12 PM,2bb9607d-7a58-4b03-8af7-c78cbd84e727,oh he's,NA,
VOICE_CAPTURE,277301,12/7/2022 12:13:14 PM,2bb9607d-7a58-4b03-8af7-c78cbd84e727,compliant,NA,
VOICE_CAPTURE,284343,12/7/2022 12:13:21 PM,2bb9607d-7a58-4b03-8af7-c78cbd84e727,OK,NA,
VOICE_CAPTURE,292914,12/7/2022 12:13:29 PM,2bb9607d-7a58-4b03-8af7-c78cbd84e727,OK alright,NA,
VOICE_CAPTURE,296313,12/7/2022 12:13:33 PM,2bb9607d-7a58-4b03-8af7-c78cbd84e727,alright let me do this,NA,
BAG_CLOSED,297901,12/7/2022 12:13:34 PM,2bb9607d-7a58-4b03-8af7-c78cbd84e727,"(1.6, 0.7, -2.2)",
TELEPORT,297901,12/7/2022 12:13:34 PM,2bb9607d-7a58-4b03-8af7-c78cbd84e727,"(1.3, 0.0, -2.1)",
VOICE_CAPTURE,300240,12/7/2022 12:13:37 PM,2bb9607d-7a58-4b03-8af7-c78cbd84e727,to i guess i do have to alright so,NA,
TELEPORT,301864,12/7/2022 12:13:38 PM,2bb9607d-7a58-4b03-8af7-c78cbd84e727,"(1.2, 0.0, 6.4)",
VOICE_CAPTURE,302311,12/7/2022 12:13:39 PM,2bb9607d-7a58-4b03-8af7-c78cbd84e727,that's the fishing thing,NA,
VOICE_CAPTURE,304533,12/7/2022 12:13:41 PM,2bb9607d-7a58-4b03-8af7-c78cbd84e727,and then the other ones just here,NA,
VOICE_CAPTURE,308978,12/7/2022 12:13:45 PM,2bb9607d-7a58-4b03-8af7-c78cbd84e727,alright,NA,
VOICE_CAPTURE,311518,12/7/2022 12:13:48 PM,2bb9607d-7a58-4b03-8af7-c78cbd84e727,like you can physically walk around OK,NA,
VOICE_COMMAND,311518,12/7/2022 12:13:48 PM,2bb9607d-7a58-4b03-8af7-c78cbd84e727,walk to the safe area,like you can physically walk around OK,
S_A_L_T_WALK_IF_CAN,311519,12/7/2022 12:13:48 PM,2bb9607d-7a58-4b03-8af7-c78cbd84e727,"(1.8, 0.0, -3.3)",walkIfCan,Mike Root,
S_A_L_T_WALKED,311519,12/7/2022 12:13:48 PM,2bb9607d-7a58-4b03-8af7-c78cbd84e727,"(1.8, 0.0, -3.3)",walked,Mike Root,
VOICE_CAPTURE,315660,12/7/2022 12:13:52 PM,2bb9607d-7a58-4b03-8af7-c78cbd84e727,OK well quit what,NA,
VOICE_CAPTURE,321625,12/7/2022 12:13:58 PM,2bb9607d-7a58-4b03-8af7-c78cbd84e727,oh he's got a one back there OK,NA,
VOICE_CAPTURE,323263,12/7/2022 12:14:00 PM,2bb9607d-7a58-4b03-8af7-c78cbd84e727,was he shot,NA,
VOICE_CAPTURE,327155,12/7/2022 12:14:04 PM,2bb9607d-7a58-4b03-8af7-c78cbd84e727,so real quick,NA,
VOICE_CAPTURE,331749,12/7/2022 12:14:08 PM,2bb9607d-7a58-4b03-8af7-c78cbd84e727,there's no entries behind the bloody clothes,NA,
VOICE_CAPTURE,342024,12/7/2022 12:14:18 PM,2bb9607d-7a58-4b03-8af7-c78cbd84e727,it will be visible to you now they you may need to ask them different commands that have show your injury or whatever to see it remember the different commands,NA,
VOICE_CAPTURE,345834,12/7/2022 12:14:22 PM,2bb9607d-7a58-4b03-8af7-c78cbd84e727,alright,NA,
VOICE_CAPTURE,348491,12/7/2022 12:14:25 PM,2bb9607d-7a58-4b03-8af7-c78cbd84e727,go ahead and go into,NA,
VOICE_CAPTURE,349877,12/7/2022 12:14:26 PM,2bb9607d-7a58-4b03-8af7-c78cbd84e727,patient,NA,
PATIENT_DEMOTED,350292,12/7/2022 12:14:27 PM,2bb9607d-7a58-4b03-8af7-c78cbd84e727,100,Infinity,Mike_0 Root,"(2.6, 0.0, -0.6)","(0.0, 0.7, 0.0, -0.7)",DELAYED,walker,normal,normal,normal,upset,sittingGround,
PATIENT_DEMOTED,350937,12/7/2022 12:14:27 PM,2bb9607d-7a58-4b03-8af7-c78cbd84e727,100,Infinity,Mike_1 Root,"(2.6, 0.0, 0.1)","(0.0, 0.7, 0.0, -0.7)",IMMEDIATE,waver,normal,normal,normal,upset,recovery,
PATIENT_DEMOTED,351592,12/7/2022 12:14:28 PM,2bb9607d-7a58-4b03-8af7-c78cbd84e727,100,Infinity,Mike_2 Root,"(2.6, 0.0, 2.4)","(0.0, 0.7, 0.0, -0.7)",IMMEDIATE,walker,fast,normal,normal,upset,sittingGround,
PATIENT_DEMOTED,352249,12/7/2022 12:14:29 PM,2bb9607d-7a58-4b03-8af7-c78cbd84e727,100,128,Mike_3 Root,"(3.0, 0.0, 4.3)","(0.0, 0.7, 0.0, -0.7)",IMMEDIATE,still,faint,collapsedRight,normal,unresponsive,supine,
VOICE_CAPTURE,353870,12/7/2022 12:14:30 PM,2bb9607d-7a58-4b03-8af7-c78cbd84e727,bye,NA,
SESSION_START,358532,12/7/2022 12:14:35 PM,2bb9607d-7a58-4b03-8af7-c78cbd84e727,
PATIENT_RECORD,358533,12/7/2022 12:14:35 PM,2bb9607d-7a58-4b03-8af7-c78cbd84e727,100,Infinity,Mike_0 Root,"(2.6, 0.0, -1.4)","(0.0, 0.7, 0.0, -0.7)",DELAYED,walker,normal,normal,normal,upset,sittingGround,
INJURY_RECORD,358533,12/7/2022 12:14:35 PM,2bb9607d-7a58-4b03-8af7-c78cbd84e727,R Forearm Laceration,Mike_0 Root,gauzePressure,low,rightArm,False,False,"(2.7, 1.4, -0.9)",
PATIENT_RECORD,358533,12/7/2022 12:14:35 PM,2bb9607d-7a58-4b03-8af7-c78cbd84e727,100,Infinity,Mike_1 Root,"(2.9, 0.0, 0.1)","(0.0, 0.7, 0.0, -0.7)",IMMEDIATE,waver,normal,normal,normal,upset,recovery,
INJURY_RECORD,358533,12/7/2022 12:14:35 PM,2bb9607d-7a58-4b03-8af7-c78cbd84e727,L Thigh Laceration,Mike_1 Root,tourniquet,medium,leftLeg,False,False,"(2.8, 0.7, -0.1)",
PATIENT_RECORD,358533,12/7/2022 12:14:35 PM,2bb9607d-7a58-4b03-8af7-c78cbd84e727,100,Infinity,Mike_2 Root,"(3.1, 0.0, 2.2)","(0.0, 0.7, 0.0, -0.7)",IMMEDIATE,walker,fast,normal,normal,upset,sittingGround,
INJURY_RECORD,358533,12/7/2022 12:14:35 PM,2bb9607d-7a58-4b03-8af7-c78cbd84e727,L Shoulder Puncture,Mike_2 Root,woundpack,medium,chest,False,False,"(3.1, 1.4, 2.1)",
PATIENT_RECORD,358533,12/7/2022 12:14:35 PM,2bb9607d-7a58-4b03-8af7-c78cbd84e727,100,128,Mike_3 Root,"(3.2, 0.0, 4.3)","(0.0, 0.7, 0.0, -0.7)",IMMEDIATE,still,faint,collapsedRight,normal,unresponsive,supine,
INJURY_RECORD,358533,12/7/2022 12:14:35 PM,2bb9607d-7a58-4b03-8af7-c78cbd84e727,R Chest Collapse,Mike_3 Root,decompress,high,chest,False,False,"(0.0, 0.0, 0.0)",
VOICE_CAPTURE,361723,12/7/2022 12:14:38 PM,2bb9607d-7a58-4b03-8af7-c78cbd84e727,ready to begin,NA,
VOICE_CAPTURE,364395,12/7/2022 12:14:41 PM,2bb9607d-7a58-4b03-8af7-c78cbd84e727,i have 4,NA,
VOICE_CAPTURE,366082,12/7/2022 12:14:42 PM,2bb9607d-7a58-4b03-8af7-c78cbd84e727,i would want,NA,
VOICE_CAPTURE,369692,12/7/2022 12:14:46 PM,2bb9607d-7a58-4b03-8af7-c78cbd84e727,no,NA,
VOICE_CAPTURE,373385,12/7/2022 12:14:50 PM,2bb9607d-7a58-4b03-8af7-c78cbd84e727,is any babe anybody able to walk,NA,
VOICE_COMMAND,373385,12/7/2022 12:14:50 PM,2bb9607d-7a58-4b03-8af7-c78cbd84e727,walk to the safe area,is any babe anybody able to walk,
S_A_L_T_WALK_IF_CAN,373385,12/7/2022 12:14:50 PM,2bb9607d-7a58-4b03-8af7-c78cbd84e727,"(2.6, 0.0, -1.4)",walkIfCan,Mike_0 Root,
S_A_L_T_WALKED,373385,12/7/2022 12:14:50 PM,2bb9607d-7a58-4b03-8af7-c78cbd84e727,"(2.6, 0.0, -1.4)",walked,Mike_0 Root,
S_A_L_T_WALK_IF_CAN,373386,12/7/2022 12:14:50 PM,2bb9607d-7a58-4b03-8af7-c78cbd84e727,"(2.9, 0.0, 0.1)",walkIfCan,Mike_1 Root,
S_A_L_T_WALK_IF_CAN,373386,12/7/2022 12:14:50 PM,2bb9607d-7a58-4b03-8af7-c78cbd84e727,"(3.1, 0.0, 2.2)",walkIfCan,Mike_2 Root,
S_A_L_T_WALKED,373386,12/7/2022 12:14:50 PM,2bb9607d-7a58-4b03-8af7-c78cbd84e727,"(3.1, 0.0, 2.2)",walked,Mike_2 Root,
VOICE_CAPTURE,381871,12/7/2022 12:14:58 PM,2bb9607d-7a58-4b03-8af7-c78cbd84e727,no well two of them alright oh nice alright i'll have you go over to the side,NA,
VOICE_CAPTURE,386566,12/7/2022 12:15:03 PM,2bb9607d-7a58-4b03-8af7-c78cbd84e727,alright oh shut,NA,
TELEPORT,388521,12/7/2022 12:15:05 PM,2bb9607d-7a58-4b03-8af7-c78cbd84e727,"(0.8, 0.0, -3.4)",
VOICE_CAPTURE,389272,12/7/2022 12:15:06 PM,2bb9607d-7a58-4b03-8af7-c78cbd84e727,yeah i'll end up,NA,
VOICE_CAPTURE,393248,12/7/2022 12:15:10 PM,2bb9607d-7a58-4b03-8af7-c78cbd84e727,holy moly alright,NA,
PATIENT_ENGAGED,394053,12/7/2022 12:15:10 PM,2bb9607d-7a58-4b03-8af7-c78cbd84e727,100,Infinity,Mike_1 Root,"(2.9, 0.0, 0.1)","(0.0, 0.7, 0.0, -0.7)",IMMEDIATE,waver,normal,normal,normal,upset,recovery,
VOICE_CAPTURE,395454,12/7/2022 12:15:12 PM,2bb9607d-7a58-4b03-8af7-c78cbd84e727,alright i'm there,NA,
VOICE_CAPTURE,397249,12/7/2022 12:15:14 PM,2bb9607d-7a58-4b03-8af7-c78cbd84e727,alright,NA,
VOICE_CAPTURE,401234,12/7/2022 12:15:18 PM,2bb9607d-7a58-4b03-8af7-c78cbd84e727,well he's got a so i packed that freaking,NA,
BAG_ACCESS,401469,12/7/2022 12:15:18 PM,2bb9607d-7a58-4b03-8af7-c78cbd84e727,"(2.3, 0.7, 0.5)",
TOOL_HOVER,402070,12/7/2022 12:15:18 PM,2bb9607d-7a58-4b03-8af7-c78cbd84e727,Hemostatic Gauze,1000,
TOOL_HOVER,402087,12/7/2022 12:15:18 PM,2bb9607d-7a58-4b03-8af7-c78cbd84e727,Hemostatic Gauze,1000,
TOOL_HOVER,402103,12/7/2022 12:15:18 PM,2bb9607d-7a58-4b03-8af7-c78cbd84e727,Hemostatic Gauze,1000,
TOOL_HOVER,402120,12/7/2022 12:15:18 PM,2bb9607d-7a58-4b03-8af7-c78cbd84e727,Hemostatic Gauze,1000,
TOOL_HOVER,402137,12/7/2022 12:15:18 PM,2bb9607d-7a58-4b03-8af7-c78cbd84e727,Hemostatic Gauze,1000,
TOOL_HOVER,402153,12/7/2022 12:15:19 PM,2bb9607d-7a58-4b03-8af7-c78cbd84e727,Hemostatic Gauze,1000,
TOOL_HOVER,402170,12/7/2022 12:15:19 PM,2bb9607d-7a58-4b03-8af7-c78cbd84e727,Hemostatic Gauze,1000,
TOOL_HOVER,402187,12/7/2022 12:15:19 PM,2bb9607d-7a58-4b03-8af7-c78cbd84e727,Hemostatic Gauze,1000,
TOOL_HOVER,402204,12/7/2022 12:15:19 PM,2bb9607d-7a58-4b03-8af7-c78cbd84e727,Hemostatic Gauze,1000,
TOOL_HOVER,402220,12/7/2022 12:15:19 PM,2bb9607d-7a58-4b03-8af7-c78cbd84e727,Hemostatic Gauze,1000,
TOOL_HOVER,402237,12/7/2022 12:15:19 PM,2bb9607d-7a58-4b03-8af7-c78cbd84e727,Hemostatic Gauze,1000,
TOOL_HOVER,402253,12/7/2022 12:15:19 PM,2bb9607d-7a58-4b03-8af7-c78cbd84e727,Hemostatic Gauze,1000,
TOOL_HOVER,402270,12/7/2022 12:15:19 PM,2bb9607d-7a58-4b03-8af7-c78cbd84e727,Hemostatic Gauze,1000,
TOOL_HOVER,402286,12/7/2022 12:15:19 PM,2bb9607d-7a58-4b03-8af7-c78cbd84e727,Hemostatic Gauze,1000,
TOOL_HOVER,402303,12/7/2022 12:15:19 PM,2bb9607d-7a58-4b03-8af7-c78cbd84e727,Hemostatic Gauze,1000,
TOOL_HOVER,402319,12/7/2022 12:15:19 PM,2bb9607d-7a58-4b03-8af7-c78cbd84e727,Hemostatic Gauze,1000,
TOOL_HOVER,402346,12/7/2022 12:15:19 PM,2bb9607d-7a58-4b03-8af7-c78cbd84e727,Hemostatic Gauze,1000,
TOOL_HOVER,402359,12/7/2022 12:15:19 PM,2bb9607d-7a58-4b03-8af7-c78cbd84e727,Hemostatic Gauze,1000,
TOOL_HOVER,402372,12/7/2022 12:15:19 PM,2bb9607d-7a58-4b03-8af7-c78cbd84e727,Hemostatic Gauze,1000,
TOOL_HOVER,402387,12/7/2022 12:15:19 PM,2bb9607d-7a58-4b03-8af7-c78cbd84e727,Hemostatic Gauze,1000,
TOOL_HOVER,402404,12/7/2022 12:15:19 PM,2bb9607d-7a58-4b03-8af7-c78cbd84e727,Hemostatic Gauze,1000,
TOOL_SELECTED,402405,12/7/2022 12:15:19 PM,2bb9607d-7a58-4b03-8af7-c78cbd84e727,Hemostatic Gauze,999,
VOICE_CAPTURE,404181,12/7/2022 12:15:21 PM,2bb9607d-7a58-4b03-8af7-c78cbd84e727,how do i get that,NA,
TOOL_DISCARDED,406556,12/7/2022 12:15:23 PM,2bb9607d-7a58-4b03-8af7-c78cbd84e727,Hemostatic Gauze,999,"(2.8, 0.3, 0.3)",
TOOL_DISCARDED,406556,12/7/2022 12:15:23 PM,2bb9607d-7a58-4b03-8af7-c78cbd84e727,Hemostatic Gauze,1000,"(2.8, 0.3, 0.3)",
VOICE_CAPTURE,408681,12/7/2022 12:15:25 PM,2bb9607d-7a58-4b03-8af7-c78cbd84e727,alright how do i,NA,
TOOL_HOVER,411760,12/7/2022 12:15:28 PM,2bb9607d-7a58-4b03-8af7-c78cbd84e727,Gauze,1000,
TOOL_HOVER,411776,12/7/2022 12:15:28 PM,2bb9607d-7a58-4b03-8af7-c78cbd84e727,Gauze,1000,
TOOL_HOVER,411793,12/7/2022 12:15:28 PM,2bb9607d-7a58-4b03-8af7-c78cbd84e727,Gauze,1000,
TOOL_HOVER,411810,12/7/2022 12:15:28 PM,2bb9607d-7a58-4b03-8af7-c78cbd84e727,Gauze,1000,
TOOL_HOVER,411828,12/7/2022 12:15:28 PM,2bb9607d-7a58-4b03-8af7-c78cbd84e727,Gauze,1000,
TOOL_HOVER,411845,12/7/2022 12:15:28 PM,2bb9607d-7a58-4b03-8af7-c78cbd84e727,Gauze,1000,
TOOL_HOVER,411861,12/7/2022 12:15:28 PM,2bb9607d-7a58-4b03-8af7-c78cbd84e727,Tourniquet,998,
TOOL_HOVER,411877,12/7/2022 12:15:28 PM,2bb9607d-7a58-4b03-8af7-c78cbd84e727,Tourniquet,998,
TOOL_HOVER,411894,12/7/2022 12:15:28 PM,2bb9607d-7a58-4b03-8af7-c78cbd84e727,Tourniquet,998,
TOOL_HOVER,411911,12/7/2022 12:15:28 PM,2bb9607d-7a58-4b03-8af7-c78cbd84e727,Tourniquet,998,
TOOL_HOVER,411928,12/7/2022 12:15:28 PM,2bb9607d-7a58-4b03-8af7-c78cbd84e727,Tourniquet,998,
TOOL_HOVER,411945,12/7/2022 12:15:28 PM,2bb9607d-7a58-4b03-8af7-c78cbd84e727,Tourniquet,998,
TOOL_SELECTED,411946,12/7/2022 12:15:28 PM,2bb9607d-7a58-4b03-8af7-c78cbd84e727,Tourniquet,997,
VOICE_CAPTURE,412111,12/7/2022 12:15:28 PM,2bb9607d-7a58-4b03-8af7-c78cbd84e727,now that turned red,NA,
VOICE_CAPTURE,415797,12/7/2022 12:15:32 PM,2bb9607d-7a58-4b03-8af7-c78cbd84e727,oh gotcha alright,NA,
INJURY_TREATED,417065,12/7/2022 12:15:33 PM,2bb9607d-7a58-4b03-8af7-c78cbd84e727,L Thigh Laceration,Mike_1 Root,tourniquet,medium,leftLeg,True,False,"(2.8, 0.3, 0.4)",
TOOL_APPLIED,417066,12/7/2022 12:15:33 PM,2bb9607d-7a58-4b03-8af7-c78cbd84e727,Mike_1 Root,Tourniquet,LeftUpLeg (UnityEngine.GameObject),tor_ring (1) (UnityEngine.GameObject),tourniquet(Clone) (UnityEngine.GameObject),AppliedTourniquet,
VOICE_CAPTURE,417756,12/7/2022 12:15:34 PM,2bb9607d-7a58-4b03-8af7-c78cbd84e727,can i,NA,
VOICE_CAPTURE,422635,12/7/2022 12:15:39 PM,2bb9607d-7a58-4b03-8af7-c78cbd84e727,is there gonna be there it is OK alright,NA,
PULSE_TAKEN,423055,12/7/2022 12:15:39 PM,2bb9607d-7a58-4b03-8af7-c78cbd84e727,pulse_normal,Mike_1 Root,
VOICE_CAPTURE,424290,12/7/2022 12:15:41 PM,2bb9607d-7a58-4b03-8af7-c78cbd84e727,alright,NA,
BAG_CLOSED,428552,12/7/2022 12:15:45 PM,2bb9607d-7a58-4b03-8af7-c78cbd84e727,"(2.3, 0.7, 0.5)",
TELEPORT,428552,12/7/2022 12:15:45 PM,2bb9607d-7a58-4b03-8af7-c78cbd84e727,"(2.5, 0.0, 0.4)",
VOICE_CAPTURE,430726,12/7/2022 12:15:47 PM,2bb9607d-7a58-4b03-8af7-c78cbd84e727,it has a pulse alright i'm gonna go over this one i gotta,NA,
TELEPORT,433146,12/7/2022 12:15:50 PM,2bb9607d-7a58-4b03-8af7-c78cbd84e727,"(3.3, 0.0, 3.1)",
VOICE_CAPTURE,439443,12/7/2022 12:15:56 PM,2bb9607d-7a58-4b03-8af7-c78cbd84e727,he is probably red,NA,
BAG_ACCESS,441500,12/7/2022 12:15:58 PM,2bb9607d-7a58-4b03-8af7-c78cbd84e727,"(2.6, 0.7, 1.1)",
VOICE_CAPTURE,443153,12/7/2022 12:16:00 PM,2bb9607d-7a58-4b03-8af7-c78cbd84e727,i gotta get that thing again,NA,
TAG_SELECTED,443371,12/7/2022 12:16:00 PM,2bb9607d-7a58-4b03-8af7-c78cbd84e727,red,
TAG_APPLIED,445576,12/7/2022 12:16:02 PM,2bb9607d-7a58-4b03-8af7-c78cbd84e727,Mike_1 Root,red,
PULSE_TAKEN,445727,12/7/2022 12:16:02 PM,2bb9607d-7a58-4b03-8af7-c78cbd84e727,pulse_normal,Mike_1 Root,
VOICE_CAPTURE,449201,12/7/2022 12:16:06 PM,2bb9607d-7a58-4b03-8af7-c78cbd84e727,alright,NA,
BAG_CLOSED,451642,12/7/2022 12:16:08 PM,2bb9607d-7a58-4b03-8af7-c78cbd84e727,"(2.6, 0.7, 1.1)",
TELEPORT,451642,12/7/2022 12:16:08 PM,2bb9607d-7a58-4b03-8af7-c78cbd84e727,"(2.8, 0.0, 0.9)",
VOICE_CAPTURE,451941,12/7/2022 12:16:08 PM,2bb9607d-7a58-4b03-8af7-c78cbd84e727,i go over to this one,NA,
VOICE_CAPTURE,454931,12/7/2022 12:16:11 PM,2bb9607d-7a58-4b03-8af7-c78cbd84e727,where in the hell's at oh there it is,NA,
PATIENT_ENGAGED,455566,12/7/2022 12:16:12 PM,2bb9607d-7a58-4b03-8af7-c78cbd84e727,100,128,Mike_3 Root,"(3.2, 0.0, 4.3)","(0.0, 0.7, 0.0, -0.7)",IMMEDIATE,still,faint,collapsedRight,normal,unresponsive,supine,
VOICE_CAPTURE,463469,12/7/2022 12:16:20 PM,2bb9607d-7a58-4b03-8af7-c78cbd84e727,i hear him breathing looks like he has a flail chest,NA,
VOICE_CAPTURE,470334,12/7/2022 12:16:27 PM,2bb9607d-7a58-4b03-8af7-c78cbd84e727,what's your name,NA,
VOICE_COMMAND,470335,12/7/2022 12:16:27 PM,2bb9607d-7a58-4b03-8af7-c78cbd84e727,what is your name,what's your name,
VOICE_CAPTURE,472073,12/7/2022 12:16:28 PM,2bb9607d-7a58-4b03-8af7-c78cbd84e727,can you hear me,NA,
VOICE_COMMAND,472073,12/7/2022 12:16:28 PM,2bb9607d-7a58-4b03-8af7-c78cbd84e727,can you hear,can you hear me,
VOICE_CAPTURE,475129,12/7/2022 12:16:31 PM,2bb9607d-7a58-4b03-8af7-c78cbd84e727,holy ****,NA,
VOICE_CAPTURE,477235,12/7/2022 12:16:34 PM,2bb9607d-7a58-4b03-8af7-c78cbd84e727,OK,NA,
VOICE_CAPTURE,481779,12/7/2022 12:16:38 PM,2bb9607d-7a58-4b03-8af7-c78cbd84e727,so i don't have a back though reposition,NA,
VOICE_COMMAND,481779,12/7/2022 12:16:38 PM,2bb9607d-7a58-4b03-8af7-c78cbd84e727,sit up/down,so i don't have a back though reposition,
VOICE_CAPTURE,485939,12/7/2022 12:16:42 PM,2bb9607d-7a58-4b03-8af7-c78cbd84e727,that you have what would be the most common treatment for this type of,NA,
BAG_ACCESS,487778,12/7/2022 12:16:44 PM,2bb9607d-7a58-4b03-8af7-c78cbd84e727,"(4.1, 0.7, 4.2)",
VOICE_CAPTURE,487944,12/7/2022 12:16:44 PM,2bb9607d-7a58-4b03-8af7-c78cbd84e727,yeah i gotta get the,NA,
TOOL_HOVER,496666,12/7/2022 12:16:53 PM,2bb9607d-7a58-4b03-8af7-c78cbd84e727,Needle,998,
TOOL_HOVER,496683,12/7/2022 12:16:53 PM,2bb9607d-7a58-4b03-8af7-c78cbd84e727,Needle,998,
TOOL_HOVER,496700,12/7/2022 12:16:53 PM,2bb9607d-7a58-4b03-8af7-c78cbd84e727,Needle,998,
TOOL_HOVER,496719,12/7/2022 12:16:53 PM,2bb9607d-7a58-4b03-8af7-c78cbd84e727,Needle,998,
TOOL_HOVER,496732,12/7/2022 12:16:53 PM,2bb9607d-7a58-4b03-8af7-c78cbd84e727,Needle,998,
TOOL_HOVER,496750,12/7/2022 12:16:53 PM,2bb9607d-7a58-4b03-8af7-c78cbd84e727,Needle,998,
TOOL_HOVER,496766,12/7/2022 12:16:53 PM,2bb9607d-7a58-4b03-8af7-c78cbd84e727,Needle,998,
TOOL_HOVER,496783,12/7/2022 12:16:53 PM,2bb9607d-7a58-4b03-8af7-c78cbd84e727,Needle,998,
TOOL_HOVER,496800,12/7/2022 12:16:53 PM,2bb9607d-7a58-4b03-8af7-c78cbd84e727,Needle,998,
TOOL_SELECTED,496801,12/7/2022 12:16:53 PM,2bb9607d-7a58-4b03-8af7-c78cbd84e727,Needle,997,
TOOL_DISCARDED,496900,12/7/2022 12:16:53 PM,2bb9607d-7a58-4b03-8af7-c78cbd84e727,Needle,997,"(4.3, 1.5, 4.6)",
TOOL_HOVER,498169,12/7/2022 12:16:55 PM,2bb9607d-7a58-4b03-8af7-c78cbd84e727,Needle,998,
TOOL_HOVER,498186,12/7/2022 12:16:55 PM,2bb9607d-7a58-4b03-8af7-c78cbd84e727,Needle,998,
TOOL_HOVER,498203,12/7/2022 12:16:55 PM,2bb9607d-7a58-4b03-8af7-c78cbd84e727,Needle,998,
TOOL_HOVER,498219,12/7/2022 12:16:55 PM,2bb9607d-7a58-4b03-8af7-c78cbd84e727,Needle,998,
TOOL_SELECTED,498220,12/7/2022 12:16:55 PM,2bb9607d-7a58-4b03-8af7-c78cbd84e727,Needle,997,
VOICE_CAPTURE,498972,12/7/2022 12:16:55 PM,2bb9607d-7a58-4b03-8af7-c78cbd84e727,decompression,NA,
INJURY_TREATED,504187,12/7/2022 12:17:01 PM,2bb9607d-7a58-4b03-8af7-c78cbd84e727,R Chest Collapse,Mike_3 Root,decompress,high,chest,True,False,"(0.0, 0.0, 0.0)",
TOOL_APPLIED,504187,12/7/2022 12:17:01 PM,2bb9607d-7a58-4b03-8af7-c78cbd84e727,Needle_Decomp(Clone),Needle,RChest_Breathe1 (UnityEngine.GameObject),cath_needle (UnityEngine.GameObject),right_chest,Needle_Decomp(Clone) (UnityEngine.GameObject),AppliedDecompNeedle,
VOICE_CAPTURE,511000,12/7/2022 12:17:07 PM,2bb9607d-7a58-4b03-8af7-c78cbd84e727,and i would take it i probably go over on this side i'm not sure where that alright yep i did alright,NA,
TAG_SELECTED,512822,12/7/2022 12:17:09 PM,2bb9607d-7a58-4b03-8af7-c78cbd84e727,red,
TAG_APPLIED,514794,12/7/2022 12:17:11 PM,2bb9607d-7a58-4b03-8af7-c78cbd84e727,Mike_3 Root,red,
PULSE_TAKEN,523062,12/7/2022 12:17:19 PM,2bb9607d-7a58-4b03-8af7-c78cbd84e727,pulse_faint,Mike_3 Root,
VOICE_CAPTURE,524284,12/7/2022 12:17:21 PM,2bb9607d-7a58-4b03-8af7-c78cbd84e727,i don't know but he was a red anyway it doesn't matter,NA,
VOICE_CAPTURE,526421,12/7/2022 12:17:23 PM,2bb9607d-7a58-4b03-8af7-c78cbd84e727,yep,NA,
VOICE_CAPTURE,534357,12/7/2022 12:17:31 PM,2bb9607d-7a58-4b03-8af7-c78cbd84e727,OK so then two people that didn't walk away alright,NA,
VOICE_COMMAND,534357,12/7/2022 12:17:31 PM,2bb9607d-7a58-4b03-8af7-c78cbd84e727,walk to the safe area,OK so then two people that didn't walk away alright,
S_A_L_T_WALK_IF_CAN,534358,12/7/2022 12:17:31 PM,2bb9607d-7a58-4b03-8af7-c78cbd84e727,"(3.2, 0.0, -2.8)",walkIfCan,Mike_0 Root,
S_A_L_T_WALKED,534358,12/7/2022 12:17:31 PM,2bb9607d-7a58-4b03-8af7-c78cbd84e727,"(3.2, 0.0, -2.8)",walked,Mike_0 Root,
S_A_L_T_WALK_IF_CAN,534358,12/7/2022 12:17:31 PM,2bb9607d-7a58-4b03-8af7-c78cbd84e727,"(2.9, 0.0, 0.1)",walkIfCan,Mike_1 Root,
S_A_L_T_WALK_IF_CAN,534358,12/7/2022 12:17:31 PM,2bb9607d-7a58-4b03-8af7-c78cbd84e727,"(5.2, 0.0, -3.4)",walkIfCan,Mike_2 Root,
S_A_L_T_WALKED,534358,12/7/2022 12:17:31 PM,2bb9607d-7a58-4b03-8af7-c78cbd84e727,"(5.2, 0.0, -3.4)",walked,Mike_2 Root,
VOICE_CAPTURE,536914,12/7/2022 12:17:33 PM,2bb9607d-7a58-4b03-8af7-c78cbd84e727,i'm gonna give that to medic 10,NA,
BAG_CLOSED,539787,12/7/2022 12:17:36 PM,2bb9607d-7a58-4b03-8af7-c78cbd84e727,"(4.1, 0.7, 4.2)",
TELEPORT,539787,12/7/2022 12:17:36 PM,2bb9607d-7a58-4b03-8af7-c78cbd84e727,"(3.3, 0.0, 3.1)",
VOICE_CAPTURE,543011,12/7/2022 12:17:39 PM,2bb9607d-7a58-4b03-8af7-c78cbd84e727,alright i have to go over to the other people oh **** i can't remember there is,NA,
PATIENT_ENGAGED,547908,12/7/2022 12:17:44 PM,2bb9607d-7a58-4b03-8af7-c78cbd84e727,100,Infinity,Mike_0 Root,"(3.2, 0.0, -2.9)","(0.0, 0.3, 0.0, 0.9)",DELAYED,walker,normal,normal,normal,upset,sittingGround,
VOICE_CAPTURE,547940,12/7/2022 12:17:44 PM,2bb9607d-7a58-4b03-8af7-c78cbd84e727,you said you said,NA,
VOICE_CAPTURE,551799,12/7/2022 12:17:48 PM,2bb9607d-7a58-4b03-8af7-c78cbd84e727,shut,NA,
VOICE_CAPTURE,553286,12/7/2022 12:17:50 PM,2bb9607d-7a58-4b03-8af7-c78cbd84e727,alright,NA,
TELEPORT,554171,12/7/2022 12:17:51 PM,2bb9607d-7a58-4b03-8af7-c78cbd84e727,"(3.8, 0.0, -2.8)",
TELEPORT,557145,12/7/2022 12:17:54 PM,2bb9607d-7a58-4b03-8af7-c78cbd84e727,"(3.2, 0.0, -3.1)",
PULSE_TAKEN,558900,12/7/2022 12:17:55 PM,2bb9607d-7a58-4b03-8af7-c78cbd84e727,pulse_normal,Mike_0 Root,
PULSE_TAKEN,559015,12/7/2022 12:17:55 PM,2bb9607d-7a58-4b03-8af7-c78cbd84e727,pulse_normal,Mike_0 Root,
VOICE_CAPTURE,563963,12/7/2022 12:18:00 PM,2bb9607d-7a58-4b03-8af7-c78cbd84e727,alright i'm gonna feel pulse he has good pulse,NA,
VOICE_CAPTURE,567437,12/7/2022 12:18:04 PM,2bb9607d-7a58-4b03-8af7-c78cbd84e727,you know what day it is he probably does,NA,
VOICE_CAPTURE,572800,12/7/2022 12:18:09 PM,2bb9607d-7a58-4b03-8af7-c78cbd84e727,alright and yeah,NA,
VOICE_CAPTURE,575173,12/7/2022 12:18:12 PM,2bb9607d-7a58-4b03-8af7-c78cbd84e727,you can ask questions like,NA,
VOICE_CAPTURE,577812,12/7/2022 12:18:14 PM,2bb9607d-7a58-4b03-8af7-c78cbd84e727,what what's your name,NA,
VOICE_COMMAND,577812,12/7/2022 12:18:14 PM,2bb9607d-7a58-4b03-8af7-c78cbd84e727,what is your name,what what's your name,
VOICE_CAPTURE,580454,12/7/2022 12:18:17 PM,2bb9607d-7a58-4b03-8af7-c78cbd84e727,what's your name,NA,
VOICE_COMMAND,580454,12/7/2022 12:18:17 PM,2bb9607d-7a58-4b03-8af7-c78cbd84e727,what is your name,what's your name,
VOICE_CAPTURE,583676,12/7/2022 12:18:20 PM,2bb9607d-7a58-4b03-8af7-c78cbd84e727,alright how old are you,NA,
VOICE_CAPTURE,587001,12/7/2022 12:18:23 PM,2bb9607d-7a58-4b03-8af7-c78cbd84e727,OK,NA,
TELEPORT,588191,12/7/2022 12:18:25 PM,2bb9607d-7a58-4b03-8af7-c78cbd84e727,"(3.1, 0.0, -3.2)",
PATIENT_ENGAGED,590057,12/7/2022 12:18:26 PM,2bb9607d-7a58-4b03-8af7-c78cbd84e727,100,Infinity,Mike_2 Root,"(5.4, 0.0, -3.5)","(0.0, 0.7, 0.0, -0.7)",IMMEDIATE,walker,fast,normal,normal,upset,sittingGround,
VOICE_CAPTURE,590775,12/7/2022 12:18:27 PM,2bb9607d-7a58-4b03-8af7-c78cbd84e727,who's the president,NA,
PATIENT_ENGAGED,592130,12/7/2022 12:18:28 PM,2bb9607d-7a58-4b03-8af7-c78cbd84e727,100,Infinity,Mike_0 Root,"(3.2, 0.0, -2.9)","(0.0, 0.3, 0.0, 0.9)",DELAYED,walker,normal,normal,normal,upset,sittingGround,
VOICE_CAPTURE,592615,12/7/2022 12:18:29 PM,2bb9607d-7a58-4b03-8af7-c78cbd84e727,so with that,NA,
TELEPORT,593216,12/7/2022 12:18:30 PM,2bb9607d-7a58-4b03-8af7-c78cbd84e727,"(4.5, 0.0, -3.6)",
VOICE_CAPTURE,595522,12/7/2022 12:18:32 PM,2bb9607d-7a58-4b03-8af7-c78cbd84e727,oh i gotta do him green,NA,
BAG_ACCESS,601905,12/7/2022 12:18:38 PM,2bb9607d-7a58-4b03-8af7-c78cbd84e727,"(3.3, 0.7, -2.6)",
TOOL_HOVER,602857,12/7/2022 12:18:39 PM,2bb9607d-7a58-4b03-8af7-c78cbd84e727,Gauze,1000,
TOOL_HOVER,602874,12/7/2022 12:18:39 PM,2bb9607d-7a58-4b03-8af7-c78cbd84e727,Gauze,1000,
TOOL_HOVER,602890,12/7/2022 12:18:39 PM,2bb9607d-7a58-4b03-8af7-c78cbd84e727,Gauze,1000,
TOOL_HOVER,602907,12/7/2022 12:18:39 PM,2bb9607d-7a58-4b03-8af7-c78cbd84e727,Gauze,1000,
TOOL_HOVER,602923,12/7/2022 12:18:39 PM,2bb9607d-7a58-4b03-8af7-c78cbd84e727,Gauze,1000,
TOOL_HOVER,602940,12/7/2022 12:18:39 PM,2bb9607d-7a58-4b03-8af7-c78cbd84e727,Gauze,1000,
TOOL_HOVER,602957,12/7/2022 12:18:39 PM,2bb9607d-7a58-4b03-8af7-c78cbd84e727,Gauze,1000,
TOOL_HOVER,602973,12/7/2022 12:18:39 PM,2bb9607d-7a58-4b03-8af7-c78cbd84e727,Gauze,1000,
TOOL_HOVER,602990,12/7/2022 12:18:39 PM,2bb9607d-7a58-4b03-8af7-c78cbd84e727,Gauze,1000,
TOOL_HOVER,603007,12/7/2022 12:18:39 PM,2bb9607d-7a58-4b03-8af7-c78cbd84e727,Gauze,1000,
TOOL_HOVER,603024,12/7/2022 12:18:39 PM,2bb9607d-7a58-4b03-8af7-c78cbd84e727,Gauze,1000,
TOOL_HOVER,603040,12/7/2022 12:18:39 PM,2bb9607d-7a58-4b03-8af7-c78cbd84e727,Gauze,1000,
TOOL_SELECTED,603041,12/7/2022 12:18:39 PM,2bb9607d-7a58-4b03-8af7-c78cbd84e727,Gauze,999,
TOOL_DISCARDED,605713,12/7/2022 12:18:42 PM,2bb9607d-7a58-4b03-8af7-c78cbd84e727,Gauze,999,"(3.1, 0.4, -3.0)",
INJURY_TREATED,605714,12/7/2022 12:18:42 PM,2bb9607d-7a58-4b03-8af7-c78cbd84e727,R Forearm Laceration,Mike_0 Root,gauzePressure,low,rightArm,True,False,"(3.1, 0.5, -3.0)",
TOOL_APPLIED,605714,12/7/2022 12:18:42 PM,2bb9607d-7a58-4b03-8af7-c78cbd84e727,Mike_0 Root,Gauze_Dressing,skinCollider_BodyCollideLOD (UnityEngine.GameObject),null,null,AppliedDressingGauze,
TAG_SELECTED,612163,12/7/2022 12:18:49 PM,2bb9607d-7a58-4b03-8af7-c78cbd84e727,green,
TAG_APPLIED,613617,12/7/2022 12:18:50 PM,2bb9607d-7a58-4b03-8af7-c78cbd84e727,Mike_0 Root,green,
BAG_CLOSED,616572,12/7/2022 12:18:53 PM,2bb9607d-7a58-4b03-8af7-c78cbd84e727,"(3.3, 0.7, -2.6)",
TELEPORT,616572,12/7/2022 12:18:53 PM,2bb9607d-7a58-4b03-8af7-c78cbd84e727,"(3.1, 0.0, -3.4)",
PATIENT_ENGAGED,618581,12/7/2022 12:18:55 PM,2bb9607d-7a58-4b03-8af7-c78cbd84e727,100,Infinity,Mike_2 Root,"(5.4, 0.0, -3.5)","(0.0, 0.7, 0.0, -0.7)",IMMEDIATE,walker,fast,normal,normal,upset,sittingGround,
TELEPORT,622338,12/7/2022 12:18:59 PM,2bb9607d-7a58-4b03-8af7-c78cbd84e727,"(4.1, 0.0, -4.7)",
BAG_ACCESS,629553,12/7/2022 12:19:06 PM,2bb9607d-7a58-4b03-8af7-c78cbd84e727,"(4.8, 0.7, -4.0)",
TOOL_HOVER,631658,12/7/2022 12:19:08 PM,2bb9607d-7a58-4b03-8af7-c78cbd84e727,Hemostatic Gauze,1001,
TOOL_HOVER,631674,12/7/2022 12:19:08 PM,2bb9607d-7a58-4b03-8af7-c78cbd84e727,Hemostatic Gauze,1001,
TOOL_HOVER,631692,12/7/2022 12:19:08 PM,2bb9607d-7a58-4b03-8af7-c78cbd84e727,Hemostatic Gauze,1001,
TOOL_HOVER,631709,12/7/2022 12:19:08 PM,2bb9607d-7a58-4b03-8af7-c78cbd84e727,Hemostatic Gauze,1001,
TOOL_HOVER,631725,12/7/2022 12:19:08 PM,2bb9607d-7a58-4b03-8af7-c78cbd84e727,Hemostatic Gauze,1001,
TOOL_HOVER,631741,12/7/2022 12:19:08 PM,2bb9607d-7a58-4b03-8af7-c78cbd84e727,Hemostatic Gauze,1001,
TOOL_HOVER,631758,12/7/2022 12:19:08 PM,2bb9607d-7a58-4b03-8af7-c78cbd84e727,Hemostatic Gauze,1001,
TOOL_HOVER,631775,12/7/2022 12:19:08 PM,2bb9607d-7a58-4b03-8af7-c78cbd84e727,Hemostatic Gauze,1001,
TOOL_HOVER,631792,12/7/2022 12:19:08 PM,2bb9607d-7a58-4b03-8af7-c78cbd84e727,Hemostatic Gauze,1001,
TOOL_HOVER,631809,12/7/2022 12:19:08 PM,2bb9607d-7a58-4b03-8af7-c78cbd84e727,Hemostatic Gauze,1001,
TOOL_HOVER,631825,12/7/2022 12:19:08 PM,2bb9607d-7a58-4b03-8af7-c78cbd84e727,Hemostatic Gauze,1001,
TOOL_HOVER,631842,12/7/2022 12:19:08 PM,2bb9607d-7a58-4b03-8af7-c78cbd84e727,Hemostatic Gauze,1001,
TOOL_HOVER,631860,12/7/2022 12:19:08 PM,2bb9607d-7a58-4b03-8af7-c78cbd84e727,Hemostatic Gauze,1001,
TOOL_SELECTED,631860,12/7/2022 12:19:08 PM,2bb9607d-7a58-4b03-8af7-c78cbd84e727,Hemostatic Gauze,1000,
TOOL_DISCARDED,634229,12/7/2022 12:19:11 PM,2bb9607d-7a58-4b03-8af7-c78cbd84e727,Hemostatic Gauze,1000,"(5.6, 0.4, -3.4)",
INJURY_TREATED,634230,12/7/2022 12:19:11 PM,2bb9607d-7a58-4b03-8af7-c78cbd84e727,L Shoulder Puncture,Mike_2 Root,woundpack,medium,chest,True,False,"(5.6, 0.4, -3.4)",
TOOL_APPLIED,634230,12/7/2022 12:19:11 PM,2bb9607d-7a58-4b03-8af7-c78cbd84e727,Mike_2 Root,Gauze_Pack,skinCollider_BodyCollideLOD (UnityEngine.GameObject),null,null,AppliedPackingGauze,
PULSE_TAKEN,635267,12/7/2022 12:19:12 PM,2bb9607d-7a58-4b03-8af7-c78cbd84e727,pulse_fast,Mike_2 Root,
PULSE_TAKEN,637105,12/7/2022 12:19:13 PM,2bb9607d-7a58-4b03-8af7-c78cbd84e727,pulse_fast,Mike_2 Root,
PULSE_TAKEN,637707,12/7/2022 12:19:14 PM,2bb9607d-7a58-4b03-8af7-c78cbd84e727,pulse_fast,Mike_2 Root,
VOICE_CAPTURE,655000,12/7/2022 12:19:31 PM,2bb9607d-7a58-4b03-8af7-c78cbd84e727,what is your name,NA,
VOICE_COMMAND,655000,12/7/2022 12:19:31 PM,2bb9607d-7a58-4b03-8af7-c78cbd84e727,what is your name,what is your name,
TAG_SELECTED,663053,12/7/2022 12:19:39 PM,2bb9607d-7a58-4b03-8af7-c78cbd84e727,yellow,
TAG_DISCARDED,664825,12/7/2022 12:19:41 PM,2bb9607d-7a58-4b03-8af7-c78cbd84e727,yellow,"(5.4, 1.1, -4.0)",
TAG_SELECTED,665609,12/7/2022 12:19:42 PM,2bb9607d-7a58-4b03-8af7-c78cbd84e727,red,
TAG_APPLIED,667162,12/7/2022 12:19:44 PM,2bb9607d-7a58-4b03-8af7-c78cbd84e727,Mike_2 Root,red,
PATIENT_ENGAGED,673262,12/7/2022 12:19:50 PM,2bb9607d-7a58-4b03-8af7-c78cbd84e727,100,Infinity,Mike_0 Root,"(3.2, 0.0, -2.9)","(0.0, 0.3, 0.0, 0.9)",DELAYED,walker,normal,normal,normal,upset,sittingGround,
BAG_CLOSED,673350,12/7/2022 12:19:50 PM,2bb9607d-7a58-4b03-8af7-c78cbd84e727,"(4.8, 0.7, -4.0)",
BAG_ACCESS,696267,12/7/2022 12:20:13 PM,2bb9607d-7a58-4b03-8af7-c78cbd84e727,"(4.4, 0.8, -4.8)",
