TELEPORT,6741,12/1/2022 1:21:54 PM,2fd0d956-cced-4fdb-8441-ec36b8315400,"(1.9, 0.0, 1.2)",
PATIENT_ENGAGED,7948,12/1/2022 1:21:55 PM,2fd0d956-cced-4fdb-8441-ec36b8315400,100,128,Mike Root,"(3.1, 0.0, -1.0)","(0.0, 0.3, 0.0, -0.9)",MINIMAL,walker,normal,normal,normal,calm,standing,
VOICE_CAPTURE,8430,12/1/2022 1:21:56 PM,2fd0d956-cced-4fdb-8441-ec36b8315400,then we'll show you all your equipment,NA,
TELEPORT,8529,12/1/2022 1:21:56 PM,2fd0d956-cced-4fdb-8441-ec36b8315400,"(2.3, 0.0, 0.3)",
TELEPORT,9197,12/1/2022 1:21:57 PM,2fd0d956-cced-4fdb-8441-ec36b8315400,"(2.4, 0.0, 0.1)",
VOICE_CAPTURE,11786,12/1/2022 1:21:59 PM,2fd0d956-cced-4fdb-8441-ec36b8315400,what's he saying,NA,
TELEPORT,12170,12/1/2022 1:22:00 PM,2fd0d956-cced-4fdb-8441-ec36b8315400,"(2.2, 0.0, 0.3)",
TELEPORT,12873,12/1/2022 1:22:00 PM,2fd0d956-cced-4fdb-8441-ec36b8315400,"(2.5, 0.0, 0.1)",
TELEPORT,13992,12/1/2022 1:22:01 PM,2fd0d956-cced-4fdb-8441-ec36b8315400,"(2.6, 0.0, -0.3)",
VOICE_CAPTURE,16598,12/1/2022 1:22:04 PM,2fd0d956-cced-4fdb-8441-ec36b8315400,i can hear him but i can't hear what you're saying,NA,
TELEPORT,19338,12/1/2022 1:22:07 PM,2fd0d956-cced-4fdb-8441-ec36b8315400,"(2.4, 0.0, 0.1)",
VOICE_CAPTURE,20690,12/1/2022 1:22:08 PM,2fd0d956-cced-4fdb-8441-ec36b8315400,and then the right the right,NA,
TELEPORT,21828,12/1/2022 1:22:09 PM,2fd0d956-cced-4fdb-8441-ec36b8315400,"(2.4, 0.0, 0.1)",
TELEPORT,22379,12/1/2022 1:22:10 PM,2fd0d956-cced-4fdb-8441-ec36b8315400,"(2.4, 0.0, 0.1)",
TELEPORT,22780,12/1/2022 1:22:10 PM,2fd0d956-cced-4fdb-8441-ec36b8315400,"(3.6, 0.0, -1.9)",
TELEPORT,25302,12/1/2022 1:22:13 PM,2fd0d956-cced-4fdb-8441-ec36b8315400,"(3.6, 0.0, -1.9)",
VOICE_CAPTURE,25738,12/1/2022 1:22:13 PM,2fd0d956-cced-4fdb-8441-ec36b8315400,push forward again,NA,
TELEPORT,26505,12/1/2022 1:22:14 PM,2fd0d956-cced-4fdb-8441-ec36b8315400,"(3.6, 0.0, -1.9)",
VOICE_CAPTURE,27691,12/1/2022 1:22:15 PM,2fd0d956-cced-4fdb-8441-ec36b8315400,just push it forward,NA,
TELEPORT,29045,12/1/2022 1:22:17 PM,2fd0d956-cced-4fdb-8441-ec36b8315400,"(3.8, 0.0, -1.8)",
VOICE_CAPTURE,30316,12/1/2022 1:22:18 PM,2fd0d956-cced-4fdb-8441-ec36b8315400,that cover comes,NA,
TELEPORT,30783,12/1/2022 1:22:18 PM,2fd0d956-cced-4fdb-8441-ec36b8315400,"(3.8, 0.0, -1.8)",
TELEPORT,31468,12/1/2022 1:22:19 PM,2fd0d956-cced-4fdb-8441-ec36b8315400,"(3.8, 0.0, -1.8)",
VOICE_CAPTURE,33798,12/1/2022 1:22:21 PM,2fd0d956-cced-4fdb-8441-ec36b8315400,yeah so just push it and hold it don't let go here,NA,
VOICE_CAPTURE,36873,12/1/2022 1:22:24 PM,2fd0d956-cced-4fdb-8441-ec36b8315400,i see,NA,
VOICE_CAPTURE,37441,12/1/2022 1:22:25 PM,2fd0d956-cced-4fdb-8441-ec36b8315400,i see,NA,
TELEPORT,38643,12/1/2022 1:22:26 PM,2fd0d956-cced-4fdb-8441-ec36b8315400,"(3.7, 0.0, 9.1)",
VOICE_CAPTURE,41518,12/1/2022 1:22:29 PM,2fd0d956-cced-4fdb-8441-ec36b8315400,so then he's behind you,NA,
TELEPORT,42152,12/1/2022 1:22:30 PM,2fd0d956-cced-4fdb-8441-ec36b8315400,"(3.3, 0.0, 0.8)",
TELEPORT,44324,12/1/2022 1:22:32 PM,2fd0d956-cced-4fdb-8441-ec36b8315400,"(3.3, 0.0, 0.8)",
VOICE_CAPTURE,47916,12/1/2022 1:22:35 PM,2fd0d956-cced-4fdb-8441-ec36b8315400,and if you need to get a little bit closer to me i wanna go to the train tracks,NA,
VOICE_COMMAND,47916,12/1/2022 1:22:35 PM,2fd0d956-cced-4fdb-8441-ec36b8315400,walk to the safe area,and if you need to get a little bit closer to me i wanna go to the train tracks,
S_A_L_T_WALK_IF_CAN,47918,12/1/2022 1:22:35 PM,2fd0d956-cced-4fdb-8441-ec36b8315400,"(3.1, 0.0, -1.0)",walkIfCan,Mike Root,
S_A_L_T_WALKED,47920,12/1/2022 1:22:35 PM,2fd0d956-cced-4fdb-8441-ec36b8315400,"(3.1, 0.0, -1.0)",walked,Mike Root,
VOICE_CAPTURE,51557,12/1/2022 1:22:39 PM,2fd0d956-cced-4fdb-8441-ec36b8315400,oh you ******** i wanna go,NA,
TELEPORT,55885,12/1/2022 1:22:43 PM,2fd0d956-cced-4fdb-8441-ec36b8315400,"(4.0, 0.0, -2.0)",
VOICE_CAPTURE,56086,12/1/2022 1:22:44 PM,2fd0d956-cced-4fdb-8441-ec36b8315400,and then if you want,NA,
VOICE_CAPTURE,59260,12/1/2022 1:22:47 PM,2fd0d956-cced-4fdb-8441-ec36b8315400,OK,NA,
PULSE_TAKEN,61381,12/1/2022 1:22:49 PM,2fd0d956-cced-4fdb-8441-ec36b8315400,pulse_normal,Mike Root,
VOICE_CAPTURE,62852,12/1/2022 1:22:50 PM,2fd0d956-cced-4fdb-8441-ec36b8315400,oh i see,NA,
PULSE_TAKEN,62885,12/1/2022 1:22:50 PM,2fd0d956-cced-4fdb-8441-ec36b8315400,pulse_normal,Mike Root,
PULSE_TAKEN,65307,12/1/2022 1:22:53 PM,2fd0d956-cced-4fdb-8441-ec36b8315400,pulse_normal,Mike Root,
PULSE_TAKEN,67680,12/1/2022 1:22:55 PM,2fd0d956-cced-4fdb-8441-ec36b8315400,pulse_normal,Mike Root,
VOICE_CAPTURE,67998,12/1/2022 1:22:55 PM,2fd0d956-cced-4fdb-8441-ec36b8315400,OK i just have to be,NA,
PULSE_TAKEN,68333,12/1/2022 1:22:56 PM,2fd0d956-cced-4fdb-8441-ec36b8315400,pulse_normal,Mike Root,
PULSE_TAKEN,69601,12/1/2022 1:22:57 PM,2fd0d956-cced-4fdb-8441-ec36b8315400,pulse_normal,Mike Root,
PULSE_TAKEN,76910,12/1/2022 1:23:04 PM,2fd0d956-cced-4fdb-8441-ec36b8315400,pulse_normal,Mike Root,
PULSE_TAKEN,77504,12/1/2022 1:23:05 PM,2fd0d956-cced-4fdb-8441-ec36b8315400,pulse_normal,Mike Root,
VOICE_CAPTURE,78590,12/1/2022 1:23:06 PM,2fd0d956-cced-4fdb-8441-ec36b8315400,yeah and you can do the carotid as well so every person you'll need to get a pulse on you don't have a clock on here,NA,
PULSE_TAKEN,82232,12/1/2022 1:23:10 PM,2fd0d956-cced-4fdb-8441-ec36b8315400,pulse_normal,Mike Root,
VOICE_CAPTURE,84621,12/1/2022 1:23:12 PM,2fd0d956-cced-4fdb-8441-ec36b8315400,you'll be able to tell if it's a rapid one well he's definitely going fast he's like in the,NA,
PULSE_TAKEN,89350,12/1/2022 1:23:17 PM,2fd0d956-cced-4fdb-8441-ec36b8315400,pulse_normal,Mike Root,
VOICE_CAPTURE,89901,12/1/2022 1:23:17 PM,2fd0d956-cced-4fdb-8441-ec36b8315400,130 something like that yeah,NA,
PULSE_TAKEN,92073,12/1/2022 1:23:20 PM,2fd0d956-cced-4fdb-8441-ec36b8315400,pulse_normal,Mike Root,
PULSE_TAKEN,92423,12/1/2022 1:23:20 PM,2fd0d956-cced-4fdb-8441-ec36b8315400,pulse_normal,Mike Root,
VOICE_CAPTURE,92591,12/1/2022 1:23:20 PM,2fd0d956-cced-4fdb-8441-ec36b8315400,you can ask them their name,NA,
VOICE_CAPTURE,95267,12/1/2022 1:23:23 PM,2fd0d956-cced-4fdb-8441-ec36b8315400,you seeing this on the screen,NA,
VOICE_CAPTURE,105689,12/1/2022 1:23:33 PM,2fd0d956-cced-4fdb-8441-ec36b8315400,simple commands like that they don't understand super complex commands like,NA,
VOICE_COMMAND,105689,12/1/2022 1:23:33 PM,2fd0d956-cced-4fdb-8441-ec36b8315400,stand up,simple commands like that they don't understand super complex commands like,
TELEPORT,106809,12/1/2022 1:23:34 PM,2fd0d956-cced-4fdb-8441-ec36b8315400,"(4.0, 0.0, -2.0)",
PULSE_TAKEN,107009,12/1/2022 1:23:35 PM,2fd0d956-cced-4fdb-8441-ec36b8315400,pulse_normal,Mike Root,
TELEPORT,108696,12/1/2022 1:23:36 PM,2fd0d956-cced-4fdb-8441-ec36b8315400,"(3.9, 0.0, -1.9)",
PULSE_TAKEN,109100,12/1/2022 1:23:37 PM,2fd0d956-cced-4fdb-8441-ec36b8315400,pulse_normal,Mike Root,
TELEPORT,109599,12/1/2022 1:23:37 PM,2fd0d956-cced-4fdb-8441-ec36b8315400,"(4.1, 0.0, -2.3)",
PULSE_TAKEN,109949,12/1/2022 1:23:37 PM,2fd0d956-cced-4fdb-8441-ec36b8315400,pulse_normal,Mike Root,
TELEPORT,110701,12/1/2022 1:23:38 PM,2fd0d956-cced-4fdb-8441-ec36b8315400,"(3.8, 0.0, -1.9)",
VOICE_CAPTURE,110801,12/1/2022 1:23:38 PM,2fd0d956-cced-4fdb-8441-ec36b8315400,pull over on your back you don't understand that perform differential equations,NA,
VOICE_COMMAND,110801,12/1/2022 1:23:38 PM,2fd0d956-cced-4fdb-8441-ec36b8315400,stand up,pull over on your back you don't understand that perform differential equations,
PULSE_TAKEN,111119,12/1/2022 1:23:39 PM,2fd0d956-cced-4fdb-8441-ec36b8315400,pulse_normal,Mike Root,
TELEPORT,111470,12/1/2022 1:23:39 PM,2fd0d956-cced-4fdb-8441-ec36b8315400,"(4.1, 0.0, -2.2)",
TELEPORT,114995,12/1/2022 1:23:42 PM,2fd0d956-cced-4fdb-8441-ec36b8315400,"(3.6, 0.0, -1.8)",
TELEPORT,117902,12/1/2022 1:23:45 PM,2fd0d956-cced-4fdb-8441-ec36b8315400,"(3.6, 0.0, -1.8)",
TELEPORT,119073,12/1/2022 1:23:47 PM,2fd0d956-cced-4fdb-8441-ec36b8315400,"(3.5, 0.0, -2.3)",
VOICE_CAPTURE,119623,12/1/2022 1:23:47 PM,2fd0d956-cced-4fdb-8441-ec36b8315400,go lie down sit up walk to me you can tell him to walk to the safe area the safe area in this just to give you a heads up when you tell people to walk it'll be the next step,NA,
VOICE_COMMAND,119623,12/1/2022 1:23:47 PM,2fd0d956-cced-4fdb-8441-ec36b8315400,walk to the safe area,go lie down sit up walk to me you can tell him to walk to the safe area the safe area in this just to give you a heads up when you tell people to walk it'll be the next step,
VOICE_COMMAND,119623,12/1/2022 1:23:47 PM,2fd0d956-cced-4fdb-8441-ec36b8315400,sit up/down,go lie down sit up walk to me you can tell him to walk to the safe area the safe area in this just to give you a heads up when you tell people to walk it'll be the next step,
VOICE_COMMAND,119623,12/1/2022 1:23:47 PM,2fd0d956-cced-4fdb-8441-ec36b8315400,lay down,go lie down sit up walk to me you can tell him to walk to the safe area the safe area in this just to give you a heads up when you tell people to walk it'll be the next step,
VOICE_COMMAND,119623,12/1/2022 1:23:47 PM,2fd0d956-cced-4fdb-8441-ec36b8315400,walk to player,go lie down sit up walk to me you can tell him to walk to the safe area the safe area in this just to give you a heads up when you tell people to walk it'll be the next step,
VOICE_CAPTURE,122447,12/1/2022 1:23:50 PM,2fd0d956-cced-4fdb-8441-ec36b8315400,this one over here,NA,
TELEPORT,123433,12/1/2022 1:23:51 PM,2fd0d956-cced-4fdb-8441-ec36b8315400,"(3.2, 0.0, -1.0)",
TELEPORT,124752,12/1/2022 1:23:52 PM,2fd0d956-cced-4fdb-8441-ec36b8315400,"(3.0, 0.0, -0.5)",
VOICE_CAPTURE,131218,12/1/2022 1:23:59 PM,2fd0d956-cced-4fdb-8441-ec36b8315400,otherwise if you see something say something geez go ahead and reach down and look down here,NA,
VOICE_CAPTURE,134424,12/1/2022 1:24:02 PM,2fd0d956-cced-4fdb-8441-ec36b8315400,it's like behind me somewhere i can't i still can't see it,NA,
VOICE_CAPTURE,137048,12/1/2022 1:24:05 PM,2fd0d956-cced-4fdb-8441-ec36b8315400,i see like the edge of it but that's about it,NA,
BAG_ACCESS,142796,12/1/2022 1:24:10 PM,2fd0d956-cced-4fdb-8441-ec36b8315400,"(3.2, 0.7, -0.2)",
TAG_SELECTED,144719,12/1/2022 1:24:12 PM,2fd0d956-cced-4fdb-8441-ec36b8315400,gray,
TAG_DISCARDED,145721,12/1/2022 1:24:13 PM,2fd0d956-cced-4fdb-8441-ec36b8315400,gray,"(3.2, 1.4, -0.6)",
VOICE_CAPTURE,145836,12/1/2022 1:24:13 PM,2fd0d956-cced-4fdb-8441-ec36b8315400,that's kind of annoying i actually hurt my neck when i was looking back there,NA,
VOICE_COMMAND,145836,12/1/2022 1:24:13 PM,2fd0d956-cced-4fdb-8441-ec36b8315400,are you hurt,that's kind of annoying i actually hurt my neck when i was looking back there,
VOICE_CAPTURE,147239,12/1/2022 1:24:15 PM,2fd0d956-cced-4fdb-8441-ec36b8315400,let's go,NA,
VOICE_CAPTURE,151837,12/1/2022 1:24:19 PM,2fd0d956-cced-4fdb-8441-ec36b8315400,OK and then just real quick,NA,
TOOL_HOVER,153942,12/1/2022 1:24:21 PM,2fd0d956-cced-4fdb-8441-ec36b8315400,Gauze,999,
TOOL_HOVER,153957,12/1/2022 1:24:21 PM,2fd0d956-cced-4fdb-8441-ec36b8315400,Gauze,999,
TOOL_HOVER,153972,12/1/2022 1:24:21 PM,2fd0d956-cced-4fdb-8441-ec36b8315400,Gauze,999,
TOOL_HOVER,153991,12/1/2022 1:24:21 PM,2fd0d956-cced-4fdb-8441-ec36b8315400,Gauze,999,
TOOL_HOVER,154006,12/1/2022 1:24:22 PM,2fd0d956-cced-4fdb-8441-ec36b8315400,Gauze,999,
TOOL_HOVER,154023,12/1/2022 1:24:22 PM,2fd0d956-cced-4fdb-8441-ec36b8315400,Gauze,999,
TOOL_HOVER,154040,12/1/2022 1:24:22 PM,2fd0d956-cced-4fdb-8441-ec36b8315400,Gauze,999,
TOOL_HOVER,154056,12/1/2022 1:24:22 PM,2fd0d956-cced-4fdb-8441-ec36b8315400,Gauze,999,
TOOL_HOVER,154073,12/1/2022 1:24:22 PM,2fd0d956-cced-4fdb-8441-ec36b8315400,Gauze,999,
TOOL_HOVER,154090,12/1/2022 1:24:22 PM,2fd0d956-cced-4fdb-8441-ec36b8315400,Gauze,999,
TOOL_HOVER,154106,12/1/2022 1:24:22 PM,2fd0d956-cced-4fdb-8441-ec36b8315400,Gauze,999,
TOOL_HOVER,154124,12/1/2022 1:24:22 PM,2fd0d956-cced-4fdb-8441-ec36b8315400,Gauze,999,
TOOL_HOVER,154140,12/1/2022 1:24:22 PM,2fd0d956-cced-4fdb-8441-ec36b8315400,Gauze,999,
TOOL_HOVER,154158,12/1/2022 1:24:22 PM,2fd0d956-cced-4fdb-8441-ec36b8315400,Gauze,999,
TOOL_HOVER,154175,12/1/2022 1:24:22 PM,2fd0d956-cced-4fdb-8441-ec36b8315400,Gauze,999,
TOOL_HOVER,154190,12/1/2022 1:24:22 PM,2fd0d956-cced-4fdb-8441-ec36b8315400,Gauze,999,
TOOL_HOVER,154206,12/1/2022 1:24:22 PM,2fd0d956-cced-4fdb-8441-ec36b8315400,Gauze,999,
TOOL_SELECTED,154208,12/1/2022 1:24:22 PM,2fd0d956-cced-4fdb-8441-ec36b8315400,Gauze,998,
TOOL_DISCARDED,154795,12/1/2022 1:24:22 PM,2fd0d956-cced-4fdb-8441-ec36b8315400,Gauze,998,"(3.4, 1.5, -0.9)",
TOOL_DISCARDED,154795,12/1/2022 1:24:22 PM,2fd0d956-cced-4fdb-8441-ec36b8315400,Gauze,999,"(3.4, 1.5, -0.9)",
TOOL_HOVER,154843,12/1/2022 1:24:22 PM,2fd0d956-cced-4fdb-8441-ec36b8315400,Gauze,1000,
TOOL_HOVER,154859,12/1/2022 1:24:22 PM,2fd0d956-cced-4fdb-8441-ec36b8315400,Gauze,1000,
TOOL_HOVER,154876,12/1/2022 1:24:22 PM,2fd0d956-cced-4fdb-8441-ec36b8315400,Gauze,1000,
TOOL_HOVER,154892,12/1/2022 1:24:22 PM,2fd0d956-cced-4fdb-8441-ec36b8315400,Gauze,1000,
TOOL_HOVER,154909,12/1/2022 1:24:22 PM,2fd0d956-cced-4fdb-8441-ec36b8315400,Gauze,1000,
TOOL_HOVER,154926,12/1/2022 1:24:22 PM,2fd0d956-cced-4fdb-8441-ec36b8315400,Gauze,1000,
TOOL_HOVER,154944,12/1/2022 1:24:22 PM,2fd0d956-cced-4fdb-8441-ec36b8315400,Gauze,1000,
TOOL_HOVER,154960,12/1/2022 1:24:22 PM,2fd0d956-cced-4fdb-8441-ec36b8315400,Gauze,1000,
TOOL_HOVER,154976,12/1/2022 1:24:22 PM,2fd0d956-cced-4fdb-8441-ec36b8315400,Gauze,1000,
TOOL_HOVER,154993,12/1/2022 1:24:22 PM,2fd0d956-cced-4fdb-8441-ec36b8315400,Gauze,1000,
TOOL_HOVER,155010,12/1/2022 1:24:23 PM,2fd0d956-cced-4fdb-8441-ec36b8315400,Gauze,1000,
TOOL_HOVER,155028,12/1/2022 1:24:23 PM,2fd0d956-cced-4fdb-8441-ec36b8315400,Gauze,1000,
TOOL_HOVER,155041,12/1/2022 1:24:23 PM,2fd0d956-cced-4fdb-8441-ec36b8315400,Gauze,1000,
TOOL_HOVER,155060,12/1/2022 1:24:23 PM,2fd0d956-cced-4fdb-8441-ec36b8315400,Gauze,1000,
TOOL_HOVER,155077,12/1/2022 1:24:23 PM,2fd0d956-cced-4fdb-8441-ec36b8315400,Gauze,1000,
TOOL_HOVER,155093,12/1/2022 1:24:23 PM,2fd0d956-cced-4fdb-8441-ec36b8315400,Gauze,1000,
TOOL_HOVER,155109,12/1/2022 1:24:23 PM,2fd0d956-cced-4fdb-8441-ec36b8315400,Gauze,1000,
TOOL_HOVER,155126,12/1/2022 1:24:23 PM,2fd0d956-cced-4fdb-8441-ec36b8315400,Gauze,1000,
TOOL_HOVER,155143,12/1/2022 1:24:23 PM,2fd0d956-cced-4fdb-8441-ec36b8315400,Gauze,1000,
TOOL_HOVER,155158,12/1/2022 1:24:23 PM,2fd0d956-cced-4fdb-8441-ec36b8315400,Gauze,1000,
TOOL_HOVER,155176,12/1/2022 1:24:23 PM,2fd0d956-cced-4fdb-8441-ec36b8315400,Gauze,1000,
TOOL_HOVER,155192,12/1/2022 1:24:23 PM,2fd0d956-cced-4fdb-8441-ec36b8315400,Gauze,1000,
TOOL_HOVER,155212,12/1/2022 1:24:23 PM,2fd0d956-cced-4fdb-8441-ec36b8315400,Gauze,1000,
TOOL_HOVER,155226,12/1/2022 1:24:23 PM,2fd0d956-cced-4fdb-8441-ec36b8315400,Gauze,1000,
TOOL_HOVER,155243,12/1/2022 1:24:23 PM,2fd0d956-cced-4fdb-8441-ec36b8315400,Gauze,1000,
TOOL_HOVER,155260,12/1/2022 1:24:23 PM,2fd0d956-cced-4fdb-8441-ec36b8315400,Gauze,1000,
TOOL_HOVER,155276,12/1/2022 1:24:23 PM,2fd0d956-cced-4fdb-8441-ec36b8315400,Gauze,1000,
TOOL_HOVER,155293,12/1/2022 1:24:23 PM,2fd0d956-cced-4fdb-8441-ec36b8315400,Gauze,1000,
TOOL_HOVER,155310,12/1/2022 1:24:23 PM,2fd0d956-cced-4fdb-8441-ec36b8315400,Gauze,1000,
TOOL_HOVER,155328,12/1/2022 1:24:23 PM,2fd0d956-cced-4fdb-8441-ec36b8315400,Gauze,1000,
TOOL_HOVER,156045,12/1/2022 1:24:24 PM,2fd0d956-cced-4fdb-8441-ec36b8315400,Hemostatic Gauze,999,
TOOL_HOVER,156061,12/1/2022 1:24:24 PM,2fd0d956-cced-4fdb-8441-ec36b8315400,Hemostatic Gauze,999,
TOOL_HOVER,156078,12/1/2022 1:24:24 PM,2fd0d956-cced-4fdb-8441-ec36b8315400,Hemostatic Gauze,999,
TOOL_HOVER,156097,12/1/2022 1:24:24 PM,2fd0d956-cced-4fdb-8441-ec36b8315400,Hemostatic Gauze,999,
TOOL_HOVER,156112,12/1/2022 1:24:24 PM,2fd0d956-cced-4fdb-8441-ec36b8315400,Hemostatic Gauze,999,
TOOL_HOVER,156129,12/1/2022 1:24:24 PM,2fd0d956-cced-4fdb-8441-ec36b8315400,Hemostatic Gauze,999,
TOOL_HOVER,156346,12/1/2022 1:24:24 PM,2fd0d956-cced-4fdb-8441-ec36b8315400,Hemostatic Gauze,999,
TOOL_HOVER,156363,12/1/2022 1:24:24 PM,2fd0d956-cced-4fdb-8441-ec36b8315400,Hemostatic Gauze,999,
TOOL_HOVER,156380,12/1/2022 1:24:24 PM,2fd0d956-cced-4fdb-8441-ec36b8315400,Hemostatic Gauze,999,
TOOL_HOVER,156397,12/1/2022 1:24:24 PM,2fd0d956-cced-4fdb-8441-ec36b8315400,Hemostatic Gauze,999,
TOOL_HOVER,156412,12/1/2022 1:24:24 PM,2fd0d956-cced-4fdb-8441-ec36b8315400,Hemostatic Gauze,999,
TOOL_HOVER,156428,12/1/2022 1:24:24 PM,2fd0d956-cced-4fdb-8441-ec36b8315400,Hemostatic Gauze,999,
TOOL_HOVER,156445,12/1/2022 1:24:24 PM,2fd0d956-cced-4fdb-8441-ec36b8315400,Hemostatic Gauze,999,
TOOL_HOVER,156462,12/1/2022 1:24:24 PM,2fd0d956-cced-4fdb-8441-ec36b8315400,Hemostatic Gauze,999,
TOOL_HOVER,156479,12/1/2022 1:24:24 PM,2fd0d956-cced-4fdb-8441-ec36b8315400,Hemostatic Gauze,999,
TOOL_HOVER,156496,12/1/2022 1:24:24 PM,2fd0d956-cced-4fdb-8441-ec36b8315400,Hemostatic Gauze,999,
TOOL_HOVER,156512,12/1/2022 1:24:24 PM,2fd0d956-cced-4fdb-8441-ec36b8315400,Hemostatic Gauze,999,
TOOL_HOVER,156530,12/1/2022 1:24:24 PM,2fd0d956-cced-4fdb-8441-ec36b8315400,Hemostatic Gauze,999,
TOOL_HOVER,156546,12/1/2022 1:24:24 PM,2fd0d956-cced-4fdb-8441-ec36b8315400,Hemostatic Gauze,999,
TOOL_HOVER,156562,12/1/2022 1:24:24 PM,2fd0d956-cced-4fdb-8441-ec36b8315400,Hemostatic Gauze,999,
TOOL_HOVER,156579,12/1/2022 1:24:24 PM,2fd0d956-cced-4fdb-8441-ec36b8315400,Hemostatic Gauze,999,
TOOL_SELECTED,156580,12/1/2022 1:24:24 PM,2fd0d956-cced-4fdb-8441-ec36b8315400,Hemostatic Gauze,998,
TOOL_DISCARDED,157266,12/1/2022 1:24:25 PM,2fd0d956-cced-4fdb-8441-ec36b8315400,Hemostatic Gauze,998,"(2.9, 1.5, -0.9)",
TOOL_DISCARDED,157266,12/1/2022 1:24:25 PM,2fd0d956-cced-4fdb-8441-ec36b8315400,Hemostatic Gauze,999,"(2.9, 1.5, -0.9)",
TOOL_HOVER,157347,12/1/2022 1:24:25 PM,2fd0d956-cced-4fdb-8441-ec36b8315400,Hemostatic Gauze,1000,
TOOL_HOVER,157366,12/1/2022 1:24:25 PM,2fd0d956-cced-4fdb-8441-ec36b8315400,Hemostatic Gauze,1000,
TOOL_HOVER,157381,12/1/2022 1:24:25 PM,2fd0d956-cced-4fdb-8441-ec36b8315400,Hemostatic Gauze,1000,
TOOL_HOVER,157400,12/1/2022 1:24:25 PM,2fd0d956-cced-4fdb-8441-ec36b8315400,Hemostatic Gauze,1000,
TOOL_HOVER,157413,12/1/2022 1:24:25 PM,2fd0d956-cced-4fdb-8441-ec36b8315400,Hemostatic Gauze,1000,
TOOL_HOVER,157431,12/1/2022 1:24:25 PM,2fd0d956-cced-4fdb-8441-ec36b8315400,Hemostatic Gauze,1000,
TOOL_HOVER,157448,12/1/2022 1:24:25 PM,2fd0d956-cced-4fdb-8441-ec36b8315400,Hemostatic Gauze,1000,
TOOL_HOVER,157465,12/1/2022 1:24:25 PM,2fd0d956-cced-4fdb-8441-ec36b8315400,Hemostatic Gauze,1000,
TOOL_HOVER,157482,12/1/2022 1:24:25 PM,2fd0d956-cced-4fdb-8441-ec36b8315400,Hemostatic Gauze,1000,
TOOL_HOVER,157500,12/1/2022 1:24:25 PM,2fd0d956-cced-4fdb-8441-ec36b8315400,Hemostatic Gauze,1000,
TOOL_HOVER,157514,12/1/2022 1:24:25 PM,2fd0d956-cced-4fdb-8441-ec36b8315400,Hemostatic Gauze,1000,
TOOL_HOVER,157531,12/1/2022 1:24:25 PM,2fd0d956-cced-4fdb-8441-ec36b8315400,Hemostatic Gauze,1000,
VOICE_CAPTURE,157548,12/1/2022 1:24:25 PM,2fd0d956-cced-4fdb-8441-ec36b8315400,just saying,NA,
TOOL_HOVER,157549,12/1/2022 1:24:25 PM,2fd0d956-cced-4fdb-8441-ec36b8315400,Hemostatic Gauze,1000,
TOOL_HOVER,157565,12/1/2022 1:24:25 PM,2fd0d956-cced-4fdb-8441-ec36b8315400,Hemostatic Gauze,1000,
TOOL_HOVER,157582,12/1/2022 1:24:25 PM,2fd0d956-cced-4fdb-8441-ec36b8315400,Hemostatic Gauze,1000,
TOOL_HOVER,157599,12/1/2022 1:24:25 PM,2fd0d956-cced-4fdb-8441-ec36b8315400,Hemostatic Gauze,1000,
TOOL_HOVER,157615,12/1/2022 1:24:25 PM,2fd0d956-cced-4fdb-8441-ec36b8315400,Hemostatic Gauze,1000,
TOOL_HOVER,157633,12/1/2022 1:24:25 PM,2fd0d956-cced-4fdb-8441-ec36b8315400,Hemostatic Gauze,1000,
TOOL_HOVER,157649,12/1/2022 1:24:25 PM,2fd0d956-cced-4fdb-8441-ec36b8315400,Hemostatic Gauze,1000,
TOOL_HOVER,157666,12/1/2022 1:24:25 PM,2fd0d956-cced-4fdb-8441-ec36b8315400,Hemostatic Gauze,1000,
TOOL_HOVER,157683,12/1/2022 1:24:25 PM,2fd0d956-cced-4fdb-8441-ec36b8315400,Hemostatic Gauze,1000,
TOOL_HOVER,157699,12/1/2022 1:24:25 PM,2fd0d956-cced-4fdb-8441-ec36b8315400,Hemostatic Gauze,1000,
TOOL_HOVER,157716,12/1/2022 1:24:25 PM,2fd0d956-cced-4fdb-8441-ec36b8315400,Hemostatic Gauze,1000,
TOOL_HOVER,157736,12/1/2022 1:24:25 PM,2fd0d956-cced-4fdb-8441-ec36b8315400,Hemostatic Gauze,1000,
TOOL_HOVER,157749,12/1/2022 1:24:25 PM,2fd0d956-cced-4fdb-8441-ec36b8315400,Hemostatic Gauze,1000,
TOOL_HOVER,157765,12/1/2022 1:24:25 PM,2fd0d956-cced-4fdb-8441-ec36b8315400,Hemostatic Gauze,1000,
TOOL_HOVER,157781,12/1/2022 1:24:25 PM,2fd0d956-cced-4fdb-8441-ec36b8315400,Hemostatic Gauze,1000,
TOOL_HOVER,157798,12/1/2022 1:24:25 PM,2fd0d956-cced-4fdb-8441-ec36b8315400,Hemostatic Gauze,1000,
TOOL_HOVER,157815,12/1/2022 1:24:25 PM,2fd0d956-cced-4fdb-8441-ec36b8315400,Hemostatic Gauze,1000,
TOOL_HOVER,157832,12/1/2022 1:24:25 PM,2fd0d956-cced-4fdb-8441-ec36b8315400,Hemostatic Gauze,1000,
TOOL_HOVER,157848,12/1/2022 1:24:25 PM,2fd0d956-cced-4fdb-8441-ec36b8315400,Hemostatic Gauze,1000,
TOOL_HOVER,157866,12/1/2022 1:24:25 PM,2fd0d956-cced-4fdb-8441-ec36b8315400,Hemostatic Gauze,1000,
TOOL_HOVER,157882,12/1/2022 1:24:25 PM,2fd0d956-cced-4fdb-8441-ec36b8315400,Hemostatic Gauze,1000,
TOOL_HOVER,157899,12/1/2022 1:24:25 PM,2fd0d956-cced-4fdb-8441-ec36b8315400,Hemostatic Gauze,1000,
TOOL_HOVER,157915,12/1/2022 1:24:25 PM,2fd0d956-cced-4fdb-8441-ec36b8315400,Hemostatic Gauze,1000,
TOOL_HOVER,157934,12/1/2022 1:24:25 PM,2fd0d956-cced-4fdb-8441-ec36b8315400,Hemostatic Gauze,1000,
TOOL_HOVER,158554,12/1/2022 1:24:26 PM,2fd0d956-cced-4fdb-8441-ec36b8315400,Tourniquet,999,
TOOL_HOVER,158567,12/1/2022 1:24:26 PM,2fd0d956-cced-4fdb-8441-ec36b8315400,Tourniquet,999,
TOOL_HOVER,158585,12/1/2022 1:24:26 PM,2fd0d956-cced-4fdb-8441-ec36b8315400,Tourniquet,999,
TOOL_HOVER,158601,12/1/2022 1:24:26 PM,2fd0d956-cced-4fdb-8441-ec36b8315400,Tourniquet,999,
TOOL_HOVER,158618,12/1/2022 1:24:26 PM,2fd0d956-cced-4fdb-8441-ec36b8315400,Tourniquet,999,
TOOL_HOVER,158634,12/1/2022 1:24:26 PM,2fd0d956-cced-4fdb-8441-ec36b8315400,Tourniquet,999,
TOOL_HOVER,158851,12/1/2022 1:24:26 PM,2fd0d956-cced-4fdb-8441-ec36b8315400,Tourniquet,999,
TOOL_HOVER,158868,12/1/2022 1:24:26 PM,2fd0d956-cced-4fdb-8441-ec36b8315400,Tourniquet,999,
TOOL_HOVER,158884,12/1/2022 1:24:26 PM,2fd0d956-cced-4fdb-8441-ec36b8315400,Tourniquet,999,
TOOL_HOVER,158901,12/1/2022 1:24:26 PM,2fd0d956-cced-4fdb-8441-ec36b8315400,Tourniquet,999,
TOOL_HOVER,158919,12/1/2022 1:24:26 PM,2fd0d956-cced-4fdb-8441-ec36b8315400,Tourniquet,999,
TOOL_HOVER,158935,12/1/2022 1:24:26 PM,2fd0d956-cced-4fdb-8441-ec36b8315400,Tourniquet,999,
TOOL_HOVER,158952,12/1/2022 1:24:26 PM,2fd0d956-cced-4fdb-8441-ec36b8315400,Tourniquet,999,
TOOL_HOVER,158969,12/1/2022 1:24:26 PM,2fd0d956-cced-4fdb-8441-ec36b8315400,Tourniquet,999,
TOOL_HOVER,158985,12/1/2022 1:24:26 PM,2fd0d956-cced-4fdb-8441-ec36b8315400,Tourniquet,999,
TOOL_SELECTED,158986,12/1/2022 1:24:26 PM,2fd0d956-cced-4fdb-8441-ec36b8315400,Tourniquet,998,
TOOL_DISCARDED,162109,12/1/2022 1:24:30 PM,2fd0d956-cced-4fdb-8441-ec36b8315400,Tourniquet,998,"(3.2, 1.5, -0.6)",
VOICE_CAPTURE,163345,12/1/2022 1:24:31 PM,2fd0d956-cced-4fdb-8441-ec36b8315400,i bet i know you were there,NA,
TOOL_HOVER,164248,12/1/2022 1:24:32 PM,2fd0d956-cced-4fdb-8441-ec36b8315400,Needle,999,
TOOL_HOVER,164264,12/1/2022 1:24:32 PM,2fd0d956-cced-4fdb-8441-ec36b8315400,Needle,999,
TOOL_HOVER,164281,12/1/2022 1:24:32 PM,2fd0d956-cced-4fdb-8441-ec36b8315400,Needle,999,
TOOL_HOVER,164299,12/1/2022 1:24:32 PM,2fd0d956-cced-4fdb-8441-ec36b8315400,Needle,999,
TOOL_HOVER,164316,12/1/2022 1:24:32 PM,2fd0d956-cced-4fdb-8441-ec36b8315400,Needle,999,
TOOL_HOVER,164331,12/1/2022 1:24:32 PM,2fd0d956-cced-4fdb-8441-ec36b8315400,Needle,999,
TOOL_HOVER,164348,12/1/2022 1:24:32 PM,2fd0d956-cced-4fdb-8441-ec36b8315400,Needle,999,
TOOL_HOVER,164364,12/1/2022 1:24:32 PM,2fd0d956-cced-4fdb-8441-ec36b8315400,Needle,999,
TOOL_HOVER,164381,12/1/2022 1:24:32 PM,2fd0d956-cced-4fdb-8441-ec36b8315400,Needle,999,
TOOL_HOVER,164398,12/1/2022 1:24:32 PM,2fd0d956-cced-4fdb-8441-ec36b8315400,Needle,999,
TOOL_HOVER,164414,12/1/2022 1:24:32 PM,2fd0d956-cced-4fdb-8441-ec36b8315400,Needle,999,
TOOL_HOVER,164432,12/1/2022 1:24:32 PM,2fd0d956-cced-4fdb-8441-ec36b8315400,Needle,999,
TOOL_HOVER,164449,12/1/2022 1:24:32 PM,2fd0d956-cced-4fdb-8441-ec36b8315400,Needle,999,
TOOL_HOVER,164465,12/1/2022 1:24:32 PM,2fd0d956-cced-4fdb-8441-ec36b8315400,Needle,999,
TOOL_HOVER,164482,12/1/2022 1:24:32 PM,2fd0d956-cced-4fdb-8441-ec36b8315400,Needle,999,
TOOL_HOVER,164498,12/1/2022 1:24:32 PM,2fd0d956-cced-4fdb-8441-ec36b8315400,Needle,999,
TOOL_HOVER,164515,12/1/2022 1:24:32 PM,2fd0d956-cced-4fdb-8441-ec36b8315400,Needle,999,
TOOL_HOVER,164532,12/1/2022 1:24:32 PM,2fd0d956-cced-4fdb-8441-ec36b8315400,Needle,999,
TOOL_HOVER,164548,12/1/2022 1:24:32 PM,2fd0d956-cced-4fdb-8441-ec36b8315400,Needle,999,
TOOL_HOVER,164565,12/1/2022 1:24:32 PM,2fd0d956-cced-4fdb-8441-ec36b8315400,Needle,999,
TOOL_HOVER,164582,12/1/2022 1:24:32 PM,2fd0d956-cced-4fdb-8441-ec36b8315400,Needle,999,
TOOL_HOVER,164603,12/1/2022 1:24:32 PM,2fd0d956-cced-4fdb-8441-ec36b8315400,Needle,999,
TOOL_HOVER,164615,12/1/2022 1:24:32 PM,2fd0d956-cced-4fdb-8441-ec36b8315400,Needle,999,
TOOL_HOVER,164633,12/1/2022 1:24:32 PM,2fd0d956-cced-4fdb-8441-ec36b8315400,Needle,999,
VOICE_CAPTURE,169242,12/1/2022 1:24:37 PM,2fd0d956-cced-4fdb-8441-ec36b8315400,oh i thought this was a cigarette i was gonna,NA,
TOOL_HOVER,169345,12/1/2022 1:24:37 PM,2fd0d956-cced-4fdb-8441-ec36b8315400,Needle,999,
TOOL_HOVER,169360,12/1/2022 1:24:37 PM,2fd0d956-cced-4fdb-8441-ec36b8315400,Needle,999,
TOOL_HOVER,169377,12/1/2022 1:24:37 PM,2fd0d956-cced-4fdb-8441-ec36b8315400,Needle,999,
TOOL_HOVER,169393,12/1/2022 1:24:37 PM,2fd0d956-cced-4fdb-8441-ec36b8315400,Needle,999,
TOOL_HOVER,169411,12/1/2022 1:24:37 PM,2fd0d956-cced-4fdb-8441-ec36b8315400,Needle,999,
TOOL_HOVER,169427,12/1/2022 1:24:37 PM,2fd0d956-cced-4fdb-8441-ec36b8315400,Needle,999,
TOOL_HOVER,170547,12/1/2022 1:24:38 PM,2fd0d956-cced-4fdb-8441-ec36b8315400,Needle,999,
TOOL_HOVER,170564,12/1/2022 1:24:38 PM,2fd0d956-cced-4fdb-8441-ec36b8315400,Needle,999,
TOOL_HOVER,170581,12/1/2022 1:24:38 PM,2fd0d956-cced-4fdb-8441-ec36b8315400,Needle,999,
TOOL_HOVER,170598,12/1/2022 1:24:38 PM,2fd0d956-cced-4fdb-8441-ec36b8315400,Needle,999,
TOOL_HOVER,170613,12/1/2022 1:24:38 PM,2fd0d956-cced-4fdb-8441-ec36b8315400,Needle,999,
TOOL_HOVER,170630,12/1/2022 1:24:38 PM,2fd0d956-cced-4fdb-8441-ec36b8315400,Needle,999,
TOOL_HOVER,170647,12/1/2022 1:24:38 PM,2fd0d956-cced-4fdb-8441-ec36b8315400,Needle,999,
TOOL_HOVER,170665,12/1/2022 1:24:38 PM,2fd0d956-cced-4fdb-8441-ec36b8315400,Needle,999,
TOOL_HOVER,170679,12/1/2022 1:24:38 PM,2fd0d956-cced-4fdb-8441-ec36b8315400,Needle,999,
TOOL_HOVER,170696,12/1/2022 1:24:38 PM,2fd0d956-cced-4fdb-8441-ec36b8315400,Needle,999,
TOOL_HOVER,170713,12/1/2022 1:24:38 PM,2fd0d956-cced-4fdb-8441-ec36b8315400,Needle,999,
TOOL_HOVER,170730,12/1/2022 1:24:38 PM,2fd0d956-cced-4fdb-8441-ec36b8315400,Needle,999,
TOOL_HOVER,170746,12/1/2022 1:24:38 PM,2fd0d956-cced-4fdb-8441-ec36b8315400,Needle,999,
TOOL_SELECTED,170747,12/1/2022 1:24:38 PM,2fd0d956-cced-4fdb-8441-ec36b8315400,Needle,998,
TOOL_DISCARDED,173136,12/1/2022 1:24:41 PM,2fd0d956-cced-4fdb-8441-ec36b8315400,Needle,998,"(3.1, 1.6, -1.0)",
TOOL_HOVER,173153,12/1/2022 1:24:41 PM,2fd0d956-cced-4fdb-8441-ec36b8315400,Needle,999,
TOOL_HOVER,173170,12/1/2022 1:24:41 PM,2fd0d956-cced-4fdb-8441-ec36b8315400,Needle,999,
TOOL_HOVER,173185,12/1/2022 1:24:41 PM,2fd0d956-cced-4fdb-8441-ec36b8315400,Needle,999,
TOOL_HOVER,173202,12/1/2022 1:24:41 PM,2fd0d956-cced-4fdb-8441-ec36b8315400,Needle,999,
TOOL_HOVER,173220,12/1/2022 1:24:41 PM,2fd0d956-cced-4fdb-8441-ec36b8315400,Needle,999,
TOOL_HOVER,173236,12/1/2022 1:24:41 PM,2fd0d956-cced-4fdb-8441-ec36b8315400,Needle,999,
TOOL_HOVER,173252,12/1/2022 1:24:41 PM,2fd0d956-cced-4fdb-8441-ec36b8315400,Needle,999,
TOOL_HOVER,173270,12/1/2022 1:24:41 PM,2fd0d956-cced-4fdb-8441-ec36b8315400,Needle,999,
TOOL_HOVER,173286,12/1/2022 1:24:41 PM,2fd0d956-cced-4fdb-8441-ec36b8315400,Needle,999,
TOOL_HOVER,173304,12/1/2022 1:24:41 PM,2fd0d956-cced-4fdb-8441-ec36b8315400,Needle,999,
TOOL_HOVER,173320,12/1/2022 1:24:41 PM,2fd0d956-cced-4fdb-8441-ec36b8315400,Needle,999,
TAG_SELECTED,173888,12/1/2022 1:24:41 PM,2fd0d956-cced-4fdb-8441-ec36b8315400,gray,
TAG_DISCARDED,174506,12/1/2022 1:24:42 PM,2fd0d956-cced-4fdb-8441-ec36b8315400,gray,"(3.1, 1.3, -0.6)",
VOICE_CAPTURE,176110,12/1/2022 1:24:44 PM,2fd0d956-cced-4fdb-8441-ec36b8315400,that's like a big reach to get that right,NA,
TOOL_HOVER,178850,12/1/2022 1:24:46 PM,2fd0d956-cced-4fdb-8441-ec36b8315400,Needle,999,
TOOL_HOVER,178867,12/1/2022 1:24:46 PM,2fd0d956-cced-4fdb-8441-ec36b8315400,Needle,999,
TOOL_HOVER,178883,12/1/2022 1:24:46 PM,2fd0d956-cced-4fdb-8441-ec36b8315400,Needle,999,
TOOL_HOVER,178899,12/1/2022 1:24:46 PM,2fd0d956-cced-4fdb-8441-ec36b8315400,Needle,999,
TOOL_HOVER,178917,12/1/2022 1:24:46 PM,2fd0d956-cced-4fdb-8441-ec36b8315400,Needle,999,
TOOL_HOVER,178934,12/1/2022 1:24:46 PM,2fd0d956-cced-4fdb-8441-ec36b8315400,Needle,999,
TOOL_HOVER,178951,12/1/2022 1:24:46 PM,2fd0d956-cced-4fdb-8441-ec36b8315400,Needle,999,
TOOL_HOVER,178967,12/1/2022 1:24:46 PM,2fd0d956-cced-4fdb-8441-ec36b8315400,Needle,999,
TOOL_HOVER,178984,12/1/2022 1:24:46 PM,2fd0d956-cced-4fdb-8441-ec36b8315400,Needle,999,
TOOL_HOVER,179000,12/1/2022 1:24:46 PM,2fd0d956-cced-4fdb-8441-ec36b8315400,Needle,999,
TOOL_HOVER,179017,12/1/2022 1:24:47 PM,2fd0d956-cced-4fdb-8441-ec36b8315400,Needle,999,
TOOL_HOVER,179034,12/1/2022 1:24:47 PM,2fd0d956-cced-4fdb-8441-ec36b8315400,Needle,999,
TOOL_HOVER,179050,12/1/2022 1:24:47 PM,2fd0d956-cced-4fdb-8441-ec36b8315400,Needle,999,
TOOL_HOVER,179068,12/1/2022 1:24:47 PM,2fd0d956-cced-4fdb-8441-ec36b8315400,Needle,999,
TOOL_HOVER,179084,12/1/2022 1:24:47 PM,2fd0d956-cced-4fdb-8441-ec36b8315400,Needle,999,
TOOL_HOVER,179101,12/1/2022 1:24:47 PM,2fd0d956-cced-4fdb-8441-ec36b8315400,Needle,999,
TOOL_HOVER,179118,12/1/2022 1:24:47 PM,2fd0d956-cced-4fdb-8441-ec36b8315400,Needle,999,
TOOL_HOVER,179135,12/1/2022 1:24:47 PM,2fd0d956-cced-4fdb-8441-ec36b8315400,Needle,999,
TOOL_HOVER,179151,12/1/2022 1:24:47 PM,2fd0d956-cced-4fdb-8441-ec36b8315400,Needle,999,
TOOL_HOVER,179168,12/1/2022 1:24:47 PM,2fd0d956-cced-4fdb-8441-ec36b8315400,Needle,999,
TOOL_HOVER,179184,12/1/2022 1:24:47 PM,2fd0d956-cced-4fdb-8441-ec36b8315400,Needle,999,
TOOL_HOVER,179201,12/1/2022 1:24:47 PM,2fd0d956-cced-4fdb-8441-ec36b8315400,Needle,999,
TOOL_HOVER,179218,12/1/2022 1:24:47 PM,2fd0d956-cced-4fdb-8441-ec36b8315400,Needle,999,
TOOL_HOVER,179233,12/1/2022 1:24:47 PM,2fd0d956-cced-4fdb-8441-ec36b8315400,Needle,999,
TOOL_HOVER,179251,12/1/2022 1:24:47 PM,2fd0d956-cced-4fdb-8441-ec36b8315400,Needle,999,
TOOL_HOVER,179268,12/1/2022 1:24:47 PM,2fd0d956-cced-4fdb-8441-ec36b8315400,Needle,999,
TOOL_HOVER,179284,12/1/2022 1:24:47 PM,2fd0d956-cced-4fdb-8441-ec36b8315400,Needle,999,
TOOL_HOVER,179301,12/1/2022 1:24:47 PM,2fd0d956-cced-4fdb-8441-ec36b8315400,Needle,999,
TOOL_HOVER,179317,12/1/2022 1:24:47 PM,2fd0d956-cced-4fdb-8441-ec36b8315400,Needle,999,
TOOL_HOVER,179334,12/1/2022 1:24:47 PM,2fd0d956-cced-4fdb-8441-ec36b8315400,Needle,999,
TOOL_HOVER,179351,12/1/2022 1:24:47 PM,2fd0d956-cced-4fdb-8441-ec36b8315400,Needle,999,
TOOL_HOVER,179368,12/1/2022 1:24:47 PM,2fd0d956-cced-4fdb-8441-ec36b8315400,Needle,999,
TOOL_HOVER,179386,12/1/2022 1:24:47 PM,2fd0d956-cced-4fdb-8441-ec36b8315400,Needle,999,
TOOL_HOVER,179401,12/1/2022 1:24:47 PM,2fd0d956-cced-4fdb-8441-ec36b8315400,Needle,999,
TOOL_HOVER,179420,12/1/2022 1:24:47 PM,2fd0d956-cced-4fdb-8441-ec36b8315400,Needle,999,
TOOL_HOVER,179435,12/1/2022 1:24:47 PM,2fd0d956-cced-4fdb-8441-ec36b8315400,Needle,999,
TOOL_HOVER,179451,12/1/2022 1:24:47 PM,2fd0d956-cced-4fdb-8441-ec36b8315400,Needle,999,
TOOL_HOVER,179468,12/1/2022 1:24:47 PM,2fd0d956-cced-4fdb-8441-ec36b8315400,Needle,999,
TOOL_HOVER,179485,12/1/2022 1:24:47 PM,2fd0d956-cced-4fdb-8441-ec36b8315400,Needle,999,
TOOL_HOVER,179502,12/1/2022 1:24:47 PM,2fd0d956-cced-4fdb-8441-ec36b8315400,Needle,999,
TOOL_HOVER,179518,12/1/2022 1:24:47 PM,2fd0d956-cced-4fdb-8441-ec36b8315400,Needle,999,
TOOL_HOVER,179534,12/1/2022 1:24:47 PM,2fd0d956-cced-4fdb-8441-ec36b8315400,Needle,999,
TOOL_HOVER,179552,12/1/2022 1:24:47 PM,2fd0d956-cced-4fdb-8441-ec36b8315400,Needle,999,
TOOL_HOVER,179569,12/1/2022 1:24:47 PM,2fd0d956-cced-4fdb-8441-ec36b8315400,Needle,999,
TOOL_HOVER,179586,12/1/2022 1:24:47 PM,2fd0d956-cced-4fdb-8441-ec36b8315400,Needle,999,
TOOL_HOVER,179602,12/1/2022 1:24:47 PM,2fd0d956-cced-4fdb-8441-ec36b8315400,Needle,999,
TOOL_HOVER,179619,12/1/2022 1:24:47 PM,2fd0d956-cced-4fdb-8441-ec36b8315400,Needle,999,
TOOL_HOVER,179634,12/1/2022 1:24:47 PM,2fd0d956-cced-4fdb-8441-ec36b8315400,Needle,999,
VOICE_CAPTURE,180019,12/1/2022 1:24:48 PM,2fd0d956-cced-4fdb-8441-ec36b8315400,alright,NA,
TOOL_HOVER,180255,12/1/2022 1:24:48 PM,2fd0d956-cced-4fdb-8441-ec36b8315400,Needle,999,
TOOL_HOVER,180270,12/1/2022 1:24:48 PM,2fd0d956-cced-4fdb-8441-ec36b8315400,Needle,999,
TOOL_HOVER,180286,12/1/2022 1:24:48 PM,2fd0d956-cced-4fdb-8441-ec36b8315400,Needle,999,
TOOL_HOVER,180304,12/1/2022 1:24:48 PM,2fd0d956-cced-4fdb-8441-ec36b8315400,Needle,999,
TOOL_HOVER,180320,12/1/2022 1:24:48 PM,2fd0d956-cced-4fdb-8441-ec36b8315400,Needle,999,
TOOL_HOVER,180337,12/1/2022 1:24:48 PM,2fd0d956-cced-4fdb-8441-ec36b8315400,Needle,999,
TOOL_HOVER,180353,12/1/2022 1:24:48 PM,2fd0d956-cced-4fdb-8441-ec36b8315400,Needle,999,
TOOL_HOVER,180370,12/1/2022 1:24:48 PM,2fd0d956-cced-4fdb-8441-ec36b8315400,Needle,999,
TOOL_HOVER,180387,12/1/2022 1:24:48 PM,2fd0d956-cced-4fdb-8441-ec36b8315400,Needle,999,
TOOL_HOVER,180404,12/1/2022 1:24:48 PM,2fd0d956-cced-4fdb-8441-ec36b8315400,Needle,999,
TOOL_HOVER,180420,12/1/2022 1:24:48 PM,2fd0d956-cced-4fdb-8441-ec36b8315400,Needle,999,
TOOL_HOVER,180438,12/1/2022 1:24:48 PM,2fd0d956-cced-4fdb-8441-ec36b8315400,Needle,999,
TOOL_HOVER,180453,12/1/2022 1:24:48 PM,2fd0d956-cced-4fdb-8441-ec36b8315400,Needle,999,
TOOL_HOVER,180470,12/1/2022 1:24:48 PM,2fd0d956-cced-4fdb-8441-ec36b8315400,Needle,999,
TOOL_HOVER,180486,12/1/2022 1:24:48 PM,2fd0d956-cced-4fdb-8441-ec36b8315400,Needle,999,
TOOL_HOVER,180503,12/1/2022 1:24:48 PM,2fd0d956-cced-4fdb-8441-ec36b8315400,Needle,999,
TOOL_HOVER,180520,12/1/2022 1:24:48 PM,2fd0d956-cced-4fdb-8441-ec36b8315400,Needle,999,
TOOL_HOVER,180537,12/1/2022 1:24:48 PM,2fd0d956-cced-4fdb-8441-ec36b8315400,Needle,999,
TOOL_HOVER,180553,12/1/2022 1:24:48 PM,2fd0d956-cced-4fdb-8441-ec36b8315400,Needle,999,
TOOL_HOVER,180571,12/1/2022 1:24:48 PM,2fd0d956-cced-4fdb-8441-ec36b8315400,Needle,999,
TOOL_HOVER,180587,12/1/2022 1:24:48 PM,2fd0d956-cced-4fdb-8441-ec36b8315400,Needle,999,
TOOL_HOVER,180607,12/1/2022 1:24:48 PM,2fd0d956-cced-4fdb-8441-ec36b8315400,Needle,999,
TOOL_HOVER,180620,12/1/2022 1:24:48 PM,2fd0d956-cced-4fdb-8441-ec36b8315400,Needle,999,
TOOL_HOVER,180638,12/1/2022 1:24:48 PM,2fd0d956-cced-4fdb-8441-ec36b8315400,Needle,999,
TOOL_HOVER,180654,12/1/2022 1:24:48 PM,2fd0d956-cced-4fdb-8441-ec36b8315400,Needle,999,
TOOL_SELECTED,180655,12/1/2022 1:24:48 PM,2fd0d956-cced-4fdb-8441-ec36b8315400,Needle,998,
VOICE_CAPTURE,183029,12/1/2022 1:24:51 PM,2fd0d956-cced-4fdb-8441-ec36b8315400,you can send it,NA,
TOOL_DISCARDED,184045,12/1/2022 1:24:52 PM,2fd0d956-cced-4fdb-8441-ec36b8315400,Needle,998,"(3.1, 1.7, -0.6)",
TOOL_HOVER,184146,12/1/2022 1:24:52 PM,2fd0d956-cced-4fdb-8441-ec36b8315400,Needle,999,
TOOL_HOVER,184165,12/1/2022 1:24:52 PM,2fd0d956-cced-4fdb-8441-ec36b8315400,Needle,999,
TOOL_HOVER,184179,12/1/2022 1:24:52 PM,2fd0d956-cced-4fdb-8441-ec36b8315400,Needle,999,
TOOL_HOVER,184196,12/1/2022 1:24:52 PM,2fd0d956-cced-4fdb-8441-ec36b8315400,Needle,999,
TOOL_HOVER,184215,12/1/2022 1:24:52 PM,2fd0d956-cced-4fdb-8441-ec36b8315400,Needle,999,
TOOL_HOVER,184232,12/1/2022 1:24:52 PM,2fd0d956-cced-4fdb-8441-ec36b8315400,Needle,999,
TOOL_HOVER,184246,12/1/2022 1:24:52 PM,2fd0d956-cced-4fdb-8441-ec36b8315400,Needle,999,
TOOL_HOVER,184264,12/1/2022 1:24:52 PM,2fd0d956-cced-4fdb-8441-ec36b8315400,Needle,999,
TOOL_HOVER,184280,12/1/2022 1:24:52 PM,2fd0d956-cced-4fdb-8441-ec36b8315400,Needle,999,
TOOL_HOVER,184296,12/1/2022 1:24:52 PM,2fd0d956-cced-4fdb-8441-ec36b8315400,Needle,999,
TOOL_HOVER,184313,12/1/2022 1:24:52 PM,2fd0d956-cced-4fdb-8441-ec36b8315400,Needle,999,
TOOL_HOVER,184330,12/1/2022 1:24:52 PM,2fd0d956-cced-4fdb-8441-ec36b8315400,Needle,999,
TOOL_HOVER,184347,12/1/2022 1:24:52 PM,2fd0d956-cced-4fdb-8441-ec36b8315400,Needle,999,
TOOL_HOVER,184362,12/1/2022 1:24:52 PM,2fd0d956-cced-4fdb-8441-ec36b8315400,Needle,999,
TOOL_HOVER,184381,12/1/2022 1:24:52 PM,2fd0d956-cced-4fdb-8441-ec36b8315400,Needle,999,
TOOL_HOVER,184396,12/1/2022 1:24:52 PM,2fd0d956-cced-4fdb-8441-ec36b8315400,Needle,999,
TOOL_HOVER,184413,12/1/2022 1:24:52 PM,2fd0d956-cced-4fdb-8441-ec36b8315400,Needle,999,
TOOL_HOVER,184430,12/1/2022 1:24:52 PM,2fd0d956-cced-4fdb-8441-ec36b8315400,Needle,999,
BAG_CLOSED,186619,12/1/2022 1:24:54 PM,2fd0d956-cced-4fdb-8441-ec36b8315400,"(3.2, 0.7, -0.2)",
TELEPORT,186619,12/1/2022 1:24:54 PM,2fd0d956-cced-4fdb-8441-ec36b8315400,"(3.2, 0.0, -0.1)",
VOICE_CAPTURE,188306,12/1/2022 1:24:56 PM,2fd0d956-cced-4fdb-8441-ec36b8315400,go ahead,NA,
TELEPORT,188556,12/1/2022 1:24:56 PM,2fd0d956-cced-4fdb-8441-ec36b8315400,"(3.2, 0.0, -1.2)",
TELEPORT,189042,12/1/2022 1:24:57 PM,2fd0d956-cced-4fdb-8441-ec36b8315400,"(3.2, 0.0, -1.5)",
TELEPORT,189242,12/1/2022 1:24:57 PM,2fd0d956-cced-4fdb-8441-ec36b8315400,"(3.2, 0.0, -1.5)",
TELEPORT,190093,12/1/2022 1:24:58 PM,2fd0d956-cced-4fdb-8441-ec36b8315400,"(3.3, 0.0, -1.8)",
TELEPORT,190544,12/1/2022 1:24:58 PM,2fd0d956-cced-4fdb-8441-ec36b8315400,"(3.4, 0.0, -1.7)",
TELEPORT,191831,12/1/2022 1:24:59 PM,2fd0d956-cced-4fdb-8441-ec36b8315400,"(3.4, 0.0, -1.9)",
TELEPORT,192147,12/1/2022 1:25:00 PM,2fd0d956-cced-4fdb-8441-ec36b8315400,"(3.4, 0.0, -1.9)",
TELEPORT,195406,12/1/2022 1:25:03 PM,2fd0d956-cced-4fdb-8441-ec36b8315400,"(3.4, 0.0, -2.0)",
TELEPORT,196325,12/1/2022 1:25:04 PM,2fd0d956-cced-4fdb-8441-ec36b8315400,"(3.3, 0.0, -2.4)",
TELEPORT,199900,12/1/2022 1:25:07 PM,2fd0d956-cced-4fdb-8441-ec36b8315400,"(4.0, 0.0, -3.7)",
VOICE_CAPTURE,200117,12/1/2022 1:25:08 PM,2fd0d956-cced-4fdb-8441-ec36b8315400,something a little different than you would think it would do so we can't really do turning like this kind of motion except unless i actually physically go do OK,NA,
TELEPORT,200937,12/1/2022 1:25:08 PM,2fd0d956-cced-4fdb-8441-ec36b8315400,"(3.6, 0.0, -3.4)",
VOICE_CAPTURE,202773,12/1/2022 1:25:10 PM,2fd0d956-cced-4fdb-8441-ec36b8315400,OK that's what i thought i saw,NA,
BAG_ACCESS,211063,12/1/2022 1:25:19 PM,2fd0d956-cced-4fdb-8441-ec36b8315400,"(4.0, 0.7, -3.4)",
TOOL_HOVER,215037,12/1/2022 1:25:23 PM,2fd0d956-cced-4fdb-8441-ec36b8315400,Tourniquet,999,
TOOL_HOVER,215054,12/1/2022 1:25:23 PM,2fd0d956-cced-4fdb-8441-ec36b8315400,Tourniquet,999,
TOOL_HOVER,215071,12/1/2022 1:25:23 PM,2fd0d956-cced-4fdb-8441-ec36b8315400,Tourniquet,999,
TOOL_HOVER,215086,12/1/2022 1:25:23 PM,2fd0d956-cced-4fdb-8441-ec36b8315400,Tourniquet,999,
TOOL_HOVER,215103,12/1/2022 1:25:23 PM,2fd0d956-cced-4fdb-8441-ec36b8315400,Tourniquet,999,
TOOL_HOVER,215121,12/1/2022 1:25:23 PM,2fd0d956-cced-4fdb-8441-ec36b8315400,Tourniquet,999,
TOOL_HOVER,215137,12/1/2022 1:25:23 PM,2fd0d956-cced-4fdb-8441-ec36b8315400,Tourniquet,999,
TOOL_HOVER,215154,12/1/2022 1:25:23 PM,2fd0d956-cced-4fdb-8441-ec36b8315400,Tourniquet,999,
TOOL_HOVER,215170,12/1/2022 1:25:23 PM,2fd0d956-cced-4fdb-8441-ec36b8315400,Tourniquet,999,
TOOL_HOVER,215190,12/1/2022 1:25:23 PM,2fd0d956-cced-4fdb-8441-ec36b8315400,Tourniquet,999,
TOOL_HOVER,215204,12/1/2022 1:25:23 PM,2fd0d956-cced-4fdb-8441-ec36b8315400,Tourniquet,999,
TOOL_HOVER,215220,12/1/2022 1:25:23 PM,2fd0d956-cced-4fdb-8441-ec36b8315400,Tourniquet,999,
TAG_SELECTED,216191,12/1/2022 1:25:24 PM,2fd0d956-cced-4fdb-8441-ec36b8315400,green,
VOICE_CAPTURE,216373,12/1/2022 1:25:24 PM,2fd0d956-cced-4fdb-8441-ec36b8315400,alright oh my bag went away so did it's there's a range at which it just disappears because it didn't it went away OK,NA,
TAG_DISCARDED,216707,12/1/2022 1:25:24 PM,2fd0d956-cced-4fdb-8441-ec36b8315400,green,"(4.3, 1.3, -3.2)",
TAG_SELECTED,217145,12/1/2022 1:25:25 PM,2fd0d956-cced-4fdb-8441-ec36b8315400,green,
TAG_DISCARDED,217762,12/1/2022 1:25:25 PM,2fd0d956-cced-4fdb-8441-ec36b8315400,green,"(4.3, 1.3, -3.2)",
VOICE_CAPTURE,220049,12/1/2022 1:25:28 PM,2fd0d956-cced-4fdb-8441-ec36b8315400,yeah,NA,
TOOL_HOVER,220551,12/1/2022 1:25:28 PM,2fd0d956-cced-4fdb-8441-ec36b8315400,Tourniquet,999,
TOOL_HOVER,220566,12/1/2022 1:25:28 PM,2fd0d956-cced-4fdb-8441-ec36b8315400,Tourniquet,999,
TOOL_HOVER,220584,12/1/2022 1:25:28 PM,2fd0d956-cced-4fdb-8441-ec36b8315400,Tourniquet,999,
TOOL_HOVER,220601,12/1/2022 1:25:28 PM,2fd0d956-cced-4fdb-8441-ec36b8315400,Tourniquet,999,
TOOL_HOVER,220617,12/1/2022 1:25:28 PM,2fd0d956-cced-4fdb-8441-ec36b8315400,Tourniquet,999,
TOOL_HOVER,220633,12/1/2022 1:25:28 PM,2fd0d956-cced-4fdb-8441-ec36b8315400,Tourniquet,999,
TOOL_HOVER,220651,12/1/2022 1:25:28 PM,2fd0d956-cced-4fdb-8441-ec36b8315400,Tourniquet,999,
TOOL_HOVER,220667,12/1/2022 1:25:28 PM,2fd0d956-cced-4fdb-8441-ec36b8315400,Tourniquet,999,
TOOL_HOVER,220684,12/1/2022 1:25:28 PM,2fd0d956-cced-4fdb-8441-ec36b8315400,Tourniquet,999,
TOOL_HOVER,220701,12/1/2022 1:25:28 PM,2fd0d956-cced-4fdb-8441-ec36b8315400,Tourniquet,999,
TOOL_SELECTED,220702,12/1/2022 1:25:28 PM,2fd0d956-cced-4fdb-8441-ec36b8315400,Tourniquet,998,
TOOL_APPLIED,225515,12/1/2022 1:25:33 PM,2fd0d956-cced-4fdb-8441-ec36b8315400,Mike Root,Tourniquet,LeftForeArm (UnityEngine.GameObject),tor_ring (1) (UnityEngine.GameObject),tourniquet(Clone) (UnityEngine.GameObject),AppliedTourniquet,
VOICE_CAPTURE,226832,12/1/2022 1:25:34 PM,2fd0d956-cced-4fdb-8441-ec36b8315400,and then drop it,NA,
TOOL_HOVER,230442,12/1/2022 1:25:38 PM,2fd0d956-cced-4fdb-8441-ec36b8315400,Tourniquet,998,
TOOL_HOVER,230458,12/1/2022 1:25:38 PM,2fd0d956-cced-4fdb-8441-ec36b8315400,Tourniquet,998,
TOOL_HOVER,230475,12/1/2022 1:25:38 PM,2fd0d956-cced-4fdb-8441-ec36b8315400,Tourniquet,998,
TOOL_HOVER,230491,12/1/2022 1:25:38 PM,2fd0d956-cced-4fdb-8441-ec36b8315400,Tourniquet,998,
TOOL_HOVER,230508,12/1/2022 1:25:38 PM,2fd0d956-cced-4fdb-8441-ec36b8315400,Tourniquet,998,
TOOL_HOVER,230524,12/1/2022 1:25:38 PM,2fd0d956-cced-4fdb-8441-ec36b8315400,Tourniquet,998,
TOOL_HOVER,230543,12/1/2022 1:25:38 PM,2fd0d956-cced-4fdb-8441-ec36b8315400,Tourniquet,998,
TOOL_HOVER,230557,12/1/2022 1:25:38 PM,2fd0d956-cced-4fdb-8441-ec36b8315400,Tourniquet,998,
TOOL_HOVER,230574,12/1/2022 1:25:38 PM,2fd0d956-cced-4fdb-8441-ec36b8315400,Tourniquet,998,
TOOL_HOVER,230591,12/1/2022 1:25:38 PM,2fd0d956-cced-4fdb-8441-ec36b8315400,Tourniquet,998,
TOOL_HOVER,230609,12/1/2022 1:25:38 PM,2fd0d956-cced-4fdb-8441-ec36b8315400,Tourniquet,998,
TOOL_SELECTED,230610,12/1/2022 1:25:38 PM,2fd0d956-cced-4fdb-8441-ec36b8315400,Tourniquet,997,
TOOL_DISCARDED,232913,12/1/2022 1:25:40 PM,2fd0d956-cced-4fdb-8441-ec36b8315400,Tourniquet,997,"(4.3, 0.8, -2.6)",
VOICE_CAPTURE,233382,12/1/2022 1:25:41 PM,2fd0d956-cced-4fdb-8441-ec36b8315400,does it you see it's not applying where i put it though,NA,
VOICE_CAPTURE,234249,12/1/2022 1:25:42 PM,2fd0d956-cced-4fdb-8441-ec36b8315400,he's not really,NA,
BAG_CLOSED,235670,12/1/2022 1:25:43 PM,2fd0d956-cced-4fdb-8441-ec36b8315400,"(4.0, 0.7, -3.4)",
TELEPORT,235670,12/1/2022 1:25:43 PM,2fd0d956-cced-4fdb-8441-ec36b8315400,"(3.5, 0.0, -3.3)",
TELEPORT,237107,12/1/2022 1:25:45 PM,2fd0d956-cced-4fdb-8441-ec36b8315400,"(3.9, 0.0, -2.7)",
VOICE_CAPTURE,237258,12/1/2022 1:25:45 PM,2fd0d956-cced-4fdb-8441-ec36b8315400,no,NA,
TELEPORT,238011,12/1/2022 1:25:46 PM,2fd0d956-cced-4fdb-8441-ec36b8315400,"(3.9, 0.0, -2.7)",
TELEPORT,240115,12/1/2022 1:25:48 PM,2fd0d956-cced-4fdb-8441-ec36b8315400,"(3.9, 0.0, -2.2)",
VOICE_CAPTURE,242202,12/1/2022 1:25:50 PM,2fd0d956-cced-4fdb-8441-ec36b8315400,and then when you get close to the area you wanna drop it,NA,
BAG_ACCESS,243156,12/1/2022 1:25:51 PM,2fd0d956-cced-4fdb-8441-ec36b8315400,"(4.0, 0.8, -2.1)",
TOOL_HOVER,243841,12/1/2022 1:25:51 PM,2fd0d956-cced-4fdb-8441-ec36b8315400,Tourniquet,998,
TOOL_HOVER,243857,12/1/2022 1:25:51 PM,2fd0d956-cced-4fdb-8441-ec36b8315400,Tourniquet,998,
TOOL_HOVER,243875,12/1/2022 1:25:51 PM,2fd0d956-cced-4fdb-8441-ec36b8315400,Tourniquet,998,
TOOL_HOVER,243890,12/1/2022 1:25:51 PM,2fd0d956-cced-4fdb-8441-ec36b8315400,Tourniquet,998,
TOOL_HOVER,243907,12/1/2022 1:25:51 PM,2fd0d956-cced-4fdb-8441-ec36b8315400,Tourniquet,998,
TOOL_HOVER,243925,12/1/2022 1:25:51 PM,2fd0d956-cced-4fdb-8441-ec36b8315400,Tourniquet,998,
TOOL_HOVER,243940,12/1/2022 1:25:51 PM,2fd0d956-cced-4fdb-8441-ec36b8315400,Tourniquet,998,
TOOL_HOVER,243957,12/1/2022 1:25:51 PM,2fd0d956-cced-4fdb-8441-ec36b8315400,Tourniquet,998,
TOOL_HOVER,243974,12/1/2022 1:25:51 PM,2fd0d956-cced-4fdb-8441-ec36b8315400,Tourniquet,998,
TOOL_HOVER,243991,12/1/2022 1:25:51 PM,2fd0d956-cced-4fdb-8441-ec36b8315400,Tourniquet,998,
TOOL_HOVER,244008,12/1/2022 1:25:52 PM,2fd0d956-cced-4fdb-8441-ec36b8315400,Tourniquet,998,
TOOL_HOVER,244024,12/1/2022 1:25:52 PM,2fd0d956-cced-4fdb-8441-ec36b8315400,Tourniquet,998,
TOOL_HOVER,244040,12/1/2022 1:25:52 PM,2fd0d956-cced-4fdb-8441-ec36b8315400,Tourniquet,998,
TOOL_HOVER,244059,12/1/2022 1:25:52 PM,2fd0d956-cced-4fdb-8441-ec36b8315400,Tourniquet,998,
TOOL_HOVER,244074,12/1/2022 1:25:52 PM,2fd0d956-cced-4fdb-8441-ec36b8315400,Tourniquet,998,
TOOL_HOVER,244091,12/1/2022 1:25:52 PM,2fd0d956-cced-4fdb-8441-ec36b8315400,Tourniquet,998,
TOOL_HOVER,244107,12/1/2022 1:25:52 PM,2fd0d956-cced-4fdb-8441-ec36b8315400,Tourniquet,998,
TOOL_HOVER,244124,12/1/2022 1:25:52 PM,2fd0d956-cced-4fdb-8441-ec36b8315400,Tourniquet,998,
TOOL_SELECTED,244125,12/1/2022 1:25:52 PM,2fd0d956-cced-4fdb-8441-ec36b8315400,Tourniquet,997,
VOICE_CAPTURE,244208,12/1/2022 1:25:52 PM,2fd0d956-cced-4fdb-8441-ec36b8315400,all injuries will be visible,NA,
VOICE_COMMAND,244208,12/1/2022 1:25:52 PM,2fd0d956-cced-4fdb-8441-ec36b8315400,are you hurt,all injuries will be visible,
TOOL_APPLIED,248168,12/1/2022 1:25:56 PM,2fd0d956-cced-4fdb-8441-ec36b8315400,Mike Root,Tourniquet,LeftUpLeg (UnityEngine.GameObject),tor_ring (1) (UnityEngine.GameObject),tourniquet(Clone) (UnityEngine.GameObject),AppliedTourniquet,
PULSE_TAKEN,251107,12/1/2022 1:25:59 PM,2fd0d956-cced-4fdb-8441-ec36b8315400,pulse_normal,Mike Root,
VOICE_CAPTURE,253513,12/1/2022 1:26:01 PM,2fd0d956-cced-4fdb-8441-ec36b8315400,you know we saw how we had that blood on the back of his leg there's no injury behind that it's just OK so that,NA,
VOICE_CAPTURE,260146,12/1/2022 1:26:08 PM,2fd0d956-cced-4fdb-8441-ec36b8315400,so like let's say you pack a squirting wound it's gonna bleed through and it's saying hey you want something,NA,
BAG_CLOSED,260982,12/1/2022 1:26:08 PM,2fd0d956-cced-4fdb-8441-ec36b8315400,"(4.0, 0.8, -2.1)",
TELEPORT,260982,12/1/2022 1:26:08 PM,2fd0d956-cced-4fdb-8441-ec36b8315400,"(3.9, 0.0, -2.1)",
TELEPORT,264823,12/1/2022 1:26:12 PM,2fd0d956-cced-4fdb-8441-ec36b8315400,"(3.9, 0.0, -3.1)",
VOICE_CAPTURE,266128,12/1/2022 1:26:14 PM,2fd0d956-cced-4fdb-8441-ec36b8315400,so and then all those are all your your tags so you're gonna do a pulse,NA,
TELEPORT,269619,12/1/2022 1:26:17 PM,2fd0d956-cced-4fdb-8441-ec36b8315400,"(3.7, 0.0, -2.3)",
TELEPORT,269954,12/1/2022 1:26:17 PM,2fd0d956-cced-4fdb-8441-ec36b8315400,"(3.8, 0.0, -2.3)",
TELEPORT,270722,12/1/2022 1:26:18 PM,2fd0d956-cced-4fdb-8441-ec36b8315400,"(3.8, 0.0, -2.2)",
BAG_ACCESS,272277,12/1/2022 1:26:20 PM,2fd0d956-cced-4fdb-8441-ec36b8315400,"(3.8, 0.8, -2.2)",
VOICE_CAPTURE,275616,12/1/2022 1:26:23 PM,2fd0d956-cced-4fdb-8441-ec36b8315400,you're gonna treat and you're gonna put a tag on every patient and whatever you feel is necessary this next section we're gonna go ahead and do that,NA,
TAG_SELECTED,278608,12/1/2022 1:26:26 PM,2fd0d956-cced-4fdb-8441-ec36b8315400,yellow,
TAG_DISCARDED,279427,12/1/2022 1:26:27 PM,2fd0d956-cced-4fdb-8441-ec36b8315400,yellow,"(4.2, 1.4, -2.5)",
TAG_SELECTED,281282,12/1/2022 1:26:29 PM,2fd0d956-cced-4fdb-8441-ec36b8315400,yellow,
VOICE_CAPTURE,281698,12/1/2022 1:26:29 PM,2fd0d956-cced-4fdb-8441-ec36b8315400,a little bit,NA,
TAG_APPLIED,283453,12/1/2022 1:26:31 PM,2fd0d956-cced-4fdb-8441-ec36b8315400,Mike Root,yellow,
PULSE_TAKEN,283569,12/1/2022 1:26:31 PM,2fd0d956-cced-4fdb-8441-ec36b8315400,pulse_normal,Mike Root,
VOICE_CAPTURE,285124,12/1/2022 1:26:33 PM,2fd0d956-cced-4fdb-8441-ec36b8315400,so all the tags go on their wrist,NA,
TAG_SELECTED,286728,12/1/2022 1:26:34 PM,2fd0d956-cced-4fdb-8441-ec36b8315400,yellow,
TAG_DISCARDED,287646,12/1/2022 1:26:35 PM,2fd0d956-cced-4fdb-8441-ec36b8315400,yellow,"(4.0, 1.2, -2.5)",
TAG_SELECTED,288300,12/1/2022 1:26:36 PM,2fd0d956-cced-4fdb-8441-ec36b8315400,gray,
TAG_DISCARDED,288882,12/1/2022 1:26:36 PM,2fd0d956-cced-4fdb-8441-ec36b8315400,gray,"(3.8, 1.2, -2.6)",
BAG_CLOSED,290355,12/1/2022 1:26:38 PM,2fd0d956-cced-4fdb-8441-ec36b8315400,"(3.8, 0.8, -2.2)",
VOICE_CAPTURE,290583,12/1/2022 1:26:38 PM,2fd0d956-cced-4fdb-8441-ec36b8315400,OK put him in i think he's ready,NA,
PATIENT_DEMOTED,290585,12/1/2022 1:26:38 PM,2fd0d956-cced-4fdb-8441-ec36b8315400,100,Infinity,Mike_0 Root,"(2.6, 0.0, -0.6)","(0.0, 0.7, 0.0, -0.7)",DELAYED,walker,normal,normal,normal,upset,sittingGround,
PATIENT_DEMOTED,291232,12/1/2022 1:26:39 PM,2fd0d956-cced-4fdb-8441-ec36b8315400,100,Infinity,Mike_1 Root,"(2.6, 0.0, 0.1)","(0.0, 0.7, 0.0, -0.7)",IMMEDIATE,waver,normal,normal,normal,upset,recovery,
PATIENT_DEMOTED,291887,12/1/2022 1:26:39 PM,2fd0d956-cced-4fdb-8441-ec36b8315400,100,Infinity,Mike_2 Root,"(2.6, 0.0, 2.4)","(0.0, 0.7, 0.0, -0.7)",IMMEDIATE,walker,fast,normal,normal,upset,sittingGround,
PATIENT_DEMOTED,292540,12/1/2022 1:26:40 PM,2fd0d956-cced-4fdb-8441-ec36b8315400,100,128,Mike_3 Root,"(3.0, 0.0, 4.3)","(0.0, 0.7, 0.0, -0.7)",IMMEDIATE,still,faint,collapsedRight,normal,unresponsive,supine,
VOICE_CAPTURE,293510,12/1/2022 1:26:41 PM,2fd0d956-cced-4fdb-8441-ec36b8315400,with your thumb,NA,
TELEPORT,294044,12/1/2022 1:26:42 PM,2fd0d956-cced-4fdb-8441-ec36b8315400,"(0.8, 0.0, -3.4)",
SESSION_START,294447,12/1/2022 1:26:42 PM,2fd0d956-cced-4fdb-8441-ec36b8315400,
PATIENT_RECORD,294448,12/1/2022 1:26:42 PM,2fd0d956-cced-4fdb-8441-ec36b8315400,100,Infinity,Mike_0 Root,"(2.6, 0.0, -1.4)","(0.0, 0.7, 0.0, -0.7)",DELAYED,walker,normal,normal,normal,upset,sittingGround,
INJURY_RECORD,294448,12/1/2022 1:26:42 PM,2fd0d956-cced-4fdb-8441-ec36b8315400,R Forearm Laceration,Mike_0 Root,gauzePressure,low,rightArm,False,False,"(2.7, 1.3, -0.9)",
PATIENT_RECORD,294448,12/1/2022 1:26:42 PM,2fd0d956-cced-4fdb-8441-ec36b8315400,100,Infinity,Mike_1 Root,"(2.9, 0.0, 0.1)","(0.0, 0.7, 0.0, -0.7)",IMMEDIATE,waver,normal,normal,normal,upset,recovery,
INJURY_RECORD,294448,12/1/2022 1:26:42 PM,2fd0d956-cced-4fdb-8441-ec36b8315400,L Thigh Laceration,Mike_1 Root,tourniquet,medium,leftLeg,False,False,"(2.8, 0.7, -0.1)",
PATIENT_RECORD,294448,12/1/2022 1:26:42 PM,2fd0d956-cced-4fdb-8441-ec36b8315400,100,Infinity,Mike_2 Root,"(3.1, 0.0, 2.2)","(0.0, 0.7, 0.0, -0.7)",IMMEDIATE,walker,fast,normal,normal,upset,sittingGround,
INJURY_RECORD,294448,12/1/2022 1:26:42 PM,2fd0d956-cced-4fdb-8441-ec36b8315400,L Shoulder Puncture,Mike_2 Root,woundpack,medium,chest,False,False,"(3.1, 1.5, 2.1)",
PATIENT_RECORD,294448,12/1/2022 1:26:42 PM,2fd0d956-cced-4fdb-8441-ec36b8315400,100,128,Mike_3 Root,"(3.2, 0.0, 4.3)","(0.0, 0.7, 0.0, -0.7)",IMMEDIATE,still,faint,collapsedRight,normal,unresponsive,supine,
INJURY_RECORD,294448,12/1/2022 1:26:42 PM,2fd0d956-cced-4fdb-8441-ec36b8315400,R Chest Collapse,Mike_3 Root,decompress,high,chest,False,False,"(0.0, 0.0, 0.0)",
VOICE_CAPTURE,296251,12/1/2022 1:26:44 PM,2fd0d956-cced-4fdb-8441-ec36b8315400,not yet,NA,
TELEPORT,298432,12/1/2022 1:26:46 PM,2fd0d956-cced-4fdb-8441-ec36b8315400,"(0.7, 0.0, -3.4)",
PATIENT_ENGAGED,300411,12/1/2022 1:26:48 PM,2fd0d956-cced-4fdb-8441-ec36b8315400,100,Infinity,Mike_0 Root,"(2.6, 0.0, -1.4)","(0.0, 0.7, 0.0, -0.7)",DELAYED,walker,normal,normal,normal,upset,sittingGround,
VOICE_CAPTURE,301580,12/1/2022 1:26:49 PM,2fd0d956-cced-4fdb-8441-ec36b8315400,so go ahead and turn around OK,NA,
BAG_ACCESS,302817,12/1/2022 1:26:50 PM,2fd0d956-cced-4fdb-8441-ec36b8315400,"(2.4, 0.8, -2.1)",
VOICE_CAPTURE,303100,12/1/2022 1:26:51 PM,2fd0d956-cced-4fdb-8441-ec36b8315400,alright,NA,
BAG_CLOSED,311353,12/1/2022 1:26:59 PM,2fd0d956-cced-4fdb-8441-ec36b8315400,"(2.4, 0.8, -2.1)",
TELEPORT,311353,12/1/2022 1:26:59 PM,2fd0d956-cced-4fdb-8441-ec36b8315400,"(1.6, 0.0, -2.4)",
VOICE_CAPTURE,311454,12/1/2022 1:26:59 PM,2fd0d956-cced-4fdb-8441-ec36b8315400,alright anybody can get up and walk i want you to walk over to the staircase to my right,NA,
VOICE_COMMAND,311454,12/1/2022 1:26:59 PM,2fd0d956-cced-4fdb-8441-ec36b8315400,walk to the safe area,alright anybody can get up and walk i want you to walk over to the staircase to my right,
VOICE_COMMAND,311454,12/1/2022 1:26:59 PM,2fd0d956-cced-4fdb-8441-ec36b8315400,stand up,alright anybody can get up and walk i want you to walk over to the staircase to my right,
VOICE_CAPTURE,313994,12/1/2022 1:27:01 PM,2fd0d956-cced-4fdb-8441-ec36b8315400,alright,NA,
TELEPORT,314328,12/1/2022 1:27:02 PM,2fd0d956-cced-4fdb-8441-ec36b8315400,"(1.5, 0.0, -2.3)",
TELEPORT,315114,12/1/2022 1:27:03 PM,2fd0d956-cced-4fdb-8441-ec36b8315400,"(1.4, 0.0, -2.2)",
TELEPORT,315614,12/1/2022 1:27:03 PM,2fd0d956-cced-4fdb-8441-ec36b8315400,"(1.4, 0.0, -2.0)",
TELEPORT,316367,12/1/2022 1:27:04 PM,2fd0d956-cced-4fdb-8441-ec36b8315400,"(1.5, 0.0, -1.8)",
TELEPORT,316833,12/1/2022 1:27:04 PM,2fd0d956-cced-4fdb-8441-ec36b8315400,"(1.7, 0.0, -1.9)",
VOICE_CAPTURE,318655,12/1/2022 1:27:06 PM,2fd0d956-cced-4fdb-8441-ec36b8315400,walk,NA,
VOICE_COMMAND,318655,12/1/2022 1:27:06 PM,2fd0d956-cced-4fdb-8441-ec36b8315400,walk to the safe area,walk,
S_A_L_T_WALK_IF_CAN,318655,12/1/2022 1:27:06 PM,2fd0d956-cced-4fdb-8441-ec36b8315400,"(2.8, 0.0, -1.1)",walkIfCan,Mike_0 Root,
S_A_L_T_WALKED,318655,12/1/2022 1:27:06 PM,2fd0d956-cced-4fdb-8441-ec36b8315400,"(2.8, 0.0, -1.1)",walked,Mike_0 Root,
S_A_L_T_WALK_IF_CAN,318655,12/1/2022 1:27:06 PM,2fd0d956-cced-4fdb-8441-ec36b8315400,"(2.9, 0.0, 0.1)",walkIfCan,Mike_1 Root,
S_A_L_T_WALK_IF_CAN,318655,12/1/2022 1:27:06 PM,2fd0d956-cced-4fdb-8441-ec36b8315400,"(3.1, 0.0, 2.2)",walkIfCan,Mike_2 Root,
S_A_L_T_WALKED,318655,12/1/2022 1:27:06 PM,2fd0d956-cced-4fdb-8441-ec36b8315400,"(3.1, 0.0, 2.2)",walked,Mike_2 Root,
VOICE_CAPTURE,319155,12/1/2022 1:27:07 PM,2fd0d956-cced-4fdb-8441-ec36b8315400,OK,NA,
BAG_ACCESS,321545,12/1/2022 1:27:09 PM,2fd0d956-cced-4fdb-8441-ec36b8315400,"(1.7, 0.8, -1.5)",
BAG_CLOSED,323283,12/1/2022 1:27:11 PM,2fd0d956-cced-4fdb-8441-ec36b8315400,"(1.7, 0.8, -1.5)",
TELEPORT,323283,12/1/2022 1:27:11 PM,2fd0d956-cced-4fdb-8441-ec36b8315400,"(1.3, 0.0, -1.7)",
TELEPORT,324737,12/1/2022 1:27:12 PM,2fd0d956-cced-4fdb-8441-ec36b8315400,"(1.0, 0.0, -1.5)",
VOICE_CAPTURE,328404,12/1/2022 1:27:16 PM,2fd0d956-cced-4fdb-8441-ec36b8315400,alright well simplifies things a little bit,NA,
PATIENT_ENGAGED,328465,12/1/2022 1:27:16 PM,2fd0d956-cced-4fdb-8441-ec36b8315400,100,Infinity,Mike_1 Root,"(2.9, 0.0, 0.1)","(0.0, 0.7, 0.0, -0.7)",IMMEDIATE,waver,normal,normal,normal,upset,recovery,
BAG_ACCESS,330173,12/1/2022 1:27:18 PM,2fd0d956-cced-4fdb-8441-ec36b8315400,"(2.7, 0.6, 0.2)",
VOICE_CAPTURE,330959,12/1/2022 1:27:18 PM,2fd0d956-cced-4fdb-8441-ec36b8315400,alright,NA,
PULSE_TAKEN,332726,12/1/2022 1:27:20 PM,2fd0d956-cced-4fdb-8441-ec36b8315400,pulse_normal,Mike_1 Root,
VOICE_CAPTURE,334172,12/1/2022 1:27:22 PM,2fd0d956-cced-4fdb-8441-ec36b8315400,he's breathing alright,NA,
TOOL_HOVER,334256,12/1/2022 1:27:22 PM,2fd0d956-cced-4fdb-8441-ec36b8315400,Hemostatic Gauze,1000,
TOOL_HOVER,334276,12/1/2022 1:27:22 PM,2fd0d956-cced-4fdb-8441-ec36b8315400,Hemostatic Gauze,1000,
TOOL_HOVER,334298,12/1/2022 1:27:22 PM,2fd0d956-cced-4fdb-8441-ec36b8315400,Hemostatic Gauze,1000,
TOOL_HOVER,334318,12/1/2022 1:27:22 PM,2fd0d956-cced-4fdb-8441-ec36b8315400,Hemostatic Gauze,1000,
TOOL_HOVER,334339,12/1/2022 1:27:22 PM,2fd0d956-cced-4fdb-8441-ec36b8315400,Hemostatic Gauze,1000,
TOOL_HOVER,334359,12/1/2022 1:27:22 PM,2fd0d956-cced-4fdb-8441-ec36b8315400,Hemostatic Gauze,1000,
TOOL_HOVER,334381,12/1/2022 1:27:22 PM,2fd0d956-cced-4fdb-8441-ec36b8315400,Hemostatic Gauze,1000,
TOOL_HOVER,334402,12/1/2022 1:27:22 PM,2fd0d956-cced-4fdb-8441-ec36b8315400,Hemostatic Gauze,1000,
TOOL_HOVER,334423,12/1/2022 1:27:22 PM,2fd0d956-cced-4fdb-8441-ec36b8315400,Hemostatic Gauze,1000,
TOOL_HOVER,334752,12/1/2022 1:27:22 PM,2fd0d956-cced-4fdb-8441-ec36b8315400,Tourniquet,997,
TOOL_HOVER,334773,12/1/2022 1:27:22 PM,2fd0d956-cced-4fdb-8441-ec36b8315400,Tourniquet,997,
TOOL_HOVER,334794,12/1/2022 1:27:22 PM,2fd0d956-cced-4fdb-8441-ec36b8315400,Tourniquet,997,
TOOL_HOVER,334815,12/1/2022 1:27:22 PM,2fd0d956-cced-4fdb-8441-ec36b8315400,Tourniquet,997,
TOOL_HOVER,334835,12/1/2022 1:27:22 PM,2fd0d956-cced-4fdb-8441-ec36b8315400,Tourniquet,997,
TOOL_HOVER,334855,12/1/2022 1:27:22 PM,2fd0d956-cced-4fdb-8441-ec36b8315400,Tourniquet,997,
TOOL_HOVER,334876,12/1/2022 1:27:22 PM,2fd0d956-cced-4fdb-8441-ec36b8315400,Tourniquet,997,
TOOL_HOVER,334898,12/1/2022 1:27:22 PM,2fd0d956-cced-4fdb-8441-ec36b8315400,Tourniquet,997,
TOOL_HOVER,334917,12/1/2022 1:27:22 PM,2fd0d956-cced-4fdb-8441-ec36b8315400,Tourniquet,997,
TOOL_SELECTED,334918,12/1/2022 1:27:22 PM,2fd0d956-cced-4fdb-8441-ec36b8315400,Tourniquet,996,
TOOL_DISCARDED,336533,12/1/2022 1:27:24 PM,2fd0d956-cced-4fdb-8441-ec36b8315400,Tourniquet,996,"(3.0, 0.3, 0.3)",
TOOL_HOVER,337652,12/1/2022 1:27:25 PM,2fd0d956-cced-4fdb-8441-ec36b8315400,Tourniquet,997,
VOICE_CAPTURE,337674,12/1/2022 1:27:25 PM,2fd0d956-cced-4fdb-8441-ec36b8315400,he's got massive bleeding hang on a second here,NA,
TOOL_HOVER,337675,12/1/2022 1:27:25 PM,2fd0d956-cced-4fdb-8441-ec36b8315400,Tourniquet,997,
TOOL_HOVER,337695,12/1/2022 1:27:25 PM,2fd0d956-cced-4fdb-8441-ec36b8315400,Tourniquet,997,
TOOL_HOVER,337715,12/1/2022 1:27:25 PM,2fd0d956-cced-4fdb-8441-ec36b8315400,Tourniquet,997,
TOOL_HOVER,337737,12/1/2022 1:27:25 PM,2fd0d956-cced-4fdb-8441-ec36b8315400,Tourniquet,997,
TOOL_SELECTED,337737,12/1/2022 1:27:25 PM,2fd0d956-cced-4fdb-8441-ec36b8315400,Tourniquet,996,
VOICE_CAPTURE,340552,12/1/2022 1:27:28 PM,2fd0d956-cced-4fdb-8441-ec36b8315400,no that's not good,NA,
INJURY_TREATED,341752,12/1/2022 1:27:29 PM,2fd0d956-cced-4fdb-8441-ec36b8315400,L Thigh Laceration,Mike_1 Root,tourniquet,medium,leftLeg,True,False,"(2.8, 0.3, 0.4)",
TOOL_APPLIED,341752,12/1/2022 1:27:29 PM,2fd0d956-cced-4fdb-8441-ec36b8315400,Mike_1 Root,Tourniquet,LeftUpLeg (UnityEngine.GameObject),tor_ring (1) (UnityEngine.GameObject),tourniquet(Clone) (UnityEngine.GameObject),AppliedTourniquet,
VOICE_CAPTURE,344400,12/1/2022 1:27:32 PM,2fd0d956-cced-4fdb-8441-ec36b8315400,OK there it is,NA,
VOICE_CAPTURE,345770,12/1/2022 1:27:33 PM,2fd0d956-cced-4fdb-8441-ec36b8315400,OK,NA,
BAG_CLOSED,350048,12/1/2022 1:27:38 PM,2fd0d956-cced-4fdb-8441-ec36b8315400,"(2.7, 0.6, 0.2)",
TELEPORT,350048,12/1/2022 1:27:38 PM,2fd0d956-cced-4fdb-8441-ec36b8315400,"(1.6, 0.0, -0.2)",
TELEPORT,350665,12/1/2022 1:27:38 PM,2fd0d956-cced-4fdb-8441-ec36b8315400,"(1.3, 0.0, 0.1)",
VOICE_CAPTURE,352286,12/1/2022 1:27:40 PM,2fd0d956-cced-4fdb-8441-ec36b8315400,OK yeah,NA,
VOICE_CAPTURE,353823,12/1/2022 1:27:41 PM,2fd0d956-cced-4fdb-8441-ec36b8315400,OK,NA,
TELEPORT,358769,12/1/2022 1:27:46 PM,2fd0d956-cced-4fdb-8441-ec36b8315400,"(3.2, 0.0, -1.7)",
TELEPORT,359070,12/1/2022 1:27:47 PM,2fd0d956-cced-4fdb-8441-ec36b8315400,"(3.2, 0.0, -1.6)",
VOICE_CAPTURE,359271,12/1/2022 1:27:47 PM,2fd0d956-cced-4fdb-8441-ec36b8315400,that's gonna make it difficult so we have to like get down to get an angle,NA,
TELEPORT,361541,12/1/2022 1:27:49 PM,2fd0d956-cced-4fdb-8441-ec36b8315400,"(3.5, 0.0, -1.4)",
TELEPORT,362444,12/1/2022 1:27:50 PM,2fd0d956-cced-4fdb-8441-ec36b8315400,"(3.5, 0.0, -1.2)",
VOICE_CAPTURE,363463,12/1/2022 1:27:51 PM,2fd0d956-cced-4fdb-8441-ec36b8315400,yeah,NA,
TELEPORT,367541,12/1/2022 1:27:55 PM,2fd0d956-cced-4fdb-8441-ec36b8315400,"(3.1, 0.0, 1.5)",
TELEPORT,370263,12/1/2022 1:27:58 PM,2fd0d956-cced-4fdb-8441-ec36b8315400,"(3.2, 0.0, 0.9)",
TELEPORT,370614,12/1/2022 1:27:58 PM,2fd0d956-cced-4fdb-8441-ec36b8315400,"(3.2, 0.0, 0.8)",
TELEPORT,371032,12/1/2022 1:27:59 PM,2fd0d956-cced-4fdb-8441-ec36b8315400,"(3.0, 0.0, 0.9)",
TELEPORT,371767,12/1/2022 1:27:59 PM,2fd0d956-cced-4fdb-8441-ec36b8315400,"(2.9, 0.0, 0.8)",
TELEPORT,372519,12/1/2022 1:28:00 PM,2fd0d956-cced-4fdb-8441-ec36b8315400,"(2.8, 0.0, 0.8)",
VOICE_CAPTURE,374673,12/1/2022 1:28:02 PM,2fd0d956-cced-4fdb-8441-ec36b8315400,OK,NA,
TELEPORT,375091,12/1/2022 1:28:03 PM,2fd0d956-cced-4fdb-8441-ec36b8315400,"(2.2, 0.0, 1.4)",
TELEPORT,376662,12/1/2022 1:28:04 PM,2fd0d956-cced-4fdb-8441-ec36b8315400,"(1.6, 0.0, 0.8)",
VOICE_CAPTURE,377898,12/1/2022 1:28:05 PM,2fd0d956-cced-4fdb-8441-ec36b8315400,we get to good position,NA,
VOICE_COMMAND,377898,12/1/2022 1:28:05 PM,2fd0d956-cced-4fdb-8441-ec36b8315400,sit up/down,we get to good position,
PULSE_TAKEN,379052,12/1/2022 1:28:07 PM,2fd0d956-cced-4fdb-8441-ec36b8315400,pulse_normal,Mike_1 Root,
VOICE_CAPTURE,387287,12/1/2022 1:28:15 PM,2fd0d956-cced-4fdb-8441-ec36b8315400,you can get them to lay down or sit up,NA,
VOICE_COMMAND,387288,12/1/2022 1:28:15 PM,2fd0d956-cced-4fdb-8441-ec36b8315400,sit up/down,you can get them to lay down or sit up,
VOICE_COMMAND,387288,12/1/2022 1:28:15 PM,2fd0d956-cced-4fdb-8441-ec36b8315400,lay down,you can get them to lay down or sit up,
BAG_ACCESS,387839,12/1/2022 1:28:15 PM,2fd0d956-cced-4fdb-8441-ec36b8315400,"(2.8, 0.5, 0.9)",
TAG_SELECTED,388491,12/1/2022 1:28:16 PM,2fd0d956-cced-4fdb-8441-ec36b8315400,red,
TAG_APPLIED,390831,12/1/2022 1:28:18 PM,2fd0d956-cced-4fdb-8441-ec36b8315400,Mike_1 Root,red,
VOICE_CAPTURE,395726,12/1/2022 1:28:23 PM,2fd0d956-cced-4fdb-8441-ec36b8315400,you can ask questions like,NA,
BAG_CLOSED,395742,12/1/2022 1:28:23 PM,2fd0d956-cced-4fdb-8441-ec36b8315400,"(2.8, 0.5, 0.9)",
TELEPORT,395742,12/1/2022 1:28:23 PM,2fd0d956-cced-4fdb-8441-ec36b8315400,"(1.9, 0.0, 0.8)",
TELEPORT,396828,12/1/2022 1:28:24 PM,2fd0d956-cced-4fdb-8441-ec36b8315400,"(1.9, 0.0, 0.5)",
TELEPORT,398615,12/1/2022 1:28:26 PM,2fd0d956-cced-4fdb-8441-ec36b8315400,"(1.8, 0.0, 1.0)",
VOICE_CAPTURE,398716,12/1/2022 1:28:26 PM,2fd0d956-cced-4fdb-8441-ec36b8315400,i can see sprout broken wrist too but yeah,NA,
TELEPORT,400738,12/1/2022 1:28:28 PM,2fd0d956-cced-4fdb-8441-ec36b8315400,"(1.6, 0.0, 1.5)",
TELEPORT,402143,12/1/2022 1:28:30 PM,2fd0d956-cced-4fdb-8441-ec36b8315400,"(1.4, 0.0, 1.4)",
VOICE_CAPTURE,402707,12/1/2022 1:28:30 PM,2fd0d956-cced-4fdb-8441-ec36b8315400,but i can only see that when he finally took his hand away though,NA,
TELEPORT,405800,12/1/2022 1:28:33 PM,2fd0d956-cced-4fdb-8441-ec36b8315400,"(1.4, 0.0, 1.0)",
VOICE_CAPTURE,407186,12/1/2022 1:28:35 PM,2fd0d956-cced-4fdb-8441-ec36b8315400,so now basically,NA,
TELEPORT,409709,12/1/2022 1:28:37 PM,2fd0d956-cced-4fdb-8441-ec36b8315400,"(2.0, 0.0, 3.1)",
TELEPORT,411463,12/1/2022 1:28:39 PM,2fd0d956-cced-4fdb-8441-ec36b8315400,"(3.0, 0.0, 3.3)",
PATIENT_ENGAGED,412733,12/1/2022 1:28:40 PM,2fd0d956-cced-4fdb-8441-ec36b8315400,100,128,Mike_3 Root,"(3.2, 0.0, 4.3)","(0.0, 0.7, 0.0, -0.7)",IMMEDIATE,still,faint,collapsedRight,normal,unresponsive,supine,
TELEPORT,413218,12/1/2022 1:28:41 PM,2fd0d956-cced-4fdb-8441-ec36b8315400,"(3.0, 0.0, 3.9)",
PULSE_TAKEN,414870,12/1/2022 1:28:42 PM,2fd0d956-cced-4fdb-8441-ec36b8315400,pulse_faint,Mike_3 Root,
PULSE_TAKEN,414905,12/1/2022 1:28:42 PM,2fd0d956-cced-4fdb-8441-ec36b8315400,pulse_faint,Mike_3 Root,
PULSE_TAKEN,418932,12/1/2022 1:28:46 PM,2fd0d956-cced-4fdb-8441-ec36b8315400,pulse_faint,Mike_3 Root,
VOICE_CAPTURE,421971,12/1/2022 1:28:49 PM,2fd0d956-cced-4fdb-8441-ec36b8315400,how do you position heads OK reposition his head so he's breathing OK,NA,
VOICE_COMMAND,421971,12/1/2022 1:28:49 PM,2fd0d956-cced-4fdb-8441-ec36b8315400,sit up/down,how do you position heads OK reposition his head so he's breathing OK,
PULSE_TAKEN,423425,12/1/2022 1:28:51 PM,2fd0d956-cced-4fdb-8441-ec36b8315400,pulse_faint,Mike_3 Root,
PULSE_TAKEN,428931,12/1/2022 1:28:56 PM,2fd0d956-cced-4fdb-8441-ec36b8315400,pulse_faint,Mike_3 Root,
VOICE_CAPTURE,431018,12/1/2022 1:28:59 PM,2fd0d956-cced-4fdb-8441-ec36b8315400,we can thread events there,NA,
VOICE_CAPTURE,436782,12/1/2022 1:29:04 PM,2fd0d956-cced-4fdb-8441-ec36b8315400,OK,NA,
PULSE_TAKEN,437701,12/1/2022 1:29:05 PM,2fd0d956-cced-4fdb-8441-ec36b8315400,pulse_faint,Mike_3 Root,
VOICE_CAPTURE,441426,12/1/2022 1:29:09 PM,2fd0d956-cced-4fdb-8441-ec36b8315400,so we got burns across his chest here can you open your eyes for me,NA,
PULSE_TAKEN,443382,12/1/2022 1:29:11 PM,2fd0d956-cced-4fdb-8441-ec36b8315400,pulse_faint,Mike_3 Root,
VOICE_CAPTURE,446731,12/1/2022 1:29:14 PM,2fd0d956-cced-4fdb-8441-ec36b8315400,nice dot conscious not responding any kind of effect from rubbing his chest or anything like that,NA,
VOICE_CAPTURE,448385,12/1/2022 1:29:16 PM,2fd0d956-cced-4fdb-8441-ec36b8315400,nothing OK,NA,
BAG_ACCESS,452277,12/1/2022 1:29:20 PM,2fd0d956-cced-4fdb-8441-ec36b8315400,"(3.9, 0.6, 4.7)",
PULSE_TAKEN,454066,12/1/2022 1:29:22 PM,2fd0d956-cced-4fdb-8441-ec36b8315400,pulse_faint,Mike_3 Root,
TAG_SELECTED,454316,12/1/2022 1:29:22 PM,2fd0d956-cced-4fdb-8441-ec36b8315400,yellow,
TAG_DISCARDED,455203,12/1/2022 1:29:23 PM,2fd0d956-cced-4fdb-8441-ec36b8315400,yellow,"(4.0, 0.2, 4.9)",
TAG_SELECTED,455771,12/1/2022 1:29:23 PM,2fd0d956-cced-4fdb-8441-ec36b8315400,yellow,
TAG_DISCARDED,459530,12/1/2022 1:29:27 PM,2fd0d956-cced-4fdb-8441-ec36b8315400,yellow,"(4.4, 1.0, 4.9)",
VOICE_CAPTURE,459714,12/1/2022 1:29:27 PM,2fd0d956-cced-4fdb-8441-ec36b8315400,yeah we can reposition could do some lung sounds and i can't i can't that's right,NA,
VOICE_COMMAND,459714,12/1/2022 1:29:27 PM,2fd0d956-cced-4fdb-8441-ec36b8315400,sit up/down,yeah we can reposition could do some lung sounds and i can't i can't that's right,
VOICE_CAPTURE,468066,12/1/2022 1:29:36 PM,2fd0d956-cced-4fdb-8441-ec36b8315400,obviously we don't have an airway in here,NA,
TAG_SELECTED,470130,12/1/2022 1:29:38 PM,2fd0d956-cced-4fdb-8441-ec36b8315400,green,
VOICE_CAPTURE,472252,12/1/2022 1:29:40 PM,2fd0d956-cced-4fdb-8441-ec36b8315400,oh i see i got too close to the wall it won't let me take it,NA,
VOICE_CAPTURE,477949,12/1/2022 1:29:45 PM,2fd0d956-cced-4fdb-8441-ec36b8315400,see i hate that part so once you grab something you can't get rid of it,NA,
TAG_SELECTED,484433,12/1/2022 1:29:52 PM,2fd0d956-cced-4fdb-8441-ec36b8315400,green,
TAG_DISCARDED,485250,12/1/2022 1:29:53 PM,2fd0d956-cced-4fdb-8441-ec36b8315400,green,"(3.4, 0.8, 4.6)",
BAG_CLOSED,491415,12/1/2022 1:29:59 PM,2fd0d956-cced-4fdb-8441-ec36b8315400,"(3.9, 0.6, 4.7)",
TELEPORT,491415,12/1/2022 1:29:59 PM,2fd0d956-cced-4fdb-8441-ec36b8315400,"(3.1, 0.0, 4.1)",
VOICE_CAPTURE,494071,12/1/2022 1:30:02 PM,2fd0d956-cced-4fdb-8441-ec36b8315400,that's what i'm doing,NA,
VOICE_CAPTURE,497345,12/1/2022 1:30:05 PM,2fd0d956-cced-4fdb-8441-ec36b8315400,it's not letting me get rid of it still,NA,
TAG_DISCARDED,497363,12/1/2022 1:30:05 PM,2fd0d956-cced-4fdb-8441-ec36b8315400,green,"(3.7, 0.3, 4.4)",
BAG_ACCESS,500854,12/1/2022 1:30:08 PM,2fd0d956-cced-4fdb-8441-ec36b8315400,"(3.8, 0.5, 4.3)",
VOICE_CAPTURE,501656,12/1/2022 1:30:09 PM,2fd0d956-cced-4fdb-8441-ec36b8315400,well now just disappear,NA,
TAG_SELECTED,507889,12/1/2022 1:30:15 PM,2fd0d956-cced-4fdb-8441-ec36b8315400,red,
VOICE_CAPTURE,508891,12/1/2022 1:30:16 PM,2fd0d956-cced-4fdb-8441-ec36b8315400,no i had to actually i squeezed it several times in between trying to get it yeah,NA,
TAG_APPLIED,509158,12/1/2022 1:30:17 PM,2fd0d956-cced-4fdb-8441-ec36b8315400,Mike_3 Root,red,
TOOL_HOVER,511749,12/1/2022 1:30:19 PM,2fd0d956-cced-4fdb-8441-ec36b8315400,Needle,999,
TOOL_HOVER,511765,12/1/2022 1:30:19 PM,2fd0d956-cced-4fdb-8441-ec36b8315400,Needle,999,
TOOL_HOVER,511782,12/1/2022 1:30:19 PM,2fd0d956-cced-4fdb-8441-ec36b8315400,Needle,999,
TOOL_SELECTED,511783,12/1/2022 1:30:19 PM,2fd0d956-cced-4fdb-8441-ec36b8315400,Needle,998,
VOICE_CAPTURE,512900,12/1/2022 1:30:20 PM,2fd0d956-cced-4fdb-8441-ec36b8315400,but i'll just do this one since he's,NA,
INJURY_TREATED,520539,12/1/2022 1:30:28 PM,2fd0d956-cced-4fdb-8441-ec36b8315400,R Chest Collapse,Mike_3 Root,decompress,high,chest,True,False,"(0.0, 0.0, 0.0)",
TOOL_APPLIED,520539,12/1/2022 1:30:28 PM,2fd0d956-cced-4fdb-8441-ec36b8315400,Needle_Decomp(Clone),Needle,LChest_Breathe1 (UnityEngine.GameObject),cath_needle (UnityEngine.GameObject),left_chest,Needle_Decomp(Clone) (UnityEngine.GameObject),AppliedDecompNeedle,
VOICE_CAPTURE,525681,12/1/2022 1:30:33 PM,2fd0d956-cced-4fdb-8441-ec36b8315400,i have listed as long as you know,NA,
VOICE_CAPTURE,531244,12/1/2022 1:30:39 PM,2fd0d956-cced-4fdb-8441-ec36b8315400,stethoscope so i can't but but what i'm seeing is this side moving and that side not that's why i picked this side,NA,
VOICE_CAPTURE,532054,12/1/2022 1:30:40 PM,2fd0d956-cced-4fdb-8441-ec36b8315400,so,NA,
TAG_SELECTED,536450,12/1/2022 1:30:44 PM,2fd0d956-cced-4fdb-8441-ec36b8315400,gray,
TAG_DISCARDED,537118,12/1/2022 1:30:45 PM,2fd0d956-cced-4fdb-8441-ec36b8315400,gray,"(3.9, 0.6, 4.7)",
VOICE_CAPTURE,537886,12/1/2022 1:30:45 PM,2fd0d956-cced-4fdb-8441-ec36b8315400,that's all it does it doesn't do any better OK,NA,
BAG_CLOSED,538541,12/1/2022 1:30:46 PM,2fd0d956-cced-4fdb-8441-ec36b8315400,"(3.8, 0.5, 4.3)",
TELEPORT,541716,12/1/2022 1:30:49 PM,2fd0d956-cced-4fdb-8441-ec36b8315400,"(3.0, 0.0, 3.8)",
TELEPORT,543315,12/1/2022 1:30:51 PM,2fd0d956-cced-4fdb-8441-ec36b8315400,"(3.0, 0.0, 3.1)",
VOICE_CAPTURE,544465,12/1/2022 1:30:52 PM,2fd0d956-cced-4fdb-8441-ec36b8315400,so now i gotta go back over here for these guys,NA,
TELEPORT,545079,12/1/2022 1:30:53 PM,2fd0d956-cced-4fdb-8441-ec36b8315400,"(3.0, 0.0, -0.6)",
PATIENT_ENGAGED,546318,12/1/2022 1:30:54 PM,2fd0d956-cced-4fdb-8441-ec36b8315400,100,Infinity,Mike_2 Root,"(4.7, 0.0, -2.5)","(0.0, 0.5, 0.0, -0.8)",IMMEDIATE,walker,fast,normal,normal,upset,sittingGround,
TELEPORT,550665,12/1/2022 1:30:58 PM,2fd0d956-cced-4fdb-8441-ec36b8315400,"(2.8, 0.0, -3.0)",
TELEPORT,552316,12/1/2022 1:31:00 PM,2fd0d956-cced-4fdb-8441-ec36b8315400,"(3.4, 0.0, -2.8)",
VOICE_CAPTURE,554011,12/1/2022 1:31:02 PM,2fd0d956-cced-4fdb-8441-ec36b8315400,hmm,NA,
TELEPORT,554609,12/1/2022 1:31:02 PM,2fd0d956-cced-4fdb-8441-ec36b8315400,"(3.3, 0.0, -2.6)",
TELEPORT,555699,12/1/2022 1:31:03 PM,2fd0d956-cced-4fdb-8441-ec36b8315400,"(3.2, 0.0, -2.6)",
VOICE_CAPTURE,558149,12/1/2022 1:31:06 PM,2fd0d956-cced-4fdb-8441-ec36b8315400,yeah he shouldn't have but,NA,
BAG_ACCESS,558169,12/1/2022 1:31:06 PM,2fd0d956-cced-4fdb-8441-ec36b8315400,"(4.4, 0.5, -2.8)",
VOICE_CAPTURE,562521,12/1/2022 1:31:10 PM,2fd0d956-cced-4fdb-8441-ec36b8315400,there right here we go,NA,
TOOL_HOVER,565441,12/1/2022 1:31:13 PM,2fd0d956-cced-4fdb-8441-ec36b8315400,Hemostatic Gauze,1000,
TOOL_HOVER,565461,12/1/2022 1:31:13 PM,2fd0d956-cced-4fdb-8441-ec36b8315400,Hemostatic Gauze,1000,
TOOL_HOVER,565481,12/1/2022 1:31:13 PM,2fd0d956-cced-4fdb-8441-ec36b8315400,Hemostatic Gauze,1000,
TOOL_HOVER,565501,12/1/2022 1:31:13 PM,2fd0d956-cced-4fdb-8441-ec36b8315400,Hemostatic Gauze,1000,
TOOL_HOVER,565522,12/1/2022 1:31:13 PM,2fd0d956-cced-4fdb-8441-ec36b8315400,Hemostatic Gauze,1000,
TOOL_HOVER,565542,12/1/2022 1:31:13 PM,2fd0d956-cced-4fdb-8441-ec36b8315400,Hemostatic Gauze,1000,
TOOL_HOVER,565562,12/1/2022 1:31:13 PM,2fd0d956-cced-4fdb-8441-ec36b8315400,Hemostatic Gauze,1000,
TOOL_HOVER,565582,12/1/2022 1:31:13 PM,2fd0d956-cced-4fdb-8441-ec36b8315400,Hemostatic Gauze,1000,
TOOL_HOVER,565602,12/1/2022 1:31:13 PM,2fd0d956-cced-4fdb-8441-ec36b8315400,Hemostatic Gauze,1000,
TOOL_HOVER,565622,12/1/2022 1:31:13 PM,2fd0d956-cced-4fdb-8441-ec36b8315400,Hemostatic Gauze,1000,
TOOL_HOVER,565643,12/1/2022 1:31:13 PM,2fd0d956-cced-4fdb-8441-ec36b8315400,Hemostatic Gauze,1000,
TOOL_HOVER,565663,12/1/2022 1:31:13 PM,2fd0d956-cced-4fdb-8441-ec36b8315400,Hemostatic Gauze,1000,
TOOL_HOVER,565683,12/1/2022 1:31:13 PM,2fd0d956-cced-4fdb-8441-ec36b8315400,Hemostatic Gauze,1000,
TOOL_SELECTED,565684,12/1/2022 1:31:13 PM,2fd0d956-cced-4fdb-8441-ec36b8315400,Hemostatic Gauze,999,
TOOL_DISCARDED,569395,12/1/2022 1:31:17 PM,2fd0d956-cced-4fdb-8441-ec36b8315400,Hemostatic Gauze,999,"(4.9, 0.4, -2.4)",
TOOL_DISCARDED,569395,12/1/2022 1:31:17 PM,2fd0d956-cced-4fdb-8441-ec36b8315400,Hemostatic Gauze,1000,"(4.9, 0.4, -2.4)",
VOICE_CAPTURE,571221,12/1/2022 1:31:19 PM,2fd0d956-cced-4fdb-8441-ec36b8315400,OK this is just just this i was like there's no like 5 by 9 or anything like that,NA,
TOOL_HOVER,571241,12/1/2022 1:31:19 PM,2fd0d956-cced-4fdb-8441-ec36b8315400,Hemostatic Gauze,1001,
TOOL_HOVER,571261,12/1/2022 1:31:19 PM,2fd0d956-cced-4fdb-8441-ec36b8315400,Hemostatic Gauze,1001,
TOOL_HOVER,571280,12/1/2022 1:31:19 PM,2fd0d956-cced-4fdb-8441-ec36b8315400,Hemostatic Gauze,1001,
TOOL_HOVER,571301,12/1/2022 1:31:19 PM,2fd0d956-cced-4fdb-8441-ec36b8315400,Hemostatic Gauze,1001,
TOOL_HOVER,571321,12/1/2022 1:31:19 PM,2fd0d956-cced-4fdb-8441-ec36b8315400,Hemostatic Gauze,1001,
TOOL_HOVER,571441,12/1/2022 1:31:19 PM,2fd0d956-cced-4fdb-8441-ec36b8315400,Hemostatic Gauze,1001,
TOOL_HOVER,571462,12/1/2022 1:31:19 PM,2fd0d956-cced-4fdb-8441-ec36b8315400,Hemostatic Gauze,1001,
TOOL_HOVER,571482,12/1/2022 1:31:19 PM,2fd0d956-cced-4fdb-8441-ec36b8315400,Hemostatic Gauze,1001,
TOOL_HOVER,571503,12/1/2022 1:31:19 PM,2fd0d956-cced-4fdb-8441-ec36b8315400,Hemostatic Gauze,1001,
TOOL_HOVER,571523,12/1/2022 1:31:19 PM,2fd0d956-cced-4fdb-8441-ec36b8315400,Hemostatic Gauze,1001,
TOOL_HOVER,571543,12/1/2022 1:31:19 PM,2fd0d956-cced-4fdb-8441-ec36b8315400,Hemostatic Gauze,1001,
TOOL_SELECTED,571544,12/1/2022 1:31:19 PM,2fd0d956-cced-4fdb-8441-ec36b8315400,Hemostatic Gauze,1000,
BAG_CLOSED,572737,12/1/2022 1:31:20 PM,2fd0d956-cced-4fdb-8441-ec36b8315400,"(4.4, 0.5, -2.8)",
TELEPORT,572737,12/1/2022 1:31:20 PM,2fd0d956-cced-4fdb-8441-ec36b8315400,"(3.2, 0.0, -2.5)",
TOOL_DISCARDED,574454,12/1/2022 1:31:22 PM,2fd0d956-cced-4fdb-8441-ec36b8315400,Hemostatic Gauze,1000,"(4.9, 0.4, -2.4)",
TOOL_DISCARDED,574455,12/1/2022 1:31:22 PM,2fd0d956-cced-4fdb-8441-ec36b8315400,Hemostatic Gauze,1001,"(4.9, 0.4, -2.4)",
PULSE_TAKEN,575824,12/1/2022 1:31:23 PM,2fd0d956-cced-4fdb-8441-ec36b8315400,pulse_fast,Mike_2 Root,
BAG_ACCESS,580005,12/1/2022 1:31:27 PM,2fd0d956-cced-4fdb-8441-ec36b8315400,"(4.7, 0.4, -2.7)",
TOOL_HOVER,580856,12/1/2022 1:31:28 PM,2fd0d956-cced-4fdb-8441-ec36b8315400,Hemostatic Gauze,1002,
TOOL_HOVER,580877,12/1/2022 1:31:28 PM,2fd0d956-cced-4fdb-8441-ec36b8315400,Hemostatic Gauze,1002,
TOOL_HOVER,580895,12/1/2022 1:31:28 PM,2fd0d956-cced-4fdb-8441-ec36b8315400,Hemostatic Gauze,1002,
TOOL_HOVER,580917,12/1/2022 1:31:28 PM,2fd0d956-cced-4fdb-8441-ec36b8315400,Hemostatic Gauze,1002,
TOOL_HOVER,580937,12/1/2022 1:31:28 PM,2fd0d956-cced-4fdb-8441-ec36b8315400,Hemostatic Gauze,1002,
TAG_SELECTED,581425,12/1/2022 1:31:29 PM,2fd0d956-cced-4fdb-8441-ec36b8315400,green,
TAG_DISCARDED,581935,12/1/2022 1:31:29 PM,2fd0d956-cced-4fdb-8441-ec36b8315400,green,"(4.5, 0.6, -2.2)",
TOOL_HOVER,583952,12/1/2022 1:31:31 PM,2fd0d956-cced-4fdb-8441-ec36b8315400,Hemostatic Gauze,1002,
TOOL_HOVER,583973,12/1/2022 1:31:31 PM,2fd0d956-cced-4fdb-8441-ec36b8315400,Hemostatic Gauze,1002,
TOOL_HOVER,583993,12/1/2022 1:31:31 PM,2fd0d956-cced-4fdb-8441-ec36b8315400,Hemostatic Gauze,1002,
TOOL_HOVER,584013,12/1/2022 1:31:32 PM,2fd0d956-cced-4fdb-8441-ec36b8315400,Hemostatic Gauze,1002,
TOOL_HOVER,584034,12/1/2022 1:31:32 PM,2fd0d956-cced-4fdb-8441-ec36b8315400,Hemostatic Gauze,1002,
TOOL_HOVER,584053,12/1/2022 1:31:32 PM,2fd0d956-cced-4fdb-8441-ec36b8315400,Hemostatic Gauze,1002,
TOOL_HOVER,584074,12/1/2022 1:31:32 PM,2fd0d956-cced-4fdb-8441-ec36b8315400,Hemostatic Gauze,1002,
TOOL_SELECTED,584075,12/1/2022 1:31:32 PM,2fd0d956-cced-4fdb-8441-ec36b8315400,Hemostatic Gauze,1001,
TOOL_DISCARDED,586998,12/1/2022 1:31:34 PM,2fd0d956-cced-4fdb-8441-ec36b8315400,Hemostatic Gauze,1001,"(4.9, 0.4, -2.4)",
INJURY_TREATED,586999,12/1/2022 1:31:34 PM,2fd0d956-cced-4fdb-8441-ec36b8315400,L Shoulder Puncture,Mike_2 Root,woundpack,medium,chest,True,False,"(4.9, 0.4, -2.4)",
TOOL_APPLIED,587000,12/1/2022 1:31:34 PM,2fd0d956-cced-4fdb-8441-ec36b8315400,Mike_2 Root,Gauze_Pack,skinCollider_BodyCollideLOD (UnityEngine.GameObject),null,null,AppliedPackingGauze,
VOICE_CAPTURE,595116,12/1/2022 1:31:43 PM,2fd0d956-cced-4fdb-8441-ec36b8315400,so we can't look around here it's just all come from there right,NA,
VOICE_CAPTURE,600663,12/1/2022 1:31:48 PM,2fd0d956-cced-4fdb-8441-ec36b8315400,but i can't like look here to see what's under,NA,
BAG_CLOSED,606962,12/1/2022 1:31:54 PM,2fd0d956-cced-4fdb-8441-ec36b8315400,"(4.7, 0.4, -2.7)",
TELEPORT,606962,12/1/2022 1:31:54 PM,2fd0d956-cced-4fdb-8441-ec36b8315400,"(3.1, 0.0, -2.4)",
BAG_ACCESS,612576,12/1/2022 1:32:00 PM,2fd0d956-cced-4fdb-8441-ec36b8315400,"(4.3, 0.5, -2.8)",
PULSE_TAKEN,615152,12/1/2022 1:32:03 PM,2fd0d956-cced-4fdb-8441-ec36b8315400,pulse_fast,Mike_2 Root,
PULSE_TAKEN,617872,12/1/2022 1:32:05 PM,2fd0d956-cced-4fdb-8441-ec36b8315400,pulse_fast,Mike_2 Root,
PULSE_TAKEN,621466,12/1/2022 1:32:09 PM,2fd0d956-cced-4fdb-8441-ec36b8315400,pulse_fast,Mike_2 Root,
PULSE_TAKEN,623050,12/1/2022 1:32:11 PM,2fd0d956-cced-4fdb-8441-ec36b8315400,pulse_fast,Mike_2 Root,
PULSE_TAKEN,623084,12/1/2022 1:32:11 PM,2fd0d956-cced-4fdb-8441-ec36b8315400,pulse_fast,Mike_2 Root,
BAG_CLOSED,624604,12/1/2022 1:32:12 PM,2fd0d956-cced-4fdb-8441-ec36b8315400,"(4.3, 0.5, -2.8)",
TELEPORT,624604,12/1/2022 1:32:12 PM,2fd0d956-cced-4fdb-8441-ec36b8315400,"(3.0, 0.0, -2.5)",
PULSE_TAKEN,625557,12/1/2022 1:32:13 PM,2fd0d956-cced-4fdb-8441-ec36b8315400,pulse_fast,Mike_2 Root,
PULSE_TAKEN,625758,12/1/2022 1:32:13 PM,2fd0d956-cced-4fdb-8441-ec36b8315400,pulse_fast,Mike_2 Root,
BAG_ACCESS,628900,12/1/2022 1:32:16 PM,2fd0d956-cced-4fdb-8441-ec36b8315400,"(4.7, 0.4, -2.7)",
TAG_SELECTED,629467,12/1/2022 1:32:17 PM,2fd0d956-cced-4fdb-8441-ec36b8315400,red,
TAG_APPLIED,632108,12/1/2022 1:32:20 PM,2fd0d956-cced-4fdb-8441-ec36b8315400,Mike_2 Root,red,
BAG_CLOSED,635519,12/1/2022 1:32:23 PM,2fd0d956-cced-4fdb-8441-ec36b8315400,"(4.7, 0.4, -2.7)",
TELEPORT,636669,12/1/2022 1:32:24 PM,2fd0d956-cced-4fdb-8441-ec36b8315400,"(2.2, 0.0, -3.3)",
TELEPORT,641721,12/1/2022 1:32:29 PM,2fd0d956-cced-4fdb-8441-ec36b8315400,"(2.6, 0.0, -3.7)",
PATIENT_ENGAGED,642574,12/1/2022 1:32:30 PM,2fd0d956-cced-4fdb-8441-ec36b8315400,100,Infinity,Mike_0 Root,"(5.3, 0.0, -3.4)","(0.0, 0.6, 0.0, -0.8)",DELAYED,walker,normal,normal,normal,upset,standing,
PULSE_TAKEN,644878,12/1/2022 1:32:32 PM,2fd0d956-cced-4fdb-8441-ec36b8315400,pulse_normal,Mike_0 Root,
PULSE_TAKEN,645330,12/1/2022 1:32:33 PM,2fd0d956-cced-4fdb-8441-ec36b8315400,pulse_normal,Mike_0 Root,
PULSE_TAKEN,647653,12/1/2022 1:32:35 PM,2fd0d956-cced-4fdb-8441-ec36b8315400,pulse_normal,Mike_0 Root,
PULSE_TAKEN,649808,12/1/2022 1:32:37 PM,2fd0d956-cced-4fdb-8441-ec36b8315400,pulse_normal,Mike_0 Root,
TELEPORT,650994,12/1/2022 1:32:38 PM,2fd0d956-cced-4fdb-8441-ec36b8315400,"(3.7, 0.0, -3.4)",
BAG_ACCESS,665071,12/1/2022 1:32:53 PM,2fd0d956-cced-4fdb-8441-ec36b8315400,"(5.2, 0.5, -4.2)",
TOOL_HOVER,666449,12/1/2022 1:32:54 PM,2fd0d956-cced-4fdb-8441-ec36b8315400,Hemostatic Gauze,1002,
TOOL_HOVER,666466,12/1/2022 1:32:54 PM,2fd0d956-cced-4fdb-8441-ec36b8315400,Hemostatic Gauze,1002,
TOOL_SELECTED,666467,12/1/2022 1:32:54 PM,2fd0d956-cced-4fdb-8441-ec36b8315400,Hemostatic Gauze,1001,
TOOL_DISCARDED,667869,12/1/2022 1:32:55 PM,2fd0d956-cced-4fdb-8441-ec36b8315400,Hemostatic Gauze,1001,"(5.2, 0.5, -3.5)",
TOOL_APPLIED,667869,12/1/2022 1:32:55 PM,2fd0d956-cced-4fdb-8441-ec36b8315400,Mike_0 Root,Gauze_Pack,skinCollider_BodyCollideLOD (UnityEngine.GameObject),null,null,AppliedPackingGauze,
TOOL_HOVER,670742,12/1/2022 1:32:58 PM,2fd0d956-cced-4fdb-8441-ec36b8315400,Gauze,1000,
TOOL_HOVER,670759,12/1/2022 1:32:58 PM,2fd0d956-cced-4fdb-8441-ec36b8315400,Gauze,1000,
TOOL_HOVER,670775,12/1/2022 1:32:58 PM,2fd0d956-cced-4fdb-8441-ec36b8315400,Gauze,1000,
TOOL_HOVER,670792,12/1/2022 1:32:58 PM,2fd0d956-cced-4fdb-8441-ec36b8315400,Gauze,1000,
TOOL_HOVER,670813,12/1/2022 1:32:58 PM,2fd0d956-cced-4fdb-8441-ec36b8315400,Gauze,1000,
TOOL_SELECTED,670814,12/1/2022 1:32:58 PM,2fd0d956-cced-4fdb-8441-ec36b8315400,Gauze,999,
TOOL_DISCARDED,672233,12/1/2022 1:33:00 PM,2fd0d956-cced-4fdb-8441-ec36b8315400,Gauze,999,"(5.2, 0.5, -3.6)",
TOOL_APPLIED,672233,12/1/2022 1:33:00 PM,2fd0d956-cced-4fdb-8441-ec36b8315400,Mike_0 Root,Gauze_Dressing,skinCollider_BodyCollideLOD (UnityEngine.GameObject),null,null,AppliedDressingGauze,
BAG_CLOSED,685679,12/1/2022 1:33:13 PM,2fd0d956-cced-4fdb-8441-ec36b8315400,"(5.2, 0.5, -4.2)",
TELEPORT,685679,12/1/2022 1:33:13 PM,2fd0d956-cced-4fdb-8441-ec36b8315400,"(3.4, 0.0, -4.0)",
PULSE_TAKEN,688451,12/1/2022 1:33:16 PM,2fd0d956-cced-4fdb-8441-ec36b8315400,pulse_normal,Mike_0 Root,
TELEPORT,689922,12/1/2022 1:33:17 PM,2fd0d956-cced-4fdb-8441-ec36b8315400,"(3.3, 0.0, -2.9)",
TELEPORT,691358,12/1/2022 1:33:19 PM,2fd0d956-cced-4fdb-8441-ec36b8315400,"(3.5, 0.0, -3.1)",
BAG_ACCESS,691409,12/1/2022 1:33:19 PM,2fd0d956-cced-4fdb-8441-ec36b8315400,"(4.4, 0.6, -3.8)",
TAG_SELECTED,695604,12/1/2022 1:33:23 PM,2fd0d956-cced-4fdb-8441-ec36b8315400,yellow,
TAG_APPLIED,696822,12/1/2022 1:33:24 PM,2fd0d956-cced-4fdb-8441-ec36b8315400,Mike_0 Root,yellow,
BAG_CLOSED,700422,12/1/2022 1:33:28 PM,2fd0d956-cced-4fdb-8441-ec36b8315400,"(4.4, 0.6, -3.8)",
TELEPORT,702806,12/1/2022 1:33:30 PM,2fd0d956-cced-4fdb-8441-ec36b8315400,"(2.6, 0.0, -3.6)",
TELEPORT,703421,12/1/2022 1:33:31 PM,2fd0d956-cced-4fdb-8441-ec36b8315400,"(2.5, 0.0, -3.5)",
TELEPORT,705643,12/1/2022 1:33:33 PM,2fd0d956-cced-4fdb-8441-ec36b8315400,"(2.2, 0.0, -3.7)",
TELEPORT,708416,12/1/2022 1:33:36 PM,2fd0d956-cced-4fdb-8441-ec36b8315400,"(2.8, 0.0, -2.8)",
TELEPORT,710906,12/1/2022 1:33:38 PM,2fd0d956-cced-4fdb-8441-ec36b8315400,"(3.5, 0.0, -2.7)",
TOOL_HOVER,712610,12/1/2022 1:33:40 PM,2fd0d956-cced-4fdb-8441-ec36b8315400,Tourniquet,996,
TOOL_HOVER,712630,12/1/2022 1:33:40 PM,2fd0d956-cced-4fdb-8441-ec36b8315400,Tourniquet,996,
TOOL_HOVER,712644,12/1/2022 1:33:40 PM,2fd0d956-cced-4fdb-8441-ec36b8315400,Tourniquet,996,
TOOL_HOVER,712661,12/1/2022 1:33:40 PM,2fd0d956-cced-4fdb-8441-ec36b8315400,Tourniquet,996,
TOOL_HOVER,712678,12/1/2022 1:33:40 PM,2fd0d956-cced-4fdb-8441-ec36b8315400,Tourniquet,996,
TOOL_HOVER,712693,12/1/2022 1:33:40 PM,2fd0d956-cced-4fdb-8441-ec36b8315400,Gauze,1000,
TOOL_HOVER,712711,12/1/2022 1:33:40 PM,2fd0d956-cced-4fdb-8441-ec36b8315400,Gauze,1000,
TOOL_HOVER,712729,12/1/2022 1:33:40 PM,2fd0d956-cced-4fdb-8441-ec36b8315400,Gauze,1000,
TOOL_HOVER,712744,12/1/2022 1:33:40 PM,2fd0d956-cced-4fdb-8441-ec36b8315400,Gauze,1000,
TOOL_HOVER,712761,12/1/2022 1:33:40 PM,2fd0d956-cced-4fdb-8441-ec36b8315400,Gauze,1000,
TOOL_HOVER,712779,12/1/2022 1:33:40 PM,2fd0d956-cced-4fdb-8441-ec36b8315400,Gauze,1000,
BAG_ACCESS,713296,12/1/2022 1:33:41 PM,2fd0d956-cced-4fdb-8441-ec36b8315400,"(4.1, 0.5, -3.3)",
BAG_CLOSED,715334,12/1/2022 1:33:43 PM,2fd0d956-cced-4fdb-8441-ec36b8315400,"(4.1, 0.5, -3.3)",
TELEPORT,715334,12/1/2022 1:33:43 PM,2fd0d956-cced-4fdb-8441-ec36b8315400,"(3.2, 0.0, -2.8)",
TOOL_HOVER,716603,12/1/2022 1:33:44 PM,2fd0d956-cced-4fdb-8441-ec36b8315400,Gauze,1000,
TOOL_HOVER,716621,12/1/2022 1:33:44 PM,2fd0d956-cced-4fdb-8441-ec36b8315400,Gauze,1000,
TOOL_HOVER,716637,12/1/2022 1:33:44 PM,2fd0d956-cced-4fdb-8441-ec36b8315400,Gauze,1000,
TOOL_HOVER,716655,12/1/2022 1:33:44 PM,2fd0d956-cced-4fdb-8441-ec36b8315400,Gauze,1000,
TOOL_HOVER,716671,12/1/2022 1:33:44 PM,2fd0d956-cced-4fdb-8441-ec36b8315400,Gauze,1000,
TOOL_HOVER,716688,12/1/2022 1:33:44 PM,2fd0d956-cced-4fdb-8441-ec36b8315400,Gauze,1000,
BAG_ACCESS,717088,12/1/2022 1:33:45 PM,2fd0d956-cced-4fdb-8441-ec36b8315400,"(4.0, 0.6, -3.4)",
TOOL_HOVER,717840,12/1/2022 1:33:45 PM,2fd0d956-cced-4fdb-8441-ec36b8315400,Hemostatic Gauze,1002,
TOOL_HOVER,717862,12/1/2022 1:33:45 PM,2fd0d956-cced-4fdb-8441-ec36b8315400,Hemostatic Gauze,1002,
TOOL_HOVER,717877,12/1/2022 1:33:45 PM,2fd0d956-cced-4fdb-8441-ec36b8315400,Hemostatic Gauze,1002,
TOOL_HOVER,717892,12/1/2022 1:33:45 PM,2fd0d956-cced-4fdb-8441-ec36b8315400,Hemostatic Gauze,1002,
TOOL_HOVER,717908,12/1/2022 1:33:45 PM,2fd0d956-cced-4fdb-8441-ec36b8315400,Hemostatic Gauze,1002,
TOOL_HOVER,717924,12/1/2022 1:33:45 PM,2fd0d956-cced-4fdb-8441-ec36b8315400,Hemostatic Gauze,1002,
TOOL_SELECTED,717925,12/1/2022 1:33:45 PM,2fd0d956-cced-4fdb-8441-ec36b8315400,Hemostatic Gauze,1001,
BAG_CLOSED,718759,12/1/2022 1:33:46 PM,2fd0d956-cced-4fdb-8441-ec36b8315400,"(4.0, 0.6, -3.4)",
TELEPORT,718759,12/1/2022 1:33:46 PM,2fd0d956-cced-4fdb-8441-ec36b8315400,"(3.1, 0.0, -2.7)",
TELEPORT,719227,12/1/2022 1:33:47 PM,2fd0d956-cced-4fdb-8441-ec36b8315400,"(3.2, 0.0, -2.8)",
TOOL_DISCARDED,720931,12/1/2022 1:33:48 PM,2fd0d956-cced-4fdb-8441-ec36b8315400,Hemostatic Gauze,1001,"(5.0, 1.3, -3.2)",
INJURY_TREATED,720931,12/1/2022 1:33:48 PM,2fd0d956-cced-4fdb-8441-ec36b8315400,R Forearm Laceration,Mike_0 Root,gauzePressure,low,rightArm,False,True,"(5.0, 1.3, -3.2)",
TOOL_APPLIED,720931,12/1/2022 1:33:48 PM,2fd0d956-cced-4fdb-8441-ec36b8315400,Mike_0 Root,Gauze_Pack,skinCollider_BodyCollideLOD (UnityEngine.GameObject),null,null,AppliedPackingGauze,
TELEPORT,722684,12/1/2022 1:33:50 PM,2fd0d956-cced-4fdb-8441-ec36b8315400,"(3.3, 0.0, -3.0)",
TELEPORT,723904,12/1/2022 1:33:51 PM,2fd0d956-cced-4fdb-8441-ec36b8315400,"(3.2, 0.0, -3.0)",
TELEPORT,725324,12/1/2022 1:33:53 PM,2fd0d956-cced-4fdb-8441-ec36b8315400,"(3.4, 0.0, -2.7)",
TELEPORT,726143,12/1/2022 1:33:54 PM,2fd0d956-cced-4fdb-8441-ec36b8315400,"(3.6, 0.0, -2.7)",
BAG_ACCESS,729234,12/1/2022 1:33:57 PM,2fd0d956-cced-4fdb-8441-ec36b8315400,"(4.4, 0.5, -3.2)",
TOOL_HOVER,730053,12/1/2022 1:33:58 PM,2fd0d956-cced-4fdb-8441-ec36b8315400,Gauze,1000,
TOOL_HOVER,730070,12/1/2022 1:33:58 PM,2fd0d956-cced-4fdb-8441-ec36b8315400,Gauze,1000,
TOOL_HOVER,730086,12/1/2022 1:33:58 PM,2fd0d956-cced-4fdb-8441-ec36b8315400,Gauze,1000,
TOOL_HOVER,730102,12/1/2022 1:33:58 PM,2fd0d956-cced-4fdb-8441-ec36b8315400,Gauze,1000,
TOOL_HOVER,730119,12/1/2022 1:33:58 PM,2fd0d956-cced-4fdb-8441-ec36b8315400,Gauze,1000,
TOOL_HOVER,730138,12/1/2022 1:33:58 PM,2fd0d956-cced-4fdb-8441-ec36b8315400,Gauze,1000,
TOOL_HOVER,730153,12/1/2022 1:33:58 PM,2fd0d956-cced-4fdb-8441-ec36b8315400,Gauze,1000,
TOOL_HOVER,730170,12/1/2022 1:33:58 PM,2fd0d956-cced-4fdb-8441-ec36b8315400,Gauze,1000,
TOOL_HOVER,730186,12/1/2022 1:33:58 PM,2fd0d956-cced-4fdb-8441-ec36b8315400,Gauze,1000,
TOOL_HOVER,730203,12/1/2022 1:33:58 PM,2fd0d956-cced-4fdb-8441-ec36b8315400,Gauze,1000,
TOOL_HOVER,730219,12/1/2022 1:33:58 PM,2fd0d956-cced-4fdb-8441-ec36b8315400,Gauze,1000,
TOOL_HOVER,730236,12/1/2022 1:33:58 PM,2fd0d956-cced-4fdb-8441-ec36b8315400,Gauze,1000,
TOOL_HOVER,730254,12/1/2022 1:33:58 PM,2fd0d956-cced-4fdb-8441-ec36b8315400,Gauze,1000,
TOOL_SELECTED,730255,12/1/2022 1:33:58 PM,2fd0d956-cced-4fdb-8441-ec36b8315400,Gauze,999,
TOOL_DISCARDED,731342,12/1/2022 1:33:59 PM,2fd0d956-cced-4fdb-8441-ec36b8315400,Gauze,999,"(4.9, 1.3, -3.4)",
TOOL_DISCARDED,731342,12/1/2022 1:33:59 PM,2fd0d956-cced-4fdb-8441-ec36b8315400,Gauze,1000,"(4.9, 1.3, -3.4)",
TOOL_HOVER,732443,12/1/2022 1:34:00 PM,2fd0d956-cced-4fdb-8441-ec36b8315400,Gauze,1001,
TOOL_HOVER,732459,12/1/2022 1:34:00 PM,2fd0d956-cced-4fdb-8441-ec36b8315400,Gauze,1001,
TOOL_HOVER,732479,12/1/2022 1:34:00 PM,2fd0d956-cced-4fdb-8441-ec36b8315400,Gauze,1001,
TOOL_HOVER,732496,12/1/2022 1:34:00 PM,2fd0d956-cced-4fdb-8441-ec36b8315400,Gauze,1001,
TOOL_HOVER,732513,12/1/2022 1:34:00 PM,2fd0d956-cced-4fdb-8441-ec36b8315400,Gauze,1001,
TOOL_SELECTED,732514,12/1/2022 1:34:00 PM,2fd0d956-cced-4fdb-8441-ec36b8315400,Gauze,1000,
TOOL_DISCARDED,733451,12/1/2022 1:34:01 PM,2fd0d956-cced-4fdb-8441-ec36b8315400,Gauze,1000,"(4.9, 1.3, -3.3)",
TOOL_DISCARDED,733451,12/1/2022 1:34:01 PM,2fd0d956-cced-4fdb-8441-ec36b8315400,Gauze,1001,"(4.9, 1.3, -3.3)",
TOOL_HOVER,734450,12/1/2022 1:34:02 PM,2fd0d956-cced-4fdb-8441-ec36b8315400,Gauze,1002,
TOOL_HOVER,734470,12/1/2022 1:34:02 PM,2fd0d956-cced-4fdb-8441-ec36b8315400,Gauze,1002,
TOOL_HOVER,734487,12/1/2022 1:34:02 PM,2fd0d956-cced-4fdb-8441-ec36b8315400,Gauze,1002,
TOOL_HOVER,734504,12/1/2022 1:34:02 PM,2fd0d956-cced-4fdb-8441-ec36b8315400,Gauze,1002,
TOOL_HOVER,734519,12/1/2022 1:34:02 PM,2fd0d956-cced-4fdb-8441-ec36b8315400,Gauze,1002,
TOOL_SELECTED,734520,12/1/2022 1:34:02 PM,2fd0d956-cced-4fdb-8441-ec36b8315400,Gauze,1001,
TOOL_DISCARDED,735803,12/1/2022 1:34:03 PM,2fd0d956-cced-4fdb-8441-ec36b8315400,Gauze,1001,"(4.9, 1.3, -3.3)",
TOOL_DISCARDED,735803,12/1/2022 1:34:03 PM,2fd0d956-cced-4fdb-8441-ec36b8315400,Gauze,1002,"(4.9, 1.3, -3.3)",
TOOL_HOVER,736742,12/1/2022 1:34:04 PM,2fd0d956-cced-4fdb-8441-ec36b8315400,Gauze,1003,
TOOL_HOVER,736758,12/1/2022 1:34:04 PM,2fd0d956-cced-4fdb-8441-ec36b8315400,Gauze,1003,
TOOL_HOVER,736774,12/1/2022 1:34:04 PM,2fd0d956-cced-4fdb-8441-ec36b8315400,Gauze,1003,
TOOL_SELECTED,736775,12/1/2022 1:34:04 PM,2fd0d956-cced-4fdb-8441-ec36b8315400,Gauze,1002,
TOOL_DISCARDED,738775,12/1/2022 1:34:06 PM,2fd0d956-cced-4fdb-8441-ec36b8315400,Gauze,1002,"(5.0, 1.3, -3.2)",
TOOL_DISCARDED,738775,12/1/2022 1:34:06 PM,2fd0d956-cced-4fdb-8441-ec36b8315400,Gauze,1003,"(5.0, 1.3, -3.2)",
BAG_CLOSED,739830,12/1/2022 1:34:07 PM,2fd0d956-cced-4fdb-8441-ec36b8315400,"(4.4, 0.5, -3.2)",
TELEPORT,739830,12/1/2022 1:34:07 PM,2fd0d956-cced-4fdb-8441-ec36b8315400,"(3.3, 0.0, -2.6)",
TELEPORT,740967,12/1/2022 1:34:08 PM,2fd0d956-cced-4fdb-8441-ec36b8315400,"(3.7, 0.0, -2.6)",
TOOL_HOVER,741503,12/1/2022 1:34:09 PM,2fd0d956-cced-4fdb-8441-ec36b8315400,Tourniquet,996,
TOOL_HOVER,741520,12/1/2022 1:34:09 PM,2fd0d956-cced-4fdb-8441-ec36b8315400,Tourniquet,996,
TOOL_HOVER,741536,12/1/2022 1:34:09 PM,2fd0d956-cced-4fdb-8441-ec36b8315400,Tourniquet,996,
TOOL_HOVER,741552,12/1/2022 1:34:09 PM,2fd0d956-cced-4fdb-8441-ec36b8315400,Tourniquet,996,
TOOL_HOVER,741568,12/1/2022 1:34:09 PM,2fd0d956-cced-4fdb-8441-ec36b8315400,Tourniquet,996,
TOOL_HOVER,741584,12/1/2022 1:34:09 PM,2fd0d956-cced-4fdb-8441-ec36b8315400,Tourniquet,996,
BAG_ACCESS,742692,12/1/2022 1:34:10 PM,2fd0d956-cced-4fdb-8441-ec36b8315400,"(4.7, 0.5, -3.3)",
TOOL_HOVER,743341,12/1/2022 1:34:11 PM,2fd0d956-cced-4fdb-8441-ec36b8315400,Gauze,1004,
TOOL_HOVER,743356,12/1/2022 1:34:11 PM,2fd0d956-cced-4fdb-8441-ec36b8315400,Gauze,1004,
TOOL_HOVER,743372,12/1/2022 1:34:11 PM,2fd0d956-cced-4fdb-8441-ec36b8315400,Gauze,1004,
TOOL_HOVER,743393,12/1/2022 1:34:11 PM,2fd0d956-cced-4fdb-8441-ec36b8315400,Gauze,1004,
TOOL_HOVER,743410,12/1/2022 1:34:11 PM,2fd0d956-cced-4fdb-8441-ec36b8315400,Gauze,1004,
TOOL_HOVER,743428,12/1/2022 1:34:11 PM,2fd0d956-cced-4fdb-8441-ec36b8315400,Gauze,1004,
TOOL_HOVER,743445,12/1/2022 1:34:11 PM,2fd0d956-cced-4fdb-8441-ec36b8315400,Gauze,1004,
TOOL_SELECTED,743446,12/1/2022 1:34:11 PM,2fd0d956-cced-4fdb-8441-ec36b8315400,Gauze,1003,
TOOL_DISCARDED,744925,12/1/2022 1:34:12 PM,2fd0d956-cced-4fdb-8441-ec36b8315400,Gauze,1003,"(5.1, 1.3, -3.3)",
INJURY_TREATED,744925,12/1/2022 1:34:12 PM,2fd0d956-cced-4fdb-8441-ec36b8315400,R Forearm Laceration,Mike_0 Root,gauzePressure,low,rightArm,True,True,"(5.1, 1.3, -3.2)",
TOOL_APPLIED,744926,12/1/2022 1:34:12 PM,2fd0d956-cced-4fdb-8441-ec36b8315400,Mike_0 Root,Gauze_Dressing,skinCollider_BodyCollideLOD (UnityEngine.GameObject),null,null,AppliedDressingGauze,
BAG_CLOSED,749532,12/1/2022 1:34:17 PM,2fd0d956-cced-4fdb-8441-ec36b8315400,"(4.7, 0.5, -3.3)",
TELEPORT,752838,12/1/2022 1:34:20 PM,2fd0d956-cced-4fdb-8441-ec36b8315400,"(2.2, 0.0, -3.6)",
TELEPORT,753608,12/1/2022 1:34:21 PM,2fd0d956-cced-4fdb-8441-ec36b8315400,"(1.8, 0.0, -3.7)",
TELEPORT,759123,12/1/2022 1:34:27 PM,2fd0d956-cced-4fdb-8441-ec36b8315400,"(0.9, 0.0, -4.0)",
TELEPORT,763825,12/1/2022 1:34:31 PM,2fd0d956-cced-4fdb-8441-ec36b8315400,"(1.6, 0.0, -1.3)",
TELEPORT,764354,12/1/2022 1:34:32 PM,2fd0d956-cced-4fdb-8441-ec36b8315400,"(1.9, 0.0, -1.1)",
PATIENT_ENGAGED,765413,12/1/2022 1:34:33 PM,2fd0d956-cced-4fdb-8441-ec36b8315400,100,Infinity,Mike_1 Root,"(2.9, 0.0, 0.1)","(0.0, 0.7, 0.0, -0.7)",IMMEDIATE,waver,normal,normal,normal,upset,supine,
TELEPORT,766351,12/1/2022 1:34:34 PM,2fd0d956-cced-4fdb-8441-ec36b8315400,"(1.9, 0.0, -0.4)",
TELEPORT,766807,12/1/2022 1:34:34 PM,2fd0d956-cced-4fdb-8441-ec36b8315400,"(1.6, 0.0, -0.3)",
BAG_ACCESS,768931,12/1/2022 1:34:36 PM,2fd0d956-cced-4fdb-8441-ec36b8315400,"(2.8, 0.5, -0.5)",
TOOL_HOVER,769746,12/1/2022 1:34:37 PM,2fd0d956-cced-4fdb-8441-ec36b8315400,Gauze,1004,
TOOL_HOVER,769762,12/1/2022 1:34:37 PM,2fd0d956-cced-4fdb-8441-ec36b8315400,Gauze,1004,
TOOL_HOVER,769777,12/1/2022 1:34:37 PM,2fd0d956-cced-4fdb-8441-ec36b8315400,Gauze,1004,
TOOL_HOVER,769793,12/1/2022 1:34:37 PM,2fd0d956-cced-4fdb-8441-ec36b8315400,Gauze,1004,
TOOL_SELECTED,769794,12/1/2022 1:34:37 PM,2fd0d956-cced-4fdb-8441-ec36b8315400,Gauze,1003,
TOOL_DISCARDED,770730,12/1/2022 1:34:38 PM,2fd0d956-cced-4fdb-8441-ec36b8315400,Gauze,1003,"(2.9, 0.3, 0.0)",
INJURY_TREATED,770730,12/1/2022 1:34:38 PM,2fd0d956-cced-4fdb-8441-ec36b8315400,L Thigh Laceration,Mike_1 Root,tourniquet,medium,leftLeg,True,True,"(2.9, 0.3, 0.0)",
TOOL_APPLIED,770731,12/1/2022 1:34:38 PM,2fd0d956-cced-4fdb-8441-ec36b8315400,Mike_1 Root,Gauze_Dressing,skinCollider_BodyCollideLOD (UnityEngine.GameObject),null,null,AppliedDressingGauze,
BAG_CLOSED,775369,12/1/2022 1:34:43 PM,2fd0d956-cced-4fdb-8441-ec36b8315400,"(2.8, 0.5, -0.5)",
TELEPORT,775369,12/1/2022 1:34:43 PM,2fd0d956-cced-4fdb-8441-ec36b8315400,"(1.9, 0.0, -0.2)",
TELEPORT,777565,12/1/2022 1:34:45 PM,2fd0d956-cced-4fdb-8441-ec36b8315400,"(1.4, 0.0, -0.4)",
TELEPORT,781067,12/1/2022 1:34:49 PM,2fd0d956-cced-4fdb-8441-ec36b8315400,"(1.0, 0.0, -0.6)",
TELEPORT,781990,12/1/2022 1:34:49 PM,2fd0d956-cced-4fdb-8441-ec36b8315400,"(0.7, 0.0, -0.5)",
TELEPORT,787125,12/1/2022 1:34:55 PM,2fd0d956-cced-4fdb-8441-ec36b8315400,"(1.6, 0.0, 1.0)",
TELEPORT,795922,12/1/2022 1:35:03 PM,2fd0d956-cced-4fdb-8441-ec36b8315400,"(0.8, 0.0, 5.2)",
PATIENT_ENGAGED,796590,12/1/2022 1:35:04 PM,2fd0d956-cced-4fdb-8441-ec36b8315400,100,128,Mike_3 Root,"(3.2, 0.0, 4.3)","(0.0, 0.7, 0.0, -0.7)",IMMEDIATE,still,faint,normal,normal,unresponsive,supine,
TELEPORT,799194,12/1/2022 1:35:07 PM,2fd0d956-cced-4fdb-8441-ec36b8315400,"(2.2, 0.0, 5.7)",
TELEPORT,800302,12/1/2022 1:35:08 PM,2fd0d956-cced-4fdb-8441-ec36b8315400,"(2.3, 0.0, 5.8)",
TELEPORT,800899,12/1/2022 1:35:08 PM,2fd0d956-cced-4fdb-8441-ec36b8315400,"(2.3, 0.0, 5.8)",
PULSE_TAKEN,800984,12/1/2022 1:35:08 PM,2fd0d956-cced-4fdb-8441-ec36b8315400,pulse_faint,Mike_3 Root,
SESSION_END,805508,12/1/2022 1:35:13 PM,2fd0d956-cced-4fdb-8441-ec36b8315400,
TELEPORT,809818,12/1/2022 1:35:17 PM,2fd0d956-cced-4fdb-8441-ec36b8315400,"(1.4, 0.0, 5.9)",
TELEPORT,811414,12/1/2022 1:35:19 PM,2fd0d956-cced-4fdb-8441-ec36b8315400,"(1.5, 0.0, 5.9)",
TELEPORT,812567,12/1/2022 1:35:20 PM,2fd0d956-cced-4fdb-8441-ec36b8315400,"(1.4, 0.0, 5.8)",
TELEPORT,813368,12/1/2022 1:35:21 PM,2fd0d956-cced-4fdb-8441-ec36b8315400,"(1.4, 0.0, 5.7)",
