VOICE_CAPTURE,13758,12/7/2022 8:32:14 AM,3afe3247-7894-4cbe-92e6-e02823352d67,OK,NA,
PATIENT_DEMOTED,14504,12/7/2022 8:32:15 AM,3afe3247-7894-4cbe-92e6-e02823352d67,100,Infinity,Bob_0 Root,"(-1.4, 0.0, 5.6)","(0.0, 0.7, 0.0, 0.7)",EXPECTANT,still,faint,restricted,none,unresponsive,supine,
PATIENT_DEMOTED,14695,12/7/2022 8:32:15 AM,3afe3247-7894-4cbe-92e6-e02823352d67,100,Infinity,Bob_0 Root,"(-1.5, 0.0, 5.6)","(0.0, 0.7, 0.0, 0.7)",DEAD,still,none,none,none,dead,supine,
PATIENT_DEMOTED,14826,12/7/2022 8:32:15 AM,3afe3247-7894-4cbe-92e6-e02823352d67,100,Infinity,Gary_1 Root,"(1.7, 0.0, 7.4)","(0.0, 1.0, 0.0, 0.0)",EXPECTANT,still,faint,restricted,none,unresponsive,supine,
PATIENT_DEMOTED,15555,12/7/2022 8:32:16 AM,3afe3247-7894-4cbe-92e6-e02823352d67,100,Infinity,Lily_2 Root,"(2.8, 0.0, 4.3)","(0.0, 1.0, 0.0, 0.0)",IMMEDIATE,waver,fast,fast,normal,agony,fetal,
PATIENT_DEMOTED,16222,12/7/2022 8:32:17 AM,3afe3247-7894-4cbe-92e6-e02823352d67,100,0,Gary_3 Root,"(0.3, 0.0, 1.6)","(0.0, 0.0, 0.0, 1.0)",IMMEDIATE,still,faint,collapsedRight,normal,unresponsive,supine,
PATIENT_DEMOTED,16785,12/7/2022 8:32:17 AM,3afe3247-7894-4cbe-92e6-e02823352d67,100,Infinity,Lily_4 Root,"(1.2, 0.0, 6.3)","(0.0, 1.0, 0.0, 0.0)",IMMEDIATE,waver,fast,normal,normal,upset,fetal,
PATIENT_DEMOTED,17609,12/7/2022 8:32:18 AM,3afe3247-7894-4cbe-92e6-e02823352d67,100,Infinity,Mike_5 Root,"(2.4, 0.0, 2.3)","(0.0, 1.0, 0.0, 0.0)",IMMEDIATE,waver,fast,normal,normal,upset,fetal,
PATIENT_DEMOTED,18187,12/7/2022 8:32:19 AM,3afe3247-7894-4cbe-92e6-e02823352d67,100,Infinity,Gloria_6 Root,"(-1.0, 0.0, 2.9)","(0.0, 0.4, 0.0, 0.9)",IMMEDIATE,waver,fast,normal,normal,upset,fetal,
PATIENT_DEMOTED,18607,12/7/2022 8:32:19 AM,3afe3247-7894-4cbe-92e6-e02823352d67,100,Infinity,Gloria_6 Root,"(-1.2, 0.0, 3.1)","(0.0, 0.4, 0.0, 0.9)",DELAYED,waver,fast,normal,normal,upset,fetal,
PATIENT_DEMOTED,18891,12/7/2022 8:32:19 AM,3afe3247-7894-4cbe-92e6-e02823352d67,100,Infinity,Mike_7 Root,"(1.7, 0.0, 3.9)","(0.0, 0.1, 0.0, 1.0)",IMMEDIATE,waver,fast,normal,normal,upset,sittingGround,
PATIENT_DEMOTED,19258,12/7/2022 8:32:20 AM,3afe3247-7894-4cbe-92e6-e02823352d67,100,Infinity,Mike_7 Root,"(1.0, 0.0, 3.7)","(0.0, 0.1, 0.0, 1.0)",DELAYED,waver,fast,normal,normal,upset,sittingGround,
PATIENT_DEMOTED,19490,12/7/2022 8:32:20 AM,3afe3247-7894-4cbe-92e6-e02823352d67,100,Infinity,Gloria_8 Root,"(3.7, 0.0, 6.0)","(0.0, 1.0, 0.0, 0.0)",DELAYED,walker,normal,normal,normal,upset,sittingGround,
VOICE_CAPTURE,23384,12/7/2022 8:32:24 AM,3afe3247-7894-4cbe-92e6-e02823352d67,sunbury subway station,NA,
SESSION_START,26091,12/7/2022 8:32:27 AM,3afe3247-7894-4cbe-92e6-e02823352d67,
PATIENT_RECORD,26092,12/7/2022 8:32:27 AM,3afe3247-7894-4cbe-92e6-e02823352d67,100,Infinity,Bob_0 Root,"(-1.7, 0.0, 5.7)","(0.0, 0.7, 0.0, 0.7)",DEAD,still,none,none,none,dead,supine,
INJURY_RECORD,26092,12/7/2022 8:32:27 AM,3afe3247-7894-4cbe-92e6-e02823352d67,Face Shrapnel,Bob_0 Root,airway,high,head,False,False,"(-1.8, 1.7, 5.6)",
INJURY_RECORD,26092,12/7/2022 8:32:27 AM,3afe3247-7894-4cbe-92e6-e02823352d67,L Wrist Amputation,Bob_0 Root,tourniquet,high,leftArm,False,False,"(-1.8, 1.4, 6.3)",
INJURY_RECORD,26092,12/7/2022 8:32:27 AM,3afe3247-7894-4cbe-92e6-e02823352d67,L Chest Collapse,Bob_0 Root,decompress,high,chest,False,False,"(0.0, 0.0, 0.0)",
INJURY_RECORD,26092,12/7/2022 8:32:27 AM,3afe3247-7894-4cbe-92e6-e02823352d67,L Stomach Puncture,Bob_0 Root,woundpack,high,abdomen,False,False,"(-1.6, 1.1, 5.7)",
INJURY_RECORD,26092,12/7/2022 8:32:27 AM,3afe3247-7894-4cbe-92e6-e02823352d67,R Shin Amputation,Bob_0 Root,tourniquet,high,rightLeg,False,False,"(-1.7, 0.4, 5.6)",
INJURY_RECORD,26092,12/7/2022 8:32:27 AM,3afe3247-7894-4cbe-92e6-e02823352d67,L Thigh Laceration,Bob_0 Root,tourniquet,medium,leftLeg,False,False,"(-1.6, 0.7, 5.8)",
PATIENT_RECORD,26092,12/7/2022 8:32:27 AM,3afe3247-7894-4cbe-92e6-e02823352d67,100,Infinity,Gary_1 Root,"(1.6, 0.0, 7.6)","(0.0, 1.0, 0.0, 0.0)",EXPECTANT,still,none,restricted,none,unresponsive,supine,
INJURY_RECORD,26092,12/7/2022 8:32:27 AM,3afe3247-7894-4cbe-92e6-e02823352d67,Face Shrapnel,Gary_1 Root,airway,high,head,False,False,"(1.6, 1.7, 7.7)",
PATIENT_RECORD,26092,12/7/2022 8:32:27 AM,3afe3247-7894-4cbe-92e6-e02823352d67,100,Infinity,Lily_2 Root,"(3.0, 0.0, 4.5)","(0.0, 1.0, 0.0, 0.0)",IMMEDIATE,waver,fast,fast,normal,agony,fetal,
INJURY_RECORD,26092,12/7/2022 8:32:27 AM,3afe3247-7894-4cbe-92e6-e02823352d67,R Shin Amputation,Lily_2 Root,tourniquet,high,rightLeg,False,False,"(2.9, 0.4, 4.5)",
PATIENT_RECORD,26092,12/7/2022 8:32:27 AM,3afe3247-7894-4cbe-92e6-e02823352d67,100,0,Gary_3 Root,"(0.4, 0.0, 1.7)","(0.0, 0.0, 0.0, 1.0)",IMMEDIATE,still,faint,collapsedRight,normal,unresponsive,supine,
INJURY_RECORD,26092,12/7/2022 8:32:27 AM,3afe3247-7894-4cbe-92e6-e02823352d67,R Chest Collapse,Gary_3 Root,decompress,high,chest,False,False,"(0.0, 0.0, 0.0)",
PATIENT_RECORD,26092,12/7/2022 8:32:27 AM,3afe3247-7894-4cbe-92e6-e02823352d67,100,Infinity,Lily_4 Root,"(1.2, 0.0, 6.2)","(0.0, 1.0, 0.0, 0.0)",IMMEDIATE,waver,fast,normal,normal,upset,fetal,
INJURY_RECORD,26092,12/7/2022 8:32:27 AM,3afe3247-7894-4cbe-92e6-e02823352d67,L Side Puncture,Lily_4 Root,woundpack,medium,abdomen,False,False,"(1.3, 1.0, 6.2)",
PATIENT_RECORD,26092,12/7/2022 8:32:27 AM,3afe3247-7894-4cbe-92e6-e02823352d67,100,Infinity,Mike_5 Root,"(2.7, 0.0, 2.3)","(0.0, 1.0, 0.0, 0.0)",IMMEDIATE,waver,fast,normal,normal,upset,fetal,
INJURY_RECORD,26092,12/7/2022 8:32:27 AM,3afe3247-7894-4cbe-92e6-e02823352d67,R Side Puncture,Mike_5 Root,woundpack,medium,abdomen,False,False,"(2.6, 1.1, 2.2)",
INJURY_RECORD,26092,12/7/2022 8:32:27 AM,3afe3247-7894-4cbe-92e6-e02823352d67,R Thigh Laceration,Mike_5 Root,tourniquet,medium,rightLeg,False,False,"(2.6, 0.6, 2.3)",
PATIENT_RECORD,26092,12/7/2022 8:32:27 AM,3afe3247-7894-4cbe-92e6-e02823352d67,100,Infinity,Gloria_6 Root,"(-1.2, 0.0, 3.1)","(0.0, 0.4, 0.0, 0.9)",DELAYED,waver,fast,normal,normal,upset,fetal,
INJURY_RECORD,26092,12/7/2022 8:32:27 AM,3afe3247-7894-4cbe-92e6-e02823352d67,R Calf Shrapnel,Gloria_6 Root,tourniquet,medium,rightLeg,False,False,"(-1.1, 0.3, 3.0)",
PATIENT_RECORD,26092,12/7/2022 8:32:27 AM,3afe3247-7894-4cbe-92e6-e02823352d67,100,Infinity,Mike_7 Root,"(1.3, 0.0, 3.4)","(0.0, 0.1, 0.0, 1.0)",DELAYED,waver,fast,normal,normal,upset,sittingGround,
INJURY_RECORD,26092,12/7/2022 8:32:27 AM,3afe3247-7894-4cbe-92e6-e02823352d67,L Thigh Puncture,Mike_7 Root,tourniquet,medium,leftLeg,False,False,"(1.3, 0.6, 3.5)",
INJURY_RECORD,26092,12/7/2022 8:32:27 AM,3afe3247-7894-4cbe-92e6-e02823352d67,R Calf Laceration,Mike_7 Root,gauzePressure,low,rightLeg,False,False,"(1.4, 0.3, 3.4)",
PATIENT_RECORD,26092,12/7/2022 8:32:27 AM,3afe3247-7894-4cbe-92e6-e02823352d67,100,Infinity,Gloria_8 Root,"(3.7, 0.0, 6.0)","(0.0, 1.0, 0.0, 0.0)",DELAYED,walker,normal,normal,normal,upset,sittingGround,
INJURY_RECORD,26092,12/7/2022 8:32:27 AM,3afe3247-7894-4cbe-92e6-e02823352d67,L Forearm Laceration,Gloria_8 Root,gauzePressure,low,leftArm,False,False,"(4.2, 1.2, 6.0)",
PATIENT_RECORD,26092,12/7/2022 8:32:27 AM,3afe3247-7894-4cbe-92e6-e02823352d67,100,Infinity,Bob_9 Root,"(2.6, 0.0, 8.0)","(0.0, 1.0, 0.0, 0.0)",MINIMAL,walker,normal,normal,normal,calm,standing,
INJURY_RECORD,26092,12/7/2022 8:32:27 AM,3afe3247-7894-4cbe-92e6-e02823352d67,Ear Bleed,Bob_9 Root,none,low,head,False,False,"(0.0, 0.0, 0.0)",
PATIENT_RECORD,26092,12/7/2022 8:32:27 AM,3afe3247-7894-4cbe-92e6-e02823352d67,100,Infinity,Helga_10 Root,"(3.9, 0.0, 8.0)","(0.0, 1.0, 0.0, 0.0)",MINIMAL,walker,normal,normal,normal,calm,sittingGround,
INJURY_RECORD,26093,12/7/2022 8:32:27 AM,3afe3247-7894-4cbe-92e6-e02823352d67,Forehead Scrape,Helga_10 Root,none,low,head,False,False,"(4.0, 1.6, 8.0)",
VOICE_CAPTURE,36323,12/7/2022 8:32:37 AM,3afe3247-7894-4cbe-92e6-e02823352d67,don't have to worry about my safety,NA,
