PATIENT_DEMOTED,4703,11/30/2022 8:29:50 AM,5325cdbf-d627-4aba-b5b4-9a62240d599f,100,Infinity,Helga_0 Root,"(-0.2, 0.0, 7.8)","(0.0, 0.7, 0.0, 0.7)",IMMEDIATE,waver,fast,normal,normal,upset,sittingGround,
PATIENT_DEMOTED,5348,11/30/2022 8:29:51 AM,5325cdbf-d627-4aba-b5b4-9a62240d599f,100,Infinity,Lily_1 Root,"(1.5, 0.0, 3.7)","(0.0, 0.1, 0.0, 1.0)",IMMEDIATE,waver,normal,normal,normal,calm,fetal,
PATIENT_DEMOTED,5824,11/30/2022 8:29:51 AM,5325cdbf-d627-4aba-b5b4-9a62240d599f,100,Infinity,Lily_1 Root,"(1.2, 0.0, 3.8)","(0.0, 0.1, 0.0, 1.0)",DELAYED,waver,normal,normal,normal,calm,fetal,
PATIENT_DEMOTED,6125,11/30/2022 8:29:52 AM,5325cdbf-d627-4aba-b5b4-9a62240d599f,100,Infinity,Gloria_2 Root,"(0.7, 0.0, 0.4)","(0.0, 1.0, 0.0, 0.0)",IMMEDIATE,waver,fast,fast,normal,agony,supine,
PATIENT_DEMOTED,6758,11/30/2022 8:29:52 AM,5325cdbf-d627-4aba-b5b4-9a62240d599f,100,Infinity,Mike_3 Root,"(-0.8, 0.0, 3.7)","(0.0, 0.4, 0.0, 0.9)",IMMEDIATE,waver,fast,fast,normal,agony,sittingGround,
PATIENT_DEMOTED,7261,11/30/2022 8:29:53 AM,5325cdbf-d627-4aba-b5b4-9a62240d599f,100,Infinity,Mike_4 Root,"(1.4, 0.0, 6.0)","(0.0, 1.0, 0.0, 0.0)",DELAYED,walker,normal,normal,normal,upset,standing,
VOICE_CAPTURE,7562,11/30/2022 8:29:53 AM,5325cdbf-d627-4aba-b5b4-9a62240d599f,the exact same thing alright let's try it again that was hilarious,NA,
PATIENT_DEMOTED,7784,11/30/2022 8:29:53 AM,5325cdbf-d627-4aba-b5b4-9a62240d599f,100,Infinity,Mike_4 Root,"(1.4, 0.0, 6.0)","(0.0, 1.0, 0.0, 0.0)",MINIMAL,walker,normal,normal,normal,upset,sittingGround,
PATIENT_DEMOTED,7912,11/30/2022 8:29:53 AM,5325cdbf-d627-4aba-b5b4-9a62240d599f,100,0,Gary_5 Root,"(2.8, 0.0, 5.3)","(0.0, 1.0, 0.0, 0.0)",DELAYED,walker,normal,restricted,normal,upset,kneeling,
PATIENT_DEMOTED,8432,11/30/2022 8:29:54 AM,5325cdbf-d627-4aba-b5b4-9a62240d599f,100,0,Gary_5 Root,"(2.8, 0.0, 5.3)","(0.0, 1.0, 0.0, 0.0)",MINIMAL,walker,normal,restricted,normal,upset,sittingGround,
PATIENT_DEMOTED,8669,11/30/2022 8:29:54 AM,5325cdbf-d627-4aba-b5b4-9a62240d599f,100,128,Mike_6 Root,"(3.0, 0.0, 3.6)","(0.0, 0.0, 0.0, 1.0)",IMMEDIATE,still,faint,collapsedRight,normal,unresponsive,supine,
PATIENT_DEMOTED,9317,11/30/2022 8:29:55 AM,5325cdbf-d627-4aba-b5b4-9a62240d599f,100,Infinity,Lily_7 Root,"(2.3, 0.0, 1.9)","(0.0, 1.0, 0.0, 0.0)",EXPECTANT,still,faint,restricted,none,unresponsive,supine,
PATIENT_DEMOTED,9739,11/30/2022 8:29:55 AM,5325cdbf-d627-4aba-b5b4-9a62240d599f,100,Infinity,Lily_7 Root,"(2.3, 0.0, 1.8)","(0.0, 1.0, 0.0, 0.0)",DEAD,still,none,none,none,dead,supine,
PATIENT_DEMOTED,10789,11/30/2022 8:29:56 AM,5325cdbf-d627-4aba-b5b4-9a62240d599f,100,Infinity,Mike_9 Root,"(3.1, 0.0, 0.5)","(0.0, 1.0, 0.0, 0.0)",IMMEDIATE,waver,fast,normal,normal,upset,sittingGround,
SESSION_START,15899,11/30/2022 8:30:01 AM,5325cdbf-d627-4aba-b5b4-9a62240d599f,
PATIENT_RECORD,15900,11/30/2022 8:30:01 AM,5325cdbf-d627-4aba-b5b4-9a62240d599f,100,Infinity,Helga_0 Root,"(0.2, 0.0, 7.7)","(0.0, 0.7, 0.0, 0.7)",IMMEDIATE,waver,fast,fast,normal,upset,sittingGround,
INJURY_RECORD,15900,11/30/2022 8:30:01 AM,5325cdbf-d627-4aba-b5b4-9a62240d599f,L Stomach Puncture,Helga_0 Root,woundpack,high,abdomen,False,False,"(0.3, 1.0, 7.7)",
INJURY_RECORD,15900,11/30/2022 8:30:01 AM,5325cdbf-d627-4aba-b5b4-9a62240d599f,L Thigh Puncture,Helga_0 Root,tourniquet,medium,leftLeg,False,False,"(0.2, 0.5, 7.7)",
PATIENT_RECORD,15900,11/30/2022 8:30:01 AM,5325cdbf-d627-4aba-b5b4-9a62240d599f,100,Infinity,Lily_1 Root,"(1.2, 0.0, 3.9)","(0.0, 0.1, 0.0, 1.0)",DELAYED,waver,normal,normal,normal,calm,fetal,
INJURY_RECORD,15900,11/30/2022 8:30:01 AM,5325cdbf-d627-4aba-b5b4-9a62240d599f,R Bicep Puncture,Lily_1 Root,tourniquet,medium,rightArm,False,False,"(1.6, 1.3, 3.8)",
INJURY_RECORD,15900,11/30/2022 8:30:01 AM,5325cdbf-d627-4aba-b5b4-9a62240d599f,R Thigh Laceration,Lily_1 Root,tourniquet,medium,rightLeg,False,False,"(1.3, 0.6, 3.9)",
PATIENT_RECORD,15900,11/30/2022 8:30:01 AM,5325cdbf-d627-4aba-b5b4-9a62240d599f,100,Infinity,Gloria_2 Root,"(0.8, 0.0, 0.6)","(0.0, 1.0, 0.0, 0.0)",IMMEDIATE,waver,fast,fast,normal,agony,supine,
INJURY_RECORD,15900,11/30/2022 8:30:01 AM,5325cdbf-d627-4aba-b5b4-9a62240d599f,L Shin Amputation,Gloria_2 Root,tourniquet,high,leftLeg,False,False,"(0.9, 0.4, 0.5)",
PATIENT_RECORD,15900,11/30/2022 8:30:01 AM,5325cdbf-d627-4aba-b5b4-9a62240d599f,100,Infinity,Mike_3 Root,"(-1.3, 0.0, 4.2)","(0.0, 0.4, 0.0, 0.9)",IMMEDIATE,waver,fast,fast,normal,agony,sittingGround,
INJURY_RECORD,15900,11/30/2022 8:30:01 AM,5325cdbf-d627-4aba-b5b4-9a62240d599f,R Wrist Amputation,Mike_3 Root,tourniquet,high,rightArm,False,False,"(-0.9, 1.3, 3.8)",
PATIENT_RECORD,15900,11/30/2022 8:30:01 AM,5325cdbf-d627-4aba-b5b4-9a62240d599f,100,Infinity,Mike_4 Root,"(1.4, 0.0, 6.0)","(0.0, 1.0, 0.0, 0.0)",MINIMAL,walker,normal,normal,normal,upset,sittingGround,
INJURY_RECORD,15900,11/30/2022 8:30:01 AM,5325cdbf-d627-4aba-b5b4-9a62240d599f,R Palm Laceration,Mike_4 Root,gauzePressure,low,rightArm,False,False,"(0.7, 1.3, 6.0)",
PATIENT_RECORD,15900,11/30/2022 8:30:01 AM,5325cdbf-d627-4aba-b5b4-9a62240d599f,100,0,Gary_5 Root,"(2.8, 0.0, 5.3)","(0.0, 1.0, 0.0, 0.0)",MINIMAL,walker,normal,restricted,normal,upset,sittingGround,
INJURY_RECORD,15900,11/30/2022 8:30:01 AM,5325cdbf-d627-4aba-b5b4-9a62240d599f,Asthmatic,Gary_5 Root,none,medium,chest,False,False,"(0.0, 0.0, 0.0)",
PATIENT_RECORD,15900,11/30/2022 8:30:01 AM,5325cdbf-d627-4aba-b5b4-9a62240d599f,100,128,Mike_6 Root,"(3.0, 0.0, 3.4)","(0.0, 0.0, 0.0, 1.0)",IMMEDIATE,still,faint,collapsedRight,normal,unresponsive,supine,
INJURY_RECORD,15900,11/30/2022 8:30:01 AM,5325cdbf-d627-4aba-b5b4-9a62240d599f,R Chest Collapse,Mike_6 Root,decompress,high,chest,False,False,"(0.0, 0.0, 0.0)",
PATIENT_RECORD,15900,11/30/2022 8:30:01 AM,5325cdbf-d627-4aba-b5b4-9a62240d599f,100,Infinity,Lily_7 Root,"(2.3, 0.0, 1.8)","(0.0, 1.0, 0.0, 0.0)",DEAD,still,none,none,none,dead,supine,
INJURY_RECORD,15900,11/30/2022 8:30:01 AM,5325cdbf-d627-4aba-b5b4-9a62240d599f,Face Shrapnel,Lily_7 Root,airway,high,head,False,False,"(2.3, 1.6, 1.8)",
INJURY_RECORD,15900,11/30/2022 8:30:01 AM,5325cdbf-d627-4aba-b5b4-9a62240d599f,L Wrist Amputation,Lily_7 Root,tourniquet,high,leftArm,False,False,"(2.9, 1.3, 1.7)",
INJURY_RECORD,15900,11/30/2022 8:30:01 AM,5325cdbf-d627-4aba-b5b4-9a62240d599f,R Bicep Puncture,Lily_7 Root,tourniquet,medium,rightArm,False,False,"(1.9, 1.3, 1.8)",
PATIENT_RECORD,15900,11/30/2022 8:30:01 AM,5325cdbf-d627-4aba-b5b4-9a62240d599f,100,Infinity,Gloria_8 Root,"(2.6, 0.0, 8.0)","(0.0, 1.0, 0.0, 0.0)",MINIMAL,still,normal,normal,limited,calm,standing,
INJURY_RECORD,15900,11/30/2022 8:30:01 AM,5325cdbf-d627-4aba-b5b4-9a62240d599f,Ear Bleed,Gloria_8 Root,none,low,head,False,False,"(0.0, 0.0, 0.0)",
PATIENT_RECORD,15900,11/30/2022 8:30:01 AM,5325cdbf-d627-4aba-b5b4-9a62240d599f,100,Infinity,Mike_9 Root,"(3.5, 0.0, 1.1)","(0.0, 1.0, 0.0, 0.0)",IMMEDIATE,waver,normal,normal,normal,upset,sittingGround,
INJURY_RECORD,15900,11/30/2022 8:30:01 AM,5325cdbf-d627-4aba-b5b4-9a62240d599f,L Side Puncture,Mike_9 Root,woundpack,medium,abdomen,False,False,"(3.6, 1.1, 1.0)",
INJURY_RECORD,15900,11/30/2022 8:30:01 AM,5325cdbf-d627-4aba-b5b4-9a62240d599f,L Thigh Puncture,Mike_9 Root,tourniquet,medium,leftLeg,False,False,"(3.5, 0.6, 1.0)",
INJURY_RECORD,15900,11/30/2022 8:30:01 AM,5325cdbf-d627-4aba-b5b4-9a62240d599f,L Calf Laceration,Mike_9 Root,gauzePressure,low,leftLeg,False,False,"(3.6, 0.3, 1.1)",
PATIENT_RECORD,15900,11/30/2022 8:30:01 AM,5325cdbf-d627-4aba-b5b4-9a62240d599f,100,Infinity,Bob_10 Root,"(3.8, 0.0, 4.0)","(0.0, 1.0, 0.0, 0.0)",MINIMAL,walker,normal,normal,normal,calm,standing,
VOICE_CAPTURE,21094,11/30/2022 8:30:07 AM,5325cdbf-d627-4aba-b5b4-9a62240d599f,but but i'm when i get home i'm gonna do that i'm gonna change to that guy on my bill i'll walk to the safe zone,NA,
VOICE_COMMAND,21094,11/30/2022 8:30:07 AM,5325cdbf-d627-4aba-b5b4-9a62240d599f,walk to the safe area,but but i'm when i get home i'm gonna do that i'm gonna change to that guy on my bill i'll walk to the safe zone,
S_A_L_T_WALK_IF_CAN,21097,11/30/2022 8:30:07 AM,5325cdbf-d627-4aba-b5b4-9a62240d599f,"(0.2, 0.0, 7.7)",walkIfCan,Helga_0 Root,
S_A_L_T_WALK_IF_CAN,21097,11/30/2022 8:30:07 AM,5325cdbf-d627-4aba-b5b4-9a62240d599f,"(1.2, 0.0, 3.9)",walkIfCan,Lily_1 Root,
S_A_L_T_WALK_IF_CAN,21097,11/30/2022 8:30:07 AM,5325cdbf-d627-4aba-b5b4-9a62240d599f,"(0.8, 0.0, 0.6)",walkIfCan,Gloria_2 Root,
S_A_L_T_WALK_IF_CAN,21097,11/30/2022 8:30:07 AM,5325cdbf-d627-4aba-b5b4-9a62240d599f,"(-1.3, 0.0, 4.2)",walkIfCan,Mike_3 Root,
S_A_L_T_WALK_IF_CAN,21097,11/30/2022 8:30:07 AM,5325cdbf-d627-4aba-b5b4-9a62240d599f,"(1.4, 0.0, 6.0)",walkIfCan,Mike_4 Root,
S_A_L_T_WALKED,21097,11/30/2022 8:30:07 AM,5325cdbf-d627-4aba-b5b4-9a62240d599f,"(1.4, 0.0, 6.0)",walked,Mike_4 Root,
S_A_L_T_WALK_IF_CAN,21097,11/30/2022 8:30:07 AM,5325cdbf-d627-4aba-b5b4-9a62240d599f,"(2.8, 0.0, 5.3)",walkIfCan,Gary_5 Root,
S_A_L_T_WALKED,21097,11/30/2022 8:30:07 AM,5325cdbf-d627-4aba-b5b4-9a62240d599f,"(2.8, 0.0, 5.3)",walked,Gary_5 Root,
S_A_L_T_WALK_IF_CAN,21097,11/30/2022 8:30:07 AM,5325cdbf-d627-4aba-b5b4-9a62240d599f,"(2.6, 0.0, 8.0)",walkIfCan,Gloria_8 Root,
S_A_L_T_WALK_IF_CAN,21097,11/30/2022 8:30:07 AM,5325cdbf-d627-4aba-b5b4-9a62240d599f,"(3.5, 0.0, 1.1)",walkIfCan,Mike_9 Root,
S_A_L_T_WALK_IF_CAN,21097,11/30/2022 8:30:07 AM,5325cdbf-d627-4aba-b5b4-9a62240d599f,"(3.8, 0.0, 4.0)",walkIfCan,Bob_10 Root,
S_A_L_T_WALKED,21097,11/30/2022 8:30:07 AM,5325cdbf-d627-4aba-b5b4-9a62240d599f,"(3.8, 0.0, 4.0)",walked,Bob_10 Root,
VOICE_CAPTURE,31517,11/30/2022 8:30:17 AM,5325cdbf-d627-4aba-b5b4-9a62240d599f,and and i'm gonna video that i'm gonna send it to the developer and say yeah we got a problem here,NA,
TELEPORT,34341,11/30/2022 8:30:20 AM,5325cdbf-d627-4aba-b5b4-9a62240d599f,"(0.8, 0.0, -2.3)",
PATIENT_ENGAGED,38403,11/30/2022 8:30:24 AM,5325cdbf-d627-4aba-b5b4-9a62240d599f,100,Infinity,Mike_4 Root,"(3.0, 0.0, -5.0)","(0.0, 0.1, 0.0, -1.0)",MINIMAL,walker,normal,normal,normal,upset,sittingGround,
TELEPORT,41559,11/30/2022 8:30:27 AM,5325cdbf-d627-4aba-b5b4-9a62240d599f,"(1.9, 0.0, -4.4)",
BAG_ACCESS,43818,11/30/2022 8:30:29 AM,5325cdbf-d627-4aba-b5b4-9a62240d599f,"(3.2, 0.5, -4.4)",
TOOL_HOVER,44451,11/30/2022 8:30:30 AM,5325cdbf-d627-4aba-b5b4-9a62240d599f,Gauze,999,
TOOL_HOVER,44467,11/30/2022 8:30:30 AM,5325cdbf-d627-4aba-b5b4-9a62240d599f,Gauze,999,
TOOL_HOVER,44484,11/30/2022 8:30:30 AM,5325cdbf-d627-4aba-b5b4-9a62240d599f,Gauze,999,
TOOL_HOVER,44500,11/30/2022 8:30:30 AM,5325cdbf-d627-4aba-b5b4-9a62240d599f,Gauze,999,
TOOL_SELECTED,44504,11/30/2022 8:30:30 AM,5325cdbf-d627-4aba-b5b4-9a62240d599f,Gauze,998,
VOICE_CAPTURE,44683,11/30/2022 8:30:30 AM,5325cdbf-d627-4aba-b5b4-9a62240d599f,hi was this guy would stop sitting down,NA,
VOICE_COMMAND,44684,11/30/2022 8:30:30 AM,5325cdbf-d627-4aba-b5b4-9a62240d599f,sit up/down,hi was this guy would stop sitting down,
TOOL_DISCARDED,46538,11/30/2022 8:30:32 AM,5325cdbf-d627-4aba-b5b4-9a62240d599f,Gauze,998,"(3.2, 0.4, -4.9)",
INJURY_TREATED,46540,11/30/2022 8:30:32 AM,5325cdbf-d627-4aba-b5b4-9a62240d599f,R Palm Laceration,Mike_4 Root,gauzePressure,low,rightArm,True,False,"(3.2, 0.4, -4.9)",
TOOL_APPLIED,46540,11/30/2022 8:30:32 AM,5325cdbf-d627-4aba-b5b4-9a62240d599f,Mike_4 Root,Gauze_Dressing,skinCollider_BodyCollideLOD (UnityEngine.GameObject),null,null,AppliedDressingGauze,
BAG_CLOSED,48712,11/30/2022 8:30:34 AM,5325cdbf-d627-4aba-b5b4-9a62240d599f,"(3.2, 0.5, -4.4)",
VOICE_CAPTURE,52436,11/30/2022 8:30:38 AM,5325cdbf-d627-4aba-b5b4-9a62240d599f,there you go that's the guy we want right there,NA,
TELEPORT,56278,11/30/2022 8:30:42 AM,5325cdbf-d627-4aba-b5b4-9a62240d599f,"(1.9, 0.0, -4.5)",
TELEPORT,60323,11/30/2022 8:30:46 AM,5325cdbf-d627-4aba-b5b4-9a62240d599f,"(3.5, 0.0, -5.0)",
VOICE_CAPTURE,60839,11/30/2022 8:30:46 AM,5325cdbf-d627-4aba-b5b4-9a62240d599f,yeah everyone else should be the same the weezer guys wheezing the sky with no problems he's fine,NA,
TELEPORT,62578,11/30/2022 8:30:48 AM,5325cdbf-d627-4aba-b5b4-9a62240d599f,"(2.5, 0.0, 4.8)",
PATIENT_ENGAGED,64732,11/30/2022 8:30:50 AM,5325cdbf-d627-4aba-b5b4-9a62240d599f,100,Infinity,Gloria_8 Root,"(2.6, 0.0, 8.0)","(0.0, 1.0, 0.0, 0.0)",MINIMAL,still,normal,normal,limited,calm,standing,
VOICE_CAPTURE,70195,11/30/2022 8:30:56 AM,5325cdbf-d627-4aba-b5b4-9a62240d599f,yes i know,NA,
VOICE_CAPTURE,78432,11/30/2022 8:31:04 AM,5325cdbf-d627-4aba-b5b4-9a62240d599f,yeah so she so she shouldn't be but but she will so if you say you know what's your name,NA,
VOICE_COMMAND,78432,11/30/2022 8:31:04 AM,5325cdbf-d627-4aba-b5b4-9a62240d599f,what is your name,yeah so she so she shouldn't be but but she will so if you say you know what's your name,
VOICE_CAPTURE,82926,11/30/2022 8:31:09 AM,5325cdbf-d627-4aba-b5b4-9a62240d599f,what you yeah so,NA,
VOICE_CAPTURE,92649,11/30/2022 8:31:18 AM,5325cdbf-d627-4aba-b5b4-9a62240d599f,it's it's a it's the way the thing is programmed but he has the guy who built all the patients was is really into,NA,
VOICE_CAPTURE,103643,11/30/2022 8:31:29 AM,5325cdbf-d627-4aba-b5b4-9a62240d599f,a very sophisticated algorithm whereby each patient checks to see what their injuries are and then based on the injury patterns that they have,NA,
VOICE_COMMAND,103643,11/30/2022 8:31:29 AM,5325cdbf-d627-4aba-b5b4-9a62240d599f,are you hurt,a very sophisticated algorithm whereby each patient checks to see what their injuries are and then based on the injury patterns that they have,
VOICE_CAPTURE,117961,11/30/2022 8:31:44 AM,5325cdbf-d627-4aba-b5b4-9a62240d599f,that dictates the answers that they give based on the injuries but it doesn't do that for the other things so because her injuries are her ears she won't answer any question about her injury are you hurt ma'am are you hurt,NA,
VOICE_COMMAND,117961,11/30/2022 8:31:44 AM,5325cdbf-d627-4aba-b5b4-9a62240d599f,are you hurt,that dictates the answers that they give based on the injuries but it doesn't do that for the other things so because her injuries are her ears she won't answer any question about her injury are you hurt ma'am are you hurt,
VOICE_COMMAND,117961,11/30/2022 8:31:44 AM,5325cdbf-d627-4aba-b5b4-9a62240d599f,are you hurt,that dictates the answers that they give based on the injuries but it doesn't do that for the other things so because her injuries are her ears she won't answer any question about her injury are you hurt ma'am are you hurt,
VOICE_CAPTURE,119900,11/30/2022 8:31:45 AM,5325cdbf-d627-4aba-b5b4-9a62240d599f,are you hurt,NA,
VOICE_COMMAND,119900,11/30/2022 8:31:45 AM,5325cdbf-d627-4aba-b5b4-9a62240d599f,are you hurt,are you hurt,
VOICE_CAPTURE,122288,11/30/2022 8:31:48 AM,5325cdbf-d627-4aba-b5b4-9a62240d599f,are you injured,NA,
VOICE_COMMAND,122288,11/30/2022 8:31:48 AM,5325cdbf-d627-4aba-b5b4-9a62240d599f,are you hurt,are you injured,
VOICE_CAPTURE,123041,11/30/2022 8:31:49 AM,5325cdbf-d627-4aba-b5b4-9a62240d599f,are you hurt,NA,
VOICE_COMMAND,123041,11/30/2022 8:31:49 AM,5325cdbf-d627-4aba-b5b4-9a62240d599f,are you hurt,are you hurt,
VOICE_CAPTURE,129321,11/30/2022 8:31:55 AM,5325cdbf-d627-4aba-b5b4-9a62240d599f,and she won't do anything but if you ask her other things like what's your name,NA,
VOICE_COMMAND,129321,11/30/2022 8:31:55 AM,5325cdbf-d627-4aba-b5b4-9a62240d599f,what is your name,and she won't do anything but if you ask her other things like what's your name,
VOICE_CAPTURE,133081,11/30/2022 8:31:59 AM,5325cdbf-d627-4aba-b5b4-9a62240d599f,yeah can you sit down,NA,
VOICE_COMMAND,133081,11/30/2022 8:31:59 AM,5325cdbf-d627-4aba-b5b4-9a62240d599f,sit up/down,yeah can you sit down,
PULSE_TAKEN,133782,11/30/2022 8:31:59 AM,5325cdbf-d627-4aba-b5b4-9a62240d599f,pulse_normal,Gloria_8 Root,
VOICE_CAPTURE,141719,11/30/2022 8:32:07 AM,5325cdbf-d627-4aba-b5b4-9a62240d599f,yeah so that's the thing she's answering correctly based on her injuries,NA,
VOICE_COMMAND,141719,11/30/2022 8:32:07 AM,5325cdbf-d627-4aba-b5b4-9a62240d599f,are you hurt,yeah so that's the thing she's answering correctly based on her injuries,
VOICE_CAPTURE,147532,11/30/2022 8:32:13 AM,5325cdbf-d627-4aba-b5b4-9a62240d599f,but for this particular thing she shouldn't answer she shouldn't do anything right she shouldn't respond at all,NA,
VOICE_CAPTURE,158643,11/30/2022 8:32:24 AM,5325cdbf-d627-4aba-b5b4-9a62240d599f,that's probably a you know a level of reprogramming that the guy's not willing to do i mean he's kind of the guy who did all the programming is a genius but,NA,
VOICE_CAPTURE,177605,11/30/2022 8:32:43 AM,5325cdbf-d627-4aba-b5b4-9a62240d599f,he has all the quirks of a genius and so so working with him is really a challenge it takes all of my managerial skills to get that guy to do what we need him to do he's he's a nice guy but he is so mercurial that boy if you **** him off or something he just stops doing,NA,
VOICE_CAPTURE,187981,11/30/2022 8:32:54 AM,5325cdbf-d627-4aba-b5b4-9a62240d599f,he's not here anymore he used to be at ohio state just before the project started he moved to philadelphia because he's directing a museum in philadelphia so he does all the work remotely,NA,
VOICE_CAPTURE,189367,11/30/2022 8:32:55 AM,5325cdbf-d627-4aba-b5b4-9a62240d599f,but,NA,
