VOICE_CAPTURE,7737,12/6/2022 2:14:49 PM,59944550-962a-44d4-8dda-5bedfb4675b2,he is way ******* blurry how do i fix that,NA,
VOICE_CAPTURE,10842,12/6/2022 2:14:52 PM,59944550-962a-44d4-8dda-5bedfb4675b2,OK hang on,NA,
VOICE_CAPTURE,20900,12/6/2022 2:15:02 PM,59944550-962a-44d4-8dda-5bedfb4675b2,yeah you're good there,NA,
VOICE_CAPTURE,30773,12/6/2022 2:15:12 PM,59944550-962a-44d4-8dda-5bedfb4675b2,it's still blurry little bit oh i think i get by it's one of those things i'm trying out such buttons,NA,
VOICE_CAPTURE,31377,12/6/2022 2:15:13 PM,59944550-962a-44d4-8dda-5bedfb4675b2,worse fix me,NA,
TELEPORT,33464,12/6/2022 2:15:15 PM,59944550-962a-44d4-8dda-5bedfb4675b2,"(1.9, 0.0, 1.2)",
VOICE_CAPTURE,33715,12/6/2022 2:15:15 PM,59944550-962a-44d4-8dda-5bedfb4675b2,so they're thumbs,NA,
TELEPORT,34716,12/6/2022 2:15:16 PM,59944550-962a-44d4-8dda-5bedfb4675b2,"(2.0, 0.0, 0.9)",
TELEPORT,38676,12/6/2022 2:15:20 PM,59944550-962a-44d4-8dda-5bedfb4675b2,"(2.0, 0.0, 0.7)",
VOICE_CAPTURE,39595,12/6/2022 2:15:21 PM,59944550-962a-44d4-8dda-5bedfb4675b2,that ain't gonna happen with that one,NA,
TELEPORT,39846,12/6/2022 2:15:21 PM,59944550-962a-44d4-8dda-5bedfb4675b2,"(0.9, 0.0, -10.5)",
VOICE_CAPTURE,43236,12/6/2022 2:15:25 PM,59944550-962a-44d4-8dda-5bedfb4675b2,oh,NA,
VOICE_CAPTURE,45760,12/6/2022 2:15:27 PM,59944550-962a-44d4-8dda-5bedfb4675b2,OK where do you go though,NA,
TELEPORT,48317,12/6/2022 2:15:30 PM,59944550-962a-44d4-8dda-5bedfb4675b2,"(3.1, 0.0, -19.9)",
VOICE_CAPTURE,49353,12/6/2022 2:15:31 PM,59944550-962a-44d4-8dda-5bedfb4675b2,physically,NA,
TELEPORT,50555,12/6/2022 2:15:32 PM,59944550-962a-44d4-8dda-5bedfb4675b2,"(1.2, 0.0, -10.9)",
VOICE_CAPTURE,51809,12/6/2022 2:15:33 PM,59944550-962a-44d4-8dda-5bedfb4675b2,over there,NA,
VOICE_CAPTURE,57270,12/6/2022 2:15:39 PM,59944550-962a-44d4-8dda-5bedfb4675b2,OK OK got you,NA,
VOICE_CAPTURE,62834,12/6/2022 2:15:44 PM,59944550-962a-44d4-8dda-5bedfb4675b2,physically,NA,
PATIENT_ENGAGED,63353,12/6/2022 2:15:45 PM,59944550-962a-44d4-8dda-5bedfb4675b2,100,128,Mike Root,"(3.1, 0.0, -1.0)","(0.0, 0.9, 0.0, -0.4)",MINIMAL,walker,normal,normal,normal,calm,standing,
VOICE_CAPTURE,63962,12/6/2022 2:15:45 PM,59944550-962a-44d4-8dda-5bedfb4675b2,like this,NA,
PULSE_TAKEN,66485,12/6/2022 2:15:48 PM,59944550-962a-44d4-8dda-5bedfb4675b2,pulse_normal,Mike Root,
VOICE_CAPTURE,68273,12/6/2022 2:15:50 PM,59944550-962a-44d4-8dda-5bedfb4675b2,so,NA,
PULSE_TAKEN,68807,12/6/2022 2:15:50 PM,59944550-962a-44d4-8dda-5bedfb4675b2,pulse_normal,Mike Root,
PULSE_TAKEN,73252,12/6/2022 2:15:55 PM,59944550-962a-44d4-8dda-5bedfb4675b2,pulse_normal,Mike Root,
VOICE_CAPTURE,78764,12/6/2022 2:16:00 PM,59944550-962a-44d4-8dda-5bedfb4675b2,alright,NA,
BAG_ACCESS,84348,12/6/2022 2:16:06 PM,59944550-962a-44d4-8dda-5bedfb4675b2,"(2.2, 0.8, -1.8)",
VOICE_CAPTURE,92899,12/6/2022 2:16:14 PM,59944550-962a-44d4-8dda-5bedfb4675b2,hey,NA,
VOICE_CAPTURE,95757,12/6/2022 2:16:17 PM,59944550-962a-44d4-8dda-5bedfb4675b2,is a different modality,NA,
TOOL_HOVER,95857,12/6/2022 2:16:17 PM,59944550-962a-44d4-8dda-5bedfb4675b2,Hemostatic Gauze,999,
TOOL_HOVER,95874,12/6/2022 2:16:17 PM,59944550-962a-44d4-8dda-5bedfb4675b2,Hemostatic Gauze,999,
TOOL_HOVER,95890,12/6/2022 2:16:17 PM,59944550-962a-44d4-8dda-5bedfb4675b2,Hemostatic Gauze,999,
TOOL_HOVER,95909,12/6/2022 2:16:17 PM,59944550-962a-44d4-8dda-5bedfb4675b2,Hemostatic Gauze,999,
TOOL_HOVER,95923,12/6/2022 2:16:17 PM,59944550-962a-44d4-8dda-5bedfb4675b2,Hemostatic Gauze,999,
TOOL_HOVER,95940,12/6/2022 2:16:17 PM,59944550-962a-44d4-8dda-5bedfb4675b2,Hemostatic Gauze,999,
TOOL_HOVER,95957,12/6/2022 2:16:17 PM,59944550-962a-44d4-8dda-5bedfb4675b2,Hemostatic Gauze,999,
TOOL_HOVER,95974,12/6/2022 2:16:17 PM,59944550-962a-44d4-8dda-5bedfb4675b2,Hemostatic Gauze,999,
TOOL_HOVER,95990,12/6/2022 2:16:17 PM,59944550-962a-44d4-8dda-5bedfb4675b2,Hemostatic Gauze,999,
TOOL_HOVER,96009,12/6/2022 2:16:17 PM,59944550-962a-44d4-8dda-5bedfb4675b2,Hemostatic Gauze,999,
TOOL_HOVER,96023,12/6/2022 2:16:17 PM,59944550-962a-44d4-8dda-5bedfb4675b2,Hemostatic Gauze,999,
TOOL_HOVER,96041,12/6/2022 2:16:17 PM,59944550-962a-44d4-8dda-5bedfb4675b2,Hemostatic Gauze,999,
VOICE_CAPTURE,99264,12/6/2022 2:16:21 PM,59944550-962a-44d4-8dda-5bedfb4675b2,dot dot .net yeah,NA,
VOICE_CAPTURE,102223,12/6/2022 2:16:24 PM,59944550-962a-44d4-8dda-5bedfb4675b2,what's that,NA,
VOICE_CAPTURE,108436,12/6/2022 2:16:30 PM,59944550-962a-44d4-8dda-5bedfb4675b2,so it's the other one of that one OK,NA,
VOICE_CAPTURE,112348,12/6/2022 2:16:34 PM,59944550-962a-44d4-8dda-5bedfb4675b2,hold the red the blue on black,NA,
VOICE_CAPTURE,121418,12/6/2022 2:16:43 PM,59944550-962a-44d4-8dda-5bedfb4675b2,yeah,NA,
VOICE_CAPTURE,122320,12/6/2022 2:16:44 PM,59944550-962a-44d4-8dda-5bedfb4675b2,gotcha,NA,
TOOL_HOVER,125461,12/6/2022 2:16:47 PM,59944550-962a-44d4-8dda-5bedfb4675b2,Tourniquet,999,
TOOL_HOVER,125478,12/6/2022 2:16:47 PM,59944550-962a-44d4-8dda-5bedfb4675b2,Tourniquet,999,
TOOL_HOVER,125494,12/6/2022 2:16:47 PM,59944550-962a-44d4-8dda-5bedfb4675b2,Tourniquet,999,
TOOL_HOVER,125512,12/6/2022 2:16:47 PM,59944550-962a-44d4-8dda-5bedfb4675b2,Tourniquet,999,
TOOL_HOVER,125528,12/6/2022 2:16:47 PM,59944550-962a-44d4-8dda-5bedfb4675b2,Tourniquet,999,
TOOL_HOVER,125545,12/6/2022 2:16:47 PM,59944550-962a-44d4-8dda-5bedfb4675b2,Tourniquet,999,
TOOL_HOVER,125562,12/6/2022 2:16:47 PM,59944550-962a-44d4-8dda-5bedfb4675b2,Tourniquet,999,
TOOL_HOVER,125579,12/6/2022 2:16:47 PM,59944550-962a-44d4-8dda-5bedfb4675b2,Tourniquet,999,
TOOL_HOVER,125594,12/6/2022 2:16:47 PM,59944550-962a-44d4-8dda-5bedfb4675b2,Tourniquet,999,
TOOL_HOVER,125611,12/6/2022 2:16:47 PM,59944550-962a-44d4-8dda-5bedfb4675b2,Tourniquet,999,
TOOL_HOVER,125628,12/6/2022 2:16:47 PM,59944550-962a-44d4-8dda-5bedfb4675b2,Tourniquet,999,
TOOL_HOVER,125645,12/6/2022 2:16:47 PM,59944550-962a-44d4-8dda-5bedfb4675b2,Tourniquet,999,
TOOL_HOVER,125662,12/6/2022 2:16:47 PM,59944550-962a-44d4-8dda-5bedfb4675b2,Tourniquet,999,
TOOL_HOVER,125679,12/6/2022 2:16:47 PM,59944550-962a-44d4-8dda-5bedfb4675b2,Tourniquet,999,
TOOL_HOVER,125696,12/6/2022 2:16:47 PM,59944550-962a-44d4-8dda-5bedfb4675b2,Tourniquet,999,
TOOL_HOVER,125712,12/6/2022 2:16:47 PM,59944550-962a-44d4-8dda-5bedfb4675b2,Tourniquet,999,
TOOL_HOVER,125730,12/6/2022 2:16:47 PM,59944550-962a-44d4-8dda-5bedfb4675b2,Tourniquet,999,
TOOL_HOVER,125745,12/6/2022 2:16:47 PM,59944550-962a-44d4-8dda-5bedfb4675b2,Tourniquet,999,
TOOL_HOVER,125762,12/6/2022 2:16:47 PM,59944550-962a-44d4-8dda-5bedfb4675b2,Tourniquet,999,
TOOL_HOVER,125779,12/6/2022 2:16:47 PM,59944550-962a-44d4-8dda-5bedfb4675b2,Tourniquet,999,
TOOL_HOVER,125795,12/6/2022 2:16:47 PM,59944550-962a-44d4-8dda-5bedfb4675b2,Tourniquet,999,
TOOL_HOVER,125812,12/6/2022 2:16:47 PM,59944550-962a-44d4-8dda-5bedfb4675b2,Tourniquet,999,
TOOL_HOVER,125829,12/6/2022 2:16:47 PM,59944550-962a-44d4-8dda-5bedfb4675b2,Tourniquet,999,
TOOL_HOVER,125846,12/6/2022 2:16:47 PM,59944550-962a-44d4-8dda-5bedfb4675b2,Tourniquet,999,
TOOL_HOVER,125862,12/6/2022 2:16:47 PM,59944550-962a-44d4-8dda-5bedfb4675b2,Tourniquet,999,
TOOL_HOVER,125879,12/6/2022 2:16:47 PM,59944550-962a-44d4-8dda-5bedfb4675b2,Tourniquet,999,
TOOL_HOVER,125896,12/6/2022 2:16:47 PM,59944550-962a-44d4-8dda-5bedfb4675b2,Tourniquet,999,
TOOL_HOVER,125916,12/6/2022 2:16:47 PM,59944550-962a-44d4-8dda-5bedfb4675b2,Tourniquet,999,
TOOL_HOVER,125931,12/6/2022 2:16:47 PM,59944550-962a-44d4-8dda-5bedfb4675b2,Tourniquet,999,
TOOL_HOVER,125946,12/6/2022 2:16:47 PM,59944550-962a-44d4-8dda-5bedfb4675b2,Tourniquet,999,
TOOL_HOVER,125963,12/6/2022 2:16:47 PM,59944550-962a-44d4-8dda-5bedfb4675b2,Tourniquet,999,
TOOL_HOVER,125979,12/6/2022 2:16:47 PM,59944550-962a-44d4-8dda-5bedfb4675b2,Tourniquet,999,
TOOL_HOVER,125996,12/6/2022 2:16:47 PM,59944550-962a-44d4-8dda-5bedfb4675b2,Tourniquet,999,
TOOL_HOVER,126013,12/6/2022 2:16:47 PM,59944550-962a-44d4-8dda-5bedfb4675b2,Tourniquet,999,
TOOL_HOVER,126030,12/6/2022 2:16:47 PM,59944550-962a-44d4-8dda-5bedfb4675b2,Tourniquet,999,
TOOL_HOVER,126046,12/6/2022 2:16:47 PM,59944550-962a-44d4-8dda-5bedfb4675b2,Tourniquet,999,
TOOL_HOVER,126063,12/6/2022 2:16:47 PM,59944550-962a-44d4-8dda-5bedfb4675b2,Tourniquet,999,
TOOL_HOVER,126079,12/6/2022 2:16:47 PM,59944550-962a-44d4-8dda-5bedfb4675b2,Tourniquet,999,
TOOL_HOVER,126097,12/6/2022 2:16:48 PM,59944550-962a-44d4-8dda-5bedfb4675b2,Tourniquet,999,
TOOL_HOVER,126113,12/6/2022 2:16:48 PM,59944550-962a-44d4-8dda-5bedfb4675b2,Tourniquet,999,
TOOL_HOVER,126130,12/6/2022 2:16:48 PM,59944550-962a-44d4-8dda-5bedfb4675b2,Tourniquet,999,
TOOL_HOVER,126146,12/6/2022 2:16:48 PM,59944550-962a-44d4-8dda-5bedfb4675b2,Tourniquet,999,
TOOL_HOVER,126163,12/6/2022 2:16:48 PM,59944550-962a-44d4-8dda-5bedfb4675b2,Tourniquet,999,
TOOL_HOVER,126180,12/6/2022 2:16:48 PM,59944550-962a-44d4-8dda-5bedfb4675b2,Tourniquet,999,
TOOL_HOVER,126196,12/6/2022 2:16:48 PM,59944550-962a-44d4-8dda-5bedfb4675b2,Tourniquet,999,
TOOL_HOVER,126213,12/6/2022 2:16:48 PM,59944550-962a-44d4-8dda-5bedfb4675b2,Tourniquet,999,
TOOL_HOVER,126230,12/6/2022 2:16:48 PM,59944550-962a-44d4-8dda-5bedfb4675b2,Tourniquet,999,
TOOL_HOVER,126246,12/6/2022 2:16:48 PM,59944550-962a-44d4-8dda-5bedfb4675b2,Tourniquet,999,
TOOL_HOVER,126264,12/6/2022 2:16:48 PM,59944550-962a-44d4-8dda-5bedfb4675b2,Tourniquet,999,
TOOL_HOVER,126280,12/6/2022 2:16:48 PM,59944550-962a-44d4-8dda-5bedfb4675b2,Tourniquet,999,
TOOL_HOVER,126297,12/6/2022 2:16:48 PM,59944550-962a-44d4-8dda-5bedfb4675b2,Tourniquet,999,
TOOL_HOVER,126313,12/6/2022 2:16:48 PM,59944550-962a-44d4-8dda-5bedfb4675b2,Tourniquet,999,
TOOL_SELECTED,126317,12/6/2022 2:16:48 PM,59944550-962a-44d4-8dda-5bedfb4675b2,Tourniquet,998,
TOOL_APPLIED,130509,12/6/2022 2:16:52 PM,59944550-962a-44d4-8dda-5bedfb4675b2,Mike Root,Tourniquet,RightForeArm (UnityEngine.GameObject),tor_ring (1) (UnityEngine.GameObject),tourniquet(Clone) (UnityEngine.GameObject),AppliedTourniquet,
VOICE_CAPTURE,137741,12/6/2022 2:16:59 PM,59944550-962a-44d4-8dda-5bedfb4675b2,how come there's a grid behind him,NA,
TOOL_HOVER,139847,12/6/2022 2:17:01 PM,59944550-962a-44d4-8dda-5bedfb4675b2,Tourniquet,998,
TOOL_HOVER,139863,12/6/2022 2:17:01 PM,59944550-962a-44d4-8dda-5bedfb4675b2,Tourniquet,998,
TOOL_HOVER,139880,12/6/2022 2:17:01 PM,59944550-962a-44d4-8dda-5bedfb4675b2,Tourniquet,998,
TOOL_HOVER,139897,12/6/2022 2:17:01 PM,59944550-962a-44d4-8dda-5bedfb4675b2,Tourniquet,998,
TOOL_HOVER,139913,12/6/2022 2:17:01 PM,59944550-962a-44d4-8dda-5bedfb4675b2,Tourniquet,998,
TOOL_HOVER,139930,12/6/2022 2:17:01 PM,59944550-962a-44d4-8dda-5bedfb4675b2,Tourniquet,998,
TOOL_HOVER,139947,12/6/2022 2:17:01 PM,59944550-962a-44d4-8dda-5bedfb4675b2,Tourniquet,998,
TOOL_HOVER,139963,12/6/2022 2:17:01 PM,59944550-962a-44d4-8dda-5bedfb4675b2,Tourniquet,998,
TOOL_HOVER,139980,12/6/2022 2:17:01 PM,59944550-962a-44d4-8dda-5bedfb4675b2,Tourniquet,998,
TOOL_HOVER,139999,12/6/2022 2:17:01 PM,59944550-962a-44d4-8dda-5bedfb4675b2,Tourniquet,998,
TOOL_HOVER,140013,12/6/2022 2:17:01 PM,59944550-962a-44d4-8dda-5bedfb4675b2,Tourniquet,998,
TOOL_HOVER,140030,12/6/2022 2:17:01 PM,59944550-962a-44d4-8dda-5bedfb4675b2,Tourniquet,998,
TOOL_HOVER,140047,12/6/2022 2:17:01 PM,59944550-962a-44d4-8dda-5bedfb4675b2,Tourniquet,998,
TOOL_HOVER,140064,12/6/2022 2:17:01 PM,59944550-962a-44d4-8dda-5bedfb4675b2,Tourniquet,998,
TOOL_HOVER,140080,12/6/2022 2:17:01 PM,59944550-962a-44d4-8dda-5bedfb4675b2,Tourniquet,998,
TOOL_HOVER,140097,12/6/2022 2:17:02 PM,59944550-962a-44d4-8dda-5bedfb4675b2,Tourniquet,998,
TOOL_HOVER,140113,12/6/2022 2:17:02 PM,59944550-962a-44d4-8dda-5bedfb4675b2,Tourniquet,998,
TOOL_HOVER,140130,12/6/2022 2:17:02 PM,59944550-962a-44d4-8dda-5bedfb4675b2,Tourniquet,998,
TOOL_HOVER,140147,12/6/2022 2:17:02 PM,59944550-962a-44d4-8dda-5bedfb4675b2,Tourniquet,998,
TOOL_HOVER,140163,12/6/2022 2:17:02 PM,59944550-962a-44d4-8dda-5bedfb4675b2,Tourniquet,998,
TOOL_HOVER,140180,12/6/2022 2:17:02 PM,59944550-962a-44d4-8dda-5bedfb4675b2,Tourniquet,998,
TOOL_HOVER,140198,12/6/2022 2:17:02 PM,59944550-962a-44d4-8dda-5bedfb4675b2,Tourniquet,998,
TOOL_HOVER,140213,12/6/2022 2:17:02 PM,59944550-962a-44d4-8dda-5bedfb4675b2,Tourniquet,998,
TOOL_HOVER,140230,12/6/2022 2:17:02 PM,59944550-962a-44d4-8dda-5bedfb4675b2,Tourniquet,998,
TOOL_HOVER,140246,12/6/2022 2:17:02 PM,59944550-962a-44d4-8dda-5bedfb4675b2,Tourniquet,998,
TOOL_SELECTED,140247,12/6/2022 2:17:02 PM,59944550-962a-44d4-8dda-5bedfb4675b2,Tourniquet,997,
VOICE_CAPTURE,141886,12/6/2022 2:17:03 PM,59944550-962a-44d4-8dda-5bedfb4675b2,oh he's close oh yeah OK i'm like whoa,NA,
TOOL_APPLIED,143689,12/6/2022 2:17:05 PM,59944550-962a-44d4-8dda-5bedfb4675b2,Mike Root,Tourniquet,RightForeArm (UnityEngine.GameObject),tor_ring (1) (UnityEngine.GameObject),tourniquet(Clone) (UnityEngine.GameObject),AppliedTourniquet,
VOICE_CAPTURE,144092,12/6/2022 2:17:06 PM,59944550-962a-44d4-8dda-5bedfb4675b2,got ya,NA,
VOICE_CAPTURE,146713,12/6/2022 2:17:08 PM,59944550-962a-44d4-8dda-5bedfb4675b2,so the only thing,NA,
VOICE_CAPTURE,155335,12/6/2022 2:17:17 PM,59944550-962a-44d4-8dda-5bedfb4675b2,OK so that that can you see the grids or not it's just me OK,NA,
BAG_CLOSED,157540,12/6/2022 2:17:19 PM,59944550-962a-44d4-8dda-5bedfb4675b2,"(2.2, 0.8, -1.8)",
TELEPORT,157540,12/6/2022 2:17:19 PM,59944550-962a-44d4-8dda-5bedfb4675b2,"(2.3, 0.0, -2.7)",
TELEPORT,163755,12/6/2022 2:17:25 PM,59944550-962a-44d4-8dda-5bedfb4675b2,"(2.6, 0.0, -1.8)",
TELEPORT,164255,12/6/2022 2:17:26 PM,59944550-962a-44d4-8dda-5bedfb4675b2,"(2.7, 0.0, -1.7)",
VOICE_CAPTURE,169902,12/6/2022 2:17:31 PM,59944550-962a-44d4-8dda-5bedfb4675b2,no don't do that don't do that,NA,
VOICE_CAPTURE,180344,12/6/2022 2:17:42 PM,59944550-962a-44d4-8dda-5bedfb4675b2,OK,NA,
VOICE_CAPTURE,183368,12/6/2022 2:17:45 PM,59944550-962a-44d4-8dda-5bedfb4675b2,OK like gotcha,NA,
VOICE_CAPTURE,189349,12/6/2022 2:17:51 PM,59944550-962a-44d4-8dda-5bedfb4675b2,gotcha,NA,
BAG_ACCESS,195247,12/6/2022 2:17:57 PM,59944550-962a-44d4-8dda-5bedfb4675b2,"(2.4, 0.8, -1.8)",
TOOL_HOVER,197946,12/6/2022 2:17:59 PM,59944550-962a-44d4-8dda-5bedfb4675b2,Needle,999,
TOOL_HOVER,197962,12/6/2022 2:17:59 PM,59944550-962a-44d4-8dda-5bedfb4675b2,Needle,999,
TOOL_HOVER,197979,12/6/2022 2:17:59 PM,59944550-962a-44d4-8dda-5bedfb4675b2,Needle,999,
TOOL_HOVER,197997,12/6/2022 2:17:59 PM,59944550-962a-44d4-8dda-5bedfb4675b2,Needle,999,
TOOL_HOVER,198012,12/6/2022 2:17:59 PM,59944550-962a-44d4-8dda-5bedfb4675b2,Needle,999,
TOOL_HOVER,198030,12/6/2022 2:17:59 PM,59944550-962a-44d4-8dda-5bedfb4675b2,Needle,999,
TOOL_HOVER,198046,12/6/2022 2:17:59 PM,59944550-962a-44d4-8dda-5bedfb4675b2,Needle,999,
TOOL_HOVER,198063,12/6/2022 2:17:59 PM,59944550-962a-44d4-8dda-5bedfb4675b2,Needle,999,
TOOL_HOVER,198080,12/6/2022 2:17:59 PM,59944550-962a-44d4-8dda-5bedfb4675b2,Needle,999,
TOOL_HOVER,198095,12/6/2022 2:18:00 PM,59944550-962a-44d4-8dda-5bedfb4675b2,Needle,999,
TOOL_HOVER,198112,12/6/2022 2:18:00 PM,59944550-962a-44d4-8dda-5bedfb4675b2,Needle,999,
TOOL_HOVER,198129,12/6/2022 2:18:00 PM,59944550-962a-44d4-8dda-5bedfb4675b2,Needle,999,
TOOL_HOVER,198146,12/6/2022 2:18:00 PM,59944550-962a-44d4-8dda-5bedfb4675b2,Needle,999,
TOOL_HOVER,198163,12/6/2022 2:18:00 PM,59944550-962a-44d4-8dda-5bedfb4675b2,Needle,999,
TOOL_HOVER,198179,12/6/2022 2:18:00 PM,59944550-962a-44d4-8dda-5bedfb4675b2,Needle,999,
TOOL_HOVER,198197,12/6/2022 2:18:00 PM,59944550-962a-44d4-8dda-5bedfb4675b2,Needle,999,
TOOL_HOVER,198213,12/6/2022 2:18:00 PM,59944550-962a-44d4-8dda-5bedfb4675b2,Needle,999,
TOOL_HOVER,198229,12/6/2022 2:18:00 PM,59944550-962a-44d4-8dda-5bedfb4675b2,Needle,999,
TOOL_HOVER,198246,12/6/2022 2:18:00 PM,59944550-962a-44d4-8dda-5bedfb4675b2,Needle,999,
TOOL_HOVER,198262,12/6/2022 2:18:00 PM,59944550-962a-44d4-8dda-5bedfb4675b2,Needle,999,
TOOL_HOVER,198279,12/6/2022 2:18:00 PM,59944550-962a-44d4-8dda-5bedfb4675b2,Needle,999,
TOOL_HOVER,198295,12/6/2022 2:18:00 PM,59944550-962a-44d4-8dda-5bedfb4675b2,Needle,999,
TOOL_HOVER,198313,12/6/2022 2:18:00 PM,59944550-962a-44d4-8dda-5bedfb4675b2,Needle,999,
TOOL_HOVER,198330,12/6/2022 2:18:00 PM,59944550-962a-44d4-8dda-5bedfb4675b2,Needle,999,
TOOL_HOVER,198346,12/6/2022 2:18:00 PM,59944550-962a-44d4-8dda-5bedfb4675b2,Needle,999,
TOOL_HOVER,198363,12/6/2022 2:18:00 PM,59944550-962a-44d4-8dda-5bedfb4675b2,Needle,999,
TOOL_HOVER,198380,12/6/2022 2:18:00 PM,59944550-962a-44d4-8dda-5bedfb4675b2,Needle,999,
TOOL_HOVER,198396,12/6/2022 2:18:00 PM,59944550-962a-44d4-8dda-5bedfb4675b2,Needle,999,
TOOL_HOVER,198413,12/6/2022 2:18:00 PM,59944550-962a-44d4-8dda-5bedfb4675b2,Needle,999,
TOOL_HOVER,198430,12/6/2022 2:18:00 PM,59944550-962a-44d4-8dda-5bedfb4675b2,Needle,999,
TOOL_HOVER,198446,12/6/2022 2:18:00 PM,59944550-962a-44d4-8dda-5bedfb4675b2,Needle,999,
TOOL_HOVER,198463,12/6/2022 2:18:00 PM,59944550-962a-44d4-8dda-5bedfb4675b2,Needle,999,
TOOL_HOVER,198483,12/6/2022 2:18:00 PM,59944550-962a-44d4-8dda-5bedfb4675b2,Needle,999,
TOOL_HOVER,198498,12/6/2022 2:18:00 PM,59944550-962a-44d4-8dda-5bedfb4675b2,Needle,999,
TOOL_HOVER,198513,12/6/2022 2:18:00 PM,59944550-962a-44d4-8dda-5bedfb4675b2,Needle,999,
TOOL_HOVER,198530,12/6/2022 2:18:00 PM,59944550-962a-44d4-8dda-5bedfb4675b2,Needle,999,
TOOL_HOVER,198547,12/6/2022 2:18:00 PM,59944550-962a-44d4-8dda-5bedfb4675b2,Needle,999,
TOOL_SELECTED,198548,12/6/2022 2:18:00 PM,59944550-962a-44d4-8dda-5bedfb4675b2,Needle,998,
TOOL_APPLIED,201506,12/6/2022 2:18:03 PM,59944550-962a-44d4-8dda-5bedfb4675b2,Needle_Decomp(Clone),Needle,LChest_Breathe1 (UnityEngine.GameObject),cath_needle (UnityEngine.GameObject),left_chest,Needle_Decomp(Clone) (UnityEngine.GameObject),AppliedDecompNeedle,
VOICE_CAPTURE,209507,12/6/2022 2:18:11 PM,59944550-962a-44d4-8dda-5bedfb4675b2,let's go,NA,
VOICE_CAPTURE,219665,12/6/2022 2:18:21 PM,59944550-962a-44d4-8dda-5bedfb4675b2,oh what's your name,NA,
VOICE_COMMAND,219665,12/6/2022 2:18:21 PM,59944550-962a-44d4-8dda-5bedfb4675b2,what is your name,oh what's your name,
VOICE_CAPTURE,227876,12/6/2022 2:18:29 PM,59944550-962a-44d4-8dda-5bedfb4675b2,oh yeah,NA,
VOICE_CAPTURE,235895,12/6/2022 2:18:37 PM,59944550-962a-44d4-8dda-5bedfb4675b2,if you say can you sell your body it won't know that oh yeah,NA,
VOICE_CAPTURE,243363,12/6/2022 2:18:45 PM,59944550-962a-44d4-8dda-5bedfb4675b2,don't know,NA,
TOOL_HOVER,246655,12/6/2022 2:18:48 PM,59944550-962a-44d4-8dda-5bedfb4675b2,Hemostatic Gauze,999,
TOOL_HOVER,246671,12/6/2022 2:18:48 PM,59944550-962a-44d4-8dda-5bedfb4675b2,Hemostatic Gauze,999,
TOOL_HOVER,246690,12/6/2022 2:18:48 PM,59944550-962a-44d4-8dda-5bedfb4675b2,Hemostatic Gauze,999,
TOOL_HOVER,246705,12/6/2022 2:18:48 PM,59944550-962a-44d4-8dda-5bedfb4675b2,Hemostatic Gauze,999,
TOOL_HOVER,246722,12/6/2022 2:18:48 PM,59944550-962a-44d4-8dda-5bedfb4675b2,Hemostatic Gauze,999,
TOOL_HOVER,246739,12/6/2022 2:18:48 PM,59944550-962a-44d4-8dda-5bedfb4675b2,Hemostatic Gauze,999,
TOOL_HOVER,246755,12/6/2022 2:18:48 PM,59944550-962a-44d4-8dda-5bedfb4675b2,Hemostatic Gauze,999,
TOOL_HOVER,246771,12/6/2022 2:18:48 PM,59944550-962a-44d4-8dda-5bedfb4675b2,Hemostatic Gauze,999,
TOOL_HOVER,246788,12/6/2022 2:18:48 PM,59944550-962a-44d4-8dda-5bedfb4675b2,Hemostatic Gauze,999,
TOOL_HOVER,246806,12/6/2022 2:18:48 PM,59944550-962a-44d4-8dda-5bedfb4675b2,Hemostatic Gauze,999,
TOOL_HOVER,246822,12/6/2022 2:18:48 PM,59944550-962a-44d4-8dda-5bedfb4675b2,Hemostatic Gauze,999,
TOOL_HOVER,246839,12/6/2022 2:18:48 PM,59944550-962a-44d4-8dda-5bedfb4675b2,Hemostatic Gauze,999,
TOOL_HOVER,246855,12/6/2022 2:18:48 PM,59944550-962a-44d4-8dda-5bedfb4675b2,Hemostatic Gauze,999,
TOOL_HOVER,246872,12/6/2022 2:18:48 PM,59944550-962a-44d4-8dda-5bedfb4675b2,Hemostatic Gauze,999,
TOOL_HOVER,246889,12/6/2022 2:18:48 PM,59944550-962a-44d4-8dda-5bedfb4675b2,Hemostatic Gauze,999,
TOOL_HOVER,246906,12/6/2022 2:18:48 PM,59944550-962a-44d4-8dda-5bedfb4675b2,Hemostatic Gauze,999,
TOOL_HOVER,246923,12/6/2022 2:18:48 PM,59944550-962a-44d4-8dda-5bedfb4675b2,Hemostatic Gauze,999,
TOOL_HOVER,246939,12/6/2022 2:18:48 PM,59944550-962a-44d4-8dda-5bedfb4675b2,Hemostatic Gauze,999,
TOOL_HOVER,246957,12/6/2022 2:18:48 PM,59944550-962a-44d4-8dda-5bedfb4675b2,Hemostatic Gauze,999,
TOOL_HOVER,246973,12/6/2022 2:18:48 PM,59944550-962a-44d4-8dda-5bedfb4675b2,Hemostatic Gauze,999,
TOOL_HOVER,246989,12/6/2022 2:18:48 PM,59944550-962a-44d4-8dda-5bedfb4675b2,Hemostatic Gauze,999,
TOOL_HOVER,247006,12/6/2022 2:18:48 PM,59944550-962a-44d4-8dda-5bedfb4675b2,Hemostatic Gauze,999,
TOOL_HOVER,247024,12/6/2022 2:18:48 PM,59944550-962a-44d4-8dda-5bedfb4675b2,Hemostatic Gauze,999,
TOOL_HOVER,247039,12/6/2022 2:18:48 PM,59944550-962a-44d4-8dda-5bedfb4675b2,Hemostatic Gauze,999,
TOOL_HOVER,247056,12/6/2022 2:18:48 PM,59944550-962a-44d4-8dda-5bedfb4675b2,Hemostatic Gauze,999,
TOOL_HOVER,247073,12/6/2022 2:18:48 PM,59944550-962a-44d4-8dda-5bedfb4675b2,Hemostatic Gauze,999,
TOOL_HOVER,247089,12/6/2022 2:18:49 PM,59944550-962a-44d4-8dda-5bedfb4675b2,Hemostatic Gauze,999,
TOOL_HOVER,247107,12/6/2022 2:18:49 PM,59944550-962a-44d4-8dda-5bedfb4675b2,Hemostatic Gauze,999,
TOOL_HOVER,247123,12/6/2022 2:18:49 PM,59944550-962a-44d4-8dda-5bedfb4675b2,Hemostatic Gauze,999,
TOOL_HOVER,247140,12/6/2022 2:18:49 PM,59944550-962a-44d4-8dda-5bedfb4675b2,Hemostatic Gauze,999,
TOOL_HOVER,247156,12/6/2022 2:18:49 PM,59944550-962a-44d4-8dda-5bedfb4675b2,Hemostatic Gauze,999,
TOOL_HOVER,247173,12/6/2022 2:18:49 PM,59944550-962a-44d4-8dda-5bedfb4675b2,Hemostatic Gauze,999,
TOOL_HOVER,247190,12/6/2022 2:18:49 PM,59944550-962a-44d4-8dda-5bedfb4675b2,Hemostatic Gauze,999,
TOOL_HOVER,247208,12/6/2022 2:18:49 PM,59944550-962a-44d4-8dda-5bedfb4675b2,Hemostatic Gauze,999,
TOOL_HOVER,247223,12/6/2022 2:18:49 PM,59944550-962a-44d4-8dda-5bedfb4675b2,Hemostatic Gauze,999,
TOOL_SELECTED,247224,12/6/2022 2:18:49 PM,59944550-962a-44d4-8dda-5bedfb4675b2,Hemostatic Gauze,998,
TOOL_DISCARDED,249613,12/6/2022 2:18:51 PM,59944550-962a-44d4-8dda-5bedfb4675b2,Hemostatic Gauze,998,"(2.8, 1.4, -1.6)",
TOOL_DISCARDED,249613,12/6/2022 2:18:51 PM,59944550-962a-44d4-8dda-5bedfb4675b2,Hemostatic Gauze,999,"(2.8, 1.4, -1.6)",
VOICE_CAPTURE,250364,12/6/2022 2:18:52 PM,59944550-962a-44d4-8dda-5bedfb4675b2,this one,NA,
VOICE_CAPTURE,259385,12/6/2022 2:19:01 PM,59944550-962a-44d4-8dda-5bedfb4675b2,turn red and fade away OK how come i didn't get away then oh sorry,NA,
VOICE_CAPTURE,268792,12/6/2022 2:19:10 PM,59944550-962a-44d4-8dda-5bedfb4675b2,OK you know,NA,
VOICE_CAPTURE,270830,12/6/2022 2:19:12 PM,59944550-962a-44d4-8dda-5bedfb4675b2,it'll actually be,NA,
VOICE_CAPTURE,275959,12/6/2022 2:19:17 PM,59944550-962a-44d4-8dda-5bedfb4675b2,OK,NA,
VOICE_CAPTURE,286050,12/6/2022 2:19:27 PM,59944550-962a-44d4-8dda-5bedfb4675b2,oh yeah,NA,
VOICE_CAPTURE,287504,12/6/2022 2:19:29 PM,59944550-962a-44d4-8dda-5bedfb4675b2,no,NA,
VOICE_CAPTURE,290795,12/6/2022 2:19:32 PM,59944550-962a-44d4-8dda-5bedfb4675b2,no that's fine,NA,
TAG_SELECTED,301689,12/6/2022 2:19:43 PM,59944550-962a-44d4-8dda-5bedfb4675b2,gray,
TAG_DISCARDED,302909,12/6/2022 2:19:44 PM,59944550-962a-44d4-8dda-5bedfb4675b2,gray,"(3.0, 1.4, -1.9)",
TAG_SELECTED,304095,12/6/2022 2:19:46 PM,59944550-962a-44d4-8dda-5bedfb4675b2,green,
TAG_APPLIED,308640,12/6/2022 2:19:50 PM,59944550-962a-44d4-8dda-5bedfb4675b2,Mike Root,green,
TAG_SELECTED,316507,12/6/2022 2:19:58 PM,59944550-962a-44d4-8dda-5bedfb4675b2,red,
VOICE_CAPTURE,316858,12/6/2022 2:19:58 PM,59944550-962a-44d4-8dda-5bedfb4675b2,hey,NA,
TAG_APPLIED,318847,12/6/2022 2:20:00 PM,59944550-962a-44d4-8dda-5bedfb4675b2,Mike Root,red,
VOICE_CAPTURE,325873,12/6/2022 2:20:07 PM,59944550-962a-44d4-8dda-5bedfb4675b2,what's this button do on either one it's like keep hitting them,NA,
VOICE_CAPTURE,333324,12/6/2022 2:20:15 PM,59944550-962a-44d4-8dda-5bedfb4675b2,OK so if i accidentally do anything gotcha,NA,
VOICE_CAPTURE,335863,12/6/2022 2:20:17 PM,59944550-962a-44d4-8dda-5bedfb4675b2,alright then,NA,
BAG_CLOSED,344116,12/6/2022 2:20:26 PM,59944550-962a-44d4-8dda-5bedfb4675b2,"(2.4, 0.8, -1.8)",
PATIENT_DEMOTED,344350,12/6/2022 2:20:26 PM,59944550-962a-44d4-8dda-5bedfb4675b2,100,Infinity,Mike_0 Root,"(2.6, 0.0, -0.6)","(0.0, 0.7, 0.0, -0.7)",DELAYED,walker,normal,normal,normal,upset,sittingGround,
PATIENT_DEMOTED,344994,12/6/2022 2:20:26 PM,59944550-962a-44d4-8dda-5bedfb4675b2,100,Infinity,Mike_1 Root,"(2.6, 0.0, 0.1)","(0.0, 0.7, 0.0, -0.7)",IMMEDIATE,waver,normal,normal,normal,upset,recovery,
PATIENT_DEMOTED,345646,12/6/2022 2:20:27 PM,59944550-962a-44d4-8dda-5bedfb4675b2,100,Infinity,Mike_2 Root,"(2.6, 0.0, 2.4)","(0.0, 0.7, 0.0, -0.7)",IMMEDIATE,walker,fast,normal,normal,upset,sittingGround,
PATIENT_DEMOTED,346307,12/6/2022 2:20:28 PM,59944550-962a-44d4-8dda-5bedfb4675b2,100,128,Mike_3 Root,"(3.0, 0.0, 4.3)","(0.0, 0.7, 0.0, -0.7)",IMMEDIATE,still,faint,collapsedRight,normal,unresponsive,supine,
VOICE_CAPTURE,347481,12/6/2022 2:20:29 PM,59944550-962a-44d4-8dda-5bedfb4675b2,yeah cause i don't i say we try it but i need to not use this one,NA,
SESSION_START,349020,12/6/2022 2:20:30 PM,59944550-962a-44d4-8dda-5bedfb4675b2,
PATIENT_RECORD,349020,12/6/2022 2:20:30 PM,59944550-962a-44d4-8dda-5bedfb4675b2,100,Infinity,Mike_0 Root,"(2.6, 0.0, -1.4)","(0.0, 0.7, 0.0, -0.7)",DELAYED,walker,normal,normal,normal,upset,sittingGround,
INJURY_RECORD,349020,12/6/2022 2:20:30 PM,59944550-962a-44d4-8dda-5bedfb4675b2,R Forearm Laceration,Mike_0 Root,gauzePressure,low,rightArm,False,False,"(2.7, 1.4, -0.9)",
PATIENT_RECORD,349021,12/6/2022 2:20:30 PM,59944550-962a-44d4-8dda-5bedfb4675b2,100,Infinity,Mike_1 Root,"(2.9, 0.0, 0.1)","(0.0, 0.7, 0.0, -0.7)",IMMEDIATE,waver,normal,normal,normal,upset,recovery,
INJURY_RECORD,349021,12/6/2022 2:20:30 PM,59944550-962a-44d4-8dda-5bedfb4675b2,L Thigh Laceration,Mike_1 Root,tourniquet,medium,leftLeg,False,False,"(2.8, 0.7, -0.1)",
PATIENT_RECORD,349021,12/6/2022 2:20:30 PM,59944550-962a-44d4-8dda-5bedfb4675b2,100,Infinity,Mike_2 Root,"(3.1, 0.0, 2.2)","(0.0, 0.7, 0.0, -0.7)",IMMEDIATE,walker,fast,normal,normal,upset,sittingGround,
INJURY_RECORD,349021,12/6/2022 2:20:30 PM,59944550-962a-44d4-8dda-5bedfb4675b2,L Shoulder Puncture,Mike_2 Root,woundpack,medium,chest,False,False,"(3.1, 1.5, 2.1)",
PATIENT_RECORD,349021,12/6/2022 2:20:30 PM,59944550-962a-44d4-8dda-5bedfb4675b2,100,128,Mike_3 Root,"(3.2, 0.0, 4.3)","(0.0, 0.7, 0.0, -0.7)",IMMEDIATE,still,faint,collapsedRight,normal,unresponsive,supine,
INJURY_RECORD,349021,12/6/2022 2:20:30 PM,59944550-962a-44d4-8dda-5bedfb4675b2,R Chest Collapse,Mike_3 Root,decompress,high,chest,False,False,"(0.0, 0.0, 0.0)",
VOICE_CAPTURE,350606,12/6/2022 2:20:32 PM,59944550-962a-44d4-8dda-5bedfb4675b2,yeah,NA,
VOICE_CAPTURE,356621,12/6/2022 2:20:38 PM,59944550-962a-44d4-8dda-5bedfb4675b2,uh-huh just like get as close as you can with that,NA,
VOICE_CAPTURE,364609,12/6/2022 2:20:46 PM,59944550-962a-44d4-8dda-5bedfb4675b2,and then a little bit of movement you can physically move around the room and be fine OK,NA,
VOICE_CAPTURE,375007,12/6/2022 2:20:56 PM,59944550-962a-44d4-8dda-5bedfb4675b2,OK,NA,
VOICE_CAPTURE,377714,12/6/2022 2:20:59 PM,59944550-962a-44d4-8dda-5bedfb4675b2,they're all lined up,NA,
TELEPORT,378650,12/6/2022 2:21:00 PM,59944550-962a-44d4-8dda-5bedfb4675b2,"(0.8, 0.0, -3.4)",
VOICE_CAPTURE,384298,12/6/2022 2:21:06 PM,59944550-962a-44d4-8dda-5bedfb4675b2,stand up and walk yeah stand up and walk,NA,
VOICE_COMMAND,384298,12/6/2022 2:21:06 PM,59944550-962a-44d4-8dda-5bedfb4675b2,walk to the safe area,stand up and walk yeah stand up and walk,
VOICE_COMMAND,384298,12/6/2022 2:21:06 PM,59944550-962a-44d4-8dda-5bedfb4675b2,stand up,stand up and walk yeah stand up and walk,
VOICE_CAPTURE,388607,12/6/2022 2:21:10 PM,59944550-962a-44d4-8dda-5bedfb4675b2,if you can stand up and walk walk this way,NA,
VOICE_COMMAND,388607,12/6/2022 2:21:10 PM,59944550-962a-44d4-8dda-5bedfb4675b2,walk to the safe area,if you can stand up and walk walk this way,
VOICE_COMMAND,388607,12/6/2022 2:21:10 PM,59944550-962a-44d4-8dda-5bedfb4675b2,stand up,if you can stand up and walk walk this way,
VOICE_CAPTURE,395691,12/6/2022 2:21:17 PM,59944550-962a-44d4-8dda-5bedfb4675b2,walk this way hello,NA,
VOICE_COMMAND,395691,12/6/2022 2:21:17 PM,59944550-962a-44d4-8dda-5bedfb4675b2,walk to the safe area,walk this way hello,
S_A_L_T_WALK_IF_CAN,395692,12/6/2022 2:21:17 PM,59944550-962a-44d4-8dda-5bedfb4675b2,"(2.6, 0.0, -1.4)",walkIfCan,Mike_0 Root,
S_A_L_T_WALKED,395693,12/6/2022 2:21:17 PM,59944550-962a-44d4-8dda-5bedfb4675b2,"(2.6, 0.0, -1.4)",walked,Mike_0 Root,
S_A_L_T_WALK_IF_CAN,395694,12/6/2022 2:21:17 PM,59944550-962a-44d4-8dda-5bedfb4675b2,"(2.9, 0.0, 0.1)",walkIfCan,Mike_1 Root,
S_A_L_T_WALK_IF_CAN,395694,12/6/2022 2:21:17 PM,59944550-962a-44d4-8dda-5bedfb4675b2,"(3.1, 0.0, 2.2)",walkIfCan,Mike_2 Root,
S_A_L_T_WALKED,395694,12/6/2022 2:21:17 PM,59944550-962a-44d4-8dda-5bedfb4675b2,"(3.1, 0.0, 2.2)",walked,Mike_2 Root,
PATIENT_ENGAGED,397513,12/6/2022 2:21:19 PM,59944550-962a-44d4-8dda-5bedfb4675b2,100,Infinity,Mike_0 Root,"(3.0, 0.0, -1.4)","(0.0, 1.0, 0.0, 0.3)",DELAYED,walker,normal,normal,normal,upset,standing,
VOICE_CAPTURE,400385,12/6/2022 2:21:22 PM,59944550-962a-44d4-8dda-5bedfb4675b2,oh there we go,NA,
VOICE_CAPTURE,403978,12/6/2022 2:21:25 PM,59944550-962a-44d4-8dda-5bedfb4675b2,stand over there,NA,
VOICE_COMMAND,403978,12/6/2022 2:21:25 PM,59944550-962a-44d4-8dda-5bedfb4675b2,stand up,stand over there,
PATIENT_ENGAGED,403999,12/6/2022 2:21:25 PM,59944550-962a-44d4-8dda-5bedfb4675b2,100,Infinity,Mike_1 Root,"(2.7, 0.0, -0.3)","(0.0, 0.7, 0.0, -0.7)",IMMEDIATE,waver,normal,normal,normal,upset,standing,
VOICE_CAPTURE,412144,12/6/2022 2:21:34 PM,59944550-962a-44d4-8dda-5bedfb4675b2,why i didn't want this guy to stand up you sit back down,NA,
VOICE_COMMAND,412144,12/6/2022 2:21:34 PM,59944550-962a-44d4-8dda-5bedfb4675b2,sit up/down,why i didn't want this guy to stand up you sit back down,
VOICE_COMMAND,412144,12/6/2022 2:21:34 PM,59944550-962a-44d4-8dda-5bedfb4675b2,stand up,why i didn't want this guy to stand up you sit back down,
VOICE_CAPTURE,416693,12/6/2022 2:21:38 PM,59944550-962a-44d4-8dda-5bedfb4675b2,so you gonna,NA,
VOICE_CAPTURE,421295,12/6/2022 2:21:43 PM,59944550-962a-44d4-8dda-5bedfb4675b2,no can you sit back down play down,NA,
VOICE_COMMAND,421295,12/6/2022 2:21:43 PM,59944550-962a-44d4-8dda-5bedfb4675b2,sit up/down,no can you sit back down play down,
VOICE_COMMAND,421295,12/6/2022 2:21:43 PM,59944550-962a-44d4-8dda-5bedfb4675b2,lay down,no can you sit back down play down,
VOICE_CAPTURE,422618,12/6/2022 2:21:44 PM,59944550-962a-44d4-8dda-5bedfb4675b2,sit,NA,
VOICE_COMMAND,422618,12/6/2022 2:21:44 PM,59944550-962a-44d4-8dda-5bedfb4675b2,sit up/down,sit,
BAG_ACCESS,428314,12/6/2022 2:21:50 PM,59944550-962a-44d4-8dda-5bedfb4675b2,"(2.0, 0.7, -1.1)",
TOOL_HOVER,430650,12/6/2022 2:21:52 PM,59944550-962a-44d4-8dda-5bedfb4675b2,Tourniquet,997,
TOOL_HOVER,430665,12/6/2022 2:21:52 PM,59944550-962a-44d4-8dda-5bedfb4675b2,Tourniquet,997,
TOOL_HOVER,430683,12/6/2022 2:21:52 PM,59944550-962a-44d4-8dda-5bedfb4675b2,Tourniquet,997,
TOOL_HOVER,430699,12/6/2022 2:21:52 PM,59944550-962a-44d4-8dda-5bedfb4675b2,Tourniquet,997,
TOOL_HOVER,430716,12/6/2022 2:21:52 PM,59944550-962a-44d4-8dda-5bedfb4675b2,Tourniquet,997,
TOOL_SELECTED,430717,12/6/2022 2:21:52 PM,59944550-962a-44d4-8dda-5bedfb4675b2,Tourniquet,996,
INJURY_TREATED,433535,12/6/2022 2:21:55 PM,59944550-962a-44d4-8dda-5bedfb4675b2,L Thigh Laceration,Mike_1 Root,tourniquet,medium,leftLeg,True,False,"(2.8, 0.2, -0.3)",
TOOL_APPLIED,433536,12/6/2022 2:21:55 PM,59944550-962a-44d4-8dda-5bedfb4675b2,Mike_1 Root,Tourniquet,LeftUpLeg (UnityEngine.GameObject),tor_ring (1) (UnityEngine.GameObject),tourniquet(Clone) (UnityEngine.GameObject),AppliedTourniquet,
TAG_SELECTED,439322,12/6/2022 2:22:01 PM,59944550-962a-44d4-8dda-5bedfb4675b2,red,
VOICE_CAPTURE,441624,12/6/2022 2:22:03 PM,59944550-962a-44d4-8dda-5bedfb4675b2,i like standing in it,NA,
VOICE_COMMAND,441625,12/6/2022 2:22:03 PM,59944550-962a-44d4-8dda-5bedfb4675b2,stand up,i like standing in it,
VOICE_CAPTURE,445570,12/6/2022 2:22:07 PM,59944550-962a-44d4-8dda-5bedfb4675b2,who walk,NA,
VOICE_COMMAND,445570,12/6/2022 2:22:07 PM,59944550-962a-44d4-8dda-5bedfb4675b2,walk to the safe area,who walk,
S_A_L_T_WALK_IF_CAN,445571,12/6/2022 2:22:07 PM,59944550-962a-44d4-8dda-5bedfb4675b2,"(4.4, 0.0, -2.5)",walkIfCan,Mike_0 Root,
S_A_L_T_WALKED,445571,12/6/2022 2:22:07 PM,59944550-962a-44d4-8dda-5bedfb4675b2,"(4.4, 0.0, -2.5)",walked,Mike_0 Root,
S_A_L_T_WALK_IF_CAN,445571,12/6/2022 2:22:07 PM,59944550-962a-44d4-8dda-5bedfb4675b2,"(2.4, 0.0, -0.2)",walkIfCan,Mike_1 Root,
S_A_L_T_WALK_IF_CAN,445571,12/6/2022 2:22:07 PM,59944550-962a-44d4-8dda-5bedfb4675b2,"(5.2, 0.0, -3.4)",walkIfCan,Mike_2 Root,
S_A_L_T_WALKED,445571,12/6/2022 2:22:07 PM,59944550-962a-44d4-8dda-5bedfb4675b2,"(5.2, 0.0, -3.4)",walked,Mike_2 Root,
TAG_APPLIED,446773,12/6/2022 2:22:08 PM,59944550-962a-44d4-8dda-5bedfb4675b2,Mike_1 Root,red,
PULSE_TAKEN,447692,12/6/2022 2:22:09 PM,59944550-962a-44d4-8dda-5bedfb4675b2,pulse_normal,Mike_1 Root,
PULSE_TAKEN,448527,12/6/2022 2:22:10 PM,59944550-962a-44d4-8dda-5bedfb4675b2,pulse_normal,Mike_1 Root,
VOICE_CAPTURE,451551,12/6/2022 2:22:13 PM,59944550-962a-44d4-8dda-5bedfb4675b2,how do i feel this post now,NA,
VOICE_CAPTURE,453190,12/6/2022 2:22:15 PM,59944550-962a-44d4-8dda-5bedfb4675b2,OK,NA,
BAG_CLOSED,457635,12/6/2022 2:22:19 PM,59944550-962a-44d4-8dda-5bedfb4675b2,"(2.0, 0.7, -1.1)",
VOICE_CAPTURE,457783,12/6/2022 2:22:19 PM,59944550-962a-44d4-8dda-5bedfb4675b2,alright i'm gonna walk you back.,NA,
VOICE_COMMAND,457783,12/6/2022 2:22:19 PM,59944550-962a-44d4-8dda-5bedfb4675b2,walk to the safe area,alright i'm gonna walk you back.,
S_A_L_T_WALK_IF_CAN,457783,12/6/2022 2:22:19 PM,59944550-962a-44d4-8dda-5bedfb4675b2,"(4.6, 0.0, -2.7)",walkIfCan,Mike_0 Root,
S_A_L_T_WALKED,457783,12/6/2022 2:22:19 PM,59944550-962a-44d4-8dda-5bedfb4675b2,"(4.6, 0.0, -2.7)",walked,Mike_0 Root,
S_A_L_T_WALK_IF_CAN,457784,12/6/2022 2:22:19 PM,59944550-962a-44d4-8dda-5bedfb4675b2,"(2.4, 0.0, -0.2)",walkIfCan,Mike_1 Root,
S_A_L_T_WALK_IF_CAN,457784,12/6/2022 2:22:19 PM,59944550-962a-44d4-8dda-5bedfb4675b2,"(5.4, 0.0, -3.5)",walkIfCan,Mike_2 Root,
S_A_L_T_WALKED,457784,12/6/2022 2:22:19 PM,59944550-962a-44d4-8dda-5bedfb4675b2,"(5.4, 0.0, -3.5)",walked,Mike_2 Root,
VOICE_CAPTURE,459253,12/6/2022 2:22:21 PM,59944550-962a-44d4-8dda-5bedfb4675b2,OK,NA,
TELEPORT,460424,12/6/2022 2:22:22 PM,59944550-962a-44d4-8dda-5bedfb4675b2,"(1.8, 0.0, -2.2)",
VOICE_CAPTURE,462143,12/6/2022 2:22:24 PM,59944550-962a-44d4-8dda-5bedfb4675b2,that way OK,NA,
VOICE_CAPTURE,467222,12/6/2022 2:22:29 PM,59944550-962a-44d4-8dda-5bedfb4675b2,like right here,NA,
VOICE_CAPTURE,469235,12/6/2022 2:22:31 PM,59944550-962a-44d4-8dda-5bedfb4675b2,look at that ****,NA,
VOICE_CAPTURE,471140,12/6/2022 2:22:33 PM,59944550-962a-44d4-8dda-5bedfb4675b2,OK,NA,
PATIENT_ENGAGED,471910,12/6/2022 2:22:33 PM,59944550-962a-44d4-8dda-5bedfb4675b2,100,128,Mike_3 Root,"(3.2, 0.0, 4.3)","(0.0, 0.7, 0.0, -0.7)",IMMEDIATE,still,faint,collapsedRight,normal,unresponsive,supine,
PULSE_TAKEN,472463,12/6/2022 2:22:34 PM,59944550-962a-44d4-8dda-5bedfb4675b2,pulse_faint,Mike_3 Root,
PULSE_TAKEN,478158,12/6/2022 2:22:40 PM,59944550-962a-44d4-8dda-5bedfb4675b2,pulse_faint,Mike_3 Root,
VOICE_CAPTURE,479760,12/6/2022 2:22:41 PM,59944550-962a-44d4-8dda-5bedfb4675b2,can i feel both pulses or both hands,NA,
PULSE_TAKEN,480329,12/6/2022 2:22:42 PM,59944550-962a-44d4-8dda-5bedfb4675b2,pulse_faint,Mike_3 Root,
VOICE_CAPTURE,482100,12/6/2022 2:22:44 PM,59944550-962a-44d4-8dda-5bedfb4675b2,give me something to do with that hand,NA,
VOICE_CAPTURE,483637,12/6/2022 2:22:45 PM,59944550-962a-44d4-8dda-5bedfb4675b2,hi,NA,
BAG_ACCESS,485242,12/6/2022 2:22:47 PM,59944550-962a-44d4-8dda-5bedfb4675b2,"(3.9, 0.4, 4.2)",
TOOL_HOVER,486946,12/6/2022 2:22:48 PM,59944550-962a-44d4-8dda-5bedfb4675b2,Needle,998,
TOOL_HOVER,486964,12/6/2022 2:22:48 PM,59944550-962a-44d4-8dda-5bedfb4675b2,Needle,998,
TOOL_HOVER,486980,12/6/2022 2:22:48 PM,59944550-962a-44d4-8dda-5bedfb4675b2,Needle,998,
TOOL_HOVER,486996,12/6/2022 2:22:48 PM,59944550-962a-44d4-8dda-5bedfb4675b2,Needle,998,
TOOL_HOVER,487013,12/6/2022 2:22:48 PM,59944550-962a-44d4-8dda-5bedfb4675b2,Needle,998,
TOOL_HOVER,487030,12/6/2022 2:22:48 PM,59944550-962a-44d4-8dda-5bedfb4675b2,Needle,998,
TOOL_HOVER,487047,12/6/2022 2:22:48 PM,59944550-962a-44d4-8dda-5bedfb4675b2,Needle,998,
TOOL_HOVER,487063,12/6/2022 2:22:48 PM,59944550-962a-44d4-8dda-5bedfb4675b2,Needle,998,
TOOL_HOVER,487080,12/6/2022 2:22:48 PM,59944550-962a-44d4-8dda-5bedfb4675b2,Needle,998,
TOOL_HOVER,487097,12/6/2022 2:22:49 PM,59944550-962a-44d4-8dda-5bedfb4675b2,Needle,998,
TOOL_HOVER,487112,12/6/2022 2:22:49 PM,59944550-962a-44d4-8dda-5bedfb4675b2,Needle,998,
TOOL_HOVER,487129,12/6/2022 2:22:49 PM,59944550-962a-44d4-8dda-5bedfb4675b2,Needle,998,
TOOL_HOVER,487146,12/6/2022 2:22:49 PM,59944550-962a-44d4-8dda-5bedfb4675b2,Needle,998,
TOOL_HOVER,487163,12/6/2022 2:22:49 PM,59944550-962a-44d4-8dda-5bedfb4675b2,Needle,998,
TOOL_HOVER,487181,12/6/2022 2:22:49 PM,59944550-962a-44d4-8dda-5bedfb4675b2,Needle,998,
TOOL_HOVER,487196,12/6/2022 2:22:49 PM,59944550-962a-44d4-8dda-5bedfb4675b2,Needle,998,
TOOL_HOVER,487213,12/6/2022 2:22:49 PM,59944550-962a-44d4-8dda-5bedfb4675b2,Needle,998,
TOOL_HOVER,487230,12/6/2022 2:22:49 PM,59944550-962a-44d4-8dda-5bedfb4675b2,Needle,998,
TOOL_HOVER,487247,12/6/2022 2:22:49 PM,59944550-962a-44d4-8dda-5bedfb4675b2,Needle,998,
TOOL_HOVER,487263,12/6/2022 2:22:49 PM,59944550-962a-44d4-8dda-5bedfb4675b2,Needle,998,
TOOL_HOVER,487280,12/6/2022 2:22:49 PM,59944550-962a-44d4-8dda-5bedfb4675b2,Needle,998,
TOOL_HOVER,487297,12/6/2022 2:22:49 PM,59944550-962a-44d4-8dda-5bedfb4675b2,Needle,998,
TOOL_HOVER,487313,12/6/2022 2:22:49 PM,59944550-962a-44d4-8dda-5bedfb4675b2,Needle,998,
TOOL_HOVER,487330,12/6/2022 2:22:49 PM,59944550-962a-44d4-8dda-5bedfb4675b2,Needle,998,
TOOL_HOVER,487348,12/6/2022 2:22:49 PM,59944550-962a-44d4-8dda-5bedfb4675b2,Needle,998,
TOOL_HOVER,487366,12/6/2022 2:22:49 PM,59944550-962a-44d4-8dda-5bedfb4675b2,Needle,998,
TOOL_HOVER,487379,12/6/2022 2:22:49 PM,59944550-962a-44d4-8dda-5bedfb4675b2,Needle,998,
TOOL_HOVER,487396,12/6/2022 2:22:49 PM,59944550-962a-44d4-8dda-5bedfb4675b2,Needle,998,
TOOL_HOVER,487416,12/6/2022 2:22:49 PM,59944550-962a-44d4-8dda-5bedfb4675b2,Needle,998,
TOOL_HOVER,487430,12/6/2022 2:22:49 PM,59944550-962a-44d4-8dda-5bedfb4675b2,Needle,998,
TOOL_SELECTED,487431,12/6/2022 2:22:49 PM,59944550-962a-44d4-8dda-5bedfb4675b2,Needle,997,
VOICE_CAPTURE,494780,12/6/2022 2:22:56 PM,59944550-962a-44d4-8dda-5bedfb4675b2,it may not,NA,
TOOL_HOVER,495250,12/6/2022 2:22:57 PM,59944550-962a-44d4-8dda-5bedfb4675b2,Needle,997,
TOOL_HOVER,495266,12/6/2022 2:22:57 PM,59944550-962a-44d4-8dda-5bedfb4675b2,Needle,997,
TOOL_HOVER,495283,12/6/2022 2:22:57 PM,59944550-962a-44d4-8dda-5bedfb4675b2,Needle,997,
TOOL_HOVER,495301,12/6/2022 2:22:57 PM,59944550-962a-44d4-8dda-5bedfb4675b2,Needle,997,
TOOL_HOVER,495317,12/6/2022 2:22:57 PM,59944550-962a-44d4-8dda-5bedfb4675b2,Needle,997,
TOOL_HOVER,495333,12/6/2022 2:22:57 PM,59944550-962a-44d4-8dda-5bedfb4675b2,Needle,997,
TOOL_HOVER,495350,12/6/2022 2:22:57 PM,59944550-962a-44d4-8dda-5bedfb4675b2,Needle,997,
TOOL_HOVER,495367,12/6/2022 2:22:57 PM,59944550-962a-44d4-8dda-5bedfb4675b2,Needle,997,
TOOL_HOVER,495383,12/6/2022 2:22:57 PM,59944550-962a-44d4-8dda-5bedfb4675b2,Needle,997,
TOOL_HOVER,495399,12/6/2022 2:22:57 PM,59944550-962a-44d4-8dda-5bedfb4675b2,Needle,997,
TOOL_HOVER,495418,12/6/2022 2:22:57 PM,59944550-962a-44d4-8dda-5bedfb4675b2,Needle,997,
TOOL_HOVER,495433,12/6/2022 2:22:57 PM,59944550-962a-44d4-8dda-5bedfb4675b2,Needle,997,
TOOL_HOVER,495451,12/6/2022 2:22:57 PM,59944550-962a-44d4-8dda-5bedfb4675b2,Needle,997,
TOOL_HOVER,495466,12/6/2022 2:22:57 PM,59944550-962a-44d4-8dda-5bedfb4675b2,Needle,997,
TOOL_HOVER,495483,12/6/2022 2:22:57 PM,59944550-962a-44d4-8dda-5bedfb4675b2,Needle,997,
TOOL_HOVER,495500,12/6/2022 2:22:57 PM,59944550-962a-44d4-8dda-5bedfb4675b2,Needle,997,
TOOL_HOVER,495516,12/6/2022 2:22:57 PM,59944550-962a-44d4-8dda-5bedfb4675b2,Needle,997,
TOOL_HOVER,495534,12/6/2022 2:22:57 PM,59944550-962a-44d4-8dda-5bedfb4675b2,Needle,997,
TOOL_HOVER,495550,12/6/2022 2:22:57 PM,59944550-962a-44d4-8dda-5bedfb4675b2,Needle,997,
TOOL_HOVER,495568,12/6/2022 2:22:57 PM,59944550-962a-44d4-8dda-5bedfb4675b2,Needle,997,
TOOL_HOVER,495583,12/6/2022 2:22:57 PM,59944550-962a-44d4-8dda-5bedfb4675b2,Needle,997,
TOOL_HOVER,495601,12/6/2022 2:22:57 PM,59944550-962a-44d4-8dda-5bedfb4675b2,Needle,997,
TOOL_HOVER,495617,12/6/2022 2:22:57 PM,59944550-962a-44d4-8dda-5bedfb4675b2,Needle,997,
TOOL_HOVER,495634,12/6/2022 2:22:57 PM,59944550-962a-44d4-8dda-5bedfb4675b2,Needle,997,
TOOL_HOVER,495654,12/6/2022 2:22:57 PM,59944550-962a-44d4-8dda-5bedfb4675b2,Needle,997,
TOOL_HOVER,495667,12/6/2022 2:22:57 PM,59944550-962a-44d4-8dda-5bedfb4675b2,Needle,997,
TOOL_HOVER,495684,12/6/2022 2:22:57 PM,59944550-962a-44d4-8dda-5bedfb4675b2,Needle,997,
TOOL_HOVER,495701,12/6/2022 2:22:57 PM,59944550-962a-44d4-8dda-5bedfb4675b2,Needle,997,
TOOL_HOVER,495719,12/6/2022 2:22:57 PM,59944550-962a-44d4-8dda-5bedfb4675b2,Needle,997,
TOOL_HOVER,495735,12/6/2022 2:22:57 PM,59944550-962a-44d4-8dda-5bedfb4675b2,Needle,997,
TOOL_HOVER,495752,12/6/2022 2:22:57 PM,59944550-962a-44d4-8dda-5bedfb4675b2,Needle,997,
TOOL_HOVER,495767,12/6/2022 2:22:57 PM,59944550-962a-44d4-8dda-5bedfb4675b2,Needle,997,
TOOL_HOVER,495784,12/6/2022 2:22:57 PM,59944550-962a-44d4-8dda-5bedfb4675b2,Needle,997,
TOOL_HOVER,495801,12/6/2022 2:22:57 PM,59944550-962a-44d4-8dda-5bedfb4675b2,Needle,997,
TOOL_HOVER,495818,12/6/2022 2:22:57 PM,59944550-962a-44d4-8dda-5bedfb4675b2,Needle,997,
TOOL_HOVER,495834,12/6/2022 2:22:57 PM,59944550-962a-44d4-8dda-5bedfb4675b2,Needle,997,
TOOL_HOVER,495851,12/6/2022 2:22:57 PM,59944550-962a-44d4-8dda-5bedfb4675b2,Needle,997,
TOOL_SELECTED,495851,12/6/2022 2:22:57 PM,59944550-962a-44d4-8dda-5bedfb4675b2,Needle,996,
VOICE_CAPTURE,497570,12/6/2022 2:22:59 PM,59944550-962a-44d4-8dda-5bedfb4675b2,just grab another one,NA,
INJURY_TREATED,498142,12/6/2022 2:23:00 PM,59944550-962a-44d4-8dda-5bedfb4675b2,R Chest Collapse,Mike_3 Root,decompress,high,chest,True,False,"(0.0, 0.0, 0.0)",
TOOL_APPLIED,498142,12/6/2022 2:23:00 PM,59944550-962a-44d4-8dda-5bedfb4675b2,Needle_Decomp(Clone),Needle,LChest_Breathe1 (UnityEngine.GameObject),cath_needle (UnityEngine.GameObject),left_chest,Needle_Decomp(Clone) (UnityEngine.GameObject),AppliedDecompNeedle,
TOOL_HOVER,502751,12/6/2022 2:23:04 PM,59944550-962a-44d4-8dda-5bedfb4675b2,Needle,996,
TOOL_HOVER,502768,12/6/2022 2:23:04 PM,59944550-962a-44d4-8dda-5bedfb4675b2,Needle,996,
TOOL_HOVER,502784,12/6/2022 2:23:04 PM,59944550-962a-44d4-8dda-5bedfb4675b2,Needle,996,
TOOL_HOVER,502802,12/6/2022 2:23:04 PM,59944550-962a-44d4-8dda-5bedfb4675b2,Needle,996,
TOOL_HOVER,502819,12/6/2022 2:23:04 PM,59944550-962a-44d4-8dda-5bedfb4675b2,Needle,996,
TOOL_HOVER,502837,12/6/2022 2:23:04 PM,59944550-962a-44d4-8dda-5bedfb4675b2,Needle,996,
TOOL_HOVER,502851,12/6/2022 2:23:04 PM,59944550-962a-44d4-8dda-5bedfb4675b2,Needle,996,
TOOL_HOVER,502868,12/6/2022 2:23:04 PM,59944550-962a-44d4-8dda-5bedfb4675b2,Needle,996,
TOOL_HOVER,502885,12/6/2022 2:23:04 PM,59944550-962a-44d4-8dda-5bedfb4675b2,Needle,996,
TOOL_HOVER,502902,12/6/2022 2:23:04 PM,59944550-962a-44d4-8dda-5bedfb4675b2,Needle,996,
TOOL_HOVER,502919,12/6/2022 2:23:04 PM,59944550-962a-44d4-8dda-5bedfb4675b2,Needle,996,
TOOL_HOVER,502934,12/6/2022 2:23:04 PM,59944550-962a-44d4-8dda-5bedfb4675b2,Needle,996,
TOOL_HOVER,502951,12/6/2022 2:23:04 PM,59944550-962a-44d4-8dda-5bedfb4675b2,Needle,996,
TOOL_HOVER,502968,12/6/2022 2:23:04 PM,59944550-962a-44d4-8dda-5bedfb4675b2,Needle,996,
TOOL_HOVER,502984,12/6/2022 2:23:04 PM,59944550-962a-44d4-8dda-5bedfb4675b2,Needle,996,
TOOL_HOVER,503002,12/6/2022 2:23:04 PM,59944550-962a-44d4-8dda-5bedfb4675b2,Needle,996,
TOOL_HOVER,503021,12/6/2022 2:23:04 PM,59944550-962a-44d4-8dda-5bedfb4675b2,Needle,996,
TOOL_HOVER,503035,12/6/2022 2:23:04 PM,59944550-962a-44d4-8dda-5bedfb4675b2,Needle,996,
TOOL_SELECTED,503035,12/6/2022 2:23:04 PM,59944550-962a-44d4-8dda-5bedfb4675b2,Needle,995,
VOICE_CAPTURE,503086,12/6/2022 2:23:04 PM,59944550-962a-44d4-8dda-5bedfb4675b2,oh,NA,
VOICE_CAPTURE,505423,12/6/2022 2:23:07 PM,59944550-962a-44d4-8dda-5bedfb4675b2,sorry,NA,
INJURY_TREATED,505993,12/6/2022 2:23:07 PM,59944550-962a-44d4-8dda-5bedfb4675b2,R Chest Collapse,Mike_3 Root,decompress,high,chest,True,False,"(0.0, 0.0, 0.0)",
TOOL_APPLIED,505995,12/6/2022 2:23:07 PM,59944550-962a-44d4-8dda-5bedfb4675b2,Needle_Decomp(Clone),Needle,LChest_Breathe1 (UnityEngine.GameObject),cath_needle (UnityEngine.GameObject),left_chest,Needle_Decomp(Clone) (UnityEngine.GameObject),AppliedDecompNeedle,
VOICE_CAPTURE,507178,12/6/2022 2:23:09 PM,59944550-962a-44d4-8dda-5bedfb4675b2,select that,NA,
TAG_SELECTED,509819,12/6/2022 2:23:11 PM,59944550-962a-44d4-8dda-5bedfb4675b2,red,
TAG_APPLIED,511421,12/6/2022 2:23:13 PM,59944550-962a-44d4-8dda-5bedfb4675b2,Mike_3 Root,red,
VOICE_CAPTURE,512907,12/6/2022 2:23:14 PM,59944550-962a-44d4-8dda-5bedfb4675b2,alright well now at least it looks like a damn harpoon gun,NA,
PULSE_TAKEN,513125,12/6/2022 2:23:15 PM,59944550-962a-44d4-8dda-5bedfb4675b2,pulse_faint,Mike_3 Root,
PULSE_TAKEN,513359,12/6/2022 2:23:15 PM,59944550-962a-44d4-8dda-5bedfb4675b2,pulse_faint,Mike_3 Root,
PULSE_TAKEN,515799,12/6/2022 2:23:17 PM,59944550-962a-44d4-8dda-5bedfb4675b2,pulse_faint,Mike_3 Root,
PULSE_TAKEN,515831,12/6/2022 2:23:17 PM,59944550-962a-44d4-8dda-5bedfb4675b2,pulse_faint,Mike_3 Root,
PULSE_TAKEN,518255,12/6/2022 2:23:20 PM,59944550-962a-44d4-8dda-5bedfb4675b2,pulse_faint,Mike_3 Root,
VOICE_CAPTURE,520093,12/6/2022 2:23:22 PM,59944550-962a-44d4-8dda-5bedfb4675b2,are you on your own i know you can get both bosses that's kinda cool,NA,
VOICE_CAPTURE,528496,12/6/2022 2:23:30 PM,59944550-962a-44d4-8dda-5bedfb4675b2,hello,NA,
VOICE_CAPTURE,535613,12/6/2022 2:23:37 PM,59944550-962a-44d4-8dda-5bedfb4675b2,that's back over there,NA,
BAG_CLOSED,539657,12/6/2022 2:23:41 PM,59944550-962a-44d4-8dda-5bedfb4675b2,"(3.9, 0.4, 4.2)",
TELEPORT,539657,12/6/2022 2:23:41 PM,59944550-962a-44d4-8dda-5bedfb4675b2,"(3.0, 0.0, 3.3)",
VOICE_CAPTURE,540643,12/6/2022 2:23:42 PM,59944550-962a-44d4-8dda-5bedfb4675b2,yeah i do you go do those people do you see what i'm looking at,NA,
PATIENT_ENGAGED,542650,12/6/2022 2:23:44 PM,59944550-962a-44d4-8dda-5bedfb4675b2,100,Infinity,Mike_0 Root,"(4.9, 0.0, -2.8)","(0.0, 0.4, 0.0, -0.9)",DELAYED,walker,normal,normal,normal,upset,sittingGround,
VOICE_CAPTURE,544668,12/6/2022 2:23:46 PM,59944550-962a-44d4-8dda-5bedfb4675b2,OK,NA,
VOICE_CAPTURE,548929,12/6/2022 2:23:50 PM,59944550-962a-44d4-8dda-5bedfb4675b2,yeah those guys already,NA,
BAG_ACCESS,550282,12/6/2022 2:23:52 PM,59944550-962a-44d4-8dda-5bedfb4675b2,"(4.4, 0.4, -1.9)",
TAG_SELECTED,553525,12/6/2022 2:23:55 PM,59944550-962a-44d4-8dda-5bedfb4675b2,green,
VOICE_CAPTURE,555406,12/6/2022 2:23:57 PM,59944550-962a-44d4-8dda-5bedfb4675b2,i don't know why that guy still standing there i told him to sit down,NA,
VOICE_COMMAND,555406,12/6/2022 2:23:57 PM,59944550-962a-44d4-8dda-5bedfb4675b2,sit up/down,i don't know why that guy still standing there i told him to sit down,
VOICE_COMMAND,555406,12/6/2022 2:23:57 PM,59944550-962a-44d4-8dda-5bedfb4675b2,stand up,i don't know why that guy still standing there i told him to sit down,
BAG_CLOSED,555749,12/6/2022 2:23:57 PM,59944550-962a-44d4-8dda-5bedfb4675b2,"(4.4, 0.4, -1.9)",
TAG_APPLIED,559623,12/6/2022 2:24:01 PM,59944550-962a-44d4-8dda-5bedfb4675b2,Mike_0 Root,green,
PULSE_TAKEN,559755,12/6/2022 2:24:01 PM,59944550-962a-44d4-8dda-5bedfb4675b2,pulse_normal,Mike_0 Root,
VOICE_CAPTURE,563481,12/6/2022 2:24:05 PM,59944550-962a-44d4-8dda-5bedfb4675b2,oh sit back down,NA,
VOICE_COMMAND,563481,12/6/2022 2:24:05 PM,59944550-962a-44d4-8dda-5bedfb4675b2,sit up/down,oh sit back down,
BAG_ACCESS,565369,12/6/2022 2:24:07 PM,59944550-962a-44d4-8dda-5bedfb4675b2,"(4.6, 0.4, -2.0)",
TAG_SELECTED,566622,12/6/2022 2:24:08 PM,59944550-962a-44d4-8dda-5bedfb4675b2,green,
PATIENT_ENGAGED,567609,12/6/2022 2:24:09 PM,59944550-962a-44d4-8dda-5bedfb4675b2,100,Infinity,Mike_2 Root,"(5.4, 0.0, -3.5)","(0.0, 0.7, 0.0, -0.7)",IMMEDIATE,walker,fast,normal,normal,upset,sittingGround,
BAG_CLOSED,568262,12/6/2022 2:24:10 PM,59944550-962a-44d4-8dda-5bedfb4675b2,"(4.6, 0.4, -2.0)",
TAG_APPLIED,569501,12/6/2022 2:24:11 PM,59944550-962a-44d4-8dda-5bedfb4675b2,Mike_2 Root,green,
PATIENT_ENGAGED,573272,12/6/2022 2:24:15 PM,59944550-962a-44d4-8dda-5bedfb4675b2,100,Infinity,Mike_0 Root,"(4.7, 0.0, -2.7)","(0.0, 0.5, 0.0, -0.9)",DELAYED,walker,normal,normal,normal,upset,standing,
TOOL_HOVER,574808,12/6/2022 2:24:16 PM,59944550-962a-44d4-8dda-5bedfb4675b2,Gauze,999,
TOOL_HOVER,574827,12/6/2022 2:24:16 PM,59944550-962a-44d4-8dda-5bedfb4675b2,Gauze,999,
TOOL_HOVER,574842,12/6/2022 2:24:16 PM,59944550-962a-44d4-8dda-5bedfb4675b2,Gauze,999,
TOOL_HOVER,574858,12/6/2022 2:24:16 PM,59944550-962a-44d4-8dda-5bedfb4675b2,Gauze,999,
TOOL_HOVER,574875,12/6/2022 2:24:16 PM,59944550-962a-44d4-8dda-5bedfb4675b2,Gauze,999,
TOOL_HOVER,574892,12/6/2022 2:24:16 PM,59944550-962a-44d4-8dda-5bedfb4675b2,Gauze,999,
TOOL_HOVER,574914,12/6/2022 2:24:16 PM,59944550-962a-44d4-8dda-5bedfb4675b2,Gauze,999,
TOOL_HOVER,574926,12/6/2022 2:24:16 PM,59944550-962a-44d4-8dda-5bedfb4675b2,Gauze,999,
TOOL_HOVER,574942,12/6/2022 2:24:16 PM,59944550-962a-44d4-8dda-5bedfb4675b2,Gauze,999,
TOOL_HOVER,574960,12/6/2022 2:24:16 PM,59944550-962a-44d4-8dda-5bedfb4675b2,Gauze,999,
TOOL_HOVER,574976,12/6/2022 2:24:16 PM,59944550-962a-44d4-8dda-5bedfb4675b2,Gauze,999,
TOOL_HOVER,574993,12/6/2022 2:24:16 PM,59944550-962a-44d4-8dda-5bedfb4675b2,Gauze,999,
VOICE_CAPTURE,575364,12/6/2022 2:24:17 PM,59944550-962a-44d4-8dda-5bedfb4675b2,oh,NA,
BAG_ACCESS,575493,12/6/2022 2:24:17 PM,59944550-962a-44d4-8dda-5bedfb4675b2,"(5.1, 0.4, -2.7)",
TOOL_HOVER,576263,12/6/2022 2:24:18 PM,59944550-962a-44d4-8dda-5bedfb4675b2,Hemostatic Gauze,1000,
TOOL_HOVER,576279,12/6/2022 2:24:18 PM,59944550-962a-44d4-8dda-5bedfb4675b2,Hemostatic Gauze,1000,
TOOL_HOVER,576295,12/6/2022 2:24:18 PM,59944550-962a-44d4-8dda-5bedfb4675b2,Hemostatic Gauze,1000,
TOOL_HOVER,576317,12/6/2022 2:24:18 PM,59944550-962a-44d4-8dda-5bedfb4675b2,Hemostatic Gauze,1000,
TOOL_HOVER,576339,12/6/2022 2:24:18 PM,59944550-962a-44d4-8dda-5bedfb4675b2,Hemostatic Gauze,1000,
TOOL_HOVER,576360,12/6/2022 2:24:18 PM,59944550-962a-44d4-8dda-5bedfb4675b2,Hemostatic Gauze,1000,
TOOL_HOVER,576382,12/6/2022 2:24:18 PM,59944550-962a-44d4-8dda-5bedfb4675b2,Hemostatic Gauze,1000,
TOOL_HOVER,576404,12/6/2022 2:24:18 PM,59944550-962a-44d4-8dda-5bedfb4675b2,Hemostatic Gauze,1000,
TOOL_HOVER,576419,12/6/2022 2:24:18 PM,59944550-962a-44d4-8dda-5bedfb4675b2,Hemostatic Gauze,1000,
TOOL_HOVER,576441,12/6/2022 2:24:18 PM,59944550-962a-44d4-8dda-5bedfb4675b2,Hemostatic Gauze,1000,
TOOL_HOVER,576462,12/6/2022 2:24:18 PM,59944550-962a-44d4-8dda-5bedfb4675b2,Hemostatic Gauze,1000,
TOOL_HOVER,576484,12/6/2022 2:24:18 PM,59944550-962a-44d4-8dda-5bedfb4675b2,Hemostatic Gauze,1000,
TOOL_HOVER,576510,12/6/2022 2:24:18 PM,59944550-962a-44d4-8dda-5bedfb4675b2,Hemostatic Gauze,1000,
TOOL_HOVER,576530,12/6/2022 2:24:18 PM,59944550-962a-44d4-8dda-5bedfb4675b2,Hemostatic Gauze,1000,
TAG_SELECTED,576619,12/6/2022 2:24:18 PM,59944550-962a-44d4-8dda-5bedfb4675b2,black,
VOICE_CAPTURE,579627,12/6/2022 2:24:21 PM,59944550-962a-44d4-8dda-5bedfb4675b2,they won't they won't respond,NA,
TAG_DISCARDED,580666,12/6/2022 2:24:22 PM,59944550-962a-44d4-8dda-5bedfb4675b2,black,"(5.7, 0.5, -3.4)",
PULSE_TAKEN,582778,12/6/2022 2:24:24 PM,59944550-962a-44d4-8dda-5bedfb4675b2,pulse_fast,Mike_2 Root,
TOOL_HOVER,584249,12/6/2022 2:24:26 PM,59944550-962a-44d4-8dda-5bedfb4675b2,Hemostatic Gauze,1000,
TOOL_HOVER,584265,12/6/2022 2:24:26 PM,59944550-962a-44d4-8dda-5bedfb4675b2,Hemostatic Gauze,1000,
TOOL_HOVER,584282,12/6/2022 2:24:26 PM,59944550-962a-44d4-8dda-5bedfb4675b2,Hemostatic Gauze,1000,
TOOL_HOVER,584298,12/6/2022 2:24:26 PM,59944550-962a-44d4-8dda-5bedfb4675b2,Hemostatic Gauze,1000,
TOOL_HOVER,584315,12/6/2022 2:24:26 PM,59944550-962a-44d4-8dda-5bedfb4675b2,Hemostatic Gauze,1000,
TOOL_HOVER,584331,12/6/2022 2:24:26 PM,59944550-962a-44d4-8dda-5bedfb4675b2,Hemostatic Gauze,1000,
TOOL_HOVER,584348,12/6/2022 2:24:26 PM,59944550-962a-44d4-8dda-5bedfb4675b2,Hemostatic Gauze,1000,
TOOL_HOVER,584365,12/6/2022 2:24:26 PM,59944550-962a-44d4-8dda-5bedfb4675b2,Hemostatic Gauze,1000,
TOOL_HOVER,584381,12/6/2022 2:24:26 PM,59944550-962a-44d4-8dda-5bedfb4675b2,Hemostatic Gauze,1000,
TOOL_HOVER,584399,12/6/2022 2:24:26 PM,59944550-962a-44d4-8dda-5bedfb4675b2,Hemostatic Gauze,1000,
TOOL_HOVER,584415,12/6/2022 2:24:26 PM,59944550-962a-44d4-8dda-5bedfb4675b2,Hemostatic Gauze,1000,
TOOL_HOVER,584432,12/6/2022 2:24:26 PM,59944550-962a-44d4-8dda-5bedfb4675b2,Hemostatic Gauze,1000,
TOOL_HOVER,584449,12/6/2022 2:24:26 PM,59944550-962a-44d4-8dda-5bedfb4675b2,Hemostatic Gauze,1000,
TOOL_HOVER,584466,12/6/2022 2:24:26 PM,59944550-962a-44d4-8dda-5bedfb4675b2,Hemostatic Gauze,1000,
TOOL_HOVER,584482,12/6/2022 2:24:26 PM,59944550-962a-44d4-8dda-5bedfb4675b2,Hemostatic Gauze,1000,
TOOL_HOVER,584499,12/6/2022 2:24:26 PM,59944550-962a-44d4-8dda-5bedfb4675b2,Hemostatic Gauze,1000,
TOOL_HOVER,584517,12/6/2022 2:24:26 PM,59944550-962a-44d4-8dda-5bedfb4675b2,Hemostatic Gauze,1000,
TOOL_HOVER,584532,12/6/2022 2:24:26 PM,59944550-962a-44d4-8dda-5bedfb4675b2,Hemostatic Gauze,1000,
TOOL_HOVER,584553,12/6/2022 2:24:26 PM,59944550-962a-44d4-8dda-5bedfb4675b2,Hemostatic Gauze,1000,
TOOL_HOVER,584566,12/6/2022 2:24:26 PM,59944550-962a-44d4-8dda-5bedfb4675b2,Hemostatic Gauze,1000,
TOOL_HOVER,584582,12/6/2022 2:24:26 PM,59944550-962a-44d4-8dda-5bedfb4675b2,Hemostatic Gauze,1000,
TOOL_HOVER,584599,12/6/2022 2:24:26 PM,59944550-962a-44d4-8dda-5bedfb4675b2,Hemostatic Gauze,1000,
TOOL_SELECTED,584600,12/6/2022 2:24:26 PM,59944550-962a-44d4-8dda-5bedfb4675b2,Hemostatic Gauze,999,
VOICE_CAPTURE,584857,12/6/2022 2:24:26 PM,59944550-962a-44d4-8dda-5bedfb4675b2,so i can't even like push him back can't i,NA,
PATIENT_ENGAGED,586966,12/6/2022 2:24:28 PM,59944550-962a-44d4-8dda-5bedfb4675b2,100,Infinity,Mike_2 Root,"(5.4, 0.0, -3.5)","(0.0, 0.7, 0.0, -0.7)",IMMEDIATE,walker,fast,normal,normal,upset,sittingGround,
TOOL_DISCARDED,587951,12/6/2022 2:24:29 PM,59944550-962a-44d4-8dda-5bedfb4675b2,Hemostatic Gauze,999,"(5.6, 0.4, -3.5)",
INJURY_TREATED,587952,12/6/2022 2:24:29 PM,59944550-962a-44d4-8dda-5bedfb4675b2,L Shoulder Puncture,Mike_2 Root,woundpack,medium,chest,True,False,"(5.6, 0.4, -3.4)",
TOOL_APPLIED,587952,12/6/2022 2:24:29 PM,59944550-962a-44d4-8dda-5bedfb4675b2,Mike_2 Root,Gauze_Pack,skinCollider_BodyCollideLOD (UnityEngine.GameObject),null,null,AppliedPackingGauze,
TAG_SELECTED,590397,12/6/2022 2:24:32 PM,59944550-962a-44d4-8dda-5bedfb4675b2,red,
TAG_APPLIED,592133,12/6/2022 2:24:34 PM,59944550-962a-44d4-8dda-5bedfb4675b2,Mike_2 Root,red,
VOICE_CAPTURE,592383,12/6/2022 2:24:34 PM,59944550-962a-44d4-8dda-5bedfb4675b2,there you go,NA,
PATIENT_ENGAGED,593055,12/6/2022 2:24:34 PM,59944550-962a-44d4-8dda-5bedfb4675b2,100,Infinity,Mike_0 Root,"(4.7, 0.0, -2.7)","(0.0, 0.5, 0.0, -0.9)",DELAYED,walker,normal,normal,normal,upset,standing,
VOICE_CAPTURE,593420,12/6/2022 2:24:35 PM,59944550-962a-44d4-8dda-5bedfb4675b2,OK,NA,
PATIENT_ENGAGED,593688,12/6/2022 2:24:35 PM,59944550-962a-44d4-8dda-5bedfb4675b2,100,Infinity,Mike_2 Root,"(5.4, 0.0, -3.5)","(0.0, 0.7, 0.0, -0.7)",IMMEDIATE,walker,fast,normal,normal,upset,sittingGround,
VOICE_CAPTURE,599409,12/6/2022 2:24:41 PM,59944550-962a-44d4-8dda-5bedfb4675b2,that it,NA,
VOICE_CAPTURE,601648,12/6/2022 2:24:43 PM,59944550-962a-44d4-8dda-5bedfb4675b2,dude but is like right there,NA,
BAG_CLOSED,601767,12/6/2022 2:24:43 PM,59944550-962a-44d4-8dda-5bedfb4675b2,"(5.1, 0.4, -2.7)",
SESSION_END,620863,12/6/2022 2:25:02 PM,59944550-962a-44d4-8dda-5bedfb4675b2,
