BAG_ACCESS,22607,12/1/2022 3:52:20 PM,602fde1b-62c3-4d83-bdd6-b6f701d6a3f4,"(1.7, 0.8, 0.9)",
TAG_SELECTED,25024,12/1/2022 3:52:23 PM,602fde1b-62c3-4d83-bdd6-b6f701d6a3f4,green,
TAG_DISCARDED,25306,12/1/2022 3:52:23 PM,602fde1b-62c3-4d83-bdd6-b6f701d6a3f4,green,"(1.6, 0.9, 0.5)",
BAG_CLOSED,25541,12/1/2022 3:52:23 PM,602fde1b-62c3-4d83-bdd6-b6f701d6a3f4,"(1.7, 0.8, 0.9)",
PULSE_TAKEN,32330,12/1/2022 3:52:30 PM,602fde1b-62c3-4d83-bdd6-b6f701d6a3f4,pulse_normal,Mike Root,
PULSE_TAKEN,32345,12/1/2022 3:52:30 PM,602fde1b-62c3-4d83-bdd6-b6f701d6a3f4,pulse_normal,Mike Root,
