VOICE_CAPTURE,5019,12/9/2022 1:31:32 PM,6336e317-701b-45e0-810f-c10cc6b5a420,OK,NA,
PATIENT_DEMOTED,5388,12/9/2022 1:31:32 PM,6336e317-701b-45e0-810f-c10cc6b5a420,100,Infinity,Mike_0 Root,"(2.6, 0.0, -0.6)","(0.0, 0.7, 0.0, -0.7)",DELAYED,walker,normal,normal,normal,upset,sittingGround,
PATIENT_DEMOTED,6037,12/9/2022 1:31:33 PM,6336e317-701b-45e0-810f-c10cc6b5a420,100,Infinity,Mike_1 Root,"(2.6, 0.0, 0.1)","(0.0, 0.7, 0.0, -0.7)",IMMEDIATE,waver,normal,normal,normal,upset,recovery,
PATIENT_DEMOTED,6683,12/9/2022 1:31:33 PM,6336e317-701b-45e0-810f-c10cc6b5a420,100,Infinity,Mike_2 Root,"(2.6, 0.0, 2.4)","(0.0, 0.7, 0.0, -0.7)",IMMEDIATE,walker,fast,normal,normal,upset,sittingGround,
PATIENT_DEMOTED,7347,12/9/2022 1:31:34 PM,6336e317-701b-45e0-810f-c10cc6b5a420,100,128,Mike_3 Root,"(3.0, 0.0, 4.3)","(0.0, 0.7, 0.0, -0.7)",IMMEDIATE,still,faint,collapsedRight,normal,unresponsive,supine,
VOICE_CAPTURE,9614,12/9/2022 1:31:36 PM,6336e317-701b-45e0-810f-c10cc6b5a420,you do both things OK,NA,
VOICE_CAPTURE,13239,12/9/2022 1:31:40 PM,6336e317-701b-45e0-810f-c10cc6b5a420,so just real quick,NA,
SESSION_START,14560,12/9/2022 1:31:41 PM,6336e317-701b-45e0-810f-c10cc6b5a420,
PATIENT_RECORD,14560,12/9/2022 1:31:41 PM,6336e317-701b-45e0-810f-c10cc6b5a420,100,Infinity,Mike_0 Root,"(2.6, 0.0, -1.4)","(0.0, 0.7, 0.0, -0.7)",DELAYED,walker,normal,normal,normal,upset,sittingGround,
INJURY_RECORD,14561,12/9/2022 1:31:41 PM,6336e317-701b-45e0-810f-c10cc6b5a420,R Forearm Laceration,Mike_0 Root,gauzePressure,low,rightArm,False,False,"(2.7, 1.4, -0.9)",
PATIENT_RECORD,14561,12/9/2022 1:31:41 PM,6336e317-701b-45e0-810f-c10cc6b5a420,100,Infinity,Mike_1 Root,"(2.9, 0.0, 0.1)","(0.0, 0.7, 0.0, -0.7)",IMMEDIATE,waver,normal,normal,normal,upset,recovery,
INJURY_RECORD,14561,12/9/2022 1:31:41 PM,6336e317-701b-45e0-810f-c10cc6b5a420,L Thigh Laceration,Mike_1 Root,tourniquet,medium,leftLeg,False,False,"(2.8, 0.7, -0.1)",
PATIENT_RECORD,14561,12/9/2022 1:31:41 PM,6336e317-701b-45e0-810f-c10cc6b5a420,100,Infinity,Mike_2 Root,"(3.1, 0.0, 2.2)","(0.0, 0.7, 0.0, -0.7)",IMMEDIATE,walker,fast,normal,normal,upset,sittingGround,
INJURY_RECORD,14561,12/9/2022 1:31:41 PM,6336e317-701b-45e0-810f-c10cc6b5a420,L Shoulder Puncture,Mike_2 Root,woundpack,medium,chest,False,False,"(3.1, 1.4, 2.1)",
PATIENT_RECORD,14561,12/9/2022 1:31:41 PM,6336e317-701b-45e0-810f-c10cc6b5a420,100,128,Mike_3 Root,"(3.2, 0.0, 4.3)","(0.0, 0.7, 0.0, -0.7)",IMMEDIATE,still,faint,collapsedRight,normal,unresponsive,supine,
INJURY_RECORD,14561,12/9/2022 1:31:41 PM,6336e317-701b-45e0-810f-c10cc6b5a420,R Chest Collapse,Mike_3 Root,decompress,high,chest,False,False,"(0.0, 0.0, 0.0)",
TELEPORT,19121,12/9/2022 1:31:46 PM,6336e317-701b-45e0-810f-c10cc6b5a420,"(0.8, 0.0, -3.4)",
VOICE_CAPTURE,19704,12/9/2022 1:31:46 PM,6336e317-701b-45e0-810f-c10cc6b5a420,so use that left,NA,
VOICE_CAPTURE,23046,12/9/2022 1:31:50 PM,6336e317-701b-45e0-810f-c10cc6b5a420,yep,NA,
VOICE_CAPTURE,25235,12/9/2022 1:31:52 PM,6336e317-701b-45e0-810f-c10cc6b5a420,yeah,NA,
TELEPORT,26571,12/9/2022 1:31:53 PM,6336e317-701b-45e0-810f-c10cc6b5a420,"(1.4, 0.0, -3.0)",
TELEPORT,27407,12/9/2022 1:31:54 PM,6336e317-701b-45e0-810f-c10cc6b5a420,"(1.4, 0.0, -3.0)",
VOICE_CAPTURE,28143,12/9/2022 1:31:55 PM,6336e317-701b-45e0-810f-c10cc6b5a420,OK,NA,
PATIENT_ENGAGED,32685,12/9/2022 1:31:59 PM,6336e317-701b-45e0-810f-c10cc6b5a420,100,Infinity,Mike_2 Root,"(3.1, 0.0, 2.2)","(0.0, 0.7, 0.0, -0.7)",IMMEDIATE,walker,fast,normal,normal,upset,sittingGround,
VOICE_CAPTURE,39697,12/9/2022 1:32:06 PM,6336e317-701b-45e0-810f-c10cc6b5a420,OK OK,NA,
TELEPORT,45265,12/9/2022 1:32:12 PM,6336e317-701b-45e0-810f-c10cc6b5a420,"(2.3, 0.0, 0.7)",
TELEPORT,45716,12/9/2022 1:32:12 PM,6336e317-701b-45e0-810f-c10cc6b5a420,"(2.3, 0.0, 0.7)",
VOICE_CAPTURE,47638,12/9/2022 1:32:14 PM,6336e317-701b-45e0-810f-c10cc6b5a420,uh huh,NA,
VOICE_CAPTURE,53119,12/9/2022 1:32:20 PM,6336e317-701b-45e0-810f-c10cc6b5a420,so this is where when you get in,NA,
VOICE_CAPTURE,54104,12/9/2022 1:32:21 PM,6336e317-701b-45e0-810f-c10cc6b5a420,yep,NA,
VOICE_CAPTURE,60220,12/9/2022 1:32:27 PM,6336e317-701b-45e0-810f-c10cc6b5a420,OK,NA,
VOICE_CAPTURE,70260,12/9/2022 1:32:37 PM,6336e317-701b-45e0-810f-c10cc6b5a420,OK,NA,
VOICE_CAPTURE,71113,12/9/2022 1:32:38 PM,6336e317-701b-45e0-810f-c10cc6b5a420,at this point,NA,
VOICE_CAPTURE,74872,12/9/2022 1:32:42 PM,6336e317-701b-45e0-810f-c10cc6b5a420,yeah hey if you if you can hear my voice walk to me,NA,
VOICE_COMMAND,74872,12/9/2022 1:32:42 PM,6336e317-701b-45e0-810f-c10cc6b5a420,walk to the safe area,yeah hey if you if you can hear my voice walk to me,
VOICE_COMMAND,74872,12/9/2022 1:32:42 PM,6336e317-701b-45e0-810f-c10cc6b5a420,walk to player,yeah hey if you if you can hear my voice walk to me,
VOICE_CAPTURE,79785,12/9/2022 1:32:47 PM,6336e317-701b-45e0-810f-c10cc6b5a420,walk,NA,
VOICE_COMMAND,79785,12/9/2022 1:32:47 PM,6336e317-701b-45e0-810f-c10cc6b5a420,walk to the safe area,walk,
S_A_L_T_WALK_IF_CAN,79785,12/9/2022 1:32:47 PM,6336e317-701b-45e0-810f-c10cc6b5a420,"(2.6, 0.0, -1.4)",walkIfCan,Mike_0 Root,
S_A_L_T_WALKED,79786,12/9/2022 1:32:47 PM,6336e317-701b-45e0-810f-c10cc6b5a420,"(2.6, 0.0, -1.4)",walked,Mike_0 Root,
S_A_L_T_WALK_IF_CAN,79786,12/9/2022 1:32:47 PM,6336e317-701b-45e0-810f-c10cc6b5a420,"(2.9, 0.0, 0.1)",walkIfCan,Mike_1 Root,
S_A_L_T_WALK_IF_CAN,79786,12/9/2022 1:32:47 PM,6336e317-701b-45e0-810f-c10cc6b5a420,"(3.1, 0.0, 2.2)",walkIfCan,Mike_2 Root,
S_A_L_T_WALKED,79786,12/9/2022 1:32:47 PM,6336e317-701b-45e0-810f-c10cc6b5a420,"(3.1, 0.0, 2.2)",walked,Mike_2 Root,
TELEPORT,87419,12/9/2022 1:32:54 PM,6336e317-701b-45e0-810f-c10cc6b5a420,"(0.6, 0.0, -2.8)",
VOICE_CAPTURE,89339,12/9/2022 1:32:56 PM,6336e317-701b-45e0-810f-c10cc6b5a420,hmm OK,NA,
PATIENT_ENGAGED,89577,12/9/2022 1:32:56 PM,6336e317-701b-45e0-810f-c10cc6b5a420,100,Infinity,Mike_1 Root,"(2.9, 0.0, 0.1)","(0.0, 0.7, 0.0, -0.7)",IMMEDIATE,waver,normal,normal,normal,upset,recovery,
VOICE_CAPTURE,95882,12/9/2022 1:33:03 PM,6336e317-701b-45e0-810f-c10cc6b5a420,OK,NA,
BAG_ACCESS,99984,12/9/2022 1:33:07 PM,6336e317-701b-45e0-810f-c10cc6b5a420,"(2.8, 0.7, -0.2)",
TOOL_HOVER,103594,12/9/2022 1:33:10 PM,6336e317-701b-45e0-810f-c10cc6b5a420,Tourniquet,999,
TOOL_HOVER,103612,12/9/2022 1:33:10 PM,6336e317-701b-45e0-810f-c10cc6b5a420,Tourniquet,999,
TOOL_HOVER,103632,12/9/2022 1:33:10 PM,6336e317-701b-45e0-810f-c10cc6b5a420,Tourniquet,999,
TOOL_HOVER,103651,12/9/2022 1:33:10 PM,6336e317-701b-45e0-810f-c10cc6b5a420,Tourniquet,999,
TOOL_HOVER,103668,12/9/2022 1:33:10 PM,6336e317-701b-45e0-810f-c10cc6b5a420,Tourniquet,999,
TOOL_HOVER,103687,12/9/2022 1:33:10 PM,6336e317-701b-45e0-810f-c10cc6b5a420,Tourniquet,999,
TOOL_HOVER,103706,12/9/2022 1:33:10 PM,6336e317-701b-45e0-810f-c10cc6b5a420,Tourniquet,999,
TOOL_SELECTED,103709,12/9/2022 1:33:10 PM,6336e317-701b-45e0-810f-c10cc6b5a420,Tourniquet,998,
VOICE_CAPTURE,104309,12/9/2022 1:33:11 PM,6336e317-701b-45e0-810f-c10cc6b5a420,yep,NA,
TOOL_DISCARDED,106507,12/9/2022 1:33:13 PM,6336e317-701b-45e0-810f-c10cc6b5a420,Tourniquet,998,"(3.0, 0.4, 0.2)",
VOICE_CAPTURE,107172,12/9/2022 1:33:14 PM,6336e317-701b-45e0-810f-c10cc6b5a420,OK,NA,
VOICE_CAPTURE,111346,12/9/2022 1:33:18 PM,6336e317-701b-45e0-810f-c10cc6b5a420,OK,NA,
VOICE_CAPTURE,115752,12/9/2022 1:33:22 PM,6336e317-701b-45e0-810f-c10cc6b5a420,OK,NA,
TOOL_HOVER,115898,12/9/2022 1:33:23 PM,6336e317-701b-45e0-810f-c10cc6b5a420,Tourniquet,999,
TOOL_HOVER,115917,12/9/2022 1:33:23 PM,6336e317-701b-45e0-810f-c10cc6b5a420,Tourniquet,999,
TOOL_HOVER,115934,12/9/2022 1:33:23 PM,6336e317-701b-45e0-810f-c10cc6b5a420,Tourniquet,999,
TOOL_HOVER,115952,12/9/2022 1:33:23 PM,6336e317-701b-45e0-810f-c10cc6b5a420,Tourniquet,999,
TOOL_HOVER,115969,12/9/2022 1:33:23 PM,6336e317-701b-45e0-810f-c10cc6b5a420,Tourniquet,999,
TOOL_HOVER,115986,12/9/2022 1:33:23 PM,6336e317-701b-45e0-810f-c10cc6b5a420,Tourniquet,999,
TOOL_HOVER,116004,12/9/2022 1:33:23 PM,6336e317-701b-45e0-810f-c10cc6b5a420,Tourniquet,999,
TOOL_HOVER,116022,12/9/2022 1:33:23 PM,6336e317-701b-45e0-810f-c10cc6b5a420,Tourniquet,999,
TOOL_HOVER,116041,12/9/2022 1:33:23 PM,6336e317-701b-45e0-810f-c10cc6b5a420,Tourniquet,999,
TOOL_HOVER,116060,12/9/2022 1:33:23 PM,6336e317-701b-45e0-810f-c10cc6b5a420,Tourniquet,999,
TOOL_HOVER,116079,12/9/2022 1:33:23 PM,6336e317-701b-45e0-810f-c10cc6b5a420,Tourniquet,999,
TOOL_HOVER,116097,12/9/2022 1:33:23 PM,6336e317-701b-45e0-810f-c10cc6b5a420,Tourniquet,999,
TOOL_HOVER,116116,12/9/2022 1:33:23 PM,6336e317-701b-45e0-810f-c10cc6b5a420,Tourniquet,999,
TOOL_HOVER,116134,12/9/2022 1:33:23 PM,6336e317-701b-45e0-810f-c10cc6b5a420,Tourniquet,999,
TOOL_HOVER,116151,12/9/2022 1:33:23 PM,6336e317-701b-45e0-810f-c10cc6b5a420,Tourniquet,999,
TOOL_HOVER,116169,12/9/2022 1:33:23 PM,6336e317-701b-45e0-810f-c10cc6b5a420,Tourniquet,999,
TOOL_HOVER,116187,12/9/2022 1:33:23 PM,6336e317-701b-45e0-810f-c10cc6b5a420,Tourniquet,999,
TOOL_SELECTED,116188,12/9/2022 1:33:23 PM,6336e317-701b-45e0-810f-c10cc6b5a420,Tourniquet,998,
VOICE_CAPTURE,118911,12/9/2022 1:33:26 PM,6336e317-701b-45e0-810f-c10cc6b5a420,OK,NA,
INJURY_TREATED,120215,12/9/2022 1:33:27 PM,6336e317-701b-45e0-810f-c10cc6b5a420,L Thigh Laceration,Mike_1 Root,tourniquet,medium,leftLeg,True,False,"(2.8, 0.3, 0.4)",
TOOL_APPLIED,120216,12/9/2022 1:33:27 PM,6336e317-701b-45e0-810f-c10cc6b5a420,Mike_1 Root,Tourniquet,LeftUpLeg (UnityEngine.GameObject),tor_ring (1) (UnityEngine.GameObject),tourniquet(Clone) (UnityEngine.GameObject),AppliedTourniquet,
VOICE_CAPTURE,120404,12/9/2022 1:33:27 PM,6336e317-701b-45e0-810f-c10cc6b5a420,oh i see,NA,
VOICE_CAPTURE,122285,12/9/2022 1:33:29 PM,6336e317-701b-45e0-810f-c10cc6b5a420,OK,NA,
VOICE_CAPTURE,134164,12/9/2022 1:33:41 PM,6336e317-701b-45e0-810f-c10cc6b5a420,hmm hmm OK,NA,
PULSE_TAKEN,135051,12/9/2022 1:33:42 PM,6336e317-701b-45e0-810f-c10cc6b5a420,pulse_normal,Mike_1 Root,
PULSE_TAKEN,135819,12/9/2022 1:33:43 PM,6336e317-701b-45e0-810f-c10cc6b5a420,pulse_normal,Mike_1 Root,
VOICE_CAPTURE,136436,12/9/2022 1:33:43 PM,6336e317-701b-45e0-810f-c10cc6b5a420,yep,NA,
PULSE_TAKEN,139109,12/9/2022 1:33:46 PM,6336e317-701b-45e0-810f-c10cc6b5a420,pulse_normal,Mike_1 Root,
VOICE_CAPTURE,140813,12/9/2022 1:33:48 PM,6336e317-701b-45e0-810f-c10cc6b5a420,yep,NA,
VOICE_CAPTURE,142387,12/9/2022 1:33:49 PM,6336e317-701b-45e0-810f-c10cc6b5a420,OK,NA,
VOICE_CAPTURE,145527,12/9/2022 1:33:52 PM,6336e317-701b-45e0-810f-c10cc6b5a420,yep yep OK,NA,
VOICE_CAPTURE,151858,12/9/2022 1:33:59 PM,6336e317-701b-45e0-810f-c10cc6b5a420,OK can you grab my hands squeeze my hands,NA,
TAG_SELECTED,157547,12/9/2022 1:34:04 PM,6336e317-701b-45e0-810f-c10cc6b5a420,red,
VOICE_CAPTURE,157597,12/9/2022 1:34:04 PM,6336e317-701b-45e0-810f-c10cc6b5a420,they won't do that they won't do that in this particular scenario OK,NA,
VOICE_CAPTURE,158650,12/9/2022 1:34:05 PM,6336e317-701b-45e0-810f-c10cc6b5a420,OK,NA,
VOICE_CAPTURE,163820,12/9/2022 1:34:11 PM,6336e317-701b-45e0-810f-c10cc6b5a420,OK,NA,
VOICE_CAPTURE,173927,12/9/2022 1:34:21 PM,6336e317-701b-45e0-810f-c10cc6b5a420,oh OK but but in order to get in order to determine whether they're red or yellow is there a command that they will respond to,NA,
VOICE_CAPTURE,176886,12/9/2022 1:34:24 PM,6336e317-701b-45e0-810f-c10cc6b5a420,OK,NA,
VOICE_CAPTURE,179190,12/9/2022 1:34:26 PM,6336e317-701b-45e0-810f-c10cc6b5a420,can you tell me your name,NA,
VOICE_COMMAND,179190,12/9/2022 1:34:26 PM,6336e317-701b-45e0-810f-c10cc6b5a420,what is your name,can you tell me your name,
TAG_DISCARDED,181581,12/9/2022 1:34:28 PM,6336e317-701b-45e0-810f-c10cc6b5a420,red,"(3.0, 0.9, -0.2)",
TAG_SELECTED,182232,12/9/2022 1:34:29 PM,6336e317-701b-45e0-810f-c10cc6b5a420,yellow,
VOICE_CAPTURE,183384,12/9/2022 1:34:30 PM,6336e317-701b-45e0-810f-c10cc6b5a420,michael,NA,
TAG_APPLIED,185774,12/9/2022 1:34:33 PM,6336e317-701b-45e0-810f-c10cc6b5a420,Mike_1 Root,yellow,
VOICE_CAPTURE,189700,12/9/2022 1:34:36 PM,6336e317-701b-45e0-810f-c10cc6b5a420,alright michael gonna take your word for it,NA,
VOICE_CAPTURE,191838,12/9/2022 1:34:39 PM,6336e317-701b-45e0-810f-c10cc6b5a420,OK,NA,
VOICE_CAPTURE,194111,12/9/2022 1:34:41 PM,6336e317-701b-45e0-810f-c10cc6b5a420,mm-hmm,NA,
VOICE_CAPTURE,202397,12/9/2022 1:34:49 PM,6336e317-701b-45e0-810f-c10cc6b5a420,OK,NA,
BAG_CLOSED,205322,12/9/2022 1:34:52 PM,6336e317-701b-45e0-810f-c10cc6b5a420,"(2.8, 0.7, -0.2)",
TELEPORT,205322,12/9/2022 1:34:52 PM,6336e317-701b-45e0-810f-c10cc6b5a420,"(2.9, 0.0, 0.4)",
VOICE_CAPTURE,205805,12/9/2022 1:34:53 PM,6336e317-701b-45e0-810f-c10cc6b5a420,yep,NA,
VOICE_CAPTURE,207509,12/9/2022 1:34:54 PM,6336e317-701b-45e0-810f-c10cc6b5a420,OK,NA,
PATIENT_ENGAGED,211267,12/9/2022 1:34:58 PM,6336e317-701b-45e0-810f-c10cc6b5a420,100,128,Mike_3 Root,"(3.2, 0.0, 4.3)","(0.0, 0.7, 0.0, -0.7)",IMMEDIATE,still,faint,collapsedRight,normal,unresponsive,supine,
VOICE_CAPTURE,213289,12/9/2022 1:35:00 PM,6336e317-701b-45e0-810f-c10cc6b5a420,OK OK,NA,
VOICE_CAPTURE,219387,12/9/2022 1:35:06 PM,6336e317-701b-45e0-810f-c10cc6b5a420,OK so he's got some tracheal deviation here,NA,
BAG_ACCESS,224986,12/9/2022 1:35:12 PM,6336e317-701b-45e0-810f-c10cc6b5a420,"(3.9, 0.7, 4.4)",
VOICE_CAPTURE,226222,12/9/2022 1:35:13 PM,6336e317-701b-45e0-810f-c10cc6b5a420,so i'm guessing it's needle decompression but outside of my typical scope,NA,
TOOL_HOVER,227390,12/9/2022 1:35:14 PM,6336e317-701b-45e0-810f-c10cc6b5a420,Needle,999,
TOOL_HOVER,227407,12/9/2022 1:35:14 PM,6336e317-701b-45e0-810f-c10cc6b5a420,Needle,999,
TOOL_HOVER,227424,12/9/2022 1:35:14 PM,6336e317-701b-45e0-810f-c10cc6b5a420,Needle,999,
TOOL_HOVER,227440,12/9/2022 1:35:14 PM,6336e317-701b-45e0-810f-c10cc6b5a420,Needle,999,
TOOL_HOVER,227458,12/9/2022 1:35:14 PM,6336e317-701b-45e0-810f-c10cc6b5a420,Needle,999,
TOOL_HOVER,227475,12/9/2022 1:35:14 PM,6336e317-701b-45e0-810f-c10cc6b5a420,Needle,999,
TOOL_HOVER,227491,12/9/2022 1:35:14 PM,6336e317-701b-45e0-810f-c10cc6b5a420,Needle,999,
TOOL_HOVER,227508,12/9/2022 1:35:14 PM,6336e317-701b-45e0-810f-c10cc6b5a420,Needle,999,
TOOL_HOVER,227526,12/9/2022 1:35:14 PM,6336e317-701b-45e0-810f-c10cc6b5a420,Needle,999,
TOOL_HOVER,227541,12/9/2022 1:35:14 PM,6336e317-701b-45e0-810f-c10cc6b5a420,Needle,999,
TOOL_HOVER,227558,12/9/2022 1:35:14 PM,6336e317-701b-45e0-810f-c10cc6b5a420,Needle,999,
TOOL_HOVER,227575,12/9/2022 1:35:14 PM,6336e317-701b-45e0-810f-c10cc6b5a420,Needle,999,
TOOL_HOVER,227592,12/9/2022 1:35:14 PM,6336e317-701b-45e0-810f-c10cc6b5a420,Needle,999,
TOOL_HOVER,227608,12/9/2022 1:35:14 PM,6336e317-701b-45e0-810f-c10cc6b5a420,Needle,999,
TOOL_HOVER,227625,12/9/2022 1:35:14 PM,6336e317-701b-45e0-810f-c10cc6b5a420,Needle,999,
TOOL_HOVER,227642,12/9/2022 1:35:14 PM,6336e317-701b-45e0-810f-c10cc6b5a420,Needle,999,
TOOL_HOVER,227658,12/9/2022 1:35:14 PM,6336e317-701b-45e0-810f-c10cc6b5a420,Needle,999,
TOOL_HOVER,227679,12/9/2022 1:35:14 PM,6336e317-701b-45e0-810f-c10cc6b5a420,Needle,999,
TOOL_HOVER,227691,12/9/2022 1:35:14 PM,6336e317-701b-45e0-810f-c10cc6b5a420,Needle,999,
TOOL_HOVER,227709,12/9/2022 1:35:14 PM,6336e317-701b-45e0-810f-c10cc6b5a420,Needle,999,
TOOL_HOVER,227725,12/9/2022 1:35:14 PM,6336e317-701b-45e0-810f-c10cc6b5a420,Needle,999,
TOOL_HOVER,227741,12/9/2022 1:35:14 PM,6336e317-701b-45e0-810f-c10cc6b5a420,Needle,999,
TOOL_HOVER,227758,12/9/2022 1:35:14 PM,6336e317-701b-45e0-810f-c10cc6b5a420,Needle,999,
TOOL_HOVER,227775,12/9/2022 1:35:15 PM,6336e317-701b-45e0-810f-c10cc6b5a420,Needle,999,
TOOL_HOVER,227794,12/9/2022 1:35:15 PM,6336e317-701b-45e0-810f-c10cc6b5a420,Needle,999,
TOOL_SELECTED,227795,12/9/2022 1:35:15 PM,6336e317-701b-45e0-810f-c10cc6b5a420,Needle,998,
VOICE_CAPTURE,230314,12/9/2022 1:35:17 PM,6336e317-701b-45e0-810f-c10cc6b5a420,OK,NA,
VOICE_CAPTURE,237949,12/9/2022 1:35:25 PM,6336e317-701b-45e0-810f-c10cc6b5a420,oh no but i observed that the gentleman earlier,NA,
VOICE_CAPTURE,243830,12/9/2022 1:35:31 PM,6336e317-701b-45e0-810f-c10cc6b5a420,OK,NA,
VOICE_CAPTURE,247054,12/9/2022 1:35:34 PM,6336e317-701b-45e0-810f-c10cc6b5a420,OK,NA,
VOICE_CAPTURE,249877,12/9/2022 1:35:37 PM,6336e317-701b-45e0-810f-c10cc6b5a420,just,NA,
VOICE_CAPTURE,251784,12/9/2022 1:35:39 PM,6336e317-701b-45e0-810f-c10cc6b5a420,OK,NA,
VOICE_CAPTURE,256377,12/9/2022 1:35:43 PM,6336e317-701b-45e0-810f-c10cc6b5a420,OK OK,NA,
VOICE_CAPTURE,259668,12/9/2022 1:35:46 PM,6336e317-701b-45e0-810f-c10cc6b5a420,OK,NA,
INJURY_TREATED,260893,12/9/2022 1:35:48 PM,6336e317-701b-45e0-810f-c10cc6b5a420,R Chest Collapse,Mike_3 Root,decompress,high,chest,True,False,"(0.0, 0.0, 0.0)",
TOOL_APPLIED,260893,12/9/2022 1:35:48 PM,6336e317-701b-45e0-810f-c10cc6b5a420,Needle_Decomp(Clone),Needle,RChest_Breathe1 (UnityEngine.GameObject),cath_needle (UnityEngine.GameObject),right_chest,Needle_Decomp(Clone) (UnityEngine.GameObject),AppliedDecompNeedle,
VOICE_CAPTURE,266284,12/9/2022 1:35:53 PM,6336e317-701b-45e0-810f-c10cc6b5a420,yep OK,NA,
PULSE_TAKEN,271231,12/9/2022 1:35:58 PM,6336e317-701b-45e0-810f-c10cc6b5a420,pulse_faint,Mike_3 Root,
VOICE_CAPTURE,275206,12/9/2022 1:36:02 PM,6336e317-701b-45e0-810f-c10cc6b5a420,OK OK OK yep yep yep,NA,
VOICE_CAPTURE,277712,12/9/2022 1:36:04 PM,6336e317-701b-45e0-810f-c10cc6b5a420,can you tell me your name,NA,
VOICE_COMMAND,277712,12/9/2022 1:36:04 PM,6336e317-701b-45e0-810f-c10cc6b5a420,what is your name,can you tell me your name,
TAG_SELECTED,279083,12/9/2022 1:36:06 PM,6336e317-701b-45e0-810f-c10cc6b5a420,red,
VOICE_CAPTURE,280101,12/9/2022 1:36:07 PM,6336e317-701b-45e0-810f-c10cc6b5a420,OK,NA,
TAG_APPLIED,280519,12/9/2022 1:36:07 PM,6336e317-701b-45e0-810f-c10cc6b5a420,Mike_3 Root,red,
BAG_CLOSED,283531,12/9/2022 1:36:10 PM,6336e317-701b-45e0-810f-c10cc6b5a420,"(3.9, 0.7, 4.4)",
VOICE_CAPTURE,285047,12/9/2022 1:36:12 PM,6336e317-701b-45e0-810f-c10cc6b5a420,OK,NA,
VOICE_CAPTURE,288890,12/9/2022 1:36:16 PM,6336e317-701b-45e0-810f-c10cc6b5a420,right now you still OK,NA,
TELEPORT,289776,12/9/2022 1:36:17 PM,6336e317-701b-45e0-810f-c10cc6b5a420,"(4.0, 0.0, 4.0)",
VOICE_CAPTURE,291847,12/9/2022 1:36:19 PM,6336e317-701b-45e0-810f-c10cc6b5a420,so you can see what kind of entries you're OK,NA,
PATIENT_ENGAGED,291881,12/9/2022 1:36:19 PM,6336e317-701b-45e0-810f-c10cc6b5a420,100,Infinity,Mike_0 Root,"(4.8, 0.0, -1.1)","(0.0, -0.7, 0.0, 0.7)",DELAYED,walker,normal,normal,normal,upset,sittingChair,
VOICE_CAPTURE,295708,12/9/2022 1:36:22 PM,6336e317-701b-45e0-810f-c10cc6b5a420,sure sure,NA,
VOICE_CAPTURE,297677,12/9/2022 1:36:24 PM,6336e317-701b-45e0-810f-c10cc6b5a420,OK,NA,
PULSE_TAKEN,298781,12/9/2022 1:36:26 PM,6336e317-701b-45e0-810f-c10cc6b5a420,pulse_normal,Mike_0 Root,
VOICE_CAPTURE,300033,12/9/2022 1:36:27 PM,6336e317-701b-45e0-810f-c10cc6b5a420,i'm gonna check your pulse,NA,
VOICE_CAPTURE,302940,12/9/2022 1:36:30 PM,6336e317-701b-45e0-810f-c10cc6b5a420,OK,NA,
VOICE_CAPTURE,307484,12/9/2022 1:36:34 PM,6336e317-701b-45e0-810f-c10cc6b5a420,breathing OK can you tell me your name,NA,
VOICE_COMMAND,307484,12/9/2022 1:36:34 PM,6336e317-701b-45e0-810f-c10cc6b5a420,what is your name,breathing OK can you tell me your name,
BAG_ACCESS,310613,12/9/2022 1:36:37 PM,6336e317-701b-45e0-810f-c10cc6b5a420,"(4.6, 0.7, -0.8)",
TOOL_HOVER,312397,12/9/2022 1:36:39 PM,6336e317-701b-45e0-810f-c10cc6b5a420,Gauze,999,
TOOL_HOVER,312414,12/9/2022 1:36:39 PM,6336e317-701b-45e0-810f-c10cc6b5a420,Gauze,999,
TOOL_HOVER,312430,12/9/2022 1:36:39 PM,6336e317-701b-45e0-810f-c10cc6b5a420,Gauze,999,
TOOL_HOVER,312449,12/9/2022 1:36:39 PM,6336e317-701b-45e0-810f-c10cc6b5a420,Gauze,999,
TOOL_HOVER,312463,12/9/2022 1:36:39 PM,6336e317-701b-45e0-810f-c10cc6b5a420,Gauze,999,
TOOL_HOVER,312481,12/9/2022 1:36:39 PM,6336e317-701b-45e0-810f-c10cc6b5a420,Gauze,999,
TOOL_HOVER,312497,12/9/2022 1:36:39 PM,6336e317-701b-45e0-810f-c10cc6b5a420,Gauze,999,
TOOL_HOVER,312514,12/9/2022 1:36:39 PM,6336e317-701b-45e0-810f-c10cc6b5a420,Gauze,999,
TOOL_HOVER,312530,12/9/2022 1:36:39 PM,6336e317-701b-45e0-810f-c10cc6b5a420,Gauze,999,
TOOL_HOVER,312551,12/9/2022 1:36:39 PM,6336e317-701b-45e0-810f-c10cc6b5a420,Gauze,999,
TOOL_HOVER,312564,12/9/2022 1:36:39 PM,6336e317-701b-45e0-810f-c10cc6b5a420,Gauze,999,
TOOL_HOVER,312583,12/9/2022 1:36:39 PM,6336e317-701b-45e0-810f-c10cc6b5a420,Gauze,999,
TOOL_HOVER,312598,12/9/2022 1:36:39 PM,6336e317-701b-45e0-810f-c10cc6b5a420,Gauze,999,
TOOL_HOVER,312616,12/9/2022 1:36:39 PM,6336e317-701b-45e0-810f-c10cc6b5a420,Gauze,999,
TOOL_HOVER,312632,12/9/2022 1:36:39 PM,6336e317-701b-45e0-810f-c10cc6b5a420,Gauze,999,
TOOL_HOVER,312648,12/9/2022 1:36:39 PM,6336e317-701b-45e0-810f-c10cc6b5a420,Gauze,999,
TOOL_HOVER,312666,12/9/2022 1:36:39 PM,6336e317-701b-45e0-810f-c10cc6b5a420,Gauze,999,
TOOL_HOVER,312681,12/9/2022 1:36:39 PM,6336e317-701b-45e0-810f-c10cc6b5a420,Gauze,999,
PULSE_TAKEN,313431,12/9/2022 1:36:40 PM,6336e317-701b-45e0-810f-c10cc6b5a420,pulse_normal,Mike_0 Root,
VOICE_CAPTURE,313934,12/9/2022 1:36:41 PM,6336e317-701b-45e0-810f-c10cc6b5a420,you're not able to tell me your name,NA,
VOICE_COMMAND,313934,12/9/2022 1:36:41 PM,6336e317-701b-45e0-810f-c10cc6b5a420,what is your name,you're not able to tell me your name,
TOOL_HOVER,315990,12/9/2022 1:36:43 PM,6336e317-701b-45e0-810f-c10cc6b5a420,Gauze,999,
TOOL_HOVER,316006,12/9/2022 1:36:43 PM,6336e317-701b-45e0-810f-c10cc6b5a420,Gauze,999,
TOOL_HOVER,316023,12/9/2022 1:36:43 PM,6336e317-701b-45e0-810f-c10cc6b5a420,Gauze,999,
TOOL_HOVER,316039,12/9/2022 1:36:43 PM,6336e317-701b-45e0-810f-c10cc6b5a420,Gauze,999,
TOOL_HOVER,316056,12/9/2022 1:36:43 PM,6336e317-701b-45e0-810f-c10cc6b5a420,Gauze,999,
TOOL_HOVER,316074,12/9/2022 1:36:43 PM,6336e317-701b-45e0-810f-c10cc6b5a420,Gauze,999,
TOOL_HOVER,316089,12/9/2022 1:36:43 PM,6336e317-701b-45e0-810f-c10cc6b5a420,Gauze,999,
TOOL_HOVER,316106,12/9/2022 1:36:43 PM,6336e317-701b-45e0-810f-c10cc6b5a420,Gauze,999,
TOOL_HOVER,316122,12/9/2022 1:36:43 PM,6336e317-701b-45e0-810f-c10cc6b5a420,Gauze,999,
TOOL_SELECTED,316124,12/9/2022 1:36:43 PM,6336e317-701b-45e0-810f-c10cc6b5a420,Gauze,998,
TOOL_DISCARDED,317158,12/9/2022 1:36:44 PM,6336e317-701b-45e0-810f-c10cc6b5a420,Gauze,998,"(5.1, 1.1, -1.1)",
TOOL_DISCARDED,317158,12/9/2022 1:36:44 PM,6336e317-701b-45e0-810f-c10cc6b5a420,Gauze,999,"(5.1, 1.1, -1.1)",
VOICE_CAPTURE,318162,12/9/2022 1:36:45 PM,6336e317-701b-45e0-810f-c10cc6b5a420,OK,NA,
TOOL_HOVER,318496,12/9/2022 1:36:45 PM,6336e317-701b-45e0-810f-c10cc6b5a420,Gauze,1000,
TOOL_HOVER,318512,12/9/2022 1:36:45 PM,6336e317-701b-45e0-810f-c10cc6b5a420,Gauze,1000,
TOOL_HOVER,318529,12/9/2022 1:36:45 PM,6336e317-701b-45e0-810f-c10cc6b5a420,Gauze,1000,
TOOL_HOVER,318547,12/9/2022 1:36:45 PM,6336e317-701b-45e0-810f-c10cc6b5a420,Gauze,1000,
TOOL_HOVER,318562,12/9/2022 1:36:45 PM,6336e317-701b-45e0-810f-c10cc6b5a420,Gauze,1000,
TOOL_HOVER,318579,12/9/2022 1:36:45 PM,6336e317-701b-45e0-810f-c10cc6b5a420,Gauze,1000,
TOOL_HOVER,318597,12/9/2022 1:36:45 PM,6336e317-701b-45e0-810f-c10cc6b5a420,Gauze,1000,
TOOL_HOVER,318613,12/9/2022 1:36:45 PM,6336e317-701b-45e0-810f-c10cc6b5a420,Gauze,1000,
TOOL_HOVER,318629,12/9/2022 1:36:45 PM,6336e317-701b-45e0-810f-c10cc6b5a420,Gauze,1000,
TOOL_HOVER,318646,12/9/2022 1:36:45 PM,6336e317-701b-45e0-810f-c10cc6b5a420,Gauze,1000,
TOOL_HOVER,318664,12/9/2022 1:36:45 PM,6336e317-701b-45e0-810f-c10cc6b5a420,Gauze,1000,
TOOL_HOVER,318678,12/9/2022 1:36:45 PM,6336e317-701b-45e0-810f-c10cc6b5a420,Gauze,1000,
TOOL_HOVER,318696,12/9/2022 1:36:45 PM,6336e317-701b-45e0-810f-c10cc6b5a420,Gauze,1000,
TOOL_HOVER,318715,12/9/2022 1:36:45 PM,6336e317-701b-45e0-810f-c10cc6b5a420,Gauze,1000,
TOOL_HOVER,318730,12/9/2022 1:36:45 PM,6336e317-701b-45e0-810f-c10cc6b5a420,Gauze,1000,
TOOL_HOVER,318746,12/9/2022 1:36:45 PM,6336e317-701b-45e0-810f-c10cc6b5a420,Gauze,1000,
TOOL_HOVER,318763,12/9/2022 1:36:45 PM,6336e317-701b-45e0-810f-c10cc6b5a420,Gauze,1000,
TOOL_HOVER,318780,12/9/2022 1:36:46 PM,6336e317-701b-45e0-810f-c10cc6b5a420,Gauze,1000,
TOOL_HOVER,318796,12/9/2022 1:36:46 PM,6336e317-701b-45e0-810f-c10cc6b5a420,Gauze,1000,
TOOL_HOVER,318813,12/9/2022 1:36:46 PM,6336e317-701b-45e0-810f-c10cc6b5a420,Gauze,1000,
TOOL_HOVER,318832,12/9/2022 1:36:46 PM,6336e317-701b-45e0-810f-c10cc6b5a420,Gauze,1000,
TOOL_HOVER,318846,12/9/2022 1:36:46 PM,6336e317-701b-45e0-810f-c10cc6b5a420,Gauze,1000,
TOOL_HOVER,318863,12/9/2022 1:36:46 PM,6336e317-701b-45e0-810f-c10cc6b5a420,Gauze,1000,
TOOL_HOVER,318880,12/9/2022 1:36:46 PM,6336e317-701b-45e0-810f-c10cc6b5a420,Gauze,1000,
TOOL_HOVER,318896,12/9/2022 1:36:46 PM,6336e317-701b-45e0-810f-c10cc6b5a420,Gauze,1000,
TOOL_HOVER,318913,12/9/2022 1:36:46 PM,6336e317-701b-45e0-810f-c10cc6b5a420,Gauze,1000,
TOOL_HOVER,318931,12/9/2022 1:36:46 PM,6336e317-701b-45e0-810f-c10cc6b5a420,Gauze,1000,
TOOL_HOVER,318947,12/9/2022 1:36:46 PM,6336e317-701b-45e0-810f-c10cc6b5a420,Gauze,1000,
TOOL_HOVER,318964,12/9/2022 1:36:46 PM,6336e317-701b-45e0-810f-c10cc6b5a420,Gauze,1000,
TOOL_HOVER,318980,12/9/2022 1:36:46 PM,6336e317-701b-45e0-810f-c10cc6b5a420,Gauze,1000,
VOICE_CAPTURE,320582,12/9/2022 1:36:47 PM,6336e317-701b-45e0-810f-c10cc6b5a420,alright michael,NA,
TOOL_HOVER,321585,12/9/2022 1:36:48 PM,6336e317-701b-45e0-810f-c10cc6b5a420,Gauze,1000,
TOOL_HOVER,321603,12/9/2022 1:36:48 PM,6336e317-701b-45e0-810f-c10cc6b5a420,Gauze,1000,
TOOL_HOVER,321619,12/9/2022 1:36:48 PM,6336e317-701b-45e0-810f-c10cc6b5a420,Gauze,1000,
TOOL_HOVER,321636,12/9/2022 1:36:48 PM,6336e317-701b-45e0-810f-c10cc6b5a420,Gauze,1000,
TOOL_HOVER,321652,12/9/2022 1:36:48 PM,6336e317-701b-45e0-810f-c10cc6b5a420,Gauze,1000,
TOOL_HOVER,321669,12/9/2022 1:36:48 PM,6336e317-701b-45e0-810f-c10cc6b5a420,Gauze,1000,
TOOL_HOVER,321686,12/9/2022 1:36:48 PM,6336e317-701b-45e0-810f-c10cc6b5a420,Gauze,1000,
TOOL_HOVER,321703,12/9/2022 1:36:48 PM,6336e317-701b-45e0-810f-c10cc6b5a420,Gauze,1000,
TOOL_HOVER,321718,12/9/2022 1:36:48 PM,6336e317-701b-45e0-810f-c10cc6b5a420,Gauze,1000,
TOOL_HOVER,321737,12/9/2022 1:36:48 PM,6336e317-701b-45e0-810f-c10cc6b5a420,Gauze,1000,
TOOL_HOVER,321752,12/9/2022 1:36:48 PM,6336e317-701b-45e0-810f-c10cc6b5a420,Gauze,1000,
TOOL_HOVER,321770,12/9/2022 1:36:48 PM,6336e317-701b-45e0-810f-c10cc6b5a420,Gauze,1000,
TOOL_HOVER,321786,12/9/2022 1:36:49 PM,6336e317-701b-45e0-810f-c10cc6b5a420,Gauze,1000,
TOOL_HOVER,321802,12/9/2022 1:36:49 PM,6336e317-701b-45e0-810f-c10cc6b5a420,Gauze,1000,
TOOL_HOVER,321820,12/9/2022 1:36:49 PM,6336e317-701b-45e0-810f-c10cc6b5a420,Gauze,1000,
TOOL_HOVER,321836,12/9/2022 1:36:49 PM,6336e317-701b-45e0-810f-c10cc6b5a420,Gauze,1000,
TOOL_HOVER,321854,12/9/2022 1:36:49 PM,6336e317-701b-45e0-810f-c10cc6b5a420,Gauze,1000,
TOOL_HOVER,321870,12/9/2022 1:36:49 PM,6336e317-701b-45e0-810f-c10cc6b5a420,Gauze,1000,
TOOL_HOVER,321888,12/9/2022 1:36:49 PM,6336e317-701b-45e0-810f-c10cc6b5a420,Gauze,1000,
TOOL_HOVER,321903,12/9/2022 1:36:49 PM,6336e317-701b-45e0-810f-c10cc6b5a420,Gauze,1000,
TOOL_HOVER,321920,12/9/2022 1:36:49 PM,6336e317-701b-45e0-810f-c10cc6b5a420,Gauze,1000,
TOOL_HOVER,321937,12/9/2022 1:36:49 PM,6336e317-701b-45e0-810f-c10cc6b5a420,Gauze,1000,
TOOL_HOVER,321953,12/9/2022 1:36:49 PM,6336e317-701b-45e0-810f-c10cc6b5a420,Gauze,1000,
TOOL_HOVER,321971,12/9/2022 1:36:49 PM,6336e317-701b-45e0-810f-c10cc6b5a420,Gauze,1000,
TOOL_HOVER,321987,12/9/2022 1:36:49 PM,6336e317-701b-45e0-810f-c10cc6b5a420,Gauze,1000,
TOOL_HOVER,322003,12/9/2022 1:36:49 PM,6336e317-701b-45e0-810f-c10cc6b5a420,Gauze,1000,
TOOL_HOVER,322020,12/9/2022 1:36:49 PM,6336e317-701b-45e0-810f-c10cc6b5a420,Gauze,1000,
TOOL_SELECTED,322021,12/9/2022 1:36:49 PM,6336e317-701b-45e0-810f-c10cc6b5a420,Gauze,999,
TOOL_DISCARDED,325762,12/9/2022 1:36:52 PM,6336e317-701b-45e0-810f-c10cc6b5a420,Gauze,999,"(5.0, 1.1, -1.1)",
TOOL_APPLIED,325763,12/9/2022 1:36:52 PM,6336e317-701b-45e0-810f-c10cc6b5a420,Mike_0 Root,Gauze_Dressing,skinCollider_BodyCollideLOD (UnityEngine.GameObject),null,null,AppliedDressingGauze,
TOOL_HOVER,328586,12/9/2022 1:36:55 PM,6336e317-701b-45e0-810f-c10cc6b5a420,Gauze,1000,
TOOL_HOVER,328603,12/9/2022 1:36:55 PM,6336e317-701b-45e0-810f-c10cc6b5a420,Gauze,1000,
TOOL_HOVER,328620,12/9/2022 1:36:55 PM,6336e317-701b-45e0-810f-c10cc6b5a420,Gauze,1000,
TOOL_HOVER,328637,12/9/2022 1:36:55 PM,6336e317-701b-45e0-810f-c10cc6b5a420,Gauze,1000,
TOOL_HOVER,328653,12/9/2022 1:36:55 PM,6336e317-701b-45e0-810f-c10cc6b5a420,Gauze,1000,
TOOL_HOVER,328669,12/9/2022 1:36:55 PM,6336e317-701b-45e0-810f-c10cc6b5a420,Gauze,1000,
TOOL_HOVER,328687,12/9/2022 1:36:55 PM,6336e317-701b-45e0-810f-c10cc6b5a420,Gauze,1000,
TOOL_HOVER,328703,12/9/2022 1:36:55 PM,6336e317-701b-45e0-810f-c10cc6b5a420,Gauze,1000,
TOOL_HOVER,328720,12/9/2022 1:36:55 PM,6336e317-701b-45e0-810f-c10cc6b5a420,Gauze,1000,
TOOL_HOVER,328738,12/9/2022 1:36:55 PM,6336e317-701b-45e0-810f-c10cc6b5a420,Gauze,1000,
TOOL_HOVER,328753,12/9/2022 1:36:55 PM,6336e317-701b-45e0-810f-c10cc6b5a420,Gauze,1000,
TOOL_HOVER,328770,12/9/2022 1:36:55 PM,6336e317-701b-45e0-810f-c10cc6b5a420,Gauze,1000,
TOOL_HOVER,328787,12/9/2022 1:36:56 PM,6336e317-701b-45e0-810f-c10cc6b5a420,Gauze,1000,
TOOL_HOVER,328804,12/9/2022 1:36:56 PM,6336e317-701b-45e0-810f-c10cc6b5a420,Gauze,1000,
TOOL_HOVER,328820,12/9/2022 1:36:56 PM,6336e317-701b-45e0-810f-c10cc6b5a420,Gauze,1000,
TOOL_HOVER,328838,12/9/2022 1:36:56 PM,6336e317-701b-45e0-810f-c10cc6b5a420,Gauze,1000,
TOOL_HOVER,328855,12/9/2022 1:36:56 PM,6336e317-701b-45e0-810f-c10cc6b5a420,Gauze,1000,
TOOL_HOVER,328871,12/9/2022 1:36:56 PM,6336e317-701b-45e0-810f-c10cc6b5a420,Gauze,1000,
TOOL_SELECTED,328872,12/9/2022 1:36:56 PM,6336e317-701b-45e0-810f-c10cc6b5a420,Gauze,999,
TOOL_DISCARDED,332338,12/9/2022 1:36:59 PM,6336e317-701b-45e0-810f-c10cc6b5a420,Gauze,999,"(5.0, 1.0, -1.1)",
INJURY_TREATED,332338,12/9/2022 1:36:59 PM,6336e317-701b-45e0-810f-c10cc6b5a420,R Forearm Laceration,Mike_0 Root,gauzePressure,low,rightArm,True,False,"(5.0, 1.0, -1.1)",
TOOL_APPLIED,332338,12/9/2022 1:36:59 PM,6336e317-701b-45e0-810f-c10cc6b5a420,Mike_0 Root,Gauze_Dressing,skinCollider_BodyCollideLOD (UnityEngine.GameObject),null,null,AppliedDressingGauze,
TAG_SELECTED,337151,12/9/2022 1:37:04 PM,6336e317-701b-45e0-810f-c10cc6b5a420,green,
VOICE_CAPTURE,338084,12/9/2022 1:37:05 PM,6336e317-701b-45e0-810f-c10cc6b5a420,OK,NA,
TAG_APPLIED,338669,12/9/2022 1:37:05 PM,6336e317-701b-45e0-810f-c10cc6b5a420,Mike_0 Root,green,
BAG_CLOSED,341141,12/9/2022 1:37:08 PM,6336e317-701b-45e0-810f-c10cc6b5a420,"(4.6, 0.7, -0.8)",
TELEPORT,341142,12/9/2022 1:37:08 PM,6336e317-701b-45e0-810f-c10cc6b5a420,"(4.6, 0.0, 0.6)",
VOICE_CAPTURE,341842,12/9/2022 1:37:09 PM,6336e317-701b-45e0-810f-c10cc6b5a420,OK,NA,
PATIENT_ENGAGED,343449,12/9/2022 1:37:10 PM,6336e317-701b-45e0-810f-c10cc6b5a420,100,Infinity,Mike_2 Root,"(3.4, 0.0, -2.4)","(0.0, 0.3, 0.0, 0.9)",IMMEDIATE,walker,fast,normal,normal,upset,sittingGround,
VOICE_CAPTURE,347304,12/9/2022 1:37:14 PM,6336e317-701b-45e0-810f-c10cc6b5a420,do i need to grab that bag and bring it with me OK,NA,
VOICE_CAPTURE,348593,12/9/2022 1:37:15 PM,6336e317-701b-45e0-810f-c10cc6b5a420,OK,NA,
VOICE_CAPTURE,351175,12/9/2022 1:37:18 PM,6336e317-701b-45e0-810f-c10cc6b5a420,can you tell me your name,NA,
VOICE_COMMAND,351175,12/9/2022 1:37:18 PM,6336e317-701b-45e0-810f-c10cc6b5a420,what is your name,can you tell me your name,
VOICE_CAPTURE,352795,12/9/2022 1:37:20 PM,6336e317-701b-45e0-810f-c10cc6b5a420,what is your name,NA,
VOICE_COMMAND,352795,12/9/2022 1:37:20 PM,6336e317-701b-45e0-810f-c10cc6b5a420,what is your name,what is your name,
VOICE_CAPTURE,354262,12/9/2022 1:37:21 PM,6336e317-701b-45e0-810f-c10cc6b5a420,what is your name,NA,
VOICE_COMMAND,354262,12/9/2022 1:37:21 PM,6336e317-701b-45e0-810f-c10cc6b5a420,what is your name,what is your name,
BAG_ACCESS,354279,12/9/2022 1:37:21 PM,6336e317-701b-45e0-810f-c10cc6b5a420,"(2.9, 0.6, -2.3)",
TOOL_HOVER,355595,12/9/2022 1:37:22 PM,6336e317-701b-45e0-810f-c10cc6b5a420,Hemostatic Gauze,999,
TOOL_HOVER,355614,12/9/2022 1:37:22 PM,6336e317-701b-45e0-810f-c10cc6b5a420,Hemostatic Gauze,999,
TOOL_HOVER,355633,12/9/2022 1:37:22 PM,6336e317-701b-45e0-810f-c10cc6b5a420,Hemostatic Gauze,999,
TOOL_HOVER,355651,12/9/2022 1:37:22 PM,6336e317-701b-45e0-810f-c10cc6b5a420,Hemostatic Gauze,999,
TOOL_HOVER,355670,12/9/2022 1:37:22 PM,6336e317-701b-45e0-810f-c10cc6b5a420,Hemostatic Gauze,999,
TOOL_HOVER,355689,12/9/2022 1:37:22 PM,6336e317-701b-45e0-810f-c10cc6b5a420,Hemostatic Gauze,999,
TOOL_HOVER,355709,12/9/2022 1:37:22 PM,6336e317-701b-45e0-810f-c10cc6b5a420,Hemostatic Gauze,999,
TOOL_HOVER,355727,12/9/2022 1:37:22 PM,6336e317-701b-45e0-810f-c10cc6b5a420,Hemostatic Gauze,999,
TOOL_HOVER,355745,12/9/2022 1:37:22 PM,6336e317-701b-45e0-810f-c10cc6b5a420,Hemostatic Gauze,999,
TOOL_HOVER,355763,12/9/2022 1:37:22 PM,6336e317-701b-45e0-810f-c10cc6b5a420,Hemostatic Gauze,999,
TOOL_HOVER,355782,12/9/2022 1:37:23 PM,6336e317-701b-45e0-810f-c10cc6b5a420,Hemostatic Gauze,999,
TOOL_HOVER,355896,12/9/2022 1:37:23 PM,6336e317-701b-45e0-810f-c10cc6b5a420,Hemostatic Gauze,999,
TOOL_HOVER,355914,12/9/2022 1:37:23 PM,6336e317-701b-45e0-810f-c10cc6b5a420,Hemostatic Gauze,999,
TOOL_HOVER,355933,12/9/2022 1:37:23 PM,6336e317-701b-45e0-810f-c10cc6b5a420,Hemostatic Gauze,999,
TOOL_HOVER,355952,12/9/2022 1:37:23 PM,6336e317-701b-45e0-810f-c10cc6b5a420,Hemostatic Gauze,999,
TOOL_HOVER,355971,12/9/2022 1:37:23 PM,6336e317-701b-45e0-810f-c10cc6b5a420,Hemostatic Gauze,999,
TOOL_HOVER,355991,12/9/2022 1:37:23 PM,6336e317-701b-45e0-810f-c10cc6b5a420,Hemostatic Gauze,999,
TOOL_HOVER,356009,12/9/2022 1:37:23 PM,6336e317-701b-45e0-810f-c10cc6b5a420,Hemostatic Gauze,999,
TOOL_HOVER,356028,12/9/2022 1:37:23 PM,6336e317-701b-45e0-810f-c10cc6b5a420,Hemostatic Gauze,999,
TOOL_HOVER,356046,12/9/2022 1:37:23 PM,6336e317-701b-45e0-810f-c10cc6b5a420,Hemostatic Gauze,999,
TOOL_HOVER,356064,12/9/2022 1:37:23 PM,6336e317-701b-45e0-810f-c10cc6b5a420,Hemostatic Gauze,999,
TOOL_HOVER,356084,12/9/2022 1:37:23 PM,6336e317-701b-45e0-810f-c10cc6b5a420,Hemostatic Gauze,999,
TOOL_HOVER,356796,12/9/2022 1:37:24 PM,6336e317-701b-45e0-810f-c10cc6b5a420,Hemostatic Gauze,999,
TOOL_HOVER,356815,12/9/2022 1:37:24 PM,6336e317-701b-45e0-810f-c10cc6b5a420,Hemostatic Gauze,999,
TOOL_HOVER,356833,12/9/2022 1:37:24 PM,6336e317-701b-45e0-810f-c10cc6b5a420,Hemostatic Gauze,999,
TOOL_HOVER,356852,12/9/2022 1:37:24 PM,6336e317-701b-45e0-810f-c10cc6b5a420,Hemostatic Gauze,999,
TOOL_HOVER,356870,12/9/2022 1:37:24 PM,6336e317-701b-45e0-810f-c10cc6b5a420,Hemostatic Gauze,999,
TOOL_HOVER,356890,12/9/2022 1:37:24 PM,6336e317-701b-45e0-810f-c10cc6b5a420,Hemostatic Gauze,999,
TOOL_HOVER,356909,12/9/2022 1:37:24 PM,6336e317-701b-45e0-810f-c10cc6b5a420,Hemostatic Gauze,999,
TOOL_HOVER,356927,12/9/2022 1:37:24 PM,6336e317-701b-45e0-810f-c10cc6b5a420,Hemostatic Gauze,999,
TOOL_HOVER,356945,12/9/2022 1:37:24 PM,6336e317-701b-45e0-810f-c10cc6b5a420,Hemostatic Gauze,999,
TOOL_HOVER,356963,12/9/2022 1:37:24 PM,6336e317-701b-45e0-810f-c10cc6b5a420,Hemostatic Gauze,999,
TOOL_HOVER,356982,12/9/2022 1:37:24 PM,6336e317-701b-45e0-810f-c10cc6b5a420,Hemostatic Gauze,999,
TOOL_HOVER,357001,12/9/2022 1:37:24 PM,6336e317-701b-45e0-810f-c10cc6b5a420,Hemostatic Gauze,999,
TOOL_HOVER,357019,12/9/2022 1:37:24 PM,6336e317-701b-45e0-810f-c10cc6b5a420,Hemostatic Gauze,999,
TOOL_HOVER,357039,12/9/2022 1:37:24 PM,6336e317-701b-45e0-810f-c10cc6b5a420,Hemostatic Gauze,999,
TOOL_HOVER,357058,12/9/2022 1:37:24 PM,6336e317-701b-45e0-810f-c10cc6b5a420,Hemostatic Gauze,999,
TOOL_HOVER,357076,12/9/2022 1:37:24 PM,6336e317-701b-45e0-810f-c10cc6b5a420,Hemostatic Gauze,999,
TOOL_HOVER,357095,12/9/2022 1:37:24 PM,6336e317-701b-45e0-810f-c10cc6b5a420,Hemostatic Gauze,999,
TOOL_HOVER,357112,12/9/2022 1:37:24 PM,6336e317-701b-45e0-810f-c10cc6b5a420,Hemostatic Gauze,999,
TOOL_HOVER,357133,12/9/2022 1:37:24 PM,6336e317-701b-45e0-810f-c10cc6b5a420,Hemostatic Gauze,999,
TOOL_HOVER,357150,12/9/2022 1:37:24 PM,6336e317-701b-45e0-810f-c10cc6b5a420,Hemostatic Gauze,999,
TOOL_HOVER,357170,12/9/2022 1:37:24 PM,6336e317-701b-45e0-810f-c10cc6b5a420,Hemostatic Gauze,999,
TOOL_HOVER,357188,12/9/2022 1:37:24 PM,6336e317-701b-45e0-810f-c10cc6b5a420,Hemostatic Gauze,999,
TOOL_SELECTED,357189,12/9/2022 1:37:24 PM,6336e317-701b-45e0-810f-c10cc6b5a420,Hemostatic Gauze,998,
VOICE_CAPTURE,358233,12/9/2022 1:37:25 PM,6336e317-701b-45e0-810f-c10cc6b5a420,what is your name,NA,
VOICE_COMMAND,358233,12/9/2022 1:37:25 PM,6336e317-701b-45e0-810f-c10cc6b5a420,what is your name,what is your name,
VOICE_CAPTURE,358349,12/9/2022 1:37:25 PM,6336e317-701b-45e0-810f-c10cc6b5a420,are you able to tell me your name,NA,
VOICE_COMMAND,358349,12/9/2022 1:37:25 PM,6336e317-701b-45e0-810f-c10cc6b5a420,what is your name,are you able to tell me your name,
TOOL_DISCARDED,359968,12/9/2022 1:37:27 PM,6336e317-701b-45e0-810f-c10cc6b5a420,Hemostatic Gauze,998,"(3.3, 0.5, -2.7)",
INJURY_TREATED,359969,12/9/2022 1:37:27 PM,6336e317-701b-45e0-810f-c10cc6b5a420,L Shoulder Puncture,Mike_2 Root,woundpack,medium,chest,True,False,"(3.3, 0.5, -2.7)",
TOOL_APPLIED,359969,12/9/2022 1:37:27 PM,6336e317-701b-45e0-810f-c10cc6b5a420,Mike_2 Root,Gauze_Pack,skinCollider_BodyCollideLOD (UnityEngine.GameObject),null,null,AppliedPackingGauze,
VOICE_CAPTURE,364263,12/9/2022 1:37:31 PM,6336e317-701b-45e0-810f-c10cc6b5a420,OK michael,NA,
PULSE_TAKEN,364548,12/9/2022 1:37:31 PM,6336e317-701b-45e0-810f-c10cc6b5a420,pulse_fast,Mike_2 Root,
VOICE_CAPTURE,373194,12/9/2022 1:37:40 PM,6336e317-701b-45e0-810f-c10cc6b5a420,so just for teaching sake if that gauge you put in there would turn red and fade away that's the wrong OK,NA,
VOICE_CAPTURE,378088,12/9/2022 1:37:45 PM,6336e317-701b-45e0-810f-c10cc6b5a420,OK,NA,
VOICE_CAPTURE,383519,12/9/2022 1:37:50 PM,6336e317-701b-45e0-810f-c10cc6b5a420,oh,NA,
TAG_SELECTED,383905,12/9/2022 1:37:51 PM,6336e317-701b-45e0-810f-c10cc6b5a420,gray,
TAG_APPLIED,385708,12/9/2022 1:37:52 PM,6336e317-701b-45e0-810f-c10cc6b5a420,Mike_2 Root,gray,
VOICE_CAPTURE,386726,12/9/2022 1:37:53 PM,6336e317-701b-45e0-810f-c10cc6b5a420,OK OK,NA,
TAG_SELECTED,389819,12/9/2022 1:37:57 PM,6336e317-701b-45e0-810f-c10cc6b5a420,gray,
TAG_DISCARDED,390387,12/9/2022 1:37:57 PM,6336e317-701b-45e0-810f-c10cc6b5a420,gray,"(2.6, 0.7, -2.5)",
TAG_SELECTED,391806,12/9/2022 1:37:59 PM,6336e317-701b-45e0-810f-c10cc6b5a420,green,
TAG_APPLIED,393243,12/9/2022 1:38:00 PM,6336e317-701b-45e0-810f-c10cc6b5a420,Mike_2 Root,green,
VOICE_CAPTURE,393258,12/9/2022 1:38:00 PM,6336e317-701b-45e0-810f-c10cc6b5a420,that's the wrong tag yep,NA,
PULSE_TAKEN,393426,12/9/2022 1:38:00 PM,6336e317-701b-45e0-810f-c10cc6b5a420,pulse_fast,Mike_2 Root,
VOICE_CAPTURE,397386,12/9/2022 1:38:04 PM,6336e317-701b-45e0-810f-c10cc6b5a420,yep yep,NA,
BAG_CLOSED,397940,12/9/2022 1:38:05 PM,6336e317-701b-45e0-810f-c10cc6b5a420,"(2.9, 0.6, -2.3)",
VOICE_CAPTURE,400276,12/9/2022 1:38:07 PM,6336e317-701b-45e0-810f-c10cc6b5a420,OK i'm gonna put you back in the center of the room OK,NA,
VOICE_CAPTURE,405739,12/9/2022 1:38:12 PM,6336e317-701b-45e0-810f-c10cc6b5a420,OK,NA,
PATIENT_ENGAGED,412758,12/9/2022 1:38:19 PM,6336e317-701b-45e0-810f-c10cc6b5a420,100,Infinity,Mike_0 Root,"(4.8, 0.0, -1.1)","(0.0, -0.7, 0.0, 0.7)",DELAYED,walker,normal,normal,normal,upset,sittingChair,
VOICE_CAPTURE,413408,12/9/2022 1:38:20 PM,6336e317-701b-45e0-810f-c10cc6b5a420,OK,NA,
VOICE_CAPTURE,419840,12/9/2022 1:38:27 PM,6336e317-701b-45e0-810f-c10cc6b5a420,OK,NA,
VOICE_CAPTURE,426022,12/9/2022 1:38:33 PM,6336e317-701b-45e0-810f-c10cc6b5a420,OK,NA,
VOICE_CAPTURE,435628,12/9/2022 1:38:42 PM,6336e317-701b-45e0-810f-c10cc6b5a420,OK,NA,
VOICE_CAPTURE,443146,12/9/2022 1:38:50 PM,6336e317-701b-45e0-810f-c10cc6b5a420,when you're done,NA,
VOICE_CAPTURE,448643,12/9/2022 1:38:55 PM,6336e317-701b-45e0-810f-c10cc6b5a420,OK,NA,
SESSION_END,449115,12/9/2022 1:38:56 PM,6336e317-701b-45e0-810f-c10cc6b5a420,
