PATIENT_DEMOTED,7101,11/30/2022 8:13:49 AM,6e3a5d8b-12c4-4afd-9a2e-619eb5b72b23,100,Infinity,Helga_0 Root,"(-0.2, 0.0, 7.8)","(0.0, 0.7, 0.0, 0.7)",IMMEDIATE,waver,fast,normal,normal,upset,sittingGround,
PATIENT_DEMOTED,7729,11/30/2022 8:13:49 AM,6e3a5d8b-12c4-4afd-9a2e-619eb5b72b23,100,Infinity,Lily_1 Root,"(1.5, 0.0, 3.7)","(0.0, 0.1, 0.0, 1.0)",IMMEDIATE,waver,normal,normal,normal,calm,fetal,
PATIENT_DEMOTED,8207,11/30/2022 8:13:50 AM,6e3a5d8b-12c4-4afd-9a2e-619eb5b72b23,100,Infinity,Lily_1 Root,"(1.2, 0.0, 3.8)","(0.0, 0.1, 0.0, 1.0)",DELAYED,waver,normal,normal,normal,calm,fetal,
PATIENT_DEMOTED,8500,11/30/2022 8:13:50 AM,6e3a5d8b-12c4-4afd-9a2e-619eb5b72b23,100,Infinity,Gloria_2 Root,"(0.7, 0.0, 0.4)","(0.0, 1.0, 0.0, 0.0)",IMMEDIATE,waver,fast,fast,normal,agony,supine,
PATIENT_DEMOTED,9141,11/30/2022 8:13:51 AM,6e3a5d8b-12c4-4afd-9a2e-619eb5b72b23,100,Infinity,Mike_3 Root,"(-0.8, 0.0, 3.7)","(0.0, 0.4, 0.0, 0.9)",IMMEDIATE,waver,fast,fast,normal,agony,sittingGround,
PATIENT_DEMOTED,9642,11/30/2022 8:13:51 AM,6e3a5d8b-12c4-4afd-9a2e-619eb5b72b23,100,Infinity,Bob_4 Root,"(1.4, 0.0, 6.0)","(0.0, 1.0, 0.0, 0.0)",DELAYED,walker,normal,normal,normal,upset,standing,
PATIENT_DEMOTED,10165,11/30/2022 8:13:52 AM,6e3a5d8b-12c4-4afd-9a2e-619eb5b72b23,100,Infinity,Bob_4 Root,"(1.4, 0.0, 6.0)","(0.0, 1.0, 0.0, 0.0)",MINIMAL,walker,normal,normal,normal,upset,sittingGround,
TELEPORT,10211,11/30/2022 8:13:52 AM,6e3a5d8b-12c4-4afd-9a2e-619eb5b72b23,"(0.8, 0.0, -2.3)",
PATIENT_DEMOTED,10295,11/30/2022 8:13:52 AM,6e3a5d8b-12c4-4afd-9a2e-619eb5b72b23,100,0,Gary_5 Root,"(2.8, 0.0, 5.3)","(0.0, 1.0, 0.0, 0.0)",DELAYED,walker,normal,restricted,normal,upset,kneeling,
PATIENT_DEMOTED,10815,11/30/2022 8:13:53 AM,6e3a5d8b-12c4-4afd-9a2e-619eb5b72b23,100,0,Gary_5 Root,"(2.8, 0.0, 5.3)","(0.0, 1.0, 0.0, 0.0)",MINIMAL,walker,normal,restricted,normal,upset,sittingGround,
PATIENT_DEMOTED,11046,11/30/2022 8:13:53 AM,6e3a5d8b-12c4-4afd-9a2e-619eb5b72b23,100,128,Mike_6 Root,"(3.0, 0.0, 3.6)","(0.0, 0.0, 0.0, 1.0)",IMMEDIATE,still,faint,collapsedRight,normal,unresponsive,supine,
PATIENT_DEMOTED,11691,11/30/2022 8:13:53 AM,6e3a5d8b-12c4-4afd-9a2e-619eb5b72b23,100,Infinity,Lily_7 Root,"(2.3, 0.0, 1.9)","(0.0, 1.0, 0.0, 0.0)",EXPECTANT,still,faint,restricted,none,unresponsive,supine,
PATIENT_DEMOTED,12119,11/30/2022 8:13:54 AM,6e3a5d8b-12c4-4afd-9a2e-619eb5b72b23,100,Infinity,Lily_7 Root,"(2.3, 0.0, 1.8)","(0.0, 1.0, 0.0, 0.0)",DEAD,still,none,none,none,dead,supine,
PATIENT_DEMOTED,13168,11/30/2022 8:13:55 AM,6e3a5d8b-12c4-4afd-9a2e-619eb5b72b23,100,Infinity,Mike_9 Root,"(3.1, 0.0, 0.5)","(0.0, 1.0, 0.0, 0.0)",IMMEDIATE,waver,fast,normal,normal,upset,sittingGround,
VOICE_CAPTURE,18200,11/30/2022 8:14:00 AM,6e3a5d8b-12c4-4afd-9a2e-619eb5b72b23,OK,NA,
SESSION_START,20570,11/30/2022 8:14:02 AM,6e3a5d8b-12c4-4afd-9a2e-619eb5b72b23,
PATIENT_RECORD,20571,11/30/2022 8:14:02 AM,6e3a5d8b-12c4-4afd-9a2e-619eb5b72b23,100,Infinity,Helga_0 Root,"(0.2, 0.0, 7.7)","(0.0, 0.7, 0.0, 0.7)",IMMEDIATE,waver,fast,fast,normal,upset,sittingGround,
INJURY_RECORD,20571,11/30/2022 8:14:02 AM,6e3a5d8b-12c4-4afd-9a2e-619eb5b72b23,L Stomach Puncture,Helga_0 Root,woundpack,high,abdomen,False,False,"(0.3, 1.0, 7.7)",
INJURY_RECORD,20571,11/30/2022 8:14:02 AM,6e3a5d8b-12c4-4afd-9a2e-619eb5b72b23,L Thigh Puncture,Helga_0 Root,tourniquet,medium,leftLeg,False,False,"(0.2, 0.5, 7.7)",
PATIENT_RECORD,20571,11/30/2022 8:14:02 AM,6e3a5d8b-12c4-4afd-9a2e-619eb5b72b23,100,Infinity,Lily_1 Root,"(1.2, 0.0, 3.9)","(0.0, 0.1, 0.0, 1.0)",DELAYED,waver,normal,normal,normal,calm,fetal,
INJURY_RECORD,20571,11/30/2022 8:14:02 AM,6e3a5d8b-12c4-4afd-9a2e-619eb5b72b23,R Bicep Puncture,Lily_1 Root,tourniquet,medium,rightArm,False,False,"(1.6, 1.3, 3.8)",
INJURY_RECORD,20571,11/30/2022 8:14:02 AM,6e3a5d8b-12c4-4afd-9a2e-619eb5b72b23,R Thigh Laceration,Lily_1 Root,tourniquet,medium,rightLeg,False,False,"(1.3, 0.6, 3.9)",
PATIENT_RECORD,20571,11/30/2022 8:14:02 AM,6e3a5d8b-12c4-4afd-9a2e-619eb5b72b23,100,Infinity,Gloria_2 Root,"(0.7, 0.0, 0.6)","(0.0, 1.0, 0.0, 0.0)",IMMEDIATE,waver,fast,fast,normal,agony,supine,
INJURY_RECORD,20571,11/30/2022 8:14:02 AM,6e3a5d8b-12c4-4afd-9a2e-619eb5b72b23,L Shin Amputation,Gloria_2 Root,tourniquet,high,leftLeg,False,False,"(0.9, 0.4, 0.5)",
PATIENT_RECORD,20571,11/30/2022 8:14:02 AM,6e3a5d8b-12c4-4afd-9a2e-619eb5b72b23,100,Infinity,Mike_3 Root,"(-1.3, 0.0, 4.2)","(0.0, 0.4, 0.0, 0.9)",IMMEDIATE,waver,fast,fast,normal,agony,sittingGround,
INJURY_RECORD,20571,11/30/2022 8:14:02 AM,6e3a5d8b-12c4-4afd-9a2e-619eb5b72b23,R Wrist Amputation,Mike_3 Root,tourniquet,high,rightArm,False,False,"(-0.9, 1.3, 3.8)",
PATIENT_RECORD,20571,11/30/2022 8:14:02 AM,6e3a5d8b-12c4-4afd-9a2e-619eb5b72b23,100,Infinity,Bob_4 Root,"(1.4, 0.0, 6.0)","(0.0, 1.0, 0.0, 0.0)",MINIMAL,walker,normal,normal,normal,upset,sittingGround,
INJURY_RECORD,20571,11/30/2022 8:14:02 AM,6e3a5d8b-12c4-4afd-9a2e-619eb5b72b23,R Palm Laceration,Bob_4 Root,gauzePressure,low,rightArm,False,False,"(0.7, 1.3, 6.0)",
PATIENT_RECORD,20571,11/30/2022 8:14:02 AM,6e3a5d8b-12c4-4afd-9a2e-619eb5b72b23,100,0,Gary_5 Root,"(2.8, 0.0, 5.3)","(0.0, 1.0, 0.0, 0.0)",MINIMAL,walker,normal,restricted,normal,upset,sittingGround,
INJURY_RECORD,20572,11/30/2022 8:14:02 AM,6e3a5d8b-12c4-4afd-9a2e-619eb5b72b23,Asthmatic,Gary_5 Root,none,medium,chest,False,False,"(0.0, 0.0, 0.0)",
PATIENT_RECORD,20572,11/30/2022 8:14:02 AM,6e3a5d8b-12c4-4afd-9a2e-619eb5b72b23,100,128,Mike_6 Root,"(3.0, 0.0, 3.4)","(0.0, 0.0, 0.0, 1.0)",IMMEDIATE,still,faint,collapsedRight,normal,unresponsive,supine,
INJURY_RECORD,20572,11/30/2022 8:14:02 AM,6e3a5d8b-12c4-4afd-9a2e-619eb5b72b23,R Chest Collapse,Mike_6 Root,decompress,high,chest,False,False,"(0.0, 0.0, 0.0)",
PATIENT_RECORD,20572,11/30/2022 8:14:02 AM,6e3a5d8b-12c4-4afd-9a2e-619eb5b72b23,100,Infinity,Lily_7 Root,"(2.3, 0.0, 1.8)","(0.0, 1.0, 0.0, 0.0)",DEAD,still,none,none,none,dead,supine,
INJURY_RECORD,20572,11/30/2022 8:14:02 AM,6e3a5d8b-12c4-4afd-9a2e-619eb5b72b23,Face Shrapnel,Lily_7 Root,airway,high,head,False,False,"(2.3, 1.6, 1.8)",
INJURY_RECORD,20572,11/30/2022 8:14:02 AM,6e3a5d8b-12c4-4afd-9a2e-619eb5b72b23,L Wrist Amputation,Lily_7 Root,tourniquet,high,leftArm,False,False,"(2.9, 1.3, 1.7)",
INJURY_RECORD,20572,11/30/2022 8:14:02 AM,6e3a5d8b-12c4-4afd-9a2e-619eb5b72b23,R Bicep Puncture,Lily_7 Root,tourniquet,medium,rightArm,False,False,"(1.9, 1.3, 1.8)",
PATIENT_RECORD,20572,11/30/2022 8:14:02 AM,6e3a5d8b-12c4-4afd-9a2e-619eb5b72b23,100,Infinity,Gloria_8 Root,"(2.6, 0.0, 8.0)","(0.0, 1.0, 0.0, 0.0)",MINIMAL,still,normal,normal,limited,calm,standing,
INJURY_RECORD,20572,11/30/2022 8:14:02 AM,6e3a5d8b-12c4-4afd-9a2e-619eb5b72b23,Ear Bleed,Gloria_8 Root,none,low,head,False,False,"(0.0, 0.0, 0.0)",
PATIENT_RECORD,20572,11/30/2022 8:14:02 AM,6e3a5d8b-12c4-4afd-9a2e-619eb5b72b23,100,Infinity,Mike_9 Root,"(3.5, 0.0, 1.1)","(0.0, 1.0, 0.0, 0.0)",IMMEDIATE,waver,normal,normal,normal,upset,sittingGround,
INJURY_RECORD,20572,11/30/2022 8:14:02 AM,6e3a5d8b-12c4-4afd-9a2e-619eb5b72b23,L Side Puncture,Mike_9 Root,woundpack,medium,abdomen,False,False,"(3.6, 1.1, 1.0)",
INJURY_RECORD,20572,11/30/2022 8:14:02 AM,6e3a5d8b-12c4-4afd-9a2e-619eb5b72b23,L Thigh Puncture,Mike_9 Root,tourniquet,medium,leftLeg,False,False,"(3.5, 0.6, 1.0)",
INJURY_RECORD,20572,11/30/2022 8:14:02 AM,6e3a5d8b-12c4-4afd-9a2e-619eb5b72b23,L Calf Laceration,Mike_9 Root,gauzePressure,low,leftLeg,False,False,"(3.6, 0.3, 1.1)",
PATIENT_RECORD,20572,11/30/2022 8:14:02 AM,6e3a5d8b-12c4-4afd-9a2e-619eb5b72b23,100,Infinity,Bob_10 Root,"(3.8, 0.0, 4.0)","(0.0, 1.0, 0.0, 0.0)",MINIMAL,walker,normal,normal,normal,calm,standing,
TELEPORT,21408,11/30/2022 8:14:03 AM,6e3a5d8b-12c4-4afd-9a2e-619eb5b72b23,"(0.8, 0.0, -2.3)",
VOICE_CAPTURE,22724,11/30/2022 8:14:04 AM,6e3a5d8b-12c4-4afd-9a2e-619eb5b72b23,alright ready,NA,
VOICE_CAPTURE,26385,11/30/2022 8:14:08 AM,6e3a5d8b-12c4-4afd-9a2e-619eb5b72b23,can i wanna get up and move to the wall please,NA,
VOICE_COMMAND,26385,11/30/2022 8:14:08 AM,6e3a5d8b-12c4-4afd-9a2e-619eb5b72b23,walk to the safe area,can i wanna get up and move to the wall please,
VOICE_COMMAND,26385,11/30/2022 8:14:08 AM,6e3a5d8b-12c4-4afd-9a2e-619eb5b72b23,stand up,can i wanna get up and move to the wall please,
BAG_ACCESS,26417,11/30/2022 8:14:08 AM,6e3a5d8b-12c4-4afd-9a2e-619eb5b72b23,"(0.9, 0.7, -1.1)",
TOOL_HOVER,27002,11/30/2022 8:14:09 AM,6e3a5d8b-12c4-4afd-9a2e-619eb5b72b23,Needle,999,
TOOL_HOVER,27017,11/30/2022 8:14:09 AM,6e3a5d8b-12c4-4afd-9a2e-619eb5b72b23,Needle,999,
TOOL_HOVER,27034,11/30/2022 8:14:09 AM,6e3a5d8b-12c4-4afd-9a2e-619eb5b72b23,Needle,999,
TOOL_HOVER,27051,11/30/2022 8:14:09 AM,6e3a5d8b-12c4-4afd-9a2e-619eb5b72b23,Needle,999,
TOOL_HOVER,27051,11/30/2022 8:14:09 AM,6e3a5d8b-12c4-4afd-9a2e-619eb5b72b23,Hemostatic Gauze,999,
TOOL_HOVER,27068,11/30/2022 8:14:09 AM,6e3a5d8b-12c4-4afd-9a2e-619eb5b72b23,Needle,999,
TOOL_HOVER,27068,11/30/2022 8:14:09 AM,6e3a5d8b-12c4-4afd-9a2e-619eb5b72b23,Hemostatic Gauze,999,
TOOL_HOVER,27085,11/30/2022 8:14:09 AM,6e3a5d8b-12c4-4afd-9a2e-619eb5b72b23,Needle,999,
TOOL_HOVER,27085,11/30/2022 8:14:09 AM,6e3a5d8b-12c4-4afd-9a2e-619eb5b72b23,Hemostatic Gauze,999,
TOOL_HOVER,27102,11/30/2022 8:14:09 AM,6e3a5d8b-12c4-4afd-9a2e-619eb5b72b23,Hemostatic Gauze,999,
TOOL_HOVER,27119,11/30/2022 8:14:09 AM,6e3a5d8b-12c4-4afd-9a2e-619eb5b72b23,Hemostatic Gauze,999,
TOOL_HOVER,27135,11/30/2022 8:14:09 AM,6e3a5d8b-12c4-4afd-9a2e-619eb5b72b23,Hemostatic Gauze,999,
TOOL_HOVER,27151,11/30/2022 8:14:09 AM,6e3a5d8b-12c4-4afd-9a2e-619eb5b72b23,Needle,999,
TOOL_HOVER,27169,11/30/2022 8:14:09 AM,6e3a5d8b-12c4-4afd-9a2e-619eb5b72b23,Needle,999,
TOOL_HOVER,27185,11/30/2022 8:14:09 AM,6e3a5d8b-12c4-4afd-9a2e-619eb5b72b23,Needle,999,
TOOL_HOVER,27202,11/30/2022 8:14:09 AM,6e3a5d8b-12c4-4afd-9a2e-619eb5b72b23,Needle,999,
TOOL_HOVER,27218,11/30/2022 8:14:09 AM,6e3a5d8b-12c4-4afd-9a2e-619eb5b72b23,Needle,999,
TOOL_HOVER,27235,11/30/2022 8:14:09 AM,6e3a5d8b-12c4-4afd-9a2e-619eb5b72b23,Needle,999,
TOOL_HOVER,27351,11/30/2022 8:14:09 AM,6e3a5d8b-12c4-4afd-9a2e-619eb5b72b23,Tourniquet,999,
TOOL_HOVER,27368,11/30/2022 8:14:09 AM,6e3a5d8b-12c4-4afd-9a2e-619eb5b72b23,Tourniquet,999,
TOOL_HOVER,27385,11/30/2022 8:14:09 AM,6e3a5d8b-12c4-4afd-9a2e-619eb5b72b23,Tourniquet,999,
TOOL_HOVER,27402,11/30/2022 8:14:09 AM,6e3a5d8b-12c4-4afd-9a2e-619eb5b72b23,Tourniquet,999,
TOOL_HOVER,27418,11/30/2022 8:14:09 AM,6e3a5d8b-12c4-4afd-9a2e-619eb5b72b23,Tourniquet,999,
TOOL_HOVER,27435,11/30/2022 8:14:09 AM,6e3a5d8b-12c4-4afd-9a2e-619eb5b72b23,Tourniquet,999,
TOOL_HOVER,27452,11/30/2022 8:14:09 AM,6e3a5d8b-12c4-4afd-9a2e-619eb5b72b23,Tourniquet,999,
TOOL_HOVER,27469,11/30/2022 8:14:09 AM,6e3a5d8b-12c4-4afd-9a2e-619eb5b72b23,Tourniquet,999,
TOOL_HOVER,27485,11/30/2022 8:14:09 AM,6e3a5d8b-12c4-4afd-9a2e-619eb5b72b23,Tourniquet,999,
TOOL_HOVER,27502,11/30/2022 8:14:09 AM,6e3a5d8b-12c4-4afd-9a2e-619eb5b72b23,Tourniquet,999,
TOOL_HOVER,27518,11/30/2022 8:14:09 AM,6e3a5d8b-12c4-4afd-9a2e-619eb5b72b23,Tourniquet,999,
TOOL_HOVER,27536,11/30/2022 8:14:09 AM,6e3a5d8b-12c4-4afd-9a2e-619eb5b72b23,Tourniquet,999,
TOOL_HOVER,27552,11/30/2022 8:14:09 AM,6e3a5d8b-12c4-4afd-9a2e-619eb5b72b23,Tourniquet,999,
TOOL_SELECTED,27555,11/30/2022 8:14:09 AM,6e3a5d8b-12c4-4afd-9a2e-619eb5b72b23,Tourniquet,998,
PATIENT_ENGAGED,27971,11/30/2022 8:14:10 AM,6e3a5d8b-12c4-4afd-9a2e-619eb5b72b23,100,Infinity,Gloria_2 Root,"(0.7, 0.0, 0.6)","(0.0, 1.0, 0.0, 0.0)",IMMEDIATE,waver,fast,fast,normal,agony,supine,
BAG_CLOSED,28104,11/30/2022 8:14:10 AM,6e3a5d8b-12c4-4afd-9a2e-619eb5b72b23,"(0.9, 0.7, -1.1)",
TELEPORT,28104,11/30/2022 8:14:10 AM,6e3a5d8b-12c4-4afd-9a2e-619eb5b72b23,"(1.5, 0.0, 0.7)",
INJURY_TREATED,30718,11/30/2022 8:14:12 AM,6e3a5d8b-12c4-4afd-9a2e-619eb5b72b23,L Shin Amputation,Gloria_2 Root,tourniquet,high,leftLeg,True,False,"(1.0, 0.1, 0.5)",
TOOL_APPLIED,30719,11/30/2022 8:14:12 AM,6e3a5d8b-12c4-4afd-9a2e-619eb5b72b23,Gloria_2 Root,Tourniquet,LeftUpLeg (UnityEngine.GameObject),tor_ring (1) (UnityEngine.GameObject),tourniquet(Clone) (UnityEngine.GameObject),AppliedTourniquet,
BAG_ACCESS,31814,11/30/2022 8:14:14 AM,6e3a5d8b-12c4-4afd-9a2e-619eb5b72b23,"(1.0, 0.6, 0.4)",
TAG_SELECTED,32481,11/30/2022 8:14:14 AM,6e3a5d8b-12c4-4afd-9a2e-619eb5b72b23,red,
TAG_APPLIED,33384,11/30/2022 8:14:15 AM,6e3a5d8b-12c4-4afd-9a2e-619eb5b72b23,Gloria_2 Root,red,
BAG_CLOSED,34570,11/30/2022 8:14:16 AM,6e3a5d8b-12c4-4afd-9a2e-619eb5b72b23,"(1.0, 0.6, 0.4)",
TELEPORT,34570,11/30/2022 8:14:16 AM,6e3a5d8b-12c4-4afd-9a2e-619eb5b72b23,"(1.4, 0.0, 1.6)",
TELEPORT,36091,11/30/2022 8:14:18 AM,6e3a5d8b-12c4-4afd-9a2e-619eb5b72b23,"(2.2, 0.0, 0.9)",
PATIENT_ENGAGED,38662,11/30/2022 8:14:20 AM,6e3a5d8b-12c4-4afd-9a2e-619eb5b72b23,100,Infinity,Lily_7 Root,"(2.3, 0.0, 1.8)","(0.0, 1.0, 0.0, 0.0)",DEAD,still,none,none,none,dead,supine,
VOICE_CAPTURE,38713,11/30/2022 8:14:20 AM,6e3a5d8b-12c4-4afd-9a2e-619eb5b72b23,can anybody walk to the wall please,NA,
VOICE_COMMAND,38713,11/30/2022 8:14:20 AM,6e3a5d8b-12c4-4afd-9a2e-619eb5b72b23,walk to the safe area,can anybody walk to the wall please,
S_A_L_T_WALK_IF_CAN,38716,11/30/2022 8:14:20 AM,6e3a5d8b-12c4-4afd-9a2e-619eb5b72b23,"(0.2, 0.0, 7.7)",walkIfCan,Helga_0 Root,
S_A_L_T_WALK_IF_CAN,38716,11/30/2022 8:14:20 AM,6e3a5d8b-12c4-4afd-9a2e-619eb5b72b23,"(1.2, 0.0, 3.9)",walkIfCan,Lily_1 Root,
S_A_L_T_WALK_IF_CAN,38716,11/30/2022 8:14:20 AM,6e3a5d8b-12c4-4afd-9a2e-619eb5b72b23,"(0.7, 0.0, 0.6)",walkIfCan,Gloria_2 Root,
S_A_L_T_WALK_IF_CAN,38716,11/30/2022 8:14:20 AM,6e3a5d8b-12c4-4afd-9a2e-619eb5b72b23,"(-1.3, 0.0, 4.2)",walkIfCan,Mike_3 Root,
S_A_L_T_WALK_IF_CAN,38716,11/30/2022 8:14:20 AM,6e3a5d8b-12c4-4afd-9a2e-619eb5b72b23,"(1.4, 0.0, 6.0)",walkIfCan,Bob_4 Root,
S_A_L_T_WALKED,38716,11/30/2022 8:14:20 AM,6e3a5d8b-12c4-4afd-9a2e-619eb5b72b23,"(1.4, 0.0, 6.0)",walked,Bob_4 Root,
S_A_L_T_WALK_IF_CAN,38716,11/30/2022 8:14:20 AM,6e3a5d8b-12c4-4afd-9a2e-619eb5b72b23,"(2.8, 0.0, 5.3)",walkIfCan,Gary_5 Root,
S_A_L_T_WALKED,38716,11/30/2022 8:14:20 AM,6e3a5d8b-12c4-4afd-9a2e-619eb5b72b23,"(2.8, 0.0, 5.3)",walked,Gary_5 Root,
S_A_L_T_WALK_IF_CAN,38717,11/30/2022 8:14:20 AM,6e3a5d8b-12c4-4afd-9a2e-619eb5b72b23,"(2.6, 0.0, 8.0)",walkIfCan,Gloria_8 Root,
S_A_L_T_WALK_IF_CAN,38717,11/30/2022 8:14:20 AM,6e3a5d8b-12c4-4afd-9a2e-619eb5b72b23,"(3.5, 0.0, 1.1)",walkIfCan,Mike_9 Root,
S_A_L_T_WALK_IF_CAN,38717,11/30/2022 8:14:20 AM,6e3a5d8b-12c4-4afd-9a2e-619eb5b72b23,"(3.8, 0.0, 4.0)",walkIfCan,Bob_10 Root,
S_A_L_T_WALKED,38717,11/30/2022 8:14:20 AM,6e3a5d8b-12c4-4afd-9a2e-619eb5b72b23,"(3.8, 0.0, 4.0)",walked,Bob_10 Root,
BAG_ACCESS,39432,11/30/2022 8:14:21 AM,6e3a5d8b-12c4-4afd-9a2e-619eb5b72b23,"(1.8, 0.7, 1.5)",
TOOL_HOVER,40250,11/30/2022 8:14:22 AM,6e3a5d8b-12c4-4afd-9a2e-619eb5b72b23,Tourniquet,998,
TOOL_HOVER,40267,11/30/2022 8:14:22 AM,6e3a5d8b-12c4-4afd-9a2e-619eb5b72b23,Tourniquet,998,
TOOL_HOVER,40284,11/30/2022 8:14:22 AM,6e3a5d8b-12c4-4afd-9a2e-619eb5b72b23,Tourniquet,998,
TOOL_HOVER,40300,11/30/2022 8:14:22 AM,6e3a5d8b-12c4-4afd-9a2e-619eb5b72b23,Tourniquet,998,
TOOL_HOVER,40317,11/30/2022 8:14:22 AM,6e3a5d8b-12c4-4afd-9a2e-619eb5b72b23,Tourniquet,998,
TOOL_HOVER,40334,11/30/2022 8:14:22 AM,6e3a5d8b-12c4-4afd-9a2e-619eb5b72b23,Tourniquet,998,
PULSE_TAKEN,40485,11/30/2022 8:14:22 AM,6e3a5d8b-12c4-4afd-9a2e-619eb5b72b23,pulse_none,Lily_7 Root,
TOOL_HOVER,42055,11/30/2022 8:14:24 AM,6e3a5d8b-12c4-4afd-9a2e-619eb5b72b23,Tourniquet,998,
TOOL_HOVER,42071,11/30/2022 8:14:24 AM,6e3a5d8b-12c4-4afd-9a2e-619eb5b72b23,Tourniquet,998,
TOOL_HOVER,42088,11/30/2022 8:14:24 AM,6e3a5d8b-12c4-4afd-9a2e-619eb5b72b23,Tourniquet,998,
TOOL_HOVER,42104,11/30/2022 8:14:24 AM,6e3a5d8b-12c4-4afd-9a2e-619eb5b72b23,Tourniquet,998,
TOOL_HOVER,42121,11/30/2022 8:14:24 AM,6e3a5d8b-12c4-4afd-9a2e-619eb5b72b23,Tourniquet,998,
TOOL_HOVER,42138,11/30/2022 8:14:24 AM,6e3a5d8b-12c4-4afd-9a2e-619eb5b72b23,Tourniquet,998,
TAG_SELECTED,43124,11/30/2022 8:14:25 AM,6e3a5d8b-12c4-4afd-9a2e-619eb5b72b23,black,
TAG_DISCARDED,44176,11/30/2022 8:14:26 AM,6e3a5d8b-12c4-4afd-9a2e-619eb5b72b23,black,"(1.8, 0.3, 2.2)",
BAG_CLOSED,44561,11/30/2022 8:14:26 AM,6e3a5d8b-12c4-4afd-9a2e-619eb5b72b23,"(1.8, 0.7, 1.5)",
TELEPORT,44561,11/30/2022 8:14:26 AM,6e3a5d8b-12c4-4afd-9a2e-619eb5b72b23,"(3.1, 0.0, 2.0)",
TELEPORT,45896,11/30/2022 8:14:28 AM,6e3a5d8b-12c4-4afd-9a2e-619eb5b72b23,"(3.5, 0.0, 1.8)",
PATIENT_ENGAGED,48275,11/30/2022 8:14:30 AM,6e3a5d8b-12c4-4afd-9a2e-619eb5b72b23,100,Infinity,Mike_9 Root,"(3.5, 0.0, 1.1)","(0.0, 1.0, 0.0, 0.0)",IMMEDIATE,waver,normal,normal,normal,upset,sittingGround,
BAG_ACCESS,49183,11/30/2022 8:14:31 AM,6e3a5d8b-12c4-4afd-9a2e-619eb5b72b23,"(3.4, 0.6, 0.6)",
TOOL_HOVER,50154,11/30/2022 8:14:32 AM,6e3a5d8b-12c4-4afd-9a2e-619eb5b72b23,Tourniquet,998,
TOOL_HOVER,50178,11/30/2022 8:14:32 AM,6e3a5d8b-12c4-4afd-9a2e-619eb5b72b23,Tourniquet,998,
TOOL_HOVER,50201,11/30/2022 8:14:32 AM,6e3a5d8b-12c4-4afd-9a2e-619eb5b72b23,Tourniquet,998,
TOOL_HOVER,50223,11/30/2022 8:14:32 AM,6e3a5d8b-12c4-4afd-9a2e-619eb5b72b23,Tourniquet,998,
TOOL_HOVER,50246,11/30/2022 8:14:32 AM,6e3a5d8b-12c4-4afd-9a2e-619eb5b72b23,Tourniquet,998,
TOOL_HOVER,50269,11/30/2022 8:14:32 AM,6e3a5d8b-12c4-4afd-9a2e-619eb5b72b23,Tourniquet,998,
TOOL_HOVER,50293,11/30/2022 8:14:32 AM,6e3a5d8b-12c4-4afd-9a2e-619eb5b72b23,Tourniquet,998,
TOOL_SELECTED,50294,11/30/2022 8:14:32 AM,6e3a5d8b-12c4-4afd-9a2e-619eb5b72b23,Tourniquet,997,
VOICE_CAPTURE,51817,11/30/2022 8:14:34 AM,6e3a5d8b-12c4-4afd-9a2e-619eb5b72b23,sir can you hear me OK,NA,
VOICE_COMMAND,51817,11/30/2022 8:14:34 AM,6e3a5d8b-12c4-4afd-9a2e-619eb5b72b23,can you hear,sir can you hear me OK,
TOOL_APPLIED,51870,11/30/2022 8:14:34 AM,6e3a5d8b-12c4-4afd-9a2e-619eb5b72b23,Mike_9 Root,Tourniquet,LeftLeg (UnityEngine.GameObject),tor_ring (1) (UnityEngine.GameObject),tourniquet(Clone) (UnityEngine.GameObject),AppliedTourniquet,
TOOL_HOVER,52916,11/30/2022 8:14:35 AM,6e3a5d8b-12c4-4afd-9a2e-619eb5b72b23,Needle,999,
TOOL_HOVER,52939,11/30/2022 8:14:35 AM,6e3a5d8b-12c4-4afd-9a2e-619eb5b72b23,Needle,999,
TOOL_HOVER,52961,11/30/2022 8:14:35 AM,6e3a5d8b-12c4-4afd-9a2e-619eb5b72b23,Needle,999,
TOOL_HOVER,52985,11/30/2022 8:14:35 AM,6e3a5d8b-12c4-4afd-9a2e-619eb5b72b23,Needle,999,
TOOL_HOVER,53008,11/30/2022 8:14:35 AM,6e3a5d8b-12c4-4afd-9a2e-619eb5b72b23,Needle,999,
TOOL_HOVER,53030,11/30/2022 8:14:35 AM,6e3a5d8b-12c4-4afd-9a2e-619eb5b72b23,Needle,999,
TOOL_HOVER,53053,11/30/2022 8:14:35 AM,6e3a5d8b-12c4-4afd-9a2e-619eb5b72b23,Needle,999,
TOOL_HOVER,53076,11/30/2022 8:14:35 AM,6e3a5d8b-12c4-4afd-9a2e-619eb5b72b23,Needle,999,
TOOL_HOVER,53100,11/30/2022 8:14:35 AM,6e3a5d8b-12c4-4afd-9a2e-619eb5b72b23,Needle,999,
TOOL_HOVER,53122,11/30/2022 8:14:35 AM,6e3a5d8b-12c4-4afd-9a2e-619eb5b72b23,Needle,999,
TOOL_HOVER,53146,11/30/2022 8:14:35 AM,6e3a5d8b-12c4-4afd-9a2e-619eb5b72b23,Needle,999,
TOOL_HOVER,53169,11/30/2022 8:14:35 AM,6e3a5d8b-12c4-4afd-9a2e-619eb5b72b23,Needle,999,
TOOL_HOVER,53193,11/30/2022 8:14:35 AM,6e3a5d8b-12c4-4afd-9a2e-619eb5b72b23,Needle,999,
TOOL_HOVER,53217,11/30/2022 8:14:35 AM,6e3a5d8b-12c4-4afd-9a2e-619eb5b72b23,Needle,999,
TOOL_HOVER,53240,11/30/2022 8:14:35 AM,6e3a5d8b-12c4-4afd-9a2e-619eb5b72b23,Needle,999,
TOOL_HOVER,53265,11/30/2022 8:14:35 AM,6e3a5d8b-12c4-4afd-9a2e-619eb5b72b23,Needle,999,
TOOL_HOVER,53290,11/30/2022 8:14:35 AM,6e3a5d8b-12c4-4afd-9a2e-619eb5b72b23,Needle,999,
TOOL_HOVER,54550,11/30/2022 8:14:36 AM,6e3a5d8b-12c4-4afd-9a2e-619eb5b72b23,Hemostatic Gauze,999,
TOOL_HOVER,54573,11/30/2022 8:14:36 AM,6e3a5d8b-12c4-4afd-9a2e-619eb5b72b23,Hemostatic Gauze,999,
TOOL_HOVER,54597,11/30/2022 8:14:36 AM,6e3a5d8b-12c4-4afd-9a2e-619eb5b72b23,Hemostatic Gauze,999,
TOOL_HOVER,54620,11/30/2022 8:14:36 AM,6e3a5d8b-12c4-4afd-9a2e-619eb5b72b23,Hemostatic Gauze,999,
TOOL_HOVER,54645,11/30/2022 8:14:36 AM,6e3a5d8b-12c4-4afd-9a2e-619eb5b72b23,Hemostatic Gauze,999,
TOOL_HOVER,54669,11/30/2022 8:14:36 AM,6e3a5d8b-12c4-4afd-9a2e-619eb5b72b23,Hemostatic Gauze,999,
TOOL_HOVER,54693,11/30/2022 8:14:36 AM,6e3a5d8b-12c4-4afd-9a2e-619eb5b72b23,Hemostatic Gauze,999,
TOOL_HOVER,54718,11/30/2022 8:14:36 AM,6e3a5d8b-12c4-4afd-9a2e-619eb5b72b23,Hemostatic Gauze,999,
TOOL_HOVER,54743,11/30/2022 8:14:36 AM,6e3a5d8b-12c4-4afd-9a2e-619eb5b72b23,Hemostatic Gauze,999,
TOOL_HOVER,54767,11/30/2022 8:14:36 AM,6e3a5d8b-12c4-4afd-9a2e-619eb5b72b23,Hemostatic Gauze,999,
TOOL_HOVER,54790,11/30/2022 8:14:36 AM,6e3a5d8b-12c4-4afd-9a2e-619eb5b72b23,Hemostatic Gauze,999,
TOOL_HOVER,54815,11/30/2022 8:14:37 AM,6e3a5d8b-12c4-4afd-9a2e-619eb5b72b23,Hemostatic Gauze,999,
TOOL_HOVER,54840,11/30/2022 8:14:37 AM,6e3a5d8b-12c4-4afd-9a2e-619eb5b72b23,Hemostatic Gauze,999,
TOOL_HOVER,54866,11/30/2022 8:14:37 AM,6e3a5d8b-12c4-4afd-9a2e-619eb5b72b23,Needle,999,
TOOL_HOVER,54893,11/30/2022 8:14:37 AM,6e3a5d8b-12c4-4afd-9a2e-619eb5b72b23,Needle,999,
TOOL_HOVER,54918,11/30/2022 8:14:37 AM,6e3a5d8b-12c4-4afd-9a2e-619eb5b72b23,Needle,999,
TOOL_HOVER,54941,11/30/2022 8:14:37 AM,6e3a5d8b-12c4-4afd-9a2e-619eb5b72b23,Needle,999,
TOOL_HOVER,54968,11/30/2022 8:14:37 AM,6e3a5d8b-12c4-4afd-9a2e-619eb5b72b23,Tourniquet,997,
TOOL_HOVER,54992,11/30/2022 8:14:37 AM,6e3a5d8b-12c4-4afd-9a2e-619eb5b72b23,Tourniquet,997,
TOOL_HOVER,55019,11/30/2022 8:14:37 AM,6e3a5d8b-12c4-4afd-9a2e-619eb5b72b23,Tourniquet,997,
TOOL_HOVER,55043,11/30/2022 8:14:37 AM,6e3a5d8b-12c4-4afd-9a2e-619eb5b72b23,Tourniquet,997,
TOOL_HOVER,55069,11/30/2022 8:14:37 AM,6e3a5d8b-12c4-4afd-9a2e-619eb5b72b23,Tourniquet,997,
TOOL_HOVER,55096,11/30/2022 8:14:37 AM,6e3a5d8b-12c4-4afd-9a2e-619eb5b72b23,Tourniquet,997,
TOOL_HOVER,55121,11/30/2022 8:14:37 AM,6e3a5d8b-12c4-4afd-9a2e-619eb5b72b23,Tourniquet,997,
TOOL_HOVER,55148,11/30/2022 8:14:37 AM,6e3a5d8b-12c4-4afd-9a2e-619eb5b72b23,Tourniquet,997,
TOOL_HOVER,55175,11/30/2022 8:14:37 AM,6e3a5d8b-12c4-4afd-9a2e-619eb5b72b23,Tourniquet,997,
TOOL_HOVER,55201,11/30/2022 8:14:37 AM,6e3a5d8b-12c4-4afd-9a2e-619eb5b72b23,Tourniquet,997,
TOOL_HOVER,55227,11/30/2022 8:14:37 AM,6e3a5d8b-12c4-4afd-9a2e-619eb5b72b23,Tourniquet,997,
TOOL_HOVER,55255,11/30/2022 8:14:37 AM,6e3a5d8b-12c4-4afd-9a2e-619eb5b72b23,Tourniquet,997,
TOOL_SELECTED,55256,11/30/2022 8:14:37 AM,6e3a5d8b-12c4-4afd-9a2e-619eb5b72b23,Tourniquet,996,
INJURY_TREATED,57641,11/30/2022 8:14:39 AM,6e3a5d8b-12c4-4afd-9a2e-619eb5b72b23,L Thigh Puncture,Mike_9 Root,tourniquet,medium,leftLeg,True,False,"(4.0, 0.1, 1.1)",
TOOL_APPLIED,57641,11/30/2022 8:14:39 AM,6e3a5d8b-12c4-4afd-9a2e-619eb5b72b23,Mike_9 Root,Tourniquet,LeftUpLeg (UnityEngine.GameObject),tor_ring (1) (UnityEngine.GameObject),tourniquet(Clone) (UnityEngine.GameObject),AppliedTourniquet,
PATIENT_DEMOTED,57641,11/30/2022 8:14:39 AM,6e3a5d8b-12c4-4afd-9a2e-619eb5b72b23,100,Infinity,Mike_9 Root,"(3.5, 0.0, 1.1)","(0.0, 1.0, 0.0, 0.0)",DELAYED,waver,normal,normal,normal,upset,sittingGround,
TOOL_HOVER,58306,11/30/2022 8:14:40 AM,6e3a5d8b-12c4-4afd-9a2e-619eb5b72b23,Needle,999,
TOOL_HOVER,58327,11/30/2022 8:14:40 AM,6e3a5d8b-12c4-4afd-9a2e-619eb5b72b23,Needle,999,
TOOL_HOVER,58347,11/30/2022 8:14:40 AM,6e3a5d8b-12c4-4afd-9a2e-619eb5b72b23,Needle,999,
TOOL_HOVER,58368,11/30/2022 8:14:40 AM,6e3a5d8b-12c4-4afd-9a2e-619eb5b72b23,Needle,999,
TOOL_HOVER,58390,11/30/2022 8:14:40 AM,6e3a5d8b-12c4-4afd-9a2e-619eb5b72b23,Needle,999,
TOOL_HOVER,58452,11/30/2022 8:14:40 AM,6e3a5d8b-12c4-4afd-9a2e-619eb5b72b23,Hemostatic Gauze,999,
TOOL_HOVER,58470,11/30/2022 8:14:40 AM,6e3a5d8b-12c4-4afd-9a2e-619eb5b72b23,Hemostatic Gauze,999,
TOOL_HOVER,58490,11/30/2022 8:14:40 AM,6e3a5d8b-12c4-4afd-9a2e-619eb5b72b23,Hemostatic Gauze,999,
TOOL_HOVER,58511,11/30/2022 8:14:40 AM,6e3a5d8b-12c4-4afd-9a2e-619eb5b72b23,Hemostatic Gauze,999,
TOOL_HOVER,58532,11/30/2022 8:14:40 AM,6e3a5d8b-12c4-4afd-9a2e-619eb5b72b23,Hemostatic Gauze,999,
TOOL_HOVER,58552,11/30/2022 8:14:40 AM,6e3a5d8b-12c4-4afd-9a2e-619eb5b72b23,Hemostatic Gauze,999,
TOOL_HOVER,58574,11/30/2022 8:14:40 AM,6e3a5d8b-12c4-4afd-9a2e-619eb5b72b23,Hemostatic Gauze,999,
TOOL_HOVER,58597,11/30/2022 8:14:40 AM,6e3a5d8b-12c4-4afd-9a2e-619eb5b72b23,Hemostatic Gauze,999,
TOOL_HOVER,58619,11/30/2022 8:14:40 AM,6e3a5d8b-12c4-4afd-9a2e-619eb5b72b23,Hemostatic Gauze,999,
TOOL_HOVER,58639,11/30/2022 8:14:40 AM,6e3a5d8b-12c4-4afd-9a2e-619eb5b72b23,Hemostatic Gauze,999,
TOOL_HOVER,58659,11/30/2022 8:14:40 AM,6e3a5d8b-12c4-4afd-9a2e-619eb5b72b23,Hemostatic Gauze,999,
TOOL_HOVER,58680,11/30/2022 8:14:40 AM,6e3a5d8b-12c4-4afd-9a2e-619eb5b72b23,Hemostatic Gauze,999,
TOOL_HOVER,58700,11/30/2022 8:14:40 AM,6e3a5d8b-12c4-4afd-9a2e-619eb5b72b23,Hemostatic Gauze,999,
TOOL_HOVER,58720,11/30/2022 8:14:40 AM,6e3a5d8b-12c4-4afd-9a2e-619eb5b72b23,Hemostatic Gauze,999,
TOOL_HOVER,58741,11/30/2022 8:14:40 AM,6e3a5d8b-12c4-4afd-9a2e-619eb5b72b23,Hemostatic Gauze,999,
TAG_SELECTED,59922,11/30/2022 8:14:42 AM,6e3a5d8b-12c4-4afd-9a2e-619eb5b72b23,red,
TOOL_HOVER,61110,11/30/2022 8:14:43 AM,6e3a5d8b-12c4-4afd-9a2e-619eb5b72b23,Tourniquet,996,
TOOL_HOVER,61132,11/30/2022 8:14:43 AM,6e3a5d8b-12c4-4afd-9a2e-619eb5b72b23,Tourniquet,996,
TOOL_HOVER,61154,11/30/2022 8:14:43 AM,6e3a5d8b-12c4-4afd-9a2e-619eb5b72b23,Tourniquet,996,
TOOL_HOVER,61175,11/30/2022 8:14:43 AM,6e3a5d8b-12c4-4afd-9a2e-619eb5b72b23,Tourniquet,996,
TOOL_HOVER,61196,11/30/2022 8:14:43 AM,6e3a5d8b-12c4-4afd-9a2e-619eb5b72b23,Tourniquet,996,
TOOL_HOVER,61218,11/30/2022 8:14:43 AM,6e3a5d8b-12c4-4afd-9a2e-619eb5b72b23,Tourniquet,996,
TOOL_HOVER,61238,11/30/2022 8:14:43 AM,6e3a5d8b-12c4-4afd-9a2e-619eb5b72b23,Tourniquet,996,
TOOL_HOVER,61259,11/30/2022 8:14:43 AM,6e3a5d8b-12c4-4afd-9a2e-619eb5b72b23,Tourniquet,996,
TOOL_HOVER,61280,11/30/2022 8:14:43 AM,6e3a5d8b-12c4-4afd-9a2e-619eb5b72b23,Tourniquet,996,
TOOL_HOVER,61301,11/30/2022 8:14:43 AM,6e3a5d8b-12c4-4afd-9a2e-619eb5b72b23,Tourniquet,996,
TOOL_HOVER,61321,11/30/2022 8:14:43 AM,6e3a5d8b-12c4-4afd-9a2e-619eb5b72b23,Tourniquet,996,
TOOL_HOVER,61342,11/30/2022 8:14:43 AM,6e3a5d8b-12c4-4afd-9a2e-619eb5b72b23,Tourniquet,996,
TOOL_HOVER,61362,11/30/2022 8:14:43 AM,6e3a5d8b-12c4-4afd-9a2e-619eb5b72b23,Tourniquet,996,
TOOL_HOVER,61383,11/30/2022 8:14:43 AM,6e3a5d8b-12c4-4afd-9a2e-619eb5b72b23,Tourniquet,996,
TOOL_HOVER,61404,11/30/2022 8:14:43 AM,6e3a5d8b-12c4-4afd-9a2e-619eb5b72b23,Tourniquet,996,
TOOL_HOVER,61425,11/30/2022 8:14:43 AM,6e3a5d8b-12c4-4afd-9a2e-619eb5b72b23,Tourniquet,996,
TOOL_HOVER,61445,11/30/2022 8:14:43 AM,6e3a5d8b-12c4-4afd-9a2e-619eb5b72b23,Tourniquet,996,
TOOL_HOVER,61466,11/30/2022 8:14:43 AM,6e3a5d8b-12c4-4afd-9a2e-619eb5b72b23,Tourniquet,996,
TAG_APPLIED,61467,11/30/2022 8:14:43 AM,6e3a5d8b-12c4-4afd-9a2e-619eb5b72b23,Mike_9 Root,red,
TOOL_HOVER,61488,11/30/2022 8:14:43 AM,6e3a5d8b-12c4-4afd-9a2e-619eb5b72b23,Tourniquet,996,
TOOL_HOVER,61509,11/30/2022 8:14:43 AM,6e3a5d8b-12c4-4afd-9a2e-619eb5b72b23,Tourniquet,996,
TOOL_HOVER,61530,11/30/2022 8:14:43 AM,6e3a5d8b-12c4-4afd-9a2e-619eb5b72b23,Tourniquet,996,
TOOL_HOVER,61550,11/30/2022 8:14:43 AM,6e3a5d8b-12c4-4afd-9a2e-619eb5b72b23,Tourniquet,996,
TOOL_HOVER,61569,11/30/2022 8:14:43 AM,6e3a5d8b-12c4-4afd-9a2e-619eb5b72b23,Tourniquet,996,
TOOL_HOVER,61589,11/30/2022 8:14:43 AM,6e3a5d8b-12c4-4afd-9a2e-619eb5b72b23,Tourniquet,996,
TOOL_HOVER,61609,11/30/2022 8:14:43 AM,6e3a5d8b-12c4-4afd-9a2e-619eb5b72b23,Tourniquet,996,
TOOL_HOVER,61628,11/30/2022 8:14:43 AM,6e3a5d8b-12c4-4afd-9a2e-619eb5b72b23,Tourniquet,996,
TOOL_HOVER,61646,11/30/2022 8:14:43 AM,6e3a5d8b-12c4-4afd-9a2e-619eb5b72b23,Tourniquet,996,
TOOL_HOVER,61664,11/30/2022 8:14:43 AM,6e3a5d8b-12c4-4afd-9a2e-619eb5b72b23,Tourniquet,996,
TOOL_HOVER,61683,11/30/2022 8:14:43 AM,6e3a5d8b-12c4-4afd-9a2e-619eb5b72b23,Tourniquet,996,
TOOL_HOVER,61701,11/30/2022 8:14:43 AM,6e3a5d8b-12c4-4afd-9a2e-619eb5b72b23,Tourniquet,996,
TOOL_HOVER,61719,11/30/2022 8:14:43 AM,6e3a5d8b-12c4-4afd-9a2e-619eb5b72b23,Tourniquet,996,
TOOL_HOVER,61737,11/30/2022 8:14:43 AM,6e3a5d8b-12c4-4afd-9a2e-619eb5b72b23,Tourniquet,996,
TOOL_HOVER,61755,11/30/2022 8:14:43 AM,6e3a5d8b-12c4-4afd-9a2e-619eb5b72b23,Tourniquet,996,
TOOL_HOVER,61774,11/30/2022 8:14:43 AM,6e3a5d8b-12c4-4afd-9a2e-619eb5b72b23,Tourniquet,996,
TOOL_HOVER,61794,11/30/2022 8:14:43 AM,6e3a5d8b-12c4-4afd-9a2e-619eb5b72b23,Tourniquet,996,
TOOL_HOVER,61814,11/30/2022 8:14:44 AM,6e3a5d8b-12c4-4afd-9a2e-619eb5b72b23,Tourniquet,996,
TOOL_HOVER,61834,11/30/2022 8:14:44 AM,6e3a5d8b-12c4-4afd-9a2e-619eb5b72b23,Tourniquet,996,
TOOL_HOVER,61852,11/30/2022 8:14:44 AM,6e3a5d8b-12c4-4afd-9a2e-619eb5b72b23,Tourniquet,996,
TOOL_HOVER,61871,11/30/2022 8:14:44 AM,6e3a5d8b-12c4-4afd-9a2e-619eb5b72b23,Tourniquet,996,
TOOL_HOVER,61890,11/30/2022 8:14:44 AM,6e3a5d8b-12c4-4afd-9a2e-619eb5b72b23,Tourniquet,996,
TOOL_HOVER,61911,11/30/2022 8:14:44 AM,6e3a5d8b-12c4-4afd-9a2e-619eb5b72b23,Tourniquet,996,
TOOL_HOVER,61932,11/30/2022 8:14:44 AM,6e3a5d8b-12c4-4afd-9a2e-619eb5b72b23,Tourniquet,996,
TOOL_HOVER,61952,11/30/2022 8:14:44 AM,6e3a5d8b-12c4-4afd-9a2e-619eb5b72b23,Tourniquet,996,
TOOL_HOVER,61974,11/30/2022 8:14:44 AM,6e3a5d8b-12c4-4afd-9a2e-619eb5b72b23,Tourniquet,996,
TOOL_HOVER,61993,11/30/2022 8:14:44 AM,6e3a5d8b-12c4-4afd-9a2e-619eb5b72b23,Tourniquet,996,
TOOL_HOVER,62015,11/30/2022 8:14:44 AM,6e3a5d8b-12c4-4afd-9a2e-619eb5b72b23,Tourniquet,996,
TOOL_HOVER,62035,11/30/2022 8:14:44 AM,6e3a5d8b-12c4-4afd-9a2e-619eb5b72b23,Tourniquet,996,
TOOL_HOVER,62056,11/30/2022 8:14:44 AM,6e3a5d8b-12c4-4afd-9a2e-619eb5b72b23,Tourniquet,996,
TOOL_HOVER,62076,11/30/2022 8:14:44 AM,6e3a5d8b-12c4-4afd-9a2e-619eb5b72b23,Tourniquet,996,
TOOL_HOVER,62098,11/30/2022 8:14:44 AM,6e3a5d8b-12c4-4afd-9a2e-619eb5b72b23,Tourniquet,996,
TOOL_HOVER,62254,11/30/2022 8:14:44 AM,6e3a5d8b-12c4-4afd-9a2e-619eb5b72b23,Needle,999,
TOOL_HOVER,62274,11/30/2022 8:14:44 AM,6e3a5d8b-12c4-4afd-9a2e-619eb5b72b23,Needle,999,
TOOL_HOVER,62293,11/30/2022 8:14:44 AM,6e3a5d8b-12c4-4afd-9a2e-619eb5b72b23,Needle,999,
TOOL_HOVER,62313,11/30/2022 8:14:44 AM,6e3a5d8b-12c4-4afd-9a2e-619eb5b72b23,Needle,999,
TOOL_HOVER,62334,11/30/2022 8:14:44 AM,6e3a5d8b-12c4-4afd-9a2e-619eb5b72b23,Needle,999,
TOOL_HOVER,62353,11/30/2022 8:14:44 AM,6e3a5d8b-12c4-4afd-9a2e-619eb5b72b23,Needle,999,
TOOL_HOVER,62371,11/30/2022 8:14:44 AM,6e3a5d8b-12c4-4afd-9a2e-619eb5b72b23,Needle,999,
TOOL_HOVER,62391,11/30/2022 8:14:44 AM,6e3a5d8b-12c4-4afd-9a2e-619eb5b72b23,Needle,999,
TOOL_HOVER,62411,11/30/2022 8:14:44 AM,6e3a5d8b-12c4-4afd-9a2e-619eb5b72b23,Needle,999,
TOOL_HOVER,62431,11/30/2022 8:14:44 AM,6e3a5d8b-12c4-4afd-9a2e-619eb5b72b23,Needle,999,
BAG_CLOSED,63160,11/30/2022 8:14:45 AM,6e3a5d8b-12c4-4afd-9a2e-619eb5b72b23,"(3.4, 0.6, 0.6)",
TELEPORT,63160,11/30/2022 8:14:45 AM,6e3a5d8b-12c4-4afd-9a2e-619eb5b72b23,"(4.3, 0.0, 0.7)",
VOICE_CAPTURE,63754,11/30/2022 8:14:45 AM,6e3a5d8b-12c4-4afd-9a2e-619eb5b72b23,that got blurry,NA,
PATIENT_ENGAGED,66755,11/30/2022 8:14:48 AM,6e3a5d8b-12c4-4afd-9a2e-619eb5b72b23,100,128,Mike_6 Root,"(3.0, 0.0, 3.4)","(0.0, 0.0, 0.0, 1.0)",IMMEDIATE,still,faint,collapsedRight,normal,unresponsive,supine,
BAG_ACCESS,67504,11/30/2022 8:14:49 AM,6e3a5d8b-12c4-4afd-9a2e-619eb5b72b23,"(3.3, 0.5, 2.7)",
VOICE_CAPTURE,68717,11/30/2022 8:14:50 AM,6e3a5d8b-12c4-4afd-9a2e-619eb5b72b23,sir can you hear me,NA,
VOICE_COMMAND,68717,11/30/2022 8:14:50 AM,6e3a5d8b-12c4-4afd-9a2e-619eb5b72b23,can you hear,sir can you hear me,
TOOL_HOVER,68752,11/30/2022 8:14:50 AM,6e3a5d8b-12c4-4afd-9a2e-619eb5b72b23,Needle,999,
TOOL_HOVER,68767,11/30/2022 8:14:50 AM,6e3a5d8b-12c4-4afd-9a2e-619eb5b72b23,Needle,999,
TOOL_HOVER,68784,11/30/2022 8:14:50 AM,6e3a5d8b-12c4-4afd-9a2e-619eb5b72b23,Needle,999,
TOOL_HOVER,68801,11/30/2022 8:14:51 AM,6e3a5d8b-12c4-4afd-9a2e-619eb5b72b23,Needle,999,
TOOL_HOVER,68817,11/30/2022 8:14:51 AM,6e3a5d8b-12c4-4afd-9a2e-619eb5b72b23,Needle,999,
TOOL_HOVER,68834,11/30/2022 8:14:51 AM,6e3a5d8b-12c4-4afd-9a2e-619eb5b72b23,Needle,999,
TOOL_HOVER,68854,11/30/2022 8:14:51 AM,6e3a5d8b-12c4-4afd-9a2e-619eb5b72b23,Tourniquet,996,
TOOL_HOVER,68868,11/30/2022 8:14:51 AM,6e3a5d8b-12c4-4afd-9a2e-619eb5b72b23,Tourniquet,996,
TOOL_HOVER,68885,11/30/2022 8:14:51 AM,6e3a5d8b-12c4-4afd-9a2e-619eb5b72b23,Tourniquet,996,
TOOL_HOVER,68902,11/30/2022 8:14:51 AM,6e3a5d8b-12c4-4afd-9a2e-619eb5b72b23,Tourniquet,996,
TOOL_HOVER,68918,11/30/2022 8:14:51 AM,6e3a5d8b-12c4-4afd-9a2e-619eb5b72b23,Tourniquet,996,
TOOL_HOVER,68935,11/30/2022 8:14:51 AM,6e3a5d8b-12c4-4afd-9a2e-619eb5b72b23,Tourniquet,996,
TOOL_HOVER,68952,11/30/2022 8:14:51 AM,6e3a5d8b-12c4-4afd-9a2e-619eb5b72b23,Tourniquet,996,
TOOL_HOVER,68968,11/30/2022 8:14:51 AM,6e3a5d8b-12c4-4afd-9a2e-619eb5b72b23,Tourniquet,996,
TOOL_HOVER,68986,11/30/2022 8:14:51 AM,6e3a5d8b-12c4-4afd-9a2e-619eb5b72b23,Tourniquet,996,
TOOL_HOVER,69002,11/30/2022 8:14:51 AM,6e3a5d8b-12c4-4afd-9a2e-619eb5b72b23,Tourniquet,996,
TOOL_HOVER,69018,11/30/2022 8:14:51 AM,6e3a5d8b-12c4-4afd-9a2e-619eb5b72b23,Tourniquet,996,
TOOL_HOVER,69036,11/30/2022 8:14:51 AM,6e3a5d8b-12c4-4afd-9a2e-619eb5b72b23,Tourniquet,996,
TOOL_HOVER,69053,11/30/2022 8:14:51 AM,6e3a5d8b-12c4-4afd-9a2e-619eb5b72b23,Tourniquet,996,
TOOL_HOVER,69069,11/30/2022 8:14:51 AM,6e3a5d8b-12c4-4afd-9a2e-619eb5b72b23,Tourniquet,996,
PULSE_TAKEN,69087,11/30/2022 8:14:51 AM,6e3a5d8b-12c4-4afd-9a2e-619eb5b72b23,pulse_faint,Mike_6 Root,
TOOL_HOVER,69088,11/30/2022 8:14:51 AM,6e3a5d8b-12c4-4afd-9a2e-619eb5b72b23,Tourniquet,996,
TOOL_HOVER,69102,11/30/2022 8:14:51 AM,6e3a5d8b-12c4-4afd-9a2e-619eb5b72b23,Tourniquet,996,
TOOL_HOVER,69120,11/30/2022 8:14:51 AM,6e3a5d8b-12c4-4afd-9a2e-619eb5b72b23,Tourniquet,996,
TOOL_HOVER,69136,11/30/2022 8:14:51 AM,6e3a5d8b-12c4-4afd-9a2e-619eb5b72b23,Tourniquet,996,
TOOL_HOVER,71458,11/30/2022 8:14:53 AM,6e3a5d8b-12c4-4afd-9a2e-619eb5b72b23,Needle,999,
TOOL_HOVER,71475,11/30/2022 8:14:53 AM,6e3a5d8b-12c4-4afd-9a2e-619eb5b72b23,Needle,999,
TOOL_HOVER,71492,11/30/2022 8:14:53 AM,6e3a5d8b-12c4-4afd-9a2e-619eb5b72b23,Needle,999,
TOOL_HOVER,71510,11/30/2022 8:14:53 AM,6e3a5d8b-12c4-4afd-9a2e-619eb5b72b23,Needle,999,
TOOL_HOVER,71525,11/30/2022 8:14:53 AM,6e3a5d8b-12c4-4afd-9a2e-619eb5b72b23,Needle,999,
TOOL_SELECTED,71526,11/30/2022 8:14:53 AM,6e3a5d8b-12c4-4afd-9a2e-619eb5b72b23,Needle,998,
INJURY_TREATED,72649,11/30/2022 8:14:54 AM,6e3a5d8b-12c4-4afd-9a2e-619eb5b72b23,R Chest Collapse,Mike_6 Root,decompress,high,chest,True,False,"(0.0, 0.0, 0.0)",
TOOL_APPLIED,72649,11/30/2022 8:14:54 AM,6e3a5d8b-12c4-4afd-9a2e-619eb5b72b23,Needle_Decomp(Clone),Needle,LChest_Breathe1 (UnityEngine.GameObject),cath_needle (UnityEngine.GameObject),left_chest,Needle_Decomp(Clone) (UnityEngine.GameObject),AppliedDecompNeedle,
TOOL_HOVER,73547,11/30/2022 8:14:55 AM,6e3a5d8b-12c4-4afd-9a2e-619eb5b72b23,Needle,998,
TOOL_HOVER,73565,11/30/2022 8:14:55 AM,6e3a5d8b-12c4-4afd-9a2e-619eb5b72b23,Needle,998,
TOOL_HOVER,73580,11/30/2022 8:14:55 AM,6e3a5d8b-12c4-4afd-9a2e-619eb5b72b23,Needle,998,
TOOL_HOVER,73597,11/30/2022 8:14:55 AM,6e3a5d8b-12c4-4afd-9a2e-619eb5b72b23,Needle,998,
TOOL_HOVER,73613,11/30/2022 8:14:55 AM,6e3a5d8b-12c4-4afd-9a2e-619eb5b72b23,Needle,998,
TOOL_HOVER,73631,11/30/2022 8:14:55 AM,6e3a5d8b-12c4-4afd-9a2e-619eb5b72b23,Needle,998,
TOOL_HOVER,73647,11/30/2022 8:14:55 AM,6e3a5d8b-12c4-4afd-9a2e-619eb5b72b23,Needle,998,
TOOL_HOVER,73664,11/30/2022 8:14:55 AM,6e3a5d8b-12c4-4afd-9a2e-619eb5b72b23,Needle,998,
TOOL_HOVER,73681,11/30/2022 8:14:55 AM,6e3a5d8b-12c4-4afd-9a2e-619eb5b72b23,Needle,998,
TOOL_HOVER,73697,11/30/2022 8:14:55 AM,6e3a5d8b-12c4-4afd-9a2e-619eb5b72b23,Needle,998,
TOOL_HOVER,73715,11/30/2022 8:14:55 AM,6e3a5d8b-12c4-4afd-9a2e-619eb5b72b23,Needle,998,
TOOL_HOVER,73729,11/30/2022 8:14:55 AM,6e3a5d8b-12c4-4afd-9a2e-619eb5b72b23,Needle,998,
TAG_SELECTED,74451,11/30/2022 8:14:56 AM,6e3a5d8b-12c4-4afd-9a2e-619eb5b72b23,red,
TAG_APPLIED,76171,11/30/2022 8:14:58 AM,6e3a5d8b-12c4-4afd-9a2e-619eb5b72b23,Mike_6 Root,red,
BAG_CLOSED,77108,11/30/2022 8:14:59 AM,6e3a5d8b-12c4-4afd-9a2e-619eb5b72b23,"(3.3, 0.5, 2.7)",
TELEPORT,77809,11/30/2022 8:15:00 AM,6e3a5d8b-12c4-4afd-9a2e-619eb5b72b23,"(4.5, 0.0, 2.5)",
PATIENT_ENGAGED,80231,11/30/2022 8:15:02 AM,6e3a5d8b-12c4-4afd-9a2e-619eb5b72b23,100,Infinity,Lily_1 Root,"(1.2, 0.0, 3.9)","(0.0, 0.1, 0.0, 1.0)",DELAYED,waver,normal,normal,normal,calm,fetal,
BAG_ACCESS,82052,11/30/2022 8:15:04 AM,6e3a5d8b-12c4-4afd-9a2e-619eb5b72b23,"(0.7, 0.6, 3.9)",
TOOL_HOVER,82754,11/30/2022 8:15:04 AM,6e3a5d8b-12c4-4afd-9a2e-619eb5b72b23,Tourniquet,996,
TOOL_HOVER,82770,11/30/2022 8:15:04 AM,6e3a5d8b-12c4-4afd-9a2e-619eb5b72b23,Tourniquet,996,
TOOL_HOVER,82786,11/30/2022 8:15:04 AM,6e3a5d8b-12c4-4afd-9a2e-619eb5b72b23,Tourniquet,996,
TOOL_HOVER,82804,11/30/2022 8:15:05 AM,6e3a5d8b-12c4-4afd-9a2e-619eb5b72b23,Tourniquet,996,
TOOL_HOVER,82819,11/30/2022 8:15:05 AM,6e3a5d8b-12c4-4afd-9a2e-619eb5b72b23,Tourniquet,996,
TOOL_HOVER,82836,11/30/2022 8:15:05 AM,6e3a5d8b-12c4-4afd-9a2e-619eb5b72b23,Tourniquet,996,
TOOL_SELECTED,82837,11/30/2022 8:15:05 AM,6e3a5d8b-12c4-4afd-9a2e-619eb5b72b23,Tourniquet,995,
TOOL_APPLIED,84091,11/30/2022 8:15:06 AM,6e3a5d8b-12c4-4afd-9a2e-619eb5b72b23,Lily_1 Root,Tourniquet,LeftUpLeg (UnityEngine.GameObject),tor_ring (1) (UnityEngine.GameObject),tourniquet(Clone) (UnityEngine.GameObject),AppliedTourniquet,
TOOL_HOVER,85160,11/30/2022 8:15:07 AM,6e3a5d8b-12c4-4afd-9a2e-619eb5b72b23,Tourniquet,995,
TOOL_HOVER,85174,11/30/2022 8:15:07 AM,6e3a5d8b-12c4-4afd-9a2e-619eb5b72b23,Tourniquet,995,
TOOL_SELECTED,85175,11/30/2022 8:15:07 AM,6e3a5d8b-12c4-4afd-9a2e-619eb5b72b23,Tourniquet,994,
INJURY_TREATED,86979,11/30/2022 8:15:09 AM,6e3a5d8b-12c4-4afd-9a2e-619eb5b72b23,R Thigh Laceration,Lily_1 Root,tourniquet,medium,rightLeg,True,False,"(1.0, 0.2, 4.0)",
TOOL_APPLIED,86979,11/30/2022 8:15:09 AM,6e3a5d8b-12c4-4afd-9a2e-619eb5b72b23,Lily_1 Root,Tourniquet,RightUpLeg (UnityEngine.GameObject),tor_ring (1) (UnityEngine.GameObject),tourniquet(Clone) (UnityEngine.GameObject),AppliedTourniquet,
PULSE_TAKEN,87130,11/30/2022 8:15:09 AM,6e3a5d8b-12c4-4afd-9a2e-619eb5b72b23,pulse_normal,Lily_1 Root,
PULSE_TAKEN,87247,11/30/2022 8:15:09 AM,6e3a5d8b-12c4-4afd-9a2e-619eb5b72b23,pulse_normal,Lily_1 Root,
PULSE_TAKEN,87297,11/30/2022 8:15:09 AM,6e3a5d8b-12c4-4afd-9a2e-619eb5b72b23,pulse_normal,Lily_1 Root,
TAG_SELECTED,88367,11/30/2022 8:15:10 AM,6e3a5d8b-12c4-4afd-9a2e-619eb5b72b23,red,
TAG_APPLIED,89638,11/30/2022 8:15:11 AM,6e3a5d8b-12c4-4afd-9a2e-619eb5b72b23,Lily_1 Root,red,
BAG_CLOSED,93246,11/30/2022 8:15:15 AM,6e3a5d8b-12c4-4afd-9a2e-619eb5b72b23,"(0.7, 0.6, 3.9)",
TELEPORT,93246,11/30/2022 8:15:15 AM,6e3a5d8b-12c4-4afd-9a2e-619eb5b72b23,"(2.2, 0.0, 4.1)",
PATIENT_ENGAGED,95505,11/30/2022 8:15:17 AM,6e3a5d8b-12c4-4afd-9a2e-619eb5b72b23,100,Infinity,Mike_3 Root,"(-1.3, 0.0, 4.2)","(0.0, 0.4, 0.0, 0.9)",IMMEDIATE,waver,fast,fast,normal,agony,sittingGround,
BAG_ACCESS,96719,11/30/2022 8:15:18 AM,6e3a5d8b-12c4-4afd-9a2e-619eb5b72b23,"(-0.9, 0.6, 4.7)",
TOOL_HOVER,97257,11/30/2022 8:15:19 AM,6e3a5d8b-12c4-4afd-9a2e-619eb5b72b23,Tourniquet,994,
TOOL_HOVER,97277,11/30/2022 8:15:19 AM,6e3a5d8b-12c4-4afd-9a2e-619eb5b72b23,Tourniquet,994,
TOOL_SELECTED,97278,11/30/2022 8:15:19 AM,6e3a5d8b-12c4-4afd-9a2e-619eb5b72b23,Tourniquet,993,
INJURY_TREATED,99307,11/30/2022 8:15:21 AM,6e3a5d8b-12c4-4afd-9a2e-619eb5b72b23,R Wrist Amputation,Mike_3 Root,tourniquet,high,rightArm,True,False,"(-1.4, 0.5, 4.2)",
TOOL_APPLIED,99307,11/30/2022 8:15:21 AM,6e3a5d8b-12c4-4afd-9a2e-619eb5b72b23,Mike_3 Root,Tourniquet,RightForeArm (UnityEngine.GameObject),tor_ring (1) (UnityEngine.GameObject),tourniquet(Clone) (UnityEngine.GameObject),AppliedTourniquet,
PULSE_TAKEN,99998,11/30/2022 8:15:22 AM,6e3a5d8b-12c4-4afd-9a2e-619eb5b72b23,pulse_fast,Mike_3 Root,
TOOL_HOVER,100746,11/30/2022 8:15:22 AM,6e3a5d8b-12c4-4afd-9a2e-619eb5b72b23,Tourniquet,993,
TOOL_HOVER,100762,11/30/2022 8:15:22 AM,6e3a5d8b-12c4-4afd-9a2e-619eb5b72b23,Tourniquet,993,
TOOL_HOVER,100779,11/30/2022 8:15:22 AM,6e3a5d8b-12c4-4afd-9a2e-619eb5b72b23,Tourniquet,993,
TOOL_HOVER,100798,11/30/2022 8:15:23 AM,6e3a5d8b-12c4-4afd-9a2e-619eb5b72b23,Tourniquet,993,
TOOL_HOVER,100813,11/30/2022 8:15:23 AM,6e3a5d8b-12c4-4afd-9a2e-619eb5b72b23,Tourniquet,993,
TOOL_HOVER,100830,11/30/2022 8:15:23 AM,6e3a5d8b-12c4-4afd-9a2e-619eb5b72b23,Tourniquet,993,
TOOL_HOVER,100847,11/30/2022 8:15:23 AM,6e3a5d8b-12c4-4afd-9a2e-619eb5b72b23,Tourniquet,993,
TOOL_HOVER,100863,11/30/2022 8:15:23 AM,6e3a5d8b-12c4-4afd-9a2e-619eb5b72b23,Tourniquet,993,
TOOL_HOVER,100879,11/30/2022 8:15:23 AM,6e3a5d8b-12c4-4afd-9a2e-619eb5b72b23,Tourniquet,993,
TOOL_HOVER,100896,11/30/2022 8:15:23 AM,6e3a5d8b-12c4-4afd-9a2e-619eb5b72b23,Tourniquet,993,
TOOL_HOVER,100915,11/30/2022 8:15:23 AM,6e3a5d8b-12c4-4afd-9a2e-619eb5b72b23,Tourniquet,993,
TOOL_HOVER,100930,11/30/2022 8:15:23 AM,6e3a5d8b-12c4-4afd-9a2e-619eb5b72b23,Tourniquet,993,
TAG_SELECTED,101600,11/30/2022 8:15:23 AM,6e3a5d8b-12c4-4afd-9a2e-619eb5b72b23,red,
TAG_APPLIED,103069,11/30/2022 8:15:25 AM,6e3a5d8b-12c4-4afd-9a2e-619eb5b72b23,Mike_3 Root,red,
BAG_CLOSED,106545,11/30/2022 8:15:28 AM,6e3a5d8b-12c4-4afd-9a2e-619eb5b72b23,"(-0.9, 0.6, 4.7)",
TELEPORT,106545,11/30/2022 8:15:28 AM,6e3a5d8b-12c4-4afd-9a2e-619eb5b72b23,"(0.9, 0.0, 4.6)",
TELEPORT,107466,11/30/2022 8:15:29 AM,6e3a5d8b-12c4-4afd-9a2e-619eb5b72b23,"(0.9, 0.0, 4.6)",
PATIENT_ENGAGED,110805,11/30/2022 8:15:33 AM,6e3a5d8b-12c4-4afd-9a2e-619eb5b72b23,100,Infinity,Helga_0 Root,"(0.2, 0.0, 7.7)","(0.0, 0.7, 0.0, 0.7)",IMMEDIATE,waver,fast,fast,normal,upset,sittingGround,
PULSE_TAKEN,111756,11/30/2022 8:15:33 AM,6e3a5d8b-12c4-4afd-9a2e-619eb5b72b23,pulse_fast,Helga_0 Root,
TOOL_HOVER,113912,11/30/2022 8:15:36 AM,6e3a5d8b-12c4-4afd-9a2e-619eb5b72b23,Needle,998,
TOOL_HOVER,113928,11/30/2022 8:15:36 AM,6e3a5d8b-12c4-4afd-9a2e-619eb5b72b23,Needle,998,
TOOL_HOVER,113945,11/30/2022 8:15:36 AM,6e3a5d8b-12c4-4afd-9a2e-619eb5b72b23,Needle,998,
TOOL_HOVER,113961,11/30/2022 8:15:36 AM,6e3a5d8b-12c4-4afd-9a2e-619eb5b72b23,Needle,998,
TOOL_HOVER,113979,11/30/2022 8:15:36 AM,6e3a5d8b-12c4-4afd-9a2e-619eb5b72b23,Needle,998,
TOOL_HOVER,113995,11/30/2022 8:15:36 AM,6e3a5d8b-12c4-4afd-9a2e-619eb5b72b23,Needle,998,
TOOL_HOVER,114012,11/30/2022 8:15:36 AM,6e3a5d8b-12c4-4afd-9a2e-619eb5b72b23,Needle,998,
TOOL_HOVER,114029,11/30/2022 8:15:36 AM,6e3a5d8b-12c4-4afd-9a2e-619eb5b72b23,Needle,998,
TOOL_HOVER,114045,11/30/2022 8:15:36 AM,6e3a5d8b-12c4-4afd-9a2e-619eb5b72b23,Needle,998,
TOOL_HOVER,114061,11/30/2022 8:15:36 AM,6e3a5d8b-12c4-4afd-9a2e-619eb5b72b23,Needle,998,
TOOL_HOVER,114079,11/30/2022 8:15:36 AM,6e3a5d8b-12c4-4afd-9a2e-619eb5b72b23,Needle,998,
TOOL_HOVER,114097,11/30/2022 8:15:36 AM,6e3a5d8b-12c4-4afd-9a2e-619eb5b72b23,Needle,998,
BAG_ACCESS,114513,11/30/2022 8:15:36 AM,6e3a5d8b-12c4-4afd-9a2e-619eb5b72b23,"(0.4, 0.4, 7.2)",
TOOL_HOVER,114948,11/30/2022 8:15:37 AM,6e3a5d8b-12c4-4afd-9a2e-619eb5b72b23,Gauze,999,
TOOL_HOVER,114964,11/30/2022 8:15:37 AM,6e3a5d8b-12c4-4afd-9a2e-619eb5b72b23,Gauze,999,
TOOL_HOVER,114981,11/30/2022 8:15:37 AM,6e3a5d8b-12c4-4afd-9a2e-619eb5b72b23,Gauze,999,
TOOL_HOVER,114998,11/30/2022 8:15:37 AM,6e3a5d8b-12c4-4afd-9a2e-619eb5b72b23,Gauze,999,
TOOL_HOVER,115014,11/30/2022 8:15:37 AM,6e3a5d8b-12c4-4afd-9a2e-619eb5b72b23,Gauze,999,
TOOL_SELECTED,115016,11/30/2022 8:15:37 AM,6e3a5d8b-12c4-4afd-9a2e-619eb5b72b23,Gauze,998,
TOOL_DISCARDED,116854,11/30/2022 8:15:39 AM,6e3a5d8b-12c4-4afd-9a2e-619eb5b72b23,Gauze,998,"(0.8, 0.6, 7.5)",
TOOL_APPLIED,116855,11/30/2022 8:15:39 AM,6e3a5d8b-12c4-4afd-9a2e-619eb5b72b23,Helga_0 Root,Gauze_Dressing,skinCollider_BodyLOD (UnityEngine.GameObject),null,null,AppliedDressingGauze,
TOOL_HOVER,117153,11/30/2022 8:15:39 AM,6e3a5d8b-12c4-4afd-9a2e-619eb5b72b23,Tourniquet,993,
TOOL_HOVER,117170,11/30/2022 8:15:39 AM,6e3a5d8b-12c4-4afd-9a2e-619eb5b72b23,Tourniquet,993,
TOOL_HOVER,117187,11/30/2022 8:15:39 AM,6e3a5d8b-12c4-4afd-9a2e-619eb5b72b23,Tourniquet,993,
TOOL_HOVER,117203,11/30/2022 8:15:39 AM,6e3a5d8b-12c4-4afd-9a2e-619eb5b72b23,Tourniquet,993,
TOOL_HOVER,117220,11/30/2022 8:15:39 AM,6e3a5d8b-12c4-4afd-9a2e-619eb5b72b23,Tourniquet,993,
TOOL_HOVER,117237,11/30/2022 8:15:39 AM,6e3a5d8b-12c4-4afd-9a2e-619eb5b72b23,Tourniquet,993,
TOOL_SELECTED,117238,11/30/2022 8:15:39 AM,6e3a5d8b-12c4-4afd-9a2e-619eb5b72b23,Tourniquet,992,
INJURY_TREATED,118891,11/30/2022 8:15:41 AM,6e3a5d8b-12c4-4afd-9a2e-619eb5b72b23,L Thigh Puncture,Helga_0 Root,tourniquet,medium,leftLeg,True,False,"(0.1, 0.3, 7.7)",
TOOL_APPLIED,118891,11/30/2022 8:15:41 AM,6e3a5d8b-12c4-4afd-9a2e-619eb5b72b23,Helga_0 Root,Tourniquet,LeftUpLeg (UnityEngine.GameObject),tor_ring (1) (UnityEngine.GameObject),tourniquet(Clone) (UnityEngine.GameObject),AppliedTourniquet,
VOICE_CAPTURE,119892,11/30/2022 8:15:42 AM,6e3a5d8b-12c4-4afd-9a2e-619eb5b72b23,no,NA,
TAG_SELECTED,120061,11/30/2022 8:15:42 AM,6e3a5d8b-12c4-4afd-9a2e-619eb5b72b23,red,
TAG_APPLIED,121097,11/30/2022 8:15:43 AM,6e3a5d8b-12c4-4afd-9a2e-619eb5b72b23,Helga_0 Root,red,
VOICE_CAPTURE,126909,11/30/2022 8:15:49 AM,6e3a5d8b-12c4-4afd-9a2e-619eb5b72b23,let me see ma'am can you lay down for me,NA,
VOICE_COMMAND,126909,11/30/2022 8:15:49 AM,6e3a5d8b-12c4-4afd-9a2e-619eb5b72b23,reveal injury,let me see ma'am can you lay down for me,
VOICE_COMMAND,126909,11/30/2022 8:15:49 AM,6e3a5d8b-12c4-4afd-9a2e-619eb5b72b23,lay down,let me see ma'am can you lay down for me,
PULSE_TAKEN,126977,11/30/2022 8:15:49 AM,6e3a5d8b-12c4-4afd-9a2e-619eb5b72b23,pulse_fast,Helga_0 Root,
TOOL_HOVER,128648,11/30/2022 8:15:50 AM,6e3a5d8b-12c4-4afd-9a2e-619eb5b72b23,Hemostatic Gauze,999,
TOOL_HOVER,128664,11/30/2022 8:15:50 AM,6e3a5d8b-12c4-4afd-9a2e-619eb5b72b23,Hemostatic Gauze,999,
TOOL_HOVER,128681,11/30/2022 8:15:50 AM,6e3a5d8b-12c4-4afd-9a2e-619eb5b72b23,Hemostatic Gauze,999,
TOOL_HOVER,128698,11/30/2022 8:15:50 AM,6e3a5d8b-12c4-4afd-9a2e-619eb5b72b23,Hemostatic Gauze,999,
TOOL_HOVER,128715,11/30/2022 8:15:50 AM,6e3a5d8b-12c4-4afd-9a2e-619eb5b72b23,Hemostatic Gauze,999,
TOOL_HOVER,128732,11/30/2022 8:15:50 AM,6e3a5d8b-12c4-4afd-9a2e-619eb5b72b23,Hemostatic Gauze,999,
TOOL_HOVER,128748,11/30/2022 8:15:50 AM,6e3a5d8b-12c4-4afd-9a2e-619eb5b72b23,Hemostatic Gauze,999,
TOOL_HOVER,128765,11/30/2022 8:15:50 AM,6e3a5d8b-12c4-4afd-9a2e-619eb5b72b23,Hemostatic Gauze,999,
TOOL_HOVER,128782,11/30/2022 8:15:50 AM,6e3a5d8b-12c4-4afd-9a2e-619eb5b72b23,Hemostatic Gauze,999,
TOOL_HOVER,128798,11/30/2022 8:15:51 AM,6e3a5d8b-12c4-4afd-9a2e-619eb5b72b23,Hemostatic Gauze,999,
TOOL_HOVER,128815,11/30/2022 8:15:51 AM,6e3a5d8b-12c4-4afd-9a2e-619eb5b72b23,Hemostatic Gauze,999,
TOOL_HOVER,128832,11/30/2022 8:15:51 AM,6e3a5d8b-12c4-4afd-9a2e-619eb5b72b23,Hemostatic Gauze,999,
TOOL_HOVER,128849,11/30/2022 8:15:51 AM,6e3a5d8b-12c4-4afd-9a2e-619eb5b72b23,Hemostatic Gauze,999,
TOOL_HOVER,128866,11/30/2022 8:15:51 AM,6e3a5d8b-12c4-4afd-9a2e-619eb5b72b23,Hemostatic Gauze,999,
TOOL_HOVER,128882,11/30/2022 8:15:51 AM,6e3a5d8b-12c4-4afd-9a2e-619eb5b72b23,Hemostatic Gauze,999,
TOOL_HOVER,128899,11/30/2022 8:15:51 AM,6e3a5d8b-12c4-4afd-9a2e-619eb5b72b23,Hemostatic Gauze,999,
TOOL_HOVER,128916,11/30/2022 8:15:51 AM,6e3a5d8b-12c4-4afd-9a2e-619eb5b72b23,Hemostatic Gauze,999,
TOOL_HOVER,128933,11/30/2022 8:15:51 AM,6e3a5d8b-12c4-4afd-9a2e-619eb5b72b23,Hemostatic Gauze,999,
TOOL_HOVER,128950,11/30/2022 8:15:51 AM,6e3a5d8b-12c4-4afd-9a2e-619eb5b72b23,Hemostatic Gauze,999,
TOOL_HOVER,128967,11/30/2022 8:15:51 AM,6e3a5d8b-12c4-4afd-9a2e-619eb5b72b23,Hemostatic Gauze,999,
TOOL_HOVER,128983,11/30/2022 8:15:51 AM,6e3a5d8b-12c4-4afd-9a2e-619eb5b72b23,Hemostatic Gauze,999,
TOOL_HOVER,128998,11/30/2022 8:15:51 AM,6e3a5d8b-12c4-4afd-9a2e-619eb5b72b23,Hemostatic Gauze,999,
TOOL_HOVER,129015,11/30/2022 8:15:51 AM,6e3a5d8b-12c4-4afd-9a2e-619eb5b72b23,Hemostatic Gauze,999,
TOOL_HOVER,129032,11/30/2022 8:15:51 AM,6e3a5d8b-12c4-4afd-9a2e-619eb5b72b23,Hemostatic Gauze,999,
TOOL_HOVER,129348,11/30/2022 8:15:51 AM,6e3a5d8b-12c4-4afd-9a2e-619eb5b72b23,Gauze,999,
TOOL_HOVER,129366,11/30/2022 8:15:51 AM,6e3a5d8b-12c4-4afd-9a2e-619eb5b72b23,Gauze,999,
TOOL_HOVER,129383,11/30/2022 8:15:51 AM,6e3a5d8b-12c4-4afd-9a2e-619eb5b72b23,Gauze,999,
TOOL_HOVER,129400,11/30/2022 8:15:51 AM,6e3a5d8b-12c4-4afd-9a2e-619eb5b72b23,Gauze,999,
TOOL_SELECTED,129401,11/30/2022 8:15:51 AM,6e3a5d8b-12c4-4afd-9a2e-619eb5b72b23,Gauze,998,
TOOL_DISCARDED,131138,11/30/2022 8:15:53 AM,6e3a5d8b-12c4-4afd-9a2e-619eb5b72b23,Gauze,998,"(-0.1, 0.2, 7.4)",
TOOL_APPLIED,131138,11/30/2022 8:15:53 AM,6e3a5d8b-12c4-4afd-9a2e-619eb5b72b23,Helga_0 Root,Gauze_Dressing,skinCollider_BodyLOD (UnityEngine.GameObject),null,null,AppliedDressingGauze,
BAG_CLOSED,135048,11/30/2022 8:15:57 AM,6e3a5d8b-12c4-4afd-9a2e-619eb5b72b23,"(0.4, 0.4, 7.2)",
TELEPORT,135048,11/30/2022 8:15:57 AM,6e3a5d8b-12c4-4afd-9a2e-619eb5b72b23,"(2.2, 0.0, 6.8)",
TELEPORT,136484,11/30/2022 8:15:58 AM,6e3a5d8b-12c4-4afd-9a2e-619eb5b72b23,"(2.7, 0.0, 7.1)",
VOICE_CAPTURE,138220,11/30/2022 8:16:00 AM,6e3a5d8b-12c4-4afd-9a2e-619eb5b72b23,alright man more helps on the way,NA,
TELEPORT,138221,11/30/2022 8:16:00 AM,6e3a5d8b-12c4-4afd-9a2e-619eb5b72b23,"(3.6, 0.0, 7.2)",
PATIENT_ENGAGED,138237,11/30/2022 8:16:00 AM,6e3a5d8b-12c4-4afd-9a2e-619eb5b72b23,100,Infinity,Gloria_8 Root,"(2.6, 0.0, 8.1)","(0.0, 0.8, 0.0, -0.6)",MINIMAL,still,normal,normal,limited,calm,standing,
VOICE_CAPTURE,143733,11/30/2022 8:16:05 AM,6e3a5d8b-12c4-4afd-9a2e-619eb5b72b23,can you go over there with those people,NA,
VOICE_COMMAND,143733,11/30/2022 8:16:05 AM,6e3a5d8b-12c4-4afd-9a2e-619eb5b72b23,walk to the safe area,can you go over there with those people,
S_A_L_T_WALK_IF_CAN,143734,11/30/2022 8:16:05 AM,6e3a5d8b-12c4-4afd-9a2e-619eb5b72b23,"(0.2, 0.0, 7.7)",walkIfCan,Helga_0 Root,
S_A_L_T_WALK_IF_CAN,143734,11/30/2022 8:16:05 AM,6e3a5d8b-12c4-4afd-9a2e-619eb5b72b23,"(1.2, 0.0, 3.9)",walkIfCan,Lily_1 Root,
S_A_L_T_WALK_IF_CAN,143734,11/30/2022 8:16:05 AM,6e3a5d8b-12c4-4afd-9a2e-619eb5b72b23,"(0.7, 0.0, 0.6)",walkIfCan,Gloria_2 Root,
S_A_L_T_WALK_IF_CAN,143735,11/30/2022 8:16:05 AM,6e3a5d8b-12c4-4afd-9a2e-619eb5b72b23,"(-1.3, 0.0, 4.2)",walkIfCan,Mike_3 Root,
S_A_L_T_WALK_IF_CAN,143735,11/30/2022 8:16:05 AM,6e3a5d8b-12c4-4afd-9a2e-619eb5b72b23,"(4.0, 0.0, -4.3)",walkIfCan,Bob_4 Root,
S_A_L_T_WALKED,143735,11/30/2022 8:16:05 AM,6e3a5d8b-12c4-4afd-9a2e-619eb5b72b23,"(4.0, 0.0, -4.3)",walked,Bob_4 Root,
S_A_L_T_WALK_IF_CAN,143735,11/30/2022 8:16:05 AM,6e3a5d8b-12c4-4afd-9a2e-619eb5b72b23,"(4.7, 0.0, -4.8)",walkIfCan,Gary_5 Root,
S_A_L_T_WALKED,143735,11/30/2022 8:16:05 AM,6e3a5d8b-12c4-4afd-9a2e-619eb5b72b23,"(4.7, 0.0, -4.8)",walked,Gary_5 Root,
S_A_L_T_WALK_IF_CAN,143735,11/30/2022 8:16:05 AM,6e3a5d8b-12c4-4afd-9a2e-619eb5b72b23,"(2.6, 0.0, 8.1)",walkIfCan,Gloria_8 Root,
S_A_L_T_WALK_IF_CAN,143735,11/30/2022 8:16:05 AM,6e3a5d8b-12c4-4afd-9a2e-619eb5b72b23,"(3.5, 0.0, 1.1)",walkIfCan,Mike_9 Root,
S_A_L_T_WALK_IF_CAN,143735,11/30/2022 8:16:05 AM,6e3a5d8b-12c4-4afd-9a2e-619eb5b72b23,"(1.7, 0.0, -3.0)",walkIfCan,Bob_10 Root,
S_A_L_T_WALKED,143735,11/30/2022 8:16:05 AM,6e3a5d8b-12c4-4afd-9a2e-619eb5b72b23,"(1.7, 0.0, -3.0)",walked,Bob_10 Root,
PULSE_TAKEN,146173,11/30/2022 8:16:08 AM,6e3a5d8b-12c4-4afd-9a2e-619eb5b72b23,pulse_normal,Gloria_8 Root,
VOICE_CAPTURE,146941,11/30/2022 8:16:09 AM,6e3a5d8b-12c4-4afd-9a2e-619eb5b72b23,go over here with those people,NA,
BAG_ACCESS,150000,11/30/2022 8:16:12 AM,6e3a5d8b-12c4-4afd-9a2e-619eb5b72b23,"(2.2, 0.7, 7.6)",
TAG_SELECTED,150501,11/30/2022 8:16:12 AM,6e3a5d8b-12c4-4afd-9a2e-619eb5b72b23,green,
TAG_APPLIED,151720,11/30/2022 8:16:13 AM,6e3a5d8b-12c4-4afd-9a2e-619eb5b72b23,Gloria_8 Root,green,
BAG_CLOSED,155336,11/30/2022 8:16:17 AM,6e3a5d8b-12c4-4afd-9a2e-619eb5b72b23,"(2.2, 0.7, 7.6)",
TELEPORT,155336,11/30/2022 8:16:17 AM,6e3a5d8b-12c4-4afd-9a2e-619eb5b72b23,"(3.7, 0.0, 7.3)",
PULSE_TAKEN,157817,11/30/2022 8:16:20 AM,6e3a5d8b-12c4-4afd-9a2e-619eb5b72b23,pulse_normal,Bob_10 Root,
PULSE_TAKEN,158203,11/30/2022 8:16:20 AM,6e3a5d8b-12c4-4afd-9a2e-619eb5b72b23,pulse_normal,Bob_10 Root,
PATIENT_ENGAGED,158204,11/30/2022 8:16:20 AM,6e3a5d8b-12c4-4afd-9a2e-619eb5b72b23,100,Infinity,Bob_10 Root,"(1.7, 0.0, -3.0)","(0.0, 0.5, 0.0, 0.9)",MINIMAL,walker,normal,normal,normal,calm,standing,
TELEPORT,161359,11/30/2022 8:16:23 AM,6e3a5d8b-12c4-4afd-9a2e-619eb5b72b23,"(3.7, 0.0, -2.2)",
TELEPORT,163331,11/30/2022 8:16:25 AM,6e3a5d8b-12c4-4afd-9a2e-619eb5b72b23,"(3.6, 0.0, -2.4)",
VOICE_CAPTURE,165320,11/30/2022 8:16:27 AM,6e3a5d8b-12c4-4afd-9a2e-619eb5b72b23,sir you got any pain anywhere,NA,
TELEPORT,166406,11/30/2022 8:16:28 AM,6e3a5d8b-12c4-4afd-9a2e-619eb5b72b23,"(4.4, 0.0, -3.3)",
PATIENT_ENGAGED,168678,11/30/2022 8:16:30 AM,6e3a5d8b-12c4-4afd-9a2e-619eb5b72b23,100,Infinity,Bob_4 Root,"(4.2, 0.0, -4.5)","(0.0, 0.3, 0.0, -0.9)",MINIMAL,walker,normal,normal,normal,upset,sittingGround,
PULSE_TAKEN,172355,11/30/2022 8:16:34 AM,6e3a5d8b-12c4-4afd-9a2e-619eb5b72b23,pulse_normal,Bob_4 Root,
BAG_ACCESS,173707,11/30/2022 8:16:35 AM,6e3a5d8b-12c4-4afd-9a2e-619eb5b72b23,"(4.3, 0.4, -4.1)",
VOICE_CAPTURE,174258,11/30/2022 8:16:36 AM,6e3a5d8b-12c4-4afd-9a2e-619eb5b72b23,sir can you lay down for me,NA,
VOICE_COMMAND,174258,11/30/2022 8:16:36 AM,6e3a5d8b-12c4-4afd-9a2e-619eb5b72b23,lay down,sir can you lay down for me,
TOOL_HOVER,174660,11/30/2022 8:16:36 AM,6e3a5d8b-12c4-4afd-9a2e-619eb5b72b23,Hemostatic Gauze,999,
TOOL_HOVER,174676,11/30/2022 8:16:36 AM,6e3a5d8b-12c4-4afd-9a2e-619eb5b72b23,Hemostatic Gauze,999,
TOOL_HOVER,174693,11/30/2022 8:16:36 AM,6e3a5d8b-12c4-4afd-9a2e-619eb5b72b23,Hemostatic Gauze,999,
TOOL_HOVER,174710,11/30/2022 8:16:36 AM,6e3a5d8b-12c4-4afd-9a2e-619eb5b72b23,Hemostatic Gauze,999,
TOOL_HOVER,174726,11/30/2022 8:16:36 AM,6e3a5d8b-12c4-4afd-9a2e-619eb5b72b23,Hemostatic Gauze,999,
TOOL_HOVER,174742,11/30/2022 8:16:36 AM,6e3a5d8b-12c4-4afd-9a2e-619eb5b72b23,Hemostatic Gauze,999,
TOOL_HOVER,174760,11/30/2022 8:16:36 AM,6e3a5d8b-12c4-4afd-9a2e-619eb5b72b23,Hemostatic Gauze,999,
TOOL_HOVER,174776,11/30/2022 8:16:36 AM,6e3a5d8b-12c4-4afd-9a2e-619eb5b72b23,Hemostatic Gauze,999,
TOOL_HOVER,174792,11/30/2022 8:16:36 AM,6e3a5d8b-12c4-4afd-9a2e-619eb5b72b23,Hemostatic Gauze,999,
TOOL_HOVER,174809,11/30/2022 8:16:37 AM,6e3a5d8b-12c4-4afd-9a2e-619eb5b72b23,Hemostatic Gauze,999,
TOOL_HOVER,174826,11/30/2022 8:16:37 AM,6e3a5d8b-12c4-4afd-9a2e-619eb5b72b23,Hemostatic Gauze,999,
TOOL_HOVER,174842,11/30/2022 8:16:37 AM,6e3a5d8b-12c4-4afd-9a2e-619eb5b72b23,Hemostatic Gauze,999,
TOOL_HOVER,174859,11/30/2022 8:16:37 AM,6e3a5d8b-12c4-4afd-9a2e-619eb5b72b23,Hemostatic Gauze,999,
TOOL_HOVER,174876,11/30/2022 8:16:37 AM,6e3a5d8b-12c4-4afd-9a2e-619eb5b72b23,Hemostatic Gauze,999,
TOOL_HOVER,174893,11/30/2022 8:16:37 AM,6e3a5d8b-12c4-4afd-9a2e-619eb5b72b23,Hemostatic Gauze,999,
TOOL_HOVER,174910,11/30/2022 8:16:37 AM,6e3a5d8b-12c4-4afd-9a2e-619eb5b72b23,Hemostatic Gauze,999,
TOOL_HOVER,174926,11/30/2022 8:16:37 AM,6e3a5d8b-12c4-4afd-9a2e-619eb5b72b23,Hemostatic Gauze,999,
PATIENT_ENGAGED,175244,11/30/2022 8:16:37 AM,6e3a5d8b-12c4-4afd-9a2e-619eb5b72b23,100,0,Gary_5 Root,"(4.9, 0.0, -5.0)","(0.0, 0.6, 0.0, -0.8)",MINIMAL,walker,normal,restricted,normal,upset,sittingGround,
PATIENT_ENGAGED,176696,11/30/2022 8:16:38 AM,6e3a5d8b-12c4-4afd-9a2e-619eb5b72b23,100,Infinity,Bob_4 Root,"(4.2, 0.0, -4.5)","(0.0, 0.3, 0.0, -0.9)",MINIMAL,walker,normal,normal,normal,upset,supine,
VOICE_CAPTURE,180640,11/30/2022 8:16:42 AM,6e3a5d8b-12c4-4afd-9a2e-619eb5b72b23,no hidden entry,NA,
TAG_SELECTED,181694,11/30/2022 8:16:43 AM,6e3a5d8b-12c4-4afd-9a2e-619eb5b72b23,yellow,
PATIENT_ENGAGED,182294,11/30/2022 8:16:44 AM,6e3a5d8b-12c4-4afd-9a2e-619eb5b72b23,100,0,Gary_5 Root,"(4.9, 0.0, -5.0)","(0.0, 0.6, 0.0, -0.8)",MINIMAL,walker,normal,restricted,normal,upset,sittingGround,
PATIENT_ENGAGED,182377,11/30/2022 8:16:44 AM,6e3a5d8b-12c4-4afd-9a2e-619eb5b72b23,100,Infinity,Bob_4 Root,"(4.2, 0.0, -4.5)","(0.0, 0.3, 0.0, -0.9)",MINIMAL,walker,normal,normal,normal,upset,supine,
TAG_APPLIED,182695,11/30/2022 8:16:44 AM,6e3a5d8b-12c4-4afd-9a2e-619eb5b72b23,Bob_4 Root,yellow,
PATIENT_ENGAGED,183096,11/30/2022 8:16:45 AM,6e3a5d8b-12c4-4afd-9a2e-619eb5b72b23,100,0,Gary_5 Root,"(4.9, 0.0, -5.0)","(0.0, 0.6, 0.0, -0.8)",MINIMAL,walker,normal,restricted,normal,upset,sittingGround,
PATIENT_ENGAGED,183197,11/30/2022 8:16:45 AM,6e3a5d8b-12c4-4afd-9a2e-619eb5b72b23,100,Infinity,Bob_4 Root,"(4.2, 0.0, -4.5)","(0.0, 0.3, 0.0, -0.9)",MINIMAL,walker,normal,normal,normal,upset,supine,
PATIENT_ENGAGED,183263,11/30/2022 8:16:45 AM,6e3a5d8b-12c4-4afd-9a2e-619eb5b72b23,100,0,Gary_5 Root,"(4.9, 0.0, -5.0)","(0.0, 0.6, 0.0, -0.8)",MINIMAL,walker,normal,restricted,normal,upset,sittingGround,
PATIENT_ENGAGED,183414,11/30/2022 8:16:45 AM,6e3a5d8b-12c4-4afd-9a2e-619eb5b72b23,100,Infinity,Bob_4 Root,"(4.2, 0.0, -4.5)","(0.0, 0.3, 0.0, -0.9)",MINIMAL,walker,normal,normal,normal,upset,supine,
TOOL_HOVER,185151,11/30/2022 8:16:47 AM,6e3a5d8b-12c4-4afd-9a2e-619eb5b72b23,Hemostatic Gauze,999,
TOOL_HOVER,185168,11/30/2022 8:16:47 AM,6e3a5d8b-12c4-4afd-9a2e-619eb5b72b23,Hemostatic Gauze,999,
TOOL_HOVER,185184,11/30/2022 8:16:47 AM,6e3a5d8b-12c4-4afd-9a2e-619eb5b72b23,Hemostatic Gauze,999,
TOOL_HOVER,185201,11/30/2022 8:16:47 AM,6e3a5d8b-12c4-4afd-9a2e-619eb5b72b23,Hemostatic Gauze,999,
TOOL_HOVER,185217,11/30/2022 8:16:47 AM,6e3a5d8b-12c4-4afd-9a2e-619eb5b72b23,Hemostatic Gauze,999,
TOOL_HOVER,185234,11/30/2022 8:16:47 AM,6e3a5d8b-12c4-4afd-9a2e-619eb5b72b23,Hemostatic Gauze,999,
TOOL_HOVER,185250,11/30/2022 8:16:47 AM,6e3a5d8b-12c4-4afd-9a2e-619eb5b72b23,Hemostatic Gauze,999,
TOOL_HOVER,185267,11/30/2022 8:16:47 AM,6e3a5d8b-12c4-4afd-9a2e-619eb5b72b23,Hemostatic Gauze,999,
TOOL_SELECTED,185268,11/30/2022 8:16:47 AM,6e3a5d8b-12c4-4afd-9a2e-619eb5b72b23,Hemostatic Gauze,998,
TOOL_DISCARDED,186087,11/30/2022 8:16:48 AM,6e3a5d8b-12c4-4afd-9a2e-619eb5b72b23,Hemostatic Gauze,998,"(4.4, 0.4, -4.5)",
TOOL_DISCARDED,186087,11/30/2022 8:16:48 AM,6e3a5d8b-12c4-4afd-9a2e-619eb5b72b23,Hemostatic Gauze,999,"(4.4, 0.4, -4.5)",
TOOL_HOVER,186154,11/30/2022 8:16:48 AM,6e3a5d8b-12c4-4afd-9a2e-619eb5b72b23,Hemostatic Gauze,1000,
TOOL_HOVER,186169,11/30/2022 8:16:48 AM,6e3a5d8b-12c4-4afd-9a2e-619eb5b72b23,Hemostatic Gauze,1000,
TOOL_HOVER,186188,11/30/2022 8:16:48 AM,6e3a5d8b-12c4-4afd-9a2e-619eb5b72b23,Hemostatic Gauze,1000,
TOOL_HOVER,186203,11/30/2022 8:16:48 AM,6e3a5d8b-12c4-4afd-9a2e-619eb5b72b23,Hemostatic Gauze,1000,
TOOL_HOVER,186219,11/30/2022 8:16:48 AM,6e3a5d8b-12c4-4afd-9a2e-619eb5b72b23,Hemostatic Gauze,1000,
TOOL_HOVER,186236,11/30/2022 8:16:48 AM,6e3a5d8b-12c4-4afd-9a2e-619eb5b72b23,Hemostatic Gauze,1000,
TOOL_HOVER,186454,11/30/2022 8:16:48 AM,6e3a5d8b-12c4-4afd-9a2e-619eb5b72b23,Tourniquet,992,
TOOL_HOVER,186472,11/30/2022 8:16:48 AM,6e3a5d8b-12c4-4afd-9a2e-619eb5b72b23,Tourniquet,992,
TOOL_HOVER,186488,11/30/2022 8:16:48 AM,6e3a5d8b-12c4-4afd-9a2e-619eb5b72b23,Tourniquet,992,
TOOL_SELECTED,186489,11/30/2022 8:16:48 AM,6e3a5d8b-12c4-4afd-9a2e-619eb5b72b23,Tourniquet,991,
TOOL_DISCARDED,186522,11/30/2022 8:16:48 AM,6e3a5d8b-12c4-4afd-9a2e-619eb5b72b23,Tourniquet,991,"(4.4, 0.3, -4.1)",
TOOL_HOVER,186555,11/30/2022 8:16:48 AM,6e3a5d8b-12c4-4afd-9a2e-619eb5b72b23,Tourniquet,992,
TOOL_HOVER,186572,11/30/2022 8:16:48 AM,6e3a5d8b-12c4-4afd-9a2e-619eb5b72b23,Tourniquet,992,
TOOL_HOVER,186588,11/30/2022 8:16:48 AM,6e3a5d8b-12c4-4afd-9a2e-619eb5b72b23,Tourniquet,992,
TOOL_HOVER,186606,11/30/2022 8:16:48 AM,6e3a5d8b-12c4-4afd-9a2e-619eb5b72b23,Tourniquet,992,
TOOL_HOVER,186621,11/30/2022 8:16:48 AM,6e3a5d8b-12c4-4afd-9a2e-619eb5b72b23,Tourniquet,992,
TOOL_HOVER,186638,11/30/2022 8:16:48 AM,6e3a5d8b-12c4-4afd-9a2e-619eb5b72b23,Tourniquet,992,
TOOL_HOVER,187256,11/30/2022 8:16:49 AM,6e3a5d8b-12c4-4afd-9a2e-619eb5b72b23,Gauze,999,
TOOL_SELECTED,187257,11/30/2022 8:16:49 AM,6e3a5d8b-12c4-4afd-9a2e-619eb5b72b23,Gauze,998,
TOOL_DISCARDED,188210,11/30/2022 8:16:50 AM,6e3a5d8b-12c4-4afd-9a2e-619eb5b72b23,Gauze,998,"(4.8, 0.3, -4.6)",
INJURY_TREATED,188211,11/30/2022 8:16:50 AM,6e3a5d8b-12c4-4afd-9a2e-619eb5b72b23,R Palm Laceration,Bob_4 Root,gauzePressure,low,rightArm,True,False,"(4.8, 0.4, -4.6)",
TOOL_APPLIED,188211,11/30/2022 8:16:50 AM,6e3a5d8b-12c4-4afd-9a2e-619eb5b72b23,Bob_4 Root,Gauze_Dressing,skinCollider_BodyNudeLOD (UnityEngine.GameObject),null,null,AppliedDressingGauze,
TOOL_HOVER,188760,11/30/2022 8:16:50 AM,6e3a5d8b-12c4-4afd-9a2e-619eb5b72b23,Hemostatic Gauze,1000,
TOOL_HOVER,188776,11/30/2022 8:16:50 AM,6e3a5d8b-12c4-4afd-9a2e-619eb5b72b23,Hemostatic Gauze,1000,
TOOL_HOVER,188792,11/30/2022 8:16:50 AM,6e3a5d8b-12c4-4afd-9a2e-619eb5b72b23,Hemostatic Gauze,1000,
TOOL_HOVER,188810,11/30/2022 8:16:51 AM,6e3a5d8b-12c4-4afd-9a2e-619eb5b72b23,Hemostatic Gauze,1000,
TOOL_HOVER,188827,11/30/2022 8:16:51 AM,6e3a5d8b-12c4-4afd-9a2e-619eb5b72b23,Hemostatic Gauze,1000,
TOOL_HOVER,188843,11/30/2022 8:16:51 AM,6e3a5d8b-12c4-4afd-9a2e-619eb5b72b23,Hemostatic Gauze,1000,
TOOL_HOVER,188858,11/30/2022 8:16:51 AM,6e3a5d8b-12c4-4afd-9a2e-619eb5b72b23,Hemostatic Gauze,1000,
TOOL_HOVER,188876,11/30/2022 8:16:51 AM,6e3a5d8b-12c4-4afd-9a2e-619eb5b72b23,Hemostatic Gauze,1000,
TOOL_HOVER,188893,11/30/2022 8:16:51 AM,6e3a5d8b-12c4-4afd-9a2e-619eb5b72b23,Hemostatic Gauze,1000,
TOOL_HOVER,188910,11/30/2022 8:16:51 AM,6e3a5d8b-12c4-4afd-9a2e-619eb5b72b23,Hemostatic Gauze,1000,
TOOL_HOVER,188927,11/30/2022 8:16:51 AM,6e3a5d8b-12c4-4afd-9a2e-619eb5b72b23,Hemostatic Gauze,1000,
TOOL_HOVER,188943,11/30/2022 8:16:51 AM,6e3a5d8b-12c4-4afd-9a2e-619eb5b72b23,Hemostatic Gauze,1000,
TOOL_HOVER,188961,11/30/2022 8:16:51 AM,6e3a5d8b-12c4-4afd-9a2e-619eb5b72b23,Hemostatic Gauze,1000,
TOOL_HOVER,188977,11/30/2022 8:16:51 AM,6e3a5d8b-12c4-4afd-9a2e-619eb5b72b23,Hemostatic Gauze,1000,
TOOL_HOVER,188994,11/30/2022 8:16:51 AM,6e3a5d8b-12c4-4afd-9a2e-619eb5b72b23,Hemostatic Gauze,1000,
TOOL_HOVER,189010,11/30/2022 8:16:51 AM,6e3a5d8b-12c4-4afd-9a2e-619eb5b72b23,Hemostatic Gauze,1000,
TOOL_HOVER,189027,11/30/2022 8:16:51 AM,6e3a5d8b-12c4-4afd-9a2e-619eb5b72b23,Hemostatic Gauze,1000,
PATIENT_ENGAGED,189195,11/30/2022 8:16:51 AM,6e3a5d8b-12c4-4afd-9a2e-619eb5b72b23,100,0,Gary_5 Root,"(4.9, 0.0, -5.0)","(0.0, 0.6, 0.0, -0.8)",MINIMAL,walker,normal,restricted,normal,upset,sittingGround,
BAG_CLOSED,189879,11/30/2022 8:16:52 AM,6e3a5d8b-12c4-4afd-9a2e-619eb5b72b23,"(4.3, 0.4, -4.1)",
TELEPORT,189879,11/30/2022 8:16:52 AM,6e3a5d8b-12c4-4afd-9a2e-619eb5b72b23,"(5.7, 0.0, -4.1)",
TELEPORT,191215,11/30/2022 8:16:53 AM,6e3a5d8b-12c4-4afd-9a2e-619eb5b72b23,"(6.1, 0.0, -4.2)",
PULSE_TAKEN,193755,11/30/2022 8:16:55 AM,6e3a5d8b-12c4-4afd-9a2e-619eb5b72b23,pulse_normal,Gary_5 Root,
PULSE_TAKEN,194557,11/30/2022 8:16:56 AM,6e3a5d8b-12c4-4afd-9a2e-619eb5b72b23,pulse_normal,Gary_5 Root,
PATIENT_ENGAGED,195113,11/30/2022 8:16:57 AM,6e3a5d8b-12c4-4afd-9a2e-619eb5b72b23,100,Infinity,Bob_4 Root,"(4.2, 0.0, -4.5)","(0.0, 0.3, 0.0, -0.9)",MINIMAL,walker,normal,normal,normal,upset,supine,
VOICE_CAPTURE,195693,11/30/2022 8:16:57 AM,6e3a5d8b-12c4-4afd-9a2e-619eb5b72b23,sir do you have any injuries,NA,
VOICE_COMMAND,195693,11/30/2022 8:16:57 AM,6e3a5d8b-12c4-4afd-9a2e-619eb5b72b23,are you hurt,sir do you have any injuries,
PATIENT_ENGAGED,195827,11/30/2022 8:16:58 AM,6e3a5d8b-12c4-4afd-9a2e-619eb5b72b23,100,0,Gary_5 Root,"(4.9, 0.0, -5.0)","(0.0, 0.6, 0.0, -0.8)",MINIMAL,walker,normal,restricted,normal,upset,sittingGround,
BAG_ACCESS,196496,11/30/2022 8:16:58 AM,6e3a5d8b-12c4-4afd-9a2e-619eb5b72b23,"(4.9, 0.5, -4.1)",
PATIENT_ENGAGED,197631,11/30/2022 8:16:59 AM,6e3a5d8b-12c4-4afd-9a2e-619eb5b72b23,100,Infinity,Bob_4 Root,"(4.2, 0.0, -4.5)","(0.0, 0.3, 0.0, -0.9)",MINIMAL,walker,normal,normal,normal,upset,supine,
TAG_SELECTED,198601,11/30/2022 8:17:00 AM,6e3a5d8b-12c4-4afd-9a2e-619eb5b72b23,green,
PATIENT_ENGAGED,198751,11/30/2022 8:17:00 AM,6e3a5d8b-12c4-4afd-9a2e-619eb5b72b23,100,0,Gary_5 Root,"(4.9, 0.0, -5.0)","(0.0, 0.6, 0.0, -0.8)",MINIMAL,walker,normal,restricted,normal,upset,sittingGround,
TAG_APPLIED,199470,11/30/2022 8:17:01 AM,6e3a5d8b-12c4-4afd-9a2e-619eb5b72b23,Gary_5 Root,green,
VOICE_CAPTURE,200255,11/30/2022 8:17:02 AM,6e3a5d8b-12c4-4afd-9a2e-619eb5b72b23,can't see,NA,
PATIENT_ENGAGED,200755,11/30/2022 8:17:02 AM,6e3a5d8b-12c4-4afd-9a2e-619eb5b72b23,100,Infinity,Bob_4 Root,"(4.2, 0.0, -4.5)","(0.0, 0.3, 0.0, -0.9)",MINIMAL,walker,normal,normal,normal,upset,supine,
BAG_CLOSED,201812,11/30/2022 8:17:04 AM,6e3a5d8b-12c4-4afd-9a2e-619eb5b72b23,"(4.9, 0.5, -4.1)",
VOICE_CAPTURE,202093,11/30/2022 8:17:04 AM,6e3a5d8b-12c4-4afd-9a2e-619eb5b72b23,green,NA,
VOICE_CAPTURE,206321,11/30/2022 8:17:08 AM,6e3a5d8b-12c4-4afd-9a2e-619eb5b72b23,to see,NA,
TELEPORT,206854,11/30/2022 8:17:09 AM,6e3a5d8b-12c4-4afd-9a2e-619eb5b72b23,"(6.4, 0.0, -4.3)",
VOICE_CAPTURE,208640,11/30/2022 8:17:10 AM,6e3a5d8b-12c4-4afd-9a2e-619eb5b72b23,black,NA,
VOICE_CAPTURE,215657,11/30/2022 8:17:17 AM,6e3a5d8b-12c4-4afd-9a2e-619eb5b72b23,stop reading that don't,NA,
TELEPORT,217280,11/30/2022 8:17:19 AM,6e3a5d8b-12c4-4afd-9a2e-619eb5b72b23,"(2.9, 0.0, 0.6)",
VOICE_CAPTURE,217830,11/30/2022 8:17:20 AM,6e3a5d8b-12c4-4afd-9a2e-619eb5b72b23,no one answered i missed,NA,
VOICE_CAPTURE,220649,11/30/2022 8:17:22 AM,6e3a5d8b-12c4-4afd-9a2e-619eb5b72b23,finish tagging,NA,
VOICE_CAPTURE,222608,11/30/2022 8:17:24 AM,6e3a5d8b-12c4-4afd-9a2e-619eb5b72b23,reassess people today,NA,
VOICE_CAPTURE,224883,11/30/2022 8:17:27 AM,6e3a5d8b-12c4-4afd-9a2e-619eb5b72b23,OK,NA,
VOICE_CAPTURE,226398,11/30/2022 8:17:28 AM,6e3a5d8b-12c4-4afd-9a2e-619eb5b72b23,so,NA,
TELEPORT,230635,11/30/2022 8:17:32 AM,6e3a5d8b-12c4-4afd-9a2e-619eb5b72b23,"(3.2, 0.0, -2.0)",
VOICE_CAPTURE,231271,11/30/2022 8:17:33 AM,6e3a5d8b-12c4-4afd-9a2e-619eb5b72b23,play,NA,
PATIENT_ENGAGED,232106,11/30/2022 8:17:34 AM,6e3a5d8b-12c4-4afd-9a2e-619eb5b72b23,100,Infinity,Mike_9 Root,"(3.5, 0.0, 1.1)","(0.0, 1.0, 0.0, 0.0)",DELAYED,waver,normal,normal,normal,upset,sittingGround,
VOICE_CAPTURE,236431,11/30/2022 8:17:38 AM,6e3a5d8b-12c4-4afd-9a2e-619eb5b72b23,tourniquet,NA,
VOICE_CAPTURE,238363,11/30/2022 8:17:40 AM,6e3a5d8b-12c4-4afd-9a2e-619eb5b72b23,no,NA,
VOICE_CAPTURE,240501,11/30/2022 8:17:42 AM,6e3a5d8b-12c4-4afd-9a2e-619eb5b72b23,i think we're,NA,
VOICE_CAPTURE,242326,11/30/2022 8:17:44 AM,6e3a5d8b-12c4-4afd-9a2e-619eb5b72b23,stop,NA,
SESSION_END,242548,11/30/2022 8:17:44 AM,6e3a5d8b-12c4-4afd-9a2e-619eb5b72b23,
