TELEPORT,3363,12/6/2022 1:21:38 PM,76542d1c-e74d-4f7b-8737-39d1953d38e6,"(1.9, 0.0, 1.2)",
TELEPORT,4695,12/6/2022 1:21:39 PM,76542d1c-e74d-4f7b-8737-39d1953d38e6,"(2.1, 0.0, 0.6)",
PATIENT_ENGAGED,5096,12/6/2022 1:21:40 PM,76542d1c-e74d-4f7b-8737-39d1953d38e6,100,128,Mike Root,"(3.2, 0.0, -1.0)","(0.0, 0.3, 0.0, -0.9)",MINIMAL,walker,normal,normal,normal,calm,standing,
TELEPORT,5395,12/6/2022 1:21:40 PM,76542d1c-e74d-4f7b-8737-39d1953d38e6,"(2.2, 0.0, 0.4)",
TELEPORT,6295,12/6/2022 1:21:41 PM,76542d1c-e74d-4f7b-8737-39d1953d38e6,"(2.3, 0.0, 0.2)",
TELEPORT,12309,12/6/2022 1:21:47 PM,76542d1c-e74d-4f7b-8737-39d1953d38e6,"(2.3, 0.0, 0.2)",
PULSE_TAKEN,13510,12/6/2022 1:21:48 PM,76542d1c-e74d-4f7b-8737-39d1953d38e6,pulse_normal,Mike Root,
VOICE_CAPTURE,14893,12/6/2022 1:21:50 PM,76542d1c-e74d-4f7b-8737-39d1953d38e6,use that left stick to walk up to him slowly if that gets you walking then once you're two of you can visit your walk around him or like you can you wanna look and see what's behind you 360 degree,NA,
VOICE_COMMAND,14893,12/6/2022 1:21:50 PM,76542d1c-e74d-4f7b-8737-39d1953d38e6,walk to the safe area,use that left stick to walk up to him slowly if that gets you walking then once you're two of you can visit your walk around him or like you can you wanna look and see what's behind you 360 degree,
VOICE_COMMAND,14893,12/6/2022 1:21:50 PM,76542d1c-e74d-4f7b-8737-39d1953d38e6,sit up/down,use that left stick to walk up to him slowly if that gets you walking then once you're two of you can visit your walk around him or like you can you wanna look and see what's behind you 360 degree,
VOICE_CAPTURE,21491,12/6/2022 1:21:56 PM,76542d1c-e74d-4f7b-8737-39d1953d38e6,for some reason he sat down stand up please,NA,
VOICE_COMMAND,21491,12/6/2022 1:21:56 PM,76542d1c-e74d-4f7b-8737-39d1953d38e6,stand up,for some reason he sat down stand up please,
PULSE_TAKEN,26090,12/6/2022 1:22:01 PM,76542d1c-e74d-4f7b-8737-39d1953d38e6,pulse_normal,Mike Root,
VOICE_CAPTURE,27223,12/6/2022 1:22:02 PM,76542d1c-e74d-4f7b-8737-39d1953d38e6,so simple commands,NA,
PULSE_TAKEN,28972,12/6/2022 1:22:04 PM,76542d1c-e74d-4f7b-8737-39d1953d38e6,pulse_normal,Mike Root,
PULSE_TAKEN,30190,12/6/2022 1:22:05 PM,76542d1c-e74d-4f7b-8737-39d1953d38e6,pulse_normal,Mike Root,
PULSE_TAKEN,30322,12/6/2022 1:22:05 PM,76542d1c-e74d-4f7b-8737-39d1953d38e6,pulse_normal,Mike Root,
PULSE_TAKEN,30372,12/6/2022 1:22:05 PM,76542d1c-e74d-4f7b-8737-39d1953d38e6,pulse_normal,Mike Root,
PULSE_TAKEN,30487,12/6/2022 1:22:05 PM,76542d1c-e74d-4f7b-8737-39d1953d38e6,pulse_normal,Mike Root,
PULSE_TAKEN,30588,12/6/2022 1:22:05 PM,76542d1c-e74d-4f7b-8737-39d1953d38e6,pulse_normal,Mike Root,
PULSE_TAKEN,30655,12/6/2022 1:22:05 PM,76542d1c-e74d-4f7b-8737-39d1953d38e6,pulse_normal,Mike Root,
PULSE_TAKEN,30705,12/6/2022 1:22:05 PM,76542d1c-e74d-4f7b-8737-39d1953d38e6,pulse_normal,Mike Root,
PULSE_TAKEN,30755,12/6/2022 1:22:05 PM,76542d1c-e74d-4f7b-8737-39d1953d38e6,pulse_normal,Mike Root,
PULSE_TAKEN,30805,12/6/2022 1:22:06 PM,76542d1c-e74d-4f7b-8737-39d1953d38e6,pulse_normal,Mike Root,
VOICE_CAPTURE,43751,12/6/2022 1:22:18 PM,76542d1c-e74d-4f7b-8737-39d1953d38e6,go ahead and open up,NA,
VOICE_CAPTURE,46717,12/6/2022 1:22:21 PM,76542d1c-e74d-4f7b-8737-39d1953d38e6,yellow,NA,
VOICE_CAPTURE,51833,12/6/2022 1:22:27 PM,76542d1c-e74d-4f7b-8737-39d1953d38e6,when you reach for that,NA,
BAG_ACCESS,51834,12/6/2022 1:22:27 PM,76542d1c-e74d-4f7b-8737-39d1953d38e6,"(2.4, 0.7, -0.6)",
TOOL_HOVER,53950,12/6/2022 1:22:29 PM,76542d1c-e74d-4f7b-8737-39d1953d38e6,Needle,999,
TOOL_HOVER,53968,12/6/2022 1:22:29 PM,76542d1c-e74d-4f7b-8737-39d1953d38e6,Needle,999,
TOOL_HOVER,53984,12/6/2022 1:22:29 PM,76542d1c-e74d-4f7b-8737-39d1953d38e6,Needle,999,
TOOL_HOVER,54000,12/6/2022 1:22:29 PM,76542d1c-e74d-4f7b-8737-39d1953d38e6,Needle,999,
TOOL_HOVER,54017,12/6/2022 1:22:29 PM,76542d1c-e74d-4f7b-8737-39d1953d38e6,Needle,999,
TOOL_HOVER,54033,12/6/2022 1:22:29 PM,76542d1c-e74d-4f7b-8737-39d1953d38e6,Needle,999,
TOOL_HOVER,54050,12/6/2022 1:22:29 PM,76542d1c-e74d-4f7b-8737-39d1953d38e6,Needle,999,
TOOL_HOVER,54067,12/6/2022 1:22:29 PM,76542d1c-e74d-4f7b-8737-39d1953d38e6,Needle,999,
TOOL_HOVER,54083,12/6/2022 1:22:29 PM,76542d1c-e74d-4f7b-8737-39d1953d38e6,Needle,999,
TOOL_HOVER,54099,12/6/2022 1:22:29 PM,76542d1c-e74d-4f7b-8737-39d1953d38e6,Needle,999,
TOOL_HOVER,54116,12/6/2022 1:22:29 PM,76542d1c-e74d-4f7b-8737-39d1953d38e6,Needle,999,
TOOL_HOVER,54132,12/6/2022 1:22:29 PM,76542d1c-e74d-4f7b-8737-39d1953d38e6,Needle,999,
TOOL_HOVER,54151,12/6/2022 1:22:29 PM,76542d1c-e74d-4f7b-8737-39d1953d38e6,Needle,999,
TOOL_HOVER,54166,12/6/2022 1:22:29 PM,76542d1c-e74d-4f7b-8737-39d1953d38e6,Needle,999,
TOOL_HOVER,54183,12/6/2022 1:22:29 PM,76542d1c-e74d-4f7b-8737-39d1953d38e6,Needle,999,
TOOL_HOVER,54199,12/6/2022 1:22:29 PM,76542d1c-e74d-4f7b-8737-39d1953d38e6,Needle,999,
TOOL_HOVER,54217,12/6/2022 1:22:29 PM,76542d1c-e74d-4f7b-8737-39d1953d38e6,Needle,999,
TOOL_HOVER,54233,12/6/2022 1:22:29 PM,76542d1c-e74d-4f7b-8737-39d1953d38e6,Needle,999,
TOOL_HOVER,54250,12/6/2022 1:22:29 PM,76542d1c-e74d-4f7b-8737-39d1953d38e6,Needle,999,
TOOL_SELECTED,54252,12/6/2022 1:22:29 PM,76542d1c-e74d-4f7b-8737-39d1953d38e6,Needle,998,
VOICE_CAPTURE,55666,12/6/2022 1:22:30 PM,76542d1c-e74d-4f7b-8737-39d1953d38e6,and then you can place that wherever you want,NA,
TOOL_DISCARDED,57084,12/6/2022 1:22:32 PM,76542d1c-e74d-4f7b-8737-39d1953d38e6,Needle,998,"(3.1, 1.3, -0.9)",
VOICE_CAPTURE,58415,12/6/2022 1:22:33 PM,76542d1c-e74d-4f7b-8737-39d1953d38e6,get her needle decompression,NA,
TOOL_HOVER,58950,12/6/2022 1:22:34 PM,76542d1c-e74d-4f7b-8737-39d1953d38e6,Needle,999,
TOOL_HOVER,58966,12/6/2022 1:22:34 PM,76542d1c-e74d-4f7b-8737-39d1953d38e6,Needle,999,
TOOL_HOVER,58982,12/6/2022 1:22:34 PM,76542d1c-e74d-4f7b-8737-39d1953d38e6,Needle,999,
TOOL_HOVER,59000,12/6/2022 1:22:34 PM,76542d1c-e74d-4f7b-8737-39d1953d38e6,Needle,999,
TOOL_HOVER,59016,12/6/2022 1:22:34 PM,76542d1c-e74d-4f7b-8737-39d1953d38e6,Needle,999,
TOOL_HOVER,59032,12/6/2022 1:22:34 PM,76542d1c-e74d-4f7b-8737-39d1953d38e6,Needle,999,
TOOL_HOVER,59050,12/6/2022 1:22:34 PM,76542d1c-e74d-4f7b-8737-39d1953d38e6,Needle,999,
TOOL_HOVER,59065,12/6/2022 1:22:34 PM,76542d1c-e74d-4f7b-8737-39d1953d38e6,Needle,999,
TOOL_SELECTED,59066,12/6/2022 1:22:34 PM,76542d1c-e74d-4f7b-8737-39d1953d38e6,Needle,998,
TOOL_APPLIED,61284,12/6/2022 1:22:36 PM,76542d1c-e74d-4f7b-8737-39d1953d38e6,Needle_Decomp(Clone),Needle,LChest_Breathe1 (UnityEngine.GameObject),cath_needle (UnityEngine.GameObject),left_chest,Needle_Decomp(Clone) (UnityEngine.GameObject),AppliedDecompNeedle,
TOOL_HOVER,63547,12/6/2022 1:22:38 PM,76542d1c-e74d-4f7b-8737-39d1953d38e6,Gauze,999,
TOOL_SELECTED,63548,12/6/2022 1:22:38 PM,76542d1c-e74d-4f7b-8737-39d1953d38e6,Gauze,998,
TOOL_DISCARDED,66164,12/6/2022 1:22:41 PM,76542d1c-e74d-4f7b-8737-39d1953d38e6,Gauze,998,"(3.2, 1.1, -1.1)",
TOOL_APPLIED,66165,12/6/2022 1:22:41 PM,76542d1c-e74d-4f7b-8737-39d1953d38e6,Mike Root,Gauze_Dressing,skinCollider_BodyCollideLOD (UnityEngine.GameObject),null,null,AppliedDressingGauze,
TOOL_HOVER,68246,12/6/2022 1:22:43 PM,76542d1c-e74d-4f7b-8737-39d1953d38e6,Gauze,999,
TOOL_HOVER,68263,12/6/2022 1:22:43 PM,76542d1c-e74d-4f7b-8737-39d1953d38e6,Gauze,999,
TOOL_HOVER,68280,12/6/2022 1:22:43 PM,76542d1c-e74d-4f7b-8737-39d1953d38e6,Gauze,999,
TOOL_HOVER,68296,12/6/2022 1:22:43 PM,76542d1c-e74d-4f7b-8737-39d1953d38e6,Gauze,999,
TOOL_HOVER,68313,12/6/2022 1:22:43 PM,76542d1c-e74d-4f7b-8737-39d1953d38e6,Gauze,999,
TOOL_HOVER,68330,12/6/2022 1:22:43 PM,76542d1c-e74d-4f7b-8737-39d1953d38e6,Gauze,999,
TOOL_HOVER,68346,12/6/2022 1:22:43 PM,76542d1c-e74d-4f7b-8737-39d1953d38e6,Gauze,999,
TOOL_HOVER,68363,12/6/2022 1:22:43 PM,76542d1c-e74d-4f7b-8737-39d1953d38e6,Gauze,999,
TOOL_HOVER,68379,12/6/2022 1:22:43 PM,76542d1c-e74d-4f7b-8737-39d1953d38e6,Gauze,999,
TOOL_HOVER,68396,12/6/2022 1:22:43 PM,76542d1c-e74d-4f7b-8737-39d1953d38e6,Gauze,999,
TOOL_HOVER,68413,12/6/2022 1:22:43 PM,76542d1c-e74d-4f7b-8737-39d1953d38e6,Gauze,999,
TOOL_SELECTED,68413,12/6/2022 1:22:43 PM,76542d1c-e74d-4f7b-8737-39d1953d38e6,Gauze,998,
TOOL_DISCARDED,70246,12/6/2022 1:22:45 PM,76542d1c-e74d-4f7b-8737-39d1953d38e6,Gauze,998,"(3.1, 1.1, -1.1)",
TOOL_APPLIED,70247,12/6/2022 1:22:45 PM,76542d1c-e74d-4f7b-8737-39d1953d38e6,Mike Root,Gauze_Dressing,skinCollider_BodyCollideLOD (UnityEngine.GameObject),null,null,AppliedDressingGauze,
TOOL_HOVER,71446,12/6/2022 1:22:46 PM,76542d1c-e74d-4f7b-8737-39d1953d38e6,Gauze,999,
TOOL_HOVER,71462,12/6/2022 1:22:46 PM,76542d1c-e74d-4f7b-8737-39d1953d38e6,Gauze,999,
TOOL_HOVER,71479,12/6/2022 1:22:46 PM,76542d1c-e74d-4f7b-8737-39d1953d38e6,Gauze,999,
TOOL_HOVER,71496,12/6/2022 1:22:46 PM,76542d1c-e74d-4f7b-8737-39d1953d38e6,Gauze,999,
TOOL_HOVER,71512,12/6/2022 1:22:46 PM,76542d1c-e74d-4f7b-8737-39d1953d38e6,Gauze,999,
TOOL_HOVER,71529,12/6/2022 1:22:46 PM,76542d1c-e74d-4f7b-8737-39d1953d38e6,Gauze,999,
TOOL_HOVER,71548,12/6/2022 1:22:46 PM,76542d1c-e74d-4f7b-8737-39d1953d38e6,Gauze,999,
TOOL_HOVER,71563,12/6/2022 1:22:46 PM,76542d1c-e74d-4f7b-8737-39d1953d38e6,Gauze,999,
TOOL_HOVER,71579,12/6/2022 1:22:46 PM,76542d1c-e74d-4f7b-8737-39d1953d38e6,Gauze,999,
TOOL_HOVER,71595,12/6/2022 1:22:46 PM,76542d1c-e74d-4f7b-8737-39d1953d38e6,Gauze,999,
TOOL_HOVER,71613,12/6/2022 1:22:46 PM,76542d1c-e74d-4f7b-8737-39d1953d38e6,Gauze,999,
TOOL_HOVER,71630,12/6/2022 1:22:46 PM,76542d1c-e74d-4f7b-8737-39d1953d38e6,Gauze,999,
TOOL_SELECTED,71631,12/6/2022 1:22:46 PM,76542d1c-e74d-4f7b-8737-39d1953d38e6,Gauze,998,
VOICE_CAPTURE,72794,12/6/2022 1:22:48 PM,76542d1c-e74d-4f7b-8737-39d1953d38e6,little bit above them more so than,NA,
TOOL_DISCARDED,73728,12/6/2022 1:22:48 PM,76542d1c-e74d-4f7b-8737-39d1953d38e6,Gauze,998,"(3.1, 1.1, -1.1)",
TOOL_APPLIED,73728,12/6/2022 1:22:48 PM,76542d1c-e74d-4f7b-8737-39d1953d38e6,Mike Root,Gauze_Dressing,skinCollider_BodyCollideLOD (UnityEngine.GameObject),null,null,AppliedDressingGauze,
TAG_SELECTED,75412,12/6/2022 1:22:50 PM,76542d1c-e74d-4f7b-8737-39d1953d38e6,yellow,
VOICE_CAPTURE,78344,12/6/2022 1:22:53 PM,76542d1c-e74d-4f7b-8737-39d1953d38e6,OK,NA,
TAG_APPLIED,79427,12/6/2022 1:22:54 PM,76542d1c-e74d-4f7b-8737-39d1953d38e6,Mike Root,yellow,
TOOL_HOVER,82744,12/6/2022 1:22:57 PM,76542d1c-e74d-4f7b-8737-39d1953d38e6,Tourniquet,999,
TOOL_HOVER,82760,12/6/2022 1:22:58 PM,76542d1c-e74d-4f7b-8737-39d1953d38e6,Tourniquet,999,
TOOL_HOVER,82775,12/6/2022 1:22:58 PM,76542d1c-e74d-4f7b-8737-39d1953d38e6,Tourniquet,999,
TOOL_HOVER,82793,12/6/2022 1:22:58 PM,76542d1c-e74d-4f7b-8737-39d1953d38e6,Tourniquet,999,
TOOL_HOVER,82810,12/6/2022 1:22:58 PM,76542d1c-e74d-4f7b-8737-39d1953d38e6,Tourniquet,999,
TOOL_HOVER,82826,12/6/2022 1:22:58 PM,76542d1c-e74d-4f7b-8737-39d1953d38e6,Tourniquet,999,
TOOL_HOVER,82843,12/6/2022 1:22:58 PM,76542d1c-e74d-4f7b-8737-39d1953d38e6,Tourniquet,999,
TOOL_HOVER,82863,12/6/2022 1:22:58 PM,76542d1c-e74d-4f7b-8737-39d1953d38e6,Tourniquet,999,
TOOL_HOVER,82876,12/6/2022 1:22:58 PM,76542d1c-e74d-4f7b-8737-39d1953d38e6,Tourniquet,999,
TOOL_HOVER,82894,12/6/2022 1:22:58 PM,76542d1c-e74d-4f7b-8737-39d1953d38e6,Tourniquet,999,
TOOL_HOVER,82910,12/6/2022 1:22:58 PM,76542d1c-e74d-4f7b-8737-39d1953d38e6,Tourniquet,999,
TOOL_HOVER,82927,12/6/2022 1:22:58 PM,76542d1c-e74d-4f7b-8737-39d1953d38e6,Tourniquet,999,
TOOL_HOVER,82944,12/6/2022 1:22:58 PM,76542d1c-e74d-4f7b-8737-39d1953d38e6,Tourniquet,999,
TOOL_HOVER,82960,12/6/2022 1:22:58 PM,76542d1c-e74d-4f7b-8737-39d1953d38e6,Tourniquet,999,
TOOL_HOVER,82978,12/6/2022 1:22:58 PM,76542d1c-e74d-4f7b-8737-39d1953d38e6,Tourniquet,999,
TOOL_SELECTED,82979,12/6/2022 1:22:58 PM,76542d1c-e74d-4f7b-8737-39d1953d38e6,Tourniquet,998,
TOOL_APPLIED,85137,12/6/2022 1:23:00 PM,76542d1c-e74d-4f7b-8737-39d1953d38e6,Mike Root,Tourniquet,RightArm (UnityEngine.GameObject),tor_ring (1) (UnityEngine.GameObject),tourniquet(Clone) (UnityEngine.GameObject),AppliedTourniquet,
VOICE_CAPTURE,86383,12/6/2022 1:23:01 PM,76542d1c-e74d-4f7b-8737-39d1953d38e6,i want you to see how you saw it,NA,
PULSE_TAKEN,91915,12/6/2022 1:23:07 PM,76542d1c-e74d-4f7b-8737-39d1953d38e6,pulse_normal,Mike Root,
PULSE_TAKEN,91965,12/6/2022 1:23:07 PM,76542d1c-e74d-4f7b-8737-39d1953d38e6,pulse_normal,Mike Root,
PULSE_TAKEN,92083,12/6/2022 1:23:07 PM,76542d1c-e74d-4f7b-8737-39d1953d38e6,pulse_normal,Mike Root,
BAG_CLOSED,100432,12/6/2022 1:23:15 PM,76542d1c-e74d-4f7b-8737-39d1953d38e6,"(2.4, 0.7, -0.6)",
TELEPORT,100432,12/6/2022 1:23:15 PM,76542d1c-e74d-4f7b-8737-39d1953d38e6,"(2.5, 0.0, -0.1)",
TELEPORT,107978,12/6/2022 1:23:23 PM,76542d1c-e74d-4f7b-8737-39d1953d38e6,"(-0.1, 0.0, -8.8)",
VOICE_CAPTURE,110013,12/6/2022 1:23:25 PM,76542d1c-e74d-4f7b-8737-39d1953d38e6,and go back,NA,
VOICE_CAPTURE,117394,12/6/2022 1:23:32 PM,76542d1c-e74d-4f7b-8737-39d1953d38e6,and you can go right at it speed if you want if you go in front of his feet,NA,
PULSE_TAKEN,120025,12/6/2022 1:23:35 PM,76542d1c-e74d-4f7b-8737-39d1953d38e6,pulse_normal,Mike Root,
VOICE_CAPTURE,124507,12/6/2022 1:23:39 PM,76542d1c-e74d-4f7b-8737-39d1953d38e6,shut down,NA,
VOICE_CAPTURE,126544,12/6/2022 1:23:41 PM,76542d1c-e74d-4f7b-8737-39d1953d38e6,sit,NA,
VOICE_COMMAND,126544,12/6/2022 1:23:41 PM,76542d1c-e74d-4f7b-8737-39d1953d38e6,sit up/down,sit,
PULSE_TAKEN,126957,12/6/2022 1:23:42 PM,76542d1c-e74d-4f7b-8737-39d1953d38e6,pulse_normal,Mike Root,
VOICE_CAPTURE,136308,12/6/2022 1:23:51 PM,76542d1c-e74d-4f7b-8737-39d1953d38e6,this next section,NA,
BAG_ACCESS,142088,12/6/2022 1:23:57 PM,76542d1c-e74d-4f7b-8737-39d1953d38e6,"(1.7, 0.7, -0.9)",
VOICE_CAPTURE,147835,12/6/2022 1:24:03 PM,76542d1c-e74d-4f7b-8737-39d1953d38e6,if you put the wrong,NA,
TAG_SELECTED,151419,12/6/2022 1:24:06 PM,76542d1c-e74d-4f7b-8737-39d1953d38e6,gray,
VOICE_CAPTURE,151685,12/6/2022 1:24:06 PM,76542d1c-e74d-4f7b-8737-39d1953d38e6,OK,NA,
TAG_DISCARDED,152153,12/6/2022 1:24:07 PM,76542d1c-e74d-4f7b-8737-39d1953d38e6,gray,"(2.1, 1.4, -1.0)",
TOOL_HOVER,162249,12/6/2022 1:24:17 PM,76542d1c-e74d-4f7b-8737-39d1953d38e6,Needle,998,
TOOL_HOVER,162266,12/6/2022 1:24:17 PM,76542d1c-e74d-4f7b-8737-39d1953d38e6,Needle,998,
TOOL_HOVER,162283,12/6/2022 1:24:17 PM,76542d1c-e74d-4f7b-8737-39d1953d38e6,Needle,998,
TOOL_HOVER,162299,12/6/2022 1:24:17 PM,76542d1c-e74d-4f7b-8737-39d1953d38e6,Needle,998,
TOOL_HOVER,162316,12/6/2022 1:24:17 PM,76542d1c-e74d-4f7b-8737-39d1953d38e6,Needle,998,
TOOL_HOVER,162332,12/6/2022 1:24:17 PM,76542d1c-e74d-4f7b-8737-39d1953d38e6,Needle,998,
TOOL_HOVER,162349,12/6/2022 1:24:17 PM,76542d1c-e74d-4f7b-8737-39d1953d38e6,Needle,998,
TOOL_HOVER,162365,12/6/2022 1:24:17 PM,76542d1c-e74d-4f7b-8737-39d1953d38e6,Needle,998,
TOOL_HOVER,162382,12/6/2022 1:24:17 PM,76542d1c-e74d-4f7b-8737-39d1953d38e6,Needle,998,
TOOL_HOVER,162399,12/6/2022 1:24:17 PM,76542d1c-e74d-4f7b-8737-39d1953d38e6,Needle,998,
TOOL_HOVER,162416,12/6/2022 1:24:17 PM,76542d1c-e74d-4f7b-8737-39d1953d38e6,Needle,998,
TOOL_HOVER,162432,12/6/2022 1:24:17 PM,76542d1c-e74d-4f7b-8737-39d1953d38e6,Needle,998,
TOOL_HOVER,162449,12/6/2022 1:24:17 PM,76542d1c-e74d-4f7b-8737-39d1953d38e6,Needle,998,
TOOL_HOVER,162465,12/6/2022 1:24:17 PM,76542d1c-e74d-4f7b-8737-39d1953d38e6,Needle,998,
TOOL_HOVER,162482,12/6/2022 1:24:17 PM,76542d1c-e74d-4f7b-8737-39d1953d38e6,Needle,998,
TOOL_HOVER,162500,12/6/2022 1:24:17 PM,76542d1c-e74d-4f7b-8737-39d1953d38e6,Needle,998,
TOOL_HOVER,162516,12/6/2022 1:24:17 PM,76542d1c-e74d-4f7b-8737-39d1953d38e6,Needle,998,
TOOL_HOVER,162533,12/6/2022 1:24:17 PM,76542d1c-e74d-4f7b-8737-39d1953d38e6,Needle,998,
TOOL_HOVER,162549,12/6/2022 1:24:17 PM,76542d1c-e74d-4f7b-8737-39d1953d38e6,Needle,998,
TOOL_HOVER,162566,12/6/2022 1:24:17 PM,76542d1c-e74d-4f7b-8737-39d1953d38e6,Needle,998,
TOOL_HOVER,162584,12/6/2022 1:24:17 PM,76542d1c-e74d-4f7b-8737-39d1953d38e6,Needle,998,
TOOL_HOVER,162600,12/6/2022 1:24:17 PM,76542d1c-e74d-4f7b-8737-39d1953d38e6,Needle,998,
TOOL_HOVER,162617,12/6/2022 1:24:17 PM,76542d1c-e74d-4f7b-8737-39d1953d38e6,Needle,998,
TOOL_HOVER,162632,12/6/2022 1:24:17 PM,76542d1c-e74d-4f7b-8737-39d1953d38e6,Needle,998,
TOOL_HOVER,162649,12/6/2022 1:24:17 PM,76542d1c-e74d-4f7b-8737-39d1953d38e6,Needle,998,
TOOL_HOVER,162666,12/6/2022 1:24:17 PM,76542d1c-e74d-4f7b-8737-39d1953d38e6,Needle,998,
TOOL_HOVER,162683,12/6/2022 1:24:17 PM,76542d1c-e74d-4f7b-8737-39d1953d38e6,Needle,998,
TOOL_HOVER,162700,12/6/2022 1:24:17 PM,76542d1c-e74d-4f7b-8737-39d1953d38e6,Needle,998,
TOOL_HOVER,162715,12/6/2022 1:24:17 PM,76542d1c-e74d-4f7b-8737-39d1953d38e6,Needle,998,
TOOL_HOVER,162733,12/6/2022 1:24:17 PM,76542d1c-e74d-4f7b-8737-39d1953d38e6,Needle,998,
TOOL_HOVER,162749,12/6/2022 1:24:17 PM,76542d1c-e74d-4f7b-8737-39d1953d38e6,Needle,998,
TOOL_HOVER,162766,12/6/2022 1:24:18 PM,76542d1c-e74d-4f7b-8737-39d1953d38e6,Needle,998,
TOOL_HOVER,162783,12/6/2022 1:24:18 PM,76542d1c-e74d-4f7b-8737-39d1953d38e6,Needle,998,
TOOL_HOVER,162799,12/6/2022 1:24:18 PM,76542d1c-e74d-4f7b-8737-39d1953d38e6,Needle,998,
TOOL_HOVER,162816,12/6/2022 1:24:18 PM,76542d1c-e74d-4f7b-8737-39d1953d38e6,Needle,998,
TOOL_HOVER,162833,12/6/2022 1:24:18 PM,76542d1c-e74d-4f7b-8737-39d1953d38e6,Needle,998,
TOOL_HOVER,162849,12/6/2022 1:24:18 PM,76542d1c-e74d-4f7b-8737-39d1953d38e6,Needle,998,
TOOL_HOVER,162867,12/6/2022 1:24:18 PM,76542d1c-e74d-4f7b-8737-39d1953d38e6,Needle,998,
TOOL_HOVER,162882,12/6/2022 1:24:18 PM,76542d1c-e74d-4f7b-8737-39d1953d38e6,Needle,998,
TOOL_HOVER,162899,12/6/2022 1:24:18 PM,76542d1c-e74d-4f7b-8737-39d1953d38e6,Needle,998,
TOOL_HOVER,162916,12/6/2022 1:24:18 PM,76542d1c-e74d-4f7b-8737-39d1953d38e6,Needle,998,
TOOL_HOVER,162933,12/6/2022 1:24:18 PM,76542d1c-e74d-4f7b-8737-39d1953d38e6,Needle,998,
VOICE_CAPTURE,162998,12/6/2022 1:24:18 PM,76542d1c-e74d-4f7b-8737-39d1953d38e6,if you want,NA,
VOICE_CAPTURE,165431,12/6/2022 1:24:20 PM,76542d1c-e74d-4f7b-8737-39d1953d38e6,just go right in that's fine,NA,
TOOL_HOVER,166447,12/6/2022 1:24:21 PM,76542d1c-e74d-4f7b-8737-39d1953d38e6,Tourniquet,998,
TOOL_HOVER,166465,12/6/2022 1:24:21 PM,76542d1c-e74d-4f7b-8737-39d1953d38e6,Tourniquet,998,
TOOL_HOVER,166481,12/6/2022 1:24:21 PM,76542d1c-e74d-4f7b-8737-39d1953d38e6,Tourniquet,998,
TOOL_HOVER,166498,12/6/2022 1:24:21 PM,76542d1c-e74d-4f7b-8737-39d1953d38e6,Tourniquet,998,
TOOL_HOVER,166514,12/6/2022 1:24:21 PM,76542d1c-e74d-4f7b-8737-39d1953d38e6,Tourniquet,998,
TOOL_HOVER,166531,12/6/2022 1:24:21 PM,76542d1c-e74d-4f7b-8737-39d1953d38e6,Tourniquet,998,
TOOL_HOVER,166548,12/6/2022 1:24:21 PM,76542d1c-e74d-4f7b-8737-39d1953d38e6,Tourniquet,998,
TOOL_HOVER,166565,12/6/2022 1:24:21 PM,76542d1c-e74d-4f7b-8737-39d1953d38e6,Tourniquet,998,
TOOL_HOVER,166581,12/6/2022 1:24:21 PM,76542d1c-e74d-4f7b-8737-39d1953d38e6,Tourniquet,998,
TOOL_HOVER,166598,12/6/2022 1:24:21 PM,76542d1c-e74d-4f7b-8737-39d1953d38e6,Tourniquet,998,
TOOL_HOVER,166615,12/6/2022 1:24:21 PM,76542d1c-e74d-4f7b-8737-39d1953d38e6,Tourniquet,998,
TOOL_HOVER,166631,12/6/2022 1:24:21 PM,76542d1c-e74d-4f7b-8737-39d1953d38e6,Tourniquet,998,
TOOL_HOVER,166648,12/6/2022 1:24:21 PM,76542d1c-e74d-4f7b-8737-39d1953d38e6,Tourniquet,998,
TOOL_HOVER,166664,12/6/2022 1:24:21 PM,76542d1c-e74d-4f7b-8737-39d1953d38e6,Tourniquet,998,
TOOL_HOVER,166682,12/6/2022 1:24:21 PM,76542d1c-e74d-4f7b-8737-39d1953d38e6,Tourniquet,998,
TOOL_HOVER,166698,12/6/2022 1:24:21 PM,76542d1c-e74d-4f7b-8737-39d1953d38e6,Tourniquet,998,
TOOL_HOVER,166715,12/6/2022 1:24:21 PM,76542d1c-e74d-4f7b-8737-39d1953d38e6,Tourniquet,998,
TOOL_HOVER,166739,12/6/2022 1:24:21 PM,76542d1c-e74d-4f7b-8737-39d1953d38e6,Tourniquet,998,
BAG_CLOSED,166751,12/6/2022 1:24:21 PM,76542d1c-e74d-4f7b-8737-39d1953d38e6,"(1.7, 0.7, -0.9)",
PATIENT_DEMOTED,166983,12/6/2022 1:24:22 PM,76542d1c-e74d-4f7b-8737-39d1953d38e6,100,Infinity,Mike_0 Root,"(2.6, 0.0, -0.6)","(0.0, 0.7, 0.0, -0.7)",DELAYED,walker,normal,normal,normal,upset,sittingGround,
PATIENT_DEMOTED,167644,12/6/2022 1:24:22 PM,76542d1c-e74d-4f7b-8737-39d1953d38e6,100,Infinity,Mike_1 Root,"(2.6, 0.0, 0.1)","(0.0, 0.7, 0.0, -0.7)",IMMEDIATE,waver,normal,normal,normal,upset,recovery,
PATIENT_DEMOTED,168306,12/6/2022 1:24:23 PM,76542d1c-e74d-4f7b-8737-39d1953d38e6,100,Infinity,Mike_2 Root,"(2.6, 0.0, 2.4)","(0.0, 0.7, 0.0, -0.7)",IMMEDIATE,walker,fast,normal,normal,upset,sittingGround,
PATIENT_DEMOTED,168962,12/6/2022 1:24:24 PM,76542d1c-e74d-4f7b-8737-39d1953d38e6,100,128,Mike_3 Root,"(3.0, 0.0, 4.3)","(0.0, 0.7, 0.0, -0.7)",IMMEDIATE,still,faint,collapsedRight,normal,unresponsive,supine,
SESSION_START,175164,12/6/2022 1:24:30 PM,76542d1c-e74d-4f7b-8737-39d1953d38e6,
PATIENT_RECORD,175165,12/6/2022 1:24:30 PM,76542d1c-e74d-4f7b-8737-39d1953d38e6,100,Infinity,Mike_0 Root,"(2.6, 0.0, -1.4)","(0.0, 0.7, 0.0, -0.7)",DELAYED,walker,normal,normal,normal,upset,sittingGround,
INJURY_RECORD,175165,12/6/2022 1:24:30 PM,76542d1c-e74d-4f7b-8737-39d1953d38e6,R Forearm Laceration,Mike_0 Root,gauzePressure,low,rightArm,False,False,"(2.7, 1.4, -0.9)",
PATIENT_RECORD,175165,12/6/2022 1:24:30 PM,76542d1c-e74d-4f7b-8737-39d1953d38e6,100,Infinity,Mike_1 Root,"(2.9, 0.0, 0.1)","(0.0, 0.7, 0.0, -0.7)",IMMEDIATE,waver,normal,normal,normal,upset,recovery,
INJURY_RECORD,175165,12/6/2022 1:24:30 PM,76542d1c-e74d-4f7b-8737-39d1953d38e6,L Thigh Laceration,Mike_1 Root,tourniquet,medium,leftLeg,False,False,"(2.8, 0.7, -0.1)",
PATIENT_RECORD,175165,12/6/2022 1:24:30 PM,76542d1c-e74d-4f7b-8737-39d1953d38e6,100,Infinity,Mike_2 Root,"(3.1, 0.0, 2.2)","(0.0, 0.7, 0.0, -0.7)",IMMEDIATE,walker,fast,normal,normal,upset,sittingGround,
INJURY_RECORD,175165,12/6/2022 1:24:30 PM,76542d1c-e74d-4f7b-8737-39d1953d38e6,L Shoulder Puncture,Mike_2 Root,woundpack,medium,chest,False,False,"(3.1, 1.4, 2.1)",
PATIENT_RECORD,175165,12/6/2022 1:24:30 PM,76542d1c-e74d-4f7b-8737-39d1953d38e6,100,128,Mike_3 Root,"(3.2, 0.0, 4.3)","(0.0, 0.7, 0.0, -0.7)",IMMEDIATE,still,faint,collapsedRight,normal,unresponsive,supine,
INJURY_RECORD,175165,12/6/2022 1:24:30 PM,76542d1c-e74d-4f7b-8737-39d1953d38e6,R Chest Collapse,Mike_3 Root,decompress,high,chest,False,False,"(0.0, 0.0, 0.0)",
VOICE_CAPTURE,175345,12/6/2022 1:24:30 PM,76542d1c-e74d-4f7b-8737-39d1953d38e6,no,NA,
VOICE_CAPTURE,191292,12/6/2022 1:24:46 PM,76542d1c-e74d-4f7b-8737-39d1953d38e6,OK so are these the,NA,
VOICE_CAPTURE,195274,12/6/2022 1:24:50 PM,76542d1c-e74d-4f7b-8737-39d1953d38e6,can you if you can stand up and walk to me come here please,NA,
VOICE_COMMAND,195275,12/6/2022 1:24:50 PM,76542d1c-e74d-4f7b-8737-39d1953d38e6,walk to the safe area,can you if you can stand up and walk to me come here please,
VOICE_COMMAND,195275,12/6/2022 1:24:50 PM,76542d1c-e74d-4f7b-8737-39d1953d38e6,stand up,can you if you can stand up and walk to me come here please,
VOICE_COMMAND,195275,12/6/2022 1:24:50 PM,76542d1c-e74d-4f7b-8737-39d1953d38e6,walk to player,can you if you can stand up and walk to me come here please,
VOICE_COMMAND,195275,12/6/2022 1:24:50 PM,76542d1c-e74d-4f7b-8737-39d1953d38e6,walk to player,can you if you can stand up and walk to me come here please,
VOICE_CAPTURE,200658,12/6/2022 1:24:55 PM,76542d1c-e74d-4f7b-8737-39d1953d38e6,walk,NA,
VOICE_COMMAND,200658,12/6/2022 1:24:55 PM,76542d1c-e74d-4f7b-8737-39d1953d38e6,walk to the safe area,walk,
S_A_L_T_WALK_IF_CAN,200659,12/6/2022 1:24:55 PM,76542d1c-e74d-4f7b-8737-39d1953d38e6,"(2.6, 0.0, -1.4)",walkIfCan,Mike_0 Root,
S_A_L_T_WALKED,200659,12/6/2022 1:24:55 PM,76542d1c-e74d-4f7b-8737-39d1953d38e6,"(2.6, 0.0, -1.4)",walked,Mike_0 Root,
S_A_L_T_WALK_IF_CAN,200659,12/6/2022 1:24:55 PM,76542d1c-e74d-4f7b-8737-39d1953d38e6,"(2.9, 0.0, 0.1)",walkIfCan,Mike_1 Root,
S_A_L_T_WALK_IF_CAN,200659,12/6/2022 1:24:55 PM,76542d1c-e74d-4f7b-8737-39d1953d38e6,"(3.1, 0.0, 2.2)",walkIfCan,Mike_2 Root,
S_A_L_T_WALKED,200659,12/6/2022 1:24:55 PM,76542d1c-e74d-4f7b-8737-39d1953d38e6,"(3.1, 0.0, 2.2)",walked,Mike_2 Root,
TELEPORT,200906,12/6/2022 1:24:56 PM,76542d1c-e74d-4f7b-8737-39d1953d38e6,"(0.8, 0.0, -3.4)",
VOICE_CAPTURE,201424,12/6/2022 1:24:56 PM,76542d1c-e74d-4f7b-8737-39d1953d38e6,show none of them can,NA,
VOICE_CAPTURE,209813,12/6/2022 1:25:05 PM,76542d1c-e74d-4f7b-8737-39d1953d38e6,five steps,NA,
VOICE_CAPTURE,211196,12/6/2022 1:25:06 PM,76542d1c-e74d-4f7b-8737-39d1953d38e6,OK,NA,
PATIENT_ENGAGED,222076,12/6/2022 1:25:17 PM,76542d1c-e74d-4f7b-8737-39d1953d38e6,100,128,Mike_3 Root,"(3.2, 0.0, 4.3)","(0.0, 0.7, 0.0, -0.7)",IMMEDIATE,still,faint,collapsedRight,normal,unresponsive,supine,
VOICE_CAPTURE,232091,12/6/2022 1:25:27 PM,76542d1c-e74d-4f7b-8737-39d1953d38e6,yellow,NA,
BAG_ACCESS,247654,12/6/2022 1:25:42 PM,76542d1c-e74d-4f7b-8737-39d1953d38e6,"(2.6, 0.7, 4.8)",
VOICE_CAPTURE,252102,12/6/2022 1:25:47 PM,76542d1c-e74d-4f7b-8737-39d1953d38e6,what's your name sir,NA,
VOICE_COMMAND,252102,12/6/2022 1:25:47 PM,76542d1c-e74d-4f7b-8737-39d1953d38e6,what is your name,what's your name sir,
PULSE_TAKEN,252570,12/6/2022 1:25:47 PM,76542d1c-e74d-4f7b-8737-39d1953d38e6,pulse_faint,Mike_3 Root,
VOICE_CAPTURE,258819,12/6/2022 1:25:54 PM,76542d1c-e74d-4f7b-8737-39d1953d38e6,no that's fine i'm good,NA,
TOOL_HOVER,259452,12/6/2022 1:25:54 PM,76542d1c-e74d-4f7b-8737-39d1953d38e6,Needle,998,
TOOL_HOVER,259468,12/6/2022 1:25:54 PM,76542d1c-e74d-4f7b-8737-39d1953d38e6,Needle,998,
TOOL_HOVER,259486,12/6/2022 1:25:54 PM,76542d1c-e74d-4f7b-8737-39d1953d38e6,Needle,998,
TOOL_HOVER,259501,12/6/2022 1:25:54 PM,76542d1c-e74d-4f7b-8737-39d1953d38e6,Needle,998,
TOOL_HOVER,259519,12/6/2022 1:25:54 PM,76542d1c-e74d-4f7b-8737-39d1953d38e6,Needle,998,
TOOL_HOVER,259536,12/6/2022 1:25:54 PM,76542d1c-e74d-4f7b-8737-39d1953d38e6,Needle,998,
TOOL_HOVER,260551,12/6/2022 1:25:55 PM,76542d1c-e74d-4f7b-8737-39d1953d38e6,Needle,998,
TOOL_HOVER,260568,12/6/2022 1:25:55 PM,76542d1c-e74d-4f7b-8737-39d1953d38e6,Needle,998,
TOOL_HOVER,260584,12/6/2022 1:25:55 PM,76542d1c-e74d-4f7b-8737-39d1953d38e6,Needle,998,
TOOL_HOVER,260601,12/6/2022 1:25:55 PM,76542d1c-e74d-4f7b-8737-39d1953d38e6,Needle,998,
TOOL_HOVER,260618,12/6/2022 1:25:55 PM,76542d1c-e74d-4f7b-8737-39d1953d38e6,Needle,998,
TOOL_HOVER,260635,12/6/2022 1:25:55 PM,76542d1c-e74d-4f7b-8737-39d1953d38e6,Needle,998,
TOOL_HOVER,260652,12/6/2022 1:25:55 PM,76542d1c-e74d-4f7b-8737-39d1953d38e6,Needle,998,
TOOL_HOVER,260668,12/6/2022 1:25:55 PM,76542d1c-e74d-4f7b-8737-39d1953d38e6,Needle,998,
TOOL_HOVER,260685,12/6/2022 1:25:55 PM,76542d1c-e74d-4f7b-8737-39d1953d38e6,Needle,998,
TOOL_HOVER,260701,12/6/2022 1:25:55 PM,76542d1c-e74d-4f7b-8737-39d1953d38e6,Needle,998,
TOOL_HOVER,260718,12/6/2022 1:25:55 PM,76542d1c-e74d-4f7b-8737-39d1953d38e6,Needle,998,
TOOL_HOVER,260735,12/6/2022 1:25:55 PM,76542d1c-e74d-4f7b-8737-39d1953d38e6,Needle,998,
TOOL_HOVER,260752,12/6/2022 1:25:55 PM,76542d1c-e74d-4f7b-8737-39d1953d38e6,Needle,998,
TOOL_HOVER,260768,12/6/2022 1:25:56 PM,76542d1c-e74d-4f7b-8737-39d1953d38e6,Needle,998,
TOOL_HOVER,260784,12/6/2022 1:25:56 PM,76542d1c-e74d-4f7b-8737-39d1953d38e6,Needle,998,
TOOL_HOVER,260801,12/6/2022 1:25:56 PM,76542d1c-e74d-4f7b-8737-39d1953d38e6,Needle,998,
TOOL_SELECTED,260802,12/6/2022 1:25:56 PM,76542d1c-e74d-4f7b-8737-39d1953d38e6,Needle,997,
TOOL_DISCARDED,261368,12/6/2022 1:25:56 PM,76542d1c-e74d-4f7b-8737-39d1953d38e6,Needle,997,"(3.5, 0.9, 4.2)",
TOOL_HOVER,261451,12/6/2022 1:25:56 PM,76542d1c-e74d-4f7b-8737-39d1953d38e6,Needle,998,
TOOL_HOVER,261467,12/6/2022 1:25:56 PM,76542d1c-e74d-4f7b-8737-39d1953d38e6,Needle,998,
TOOL_HOVER,261484,12/6/2022 1:25:56 PM,76542d1c-e74d-4f7b-8737-39d1953d38e6,Needle,998,
TOOL_HOVER,261501,12/6/2022 1:25:56 PM,76542d1c-e74d-4f7b-8737-39d1953d38e6,Needle,998,
TOOL_HOVER,261519,12/6/2022 1:25:56 PM,76542d1c-e74d-4f7b-8737-39d1953d38e6,Needle,998,
TOOL_HOVER,261534,12/6/2022 1:25:56 PM,76542d1c-e74d-4f7b-8737-39d1953d38e6,Needle,998,
TOOL_HOVER,261550,12/6/2022 1:25:56 PM,76542d1c-e74d-4f7b-8737-39d1953d38e6,Needle,998,
TOOL_HOVER,261567,12/6/2022 1:25:56 PM,76542d1c-e74d-4f7b-8737-39d1953d38e6,Needle,998,
TOOL_HOVER,261585,12/6/2022 1:25:56 PM,76542d1c-e74d-4f7b-8737-39d1953d38e6,Needle,998,
TOOL_HOVER,261601,12/6/2022 1:25:56 PM,76542d1c-e74d-4f7b-8737-39d1953d38e6,Needle,998,
TOOL_HOVER,261618,12/6/2022 1:25:56 PM,76542d1c-e74d-4f7b-8737-39d1953d38e6,Needle,998,
TOOL_HOVER,261634,12/6/2022 1:25:56 PM,76542d1c-e74d-4f7b-8737-39d1953d38e6,Needle,998,
TOOL_SELECTED,261634,12/6/2022 1:25:56 PM,76542d1c-e74d-4f7b-8737-39d1953d38e6,Needle,997,
TOOL_DISCARDED,261667,12/6/2022 1:25:56 PM,76542d1c-e74d-4f7b-8737-39d1953d38e6,Needle,997,"(3.5, 0.9, 4.2)",
TOOL_HOVER,262051,12/6/2022 1:25:57 PM,76542d1c-e74d-4f7b-8737-39d1953d38e6,Needle,998,
TOOL_HOVER,262068,12/6/2022 1:25:57 PM,76542d1c-e74d-4f7b-8737-39d1953d38e6,Needle,998,
TOOL_HOVER,262084,12/6/2022 1:25:57 PM,76542d1c-e74d-4f7b-8737-39d1953d38e6,Needle,998,
TOOL_HOVER,262102,12/6/2022 1:25:57 PM,76542d1c-e74d-4f7b-8737-39d1953d38e6,Needle,998,
TOOL_SELECTED,262103,12/6/2022 1:25:57 PM,76542d1c-e74d-4f7b-8737-39d1953d38e6,Needle,997,
INJURY_TREATED,267818,12/6/2022 1:26:03 PM,76542d1c-e74d-4f7b-8737-39d1953d38e6,R Chest Collapse,Mike_3 Root,decompress,high,chest,True,False,"(0.0, 0.0, 0.0)",
TOOL_APPLIED,267818,12/6/2022 1:26:03 PM,76542d1c-e74d-4f7b-8737-39d1953d38e6,Needle_Decomp(Clone),Needle,RChest_Breathe1 (UnityEngine.GameObject),cath_needle (UnityEngine.GameObject),right_chest,Needle_Decomp(Clone) (UnityEngine.GameObject),AppliedDecompNeedle,
PULSE_TAKEN,270565,12/6/2022 1:26:05 PM,76542d1c-e74d-4f7b-8737-39d1953d38e6,pulse_faint,Mike_3 Root,
TAG_SELECTED,274415,12/6/2022 1:26:09 PM,76542d1c-e74d-4f7b-8737-39d1953d38e6,red,
TAG_APPLIED,283645,12/6/2022 1:26:18 PM,76542d1c-e74d-4f7b-8737-39d1953d38e6,Mike_3 Root,red,
TAG_SELECTED,286029,12/6/2022 1:26:21 PM,76542d1c-e74d-4f7b-8737-39d1953d38e6,gray,
TAG_DISCARDED,286213,12/6/2022 1:26:21 PM,76542d1c-e74d-4f7b-8737-39d1953d38e6,gray,"(3.4, 0.6, 4.4)",
VOICE_CAPTURE,288496,12/6/2022 1:26:23 PM,76542d1c-e74d-4f7b-8737-39d1953d38e6,OK,NA,
BAG_CLOSED,294028,12/6/2022 1:26:29 PM,76542d1c-e74d-4f7b-8737-39d1953d38e6,"(2.6, 0.7, 4.8)",
VOICE_CAPTURE,297343,12/6/2022 1:26:32 PM,76542d1c-e74d-4f7b-8737-39d1953d38e6,i'm gonna put you back in the center of the room OK,NA,
VOICE_CAPTURE,302674,12/6/2022 1:26:37 PM,76542d1c-e74d-4f7b-8737-39d1953d38e6,no,NA,
TELEPORT,303125,12/6/2022 1:26:38 PM,76542d1c-e74d-4f7b-8737-39d1953d38e6,"(1.9, 0.0, 3.4)",
VOICE_CAPTURE,307158,12/6/2022 1:26:42 PM,76542d1c-e74d-4f7b-8737-39d1953d38e6,so yeah use your left or right,NA,
PATIENT_ENGAGED,308168,12/6/2022 1:26:43 PM,76542d1c-e74d-4f7b-8737-39d1953d38e6,100,Infinity,Mike_1 Root,"(2.9, 0.0, 0.1)","(0.0, 0.7, 0.0, -0.7)",IMMEDIATE,waver,normal,normal,normal,upset,recovery,
VOICE_CAPTURE,311114,12/6/2022 1:26:46 PM,76542d1c-e74d-4f7b-8737-39d1953d38e6,what's your name,NA,
VOICE_COMMAND,311114,12/6/2022 1:26:46 PM,76542d1c-e74d-4f7b-8737-39d1953d38e6,what is your name,what's your name,
BAG_ACCESS,314159,12/6/2022 1:26:49 PM,76542d1c-e74d-4f7b-8737-39d1953d38e6,"(2.6, 0.4, 0.7)",
TOOL_HOVER,315653,12/6/2022 1:26:50 PM,76542d1c-e74d-4f7b-8737-39d1953d38e6,Tourniquet,998,
TOOL_HOVER,315676,12/6/2022 1:26:50 PM,76542d1c-e74d-4f7b-8737-39d1953d38e6,Tourniquet,998,
TOOL_HOVER,315697,12/6/2022 1:26:50 PM,76542d1c-e74d-4f7b-8737-39d1953d38e6,Tourniquet,998,
TOOL_HOVER,315720,12/6/2022 1:26:50 PM,76542d1c-e74d-4f7b-8737-39d1953d38e6,Tourniquet,998,
TOOL_HOVER,315741,12/6/2022 1:26:50 PM,76542d1c-e74d-4f7b-8737-39d1953d38e6,Tourniquet,998,
TOOL_HOVER,315764,12/6/2022 1:26:51 PM,76542d1c-e74d-4f7b-8737-39d1953d38e6,Tourniquet,998,
TOOL_HOVER,315785,12/6/2022 1:26:51 PM,76542d1c-e74d-4f7b-8737-39d1953d38e6,Tourniquet,998,
TOOL_HOVER,315807,12/6/2022 1:26:51 PM,76542d1c-e74d-4f7b-8737-39d1953d38e6,Tourniquet,998,
TOOL_HOVER,315829,12/6/2022 1:26:51 PM,76542d1c-e74d-4f7b-8737-39d1953d38e6,Tourniquet,998,
TOOL_HOVER,315850,12/6/2022 1:26:51 PM,76542d1c-e74d-4f7b-8737-39d1953d38e6,Tourniquet,998,
TOOL_HOVER,315872,12/6/2022 1:26:51 PM,76542d1c-e74d-4f7b-8737-39d1953d38e6,Tourniquet,998,
TOOL_HOVER,315893,12/6/2022 1:26:51 PM,76542d1c-e74d-4f7b-8737-39d1953d38e6,Tourniquet,998,
TOOL_HOVER,315915,12/6/2022 1:26:51 PM,76542d1c-e74d-4f7b-8737-39d1953d38e6,Tourniquet,998,
TOOL_HOVER,315937,12/6/2022 1:26:51 PM,76542d1c-e74d-4f7b-8737-39d1953d38e6,Tourniquet,998,
TOOL_HOVER,315958,12/6/2022 1:26:51 PM,76542d1c-e74d-4f7b-8737-39d1953d38e6,Tourniquet,998,
TOOL_HOVER,315980,12/6/2022 1:26:51 PM,76542d1c-e74d-4f7b-8737-39d1953d38e6,Tourniquet,998,
TOOL_HOVER,316001,12/6/2022 1:26:51 PM,76542d1c-e74d-4f7b-8737-39d1953d38e6,Tourniquet,998,
TOOL_HOVER,316022,12/6/2022 1:26:51 PM,76542d1c-e74d-4f7b-8737-39d1953d38e6,Tourniquet,998,
TOOL_HOVER,316045,12/6/2022 1:26:51 PM,76542d1c-e74d-4f7b-8737-39d1953d38e6,Tourniquet,998,
TOOL_HOVER,316066,12/6/2022 1:26:51 PM,76542d1c-e74d-4f7b-8737-39d1953d38e6,Tourniquet,998,
TOOL_HOVER,316088,12/6/2022 1:26:51 PM,76542d1c-e74d-4f7b-8737-39d1953d38e6,Tourniquet,998,
TOOL_HOVER,316110,12/6/2022 1:26:51 PM,76542d1c-e74d-4f7b-8737-39d1953d38e6,Tourniquet,998,
TOOL_HOVER,316132,12/6/2022 1:26:51 PM,76542d1c-e74d-4f7b-8737-39d1953d38e6,Tourniquet,998,
TOOL_HOVER,316154,12/6/2022 1:26:51 PM,76542d1c-e74d-4f7b-8737-39d1953d38e6,Gauze,999,
TOOL_HOVER,316176,12/6/2022 1:26:51 PM,76542d1c-e74d-4f7b-8737-39d1953d38e6,Gauze,999,
TOOL_HOVER,316198,12/6/2022 1:26:51 PM,76542d1c-e74d-4f7b-8737-39d1953d38e6,Gauze,999,
TOOL_SELECTED,316199,12/6/2022 1:26:51 PM,76542d1c-e74d-4f7b-8737-39d1953d38e6,Gauze,998,
VOICE_CAPTURE,316947,12/6/2022 1:26:52 PM,76542d1c-e74d-4f7b-8737-39d1953d38e6,OK michael i'm joe,NA,
TOOL_DISCARDED,317458,12/6/2022 1:26:52 PM,76542d1c-e74d-4f7b-8737-39d1953d38e6,Gauze,998,"(2.8, 1.1, 0.4)",
TOOL_DISCARDED,317458,12/6/2022 1:26:52 PM,76542d1c-e74d-4f7b-8737-39d1953d38e6,Gauze,999,"(2.8, 1.1, 0.4)",
TOOL_HOVER,317954,12/6/2022 1:26:53 PM,76542d1c-e74d-4f7b-8737-39d1953d38e6,Gauze,1000,
TOOL_HOVER,317976,12/6/2022 1:26:53 PM,76542d1c-e74d-4f7b-8737-39d1953d38e6,Gauze,1000,
TOOL_HOVER,317998,12/6/2022 1:26:53 PM,76542d1c-e74d-4f7b-8737-39d1953d38e6,Gauze,1000,
TOOL_HOVER,318019,12/6/2022 1:26:53 PM,76542d1c-e74d-4f7b-8737-39d1953d38e6,Gauze,1000,
TOOL_HOVER,318040,12/6/2022 1:26:53 PM,76542d1c-e74d-4f7b-8737-39d1953d38e6,Gauze,1000,
TOOL_HOVER,318063,12/6/2022 1:26:53 PM,76542d1c-e74d-4f7b-8737-39d1953d38e6,Gauze,1000,
TOOL_HOVER,318083,12/6/2022 1:26:53 PM,76542d1c-e74d-4f7b-8737-39d1953d38e6,Gauze,1000,
TOOL_HOVER,318105,12/6/2022 1:26:53 PM,76542d1c-e74d-4f7b-8737-39d1953d38e6,Gauze,1000,
TOOL_HOVER,318127,12/6/2022 1:26:53 PM,76542d1c-e74d-4f7b-8737-39d1953d38e6,Gauze,1000,
TOOL_HOVER,318149,12/6/2022 1:26:53 PM,76542d1c-e74d-4f7b-8737-39d1953d38e6,Tourniquet,998,
TOOL_HOVER,318169,12/6/2022 1:26:53 PM,76542d1c-e74d-4f7b-8737-39d1953d38e6,Tourniquet,998,
TOOL_HOVER,318191,12/6/2022 1:26:53 PM,76542d1c-e74d-4f7b-8737-39d1953d38e6,Tourniquet,998,
TOOL_HOVER,318213,12/6/2022 1:26:53 PM,76542d1c-e74d-4f7b-8737-39d1953d38e6,Tourniquet,998,
TOOL_HOVER,318233,12/6/2022 1:26:53 PM,76542d1c-e74d-4f7b-8737-39d1953d38e6,Tourniquet,998,
TOOL_HOVER,318255,12/6/2022 1:26:53 PM,76542d1c-e74d-4f7b-8737-39d1953d38e6,Tourniquet,998,
TOOL_HOVER,318276,12/6/2022 1:26:53 PM,76542d1c-e74d-4f7b-8737-39d1953d38e6,Tourniquet,998,
TOOL_HOVER,318297,12/6/2022 1:26:53 PM,76542d1c-e74d-4f7b-8737-39d1953d38e6,Tourniquet,998,
TOOL_HOVER,318317,12/6/2022 1:26:53 PM,76542d1c-e74d-4f7b-8737-39d1953d38e6,Tourniquet,998,
TOOL_HOVER,318339,12/6/2022 1:26:53 PM,76542d1c-e74d-4f7b-8737-39d1953d38e6,Tourniquet,998,
TOOL_HOVER,318361,12/6/2022 1:26:53 PM,76542d1c-e74d-4f7b-8737-39d1953d38e6,Tourniquet,998,
TOOL_HOVER,318383,12/6/2022 1:26:53 PM,76542d1c-e74d-4f7b-8737-39d1953d38e6,Tourniquet,998,
TOOL_HOVER,318404,12/6/2022 1:26:53 PM,76542d1c-e74d-4f7b-8737-39d1953d38e6,Tourniquet,998,
TOOL_HOVER,318426,12/6/2022 1:26:53 PM,76542d1c-e74d-4f7b-8737-39d1953d38e6,Tourniquet,998,
TOOL_HOVER,318448,12/6/2022 1:26:53 PM,76542d1c-e74d-4f7b-8737-39d1953d38e6,Tourniquet,998,
TOOL_HOVER,318469,12/6/2022 1:26:53 PM,76542d1c-e74d-4f7b-8737-39d1953d38e6,Tourniquet,998,
TOOL_HOVER,318491,12/6/2022 1:26:53 PM,76542d1c-e74d-4f7b-8737-39d1953d38e6,Tourniquet,998,
TOOL_HOVER,318512,12/6/2022 1:26:53 PM,76542d1c-e74d-4f7b-8737-39d1953d38e6,Tourniquet,998,
TOOL_HOVER,318533,12/6/2022 1:26:53 PM,76542d1c-e74d-4f7b-8737-39d1953d38e6,Tourniquet,998,
TOOL_SELECTED,318534,12/6/2022 1:26:53 PM,76542d1c-e74d-4f7b-8737-39d1953d38e6,Tourniquet,997,
INJURY_TREATED,322378,12/6/2022 1:26:57 PM,76542d1c-e74d-4f7b-8737-39d1953d38e6,L Thigh Laceration,Mike_1 Root,tourniquet,medium,leftLeg,True,False,"(2.8, 0.3, 0.3)",
TOOL_APPLIED,322379,12/6/2022 1:26:57 PM,76542d1c-e74d-4f7b-8737-39d1953d38e6,Mike_1 Root,Tourniquet,LeftUpLeg (UnityEngine.GameObject),tor_ring (1) (UnityEngine.GameObject),tourniquet(Clone) (UnityEngine.GameObject),AppliedTourniquet,
PULSE_TAKEN,324770,12/6/2022 1:27:00 PM,76542d1c-e74d-4f7b-8737-39d1953d38e6,pulse_normal,Mike_1 Root,
PULSE_TAKEN,326752,12/6/2022 1:27:01 PM,76542d1c-e74d-4f7b-8737-39d1953d38e6,pulse_normal,Mike_1 Root,
VOICE_CAPTURE,328168,12/6/2022 1:27:03 PM,76542d1c-e74d-4f7b-8737-39d1953d38e6,i wanna feel for your pulse,NA,
TOOL_HOVER,335850,12/6/2022 1:27:11 PM,76542d1c-e74d-4f7b-8737-39d1953d38e6,Hemostatic Gauze,999,
TOOL_HOVER,335866,12/6/2022 1:27:11 PM,76542d1c-e74d-4f7b-8737-39d1953d38e6,Hemostatic Gauze,999,
TOOL_HOVER,335887,12/6/2022 1:27:11 PM,76542d1c-e74d-4f7b-8737-39d1953d38e6,Hemostatic Gauze,999,
TOOL_HOVER,335900,12/6/2022 1:27:11 PM,76542d1c-e74d-4f7b-8737-39d1953d38e6,Hemostatic Gauze,999,
TOOL_HOVER,335917,12/6/2022 1:27:11 PM,76542d1c-e74d-4f7b-8737-39d1953d38e6,Hemostatic Gauze,999,
TOOL_HOVER,335933,12/6/2022 1:27:11 PM,76542d1c-e74d-4f7b-8737-39d1953d38e6,Hemostatic Gauze,999,
TOOL_HOVER,335951,12/6/2022 1:27:11 PM,76542d1c-e74d-4f7b-8737-39d1953d38e6,Hemostatic Gauze,999,
TOOL_HOVER,335967,12/6/2022 1:27:11 PM,76542d1c-e74d-4f7b-8737-39d1953d38e6,Hemostatic Gauze,999,
TOOL_HOVER,335984,12/6/2022 1:27:11 PM,76542d1c-e74d-4f7b-8737-39d1953d38e6,Hemostatic Gauze,999,
TOOL_HOVER,336000,12/6/2022 1:27:11 PM,76542d1c-e74d-4f7b-8737-39d1953d38e6,Hemostatic Gauze,999,
TOOL_HOVER,336017,12/6/2022 1:27:11 PM,76542d1c-e74d-4f7b-8737-39d1953d38e6,Hemostatic Gauze,999,
TOOL_HOVER,336034,12/6/2022 1:27:11 PM,76542d1c-e74d-4f7b-8737-39d1953d38e6,Hemostatic Gauze,999,
TOOL_HOVER,336051,12/6/2022 1:27:11 PM,76542d1c-e74d-4f7b-8737-39d1953d38e6,Hemostatic Gauze,999,
TOOL_HOVER,336067,12/6/2022 1:27:11 PM,76542d1c-e74d-4f7b-8737-39d1953d38e6,Hemostatic Gauze,999,
TOOL_HOVER,336084,12/6/2022 1:27:11 PM,76542d1c-e74d-4f7b-8737-39d1953d38e6,Hemostatic Gauze,999,
TOOL_HOVER,336100,12/6/2022 1:27:11 PM,76542d1c-e74d-4f7b-8737-39d1953d38e6,Hemostatic Gauze,999,
TOOL_HOVER,336117,12/6/2022 1:27:11 PM,76542d1c-e74d-4f7b-8737-39d1953d38e6,Hemostatic Gauze,999,
TOOL_HOVER,336134,12/6/2022 1:27:11 PM,76542d1c-e74d-4f7b-8737-39d1953d38e6,Hemostatic Gauze,999,
TOOL_HOVER,336151,12/6/2022 1:27:11 PM,76542d1c-e74d-4f7b-8737-39d1953d38e6,Hemostatic Gauze,999,
TOOL_HOVER,336167,12/6/2022 1:27:11 PM,76542d1c-e74d-4f7b-8737-39d1953d38e6,Hemostatic Gauze,999,
TOOL_HOVER,336183,12/6/2022 1:27:11 PM,76542d1c-e74d-4f7b-8737-39d1953d38e6,Hemostatic Gauze,999,
TOOL_HOVER,336200,12/6/2022 1:27:11 PM,76542d1c-e74d-4f7b-8737-39d1953d38e6,Hemostatic Gauze,999,
TOOL_HOVER,336218,12/6/2022 1:27:11 PM,76542d1c-e74d-4f7b-8737-39d1953d38e6,Hemostatic Gauze,999,
TOOL_HOVER,336234,12/6/2022 1:27:11 PM,76542d1c-e74d-4f7b-8737-39d1953d38e6,Hemostatic Gauze,999,
TOOL_HOVER,336251,12/6/2022 1:27:11 PM,76542d1c-e74d-4f7b-8737-39d1953d38e6,Hemostatic Gauze,999,
TOOL_HOVER,336267,12/6/2022 1:27:11 PM,76542d1c-e74d-4f7b-8737-39d1953d38e6,Hemostatic Gauze,999,
TOOL_HOVER,336284,12/6/2022 1:27:11 PM,76542d1c-e74d-4f7b-8737-39d1953d38e6,Hemostatic Gauze,999,
TOOL_HOVER,336300,12/6/2022 1:27:11 PM,76542d1c-e74d-4f7b-8737-39d1953d38e6,Hemostatic Gauze,999,
TOOL_HOVER,336318,12/6/2022 1:27:11 PM,76542d1c-e74d-4f7b-8737-39d1953d38e6,Hemostatic Gauze,999,
TOOL_HOVER,336334,12/6/2022 1:27:11 PM,76542d1c-e74d-4f7b-8737-39d1953d38e6,Hemostatic Gauze,999,
VOICE_CAPTURE,336383,12/6/2022 1:27:11 PM,76542d1c-e74d-4f7b-8737-39d1953d38e6,so i'm assuming that that worked,NA,
TOOL_HOVER,340750,12/6/2022 1:27:15 PM,76542d1c-e74d-4f7b-8737-39d1953d38e6,Hemostatic Gauze,999,
TOOL_HOVER,340766,12/6/2022 1:27:16 PM,76542d1c-e74d-4f7b-8737-39d1953d38e6,Hemostatic Gauze,999,
TOOL_HOVER,340782,12/6/2022 1:27:16 PM,76542d1c-e74d-4f7b-8737-39d1953d38e6,Hemostatic Gauze,999,
TOOL_HOVER,340799,12/6/2022 1:27:16 PM,76542d1c-e74d-4f7b-8737-39d1953d38e6,Hemostatic Gauze,999,
TOOL_HOVER,340815,12/6/2022 1:27:16 PM,76542d1c-e74d-4f7b-8737-39d1953d38e6,Hemostatic Gauze,999,
TOOL_HOVER,340834,12/6/2022 1:27:16 PM,76542d1c-e74d-4f7b-8737-39d1953d38e6,Hemostatic Gauze,999,
TOOL_HOVER,340849,12/6/2022 1:27:16 PM,76542d1c-e74d-4f7b-8737-39d1953d38e6,Hemostatic Gauze,999,
TOOL_HOVER,340866,12/6/2022 1:27:16 PM,76542d1c-e74d-4f7b-8737-39d1953d38e6,Hemostatic Gauze,999,
TOOL_HOVER,340883,12/6/2022 1:27:16 PM,76542d1c-e74d-4f7b-8737-39d1953d38e6,Hemostatic Gauze,999,
TOOL_HOVER,340899,12/6/2022 1:27:16 PM,76542d1c-e74d-4f7b-8737-39d1953d38e6,Hemostatic Gauze,999,
TOOL_HOVER,340916,12/6/2022 1:27:16 PM,76542d1c-e74d-4f7b-8737-39d1953d38e6,Hemostatic Gauze,999,
TOOL_HOVER,340933,12/6/2022 1:27:16 PM,76542d1c-e74d-4f7b-8737-39d1953d38e6,Hemostatic Gauze,999,
TOOL_HOVER,340950,12/6/2022 1:27:16 PM,76542d1c-e74d-4f7b-8737-39d1953d38e6,Hemostatic Gauze,999,
TOOL_HOVER,340966,12/6/2022 1:27:16 PM,76542d1c-e74d-4f7b-8737-39d1953d38e6,Hemostatic Gauze,999,
TOOL_HOVER,340982,12/6/2022 1:27:16 PM,76542d1c-e74d-4f7b-8737-39d1953d38e6,Hemostatic Gauze,999,
TOOL_HOVER,340999,12/6/2022 1:27:16 PM,76542d1c-e74d-4f7b-8737-39d1953d38e6,Hemostatic Gauze,999,
TOOL_HOVER,341016,12/6/2022 1:27:16 PM,76542d1c-e74d-4f7b-8737-39d1953d38e6,Hemostatic Gauze,999,
TOOL_HOVER,341033,12/6/2022 1:27:16 PM,76542d1c-e74d-4f7b-8737-39d1953d38e6,Hemostatic Gauze,999,
TOOL_HOVER,341050,12/6/2022 1:27:16 PM,76542d1c-e74d-4f7b-8737-39d1953d38e6,Hemostatic Gauze,999,
TOOL_HOVER,341066,12/6/2022 1:27:16 PM,76542d1c-e74d-4f7b-8737-39d1953d38e6,Hemostatic Gauze,999,
TOOL_HOVER,341082,12/6/2022 1:27:16 PM,76542d1c-e74d-4f7b-8737-39d1953d38e6,Hemostatic Gauze,999,
TOOL_HOVER,341099,12/6/2022 1:27:16 PM,76542d1c-e74d-4f7b-8737-39d1953d38e6,Hemostatic Gauze,999,
TOOL_HOVER,341116,12/6/2022 1:27:16 PM,76542d1c-e74d-4f7b-8737-39d1953d38e6,Hemostatic Gauze,999,
TOOL_HOVER,341132,12/6/2022 1:27:16 PM,76542d1c-e74d-4f7b-8737-39d1953d38e6,Hemostatic Gauze,999,
TOOL_HOVER,341150,12/6/2022 1:27:16 PM,76542d1c-e74d-4f7b-8737-39d1953d38e6,Hemostatic Gauze,999,
TOOL_HOVER,341166,12/6/2022 1:27:16 PM,76542d1c-e74d-4f7b-8737-39d1953d38e6,Hemostatic Gauze,999,
TOOL_HOVER,341182,12/6/2022 1:27:16 PM,76542d1c-e74d-4f7b-8737-39d1953d38e6,Hemostatic Gauze,999,
TOOL_HOVER,341199,12/6/2022 1:27:16 PM,76542d1c-e74d-4f7b-8737-39d1953d38e6,Hemostatic Gauze,999,
TOOL_HOVER,341216,12/6/2022 1:27:16 PM,76542d1c-e74d-4f7b-8737-39d1953d38e6,Hemostatic Gauze,999,
TOOL_HOVER,341232,12/6/2022 1:27:16 PM,76542d1c-e74d-4f7b-8737-39d1953d38e6,Hemostatic Gauze,999,
TOOL_HOVER,341249,12/6/2022 1:27:16 PM,76542d1c-e74d-4f7b-8737-39d1953d38e6,Hemostatic Gauze,999,
TOOL_HOVER,341266,12/6/2022 1:27:16 PM,76542d1c-e74d-4f7b-8737-39d1953d38e6,Hemostatic Gauze,999,
TOOL_HOVER,341283,12/6/2022 1:27:16 PM,76542d1c-e74d-4f7b-8737-39d1953d38e6,Hemostatic Gauze,999,
TOOL_HOVER,341299,12/6/2022 1:27:16 PM,76542d1c-e74d-4f7b-8737-39d1953d38e6,Hemostatic Gauze,999,
TOOL_HOVER,341316,12/6/2022 1:27:16 PM,76542d1c-e74d-4f7b-8737-39d1953d38e6,Hemostatic Gauze,999,
TOOL_HOVER,341333,12/6/2022 1:27:16 PM,76542d1c-e74d-4f7b-8737-39d1953d38e6,Hemostatic Gauze,999,
TOOL_HOVER,341350,12/6/2022 1:27:16 PM,76542d1c-e74d-4f7b-8737-39d1953d38e6,Hemostatic Gauze,999,
TOOL_HOVER,341366,12/6/2022 1:27:16 PM,76542d1c-e74d-4f7b-8737-39d1953d38e6,Hemostatic Gauze,999,
TOOL_SELECTED,341367,12/6/2022 1:27:16 PM,76542d1c-e74d-4f7b-8737-39d1953d38e6,Hemostatic Gauze,998,
TOOL_DISCARDED,343082,12/6/2022 1:27:18 PM,76542d1c-e74d-4f7b-8737-39d1953d38e6,Hemostatic Gauze,998,"(2.8, 0.3, 0.4)",
INJURY_TREATED,343082,12/6/2022 1:27:18 PM,76542d1c-e74d-4f7b-8737-39d1953d38e6,L Thigh Laceration,Mike_1 Root,tourniquet,medium,leftLeg,True,True,"(2.8, 0.3, 0.4)",
TOOL_APPLIED,343084,12/6/2022 1:27:18 PM,76542d1c-e74d-4f7b-8737-39d1953d38e6,Mike_1 Root,Gauze_Pack,skinCollider_BodyCollideLOD (UnityEngine.GameObject),null,null,AppliedPackingGauze,
VOICE_CAPTURE,348130,12/6/2022 1:27:23 PM,76542d1c-e74d-4f7b-8737-39d1953d38e6,OK,NA,
TAG_SELECTED,350098,12/6/2022 1:27:25 PM,76542d1c-e74d-4f7b-8737-39d1953d38e6,yellow,
VOICE_CAPTURE,351230,12/6/2022 1:27:26 PM,76542d1c-e74d-4f7b-8737-39d1953d38e6,OK,NA,
TAG_APPLIED,351731,12/6/2022 1:27:26 PM,76542d1c-e74d-4f7b-8737-39d1953d38e6,Mike_1 Root,yellow,
BAG_CLOSED,355496,12/6/2022 1:27:30 PM,76542d1c-e74d-4f7b-8737-39d1953d38e6,"(2.6, 0.4, 0.7)",
TELEPORT,355496,12/6/2022 1:27:30 PM,76542d1c-e74d-4f7b-8737-39d1953d38e6,"(2.1, 0.0, 1.2)",
PATIENT_ENGAGED,359044,12/6/2022 1:27:34 PM,76542d1c-e74d-4f7b-8737-39d1953d38e6,100,Infinity,Mike_0 Root,"(2.8, 0.0, -3.8)","(0.0, 0.6, 0.0, 0.8)",DELAYED,walker,normal,normal,normal,upset,sittingGround,
TELEPORT,362027,12/6/2022 1:27:37 PM,76542d1c-e74d-4f7b-8737-39d1953d38e6,"(2.2, 0.0, -2.3)",
VOICE_CAPTURE,362227,12/6/2022 1:27:37 PM,76542d1c-e74d-4f7b-8737-39d1953d38e6,as soon as you start moving in that's when,NA,
VOICE_CAPTURE,363293,12/6/2022 1:27:38 PM,76542d1c-e74d-4f7b-8737-39d1953d38e6,OK,NA,
PULSE_TAKEN,364476,12/6/2022 1:27:39 PM,76542d1c-e74d-4f7b-8737-39d1953d38e6,pulse_normal,Mike_0 Root,
PULSE_TAKEN,365093,12/6/2022 1:27:40 PM,76542d1c-e74d-4f7b-8737-39d1953d38e6,pulse_normal,Mike_0 Root,
PULSE_TAKEN,365710,12/6/2022 1:27:40 PM,76542d1c-e74d-4f7b-8737-39d1953d38e6,pulse_normal,Mike_0 Root,
VOICE_CAPTURE,370907,12/6/2022 1:27:46 PM,76542d1c-e74d-4f7b-8737-39d1953d38e6,can i see your arm,NA,
VOICE_CAPTURE,373174,12/6/2022 1:27:48 PM,76542d1c-e74d-4f7b-8737-39d1953d38e6,show me,NA,
VOICE_COMMAND,373174,12/6/2022 1:27:48 PM,76542d1c-e74d-4f7b-8737-39d1953d38e6,reveal injury,show me,
TOOL_HOVER,388404,12/6/2022 1:28:03 PM,76542d1c-e74d-4f7b-8737-39d1953d38e6,Gauze,1000,
TOOL_HOVER,388421,12/6/2022 1:28:03 PM,76542d1c-e74d-4f7b-8737-39d1953d38e6,Gauze,1000,
TOOL_HOVER,388439,12/6/2022 1:28:03 PM,76542d1c-e74d-4f7b-8737-39d1953d38e6,Gauze,1000,
TOOL_HOVER,388455,12/6/2022 1:28:03 PM,76542d1c-e74d-4f7b-8737-39d1953d38e6,Gauze,1000,
TOOL_HOVER,388471,12/6/2022 1:28:03 PM,76542d1c-e74d-4f7b-8737-39d1953d38e6,Gauze,1000,
TOOL_HOVER,388489,12/6/2022 1:28:03 PM,76542d1c-e74d-4f7b-8737-39d1953d38e6,Gauze,1000,
BAG_ACCESS,389504,12/6/2022 1:28:04 PM,76542d1c-e74d-4f7b-8737-39d1953d38e6,"(2.3, 0.4, -3.1)",
PULSE_TAKEN,391069,12/6/2022 1:28:06 PM,76542d1c-e74d-4f7b-8737-39d1953d38e6,pulse_normal,Mike_0 Root,
PULSE_TAKEN,391870,12/6/2022 1:28:07 PM,76542d1c-e74d-4f7b-8737-39d1953d38e6,pulse_normal,Mike_0 Root,
TOOL_HOVER,400152,12/6/2022 1:28:15 PM,76542d1c-e74d-4f7b-8737-39d1953d38e6,Needle,997,
TOOL_HOVER,400169,12/6/2022 1:28:15 PM,76542d1c-e74d-4f7b-8737-39d1953d38e6,Needle,997,
TOOL_HOVER,400186,12/6/2022 1:28:15 PM,76542d1c-e74d-4f7b-8737-39d1953d38e6,Needle,997,
TOOL_HOVER,400202,12/6/2022 1:28:15 PM,76542d1c-e74d-4f7b-8737-39d1953d38e6,Needle,997,
TOOL_HOVER,400219,12/6/2022 1:28:15 PM,76542d1c-e74d-4f7b-8737-39d1953d38e6,Needle,997,
TOOL_HOVER,400236,12/6/2022 1:28:15 PM,76542d1c-e74d-4f7b-8737-39d1953d38e6,Needle,997,
TOOL_HOVER,400253,12/6/2022 1:28:15 PM,76542d1c-e74d-4f7b-8737-39d1953d38e6,Needle,997,
TOOL_HOVER,400269,12/6/2022 1:28:15 PM,76542d1c-e74d-4f7b-8737-39d1953d38e6,Needle,997,
TOOL_HOVER,400284,12/6/2022 1:28:15 PM,76542d1c-e74d-4f7b-8737-39d1953d38e6,Needle,997,
TOOL_HOVER,400302,12/6/2022 1:28:15 PM,76542d1c-e74d-4f7b-8737-39d1953d38e6,Needle,997,
TOOL_HOVER,400318,12/6/2022 1:28:15 PM,76542d1c-e74d-4f7b-8737-39d1953d38e6,Needle,997,
TOOL_HOVER,400335,12/6/2022 1:28:15 PM,76542d1c-e74d-4f7b-8737-39d1953d38e6,Needle,997,
TOOL_HOVER,400951,12/6/2022 1:28:16 PM,76542d1c-e74d-4f7b-8737-39d1953d38e6,Needle,997,
TOOL_HOVER,400968,12/6/2022 1:28:16 PM,76542d1c-e74d-4f7b-8737-39d1953d38e6,Needle,997,
TOOL_HOVER,400986,12/6/2022 1:28:16 PM,76542d1c-e74d-4f7b-8737-39d1953d38e6,Needle,997,
TOOL_HOVER,401002,12/6/2022 1:28:16 PM,76542d1c-e74d-4f7b-8737-39d1953d38e6,Needle,997,
TOOL_HOVER,401018,12/6/2022 1:28:16 PM,76542d1c-e74d-4f7b-8737-39d1953d38e6,Needle,997,
TOOL_HOVER,401038,12/6/2022 1:28:16 PM,76542d1c-e74d-4f7b-8737-39d1953d38e6,Needle,997,
TOOL_HOVER,401753,12/6/2022 1:28:16 PM,76542d1c-e74d-4f7b-8737-39d1953d38e6,Tourniquet,997,
TOOL_HOVER,401768,12/6/2022 1:28:17 PM,76542d1c-e74d-4f7b-8737-39d1953d38e6,Tourniquet,997,
TOOL_HOVER,401786,12/6/2022 1:28:17 PM,76542d1c-e74d-4f7b-8737-39d1953d38e6,Tourniquet,997,
TOOL_HOVER,401802,12/6/2022 1:28:17 PM,76542d1c-e74d-4f7b-8737-39d1953d38e6,Tourniquet,997,
TOOL_HOVER,401818,12/6/2022 1:28:17 PM,76542d1c-e74d-4f7b-8737-39d1953d38e6,Tourniquet,997,
TOOL_HOVER,401834,12/6/2022 1:28:17 PM,76542d1c-e74d-4f7b-8737-39d1953d38e6,Tourniquet,997,
TOOL_HOVER,401851,12/6/2022 1:28:17 PM,76542d1c-e74d-4f7b-8737-39d1953d38e6,Tourniquet,997,
TOOL_HOVER,401868,12/6/2022 1:28:17 PM,76542d1c-e74d-4f7b-8737-39d1953d38e6,Tourniquet,997,
TOOL_HOVER,401884,12/6/2022 1:28:17 PM,76542d1c-e74d-4f7b-8737-39d1953d38e6,Tourniquet,997,
TOOL_HOVER,401901,12/6/2022 1:28:17 PM,76542d1c-e74d-4f7b-8737-39d1953d38e6,Tourniquet,997,
TOOL_HOVER,401918,12/6/2022 1:28:17 PM,76542d1c-e74d-4f7b-8737-39d1953d38e6,Tourniquet,997,
TOOL_HOVER,401934,12/6/2022 1:28:17 PM,76542d1c-e74d-4f7b-8737-39d1953d38e6,Tourniquet,997,
TOOL_HOVER,401952,12/6/2022 1:28:17 PM,76542d1c-e74d-4f7b-8737-39d1953d38e6,Tourniquet,997,
TOOL_HOVER,401968,12/6/2022 1:28:17 PM,76542d1c-e74d-4f7b-8737-39d1953d38e6,Tourniquet,997,
TOOL_HOVER,401985,12/6/2022 1:28:17 PM,76542d1c-e74d-4f7b-8737-39d1953d38e6,Tourniquet,997,
TOOL_HOVER,402001,12/6/2022 1:28:17 PM,76542d1c-e74d-4f7b-8737-39d1953d38e6,Tourniquet,997,
TOOL_HOVER,402018,12/6/2022 1:28:17 PM,76542d1c-e74d-4f7b-8737-39d1953d38e6,Tourniquet,997,
TOOL_HOVER,402034,12/6/2022 1:28:17 PM,76542d1c-e74d-4f7b-8737-39d1953d38e6,Tourniquet,997,
TOOL_HOVER,402052,12/6/2022 1:28:17 PM,76542d1c-e74d-4f7b-8737-39d1953d38e6,Tourniquet,997,
TOOL_HOVER,402068,12/6/2022 1:28:17 PM,76542d1c-e74d-4f7b-8737-39d1953d38e6,Tourniquet,997,
TOOL_HOVER,402085,12/6/2022 1:28:17 PM,76542d1c-e74d-4f7b-8737-39d1953d38e6,Tourniquet,997,
TOOL_HOVER,402103,12/6/2022 1:28:17 PM,76542d1c-e74d-4f7b-8737-39d1953d38e6,Tourniquet,997,
TOOL_HOVER,402118,12/6/2022 1:28:17 PM,76542d1c-e74d-4f7b-8737-39d1953d38e6,Tourniquet,997,
TOOL_HOVER,402136,12/6/2022 1:28:17 PM,76542d1c-e74d-4f7b-8737-39d1953d38e6,Tourniquet,997,
TOOL_HOVER,402154,12/6/2022 1:28:17 PM,76542d1c-e74d-4f7b-8737-39d1953d38e6,Tourniquet,997,
TOOL_HOVER,402168,12/6/2022 1:28:17 PM,76542d1c-e74d-4f7b-8737-39d1953d38e6,Tourniquet,997,
TOOL_HOVER,402185,12/6/2022 1:28:17 PM,76542d1c-e74d-4f7b-8737-39d1953d38e6,Tourniquet,997,
TOOL_HOVER,402202,12/6/2022 1:28:17 PM,76542d1c-e74d-4f7b-8737-39d1953d38e6,Tourniquet,997,
TOOL_HOVER,402221,12/6/2022 1:28:17 PM,76542d1c-e74d-4f7b-8737-39d1953d38e6,Tourniquet,997,
TOOL_HOVER,402235,12/6/2022 1:28:17 PM,76542d1c-e74d-4f7b-8737-39d1953d38e6,Tourniquet,997,
TOOL_HOVER,402251,12/6/2022 1:28:17 PM,76542d1c-e74d-4f7b-8737-39d1953d38e6,Tourniquet,997,
TOOL_HOVER,402268,12/6/2022 1:28:17 PM,76542d1c-e74d-4f7b-8737-39d1953d38e6,Tourniquet,997,
TOOL_HOVER,402285,12/6/2022 1:28:17 PM,76542d1c-e74d-4f7b-8737-39d1953d38e6,Tourniquet,997,
TOOL_HOVER,402301,12/6/2022 1:28:17 PM,76542d1c-e74d-4f7b-8737-39d1953d38e6,Tourniquet,997,
TOOL_HOVER,402319,12/6/2022 1:28:17 PM,76542d1c-e74d-4f7b-8737-39d1953d38e6,Tourniquet,997,
TOOL_HOVER,402335,12/6/2022 1:28:17 PM,76542d1c-e74d-4f7b-8737-39d1953d38e6,Tourniquet,997,
TOOL_HOVER,402352,12/6/2022 1:28:17 PM,76542d1c-e74d-4f7b-8737-39d1953d38e6,Gauze,1000,
TOOL_HOVER,402372,12/6/2022 1:28:17 PM,76542d1c-e74d-4f7b-8737-39d1953d38e6,Gauze,1000,
TOOL_HOVER,402386,12/6/2022 1:28:17 PM,76542d1c-e74d-4f7b-8737-39d1953d38e6,Gauze,1000,
TOOL_HOVER,402402,12/6/2022 1:28:17 PM,76542d1c-e74d-4f7b-8737-39d1953d38e6,Gauze,1000,
TOOL_HOVER,402419,12/6/2022 1:28:17 PM,76542d1c-e74d-4f7b-8737-39d1953d38e6,Gauze,1000,
TOOL_HOVER,402434,12/6/2022 1:28:17 PM,76542d1c-e74d-4f7b-8737-39d1953d38e6,Gauze,1000,
TOOL_HOVER,402451,12/6/2022 1:28:17 PM,76542d1c-e74d-4f7b-8737-39d1953d38e6,Gauze,1000,
TOOL_HOVER,402467,12/6/2022 1:28:17 PM,76542d1c-e74d-4f7b-8737-39d1953d38e6,Gauze,1000,
TOOL_HOVER,402485,12/6/2022 1:28:17 PM,76542d1c-e74d-4f7b-8737-39d1953d38e6,Gauze,1000,
TOOL_HOVER,402501,12/6/2022 1:28:17 PM,76542d1c-e74d-4f7b-8737-39d1953d38e6,Gauze,1000,
TOOL_HOVER,402518,12/6/2022 1:28:17 PM,76542d1c-e74d-4f7b-8737-39d1953d38e6,Gauze,1000,
TOOL_HOVER,402534,12/6/2022 1:28:17 PM,76542d1c-e74d-4f7b-8737-39d1953d38e6,Gauze,1000,
TOOL_HOVER,402551,12/6/2022 1:28:17 PM,76542d1c-e74d-4f7b-8737-39d1953d38e6,Tourniquet,997,
TOOL_HOVER,402568,12/6/2022 1:28:17 PM,76542d1c-e74d-4f7b-8737-39d1953d38e6,Tourniquet,997,
TOOL_HOVER,402586,12/6/2022 1:28:17 PM,76542d1c-e74d-4f7b-8737-39d1953d38e6,Tourniquet,997,
TOOL_HOVER,402601,12/6/2022 1:28:17 PM,76542d1c-e74d-4f7b-8737-39d1953d38e6,Tourniquet,997,
TOOL_HOVER,402618,12/6/2022 1:28:17 PM,76542d1c-e74d-4f7b-8737-39d1953d38e6,Tourniquet,997,
TOOL_HOVER,402635,12/6/2022 1:28:17 PM,76542d1c-e74d-4f7b-8737-39d1953d38e6,Tourniquet,997,
TOOL_SELECTED,402636,12/6/2022 1:28:17 PM,76542d1c-e74d-4f7b-8737-39d1953d38e6,Tourniquet,996,
TOOL_DISCARDED,403385,12/6/2022 1:28:18 PM,76542d1c-e74d-4f7b-8737-39d1953d38e6,Tourniquet,996,"(3.1, 0.9, -3.1)",
TOOL_HOVER,403451,12/6/2022 1:28:18 PM,76542d1c-e74d-4f7b-8737-39d1953d38e6,Tourniquet,997,
TOOL_HOVER,403468,12/6/2022 1:28:18 PM,76542d1c-e74d-4f7b-8737-39d1953d38e6,Tourniquet,997,
TOOL_HOVER,403485,12/6/2022 1:28:18 PM,76542d1c-e74d-4f7b-8737-39d1953d38e6,Tourniquet,997,
TOOL_HOVER,403501,12/6/2022 1:28:18 PM,76542d1c-e74d-4f7b-8737-39d1953d38e6,Tourniquet,997,
TOOL_HOVER,403519,12/6/2022 1:28:18 PM,76542d1c-e74d-4f7b-8737-39d1953d38e6,Tourniquet,997,
TOOL_HOVER,403535,12/6/2022 1:28:18 PM,76542d1c-e74d-4f7b-8737-39d1953d38e6,Tourniquet,997,
TOOL_HOVER,403551,12/6/2022 1:28:18 PM,76542d1c-e74d-4f7b-8737-39d1953d38e6,Tourniquet,997,
TOOL_HOVER,403567,12/6/2022 1:28:18 PM,76542d1c-e74d-4f7b-8737-39d1953d38e6,Tourniquet,997,
TOOL_HOVER,403584,12/6/2022 1:28:18 PM,76542d1c-e74d-4f7b-8737-39d1953d38e6,Tourniquet,997,
TOOL_HOVER,403601,12/6/2022 1:28:18 PM,76542d1c-e74d-4f7b-8737-39d1953d38e6,Tourniquet,997,
TOOL_HOVER,403617,12/6/2022 1:28:18 PM,76542d1c-e74d-4f7b-8737-39d1953d38e6,Tourniquet,997,
TOOL_HOVER,403634,12/6/2022 1:28:18 PM,76542d1c-e74d-4f7b-8737-39d1953d38e6,Tourniquet,997,
TOOL_HOVER,403652,12/6/2022 1:28:18 PM,76542d1c-e74d-4f7b-8737-39d1953d38e6,Tourniquet,997,
TOOL_HOVER,403668,12/6/2022 1:28:18 PM,76542d1c-e74d-4f7b-8737-39d1953d38e6,Tourniquet,997,
TOOL_HOVER,403684,12/6/2022 1:28:18 PM,76542d1c-e74d-4f7b-8737-39d1953d38e6,Tourniquet,997,
TOOL_HOVER,403701,12/6/2022 1:28:18 PM,76542d1c-e74d-4f7b-8737-39d1953d38e6,Tourniquet,997,
TOOL_HOVER,403718,12/6/2022 1:28:18 PM,76542d1c-e74d-4f7b-8737-39d1953d38e6,Tourniquet,997,
TOOL_HOVER,403735,12/6/2022 1:28:18 PM,76542d1c-e74d-4f7b-8737-39d1953d38e6,Tourniquet,997,
TOOL_HOVER,403754,12/6/2022 1:28:18 PM,76542d1c-e74d-4f7b-8737-39d1953d38e6,Gauze,1000,
TOOL_HOVER,403767,12/6/2022 1:28:19 PM,76542d1c-e74d-4f7b-8737-39d1953d38e6,Gauze,1000,
TOOL_HOVER,403785,12/6/2022 1:28:19 PM,76542d1c-e74d-4f7b-8737-39d1953d38e6,Gauze,1000,
TOOL_HOVER,403801,12/6/2022 1:28:19 PM,76542d1c-e74d-4f7b-8737-39d1953d38e6,Gauze,1000,
TOOL_HOVER,403818,12/6/2022 1:28:19 PM,76542d1c-e74d-4f7b-8737-39d1953d38e6,Gauze,1000,
TOOL_HOVER,403835,12/6/2022 1:28:19 PM,76542d1c-e74d-4f7b-8737-39d1953d38e6,Gauze,1000,
TOOL_HOVER,403851,12/6/2022 1:28:19 PM,76542d1c-e74d-4f7b-8737-39d1953d38e6,Gauze,1000,
TOOL_HOVER,403868,12/6/2022 1:28:19 PM,76542d1c-e74d-4f7b-8737-39d1953d38e6,Gauze,1000,
TOOL_HOVER,403884,12/6/2022 1:28:19 PM,76542d1c-e74d-4f7b-8737-39d1953d38e6,Gauze,1000,
TOOL_HOVER,403901,12/6/2022 1:28:19 PM,76542d1c-e74d-4f7b-8737-39d1953d38e6,Gauze,1000,
TOOL_HOVER,403918,12/6/2022 1:28:19 PM,76542d1c-e74d-4f7b-8737-39d1953d38e6,Gauze,1000,
TOOL_HOVER,403934,12/6/2022 1:28:19 PM,76542d1c-e74d-4f7b-8737-39d1953d38e6,Gauze,1000,
TOOL_HOVER,403951,12/6/2022 1:28:19 PM,76542d1c-e74d-4f7b-8737-39d1953d38e6,Gauze,1000,
TOOL_HOVER,403970,12/6/2022 1:28:19 PM,76542d1c-e74d-4f7b-8737-39d1953d38e6,Gauze,1000,
TOOL_HOVER,403984,12/6/2022 1:28:19 PM,76542d1c-e74d-4f7b-8737-39d1953d38e6,Gauze,1000,
TOOL_HOVER,404000,12/6/2022 1:28:19 PM,76542d1c-e74d-4f7b-8737-39d1953d38e6,Gauze,1000,
TOOL_HOVER,404018,12/6/2022 1:28:19 PM,76542d1c-e74d-4f7b-8737-39d1953d38e6,Gauze,1000,
TOOL_HOVER,404034,12/6/2022 1:28:19 PM,76542d1c-e74d-4f7b-8737-39d1953d38e6,Gauze,1000,
TOOL_HOVER,404051,12/6/2022 1:28:19 PM,76542d1c-e74d-4f7b-8737-39d1953d38e6,Gauze,1000,
TOOL_HOVER,404067,12/6/2022 1:28:19 PM,76542d1c-e74d-4f7b-8737-39d1953d38e6,Gauze,1000,
TOOL_HOVER,404085,12/6/2022 1:28:19 PM,76542d1c-e74d-4f7b-8737-39d1953d38e6,Gauze,1000,
TOOL_HOVER,404101,12/6/2022 1:28:19 PM,76542d1c-e74d-4f7b-8737-39d1953d38e6,Gauze,1000,
TOOL_HOVER,404117,12/6/2022 1:28:19 PM,76542d1c-e74d-4f7b-8737-39d1953d38e6,Gauze,1000,
TOOL_HOVER,404134,12/6/2022 1:28:19 PM,76542d1c-e74d-4f7b-8737-39d1953d38e6,Gauze,1000,
TOOL_HOVER,404151,12/6/2022 1:28:19 PM,76542d1c-e74d-4f7b-8737-39d1953d38e6,Gauze,1000,
TOOL_HOVER,404168,12/6/2022 1:28:19 PM,76542d1c-e74d-4f7b-8737-39d1953d38e6,Gauze,1000,
TOOL_HOVER,404184,12/6/2022 1:28:19 PM,76542d1c-e74d-4f7b-8737-39d1953d38e6,Gauze,1000,
TOOL_HOVER,404201,12/6/2022 1:28:19 PM,76542d1c-e74d-4f7b-8737-39d1953d38e6,Gauze,1000,
TOOL_SELECTED,404202,12/6/2022 1:28:19 PM,76542d1c-e74d-4f7b-8737-39d1953d38e6,Gauze,999,
TOOL_DISCARDED,407733,12/6/2022 1:28:22 PM,76542d1c-e74d-4f7b-8737-39d1953d38e6,Gauze,999,"(2.6, 0.5, -3.9)",
INJURY_TREATED,407733,12/6/2022 1:28:22 PM,76542d1c-e74d-4f7b-8737-39d1953d38e6,R Forearm Laceration,Mike_0 Root,gauzePressure,low,rightArm,True,False,"(2.6, 0.5, -3.9)",
TOOL_APPLIED,407733,12/6/2022 1:28:22 PM,76542d1c-e74d-4f7b-8737-39d1953d38e6,Mike_0 Root,Gauze_Dressing,skinCollider_BodyCollideLOD (UnityEngine.GameObject),null,null,AppliedDressingGauze,
TOOL_HOVER,410349,12/6/2022 1:28:25 PM,76542d1c-e74d-4f7b-8737-39d1953d38e6,Hemostatic Gauze,999,
TOOL_HOVER,410365,12/6/2022 1:28:25 PM,76542d1c-e74d-4f7b-8737-39d1953d38e6,Hemostatic Gauze,999,
TOOL_HOVER,410385,12/6/2022 1:28:25 PM,76542d1c-e74d-4f7b-8737-39d1953d38e6,Hemostatic Gauze,999,
TOOL_HOVER,410400,12/6/2022 1:28:25 PM,76542d1c-e74d-4f7b-8737-39d1953d38e6,Hemostatic Gauze,999,
TOOL_HOVER,410416,12/6/2022 1:28:25 PM,76542d1c-e74d-4f7b-8737-39d1953d38e6,Hemostatic Gauze,999,
TOOL_HOVER,410432,12/6/2022 1:28:25 PM,76542d1c-e74d-4f7b-8737-39d1953d38e6,Hemostatic Gauze,999,
TOOL_HOVER,410449,12/6/2022 1:28:25 PM,76542d1c-e74d-4f7b-8737-39d1953d38e6,Hemostatic Gauze,999,
TOOL_HOVER,410466,12/6/2022 1:28:25 PM,76542d1c-e74d-4f7b-8737-39d1953d38e6,Hemostatic Gauze,999,
TOOL_HOVER,410482,12/6/2022 1:28:25 PM,76542d1c-e74d-4f7b-8737-39d1953d38e6,Hemostatic Gauze,999,
TOOL_HOVER,410498,12/6/2022 1:28:25 PM,76542d1c-e74d-4f7b-8737-39d1953d38e6,Hemostatic Gauze,999,
TOOL_HOVER,410515,12/6/2022 1:28:25 PM,76542d1c-e74d-4f7b-8737-39d1953d38e6,Hemostatic Gauze,999,
TOOL_HOVER,410533,12/6/2022 1:28:25 PM,76542d1c-e74d-4f7b-8737-39d1953d38e6,Hemostatic Gauze,999,
TOOL_HOVER,410749,12/6/2022 1:28:25 PM,76542d1c-e74d-4f7b-8737-39d1953d38e6,Hemostatic Gauze,999,
TOOL_HOVER,410766,12/6/2022 1:28:26 PM,76542d1c-e74d-4f7b-8737-39d1953d38e6,Hemostatic Gauze,999,
TOOL_HOVER,410782,12/6/2022 1:28:26 PM,76542d1c-e74d-4f7b-8737-39d1953d38e6,Hemostatic Gauze,999,
TOOL_HOVER,410799,12/6/2022 1:28:26 PM,76542d1c-e74d-4f7b-8737-39d1953d38e6,Hemostatic Gauze,999,
TOOL_HOVER,410816,12/6/2022 1:28:26 PM,76542d1c-e74d-4f7b-8737-39d1953d38e6,Hemostatic Gauze,999,
TOOL_HOVER,410832,12/6/2022 1:28:26 PM,76542d1c-e74d-4f7b-8737-39d1953d38e6,Hemostatic Gauze,999,
TOOL_HOVER,410849,12/6/2022 1:28:26 PM,76542d1c-e74d-4f7b-8737-39d1953d38e6,Hemostatic Gauze,999,
TOOL_HOVER,410866,12/6/2022 1:28:26 PM,76542d1c-e74d-4f7b-8737-39d1953d38e6,Hemostatic Gauze,999,
TOOL_HOVER,410882,12/6/2022 1:28:26 PM,76542d1c-e74d-4f7b-8737-39d1953d38e6,Hemostatic Gauze,999,
TOOL_HOVER,410899,12/6/2022 1:28:26 PM,76542d1c-e74d-4f7b-8737-39d1953d38e6,Hemostatic Gauze,999,
TOOL_HOVER,410916,12/6/2022 1:28:26 PM,76542d1c-e74d-4f7b-8737-39d1953d38e6,Hemostatic Gauze,999,
TOOL_HOVER,410932,12/6/2022 1:28:26 PM,76542d1c-e74d-4f7b-8737-39d1953d38e6,Hemostatic Gauze,999,
TOOL_HOVER,410949,12/6/2022 1:28:26 PM,76542d1c-e74d-4f7b-8737-39d1953d38e6,Hemostatic Gauze,999,
TOOL_HOVER,410966,12/6/2022 1:28:26 PM,76542d1c-e74d-4f7b-8737-39d1953d38e6,Hemostatic Gauze,999,
TOOL_HOVER,410983,12/6/2022 1:28:26 PM,76542d1c-e74d-4f7b-8737-39d1953d38e6,Hemostatic Gauze,999,
TOOL_HOVER,411000,12/6/2022 1:28:26 PM,76542d1c-e74d-4f7b-8737-39d1953d38e6,Hemostatic Gauze,999,
TOOL_HOVER,411015,12/6/2022 1:28:26 PM,76542d1c-e74d-4f7b-8737-39d1953d38e6,Hemostatic Gauze,999,
TOOL_HOVER,411033,12/6/2022 1:28:26 PM,76542d1c-e74d-4f7b-8737-39d1953d38e6,Hemostatic Gauze,999,
TOOL_HOVER,411049,12/6/2022 1:28:26 PM,76542d1c-e74d-4f7b-8737-39d1953d38e6,Hemostatic Gauze,999,
TOOL_HOVER,411066,12/6/2022 1:28:26 PM,76542d1c-e74d-4f7b-8737-39d1953d38e6,Hemostatic Gauze,999,
TOOL_HOVER,411082,12/6/2022 1:28:26 PM,76542d1c-e74d-4f7b-8737-39d1953d38e6,Hemostatic Gauze,999,
TOOL_HOVER,411102,12/6/2022 1:28:26 PM,76542d1c-e74d-4f7b-8737-39d1953d38e6,Hemostatic Gauze,999,
TOOL_HOVER,411115,12/6/2022 1:28:26 PM,76542d1c-e74d-4f7b-8737-39d1953d38e6,Hemostatic Gauze,999,
TOOL_HOVER,411132,12/6/2022 1:28:26 PM,76542d1c-e74d-4f7b-8737-39d1953d38e6,Hemostatic Gauze,999,
TAG_SELECTED,411649,12/6/2022 1:28:26 PM,76542d1c-e74d-4f7b-8737-39d1953d38e6,black,
TAG_DISCARDED,414901,12/6/2022 1:28:30 PM,76542d1c-e74d-4f7b-8737-39d1953d38e6,black,"(2.8, 0.7, -3.4)",
TOOL_HOVER,415648,12/6/2022 1:28:30 PM,76542d1c-e74d-4f7b-8737-39d1953d38e6,Hemostatic Gauze,999,
TOOL_HOVER,415664,12/6/2022 1:28:30 PM,76542d1c-e74d-4f7b-8737-39d1953d38e6,Hemostatic Gauze,999,
TOOL_HOVER,415681,12/6/2022 1:28:30 PM,76542d1c-e74d-4f7b-8737-39d1953d38e6,Hemostatic Gauze,999,
TOOL_HOVER,415698,12/6/2022 1:28:30 PM,76542d1c-e74d-4f7b-8737-39d1953d38e6,Hemostatic Gauze,999,
TOOL_HOVER,415714,12/6/2022 1:28:30 PM,76542d1c-e74d-4f7b-8737-39d1953d38e6,Hemostatic Gauze,999,
TOOL_HOVER,415731,12/6/2022 1:28:30 PM,76542d1c-e74d-4f7b-8737-39d1953d38e6,Hemostatic Gauze,999,
TOOL_HOVER,416148,12/6/2022 1:28:31 PM,76542d1c-e74d-4f7b-8737-39d1953d38e6,Hemostatic Gauze,999,
TOOL_HOVER,416165,12/6/2022 1:28:31 PM,76542d1c-e74d-4f7b-8737-39d1953d38e6,Hemostatic Gauze,999,
TOOL_HOVER,416181,12/6/2022 1:28:31 PM,76542d1c-e74d-4f7b-8737-39d1953d38e6,Hemostatic Gauze,999,
TOOL_HOVER,416198,12/6/2022 1:28:31 PM,76542d1c-e74d-4f7b-8737-39d1953d38e6,Hemostatic Gauze,999,
TOOL_HOVER,416217,12/6/2022 1:28:31 PM,76542d1c-e74d-4f7b-8737-39d1953d38e6,Hemostatic Gauze,999,
TOOL_HOVER,416231,12/6/2022 1:28:31 PM,76542d1c-e74d-4f7b-8737-39d1953d38e6,Hemostatic Gauze,999,
TOOL_HOVER,416248,12/6/2022 1:28:31 PM,76542d1c-e74d-4f7b-8737-39d1953d38e6,Hemostatic Gauze,999,
TOOL_HOVER,416266,12/6/2022 1:28:31 PM,76542d1c-e74d-4f7b-8737-39d1953d38e6,Hemostatic Gauze,999,
TOOL_HOVER,416281,12/6/2022 1:28:31 PM,76542d1c-e74d-4f7b-8737-39d1953d38e6,Hemostatic Gauze,999,
TOOL_HOVER,416298,12/6/2022 1:28:31 PM,76542d1c-e74d-4f7b-8737-39d1953d38e6,Hemostatic Gauze,999,
TOOL_HOVER,416314,12/6/2022 1:28:31 PM,76542d1c-e74d-4f7b-8737-39d1953d38e6,Hemostatic Gauze,999,
TOOL_HOVER,416331,12/6/2022 1:28:31 PM,76542d1c-e74d-4f7b-8737-39d1953d38e6,Hemostatic Gauze,999,
TOOL_HOVER,416347,12/6/2022 1:28:31 PM,76542d1c-e74d-4f7b-8737-39d1953d38e6,Hemostatic Gauze,999,
TOOL_HOVER,416365,12/6/2022 1:28:31 PM,76542d1c-e74d-4f7b-8737-39d1953d38e6,Hemostatic Gauze,999,
TOOL_HOVER,416381,12/6/2022 1:28:31 PM,76542d1c-e74d-4f7b-8737-39d1953d38e6,Hemostatic Gauze,999,
TOOL_HOVER,416398,12/6/2022 1:28:31 PM,76542d1c-e74d-4f7b-8737-39d1953d38e6,Hemostatic Gauze,999,
TOOL_HOVER,416415,12/6/2022 1:28:31 PM,76542d1c-e74d-4f7b-8737-39d1953d38e6,Hemostatic Gauze,999,
TOOL_HOVER,416432,12/6/2022 1:28:31 PM,76542d1c-e74d-4f7b-8737-39d1953d38e6,Hemostatic Gauze,999,
TOOL_HOVER,416648,12/6/2022 1:28:31 PM,76542d1c-e74d-4f7b-8737-39d1953d38e6,Hemostatic Gauze,999,
TOOL_HOVER,416665,12/6/2022 1:28:31 PM,76542d1c-e74d-4f7b-8737-39d1953d38e6,Hemostatic Gauze,999,
TOOL_HOVER,416681,12/6/2022 1:28:31 PM,76542d1c-e74d-4f7b-8737-39d1953d38e6,Hemostatic Gauze,999,
TOOL_HOVER,416698,12/6/2022 1:28:31 PM,76542d1c-e74d-4f7b-8737-39d1953d38e6,Hemostatic Gauze,999,
TOOL_HOVER,416715,12/6/2022 1:28:31 PM,76542d1c-e74d-4f7b-8737-39d1953d38e6,Hemostatic Gauze,999,
TOOL_HOVER,416732,12/6/2022 1:28:31 PM,76542d1c-e74d-4f7b-8737-39d1953d38e6,Hemostatic Gauze,999,
TOOL_HOVER,416747,12/6/2022 1:28:31 PM,76542d1c-e74d-4f7b-8737-39d1953d38e6,Hemostatic Gauze,999,
TOOL_HOVER,416764,12/6/2022 1:28:32 PM,76542d1c-e74d-4f7b-8737-39d1953d38e6,Hemostatic Gauze,999,
TOOL_HOVER,416780,12/6/2022 1:28:32 PM,76542d1c-e74d-4f7b-8737-39d1953d38e6,Hemostatic Gauze,999,
TOOL_HOVER,416797,12/6/2022 1:28:32 PM,76542d1c-e74d-4f7b-8737-39d1953d38e6,Hemostatic Gauze,999,
TOOL_HOVER,416815,12/6/2022 1:28:32 PM,76542d1c-e74d-4f7b-8737-39d1953d38e6,Hemostatic Gauze,999,
TOOL_HOVER,416831,12/6/2022 1:28:32 PM,76542d1c-e74d-4f7b-8737-39d1953d38e6,Hemostatic Gauze,999,
TOOL_HOVER,416848,12/6/2022 1:28:32 PM,76542d1c-e74d-4f7b-8737-39d1953d38e6,Hemostatic Gauze,999,
TOOL_HOVER,416864,12/6/2022 1:28:32 PM,76542d1c-e74d-4f7b-8737-39d1953d38e6,Hemostatic Gauze,999,
TOOL_HOVER,416880,12/6/2022 1:28:32 PM,76542d1c-e74d-4f7b-8737-39d1953d38e6,Hemostatic Gauze,999,
TOOL_HOVER,416898,12/6/2022 1:28:32 PM,76542d1c-e74d-4f7b-8737-39d1953d38e6,Hemostatic Gauze,999,
TOOL_HOVER,416915,12/6/2022 1:28:32 PM,76542d1c-e74d-4f7b-8737-39d1953d38e6,Hemostatic Gauze,999,
TOOL_HOVER,416931,12/6/2022 1:28:32 PM,76542d1c-e74d-4f7b-8737-39d1953d38e6,Hemostatic Gauze,999,
TOOL_HOVER,416948,12/6/2022 1:28:32 PM,76542d1c-e74d-4f7b-8737-39d1953d38e6,Hemostatic Gauze,999,
TOOL_HOVER,416965,12/6/2022 1:28:32 PM,76542d1c-e74d-4f7b-8737-39d1953d38e6,Hemostatic Gauze,999,
TOOL_HOVER,416981,12/6/2022 1:28:32 PM,76542d1c-e74d-4f7b-8737-39d1953d38e6,Hemostatic Gauze,999,
TOOL_HOVER,416998,12/6/2022 1:28:32 PM,76542d1c-e74d-4f7b-8737-39d1953d38e6,Hemostatic Gauze,999,
TOOL_HOVER,417015,12/6/2022 1:28:32 PM,76542d1c-e74d-4f7b-8737-39d1953d38e6,Hemostatic Gauze,999,
TOOL_HOVER,417030,12/6/2022 1:28:32 PM,76542d1c-e74d-4f7b-8737-39d1953d38e6,Hemostatic Gauze,999,
TOOL_HOVER,417047,12/6/2022 1:28:32 PM,76542d1c-e74d-4f7b-8737-39d1953d38e6,Hemostatic Gauze,999,
TOOL_HOVER,417063,12/6/2022 1:28:32 PM,76542d1c-e74d-4f7b-8737-39d1953d38e6,Hemostatic Gauze,999,
TOOL_HOVER,417080,12/6/2022 1:28:32 PM,76542d1c-e74d-4f7b-8737-39d1953d38e6,Hemostatic Gauze,999,
TOOL_HOVER,417097,12/6/2022 1:28:32 PM,76542d1c-e74d-4f7b-8737-39d1953d38e6,Hemostatic Gauze,999,
TOOL_HOVER,417115,12/6/2022 1:28:32 PM,76542d1c-e74d-4f7b-8737-39d1953d38e6,Hemostatic Gauze,999,
TOOL_HOVER,417131,12/6/2022 1:28:32 PM,76542d1c-e74d-4f7b-8737-39d1953d38e6,Hemostatic Gauze,999,
TOOL_HOVER,417147,12/6/2022 1:28:32 PM,76542d1c-e74d-4f7b-8737-39d1953d38e6,Hemostatic Gauze,999,
TOOL_HOVER,417164,12/6/2022 1:28:32 PM,76542d1c-e74d-4f7b-8737-39d1953d38e6,Hemostatic Gauze,999,
TOOL_HOVER,417180,12/6/2022 1:28:32 PM,76542d1c-e74d-4f7b-8737-39d1953d38e6,Hemostatic Gauze,999,
TOOL_HOVER,417198,12/6/2022 1:28:32 PM,76542d1c-e74d-4f7b-8737-39d1953d38e6,Hemostatic Gauze,999,
TOOL_HOVER,417216,12/6/2022 1:28:32 PM,76542d1c-e74d-4f7b-8737-39d1953d38e6,Hemostatic Gauze,999,
TOOL_HOVER,417231,12/6/2022 1:28:32 PM,76542d1c-e74d-4f7b-8737-39d1953d38e6,Hemostatic Gauze,999,
TOOL_HOVER,417248,12/6/2022 1:28:32 PM,76542d1c-e74d-4f7b-8737-39d1953d38e6,Hemostatic Gauze,999,
TOOL_HOVER,417264,12/6/2022 1:28:32 PM,76542d1c-e74d-4f7b-8737-39d1953d38e6,Hemostatic Gauze,999,
TOOL_HOVER,417281,12/6/2022 1:28:32 PM,76542d1c-e74d-4f7b-8737-39d1953d38e6,Hemostatic Gauze,999,
TOOL_HOVER,417298,12/6/2022 1:28:32 PM,76542d1c-e74d-4f7b-8737-39d1953d38e6,Hemostatic Gauze,999,
TOOL_HOVER,417315,12/6/2022 1:28:32 PM,76542d1c-e74d-4f7b-8737-39d1953d38e6,Hemostatic Gauze,999,
TOOL_HOVER,417331,12/6/2022 1:28:32 PM,76542d1c-e74d-4f7b-8737-39d1953d38e6,Hemostatic Gauze,999,
TOOL_HOVER,417348,12/6/2022 1:28:32 PM,76542d1c-e74d-4f7b-8737-39d1953d38e6,Hemostatic Gauze,999,
TOOL_HOVER,417364,12/6/2022 1:28:32 PM,76542d1c-e74d-4f7b-8737-39d1953d38e6,Hemostatic Gauze,999,
TOOL_HOVER,417380,12/6/2022 1:28:32 PM,76542d1c-e74d-4f7b-8737-39d1953d38e6,Hemostatic Gauze,999,
TOOL_HOVER,417397,12/6/2022 1:28:32 PM,76542d1c-e74d-4f7b-8737-39d1953d38e6,Hemostatic Gauze,999,
TOOL_HOVER,417414,12/6/2022 1:28:32 PM,76542d1c-e74d-4f7b-8737-39d1953d38e6,Hemostatic Gauze,999,
TOOL_HOVER,417431,12/6/2022 1:28:32 PM,76542d1c-e74d-4f7b-8737-39d1953d38e6,Hemostatic Gauze,999,
TOOL_HOVER,417448,12/6/2022 1:28:32 PM,76542d1c-e74d-4f7b-8737-39d1953d38e6,Hemostatic Gauze,999,
TOOL_HOVER,417463,12/6/2022 1:28:32 PM,76542d1c-e74d-4f7b-8737-39d1953d38e6,Hemostatic Gauze,999,
TOOL_HOVER,417481,12/6/2022 1:28:32 PM,76542d1c-e74d-4f7b-8737-39d1953d38e6,Hemostatic Gauze,999,
TOOL_HOVER,417498,12/6/2022 1:28:32 PM,76542d1c-e74d-4f7b-8737-39d1953d38e6,Hemostatic Gauze,999,
TOOL_HOVER,417515,12/6/2022 1:28:32 PM,76542d1c-e74d-4f7b-8737-39d1953d38e6,Hemostatic Gauze,999,
TOOL_HOVER,417535,12/6/2022 1:28:32 PM,76542d1c-e74d-4f7b-8737-39d1953d38e6,Hemostatic Gauze,999,
TOOL_HOVER,417547,12/6/2022 1:28:32 PM,76542d1c-e74d-4f7b-8737-39d1953d38e6,Hemostatic Gauze,999,
TOOL_HOVER,417564,12/6/2022 1:28:32 PM,76542d1c-e74d-4f7b-8737-39d1953d38e6,Hemostatic Gauze,999,
TOOL_HOVER,417581,12/6/2022 1:28:32 PM,76542d1c-e74d-4f7b-8737-39d1953d38e6,Hemostatic Gauze,999,
TOOL_HOVER,417598,12/6/2022 1:28:32 PM,76542d1c-e74d-4f7b-8737-39d1953d38e6,Hemostatic Gauze,999,
TOOL_HOVER,417614,12/6/2022 1:28:32 PM,76542d1c-e74d-4f7b-8737-39d1953d38e6,Hemostatic Gauze,999,
TOOL_HOVER,417630,12/6/2022 1:28:32 PM,76542d1c-e74d-4f7b-8737-39d1953d38e6,Hemostatic Gauze,999,
TOOL_HOVER,417647,12/6/2022 1:28:32 PM,76542d1c-e74d-4f7b-8737-39d1953d38e6,Hemostatic Gauze,999,
TOOL_HOVER,417666,12/6/2022 1:28:32 PM,76542d1c-e74d-4f7b-8737-39d1953d38e6,Hemostatic Gauze,999,
TOOL_HOVER,417680,12/6/2022 1:28:32 PM,76542d1c-e74d-4f7b-8737-39d1953d38e6,Hemostatic Gauze,999,
TOOL_HOVER,417697,12/6/2022 1:28:32 PM,76542d1c-e74d-4f7b-8737-39d1953d38e6,Hemostatic Gauze,999,
TOOL_HOVER,417715,12/6/2022 1:28:32 PM,76542d1c-e74d-4f7b-8737-39d1953d38e6,Hemostatic Gauze,999,
TOOL_HOVER,417734,12/6/2022 1:28:32 PM,76542d1c-e74d-4f7b-8737-39d1953d38e6,Hemostatic Gauze,999,
TOOL_HOVER,417746,12/6/2022 1:28:32 PM,76542d1c-e74d-4f7b-8737-39d1953d38e6,Hemostatic Gauze,999,
TOOL_HOVER,417764,12/6/2022 1:28:33 PM,76542d1c-e74d-4f7b-8737-39d1953d38e6,Hemostatic Gauze,999,
TOOL_HOVER,417781,12/6/2022 1:28:33 PM,76542d1c-e74d-4f7b-8737-39d1953d38e6,Hemostatic Gauze,999,
TOOL_HOVER,417796,12/6/2022 1:28:33 PM,76542d1c-e74d-4f7b-8737-39d1953d38e6,Hemostatic Gauze,999,
TOOL_HOVER,417813,12/6/2022 1:28:33 PM,76542d1c-e74d-4f7b-8737-39d1953d38e6,Hemostatic Gauze,999,
TOOL_HOVER,417831,12/6/2022 1:28:33 PM,76542d1c-e74d-4f7b-8737-39d1953d38e6,Hemostatic Gauze,999,
TOOL_HOVER,417847,12/6/2022 1:28:33 PM,76542d1c-e74d-4f7b-8737-39d1953d38e6,Hemostatic Gauze,999,
TOOL_HOVER,417865,12/6/2022 1:28:33 PM,76542d1c-e74d-4f7b-8737-39d1953d38e6,Hemostatic Gauze,999,
TOOL_HOVER,417880,12/6/2022 1:28:33 PM,76542d1c-e74d-4f7b-8737-39d1953d38e6,Hemostatic Gauze,999,
TOOL_HOVER,417898,12/6/2022 1:28:33 PM,76542d1c-e74d-4f7b-8737-39d1953d38e6,Hemostatic Gauze,999,
TOOL_HOVER,417913,12/6/2022 1:28:33 PM,76542d1c-e74d-4f7b-8737-39d1953d38e6,Hemostatic Gauze,999,
TOOL_HOVER,417931,12/6/2022 1:28:33 PM,76542d1c-e74d-4f7b-8737-39d1953d38e6,Hemostatic Gauze,999,
TOOL_HOVER,417947,12/6/2022 1:28:33 PM,76542d1c-e74d-4f7b-8737-39d1953d38e6,Hemostatic Gauze,999,
TOOL_HOVER,417964,12/6/2022 1:28:33 PM,76542d1c-e74d-4f7b-8737-39d1953d38e6,Hemostatic Gauze,999,
TOOL_HOVER,417980,12/6/2022 1:28:33 PM,76542d1c-e74d-4f7b-8737-39d1953d38e6,Hemostatic Gauze,999,
TOOL_HOVER,417997,12/6/2022 1:28:33 PM,76542d1c-e74d-4f7b-8737-39d1953d38e6,Hemostatic Gauze,999,
TOOL_HOVER,418014,12/6/2022 1:28:33 PM,76542d1c-e74d-4f7b-8737-39d1953d38e6,Hemostatic Gauze,999,
TOOL_HOVER,418031,12/6/2022 1:28:33 PM,76542d1c-e74d-4f7b-8737-39d1953d38e6,Hemostatic Gauze,999,
TOOL_HOVER,418048,12/6/2022 1:28:33 PM,76542d1c-e74d-4f7b-8737-39d1953d38e6,Hemostatic Gauze,999,
TOOL_HOVER,418063,12/6/2022 1:28:33 PM,76542d1c-e74d-4f7b-8737-39d1953d38e6,Hemostatic Gauze,999,
TOOL_HOVER,418080,12/6/2022 1:28:33 PM,76542d1c-e74d-4f7b-8737-39d1953d38e6,Hemostatic Gauze,999,
TOOL_HOVER,418098,12/6/2022 1:28:33 PM,76542d1c-e74d-4f7b-8737-39d1953d38e6,Hemostatic Gauze,999,
TOOL_HOVER,418114,12/6/2022 1:28:33 PM,76542d1c-e74d-4f7b-8737-39d1953d38e6,Hemostatic Gauze,999,
TOOL_HOVER,418131,12/6/2022 1:28:33 PM,76542d1c-e74d-4f7b-8737-39d1953d38e6,Hemostatic Gauze,999,
TAG_SELECTED,418547,12/6/2022 1:28:33 PM,76542d1c-e74d-4f7b-8737-39d1953d38e6,black,
TAG_DISCARDED,420313,12/6/2022 1:28:35 PM,76542d1c-e74d-4f7b-8737-39d1953d38e6,black,"(2.9, 0.7, -3.5)",
TOOL_HOVER,420646,12/6/2022 1:28:35 PM,76542d1c-e74d-4f7b-8737-39d1953d38e6,Hemostatic Gauze,999,
TOOL_HOVER,420664,12/6/2022 1:28:35 PM,76542d1c-e74d-4f7b-8737-39d1953d38e6,Hemostatic Gauze,999,
TOOL_HOVER,420680,12/6/2022 1:28:35 PM,76542d1c-e74d-4f7b-8737-39d1953d38e6,Hemostatic Gauze,999,
TOOL_HOVER,420697,12/6/2022 1:28:35 PM,76542d1c-e74d-4f7b-8737-39d1953d38e6,Hemostatic Gauze,999,
TOOL_HOVER,420718,12/6/2022 1:28:35 PM,76542d1c-e74d-4f7b-8737-39d1953d38e6,Hemostatic Gauze,999,
TOOL_HOVER,420730,12/6/2022 1:28:35 PM,76542d1c-e74d-4f7b-8737-39d1953d38e6,Hemostatic Gauze,999,
TAG_SELECTED,421030,12/6/2022 1:28:36 PM,76542d1c-e74d-4f7b-8737-39d1953d38e6,green,
TAG_APPLIED,423164,12/6/2022 1:28:38 PM,76542d1c-e74d-4f7b-8737-39d1953d38e6,Mike_0 Root,green,
BAG_CLOSED,427930,12/6/2022 1:28:43 PM,76542d1c-e74d-4f7b-8737-39d1953d38e6,"(2.3, 0.4, -3.1)",
TELEPORT,431144,12/6/2022 1:28:46 PM,76542d1c-e74d-4f7b-8737-39d1953d38e6,"(2.2, 0.0, -2.7)",
TELEPORT,432059,12/6/2022 1:28:47 PM,76542d1c-e74d-4f7b-8737-39d1953d38e6,"(2.2, 0.0, -2.7)",
PATIENT_ENGAGED,434478,12/6/2022 1:28:49 PM,76542d1c-e74d-4f7b-8737-39d1953d38e6,100,Infinity,Mike_2 Root,"(5.2, 0.0, -3.4)","(0.0, 0.7, 0.0, -0.8)",IMMEDIATE,walker,fast,normal,normal,upset,sittingGround,
VOICE_CAPTURE,439207,12/6/2022 1:28:54 PM,76542d1c-e74d-4f7b-8737-39d1953d38e6,oh nice,NA,
BAG_ACCESS,441975,12/6/2022 1:28:57 PM,76542d1c-e74d-4f7b-8737-39d1953d38e6,"(4.7, 0.5, -3.7)",
TOOL_HOVER,443442,12/6/2022 1:28:58 PM,76542d1c-e74d-4f7b-8737-39d1953d38e6,Hemostatic Gauze,999,
TOOL_HOVER,443463,12/6/2022 1:28:58 PM,76542d1c-e74d-4f7b-8737-39d1953d38e6,Hemostatic Gauze,999,
TOOL_HOVER,443484,12/6/2022 1:28:58 PM,76542d1c-e74d-4f7b-8737-39d1953d38e6,Hemostatic Gauze,999,
TOOL_HOVER,443503,12/6/2022 1:28:58 PM,76542d1c-e74d-4f7b-8737-39d1953d38e6,Hemostatic Gauze,999,
TOOL_HOVER,443524,12/6/2022 1:28:58 PM,76542d1c-e74d-4f7b-8737-39d1953d38e6,Hemostatic Gauze,999,
TOOL_HOVER,443545,12/6/2022 1:28:58 PM,76542d1c-e74d-4f7b-8737-39d1953d38e6,Hemostatic Gauze,999,
TOOL_HOVER,443565,12/6/2022 1:28:58 PM,76542d1c-e74d-4f7b-8737-39d1953d38e6,Hemostatic Gauze,999,
TOOL_HOVER,443586,12/6/2022 1:28:58 PM,76542d1c-e74d-4f7b-8737-39d1953d38e6,Hemostatic Gauze,999,
TOOL_HOVER,443607,12/6/2022 1:28:58 PM,76542d1c-e74d-4f7b-8737-39d1953d38e6,Hemostatic Gauze,999,
TOOL_HOVER,443628,12/6/2022 1:28:58 PM,76542d1c-e74d-4f7b-8737-39d1953d38e6,Hemostatic Gauze,999,
TOOL_HOVER,443648,12/6/2022 1:28:58 PM,76542d1c-e74d-4f7b-8737-39d1953d38e6,Hemostatic Gauze,999,
TOOL_HOVER,443668,12/6/2022 1:28:58 PM,76542d1c-e74d-4f7b-8737-39d1953d38e6,Hemostatic Gauze,999,
TOOL_HOVER,443688,12/6/2022 1:28:58 PM,76542d1c-e74d-4f7b-8737-39d1953d38e6,Hemostatic Gauze,999,
TOOL_HOVER,443709,12/6/2022 1:28:58 PM,76542d1c-e74d-4f7b-8737-39d1953d38e6,Hemostatic Gauze,999,
TOOL_HOVER,443730,12/6/2022 1:28:58 PM,76542d1c-e74d-4f7b-8737-39d1953d38e6,Hemostatic Gauze,999,
TOOL_HOVER,443750,12/6/2022 1:28:58 PM,76542d1c-e74d-4f7b-8737-39d1953d38e6,Hemostatic Gauze,999,
TOOL_HOVER,443770,12/6/2022 1:28:59 PM,76542d1c-e74d-4f7b-8737-39d1953d38e6,Hemostatic Gauze,999,
TOOL_HOVER,443790,12/6/2022 1:28:59 PM,76542d1c-e74d-4f7b-8737-39d1953d38e6,Hemostatic Gauze,999,
TOOL_HOVER,443814,12/6/2022 1:28:59 PM,76542d1c-e74d-4f7b-8737-39d1953d38e6,Hemostatic Gauze,999,
TOOL_HOVER,443833,12/6/2022 1:28:59 PM,76542d1c-e74d-4f7b-8737-39d1953d38e6,Hemostatic Gauze,999,
TOOL_HOVER,443853,12/6/2022 1:28:59 PM,76542d1c-e74d-4f7b-8737-39d1953d38e6,Hemostatic Gauze,999,
TOOL_HOVER,443874,12/6/2022 1:28:59 PM,76542d1c-e74d-4f7b-8737-39d1953d38e6,Hemostatic Gauze,999,
TOOL_HOVER,443895,12/6/2022 1:28:59 PM,76542d1c-e74d-4f7b-8737-39d1953d38e6,Hemostatic Gauze,999,
TOOL_HOVER,443914,12/6/2022 1:28:59 PM,76542d1c-e74d-4f7b-8737-39d1953d38e6,Hemostatic Gauze,999,
TOOL_HOVER,443935,12/6/2022 1:28:59 PM,76542d1c-e74d-4f7b-8737-39d1953d38e6,Hemostatic Gauze,999,
TOOL_SELECTED,443936,12/6/2022 1:28:59 PM,76542d1c-e74d-4f7b-8737-39d1953d38e6,Hemostatic Gauze,998,
TOOL_DISCARDED,446082,12/6/2022 1:29:01 PM,76542d1c-e74d-4f7b-8737-39d1953d38e6,Hemostatic Gauze,998,"(5.5, 0.5, -3.3)",
INJURY_TREATED,446082,12/6/2022 1:29:01 PM,76542d1c-e74d-4f7b-8737-39d1953d38e6,L Shoulder Puncture,Mike_2 Root,woundpack,medium,chest,True,False,"(5.5, 0.5, -3.3)",
TOOL_APPLIED,446082,12/6/2022 1:29:01 PM,76542d1c-e74d-4f7b-8737-39d1953d38e6,Mike_2 Root,Gauze_Pack,skinCollider_BodyCollideLOD (UnityEngine.GameObject),null,null,AppliedPackingGauze,
PULSE_TAKEN,448190,12/6/2022 1:29:03 PM,76542d1c-e74d-4f7b-8737-39d1953d38e6,pulse_fast,Mike_2 Root,
PULSE_TAKEN,449289,12/6/2022 1:29:04 PM,76542d1c-e74d-4f7b-8737-39d1953d38e6,pulse_fast,Mike_2 Root,
TAG_SELECTED,452856,12/6/2022 1:29:08 PM,76542d1c-e74d-4f7b-8737-39d1953d38e6,yellow,
TAG_APPLIED,454905,12/6/2022 1:29:10 PM,76542d1c-e74d-4f7b-8737-39d1953d38e6,Mike_2 Root,yellow,
BAG_CLOSED,461389,12/6/2022 1:29:16 PM,76542d1c-e74d-4f7b-8737-39d1953d38e6,"(4.7, 0.5, -3.7)",
VOICE_CAPTURE,462470,12/6/2022 1:29:17 PM,76542d1c-e74d-4f7b-8737-39d1953d38e6,that's all of the features,NA,
VOICE_CAPTURE,465219,12/6/2022 1:29:20 PM,76542d1c-e74d-4f7b-8737-39d1953d38e6,can i lift up,NA,
SESSION_END,467320,12/6/2022 1:29:22 PM,76542d1c-e74d-4f7b-8737-39d1953d38e6,
