TELEPORT,4193,12/7/2022 12:35:54 PM,82852d0c-0f69-4bc0-bc5e-073071a8dc0f,"(1.9, 0.0, 1.2)",
TELEPORT,5011,12/7/2022 12:35:55 PM,82852d0c-0f69-4bc0-bc5e-073071a8dc0f,"(1.9, 0.0, 0.9)",
PATIENT_ENGAGED,6113,12/7/2022 12:35:56 PM,82852d0c-0f69-4bc0-bc5e-073071a8dc0f,100,128,Mike Root,"(3.2, 0.0, -1.0)","(0.0, 0.2, 0.0, -1.0)",MINIMAL,walker,normal,normal,normal,calm,standing,
VOICE_CAPTURE,15519,12/7/2022 12:36:05 PM,82852d0c-0f69-4bc0-bc5e-073071a8dc0f,and then if you wanna try,NA,
TELEPORT,16437,12/7/2022 12:36:06 PM,82852d0c-0f69-4bc0-bc5e-073071a8dc0f,"(2.1, 0.0, 0.7)",
TELEPORT,17507,12/7/2022 12:36:07 PM,82852d0c-0f69-4bc0-bc5e-073071a8dc0f,"(2.1, 0.0, 0.2)",
VOICE_CAPTURE,18659,12/7/2022 12:36:08 PM,82852d0c-0f69-4bc0-bc5e-073071a8dc0f,push that right forward,NA,
TELEPORT,20648,12/7/2022 12:36:10 PM,82852d0c-0f69-4bc0-bc5e-073071a8dc0f,"(2.1, 0.0, 0.2)",
VOICE_CAPTURE,21935,12/7/2022 12:36:12 PM,82852d0c-0f69-4bc0-bc5e-073071a8dc0f,over breakfast,NA,
VOICE_CAPTURE,25960,12/7/2022 12:36:16 PM,82852d0c-0f69-4bc0-bc5e-073071a8dc0f,yeah and then you,NA,
VOICE_CAPTURE,28049,12/7/2022 12:36:18 PM,82852d0c-0f69-4bc0-bc5e-073071a8dc0f,here you go,NA,
TELEPORT,29670,12/7/2022 12:36:19 PM,82852d0c-0f69-4bc0-bc5e-073071a8dc0f,"(0.2, 0.0, -3.8)",
VOICE_CAPTURE,30939,12/7/2022 12:36:21 PM,82852d0c-0f69-4bc0-bc5e-073071a8dc0f,you turn around,NA,
VOICE_CAPTURE,33331,12/7/2022 12:36:23 PM,82852d0c-0f69-4bc0-bc5e-073071a8dc0f,go back home,NA,
PULSE_TAKEN,37540,12/7/2022 12:36:27 PM,82852d0c-0f69-4bc0-bc5e-073071a8dc0f,pulse_normal,Mike Root,
VOICE_CAPTURE,38726,12/7/2022 12:36:28 PM,82852d0c-0f69-4bc0-bc5e-073071a8dc0f,you're alright,NA,
PULSE_TAKEN,39427,12/7/2022 12:36:29 PM,82852d0c-0f69-4bc0-bc5e-073071a8dc0f,pulse_normal,Mike Root,
PULSE_TAKEN,39527,12/7/2022 12:36:29 PM,82852d0c-0f69-4bc0-bc5e-073071a8dc0f,pulse_normal,Mike Root,
PULSE_TAKEN,39611,12/7/2022 12:36:29 PM,82852d0c-0f69-4bc0-bc5e-073071a8dc0f,pulse_normal,Mike Root,
PULSE_TAKEN,39645,12/7/2022 12:36:29 PM,82852d0c-0f69-4bc0-bc5e-073071a8dc0f,pulse_normal,Mike Root,
PULSE_TAKEN,39727,12/7/2022 12:36:29 PM,82852d0c-0f69-4bc0-bc5e-073071a8dc0f,pulse_normal,Mike Root,
PULSE_TAKEN,39778,12/7/2022 12:36:30 PM,82852d0c-0f69-4bc0-bc5e-073071a8dc0f,pulse_normal,Mike Root,
VOICE_CAPTURE,46210,12/7/2022 12:36:36 PM,82852d0c-0f69-4bc0-bc5e-073071a8dc0f,yep he's got a pulse can you lay down for me,NA,
VOICE_COMMAND,46210,12/7/2022 12:36:36 PM,82852d0c-0f69-4bc0-bc5e-073071a8dc0f,lay down,yep he's got a pulse can you lay down for me,
VOICE_CAPTURE,50181,12/7/2022 12:36:40 PM,82852d0c-0f69-4bc0-bc5e-073071a8dc0f,stand,NA,
VOICE_COMMAND,50181,12/7/2022 12:36:40 PM,82852d0c-0f69-4bc0-bc5e-073071a8dc0f,stand up,stand,
VOICE_CAPTURE,53487,12/7/2022 12:36:43 PM,82852d0c-0f69-4bc0-bc5e-073071a8dc0f,stand,NA,
VOICE_COMMAND,53487,12/7/2022 12:36:43 PM,82852d0c-0f69-4bc0-bc5e-073071a8dc0f,stand up,stand,
VOICE_CAPTURE,55055,12/7/2022 12:36:45 PM,82852d0c-0f69-4bc0-bc5e-073071a8dc0f,alright go ahead and stand back up stand up,NA,
VOICE_COMMAND,55055,12/7/2022 12:36:45 PM,82852d0c-0f69-4bc0-bc5e-073071a8dc0f,stand up,alright go ahead and stand back up stand up,
VOICE_CAPTURE,56978,12/7/2022 12:36:47 PM,82852d0c-0f69-4bc0-bc5e-073071a8dc0f,stand,NA,
VOICE_COMMAND,56978,12/7/2022 12:36:47 PM,82852d0c-0f69-4bc0-bc5e-073071a8dc0f,stand up,stand,
VOICE_CAPTURE,58314,12/7/2022 12:36:48 PM,82852d0c-0f69-4bc0-bc5e-073071a8dc0f,can you stand up for me,NA,
VOICE_COMMAND,58314,12/7/2022 12:36:48 PM,82852d0c-0f69-4bc0-bc5e-073071a8dc0f,stand up,can you stand up for me,
VOICE_CAPTURE,60787,12/7/2022 12:36:51 PM,82852d0c-0f69-4bc0-bc5e-073071a8dc0f,stand,NA,
VOICE_COMMAND,60787,12/7/2022 12:36:51 PM,82852d0c-0f69-4bc0-bc5e-073071a8dc0f,stand up,stand,
VOICE_CAPTURE,65932,12/7/2022 12:36:56 PM,82852d0c-0f69-4bc0-bc5e-073071a8dc0f,stand up,NA,
VOICE_COMMAND,65932,12/7/2022 12:36:56 PM,82852d0c-0f69-4bc0-bc5e-073071a8dc0f,stand up,stand up,
VOICE_CAPTURE,66233,12/7/2022 12:36:56 PM,82852d0c-0f69-4bc0-bc5e-073071a8dc0f,stand,NA,
VOICE_COMMAND,66234,12/7/2022 12:36:56 PM,82852d0c-0f69-4bc0-bc5e-073071a8dc0f,stand up,stand,
VOICE_CAPTURE,75815,12/7/2022 12:37:06 PM,82852d0c-0f69-4bc0-bc5e-073071a8dc0f,at the corner of my eye,NA,
TOOL_HOVER,80243,12/7/2022 12:37:10 PM,82852d0c-0f69-4bc0-bc5e-073071a8dc0f,Needle,999,
TOOL_HOVER,80260,12/7/2022 12:37:10 PM,82852d0c-0f69-4bc0-bc5e-073071a8dc0f,Needle,999,
TOOL_HOVER,80276,12/7/2022 12:37:10 PM,82852d0c-0f69-4bc0-bc5e-073071a8dc0f,Needle,999,
TOOL_HOVER,80292,12/7/2022 12:37:10 PM,82852d0c-0f69-4bc0-bc5e-073071a8dc0f,Needle,999,
TOOL_HOVER,80308,12/7/2022 12:37:10 PM,82852d0c-0f69-4bc0-bc5e-073071a8dc0f,Needle,999,
TOOL_HOVER,80325,12/7/2022 12:37:10 PM,82852d0c-0f69-4bc0-bc5e-073071a8dc0f,Needle,999,
BAG_ACCESS,80326,12/7/2022 12:37:10 PM,82852d0c-0f69-4bc0-bc5e-073071a8dc0f,"(3.0, 0.4, -0.4)",
TOOL_HOVER,81445,12/7/2022 12:37:11 PM,82852d0c-0f69-4bc0-bc5e-073071a8dc0f,Needle,999,
TOOL_HOVER,81463,12/7/2022 12:37:11 PM,82852d0c-0f69-4bc0-bc5e-073071a8dc0f,Needle,999,
TOOL_HOVER,81478,12/7/2022 12:37:11 PM,82852d0c-0f69-4bc0-bc5e-073071a8dc0f,Needle,999,
TOOL_HOVER,81496,12/7/2022 12:37:11 PM,82852d0c-0f69-4bc0-bc5e-073071a8dc0f,Needle,999,
TOOL_HOVER,81512,12/7/2022 12:37:11 PM,82852d0c-0f69-4bc0-bc5e-073071a8dc0f,Needle,999,
TOOL_HOVER,81529,12/7/2022 12:37:11 PM,82852d0c-0f69-4bc0-bc5e-073071a8dc0f,Needle,999,
TOOL_HOVER,81546,12/7/2022 12:37:11 PM,82852d0c-0f69-4bc0-bc5e-073071a8dc0f,Needle,999,
TOOL_HOVER,81561,12/7/2022 12:37:11 PM,82852d0c-0f69-4bc0-bc5e-073071a8dc0f,Needle,999,
TOOL_HOVER,81579,12/7/2022 12:37:11 PM,82852d0c-0f69-4bc0-bc5e-073071a8dc0f,Needle,999,
TOOL_HOVER,81595,12/7/2022 12:37:11 PM,82852d0c-0f69-4bc0-bc5e-073071a8dc0f,Needle,999,
TOOL_HOVER,81612,12/7/2022 12:37:11 PM,82852d0c-0f69-4bc0-bc5e-073071a8dc0f,Needle,999,
TOOL_HOVER,81632,12/7/2022 12:37:11 PM,82852d0c-0f69-4bc0-bc5e-073071a8dc0f,Needle,999,
TOOL_HOVER,81645,12/7/2022 12:37:11 PM,82852d0c-0f69-4bc0-bc5e-073071a8dc0f,Needle,999,
TOOL_HOVER,81664,12/7/2022 12:37:11 PM,82852d0c-0f69-4bc0-bc5e-073071a8dc0f,Needle,999,
TOOL_HOVER,81680,12/7/2022 12:37:11 PM,82852d0c-0f69-4bc0-bc5e-073071a8dc0f,Needle,999,
TOOL_HOVER,81696,12/7/2022 12:37:11 PM,82852d0c-0f69-4bc0-bc5e-073071a8dc0f,Needle,999,
TOOL_HOVER,81712,12/7/2022 12:37:11 PM,82852d0c-0f69-4bc0-bc5e-073071a8dc0f,Needle,999,
TOOL_HOVER,81729,12/7/2022 12:37:11 PM,82852d0c-0f69-4bc0-bc5e-073071a8dc0f,Needle,999,
TOOL_HOVER,81747,12/7/2022 12:37:11 PM,82852d0c-0f69-4bc0-bc5e-073071a8dc0f,Needle,999,
TOOL_HOVER,81763,12/7/2022 12:37:12 PM,82852d0c-0f69-4bc0-bc5e-073071a8dc0f,Needle,999,
TOOL_HOVER,81779,12/7/2022 12:37:12 PM,82852d0c-0f69-4bc0-bc5e-073071a8dc0f,Needle,999,
TOOL_HOVER,81796,12/7/2022 12:37:12 PM,82852d0c-0f69-4bc0-bc5e-073071a8dc0f,Needle,999,
TOOL_HOVER,81814,12/7/2022 12:37:12 PM,82852d0c-0f69-4bc0-bc5e-073071a8dc0f,Needle,999,
TOOL_HOVER,81830,12/7/2022 12:37:12 PM,82852d0c-0f69-4bc0-bc5e-073071a8dc0f,Needle,999,
TOOL_HOVER,81846,12/7/2022 12:37:12 PM,82852d0c-0f69-4bc0-bc5e-073071a8dc0f,Needle,999,
TOOL_HOVER,81863,12/7/2022 12:37:12 PM,82852d0c-0f69-4bc0-bc5e-073071a8dc0f,Needle,999,
TOOL_HOVER,81879,12/7/2022 12:37:12 PM,82852d0c-0f69-4bc0-bc5e-073071a8dc0f,Needle,999,
TOOL_HOVER,81897,12/7/2022 12:37:12 PM,82852d0c-0f69-4bc0-bc5e-073071a8dc0f,Needle,999,
TOOL_HOVER,81914,12/7/2022 12:37:12 PM,82852d0c-0f69-4bc0-bc5e-073071a8dc0f,Needle,999,
TOOL_HOVER,81930,12/7/2022 12:37:12 PM,82852d0c-0f69-4bc0-bc5e-073071a8dc0f,Needle,999,
TOOL_HOVER,81948,12/7/2022 12:37:12 PM,82852d0c-0f69-4bc0-bc5e-073071a8dc0f,Needle,999,
TOOL_HOVER,81963,12/7/2022 12:37:12 PM,82852d0c-0f69-4bc0-bc5e-073071a8dc0f,Needle,999,
TOOL_HOVER,81980,12/7/2022 12:37:12 PM,82852d0c-0f69-4bc0-bc5e-073071a8dc0f,Needle,999,
TOOL_HOVER,81997,12/7/2022 12:37:12 PM,82852d0c-0f69-4bc0-bc5e-073071a8dc0f,Needle,999,
TOOL_HOVER,82013,12/7/2022 12:37:12 PM,82852d0c-0f69-4bc0-bc5e-073071a8dc0f,Needle,999,
TOOL_HOVER,82030,12/7/2022 12:37:12 PM,82852d0c-0f69-4bc0-bc5e-073071a8dc0f,Needle,999,
TOOL_HOVER,82046,12/7/2022 12:37:12 PM,82852d0c-0f69-4bc0-bc5e-073071a8dc0f,Needle,999,
TOOL_HOVER,82063,12/7/2022 12:37:12 PM,82852d0c-0f69-4bc0-bc5e-073071a8dc0f,Needle,999,
TOOL_HOVER,82079,12/7/2022 12:37:12 PM,82852d0c-0f69-4bc0-bc5e-073071a8dc0f,Needle,999,
TOOL_HOVER,82096,12/7/2022 12:37:12 PM,82852d0c-0f69-4bc0-bc5e-073071a8dc0f,Needle,999,
TOOL_HOVER,82114,12/7/2022 12:37:12 PM,82852d0c-0f69-4bc0-bc5e-073071a8dc0f,Needle,999,
TOOL_HOVER,82130,12/7/2022 12:37:12 PM,82852d0c-0f69-4bc0-bc5e-073071a8dc0f,Needle,999,
TOOL_HOVER,82147,12/7/2022 12:37:12 PM,82852d0c-0f69-4bc0-bc5e-073071a8dc0f,Needle,999,
TOOL_HOVER,82164,12/7/2022 12:37:12 PM,82852d0c-0f69-4bc0-bc5e-073071a8dc0f,Needle,999,
TOOL_HOVER,82180,12/7/2022 12:37:12 PM,82852d0c-0f69-4bc0-bc5e-073071a8dc0f,Needle,999,
TOOL_HOVER,82197,12/7/2022 12:37:12 PM,82852d0c-0f69-4bc0-bc5e-073071a8dc0f,Needle,999,
TOOL_HOVER,82214,12/7/2022 12:37:12 PM,82852d0c-0f69-4bc0-bc5e-073071a8dc0f,Needle,999,
TOOL_HOVER,82230,12/7/2022 12:37:12 PM,82852d0c-0f69-4bc0-bc5e-073071a8dc0f,Needle,999,
TOOL_HOVER,82247,12/7/2022 12:37:12 PM,82852d0c-0f69-4bc0-bc5e-073071a8dc0f,Needle,999,
TOOL_HOVER,82264,12/7/2022 12:37:12 PM,82852d0c-0f69-4bc0-bc5e-073071a8dc0f,Needle,999,
TOOL_HOVER,82281,12/7/2022 12:37:12 PM,82852d0c-0f69-4bc0-bc5e-073071a8dc0f,Needle,999,
TOOL_HOVER,82300,12/7/2022 12:37:12 PM,82852d0c-0f69-4bc0-bc5e-073071a8dc0f,Needle,999,
TOOL_HOVER,82314,12/7/2022 12:37:12 PM,82852d0c-0f69-4bc0-bc5e-073071a8dc0f,Needle,999,
TOOL_HOVER,82330,12/7/2022 12:37:12 PM,82852d0c-0f69-4bc0-bc5e-073071a8dc0f,Needle,999,
TOOL_HOVER,82347,12/7/2022 12:37:12 PM,82852d0c-0f69-4bc0-bc5e-073071a8dc0f,Needle,999,
TOOL_HOVER,82364,12/7/2022 12:37:12 PM,82852d0c-0f69-4bc0-bc5e-073071a8dc0f,Needle,999,
TOOL_HOVER,82380,12/7/2022 12:37:12 PM,82852d0c-0f69-4bc0-bc5e-073071a8dc0f,Needle,999,
TOOL_HOVER,82397,12/7/2022 12:37:12 PM,82852d0c-0f69-4bc0-bc5e-073071a8dc0f,Needle,999,
TOOL_HOVER,82413,12/7/2022 12:37:12 PM,82852d0c-0f69-4bc0-bc5e-073071a8dc0f,Needle,999,
TOOL_HOVER,82430,12/7/2022 12:37:12 PM,82852d0c-0f69-4bc0-bc5e-073071a8dc0f,Needle,999,
TOOL_HOVER,84186,12/7/2022 12:37:14 PM,82852d0c-0f69-4bc0-bc5e-073071a8dc0f,Hemostatic Gauze,999,
TOOL_HOVER,84203,12/7/2022 12:37:14 PM,82852d0c-0f69-4bc0-bc5e-073071a8dc0f,Hemostatic Gauze,999,
TOOL_HOVER,84219,12/7/2022 12:37:14 PM,82852d0c-0f69-4bc0-bc5e-073071a8dc0f,Hemostatic Gauze,999,
TOOL_HOVER,84235,12/7/2022 12:37:14 PM,82852d0c-0f69-4bc0-bc5e-073071a8dc0f,Hemostatic Gauze,999,
TOOL_HOVER,84255,12/7/2022 12:37:14 PM,82852d0c-0f69-4bc0-bc5e-073071a8dc0f,Hemostatic Gauze,999,
TOOL_HOVER,84268,12/7/2022 12:37:14 PM,82852d0c-0f69-4bc0-bc5e-073071a8dc0f,Hemostatic Gauze,999,
TOOL_HOVER,84385,12/7/2022 12:37:14 PM,82852d0c-0f69-4bc0-bc5e-073071a8dc0f,Hemostatic Gauze,999,
TOOL_HOVER,84402,12/7/2022 12:37:14 PM,82852d0c-0f69-4bc0-bc5e-073071a8dc0f,Hemostatic Gauze,999,
TOOL_HOVER,84419,12/7/2022 12:37:14 PM,82852d0c-0f69-4bc0-bc5e-073071a8dc0f,Hemostatic Gauze,999,
TOOL_HOVER,84435,12/7/2022 12:37:14 PM,82852d0c-0f69-4bc0-bc5e-073071a8dc0f,Hemostatic Gauze,999,
TOOL_HOVER,84452,12/7/2022 12:37:14 PM,82852d0c-0f69-4bc0-bc5e-073071a8dc0f,Hemostatic Gauze,999,
TOOL_HOVER,84469,12/7/2022 12:37:14 PM,82852d0c-0f69-4bc0-bc5e-073071a8dc0f,Hemostatic Gauze,999,
TAG_SELECTED,86693,12/7/2022 12:37:16 PM,82852d0c-0f69-4bc0-bc5e-073071a8dc0f,green,
TAG_DISCARDED,88263,12/7/2022 12:37:18 PM,82852d0c-0f69-4bc0-bc5e-073071a8dc0f,green,"(2.9, 0.5, -0.3)",
TOOL_HOVER,88846,12/7/2022 12:37:19 PM,82852d0c-0f69-4bc0-bc5e-073071a8dc0f,Tourniquet,999,
TOOL_HOVER,88863,12/7/2022 12:37:19 PM,82852d0c-0f69-4bc0-bc5e-073071a8dc0f,Tourniquet,999,
TOOL_HOVER,88880,12/7/2022 12:37:19 PM,82852d0c-0f69-4bc0-bc5e-073071a8dc0f,Tourniquet,999,
TOOL_HOVER,88897,12/7/2022 12:37:19 PM,82852d0c-0f69-4bc0-bc5e-073071a8dc0f,Tourniquet,999,
TOOL_HOVER,88913,12/7/2022 12:37:19 PM,82852d0c-0f69-4bc0-bc5e-073071a8dc0f,Tourniquet,999,
TOOL_HOVER,88929,12/7/2022 12:37:19 PM,82852d0c-0f69-4bc0-bc5e-073071a8dc0f,Tourniquet,999,
TOOL_HOVER,88947,12/7/2022 12:37:19 PM,82852d0c-0f69-4bc0-bc5e-073071a8dc0f,Tourniquet,999,
TOOL_HOVER,88964,12/7/2022 12:37:19 PM,82852d0c-0f69-4bc0-bc5e-073071a8dc0f,Tourniquet,999,
TOOL_HOVER,88980,12/7/2022 12:37:19 PM,82852d0c-0f69-4bc0-bc5e-073071a8dc0f,Tourniquet,999,
TOOL_HOVER,88997,12/7/2022 12:37:19 PM,82852d0c-0f69-4bc0-bc5e-073071a8dc0f,Tourniquet,999,
TOOL_HOVER,89013,12/7/2022 12:37:19 PM,82852d0c-0f69-4bc0-bc5e-073071a8dc0f,Tourniquet,999,
TOOL_HOVER,89031,12/7/2022 12:37:19 PM,82852d0c-0f69-4bc0-bc5e-073071a8dc0f,Tourniquet,999,
TOOL_HOVER,89048,12/7/2022 12:37:19 PM,82852d0c-0f69-4bc0-bc5e-073071a8dc0f,Tourniquet,999,
TOOL_HOVER,89064,12/7/2022 12:37:19 PM,82852d0c-0f69-4bc0-bc5e-073071a8dc0f,Tourniquet,999,
TOOL_HOVER,89080,12/7/2022 12:37:19 PM,82852d0c-0f69-4bc0-bc5e-073071a8dc0f,Tourniquet,999,
TOOL_HOVER,89097,12/7/2022 12:37:19 PM,82852d0c-0f69-4bc0-bc5e-073071a8dc0f,Tourniquet,999,
TOOL_HOVER,89114,12/7/2022 12:37:19 PM,82852d0c-0f69-4bc0-bc5e-073071a8dc0f,Tourniquet,999,
TOOL_HOVER,89131,12/7/2022 12:37:19 PM,82852d0c-0f69-4bc0-bc5e-073071a8dc0f,Tourniquet,999,
TOOL_HOVER,89148,12/7/2022 12:37:19 PM,82852d0c-0f69-4bc0-bc5e-073071a8dc0f,Tourniquet,999,
TOOL_HOVER,89164,12/7/2022 12:37:19 PM,82852d0c-0f69-4bc0-bc5e-073071a8dc0f,Tourniquet,999,
TOOL_HOVER,89180,12/7/2022 12:37:19 PM,82852d0c-0f69-4bc0-bc5e-073071a8dc0f,Tourniquet,999,
TOOL_HOVER,89197,12/7/2022 12:37:19 PM,82852d0c-0f69-4bc0-bc5e-073071a8dc0f,Tourniquet,999,
TOOL_HOVER,89214,12/7/2022 12:37:19 PM,82852d0c-0f69-4bc0-bc5e-073071a8dc0f,Tourniquet,999,
TOOL_HOVER,89230,12/7/2022 12:37:19 PM,82852d0c-0f69-4bc0-bc5e-073071a8dc0f,Tourniquet,999,
TOOL_HOVER,89247,12/7/2022 12:37:19 PM,82852d0c-0f69-4bc0-bc5e-073071a8dc0f,Tourniquet,999,
TOOL_HOVER,89263,12/7/2022 12:37:19 PM,82852d0c-0f69-4bc0-bc5e-073071a8dc0f,Tourniquet,999,
TOOL_HOVER,89280,12/7/2022 12:37:19 PM,82852d0c-0f69-4bc0-bc5e-073071a8dc0f,Tourniquet,999,
TOOL_HOVER,89297,12/7/2022 12:37:19 PM,82852d0c-0f69-4bc0-bc5e-073071a8dc0f,Tourniquet,999,
TOOL_HOVER,89313,12/7/2022 12:37:19 PM,82852d0c-0f69-4bc0-bc5e-073071a8dc0f,Tourniquet,999,
TOOL_HOVER,89331,12/7/2022 12:37:19 PM,82852d0c-0f69-4bc0-bc5e-073071a8dc0f,Tourniquet,999,
TOOL_HOVER,89347,12/7/2022 12:37:19 PM,82852d0c-0f69-4bc0-bc5e-073071a8dc0f,Tourniquet,999,
TOOL_HOVER,89367,12/7/2022 12:37:19 PM,82852d0c-0f69-4bc0-bc5e-073071a8dc0f,Tourniquet,999,
TOOL_HOVER,89381,12/7/2022 12:37:19 PM,82852d0c-0f69-4bc0-bc5e-073071a8dc0f,Tourniquet,999,
TOOL_HOVER,89398,12/7/2022 12:37:19 PM,82852d0c-0f69-4bc0-bc5e-073071a8dc0f,Tourniquet,999,
TOOL_HOVER,89415,12/7/2022 12:37:19 PM,82852d0c-0f69-4bc0-bc5e-073071a8dc0f,Tourniquet,999,
TOOL_HOVER,89432,12/7/2022 12:37:19 PM,82852d0c-0f69-4bc0-bc5e-073071a8dc0f,Tourniquet,999,
TOOL_HOVER,89448,12/7/2022 12:37:19 PM,82852d0c-0f69-4bc0-bc5e-073071a8dc0f,Gauze,999,
TOOL_HOVER,89464,12/7/2022 12:37:19 PM,82852d0c-0f69-4bc0-bc5e-073071a8dc0f,Gauze,999,
TOOL_HOVER,89481,12/7/2022 12:37:19 PM,82852d0c-0f69-4bc0-bc5e-073071a8dc0f,Gauze,999,
TOOL_HOVER,89498,12/7/2022 12:37:19 PM,82852d0c-0f69-4bc0-bc5e-073071a8dc0f,Gauze,999,
TOOL_HOVER,89514,12/7/2022 12:37:19 PM,82852d0c-0f69-4bc0-bc5e-073071a8dc0f,Gauze,999,
TOOL_HOVER,89531,12/7/2022 12:37:19 PM,82852d0c-0f69-4bc0-bc5e-073071a8dc0f,Gauze,999,
TOOL_HOVER,89548,12/7/2022 12:37:19 PM,82852d0c-0f69-4bc0-bc5e-073071a8dc0f,Gauze,999,
TOOL_HOVER,89565,12/7/2022 12:37:19 PM,82852d0c-0f69-4bc0-bc5e-073071a8dc0f,Gauze,999,
TOOL_HOVER,89581,12/7/2022 12:37:19 PM,82852d0c-0f69-4bc0-bc5e-073071a8dc0f,Gauze,999,
TOOL_HOVER,89598,12/7/2022 12:37:19 PM,82852d0c-0f69-4bc0-bc5e-073071a8dc0f,Gauze,999,
TOOL_HOVER,89616,12/7/2022 12:37:19 PM,82852d0c-0f69-4bc0-bc5e-073071a8dc0f,Gauze,999,
TOOL_HOVER,89631,12/7/2022 12:37:19 PM,82852d0c-0f69-4bc0-bc5e-073071a8dc0f,Gauze,999,
TOOL_HOVER,98286,12/7/2022 12:37:28 PM,82852d0c-0f69-4bc0-bc5e-073071a8dc0f,Tourniquet,999,
TOOL_HOVER,98303,12/7/2022 12:37:28 PM,82852d0c-0f69-4bc0-bc5e-073071a8dc0f,Tourniquet,999,
TOOL_HOVER,98319,12/7/2022 12:37:28 PM,82852d0c-0f69-4bc0-bc5e-073071a8dc0f,Tourniquet,999,
TOOL_HOVER,98337,12/7/2022 12:37:28 PM,82852d0c-0f69-4bc0-bc5e-073071a8dc0f,Tourniquet,999,
TOOL_HOVER,98353,12/7/2022 12:37:28 PM,82852d0c-0f69-4bc0-bc5e-073071a8dc0f,Tourniquet,999,
TOOL_HOVER,98368,12/7/2022 12:37:28 PM,82852d0c-0f69-4bc0-bc5e-073071a8dc0f,Tourniquet,999,
TOOL_HOVER,98386,12/7/2022 12:37:28 PM,82852d0c-0f69-4bc0-bc5e-073071a8dc0f,Tourniquet,999,
TOOL_HOVER,98403,12/7/2022 12:37:28 PM,82852d0c-0f69-4bc0-bc5e-073071a8dc0f,Tourniquet,999,
TOOL_HOVER,98419,12/7/2022 12:37:28 PM,82852d0c-0f69-4bc0-bc5e-073071a8dc0f,Tourniquet,999,
TOOL_HOVER,98437,12/7/2022 12:37:28 PM,82852d0c-0f69-4bc0-bc5e-073071a8dc0f,Tourniquet,999,
TOOL_HOVER,98453,12/7/2022 12:37:28 PM,82852d0c-0f69-4bc0-bc5e-073071a8dc0f,Tourniquet,999,
TOOL_HOVER,98469,12/7/2022 12:37:28 PM,82852d0c-0f69-4bc0-bc5e-073071a8dc0f,Tourniquet,999,
TOOL_HOVER,98487,12/7/2022 12:37:28 PM,82852d0c-0f69-4bc0-bc5e-073071a8dc0f,Tourniquet,999,
TOOL_HOVER,98503,12/7/2022 12:37:28 PM,82852d0c-0f69-4bc0-bc5e-073071a8dc0f,Tourniquet,999,
TOOL_HOVER,98520,12/7/2022 12:37:28 PM,82852d0c-0f69-4bc0-bc5e-073071a8dc0f,Tourniquet,999,
TOOL_HOVER,98536,12/7/2022 12:37:28 PM,82852d0c-0f69-4bc0-bc5e-073071a8dc0f,Tourniquet,999,
TOOL_SELECTED,98539,12/7/2022 12:37:28 PM,82852d0c-0f69-4bc0-bc5e-073071a8dc0f,Tourniquet,998,
TOOL_DISCARDED,98620,12/7/2022 12:37:28 PM,82852d0c-0f69-4bc0-bc5e-073071a8dc0f,Tourniquet,998,"(2.5, 0.5, -0.7)",
TOOL_HOVER,98686,12/7/2022 12:37:28 PM,82852d0c-0f69-4bc0-bc5e-073071a8dc0f,Tourniquet,999,
TOOL_HOVER,98704,12/7/2022 12:37:28 PM,82852d0c-0f69-4bc0-bc5e-073071a8dc0f,Tourniquet,999,
TOOL_HOVER,98719,12/7/2022 12:37:28 PM,82852d0c-0f69-4bc0-bc5e-073071a8dc0f,Tourniquet,999,
TOOL_HOVER,98737,12/7/2022 12:37:28 PM,82852d0c-0f69-4bc0-bc5e-073071a8dc0f,Tourniquet,999,
TOOL_SELECTED,98738,12/7/2022 12:37:28 PM,82852d0c-0f69-4bc0-bc5e-073071a8dc0f,Tourniquet,998,
TOOL_DISCARDED,99807,12/7/2022 12:37:30 PM,82852d0c-0f69-4bc0-bc5e-073071a8dc0f,Tourniquet,998,"(2.7, 0.6, -0.8)",
TOOL_HOVER,100993,12/7/2022 12:37:31 PM,82852d0c-0f69-4bc0-bc5e-073071a8dc0f,Tourniquet,999,
TOOL_HOVER,101010,12/7/2022 12:37:31 PM,82852d0c-0f69-4bc0-bc5e-073071a8dc0f,Tourniquet,999,
TOOL_HOVER,101026,12/7/2022 12:37:31 PM,82852d0c-0f69-4bc0-bc5e-073071a8dc0f,Tourniquet,999,
TOOL_HOVER,101042,12/7/2022 12:37:31 PM,82852d0c-0f69-4bc0-bc5e-073071a8dc0f,Tourniquet,999,
TOOL_HOVER,101059,12/7/2022 12:37:31 PM,82852d0c-0f69-4bc0-bc5e-073071a8dc0f,Tourniquet,999,
TOOL_HOVER,101079,12/7/2022 12:37:31 PM,82852d0c-0f69-4bc0-bc5e-073071a8dc0f,Tourniquet,999,
TOOL_HOVER,101093,12/7/2022 12:37:31 PM,82852d0c-0f69-4bc0-bc5e-073071a8dc0f,Tourniquet,999,
TOOL_HOVER,101110,12/7/2022 12:37:31 PM,82852d0c-0f69-4bc0-bc5e-073071a8dc0f,Tourniquet,999,
TOOL_HOVER,101127,12/7/2022 12:37:31 PM,82852d0c-0f69-4bc0-bc5e-073071a8dc0f,Tourniquet,999,
TOOL_HOVER,101143,12/7/2022 12:37:31 PM,82852d0c-0f69-4bc0-bc5e-073071a8dc0f,Tourniquet,999,
TOOL_HOVER,101160,12/7/2022 12:37:31 PM,82852d0c-0f69-4bc0-bc5e-073071a8dc0f,Tourniquet,999,
TOOL_HOVER,101179,12/7/2022 12:37:31 PM,82852d0c-0f69-4bc0-bc5e-073071a8dc0f,Tourniquet,999,
TOOL_HOVER,101194,12/7/2022 12:37:31 PM,82852d0c-0f69-4bc0-bc5e-073071a8dc0f,Tourniquet,999,
TOOL_SELECTED,101194,12/7/2022 12:37:31 PM,82852d0c-0f69-4bc0-bc5e-073071a8dc0f,Tourniquet,998,
TOOL_APPLIED,104453,12/7/2022 12:37:34 PM,82852d0c-0f69-4bc0-bc5e-073071a8dc0f,Mike Root,Tourniquet,RightForeArm (UnityEngine.GameObject),tor_ring (1) (UnityEngine.GameObject),tourniquet(Clone) (UnityEngine.GameObject),AppliedTourniquet,
TAG_SELECTED,110917,12/7/2022 12:37:41 PM,82852d0c-0f69-4bc0-bc5e-073071a8dc0f,red,
TAG_APPLIED,112807,12/7/2022 12:37:43 PM,82852d0c-0f69-4bc0-bc5e-073071a8dc0f,Mike Root,red,
PULSE_TAKEN,117432,12/7/2022 12:37:47 PM,82852d0c-0f69-4bc0-bc5e-073071a8dc0f,pulse_normal,Mike Root,
VOICE_CAPTURE,121475,12/7/2022 12:37:51 PM,82852d0c-0f69-4bc0-bc5e-073071a8dc0f,she had a pulse,NA,
PULSE_TAKEN,125268,12/7/2022 12:37:55 PM,82852d0c-0f69-4bc0-bc5e-073071a8dc0f,pulse_normal,Mike Root,
VOICE_CAPTURE,126203,12/7/2022 12:37:56 PM,82852d0c-0f69-4bc0-bc5e-073071a8dc0f,can you check,NA,
VOICE_CAPTURE,129912,12/7/2022 12:38:00 PM,82852d0c-0f69-4bc0-bc5e-073071a8dc0f,yep,NA,
VOICE_CAPTURE,132017,12/7/2022 12:38:02 PM,82852d0c-0f69-4bc0-bc5e-073071a8dc0f,so let's,NA,
VOICE_CAPTURE,135242,12/7/2022 12:38:05 PM,82852d0c-0f69-4bc0-bc5e-073071a8dc0f,that's just like,NA,
BAG_CLOSED,135678,12/7/2022 12:38:05 PM,82852d0c-0f69-4bc0-bc5e-073071a8dc0f,"(3.0, 0.4, -0.4)",
VOICE_CAPTURE,140304,12/7/2022 12:38:10 PM,82852d0c-0f69-4bc0-bc5e-073071a8dc0f,let's do the demo,NA,
VOICE_CAPTURE,143579,12/7/2022 12:38:13 PM,82852d0c-0f69-4bc0-bc5e-073071a8dc0f,oh,NA,
VOICE_CAPTURE,147346,12/7/2022 12:38:17 PM,82852d0c-0f69-4bc0-bc5e-073071a8dc0f,i'm OK so far,NA,
VOICE_CAPTURE,154129,12/7/2022 12:38:24 PM,82852d0c-0f69-4bc0-bc5e-073071a8dc0f,when he said move around,NA,
VOICE_CAPTURE,155483,12/7/2022 12:38:25 PM,82852d0c-0f69-4bc0-bc5e-073071a8dc0f,OK,NA,
PATIENT_DEMOTED,156154,12/7/2022 12:38:26 PM,82852d0c-0f69-4bc0-bc5e-073071a8dc0f,100,Infinity,Mike_0 Root,"(2.6, 0.0, -0.6)","(0.0, 0.7, 0.0, -0.7)",DELAYED,walker,normal,normal,normal,upset,sittingGround,
PATIENT_DEMOTED,156798,12/7/2022 12:38:27 PM,82852d0c-0f69-4bc0-bc5e-073071a8dc0f,100,Infinity,Mike_1 Root,"(2.6, 0.0, 0.1)","(0.0, 0.7, 0.0, -0.7)",IMMEDIATE,waver,normal,normal,normal,upset,recovery,
PATIENT_DEMOTED,157446,12/7/2022 12:38:27 PM,82852d0c-0f69-4bc0-bc5e-073071a8dc0f,100,Infinity,Mike_2 Root,"(2.6, 0.0, 2.4)","(0.0, 0.7, 0.0, -0.7)",IMMEDIATE,walker,fast,normal,normal,upset,sittingGround,
PATIENT_DEMOTED,158108,12/7/2022 12:38:28 PM,82852d0c-0f69-4bc0-bc5e-073071a8dc0f,100,128,Mike_3 Root,"(3.0, 0.0, 4.3)","(0.0, 0.7, 0.0, -0.7)",IMMEDIATE,still,faint,collapsedRight,normal,unresponsive,supine,
SESSION_START,160062,12/7/2022 12:38:30 PM,82852d0c-0f69-4bc0-bc5e-073071a8dc0f,
PATIENT_RECORD,160063,12/7/2022 12:38:30 PM,82852d0c-0f69-4bc0-bc5e-073071a8dc0f,100,Infinity,Mike_0 Root,"(2.6, 0.0, -1.4)","(0.0, 0.7, 0.0, -0.7)",DELAYED,walker,normal,normal,normal,upset,sittingGround,
INJURY_RECORD,160063,12/7/2022 12:38:30 PM,82852d0c-0f69-4bc0-bc5e-073071a8dc0f,R Forearm Laceration,Mike_0 Root,gauzePressure,low,rightArm,False,False,"(2.7, 1.4, -0.9)",
PATIENT_RECORD,160063,12/7/2022 12:38:30 PM,82852d0c-0f69-4bc0-bc5e-073071a8dc0f,100,Infinity,Mike_1 Root,"(2.9, 0.0, 0.1)","(0.0, 0.7, 0.0, -0.7)",IMMEDIATE,waver,normal,normal,normal,upset,recovery,
INJURY_RECORD,160063,12/7/2022 12:38:30 PM,82852d0c-0f69-4bc0-bc5e-073071a8dc0f,L Thigh Laceration,Mike_1 Root,tourniquet,medium,leftLeg,False,False,"(2.8, 0.7, -0.1)",
PATIENT_RECORD,160063,12/7/2022 12:38:30 PM,82852d0c-0f69-4bc0-bc5e-073071a8dc0f,100,Infinity,Mike_2 Root,"(3.1, 0.0, 2.2)","(0.0, 0.7, 0.0, -0.7)",IMMEDIATE,walker,fast,normal,normal,upset,sittingGround,
INJURY_RECORD,160063,12/7/2022 12:38:30 PM,82852d0c-0f69-4bc0-bc5e-073071a8dc0f,L Shoulder Puncture,Mike_2 Root,woundpack,medium,chest,False,False,"(3.1, 1.5, 2.1)",
PATIENT_RECORD,160063,12/7/2022 12:38:30 PM,82852d0c-0f69-4bc0-bc5e-073071a8dc0f,100,128,Mike_3 Root,"(3.2, 0.0, 4.3)","(0.0, 0.7, 0.0, -0.7)",IMMEDIATE,still,faint,collapsedRight,normal,unresponsive,supine,
INJURY_RECORD,160064,12/7/2022 12:38:30 PM,82852d0c-0f69-4bc0-bc5e-073071a8dc0f,R Chest Collapse,Mike_3 Root,decompress,high,chest,False,False,"(0.0, 0.0, 0.0)",
VOICE_CAPTURE,171539,12/7/2022 12:38:41 PM,82852d0c-0f69-4bc0-bc5e-073071a8dc0f,alright who can walk if you can walk stand up and go over there by the steps,NA,
VOICE_COMMAND,171539,12/7/2022 12:38:41 PM,82852d0c-0f69-4bc0-bc5e-073071a8dc0f,walk to the safe area,alright who can walk if you can walk stand up and go over there by the steps,
VOICE_COMMAND,171539,12/7/2022 12:38:41 PM,82852d0c-0f69-4bc0-bc5e-073071a8dc0f,walk to the safe area,alright who can walk if you can walk stand up and go over there by the steps,
VOICE_COMMAND,171539,12/7/2022 12:38:41 PM,82852d0c-0f69-4bc0-bc5e-073071a8dc0f,stand up,alright who can walk if you can walk stand up and go over there by the steps,
VOICE_CAPTURE,171975,12/7/2022 12:38:42 PM,82852d0c-0f69-4bc0-bc5e-073071a8dc0f,walk,NA,
VOICE_COMMAND,171975,12/7/2022 12:38:42 PM,82852d0c-0f69-4bc0-bc5e-073071a8dc0f,walk to the safe area,walk,
S_A_L_T_WALK_IF_CAN,171976,12/7/2022 12:38:42 PM,82852d0c-0f69-4bc0-bc5e-073071a8dc0f,"(2.6, 0.0, -1.4)",walkIfCan,Mike_0 Root,
S_A_L_T_WALKED,171976,12/7/2022 12:38:42 PM,82852d0c-0f69-4bc0-bc5e-073071a8dc0f,"(2.6, 0.0, -1.4)",walked,Mike_0 Root,
S_A_L_T_WALK_IF_CAN,171976,12/7/2022 12:38:42 PM,82852d0c-0f69-4bc0-bc5e-073071a8dc0f,"(2.9, 0.0, 0.1)",walkIfCan,Mike_1 Root,
S_A_L_T_WALK_IF_CAN,171976,12/7/2022 12:38:42 PM,82852d0c-0f69-4bc0-bc5e-073071a8dc0f,"(3.1, 0.0, 2.2)",walkIfCan,Mike_2 Root,
S_A_L_T_WALKED,171976,12/7/2022 12:38:42 PM,82852d0c-0f69-4bc0-bc5e-073071a8dc0f,"(3.1, 0.0, 2.2)",walked,Mike_2 Root,
TELEPORT,175850,12/7/2022 12:38:46 PM,82852d0c-0f69-4bc0-bc5e-073071a8dc0f,"(0.8, 0.0, -3.4)",
PATIENT_ENGAGED,178511,12/7/2022 12:38:48 PM,82852d0c-0f69-4bc0-bc5e-073071a8dc0f,100,Infinity,Mike_1 Root,"(2.9, 0.0, 0.1)","(0.0, 0.7, 0.0, -0.7)",IMMEDIATE,waver,normal,normal,normal,upset,recovery,
VOICE_CAPTURE,184769,12/7/2022 12:38:55 PM,82852d0c-0f69-4bc0-bc5e-073071a8dc0f,hey yeah yeah i can help you,NA,
BAG_ACCESS,185518,12/7/2022 12:38:55 PM,82852d0c-0f69-4bc0-bc5e-073071a8dc0f,"(2.6, 0.6, 0.7)",
VOICE_CAPTURE,187270,12/7/2022 12:38:57 PM,82852d0c-0f69-4bc0-bc5e-073071a8dc0f,getting my pack here,NA,
TOOL_HOVER,187596,12/7/2022 12:38:57 PM,82852d0c-0f69-4bc0-bc5e-073071a8dc0f,Tourniquet,998,
TOOL_HOVER,187614,12/7/2022 12:38:57 PM,82852d0c-0f69-4bc0-bc5e-073071a8dc0f,Tourniquet,998,
TOOL_HOVER,187632,12/7/2022 12:38:57 PM,82852d0c-0f69-4bc0-bc5e-073071a8dc0f,Tourniquet,998,
TOOL_HOVER,187651,12/7/2022 12:38:57 PM,82852d0c-0f69-4bc0-bc5e-073071a8dc0f,Tourniquet,998,
TOOL_HOVER,187669,12/7/2022 12:38:57 PM,82852d0c-0f69-4bc0-bc5e-073071a8dc0f,Tourniquet,998,
TOOL_HOVER,187688,12/7/2022 12:38:57 PM,82852d0c-0f69-4bc0-bc5e-073071a8dc0f,Tourniquet,998,
TOOL_HOVER,187707,12/7/2022 12:38:57 PM,82852d0c-0f69-4bc0-bc5e-073071a8dc0f,Tourniquet,998,
TOOL_HOVER,187727,12/7/2022 12:38:57 PM,82852d0c-0f69-4bc0-bc5e-073071a8dc0f,Tourniquet,998,
TOOL_HOVER,187747,12/7/2022 12:38:57 PM,82852d0c-0f69-4bc0-bc5e-073071a8dc0f,Tourniquet,998,
TOOL_HOVER,187765,12/7/2022 12:38:58 PM,82852d0c-0f69-4bc0-bc5e-073071a8dc0f,Tourniquet,998,
TOOL_HOVER,187785,12/7/2022 12:38:58 PM,82852d0c-0f69-4bc0-bc5e-073071a8dc0f,Tourniquet,998,
TOOL_SELECTED,187786,12/7/2022 12:38:58 PM,82852d0c-0f69-4bc0-bc5e-073071a8dc0f,Tourniquet,997,
INJURY_TREATED,189147,12/7/2022 12:38:59 PM,82852d0c-0f69-4bc0-bc5e-073071a8dc0f,L Thigh Laceration,Mike_1 Root,tourniquet,medium,leftLeg,True,False,"(2.8, 0.3, 0.3)",
TOOL_APPLIED,189148,12/7/2022 12:38:59 PM,82852d0c-0f69-4bc0-bc5e-073071a8dc0f,Mike_1 Root,Tourniquet,LeftUpLeg (UnityEngine.GameObject),tor_ring (1) (UnityEngine.GameObject),tourniquet(Clone) (UnityEngine.GameObject),AppliedTourniquet,
VOICE_CAPTURE,194343,12/7/2022 12:39:04 PM,82852d0c-0f69-4bc0-bc5e-073071a8dc0f,let's go ahead and,NA,
VOICE_CAPTURE,196832,12/7/2022 12:39:07 PM,82852d0c-0f69-4bc0-bc5e-073071a8dc0f,is that about my way,NA,
PULSE_TAKEN,197871,12/7/2022 12:39:08 PM,82852d0c-0f69-4bc0-bc5e-073071a8dc0f,pulse_normal,Mike_1 Root,
PULSE_TAKEN,199038,12/7/2022 12:39:09 PM,82852d0c-0f69-4bc0-bc5e-073071a8dc0f,pulse_normal,Mike_1 Root,
PULSE_TAKEN,200024,12/7/2022 12:39:10 PM,82852d0c-0f69-4bc0-bc5e-073071a8dc0f,pulse_normal,Mike_1 Root,
VOICE_CAPTURE,202646,12/7/2022 12:39:12 PM,82852d0c-0f69-4bc0-bc5e-073071a8dc0f,yep,NA,
TAG_SELECTED,202664,12/7/2022 12:39:12 PM,82852d0c-0f69-4bc0-bc5e-073071a8dc0f,red,
TAG_APPLIED,204218,12/7/2022 12:39:14 PM,82852d0c-0f69-4bc0-bc5e-073071a8dc0f,Mike_1 Root,red,
BAG_CLOSED,205824,12/7/2022 12:39:16 PM,82852d0c-0f69-4bc0-bc5e-073071a8dc0f,"(2.6, 0.6, 0.7)",
VOICE_CAPTURE,209564,12/7/2022 12:39:19 PM,82852d0c-0f69-4bc0-bc5e-073071a8dc0f,just go ahead and tag you you're gonna be immediate,NA,
TELEPORT,209631,12/7/2022 12:39:19 PM,82852d0c-0f69-4bc0-bc5e-073071a8dc0f,"(2.8, 0.0, 1.0)",
PATIENT_ENGAGED,212054,12/7/2022 12:39:22 PM,82852d0c-0f69-4bc0-bc5e-073071a8dc0f,100,128,Mike_3 Root,"(3.2, 0.0, 4.3)","(0.0, 0.7, 0.0, -0.7)",IMMEDIATE,still,faint,collapsedRight,normal,unresponsive,supine,
VOICE_CAPTURE,215996,12/7/2022 12:39:26 PM,82852d0c-0f69-4bc0-bc5e-073071a8dc0f,be back for you let's go ahead and go check this guy out hey buddy can you hear me,NA,
VOICE_COMMAND,215996,12/7/2022 12:39:26 PM,82852d0c-0f69-4bc0-bc5e-073071a8dc0f,can you hear,be back for you let's go ahead and go check this guy out hey buddy can you hear me,
BAG_ACCESS,218185,12/7/2022 12:39:28 PM,82852d0c-0f69-4bc0-bc5e-073071a8dc0f,"(3.2, 0.4, 4.9)",
TOOL_HOVER,218788,12/7/2022 12:39:29 PM,82852d0c-0f69-4bc0-bc5e-073071a8dc0f,Needle,999,
TOOL_HOVER,218804,12/7/2022 12:39:29 PM,82852d0c-0f69-4bc0-bc5e-073071a8dc0f,Needle,999,
TOOL_HOVER,218820,12/7/2022 12:39:29 PM,82852d0c-0f69-4bc0-bc5e-073071a8dc0f,Needle,999,
TOOL_HOVER,218836,12/7/2022 12:39:29 PM,82852d0c-0f69-4bc0-bc5e-073071a8dc0f,Needle,999,
TOOL_HOVER,218853,12/7/2022 12:39:29 PM,82852d0c-0f69-4bc0-bc5e-073071a8dc0f,Needle,999,
TOOL_HOVER,218870,12/7/2022 12:39:29 PM,82852d0c-0f69-4bc0-bc5e-073071a8dc0f,Needle,999,
TOOL_HOVER,218886,12/7/2022 12:39:29 PM,82852d0c-0f69-4bc0-bc5e-073071a8dc0f,Needle,999,
TOOL_HOVER,218905,12/7/2022 12:39:29 PM,82852d0c-0f69-4bc0-bc5e-073071a8dc0f,Needle,999,
TOOL_HOVER,218919,12/7/2022 12:39:29 PM,82852d0c-0f69-4bc0-bc5e-073071a8dc0f,Needle,999,
TOOL_HOVER,218936,12/7/2022 12:39:29 PM,82852d0c-0f69-4bc0-bc5e-073071a8dc0f,Needle,999,
TOOL_HOVER,218954,12/7/2022 12:39:29 PM,82852d0c-0f69-4bc0-bc5e-073071a8dc0f,Needle,999,
TOOL_HOVER,218972,12/7/2022 12:39:29 PM,82852d0c-0f69-4bc0-bc5e-073071a8dc0f,Needle,999,
TOOL_HOVER,218987,12/7/2022 12:39:29 PM,82852d0c-0f69-4bc0-bc5e-073071a8dc0f,Needle,999,
TOOL_HOVER,219004,12/7/2022 12:39:29 PM,82852d0c-0f69-4bc0-bc5e-073071a8dc0f,Needle,999,
TOOL_HOVER,219020,12/7/2022 12:39:29 PM,82852d0c-0f69-4bc0-bc5e-073071a8dc0f,Needle,999,
TOOL_HOVER,219036,12/7/2022 12:39:29 PM,82852d0c-0f69-4bc0-bc5e-073071a8dc0f,Needle,999,
TOOL_HOVER,219054,12/7/2022 12:39:29 PM,82852d0c-0f69-4bc0-bc5e-073071a8dc0f,Needle,999,
TOOL_HOVER,219070,12/7/2022 12:39:29 PM,82852d0c-0f69-4bc0-bc5e-073071a8dc0f,Needle,999,
TOOL_HOVER,219087,12/7/2022 12:39:29 PM,82852d0c-0f69-4bc0-bc5e-073071a8dc0f,Needle,999,
TOOL_HOVER,219103,12/7/2022 12:39:29 PM,82852d0c-0f69-4bc0-bc5e-073071a8dc0f,Needle,999,
TOOL_HOVER,219120,12/7/2022 12:39:29 PM,82852d0c-0f69-4bc0-bc5e-073071a8dc0f,Needle,999,
TOOL_HOVER,219138,12/7/2022 12:39:29 PM,82852d0c-0f69-4bc0-bc5e-073071a8dc0f,Needle,999,
TOOL_HOVER,219153,12/7/2022 12:39:29 PM,82852d0c-0f69-4bc0-bc5e-073071a8dc0f,Needle,999,
TOOL_HOVER,219171,12/7/2022 12:39:29 PM,82852d0c-0f69-4bc0-bc5e-073071a8dc0f,Needle,999,
TOOL_SELECTED,219172,12/7/2022 12:39:29 PM,82852d0c-0f69-4bc0-bc5e-073071a8dc0f,Needle,998,
VOICE_CAPTURE,219271,12/7/2022 12:39:29 PM,82852d0c-0f69-4bc0-bc5e-073071a8dc0f,oh yeah that's not good,NA,
INJURY_TREATED,222332,12/7/2022 12:39:32 PM,82852d0c-0f69-4bc0-bc5e-073071a8dc0f,R Chest Collapse,Mike_3 Root,decompress,high,chest,True,False,"(0.0, 0.0, 0.0)",
TOOL_APPLIED,222332,12/7/2022 12:39:32 PM,82852d0c-0f69-4bc0-bc5e-073071a8dc0f,Needle_Decomp(Clone),Needle,RChest_Breathe1 (UnityEngine.GameObject),cath_needle (UnityEngine.GameObject),right_chest,Needle_Decomp(Clone) (UnityEngine.GameObject),AppliedDecompNeedle,
VOICE_CAPTURE,223146,12/7/2022 12:39:33 PM,82852d0c-0f69-4bc0-bc5e-073071a8dc0f,let's go ahead and,NA,
PULSE_TAKEN,225436,12/7/2022 12:39:35 PM,82852d0c-0f69-4bc0-bc5e-073071a8dc0f,pulse_faint,Mike_3 Root,
PULSE_TAKEN,228075,12/7/2022 12:39:38 PM,82852d0c-0f69-4bc0-bc5e-073071a8dc0f,pulse_faint,Mike_3 Root,
VOICE_CAPTURE,228475,12/7/2022 12:39:38 PM,82852d0c-0f69-4bc0-bc5e-073071a8dc0f,there we go long and footed do you have a pulse,NA,
TAG_SELECTED,229797,12/7/2022 12:39:40 PM,82852d0c-0f69-4bc0-bc5e-073071a8dc0f,red,
TAG_APPLIED,231249,12/7/2022 12:39:41 PM,82852d0c-0f69-4bc0-bc5e-073071a8dc0f,Mike_3 Root,red,
VOICE_CAPTURE,233321,12/7/2022 12:39:43 PM,82852d0c-0f69-4bc0-bc5e-073071a8dc0f,you do have a pulse you have a pulse you're gonna be red,NA,
BAG_CLOSED,233457,12/7/2022 12:39:43 PM,82852d0c-0f69-4bc0-bc5e-073071a8dc0f,"(3.2, 0.4, 4.9)",
VOICE_CAPTURE,234343,12/7/2022 12:39:44 PM,82852d0c-0f69-4bc0-bc5e-073071a8dc0f,OK,NA,
TELEPORT,234676,12/7/2022 12:39:44 PM,82852d0c-0f69-4bc0-bc5e-073071a8dc0f,"(3.7, 0.0, 5.1)",
TELEPORT,238334,12/7/2022 12:39:48 PM,82852d0c-0f69-4bc0-bc5e-073071a8dc0f,"(4.3, 0.0, -2.1)",
VOICE_CAPTURE,239319,12/7/2022 12:39:49 PM,82852d0c-0f69-4bc0-bc5e-073071a8dc0f,let's go back over to you guys,NA,
PATIENT_ENGAGED,240588,12/7/2022 12:39:50 PM,82852d0c-0f69-4bc0-bc5e-073071a8dc0f,100,Infinity,Mike_0 Root,"(4.0, 0.0, -4.5)","(0.0, 0.3, 0.0, -1.0)",DELAYED,walker,normal,normal,normal,upset,sittingGround,
VOICE_CAPTURE,247932,12/7/2022 12:39:58 PM,82852d0c-0f69-4bc0-bc5e-073071a8dc0f,can i see your OK can i see your arm body,NA,
VOICE_CAPTURE,249903,12/7/2022 12:40:00 PM,82852d0c-0f69-4bc0-bc5e-073071a8dc0f,show me,NA,
VOICE_COMMAND,249904,12/7/2022 12:40:00 PM,82852d0c-0f69-4bc0-bc5e-073071a8dc0f,reveal injury,show me,
VOICE_CAPTURE,250504,12/7/2022 12:40:00 PM,82852d0c-0f69-4bc0-bc5e-073071a8dc0f,what's your name,NA,
VOICE_COMMAND,250504,12/7/2022 12:40:00 PM,82852d0c-0f69-4bc0-bc5e-073071a8dc0f,what is your name,what's your name,
VOICE_CAPTURE,253697,12/7/2022 12:40:03 PM,82852d0c-0f69-4bc0-bc5e-073071a8dc0f,show me,NA,
VOICE_COMMAND,253697,12/7/2022 12:40:03 PM,82852d0c-0f69-4bc0-bc5e-073071a8dc0f,reveal injury,show me,
PULSE_TAKEN,254197,12/7/2022 12:40:04 PM,82852d0c-0f69-4bc0-bc5e-073071a8dc0f,pulse_normal,Mike_0 Root,
VOICE_CAPTURE,254731,12/7/2022 12:40:04 PM,82852d0c-0f69-4bc0-bc5e-073071a8dc0f,can i see your arm,NA,
TOOL_HOVER,258140,12/7/2022 12:40:08 PM,82852d0c-0f69-4bc0-bc5e-073071a8dc0f,Gauze,999,
TOOL_HOVER,258157,12/7/2022 12:40:08 PM,82852d0c-0f69-4bc0-bc5e-073071a8dc0f,Gauze,999,
TOOL_HOVER,258174,12/7/2022 12:40:08 PM,82852d0c-0f69-4bc0-bc5e-073071a8dc0f,Gauze,999,
TOOL_HOVER,258190,12/7/2022 12:40:08 PM,82852d0c-0f69-4bc0-bc5e-073071a8dc0f,Gauze,999,
TOOL_HOVER,258207,12/7/2022 12:40:08 PM,82852d0c-0f69-4bc0-bc5e-073071a8dc0f,Gauze,999,
TOOL_HOVER,258224,12/7/2022 12:40:08 PM,82852d0c-0f69-4bc0-bc5e-073071a8dc0f,Gauze,999,
BAG_ACCESS,259042,12/7/2022 12:40:09 PM,82852d0c-0f69-4bc0-bc5e-073071a8dc0f,"(3.9, 0.6, -4.2)",
TOOL_HOVER,259795,12/7/2022 12:40:10 PM,82852d0c-0f69-4bc0-bc5e-073071a8dc0f,Gauze,999,
TOOL_HOVER,259812,12/7/2022 12:40:10 PM,82852d0c-0f69-4bc0-bc5e-073071a8dc0f,Gauze,999,
TOOL_HOVER,259827,12/7/2022 12:40:10 PM,82852d0c-0f69-4bc0-bc5e-073071a8dc0f,Gauze,999,
TOOL_HOVER,259845,12/7/2022 12:40:10 PM,82852d0c-0f69-4bc0-bc5e-073071a8dc0f,Gauze,999,
TOOL_HOVER,259860,12/7/2022 12:40:10 PM,82852d0c-0f69-4bc0-bc5e-073071a8dc0f,Gauze,999,
TOOL_SELECTED,259862,12/7/2022 12:40:10 PM,82852d0c-0f69-4bc0-bc5e-073071a8dc0f,Gauze,998,
TOOL_DISCARDED,261099,12/7/2022 12:40:11 PM,82852d0c-0f69-4bc0-bc5e-073071a8dc0f,Gauze,998,"(4.1, 0.3, -4.7)",
TOOL_APPLIED,261100,12/7/2022 12:40:11 PM,82852d0c-0f69-4bc0-bc5e-073071a8dc0f,Mike_0 Root,Gauze_Dressing,skinCollider_BodyCollideLOD (UnityEngine.GameObject),null,null,AppliedDressingGauze,
PULSE_TAKEN,261198,12/7/2022 12:40:11 PM,82852d0c-0f69-4bc0-bc5e-073071a8dc0f,pulse_normal,Mike_0 Root,
VOICE_CAPTURE,261647,12/7/2022 12:40:11 PM,82852d0c-0f69-4bc0-bc5e-073071a8dc0f,got a pulse OK that's blood coming from there let's go ahead and,NA,
TOOL_HOVER,263087,12/7/2022 12:40:13 PM,82852d0c-0f69-4bc0-bc5e-073071a8dc0f,Gauze,999,
TOOL_HOVER,263102,12/7/2022 12:40:13 PM,82852d0c-0f69-4bc0-bc5e-073071a8dc0f,Gauze,999,
TOOL_HOVER,263119,12/7/2022 12:40:13 PM,82852d0c-0f69-4bc0-bc5e-073071a8dc0f,Gauze,999,
TOOL_HOVER,263137,12/7/2022 12:40:13 PM,82852d0c-0f69-4bc0-bc5e-073071a8dc0f,Gauze,999,
TOOL_HOVER,263153,12/7/2022 12:40:13 PM,82852d0c-0f69-4bc0-bc5e-073071a8dc0f,Gauze,999,
TOOL_HOVER,263170,12/7/2022 12:40:13 PM,82852d0c-0f69-4bc0-bc5e-073071a8dc0f,Gauze,999,
TOOL_HOVER,263186,12/7/2022 12:40:13 PM,82852d0c-0f69-4bc0-bc5e-073071a8dc0f,Gauze,999,
TOOL_HOVER,263202,12/7/2022 12:40:13 PM,82852d0c-0f69-4bc0-bc5e-073071a8dc0f,Gauze,999,
TOOL_HOVER,263218,12/7/2022 12:40:13 PM,82852d0c-0f69-4bc0-bc5e-073071a8dc0f,Gauze,999,
TOOL_HOVER,263236,12/7/2022 12:40:13 PM,82852d0c-0f69-4bc0-bc5e-073071a8dc0f,Gauze,999,
TOOL_HOVER,263252,12/7/2022 12:40:13 PM,82852d0c-0f69-4bc0-bc5e-073071a8dc0f,Gauze,999,
TOOL_HOVER,263269,12/7/2022 12:40:13 PM,82852d0c-0f69-4bc0-bc5e-073071a8dc0f,Gauze,999,
TOOL_HOVER,263287,12/7/2022 12:40:13 PM,82852d0c-0f69-4bc0-bc5e-073071a8dc0f,Gauze,999,
TOOL_HOVER,263303,12/7/2022 12:40:13 PM,82852d0c-0f69-4bc0-bc5e-073071a8dc0f,Gauze,999,
TOOL_HOVER,263320,12/7/2022 12:40:13 PM,82852d0c-0f69-4bc0-bc5e-073071a8dc0f,Gauze,999,
TOOL_HOVER,263337,12/7/2022 12:40:13 PM,82852d0c-0f69-4bc0-bc5e-073071a8dc0f,Gauze,999,
TOOL_HOVER,263353,12/7/2022 12:40:13 PM,82852d0c-0f69-4bc0-bc5e-073071a8dc0f,Gauze,999,
TOOL_HOVER,263369,12/7/2022 12:40:13 PM,82852d0c-0f69-4bc0-bc5e-073071a8dc0f,Gauze,999,
TOOL_HOVER,263387,12/7/2022 12:40:13 PM,82852d0c-0f69-4bc0-bc5e-073071a8dc0f,Gauze,999,
TOOL_HOVER,263403,12/7/2022 12:40:13 PM,82852d0c-0f69-4bc0-bc5e-073071a8dc0f,Gauze,999,
TOOL_HOVER,263420,12/7/2022 12:40:13 PM,82852d0c-0f69-4bc0-bc5e-073071a8dc0f,Gauze,999,
TOOL_HOVER,263437,12/7/2022 12:40:13 PM,82852d0c-0f69-4bc0-bc5e-073071a8dc0f,Gauze,999,
TOOL_HOVER,263456,12/7/2022 12:40:13 PM,82852d0c-0f69-4bc0-bc5e-073071a8dc0f,Gauze,999,
TOOL_HOVER,263470,12/7/2022 12:40:13 PM,82852d0c-0f69-4bc0-bc5e-073071a8dc0f,Gauze,999,
TOOL_HOVER,263787,12/7/2022 12:40:14 PM,82852d0c-0f69-4bc0-bc5e-073071a8dc0f,Gauze,999,
TOOL_HOVER,263803,12/7/2022 12:40:14 PM,82852d0c-0f69-4bc0-bc5e-073071a8dc0f,Gauze,999,
TOOL_HOVER,263820,12/7/2022 12:40:14 PM,82852d0c-0f69-4bc0-bc5e-073071a8dc0f,Gauze,999,
TOOL_HOVER,263838,12/7/2022 12:40:14 PM,82852d0c-0f69-4bc0-bc5e-073071a8dc0f,Gauze,999,
TOOL_HOVER,263855,12/7/2022 12:40:14 PM,82852d0c-0f69-4bc0-bc5e-073071a8dc0f,Gauze,999,
TOOL_HOVER,263871,12/7/2022 12:40:14 PM,82852d0c-0f69-4bc0-bc5e-073071a8dc0f,Gauze,999,
TOOL_HOVER,263888,12/7/2022 12:40:14 PM,82852d0c-0f69-4bc0-bc5e-073071a8dc0f,Gauze,999,
TOOL_HOVER,263904,12/7/2022 12:40:14 PM,82852d0c-0f69-4bc0-bc5e-073071a8dc0f,Gauze,999,
TOOL_HOVER,263920,12/7/2022 12:40:14 PM,82852d0c-0f69-4bc0-bc5e-073071a8dc0f,Gauze,999,
TOOL_HOVER,263938,12/7/2022 12:40:14 PM,82852d0c-0f69-4bc0-bc5e-073071a8dc0f,Gauze,999,
TOOL_HOVER,263955,12/7/2022 12:40:14 PM,82852d0c-0f69-4bc0-bc5e-073071a8dc0f,Gauze,999,
TOOL_HOVER,263971,12/7/2022 12:40:14 PM,82852d0c-0f69-4bc0-bc5e-073071a8dc0f,Gauze,999,
TOOL_HOVER,263988,12/7/2022 12:40:14 PM,82852d0c-0f69-4bc0-bc5e-073071a8dc0f,Gauze,999,
TOOL_HOVER,264005,12/7/2022 12:40:14 PM,82852d0c-0f69-4bc0-bc5e-073071a8dc0f,Gauze,999,
TOOL_HOVER,264020,12/7/2022 12:40:14 PM,82852d0c-0f69-4bc0-bc5e-073071a8dc0f,Gauze,999,
TOOL_HOVER,264037,12/7/2022 12:40:14 PM,82852d0c-0f69-4bc0-bc5e-073071a8dc0f,Gauze,999,
TOOL_HOVER,264054,12/7/2022 12:40:14 PM,82852d0c-0f69-4bc0-bc5e-073071a8dc0f,Gauze,999,
TOOL_HOVER,264070,12/7/2022 12:40:14 PM,82852d0c-0f69-4bc0-bc5e-073071a8dc0f,Gauze,999,
TOOL_HOVER,264088,12/7/2022 12:40:14 PM,82852d0c-0f69-4bc0-bc5e-073071a8dc0f,Gauze,999,
TOOL_HOVER,264106,12/7/2022 12:40:14 PM,82852d0c-0f69-4bc0-bc5e-073071a8dc0f,Gauze,999,
TOOL_HOVER,264122,12/7/2022 12:40:14 PM,82852d0c-0f69-4bc0-bc5e-073071a8dc0f,Gauze,999,
TOOL_HOVER,264139,12/7/2022 12:40:14 PM,82852d0c-0f69-4bc0-bc5e-073071a8dc0f,Gauze,999,
TOOL_HOVER,264154,12/7/2022 12:40:14 PM,82852d0c-0f69-4bc0-bc5e-073071a8dc0f,Gauze,999,
TOOL_HOVER,264170,12/7/2022 12:40:14 PM,82852d0c-0f69-4bc0-bc5e-073071a8dc0f,Gauze,999,
TOOL_HOVER,264188,12/7/2022 12:40:14 PM,82852d0c-0f69-4bc0-bc5e-073071a8dc0f,Gauze,999,
TOOL_HOVER,264204,12/7/2022 12:40:14 PM,82852d0c-0f69-4bc0-bc5e-073071a8dc0f,Gauze,999,
TOOL_HOVER,264221,12/7/2022 12:40:14 PM,82852d0c-0f69-4bc0-bc5e-073071a8dc0f,Gauze,999,
TOOL_HOVER,264238,12/7/2022 12:40:14 PM,82852d0c-0f69-4bc0-bc5e-073071a8dc0f,Gauze,999,
TOOL_HOVER,264254,12/7/2022 12:40:14 PM,82852d0c-0f69-4bc0-bc5e-073071a8dc0f,Gauze,999,
TOOL_HOVER,264271,12/7/2022 12:40:14 PM,82852d0c-0f69-4bc0-bc5e-073071a8dc0f,Gauze,999,
TOOL_HOVER,264289,12/7/2022 12:40:14 PM,82852d0c-0f69-4bc0-bc5e-073071a8dc0f,Gauze,999,
TOOL_HOVER,264305,12/7/2022 12:40:14 PM,82852d0c-0f69-4bc0-bc5e-073071a8dc0f,Gauze,999,
TOOL_SELECTED,264306,12/7/2022 12:40:14 PM,82852d0c-0f69-4bc0-bc5e-073071a8dc0f,Gauze,998,
TOOL_DISCARDED,265541,12/7/2022 12:40:15 PM,82852d0c-0f69-4bc0-bc5e-073071a8dc0f,Gauze,998,"(4.1, 0.4, -4.7)",
INJURY_TREATED,265542,12/7/2022 12:40:15 PM,82852d0c-0f69-4bc0-bc5e-073071a8dc0f,R Forearm Laceration,Mike_0 Root,gauzePressure,low,rightArm,True,False,"(4.2, 0.4, -4.7)",
TOOL_APPLIED,265542,12/7/2022 12:40:15 PM,82852d0c-0f69-4bc0-bc5e-073071a8dc0f,Mike_0 Root,Gauze_Dressing,skinCollider_BodyCollideLOD (UnityEngine.GameObject),null,null,AppliedDressingGauze,
PULSE_TAKEN,266627,12/7/2022 12:40:16 PM,82852d0c-0f69-4bc0-bc5e-073071a8dc0f,pulse_normal,Mike_0 Root,
PULSE_TAKEN,268198,12/7/2022 12:40:18 PM,82852d0c-0f69-4bc0-bc5e-073071a8dc0f,pulse_normal,Mike_0 Root,
VOICE_CAPTURE,269267,12/7/2022 12:40:19 PM,82852d0c-0f69-4bc0-bc5e-073071a8dc0f,we will,NA,
VOICE_CAPTURE,278573,12/7/2022 12:40:28 PM,82852d0c-0f69-4bc0-bc5e-073071a8dc0f,there we go you gotta pause,NA,
TAG_SELECTED,278858,12/7/2022 12:40:29 PM,82852d0c-0f69-4bc0-bc5e-073071a8dc0f,green,
VOICE_CAPTURE,280560,12/7/2022 12:40:30 PM,82852d0c-0f69-4bc0-bc5e-073071a8dc0f,no other injuries visibly just go ahead and give you,NA,
VOICE_COMMAND,280560,12/7/2022 12:40:30 PM,82852d0c-0f69-4bc0-bc5e-073071a8dc0f,are you hurt,no other injuries visibly just go ahead and give you,
VOICE_COMMAND,280560,12/7/2022 12:40:30 PM,82852d0c-0f69-4bc0-bc5e-073071a8dc0f,anywhere else,no other injuries visibly just go ahead and give you,
TAG_APPLIED,281514,12/7/2022 12:40:31 PM,82852d0c-0f69-4bc0-bc5e-073071a8dc0f,Mike_0 Root,green,
BAG_CLOSED,284262,12/7/2022 12:40:34 PM,82852d0c-0f69-4bc0-bc5e-073071a8dc0f,"(3.9, 0.6, -4.2)",
TELEPORT,287054,12/7/2022 12:40:37 PM,82852d0c-0f69-4bc0-bc5e-073071a8dc0f,"(4.4, 0.0, -3.9)",
TELEPORT,287237,12/7/2022 12:40:37 PM,82852d0c-0f69-4bc0-bc5e-073071a8dc0f,"(4.4, 0.0, -3.9)",
TELEPORT,288074,12/7/2022 12:40:38 PM,82852d0c-0f69-4bc0-bc5e-073071a8dc0f,"(4.8, 0.0, -4.0)",
VOICE_CAPTURE,288460,12/7/2022 12:40:38 PM,82852d0c-0f69-4bc0-bc5e-073071a8dc0f,OK good deal OK buddy,NA,
PATIENT_ENGAGED,288543,12/7/2022 12:40:38 PM,82852d0c-0f69-4bc0-bc5e-073071a8dc0f,100,Infinity,Mike_2 Root,"(5.2, 0.0, -3.5)","(0.0, 0.7, 0.0, -0.8)",IMMEDIATE,walker,fast,normal,normal,upset,sittingGround,
TELEPORT,288950,12/7/2022 12:40:39 PM,82852d0c-0f69-4bc0-bc5e-073071a8dc0f,"(4.8, 0.0, -3.8)",
VOICE_CAPTURE,290334,12/7/2022 12:40:40 PM,82852d0c-0f69-4bc0-bc5e-073071a8dc0f,let's go over to you,NA,
BAG_ACCESS,294002,12/7/2022 12:40:44 PM,82852d0c-0f69-4bc0-bc5e-073071a8dc0f,"(4.8, 0.7, -3.8)",
TOOL_HOVER,294900,12/7/2022 12:40:45 PM,82852d0c-0f69-4bc0-bc5e-073071a8dc0f,Hemostatic Gauze,999,
TOOL_HOVER,294918,12/7/2022 12:40:45 PM,82852d0c-0f69-4bc0-bc5e-073071a8dc0f,Hemostatic Gauze,999,
TOOL_HOVER,294936,12/7/2022 12:40:45 PM,82852d0c-0f69-4bc0-bc5e-073071a8dc0f,Hemostatic Gauze,999,
TOOL_HOVER,294954,12/7/2022 12:40:45 PM,82852d0c-0f69-4bc0-bc5e-073071a8dc0f,Hemostatic Gauze,999,
TOOL_HOVER,294974,12/7/2022 12:40:45 PM,82852d0c-0f69-4bc0-bc5e-073071a8dc0f,Hemostatic Gauze,999,
TOOL_HOVER,294993,12/7/2022 12:40:45 PM,82852d0c-0f69-4bc0-bc5e-073071a8dc0f,Hemostatic Gauze,999,
TOOL_HOVER,295013,12/7/2022 12:40:45 PM,82852d0c-0f69-4bc0-bc5e-073071a8dc0f,Hemostatic Gauze,999,
TOOL_HOVER,295032,12/7/2022 12:40:45 PM,82852d0c-0f69-4bc0-bc5e-073071a8dc0f,Hemostatic Gauze,999,
TOOL_HOVER,295051,12/7/2022 12:40:45 PM,82852d0c-0f69-4bc0-bc5e-073071a8dc0f,Hemostatic Gauze,999,
TOOL_HOVER,295069,12/7/2022 12:40:45 PM,82852d0c-0f69-4bc0-bc5e-073071a8dc0f,Hemostatic Gauze,999,
TOOL_HOVER,295088,12/7/2022 12:40:45 PM,82852d0c-0f69-4bc0-bc5e-073071a8dc0f,Hemostatic Gauze,999,
TOOL_HOVER,295107,12/7/2022 12:40:45 PM,82852d0c-0f69-4bc0-bc5e-073071a8dc0f,Hemostatic Gauze,999,
TOOL_HOVER,295127,12/7/2022 12:40:45 PM,82852d0c-0f69-4bc0-bc5e-073071a8dc0f,Hemostatic Gauze,999,
TOOL_HOVER,295146,12/7/2022 12:40:45 PM,82852d0c-0f69-4bc0-bc5e-073071a8dc0f,Hemostatic Gauze,999,
TOOL_HOVER,295166,12/7/2022 12:40:45 PM,82852d0c-0f69-4bc0-bc5e-073071a8dc0f,Hemostatic Gauze,999,
TOOL_HOVER,295184,12/7/2022 12:40:45 PM,82852d0c-0f69-4bc0-bc5e-073071a8dc0f,Hemostatic Gauze,999,
TOOL_HOVER,295202,12/7/2022 12:40:45 PM,82852d0c-0f69-4bc0-bc5e-073071a8dc0f,Hemostatic Gauze,999,
TOOL_HOVER,295222,12/7/2022 12:40:45 PM,82852d0c-0f69-4bc0-bc5e-073071a8dc0f,Hemostatic Gauze,999,
TOOL_HOVER,295240,12/7/2022 12:40:45 PM,82852d0c-0f69-4bc0-bc5e-073071a8dc0f,Hemostatic Gauze,999,
TOOL_HOVER,295259,12/7/2022 12:40:45 PM,82852d0c-0f69-4bc0-bc5e-073071a8dc0f,Hemostatic Gauze,999,
TOOL_HOVER,295279,12/7/2022 12:40:45 PM,82852d0c-0f69-4bc0-bc5e-073071a8dc0f,Hemostatic Gauze,999,
TOOL_HOVER,297285,12/7/2022 12:40:47 PM,82852d0c-0f69-4bc0-bc5e-073071a8dc0f,Hemostatic Gauze,999,
TOOL_HOVER,297302,12/7/2022 12:40:47 PM,82852d0c-0f69-4bc0-bc5e-073071a8dc0f,Hemostatic Gauze,999,
TOOL_HOVER,297321,12/7/2022 12:40:47 PM,82852d0c-0f69-4bc0-bc5e-073071a8dc0f,Hemostatic Gauze,999,
TOOL_HOVER,297339,12/7/2022 12:40:47 PM,82852d0c-0f69-4bc0-bc5e-073071a8dc0f,Hemostatic Gauze,999,
TOOL_HOVER,297358,12/7/2022 12:40:47 PM,82852d0c-0f69-4bc0-bc5e-073071a8dc0f,Hemostatic Gauze,999,
TOOL_HOVER,297377,12/7/2022 12:40:47 PM,82852d0c-0f69-4bc0-bc5e-073071a8dc0f,Hemostatic Gauze,999,
TOOL_HOVER,297395,12/7/2022 12:40:47 PM,82852d0c-0f69-4bc0-bc5e-073071a8dc0f,Hemostatic Gauze,999,
TOOL_HOVER,297414,12/7/2022 12:40:47 PM,82852d0c-0f69-4bc0-bc5e-073071a8dc0f,Hemostatic Gauze,999,
TOOL_HOVER,297433,12/7/2022 12:40:47 PM,82852d0c-0f69-4bc0-bc5e-073071a8dc0f,Hemostatic Gauze,999,
TOOL_HOVER,297451,12/7/2022 12:40:47 PM,82852d0c-0f69-4bc0-bc5e-073071a8dc0f,Hemostatic Gauze,999,
TOOL_HOVER,297469,12/7/2022 12:40:47 PM,82852d0c-0f69-4bc0-bc5e-073071a8dc0f,Hemostatic Gauze,999,
TOOL_SELECTED,297470,12/7/2022 12:40:47 PM,82852d0c-0f69-4bc0-bc5e-073071a8dc0f,Hemostatic Gauze,998,
TOOL_DISCARDED,299030,12/7/2022 12:40:49 PM,82852d0c-0f69-4bc0-bc5e-073071a8dc0f,Hemostatic Gauze,998,"(5.4, 0.4, -3.4)",
INJURY_TREATED,299031,12/7/2022 12:40:49 PM,82852d0c-0f69-4bc0-bc5e-073071a8dc0f,L Shoulder Puncture,Mike_2 Root,woundpack,medium,chest,True,False,"(5.4, 0.4, -3.4)",
TOOL_APPLIED,299031,12/7/2022 12:40:49 PM,82852d0c-0f69-4bc0-bc5e-073071a8dc0f,Mike_2 Root,Gauze_Pack,skinCollider_BodyCollideLOD (UnityEngine.GameObject),null,null,AppliedPackingGauze,
VOICE_CAPTURE,300124,12/7/2022 12:40:50 PM,82852d0c-0f69-4bc0-bc5e-073071a8dc0f,let's go horse my back,NA,
VOICE_CAPTURE,303433,12/7/2022 12:40:53 PM,82852d0c-0f69-4bc0-bc5e-073071a8dc0f,alright what's your name,NA,
VOICE_COMMAND,303433,12/7/2022 12:40:53 PM,82852d0c-0f69-4bc0-bc5e-073071a8dc0f,what is your name,alright what's your name,
PULSE_TAKEN,305137,12/7/2022 12:40:55 PM,82852d0c-0f69-4bc0-bc5e-073071a8dc0f,pulse_fast,Mike_2 Root,
PULSE_TAKEN,306891,12/7/2022 12:40:57 PM,82852d0c-0f69-4bc0-bc5e-073071a8dc0f,pulse_fast,Mike_2 Root,
PULSE_TAKEN,307826,12/7/2022 12:40:58 PM,82852d0c-0f69-4bc0-bc5e-073071a8dc0f,pulse_fast,Mike_2 Root,
VOICE_CAPTURE,309379,12/7/2022 12:40:59 PM,82852d0c-0f69-4bc0-bc5e-073071a8dc0f,alright michael see your arm here,NA,
PULSE_TAKEN,309748,12/7/2022 12:40:59 PM,82852d0c-0f69-4bc0-bc5e-073071a8dc0f,pulse_fast,Mike_2 Root,
TAG_SELECTED,314092,12/7/2022 12:41:04 PM,82852d0c-0f69-4bc0-bc5e-073071a8dc0f,red,
VOICE_CAPTURE,314660,12/7/2022 12:41:04 PM,82852d0c-0f69-4bc0-bc5e-073071a8dc0f,check for paul she got a good pause are you hurting anywhere else,NA,
VOICE_COMMAND,314660,12/7/2022 12:41:04 PM,82852d0c-0f69-4bc0-bc5e-073071a8dc0f,are you hurt,check for paul she got a good pause are you hurting anywhere else,
VOICE_COMMAND,314660,12/7/2022 12:41:04 PM,82852d0c-0f69-4bc0-bc5e-073071a8dc0f,anywhere else,check for paul she got a good pause are you hurting anywhere else,
VOICE_CAPTURE,315278,12/7/2022 12:41:05 PM,82852d0c-0f69-4bc0-bc5e-073071a8dc0f,modbutton no,NA,
VOICE_COMMAND,315278,12/7/2022 12:41:05 PM,82852d0c-0f69-4bc0-bc5e-073071a8dc0f,modbutton no,modbutton no,
TAG_APPLIED,315613,12/7/2022 12:41:05 PM,82852d0c-0f69-4bc0-bc5e-073071a8dc0f,Mike_2 Root,red,
BAG_CLOSED,318205,12/7/2022 12:41:08 PM,82852d0c-0f69-4bc0-bc5e-073071a8dc0f,"(4.8, 0.7, -3.8)",
VOICE_CAPTURE,320608,12/7/2022 12:41:10 PM,82852d0c-0f69-4bc0-bc5e-073071a8dc0f,good alright,NA,
VOICE_CAPTURE,323665,12/7/2022 12:41:13 PM,82852d0c-0f69-4bc0-bc5e-073071a8dc0f,OK,NA,
VOICE_CAPTURE,337005,12/7/2022 12:41:27 PM,82852d0c-0f69-4bc0-bc5e-073071a8dc0f,let's go for it,NA,
