VOICE_CAPTURE,5306,12/7/2022 10:36:08 AM,8864c3dc-cb3a-44e4-8156-f5f2d2d0a35d,so it's freaking me out already,NA,
VOICE_CAPTURE,8913,12/7/2022 10:36:12 AM,8864c3dc-cb3a-44e4-8156-f5f2d2d0a35d,i don't like this,NA,
VOICE_CAPTURE,12706,12/7/2022 10:36:16 AM,8864c3dc-cb3a-44e4-8156-f5f2d2d0a35d,and i can see your legs yeah that's,NA,
VOICE_CAPTURE,20374,12/7/2022 10:36:23 AM,8864c3dc-cb3a-44e4-8156-f5f2d2d0a35d,i don't wanna do this,NA,
VOICE_CAPTURE,25795,12/7/2022 10:36:29 AM,8864c3dc-cb3a-44e4-8156-f5f2d2d0a35d,i was worried about,NA,
VOICE_CAPTURE,31718,12/7/2022 10:36:35 AM,8864c3dc-cb3a-44e4-8156-f5f2d2d0a35d,not a problem not,NA,
