PATIENT_DEMOTED,4099,11/30/2022 1:49:57 PM,888de8e3-f293-4564-bc6a-9c1214f5064b,100,Infinity,Helga_0 Root,"(-0.2, 0.0, 7.8)","(0.0, 0.7, 0.0, 0.7)",IMMEDIATE,waver,fast,normal,normal,upset,sittingGround,
PATIENT_DEMOTED,4743,11/30/2022 1:49:58 PM,888de8e3-f293-4564-bc6a-9c1214f5064b,100,Infinity,Lily_1 Root,"(1.5, 0.0, 3.7)","(0.0, 0.1, 0.0, 1.0)",IMMEDIATE,waver,normal,normal,normal,calm,fetal,
PATIENT_DEMOTED,5221,11/30/2022 1:49:58 PM,888de8e3-f293-4564-bc6a-9c1214f5064b,100,Infinity,Lily_1 Root,"(1.2, 0.0, 3.8)","(0.0, 0.1, 0.0, 1.0)",DELAYED,waver,normal,normal,normal,calm,fetal,
PATIENT_DEMOTED,5502,11/30/2022 1:49:59 PM,888de8e3-f293-4564-bc6a-9c1214f5064b,100,Infinity,Gloria_2 Root,"(0.7, 0.0, 0.4)","(0.0, 1.0, 0.0, 0.0)",IMMEDIATE,waver,fast,fast,normal,agony,supine,
PATIENT_DEMOTED,6153,11/30/2022 1:49:59 PM,888de8e3-f293-4564-bc6a-9c1214f5064b,100,Infinity,Mike_3 Root,"(-0.8, 0.0, 3.7)","(0.0, 0.4, 0.0, 0.9)",IMMEDIATE,waver,fast,fast,normal,agony,sittingGround,
PATIENT_DEMOTED,6659,11/30/2022 1:50:00 PM,888de8e3-f293-4564-bc6a-9c1214f5064b,100,Infinity,Mike_4 Root,"(1.4, 0.0, 6.0)","(0.0, 1.0, 0.0, 0.0)",DELAYED,walker,normal,normal,normal,upset,standing,
PATIENT_DEMOTED,7183,11/30/2022 1:50:00 PM,888de8e3-f293-4564-bc6a-9c1214f5064b,100,Infinity,Mike_4 Root,"(1.4, 0.0, 6.0)","(0.0, 1.0, 0.0, 0.0)",MINIMAL,walker,normal,normal,normal,upset,sittingGround,
PATIENT_DEMOTED,7311,11/30/2022 1:50:00 PM,888de8e3-f293-4564-bc6a-9c1214f5064b,100,0,Gary_5 Root,"(2.8, 0.0, 5.3)","(0.0, 1.0, 0.0, 0.0)",DELAYED,walker,normal,restricted,normal,upset,kneeling,
PATIENT_DEMOTED,7830,11/30/2022 1:50:01 PM,888de8e3-f293-4564-bc6a-9c1214f5064b,100,0,Gary_5 Root,"(2.8, 0.0, 5.3)","(0.0, 1.0, 0.0, 0.0)",MINIMAL,walker,normal,restricted,normal,upset,sittingGround,
PATIENT_DEMOTED,8063,11/30/2022 1:50:01 PM,888de8e3-f293-4564-bc6a-9c1214f5064b,100,128,Mike_6 Root,"(3.0, 0.0, 3.6)","(0.0, 0.0, 0.0, 1.0)",IMMEDIATE,still,faint,collapsedRight,normal,unresponsive,supine,
PATIENT_DEMOTED,8713,11/30/2022 1:50:02 PM,888de8e3-f293-4564-bc6a-9c1214f5064b,100,Infinity,Lily_7 Root,"(2.3, 0.0, 1.9)","(0.0, 1.0, 0.0, 0.0)",EXPECTANT,still,faint,restricted,none,unresponsive,supine,
VOICE_CAPTURE,9016,11/30/2022 1:50:02 PM,888de8e3-f293-4564-bc6a-9c1214f5064b,OK,NA,
PATIENT_DEMOTED,9137,11/30/2022 1:50:02 PM,888de8e3-f293-4564-bc6a-9c1214f5064b,100,Infinity,Lily_7 Root,"(2.3, 0.0, 1.8)","(0.0, 1.0, 0.0, 0.0)",DEAD,still,none,none,none,dead,supine,
PATIENT_DEMOTED,10193,11/30/2022 1:50:03 PM,888de8e3-f293-4564-bc6a-9c1214f5064b,100,Infinity,Mike_9 Root,"(3.1, 0.0, 0.5)","(0.0, 1.0, 0.0, 0.0)",IMMEDIATE,waver,fast,normal,normal,upset,sittingGround,
VOICE_CAPTURE,16632,11/30/2022 1:50:10 PM,888de8e3-f293-4564-bc6a-9c1214f5064b,tell you what,NA,
SESSION_START,20492,11/30/2022 1:50:14 PM,888de8e3-f293-4564-bc6a-9c1214f5064b,
PATIENT_RECORD,20493,11/30/2022 1:50:14 PM,888de8e3-f293-4564-bc6a-9c1214f5064b,100,Infinity,Helga_0 Root,"(0.2, 0.0, 7.7)","(0.0, 0.7, 0.0, 0.7)",IMMEDIATE,waver,fast,fast,normal,upset,sittingGround,
INJURY_RECORD,20493,11/30/2022 1:50:14 PM,888de8e3-f293-4564-bc6a-9c1214f5064b,L Stomach Puncture,Helga_0 Root,woundpack,high,abdomen,False,False,"(0.3, 1.0, 7.7)",
INJURY_RECORD,20493,11/30/2022 1:50:14 PM,888de8e3-f293-4564-bc6a-9c1214f5064b,L Thigh Puncture,Helga_0 Root,tourniquet,medium,leftLeg,False,False,"(0.2, 0.5, 7.7)",
PATIENT_RECORD,20493,11/30/2022 1:50:14 PM,888de8e3-f293-4564-bc6a-9c1214f5064b,100,Infinity,Lily_1 Root,"(1.2, 0.0, 3.9)","(0.0, 0.1, 0.0, 1.0)",DELAYED,waver,normal,normal,normal,calm,fetal,
INJURY_RECORD,20493,11/30/2022 1:50:14 PM,888de8e3-f293-4564-bc6a-9c1214f5064b,R Bicep Puncture,Lily_1 Root,tourniquet,medium,rightArm,False,False,"(1.6, 1.3, 3.8)",
INJURY_RECORD,20493,11/30/2022 1:50:14 PM,888de8e3-f293-4564-bc6a-9c1214f5064b,R Thigh Laceration,Lily_1 Root,tourniquet,medium,rightLeg,False,False,"(1.3, 0.6, 3.9)",
PATIENT_RECORD,20493,11/30/2022 1:50:14 PM,888de8e3-f293-4564-bc6a-9c1214f5064b,100,Infinity,Gloria_2 Root,"(0.7, 0.0, 0.6)","(0.0, 1.0, 0.0, 0.0)",IMMEDIATE,waver,fast,fast,normal,agony,supine,
INJURY_RECORD,20493,11/30/2022 1:50:14 PM,888de8e3-f293-4564-bc6a-9c1214f5064b,L Shin Amputation,Gloria_2 Root,tourniquet,high,leftLeg,False,False,"(0.9, 0.4, 0.5)",
PATIENT_RECORD,20493,11/30/2022 1:50:14 PM,888de8e3-f293-4564-bc6a-9c1214f5064b,100,Infinity,Mike_3 Root,"(-1.3, 0.0, 4.2)","(0.0, 0.4, 0.0, 0.9)",IMMEDIATE,waver,fast,fast,normal,agony,sittingGround,
INJURY_RECORD,20493,11/30/2022 1:50:14 PM,888de8e3-f293-4564-bc6a-9c1214f5064b,R Wrist Amputation,Mike_3 Root,tourniquet,high,rightArm,False,False,"(-0.9, 1.3, 3.8)",
PATIENT_RECORD,20493,11/30/2022 1:50:14 PM,888de8e3-f293-4564-bc6a-9c1214f5064b,100,Infinity,Mike_4 Root,"(1.4, 0.0, 6.0)","(0.0, 1.0, 0.0, 0.0)",MINIMAL,walker,normal,normal,normal,upset,sittingGround,
INJURY_RECORD,20493,11/30/2022 1:50:14 PM,888de8e3-f293-4564-bc6a-9c1214f5064b,R Palm Laceration,Mike_4 Root,gauzePressure,low,rightArm,False,False,"(0.7, 1.3, 6.0)",
PATIENT_RECORD,20493,11/30/2022 1:50:14 PM,888de8e3-f293-4564-bc6a-9c1214f5064b,100,0,Gary_5 Root,"(2.8, 0.0, 5.3)","(0.0, 1.0, 0.0, 0.0)",MINIMAL,walker,normal,restricted,normal,upset,sittingGround,
INJURY_RECORD,20493,11/30/2022 1:50:14 PM,888de8e3-f293-4564-bc6a-9c1214f5064b,Asthmatic,Gary_5 Root,none,medium,chest,False,False,"(0.0, 0.0, 0.0)",
PATIENT_RECORD,20493,11/30/2022 1:50:14 PM,888de8e3-f293-4564-bc6a-9c1214f5064b,100,128,Mike_6 Root,"(3.0, 0.0, 3.4)","(0.0, 0.0, 0.0, 1.0)",IMMEDIATE,still,faint,collapsedRight,normal,unresponsive,supine,
INJURY_RECORD,20493,11/30/2022 1:50:14 PM,888de8e3-f293-4564-bc6a-9c1214f5064b,R Chest Collapse,Mike_6 Root,decompress,high,chest,False,False,"(0.0, 0.0, 0.0)",
PATIENT_RECORD,20493,11/30/2022 1:50:14 PM,888de8e3-f293-4564-bc6a-9c1214f5064b,100,Infinity,Lily_7 Root,"(2.3, 0.0, 1.8)","(0.0, 1.0, 0.0, 0.0)",DEAD,still,none,none,none,dead,supine,
INJURY_RECORD,20493,11/30/2022 1:50:14 PM,888de8e3-f293-4564-bc6a-9c1214f5064b,Face Shrapnel,Lily_7 Root,airway,high,head,False,False,"(2.3, 1.6, 1.8)",
INJURY_RECORD,20493,11/30/2022 1:50:14 PM,888de8e3-f293-4564-bc6a-9c1214f5064b,L Wrist Amputation,Lily_7 Root,tourniquet,high,leftArm,False,False,"(2.9, 1.3, 1.7)",
INJURY_RECORD,20493,11/30/2022 1:50:14 PM,888de8e3-f293-4564-bc6a-9c1214f5064b,R Bicep Puncture,Lily_7 Root,tourniquet,medium,rightArm,False,False,"(1.9, 1.3, 1.8)",
PATIENT_RECORD,20493,11/30/2022 1:50:14 PM,888de8e3-f293-4564-bc6a-9c1214f5064b,100,Infinity,Gloria_8 Root,"(2.6, 0.0, 8.0)","(0.0, 1.0, 0.0, 0.0)",MINIMAL,still,normal,normal,limited,calm,standing,
INJURY_RECORD,20493,11/30/2022 1:50:14 PM,888de8e3-f293-4564-bc6a-9c1214f5064b,Ear Bleed,Gloria_8 Root,none,low,head,False,False,"(0.0, 0.0, 0.0)",
PATIENT_RECORD,20493,11/30/2022 1:50:14 PM,888de8e3-f293-4564-bc6a-9c1214f5064b,100,Infinity,Mike_9 Root,"(3.5, 0.0, 1.1)","(0.0, 1.0, 0.0, 0.0)",IMMEDIATE,waver,normal,normal,normal,upset,sittingGround,
INJURY_RECORD,20493,11/30/2022 1:50:14 PM,888de8e3-f293-4564-bc6a-9c1214f5064b,L Side Puncture,Mike_9 Root,woundpack,medium,abdomen,False,False,"(3.6, 1.1, 1.0)",
INJURY_RECORD,20493,11/30/2022 1:50:14 PM,888de8e3-f293-4564-bc6a-9c1214f5064b,L Thigh Puncture,Mike_9 Root,tourniquet,medium,leftLeg,False,False,"(3.5, 0.6, 1.0)",
INJURY_RECORD,20493,11/30/2022 1:50:14 PM,888de8e3-f293-4564-bc6a-9c1214f5064b,L Calf Laceration,Mike_9 Root,gauzePressure,low,leftLeg,False,False,"(3.6, 0.3, 1.1)",
PATIENT_RECORD,20493,11/30/2022 1:50:14 PM,888de8e3-f293-4564-bc6a-9c1214f5064b,100,Infinity,Bob_10 Root,"(3.8, 0.0, 4.0)","(0.0, 1.0, 0.0, 0.0)",MINIMAL,walker,normal,normal,normal,calm,standing,
VOICE_CAPTURE,22546,11/30/2022 1:50:16 PM,888de8e3-f293-4564-bc6a-9c1214f5064b,alright,NA,
TELEPORT,27458,11/30/2022 1:50:21 PM,888de8e3-f293-4564-bc6a-9c1214f5064b,"(0.8, 0.0, -2.3)",
PATIENT_ENGAGED,29988,11/30/2022 1:50:23 PM,888de8e3-f293-4564-bc6a-9c1214f5064b,100,Infinity,Gloria_2 Root,"(0.7, 0.0, 0.6)","(0.0, 1.0, 0.0, 0.0)",IMMEDIATE,waver,fast,fast,normal,agony,supine,
VOICE_CAPTURE,30282,11/30/2022 1:50:23 PM,888de8e3-f293-4564-bc6a-9c1214f5064b,oh my we need some help over here and i'm trying to walk,NA,
VOICE_COMMAND,30282,11/30/2022 1:50:23 PM,888de8e3-f293-4564-bc6a-9c1214f5064b,walk to the safe area,oh my we need some help over here and i'm trying to walk,
S_A_L_T_WALK_IF_CAN,30284,11/30/2022 1:50:23 PM,888de8e3-f293-4564-bc6a-9c1214f5064b,"(0.2, 0.0, 7.7)",walkIfCan,Helga_0 Root,
S_A_L_T_WALK_IF_CAN,30285,11/30/2022 1:50:23 PM,888de8e3-f293-4564-bc6a-9c1214f5064b,"(1.2, 0.0, 3.9)",walkIfCan,Lily_1 Root,
S_A_L_T_WALK_IF_CAN,30285,11/30/2022 1:50:23 PM,888de8e3-f293-4564-bc6a-9c1214f5064b,"(0.7, 0.0, 0.6)",walkIfCan,Gloria_2 Root,
S_A_L_T_WALK_IF_CAN,30285,11/30/2022 1:50:23 PM,888de8e3-f293-4564-bc6a-9c1214f5064b,"(-1.3, 0.0, 4.2)",walkIfCan,Mike_3 Root,
S_A_L_T_WALK_IF_CAN,30285,11/30/2022 1:50:23 PM,888de8e3-f293-4564-bc6a-9c1214f5064b,"(1.4, 0.0, 6.0)",walkIfCan,Mike_4 Root,
S_A_L_T_WALKED,30285,11/30/2022 1:50:23 PM,888de8e3-f293-4564-bc6a-9c1214f5064b,"(1.4, 0.0, 6.0)",walked,Mike_4 Root,
S_A_L_T_WALK_IF_CAN,30285,11/30/2022 1:50:23 PM,888de8e3-f293-4564-bc6a-9c1214f5064b,"(2.8, 0.0, 5.3)",walkIfCan,Gary_5 Root,
S_A_L_T_WALKED,30285,11/30/2022 1:50:23 PM,888de8e3-f293-4564-bc6a-9c1214f5064b,"(2.8, 0.0, 5.3)",walked,Gary_5 Root,
S_A_L_T_WALK_IF_CAN,30285,11/30/2022 1:50:23 PM,888de8e3-f293-4564-bc6a-9c1214f5064b,"(2.6, 0.0, 8.0)",walkIfCan,Gloria_8 Root,
S_A_L_T_WALK_IF_CAN,30285,11/30/2022 1:50:23 PM,888de8e3-f293-4564-bc6a-9c1214f5064b,"(3.5, 0.0, 1.1)",walkIfCan,Mike_9 Root,
S_A_L_T_WALK_IF_CAN,30285,11/30/2022 1:50:23 PM,888de8e3-f293-4564-bc6a-9c1214f5064b,"(3.8, 0.0, 4.0)",walkIfCan,Bob_10 Root,
S_A_L_T_WALKED,30285,11/30/2022 1:50:23 PM,888de8e3-f293-4564-bc6a-9c1214f5064b,"(3.8, 0.0, 4.0)",walked,Bob_10 Root,
BAG_ACCESS,32246,11/30/2022 1:50:25 PM,888de8e3-f293-4564-bc6a-9c1214f5064b,"(0.4, 0.4, 0.3)",
TOOL_HOVER,32841,11/30/2022 1:50:26 PM,888de8e3-f293-4564-bc6a-9c1214f5064b,Tourniquet,999,
TOOL_HOVER,32858,11/30/2022 1:50:26 PM,888de8e3-f293-4564-bc6a-9c1214f5064b,Tourniquet,999,
TOOL_HOVER,32876,11/30/2022 1:50:26 PM,888de8e3-f293-4564-bc6a-9c1214f5064b,Tourniquet,999,
TOOL_HOVER,32895,11/30/2022 1:50:26 PM,888de8e3-f293-4564-bc6a-9c1214f5064b,Tourniquet,999,
TOOL_HOVER,32913,11/30/2022 1:50:26 PM,888de8e3-f293-4564-bc6a-9c1214f5064b,Tourniquet,999,
TOOL_HOVER,32932,11/30/2022 1:50:26 PM,888de8e3-f293-4564-bc6a-9c1214f5064b,Tourniquet,999,
TOOL_HOVER,32949,11/30/2022 1:50:26 PM,888de8e3-f293-4564-bc6a-9c1214f5064b,Tourniquet,999,
TOOL_HOVER,32968,11/30/2022 1:50:26 PM,888de8e3-f293-4564-bc6a-9c1214f5064b,Tourniquet,999,
TOOL_HOVER,32987,11/30/2022 1:50:26 PM,888de8e3-f293-4564-bc6a-9c1214f5064b,Tourniquet,999,
TOOL_HOVER,33005,11/30/2022 1:50:26 PM,888de8e3-f293-4564-bc6a-9c1214f5064b,Tourniquet,999,
TOOL_HOVER,33023,11/30/2022 1:50:26 PM,888de8e3-f293-4564-bc6a-9c1214f5064b,Tourniquet,999,
TOOL_HOVER,33042,11/30/2022 1:50:26 PM,888de8e3-f293-4564-bc6a-9c1214f5064b,Tourniquet,999,
TOOL_HOVER,33060,11/30/2022 1:50:26 PM,888de8e3-f293-4564-bc6a-9c1214f5064b,Tourniquet,999,
TOOL_HOVER,33076,11/30/2022 1:50:26 PM,888de8e3-f293-4564-bc6a-9c1214f5064b,Tourniquet,999,
TOOL_HOVER,33093,11/30/2022 1:50:26 PM,888de8e3-f293-4564-bc6a-9c1214f5064b,Tourniquet,999,
TOOL_SELECTED,33096,11/30/2022 1:50:26 PM,888de8e3-f293-4564-bc6a-9c1214f5064b,Tourniquet,998,
VOICE_CAPTURE,34357,11/30/2022 1:50:27 PM,888de8e3-f293-4564-bc6a-9c1214f5064b,hey jimmy how are you doing,NA,
VOICE_COMMAND,34357,11/30/2022 1:50:27 PM,888de8e3-f293-4564-bc6a-9c1214f5064b,are you hurt,hey jimmy how are you doing,
INJURY_TREATED,34670,11/30/2022 1:50:28 PM,888de8e3-f293-4564-bc6a-9c1214f5064b,L Shin Amputation,Gloria_2 Root,tourniquet,high,leftLeg,True,False,"(1.0, 0.0, 0.5)",
TOOL_APPLIED,34670,11/30/2022 1:50:28 PM,888de8e3-f293-4564-bc6a-9c1214f5064b,Gloria_2 Root,Tourniquet,LeftUpLeg (UnityEngine.GameObject),tor_ring (1) (UnityEngine.GameObject),tourniquet(Clone) (UnityEngine.GameObject),AppliedTourniquet,
PULSE_TAKEN,37064,11/30/2022 1:50:30 PM,888de8e3-f293-4564-bc6a-9c1214f5064b,pulse_fast,Gloria_2 Root,
PULSE_TAKEN,37764,11/30/2022 1:50:31 PM,888de8e3-f293-4564-bc6a-9c1214f5064b,pulse_fast,Gloria_2 Root,
TAG_SELECTED,40873,11/30/2022 1:50:34 PM,888de8e3-f293-4564-bc6a-9c1214f5064b,red,
TAG_APPLIED,42026,11/30/2022 1:50:35 PM,888de8e3-f293-4564-bc6a-9c1214f5064b,Gloria_2 Root,red,
BAG_CLOSED,47725,11/30/2022 1:50:41 PM,888de8e3-f293-4564-bc6a-9c1214f5064b,"(0.4, 0.4, 0.3)",
TELEPORT,47725,11/30/2022 1:50:41 PM,888de8e3-f293-4564-bc6a-9c1214f5064b,"(0.9, 0.0, -0.9)",
PATIENT_ENGAGED,49015,11/30/2022 1:50:42 PM,888de8e3-f293-4564-bc6a-9c1214f5064b,100,Infinity,Mike_9 Root,"(3.5, 0.0, 1.1)","(0.0, 1.0, 0.0, 0.0)",IMMEDIATE,waver,normal,normal,normal,upset,sittingGround,
VOICE_CAPTURE,50111,11/30/2022 1:50:43 PM,888de8e3-f293-4564-bc6a-9c1214f5064b,i've gotta check everybody you you keep there somebody will be with you in a minute i've stopped your bleeding for now,NA,
BAG_ACCESS,53358,11/30/2022 1:50:46 PM,888de8e3-f293-4564-bc6a-9c1214f5064b,"(3.2, 0.4, 0.8)",
VOICE_CAPTURE,54263,11/30/2022 1:50:47 PM,888de8e3-f293-4564-bc6a-9c1214f5064b,hey sir,NA,
TAG_SELECTED,55004,11/30/2022 1:50:48 PM,888de8e3-f293-4564-bc6a-9c1214f5064b,red,
TAG_APPLIED,55680,11/30/2022 1:50:49 PM,888de8e3-f293-4564-bc6a-9c1214f5064b,Mike_9 Root,red,
TOOL_HOVER,56748,11/30/2022 1:50:50 PM,888de8e3-f293-4564-bc6a-9c1214f5064b,Tourniquet,998,
TOOL_HOVER,56774,11/30/2022 1:50:50 PM,888de8e3-f293-4564-bc6a-9c1214f5064b,Tourniquet,998,
TOOL_HOVER,56798,11/30/2022 1:50:50 PM,888de8e3-f293-4564-bc6a-9c1214f5064b,Tourniquet,998,
TOOL_HOVER,56823,11/30/2022 1:50:50 PM,888de8e3-f293-4564-bc6a-9c1214f5064b,Tourniquet,998,
TOOL_HOVER,56848,11/30/2022 1:50:50 PM,888de8e3-f293-4564-bc6a-9c1214f5064b,Tourniquet,998,
TOOL_HOVER,56873,11/30/2022 1:50:50 PM,888de8e3-f293-4564-bc6a-9c1214f5064b,Tourniquet,998,
TOOL_HOVER,56898,11/30/2022 1:50:50 PM,888de8e3-f293-4564-bc6a-9c1214f5064b,Tourniquet,998,
TOOL_HOVER,56922,11/30/2022 1:50:50 PM,888de8e3-f293-4564-bc6a-9c1214f5064b,Tourniquet,998,
VOICE_CAPTURE,56945,11/30/2022 1:50:50 PM,888de8e3-f293-4564-bc6a-9c1214f5064b,my name's dan how are you doing,NA,
VOICE_COMMAND,56946,11/30/2022 1:50:50 PM,888de8e3-f293-4564-bc6a-9c1214f5064b,are you hurt,my name's dan how are you doing,
TOOL_HOVER,56947,11/30/2022 1:50:50 PM,888de8e3-f293-4564-bc6a-9c1214f5064b,Tourniquet,998,
TOOL_HOVER,56971,11/30/2022 1:50:50 PM,888de8e3-f293-4564-bc6a-9c1214f5064b,Tourniquet,998,
TOOL_SELECTED,56972,11/30/2022 1:50:50 PM,888de8e3-f293-4564-bc6a-9c1214f5064b,Tourniquet,997,
PULSE_TAKEN,57233,11/30/2022 1:50:50 PM,888de8e3-f293-4564-bc6a-9c1214f5064b,pulse_normal,Mike_9 Root,
INJURY_TREATED,58424,11/30/2022 1:50:52 PM,888de8e3-f293-4564-bc6a-9c1214f5064b,L Thigh Puncture,Mike_9 Root,tourniquet,medium,leftLeg,True,False,"(4.0, 0.1, 1.1)",
TOOL_APPLIED,58424,11/30/2022 1:50:52 PM,888de8e3-f293-4564-bc6a-9c1214f5064b,Mike_9 Root,Tourniquet,LeftUpLeg (UnityEngine.GameObject),tor_ring (1) (UnityEngine.GameObject),tourniquet(Clone) (UnityEngine.GameObject),AppliedTourniquet,
PATIENT_DEMOTED,58425,11/30/2022 1:50:52 PM,888de8e3-f293-4564-bc6a-9c1214f5064b,100,Infinity,Mike_9 Root,"(3.5, 0.0, 1.1)","(0.0, 1.0, 0.0, 0.0)",DELAYED,waver,normal,normal,normal,upset,sittingGround,
PULSE_TAKEN,60464,11/30/2022 1:50:54 PM,888de8e3-f293-4564-bc6a-9c1214f5064b,pulse_normal,Mike_9 Root,
PULSE_TAKEN,61737,11/30/2022 1:50:55 PM,888de8e3-f293-4564-bc6a-9c1214f5064b,pulse_normal,Mike_9 Root,
PULSE_TAKEN,62914,11/30/2022 1:50:56 PM,888de8e3-f293-4564-bc6a-9c1214f5064b,pulse_normal,Mike_9 Root,
VOICE_CAPTURE,66195,11/30/2022 1:50:59 PM,888de8e3-f293-4564-bc6a-9c1214f5064b,alright we're stopping your bleeding here,NA,
PULSE_TAKEN,67160,11/30/2022 1:51:00 PM,888de8e3-f293-4564-bc6a-9c1214f5064b,pulse_normal,Mike_9 Root,
VOICE_CAPTURE,71115,11/30/2022 1:51:04 PM,888de8e3-f293-4564-bc6a-9c1214f5064b,i can we open shirts or anything or,NA,
BAG_CLOSED,72839,11/30/2022 1:51:06 PM,888de8e3-f293-4564-bc6a-9c1214f5064b,"(3.2, 0.4, 0.8)",
TELEPORT,72839,11/30/2022 1:51:06 PM,888de8e3-f293-4564-bc6a-9c1214f5064b,"(3.4, 0.0, 0.2)",
TELEPORT,74349,11/30/2022 1:51:07 PM,888de8e3-f293-4564-bc6a-9c1214f5064b,"(3.9, 0.0, 0.7)",
VOICE_CAPTURE,80449,11/30/2022 1:51:14 PM,888de8e3-f293-4564-bc6a-9c1214f5064b,this is really weird,NA,
TOOL_HOVER,82399,11/30/2022 1:51:16 PM,888de8e3-f293-4564-bc6a-9c1214f5064b,Tourniquet,997,
TOOL_HOVER,82418,11/30/2022 1:51:16 PM,888de8e3-f293-4564-bc6a-9c1214f5064b,Tourniquet,997,
TOOL_HOVER,82436,11/30/2022 1:51:16 PM,888de8e3-f293-4564-bc6a-9c1214f5064b,Tourniquet,997,
TOOL_HOVER,82455,11/30/2022 1:51:16 PM,888de8e3-f293-4564-bc6a-9c1214f5064b,Tourniquet,997,
TOOL_HOVER,82475,11/30/2022 1:51:16 PM,888de8e3-f293-4564-bc6a-9c1214f5064b,Tourniquet,997,
BAG_ACCESS,83034,11/30/2022 1:51:16 PM,888de8e3-f293-4564-bc6a-9c1214f5064b,"(4.4, 0.4, 1.6)",
TAG_SELECTED,83804,11/30/2022 1:51:17 PM,888de8e3-f293-4564-bc6a-9c1214f5064b,black,
TAG_DISCARDED,84674,11/30/2022 1:51:18 PM,888de8e3-f293-4564-bc6a-9c1214f5064b,black,"(4.0, 0.4, 2.1)",
TOOL_HOVER,84752,11/30/2022 1:51:18 PM,888de8e3-f293-4564-bc6a-9c1214f5064b,Hemostatic Gauze,999,
TOOL_HOVER,84772,11/30/2022 1:51:18 PM,888de8e3-f293-4564-bc6a-9c1214f5064b,Hemostatic Gauze,999,
TOOL_HOVER,84792,11/30/2022 1:51:18 PM,888de8e3-f293-4564-bc6a-9c1214f5064b,Hemostatic Gauze,999,
TOOL_HOVER,84812,11/30/2022 1:51:18 PM,888de8e3-f293-4564-bc6a-9c1214f5064b,Hemostatic Gauze,999,
TOOL_HOVER,84832,11/30/2022 1:51:18 PM,888de8e3-f293-4564-bc6a-9c1214f5064b,Hemostatic Gauze,999,
TOOL_HOVER,84853,11/30/2022 1:51:18 PM,888de8e3-f293-4564-bc6a-9c1214f5064b,Hemostatic Gauze,999,
TOOL_HOVER,84875,11/30/2022 1:51:18 PM,888de8e3-f293-4564-bc6a-9c1214f5064b,Hemostatic Gauze,999,
TOOL_HOVER,84895,11/30/2022 1:51:18 PM,888de8e3-f293-4564-bc6a-9c1214f5064b,Hemostatic Gauze,999,
TOOL_HOVER,84917,11/30/2022 1:51:18 PM,888de8e3-f293-4564-bc6a-9c1214f5064b,Hemostatic Gauze,999,
TOOL_HOVER,84940,11/30/2022 1:51:18 PM,888de8e3-f293-4564-bc6a-9c1214f5064b,Hemostatic Gauze,999,
TOOL_HOVER,84962,11/30/2022 1:51:18 PM,888de8e3-f293-4564-bc6a-9c1214f5064b,Hemostatic Gauze,999,
TOOL_HOVER,84982,11/30/2022 1:51:18 PM,888de8e3-f293-4564-bc6a-9c1214f5064b,Hemostatic Gauze,999,
TOOL_HOVER,85003,11/30/2022 1:51:18 PM,888de8e3-f293-4564-bc6a-9c1214f5064b,Hemostatic Gauze,999,
TOOL_HOVER,85026,11/30/2022 1:51:18 PM,888de8e3-f293-4564-bc6a-9c1214f5064b,Hemostatic Gauze,999,
TOOL_HOVER,85045,11/30/2022 1:51:18 PM,888de8e3-f293-4564-bc6a-9c1214f5064b,Hemostatic Gauze,999,
TOOL_HOVER,85065,11/30/2022 1:51:18 PM,888de8e3-f293-4564-bc6a-9c1214f5064b,Hemostatic Gauze,999,
TOOL_SELECTED,85067,11/30/2022 1:51:18 PM,888de8e3-f293-4564-bc6a-9c1214f5064b,Hemostatic Gauze,998,
TOOL_DISCARDED,86584,11/30/2022 1:51:20 PM,888de8e3-f293-4564-bc6a-9c1214f5064b,Hemostatic Gauze,998,"(3.8, 0.2, 1.3)",
INJURY_TREATED,86585,11/30/2022 1:51:20 PM,888de8e3-f293-4564-bc6a-9c1214f5064b,L Side Puncture,Mike_9 Root,woundpack,medium,abdomen,True,False,"(3.8, 0.2, 1.3)",
TOOL_APPLIED,86585,11/30/2022 1:51:20 PM,888de8e3-f293-4564-bc6a-9c1214f5064b,Mike_9 Root,Gauze_Pack,skinCollider_BodyCollideLOD (UnityEngine.GameObject),null,null,AppliedPackingGauze,
VOICE_CAPTURE,87854,11/30/2022 1:51:21 PM,888de8e3-f293-4564-bc6a-9c1214f5064b,i gotta put some packing here in you,NA,
PULSE_TAKEN,88974,11/30/2022 1:51:22 PM,888de8e3-f293-4564-bc6a-9c1214f5064b,pulse_normal,Mike_9 Root,
VOICE_CAPTURE,92483,11/30/2022 1:51:26 PM,888de8e3-f293-4564-bc6a-9c1214f5064b,alright how you doing,NA,
VOICE_CAPTURE,95206,11/30/2022 1:51:28 PM,888de8e3-f293-4564-bc6a-9c1214f5064b,modbutton groan,NA,
VOICE_COMMAND,95206,11/30/2022 1:51:28 PM,888de8e3-f293-4564-bc6a-9c1214f5064b,modbutton groan,modbutton groan,
PATIENT_ENGAGED,95673,11/30/2022 1:51:29 PM,888de8e3-f293-4564-bc6a-9c1214f5064b,100,128,Mike_6 Root,"(3.0, 0.0, 3.4)","(0.0, 0.0, 0.0, 1.0)",IMMEDIATE,still,faint,collapsedRight,normal,unresponsive,supine,
BAG_CLOSED,97094,11/30/2022 1:51:30 PM,888de8e3-f293-4564-bc6a-9c1214f5064b,"(4.4, 0.4, 1.6)",
TELEPORT,97094,11/30/2022 1:51:30 PM,888de8e3-f293-4564-bc6a-9c1214f5064b,"(4.4, 0.0, 0.1)",
VOICE_CAPTURE,97311,11/30/2022 1:51:30 PM,888de8e3-f293-4564-bc6a-9c1214f5064b,how are you feeling alright i gotta move on,NA,
VOICE_COMMAND,97311,11/30/2022 1:51:30 PM,888de8e3-f293-4564-bc6a-9c1214f5064b,are you hurt,how are you feeling alright i gotta move on,
VOICE_CAPTURE,99666,11/30/2022 1:51:33 PM,888de8e3-f293-4564-bc6a-9c1214f5064b,yeah was there,NA,
PATIENT_ENGAGED,102206,11/30/2022 1:51:35 PM,888de8e3-f293-4564-bc6a-9c1214f5064b,100,Infinity,Lily_7 Root,"(2.3, 0.0, 1.8)","(0.0, 1.0, 0.0, 0.0)",DEAD,still,none,none,none,dead,supine,
PATIENT_ENGAGED,103543,11/30/2022 1:51:37 PM,888de8e3-f293-4564-bc6a-9c1214f5064b,100,128,Mike_6 Root,"(3.0, 0.0, 3.4)","(0.0, 0.0, 0.0, 1.0)",IMMEDIATE,still,faint,collapsedRight,normal,unresponsive,supine,
TELEPORT,105849,11/30/2022 1:51:39 PM,888de8e3-f293-4564-bc6a-9c1214f5064b,"(3.9, 0.0, 1.1)",
PULSE_TAKEN,109890,11/30/2022 1:51:43 PM,888de8e3-f293-4564-bc6a-9c1214f5064b,pulse_faint,Mike_6 Root,
VOICE_CAPTURE,112397,11/30/2022 1:51:46 PM,888de8e3-f293-4564-bc6a-9c1214f5064b,buddy,NA,
BAG_ACCESS,112631,11/30/2022 1:51:46 PM,888de8e3-f293-4564-bc6a-9c1214f5064b,"(3.5, 0.3, 2.6)",
TOOL_HOVER,114135,11/30/2022 1:51:47 PM,888de8e3-f293-4564-bc6a-9c1214f5064b,Hemostatic Gauze,999,
TOOL_HOVER,114151,11/30/2022 1:51:47 PM,888de8e3-f293-4564-bc6a-9c1214f5064b,Hemostatic Gauze,999,
TOOL_HOVER,114168,11/30/2022 1:51:47 PM,888de8e3-f293-4564-bc6a-9c1214f5064b,Hemostatic Gauze,999,
TOOL_HOVER,114184,11/30/2022 1:51:47 PM,888de8e3-f293-4564-bc6a-9c1214f5064b,Hemostatic Gauze,999,
TOOL_HOVER,114201,11/30/2022 1:51:47 PM,888de8e3-f293-4564-bc6a-9c1214f5064b,Hemostatic Gauze,999,
TOOL_HOVER,114219,11/30/2022 1:51:47 PM,888de8e3-f293-4564-bc6a-9c1214f5064b,Hemostatic Gauze,999,
TOOL_HOVER,114235,11/30/2022 1:51:47 PM,888de8e3-f293-4564-bc6a-9c1214f5064b,Hemostatic Gauze,999,
TOOL_HOVER,114252,11/30/2022 1:51:47 PM,888de8e3-f293-4564-bc6a-9c1214f5064b,Hemostatic Gauze,999,
TOOL_HOVER,114269,11/30/2022 1:51:47 PM,888de8e3-f293-4564-bc6a-9c1214f5064b,Hemostatic Gauze,999,
TOOL_HOVER,114286,11/30/2022 1:51:47 PM,888de8e3-f293-4564-bc6a-9c1214f5064b,Hemostatic Gauze,999,
TOOL_HOVER,114302,11/30/2022 1:51:47 PM,888de8e3-f293-4564-bc6a-9c1214f5064b,Hemostatic Gauze,999,
TOOL_HOVER,114318,11/30/2022 1:51:47 PM,888de8e3-f293-4564-bc6a-9c1214f5064b,Hemostatic Gauze,999,
TOOL_HOVER,114536,11/30/2022 1:51:48 PM,888de8e3-f293-4564-bc6a-9c1214f5064b,Needle,999,
TOOL_HOVER,114552,11/30/2022 1:51:48 PM,888de8e3-f293-4564-bc6a-9c1214f5064b,Needle,999,
TOOL_HOVER,114570,11/30/2022 1:51:48 PM,888de8e3-f293-4564-bc6a-9c1214f5064b,Needle,999,
TOOL_HOVER,114587,11/30/2022 1:51:48 PM,888de8e3-f293-4564-bc6a-9c1214f5064b,Needle,999,
TOOL_HOVER,114602,11/30/2022 1:51:48 PM,888de8e3-f293-4564-bc6a-9c1214f5064b,Needle,999,
TOOL_HOVER,114619,11/30/2022 1:51:48 PM,888de8e3-f293-4564-bc6a-9c1214f5064b,Needle,999,
TOOL_HOVER,114636,11/30/2022 1:51:48 PM,888de8e3-f293-4564-bc6a-9c1214f5064b,Needle,999,
TOOL_HOVER,114652,11/30/2022 1:51:48 PM,888de8e3-f293-4564-bc6a-9c1214f5064b,Needle,999,
TOOL_HOVER,114669,11/30/2022 1:51:48 PM,888de8e3-f293-4564-bc6a-9c1214f5064b,Needle,999,
TOOL_HOVER,114686,11/30/2022 1:51:48 PM,888de8e3-f293-4564-bc6a-9c1214f5064b,Needle,999,
TOOL_HOVER,114703,11/30/2022 1:51:48 PM,888de8e3-f293-4564-bc6a-9c1214f5064b,Needle,999,
TOOL_HOVER,114721,11/30/2022 1:51:48 PM,888de8e3-f293-4564-bc6a-9c1214f5064b,Needle,999,
TOOL_HOVER,114736,11/30/2022 1:51:48 PM,888de8e3-f293-4564-bc6a-9c1214f5064b,Needle,999,
TOOL_HOVER,114754,11/30/2022 1:51:48 PM,888de8e3-f293-4564-bc6a-9c1214f5064b,Needle,999,
TOOL_HOVER,114768,11/30/2022 1:51:48 PM,888de8e3-f293-4564-bc6a-9c1214f5064b,Needle,999,
TOOL_HOVER,114786,11/30/2022 1:51:48 PM,888de8e3-f293-4564-bc6a-9c1214f5064b,Needle,999,
TOOL_HOVER,114802,11/30/2022 1:51:48 PM,888de8e3-f293-4564-bc6a-9c1214f5064b,Needle,999,
TOOL_HOVER,114820,11/30/2022 1:51:48 PM,888de8e3-f293-4564-bc6a-9c1214f5064b,Needle,999,
TOOL_HOVER,114836,11/30/2022 1:51:48 PM,888de8e3-f293-4564-bc6a-9c1214f5064b,Needle,999,
TOOL_HOVER,114852,11/30/2022 1:51:48 PM,888de8e3-f293-4564-bc6a-9c1214f5064b,Needle,999,
TOOL_HOVER,114869,11/30/2022 1:51:48 PM,888de8e3-f293-4564-bc6a-9c1214f5064b,Needle,999,
TOOL_HOVER,114886,11/30/2022 1:51:48 PM,888de8e3-f293-4564-bc6a-9c1214f5064b,Needle,999,
TOOL_HOVER,114903,11/30/2022 1:51:48 PM,888de8e3-f293-4564-bc6a-9c1214f5064b,Needle,999,
TOOL_HOVER,114919,11/30/2022 1:51:48 PM,888de8e3-f293-4564-bc6a-9c1214f5064b,Needle,999,
PULSE_TAKEN,115805,11/30/2022 1:51:49 PM,888de8e3-f293-4564-bc6a-9c1214f5064b,pulse_faint,Mike_6 Root,
TOOL_HOVER,116139,11/30/2022 1:51:49 PM,888de8e3-f293-4564-bc6a-9c1214f5064b,Needle,999,
TOOL_HOVER,116157,11/30/2022 1:51:49 PM,888de8e3-f293-4564-bc6a-9c1214f5064b,Needle,999,
TOOL_HOVER,116172,11/30/2022 1:51:49 PM,888de8e3-f293-4564-bc6a-9c1214f5064b,Needle,999,
TOOL_HOVER,116190,11/30/2022 1:51:49 PM,888de8e3-f293-4564-bc6a-9c1214f5064b,Needle,999,
TOOL_HOVER,116208,11/30/2022 1:51:49 PM,888de8e3-f293-4564-bc6a-9c1214f5064b,Needle,999,
TOOL_HOVER,116223,11/30/2022 1:51:49 PM,888de8e3-f293-4564-bc6a-9c1214f5064b,Needle,999,
TOOL_HOVER,116240,11/30/2022 1:51:49 PM,888de8e3-f293-4564-bc6a-9c1214f5064b,Needle,999,
TOOL_SELECTED,116241,11/30/2022 1:51:49 PM,888de8e3-f293-4564-bc6a-9c1214f5064b,Needle,998,
INJURY_TREATED,118031,11/30/2022 1:51:51 PM,888de8e3-f293-4564-bc6a-9c1214f5064b,R Chest Collapse,Mike_6 Root,decompress,high,chest,True,False,"(0.0, 0.0, 0.0)",
TOOL_APPLIED,118031,11/30/2022 1:51:51 PM,888de8e3-f293-4564-bc6a-9c1214f5064b,Needle_Decomp(Clone),Needle,RChest_Breathe1 (UnityEngine.GameObject),cath_needle (UnityEngine.GameObject),right_chest,Needle_Decomp(Clone) (UnityEngine.GameObject),AppliedDecompNeedle,
INJURY_TREATED,118198,11/30/2022 1:51:51 PM,888de8e3-f293-4564-bc6a-9c1214f5064b,R Chest Collapse,Mike_6 Root,decompress,high,chest,True,False,"(0.0, 0.0, 0.0)",
TOOL_APPLIED,118200,11/30/2022 1:51:51 PM,888de8e3-f293-4564-bc6a-9c1214f5064b,Needle_Decomp(Clone),Needle,RChest_Breathe1 (UnityEngine.GameObject),cath_needle (UnityEngine.GameObject),right_chest,Needle_Decomp(Clone) (UnityEngine.GameObject),AppliedDecompNeedle,
PULSE_TAKEN,119614,11/30/2022 1:51:53 PM,888de8e3-f293-4564-bc6a-9c1214f5064b,pulse_faint,Mike_6 Root,
TAG_SELECTED,122239,11/30/2022 1:51:55 PM,888de8e3-f293-4564-bc6a-9c1214f5064b,red,
TAG_APPLIED,123641,11/30/2022 1:51:57 PM,888de8e3-f293-4564-bc6a-9c1214f5064b,Mike_6 Root,red,
BAG_CLOSED,126449,11/30/2022 1:52:00 PM,888de8e3-f293-4564-bc6a-9c1214f5064b,"(3.5, 0.3, 2.6)",
TELEPORT,126449,11/30/2022 1:52:00 PM,888de8e3-f293-4564-bc6a-9c1214f5064b,"(3.8, 0.0, 1.7)",
TELEPORT,129923,11/30/2022 1:52:03 PM,888de8e3-f293-4564-bc6a-9c1214f5064b,"(4.3, 0.0, 2.9)",
VOICE_CAPTURE,130907,11/30/2022 1:52:04 PM,888de8e3-f293-4564-bc6a-9c1214f5064b,are we at here,NA,
TELEPORT,131996,11/30/2022 1:52:05 PM,888de8e3-f293-4564-bc6a-9c1214f5064b,"(4.7, 0.0, 3.0)",
PATIENT_ENGAGED,133648,11/30/2022 1:52:07 PM,888de8e3-f293-4564-bc6a-9c1214f5064b,100,Infinity,Lily_7 Root,"(2.3, 0.0, 1.8)","(0.0, 1.0, 0.0, 0.0)",DEAD,still,none,none,none,dead,supine,
TELEPORT,134167,11/30/2022 1:52:07 PM,888de8e3-f293-4564-bc6a-9c1214f5064b,"(3.6, 0.0, 2.4)",
TELEPORT,136741,11/30/2022 1:52:10 PM,888de8e3-f293-4564-bc6a-9c1214f5064b,"(3.2, 0.0, 2.4)",
PULSE_TAKEN,137423,11/30/2022 1:52:11 PM,888de8e3-f293-4564-bc6a-9c1214f5064b,pulse_none,Lily_7 Root,
TOOL_HOVER,139998,11/30/2022 1:52:13 PM,888de8e3-f293-4564-bc6a-9c1214f5064b,Tourniquet,997,
TOOL_HOVER,140014,11/30/2022 1:52:13 PM,888de8e3-f293-4564-bc6a-9c1214f5064b,Tourniquet,997,
TOOL_HOVER,140032,11/30/2022 1:52:13 PM,888de8e3-f293-4564-bc6a-9c1214f5064b,Tourniquet,997,
TOOL_HOVER,140048,11/30/2022 1:52:13 PM,888de8e3-f293-4564-bc6a-9c1214f5064b,Tourniquet,997,
TOOL_HOVER,140065,11/30/2022 1:52:13 PM,888de8e3-f293-4564-bc6a-9c1214f5064b,Tourniquet,997,
TOOL_HOVER,140082,11/30/2022 1:52:13 PM,888de8e3-f293-4564-bc6a-9c1214f5064b,Tourniquet,997,
BAG_ACCESS,140082,11/30/2022 1:52:13 PM,888de8e3-f293-4564-bc6a-9c1214f5064b,"(2.6, 0.4, 2.5)",
TOOL_HOVER,141201,11/30/2022 1:52:14 PM,888de8e3-f293-4564-bc6a-9c1214f5064b,Gauze,999,
TOOL_HOVER,141218,11/30/2022 1:52:14 PM,888de8e3-f293-4564-bc6a-9c1214f5064b,Gauze,999,
TOOL_HOVER,141233,11/30/2022 1:52:14 PM,888de8e3-f293-4564-bc6a-9c1214f5064b,Gauze,999,
TOOL_HOVER,141252,11/30/2022 1:52:14 PM,888de8e3-f293-4564-bc6a-9c1214f5064b,Gauze,999,
TOOL_HOVER,141267,11/30/2022 1:52:14 PM,888de8e3-f293-4564-bc6a-9c1214f5064b,Gauze,999,
TOOL_HOVER,141284,11/30/2022 1:52:14 PM,888de8e3-f293-4564-bc6a-9c1214f5064b,Gauze,999,
TAG_SELECTED,142706,11/30/2022 1:52:16 PM,888de8e3-f293-4564-bc6a-9c1214f5064b,black,
TAG_DISCARDED,143424,11/30/2022 1:52:17 PM,888de8e3-f293-4564-bc6a-9c1214f5064b,black,"(2.6, 0.6, 2.5)",
TAG_SELECTED,143891,11/30/2022 1:52:17 PM,888de8e3-f293-4564-bc6a-9c1214f5064b,green,
TAG_DISCARDED,144592,11/30/2022 1:52:18 PM,888de8e3-f293-4564-bc6a-9c1214f5064b,green,"(2.7, 0.5, 2.8)",
TAG_SELECTED,145262,11/30/2022 1:52:18 PM,888de8e3-f293-4564-bc6a-9c1214f5064b,black,
TAG_APPLIED,146631,11/30/2022 1:52:20 PM,888de8e3-f293-4564-bc6a-9c1214f5064b,Lily_7 Root,black,
BAG_CLOSED,148342,11/30/2022 1:52:21 PM,888de8e3-f293-4564-bc6a-9c1214f5064b,"(2.6, 0.4, 2.5)",
TELEPORT,148342,11/30/2022 1:52:21 PM,888de8e3-f293-4564-bc6a-9c1214f5064b,"(3.1, 0.0, 2.4)",
TELEPORT,148603,11/30/2022 1:52:22 PM,888de8e3-f293-4564-bc6a-9c1214f5064b,"(3.1, 0.0, 2.4)",
PATIENT_ENGAGED,149655,11/30/2022 1:52:23 PM,888de8e3-f293-4564-bc6a-9c1214f5064b,100,Infinity,Lily_1 Root,"(1.2, 0.0, 3.9)","(0.0, 0.1, 0.0, 1.0)",DELAYED,waver,normal,normal,normal,calm,fetal,
VOICE_CAPTURE,153947,11/30/2022 1:52:27 PM,888de8e3-f293-4564-bc6a-9c1214f5064b,hey man,NA,
TOOL_HOVER,153998,11/30/2022 1:52:27 PM,888de8e3-f293-4564-bc6a-9c1214f5064b,Tourniquet,997,
TOOL_HOVER,154015,11/30/2022 1:52:27 PM,888de8e3-f293-4564-bc6a-9c1214f5064b,Tourniquet,997,
TOOL_HOVER,154031,11/30/2022 1:52:27 PM,888de8e3-f293-4564-bc6a-9c1214f5064b,Tourniquet,997,
TOOL_HOVER,154048,11/30/2022 1:52:27 PM,888de8e3-f293-4564-bc6a-9c1214f5064b,Tourniquet,997,
TOOL_HOVER,154065,11/30/2022 1:52:27 PM,888de8e3-f293-4564-bc6a-9c1214f5064b,Tourniquet,997,
TOOL_HOVER,154082,11/30/2022 1:52:27 PM,888de8e3-f293-4564-bc6a-9c1214f5064b,Tourniquet,997,
BAG_ACCESS,154649,11/30/2022 1:52:28 PM,888de8e3-f293-4564-bc6a-9c1214f5064b,"(1.3, 0.4, 3.7)",
TOOL_HOVER,155337,11/30/2022 1:52:28 PM,888de8e3-f293-4564-bc6a-9c1214f5064b,Tourniquet,997,
TOOL_HOVER,155353,11/30/2022 1:52:28 PM,888de8e3-f293-4564-bc6a-9c1214f5064b,Tourniquet,997,
TOOL_HOVER,155370,11/30/2022 1:52:28 PM,888de8e3-f293-4564-bc6a-9c1214f5064b,Tourniquet,997,
TOOL_HOVER,155387,11/30/2022 1:52:29 PM,888de8e3-f293-4564-bc6a-9c1214f5064b,Tourniquet,997,
TOOL_HOVER,155403,11/30/2022 1:52:29 PM,888de8e3-f293-4564-bc6a-9c1214f5064b,Tourniquet,997,
TOOL_HOVER,155421,11/30/2022 1:52:29 PM,888de8e3-f293-4564-bc6a-9c1214f5064b,Tourniquet,997,
TOOL_HOVER,155437,11/30/2022 1:52:29 PM,888de8e3-f293-4564-bc6a-9c1214f5064b,Tourniquet,997,
TOOL_HOVER,155453,11/30/2022 1:52:29 PM,888de8e3-f293-4564-bc6a-9c1214f5064b,Tourniquet,997,
TOOL_HOVER,155469,11/30/2022 1:52:29 PM,888de8e3-f293-4564-bc6a-9c1214f5064b,Tourniquet,997,
TOOL_HOVER,155485,11/30/2022 1:52:29 PM,888de8e3-f293-4564-bc6a-9c1214f5064b,Tourniquet,997,
TOOL_HOVER,155502,11/30/2022 1:52:29 PM,888de8e3-f293-4564-bc6a-9c1214f5064b,Tourniquet,997,
TOOL_HOVER,155518,11/30/2022 1:52:29 PM,888de8e3-f293-4564-bc6a-9c1214f5064b,Tourniquet,997,
TOOL_HOVER,155535,11/30/2022 1:52:29 PM,888de8e3-f293-4564-bc6a-9c1214f5064b,Tourniquet,997,
TOOL_HOVER,155552,11/30/2022 1:52:29 PM,888de8e3-f293-4564-bc6a-9c1214f5064b,Tourniquet,997,
TOOL_HOVER,155569,11/30/2022 1:52:29 PM,888de8e3-f293-4564-bc6a-9c1214f5064b,Tourniquet,997,
TOOL_HOVER,155585,11/30/2022 1:52:29 PM,888de8e3-f293-4564-bc6a-9c1214f5064b,Tourniquet,997,
TOOL_HOVER,155601,11/30/2022 1:52:29 PM,888de8e3-f293-4564-bc6a-9c1214f5064b,Tourniquet,997,
TOOL_HOVER,155618,11/30/2022 1:52:29 PM,888de8e3-f293-4564-bc6a-9c1214f5064b,Tourniquet,997,
TOOL_HOVER,155635,11/30/2022 1:52:29 PM,888de8e3-f293-4564-bc6a-9c1214f5064b,Tourniquet,997,
TOOL_HOVER,155652,11/30/2022 1:52:29 PM,888de8e3-f293-4564-bc6a-9c1214f5064b,Tourniquet,997,
TOOL_HOVER,155669,11/30/2022 1:52:29 PM,888de8e3-f293-4564-bc6a-9c1214f5064b,Tourniquet,997,
TOOL_HOVER,155685,11/30/2022 1:52:29 PM,888de8e3-f293-4564-bc6a-9c1214f5064b,Tourniquet,997,
TOOL_HOVER,155703,11/30/2022 1:52:29 PM,888de8e3-f293-4564-bc6a-9c1214f5064b,Tourniquet,997,
TOOL_HOVER,155719,11/30/2022 1:52:29 PM,888de8e3-f293-4564-bc6a-9c1214f5064b,Tourniquet,997,
TOOL_HOVER,155736,11/30/2022 1:52:29 PM,888de8e3-f293-4564-bc6a-9c1214f5064b,Tourniquet,997,
TOOL_HOVER,155753,11/30/2022 1:52:29 PM,888de8e3-f293-4564-bc6a-9c1214f5064b,Tourniquet,997,
TOOL_HOVER,155769,11/30/2022 1:52:29 PM,888de8e3-f293-4564-bc6a-9c1214f5064b,Tourniquet,997,
TOOL_HOVER,155784,11/30/2022 1:52:29 PM,888de8e3-f293-4564-bc6a-9c1214f5064b,Tourniquet,997,
TOOL_HOVER,155801,11/30/2022 1:52:29 PM,888de8e3-f293-4564-bc6a-9c1214f5064b,Tourniquet,997,
TOOL_HOVER,155818,11/30/2022 1:52:29 PM,888de8e3-f293-4564-bc6a-9c1214f5064b,Tourniquet,997,
TOOL_HOVER,155835,11/30/2022 1:52:29 PM,888de8e3-f293-4564-bc6a-9c1214f5064b,Tourniquet,997,
TOOL_HOVER,155852,11/30/2022 1:52:29 PM,888de8e3-f293-4564-bc6a-9c1214f5064b,Tourniquet,997,
TOOL_HOVER,155869,11/30/2022 1:52:29 PM,888de8e3-f293-4564-bc6a-9c1214f5064b,Tourniquet,997,
TOOL_HOVER,155885,11/30/2022 1:52:29 PM,888de8e3-f293-4564-bc6a-9c1214f5064b,Tourniquet,997,
TOOL_HOVER,155902,11/30/2022 1:52:29 PM,888de8e3-f293-4564-bc6a-9c1214f5064b,Tourniquet,997,
TOOL_HOVER,155919,11/30/2022 1:52:29 PM,888de8e3-f293-4564-bc6a-9c1214f5064b,Tourniquet,997,
TOOL_HOVER,155935,11/30/2022 1:52:29 PM,888de8e3-f293-4564-bc6a-9c1214f5064b,Tourniquet,997,
TOOL_HOVER,155952,11/30/2022 1:52:29 PM,888de8e3-f293-4564-bc6a-9c1214f5064b,Tourniquet,997,
TOOL_HOVER,155969,11/30/2022 1:52:29 PM,888de8e3-f293-4564-bc6a-9c1214f5064b,Tourniquet,997,
TOOL_HOVER,155986,11/30/2022 1:52:29 PM,888de8e3-f293-4564-bc6a-9c1214f5064b,Tourniquet,997,
TOOL_HOVER,156003,11/30/2022 1:52:29 PM,888de8e3-f293-4564-bc6a-9c1214f5064b,Tourniquet,997,
TOOL_HOVER,156021,11/30/2022 1:52:29 PM,888de8e3-f293-4564-bc6a-9c1214f5064b,Tourniquet,997,
TOOL_HOVER,156036,11/30/2022 1:52:29 PM,888de8e3-f293-4564-bc6a-9c1214f5064b,Tourniquet,997,
TOOL_HOVER,156052,11/30/2022 1:52:29 PM,888de8e3-f293-4564-bc6a-9c1214f5064b,Tourniquet,997,
TOOL_HOVER,156070,11/30/2022 1:52:29 PM,888de8e3-f293-4564-bc6a-9c1214f5064b,Tourniquet,997,
TOOL_HOVER,156086,11/30/2022 1:52:29 PM,888de8e3-f293-4564-bc6a-9c1214f5064b,Tourniquet,997,
TOOL_HOVER,156104,11/30/2022 1:52:29 PM,888de8e3-f293-4564-bc6a-9c1214f5064b,Tourniquet,997,
TOOL_HOVER,156121,11/30/2022 1:52:29 PM,888de8e3-f293-4564-bc6a-9c1214f5064b,Tourniquet,997,
TOOL_HOVER,156137,11/30/2022 1:52:29 PM,888de8e3-f293-4564-bc6a-9c1214f5064b,Tourniquet,997,
TOOL_HOVER,156154,11/30/2022 1:52:29 PM,888de8e3-f293-4564-bc6a-9c1214f5064b,Tourniquet,997,
TOOL_HOVER,156170,11/30/2022 1:52:29 PM,888de8e3-f293-4564-bc6a-9c1214f5064b,Tourniquet,997,
TOOL_HOVER,156188,11/30/2022 1:52:29 PM,888de8e3-f293-4564-bc6a-9c1214f5064b,Tourniquet,997,
TOOL_HOVER,156204,11/30/2022 1:52:29 PM,888de8e3-f293-4564-bc6a-9c1214f5064b,Tourniquet,997,
TOOL_HOVER,156220,11/30/2022 1:52:29 PM,888de8e3-f293-4564-bc6a-9c1214f5064b,Tourniquet,997,
TOOL_HOVER,156237,11/30/2022 1:52:29 PM,888de8e3-f293-4564-bc6a-9c1214f5064b,Tourniquet,997,
TOOL_HOVER,156253,11/30/2022 1:52:29 PM,888de8e3-f293-4564-bc6a-9c1214f5064b,Tourniquet,997,
TOOL_HOVER,156270,11/30/2022 1:52:29 PM,888de8e3-f293-4564-bc6a-9c1214f5064b,Tourniquet,997,
TOOL_HOVER,156287,11/30/2022 1:52:29 PM,888de8e3-f293-4564-bc6a-9c1214f5064b,Tourniquet,997,
TOOL_HOVER,156304,11/30/2022 1:52:29 PM,888de8e3-f293-4564-bc6a-9c1214f5064b,Tourniquet,997,
TOOL_HOVER,156320,11/30/2022 1:52:29 PM,888de8e3-f293-4564-bc6a-9c1214f5064b,Tourniquet,997,
TOOL_HOVER,156337,11/30/2022 1:52:29 PM,888de8e3-f293-4564-bc6a-9c1214f5064b,Tourniquet,997,
TOOL_HOVER,156353,11/30/2022 1:52:29 PM,888de8e3-f293-4564-bc6a-9c1214f5064b,Tourniquet,997,
TOOL_HOVER,156371,11/30/2022 1:52:29 PM,888de8e3-f293-4564-bc6a-9c1214f5064b,Tourniquet,997,
TOOL_HOVER,156387,11/30/2022 1:52:30 PM,888de8e3-f293-4564-bc6a-9c1214f5064b,Tourniquet,997,
TOOL_HOVER,156404,11/30/2022 1:52:30 PM,888de8e3-f293-4564-bc6a-9c1214f5064b,Tourniquet,997,
TOOL_HOVER,156421,11/30/2022 1:52:30 PM,888de8e3-f293-4564-bc6a-9c1214f5064b,Tourniquet,997,
TOOL_HOVER,156440,11/30/2022 1:52:30 PM,888de8e3-f293-4564-bc6a-9c1214f5064b,Tourniquet,997,
TOOL_HOVER,156454,11/30/2022 1:52:30 PM,888de8e3-f293-4564-bc6a-9c1214f5064b,Tourniquet,997,
TOOL_HOVER,156470,11/30/2022 1:52:30 PM,888de8e3-f293-4564-bc6a-9c1214f5064b,Tourniquet,997,
TOOL_HOVER,156487,11/30/2022 1:52:30 PM,888de8e3-f293-4564-bc6a-9c1214f5064b,Tourniquet,997,
TOOL_HOVER,156504,11/30/2022 1:52:30 PM,888de8e3-f293-4564-bc6a-9c1214f5064b,Tourniquet,997,
TOOL_HOVER,156520,11/30/2022 1:52:30 PM,888de8e3-f293-4564-bc6a-9c1214f5064b,Tourniquet,997,
TOOL_HOVER,156537,11/30/2022 1:52:30 PM,888de8e3-f293-4564-bc6a-9c1214f5064b,Tourniquet,997,
TOOL_HOVER,156554,11/30/2022 1:52:30 PM,888de8e3-f293-4564-bc6a-9c1214f5064b,Tourniquet,997,
TOOL_HOVER,156570,11/30/2022 1:52:30 PM,888de8e3-f293-4564-bc6a-9c1214f5064b,Tourniquet,997,
TOOL_HOVER,156587,11/30/2022 1:52:30 PM,888de8e3-f293-4564-bc6a-9c1214f5064b,Tourniquet,997,
TOOL_HOVER,156604,11/30/2022 1:52:30 PM,888de8e3-f293-4564-bc6a-9c1214f5064b,Tourniquet,997,
TOOL_HOVER,156621,11/30/2022 1:52:30 PM,888de8e3-f293-4564-bc6a-9c1214f5064b,Tourniquet,997,
TOOL_HOVER,156638,11/30/2022 1:52:30 PM,888de8e3-f293-4564-bc6a-9c1214f5064b,Tourniquet,997,
TOOL_HOVER,156654,11/30/2022 1:52:30 PM,888de8e3-f293-4564-bc6a-9c1214f5064b,Tourniquet,997,
TOOL_HOVER,156671,11/30/2022 1:52:30 PM,888de8e3-f293-4564-bc6a-9c1214f5064b,Tourniquet,997,
TOOL_HOVER,156688,11/30/2022 1:52:30 PM,888de8e3-f293-4564-bc6a-9c1214f5064b,Tourniquet,997,
TOOL_HOVER,156705,11/30/2022 1:52:30 PM,888de8e3-f293-4564-bc6a-9c1214f5064b,Tourniquet,997,
TOOL_HOVER,156722,11/30/2022 1:52:30 PM,888de8e3-f293-4564-bc6a-9c1214f5064b,Tourniquet,997,
TOOL_HOVER,156739,11/30/2022 1:52:30 PM,888de8e3-f293-4564-bc6a-9c1214f5064b,Tourniquet,997,
TOOL_HOVER,156755,11/30/2022 1:52:30 PM,888de8e3-f293-4564-bc6a-9c1214f5064b,Tourniquet,997,
TOOL_HOVER,156772,11/30/2022 1:52:30 PM,888de8e3-f293-4564-bc6a-9c1214f5064b,Tourniquet,997,
TOOL_HOVER,156789,11/30/2022 1:52:30 PM,888de8e3-f293-4564-bc6a-9c1214f5064b,Tourniquet,997,
TOOL_HOVER,156806,11/30/2022 1:52:30 PM,888de8e3-f293-4564-bc6a-9c1214f5064b,Tourniquet,997,
TOOL_HOVER,156822,11/30/2022 1:52:30 PM,888de8e3-f293-4564-bc6a-9c1214f5064b,Tourniquet,997,
TOOL_HOVER,156839,11/30/2022 1:52:30 PM,888de8e3-f293-4564-bc6a-9c1214f5064b,Tourniquet,997,
TOOL_HOVER,156856,11/30/2022 1:52:30 PM,888de8e3-f293-4564-bc6a-9c1214f5064b,Tourniquet,997,
TOOL_HOVER,156871,11/30/2022 1:52:30 PM,888de8e3-f293-4564-bc6a-9c1214f5064b,Tourniquet,997,
TOOL_HOVER,156889,11/30/2022 1:52:30 PM,888de8e3-f293-4564-bc6a-9c1214f5064b,Tourniquet,997,
TOOL_HOVER,156905,11/30/2022 1:52:30 PM,888de8e3-f293-4564-bc6a-9c1214f5064b,Tourniquet,997,
TOOL_HOVER,156922,11/30/2022 1:52:30 PM,888de8e3-f293-4564-bc6a-9c1214f5064b,Tourniquet,997,
TOOL_HOVER,156939,11/30/2022 1:52:30 PM,888de8e3-f293-4564-bc6a-9c1214f5064b,Tourniquet,997,
TOOL_HOVER,156955,11/30/2022 1:52:30 PM,888de8e3-f293-4564-bc6a-9c1214f5064b,Tourniquet,997,
TOOL_HOVER,156972,11/30/2022 1:52:30 PM,888de8e3-f293-4564-bc6a-9c1214f5064b,Tourniquet,997,
TOOL_SELECTED,156973,11/30/2022 1:52:30 PM,888de8e3-f293-4564-bc6a-9c1214f5064b,Tourniquet,996,
INJURY_TREATED,158241,11/30/2022 1:52:31 PM,888de8e3-f293-4564-bc6a-9c1214f5064b,R Thigh Laceration,Lily_1 Root,tourniquet,medium,rightLeg,True,False,"(1.0, 0.2, 4.0)",
TOOL_APPLIED,158241,11/30/2022 1:52:31 PM,888de8e3-f293-4564-bc6a-9c1214f5064b,Lily_1 Root,Tourniquet,RightUpLeg (UnityEngine.GameObject),tor_ring (1) (UnityEngine.GameObject),tourniquet(Clone) (UnityEngine.GameObject),AppliedTourniquet,
VOICE_CAPTURE,159260,11/30/2022 1:52:32 PM,888de8e3-f293-4564-bc6a-9c1214f5064b,yep we're gonna help you OK,NA,
PULSE_TAKEN,159277,11/30/2022 1:52:32 PM,888de8e3-f293-4564-bc6a-9c1214f5064b,pulse_normal,Lily_1 Root,
TAG_SELECTED,162068,11/30/2022 1:52:35 PM,888de8e3-f293-4564-bc6a-9c1214f5064b,red,
TAG_APPLIED,163271,11/30/2022 1:52:36 PM,888de8e3-f293-4564-bc6a-9c1214f5064b,Lily_1 Root,red,
PULSE_TAKEN,163487,11/30/2022 1:52:37 PM,888de8e3-f293-4564-bc6a-9c1214f5064b,pulse_normal,Lily_1 Root,
BAG_CLOSED,164524,11/30/2022 1:52:38 PM,888de8e3-f293-4564-bc6a-9c1214f5064b,"(1.3, 0.4, 3.7)",
TELEPORT,164524,11/30/2022 1:52:38 PM,888de8e3-f293-4564-bc6a-9c1214f5064b,"(1.6, 0.0, 3.6)",
PULSE_TAKEN,164840,11/30/2022 1:52:38 PM,888de8e3-f293-4564-bc6a-9c1214f5064b,pulse_normal,Lily_1 Root,
PULSE_TAKEN,167865,11/30/2022 1:52:41 PM,888de8e3-f293-4564-bc6a-9c1214f5064b,pulse_normal,Lily_1 Root,
PULSE_TAKEN,168099,11/30/2022 1:52:41 PM,888de8e3-f293-4564-bc6a-9c1214f5064b,pulse_normal,Lily_1 Root,
PULSE_TAKEN,168583,11/30/2022 1:52:42 PM,888de8e3-f293-4564-bc6a-9c1214f5064b,pulse_normal,Lily_1 Root,
PULSE_TAKEN,168751,11/30/2022 1:52:42 PM,888de8e3-f293-4564-bc6a-9c1214f5064b,pulse_normal,Lily_1 Root,
TELEPORT,169101,11/30/2022 1:52:42 PM,888de8e3-f293-4564-bc6a-9c1214f5064b,"(1.2, 0.0, 4.1)",
VOICE_CAPTURE,169218,11/30/2022 1:52:42 PM,888de8e3-f293-4564-bc6a-9c1214f5064b,do you have any other injuries that i can't see other than your leg,NA,
VOICE_COMMAND,169218,11/30/2022 1:52:42 PM,888de8e3-f293-4564-bc6a-9c1214f5064b,are you hurt,do you have any other injuries that i can't see other than your leg,
VOICE_COMMAND,169218,11/30/2022 1:52:42 PM,888de8e3-f293-4564-bc6a-9c1214f5064b,anywhere else,do you have any other injuries that i can't see other than your leg,
TELEPORT,169422,11/30/2022 1:52:43 PM,888de8e3-f293-4564-bc6a-9c1214f5064b,"(1.2, 0.0, 4.2)",
PULSE_TAKEN,169437,11/30/2022 1:52:43 PM,888de8e3-f293-4564-bc6a-9c1214f5064b,pulse_normal,Lily_1 Root,
TELEPORT,169603,11/30/2022 1:52:43 PM,888de8e3-f293-4564-bc6a-9c1214f5064b,"(1.2, 0.0, 4.2)",
TELEPORT,169820,11/30/2022 1:52:43 PM,888de8e3-f293-4564-bc6a-9c1214f5064b,"(1.2, 0.0, 4.2)",
PULSE_TAKEN,170839,11/30/2022 1:52:44 PM,888de8e3-f293-4564-bc6a-9c1214f5064b,pulse_normal,Lily_1 Root,
TELEPORT,171207,11/30/2022 1:52:44 PM,888de8e3-f293-4564-bc6a-9c1214f5064b,"(1.1, 0.0, 4.4)",
TELEPORT,172393,11/30/2022 1:52:46 PM,888de8e3-f293-4564-bc6a-9c1214f5064b,"(1.4, 0.0, 4.5)",
TELEPORT,173262,11/30/2022 1:52:46 PM,888de8e3-f293-4564-bc6a-9c1214f5064b,"(1.4, 0.0, 4.5)",
TELEPORT,174415,11/30/2022 1:52:48 PM,888de8e3-f293-4564-bc6a-9c1214f5064b,"(0.1, 0.0, 4.5)",
PATIENT_ENGAGED,175400,11/30/2022 1:52:49 PM,888de8e3-f293-4564-bc6a-9c1214f5064b,100,Infinity,Mike_3 Root,"(-1.3, 0.0, 4.2)","(0.0, 0.4, 0.0, 0.9)",IMMEDIATE,waver,fast,fast,normal,agony,sittingGround,
VOICE_CAPTURE,175415,11/30/2022 1:52:49 PM,888de8e3-f293-4564-bc6a-9c1214f5064b,alright,NA,
TELEPORT,176129,11/30/2022 1:52:49 PM,888de8e3-f293-4564-bc6a-9c1214f5064b,"(-0.8, 0.0, 4.7)",
TELEPORT,177824,11/30/2022 1:52:51 PM,888de8e3-f293-4564-bc6a-9c1214f5064b,"(-0.9, 0.0, 4.7)",
TELEPORT,178314,11/30/2022 1:52:51 PM,888de8e3-f293-4564-bc6a-9c1214f5064b,"(-0.9, 0.0, 4.5)",
VOICE_CAPTURE,178868,11/30/2022 1:52:52 PM,888de8e3-f293-4564-bc6a-9c1214f5064b,hey sir what's going on,NA,
TOOL_HOVER,179295,11/30/2022 1:52:52 PM,888de8e3-f293-4564-bc6a-9c1214f5064b,Gauze,999,
TOOL_HOVER,179311,11/30/2022 1:52:52 PM,888de8e3-f293-4564-bc6a-9c1214f5064b,Gauze,999,
TOOL_HOVER,179328,11/30/2022 1:52:52 PM,888de8e3-f293-4564-bc6a-9c1214f5064b,Gauze,999,
TOOL_HOVER,179345,11/30/2022 1:52:52 PM,888de8e3-f293-4564-bc6a-9c1214f5064b,Gauze,999,
TOOL_HOVER,179361,11/30/2022 1:52:52 PM,888de8e3-f293-4564-bc6a-9c1214f5064b,Gauze,999,
TOOL_HOVER,179378,11/30/2022 1:52:52 PM,888de8e3-f293-4564-bc6a-9c1214f5064b,Gauze,999,
BAG_ACCESS,179463,11/30/2022 1:52:53 PM,888de8e3-f293-4564-bc6a-9c1214f5064b,"(-1.1, 0.4, 4.5)",
BAG_ACCESS,179873,11/30/2022 1:52:53 PM,888de8e3-f293-4564-bc6a-9c1214f5064b,"(-1.1, 0.4, 4.5)",
TAG_SELECTED,180689,11/30/2022 1:52:54 PM,888de8e3-f293-4564-bc6a-9c1214f5064b,red,
TAG_APPLIED,181665,11/30/2022 1:52:55 PM,888de8e3-f293-4564-bc6a-9c1214f5064b,Mike_3 Root,red,
TOOL_HOVER,182453,11/30/2022 1:52:56 PM,888de8e3-f293-4564-bc6a-9c1214f5064b,Gauze,999,
TOOL_HOVER,182472,11/30/2022 1:52:56 PM,888de8e3-f293-4564-bc6a-9c1214f5064b,Gauze,999,
TOOL_HOVER,182492,11/30/2022 1:52:56 PM,888de8e3-f293-4564-bc6a-9c1214f5064b,Gauze,999,
TOOL_HOVER,182511,11/30/2022 1:52:56 PM,888de8e3-f293-4564-bc6a-9c1214f5064b,Gauze,999,
TOOL_HOVER,182531,11/30/2022 1:52:56 PM,888de8e3-f293-4564-bc6a-9c1214f5064b,Gauze,999,
TOOL_HOVER,182549,11/30/2022 1:52:56 PM,888de8e3-f293-4564-bc6a-9c1214f5064b,Tourniquet,996,
TOOL_HOVER,182568,11/30/2022 1:52:56 PM,888de8e3-f293-4564-bc6a-9c1214f5064b,Tourniquet,996,
TOOL_SELECTED,182569,11/30/2022 1:52:56 PM,888de8e3-f293-4564-bc6a-9c1214f5064b,Tourniquet,995,
INJURY_TREATED,183694,11/30/2022 1:52:57 PM,888de8e3-f293-4564-bc6a-9c1214f5064b,R Wrist Amputation,Mike_3 Root,tourniquet,high,rightArm,True,False,"(-1.4, 0.4, 4.2)",
TOOL_APPLIED,183694,11/30/2022 1:52:57 PM,888de8e3-f293-4564-bc6a-9c1214f5064b,Mike_3 Root,Tourniquet,RightForeArm (UnityEngine.GameObject),tor_ring (1) (UnityEngine.GameObject),tourniquet(Clone) (UnityEngine.GameObject),AppliedTourniquet,
BAG_CLOSED,184564,11/30/2022 1:52:58 PM,888de8e3-f293-4564-bc6a-9c1214f5064b,"(-1.1, 0.4, 4.5)",
TELEPORT,184564,11/30/2022 1:52:58 PM,888de8e3-f293-4564-bc6a-9c1214f5064b,"(-0.9, 0.0, 4.5)",
TELEPORT,185198,11/30/2022 1:52:58 PM,888de8e3-f293-4564-bc6a-9c1214f5064b,"(-1.0, 0.0, 4.5)",
TELEPORT,188222,11/30/2022 1:53:01 PM,888de8e3-f293-4564-bc6a-9c1214f5064b,"(-0.8, 0.0, 3.9)",
TELEPORT,189475,11/30/2022 1:53:03 PM,888de8e3-f293-4564-bc6a-9c1214f5064b,"(-0.9, 0.0, 3.9)",
TELEPORT,189661,11/30/2022 1:53:03 PM,888de8e3-f293-4564-bc6a-9c1214f5064b,"(-0.9, 0.0, 3.9)",
TELEPORT,190194,11/30/2022 1:53:03 PM,888de8e3-f293-4564-bc6a-9c1214f5064b,"(-1.0, 0.0, 4.0)",
VOICE_CAPTURE,193100,11/30/2022 1:53:06 PM,888de8e3-f293-4564-bc6a-9c1214f5064b,it's very weird can you talk to me what's your name,NA,
VOICE_COMMAND,193101,11/30/2022 1:53:06 PM,888de8e3-f293-4564-bc6a-9c1214f5064b,what is your name,it's very weird can you talk to me what's your name,
TELEPORT,193252,11/30/2022 1:53:06 PM,888de8e3-f293-4564-bc6a-9c1214f5064b,"(-1.4, 0.0, 4.9)",
TELEPORT,195372,11/30/2022 1:53:08 PM,888de8e3-f293-4564-bc6a-9c1214f5064b,"(-1.1, 0.0, 5.1)",
TELEPORT,195958,11/30/2022 1:53:09 PM,888de8e3-f293-4564-bc6a-9c1214f5064b,"(-1.2, 0.0, 4.9)",
VOICE_CAPTURE,198915,11/30/2022 1:53:12 PM,888de8e3-f293-4564-bc6a-9c1214f5064b,what happened down here michael,NA,
TELEPORT,200146,11/30/2022 1:53:13 PM,888de8e3-f293-4564-bc6a-9c1214f5064b,"(-1.2, 0.0, 4.9)",
TELEPORT,201606,11/30/2022 1:53:15 PM,888de8e3-f293-4564-bc6a-9c1214f5064b,"(-0.4, 0.0, 2.1)",
TELEPORT,202174,11/30/2022 1:53:15 PM,888de8e3-f293-4564-bc6a-9c1214f5064b,"(-0.4, 0.0, 1.9)",
PATIENT_ENGAGED,202208,11/30/2022 1:53:15 PM,888de8e3-f293-4564-bc6a-9c1214f5064b,100,Infinity,Gloria_2 Root,"(0.7, 0.0, 0.6)","(0.0, 1.0, 0.0, 0.0)",IMMEDIATE,waver,fast,fast,normal,agony,supine,
TELEPORT,202641,11/30/2022 1:53:16 PM,888de8e3-f293-4564-bc6a-9c1214f5064b,"(-0.5, 0.0, 1.6)",
VOICE_CAPTURE,205030,11/30/2022 1:53:18 PM,888de8e3-f293-4564-bc6a-9c1214f5064b,alright i've gotta move on michael somebody will be with you shortly,NA,
TELEPORT,205931,11/30/2022 1:53:19 PM,888de8e3-f293-4564-bc6a-9c1214f5064b,"(-0.1, 0.0, 1.3)",
TELEPORT,205982,11/30/2022 1:53:19 PM,888de8e3-f293-4564-bc6a-9c1214f5064b,"(-0.1, 0.0, 1.3)",
TELEPORT,208563,11/30/2022 1:53:22 PM,888de8e3-f293-4564-bc6a-9c1214f5064b,"(0.1, 0.0, 1.0)",
VOICE_CAPTURE,211145,11/30/2022 1:53:24 PM,888de8e3-f293-4564-bc6a-9c1214f5064b,i've been to you,NA,
TELEPORT,213364,11/30/2022 1:53:26 PM,888de8e3-f293-4564-bc6a-9c1214f5064b,"(0.0, 0.0, 1.3)",
TELEPORT,216273,11/30/2022 1:53:29 PM,888de8e3-f293-4564-bc6a-9c1214f5064b,"(1.8, 0.0, 5.9)",
VOICE_CAPTURE,216322,11/30/2022 1:53:29 PM,888de8e3-f293-4564-bc6a-9c1214f5064b,i don't have green there,NA,
TELEPORT,218078,11/30/2022 1:53:31 PM,888de8e3-f293-4564-bc6a-9c1214f5064b,"(2.5, 0.0, 6.7)",
TELEPORT,218647,11/30/2022 1:53:32 PM,888de8e3-f293-4564-bc6a-9c1214f5064b,"(2.3, 0.0, 6.7)",
TELEPORT,218764,11/30/2022 1:53:32 PM,888de8e3-f293-4564-bc6a-9c1214f5064b,"(2.3, 0.0, 6.7)",
PATIENT_ENGAGED,219114,11/30/2022 1:53:32 PM,888de8e3-f293-4564-bc6a-9c1214f5064b,100,Infinity,Gloria_8 Root,"(2.6, 0.0, 8.0)","(0.0, 1.0, 0.0, 0.0)",MINIMAL,still,normal,normal,limited,calm,standing,
TELEPORT,219782,11/30/2022 1:53:33 PM,888de8e3-f293-4564-bc6a-9c1214f5064b,"(2.2, 0.0, 6.9)",
VOICE_CAPTURE,221020,11/30/2022 1:53:34 PM,888de8e3-f293-4564-bc6a-9c1214f5064b,hi ma'am are you able to walk,NA,
VOICE_COMMAND,221020,11/30/2022 1:53:34 PM,888de8e3-f293-4564-bc6a-9c1214f5064b,walk to the safe area,hi ma'am are you able to walk,
S_A_L_T_WALK_IF_CAN,221021,11/30/2022 1:53:34 PM,888de8e3-f293-4564-bc6a-9c1214f5064b,"(0.2, 0.0, 7.7)",walkIfCan,Helga_0 Root,
S_A_L_T_WALK_IF_CAN,221021,11/30/2022 1:53:34 PM,888de8e3-f293-4564-bc6a-9c1214f5064b,"(1.2, 0.0, 3.9)",walkIfCan,Lily_1 Root,
S_A_L_T_WALK_IF_CAN,221021,11/30/2022 1:53:34 PM,888de8e3-f293-4564-bc6a-9c1214f5064b,"(0.7, 0.0, 0.6)",walkIfCan,Gloria_2 Root,
S_A_L_T_WALK_IF_CAN,221022,11/30/2022 1:53:34 PM,888de8e3-f293-4564-bc6a-9c1214f5064b,"(-1.3, 0.0, 4.2)",walkIfCan,Mike_3 Root,
S_A_L_T_WALK_IF_CAN,221022,11/30/2022 1:53:34 PM,888de8e3-f293-4564-bc6a-9c1214f5064b,"(4.6, 0.0, -4.6)",walkIfCan,Mike_4 Root,
S_A_L_T_WALKED,221022,11/30/2022 1:53:34 PM,888de8e3-f293-4564-bc6a-9c1214f5064b,"(4.6, 0.0, -4.6)",walked,Mike_4 Root,
S_A_L_T_WALK_IF_CAN,221022,11/30/2022 1:53:34 PM,888de8e3-f293-4564-bc6a-9c1214f5064b,"(4.6, 0.0, -2.4)",walkIfCan,Gary_5 Root,
S_A_L_T_WALKED,221022,11/30/2022 1:53:34 PM,888de8e3-f293-4564-bc6a-9c1214f5064b,"(4.6, 0.0, -2.4)",walked,Gary_5 Root,
S_A_L_T_WALK_IF_CAN,221022,11/30/2022 1:53:34 PM,888de8e3-f293-4564-bc6a-9c1214f5064b,"(2.6, 0.0, 8.0)",walkIfCan,Gloria_8 Root,
S_A_L_T_WALK_IF_CAN,221022,11/30/2022 1:53:34 PM,888de8e3-f293-4564-bc6a-9c1214f5064b,"(3.5, 0.0, 1.1)",walkIfCan,Mike_9 Root,
S_A_L_T_WALK_IF_CAN,221022,11/30/2022 1:53:34 PM,888de8e3-f293-4564-bc6a-9c1214f5064b,"(1.8, 0.0, -3.1)",walkIfCan,Bob_10 Root,
S_A_L_T_WALKED,221022,11/30/2022 1:53:34 PM,888de8e3-f293-4564-bc6a-9c1214f5064b,"(1.8, 0.0, -3.1)",walked,Bob_10 Root,
TELEPORT,221703,11/30/2022 1:53:35 PM,888de8e3-f293-4564-bc6a-9c1214f5064b,"(2.2, 0.0, 6.9)",
PATIENT_ENGAGED,222547,11/30/2022 1:53:36 PM,888de8e3-f293-4564-bc6a-9c1214f5064b,100,Infinity,Helga_0 Root,"(0.2, 0.0, 7.7)","(0.0, 0.7, 0.0, 0.7)",IMMEDIATE,waver,fast,fast,normal,upset,sittingGround,
VOICE_CAPTURE,224727,11/30/2022 1:53:38 PM,888de8e3-f293-4564-bc6a-9c1214f5064b,have a seat over on the stairs for me,NA,
TOOL_HOVER,227802,11/30/2022 1:53:41 PM,888de8e3-f293-4564-bc6a-9c1214f5064b,Tourniquet,995,
TOOL_HOVER,227819,11/30/2022 1:53:41 PM,888de8e3-f293-4564-bc6a-9c1214f5064b,Tourniquet,995,
TOOL_HOVER,227836,11/30/2022 1:53:41 PM,888de8e3-f293-4564-bc6a-9c1214f5064b,Tourniquet,995,
TOOL_HOVER,227853,11/30/2022 1:53:41 PM,888de8e3-f293-4564-bc6a-9c1214f5064b,Tourniquet,995,
TOOL_HOVER,227868,11/30/2022 1:53:41 PM,888de8e3-f293-4564-bc6a-9c1214f5064b,Tourniquet,995,
TOOL_HOVER,227885,11/30/2022 1:53:41 PM,888de8e3-f293-4564-bc6a-9c1214f5064b,Tourniquet,995,
TOOL_HOVER,227902,11/30/2022 1:53:41 PM,888de8e3-f293-4564-bc6a-9c1214f5064b,Tourniquet,995,
TOOL_HOVER,227919,11/30/2022 1:53:41 PM,888de8e3-f293-4564-bc6a-9c1214f5064b,Tourniquet,995,
TOOL_HOVER,227935,11/30/2022 1:53:41 PM,888de8e3-f293-4564-bc6a-9c1214f5064b,Tourniquet,995,
TOOL_HOVER,227952,11/30/2022 1:53:41 PM,888de8e3-f293-4564-bc6a-9c1214f5064b,Tourniquet,995,
TOOL_HOVER,227969,11/30/2022 1:53:41 PM,888de8e3-f293-4564-bc6a-9c1214f5064b,Tourniquet,995,
TOOL_HOVER,227986,11/30/2022 1:53:41 PM,888de8e3-f293-4564-bc6a-9c1214f5064b,Tourniquet,995,
BAG_ACCESS,228521,11/30/2022 1:53:42 PM,888de8e3-f293-4564-bc6a-9c1214f5064b,"(0.5, 0.4, 7.3)",
TOOL_HOVER,228937,11/30/2022 1:53:42 PM,888de8e3-f293-4564-bc6a-9c1214f5064b,Tourniquet,995,
TOOL_HOVER,228953,11/30/2022 1:53:42 PM,888de8e3-f293-4564-bc6a-9c1214f5064b,Tourniquet,995,
TOOL_HOVER,228972,11/30/2022 1:53:42 PM,888de8e3-f293-4564-bc6a-9c1214f5064b,Tourniquet,995,
TOOL_HOVER,228988,11/30/2022 1:53:42 PM,888de8e3-f293-4564-bc6a-9c1214f5064b,Tourniquet,995,
TOOL_HOVER,229004,11/30/2022 1:53:42 PM,888de8e3-f293-4564-bc6a-9c1214f5064b,Tourniquet,995,
TOOL_HOVER,229021,11/30/2022 1:53:42 PM,888de8e3-f293-4564-bc6a-9c1214f5064b,Tourniquet,995,
TOOL_HOVER,229037,11/30/2022 1:53:42 PM,888de8e3-f293-4564-bc6a-9c1214f5064b,Gauze,999,
TOOL_HOVER,229056,11/30/2022 1:53:42 PM,888de8e3-f293-4564-bc6a-9c1214f5064b,Gauze,999,
TOOL_HOVER,229072,11/30/2022 1:53:42 PM,888de8e3-f293-4564-bc6a-9c1214f5064b,Gauze,999,
TOOL_HOVER,229089,11/30/2022 1:53:42 PM,888de8e3-f293-4564-bc6a-9c1214f5064b,Gauze,999,
TOOL_SELECTED,229090,11/30/2022 1:53:42 PM,888de8e3-f293-4564-bc6a-9c1214f5064b,Gauze,998,
TOOL_DISCARDED,230243,11/30/2022 1:53:43 PM,888de8e3-f293-4564-bc6a-9c1214f5064b,Gauze,998,"(0.5, 0.6, 7.7)",
TOOL_DISCARDED,230243,11/30/2022 1:53:43 PM,888de8e3-f293-4564-bc6a-9c1214f5064b,Gauze,999,"(0.5, 0.6, 7.7)",
TOOL_HOVER,230542,11/30/2022 1:53:44 PM,888de8e3-f293-4564-bc6a-9c1214f5064b,Tourniquet,995,
TOOL_HOVER,230559,11/30/2022 1:53:44 PM,888de8e3-f293-4564-bc6a-9c1214f5064b,Tourniquet,995,
TOOL_HOVER,230575,11/30/2022 1:53:44 PM,888de8e3-f293-4564-bc6a-9c1214f5064b,Tourniquet,995,
TOOL_HOVER,230592,11/30/2022 1:53:44 PM,888de8e3-f293-4564-bc6a-9c1214f5064b,Tourniquet,995,
TOOL_HOVER,230609,11/30/2022 1:53:44 PM,888de8e3-f293-4564-bc6a-9c1214f5064b,Tourniquet,995,
TOOL_HOVER,230626,11/30/2022 1:53:44 PM,888de8e3-f293-4564-bc6a-9c1214f5064b,Tourniquet,995,
TOOL_HOVER,230642,11/30/2022 1:53:44 PM,888de8e3-f293-4564-bc6a-9c1214f5064b,Tourniquet,995,
TOOL_HOVER,230660,11/30/2022 1:53:44 PM,888de8e3-f293-4564-bc6a-9c1214f5064b,Tourniquet,995,
TOOL_HOVER,230677,11/30/2022 1:53:44 PM,888de8e3-f293-4564-bc6a-9c1214f5064b,Tourniquet,995,
TOOL_SELECTED,230678,11/30/2022 1:53:44 PM,888de8e3-f293-4564-bc6a-9c1214f5064b,Tourniquet,994,
TOOL_DISCARDED,231610,11/30/2022 1:53:45 PM,888de8e3-f293-4564-bc6a-9c1214f5064b,Tourniquet,994,"(0.1, 0.3, 7.7)",
PULSE_TAKEN,232129,11/30/2022 1:53:45 PM,888de8e3-f293-4564-bc6a-9c1214f5064b,pulse_fast,Helga_0 Root,
TOOL_HOVER,232548,11/30/2022 1:53:46 PM,888de8e3-f293-4564-bc6a-9c1214f5064b,Tourniquet,995,
TOOL_HOVER,232564,11/30/2022 1:53:46 PM,888de8e3-f293-4564-bc6a-9c1214f5064b,Tourniquet,995,
TOOL_HOVER,232581,11/30/2022 1:53:46 PM,888de8e3-f293-4564-bc6a-9c1214f5064b,Tourniquet,995,
TOOL_HOVER,232597,11/30/2022 1:53:46 PM,888de8e3-f293-4564-bc6a-9c1214f5064b,Tourniquet,995,
TOOL_HOVER,232613,11/30/2022 1:53:46 PM,888de8e3-f293-4564-bc6a-9c1214f5064b,Tourniquet,995,
TOOL_HOVER,232631,11/30/2022 1:53:46 PM,888de8e3-f293-4564-bc6a-9c1214f5064b,Tourniquet,995,
TOOL_HOVER,232647,11/30/2022 1:53:46 PM,888de8e3-f293-4564-bc6a-9c1214f5064b,Tourniquet,995,
TOOL_SELECTED,232648,11/30/2022 1:53:46 PM,888de8e3-f293-4564-bc6a-9c1214f5064b,Tourniquet,994,
TOOL_APPLIED,236991,11/30/2022 1:53:50 PM,888de8e3-f293-4564-bc6a-9c1214f5064b,Helga_0 Root,Tourniquet,LeftLeg (UnityEngine.GameObject),tor_ring (1) (UnityEngine.GameObject),tourniquet(Clone) (UnityEngine.GameObject),AppliedTourniquet,
TOOL_HOVER,238845,11/30/2022 1:53:52 PM,888de8e3-f293-4564-bc6a-9c1214f5064b,Tourniquet,994,
TOOL_HOVER,238863,11/30/2022 1:53:52 PM,888de8e3-f293-4564-bc6a-9c1214f5064b,Tourniquet,994,
TOOL_HOVER,238878,11/30/2022 1:53:52 PM,888de8e3-f293-4564-bc6a-9c1214f5064b,Tourniquet,994,
TOOL_HOVER,238895,11/30/2022 1:53:52 PM,888de8e3-f293-4564-bc6a-9c1214f5064b,Tourniquet,994,
TOOL_HOVER,238912,11/30/2022 1:53:52 PM,888de8e3-f293-4564-bc6a-9c1214f5064b,Tourniquet,994,
TOOL_HOVER,238929,11/30/2022 1:53:52 PM,888de8e3-f293-4564-bc6a-9c1214f5064b,Tourniquet,994,
TOOL_HOVER,238945,11/30/2022 1:53:52 PM,888de8e3-f293-4564-bc6a-9c1214f5064b,Tourniquet,994,
TOOL_HOVER,238962,11/30/2022 1:53:52 PM,888de8e3-f293-4564-bc6a-9c1214f5064b,Tourniquet,994,
TOOL_HOVER,238979,11/30/2022 1:53:52 PM,888de8e3-f293-4564-bc6a-9c1214f5064b,Tourniquet,994,
TOOL_HOVER,238996,11/30/2022 1:53:52 PM,888de8e3-f293-4564-bc6a-9c1214f5064b,Tourniquet,994,
TOOL_SELECTED,238997,11/30/2022 1:53:52 PM,888de8e3-f293-4564-bc6a-9c1214f5064b,Tourniquet,993,
VOICE_CAPTURE,242211,11/30/2022 1:53:55 PM,888de8e3-f293-4564-bc6a-9c1214f5064b,no,NA,
VOICE_CAPTURE,248727,11/30/2022 1:54:02 PM,888de8e3-f293-4564-bc6a-9c1214f5064b,and it's not letting me,NA,
VOICE_CAPTURE,250816,11/30/2022 1:54:04 PM,888de8e3-f293-4564-bc6a-9c1214f5064b,do i,NA,
TOOL_APPLIED,251233,11/30/2022 1:54:04 PM,888de8e3-f293-4564-bc6a-9c1214f5064b,Helga_0 Root,Tourniquet,LeftLeg (UnityEngine.GameObject),tor_ring (1) (UnityEngine.GameObject),tourniquet(Clone) (UnityEngine.GameObject),AppliedTourniquet,
PULSE_TAKEN,252001,11/30/2022 1:54:05 PM,888de8e3-f293-4564-bc6a-9c1214f5064b,pulse_fast,Helga_0 Root,
TOOL_HOVER,252537,11/30/2022 1:54:06 PM,888de8e3-f293-4564-bc6a-9c1214f5064b,Gauze,1000,
TOOL_HOVER,252555,11/30/2022 1:54:06 PM,888de8e3-f293-4564-bc6a-9c1214f5064b,Gauze,1000,
TOOL_HOVER,252570,11/30/2022 1:54:06 PM,888de8e3-f293-4564-bc6a-9c1214f5064b,Gauze,1000,
TOOL_HOVER,252588,11/30/2022 1:54:06 PM,888de8e3-f293-4564-bc6a-9c1214f5064b,Gauze,1000,
TOOL_HOVER,252604,11/30/2022 1:54:06 PM,888de8e3-f293-4564-bc6a-9c1214f5064b,Gauze,1000,
TOOL_HOVER,252621,11/30/2022 1:54:06 PM,888de8e3-f293-4564-bc6a-9c1214f5064b,Gauze,1000,
TOOL_HOVER,252637,11/30/2022 1:54:06 PM,888de8e3-f293-4564-bc6a-9c1214f5064b,Gauze,1000,
TOOL_HOVER,252654,11/30/2022 1:54:06 PM,888de8e3-f293-4564-bc6a-9c1214f5064b,Gauze,1000,
TOOL_HOVER,252670,11/30/2022 1:54:06 PM,888de8e3-f293-4564-bc6a-9c1214f5064b,Gauze,1000,
TOOL_HOVER,252688,11/30/2022 1:54:06 PM,888de8e3-f293-4564-bc6a-9c1214f5064b,Gauze,1000,
TOOL_HOVER,252704,11/30/2022 1:54:06 PM,888de8e3-f293-4564-bc6a-9c1214f5064b,Gauze,1000,
TOOL_HOVER,252721,11/30/2022 1:54:06 PM,888de8e3-f293-4564-bc6a-9c1214f5064b,Gauze,1000,
TOOL_HOVER,252737,11/30/2022 1:54:06 PM,888de8e3-f293-4564-bc6a-9c1214f5064b,Tourniquet,993,
TOOL_HOVER,252754,11/30/2022 1:54:06 PM,888de8e3-f293-4564-bc6a-9c1214f5064b,Tourniquet,993,
TOOL_HOVER,252771,11/30/2022 1:54:06 PM,888de8e3-f293-4564-bc6a-9c1214f5064b,Tourniquet,993,
TOOL_HOVER,252788,11/30/2022 1:54:06 PM,888de8e3-f293-4564-bc6a-9c1214f5064b,Tourniquet,993,
TOOL_HOVER,252805,11/30/2022 1:54:06 PM,888de8e3-f293-4564-bc6a-9c1214f5064b,Tourniquet,993,
TOOL_HOVER,252821,11/30/2022 1:54:06 PM,888de8e3-f293-4564-bc6a-9c1214f5064b,Tourniquet,993,
TOOL_HOVER,252838,11/30/2022 1:54:06 PM,888de8e3-f293-4564-bc6a-9c1214f5064b,Tourniquet,993,
TOOL_HOVER,252854,11/30/2022 1:54:06 PM,888de8e3-f293-4564-bc6a-9c1214f5064b,Tourniquet,993,
TOOL_HOVER,252869,11/30/2022 1:54:06 PM,888de8e3-f293-4564-bc6a-9c1214f5064b,Tourniquet,993,
TOOL_HOVER,252887,11/30/2022 1:54:06 PM,888de8e3-f293-4564-bc6a-9c1214f5064b,Tourniquet,993,
TOOL_HOVER,252904,11/30/2022 1:54:06 PM,888de8e3-f293-4564-bc6a-9c1214f5064b,Tourniquet,993,
TOOL_SELECTED,252905,11/30/2022 1:54:06 PM,888de8e3-f293-4564-bc6a-9c1214f5064b,Tourniquet,992,
TOOL_DISCARDED,253992,11/30/2022 1:54:07 PM,888de8e3-f293-4564-bc6a-9c1214f5064b,Tourniquet,992,"(0.2, 0.4, 7.7)",
TOOL_HOVER,255745,11/30/2022 1:54:09 PM,888de8e3-f293-4564-bc6a-9c1214f5064b,Needle,998,
TOOL_HOVER,255761,11/30/2022 1:54:09 PM,888de8e3-f293-4564-bc6a-9c1214f5064b,Needle,998,
TOOL_HOVER,255778,11/30/2022 1:54:09 PM,888de8e3-f293-4564-bc6a-9c1214f5064b,Needle,998,
TOOL_HOVER,255795,11/30/2022 1:54:09 PM,888de8e3-f293-4564-bc6a-9c1214f5064b,Needle,998,
TOOL_HOVER,255811,11/30/2022 1:54:09 PM,888de8e3-f293-4564-bc6a-9c1214f5064b,Needle,998,
TOOL_HOVER,255828,11/30/2022 1:54:09 PM,888de8e3-f293-4564-bc6a-9c1214f5064b,Needle,998,
TOOL_HOVER,255845,11/30/2022 1:54:09 PM,888de8e3-f293-4564-bc6a-9c1214f5064b,Needle,998,
VOICE_CAPTURE,255861,11/30/2022 1:54:09 PM,888de8e3-f293-4564-bc6a-9c1214f5064b,hey,NA,
TOOL_HOVER,255862,11/30/2022 1:54:09 PM,888de8e3-f293-4564-bc6a-9c1214f5064b,Needle,998,
TOOL_HOVER,255877,11/30/2022 1:54:09 PM,888de8e3-f293-4564-bc6a-9c1214f5064b,Needle,998,
TOOL_HOVER,255900,11/30/2022 1:54:09 PM,888de8e3-f293-4564-bc6a-9c1214f5064b,Needle,998,
TOOL_HOVER,255915,11/30/2022 1:54:09 PM,888de8e3-f293-4564-bc6a-9c1214f5064b,Needle,998,
TOOL_HOVER,255930,11/30/2022 1:54:09 PM,888de8e3-f293-4564-bc6a-9c1214f5064b,Needle,998,
BAG_CLOSED,256915,11/30/2022 1:54:10 PM,888de8e3-f293-4564-bc6a-9c1214f5064b,"(0.5, 0.4, 7.3)",
TELEPORT,256915,11/30/2022 1:54:10 PM,888de8e3-f293-4564-bc6a-9c1214f5064b,"(0.6, 0.0, 8.8)",
BAG_ACCESS,261163,11/30/2022 1:54:14 PM,888de8e3-f293-4564-bc6a-9c1214f5064b,"(-0.3, 0.4, 8.2)",
TOOL_HOVER,261648,11/30/2022 1:54:15 PM,888de8e3-f293-4564-bc6a-9c1214f5064b,Tourniquet,993,
TOOL_HOVER,261663,11/30/2022 1:54:15 PM,888de8e3-f293-4564-bc6a-9c1214f5064b,Tourniquet,993,
TOOL_HOVER,261678,11/30/2022 1:54:15 PM,888de8e3-f293-4564-bc6a-9c1214f5064b,Tourniquet,993,
TOOL_HOVER,261694,11/30/2022 1:54:15 PM,888de8e3-f293-4564-bc6a-9c1214f5064b,Tourniquet,993,
TOOL_HOVER,261710,11/30/2022 1:54:15 PM,888de8e3-f293-4564-bc6a-9c1214f5064b,Tourniquet,993,
TOOL_HOVER,261727,11/30/2022 1:54:15 PM,888de8e3-f293-4564-bc6a-9c1214f5064b,Tourniquet,993,
TOOL_SELECTED,261728,11/30/2022 1:54:15 PM,888de8e3-f293-4564-bc6a-9c1214f5064b,Tourniquet,992,
TOOL_APPLIED,263147,11/30/2022 1:54:16 PM,888de8e3-f293-4564-bc6a-9c1214f5064b,Helga_0 Root,Tourniquet,LeftLeg (UnityEngine.GameObject),tor_ring (1) (UnityEngine.GameObject),tourniquet(Clone) (UnityEngine.GameObject),AppliedTourniquet,
TOOL_HOVER,264235,11/30/2022 1:54:17 PM,888de8e3-f293-4564-bc6a-9c1214f5064b,Tourniquet,992,
TOOL_HOVER,264252,11/30/2022 1:54:17 PM,888de8e3-f293-4564-bc6a-9c1214f5064b,Tourniquet,992,
TOOL_HOVER,264269,11/30/2022 1:54:17 PM,888de8e3-f293-4564-bc6a-9c1214f5064b,Tourniquet,992,
TOOL_HOVER,264286,11/30/2022 1:54:17 PM,888de8e3-f293-4564-bc6a-9c1214f5064b,Tourniquet,992,
TOOL_HOVER,264302,11/30/2022 1:54:17 PM,888de8e3-f293-4564-bc6a-9c1214f5064b,Tourniquet,992,
TOOL_HOVER,264319,11/30/2022 1:54:17 PM,888de8e3-f293-4564-bc6a-9c1214f5064b,Tourniquet,992,
TOOL_HOVER,264337,11/30/2022 1:54:17 PM,888de8e3-f293-4564-bc6a-9c1214f5064b,Tourniquet,992,
TOOL_HOVER,264355,11/30/2022 1:54:17 PM,888de8e3-f293-4564-bc6a-9c1214f5064b,Tourniquet,992,
TOOL_HOVER,264373,11/30/2022 1:54:17 PM,888de8e3-f293-4564-bc6a-9c1214f5064b,Tourniquet,992,
TOOL_SELECTED,264374,11/30/2022 1:54:17 PM,888de8e3-f293-4564-bc6a-9c1214f5064b,Tourniquet,991,
INJURY_TREATED,266775,11/30/2022 1:54:20 PM,888de8e3-f293-4564-bc6a-9c1214f5064b,L Thigh Puncture,Helga_0 Root,tourniquet,medium,leftLeg,True,False,"(0.1, 0.3, 7.7)",
TOOL_APPLIED,266775,11/30/2022 1:54:20 PM,888de8e3-f293-4564-bc6a-9c1214f5064b,Helga_0 Root,Tourniquet,LeftUpLeg (UnityEngine.GameObject),tor_ring (1) (UnityEngine.GameObject),tourniquet(Clone) (UnityEngine.GameObject),AppliedTourniquet,
PULSE_TAKEN,268918,11/30/2022 1:54:22 PM,888de8e3-f293-4564-bc6a-9c1214f5064b,pulse_fast,Helga_0 Root,
PULSE_TAKEN,268969,11/30/2022 1:54:22 PM,888de8e3-f293-4564-bc6a-9c1214f5064b,pulse_fast,Helga_0 Root,
PULSE_TAKEN,270021,11/30/2022 1:54:23 PM,888de8e3-f293-4564-bc6a-9c1214f5064b,pulse_fast,Helga_0 Root,
PULSE_TAKEN,270582,11/30/2022 1:54:24 PM,888de8e3-f293-4564-bc6a-9c1214f5064b,pulse_fast,Helga_0 Root,
PULSE_TAKEN,270999,11/30/2022 1:54:24 PM,888de8e3-f293-4564-bc6a-9c1214f5064b,pulse_fast,Helga_0 Root,
TOOL_HOVER,272736,11/30/2022 1:54:26 PM,888de8e3-f293-4564-bc6a-9c1214f5064b,Hemostatic Gauze,999,
TOOL_HOVER,272752,11/30/2022 1:54:26 PM,888de8e3-f293-4564-bc6a-9c1214f5064b,Hemostatic Gauze,999,
TOOL_HOVER,272769,11/30/2022 1:54:26 PM,888de8e3-f293-4564-bc6a-9c1214f5064b,Hemostatic Gauze,999,
TOOL_HOVER,272786,11/30/2022 1:54:26 PM,888de8e3-f293-4564-bc6a-9c1214f5064b,Hemostatic Gauze,999,
TOOL_HOVER,272805,11/30/2022 1:54:26 PM,888de8e3-f293-4564-bc6a-9c1214f5064b,Hemostatic Gauze,999,
TOOL_HOVER,272819,11/30/2022 1:54:26 PM,888de8e3-f293-4564-bc6a-9c1214f5064b,Hemostatic Gauze,999,
TOOL_HOVER,272838,11/30/2022 1:54:26 PM,888de8e3-f293-4564-bc6a-9c1214f5064b,Hemostatic Gauze,999,
TOOL_HOVER,272852,11/30/2022 1:54:26 PM,888de8e3-f293-4564-bc6a-9c1214f5064b,Hemostatic Gauze,999,
TOOL_SELECTED,272853,11/30/2022 1:54:26 PM,888de8e3-f293-4564-bc6a-9c1214f5064b,Hemostatic Gauze,998,
TOOL_DISCARDED,274057,11/30/2022 1:54:27 PM,888de8e3-f293-4564-bc6a-9c1214f5064b,Hemostatic Gauze,998,"(0.0, 0.2, 7.5)",
INJURY_TREATED,274057,11/30/2022 1:54:27 PM,888de8e3-f293-4564-bc6a-9c1214f5064b,L Stomach Puncture,Helga_0 Root,woundpack,high,abdomen,True,False,"(0.0, 0.2, 7.5)",
TOOL_APPLIED,274057,11/30/2022 1:54:27 PM,888de8e3-f293-4564-bc6a-9c1214f5064b,Helga_0 Root,Gauze_Pack,skinCollider_BodyLOD (UnityEngine.GameObject),null,null,AppliedPackingGauze,
TOOL_HOVER,275444,11/30/2022 1:54:29 PM,888de8e3-f293-4564-bc6a-9c1214f5064b,Hemostatic Gauze,999,
TOOL_HOVER,275461,11/30/2022 1:54:29 PM,888de8e3-f293-4564-bc6a-9c1214f5064b,Hemostatic Gauze,999,
TOOL_HOVER,275477,11/30/2022 1:54:29 PM,888de8e3-f293-4564-bc6a-9c1214f5064b,Hemostatic Gauze,999,
TOOL_HOVER,275493,11/30/2022 1:54:29 PM,888de8e3-f293-4564-bc6a-9c1214f5064b,Hemostatic Gauze,999,
TOOL_HOVER,275510,11/30/2022 1:54:29 PM,888de8e3-f293-4564-bc6a-9c1214f5064b,Hemostatic Gauze,999,
TOOL_HOVER,275527,11/30/2022 1:54:29 PM,888de8e3-f293-4564-bc6a-9c1214f5064b,Hemostatic Gauze,999,
TOOL_HOVER,276045,11/30/2022 1:54:29 PM,888de8e3-f293-4564-bc6a-9c1214f5064b,Hemostatic Gauze,999,
TOOL_HOVER,276061,11/30/2022 1:54:29 PM,888de8e3-f293-4564-bc6a-9c1214f5064b,Hemostatic Gauze,999,
TOOL_HOVER,276077,11/30/2022 1:54:29 PM,888de8e3-f293-4564-bc6a-9c1214f5064b,Hemostatic Gauze,999,
VOICE_CAPTURE,276093,11/30/2022 1:54:29 PM,888de8e3-f293-4564-bc6a-9c1214f5064b,got some wind packing,NA,
TOOL_HOVER,276093,11/30/2022 1:54:29 PM,888de8e3-f293-4564-bc6a-9c1214f5064b,Hemostatic Gauze,999,
TOOL_HOVER,276111,11/30/2022 1:54:29 PM,888de8e3-f293-4564-bc6a-9c1214f5064b,Hemostatic Gauze,999,
TOOL_HOVER,276128,11/30/2022 1:54:29 PM,888de8e3-f293-4564-bc6a-9c1214f5064b,Hemostatic Gauze,999,
TOOL_HOVER,276144,11/30/2022 1:54:29 PM,888de8e3-f293-4564-bc6a-9c1214f5064b,Hemostatic Gauze,999,
TOOL_HOVER,276161,11/30/2022 1:54:29 PM,888de8e3-f293-4564-bc6a-9c1214f5064b,Hemostatic Gauze,999,
TOOL_HOVER,276177,11/30/2022 1:54:29 PM,888de8e3-f293-4564-bc6a-9c1214f5064b,Hemostatic Gauze,999,
TOOL_HOVER,276194,11/30/2022 1:54:29 PM,888de8e3-f293-4564-bc6a-9c1214f5064b,Hemostatic Gauze,999,
TOOL_HOVER,276211,11/30/2022 1:54:29 PM,888de8e3-f293-4564-bc6a-9c1214f5064b,Hemostatic Gauze,999,
TOOL_HOVER,276228,11/30/2022 1:54:29 PM,888de8e3-f293-4564-bc6a-9c1214f5064b,Hemostatic Gauze,999,
TOOL_HOVER,276245,11/30/2022 1:54:29 PM,888de8e3-f293-4564-bc6a-9c1214f5064b,Hemostatic Gauze,999,
TOOL_SELECTED,276246,11/30/2022 1:54:29 PM,888de8e3-f293-4564-bc6a-9c1214f5064b,Hemostatic Gauze,998,
TOOL_DISCARDED,278317,11/30/2022 1:54:31 PM,888de8e3-f293-4564-bc6a-9c1214f5064b,Hemostatic Gauze,998,"(0.0, 0.2, 7.5)",
INJURY_TREATED,278317,11/30/2022 1:54:31 PM,888de8e3-f293-4564-bc6a-9c1214f5064b,L Stomach Puncture,Helga_0 Root,woundpack,high,abdomen,True,False,"(0.0, 0.2, 7.5)",
TOOL_APPLIED,278318,11/30/2022 1:54:31 PM,888de8e3-f293-4564-bc6a-9c1214f5064b,Helga_0 Root,Gauze_Pack,skinCollider_BodyLOD (UnityEngine.GameObject),null,null,AppliedPackingGauze,
VOICE_CAPTURE,279594,11/30/2022 1:54:33 PM,888de8e3-f293-4564-bc6a-9c1214f5064b,oh that didn't go where it was supposed to either,NA,
TAG_SELECTED,280439,11/30/2022 1:54:34 PM,888de8e3-f293-4564-bc6a-9c1214f5064b,red,
TAG_APPLIED,281457,11/30/2022 1:54:35 PM,888de8e3-f293-4564-bc6a-9c1214f5064b,Helga_0 Root,red,
VOICE_CAPTURE,281641,11/30/2022 1:54:35 PM,888de8e3-f293-4564-bc6a-9c1214f5064b,OK,NA,
PULSE_TAKEN,282210,11/30/2022 1:54:35 PM,888de8e3-f293-4564-bc6a-9c1214f5064b,pulse_fast,Helga_0 Root,
BAG_CLOSED,284763,11/30/2022 1:54:38 PM,888de8e3-f293-4564-bc6a-9c1214f5064b,"(-0.3, 0.4, 8.2)",
TELEPORT,284763,11/30/2022 1:54:38 PM,888de8e3-f293-4564-bc6a-9c1214f5064b,"(0.3, 0.0, 8.7)",
VOICE_CAPTURE,291112,11/30/2022 1:54:44 PM,888de8e3-f293-4564-bc6a-9c1214f5064b,alright anybody else are you able to walk can you get to the bench over here,NA,
VOICE_COMMAND,291112,11/30/2022 1:54:44 PM,888de8e3-f293-4564-bc6a-9c1214f5064b,walk to the safe area,alright anybody else are you able to walk can you get to the bench over here,
S_A_L_T_WALK_IF_CAN,291113,11/30/2022 1:54:44 PM,888de8e3-f293-4564-bc6a-9c1214f5064b,"(0.2, 0.0, 7.7)",walkIfCan,Helga_0 Root,
S_A_L_T_WALK_IF_CAN,291114,11/30/2022 1:54:44 PM,888de8e3-f293-4564-bc6a-9c1214f5064b,"(1.2, 0.0, 3.9)",walkIfCan,Lily_1 Root,
S_A_L_T_WALK_IF_CAN,291114,11/30/2022 1:54:44 PM,888de8e3-f293-4564-bc6a-9c1214f5064b,"(0.7, 0.0, 0.6)",walkIfCan,Gloria_2 Root,
S_A_L_T_WALK_IF_CAN,291114,11/30/2022 1:54:44 PM,888de8e3-f293-4564-bc6a-9c1214f5064b,"(-1.3, 0.0, 4.2)",walkIfCan,Mike_3 Root,
S_A_L_T_WALK_IF_CAN,291114,11/30/2022 1:54:44 PM,888de8e3-f293-4564-bc6a-9c1214f5064b,"(5.0, 0.0, -4.8)",walkIfCan,Mike_4 Root,
S_A_L_T_WALKED,291114,11/30/2022 1:54:44 PM,888de8e3-f293-4564-bc6a-9c1214f5064b,"(5.0, 0.0, -4.8)",walked,Mike_4 Root,
S_A_L_T_WALK_IF_CAN,291114,11/30/2022 1:54:44 PM,888de8e3-f293-4564-bc6a-9c1214f5064b,"(4.8, 0.0, -2.6)",walkIfCan,Gary_5 Root,
S_A_L_T_WALKED,291114,11/30/2022 1:54:44 PM,888de8e3-f293-4564-bc6a-9c1214f5064b,"(4.8, 0.0, -2.6)",walked,Gary_5 Root,
S_A_L_T_WALK_IF_CAN,291114,11/30/2022 1:54:44 PM,888de8e3-f293-4564-bc6a-9c1214f5064b,"(2.6, 0.0, 8.0)",walkIfCan,Gloria_8 Root,
S_A_L_T_WALK_IF_CAN,291114,11/30/2022 1:54:44 PM,888de8e3-f293-4564-bc6a-9c1214f5064b,"(3.5, 0.0, 1.1)",walkIfCan,Mike_9 Root,
S_A_L_T_WALK_IF_CAN,291114,11/30/2022 1:54:44 PM,888de8e3-f293-4564-bc6a-9c1214f5064b,"(1.8, 0.0, -3.1)",walkIfCan,Bob_10 Root,
S_A_L_T_WALKED,291114,11/30/2022 1:54:44 PM,888de8e3-f293-4564-bc6a-9c1214f5064b,"(1.8, 0.0, -3.1)",walked,Bob_10 Root,
VOICE_CAPTURE,296625,11/30/2022 1:54:50 PM,888de8e3-f293-4564-bc6a-9c1214f5064b,come come to this benches,NA,
TELEPORT,297948,11/30/2022 1:54:51 PM,888de8e3-f293-4564-bc6a-9c1214f5064b,"(3.1, 0.0, -0.7)",
PATIENT_ENGAGED,298531,11/30/2022 1:54:52 PM,888de8e3-f293-4564-bc6a-9c1214f5064b,100,Infinity,Mike_4 Root,"(4.6, 0.0, -5.0)","(0.0, 0.4, 0.0, -0.9)",MINIMAL,walker,normal,normal,normal,upset,standing,
VOICE_CAPTURE,299115,11/30/2022 1:54:52 PM,888de8e3-f293-4564-bc6a-9c1214f5064b,if you're able to walk come to the benches,NA,
VOICE_COMMAND,299115,11/30/2022 1:54:52 PM,888de8e3-f293-4564-bc6a-9c1214f5064b,walk to the safe area,if you're able to walk come to the benches,
S_A_L_T_WALK_IF_CAN,299116,11/30/2022 1:54:52 PM,888de8e3-f293-4564-bc6a-9c1214f5064b,"(0.2, 0.0, 7.7)",walkIfCan,Helga_0 Root,
S_A_L_T_WALK_IF_CAN,299117,11/30/2022 1:54:52 PM,888de8e3-f293-4564-bc6a-9c1214f5064b,"(1.2, 0.0, 3.9)",walkIfCan,Lily_1 Root,
S_A_L_T_WALK_IF_CAN,299117,11/30/2022 1:54:52 PM,888de8e3-f293-4564-bc6a-9c1214f5064b,"(0.7, 0.0, 0.6)",walkIfCan,Gloria_2 Root,
S_A_L_T_WALK_IF_CAN,299117,11/30/2022 1:54:52 PM,888de8e3-f293-4564-bc6a-9c1214f5064b,"(-1.3, 0.0, 4.2)",walkIfCan,Mike_3 Root,
S_A_L_T_WALK_IF_CAN,299117,11/30/2022 1:54:52 PM,888de8e3-f293-4564-bc6a-9c1214f5064b,"(2.6, 0.0, 8.0)",walkIfCan,Gloria_8 Root,
S_A_L_T_WALK_IF_CAN,299117,11/30/2022 1:54:52 PM,888de8e3-f293-4564-bc6a-9c1214f5064b,"(3.5, 0.0, 1.1)",walkIfCan,Mike_9 Root,
S_A_L_T_WALK_IF_CAN,299117,11/30/2022 1:54:52 PM,888de8e3-f293-4564-bc6a-9c1214f5064b,"(1.6, 0.0, -3.1)",walkIfCan,Bob_10 Root,
S_A_L_T_WALKED,299117,11/30/2022 1:54:52 PM,888de8e3-f293-4564-bc6a-9c1214f5064b,"(1.6, 0.0, -3.1)",walked,Bob_10 Root,
TELEPORT,301973,11/30/2022 1:54:55 PM,888de8e3-f293-4564-bc6a-9c1214f5064b,"(4.0, 0.0, -3.0)",
VOICE_CAPTURE,303877,11/30/2022 1:54:57 PM,888de8e3-f293-4564-bc6a-9c1214f5064b,OK have a seat for me sir,NA,
PULSE_TAKEN,306918,11/30/2022 1:55:00 PM,888de8e3-f293-4564-bc6a-9c1214f5064b,pulse_normal,Mike_4 Root,
PULSE_TAKEN,308605,11/30/2022 1:55:02 PM,888de8e3-f293-4564-bc6a-9c1214f5064b,pulse_normal,Mike_4 Root,
PULSE_TAKEN,309191,11/30/2022 1:55:02 PM,888de8e3-f293-4564-bc6a-9c1214f5064b,pulse_normal,Mike_4 Root,
VOICE_CAPTURE,310560,11/30/2022 1:55:04 PM,888de8e3-f293-4564-bc6a-9c1214f5064b,let me see what we got going on here can i see your arm can you move that hand,NA,
VOICE_COMMAND,310560,11/30/2022 1:55:04 PM,888de8e3-f293-4564-bc6a-9c1214f5064b,reveal injury,let me see what we got going on here can i see your arm can you move that hand,
TOOL_HOVER,311696,11/30/2022 1:55:05 PM,888de8e3-f293-4564-bc6a-9c1214f5064b,Tourniquet,991,
TOOL_HOVER,311712,11/30/2022 1:55:05 PM,888de8e3-f293-4564-bc6a-9c1214f5064b,Tourniquet,991,
TOOL_HOVER,311729,11/30/2022 1:55:05 PM,888de8e3-f293-4564-bc6a-9c1214f5064b,Tourniquet,991,
TOOL_HOVER,311746,11/30/2022 1:55:05 PM,888de8e3-f293-4564-bc6a-9c1214f5064b,Tourniquet,991,
TOOL_HOVER,311763,11/30/2022 1:55:05 PM,888de8e3-f293-4564-bc6a-9c1214f5064b,Tourniquet,991,
TOOL_HOVER,311780,11/30/2022 1:55:05 PM,888de8e3-f293-4564-bc6a-9c1214f5064b,Tourniquet,991,
TOOL_HOVER,311797,11/30/2022 1:55:05 PM,888de8e3-f293-4564-bc6a-9c1214f5064b,Gauze,1000,
TOOL_HOVER,311813,11/30/2022 1:55:05 PM,888de8e3-f293-4564-bc6a-9c1214f5064b,Gauze,1000,
BAG_ACCESS,311813,11/30/2022 1:55:05 PM,888de8e3-f293-4564-bc6a-9c1214f5064b,"(4.3, 0.4, -4.5)",
TOOL_HOVER,311831,11/30/2022 1:55:05 PM,888de8e3-f293-4564-bc6a-9c1214f5064b,Gauze,1000,
TOOL_HOVER,311848,11/30/2022 1:55:05 PM,888de8e3-f293-4564-bc6a-9c1214f5064b,Gauze,1000,
TOOL_HOVER,311863,11/30/2022 1:55:05 PM,888de8e3-f293-4564-bc6a-9c1214f5064b,Gauze,1000,
TOOL_HOVER,311879,11/30/2022 1:55:05 PM,888de8e3-f293-4564-bc6a-9c1214f5064b,Gauze,1000,
TOOL_HOVER,311897,11/30/2022 1:55:05 PM,888de8e3-f293-4564-bc6a-9c1214f5064b,Gauze,1000,
TOOL_HOVER,311913,11/30/2022 1:55:05 PM,888de8e3-f293-4564-bc6a-9c1214f5064b,Gauze,1000,
TOOL_HOVER,311929,11/30/2022 1:55:05 PM,888de8e3-f293-4564-bc6a-9c1214f5064b,Gauze,1000,
TOOL_HOVER,311947,11/30/2022 1:55:05 PM,888de8e3-f293-4564-bc6a-9c1214f5064b,Gauze,1000,
TOOL_HOVER,311964,11/30/2022 1:55:05 PM,888de8e3-f293-4564-bc6a-9c1214f5064b,Gauze,1000,
TOOL_HOVER,311981,11/30/2022 1:55:05 PM,888de8e3-f293-4564-bc6a-9c1214f5064b,Gauze,1000,
TOOL_HOVER,311997,11/30/2022 1:55:05 PM,888de8e3-f293-4564-bc6a-9c1214f5064b,Gauze,1000,
TOOL_HOVER,312015,11/30/2022 1:55:05 PM,888de8e3-f293-4564-bc6a-9c1214f5064b,Gauze,1000,
TOOL_HOVER,312030,11/30/2022 1:55:05 PM,888de8e3-f293-4564-bc6a-9c1214f5064b,Gauze,1000,
TOOL_HOVER,312047,11/30/2022 1:55:05 PM,888de8e3-f293-4564-bc6a-9c1214f5064b,Gauze,1000,
TOOL_HOVER,312064,11/30/2022 1:55:05 PM,888de8e3-f293-4564-bc6a-9c1214f5064b,Gauze,1000,
TOOL_HOVER,312081,11/30/2022 1:55:05 PM,888de8e3-f293-4564-bc6a-9c1214f5064b,Gauze,1000,
TOOL_HOVER,312098,11/30/2022 1:55:05 PM,888de8e3-f293-4564-bc6a-9c1214f5064b,Gauze,1000,
TOOL_HOVER,312115,11/30/2022 1:55:05 PM,888de8e3-f293-4564-bc6a-9c1214f5064b,Gauze,1000,
TOOL_HOVER,312131,11/30/2022 1:55:05 PM,888de8e3-f293-4564-bc6a-9c1214f5064b,Gauze,1000,
TOOL_HOVER,312149,11/30/2022 1:55:05 PM,888de8e3-f293-4564-bc6a-9c1214f5064b,Gauze,1000,
TOOL_HOVER,312165,11/30/2022 1:55:05 PM,888de8e3-f293-4564-bc6a-9c1214f5064b,Gauze,1000,
TOOL_HOVER,312182,11/30/2022 1:55:05 PM,888de8e3-f293-4564-bc6a-9c1214f5064b,Gauze,1000,
TOOL_HOVER,312198,11/30/2022 1:55:05 PM,888de8e3-f293-4564-bc6a-9c1214f5064b,Gauze,1000,
TOOL_HOVER,312215,11/30/2022 1:55:05 PM,888de8e3-f293-4564-bc6a-9c1214f5064b,Gauze,1000,
TOOL_HOVER,312231,11/30/2022 1:55:05 PM,888de8e3-f293-4564-bc6a-9c1214f5064b,Gauze,1000,
TOOL_HOVER,312249,11/30/2022 1:55:05 PM,888de8e3-f293-4564-bc6a-9c1214f5064b,Gauze,1000,
TOOL_HOVER,312265,11/30/2022 1:55:05 PM,888de8e3-f293-4564-bc6a-9c1214f5064b,Gauze,1000,
TOOL_HOVER,312281,11/30/2022 1:55:05 PM,888de8e3-f293-4564-bc6a-9c1214f5064b,Gauze,1000,
TOOL_HOVER,312298,11/30/2022 1:55:05 PM,888de8e3-f293-4564-bc6a-9c1214f5064b,Gauze,1000,
TOOL_HOVER,312314,11/30/2022 1:55:05 PM,888de8e3-f293-4564-bc6a-9c1214f5064b,Gauze,1000,
TOOL_HOVER,312331,11/30/2022 1:55:05 PM,888de8e3-f293-4564-bc6a-9c1214f5064b,Gauze,1000,
TOOL_HOVER,312348,11/30/2022 1:55:05 PM,888de8e3-f293-4564-bc6a-9c1214f5064b,Gauze,1000,
TOOL_HOVER,312364,11/30/2022 1:55:05 PM,888de8e3-f293-4564-bc6a-9c1214f5064b,Gauze,1000,
TOOL_HOVER,312382,11/30/2022 1:55:06 PM,888de8e3-f293-4564-bc6a-9c1214f5064b,Gauze,1000,
TOOL_HOVER,312398,11/30/2022 1:55:06 PM,888de8e3-f293-4564-bc6a-9c1214f5064b,Gauze,1000,
TOOL_HOVER,312416,11/30/2022 1:55:06 PM,888de8e3-f293-4564-bc6a-9c1214f5064b,Gauze,1000,
TOOL_HOVER,312432,11/30/2022 1:55:06 PM,888de8e3-f293-4564-bc6a-9c1214f5064b,Gauze,1000,
TOOL_HOVER,312450,11/30/2022 1:55:06 PM,888de8e3-f293-4564-bc6a-9c1214f5064b,Gauze,1000,
TOOL_HOVER,312465,11/30/2022 1:55:06 PM,888de8e3-f293-4564-bc6a-9c1214f5064b,Gauze,1000,
TOOL_HOVER,312482,11/30/2022 1:55:06 PM,888de8e3-f293-4564-bc6a-9c1214f5064b,Gauze,1000,
TOOL_HOVER,312499,11/30/2022 1:55:06 PM,888de8e3-f293-4564-bc6a-9c1214f5064b,Tourniquet,991,
TOOL_HOVER,312515,11/30/2022 1:55:06 PM,888de8e3-f293-4564-bc6a-9c1214f5064b,Tourniquet,991,
TOOL_HOVER,312532,11/30/2022 1:55:06 PM,888de8e3-f293-4564-bc6a-9c1214f5064b,Tourniquet,991,
TOOL_HOVER,312549,11/30/2022 1:55:06 PM,888de8e3-f293-4564-bc6a-9c1214f5064b,Tourniquet,991,
TOOL_HOVER,312566,11/30/2022 1:55:06 PM,888de8e3-f293-4564-bc6a-9c1214f5064b,Tourniquet,991,
TOOL_HOVER,312581,11/30/2022 1:55:06 PM,888de8e3-f293-4564-bc6a-9c1214f5064b,Tourniquet,991,
TOOL_HOVER,313735,11/30/2022 1:55:07 PM,888de8e3-f293-4564-bc6a-9c1214f5064b,Gauze,1000,
TOOL_HOVER,313751,11/30/2022 1:55:07 PM,888de8e3-f293-4564-bc6a-9c1214f5064b,Gauze,1000,
TOOL_SELECTED,313758,11/30/2022 1:55:07 PM,888de8e3-f293-4564-bc6a-9c1214f5064b,Gauze,999,
TOOL_DISCARDED,314653,11/30/2022 1:55:08 PM,888de8e3-f293-4564-bc6a-9c1214f5064b,Gauze,999,"(4.6, 0.4, -4.9)",
INJURY_TREATED,314654,11/30/2022 1:55:08 PM,888de8e3-f293-4564-bc6a-9c1214f5064b,R Palm Laceration,Mike_4 Root,gauzePressure,low,rightArm,True,False,"(4.6, 0.4, -4.8)",
TOOL_APPLIED,314654,11/30/2022 1:55:08 PM,888de8e3-f293-4564-bc6a-9c1214f5064b,Mike_4 Root,Gauze_Dressing,skinCollider_BodyCollideLOD (UnityEngine.GameObject),null,null,AppliedDressingGauze,
PULSE_TAKEN,316910,11/30/2022 1:55:10 PM,888de8e3-f293-4564-bc6a-9c1214f5064b,pulse_normal,Mike_4 Root,
BAG_CLOSED,321367,11/30/2022 1:55:14 PM,888de8e3-f293-4564-bc6a-9c1214f5064b,"(4.3, 0.4, -4.5)",
TELEPORT,321368,11/30/2022 1:55:14 PM,888de8e3-f293-4564-bc6a-9c1214f5064b,"(3.9, 0.0, -4.3)",
VOICE_CAPTURE,322420,11/30/2022 1:55:16 PM,888de8e3-f293-4564-bc6a-9c1214f5064b,very tacky,NA,
TELEPORT,331043,11/30/2022 1:55:24 PM,888de8e3-f293-4564-bc6a-9c1214f5064b,"(4.7, 0.0, -3.8)",
TELEPORT,331913,11/30/2022 1:55:25 PM,888de8e3-f293-4564-bc6a-9c1214f5064b,"(5.2, 0.0, -3.8)",
TELEPORT,332931,11/30/2022 1:55:26 PM,888de8e3-f293-4564-bc6a-9c1214f5064b,"(4.8, 0.0, -3.7)",
TELEPORT,333967,11/30/2022 1:55:27 PM,888de8e3-f293-4564-bc6a-9c1214f5064b,"(4.7, 0.0, -3.9)",
TELEPORT,335170,11/30/2022 1:55:28 PM,888de8e3-f293-4564-bc6a-9c1214f5064b,"(4.7, 0.0, -3.9)",
TELEPORT,335671,11/30/2022 1:55:29 PM,888de8e3-f293-4564-bc6a-9c1214f5064b,"(4.7, 0.0, -3.9)",
TELEPORT,337492,11/30/2022 1:55:31 PM,888de8e3-f293-4564-bc6a-9c1214f5064b,"(4.5, 0.0, -3.8)",
VOICE_CAPTURE,337509,11/30/2022 1:55:31 PM,888de8e3-f293-4564-bc6a-9c1214f5064b,i was gonna say did i miss something,NA,
TELEPORT,337911,11/30/2022 1:55:31 PM,888de8e3-f293-4564-bc6a-9c1214f5064b,"(4.5, 0.0, -3.8)",
PULSE_TAKEN,338746,11/30/2022 1:55:32 PM,888de8e3-f293-4564-bc6a-9c1214f5064b,pulse_normal,Mike_4 Root,
PULSE_TAKEN,340567,11/30/2022 1:55:34 PM,888de8e3-f293-4564-bc6a-9c1214f5064b,pulse_normal,Mike_4 Root,
VOICE_CAPTURE,341200,11/30/2022 1:55:34 PM,888de8e3-f293-4564-bc6a-9c1214f5064b,right,NA,
BAG_ACCESS,344326,11/30/2022 1:55:37 PM,888de8e3-f293-4564-bc6a-9c1214f5064b,"(4.4, 0.4, -4.4)",
TAG_SELECTED,344994,11/30/2022 1:55:38 PM,888de8e3-f293-4564-bc6a-9c1214f5064b,yellow,
TAG_APPLIED,345996,11/30/2022 1:55:39 PM,888de8e3-f293-4564-bc6a-9c1214f5064b,Mike_4 Root,yellow,
BAG_CLOSED,347416,11/30/2022 1:55:41 PM,888de8e3-f293-4564-bc6a-9c1214f5064b,"(4.4, 0.4, -4.4)",
TELEPORT,347416,11/30/2022 1:55:41 PM,888de8e3-f293-4564-bc6a-9c1214f5064b,"(4.6, 0.0, -3.9)",
PULSE_TAKEN,348535,11/30/2022 1:55:42 PM,888de8e3-f293-4564-bc6a-9c1214f5064b,pulse_normal,Mike_4 Root,
VOICE_CAPTURE,349789,11/30/2022 1:55:43 PM,888de8e3-f293-4564-bc6a-9c1214f5064b,i mean he's pretty tacky that's my concern but he's going yellow at this point,NA,
VOICE_CAPTURE,353864,11/30/2022 1:55:47 PM,888de8e3-f293-4564-bc6a-9c1214f5064b,can you put this arm out for me put your left arm out for me,NA,
VOICE_CAPTURE,356037,11/30/2022 1:55:49 PM,888de8e3-f293-4564-bc6a-9c1214f5064b,can you extend your left arm,NA,
VOICE_CAPTURE,360817,11/30/2022 1:55:54 PM,888de8e3-f293-4564-bc6a-9c1214f5064b,extend your left arm,NA,
TELEPORT,361287,11/30/2022 1:55:54 PM,888de8e3-f293-4564-bc6a-9c1214f5064b,"(4.6, 0.0, -3.9)",
VOICE_CAPTURE,363004,11/30/2022 1:55:56 PM,888de8e3-f293-4564-bc6a-9c1214f5064b,OK,NA,
TELEPORT,363122,11/30/2022 1:55:56 PM,888de8e3-f293-4564-bc6a-9c1214f5064b,"(4.6, 0.0, -3.9)",
PATIENT_ENGAGED,364074,11/30/2022 1:55:57 PM,888de8e3-f293-4564-bc6a-9c1214f5064b,100,Infinity,Bob_10 Root,"(1.7, 0.0, -3.1)","(0.0, 0.6, 0.0, 0.8)",MINIMAL,walker,normal,normal,normal,calm,standing,
VOICE_CAPTURE,370856,11/30/2022 1:56:04 PM,888de8e3-f293-4564-bc6a-9c1214f5064b,hey sir can can you have a seat over here for me,NA,
TELEPORT,374014,11/30/2022 1:56:07 PM,888de8e3-f293-4564-bc6a-9c1214f5064b,"(2.9, 0.0, -3.0)",
VOICE_CAPTURE,374687,11/30/2022 1:56:08 PM,888de8e3-f293-4564-bc6a-9c1214f5064b,OK,NA,
VOICE_CAPTURE,378405,11/30/2022 1:56:12 PM,888de8e3-f293-4564-bc6a-9c1214f5064b,so i need to get back to her,NA,
PATIENT_ENGAGED,383370,11/30/2022 1:56:16 PM,888de8e3-f293-4564-bc6a-9c1214f5064b,100,Infinity,Gloria_8 Root,"(2.7, 0.0, 8.1)","(0.0, 1.0, 0.0, 0.0)",MINIMAL,still,normal,normal,limited,calm,standing,
TELEPORT,384089,11/30/2022 1:56:17 PM,888de8e3-f293-4564-bc6a-9c1214f5064b,"(3.0, 0.0, 6.1)",
VOICE_CAPTURE,386143,11/30/2022 1:56:19 PM,888de8e3-f293-4564-bc6a-9c1214f5064b,ma'am are you able to walk can can you have a seat over here for me,NA,
VOICE_COMMAND,386143,11/30/2022 1:56:19 PM,888de8e3-f293-4564-bc6a-9c1214f5064b,walk to the safe area,ma'am are you able to walk can can you have a seat over here for me,
S_A_L_T_WALK_IF_CAN,386144,11/30/2022 1:56:19 PM,888de8e3-f293-4564-bc6a-9c1214f5064b,"(0.2, 0.0, 7.7)",walkIfCan,Helga_0 Root,
S_A_L_T_WALK_IF_CAN,386144,11/30/2022 1:56:19 PM,888de8e3-f293-4564-bc6a-9c1214f5064b,"(1.2, 0.0, 3.9)",walkIfCan,Lily_1 Root,
S_A_L_T_WALK_IF_CAN,386144,11/30/2022 1:56:19 PM,888de8e3-f293-4564-bc6a-9c1214f5064b,"(0.7, 0.0, 0.6)",walkIfCan,Gloria_2 Root,
S_A_L_T_WALK_IF_CAN,386144,11/30/2022 1:56:19 PM,888de8e3-f293-4564-bc6a-9c1214f5064b,"(-1.3, 0.0, 4.2)",walkIfCan,Mike_3 Root,
S_A_L_T_WALK_IF_CAN,386144,11/30/2022 1:56:19 PM,888de8e3-f293-4564-bc6a-9c1214f5064b,"(4.6, 0.0, -5.0)",walkIfCan,Mike_4 Root,
S_A_L_T_WALKED,386144,11/30/2022 1:56:19 PM,888de8e3-f293-4564-bc6a-9c1214f5064b,"(4.6, 0.0, -5.0)",walked,Mike_4 Root,
S_A_L_T_WALK_IF_CAN,386145,11/30/2022 1:56:19 PM,888de8e3-f293-4564-bc6a-9c1214f5064b,"(4.7, 0.0, -2.7)",walkIfCan,Gary_5 Root,
S_A_L_T_WALKED,386145,11/30/2022 1:56:19 PM,888de8e3-f293-4564-bc6a-9c1214f5064b,"(4.7, 0.0, -2.7)",walked,Gary_5 Root,
S_A_L_T_WALK_IF_CAN,386145,11/30/2022 1:56:19 PM,888de8e3-f293-4564-bc6a-9c1214f5064b,"(2.7, 0.0, 8.1)",walkIfCan,Gloria_8 Root,
S_A_L_T_WALK_IF_CAN,386145,11/30/2022 1:56:19 PM,888de8e3-f293-4564-bc6a-9c1214f5064b,"(3.5, 0.0, 1.1)",walkIfCan,Mike_9 Root,
S_A_L_T_WALK_IF_CAN,386145,11/30/2022 1:56:19 PM,888de8e3-f293-4564-bc6a-9c1214f5064b,"(1.7, 0.0, -3.2)",walkIfCan,Bob_10 Root,
S_A_L_T_WALKED,386145,11/30/2022 1:56:19 PM,888de8e3-f293-4564-bc6a-9c1214f5064b,"(1.7, 0.0, -3.2)",walked,Bob_10 Root,
TELEPORT,387164,11/30/2022 1:56:20 PM,888de8e3-f293-4564-bc6a-9c1214f5064b,"(3.7, 0.0, 12.7)",
VOICE_CAPTURE,388555,11/30/2022 1:56:22 PM,888de8e3-f293-4564-bc6a-9c1214f5064b,oh boy,NA,
TELEPORT,389635,11/30/2022 1:56:23 PM,888de8e3-f293-4564-bc6a-9c1214f5064b,"(3.1, 0.0, 8.8)",
PULSE_TAKEN,395767,11/30/2022 1:56:29 PM,888de8e3-f293-4564-bc6a-9c1214f5064b,pulse_normal,Gloria_8 Root,
VOICE_CAPTURE,397776,11/30/2022 1:56:31 PM,888de8e3-f293-4564-bc6a-9c1214f5064b,can can is anything hurting,NA,
VOICE_COMMAND,397776,11/30/2022 1:56:31 PM,888de8e3-f293-4564-bc6a-9c1214f5064b,are you hurt,can can is anything hurting,
VOICE_CAPTURE,400397,11/30/2022 1:56:34 PM,888de8e3-f293-4564-bc6a-9c1214f5064b,is anything hurting i'm checking your pulse OK,NA,
VOICE_COMMAND,400397,11/30/2022 1:56:34 PM,888de8e3-f293-4564-bc6a-9c1214f5064b,are you hurt,is anything hurting i'm checking your pulse OK,
VOICE_CAPTURE,407639,11/30/2022 1:56:41 PM,888de8e3-f293-4564-bc6a-9c1214f5064b,OK with the explosion that could be normal are you breathing OK,NA,
TELEPORT,415838,11/30/2022 1:56:49 PM,888de8e3-f293-4564-bc6a-9c1214f5064b,"(3.1, 0.0, 8.7)",
VOICE_CAPTURE,416952,11/30/2022 1:56:50 PM,888de8e3-f293-4564-bc6a-9c1214f5064b,looks semi normal so she will she walk with me or anything,NA,
VOICE_COMMAND,416952,11/30/2022 1:56:50 PM,888de8e3-f293-4564-bc6a-9c1214f5064b,walk to the safe area,looks semi normal so she will she walk with me or anything,
S_A_L_T_WALK_IF_CAN,416953,11/30/2022 1:56:50 PM,888de8e3-f293-4564-bc6a-9c1214f5064b,"(0.2, 0.0, 7.7)",walkIfCan,Helga_0 Root,
S_A_L_T_WALK_IF_CAN,416953,11/30/2022 1:56:50 PM,888de8e3-f293-4564-bc6a-9c1214f5064b,"(1.2, 0.0, 3.9)",walkIfCan,Lily_1 Root,
S_A_L_T_WALK_IF_CAN,416953,11/30/2022 1:56:50 PM,888de8e3-f293-4564-bc6a-9c1214f5064b,"(0.7, 0.0, 0.6)",walkIfCan,Gloria_2 Root,
S_A_L_T_WALK_IF_CAN,416953,11/30/2022 1:56:50 PM,888de8e3-f293-4564-bc6a-9c1214f5064b,"(-1.3, 0.0, 4.2)",walkIfCan,Mike_3 Root,
S_A_L_T_WALK_IF_CAN,416953,11/30/2022 1:56:50 PM,888de8e3-f293-4564-bc6a-9c1214f5064b,"(4.8, 0.0, -5.0)",walkIfCan,Mike_4 Root,
S_A_L_T_WALKED,416953,11/30/2022 1:56:50 PM,888de8e3-f293-4564-bc6a-9c1214f5064b,"(4.8, 0.0, -5.0)",walked,Mike_4 Root,
S_A_L_T_WALK_IF_CAN,416953,11/30/2022 1:56:50 PM,888de8e3-f293-4564-bc6a-9c1214f5064b,"(4.9, 0.0, -2.7)",walkIfCan,Gary_5 Root,
S_A_L_T_WALKED,416953,11/30/2022 1:56:50 PM,888de8e3-f293-4564-bc6a-9c1214f5064b,"(4.9, 0.0, -2.7)",walked,Gary_5 Root,
S_A_L_T_WALK_IF_CAN,416953,11/30/2022 1:56:50 PM,888de8e3-f293-4564-bc6a-9c1214f5064b,"(2.7, 0.0, 8.2)",walkIfCan,Gloria_8 Root,
S_A_L_T_WALK_IF_CAN,416954,11/30/2022 1:56:50 PM,888de8e3-f293-4564-bc6a-9c1214f5064b,"(3.5, 0.0, 1.1)",walkIfCan,Mike_9 Root,
S_A_L_T_WALK_IF_CAN,416954,11/30/2022 1:56:50 PM,888de8e3-f293-4564-bc6a-9c1214f5064b,"(1.7, 0.0, -3.2)",walkIfCan,Bob_10 Root,
S_A_L_T_WALKED,416954,11/30/2022 1:56:50 PM,888de8e3-f293-4564-bc6a-9c1214f5064b,"(1.7, 0.0, -3.2)",walked,Bob_10 Root,
TELEPORT,418740,11/30/2022 1:56:52 PM,888de8e3-f293-4564-bc6a-9c1214f5064b,"(1.2, 0.0, 9.7)",
VOICE_CAPTURE,419458,11/30/2022 1:56:53 PM,888de8e3-f293-4564-bc6a-9c1214f5064b,alright,NA,
TELEPORT,422220,11/30/2022 1:56:55 PM,888de8e3-f293-4564-bc6a-9c1214f5064b,"(1.6, 0.0, 17.7)",
TELEPORT,423591,11/30/2022 1:56:57 PM,888de8e3-f293-4564-bc6a-9c1214f5064b,"(1.9, 0.0, 10.4)",
VOICE_CAPTURE,424336,11/30/2022 1:56:57 PM,888de8e3-f293-4564-bc6a-9c1214f5064b,OK,NA,
TELEPORT,424971,11/30/2022 1:56:58 PM,888de8e3-f293-4564-bc6a-9c1214f5064b,"(4.2, 0.0, 5.5)",
VOICE_CAPTURE,426092,11/30/2022 1:56:59 PM,888de8e3-f293-4564-bc6a-9c1214f5064b,OK,NA,
PATIENT_ENGAGED,427925,11/30/2022 1:57:01 PM,888de8e3-f293-4564-bc6a-9c1214f5064b,100,Infinity,Lily_1 Root,"(1.2, 0.0, 3.9)","(0.0, 0.1, 0.0, 1.0)",DELAYED,waver,normal,normal,normal,calm,fetal,
VOICE_CAPTURE,427988,11/30/2022 1:57:01 PM,888de8e3-f293-4564-bc6a-9c1214f5064b,i think i've,NA,
TELEPORT,429449,11/30/2022 1:57:03 PM,888de8e3-f293-4564-bc6a-9c1214f5064b,"(2.9, 0.0, 3.5)",
TELEPORT,433141,11/30/2022 1:57:06 PM,888de8e3-f293-4564-bc6a-9c1214f5064b,"(3.2, 0.0, -0.8)",
PATIENT_ENGAGED,434594,11/30/2022 1:57:08 PM,888de8e3-f293-4564-bc6a-9c1214f5064b,100,Infinity,Bob_10 Root,"(1.7, 0.0, -3.2)","(0.0, 0.1, 0.0, 1.0)",MINIMAL,walker,normal,normal,normal,calm,standing,
VOICE_CAPTURE,435814,11/30/2022 1:57:09 PM,888de8e3-f293-4564-bc6a-9c1214f5064b,alright i think we've triaged everybody i believe,NA,
VOICE_CAPTURE,437050,11/30/2022 1:57:10 PM,888de8e3-f293-4564-bc6a-9c1214f5064b,oh,NA,
PULSE_TAKEN,437685,11/30/2022 1:57:11 PM,888de8e3-f293-4564-bc6a-9c1214f5064b,pulse_normal,Bob_10 Root,
VOICE_CAPTURE,440558,11/30/2022 1:57:14 PM,888de8e3-f293-4564-bc6a-9c1214f5064b,he hasn't got anything i'm gonna check your pulse sir,NA,
TELEPORT,441376,11/30/2022 1:57:14 PM,888de8e3-f293-4564-bc6a-9c1214f5064b,"(2.8, 0.0, -2.6)",
BAG_ACCESS,443331,11/30/2022 1:57:16 PM,888de8e3-f293-4564-bc6a-9c1214f5064b,"(1.5, 0.5, -2.7)",
TAG_SELECTED,444067,11/30/2022 1:57:17 PM,888de8e3-f293-4564-bc6a-9c1214f5064b,green,
TAG_APPLIED,445187,11/30/2022 1:57:18 PM,888de8e3-f293-4564-bc6a-9c1214f5064b,Bob_10 Root,green,
BAG_CLOSED,446941,11/30/2022 1:57:20 PM,888de8e3-f293-4564-bc6a-9c1214f5064b,"(1.5, 0.5, -2.7)",
TELEPORT,446941,11/30/2022 1:57:20 PM,888de8e3-f293-4564-bc6a-9c1214f5064b,"(2.8, 0.0, -2.6)",
PATIENT_ENGAGED,448429,11/30/2022 1:57:22 PM,888de8e3-f293-4564-bc6a-9c1214f5064b,100,0,Gary_5 Root,"(4.7, 0.0, -2.7)","(0.0, 0.5, 0.0, -0.8)",MINIMAL,walker,normal,restricted,normal,upset,sittingGround,
TELEPORT,452036,11/30/2022 1:57:25 PM,888de8e3-f293-4564-bc6a-9c1214f5064b,"(4.2, 0.0, -2.7)",
TELEPORT,453874,11/30/2022 1:57:27 PM,888de8e3-f293-4564-bc6a-9c1214f5064b,"(4.4, 0.0, -2.7)",
PULSE_TAKEN,454358,11/30/2022 1:57:27 PM,888de8e3-f293-4564-bc6a-9c1214f5064b,pulse_normal,Gary_5 Root,
VOICE_CAPTURE,454526,11/30/2022 1:57:28 PM,888de8e3-f293-4564-bc6a-9c1214f5064b,does it hurt to breathe,NA,
VOICE_COMMAND,454526,11/30/2022 1:57:28 PM,888de8e3-f293-4564-bc6a-9c1214f5064b,are you hurt,does it hurt to breathe,
PULSE_TAKEN,454543,11/30/2022 1:57:28 PM,888de8e3-f293-4564-bc6a-9c1214f5064b,pulse_normal,Gary_5 Root,
PULSE_TAKEN,459070,11/30/2022 1:57:32 PM,888de8e3-f293-4564-bc6a-9c1214f5064b,pulse_normal,Gary_5 Root,
PULSE_TAKEN,459538,11/30/2022 1:57:33 PM,888de8e3-f293-4564-bc6a-9c1214f5064b,pulse_normal,Gary_5 Root,
PULSE_TAKEN,459605,11/30/2022 1:57:33 PM,888de8e3-f293-4564-bc6a-9c1214f5064b,pulse_normal,Gary_5 Root,
VOICE_CAPTURE,464399,11/30/2022 1:57:38 PM,888de8e3-f293-4564-bc6a-9c1214f5064b,alright and we can't open shirts or any,NA,
BAG_ACCESS,467525,11/30/2022 1:57:41 PM,888de8e3-f293-4564-bc6a-9c1214f5064b,"(4.2, 0.4, -2.6)",
VOICE_CAPTURE,468577,11/30/2022 1:57:42 PM,888de8e3-f293-4564-bc6a-9c1214f5064b,OK,NA,
TAG_SELECTED,469314,11/30/2022 1:57:42 PM,888de8e3-f293-4564-bc6a-9c1214f5064b,yellow,
TAG_APPLIED,470264,11/30/2022 1:57:43 PM,888de8e3-f293-4564-bc6a-9c1214f5064b,Gary_5 Root,yellow,
VOICE_CAPTURE,470865,11/30/2022 1:57:44 PM,888de8e3-f293-4564-bc6a-9c1214f5064b,OK,NA,
VOICE_CAPTURE,474632,11/30/2022 1:57:48 PM,888de8e3-f293-4564-bc6a-9c1214f5064b,with his breathing issues on go delayed,NA,
BAG_CLOSED,475011,11/30/2022 1:57:48 PM,888de8e3-f293-4564-bc6a-9c1214f5064b,"(4.2, 0.4, -2.6)",
TELEPORT,475011,11/30/2022 1:57:48 PM,888de8e3-f293-4564-bc6a-9c1214f5064b,"(4.4, 0.0, -2.8)",
TELEPORT,477172,11/30/2022 1:57:50 PM,888de8e3-f293-4564-bc6a-9c1214f5064b,"(3.5, 0.0, 5.6)",
PATIENT_ENGAGED,478017,11/30/2022 1:57:51 PM,888de8e3-f293-4564-bc6a-9c1214f5064b,100,Infinity,Gloria_8 Root,"(2.6, 0.0, 8.2)","(0.0, -1.0, 0.0, -0.1)",MINIMAL,still,normal,normal,limited,calm,standing,
VOICE_CAPTURE,478271,11/30/2022 1:57:51 PM,888de8e3-f293-4564-bc6a-9c1214f5064b,alright did i put anything on her,NA,
VOICE_CAPTURE,480371,11/30/2022 1:57:53 PM,888de8e3-f293-4564-bc6a-9c1214f5064b,course i didn't,NA,
BAG_ACCESS,480840,11/30/2022 1:57:54 PM,888de8e3-f293-4564-bc6a-9c1214f5064b,"(2.7, 0.4, 7.4)",
TAG_SELECTED,481859,11/30/2022 1:57:55 PM,888de8e3-f293-4564-bc6a-9c1214f5064b,green,
TAG_APPLIED,483347,11/30/2022 1:57:56 PM,888de8e3-f293-4564-bc6a-9c1214f5064b,Gloria_8 Root,green,
BAG_CLOSED,487178,11/30/2022 1:58:00 PM,888de8e3-f293-4564-bc6a-9c1214f5064b,"(2.7, 0.4, 7.4)",
VOICE_CAPTURE,488160,11/30/2022 1:58:01 PM,888de8e3-f293-4564-bc6a-9c1214f5064b,alright,NA,
TELEPORT,490380,11/30/2022 1:58:04 PM,888de8e3-f293-4564-bc6a-9c1214f5064b,"(2.6, 0.0, 4.7)",
TELEPORT,493449,11/30/2022 1:58:07 PM,888de8e3-f293-4564-bc6a-9c1214f5064b,"(2.3, 0.0, 4.8)",
TELEPORT,494023,11/30/2022 1:58:07 PM,888de8e3-f293-4564-bc6a-9c1214f5064b,"(2.3, 0.0, 4.8)",
TELEPORT,494873,11/30/2022 1:58:08 PM,888de8e3-f293-4564-bc6a-9c1214f5064b,"(2.2, 0.0, 4.6)",
TELEPORT,496778,11/30/2022 1:58:10 PM,888de8e3-f293-4564-bc6a-9c1214f5064b,"(2.2, 0.0, 4.7)",
TELEPORT,498675,11/30/2022 1:58:12 PM,888de8e3-f293-4564-bc6a-9c1214f5064b,"(2.0, 0.0, 3.8)",
VOICE_CAPTURE,499462,11/30/2022 1:58:13 PM,888de8e3-f293-4564-bc6a-9c1214f5064b,alright i think everybody is now triaged i think i'm,NA,
VOICE_CAPTURE,505756,11/30/2022 1:58:19 PM,888de8e3-f293-4564-bc6a-9c1214f5064b,yeah she's got one on yeah,NA,
SESSION_END,510812,11/30/2022 1:58:24 PM,888de8e3-f293-4564-bc6a-9c1214f5064b,
VOICE_CAPTURE,511811,11/30/2022 1:58:25 PM,888de8e3-f293-4564-bc6a-9c1214f5064b,i funked that up to start with because i didn't holler at anybody to move or anything so,NA,
VOICE_CAPTURE,513182,11/30/2022 1:58:26 PM,888de8e3-f293-4564-bc6a-9c1214f5064b,i think we're good at this,NA,
