VOICE_CAPTURE,9855,12/1/2022 7:51:22 AM,8ce3ee3f-10d2-4d71-b19c-d9499c0f2f97,oh OK oh animal vibrate whoa that's pretty nifty huh,NA,
TELEPORT,12360,12/1/2022 7:51:24 AM,8ce3ee3f-10d2-4d71-b19c-d9499c0f2f97,"(1.9, 0.0, 1.2)",
PATIENT_ENGAGED,14636,12/1/2022 7:51:26 AM,8ce3ee3f-10d2-4d71-b19c-d9499c0f2f97,100,128,Mike Root,"(3.1, 0.0, -1.1)","(0.0, 0.2, 0.0, -1.0)",MINIMAL,walker,normal,normal,normal,calm,standing,
TELEPORT,21550,12/1/2022 7:51:33 AM,8ce3ee3f-10d2-4d71-b19c-d9499c0f2f97,"(2.2, 0.0, 0.2)",
TELEPORT,24190,12/1/2022 7:51:36 AM,8ce3ee3f-10d2-4d71-b19c-d9499c0f2f97,"(2.5, 0.0, 0.0)",
VOICE_CAPTURE,24706,12/1/2022 7:51:36 AM,8ce3ee3f-10d2-4d71-b19c-d9499c0f2f97,OK gotcha yeah,NA,
TELEPORT,25811,12/1/2022 7:51:38 AM,8ce3ee3f-10d2-4d71-b19c-d9499c0f2f97,"(2.5, 0.0, 0.0)",
TELEPORT,29184,12/1/2022 7:51:41 AM,8ce3ee3f-10d2-4d71-b19c-d9499c0f2f97,"(2.8, 0.0, -0.4)",
TELEPORT,29519,12/1/2022 7:51:41 AM,8ce3ee3f-10d2-4d71-b19c-d9499c0f2f97,"(2.8, 0.0, -0.4)",
TELEPORT,34215,12/1/2022 7:51:46 AM,8ce3ee3f-10d2-4d71-b19c-d9499c0f2f97,"(0.4, 0.0, -4.9)",
VOICE_CAPTURE,36637,12/1/2022 7:51:48 AM,8ce3ee3f-10d2-4d71-b19c-d9499c0f2f97,yep oh yeah oh that's like teleport yeah,NA,
VOICE_CAPTURE,38925,12/1/2022 7:51:51 AM,8ce3ee3f-10d2-4d71-b19c-d9499c0f2f97,OK,NA,
TELEPORT,44495,12/1/2022 7:51:56 AM,8ce3ee3f-10d2-4d71-b19c-d9499c0f2f97,"(3.2, 0.0, -0.4)",
TELEPORT,46276,12/1/2022 7:51:58 AM,8ce3ee3f-10d2-4d71-b19c-d9499c0f2f97,"(2.8, 0.0, -0.4)",
VOICE_CAPTURE,48415,12/1/2022 7:52:00 AM,8ce3ee3f-10d2-4d71-b19c-d9499c0f2f97,teleport to the backside of the patient you're gonna be looking,NA,
TELEPORT,49217,12/1/2022 7:52:01 AM,8ce3ee3f-10d2-4d71-b19c-d9499c0f2f97,"(2.9, 0.0, -0.6)",
VOICE_CAPTURE,51523,12/1/2022 7:52:03 AM,8ce3ee3f-10d2-4d71-b19c-d9499c0f2f97,oh yeah,NA,
VOICE_CAPTURE,53611,12/1/2022 7:52:05 AM,8ce3ee3f-10d2-4d71-b19c-d9499c0f2f97,gotcha,NA,
TELEPORT,55565,12/1/2022 7:52:07 AM,8ce3ee3f-10d2-4d71-b19c-d9499c0f2f97,"(3.1, 0.0, -0.4)",
VOICE_CAPTURE,56851,12/1/2022 7:52:09 AM,8ce3ee3f-10d2-4d71-b19c-d9499c0f2f97,gotcha,NA,
VOICE_CAPTURE,64370,12/1/2022 7:52:16 AM,8ce3ee3f-10d2-4d71-b19c-d9499c0f2f97,that's that's nuts yeah,NA,
VOICE_CAPTURE,70101,12/1/2022 7:52:22 AM,8ce3ee3f-10d2-4d71-b19c-d9499c0f2f97,whoa it's yes speech recognition,NA,
VOICE_CAPTURE,77853,12/1/2022 7:52:30 AM,8ce3ee3f-10d2-4d71-b19c-d9499c0f2f97,yep,NA,
VOICE_CAPTURE,82764,12/1/2022 7:52:35 AM,8ce3ee3f-10d2-4d71-b19c-d9499c0f2f97,OK,NA,
VOICE_CAPTURE,87642,12/1/2022 7:52:39 AM,8ce3ee3f-10d2-4d71-b19c-d9499c0f2f97,OK,NA,
TELEPORT,88478,12/1/2022 7:52:40 AM,8ce3ee3f-10d2-4d71-b19c-d9499c0f2f97,"(3.1, 0.0, 0.0)",
VOICE_CAPTURE,91769,12/1/2022 7:52:44 AM,8ce3ee3f-10d2-4d71-b19c-d9499c0f2f97,yeah i think so yeah,NA,
TELEPORT,95814,12/1/2022 7:52:48 AM,8ce3ee3f-10d2-4d71-b19c-d9499c0f2f97,"(3.2, 0.0, -0.1)",
TELEPORT,96449,12/1/2022 7:52:48 AM,8ce3ee3f-10d2-4d71-b19c-d9499c0f2f97,"(3.1, 0.0, -0.3)",
VOICE_CAPTURE,96767,12/1/2022 7:52:49 AM,8ce3ee3f-10d2-4d71-b19c-d9499c0f2f97,OK,NA,
VOICE_CAPTURE,104977,12/1/2022 7:52:57 AM,8ce3ee3f-10d2-4d71-b19c-d9499c0f2f97,OK,NA,
VOICE_CAPTURE,110391,12/1/2022 7:53:02 AM,8ce3ee3f-10d2-4d71-b19c-d9499c0f2f97,OK,NA,
VOICE_CAPTURE,115252,12/1/2022 7:53:07 AM,8ce3ee3f-10d2-4d71-b19c-d9499c0f2f97,yeah yeah yeah yeah,NA,
VOICE_CAPTURE,118692,12/1/2022 7:53:10 AM,8ce3ee3f-10d2-4d71-b19c-d9499c0f2f97,if you put the wrong,NA,
VOICE_CAPTURE,127132,12/1/2022 7:53:19 AM,8ce3ee3f-10d2-4d71-b19c-d9499c0f2f97,gotcha OK,NA,
PATIENT_DEMOTED,130070,12/1/2022 7:53:22 AM,8ce3ee3f-10d2-4d71-b19c-d9499c0f2f97,100,Infinity,Mike_0 Root,"(2.6, 0.0, -0.6)","(0.0, 0.7, 0.0, -0.7)",DELAYED,walker,normal,normal,normal,upset,sittingGround,
PATIENT_DEMOTED,130699,12/1/2022 7:53:22 AM,8ce3ee3f-10d2-4d71-b19c-d9499c0f2f97,100,Infinity,Mike_1 Root,"(2.7, 0.0, 0.1)","(0.0, 0.7, 0.0, -0.7)",IMMEDIATE,waver,normal,normal,normal,upset,recovery,
PATIENT_DEMOTED,131365,12/1/2022 7:53:23 AM,8ce3ee3f-10d2-4d71-b19c-d9499c0f2f97,100,Infinity,Mike_2 Root,"(2.6, 0.0, 2.4)","(0.0, 0.7, 0.0, -0.7)",IMMEDIATE,walker,fast,normal,normal,upset,sittingGround,
PATIENT_DEMOTED,132025,12/1/2022 7:53:24 AM,8ce3ee3f-10d2-4d71-b19c-d9499c0f2f97,100,128,Mike_3 Root,"(3.0, 0.0, 4.3)","(0.0, 0.7, 0.0, -0.7)",IMMEDIATE,still,faint,collapsedRight,normal,unresponsive,supine,
SESSION_START,134718,12/1/2022 7:53:26 AM,8ce3ee3f-10d2-4d71-b19c-d9499c0f2f97,
PATIENT_RECORD,134719,12/1/2022 7:53:26 AM,8ce3ee3f-10d2-4d71-b19c-d9499c0f2f97,100,Infinity,Mike_0 Root,"(2.6, 0.0, -1.4)","(0.0, 0.7, 0.0, -0.7)",DELAYED,walker,normal,normal,normal,upset,sittingGround,
INJURY_RECORD,134719,12/1/2022 7:53:26 AM,8ce3ee3f-10d2-4d71-b19c-d9499c0f2f97,R Forearm Laceration,Mike_0 Root,gauzePressure,low,rightArm,False,False,"(2.7, 1.4, -0.9)",
PATIENT_RECORD,134719,12/1/2022 7:53:26 AM,8ce3ee3f-10d2-4d71-b19c-d9499c0f2f97,100,Infinity,Mike_1 Root,"(2.9, 0.0, 0.1)","(0.0, 0.7, 0.0, -0.7)",IMMEDIATE,waver,normal,normal,normal,upset,recovery,
INJURY_RECORD,134719,12/1/2022 7:53:26 AM,8ce3ee3f-10d2-4d71-b19c-d9499c0f2f97,L Thigh Laceration,Mike_1 Root,tourniquet,medium,leftLeg,False,False,"(2.8, 0.7, -0.1)",
PATIENT_RECORD,134719,12/1/2022 7:53:26 AM,8ce3ee3f-10d2-4d71-b19c-d9499c0f2f97,100,Infinity,Mike_2 Root,"(3.1, 0.0, 2.2)","(0.0, 0.7, 0.0, -0.7)",IMMEDIATE,walker,fast,normal,normal,upset,sittingGround,
INJURY_RECORD,134719,12/1/2022 7:53:26 AM,8ce3ee3f-10d2-4d71-b19c-d9499c0f2f97,L Shoulder Puncture,Mike_2 Root,woundpack,medium,chest,False,False,"(3.1, 1.5, 2.1)",
PATIENT_RECORD,134719,12/1/2022 7:53:26 AM,8ce3ee3f-10d2-4d71-b19c-d9499c0f2f97,100,128,Mike_3 Root,"(3.2, 0.0, 4.3)","(0.0, 0.7, 0.0, -0.7)",IMMEDIATE,still,faint,collapsedRight,normal,unresponsive,supine,
INJURY_RECORD,134719,12/1/2022 7:53:26 AM,8ce3ee3f-10d2-4d71-b19c-d9499c0f2f97,R Chest Collapse,Mike_3 Root,decompress,high,chest,False,False,"(0.0, 0.0, 0.0)",
VOICE_CAPTURE,135764,12/1/2022 7:53:28 AM,8ce3ee3f-10d2-4d71-b19c-d9499c0f2f97,guys guys looking at me too,NA,
TELEPORT,136751,12/1/2022 7:53:29 AM,8ce3ee3f-10d2-4d71-b19c-d9499c0f2f97,"(0.8, 0.0, -3.4)",
VOICE_CAPTURE,137561,12/1/2022 7:53:29 AM,8ce3ee3f-10d2-4d71-b19c-d9499c0f2f97,ah,NA,
TELEPORT,139761,12/1/2022 7:53:32 AM,8ce3ee3f-10d2-4d71-b19c-d9499c0f2f97,"(0.8, 0.0, -3.4)",
VOICE_CAPTURE,141966,12/1/2022 7:53:34 AM,8ce3ee3f-10d2-4d71-b19c-d9499c0f2f97,OK,NA,
PATIENT_ENGAGED,142133,12/1/2022 7:53:34 AM,8ce3ee3f-10d2-4d71-b19c-d9499c0f2f97,100,Infinity,Mike_0 Root,"(2.6, 0.0, -1.4)","(0.0, 0.7, 0.0, -0.7)",DELAYED,walker,normal,normal,normal,upset,sittingGround,
VOICE_CAPTURE,146361,12/1/2022 7:53:38 AM,8ce3ee3f-10d2-4d71-b19c-d9499c0f2f97,OK so,NA,
PULSE_TAKEN,148383,12/1/2022 7:53:40 AM,8ce3ee3f-10d2-4d71-b19c-d9499c0f2f97,pulse_normal,Mike_0 Root,
PULSE_TAKEN,151807,12/1/2022 7:53:44 AM,8ce3ee3f-10d2-4d71-b19c-d9499c0f2f97,pulse_normal,Mike_0 Root,
PULSE_TAKEN,154497,12/1/2022 7:53:46 AM,8ce3ee3f-10d2-4d71-b19c-d9499c0f2f97,pulse_normal,Mike_0 Root,
VOICE_CAPTURE,156451,12/1/2022 7:53:48 AM,8ce3ee3f-10d2-4d71-b19c-d9499c0f2f97,OK let me see your arm and then it's like oh yeah well yeah so but i can't,NA,
VOICE_COMMAND,156452,12/1/2022 7:53:48 AM,8ce3ee3f-10d2-4d71-b19c-d9499c0f2f97,reveal injury,OK let me see your arm and then it's like oh yeah well yeah so but i can't,
PULSE_TAKEN,157220,12/1/2022 7:53:49 AM,8ce3ee3f-10d2-4d71-b19c-d9499c0f2f97,pulse_normal,Mike_0 Root,
PULSE_TAKEN,158440,12/1/2022 7:53:50 AM,8ce3ee3f-10d2-4d71-b19c-d9499c0f2f97,pulse_normal,Mike_0 Root,
VOICE_CAPTURE,163402,12/1/2022 7:53:55 AM,8ce3ee3f-10d2-4d71-b19c-d9499c0f2f97,OK i can't like grab on to him correct OK OK yep,NA,
VOICE_CAPTURE,168649,12/1/2022 7:54:00 AM,8ce3ee3f-10d2-4d71-b19c-d9499c0f2f97,select your right hip hip oh yeah,NA,
BAG_ACCESS,171881,12/1/2022 7:54:04 AM,8ce3ee3f-10d2-4d71-b19c-d9499c0f2f97,"(1.8, 0.7, -1.6)",
VOICE_CAPTURE,174553,12/1/2022 7:54:06 AM,8ce3ee3f-10d2-4d71-b19c-d9499c0f2f97,oh like put it right here and then,NA,
VOICE_CAPTURE,183976,12/1/2022 7:54:16 AM,8ce3ee3f-10d2-4d71-b19c-d9499c0f2f97,yeah so,NA,
TOOL_HOVER,186199,12/1/2022 7:54:18 AM,8ce3ee3f-10d2-4d71-b19c-d9499c0f2f97,Tourniquet,999,
TOOL_HOVER,186216,12/1/2022 7:54:18 AM,8ce3ee3f-10d2-4d71-b19c-d9499c0f2f97,Tourniquet,999,
TOOL_HOVER,186232,12/1/2022 7:54:18 AM,8ce3ee3f-10d2-4d71-b19c-d9499c0f2f97,Tourniquet,999,
TOOL_HOVER,186249,12/1/2022 7:54:18 AM,8ce3ee3f-10d2-4d71-b19c-d9499c0f2f97,Tourniquet,999,
TOOL_HOVER,186265,12/1/2022 7:54:18 AM,8ce3ee3f-10d2-4d71-b19c-d9499c0f2f97,Tourniquet,999,
TOOL_HOVER,186283,12/1/2022 7:54:18 AM,8ce3ee3f-10d2-4d71-b19c-d9499c0f2f97,Tourniquet,999,
TOOL_HOVER,186299,12/1/2022 7:54:18 AM,8ce3ee3f-10d2-4d71-b19c-d9499c0f2f97,Tourniquet,999,
TOOL_HOVER,186317,12/1/2022 7:54:18 AM,8ce3ee3f-10d2-4d71-b19c-d9499c0f2f97,Tourniquet,999,
TOOL_HOVER,186332,12/1/2022 7:54:18 AM,8ce3ee3f-10d2-4d71-b19c-d9499c0f2f97,Tourniquet,999,
TOOL_HOVER,186349,12/1/2022 7:54:18 AM,8ce3ee3f-10d2-4d71-b19c-d9499c0f2f97,Tourniquet,999,
TOOL_HOVER,186365,12/1/2022 7:54:18 AM,8ce3ee3f-10d2-4d71-b19c-d9499c0f2f97,Tourniquet,999,
TOOL_HOVER,186384,12/1/2022 7:54:18 AM,8ce3ee3f-10d2-4d71-b19c-d9499c0f2f97,Tourniquet,999,
TOOL_HOVER,186399,12/1/2022 7:54:18 AM,8ce3ee3f-10d2-4d71-b19c-d9499c0f2f97,Tourniquet,999,
TOOL_HOVER,186420,12/1/2022 7:54:18 AM,8ce3ee3f-10d2-4d71-b19c-d9499c0f2f97,Tourniquet,999,
TOOL_HOVER,186432,12/1/2022 7:54:18 AM,8ce3ee3f-10d2-4d71-b19c-d9499c0f2f97,Tourniquet,999,
TOOL_HOVER,186450,12/1/2022 7:54:18 AM,8ce3ee3f-10d2-4d71-b19c-d9499c0f2f97,Tourniquet,999,
TOOL_SELECTED,186454,12/1/2022 7:54:18 AM,8ce3ee3f-10d2-4d71-b19c-d9499c0f2f97,Tourniquet,998,
TOOL_APPLIED,191548,12/1/2022 7:54:23 AM,8ce3ee3f-10d2-4d71-b19c-d9499c0f2f97,Mike_0 Root,Tourniquet,RightArm (UnityEngine.GameObject),tor_ring (1) (UnityEngine.GameObject),tourniquet(Clone) (UnityEngine.GameObject),AppliedTourniquet,
VOICE_CAPTURE,192480,12/1/2022 7:54:24 AM,8ce3ee3f-10d2-4d71-b19c-d9499c0f2f97,oh yep,NA,
PULSE_TAKEN,194769,12/1/2022 7:54:27 AM,8ce3ee3f-10d2-4d71-b19c-d9499c0f2f97,pulse_normal,Mike_0 Root,
VOICE_CAPTURE,198110,12/1/2022 7:54:30 AM,8ce3ee3f-10d2-4d71-b19c-d9499c0f2f97,red yep oh just goes away,NA,
VOICE_CAPTURE,205211,12/1/2022 7:54:37 AM,8ce3ee3f-10d2-4d71-b19c-d9499c0f2f97,OK,NA,
TOOL_HOVER,207300,12/1/2022 7:54:39 AM,8ce3ee3f-10d2-4d71-b19c-d9499c0f2f97,Tourniquet,998,
TOOL_HOVER,207317,12/1/2022 7:54:39 AM,8ce3ee3f-10d2-4d71-b19c-d9499c0f2f97,Tourniquet,998,
TOOL_HOVER,207333,12/1/2022 7:54:39 AM,8ce3ee3f-10d2-4d71-b19c-d9499c0f2f97,Tourniquet,998,
TOOL_HOVER,207350,12/1/2022 7:54:39 AM,8ce3ee3f-10d2-4d71-b19c-d9499c0f2f97,Tourniquet,998,
TOOL_HOVER,207366,12/1/2022 7:54:39 AM,8ce3ee3f-10d2-4d71-b19c-d9499c0f2f97,Tourniquet,998,
TOOL_HOVER,207383,12/1/2022 7:54:39 AM,8ce3ee3f-10d2-4d71-b19c-d9499c0f2f97,Tourniquet,998,
TOOL_HOVER,207400,12/1/2022 7:54:39 AM,8ce3ee3f-10d2-4d71-b19c-d9499c0f2f97,Tourniquet,998,
TOOL_HOVER,207416,12/1/2022 7:54:39 AM,8ce3ee3f-10d2-4d71-b19c-d9499c0f2f97,Tourniquet,998,
TOOL_HOVER,207433,12/1/2022 7:54:39 AM,8ce3ee3f-10d2-4d71-b19c-d9499c0f2f97,Tourniquet,998,
TOOL_SELECTED,207434,12/1/2022 7:54:39 AM,8ce3ee3f-10d2-4d71-b19c-d9499c0f2f97,Tourniquet,997,
VOICE_CAPTURE,208402,12/1/2022 7:54:40 AM,8ce3ee3f-10d2-4d71-b19c-d9499c0f2f97,yeah,NA,
TOOL_DISCARDED,212329,12/1/2022 7:54:44 AM,8ce3ee3f-10d2-4d71-b19c-d9499c0f2f97,Tourniquet,997,"(2.5, 0.4, -2.1)",
VOICE_CAPTURE,212562,12/1/2022 7:54:44 AM,8ce3ee3f-10d2-4d71-b19c-d9499c0f2f97,yeah look at that,NA,
TOOL_HOVER,213297,12/1/2022 7:54:45 AM,8ce3ee3f-10d2-4d71-b19c-d9499c0f2f97,Needle,999,
TOOL_HOVER,213315,12/1/2022 7:54:45 AM,8ce3ee3f-10d2-4d71-b19c-d9499c0f2f97,Needle,999,
TOOL_HOVER,213330,12/1/2022 7:54:45 AM,8ce3ee3f-10d2-4d71-b19c-d9499c0f2f97,Needle,999,
TOOL_HOVER,213348,12/1/2022 7:54:45 AM,8ce3ee3f-10d2-4d71-b19c-d9499c0f2f97,Needle,999,
TOOL_HOVER,213364,12/1/2022 7:54:45 AM,8ce3ee3f-10d2-4d71-b19c-d9499c0f2f97,Needle,999,
TOOL_HOVER,213381,12/1/2022 7:54:45 AM,8ce3ee3f-10d2-4d71-b19c-d9499c0f2f97,Needle,999,
TOOL_HOVER,214300,12/1/2022 7:54:46 AM,8ce3ee3f-10d2-4d71-b19c-d9499c0f2f97,Tourniquet,998,
TOOL_HOVER,214316,12/1/2022 7:54:46 AM,8ce3ee3f-10d2-4d71-b19c-d9499c0f2f97,Tourniquet,998,
TOOL_HOVER,214333,12/1/2022 7:54:46 AM,8ce3ee3f-10d2-4d71-b19c-d9499c0f2f97,Tourniquet,998,
TOOL_HOVER,214350,12/1/2022 7:54:46 AM,8ce3ee3f-10d2-4d71-b19c-d9499c0f2f97,Tourniquet,998,
TOOL_HOVER,214367,12/1/2022 7:54:46 AM,8ce3ee3f-10d2-4d71-b19c-d9499c0f2f97,Tourniquet,998,
TOOL_HOVER,214384,12/1/2022 7:54:46 AM,8ce3ee3f-10d2-4d71-b19c-d9499c0f2f97,Tourniquet,998,
TOOL_HOVER,214402,12/1/2022 7:54:46 AM,8ce3ee3f-10d2-4d71-b19c-d9499c0f2f97,Needle,999,
TOOL_HOVER,214417,12/1/2022 7:54:46 AM,8ce3ee3f-10d2-4d71-b19c-d9499c0f2f97,Needle,999,
TOOL_HOVER,214434,12/1/2022 7:54:46 AM,8ce3ee3f-10d2-4d71-b19c-d9499c0f2f97,Needle,999,
TOOL_HOVER,214450,12/1/2022 7:54:46 AM,8ce3ee3f-10d2-4d71-b19c-d9499c0f2f97,Needle,999,
TOOL_HOVER,214469,12/1/2022 7:54:46 AM,8ce3ee3f-10d2-4d71-b19c-d9499c0f2f97,Needle,999,
TOOL_HOVER,214483,12/1/2022 7:54:46 AM,8ce3ee3f-10d2-4d71-b19c-d9499c0f2f97,Needle,999,
TOOL_HOVER,214502,12/1/2022 7:54:46 AM,8ce3ee3f-10d2-4d71-b19c-d9499c0f2f97,Needle,999,
TOOL_HOVER,214518,12/1/2022 7:54:46 AM,8ce3ee3f-10d2-4d71-b19c-d9499c0f2f97,Needle,999,
TOOL_HOVER,214534,12/1/2022 7:54:46 AM,8ce3ee3f-10d2-4d71-b19c-d9499c0f2f97,Needle,999,
TOOL_HOVER,214552,12/1/2022 7:54:46 AM,8ce3ee3f-10d2-4d71-b19c-d9499c0f2f97,Needle,999,
TOOL_SELECTED,214553,12/1/2022 7:54:46 AM,8ce3ee3f-10d2-4d71-b19c-d9499c0f2f97,Needle,998,
VOICE_CAPTURE,215452,12/1/2022 7:54:47 AM,8ce3ee3f-10d2-4d71-b19c-d9499c0f2f97,OK,NA,
VOICE_CAPTURE,216371,12/1/2022 7:54:48 AM,8ce3ee3f-10d2-4d71-b19c-d9499c0f2f97,yeah,NA,
TOOL_APPLIED,216627,12/1/2022 7:54:48 AM,8ce3ee3f-10d2-4d71-b19c-d9499c0f2f97,Needle_Decomp(Clone),Needle,LChest_Breathe1 (UnityEngine.GameObject),cath_needle (UnityEngine.GameObject),left_chest,Needle_Decomp(Clone) (UnityEngine.GameObject),AppliedDecompNeedle,
VOICE_CAPTURE,218293,12/1/2022 7:54:50 AM,8ce3ee3f-10d2-4d71-b19c-d9499c0f2f97,come here buddy,NA,
VOICE_COMMAND,218293,12/1/2022 7:54:50 AM,8ce3ee3f-10d2-4d71-b19c-d9499c0f2f97,walk to player,come here buddy,
PULSE_TAKEN,223423,12/1/2022 7:54:55 AM,8ce3ee3f-10d2-4d71-b19c-d9499c0f2f97,pulse_normal,Mike_0 Root,
VOICE_CAPTURE,224925,12/1/2022 7:54:57 AM,8ce3ee3f-10d2-4d71-b19c-d9499c0f2f97,gotcha,NA,
TOOL_HOVER,227599,12/1/2022 7:54:59 AM,8ce3ee3f-10d2-4d71-b19c-d9499c0f2f97,Hemostatic Gauze,999,
TOOL_HOVER,227616,12/1/2022 7:54:59 AM,8ce3ee3f-10d2-4d71-b19c-d9499c0f2f97,Hemostatic Gauze,999,
TOOL_HOVER,227634,12/1/2022 7:54:59 AM,8ce3ee3f-10d2-4d71-b19c-d9499c0f2f97,Hemostatic Gauze,999,
TOOL_HOVER,227648,12/1/2022 7:54:59 AM,8ce3ee3f-10d2-4d71-b19c-d9499c0f2f97,Hemostatic Gauze,999,
TOOL_HOVER,227665,12/1/2022 7:54:59 AM,8ce3ee3f-10d2-4d71-b19c-d9499c0f2f97,Hemostatic Gauze,999,
TOOL_HOVER,227682,12/1/2022 7:54:59 AM,8ce3ee3f-10d2-4d71-b19c-d9499c0f2f97,Hemostatic Gauze,999,
TOOL_HOVER,227699,12/1/2022 7:54:59 AM,8ce3ee3f-10d2-4d71-b19c-d9499c0f2f97,Hemostatic Gauze,999,
TOOL_HOVER,227719,12/1/2022 7:54:59 AM,8ce3ee3f-10d2-4d71-b19c-d9499c0f2f97,Hemostatic Gauze,999,
TOOL_HOVER,227733,12/1/2022 7:54:59 AM,8ce3ee3f-10d2-4d71-b19c-d9499c0f2f97,Hemostatic Gauze,999,
TOOL_HOVER,227750,12/1/2022 7:54:59 AM,8ce3ee3f-10d2-4d71-b19c-d9499c0f2f97,Hemostatic Gauze,999,
TOOL_SELECTED,227751,12/1/2022 7:55:00 AM,8ce3ee3f-10d2-4d71-b19c-d9499c0f2f97,Hemostatic Gauze,998,
VOICE_CAPTURE,230171,12/1/2022 7:55:02 AM,8ce3ee3f-10d2-4d71-b19c-d9499c0f2f97,yeah,NA,
TOOL_DISCARDED,234366,12/1/2022 7:55:06 AM,8ce3ee3f-10d2-4d71-b19c-d9499c0f2f97,Hemostatic Gauze,998,"(2.2, 0.3, -2.3)",
TOOL_APPLIED,234367,12/1/2022 7:55:06 AM,8ce3ee3f-10d2-4d71-b19c-d9499c0f2f97,Mike_0 Root,Gauze_Pack,skinCollider_BodyCollideLOD (UnityEngine.GameObject),null,null,AppliedPackingGauze,
TOOL_HOVER,234399,12/1/2022 7:55:06 AM,8ce3ee3f-10d2-4d71-b19c-d9499c0f2f97,Hemostatic Gauze,999,
TOOL_HOVER,234415,12/1/2022 7:55:06 AM,8ce3ee3f-10d2-4d71-b19c-d9499c0f2f97,Hemostatic Gauze,999,
TOOL_HOVER,234432,12/1/2022 7:55:06 AM,8ce3ee3f-10d2-4d71-b19c-d9499c0f2f97,Hemostatic Gauze,999,
TOOL_HOVER,234449,12/1/2022 7:55:06 AM,8ce3ee3f-10d2-4d71-b19c-d9499c0f2f97,Hemostatic Gauze,999,
TOOL_HOVER,234465,12/1/2022 7:55:06 AM,8ce3ee3f-10d2-4d71-b19c-d9499c0f2f97,Hemostatic Gauze,999,
TOOL_HOVER,234483,12/1/2022 7:55:06 AM,8ce3ee3f-10d2-4d71-b19c-d9499c0f2f97,Hemostatic Gauze,999,
VOICE_CAPTURE,236169,12/1/2022 7:55:08 AM,8ce3ee3f-10d2-4d71-b19c-d9499c0f2f97,OK do i have to does it automatically OK,NA,
VOICE_CAPTURE,239043,12/1/2022 7:55:11 AM,8ce3ee3f-10d2-4d71-b19c-d9499c0f2f97,OK,NA,
PULSE_TAKEN,247930,12/1/2022 7:55:20 AM,8ce3ee3f-10d2-4d71-b19c-d9499c0f2f97,pulse_normal,Mike_0 Root,
VOICE_CAPTURE,249919,12/1/2022 7:55:22 AM,8ce3ee3f-10d2-4d71-b19c-d9499c0f2f97,you like oh yeah yeah OK yeah,NA,
TOOL_HOVER,257688,12/1/2022 7:55:29 AM,8ce3ee3f-10d2-4d71-b19c-d9499c0f2f97,Gauze,999,
TOOL_HOVER,257705,12/1/2022 7:55:29 AM,8ce3ee3f-10d2-4d71-b19c-d9499c0f2f97,Gauze,999,
TOOL_HOVER,257721,12/1/2022 7:55:29 AM,8ce3ee3f-10d2-4d71-b19c-d9499c0f2f97,Gauze,999,
TOOL_HOVER,257738,12/1/2022 7:55:29 AM,8ce3ee3f-10d2-4d71-b19c-d9499c0f2f97,Gauze,999,
TOOL_HOVER,257755,12/1/2022 7:55:30 AM,8ce3ee3f-10d2-4d71-b19c-d9499c0f2f97,Gauze,999,
TOOL_HOVER,257772,12/1/2022 7:55:30 AM,8ce3ee3f-10d2-4d71-b19c-d9499c0f2f97,Gauze,999,
TOOL_HOVER,257789,12/1/2022 7:55:30 AM,8ce3ee3f-10d2-4d71-b19c-d9499c0f2f97,Gauze,999,
TOOL_HOVER,257805,12/1/2022 7:55:30 AM,8ce3ee3f-10d2-4d71-b19c-d9499c0f2f97,Gauze,999,
TOOL_HOVER,257822,12/1/2022 7:55:30 AM,8ce3ee3f-10d2-4d71-b19c-d9499c0f2f97,Gauze,999,
TOOL_HOVER,257839,12/1/2022 7:55:30 AM,8ce3ee3f-10d2-4d71-b19c-d9499c0f2f97,Gauze,999,
TOOL_SELECTED,257840,12/1/2022 7:55:30 AM,8ce3ee3f-10d2-4d71-b19c-d9499c0f2f97,Gauze,998,
VOICE_CAPTURE,259660,12/1/2022 7:55:31 AM,8ce3ee3f-10d2-4d71-b19c-d9499c0f2f97,OK,NA,
TOOL_DISCARDED,261481,12/1/2022 7:55:33 AM,8ce3ee3f-10d2-4d71-b19c-d9499c0f2f97,Gauze,998,"(2.8, 0.4, -1.4)",
INJURY_TREATED,261482,12/1/2022 7:55:33 AM,8ce3ee3f-10d2-4d71-b19c-d9499c0f2f97,R Forearm Laceration,Mike_0 Root,gauzePressure,low,rightArm,True,False,"(2.8, 0.4, -1.4)",
TOOL_APPLIED,261483,12/1/2022 7:55:33 AM,8ce3ee3f-10d2-4d71-b19c-d9499c0f2f97,Mike_0 Root,Gauze_Dressing,skinCollider_BodyCollideLOD (UnityEngine.GameObject),null,null,AppliedDressingGauze,
VOICE_CAPTURE,262450,12/1/2022 7:55:34 AM,8ce3ee3f-10d2-4d71-b19c-d9499c0f2f97,how do i,NA,
VOICE_CAPTURE,265573,12/1/2022 7:55:37 AM,8ce3ee3f-10d2-4d71-b19c-d9499c0f2f97,oh OK just drop it yep,NA,
TAG_SELECTED,269100,12/1/2022 7:55:41 AM,8ce3ee3f-10d2-4d71-b19c-d9499c0f2f97,yellow,
TAG_APPLIED,271075,12/1/2022 7:55:43 AM,8ce3ee3f-10d2-4d71-b19c-d9499c0f2f97,Mike_0 Root,yellow,
VOICE_CAPTURE,271421,12/1/2022 7:55:43 AM,8ce3ee3f-10d2-4d71-b19c-d9499c0f2f97,oh OK,NA,
PULSE_TAKEN,271622,12/1/2022 7:55:43 AM,8ce3ee3f-10d2-4d71-b19c-d9499c0f2f97,pulse_normal,Mike_0 Root,
PULSE_TAKEN,272792,12/1/2022 7:55:45 AM,8ce3ee3f-10d2-4d71-b19c-d9499c0f2f97,pulse_normal,Mike_0 Root,
VOICE_CAPTURE,274395,12/1/2022 7:55:46 AM,8ce3ee3f-10d2-4d71-b19c-d9499c0f2f97,are you buddy,NA,
VOICE_CAPTURE,276735,12/1/2022 7:55:48 AM,8ce3ee3f-10d2-4d71-b19c-d9499c0f2f97,test yep cool,NA,
PULSE_TAKEN,281779,12/1/2022 7:55:54 AM,8ce3ee3f-10d2-4d71-b19c-d9499c0f2f97,pulse_normal,Mike_0 Root,
VOICE_CAPTURE,282615,12/1/2022 7:55:54 AM,8ce3ee3f-10d2-4d71-b19c-d9499c0f2f97,OK,NA,
VOICE_CAPTURE,283734,12/1/2022 7:55:55 AM,8ce3ee3f-10d2-4d71-b19c-d9499c0f2f97,well,NA,
VOICE_CAPTURE,285489,12/1/2022 7:55:57 AM,8ce3ee3f-10d2-4d71-b19c-d9499c0f2f97,oh can't OK,NA,
BAG_CLOSED,287578,12/1/2022 7:55:59 AM,8ce3ee3f-10d2-4d71-b19c-d9499c0f2f97,"(1.8, 0.7, -1.6)",
TELEPORT,287578,12/1/2022 7:55:59 AM,8ce3ee3f-10d2-4d71-b19c-d9499c0f2f97,"(1.8, 0.0, -1.0)",
PATIENT_ENGAGED,288714,12/1/2022 7:56:00 AM,8ce3ee3f-10d2-4d71-b19c-d9499c0f2f97,100,Infinity,Mike_2 Root,"(3.1, 0.0, 2.2)","(0.0, 0.7, 0.0, -0.7)",IMMEDIATE,walker,fast,normal,normal,upset,sittingGround,
PATIENT_ENGAGED,288897,12/1/2022 7:56:01 AM,8ce3ee3f-10d2-4d71-b19c-d9499c0f2f97,100,Infinity,Mike_1 Root,"(2.9, 0.0, 0.1)","(0.0, 0.7, 0.0, -0.7)",IMMEDIATE,waver,normal,normal,normal,upset,recovery,
VOICE_CAPTURE,291020,12/1/2022 7:56:03 AM,8ce3ee3f-10d2-4d71-b19c-d9499c0f2f97,and then so if i get up i go over here,NA,
VOICE_COMMAND,291021,12/1/2022 7:56:03 AM,8ce3ee3f-10d2-4d71-b19c-d9499c0f2f97,stand up,and then so if i get up i go over here,
TELEPORT,291041,12/1/2022 7:56:03 AM,8ce3ee3f-10d2-4d71-b19c-d9499c0f2f97,"(1.6, 0.0, 1.5)",
PATIENT_ENGAGED,292939,12/1/2022 7:56:05 AM,8ce3ee3f-10d2-4d71-b19c-d9499c0f2f97,100,Infinity,Mike_0 Root,"(2.7, 0.0, -1.1)","(0.0, 0.5, 0.0, -0.9)",DELAYED,walker,normal,normal,normal,upset,standing,
VOICE_CAPTURE,294778,12/1/2022 7:56:07 AM,8ce3ee3f-10d2-4d71-b19c-d9499c0f2f97,OK OK it stays with me oh hey,NA,
BAG_ACCESS,295396,12/1/2022 7:56:07 AM,8ce3ee3f-10d2-4d71-b19c-d9499c0f2f97,"(1.6, 0.7, -0.9)",
TAG_SELECTED,295915,12/1/2022 7:56:08 AM,8ce3ee3f-10d2-4d71-b19c-d9499c0f2f97,green,
VOICE_CAPTURE,296048,12/1/2022 7:56:08 AM,8ce3ee3f-10d2-4d71-b19c-d9499c0f2f97,there you go buddy,NA,
TAG_APPLIED,297067,12/1/2022 7:56:09 AM,8ce3ee3f-10d2-4d71-b19c-d9499c0f2f97,Mike_0 Root,green,
TAG_SELECTED,297903,12/1/2022 7:56:10 AM,8ce3ee3f-10d2-4d71-b19c-d9499c0f2f97,red,
TAG_DISCARDED,298972,12/1/2022 7:56:11 AM,8ce3ee3f-10d2-4d71-b19c-d9499c0f2f97,red,"(1.9, 1.2, -1.1)",
BAG_CLOSED,299657,12/1/2022 7:56:11 AM,8ce3ee3f-10d2-4d71-b19c-d9499c0f2f97,"(1.6, 0.7, -0.9)",
TELEPORT,299657,12/1/2022 7:56:11 AM,8ce3ee3f-10d2-4d71-b19c-d9499c0f2f97,"(1.5, 0.0, -0.3)",
VOICE_CAPTURE,301458,12/1/2022 7:56:13 AM,8ce3ee3f-10d2-4d71-b19c-d9499c0f2f97,there you go good to go,NA,
BAG_ACCESS,302275,12/1/2022 7:56:14 AM,8ce3ee3f-10d2-4d71-b19c-d9499c0f2f97,"(2.0, 0.7, 0.2)",
TOOL_HOVER,302791,12/1/2022 7:56:15 AM,8ce3ee3f-10d2-4d71-b19c-d9499c0f2f97,Tourniquet,998,
TOOL_HOVER,302810,12/1/2022 7:56:15 AM,8ce3ee3f-10d2-4d71-b19c-d9499c0f2f97,Tourniquet,998,
TOOL_HOVER,302830,12/1/2022 7:56:15 AM,8ce3ee3f-10d2-4d71-b19c-d9499c0f2f97,Tourniquet,998,
TOOL_HOVER,302850,12/1/2022 7:56:15 AM,8ce3ee3f-10d2-4d71-b19c-d9499c0f2f97,Tourniquet,998,
TOOL_HOVER,302871,12/1/2022 7:56:15 AM,8ce3ee3f-10d2-4d71-b19c-d9499c0f2f97,Tourniquet,998,
TOOL_HOVER,302891,12/1/2022 7:56:15 AM,8ce3ee3f-10d2-4d71-b19c-d9499c0f2f97,Tourniquet,998,
TOOL_HOVER,302910,12/1/2022 7:56:15 AM,8ce3ee3f-10d2-4d71-b19c-d9499c0f2f97,Tourniquet,998,
TOOL_HOVER,302930,12/1/2022 7:56:15 AM,8ce3ee3f-10d2-4d71-b19c-d9499c0f2f97,Tourniquet,998,
TOOL_SELECTED,302931,12/1/2022 7:56:15 AM,8ce3ee3f-10d2-4d71-b19c-d9499c0f2f97,Tourniquet,997,
VOICE_CAPTURE,303338,12/1/2022 7:56:15 AM,8ce3ee3f-10d2-4d71-b19c-d9499c0f2f97,OK,NA,
PATIENT_ENGAGED,303901,12/1/2022 7:56:16 AM,8ce3ee3f-10d2-4d71-b19c-d9499c0f2f97,100,Infinity,Mike_1 Root,"(2.9, 0.0, 0.1)","(0.0, 0.7, 0.0, -0.7)",IMMEDIATE,waver,normal,normal,normal,upset,recovery,
INJURY_TREATED,304697,12/1/2022 7:56:16 AM,8ce3ee3f-10d2-4d71-b19c-d9499c0f2f97,L Thigh Laceration,Mike_1 Root,tourniquet,medium,leftLeg,True,False,"(2.8, 0.3, 0.4)",
TOOL_APPLIED,304697,12/1/2022 7:56:16 AM,8ce3ee3f-10d2-4d71-b19c-d9499c0f2f97,Mike_1 Root,Tourniquet,LeftUpLeg (UnityEngine.GameObject),tor_ring (1) (UnityEngine.GameObject),tourniquet(Clone) (UnityEngine.GameObject),AppliedTourniquet,
PULSE_TAKEN,305754,12/1/2022 7:56:18 AM,8ce3ee3f-10d2-4d71-b19c-d9499c0f2f97,pulse_normal,Mike_1 Root,
PULSE_TAKEN,306975,12/1/2022 7:56:19 AM,8ce3ee3f-10d2-4d71-b19c-d9499c0f2f97,pulse_normal,Mike_1 Root,
VOICE_CAPTURE,308093,12/1/2022 7:56:20 AM,8ce3ee3f-10d2-4d71-b19c-d9499c0f2f97,oh hello sir can you hear me,NA,
VOICE_COMMAND,308093,12/1/2022 7:56:20 AM,8ce3ee3f-10d2-4d71-b19c-d9499c0f2f97,can you hear,oh hello sir can you hear me,
PULSE_TAKEN,310748,12/1/2022 7:56:22 AM,8ce3ee3f-10d2-4d71-b19c-d9499c0f2f97,pulse_normal,Mike_1 Root,
PULSE_TAKEN,312151,12/1/2022 7:56:24 AM,8ce3ee3f-10d2-4d71-b19c-d9499c0f2f97,pulse_normal,Mike_1 Root,
VOICE_CAPTURE,312201,12/1/2022 7:56:24 AM,8ce3ee3f-10d2-4d71-b19c-d9499c0f2f97,yeah,NA,
PATIENT_ENGAGED,312704,12/1/2022 7:56:24 AM,8ce3ee3f-10d2-4d71-b19c-d9499c0f2f97,100,Infinity,Mike_0 Root,"(2.8, 0.0, -1.1)","(0.0, 0.5, 0.0, -0.9)",DELAYED,walker,normal,normal,normal,upset,standing,
TOOL_HOVER,313289,12/1/2022 7:56:25 AM,8ce3ee3f-10d2-4d71-b19c-d9499c0f2f97,Gauze,999,
TOOL_HOVER,313306,12/1/2022 7:56:25 AM,8ce3ee3f-10d2-4d71-b19c-d9499c0f2f97,Gauze,999,
TOOL_HOVER,313322,12/1/2022 7:56:25 AM,8ce3ee3f-10d2-4d71-b19c-d9499c0f2f97,Gauze,999,
TOOL_HOVER,313340,12/1/2022 7:56:25 AM,8ce3ee3f-10d2-4d71-b19c-d9499c0f2f97,Gauze,999,
TOOL_HOVER,313356,12/1/2022 7:56:25 AM,8ce3ee3f-10d2-4d71-b19c-d9499c0f2f97,Gauze,999,
TOOL_HOVER,313373,12/1/2022 7:56:25 AM,8ce3ee3f-10d2-4d71-b19c-d9499c0f2f97,Gauze,999,
TOOL_HOVER,313390,12/1/2022 7:56:25 AM,8ce3ee3f-10d2-4d71-b19c-d9499c0f2f97,Gauze,999,
TOOL_HOVER,313406,12/1/2022 7:56:25 AM,8ce3ee3f-10d2-4d71-b19c-d9499c0f2f97,Gauze,999,
TOOL_HOVER,313425,12/1/2022 7:56:25 AM,8ce3ee3f-10d2-4d71-b19c-d9499c0f2f97,Gauze,999,
TOOL_HOVER,313440,12/1/2022 7:56:25 AM,8ce3ee3f-10d2-4d71-b19c-d9499c0f2f97,Gauze,999,
TOOL_HOVER,313457,12/1/2022 7:56:25 AM,8ce3ee3f-10d2-4d71-b19c-d9499c0f2f97,Gauze,999,
TOOL_HOVER,313474,12/1/2022 7:56:25 AM,8ce3ee3f-10d2-4d71-b19c-d9499c0f2f97,Gauze,999,
TOOL_HOVER,313491,12/1/2022 7:56:25 AM,8ce3ee3f-10d2-4d71-b19c-d9499c0f2f97,Gauze,999,
TOOL_HOVER,313506,12/1/2022 7:56:25 AM,8ce3ee3f-10d2-4d71-b19c-d9499c0f2f97,Gauze,999,
TOOL_HOVER,313523,12/1/2022 7:56:25 AM,8ce3ee3f-10d2-4d71-b19c-d9499c0f2f97,Gauze,999,
TOOL_HOVER,313541,12/1/2022 7:56:25 AM,8ce3ee3f-10d2-4d71-b19c-d9499c0f2f97,Gauze,999,
TOOL_HOVER,313557,12/1/2022 7:56:25 AM,8ce3ee3f-10d2-4d71-b19c-d9499c0f2f97,Gauze,999,
TOOL_HOVER,313574,12/1/2022 7:56:25 AM,8ce3ee3f-10d2-4d71-b19c-d9499c0f2f97,Gauze,999,
TAG_SELECTED,314175,12/1/2022 7:56:26 AM,8ce3ee3f-10d2-4d71-b19c-d9499c0f2f97,red,
VOICE_CAPTURE,314661,12/1/2022 7:56:26 AM,8ce3ee3f-10d2-4d71-b19c-d9499c0f2f97,hello sir,NA,
TAG_APPLIED,315579,12/1/2022 7:56:27 AM,8ce3ee3f-10d2-4d71-b19c-d9499c0f2f97,Mike_1 Root,red,
BAG_CLOSED,316692,12/1/2022 7:56:28 AM,8ce3ee3f-10d2-4d71-b19c-d9499c0f2f97,"(2.0, 0.7, 0.2)",
TELEPORT,316692,12/1/2022 7:56:28 AM,8ce3ee3f-10d2-4d71-b19c-d9499c0f2f97,"(1.6, 0.0, 0.5)",
PATIENT_ENGAGED,318318,12/1/2022 7:56:30 AM,8ce3ee3f-10d2-4d71-b19c-d9499c0f2f97,100,Infinity,Mike_2 Root,"(3.1, 0.0, 2.2)","(0.0, 0.7, 0.0, -0.7)",IMMEDIATE,walker,fast,normal,normal,upset,sittingGround,
TELEPORT,318440,12/1/2022 7:56:30 AM,8ce3ee3f-10d2-4d71-b19c-d9499c0f2f97,"(1.6, 0.0, 1.5)",
VOICE_CAPTURE,318577,12/1/2022 7:56:30 AM,8ce3ee3f-10d2-4d71-b19c-d9499c0f2f97,OK,NA,
PULSE_TAKEN,320368,12/1/2022 7:56:32 AM,8ce3ee3f-10d2-4d71-b19c-d9499c0f2f97,pulse_fast,Mike_2 Root,
VOICE_CAPTURE,320620,12/1/2022 7:56:32 AM,8ce3ee3f-10d2-4d71-b19c-d9499c0f2f97,**** oh,NA,
BAG_ACCESS,326872,12/1/2022 7:56:39 AM,8ce3ee3f-10d2-4d71-b19c-d9499c0f2f97,"(3.1, 0.4, 1.7)",
VOICE_CAPTURE,331900,12/1/2022 7:56:44 AM,8ce3ee3f-10d2-4d71-b19c-d9499c0f2f97,i don't have any just like,NA,
TOOL_HOVER,332302,12/1/2022 7:56:44 AM,8ce3ee3f-10d2-4d71-b19c-d9499c0f2f97,Hemostatic Gauze,999,
TOOL_HOVER,332319,12/1/2022 7:56:44 AM,8ce3ee3f-10d2-4d71-b19c-d9499c0f2f97,Hemostatic Gauze,999,
TOOL_HOVER,332335,12/1/2022 7:56:44 AM,8ce3ee3f-10d2-4d71-b19c-d9499c0f2f97,Hemostatic Gauze,999,
TOOL_HOVER,332352,12/1/2022 7:56:44 AM,8ce3ee3f-10d2-4d71-b19c-d9499c0f2f97,Hemostatic Gauze,999,
TOOL_HOVER,332369,12/1/2022 7:56:44 AM,8ce3ee3f-10d2-4d71-b19c-d9499c0f2f97,Hemostatic Gauze,999,
TOOL_HOVER,332385,12/1/2022 7:56:44 AM,8ce3ee3f-10d2-4d71-b19c-d9499c0f2f97,Hemostatic Gauze,999,
TOOL_HOVER,332402,12/1/2022 7:56:44 AM,8ce3ee3f-10d2-4d71-b19c-d9499c0f2f97,Hemostatic Gauze,999,
TOOL_HOVER,332418,12/1/2022 7:56:44 AM,8ce3ee3f-10d2-4d71-b19c-d9499c0f2f97,Hemostatic Gauze,999,
TOOL_HOVER,332435,12/1/2022 7:56:44 AM,8ce3ee3f-10d2-4d71-b19c-d9499c0f2f97,Hemostatic Gauze,999,
TOOL_HOVER,332452,12/1/2022 7:56:44 AM,8ce3ee3f-10d2-4d71-b19c-d9499c0f2f97,Hemostatic Gauze,999,
TOOL_HOVER,332469,12/1/2022 7:56:44 AM,8ce3ee3f-10d2-4d71-b19c-d9499c0f2f97,Hemostatic Gauze,999,
TOOL_SELECTED,332470,12/1/2022 7:56:44 AM,8ce3ee3f-10d2-4d71-b19c-d9499c0f2f97,Hemostatic Gauze,998,
TOOL_DISCARDED,334813,12/1/2022 7:56:47 AM,8ce3ee3f-10d2-4d71-b19c-d9499c0f2f97,Hemostatic Gauze,998,"(3.4, 0.5, 2.4)",
INJURY_TREATED,334813,12/1/2022 7:56:47 AM,8ce3ee3f-10d2-4d71-b19c-d9499c0f2f97,L Shoulder Puncture,Mike_2 Root,woundpack,medium,chest,True,False,"(3.4, 0.4, 2.3)",
TOOL_APPLIED,334813,12/1/2022 7:56:47 AM,8ce3ee3f-10d2-4d71-b19c-d9499c0f2f97,Mike_2 Root,Gauze_Pack,skinCollider_BodyCollideLOD (UnityEngine.GameObject),null,null,AppliedPackingGauze,
VOICE_CAPTURE,336847,12/1/2022 7:56:49 AM,8ce3ee3f-10d2-4d71-b19c-d9499c0f2f97,yeah OK well i don't have any like,NA,
PULSE_TAKEN,339218,12/1/2022 7:56:51 AM,8ce3ee3f-10d2-4d71-b19c-d9499c0f2f97,pulse_fast,Mike_2 Root,
VOICE_CAPTURE,340739,12/1/2022 7:56:52 AM,8ce3ee3f-10d2-4d71-b19c-d9499c0f2f97,gotcha gotcha gotcha,NA,
PULSE_TAKEN,342093,12/1/2022 7:56:54 AM,8ce3ee3f-10d2-4d71-b19c-d9499c0f2f97,pulse_fast,Mike_2 Root,
PULSE_TAKEN,342627,12/1/2022 7:56:54 AM,8ce3ee3f-10d2-4d71-b19c-d9499c0f2f97,pulse_fast,Mike_2 Root,
TAG_SELECTED,344717,12/1/2022 7:56:56 AM,8ce3ee3f-10d2-4d71-b19c-d9499c0f2f97,red,
TAG_DISCARDED,346269,12/1/2022 7:56:58 AM,8ce3ee3f-10d2-4d71-b19c-d9499c0f2f97,red,"(3.3, 0.2, 1.9)",
VOICE_CAPTURE,352284,12/1/2022 7:57:04 AM,8ce3ee3f-10d2-4d71-b19c-d9499c0f2f97,so do they respond to me if i ask him questions,NA,
TAG_SELECTED,355024,12/1/2022 7:57:07 AM,8ce3ee3f-10d2-4d71-b19c-d9499c0f2f97,red,
TAG_DISCARDED,357097,12/1/2022 7:57:09 AM,8ce3ee3f-10d2-4d71-b19c-d9499c0f2f97,red,"(3.3, 0.3, 1.9)",
PULSE_TAKEN,360137,12/1/2022 7:57:12 AM,8ce3ee3f-10d2-4d71-b19c-d9499c0f2f97,pulse_fast,Mike_2 Root,
VOICE_CAPTURE,361255,12/1/2022 7:57:13 AM,8ce3ee3f-10d2-4d71-b19c-d9499c0f2f97,OK sir can you get up and walk,NA,
VOICE_COMMAND,361255,12/1/2022 7:57:13 AM,8ce3ee3f-10d2-4d71-b19c-d9499c0f2f97,walk to the safe area,OK sir can you get up and walk,
VOICE_COMMAND,361255,12/1/2022 7:57:13 AM,8ce3ee3f-10d2-4d71-b19c-d9499c0f2f97,stand up,OK sir can you get up and walk,
PULSE_TAKEN,362634,12/1/2022 7:57:14 AM,8ce3ee3f-10d2-4d71-b19c-d9499c0f2f97,pulse_fast,Mike_2 Root,
PULSE_TAKEN,362735,12/1/2022 7:57:14 AM,8ce3ee3f-10d2-4d71-b19c-d9499c0f2f97,pulse_fast,Mike_2 Root,
PULSE_TAKEN,362835,12/1/2022 7:57:15 AM,8ce3ee3f-10d2-4d71-b19c-d9499c0f2f97,pulse_fast,Mike_2 Root,
PULSE_TAKEN,362934,12/1/2022 7:57:15 AM,8ce3ee3f-10d2-4d71-b19c-d9499c0f2f97,pulse_fast,Mike_2 Root,
PULSE_TAKEN,363035,12/1/2022 7:57:15 AM,8ce3ee3f-10d2-4d71-b19c-d9499c0f2f97,pulse_fast,Mike_2 Root,
PULSE_TAKEN,363152,12/1/2022 7:57:15 AM,8ce3ee3f-10d2-4d71-b19c-d9499c0f2f97,pulse_fast,Mike_2 Root,
PULSE_TAKEN,363269,12/1/2022 7:57:15 AM,8ce3ee3f-10d2-4d71-b19c-d9499c0f2f97,pulse_fast,Mike_2 Root,
PULSE_TAKEN,363403,12/1/2022 7:57:15 AM,8ce3ee3f-10d2-4d71-b19c-d9499c0f2f97,pulse_fast,Mike_2 Root,
BAG_CLOSED,363988,12/1/2022 7:57:16 AM,8ce3ee3f-10d2-4d71-b19c-d9499c0f2f97,"(3.1, 0.4, 1.7)",
TELEPORT,363988,12/1/2022 7:57:16 AM,8ce3ee3f-10d2-4d71-b19c-d9499c0f2f97,"(2.3, 0.0, 1.7)",
VOICE_CAPTURE,365474,12/1/2022 7:57:17 AM,8ce3ee3f-10d2-4d71-b19c-d9499c0f2f97,oh cool,NA,
TELEPORT,366678,12/1/2022 7:57:18 AM,8ce3ee3f-10d2-4d71-b19c-d9499c0f2f97,"(1.5, 0.0, 3.7)",
PULSE_TAKEN,368231,12/1/2022 7:57:20 AM,8ce3ee3f-10d2-4d71-b19c-d9499c0f2f97,pulse_fast,Mike_2 Root,
PULSE_TAKEN,368499,12/1/2022 7:57:20 AM,8ce3ee3f-10d2-4d71-b19c-d9499c0f2f97,pulse_fast,Mike_2 Root,
PULSE_TAKEN,368749,12/1/2022 7:57:20 AM,8ce3ee3f-10d2-4d71-b19c-d9499c0f2f97,pulse_fast,Mike_2 Root,
BAG_ACCESS,370607,12/1/2022 7:57:22 AM,8ce3ee3f-10d2-4d71-b19c-d9499c0f2f97,"(1.8, 0.7, 2.3)",
TAG_SELECTED,371256,12/1/2022 7:57:23 AM,8ce3ee3f-10d2-4d71-b19c-d9499c0f2f97,yellow,
TAG_DISCARDED,372475,12/1/2022 7:57:24 AM,8ce3ee3f-10d2-4d71-b19c-d9499c0f2f97,yellow,"(2.3, 1.3, 2.1)",
VOICE_CAPTURE,375182,12/1/2022 7:57:27 AM,8ce3ee3f-10d2-4d71-b19c-d9499c0f2f97,there you go buddy somewhere,NA,
TAG_SELECTED,375299,12/1/2022 7:57:27 AM,8ce3ee3f-10d2-4d71-b19c-d9499c0f2f97,yellow,
VOICE_CAPTURE,376650,12/1/2022 7:57:28 AM,8ce3ee3f-10d2-4d71-b19c-d9499c0f2f97,i don't know if you got,NA,
TAG_APPLIED,376651,12/1/2022 7:57:28 AM,8ce3ee3f-10d2-4d71-b19c-d9499c0f2f97,Mike_2 Root,yellow,
BAG_CLOSED,377923,12/1/2022 7:57:30 AM,8ce3ee3f-10d2-4d71-b19c-d9499c0f2f97,"(1.8, 0.7, 2.3)",
TELEPORT,377923,12/1/2022 7:57:30 AM,8ce3ee3f-10d2-4d71-b19c-d9499c0f2f97,"(1.4, 0.0, 2.6)",
TELEPORT,381020,12/1/2022 7:57:33 AM,8ce3ee3f-10d2-4d71-b19c-d9499c0f2f97,"(1.5, 0.0, 4.5)",
TELEPORT,382239,12/1/2022 7:57:34 AM,8ce3ee3f-10d2-4d71-b19c-d9499c0f2f97,"(2.1, 0.0, 5.2)",
VOICE_CAPTURE,384212,12/1/2022 7:57:36 AM,8ce3ee3f-10d2-4d71-b19c-d9499c0f2f97,see you buddy oh,NA,
VOICE_CAPTURE,388338,12/1/2022 7:57:40 AM,8ce3ee3f-10d2-4d71-b19c-d9499c0f2f97,oh,NA,
TELEPORT,389240,12/1/2022 7:57:41 AM,8ce3ee3f-10d2-4d71-b19c-d9499c0f2f97,"(2.8, 0.0, 5.8)",
PATIENT_ENGAGED,389274,12/1/2022 7:57:41 AM,8ce3ee3f-10d2-4d71-b19c-d9499c0f2f97,100,128,Mike_3 Root,"(3.2, 0.0, 4.3)","(0.0, 0.7, 0.0, -0.7)",IMMEDIATE,still,faint,collapsedRight,normal,unresponsive,supine,
TELEPORT,389841,12/1/2022 7:57:42 AM,8ce3ee3f-10d2-4d71-b19c-d9499c0f2f97,"(2.8, 0.0, 5.8)",
PULSE_TAKEN,391537,12/1/2022 7:57:43 AM,8ce3ee3f-10d2-4d71-b19c-d9499c0f2f97,pulse_faint,Mike_3 Root,
PULSE_TAKEN,393057,12/1/2022 7:57:45 AM,8ce3ee3f-10d2-4d71-b19c-d9499c0f2f97,pulse_faint,Mike_3 Root,
VOICE_CAPTURE,395865,12/1/2022 7:57:48 AM,8ce3ee3f-10d2-4d71-b19c-d9499c0f2f97,sir can you hear me,NA,
VOICE_COMMAND,395865,12/1/2022 7:57:48 AM,8ce3ee3f-10d2-4d71-b19c-d9499c0f2f97,can you hear,sir can you hear me,
BAG_ACCESS,398925,12/1/2022 7:57:51 AM,8ce3ee3f-10d2-4d71-b19c-d9499c0f2f97,"(3.3, 0.4, 5.1)",
VOICE_CAPTURE,399824,12/1/2022 7:57:52 AM,8ce3ee3f-10d2-4d71-b19c-d9499c0f2f97,do i have a respirations,NA,
VOICE_CAPTURE,409064,12/1/2022 7:58:01 AM,8ce3ee3f-10d2-4d71-b19c-d9499c0f2f97,very OK yeah i mean i see chest rise and fall too there we go yeah,NA,
TAG_SELECTED,410387,12/1/2022 7:58:02 AM,8ce3ee3f-10d2-4d71-b19c-d9499c0f2f97,red,
TAG_APPLIED,411803,12/1/2022 7:58:04 AM,8ce3ee3f-10d2-4d71-b19c-d9499c0f2f97,Mike_3 Root,red,
VOICE_CAPTURE,415563,12/1/2022 7:58:07 AM,8ce3ee3f-10d2-4d71-b19c-d9499c0f2f97,OK snoring respirations OK and then,NA,
TOOL_HOVER,420692,12/1/2022 7:58:12 AM,8ce3ee3f-10d2-4d71-b19c-d9499c0f2f97,Needle,998,
TOOL_HOVER,420709,12/1/2022 7:58:12 AM,8ce3ee3f-10d2-4d71-b19c-d9499c0f2f97,Needle,998,
TOOL_HOVER,420725,12/1/2022 7:58:12 AM,8ce3ee3f-10d2-4d71-b19c-d9499c0f2f97,Needle,998,
TOOL_HOVER,420742,12/1/2022 7:58:12 AM,8ce3ee3f-10d2-4d71-b19c-d9499c0f2f97,Needle,998,
TOOL_HOVER,420760,12/1/2022 7:58:13 AM,8ce3ee3f-10d2-4d71-b19c-d9499c0f2f97,Needle,998,
TOOL_HOVER,420775,12/1/2022 7:58:13 AM,8ce3ee3f-10d2-4d71-b19c-d9499c0f2f97,Needle,998,
TOOL_HOVER,420792,12/1/2022 7:58:13 AM,8ce3ee3f-10d2-4d71-b19c-d9499c0f2f97,Needle,998,
TOOL_HOVER,420810,12/1/2022 7:58:13 AM,8ce3ee3f-10d2-4d71-b19c-d9499c0f2f97,Needle,998,
TOOL_HOVER,420826,12/1/2022 7:58:13 AM,8ce3ee3f-10d2-4d71-b19c-d9499c0f2f97,Needle,998,
TOOL_HOVER,420843,12/1/2022 7:58:13 AM,8ce3ee3f-10d2-4d71-b19c-d9499c0f2f97,Needle,998,
TOOL_SELECTED,420843,12/1/2022 7:58:13 AM,8ce3ee3f-10d2-4d71-b19c-d9499c0f2f97,Needle,997,
VOICE_CAPTURE,423130,12/1/2022 7:58:15 AM,8ce3ee3f-10d2-4d71-b19c-d9499c0f2f97,how did that happen how does ******* come out,NA,
INJURY_TREATED,425488,12/1/2022 7:58:17 AM,8ce3ee3f-10d2-4d71-b19c-d9499c0f2f97,R Chest Collapse,Mike_3 Root,decompress,high,chest,True,False,"(0.0, 0.0, 0.0)",
TOOL_APPLIED,425488,12/1/2022 7:58:17 AM,8ce3ee3f-10d2-4d71-b19c-d9499c0f2f97,Needle_Decomp(Clone),Needle,LChest_Breathe1 (UnityEngine.GameObject),cath_needle (UnityEngine.GameObject),left_chest,Needle_Decomp(Clone) (UnityEngine.GameObject),AppliedDecompNeedle,
VOICE_CAPTURE,431249,12/1/2022 7:58:23 AM,8ce3ee3f-10d2-4d71-b19c-d9499c0f2f97,yeah and you know you can,NA,
PULSE_TAKEN,432320,12/1/2022 7:58:24 AM,8ce3ee3f-10d2-4d71-b19c-d9499c0f2f97,pulse_faint,Mike_3 Root,
VOICE_CAPTURE,434849,12/1/2022 7:58:27 AM,8ce3ee3f-10d2-4d71-b19c-d9499c0f2f97,it's the ground,NA,
PULSE_TAKEN,443159,12/1/2022 7:58:35 AM,8ce3ee3f-10d2-4d71-b19c-d9499c0f2f97,pulse_faint,Mike_3 Root,
VOICE_CAPTURE,443176,12/1/2022 7:58:35 AM,8ce3ee3f-10d2-4d71-b19c-d9499c0f2f97,oh yeah,NA,
VOICE_CAPTURE,450588,12/1/2022 7:58:42 AM,8ce3ee3f-10d2-4d71-b19c-d9499c0f2f97,oh just no one's done it so i'm glad i'm the,NA,
BAG_CLOSED,454249,12/1/2022 7:58:46 AM,8ce3ee3f-10d2-4d71-b19c-d9499c0f2f97,"(3.3, 0.4, 5.1)",
TELEPORT,454984,12/1/2022 7:58:47 AM,8ce3ee3f-10d2-4d71-b19c-d9499c0f2f97,"(2.8, 0.0, 5.8)",
VOICE_CAPTURE,456821,12/1/2022 7:58:49 AM,8ce3ee3f-10d2-4d71-b19c-d9499c0f2f97,OK and so yeah,NA,
VOICE_CAPTURE,461333,12/1/2022 7:58:53 AM,8ce3ee3f-10d2-4d71-b19c-d9499c0f2f97,do i have to no no i think i'm,NA,
VOICE_CAPTURE,470854,12/1/2022 7:59:03 AM,8ce3ee3f-10d2-4d71-b19c-d9499c0f2f97,oh no no so do i have to direct them like if you guys can hear me keep walking upstairs or something along those lines,NA,
VOICE_COMMAND,470855,12/1/2022 7:59:03 AM,8ce3ee3f-10d2-4d71-b19c-d9499c0f2f97,walk to the safe area,oh no no so do i have to direct them like if you guys can hear me keep walking upstairs or something along those lines,
S_A_L_T_WALK_IF_CAN,470855,12/1/2022 7:59:03 AM,8ce3ee3f-10d2-4d71-b19c-d9499c0f2f97,"(2.7, 0.0, -1.0)",walkIfCan,Mike_0 Root,
S_A_L_T_WALKED,470856,12/1/2022 7:59:03 AM,8ce3ee3f-10d2-4d71-b19c-d9499c0f2f97,"(2.7, 0.0, -1.0)",walked,Mike_0 Root,
S_A_L_T_WALK_IF_CAN,470856,12/1/2022 7:59:03 AM,8ce3ee3f-10d2-4d71-b19c-d9499c0f2f97,"(2.9, 0.0, 0.1)",walkIfCan,Mike_1 Root,
S_A_L_T_WALK_IF_CAN,470856,12/1/2022 7:59:03 AM,8ce3ee3f-10d2-4d71-b19c-d9499c0f2f97,"(2.8, 0.0, 2.1)",walkIfCan,Mike_2 Root,
S_A_L_T_WALKED,470856,12/1/2022 7:59:03 AM,8ce3ee3f-10d2-4d71-b19c-d9499c0f2f97,"(2.8, 0.0, 2.1)",walked,Mike_2 Root,
VOICE_CAPTURE,473210,12/1/2022 7:59:05 AM,8ce3ee3f-10d2-4d71-b19c-d9499c0f2f97,just,NA,
VOICE_CAPTURE,476084,12/1/2022 7:59:08 AM,8ce3ee3f-10d2-4d71-b19c-d9499c0f2f97,oh hey there you go thanks guys,NA,
VOICE_CAPTURE,479409,12/1/2022 7:59:11 AM,8ce3ee3f-10d2-4d71-b19c-d9499c0f2f97,so yeah,NA,
TELEPORT,485106,12/1/2022 7:59:17 AM,8ce3ee3f-10d2-4d71-b19c-d9499c0f2f97,"(0.9, 0.0, 2.2)",
TELEPORT,486076,12/1/2022 7:59:18 AM,8ce3ee3f-10d2-4d71-b19c-d9499c0f2f97,"(1.5, 0.0, 0.6)",
VOICE_CAPTURE,486258,12/1/2022 7:59:18 AM,8ce3ee3f-10d2-4d71-b19c-d9499c0f2f97,don't forget about,NA,
TELEPORT,487612,12/1/2022 7:59:19 AM,8ce3ee3f-10d2-4d71-b19c-d9499c0f2f97,"(1.2, 0.0, 1.2)",
VOICE_CAPTURE,488330,12/1/2022 7:59:20 AM,8ce3ee3f-10d2-4d71-b19c-d9499c0f2f97,you can,NA,
VOICE_CAPTURE,493292,12/1/2022 7:59:25 AM,8ce3ee3f-10d2-4d71-b19c-d9499c0f2f97,much more,NA,
TELEPORT,493509,12/1/2022 7:59:25 AM,8ce3ee3f-10d2-4d71-b19c-d9499c0f2f97,"(1.2, 0.0, 1.3)",
VOICE_CAPTURE,494260,12/1/2022 7:59:26 AM,8ce3ee3f-10d2-4d71-b19c-d9499c0f2f97,OK,NA,
TELEPORT,495748,12/1/2022 7:59:27 AM,8ce3ee3f-10d2-4d71-b19c-d9499c0f2f97,"(1.9, 0.0, 1.0)",
VOICE_CAPTURE,499723,12/1/2022 7:59:31 AM,8ce3ee3f-10d2-4d71-b19c-d9499c0f2f97,the room's not quite big enough,NA,
VOICE_CAPTURE,504770,12/1/2022 7:59:37 AM,8ce3ee3f-10d2-4d71-b19c-d9499c0f2f97,they said it's like 250 feet inside the game,NA,
VOICE_CAPTURE,508363,12/1/2022 7:59:40 AM,8ce3ee3f-10d2-4d71-b19c-d9499c0f2f97,yeah,NA,
VOICE_CAPTURE,515947,12/1/2022 7:59:48 AM,8ce3ee3f-10d2-4d71-b19c-d9499c0f2f97,that'd be pretty crazy yeah,NA,
VOICE_CAPTURE,517216,12/1/2022 7:59:49 AM,8ce3ee3f-10d2-4d71-b19c-d9499c0f2f97,right,NA,
VOICE_CAPTURE,521093,12/1/2022 7:59:53 AM,8ce3ee3f-10d2-4d71-b19c-d9499c0f2f97,yep there we go yep yep,NA,
TELEPORT,533624,12/1/2022 8:00:05 AM,8ce3ee3f-10d2-4d71-b19c-d9499c0f2f97,"(2.2, 0.0, 1.2)",
SESSION_END,537418,12/1/2022 8:00:09 AM,8ce3ee3f-10d2-4d71-b19c-d9499c0f2f97,
TELEPORT,538920,12/1/2022 8:00:11 AM,8ce3ee3f-10d2-4d71-b19c-d9499c0f2f97,"(0.6, 0.0, -0.2)",
TELEPORT,541424,12/1/2022 8:00:13 AM,8ce3ee3f-10d2-4d71-b19c-d9499c0f2f97,"(1.5, 0.0, -0.1)",
TELEPORT,542176,12/1/2022 8:00:14 AM,8ce3ee3f-10d2-4d71-b19c-d9499c0f2f97,"(1.9, 0.0, -0.4)",
TELEPORT,542795,12/1/2022 8:00:15 AM,8ce3ee3f-10d2-4d71-b19c-d9499c0f2f97,"(2.2, 0.0, -0.8)",
TELEPORT,544516,12/1/2022 8:00:16 AM,8ce3ee3f-10d2-4d71-b19c-d9499c0f2f97,"(2.5, 0.0, -1.3)",
