TELEPORT,5090,12/8/2022 1:07:10 PM,8e0fd6a0-777b-4459-96df-ea1e61adbe4d,"(1.9, 0.0, 1.2)",
PATIENT_ENGAGED,7528,12/8/2022 1:07:12 PM,8e0fd6a0-777b-4459-96df-ea1e61adbe4d,100,128,Mike Root,"(3.1, 0.0, -1.1)","(0.0, 0.5, 0.0, -0.9)",MINIMAL,walker,normal,normal,normal,calm,standing,
VOICE_CAPTURE,12841,12/8/2022 1:07:17 PM,8e0fd6a0-777b-4459-96df-ea1e61adbe4d,and then the left,NA,
VOICE_CAPTURE,14144,12/8/2022 1:07:19 PM,8e0fd6a0-777b-4459-96df-ea1e61adbe4d,the left one and pull backwards,NA,
TELEPORT,14277,12/8/2022 1:07:19 PM,8e0fd6a0-777b-4459-96df-ea1e61adbe4d,"(2.2, 0.0, -0.1)",
VOICE_CAPTURE,16784,12/8/2022 1:07:21 PM,8e0fd6a0-777b-4459-96df-ea1e61adbe4d,the,NA,
VOICE_CAPTURE,20910,12/8/2022 1:07:25 PM,8e0fd6a0-777b-4459-96df-ea1e61adbe4d,so you can use that that's weird,NA,
TELEPORT,20962,12/8/2022 1:07:26 PM,8e0fd6a0-777b-4459-96df-ea1e61adbe4d,"(1.3, 0.0, 1.0)",
VOICE_CAPTURE,23449,12/8/2022 1:07:28 PM,8e0fd6a0-777b-4459-96df-ea1e61adbe4d,that's weird,NA,
TELEPORT,23834,12/8/2022 1:07:28 PM,8e0fd6a0-777b-4459-96df-ea1e61adbe4d,"(2.5, 0.0, 0.6)",
TELEPORT,25170,12/8/2022 1:07:30 PM,8e0fd6a0-777b-4459-96df-ea1e61adbe4d,"(2.5, 0.0, 0.5)",
VOICE_CAPTURE,31887,12/8/2022 1:07:36 PM,8e0fd6a0-777b-4459-96df-ea1e61adbe4d,no i'll be the one to do something like go over here and can you push the call button,NA,
VOICE_CAPTURE,35695,12/8/2022 1:07:40 PM,8e0fd6a0-777b-4459-96df-ea1e61adbe4d,go ahead,NA,
PULSE_TAKEN,38068,12/8/2022 1:07:43 PM,8e0fd6a0-777b-4459-96df-ea1e61adbe4d,pulse_normal,Mike Root,
VOICE_CAPTURE,40156,12/8/2022 1:07:45 PM,8e0fd6a0-777b-4459-96df-ea1e61adbe4d,yeah and go,NA,
VOICE_CAPTURE,43080,12/8/2022 1:07:48 PM,8e0fd6a0-777b-4459-96df-ea1e61adbe4d,OK,NA,
PULSE_TAKEN,43380,12/8/2022 1:07:48 PM,8e0fd6a0-777b-4459-96df-ea1e61adbe4d,pulse_normal,Mike Root,
PULSE_TAKEN,51284,12/8/2022 1:07:56 PM,8e0fd6a0-777b-4459-96df-ea1e61adbe4d,pulse_normal,Mike Root,
VOICE_CAPTURE,51937,12/8/2022 1:07:57 PM,8e0fd6a0-777b-4459-96df-ea1e61adbe4d,yep,NA,
VOICE_CAPTURE,53272,12/8/2022 1:07:58 PM,8e0fd6a0-777b-4459-96df-ea1e61adbe4d,put your head up,NA,
PULSE_TAKEN,56027,12/8/2022 1:08:01 PM,8e0fd6a0-777b-4459-96df-ea1e61adbe4d,pulse_normal,Mike Root,
VOICE_CAPTURE,58434,12/8/2022 1:08:03 PM,8e0fd6a0-777b-4459-96df-ea1e61adbe4d,that's kinda weird,NA,
VOICE_CAPTURE,60372,12/8/2022 1:08:05 PM,8e0fd6a0-777b-4459-96df-ea1e61adbe4d,so now,NA,
VOICE_CAPTURE,62126,12/8/2022 1:08:07 PM,8e0fd6a0-777b-4459-96df-ea1e61adbe4d,yeah,NA,
BAG_ACCESS,64408,12/8/2022 1:08:09 PM,8e0fd6a0-777b-4459-96df-ea1e61adbe4d,"(2.6, 0.8, -0.4)",
TOOL_HOVER,67265,12/8/2022 1:08:12 PM,8e0fd6a0-777b-4459-96df-ea1e61adbe4d,Gauze,999,
TOOL_HOVER,67280,12/8/2022 1:08:12 PM,8e0fd6a0-777b-4459-96df-ea1e61adbe4d,Gauze,999,
TOOL_HOVER,67298,12/8/2022 1:08:12 PM,8e0fd6a0-777b-4459-96df-ea1e61adbe4d,Gauze,999,
TOOL_HOVER,67314,12/8/2022 1:08:12 PM,8e0fd6a0-777b-4459-96df-ea1e61adbe4d,Gauze,999,
TOOL_HOVER,67331,12/8/2022 1:08:12 PM,8e0fd6a0-777b-4459-96df-ea1e61adbe4d,Gauze,999,
TOOL_HOVER,67349,12/8/2022 1:08:12 PM,8e0fd6a0-777b-4459-96df-ea1e61adbe4d,Gauze,999,
VOICE_CAPTURE,69887,12/8/2022 1:08:14 PM,8e0fd6a0-777b-4459-96df-ea1e61adbe4d,oh doesn't feel off it's just,NA,
TOOL_HOVER,78758,12/8/2022 1:08:23 PM,8e0fd6a0-777b-4459-96df-ea1e61adbe4d,Tourniquet,999,
TOOL_HOVER,78775,12/8/2022 1:08:23 PM,8e0fd6a0-777b-4459-96df-ea1e61adbe4d,Tourniquet,999,
TOOL_HOVER,78792,12/8/2022 1:08:23 PM,8e0fd6a0-777b-4459-96df-ea1e61adbe4d,Tourniquet,999,
TOOL_HOVER,78808,12/8/2022 1:08:23 PM,8e0fd6a0-777b-4459-96df-ea1e61adbe4d,Tourniquet,999,
TOOL_HOVER,78825,12/8/2022 1:08:23 PM,8e0fd6a0-777b-4459-96df-ea1e61adbe4d,Tourniquet,999,
TOOL_HOVER,78842,12/8/2022 1:08:23 PM,8e0fd6a0-777b-4459-96df-ea1e61adbe4d,Tourniquet,999,
TOOL_HOVER,78858,12/8/2022 1:08:23 PM,8e0fd6a0-777b-4459-96df-ea1e61adbe4d,Tourniquet,999,
TOOL_HOVER,78875,12/8/2022 1:08:23 PM,8e0fd6a0-777b-4459-96df-ea1e61adbe4d,Tourniquet,999,
TOOL_HOVER,78893,12/8/2022 1:08:23 PM,8e0fd6a0-777b-4459-96df-ea1e61adbe4d,Tourniquet,999,
TOOL_HOVER,78909,12/8/2022 1:08:23 PM,8e0fd6a0-777b-4459-96df-ea1e61adbe4d,Tourniquet,999,
TOOL_HOVER,78926,12/8/2022 1:08:24 PM,8e0fd6a0-777b-4459-96df-ea1e61adbe4d,Tourniquet,999,
TOOL_HOVER,78942,12/8/2022 1:08:24 PM,8e0fd6a0-777b-4459-96df-ea1e61adbe4d,Tourniquet,999,
TOOL_HOVER,78961,12/8/2022 1:08:24 PM,8e0fd6a0-777b-4459-96df-ea1e61adbe4d,Tourniquet,999,
TOOL_HOVER,78976,12/8/2022 1:08:24 PM,8e0fd6a0-777b-4459-96df-ea1e61adbe4d,Tourniquet,999,
TOOL_HOVER,78993,12/8/2022 1:08:24 PM,8e0fd6a0-777b-4459-96df-ea1e61adbe4d,Tourniquet,999,
TOOL_HOVER,79010,12/8/2022 1:08:24 PM,8e0fd6a0-777b-4459-96df-ea1e61adbe4d,Tourniquet,999,
TOOL_HOVER,79026,12/8/2022 1:08:24 PM,8e0fd6a0-777b-4459-96df-ea1e61adbe4d,Tourniquet,999,
TOOL_HOVER,79044,12/8/2022 1:08:24 PM,8e0fd6a0-777b-4459-96df-ea1e61adbe4d,Tourniquet,999,
TOOL_HOVER,79059,12/8/2022 1:08:24 PM,8e0fd6a0-777b-4459-96df-ea1e61adbe4d,Tourniquet,999,
TOOL_HOVER,79076,12/8/2022 1:08:24 PM,8e0fd6a0-777b-4459-96df-ea1e61adbe4d,Tourniquet,999,
TOOL_HOVER,79093,12/8/2022 1:08:24 PM,8e0fd6a0-777b-4459-96df-ea1e61adbe4d,Tourniquet,999,
TOOL_HOVER,79110,12/8/2022 1:08:24 PM,8e0fd6a0-777b-4459-96df-ea1e61adbe4d,Tourniquet,999,
TOOL_HOVER,79127,12/8/2022 1:08:24 PM,8e0fd6a0-777b-4459-96df-ea1e61adbe4d,Tourniquet,999,
TOOL_HOVER,79143,12/8/2022 1:08:24 PM,8e0fd6a0-777b-4459-96df-ea1e61adbe4d,Tourniquet,999,
VOICE_CAPTURE,80562,12/8/2022 1:08:25 PM,8e0fd6a0-777b-4459-96df-ea1e61adbe4d,yeah,NA,
VOICE_CAPTURE,83419,12/8/2022 1:08:28 PM,8e0fd6a0-777b-4459-96df-ea1e61adbe4d,whoa,NA,
TOOL_HOVER,84756,12/8/2022 1:08:29 PM,8e0fd6a0-777b-4459-96df-ea1e61adbe4d,Tourniquet,999,
TOOL_HOVER,84774,12/8/2022 1:08:29 PM,8e0fd6a0-777b-4459-96df-ea1e61adbe4d,Tourniquet,999,
TOOL_HOVER,84790,12/8/2022 1:08:29 PM,8e0fd6a0-777b-4459-96df-ea1e61adbe4d,Tourniquet,999,
TOOL_HOVER,84807,12/8/2022 1:08:29 PM,8e0fd6a0-777b-4459-96df-ea1e61adbe4d,Tourniquet,999,
TOOL_HOVER,84824,12/8/2022 1:08:29 PM,8e0fd6a0-777b-4459-96df-ea1e61adbe4d,Tourniquet,999,
TOOL_HOVER,84840,12/8/2022 1:08:29 PM,8e0fd6a0-777b-4459-96df-ea1e61adbe4d,Tourniquet,999,
TOOL_HOVER,84858,12/8/2022 1:08:29 PM,8e0fd6a0-777b-4459-96df-ea1e61adbe4d,Tourniquet,999,
TOOL_HOVER,84874,12/8/2022 1:08:29 PM,8e0fd6a0-777b-4459-96df-ea1e61adbe4d,Tourniquet,999,
TOOL_HOVER,84892,12/8/2022 1:08:29 PM,8e0fd6a0-777b-4459-96df-ea1e61adbe4d,Tourniquet,999,
TOOL_HOVER,84907,12/8/2022 1:08:29 PM,8e0fd6a0-777b-4459-96df-ea1e61adbe4d,Tourniquet,999,
TOOL_HOVER,84924,12/8/2022 1:08:30 PM,8e0fd6a0-777b-4459-96df-ea1e61adbe4d,Tourniquet,999,
TOOL_HOVER,84940,12/8/2022 1:08:30 PM,8e0fd6a0-777b-4459-96df-ea1e61adbe4d,Tourniquet,999,
TOOL_HOVER,84957,12/8/2022 1:08:30 PM,8e0fd6a0-777b-4459-96df-ea1e61adbe4d,Tourniquet,999,
TOOL_HOVER,84975,12/8/2022 1:08:30 PM,8e0fd6a0-777b-4459-96df-ea1e61adbe4d,Tourniquet,999,
TOOL_HOVER,84991,12/8/2022 1:08:30 PM,8e0fd6a0-777b-4459-96df-ea1e61adbe4d,Tourniquet,999,
TOOL_HOVER,85009,12/8/2022 1:08:30 PM,8e0fd6a0-777b-4459-96df-ea1e61adbe4d,Tourniquet,999,
TOOL_HOVER,85023,12/8/2022 1:08:30 PM,8e0fd6a0-777b-4459-96df-ea1e61adbe4d,Tourniquet,999,
TOOL_HOVER,85041,12/8/2022 1:08:30 PM,8e0fd6a0-777b-4459-96df-ea1e61adbe4d,Tourniquet,999,
TOOL_HOVER,85058,12/8/2022 1:08:30 PM,8e0fd6a0-777b-4459-96df-ea1e61adbe4d,Tourniquet,999,
TOOL_HOVER,85074,12/8/2022 1:08:30 PM,8e0fd6a0-777b-4459-96df-ea1e61adbe4d,Tourniquet,999,
TOOL_HOVER,85091,12/8/2022 1:08:30 PM,8e0fd6a0-777b-4459-96df-ea1e61adbe4d,Tourniquet,999,
VOICE_CAPTURE,85109,12/8/2022 1:08:30 PM,8e0fd6a0-777b-4459-96df-ea1e61adbe4d,moved on me,NA,
TOOL_HOVER,85109,12/8/2022 1:08:30 PM,8e0fd6a0-777b-4459-96df-ea1e61adbe4d,Tourniquet,999,
TOOL_HOVER,85124,12/8/2022 1:08:30 PM,8e0fd6a0-777b-4459-96df-ea1e61adbe4d,Tourniquet,999,
TOOL_HOVER,85141,12/8/2022 1:08:30 PM,8e0fd6a0-777b-4459-96df-ea1e61adbe4d,Tourniquet,999,
TOOL_HOVER,85161,12/8/2022 1:08:30 PM,8e0fd6a0-777b-4459-96df-ea1e61adbe4d,Tourniquet,999,
TOOL_HOVER,85174,12/8/2022 1:08:30 PM,8e0fd6a0-777b-4459-96df-ea1e61adbe4d,Tourniquet,999,
TOOL_HOVER,85193,12/8/2022 1:08:30 PM,8e0fd6a0-777b-4459-96df-ea1e61adbe4d,Tourniquet,999,
TOOL_HOVER,85208,12/8/2022 1:08:30 PM,8e0fd6a0-777b-4459-96df-ea1e61adbe4d,Tourniquet,999,
TOOL_HOVER,85225,12/8/2022 1:08:30 PM,8e0fd6a0-777b-4459-96df-ea1e61adbe4d,Tourniquet,999,
TOOL_HOVER,85242,12/8/2022 1:08:30 PM,8e0fd6a0-777b-4459-96df-ea1e61adbe4d,Tourniquet,999,
TOOL_HOVER,85258,12/8/2022 1:08:30 PM,8e0fd6a0-777b-4459-96df-ea1e61adbe4d,Tourniquet,999,
TOOL_HOVER,85274,12/8/2022 1:08:30 PM,8e0fd6a0-777b-4459-96df-ea1e61adbe4d,Tourniquet,999,
TOOL_HOVER,85291,12/8/2022 1:08:30 PM,8e0fd6a0-777b-4459-96df-ea1e61adbe4d,Tourniquet,999,
TOOL_HOVER,85308,12/8/2022 1:08:30 PM,8e0fd6a0-777b-4459-96df-ea1e61adbe4d,Tourniquet,999,
TOOL_HOVER,85324,12/8/2022 1:08:30 PM,8e0fd6a0-777b-4459-96df-ea1e61adbe4d,Tourniquet,999,
TOOL_HOVER,85341,12/8/2022 1:08:30 PM,8e0fd6a0-777b-4459-96df-ea1e61adbe4d,Tourniquet,999,
TOOL_HOVER,85358,12/8/2022 1:08:30 PM,8e0fd6a0-777b-4459-96df-ea1e61adbe4d,Tourniquet,999,
TOOL_HOVER,85374,12/8/2022 1:08:30 PM,8e0fd6a0-777b-4459-96df-ea1e61adbe4d,Tourniquet,999,
TOOL_HOVER,85391,12/8/2022 1:08:30 PM,8e0fd6a0-777b-4459-96df-ea1e61adbe4d,Tourniquet,999,
TOOL_HOVER,85408,12/8/2022 1:08:30 PM,8e0fd6a0-777b-4459-96df-ea1e61adbe4d,Tourniquet,999,
TOOL_HOVER,85425,12/8/2022 1:08:30 PM,8e0fd6a0-777b-4459-96df-ea1e61adbe4d,Tourniquet,999,
TOOL_HOVER,85442,12/8/2022 1:08:30 PM,8e0fd6a0-777b-4459-96df-ea1e61adbe4d,Tourniquet,999,
TOOL_HOVER,85457,12/8/2022 1:08:30 PM,8e0fd6a0-777b-4459-96df-ea1e61adbe4d,Tourniquet,999,
TOOL_HOVER,85475,12/8/2022 1:08:30 PM,8e0fd6a0-777b-4459-96df-ea1e61adbe4d,Tourniquet,999,
TOOL_HOVER,85492,12/8/2022 1:08:30 PM,8e0fd6a0-777b-4459-96df-ea1e61adbe4d,Tourniquet,999,
TOOL_HOVER,85509,12/8/2022 1:08:30 PM,8e0fd6a0-777b-4459-96df-ea1e61adbe4d,Tourniquet,999,
TOOL_HOVER,85525,12/8/2022 1:08:30 PM,8e0fd6a0-777b-4459-96df-ea1e61adbe4d,Tourniquet,999,
TOOL_HOVER,85543,12/8/2022 1:08:30 PM,8e0fd6a0-777b-4459-96df-ea1e61adbe4d,Tourniquet,999,
TOOL_HOVER,85561,12/8/2022 1:08:30 PM,8e0fd6a0-777b-4459-96df-ea1e61adbe4d,Tourniquet,999,
TOOL_HOVER,85575,12/8/2022 1:08:30 PM,8e0fd6a0-777b-4459-96df-ea1e61adbe4d,Tourniquet,999,
TOOL_HOVER,85593,12/8/2022 1:08:30 PM,8e0fd6a0-777b-4459-96df-ea1e61adbe4d,Tourniquet,999,
TOOL_HOVER,85609,12/8/2022 1:08:30 PM,8e0fd6a0-777b-4459-96df-ea1e61adbe4d,Tourniquet,999,
TOOL_HOVER,85625,12/8/2022 1:08:30 PM,8e0fd6a0-777b-4459-96df-ea1e61adbe4d,Tourniquet,999,
TOOL_HOVER,85643,12/8/2022 1:08:30 PM,8e0fd6a0-777b-4459-96df-ea1e61adbe4d,Tourniquet,999,
TOOL_HOVER,85659,12/8/2022 1:08:30 PM,8e0fd6a0-777b-4459-96df-ea1e61adbe4d,Tourniquet,999,
TOOL_HOVER,85676,12/8/2022 1:08:30 PM,8e0fd6a0-777b-4459-96df-ea1e61adbe4d,Tourniquet,999,
TOOL_HOVER,85693,12/8/2022 1:08:30 PM,8e0fd6a0-777b-4459-96df-ea1e61adbe4d,Tourniquet,999,
TOOL_HOVER,85709,12/8/2022 1:08:30 PM,8e0fd6a0-777b-4459-96df-ea1e61adbe4d,Tourniquet,999,
TOOL_HOVER,85726,12/8/2022 1:08:30 PM,8e0fd6a0-777b-4459-96df-ea1e61adbe4d,Tourniquet,999,
TOOL_HOVER,85743,12/8/2022 1:08:30 PM,8e0fd6a0-777b-4459-96df-ea1e61adbe4d,Tourniquet,999,
TOOL_HOVER,85759,12/8/2022 1:08:30 PM,8e0fd6a0-777b-4459-96df-ea1e61adbe4d,Tourniquet,999,
TOOL_HOVER,85775,12/8/2022 1:08:30 PM,8e0fd6a0-777b-4459-96df-ea1e61adbe4d,Tourniquet,999,
TOOL_SELECTED,85778,12/8/2022 1:08:30 PM,8e0fd6a0-777b-4459-96df-ea1e61adbe4d,Tourniquet,998,
TOOL_DISCARDED,86044,12/8/2022 1:08:31 PM,8e0fd6a0-777b-4459-96df-ea1e61adbe4d,Tourniquet,998,"(2.4, 1.6, -1.2)",
TOOL_HOVER,86061,12/8/2022 1:08:31 PM,8e0fd6a0-777b-4459-96df-ea1e61adbe4d,Tourniquet,999,
TOOL_HOVER,86077,12/8/2022 1:08:31 PM,8e0fd6a0-777b-4459-96df-ea1e61adbe4d,Tourniquet,999,
TOOL_HOVER,86093,12/8/2022 1:08:31 PM,8e0fd6a0-777b-4459-96df-ea1e61adbe4d,Tourniquet,999,
TOOL_HOVER,86111,12/8/2022 1:08:31 PM,8e0fd6a0-777b-4459-96df-ea1e61adbe4d,Tourniquet,999,
TOOL_HOVER,86127,12/8/2022 1:08:31 PM,8e0fd6a0-777b-4459-96df-ea1e61adbe4d,Tourniquet,999,
TOOL_HOVER,86144,12/8/2022 1:08:31 PM,8e0fd6a0-777b-4459-96df-ea1e61adbe4d,Tourniquet,999,
TOOL_HOVER,86159,12/8/2022 1:08:31 PM,8e0fd6a0-777b-4459-96df-ea1e61adbe4d,Tourniquet,999,
TOOL_HOVER,86176,12/8/2022 1:08:31 PM,8e0fd6a0-777b-4459-96df-ea1e61adbe4d,Tourniquet,999,
TOOL_HOVER,86193,12/8/2022 1:08:31 PM,8e0fd6a0-777b-4459-96df-ea1e61adbe4d,Tourniquet,999,
TOOL_HOVER,86210,12/8/2022 1:08:31 PM,8e0fd6a0-777b-4459-96df-ea1e61adbe4d,Tourniquet,999,
TOOL_HOVER,86227,12/8/2022 1:08:31 PM,8e0fd6a0-777b-4459-96df-ea1e61adbe4d,Tourniquet,999,
TOOL_HOVER,86244,12/8/2022 1:08:31 PM,8e0fd6a0-777b-4459-96df-ea1e61adbe4d,Tourniquet,999,
TOOL_HOVER,86261,12/8/2022 1:08:31 PM,8e0fd6a0-777b-4459-96df-ea1e61adbe4d,Tourniquet,999,
TOOL_HOVER,86277,12/8/2022 1:08:31 PM,8e0fd6a0-777b-4459-96df-ea1e61adbe4d,Tourniquet,999,
TOOL_HOVER,86294,12/8/2022 1:08:31 PM,8e0fd6a0-777b-4459-96df-ea1e61adbe4d,Tourniquet,999,
TOOL_HOVER,86311,12/8/2022 1:08:31 PM,8e0fd6a0-777b-4459-96df-ea1e61adbe4d,Tourniquet,999,
TOOL_HOVER,86327,12/8/2022 1:08:31 PM,8e0fd6a0-777b-4459-96df-ea1e61adbe4d,Tourniquet,999,
TOOL_HOVER,86345,12/8/2022 1:08:31 PM,8e0fd6a0-777b-4459-96df-ea1e61adbe4d,Tourniquet,999,
TOOL_HOVER,86361,12/8/2022 1:08:31 PM,8e0fd6a0-777b-4459-96df-ea1e61adbe4d,Tourniquet,999,
TOOL_HOVER,86378,12/8/2022 1:08:31 PM,8e0fd6a0-777b-4459-96df-ea1e61adbe4d,Tourniquet,999,
TOOL_HOVER,86394,12/8/2022 1:08:31 PM,8e0fd6a0-777b-4459-96df-ea1e61adbe4d,Tourniquet,999,
TOOL_HOVER,86411,12/8/2022 1:08:31 PM,8e0fd6a0-777b-4459-96df-ea1e61adbe4d,Tourniquet,999,
TOOL_HOVER,86427,12/8/2022 1:08:31 PM,8e0fd6a0-777b-4459-96df-ea1e61adbe4d,Tourniquet,999,
TOOL_HOVER,86444,12/8/2022 1:08:31 PM,8e0fd6a0-777b-4459-96df-ea1e61adbe4d,Tourniquet,999,
TOOL_HOVER,86460,12/8/2022 1:08:31 PM,8e0fd6a0-777b-4459-96df-ea1e61adbe4d,Tourniquet,999,
TOOL_HOVER,86478,12/8/2022 1:08:31 PM,8e0fd6a0-777b-4459-96df-ea1e61adbe4d,Tourniquet,999,
TOOL_HOVER,86494,12/8/2022 1:08:31 PM,8e0fd6a0-777b-4459-96df-ea1e61adbe4d,Tourniquet,999,
TOOL_HOVER,86511,12/8/2022 1:08:31 PM,8e0fd6a0-777b-4459-96df-ea1e61adbe4d,Tourniquet,999,
TOOL_HOVER,86527,12/8/2022 1:08:31 PM,8e0fd6a0-777b-4459-96df-ea1e61adbe4d,Tourniquet,999,
TOOL_HOVER,86544,12/8/2022 1:08:31 PM,8e0fd6a0-777b-4459-96df-ea1e61adbe4d,Tourniquet,999,
TOOL_HOVER,86561,12/8/2022 1:08:31 PM,8e0fd6a0-777b-4459-96df-ea1e61adbe4d,Tourniquet,999,
TOOL_HOVER,86578,12/8/2022 1:08:31 PM,8e0fd6a0-777b-4459-96df-ea1e61adbe4d,Tourniquet,999,
TOOL_HOVER,86595,12/8/2022 1:08:31 PM,8e0fd6a0-777b-4459-96df-ea1e61adbe4d,Tourniquet,999,
TOOL_HOVER,86611,12/8/2022 1:08:31 PM,8e0fd6a0-777b-4459-96df-ea1e61adbe4d,Tourniquet,999,
TOOL_HOVER,86628,12/8/2022 1:08:31 PM,8e0fd6a0-777b-4459-96df-ea1e61adbe4d,Tourniquet,999,
TOOL_HOVER,86644,12/8/2022 1:08:31 PM,8e0fd6a0-777b-4459-96df-ea1e61adbe4d,Tourniquet,999,
TOOL_HOVER,86661,12/8/2022 1:08:31 PM,8e0fd6a0-777b-4459-96df-ea1e61adbe4d,Tourniquet,999,
TOOL_HOVER,86680,12/8/2022 1:08:31 PM,8e0fd6a0-777b-4459-96df-ea1e61adbe4d,Tourniquet,999,
TOOL_HOVER,86694,12/8/2022 1:08:31 PM,8e0fd6a0-777b-4459-96df-ea1e61adbe4d,Tourniquet,999,
TOOL_HOVER,86712,12/8/2022 1:08:31 PM,8e0fd6a0-777b-4459-96df-ea1e61adbe4d,Tourniquet,999,
TOOL_HOVER,86727,12/8/2022 1:08:31 PM,8e0fd6a0-777b-4459-96df-ea1e61adbe4d,Tourniquet,999,
TOOL_HOVER,86745,12/8/2022 1:08:31 PM,8e0fd6a0-777b-4459-96df-ea1e61adbe4d,Tourniquet,999,
TOOL_HOVER,86761,12/8/2022 1:08:31 PM,8e0fd6a0-777b-4459-96df-ea1e61adbe4d,Tourniquet,999,
TOOL_HOVER,86778,12/8/2022 1:08:31 PM,8e0fd6a0-777b-4459-96df-ea1e61adbe4d,Tourniquet,999,
TOOL_HOVER,86795,12/8/2022 1:08:31 PM,8e0fd6a0-777b-4459-96df-ea1e61adbe4d,Tourniquet,999,
TOOL_HOVER,86811,12/8/2022 1:08:31 PM,8e0fd6a0-777b-4459-96df-ea1e61adbe4d,Tourniquet,999,
TOOL_HOVER,86829,12/8/2022 1:08:31 PM,8e0fd6a0-777b-4459-96df-ea1e61adbe4d,Tourniquet,999,
TOOL_HOVER,86845,12/8/2022 1:08:31 PM,8e0fd6a0-777b-4459-96df-ea1e61adbe4d,Tourniquet,999,
TOOL_HOVER,86862,12/8/2022 1:08:31 PM,8e0fd6a0-777b-4459-96df-ea1e61adbe4d,Gauze,999,
TOOL_HOVER,86878,12/8/2022 1:08:31 PM,8e0fd6a0-777b-4459-96df-ea1e61adbe4d,Gauze,999,
TOOL_HOVER,86895,12/8/2022 1:08:31 PM,8e0fd6a0-777b-4459-96df-ea1e61adbe4d,Gauze,999,
TOOL_HOVER,86912,12/8/2022 1:08:31 PM,8e0fd6a0-777b-4459-96df-ea1e61adbe4d,Gauze,999,
TOOL_HOVER,86928,12/8/2022 1:08:32 PM,8e0fd6a0-777b-4459-96df-ea1e61adbe4d,Gauze,999,
TOOL_HOVER,86945,12/8/2022 1:08:32 PM,8e0fd6a0-777b-4459-96df-ea1e61adbe4d,Gauze,999,
TOOL_HOVER,86962,12/8/2022 1:08:32 PM,8e0fd6a0-777b-4459-96df-ea1e61adbe4d,Gauze,999,
TOOL_HOVER,86978,12/8/2022 1:08:32 PM,8e0fd6a0-777b-4459-96df-ea1e61adbe4d,Gauze,999,
TOOL_HOVER,86995,12/8/2022 1:08:32 PM,8e0fd6a0-777b-4459-96df-ea1e61adbe4d,Gauze,999,
TOOL_HOVER,87012,12/8/2022 1:08:32 PM,8e0fd6a0-777b-4459-96df-ea1e61adbe4d,Gauze,999,
TOOL_HOVER,87028,12/8/2022 1:08:32 PM,8e0fd6a0-777b-4459-96df-ea1e61adbe4d,Gauze,999,
TOOL_HOVER,87045,12/8/2022 1:08:32 PM,8e0fd6a0-777b-4459-96df-ea1e61adbe4d,Gauze,999,
TOOL_HOVER,87062,12/8/2022 1:08:32 PM,8e0fd6a0-777b-4459-96df-ea1e61adbe4d,Gauze,999,
TOOL_HOVER,87079,12/8/2022 1:08:32 PM,8e0fd6a0-777b-4459-96df-ea1e61adbe4d,Gauze,999,
TOOL_HOVER,87095,12/8/2022 1:08:32 PM,8e0fd6a0-777b-4459-96df-ea1e61adbe4d,Gauze,999,
TOOL_HOVER,87112,12/8/2022 1:08:32 PM,8e0fd6a0-777b-4459-96df-ea1e61adbe4d,Gauze,999,
TOOL_HOVER,87128,12/8/2022 1:08:32 PM,8e0fd6a0-777b-4459-96df-ea1e61adbe4d,Gauze,999,
TOOL_HOVER,87146,12/8/2022 1:08:32 PM,8e0fd6a0-777b-4459-96df-ea1e61adbe4d,Gauze,999,
TOOL_HOVER,89168,12/8/2022 1:08:34 PM,8e0fd6a0-777b-4459-96df-ea1e61adbe4d,Tourniquet,999,
TOOL_HOVER,89185,12/8/2022 1:08:34 PM,8e0fd6a0-777b-4459-96df-ea1e61adbe4d,Tourniquet,999,
TOOL_HOVER,89201,12/8/2022 1:08:34 PM,8e0fd6a0-777b-4459-96df-ea1e61adbe4d,Tourniquet,999,
TOOL_HOVER,89217,12/8/2022 1:08:34 PM,8e0fd6a0-777b-4459-96df-ea1e61adbe4d,Tourniquet,999,
TOOL_HOVER,89234,12/8/2022 1:08:34 PM,8e0fd6a0-777b-4459-96df-ea1e61adbe4d,Tourniquet,999,
TOOL_HOVER,89251,12/8/2022 1:08:34 PM,8e0fd6a0-777b-4459-96df-ea1e61adbe4d,Tourniquet,999,
TOOL_HOVER,89267,12/8/2022 1:08:34 PM,8e0fd6a0-777b-4459-96df-ea1e61adbe4d,Tourniquet,999,
TOOL_HOVER,89284,12/8/2022 1:08:34 PM,8e0fd6a0-777b-4459-96df-ea1e61adbe4d,Tourniquet,999,
TOOL_HOVER,89301,12/8/2022 1:08:34 PM,8e0fd6a0-777b-4459-96df-ea1e61adbe4d,Tourniquet,999,
TOOL_HOVER,89318,12/8/2022 1:08:34 PM,8e0fd6a0-777b-4459-96df-ea1e61adbe4d,Tourniquet,999,
TOOL_HOVER,89334,12/8/2022 1:08:34 PM,8e0fd6a0-777b-4459-96df-ea1e61adbe4d,Tourniquet,999,
TOOL_HOVER,89351,12/8/2022 1:08:34 PM,8e0fd6a0-777b-4459-96df-ea1e61adbe4d,Tourniquet,999,
TOOL_HOVER,89368,12/8/2022 1:08:34 PM,8e0fd6a0-777b-4459-96df-ea1e61adbe4d,Tourniquet,999,
TOOL_HOVER,89384,12/8/2022 1:08:34 PM,8e0fd6a0-777b-4459-96df-ea1e61adbe4d,Tourniquet,999,
TOOL_HOVER,89402,12/8/2022 1:08:34 PM,8e0fd6a0-777b-4459-96df-ea1e61adbe4d,Tourniquet,999,
TOOL_HOVER,89418,12/8/2022 1:08:34 PM,8e0fd6a0-777b-4459-96df-ea1e61adbe4d,Tourniquet,999,
TOOL_HOVER,89434,12/8/2022 1:08:34 PM,8e0fd6a0-777b-4459-96df-ea1e61adbe4d,Tourniquet,999,
TOOL_HOVER,89452,12/8/2022 1:08:34 PM,8e0fd6a0-777b-4459-96df-ea1e61adbe4d,Tourniquet,999,
TOOL_HOVER,89468,12/8/2022 1:08:34 PM,8e0fd6a0-777b-4459-96df-ea1e61adbe4d,Tourniquet,999,
TOOL_HOVER,89484,12/8/2022 1:08:34 PM,8e0fd6a0-777b-4459-96df-ea1e61adbe4d,Tourniquet,999,
TOOL_HOVER,89501,12/8/2022 1:08:34 PM,8e0fd6a0-777b-4459-96df-ea1e61adbe4d,Tourniquet,999,
TOOL_HOVER,89518,12/8/2022 1:08:34 PM,8e0fd6a0-777b-4459-96df-ea1e61adbe4d,Tourniquet,999,
TOOL_HOVER,89535,12/8/2022 1:08:34 PM,8e0fd6a0-777b-4459-96df-ea1e61adbe4d,Tourniquet,999,
TOOL_HOVER,89553,12/8/2022 1:08:34 PM,8e0fd6a0-777b-4459-96df-ea1e61adbe4d,Gauze,999,
TOOL_HOVER,89568,12/8/2022 1:08:34 PM,8e0fd6a0-777b-4459-96df-ea1e61adbe4d,Gauze,999,
TOOL_HOVER,89586,12/8/2022 1:08:34 PM,8e0fd6a0-777b-4459-96df-ea1e61adbe4d,Gauze,999,
TOOL_HOVER,89602,12/8/2022 1:08:34 PM,8e0fd6a0-777b-4459-96df-ea1e61adbe4d,Gauze,999,
TOOL_HOVER,89618,12/8/2022 1:08:34 PM,8e0fd6a0-777b-4459-96df-ea1e61adbe4d,Gauze,999,
TOOL_HOVER,89636,12/8/2022 1:08:34 PM,8e0fd6a0-777b-4459-96df-ea1e61adbe4d,Gauze,999,
TOOL_HOVER,89653,12/8/2022 1:08:34 PM,8e0fd6a0-777b-4459-96df-ea1e61adbe4d,Gauze,999,
TOOL_HOVER,89669,12/8/2022 1:08:34 PM,8e0fd6a0-777b-4459-96df-ea1e61adbe4d,Gauze,999,
TOOL_HOVER,89685,12/8/2022 1:08:34 PM,8e0fd6a0-777b-4459-96df-ea1e61adbe4d,Gauze,999,
TOOL_HOVER,89702,12/8/2022 1:08:34 PM,8e0fd6a0-777b-4459-96df-ea1e61adbe4d,Gauze,999,
TOOL_HOVER,89718,12/8/2022 1:08:34 PM,8e0fd6a0-777b-4459-96df-ea1e61adbe4d,Gauze,999,
TOOL_HOVER,89735,12/8/2022 1:08:34 PM,8e0fd6a0-777b-4459-96df-ea1e61adbe4d,Gauze,999,
TOOL_HOVER,92659,12/8/2022 1:08:37 PM,8e0fd6a0-777b-4459-96df-ea1e61adbe4d,Tourniquet,999,
TOOL_HOVER,92675,12/8/2022 1:08:37 PM,8e0fd6a0-777b-4459-96df-ea1e61adbe4d,Tourniquet,999,
TOOL_HOVER,92692,12/8/2022 1:08:37 PM,8e0fd6a0-777b-4459-96df-ea1e61adbe4d,Tourniquet,999,
TOOL_HOVER,92708,12/8/2022 1:08:37 PM,8e0fd6a0-777b-4459-96df-ea1e61adbe4d,Tourniquet,999,
TOOL_HOVER,92726,12/8/2022 1:08:37 PM,8e0fd6a0-777b-4459-96df-ea1e61adbe4d,Tourniquet,999,
TOOL_HOVER,92743,12/8/2022 1:08:37 PM,8e0fd6a0-777b-4459-96df-ea1e61adbe4d,Tourniquet,999,
TOOL_HOVER,92759,12/8/2022 1:08:37 PM,8e0fd6a0-777b-4459-96df-ea1e61adbe4d,Tourniquet,999,
TOOL_HOVER,92775,12/8/2022 1:08:37 PM,8e0fd6a0-777b-4459-96df-ea1e61adbe4d,Tourniquet,999,
TOOL_HOVER,92793,12/8/2022 1:08:37 PM,8e0fd6a0-777b-4459-96df-ea1e61adbe4d,Tourniquet,999,
TOOL_HOVER,92809,12/8/2022 1:08:37 PM,8e0fd6a0-777b-4459-96df-ea1e61adbe4d,Tourniquet,999,
TOOL_HOVER,92826,12/8/2022 1:08:37 PM,8e0fd6a0-777b-4459-96df-ea1e61adbe4d,Tourniquet,999,
TOOL_HOVER,92843,12/8/2022 1:08:37 PM,8e0fd6a0-777b-4459-96df-ea1e61adbe4d,Tourniquet,999,
TOOL_HOVER,92860,12/8/2022 1:08:37 PM,8e0fd6a0-777b-4459-96df-ea1e61adbe4d,Tourniquet,999,
TOOL_HOVER,92878,12/8/2022 1:08:37 PM,8e0fd6a0-777b-4459-96df-ea1e61adbe4d,Tourniquet,999,
TOOL_HOVER,92893,12/8/2022 1:08:37 PM,8e0fd6a0-777b-4459-96df-ea1e61adbe4d,Tourniquet,999,
TOOL_HOVER,92910,12/8/2022 1:08:37 PM,8e0fd6a0-777b-4459-96df-ea1e61adbe4d,Tourniquet,999,
TOOL_HOVER,92926,12/8/2022 1:08:38 PM,8e0fd6a0-777b-4459-96df-ea1e61adbe4d,Tourniquet,999,
TOOL_HOVER,92944,12/8/2022 1:08:38 PM,8e0fd6a0-777b-4459-96df-ea1e61adbe4d,Tourniquet,999,
TOOL_HOVER,92960,12/8/2022 1:08:38 PM,8e0fd6a0-777b-4459-96df-ea1e61adbe4d,Tourniquet,999,
TOOL_HOVER,92977,12/8/2022 1:08:38 PM,8e0fd6a0-777b-4459-96df-ea1e61adbe4d,Tourniquet,999,
TOOL_HOVER,92993,12/8/2022 1:08:38 PM,8e0fd6a0-777b-4459-96df-ea1e61adbe4d,Tourniquet,999,
TOOL_SELECTED,92994,12/8/2022 1:08:38 PM,8e0fd6a0-777b-4459-96df-ea1e61adbe4d,Tourniquet,998,
TOOL_APPLIED,95434,12/8/2022 1:08:40 PM,8e0fd6a0-777b-4459-96df-ea1e61adbe4d,Mike Root,Tourniquet,LeftForeArm (UnityEngine.GameObject),tor_ring (1) (UnityEngine.GameObject),tourniquet(Clone) (UnityEngine.GameObject),AppliedTourniquet,
TAG_SELECTED,102735,12/8/2022 1:08:47 PM,8e0fd6a0-777b-4459-96df-ea1e61adbe4d,gray,
TAG_DISCARDED,104455,12/8/2022 1:08:49 PM,8e0fd6a0-777b-4459-96df-ea1e61adbe4d,gray,"(2.8, 1.2, -0.7)",
TAG_SELECTED,106593,12/8/2022 1:08:51 PM,8e0fd6a0-777b-4459-96df-ea1e61adbe4d,gray,
TAG_APPLIED,108582,12/8/2022 1:08:53 PM,8e0fd6a0-777b-4459-96df-ea1e61adbe4d,Mike Root,gray,
PULSE_TAKEN,108648,12/8/2022 1:08:53 PM,8e0fd6a0-777b-4459-96df-ea1e61adbe4d,pulse_normal,Mike Root,
VOICE_CAPTURE,114645,12/8/2022 1:08:59 PM,8e0fd6a0-777b-4459-96df-ea1e61adbe4d,so if you wanna,NA,
BAG_CLOSED,115715,12/8/2022 1:09:00 PM,8e0fd6a0-777b-4459-96df-ea1e61adbe4d,"(2.6, 0.8, -0.4)",
VOICE_CAPTURE,117920,12/8/2022 1:09:03 PM,8e0fd6a0-777b-4459-96df-ea1e61adbe4d,OK,NA,
VOICE_CAPTURE,119491,12/8/2022 1:09:04 PM,8e0fd6a0-777b-4459-96df-ea1e61adbe4d,hang up,NA,
TELEPORT,120592,12/8/2022 1:09:05 PM,8e0fd6a0-777b-4459-96df-ea1e61adbe4d,"(3.2, 0.0, 0.3)",
VOICE_CAPTURE,122397,12/8/2022 1:09:07 PM,8e0fd6a0-777b-4459-96df-ea1e61adbe4d,julia,NA,
TELEPORT,126575,12/8/2022 1:09:11 PM,8e0fd6a0-777b-4459-96df-ea1e61adbe4d,"(2.8, 0.0, 11.4)",
TELEPORT,127544,12/8/2022 1:09:12 PM,8e0fd6a0-777b-4459-96df-ea1e61adbe4d,"(2.8, 0.0, 11.4)",
TELEPORT,130467,12/8/2022 1:09:15 PM,8e0fd6a0-777b-4459-96df-ea1e61adbe4d,"(1.5, 0.0, 11.6)",
VOICE_CAPTURE,133841,12/8/2022 1:09:18 PM,8e0fd6a0-777b-4459-96df-ea1e61adbe4d,that's weird,NA,
VOICE_CAPTURE,135445,12/8/2022 1:09:20 PM,8e0fd6a0-777b-4459-96df-ea1e61adbe4d,can,NA,
VOICE_CAPTURE,137467,12/8/2022 1:09:22 PM,8e0fd6a0-777b-4459-96df-ea1e61adbe4d,can you go off the platform,NA,
TELEPORT,142646,12/8/2022 1:09:27 PM,8e0fd6a0-777b-4459-96df-ea1e61adbe4d,"(-1.4, 0.0, 9.2)",
VOICE_CAPTURE,143865,12/8/2022 1:09:28 PM,8e0fd6a0-777b-4459-96df-ea1e61adbe4d,all that would do that that that's very realistic,NA,
TELEPORT,148996,12/8/2022 1:09:34 PM,8e0fd6a0-777b-4459-96df-ea1e61adbe4d,"(0.6, 0.0, 8.9)",
VOICE_CAPTURE,150833,12/8/2022 1:09:35 PM,8e0fd6a0-777b-4459-96df-ea1e61adbe4d,oh,NA,
PATIENT_DEMOTED,153455,12/8/2022 1:09:38 PM,8e0fd6a0-777b-4459-96df-ea1e61adbe4d,100,Infinity,Mike_0 Root,"(2.6, 0.0, -0.6)","(0.0, 0.7, 0.0, -0.7)",DELAYED,walker,normal,normal,normal,upset,sittingGround,
PATIENT_DEMOTED,154104,12/8/2022 1:09:39 PM,8e0fd6a0-777b-4459-96df-ea1e61adbe4d,100,Infinity,Mike_1 Root,"(2.6, 0.0, 0.1)","(0.0, 0.7, 0.0, -0.7)",IMMEDIATE,waver,normal,normal,normal,upset,recovery,
PATIENT_DEMOTED,154752,12/8/2022 1:09:39 PM,8e0fd6a0-777b-4459-96df-ea1e61adbe4d,100,Infinity,Mike_2 Root,"(2.6, 0.0, 2.4)","(0.0, 0.7, 0.0, -0.7)",IMMEDIATE,walker,fast,normal,normal,upset,sittingGround,
PATIENT_DEMOTED,155409,12/8/2022 1:09:40 PM,8e0fd6a0-777b-4459-96df-ea1e61adbe4d,100,128,Mike_3 Root,"(3.0, 0.0, 4.3)","(0.0, 0.7, 0.0, -0.7)",IMMEDIATE,still,faint,collapsedRight,normal,unresponsive,supine,
SESSION_START,158118,12/8/2022 1:09:43 PM,8e0fd6a0-777b-4459-96df-ea1e61adbe4d,
PATIENT_RECORD,158119,12/8/2022 1:09:43 PM,8e0fd6a0-777b-4459-96df-ea1e61adbe4d,100,Infinity,Mike_0 Root,"(2.6, 0.0, -1.4)","(0.0, 0.7, 0.0, -0.7)",DELAYED,walker,normal,normal,normal,upset,sittingGround,
INJURY_RECORD,158119,12/8/2022 1:09:43 PM,8e0fd6a0-777b-4459-96df-ea1e61adbe4d,R Forearm Laceration,Mike_0 Root,gauzePressure,low,rightArm,False,False,"(2.7, 1.4, -0.9)",
PATIENT_RECORD,158119,12/8/2022 1:09:43 PM,8e0fd6a0-777b-4459-96df-ea1e61adbe4d,100,Infinity,Mike_1 Root,"(2.9, 0.0, 0.1)","(0.0, 0.7, 0.0, -0.7)",IMMEDIATE,waver,normal,normal,normal,upset,recovery,
INJURY_RECORD,158119,12/8/2022 1:09:43 PM,8e0fd6a0-777b-4459-96df-ea1e61adbe4d,L Thigh Laceration,Mike_1 Root,tourniquet,medium,leftLeg,False,False,"(2.8, 0.7, -0.1)",
PATIENT_RECORD,158119,12/8/2022 1:09:43 PM,8e0fd6a0-777b-4459-96df-ea1e61adbe4d,100,Infinity,Mike_2 Root,"(3.1, 0.0, 2.2)","(0.0, 0.7, 0.0, -0.7)",IMMEDIATE,walker,fast,normal,normal,upset,sittingGround,
INJURY_RECORD,158119,12/8/2022 1:09:43 PM,8e0fd6a0-777b-4459-96df-ea1e61adbe4d,L Shoulder Puncture,Mike_2 Root,woundpack,medium,chest,False,False,"(3.1, 1.4, 2.1)",
PATIENT_RECORD,158119,12/8/2022 1:09:43 PM,8e0fd6a0-777b-4459-96df-ea1e61adbe4d,100,128,Mike_3 Root,"(3.2, 0.0, 4.3)","(0.0, 0.7, 0.0, -0.7)",IMMEDIATE,still,faint,collapsedRight,normal,unresponsive,supine,
INJURY_RECORD,158119,12/8/2022 1:09:43 PM,8e0fd6a0-777b-4459-96df-ea1e61adbe4d,R Chest Collapse,Mike_3 Root,decompress,high,chest,False,False,"(0.0, 0.0, 0.0)",
VOICE_CAPTURE,161697,12/8/2022 1:09:46 PM,8e0fd6a0-777b-4459-96df-ea1e61adbe4d,lie down sit down,NA,
VOICE_COMMAND,161697,12/8/2022 1:09:46 PM,8e0fd6a0-777b-4459-96df-ea1e61adbe4d,sit up/down,lie down sit down,
VOICE_COMMAND,161697,12/8/2022 1:09:46 PM,8e0fd6a0-777b-4459-96df-ea1e61adbe4d,lay down,lie down sit down,
