VOICE_CAPTURE,4122,12/7/2022 8:18:55 AM,961f85c4-719e-4c8d-8edf-9a9c3b673ff5,bye bye,NA,
PATIENT_DEMOTED,14925,12/7/2022 8:19:06 AM,961f85c4-719e-4c8d-8edf-9a9c3b673ff5,100,Infinity,Bob_0 Root,"(-1.4, 0.0, 5.6)","(0.0, 0.7, 0.0, 0.7)",EXPECTANT,still,faint,restricted,none,unresponsive,supine,
PATIENT_DEMOTED,15125,12/7/2022 8:19:06 AM,961f85c4-719e-4c8d-8edf-9a9c3b673ff5,100,Infinity,Bob_0 Root,"(-1.5, 0.0, 5.6)","(0.0, 0.7, 0.0, 0.7)",DEAD,still,none,none,none,dead,supine,
PATIENT_DEMOTED,15256,12/7/2022 8:19:06 AM,961f85c4-719e-4c8d-8edf-9a9c3b673ff5,100,Infinity,Gary_1 Root,"(1.7, 0.0, 7.4)","(0.0, 1.0, 0.0, 0.0)",EXPECTANT,still,faint,restricted,none,unresponsive,supine,
VOICE_CAPTURE,15356,12/7/2022 8:19:06 AM,961f85c4-719e-4c8d-8edf-9a9c3b673ff5,no there's stairs in the train station,NA,
PATIENT_DEMOTED,15984,12/7/2022 8:19:07 AM,961f85c4-719e-4c8d-8edf-9a9c3b673ff5,100,Infinity,Lily_2 Root,"(2.8, 0.0, 4.3)","(0.0, 1.0, 0.0, 0.0)",IMMEDIATE,waver,fast,fast,normal,agony,fetal,
PATIENT_DEMOTED,16654,12/7/2022 8:19:07 AM,961f85c4-719e-4c8d-8edf-9a9c3b673ff5,100,0,Gary_3 Root,"(0.3, 0.0, 1.6)","(0.0, 0.0, 0.0, 1.0)",IMMEDIATE,still,faint,collapsedRight,normal,unresponsive,supine,
PATIENT_DEMOTED,17234,12/7/2022 8:19:08 AM,961f85c4-719e-4c8d-8edf-9a9c3b673ff5,100,Infinity,Lily_4 Root,"(1.2, 0.0, 6.3)","(0.0, 1.0, 0.0, 0.0)",IMMEDIATE,waver,fast,normal,normal,upset,fetal,
PATIENT_DEMOTED,18061,12/7/2022 8:19:09 AM,961f85c4-719e-4c8d-8edf-9a9c3b673ff5,100,Infinity,Mike_5 Root,"(2.4, 0.0, 2.3)","(0.0, 1.0, 0.0, 0.0)",IMMEDIATE,waver,fast,normal,normal,upset,fetal,
PATIENT_DEMOTED,18617,12/7/2022 8:19:09 AM,961f85c4-719e-4c8d-8edf-9a9c3b673ff5,100,Infinity,Gloria_6 Root,"(-1.0, 0.0, 2.9)","(0.0, 0.4, 0.0, 0.9)",IMMEDIATE,waver,fast,normal,normal,upset,fetal,
PATIENT_DEMOTED,19035,12/7/2022 8:19:10 AM,961f85c4-719e-4c8d-8edf-9a9c3b673ff5,100,Infinity,Gloria_6 Root,"(-1.2, 0.0, 3.1)","(0.0, 0.4, 0.0, 0.9)",DELAYED,waver,fast,normal,normal,upset,fetal,
PATIENT_DEMOTED,19324,12/7/2022 8:19:10 AM,961f85c4-719e-4c8d-8edf-9a9c3b673ff5,100,Infinity,Mike_7 Root,"(1.7, 0.0, 3.9)","(0.0, 0.1, 0.0, 1.0)",IMMEDIATE,waver,fast,normal,normal,upset,sittingGround,
PATIENT_DEMOTED,19690,12/7/2022 8:19:10 AM,961f85c4-719e-4c8d-8edf-9a9c3b673ff5,100,Infinity,Mike_7 Root,"(1.0, 0.0, 3.7)","(0.0, 0.1, 0.0, 1.0)",DELAYED,waver,fast,normal,normal,upset,sittingGround,
PATIENT_DEMOTED,19917,12/7/2022 8:19:11 AM,961f85c4-719e-4c8d-8edf-9a9c3b673ff5,100,Infinity,Gloria_8 Root,"(3.7, 0.0, 6.0)","(0.0, 1.0, 0.0, 0.0)",DELAYED,walker,normal,normal,normal,upset,sittingGround,
SESSION_END,21576,12/7/2022 8:19:12 AM,961f85c4-719e-4c8d-8edf-9a9c3b673ff5,
