TELEPORT,2414,12/6/2022 12:56:20 PM,a935b4f6-2300-41b3-bcd7-14cd70b222ed,"(1.9, 0.0, 1.2)",
TELEPORT,3100,12/6/2022 12:56:21 PM,a935b4f6-2300-41b3-bcd7-14cd70b222ed,"(1.9, 0.0, 1.2)",
TELEPORT,3851,12/6/2022 12:56:21 PM,a935b4f6-2300-41b3-bcd7-14cd70b222ed,"(1.9, 0.0, 1.2)",
PATIENT_DEMOTED,4241,12/6/2022 12:56:22 PM,a935b4f6-2300-41b3-bcd7-14cd70b222ed,100,Infinity,Helga_0 Root,"(-0.2, 0.0, 7.8)","(0.0, 0.7, 0.0, 0.7)",IMMEDIATE,waver,fast,normal,normal,upset,sittingGround,
PATIENT_DEMOTED,4904,12/6/2022 12:56:22 PM,a935b4f6-2300-41b3-bcd7-14cd70b222ed,100,Infinity,Lily_1 Root,"(1.5, 0.0, 3.7)","(0.0, 0.1, 0.0, 1.0)",IMMEDIATE,waver,normal,normal,normal,calm,fetal,
PATIENT_DEMOTED,5374,12/6/2022 12:56:23 PM,a935b4f6-2300-41b3-bcd7-14cd70b222ed,100,Infinity,Lily_1 Root,"(1.2, 0.0, 3.8)","(0.0, 0.1, 0.0, 1.0)",DELAYED,waver,normal,normal,normal,calm,fetal,
PATIENT_DEMOTED,5675,12/6/2022 12:56:23 PM,a935b4f6-2300-41b3-bcd7-14cd70b222ed,100,Infinity,Gloria_2 Root,"(0.7, 0.0, 0.4)","(0.0, 1.0, 0.0, 0.0)",IMMEDIATE,waver,fast,fast,normal,agony,supine,
VOICE_CAPTURE,5923,12/6/2022 12:56:23 PM,a935b4f6-2300-41b3-bcd7-14cd70b222ed,alright,NA,
PATIENT_DEMOTED,6307,12/6/2022 12:56:24 PM,a935b4f6-2300-41b3-bcd7-14cd70b222ed,100,Infinity,Mike_3 Root,"(-0.8, 0.0, 3.7)","(0.0, 0.4, 0.0, 0.9)",IMMEDIATE,waver,fast,fast,normal,agony,sittingGround,
PATIENT_DEMOTED,6811,12/6/2022 12:56:24 PM,a935b4f6-2300-41b3-bcd7-14cd70b222ed,100,Infinity,Mike_4 Root,"(1.4, 0.0, 6.0)","(0.0, 1.0, 0.0, 0.0)",DELAYED,walker,normal,normal,normal,upset,standing,
PATIENT_DEMOTED,7332,12/6/2022 12:56:25 PM,a935b4f6-2300-41b3-bcd7-14cd70b222ed,100,Infinity,Mike_4 Root,"(1.4, 0.0, 6.0)","(0.0, 1.0, 0.0, 0.0)",MINIMAL,walker,normal,normal,normal,upset,sittingGround,
PATIENT_DEMOTED,7462,12/6/2022 12:56:25 PM,a935b4f6-2300-41b3-bcd7-14cd70b222ed,100,0,Gary_5 Root,"(2.8, 0.0, 5.3)","(0.0, 1.0, 0.0, 0.0)",DELAYED,walker,normal,restricted,normal,upset,kneeling,
PATIENT_DEMOTED,7981,12/6/2022 12:56:25 PM,a935b4f6-2300-41b3-bcd7-14cd70b222ed,100,0,Gary_5 Root,"(2.8, 0.0, 5.3)","(0.0, 1.0, 0.0, 0.0)",MINIMAL,walker,normal,restricted,normal,upset,sittingGround,
PATIENT_DEMOTED,8218,12/6/2022 12:56:26 PM,a935b4f6-2300-41b3-bcd7-14cd70b222ed,100,128,Mike_6 Root,"(3.0, 0.0, 3.6)","(0.0, 0.0, 0.0, 1.0)",IMMEDIATE,still,faint,collapsedRight,normal,unresponsive,supine,
PATIENT_DEMOTED,8862,12/6/2022 12:56:26 PM,a935b4f6-2300-41b3-bcd7-14cd70b222ed,100,Infinity,Lily_7 Root,"(2.3, 0.0, 1.9)","(0.0, 1.0, 0.0, 0.0)",EXPECTANT,still,faint,restricted,none,unresponsive,supine,
PATIENT_DEMOTED,9285,12/6/2022 12:56:27 PM,a935b4f6-2300-41b3-bcd7-14cd70b222ed,100,Infinity,Lily_7 Root,"(2.3, 0.0, 1.8)","(0.0, 1.0, 0.0, 0.0)",DEAD,still,none,none,none,dead,supine,
PATIENT_DEMOTED,10340,12/6/2022 12:56:28 PM,a935b4f6-2300-41b3-bcd7-14cd70b222ed,100,Infinity,Mike_9 Root,"(3.1, 0.0, 0.5)","(0.0, 1.0, 0.0, 0.0)",IMMEDIATE,waver,fast,normal,normal,upset,sittingGround,
VOICE_CAPTURE,11822,12/6/2022 12:56:29 PM,a935b4f6-2300-41b3-bcd7-14cd70b222ed,cool,NA,
SESSION_START,26258,12/6/2022 12:56:44 PM,a935b4f6-2300-41b3-bcd7-14cd70b222ed,
PATIENT_RECORD,26258,12/6/2022 12:56:44 PM,a935b4f6-2300-41b3-bcd7-14cd70b222ed,100,Infinity,Helga_0 Root,"(0.2, 0.0, 7.7)","(0.0, 0.7, 0.0, 0.7)",IMMEDIATE,waver,fast,fast,normal,upset,sittingGround,
INJURY_RECORD,26259,12/6/2022 12:56:44 PM,a935b4f6-2300-41b3-bcd7-14cd70b222ed,L Stomach Puncture,Helga_0 Root,woundpack,high,abdomen,False,False,"(0.3, 1.0, 7.7)",
INJURY_RECORD,26259,12/6/2022 12:56:44 PM,a935b4f6-2300-41b3-bcd7-14cd70b222ed,L Thigh Puncture,Helga_0 Root,tourniquet,medium,leftLeg,False,False,"(0.2, 0.5, 7.7)",
PATIENT_RECORD,26259,12/6/2022 12:56:44 PM,a935b4f6-2300-41b3-bcd7-14cd70b222ed,100,Infinity,Lily_1 Root,"(1.2, 0.0, 3.9)","(0.0, 0.1, 0.0, 1.0)",DELAYED,waver,normal,normal,normal,calm,fetal,
INJURY_RECORD,26259,12/6/2022 12:56:44 PM,a935b4f6-2300-41b3-bcd7-14cd70b222ed,R Bicep Puncture,Lily_1 Root,tourniquet,medium,rightArm,False,False,"(1.6, 1.3, 3.8)",
INJURY_RECORD,26259,12/6/2022 12:56:44 PM,a935b4f6-2300-41b3-bcd7-14cd70b222ed,R Thigh Laceration,Lily_1 Root,tourniquet,medium,rightLeg,False,False,"(1.3, 0.6, 3.9)",
PATIENT_RECORD,26259,12/6/2022 12:56:44 PM,a935b4f6-2300-41b3-bcd7-14cd70b222ed,100,Infinity,Gloria_2 Root,"(0.8, 0.0, 0.6)","(0.0, 1.0, 0.0, 0.0)",IMMEDIATE,waver,fast,fast,normal,agony,supine,
INJURY_RECORD,26259,12/6/2022 12:56:44 PM,a935b4f6-2300-41b3-bcd7-14cd70b222ed,L Shin Amputation,Gloria_2 Root,tourniquet,high,leftLeg,False,False,"(0.9, 0.4, 0.5)",
PATIENT_RECORD,26259,12/6/2022 12:56:44 PM,a935b4f6-2300-41b3-bcd7-14cd70b222ed,100,Infinity,Mike_3 Root,"(-1.3, 0.0, 4.2)","(0.0, 0.4, 0.0, 0.9)",IMMEDIATE,waver,fast,fast,normal,agony,sittingGround,
INJURY_RECORD,26259,12/6/2022 12:56:44 PM,a935b4f6-2300-41b3-bcd7-14cd70b222ed,R Wrist Amputation,Mike_3 Root,tourniquet,high,rightArm,False,False,"(-0.9, 1.3, 3.8)",
PATIENT_RECORD,26259,12/6/2022 12:56:44 PM,a935b4f6-2300-41b3-bcd7-14cd70b222ed,100,Infinity,Mike_4 Root,"(1.4, 0.0, 6.0)","(0.0, 1.0, 0.0, 0.0)",MINIMAL,walker,normal,normal,normal,upset,sittingGround,
INJURY_RECORD,26259,12/6/2022 12:56:44 PM,a935b4f6-2300-41b3-bcd7-14cd70b222ed,R Palm Laceration,Mike_4 Root,gauzePressure,low,rightArm,False,False,"(0.7, 1.3, 6.0)",
PATIENT_RECORD,26259,12/6/2022 12:56:44 PM,a935b4f6-2300-41b3-bcd7-14cd70b222ed,100,0,Gary_5 Root,"(2.8, 0.0, 5.3)","(0.0, 1.0, 0.0, 0.0)",MINIMAL,walker,normal,restricted,normal,upset,sittingGround,
INJURY_RECORD,26259,12/6/2022 12:56:44 PM,a935b4f6-2300-41b3-bcd7-14cd70b222ed,Asthmatic,Gary_5 Root,none,medium,chest,False,False,"(0.0, 0.0, 0.0)",
PATIENT_RECORD,26259,12/6/2022 12:56:44 PM,a935b4f6-2300-41b3-bcd7-14cd70b222ed,100,128,Mike_6 Root,"(3.0, 0.0, 3.4)","(0.0, 0.0, 0.0, 1.0)",IMMEDIATE,still,faint,collapsedRight,normal,unresponsive,supine,
INJURY_RECORD,26259,12/6/2022 12:56:44 PM,a935b4f6-2300-41b3-bcd7-14cd70b222ed,R Chest Collapse,Mike_6 Root,decompress,high,chest,False,False,"(0.0, 0.0, 0.0)",
PATIENT_RECORD,26259,12/6/2022 12:56:44 PM,a935b4f6-2300-41b3-bcd7-14cd70b222ed,100,Infinity,Lily_7 Root,"(2.3, 0.0, 1.8)","(0.0, 1.0, 0.0, 0.0)",DEAD,still,none,none,none,dead,supine,
INJURY_RECORD,26259,12/6/2022 12:56:44 PM,a935b4f6-2300-41b3-bcd7-14cd70b222ed,Face Shrapnel,Lily_7 Root,airway,high,head,False,False,"(2.3, 1.6, 1.8)",
INJURY_RECORD,26259,12/6/2022 12:56:44 PM,a935b4f6-2300-41b3-bcd7-14cd70b222ed,L Wrist Amputation,Lily_7 Root,tourniquet,high,leftArm,False,False,"(2.9, 1.3, 1.7)",
INJURY_RECORD,26259,12/6/2022 12:56:44 PM,a935b4f6-2300-41b3-bcd7-14cd70b222ed,R Bicep Puncture,Lily_7 Root,tourniquet,medium,rightArm,False,False,"(1.9, 1.3, 1.8)",
PATIENT_RECORD,26259,12/6/2022 12:56:44 PM,a935b4f6-2300-41b3-bcd7-14cd70b222ed,100,Infinity,Gloria_8 Root,"(2.6, 0.0, 8.0)","(0.0, 1.0, 0.0, 0.0)",MINIMAL,still,normal,normal,limited,calm,standing,
INJURY_RECORD,26259,12/6/2022 12:56:44 PM,a935b4f6-2300-41b3-bcd7-14cd70b222ed,Ear Bleed,Gloria_8 Root,none,low,head,False,False,"(0.0, 0.0, 0.0)",
PATIENT_RECORD,26259,12/6/2022 12:56:44 PM,a935b4f6-2300-41b3-bcd7-14cd70b222ed,100,Infinity,Mike_9 Root,"(3.4, 0.0, 1.1)","(0.0, 1.0, 0.0, 0.0)",IMMEDIATE,waver,normal,normal,normal,upset,sittingGround,
INJURY_RECORD,26259,12/6/2022 12:56:44 PM,a935b4f6-2300-41b3-bcd7-14cd70b222ed,L Side Puncture,Mike_9 Root,woundpack,medium,abdomen,False,False,"(3.6, 1.1, 1.0)",
INJURY_RECORD,26259,12/6/2022 12:56:44 PM,a935b4f6-2300-41b3-bcd7-14cd70b222ed,L Thigh Puncture,Mike_9 Root,tourniquet,medium,leftLeg,False,False,"(3.5, 0.6, 1.0)",
INJURY_RECORD,26259,12/6/2022 12:56:44 PM,a935b4f6-2300-41b3-bcd7-14cd70b222ed,L Calf Laceration,Mike_9 Root,gauzePressure,low,leftLeg,False,False,"(3.6, 0.3, 1.1)",
PATIENT_RECORD,26259,12/6/2022 12:56:44 PM,a935b4f6-2300-41b3-bcd7-14cd70b222ed,100,Infinity,Bob_10 Root,"(3.8, 0.0, 4.0)","(0.0, 1.0, 0.0, 0.0)",MINIMAL,walker,normal,normal,normal,calm,standing,
TELEPORT,30868,12/6/2022 12:56:48 PM,a935b4f6-2300-41b3-bcd7-14cd70b222ed,"(0.6, 0.0, -2.1)",
VOICE_CAPTURE,34419,12/6/2022 12:56:52 PM,a935b4f6-2300-41b3-bcd7-14cd70b222ed,anybody that can walk go over there,NA,
VOICE_COMMAND,34419,12/6/2022 12:56:52 PM,a935b4f6-2300-41b3-bcd7-14cd70b222ed,walk to the safe area,anybody that can walk go over there,
VOICE_COMMAND,34419,12/6/2022 12:56:52 PM,a935b4f6-2300-41b3-bcd7-14cd70b222ed,walk to the safe area,anybody that can walk go over there,
S_A_L_T_WALK_IF_CAN,34422,12/6/2022 12:56:52 PM,a935b4f6-2300-41b3-bcd7-14cd70b222ed,"(0.2, 0.0, 7.7)",walkIfCan,Helga_0 Root,
S_A_L_T_WALK_IF_CAN,34422,12/6/2022 12:56:52 PM,a935b4f6-2300-41b3-bcd7-14cd70b222ed,"(1.2, 0.0, 3.9)",walkIfCan,Lily_1 Root,
S_A_L_T_WALK_IF_CAN,34422,12/6/2022 12:56:52 PM,a935b4f6-2300-41b3-bcd7-14cd70b222ed,"(0.8, 0.0, 0.6)",walkIfCan,Gloria_2 Root,
S_A_L_T_WALK_IF_CAN,34422,12/6/2022 12:56:52 PM,a935b4f6-2300-41b3-bcd7-14cd70b222ed,"(-1.3, 0.0, 4.2)",walkIfCan,Mike_3 Root,
S_A_L_T_WALK_IF_CAN,34423,12/6/2022 12:56:52 PM,a935b4f6-2300-41b3-bcd7-14cd70b222ed,"(1.4, 0.0, 6.0)",walkIfCan,Mike_4 Root,
S_A_L_T_WALKED,34423,12/6/2022 12:56:52 PM,a935b4f6-2300-41b3-bcd7-14cd70b222ed,"(1.4, 0.0, 6.0)",walked,Mike_4 Root,
S_A_L_T_WALK_IF_CAN,34423,12/6/2022 12:56:52 PM,a935b4f6-2300-41b3-bcd7-14cd70b222ed,"(2.8, 0.0, 5.3)",walkIfCan,Gary_5 Root,
S_A_L_T_WALKED,34423,12/6/2022 12:56:52 PM,a935b4f6-2300-41b3-bcd7-14cd70b222ed,"(2.8, 0.0, 5.3)",walked,Gary_5 Root,
S_A_L_T_WALK_IF_CAN,34423,12/6/2022 12:56:52 PM,a935b4f6-2300-41b3-bcd7-14cd70b222ed,"(2.6, 0.0, 8.0)",walkIfCan,Gloria_8 Root,
S_A_L_T_WALK_IF_CAN,34423,12/6/2022 12:56:52 PM,a935b4f6-2300-41b3-bcd7-14cd70b222ed,"(3.4, 0.0, 1.1)",walkIfCan,Mike_9 Root,
S_A_L_T_WALK_IF_CAN,34423,12/6/2022 12:56:52 PM,a935b4f6-2300-41b3-bcd7-14cd70b222ed,"(3.8, 0.0, 4.0)",walkIfCan,Bob_10 Root,
S_A_L_T_WALKED,34423,12/6/2022 12:56:52 PM,a935b4f6-2300-41b3-bcd7-14cd70b222ed,"(3.8, 0.0, 4.0)",walked,Bob_10 Root,
TELEPORT,36874,12/6/2022 12:56:54 PM,a935b4f6-2300-41b3-bcd7-14cd70b222ed,"(5.1, 0.0, -2.4)",
VOICE_CAPTURE,38368,12/6/2022 12:56:56 PM,a935b4f6-2300-41b3-bcd7-14cd70b222ed,OK,NA,
PULSE_TAKEN,38929,12/6/2022 12:56:56 PM,a935b4f6-2300-41b3-bcd7-14cd70b222ed,pulse_normal,Bob_10 Root,
VOICE_CAPTURE,40651,12/6/2022 12:56:58 PM,a935b4f6-2300-41b3-bcd7-14cd70b222ed,start here,NA,
PULSE_TAKEN,44007,12/6/2022 12:57:01 PM,a935b4f6-2300-41b3-bcd7-14cd70b222ed,pulse_fast,Gloria_2 Root,
VOICE_CAPTURE,49407,12/6/2022 12:57:07 PM,a935b4f6-2300-41b3-bcd7-14cd70b222ed,what's the respirations,NA,
BAG_ACCESS,51026,12/6/2022 12:57:08 PM,a935b4f6-2300-41b3-bcd7-14cd70b222ed,"(0.8, 0.5, 0.9)",
TOOL_HOVER,51661,12/6/2022 12:57:09 PM,a935b4f6-2300-41b3-bcd7-14cd70b222ed,Tourniquet,999,
TOOL_HOVER,51676,12/6/2022 12:57:09 PM,a935b4f6-2300-41b3-bcd7-14cd70b222ed,Tourniquet,999,
TOOL_HOVER,51694,12/6/2022 12:57:09 PM,a935b4f6-2300-41b3-bcd7-14cd70b222ed,Tourniquet,999,
TOOL_HOVER,51710,12/6/2022 12:57:09 PM,a935b4f6-2300-41b3-bcd7-14cd70b222ed,Tourniquet,999,
TOOL_HOVER,51727,12/6/2022 12:57:09 PM,a935b4f6-2300-41b3-bcd7-14cd70b222ed,Tourniquet,999,
TOOL_HOVER,51744,12/6/2022 12:57:09 PM,a935b4f6-2300-41b3-bcd7-14cd70b222ed,Tourniquet,999,
TOOL_HOVER,51760,12/6/2022 12:57:09 PM,a935b4f6-2300-41b3-bcd7-14cd70b222ed,Tourniquet,999,
TOOL_HOVER,51778,12/6/2022 12:57:09 PM,a935b4f6-2300-41b3-bcd7-14cd70b222ed,Tourniquet,999,
TOOL_HOVER,51793,12/6/2022 12:57:09 PM,a935b4f6-2300-41b3-bcd7-14cd70b222ed,Tourniquet,999,
TOOL_HOVER,51810,12/6/2022 12:57:09 PM,a935b4f6-2300-41b3-bcd7-14cd70b222ed,Tourniquet,999,
TOOL_SELECTED,51813,12/6/2022 12:57:09 PM,a935b4f6-2300-41b3-bcd7-14cd70b222ed,Tourniquet,998,
PATIENT_ENGAGED,52178,12/6/2022 12:57:10 PM,a935b4f6-2300-41b3-bcd7-14cd70b222ed,100,Infinity,Gloria_2 Root,"(0.8, 0.0, 0.6)","(0.0, 1.0, 0.0, 0.0)",IMMEDIATE,waver,fast,fast,normal,agony,supine,
VOICE_CAPTURE,52928,12/6/2022 12:57:10 PM,a935b4f6-2300-41b3-bcd7-14cd70b222ed,that's fast,NA,
INJURY_TREATED,53382,12/6/2022 12:57:11 PM,a935b4f6-2300-41b3-bcd7-14cd70b222ed,L Shin Amputation,Gloria_2 Root,tourniquet,high,leftLeg,True,False,"(1.0, 0.0, 0.5)",
TOOL_APPLIED,53383,12/6/2022 12:57:11 PM,a935b4f6-2300-41b3-bcd7-14cd70b222ed,Gloria_2 Root,Tourniquet,LeftUpLeg (UnityEngine.GameObject),tor_ring (1) (UnityEngine.GameObject),tourniquet(Clone) (UnityEngine.GameObject),AppliedTourniquet,
TAG_SELECTED,60473,12/6/2022 12:57:18 PM,a935b4f6-2300-41b3-bcd7-14cd70b222ed,red,
VOICE_CAPTURE,61575,12/6/2022 12:57:19 PM,a935b4f6-2300-41b3-bcd7-14cd70b222ed,OK,NA,
TAG_APPLIED,63332,12/6/2022 12:57:21 PM,a935b4f6-2300-41b3-bcd7-14cd70b222ed,Gloria_2 Root,red,
VOICE_CAPTURE,63513,12/6/2022 12:57:21 PM,a935b4f6-2300-41b3-bcd7-14cd70b222ed,yeah,NA,
BAG_CLOSED,67875,12/6/2022 12:57:25 PM,a935b4f6-2300-41b3-bcd7-14cd70b222ed,"(0.8, 0.5, 0.9)",
TELEPORT,67875,12/6/2022 12:57:25 PM,a935b4f6-2300-41b3-bcd7-14cd70b222ed,"(2.8, 0.0, 0.3)",
PATIENT_ENGAGED,69963,12/6/2022 12:57:27 PM,a935b4f6-2300-41b3-bcd7-14cd70b222ed,100,Infinity,Lily_7 Root,"(2.3, 0.0, 1.8)","(0.0, 1.0, 0.0, 0.0)",DEAD,still,none,none,none,dead,supine,
VOICE_CAPTURE,70046,12/6/2022 12:57:27 PM,a935b4f6-2300-41b3-bcd7-14cd70b222ed,OK,NA,
PULSE_TAKEN,71433,12/6/2022 12:57:29 PM,a935b4f6-2300-41b3-bcd7-14cd70b222ed,pulse_none,Lily_7 Root,
BAG_ACCESS,74708,12/6/2022 12:57:32 PM,a935b4f6-2300-41b3-bcd7-14cd70b222ed,"(1.6, 0.6, 2.0)",
TAG_SELECTED,75476,12/6/2022 12:57:33 PM,a935b4f6-2300-41b3-bcd7-14cd70b222ed,black,
VOICE_CAPTURE,76778,12/6/2022 12:57:34 PM,a935b4f6-2300-41b3-bcd7-14cd70b222ed,OK that one was that's pretty easy,NA,
TAG_APPLIED,77749,12/6/2022 12:57:35 PM,a935b4f6-2300-41b3-bcd7-14cd70b222ed,Lily_7 Root,black,
BAG_CLOSED,81156,12/6/2022 12:57:39 PM,a935b4f6-2300-41b3-bcd7-14cd70b222ed,"(1.6, 0.6, 2.0)",
TELEPORT,81156,12/6/2022 12:57:39 PM,a935b4f6-2300-41b3-bcd7-14cd70b222ed,"(2.9, 0.0, 1.0)",
PULSE_TAKEN,83931,12/6/2022 12:57:41 PM,a935b4f6-2300-41b3-bcd7-14cd70b222ed,pulse_faint,Mike_6 Root,
PULSE_TAKEN,85205,12/6/2022 12:57:43 PM,a935b4f6-2300-41b3-bcd7-14cd70b222ed,pulse_faint,Mike_6 Root,
PULSE_TAKEN,86123,12/6/2022 12:57:44 PM,a935b4f6-2300-41b3-bcd7-14cd70b222ed,pulse_faint,Mike_6 Root,
PATIENT_ENGAGED,89197,12/6/2022 12:57:47 PM,a935b4f6-2300-41b3-bcd7-14cd70b222ed,100,128,Mike_6 Root,"(3.0, 0.0, 3.4)","(0.0, 0.0, 0.0, 1.0)",IMMEDIATE,still,faint,collapsedRight,normal,unresponsive,supine,
BAG_ACCESS,90395,12/6/2022 12:57:48 PM,a935b4f6-2300-41b3-bcd7-14cd70b222ed,"(3.2, 0.4, 2.7)",
VOICE_CAPTURE,90580,12/6/2022 12:57:48 PM,a935b4f6-2300-41b3-bcd7-14cd70b222ed,OK,NA,
TOOL_HOVER,91256,12/6/2022 12:57:49 PM,a935b4f6-2300-41b3-bcd7-14cd70b222ed,Needle,999,
TOOL_HOVER,91276,12/6/2022 12:57:49 PM,a935b4f6-2300-41b3-bcd7-14cd70b222ed,Needle,999,
TOOL_HOVER,91296,12/6/2022 12:57:49 PM,a935b4f6-2300-41b3-bcd7-14cd70b222ed,Needle,999,
TOOL_HOVER,91312,12/6/2022 12:57:49 PM,a935b4f6-2300-41b3-bcd7-14cd70b222ed,Needle,999,
TOOL_HOVER,91331,12/6/2022 12:57:49 PM,a935b4f6-2300-41b3-bcd7-14cd70b222ed,Needle,999,
TOOL_SELECTED,91332,12/6/2022 12:57:49 PM,a935b4f6-2300-41b3-bcd7-14cd70b222ed,Needle,998,
INJURY_TREATED,93958,12/6/2022 12:57:51 PM,a935b4f6-2300-41b3-bcd7-14cd70b222ed,R Chest Collapse,Mike_6 Root,decompress,high,chest,True,False,"(0.0, 0.0, 0.0)",
TOOL_APPLIED,93958,12/6/2022 12:57:51 PM,a935b4f6-2300-41b3-bcd7-14cd70b222ed,Needle_Decomp(Clone),Needle,LChest_Breathe1 (UnityEngine.GameObject),cath_needle (UnityEngine.GameObject),left_chest,Needle_Decomp(Clone) (UnityEngine.GameObject),AppliedDecompNeedle,
TAG_SELECTED,95372,12/6/2022 12:57:53 PM,a935b4f6-2300-41b3-bcd7-14cd70b222ed,red,
TAG_APPLIED,97128,12/6/2022 12:57:55 PM,a935b4f6-2300-41b3-bcd7-14cd70b222ed,Mike_6 Root,red,
BAG_CLOSED,98451,12/6/2022 12:57:56 PM,a935b4f6-2300-41b3-bcd7-14cd70b222ed,"(3.2, 0.4, 2.7)",
TELEPORT,101375,12/6/2022 12:57:59 PM,a935b4f6-2300-41b3-bcd7-14cd70b222ed,"(4.5, 0.0, 1.5)",
PATIENT_ENGAGED,104813,12/6/2022 12:58:02 PM,a935b4f6-2300-41b3-bcd7-14cd70b222ed,100,Infinity,Lily_1 Root,"(1.2, 0.0, 3.9)","(0.0, 0.1, 0.0, 1.0)",DELAYED,waver,normal,normal,normal,calm,fetal,
PULSE_TAKEN,106601,12/6/2022 12:58:04 PM,a935b4f6-2300-41b3-bcd7-14cd70b222ed,pulse_normal,Lily_1 Root,
BAG_ACCESS,112767,12/6/2022 12:58:10 PM,a935b4f6-2300-41b3-bcd7-14cd70b222ed,"(0.7, 0.5, 4.0)",
TOOL_HOVER,113251,12/6/2022 12:58:11 PM,a935b4f6-2300-41b3-bcd7-14cd70b222ed,Hemostatic Gauze,999,
TOOL_HOVER,113268,12/6/2022 12:58:11 PM,a935b4f6-2300-41b3-bcd7-14cd70b222ed,Hemostatic Gauze,999,
TOOL_HOVER,113288,12/6/2022 12:58:11 PM,a935b4f6-2300-41b3-bcd7-14cd70b222ed,Hemostatic Gauze,999,
TOOL_HOVER,113302,12/6/2022 12:58:11 PM,a935b4f6-2300-41b3-bcd7-14cd70b222ed,Hemostatic Gauze,999,
TOOL_HOVER,113317,12/6/2022 12:58:11 PM,a935b4f6-2300-41b3-bcd7-14cd70b222ed,Hemostatic Gauze,999,
TOOL_HOVER,113334,12/6/2022 12:58:11 PM,a935b4f6-2300-41b3-bcd7-14cd70b222ed,Hemostatic Gauze,999,
TOOL_HOVER,113351,12/6/2022 12:58:11 PM,a935b4f6-2300-41b3-bcd7-14cd70b222ed,Hemostatic Gauze,999,
TOOL_HOVER,113367,12/6/2022 12:58:11 PM,a935b4f6-2300-41b3-bcd7-14cd70b222ed,Hemostatic Gauze,999,
TOOL_HOVER,113384,12/6/2022 12:58:11 PM,a935b4f6-2300-41b3-bcd7-14cd70b222ed,Hemostatic Gauze,999,
TOOL_HOVER,113402,12/6/2022 12:58:11 PM,a935b4f6-2300-41b3-bcd7-14cd70b222ed,Hemostatic Gauze,999,
TOOL_HOVER,113418,12/6/2022 12:58:11 PM,a935b4f6-2300-41b3-bcd7-14cd70b222ed,Hemostatic Gauze,999,
TOOL_HOVER,113435,12/6/2022 12:58:11 PM,a935b4f6-2300-41b3-bcd7-14cd70b222ed,Hemostatic Gauze,999,
TOOL_HOVER,113451,12/6/2022 12:58:11 PM,a935b4f6-2300-41b3-bcd7-14cd70b222ed,Hemostatic Gauze,999,
TOOL_HOVER,113469,12/6/2022 12:58:11 PM,a935b4f6-2300-41b3-bcd7-14cd70b222ed,Hemostatic Gauze,999,
TOOL_HOVER,113484,12/6/2022 12:58:11 PM,a935b4f6-2300-41b3-bcd7-14cd70b222ed,Hemostatic Gauze,999,
TOOL_SELECTED,113485,12/6/2022 12:58:11 PM,a935b4f6-2300-41b3-bcd7-14cd70b222ed,Hemostatic Gauze,998,
TOOL_DISCARDED,115072,12/6/2022 12:58:12 PM,a935b4f6-2300-41b3-bcd7-14cd70b222ed,Hemostatic Gauze,998,"(1.0, 0.2, 4.0)",
INJURY_TREATED,115073,12/6/2022 12:58:12 PM,a935b4f6-2300-41b3-bcd7-14cd70b222ed,R Thigh Laceration,Lily_1 Root,tourniquet,medium,rightLeg,False,True,"(1.0, 0.2, 4.0)",
TOOL_APPLIED,115073,12/6/2022 12:58:12 PM,a935b4f6-2300-41b3-bcd7-14cd70b222ed,Lily_1 Root,Gauze_Pack,skinCollider_BodyLOD (UnityEngine.GameObject),null,null,AppliedPackingGauze,
TOOL_HOVER,117846,12/6/2022 12:58:15 PM,a935b4f6-2300-41b3-bcd7-14cd70b222ed,Tourniquet,998,
TOOL_HOVER,117862,12/6/2022 12:58:15 PM,a935b4f6-2300-41b3-bcd7-14cd70b222ed,Tourniquet,998,
TOOL_HOVER,117879,12/6/2022 12:58:15 PM,a935b4f6-2300-41b3-bcd7-14cd70b222ed,Tourniquet,998,
TOOL_HOVER,117895,12/6/2022 12:58:15 PM,a935b4f6-2300-41b3-bcd7-14cd70b222ed,Tourniquet,998,
TOOL_HOVER,117912,12/6/2022 12:58:15 PM,a935b4f6-2300-41b3-bcd7-14cd70b222ed,Tourniquet,998,
TOOL_HOVER,117928,12/6/2022 12:58:15 PM,a935b4f6-2300-41b3-bcd7-14cd70b222ed,Tourniquet,998,
TOOL_HOVER,117944,12/6/2022 12:58:15 PM,a935b4f6-2300-41b3-bcd7-14cd70b222ed,Tourniquet,998,
TOOL_HOVER,117961,12/6/2022 12:58:15 PM,a935b4f6-2300-41b3-bcd7-14cd70b222ed,Tourniquet,998,
TOOL_SELECTED,117962,12/6/2022 12:58:15 PM,a935b4f6-2300-41b3-bcd7-14cd70b222ed,Tourniquet,997,
INJURY_TREATED,120067,12/6/2022 12:58:17 PM,a935b4f6-2300-41b3-bcd7-14cd70b222ed,R Thigh Laceration,Lily_1 Root,tourniquet,medium,rightLeg,True,True,"(1.0, 0.2, 4.0)",
TOOL_APPLIED,120067,12/6/2022 12:58:17 PM,a935b4f6-2300-41b3-bcd7-14cd70b222ed,Lily_1 Root,Tourniquet,RightUpLeg (UnityEngine.GameObject),tor_ring (1) (UnityEngine.GameObject),tourniquet(Clone) (UnityEngine.GameObject),AppliedTourniquet,
VOICE_CAPTURE,121353,12/6/2022 12:58:19 PM,a935b4f6-2300-41b3-bcd7-14cd70b222ed,nope guess what you got a tourniquet do then,NA,
TAG_SELECTED,122106,12/6/2022 12:58:20 PM,a935b4f6-2300-41b3-bcd7-14cd70b222ed,red,
TAG_APPLIED,123918,12/6/2022 12:58:21 PM,a935b4f6-2300-41b3-bcd7-14cd70b222ed,Lily_1 Root,red,
BAG_CLOSED,128947,12/6/2022 12:58:26 PM,a935b4f6-2300-41b3-bcd7-14cd70b222ed,"(0.7, 0.5, 4.0)",
TELEPORT,128948,12/6/2022 12:58:26 PM,a935b4f6-2300-41b3-bcd7-14cd70b222ed,"(2.8, 0.0, 3.6)",
VOICE_CAPTURE,129916,12/6/2022 12:58:27 PM,a935b4f6-2300-41b3-bcd7-14cd70b222ed,alright,NA,
PATIENT_ENGAGED,130451,12/6/2022 12:58:28 PM,a935b4f6-2300-41b3-bcd7-14cd70b222ed,100,Infinity,Mike_3 Root,"(-1.3, 0.0, 4.2)","(0.0, 0.4, 0.0, 0.9)",IMMEDIATE,waver,fast,fast,normal,agony,sittingGround,
VOICE_CAPTURE,136275,12/6/2022 12:58:34 PM,a935b4f6-2300-41b3-bcd7-14cd70b222ed,no it's the amputated nice,NA,
PULSE_TAKEN,137208,12/6/2022 12:58:35 PM,a935b4f6-2300-41b3-bcd7-14cd70b222ed,pulse_fast,Mike_3 Root,
VOICE_CAPTURE,139578,12/6/2022 12:58:37 PM,a935b4f6-2300-41b3-bcd7-14cd70b222ed,is he outside of the playable area,NA,
PULSE_TAKEN,140865,12/6/2022 12:58:38 PM,a935b4f6-2300-41b3-bcd7-14cd70b222ed,pulse_fast,Mike_3 Root,
VOICE_CAPTURE,141660,12/6/2022 12:58:39 PM,a935b4f6-2300-41b3-bcd7-14cd70b222ed,or is that just red,NA,
VOICE_CAPTURE,142731,12/6/2022 12:58:40 PM,a935b4f6-2300-41b3-bcd7-14cd70b222ed,OK,NA,
BAG_ACCESS,147162,12/6/2022 12:58:45 PM,a935b4f6-2300-41b3-bcd7-14cd70b222ed,"(-1.1, 0.5, 4.1)",
TOOL_HOVER,147760,12/6/2022 12:58:45 PM,a935b4f6-2300-41b3-bcd7-14cd70b222ed,Tourniquet,997,
TOOL_HOVER,147777,12/6/2022 12:58:45 PM,a935b4f6-2300-41b3-bcd7-14cd70b222ed,Tourniquet,997,
TOOL_HOVER,147793,12/6/2022 12:58:45 PM,a935b4f6-2300-41b3-bcd7-14cd70b222ed,Tourniquet,997,
TOOL_HOVER,147810,12/6/2022 12:58:45 PM,a935b4f6-2300-41b3-bcd7-14cd70b222ed,Tourniquet,997,
TOOL_HOVER,147826,12/6/2022 12:58:45 PM,a935b4f6-2300-41b3-bcd7-14cd70b222ed,Tourniquet,997,
TOOL_HOVER,147843,12/6/2022 12:58:45 PM,a935b4f6-2300-41b3-bcd7-14cd70b222ed,Tourniquet,997,
TOOL_HOVER,147860,12/6/2022 12:58:45 PM,a935b4f6-2300-41b3-bcd7-14cd70b222ed,Tourniquet,997,
TOOL_HOVER,147878,12/6/2022 12:58:45 PM,a935b4f6-2300-41b3-bcd7-14cd70b222ed,Tourniquet,997,
TOOL_HOVER,147893,12/6/2022 12:58:45 PM,a935b4f6-2300-41b3-bcd7-14cd70b222ed,Tourniquet,997,
TOOL_HOVER,147911,12/6/2022 12:58:45 PM,a935b4f6-2300-41b3-bcd7-14cd70b222ed,Tourniquet,997,
TOOL_HOVER,147927,12/6/2022 12:58:45 PM,a935b4f6-2300-41b3-bcd7-14cd70b222ed,Tourniquet,997,
TOOL_HOVER,147943,12/6/2022 12:58:45 PM,a935b4f6-2300-41b3-bcd7-14cd70b222ed,Tourniquet,997,
TOOL_HOVER,147960,12/6/2022 12:58:45 PM,a935b4f6-2300-41b3-bcd7-14cd70b222ed,Tourniquet,997,
TOOL_HOVER,147976,12/6/2022 12:58:45 PM,a935b4f6-2300-41b3-bcd7-14cd70b222ed,Tourniquet,997,
TOOL_SELECTED,147977,12/6/2022 12:58:45 PM,a935b4f6-2300-41b3-bcd7-14cd70b222ed,Tourniquet,996,
INJURY_TREATED,150284,12/6/2022 12:58:48 PM,a935b4f6-2300-41b3-bcd7-14cd70b222ed,R Wrist Amputation,Mike_3 Root,tourniquet,high,rightArm,True,False,"(-1.4, 0.5, 4.2)",
TOOL_APPLIED,150284,12/6/2022 12:58:48 PM,a935b4f6-2300-41b3-bcd7-14cd70b222ed,Mike_3 Root,Tourniquet,RightArm (UnityEngine.GameObject),tor_ring (1) (UnityEngine.GameObject),tourniquet(Clone) (UnityEngine.GameObject),AppliedTourniquet,
VOICE_CAPTURE,150373,12/6/2022 12:58:48 PM,a935b4f6-2300-41b3-bcd7-14cd70b222ed,i i think i'm reaching i think i'm reaching through something,NA,
PULSE_TAKEN,150611,12/6/2022 12:58:48 PM,a935b4f6-2300-41b3-bcd7-14cd70b222ed,pulse_fast,Mike_3 Root,
TAG_SELECTED,153534,12/6/2022 12:58:51 PM,a935b4f6-2300-41b3-bcd7-14cd70b222ed,red,
TAG_APPLIED,155969,12/6/2022 12:58:53 PM,a935b4f6-2300-41b3-bcd7-14cd70b222ed,Mike_3 Root,red,
BAG_CLOSED,160286,12/6/2022 12:58:58 PM,a935b4f6-2300-41b3-bcd7-14cd70b222ed,"(-1.1, 0.5, 4.1)",
TELEPORT,161151,12/6/2022 12:58:59 PM,a935b4f6-2300-41b3-bcd7-14cd70b222ed,"(1.4, 0.0, 3.7)",
VOICE_CAPTURE,162760,12/6/2022 12:59:00 PM,a935b4f6-2300-41b3-bcd7-14cd70b222ed,let's see tag tag tag dead,NA,
PATIENT_ENGAGED,164557,12/6/2022 12:59:02 PM,a935b4f6-2300-41b3-bcd7-14cd70b222ed,100,Infinity,Helga_0 Root,"(0.2, 0.0, 7.7)","(0.0, 0.7, 0.0, 0.7)",IMMEDIATE,waver,fast,fast,normal,upset,sittingGround,
PULSE_TAKEN,167215,12/6/2022 12:59:05 PM,a935b4f6-2300-41b3-bcd7-14cd70b222ed,pulse_fast,Helga_0 Root,
VOICE_CAPTURE,175968,12/6/2022 12:59:13 PM,a935b4f6-2300-41b3-bcd7-14cd70b222ed,OK,NA,
TELEPORT,177224,12/6/2022 12:59:15 PM,a935b4f6-2300-41b3-bcd7-14cd70b222ed,"(2.6, 0.0, 6.0)",
PULSE_TAKEN,180330,12/6/2022 12:59:18 PM,a935b4f6-2300-41b3-bcd7-14cd70b222ed,pulse_fast,Helga_0 Root,
PULSE_TAKEN,185341,12/6/2022 12:59:23 PM,a935b4f6-2300-41b3-bcd7-14cd70b222ed,pulse_fast,Helga_0 Root,
VOICE_CAPTURE,188583,12/6/2022 12:59:26 PM,a935b4f6-2300-41b3-bcd7-14cd70b222ed,hey lay back,NA,
VOICE_CAPTURE,189439,12/6/2022 12:59:27 PM,a935b4f6-2300-41b3-bcd7-14cd70b222ed,lay down,NA,
VOICE_COMMAND,189439,12/6/2022 12:59:27 PM,a935b4f6-2300-41b3-bcd7-14cd70b222ed,lay down,lay down,
VOICE_CAPTURE,191925,12/6/2022 12:59:29 PM,a935b4f6-2300-41b3-bcd7-14cd70b222ed,lay down,NA,
VOICE_COMMAND,191925,12/6/2022 12:59:29 PM,a935b4f6-2300-41b3-bcd7-14cd70b222ed,lay down,lay down,
BAG_ACCESS,193128,12/6/2022 12:59:31 PM,a935b4f6-2300-41b3-bcd7-14cd70b222ed,"(0.3, 0.5, 7.3)",
TOOL_HOVER,193647,12/6/2022 12:59:31 PM,a935b4f6-2300-41b3-bcd7-14cd70b222ed,Hemostatic Gauze,999,
TOOL_HOVER,193663,12/6/2022 12:59:31 PM,a935b4f6-2300-41b3-bcd7-14cd70b222ed,Hemostatic Gauze,999,
TOOL_HOVER,193679,12/6/2022 12:59:31 PM,a935b4f6-2300-41b3-bcd7-14cd70b222ed,Hemostatic Gauze,999,
TOOL_HOVER,193697,12/6/2022 12:59:31 PM,a935b4f6-2300-41b3-bcd7-14cd70b222ed,Hemostatic Gauze,999,
TOOL_HOVER,193714,12/6/2022 12:59:31 PM,a935b4f6-2300-41b3-bcd7-14cd70b222ed,Hemostatic Gauze,999,
TOOL_HOVER,193730,12/6/2022 12:59:31 PM,a935b4f6-2300-41b3-bcd7-14cd70b222ed,Hemostatic Gauze,999,
TOOL_HOVER,193747,12/6/2022 12:59:31 PM,a935b4f6-2300-41b3-bcd7-14cd70b222ed,Hemostatic Gauze,999,
TOOL_HOVER,193764,12/6/2022 12:59:31 PM,a935b4f6-2300-41b3-bcd7-14cd70b222ed,Hemostatic Gauze,999,
TOOL_HOVER,193780,12/6/2022 12:59:31 PM,a935b4f6-2300-41b3-bcd7-14cd70b222ed,Hemostatic Gauze,999,
TOOL_HOVER,193797,12/6/2022 12:59:31 PM,a935b4f6-2300-41b3-bcd7-14cd70b222ed,Hemostatic Gauze,999,
TOOL_HOVER,193814,12/6/2022 12:59:31 PM,a935b4f6-2300-41b3-bcd7-14cd70b222ed,Hemostatic Gauze,999,
TOOL_HOVER,193832,12/6/2022 12:59:31 PM,a935b4f6-2300-41b3-bcd7-14cd70b222ed,Hemostatic Gauze,999,
TOOL_HOVER,193846,12/6/2022 12:59:31 PM,a935b4f6-2300-41b3-bcd7-14cd70b222ed,Hemostatic Gauze,999,
TOOL_HOVER,193863,12/6/2022 12:59:31 PM,a935b4f6-2300-41b3-bcd7-14cd70b222ed,Hemostatic Gauze,999,
TOOL_SELECTED,193864,12/6/2022 12:59:31 PM,a935b4f6-2300-41b3-bcd7-14cd70b222ed,Hemostatic Gauze,998,
VOICE_CAPTURE,194731,12/6/2022 12:59:32 PM,a935b4f6-2300-41b3-bcd7-14cd70b222ed,no that's not good,NA,
TOOL_DISCARDED,195752,12/6/2022 12:59:33 PM,a935b4f6-2300-41b3-bcd7-14cd70b222ed,Hemostatic Gauze,998,"(0.0, 0.3, 7.3)",
INJURY_TREATED,195753,12/6/2022 12:59:33 PM,a935b4f6-2300-41b3-bcd7-14cd70b222ed,L Stomach Puncture,Helga_0 Root,woundpack,high,abdomen,True,False,"(0.1, 0.3, 7.4)",
TOOL_APPLIED,195753,12/6/2022 12:59:33 PM,a935b4f6-2300-41b3-bcd7-14cd70b222ed,Helga_0 Root,Gauze_Pack,skinCollider_BodyLOD (UnityEngine.GameObject),null,null,AppliedPackingGauze,
TOOL_HOVER,197254,12/6/2022 12:59:35 PM,a935b4f6-2300-41b3-bcd7-14cd70b222ed,Hemostatic Gauze,999,
TOOL_HOVER,197271,12/6/2022 12:59:35 PM,a935b4f6-2300-41b3-bcd7-14cd70b222ed,Hemostatic Gauze,999,
TOOL_HOVER,197288,12/6/2022 12:59:35 PM,a935b4f6-2300-41b3-bcd7-14cd70b222ed,Hemostatic Gauze,999,
TOOL_HOVER,197305,12/6/2022 12:59:35 PM,a935b4f6-2300-41b3-bcd7-14cd70b222ed,Hemostatic Gauze,999,
TOOL_HOVER,197322,12/6/2022 12:59:35 PM,a935b4f6-2300-41b3-bcd7-14cd70b222ed,Hemostatic Gauze,999,
TOOL_HOVER,197339,12/6/2022 12:59:35 PM,a935b4f6-2300-41b3-bcd7-14cd70b222ed,Hemostatic Gauze,999,
TOOL_HOVER,197356,12/6/2022 12:59:35 PM,a935b4f6-2300-41b3-bcd7-14cd70b222ed,Hemostatic Gauze,999,
TOOL_HOVER,197372,12/6/2022 12:59:35 PM,a935b4f6-2300-41b3-bcd7-14cd70b222ed,Hemostatic Gauze,999,
TOOL_HOVER,197389,12/6/2022 12:59:35 PM,a935b4f6-2300-41b3-bcd7-14cd70b222ed,Hemostatic Gauze,999,
TOOL_HOVER,197405,12/6/2022 12:59:35 PM,a935b4f6-2300-41b3-bcd7-14cd70b222ed,Hemostatic Gauze,999,
TOOL_HOVER,197422,12/6/2022 12:59:35 PM,a935b4f6-2300-41b3-bcd7-14cd70b222ed,Hemostatic Gauze,999,
TOOL_HOVER,197439,12/6/2022 12:59:35 PM,a935b4f6-2300-41b3-bcd7-14cd70b222ed,Hemostatic Gauze,999,
TOOL_HOVER,197456,12/6/2022 12:59:35 PM,a935b4f6-2300-41b3-bcd7-14cd70b222ed,Hemostatic Gauze,999,
TOOL_HOVER,197472,12/6/2022 12:59:35 PM,a935b4f6-2300-41b3-bcd7-14cd70b222ed,Hemostatic Gauze,999,
TOOL_HOVER,197489,12/6/2022 12:59:35 PM,a935b4f6-2300-41b3-bcd7-14cd70b222ed,Hemostatic Gauze,999,
TOOL_HOVER,197506,12/6/2022 12:59:35 PM,a935b4f6-2300-41b3-bcd7-14cd70b222ed,Hemostatic Gauze,999,
TOOL_HOVER,197523,12/6/2022 12:59:35 PM,a935b4f6-2300-41b3-bcd7-14cd70b222ed,Hemostatic Gauze,999,
TOOL_HOVER,197538,12/6/2022 12:59:35 PM,a935b4f6-2300-41b3-bcd7-14cd70b222ed,Hemostatic Gauze,999,
TOOL_HOVER,197555,12/6/2022 12:59:35 PM,a935b4f6-2300-41b3-bcd7-14cd70b222ed,Hemostatic Gauze,999,
TOOL_HOVER,197571,12/6/2022 12:59:35 PM,a935b4f6-2300-41b3-bcd7-14cd70b222ed,Hemostatic Gauze,999,
TOOL_HOVER,197588,12/6/2022 12:59:35 PM,a935b4f6-2300-41b3-bcd7-14cd70b222ed,Hemostatic Gauze,999,
TOOL_HOVER,197604,12/6/2022 12:59:35 PM,a935b4f6-2300-41b3-bcd7-14cd70b222ed,Hemostatic Gauze,999,
TOOL_HOVER,197622,12/6/2022 12:59:35 PM,a935b4f6-2300-41b3-bcd7-14cd70b222ed,Hemostatic Gauze,999,
TOOL_HOVER,197640,12/6/2022 12:59:35 PM,a935b4f6-2300-41b3-bcd7-14cd70b222ed,Hemostatic Gauze,999,
TOOL_HOVER,197655,12/6/2022 12:59:35 PM,a935b4f6-2300-41b3-bcd7-14cd70b222ed,Hemostatic Gauze,999,
TOOL_HOVER,197672,12/6/2022 12:59:35 PM,a935b4f6-2300-41b3-bcd7-14cd70b222ed,Hemostatic Gauze,999,
TOOL_HOVER,197688,12/6/2022 12:59:35 PM,a935b4f6-2300-41b3-bcd7-14cd70b222ed,Hemostatic Gauze,999,
TOOL_HOVER,197706,12/6/2022 12:59:35 PM,a935b4f6-2300-41b3-bcd7-14cd70b222ed,Hemostatic Gauze,999,
TOOL_HOVER,197722,12/6/2022 12:59:35 PM,a935b4f6-2300-41b3-bcd7-14cd70b222ed,Hemostatic Gauze,999,
TOOL_HOVER,197739,12/6/2022 12:59:35 PM,a935b4f6-2300-41b3-bcd7-14cd70b222ed,Hemostatic Gauze,999,
TOOL_HOVER,197755,12/6/2022 12:59:35 PM,a935b4f6-2300-41b3-bcd7-14cd70b222ed,Hemostatic Gauze,999,
TOOL_HOVER,197772,12/6/2022 12:59:35 PM,a935b4f6-2300-41b3-bcd7-14cd70b222ed,Hemostatic Gauze,999,
TOOL_HOVER,197790,12/6/2022 12:59:35 PM,a935b4f6-2300-41b3-bcd7-14cd70b222ed,Hemostatic Gauze,999,
TOOL_HOVER,197806,12/6/2022 12:59:35 PM,a935b4f6-2300-41b3-bcd7-14cd70b222ed,Hemostatic Gauze,999,
TOOL_HOVER,197822,12/6/2022 12:59:35 PM,a935b4f6-2300-41b3-bcd7-14cd70b222ed,Hemostatic Gauze,999,
TOOL_HOVER,197840,12/6/2022 12:59:35 PM,a935b4f6-2300-41b3-bcd7-14cd70b222ed,Hemostatic Gauze,999,
TOOL_HOVER,197856,12/6/2022 12:59:35 PM,a935b4f6-2300-41b3-bcd7-14cd70b222ed,Hemostatic Gauze,999,
TOOL_HOVER,197873,12/6/2022 12:59:35 PM,a935b4f6-2300-41b3-bcd7-14cd70b222ed,Hemostatic Gauze,999,
TOOL_HOVER,197891,12/6/2022 12:59:35 PM,a935b4f6-2300-41b3-bcd7-14cd70b222ed,Hemostatic Gauze,999,
TOOL_HOVER,197906,12/6/2022 12:59:35 PM,a935b4f6-2300-41b3-bcd7-14cd70b222ed,Hemostatic Gauze,999,
TOOL_HOVER,197922,12/6/2022 12:59:35 PM,a935b4f6-2300-41b3-bcd7-14cd70b222ed,Hemostatic Gauze,999,
TOOL_HOVER,197939,12/6/2022 12:59:35 PM,a935b4f6-2300-41b3-bcd7-14cd70b222ed,Hemostatic Gauze,999,
TOOL_HOVER,197956,12/6/2022 12:59:35 PM,a935b4f6-2300-41b3-bcd7-14cd70b222ed,Hemostatic Gauze,999,
TOOL_HOVER,197972,12/6/2022 12:59:35 PM,a935b4f6-2300-41b3-bcd7-14cd70b222ed,Hemostatic Gauze,999,
TOOL_HOVER,197990,12/6/2022 12:59:35 PM,a935b4f6-2300-41b3-bcd7-14cd70b222ed,Hemostatic Gauze,999,
TOOL_HOVER,198006,12/6/2022 12:59:35 PM,a935b4f6-2300-41b3-bcd7-14cd70b222ed,Hemostatic Gauze,999,
TOOL_HOVER,198023,12/6/2022 12:59:35 PM,a935b4f6-2300-41b3-bcd7-14cd70b222ed,Hemostatic Gauze,999,
TOOL_HOVER,198040,12/6/2022 12:59:35 PM,a935b4f6-2300-41b3-bcd7-14cd70b222ed,Hemostatic Gauze,999,
TOOL_HOVER,198056,12/6/2022 12:59:35 PM,a935b4f6-2300-41b3-bcd7-14cd70b222ed,Hemostatic Gauze,999,
TOOL_HOVER,198074,12/6/2022 12:59:35 PM,a935b4f6-2300-41b3-bcd7-14cd70b222ed,Hemostatic Gauze,999,
TOOL_HOVER,198090,12/6/2022 12:59:35 PM,a935b4f6-2300-41b3-bcd7-14cd70b222ed,Hemostatic Gauze,999,
TOOL_HOVER,198107,12/6/2022 12:59:36 PM,a935b4f6-2300-41b3-bcd7-14cd70b222ed,Hemostatic Gauze,999,
TOOL_HOVER,198124,12/6/2022 12:59:36 PM,a935b4f6-2300-41b3-bcd7-14cd70b222ed,Hemostatic Gauze,999,
TOOL_HOVER,198140,12/6/2022 12:59:36 PM,a935b4f6-2300-41b3-bcd7-14cd70b222ed,Hemostatic Gauze,999,
TOOL_HOVER,198157,12/6/2022 12:59:36 PM,a935b4f6-2300-41b3-bcd7-14cd70b222ed,Hemostatic Gauze,999,
TOOL_SELECTED,198158,12/6/2022 12:59:36 PM,a935b4f6-2300-41b3-bcd7-14cd70b222ed,Hemostatic Gauze,998,
TOOL_DISCARDED,200128,12/6/2022 12:59:38 PM,a935b4f6-2300-41b3-bcd7-14cd70b222ed,Hemostatic Gauze,998,"(0.3, 0.3, 7.8)",
INJURY_TREATED,200128,12/6/2022 12:59:38 PM,a935b4f6-2300-41b3-bcd7-14cd70b222ed,L Thigh Puncture,Helga_0 Root,tourniquet,medium,leftLeg,False,True,"(0.3, 0.3, 7.7)",
TOOL_APPLIED,200128,12/6/2022 12:59:38 PM,a935b4f6-2300-41b3-bcd7-14cd70b222ed,Helga_0 Root,Gauze_Pack,skinCollider_BodyLOD (UnityEngine.GameObject),null,null,AppliedPackingGauze,
TOOL_HOVER,202250,12/6/2022 12:59:40 PM,a935b4f6-2300-41b3-bcd7-14cd70b222ed,Tourniquet,996,
TOOL_HOVER,202267,12/6/2022 12:59:40 PM,a935b4f6-2300-41b3-bcd7-14cd70b222ed,Tourniquet,996,
TOOL_HOVER,202284,12/6/2022 12:59:40 PM,a935b4f6-2300-41b3-bcd7-14cd70b222ed,Tourniquet,996,
TOOL_HOVER,202300,12/6/2022 12:59:40 PM,a935b4f6-2300-41b3-bcd7-14cd70b222ed,Tourniquet,996,
TOOL_HOVER,202318,12/6/2022 12:59:40 PM,a935b4f6-2300-41b3-bcd7-14cd70b222ed,Tourniquet,996,
TOOL_HOVER,202334,12/6/2022 12:59:40 PM,a935b4f6-2300-41b3-bcd7-14cd70b222ed,Tourniquet,996,
TOOL_SELECTED,202335,12/6/2022 12:59:40 PM,a935b4f6-2300-41b3-bcd7-14cd70b222ed,Tourniquet,995,
TOOL_DISCARDED,203804,12/6/2022 12:59:41 PM,a935b4f6-2300-41b3-bcd7-14cd70b222ed,Tourniquet,995,"(0.2, 0.3, 7.6)",
TOOL_HOVER,205359,12/6/2022 12:59:43 PM,a935b4f6-2300-41b3-bcd7-14cd70b222ed,Tourniquet,996,
TOOL_HOVER,205376,12/6/2022 12:59:43 PM,a935b4f6-2300-41b3-bcd7-14cd70b222ed,Tourniquet,996,
TOOL_HOVER,205393,12/6/2022 12:59:43 PM,a935b4f6-2300-41b3-bcd7-14cd70b222ed,Tourniquet,996,
TOOL_HOVER,205409,12/6/2022 12:59:43 PM,a935b4f6-2300-41b3-bcd7-14cd70b222ed,Tourniquet,996,
TOOL_HOVER,205427,12/6/2022 12:59:43 PM,a935b4f6-2300-41b3-bcd7-14cd70b222ed,Tourniquet,996,
TOOL_HOVER,205443,12/6/2022 12:59:43 PM,a935b4f6-2300-41b3-bcd7-14cd70b222ed,Tourniquet,996,
TOOL_HOVER,205460,12/6/2022 12:59:43 PM,a935b4f6-2300-41b3-bcd7-14cd70b222ed,Tourniquet,996,
TOOL_HOVER,205477,12/6/2022 12:59:43 PM,a935b4f6-2300-41b3-bcd7-14cd70b222ed,Tourniquet,996,
TOOL_HOVER,205493,12/6/2022 12:59:43 PM,a935b4f6-2300-41b3-bcd7-14cd70b222ed,Tourniquet,996,
TOOL_HOVER,205509,12/6/2022 12:59:43 PM,a935b4f6-2300-41b3-bcd7-14cd70b222ed,Tourniquet,996,
TOOL_HOVER,205524,12/6/2022 12:59:43 PM,a935b4f6-2300-41b3-bcd7-14cd70b222ed,Tourniquet,996,
TOOL_HOVER,205542,12/6/2022 12:59:43 PM,a935b4f6-2300-41b3-bcd7-14cd70b222ed,Tourniquet,996,
TOOL_HOVER,205558,12/6/2022 12:59:43 PM,a935b4f6-2300-41b3-bcd7-14cd70b222ed,Tourniquet,996,
TOOL_HOVER,205575,12/6/2022 12:59:43 PM,a935b4f6-2300-41b3-bcd7-14cd70b222ed,Tourniquet,996,
TOOL_HOVER,205591,12/6/2022 12:59:43 PM,a935b4f6-2300-41b3-bcd7-14cd70b222ed,Tourniquet,996,
TOOL_HOVER,205608,12/6/2022 12:59:43 PM,a935b4f6-2300-41b3-bcd7-14cd70b222ed,Tourniquet,996,
TOOL_HOVER,205625,12/6/2022 12:59:43 PM,a935b4f6-2300-41b3-bcd7-14cd70b222ed,Tourniquet,996,
TOOL_HOVER,205642,12/6/2022 12:59:43 PM,a935b4f6-2300-41b3-bcd7-14cd70b222ed,Tourniquet,996,
TOOL_HOVER,207046,12/6/2022 12:59:44 PM,a935b4f6-2300-41b3-bcd7-14cd70b222ed,Tourniquet,996,
TOOL_HOVER,207061,12/6/2022 12:59:44 PM,a935b4f6-2300-41b3-bcd7-14cd70b222ed,Tourniquet,996,
TOOL_HOVER,207079,12/6/2022 12:59:44 PM,a935b4f6-2300-41b3-bcd7-14cd70b222ed,Tourniquet,996,
TOOL_HOVER,207095,12/6/2022 12:59:45 PM,a935b4f6-2300-41b3-bcd7-14cd70b222ed,Tourniquet,996,
TOOL_HOVER,207113,12/6/2022 12:59:45 PM,a935b4f6-2300-41b3-bcd7-14cd70b222ed,Tourniquet,996,
TOOL_HOVER,207129,12/6/2022 12:59:45 PM,a935b4f6-2300-41b3-bcd7-14cd70b222ed,Tourniquet,996,
TOOL_SELECTED,207130,12/6/2022 12:59:45 PM,a935b4f6-2300-41b3-bcd7-14cd70b222ed,Tourniquet,995,
VOICE_CAPTURE,207764,12/6/2022 12:59:45 PM,a935b4f6-2300-41b3-bcd7-14cd70b222ed,is everybody getting a tourniquet today,NA,
TOOL_DISCARDED,208999,12/6/2022 12:59:46 PM,a935b4f6-2300-41b3-bcd7-14cd70b222ed,Tourniquet,995,"(0.2, 0.3, 7.6)",
VOICE_CAPTURE,210187,12/6/2022 12:59:48 PM,a935b4f6-2300-41b3-bcd7-14cd70b222ed,come here you,NA,
VOICE_COMMAND,210187,12/6/2022 12:59:48 PM,a935b4f6-2300-41b3-bcd7-14cd70b222ed,walk to player,come here you,
TOOL_HOVER,210854,12/6/2022 12:59:48 PM,a935b4f6-2300-41b3-bcd7-14cd70b222ed,Tourniquet,996,
TOOL_HOVER,210872,12/6/2022 12:59:48 PM,a935b4f6-2300-41b3-bcd7-14cd70b222ed,Tourniquet,996,
TOOL_HOVER,210887,12/6/2022 12:59:48 PM,a935b4f6-2300-41b3-bcd7-14cd70b222ed,Tourniquet,996,
TOOL_HOVER,210904,12/6/2022 12:59:48 PM,a935b4f6-2300-41b3-bcd7-14cd70b222ed,Tourniquet,996,
TOOL_HOVER,210920,12/6/2022 12:59:48 PM,a935b4f6-2300-41b3-bcd7-14cd70b222ed,Tourniquet,996,
TOOL_HOVER,210938,12/6/2022 12:59:48 PM,a935b4f6-2300-41b3-bcd7-14cd70b222ed,Tourniquet,996,
TOOL_HOVER,210954,12/6/2022 12:59:48 PM,a935b4f6-2300-41b3-bcd7-14cd70b222ed,Tourniquet,996,
TOOL_HOVER,210971,12/6/2022 12:59:48 PM,a935b4f6-2300-41b3-bcd7-14cd70b222ed,Tourniquet,996,
TOOL_HOVER,210987,12/6/2022 12:59:48 PM,a935b4f6-2300-41b3-bcd7-14cd70b222ed,Tourniquet,996,
TOOL_HOVER,211005,12/6/2022 12:59:48 PM,a935b4f6-2300-41b3-bcd7-14cd70b222ed,Tourniquet,996,
TOOL_HOVER,211022,12/6/2022 12:59:48 PM,a935b4f6-2300-41b3-bcd7-14cd70b222ed,Tourniquet,996,
TOOL_SELECTED,211023,12/6/2022 12:59:48 PM,a935b4f6-2300-41b3-bcd7-14cd70b222ed,Tourniquet,995,
TOOL_DISCARDED,213494,12/6/2022 12:59:51 PM,a935b4f6-2300-41b3-bcd7-14cd70b222ed,Tourniquet,995,"(0.1, 1.1, 7.9)",
TOOL_HOVER,213561,12/6/2022 12:59:51 PM,a935b4f6-2300-41b3-bcd7-14cd70b222ed,Tourniquet,996,
TOOL_HOVER,213578,12/6/2022 12:59:51 PM,a935b4f6-2300-41b3-bcd7-14cd70b222ed,Tourniquet,996,
TOOL_HOVER,213594,12/6/2022 12:59:51 PM,a935b4f6-2300-41b3-bcd7-14cd70b222ed,Tourniquet,996,
TOOL_HOVER,213611,12/6/2022 12:59:51 PM,a935b4f6-2300-41b3-bcd7-14cd70b222ed,Tourniquet,996,
TOOL_HOVER,213627,12/6/2022 12:59:51 PM,a935b4f6-2300-41b3-bcd7-14cd70b222ed,Tourniquet,996,
TOOL_HOVER,213644,12/6/2022 12:59:51 PM,a935b4f6-2300-41b3-bcd7-14cd70b222ed,Tourniquet,996,
TOOL_HOVER,213661,12/6/2022 12:59:51 PM,a935b4f6-2300-41b3-bcd7-14cd70b222ed,Tourniquet,996,
TOOL_HOVER,213677,12/6/2022 12:59:51 PM,a935b4f6-2300-41b3-bcd7-14cd70b222ed,Tourniquet,996,
TOOL_HOVER,213694,12/6/2022 12:59:51 PM,a935b4f6-2300-41b3-bcd7-14cd70b222ed,Tourniquet,996,
TOOL_HOVER,213710,12/6/2022 12:59:51 PM,a935b4f6-2300-41b3-bcd7-14cd70b222ed,Tourniquet,996,
TOOL_HOVER,213728,12/6/2022 12:59:51 PM,a935b4f6-2300-41b3-bcd7-14cd70b222ed,Tourniquet,996,
TOOL_HOVER,213744,12/6/2022 12:59:51 PM,a935b4f6-2300-41b3-bcd7-14cd70b222ed,Tourniquet,996,
TOOL_HOVER,213861,12/6/2022 12:59:51 PM,a935b4f6-2300-41b3-bcd7-14cd70b222ed,Gauze,999,
TOOL_HOVER,213878,12/6/2022 12:59:51 PM,a935b4f6-2300-41b3-bcd7-14cd70b222ed,Gauze,999,
TOOL_HOVER,213896,12/6/2022 12:59:51 PM,a935b4f6-2300-41b3-bcd7-14cd70b222ed,Gauze,999,
TOOL_HOVER,213911,12/6/2022 12:59:51 PM,a935b4f6-2300-41b3-bcd7-14cd70b222ed,Gauze,999,
TOOL_HOVER,213928,12/6/2022 12:59:51 PM,a935b4f6-2300-41b3-bcd7-14cd70b222ed,Gauze,999,
TOOL_HOVER,213944,12/6/2022 12:59:51 PM,a935b4f6-2300-41b3-bcd7-14cd70b222ed,Gauze,999,
TOOL_SELECTED,213945,12/6/2022 12:59:51 PM,a935b4f6-2300-41b3-bcd7-14cd70b222ed,Gauze,998,
TOOL_DISCARDED,215833,12/6/2022 12:59:53 PM,a935b4f6-2300-41b3-bcd7-14cd70b222ed,Gauze,998,"(0.3, 0.4, 7.7)",
INJURY_TREATED,215834,12/6/2022 12:59:53 PM,a935b4f6-2300-41b3-bcd7-14cd70b222ed,L Thigh Puncture,Helga_0 Root,tourniquet,medium,leftLeg,False,True,"(0.3, 0.4, 7.7)",
TOOL_APPLIED,215835,12/6/2022 12:59:53 PM,a935b4f6-2300-41b3-bcd7-14cd70b222ed,Helga_0 Root,Gauze_Dressing,skinCollider_BodyLOD (UnityEngine.GameObject),null,null,AppliedDressingGauze,
TAG_SELECTED,219125,12/6/2022 12:59:57 PM,a935b4f6-2300-41b3-bcd7-14cd70b222ed,yellow,
TAG_DISCARDED,220309,12/6/2022 12:59:58 PM,a935b4f6-2300-41b3-bcd7-14cd70b222ed,yellow,"(0.1, 0.8, 7.5)",
TAG_SELECTED,220847,12/6/2022 12:59:58 PM,a935b4f6-2300-41b3-bcd7-14cd70b222ed,red,
TAG_APPLIED,222014,12/6/2022 12:59:59 PM,a935b4f6-2300-41b3-bcd7-14cd70b222ed,Helga_0 Root,red,
VOICE_CAPTURE,227027,12/6/2022 1:00:04 PM,a935b4f6-2300-41b3-bcd7-14cd70b222ed,no no no i'm over triaging them i can tell,NA,
VOICE_CAPTURE,231370,12/6/2022 1:00:09 PM,a935b4f6-2300-41b3-bcd7-14cd70b222ed,alright,NA,
BAG_CLOSED,232056,12/6/2022 1:00:09 PM,a935b4f6-2300-41b3-bcd7-14cd70b222ed,"(0.3, 0.5, 7.3)",
TELEPORT,232056,12/6/2022 1:00:09 PM,a935b4f6-2300-41b3-bcd7-14cd70b222ed,"(1.8, 0.0, 7.0)",
TELEPORT,233359,12/6/2022 1:00:11 PM,a935b4f6-2300-41b3-bcd7-14cd70b222ed,"(1.8, 0.0, 7.0)",
PATIENT_ENGAGED,235137,12/6/2022 1:00:13 PM,a935b4f6-2300-41b3-bcd7-14cd70b222ed,100,Infinity,Gloria_8 Root,"(2.6, 0.0, 8.1)","(0.0, 0.8, 0.0, -0.5)",MINIMAL,still,normal,normal,limited,calm,standing,
PULSE_TAKEN,236291,12/6/2022 1:00:14 PM,a935b4f6-2300-41b3-bcd7-14cd70b222ed,pulse_normal,Gloria_8 Root,
PULSE_TAKEN,239181,12/6/2022 1:00:17 PM,a935b4f6-2300-41b3-bcd7-14cd70b222ed,pulse_normal,Gloria_8 Root,
PULSE_TAKEN,239966,12/6/2022 1:00:17 PM,a935b4f6-2300-41b3-bcd7-14cd70b222ed,pulse_normal,Gloria_8 Root,
VOICE_CAPTURE,242648,12/6/2022 1:00:20 PM,a935b4f6-2300-41b3-bcd7-14cd70b222ed,put this picture,NA,
VOICE_CAPTURE,245238,12/6/2022 1:00:23 PM,a935b4f6-2300-41b3-bcd7-14cd70b222ed,rather than the tachycardia,NA,
PULSE_TAKEN,245422,12/6/2022 1:00:23 PM,a935b4f6-2300-41b3-bcd7-14cd70b222ed,pulse_normal,Gloria_8 Root,
VOICE_CAPTURE,247575,12/6/2022 1:00:25 PM,a935b4f6-2300-41b3-bcd7-14cd70b222ed,you heard anywhere,NA,
PULSE_TAKEN,247995,12/6/2022 1:00:25 PM,a935b4f6-2300-41b3-bcd7-14cd70b222ed,pulse_normal,Gloria_8 Root,
PULSE_TAKEN,248128,12/6/2022 1:00:26 PM,a935b4f6-2300-41b3-bcd7-14cd70b222ed,pulse_normal,Gloria_8 Root,
VOICE_CAPTURE,250132,12/6/2022 1:00:28 PM,a935b4f6-2300-41b3-bcd7-14cd70b222ed,are you injured,NA,
VOICE_COMMAND,250132,12/6/2022 1:00:28 PM,a935b4f6-2300-41b3-bcd7-14cd70b222ed,are you hurt,are you injured,
PULSE_TAKEN,250233,12/6/2022 1:00:28 PM,a935b4f6-2300-41b3-bcd7-14cd70b222ed,pulse_normal,Gloria_8 Root,
VOICE_CAPTURE,254750,12/6/2022 1:00:32 PM,a935b4f6-2300-41b3-bcd7-14cd70b222ed,can you hear,NA,
VOICE_COMMAND,254750,12/6/2022 1:00:32 PM,a935b4f6-2300-41b3-bcd7-14cd70b222ed,can you hear,can you hear,
BAG_ACCESS,260109,12/6/2022 1:00:38 PM,a935b4f6-2300-41b3-bcd7-14cd70b222ed,"(1.8, 0.7, 7.6)",
TAG_SELECTED,261027,12/6/2022 1:00:38 PM,a935b4f6-2300-41b3-bcd7-14cd70b222ed,green,
TAG_APPLIED,263415,12/6/2022 1:00:41 PM,a935b4f6-2300-41b3-bcd7-14cd70b222ed,Gloria_8 Root,green,
BAG_CLOSED,265538,12/6/2022 1:00:43 PM,a935b4f6-2300-41b3-bcd7-14cd70b222ed,"(1.8, 0.7, 7.6)",
TELEPORT,265538,12/6/2022 1:00:43 PM,a935b4f6-2300-41b3-bcd7-14cd70b222ed,"(2.9, 0.0, 7.7)",
PATIENT_ENGAGED,271652,12/6/2022 1:00:49 PM,a935b4f6-2300-41b3-bcd7-14cd70b222ed,100,Infinity,Mike_9 Root,"(3.4, 0.0, 1.1)","(0.0, 1.0, 0.0, 0.0)",IMMEDIATE,waver,normal,normal,normal,upset,sittingGround,
PULSE_TAKEN,273042,12/6/2022 1:00:50 PM,a935b4f6-2300-41b3-bcd7-14cd70b222ed,pulse_normal,Mike_9 Root,
TAG_SELECTED,279111,12/6/2022 1:00:57 PM,a935b4f6-2300-41b3-bcd7-14cd70b222ed,yellow,
VOICE_CAPTURE,280306,12/6/2022 1:00:58 PM,a935b4f6-2300-41b3-bcd7-14cd70b222ed,OK go ahead lay back,NA,
BAG_ACCESS,280624,12/6/2022 1:00:58 PM,a935b4f6-2300-41b3-bcd7-14cd70b222ed,"(4.0, 0.5, 1.2)",
TOOL_HOVER,281265,12/6/2022 1:00:59 PM,a935b4f6-2300-41b3-bcd7-14cd70b222ed,Hemostatic Gauze,999,
TOOL_HOVER,281288,12/6/2022 1:00:59 PM,a935b4f6-2300-41b3-bcd7-14cd70b222ed,Hemostatic Gauze,999,
TOOL_HOVER,281311,12/6/2022 1:00:59 PM,a935b4f6-2300-41b3-bcd7-14cd70b222ed,Hemostatic Gauze,999,
TOOL_HOVER,281335,12/6/2022 1:00:59 PM,a935b4f6-2300-41b3-bcd7-14cd70b222ed,Hemostatic Gauze,999,
TOOL_HOVER,281357,12/6/2022 1:00:59 PM,a935b4f6-2300-41b3-bcd7-14cd70b222ed,Hemostatic Gauze,999,
TOOL_HOVER,281380,12/6/2022 1:00:59 PM,a935b4f6-2300-41b3-bcd7-14cd70b222ed,Hemostatic Gauze,999,
TOOL_HOVER,281404,12/6/2022 1:00:59 PM,a935b4f6-2300-41b3-bcd7-14cd70b222ed,Hemostatic Gauze,999,
TOOL_HOVER,281428,12/6/2022 1:00:59 PM,a935b4f6-2300-41b3-bcd7-14cd70b222ed,Hemostatic Gauze,999,
TOOL_SELECTED,281429,12/6/2022 1:00:59 PM,a935b4f6-2300-41b3-bcd7-14cd70b222ed,Hemostatic Gauze,998,
VOICE_CAPTURE,282421,12/6/2022 1:01:00 PM,a935b4f6-2300-41b3-bcd7-14cd70b222ed,lay down,NA,
VOICE_COMMAND,282421,12/6/2022 1:01:00 PM,a935b4f6-2300-41b3-bcd7-14cd70b222ed,lay down,lay down,
TOOL_DISCARDED,286109,12/6/2022 1:01:04 PM,a935b4f6-2300-41b3-bcd7-14cd70b222ed,Hemostatic Gauze,998,"(3.2, 0.3, 1.2)",
INJURY_TREATED,286109,12/6/2022 1:01:04 PM,a935b4f6-2300-41b3-bcd7-14cd70b222ed,L Side Puncture,Mike_9 Root,woundpack,medium,abdomen,True,False,"(3.2, 0.3, 1.2)",
TOOL_APPLIED,286109,12/6/2022 1:01:04 PM,a935b4f6-2300-41b3-bcd7-14cd70b222ed,Mike_9 Root,Gauze_Pack,skinCollider_BodyCollideLOD (UnityEngine.GameObject),null,null,AppliedPackingGauze,
VOICE_CAPTURE,286417,12/6/2022 1:01:04 PM,a935b4f6-2300-41b3-bcd7-14cd70b222ed,go ahead lay down whoo boy went away,NA,
VOICE_COMMAND,286417,12/6/2022 1:01:04 PM,a935b4f6-2300-41b3-bcd7-14cd70b222ed,lay down,go ahead lay down whoo boy went away,
TOOL_HOVER,288258,12/6/2022 1:01:06 PM,a935b4f6-2300-41b3-bcd7-14cd70b222ed,Hemostatic Gauze,999,
TOOL_HOVER,288278,12/6/2022 1:01:06 PM,a935b4f6-2300-41b3-bcd7-14cd70b222ed,Hemostatic Gauze,999,
TOOL_HOVER,288300,12/6/2022 1:01:06 PM,a935b4f6-2300-41b3-bcd7-14cd70b222ed,Hemostatic Gauze,999,
TOOL_HOVER,288320,12/6/2022 1:01:06 PM,a935b4f6-2300-41b3-bcd7-14cd70b222ed,Hemostatic Gauze,999,
TOOL_HOVER,288341,12/6/2022 1:01:06 PM,a935b4f6-2300-41b3-bcd7-14cd70b222ed,Hemostatic Gauze,999,
TOOL_HOVER,288361,12/6/2022 1:01:06 PM,a935b4f6-2300-41b3-bcd7-14cd70b222ed,Hemostatic Gauze,999,
TOOL_HOVER,288382,12/6/2022 1:01:06 PM,a935b4f6-2300-41b3-bcd7-14cd70b222ed,Hemostatic Gauze,999,
TOOL_HOVER,288403,12/6/2022 1:01:06 PM,a935b4f6-2300-41b3-bcd7-14cd70b222ed,Hemostatic Gauze,999,
TOOL_HOVER,288423,12/6/2022 1:01:06 PM,a935b4f6-2300-41b3-bcd7-14cd70b222ed,Hemostatic Gauze,999,
TOOL_SELECTED,288424,12/6/2022 1:01:06 PM,a935b4f6-2300-41b3-bcd7-14cd70b222ed,Hemostatic Gauze,998,
TOOL_DISCARDED,291293,12/6/2022 1:01:09 PM,a935b4f6-2300-41b3-bcd7-14cd70b222ed,Hemostatic Gauze,998,"(3.2, 0.2, 1.2)",
INJURY_TREATED,291293,12/6/2022 1:01:09 PM,a935b4f6-2300-41b3-bcd7-14cd70b222ed,L Side Puncture,Mike_9 Root,woundpack,medium,abdomen,True,False,"(3.2, 0.2, 1.2)",
TOOL_APPLIED,291294,12/6/2022 1:01:09 PM,a935b4f6-2300-41b3-bcd7-14cd70b222ed,Mike_9 Root,Gauze_Pack,skinCollider_BodyCollideLOD (UnityEngine.GameObject),null,null,AppliedPackingGauze,
VOICE_CAPTURE,292299,12/6/2022 1:01:10 PM,a935b4f6-2300-41b3-bcd7-14cd70b222ed,yeah i think i missed,NA,
TOOL_HOVER,293354,12/6/2022 1:01:11 PM,a935b4f6-2300-41b3-bcd7-14cd70b222ed,Hemostatic Gauze,999,
TOOL_HOVER,293372,12/6/2022 1:01:11 PM,a935b4f6-2300-41b3-bcd7-14cd70b222ed,Hemostatic Gauze,999,
TOOL_HOVER,293392,12/6/2022 1:01:11 PM,a935b4f6-2300-41b3-bcd7-14cd70b222ed,Hemostatic Gauze,999,
TOOL_HOVER,293411,12/6/2022 1:01:11 PM,a935b4f6-2300-41b3-bcd7-14cd70b222ed,Hemostatic Gauze,999,
TOOL_HOVER,293431,12/6/2022 1:01:11 PM,a935b4f6-2300-41b3-bcd7-14cd70b222ed,Hemostatic Gauze,999,
TOOL_HOVER,293450,12/6/2022 1:01:11 PM,a935b4f6-2300-41b3-bcd7-14cd70b222ed,Hemostatic Gauze,999,
TOOL_HOVER,293469,12/6/2022 1:01:11 PM,a935b4f6-2300-41b3-bcd7-14cd70b222ed,Hemostatic Gauze,999,
TOOL_HOVER,293488,12/6/2022 1:01:11 PM,a935b4f6-2300-41b3-bcd7-14cd70b222ed,Hemostatic Gauze,999,
TOOL_HOVER,293507,12/6/2022 1:01:11 PM,a935b4f6-2300-41b3-bcd7-14cd70b222ed,Hemostatic Gauze,999,
TOOL_HOVER,293527,12/6/2022 1:01:11 PM,a935b4f6-2300-41b3-bcd7-14cd70b222ed,Hemostatic Gauze,999,
TOOL_HOVER,293546,12/6/2022 1:01:11 PM,a935b4f6-2300-41b3-bcd7-14cd70b222ed,Hemostatic Gauze,999,
TOOL_HOVER,293566,12/6/2022 1:01:11 PM,a935b4f6-2300-41b3-bcd7-14cd70b222ed,Hemostatic Gauze,999,
TOOL_HOVER,293585,12/6/2022 1:01:11 PM,a935b4f6-2300-41b3-bcd7-14cd70b222ed,Hemostatic Gauze,999,
TOOL_SELECTED,293586,12/6/2022 1:01:11 PM,a935b4f6-2300-41b3-bcd7-14cd70b222ed,Hemostatic Gauze,998,
TOOL_DISCARDED,295328,12/6/2022 1:01:13 PM,a935b4f6-2300-41b3-bcd7-14cd70b222ed,Hemostatic Gauze,998,"(3.2, 0.3, 1.2)",
INJURY_TREATED,295329,12/6/2022 1:01:13 PM,a935b4f6-2300-41b3-bcd7-14cd70b222ed,L Side Puncture,Mike_9 Root,woundpack,medium,abdomen,True,False,"(3.2, 0.3, 1.2)",
TOOL_APPLIED,295329,12/6/2022 1:01:13 PM,a935b4f6-2300-41b3-bcd7-14cd70b222ed,Mike_9 Root,Gauze_Pack,skinCollider_BodyCollideLOD (UnityEngine.GameObject),null,null,AppliedPackingGauze,
TOOL_HOVER,297355,12/6/2022 1:01:15 PM,a935b4f6-2300-41b3-bcd7-14cd70b222ed,Hemostatic Gauze,999,
TOOL_HOVER,297375,12/6/2022 1:01:15 PM,a935b4f6-2300-41b3-bcd7-14cd70b222ed,Hemostatic Gauze,999,
TOOL_HOVER,297394,12/6/2022 1:01:15 PM,a935b4f6-2300-41b3-bcd7-14cd70b222ed,Hemostatic Gauze,999,
TOOL_HOVER,297414,12/6/2022 1:01:15 PM,a935b4f6-2300-41b3-bcd7-14cd70b222ed,Hemostatic Gauze,999,
TOOL_HOVER,297435,12/6/2022 1:01:15 PM,a935b4f6-2300-41b3-bcd7-14cd70b222ed,Hemostatic Gauze,999,
TOOL_HOVER,297455,12/6/2022 1:01:15 PM,a935b4f6-2300-41b3-bcd7-14cd70b222ed,Hemostatic Gauze,999,
TOOL_HOVER,297473,12/6/2022 1:01:15 PM,a935b4f6-2300-41b3-bcd7-14cd70b222ed,Hemostatic Gauze,999,
TOOL_HOVER,297493,12/6/2022 1:01:15 PM,a935b4f6-2300-41b3-bcd7-14cd70b222ed,Hemostatic Gauze,999,
TOOL_HOVER,297513,12/6/2022 1:01:15 PM,a935b4f6-2300-41b3-bcd7-14cd70b222ed,Hemostatic Gauze,999,
TOOL_SELECTED,297514,12/6/2022 1:01:15 PM,a935b4f6-2300-41b3-bcd7-14cd70b222ed,Hemostatic Gauze,998,
TOOL_DISCARDED,299133,12/6/2022 1:01:17 PM,a935b4f6-2300-41b3-bcd7-14cd70b222ed,Hemostatic Gauze,998,"(3.6, 0.3, 1.0)",
INJURY_TREATED,299135,12/6/2022 1:01:17 PM,a935b4f6-2300-41b3-bcd7-14cd70b222ed,L Thigh Puncture,Mike_9 Root,tourniquet,medium,leftLeg,False,True,"(3.6, 0.3, 1.0)",
TOOL_APPLIED,299135,12/6/2022 1:01:17 PM,a935b4f6-2300-41b3-bcd7-14cd70b222ed,Mike_9 Root,Gauze_Pack,skinCollider_BodyCollideLOD (UnityEngine.GameObject),null,null,AppliedPackingGauze,
TOOL_HOVER,300747,12/6/2022 1:01:18 PM,a935b4f6-2300-41b3-bcd7-14cd70b222ed,Gauze,999,
TOOL_HOVER,300763,12/6/2022 1:01:18 PM,a935b4f6-2300-41b3-bcd7-14cd70b222ed,Gauze,999,
TOOL_HOVER,300778,12/6/2022 1:01:18 PM,a935b4f6-2300-41b3-bcd7-14cd70b222ed,Gauze,999,
TOOL_HOVER,300796,12/6/2022 1:01:18 PM,a935b4f6-2300-41b3-bcd7-14cd70b222ed,Gauze,999,
TOOL_HOVER,300812,12/6/2022 1:01:18 PM,a935b4f6-2300-41b3-bcd7-14cd70b222ed,Gauze,999,
TOOL_HOVER,300829,12/6/2022 1:01:18 PM,a935b4f6-2300-41b3-bcd7-14cd70b222ed,Gauze,999,
TOOL_HOVER,300847,12/6/2022 1:01:18 PM,a935b4f6-2300-41b3-bcd7-14cd70b222ed,Gauze,999,
TOOL_SELECTED,300848,12/6/2022 1:01:18 PM,a935b4f6-2300-41b3-bcd7-14cd70b222ed,Gauze,998,
TOOL_DISCARDED,302350,12/6/2022 1:01:20 PM,a935b4f6-2300-41b3-bcd7-14cd70b222ed,Gauze,998,"(3.5, 0.4, 0.9)",
INJURY_TREATED,302350,12/6/2022 1:01:20 PM,a935b4f6-2300-41b3-bcd7-14cd70b222ed,L Thigh Puncture,Mike_9 Root,tourniquet,medium,leftLeg,False,True,"(3.6, 0.4, 1.0)",
TOOL_APPLIED,302350,12/6/2022 1:01:20 PM,a935b4f6-2300-41b3-bcd7-14cd70b222ed,Mike_9 Root,Gauze_Dressing,skinCollider_BodyCollideLOD (UnityEngine.GameObject),null,null,AppliedDressingGauze,
TAG_SELECTED,304348,12/6/2022 1:01:22 PM,a935b4f6-2300-41b3-bcd7-14cd70b222ed,yellow,
TAG_APPLIED,306319,12/6/2022 1:01:24 PM,a935b4f6-2300-41b3-bcd7-14cd70b222ed,Mike_9 Root,yellow,
BAG_CLOSED,308804,12/6/2022 1:01:26 PM,a935b4f6-2300-41b3-bcd7-14cd70b222ed,"(4.0, 0.5, 1.2)",
TELEPORT,310397,12/6/2022 1:01:28 PM,a935b4f6-2300-41b3-bcd7-14cd70b222ed,"(5.5, 0.0, 1.3)",
PATIENT_ENGAGED,312559,12/6/2022 1:01:30 PM,a935b4f6-2300-41b3-bcd7-14cd70b222ed,100,Infinity,Bob_10 Root,"(4.4, 0.0, -2.4)","(0.0, 0.5, 0.0, -0.8)",MINIMAL,walker,normal,normal,normal,calm,standing,
PULSE_TAKEN,315214,12/6/2022 1:01:33 PM,a935b4f6-2300-41b3-bcd7-14cd70b222ed,pulse_normal,Bob_10 Root,
VOICE_CAPTURE,319677,12/6/2022 1:01:37 PM,a935b4f6-2300-41b3-bcd7-14cd70b222ed,modbutton im okay,NA,
VOICE_COMMAND,319677,12/6/2022 1:01:37 PM,a935b4f6-2300-41b3-bcd7-14cd70b222ed,modbutton im okay,modbutton im okay,
VOICE_CAPTURE,319826,12/6/2022 1:01:37 PM,a935b4f6-2300-41b3-bcd7-14cd70b222ed,square,NA,
VOICE_CAPTURE,323084,12/6/2022 1:01:40 PM,a935b4f6-2300-41b3-bcd7-14cd70b222ed,OK,NA,
BAG_ACCESS,323285,12/6/2022 1:01:41 PM,a935b4f6-2300-41b3-bcd7-14cd70b222ed,"(3.9, 0.7, -1.6)",
TAG_SELECTED,323987,12/6/2022 1:01:41 PM,a935b4f6-2300-41b3-bcd7-14cd70b222ed,green,
TAG_APPLIED,325457,12/6/2022 1:01:43 PM,a935b4f6-2300-41b3-bcd7-14cd70b222ed,Bob_10 Root,green,
BAG_CLOSED,327278,12/6/2022 1:01:45 PM,a935b4f6-2300-41b3-bcd7-14cd70b222ed,"(3.9, 0.7, -1.6)",
TELEPORT,327278,12/6/2022 1:01:45 PM,a935b4f6-2300-41b3-bcd7-14cd70b222ed,"(5.5, 0.0, -1.5)",
PATIENT_ENGAGED,330219,12/6/2022 1:01:48 PM,a935b4f6-2300-41b3-bcd7-14cd70b222ed,100,0,Gary_5 Root,"(1.8, 0.0, -3.1)","(0.0, 0.6, 0.0, 0.8)",MINIMAL,walker,normal,restricted,normal,upset,sittingGround,
PULSE_TAKEN,332341,12/6/2022 1:01:50 PM,a935b4f6-2300-41b3-bcd7-14cd70b222ed,pulse_normal,Gary_5 Root,
PULSE_TAKEN,336599,12/6/2022 1:01:54 PM,a935b4f6-2300-41b3-bcd7-14cd70b222ed,pulse_normal,Gary_5 Root,
VOICE_CAPTURE,338772,12/6/2022 1:01:56 PM,a935b4f6-2300-41b3-bcd7-14cd70b222ed,any injuries,NA,
VOICE_COMMAND,338772,12/6/2022 1:01:56 PM,a935b4f6-2300-41b3-bcd7-14cd70b222ed,are you hurt,any injuries,
VOICE_CAPTURE,339875,12/6/2022 1:01:57 PM,a935b4f6-2300-41b3-bcd7-14cd70b222ed,modbutton no,NA,
VOICE_COMMAND,339875,12/6/2022 1:01:57 PM,a935b4f6-2300-41b3-bcd7-14cd70b222ed,modbutton no,modbutton no,
VOICE_CAPTURE,343534,12/6/2022 1:02:01 PM,a935b4f6-2300-41b3-bcd7-14cd70b222ed,no,NA,
BAG_ACCESS,343784,12/6/2022 1:02:01 PM,a935b4f6-2300-41b3-bcd7-14cd70b222ed,"(2.2, 0.6, -2.9)",
VOICE_CAPTURE,346358,12/6/2022 1:02:04 PM,a935b4f6-2300-41b3-bcd7-14cd70b222ed,are you hurt,NA,
VOICE_COMMAND,346358,12/6/2022 1:02:04 PM,a935b4f6-2300-41b3-bcd7-14cd70b222ed,are you hurt,are you hurt,
VOICE_CAPTURE,347744,12/6/2022 1:02:05 PM,a935b4f6-2300-41b3-bcd7-14cd70b222ed,just clutching his arm,NA,
VOICE_CAPTURE,354510,12/6/2022 1:02:12 PM,a935b4f6-2300-41b3-bcd7-14cd70b222ed,i don't have any oxygen,NA,
TAG_SELECTED,354761,12/6/2022 1:02:12 PM,a935b4f6-2300-41b3-bcd7-14cd70b222ed,yellow,
TAG_APPLIED,356632,12/6/2022 1:02:14 PM,a935b4f6-2300-41b3-bcd7-14cd70b222ed,Gary_5 Root,yellow,
BAG_CLOSED,359656,12/6/2022 1:02:17 PM,a935b4f6-2300-41b3-bcd7-14cd70b222ed,"(2.2, 0.6, -2.9)",
TELEPORT,359656,12/6/2022 1:02:17 PM,a935b4f6-2300-41b3-bcd7-14cd70b222ed,"(3.9, 0.0, -2.5)",
VOICE_CAPTURE,362830,12/6/2022 1:02:20 PM,a935b4f6-2300-41b3-bcd7-14cd70b222ed,for now difficulty breathing will give him that he may have a medical condition that causes that or he may be stressed,NA,
PATIENT_ENGAGED,363365,12/6/2022 1:02:21 PM,a935b4f6-2300-41b3-bcd7-14cd70b222ed,100,Infinity,Mike_4 Root,"(3.0, 0.0, -5.0)","(0.0, 0.1, 0.0, -1.0)",MINIMAL,walker,normal,normal,normal,upset,sittingGround,
PULSE_TAKEN,365520,12/6/2022 1:02:23 PM,a935b4f6-2300-41b3-bcd7-14cd70b222ed,pulse_normal,Mike_4 Root,
PULSE_TAKEN,368663,12/6/2022 1:02:26 PM,a935b4f6-2300-41b3-bcd7-14cd70b222ed,pulse_normal,Mike_4 Root,
BAG_ACCESS,373723,12/6/2022 1:02:31 PM,a935b4f6-2300-41b3-bcd7-14cd70b222ed,"(3.1, 0.7, -4.7)",
VOICE_CAPTURE,374057,12/6/2022 1:02:31 PM,a935b4f6-2300-41b3-bcd7-14cd70b222ed,let me see the right arm,NA,
VOICE_COMMAND,374057,12/6/2022 1:02:31 PM,a935b4f6-2300-41b3-bcd7-14cd70b222ed,reveal injury,let me see the right arm,
VOICE_CAPTURE,379655,12/6/2022 1:02:37 PM,a935b4f6-2300-41b3-bcd7-14cd70b222ed,is it just his hand,NA,
TOOL_HOVER,380657,12/6/2022 1:02:38 PM,a935b4f6-2300-41b3-bcd7-14cd70b222ed,Gauze,999,
TOOL_HOVER,380674,12/6/2022 1:02:38 PM,a935b4f6-2300-41b3-bcd7-14cd70b222ed,Gauze,999,
TOOL_HOVER,380691,12/6/2022 1:02:38 PM,a935b4f6-2300-41b3-bcd7-14cd70b222ed,Gauze,999,
TOOL_HOVER,380708,12/6/2022 1:02:38 PM,a935b4f6-2300-41b3-bcd7-14cd70b222ed,Gauze,999,
TOOL_HOVER,380723,12/6/2022 1:02:38 PM,a935b4f6-2300-41b3-bcd7-14cd70b222ed,Gauze,999,
TOOL_HOVER,380741,12/6/2022 1:02:38 PM,a935b4f6-2300-41b3-bcd7-14cd70b222ed,Gauze,999,
TOOL_HOVER,380757,12/6/2022 1:02:38 PM,a935b4f6-2300-41b3-bcd7-14cd70b222ed,Gauze,999,
TOOL_HOVER,380775,12/6/2022 1:02:38 PM,a935b4f6-2300-41b3-bcd7-14cd70b222ed,Gauze,999,
TOOL_HOVER,380792,12/6/2022 1:02:38 PM,a935b4f6-2300-41b3-bcd7-14cd70b222ed,Gauze,999,
TOOL_SELECTED,380793,12/6/2022 1:02:38 PM,a935b4f6-2300-41b3-bcd7-14cd70b222ed,Gauze,998,
TOOL_DISCARDED,382548,12/6/2022 1:02:40 PM,a935b4f6-2300-41b3-bcd7-14cd70b222ed,Gauze,998,"(3.2, 0.4, -4.9)",
INJURY_TREATED,382549,12/6/2022 1:02:40 PM,a935b4f6-2300-41b3-bcd7-14cd70b222ed,R Palm Laceration,Mike_4 Root,gauzePressure,low,rightArm,True,False,"(3.2, 0.4, -4.9)",
TOOL_APPLIED,382549,12/6/2022 1:02:40 PM,a935b4f6-2300-41b3-bcd7-14cd70b222ed,Mike_4 Root,Gauze_Dressing,skinCollider_BodyCollideLOD (UnityEngine.GameObject),null,null,AppliedDressingGauze,
VOICE_CAPTURE,383482,12/6/2022 1:02:41 PM,a935b4f6-2300-41b3-bcd7-14cd70b222ed,oh get over here,NA,
TAG_SELECTED,385688,12/6/2022 1:02:43 PM,a935b4f6-2300-41b3-bcd7-14cd70b222ed,green,
TAG_APPLIED,388209,12/6/2022 1:02:46 PM,a935b4f6-2300-41b3-bcd7-14cd70b222ed,Mike_4 Root,green,
VOICE_CAPTURE,394373,12/6/2022 1:02:52 PM,a935b4f6-2300-41b3-bcd7-14cd70b222ed,i think that's his only injury far as i can tell just blood on his clothes correct,NA,
VOICE_CAPTURE,400822,12/6/2022 1:02:58 PM,a935b4f6-2300-41b3-bcd7-14cd70b222ed,that's everybody,NA,
TAG_DISCARDED,405053,12/6/2022 1:03:02 PM,a935b4f6-2300-41b3-bcd7-14cd70b222ed,yellow,"(3.1, 1.1, -4.0)",
VOICE_CAPTURE,406946,12/6/2022 1:03:04 PM,a935b4f6-2300-41b3-bcd7-14cd70b222ed,i think so,NA,
VOICE_CAPTURE,412141,12/6/2022 1:03:10 PM,a935b4f6-2300-41b3-bcd7-14cd70b222ed,yeah,NA,
VOICE_CAPTURE,414550,12/6/2022 1:03:12 PM,a935b4f6-2300-41b3-bcd7-14cd70b222ed,is neo coming for me,NA,
BAG_CLOSED,417409,12/6/2022 1:03:15 PM,a935b4f6-2300-41b3-bcd7-14cd70b222ed,"(3.1, 0.7, -4.7)",
