TELEPORT,6396,12/6/2022 10:30:29 AM,bdbc32d8-5a35-43fc-878e-87676353c046,"(2.1, 0.0, 1.2)",
VOICE_CAPTURE,7666,12/6/2022 10:30:31 AM,bdbc32d8-5a35-43fc-878e-87676353c046,speech recognition running,NA,
PATIENT_ENGAGED,11659,12/6/2022 10:30:35 AM,bdbc32d8-5a35-43fc-878e-87676353c046,100,128,Mike Root,"(3.2, 0.0, -1.0)","(0.0, 0.1, 0.0, -1.0)",MINIMAL,walker,normal,normal,normal,calm,standing,
VOICE_CAPTURE,11908,12/6/2022 10:30:35 AM,bdbc32d8-5a35-43fc-878e-87676353c046,oh no no no,NA,
VOICE_CAPTURE,14748,12/6/2022 10:30:38 AM,bdbc32d8-5a35-43fc-878e-87676353c046,wow,NA,
VOICE_CAPTURE,20416,12/6/2022 10:30:43 AM,bdbc32d8-5a35-43fc-878e-87676353c046,right now,NA,
