PATIENT_DEMOTED,4757,12/1/2022 8:00:32 AM,c090fff8-5f81-40c5-b313-5fb7ce42ab9f,100,Infinity,Helga_0 Root,"(-0.2, 0.0, 7.8)","(0.0, 0.7, 0.0, 0.7)",IMMEDIATE,waver,fast,normal,normal,upset,sittingGround,
PATIENT_DEMOTED,5380,12/1/2022 8:00:32 AM,c090fff8-5f81-40c5-b313-5fb7ce42ab9f,100,Infinity,Lily_1 Root,"(1.5, 0.0, 3.7)","(0.0, 0.1, 0.0, 1.0)",IMMEDIATE,waver,normal,normal,normal,calm,fetal,
PATIENT_DEMOTED,5872,12/1/2022 8:00:33 AM,c090fff8-5f81-40c5-b313-5fb7ce42ab9f,100,Infinity,Lily_1 Root,"(1.2, 0.0, 3.8)","(0.0, 0.1, 0.0, 1.0)",DELAYED,waver,normal,normal,normal,calm,fetal,
PATIENT_DEMOTED,6157,12/1/2022 8:00:33 AM,c090fff8-5f81-40c5-b313-5fb7ce42ab9f,100,Infinity,Gloria_2 Root,"(0.7, 0.0, 0.4)","(0.0, 1.0, 0.0, 0.0)",IMMEDIATE,waver,fast,fast,normal,agony,supine,
PATIENT_DEMOTED,6809,12/1/2022 8:00:34 AM,c090fff8-5f81-40c5-b313-5fb7ce42ab9f,100,Infinity,Mike_3 Root,"(-0.8, 0.0, 3.7)","(0.0, 0.4, 0.0, 0.9)",IMMEDIATE,waver,fast,fast,normal,agony,sittingGround,
PATIENT_DEMOTED,7309,12/1/2022 8:00:34 AM,c090fff8-5f81-40c5-b313-5fb7ce42ab9f,100,Infinity,Mike_4 Root,"(1.4, 0.0, 6.0)","(0.0, 1.0, 0.0, 0.0)",DELAYED,walker,normal,normal,normal,upset,standing,
PATIENT_DEMOTED,7831,12/1/2022 8:00:35 AM,c090fff8-5f81-40c5-b313-5fb7ce42ab9f,100,Infinity,Mike_4 Root,"(1.4, 0.0, 6.0)","(0.0, 1.0, 0.0, 0.0)",MINIMAL,walker,normal,normal,normal,upset,sittingGround,
PATIENT_DEMOTED,7962,12/1/2022 8:00:35 AM,c090fff8-5f81-40c5-b313-5fb7ce42ab9f,100,0,Gary_5 Root,"(2.8, 0.0, 5.3)","(0.0, 1.0, 0.0, 0.0)",DELAYED,walker,normal,restricted,normal,upset,kneeling,
PATIENT_DEMOTED,8481,12/1/2022 8:00:35 AM,c090fff8-5f81-40c5-b313-5fb7ce42ab9f,100,0,Gary_5 Root,"(2.8, 0.0, 5.3)","(0.0, 1.0, 0.0, 0.0)",MINIMAL,walker,normal,restricted,normal,upset,sittingGround,
PATIENT_DEMOTED,8703,12/1/2022 8:00:35 AM,c090fff8-5f81-40c5-b313-5fb7ce42ab9f,100,128,Mike_6 Root,"(3.0, 0.0, 3.6)","(0.0, 0.0, 0.0, 1.0)",IMMEDIATE,still,faint,collapsedRight,normal,unresponsive,supine,
PATIENT_DEMOTED,9368,12/1/2022 8:00:36 AM,c090fff8-5f81-40c5-b313-5fb7ce42ab9f,100,Infinity,Lily_7 Root,"(2.3, 0.0, 1.9)","(0.0, 1.0, 0.0, 0.0)",EXPECTANT,still,faint,restricted,none,unresponsive,supine,
VOICE_CAPTURE,9466,12/1/2022 8:00:36 AM,c090fff8-5f81-40c5-b313-5fb7ce42ab9f,oh,NA,
PATIENT_DEMOTED,9786,12/1/2022 8:00:37 AM,c090fff8-5f81-40c5-b313-5fb7ce42ab9f,100,Infinity,Lily_7 Root,"(2.3, 0.0, 1.8)","(0.0, 1.0, 0.0, 0.0)",DEAD,still,none,none,none,dead,supine,
PATIENT_DEMOTED,10842,12/1/2022 8:00:38 AM,c090fff8-5f81-40c5-b313-5fb7ce42ab9f,100,Infinity,Mike_9 Root,"(3.1, 0.0, 0.5)","(0.0, 1.0, 0.0, 0.0)",IMMEDIATE,waver,fast,normal,normal,upset,sittingGround,
VOICE_CAPTURE,12072,12/1/2022 8:00:39 AM,c090fff8-5f81-40c5-b313-5fb7ce42ab9f,they're called,NA,
VOICE_CAPTURE,15763,12/1/2022 8:00:43 AM,c090fff8-5f81-40c5-b313-5fb7ce42ab9f,oh,NA,
VOICE_CAPTURE,21142,12/1/2022 8:00:48 AM,c090fff8-5f81-40c5-b313-5fb7ce42ab9f,OK,NA,
SESSION_START,22046,12/1/2022 8:00:49 AM,c090fff8-5f81-40c5-b313-5fb7ce42ab9f,
PATIENT_RECORD,22047,12/1/2022 8:00:49 AM,c090fff8-5f81-40c5-b313-5fb7ce42ab9f,100,Infinity,Helga_0 Root,"(0.2, 0.0, 7.7)","(0.0, 0.7, 0.0, 0.7)",IMMEDIATE,waver,fast,fast,normal,upset,sittingGround,
INJURY_RECORD,22047,12/1/2022 8:00:49 AM,c090fff8-5f81-40c5-b313-5fb7ce42ab9f,L Stomach Puncture,Helga_0 Root,woundpack,high,abdomen,False,False,"(0.3, 1.0, 7.7)",
INJURY_RECORD,22047,12/1/2022 8:00:49 AM,c090fff8-5f81-40c5-b313-5fb7ce42ab9f,L Thigh Puncture,Helga_0 Root,tourniquet,medium,leftLeg,False,False,"(0.2, 0.5, 7.7)",
PATIENT_RECORD,22047,12/1/2022 8:00:49 AM,c090fff8-5f81-40c5-b313-5fb7ce42ab9f,100,Infinity,Lily_1 Root,"(1.2, 0.0, 3.9)","(0.0, 0.1, 0.0, 1.0)",DELAYED,waver,normal,normal,normal,calm,fetal,
INJURY_RECORD,22047,12/1/2022 8:00:49 AM,c090fff8-5f81-40c5-b313-5fb7ce42ab9f,R Bicep Puncture,Lily_1 Root,tourniquet,medium,rightArm,False,False,"(1.5, 1.3, 3.8)",
INJURY_RECORD,22047,12/1/2022 8:00:49 AM,c090fff8-5f81-40c5-b313-5fb7ce42ab9f,R Thigh Laceration,Lily_1 Root,tourniquet,medium,rightLeg,False,False,"(1.3, 0.6, 3.9)",
PATIENT_RECORD,22047,12/1/2022 8:00:49 AM,c090fff8-5f81-40c5-b313-5fb7ce42ab9f,100,Infinity,Gloria_2 Root,"(0.7, 0.0, 0.6)","(0.0, 1.0, 0.0, 0.0)",IMMEDIATE,waver,fast,fast,normal,agony,supine,
INJURY_RECORD,22047,12/1/2022 8:00:49 AM,c090fff8-5f81-40c5-b313-5fb7ce42ab9f,L Shin Amputation,Gloria_2 Root,tourniquet,high,leftLeg,False,False,"(0.9, 0.4, 0.5)",
PATIENT_RECORD,22047,12/1/2022 8:00:49 AM,c090fff8-5f81-40c5-b313-5fb7ce42ab9f,100,Infinity,Mike_3 Root,"(-1.3, 0.0, 4.2)","(0.0, 0.4, 0.0, 0.9)",IMMEDIATE,waver,fast,fast,normal,agony,sittingGround,
INJURY_RECORD,22047,12/1/2022 8:00:49 AM,c090fff8-5f81-40c5-b313-5fb7ce42ab9f,R Wrist Amputation,Mike_3 Root,tourniquet,high,rightArm,False,False,"(-0.9, 1.3, 3.8)",
PATIENT_RECORD,22047,12/1/2022 8:00:49 AM,c090fff8-5f81-40c5-b313-5fb7ce42ab9f,100,Infinity,Mike_4 Root,"(1.4, 0.0, 6.0)","(0.0, 1.0, 0.0, 0.0)",MINIMAL,walker,normal,normal,normal,upset,sittingGround,
INJURY_RECORD,22047,12/1/2022 8:00:49 AM,c090fff8-5f81-40c5-b313-5fb7ce42ab9f,R Palm Laceration,Mike_4 Root,gauzePressure,low,rightArm,False,False,"(0.7, 1.3, 6.0)",
PATIENT_RECORD,22047,12/1/2022 8:00:49 AM,c090fff8-5f81-40c5-b313-5fb7ce42ab9f,100,0,Gary_5 Root,"(2.8, 0.0, 5.3)","(0.0, 1.0, 0.0, 0.0)",MINIMAL,walker,normal,restricted,normal,upset,sittingGround,
INJURY_RECORD,22047,12/1/2022 8:00:49 AM,c090fff8-5f81-40c5-b313-5fb7ce42ab9f,Asthmatic,Gary_5 Root,none,medium,chest,False,False,"(0.0, 0.0, 0.0)",
PATIENT_RECORD,22047,12/1/2022 8:00:49 AM,c090fff8-5f81-40c5-b313-5fb7ce42ab9f,100,128,Mike_6 Root,"(3.0, 0.0, 3.4)","(0.0, 0.0, 0.0, 1.0)",IMMEDIATE,still,faint,collapsedRight,normal,unresponsive,supine,
INJURY_RECORD,22047,12/1/2022 8:00:49 AM,c090fff8-5f81-40c5-b313-5fb7ce42ab9f,R Chest Collapse,Mike_6 Root,decompress,high,chest,False,False,"(0.0, 0.0, 0.0)",
PATIENT_RECORD,22047,12/1/2022 8:00:49 AM,c090fff8-5f81-40c5-b313-5fb7ce42ab9f,100,Infinity,Lily_7 Root,"(2.3, 0.0, 1.8)","(0.0, 1.0, 0.0, 0.0)",DEAD,still,none,none,none,dead,supine,
INJURY_RECORD,22047,12/1/2022 8:00:49 AM,c090fff8-5f81-40c5-b313-5fb7ce42ab9f,Face Shrapnel,Lily_7 Root,airway,high,head,False,False,"(2.3, 1.6, 1.8)",
INJURY_RECORD,22047,12/1/2022 8:00:49 AM,c090fff8-5f81-40c5-b313-5fb7ce42ab9f,L Wrist Amputation,Lily_7 Root,tourniquet,high,leftArm,False,False,"(2.9, 1.3, 1.7)",
INJURY_RECORD,22047,12/1/2022 8:00:49 AM,c090fff8-5f81-40c5-b313-5fb7ce42ab9f,R Bicep Puncture,Lily_7 Root,tourniquet,medium,rightArm,False,False,"(1.9, 1.3, 1.8)",
PATIENT_RECORD,22047,12/1/2022 8:00:49 AM,c090fff8-5f81-40c5-b313-5fb7ce42ab9f,100,Infinity,Gloria_8 Root,"(2.6, 0.0, 8.0)","(0.0, 1.0, 0.0, 0.0)",MINIMAL,still,normal,normal,limited,calm,standing,
INJURY_RECORD,22047,12/1/2022 8:00:49 AM,c090fff8-5f81-40c5-b313-5fb7ce42ab9f,Ear Bleed,Gloria_8 Root,none,low,head,False,False,"(0.0, 0.0, 0.0)",
PATIENT_RECORD,22047,12/1/2022 8:00:49 AM,c090fff8-5f81-40c5-b313-5fb7ce42ab9f,100,Infinity,Mike_9 Root,"(3.5, 0.0, 1.1)","(0.0, 1.0, 0.0, 0.0)",IMMEDIATE,waver,normal,normal,normal,upset,sittingGround,
INJURY_RECORD,22047,12/1/2022 8:00:49 AM,c090fff8-5f81-40c5-b313-5fb7ce42ab9f,L Side Puncture,Mike_9 Root,woundpack,medium,abdomen,False,False,"(3.6, 1.1, 1.0)",
INJURY_RECORD,22047,12/1/2022 8:00:49 AM,c090fff8-5f81-40c5-b313-5fb7ce42ab9f,L Thigh Puncture,Mike_9 Root,tourniquet,medium,leftLeg,False,False,"(3.5, 0.6, 1.0)",
INJURY_RECORD,22047,12/1/2022 8:00:49 AM,c090fff8-5f81-40c5-b313-5fb7ce42ab9f,L Calf Laceration,Mike_9 Root,gauzePressure,low,leftLeg,False,False,"(3.6, 0.3, 1.1)",
PATIENT_RECORD,22047,12/1/2022 8:00:49 AM,c090fff8-5f81-40c5-b313-5fb7ce42ab9f,100,Infinity,Bob_10 Root,"(3.8, 0.0, 4.0)","(0.0, 1.0, 0.0, 0.0)",MINIMAL,walker,normal,normal,normal,calm,standing,
TELEPORT,26940,12/1/2022 8:00:54 AM,c090fff8-5f81-40c5-b313-5fb7ce42ab9f,"(0.8, 0.0, -2.3)",
PATIENT_ENGAGED,29815,12/1/2022 8:00:57 AM,c090fff8-5f81-40c5-b313-5fb7ce42ab9f,100,Infinity,Gloria_2 Root,"(0.7, 0.0, 0.6)","(0.0, 1.0, 0.0, 0.0)",IMMEDIATE,waver,fast,fast,normal,agony,supine,
BAG_ACCESS,30584,12/1/2022 8:00:57 AM,c090fff8-5f81-40c5-b313-5fb7ce42ab9f,"(0.9, 0.7, -1.0)",
VOICE_CAPTURE,30898,12/1/2022 8:00:58 AM,c090fff8-5f81-40c5-b313-5fb7ce42ab9f,oh my gosh OK alright if you guys can hear me go ahead and make your way up the stairs,NA,
TOOL_HOVER,31350,12/1/2022 8:00:58 AM,c090fff8-5f81-40c5-b313-5fb7ce42ab9f,Tourniquet,999,
TOOL_HOVER,31370,12/1/2022 8:00:58 AM,c090fff8-5f81-40c5-b313-5fb7ce42ab9f,Tourniquet,999,
TOOL_HOVER,31385,12/1/2022 8:00:58 AM,c090fff8-5f81-40c5-b313-5fb7ce42ab9f,Tourniquet,999,
TOOL_HOVER,31400,12/1/2022 8:00:58 AM,c090fff8-5f81-40c5-b313-5fb7ce42ab9f,Tourniquet,999,
TOOL_HOVER,31417,12/1/2022 8:00:58 AM,c090fff8-5f81-40c5-b313-5fb7ce42ab9f,Tourniquet,999,
TOOL_HOVER,31434,12/1/2022 8:00:58 AM,c090fff8-5f81-40c5-b313-5fb7ce42ab9f,Tourniquet,999,
TOOL_HOVER,31451,12/1/2022 8:00:58 AM,c090fff8-5f81-40c5-b313-5fb7ce42ab9f,Tourniquet,999,
TOOL_HOVER,31468,12/1/2022 8:00:58 AM,c090fff8-5f81-40c5-b313-5fb7ce42ab9f,Tourniquet,999,
TOOL_HOVER,31485,12/1/2022 8:00:58 AM,c090fff8-5f81-40c5-b313-5fb7ce42ab9f,Tourniquet,999,
TOOL_HOVER,31502,12/1/2022 8:00:58 AM,c090fff8-5f81-40c5-b313-5fb7ce42ab9f,Tourniquet,999,
TOOL_HOVER,31519,12/1/2022 8:00:58 AM,c090fff8-5f81-40c5-b313-5fb7ce42ab9f,Tourniquet,999,
TOOL_SELECTED,31522,12/1/2022 8:00:58 AM,c090fff8-5f81-40c5-b313-5fb7ce42ab9f,Tourniquet,998,
INJURY_TREATED,33510,12/1/2022 8:01:00 AM,c090fff8-5f81-40c5-b313-5fb7ce42ab9f,L Shin Amputation,Gloria_2 Root,tourniquet,high,leftLeg,True,False,"(1.0, 0.0, 0.5)",
TOOL_APPLIED,33510,12/1/2022 8:01:00 AM,c090fff8-5f81-40c5-b313-5fb7ce42ab9f,Gloria_2 Root,Tourniquet,LeftUpLeg (UnityEngine.GameObject),tor_ring (1) (UnityEngine.GameObject),tourniquet(Clone) (UnityEngine.GameObject),AppliedTourniquet,
BAG_CLOSED,34100,12/1/2022 8:01:01 AM,c090fff8-5f81-40c5-b313-5fb7ce42ab9f,"(0.9, 0.7, -1.0)",
TELEPORT,34100,12/1/2022 8:01:01 AM,c090fff8-5f81-40c5-b313-5fb7ce42ab9f,"(0.9, 0.0, -0.9)",
VOICE_CAPTURE,34167,12/1/2022 8:01:01 AM,c090fff8-5f81-40c5-b313-5fb7ce42ab9f,yep yep yep howdy lady,NA,
PULSE_TAKEN,34860,12/1/2022 8:01:02 AM,c090fff8-5f81-40c5-b313-5fb7ce42ab9f,pulse_fast,Gloria_2 Root,
PULSE_TAKEN,35284,12/1/2022 8:01:02 AM,c090fff8-5f81-40c5-b313-5fb7ce42ab9f,pulse_fast,Gloria_2 Root,
BAG_ACCESS,38169,12/1/2022 8:01:05 AM,c090fff8-5f81-40c5-b313-5fb7ce42ab9f,"(0.4, 0.4, 0.4)",
PULSE_TAKEN,38185,12/1/2022 8:01:05 AM,c090fff8-5f81-40c5-b313-5fb7ce42ab9f,pulse_fast,Gloria_2 Root,
TAG_SELECTED,38719,12/1/2022 8:01:05 AM,c090fff8-5f81-40c5-b313-5fb7ce42ab9f,red,
TAG_APPLIED,40139,12/1/2022 8:01:07 AM,c090fff8-5f81-40c5-b313-5fb7ce42ab9f,Gloria_2 Root,red,
VOICE_CAPTURE,40221,12/1/2022 8:01:07 AM,c090fff8-5f81-40c5-b313-5fb7ce42ab9f,pause OK,NA,
BAG_CLOSED,40540,12/1/2022 8:01:07 AM,c090fff8-5f81-40c5-b313-5fb7ce42ab9f,"(0.4, 0.4, 0.4)",
TELEPORT,40541,12/1/2022 8:01:07 AM,c090fff8-5f81-40c5-b313-5fb7ce42ab9f,"(0.3, 0.0, -0.8)",
TELEPORT,41548,12/1/2022 8:01:08 AM,c090fff8-5f81-40c5-b313-5fb7ce42ab9f,"(1.0, 0.0, -0.8)",
VOICE_CAPTURE,41944,12/1/2022 8:01:09 AM,c090fff8-5f81-40c5-b313-5fb7ce42ab9f,poop,NA,
VOICE_CAPTURE,43346,12/1/2022 8:01:10 AM,c090fff8-5f81-40c5-b313-5fb7ce42ab9f,walk,NA,
VOICE_COMMAND,43346,12/1/2022 8:01:10 AM,c090fff8-5f81-40c5-b313-5fb7ce42ab9f,walk to the safe area,walk,
S_A_L_T_WALK_IF_CAN,43347,12/1/2022 8:01:10 AM,c090fff8-5f81-40c5-b313-5fb7ce42ab9f,"(0.2, 0.0, 7.7)",walkIfCan,Helga_0 Root,
S_A_L_T_WALK_IF_CAN,43348,12/1/2022 8:01:10 AM,c090fff8-5f81-40c5-b313-5fb7ce42ab9f,"(1.2, 0.0, 3.9)",walkIfCan,Lily_1 Root,
S_A_L_T_WALK_IF_CAN,43348,12/1/2022 8:01:10 AM,c090fff8-5f81-40c5-b313-5fb7ce42ab9f,"(0.7, 0.0, 0.6)",walkIfCan,Gloria_2 Root,
S_A_L_T_WALK_IF_CAN,43348,12/1/2022 8:01:10 AM,c090fff8-5f81-40c5-b313-5fb7ce42ab9f,"(-1.3, 0.0, 4.2)",walkIfCan,Mike_3 Root,
S_A_L_T_WALK_IF_CAN,43348,12/1/2022 8:01:10 AM,c090fff8-5f81-40c5-b313-5fb7ce42ab9f,"(1.4, 0.0, 6.0)",walkIfCan,Mike_4 Root,
S_A_L_T_WALKED,43348,12/1/2022 8:01:10 AM,c090fff8-5f81-40c5-b313-5fb7ce42ab9f,"(1.4, 0.0, 6.0)",walked,Mike_4 Root,
S_A_L_T_WALK_IF_CAN,43348,12/1/2022 8:01:10 AM,c090fff8-5f81-40c5-b313-5fb7ce42ab9f,"(2.8, 0.0, 5.3)",walkIfCan,Gary_5 Root,
S_A_L_T_WALKED,43348,12/1/2022 8:01:10 AM,c090fff8-5f81-40c5-b313-5fb7ce42ab9f,"(2.8, 0.0, 5.3)",walked,Gary_5 Root,
S_A_L_T_WALK_IF_CAN,43348,12/1/2022 8:01:10 AM,c090fff8-5f81-40c5-b313-5fb7ce42ab9f,"(2.6, 0.0, 8.0)",walkIfCan,Gloria_8 Root,
S_A_L_T_WALK_IF_CAN,43348,12/1/2022 8:01:10 AM,c090fff8-5f81-40c5-b313-5fb7ce42ab9f,"(3.5, 0.0, 1.1)",walkIfCan,Mike_9 Root,
S_A_L_T_WALK_IF_CAN,43348,12/1/2022 8:01:10 AM,c090fff8-5f81-40c5-b313-5fb7ce42ab9f,"(3.8, 0.0, 4.0)",walkIfCan,Bob_10 Root,
S_A_L_T_WALKED,43348,12/1/2022 8:01:10 AM,c090fff8-5f81-40c5-b313-5fb7ce42ab9f,"(3.8, 0.0, 4.0)",walked,Bob_10 Root,
VOICE_CAPTURE,44265,12/1/2022 8:01:11 AM,c090fff8-5f81-40c5-b313-5fb7ce42ab9f,alright,NA,
PATIENT_ENGAGED,44750,12/1/2022 8:01:12 AM,c090fff8-5f81-40c5-b313-5fb7ce42ab9f,100,Infinity,Lily_7 Root,"(2.3, 0.0, 1.8)","(0.0, 1.0, 0.0, 0.0)",DEAD,still,none,none,none,dead,supine,
PULSE_TAKEN,45702,12/1/2022 8:01:12 AM,c090fff8-5f81-40c5-b313-5fb7ce42ab9f,pulse_none,Lily_7 Root,
PULSE_TAKEN,46888,12/1/2022 8:01:14 AM,c090fff8-5f81-40c5-b313-5fb7ce42ab9f,pulse_none,Lily_7 Root,
PATIENT_ENGAGED,47661,12/1/2022 8:01:14 AM,c090fff8-5f81-40c5-b313-5fb7ce42ab9f,100,0,Gary_5 Root,"(3.0, 0.0, 2.8)","(0.0, 1.0, 0.0, 0.0)",MINIMAL,walker,normal,restricted,normal,upset,standing,
PULSE_TAKEN,47918,12/1/2022 8:01:15 AM,c090fff8-5f81-40c5-b313-5fb7ce42ab9f,pulse_none,Lily_7 Root,
VOICE_CAPTURE,48018,12/1/2022 8:01:15 AM,c090fff8-5f81-40c5-b313-5fb7ce42ab9f,if you can hear me,NA,
PULSE_TAKEN,48121,12/1/2022 8:01:15 AM,c090fff8-5f81-40c5-b313-5fb7ce42ab9f,pulse_none,Lily_7 Root,
PULSE_TAKEN,48157,12/1/2022 8:01:15 AM,c090fff8-5f81-40c5-b313-5fb7ce42ab9f,pulse_none,Lily_7 Root,
PULSE_TAKEN,48246,12/1/2022 8:01:15 AM,c090fff8-5f81-40c5-b313-5fb7ce42ab9f,pulse_none,Lily_7 Root,
PATIENT_ENGAGED,48436,12/1/2022 8:01:15 AM,c090fff8-5f81-40c5-b313-5fb7ce42ab9f,100,Infinity,Mike_4 Root,"(2.5, 0.0, 2.8)","(0.0, 1.0, 0.0, 0.1)",MINIMAL,walker,normal,normal,normal,upset,standing,
PATIENT_ENGAGED,49698,12/1/2022 8:01:16 AM,c090fff8-5f81-40c5-b313-5fb7ce42ab9f,100,Infinity,Lily_7 Root,"(2.3, 0.0, 1.8)","(0.0, 1.0, 0.0, 0.0)",DEAD,still,none,none,none,dead,supine,
TELEPORT,49965,12/1/2022 8:01:17 AM,c090fff8-5f81-40c5-b313-5fb7ce42ab9f,"(1.7, 0.0, 0.6)",
BAG_ACCESS,50848,12/1/2022 8:01:18 AM,c090fff8-5f81-40c5-b313-5fb7ce42ab9f,"(1.9, 0.4, 1.6)",
TAG_SELECTED,51433,12/1/2022 8:01:18 AM,c090fff8-5f81-40c5-b313-5fb7ce42ab9f,black,
VOICE_CAPTURE,51733,12/1/2022 8:01:18 AM,c090fff8-5f81-40c5-b313-5fb7ce42ab9f,keep walking up towards the stairs,NA,
VOICE_COMMAND,51733,12/1/2022 8:01:18 AM,c090fff8-5f81-40c5-b313-5fb7ce42ab9f,walk to the safe area,keep walking up towards the stairs,
S_A_L_T_WALK_IF_CAN,51734,12/1/2022 8:01:18 AM,c090fff8-5f81-40c5-b313-5fb7ce42ab9f,"(0.2, 0.0, 7.7)",walkIfCan,Helga_0 Root,
S_A_L_T_WALK_IF_CAN,51734,12/1/2022 8:01:18 AM,c090fff8-5f81-40c5-b313-5fb7ce42ab9f,"(1.2, 0.0, 3.9)",walkIfCan,Lily_1 Root,
S_A_L_T_WALK_IF_CAN,51734,12/1/2022 8:01:18 AM,c090fff8-5f81-40c5-b313-5fb7ce42ab9f,"(0.7, 0.0, 0.6)",walkIfCan,Gloria_2 Root,
S_A_L_T_WALK_IF_CAN,51734,12/1/2022 8:01:18 AM,c090fff8-5f81-40c5-b313-5fb7ce42ab9f,"(-1.3, 0.0, 4.2)",walkIfCan,Mike_3 Root,
S_A_L_T_WALK_IF_CAN,51734,12/1/2022 8:01:18 AM,c090fff8-5f81-40c5-b313-5fb7ce42ab9f,"(2.6, 0.0, 8.0)",walkIfCan,Gloria_8 Root,
S_A_L_T_WALK_IF_CAN,51734,12/1/2022 8:01:18 AM,c090fff8-5f81-40c5-b313-5fb7ce42ab9f,"(3.5, 0.0, 1.1)",walkIfCan,Mike_9 Root,
TAG_APPLIED,52134,12/1/2022 8:01:19 AM,c090fff8-5f81-40c5-b313-5fb7ce42ab9f,Lily_7 Root,black,
PULSE_TAKEN,52185,12/1/2022 8:01:19 AM,c090fff8-5f81-40c5-b313-5fb7ce42ab9f,pulse_none,Lily_7 Root,
TAG_SELECTED,52921,12/1/2022 8:01:20 AM,c090fff8-5f81-40c5-b313-5fb7ce42ab9f,black,
TAG_APPLIED,53789,12/1/2022 8:01:21 AM,c090fff8-5f81-40c5-b313-5fb7ce42ab9f,Lily_7 Root,black,
BAG_CLOSED,54709,12/1/2022 8:01:21 AM,c090fff8-5f81-40c5-b313-5fb7ce42ab9f,"(1.9, 0.4, 1.6)",
TELEPORT,54709,12/1/2022 8:01:21 AM,c090fff8-5f81-40c5-b313-5fb7ce42ab9f,"(1.8, 0.0, 0.2)",
PATIENT_ENGAGED,56804,12/1/2022 8:01:24 AM,c090fff8-5f81-40c5-b313-5fb7ce42ab9f,100,Infinity,Mike_9 Root,"(3.5, 0.0, 1.1)","(0.0, 1.0, 0.0, 0.0)",IMMEDIATE,waver,normal,normal,normal,upset,sittingGround,
VOICE_CAPTURE,57819,12/1/2022 8:01:25 AM,c090fff8-5f81-40c5-b313-5fb7ce42ab9f,nope there we go OK,NA,
BAG_ACCESS,58613,12/1/2022 8:01:25 AM,c090fff8-5f81-40c5-b313-5fb7ce42ab9f,"(3.7, 0.4, 0.6)",
TOOL_HOVER,59050,12/1/2022 8:01:26 AM,c090fff8-5f81-40c5-b313-5fb7ce42ab9f,Tourniquet,998,
TOOL_HOVER,59076,12/1/2022 8:01:26 AM,c090fff8-5f81-40c5-b313-5fb7ce42ab9f,Tourniquet,998,
TOOL_HOVER,59103,12/1/2022 8:01:26 AM,c090fff8-5f81-40c5-b313-5fb7ce42ab9f,Tourniquet,998,
TOOL_HOVER,59129,12/1/2022 8:01:26 AM,c090fff8-5f81-40c5-b313-5fb7ce42ab9f,Tourniquet,998,
TOOL_HOVER,59156,12/1/2022 8:01:26 AM,c090fff8-5f81-40c5-b313-5fb7ce42ab9f,Tourniquet,998,
TOOL_HOVER,59183,12/1/2022 8:01:26 AM,c090fff8-5f81-40c5-b313-5fb7ce42ab9f,Tourniquet,998,
TOOL_SELECTED,59184,12/1/2022 8:01:26 AM,c090fff8-5f81-40c5-b313-5fb7ce42ab9f,Tourniquet,997,
PULSE_TAKEN,60175,12/1/2022 8:01:27 AM,c090fff8-5f81-40c5-b313-5fb7ce42ab9f,pulse_normal,Mike_9 Root,
INJURY_TREATED,60499,12/1/2022 8:01:27 AM,c090fff8-5f81-40c5-b313-5fb7ce42ab9f,L Thigh Puncture,Mike_9 Root,tourniquet,medium,leftLeg,True,False,"(4.0, 0.1, 1.1)",
TOOL_APPLIED,60499,12/1/2022 8:01:27 AM,c090fff8-5f81-40c5-b313-5fb7ce42ab9f,Mike_9 Root,Tourniquet,LeftUpLeg (UnityEngine.GameObject),tor_ring (1) (UnityEngine.GameObject),tourniquet(Clone) (UnityEngine.GameObject),AppliedTourniquet,
PATIENT_DEMOTED,60500,12/1/2022 8:01:27 AM,c090fff8-5f81-40c5-b313-5fb7ce42ab9f,100,Infinity,Mike_9 Root,"(3.5, 0.0, 1.1)","(0.0, 1.0, 0.0, 0.0)",DELAYED,waver,normal,normal,normal,upset,sittingGround,
VOICE_CAPTURE,60783,12/1/2022 8:01:28 AM,c090fff8-5f81-40c5-b313-5fb7ce42ab9f,oh yeah you were,NA,
VOICE_CAPTURE,63234,12/1/2022 8:01:30 AM,c090fff8-5f81-40c5-b313-5fb7ce42ab9f,can you hear me sir yep,NA,
VOICE_COMMAND,63234,12/1/2022 8:01:30 AM,c090fff8-5f81-40c5-b313-5fb7ce42ab9f,can you hear,can you hear me sir yep,
VOICE_CAPTURE,63478,12/1/2022 8:01:30 AM,c090fff8-5f81-40c5-b313-5fb7ce42ab9f,modbutton yes,NA,
VOICE_COMMAND,63478,12/1/2022 8:01:30 AM,c090fff8-5f81-40c5-b313-5fb7ce42ab9f,modbutton yes,modbutton yes,
TAG_SELECTED,64389,12/1/2022 8:01:31 AM,c090fff8-5f81-40c5-b313-5fb7ce42ab9f,red,
VOICE_CAPTURE,65057,12/1/2022 8:01:32 AM,c090fff8-5f81-40c5-b313-5fb7ce42ab9f,you know what day it is,NA,
TAG_APPLIED,65953,12/1/2022 8:01:33 AM,c090fff8-5f81-40c5-b313-5fb7ce42ab9f,Mike_9 Root,red,
BAG_CLOSED,67539,12/1/2022 8:01:34 AM,c090fff8-5f81-40c5-b313-5fb7ce42ab9f,"(3.7, 0.4, 0.6)",
TELEPORT,67539,12/1/2022 8:01:34 AM,c090fff8-5f81-40c5-b313-5fb7ce42ab9f,"(3.3, 0.0, 0.0)",
PULSE_TAKEN,68031,12/1/2022 8:01:35 AM,c090fff8-5f81-40c5-b313-5fb7ce42ab9f,pulse_normal,Mike_9 Root,
VOICE_CAPTURE,68259,12/1/2022 8:01:35 AM,c090fff8-5f81-40c5-b313-5fb7ce42ab9f,OK well tell me what day it is,NA,
TELEPORT,68675,12/1/2022 8:01:35 AM,c090fff8-5f81-40c5-b313-5fb7ce42ab9f,"(2.9, 0.0, 0.3)",
PATIENT_ENGAGED,71013,12/1/2022 8:01:38 AM,c090fff8-5f81-40c5-b313-5fb7ce42ab9f,100,128,Mike_6 Root,"(3.0, 0.0, 3.4)","(0.0, 0.0, 0.0, 1.0)",IMMEDIATE,still,faint,collapsedRight,normal,unresponsive,supine,
VOICE_CAPTURE,71113,12/1/2022 8:01:38 AM,c090fff8-5f81-40c5-b313-5fb7ce42ab9f,cool good,NA,
PULSE_TAKEN,71731,12/1/2022 8:01:38 AM,c090fff8-5f81-40c5-b313-5fb7ce42ab9f,pulse_faint,Mike_6 Root,
VOICE_CAPTURE,75220,12/1/2022 8:01:42 AM,c090fff8-5f81-40c5-b313-5fb7ce42ab9f,sir can you hear me,NA,
VOICE_COMMAND,75220,12/1/2022 8:01:42 AM,c090fff8-5f81-40c5-b313-5fb7ce42ab9f,can you hear,sir can you hear me,
PULSE_TAKEN,76359,12/1/2022 8:01:43 AM,c090fff8-5f81-40c5-b313-5fb7ce42ab9f,pulse_faint,Mike_6 Root,
PULSE_TAKEN,76609,12/1/2022 8:01:43 AM,c090fff8-5f81-40c5-b313-5fb7ce42ab9f,pulse_faint,Mike_6 Root,
BAG_ACCESS,78694,12/1/2022 8:01:45 AM,c090fff8-5f81-40c5-b313-5fb7ce42ab9f,"(3.4, 0.4, 2.6)",
TOOL_HOVER,79045,12/1/2022 8:01:46 AM,c090fff8-5f81-40c5-b313-5fb7ce42ab9f,Needle,999,
TOOL_HOVER,79066,12/1/2022 8:01:46 AM,c090fff8-5f81-40c5-b313-5fb7ce42ab9f,Needle,999,
TOOL_HOVER,79088,12/1/2022 8:01:46 AM,c090fff8-5f81-40c5-b313-5fb7ce42ab9f,Needle,999,
TOOL_HOVER,79109,12/1/2022 8:01:46 AM,c090fff8-5f81-40c5-b313-5fb7ce42ab9f,Needle,999,
TOOL_HOVER,79130,12/1/2022 8:01:46 AM,c090fff8-5f81-40c5-b313-5fb7ce42ab9f,Needle,999,
TOOL_HOVER,79151,12/1/2022 8:01:46 AM,c090fff8-5f81-40c5-b313-5fb7ce42ab9f,Needle,999,
TOOL_HOVER,79173,12/1/2022 8:01:46 AM,c090fff8-5f81-40c5-b313-5fb7ce42ab9f,Needle,999,
TOOL_HOVER,79195,12/1/2022 8:01:46 AM,c090fff8-5f81-40c5-b313-5fb7ce42ab9f,Needle,999,
TOOL_HOVER,79217,12/1/2022 8:01:46 AM,c090fff8-5f81-40c5-b313-5fb7ce42ab9f,Needle,999,
TOOL_SELECTED,79218,12/1/2022 8:01:46 AM,c090fff8-5f81-40c5-b313-5fb7ce42ab9f,Needle,998,
TOOL_DISCARDED,81380,12/1/2022 8:01:48 AM,c090fff8-5f81-40c5-b313-5fb7ce42ab9f,Needle,998,"(3.4, 0.2, 2.9)",
VOICE_CAPTURE,81864,12/1/2022 8:01:49 AM,c090fff8-5f81-40c5-b313-5fb7ce42ab9f,do i have let's try that,NA,
TOOL_HOVER,82644,12/1/2022 8:01:49 AM,c090fff8-5f81-40c5-b313-5fb7ce42ab9f,Tourniquet,997,
TOOL_HOVER,82665,12/1/2022 8:01:49 AM,c090fff8-5f81-40c5-b313-5fb7ce42ab9f,Tourniquet,997,
TOOL_HOVER,82686,12/1/2022 8:01:49 AM,c090fff8-5f81-40c5-b313-5fb7ce42ab9f,Tourniquet,997,
TOOL_HOVER,82707,12/1/2022 8:01:49 AM,c090fff8-5f81-40c5-b313-5fb7ce42ab9f,Tourniquet,997,
TOOL_SELECTED,82708,12/1/2022 8:01:49 AM,c090fff8-5f81-40c5-b313-5fb7ce42ab9f,Tourniquet,996,
TOOL_DISCARDED,83437,12/1/2022 8:01:50 AM,c090fff8-5f81-40c5-b313-5fb7ce42ab9f,Tourniquet,996,"(4.1, 0.5, 2.6)",
TOOL_HOVER,83556,12/1/2022 8:01:50 AM,c090fff8-5f81-40c5-b313-5fb7ce42ab9f,Tourniquet,997,
TOOL_HOVER,83575,12/1/2022 8:01:50 AM,c090fff8-5f81-40c5-b313-5fb7ce42ab9f,Tourniquet,997,
TOOL_HOVER,83596,12/1/2022 8:01:50 AM,c090fff8-5f81-40c5-b313-5fb7ce42ab9f,Tourniquet,997,
TOOL_HOVER,83616,12/1/2022 8:01:50 AM,c090fff8-5f81-40c5-b313-5fb7ce42ab9f,Tourniquet,997,
TOOL_HOVER,83635,12/1/2022 8:01:50 AM,c090fff8-5f81-40c5-b313-5fb7ce42ab9f,Tourniquet,997,
TOOL_HOVER,83656,12/1/2022 8:01:50 AM,c090fff8-5f81-40c5-b313-5fb7ce42ab9f,Needle,999,
TOOL_HOVER,83677,12/1/2022 8:01:50 AM,c090fff8-5f81-40c5-b313-5fb7ce42ab9f,Needle,999,
TOOL_HOVER,83697,12/1/2022 8:01:50 AM,c090fff8-5f81-40c5-b313-5fb7ce42ab9f,Needle,999,
TOOL_HOVER,83717,12/1/2022 8:01:50 AM,c090fff8-5f81-40c5-b313-5fb7ce42ab9f,Needle,999,
TOOL_HOVER,83737,12/1/2022 8:01:50 AM,c090fff8-5f81-40c5-b313-5fb7ce42ab9f,Needle,999,
TOOL_HOVER,83757,12/1/2022 8:01:51 AM,c090fff8-5f81-40c5-b313-5fb7ce42ab9f,Needle,999,
TOOL_HOVER,83777,12/1/2022 8:01:51 AM,c090fff8-5f81-40c5-b313-5fb7ce42ab9f,Needle,999,
TOOL_HOVER,83797,12/1/2022 8:01:51 AM,c090fff8-5f81-40c5-b313-5fb7ce42ab9f,Needle,999,
TOOL_HOVER,83818,12/1/2022 8:01:51 AM,c090fff8-5f81-40c5-b313-5fb7ce42ab9f,Needle,999,
TOOL_HOVER,83840,12/1/2022 8:01:51 AM,c090fff8-5f81-40c5-b313-5fb7ce42ab9f,Needle,999,
TOOL_HOVER,83860,12/1/2022 8:01:51 AM,c090fff8-5f81-40c5-b313-5fb7ce42ab9f,Needle,999,
TOOL_SELECTED,83861,12/1/2022 8:01:51 AM,c090fff8-5f81-40c5-b313-5fb7ce42ab9f,Needle,998,
TOOL_DISCARDED,85557,12/1/2022 8:01:52 AM,c090fff8-5f81-40c5-b313-5fb7ce42ab9f,Needle,998,"(3.4, 0.2, 2.8)",
PULSE_TAKEN,86192,12/1/2022 8:01:53 AM,c090fff8-5f81-40c5-b313-5fb7ce42ab9f,pulse_faint,Mike_6 Root,
VOICE_CAPTURE,86625,12/1/2022 8:01:53 AM,c090fff8-5f81-40c5-b313-5fb7ce42ab9f,oh,NA,
TOOL_HOVER,88640,12/1/2022 8:01:55 AM,c090fff8-5f81-40c5-b313-5fb7ce42ab9f,Needle,999,
TOOL_HOVER,88659,12/1/2022 8:01:55 AM,c090fff8-5f81-40c5-b313-5fb7ce42ab9f,Needle,999,
TOOL_HOVER,88678,12/1/2022 8:01:55 AM,c090fff8-5f81-40c5-b313-5fb7ce42ab9f,Needle,999,
TOOL_HOVER,88697,12/1/2022 8:01:55 AM,c090fff8-5f81-40c5-b313-5fb7ce42ab9f,Needle,999,
TOOL_HOVER,88717,12/1/2022 8:01:55 AM,c090fff8-5f81-40c5-b313-5fb7ce42ab9f,Needle,999,
TOOL_HOVER,88736,12/1/2022 8:01:55 AM,c090fff8-5f81-40c5-b313-5fb7ce42ab9f,Needle,999,
TOOL_HOVER,88756,12/1/2022 8:01:56 AM,c090fff8-5f81-40c5-b313-5fb7ce42ab9f,Needle,999,
TOOL_HOVER,88774,12/1/2022 8:01:56 AM,c090fff8-5f81-40c5-b313-5fb7ce42ab9f,Needle,999,
TOOL_SELECTED,88775,12/1/2022 8:01:56 AM,c090fff8-5f81-40c5-b313-5fb7ce42ab9f,Needle,998,
VOICE_CAPTURE,88828,12/1/2022 8:01:56 AM,c090fff8-5f81-40c5-b313-5fb7ce42ab9f,well,NA,
TOOL_DISCARDED,91985,12/1/2022 8:01:59 AM,c090fff8-5f81-40c5-b313-5fb7ce42ab9f,Needle,998,"(3.4, 0.3, 2.9)",
VOICE_CAPTURE,93199,12/1/2022 8:02:00 AM,c090fff8-5f81-40c5-b313-5fb7ce42ab9f,oh ****,NA,
TOOL_HOVER,93644,12/1/2022 8:02:00 AM,c090fff8-5f81-40c5-b313-5fb7ce42ab9f,Needle,999,
TOOL_HOVER,93664,12/1/2022 8:02:00 AM,c090fff8-5f81-40c5-b313-5fb7ce42ab9f,Needle,999,
TOOL_HOVER,93685,12/1/2022 8:02:00 AM,c090fff8-5f81-40c5-b313-5fb7ce42ab9f,Needle,999,
TOOL_HOVER,93706,12/1/2022 8:02:00 AM,c090fff8-5f81-40c5-b313-5fb7ce42ab9f,Needle,999,
TOOL_HOVER,93725,12/1/2022 8:02:00 AM,c090fff8-5f81-40c5-b313-5fb7ce42ab9f,Needle,999,
TOOL_HOVER,93747,12/1/2022 8:02:00 AM,c090fff8-5f81-40c5-b313-5fb7ce42ab9f,Needle,999,
TOOL_HOVER,93769,12/1/2022 8:02:01 AM,c090fff8-5f81-40c5-b313-5fb7ce42ab9f,Needle,999,
TOOL_HOVER,93790,12/1/2022 8:02:01 AM,c090fff8-5f81-40c5-b313-5fb7ce42ab9f,Needle,999,
TOOL_HOVER,93809,12/1/2022 8:02:01 AM,c090fff8-5f81-40c5-b313-5fb7ce42ab9f,Needle,999,
TOOL_SELECTED,93810,12/1/2022 8:02:01 AM,c090fff8-5f81-40c5-b313-5fb7ce42ab9f,Needle,998,
TOOL_DISCARDED,96065,12/1/2022 8:02:03 AM,c090fff8-5f81-40c5-b313-5fb7ce42ab9f,Needle,998,"(3.4, 0.3, 2.9)",
BAG_CLOSED,97603,12/1/2022 8:02:04 AM,c090fff8-5f81-40c5-b313-5fb7ce42ab9f,"(3.4, 0.4, 2.6)",
TELEPORT,97603,12/1/2022 8:02:04 AM,c090fff8-5f81-40c5-b313-5fb7ce42ab9f,"(2.9, 0.0, 2.0)",
TELEPORT,98676,12/1/2022 8:02:05 AM,c090fff8-5f81-40c5-b313-5fb7ce42ab9f,"(2.9, 0.0, 2.1)",
TOOL_HOVER,99598,12/1/2022 8:02:06 AM,c090fff8-5f81-40c5-b313-5fb7ce42ab9f,Tourniquet,997,
TOOL_HOVER,99618,12/1/2022 8:02:06 AM,c090fff8-5f81-40c5-b313-5fb7ce42ab9f,Tourniquet,997,
TOOL_HOVER,99638,12/1/2022 8:02:06 AM,c090fff8-5f81-40c5-b313-5fb7ce42ab9f,Tourniquet,997,
TOOL_HOVER,99658,12/1/2022 8:02:06 AM,c090fff8-5f81-40c5-b313-5fb7ce42ab9f,Tourniquet,997,
TOOL_HOVER,99678,12/1/2022 8:02:06 AM,c090fff8-5f81-40c5-b313-5fb7ce42ab9f,Tourniquet,997,
BAG_ACCESS,100388,12/1/2022 8:02:07 AM,c090fff8-5f81-40c5-b313-5fb7ce42ab9f,"(3.3, 0.4, 2.7)",
TOOL_HOVER,100846,12/1/2022 8:02:08 AM,c090fff8-5f81-40c5-b313-5fb7ce42ab9f,Needle,999,
TOOL_HOVER,100866,12/1/2022 8:02:08 AM,c090fff8-5f81-40c5-b313-5fb7ce42ab9f,Needle,999,
TOOL_HOVER,100885,12/1/2022 8:02:08 AM,c090fff8-5f81-40c5-b313-5fb7ce42ab9f,Needle,999,
TOOL_HOVER,100905,12/1/2022 8:02:08 AM,c090fff8-5f81-40c5-b313-5fb7ce42ab9f,Needle,999,
TOOL_HOVER,100923,12/1/2022 8:02:08 AM,c090fff8-5f81-40c5-b313-5fb7ce42ab9f,Needle,999,
TOOL_HOVER,100943,12/1/2022 8:02:08 AM,c090fff8-5f81-40c5-b313-5fb7ce42ab9f,Needle,999,
TOOL_HOVER,100962,12/1/2022 8:02:08 AM,c090fff8-5f81-40c5-b313-5fb7ce42ab9f,Needle,999,
TOOL_HOVER,100983,12/1/2022 8:02:08 AM,c090fff8-5f81-40c5-b313-5fb7ce42ab9f,Needle,999,
TOOL_HOVER,101003,12/1/2022 8:02:08 AM,c090fff8-5f81-40c5-b313-5fb7ce42ab9f,Needle,999,
TOOL_SELECTED,101004,12/1/2022 8:02:08 AM,c090fff8-5f81-40c5-b313-5fb7ce42ab9f,Needle,998,
TOOL_DISCARDED,102848,12/1/2022 8:02:10 AM,c090fff8-5f81-40c5-b313-5fb7ce42ab9f,Needle,998,"(3.5, 0.2, 3.0)",
PULSE_TAKEN,103485,12/1/2022 8:02:10 AM,c090fff8-5f81-40c5-b313-5fb7ce42ab9f,pulse_faint,Mike_6 Root,
VOICE_CAPTURE,103667,12/1/2022 8:02:10 AM,c090fff8-5f81-40c5-b313-5fb7ce42ab9f,no oh **** i'm just picking a ******* side yeah here you go,NA,
TOOL_HOVER,104042,12/1/2022 8:02:11 AM,c090fff8-5f81-40c5-b313-5fb7ce42ab9f,Needle,999,
TOOL_HOVER,104061,12/1/2022 8:02:11 AM,c090fff8-5f81-40c5-b313-5fb7ce42ab9f,Needle,999,
TOOL_HOVER,104079,12/1/2022 8:02:11 AM,c090fff8-5f81-40c5-b313-5fb7ce42ab9f,Needle,999,
TOOL_HOVER,104097,12/1/2022 8:02:11 AM,c090fff8-5f81-40c5-b313-5fb7ce42ab9f,Needle,999,
TOOL_HOVER,104117,12/1/2022 8:02:11 AM,c090fff8-5f81-40c5-b313-5fb7ce42ab9f,Needle,999,
TOOL_HOVER,104136,12/1/2022 8:02:11 AM,c090fff8-5f81-40c5-b313-5fb7ce42ab9f,Needle,999,
TOOL_HOVER,104154,12/1/2022 8:02:11 AM,c090fff8-5f81-40c5-b313-5fb7ce42ab9f,Needle,999,
TOOL_HOVER,104172,12/1/2022 8:02:11 AM,c090fff8-5f81-40c5-b313-5fb7ce42ab9f,Needle,999,
TOOL_HOVER,104192,12/1/2022 8:02:11 AM,c090fff8-5f81-40c5-b313-5fb7ce42ab9f,Needle,999,
TOOL_HOVER,104210,12/1/2022 8:02:11 AM,c090fff8-5f81-40c5-b313-5fb7ce42ab9f,Needle,999,
TOOL_HOVER,104229,12/1/2022 8:02:11 AM,c090fff8-5f81-40c5-b313-5fb7ce42ab9f,Needle,999,
TOOL_SELECTED,104230,12/1/2022 8:02:11 AM,c090fff8-5f81-40c5-b313-5fb7ce42ab9f,Needle,998,
TOOL_DISCARDED,105705,12/1/2022 8:02:12 AM,c090fff8-5f81-40c5-b313-5fb7ce42ab9f,Needle,998,"(3.6, 0.3, 3.0)",
VOICE_CAPTURE,106742,12/1/2022 8:02:13 AM,c090fff8-5f81-40c5-b313-5fb7ce42ab9f,that worked no,NA,
TOOL_HOVER,106940,12/1/2022 8:02:14 AM,c090fff8-5f81-40c5-b313-5fb7ce42ab9f,Needle,999,
TOOL_HOVER,106959,12/1/2022 8:02:14 AM,c090fff8-5f81-40c5-b313-5fb7ce42ab9f,Needle,999,
TOOL_HOVER,106977,12/1/2022 8:02:14 AM,c090fff8-5f81-40c5-b313-5fb7ce42ab9f,Needle,999,
TOOL_HOVER,106995,12/1/2022 8:02:14 AM,c090fff8-5f81-40c5-b313-5fb7ce42ab9f,Needle,999,
TOOL_HOVER,107015,12/1/2022 8:02:14 AM,c090fff8-5f81-40c5-b313-5fb7ce42ab9f,Needle,999,
TOOL_HOVER,107035,12/1/2022 8:02:14 AM,c090fff8-5f81-40c5-b313-5fb7ce42ab9f,Needle,999,
TOOL_HOVER,107055,12/1/2022 8:02:14 AM,c090fff8-5f81-40c5-b313-5fb7ce42ab9f,Needle,999,
TOOL_HOVER,107073,12/1/2022 8:02:14 AM,c090fff8-5f81-40c5-b313-5fb7ce42ab9f,Needle,999,
TOOL_HOVER,107092,12/1/2022 8:02:14 AM,c090fff8-5f81-40c5-b313-5fb7ce42ab9f,Needle,999,
TOOL_HOVER,107112,12/1/2022 8:02:14 AM,c090fff8-5f81-40c5-b313-5fb7ce42ab9f,Needle,999,
TOOL_HOVER,107132,12/1/2022 8:02:14 AM,c090fff8-5f81-40c5-b313-5fb7ce42ab9f,Needle,999,
TAG_SELECTED,108776,12/1/2022 8:02:16 AM,c090fff8-5f81-40c5-b313-5fb7ce42ab9f,black,
VOICE_CAPTURE,109380,12/1/2022 8:02:16 AM,c090fff8-5f81-40c5-b313-5fb7ce42ab9f,no,NA,
TAG_DISCARDED,110215,12/1/2022 8:02:17 AM,c090fff8-5f81-40c5-b313-5fb7ce42ab9f,black,"(3.5, 0.4, 2.2)",
TAG_SELECTED,110617,12/1/2022 8:02:17 AM,c090fff8-5f81-40c5-b313-5fb7ce42ab9f,red,
TAG_APPLIED,111587,12/1/2022 8:02:18 AM,c090fff8-5f81-40c5-b313-5fb7ce42ab9f,Mike_6 Root,red,
BAG_CLOSED,111735,12/1/2022 8:02:18 AM,c090fff8-5f81-40c5-b313-5fb7ce42ab9f,"(3.3, 0.4, 2.7)",
TELEPORT,111735,12/1/2022 8:02:18 AM,c090fff8-5f81-40c5-b313-5fb7ce42ab9f,"(2.9, 0.0, 1.9)",
VOICE_CAPTURE,112154,12/1/2022 8:02:19 AM,c090fff8-5f81-40c5-b313-5fb7ce42ab9f,alright well,NA,
PATIENT_ENGAGED,114611,12/1/2022 8:02:21 AM,c090fff8-5f81-40c5-b313-5fb7ce42ab9f,100,Infinity,Lily_1 Root,"(1.2, 0.0, 3.9)","(0.0, 0.1, 0.0, 1.0)",DELAYED,waver,normal,normal,normal,calm,fetal,
PULSE_TAKEN,116264,12/1/2022 8:02:23 AM,c090fff8-5f81-40c5-b313-5fb7ce42ab9f,pulse_normal,Lily_1 Root,
VOICE_CAPTURE,117768,12/1/2022 8:02:25 AM,c090fff8-5f81-40c5-b313-5fb7ce42ab9f,there you go alright ma'am can you hear me,NA,
VOICE_COMMAND,117768,12/1/2022 8:02:25 AM,c090fff8-5f81-40c5-b313-5fb7ce42ab9f,can you hear,there you go alright ma'am can you hear me,
PULSE_TAKEN,118520,12/1/2022 8:02:25 AM,c090fff8-5f81-40c5-b313-5fb7ce42ab9f,pulse_normal,Lily_1 Root,
PULSE_TAKEN,120592,12/1/2022 8:02:27 AM,c090fff8-5f81-40c5-b313-5fb7ce42ab9f,pulse_normal,Lily_1 Root,
PULSE_TAKEN,121511,12/1/2022 8:02:28 AM,c090fff8-5f81-40c5-b313-5fb7ce42ab9f,pulse_normal,Lily_1 Root,
BAG_ACCESS,121544,12/1/2022 8:02:28 AM,c090fff8-5f81-40c5-b313-5fb7ce42ab9f,"(1.0, 0.3, 3.9)",
VOICE_CAPTURE,122012,12/1/2022 8:02:29 AM,c090fff8-5f81-40c5-b313-5fb7ce42ab9f,what,NA,
VOICE_CAPTURE,122145,12/1/2022 8:02:29 AM,c090fff8-5f81-40c5-b313-5fb7ce42ab9f,what,NA,
TOOL_HOVER,122948,12/1/2022 8:02:30 AM,c090fff8-5f81-40c5-b313-5fb7ce42ab9f,Gauze,999,
TOOL_HOVER,122965,12/1/2022 8:02:30 AM,c090fff8-5f81-40c5-b313-5fb7ce42ab9f,Gauze,999,
TOOL_HOVER,122982,12/1/2022 8:02:30 AM,c090fff8-5f81-40c5-b313-5fb7ce42ab9f,Gauze,999,
TOOL_HOVER,122999,12/1/2022 8:02:30 AM,c090fff8-5f81-40c5-b313-5fb7ce42ab9f,Gauze,999,
TOOL_HOVER,123015,12/1/2022 8:02:30 AM,c090fff8-5f81-40c5-b313-5fb7ce42ab9f,Gauze,999,
TOOL_HOVER,123031,12/1/2022 8:02:30 AM,c090fff8-5f81-40c5-b313-5fb7ce42ab9f,Gauze,999,
TOOL_HOVER,123048,12/1/2022 8:02:30 AM,c090fff8-5f81-40c5-b313-5fb7ce42ab9f,Gauze,999,
TOOL_SELECTED,123049,12/1/2022 8:02:30 AM,c090fff8-5f81-40c5-b313-5fb7ce42ab9f,Gauze,998,
TOOL_DISCARDED,124217,12/1/2022 8:02:31 AM,c090fff8-5f81-40c5-b313-5fb7ce42ab9f,Gauze,998,"(1.0, 0.2, 4.0)",
INJURY_TREATED,124219,12/1/2022 8:02:31 AM,c090fff8-5f81-40c5-b313-5fb7ce42ab9f,R Thigh Laceration,Lily_1 Root,tourniquet,medium,rightLeg,False,True,"(1.0, 0.2, 4.0)",
TOOL_APPLIED,124219,12/1/2022 8:02:31 AM,c090fff8-5f81-40c5-b313-5fb7ce42ab9f,Lily_1 Root,Gauze_Dressing,skinCollider_BodyLOD (UnityEngine.GameObject),null,null,AppliedDressingGauze,
BAG_CLOSED,125237,12/1/2022 8:02:32 AM,c090fff8-5f81-40c5-b313-5fb7ce42ab9f,"(1.0, 0.3, 3.9)",
TELEPORT,125238,12/1/2022 8:02:32 AM,c090fff8-5f81-40c5-b313-5fb7ce42ab9f,"(1.5, 0.0, 3.1)",
TOOL_HOVER,126206,12/1/2022 8:02:33 AM,c090fff8-5f81-40c5-b313-5fb7ce42ab9f,Gauze,999,
TOOL_HOVER,126223,12/1/2022 8:02:33 AM,c090fff8-5f81-40c5-b313-5fb7ce42ab9f,Gauze,999,
TOOL_HOVER,126239,12/1/2022 8:02:33 AM,c090fff8-5f81-40c5-b313-5fb7ce42ab9f,Gauze,999,
TOOL_HOVER,126256,12/1/2022 8:02:33 AM,c090fff8-5f81-40c5-b313-5fb7ce42ab9f,Gauze,999,
TOOL_HOVER,126274,12/1/2022 8:02:33 AM,c090fff8-5f81-40c5-b313-5fb7ce42ab9f,Gauze,999,
TOOL_HOVER,126289,12/1/2022 8:02:33 AM,c090fff8-5f81-40c5-b313-5fb7ce42ab9f,Gauze,999,
TOOL_HOVER,126305,12/1/2022 8:02:33 AM,c090fff8-5f81-40c5-b313-5fb7ce42ab9f,Gauze,999,
TOOL_HOVER,126323,12/1/2022 8:02:33 AM,c090fff8-5f81-40c5-b313-5fb7ce42ab9f,Gauze,999,
TOOL_HOVER,126339,12/1/2022 8:02:33 AM,c090fff8-5f81-40c5-b313-5fb7ce42ab9f,Gauze,999,
TOOL_HOVER,126355,12/1/2022 8:02:33 AM,c090fff8-5f81-40c5-b313-5fb7ce42ab9f,Gauze,999,
TOOL_HOVER,126373,12/1/2022 8:02:33 AM,c090fff8-5f81-40c5-b313-5fb7ce42ab9f,Gauze,999,
TOOL_HOVER,126389,12/1/2022 8:02:33 AM,c090fff8-5f81-40c5-b313-5fb7ce42ab9f,Gauze,999,
BAG_ACCESS,126773,12/1/2022 8:02:34 AM,c090fff8-5f81-40c5-b313-5fb7ce42ab9f,"(1.1, 0.4, 4.0)",
PULSE_TAKEN,126966,12/1/2022 8:02:34 AM,c090fff8-5f81-40c5-b313-5fb7ce42ab9f,pulse_normal,Lily_1 Root,
TOOL_HOVER,127252,12/1/2022 8:02:34 AM,c090fff8-5f81-40c5-b313-5fb7ce42ab9f,Tourniquet,997,
TOOL_HOVER,127267,12/1/2022 8:02:34 AM,c090fff8-5f81-40c5-b313-5fb7ce42ab9f,Tourniquet,997,
TOOL_HOVER,127285,12/1/2022 8:02:34 AM,c090fff8-5f81-40c5-b313-5fb7ce42ab9f,Tourniquet,997,
TOOL_HOVER,127303,12/1/2022 8:02:34 AM,c090fff8-5f81-40c5-b313-5fb7ce42ab9f,Tourniquet,997,
TOOL_HOVER,127318,12/1/2022 8:02:34 AM,c090fff8-5f81-40c5-b313-5fb7ce42ab9f,Tourniquet,997,
TOOL_HOVER,127334,12/1/2022 8:02:34 AM,c090fff8-5f81-40c5-b313-5fb7ce42ab9f,Tourniquet,997,
TOOL_HOVER,127351,12/1/2022 8:02:34 AM,c090fff8-5f81-40c5-b313-5fb7ce42ab9f,Tourniquet,997,
TOOL_SELECTED,127352,12/1/2022 8:02:34 AM,c090fff8-5f81-40c5-b313-5fb7ce42ab9f,Tourniquet,996,
TOOL_APPLIED,128454,12/1/2022 8:02:35 AM,c090fff8-5f81-40c5-b313-5fb7ce42ab9f,Lily_1 Root,Tourniquet,LeftUpLeg (UnityEngine.GameObject),tor_ring (1) (UnityEngine.GameObject),tourniquet(Clone) (UnityEngine.GameObject),AppliedTourniquet,
VOICE_CAPTURE,129103,12/1/2022 8:02:36 AM,c090fff8-5f81-40c5-b313-5fb7ce42ab9f,hello leading through,NA,
BAG_CLOSED,129155,12/1/2022 8:02:36 AM,c090fff8-5f81-40c5-b313-5fb7ce42ab9f,"(1.1, 0.4, 4.0)",
TELEPORT,129155,12/1/2022 8:02:36 AM,c090fff8-5f81-40c5-b313-5fb7ce42ab9f,"(1.6, 0.0, 3.2)",
BAG_ACCESS,131962,12/1/2022 8:02:39 AM,c090fff8-5f81-40c5-b313-5fb7ce42ab9f,"(1.3, 0.4, 4.0)",
TOOL_HOVER,132346,12/1/2022 8:02:39 AM,c090fff8-5f81-40c5-b313-5fb7ce42ab9f,Tourniquet,996,
TOOL_HOVER,132363,12/1/2022 8:02:39 AM,c090fff8-5f81-40c5-b313-5fb7ce42ab9f,Tourniquet,996,
TOOL_HOVER,132379,12/1/2022 8:02:39 AM,c090fff8-5f81-40c5-b313-5fb7ce42ab9f,Tourniquet,996,
TOOL_HOVER,132395,12/1/2022 8:02:39 AM,c090fff8-5f81-40c5-b313-5fb7ce42ab9f,Tourniquet,996,
TOOL_HOVER,132412,12/1/2022 8:02:39 AM,c090fff8-5f81-40c5-b313-5fb7ce42ab9f,Tourniquet,996,
TOOL_HOVER,132429,12/1/2022 8:02:39 AM,c090fff8-5f81-40c5-b313-5fb7ce42ab9f,Tourniquet,996,
TOOL_HOVER,132445,12/1/2022 8:02:39 AM,c090fff8-5f81-40c5-b313-5fb7ce42ab9f,Tourniquet,996,
TOOL_HOVER,132462,12/1/2022 8:02:39 AM,c090fff8-5f81-40c5-b313-5fb7ce42ab9f,Tourniquet,996,
TOOL_HOVER,132479,12/1/2022 8:02:39 AM,c090fff8-5f81-40c5-b313-5fb7ce42ab9f,Tourniquet,996,
TOOL_HOVER,132496,12/1/2022 8:02:39 AM,c090fff8-5f81-40c5-b313-5fb7ce42ab9f,Tourniquet,996,
TOOL_SELECTED,132497,12/1/2022 8:02:39 AM,c090fff8-5f81-40c5-b313-5fb7ce42ab9f,Tourniquet,995,
TOOL_APPLIED,134200,12/1/2022 8:02:41 AM,c090fff8-5f81-40c5-b313-5fb7ce42ab9f,Lily_1 Root,Tourniquet,LeftUpLeg (UnityEngine.GameObject),tor_ring (1) (UnityEngine.GameObject),tourniquet(Clone) (UnityEngine.GameObject),AppliedTourniquet,
PULSE_TAKEN,134867,12/1/2022 8:02:42 AM,c090fff8-5f81-40c5-b313-5fb7ce42ab9f,pulse_normal,Lily_1 Root,
PULSE_TAKEN,135303,12/1/2022 8:02:42 AM,c090fff8-5f81-40c5-b313-5fb7ce42ab9f,pulse_normal,Lily_1 Root,
VOICE_CAPTURE,136412,12/1/2022 8:02:43 AM,c090fff8-5f81-40c5-b313-5fb7ce42ab9f,ma'am can you hear me,NA,
VOICE_COMMAND,136413,12/1/2022 8:02:43 AM,c090fff8-5f81-40c5-b313-5fb7ce42ab9f,can you hear,ma'am can you hear me,
BAG_CLOSED,138502,12/1/2022 8:02:45 AM,c090fff8-5f81-40c5-b313-5fb7ce42ab9f,"(1.3, 0.4, 4.0)",
TELEPORT,138502,12/1/2022 8:02:45 AM,c090fff8-5f81-40c5-b313-5fb7ce42ab9f,"(1.6, 0.0, 3.4)",
BAG_ACCESS,140774,12/1/2022 8:02:48 AM,c090fff8-5f81-40c5-b313-5fb7ce42ab9f,"(1.1, 0.4, 4.2)",
TOOL_HOVER,141241,12/1/2022 8:02:48 AM,c090fff8-5f81-40c5-b313-5fb7ce42ab9f,Tourniquet,995,
TOOL_HOVER,141258,12/1/2022 8:02:48 AM,c090fff8-5f81-40c5-b313-5fb7ce42ab9f,Tourniquet,995,
TOOL_HOVER,141275,12/1/2022 8:02:48 AM,c090fff8-5f81-40c5-b313-5fb7ce42ab9f,Tourniquet,995,
TOOL_HOVER,141292,12/1/2022 8:02:48 AM,c090fff8-5f81-40c5-b313-5fb7ce42ab9f,Tourniquet,995,
TOOL_HOVER,141309,12/1/2022 8:02:48 AM,c090fff8-5f81-40c5-b313-5fb7ce42ab9f,Tourniquet,995,
TOOL_HOVER,141325,12/1/2022 8:02:48 AM,c090fff8-5f81-40c5-b313-5fb7ce42ab9f,Tourniquet,995,
TOOL_HOVER,141343,12/1/2022 8:02:48 AM,c090fff8-5f81-40c5-b313-5fb7ce42ab9f,Tourniquet,995,
TOOL_HOVER,141359,12/1/2022 8:02:48 AM,c090fff8-5f81-40c5-b313-5fb7ce42ab9f,Tourniquet,995,
TOOL_HOVER,141375,12/1/2022 8:02:48 AM,c090fff8-5f81-40c5-b313-5fb7ce42ab9f,Tourniquet,995,
TOOL_HOVER,141393,12/1/2022 8:02:48 AM,c090fff8-5f81-40c5-b313-5fb7ce42ab9f,Tourniquet,995,
TOOL_HOVER,141409,12/1/2022 8:02:48 AM,c090fff8-5f81-40c5-b313-5fb7ce42ab9f,Tourniquet,995,
TOOL_HOVER,141426,12/1/2022 8:02:48 AM,c090fff8-5f81-40c5-b313-5fb7ce42ab9f,Tourniquet,995,
TOOL_SELECTED,141427,12/1/2022 8:02:48 AM,c090fff8-5f81-40c5-b313-5fb7ce42ab9f,Tourniquet,994,
VOICE_CAPTURE,142226,12/1/2022 8:02:49 AM,c090fff8-5f81-40c5-b313-5fb7ce42ab9f,how can you please yep OK,NA,
INJURY_TREATED,143698,12/1/2022 8:02:50 AM,c090fff8-5f81-40c5-b313-5fb7ce42ab9f,R Thigh Laceration,Lily_1 Root,tourniquet,medium,rightLeg,True,True,"(1.0, 0.2, 4.0)",
TOOL_APPLIED,143698,12/1/2022 8:02:50 AM,c090fff8-5f81-40c5-b313-5fb7ce42ab9f,Lily_1 Root,Tourniquet,RightUpLeg (UnityEngine.GameObject),tor_ring (1) (UnityEngine.GameObject),tourniquet(Clone) (UnityEngine.GameObject),AppliedTourniquet,
BAG_CLOSED,144549,12/1/2022 8:02:51 AM,c090fff8-5f81-40c5-b313-5fb7ce42ab9f,"(1.1, 0.4, 4.2)",
TELEPORT,144549,12/1/2022 8:02:51 AM,c090fff8-5f81-40c5-b313-5fb7ce42ab9f,"(1.4, 0.0, 3.7)",
PULSE_TAKEN,145418,12/1/2022 8:02:52 AM,c090fff8-5f81-40c5-b313-5fb7ce42ab9f,pulse_normal,Lily_1 Root,
PULSE_TAKEN,146272,12/1/2022 8:02:53 AM,c090fff8-5f81-40c5-b313-5fb7ce42ab9f,pulse_normal,Lily_1 Root,
PULSE_TAKEN,147123,12/1/2022 8:02:54 AM,c090fff8-5f81-40c5-b313-5fb7ce42ab9f,pulse_normal,Lily_1 Root,
VOICE_CAPTURE,147590,12/1/2022 8:02:54 AM,c090fff8-5f81-40c5-b313-5fb7ce42ab9f,there we go,NA,
PULSE_TAKEN,148928,12/1/2022 8:02:56 AM,c090fff8-5f81-40c5-b313-5fb7ce42ab9f,pulse_normal,Lily_1 Root,
PULSE_TAKEN,150347,12/1/2022 8:02:57 AM,c090fff8-5f81-40c5-b313-5fb7ce42ab9f,pulse_normal,Lily_1 Root,
VOICE_CAPTURE,150864,12/1/2022 8:02:58 AM,c090fff8-5f81-40c5-b313-5fb7ce42ab9f,alright,NA,
BAG_ACCESS,151255,12/1/2022 8:02:58 AM,c090fff8-5f81-40c5-b313-5fb7ce42ab9f,"(0.5, 0.4, 4.2)",
PULSE_TAKEN,151273,12/1/2022 8:02:58 AM,c090fff8-5f81-40c5-b313-5fb7ce42ab9f,pulse_normal,Lily_1 Root,
TAG_SELECTED,151681,12/1/2022 8:02:58 AM,c090fff8-5f81-40c5-b313-5fb7ce42ab9f,red,
TAG_APPLIED,153539,12/1/2022 8:03:00 AM,c090fff8-5f81-40c5-b313-5fb7ce42ab9f,Lily_1 Root,red,
BAG_CLOSED,153622,12/1/2022 8:03:00 AM,c090fff8-5f81-40c5-b313-5fb7ce42ab9f,"(0.5, 0.4, 4.2)",
TELEPORT,153622,12/1/2022 8:03:00 AM,c090fff8-5f81-40c5-b313-5fb7ce42ab9f,"(0.9, 0.0, 3.6)",
PATIENT_ENGAGED,154541,12/1/2022 8:03:01 AM,c090fff8-5f81-40c5-b313-5fb7ce42ab9f,100,Infinity,Mike_3 Root,"(-1.3, 0.0, 4.2)","(0.0, 0.4, 0.0, 0.9)",IMMEDIATE,waver,fast,fast,normal,agony,sittingGround,
TOOL_HOVER,156109,12/1/2022 8:03:03 AM,c090fff8-5f81-40c5-b313-5fb7ce42ab9f,Tourniquet,994,
TOOL_HOVER,156129,12/1/2022 8:03:03 AM,c090fff8-5f81-40c5-b313-5fb7ce42ab9f,Tourniquet,994,
TOOL_HOVER,156150,12/1/2022 8:03:03 AM,c090fff8-5f81-40c5-b313-5fb7ce42ab9f,Tourniquet,994,
TOOL_HOVER,156170,12/1/2022 8:03:03 AM,c090fff8-5f81-40c5-b313-5fb7ce42ab9f,Tourniquet,994,
TOOL_HOVER,156190,12/1/2022 8:03:03 AM,c090fff8-5f81-40c5-b313-5fb7ce42ab9f,Tourniquet,994,
TOOL_HOVER,156209,12/1/2022 8:03:03 AM,c090fff8-5f81-40c5-b313-5fb7ce42ab9f,Gauze,999,
TOOL_HOVER,156229,12/1/2022 8:03:03 AM,c090fff8-5f81-40c5-b313-5fb7ce42ab9f,Gauze,999,
TOOL_HOVER,156248,12/1/2022 8:03:03 AM,c090fff8-5f81-40c5-b313-5fb7ce42ab9f,Gauze,999,
TOOL_HOVER,156268,12/1/2022 8:03:03 AM,c090fff8-5f81-40c5-b313-5fb7ce42ab9f,Gauze,999,
TOOL_HOVER,156287,12/1/2022 8:03:03 AM,c090fff8-5f81-40c5-b313-5fb7ce42ab9f,Gauze,999,
BAG_ACCESS,156943,12/1/2022 8:03:04 AM,c090fff8-5f81-40c5-b313-5fb7ce42ab9f,"(-0.6, 0.5, 4.4)",
PULSE_TAKEN,157464,12/1/2022 8:03:04 AM,c090fff8-5f81-40c5-b313-5fb7ce42ab9f,pulse_fast,Mike_3 Root,
TOOL_HOVER,157942,12/1/2022 8:03:05 AM,c090fff8-5f81-40c5-b313-5fb7ce42ab9f,Tourniquet,994,
TOOL_HOVER,157962,12/1/2022 8:03:05 AM,c090fff8-5f81-40c5-b313-5fb7ce42ab9f,Tourniquet,994,
TOOL_HOVER,157982,12/1/2022 8:03:05 AM,c090fff8-5f81-40c5-b313-5fb7ce42ab9f,Tourniquet,994,
TOOL_HOVER,158001,12/1/2022 8:03:05 AM,c090fff8-5f81-40c5-b313-5fb7ce42ab9f,Tourniquet,994,
TOOL_HOVER,158020,12/1/2022 8:03:05 AM,c090fff8-5f81-40c5-b313-5fb7ce42ab9f,Tourniquet,994,
TOOL_HOVER,158039,12/1/2022 8:03:05 AM,c090fff8-5f81-40c5-b313-5fb7ce42ab9f,Tourniquet,994,
TOOL_HOVER,158057,12/1/2022 8:03:05 AM,c090fff8-5f81-40c5-b313-5fb7ce42ab9f,Tourniquet,994,
TOOL_HOVER,158073,12/1/2022 8:03:05 AM,c090fff8-5f81-40c5-b313-5fb7ce42ab9f,Tourniquet,994,
TOOL_SELECTED,158075,12/1/2022 8:03:05 AM,c090fff8-5f81-40c5-b313-5fb7ce42ab9f,Tourniquet,993,
INJURY_TREATED,159389,12/1/2022 8:03:06 AM,c090fff8-5f81-40c5-b313-5fb7ce42ab9f,R Wrist Amputation,Mike_3 Root,tourniquet,high,rightArm,True,False,"(-1.4, 0.5, 4.2)",
TOOL_APPLIED,159389,12/1/2022 8:03:06 AM,c090fff8-5f81-40c5-b313-5fb7ce42ab9f,Mike_3 Root,Tourniquet,RightArm (UnityEngine.GameObject),tor_ring (1) (UnityEngine.GameObject),tourniquet(Clone) (UnityEngine.GameObject),AppliedTourniquet,
PULSE_TAKEN,160106,12/1/2022 8:03:07 AM,c090fff8-5f81-40c5-b313-5fb7ce42ab9f,pulse_fast,Mike_3 Root,
VOICE_CAPTURE,160138,12/1/2022 8:03:07 AM,c090fff8-5f81-40c5-b313-5fb7ce42ab9f,oh shoot alright,NA,
PULSE_TAKEN,161238,12/1/2022 8:03:08 AM,c090fff8-5f81-40c5-b313-5fb7ce42ab9f,pulse_fast,Mike_3 Root,
TOOL_HOVER,161239,12/1/2022 8:03:08 AM,c090fff8-5f81-40c5-b313-5fb7ce42ab9f,Gauze,999,
TOOL_HOVER,161256,12/1/2022 8:03:08 AM,c090fff8-5f81-40c5-b313-5fb7ce42ab9f,Gauze,999,
TOOL_HOVER,161272,12/1/2022 8:03:08 AM,c090fff8-5f81-40c5-b313-5fb7ce42ab9f,Gauze,999,
TOOL_HOVER,161289,12/1/2022 8:03:08 AM,c090fff8-5f81-40c5-b313-5fb7ce42ab9f,Gauze,999,
TOOL_HOVER,161305,12/1/2022 8:03:08 AM,c090fff8-5f81-40c5-b313-5fb7ce42ab9f,Gauze,999,
TOOL_HOVER,161323,12/1/2022 8:03:08 AM,c090fff8-5f81-40c5-b313-5fb7ce42ab9f,Gauze,999,
TOOL_HOVER,161339,12/1/2022 8:03:08 AM,c090fff8-5f81-40c5-b313-5fb7ce42ab9f,Gauze,999,
TOOL_HOVER,161359,12/1/2022 8:03:08 AM,c090fff8-5f81-40c5-b313-5fb7ce42ab9f,Gauze,999,
TOOL_HOVER,161372,12/1/2022 8:03:08 AM,c090fff8-5f81-40c5-b313-5fb7ce42ab9f,Gauze,999,
TOOL_HOVER,161390,12/1/2022 8:03:08 AM,c090fff8-5f81-40c5-b313-5fb7ce42ab9f,Gauze,999,
TOOL_HOVER,161406,12/1/2022 8:03:08 AM,c090fff8-5f81-40c5-b313-5fb7ce42ab9f,Gauze,999,
TOOL_HOVER,161423,12/1/2022 8:03:08 AM,c090fff8-5f81-40c5-b313-5fb7ce42ab9f,Gauze,999,
TOOL_HOVER,161439,12/1/2022 8:03:08 AM,c090fff8-5f81-40c5-b313-5fb7ce42ab9f,Gauze,999,
TOOL_HOVER,161455,12/1/2022 8:03:08 AM,c090fff8-5f81-40c5-b313-5fb7ce42ab9f,Gauze,999,
TOOL_HOVER,161472,12/1/2022 8:03:08 AM,c090fff8-5f81-40c5-b313-5fb7ce42ab9f,Gauze,999,
TOOL_HOVER,161489,12/1/2022 8:03:08 AM,c090fff8-5f81-40c5-b313-5fb7ce42ab9f,Gauze,999,
TOOL_HOVER,161507,12/1/2022 8:03:08 AM,c090fff8-5f81-40c5-b313-5fb7ce42ab9f,Gauze,999,
TOOL_HOVER,161523,12/1/2022 8:03:08 AM,c090fff8-5f81-40c5-b313-5fb7ce42ab9f,Gauze,999,
TOOL_HOVER,161540,12/1/2022 8:03:08 AM,c090fff8-5f81-40c5-b313-5fb7ce42ab9f,Gauze,999,
TOOL_HOVER,161556,12/1/2022 8:03:08 AM,c090fff8-5f81-40c5-b313-5fb7ce42ab9f,Gauze,999,
TOOL_HOVER,161573,12/1/2022 8:03:08 AM,c090fff8-5f81-40c5-b313-5fb7ce42ab9f,Gauze,999,
TOOL_HOVER,161590,12/1/2022 8:03:08 AM,c090fff8-5f81-40c5-b313-5fb7ce42ab9f,Gauze,999,
TOOL_HOVER,161607,12/1/2022 8:03:08 AM,c090fff8-5f81-40c5-b313-5fb7ce42ab9f,Gauze,999,
TOOL_HOVER,161625,12/1/2022 8:03:08 AM,c090fff8-5f81-40c5-b313-5fb7ce42ab9f,Gauze,999,
TOOL_HOVER,161640,12/1/2022 8:03:08 AM,c090fff8-5f81-40c5-b313-5fb7ce42ab9f,Gauze,999,
TOOL_HOVER,161657,12/1/2022 8:03:08 AM,c090fff8-5f81-40c5-b313-5fb7ce42ab9f,Gauze,999,
TOOL_HOVER,161674,12/1/2022 8:03:08 AM,c090fff8-5f81-40c5-b313-5fb7ce42ab9f,Gauze,999,
TOOL_HOVER,161691,12/1/2022 8:03:08 AM,c090fff8-5f81-40c5-b313-5fb7ce42ab9f,Gauze,999,
TOOL_HOVER,161707,12/1/2022 8:03:08 AM,c090fff8-5f81-40c5-b313-5fb7ce42ab9f,Gauze,999,
TOOL_HOVER,161724,12/1/2022 8:03:08 AM,c090fff8-5f81-40c5-b313-5fb7ce42ab9f,Gauze,999,
TOOL_HOVER,161741,12/1/2022 8:03:08 AM,c090fff8-5f81-40c5-b313-5fb7ce42ab9f,Gauze,999,
TOOL_HOVER,161758,12/1/2022 8:03:09 AM,c090fff8-5f81-40c5-b313-5fb7ce42ab9f,Gauze,999,
TOOL_HOVER,161774,12/1/2022 8:03:09 AM,c090fff8-5f81-40c5-b313-5fb7ce42ab9f,Gauze,999,
TOOL_HOVER,161791,12/1/2022 8:03:09 AM,c090fff8-5f81-40c5-b313-5fb7ce42ab9f,Gauze,999,
TOOL_HOVER,161807,12/1/2022 8:03:09 AM,c090fff8-5f81-40c5-b313-5fb7ce42ab9f,Gauze,999,
TOOL_HOVER,161824,12/1/2022 8:03:09 AM,c090fff8-5f81-40c5-b313-5fb7ce42ab9f,Gauze,999,
TOOL_HOVER,161842,12/1/2022 8:03:09 AM,c090fff8-5f81-40c5-b313-5fb7ce42ab9f,Gauze,999,
TOOL_HOVER,161858,12/1/2022 8:03:09 AM,c090fff8-5f81-40c5-b313-5fb7ce42ab9f,Gauze,999,
TOOL_HOVER,161874,12/1/2022 8:03:09 AM,c090fff8-5f81-40c5-b313-5fb7ce42ab9f,Gauze,999,
TOOL_HOVER,161891,12/1/2022 8:03:09 AM,c090fff8-5f81-40c5-b313-5fb7ce42ab9f,Gauze,999,
TOOL_HOVER,161908,12/1/2022 8:03:09 AM,c090fff8-5f81-40c5-b313-5fb7ce42ab9f,Gauze,999,
TOOL_HOVER,161925,12/1/2022 8:03:09 AM,c090fff8-5f81-40c5-b313-5fb7ce42ab9f,Gauze,999,
TOOL_HOVER,161942,12/1/2022 8:03:09 AM,c090fff8-5f81-40c5-b313-5fb7ce42ab9f,Gauze,999,
PULSE_TAKEN,161957,12/1/2022 8:03:09 AM,c090fff8-5f81-40c5-b313-5fb7ce42ab9f,pulse_fast,Mike_3 Root,
TOOL_HOVER,161957,12/1/2022 8:03:09 AM,c090fff8-5f81-40c5-b313-5fb7ce42ab9f,Gauze,999,
TOOL_HOVER,161974,12/1/2022 8:03:09 AM,c090fff8-5f81-40c5-b313-5fb7ce42ab9f,Gauze,999,
TOOL_HOVER,161991,12/1/2022 8:03:09 AM,c090fff8-5f81-40c5-b313-5fb7ce42ab9f,Gauze,999,
TOOL_HOVER,162008,12/1/2022 8:03:09 AM,c090fff8-5f81-40c5-b313-5fb7ce42ab9f,Gauze,999,
TOOL_HOVER,162026,12/1/2022 8:03:09 AM,c090fff8-5f81-40c5-b313-5fb7ce42ab9f,Gauze,999,
TOOL_HOVER,162042,12/1/2022 8:03:09 AM,c090fff8-5f81-40c5-b313-5fb7ce42ab9f,Gauze,999,
TOOL_HOVER,162058,12/1/2022 8:03:09 AM,c090fff8-5f81-40c5-b313-5fb7ce42ab9f,Gauze,999,
TOOL_HOVER,162075,12/1/2022 8:03:09 AM,c090fff8-5f81-40c5-b313-5fb7ce42ab9f,Gauze,999,
TOOL_HOVER,162092,12/1/2022 8:03:09 AM,c090fff8-5f81-40c5-b313-5fb7ce42ab9f,Gauze,999,
TOOL_HOVER,162109,12/1/2022 8:03:09 AM,c090fff8-5f81-40c5-b313-5fb7ce42ab9f,Gauze,999,
TOOL_HOVER,162125,12/1/2022 8:03:09 AM,c090fff8-5f81-40c5-b313-5fb7ce42ab9f,Gauze,999,
TOOL_HOVER,162141,12/1/2022 8:03:09 AM,c090fff8-5f81-40c5-b313-5fb7ce42ab9f,Gauze,999,
TOOL_HOVER,162159,12/1/2022 8:03:09 AM,c090fff8-5f81-40c5-b313-5fb7ce42ab9f,Gauze,999,
TOOL_HOVER,162178,12/1/2022 8:03:09 AM,c090fff8-5f81-40c5-b313-5fb7ce42ab9f,Gauze,999,
TOOL_HOVER,162191,12/1/2022 8:03:09 AM,c090fff8-5f81-40c5-b313-5fb7ce42ab9f,Gauze,999,
TOOL_HOVER,162208,12/1/2022 8:03:09 AM,c090fff8-5f81-40c5-b313-5fb7ce42ab9f,Gauze,999,
TOOL_HOVER,162225,12/1/2022 8:03:09 AM,c090fff8-5f81-40c5-b313-5fb7ce42ab9f,Gauze,999,
TOOL_HOVER,162242,12/1/2022 8:03:09 AM,c090fff8-5f81-40c5-b313-5fb7ce42ab9f,Gauze,999,
TOOL_HOVER,162259,12/1/2022 8:03:09 AM,c090fff8-5f81-40c5-b313-5fb7ce42ab9f,Gauze,999,
TOOL_HOVER,162275,12/1/2022 8:03:09 AM,c090fff8-5f81-40c5-b313-5fb7ce42ab9f,Gauze,999,
TOOL_HOVER,162292,12/1/2022 8:03:09 AM,c090fff8-5f81-40c5-b313-5fb7ce42ab9f,Gauze,999,
TOOL_HOVER,162309,12/1/2022 8:03:09 AM,c090fff8-5f81-40c5-b313-5fb7ce42ab9f,Gauze,999,
TOOL_HOVER,162325,12/1/2022 8:03:09 AM,c090fff8-5f81-40c5-b313-5fb7ce42ab9f,Gauze,999,
TOOL_HOVER,162343,12/1/2022 8:03:09 AM,c090fff8-5f81-40c5-b313-5fb7ce42ab9f,Gauze,999,
TOOL_HOVER,162359,12/1/2022 8:03:09 AM,c090fff8-5f81-40c5-b313-5fb7ce42ab9f,Gauze,999,
TOOL_HOVER,162375,12/1/2022 8:03:09 AM,c090fff8-5f81-40c5-b313-5fb7ce42ab9f,Gauze,999,
TOOL_HOVER,162391,12/1/2022 8:03:09 AM,c090fff8-5f81-40c5-b313-5fb7ce42ab9f,Gauze,999,
TOOL_HOVER,162408,12/1/2022 8:03:09 AM,c090fff8-5f81-40c5-b313-5fb7ce42ab9f,Gauze,999,
TOOL_HOVER,162427,12/1/2022 8:03:09 AM,c090fff8-5f81-40c5-b313-5fb7ce42ab9f,Gauze,999,
TOOL_HOVER,162445,12/1/2022 8:03:09 AM,c090fff8-5f81-40c5-b313-5fb7ce42ab9f,Gauze,999,
TOOL_HOVER,162460,12/1/2022 8:03:09 AM,c090fff8-5f81-40c5-b313-5fb7ce42ab9f,Gauze,999,
TOOL_HOVER,162476,12/1/2022 8:03:09 AM,c090fff8-5f81-40c5-b313-5fb7ce42ab9f,Gauze,999,
TOOL_HOVER,162494,12/1/2022 8:03:09 AM,c090fff8-5f81-40c5-b313-5fb7ce42ab9f,Gauze,999,
TOOL_HOVER,162510,12/1/2022 8:03:09 AM,c090fff8-5f81-40c5-b313-5fb7ce42ab9f,Gauze,999,
TOOL_HOVER,162527,12/1/2022 8:03:09 AM,c090fff8-5f81-40c5-b313-5fb7ce42ab9f,Gauze,999,
TOOL_HOVER,162543,12/1/2022 8:03:09 AM,c090fff8-5f81-40c5-b313-5fb7ce42ab9f,Gauze,999,
TOOL_HOVER,162561,12/1/2022 8:03:09 AM,c090fff8-5f81-40c5-b313-5fb7ce42ab9f,Gauze,999,
TOOL_HOVER,162576,12/1/2022 8:03:09 AM,c090fff8-5f81-40c5-b313-5fb7ce42ab9f,Gauze,999,
PULSE_TAKEN,162593,12/1/2022 8:03:09 AM,c090fff8-5f81-40c5-b313-5fb7ce42ab9f,pulse_fast,Mike_3 Root,
TOOL_HOVER,162593,12/1/2022 8:03:09 AM,c090fff8-5f81-40c5-b313-5fb7ce42ab9f,Gauze,999,
TOOL_HOVER,162609,12/1/2022 8:03:09 AM,c090fff8-5f81-40c5-b313-5fb7ce42ab9f,Gauze,999,
TOOL_HOVER,162626,12/1/2022 8:03:09 AM,c090fff8-5f81-40c5-b313-5fb7ce42ab9f,Gauze,999,
TOOL_HOVER,162643,12/1/2022 8:03:09 AM,c090fff8-5f81-40c5-b313-5fb7ce42ab9f,Gauze,999,
TOOL_HOVER,162660,12/1/2022 8:03:09 AM,c090fff8-5f81-40c5-b313-5fb7ce42ab9f,Gauze,999,
TOOL_HOVER,162677,12/1/2022 8:03:09 AM,c090fff8-5f81-40c5-b313-5fb7ce42ab9f,Gauze,999,
TOOL_HOVER,162693,12/1/2022 8:03:09 AM,c090fff8-5f81-40c5-b313-5fb7ce42ab9f,Gauze,999,
TOOL_HOVER,162710,12/1/2022 8:03:09 AM,c090fff8-5f81-40c5-b313-5fb7ce42ab9f,Gauze,999,
TOOL_HOVER,162728,12/1/2022 8:03:09 AM,c090fff8-5f81-40c5-b313-5fb7ce42ab9f,Gauze,999,
TOOL_HOVER,162743,12/1/2022 8:03:09 AM,c090fff8-5f81-40c5-b313-5fb7ce42ab9f,Gauze,999,
TOOL_HOVER,162761,12/1/2022 8:03:10 AM,c090fff8-5f81-40c5-b313-5fb7ce42ab9f,Gauze,999,
TOOL_HOVER,162777,12/1/2022 8:03:10 AM,c090fff8-5f81-40c5-b313-5fb7ce42ab9f,Gauze,999,
TOOL_HOVER,162793,12/1/2022 8:03:10 AM,c090fff8-5f81-40c5-b313-5fb7ce42ab9f,Gauze,999,
TOOL_HOVER,162810,12/1/2022 8:03:10 AM,c090fff8-5f81-40c5-b313-5fb7ce42ab9f,Gauze,999,
TOOL_HOVER,162828,12/1/2022 8:03:10 AM,c090fff8-5f81-40c5-b313-5fb7ce42ab9f,Gauze,999,
TOOL_HOVER,162845,12/1/2022 8:03:10 AM,c090fff8-5f81-40c5-b313-5fb7ce42ab9f,Gauze,999,
TOOL_HOVER,162861,12/1/2022 8:03:10 AM,c090fff8-5f81-40c5-b313-5fb7ce42ab9f,Gauze,999,
TOOL_HOVER,162879,12/1/2022 8:03:10 AM,c090fff8-5f81-40c5-b313-5fb7ce42ab9f,Gauze,999,
TOOL_HOVER,162895,12/1/2022 8:03:10 AM,c090fff8-5f81-40c5-b313-5fb7ce42ab9f,Gauze,999,
TOOL_HOVER,162911,12/1/2022 8:03:10 AM,c090fff8-5f81-40c5-b313-5fb7ce42ab9f,Gauze,999,
TOOL_HOVER,162928,12/1/2022 8:03:10 AM,c090fff8-5f81-40c5-b313-5fb7ce42ab9f,Gauze,999,
TOOL_HOVER,162944,12/1/2022 8:03:10 AM,c090fff8-5f81-40c5-b313-5fb7ce42ab9f,Gauze,999,
TOOL_HOVER,162960,12/1/2022 8:03:10 AM,c090fff8-5f81-40c5-b313-5fb7ce42ab9f,Gauze,999,
TOOL_HOVER,162977,12/1/2022 8:03:10 AM,c090fff8-5f81-40c5-b313-5fb7ce42ab9f,Gauze,999,
TOOL_HOVER,162993,12/1/2022 8:03:10 AM,c090fff8-5f81-40c5-b313-5fb7ce42ab9f,Gauze,999,
TOOL_HOVER,163010,12/1/2022 8:03:10 AM,c090fff8-5f81-40c5-b313-5fb7ce42ab9f,Gauze,999,
TOOL_HOVER,163027,12/1/2022 8:03:10 AM,c090fff8-5f81-40c5-b313-5fb7ce42ab9f,Gauze,999,
TOOL_HOVER,163045,12/1/2022 8:03:10 AM,c090fff8-5f81-40c5-b313-5fb7ce42ab9f,Gauze,999,
TOOL_HOVER,163062,12/1/2022 8:03:10 AM,c090fff8-5f81-40c5-b313-5fb7ce42ab9f,Gauze,999,
TOOL_HOVER,163078,12/1/2022 8:03:10 AM,c090fff8-5f81-40c5-b313-5fb7ce42ab9f,Gauze,999,
TOOL_HOVER,163095,12/1/2022 8:03:10 AM,c090fff8-5f81-40c5-b313-5fb7ce42ab9f,Gauze,999,
TOOL_HOVER,163112,12/1/2022 8:03:10 AM,c090fff8-5f81-40c5-b313-5fb7ce42ab9f,Gauze,999,
TOOL_HOVER,163129,12/1/2022 8:03:10 AM,c090fff8-5f81-40c5-b313-5fb7ce42ab9f,Gauze,999,
TOOL_HOVER,163145,12/1/2022 8:03:10 AM,c090fff8-5f81-40c5-b313-5fb7ce42ab9f,Gauze,999,
TOOL_HOVER,163161,12/1/2022 8:03:10 AM,c090fff8-5f81-40c5-b313-5fb7ce42ab9f,Gauze,999,
TOOL_HOVER,163178,12/1/2022 8:03:10 AM,c090fff8-5f81-40c5-b313-5fb7ce42ab9f,Gauze,999,
TOOL_HOVER,163195,12/1/2022 8:03:10 AM,c090fff8-5f81-40c5-b313-5fb7ce42ab9f,Gauze,999,
TOOL_HOVER,163211,12/1/2022 8:03:10 AM,c090fff8-5f81-40c5-b313-5fb7ce42ab9f,Gauze,999,
TOOL_HOVER,163228,12/1/2022 8:03:10 AM,c090fff8-5f81-40c5-b313-5fb7ce42ab9f,Gauze,999,
TOOL_HOVER,163245,12/1/2022 8:03:10 AM,c090fff8-5f81-40c5-b313-5fb7ce42ab9f,Gauze,999,
TOOL_HOVER,163262,12/1/2022 8:03:10 AM,c090fff8-5f81-40c5-b313-5fb7ce42ab9f,Gauze,999,
TOOL_HOVER,163278,12/1/2022 8:03:10 AM,c090fff8-5f81-40c5-b313-5fb7ce42ab9f,Gauze,999,
TOOL_HOVER,163295,12/1/2022 8:03:10 AM,c090fff8-5f81-40c5-b313-5fb7ce42ab9f,Gauze,999,
TOOL_HOVER,163312,12/1/2022 8:03:10 AM,c090fff8-5f81-40c5-b313-5fb7ce42ab9f,Gauze,999,
TOOL_HOVER,163329,12/1/2022 8:03:10 AM,c090fff8-5f81-40c5-b313-5fb7ce42ab9f,Gauze,999,
TOOL_HOVER,163345,12/1/2022 8:03:10 AM,c090fff8-5f81-40c5-b313-5fb7ce42ab9f,Gauze,999,
TOOL_HOVER,163361,12/1/2022 8:03:10 AM,c090fff8-5f81-40c5-b313-5fb7ce42ab9f,Gauze,999,
TOOL_HOVER,163378,12/1/2022 8:03:10 AM,c090fff8-5f81-40c5-b313-5fb7ce42ab9f,Gauze,999,
TOOL_HOVER,163395,12/1/2022 8:03:10 AM,c090fff8-5f81-40c5-b313-5fb7ce42ab9f,Gauze,999,
TOOL_HOVER,163412,12/1/2022 8:03:10 AM,c090fff8-5f81-40c5-b313-5fb7ce42ab9f,Gauze,999,
TOOL_HOVER,163429,12/1/2022 8:03:10 AM,c090fff8-5f81-40c5-b313-5fb7ce42ab9f,Gauze,999,
TOOL_HOVER,163446,12/1/2022 8:03:10 AM,c090fff8-5f81-40c5-b313-5fb7ce42ab9f,Gauze,999,
TOOL_HOVER,163463,12/1/2022 8:03:10 AM,c090fff8-5f81-40c5-b313-5fb7ce42ab9f,Gauze,999,
TOOL_HOVER,163479,12/1/2022 8:03:10 AM,c090fff8-5f81-40c5-b313-5fb7ce42ab9f,Gauze,999,
TOOL_HOVER,163496,12/1/2022 8:03:10 AM,c090fff8-5f81-40c5-b313-5fb7ce42ab9f,Gauze,999,
TOOL_HOVER,163512,12/1/2022 8:03:10 AM,c090fff8-5f81-40c5-b313-5fb7ce42ab9f,Gauze,999,
TOOL_HOVER,163529,12/1/2022 8:03:10 AM,c090fff8-5f81-40c5-b313-5fb7ce42ab9f,Gauze,999,
TOOL_HOVER,163547,12/1/2022 8:03:10 AM,c090fff8-5f81-40c5-b313-5fb7ce42ab9f,Gauze,999,
TOOL_HOVER,163564,12/1/2022 8:03:10 AM,c090fff8-5f81-40c5-b313-5fb7ce42ab9f,Gauze,999,
TOOL_HOVER,163579,12/1/2022 8:03:10 AM,c090fff8-5f81-40c5-b313-5fb7ce42ab9f,Gauze,999,
TOOL_HOVER,163595,12/1/2022 8:03:10 AM,c090fff8-5f81-40c5-b313-5fb7ce42ab9f,Gauze,999,
TOOL_HOVER,163613,12/1/2022 8:03:10 AM,c090fff8-5f81-40c5-b313-5fb7ce42ab9f,Gauze,999,
TOOL_HOVER,163629,12/1/2022 8:03:10 AM,c090fff8-5f81-40c5-b313-5fb7ce42ab9f,Gauze,999,
TOOL_HOVER,163646,12/1/2022 8:03:10 AM,c090fff8-5f81-40c5-b313-5fb7ce42ab9f,Gauze,999,
TOOL_HOVER,163663,12/1/2022 8:03:10 AM,c090fff8-5f81-40c5-b313-5fb7ce42ab9f,Gauze,999,
TOOL_HOVER,163679,12/1/2022 8:03:10 AM,c090fff8-5f81-40c5-b313-5fb7ce42ab9f,Gauze,999,
TOOL_HOVER,163695,12/1/2022 8:03:10 AM,c090fff8-5f81-40c5-b313-5fb7ce42ab9f,Gauze,999,
TOOL_HOVER,163713,12/1/2022 8:03:10 AM,c090fff8-5f81-40c5-b313-5fb7ce42ab9f,Gauze,999,
TOOL_HOVER,163728,12/1/2022 8:03:10 AM,c090fff8-5f81-40c5-b313-5fb7ce42ab9f,Gauze,999,
TOOL_HOVER,163745,12/1/2022 8:03:10 AM,c090fff8-5f81-40c5-b313-5fb7ce42ab9f,Gauze,999,
TOOL_HOVER,163763,12/1/2022 8:03:11 AM,c090fff8-5f81-40c5-b313-5fb7ce42ab9f,Gauze,999,
TOOL_HOVER,163779,12/1/2022 8:03:11 AM,c090fff8-5f81-40c5-b313-5fb7ce42ab9f,Gauze,999,
TOOL_HOVER,163795,12/1/2022 8:03:11 AM,c090fff8-5f81-40c5-b313-5fb7ce42ab9f,Gauze,999,
TOOL_HOVER,163812,12/1/2022 8:03:11 AM,c090fff8-5f81-40c5-b313-5fb7ce42ab9f,Gauze,999,
VOICE_CAPTURE,163829,12/1/2022 8:03:11 AM,c090fff8-5f81-40c5-b313-5fb7ce42ab9f,sir can you hear me,NA,
VOICE_COMMAND,163829,12/1/2022 8:03:11 AM,c090fff8-5f81-40c5-b313-5fb7ce42ab9f,can you hear,sir can you hear me,
TOOL_HOVER,163830,12/1/2022 8:03:11 AM,c090fff8-5f81-40c5-b313-5fb7ce42ab9f,Gauze,999,
TAG_SELECTED,164432,12/1/2022 8:03:11 AM,c090fff8-5f81-40c5-b313-5fb7ce42ab9f,red,
VOICE_CAPTURE,164883,12/1/2022 8:03:12 AM,c090fff8-5f81-40c5-b313-5fb7ce42ab9f,modbutton yes,NA,
VOICE_COMMAND,164883,12/1/2022 8:03:12 AM,c090fff8-5f81-40c5-b313-5fb7ce42ab9f,modbutton yes,modbutton yes,
PULSE_TAKEN,165366,12/1/2022 8:03:12 AM,c090fff8-5f81-40c5-b313-5fb7ce42ab9f,pulse_fast,Mike_3 Root,
TAG_APPLIED,166753,12/1/2022 8:03:14 AM,c090fff8-5f81-40c5-b313-5fb7ce42ab9f,Mike_3 Root,red,
PULSE_TAKEN,167472,12/1/2022 8:03:14 AM,c090fff8-5f81-40c5-b313-5fb7ce42ab9f,pulse_fast,Mike_3 Root,
VOICE_CAPTURE,169110,12/1/2022 8:03:16 AM,c090fff8-5f81-40c5-b313-5fb7ce42ab9f,OK,NA,
VOICE_CAPTURE,170416,12/1/2022 8:03:17 AM,c090fff8-5f81-40c5-b313-5fb7ce42ab9f,modbutton no,NA,
VOICE_COMMAND,170416,12/1/2022 8:03:17 AM,c090fff8-5f81-40c5-b313-5fb7ce42ab9f,modbutton no,modbutton no,
VOICE_CAPTURE,171047,12/1/2022 8:03:18 AM,c090fff8-5f81-40c5-b313-5fb7ce42ab9f,modbutton no,NA,
VOICE_COMMAND,171047,12/1/2022 8:03:18 AM,c090fff8-5f81-40c5-b313-5fb7ce42ab9f,modbutton no,modbutton no,
VOICE_CAPTURE,171899,12/1/2022 8:03:19 AM,c090fff8-5f81-40c5-b313-5fb7ce42ab9f,alright are you able to walk,NA,
VOICE_COMMAND,171899,12/1/2022 8:03:19 AM,c090fff8-5f81-40c5-b313-5fb7ce42ab9f,walk to the safe area,alright are you able to walk,
S_A_L_T_WALK_IF_CAN,171900,12/1/2022 8:03:19 AM,c090fff8-5f81-40c5-b313-5fb7ce42ab9f,"(0.2, 0.0, 7.7)",walkIfCan,Helga_0 Root,
S_A_L_T_WALK_IF_CAN,171900,12/1/2022 8:03:19 AM,c090fff8-5f81-40c5-b313-5fb7ce42ab9f,"(1.2, 0.0, 3.9)",walkIfCan,Lily_1 Root,
S_A_L_T_WALK_IF_CAN,171900,12/1/2022 8:03:19 AM,c090fff8-5f81-40c5-b313-5fb7ce42ab9f,"(0.7, 0.0, 0.6)",walkIfCan,Gloria_2 Root,
S_A_L_T_WALK_IF_CAN,171900,12/1/2022 8:03:19 AM,c090fff8-5f81-40c5-b313-5fb7ce42ab9f,"(-1.3, 0.0, 4.2)",walkIfCan,Mike_3 Root,
S_A_L_T_WALK_IF_CAN,171900,12/1/2022 8:03:19 AM,c090fff8-5f81-40c5-b313-5fb7ce42ab9f,"(5.2, 0.0, -3.4)",walkIfCan,Mike_4 Root,
S_A_L_T_WALKED,171900,12/1/2022 8:03:19 AM,c090fff8-5f81-40c5-b313-5fb7ce42ab9f,"(5.2, 0.0, -3.4)",walked,Mike_4 Root,
S_A_L_T_WALK_IF_CAN,171900,12/1/2022 8:03:19 AM,c090fff8-5f81-40c5-b313-5fb7ce42ab9f,"(2.6, 0.0, -3.8)",walkIfCan,Gary_5 Root,
S_A_L_T_WALKED,171900,12/1/2022 8:03:19 AM,c090fff8-5f81-40c5-b313-5fb7ce42ab9f,"(2.6, 0.0, -3.8)",walked,Gary_5 Root,
S_A_L_T_WALK_IF_CAN,171901,12/1/2022 8:03:19 AM,c090fff8-5f81-40c5-b313-5fb7ce42ab9f,"(2.6, 0.0, 8.0)",walkIfCan,Gloria_8 Root,
S_A_L_T_WALK_IF_CAN,171901,12/1/2022 8:03:19 AM,c090fff8-5f81-40c5-b313-5fb7ce42ab9f,"(3.5, 0.0, 1.1)",walkIfCan,Mike_9 Root,
S_A_L_T_WALK_IF_CAN,171901,12/1/2022 8:03:19 AM,c090fff8-5f81-40c5-b313-5fb7ce42ab9f,"(4.8, 0.0, -1.1)",walkIfCan,Bob_10 Root,
S_A_L_T_WALKED,171901,12/1/2022 8:03:19 AM,c090fff8-5f81-40c5-b313-5fb7ce42ab9f,"(4.8, 0.0, -1.1)",walked,Bob_10 Root,
BAG_CLOSED,172501,12/1/2022 8:03:19 AM,c090fff8-5f81-40c5-b313-5fb7ce42ab9f,"(-0.9, 0.0, 3.8)",
TELEPORT,172501,12/1/2022 8:03:19 AM,c090fff8-5f81-40c5-b313-5fb7ce42ab9f,"(-0.9, 0.0, 3.8)",
TELEPORT,173507,12/1/2022 8:03:20 AM,c090fff8-5f81-40c5-b313-5fb7ce42ab9f,"(-0.5, 0.0, 4.0)",
BAG_ACCESS,173540,12/1/2022 8:03:20 AM,c090fff8-5f81-40c5-b313-5fb7ce42ab9f,"(-0.5, 0.8, 4.5)",
VOICE_CAPTURE,174104,12/1/2022 8:03:21 AM,c090fff8-5f81-40c5-b313-5fb7ce42ab9f,can you walk towards this,NA,
VOICE_COMMAND,174105,12/1/2022 8:03:21 AM,c090fff8-5f81-40c5-b313-5fb7ce42ab9f,walk to the safe area,can you walk towards this,
VOICE_CAPTURE,176626,12/1/2022 8:03:23 AM,c090fff8-5f81-40c5-b313-5fb7ce42ab9f,OK alright that's fine,NA,
PATIENT_ENGAGED,177145,12/1/2022 8:03:24 AM,c090fff8-5f81-40c5-b313-5fb7ce42ab9f,100,Infinity,Helga_0 Root,"(0.2, 0.0, 7.7)","(0.0, 0.7, 0.0, 0.7)",IMMEDIATE,waver,fast,fast,normal,upset,sittingGround,
BAG_CLOSED,179735,12/1/2022 8:03:26 AM,c090fff8-5f81-40c5-b313-5fb7ce42ab9f,"(0.6, 0.0, 6.5)",
TELEPORT,179735,12/1/2022 8:03:26 AM,c090fff8-5f81-40c5-b313-5fb7ce42ab9f,"(0.6, 0.0, 6.5)",
PULSE_TAKEN,180053,12/1/2022 8:03:27 AM,c090fff8-5f81-40c5-b313-5fb7ce42ab9f,pulse_fast,Helga_0 Root,
BAG_ACCESS,180069,12/1/2022 8:03:27 AM,c090fff8-5f81-40c5-b313-5fb7ce42ab9f,"(0.5, 0.4, 7.8)",
PULSE_TAKEN,180537,12/1/2022 8:03:27 AM,c090fff8-5f81-40c5-b313-5fb7ce42ab9f,pulse_fast,Helga_0 Root,
VOICE_CAPTURE,184029,12/1/2022 8:03:31 AM,c090fff8-5f81-40c5-b313-5fb7ce42ab9f,OK oh yep,NA,
TOOL_HOVER,184647,12/1/2022 8:03:31 AM,c090fff8-5f81-40c5-b313-5fb7ce42ab9f,Hemostatic Gauze,999,
TOOL_HOVER,184664,12/1/2022 8:03:31 AM,c090fff8-5f81-40c5-b313-5fb7ce42ab9f,Hemostatic Gauze,999,
TOOL_HOVER,184681,12/1/2022 8:03:31 AM,c090fff8-5f81-40c5-b313-5fb7ce42ab9f,Hemostatic Gauze,999,
TOOL_HOVER,184698,12/1/2022 8:03:31 AM,c090fff8-5f81-40c5-b313-5fb7ce42ab9f,Hemostatic Gauze,999,
TOOL_HOVER,184713,12/1/2022 8:03:31 AM,c090fff8-5f81-40c5-b313-5fb7ce42ab9f,Hemostatic Gauze,999,
TOOL_HOVER,184731,12/1/2022 8:03:31 AM,c090fff8-5f81-40c5-b313-5fb7ce42ab9f,Hemostatic Gauze,999,
TOOL_SELECTED,184731,12/1/2022 8:03:31 AM,c090fff8-5f81-40c5-b313-5fb7ce42ab9f,Hemostatic Gauze,998,
PULSE_TAKEN,186016,12/1/2022 8:03:33 AM,c090fff8-5f81-40c5-b313-5fb7ce42ab9f,pulse_fast,Helga_0 Root,
TOOL_DISCARDED,186200,12/1/2022 8:03:33 AM,c090fff8-5f81-40c5-b313-5fb7ce42ab9f,Hemostatic Gauze,998,"(0.0, 0.2, 7.5)",
INJURY_TREATED,186201,12/1/2022 8:03:33 AM,c090fff8-5f81-40c5-b313-5fb7ce42ab9f,L Stomach Puncture,Helga_0 Root,woundpack,high,abdomen,True,False,"(0.0, 0.2, 7.5)",
TOOL_APPLIED,186201,12/1/2022 8:03:33 AM,c090fff8-5f81-40c5-b313-5fb7ce42ab9f,Helga_0 Root,Gauze_Pack,skinCollider_BodyLOD (UnityEngine.GameObject),null,null,AppliedPackingGauze,
VOICE_CAPTURE,186785,12/1/2022 8:03:34 AM,c090fff8-5f81-40c5-b313-5fb7ce42ab9f,modbutton no,NA,
VOICE_COMMAND,186785,12/1/2022 8:03:34 AM,c090fff8-5f81-40c5-b313-5fb7ce42ab9f,modbutton no,modbutton no,
VOICE_CAPTURE,188104,12/1/2022 8:03:35 AM,c090fff8-5f81-40c5-b313-5fb7ce42ab9f,alright can you tell me what day it is,NA,
PULSE_TAKEN,188390,12/1/2022 8:03:35 AM,c090fff8-5f81-40c5-b313-5fb7ce42ab9f,pulse_fast,Helga_0 Root,
PULSE_TAKEN,188423,12/1/2022 8:03:35 AM,c090fff8-5f81-40c5-b313-5fb7ce42ab9f,pulse_fast,Helga_0 Root,
TOOL_HOVER,189443,12/1/2022 8:03:36 AM,c090fff8-5f81-40c5-b313-5fb7ce42ab9f,Tourniquet,993,
TOOL_HOVER,189459,12/1/2022 8:03:36 AM,c090fff8-5f81-40c5-b313-5fb7ce42ab9f,Tourniquet,993,
TOOL_HOVER,189476,12/1/2022 8:03:36 AM,c090fff8-5f81-40c5-b313-5fb7ce42ab9f,Tourniquet,993,
TOOL_HOVER,189493,12/1/2022 8:03:36 AM,c090fff8-5f81-40c5-b313-5fb7ce42ab9f,Tourniquet,993,
TOOL_HOVER,189509,12/1/2022 8:03:36 AM,c090fff8-5f81-40c5-b313-5fb7ce42ab9f,Tourniquet,993,
TOOL_HOVER,189526,12/1/2022 8:03:36 AM,c090fff8-5f81-40c5-b313-5fb7ce42ab9f,Tourniquet,993,
TOOL_HOVER,189543,12/1/2022 8:03:36 AM,c090fff8-5f81-40c5-b313-5fb7ce42ab9f,Tourniquet,993,
TOOL_HOVER,189559,12/1/2022 8:03:36 AM,c090fff8-5f81-40c5-b313-5fb7ce42ab9f,Tourniquet,993,
TOOL_HOVER,189576,12/1/2022 8:03:36 AM,c090fff8-5f81-40c5-b313-5fb7ce42ab9f,Tourniquet,993,
TOOL_HOVER,189593,12/1/2022 8:03:36 AM,c090fff8-5f81-40c5-b313-5fb7ce42ab9f,Tourniquet,993,
TOOL_HOVER,189609,12/1/2022 8:03:36 AM,c090fff8-5f81-40c5-b313-5fb7ce42ab9f,Tourniquet,993,
TOOL_HOVER,189625,12/1/2022 8:03:36 AM,c090fff8-5f81-40c5-b313-5fb7ce42ab9f,Tourniquet,993,
TOOL_SELECTED,189626,12/1/2022 8:03:36 AM,c090fff8-5f81-40c5-b313-5fb7ce42ab9f,Tourniquet,992,
VOICE_CAPTURE,190427,12/1/2022 8:03:37 AM,c090fff8-5f81-40c5-b313-5fb7ce42ab9f,OK,NA,
INJURY_TREATED,191096,12/1/2022 8:03:38 AM,c090fff8-5f81-40c5-b313-5fb7ce42ab9f,L Thigh Puncture,Helga_0 Root,tourniquet,medium,leftLeg,True,False,"(0.1, 0.3, 7.7)",
TOOL_APPLIED,191096,12/1/2022 8:03:38 AM,c090fff8-5f81-40c5-b313-5fb7ce42ab9f,Helga_0 Root,Tourniquet,LeftUpLeg (UnityEngine.GameObject),tor_ring (1) (UnityEngine.GameObject),tourniquet(Clone) (UnityEngine.GameObject),AppliedTourniquet,
PULSE_TAKEN,191731,12/1/2022 8:03:38 AM,c090fff8-5f81-40c5-b313-5fb7ce42ab9f,pulse_fast,Helga_0 Root,
TAG_SELECTED,192834,12/1/2022 8:03:40 AM,c090fff8-5f81-40c5-b313-5fb7ce42ab9f,red,
TAG_APPLIED,194303,12/1/2022 8:03:41 AM,c090fff8-5f81-40c5-b313-5fb7ce42ab9f,Helga_0 Root,red,
PULSE_TAKEN,194972,12/1/2022 8:03:42 AM,c090fff8-5f81-40c5-b313-5fb7ce42ab9f,pulse_fast,Helga_0 Root,
VOICE_CAPTURE,195724,12/1/2022 8:03:42 AM,c090fff8-5f81-40c5-b313-5fb7ce42ab9f,OK,NA,
BAG_CLOSED,195778,12/1/2022 8:03:43 AM,c090fff8-5f81-40c5-b313-5fb7ce42ab9f,"(0.4, 0.4, 8.0)",
TELEPORT,196192,12/1/2022 8:03:43 AM,c090fff8-5f81-40c5-b313-5fb7ce42ab9f,"(0.7, 0.0, 6.3)",
TELEPORT,198504,12/1/2022 8:03:45 AM,c090fff8-5f81-40c5-b313-5fb7ce42ab9f,"(2.2, 0.0, 6.3)",
PATIENT_ENGAGED,198682,12/1/2022 8:03:45 AM,c090fff8-5f81-40c5-b313-5fb7ce42ab9f,100,Infinity,Gloria_8 Root,"(2.6, 0.0, 8.1)","(0.0, -0.6, 0.0, -0.8)",MINIMAL,still,normal,normal,limited,calm,standing,
VOICE_CAPTURE,199116,12/1/2022 8:03:46 AM,c090fff8-5f81-40c5-b313-5fb7ce42ab9f,there we go stay here,NA,
TELEPORT,199690,12/1/2022 8:03:46 AM,c090fff8-5f81-40c5-b313-5fb7ce42ab9f,"(2.6, 0.0, 6.6)",
TELEPORT,201371,12/1/2022 8:03:48 AM,c090fff8-5f81-40c5-b313-5fb7ce42ab9f,"(2.7, 0.0, 6.8)",
VOICE_CAPTURE,201787,12/1/2022 8:03:49 AM,c090fff8-5f81-40c5-b313-5fb7ce42ab9f,excuse me,NA,
PULSE_TAKEN,203058,12/1/2022 8:03:50 AM,c090fff8-5f81-40c5-b313-5fb7ce42ab9f,pulse_normal,Gloria_8 Root,
PULSE_TAKEN,203125,12/1/2022 8:03:50 AM,c090fff8-5f81-40c5-b313-5fb7ce42ab9f,pulse_normal,Gloria_8 Root,
PULSE_TAKEN,205139,12/1/2022 8:03:52 AM,c090fff8-5f81-40c5-b313-5fb7ce42ab9f,pulse_normal,Gloria_8 Root,
VOICE_CAPTURE,205757,12/1/2022 8:03:53 AM,c090fff8-5f81-40c5-b313-5fb7ce42ab9f,OK,NA,
VOICE_CAPTURE,209756,12/1/2022 8:03:57 AM,c090fff8-5f81-40c5-b313-5fb7ce42ab9f,do you know can you walk towards the stairs,NA,
VOICE_COMMAND,209756,12/1/2022 8:03:57 AM,c090fff8-5f81-40c5-b313-5fb7ce42ab9f,walk to the safe area,do you know can you walk towards the stairs,
S_A_L_T_WALK_IF_CAN,209756,12/1/2022 8:03:57 AM,c090fff8-5f81-40c5-b313-5fb7ce42ab9f,"(0.2, 0.0, 7.7)",walkIfCan,Helga_0 Root,
S_A_L_T_WALK_IF_CAN,209756,12/1/2022 8:03:57 AM,c090fff8-5f81-40c5-b313-5fb7ce42ab9f,"(1.2, 0.0, 3.9)",walkIfCan,Lily_1 Root,
S_A_L_T_WALK_IF_CAN,209756,12/1/2022 8:03:57 AM,c090fff8-5f81-40c5-b313-5fb7ce42ab9f,"(0.7, 0.0, 0.6)",walkIfCan,Gloria_2 Root,
S_A_L_T_WALK_IF_CAN,209756,12/1/2022 8:03:57 AM,c090fff8-5f81-40c5-b313-5fb7ce42ab9f,"(-1.3, 0.0, 4.2)",walkIfCan,Mike_3 Root,
S_A_L_T_WALK_IF_CAN,209756,12/1/2022 8:03:57 AM,c090fff8-5f81-40c5-b313-5fb7ce42ab9f,"(5.4, 0.0, -3.6)",walkIfCan,Mike_4 Root,
S_A_L_T_WALKED,209756,12/1/2022 8:03:57 AM,c090fff8-5f81-40c5-b313-5fb7ce42ab9f,"(5.4, 0.0, -3.6)",walked,Mike_4 Root,
S_A_L_T_WALK_IF_CAN,209756,12/1/2022 8:03:57 AM,c090fff8-5f81-40c5-b313-5fb7ce42ab9f,"(2.5, 0.0, -4.0)",walkIfCan,Gary_5 Root,
S_A_L_T_WALKED,209756,12/1/2022 8:03:57 AM,c090fff8-5f81-40c5-b313-5fb7ce42ab9f,"(2.5, 0.0, -4.0)",walked,Gary_5 Root,
S_A_L_T_WALK_IF_CAN,209756,12/1/2022 8:03:57 AM,c090fff8-5f81-40c5-b313-5fb7ce42ab9f,"(2.6, 0.0, 8.0)",walkIfCan,Gloria_8 Root,
S_A_L_T_WALK_IF_CAN,209756,12/1/2022 8:03:57 AM,c090fff8-5f81-40c5-b313-5fb7ce42ab9f,"(3.5, 0.0, 1.1)",walkIfCan,Mike_9 Root,
S_A_L_T_WALK_IF_CAN,209756,12/1/2022 8:03:57 AM,c090fff8-5f81-40c5-b313-5fb7ce42ab9f,"(4.8, 0.0, -1.1)",walkIfCan,Bob_10 Root,
S_A_L_T_WALKED,209756,12/1/2022 8:03:57 AM,c090fff8-5f81-40c5-b313-5fb7ce42ab9f,"(4.8, 0.0, -1.1)",walked,Bob_10 Root,
VOICE_CAPTURE,211629,12/1/2022 8:03:58 AM,c090fff8-5f81-40c5-b313-5fb7ce42ab9f,for me,NA,
TELEPORT,212080,12/1/2022 8:03:59 AM,c090fff8-5f81-40c5-b313-5fb7ce42ab9f,"(2.8, 0.0, 6.6)",
TELEPORT,213149,12/1/2022 8:04:00 AM,c090fff8-5f81-40c5-b313-5fb7ce42ab9f,"(2.6, 0.0, 6.5)",
TELEPORT,214126,12/1/2022 8:04:01 AM,c090fff8-5f81-40c5-b313-5fb7ce42ab9f,"(2.6, 0.0, 6.4)",
TELEPORT,215325,12/1/2022 8:04:02 AM,c090fff8-5f81-40c5-b313-5fb7ce42ab9f,"(2.3, 0.0, 6.4)",
BAG_ACCESS,217877,12/1/2022 8:04:05 AM,c090fff8-5f81-40c5-b313-5fb7ce42ab9f,"(2.7, 0.7, 7.4)",
VOICE_CAPTURE,218194,12/1/2022 8:04:05 AM,c090fff8-5f81-40c5-b313-5fb7ce42ab9f,OK,NA,
BAG_CLOSED,219740,12/1/2022 8:04:06 AM,c090fff8-5f81-40c5-b313-5fb7ce42ab9f,"(2.7, 0.7, 7.4)",
TELEPORT,219740,12/1/2022 8:04:06 AM,c090fff8-5f81-40c5-b313-5fb7ce42ab9f,"(2.0, 0.0, 6.3)",
TELEPORT,221995,12/1/2022 8:04:09 AM,c090fff8-5f81-40c5-b313-5fb7ce42ab9f,"(1.8, 0.0, 6.5)",
TELEPORT,222899,12/1/2022 8:04:10 AM,c090fff8-5f81-40c5-b313-5fb7ce42ab9f,"(1.3, 0.0, 6.8)",
VOICE_CAPTURE,223950,12/1/2022 8:04:11 AM,c090fff8-5f81-40c5-b313-5fb7ce42ab9f,well then she's altered right,NA,
BAG_ACCESS,224055,12/1/2022 8:04:11 AM,c090fff8-5f81-40c5-b313-5fb7ce42ab9f,"(1.8, 0.8, 8.2)",
PULSE_TAKEN,227248,12/1/2022 8:04:14 AM,c090fff8-5f81-40c5-b313-5fb7ce42ab9f,pulse_normal,Gloria_8 Root,
VOICE_CAPTURE,228440,12/1/2022 8:04:15 AM,c090fff8-5f81-40c5-b313-5fb7ce42ab9f,yeah alright,NA,
BAG_CLOSED,229900,12/1/2022 8:04:17 AM,c090fff8-5f81-40c5-b313-5fb7ce42ab9f,"(2.2, 0.8, 7.7)",
TELEPORT,229900,12/1/2022 8:04:17 AM,c090fff8-5f81-40c5-b313-5fb7ce42ab9f,"(1.3, 0.0, 7.1)",
TELEPORT,230775,12/1/2022 8:04:18 AM,c090fff8-5f81-40c5-b313-5fb7ce42ab9f,"(1.6, 0.0, 7.0)",
TELEPORT,231827,12/1/2022 8:04:19 AM,c090fff8-5f81-40c5-b313-5fb7ce42ab9f,"(1.7, 0.0, 6.7)",
VOICE_CAPTURE,232209,12/1/2022 8:04:19 AM,c090fff8-5f81-40c5-b313-5fb7ce42ab9f,can you come with me and then,NA,
TELEPORT,232856,12/1/2022 8:04:20 AM,c090fff8-5f81-40c5-b313-5fb7ce42ab9f,"(1.9, 0.0, 6.7)",
TELEPORT,235763,12/1/2022 8:04:23 AM,c090fff8-5f81-40c5-b313-5fb7ce42ab9f,"(0.4, 0.0, 7.9)",
VOICE_CAPTURE,236831,12/1/2022 8:04:24 AM,c090fff8-5f81-40c5-b313-5fb7ce42ab9f,i think do i have any other patients that,NA,
TELEPORT,237823,12/1/2022 8:04:25 AM,c090fff8-5f81-40c5-b313-5fb7ce42ab9f,"(1.0, 0.0, 7.6)",
TELEPORT,239722,12/1/2022 8:04:26 AM,c090fff8-5f81-40c5-b313-5fb7ce42ab9f,"(1.3, 0.0, 6.5)",
BAG_ACCESS,240907,12/1/2022 8:04:28 AM,c090fff8-5f81-40c5-b313-5fb7ce42ab9f,"(2.1, 0.7, 7.3)",
TAG_SELECTED,241426,12/1/2022 8:04:28 AM,c090fff8-5f81-40c5-b313-5fb7ce42ab9f,green,
BAG_CLOSED,242028,12/1/2022 8:04:29 AM,c090fff8-5f81-40c5-b313-5fb7ce42ab9f,"(2.1, 0.7, 7.3)",
TELEPORT,242028,12/1/2022 8:04:29 AM,c090fff8-5f81-40c5-b313-5fb7ce42ab9f,"(1.5, 0.0, 6.4)",
TAG_APPLIED,242929,12/1/2022 8:04:30 AM,c090fff8-5f81-40c5-b313-5fb7ce42ab9f,Gloria_8 Root,green,
VOICE_CAPTURE,243296,12/1/2022 8:04:30 AM,c090fff8-5f81-40c5-b313-5fb7ce42ab9f,oh do i have to,NA,
TELEPORT,243883,12/1/2022 8:04:31 AM,c090fff8-5f81-40c5-b313-5fb7ce42ab9f,"(1.4, 0.0, 6.2)",
TELEPORT,245926,12/1/2022 8:04:33 AM,c090fff8-5f81-40c5-b313-5fb7ce42ab9f,"(1.9, 0.0, 4.9)",
TELEPORT,247523,12/1/2022 8:04:34 AM,c090fff8-5f81-40c5-b313-5fb7ce42ab9f,"(2.4, 0.0, 4.2)",
VOICE_CAPTURE,248877,12/1/2022 8:04:36 AM,c090fff8-5f81-40c5-b313-5fb7ce42ab9f,OK so,NA,
PATIENT_ENGAGED,255378,12/1/2022 8:04:42 AM,c090fff8-5f81-40c5-b313-5fb7ce42ab9f,100,128,Mike_6 Root,"(3.0, 0.0, 3.4)","(0.0, 0.0, 0.0, 1.0)",IMMEDIATE,still,faint,collapsedRight,normal,unresponsive,supine,
VOICE_CAPTURE,255560,12/1/2022 8:04:42 AM,c090fff8-5f81-40c5-b313-5fb7ce42ab9f,this guy,NA,
BAG_ACCESS,256412,12/1/2022 8:04:43 AM,c090fff8-5f81-40c5-b313-5fb7ce42ab9f,"(3.8, 0.7, 3.4)",
TOOL_HOVER,260851,12/1/2022 8:04:48 AM,c090fff8-5f81-40c5-b313-5fb7ce42ab9f,Needle,999,
TOOL_HOVER,260868,12/1/2022 8:04:48 AM,c090fff8-5f81-40c5-b313-5fb7ce42ab9f,Needle,999,
TOOL_HOVER,260886,12/1/2022 8:04:48 AM,c090fff8-5f81-40c5-b313-5fb7ce42ab9f,Needle,999,
TOOL_HOVER,260903,12/1/2022 8:04:48 AM,c090fff8-5f81-40c5-b313-5fb7ce42ab9f,Needle,999,
TOOL_HOVER,260921,12/1/2022 8:04:48 AM,c090fff8-5f81-40c5-b313-5fb7ce42ab9f,Needle,999,
TOOL_HOVER,260938,12/1/2022 8:04:48 AM,c090fff8-5f81-40c5-b313-5fb7ce42ab9f,Needle,999,
TOOL_HOVER,260955,12/1/2022 8:04:48 AM,c090fff8-5f81-40c5-b313-5fb7ce42ab9f,Needle,999,
TOOL_HOVER,260973,12/1/2022 8:04:48 AM,c090fff8-5f81-40c5-b313-5fb7ce42ab9f,Needle,999,
TOOL_HOVER,260990,12/1/2022 8:04:48 AM,c090fff8-5f81-40c5-b313-5fb7ce42ab9f,Needle,999,
TOOL_HOVER,261007,12/1/2022 8:04:48 AM,c090fff8-5f81-40c5-b313-5fb7ce42ab9f,Needle,999,
TOOL_HOVER,261023,12/1/2022 8:04:48 AM,c090fff8-5f81-40c5-b313-5fb7ce42ab9f,Needle,999,
TOOL_HOVER,261039,12/1/2022 8:04:48 AM,c090fff8-5f81-40c5-b313-5fb7ce42ab9f,Needle,999,
TOOL_HOVER,261054,12/1/2022 8:04:48 AM,c090fff8-5f81-40c5-b313-5fb7ce42ab9f,Needle,999,
TOOL_HOVER,261069,12/1/2022 8:04:48 AM,c090fff8-5f81-40c5-b313-5fb7ce42ab9f,Needle,999,
TOOL_SELECTED,261070,12/1/2022 8:04:48 AM,c090fff8-5f81-40c5-b313-5fb7ce42ab9f,Needle,998,
VOICE_CAPTURE,262218,12/1/2022 8:04:49 AM,c090fff8-5f81-40c5-b313-5fb7ce42ab9f,OK,NA,
INJURY_TREATED,263010,12/1/2022 8:04:50 AM,c090fff8-5f81-40c5-b313-5fb7ce42ab9f,R Chest Collapse,Mike_6 Root,decompress,high,chest,True,False,"(0.0, 0.0, 0.0)",
TOOL_APPLIED,263010,12/1/2022 8:04:50 AM,c090fff8-5f81-40c5-b313-5fb7ce42ab9f,Needle_Decomp(Clone),Needle,RChest_Breathe1 (UnityEngine.GameObject),cath_needle (UnityEngine.GameObject),right_chest,Needle_Decomp(Clone) (UnityEngine.GameObject),AppliedDecompNeedle,
PATIENT_ENGAGED,266380,12/1/2022 8:04:53 AM,c090fff8-5f81-40c5-b313-5fb7ce42ab9f,100,Infinity,Mike_9 Root,"(3.5, 0.0, 1.1)","(0.0, 1.0, 0.0, 0.0)",DELAYED,waver,normal,normal,normal,upset,sittingGround,
BAG_CLOSED,266457,12/1/2022 8:04:53 AM,c090fff8-5f81-40c5-b313-5fb7ce42ab9f,"(3.8, 0.7, 3.4)",
TELEPORT,266457,12/1/2022 8:04:53 AM,c090fff8-5f81-40c5-b313-5fb7ce42ab9f,"(3.4, 0.0, 2.3)",
VOICE_CAPTURE,267245,12/1/2022 8:04:54 AM,c090fff8-5f81-40c5-b313-5fb7ce42ab9f,hey there we go,NA,
TELEPORT,268166,12/1/2022 8:04:55 AM,c090fff8-5f81-40c5-b313-5fb7ce42ab9f,"(4.1, 0.0, 1.5)",
VOICE_CAPTURE,270306,12/1/2022 8:04:57 AM,c090fff8-5f81-40c5-b313-5fb7ce42ab9f,cool OK,NA,
PATIENT_ENGAGED,273094,12/1/2022 8:05:00 AM,c090fff8-5f81-40c5-b313-5fb7ce42ab9f,100,Infinity,Bob_10 Root,"(4.8, 0.0, -1.1)","(0.0, -0.7, 0.0, 0.7)",MINIMAL,walker,normal,normal,normal,calm,sittingChair,
PULSE_TAKEN,274046,12/1/2022 8:05:01 AM,c090fff8-5f81-40c5-b313-5fb7ce42ab9f,pulse_normal,Bob_10 Root,
VOICE_CAPTURE,275551,12/1/2022 8:05:02 AM,c090fff8-5f81-40c5-b313-5fb7ce42ab9f,sarah can you hear me,NA,
VOICE_COMMAND,275551,12/1/2022 8:05:02 AM,c090fff8-5f81-40c5-b313-5fb7ce42ab9f,can you hear,sarah can you hear me,
BAG_ACCESS,275968,12/1/2022 8:05:03 AM,c090fff8-5f81-40c5-b313-5fb7ce42ab9f,"(4.2, 0.7, -0.4)",
TAG_SELECTED,278125,12/1/2022 8:05:05 AM,c090fff8-5f81-40c5-b313-5fb7ce42ab9f,green,
VOICE_CAPTURE,278458,12/1/2022 8:05:05 AM,c090fff8-5f81-40c5-b313-5fb7ce42ab9f,modbutton yes,NA,
VOICE_COMMAND,278458,12/1/2022 8:05:05 AM,c090fff8-5f81-40c5-b313-5fb7ce42ab9f,modbutton yes,modbutton yes,
VOICE_CAPTURE,280177,12/1/2022 8:05:07 AM,c090fff8-5f81-40c5-b313-5fb7ce42ab9f,modbutton no,NA,
VOICE_COMMAND,280177,12/1/2022 8:05:07 AM,c090fff8-5f81-40c5-b313-5fb7ce42ab9f,modbutton no,modbutton no,
VOICE_CAPTURE,281984,12/1/2022 8:05:09 AM,c090fff8-5f81-40c5-b313-5fb7ce42ab9f,are you hurt,NA,
VOICE_COMMAND,281984,12/1/2022 8:05:09 AM,c090fff8-5f81-40c5-b313-5fb7ce42ab9f,are you hurt,are you hurt,
VOICE_CAPTURE,282133,12/1/2022 8:05:09 AM,c090fff8-5f81-40c5-b313-5fb7ce42ab9f,modbutton im okay,NA,
VOICE_COMMAND,282133,12/1/2022 8:05:09 AM,c090fff8-5f81-40c5-b313-5fb7ce42ab9f,modbutton im okay,modbutton im okay,
TAG_APPLIED,282134,12/1/2022 8:05:09 AM,c090fff8-5f81-40c5-b313-5fb7ce42ab9f,Bob_10 Root,green,
VOICE_CAPTURE,283437,12/1/2022 8:05:10 AM,c090fff8-5f81-40c5-b313-5fb7ce42ab9f,are you hurt anywhere,NA,
VOICE_COMMAND,283437,12/1/2022 8:05:10 AM,c090fff8-5f81-40c5-b313-5fb7ce42ab9f,are you hurt,are you hurt anywhere,
BAG_CLOSED,284823,12/1/2022 8:05:12 AM,c090fff8-5f81-40c5-b313-5fb7ce42ab9f,"(4.2, 0.7, -0.4)",
TELEPORT,284823,12/1/2022 8:05:12 AM,c090fff8-5f81-40c5-b313-5fb7ce42ab9f,"(3.4, 0.0, -1.9)",
TELEPORT,286043,12/1/2022 8:05:13 AM,c090fff8-5f81-40c5-b313-5fb7ce42ab9f,"(3.2, 0.0, -2.2)",
PATIENT_ENGAGED,290037,12/1/2022 8:05:17 AM,c090fff8-5f81-40c5-b313-5fb7ce42ab9f,100,0,Gary_5 Root,"(2.6, 0.0, -4.1)","(0.0, 0.4, 0.0, 0.9)",MINIMAL,walker,normal,restricted,normal,upset,sittingGround,
BAG_ACCESS,291540,12/1/2022 8:05:18 AM,c090fff8-5f81-40c5-b313-5fb7ce42ab9f,"(2.6, 0.8, -2.8)",
PULSE_TAKEN,292157,12/1/2022 8:05:19 AM,c090fff8-5f81-40c5-b313-5fb7ce42ab9f,pulse_normal,Gary_5 Root,
VOICE_CAPTURE,293177,12/1/2022 8:05:20 AM,c090fff8-5f81-40c5-b313-5fb7ce42ab9f,OK OK i'm gonna go ahead and have your head up the stairs OK,NA,
PULSE_TAKEN,293244,12/1/2022 8:05:20 AM,c090fff8-5f81-40c5-b313-5fb7ce42ab9f,pulse_normal,Gary_5 Root,
VOICE_CAPTURE,293296,12/1/2022 8:05:20 AM,c090fff8-5f81-40c5-b313-5fb7ce42ab9f,modbutton no,NA,
VOICE_COMMAND,293296,12/1/2022 8:05:20 AM,c090fff8-5f81-40c5-b313-5fb7ce42ab9f,modbutton no,modbutton no,
VOICE_CAPTURE,293995,12/1/2022 8:05:21 AM,c090fff8-5f81-40c5-b313-5fb7ce42ab9f,hello sir,NA,
VOICE_CAPTURE,295231,12/1/2022 8:05:22 AM,c090fff8-5f81-40c5-b313-5fb7ce42ab9f,what's going on are you hurt,NA,
VOICE_COMMAND,295236,12/1/2022 8:05:22 AM,c090fff8-5f81-40c5-b313-5fb7ce42ab9f,are you hurt,what's going on are you hurt,
PULSE_TAKEN,295299,12/1/2022 8:05:22 AM,c090fff8-5f81-40c5-b313-5fb7ce42ab9f,pulse_normal,Gary_5 Root,
TAG_SELECTED,296551,12/1/2022 8:05:23 AM,c090fff8-5f81-40c5-b313-5fb7ce42ab9f,green,
VOICE_CAPTURE,297554,12/1/2022 8:05:24 AM,c090fff8-5f81-40c5-b313-5fb7ce42ab9f,OK,NA,
TAG_APPLIED,297654,12/1/2022 8:05:24 AM,c090fff8-5f81-40c5-b313-5fb7ce42ab9f,Gary_5 Root,green,
PULSE_TAKEN,297872,12/1/2022 8:05:25 AM,c090fff8-5f81-40c5-b313-5fb7ce42ab9f,pulse_normal,Gary_5 Root,
BAG_CLOSED,299447,12/1/2022 8:05:26 AM,c090fff8-5f81-40c5-b313-5fb7ce42ab9f,"(2.6, 0.8, -2.8)",
TELEPORT,300061,12/1/2022 8:05:27 AM,c090fff8-5f81-40c5-b313-5fb7ce42ab9f,"(2.9, 0.0, -4.3)",
VOICE_CAPTURE,300843,12/1/2022 8:05:28 AM,c090fff8-5f81-40c5-b313-5fb7ce42ab9f,i'm gonna go ahead and have you head up the stairs OK,NA,
PATIENT_ENGAGED,301663,12/1/2022 8:05:28 AM,c090fff8-5f81-40c5-b313-5fb7ce42ab9f,100,Infinity,Mike_4 Root,"(5.4, 0.0, -3.6)","(0.0, 0.7, 0.0, -0.7)",MINIMAL,walker,normal,normal,normal,upset,sittingGround,
VOICE_CAPTURE,301830,12/1/2022 8:05:29 AM,c090fff8-5f81-40c5-b313-5fb7ce42ab9f,right up there,NA,
PULSE_TAKEN,302683,12/1/2022 8:05:29 AM,c090fff8-5f81-40c5-b313-5fb7ce42ab9f,pulse_normal,Mike_4 Root,
BAG_ACCESS,303050,12/1/2022 8:05:30 AM,c090fff8-5f81-40c5-b313-5fb7ce42ab9f,"(4.9, 0.5, -3.4)",
TOOL_HOVER,304237,12/1/2022 8:05:31 AM,c090fff8-5f81-40c5-b313-5fb7ce42ab9f,Gauze,999,
TOOL_HOVER,304254,12/1/2022 8:05:31 AM,c090fff8-5f81-40c5-b313-5fb7ce42ab9f,Gauze,999,
TOOL_HOVER,304270,12/1/2022 8:05:31 AM,c090fff8-5f81-40c5-b313-5fb7ce42ab9f,Gauze,999,
TOOL_HOVER,304287,12/1/2022 8:05:31 AM,c090fff8-5f81-40c5-b313-5fb7ce42ab9f,Gauze,999,
TOOL_HOVER,304304,12/1/2022 8:05:31 AM,c090fff8-5f81-40c5-b313-5fb7ce42ab9f,Gauze,999,
TOOL_HOVER,304321,12/1/2022 8:05:31 AM,c090fff8-5f81-40c5-b313-5fb7ce42ab9f,Gauze,999,
TOOL_HOVER,304337,12/1/2022 8:05:31 AM,c090fff8-5f81-40c5-b313-5fb7ce42ab9f,Gauze,999,
TOOL_HOVER,304354,12/1/2022 8:05:31 AM,c090fff8-5f81-40c5-b313-5fb7ce42ab9f,Gauze,999,
TOOL_HOVER,304370,12/1/2022 8:05:31 AM,c090fff8-5f81-40c5-b313-5fb7ce42ab9f,Gauze,999,
TOOL_HOVER,304387,12/1/2022 8:05:31 AM,c090fff8-5f81-40c5-b313-5fb7ce42ab9f,Gauze,999,
TOOL_HOVER,304404,12/1/2022 8:05:31 AM,c090fff8-5f81-40c5-b313-5fb7ce42ab9f,Gauze,999,
TOOL_SELECTED,304405,12/1/2022 8:05:31 AM,c090fff8-5f81-40c5-b313-5fb7ce42ab9f,Gauze,998,
VOICE_CAPTURE,305121,12/1/2022 8:05:32 AM,c090fff8-5f81-40c5-b313-5fb7ce42ab9f,hello sir,NA,
TOOL_DISCARDED,305123,12/1/2022 8:05:32 AM,c090fff8-5f81-40c5-b313-5fb7ce42ab9f,Gauze,998,"(5.4, 0.4, -3.4)",
INJURY_TREATED,305123,12/1/2022 8:05:32 AM,c090fff8-5f81-40c5-b313-5fb7ce42ab9f,R Palm Laceration,Mike_4 Root,gauzePressure,low,rightArm,True,False,"(5.3, 0.4, -3.5)",
TOOL_APPLIED,305123,12/1/2022 8:05:32 AM,c090fff8-5f81-40c5-b313-5fb7ce42ab9f,Mike_4 Root,Gauze_Dressing,skinCollider_BodyCollideLOD (UnityEngine.GameObject),null,null,AppliedDressingGauze,
PULSE_TAKEN,306040,12/1/2022 8:05:33 AM,c090fff8-5f81-40c5-b313-5fb7ce42ab9f,pulse_normal,Mike_4 Root,
PULSE_TAKEN,306443,12/1/2022 8:05:33 AM,c090fff8-5f81-40c5-b313-5fb7ce42ab9f,pulse_normal,Mike_4 Root,
PULSE_TAKEN,306559,12/1/2022 8:05:33 AM,c090fff8-5f81-40c5-b313-5fb7ce42ab9f,pulse_normal,Mike_4 Root,
VOICE_CAPTURE,309716,12/1/2022 8:05:36 AM,c090fff8-5f81-40c5-b313-5fb7ce42ab9f,are you able to walk for me,NA,
VOICE_COMMAND,309716,12/1/2022 8:05:36 AM,c090fff8-5f81-40c5-b313-5fb7ce42ab9f,walk to the safe area,are you able to walk for me,
S_A_L_T_WALK_IF_CAN,309717,12/1/2022 8:05:36 AM,c090fff8-5f81-40c5-b313-5fb7ce42ab9f,"(0.2, 0.0, 7.7)",walkIfCan,Helga_0 Root,
S_A_L_T_WALK_IF_CAN,309717,12/1/2022 8:05:36 AM,c090fff8-5f81-40c5-b313-5fb7ce42ab9f,"(1.2, 0.0, 3.9)",walkIfCan,Lily_1 Root,
S_A_L_T_WALK_IF_CAN,309717,12/1/2022 8:05:36 AM,c090fff8-5f81-40c5-b313-5fb7ce42ab9f,"(0.7, 0.0, 0.6)",walkIfCan,Gloria_2 Root,
S_A_L_T_WALK_IF_CAN,309717,12/1/2022 8:05:36 AM,c090fff8-5f81-40c5-b313-5fb7ce42ab9f,"(-1.3, 0.0, 4.2)",walkIfCan,Mike_3 Root,
S_A_L_T_WALK_IF_CAN,309717,12/1/2022 8:05:36 AM,c090fff8-5f81-40c5-b313-5fb7ce42ab9f,"(5.4, 0.0, -3.6)",walkIfCan,Mike_4 Root,
S_A_L_T_WALKED,309717,12/1/2022 8:05:36 AM,c090fff8-5f81-40c5-b313-5fb7ce42ab9f,"(5.4, 0.0, -3.6)",walked,Mike_4 Root,
S_A_L_T_WALK_IF_CAN,309718,12/1/2022 8:05:36 AM,c090fff8-5f81-40c5-b313-5fb7ce42ab9f,"(2.6, 0.0, -4.1)",walkIfCan,Gary_5 Root,
S_A_L_T_WALKED,309718,12/1/2022 8:05:36 AM,c090fff8-5f81-40c5-b313-5fb7ce42ab9f,"(2.6, 0.0, -4.1)",walked,Gary_5 Root,
S_A_L_T_WALK_IF_CAN,309718,12/1/2022 8:05:36 AM,c090fff8-5f81-40c5-b313-5fb7ce42ab9f,"(2.6, 0.0, 8.1)",walkIfCan,Gloria_8 Root,
S_A_L_T_WALK_IF_CAN,309718,12/1/2022 8:05:36 AM,c090fff8-5f81-40c5-b313-5fb7ce42ab9f,"(3.5, 0.0, 1.1)",walkIfCan,Mike_9 Root,
S_A_L_T_WALK_IF_CAN,309718,12/1/2022 8:05:36 AM,c090fff8-5f81-40c5-b313-5fb7ce42ab9f,"(4.8, 0.0, -1.1)",walkIfCan,Bob_10 Root,
S_A_L_T_WALKED,309718,12/1/2022 8:05:36 AM,c090fff8-5f81-40c5-b313-5fb7ce42ab9f,"(4.8, 0.0, -1.1)",walked,Bob_10 Root,
BAG_CLOSED,312107,12/1/2022 8:05:39 AM,c090fff8-5f81-40c5-b313-5fb7ce42ab9f,"(4.9, 0.5, -3.4)",
TELEPORT,312107,12/1/2022 8:05:39 AM,c090fff8-5f81-40c5-b313-5fb7ce42ab9f,"(3.9, 0.0, -3.7)",
BAG_ACCESS,313610,12/1/2022 8:05:40 AM,c090fff8-5f81-40c5-b313-5fb7ce42ab9f,"(4.7, 0.5, -3.3)",
TAG_SELECTED,314045,12/1/2022 8:05:41 AM,c090fff8-5f81-40c5-b313-5fb7ce42ab9f,green,
VOICE_CAPTURE,314193,12/1/2022 8:05:41 AM,c090fff8-5f81-40c5-b313-5fb7ce42ab9f,oh awesome,NA,
TAG_APPLIED,315632,12/1/2022 8:05:42 AM,c090fff8-5f81-40c5-b313-5fb7ce42ab9f,Mike_4 Root,green,
BAG_CLOSED,316533,12/1/2022 8:05:43 AM,c090fff8-5f81-40c5-b313-5fb7ce42ab9f,"(4.7, 0.5, -3.3)",
TELEPORT,316533,12/1/2022 8:05:43 AM,c090fff8-5f81-40c5-b313-5fb7ce42ab9f,"(3.9, 0.0, -3.9)",
PULSE_TAKEN,316967,12/1/2022 8:05:44 AM,c090fff8-5f81-40c5-b313-5fb7ce42ab9f,pulse_normal,Mike_4 Root,
VOICE_CAPTURE,317602,12/1/2022 8:05:44 AM,c090fff8-5f81-40c5-b313-5fb7ce42ab9f,oh there let me give you a tag OK,NA,
VOICE_CAPTURE,319122,12/1/2022 8:05:46 AM,c090fff8-5f81-40c5-b313-5fb7ce42ab9f,there we go,NA,
TELEPORT,320827,12/1/2022 8:05:48 AM,c090fff8-5f81-40c5-b313-5fb7ce42ab9f,"(3.9, 0.0, -3.9)",
VOICE_CAPTURE,321599,12/1/2022 8:05:48 AM,c090fff8-5f81-40c5-b313-5fb7ce42ab9f,oh now,NA,
TELEPORT,322665,12/1/2022 8:05:49 AM,c090fff8-5f81-40c5-b313-5fb7ce42ab9f,"(3.8, 0.0, -4.1)",
VOICE_CAPTURE,323900,12/1/2022 8:05:51 AM,c090fff8-5f81-40c5-b313-5fb7ce42ab9f,OK,NA,
VOICE_CAPTURE,325287,12/1/2022 8:05:52 AM,c090fff8-5f81-40c5-b313-5fb7ce42ab9f,that's fine,NA,
VOICE_CAPTURE,332353,12/1/2022 8:05:59 AM,c090fff8-5f81-40c5-b313-5fb7ce42ab9f,alright and yeah that's nothing and his other arm is nothing,NA,
TELEPORT,334143,12/1/2022 8:06:01 AM,c090fff8-5f81-40c5-b313-5fb7ce42ab9f,"(3.8, 0.0, -4.2)",
VOICE_CAPTURE,336398,12/1/2022 8:06:03 AM,c090fff8-5f81-40c5-b313-5fb7ce42ab9f,oh yeah yeah yeah so OK,NA,
TELEPORT,336967,12/1/2022 8:06:04 AM,c090fff8-5f81-40c5-b313-5fb7ce42ab9f,"(3.5, 0.0, -4.0)",
TELEPORT,337984,12/1/2022 8:06:05 AM,c090fff8-5f81-40c5-b313-5fb7ce42ab9f,"(3.3, 0.0, -4.0)",
TELEPORT,338954,12/1/2022 8:06:06 AM,c090fff8-5f81-40c5-b313-5fb7ce42ab9f,"(2.8, 0.0, -3.7)",
VOICE_CAPTURE,339521,12/1/2022 8:06:06 AM,c090fff8-5f81-40c5-b313-5fb7ce42ab9f,OK,NA,
TELEPORT,340508,12/1/2022 8:06:07 AM,c090fff8-5f81-40c5-b313-5fb7ce42ab9f,"(1.9, 0.0, -3.5)",
VOICE_CAPTURE,340927,12/1/2022 8:06:08 AM,c090fff8-5f81-40c5-b313-5fb7ce42ab9f,good enough,NA,
TELEPORT,341611,12/1/2022 8:06:08 AM,c090fff8-5f81-40c5-b313-5fb7ce42ab9f,"(1.3, 0.0, -3.6)",
TELEPORT,343330,12/1/2022 8:06:10 AM,c090fff8-5f81-40c5-b313-5fb7ce42ab9f,"(0.6, 0.0, -3.1)",
TELEPORT,346406,12/1/2022 8:06:13 AM,c090fff8-5f81-40c5-b313-5fb7ce42ab9f,"(0.3, 0.0, -3.0)",
VOICE_CAPTURE,346883,12/1/2022 8:06:14 AM,c090fff8-5f81-40c5-b313-5fb7ce42ab9f,OK yep,NA,
TELEPORT,347748,12/1/2022 8:06:14 AM,c090fff8-5f81-40c5-b313-5fb7ce42ab9f,"(0.8, 0.0, -2.3)",
TELEPORT,350267,12/1/2022 8:06:17 AM,c090fff8-5f81-40c5-b313-5fb7ce42ab9f,"(1.2, 0.0, -1.0)",
PATIENT_ENGAGED,352523,12/1/2022 8:06:19 AM,c090fff8-5f81-40c5-b313-5fb7ce42ab9f,100,Infinity,Mike_9 Root,"(3.5, 0.0, 1.1)","(0.0, 1.0, 0.0, 0.0)",DELAYED,waver,normal,normal,normal,upset,sittingGround,
VOICE_CAPTURE,354041,12/1/2022 8:06:21 AM,c090fff8-5f81-40c5-b313-5fb7ce42ab9f,well i feel like there's probably a missing something though,NA,
VOICE_CAPTURE,356696,12/1/2022 8:06:23 AM,c090fff8-5f81-40c5-b313-5fb7ce42ab9f,cast,NA,
TELEPORT,356914,12/1/2022 8:06:24 AM,c090fff8-5f81-40c5-b313-5fb7ce42ab9f,"(0.5, 0.0, 0.5)",
TELEPORT,357985,12/1/2022 8:06:25 AM,c090fff8-5f81-40c5-b313-5fb7ce42ab9f,"(0.5, 0.0, 0.8)",
VOICE_CAPTURE,361625,12/1/2022 8:06:28 AM,c090fff8-5f81-40c5-b313-5fb7ce42ab9f,OK,NA,
TELEPORT,363364,12/1/2022 8:06:30 AM,c090fff8-5f81-40c5-b313-5fb7ce42ab9f,"(1.2, 0.0, 2.7)",
VOICE_CAPTURE,365318,12/1/2022 8:06:32 AM,c090fff8-5f81-40c5-b313-5fb7ce42ab9f,and then i can't see her,NA,
TELEPORT,365669,12/1/2022 8:06:32 AM,c090fff8-5f81-40c5-b313-5fb7ce42ab9f,"(0.7, 0.0, 3.6)",
TELEPORT,366722,12/1/2022 8:06:33 AM,c090fff8-5f81-40c5-b313-5fb7ce42ab9f,"(0.2, 0.0, 3.9)",
PATIENT_ENGAGED,366789,12/1/2022 8:06:34 AM,c090fff8-5f81-40c5-b313-5fb7ce42ab9f,100,Infinity,Lily_1 Root,"(1.2, 0.0, 3.9)","(0.0, 0.1, 0.0, 1.0)",DELAYED,waver,normal,normal,normal,calm,fetal,
TELEPORT,367958,12/1/2022 8:06:35 AM,c090fff8-5f81-40c5-b313-5fb7ce42ab9f,"(-0.3, 0.0, 4.0)",
TELEPORT,368498,12/1/2022 8:06:35 AM,c090fff8-5f81-40c5-b313-5fb7ce42ab9f,"(-0.4, 0.0, 3.9)",
TELEPORT,369396,12/1/2022 8:06:36 AM,c090fff8-5f81-40c5-b313-5fb7ce42ab9f,"(-0.2, 0.0, 3.7)",
VOICE_CAPTURE,371767,12/1/2022 8:06:39 AM,c090fff8-5f81-40c5-b313-5fb7ce42ab9f,OK and,NA,
TELEPORT,373405,12/1/2022 8:06:40 AM,c090fff8-5f81-40c5-b313-5fb7ce42ab9f,"(-0.2, 0.0, 3.6)",
PATIENT_ENGAGED,374674,12/1/2022 8:06:41 AM,c090fff8-5f81-40c5-b313-5fb7ce42ab9f,100,Infinity,Mike_3 Root,"(-1.3, 0.0, 4.2)","(0.0, 0.4, 0.0, 0.9)",IMMEDIATE,waver,fast,fast,normal,agony,sittingGround,
TELEPORT,375042,12/1/2022 8:06:42 AM,c090fff8-5f81-40c5-b313-5fb7ce42ab9f,"(-0.7, 0.0, 3.8)",
PATIENT_ENGAGED,375510,12/1/2022 8:06:42 AM,c090fff8-5f81-40c5-b313-5fb7ce42ab9f,100,Infinity,Lily_1 Root,"(1.2, 0.0, 3.9)","(0.0, 0.1, 0.0, 1.0)",DELAYED,waver,normal,normal,normal,calm,fetal,
VOICE_CAPTURE,375627,12/1/2022 8:06:42 AM,c090fff8-5f81-40c5-b313-5fb7ce42ab9f,your arms exposed so i'm kinda expecting no,NA,
TELEPORT,375995,12/1/2022 8:06:43 AM,c090fff8-5f81-40c5-b313-5fb7ce42ab9f,"(-0.3, 0.0, 3.9)",
VOICE_CAPTURE,376997,12/1/2022 8:06:44 AM,c090fff8-5f81-40c5-b313-5fb7ce42ab9f,OK,NA,
TELEPORT,377950,12/1/2022 8:06:45 AM,c090fff8-5f81-40c5-b313-5fb7ce42ab9f,"(-0.4, 0.0, 3.7)",
TELEPORT,379026,12/1/2022 8:06:46 AM,c090fff8-5f81-40c5-b313-5fb7ce42ab9f,"(-0.2, 0.0, 3.5)",
VOICE_CAPTURE,380671,12/1/2022 8:06:47 AM,c090fff8-5f81-40c5-b313-5fb7ce42ab9f,oh can you roll over for me,NA,
VOICE_COMMAND,380671,12/1/2022 8:06:47 AM,c090fff8-5f81-40c5-b313-5fb7ce42ab9f,lay down,oh can you roll over for me,
TELEPORT,381993,12/1/2022 8:06:49 AM,c090fff8-5f81-40c5-b313-5fb7ce42ab9f,"(0.1, 0.0, 3.8)",
PULSE_TAKEN,383169,12/1/2022 8:06:50 AM,c090fff8-5f81-40c5-b313-5fb7ce42ab9f,pulse_normal,Lily_1 Root,
TELEPORT,383882,12/1/2022 8:06:51 AM,c090fff8-5f81-40c5-b313-5fb7ce42ab9f,"(0.7, 0.0, 3.4)",
VOICE_CAPTURE,384146,12/1/2022 8:06:51 AM,c090fff8-5f81-40c5-b313-5fb7ce42ab9f,oh look at cool,NA,
PATIENT_ENGAGED,384364,12/1/2022 8:06:51 AM,c090fff8-5f81-40c5-b313-5fb7ce42ab9f,100,Infinity,Lily_7 Root,"(2.3, 0.0, 1.8)","(0.0, 1.0, 0.0, 0.0)",DEAD,still,none,none,none,dead,supine,
TELEPORT,384801,12/1/2022 8:06:52 AM,c090fff8-5f81-40c5-b313-5fb7ce42ab9f,"(0.7, 0.0, 3.4)",
PULSE_TAKEN,385319,12/1/2022 8:06:52 AM,c090fff8-5f81-40c5-b313-5fb7ce42ab9f,pulse_normal,Lily_1 Root,
TOOL_HOVER,386001,12/1/2022 8:06:53 AM,c090fff8-5f81-40c5-b313-5fb7ce42ab9f,Gauze,999,
TOOL_HOVER,386018,12/1/2022 8:06:53 AM,c090fff8-5f81-40c5-b313-5fb7ce42ab9f,Gauze,999,
TOOL_HOVER,386034,12/1/2022 8:06:53 AM,c090fff8-5f81-40c5-b313-5fb7ce42ab9f,Gauze,999,
TOOL_HOVER,386051,12/1/2022 8:06:53 AM,c090fff8-5f81-40c5-b313-5fb7ce42ab9f,Gauze,999,
TOOL_HOVER,386068,12/1/2022 8:06:53 AM,c090fff8-5f81-40c5-b313-5fb7ce42ab9f,Gauze,999,
TOOL_HOVER,386085,12/1/2022 8:06:53 AM,c090fff8-5f81-40c5-b313-5fb7ce42ab9f,Gauze,999,
PATIENT_ENGAGED,386352,12/1/2022 8:06:53 AM,c090fff8-5f81-40c5-b313-5fb7ce42ab9f,100,Infinity,Lily_1 Root,"(1.2, 0.0, 3.9)","(0.0, 0.1, 0.0, 1.0)",DELAYED,waver,normal,normal,normal,calm,supine,
TELEPORT,386403,12/1/2022 8:06:53 AM,c090fff8-5f81-40c5-b313-5fb7ce42ab9f,"(0.7, 0.0, 3.3)",
PATIENT_ENGAGED,386957,12/1/2022 8:06:54 AM,c090fff8-5f81-40c5-b313-5fb7ce42ab9f,100,Infinity,Lily_7 Root,"(2.3, 0.0, 1.8)","(0.0, 1.0, 0.0, 0.0)",DEAD,still,none,none,none,dead,supine,
PATIENT_ENGAGED,387025,12/1/2022 8:06:54 AM,c090fff8-5f81-40c5-b313-5fb7ce42ab9f,100,Infinity,Lily_1 Root,"(1.2, 0.0, 3.9)","(0.0, 0.1, 0.0, 1.0)",DELAYED,waver,normal,normal,normal,calm,supine,
TELEPORT,387139,12/1/2022 8:06:54 AM,c090fff8-5f81-40c5-b313-5fb7ce42ab9f,"(0.5, 0.0, 3.2)",
PATIENT_ENGAGED,387272,12/1/2022 8:06:54 AM,c090fff8-5f81-40c5-b313-5fb7ce42ab9f,100,Infinity,Lily_7 Root,"(2.3, 0.0, 1.8)","(0.0, 1.0, 0.0, 0.0)",DEAD,still,none,none,none,dead,supine,
PATIENT_ENGAGED,387438,12/1/2022 8:06:54 AM,c090fff8-5f81-40c5-b313-5fb7ce42ab9f,100,Infinity,Lily_1 Root,"(1.2, 0.0, 3.9)","(0.0, 0.1, 0.0, 1.0)",DELAYED,waver,normal,normal,normal,calm,supine,
PATIENT_ENGAGED,387723,12/1/2022 8:06:54 AM,c090fff8-5f81-40c5-b313-5fb7ce42ab9f,100,Infinity,Lily_7 Root,"(2.3, 0.0, 1.8)","(0.0, 1.0, 0.0, 0.0)",DEAD,still,none,none,none,dead,supine,
TELEPORT,388441,12/1/2022 8:06:55 AM,c090fff8-5f81-40c5-b313-5fb7ce42ab9f,"(-0.3, 0.0, 3.0)",
VOICE_CAPTURE,388591,12/1/2022 8:06:55 AM,c090fff8-5f81-40c5-b313-5fb7ce42ab9f,hey there we go,NA,
PATIENT_ENGAGED,388725,12/1/2022 8:06:55 AM,c090fff8-5f81-40c5-b313-5fb7ce42ab9f,100,Infinity,Lily_1 Root,"(1.2, 0.0, 3.9)","(0.0, 0.1, 0.0, 1.0)",DELAYED,waver,normal,normal,normal,calm,supine,
TELEPORT,389064,12/1/2022 8:06:56 AM,c090fff8-5f81-40c5-b313-5fb7ce42ab9f,"(-0.6, 0.0, 3.0)",
PATIENT_ENGAGED,390380,12/1/2022 8:06:57 AM,c090fff8-5f81-40c5-b313-5fb7ce42ab9f,100,Infinity,Lily_7 Root,"(2.3, 0.0, 1.8)","(0.0, 1.0, 0.0, 0.0)",DEAD,still,none,none,none,dead,supine,
BAG_ACCESS,390397,12/1/2022 8:06:57 AM,c090fff8-5f81-40c5-b313-5fb7ce42ab9f,"(1.0, 0.4, 3.3)",
TOOL_HOVER,393353,12/1/2022 8:07:00 AM,c090fff8-5f81-40c5-b313-5fb7ce42ab9f,Tourniquet,992,
TOOL_HOVER,393371,12/1/2022 8:07:00 AM,c090fff8-5f81-40c5-b313-5fb7ce42ab9f,Tourniquet,992,
TOOL_HOVER,393386,12/1/2022 8:07:00 AM,c090fff8-5f81-40c5-b313-5fb7ce42ab9f,Tourniquet,992,
TOOL_HOVER,393403,12/1/2022 8:07:00 AM,c090fff8-5f81-40c5-b313-5fb7ce42ab9f,Tourniquet,992,
TOOL_HOVER,393420,12/1/2022 8:07:00 AM,c090fff8-5f81-40c5-b313-5fb7ce42ab9f,Tourniquet,992,
TOOL_HOVER,393437,12/1/2022 8:07:00 AM,c090fff8-5f81-40c5-b313-5fb7ce42ab9f,Tourniquet,992,
TOOL_HOVER,393454,12/1/2022 8:07:00 AM,c090fff8-5f81-40c5-b313-5fb7ce42ab9f,Tourniquet,992,
TOOL_HOVER,393471,12/1/2022 8:07:00 AM,c090fff8-5f81-40c5-b313-5fb7ce42ab9f,Tourniquet,992,
TOOL_HOVER,393487,12/1/2022 8:07:00 AM,c090fff8-5f81-40c5-b313-5fb7ce42ab9f,Tourniquet,992,
TOOL_HOVER,393504,12/1/2022 8:07:00 AM,c090fff8-5f81-40c5-b313-5fb7ce42ab9f,Tourniquet,992,
TOOL_HOVER,393519,12/1/2022 8:07:00 AM,c090fff8-5f81-40c5-b313-5fb7ce42ab9f,Tourniquet,992,
TOOL_SELECTED,393520,12/1/2022 8:07:00 AM,c090fff8-5f81-40c5-b313-5fb7ce42ab9f,Tourniquet,991,
PATIENT_ENGAGED,393691,12/1/2022 8:07:00 AM,c090fff8-5f81-40c5-b313-5fb7ce42ab9f,100,128,Mike_6 Root,"(3.0, 0.0, 3.4)","(0.0, 0.0, 0.0, 1.0)",IMMEDIATE,still,faint,normal,normal,unresponsive,supine,
INJURY_TREATED,395091,12/1/2022 8:07:02 AM,c090fff8-5f81-40c5-b313-5fb7ce42ab9f,R Bicep Puncture,Lily_1 Root,tourniquet,medium,rightArm,True,False,"(1.4, 0.7, 3.5)",
TOOL_APPLIED,395091,12/1/2022 8:07:02 AM,c090fff8-5f81-40c5-b313-5fb7ce42ab9f,Lily_1 Root,Tourniquet,RightArm (UnityEngine.GameObject),tor_ring (1) (UnityEngine.GameObject),tourniquet(Clone) (UnityEngine.GameObject),AppliedTourniquet,
PATIENT_ENGAGED,395091,12/1/2022 8:07:02 AM,c090fff8-5f81-40c5-b313-5fb7ce42ab9f,100,Infinity,Lily_1 Root,"(1.2, 0.0, 3.9)","(0.0, 0.1, 0.0, 1.0)",DELAYED,waver,normal,normal,normal,calm,supine,
BAG_CLOSED,397278,12/1/2022 8:07:04 AM,c090fff8-5f81-40c5-b313-5fb7ce42ab9f,"(0.9, 0.4, 3.4)",
TELEPORT,397278,12/1/2022 8:07:04 AM,c090fff8-5f81-40c5-b313-5fb7ce42ab9f,"(-0.4, 0.0, 2.9)",
TELEPORT,397868,12/1/2022 8:07:05 AM,c090fff8-5f81-40c5-b313-5fb7ce42ab9f,"(-0.3, 0.0, 2.9)",
VOICE_CAPTURE,398482,12/1/2022 8:07:05 AM,c090fff8-5f81-40c5-b313-5fb7ce42ab9f,i'm just ground plates aren't there you go alright,NA,
TELEPORT,398600,12/1/2022 8:07:05 AM,c090fff8-5f81-40c5-b313-5fb7ce42ab9f,"(-0.4, 0.0, 2.8)",
PATIENT_ENGAGED,400186,12/1/2022 8:07:07 AM,c090fff8-5f81-40c5-b313-5fb7ce42ab9f,100,Infinity,Mike_3 Root,"(-1.3, 0.0, 4.2)","(0.0, 0.4, 0.0, 0.9)",IMMEDIATE,waver,fast,fast,normal,agony,sittingGround,
TELEPORT,401104,12/1/2022 8:07:08 AM,c090fff8-5f81-40c5-b313-5fb7ce42ab9f,"(-1.3, 0.0, 3.8)",
VOICE_CAPTURE,401355,12/1/2022 8:07:08 AM,c090fff8-5f81-40c5-b313-5fb7ce42ab9f,cool that's nifty,NA,
TELEPORT,402558,12/1/2022 8:07:09 AM,c090fff8-5f81-40c5-b313-5fb7ce42ab9f,"(-1.4, 0.0, 4.5)",
VOICE_CAPTURE,405101,12/1/2022 8:07:12 AM,c090fff8-5f81-40c5-b313-5fb7ce42ab9f,OK got it yep good,NA,
PATIENT_ENGAGED,406440,12/1/2022 8:07:13 AM,c090fff8-5f81-40c5-b313-5fb7ce42ab9f,100,Infinity,Gloria_8 Root,"(2.7, 0.0, 8.0)","(0.0, 0.9, 0.0, -0.5)",MINIMAL,still,normal,normal,limited,calm,standing,
VOICE_CAPTURE,406476,12/1/2022 8:07:13 AM,c090fff8-5f81-40c5-b313-5fb7ce42ab9f,OK,NA,
TELEPORT,408818,12/1/2022 8:07:16 AM,c090fff8-5f81-40c5-b313-5fb7ce42ab9f,"(0.6, 0.0, 7.0)",
SESSION_END,413898,12/1/2022 8:07:21 AM,c090fff8-5f81-40c5-b313-5fb7ce42ab9f,
VOICE_CAPTURE,415111,12/1/2022 8:07:22 AM,c090fff8-5f81-40c5-b313-5fb7ce42ab9f,OK alright thank you ma'am so uh yeah i think i'm done i don't,NA,
TELEPORT,416126,12/1/2022 8:07:23 AM,c090fff8-5f81-40c5-b313-5fb7ce42ab9f,"(0.3, 0.0, 6.8)",
TELEPORT,417232,12/1/2022 8:07:24 AM,c090fff8-5f81-40c5-b313-5fb7ce42ab9f,"(0.2, 0.0, 6.5)",
