VOICE_CAPTURE,7010,12/8/2022 2:42:00 PM,c74476ed-d5ee-4318-86e0-fefebe5e32ee,galaxy was weird could have got a warning on that one,NA,
VOICE_CAPTURE,8229,12/8/2022 2:42:01 PM,c74476ed-d5ee-4318-86e0-fefebe5e32ee,yeah,NA,
VOICE_CAPTURE,15086,12/8/2022 2:42:08 PM,c74476ed-d5ee-4318-86e0-fefebe5e32ee,so just in the real scenario i won't give you any hints OK,NA,
VOICE_CAPTURE,19487,12/8/2022 2:42:12 PM,c74476ed-d5ee-4318-86e0-fefebe5e32ee,ask a question,NA,
VOICE_CAPTURE,25177,12/8/2022 2:42:18 PM,c74476ed-d5ee-4318-86e0-fefebe5e32ee,or some something's happening inside them that's part of the computer issue,NA,
VOICE_CAPTURE,26697,12/8/2022 2:42:20 PM,c74476ed-d5ee-4318-86e0-fefebe5e32ee,OK,NA,
PATIENT_DEMOTED,35256,12/8/2022 2:42:28 PM,c74476ed-d5ee-4318-86e0-fefebe5e32ee,100,Infinity,Helga_0 Root,"(-0.2, 0.0, 7.8)","(0.0, 0.7, 0.0, 0.7)",IMMEDIATE,waver,fast,normal,normal,upset,sittingGround,
PATIENT_DEMOTED,35880,12/8/2022 2:42:29 PM,c74476ed-d5ee-4318-86e0-fefebe5e32ee,100,Infinity,Lily_1 Root,"(1.6, 0.0, 3.7)","(0.0, 0.1, 0.0, 1.0)",IMMEDIATE,waver,normal,normal,normal,calm,fetal,
PATIENT_DEMOTED,36356,12/8/2022 2:42:29 PM,c74476ed-d5ee-4318-86e0-fefebe5e32ee,100,Infinity,Lily_1 Root,"(1.2, 0.0, 3.8)","(0.0, 0.1, 0.0, 1.0)",DELAYED,waver,normal,normal,normal,calm,fetal,
PATIENT_DEMOTED,36646,12/8/2022 2:42:30 PM,c74476ed-d5ee-4318-86e0-fefebe5e32ee,100,Infinity,Gloria_2 Root,"(0.7, 0.0, 0.4)","(0.0, 1.0, 0.0, 0.0)",IMMEDIATE,waver,fast,fast,normal,agony,supine,
PATIENT_DEMOTED,37289,12/8/2022 2:42:30 PM,c74476ed-d5ee-4318-86e0-fefebe5e32ee,100,Infinity,Mike_3 Root,"(-0.8, 0.0, 3.7)","(0.0, 0.4, 0.0, 0.9)",IMMEDIATE,waver,fast,fast,normal,agony,sittingGround,
PATIENT_DEMOTED,37792,12/8/2022 2:42:31 PM,c74476ed-d5ee-4318-86e0-fefebe5e32ee,100,Infinity,Mike_4 Root,"(1.4, 0.0, 6.0)","(0.0, 1.0, 0.0, 0.0)",DELAYED,walker,normal,normal,normal,upset,standing,
PATIENT_DEMOTED,38316,12/8/2022 2:42:31 PM,c74476ed-d5ee-4318-86e0-fefebe5e32ee,100,Infinity,Mike_4 Root,"(1.4, 0.0, 6.0)","(0.0, 1.0, 0.0, 0.0)",MINIMAL,walker,normal,normal,normal,upset,sittingGround,
PATIENT_DEMOTED,38445,12/8/2022 2:42:31 PM,c74476ed-d5ee-4318-86e0-fefebe5e32ee,100,0,Gary_5 Root,"(2.8, 0.0, 5.3)","(0.0, 1.0, 0.0, 0.0)",DELAYED,walker,normal,restricted,normal,upset,kneeling,
VOICE_CAPTURE,38628,12/8/2022 2:42:32 PM,c74476ed-d5ee-4318-86e0-fefebe5e32ee,OK,NA,
PATIENT_DEMOTED,38964,12/8/2022 2:42:32 PM,c74476ed-d5ee-4318-86e0-fefebe5e32ee,100,0,Gary_5 Root,"(2.8, 0.0, 5.3)","(0.0, 1.0, 0.0, 0.0)",MINIMAL,walker,normal,restricted,normal,upset,sittingGround,
PATIENT_DEMOTED,39198,12/8/2022 2:42:32 PM,c74476ed-d5ee-4318-86e0-fefebe5e32ee,100,128,Mike_6 Root,"(3.0, 0.0, 3.6)","(0.0, 0.0, 0.0, 1.0)",IMMEDIATE,still,faint,collapsedRight,normal,unresponsive,supine,
PATIENT_DEMOTED,39839,12/8/2022 2:42:33 PM,c74476ed-d5ee-4318-86e0-fefebe5e32ee,100,Infinity,Lily_7 Root,"(2.3, 0.0, 1.9)","(0.0, 1.0, 0.0, 0.0)",EXPECTANT,still,faint,restricted,none,unresponsive,supine,
PATIENT_DEMOTED,40269,12/8/2022 2:42:33 PM,c74476ed-d5ee-4318-86e0-fefebe5e32ee,100,Infinity,Lily_7 Root,"(2.3, 0.0, 1.8)","(0.0, 1.0, 0.0, 0.0)",DEAD,still,none,none,none,dead,supine,
PATIENT_DEMOTED,41320,12/8/2022 2:42:34 PM,c74476ed-d5ee-4318-86e0-fefebe5e32ee,100,Infinity,Mike_9 Root,"(3.1, 0.0, 0.5)","(0.0, 1.0, 0.0, 0.0)",IMMEDIATE,waver,fast,normal,normal,upset,sittingGround,
SESSION_START,58160,12/8/2022 2:42:51 PM,c74476ed-d5ee-4318-86e0-fefebe5e32ee,
PATIENT_RECORD,58160,12/8/2022 2:42:51 PM,c74476ed-d5ee-4318-86e0-fefebe5e32ee,100,Infinity,Helga_0 Root,"(0.2, 0.0, 7.7)","(0.0, 0.7, 0.0, 0.7)",IMMEDIATE,waver,fast,fast,normal,upset,sittingGround,
INJURY_RECORD,58161,12/8/2022 2:42:51 PM,c74476ed-d5ee-4318-86e0-fefebe5e32ee,L Stomach Puncture,Helga_0 Root,woundpack,high,abdomen,False,False,"(0.3, 1.0, 7.7)",
INJURY_RECORD,58161,12/8/2022 2:42:51 PM,c74476ed-d5ee-4318-86e0-fefebe5e32ee,L Thigh Puncture,Helga_0 Root,tourniquet,medium,leftLeg,False,False,"(0.2, 0.5, 7.7)",
PATIENT_RECORD,58161,12/8/2022 2:42:51 PM,c74476ed-d5ee-4318-86e0-fefebe5e32ee,100,Infinity,Lily_1 Root,"(1.2, 0.0, 3.9)","(0.0, 0.1, 0.0, 1.0)",DELAYED,waver,normal,normal,normal,calm,fetal,
INJURY_RECORD,58161,12/8/2022 2:42:51 PM,c74476ed-d5ee-4318-86e0-fefebe5e32ee,R Bicep Puncture,Lily_1 Root,tourniquet,medium,rightArm,False,False,"(1.6, 1.3, 3.8)",
INJURY_RECORD,58161,12/8/2022 2:42:51 PM,c74476ed-d5ee-4318-86e0-fefebe5e32ee,R Thigh Laceration,Lily_1 Root,tourniquet,medium,rightLeg,False,False,"(1.3, 0.6, 3.9)",
PATIENT_RECORD,58161,12/8/2022 2:42:51 PM,c74476ed-d5ee-4318-86e0-fefebe5e32ee,100,Infinity,Gloria_2 Root,"(0.7, 0.0, 0.6)","(0.0, 1.0, 0.0, 0.0)",IMMEDIATE,waver,fast,fast,normal,agony,supine,
INJURY_RECORD,58161,12/8/2022 2:42:51 PM,c74476ed-d5ee-4318-86e0-fefebe5e32ee,L Shin Amputation,Gloria_2 Root,tourniquet,high,leftLeg,False,False,"(0.9, 0.4, 0.5)",
PATIENT_RECORD,58161,12/8/2022 2:42:51 PM,c74476ed-d5ee-4318-86e0-fefebe5e32ee,100,Infinity,Mike_3 Root,"(-1.3, 0.0, 4.2)","(0.0, 0.4, 0.0, 0.9)",IMMEDIATE,waver,fast,fast,normal,agony,sittingGround,
INJURY_RECORD,58161,12/8/2022 2:42:51 PM,c74476ed-d5ee-4318-86e0-fefebe5e32ee,R Wrist Amputation,Mike_3 Root,tourniquet,high,rightArm,False,False,"(-0.9, 1.3, 3.8)",
PATIENT_RECORD,58161,12/8/2022 2:42:51 PM,c74476ed-d5ee-4318-86e0-fefebe5e32ee,100,Infinity,Mike_4 Root,"(1.4, 0.0, 6.0)","(0.0, 1.0, 0.0, 0.0)",MINIMAL,walker,normal,normal,normal,upset,sittingGround,
INJURY_RECORD,58161,12/8/2022 2:42:51 PM,c74476ed-d5ee-4318-86e0-fefebe5e32ee,R Palm Laceration,Mike_4 Root,gauzePressure,low,rightArm,False,False,"(0.7, 1.3, 6.0)",
PATIENT_RECORD,58161,12/8/2022 2:42:51 PM,c74476ed-d5ee-4318-86e0-fefebe5e32ee,100,0,Gary_5 Root,"(2.8, 0.0, 5.3)","(0.0, 1.0, 0.0, 0.0)",MINIMAL,walker,normal,restricted,normal,upset,sittingGround,
INJURY_RECORD,58161,12/8/2022 2:42:51 PM,c74476ed-d5ee-4318-86e0-fefebe5e32ee,Asthmatic,Gary_5 Root,none,medium,chest,False,False,"(0.0, 0.0, 0.0)",
PATIENT_RECORD,58161,12/8/2022 2:42:51 PM,c74476ed-d5ee-4318-86e0-fefebe5e32ee,100,128,Mike_6 Root,"(3.0, 0.0, 3.4)","(0.0, 0.0, 0.0, 1.0)",IMMEDIATE,still,faint,collapsedRight,normal,unresponsive,supine,
INJURY_RECORD,58161,12/8/2022 2:42:51 PM,c74476ed-d5ee-4318-86e0-fefebe5e32ee,R Chest Collapse,Mike_6 Root,decompress,high,chest,False,False,"(0.0, 0.0, 0.0)",
PATIENT_RECORD,58161,12/8/2022 2:42:51 PM,c74476ed-d5ee-4318-86e0-fefebe5e32ee,100,Infinity,Lily_7 Root,"(2.3, 0.0, 1.8)","(0.0, 1.0, 0.0, 0.0)",DEAD,still,none,none,none,dead,supine,
INJURY_RECORD,58161,12/8/2022 2:42:51 PM,c74476ed-d5ee-4318-86e0-fefebe5e32ee,Face Shrapnel,Lily_7 Root,airway,high,head,False,False,"(2.3, 1.6, 1.8)",
INJURY_RECORD,58161,12/8/2022 2:42:51 PM,c74476ed-d5ee-4318-86e0-fefebe5e32ee,L Wrist Amputation,Lily_7 Root,tourniquet,high,leftArm,False,False,"(2.9, 1.3, 1.7)",
INJURY_RECORD,58161,12/8/2022 2:42:51 PM,c74476ed-d5ee-4318-86e0-fefebe5e32ee,R Bicep Puncture,Lily_7 Root,tourniquet,medium,rightArm,False,False,"(1.9, 1.3, 1.8)",
PATIENT_RECORD,58161,12/8/2022 2:42:51 PM,c74476ed-d5ee-4318-86e0-fefebe5e32ee,100,Infinity,Gloria_8 Root,"(2.6, 0.0, 8.0)","(0.0, 1.0, 0.0, 0.0)",MINIMAL,still,normal,normal,limited,calm,standing,
INJURY_RECORD,58161,12/8/2022 2:42:51 PM,c74476ed-d5ee-4318-86e0-fefebe5e32ee,Ear Bleed,Gloria_8 Root,none,low,head,False,False,"(0.0, 0.0, 0.0)",
PATIENT_RECORD,58161,12/8/2022 2:42:51 PM,c74476ed-d5ee-4318-86e0-fefebe5e32ee,100,Infinity,Mike_9 Root,"(3.5, 0.0, 1.1)","(0.0, 1.0, 0.0, 0.0)",IMMEDIATE,waver,normal,normal,normal,upset,sittingGround,
INJURY_RECORD,58161,12/8/2022 2:42:51 PM,c74476ed-d5ee-4318-86e0-fefebe5e32ee,L Side Puncture,Mike_9 Root,woundpack,medium,abdomen,False,False,"(3.6, 1.1, 1.0)",
INJURY_RECORD,58161,12/8/2022 2:42:51 PM,c74476ed-d5ee-4318-86e0-fefebe5e32ee,L Thigh Puncture,Mike_9 Root,tourniquet,medium,leftLeg,False,False,"(3.5, 0.6, 1.0)",
INJURY_RECORD,58161,12/8/2022 2:42:51 PM,c74476ed-d5ee-4318-86e0-fefebe5e32ee,L Calf Laceration,Mike_9 Root,gauzePressure,low,leftLeg,False,False,"(3.6, 0.3, 1.1)",
PATIENT_RECORD,58161,12/8/2022 2:42:51 PM,c74476ed-d5ee-4318-86e0-fefebe5e32ee,100,Infinity,Bob_10 Root,"(3.8, 0.0, 4.0)","(0.0, 1.0, 0.0, 0.0)",MINIMAL,walker,normal,normal,normal,calm,standing,
VOICE_CAPTURE,66962,12/8/2022 2:43:00 PM,c74476ed-d5ee-4318-86e0-fefebe5e32ee,alright if you can walk can you go to the safe zone please,NA,
VOICE_COMMAND,66963,12/8/2022 2:43:00 PM,c74476ed-d5ee-4318-86e0-fefebe5e32ee,walk to the safe area,alright if you can walk can you go to the safe zone please,
VOICE_COMMAND,66963,12/8/2022 2:43:00 PM,c74476ed-d5ee-4318-86e0-fefebe5e32ee,walk to the safe area,alright if you can walk can you go to the safe zone please,
S_A_L_T_WALK_IF_CAN,66965,12/8/2022 2:43:00 PM,c74476ed-d5ee-4318-86e0-fefebe5e32ee,"(0.2, 0.0, 7.7)",walkIfCan,Helga_0 Root,
S_A_L_T_WALK_IF_CAN,66965,12/8/2022 2:43:00 PM,c74476ed-d5ee-4318-86e0-fefebe5e32ee,"(1.2, 0.0, 3.9)",walkIfCan,Lily_1 Root,
S_A_L_T_WALK_IF_CAN,66965,12/8/2022 2:43:00 PM,c74476ed-d5ee-4318-86e0-fefebe5e32ee,"(0.7, 0.0, 0.6)",walkIfCan,Gloria_2 Root,
S_A_L_T_WALK_IF_CAN,66965,12/8/2022 2:43:00 PM,c74476ed-d5ee-4318-86e0-fefebe5e32ee,"(-1.3, 0.0, 4.2)",walkIfCan,Mike_3 Root,
S_A_L_T_WALK_IF_CAN,66965,12/8/2022 2:43:00 PM,c74476ed-d5ee-4318-86e0-fefebe5e32ee,"(1.4, 0.0, 6.0)",walkIfCan,Mike_4 Root,
S_A_L_T_WALKED,66965,12/8/2022 2:43:00 PM,c74476ed-d5ee-4318-86e0-fefebe5e32ee,"(1.4, 0.0, 6.0)",walked,Mike_4 Root,
S_A_L_T_WALK_IF_CAN,66966,12/8/2022 2:43:00 PM,c74476ed-d5ee-4318-86e0-fefebe5e32ee,"(2.8, 0.0, 5.3)",walkIfCan,Gary_5 Root,
S_A_L_T_WALKED,66966,12/8/2022 2:43:00 PM,c74476ed-d5ee-4318-86e0-fefebe5e32ee,"(2.8, 0.0, 5.3)",walked,Gary_5 Root,
S_A_L_T_WALK_IF_CAN,66966,12/8/2022 2:43:00 PM,c74476ed-d5ee-4318-86e0-fefebe5e32ee,"(2.6, 0.0, 8.0)",walkIfCan,Gloria_8 Root,
S_A_L_T_WALK_IF_CAN,66966,12/8/2022 2:43:00 PM,c74476ed-d5ee-4318-86e0-fefebe5e32ee,"(3.5, 0.0, 1.1)",walkIfCan,Mike_9 Root,
S_A_L_T_WALK_IF_CAN,66966,12/8/2022 2:43:00 PM,c74476ed-d5ee-4318-86e0-fefebe5e32ee,"(3.8, 0.0, 4.0)",walkIfCan,Bob_10 Root,
S_A_L_T_WALKED,66966,12/8/2022 2:43:00 PM,c74476ed-d5ee-4318-86e0-fefebe5e32ee,"(3.8, 0.0, 4.0)",walked,Bob_10 Root,
VOICE_CAPTURE,69101,12/8/2022 2:43:02 PM,c74476ed-d5ee-4318-86e0-fefebe5e32ee,oh,NA,
TELEPORT,69653,12/8/2022 2:43:03 PM,c74476ed-d5ee-4318-86e0-fefebe5e32ee,"(0.8, 0.0, -2.3)",
TELEPORT,69989,12/8/2022 2:43:03 PM,c74476ed-d5ee-4318-86e0-fefebe5e32ee,"(2.8, 0.0, 6.2)",
PATIENT_ENGAGED,70070,12/8/2022 2:43:03 PM,c74476ed-d5ee-4318-86e0-fefebe5e32ee,100,Infinity,Gloria_8 Root,"(2.6, 0.0, 8.0)","(0.0, 1.0, 0.0, 0.0)",MINIMAL,still,normal,normal,limited,calm,standing,
VOICE_CAPTURE,72842,12/8/2022 2:43:06 PM,c74476ed-d5ee-4318-86e0-fefebe5e32ee,yeah i forgot i forgot,NA,
TELEPORT,76861,12/8/2022 2:43:10 PM,c74476ed-d5ee-4318-86e0-fefebe5e32ee,"(2.9, 0.0, 8.2)",
VOICE_CAPTURE,78715,12/8/2022 2:43:12 PM,c74476ed-d5ee-4318-86e0-fefebe5e32ee,yeah you're,NA,
PATIENT_ENGAGED,81055,12/8/2022 2:43:14 PM,c74476ed-d5ee-4318-86e0-fefebe5e32ee,100,Infinity,Gloria_2 Root,"(0.7, 0.0, 0.6)","(0.0, 1.0, 0.0, 0.0)",IMMEDIATE,waver,fast,fast,normal,agony,supine,
BAG_ACCESS,82608,12/8/2022 2:43:16 PM,c74476ed-d5ee-4318-86e0-fefebe5e32ee,"(1.2, 0.6, 0.4)",
TOOL_HOVER,83542,12/8/2022 2:43:17 PM,c74476ed-d5ee-4318-86e0-fefebe5e32ee,Tourniquet,999,
TOOL_HOVER,83559,12/8/2022 2:43:17 PM,c74476ed-d5ee-4318-86e0-fefebe5e32ee,Tourniquet,999,
TOOL_HOVER,83577,12/8/2022 2:43:17 PM,c74476ed-d5ee-4318-86e0-fefebe5e32ee,Tourniquet,999,
TOOL_HOVER,83593,12/8/2022 2:43:17 PM,c74476ed-d5ee-4318-86e0-fefebe5e32ee,Tourniquet,999,
TOOL_HOVER,83610,12/8/2022 2:43:17 PM,c74476ed-d5ee-4318-86e0-fefebe5e32ee,Tourniquet,999,
TOOL_HOVER,83628,12/8/2022 2:43:17 PM,c74476ed-d5ee-4318-86e0-fefebe5e32ee,Tourniquet,999,
TOOL_HOVER,83647,12/8/2022 2:43:17 PM,c74476ed-d5ee-4318-86e0-fefebe5e32ee,Tourniquet,999,
TOOL_HOVER,83666,12/8/2022 2:43:17 PM,c74476ed-d5ee-4318-86e0-fefebe5e32ee,Tourniquet,999,
TOOL_SELECTED,83669,12/8/2022 2:43:17 PM,c74476ed-d5ee-4318-86e0-fefebe5e32ee,Tourniquet,998,
INJURY_TREATED,84593,12/8/2022 2:43:18 PM,c74476ed-d5ee-4318-86e0-fefebe5e32ee,L Shin Amputation,Gloria_2 Root,tourniquet,high,leftLeg,True,False,"(1.0, 0.1, 0.5)",
TOOL_APPLIED,84593,12/8/2022 2:43:18 PM,c74476ed-d5ee-4318-86e0-fefebe5e32ee,Gloria_2 Root,Tourniquet,LeftUpLeg (UnityEngine.GameObject),tor_ring (1) (UnityEngine.GameObject),tourniquet(Clone) (UnityEngine.GameObject),AppliedTourniquet,
PULSE_TAKEN,88073,12/8/2022 2:43:21 PM,c74476ed-d5ee-4318-86e0-fefebe5e32ee,pulse_fast,Gloria_2 Root,
BAG_CLOSED,88257,12/8/2022 2:43:21 PM,c74476ed-d5ee-4318-86e0-fefebe5e32ee,"(1.2, 0.6, 0.4)",
BAG_ACCESS,91515,12/8/2022 2:43:24 PM,c74476ed-d5ee-4318-86e0-fefebe5e32ee,"(0.7, 0.7, 0.4)",
BAG_ACCESS,91832,12/8/2022 2:43:25 PM,c74476ed-d5ee-4318-86e0-fefebe5e32ee,"(0.7, 0.7, 0.4)",
TAG_SELECTED,92333,12/8/2022 2:43:25 PM,c74476ed-d5ee-4318-86e0-fefebe5e32ee,red,
TAG_APPLIED,93236,12/8/2022 2:43:26 PM,c74476ed-d5ee-4318-86e0-fefebe5e32ee,Gloria_2 Root,red,
BAG_CLOSED,94525,12/8/2022 2:43:27 PM,c74476ed-d5ee-4318-86e0-fefebe5e32ee,"(0.7, 0.7, 0.4)",
TELEPORT,94525,12/8/2022 2:43:27 PM,c74476ed-d5ee-4318-86e0-fefebe5e32ee,"(1.3, 0.0, 0.0)",
PATIENT_ENGAGED,96460,12/8/2022 2:43:29 PM,c74476ed-d5ee-4318-86e0-fefebe5e32ee,100,Infinity,Lily_7 Root,"(2.3, 0.0, 1.8)","(0.0, 1.0, 0.0, 0.0)",DEAD,still,none,none,none,dead,supine,
BAG_ACCESS,99535,12/8/2022 2:43:33 PM,c74476ed-d5ee-4318-86e0-fefebe5e32ee,"(1.9, 0.5, 1.9)",
TAG_SELECTED,100387,12/8/2022 2:43:33 PM,c74476ed-d5ee-4318-86e0-fefebe5e32ee,red,
TAG_APPLIED,101158,12/8/2022 2:43:34 PM,c74476ed-d5ee-4318-86e0-fefebe5e32ee,Lily_7 Root,red,
PULSE_TAKEN,101187,12/8/2022 2:43:34 PM,c74476ed-d5ee-4318-86e0-fefebe5e32ee,pulse_none,Lily_7 Root,
PULSE_TAKEN,101705,12/8/2022 2:43:35 PM,c74476ed-d5ee-4318-86e0-fefebe5e32ee,pulse_none,Lily_7 Root,
VOICE_CAPTURE,101971,12/8/2022 2:43:35 PM,c74476ed-d5ee-4318-86e0-fefebe5e32ee,oh nice,NA,
TAG_SELECTED,104095,12/8/2022 2:43:37 PM,c74476ed-d5ee-4318-86e0-fefebe5e32ee,black,
TAG_APPLIED,104880,12/8/2022 2:43:38 PM,c74476ed-d5ee-4318-86e0-fefebe5e32ee,Lily_7 Root,black,
BAG_CLOSED,107051,12/8/2022 2:43:40 PM,c74476ed-d5ee-4318-86e0-fefebe5e32ee,"(1.9, 0.5, 1.9)",
TELEPORT,107052,12/8/2022 2:43:40 PM,c74476ed-d5ee-4318-86e0-fefebe5e32ee,"(2.1, 0.0, 1.0)",
TELEPORT,109333,12/8/2022 2:43:42 PM,c74476ed-d5ee-4318-86e0-fefebe5e32ee,"(4.1, 0.0, 0.2)",
PATIENT_ENGAGED,109580,12/8/2022 2:43:43 PM,c74476ed-d5ee-4318-86e0-fefebe5e32ee,100,Infinity,Mike_9 Root,"(3.5, 0.0, 1.1)","(0.0, 1.0, 0.0, 0.0)",IMMEDIATE,waver,normal,normal,normal,upset,sittingGround,
BAG_ACCESS,111042,12/8/2022 2:43:44 PM,c74476ed-d5ee-4318-86e0-fefebe5e32ee,"(4.1, 0.5, 1.1)",
TOOL_HOVER,111849,12/8/2022 2:43:45 PM,c74476ed-d5ee-4318-86e0-fefebe5e32ee,Tourniquet,998,
TOOL_HOVER,111871,12/8/2022 2:43:45 PM,c74476ed-d5ee-4318-86e0-fefebe5e32ee,Tourniquet,998,
TOOL_HOVER,111892,12/8/2022 2:43:45 PM,c74476ed-d5ee-4318-86e0-fefebe5e32ee,Tourniquet,998,
TOOL_HOVER,111913,12/8/2022 2:43:45 PM,c74476ed-d5ee-4318-86e0-fefebe5e32ee,Tourniquet,998,
TOOL_HOVER,111936,12/8/2022 2:43:45 PM,c74476ed-d5ee-4318-86e0-fefebe5e32ee,Tourniquet,998,
TOOL_HOVER,111960,12/8/2022 2:43:45 PM,c74476ed-d5ee-4318-86e0-fefebe5e32ee,Tourniquet,998,
TOOL_HOVER,111982,12/8/2022 2:43:45 PM,c74476ed-d5ee-4318-86e0-fefebe5e32ee,Tourniquet,998,
TOOL_HOVER,112006,12/8/2022 2:43:45 PM,c74476ed-d5ee-4318-86e0-fefebe5e32ee,Tourniquet,998,
TOOL_SELECTED,112007,12/8/2022 2:43:45 PM,c74476ed-d5ee-4318-86e0-fefebe5e32ee,Tourniquet,997,
TOOL_HOVER,120913,12/8/2022 2:43:54 PM,c74476ed-d5ee-4318-86e0-fefebe5e32ee,Tourniquet,997,
TOOL_HOVER,120936,12/8/2022 2:43:54 PM,c74476ed-d5ee-4318-86e0-fefebe5e32ee,Tourniquet,997,
TOOL_HOVER,120962,12/8/2022 2:43:54 PM,c74476ed-d5ee-4318-86e0-fefebe5e32ee,Tourniquet,997,
TOOL_HOVER,120986,12/8/2022 2:43:54 PM,c74476ed-d5ee-4318-86e0-fefebe5e32ee,Tourniquet,997,
TOOL_SELECTED,120987,12/8/2022 2:43:54 PM,c74476ed-d5ee-4318-86e0-fefebe5e32ee,Tourniquet,996,
VOICE_CAPTURE,121997,12/8/2022 2:43:55 PM,c74476ed-d5ee-4318-86e0-fefebe5e32ee,why,NA,
INJURY_TREATED,122071,12/8/2022 2:43:55 PM,c74476ed-d5ee-4318-86e0-fefebe5e32ee,L Thigh Puncture,Mike_9 Root,tourniquet,medium,leftLeg,True,False,"(4.0, 0.1, 1.1)",
TOOL_APPLIED,122071,12/8/2022 2:43:55 PM,c74476ed-d5ee-4318-86e0-fefebe5e32ee,Mike_9 Root,Tourniquet,LeftUpLeg (UnityEngine.GameObject),tor_ring (1) (UnityEngine.GameObject),tourniquet(Clone) (UnityEngine.GameObject),AppliedTourniquet,
PATIENT_DEMOTED,122072,12/8/2022 2:43:55 PM,c74476ed-d5ee-4318-86e0-fefebe5e32ee,100,Infinity,Mike_9 Root,"(3.5, 0.0, 1.1)","(0.0, 1.0, 0.0, 0.0)",DELAYED,waver,normal,normal,normal,upset,sittingGround,
TOOL_DISCARDED,124267,12/8/2022 2:43:57 PM,c74476ed-d5ee-4318-86e0-fefebe5e32ee,Tourniquet,996,"(3.9, 0.6, 1.0)",
VOICE_CAPTURE,125492,12/8/2022 2:43:58 PM,c74476ed-d5ee-4318-86e0-fefebe5e32ee,here we go,NA,
PULSE_TAKEN,125780,12/8/2022 2:43:59 PM,c74476ed-d5ee-4318-86e0-fefebe5e32ee,pulse_normal,Mike_9 Root,
TAG_SELECTED,128217,12/8/2022 2:44:01 PM,c74476ed-d5ee-4318-86e0-fefebe5e32ee,red,
TAG_APPLIED,129066,12/8/2022 2:44:02 PM,c74476ed-d5ee-4318-86e0-fefebe5e32ee,Mike_9 Root,red,
PULSE_TAKEN,129106,12/8/2022 2:44:02 PM,c74476ed-d5ee-4318-86e0-fefebe5e32ee,pulse_normal,Mike_9 Root,
BAG_CLOSED,132024,12/8/2022 2:44:05 PM,c74476ed-d5ee-4318-86e0-fefebe5e32ee,"(4.1, 0.5, 1.1)",
TELEPORT,132024,12/8/2022 2:44:05 PM,c74476ed-d5ee-4318-86e0-fefebe5e32ee,"(4.1, 0.0, 0.2)",
TELEPORT,133189,12/8/2022 2:44:06 PM,c74476ed-d5ee-4318-86e0-fefebe5e32ee,"(4.1, 0.0, 0.2)",
PULSE_TAKEN,137273,12/8/2022 2:44:10 PM,c74476ed-d5ee-4318-86e0-fefebe5e32ee,pulse_faint,Mike_6 Root,
PULSE_TAKEN,137909,12/8/2022 2:44:11 PM,c74476ed-d5ee-4318-86e0-fefebe5e32ee,pulse_faint,Mike_6 Root,
PULSE_TAKEN,138194,12/8/2022 2:44:11 PM,c74476ed-d5ee-4318-86e0-fefebe5e32ee,pulse_faint,Mike_6 Root,
BAG_ACCESS,140616,12/8/2022 2:44:14 PM,c74476ed-d5ee-4318-86e0-fefebe5e32ee,"(3.7, 0.4, 2.8)",
TOOL_HOVER,141353,12/8/2022 2:44:14 PM,c74476ed-d5ee-4318-86e0-fefebe5e32ee,Needle,999,
TOOL_HOVER,141370,12/8/2022 2:44:14 PM,c74476ed-d5ee-4318-86e0-fefebe5e32ee,Needle,999,
TOOL_HOVER,141387,12/8/2022 2:44:14 PM,c74476ed-d5ee-4318-86e0-fefebe5e32ee,Needle,999,
TOOL_HOVER,141404,12/8/2022 2:44:14 PM,c74476ed-d5ee-4318-86e0-fefebe5e32ee,Needle,999,
TOOL_HOVER,141421,12/8/2022 2:44:14 PM,c74476ed-d5ee-4318-86e0-fefebe5e32ee,Needle,999,
TOOL_HOVER,141437,12/8/2022 2:44:14 PM,c74476ed-d5ee-4318-86e0-fefebe5e32ee,Needle,999,
TOOL_HOVER,141454,12/8/2022 2:44:14 PM,c74476ed-d5ee-4318-86e0-fefebe5e32ee,Needle,999,
TOOL_HOVER,141471,12/8/2022 2:44:14 PM,c74476ed-d5ee-4318-86e0-fefebe5e32ee,Needle,999,
TOOL_SELECTED,141472,12/8/2022 2:44:14 PM,c74476ed-d5ee-4318-86e0-fefebe5e32ee,Needle,998,
PATIENT_ENGAGED,141686,12/8/2022 2:44:15 PM,c74476ed-d5ee-4318-86e0-fefebe5e32ee,100,128,Mike_6 Root,"(3.0, 0.0, 3.4)","(0.0, 0.0, 0.0, 1.0)",IMMEDIATE,still,faint,collapsedRight,normal,unresponsive,supine,
TOOL_DISCARDED,142455,12/8/2022 2:44:15 PM,c74476ed-d5ee-4318-86e0-fefebe5e32ee,Needle,998,"(3.5, 0.3, 3.0)",
TOOL_HOVER,143441,12/8/2022 2:44:16 PM,c74476ed-d5ee-4318-86e0-fefebe5e32ee,Needle,999,
TOOL_HOVER,143457,12/8/2022 2:44:16 PM,c74476ed-d5ee-4318-86e0-fefebe5e32ee,Needle,999,
TOOL_HOVER,143474,12/8/2022 2:44:16 PM,c74476ed-d5ee-4318-86e0-fefebe5e32ee,Needle,999,
TOOL_HOVER,143490,12/8/2022 2:44:16 PM,c74476ed-d5ee-4318-86e0-fefebe5e32ee,Needle,999,
TOOL_HOVER,143507,12/8/2022 2:44:16 PM,c74476ed-d5ee-4318-86e0-fefebe5e32ee,Needle,999,
TOOL_HOVER,143524,12/8/2022 2:44:16 PM,c74476ed-d5ee-4318-86e0-fefebe5e32ee,Needle,999,
TOOL_HOVER,143540,12/8/2022 2:44:17 PM,c74476ed-d5ee-4318-86e0-fefebe5e32ee,Needle,999,
TOOL_HOVER,143557,12/8/2022 2:44:17 PM,c74476ed-d5ee-4318-86e0-fefebe5e32ee,Needle,999,
TOOL_HOVER,143574,12/8/2022 2:44:17 PM,c74476ed-d5ee-4318-86e0-fefebe5e32ee,Needle,999,
TOOL_HOVER,143591,12/8/2022 2:44:17 PM,c74476ed-d5ee-4318-86e0-fefebe5e32ee,Needle,999,
TOOL_HOVER,143608,12/8/2022 2:44:17 PM,c74476ed-d5ee-4318-86e0-fefebe5e32ee,Needle,999,
TOOL_HOVER,143625,12/8/2022 2:44:17 PM,c74476ed-d5ee-4318-86e0-fefebe5e32ee,Needle,999,
TOOL_HOVER,143642,12/8/2022 2:44:17 PM,c74476ed-d5ee-4318-86e0-fefebe5e32ee,Tourniquet,997,
TOOL_HOVER,143659,12/8/2022 2:44:17 PM,c74476ed-d5ee-4318-86e0-fefebe5e32ee,Tourniquet,997,
TOOL_HOVER,143675,12/8/2022 2:44:17 PM,c74476ed-d5ee-4318-86e0-fefebe5e32ee,Tourniquet,997,
TOOL_HOVER,143693,12/8/2022 2:44:17 PM,c74476ed-d5ee-4318-86e0-fefebe5e32ee,Tourniquet,997,
TOOL_HOVER,143709,12/8/2022 2:44:17 PM,c74476ed-d5ee-4318-86e0-fefebe5e32ee,Tourniquet,997,
TOOL_HOVER,143726,12/8/2022 2:44:17 PM,c74476ed-d5ee-4318-86e0-fefebe5e32ee,Tourniquet,997,
TOOL_HOVER,143743,12/8/2022 2:44:17 PM,c74476ed-d5ee-4318-86e0-fefebe5e32ee,Needle,999,
TOOL_SELECTED,143744,12/8/2022 2:44:17 PM,c74476ed-d5ee-4318-86e0-fefebe5e32ee,Needle,998,
TOOL_DISCARDED,144194,12/8/2022 2:44:17 PM,c74476ed-d5ee-4318-86e0-fefebe5e32ee,Needle,998,"(3.6, 0.6, 2.9)",
TOOL_HOVER,145345,12/8/2022 2:44:18 PM,c74476ed-d5ee-4318-86e0-fefebe5e32ee,Needle,999,
TOOL_SELECTED,145346,12/8/2022 2:44:18 PM,c74476ed-d5ee-4318-86e0-fefebe5e32ee,Needle,998,
INJURY_TREATED,146635,12/8/2022 2:44:20 PM,c74476ed-d5ee-4318-86e0-fefebe5e32ee,R Chest Collapse,Mike_6 Root,decompress,high,chest,True,False,"(0.0, 0.0, 0.0)",
TOOL_APPLIED,146635,12/8/2022 2:44:20 PM,c74476ed-d5ee-4318-86e0-fefebe5e32ee,Needle_Decomp(Clone),Needle,RChest_Breathe1 (UnityEngine.GameObject),cath_needle (UnityEngine.GameObject),right_chest,Needle_Decomp(Clone) (UnityEngine.GameObject),AppliedDecompNeedle,
BAG_CLOSED,147483,12/8/2022 2:44:20 PM,c74476ed-d5ee-4318-86e0-fefebe5e32ee,"(3.7, 0.4, 2.8)",
TELEPORT,147483,12/8/2022 2:44:20 PM,c74476ed-d5ee-4318-86e0-fefebe5e32ee,"(3.9, 0.0, 2.1)",
TELEPORT,149336,12/8/2022 2:44:22 PM,c74476ed-d5ee-4318-86e0-fefebe5e32ee,"(4.0, 0.0, 2.3)",
BAG_ACCESS,150290,12/8/2022 2:44:23 PM,c74476ed-d5ee-4318-86e0-fefebe5e32ee,"(3.8, 0.6, 3.2)",
TAG_SELECTED,151042,12/8/2022 2:44:24 PM,c74476ed-d5ee-4318-86e0-fefebe5e32ee,red,
TAG_DISCARDED,158192,12/8/2022 2:44:31 PM,c74476ed-d5ee-4318-86e0-fefebe5e32ee,red,"(3.8, 1.1, 3.3)",
TAG_SELECTED,160966,12/8/2022 2:44:34 PM,c74476ed-d5ee-4318-86e0-fefebe5e32ee,red,
VOICE_CAPTURE,161115,12/8/2022 2:44:34 PM,c74476ed-d5ee-4318-86e0-fefebe5e32ee,middle finger,NA,
TAG_APPLIED,162051,12/8/2022 2:44:35 PM,c74476ed-d5ee-4318-86e0-fefebe5e32ee,Mike_6 Root,red,
VOICE_CAPTURE,162303,12/8/2022 2:44:35 PM,c74476ed-d5ee-4318-86e0-fefebe5e32ee,OK,NA,
BAG_CLOSED,165593,12/8/2022 2:44:39 PM,c74476ed-d5ee-4318-86e0-fefebe5e32ee,"(3.8, 0.6, 3.2)",
TELEPORT,165593,12/8/2022 2:44:39 PM,c74476ed-d5ee-4318-86e0-fefebe5e32ee,"(3.9, 0.0, 2.5)",
PATIENT_ENGAGED,168066,12/8/2022 2:44:41 PM,c74476ed-d5ee-4318-86e0-fefebe5e32ee,100,Infinity,Lily_1 Root,"(1.2, 0.0, 3.9)","(0.0, 0.1, 0.0, 1.0)",DELAYED,waver,normal,normal,normal,calm,fetal,
TELEPORT,168684,12/8/2022 2:44:42 PM,c74476ed-d5ee-4318-86e0-fefebe5e32ee,"(1.6, 0.0, 2.8)",
TELEPORT,169135,12/8/2022 2:44:42 PM,c74476ed-d5ee-4318-86e0-fefebe5e32ee,"(1.1, 0.0, 2.8)",
TELEPORT,169302,12/8/2022 2:44:42 PM,c74476ed-d5ee-4318-86e0-fefebe5e32ee,"(1.0, 0.0, 2.8)",
TELEPORT,169621,12/8/2022 2:44:43 PM,c74476ed-d5ee-4318-86e0-fefebe5e32ee,"(1.0, 0.0, 2.8)",
TELEPORT,170220,12/8/2022 2:44:43 PM,c74476ed-d5ee-4318-86e0-fefebe5e32ee,"(1.2, 0.0, 3.0)",
BAG_ACCESS,170739,12/8/2022 2:44:44 PM,c74476ed-d5ee-4318-86e0-fefebe5e32ee,"(1.1, 0.5, 4.0)",
TOOL_HOVER,171240,12/8/2022 2:44:44 PM,c74476ed-d5ee-4318-86e0-fefebe5e32ee,Tourniquet,997,
TOOL_HOVER,171257,12/8/2022 2:44:44 PM,c74476ed-d5ee-4318-86e0-fefebe5e32ee,Tourniquet,997,
TOOL_HOVER,171275,12/8/2022 2:44:44 PM,c74476ed-d5ee-4318-86e0-fefebe5e32ee,Tourniquet,997,
TOOL_HOVER,171290,12/8/2022 2:44:44 PM,c74476ed-d5ee-4318-86e0-fefebe5e32ee,Tourniquet,997,
TOOL_HOVER,171307,12/8/2022 2:44:44 PM,c74476ed-d5ee-4318-86e0-fefebe5e32ee,Tourniquet,997,
TOOL_HOVER,171323,12/8/2022 2:44:44 PM,c74476ed-d5ee-4318-86e0-fefebe5e32ee,Tourniquet,997,
TOOL_HOVER,171340,12/8/2022 2:44:44 PM,c74476ed-d5ee-4318-86e0-fefebe5e32ee,Tourniquet,997,
TOOL_HOVER,171356,12/8/2022 2:44:44 PM,c74476ed-d5ee-4318-86e0-fefebe5e32ee,Tourniquet,997,
TOOL_SELECTED,171357,12/8/2022 2:44:44 PM,c74476ed-d5ee-4318-86e0-fefebe5e32ee,Tourniquet,996,
TOOL_DISCARDED,171959,12/8/2022 2:44:45 PM,c74476ed-d5ee-4318-86e0-fefebe5e32ee,Tourniquet,996,"(1.0, 0.2, 3.8)",
TOOL_HOVER,172844,12/8/2022 2:44:46 PM,c74476ed-d5ee-4318-86e0-fefebe5e32ee,Gauze,999,
TOOL_HOVER,172861,12/8/2022 2:44:46 PM,c74476ed-d5ee-4318-86e0-fefebe5e32ee,Gauze,999,
TOOL_HOVER,172877,12/8/2022 2:44:46 PM,c74476ed-d5ee-4318-86e0-fefebe5e32ee,Gauze,999,
TOOL_HOVER,172894,12/8/2022 2:44:46 PM,c74476ed-d5ee-4318-86e0-fefebe5e32ee,Gauze,999,
TOOL_HOVER,172911,12/8/2022 2:44:46 PM,c74476ed-d5ee-4318-86e0-fefebe5e32ee,Gauze,999,
TOOL_HOVER,172929,12/8/2022 2:44:46 PM,c74476ed-d5ee-4318-86e0-fefebe5e32ee,Gauze,999,
TOOL_HOVER,172945,12/8/2022 2:44:46 PM,c74476ed-d5ee-4318-86e0-fefebe5e32ee,Tourniquet,997,
TOOL_HOVER,172961,12/8/2022 2:44:46 PM,c74476ed-d5ee-4318-86e0-fefebe5e32ee,Tourniquet,997,
TOOL_HOVER,172978,12/8/2022 2:44:46 PM,c74476ed-d5ee-4318-86e0-fefebe5e32ee,Tourniquet,997,
TOOL_SELECTED,172978,12/8/2022 2:44:46 PM,c74476ed-d5ee-4318-86e0-fefebe5e32ee,Tourniquet,996,
INJURY_TREATED,173914,12/8/2022 2:44:47 PM,c74476ed-d5ee-4318-86e0-fefebe5e32ee,R Thigh Laceration,Lily_1 Root,tourniquet,medium,rightLeg,True,False,"(1.0, 0.2, 4.0)",
TOOL_APPLIED,173914,12/8/2022 2:44:47 PM,c74476ed-d5ee-4318-86e0-fefebe5e32ee,Lily_1 Root,Tourniquet,RightUpLeg (UnityEngine.GameObject),tor_ring (1) (UnityEngine.GameObject),tourniquet(Clone) (UnityEngine.GameObject),AppliedTourniquet,
PULSE_TAKEN,176486,12/8/2022 2:44:49 PM,c74476ed-d5ee-4318-86e0-fefebe5e32ee,pulse_normal,Lily_1 Root,
PULSE_TAKEN,177488,12/8/2022 2:44:50 PM,c74476ed-d5ee-4318-86e0-fefebe5e32ee,pulse_normal,Lily_1 Root,
TAG_SELECTED,181450,12/8/2022 2:44:54 PM,c74476ed-d5ee-4318-86e0-fefebe5e32ee,red,
TAG_APPLIED,182133,12/8/2022 2:44:55 PM,c74476ed-d5ee-4318-86e0-fefebe5e32ee,Lily_1 Root,red,
BAG_CLOSED,184038,12/8/2022 2:44:57 PM,c74476ed-d5ee-4318-86e0-fefebe5e32ee,"(1.1, 0.5, 4.0)",
TELEPORT,184039,12/8/2022 2:44:57 PM,c74476ed-d5ee-4318-86e0-fefebe5e32ee,"(1.2, 0.0, 3.1)",
PATIENT_ENGAGED,185575,12/8/2022 2:44:59 PM,c74476ed-d5ee-4318-86e0-fefebe5e32ee,100,Infinity,Mike_3 Root,"(-1.3, 0.0, 4.2)","(0.0, 0.4, 0.0, 0.9)",IMMEDIATE,waver,fast,fast,normal,agony,sittingGround,
TELEPORT,186829,12/8/2022 2:45:00 PM,c74476ed-d5ee-4318-86e0-fefebe5e32ee,"(-0.6, 0.0, 3.6)",
BAG_ACCESS,187631,12/8/2022 2:45:01 PM,c74476ed-d5ee-4318-86e0-fefebe5e32ee,"(-0.6, 0.7, 4.3)",
TOOL_HOVER,188455,12/8/2022 2:45:01 PM,c74476ed-d5ee-4318-86e0-fefebe5e32ee,Tourniquet,996,
TOOL_HOVER,188473,12/8/2022 2:45:01 PM,c74476ed-d5ee-4318-86e0-fefebe5e32ee,Tourniquet,996,
TOOL_HOVER,188492,12/8/2022 2:45:01 PM,c74476ed-d5ee-4318-86e0-fefebe5e32ee,Tourniquet,996,
TOOL_HOVER,188511,12/8/2022 2:45:01 PM,c74476ed-d5ee-4318-86e0-fefebe5e32ee,Tourniquet,996,
TOOL_HOVER,188528,12/8/2022 2:45:02 PM,c74476ed-d5ee-4318-86e0-fefebe5e32ee,Tourniquet,996,
TOOL_HOVER,188546,12/8/2022 2:45:02 PM,c74476ed-d5ee-4318-86e0-fefebe5e32ee,Tourniquet,996,
TOOL_HOVER,188564,12/8/2022 2:45:02 PM,c74476ed-d5ee-4318-86e0-fefebe5e32ee,Tourniquet,996,
TOOL_HOVER,188581,12/8/2022 2:45:02 PM,c74476ed-d5ee-4318-86e0-fefebe5e32ee,Tourniquet,996,
TOOL_SELECTED,188582,12/8/2022 2:45:02 PM,c74476ed-d5ee-4318-86e0-fefebe5e32ee,Tourniquet,995,
TOOL_HOVER,188907,12/8/2022 2:45:02 PM,c74476ed-d5ee-4318-86e0-fefebe5e32ee,Gauze,999,
TOOL_HOVER,188925,12/8/2022 2:45:02 PM,c74476ed-d5ee-4318-86e0-fefebe5e32ee,Gauze,999,
TOOL_HOVER,188942,12/8/2022 2:45:02 PM,c74476ed-d5ee-4318-86e0-fefebe5e32ee,Gauze,999,
TOOL_HOVER,188960,12/8/2022 2:45:02 PM,c74476ed-d5ee-4318-86e0-fefebe5e32ee,Gauze,999,
TOOL_HOVER,188977,12/8/2022 2:45:02 PM,c74476ed-d5ee-4318-86e0-fefebe5e32ee,Gauze,999,
TOOL_HOVER,188994,12/8/2022 2:45:02 PM,c74476ed-d5ee-4318-86e0-fefebe5e32ee,Gauze,999,
TOOL_HOVER,189012,12/8/2022 2:45:02 PM,c74476ed-d5ee-4318-86e0-fefebe5e32ee,Gauze,999,
TOOL_HOVER,189029,12/8/2022 2:45:02 PM,c74476ed-d5ee-4318-86e0-fefebe5e32ee,Gauze,999,
TOOL_HOVER,189047,12/8/2022 2:45:02 PM,c74476ed-d5ee-4318-86e0-fefebe5e32ee,Gauze,999,
TOOL_HOVER,189064,12/8/2022 2:45:02 PM,c74476ed-d5ee-4318-86e0-fefebe5e32ee,Gauze,999,
TOOL_HOVER,189082,12/8/2022 2:45:02 PM,c74476ed-d5ee-4318-86e0-fefebe5e32ee,Gauze,999,
TOOL_HOVER,189100,12/8/2022 2:45:02 PM,c74476ed-d5ee-4318-86e0-fefebe5e32ee,Gauze,999,
TOOL_HOVER,189119,12/8/2022 2:45:02 PM,c74476ed-d5ee-4318-86e0-fefebe5e32ee,Gauze,999,
TOOL_HOVER,189137,12/8/2022 2:45:02 PM,c74476ed-d5ee-4318-86e0-fefebe5e32ee,Gauze,999,
TOOL_HOVER,189156,12/8/2022 2:45:02 PM,c74476ed-d5ee-4318-86e0-fefebe5e32ee,Gauze,999,
TOOL_HOVER,189175,12/8/2022 2:45:02 PM,c74476ed-d5ee-4318-86e0-fefebe5e32ee,Gauze,999,
TOOL_HOVER,189193,12/8/2022 2:45:02 PM,c74476ed-d5ee-4318-86e0-fefebe5e32ee,Gauze,999,
INJURY_TREATED,189395,12/8/2022 2:45:02 PM,c74476ed-d5ee-4318-86e0-fefebe5e32ee,R Wrist Amputation,Mike_3 Root,tourniquet,high,rightArm,True,False,"(-1.5, 0.5, 4.2)",
TOOL_APPLIED,189395,12/8/2022 2:45:02 PM,c74476ed-d5ee-4318-86e0-fefebe5e32ee,Mike_3 Root,Tourniquet,RightArm (UnityEngine.GameObject),tor_ring (1) (UnityEngine.GameObject),tourniquet(Clone) (UnityEngine.GameObject),AppliedTourniquet,
TOOL_HOVER,190052,12/8/2022 2:45:03 PM,c74476ed-d5ee-4318-86e0-fefebe5e32ee,Tourniquet,995,
TOOL_HOVER,190069,12/8/2022 2:45:03 PM,c74476ed-d5ee-4318-86e0-fefebe5e32ee,Tourniquet,995,
TOOL_HOVER,190086,12/8/2022 2:45:03 PM,c74476ed-d5ee-4318-86e0-fefebe5e32ee,Tourniquet,995,
TOOL_HOVER,190103,12/8/2022 2:45:03 PM,c74476ed-d5ee-4318-86e0-fefebe5e32ee,Tourniquet,995,
TOOL_HOVER,190123,12/8/2022 2:45:03 PM,c74476ed-d5ee-4318-86e0-fefebe5e32ee,Tourniquet,995,
TOOL_HOVER,190138,12/8/2022 2:45:03 PM,c74476ed-d5ee-4318-86e0-fefebe5e32ee,Tourniquet,995,
TOOL_HOVER,191806,12/8/2022 2:45:05 PM,c74476ed-d5ee-4318-86e0-fefebe5e32ee,Gauze,999,
TOOL_HOVER,191822,12/8/2022 2:45:05 PM,c74476ed-d5ee-4318-86e0-fefebe5e32ee,Gauze,999,
TOOL_HOVER,191839,12/8/2022 2:45:05 PM,c74476ed-d5ee-4318-86e0-fefebe5e32ee,Gauze,999,
TOOL_HOVER,191855,12/8/2022 2:45:05 PM,c74476ed-d5ee-4318-86e0-fefebe5e32ee,Gauze,999,
TOOL_HOVER,191873,12/8/2022 2:45:05 PM,c74476ed-d5ee-4318-86e0-fefebe5e32ee,Gauze,999,
TOOL_HOVER,191890,12/8/2022 2:45:05 PM,c74476ed-d5ee-4318-86e0-fefebe5e32ee,Gauze,999,
TOOL_HOVER,191907,12/8/2022 2:45:05 PM,c74476ed-d5ee-4318-86e0-fefebe5e32ee,Gauze,999,
TOOL_HOVER,191924,12/8/2022 2:45:05 PM,c74476ed-d5ee-4318-86e0-fefebe5e32ee,Gauze,999,
TOOL_HOVER,191940,12/8/2022 2:45:05 PM,c74476ed-d5ee-4318-86e0-fefebe5e32ee,Gauze,999,
TOOL_HOVER,191956,12/8/2022 2:45:05 PM,c74476ed-d5ee-4318-86e0-fefebe5e32ee,Gauze,999,
TOOL_HOVER,191973,12/8/2022 2:45:05 PM,c74476ed-d5ee-4318-86e0-fefebe5e32ee,Gauze,999,
TOOL_HOVER,191990,12/8/2022 2:45:05 PM,c74476ed-d5ee-4318-86e0-fefebe5e32ee,Gauze,999,
TOOL_HOVER,192007,12/8/2022 2:45:05 PM,c74476ed-d5ee-4318-86e0-fefebe5e32ee,Gauze,999,
TOOL_HOVER,192024,12/8/2022 2:45:05 PM,c74476ed-d5ee-4318-86e0-fefebe5e32ee,Gauze,999,
TOOL_HOVER,192039,12/8/2022 2:45:05 PM,c74476ed-d5ee-4318-86e0-fefebe5e32ee,Gauze,999,
TOOL_HOVER,192056,12/8/2022 2:45:05 PM,c74476ed-d5ee-4318-86e0-fefebe5e32ee,Gauze,999,
TOOL_HOVER,192074,12/8/2022 2:45:05 PM,c74476ed-d5ee-4318-86e0-fefebe5e32ee,Gauze,999,
TOOL_HOVER,192090,12/8/2022 2:45:05 PM,c74476ed-d5ee-4318-86e0-fefebe5e32ee,Gauze,999,
PULSE_TAKEN,192306,12/8/2022 2:45:05 PM,c74476ed-d5ee-4318-86e0-fefebe5e32ee,pulse_fast,Mike_3 Root,
TOOL_HOVER,194797,12/8/2022 2:45:08 PM,c74476ed-d5ee-4318-86e0-fefebe5e32ee,Gauze,999,
TOOL_HOVER,194814,12/8/2022 2:45:08 PM,c74476ed-d5ee-4318-86e0-fefebe5e32ee,Gauze,999,
TOOL_HOVER,194831,12/8/2022 2:45:08 PM,c74476ed-d5ee-4318-86e0-fefebe5e32ee,Gauze,999,
TOOL_HOVER,194847,12/8/2022 2:45:08 PM,c74476ed-d5ee-4318-86e0-fefebe5e32ee,Gauze,999,
TOOL_HOVER,194864,12/8/2022 2:45:08 PM,c74476ed-d5ee-4318-86e0-fefebe5e32ee,Gauze,999,
TOOL_HOVER,194881,12/8/2022 2:45:08 PM,c74476ed-d5ee-4318-86e0-fefebe5e32ee,Gauze,999,
BAG_CLOSED,196268,12/8/2022 2:45:09 PM,c74476ed-d5ee-4318-86e0-fefebe5e32ee,"(-0.6, 0.7, 4.3)",
TELEPORT,196268,12/8/2022 2:45:09 PM,c74476ed-d5ee-4318-86e0-fefebe5e32ee,"(-0.6, 0.0, 3.6)",
PATIENT_ENGAGED,198941,12/8/2022 2:45:12 PM,c74476ed-d5ee-4318-86e0-fefebe5e32ee,100,Infinity,Helga_0 Root,"(0.2, 0.0, 7.7)","(0.0, 0.7, 0.0, 0.7)",IMMEDIATE,waver,fast,fast,normal,upset,sittingGround,
TELEPORT,199175,12/8/2022 2:45:12 PM,c74476ed-d5ee-4318-86e0-fefebe5e32ee,"(-0.4, 0.0, 6.1)",
BAG_ACCESS,201313,12/8/2022 2:45:14 PM,c74476ed-d5ee-4318-86e0-fefebe5e32ee,"(0.4, 0.6, 7.5)",
TOOL_HOVER,202950,12/8/2022 2:45:16 PM,c74476ed-d5ee-4318-86e0-fefebe5e32ee,Gauze,999,
TOOL_HOVER,202967,12/8/2022 2:45:16 PM,c74476ed-d5ee-4318-86e0-fefebe5e32ee,Gauze,999,
TOOL_HOVER,202984,12/8/2022 2:45:16 PM,c74476ed-d5ee-4318-86e0-fefebe5e32ee,Gauze,999,
TOOL_HOVER,203000,12/8/2022 2:45:16 PM,c74476ed-d5ee-4318-86e0-fefebe5e32ee,Gauze,999,
TOOL_HOVER,203018,12/8/2022 2:45:16 PM,c74476ed-d5ee-4318-86e0-fefebe5e32ee,Gauze,999,
TOOL_HOVER,203034,12/8/2022 2:45:16 PM,c74476ed-d5ee-4318-86e0-fefebe5e32ee,Gauze,999,
TOOL_HOVER,203052,12/8/2022 2:45:16 PM,c74476ed-d5ee-4318-86e0-fefebe5e32ee,Tourniquet,995,
TOOL_HOVER,203067,12/8/2022 2:45:16 PM,c74476ed-d5ee-4318-86e0-fefebe5e32ee,Tourniquet,995,
TOOL_HOVER,203084,12/8/2022 2:45:16 PM,c74476ed-d5ee-4318-86e0-fefebe5e32ee,Tourniquet,995,
TOOL_HOVER,203101,12/8/2022 2:45:16 PM,c74476ed-d5ee-4318-86e0-fefebe5e32ee,Tourniquet,995,
TOOL_HOVER,203118,12/8/2022 2:45:16 PM,c74476ed-d5ee-4318-86e0-fefebe5e32ee,Tourniquet,995,
TOOL_HOVER,203135,12/8/2022 2:45:16 PM,c74476ed-d5ee-4318-86e0-fefebe5e32ee,Tourniquet,995,
TOOL_SELECTED,203136,12/8/2022 2:45:16 PM,c74476ed-d5ee-4318-86e0-fefebe5e32ee,Tourniquet,994,
TOOL_DISCARDED,203779,12/8/2022 2:45:17 PM,c74476ed-d5ee-4318-86e0-fefebe5e32ee,Tourniquet,994,"(0.0, 0.2, 7.6)",
PULSE_TAKEN,204011,12/8/2022 2:45:17 PM,c74476ed-d5ee-4318-86e0-fefebe5e32ee,pulse_fast,Helga_0 Root,
TOOL_HOVER,205641,12/8/2022 2:45:19 PM,c74476ed-d5ee-4318-86e0-fefebe5e32ee,Gauze,999,
TOOL_HOVER,205658,12/8/2022 2:45:19 PM,c74476ed-d5ee-4318-86e0-fefebe5e32ee,Gauze,999,
TOOL_HOVER,205674,12/8/2022 2:45:19 PM,c74476ed-d5ee-4318-86e0-fefebe5e32ee,Gauze,999,
TOOL_HOVER,205691,12/8/2022 2:45:19 PM,c74476ed-d5ee-4318-86e0-fefebe5e32ee,Gauze,999,
TOOL_HOVER,205708,12/8/2022 2:45:19 PM,c74476ed-d5ee-4318-86e0-fefebe5e32ee,Gauze,999,
TOOL_HOVER,205725,12/8/2022 2:45:19 PM,c74476ed-d5ee-4318-86e0-fefebe5e32ee,Gauze,999,
TOOL_HOVER,205741,12/8/2022 2:45:19 PM,c74476ed-d5ee-4318-86e0-fefebe5e32ee,Gauze,999,
TOOL_SELECTED,205742,12/8/2022 2:45:19 PM,c74476ed-d5ee-4318-86e0-fefebe5e32ee,Gauze,998,
TOOL_DISCARDED,206675,12/8/2022 2:45:20 PM,c74476ed-d5ee-4318-86e0-fefebe5e32ee,Gauze,998,"(0.1, 0.7, 7.6)",
TOOL_APPLIED,206676,12/8/2022 2:45:20 PM,c74476ed-d5ee-4318-86e0-fefebe5e32ee,Helga_0 Root,Gauze_Dressing,skinCollider_BodyLOD (UnityEngine.GameObject),null,null,AppliedDressingGauze,
TOOL_HOVER,210054,12/8/2022 2:45:23 PM,c74476ed-d5ee-4318-86e0-fefebe5e32ee,Gauze,999,
TOOL_HOVER,210067,12/8/2022 2:45:23 PM,c74476ed-d5ee-4318-86e0-fefebe5e32ee,Gauze,999,
TOOL_HOVER,210084,12/8/2022 2:45:23 PM,c74476ed-d5ee-4318-86e0-fefebe5e32ee,Gauze,999,
TOOL_HOVER,210100,12/8/2022 2:45:23 PM,c74476ed-d5ee-4318-86e0-fefebe5e32ee,Gauze,999,
TOOL_HOVER,210118,12/8/2022 2:45:23 PM,c74476ed-d5ee-4318-86e0-fefebe5e32ee,Gauze,999,
TOOL_HOVER,210134,12/8/2022 2:45:23 PM,c74476ed-d5ee-4318-86e0-fefebe5e32ee,Gauze,999,
TOOL_SELECTED,210135,12/8/2022 2:45:23 PM,c74476ed-d5ee-4318-86e0-fefebe5e32ee,Gauze,998,
TOOL_DISCARDED,211421,12/8/2022 2:45:24 PM,c74476ed-d5ee-4318-86e0-fefebe5e32ee,Gauze,998,"(0.1, 0.7, 7.5)",
TOOL_APPLIED,211421,12/8/2022 2:45:24 PM,c74476ed-d5ee-4318-86e0-fefebe5e32ee,Helga_0 Root,Gauze_Dressing,skinCollider_BodyLOD (UnityEngine.GameObject),null,null,AppliedDressingGauze,
TOOL_HOVER,211454,12/8/2022 2:45:24 PM,c74476ed-d5ee-4318-86e0-fefebe5e32ee,Gauze,999,
TOOL_HOVER,211472,12/8/2022 2:45:24 PM,c74476ed-d5ee-4318-86e0-fefebe5e32ee,Gauze,999,
TOOL_HOVER,211487,12/8/2022 2:45:24 PM,c74476ed-d5ee-4318-86e0-fefebe5e32ee,Gauze,999,
TOOL_HOVER,211503,12/8/2022 2:45:24 PM,c74476ed-d5ee-4318-86e0-fefebe5e32ee,Gauze,999,
TOOL_HOVER,211521,12/8/2022 2:45:24 PM,c74476ed-d5ee-4318-86e0-fefebe5e32ee,Gauze,999,
TOOL_HOVER,211538,12/8/2022 2:45:25 PM,c74476ed-d5ee-4318-86e0-fefebe5e32ee,Gauze,999,
TOOL_HOVER,211657,12/8/2022 2:45:25 PM,c74476ed-d5ee-4318-86e0-fefebe5e32ee,Gauze,999,
TOOL_HOVER,211672,12/8/2022 2:45:25 PM,c74476ed-d5ee-4318-86e0-fefebe5e32ee,Gauze,999,
TOOL_HOVER,211689,12/8/2022 2:45:25 PM,c74476ed-d5ee-4318-86e0-fefebe5e32ee,Gauze,999,
TOOL_HOVER,211706,12/8/2022 2:45:25 PM,c74476ed-d5ee-4318-86e0-fefebe5e32ee,Gauze,999,
TOOL_HOVER,211722,12/8/2022 2:45:25 PM,c74476ed-d5ee-4318-86e0-fefebe5e32ee,Gauze,999,
TOOL_HOVER,211739,12/8/2022 2:45:25 PM,c74476ed-d5ee-4318-86e0-fefebe5e32ee,Gauze,999,
TOOL_HOVER,211756,12/8/2022 2:45:25 PM,c74476ed-d5ee-4318-86e0-fefebe5e32ee,Gauze,999,
TOOL_HOVER,211777,12/8/2022 2:45:25 PM,c74476ed-d5ee-4318-86e0-fefebe5e32ee,Gauze,999,
TOOL_HOVER,211792,12/8/2022 2:45:25 PM,c74476ed-d5ee-4318-86e0-fefebe5e32ee,Gauze,999,
TOOL_HOVER,211808,12/8/2022 2:45:25 PM,c74476ed-d5ee-4318-86e0-fefebe5e32ee,Gauze,999,
TOOL_HOVER,211824,12/8/2022 2:45:25 PM,c74476ed-d5ee-4318-86e0-fefebe5e32ee,Gauze,999,
TOOL_HOVER,211839,12/8/2022 2:45:25 PM,c74476ed-d5ee-4318-86e0-fefebe5e32ee,Gauze,999,
TOOL_SELECTED,211840,12/8/2022 2:45:25 PM,c74476ed-d5ee-4318-86e0-fefebe5e32ee,Gauze,998,
VOICE_CAPTURE,212740,12/8/2022 2:45:26 PM,c74476ed-d5ee-4318-86e0-fefebe5e32ee,can she can i like move her,NA,
TOOL_HOVER,217402,12/8/2022 2:45:30 PM,c74476ed-d5ee-4318-86e0-fefebe5e32ee,Tourniquet,995,
TOOL_HOVER,217419,12/8/2022 2:45:30 PM,c74476ed-d5ee-4318-86e0-fefebe5e32ee,Tourniquet,995,
TOOL_HOVER,217435,12/8/2022 2:45:30 PM,c74476ed-d5ee-4318-86e0-fefebe5e32ee,Tourniquet,995,
TOOL_HOVER,217453,12/8/2022 2:45:30 PM,c74476ed-d5ee-4318-86e0-fefebe5e32ee,Tourniquet,995,
TOOL_HOVER,217469,12/8/2022 2:45:30 PM,c74476ed-d5ee-4318-86e0-fefebe5e32ee,Tourniquet,995,
TOOL_HOVER,217486,12/8/2022 2:45:30 PM,c74476ed-d5ee-4318-86e0-fefebe5e32ee,Tourniquet,995,
TOOL_HOVER,217504,12/8/2022 2:45:30 PM,c74476ed-d5ee-4318-86e0-fefebe5e32ee,Tourniquet,995,
TOOL_HOVER,217519,12/8/2022 2:45:30 PM,c74476ed-d5ee-4318-86e0-fefebe5e32ee,Tourniquet,995,
TOOL_HOVER,217536,12/8/2022 2:45:31 PM,c74476ed-d5ee-4318-86e0-fefebe5e32ee,Tourniquet,995,
TOOL_SELECTED,217537,12/8/2022 2:45:31 PM,c74476ed-d5ee-4318-86e0-fefebe5e32ee,Tourniquet,994,
TOOL_DISCARDED,218456,12/8/2022 2:45:31 PM,c74476ed-d5ee-4318-86e0-fefebe5e32ee,Tourniquet,994,"(0.0, 0.2, 7.6)",
PULSE_TAKEN,218771,12/8/2022 2:45:32 PM,c74476ed-d5ee-4318-86e0-fefebe5e32ee,pulse_fast,Helga_0 Root,
VOICE_CAPTURE,219925,12/8/2022 2:45:33 PM,c74476ed-d5ee-4318-86e0-fefebe5e32ee,if she could lay down that would be great hey ma'am can you lay down for me,NA,
VOICE_COMMAND,219925,12/8/2022 2:45:33 PM,c74476ed-d5ee-4318-86e0-fefebe5e32ee,lay down,if she could lay down that would be great hey ma'am can you lay down for me,
TOOL_DISCARDED,220529,12/8/2022 2:45:34 PM,c74476ed-d5ee-4318-86e0-fefebe5e32ee,Gauze,998,"(0.4, 0.6, 7.4)",
TOOL_DISCARDED,220529,12/8/2022 2:45:34 PM,c74476ed-d5ee-4318-86e0-fefebe5e32ee,Gauze,999,"(0.4, 0.6, 7.4)",
VOICE_CAPTURE,224987,12/8/2022 2:45:38 PM,c74476ed-d5ee-4318-86e0-fefebe5e32ee,you're doing the right thing,NA,
TOOL_HOVER,227243,12/8/2022 2:45:40 PM,c74476ed-d5ee-4318-86e0-fefebe5e32ee,Gauze,1000,
TOOL_HOVER,227260,12/8/2022 2:45:40 PM,c74476ed-d5ee-4318-86e0-fefebe5e32ee,Gauze,1000,
TOOL_HOVER,227275,12/8/2022 2:45:40 PM,c74476ed-d5ee-4318-86e0-fefebe5e32ee,Gauze,1000,
TOOL_HOVER,227292,12/8/2022 2:45:40 PM,c74476ed-d5ee-4318-86e0-fefebe5e32ee,Gauze,1000,
TOOL_HOVER,227310,12/8/2022 2:45:40 PM,c74476ed-d5ee-4318-86e0-fefebe5e32ee,Gauze,1000,
TOOL_HOVER,227327,12/8/2022 2:45:40 PM,c74476ed-d5ee-4318-86e0-fefebe5e32ee,Gauze,1000,
TOOL_HOVER,227343,12/8/2022 2:45:40 PM,c74476ed-d5ee-4318-86e0-fefebe5e32ee,Tourniquet,995,
TOOL_HOVER,227359,12/8/2022 2:45:40 PM,c74476ed-d5ee-4318-86e0-fefebe5e32ee,Tourniquet,995,
TOOL_HOVER,227376,12/8/2022 2:45:40 PM,c74476ed-d5ee-4318-86e0-fefebe5e32ee,Tourniquet,995,
TOOL_HOVER,227398,12/8/2022 2:45:40 PM,c74476ed-d5ee-4318-86e0-fefebe5e32ee,Tourniquet,995,
TOOL_HOVER,227411,12/8/2022 2:45:40 PM,c74476ed-d5ee-4318-86e0-fefebe5e32ee,Tourniquet,995,
TOOL_HOVER,227426,12/8/2022 2:45:40 PM,c74476ed-d5ee-4318-86e0-fefebe5e32ee,Tourniquet,995,
TOOL_HOVER,227444,12/8/2022 2:45:40 PM,c74476ed-d5ee-4318-86e0-fefebe5e32ee,Gauze,1000,
TOOL_HOVER,227460,12/8/2022 2:45:40 PM,c74476ed-d5ee-4318-86e0-fefebe5e32ee,Gauze,1000,
TOOL_SELECTED,227461,12/8/2022 2:45:40 PM,c74476ed-d5ee-4318-86e0-fefebe5e32ee,Gauze,999,
TOOL_DISCARDED,228179,12/8/2022 2:45:41 PM,c74476ed-d5ee-4318-86e0-fefebe5e32ee,Gauze,999,"(0.1, 0.7, 7.6)",
TOOL_DISCARDED,228179,12/8/2022 2:45:41 PM,c74476ed-d5ee-4318-86e0-fefebe5e32ee,Gauze,1000,"(0.1, 0.7, 7.6)",
TOOL_HOVER,228245,12/8/2022 2:45:41 PM,c74476ed-d5ee-4318-86e0-fefebe5e32ee,Gauze,1001,
TOOL_HOVER,228262,12/8/2022 2:45:41 PM,c74476ed-d5ee-4318-86e0-fefebe5e32ee,Gauze,1001,
TOOL_HOVER,228278,12/8/2022 2:45:41 PM,c74476ed-d5ee-4318-86e0-fefebe5e32ee,Gauze,1001,
TOOL_HOVER,228295,12/8/2022 2:45:41 PM,c74476ed-d5ee-4318-86e0-fefebe5e32ee,Gauze,1001,
TOOL_HOVER,228312,12/8/2022 2:45:41 PM,c74476ed-d5ee-4318-86e0-fefebe5e32ee,Gauze,1001,
TOOL_HOVER,228329,12/8/2022 2:45:41 PM,c74476ed-d5ee-4318-86e0-fefebe5e32ee,Gauze,1001,
TOOL_HOVER,228446,12/8/2022 2:45:41 PM,c74476ed-d5ee-4318-86e0-fefebe5e32ee,Tourniquet,995,
TOOL_HOVER,228464,12/8/2022 2:45:41 PM,c74476ed-d5ee-4318-86e0-fefebe5e32ee,Tourniquet,995,
TOOL_HOVER,228479,12/8/2022 2:45:41 PM,c74476ed-d5ee-4318-86e0-fefebe5e32ee,Tourniquet,995,
TOOL_HOVER,228495,12/8/2022 2:45:41 PM,c74476ed-d5ee-4318-86e0-fefebe5e32ee,Tourniquet,995,
TOOL_HOVER,228512,12/8/2022 2:45:41 PM,c74476ed-d5ee-4318-86e0-fefebe5e32ee,Tourniquet,995,
TOOL_HOVER,228532,12/8/2022 2:45:42 PM,c74476ed-d5ee-4318-86e0-fefebe5e32ee,Tourniquet,995,
TOOL_HOVER,228545,12/8/2022 2:45:42 PM,c74476ed-d5ee-4318-86e0-fefebe5e32ee,Tourniquet,995,
TOOL_HOVER,228563,12/8/2022 2:45:42 PM,c74476ed-d5ee-4318-86e0-fefebe5e32ee,Tourniquet,995,
TOOL_HOVER,228580,12/8/2022 2:45:42 PM,c74476ed-d5ee-4318-86e0-fefebe5e32ee,Tourniquet,995,
TOOL_HOVER,228595,12/8/2022 2:45:42 PM,c74476ed-d5ee-4318-86e0-fefebe5e32ee,Tourniquet,995,
TOOL_HOVER,228612,12/8/2022 2:45:42 PM,c74476ed-d5ee-4318-86e0-fefebe5e32ee,Tourniquet,995,
TOOL_HOVER,228628,12/8/2022 2:45:42 PM,c74476ed-d5ee-4318-86e0-fefebe5e32ee,Tourniquet,995,
TOOL_HOVER,228646,12/8/2022 2:45:42 PM,c74476ed-d5ee-4318-86e0-fefebe5e32ee,Tourniquet,995,
TOOL_HOVER,228662,12/8/2022 2:45:42 PM,c74476ed-d5ee-4318-86e0-fefebe5e32ee,Tourniquet,995,
TOOL_HOVER,228679,12/8/2022 2:45:42 PM,c74476ed-d5ee-4318-86e0-fefebe5e32ee,Tourniquet,995,
TOOL_HOVER,228697,12/8/2022 2:45:42 PM,c74476ed-d5ee-4318-86e0-fefebe5e32ee,Tourniquet,995,
TOOL_HOVER,228712,12/8/2022 2:45:42 PM,c74476ed-d5ee-4318-86e0-fefebe5e32ee,Tourniquet,995,
TOOL_HOVER,228729,12/8/2022 2:45:42 PM,c74476ed-d5ee-4318-86e0-fefebe5e32ee,Tourniquet,995,
TOOL_HOVER,228746,12/8/2022 2:45:42 PM,c74476ed-d5ee-4318-86e0-fefebe5e32ee,Tourniquet,995,
TOOL_HOVER,228763,12/8/2022 2:45:42 PM,c74476ed-d5ee-4318-86e0-fefebe5e32ee,Tourniquet,995,
TOOL_HOVER,228780,12/8/2022 2:45:42 PM,c74476ed-d5ee-4318-86e0-fefebe5e32ee,Tourniquet,995,
TOOL_HOVER,228796,12/8/2022 2:45:42 PM,c74476ed-d5ee-4318-86e0-fefebe5e32ee,Tourniquet,995,
TOOL_HOVER,228812,12/8/2022 2:45:42 PM,c74476ed-d5ee-4318-86e0-fefebe5e32ee,Tourniquet,995,
TOOL_HOVER,228830,12/8/2022 2:45:42 PM,c74476ed-d5ee-4318-86e0-fefebe5e32ee,Tourniquet,995,
TOOL_SELECTED,228831,12/8/2022 2:45:42 PM,c74476ed-d5ee-4318-86e0-fefebe5e32ee,Tourniquet,994,
INJURY_TREATED,230217,12/8/2022 2:45:43 PM,c74476ed-d5ee-4318-86e0-fefebe5e32ee,L Thigh Puncture,Helga_0 Root,tourniquet,medium,leftLeg,True,False,"(0.2, 0.3, 7.8)",
TOOL_APPLIED,230217,12/8/2022 2:45:43 PM,c74476ed-d5ee-4318-86e0-fefebe5e32ee,Helga_0 Root,Tourniquet,LeftUpLeg (UnityEngine.GameObject),tor_ring (1) (UnityEngine.GameObject),tourniquet(Clone) (UnityEngine.GameObject),AppliedTourniquet,
VOICE_CAPTURE,231169,12/8/2022 2:45:44 PM,c74476ed-d5ee-4318-86e0-fefebe5e32ee,OK,NA,
TOOL_HOVER,231653,12/8/2022 2:45:45 PM,c74476ed-d5ee-4318-86e0-fefebe5e32ee,Hemostatic Gauze,999,
TOOL_HOVER,231671,12/8/2022 2:45:45 PM,c74476ed-d5ee-4318-86e0-fefebe5e32ee,Hemostatic Gauze,999,
TOOL_HOVER,231686,12/8/2022 2:45:45 PM,c74476ed-d5ee-4318-86e0-fefebe5e32ee,Hemostatic Gauze,999,
TOOL_HOVER,231702,12/8/2022 2:45:45 PM,c74476ed-d5ee-4318-86e0-fefebe5e32ee,Hemostatic Gauze,999,
TOOL_HOVER,231719,12/8/2022 2:45:45 PM,c74476ed-d5ee-4318-86e0-fefebe5e32ee,Hemostatic Gauze,999,
TOOL_HOVER,231736,12/8/2022 2:45:45 PM,c74476ed-d5ee-4318-86e0-fefebe5e32ee,Hemostatic Gauze,999,
TOOL_HOVER,231756,12/8/2022 2:45:45 PM,c74476ed-d5ee-4318-86e0-fefebe5e32ee,Hemostatic Gauze,999,
TOOL_HOVER,231769,12/8/2022 2:45:45 PM,c74476ed-d5ee-4318-86e0-fefebe5e32ee,Hemostatic Gauze,999,
TOOL_SELECTED,231770,12/8/2022 2:45:45 PM,c74476ed-d5ee-4318-86e0-fefebe5e32ee,Hemostatic Gauze,998,
TOOL_DISCARDED,233006,12/8/2022 2:45:46 PM,c74476ed-d5ee-4318-86e0-fefebe5e32ee,Hemostatic Gauze,998,"(-0.1, 0.2, 7.4)",
INJURY_TREATED,233007,12/8/2022 2:45:46 PM,c74476ed-d5ee-4318-86e0-fefebe5e32ee,L Stomach Puncture,Helga_0 Root,woundpack,high,abdomen,True,False,"(-0.1, 0.2, 7.4)",
TOOL_APPLIED,233007,12/8/2022 2:45:46 PM,c74476ed-d5ee-4318-86e0-fefebe5e32ee,Helga_0 Root,Gauze_Pack,skinCollider_BodyLOD (UnityEngine.GameObject),null,null,AppliedPackingGauze,
VOICE_CAPTURE,233573,12/8/2022 2:45:47 PM,c74476ed-d5ee-4318-86e0-fefebe5e32ee,just a little bit slower OK,NA,
TAG_SELECTED,237351,12/8/2022 2:45:50 PM,c74476ed-d5ee-4318-86e0-fefebe5e32ee,red,
TAG_APPLIED,238873,12/8/2022 2:45:52 PM,c74476ed-d5ee-4318-86e0-fefebe5e32ee,Helga_0 Root,red,
PULSE_TAKEN,238888,12/8/2022 2:45:52 PM,c74476ed-d5ee-4318-86e0-fefebe5e32ee,pulse_fast,Helga_0 Root,
VOICE_CAPTURE,242663,12/8/2022 2:45:56 PM,c74476ed-d5ee-4318-86e0-fefebe5e32ee,OK yeah it doesn't seem that way,NA,
BAG_CLOSED,243131,12/8/2022 2:45:56 PM,c74476ed-d5ee-4318-86e0-fefebe5e32ee,"(0.4, 0.6, 7.5)",
TELEPORT,243131,12/8/2022 2:45:56 PM,c74476ed-d5ee-4318-86e0-fefebe5e32ee,"(0.1, 0.0, 6.7)",
PATIENT_ENGAGED,244568,12/8/2022 2:45:58 PM,c74476ed-d5ee-4318-86e0-fefebe5e32ee,100,Infinity,Gloria_8 Root,"(2.7, 0.0, 8.0)","(0.0, 0.8, 0.0, -0.6)",MINIMAL,still,normal,normal,limited,calm,standing,
BAG_ACCESS,245687,12/8/2022 2:45:59 PM,c74476ed-d5ee-4318-86e0-fefebe5e32ee,"(1.9, 0.7, 7.6)",
TAG_SELECTED,246289,12/8/2022 2:45:59 PM,c74476ed-d5ee-4318-86e0-fefebe5e32ee,gray,
TAG_DISCARDED,247108,12/8/2022 2:46:00 PM,c74476ed-d5ee-4318-86e0-fefebe5e32ee,gray,"(2.1, 1.0, 7.4)",
TAG_SELECTED,247826,12/8/2022 2:46:01 PM,c74476ed-d5ee-4318-86e0-fefebe5e32ee,green,
TAG_APPLIED,248678,12/8/2022 2:46:02 PM,c74476ed-d5ee-4318-86e0-fefebe5e32ee,Gloria_8 Root,green,
VOICE_CAPTURE,252052,12/8/2022 2:46:05 PM,c74476ed-d5ee-4318-86e0-fefebe5e32ee,yeah she's fine,NA,
BAG_CLOSED,257747,12/8/2022 2:46:11 PM,c74476ed-d5ee-4318-86e0-fefebe5e32ee,"(1.9, 0.7, 7.6)",
TELEPORT,257747,12/8/2022 2:46:11 PM,c74476ed-d5ee-4318-86e0-fefebe5e32ee,"(1.4, 0.0, 7.2)",
TELEPORT,262688,12/8/2022 2:46:16 PM,c74476ed-d5ee-4318-86e0-fefebe5e32ee,"(2.7, 0.0, -1.6)",
TELEPORT,263572,12/8/2022 2:46:17 PM,c74476ed-d5ee-4318-86e0-fefebe5e32ee,"(2.7, 0.0, -1.6)",
BAG_ACCESS,266914,12/8/2022 2:46:20 PM,c74476ed-d5ee-4318-86e0-fefebe5e32ee,"(3.6, 0.7, -3.2)",
TAG_SELECTED,267516,12/8/2022 2:46:20 PM,c74476ed-d5ee-4318-86e0-fefebe5e32ee,green,
PATIENT_ENGAGED,267901,12/8/2022 2:46:21 PM,c74476ed-d5ee-4318-86e0-fefebe5e32ee,100,Infinity,Bob_10 Root,"(3.8, 0.0, -4.3)","(0.0, 0.2, 0.0, -1.0)",MINIMAL,walker,normal,normal,normal,calm,standing,
TAG_APPLIED,268451,12/8/2022 2:46:21 PM,c74476ed-d5ee-4318-86e0-fefebe5e32ee,Bob_10 Root,green,
TOOL_HOVER,269654,12/8/2022 2:46:23 PM,c74476ed-d5ee-4318-86e0-fefebe5e32ee,Gauze,1001,
TOOL_HOVER,269671,12/8/2022 2:46:23 PM,c74476ed-d5ee-4318-86e0-fefebe5e32ee,Gauze,1001,
TOOL_HOVER,269688,12/8/2022 2:46:23 PM,c74476ed-d5ee-4318-86e0-fefebe5e32ee,Gauze,1001,
TOOL_HOVER,269704,12/8/2022 2:46:23 PM,c74476ed-d5ee-4318-86e0-fefebe5e32ee,Gauze,1001,
TOOL_HOVER,269720,12/8/2022 2:46:23 PM,c74476ed-d5ee-4318-86e0-fefebe5e32ee,Gauze,1001,
TOOL_HOVER,269737,12/8/2022 2:46:23 PM,c74476ed-d5ee-4318-86e0-fefebe5e32ee,Gauze,1001,
TOOL_HOVER,270055,12/8/2022 2:46:23 PM,c74476ed-d5ee-4318-86e0-fefebe5e32ee,Gauze,1001,
TOOL_HOVER,270072,12/8/2022 2:46:23 PM,c74476ed-d5ee-4318-86e0-fefebe5e32ee,Gauze,1001,
TOOL_HOVER,270092,12/8/2022 2:46:23 PM,c74476ed-d5ee-4318-86e0-fefebe5e32ee,Gauze,1001,
TOOL_HOVER,270105,12/8/2022 2:46:23 PM,c74476ed-d5ee-4318-86e0-fefebe5e32ee,Gauze,1001,
TOOL_HOVER,270122,12/8/2022 2:46:23 PM,c74476ed-d5ee-4318-86e0-fefebe5e32ee,Gauze,1001,
TOOL_HOVER,270138,12/8/2022 2:46:23 PM,c74476ed-d5ee-4318-86e0-fefebe5e32ee,Gauze,1001,
BAG_CLOSED,270455,12/8/2022 2:46:23 PM,c74476ed-d5ee-4318-86e0-fefebe5e32ee,"(3.6, 0.7, -3.2)",
TELEPORT,270455,12/8/2022 2:46:23 PM,c74476ed-d5ee-4318-86e0-fefebe5e32ee,"(3.2, 0.0, -3.7)",
PATIENT_ENGAGED,270974,12/8/2022 2:46:24 PM,c74476ed-d5ee-4318-86e0-fefebe5e32ee,100,Infinity,Mike_4 Root,"(5.2, 0.0, -3.4)","(0.0, 0.7, 0.0, -0.8)",MINIMAL,walker,normal,normal,normal,upset,sittingGround,
TELEPORT,271207,12/8/2022 2:46:24 PM,c74476ed-d5ee-4318-86e0-fefebe5e32ee,"(3.6, 0.0, -3.6)",
TELEPORT,271825,12/8/2022 2:46:25 PM,c74476ed-d5ee-4318-86e0-fefebe5e32ee,"(3.8, 0.0, -3.5)",
BAG_ACCESS,273964,12/8/2022 2:46:27 PM,c74476ed-d5ee-4318-86e0-fefebe5e32ee,"(4.7, 0.7, -3.4)",
TAG_SELECTED,277908,12/8/2022 2:46:31 PM,c74476ed-d5ee-4318-86e0-fefebe5e32ee,green,
TAG_APPLIED,279176,12/8/2022 2:46:32 PM,c74476ed-d5ee-4318-86e0-fefebe5e32ee,Mike_4 Root,green,
VOICE_CAPTURE,279192,12/8/2022 2:46:32 PM,c74476ed-d5ee-4318-86e0-fefebe5e32ee,are you hurt anywhere,NA,
VOICE_COMMAND,279192,12/8/2022 2:46:32 PM,c74476ed-d5ee-4318-86e0-fefebe5e32ee,are you hurt,are you hurt anywhere,
PULSE_TAKEN,279244,12/8/2022 2:46:32 PM,c74476ed-d5ee-4318-86e0-fefebe5e32ee,pulse_normal,Mike_4 Root,
TOOL_HOVER,281339,12/8/2022 2:46:34 PM,c74476ed-d5ee-4318-86e0-fefebe5e32ee,Gauze,1001,
TOOL_HOVER,281357,12/8/2022 2:46:34 PM,c74476ed-d5ee-4318-86e0-fefebe5e32ee,Gauze,1001,
TOOL_HOVER,281374,12/8/2022 2:46:34 PM,c74476ed-d5ee-4318-86e0-fefebe5e32ee,Gauze,1001,
TOOL_HOVER,281390,12/8/2022 2:46:34 PM,c74476ed-d5ee-4318-86e0-fefebe5e32ee,Gauze,1001,
TOOL_HOVER,281407,12/8/2022 2:46:34 PM,c74476ed-d5ee-4318-86e0-fefebe5e32ee,Gauze,1001,
TOOL_HOVER,281424,12/8/2022 2:46:34 PM,c74476ed-d5ee-4318-86e0-fefebe5e32ee,Gauze,1001,
TOOL_SELECTED,281425,12/8/2022 2:46:34 PM,c74476ed-d5ee-4318-86e0-fefebe5e32ee,Gauze,1000,
TOOL_DISCARDED,281991,12/8/2022 2:46:35 PM,c74476ed-d5ee-4318-86e0-fefebe5e32ee,Gauze,1000,"(5.3, 0.4, -3.2)",
TOOL_APPLIED,281992,12/8/2022 2:46:35 PM,c74476ed-d5ee-4318-86e0-fefebe5e32ee,Mike_4 Root,Gauze_Dressing,skinCollider_BodyCollideLOD (UnityEngine.GameObject),null,null,AppliedDressingGauze,
VOICE_CAPTURE,283328,12/8/2022 2:46:36 PM,c74476ed-d5ee-4318-86e0-fefebe5e32ee,OK,NA,
TOOL_HOVER,283546,12/8/2022 2:46:37 PM,c74476ed-d5ee-4318-86e0-fefebe5e32ee,Gauze,1001,
TOOL_HOVER,283564,12/8/2022 2:46:37 PM,c74476ed-d5ee-4318-86e0-fefebe5e32ee,Gauze,1001,
TOOL_HOVER,283578,12/8/2022 2:46:37 PM,c74476ed-d5ee-4318-86e0-fefebe5e32ee,Gauze,1001,
TOOL_HOVER,283595,12/8/2022 2:46:37 PM,c74476ed-d5ee-4318-86e0-fefebe5e32ee,Gauze,1001,
TOOL_HOVER,283613,12/8/2022 2:46:37 PM,c74476ed-d5ee-4318-86e0-fefebe5e32ee,Gauze,1001,
TOOL_HOVER,283630,12/8/2022 2:46:37 PM,c74476ed-d5ee-4318-86e0-fefebe5e32ee,Gauze,1001,
TOOL_SELECTED,283631,12/8/2022 2:46:37 PM,c74476ed-d5ee-4318-86e0-fefebe5e32ee,Gauze,1000,
TOOL_DISCARDED,284332,12/8/2022 2:46:37 PM,c74476ed-d5ee-4318-86e0-fefebe5e32ee,Gauze,1000,"(5.3, 0.4, -3.2)",
TOOL_APPLIED,284332,12/8/2022 2:46:37 PM,c74476ed-d5ee-4318-86e0-fefebe5e32ee,Mike_4 Root,Gauze_Dressing,skinCollider_BodyCollideLOD (UnityEngine.GameObject),null,null,AppliedDressingGauze,
PULSE_TAKEN,284381,12/8/2022 2:46:37 PM,c74476ed-d5ee-4318-86e0-fefebe5e32ee,pulse_normal,Mike_4 Root,
PULSE_TAKEN,284514,12/8/2022 2:46:37 PM,c74476ed-d5ee-4318-86e0-fefebe5e32ee,pulse_normal,Mike_4 Root,
PULSE_TAKEN,284815,12/8/2022 2:46:38 PM,c74476ed-d5ee-4318-86e0-fefebe5e32ee,pulse_normal,Mike_4 Root,
BAG_CLOSED,286536,12/8/2022 2:46:40 PM,c74476ed-d5ee-4318-86e0-fefebe5e32ee,"(4.7, 0.7, -3.4)",
TELEPORT,286536,12/8/2022 2:46:40 PM,c74476ed-d5ee-4318-86e0-fefebe5e32ee,"(3.9, 0.0, -3.5)",
PATIENT_ENGAGED,287021,12/8/2022 2:46:40 PM,c74476ed-d5ee-4318-86e0-fefebe5e32ee,100,0,Gary_5 Root,"(4.7, 0.0, -4.7)","(0.0, 0.4, 0.0, -0.9)",MINIMAL,walker,normal,restricted,normal,upset,sittingGround,
VOICE_CAPTURE,289843,12/8/2022 2:46:43 PM,c74476ed-d5ee-4318-86e0-fefebe5e32ee,that's fine,NA,
BAG_ACCESS,290680,12/8/2022 2:46:44 PM,c74476ed-d5ee-4318-86e0-fefebe5e32ee,"(4.4, 0.7, -4.0)",
PULSE_TAKEN,293269,12/8/2022 2:46:46 PM,c74476ed-d5ee-4318-86e0-fefebe5e32ee,pulse_normal,Gary_5 Root,
PULSE_TAKEN,295324,12/8/2022 2:46:48 PM,c74476ed-d5ee-4318-86e0-fefebe5e32ee,pulse_normal,Gary_5 Root,
PULSE_TAKEN,296869,12/8/2022 2:46:50 PM,c74476ed-d5ee-4318-86e0-fefebe5e32ee,pulse_normal,Gary_5 Root,
TAG_SELECTED,298913,12/8/2022 2:46:52 PM,c74476ed-d5ee-4318-86e0-fefebe5e32ee,green,
TAG_APPLIED,299910,12/8/2022 2:46:53 PM,c74476ed-d5ee-4318-86e0-fefebe5e32ee,Gary_5 Root,green,
PULSE_TAKEN,299927,12/8/2022 2:46:53 PM,c74476ed-d5ee-4318-86e0-fefebe5e32ee,pulse_normal,Gary_5 Root,
VOICE_CAPTURE,307094,12/8/2022 2:47:00 PM,c74476ed-d5ee-4318-86e0-fefebe5e32ee,yeah,NA,
VOICE_CAPTURE,318691,12/8/2022 2:47:12 PM,c74476ed-d5ee-4318-86e0-fefebe5e32ee,i feel am i supposed to cause i don't hear anything,NA,
VOICE_CAPTURE,322933,12/8/2022 2:47:16 PM,c74476ed-d5ee-4318-86e0-fefebe5e32ee,oh OK,NA,
TAG_SELECTED,324136,12/8/2022 2:47:17 PM,c74476ed-d5ee-4318-86e0-fefebe5e32ee,yellow,
TAG_APPLIED,324904,12/8/2022 2:47:18 PM,c74476ed-d5ee-4318-86e0-fefebe5e32ee,Gary_5 Root,yellow,
VOICE_CAPTURE,328363,12/8/2022 2:47:21 PM,c74476ed-d5ee-4318-86e0-fefebe5e32ee,OK well i'll go ahead and put him here,NA,
PATIENT_ENGAGED,328764,12/8/2022 2:47:22 PM,c74476ed-d5ee-4318-86e0-fefebe5e32ee,100,Infinity,Bob_10 Root,"(3.8, 0.0, -4.3)","(0.0, 0.2, 0.0, -1.0)",MINIMAL,walker,normal,normal,normal,calm,standing,
BAG_CLOSED,332116,12/8/2022 2:47:25 PM,c74476ed-d5ee-4318-86e0-fefebe5e32ee,"(4.4, 0.7, -4.0)",
TELEPORT,332116,12/8/2022 2:47:25 PM,c74476ed-d5ee-4318-86e0-fefebe5e32ee,"(3.8, 0.0, -4.2)",
VOICE_CAPTURE,337527,12/8/2022 2:47:31 PM,c74476ed-d5ee-4318-86e0-fefebe5e32ee,is that i think that's everybody,NA,
TELEPORT,337949,12/8/2022 2:47:31 PM,c74476ed-d5ee-4318-86e0-fefebe5e32ee,"(1.0, 0.0, 3.2)",
VOICE_CAPTURE,339167,12/8/2022 2:47:32 PM,c74476ed-d5ee-4318-86e0-fefebe5e32ee,maybe not,NA,
PATIENT_ENGAGED,340967,12/8/2022 2:47:34 PM,c74476ed-d5ee-4318-86e0-fefebe5e32ee,100,Infinity,Mike_3 Root,"(-1.3, 0.0, 4.2)","(0.0, 0.4, 0.0, 0.9)",IMMEDIATE,waver,fast,fast,normal,agony,sittingGround,
BAG_ACCESS,348487,12/8/2022 2:47:41 PM,c74476ed-d5ee-4318-86e0-fefebe5e32ee,"(-0.7, 0.7, 3.7)",
TAG_SELECTED,350425,12/8/2022 2:47:43 PM,c74476ed-d5ee-4318-86e0-fefebe5e32ee,red,
TAG_APPLIED,351342,12/8/2022 2:47:44 PM,c74476ed-d5ee-4318-86e0-fefebe5e32ee,Mike_3 Root,red,
BAG_CLOSED,357208,12/8/2022 2:47:50 PM,c74476ed-d5ee-4318-86e0-fefebe5e32ee,"(-0.7, 0.7, 3.7)",
TELEPORT,357208,12/8/2022 2:47:50 PM,c74476ed-d5ee-4318-86e0-fefebe5e32ee,"(-1.3, 0.0, 3.6)",
VOICE_CAPTURE,373078,12/8/2022 2:48:06 PM,c74476ed-d5ee-4318-86e0-fefebe5e32ee,i feel like i got everybody,NA,
SESSION_END,377506,12/8/2022 2:48:10 PM,c74476ed-d5ee-4318-86e0-fefebe5e32ee,
VOICE_CAPTURE,378502,12/8/2022 2:48:11 PM,c74476ed-d5ee-4318-86e0-fefebe5e32ee,OK,NA,
PATIENT_ENGAGED,378599,12/8/2022 2:48:12 PM,c74476ed-d5ee-4318-86e0-fefebe5e32ee,100,128,Mike_6 Root,"(3.0, 0.0, 3.4)","(0.0, 0.0, 0.0, 1.0)",IMMEDIATE,still,faint,normal,normal,unresponsive,supine,
PATIENT_ENGAGED,378967,12/8/2022 2:48:12 PM,c74476ed-d5ee-4318-86e0-fefebe5e32ee,100,Infinity,Lily_7 Root,"(2.3, 0.0, 1.8)","(0.0, 1.0, 0.0, 0.0)",DEAD,still,none,none,none,dead,supine,
TELEPORT,383563,12/8/2022 2:48:17 PM,c74476ed-d5ee-4318-86e0-fefebe5e32ee,"(1.6, 0.0, 3.7)",
PATIENT_ENGAGED,387358,12/8/2022 2:48:20 PM,c74476ed-d5ee-4318-86e0-fefebe5e32ee,100,128,Mike_6 Root,"(3.0, 0.0, 3.4)","(0.0, 0.0, 0.0, 1.0)",IMMEDIATE,still,faint,normal,normal,unresponsive,supine,
