VOICE_CAPTURE,6202,12/6/2022 10:07:02 AM,da228f85-7b92-4be9-af7c-09fd0d7cda11,alright so you're back there,NA,
VOICE_CAPTURE,10028,12/6/2022 10:07:05 AM,da228f85-7b92-4be9-af7c-09fd0d7cda11,here's your original guy let me get you back to those four OK,NA,
PATIENT_DEMOTED,13369,12/6/2022 10:07:09 AM,da228f85-7b92-4be9-af7c-09fd0d7cda11,100,Infinity,Mike_0 Root,"(2.6, 0.0, -0.6)","(0.0, 0.7, 0.0, -0.7)",DELAYED,walker,normal,normal,normal,upset,sittingGround,
PATIENT_DEMOTED,14013,12/6/2022 10:07:09 AM,da228f85-7b92-4be9-af7c-09fd0d7cda11,100,Infinity,Mike_1 Root,"(2.6, 0.0, 0.1)","(0.0, 0.7, 0.0, -0.7)",IMMEDIATE,waver,normal,normal,normal,upset,recovery,
PATIENT_DEMOTED,14665,12/6/2022 10:07:10 AM,da228f85-7b92-4be9-af7c-09fd0d7cda11,100,Infinity,Mike_2 Root,"(2.6, 0.0, 2.4)","(0.0, 0.7, 0.0, -0.7)",IMMEDIATE,walker,fast,normal,normal,upset,sittingGround,
PATIENT_DEMOTED,15324,12/6/2022 10:07:11 AM,da228f85-7b92-4be9-af7c-09fd0d7cda11,100,128,Mike_3 Root,"(3.0, 0.0, 4.3)","(0.0, 0.7, 0.0, -0.7)",IMMEDIATE,still,faint,collapsedRight,normal,unresponsive,supine,
SESSION_START,21457,12/6/2022 10:07:17 AM,da228f85-7b92-4be9-af7c-09fd0d7cda11,
PATIENT_RECORD,21457,12/6/2022 10:07:17 AM,da228f85-7b92-4be9-af7c-09fd0d7cda11,100,Infinity,Mike_0 Root,"(2.6, 0.0, -1.4)","(0.0, 0.7, 0.0, -0.7)",DELAYED,walker,normal,normal,normal,upset,sittingGround,
INJURY_RECORD,21457,12/6/2022 10:07:17 AM,da228f85-7b92-4be9-af7c-09fd0d7cda11,R Forearm Laceration,Mike_0 Root,gauzePressure,low,rightArm,False,False,"(2.7, 1.4, -0.9)",
PATIENT_RECORD,21458,12/6/2022 10:07:17 AM,da228f85-7b92-4be9-af7c-09fd0d7cda11,100,Infinity,Mike_1 Root,"(2.9, 0.0, 0.1)","(0.0, 0.7, 0.0, -0.7)",IMMEDIATE,waver,normal,normal,normal,upset,recovery,
INJURY_RECORD,21458,12/6/2022 10:07:17 AM,da228f85-7b92-4be9-af7c-09fd0d7cda11,L Thigh Laceration,Mike_1 Root,tourniquet,medium,leftLeg,False,False,"(2.8, 0.7, -0.1)",
PATIENT_RECORD,21458,12/6/2022 10:07:17 AM,da228f85-7b92-4be9-af7c-09fd0d7cda11,100,Infinity,Mike_2 Root,"(3.1, 0.0, 2.2)","(0.0, 0.7, 0.0, -0.7)",IMMEDIATE,walker,fast,normal,normal,upset,sittingGround,
INJURY_RECORD,21458,12/6/2022 10:07:17 AM,da228f85-7b92-4be9-af7c-09fd0d7cda11,L Shoulder Puncture,Mike_2 Root,woundpack,medium,chest,False,False,"(3.1, 1.4, 2.1)",
PATIENT_RECORD,21458,12/6/2022 10:07:17 AM,da228f85-7b92-4be9-af7c-09fd0d7cda11,100,128,Mike_3 Root,"(3.2, 0.0, 4.3)","(0.0, 0.7, 0.0, -0.7)",IMMEDIATE,still,faint,collapsedRight,normal,unresponsive,supine,
INJURY_RECORD,21458,12/6/2022 10:07:17 AM,da228f85-7b92-4be9-af7c-09fd0d7cda11,R Chest Collapse,Mike_3 Root,decompress,high,chest,False,False,"(0.0, 0.0, 0.0)",
VOICE_CAPTURE,34654,12/6/2022 10:07:30 AM,da228f85-7b92-4be9-af7c-09fd0d7cda11,OK if you can hear my voice i need you to walk over here OK if you can walk walk over here,NA,
VOICE_COMMAND,34654,12/6/2022 10:07:30 AM,da228f85-7b92-4be9-af7c-09fd0d7cda11,walk to the safe area,OK if you can hear my voice i need you to walk over here OK if you can walk walk over here,
S_A_L_T_WALK_IF_CAN,34656,12/6/2022 10:07:30 AM,da228f85-7b92-4be9-af7c-09fd0d7cda11,"(2.6, 0.0, -1.4)",walkIfCan,Mike_0 Root,
S_A_L_T_WALKED,34656,12/6/2022 10:07:30 AM,da228f85-7b92-4be9-af7c-09fd0d7cda11,"(2.6, 0.0, -1.4)",walked,Mike_0 Root,
S_A_L_T_WALK_IF_CAN,34657,12/6/2022 10:07:30 AM,da228f85-7b92-4be9-af7c-09fd0d7cda11,"(2.9, 0.0, 0.1)",walkIfCan,Mike_1 Root,
S_A_L_T_WALK_IF_CAN,34657,12/6/2022 10:07:30 AM,da228f85-7b92-4be9-af7c-09fd0d7cda11,"(3.1, 0.0, 2.2)",walkIfCan,Mike_2 Root,
S_A_L_T_WALKED,34657,12/6/2022 10:07:30 AM,da228f85-7b92-4be9-af7c-09fd0d7cda11,"(3.1, 0.0, 2.2)",walked,Mike_2 Root,
TELEPORT,48772,12/6/2022 10:07:44 AM,da228f85-7b92-4be9-af7c-09fd0d7cda11,"(0.8, 0.0, -3.4)",
VOICE_CAPTURE,50425,12/6/2022 10:07:46 AM,da228f85-7b92-4be9-af7c-09fd0d7cda11,alright so i'll have somebody tag them or take your triage them oh i can't walk here we go,NA,
VOICE_COMMAND,50425,12/6/2022 10:07:46 AM,da228f85-7b92-4be9-af7c-09fd0d7cda11,walk to the safe area,alright so i'll have somebody tag them or take your triage them oh i can't walk here we go,
S_A_L_T_WALK_IF_CAN,50425,12/6/2022 10:07:46 AM,da228f85-7b92-4be9-af7c-09fd0d7cda11,"(5.2, 0.0, -3.6)",walkIfCan,Mike_0 Root,
S_A_L_T_WALKED,50425,12/6/2022 10:07:46 AM,da228f85-7b92-4be9-af7c-09fd0d7cda11,"(5.2, 0.0, -3.6)",walked,Mike_0 Root,
S_A_L_T_WALK_IF_CAN,50425,12/6/2022 10:07:46 AM,da228f85-7b92-4be9-af7c-09fd0d7cda11,"(2.9, 0.0, 0.1)",walkIfCan,Mike_1 Root,
S_A_L_T_WALK_IF_CAN,50426,12/6/2022 10:07:46 AM,da228f85-7b92-4be9-af7c-09fd0d7cda11,"(4.8, 0.0, -1.1)",walkIfCan,Mike_2 Root,
S_A_L_T_WALKED,50426,12/6/2022 10:07:46 AM,da228f85-7b92-4be9-af7c-09fd0d7cda11,"(4.8, 0.0, -1.1)",walked,Mike_2 Root,
VOICE_CAPTURE,53216,12/6/2022 10:07:49 AM,da228f85-7b92-4be9-af7c-09fd0d7cda11,swag over here,NA,
PATIENT_ENGAGED,57518,12/6/2022 10:07:53 AM,da228f85-7b92-4be9-af7c-09fd0d7cda11,100,Infinity,Mike_1 Root,"(2.9, 0.0, 0.1)","(0.0, 0.7, 0.0, -0.7)",IMMEDIATE,waver,normal,normal,normal,upset,recovery,
VOICE_CAPTURE,63188,12/6/2022 10:07:59 AM,da228f85-7b92-4be9-af7c-09fd0d7cda11,yeah buddy i'm here to help you my name is jeff what's your name,NA,
VOICE_COMMAND,63188,12/6/2022 10:07:59 AM,da228f85-7b92-4be9-af7c-09fd0d7cda11,what is your name,yeah buddy i'm here to help you my name is jeff what's your name,
BAG_ACCESS,64011,12/6/2022 10:07:59 AM,da228f85-7b92-4be9-af7c-09fd0d7cda11,"(2.5, 0.5, 0.6)",
TOOL_HOVER,66238,12/6/2022 10:08:02 AM,da228f85-7b92-4be9-af7c-09fd0d7cda11,Gauze,999,
TOOL_HOVER,66255,12/6/2022 10:08:02 AM,da228f85-7b92-4be9-af7c-09fd0d7cda11,Gauze,999,
TOOL_HOVER,66273,12/6/2022 10:08:02 AM,da228f85-7b92-4be9-af7c-09fd0d7cda11,Gauze,999,
TOOL_HOVER,66290,12/6/2022 10:08:02 AM,da228f85-7b92-4be9-af7c-09fd0d7cda11,Gauze,999,
TOOL_HOVER,66308,12/6/2022 10:08:02 AM,da228f85-7b92-4be9-af7c-09fd0d7cda11,Gauze,999,
TOOL_HOVER,66324,12/6/2022 10:08:02 AM,da228f85-7b92-4be9-af7c-09fd0d7cda11,Gauze,999,
TOOL_HOVER,66341,12/6/2022 10:08:02 AM,da228f85-7b92-4be9-af7c-09fd0d7cda11,Tourniquet,999,
TOOL_HOVER,66359,12/6/2022 10:08:02 AM,da228f85-7b92-4be9-af7c-09fd0d7cda11,Tourniquet,999,
TOOL_HOVER,66378,12/6/2022 10:08:02 AM,da228f85-7b92-4be9-af7c-09fd0d7cda11,Tourniquet,999,
TOOL_HOVER,66396,12/6/2022 10:08:02 AM,da228f85-7b92-4be9-af7c-09fd0d7cda11,Tourniquet,999,
TOOL_HOVER,66414,12/6/2022 10:08:02 AM,da228f85-7b92-4be9-af7c-09fd0d7cda11,Tourniquet,999,
TOOL_HOVER,66433,12/6/2022 10:08:02 AM,da228f85-7b92-4be9-af7c-09fd0d7cda11,Tourniquet,999,
TOOL_HOVER,66450,12/6/2022 10:08:02 AM,da228f85-7b92-4be9-af7c-09fd0d7cda11,Tourniquet,999,
TOOL_HOVER,66468,12/6/2022 10:08:02 AM,da228f85-7b92-4be9-af7c-09fd0d7cda11,Tourniquet,999,
TOOL_HOVER,66486,12/6/2022 10:08:02 AM,da228f85-7b92-4be9-af7c-09fd0d7cda11,Tourniquet,999,
TOOL_HOVER,66505,12/6/2022 10:08:02 AM,da228f85-7b92-4be9-af7c-09fd0d7cda11,Tourniquet,999,
TOOL_HOVER,66522,12/6/2022 10:08:02 AM,da228f85-7b92-4be9-af7c-09fd0d7cda11,Tourniquet,999,
TOOL_HOVER,66540,12/6/2022 10:08:02 AM,da228f85-7b92-4be9-af7c-09fd0d7cda11,Tourniquet,999,
TOOL_HOVER,66557,12/6/2022 10:08:02 AM,da228f85-7b92-4be9-af7c-09fd0d7cda11,Tourniquet,999,
TOOL_HOVER,66574,12/6/2022 10:08:02 AM,da228f85-7b92-4be9-af7c-09fd0d7cda11,Tourniquet,999,
TOOL_HOVER,66591,12/6/2022 10:08:02 AM,da228f85-7b92-4be9-af7c-09fd0d7cda11,Tourniquet,999,
TOOL_HOVER,66609,12/6/2022 10:08:02 AM,da228f85-7b92-4be9-af7c-09fd0d7cda11,Tourniquet,999,
TOOL_HOVER,66628,12/6/2022 10:08:02 AM,da228f85-7b92-4be9-af7c-09fd0d7cda11,Tourniquet,999,
TOOL_HOVER,66647,12/6/2022 10:08:02 AM,da228f85-7b92-4be9-af7c-09fd0d7cda11,Tourniquet,999,
TOOL_HOVER,66666,12/6/2022 10:08:02 AM,da228f85-7b92-4be9-af7c-09fd0d7cda11,Tourniquet,999,
TOOL_HOVER,66684,12/6/2022 10:08:02 AM,da228f85-7b92-4be9-af7c-09fd0d7cda11,Tourniquet,999,
TOOL_HOVER,66702,12/6/2022 10:08:02 AM,da228f85-7b92-4be9-af7c-09fd0d7cda11,Tourniquet,999,
TOOL_HOVER,66719,12/6/2022 10:08:02 AM,da228f85-7b92-4be9-af7c-09fd0d7cda11,Tourniquet,999,
TOOL_HOVER,66738,12/6/2022 10:08:02 AM,da228f85-7b92-4be9-af7c-09fd0d7cda11,Tourniquet,999,
TOOL_HOVER,66756,12/6/2022 10:08:02 AM,da228f85-7b92-4be9-af7c-09fd0d7cda11,Tourniquet,999,
TOOL_HOVER,66773,12/6/2022 10:08:02 AM,da228f85-7b92-4be9-af7c-09fd0d7cda11,Tourniquet,999,
TOOL_HOVER,66790,12/6/2022 10:08:02 AM,da228f85-7b92-4be9-af7c-09fd0d7cda11,Tourniquet,999,
TOOL_HOVER,66807,12/6/2022 10:08:02 AM,da228f85-7b92-4be9-af7c-09fd0d7cda11,Tourniquet,999,
TOOL_SELECTED,66810,12/6/2022 10:08:02 AM,da228f85-7b92-4be9-af7c-09fd0d7cda11,Tourniquet,998,
VOICE_CAPTURE,68152,12/6/2022 10:08:03 AM,da228f85-7b92-4be9-af7c-09fd0d7cda11,hi michael,NA,
INJURY_TREATED,69774,12/6/2022 10:08:05 AM,da228f85-7b92-4be9-af7c-09fd0d7cda11,L Thigh Laceration,Mike_1 Root,tourniquet,medium,leftLeg,True,False,"(2.8, 0.3, 0.3)",
TOOL_APPLIED,69774,12/6/2022 10:08:05 AM,da228f85-7b92-4be9-af7c-09fd0d7cda11,Mike_1 Root,Tourniquet,LeftUpLeg (UnityEngine.GameObject),tor_ring (1) (UnityEngine.GameObject),tourniquet(Clone) (UnityEngine.GameObject),AppliedTourniquet,
PULSE_TAKEN,71826,12/6/2022 10:08:07 AM,da228f85-7b92-4be9-af7c-09fd0d7cda11,pulse_normal,Mike_1 Root,
VOICE_CAPTURE,71926,12/6/2022 10:08:07 AM,da228f85-7b92-4be9-af7c-09fd0d7cda11,alright looks like you,NA,
VOICE_CAPTURE,74871,12/6/2022 10:08:10 AM,da228f85-7b92-4be9-af7c-09fd0d7cda11,have some bleeding here,NA,
VOICE_CAPTURE,78711,12/6/2022 10:08:14 AM,da228f85-7b92-4be9-af7c-09fd0d7cda11,or take care of that alright you know where you're at,NA,
BAG_CLOSED,86765,12/6/2022 10:08:22 AM,da228f85-7b92-4be9-af7c-09fd0d7cda11,"(2.5, 0.5, 0.6)",
VOICE_CAPTURE,89052,12/6/2022 10:08:24 AM,da228f85-7b92-4be9-af7c-09fd0d7cda11,OK well tell you what we got help coming i'm gonna go over and check out this guy OK you hang in there,NA,
TELEPORT,89102,12/6/2022 10:08:24 AM,da228f85-7b92-4be9-af7c-09fd0d7cda11,"(2.6, 0.0, 0.3)",
PATIENT_ENGAGED,95910,12/6/2022 10:08:31 AM,da228f85-7b92-4be9-af7c-09fd0d7cda11,100,128,Mike_3 Root,"(3.2, 0.0, 4.3)","(0.0, 0.7, 0.0, -0.7)",IMMEDIATE,still,faint,collapsedRight,normal,unresponsive,supine,
VOICE_CAPTURE,101407,12/6/2022 10:08:37 AM,da228f85-7b92-4be9-af7c-09fd0d7cda11,hey buddy hey,NA,
PULSE_TAKEN,105916,12/6/2022 10:08:41 AM,da228f85-7b92-4be9-af7c-09fd0d7cda11,pulse_faint,Mike_3 Root,
PULSE_TAKEN,105968,12/6/2022 10:08:41 AM,da228f85-7b92-4be9-af7c-09fd0d7cda11,pulse_faint,Mike_3 Root,
VOICE_CAPTURE,109709,12/6/2022 10:08:45 AM,da228f85-7b92-4be9-af7c-09fd0d7cda11,think it's snoring respirations or open the airway a little bit,NA,
VOICE_CAPTURE,112885,12/6/2022 10:08:48 AM,da228f85-7b92-4be9-af7c-09fd0d7cda11,alright hey,NA,
VOICE_CAPTURE,115741,12/6/2022 10:08:51 AM,da228f85-7b92-4be9-af7c-09fd0d7cda11,hey what's your name can you hear me,NA,
VOICE_COMMAND,115741,12/6/2022 10:08:51 AM,da228f85-7b92-4be9-af7c-09fd0d7cda11,what is your name,hey what's your name can you hear me,
VOICE_COMMAND,115741,12/6/2022 10:08:51 AM,da228f85-7b92-4be9-af7c-09fd0d7cda11,can you hear,hey what's your name can you hear me,
VOICE_CAPTURE,121557,12/6/2022 10:08:57 AM,da228f85-7b92-4be9-af7c-09fd0d7cda11,is it are those respirations or,NA,
BAG_ACCESS,125366,12/6/2022 10:09:01 AM,da228f85-7b92-4be9-af7c-09fd0d7cda11,"(4.0, 0.4, 4.8)",
VOICE_CAPTURE,126618,12/6/2022 10:09:02 AM,da228f85-7b92-4be9-af7c-09fd0d7cda11,where's my bag,NA,
VOICE_CAPTURE,128739,12/6/2022 10:09:04 AM,da228f85-7b92-4be9-af7c-09fd0d7cda11,there it is,NA,
PULSE_TAKEN,130811,12/6/2022 10:09:06 AM,da228f85-7b92-4be9-af7c-09fd0d7cda11,pulse_faint,Mike_3 Root,
PULSE_TAKEN,133367,12/6/2022 10:09:09 AM,da228f85-7b92-4be9-af7c-09fd0d7cda11,pulse_faint,Mike_3 Root,
VOICE_CAPTURE,134052,12/6/2022 10:09:09 AM,da228f85-7b92-4be9-af7c-09fd0d7cda11,alright i don't have an airway check for a pulse,NA,
PULSE_TAKEN,136242,12/6/2022 10:09:12 AM,da228f85-7b92-4be9-af7c-09fd0d7cda11,pulse_faint,Mike_3 Root,
PULSE_TAKEN,137127,12/6/2022 10:09:12 AM,da228f85-7b92-4be9-af7c-09fd0d7cda11,pulse_faint,Mike_3 Root,
PULSE_TAKEN,138997,12/6/2022 10:09:14 AM,da228f85-7b92-4be9-af7c-09fd0d7cda11,pulse_faint,Mike_3 Root,
PULSE_TAKEN,139700,12/6/2022 10:09:15 AM,da228f85-7b92-4be9-af7c-09fd0d7cda11,pulse_faint,Mike_3 Root,
PULSE_TAKEN,141588,12/6/2022 10:09:17 AM,da228f85-7b92-4be9-af7c-09fd0d7cda11,pulse_faint,Mike_3 Root,
TAG_SELECTED,145698,12/6/2022 10:09:21 AM,da228f85-7b92-4be9-af7c-09fd0d7cda11,red,
VOICE_CAPTURE,146383,12/6/2022 10:09:22 AM,da228f85-7b92-4be9-af7c-09fd0d7cda11,rap,NA,
TAG_APPLIED,147720,12/6/2022 10:09:23 AM,da228f85-7b92-4be9-af7c-09fd0d7cda11,Mike_3 Root,red,
VOICE_CAPTURE,155153,12/6/2022 10:09:30 AM,da228f85-7b92-4be9-af7c-09fd0d7cda11,media transport OK,NA,
VOICE_CAPTURE,156239,12/6/2022 10:09:32 AM,da228f85-7b92-4be9-af7c-09fd0d7cda11,open the airway,NA,
PULSE_TAKEN,156925,12/6/2022 10:09:32 AM,da228f85-7b92-4be9-af7c-09fd0d7cda11,pulse_faint,Mike_3 Root,
PULSE_TAKEN,157076,12/6/2022 10:09:32 AM,da228f85-7b92-4be9-af7c-09fd0d7cda11,pulse_faint,Mike_3 Root,
VOICE_CAPTURE,160065,12/6/2022 10:09:35 AM,da228f85-7b92-4be9-af7c-09fd0d7cda11,do primary survey,NA,
TOOL_HOVER,164247,12/6/2022 10:09:40 AM,da228f85-7b92-4be9-af7c-09fd0d7cda11,Needle,999,
TOOL_HOVER,164259,12/6/2022 10:09:40 AM,da228f85-7b92-4be9-af7c-09fd0d7cda11,Needle,999,
TOOL_HOVER,164277,12/6/2022 10:09:40 AM,da228f85-7b92-4be9-af7c-09fd0d7cda11,Needle,999,
TOOL_HOVER,164293,12/6/2022 10:09:40 AM,da228f85-7b92-4be9-af7c-09fd0d7cda11,Needle,999,
TOOL_HOVER,164310,12/6/2022 10:09:40 AM,da228f85-7b92-4be9-af7c-09fd0d7cda11,Needle,999,
TOOL_HOVER,164327,12/6/2022 10:09:40 AM,da228f85-7b92-4be9-af7c-09fd0d7cda11,Needle,999,
TOOL_HOVER,164344,12/6/2022 10:09:40 AM,da228f85-7b92-4be9-af7c-09fd0d7cda11,Needle,999,
TOOL_HOVER,164361,12/6/2022 10:09:40 AM,da228f85-7b92-4be9-af7c-09fd0d7cda11,Needle,999,
TOOL_HOVER,164377,12/6/2022 10:09:40 AM,da228f85-7b92-4be9-af7c-09fd0d7cda11,Needle,999,
TOOL_HOVER,164394,12/6/2022 10:09:40 AM,da228f85-7b92-4be9-af7c-09fd0d7cda11,Needle,999,
TOOL_HOVER,164410,12/6/2022 10:09:40 AM,da228f85-7b92-4be9-af7c-09fd0d7cda11,Needle,999,
TOOL_HOVER,164426,12/6/2022 10:09:40 AM,da228f85-7b92-4be9-af7c-09fd0d7cda11,Needle,999,
TOOL_HOVER,164444,12/6/2022 10:09:40 AM,da228f85-7b92-4be9-af7c-09fd0d7cda11,Needle,999,
TOOL_HOVER,164460,12/6/2022 10:09:40 AM,da228f85-7b92-4be9-af7c-09fd0d7cda11,Needle,999,
TOOL_HOVER,164477,12/6/2022 10:09:40 AM,da228f85-7b92-4be9-af7c-09fd0d7cda11,Needle,999,
TOOL_HOVER,164493,12/6/2022 10:09:40 AM,da228f85-7b92-4be9-af7c-09fd0d7cda11,Needle,999,
TOOL_HOVER,164513,12/6/2022 10:09:40 AM,da228f85-7b92-4be9-af7c-09fd0d7cda11,Needle,999,
TOOL_HOVER,164526,12/6/2022 10:09:40 AM,da228f85-7b92-4be9-af7c-09fd0d7cda11,Needle,999,
TOOL_HOVER,164543,12/6/2022 10:09:40 AM,da228f85-7b92-4be9-af7c-09fd0d7cda11,Needle,999,
TOOL_HOVER,164562,12/6/2022 10:09:40 AM,da228f85-7b92-4be9-af7c-09fd0d7cda11,Needle,999,
TOOL_HOVER,164577,12/6/2022 10:09:40 AM,da228f85-7b92-4be9-af7c-09fd0d7cda11,Needle,999,
TOOL_HOVER,164594,12/6/2022 10:09:40 AM,da228f85-7b92-4be9-af7c-09fd0d7cda11,Needle,999,
TOOL_SELECTED,164595,12/6/2022 10:09:40 AM,da228f85-7b92-4be9-af7c-09fd0d7cda11,Needle,998,
VOICE_CAPTURE,171176,12/6/2022 10:09:46 AM,da228f85-7b92-4be9-af7c-09fd0d7cda11,no bleeding OK yeah OK listen to the lungs see which one or,NA,
VOICE_CAPTURE,181533,12/6/2022 10:09:57 AM,da228f85-7b92-4be9-af7c-09fd0d7cda11,yeah OK find my landmark,NA,
INJURY_TREATED,182090,12/6/2022 10:09:57 AM,da228f85-7b92-4be9-af7c-09fd0d7cda11,R Chest Collapse,Mike_3 Root,decompress,high,chest,True,False,"(0.0, 0.0, 0.0)",
TOOL_APPLIED,182090,12/6/2022 10:09:57 AM,da228f85-7b92-4be9-af7c-09fd0d7cda11,Needle_Decomp(Clone),Needle,RChest_Breathe1 (UnityEngine.GameObject),cath_needle (UnityEngine.GameObject),right_chest,Needle_Decomp(Clone) (UnityEngine.GameObject),AppliedDecompNeedle,
VOICE_CAPTURE,188652,12/6/2022 10:10:04 AM,da228f85-7b92-4be9-af7c-09fd0d7cda11,hey yeah it expanded,NA,
VOICE_CAPTURE,190673,12/6/2022 10:10:06 AM,da228f85-7b92-4be9-af7c-09fd0d7cda11,nice,NA,
BAG_CLOSED,199898,12/6/2022 10:10:15 AM,da228f85-7b92-4be9-af7c-09fd0d7cda11,"(4.0, 0.4, 4.8)",
TELEPORT,202151,12/6/2022 10:10:17 AM,da228f85-7b92-4be9-af7c-09fd0d7cda11,"(4.1, 0.0, 3.1)",
VOICE_CAPTURE,203154,12/6/2022 10:10:18 AM,da228f85-7b92-4be9-af7c-09fd0d7cda11,alright immediate respirations make sure the airways open and that's it right oh we gotta go over and take care of these guys,NA,
VOICE_CAPTURE,209903,12/6/2022 10:10:25 AM,da228f85-7b92-4be9-af7c-09fd0d7cda11,uh huh,NA,
VOICE_CAPTURE,217036,12/6/2022 10:10:32 AM,da228f85-7b92-4be9-af7c-09fd0d7cda11,yeah yeah,NA,
VOICE_CAPTURE,221715,12/6/2022 10:10:37 AM,da228f85-7b92-4be9-af7c-09fd0d7cda11,OK OK oh,NA,
VOICE_CAPTURE,223344,12/6/2022 10:10:39 AM,da228f85-7b92-4be9-af7c-09fd0d7cda11,alright,NA,
TELEPORT,225015,12/6/2022 10:10:40 AM,da228f85-7b92-4be9-af7c-09fd0d7cda11,"(4.0, 0.0, 3.1)",
VOICE_CAPTURE,229496,12/6/2022 10:10:45 AM,da228f85-7b92-4be9-af7c-09fd0d7cda11,alright so let me go over and see these guys,NA,
PATIENT_ENGAGED,230336,12/6/2022 10:10:46 AM,da228f85-7b92-4be9-af7c-09fd0d7cda11,100,Infinity,Mike_2 Root,"(4.8, 0.0, -1.1)","(0.0, -0.7, 0.0, 0.7)",IMMEDIATE,walker,fast,normal,normal,upset,sittingChair,
BAG_ACCESS,234846,12/6/2022 10:10:50 AM,da228f85-7b92-4be9-af7c-09fd0d7cda11,"(4.5, 0.7, -1.6)",
VOICE_CAPTURE,235991,12/6/2022 10:10:51 AM,da228f85-7b92-4be9-af7c-09fd0d7cda11,hey buddy,NA,
TOOL_HOVER,236342,12/6/2022 10:10:52 AM,da228f85-7b92-4be9-af7c-09fd0d7cda11,Hemostatic Gauze,999,
TOOL_HOVER,236359,12/6/2022 10:10:52 AM,da228f85-7b92-4be9-af7c-09fd0d7cda11,Hemostatic Gauze,999,
TOOL_HOVER,236375,12/6/2022 10:10:52 AM,da228f85-7b92-4be9-af7c-09fd0d7cda11,Hemostatic Gauze,999,
TOOL_HOVER,236393,12/6/2022 10:10:52 AM,da228f85-7b92-4be9-af7c-09fd0d7cda11,Hemostatic Gauze,999,
TOOL_HOVER,236408,12/6/2022 10:10:52 AM,da228f85-7b92-4be9-af7c-09fd0d7cda11,Hemostatic Gauze,999,
TOOL_SELECTED,236410,12/6/2022 10:10:52 AM,da228f85-7b92-4be9-af7c-09fd0d7cda11,Hemostatic Gauze,998,
TOOL_DISCARDED,239416,12/6/2022 10:10:55 AM,da228f85-7b92-4be9-af7c-09fd0d7cda11,Hemostatic Gauze,998,"(5.1, 1.1, -1.4)",
INJURY_TREATED,239417,12/6/2022 10:10:55 AM,da228f85-7b92-4be9-af7c-09fd0d7cda11,L Shoulder Puncture,Mike_2 Root,woundpack,medium,chest,True,False,"(5.1, 1.0, -1.4)",
TOOL_APPLIED,239417,12/6/2022 10:10:55 AM,da228f85-7b92-4be9-af7c-09fd0d7cda11,Mike_2 Root,Gauze_Pack,skinCollider_BodyCollideLOD (UnityEngine.GameObject),null,null,AppliedPackingGauze,
VOICE_CAPTURE,240602,12/6/2022 10:10:56 AM,da228f85-7b92-4be9-af7c-09fd0d7cda11,my name is jeff let me get a bandage on that OK,NA,
TOOL_HOVER,242641,12/6/2022 10:10:58 AM,da228f85-7b92-4be9-af7c-09fd0d7cda11,Gauze,999,
TOOL_HOVER,242657,12/6/2022 10:10:58 AM,da228f85-7b92-4be9-af7c-09fd0d7cda11,Gauze,999,
TOOL_HOVER,242674,12/6/2022 10:10:58 AM,da228f85-7b92-4be9-af7c-09fd0d7cda11,Gauze,999,
TOOL_HOVER,242691,12/6/2022 10:10:58 AM,da228f85-7b92-4be9-af7c-09fd0d7cda11,Gauze,999,
TOOL_HOVER,242707,12/6/2022 10:10:58 AM,da228f85-7b92-4be9-af7c-09fd0d7cda11,Gauze,999,
TOOL_HOVER,242724,12/6/2022 10:10:58 AM,da228f85-7b92-4be9-af7c-09fd0d7cda11,Gauze,999,
VOICE_CAPTURE,246317,12/6/2022 10:11:02 AM,da228f85-7b92-4be9-af7c-09fd0d7cda11,alright get that bleeding under control,NA,
VOICE_CAPTURE,249441,12/6/2022 10:11:05 AM,da228f85-7b92-4be9-af7c-09fd0d7cda11,and do you know where you're at,NA,
VOICE_CAPTURE,251646,12/6/2022 10:11:07 AM,da228f85-7b92-4be9-af7c-09fd0d7cda11,what's your name,NA,
VOICE_COMMAND,251646,12/6/2022 10:11:07 AM,da228f85-7b92-4be9-af7c-09fd0d7cda11,what is your name,what's your name,
PULSE_TAKEN,255706,12/6/2022 10:11:11 AM,da228f85-7b92-4be9-af7c-09fd0d7cda11,pulse_fast,Mike_2 Root,
PULSE_TAKEN,257428,12/6/2022 10:11:13 AM,da228f85-7b92-4be9-af7c-09fd0d7cda11,pulse_fast,Mike_2 Root,
PULSE_TAKEN,258913,12/6/2022 10:11:14 AM,da228f85-7b92-4be9-af7c-09fd0d7cda11,pulse_fast,Mike_2 Root,
PULSE_TAKEN,260083,12/6/2022 10:11:15 AM,da228f85-7b92-4be9-af7c-09fd0d7cda11,pulse_fast,Mike_2 Root,
VOICE_CAPTURE,260767,12/6/2022 10:11:16 AM,da228f85-7b92-4be9-af7c-09fd0d7cda11,hi michael OK let me let me check your pulse OK,NA,
PULSE_TAKEN,261002,12/6/2022 10:11:16 AM,da228f85-7b92-4be9-af7c-09fd0d7cda11,pulse_fast,Mike_2 Root,
PULSE_TAKEN,261386,12/6/2022 10:11:17 AM,da228f85-7b92-4be9-af7c-09fd0d7cda11,pulse_fast,Mike_2 Root,
PULSE_TAKEN,262572,12/6/2022 10:11:18 AM,da228f85-7b92-4be9-af7c-09fd0d7cda11,pulse_fast,Mike_2 Root,
VOICE_CAPTURE,265747,12/6/2022 10:11:21 AM,da228f85-7b92-4be9-af7c-09fd0d7cda11,alright michael,NA,
TAG_SELECTED,267401,12/6/2022 10:11:23 AM,da228f85-7b92-4be9-af7c-09fd0d7cda11,red,
VOICE_CAPTURE,268034,12/6/2022 10:11:23 AM,da228f85-7b92-4be9-af7c-09fd0d7cda11,hey we got help coming alright,NA,
TAG_APPLIED,270024,12/6/2022 10:11:25 AM,da228f85-7b92-4be9-af7c-09fd0d7cda11,Mike_2 Root,red,
BAG_CLOSED,275772,12/6/2022 10:11:31 AM,da228f85-7b92-4be9-af7c-09fd0d7cda11,"(4.5, 0.7, -1.6)",
TELEPORT,275772,12/6/2022 10:11:31 AM,da228f85-7b92-4be9-af7c-09fd0d7cda11,"(4.1, 0.0, -0.7)",
VOICE_CAPTURE,277559,12/6/2022 10:11:33 AM,da228f85-7b92-4be9-af7c-09fd0d7cda11,here we go got a little tag for you hang in there i'm gonna go check this guy out,NA,
PATIENT_ENGAGED,279830,12/6/2022 10:11:35 AM,da228f85-7b92-4be9-af7c-09fd0d7cda11,100,Infinity,Mike_0 Root,"(5.5, 0.0, -3.8)","(0.0, 0.6, 0.0, -0.8)",DELAYED,walker,normal,normal,normal,upset,sittingGround,
TELEPORT,280466,12/6/2022 10:11:36 AM,da228f85-7b92-4be9-af7c-09fd0d7cda11,"(4.5, 0.0, -2.9)",
BAG_ACCESS,283507,12/6/2022 10:11:39 AM,da228f85-7b92-4be9-af7c-09fd0d7cda11,"(4.8, 0.7, -4.0)",
VOICE_CAPTURE,285761,12/6/2022 10:11:41 AM,da228f85-7b92-4be9-af7c-09fd0d7cda11,alright,NA,
PULSE_TAKEN,289421,12/6/2022 10:11:45 AM,da228f85-7b92-4be9-af7c-09fd0d7cda11,pulse_normal,Mike_0 Root,
VOICE_CAPTURE,289755,12/6/2022 10:11:45 AM,da228f85-7b92-4be9-af7c-09fd0d7cda11,hey buddy my name is jeff what's your name,NA,
VOICE_COMMAND,289755,12/6/2022 10:11:45 AM,da228f85-7b92-4be9-af7c-09fd0d7cda11,what is your name,hey buddy my name is jeff what's your name,
VOICE_CAPTURE,292695,12/6/2022 10:11:48 AM,da228f85-7b92-4be9-af7c-09fd0d7cda11,what's your name dude,NA,
VOICE_COMMAND,292695,12/6/2022 10:11:48 AM,da228f85-7b92-4be9-af7c-09fd0d7cda11,what is your name,what's your name dude,
PULSE_TAKEN,295318,12/6/2022 10:11:51 AM,da228f85-7b92-4be9-af7c-09fd0d7cda11,pulse_normal,Mike_0 Root,
TOOL_HOVER,297741,12/6/2022 10:11:53 AM,da228f85-7b92-4be9-af7c-09fd0d7cda11,Tourniquet,998,
TOOL_HOVER,297758,12/6/2022 10:11:53 AM,da228f85-7b92-4be9-af7c-09fd0d7cda11,Tourniquet,998,
TOOL_HOVER,297775,12/6/2022 10:11:53 AM,da228f85-7b92-4be9-af7c-09fd0d7cda11,Tourniquet,998,
TOOL_HOVER,297790,12/6/2022 10:11:53 AM,da228f85-7b92-4be9-af7c-09fd0d7cda11,Tourniquet,998,
TOOL_HOVER,297808,12/6/2022 10:11:53 AM,da228f85-7b92-4be9-af7c-09fd0d7cda11,Tourniquet,998,
TOOL_HOVER,297825,12/6/2022 10:11:53 AM,da228f85-7b92-4be9-af7c-09fd0d7cda11,Tourniquet,998,
TOOL_HOVER,297841,12/6/2022 10:11:53 AM,da228f85-7b92-4be9-af7c-09fd0d7cda11,Tourniquet,998,
TOOL_HOVER,297858,12/6/2022 10:11:53 AM,da228f85-7b92-4be9-af7c-09fd0d7cda11,Tourniquet,998,
TOOL_HOVER,297875,12/6/2022 10:11:53 AM,da228f85-7b92-4be9-af7c-09fd0d7cda11,Tourniquet,998,
TOOL_HOVER,297893,12/6/2022 10:11:53 AM,da228f85-7b92-4be9-af7c-09fd0d7cda11,Tourniquet,998,
TOOL_HOVER,297908,12/6/2022 10:11:53 AM,da228f85-7b92-4be9-af7c-09fd0d7cda11,Tourniquet,998,
TOOL_HOVER,297925,12/6/2022 10:11:53 AM,da228f85-7b92-4be9-af7c-09fd0d7cda11,Tourniquet,998,
VOICE_CAPTURE,298542,12/6/2022 10:11:54 AM,da228f85-7b92-4be9-af7c-09fd0d7cda11,hi michael hey let me take a look at your leg OK can you lay down,NA,
VOICE_COMMAND,298542,12/6/2022 10:11:54 AM,da228f85-7b92-4be9-af7c-09fd0d7cda11,lay down,hi michael hey let me take a look at your leg OK can you lay down,
VOICE_CAPTURE,303104,12/6/2022 10:11:58 AM,da228f85-7b92-4be9-af7c-09fd0d7cda11,alright,NA,
VOICE_CAPTURE,304457,12/6/2022 10:12:00 AM,da228f85-7b92-4be9-af7c-09fd0d7cda11,OK,NA,
VOICE_CAPTURE,311640,12/6/2022 10:12:07 AM,da228f85-7b92-4be9-af7c-09fd0d7cda11,OK,NA,
VOICE_CAPTURE,317605,12/6/2022 10:12:13 AM,da228f85-7b92-4be9-af7c-09fd0d7cda11,OK,NA,
VOICE_CAPTURE,321749,12/6/2022 10:12:17 AM,da228f85-7b92-4be9-af7c-09fd0d7cda11,set up michael can you set up,NA,
VOICE_CAPTURE,333244,12/6/2022 10:12:29 AM,da228f85-7b92-4be9-af7c-09fd0d7cda11,set up michael sit up,NA,
VOICE_COMMAND,333244,12/6/2022 10:12:29 AM,da228f85-7b92-4be9-af7c-09fd0d7cda11,sit up/down,set up michael sit up,
PULSE_TAKEN,336501,12/6/2022 10:12:32 AM,da228f85-7b92-4be9-af7c-09fd0d7cda11,pulse_normal,Mike_0 Root,
PULSE_TAKEN,338857,12/6/2022 10:12:34 AM,da228f85-7b92-4be9-af7c-09fd0d7cda11,pulse_normal,Mike_0 Root,
PULSE_TAKEN,341848,12/6/2022 10:12:37 AM,da228f85-7b92-4be9-af7c-09fd0d7cda11,pulse_normal,Mike_0 Root,
PULSE_TAKEN,342234,12/6/2022 10:12:38 AM,da228f85-7b92-4be9-af7c-09fd0d7cda11,pulse_normal,Mike_0 Root,
PULSE_TAKEN,342365,12/6/2022 10:12:38 AM,da228f85-7b92-4be9-af7c-09fd0d7cda11,pulse_normal,Mike_0 Root,
VOICE_CAPTURE,342600,12/6/2022 10:12:38 AM,da228f85-7b92-4be9-af7c-09fd0d7cda11,alright so why are you holding your arms your arm hurt let me take a look at it,NA,
VOICE_COMMAND,342600,12/6/2022 10:12:38 AM,da228f85-7b92-4be9-af7c-09fd0d7cda11,are you hurt,alright so why are you holding your arms your arm hurt let me take a look at it,
PULSE_TAKEN,345423,12/6/2022 10:12:41 AM,da228f85-7b92-4be9-af7c-09fd0d7cda11,pulse_normal,Mike_0 Root,
VOICE_CAPTURE,350920,12/6/2022 10:12:46 AM,da228f85-7b92-4be9-af7c-09fd0d7cda11,OK looks like you have a a laceration it's not bleeding right now OK we got help coming,NA,
VOICE_CAPTURE,353225,12/6/2022 10:12:49 AM,da228f85-7b92-4be9-af7c-09fd0d7cda11,alright how do you feel,NA,
TOOL_HOVER,359845,12/6/2022 10:12:55 AM,da228f85-7b92-4be9-af7c-09fd0d7cda11,Tourniquet,998,
TOOL_HOVER,359858,12/6/2022 10:12:55 AM,da228f85-7b92-4be9-af7c-09fd0d7cda11,Tourniquet,998,
TOOL_HOVER,359875,12/6/2022 10:12:55 AM,da228f85-7b92-4be9-af7c-09fd0d7cda11,Tourniquet,998,
TOOL_HOVER,359891,12/6/2022 10:12:55 AM,da228f85-7b92-4be9-af7c-09fd0d7cda11,Tourniquet,998,
TOOL_HOVER,359909,12/6/2022 10:12:55 AM,da228f85-7b92-4be9-af7c-09fd0d7cda11,Tourniquet,998,
TOOL_HOVER,359925,12/6/2022 10:12:55 AM,da228f85-7b92-4be9-af7c-09fd0d7cda11,Tourniquet,998,
TOOL_HOVER,359942,12/6/2022 10:12:55 AM,da228f85-7b92-4be9-af7c-09fd0d7cda11,Tourniquet,998,
TOOL_HOVER,359959,12/6/2022 10:12:55 AM,da228f85-7b92-4be9-af7c-09fd0d7cda11,Tourniquet,998,
TOOL_HOVER,359975,12/6/2022 10:12:55 AM,da228f85-7b92-4be9-af7c-09fd0d7cda11,Tourniquet,998,
TOOL_HOVER,359992,12/6/2022 10:12:55 AM,da228f85-7b92-4be9-af7c-09fd0d7cda11,Tourniquet,998,
TOOL_HOVER,360009,12/6/2022 10:12:55 AM,da228f85-7b92-4be9-af7c-09fd0d7cda11,Tourniquet,998,
TOOL_HOVER,360025,12/6/2022 10:12:55 AM,da228f85-7b92-4be9-af7c-09fd0d7cda11,Tourniquet,998,
TOOL_HOVER,360043,12/6/2022 10:12:55 AM,da228f85-7b92-4be9-af7c-09fd0d7cda11,Tourniquet,998,
TOOL_HOVER,360060,12/6/2022 10:12:55 AM,da228f85-7b92-4be9-af7c-09fd0d7cda11,Tourniquet,998,
TOOL_HOVER,360075,12/6/2022 10:12:55 AM,da228f85-7b92-4be9-af7c-09fd0d7cda11,Tourniquet,998,
TOOL_HOVER,360092,12/6/2022 10:12:55 AM,da228f85-7b92-4be9-af7c-09fd0d7cda11,Tourniquet,998,
TOOL_HOVER,360109,12/6/2022 10:12:55 AM,da228f85-7b92-4be9-af7c-09fd0d7cda11,Tourniquet,998,
TOOL_HOVER,360126,12/6/2022 10:12:55 AM,da228f85-7b92-4be9-af7c-09fd0d7cda11,Tourniquet,998,
VOICE_CAPTURE,360193,12/6/2022 10:12:56 AM,da228f85-7b92-4be9-af7c-09fd0d7cda11,OK,NA,
TOOL_HOVER,365237,12/6/2022 10:13:01 AM,da228f85-7b92-4be9-af7c-09fd0d7cda11,Hemostatic Gauze,999,
TOOL_HOVER,365254,12/6/2022 10:13:01 AM,da228f85-7b92-4be9-af7c-09fd0d7cda11,Hemostatic Gauze,999,
TOOL_HOVER,365272,12/6/2022 10:13:01 AM,da228f85-7b92-4be9-af7c-09fd0d7cda11,Hemostatic Gauze,999,
TOOL_HOVER,365287,12/6/2022 10:13:01 AM,da228f85-7b92-4be9-af7c-09fd0d7cda11,Hemostatic Gauze,999,
TOOL_HOVER,365304,12/6/2022 10:13:01 AM,da228f85-7b92-4be9-af7c-09fd0d7cda11,Hemostatic Gauze,999,
TOOL_HOVER,365320,12/6/2022 10:13:01 AM,da228f85-7b92-4be9-af7c-09fd0d7cda11,Hemostatic Gauze,999,
VOICE_CAPTURE,367093,12/6/2022 10:13:02 AM,da228f85-7b92-4be9-af7c-09fd0d7cda11,alright,NA,
TOOL_HOVER,370736,12/6/2022 10:13:06 AM,da228f85-7b92-4be9-af7c-09fd0d7cda11,Gauze,999,
TOOL_HOVER,370753,12/6/2022 10:13:06 AM,da228f85-7b92-4be9-af7c-09fd0d7cda11,Gauze,999,
TOOL_HOVER,370768,12/6/2022 10:13:06 AM,da228f85-7b92-4be9-af7c-09fd0d7cda11,Gauze,999,
TOOL_HOVER,370786,12/6/2022 10:13:06 AM,da228f85-7b92-4be9-af7c-09fd0d7cda11,Gauze,999,
TOOL_HOVER,370802,12/6/2022 10:13:06 AM,da228f85-7b92-4be9-af7c-09fd0d7cda11,Gauze,999,
TOOL_HOVER,370818,12/6/2022 10:13:06 AM,da228f85-7b92-4be9-af7c-09fd0d7cda11,Gauze,999,
TOOL_HOVER,370835,12/6/2022 10:13:06 AM,da228f85-7b92-4be9-af7c-09fd0d7cda11,Gauze,999,
TOOL_HOVER,370855,12/6/2022 10:13:06 AM,da228f85-7b92-4be9-af7c-09fd0d7cda11,Gauze,999,
TOOL_HOVER,370868,12/6/2022 10:13:06 AM,da228f85-7b92-4be9-af7c-09fd0d7cda11,Gauze,999,
TOOL_HOVER,370887,12/6/2022 10:13:06 AM,da228f85-7b92-4be9-af7c-09fd0d7cda11,Gauze,999,
TOOL_HOVER,370902,12/6/2022 10:13:06 AM,da228f85-7b92-4be9-af7c-09fd0d7cda11,Gauze,999,
TOOL_HOVER,370918,12/6/2022 10:13:06 AM,da228f85-7b92-4be9-af7c-09fd0d7cda11,Gauze,999,
TOOL_HOVER,370935,12/6/2022 10:13:06 AM,da228f85-7b92-4be9-af7c-09fd0d7cda11,Gauze,999,
TOOL_HOVER,370952,12/6/2022 10:13:06 AM,da228f85-7b92-4be9-af7c-09fd0d7cda11,Gauze,999,
TOOL_HOVER,370969,12/6/2022 10:13:06 AM,da228f85-7b92-4be9-af7c-09fd0d7cda11,Gauze,999,
TOOL_HOVER,370986,12/6/2022 10:13:06 AM,da228f85-7b92-4be9-af7c-09fd0d7cda11,Gauze,999,
TOOL_HOVER,371002,12/6/2022 10:13:06 AM,da228f85-7b92-4be9-af7c-09fd0d7cda11,Gauze,999,
TOOL_HOVER,371019,12/6/2022 10:13:06 AM,da228f85-7b92-4be9-af7c-09fd0d7cda11,Gauze,999,
TOOL_HOVER,371035,12/6/2022 10:13:06 AM,da228f85-7b92-4be9-af7c-09fd0d7cda11,Gauze,999,
TOOL_HOVER,371053,12/6/2022 10:13:06 AM,da228f85-7b92-4be9-af7c-09fd0d7cda11,Gauze,999,
TOOL_HOVER,371068,12/6/2022 10:13:06 AM,da228f85-7b92-4be9-af7c-09fd0d7cda11,Gauze,999,
TOOL_SELECTED,371069,12/6/2022 10:13:06 AM,da228f85-7b92-4be9-af7c-09fd0d7cda11,Gauze,998,
VOICE_CAPTURE,373793,12/6/2022 10:13:09 AM,da228f85-7b92-4be9-af7c-09fd0d7cda11,yeah,NA,
TOOL_DISCARDED,377619,12/6/2022 10:13:13 AM,da228f85-7b92-4be9-af7c-09fd0d7cda11,Gauze,998,"(5.6, 0.4, -3.8)",
INJURY_TREATED,377619,12/6/2022 10:13:13 AM,da228f85-7b92-4be9-af7c-09fd0d7cda11,R Forearm Laceration,Mike_0 Root,gauzePressure,low,rightArm,True,False,"(5.6, 0.4, -3.8)",
TOOL_APPLIED,377619,12/6/2022 10:13:13 AM,da228f85-7b92-4be9-af7c-09fd0d7cda11,Mike_0 Root,Gauze_Dressing,skinCollider_BodyCollideLOD (UnityEngine.GameObject),null,null,AppliedDressingGauze,
VOICE_CAPTURE,377886,12/6/2022 10:13:13 AM,da228f85-7b92-4be9-af7c-09fd0d7cda11,honest leg or arm or both,NA,
PULSE_TAKEN,377985,12/6/2022 10:13:13 AM,da228f85-7b92-4be9-af7c-09fd0d7cda11,pulse_normal,Mike_0 Root,
TOOL_HOVER,379640,12/6/2022 10:13:15 AM,da228f85-7b92-4be9-af7c-09fd0d7cda11,Gauze,999,
TOOL_HOVER,379656,12/6/2022 10:13:15 AM,da228f85-7b92-4be9-af7c-09fd0d7cda11,Gauze,999,
TOOL_HOVER,379673,12/6/2022 10:13:15 AM,da228f85-7b92-4be9-af7c-09fd0d7cda11,Gauze,999,
TOOL_HOVER,379690,12/6/2022 10:13:15 AM,da228f85-7b92-4be9-af7c-09fd0d7cda11,Gauze,999,
TOOL_HOVER,379707,12/6/2022 10:13:15 AM,da228f85-7b92-4be9-af7c-09fd0d7cda11,Gauze,999,
TOOL_HOVER,379723,12/6/2022 10:13:15 AM,da228f85-7b92-4be9-af7c-09fd0d7cda11,Gauze,999,
TOOL_HOVER,379741,12/6/2022 10:13:15 AM,da228f85-7b92-4be9-af7c-09fd0d7cda11,Gauze,999,
TOOL_HOVER,379757,12/6/2022 10:13:15 AM,da228f85-7b92-4be9-af7c-09fd0d7cda11,Gauze,999,
TOOL_HOVER,379775,12/6/2022 10:13:15 AM,da228f85-7b92-4be9-af7c-09fd0d7cda11,Gauze,999,
TOOL_HOVER,379789,12/6/2022 10:13:15 AM,da228f85-7b92-4be9-af7c-09fd0d7cda11,Gauze,999,
TOOL_HOVER,379806,12/6/2022 10:13:15 AM,da228f85-7b92-4be9-af7c-09fd0d7cda11,Gauze,999,
TOOL_HOVER,379824,12/6/2022 10:13:15 AM,da228f85-7b92-4be9-af7c-09fd0d7cda11,Gauze,999,
TOOL_HOVER,379840,12/6/2022 10:13:15 AM,da228f85-7b92-4be9-af7c-09fd0d7cda11,Gauze,999,
TOOL_HOVER,379857,12/6/2022 10:13:15 AM,da228f85-7b92-4be9-af7c-09fd0d7cda11,Gauze,999,
TOOL_HOVER,379873,12/6/2022 10:13:15 AM,da228f85-7b92-4be9-af7c-09fd0d7cda11,Gauze,999,
TOOL_HOVER,379891,12/6/2022 10:13:15 AM,da228f85-7b92-4be9-af7c-09fd0d7cda11,Gauze,999,
TOOL_HOVER,379910,12/6/2022 10:13:15 AM,da228f85-7b92-4be9-af7c-09fd0d7cda11,Gauze,999,
TOOL_HOVER,379923,12/6/2022 10:13:15 AM,da228f85-7b92-4be9-af7c-09fd0d7cda11,Gauze,999,
VOICE_CAPTURE,383967,12/6/2022 10:13:19 AM,da228f85-7b92-4be9-af7c-09fd0d7cda11,alright,NA,
VOICE_CAPTURE,388721,12/6/2022 10:13:24 AM,da228f85-7b92-4be9-af7c-09fd0d7cda11,and he will be,NA,
TAG_SELECTED,388972,12/6/2022 10:13:24 AM,da228f85-7b92-4be9-af7c-09fd0d7cda11,yellow,
TAG_APPLIED,390909,12/6/2022 10:13:26 AM,da228f85-7b92-4be9-af7c-09fd0d7cda11,Mike_0 Root,yellow,
PULSE_TAKEN,392078,12/6/2022 10:13:27 AM,da228f85-7b92-4be9-af7c-09fd0d7cda11,pulse_normal,Mike_0 Root,
VOICE_CAPTURE,393982,12/6/2022 10:13:29 AM,da228f85-7b92-4be9-af7c-09fd0d7cda11,there you go,NA,
BAG_CLOSED,395126,12/6/2022 10:13:30 AM,da228f85-7b92-4be9-af7c-09fd0d7cda11,"(4.8, 0.7, -4.0)",
VOICE_CAPTURE,398076,12/6/2022 10:13:33 AM,da228f85-7b92-4be9-af7c-09fd0d7cda11,yeah,NA,
VOICE_CAPTURE,408016,12/6/2022 10:13:43 AM,da228f85-7b92-4be9-af7c-09fd0d7cda11,hmm,NA,
VOICE_CAPTURE,412761,12/6/2022 10:13:48 AM,da228f85-7b92-4be9-af7c-09fd0d7cda11,yeah,NA,
VOICE_CAPTURE,422443,12/6/2022 10:13:58 AM,da228f85-7b92-4be9-af7c-09fd0d7cda11,OK yeah yeah,NA,
VOICE_CAPTURE,444597,12/6/2022 10:14:20 AM,da228f85-7b92-4be9-af7c-09fd0d7cda11,it's not working yes,NA,
VOICE_CAPTURE,459951,12/6/2022 10:14:35 AM,da228f85-7b92-4be9-af7c-09fd0d7cda11,OK yeah,NA,
VOICE_CAPTURE,462909,12/6/2022 10:14:38 AM,da228f85-7b92-4be9-af7c-09fd0d7cda11,good good,NA,
VOICE_CAPTURE,467570,12/6/2022 10:14:43 AM,da228f85-7b92-4be9-af7c-09fd0d7cda11,hmm OK,NA,
