VOICE_CAPTURE,8409,11/30/2022 12:49:41 PM,ddafd015-51d1-47a3-aa29-b4ae831a87ca,OK so now use that left stick,NA,
TELEPORT,12840,11/30/2022 12:49:45 PM,ddafd015-51d1-47a3-aa29-b4ae831a87ca,"(1.9, 0.0, 1.2)",
VOICE_CAPTURE,13220,11/30/2022 12:49:46 PM,ddafd015-51d1-47a3-aa29-b4ae831a87ca,use your left thumb on that trigger up in that area,NA,
PATIENT_ENGAGED,14525,11/30/2022 12:49:47 PM,ddafd015-51d1-47a3-aa29-b4ae831a87ca,100,128,Mike Root,"(3.1, 0.0, -1.1)","(0.0, 0.2, 0.0, -1.0)",MINIMAL,walker,normal,normal,normal,calm,standing,
TELEPORT,14740,11/30/2022 12:49:47 PM,ddafd015-51d1-47a3-aa29-b4ae831a87ca,"(2.2, 0.0, 0.1)",
VOICE_CAPTURE,16812,11/30/2022 12:49:49 PM,ddafd015-51d1-47a3-aa29-b4ae831a87ca,OK and move with the left one like move forward and backwards,NA,
TELEPORT,16915,11/30/2022 12:49:50 PM,ddafd015-51d1-47a3-aa29-b4ae831a87ca,"(2.3, 0.0, -0.2)",
TELEPORT,19019,11/30/2022 12:49:52 PM,ddafd015-51d1-47a3-aa29-b4ae831a87ca,"(2.2, 0.0, -0.1)",
VOICE_CAPTURE,21173,11/30/2022 12:49:54 PM,ddafd015-51d1-47a3-aa29-b4ae831a87ca,does that feel walking or anything,NA,
VOICE_COMMAND,21173,11/30/2022 12:49:54 PM,ddafd015-51d1-47a3-aa29-b4ae831a87ca,walk to the safe area,does that feel walking or anything,
S_A_L_T_WALK_IF_CAN,21175,11/30/2022 12:49:54 PM,ddafd015-51d1-47a3-aa29-b4ae831a87ca,"(3.1, 0.0, -1.1)",walkIfCan,Mike Root,
S_A_L_T_WALKED,21175,11/30/2022 12:49:54 PM,ddafd015-51d1-47a3-aa29-b4ae831a87ca,"(3.1, 0.0, -1.1)",walked,Mike Root,
TELEPORT,22511,11/30/2022 12:49:55 PM,ddafd015-51d1-47a3-aa29-b4ae831a87ca,"(2.2, 0.0, 0.0)",
TELEPORT,26603,11/30/2022 12:49:59 PM,ddafd015-51d1-47a3-aa29-b4ae831a87ca,"(1.1, 0.0, -2.4)",
VOICE_CAPTURE,28291,11/30/2022 12:50:01 PM,ddafd015-51d1-47a3-aa29-b4ae831a87ca,so moving each patient so the way we're gonna move the patients is with the thumbsticks once you're to a patient you can then walk around,NA,
VOICE_COMMAND,28291,11/30/2022 12:50:01 PM,ddafd015-51d1-47a3-aa29-b4ae831a87ca,walk to the safe area,so moving each patient so the way we're gonna move the patients is with the thumbsticks once you're to a patient you can then walk around,
VOICE_CAPTURE,32334,11/30/2022 12:50:05 PM,ddafd015-51d1-47a3-aa29-b4ae831a87ca,so,NA,
TELEPORT,34441,11/30/2022 12:50:07 PM,ddafd015-51d1-47a3-aa29-b4ae831a87ca,"(1.0, 0.0, -2.2)",
VOICE_CAPTURE,34772,11/30/2022 12:50:07 PM,ddafd015-51d1-47a3-aa29-b4ae831a87ca,in the middle of the room,NA,
TELEPORT,35876,11/30/2022 12:50:09 PM,ddafd015-51d1-47a3-aa29-b4ae831a87ca,"(1.1, 0.0, -2.4)",
TELEPORT,41689,11/30/2022 12:50:14 PM,ddafd015-51d1-47a3-aa29-b4ae831a87ca,"(0.9, 0.0, -2.1)",
VOICE_CAPTURE,42143,11/30/2022 12:50:15 PM,ddafd015-51d1-47a3-aa29-b4ae831a87ca,so this one here is a teleporter so push that forward you can see a green i see a red so you can move it around,NA,
TELEPORT,43912,11/30/2022 12:50:17 PM,ddafd015-51d1-47a3-aa29-b4ae831a87ca,"(1.1, 0.0, -2.4)",
VOICE_CAPTURE,44447,11/30/2022 12:50:17 PM,ddafd015-51d1-47a3-aa29-b4ae831a87ca,take your hand,NA,
VOICE_CAPTURE,47737,11/30/2022 12:50:20 PM,ddafd015-51d1-47a3-aa29-b4ae831a87ca,it,NA,
TELEPORT,49977,11/30/2022 12:50:23 PM,ddafd015-51d1-47a3-aa29-b4ae831a87ca,"(1.1, 0.0, -2.4)",
VOICE_CAPTURE,51297,11/30/2022 12:50:24 PM,ddafd015-51d1-47a3-aa29-b4ae831a87ca,and you can actually spin around see other parts of the,NA,
VOICE_CAPTURE,55622,11/30/2022 12:50:28 PM,ddafd015-51d1-47a3-aa29-b4ae831a87ca,oh i see yeah it's green now,NA,
TELEPORT,60786,11/30/2022 12:50:33 PM,ddafd015-51d1-47a3-aa29-b4ae831a87ca,"(0.4, 0.0, -12.7)",
VOICE_CAPTURE,62657,11/30/2022 12:50:35 PM,ddafd015-51d1-47a3-aa29-b4ae831a87ca,you see the patients,NA,
TELEPORT,67636,11/30/2022 12:50:40 PM,ddafd015-51d1-47a3-aa29-b4ae831a87ca,"(0.8, 0.0, -12.8)",
VOICE_CAPTURE,68689,11/30/2022 12:50:41 PM,ddafd015-51d1-47a3-aa29-b4ae831a87ca,oh physically yeah he's back there yeah,NA,
VOICE_CAPTURE,71078,11/30/2022 12:50:44 PM,ddafd015-51d1-47a3-aa29-b4ae831a87ca,you get around,NA,
VOICE_CAPTURE,77692,11/30/2022 12:50:50 PM,ddafd015-51d1-47a3-aa29-b4ae831a87ca,see how he dropped you you dropped that circle right behind him are you OK,NA,
VOICE_COMMAND,77693,11/30/2022 12:50:50 PM,ddafd015-51d1-47a3-aa29-b4ae831a87ca,are you hurt,see how he dropped you you dropped that circle right behind him are you OK,
VOICE_CAPTURE,82238,11/30/2022 12:50:55 PM,ddafd015-51d1-47a3-aa29-b4ae831a87ca,he wanted,NA,
VOICE_CAPTURE,87834,11/30/2022 12:51:00 PM,ddafd015-51d1-47a3-aa29-b4ae831a87ca,with your,NA,
VOICE_CAPTURE,90224,11/30/2022 12:51:03 PM,ddafd015-51d1-47a3-aa29-b4ae831a87ca,pull it up,NA,
VOICE_CAPTURE,94892,11/30/2022 12:51:08 PM,ddafd015-51d1-47a3-aa29-b4ae831a87ca,there we go there's my pouch,NA,
VOICE_COMMAND,94892,11/30/2022 12:51:08 PM,ddafd015-51d1-47a3-aa29-b4ae831a87ca,walk to the safe area,there we go there's my pouch,
S_A_L_T_WALK_IF_CAN,94893,11/30/2022 12:51:08 PM,ddafd015-51d1-47a3-aa29-b4ae831a87ca,"(1.5, 0.0, -3.5)",walkIfCan,Mike Root,
S_A_L_T_WALKED,94893,11/30/2022 12:51:08 PM,ddafd015-51d1-47a3-aa29-b4ae831a87ca,"(1.5, 0.0, -3.5)",walked,Mike Root,
VOICE_CAPTURE,96731,11/30/2022 12:51:09 PM,ddafd015-51d1-47a3-aa29-b4ae831a87ca,the left,NA,
BAG_ACCESS,97301,11/30/2022 12:51:10 PM,ddafd015-51d1-47a3-aa29-b4ae831a87ca,"(0.1, 0.8, -3.9)",
VOICE_CAPTURE,100582,11/30/2022 12:51:13 PM,ddafd015-51d1-47a3-aa29-b4ae831a87ca,so if i go to the trigger it's OK OK,NA,
VOICE_COMMAND,100582,11/30/2022 12:51:13 PM,ddafd015-51d1-47a3-aa29-b4ae831a87ca,walk to the safe area,so if i go to the trigger it's OK OK,
TAG_SELECTED,102423,11/30/2022 12:51:15 PM,ddafd015-51d1-47a3-aa29-b4ae831a87ca,gray,
TAG_DISCARDED,105913,11/30/2022 12:51:19 PM,ddafd015-51d1-47a3-aa29-b4ae831a87ca,gray,"(0.5, 1.3, -4.0)",
TOOL_HOVER,107449,11/30/2022 12:51:20 PM,ddafd015-51d1-47a3-aa29-b4ae831a87ca,Tourniquet,999,
TOOL_HOVER,107466,11/30/2022 12:51:20 PM,ddafd015-51d1-47a3-aa29-b4ae831a87ca,Tourniquet,999,
TOOL_HOVER,107483,11/30/2022 12:51:20 PM,ddafd015-51d1-47a3-aa29-b4ae831a87ca,Tourniquet,999,
TOOL_HOVER,107499,11/30/2022 12:51:20 PM,ddafd015-51d1-47a3-aa29-b4ae831a87ca,Tourniquet,999,
TOOL_HOVER,107515,11/30/2022 12:51:20 PM,ddafd015-51d1-47a3-aa29-b4ae831a87ca,Tourniquet,999,
TOOL_HOVER,107533,11/30/2022 12:51:20 PM,ddafd015-51d1-47a3-aa29-b4ae831a87ca,Tourniquet,999,
TOOL_HOVER,107550,11/30/2022 12:51:20 PM,ddafd015-51d1-47a3-aa29-b4ae831a87ca,Tourniquet,999,
TOOL_HOVER,107566,11/30/2022 12:51:20 PM,ddafd015-51d1-47a3-aa29-b4ae831a87ca,Tourniquet,999,
TOOL_HOVER,107582,11/30/2022 12:51:20 PM,ddafd015-51d1-47a3-aa29-b4ae831a87ca,Tourniquet,999,
TOOL_HOVER,107600,11/30/2022 12:51:20 PM,ddafd015-51d1-47a3-aa29-b4ae831a87ca,Tourniquet,999,
TOOL_HOVER,107616,11/30/2022 12:51:20 PM,ddafd015-51d1-47a3-aa29-b4ae831a87ca,Tourniquet,999,
TOOL_HOVER,107632,11/30/2022 12:51:20 PM,ddafd015-51d1-47a3-aa29-b4ae831a87ca,Tourniquet,999,
TOOL_HOVER,107649,11/30/2022 12:51:20 PM,ddafd015-51d1-47a3-aa29-b4ae831a87ca,Tourniquet,999,
TOOL_HOVER,107666,11/30/2022 12:51:20 PM,ddafd015-51d1-47a3-aa29-b4ae831a87ca,Tourniquet,999,
TOOL_HOVER,107683,11/30/2022 12:51:20 PM,ddafd015-51d1-47a3-aa29-b4ae831a87ca,Tourniquet,999,
TOOL_HOVER,107700,11/30/2022 12:51:20 PM,ddafd015-51d1-47a3-aa29-b4ae831a87ca,Tourniquet,999,
TOOL_HOVER,107716,11/30/2022 12:51:20 PM,ddafd015-51d1-47a3-aa29-b4ae831a87ca,Tourniquet,999,
TOOL_HOVER,107734,11/30/2022 12:51:20 PM,ddafd015-51d1-47a3-aa29-b4ae831a87ca,Tourniquet,999,
TOOL_HOVER,107750,11/30/2022 12:51:20 PM,ddafd015-51d1-47a3-aa29-b4ae831a87ca,Tourniquet,999,
TOOL_HOVER,107766,11/30/2022 12:51:20 PM,ddafd015-51d1-47a3-aa29-b4ae831a87ca,Tourniquet,999,
TOOL_HOVER,107784,11/30/2022 12:51:20 PM,ddafd015-51d1-47a3-aa29-b4ae831a87ca,Tourniquet,999,
TOOL_HOVER,107799,11/30/2022 12:51:20 PM,ddafd015-51d1-47a3-aa29-b4ae831a87ca,Tourniquet,999,
TOOL_HOVER,107816,11/30/2022 12:51:20 PM,ddafd015-51d1-47a3-aa29-b4ae831a87ca,Tourniquet,999,
TOOL_HOVER,107833,11/30/2022 12:51:20 PM,ddafd015-51d1-47a3-aa29-b4ae831a87ca,Tourniquet,999,
TOOL_HOVER,107850,11/30/2022 12:51:21 PM,ddafd015-51d1-47a3-aa29-b4ae831a87ca,Tourniquet,999,
TOOL_HOVER,107867,11/30/2022 12:51:21 PM,ddafd015-51d1-47a3-aa29-b4ae831a87ca,Tourniquet,999,
TOOL_HOVER,107884,11/30/2022 12:51:21 PM,ddafd015-51d1-47a3-aa29-b4ae831a87ca,Tourniquet,999,
TOOL_HOVER,107900,11/30/2022 12:51:21 PM,ddafd015-51d1-47a3-aa29-b4ae831a87ca,Tourniquet,999,
TOOL_HOVER,107920,11/30/2022 12:51:21 PM,ddafd015-51d1-47a3-aa29-b4ae831a87ca,Tourniquet,999,
TOOL_HOVER,107933,11/30/2022 12:51:21 PM,ddafd015-51d1-47a3-aa29-b4ae831a87ca,Tourniquet,999,
TOOL_HOVER,107951,11/30/2022 12:51:21 PM,ddafd015-51d1-47a3-aa29-b4ae831a87ca,Tourniquet,999,
TOOL_HOVER,107967,11/30/2022 12:51:21 PM,ddafd015-51d1-47a3-aa29-b4ae831a87ca,Tourniquet,999,
TOOL_HOVER,107984,11/30/2022 12:51:21 PM,ddafd015-51d1-47a3-aa29-b4ae831a87ca,Tourniquet,999,
TOOL_HOVER,108000,11/30/2022 12:51:21 PM,ddafd015-51d1-47a3-aa29-b4ae831a87ca,Tourniquet,999,
TOOL_HOVER,108017,11/30/2022 12:51:21 PM,ddafd015-51d1-47a3-aa29-b4ae831a87ca,Tourniquet,999,
TOOL_HOVER,108034,11/30/2022 12:51:21 PM,ddafd015-51d1-47a3-aa29-b4ae831a87ca,Tourniquet,999,
TOOL_HOVER,108050,11/30/2022 12:51:21 PM,ddafd015-51d1-47a3-aa29-b4ae831a87ca,Tourniquet,999,
TOOL_HOVER,108068,11/30/2022 12:51:21 PM,ddafd015-51d1-47a3-aa29-b4ae831a87ca,Tourniquet,999,
TOOL_HOVER,108084,11/30/2022 12:51:21 PM,ddafd015-51d1-47a3-aa29-b4ae831a87ca,Tourniquet,999,
TOOL_HOVER,108102,11/30/2022 12:51:21 PM,ddafd015-51d1-47a3-aa29-b4ae831a87ca,Tourniquet,999,
TOOL_HOVER,108117,11/30/2022 12:51:21 PM,ddafd015-51d1-47a3-aa29-b4ae831a87ca,Tourniquet,999,
TOOL_HOVER,108134,11/30/2022 12:51:21 PM,ddafd015-51d1-47a3-aa29-b4ae831a87ca,Tourniquet,999,
TOOL_HOVER,108150,11/30/2022 12:51:21 PM,ddafd015-51d1-47a3-aa29-b4ae831a87ca,Tourniquet,999,
TOOL_HOVER,108167,11/30/2022 12:51:21 PM,ddafd015-51d1-47a3-aa29-b4ae831a87ca,Tourniquet,999,
TOOL_HOVER,108184,11/30/2022 12:51:21 PM,ddafd015-51d1-47a3-aa29-b4ae831a87ca,Tourniquet,999,
TOOL_HOVER,108201,11/30/2022 12:51:21 PM,ddafd015-51d1-47a3-aa29-b4ae831a87ca,Tourniquet,999,
TOOL_HOVER,108218,11/30/2022 12:51:21 PM,ddafd015-51d1-47a3-aa29-b4ae831a87ca,Tourniquet,999,
TOOL_HOVER,108234,11/30/2022 12:51:21 PM,ddafd015-51d1-47a3-aa29-b4ae831a87ca,Tourniquet,999,
TOOL_HOVER,108252,11/30/2022 12:51:21 PM,ddafd015-51d1-47a3-aa29-b4ae831a87ca,Tourniquet,999,
TOOL_HOVER,108268,11/30/2022 12:51:21 PM,ddafd015-51d1-47a3-aa29-b4ae831a87ca,Tourniquet,999,
TOOL_HOVER,108284,11/30/2022 12:51:21 PM,ddafd015-51d1-47a3-aa29-b4ae831a87ca,Tourniquet,999,
TOOL_HOVER,108300,11/30/2022 12:51:21 PM,ddafd015-51d1-47a3-aa29-b4ae831a87ca,Tourniquet,999,
TOOL_HOVER,108319,11/30/2022 12:51:21 PM,ddafd015-51d1-47a3-aa29-b4ae831a87ca,Tourniquet,999,
TOOL_HOVER,108335,11/30/2022 12:51:21 PM,ddafd015-51d1-47a3-aa29-b4ae831a87ca,Tourniquet,999,
TOOL_HOVER,108351,11/30/2022 12:51:21 PM,ddafd015-51d1-47a3-aa29-b4ae831a87ca,Tourniquet,999,
TOOL_HOVER,108368,11/30/2022 12:51:21 PM,ddafd015-51d1-47a3-aa29-b4ae831a87ca,Tourniquet,999,
TOOL_HOVER,108384,11/30/2022 12:51:21 PM,ddafd015-51d1-47a3-aa29-b4ae831a87ca,Tourniquet,999,
TOOL_HOVER,108402,11/30/2022 12:51:21 PM,ddafd015-51d1-47a3-aa29-b4ae831a87ca,Tourniquet,999,
TOOL_HOVER,108418,11/30/2022 12:51:21 PM,ddafd015-51d1-47a3-aa29-b4ae831a87ca,Tourniquet,999,
TOOL_HOVER,108435,11/30/2022 12:51:21 PM,ddafd015-51d1-47a3-aa29-b4ae831a87ca,Tourniquet,999,
VOICE_CAPTURE,108451,11/30/2022 12:51:21 PM,ddafd015-51d1-47a3-aa29-b4ae831a87ca,yeah,NA,
TOOL_HOVER,108451,11/30/2022 12:51:21 PM,ddafd015-51d1-47a3-aa29-b4ae831a87ca,Tourniquet,999,
TOOL_HOVER,108469,11/30/2022 12:51:21 PM,ddafd015-51d1-47a3-aa29-b4ae831a87ca,Tourniquet,999,
TOOL_HOVER,108485,11/30/2022 12:51:21 PM,ddafd015-51d1-47a3-aa29-b4ae831a87ca,Tourniquet,999,
TOOL_HOVER,108504,11/30/2022 12:51:21 PM,ddafd015-51d1-47a3-aa29-b4ae831a87ca,Tourniquet,999,
TOOL_HOVER,108518,11/30/2022 12:51:21 PM,ddafd015-51d1-47a3-aa29-b4ae831a87ca,Tourniquet,999,
TOOL_HOVER,108535,11/30/2022 12:51:21 PM,ddafd015-51d1-47a3-aa29-b4ae831a87ca,Tourniquet,999,
TOOL_HOVER,108652,11/30/2022 12:51:21 PM,ddafd015-51d1-47a3-aa29-b4ae831a87ca,Tourniquet,999,
TOOL_HOVER,108669,11/30/2022 12:51:21 PM,ddafd015-51d1-47a3-aa29-b4ae831a87ca,Tourniquet,999,
TOOL_HOVER,108686,11/30/2022 12:51:21 PM,ddafd015-51d1-47a3-aa29-b4ae831a87ca,Tourniquet,999,
TOOL_HOVER,108701,11/30/2022 12:51:21 PM,ddafd015-51d1-47a3-aa29-b4ae831a87ca,Tourniquet,999,
TOOL_HOVER,108719,11/30/2022 12:51:21 PM,ddafd015-51d1-47a3-aa29-b4ae831a87ca,Tourniquet,999,
TOOL_HOVER,108736,11/30/2022 12:51:21 PM,ddafd015-51d1-47a3-aa29-b4ae831a87ca,Tourniquet,999,
VOICE_CAPTURE,114984,11/30/2022 12:51:28 PM,ddafd015-51d1-47a3-aa29-b4ae831a87ca,move it back to my hip,NA,
VOICE_CAPTURE,118743,11/30/2022 12:51:31 PM,ddafd015-51d1-47a3-aa29-b4ae831a87ca,move to the next page OK,NA,
VOICE_COMMAND,118743,11/30/2022 12:51:31 PM,ddafd015-51d1-47a3-aa29-b4ae831a87ca,walk to the safe area,move to the next page OK,
S_A_L_T_WALK_IF_CAN,118744,11/30/2022 12:51:31 PM,ddafd015-51d1-47a3-aa29-b4ae831a87ca,"(1.6, 0.0, -3.5)",walkIfCan,Mike Root,
S_A_L_T_WALKED,118744,11/30/2022 12:51:31 PM,ddafd015-51d1-47a3-aa29-b4ae831a87ca,"(1.6, 0.0, -3.5)",walked,Mike Root,
VOICE_CAPTURE,119744,11/30/2022 12:51:32 PM,ddafd015-51d1-47a3-aa29-b4ae831a87ca,now,NA,
TOOL_HOVER,120949,11/30/2022 12:51:34 PM,ddafd015-51d1-47a3-aa29-b4ae831a87ca,Needle,999,
TOOL_HOVER,120966,11/30/2022 12:51:34 PM,ddafd015-51d1-47a3-aa29-b4ae831a87ca,Needle,999,
TOOL_HOVER,120982,11/30/2022 12:51:34 PM,ddafd015-51d1-47a3-aa29-b4ae831a87ca,Needle,999,
TOOL_HOVER,121000,11/30/2022 12:51:34 PM,ddafd015-51d1-47a3-aa29-b4ae831a87ca,Needle,999,
TOOL_HOVER,121014,11/30/2022 12:51:34 PM,ddafd015-51d1-47a3-aa29-b4ae831a87ca,Needle,999,
TOOL_HOVER,121031,11/30/2022 12:51:34 PM,ddafd015-51d1-47a3-aa29-b4ae831a87ca,Needle,999,
TOOL_HOVER,121049,11/30/2022 12:51:34 PM,ddafd015-51d1-47a3-aa29-b4ae831a87ca,Needle,999,
TOOL_HOVER,121064,11/30/2022 12:51:34 PM,ddafd015-51d1-47a3-aa29-b4ae831a87ca,Needle,999,
TOOL_HOVER,121082,11/30/2022 12:51:34 PM,ddafd015-51d1-47a3-aa29-b4ae831a87ca,Needle,999,
TOOL_HOVER,121099,11/30/2022 12:51:34 PM,ddafd015-51d1-47a3-aa29-b4ae831a87ca,Needle,999,
TOOL_HOVER,121116,11/30/2022 12:51:34 PM,ddafd015-51d1-47a3-aa29-b4ae831a87ca,Needle,999,
TOOL_HOVER,121132,11/30/2022 12:51:34 PM,ddafd015-51d1-47a3-aa29-b4ae831a87ca,Needle,999,
TOOL_HOVER,121150,11/30/2022 12:51:34 PM,ddafd015-51d1-47a3-aa29-b4ae831a87ca,Needle,999,
TOOL_HOVER,121166,11/30/2022 12:51:34 PM,ddafd015-51d1-47a3-aa29-b4ae831a87ca,Needle,999,
TOOL_SELECTED,121168,11/30/2022 12:51:34 PM,ddafd015-51d1-47a3-aa29-b4ae831a87ca,Needle,998,
BAG_CLOSED,121267,11/30/2022 12:51:34 PM,ddafd015-51d1-47a3-aa29-b4ae831a87ca,"(0.1, 0.8, -3.9)",
TELEPORT,121267,11/30/2022 12:51:34 PM,ddafd015-51d1-47a3-aa29-b4ae831a87ca,"(0.2, 0.0, -4.4)",
VOICE_CAPTURE,122168,11/30/2022 12:51:35 PM,ddafd015-51d1-47a3-aa29-b4ae831a87ca,there,NA,
TOOL_DISCARDED,123488,11/30/2022 12:51:36 PM,ddafd015-51d1-47a3-aa29-b4ae831a87ca,Needle,998,"(0.5, 1.5, -4.0)",
VOICE_CAPTURE,125459,11/30/2022 12:51:38 PM,ddafd015-51d1-47a3-aa29-b4ae831a87ca,OK,NA,
BAG_ACCESS,129235,11/30/2022 12:51:42 PM,ddafd015-51d1-47a3-aa29-b4ae831a87ca,"(0.1, 0.8, -3.8)",
VOICE_CAPTURE,138348,11/30/2022 12:51:51 PM,ddafd015-51d1-47a3-aa29-b4ae831a87ca,so if you have a bloody shirt but the shirt still on OK,NA,
TOOL_HOVER,146351,11/30/2022 12:51:59 PM,ddafd015-51d1-47a3-aa29-b4ae831a87ca,Gauze,999,
TOOL_HOVER,146368,11/30/2022 12:51:59 PM,ddafd015-51d1-47a3-aa29-b4ae831a87ca,Gauze,999,
TOOL_HOVER,146385,11/30/2022 12:51:59 PM,ddafd015-51d1-47a3-aa29-b4ae831a87ca,Gauze,999,
TOOL_HOVER,146402,11/30/2022 12:51:59 PM,ddafd015-51d1-47a3-aa29-b4ae831a87ca,Gauze,999,
TOOL_HOVER,146419,11/30/2022 12:51:59 PM,ddafd015-51d1-47a3-aa29-b4ae831a87ca,Gauze,999,
TOOL_HOVER,146436,11/30/2022 12:51:59 PM,ddafd015-51d1-47a3-aa29-b4ae831a87ca,Gauze,999,
TOOL_HOVER,146453,11/30/2022 12:51:59 PM,ddafd015-51d1-47a3-aa29-b4ae831a87ca,Gauze,999,
TOOL_HOVER,146469,11/30/2022 12:51:59 PM,ddafd015-51d1-47a3-aa29-b4ae831a87ca,Gauze,999,
TOOL_HOVER,146485,11/30/2022 12:51:59 PM,ddafd015-51d1-47a3-aa29-b4ae831a87ca,Gauze,999,
TOOL_HOVER,146502,11/30/2022 12:51:59 PM,ddafd015-51d1-47a3-aa29-b4ae831a87ca,Gauze,999,
TOOL_HOVER,146520,11/30/2022 12:51:59 PM,ddafd015-51d1-47a3-aa29-b4ae831a87ca,Gauze,999,
TOOL_HOVER,146536,11/30/2022 12:51:59 PM,ddafd015-51d1-47a3-aa29-b4ae831a87ca,Gauze,999,
TOOL_HOVER,146555,11/30/2022 12:51:59 PM,ddafd015-51d1-47a3-aa29-b4ae831a87ca,Gauze,999,
TOOL_HOVER,146569,11/30/2022 12:51:59 PM,ddafd015-51d1-47a3-aa29-b4ae831a87ca,Gauze,999,
TOOL_HOVER,146586,11/30/2022 12:51:59 PM,ddafd015-51d1-47a3-aa29-b4ae831a87ca,Gauze,999,
TOOL_HOVER,146603,11/30/2022 12:51:59 PM,ddafd015-51d1-47a3-aa29-b4ae831a87ca,Gauze,999,
TOOL_HOVER,146619,11/30/2022 12:51:59 PM,ddafd015-51d1-47a3-aa29-b4ae831a87ca,Gauze,999,
TOOL_HOVER,146637,11/30/2022 12:51:59 PM,ddafd015-51d1-47a3-aa29-b4ae831a87ca,Gauze,999,
TOOL_HOVER,146652,11/30/2022 12:51:59 PM,ddafd015-51d1-47a3-aa29-b4ae831a87ca,Gauze,999,
TOOL_HOVER,146670,11/30/2022 12:51:59 PM,ddafd015-51d1-47a3-aa29-b4ae831a87ca,Gauze,999,
TOOL_HOVER,146686,11/30/2022 12:51:59 PM,ddafd015-51d1-47a3-aa29-b4ae831a87ca,Gauze,999,
TOOL_HOVER,146704,11/30/2022 12:51:59 PM,ddafd015-51d1-47a3-aa29-b4ae831a87ca,Gauze,999,
TOOL_HOVER,146719,11/30/2022 12:51:59 PM,ddafd015-51d1-47a3-aa29-b4ae831a87ca,Gauze,999,
TOOL_HOVER,146735,11/30/2022 12:51:59 PM,ddafd015-51d1-47a3-aa29-b4ae831a87ca,Gauze,999,
TOOL_HOVER,146752,11/30/2022 12:51:59 PM,ddafd015-51d1-47a3-aa29-b4ae831a87ca,Gauze,999,
TOOL_HOVER,146770,11/30/2022 12:51:59 PM,ddafd015-51d1-47a3-aa29-b4ae831a87ca,Gauze,999,
TOOL_HOVER,146787,11/30/2022 12:51:59 PM,ddafd015-51d1-47a3-aa29-b4ae831a87ca,Gauze,999,
TOOL_HOVER,146803,11/30/2022 12:51:59 PM,ddafd015-51d1-47a3-aa29-b4ae831a87ca,Gauze,999,
TOOL_HOVER,146819,11/30/2022 12:51:59 PM,ddafd015-51d1-47a3-aa29-b4ae831a87ca,Gauze,999,
TOOL_HOVER,146837,11/30/2022 12:51:59 PM,ddafd015-51d1-47a3-aa29-b4ae831a87ca,Gauze,999,
TOOL_HOVER,146854,11/30/2022 12:52:00 PM,ddafd015-51d1-47a3-aa29-b4ae831a87ca,Gauze,999,
TOOL_HOVER,146870,11/30/2022 12:52:00 PM,ddafd015-51d1-47a3-aa29-b4ae831a87ca,Gauze,999,
TOOL_HOVER,146886,11/30/2022 12:52:00 PM,ddafd015-51d1-47a3-aa29-b4ae831a87ca,Gauze,999,
TOOL_HOVER,146904,11/30/2022 12:52:00 PM,ddafd015-51d1-47a3-aa29-b4ae831a87ca,Gauze,999,
TOOL_HOVER,146920,11/30/2022 12:52:00 PM,ddafd015-51d1-47a3-aa29-b4ae831a87ca,Gauze,999,
TOOL_HOVER,146938,11/30/2022 12:52:00 PM,ddafd015-51d1-47a3-aa29-b4ae831a87ca,Gauze,999,
TOOL_HOVER,146953,11/30/2022 12:52:00 PM,ddafd015-51d1-47a3-aa29-b4ae831a87ca,Gauze,999,
TOOL_HOVER,146971,11/30/2022 12:52:00 PM,ddafd015-51d1-47a3-aa29-b4ae831a87ca,Gauze,999,
TOOL_HOVER,146987,11/30/2022 12:52:00 PM,ddafd015-51d1-47a3-aa29-b4ae831a87ca,Gauze,999,
TOOL_HOVER,147004,11/30/2022 12:52:00 PM,ddafd015-51d1-47a3-aa29-b4ae831a87ca,Gauze,999,
TOOL_HOVER,147021,11/30/2022 12:52:00 PM,ddafd015-51d1-47a3-aa29-b4ae831a87ca,Gauze,999,
TOOL_HOVER,147037,11/30/2022 12:52:00 PM,ddafd015-51d1-47a3-aa29-b4ae831a87ca,Gauze,999,
TOOL_HOVER,147053,11/30/2022 12:52:00 PM,ddafd015-51d1-47a3-aa29-b4ae831a87ca,Gauze,999,
TOOL_HOVER,147070,11/30/2022 12:52:00 PM,ddafd015-51d1-47a3-aa29-b4ae831a87ca,Gauze,999,
TOOL_HOVER,147088,11/30/2022 12:52:00 PM,ddafd015-51d1-47a3-aa29-b4ae831a87ca,Gauze,999,
TOOL_HOVER,147104,11/30/2022 12:52:00 PM,ddafd015-51d1-47a3-aa29-b4ae831a87ca,Gauze,999,
TOOL_HOVER,147121,11/30/2022 12:52:00 PM,ddafd015-51d1-47a3-aa29-b4ae831a87ca,Gauze,999,
TOOL_HOVER,147137,11/30/2022 12:52:00 PM,ddafd015-51d1-47a3-aa29-b4ae831a87ca,Gauze,999,
TOOL_HOVER,147155,11/30/2022 12:52:00 PM,ddafd015-51d1-47a3-aa29-b4ae831a87ca,Gauze,999,
TOOL_HOVER,147173,11/30/2022 12:52:00 PM,ddafd015-51d1-47a3-aa29-b4ae831a87ca,Gauze,999,
TOOL_HOVER,147187,11/30/2022 12:52:00 PM,ddafd015-51d1-47a3-aa29-b4ae831a87ca,Gauze,999,
TOOL_HOVER,147204,11/30/2022 12:52:00 PM,ddafd015-51d1-47a3-aa29-b4ae831a87ca,Gauze,999,
VOICE_CAPTURE,147220,11/30/2022 12:52:00 PM,ddafd015-51d1-47a3-aa29-b4ae831a87ca,so let me let me show you what's in this house so to the left there i see tags gauze needle,NA,
TOOL_HOVER,147221,11/30/2022 12:52:00 PM,ddafd015-51d1-47a3-aa29-b4ae831a87ca,Gauze,999,
TOOL_HOVER,147237,11/30/2022 12:52:00 PM,ddafd015-51d1-47a3-aa29-b4ae831a87ca,Gauze,999,
TOOL_HOVER,147255,11/30/2022 12:52:00 PM,ddafd015-51d1-47a3-aa29-b4ae831a87ca,Gauze,999,
TOOL_HOVER,147271,11/30/2022 12:52:00 PM,ddafd015-51d1-47a3-aa29-b4ae831a87ca,Gauze,999,
TOOL_HOVER,147288,11/30/2022 12:52:00 PM,ddafd015-51d1-47a3-aa29-b4ae831a87ca,Gauze,999,
TOOL_HOVER,147305,11/30/2022 12:52:00 PM,ddafd015-51d1-47a3-aa29-b4ae831a87ca,Gauze,999,
TOOL_HOVER,147321,11/30/2022 12:52:00 PM,ddafd015-51d1-47a3-aa29-b4ae831a87ca,Gauze,999,
TOOL_HOVER,147338,11/30/2022 12:52:00 PM,ddafd015-51d1-47a3-aa29-b4ae831a87ca,Gauze,999,
TOOL_HOVER,147354,11/30/2022 12:52:00 PM,ddafd015-51d1-47a3-aa29-b4ae831a87ca,Gauze,999,
TOOL_HOVER,147371,11/30/2022 12:52:00 PM,ddafd015-51d1-47a3-aa29-b4ae831a87ca,Gauze,999,
TOOL_HOVER,147388,11/30/2022 12:52:00 PM,ddafd015-51d1-47a3-aa29-b4ae831a87ca,Gauze,999,
TOOL_HOVER,147405,11/30/2022 12:52:00 PM,ddafd015-51d1-47a3-aa29-b4ae831a87ca,Gauze,999,
TOOL_HOVER,147423,11/30/2022 12:52:00 PM,ddafd015-51d1-47a3-aa29-b4ae831a87ca,Gauze,999,
TOOL_HOVER,147439,11/30/2022 12:52:00 PM,ddafd015-51d1-47a3-aa29-b4ae831a87ca,Gauze,999,
TOOL_HOVER,147455,11/30/2022 12:52:00 PM,ddafd015-51d1-47a3-aa29-b4ae831a87ca,Gauze,999,
TOOL_HOVER,147472,11/30/2022 12:52:00 PM,ddafd015-51d1-47a3-aa29-b4ae831a87ca,Gauze,999,
TOOL_HOVER,147488,11/30/2022 12:52:00 PM,ddafd015-51d1-47a3-aa29-b4ae831a87ca,Gauze,999,
TOOL_HOVER,147506,11/30/2022 12:52:00 PM,ddafd015-51d1-47a3-aa29-b4ae831a87ca,Gauze,999,
TOOL_HOVER,147521,11/30/2022 12:52:00 PM,ddafd015-51d1-47a3-aa29-b4ae831a87ca,Gauze,999,
TOOL_HOVER,147539,11/30/2022 12:52:00 PM,ddafd015-51d1-47a3-aa29-b4ae831a87ca,Gauze,999,
TOOL_HOVER,147555,11/30/2022 12:52:00 PM,ddafd015-51d1-47a3-aa29-b4ae831a87ca,Gauze,999,
TOOL_HOVER,147571,11/30/2022 12:52:00 PM,ddafd015-51d1-47a3-aa29-b4ae831a87ca,Gauze,999,
TOOL_HOVER,147589,11/30/2022 12:52:00 PM,ddafd015-51d1-47a3-aa29-b4ae831a87ca,Gauze,999,
TOOL_HOVER,147605,11/30/2022 12:52:00 PM,ddafd015-51d1-47a3-aa29-b4ae831a87ca,Gauze,999,
TOOL_HOVER,147621,11/30/2022 12:52:00 PM,ddafd015-51d1-47a3-aa29-b4ae831a87ca,Gauze,999,
TOOL_HOVER,147640,11/30/2022 12:52:00 PM,ddafd015-51d1-47a3-aa29-b4ae831a87ca,Gauze,999,
TOOL_HOVER,147655,11/30/2022 12:52:00 PM,ddafd015-51d1-47a3-aa29-b4ae831a87ca,Gauze,999,
TOOL_HOVER,147672,11/30/2022 12:52:00 PM,ddafd015-51d1-47a3-aa29-b4ae831a87ca,Gauze,999,
TOOL_HOVER,147689,11/30/2022 12:52:00 PM,ddafd015-51d1-47a3-aa29-b4ae831a87ca,Gauze,999,
TOOL_HOVER,147705,11/30/2022 12:52:00 PM,ddafd015-51d1-47a3-aa29-b4ae831a87ca,Gauze,999,
TOOL_HOVER,147723,11/30/2022 12:52:00 PM,ddafd015-51d1-47a3-aa29-b4ae831a87ca,Gauze,999,
TOOL_HOVER,147739,11/30/2022 12:52:00 PM,ddafd015-51d1-47a3-aa29-b4ae831a87ca,Gauze,999,
TOOL_HOVER,147755,11/30/2022 12:52:00 PM,ddafd015-51d1-47a3-aa29-b4ae831a87ca,Gauze,999,
TOOL_HOVER,147772,11/30/2022 12:52:00 PM,ddafd015-51d1-47a3-aa29-b4ae831a87ca,Gauze,999,
TOOL_HOVER,147791,11/30/2022 12:52:00 PM,ddafd015-51d1-47a3-aa29-b4ae831a87ca,Gauze,999,
TOOL_HOVER,147806,11/30/2022 12:52:00 PM,ddafd015-51d1-47a3-aa29-b4ae831a87ca,Gauze,999,
TOOL_HOVER,147823,11/30/2022 12:52:00 PM,ddafd015-51d1-47a3-aa29-b4ae831a87ca,Gauze,999,
TOOL_HOVER,147839,11/30/2022 12:52:00 PM,ddafd015-51d1-47a3-aa29-b4ae831a87ca,Gauze,999,
TOOL_HOVER,147854,11/30/2022 12:52:01 PM,ddafd015-51d1-47a3-aa29-b4ae831a87ca,Gauze,999,
TOOL_HOVER,147872,11/30/2022 12:52:01 PM,ddafd015-51d1-47a3-aa29-b4ae831a87ca,Gauze,999,
TOOL_HOVER,147889,11/30/2022 12:52:01 PM,ddafd015-51d1-47a3-aa29-b4ae831a87ca,Gauze,999,
TOOL_HOVER,147906,11/30/2022 12:52:01 PM,ddafd015-51d1-47a3-aa29-b4ae831a87ca,Gauze,999,
TOOL_HOVER,147922,11/30/2022 12:52:01 PM,ddafd015-51d1-47a3-aa29-b4ae831a87ca,Gauze,999,
TOOL_HOVER,147939,11/30/2022 12:52:01 PM,ddafd015-51d1-47a3-aa29-b4ae831a87ca,Gauze,999,
TOOL_HOVER,147955,11/30/2022 12:52:01 PM,ddafd015-51d1-47a3-aa29-b4ae831a87ca,Gauze,999,
TOOL_HOVER,147972,11/30/2022 12:52:01 PM,ddafd015-51d1-47a3-aa29-b4ae831a87ca,Gauze,999,
TOOL_HOVER,147989,11/30/2022 12:52:01 PM,ddafd015-51d1-47a3-aa29-b4ae831a87ca,Gauze,999,
TOOL_HOVER,148006,11/30/2022 12:52:01 PM,ddafd015-51d1-47a3-aa29-b4ae831a87ca,Gauze,999,
TOOL_HOVER,148022,11/30/2022 12:52:01 PM,ddafd015-51d1-47a3-aa29-b4ae831a87ca,Gauze,999,
TOOL_HOVER,148039,11/30/2022 12:52:01 PM,ddafd015-51d1-47a3-aa29-b4ae831a87ca,Gauze,999,
TOOL_HOVER,148056,11/30/2022 12:52:01 PM,ddafd015-51d1-47a3-aa29-b4ae831a87ca,Gauze,999,
TOOL_HOVER,148072,11/30/2022 12:52:01 PM,ddafd015-51d1-47a3-aa29-b4ae831a87ca,Gauze,999,
TOOL_HOVER,148089,11/30/2022 12:52:01 PM,ddafd015-51d1-47a3-aa29-b4ae831a87ca,Gauze,999,
TOOL_HOVER,148106,11/30/2022 12:52:01 PM,ddafd015-51d1-47a3-aa29-b4ae831a87ca,Gauze,999,
TOOL_HOVER,148122,11/30/2022 12:52:01 PM,ddafd015-51d1-47a3-aa29-b4ae831a87ca,Gauze,999,
TOOL_HOVER,148140,11/30/2022 12:52:01 PM,ddafd015-51d1-47a3-aa29-b4ae831a87ca,Gauze,999,
TOOL_HOVER,148156,11/30/2022 12:52:01 PM,ddafd015-51d1-47a3-aa29-b4ae831a87ca,Gauze,999,
TOOL_HOVER,148173,11/30/2022 12:52:01 PM,ddafd015-51d1-47a3-aa29-b4ae831a87ca,Gauze,999,
TOOL_HOVER,148189,11/30/2022 12:52:01 PM,ddafd015-51d1-47a3-aa29-b4ae831a87ca,Gauze,999,
TOOL_HOVER,148209,11/30/2022 12:52:01 PM,ddafd015-51d1-47a3-aa29-b4ae831a87ca,Gauze,999,
TOOL_HOVER,148223,11/30/2022 12:52:01 PM,ddafd015-51d1-47a3-aa29-b4ae831a87ca,Gauze,999,
TOOL_HOVER,148742,11/30/2022 12:52:01 PM,ddafd015-51d1-47a3-aa29-b4ae831a87ca,Gauze,999,
TOOL_HOVER,148757,11/30/2022 12:52:01 PM,ddafd015-51d1-47a3-aa29-b4ae831a87ca,Gauze,999,
TOOL_HOVER,148775,11/30/2022 12:52:01 PM,ddafd015-51d1-47a3-aa29-b4ae831a87ca,Gauze,999,
TOOL_HOVER,148792,11/30/2022 12:52:01 PM,ddafd015-51d1-47a3-aa29-b4ae831a87ca,Gauze,999,
TOOL_HOVER,148808,11/30/2022 12:52:01 PM,ddafd015-51d1-47a3-aa29-b4ae831a87ca,Gauze,999,
TOOL_HOVER,148825,11/30/2022 12:52:01 PM,ddafd015-51d1-47a3-aa29-b4ae831a87ca,Gauze,999,
TOOL_HOVER,148841,11/30/2022 12:52:01 PM,ddafd015-51d1-47a3-aa29-b4ae831a87ca,Gauze,999,
TOOL_HOVER,148857,11/30/2022 12:52:02 PM,ddafd015-51d1-47a3-aa29-b4ae831a87ca,Gauze,999,
TOOL_HOVER,148874,11/30/2022 12:52:02 PM,ddafd015-51d1-47a3-aa29-b4ae831a87ca,Gauze,999,
TOOL_HOVER,148891,11/30/2022 12:52:02 PM,ddafd015-51d1-47a3-aa29-b4ae831a87ca,Gauze,999,
TOOL_HOVER,148909,11/30/2022 12:52:02 PM,ddafd015-51d1-47a3-aa29-b4ae831a87ca,Gauze,999,
TOOL_HOVER,148924,11/30/2022 12:52:02 PM,ddafd015-51d1-47a3-aa29-b4ae831a87ca,Gauze,999,
TOOL_HOVER,148941,11/30/2022 12:52:02 PM,ddafd015-51d1-47a3-aa29-b4ae831a87ca,Gauze,999,
TOOL_HOVER,148958,11/30/2022 12:52:02 PM,ddafd015-51d1-47a3-aa29-b4ae831a87ca,Gauze,999,
TOOL_HOVER,148975,11/30/2022 12:52:02 PM,ddafd015-51d1-47a3-aa29-b4ae831a87ca,Gauze,999,
TOOL_HOVER,148992,11/30/2022 12:52:02 PM,ddafd015-51d1-47a3-aa29-b4ae831a87ca,Gauze,999,
TOOL_HOVER,149009,11/30/2022 12:52:02 PM,ddafd015-51d1-47a3-aa29-b4ae831a87ca,Gauze,999,
TOOL_HOVER,149026,11/30/2022 12:52:02 PM,ddafd015-51d1-47a3-aa29-b4ae831a87ca,Gauze,999,
TOOL_HOVER,149044,11/30/2022 12:52:02 PM,ddafd015-51d1-47a3-aa29-b4ae831a87ca,Gauze,999,
TOOL_HOVER,149058,11/30/2022 12:52:02 PM,ddafd015-51d1-47a3-aa29-b4ae831a87ca,Gauze,999,
TOOL_HOVER,149075,11/30/2022 12:52:02 PM,ddafd015-51d1-47a3-aa29-b4ae831a87ca,Gauze,999,
TOOL_HOVER,149092,11/30/2022 12:52:02 PM,ddafd015-51d1-47a3-aa29-b4ae831a87ca,Gauze,999,
TOOL_HOVER,149109,11/30/2022 12:52:02 PM,ddafd015-51d1-47a3-aa29-b4ae831a87ca,Gauze,999,
TOOL_HOVER,149125,11/30/2022 12:52:02 PM,ddafd015-51d1-47a3-aa29-b4ae831a87ca,Gauze,999,
TOOL_HOVER,149142,11/30/2022 12:52:02 PM,ddafd015-51d1-47a3-aa29-b4ae831a87ca,Gauze,999,
TOOL_HOVER,149159,11/30/2022 12:52:02 PM,ddafd015-51d1-47a3-aa29-b4ae831a87ca,Gauze,999,
TOOL_HOVER,149176,11/30/2022 12:52:02 PM,ddafd015-51d1-47a3-aa29-b4ae831a87ca,Gauze,999,
TOOL_HOVER,149192,11/30/2022 12:52:02 PM,ddafd015-51d1-47a3-aa29-b4ae831a87ca,Gauze,999,
TOOL_HOVER,149209,11/30/2022 12:52:02 PM,ddafd015-51d1-47a3-aa29-b4ae831a87ca,Gauze,999,
TOOL_HOVER,149226,11/30/2022 12:52:02 PM,ddafd015-51d1-47a3-aa29-b4ae831a87ca,Gauze,999,
TOOL_HOVER,149242,11/30/2022 12:52:02 PM,ddafd015-51d1-47a3-aa29-b4ae831a87ca,Gauze,999,
TOOL_HOVER,149259,11/30/2022 12:52:02 PM,ddafd015-51d1-47a3-aa29-b4ae831a87ca,Gauze,999,
TOOL_HOVER,149275,11/30/2022 12:52:02 PM,ddafd015-51d1-47a3-aa29-b4ae831a87ca,Gauze,999,
TOOL_HOVER,149292,11/30/2022 12:52:02 PM,ddafd015-51d1-47a3-aa29-b4ae831a87ca,Gauze,999,
TOOL_HOVER,149309,11/30/2022 12:52:02 PM,ddafd015-51d1-47a3-aa29-b4ae831a87ca,Gauze,999,
TOOL_HOVER,149326,11/30/2022 12:52:02 PM,ddafd015-51d1-47a3-aa29-b4ae831a87ca,Gauze,999,
VOICE_CAPTURE,151697,11/30/2022 12:52:04 PM,ddafd015-51d1-47a3-aa29-b4ae831a87ca,a second bandage yeah,NA,
TOOL_HOVER,153252,11/30/2022 12:52:06 PM,ddafd015-51d1-47a3-aa29-b4ae831a87ca,Tourniquet,999,
TOOL_HOVER,153269,11/30/2022 12:52:06 PM,ddafd015-51d1-47a3-aa29-b4ae831a87ca,Tourniquet,999,
TOOL_HOVER,153285,11/30/2022 12:52:06 PM,ddafd015-51d1-47a3-aa29-b4ae831a87ca,Tourniquet,999,
TOOL_HOVER,153302,11/30/2022 12:52:06 PM,ddafd015-51d1-47a3-aa29-b4ae831a87ca,Tourniquet,999,
TOOL_HOVER,153318,11/30/2022 12:52:06 PM,ddafd015-51d1-47a3-aa29-b4ae831a87ca,Tourniquet,999,
TOOL_HOVER,153335,11/30/2022 12:52:06 PM,ddafd015-51d1-47a3-aa29-b4ae831a87ca,Tourniquet,999,
TOOL_HOVER,153352,11/30/2022 12:52:06 PM,ddafd015-51d1-47a3-aa29-b4ae831a87ca,Tourniquet,999,
TOOL_HOVER,153369,11/30/2022 12:52:06 PM,ddafd015-51d1-47a3-aa29-b4ae831a87ca,Tourniquet,999,
TOOL_HOVER,153386,11/30/2022 12:52:06 PM,ddafd015-51d1-47a3-aa29-b4ae831a87ca,Tourniquet,999,
TOOL_HOVER,153404,11/30/2022 12:52:06 PM,ddafd015-51d1-47a3-aa29-b4ae831a87ca,Tourniquet,999,
TOOL_HOVER,153418,11/30/2022 12:52:06 PM,ddafd015-51d1-47a3-aa29-b4ae831a87ca,Tourniquet,999,
TOOL_HOVER,153435,11/30/2022 12:52:06 PM,ddafd015-51d1-47a3-aa29-b4ae831a87ca,Tourniquet,999,
TOOL_HOVER,153453,11/30/2022 12:52:06 PM,ddafd015-51d1-47a3-aa29-b4ae831a87ca,Tourniquet,999,
TOOL_HOVER,153469,11/30/2022 12:52:06 PM,ddafd015-51d1-47a3-aa29-b4ae831a87ca,Tourniquet,999,
TOOL_HOVER,153486,11/30/2022 12:52:06 PM,ddafd015-51d1-47a3-aa29-b4ae831a87ca,Tourniquet,999,
TOOL_HOVER,153503,11/30/2022 12:52:06 PM,ddafd015-51d1-47a3-aa29-b4ae831a87ca,Tourniquet,999,
TOOL_HOVER,153519,11/30/2022 12:52:06 PM,ddafd015-51d1-47a3-aa29-b4ae831a87ca,Tourniquet,999,
TOOL_HOVER,153536,11/30/2022 12:52:06 PM,ddafd015-51d1-47a3-aa29-b4ae831a87ca,Tourniquet,999,
TOOL_HOVER,153553,11/30/2022 12:52:06 PM,ddafd015-51d1-47a3-aa29-b4ae831a87ca,Tourniquet,999,
TOOL_HOVER,153571,11/30/2022 12:52:06 PM,ddafd015-51d1-47a3-aa29-b4ae831a87ca,Tourniquet,999,
TOOL_HOVER,153586,11/30/2022 12:52:06 PM,ddafd015-51d1-47a3-aa29-b4ae831a87ca,Tourniquet,999,
TOOL_SELECTED,153587,11/30/2022 12:52:06 PM,ddafd015-51d1-47a3-aa29-b4ae831a87ca,Tourniquet,998,
VOICE_CAPTURE,157679,11/30/2022 12:52:10 PM,ddafd015-51d1-47a3-aa29-b4ae831a87ca,put it on the leg of the car,NA,
VOICE_CAPTURE,162108,11/30/2022 12:52:15 PM,ddafd015-51d1-47a3-aa29-b4ae831a87ca,circle around that OK,NA,
VOICE_CAPTURE,164345,11/30/2022 12:52:17 PM,ddafd015-51d1-47a3-aa29-b4ae831a87ca,OK,NA,
TOOL_DISCARDED,165916,11/30/2022 12:52:19 PM,ddafd015-51d1-47a3-aa29-b4ae831a87ca,Tourniquet,998,"(0.8, 1.4, -4.1)",
TOOL_HOVER,165949,11/30/2022 12:52:19 PM,ddafd015-51d1-47a3-aa29-b4ae831a87ca,Tourniquet,999,
TOOL_HOVER,165966,11/30/2022 12:52:19 PM,ddafd015-51d1-47a3-aa29-b4ae831a87ca,Tourniquet,999,
TOOL_HOVER,165982,11/30/2022 12:52:19 PM,ddafd015-51d1-47a3-aa29-b4ae831a87ca,Tourniquet,999,
TOOL_HOVER,165999,11/30/2022 12:52:19 PM,ddafd015-51d1-47a3-aa29-b4ae831a87ca,Tourniquet,999,
TOOL_HOVER,166016,11/30/2022 12:52:19 PM,ddafd015-51d1-47a3-aa29-b4ae831a87ca,Tourniquet,999,
TOOL_HOVER,166033,11/30/2022 12:52:19 PM,ddafd015-51d1-47a3-aa29-b4ae831a87ca,Tourniquet,999,
TOOL_HOVER,166049,11/30/2022 12:52:19 PM,ddafd015-51d1-47a3-aa29-b4ae831a87ca,Tourniquet,999,
TOOL_HOVER,166067,11/30/2022 12:52:19 PM,ddafd015-51d1-47a3-aa29-b4ae831a87ca,Tourniquet,999,
TOOL_HOVER,166083,11/30/2022 12:52:19 PM,ddafd015-51d1-47a3-aa29-b4ae831a87ca,Tourniquet,999,
TOOL_HOVER,166103,11/30/2022 12:52:19 PM,ddafd015-51d1-47a3-aa29-b4ae831a87ca,Tourniquet,999,
TOOL_HOVER,166116,11/30/2022 12:52:19 PM,ddafd015-51d1-47a3-aa29-b4ae831a87ca,Tourniquet,999,
TOOL_HOVER,166133,11/30/2022 12:52:19 PM,ddafd015-51d1-47a3-aa29-b4ae831a87ca,Tourniquet,999,
TOOL_HOVER,166150,11/30/2022 12:52:19 PM,ddafd015-51d1-47a3-aa29-b4ae831a87ca,Tourniquet,999,
TOOL_HOVER,166167,11/30/2022 12:52:19 PM,ddafd015-51d1-47a3-aa29-b4ae831a87ca,Tourniquet,999,
TOOL_HOVER,166183,11/30/2022 12:52:19 PM,ddafd015-51d1-47a3-aa29-b4ae831a87ca,Tourniquet,999,
TOOL_HOVER,166199,11/30/2022 12:52:19 PM,ddafd015-51d1-47a3-aa29-b4ae831a87ca,Tourniquet,999,
TOOL_HOVER,166216,11/30/2022 12:52:19 PM,ddafd015-51d1-47a3-aa29-b4ae831a87ca,Tourniquet,999,
TOOL_HOVER,166234,11/30/2022 12:52:19 PM,ddafd015-51d1-47a3-aa29-b4ae831a87ca,Tourniquet,999,
TOOL_HOVER,166250,11/30/2022 12:52:19 PM,ddafd015-51d1-47a3-aa29-b4ae831a87ca,Tourniquet,999,
TOOL_HOVER,166266,11/30/2022 12:52:19 PM,ddafd015-51d1-47a3-aa29-b4ae831a87ca,Tourniquet,999,
TOOL_HOVER,166282,11/30/2022 12:52:19 PM,ddafd015-51d1-47a3-aa29-b4ae831a87ca,Tourniquet,999,
TOOL_HOVER,166300,11/30/2022 12:52:19 PM,ddafd015-51d1-47a3-aa29-b4ae831a87ca,Tourniquet,999,
TOOL_HOVER,166317,11/30/2022 12:52:19 PM,ddafd015-51d1-47a3-aa29-b4ae831a87ca,Tourniquet,999,
TOOL_HOVER,166335,11/30/2022 12:52:19 PM,ddafd015-51d1-47a3-aa29-b4ae831a87ca,Tourniquet,999,
TOOL_HOVER,166350,11/30/2022 12:52:19 PM,ddafd015-51d1-47a3-aa29-b4ae831a87ca,Tourniquet,999,
TOOL_HOVER,166367,11/30/2022 12:52:19 PM,ddafd015-51d1-47a3-aa29-b4ae831a87ca,Tourniquet,999,
TOOL_HOVER,166383,11/30/2022 12:52:19 PM,ddafd015-51d1-47a3-aa29-b4ae831a87ca,Tourniquet,999,
TOOL_HOVER,166400,11/30/2022 12:52:19 PM,ddafd015-51d1-47a3-aa29-b4ae831a87ca,Tourniquet,999,
TOOL_HOVER,166416,11/30/2022 12:52:19 PM,ddafd015-51d1-47a3-aa29-b4ae831a87ca,Tourniquet,999,
TOOL_HOVER,166433,11/30/2022 12:52:19 PM,ddafd015-51d1-47a3-aa29-b4ae831a87ca,Tourniquet,999,
TOOL_HOVER,166451,11/30/2022 12:52:19 PM,ddafd015-51d1-47a3-aa29-b4ae831a87ca,Gauze,999,
TOOL_HOVER,166468,11/30/2022 12:52:19 PM,ddafd015-51d1-47a3-aa29-b4ae831a87ca,Gauze,999,
TOOL_HOVER,166486,11/30/2022 12:52:19 PM,ddafd015-51d1-47a3-aa29-b4ae831a87ca,Gauze,999,
TOOL_HOVER,166500,11/30/2022 12:52:19 PM,ddafd015-51d1-47a3-aa29-b4ae831a87ca,Gauze,999,
TOOL_HOVER,166517,11/30/2022 12:52:19 PM,ddafd015-51d1-47a3-aa29-b4ae831a87ca,Gauze,999,
TOOL_HOVER,166536,11/30/2022 12:52:19 PM,ddafd015-51d1-47a3-aa29-b4ae831a87ca,Gauze,999,
VOICE_CAPTURE,168255,11/30/2022 12:52:21 PM,ddafd015-51d1-47a3-aa29-b4ae831a87ca,so the next thing you do will be,NA,
TOOL_HOVER,174353,11/30/2022 12:52:27 PM,ddafd015-51d1-47a3-aa29-b4ae831a87ca,Hemostatic Gauze,999,
TOOL_HOVER,174369,11/30/2022 12:52:27 PM,ddafd015-51d1-47a3-aa29-b4ae831a87ca,Hemostatic Gauze,999,
TOOL_HOVER,174386,11/30/2022 12:52:27 PM,ddafd015-51d1-47a3-aa29-b4ae831a87ca,Hemostatic Gauze,999,
TOOL_HOVER,174404,11/30/2022 12:52:27 PM,ddafd015-51d1-47a3-aa29-b4ae831a87ca,Hemostatic Gauze,999,
TOOL_HOVER,174420,11/30/2022 12:52:27 PM,ddafd015-51d1-47a3-aa29-b4ae831a87ca,Hemostatic Gauze,999,
TOOL_HOVER,174437,11/30/2022 12:52:27 PM,ddafd015-51d1-47a3-aa29-b4ae831a87ca,Hemostatic Gauze,999,
TOOL_HOVER,174453,11/30/2022 12:52:27 PM,ddafd015-51d1-47a3-aa29-b4ae831a87ca,Hemostatic Gauze,999,
TOOL_HOVER,174470,11/30/2022 12:52:27 PM,ddafd015-51d1-47a3-aa29-b4ae831a87ca,Hemostatic Gauze,999,
TOOL_HOVER,174487,11/30/2022 12:52:27 PM,ddafd015-51d1-47a3-aa29-b4ae831a87ca,Hemostatic Gauze,999,
TOOL_HOVER,174503,11/30/2022 12:52:27 PM,ddafd015-51d1-47a3-aa29-b4ae831a87ca,Hemostatic Gauze,999,
TOOL_HOVER,174520,11/30/2022 12:52:27 PM,ddafd015-51d1-47a3-aa29-b4ae831a87ca,Hemostatic Gauze,999,
TOOL_HOVER,174537,11/30/2022 12:52:27 PM,ddafd015-51d1-47a3-aa29-b4ae831a87ca,Hemostatic Gauze,999,
TOOL_HOVER,174556,11/30/2022 12:52:27 PM,ddafd015-51d1-47a3-aa29-b4ae831a87ca,Hemostatic Gauze,999,
TOOL_HOVER,174570,11/30/2022 12:52:27 PM,ddafd015-51d1-47a3-aa29-b4ae831a87ca,Hemostatic Gauze,999,
TOOL_HOVER,174589,11/30/2022 12:52:27 PM,ddafd015-51d1-47a3-aa29-b4ae831a87ca,Hemostatic Gauze,999,
TOOL_HOVER,174603,11/30/2022 12:52:27 PM,ddafd015-51d1-47a3-aa29-b4ae831a87ca,Hemostatic Gauze,999,
TOOL_HOVER,174621,11/30/2022 12:52:27 PM,ddafd015-51d1-47a3-aa29-b4ae831a87ca,Hemostatic Gauze,999,
TOOL_HOVER,174639,11/30/2022 12:52:27 PM,ddafd015-51d1-47a3-aa29-b4ae831a87ca,Hemostatic Gauze,999,
TOOL_HOVER,174653,11/30/2022 12:52:27 PM,ddafd015-51d1-47a3-aa29-b4ae831a87ca,Hemostatic Gauze,999,
TOOL_HOVER,174670,11/30/2022 12:52:27 PM,ddafd015-51d1-47a3-aa29-b4ae831a87ca,Hemostatic Gauze,999,
TOOL_HOVER,174687,11/30/2022 12:52:27 PM,ddafd015-51d1-47a3-aa29-b4ae831a87ca,Hemostatic Gauze,999,
TOOL_HOVER,174703,11/30/2022 12:52:27 PM,ddafd015-51d1-47a3-aa29-b4ae831a87ca,Hemostatic Gauze,999,
TOOL_HOVER,174721,11/30/2022 12:52:27 PM,ddafd015-51d1-47a3-aa29-b4ae831a87ca,Hemostatic Gauze,999,
TOOL_HOVER,174737,11/30/2022 12:52:27 PM,ddafd015-51d1-47a3-aa29-b4ae831a87ca,Hemostatic Gauze,999,
TOOL_HOVER,174754,11/30/2022 12:52:27 PM,ddafd015-51d1-47a3-aa29-b4ae831a87ca,Hemostatic Gauze,999,
TOOL_HOVER,174771,11/30/2022 12:52:27 PM,ddafd015-51d1-47a3-aa29-b4ae831a87ca,Hemostatic Gauze,999,
TOOL_HOVER,174787,11/30/2022 12:52:27 PM,ddafd015-51d1-47a3-aa29-b4ae831a87ca,Hemostatic Gauze,999,
TOOL_HOVER,174806,11/30/2022 12:52:27 PM,ddafd015-51d1-47a3-aa29-b4ae831a87ca,Hemostatic Gauze,999,
TOOL_HOVER,174820,11/30/2022 12:52:27 PM,ddafd015-51d1-47a3-aa29-b4ae831a87ca,Hemostatic Gauze,999,
TOOL_HOVER,174837,11/30/2022 12:52:27 PM,ddafd015-51d1-47a3-aa29-b4ae831a87ca,Hemostatic Gauze,999,
TOOL_HOVER,174854,11/30/2022 12:52:28 PM,ddafd015-51d1-47a3-aa29-b4ae831a87ca,Hemostatic Gauze,999,
TOOL_HOVER,174871,11/30/2022 12:52:28 PM,ddafd015-51d1-47a3-aa29-b4ae831a87ca,Hemostatic Gauze,999,
TOOL_HOVER,174888,11/30/2022 12:52:28 PM,ddafd015-51d1-47a3-aa29-b4ae831a87ca,Hemostatic Gauze,999,
TOOL_HOVER,174906,11/30/2022 12:52:28 PM,ddafd015-51d1-47a3-aa29-b4ae831a87ca,Hemostatic Gauze,999,
TOOL_HOVER,174920,11/30/2022 12:52:28 PM,ddafd015-51d1-47a3-aa29-b4ae831a87ca,Hemostatic Gauze,999,
TOOL_HOVER,174939,11/30/2022 12:52:28 PM,ddafd015-51d1-47a3-aa29-b4ae831a87ca,Hemostatic Gauze,999,
TOOL_HOVER,174954,11/30/2022 12:52:28 PM,ddafd015-51d1-47a3-aa29-b4ae831a87ca,Hemostatic Gauze,999,
TOOL_HOVER,174971,11/30/2022 12:52:28 PM,ddafd015-51d1-47a3-aa29-b4ae831a87ca,Hemostatic Gauze,999,
TOOL_HOVER,174988,11/30/2022 12:52:28 PM,ddafd015-51d1-47a3-aa29-b4ae831a87ca,Hemostatic Gauze,999,
TOOL_HOVER,175005,11/30/2022 12:52:28 PM,ddafd015-51d1-47a3-aa29-b4ae831a87ca,Hemostatic Gauze,999,
TOOL_HOVER,175021,11/30/2022 12:52:28 PM,ddafd015-51d1-47a3-aa29-b4ae831a87ca,Hemostatic Gauze,999,
TOOL_HOVER,175037,11/30/2022 12:52:28 PM,ddafd015-51d1-47a3-aa29-b4ae831a87ca,Hemostatic Gauze,999,
TOOL_HOVER,175058,11/30/2022 12:52:28 PM,ddafd015-51d1-47a3-aa29-b4ae831a87ca,Hemostatic Gauze,999,
TOOL_HOVER,175071,11/30/2022 12:52:28 PM,ddafd015-51d1-47a3-aa29-b4ae831a87ca,Hemostatic Gauze,999,
TOOL_HOVER,175088,11/30/2022 12:52:28 PM,ddafd015-51d1-47a3-aa29-b4ae831a87ca,Hemostatic Gauze,999,
TOOL_HOVER,175104,11/30/2022 12:52:28 PM,ddafd015-51d1-47a3-aa29-b4ae831a87ca,Hemostatic Gauze,999,
TOOL_HOVER,175121,11/30/2022 12:52:28 PM,ddafd015-51d1-47a3-aa29-b4ae831a87ca,Hemostatic Gauze,999,
TOOL_HOVER,175138,11/30/2022 12:52:28 PM,ddafd015-51d1-47a3-aa29-b4ae831a87ca,Hemostatic Gauze,999,
TOOL_HOVER,175154,11/30/2022 12:52:28 PM,ddafd015-51d1-47a3-aa29-b4ae831a87ca,Hemostatic Gauze,999,
TOOL_HOVER,175173,11/30/2022 12:52:28 PM,ddafd015-51d1-47a3-aa29-b4ae831a87ca,Hemostatic Gauze,999,
TOOL_HOVER,175188,11/30/2022 12:52:28 PM,ddafd015-51d1-47a3-aa29-b4ae831a87ca,Hemostatic Gauze,999,
TOOL_HOVER,175205,11/30/2022 12:52:28 PM,ddafd015-51d1-47a3-aa29-b4ae831a87ca,Hemostatic Gauze,999,
TOOL_HOVER,175221,11/30/2022 12:52:28 PM,ddafd015-51d1-47a3-aa29-b4ae831a87ca,Hemostatic Gauze,999,
TOOL_HOVER,175241,11/30/2022 12:52:28 PM,ddafd015-51d1-47a3-aa29-b4ae831a87ca,Hemostatic Gauze,999,
TOOL_HOVER,175258,11/30/2022 12:52:28 PM,ddafd015-51d1-47a3-aa29-b4ae831a87ca,Hemostatic Gauze,999,
TOOL_HOVER,175272,11/30/2022 12:52:28 PM,ddafd015-51d1-47a3-aa29-b4ae831a87ca,Hemostatic Gauze,999,
TOOL_HOVER,175288,11/30/2022 12:52:28 PM,ddafd015-51d1-47a3-aa29-b4ae831a87ca,Hemostatic Gauze,999,
TOOL_HOVER,175306,11/30/2022 12:52:28 PM,ddafd015-51d1-47a3-aa29-b4ae831a87ca,Hemostatic Gauze,999,
TOOL_HOVER,175321,11/30/2022 12:52:28 PM,ddafd015-51d1-47a3-aa29-b4ae831a87ca,Hemostatic Gauze,999,
TOOL_HOVER,175341,11/30/2022 12:52:28 PM,ddafd015-51d1-47a3-aa29-b4ae831a87ca,Hemostatic Gauze,999,
TOOL_HOVER,175356,11/30/2022 12:52:28 PM,ddafd015-51d1-47a3-aa29-b4ae831a87ca,Hemostatic Gauze,999,
TOOL_HOVER,175372,11/30/2022 12:52:28 PM,ddafd015-51d1-47a3-aa29-b4ae831a87ca,Hemostatic Gauze,999,
TOOL_HOVER,175389,11/30/2022 12:52:28 PM,ddafd015-51d1-47a3-aa29-b4ae831a87ca,Hemostatic Gauze,999,
TOOL_HOVER,175406,11/30/2022 12:52:28 PM,ddafd015-51d1-47a3-aa29-b4ae831a87ca,Hemostatic Gauze,999,
TOOL_HOVER,175422,11/30/2022 12:52:28 PM,ddafd015-51d1-47a3-aa29-b4ae831a87ca,Hemostatic Gauze,999,
TOOL_HOVER,175440,11/30/2022 12:52:28 PM,ddafd015-51d1-47a3-aa29-b4ae831a87ca,Hemostatic Gauze,999,
TOOL_HOVER,175456,11/30/2022 12:52:28 PM,ddafd015-51d1-47a3-aa29-b4ae831a87ca,Hemostatic Gauze,999,
TOOL_HOVER,175473,11/30/2022 12:52:28 PM,ddafd015-51d1-47a3-aa29-b4ae831a87ca,Hemostatic Gauze,999,
TOOL_HOVER,175489,11/30/2022 12:52:28 PM,ddafd015-51d1-47a3-aa29-b4ae831a87ca,Hemostatic Gauze,999,
TOOL_HOVER,175506,11/30/2022 12:52:28 PM,ddafd015-51d1-47a3-aa29-b4ae831a87ca,Hemostatic Gauze,999,
TOOL_HOVER,175522,11/30/2022 12:52:28 PM,ddafd015-51d1-47a3-aa29-b4ae831a87ca,Hemostatic Gauze,999,
TOOL_HOVER,175539,11/30/2022 12:52:28 PM,ddafd015-51d1-47a3-aa29-b4ae831a87ca,Hemostatic Gauze,999,
TOOL_HOVER,175557,11/30/2022 12:52:28 PM,ddafd015-51d1-47a3-aa29-b4ae831a87ca,Hemostatic Gauze,999,
TOOL_HOVER,175573,11/30/2022 12:52:28 PM,ddafd015-51d1-47a3-aa29-b4ae831a87ca,Hemostatic Gauze,999,
TOOL_HOVER,175589,11/30/2022 12:52:28 PM,ddafd015-51d1-47a3-aa29-b4ae831a87ca,Hemostatic Gauze,999,
TOOL_HOVER,175606,11/30/2022 12:52:28 PM,ddafd015-51d1-47a3-aa29-b4ae831a87ca,Hemostatic Gauze,999,
TOOL_HOVER,175623,11/30/2022 12:52:28 PM,ddafd015-51d1-47a3-aa29-b4ae831a87ca,Hemostatic Gauze,999,
TOOL_HOVER,175640,11/30/2022 12:52:28 PM,ddafd015-51d1-47a3-aa29-b4ae831a87ca,Hemostatic Gauze,999,
TOOL_HOVER,175656,11/30/2022 12:52:28 PM,ddafd015-51d1-47a3-aa29-b4ae831a87ca,Hemostatic Gauze,999,
TOOL_HOVER,175674,11/30/2022 12:52:28 PM,ddafd015-51d1-47a3-aa29-b4ae831a87ca,Hemostatic Gauze,999,
TOOL_HOVER,175690,11/30/2022 12:52:28 PM,ddafd015-51d1-47a3-aa29-b4ae831a87ca,Hemostatic Gauze,999,
TOOL_HOVER,175706,11/30/2022 12:52:28 PM,ddafd015-51d1-47a3-aa29-b4ae831a87ca,Hemostatic Gauze,999,
TOOL_HOVER,175723,11/30/2022 12:52:28 PM,ddafd015-51d1-47a3-aa29-b4ae831a87ca,Hemostatic Gauze,999,
VOICE_CAPTURE,177744,11/30/2022 12:52:30 PM,ddafd015-51d1-47a3-aa29-b4ae831a87ca,we'll be going into tutorial where you have four patients and you'll you'll literally we'll use your well we pack the wound with gauze,NA,
VOICE_CAPTURE,179899,11/30/2022 12:52:33 PM,ddafd015-51d1-47a3-aa29-b4ae831a87ca,OK,NA,
VOICE_CAPTURE,184410,11/30/2022 12:52:37 PM,ddafd015-51d1-47a3-aa29-b4ae831a87ca,and there's only one,NA,
VOICE_CAPTURE,188136,11/30/2022 12:52:41 PM,ddafd015-51d1-47a3-aa29-b4ae831a87ca,OK,NA,
VOICE_CAPTURE,190534,11/30/2022 12:52:43 PM,ddafd015-51d1-47a3-aa29-b4ae831a87ca,start,NA,
PATIENT_DEMOTED,190782,11/30/2022 12:52:43 PM,ddafd015-51d1-47a3-aa29-b4ae831a87ca,100,Infinity,Mike_0 Root,"(2.6, 0.0, -0.6)","(0.0, 0.7, 0.0, -0.7)",DELAYED,walker,normal,normal,normal,upset,sittingGround,
PATIENT_DEMOTED,191432,11/30/2022 12:52:44 PM,ddafd015-51d1-47a3-aa29-b4ae831a87ca,100,Infinity,Mike_1 Root,"(2.7, 0.0, 0.1)","(0.0, 0.7, 0.0, -0.7)",IMMEDIATE,waver,normal,normal,normal,upset,recovery,
PATIENT_DEMOTED,192066,11/30/2022 12:52:45 PM,ddafd015-51d1-47a3-aa29-b4ae831a87ca,100,Infinity,Mike_2 Root,"(2.6, 0.0, 2.4)","(0.0, 0.7, 0.0, -0.7)",IMMEDIATE,walker,fast,normal,normal,upset,sittingGround,
PATIENT_DEMOTED,192738,11/30/2022 12:52:45 PM,ddafd015-51d1-47a3-aa29-b4ae831a87ca,100,128,Mike_3 Root,"(3.0, 0.0, 4.3)","(0.0, 0.7, 0.0, -0.7)",IMMEDIATE,still,faint,collapsedRight,normal,unresponsive,supine,
SESSION_START,194562,11/30/2022 12:52:47 PM,ddafd015-51d1-47a3-aa29-b4ae831a87ca,
PATIENT_RECORD,194563,11/30/2022 12:52:47 PM,ddafd015-51d1-47a3-aa29-b4ae831a87ca,100,Infinity,Mike_0 Root,"(2.6, 0.0, -1.4)","(0.0, 0.7, 0.0, -0.7)",DELAYED,walker,normal,normal,normal,upset,sittingGround,
INJURY_RECORD,194563,11/30/2022 12:52:47 PM,ddafd015-51d1-47a3-aa29-b4ae831a87ca,R Forearm Laceration,Mike_0 Root,gauzePressure,low,rightArm,False,False,"(2.7, 1.4, -0.9)",
PATIENT_RECORD,194563,11/30/2022 12:52:47 PM,ddafd015-51d1-47a3-aa29-b4ae831a87ca,100,Infinity,Mike_1 Root,"(2.9, 0.0, 0.1)","(0.0, 0.7, 0.0, -0.7)",IMMEDIATE,waver,normal,normal,normal,upset,recovery,
INJURY_RECORD,194563,11/30/2022 12:52:47 PM,ddafd015-51d1-47a3-aa29-b4ae831a87ca,L Thigh Laceration,Mike_1 Root,tourniquet,medium,leftLeg,False,False,"(2.8, 0.7, -0.1)",
PATIENT_RECORD,194563,11/30/2022 12:52:47 PM,ddafd015-51d1-47a3-aa29-b4ae831a87ca,100,Infinity,Mike_2 Root,"(3.1, 0.0, 2.2)","(0.0, 0.7, 0.0, -0.7)",IMMEDIATE,walker,fast,normal,normal,upset,sittingGround,
INJURY_RECORD,194563,11/30/2022 12:52:47 PM,ddafd015-51d1-47a3-aa29-b4ae831a87ca,L Shoulder Puncture,Mike_2 Root,woundpack,medium,chest,False,False,"(3.1, 1.5, 2.1)",
PATIENT_RECORD,194563,11/30/2022 12:52:47 PM,ddafd015-51d1-47a3-aa29-b4ae831a87ca,100,128,Mike_3 Root,"(3.2, 0.0, 4.3)","(0.0, 0.7, 0.0, -0.7)",IMMEDIATE,still,faint,collapsedRight,normal,unresponsive,supine,
INJURY_RECORD,194563,11/30/2022 12:52:47 PM,ddafd015-51d1-47a3-aa29-b4ae831a87ca,R Chest Collapse,Mike_3 Root,decompress,high,chest,False,False,"(0.0, 0.0, 0.0)",
VOICE_CAPTURE,198621,11/30/2022 12:52:51 PM,ddafd015-51d1-47a3-aa29-b4ae831a87ca,look around,NA,
VOICE_CAPTURE,201777,11/30/2022 12:52:54 PM,ddafd015-51d1-47a3-aa29-b4ae831a87ca,i got 4,NA,
BAG_CLOSED,201912,11/30/2022 12:52:55 PM,ddafd015-51d1-47a3-aa29-b4ae831a87ca,"(0.1, 0.8, -3.8)",
TELEPORT,201912,11/30/2022 12:52:55 PM,ddafd015-51d1-47a3-aa29-b4ae831a87ca,"(0.8, 0.0, -3.4)",
TELEPORT,204551,11/30/2022 12:52:57 PM,ddafd015-51d1-47a3-aa29-b4ae831a87ca,"(1.9, 0.0, -2.2)",
VOICE_CAPTURE,205353,11/30/2022 12:52:58 PM,ddafd015-51d1-47a3-aa29-b4ae831a87ca,oh,NA,
TELEPORT,205403,11/30/2022 12:52:58 PM,ddafd015-51d1-47a3-aa29-b4ae831a87ca,"(2.1, 0.0, -2.0)",
PATIENT_ENGAGED,206356,11/30/2022 12:52:59 PM,ddafd015-51d1-47a3-aa29-b4ae831a87ca,100,Infinity,Mike_0 Root,"(2.6, 0.0, -1.4)","(0.0, 0.7, 0.0, -0.7)",DELAYED,walker,normal,normal,normal,upset,sittingGround,
TELEPORT,210859,11/30/2022 12:53:04 PM,ddafd015-51d1-47a3-aa29-b4ae831a87ca,"(2.3, 0.0, -1.9)",
VOICE_CAPTURE,213413,11/30/2022 12:53:06 PM,ddafd015-51d1-47a3-aa29-b4ae831a87ca,how you doing sir,NA,
VOICE_CAPTURE,216621,11/30/2022 12:53:09 PM,ddafd015-51d1-47a3-aa29-b4ae831a87ca,they don't answer i take it in this,NA,
VOICE_CAPTURE,218743,11/30/2022 12:53:11 PM,ddafd015-51d1-47a3-aa29-b4ae831a87ca,OK,NA,
VOICE_CAPTURE,221818,11/30/2022 12:53:14 PM,ddafd015-51d1-47a3-aa29-b4ae831a87ca,show me your arm,NA,
VOICE_COMMAND,221818,11/30/2022 12:53:14 PM,ddafd015-51d1-47a3-aa29-b4ae831a87ca,reveal injury,show me your arm,
VOICE_CAPTURE,225125,11/30/2022 12:53:18 PM,ddafd015-51d1-47a3-aa29-b4ae831a87ca,OK,NA,
VOICE_CAPTURE,234898,11/30/2022 12:53:28 PM,ddafd015-51d1-47a3-aa29-b4ae831a87ca,where is my kit,NA,
VOICE_CAPTURE,242927,11/30/2022 12:53:36 PM,ddafd015-51d1-47a3-aa29-b4ae831a87ca,it's way back there,NA,
PATIENT_ENGAGED,244542,11/30/2022 12:53:37 PM,ddafd015-51d1-47a3-aa29-b4ae831a87ca,100,Infinity,Mike_1 Root,"(2.9, 0.0, 0.1)","(0.0, 0.7, 0.0, -0.7)",IMMEDIATE,waver,normal,normal,normal,upset,recovery,
TELEPORT,246644,11/30/2022 12:53:39 PM,ddafd015-51d1-47a3-aa29-b4ae831a87ca,"(2.5, 0.0, -1.8)",
PATIENT_ENGAGED,247980,11/30/2022 12:53:41 PM,ddafd015-51d1-47a3-aa29-b4ae831a87ca,100,Infinity,Mike_0 Root,"(2.6, 0.0, -1.4)","(0.0, 0.7, 0.0, -0.7)",DELAYED,walker,normal,normal,normal,upset,sittingGround,
VOICE_CAPTURE,252140,11/30/2022 12:53:45 PM,ddafd015-51d1-47a3-aa29-b4ae831a87ca,it's there,NA,
BAG_ACCESS,253561,11/30/2022 12:53:46 PM,ddafd015-51d1-47a3-aa29-b4ae831a87ca,"(3.1, 0.4, -0.9)",
VOICE_CAPTURE,254229,11/30/2022 12:53:47 PM,ddafd015-51d1-47a3-aa29-b4ae831a87ca,there we go,NA,
TOOL_HOVER,255449,11/30/2022 12:53:48 PM,ddafd015-51d1-47a3-aa29-b4ae831a87ca,Tourniquet,999,
TOOL_HOVER,255465,11/30/2022 12:53:48 PM,ddafd015-51d1-47a3-aa29-b4ae831a87ca,Tourniquet,999,
TOOL_HOVER,255482,11/30/2022 12:53:48 PM,ddafd015-51d1-47a3-aa29-b4ae831a87ca,Tourniquet,999,
TOOL_HOVER,255499,11/30/2022 12:53:48 PM,ddafd015-51d1-47a3-aa29-b4ae831a87ca,Tourniquet,999,
TOOL_HOVER,255515,11/30/2022 12:53:48 PM,ddafd015-51d1-47a3-aa29-b4ae831a87ca,Tourniquet,999,
TOOL_HOVER,255532,11/30/2022 12:53:48 PM,ddafd015-51d1-47a3-aa29-b4ae831a87ca,Tourniquet,999,
TOOL_HOVER,255549,11/30/2022 12:53:48 PM,ddafd015-51d1-47a3-aa29-b4ae831a87ca,Tourniquet,999,
TOOL_HOVER,255566,11/30/2022 12:53:48 PM,ddafd015-51d1-47a3-aa29-b4ae831a87ca,Tourniquet,999,
TOOL_SELECTED,255567,11/30/2022 12:53:48 PM,ddafd015-51d1-47a3-aa29-b4ae831a87ca,Tourniquet,998,
TOOL_DISCARDED,256234,11/30/2022 12:53:49 PM,ddafd015-51d1-47a3-aa29-b4ae831a87ca,Tourniquet,998,"(2.3, 0.9, -1.2)",
TOOL_HOVER,256250,11/30/2022 12:53:49 PM,ddafd015-51d1-47a3-aa29-b4ae831a87ca,Tourniquet,999,
TOOL_HOVER,256267,11/30/2022 12:53:49 PM,ddafd015-51d1-47a3-aa29-b4ae831a87ca,Tourniquet,999,
TOOL_HOVER,256284,11/30/2022 12:53:49 PM,ddafd015-51d1-47a3-aa29-b4ae831a87ca,Tourniquet,999,
TOOL_HOVER,256300,11/30/2022 12:53:49 PM,ddafd015-51d1-47a3-aa29-b4ae831a87ca,Tourniquet,999,
TOOL_HOVER,256317,11/30/2022 12:53:49 PM,ddafd015-51d1-47a3-aa29-b4ae831a87ca,Tourniquet,999,
TOOL_HOVER,256334,11/30/2022 12:53:49 PM,ddafd015-51d1-47a3-aa29-b4ae831a87ca,Tourniquet,999,
TOOL_HOVER,256351,11/30/2022 12:53:49 PM,ddafd015-51d1-47a3-aa29-b4ae831a87ca,Tourniquet,999,
TOOL_HOVER,256367,11/30/2022 12:53:49 PM,ddafd015-51d1-47a3-aa29-b4ae831a87ca,Tourniquet,999,
TOOL_HOVER,256384,11/30/2022 12:53:49 PM,ddafd015-51d1-47a3-aa29-b4ae831a87ca,Tourniquet,999,
TOOL_HOVER,256401,11/30/2022 12:53:49 PM,ddafd015-51d1-47a3-aa29-b4ae831a87ca,Tourniquet,999,
TOOL_HOVER,256417,11/30/2022 12:53:49 PM,ddafd015-51d1-47a3-aa29-b4ae831a87ca,Tourniquet,999,
TOOL_HOVER,256435,11/30/2022 12:53:49 PM,ddafd015-51d1-47a3-aa29-b4ae831a87ca,Tourniquet,999,
TOOL_HOVER,256451,11/30/2022 12:53:49 PM,ddafd015-51d1-47a3-aa29-b4ae831a87ca,Tourniquet,999,
TOOL_HOVER,256468,11/30/2022 12:53:49 PM,ddafd015-51d1-47a3-aa29-b4ae831a87ca,Tourniquet,999,
TOOL_HOVER,256484,11/30/2022 12:53:49 PM,ddafd015-51d1-47a3-aa29-b4ae831a87ca,Tourniquet,999,
TOOL_SELECTED,256485,11/30/2022 12:53:49 PM,ddafd015-51d1-47a3-aa29-b4ae831a87ca,Tourniquet,998,
TOOL_DISCARDED,267813,11/30/2022 12:54:00 PM,ddafd015-51d1-47a3-aa29-b4ae831a87ca,Tourniquet,998,"(2.8, 0.2, -1.5)",
VOICE_CAPTURE,268648,11/30/2022 12:54:01 PM,ddafd015-51d1-47a3-aa29-b4ae831a87ca,through and through though so,NA,
VOICE_CAPTURE,270653,11/30/2022 12:54:03 PM,ddafd015-51d1-47a3-aa29-b4ae831a87ca,but all,NA,
VOICE_CAPTURE,275331,11/30/2022 12:54:08 PM,ddafd015-51d1-47a3-aa29-b4ae831a87ca,oh they're all exposed oh he's done it on the laceration here OK,NA,
TOOL_HOVER,275849,11/30/2022 12:54:09 PM,ddafd015-51d1-47a3-aa29-b4ae831a87ca,Tourniquet,999,
TOOL_HOVER,275866,11/30/2022 12:54:09 PM,ddafd015-51d1-47a3-aa29-b4ae831a87ca,Tourniquet,999,
TOOL_HOVER,275883,11/30/2022 12:54:09 PM,ddafd015-51d1-47a3-aa29-b4ae831a87ca,Tourniquet,999,
TOOL_HOVER,275898,11/30/2022 12:54:09 PM,ddafd015-51d1-47a3-aa29-b4ae831a87ca,Tourniquet,999,
TOOL_HOVER,275916,11/30/2022 12:54:09 PM,ddafd015-51d1-47a3-aa29-b4ae831a87ca,Tourniquet,999,
TOOL_HOVER,275932,11/30/2022 12:54:09 PM,ddafd015-51d1-47a3-aa29-b4ae831a87ca,Tourniquet,999,
TOOL_HOVER,275949,11/30/2022 12:54:09 PM,ddafd015-51d1-47a3-aa29-b4ae831a87ca,Tourniquet,999,
TOOL_SELECTED,275950,11/30/2022 12:54:09 PM,ddafd015-51d1-47a3-aa29-b4ae831a87ca,Tourniquet,998,
TOOL_APPLIED,277655,11/30/2022 12:54:10 PM,ddafd015-51d1-47a3-aa29-b4ae831a87ca,Mike_0 Root,Tourniquet,RightForeArm (UnityEngine.GameObject),tor_ring (1) (UnityEngine.GameObject),tourniquet(Clone) (UnityEngine.GameObject),AppliedTourniquet,
VOICE_CAPTURE,278855,11/30/2022 12:54:12 PM,ddafd015-51d1-47a3-aa29-b4ae831a87ca,alright i'll take that again,NA,
VOICE_CAPTURE,281864,11/30/2022 12:54:15 PM,ddafd015-51d1-47a3-aa29-b4ae831a87ca,yeah,NA,
TOOL_HOVER,283951,11/30/2022 12:54:17 PM,ddafd015-51d1-47a3-aa29-b4ae831a87ca,Hemostatic Gauze,999,
TOOL_HOVER,283969,11/30/2022 12:54:17 PM,ddafd015-51d1-47a3-aa29-b4ae831a87ca,Hemostatic Gauze,999,
TOOL_HOVER,283985,11/30/2022 12:54:17 PM,ddafd015-51d1-47a3-aa29-b4ae831a87ca,Hemostatic Gauze,999,
TOOL_HOVER,284004,11/30/2022 12:54:17 PM,ddafd015-51d1-47a3-aa29-b4ae831a87ca,Hemostatic Gauze,999,
TOOL_HOVER,284018,11/30/2022 12:54:17 PM,ddafd015-51d1-47a3-aa29-b4ae831a87ca,Hemostatic Gauze,999,
TOOL_HOVER,284035,11/30/2022 12:54:17 PM,ddafd015-51d1-47a3-aa29-b4ae831a87ca,Hemostatic Gauze,999,
TOOL_HOVER,284052,11/30/2022 12:54:17 PM,ddafd015-51d1-47a3-aa29-b4ae831a87ca,Hemostatic Gauze,999,
TOOL_HOVER,284069,11/30/2022 12:54:17 PM,ddafd015-51d1-47a3-aa29-b4ae831a87ca,Hemostatic Gauze,999,
TOOL_HOVER,284086,11/30/2022 12:54:17 PM,ddafd015-51d1-47a3-aa29-b4ae831a87ca,Hemostatic Gauze,999,
TOOL_HOVER,284102,11/30/2022 12:54:17 PM,ddafd015-51d1-47a3-aa29-b4ae831a87ca,Hemostatic Gauze,999,
TOOL_HOVER,284118,11/30/2022 12:54:17 PM,ddafd015-51d1-47a3-aa29-b4ae831a87ca,Hemostatic Gauze,999,
TOOL_HOVER,284135,11/30/2022 12:54:17 PM,ddafd015-51d1-47a3-aa29-b4ae831a87ca,Hemostatic Gauze,999,
TOOL_HOVER,284154,11/30/2022 12:54:17 PM,ddafd015-51d1-47a3-aa29-b4ae831a87ca,Hemostatic Gauze,999,
TOOL_HOVER,284169,11/30/2022 12:54:17 PM,ddafd015-51d1-47a3-aa29-b4ae831a87ca,Hemostatic Gauze,999,
TOOL_HOVER,284187,11/30/2022 12:54:17 PM,ddafd015-51d1-47a3-aa29-b4ae831a87ca,Hemostatic Gauze,999,
TOOL_HOVER,284202,11/30/2022 12:54:17 PM,ddafd015-51d1-47a3-aa29-b4ae831a87ca,Hemostatic Gauze,999,
TOOL_HOVER,284219,11/30/2022 12:54:17 PM,ddafd015-51d1-47a3-aa29-b4ae831a87ca,Hemostatic Gauze,999,
TOOL_HOVER,284235,11/30/2022 12:54:17 PM,ddafd015-51d1-47a3-aa29-b4ae831a87ca,Hemostatic Gauze,999,
TOOL_HOVER,284252,11/30/2022 12:54:17 PM,ddafd015-51d1-47a3-aa29-b4ae831a87ca,Hemostatic Gauze,999,
TOOL_HOVER,284269,11/30/2022 12:54:17 PM,ddafd015-51d1-47a3-aa29-b4ae831a87ca,Hemostatic Gauze,999,
TOOL_HOVER,284286,11/30/2022 12:54:17 PM,ddafd015-51d1-47a3-aa29-b4ae831a87ca,Hemostatic Gauze,999,
TOOL_HOVER,284303,11/30/2022 12:54:17 PM,ddafd015-51d1-47a3-aa29-b4ae831a87ca,Hemostatic Gauze,999,
TOOL_HOVER,284319,11/30/2022 12:54:17 PM,ddafd015-51d1-47a3-aa29-b4ae831a87ca,Hemostatic Gauze,999,
TOOL_HOVER,284336,11/30/2022 12:54:17 PM,ddafd015-51d1-47a3-aa29-b4ae831a87ca,Hemostatic Gauze,999,
TOOL_HOVER,284353,11/30/2022 12:54:17 PM,ddafd015-51d1-47a3-aa29-b4ae831a87ca,Hemostatic Gauze,999,
TOOL_HOVER,284369,11/30/2022 12:54:17 PM,ddafd015-51d1-47a3-aa29-b4ae831a87ca,Hemostatic Gauze,999,
TOOL_HOVER,284386,11/30/2022 12:54:17 PM,ddafd015-51d1-47a3-aa29-b4ae831a87ca,Hemostatic Gauze,999,
TOOL_HOVER,284403,11/30/2022 12:54:17 PM,ddafd015-51d1-47a3-aa29-b4ae831a87ca,Hemostatic Gauze,999,
TOOL_HOVER,284420,11/30/2022 12:54:17 PM,ddafd015-51d1-47a3-aa29-b4ae831a87ca,Hemostatic Gauze,999,
TOOL_HOVER,284436,11/30/2022 12:54:17 PM,ddafd015-51d1-47a3-aa29-b4ae831a87ca,Hemostatic Gauze,999,
TOOL_HOVER,284453,11/30/2022 12:54:17 PM,ddafd015-51d1-47a3-aa29-b4ae831a87ca,Hemostatic Gauze,999,
TOOL_HOVER,284469,11/30/2022 12:54:17 PM,ddafd015-51d1-47a3-aa29-b4ae831a87ca,Hemostatic Gauze,999,
TOOL_HOVER,284488,11/30/2022 12:54:17 PM,ddafd015-51d1-47a3-aa29-b4ae831a87ca,Hemostatic Gauze,999,
TOOL_HOVER,284504,11/30/2022 12:54:17 PM,ddafd015-51d1-47a3-aa29-b4ae831a87ca,Hemostatic Gauze,999,
TOOL_HOVER,284519,11/30/2022 12:54:17 PM,ddafd015-51d1-47a3-aa29-b4ae831a87ca,Hemostatic Gauze,999,
TOOL_HOVER,284537,11/30/2022 12:54:17 PM,ddafd015-51d1-47a3-aa29-b4ae831a87ca,Hemostatic Gauze,999,
TOOL_HOVER,284554,11/30/2022 12:54:17 PM,ddafd015-51d1-47a3-aa29-b4ae831a87ca,Hemostatic Gauze,999,
TOOL_HOVER,284570,11/30/2022 12:54:17 PM,ddafd015-51d1-47a3-aa29-b4ae831a87ca,Hemostatic Gauze,999,
TOOL_HOVER,284587,11/30/2022 12:54:17 PM,ddafd015-51d1-47a3-aa29-b4ae831a87ca,Hemostatic Gauze,999,
TOOL_HOVER,284603,11/30/2022 12:54:17 PM,ddafd015-51d1-47a3-aa29-b4ae831a87ca,Hemostatic Gauze,999,
TOOL_HOVER,284620,11/30/2022 12:54:17 PM,ddafd015-51d1-47a3-aa29-b4ae831a87ca,Hemostatic Gauze,999,
TOOL_HOVER,284636,11/30/2022 12:54:17 PM,ddafd015-51d1-47a3-aa29-b4ae831a87ca,Hemostatic Gauze,999,
TOOL_HOVER,284654,11/30/2022 12:54:17 PM,ddafd015-51d1-47a3-aa29-b4ae831a87ca,Hemostatic Gauze,999,
TOOL_HOVER,284670,11/30/2022 12:54:17 PM,ddafd015-51d1-47a3-aa29-b4ae831a87ca,Hemostatic Gauze,999,
TOOL_HOVER,284687,11/30/2022 12:54:17 PM,ddafd015-51d1-47a3-aa29-b4ae831a87ca,Hemostatic Gauze,999,
TOOL_HOVER,284704,11/30/2022 12:54:17 PM,ddafd015-51d1-47a3-aa29-b4ae831a87ca,Hemostatic Gauze,999,
TOOL_HOVER,284719,11/30/2022 12:54:17 PM,ddafd015-51d1-47a3-aa29-b4ae831a87ca,Hemostatic Gauze,999,
TOOL_HOVER,284736,11/30/2022 12:54:17 PM,ddafd015-51d1-47a3-aa29-b4ae831a87ca,Hemostatic Gauze,999,
TOOL_HOVER,285740,11/30/2022 12:54:18 PM,ddafd015-51d1-47a3-aa29-b4ae831a87ca,Hemostatic Gauze,999,
TOOL_HOVER,285756,11/30/2022 12:54:18 PM,ddafd015-51d1-47a3-aa29-b4ae831a87ca,Hemostatic Gauze,999,
TOOL_HOVER,285773,11/30/2022 12:54:18 PM,ddafd015-51d1-47a3-aa29-b4ae831a87ca,Hemostatic Gauze,999,
TOOL_HOVER,285789,11/30/2022 12:54:18 PM,ddafd015-51d1-47a3-aa29-b4ae831a87ca,Hemostatic Gauze,999,
TOOL_HOVER,285807,11/30/2022 12:54:18 PM,ddafd015-51d1-47a3-aa29-b4ae831a87ca,Hemostatic Gauze,999,
TOOL_HOVER,285824,11/30/2022 12:54:18 PM,ddafd015-51d1-47a3-aa29-b4ae831a87ca,Hemostatic Gauze,999,
TOOL_HOVER,285840,11/30/2022 12:54:18 PM,ddafd015-51d1-47a3-aa29-b4ae831a87ca,Hemostatic Gauze,999,
TOOL_SELECTED,285841,11/30/2022 12:54:18 PM,ddafd015-51d1-47a3-aa29-b4ae831a87ca,Hemostatic Gauze,998,
VOICE_CAPTURE,286942,11/30/2022 12:54:20 PM,ddafd015-51d1-47a3-aa29-b4ae831a87ca,bright modality how about just cause,NA,
VOICE_CAPTURE,293106,11/30/2022 12:54:26 PM,ddafd015-51d1-47a3-aa29-b4ae831a87ca,laceration,NA,
TOOL_DISCARDED,293891,11/30/2022 12:54:27 PM,ddafd015-51d1-47a3-aa29-b4ae831a87ca,Hemostatic Gauze,998,"(2.4, 0.9, -0.9)",
TOOL_APPLIED,293892,11/30/2022 12:54:27 PM,ddafd015-51d1-47a3-aa29-b4ae831a87ca,Mike_0 Root,Gauze_Pack,skinCollider_BodyCollideLOD (UnityEngine.GameObject),null,null,AppliedPackingGauze,
TOOL_HOVER,293942,11/30/2022 12:54:27 PM,ddafd015-51d1-47a3-aa29-b4ae831a87ca,Hemostatic Gauze,999,
TOOL_HOVER,293958,11/30/2022 12:54:27 PM,ddafd015-51d1-47a3-aa29-b4ae831a87ca,Hemostatic Gauze,999,
TOOL_HOVER,293975,11/30/2022 12:54:27 PM,ddafd015-51d1-47a3-aa29-b4ae831a87ca,Hemostatic Gauze,999,
TOOL_HOVER,293992,11/30/2022 12:54:27 PM,ddafd015-51d1-47a3-aa29-b4ae831a87ca,Hemostatic Gauze,999,
TOOL_HOVER,294010,11/30/2022 12:54:27 PM,ddafd015-51d1-47a3-aa29-b4ae831a87ca,Hemostatic Gauze,999,
TOOL_HOVER,294026,11/30/2022 12:54:27 PM,ddafd015-51d1-47a3-aa29-b4ae831a87ca,Hemostatic Gauze,999,
TOOL_HOVER,294042,11/30/2022 12:54:27 PM,ddafd015-51d1-47a3-aa29-b4ae831a87ca,Hemostatic Gauze,999,
TOOL_HOVER,294060,11/30/2022 12:54:27 PM,ddafd015-51d1-47a3-aa29-b4ae831a87ca,Hemostatic Gauze,999,
TOOL_HOVER,294077,11/30/2022 12:54:27 PM,ddafd015-51d1-47a3-aa29-b4ae831a87ca,Hemostatic Gauze,999,
TOOL_HOVER,294093,11/30/2022 12:54:27 PM,ddafd015-51d1-47a3-aa29-b4ae831a87ca,Hemostatic Gauze,999,
TOOL_HOVER,294111,11/30/2022 12:54:27 PM,ddafd015-51d1-47a3-aa29-b4ae831a87ca,Hemostatic Gauze,999,
TOOL_HOVER,294127,11/30/2022 12:54:27 PM,ddafd015-51d1-47a3-aa29-b4ae831a87ca,Hemostatic Gauze,999,
TOOL_HOVER,294143,11/30/2022 12:54:27 PM,ddafd015-51d1-47a3-aa29-b4ae831a87ca,Hemostatic Gauze,999,
TOOL_HOVER,294161,11/30/2022 12:54:27 PM,ddafd015-51d1-47a3-aa29-b4ae831a87ca,Hemostatic Gauze,999,
TOOL_HOVER,294177,11/30/2022 12:54:27 PM,ddafd015-51d1-47a3-aa29-b4ae831a87ca,Hemostatic Gauze,999,
TOOL_HOVER,294194,11/30/2022 12:54:27 PM,ddafd015-51d1-47a3-aa29-b4ae831a87ca,Hemostatic Gauze,999,
TOOL_HOVER,294211,11/30/2022 12:54:27 PM,ddafd015-51d1-47a3-aa29-b4ae831a87ca,Hemostatic Gauze,999,
TOOL_HOVER,294228,11/30/2022 12:54:27 PM,ddafd015-51d1-47a3-aa29-b4ae831a87ca,Hemostatic Gauze,999,
TOOL_HOVER,294245,11/30/2022 12:54:27 PM,ddafd015-51d1-47a3-aa29-b4ae831a87ca,Hemostatic Gauze,999,
TOOL_HOVER,294261,11/30/2022 12:54:27 PM,ddafd015-51d1-47a3-aa29-b4ae831a87ca,Hemostatic Gauze,999,
TOOL_HOVER,294278,11/30/2022 12:54:27 PM,ddafd015-51d1-47a3-aa29-b4ae831a87ca,Hemostatic Gauze,999,
TOOL_HOVER,294295,11/30/2022 12:54:27 PM,ddafd015-51d1-47a3-aa29-b4ae831a87ca,Hemostatic Gauze,999,
TOOL_HOVER,294311,11/30/2022 12:54:27 PM,ddafd015-51d1-47a3-aa29-b4ae831a87ca,Hemostatic Gauze,999,
TOOL_HOVER,294329,11/30/2022 12:54:27 PM,ddafd015-51d1-47a3-aa29-b4ae831a87ca,Hemostatic Gauze,999,
TOOL_HOVER,294745,11/30/2022 12:54:27 PM,ddafd015-51d1-47a3-aa29-b4ae831a87ca,Gauze,999,
TOOL_HOVER,294762,11/30/2022 12:54:27 PM,ddafd015-51d1-47a3-aa29-b4ae831a87ca,Gauze,999,
TOOL_HOVER,294779,11/30/2022 12:54:27 PM,ddafd015-51d1-47a3-aa29-b4ae831a87ca,Gauze,999,
TOOL_SELECTED,294780,11/30/2022 12:54:27 PM,ddafd015-51d1-47a3-aa29-b4ae831a87ca,Gauze,998,
VOICE_CAPTURE,296431,11/30/2022 12:54:29 PM,ddafd015-51d1-47a3-aa29-b4ae831a87ca,temple,NA,
TOOL_DISCARDED,298003,11/30/2022 12:54:31 PM,ddafd015-51d1-47a3-aa29-b4ae831a87ca,Gauze,998,"(2.8, 0.5, -1.4)",
INJURY_TREATED,298004,11/30/2022 12:54:31 PM,ddafd015-51d1-47a3-aa29-b4ae831a87ca,R Forearm Laceration,Mike_0 Root,gauzePressure,low,rightArm,True,False,"(2.8, 0.5, -1.4)",
TOOL_APPLIED,298004,11/30/2022 12:54:31 PM,ddafd015-51d1-47a3-aa29-b4ae831a87ca,Mike_0 Root,Gauze_Dressing,skinCollider_BodyCollideLOD (UnityEngine.GameObject),null,null,AppliedDressingGauze,
VOICE_CAPTURE,298052,11/30/2022 12:54:31 PM,ddafd015-51d1-47a3-aa29-b4ae831a87ca,just a bandage,NA,
BAG_CLOSED,301045,11/30/2022 12:54:34 PM,ddafd015-51d1-47a3-aa29-b4ae831a87ca,"(3.1, 0.4, -0.9)",
VOICE_CAPTURE,301595,11/30/2022 12:54:34 PM,ddafd015-51d1-47a3-aa29-b4ae831a87ca,there you go done,NA,
VOICE_CAPTURE,306272,11/30/2022 12:54:39 PM,ddafd015-51d1-47a3-aa29-b4ae831a87ca,mine,NA,
VOICE_CAPTURE,307826,11/30/2022 12:54:40 PM,ddafd015-51d1-47a3-aa29-b4ae831a87ca,his,NA,
PULSE_TAKEN,313473,11/30/2022 12:54:46 PM,ddafd015-51d1-47a3-aa29-b4ae831a87ca,pulse_normal,Mike_0 Root,
PULSE_TAKEN,314292,11/30/2022 12:54:47 PM,ddafd015-51d1-47a3-aa29-b4ae831a87ca,pulse_normal,Mike_0 Root,
VOICE_CAPTURE,332236,11/30/2022 12:55:05 PM,ddafd015-51d1-47a3-aa29-b4ae831a87ca,i do so that's that's a positive then OK,NA,
VOICE_COMMAND,332236,11/30/2022 12:55:05 PM,ddafd015-51d1-47a3-aa29-b4ae831a87ca,sit up/down,i do so that's that's a positive then OK,
VOICE_CAPTURE,333787,11/30/2022 12:55:06 PM,ddafd015-51d1-47a3-aa29-b4ae831a87ca,can you stand,NA,
VOICE_COMMAND,333787,11/30/2022 12:55:06 PM,ddafd015-51d1-47a3-aa29-b4ae831a87ca,stand up,can you stand,
BAG_ACCESS,335720,11/30/2022 12:55:08 PM,ddafd015-51d1-47a3-aa29-b4ae831a87ca,"(3.0, 0.7, -1.1)",
VOICE_CAPTURE,340747,11/30/2022 12:55:13 PM,ddafd015-51d1-47a3-aa29-b4ae831a87ca,he can stand so that's great,NA,
VOICE_COMMAND,340747,11/30/2022 12:55:13 PM,ddafd015-51d1-47a3-aa29-b4ae831a87ca,stand up,he can stand so that's great,
TAG_SELECTED,342140,11/30/2022 12:55:15 PM,ddafd015-51d1-47a3-aa29-b4ae831a87ca,yellow,
TAG_APPLIED,345063,11/30/2022 12:55:18 PM,ddafd015-51d1-47a3-aa29-b4ae831a87ca,Mike_0 Root,yellow,
PATIENT_ENGAGED,352242,11/30/2022 12:55:25 PM,ddafd015-51d1-47a3-aa29-b4ae831a87ca,100,Infinity,Mike_1 Root,"(2.9, 0.0, 0.1)","(0.0, 0.7, 0.0, -0.7)",IMMEDIATE,waver,normal,normal,normal,upset,recovery,
VOICE_CAPTURE,355640,11/30/2022 12:55:28 PM,ddafd015-51d1-47a3-aa29-b4ae831a87ca,this was definitely a need,NA,
VOICE_CAPTURE,360702,11/30/2022 12:55:33 PM,ddafd015-51d1-47a3-aa29-b4ae831a87ca,grabbing that kit is,NA,
VOICE_CAPTURE,367161,11/30/2022 12:55:40 PM,ddafd015-51d1-47a3-aa29-b4ae831a87ca,isn't there,NA,
VOICE_CAPTURE,381466,11/30/2022 12:55:54 PM,ddafd015-51d1-47a3-aa29-b4ae831a87ca,should be there it's over here,NA,
TOOL_HOVER,382741,11/30/2022 12:55:55 PM,ddafd015-51d1-47a3-aa29-b4ae831a87ca,Tourniquet,998,
TOOL_HOVER,382757,11/30/2022 12:55:55 PM,ddafd015-51d1-47a3-aa29-b4ae831a87ca,Tourniquet,998,
TOOL_HOVER,382773,11/30/2022 12:55:55 PM,ddafd015-51d1-47a3-aa29-b4ae831a87ca,Tourniquet,998,
TOOL_HOVER,382790,11/30/2022 12:55:55 PM,ddafd015-51d1-47a3-aa29-b4ae831a87ca,Tourniquet,998,
TOOL_HOVER,382807,11/30/2022 12:55:55 PM,ddafd015-51d1-47a3-aa29-b4ae831a87ca,Tourniquet,998,
TOOL_HOVER,382824,11/30/2022 12:55:55 PM,ddafd015-51d1-47a3-aa29-b4ae831a87ca,Tourniquet,998,
TOOL_HOVER,382840,11/30/2022 12:55:55 PM,ddafd015-51d1-47a3-aa29-b4ae831a87ca,Tourniquet,998,
TOOL_HOVER,382857,11/30/2022 12:55:56 PM,ddafd015-51d1-47a3-aa29-b4ae831a87ca,Tourniquet,998,
TOOL_HOVER,382874,11/30/2022 12:55:56 PM,ddafd015-51d1-47a3-aa29-b4ae831a87ca,Tourniquet,998,
TOOL_HOVER,382891,11/30/2022 12:55:56 PM,ddafd015-51d1-47a3-aa29-b4ae831a87ca,Tourniquet,998,
TOOL_HOVER,382907,11/30/2022 12:55:56 PM,ddafd015-51d1-47a3-aa29-b4ae831a87ca,Tourniquet,998,
TOOL_HOVER,382924,11/30/2022 12:55:56 PM,ddafd015-51d1-47a3-aa29-b4ae831a87ca,Tourniquet,998,
TOOL_HOVER,382942,11/30/2022 12:55:56 PM,ddafd015-51d1-47a3-aa29-b4ae831a87ca,Tourniquet,998,
TOOL_HOVER,382958,11/30/2022 12:55:56 PM,ddafd015-51d1-47a3-aa29-b4ae831a87ca,Tourniquet,998,
TOOL_HOVER,382974,11/30/2022 12:55:56 PM,ddafd015-51d1-47a3-aa29-b4ae831a87ca,Tourniquet,998,
TOOL_SELECTED,382975,11/30/2022 12:55:56 PM,ddafd015-51d1-47a3-aa29-b4ae831a87ca,Tourniquet,997,
VOICE_CAPTURE,383786,11/30/2022 12:55:56 PM,ddafd015-51d1-47a3-aa29-b4ae831a87ca,when you,NA,
VOICE_CAPTURE,384462,11/30/2022 12:55:57 PM,ddafd015-51d1-47a3-aa29-b4ae831a87ca,uh huh,NA,
INJURY_TREATED,386588,11/30/2022 12:55:59 PM,ddafd015-51d1-47a3-aa29-b4ae831a87ca,L Thigh Laceration,Mike_1 Root,tourniquet,medium,leftLeg,True,False,"(2.8, 0.3, 0.3)",
TOOL_APPLIED,386588,11/30/2022 12:55:59 PM,ddafd015-51d1-47a3-aa29-b4ae831a87ca,Mike_1 Root,Tourniquet,LeftUpLeg (UnityEngine.GameObject),tor_ring (1) (UnityEngine.GameObject),tourniquet(Clone) (UnityEngine.GameObject),AppliedTourniquet,
TOOL_HOVER,392749,11/30/2022 12:56:05 PM,ddafd015-51d1-47a3-aa29-b4ae831a87ca,Tourniquet,997,
TOOL_HOVER,392766,11/30/2022 12:56:05 PM,ddafd015-51d1-47a3-aa29-b4ae831a87ca,Tourniquet,997,
TOOL_HOVER,392782,11/30/2022 12:56:05 PM,ddafd015-51d1-47a3-aa29-b4ae831a87ca,Tourniquet,997,
TOOL_HOVER,392800,11/30/2022 12:56:05 PM,ddafd015-51d1-47a3-aa29-b4ae831a87ca,Tourniquet,997,
TOOL_HOVER,392817,11/30/2022 12:56:05 PM,ddafd015-51d1-47a3-aa29-b4ae831a87ca,Tourniquet,997,
TOOL_HOVER,392832,11/30/2022 12:56:05 PM,ddafd015-51d1-47a3-aa29-b4ae831a87ca,Tourniquet,997,
TOOL_HOVER,392849,11/30/2022 12:56:06 PM,ddafd015-51d1-47a3-aa29-b4ae831a87ca,Tourniquet,997,
TOOL_HOVER,392866,11/30/2022 12:56:06 PM,ddafd015-51d1-47a3-aa29-b4ae831a87ca,Tourniquet,997,
TOOL_HOVER,392882,11/30/2022 12:56:06 PM,ddafd015-51d1-47a3-aa29-b4ae831a87ca,Tourniquet,997,
TOOL_HOVER,392900,11/30/2022 12:56:06 PM,ddafd015-51d1-47a3-aa29-b4ae831a87ca,Tourniquet,997,
TOOL_HOVER,392916,11/30/2022 12:56:06 PM,ddafd015-51d1-47a3-aa29-b4ae831a87ca,Tourniquet,997,
TOOL_HOVER,392933,11/30/2022 12:56:06 PM,ddafd015-51d1-47a3-aa29-b4ae831a87ca,Tourniquet,997,
TOOL_HOVER,392950,11/30/2022 12:56:06 PM,ddafd015-51d1-47a3-aa29-b4ae831a87ca,Tourniquet,997,
TOOL_HOVER,392965,11/30/2022 12:56:06 PM,ddafd015-51d1-47a3-aa29-b4ae831a87ca,Tourniquet,997,
TOOL_HOVER,392983,11/30/2022 12:56:06 PM,ddafd015-51d1-47a3-aa29-b4ae831a87ca,Tourniquet,997,
TOOL_HOVER,392999,11/30/2022 12:56:06 PM,ddafd015-51d1-47a3-aa29-b4ae831a87ca,Tourniquet,997,
TOOL_HOVER,393016,11/30/2022 12:56:06 PM,ddafd015-51d1-47a3-aa29-b4ae831a87ca,Tourniquet,997,
TOOL_HOVER,393034,11/30/2022 12:56:06 PM,ddafd015-51d1-47a3-aa29-b4ae831a87ca,Tourniquet,997,
TOOL_HOVER,393049,11/30/2022 12:56:06 PM,ddafd015-51d1-47a3-aa29-b4ae831a87ca,Tourniquet,997,
TOOL_HOVER,393067,11/30/2022 12:56:06 PM,ddafd015-51d1-47a3-aa29-b4ae831a87ca,Tourniquet,997,
TOOL_HOVER,393083,11/30/2022 12:56:06 PM,ddafd015-51d1-47a3-aa29-b4ae831a87ca,Tourniquet,997,
TOOL_HOVER,393100,11/30/2022 12:56:06 PM,ddafd015-51d1-47a3-aa29-b4ae831a87ca,Tourniquet,997,
TOOL_HOVER,393117,11/30/2022 12:56:06 PM,ddafd015-51d1-47a3-aa29-b4ae831a87ca,Tourniquet,997,
TOOL_HOVER,393133,11/30/2022 12:56:06 PM,ddafd015-51d1-47a3-aa29-b4ae831a87ca,Tourniquet,997,
TOOL_HOVER,393150,11/30/2022 12:56:06 PM,ddafd015-51d1-47a3-aa29-b4ae831a87ca,Tourniquet,997,
TOOL_HOVER,393167,11/30/2022 12:56:06 PM,ddafd015-51d1-47a3-aa29-b4ae831a87ca,Tourniquet,997,
TOOL_HOVER,393186,11/30/2022 12:56:06 PM,ddafd015-51d1-47a3-aa29-b4ae831a87ca,Tourniquet,997,
TOOL_HOVER,393200,11/30/2022 12:56:06 PM,ddafd015-51d1-47a3-aa29-b4ae831a87ca,Tourniquet,997,
TOOL_HOVER,393217,11/30/2022 12:56:06 PM,ddafd015-51d1-47a3-aa29-b4ae831a87ca,Tourniquet,997,
TOOL_HOVER,393234,11/30/2022 12:56:06 PM,ddafd015-51d1-47a3-aa29-b4ae831a87ca,Tourniquet,997,
VOICE_CAPTURE,393535,11/30/2022 12:56:06 PM,ddafd015-51d1-47a3-aa29-b4ae831a87ca,i read i said no,NA,
TOOL_HOVER,393652,11/30/2022 12:56:06 PM,ddafd015-51d1-47a3-aa29-b4ae831a87ca,Tourniquet,997,
TOOL_HOVER,393670,11/30/2022 12:56:06 PM,ddafd015-51d1-47a3-aa29-b4ae831a87ca,Tourniquet,997,
TOOL_HOVER,393686,11/30/2022 12:56:06 PM,ddafd015-51d1-47a3-aa29-b4ae831a87ca,Tourniquet,997,
TOOL_HOVER,393701,11/30/2022 12:56:06 PM,ddafd015-51d1-47a3-aa29-b4ae831a87ca,Tourniquet,997,
TOOL_HOVER,393717,11/30/2022 12:56:06 PM,ddafd015-51d1-47a3-aa29-b4ae831a87ca,Tourniquet,997,
TOOL_HOVER,393735,11/30/2022 12:56:06 PM,ddafd015-51d1-47a3-aa29-b4ae831a87ca,Tourniquet,997,
TOOL_HOVER,393751,11/30/2022 12:56:06 PM,ddafd015-51d1-47a3-aa29-b4ae831a87ca,Tourniquet,997,
TOOL_HOVER,393768,11/30/2022 12:56:06 PM,ddafd015-51d1-47a3-aa29-b4ae831a87ca,Tourniquet,997,
TOOL_HOVER,393785,11/30/2022 12:56:06 PM,ddafd015-51d1-47a3-aa29-b4ae831a87ca,Tourniquet,997,
TOOL_HOVER,393802,11/30/2022 12:56:06 PM,ddafd015-51d1-47a3-aa29-b4ae831a87ca,Tourniquet,997,
TOOL_HOVER,393818,11/30/2022 12:56:06 PM,ddafd015-51d1-47a3-aa29-b4ae831a87ca,Tourniquet,997,
TOOL_HOVER,393835,11/30/2022 12:56:06 PM,ddafd015-51d1-47a3-aa29-b4ae831a87ca,Tourniquet,997,
TOOL_HOVER,393852,11/30/2022 12:56:07 PM,ddafd015-51d1-47a3-aa29-b4ae831a87ca,Tourniquet,997,
TOOL_HOVER,393868,11/30/2022 12:56:07 PM,ddafd015-51d1-47a3-aa29-b4ae831a87ca,Tourniquet,997,
TOOL_HOVER,393886,11/30/2022 12:56:07 PM,ddafd015-51d1-47a3-aa29-b4ae831a87ca,Tourniquet,997,
TOOL_HOVER,393901,11/30/2022 12:56:07 PM,ddafd015-51d1-47a3-aa29-b4ae831a87ca,Tourniquet,997,
TOOL_HOVER,393919,11/30/2022 12:56:07 PM,ddafd015-51d1-47a3-aa29-b4ae831a87ca,Tourniquet,997,
TOOL_HOVER,393935,11/30/2022 12:56:07 PM,ddafd015-51d1-47a3-aa29-b4ae831a87ca,Tourniquet,997,
TOOL_HOVER,393952,11/30/2022 12:56:07 PM,ddafd015-51d1-47a3-aa29-b4ae831a87ca,Tourniquet,997,
TOOL_HOVER,393969,11/30/2022 12:56:07 PM,ddafd015-51d1-47a3-aa29-b4ae831a87ca,Tourniquet,997,
TOOL_HOVER,393985,11/30/2022 12:56:07 PM,ddafd015-51d1-47a3-aa29-b4ae831a87ca,Tourniquet,997,
TOOL_HOVER,394002,11/30/2022 12:56:07 PM,ddafd015-51d1-47a3-aa29-b4ae831a87ca,Tourniquet,997,
TOOL_HOVER,394018,11/30/2022 12:56:07 PM,ddafd015-51d1-47a3-aa29-b4ae831a87ca,Tourniquet,997,
TOOL_HOVER,394036,11/30/2022 12:56:07 PM,ddafd015-51d1-47a3-aa29-b4ae831a87ca,Tourniquet,997,
TOOL_HOVER,395440,11/30/2022 12:56:08 PM,ddafd015-51d1-47a3-aa29-b4ae831a87ca,Tourniquet,997,
TOOL_HOVER,395455,11/30/2022 12:56:08 PM,ddafd015-51d1-47a3-aa29-b4ae831a87ca,Tourniquet,997,
TOOL_HOVER,395473,11/30/2022 12:56:08 PM,ddafd015-51d1-47a3-aa29-b4ae831a87ca,Tourniquet,997,
TOOL_HOVER,395489,11/30/2022 12:56:08 PM,ddafd015-51d1-47a3-aa29-b4ae831a87ca,Tourniquet,997,
TOOL_SELECTED,395490,11/30/2022 12:56:08 PM,ddafd015-51d1-47a3-aa29-b4ae831a87ca,Tourniquet,996,
TOOL_DISCARDED,397762,11/30/2022 12:56:10 PM,ddafd015-51d1-47a3-aa29-b4ae831a87ca,Tourniquet,996,"(3.0, 0.3, 0.3)",
VOICE_CAPTURE,399432,11/30/2022 12:56:12 PM,ddafd015-51d1-47a3-aa29-b4ae831a87ca,there we go,NA,
TOOL_HOVER,400752,11/30/2022 12:56:13 PM,ddafd015-51d1-47a3-aa29-b4ae831a87ca,Tourniquet,997,
TOOL_HOVER,400768,11/30/2022 12:56:13 PM,ddafd015-51d1-47a3-aa29-b4ae831a87ca,Tourniquet,997,
TOOL_HOVER,400785,11/30/2022 12:56:13 PM,ddafd015-51d1-47a3-aa29-b4ae831a87ca,Tourniquet,997,
TOOL_HOVER,400803,11/30/2022 12:56:13 PM,ddafd015-51d1-47a3-aa29-b4ae831a87ca,Tourniquet,997,
TOOL_HOVER,400818,11/30/2022 12:56:13 PM,ddafd015-51d1-47a3-aa29-b4ae831a87ca,Tourniquet,997,
TOOL_HOVER,400836,11/30/2022 12:56:13 PM,ddafd015-51d1-47a3-aa29-b4ae831a87ca,Tourniquet,997,
TOOL_HOVER,400853,11/30/2022 12:56:14 PM,ddafd015-51d1-47a3-aa29-b4ae831a87ca,Tourniquet,997,
TOOL_HOVER,400869,11/30/2022 12:56:14 PM,ddafd015-51d1-47a3-aa29-b4ae831a87ca,Tourniquet,997,
TOOL_HOVER,400886,11/30/2022 12:56:14 PM,ddafd015-51d1-47a3-aa29-b4ae831a87ca,Tourniquet,997,
TOOL_HOVER,400903,11/30/2022 12:56:14 PM,ddafd015-51d1-47a3-aa29-b4ae831a87ca,Tourniquet,997,
TOOL_HOVER,400919,11/30/2022 12:56:14 PM,ddafd015-51d1-47a3-aa29-b4ae831a87ca,Tourniquet,997,
TOOL_HOVER,400936,11/30/2022 12:56:14 PM,ddafd015-51d1-47a3-aa29-b4ae831a87ca,Tourniquet,997,
TOOL_HOVER,400952,11/30/2022 12:56:14 PM,ddafd015-51d1-47a3-aa29-b4ae831a87ca,Tourniquet,997,
TOOL_SELECTED,400952,11/30/2022 12:56:14 PM,ddafd015-51d1-47a3-aa29-b4ae831a87ca,Tourniquet,996,
VOICE_CAPTURE,401270,11/30/2022 12:56:14 PM,ddafd015-51d1-47a3-aa29-b4ae831a87ca,does it,NA,
VOICE_CAPTURE,402790,11/30/2022 12:56:15 PM,ddafd015-51d1-47a3-aa29-b4ae831a87ca,too early,NA,
INJURY_TREATED,408021,11/30/2022 12:56:21 PM,ddafd015-51d1-47a3-aa29-b4ae831a87ca,L Thigh Laceration,Mike_1 Root,tourniquet,medium,leftLeg,True,False,"(2.8, 0.3, 0.3)",
TOOL_APPLIED,408023,11/30/2022 12:56:21 PM,ddafd015-51d1-47a3-aa29-b4ae831a87ca,Mike_1 Root,Tourniquet,LeftUpLeg (UnityEngine.GameObject),tor_ring (1) (UnityEngine.GameObject),tourniquet(Clone) (UnityEngine.GameObject),AppliedTourniquet,
TOOL_HOVER,410843,11/30/2022 12:56:23 PM,ddafd015-51d1-47a3-aa29-b4ae831a87ca,Tourniquet,996,
TOOL_HOVER,410860,11/30/2022 12:56:24 PM,ddafd015-51d1-47a3-aa29-b4ae831a87ca,Tourniquet,996,
TOOL_HOVER,410877,11/30/2022 12:56:24 PM,ddafd015-51d1-47a3-aa29-b4ae831a87ca,Tourniquet,996,
TOOL_HOVER,410893,11/30/2022 12:56:24 PM,ddafd015-51d1-47a3-aa29-b4ae831a87ca,Tourniquet,996,
TOOL_HOVER,410909,11/30/2022 12:56:24 PM,ddafd015-51d1-47a3-aa29-b4ae831a87ca,Tourniquet,996,
TOOL_HOVER,410926,11/30/2022 12:56:24 PM,ddafd015-51d1-47a3-aa29-b4ae831a87ca,Tourniquet,996,
TOOL_HOVER,410944,11/30/2022 12:56:24 PM,ddafd015-51d1-47a3-aa29-b4ae831a87ca,Tourniquet,996,
TOOL_HOVER,410960,11/30/2022 12:56:24 PM,ddafd015-51d1-47a3-aa29-b4ae831a87ca,Tourniquet,996,
TOOL_HOVER,410976,11/30/2022 12:56:24 PM,ddafd015-51d1-47a3-aa29-b4ae831a87ca,Tourniquet,996,
TOOL_HOVER,410995,11/30/2022 12:56:24 PM,ddafd015-51d1-47a3-aa29-b4ae831a87ca,Tourniquet,996,
TOOL_HOVER,411010,11/30/2022 12:56:24 PM,ddafd015-51d1-47a3-aa29-b4ae831a87ca,Tourniquet,996,
TOOL_HOVER,411027,11/30/2022 12:56:24 PM,ddafd015-51d1-47a3-aa29-b4ae831a87ca,Tourniquet,996,
TOOL_SELECTED,411028,11/30/2022 12:56:24 PM,ddafd015-51d1-47a3-aa29-b4ae831a87ca,Tourniquet,995,
VOICE_CAPTURE,412596,11/30/2022 12:56:25 PM,ddafd015-51d1-47a3-aa29-b4ae831a87ca,how are you seeing this,NA,
VOICE_COMMAND,412596,11/30/2022 12:56:25 PM,ddafd015-51d1-47a3-aa29-b4ae831a87ca,are you hurt,how are you seeing this,
VOICE_CAPTURE,416873,11/30/2022 12:56:30 PM,ddafd015-51d1-47a3-aa29-b4ae831a87ca,oh,NA,
INJURY_TREATED,420149,11/30/2022 12:56:33 PM,ddafd015-51d1-47a3-aa29-b4ae831a87ca,L Thigh Laceration,Mike_1 Root,tourniquet,medium,leftLeg,True,False,"(2.8, 0.3, 0.4)",
TOOL_APPLIED,420150,11/30/2022 12:56:33 PM,ddafd015-51d1-47a3-aa29-b4ae831a87ca,Mike_1 Root,Tourniquet,LeftUpLeg (UnityEngine.GameObject),tor_ring (1) (UnityEngine.GameObject),tourniquet(Clone) (UnityEngine.GameObject),AppliedTourniquet,
BAG_CLOSED,423256,11/30/2022 12:56:36 PM,ddafd015-51d1-47a3-aa29-b4ae831a87ca,"(3.0, 0.7, -1.1)",
TELEPORT,423256,11/30/2022 12:56:36 PM,ddafd015-51d1-47a3-aa29-b4ae831a87ca,"(2.7, 0.0, -0.6)",
VOICE_CAPTURE,424676,11/30/2022 12:56:37 PM,ddafd015-51d1-47a3-aa29-b4ae831a87ca,there we go,NA,
VOICE_CAPTURE,426464,11/30/2022 12:56:39 PM,ddafd015-51d1-47a3-aa29-b4ae831a87ca,pulse,NA,
BAG_ACCESS,427484,11/30/2022 12:56:40 PM,ddafd015-51d1-47a3-aa29-b4ae831a87ca,"(3.1, 0.5, 0.3)",
PULSE_TAKEN,431294,11/30/2022 12:56:44 PM,ddafd015-51d1-47a3-aa29-b4ae831a87ca,pulse_normal,Mike_1 Root,
VOICE_CAPTURE,431986,11/30/2022 12:56:45 PM,ddafd015-51d1-47a3-aa29-b4ae831a87ca,oh get outta here,NA,
VOICE_CAPTURE,439303,11/30/2022 12:56:52 PM,ddafd015-51d1-47a3-aa29-b4ae831a87ca,yep we got pause OK,NA,
TAG_SELECTED,439371,11/30/2022 12:56:52 PM,ddafd015-51d1-47a3-aa29-b4ae831a87ca,red,
TAG_APPLIED,442377,11/30/2022 12:56:55 PM,ddafd015-51d1-47a3-aa29-b4ae831a87ca,Mike_1 Root,red,
TAG_SELECTED,445301,11/30/2022 12:56:58 PM,ddafd015-51d1-47a3-aa29-b4ae831a87ca,green,
TAG_DISCARDED,445852,11/30/2022 12:56:59 PM,ddafd015-51d1-47a3-aa29-b4ae831a87ca,green,"(4.0, 0.7, 0.1)",
PATIENT_ENGAGED,450135,11/30/2022 12:57:03 PM,ddafd015-51d1-47a3-aa29-b4ae831a87ca,100,Infinity,Mike_2 Root,"(3.1, 0.0, 2.2)","(0.0, 0.7, 0.0, -0.7)",IMMEDIATE,walker,fast,normal,normal,upset,sittingGround,
BAG_CLOSED,459068,11/30/2022 12:57:12 PM,ddafd015-51d1-47a3-aa29-b4ae831a87ca,"(3.1, 0.5, 0.3)",
TELEPORT,459068,11/30/2022 12:57:12 PM,ddafd015-51d1-47a3-aa29-b4ae831a87ca,"(2.3, 0.0, -0.1)",
TELEPORT,462210,11/30/2022 12:57:15 PM,ddafd015-51d1-47a3-aa29-b4ae831a87ca,"(3.0, 0.0, 1.0)",
VOICE_CAPTURE,464142,11/30/2022 12:57:17 PM,ddafd015-51d1-47a3-aa29-b4ae831a87ca,oh you want me you want me to you want me to,NA,
VOICE_CAPTURE,465939,11/30/2022 12:57:19 PM,ddafd015-51d1-47a3-aa29-b4ae831a87ca,i wanna walk,NA,
VOICE_COMMAND,465939,11/30/2022 12:57:19 PM,ddafd015-51d1-47a3-aa29-b4ae831a87ca,walk to the safe area,i wanna walk,
S_A_L_T_WALK_IF_CAN,465940,11/30/2022 12:57:19 PM,ddafd015-51d1-47a3-aa29-b4ae831a87ca,"(2.7, 0.0, -1.0)",walkIfCan,Mike_0 Root,
S_A_L_T_WALKED,465940,11/30/2022 12:57:19 PM,ddafd015-51d1-47a3-aa29-b4ae831a87ca,"(2.7, 0.0, -1.0)",walked,Mike_0 Root,
S_A_L_T_WALK_IF_CAN,465941,11/30/2022 12:57:19 PM,ddafd015-51d1-47a3-aa29-b4ae831a87ca,"(2.9, 0.0, 0.1)",walkIfCan,Mike_1 Root,
S_A_L_T_WALK_IF_CAN,465941,11/30/2022 12:57:19 PM,ddafd015-51d1-47a3-aa29-b4ae831a87ca,"(3.1, 0.0, 2.2)",walkIfCan,Mike_2 Root,
S_A_L_T_WALKED,465941,11/30/2022 12:57:19 PM,ddafd015-51d1-47a3-aa29-b4ae831a87ca,"(3.1, 0.0, 2.2)",walked,Mike_2 Root,
VOICE_CAPTURE,474724,11/30/2022 12:57:27 PM,ddafd015-51d1-47a3-aa29-b4ae831a87ca,and where do you go i said walk and he got up he did,NA,
VOICE_COMMAND,474724,11/30/2022 12:57:27 PM,ddafd015-51d1-47a3-aa29-b4ae831a87ca,walk to the safe area,and where do you go i said walk and he got up he did,
S_A_L_T_WALK_IF_CAN,474725,11/30/2022 12:57:27 PM,ddafd015-51d1-47a3-aa29-b4ae831a87ca,"(2.9, 0.0, 0.1)",walkIfCan,Mike_1 Root,
TELEPORT,474991,11/30/2022 12:57:28 PM,ddafd015-51d1-47a3-aa29-b4ae831a87ca,"(3.1, 0.0, 1.2)",
VOICE_CAPTURE,475641,11/30/2022 12:57:28 PM,ddafd015-51d1-47a3-aa29-b4ae831a87ca,you,NA,
TELEPORT,476794,11/30/2022 12:57:29 PM,ddafd015-51d1-47a3-aa29-b4ae831a87ca,"(3.1, 0.0, 1.0)",
TELEPORT,481807,11/30/2022 12:57:34 PM,ddafd015-51d1-47a3-aa29-b4ae831a87ca,"(2.7, 0.0, 1.3)",
TELEPORT,482992,11/30/2022 12:57:36 PM,ddafd015-51d1-47a3-aa29-b4ae831a87ca,"(2.7, 0.0, 1.3)",
VOICE_CAPTURE,484972,11/30/2022 12:57:38 PM,ddafd015-51d1-47a3-aa29-b4ae831a87ca,he's gonna sit down he's gonna sit down,NA,
VOICE_COMMAND,484972,11/30/2022 12:57:38 PM,ddafd015-51d1-47a3-aa29-b4ae831a87ca,sit up/down,he's gonna sit down he's gonna sit down,
VOICE_CAPTURE,490369,11/30/2022 12:57:43 PM,ddafd015-51d1-47a3-aa29-b4ae831a87ca,hey sir,NA,
BAG_ACCESS,490486,11/30/2022 12:57:43 PM,ddafd015-51d1-47a3-aa29-b4ae831a87ca,"(4.7, 0.4, -4.1)",
TOOL_HOVER,490953,11/30/2022 12:57:44 PM,ddafd015-51d1-47a3-aa29-b4ae831a87ca,Hemostatic Gauze,999,
TOOL_HOVER,490971,11/30/2022 12:57:44 PM,ddafd015-51d1-47a3-aa29-b4ae831a87ca,Hemostatic Gauze,999,
TOOL_HOVER,490987,11/30/2022 12:57:44 PM,ddafd015-51d1-47a3-aa29-b4ae831a87ca,Hemostatic Gauze,999,
TOOL_HOVER,491003,11/30/2022 12:57:44 PM,ddafd015-51d1-47a3-aa29-b4ae831a87ca,Hemostatic Gauze,999,
TOOL_HOVER,491020,11/30/2022 12:57:44 PM,ddafd015-51d1-47a3-aa29-b4ae831a87ca,Hemostatic Gauze,999,
TOOL_HOVER,491036,11/30/2022 12:57:44 PM,ddafd015-51d1-47a3-aa29-b4ae831a87ca,Hemostatic Gauze,999,
TOOL_HOVER,491054,11/30/2022 12:57:44 PM,ddafd015-51d1-47a3-aa29-b4ae831a87ca,Hemostatic Gauze,999,
TOOL_HOVER,491070,11/30/2022 12:57:44 PM,ddafd015-51d1-47a3-aa29-b4ae831a87ca,Hemostatic Gauze,999,
TOOL_HOVER,491088,11/30/2022 12:57:44 PM,ddafd015-51d1-47a3-aa29-b4ae831a87ca,Hemostatic Gauze,999,
TOOL_HOVER,491104,11/30/2022 12:57:44 PM,ddafd015-51d1-47a3-aa29-b4ae831a87ca,Hemostatic Gauze,999,
TOOL_HOVER,491120,11/30/2022 12:57:44 PM,ddafd015-51d1-47a3-aa29-b4ae831a87ca,Hemostatic Gauze,999,
TOOL_HOVER,491137,11/30/2022 12:57:44 PM,ddafd015-51d1-47a3-aa29-b4ae831a87ca,Hemostatic Gauze,999,
TOOL_HOVER,491154,11/30/2022 12:57:44 PM,ddafd015-51d1-47a3-aa29-b4ae831a87ca,Hemostatic Gauze,999,
TOOL_HOVER,491170,11/30/2022 12:57:44 PM,ddafd015-51d1-47a3-aa29-b4ae831a87ca,Hemostatic Gauze,999,
TOOL_HOVER,491187,11/30/2022 12:57:44 PM,ddafd015-51d1-47a3-aa29-b4ae831a87ca,Hemostatic Gauze,999,
TOOL_HOVER,491204,11/30/2022 12:57:44 PM,ddafd015-51d1-47a3-aa29-b4ae831a87ca,Hemostatic Gauze,999,
TOOL_HOVER,491221,11/30/2022 12:57:44 PM,ddafd015-51d1-47a3-aa29-b4ae831a87ca,Hemostatic Gauze,999,
TOOL_HOVER,491238,11/30/2022 12:57:44 PM,ddafd015-51d1-47a3-aa29-b4ae831a87ca,Hemostatic Gauze,999,
TOOL_HOVER,491254,11/30/2022 12:57:44 PM,ddafd015-51d1-47a3-aa29-b4ae831a87ca,Hemostatic Gauze,999,
TOOL_SELECTED,491255,11/30/2022 12:57:44 PM,ddafd015-51d1-47a3-aa29-b4ae831a87ca,Hemostatic Gauze,998,
TOOL_DISCARDED,493711,11/30/2022 12:57:46 PM,ddafd015-51d1-47a3-aa29-b4ae831a87ca,Hemostatic Gauze,998,"(5.0, 0.4, -4.9)",
INJURY_TREATED,493711,11/30/2022 12:57:46 PM,ddafd015-51d1-47a3-aa29-b4ae831a87ca,L Shoulder Puncture,Mike_2 Root,woundpack,medium,chest,True,False,"(5.0, 0.4, -4.9)",
TOOL_APPLIED,493711,11/30/2022 12:57:46 PM,ddafd015-51d1-47a3-aa29-b4ae831a87ca,Mike_2 Root,Gauze_Pack,skinCollider_BodyCollideLOD (UnityEngine.GameObject),null,null,AppliedPackingGauze,
PULSE_TAKEN,499325,11/30/2022 12:57:52 PM,ddafd015-51d1-47a3-aa29-b4ae831a87ca,pulse_fast,Mike_2 Root,
PULSE_TAKEN,501115,11/30/2022 12:57:54 PM,ddafd015-51d1-47a3-aa29-b4ae831a87ca,pulse_fast,Mike_2 Root,
VOICE_CAPTURE,502648,11/30/2022 12:57:55 PM,ddafd015-51d1-47a3-aa29-b4ae831a87ca,check pulse,NA,
PULSE_TAKEN,502731,11/30/2022 12:57:55 PM,ddafd015-51d1-47a3-aa29-b4ae831a87ca,pulse_fast,Mike_2 Root,
TAG_SELECTED,508262,11/30/2022 12:58:01 PM,ddafd015-51d1-47a3-aa29-b4ae831a87ca,red,
VOICE_CAPTURE,508430,11/30/2022 12:58:01 PM,ddafd015-51d1-47a3-aa29-b4ae831a87ca,pulse present,NA,
TAG_APPLIED,512037,11/30/2022 12:58:05 PM,ddafd015-51d1-47a3-aa29-b4ae831a87ca,Mike_2 Root,red,
PULSE_TAKEN,512154,11/30/2022 12:58:05 PM,ddafd015-51d1-47a3-aa29-b4ae831a87ca,pulse_fast,Mike_2 Root,
VOICE_CAPTURE,515931,11/30/2022 12:58:09 PM,ddafd015-51d1-47a3-aa29-b4ae831a87ca,alright,NA,
BAG_CLOSED,516533,11/30/2022 12:58:09 PM,ddafd015-51d1-47a3-aa29-b4ae831a87ca,"(4.7, 0.4, -4.1)",
TELEPORT,516533,11/30/2022 12:58:09 PM,ddafd015-51d1-47a3-aa29-b4ae831a87ca,"(3.8, 0.0, -4.7)",
TELEPORT,517601,11/30/2022 12:58:10 PM,ddafd015-51d1-47a3-aa29-b4ae831a87ca,"(3.7, 0.0, -4.1)",
PATIENT_ENGAGED,523699,11/30/2022 12:58:16 PM,ddafd015-51d1-47a3-aa29-b4ae831a87ca,100,128,Mike_3 Root,"(3.2, 0.0, 4.3)","(0.0, 0.7, 0.0, -0.7)",IMMEDIATE,still,faint,collapsedRight,normal,unresponsive,supine,
VOICE_CAPTURE,523783,11/30/2022 12:58:16 PM,ddafd015-51d1-47a3-aa29-b4ae831a87ca,hi,NA,
PULSE_TAKEN,530384,11/30/2022 12:58:23 PM,ddafd015-51d1-47a3-aa29-b4ae831a87ca,pulse_faint,Mike_3 Root,
VOICE_CAPTURE,530849,11/30/2022 12:58:24 PM,ddafd015-51d1-47a3-aa29-b4ae831a87ca,breathing open the airway,NA,
VOICE_CAPTURE,533573,11/30/2022 12:58:26 PM,ddafd015-51d1-47a3-aa29-b4ae831a87ca,we usually use our hands,NA,
VOICE_CAPTURE,547941,11/30/2022 12:58:41 PM,ddafd015-51d1-47a3-aa29-b4ae831a87ca,he's my last one no more,NA,
BAG_ACCESS,548660,11/30/2022 12:58:41 PM,ddafd015-51d1-47a3-aa29-b4ae831a87ca,"(4.3, 0.5, 4.7)",
TOOL_HOVER,551550,11/30/2022 12:58:44 PM,ddafd015-51d1-47a3-aa29-b4ae831a87ca,Needle,999,
TOOL_HOVER,551567,11/30/2022 12:58:44 PM,ddafd015-51d1-47a3-aa29-b4ae831a87ca,Needle,999,
TOOL_HOVER,551583,11/30/2022 12:58:44 PM,ddafd015-51d1-47a3-aa29-b4ae831a87ca,Needle,999,
TOOL_HOVER,551600,11/30/2022 12:58:44 PM,ddafd015-51d1-47a3-aa29-b4ae831a87ca,Needle,999,
TOOL_HOVER,551616,11/30/2022 12:58:44 PM,ddafd015-51d1-47a3-aa29-b4ae831a87ca,Needle,999,
TOOL_HOVER,551634,11/30/2022 12:58:44 PM,ddafd015-51d1-47a3-aa29-b4ae831a87ca,Needle,999,
TOOL_HOVER,551650,11/30/2022 12:58:44 PM,ddafd015-51d1-47a3-aa29-b4ae831a87ca,Needle,999,
TOOL_HOVER,551667,11/30/2022 12:58:44 PM,ddafd015-51d1-47a3-aa29-b4ae831a87ca,Needle,999,
TOOL_HOVER,551683,11/30/2022 12:58:44 PM,ddafd015-51d1-47a3-aa29-b4ae831a87ca,Needle,999,
TOOL_HOVER,551701,11/30/2022 12:58:44 PM,ddafd015-51d1-47a3-aa29-b4ae831a87ca,Needle,999,
TOOL_HOVER,551716,11/30/2022 12:58:44 PM,ddafd015-51d1-47a3-aa29-b4ae831a87ca,Needle,999,
TOOL_HOVER,551734,11/30/2022 12:58:44 PM,ddafd015-51d1-47a3-aa29-b4ae831a87ca,Needle,999,
TOOL_SELECTED,551735,11/30/2022 12:58:44 PM,ddafd015-51d1-47a3-aa29-b4ae831a87ca,Needle,998,
VOICE_CAPTURE,561876,11/30/2022 12:58:55 PM,ddafd015-51d1-47a3-aa29-b4ae831a87ca,what size,NA,
INJURY_TREATED,567129,11/30/2022 12:59:00 PM,ddafd015-51d1-47a3-aa29-b4ae831a87ca,R Chest Collapse,Mike_3 Root,decompress,high,chest,True,False,"(0.0, 0.0, 0.0)",
TOOL_APPLIED,567129,11/30/2022 12:59:00 PM,ddafd015-51d1-47a3-aa29-b4ae831a87ca,Needle_Decomp(Clone),Needle,RChest_Breathe1 (UnityEngine.GameObject),cath_needle (UnityEngine.GameObject),right_chest,Needle_Decomp(Clone) (UnityEngine.GameObject),AppliedDecompNeedle,
TAG_SELECTED,573136,11/30/2022 12:59:06 PM,ddafd015-51d1-47a3-aa29-b4ae831a87ca,red,
TAG_APPLIED,575376,11/30/2022 12:59:08 PM,ddafd015-51d1-47a3-aa29-b4ae831a87ca,Mike_3 Root,red,
PULSE_TAKEN,578065,11/30/2022 12:59:11 PM,ddafd015-51d1-47a3-aa29-b4ae831a87ca,pulse_faint,Mike_3 Root,
PULSE_TAKEN,579067,11/30/2022 12:59:12 PM,ddafd015-51d1-47a3-aa29-b4ae831a87ca,pulse_faint,Mike_3 Root,
PULSE_TAKEN,579267,11/30/2022 12:59:12 PM,ddafd015-51d1-47a3-aa29-b4ae831a87ca,pulse_faint,Mike_3 Root,
PULSE_TAKEN,580001,11/30/2022 12:59:13 PM,ddafd015-51d1-47a3-aa29-b4ae831a87ca,pulse_faint,Mike_3 Root,
VOICE_CAPTURE,580419,11/30/2022 12:59:13 PM,ddafd015-51d1-47a3-aa29-b4ae831a87ca,pulse,NA,
PULSE_TAKEN,581505,11/30/2022 12:59:14 PM,ddafd015-51d1-47a3-aa29-b4ae831a87ca,pulse_faint,Mike_3 Root,
PULSE_TAKEN,586450,11/30/2022 12:59:19 PM,ddafd015-51d1-47a3-aa29-b4ae831a87ca,pulse_faint,Mike_3 Root,
VOICE_CAPTURE,594821,11/30/2022 12:59:27 PM,ddafd015-51d1-47a3-aa29-b4ae831a87ca,yeah i got a pulse that's kinda weak so,NA,
TAG_SELECTED,600152,11/30/2022 12:59:33 PM,ddafd015-51d1-47a3-aa29-b4ae831a87ca,black,
VOICE_CAPTURE,600669,11/30/2022 12:59:33 PM,ddafd015-51d1-47a3-aa29-b4ae831a87ca,red yeah he's probably gonna be more,NA,
TAG_DISCARDED,600787,11/30/2022 12:59:33 PM,ddafd015-51d1-47a3-aa29-b4ae831a87ca,black,"(4.2, 0.7, 5.3)",
BAG_CLOSED,601730,11/30/2022 12:59:34 PM,ddafd015-51d1-47a3-aa29-b4ae831a87ca,"(4.3, 0.5, 4.7)",
VOICE_CAPTURE,601821,11/30/2022 12:59:34 PM,ddafd015-51d1-47a3-aa29-b4ae831a87ca,bing i walk,NA,
VOICE_COMMAND,601821,11/30/2022 12:59:34 PM,ddafd015-51d1-47a3-aa29-b4ae831a87ca,walk to the safe area,bing i walk,
S_A_L_T_WALK_IF_CAN,601822,11/30/2022 12:59:34 PM,ddafd015-51d1-47a3-aa29-b4ae831a87ca,"(1.6, 0.0, -3.2)",walkIfCan,Mike_0 Root,
S_A_L_T_WALKED,601822,11/30/2022 12:59:34 PM,ddafd015-51d1-47a3-aa29-b4ae831a87ca,"(1.6, 0.0, -3.2)",walked,Mike_0 Root,
S_A_L_T_WALK_IF_CAN,601822,11/30/2022 12:59:34 PM,ddafd015-51d1-47a3-aa29-b4ae831a87ca,"(2.9, 0.0, 0.1)",walkIfCan,Mike_1 Root,
S_A_L_T_WALK_IF_CAN,601822,11/30/2022 12:59:34 PM,ddafd015-51d1-47a3-aa29-b4ae831a87ca,"(4.8, 0.0, -4.9)",walkIfCan,Mike_2 Root,
S_A_L_T_WALKED,601822,11/30/2022 12:59:34 PM,ddafd015-51d1-47a3-aa29-b4ae831a87ca,"(4.8, 0.0, -4.9)",walked,Mike_2 Root,
TELEPORT,603727,11/30/2022 12:59:36 PM,ddafd015-51d1-47a3-aa29-b4ae831a87ca,"(1.5, 0.0, 4.0)",
TELEPORT,604914,11/30/2022 12:59:38 PM,ddafd015-51d1-47a3-aa29-b4ae831a87ca,"(1.5, 0.0, 3.5)",
VOICE_CAPTURE,605682,11/30/2022 12:59:38 PM,ddafd015-51d1-47a3-aa29-b4ae831a87ca,because he's not i mean i don't know how big the incident is so,NA,
TELEPORT,610676,11/30/2022 12:59:43 PM,ddafd015-51d1-47a3-aa29-b4ae831a87ca,"(-1.4, 0.0, 1.3)",
TELEPORT,612614,11/30/2022 12:59:45 PM,ddafd015-51d1-47a3-aa29-b4ae831a87ca,"(-1.7, 0.0, 0.8)",
TELEPORT,614753,11/30/2022 12:59:47 PM,ddafd015-51d1-47a3-aa29-b4ae831a87ca,"(-2.0, 0.0, 0.8)",
TELEPORT,616040,11/30/2022 12:59:49 PM,ddafd015-51d1-47a3-aa29-b4ae831a87ca,"(-2.1, 0.0, 0.8)",
TELEPORT,618513,11/30/2022 12:59:51 PM,ddafd015-51d1-47a3-aa29-b4ae831a87ca,"(-2.1, 0.0, 0.8)",
TELEPORT,622105,11/30/2022 12:59:55 PM,ddafd015-51d1-47a3-aa29-b4ae831a87ca,"(-2.2, 0.0, 0.9)",
TELEPORT,622722,11/30/2022 12:59:55 PM,ddafd015-51d1-47a3-aa29-b4ae831a87ca,"(-2.2, 0.0, 0.9)",
TELEPORT,623775,11/30/2022 12:59:56 PM,ddafd015-51d1-47a3-aa29-b4ae831a87ca,"(-2.4, 0.0, 1.1)",
TELEPORT,624460,11/30/2022 12:59:57 PM,ddafd015-51d1-47a3-aa29-b4ae831a87ca,"(-2.6, 0.0, 1.1)",
SESSION_END,627336,11/30/2022 1:00:00 PM,ddafd015-51d1-47a3-aa29-b4ae831a87ca,
