VOICE_CAPTURE,9502,12/2/2022 2:35:13 PM,ddf26e7a-10f4-4e7f-85d4-f147bea1acb5,nice,NA,
VOICE_CAPTURE,11386,12/2/2022 2:35:15 PM,ddf26e7a-10f4-4e7f-85d4-f147bea1acb5,is awesome,NA,
TELEPORT,17033,12/2/2022 2:35:21 PM,ddf26e7a-10f4-4e7f-85d4-f147bea1acb5,"(1.9, 0.0, 1.2)",
TELEPORT,19673,12/2/2022 2:35:24 PM,ddf26e7a-10f4-4e7f-85d4-f147bea1acb5,"(2.0, 0.0, 0.1)",
VOICE_CAPTURE,20593,12/2/2022 2:35:25 PM,ddf26e7a-10f4-4e7f-85d4-f147bea1acb5,OK,NA,
TELEPORT,22129,12/2/2022 2:35:26 PM,ddf26e7a-10f4-4e7f-85d4-f147bea1acb5,"(2.0, 0.0, 0.0)",
VOICE_CAPTURE,22228,12/2/2022 2:35:26 PM,ddf26e7a-10f4-4e7f-85d4-f147bea1acb5,so cool,NA,
TELEPORT,22414,12/2/2022 2:35:26 PM,ddf26e7a-10f4-4e7f-85d4-f147bea1acb5,"(2.1, 0.0, 0.0)",
PATIENT_ENGAGED,22915,12/2/2022 2:35:27 PM,ddf26e7a-10f4-4e7f-85d4-f147bea1acb5,100,128,Mike Root,"(3.2, 0.0, -1.0)","(0.0, 0.2, 0.0, -1.0)",MINIMAL,walker,normal,normal,normal,calm,standing,
TELEPORT,23449,12/2/2022 2:35:27 PM,ddf26e7a-10f4-4e7f-85d4-f147bea1acb5,"(2.0, 0.0, 0.0)",
TELEPORT,25036,12/2/2022 2:35:29 PM,ddf26e7a-10f4-4e7f-85d4-f147bea1acb5,"(1.7, 0.0, 0.2)",
VOICE_CAPTURE,31200,12/2/2022 2:35:35 PM,ddf26e7a-10f4-4e7f-85d4-f147bea1acb5,alright,NA,
TELEPORT,31718,12/2/2022 2:35:36 PM,ddf26e7a-10f4-4e7f-85d4-f147bea1acb5,"(1.7, 0.0, 0.2)",
TELEPORT,33239,12/2/2022 2:35:37 PM,ddf26e7a-10f4-4e7f-85d4-f147bea1acb5,"(1.7, 0.0, 0.2)",
VOICE_CAPTURE,35862,12/2/2022 2:35:40 PM,ddf26e7a-10f4-4e7f-85d4-f147bea1acb5,and you're right uh-huh,NA,
VOICE_CAPTURE,38738,12/2/2022 2:35:43 PM,ddf26e7a-10f4-4e7f-85d4-f147bea1acb5,got it,NA,
TELEPORT,39571,12/2/2022 2:35:44 PM,ddf26e7a-10f4-4e7f-85d4-f147bea1acb5,"(0.0, 0.0, -5.4)",
VOICE_CAPTURE,47440,12/2/2022 2:35:51 PM,ddf26e7a-10f4-4e7f-85d4-f147bea1acb5,so they figure out which one you sure,NA,
VOICE_CAPTURE,50814,12/2/2022 2:35:55 PM,ddf26e7a-10f4-4e7f-85d4-f147bea1acb5,not yet i feel good,NA,
PULSE_TAKEN,58350,12/2/2022 2:36:02 PM,ddf26e7a-10f4-4e7f-85d4-f147bea1acb5,pulse_normal,Mike Root,
PULSE_TAKEN,60856,12/2/2022 2:36:05 PM,ddf26e7a-10f4-4e7f-85d4-f147bea1acb5,pulse_normal,Mike Root,
VOICE_CAPTURE,61390,12/2/2022 2:36:05 PM,ddf26e7a-10f4-4e7f-85d4-f147bea1acb5,if i drive to squeeze the trigger,NA,
PULSE_TAKEN,62193,12/2/2022 2:36:06 PM,ddf26e7a-10f4-4e7f-85d4-f147bea1acb5,pulse_normal,Mike Root,
VOICE_CAPTURE,64583,12/2/2022 2:36:09 PM,ddf26e7a-10f4-4e7f-85d4-f147bea1acb5,uh huh,NA,
PULSE_TAKEN,65935,12/2/2022 2:36:10 PM,ddf26e7a-10f4-4e7f-85d4-f147bea1acb5,pulse_normal,Mike Root,
PULSE_TAKEN,67171,12/2/2022 2:36:11 PM,ddf26e7a-10f4-4e7f-85d4-f147bea1acb5,pulse_normal,Mike Root,
VOICE_CAPTURE,69694,12/2/2022 2:36:14 PM,ddf26e7a-10f4-4e7f-85d4-f147bea1acb5,and then go ahead and,NA,
BAG_ACCESS,71983,12/2/2022 2:36:16 PM,ddf26e7a-10f4-4e7f-85d4-f147bea1acb5,"(3.0, 0.7, -0.1)",
TAG_SELECTED,73104,12/2/2022 2:36:17 PM,ddf26e7a-10f4-4e7f-85d4-f147bea1acb5,red,
VOICE_CAPTURE,73619,12/2/2022 2:36:18 PM,ddf26e7a-10f4-4e7f-85d4-f147bea1acb5,look at your pack to your right,NA,
TAG_DISCARDED,73989,12/2/2022 2:36:18 PM,ddf26e7a-10f4-4e7f-85d4-f147bea1acb5,red,"(2.8, 1.2, -0.3)",
VOICE_CAPTURE,76527,12/2/2022 2:36:21 PM,ddf26e7a-10f4-4e7f-85d4-f147bea1acb5,as long as you're holding the trigger,NA,
TOOL_HOVER,81356,12/2/2022 2:36:25 PM,ddf26e7a-10f4-4e7f-85d4-f147bea1acb5,Tourniquet,999,
TOOL_HOVER,81372,12/2/2022 2:36:25 PM,ddf26e7a-10f4-4e7f-85d4-f147bea1acb5,Tourniquet,999,
TOOL_HOVER,81389,12/2/2022 2:36:25 PM,ddf26e7a-10f4-4e7f-85d4-f147bea1acb5,Tourniquet,999,
TOOL_HOVER,81407,12/2/2022 2:36:25 PM,ddf26e7a-10f4-4e7f-85d4-f147bea1acb5,Tourniquet,999,
TOOL_HOVER,81424,12/2/2022 2:36:25 PM,ddf26e7a-10f4-4e7f-85d4-f147bea1acb5,Tourniquet,999,
TOOL_HOVER,81440,12/2/2022 2:36:25 PM,ddf26e7a-10f4-4e7f-85d4-f147bea1acb5,Tourniquet,999,
TOOL_HOVER,81456,12/2/2022 2:36:25 PM,ddf26e7a-10f4-4e7f-85d4-f147bea1acb5,Tourniquet,999,
TOOL_HOVER,81473,12/2/2022 2:36:25 PM,ddf26e7a-10f4-4e7f-85d4-f147bea1acb5,Tourniquet,999,
TOOL_HOVER,81489,12/2/2022 2:36:25 PM,ddf26e7a-10f4-4e7f-85d4-f147bea1acb5,Tourniquet,999,
TOOL_HOVER,81506,12/2/2022 2:36:25 PM,ddf26e7a-10f4-4e7f-85d4-f147bea1acb5,Tourniquet,999,
TOOL_HOVER,81523,12/2/2022 2:36:26 PM,ddf26e7a-10f4-4e7f-85d4-f147bea1acb5,Tourniquet,999,
TOOL_HOVER,81539,12/2/2022 2:36:26 PM,ddf26e7a-10f4-4e7f-85d4-f147bea1acb5,Tourniquet,999,
TOOL_HOVER,81556,12/2/2022 2:36:26 PM,ddf26e7a-10f4-4e7f-85d4-f147bea1acb5,Tourniquet,999,
TOOL_HOVER,81573,12/2/2022 2:36:26 PM,ddf26e7a-10f4-4e7f-85d4-f147bea1acb5,Tourniquet,999,
TOOL_HOVER,81590,12/2/2022 2:36:26 PM,ddf26e7a-10f4-4e7f-85d4-f147bea1acb5,Tourniquet,999,
TOOL_HOVER,81607,12/2/2022 2:36:26 PM,ddf26e7a-10f4-4e7f-85d4-f147bea1acb5,Tourniquet,999,
TOOL_HOVER,81623,12/2/2022 2:36:26 PM,ddf26e7a-10f4-4e7f-85d4-f147bea1acb5,Tourniquet,999,
TOOL_HOVER,81639,12/2/2022 2:36:26 PM,ddf26e7a-10f4-4e7f-85d4-f147bea1acb5,Tourniquet,999,
TOOL_HOVER,81657,12/2/2022 2:36:26 PM,ddf26e7a-10f4-4e7f-85d4-f147bea1acb5,Tourniquet,999,
TOOL_HOVER,81673,12/2/2022 2:36:26 PM,ddf26e7a-10f4-4e7f-85d4-f147bea1acb5,Tourniquet,999,
TOOL_HOVER,81690,12/2/2022 2:36:26 PM,ddf26e7a-10f4-4e7f-85d4-f147bea1acb5,Tourniquet,999,
TOOL_HOVER,81708,12/2/2022 2:36:26 PM,ddf26e7a-10f4-4e7f-85d4-f147bea1acb5,Tourniquet,999,
TOOL_HOVER,81723,12/2/2022 2:36:26 PM,ddf26e7a-10f4-4e7f-85d4-f147bea1acb5,Tourniquet,999,
TOOL_HOVER,81741,12/2/2022 2:36:26 PM,ddf26e7a-10f4-4e7f-85d4-f147bea1acb5,Tourniquet,999,
TOOL_SELECTED,81743,12/2/2022 2:36:26 PM,ddf26e7a-10f4-4e7f-85d4-f147bea1acb5,Tourniquet,998,
VOICE_CAPTURE,83662,12/2/2022 2:36:28 PM,ddf26e7a-10f4-4e7f-85d4-f147bea1acb5,yeah and then you can put it anywhere and then like why did you let go of the trigger then it stays and you can grab,NA,
TOOL_APPLIED,85051,12/2/2022 2:36:29 PM,ddf26e7a-10f4-4e7f-85d4-f147bea1acb5,Mike Root,Tourniquet,RightArm (UnityEngine.GameObject),tor_ring (1) (UnityEngine.GameObject),tourniquet(Clone) (UnityEngine.GameObject),AppliedTourniquet,
VOICE_CAPTURE,86168,12/2/2022 2:36:30 PM,ddf26e7a-10f4-4e7f-85d4-f147bea1acb5,put things on it,NA,
TOOL_HOVER,87354,12/2/2022 2:36:31 PM,ddf26e7a-10f4-4e7f-85d4-f147bea1acb5,Hemostatic Gauze,999,
TOOL_HOVER,87370,12/2/2022 2:36:31 PM,ddf26e7a-10f4-4e7f-85d4-f147bea1acb5,Hemostatic Gauze,999,
TOOL_HOVER,87387,12/2/2022 2:36:31 PM,ddf26e7a-10f4-4e7f-85d4-f147bea1acb5,Hemostatic Gauze,999,
TOOL_HOVER,87403,12/2/2022 2:36:31 PM,ddf26e7a-10f4-4e7f-85d4-f147bea1acb5,Hemostatic Gauze,999,
TOOL_HOVER,87420,12/2/2022 2:36:31 PM,ddf26e7a-10f4-4e7f-85d4-f147bea1acb5,Hemostatic Gauze,999,
TOOL_HOVER,87437,12/2/2022 2:36:31 PM,ddf26e7a-10f4-4e7f-85d4-f147bea1acb5,Hemostatic Gauze,999,
TOOL_HOVER,87454,12/2/2022 2:36:31 PM,ddf26e7a-10f4-4e7f-85d4-f147bea1acb5,Hemostatic Gauze,999,
TOOL_HOVER,87472,12/2/2022 2:36:31 PM,ddf26e7a-10f4-4e7f-85d4-f147bea1acb5,Hemostatic Gauze,999,
TOOL_HOVER,87487,12/2/2022 2:36:31 PM,ddf26e7a-10f4-4e7f-85d4-f147bea1acb5,Hemostatic Gauze,999,
TOOL_HOVER,87505,12/2/2022 2:36:31 PM,ddf26e7a-10f4-4e7f-85d4-f147bea1acb5,Hemostatic Gauze,999,
TOOL_HOVER,87520,12/2/2022 2:36:32 PM,ddf26e7a-10f4-4e7f-85d4-f147bea1acb5,Hemostatic Gauze,999,
TOOL_HOVER,87537,12/2/2022 2:36:32 PM,ddf26e7a-10f4-4e7f-85d4-f147bea1acb5,Hemostatic Gauze,999,
TOOL_HOVER,88455,12/2/2022 2:36:32 PM,ddf26e7a-10f4-4e7f-85d4-f147bea1acb5,Needle,999,
TOOL_HOVER,88473,12/2/2022 2:36:32 PM,ddf26e7a-10f4-4e7f-85d4-f147bea1acb5,Needle,999,
TOOL_HOVER,88492,12/2/2022 2:36:32 PM,ddf26e7a-10f4-4e7f-85d4-f147bea1acb5,Needle,999,
TOOL_HOVER,88506,12/2/2022 2:36:32 PM,ddf26e7a-10f4-4e7f-85d4-f147bea1acb5,Needle,999,
TOOL_HOVER,88524,12/2/2022 2:36:33 PM,ddf26e7a-10f4-4e7f-85d4-f147bea1acb5,Needle,999,
TOOL_HOVER,88540,12/2/2022 2:36:33 PM,ddf26e7a-10f4-4e7f-85d4-f147bea1acb5,Needle,999,
TOOL_HOVER,88556,12/2/2022 2:36:33 PM,ddf26e7a-10f4-4e7f-85d4-f147bea1acb5,Needle,999,
TOOL_HOVER,88573,12/2/2022 2:36:33 PM,ddf26e7a-10f4-4e7f-85d4-f147bea1acb5,Needle,999,
TOOL_SELECTED,88574,12/2/2022 2:36:33 PM,ddf26e7a-10f4-4e7f-85d4-f147bea1acb5,Needle,998,
VOICE_CAPTURE,91413,12/2/2022 2:36:35 PM,ddf26e7a-10f4-4e7f-85d4-f147bea1acb5,he's not hurt,NA,
VOICE_COMMAND,91413,12/2/2022 2:36:35 PM,ddf26e7a-10f4-4e7f-85d4-f147bea1acb5,are you hurt,he's not hurt,
TOOL_APPLIED,91602,12/2/2022 2:36:36 PM,ddf26e7a-10f4-4e7f-85d4-f147bea1acb5,Needle_Decomp(Clone),Needle,RChest_Breathe1 (UnityEngine.GameObject),cath_needle (UnityEngine.GameObject),right_chest,Needle_Decomp(Clone) (UnityEngine.GameObject),AppliedDecompNeedle,
VOICE_CAPTURE,92500,12/2/2022 2:36:36 PM,ddf26e7a-10f4-4e7f-85d4-f147bea1acb5,messed up,NA,
TAG_SELECTED,95842,12/2/2022 2:36:40 PM,ddf26e7a-10f4-4e7f-85d4-f147bea1acb5,green,
VOICE_CAPTURE,96726,12/2/2022 2:36:41 PM,ddf26e7a-10f4-4e7f-85d4-f147bea1acb5,all of the,NA,
VOICE_CAPTURE,100133,12/2/2022 2:36:44 PM,ddf26e7a-10f4-4e7f-85d4-f147bea1acb5,all the tags you wanna tag them,NA,
TAG_APPLIED,100988,12/2/2022 2:36:45 PM,ddf26e7a-10f4-4e7f-85d4-f147bea1acb5,Mike Root,green,
VOICE_CAPTURE,101772,12/2/2022 2:36:46 PM,ddf26e7a-10f4-4e7f-85d4-f147bea1acb5,no matter which wrist,NA,
VOICE_CAPTURE,107402,12/2/2022 2:36:51 PM,ddf26e7a-10f4-4e7f-85d4-f147bea1acb5,got it,NA,
VOICE_CAPTURE,113700,12/2/2022 2:36:58 PM,ddf26e7a-10f4-4e7f-85d4-f147bea1acb5,sure,NA,
BAG_CLOSED,116026,12/2/2022 2:37:00 PM,ddf26e7a-10f4-4e7f-85d4-f147bea1acb5,"(3.0, 0.7, -0.1)",
VOICE_CAPTURE,116254,12/2/2022 2:37:00 PM,ddf26e7a-10f4-4e7f-85d4-f147bea1acb5,watch somebody right,NA,
PATIENT_DEMOTED,116256,12/2/2022 2:37:00 PM,ddf26e7a-10f4-4e7f-85d4-f147bea1acb5,100,Infinity,Mike_0 Root,"(2.6, 0.0, -0.6)","(0.0, 0.7, 0.0, -0.7)",DELAYED,walker,normal,normal,normal,upset,sittingGround,
PATIENT_DEMOTED,116900,12/2/2022 2:37:01 PM,ddf26e7a-10f4-4e7f-85d4-f147bea1acb5,100,Infinity,Mike_1 Root,"(2.6, 0.0, 0.1)","(0.0, 0.7, 0.0, -0.7)",IMMEDIATE,waver,normal,normal,normal,upset,recovery,
PATIENT_DEMOTED,117554,12/2/2022 2:37:02 PM,ddf26e7a-10f4-4e7f-85d4-f147bea1acb5,100,Infinity,Mike_2 Root,"(2.6, 0.0, 2.4)","(0.0, 0.7, 0.0, -0.7)",IMMEDIATE,walker,fast,normal,normal,upset,sittingGround,
PATIENT_DEMOTED,118210,12/2/2022 2:37:02 PM,ddf26e7a-10f4-4e7f-85d4-f147bea1acb5,100,128,Mike_3 Root,"(3.0, 0.0, 4.3)","(0.0, 0.7, 0.0, -0.7)",IMMEDIATE,still,faint,collapsedRight,normal,unresponsive,supine,
VOICE_CAPTURE,118929,12/2/2022 2:37:03 PM,ddf26e7a-10f4-4e7f-85d4-f147bea1acb5,yeah i would yeah if you don't mind,NA,
SESSION_START,120267,12/2/2022 2:37:04 PM,ddf26e7a-10f4-4e7f-85d4-f147bea1acb5,
PATIENT_RECORD,120268,12/2/2022 2:37:04 PM,ddf26e7a-10f4-4e7f-85d4-f147bea1acb5,100,Infinity,Mike_0 Root,"(2.6, 0.0, -1.4)","(0.0, 0.7, 0.0, -0.7)",DELAYED,walker,normal,normal,normal,upset,sittingGround,
INJURY_RECORD,120268,12/2/2022 2:37:04 PM,ddf26e7a-10f4-4e7f-85d4-f147bea1acb5,R Forearm Laceration,Mike_0 Root,gauzePressure,low,rightArm,False,False,"(2.7, 1.3, -0.9)",
PATIENT_RECORD,120268,12/2/2022 2:37:04 PM,ddf26e7a-10f4-4e7f-85d4-f147bea1acb5,100,Infinity,Mike_1 Root,"(2.9, 0.0, 0.1)","(0.0, 0.7, 0.0, -0.7)",IMMEDIATE,waver,normal,normal,normal,upset,recovery,
INJURY_RECORD,120268,12/2/2022 2:37:04 PM,ddf26e7a-10f4-4e7f-85d4-f147bea1acb5,L Thigh Laceration,Mike_1 Root,tourniquet,medium,leftLeg,False,False,"(2.8, 0.7, -0.1)",
PATIENT_RECORD,120268,12/2/2022 2:37:04 PM,ddf26e7a-10f4-4e7f-85d4-f147bea1acb5,100,Infinity,Mike_2 Root,"(3.1, 0.0, 2.2)","(0.0, 0.7, 0.0, -0.7)",IMMEDIATE,walker,fast,normal,normal,upset,sittingGround,
INJURY_RECORD,120268,12/2/2022 2:37:04 PM,ddf26e7a-10f4-4e7f-85d4-f147bea1acb5,L Shoulder Puncture,Mike_2 Root,woundpack,medium,chest,False,False,"(3.1, 1.4, 2.1)",
PATIENT_RECORD,120268,12/2/2022 2:37:04 PM,ddf26e7a-10f4-4e7f-85d4-f147bea1acb5,100,128,Mike_3 Root,"(3.2, 0.0, 4.3)","(0.0, 0.7, 0.0, -0.7)",IMMEDIATE,still,faint,collapsedRight,normal,unresponsive,supine,
INJURY_RECORD,120268,12/2/2022 2:37:04 PM,ddf26e7a-10f4-4e7f-85d4-f147bea1acb5,R Chest Collapse,Mike_3 Root,decompress,high,chest,False,False,"(0.0, 0.0, 0.0)",
TELEPORT,129655,12/2/2022 2:37:14 PM,ddf26e7a-10f4-4e7f-85d4-f147bea1acb5,"(0.8, 0.0, -3.4)",
VOICE_CAPTURE,129823,12/2/2022 2:37:14 PM,ddf26e7a-10f4-4e7f-85d4-f147bea1acb5,if you can hear my voice and walk get up and go to the stairs,NA,
VOICE_COMMAND,129824,12/2/2022 2:37:14 PM,ddf26e7a-10f4-4e7f-85d4-f147bea1acb5,walk to the safe area,if you can hear my voice and walk get up and go to the stairs,
VOICE_COMMAND,129824,12/2/2022 2:37:14 PM,ddf26e7a-10f4-4e7f-85d4-f147bea1acb5,walk to the safe area,if you can hear my voice and walk get up and go to the stairs,
VOICE_COMMAND,129824,12/2/2022 2:37:14 PM,ddf26e7a-10f4-4e7f-85d4-f147bea1acb5,stand up,if you can hear my voice and walk get up and go to the stairs,
TELEPORT,131026,12/2/2022 2:37:15 PM,ddf26e7a-10f4-4e7f-85d4-f147bea1acb5,"(0.9, 0.0, -2.8)",
TELEPORT,132897,12/2/2022 2:37:17 PM,ddf26e7a-10f4-4e7f-85d4-f147bea1acb5,"(1.6, 0.0, -2.7)",
TELEPORT,133749,12/2/2022 2:37:18 PM,ddf26e7a-10f4-4e7f-85d4-f147bea1acb5,"(1.7, 0.0, -3.0)",
PATIENT_ENGAGED,136823,12/2/2022 2:37:21 PM,ddf26e7a-10f4-4e7f-85d4-f147bea1acb5,100,Infinity,Mike_0 Root,"(2.6, 0.0, -1.4)","(0.0, 0.7, 0.0, -0.7)",DELAYED,walker,normal,normal,normal,upset,sittingGround,
VOICE_CAPTURE,141534,12/2/2022 2:37:26 PM,ddf26e7a-10f4-4e7f-85d4-f147bea1acb5,alright so no one does so OK so i see this guy sir,NA,
VOICE_CAPTURE,143557,12/2/2022 2:37:28 PM,ddf26e7a-10f4-4e7f-85d4-f147bea1acb5,it's a,NA,
VOICE_CAPTURE,146061,12/2/2022 2:37:30 PM,ddf26e7a-10f4-4e7f-85d4-f147bea1acb5,let's see your arm if you could uncover that,NA,
VOICE_CAPTURE,147015,12/2/2022 2:37:31 PM,ddf26e7a-10f4-4e7f-85d4-f147bea1acb5,show me,NA,
VOICE_COMMAND,147015,12/2/2022 2:37:31 PM,ddf26e7a-10f4-4e7f-85d4-f147bea1acb5,reveal injury,show me,
VOICE_CAPTURE,150163,12/2/2022 2:37:34 PM,ddf26e7a-10f4-4e7f-85d4-f147bea1acb5,or is it his leg that's bleeding,NA,
VOICE_CAPTURE,153989,12/2/2022 2:37:38 PM,ddf26e7a-10f4-4e7f-85d4-f147bea1acb5,there's no blood,NA,
VOICE_CAPTURE,162676,12/2/2022 2:37:47 PM,ddf26e7a-10f4-4e7f-85d4-f147bea1acb5,so if you can't see the other side OK get up and walk around it,NA,
VOICE_COMMAND,162677,12/2/2022 2:37:47 PM,ddf26e7a-10f4-4e7f-85d4-f147bea1acb5,walk to the safe area,so if you can't see the other side OK get up and walk around it,
VOICE_COMMAND,162677,12/2/2022 2:37:47 PM,ddf26e7a-10f4-4e7f-85d4-f147bea1acb5,stand up,so if you can't see the other side OK get up and walk around it,
VOICE_CAPTURE,169494,12/2/2022 2:37:53 PM,ddf26e7a-10f4-4e7f-85d4-f147bea1acb5,he disappeared,NA,
VOICE_CAPTURE,170346,12/2/2022 2:37:54 PM,ddf26e7a-10f4-4e7f-85d4-f147bea1acb5,oh,NA,
VOICE_CAPTURE,172668,12/2/2022 2:37:57 PM,ddf26e7a-10f4-4e7f-85d4-f147bea1acb5,well,NA,
VOICE_CAPTURE,183779,12/2/2022 2:38:08 PM,ddf26e7a-10f4-4e7f-85d4-f147bea1acb5,yeah man,NA,
VOICE_CAPTURE,185098,12/2/2022 2:38:09 PM,ddf26e7a-10f4-4e7f-85d4-f147bea1acb5,dude alright,NA,
VOICE_CAPTURE,187387,12/2/2022 2:38:11 PM,ddf26e7a-10f4-4e7f-85d4-f147bea1acb5,hey sit down,NA,
VOICE_COMMAND,187387,12/2/2022 2:38:11 PM,ddf26e7a-10f4-4e7f-85d4-f147bea1acb5,sit up/down,hey sit down,
VOICE_CAPTURE,194922,12/2/2022 2:38:19 PM,ddf26e7a-10f4-4e7f-85d4-f147bea1acb5,never mind the bench that you're sitting in,NA,
VOICE_COMMAND,194922,12/2/2022 2:38:19 PM,ddf26e7a-10f4-4e7f-85d4-f147bea1acb5,sit up/down,never mind the bench that you're sitting in,
VOICE_CAPTURE,198445,12/2/2022 2:38:22 PM,ddf26e7a-10f4-4e7f-85d4-f147bea1acb5,you're good alright,NA,
PATIENT_ENGAGED,199859,12/2/2022 2:38:24 PM,ddf26e7a-10f4-4e7f-85d4-f147bea1acb5,100,Infinity,Mike_1 Root,"(2.9, 0.0, 0.1)","(0.0, 0.7, 0.0, -0.7)",IMMEDIATE,waver,normal,normal,normal,upset,recovery,
VOICE_CAPTURE,204275,12/2/2022 2:38:28 PM,ddf26e7a-10f4-4e7f-85d4-f147bea1acb5,alright sir,NA,
BAG_ACCESS,204568,12/2/2022 2:38:29 PM,ddf26e7a-10f4-4e7f-85d4-f147bea1acb5,"(3.0, 0.5, -0.3)",
TOOL_HOVER,209642,12/2/2022 2:38:34 PM,ddf26e7a-10f4-4e7f-85d4-f147bea1acb5,Tourniquet,998,
TOOL_HOVER,209662,12/2/2022 2:38:34 PM,ddf26e7a-10f4-4e7f-85d4-f147bea1acb5,Tourniquet,998,
TOOL_HOVER,209681,12/2/2022 2:38:34 PM,ddf26e7a-10f4-4e7f-85d4-f147bea1acb5,Tourniquet,998,
TOOL_HOVER,209699,12/2/2022 2:38:34 PM,ddf26e7a-10f4-4e7f-85d4-f147bea1acb5,Tourniquet,998,
TOOL_HOVER,209719,12/2/2022 2:38:34 PM,ddf26e7a-10f4-4e7f-85d4-f147bea1acb5,Tourniquet,998,
TOOL_HOVER,209738,12/2/2022 2:38:34 PM,ddf26e7a-10f4-4e7f-85d4-f147bea1acb5,Tourniquet,998,
TOOL_HOVER,209757,12/2/2022 2:38:34 PM,ddf26e7a-10f4-4e7f-85d4-f147bea1acb5,Tourniquet,998,
TOOL_HOVER,209776,12/2/2022 2:38:34 PM,ddf26e7a-10f4-4e7f-85d4-f147bea1acb5,Tourniquet,998,
TOOL_HOVER,209797,12/2/2022 2:38:34 PM,ddf26e7a-10f4-4e7f-85d4-f147bea1acb5,Tourniquet,998,
TOOL_HOVER,209815,12/2/2022 2:38:34 PM,ddf26e7a-10f4-4e7f-85d4-f147bea1acb5,Tourniquet,998,
TOOL_HOVER,209835,12/2/2022 2:38:34 PM,ddf26e7a-10f4-4e7f-85d4-f147bea1acb5,Tourniquet,998,
TOOL_HOVER,209855,12/2/2022 2:38:34 PM,ddf26e7a-10f4-4e7f-85d4-f147bea1acb5,Tourniquet,998,
TOOL_HOVER,209874,12/2/2022 2:38:34 PM,ddf26e7a-10f4-4e7f-85d4-f147bea1acb5,Tourniquet,998,
TOOL_HOVER,209894,12/2/2022 2:38:34 PM,ddf26e7a-10f4-4e7f-85d4-f147bea1acb5,Tourniquet,998,
TOOL_HOVER,209914,12/2/2022 2:38:34 PM,ddf26e7a-10f4-4e7f-85d4-f147bea1acb5,Tourniquet,998,
TOOL_HOVER,209932,12/2/2022 2:38:34 PM,ddf26e7a-10f4-4e7f-85d4-f147bea1acb5,Tourniquet,998,
TOOL_HOVER,209952,12/2/2022 2:38:34 PM,ddf26e7a-10f4-4e7f-85d4-f147bea1acb5,Tourniquet,998,
TOOL_HOVER,209972,12/2/2022 2:38:34 PM,ddf26e7a-10f4-4e7f-85d4-f147bea1acb5,Tourniquet,998,
TOOL_HOVER,209992,12/2/2022 2:38:34 PM,ddf26e7a-10f4-4e7f-85d4-f147bea1acb5,Tourniquet,998,
TOOL_HOVER,210014,12/2/2022 2:38:34 PM,ddf26e7a-10f4-4e7f-85d4-f147bea1acb5,Tourniquet,998,
TOOL_HOVER,210033,12/2/2022 2:38:34 PM,ddf26e7a-10f4-4e7f-85d4-f147bea1acb5,Tourniquet,998,
TOOL_HOVER,210052,12/2/2022 2:38:34 PM,ddf26e7a-10f4-4e7f-85d4-f147bea1acb5,Tourniquet,998,
TOOL_HOVER,210071,12/2/2022 2:38:34 PM,ddf26e7a-10f4-4e7f-85d4-f147bea1acb5,Tourniquet,998,
TOOL_HOVER,210091,12/2/2022 2:38:34 PM,ddf26e7a-10f4-4e7f-85d4-f147bea1acb5,Tourniquet,998,
TOOL_HOVER,210111,12/2/2022 2:38:34 PM,ddf26e7a-10f4-4e7f-85d4-f147bea1acb5,Tourniquet,998,
TOOL_HOVER,210131,12/2/2022 2:38:34 PM,ddf26e7a-10f4-4e7f-85d4-f147bea1acb5,Tourniquet,998,
TOOL_HOVER,210150,12/2/2022 2:38:34 PM,ddf26e7a-10f4-4e7f-85d4-f147bea1acb5,Tourniquet,998,
TOOL_HOVER,210170,12/2/2022 2:38:34 PM,ddf26e7a-10f4-4e7f-85d4-f147bea1acb5,Tourniquet,998,
TOOL_HOVER,210189,12/2/2022 2:38:34 PM,ddf26e7a-10f4-4e7f-85d4-f147bea1acb5,Tourniquet,998,
TOOL_HOVER,210209,12/2/2022 2:38:34 PM,ddf26e7a-10f4-4e7f-85d4-f147bea1acb5,Tourniquet,998,
TOOL_HOVER,210227,12/2/2022 2:38:34 PM,ddf26e7a-10f4-4e7f-85d4-f147bea1acb5,Tourniquet,998,
TOOL_HOVER,210246,12/2/2022 2:38:34 PM,ddf26e7a-10f4-4e7f-85d4-f147bea1acb5,Tourniquet,998,
TOOL_HOVER,210265,12/2/2022 2:38:34 PM,ddf26e7a-10f4-4e7f-85d4-f147bea1acb5,Tourniquet,998,
TOOL_SELECTED,210266,12/2/2022 2:38:34 PM,ddf26e7a-10f4-4e7f-85d4-f147bea1acb5,Tourniquet,997,
TOOL_DISCARDED,212466,12/2/2022 2:38:36 PM,ddf26e7a-10f4-4e7f-85d4-f147bea1acb5,Tourniquet,997,"(2.9, 0.4, 0.2)",
TOOL_HOVER,214145,12/2/2022 2:38:38 PM,ddf26e7a-10f4-4e7f-85d4-f147bea1acb5,Tourniquet,998,
TOOL_HOVER,214165,12/2/2022 2:38:38 PM,ddf26e7a-10f4-4e7f-85d4-f147bea1acb5,Tourniquet,998,
TOOL_HOVER,214184,12/2/2022 2:38:38 PM,ddf26e7a-10f4-4e7f-85d4-f147bea1acb5,Tourniquet,998,
TOOL_HOVER,214205,12/2/2022 2:38:38 PM,ddf26e7a-10f4-4e7f-85d4-f147bea1acb5,Tourniquet,998,
TOOL_HOVER,214225,12/2/2022 2:38:38 PM,ddf26e7a-10f4-4e7f-85d4-f147bea1acb5,Tourniquet,998,
TOOL_HOVER,214246,12/2/2022 2:38:38 PM,ddf26e7a-10f4-4e7f-85d4-f147bea1acb5,Tourniquet,998,
TOOL_HOVER,214265,12/2/2022 2:38:38 PM,ddf26e7a-10f4-4e7f-85d4-f147bea1acb5,Tourniquet,998,
TOOL_HOVER,214285,12/2/2022 2:38:38 PM,ddf26e7a-10f4-4e7f-85d4-f147bea1acb5,Tourniquet,998,
TOOL_HOVER,214306,12/2/2022 2:38:38 PM,ddf26e7a-10f4-4e7f-85d4-f147bea1acb5,Tourniquet,998,
TOOL_HOVER,214325,12/2/2022 2:38:38 PM,ddf26e7a-10f4-4e7f-85d4-f147bea1acb5,Tourniquet,998,
TOOL_HOVER,214346,12/2/2022 2:38:38 PM,ddf26e7a-10f4-4e7f-85d4-f147bea1acb5,Tourniquet,998,
TOOL_HOVER,214366,12/2/2022 2:38:38 PM,ddf26e7a-10f4-4e7f-85d4-f147bea1acb5,Tourniquet,998,
TOOL_HOVER,214387,12/2/2022 2:38:38 PM,ddf26e7a-10f4-4e7f-85d4-f147bea1acb5,Tourniquet,998,
TOOL_HOVER,214407,12/2/2022 2:38:38 PM,ddf26e7a-10f4-4e7f-85d4-f147bea1acb5,Tourniquet,998,
TOOL_HOVER,214428,12/2/2022 2:38:38 PM,ddf26e7a-10f4-4e7f-85d4-f147bea1acb5,Tourniquet,998,
TOOL_HOVER,214448,12/2/2022 2:38:38 PM,ddf26e7a-10f4-4e7f-85d4-f147bea1acb5,Tourniquet,998,
TOOL_HOVER,214467,12/2/2022 2:38:38 PM,ddf26e7a-10f4-4e7f-85d4-f147bea1acb5,Tourniquet,998,
TOOL_HOVER,214489,12/2/2022 2:38:38 PM,ddf26e7a-10f4-4e7f-85d4-f147bea1acb5,Tourniquet,998,
TOOL_HOVER,214509,12/2/2022 2:38:38 PM,ddf26e7a-10f4-4e7f-85d4-f147bea1acb5,Tourniquet,998,
TOOL_HOVER,214530,12/2/2022 2:38:39 PM,ddf26e7a-10f4-4e7f-85d4-f147bea1acb5,Tourniquet,998,
TOOL_HOVER,214550,12/2/2022 2:38:39 PM,ddf26e7a-10f4-4e7f-85d4-f147bea1acb5,Tourniquet,998,
TOOL_HOVER,214571,12/2/2022 2:38:39 PM,ddf26e7a-10f4-4e7f-85d4-f147bea1acb5,Tourniquet,998,
TOOL_HOVER,214590,12/2/2022 2:38:39 PM,ddf26e7a-10f4-4e7f-85d4-f147bea1acb5,Tourniquet,998,
TOOL_HOVER,214611,12/2/2022 2:38:39 PM,ddf26e7a-10f4-4e7f-85d4-f147bea1acb5,Tourniquet,998,
TOOL_HOVER,214633,12/2/2022 2:38:39 PM,ddf26e7a-10f4-4e7f-85d4-f147bea1acb5,Tourniquet,998,
TOOL_HOVER,214653,12/2/2022 2:38:39 PM,ddf26e7a-10f4-4e7f-85d4-f147bea1acb5,Tourniquet,998,
TOOL_HOVER,214673,12/2/2022 2:38:39 PM,ddf26e7a-10f4-4e7f-85d4-f147bea1acb5,Tourniquet,998,
TOOL_HOVER,214696,12/2/2022 2:38:39 PM,ddf26e7a-10f4-4e7f-85d4-f147bea1acb5,Tourniquet,998,
TOOL_SELECTED,214697,12/2/2022 2:38:39 PM,ddf26e7a-10f4-4e7f-85d4-f147bea1acb5,Tourniquet,997,
TOOL_DISCARDED,215603,12/2/2022 2:38:40 PM,ddf26e7a-10f4-4e7f-85d4-f147bea1acb5,Tourniquet,997,"(3.0, 0.5, 0.2)",
TOOL_HOVER,216754,12/2/2022 2:38:41 PM,ddf26e7a-10f4-4e7f-85d4-f147bea1acb5,Tourniquet,998,
TOOL_HOVER,216775,12/2/2022 2:38:41 PM,ddf26e7a-10f4-4e7f-85d4-f147bea1acb5,Tourniquet,998,
TOOL_HOVER,216795,12/2/2022 2:38:41 PM,ddf26e7a-10f4-4e7f-85d4-f147bea1acb5,Tourniquet,998,
TOOL_HOVER,216815,12/2/2022 2:38:41 PM,ddf26e7a-10f4-4e7f-85d4-f147bea1acb5,Tourniquet,998,
TOOL_HOVER,216836,12/2/2022 2:38:41 PM,ddf26e7a-10f4-4e7f-85d4-f147bea1acb5,Tourniquet,998,
TOOL_HOVER,217245,12/2/2022 2:38:41 PM,ddf26e7a-10f4-4e7f-85d4-f147bea1acb5,Tourniquet,998,
TOOL_HOVER,217265,12/2/2022 2:38:41 PM,ddf26e7a-10f4-4e7f-85d4-f147bea1acb5,Tourniquet,998,
TOOL_HOVER,217284,12/2/2022 2:38:41 PM,ddf26e7a-10f4-4e7f-85d4-f147bea1acb5,Tourniquet,998,
TOOL_HOVER,217305,12/2/2022 2:38:41 PM,ddf26e7a-10f4-4e7f-85d4-f147bea1acb5,Tourniquet,998,
TOOL_HOVER,217327,12/2/2022 2:38:41 PM,ddf26e7a-10f4-4e7f-85d4-f147bea1acb5,Tourniquet,998,
TOOL_HOVER,217347,12/2/2022 2:38:41 PM,ddf26e7a-10f4-4e7f-85d4-f147bea1acb5,Tourniquet,998,
TOOL_HOVER,217366,12/2/2022 2:38:41 PM,ddf26e7a-10f4-4e7f-85d4-f147bea1acb5,Tourniquet,998,
TOOL_HOVER,217386,12/2/2022 2:38:41 PM,ddf26e7a-10f4-4e7f-85d4-f147bea1acb5,Tourniquet,998,
TOOL_HOVER,217406,12/2/2022 2:38:41 PM,ddf26e7a-10f4-4e7f-85d4-f147bea1acb5,Tourniquet,998,
TOOL_HOVER,217426,12/2/2022 2:38:41 PM,ddf26e7a-10f4-4e7f-85d4-f147bea1acb5,Tourniquet,998,
TOOL_HOVER,217449,12/2/2022 2:38:41 PM,ddf26e7a-10f4-4e7f-85d4-f147bea1acb5,Tourniquet,998,
TOOL_HOVER,217466,12/2/2022 2:38:41 PM,ddf26e7a-10f4-4e7f-85d4-f147bea1acb5,Tourniquet,998,
TOOL_HOVER,217486,12/2/2022 2:38:41 PM,ddf26e7a-10f4-4e7f-85d4-f147bea1acb5,Tourniquet,998,
TOOL_HOVER,217506,12/2/2022 2:38:41 PM,ddf26e7a-10f4-4e7f-85d4-f147bea1acb5,Tourniquet,998,
TOOL_HOVER,217526,12/2/2022 2:38:42 PM,ddf26e7a-10f4-4e7f-85d4-f147bea1acb5,Tourniquet,998,
TOOL_HOVER,217547,12/2/2022 2:38:42 PM,ddf26e7a-10f4-4e7f-85d4-f147bea1acb5,Tourniquet,998,
TOOL_HOVER,217566,12/2/2022 2:38:42 PM,ddf26e7a-10f4-4e7f-85d4-f147bea1acb5,Tourniquet,998,
TOOL_HOVER,217586,12/2/2022 2:38:42 PM,ddf26e7a-10f4-4e7f-85d4-f147bea1acb5,Tourniquet,998,
TOOL_HOVER,217606,12/2/2022 2:38:42 PM,ddf26e7a-10f4-4e7f-85d4-f147bea1acb5,Tourniquet,998,
TOOL_HOVER,217626,12/2/2022 2:38:42 PM,ddf26e7a-10f4-4e7f-85d4-f147bea1acb5,Tourniquet,998,
TOOL_HOVER,217647,12/2/2022 2:38:42 PM,ddf26e7a-10f4-4e7f-85d4-f147bea1acb5,Tourniquet,998,
TOOL_HOVER,217666,12/2/2022 2:38:42 PM,ddf26e7a-10f4-4e7f-85d4-f147bea1acb5,Tourniquet,998,
TOOL_HOVER,217686,12/2/2022 2:38:42 PM,ddf26e7a-10f4-4e7f-85d4-f147bea1acb5,Tourniquet,998,
TOOL_HOVER,217706,12/2/2022 2:38:42 PM,ddf26e7a-10f4-4e7f-85d4-f147bea1acb5,Tourniquet,998,
TOOL_HOVER,217726,12/2/2022 2:38:42 PM,ddf26e7a-10f4-4e7f-85d4-f147bea1acb5,Tourniquet,998,
TOOL_HOVER,220659,12/2/2022 2:38:45 PM,ddf26e7a-10f4-4e7f-85d4-f147bea1acb5,Tourniquet,998,
TOOL_HOVER,220680,12/2/2022 2:38:45 PM,ddf26e7a-10f4-4e7f-85d4-f147bea1acb5,Tourniquet,998,
TOOL_HOVER,220699,12/2/2022 2:38:45 PM,ddf26e7a-10f4-4e7f-85d4-f147bea1acb5,Tourniquet,998,
TOOL_HOVER,220720,12/2/2022 2:38:45 PM,ddf26e7a-10f4-4e7f-85d4-f147bea1acb5,Tourniquet,998,
TOOL_HOVER,220741,12/2/2022 2:38:45 PM,ddf26e7a-10f4-4e7f-85d4-f147bea1acb5,Tourniquet,998,
TOOL_HOVER,220762,12/2/2022 2:38:45 PM,ddf26e7a-10f4-4e7f-85d4-f147bea1acb5,Tourniquet,998,
TOOL_HOVER,220782,12/2/2022 2:38:45 PM,ddf26e7a-10f4-4e7f-85d4-f147bea1acb5,Tourniquet,998,
TOOL_HOVER,220801,12/2/2022 2:38:45 PM,ddf26e7a-10f4-4e7f-85d4-f147bea1acb5,Tourniquet,998,
TOOL_HOVER,220822,12/2/2022 2:38:45 PM,ddf26e7a-10f4-4e7f-85d4-f147bea1acb5,Tourniquet,998,
TOOL_HOVER,220843,12/2/2022 2:38:45 PM,ddf26e7a-10f4-4e7f-85d4-f147bea1acb5,Tourniquet,998,
TOOL_HOVER,220863,12/2/2022 2:38:45 PM,ddf26e7a-10f4-4e7f-85d4-f147bea1acb5,Tourniquet,998,
TOOL_HOVER,220883,12/2/2022 2:38:45 PM,ddf26e7a-10f4-4e7f-85d4-f147bea1acb5,Tourniquet,998,
TOOL_HOVER,220904,12/2/2022 2:38:45 PM,ddf26e7a-10f4-4e7f-85d4-f147bea1acb5,Tourniquet,998,
TOOL_HOVER,220924,12/2/2022 2:38:45 PM,ddf26e7a-10f4-4e7f-85d4-f147bea1acb5,Tourniquet,998,
TOOL_HOVER,220945,12/2/2022 2:38:45 PM,ddf26e7a-10f4-4e7f-85d4-f147bea1acb5,Tourniquet,998,
TOOL_HOVER,220965,12/2/2022 2:38:45 PM,ddf26e7a-10f4-4e7f-85d4-f147bea1acb5,Tourniquet,998,
TOOL_HOVER,220985,12/2/2022 2:38:45 PM,ddf26e7a-10f4-4e7f-85d4-f147bea1acb5,Tourniquet,998,
TOOL_HOVER,221005,12/2/2022 2:38:45 PM,ddf26e7a-10f4-4e7f-85d4-f147bea1acb5,Tourniquet,998,
TOOL_HOVER,221026,12/2/2022 2:38:45 PM,ddf26e7a-10f4-4e7f-85d4-f147bea1acb5,Tourniquet,998,
TOOL_HOVER,221046,12/2/2022 2:38:45 PM,ddf26e7a-10f4-4e7f-85d4-f147bea1acb5,Tourniquet,998,
TOOL_HOVER,221066,12/2/2022 2:38:45 PM,ddf26e7a-10f4-4e7f-85d4-f147bea1acb5,Tourniquet,998,
TOOL_HOVER,221087,12/2/2022 2:38:45 PM,ddf26e7a-10f4-4e7f-85d4-f147bea1acb5,Tourniquet,998,
TOOL_HOVER,221107,12/2/2022 2:38:45 PM,ddf26e7a-10f4-4e7f-85d4-f147bea1acb5,Tourniquet,998,
TOOL_HOVER,221128,12/2/2022 2:38:45 PM,ddf26e7a-10f4-4e7f-85d4-f147bea1acb5,Tourniquet,998,
TOOL_HOVER,221151,12/2/2022 2:38:45 PM,ddf26e7a-10f4-4e7f-85d4-f147bea1acb5,Tourniquet,998,
TOOL_HOVER,221169,12/2/2022 2:38:45 PM,ddf26e7a-10f4-4e7f-85d4-f147bea1acb5,Tourniquet,998,
TOOL_HOVER,221190,12/2/2022 2:38:45 PM,ddf26e7a-10f4-4e7f-85d4-f147bea1acb5,Tourniquet,998,
TOOL_HOVER,221210,12/2/2022 2:38:45 PM,ddf26e7a-10f4-4e7f-85d4-f147bea1acb5,Tourniquet,998,
TOOL_HOVER,221231,12/2/2022 2:38:45 PM,ddf26e7a-10f4-4e7f-85d4-f147bea1acb5,Tourniquet,998,
TOOL_HOVER,221250,12/2/2022 2:38:45 PM,ddf26e7a-10f4-4e7f-85d4-f147bea1acb5,Tourniquet,998,
TOOL_HOVER,221271,12/2/2022 2:38:45 PM,ddf26e7a-10f4-4e7f-85d4-f147bea1acb5,Tourniquet,998,
TOOL_HOVER,221292,12/2/2022 2:38:45 PM,ddf26e7a-10f4-4e7f-85d4-f147bea1acb5,Tourniquet,998,
TOOL_HOVER,221312,12/2/2022 2:38:45 PM,ddf26e7a-10f4-4e7f-85d4-f147bea1acb5,Tourniquet,998,
TOOL_SELECTED,221313,12/2/2022 2:38:45 PM,ddf26e7a-10f4-4e7f-85d4-f147bea1acb5,Tourniquet,997,
VOICE_CAPTURE,224741,12/2/2022 2:38:49 PM,ddf26e7a-10f4-4e7f-85d4-f147bea1acb5,the problem is awesome,NA,
INJURY_TREATED,224963,12/2/2022 2:38:49 PM,ddf26e7a-10f4-4e7f-85d4-f147bea1acb5,L Thigh Laceration,Mike_1 Root,tourniquet,medium,leftLeg,True,False,"(2.8, 0.3, 0.3)",
TOOL_APPLIED,224964,12/2/2022 2:38:49 PM,ddf26e7a-10f4-4e7f-85d4-f147bea1acb5,Mike_1 Root,Tourniquet,LeftUpLeg (UnityEngine.GameObject),tor_ring (1) (UnityEngine.GameObject),tourniquet(Clone) (UnityEngine.GameObject),AppliedTourniquet,
VOICE_CAPTURE,234977,12/2/2022 2:38:59 PM,ddf26e7a-10f4-4e7f-85d4-f147bea1acb5,cool i'm happy any other injuries sir can you lay down,NA,
VOICE_COMMAND,234977,12/2/2022 2:38:59 PM,ddf26e7a-10f4-4e7f-85d4-f147bea1acb5,are you hurt,cool i'm happy any other injuries sir can you lay down,
VOICE_COMMAND,234977,12/2/2022 2:38:59 PM,ddf26e7a-10f4-4e7f-85d4-f147bea1acb5,lay down,cool i'm happy any other injuries sir can you lay down,
VOICE_COMMAND,234977,12/2/2022 2:38:59 PM,ddf26e7a-10f4-4e7f-85d4-f147bea1acb5,anywhere else,cool i'm happy any other injuries sir can you lay down,
PULSE_TAKEN,238334,12/2/2022 2:39:02 PM,ddf26e7a-10f4-4e7f-85d4-f147bea1acb5,pulse_normal,Mike_1 Root,
PULSE_TAKEN,240157,12/2/2022 2:39:04 PM,ddf26e7a-10f4-4e7f-85d4-f147bea1acb5,pulse_normal,Mike_1 Root,
PULSE_TAKEN,241306,12/2/2022 2:39:05 PM,ddf26e7a-10f4-4e7f-85d4-f147bea1acb5,pulse_normal,Mike_1 Root,
VOICE_CAPTURE,242209,12/2/2022 2:39:06 PM,ddf26e7a-10f4-4e7f-85d4-f147bea1acb5,alright are you breathing adequately,NA,
TAG_SELECTED,243749,12/2/2022 2:39:08 PM,ddf26e7a-10f4-4e7f-85d4-f147bea1acb5,red,
TAG_APPLIED,246236,12/2/2022 2:39:10 PM,ddf26e7a-10f4-4e7f-85d4-f147bea1acb5,Mike_1 Root,red,
VOICE_CAPTURE,250182,12/2/2022 2:39:14 PM,ddf26e7a-10f4-4e7f-85d4-f147bea1acb5,looks like it's gonna be probably a red i don't know,NA,
BAG_CLOSED,255679,12/2/2022 2:39:20 PM,ddf26e7a-10f4-4e7f-85d4-f147bea1acb5,"(3.0, 0.5, -0.3)",
VOICE_CAPTURE,257197,12/2/2022 2:39:21 PM,ddf26e7a-10f4-4e7f-85d4-f147bea1acb5,it's like hard to count a pulse in this game it's like oh that feels like borderline fast but,NA,
VOICE_CAPTURE,260680,12/2/2022 2:39:25 PM,ddf26e7a-10f4-4e7f-85d4-f147bea1acb5,OK cool so dressed his wound,NA,
VOICE_CAPTURE,266445,12/2/2022 2:39:30 PM,ddf26e7a-10f4-4e7f-85d4-f147bea1acb5,i saw that wall popping up i didn't know,NA,
TELEPORT,268451,12/2/2022 2:39:32 PM,ddf26e7a-10f4-4e7f-85d4-f147bea1acb5,"(2.7, 0.0, -1.7)",
VOICE_CAPTURE,268750,12/2/2022 2:39:33 PM,ddf26e7a-10f4-4e7f-85d4-f147bea1acb5,gotcha,NA,
VOICE_CAPTURE,275460,12/2/2022 2:39:39 PM,ddf26e7a-10f4-4e7f-85d4-f147bea1acb5,gotcha,NA,
PATIENT_ENGAGED,275673,12/2/2022 2:39:40 PM,ddf26e7a-10f4-4e7f-85d4-f147bea1acb5,100,Infinity,Mike_2 Root,"(3.1, 0.0, 2.2)","(0.0, 0.7, 0.0, -0.7)",IMMEDIATE,walker,fast,normal,normal,upset,sittingGround,
VOICE_CAPTURE,278356,12/2/2022 2:39:42 PM,ddf26e7a-10f4-4e7f-85d4-f147bea1acb5,got it yeah this is tempting,NA,
BAG_ACCESS,280645,12/2/2022 2:39:45 PM,ddf26e7a-10f4-4e7f-85d4-f147bea1acb5,"(3.5, 0.5, 1.5)",
TOOL_HOVER,281646,12/2/2022 2:39:46 PM,ddf26e7a-10f4-4e7f-85d4-f147bea1acb5,Hemostatic Gauze,999,
TOOL_HOVER,281667,12/2/2022 2:39:46 PM,ddf26e7a-10f4-4e7f-85d4-f147bea1acb5,Hemostatic Gauze,999,
TOOL_HOVER,281686,12/2/2022 2:39:46 PM,ddf26e7a-10f4-4e7f-85d4-f147bea1acb5,Hemostatic Gauze,999,
TOOL_HOVER,281706,12/2/2022 2:39:46 PM,ddf26e7a-10f4-4e7f-85d4-f147bea1acb5,Hemostatic Gauze,999,
TOOL_HOVER,281727,12/2/2022 2:39:46 PM,ddf26e7a-10f4-4e7f-85d4-f147bea1acb5,Hemostatic Gauze,999,
TOOL_HOVER,281747,12/2/2022 2:39:46 PM,ddf26e7a-10f4-4e7f-85d4-f147bea1acb5,Hemostatic Gauze,999,
TOOL_HOVER,281767,12/2/2022 2:39:46 PM,ddf26e7a-10f4-4e7f-85d4-f147bea1acb5,Hemostatic Gauze,999,
TOOL_HOVER,281787,12/2/2022 2:39:46 PM,ddf26e7a-10f4-4e7f-85d4-f147bea1acb5,Hemostatic Gauze,999,
TOOL_HOVER,281807,12/2/2022 2:39:46 PM,ddf26e7a-10f4-4e7f-85d4-f147bea1acb5,Hemostatic Gauze,999,
TOOL_HOVER,281827,12/2/2022 2:39:46 PM,ddf26e7a-10f4-4e7f-85d4-f147bea1acb5,Hemostatic Gauze,999,
TOOL_HOVER,281848,12/2/2022 2:39:46 PM,ddf26e7a-10f4-4e7f-85d4-f147bea1acb5,Hemostatic Gauze,999,
TOOL_HOVER,281868,12/2/2022 2:39:46 PM,ddf26e7a-10f4-4e7f-85d4-f147bea1acb5,Hemostatic Gauze,999,
TOOL_HOVER,281888,12/2/2022 2:39:46 PM,ddf26e7a-10f4-4e7f-85d4-f147bea1acb5,Hemostatic Gauze,999,
TOOL_HOVER,281908,12/2/2022 2:39:46 PM,ddf26e7a-10f4-4e7f-85d4-f147bea1acb5,Hemostatic Gauze,999,
TOOL_HOVER,281928,12/2/2022 2:39:46 PM,ddf26e7a-10f4-4e7f-85d4-f147bea1acb5,Hemostatic Gauze,999,
TOOL_HOVER,281948,12/2/2022 2:39:46 PM,ddf26e7a-10f4-4e7f-85d4-f147bea1acb5,Hemostatic Gauze,999,
TOOL_SELECTED,281950,12/2/2022 2:39:46 PM,ddf26e7a-10f4-4e7f-85d4-f147bea1acb5,Hemostatic Gauze,998,
TOOL_DISCARDED,284096,12/2/2022 2:39:48 PM,ddf26e7a-10f4-4e7f-85d4-f147bea1acb5,Hemostatic Gauze,998,"(3.3, 0.4, 2.3)",
INJURY_TREATED,284097,12/2/2022 2:39:48 PM,ddf26e7a-10f4-4e7f-85d4-f147bea1acb5,L Shoulder Puncture,Mike_2 Root,woundpack,medium,chest,True,False,"(3.3, 0.4, 2.3)",
TOOL_APPLIED,284097,12/2/2022 2:39:48 PM,ddf26e7a-10f4-4e7f-85d4-f147bea1acb5,Mike_2 Root,Gauze_Pack,skinCollider_BodyCollideLOD (UnityEngine.GameObject),null,null,AppliedPackingGauze,
VOICE_CAPTURE,284723,12/2/2022 2:39:49 PM,ddf26e7a-10f4-4e7f-85d4-f147bea1acb5,that would be cool,NA,
PULSE_TAKEN,288554,12/2/2022 2:39:53 PM,ddf26e7a-10f4-4e7f-85d4-f147bea1acb5,pulse_fast,Mike_2 Root,
PULSE_TAKEN,289117,12/2/2022 2:39:53 PM,ddf26e7a-10f4-4e7f-85d4-f147bea1acb5,pulse_fast,Mike_2 Root,
PULSE_TAKEN,289250,12/2/2022 2:39:53 PM,ddf26e7a-10f4-4e7f-85d4-f147bea1acb5,pulse_fast,Mike_2 Root,
PULSE_TAKEN,290136,12/2/2022 2:39:54 PM,ddf26e7a-10f4-4e7f-85d4-f147bea1acb5,pulse_fast,Mike_2 Root,
TAG_SELECTED,291473,12/2/2022 2:39:55 PM,ddf26e7a-10f4-4e7f-85d4-f147bea1acb5,red,
TAG_APPLIED,292977,12/2/2022 2:39:57 PM,ddf26e7a-10f4-4e7f-85d4-f147bea1acb5,Mike_2 Root,red,
PULSE_TAKEN,293276,12/2/2022 2:39:57 PM,ddf26e7a-10f4-4e7f-85d4-f147bea1acb5,pulse_fast,Mike_2 Root,
BAG_CLOSED,295035,12/2/2022 2:39:59 PM,ddf26e7a-10f4-4e7f-85d4-f147bea1acb5,"(3.5, 0.5, 1.5)",
TELEPORT,295885,12/2/2022 2:40:00 PM,ddf26e7a-10f4-4e7f-85d4-f147bea1acb5,"(3.9, 0.0, 1.4)",
VOICE_CAPTURE,303134,12/2/2022 2:40:07 PM,ddf26e7a-10f4-4e7f-85d4-f147bea1acb5,at work right,NA,
PATIENT_ENGAGED,303185,12/2/2022 2:40:07 PM,ddf26e7a-10f4-4e7f-85d4-f147bea1acb5,100,128,Mike_3 Root,"(3.2, 0.0, 4.3)","(0.0, 0.7, 0.0, -0.7)",IMMEDIATE,still,faint,collapsedRight,normal,unresponsive,supine,
BAG_ACCESS,305006,12/2/2022 2:40:09 PM,ddf26e7a-10f4-4e7f-85d4-f147bea1acb5,"(3.7, 0.4, 4.2)",
TAG_SELECTED,311873,12/2/2022 2:40:16 PM,ddf26e7a-10f4-4e7f-85d4-f147bea1acb5,yellow,
TAG_DISCARDED,312039,12/2/2022 2:40:16 PM,ddf26e7a-10f4-4e7f-85d4-f147bea1acb5,yellow,"(3.9, 0.2, 4.4)",
VOICE_CAPTURE,312456,12/2/2022 2:40:16 PM,ddf26e7a-10f4-4e7f-85d4-f147bea1acb5,you can get down,NA,
TOOL_HOVER,312941,12/2/2022 2:40:17 PM,ddf26e7a-10f4-4e7f-85d4-f147bea1acb5,Needle,998,
TOOL_HOVER,312958,12/2/2022 2:40:17 PM,ddf26e7a-10f4-4e7f-85d4-f147bea1acb5,Needle,998,
TOOL_HOVER,312975,12/2/2022 2:40:17 PM,ddf26e7a-10f4-4e7f-85d4-f147bea1acb5,Needle,998,
TOOL_HOVER,312992,12/2/2022 2:40:17 PM,ddf26e7a-10f4-4e7f-85d4-f147bea1acb5,Needle,998,
TOOL_HOVER,313008,12/2/2022 2:40:17 PM,ddf26e7a-10f4-4e7f-85d4-f147bea1acb5,Needle,998,
TOOL_HOVER,313025,12/2/2022 2:40:17 PM,ddf26e7a-10f4-4e7f-85d4-f147bea1acb5,Needle,998,
TOOL_HOVER,313043,12/2/2022 2:40:17 PM,ddf26e7a-10f4-4e7f-85d4-f147bea1acb5,Needle,998,
TOOL_HOVER,313058,12/2/2022 2:40:17 PM,ddf26e7a-10f4-4e7f-85d4-f147bea1acb5,Needle,998,
TOOL_HOVER,313075,12/2/2022 2:40:17 PM,ddf26e7a-10f4-4e7f-85d4-f147bea1acb5,Needle,998,
TOOL_HOVER,313094,12/2/2022 2:40:17 PM,ddf26e7a-10f4-4e7f-85d4-f147bea1acb5,Needle,998,
TOOL_HOVER,313108,12/2/2022 2:40:17 PM,ddf26e7a-10f4-4e7f-85d4-f147bea1acb5,Needle,998,
TOOL_HOVER,313125,12/2/2022 2:40:17 PM,ddf26e7a-10f4-4e7f-85d4-f147bea1acb5,Needle,998,
TOOL_HOVER,313142,12/2/2022 2:40:17 PM,ddf26e7a-10f4-4e7f-85d4-f147bea1acb5,Needle,998,
TOOL_HOVER,313158,12/2/2022 2:40:17 PM,ddf26e7a-10f4-4e7f-85d4-f147bea1acb5,Needle,998,
TOOL_HOVER,313175,12/2/2022 2:40:17 PM,ddf26e7a-10f4-4e7f-85d4-f147bea1acb5,Needle,998,
TOOL_HOVER,313192,12/2/2022 2:40:17 PM,ddf26e7a-10f4-4e7f-85d4-f147bea1acb5,Needle,998,
TOOL_HOVER,313209,12/2/2022 2:40:17 PM,ddf26e7a-10f4-4e7f-85d4-f147bea1acb5,Needle,998,
TOOL_HOVER,313225,12/2/2022 2:40:17 PM,ddf26e7a-10f4-4e7f-85d4-f147bea1acb5,Needle,998,
TOOL_SELECTED,313226,12/2/2022 2:40:17 PM,ddf26e7a-10f4-4e7f-85d4-f147bea1acb5,Needle,997,
VOICE_CAPTURE,314962,12/2/2022 2:40:19 PM,ddf26e7a-10f4-4e7f-85d4-f147bea1acb5,dang yeah that's cool,NA,
INJURY_TREATED,315767,12/2/2022 2:40:20 PM,ddf26e7a-10f4-4e7f-85d4-f147bea1acb5,R Chest Collapse,Mike_3 Root,decompress,high,chest,True,False,"(0.0, 0.0, 0.0)",
TOOL_APPLIED,315767,12/2/2022 2:40:20 PM,ddf26e7a-10f4-4e7f-85d4-f147bea1acb5,Needle_Decomp(Clone),Needle,LChest_Breathe1 (UnityEngine.GameObject),cath_needle (UnityEngine.GameObject),left_chest,Needle_Decomp(Clone) (UnityEngine.GameObject),AppliedDecompNeedle,
PULSE_TAKEN,317953,12/2/2022 2:40:22 PM,ddf26e7a-10f4-4e7f-85d4-f147bea1acb5,pulse_faint,Mike_3 Root,
TAG_SELECTED,319775,12/2/2022 2:40:24 PM,ddf26e7a-10f4-4e7f-85d4-f147bea1acb5,red,
VOICE_CAPTURE,320442,12/2/2022 2:40:24 PM,ddf26e7a-10f4-4e7f-85d4-f147bea1acb5,oh look chastizing fall,NA,
TAG_APPLIED,321012,12/2/2022 2:40:25 PM,ddf26e7a-10f4-4e7f-85d4-f147bea1acb5,Mike_3 Root,red,
VOICE_CAPTURE,322799,12/2/2022 2:40:27 PM,ddf26e7a-10f4-4e7f-85d4-f147bea1acb5,you're hurt bad too,NA,
VOICE_COMMAND,322799,12/2/2022 2:40:27 PM,ddf26e7a-10f4-4e7f-85d4-f147bea1acb5,are you hurt,you're hurt bad too,
VOICE_CAPTURE,324870,12/2/2022 2:40:29 PM,ddf26e7a-10f4-4e7f-85d4-f147bea1acb5,i feel like a,NA,
VOICE_CAPTURE,329063,12/2/2022 2:40:33 PM,ddf26e7a-10f4-4e7f-85d4-f147bea1acb5,what's your name that was just in here that like i'm giving everyone red tags,NA,
VOICE_COMMAND,329063,12/2/2022 2:40:33 PM,ddf26e7a-10f4-4e7f-85d4-f147bea1acb5,what is your name,what's your name that was just in here that like i'm giving everyone red tags,
BAG_CLOSED,331239,12/2/2022 2:40:35 PM,ddf26e7a-10f4-4e7f-85d4-f147bea1acb5,"(3.7, 0.4, 4.2)",
VOICE_CAPTURE,333224,12/2/2022 2:40:37 PM,ddf26e7a-10f4-4e7f-85d4-f147bea1acb5,yeah yeah,NA,
TELEPORT,333574,12/2/2022 2:40:38 PM,ddf26e7a-10f4-4e7f-85d4-f147bea1acb5,"(4.7, 0.0, 3.8)",
VOICE_CAPTURE,334894,12/2/2022 2:40:39 PM,ddf26e7a-10f4-4e7f-85d4-f147bea1acb5,alright cool,NA,
TELEPORT,336766,12/2/2022 2:40:41 PM,ddf26e7a-10f4-4e7f-85d4-f147bea1acb5,"(4.5, 0.0, 3.2)",
TELEPORT,340392,12/2/2022 2:40:44 PM,ddf26e7a-10f4-4e7f-85d4-f147bea1acb5,"(5.1, 0.0, 4.3)",
