TELEPORT,4630,12/8/2022 10:22:32 AM,e2215f5b-22c9-4b61-a81e-385cbc24406c,"(1.9, 0.0, 1.2)",
BAG_ACCESS,5165,12/8/2022 10:22:32 AM,e2215f5b-22c9-4b61-a81e-385cbc24406c,"(2.3, 0.9, 1.1)",
VOICE_CAPTURE,5533,12/8/2022 10:22:33 AM,e2215f5b-22c9-4b61-a81e-385cbc24406c,so this is,NA,
BAG_CLOSED,7686,12/8/2022 10:22:35 AM,e2215f5b-22c9-4b61-a81e-385cbc24406c,"(2.3, 0.9, 1.1)",
TELEPORT,7687,12/8/2022 10:22:35 AM,e2215f5b-22c9-4b61-a81e-385cbc24406c,"(2.0, 0.0, 1.1)",
VOICE_CAPTURE,8555,12/8/2022 10:22:36 AM,e2215f5b-22c9-4b61-a81e-385cbc24406c,hold on hologram,NA,
VOICE_CAPTURE,15405,12/8/2022 10:22:43 AM,e2215f5b-22c9-4b61-a81e-385cbc24406c,OK,NA,
TELEPORT,15473,12/8/2022 10:22:43 AM,e2215f5b-22c9-4b61-a81e-385cbc24406c,"(-0.2, 0.0, -7.2)",
VOICE_CAPTURE,17761,12/8/2022 10:22:45 AM,e2215f5b-22c9-4b61-a81e-385cbc24406c,and you can go back,NA,
TELEPORT,22540,12/8/2022 10:22:50 AM,e2215f5b-22c9-4b61-a81e-385cbc24406c,"(2.3, 0.0, 0.9)",
PATIENT_ENGAGED,22691,12/8/2022 10:22:50 AM,e2215f5b-22c9-4b61-a81e-385cbc24406c,100,128,Mike Root,"(3.2, 0.0, -1.0)","(0.0, 0.1, 0.0, -1.0)",MINIMAL,walker,normal,normal,normal,calm,standing,
TELEPORT,24881,12/8/2022 10:22:52 AM,e2215f5b-22c9-4b61-a81e-385cbc24406c,"(2.6, 0.0, 0.2)",
PULSE_TAKEN,26683,12/8/2022 10:22:54 AM,e2215f5b-22c9-4b61-a81e-385cbc24406c,pulse_normal,Mike Root,
PULSE_TAKEN,30007,12/8/2022 10:22:57 AM,e2215f5b-22c9-4b61-a81e-385cbc24406c,pulse_normal,Mike Root,
VOICE_CAPTURE,31027,12/8/2022 10:22:58 AM,e2215f5b-22c9-4b61-a81e-385cbc24406c,that's one way to move around which is pretty pretty easy for people the other way is this joystick if you push it forward and that sometimes gets people because their feet aren't moving but they are,NA,
VOICE_CAPTURE,32230,12/8/2022 10:22:59 AM,e2215f5b-22c9-4b61-a81e-385cbc24406c,OK,NA,
BAG_ACCESS,35223,12/8/2022 10:23:02 AM,e2215f5b-22c9-4b61-a81e-385cbc24406c,"(3.0, 0.8, 0.0)",
BAG_ACCESS,35471,12/8/2022 10:23:03 AM,e2215f5b-22c9-4b61-a81e-385cbc24406c,"(3.0, 0.8, 0.0)",
VOICE_CAPTURE,37074,12/8/2022 10:23:04 AM,e2215f5b-22c9-4b61-a81e-385cbc24406c,on your right hand will pick up in the pack,NA,
TAG_SELECTED,39532,12/8/2022 10:23:07 AM,e2215f5b-22c9-4b61-a81e-385cbc24406c,gray,
VOICE_CAPTURE,41218,12/8/2022 10:23:08 AM,e2215f5b-22c9-4b61-a81e-385cbc24406c,pull the trigger hold the trigger release it wherever you want,NA,
VOICE_CAPTURE,43491,12/8/2022 10:23:11 AM,e2215f5b-22c9-4b61-a81e-385cbc24406c,you can move the pack again,NA,
TAG_APPLIED,43728,12/8/2022 10:23:11 AM,e2215f5b-22c9-4b61-a81e-385cbc24406c,Mike Root,gray,
VOICE_CAPTURE,48669,12/8/2022 10:23:16 AM,e2215f5b-22c9-4b61-a81e-385cbc24406c,just let go yeah go ahead and try the tourniquet,NA,
TOOL_HOVER,48854,12/8/2022 10:23:16 AM,e2215f5b-22c9-4b61-a81e-385cbc24406c,Tourniquet,999,
TOOL_HOVER,48869,12/8/2022 10:23:16 AM,e2215f5b-22c9-4b61-a81e-385cbc24406c,Tourniquet,999,
TOOL_HOVER,48886,12/8/2022 10:23:16 AM,e2215f5b-22c9-4b61-a81e-385cbc24406c,Tourniquet,999,
TOOL_HOVER,48903,12/8/2022 10:23:16 AM,e2215f5b-22c9-4b61-a81e-385cbc24406c,Tourniquet,999,
TOOL_HOVER,48919,12/8/2022 10:23:16 AM,e2215f5b-22c9-4b61-a81e-385cbc24406c,Tourniquet,999,
TOOL_HOVER,48936,12/8/2022 10:23:16 AM,e2215f5b-22c9-4b61-a81e-385cbc24406c,Tourniquet,999,
TOOL_HOVER,48954,12/8/2022 10:23:16 AM,e2215f5b-22c9-4b61-a81e-385cbc24406c,Tourniquet,999,
TOOL_HOVER,48970,12/8/2022 10:23:16 AM,e2215f5b-22c9-4b61-a81e-385cbc24406c,Tourniquet,999,
TOOL_HOVER,48987,12/8/2022 10:23:16 AM,e2215f5b-22c9-4b61-a81e-385cbc24406c,Tourniquet,999,
TOOL_HOVER,49003,12/8/2022 10:23:16 AM,e2215f5b-22c9-4b61-a81e-385cbc24406c,Tourniquet,999,
TOOL_HOVER,49021,12/8/2022 10:23:16 AM,e2215f5b-22c9-4b61-a81e-385cbc24406c,Tourniquet,999,
TOOL_HOVER,49037,12/8/2022 10:23:16 AM,e2215f5b-22c9-4b61-a81e-385cbc24406c,Tourniquet,999,
TOOL_HOVER,49053,12/8/2022 10:23:16 AM,e2215f5b-22c9-4b61-a81e-385cbc24406c,Tourniquet,999,
TOOL_HOVER,49073,12/8/2022 10:23:16 AM,e2215f5b-22c9-4b61-a81e-385cbc24406c,Tourniquet,999,
TOOL_HOVER,49087,12/8/2022 10:23:16 AM,e2215f5b-22c9-4b61-a81e-385cbc24406c,Tourniquet,999,
TOOL_HOVER,49104,12/8/2022 10:23:16 AM,e2215f5b-22c9-4b61-a81e-385cbc24406c,Tourniquet,999,
TOOL_HOVER,49121,12/8/2022 10:23:16 AM,e2215f5b-22c9-4b61-a81e-385cbc24406c,Tourniquet,999,
TOOL_HOVER,49137,12/8/2022 10:23:16 AM,e2215f5b-22c9-4b61-a81e-385cbc24406c,Tourniquet,999,
TOOL_HOVER,49154,12/8/2022 10:23:16 AM,e2215f5b-22c9-4b61-a81e-385cbc24406c,Tourniquet,999,
TOOL_HOVER,49171,12/8/2022 10:23:16 AM,e2215f5b-22c9-4b61-a81e-385cbc24406c,Tourniquet,999,
TOOL_HOVER,49188,12/8/2022 10:23:16 AM,e2215f5b-22c9-4b61-a81e-385cbc24406c,Tourniquet,999,
TOOL_HOVER,49205,12/8/2022 10:23:16 AM,e2215f5b-22c9-4b61-a81e-385cbc24406c,Tourniquet,999,
TOOL_HOVER,49221,12/8/2022 10:23:16 AM,e2215f5b-22c9-4b61-a81e-385cbc24406c,Tourniquet,999,
TOOL_HOVER,49239,12/8/2022 10:23:16 AM,e2215f5b-22c9-4b61-a81e-385cbc24406c,Tourniquet,999,
TOOL_HOVER,49255,12/8/2022 10:23:16 AM,e2215f5b-22c9-4b61-a81e-385cbc24406c,Tourniquet,999,
TOOL_HOVER,49271,12/8/2022 10:23:16 AM,e2215f5b-22c9-4b61-a81e-385cbc24406c,Tourniquet,999,
TOOL_HOVER,49287,12/8/2022 10:23:16 AM,e2215f5b-22c9-4b61-a81e-385cbc24406c,Tourniquet,999,
TOOL_HOVER,49304,12/8/2022 10:23:16 AM,e2215f5b-22c9-4b61-a81e-385cbc24406c,Tourniquet,999,
TOOL_HOVER,49320,12/8/2022 10:23:16 AM,e2215f5b-22c9-4b61-a81e-385cbc24406c,Tourniquet,999,
TOOL_HOVER,49337,12/8/2022 10:23:17 AM,e2215f5b-22c9-4b61-a81e-385cbc24406c,Tourniquet,999,
TOOL_HOVER,49353,12/8/2022 10:23:17 AM,e2215f5b-22c9-4b61-a81e-385cbc24406c,Tourniquet,999,
TOOL_HOVER,49371,12/8/2022 10:23:17 AM,e2215f5b-22c9-4b61-a81e-385cbc24406c,Tourniquet,999,
TOOL_SELECTED,49373,12/8/2022 10:23:17 AM,e2215f5b-22c9-4b61-a81e-385cbc24406c,Tourniquet,998,
VOICE_CAPTURE,49958,12/8/2022 10:23:17 AM,e2215f5b-22c9-4b61-a81e-385cbc24406c,OK,NA,
TOOL_APPLIED,53333,12/8/2022 10:23:21 AM,e2215f5b-22c9-4b61-a81e-385cbc24406c,Mike Root,Tourniquet,LeftArm (UnityEngine.GameObject),tor_ring (1) (UnityEngine.GameObject),tourniquet(Clone) (UnityEngine.GameObject),AppliedTourniquet,
VOICE_CAPTURE,57391,12/8/2022 10:23:25 AM,e2215f5b-22c9-4b61-a81e-385cbc24406c,if you wanna move that closer to front of you you just grab the black hat and pull it up long as you're holding the trigger OK,NA,
VOICE_CAPTURE,61052,12/8/2022 10:23:28 AM,e2215f5b-22c9-4b61-a81e-385cbc24406c,there you go perfect,NA,
VOICE_CAPTURE,66162,12/8/2022 10:23:33 AM,e2215f5b-22c9-4b61-a81e-385cbc24406c,everything was right yeah yeah,NA,
BAG_CLOSED,73732,12/8/2022 10:23:41 AM,e2215f5b-22c9-4b61-a81e-385cbc24406c,"(3.0, 0.8, 0.0)",
VOICE_CAPTURE,74298,12/8/2022 10:23:41 AM,e2215f5b-22c9-4b61-a81e-385cbc24406c,that'll be probably the definitive thing if you're gonna be able to do it or not OK,NA,
TELEPORT,77840,12/8/2022 10:23:45 AM,e2215f5b-22c9-4b61-a81e-385cbc24406c,"(2.1, 0.0, 1.8)",
TELEPORT,78374,12/8/2022 10:23:46 AM,e2215f5b-22c9-4b61-a81e-385cbc24406c,"(2.0, 0.0, 1.3)",
TELEPORT,81383,12/8/2022 10:23:49 AM,e2215f5b-22c9-4b61-a81e-385cbc24406c,"(0.7, 0.0, -3.9)",
TELEPORT,84239,12/8/2022 10:23:51 AM,e2215f5b-22c9-4b61-a81e-385cbc24406c,"(0.2, 0.0, -14.1)",
TELEPORT,88683,12/8/2022 10:23:56 AM,e2215f5b-22c9-4b61-a81e-385cbc24406c,"(0.0, 0.0, -24.1)",
TELEPORT,90656,12/8/2022 10:23:58 AM,e2215f5b-22c9-4b61-a81e-385cbc24406c,"(0.0, 0.0, -13.0)",
VOICE_CAPTURE,92893,12/8/2022 10:24:00 AM,e2215f5b-22c9-4b61-a81e-385cbc24406c,each patient don't forget your algorithm if you can walk walk towards me can you sit up can you lay down if you wanna look at other parts of the body you can ask him to move ask him simple things like what's her name show me your injury are you hurt they'll answer yes or no questions OK they won't answer specific questions,NA,
VOICE_COMMAND,92893,12/8/2022 10:24:00 AM,e2215f5b-22c9-4b61-a81e-385cbc24406c,are you hurt,each patient don't forget your algorithm if you can walk walk towards me can you sit up can you lay down if you wanna look at other parts of the body you can ask him to move ask him simple things like what's her name show me your injury are you hurt they'll answer yes or no questions OK they won't answer specific questions,
VOICE_COMMAND,92893,12/8/2022 10:24:00 AM,e2215f5b-22c9-4b61-a81e-385cbc24406c,walk to the safe area,each patient don't forget your algorithm if you can walk walk towards me can you sit up can you lay down if you wanna look at other parts of the body you can ask him to move ask him simple things like what's her name show me your injury are you hurt they'll answer yes or no questions OK they won't answer specific questions,
VOICE_COMMAND,92893,12/8/2022 10:24:00 AM,e2215f5b-22c9-4b61-a81e-385cbc24406c,reveal injury,each patient don't forget your algorithm if you can walk walk towards me can you sit up can you lay down if you wanna look at other parts of the body you can ask him to move ask him simple things like what's her name show me your injury are you hurt they'll answer yes or no questions OK they won't answer specific questions,
VOICE_COMMAND,92893,12/8/2022 10:24:00 AM,e2215f5b-22c9-4b61-a81e-385cbc24406c,sit up/down,each patient don't forget your algorithm if you can walk walk towards me can you sit up can you lay down if you wanna look at other parts of the body you can ask him to move ask him simple things like what's her name show me your injury are you hurt they'll answer yes or no questions OK they won't answer specific questions,
VOICE_COMMAND,92893,12/8/2022 10:24:00 AM,e2215f5b-22c9-4b61-a81e-385cbc24406c,lay down,each patient don't forget your algorithm if you can walk walk towards me can you sit up can you lay down if you wanna look at other parts of the body you can ask him to move ask him simple things like what's her name show me your injury are you hurt they'll answer yes or no questions OK they won't answer specific questions,
VOICE_COMMAND,92893,12/8/2022 10:24:00 AM,e2215f5b-22c9-4b61-a81e-385cbc24406c,walk to player,each patient don't forget your algorithm if you can walk walk towards me can you sit up can you lay down if you wanna look at other parts of the body you can ask him to move ask him simple things like what's her name show me your injury are you hurt they'll answer yes or no questions OK they won't answer specific questions,
VOICE_CAPTURE,96668,12/8/2022 10:24:04 AM,e2215f5b-22c9-4b61-a81e-385cbc24406c,you know,NA,
TELEPORT,98532,12/8/2022 10:24:06 AM,e2215f5b-22c9-4b61-a81e-385cbc24406c,"(0.2, 0.0, -1.6)",
VOICE_CAPTURE,102057,12/8/2022 10:24:09 AM,e2215f5b-22c9-4b61-a81e-385cbc24406c,OK like he has that blood stain on the back of his pants,NA,
VOICE_CAPTURE,107938,12/8/2022 10:24:15 AM,e2215f5b-22c9-4b61-a81e-385cbc24406c,right like libby said something about the other day she saw it,NA,
TELEPORT,108641,12/8/2022 10:24:16 AM,e2215f5b-22c9-4b61-a81e-385cbc24406c,"(1.0, 0.0, -0.9)",
VOICE_CAPTURE,117628,12/8/2022 10:24:25 AM,e2215f5b-22c9-4b61-a81e-385cbc24406c,well but that's alright if it's like,NA,
BAG_ACCESS,121404,12/8/2022 10:24:29 AM,e2215f5b-22c9-4b61-a81e-385cbc24406c,"(1.7, 0.8, -0.7)",
VOICE_CAPTURE,121488,12/8/2022 10:24:29 AM,e2215f5b-22c9-4b61-a81e-385cbc24406c,she could never see it,NA,
VOICE_CAPTURE,122155,12/8/2022 10:24:29 AM,e2215f5b-22c9-4b61-a81e-385cbc24406c,yeah,NA,
VOICE_CAPTURE,127202,12/8/2022 10:24:34 AM,e2215f5b-22c9-4b61-a81e-385cbc24406c,just put it clear back there again,NA,
VOICE_CAPTURE,130341,12/8/2022 10:24:38 AM,e2215f5b-22c9-4b61-a81e-385cbc24406c,right,NA,
TOOL_HOVER,136742,12/8/2022 10:24:44 AM,e2215f5b-22c9-4b61-a81e-385cbc24406c,Needle,999,
TOOL_HOVER,136759,12/8/2022 10:24:44 AM,e2215f5b-22c9-4b61-a81e-385cbc24406c,Needle,999,
TOOL_HOVER,136775,12/8/2022 10:24:44 AM,e2215f5b-22c9-4b61-a81e-385cbc24406c,Needle,999,
TOOL_HOVER,136792,12/8/2022 10:24:44 AM,e2215f5b-22c9-4b61-a81e-385cbc24406c,Needle,999,
TOOL_HOVER,136808,12/8/2022 10:24:44 AM,e2215f5b-22c9-4b61-a81e-385cbc24406c,Needle,999,
TOOL_HOVER,136825,12/8/2022 10:24:44 AM,e2215f5b-22c9-4b61-a81e-385cbc24406c,Needle,999,
TOOL_HOVER,136842,12/8/2022 10:24:44 AM,e2215f5b-22c9-4b61-a81e-385cbc24406c,Needle,999,
TOOL_HOVER,136858,12/8/2022 10:24:44 AM,e2215f5b-22c9-4b61-a81e-385cbc24406c,Needle,999,
TOOL_HOVER,136876,12/8/2022 10:24:44 AM,e2215f5b-22c9-4b61-a81e-385cbc24406c,Needle,999,
TOOL_HOVER,136892,12/8/2022 10:24:44 AM,e2215f5b-22c9-4b61-a81e-385cbc24406c,Needle,999,
TOOL_HOVER,136909,12/8/2022 10:24:44 AM,e2215f5b-22c9-4b61-a81e-385cbc24406c,Needle,999,
TOOL_HOVER,136926,12/8/2022 10:24:44 AM,e2215f5b-22c9-4b61-a81e-385cbc24406c,Needle,999,
TOOL_HOVER,136942,12/8/2022 10:24:44 AM,e2215f5b-22c9-4b61-a81e-385cbc24406c,Needle,999,
TOOL_HOVER,136962,12/8/2022 10:24:44 AM,e2215f5b-22c9-4b61-a81e-385cbc24406c,Needle,999,
TOOL_HOVER,136975,12/8/2022 10:24:44 AM,e2215f5b-22c9-4b61-a81e-385cbc24406c,Needle,999,
TOOL_HOVER,136991,12/8/2022 10:24:44 AM,e2215f5b-22c9-4b61-a81e-385cbc24406c,Needle,999,
TOOL_HOVER,137009,12/8/2022 10:24:44 AM,e2215f5b-22c9-4b61-a81e-385cbc24406c,Needle,999,
TOOL_HOVER,137027,12/8/2022 10:24:44 AM,e2215f5b-22c9-4b61-a81e-385cbc24406c,Needle,999,
TOOL_SELECTED,137028,12/8/2022 10:24:44 AM,e2215f5b-22c9-4b61-a81e-385cbc24406c,Needle,998,
VOICE_CAPTURE,138195,12/8/2022 10:24:45 AM,e2215f5b-22c9-4b61-a81e-385cbc24406c,and if you physically move around OK but if you start to move your move your left trigger,NA,
VOICE_COMMAND,138195,12/8/2022 10:24:45 AM,e2215f5b-22c9-4b61-a81e-385cbc24406c,reveal injury,and if you physically move around OK but if you start to move your move your left trigger,
VOICE_CAPTURE,139064,12/8/2022 10:24:46 AM,e2215f5b-22c9-4b61-a81e-385cbc24406c,i'm here,NA,
TOOL_DISCARDED,140787,12/8/2022 10:24:48 AM,e2215f5b-22c9-4b61-a81e-385cbc24406c,Needle,998,"(1.9, 1.4, -1.1)",
VOICE_CAPTURE,143592,12/8/2022 10:24:51 AM,e2215f5b-22c9-4b61-a81e-385cbc24406c,yeah i would,NA,
VOICE_CAPTURE,147350,12/8/2022 10:24:55 AM,e2215f5b-22c9-4b61-a81e-385cbc24406c,that i would just stand right there,NA,
VOICE_COMMAND,147350,12/8/2022 10:24:55 AM,e2215f5b-22c9-4b61-a81e-385cbc24406c,stand up,that i would just stand right there,
VOICE_CAPTURE,148570,12/8/2022 10:24:56 AM,e2215f5b-22c9-4b61-a81e-385cbc24406c,OK,NA,
BAG_CLOSED,152880,12/8/2022 10:25:00 AM,e2215f5b-22c9-4b61-a81e-385cbc24406c,"(1.7, 0.8, -0.7)",
TELEPORT,152880,12/8/2022 10:25:00 AM,e2215f5b-22c9-4b61-a81e-385cbc24406c,"(1.5, 0.0, -1.0)",
VOICE_CAPTURE,153114,12/8/2022 10:25:00 AM,e2215f5b-22c9-4b61-a81e-385cbc24406c,alright once you start moving,NA,
VOICE_CAPTURE,155920,12/8/2022 10:25:03 AM,e2215f5b-22c9-4b61-a81e-385cbc24406c,if the pack isn't visible it's because you moved,NA,
VOICE_CAPTURE,159530,12/8/2022 10:25:07 AM,e2215f5b-22c9-4b61-a81e-385cbc24406c,OK how you feeling so far so good,NA,
TELEPORT,161033,12/8/2022 10:25:08 AM,e2215f5b-22c9-4b61-a81e-385cbc24406c,"(0.3, 0.0, -8.8)",
VOICE_CAPTURE,161734,12/8/2022 10:25:09 AM,e2215f5b-22c9-4b61-a81e-385cbc24406c,so far so good,NA,
TELEPORT,162773,12/8/2022 10:25:10 AM,e2215f5b-22c9-4b61-a81e-385cbc24406c,"(0.3, 0.0, -9.9)",
TELEPORT,164040,12/8/2022 10:25:11 AM,e2215f5b-22c9-4b61-a81e-385cbc24406c,"(0.3, 0.0, -9.9)",
TELEPORT,165060,12/8/2022 10:25:12 AM,e2215f5b-22c9-4b61-a81e-385cbc24406c,"(0.3, 0.0, -9.9)",
VOICE_CAPTURE,167415,12/8/2022 10:25:15 AM,e2215f5b-22c9-4b61-a81e-385cbc24406c,but i think it's really and truly it's gonna be the the teleport is gonna be the,NA,
VOICE_CAPTURE,172043,12/8/2022 10:25:19 AM,e2215f5b-22c9-4b61-a81e-385cbc24406c,yeah just just because yeah,NA,
VOICE_CAPTURE,177874,12/8/2022 10:25:25 AM,e2215f5b-22c9-4b61-a81e-385cbc24406c,yeah,NA,
VOICE_CAPTURE,183220,12/8/2022 10:25:30 AM,e2215f5b-22c9-4b61-a81e-385cbc24406c,yeah no it's OK,NA,
VOICE_CAPTURE,184425,12/8/2022 10:25:32 AM,e2215f5b-22c9-4b61-a81e-385cbc24406c,OK,NA,
PATIENT_DEMOTED,186094,12/8/2022 10:25:33 AM,e2215f5b-22c9-4b61-a81e-385cbc24406c,100,Infinity,Mike_0 Root,"(2.6, 0.0, -0.6)","(0.0, 0.7, 0.0, -0.7)",DELAYED,walker,normal,normal,normal,upset,sittingGround,
PATIENT_DEMOTED,186738,12/8/2022 10:25:34 AM,e2215f5b-22c9-4b61-a81e-385cbc24406c,100,Infinity,Mike_1 Root,"(2.6, 0.0, 0.1)","(0.0, 0.7, 0.0, -0.7)",IMMEDIATE,waver,normal,normal,normal,upset,recovery,
PATIENT_DEMOTED,187394,12/8/2022 10:25:35 AM,e2215f5b-22c9-4b61-a81e-385cbc24406c,100,Infinity,Mike_2 Root,"(2.6, 0.0, 2.4)","(0.0, 0.7, 0.0, -0.7)",IMMEDIATE,walker,fast,normal,normal,upset,sittingGround,
PATIENT_DEMOTED,188048,12/8/2022 10:25:35 AM,e2215f5b-22c9-4b61-a81e-385cbc24406c,100,128,Mike_3 Root,"(3.0, 0.0, 4.3)","(0.0, 0.7, 0.0, -0.7)",IMMEDIATE,still,faint,collapsedRight,normal,unresponsive,supine,
VOICE_CAPTURE,190990,12/8/2022 10:25:38 AM,e2215f5b-22c9-4b61-a81e-385cbc24406c,skype,NA,
VOICE_CAPTURE,192277,12/8/2022 10:25:39 AM,e2215f5b-22c9-4b61-a81e-385cbc24406c,just like,NA,
SESSION_START,196905,12/8/2022 10:25:44 AM,e2215f5b-22c9-4b61-a81e-385cbc24406c,
PATIENT_RECORD,196906,12/8/2022 10:25:44 AM,e2215f5b-22c9-4b61-a81e-385cbc24406c,100,Infinity,Mike_0 Root,"(2.6, 0.0, -1.4)","(0.0, 0.7, 0.0, -0.7)",DELAYED,walker,normal,normal,normal,upset,sittingGround,
INJURY_RECORD,196906,12/8/2022 10:25:44 AM,e2215f5b-22c9-4b61-a81e-385cbc24406c,R Forearm Laceration,Mike_0 Root,gauzePressure,low,rightArm,False,False,"(2.7, 1.3, -0.9)",
PATIENT_RECORD,196906,12/8/2022 10:25:44 AM,e2215f5b-22c9-4b61-a81e-385cbc24406c,100,Infinity,Mike_1 Root,"(2.9, 0.0, 0.1)","(0.0, 0.7, 0.0, -0.7)",IMMEDIATE,waver,normal,normal,normal,upset,recovery,
INJURY_RECORD,196906,12/8/2022 10:25:44 AM,e2215f5b-22c9-4b61-a81e-385cbc24406c,L Thigh Laceration,Mike_1 Root,tourniquet,medium,leftLeg,False,False,"(2.8, 0.7, -0.1)",
PATIENT_RECORD,196906,12/8/2022 10:25:44 AM,e2215f5b-22c9-4b61-a81e-385cbc24406c,100,Infinity,Mike_2 Root,"(3.1, 0.0, 2.2)","(0.0, 0.7, 0.0, -0.7)",IMMEDIATE,walker,fast,normal,normal,upset,sittingGround,
INJURY_RECORD,196906,12/8/2022 10:25:44 AM,e2215f5b-22c9-4b61-a81e-385cbc24406c,L Shoulder Puncture,Mike_2 Root,woundpack,medium,chest,False,False,"(3.1, 1.5, 2.1)",
PATIENT_RECORD,196906,12/8/2022 10:25:44 AM,e2215f5b-22c9-4b61-a81e-385cbc24406c,100,128,Mike_3 Root,"(3.2, 0.0, 4.3)","(0.0, 0.7, 0.0, -0.7)",IMMEDIATE,still,faint,collapsedRight,normal,unresponsive,supine,
INJURY_RECORD,196906,12/8/2022 10:25:44 AM,e2215f5b-22c9-4b61-a81e-385cbc24406c,R Chest Collapse,Mike_3 Root,decompress,high,chest,False,False,"(0.0, 0.0, 0.0)",
VOICE_CAPTURE,198057,12/8/2022 10:25:45 AM,e2215f5b-22c9-4b61-a81e-385cbc24406c,alright glen i'm ready if you're,NA,
VOICE_CAPTURE,203520,12/8/2022 10:25:51 AM,e2215f5b-22c9-4b61-a81e-385cbc24406c,alright so gonna have everybody who can walk well have you step over here to the right,NA,
VOICE_COMMAND,203520,12/8/2022 10:25:51 AM,e2215f5b-22c9-4b61-a81e-385cbc24406c,walk to the safe area,alright so gonna have everybody who can walk well have you step over here to the right,
S_A_L_T_WALK_IF_CAN,203521,12/8/2022 10:25:51 AM,e2215f5b-22c9-4b61-a81e-385cbc24406c,"(2.6, 0.0, -1.4)",walkIfCan,Mike_0 Root,
S_A_L_T_WALKED,203521,12/8/2022 10:25:51 AM,e2215f5b-22c9-4b61-a81e-385cbc24406c,"(2.6, 0.0, -1.4)",walked,Mike_0 Root,
S_A_L_T_WALK_IF_CAN,203521,12/8/2022 10:25:51 AM,e2215f5b-22c9-4b61-a81e-385cbc24406c,"(2.9, 0.0, 0.1)",walkIfCan,Mike_1 Root,
S_A_L_T_WALK_IF_CAN,203521,12/8/2022 10:25:51 AM,e2215f5b-22c9-4b61-a81e-385cbc24406c,"(3.1, 0.0, 2.2)",walkIfCan,Mike_2 Root,
S_A_L_T_WALKED,203521,12/8/2022 10:25:51 AM,e2215f5b-22c9-4b61-a81e-385cbc24406c,"(3.1, 0.0, 2.2)",walked,Mike_2 Root,
VOICE_CAPTURE,210688,12/8/2022 10:25:58 AM,e2215f5b-22c9-4b61-a81e-385cbc24406c,that's fine but it's good it's the recognition it's gonna take,NA,
TELEPORT,213746,12/8/2022 10:26:01 AM,e2215f5b-22c9-4b61-a81e-385cbc24406c,"(0.8, 0.0, -3.4)",
VOICE_CAPTURE,214596,12/8/2022 10:26:02 AM,e2215f5b-22c9-4b61-a81e-385cbc24406c,OK so with them already over here they're gonna be my greens,NA,
TELEPORT,214614,12/8/2022 10:26:02 AM,e2215f5b-22c9-4b61-a81e-385cbc24406c,"(0.8, 0.0, -3.4)",
BAG_ACCESS,222122,12/8/2022 10:26:09 AM,e2215f5b-22c9-4b61-a81e-385cbc24406c,"(2.6, 0.7, 0.5)",
VOICE_CAPTURE,222143,12/8/2022 10:26:09 AM,e2215f5b-22c9-4b61-a81e-385cbc24406c,yep,NA,
TOOL_HOVER,222956,12/8/2022 10:26:10 AM,e2215f5b-22c9-4b61-a81e-385cbc24406c,Tourniquet,998,
TOOL_HOVER,222977,12/8/2022 10:26:10 AM,e2215f5b-22c9-4b61-a81e-385cbc24406c,Tourniquet,998,
TOOL_HOVER,222997,12/8/2022 10:26:10 AM,e2215f5b-22c9-4b61-a81e-385cbc24406c,Tourniquet,998,
TOOL_HOVER,223018,12/8/2022 10:26:10 AM,e2215f5b-22c9-4b61-a81e-385cbc24406c,Tourniquet,998,
TOOL_HOVER,223039,12/8/2022 10:26:10 AM,e2215f5b-22c9-4b61-a81e-385cbc24406c,Tourniquet,998,
TOOL_HOVER,223059,12/8/2022 10:26:10 AM,e2215f5b-22c9-4b61-a81e-385cbc24406c,Tourniquet,998,
TOOL_HOVER,223080,12/8/2022 10:26:10 AM,e2215f5b-22c9-4b61-a81e-385cbc24406c,Tourniquet,998,
TOOL_HOVER,223101,12/8/2022 10:26:10 AM,e2215f5b-22c9-4b61-a81e-385cbc24406c,Tourniquet,998,
TOOL_HOVER,223123,12/8/2022 10:26:10 AM,e2215f5b-22c9-4b61-a81e-385cbc24406c,Tourniquet,998,
TOOL_HOVER,223143,12/8/2022 10:26:10 AM,e2215f5b-22c9-4b61-a81e-385cbc24406c,Tourniquet,998,
TOOL_HOVER,223164,12/8/2022 10:26:10 AM,e2215f5b-22c9-4b61-a81e-385cbc24406c,Tourniquet,998,
TOOL_HOVER,223185,12/8/2022 10:26:10 AM,e2215f5b-22c9-4b61-a81e-385cbc24406c,Tourniquet,998,
TOOL_HOVER,223207,12/8/2022 10:26:10 AM,e2215f5b-22c9-4b61-a81e-385cbc24406c,Tourniquet,998,
TOOL_HOVER,223226,12/8/2022 10:26:10 AM,e2215f5b-22c9-4b61-a81e-385cbc24406c,Tourniquet,998,
TOOL_HOVER,223248,12/8/2022 10:26:10 AM,e2215f5b-22c9-4b61-a81e-385cbc24406c,Tourniquet,998,
TOOL_HOVER,223269,12/8/2022 10:26:10 AM,e2215f5b-22c9-4b61-a81e-385cbc24406c,Tourniquet,998,
TOOL_HOVER,223289,12/8/2022 10:26:10 AM,e2215f5b-22c9-4b61-a81e-385cbc24406c,Tourniquet,998,
TOOL_HOVER,223311,12/8/2022 10:26:10 AM,e2215f5b-22c9-4b61-a81e-385cbc24406c,Tourniquet,998,
TOOL_SELECTED,223312,12/8/2022 10:26:10 AM,e2215f5b-22c9-4b61-a81e-385cbc24406c,Tourniquet,997,
PATIENT_ENGAGED,224175,12/8/2022 10:26:11 AM,e2215f5b-22c9-4b61-a81e-385cbc24406c,100,Infinity,Mike_1 Root,"(2.9, 0.0, 0.1)","(0.0, 0.7, 0.0, -0.7)",IMMEDIATE,waver,normal,normal,normal,upset,recovery,
INJURY_TREATED,228157,12/8/2022 10:26:15 AM,e2215f5b-22c9-4b61-a81e-385cbc24406c,L Thigh Laceration,Mike_1 Root,tourniquet,medium,leftLeg,True,False,"(2.8, 0.3, 0.3)",
TOOL_APPLIED,228157,12/8/2022 10:26:15 AM,e2215f5b-22c9-4b61-a81e-385cbc24406c,Mike_1 Root,Tourniquet,LeftUpLeg (UnityEngine.GameObject),tor_ring (1) (UnityEngine.GameObject),tourniquet(Clone) (UnityEngine.GameObject),AppliedTourniquet,
VOICE_CAPTURE,233090,12/8/2022 10:26:20 AM,e2215f5b-22c9-4b61-a81e-385cbc24406c,OK so,NA,
VOICE_CAPTURE,238704,12/8/2022 10:26:26 AM,e2215f5b-22c9-4b61-a81e-385cbc24406c,respiratory rate how how are we doing with the respiratory,NA,
PULSE_TAKEN,240291,12/8/2022 10:26:27 AM,e2215f5b-22c9-4b61-a81e-385cbc24406c,pulse_normal,Mike_1 Root,
PULSE_TAKEN,241027,12/8/2022 10:26:28 AM,e2215f5b-22c9-4b61-a81e-385cbc24406c,pulse_normal,Mike_1 Root,
VOICE_CAPTURE,243066,12/8/2022 10:26:30 AM,e2215f5b-22c9-4b61-a81e-385cbc24406c,he's working to breathe it's it's it's above 30,NA,
TAG_SELECTED,246024,12/8/2022 10:26:33 AM,e2215f5b-22c9-4b61-a81e-385cbc24406c,red,
VOICE_CAPTURE,246691,12/8/2022 10:26:34 AM,e2215f5b-22c9-4b61-a81e-385cbc24406c,pack red,NA,
TAG_APPLIED,249014,12/8/2022 10:26:36 AM,e2215f5b-22c9-4b61-a81e-385cbc24406c,Mike_1 Root,red,
BAG_CLOSED,251586,12/8/2022 10:26:39 AM,e2215f5b-22c9-4b61-a81e-385cbc24406c,"(2.6, 0.7, 0.5)",
TELEPORT,251586,12/8/2022 10:26:39 AM,e2215f5b-22c9-4b61-a81e-385cbc24406c,"(2.9, 0.0, 0.8)",
VOICE_CAPTURE,252738,12/8/2022 10:26:40 AM,e2215f5b-22c9-4b61-a81e-385cbc24406c,everybody gets right,NA,
TELEPORT,254477,12/8/2022 10:26:42 AM,e2215f5b-22c9-4b61-a81e-385cbc24406c,"(3.7, 0.0, 3.4)",
VOICE_CAPTURE,260106,12/8/2022 10:26:47 AM,e2215f5b-22c9-4b61-a81e-385cbc24406c,alright he's working we got,NA,
PULSE_TAKEN,268560,12/8/2022 10:26:56 AM,e2215f5b-22c9-4b61-a81e-385cbc24406c,pulse_faint,Mike_3 Root,
PATIENT_ENGAGED,268728,12/8/2022 10:26:56 AM,e2215f5b-22c9-4b61-a81e-385cbc24406c,100,128,Mike_3 Root,"(3.2, 0.0, 4.3)","(0.0, 0.7, 0.0, -0.7)",IMMEDIATE,still,faint,collapsedRight,normal,unresponsive,supine,
BAG_ACCESS,274651,12/8/2022 10:27:02 AM,e2215f5b-22c9-4b61-a81e-385cbc24406c,"(4.1, 0.7, 4.2)",
TOOL_HOVER,275453,12/8/2022 10:27:03 AM,e2215f5b-22c9-4b61-a81e-385cbc24406c,Needle,999,
TOOL_HOVER,275468,12/8/2022 10:27:03 AM,e2215f5b-22c9-4b61-a81e-385cbc24406c,Needle,999,
TOOL_HOVER,275485,12/8/2022 10:27:03 AM,e2215f5b-22c9-4b61-a81e-385cbc24406c,Needle,999,
TOOL_HOVER,275502,12/8/2022 10:27:03 AM,e2215f5b-22c9-4b61-a81e-385cbc24406c,Needle,999,
TOOL_HOVER,275520,12/8/2022 10:27:03 AM,e2215f5b-22c9-4b61-a81e-385cbc24406c,Needle,999,
TOOL_HOVER,275547,12/8/2022 10:27:03 AM,e2215f5b-22c9-4b61-a81e-385cbc24406c,Needle,999,
TOOL_HOVER,275559,12/8/2022 10:27:03 AM,e2215f5b-22c9-4b61-a81e-385cbc24406c,Needle,999,
TOOL_HOVER,275572,12/8/2022 10:27:03 AM,e2215f5b-22c9-4b61-a81e-385cbc24406c,Needle,999,
TOOL_HOVER,275586,12/8/2022 10:27:03 AM,e2215f5b-22c9-4b61-a81e-385cbc24406c,Needle,999,
TOOL_HOVER,275603,12/8/2022 10:27:03 AM,e2215f5b-22c9-4b61-a81e-385cbc24406c,Needle,999,
TOOL_HOVER,275620,12/8/2022 10:27:03 AM,e2215f5b-22c9-4b61-a81e-385cbc24406c,Needle,999,
TOOL_HOVER,275637,12/8/2022 10:27:03 AM,e2215f5b-22c9-4b61-a81e-385cbc24406c,Needle,999,
TOOL_HOVER,275652,12/8/2022 10:27:03 AM,e2215f5b-22c9-4b61-a81e-385cbc24406c,Needle,999,
TOOL_HOVER,275669,12/8/2022 10:27:03 AM,e2215f5b-22c9-4b61-a81e-385cbc24406c,Needle,999,
TOOL_HOVER,275686,12/8/2022 10:27:03 AM,e2215f5b-22c9-4b61-a81e-385cbc24406c,Needle,999,
TOOL_HOVER,275703,12/8/2022 10:27:03 AM,e2215f5b-22c9-4b61-a81e-385cbc24406c,Needle,999,
TOOL_HOVER,275719,12/8/2022 10:27:03 AM,e2215f5b-22c9-4b61-a81e-385cbc24406c,Needle,999,
TOOL_HOVER,275735,12/8/2022 10:27:03 AM,e2215f5b-22c9-4b61-a81e-385cbc24406c,Needle,999,
TOOL_SELECTED,275736,12/8/2022 10:27:03 AM,e2215f5b-22c9-4b61-a81e-385cbc24406c,Needle,998,
INJURY_TREATED,279523,12/8/2022 10:27:07 AM,e2215f5b-22c9-4b61-a81e-385cbc24406c,R Chest Collapse,Mike_3 Root,decompress,high,chest,True,False,"(0.0, 0.0, 0.0)",
TOOL_APPLIED,279523,12/8/2022 10:27:07 AM,e2215f5b-22c9-4b61-a81e-385cbc24406c,Needle_Decomp(Clone),Needle,RChest_Breathe1 (UnityEngine.GameObject),cath_needle (UnityEngine.GameObject),right_chest,Needle_Decomp(Clone) (UnityEngine.GameObject),AppliedDecompNeedle,
TAG_SELECTED,284550,12/8/2022 10:27:12 AM,e2215f5b-22c9-4b61-a81e-385cbc24406c,red,
TAG_APPLIED,286036,12/8/2022 10:27:13 AM,e2215f5b-22c9-4b61-a81e-385cbc24406c,Mike_3 Root,red,
VOICE_CAPTURE,286670,12/8/2022 10:27:14 AM,e2215f5b-22c9-4b61-a81e-385cbc24406c,and,NA,
BAG_CLOSED,288344,12/8/2022 10:27:16 AM,e2215f5b-22c9-4b61-a81e-385cbc24406c,"(4.1, 0.7, 4.2)",
TELEPORT,288344,12/8/2022 10:27:16 AM,e2215f5b-22c9-4b61-a81e-385cbc24406c,"(4.2, 0.0, 4.3)",
TELEPORT,292786,12/8/2022 10:27:20 AM,e2215f5b-22c9-4b61-a81e-385cbc24406c,"(4.2, 0.0, 4.3)",
VOICE_CAPTURE,294006,12/8/2022 10:27:21 AM,e2215f5b-22c9-4b61-a81e-385cbc24406c,it said it did,NA,
TELEPORT,295326,12/8/2022 10:27:23 AM,e2215f5b-22c9-4b61-a81e-385cbc24406c,"(4.1, 0.0, -0.3)",
TELEPORT,296428,12/8/2022 10:27:24 AM,e2215f5b-22c9-4b61-a81e-385cbc24406c,"(4.1, 0.0, -0.3)",
VOICE_CAPTURE,297883,12/8/2022 10:27:25 AM,e2215f5b-22c9-4b61-a81e-385cbc24406c,alright so,NA,
PULSE_TAKEN,300622,12/8/2022 10:27:28 AM,e2215f5b-22c9-4b61-a81e-385cbc24406c,pulse_normal,Mike_0 Root,
PATIENT_ENGAGED,300856,12/8/2022 10:27:28 AM,e2215f5b-22c9-4b61-a81e-385cbc24406c,100,Infinity,Mike_0 Root,"(3.2, 0.0, -2.8)","(0.0, 0.3, 0.0, 1.0)",DELAYED,walker,normal,normal,normal,upset,sittingGround,
VOICE_CAPTURE,301439,12/8/2022 10:27:29 AM,e2215f5b-22c9-4b61-a81e-385cbc24406c,yep no i got you alright,NA,
PULSE_TAKEN,301490,12/8/2022 10:27:29 AM,e2215f5b-22c9-4b61-a81e-385cbc24406c,pulse_normal,Mike_0 Root,
VOICE_CAPTURE,309845,12/8/2022 10:27:37 AM,e2215f5b-22c9-4b61-a81e-385cbc24406c,right,NA,
PULSE_TAKEN,310813,12/8/2022 10:27:38 AM,e2215f5b-22c9-4b61-a81e-385cbc24406c,pulse_normal,Mike_0 Root,
VOICE_CAPTURE,311714,12/8/2022 10:27:39 AM,e2215f5b-22c9-4b61-a81e-385cbc24406c,OK,NA,
BAG_ACCESS,314054,12/8/2022 10:27:41 AM,e2215f5b-22c9-4b61-a81e-385cbc24406c,"(3.1, 0.7, -2.6)",
TAG_SELECTED,314956,12/8/2022 10:27:42 AM,e2215f5b-22c9-4b61-a81e-385cbc24406c,green,
TAG_APPLIED,316008,12/8/2022 10:27:43 AM,e2215f5b-22c9-4b61-a81e-385cbc24406c,Mike_0 Root,green,
VOICE_CAPTURE,316058,12/8/2022 10:27:43 AM,e2215f5b-22c9-4b61-a81e-385cbc24406c,alright like i said he's he's green anyway we've already tree option because he moved,NA,
TAG_SELECTED,320404,12/8/2022 10:27:48 AM,e2215f5b-22c9-4b61-a81e-385cbc24406c,red,
TAG_DISCARDED,320687,12/8/2022 10:27:48 AM,e2215f5b-22c9-4b61-a81e-385cbc24406c,red,"(3.6, 1.1, -2.1)",
VOICE_CAPTURE,321205,12/8/2022 10:27:48 AM,e2215f5b-22c9-4b61-a81e-385cbc24406c,yeah,NA,
BAG_CLOSED,321304,12/8/2022 10:27:48 AM,e2215f5b-22c9-4b61-a81e-385cbc24406c,"(3.1, 0.7, -2.6)",
TELEPORT,321304,12/8/2022 10:27:48 AM,e2215f5b-22c9-4b61-a81e-385cbc24406c,"(3.3, 0.0, -2.0)",
TELEPORT,322241,12/8/2022 10:27:49 AM,e2215f5b-22c9-4b61-a81e-385cbc24406c,"(3.3, 0.0, -2.0)",
PATIENT_ENGAGED,323962,12/8/2022 10:27:51 AM,e2215f5b-22c9-4b61-a81e-385cbc24406c,100,Infinity,Mike_2 Root,"(4.8, 0.0, -1.1)","(0.0, -0.7, 0.0, 0.7)",IMMEDIATE,walker,fast,normal,normal,upset,sittingChair,
BAG_ACCESS,328192,12/8/2022 10:27:55 AM,e2215f5b-22c9-4b61-a81e-385cbc24406c,"(4.6, 0.7, -2.0)",
VOICE_CAPTURE,329487,12/8/2022 10:27:57 AM,e2215f5b-22c9-4b61-a81e-385cbc24406c,alright alright check it chest wound,NA,
TOOL_HOVER,330855,12/8/2022 10:27:58 AM,e2215f5b-22c9-4b61-a81e-385cbc24406c,Hemostatic Gauze,999,
TOOL_HOVER,330875,12/8/2022 10:27:58 AM,e2215f5b-22c9-4b61-a81e-385cbc24406c,Hemostatic Gauze,999,
TOOL_HOVER,330896,12/8/2022 10:27:58 AM,e2215f5b-22c9-4b61-a81e-385cbc24406c,Hemostatic Gauze,999,
TOOL_HOVER,330916,12/8/2022 10:27:58 AM,e2215f5b-22c9-4b61-a81e-385cbc24406c,Hemostatic Gauze,999,
TOOL_HOVER,330935,12/8/2022 10:27:58 AM,e2215f5b-22c9-4b61-a81e-385cbc24406c,Hemostatic Gauze,999,
TOOL_HOVER,330954,12/8/2022 10:27:58 AM,e2215f5b-22c9-4b61-a81e-385cbc24406c,Hemostatic Gauze,999,
TOOL_HOVER,330975,12/8/2022 10:27:58 AM,e2215f5b-22c9-4b61-a81e-385cbc24406c,Hemostatic Gauze,999,
TOOL_SELECTED,330976,12/8/2022 10:27:58 AM,e2215f5b-22c9-4b61-a81e-385cbc24406c,Hemostatic Gauze,998,
TOOL_DISCARDED,333064,12/8/2022 10:28:00 AM,e2215f5b-22c9-4b61-a81e-385cbc24406c,Hemostatic Gauze,998,"(5.3, 1.0, -1.4)",
INJURY_TREATED,333065,12/8/2022 10:28:00 AM,e2215f5b-22c9-4b61-a81e-385cbc24406c,L Shoulder Puncture,Mike_2 Root,woundpack,medium,chest,True,False,"(5.3, 1.0, -1.4)",
TOOL_APPLIED,333066,12/8/2022 10:28:00 AM,e2215f5b-22c9-4b61-a81e-385cbc24406c,Mike_2 Root,Gauze_Pack,skinCollider_BodyCollideLOD (UnityEngine.GameObject),null,null,AppliedPackingGauze,
PULSE_TAKEN,334854,12/8/2022 10:28:02 AM,e2215f5b-22c9-4b61-a81e-385cbc24406c,pulse_fast,Mike_2 Root,
PULSE_TAKEN,334971,12/8/2022 10:28:02 AM,e2215f5b-22c9-4b61-a81e-385cbc24406c,pulse_fast,Mike_2 Root,
PULSE_TAKEN,335023,12/8/2022 10:28:02 AM,e2215f5b-22c9-4b61-a81e-385cbc24406c,pulse_fast,Mike_2 Root,
VOICE_CAPTURE,339247,12/8/2022 10:28:06 AM,e2215f5b-22c9-4b61-a81e-385cbc24406c,tech cardia,NA,
TAG_SELECTED,339449,12/8/2022 10:28:07 AM,e2215f5b-22c9-4b61-a81e-385cbc24406c,red,
TAG_APPLIED,340736,12/8/2022 10:28:08 AM,e2215f5b-22c9-4b61-a81e-385cbc24406c,Mike_2 Root,red,
VOICE_CAPTURE,351494,12/8/2022 10:28:19 AM,e2215f5b-22c9-4b61-a81e-385cbc24406c,i mean that's just that's the demo you did great how you feel i'm OK,NA,
SESSION_END,352999,12/8/2022 10:28:20 AM,e2215f5b-22c9-4b61-a81e-385cbc24406c,
TAG_SELECTED,354353,12/8/2022 10:28:22 AM,e2215f5b-22c9-4b61-a81e-385cbc24406c,gray,
TAG_DISCARDED,355337,12/8/2022 10:28:23 AM,e2215f5b-22c9-4b61-a81e-385cbc24406c,gray,"(5.1, 1.1, -1.8)",
BAG_CLOSED,357809,12/8/2022 10:28:25 AM,e2215f5b-22c9-4b61-a81e-385cbc24406c,"(4.6, 0.7, -2.0)",
TELEPORT,357809,12/8/2022 10:28:25 AM,e2215f5b-22c9-4b61-a81e-385cbc24406c,"(4.7, 0.0, -1.6)",
TELEPORT,403028,12/8/2022 10:29:10 AM,e2215f5b-22c9-4b61-a81e-385cbc24406c,"(1.7, 0.0, 1.9)",
