VOICE_CAPTURE,4560,11/30/2022 10:49:15 AM,e22dd04d-febb-4e7a-a1b4-e0b767d9ff84,what's up dude,NA,
VOICE_CAPTURE,6680,11/30/2022 10:49:17 AM,e22dd04d-febb-4e7a-a1b4-e0b767d9ff84,you lift your arms up and you,NA,
VOICE_CAPTURE,10507,11/30/2022 10:49:21 AM,e22dd04d-febb-4e7a-a1b4-e0b767d9ff84,on the,NA,
VOICE_CAPTURE,15518,11/30/2022 10:49:26 AM,e22dd04d-febb-4e7a-a1b4-e0b767d9ff84,oh so i got glue i got gloves on here,NA,
VOICE_CAPTURE,15918,11/30/2022 10:49:26 AM,e22dd04d-febb-4e7a-a1b4-e0b767d9ff84,that one,NA,
TELEPORT,21968,11/30/2022 10:49:32 AM,e22dd04d-febb-4e7a-a1b4-e0b767d9ff84,"(1.7, 0.0, 1.6)",
VOICE_CAPTURE,22502,11/30/2022 10:49:33 AM,e22dd04d-febb-4e7a-a1b4-e0b767d9ff84,why should the person if you wanna push that forward and backwards or whatever you just use that itself,NA,
TELEPORT,22869,11/30/2022 10:49:33 AM,e22dd04d-febb-4e7a-a1b4-e0b767d9ff84,"(1.8, 0.0, 1.3)",
TELEPORT,23688,11/30/2022 10:49:34 AM,e22dd04d-febb-4e7a-a1b4-e0b767d9ff84,"(1.9, 0.0, 1.1)",
TELEPORT,24475,11/30/2022 10:49:34 AM,e22dd04d-febb-4e7a-a1b4-e0b767d9ff84,"(2.0, 0.0, 0.9)",
TELEPORT,25326,11/30/2022 10:49:35 AM,e22dd04d-febb-4e7a-a1b4-e0b767d9ff84,"(2.0, 0.0, 0.7)",
TELEPORT,25876,11/30/2022 10:49:36 AM,e22dd04d-febb-4e7a-a1b4-e0b767d9ff84,"(2.1, 0.0, 0.6)",
PATIENT_ENGAGED,26212,11/30/2022 10:49:36 AM,e22dd04d-febb-4e7a-a1b4-e0b767d9ff84,100,128,Mike Root,"(3.2, 0.0, -1.0)","(0.0, 0.2, 0.0, -1.0)",MINIMAL,walker,normal,normal,normal,calm,standing,
VOICE_CAPTURE,29277,11/30/2022 10:49:39 AM,e22dd04d-febb-4e7a-a1b4-e0b767d9ff84,oh i see so i just stand here right basically gotcha gotcha,NA,
VOICE_COMMAND,29277,11/30/2022 10:49:39 AM,e22dd04d-febb-4e7a-a1b4-e0b767d9ff84,stand up,oh i see so i just stand here right basically gotcha gotcha,
VOICE_CAPTURE,32668,11/30/2022 10:49:43 AM,e22dd04d-febb-4e7a-a1b4-e0b767d9ff84,you can physically move,NA,
VOICE_CAPTURE,33119,11/30/2022 10:49:43 AM,e22dd04d-febb-4e7a-a1b4-e0b767d9ff84,OK,NA,
TELEPORT,42742,11/30/2022 10:49:53 AM,e22dd04d-febb-4e7a-a1b4-e0b767d9ff84,"(2.1, 0.0, 0.5)",
VOICE_CAPTURE,43913,11/30/2022 10:49:54 AM,e22dd04d-febb-4e7a-a1b4-e0b767d9ff84,OK this one here this is called teleport you point that forward the right one,NA,
VOICE_CAPTURE,50204,11/30/2022 10:50:00 AM,e22dd04d-febb-4e7a-a1b4-e0b767d9ff84,uh-huh well i just went there,NA,
TELEPORT,53477,11/30/2022 10:50:03 AM,e22dd04d-febb-4e7a-a1b4-e0b767d9ff84,"(-0.5, 0.0, -10.6)",
VOICE_CAPTURE,54398,11/30/2022 10:50:04 AM,e22dd04d-febb-4e7a-a1b4-e0b767d9ff84,OK back this way,NA,
TELEPORT,55615,11/30/2022 10:50:06 AM,e22dd04d-febb-4e7a-a1b4-e0b767d9ff84,"(0.8, 0.0, -0.2)",
VOICE_CAPTURE,56467,11/30/2022 10:50:06 AM,e22dd04d-febb-4e7a-a1b4-e0b767d9ff84,so this is,NA,
VOICE_CAPTURE,64804,11/30/2022 10:50:15 AM,e22dd04d-febb-4e7a-a1b4-e0b767d9ff84,oh i see that guy there where do you go oh i got i'm all there he is clear over there i got you,NA,
VOICE_CAPTURE,68046,11/30/2022 10:50:18 AM,e22dd04d-febb-4e7a-a1b4-e0b767d9ff84,patients,NA,
VOICE_CAPTURE,71921,11/30/2022 10:50:22 AM,e22dd04d-febb-4e7a-a1b4-e0b767d9ff84,OK,NA,
VOICE_CAPTURE,80358,11/30/2022 10:50:30 AM,e22dd04d-febb-4e7a-a1b4-e0b767d9ff84,OK,NA,
TELEPORT,82063,11/30/2022 10:50:32 AM,e22dd04d-febb-4e7a-a1b4-e0b767d9ff84,"(2.8, 0.0, 10.2)",
TELEPORT,82798,11/30/2022 10:50:33 AM,e22dd04d-febb-4e7a-a1b4-e0b767d9ff84,"(2.7, 0.0, 10.0)",
VOICE_CAPTURE,90644,11/30/2022 10:50:41 AM,e22dd04d-febb-4e7a-a1b4-e0b767d9ff84,so you want me to talk to this guy when i get up,NA,
VOICE_COMMAND,90644,11/30/2022 10:50:41 AM,e22dd04d-febb-4e7a-a1b4-e0b767d9ff84,stand up,so you want me to talk to this guy when i get up,
VOICE_CAPTURE,97709,11/30/2022 10:50:48 AM,e22dd04d-febb-4e7a-a1b4-e0b767d9ff84,gotcha put this guy's story here just standing there,NA,
VOICE_COMMAND,97709,11/30/2022 10:50:48 AM,e22dd04d-febb-4e7a-a1b4-e0b767d9ff84,stand up,gotcha put this guy's story here just standing there,
VOICE_CAPTURE,98277,11/30/2022 10:50:48 AM,e22dd04d-febb-4e7a-a1b4-e0b767d9ff84,gotcha,NA,
VOICE_CAPTURE,100566,11/30/2022 10:50:51 AM,e22dd04d-febb-4e7a-a1b4-e0b767d9ff84,gotcha,NA,
TELEPORT,100700,11/30/2022 10:50:51 AM,e22dd04d-febb-4e7a-a1b4-e0b767d9ff84,"(2.7, 0.0, 1.0)",
VOICE_CAPTURE,102988,11/30/2022 10:50:53 AM,e22dd04d-febb-4e7a-a1b4-e0b767d9ff84,what's that,NA,
TELEPORT,103223,11/30/2022 10:50:53 AM,e22dd04d-febb-4e7a-a1b4-e0b767d9ff84,"(2.7, 0.0, 0.9)",
VOICE_CAPTURE,111476,11/30/2022 10:51:01 AM,e22dd04d-febb-4e7a-a1b4-e0b767d9ff84,that's where some people get that disconnect OK,NA,
VOICE_CAPTURE,114866,11/30/2022 10:51:05 AM,e22dd04d-febb-4e7a-a1b4-e0b767d9ff84,another additional step OK,NA,
PATIENT_DEMOTED,115722,11/30/2022 10:51:06 AM,e22dd04d-febb-4e7a-a1b4-e0b767d9ff84,100,Infinity,Mike_0 Root,"(2.6, 0.0, -0.6)","(0.0, 0.7, 0.0, -0.7)",DELAYED,walker,normal,normal,normal,upset,sittingGround,
PATIENT_DEMOTED,116366,11/30/2022 10:51:06 AM,e22dd04d-febb-4e7a-a1b4-e0b767d9ff84,100,Infinity,Mike_1 Root,"(2.6, 0.0, 0.1)","(0.0, 0.7, 0.0, -0.7)",IMMEDIATE,waver,normal,normal,normal,upset,recovery,
PATIENT_DEMOTED,117015,11/30/2022 10:51:07 AM,e22dd04d-febb-4e7a-a1b4-e0b767d9ff84,100,Infinity,Mike_2 Root,"(2.6, 0.0, 2.4)","(0.0, 0.7, 0.0, -0.7)",IMMEDIATE,walker,fast,normal,normal,upset,sittingGround,
PATIENT_DEMOTED,117674,11/30/2022 10:51:08 AM,e22dd04d-febb-4e7a-a1b4-e0b767d9ff84,100,128,Mike_3 Root,"(3.0, 0.0, 4.3)","(0.0, 0.7, 0.0, -0.7)",IMMEDIATE,still,faint,collapsedRight,normal,unresponsive,supine,
SESSION_START,120149,11/30/2022 10:51:10 AM,e22dd04d-febb-4e7a-a1b4-e0b767d9ff84,
PATIENT_RECORD,120150,11/30/2022 10:51:10 AM,e22dd04d-febb-4e7a-a1b4-e0b767d9ff84,100,Infinity,Mike_0 Root,"(2.6, 0.0, -1.4)","(0.0, 0.7, 0.0, -0.7)",DELAYED,walker,normal,normal,normal,upset,sittingGround,
INJURY_RECORD,120150,11/30/2022 10:51:10 AM,e22dd04d-febb-4e7a-a1b4-e0b767d9ff84,R Forearm Laceration,Mike_0 Root,gauzePressure,low,rightArm,False,False,"(2.7, 1.4, -0.9)",
PATIENT_RECORD,120150,11/30/2022 10:51:10 AM,e22dd04d-febb-4e7a-a1b4-e0b767d9ff84,100,Infinity,Mike_1 Root,"(2.9, 0.0, 0.1)","(0.0, 0.7, 0.0, -0.7)",IMMEDIATE,waver,normal,normal,normal,upset,recovery,
INJURY_RECORD,120150,11/30/2022 10:51:10 AM,e22dd04d-febb-4e7a-a1b4-e0b767d9ff84,L Thigh Laceration,Mike_1 Root,tourniquet,medium,leftLeg,False,False,"(2.8, 0.7, -0.1)",
PATIENT_RECORD,120150,11/30/2022 10:51:10 AM,e22dd04d-febb-4e7a-a1b4-e0b767d9ff84,100,Infinity,Mike_2 Root,"(3.1, 0.0, 2.2)","(0.0, 0.7, 0.0, -0.7)",IMMEDIATE,walker,fast,normal,normal,upset,sittingGround,
INJURY_RECORD,120150,11/30/2022 10:51:10 AM,e22dd04d-febb-4e7a-a1b4-e0b767d9ff84,L Shoulder Puncture,Mike_2 Root,woundpack,medium,chest,False,False,"(3.1, 1.4, 2.1)",
PATIENT_RECORD,120150,11/30/2022 10:51:10 AM,e22dd04d-febb-4e7a-a1b4-e0b767d9ff84,100,128,Mike_3 Root,"(3.2, 0.0, 4.3)","(0.0, 0.7, 0.0, -0.7)",IMMEDIATE,still,faint,collapsedRight,normal,unresponsive,supine,
INJURY_RECORD,120150,11/30/2022 10:51:10 AM,e22dd04d-febb-4e7a-a1b4-e0b767d9ff84,R Chest Collapse,Mike_3 Root,decompress,high,chest,False,False,"(0.0, 0.0, 0.0)",
VOICE_CAPTURE,122049,11/30/2022 10:51:12 AM,e22dd04d-febb-4e7a-a1b4-e0b767d9ff84,before patients each patient will have modality to do you wanna go to each patient check pulse,NA,
VOICE_CAPTURE,129001,11/30/2022 10:51:19 AM,e22dd04d-febb-4e7a-a1b4-e0b767d9ff84,pause,NA,
TELEPORT,129803,11/30/2022 10:51:20 AM,e22dd04d-febb-4e7a-a1b4-e0b767d9ff84,"(0.8, 0.0, -3.4)",
VOICE_CAPTURE,136687,11/30/2022 10:51:27 AM,e22dd04d-febb-4e7a-a1b4-e0b767d9ff84,so if you wanna go to the first place there go ahead and yeah and then once you get to it you can move around OK,NA,
VOICE_COMMAND,136687,11/30/2022 10:51:27 AM,e22dd04d-febb-4e7a-a1b4-e0b767d9ff84,walk to the safe area,so if you wanna go to the first place there go ahead and yeah and then once you get to it you can move around OK,
S_A_L_T_WALK_IF_CAN,136689,11/30/2022 10:51:27 AM,e22dd04d-febb-4e7a-a1b4-e0b767d9ff84,"(2.6, 0.0, -1.4)",walkIfCan,Mike_0 Root,
S_A_L_T_WALKED,136689,11/30/2022 10:51:27 AM,e22dd04d-febb-4e7a-a1b4-e0b767d9ff84,"(2.6, 0.0, -1.4)",walked,Mike_0 Root,
S_A_L_T_WALK_IF_CAN,136689,11/30/2022 10:51:27 AM,e22dd04d-febb-4e7a-a1b4-e0b767d9ff84,"(2.9, 0.0, 0.1)",walkIfCan,Mike_1 Root,
S_A_L_T_WALK_IF_CAN,136689,11/30/2022 10:51:27 AM,e22dd04d-febb-4e7a-a1b4-e0b767d9ff84,"(3.1, 0.0, 2.2)",walkIfCan,Mike_2 Root,
S_A_L_T_WALKED,136689,11/30/2022 10:51:27 AM,e22dd04d-febb-4e7a-a1b4-e0b767d9ff84,"(3.1, 0.0, 2.2)",walked,Mike_2 Root,
PATIENT_ENGAGED,136772,11/30/2022 10:51:27 AM,e22dd04d-febb-4e7a-a1b4-e0b767d9ff84,100,Infinity,Mike_0 Root,"(2.7, 0.0, -1.4)","(0.0, 0.7, 0.0, -0.7)",DELAYED,walker,normal,normal,normal,upset,standing,
VOICE_CAPTURE,138324,11/30/2022 10:51:28 AM,e22dd04d-febb-4e7a-a1b4-e0b767d9ff84,OK,NA,
PATIENT_ENGAGED,144062,11/30/2022 10:51:34 AM,e22dd04d-febb-4e7a-a1b4-e0b767d9ff84,100,Infinity,Mike_2 Root,"(3.6, 0.0, -3.0)","(0.0, 1.0, 0.0, -0.1)",IMMEDIATE,walker,fast,normal,normal,upset,standing,
VOICE_CAPTURE,144212,11/30/2022 10:51:34 AM,e22dd04d-febb-4e7a-a1b4-e0b767d9ff84,oh should he stand up for me hey come here he just left,NA,
VOICE_COMMAND,144212,11/30/2022 10:51:34 AM,e22dd04d-febb-4e7a-a1b4-e0b767d9ff84,stand up,oh should he stand up for me hey come here he just left,
VOICE_COMMAND,144212,11/30/2022 10:51:34 AM,e22dd04d-febb-4e7a-a1b4-e0b767d9ff84,walk to player,oh should he stand up for me hey come here he just left,
S_A_L_T_WALK_IF_CAN,144231,11/30/2022 10:51:34 AM,e22dd04d-febb-4e7a-a1b4-e0b767d9ff84,"(4.6, 0.0, -4.7)",walkIfCan,Mike_0 Root,
S_A_L_T_WALKED,144231,11/30/2022 10:51:34 AM,e22dd04d-febb-4e7a-a1b4-e0b767d9ff84,"(4.6, 0.0, -4.7)",walked,Mike_0 Root,
S_A_L_T_WALK_IF_CAN,144231,11/30/2022 10:51:34 AM,e22dd04d-febb-4e7a-a1b4-e0b767d9ff84,"(3.5, 0.0, -3.2)",walkIfCan,Mike_2 Root,
S_A_L_T_WALKED,144231,11/30/2022 10:51:34 AM,e22dd04d-febb-4e7a-a1b4-e0b767d9ff84,"(3.5, 0.0, -3.2)",walked,Mike_2 Root,
S_A_L_T_WALK_IF_CAN,144249,11/30/2022 10:51:34 AM,e22dd04d-febb-4e7a-a1b4-e0b767d9ff84,"(4.6, 0.0, -4.7)",walkIfCan,Mike_0 Root,
S_A_L_T_WALKED,144249,11/30/2022 10:51:34 AM,e22dd04d-febb-4e7a-a1b4-e0b767d9ff84,"(4.6, 0.0, -4.7)",walked,Mike_0 Root,
S_A_L_T_WALK_IF_CAN,144249,11/30/2022 10:51:34 AM,e22dd04d-febb-4e7a-a1b4-e0b767d9ff84,"(3.5, 0.0, -3.2)",walkIfCan,Mike_2 Root,
S_A_L_T_WALKED,144249,11/30/2022 10:51:34 AM,e22dd04d-febb-4e7a-a1b4-e0b767d9ff84,"(3.5, 0.0, -3.2)",walked,Mike_2 Root,
S_A_L_T_WALK_IF_CAN,144268,11/30/2022 10:51:34 AM,e22dd04d-febb-4e7a-a1b4-e0b767d9ff84,"(3.5, 0.0, -3.2)",walkIfCan,Mike_2 Root,
S_A_L_T_WALKED,144268,11/30/2022 10:51:34 AM,e22dd04d-febb-4e7a-a1b4-e0b767d9ff84,"(3.5, 0.0, -3.2)",walked,Mike_2 Root,
S_A_L_T_WALK_IF_CAN,144288,11/30/2022 10:51:34 AM,e22dd04d-febb-4e7a-a1b4-e0b767d9ff84,"(4.6, 0.0, -4.7)",walkIfCan,Mike_0 Root,
S_A_L_T_WALKED,144288,11/30/2022 10:51:34 AM,e22dd04d-febb-4e7a-a1b4-e0b767d9ff84,"(4.6, 0.0, -4.7)",walked,Mike_0 Root,
S_A_L_T_WALK_IF_CAN,144288,11/30/2022 10:51:34 AM,e22dd04d-febb-4e7a-a1b4-e0b767d9ff84,"(3.5, 0.0, -3.2)",walkIfCan,Mike_2 Root,
S_A_L_T_WALKED,144288,11/30/2022 10:51:34 AM,e22dd04d-febb-4e7a-a1b4-e0b767d9ff84,"(3.5, 0.0, -3.2)",walked,Mike_2 Root,
S_A_L_T_WALK_IF_CAN,144307,11/30/2022 10:51:34 AM,e22dd04d-febb-4e7a-a1b4-e0b767d9ff84,"(3.5, 0.0, -3.2)",walkIfCan,Mike_2 Root,
S_A_L_T_WALKED,144307,11/30/2022 10:51:34 AM,e22dd04d-febb-4e7a-a1b4-e0b767d9ff84,"(3.5, 0.0, -3.2)",walked,Mike_2 Root,
S_A_L_T_WALK_IF_CAN,144328,11/30/2022 10:51:34 AM,e22dd04d-febb-4e7a-a1b4-e0b767d9ff84,"(3.5, 0.0, -3.3)",walkIfCan,Mike_2 Root,
S_A_L_T_WALKED,144328,11/30/2022 10:51:34 AM,e22dd04d-febb-4e7a-a1b4-e0b767d9ff84,"(3.5, 0.0, -3.3)",walked,Mike_2 Root,
S_A_L_T_WALK_IF_CAN,144349,11/30/2022 10:51:34 AM,e22dd04d-febb-4e7a-a1b4-e0b767d9ff84,"(3.5, 0.0, -3.3)",walkIfCan,Mike_2 Root,
S_A_L_T_WALKED,144349,11/30/2022 10:51:34 AM,e22dd04d-febb-4e7a-a1b4-e0b767d9ff84,"(3.5, 0.0, -3.3)",walked,Mike_2 Root,
S_A_L_T_WALK_IF_CAN,144369,11/30/2022 10:51:34 AM,e22dd04d-febb-4e7a-a1b4-e0b767d9ff84,"(3.5, 0.0, -3.3)",walkIfCan,Mike_2 Root,
S_A_L_T_WALKED,144369,11/30/2022 10:51:34 AM,e22dd04d-febb-4e7a-a1b4-e0b767d9ff84,"(3.5, 0.0, -3.3)",walked,Mike_2 Root,
S_A_L_T_WALK_IF_CAN,144385,11/30/2022 10:51:34 AM,e22dd04d-febb-4e7a-a1b4-e0b767d9ff84,"(3.5, 0.0, -3.3)",walkIfCan,Mike_2 Root,
S_A_L_T_WALKED,144385,11/30/2022 10:51:34 AM,e22dd04d-febb-4e7a-a1b4-e0b767d9ff84,"(3.5, 0.0, -3.3)",walked,Mike_2 Root,
S_A_L_T_WALK_IF_CAN,144398,11/30/2022 10:51:34 AM,e22dd04d-febb-4e7a-a1b4-e0b767d9ff84,"(3.5, 0.0, -3.3)",walkIfCan,Mike_2 Root,
S_A_L_T_WALKED,144398,11/30/2022 10:51:34 AM,e22dd04d-febb-4e7a-a1b4-e0b767d9ff84,"(3.5, 0.0, -3.3)",walked,Mike_2 Root,
S_A_L_T_WALK_IF_CAN,144411,11/30/2022 10:51:34 AM,e22dd04d-febb-4e7a-a1b4-e0b767d9ff84,"(3.5, 0.0, -3.4)",walkIfCan,Mike_2 Root,
S_A_L_T_WALKED,144411,11/30/2022 10:51:34 AM,e22dd04d-febb-4e7a-a1b4-e0b767d9ff84,"(3.5, 0.0, -3.4)",walked,Mike_2 Root,
S_A_L_T_WALK_IF_CAN,144425,11/30/2022 10:51:34 AM,e22dd04d-febb-4e7a-a1b4-e0b767d9ff84,"(3.5, 0.0, -3.4)",walkIfCan,Mike_2 Root,
S_A_L_T_WALKED,144426,11/30/2022 10:51:34 AM,e22dd04d-febb-4e7a-a1b4-e0b767d9ff84,"(3.5, 0.0, -3.4)",walked,Mike_2 Root,
S_A_L_T_WALK_IF_CAN,144440,11/30/2022 10:51:34 AM,e22dd04d-febb-4e7a-a1b4-e0b767d9ff84,"(3.5, 0.0, -3.4)",walkIfCan,Mike_2 Root,
S_A_L_T_WALKED,144440,11/30/2022 10:51:34 AM,e22dd04d-febb-4e7a-a1b4-e0b767d9ff84,"(3.5, 0.0, -3.4)",walked,Mike_2 Root,
S_A_L_T_WALK_IF_CAN,144455,11/30/2022 10:51:34 AM,e22dd04d-febb-4e7a-a1b4-e0b767d9ff84,"(3.5, 0.0, -3.4)",walkIfCan,Mike_2 Root,
S_A_L_T_WALKED,144455,11/30/2022 10:51:34 AM,e22dd04d-febb-4e7a-a1b4-e0b767d9ff84,"(3.5, 0.0, -3.4)",walked,Mike_2 Root,
S_A_L_T_WALK_IF_CAN,144473,11/30/2022 10:51:34 AM,e22dd04d-febb-4e7a-a1b4-e0b767d9ff84,"(3.4, 0.0, -3.4)",walkIfCan,Mike_2 Root,
S_A_L_T_WALKED,144473,11/30/2022 10:51:34 AM,e22dd04d-febb-4e7a-a1b4-e0b767d9ff84,"(3.4, 0.0, -3.4)",walked,Mike_2 Root,
S_A_L_T_WALK_IF_CAN,144490,11/30/2022 10:51:34 AM,e22dd04d-febb-4e7a-a1b4-e0b767d9ff84,"(3.4, 0.0, -3.4)",walkIfCan,Mike_2 Root,
S_A_L_T_WALKED,144490,11/30/2022 10:51:34 AM,e22dd04d-febb-4e7a-a1b4-e0b767d9ff84,"(3.4, 0.0, -3.4)",walked,Mike_2 Root,
S_A_L_T_WALK_IF_CAN,144507,11/30/2022 10:51:35 AM,e22dd04d-febb-4e7a-a1b4-e0b767d9ff84,"(3.4, 0.0, -3.5)",walkIfCan,Mike_2 Root,
S_A_L_T_WALKED,144507,11/30/2022 10:51:35 AM,e22dd04d-febb-4e7a-a1b4-e0b767d9ff84,"(3.4, 0.0, -3.5)",walked,Mike_2 Root,
S_A_L_T_WALK_IF_CAN,144522,11/30/2022 10:51:35 AM,e22dd04d-febb-4e7a-a1b4-e0b767d9ff84,"(3.4, 0.0, -3.5)",walkIfCan,Mike_2 Root,
S_A_L_T_WALKED,144522,11/30/2022 10:51:35 AM,e22dd04d-febb-4e7a-a1b4-e0b767d9ff84,"(3.4, 0.0, -3.5)",walked,Mike_2 Root,
S_A_L_T_WALK_IF_CAN,144539,11/30/2022 10:51:35 AM,e22dd04d-febb-4e7a-a1b4-e0b767d9ff84,"(3.4, 0.0, -3.5)",walkIfCan,Mike_2 Root,
S_A_L_T_WALKED,144539,11/30/2022 10:51:35 AM,e22dd04d-febb-4e7a-a1b4-e0b767d9ff84,"(3.4, 0.0, -3.5)",walked,Mike_2 Root,
S_A_L_T_WALK_IF_CAN,144555,11/30/2022 10:51:35 AM,e22dd04d-febb-4e7a-a1b4-e0b767d9ff84,"(3.4, 0.0, -3.5)",walkIfCan,Mike_2 Root,
S_A_L_T_WALKED,144555,11/30/2022 10:51:35 AM,e22dd04d-febb-4e7a-a1b4-e0b767d9ff84,"(3.4, 0.0, -3.5)",walked,Mike_2 Root,
S_A_L_T_WALK_IF_CAN,144573,11/30/2022 10:51:35 AM,e22dd04d-febb-4e7a-a1b4-e0b767d9ff84,"(3.4, 0.0, -3.5)",walkIfCan,Mike_2 Root,
S_A_L_T_WALKED,144573,11/30/2022 10:51:35 AM,e22dd04d-febb-4e7a-a1b4-e0b767d9ff84,"(3.4, 0.0, -3.5)",walked,Mike_2 Root,
S_A_L_T_WALK_IF_CAN,144589,11/30/2022 10:51:35 AM,e22dd04d-febb-4e7a-a1b4-e0b767d9ff84,"(3.4, 0.0, -3.5)",walkIfCan,Mike_2 Root,
S_A_L_T_WALKED,144589,11/30/2022 10:51:35 AM,e22dd04d-febb-4e7a-a1b4-e0b767d9ff84,"(3.4, 0.0, -3.5)",walked,Mike_2 Root,
S_A_L_T_WALK_IF_CAN,144605,11/30/2022 10:51:35 AM,e22dd04d-febb-4e7a-a1b4-e0b767d9ff84,"(3.4, 0.0, -3.6)",walkIfCan,Mike_2 Root,
S_A_L_T_WALKED,144605,11/30/2022 10:51:35 AM,e22dd04d-febb-4e7a-a1b4-e0b767d9ff84,"(3.4, 0.0, -3.6)",walked,Mike_2 Root,
S_A_L_T_WALK_IF_CAN,144622,11/30/2022 10:51:35 AM,e22dd04d-febb-4e7a-a1b4-e0b767d9ff84,"(3.4, 0.0, -3.6)",walkIfCan,Mike_2 Root,
S_A_L_T_WALKED,144623,11/30/2022 10:51:35 AM,e22dd04d-febb-4e7a-a1b4-e0b767d9ff84,"(3.4, 0.0, -3.6)",walked,Mike_2 Root,
S_A_L_T_WALK_IF_CAN,144639,11/30/2022 10:51:35 AM,e22dd04d-febb-4e7a-a1b4-e0b767d9ff84,"(3.4, 0.0, -3.6)",walkIfCan,Mike_2 Root,
S_A_L_T_WALKED,144639,11/30/2022 10:51:35 AM,e22dd04d-febb-4e7a-a1b4-e0b767d9ff84,"(3.4, 0.0, -3.6)",walked,Mike_2 Root,
S_A_L_T_WALK_IF_CAN,144656,11/30/2022 10:51:35 AM,e22dd04d-febb-4e7a-a1b4-e0b767d9ff84,"(3.4, 0.0, -3.6)",walkIfCan,Mike_2 Root,
S_A_L_T_WALKED,144656,11/30/2022 10:51:35 AM,e22dd04d-febb-4e7a-a1b4-e0b767d9ff84,"(3.4, 0.0, -3.6)",walked,Mike_2 Root,
S_A_L_T_WALK_IF_CAN,144673,11/30/2022 10:51:35 AM,e22dd04d-febb-4e7a-a1b4-e0b767d9ff84,"(3.4, 0.0, -3.6)",walkIfCan,Mike_2 Root,
S_A_L_T_WALKED,144673,11/30/2022 10:51:35 AM,e22dd04d-febb-4e7a-a1b4-e0b767d9ff84,"(3.4, 0.0, -3.6)",walked,Mike_2 Root,
S_A_L_T_WALK_IF_CAN,144690,11/30/2022 10:51:35 AM,e22dd04d-febb-4e7a-a1b4-e0b767d9ff84,"(3.4, 0.0, -3.7)",walkIfCan,Mike_2 Root,
S_A_L_T_WALKED,144690,11/30/2022 10:51:35 AM,e22dd04d-febb-4e7a-a1b4-e0b767d9ff84,"(3.4, 0.0, -3.7)",walked,Mike_2 Root,
S_A_L_T_WALK_IF_CAN,144706,11/30/2022 10:51:35 AM,e22dd04d-febb-4e7a-a1b4-e0b767d9ff84,"(3.4, 0.0, -3.7)",walkIfCan,Mike_2 Root,
S_A_L_T_WALKED,144706,11/30/2022 10:51:35 AM,e22dd04d-febb-4e7a-a1b4-e0b767d9ff84,"(3.4, 0.0, -3.7)",walked,Mike_2 Root,
S_A_L_T_WALK_IF_CAN,144723,11/30/2022 10:51:35 AM,e22dd04d-febb-4e7a-a1b4-e0b767d9ff84,"(3.4, 0.0, -3.7)",walkIfCan,Mike_2 Root,
S_A_L_T_WALKED,144723,11/30/2022 10:51:35 AM,e22dd04d-febb-4e7a-a1b4-e0b767d9ff84,"(3.4, 0.0, -3.7)",walked,Mike_2 Root,
S_A_L_T_WALK_IF_CAN,144740,11/30/2022 10:51:35 AM,e22dd04d-febb-4e7a-a1b4-e0b767d9ff84,"(3.4, 0.0, -3.7)",walkIfCan,Mike_2 Root,
S_A_L_T_WALKED,144740,11/30/2022 10:51:35 AM,e22dd04d-febb-4e7a-a1b4-e0b767d9ff84,"(3.4, 0.0, -3.7)",walked,Mike_2 Root,
S_A_L_T_WALK_IF_CAN,144756,11/30/2022 10:51:35 AM,e22dd04d-febb-4e7a-a1b4-e0b767d9ff84,"(3.4, 0.0, -3.7)",walkIfCan,Mike_2 Root,
S_A_L_T_WALKED,144756,11/30/2022 10:51:35 AM,e22dd04d-febb-4e7a-a1b4-e0b767d9ff84,"(3.4, 0.0, -3.7)",walked,Mike_2 Root,
S_A_L_T_WALK_IF_CAN,144774,11/30/2022 10:51:35 AM,e22dd04d-febb-4e7a-a1b4-e0b767d9ff84,"(3.4, 0.0, -3.8)",walkIfCan,Mike_2 Root,
S_A_L_T_WALKED,144774,11/30/2022 10:51:35 AM,e22dd04d-febb-4e7a-a1b4-e0b767d9ff84,"(3.4, 0.0, -3.8)",walked,Mike_2 Root,
S_A_L_T_WALK_IF_CAN,144791,11/30/2022 10:51:35 AM,e22dd04d-febb-4e7a-a1b4-e0b767d9ff84,"(3.4, 0.0, -3.8)",walkIfCan,Mike_2 Root,
S_A_L_T_WALKED,144791,11/30/2022 10:51:35 AM,e22dd04d-febb-4e7a-a1b4-e0b767d9ff84,"(3.4, 0.0, -3.8)",walked,Mike_2 Root,
S_A_L_T_WALK_IF_CAN,144807,11/30/2022 10:51:35 AM,e22dd04d-febb-4e7a-a1b4-e0b767d9ff84,"(3.4, 0.0, -3.8)",walkIfCan,Mike_2 Root,
S_A_L_T_WALKED,144807,11/30/2022 10:51:35 AM,e22dd04d-febb-4e7a-a1b4-e0b767d9ff84,"(3.4, 0.0, -3.8)",walked,Mike_2 Root,
S_A_L_T_WALK_IF_CAN,144824,11/30/2022 10:51:35 AM,e22dd04d-febb-4e7a-a1b4-e0b767d9ff84,"(3.3, 0.0, -3.8)",walkIfCan,Mike_2 Root,
S_A_L_T_WALKED,144824,11/30/2022 10:51:35 AM,e22dd04d-febb-4e7a-a1b4-e0b767d9ff84,"(3.3, 0.0, -3.8)",walked,Mike_2 Root,
S_A_L_T_WALK_IF_CAN,144841,11/30/2022 10:51:35 AM,e22dd04d-febb-4e7a-a1b4-e0b767d9ff84,"(3.3, 0.0, -3.8)",walkIfCan,Mike_2 Root,
S_A_L_T_WALKED,144841,11/30/2022 10:51:35 AM,e22dd04d-febb-4e7a-a1b4-e0b767d9ff84,"(3.3, 0.0, -3.8)",walked,Mike_2 Root,
S_A_L_T_WALK_IF_CAN,144857,11/30/2022 10:51:35 AM,e22dd04d-febb-4e7a-a1b4-e0b767d9ff84,"(3.3, 0.0, -3.9)",walkIfCan,Mike_2 Root,
S_A_L_T_WALKED,144857,11/30/2022 10:51:35 AM,e22dd04d-febb-4e7a-a1b4-e0b767d9ff84,"(3.3, 0.0, -3.9)",walked,Mike_2 Root,
S_A_L_T_WALK_IF_CAN,144874,11/30/2022 10:51:35 AM,e22dd04d-febb-4e7a-a1b4-e0b767d9ff84,"(3.3, 0.0, -3.9)",walkIfCan,Mike_2 Root,
S_A_L_T_WALKED,144874,11/30/2022 10:51:35 AM,e22dd04d-febb-4e7a-a1b4-e0b767d9ff84,"(3.3, 0.0, -3.9)",walked,Mike_2 Root,
S_A_L_T_WALK_IF_CAN,144890,11/30/2022 10:51:35 AM,e22dd04d-febb-4e7a-a1b4-e0b767d9ff84,"(3.3, 0.0, -3.9)",walkIfCan,Mike_2 Root,
S_A_L_T_WALKED,144890,11/30/2022 10:51:35 AM,e22dd04d-febb-4e7a-a1b4-e0b767d9ff84,"(3.3, 0.0, -3.9)",walked,Mike_2 Root,
S_A_L_T_WALK_IF_CAN,144907,11/30/2022 10:51:35 AM,e22dd04d-febb-4e7a-a1b4-e0b767d9ff84,"(3.3, 0.0, -3.9)",walkIfCan,Mike_2 Root,
S_A_L_T_WALKED,144907,11/30/2022 10:51:35 AM,e22dd04d-febb-4e7a-a1b4-e0b767d9ff84,"(3.3, 0.0, -3.9)",walked,Mike_2 Root,
S_A_L_T_WALK_IF_CAN,144923,11/30/2022 10:51:35 AM,e22dd04d-febb-4e7a-a1b4-e0b767d9ff84,"(3.3, 0.0, -3.9)",walkIfCan,Mike_2 Root,
S_A_L_T_WALKED,144923,11/30/2022 10:51:35 AM,e22dd04d-febb-4e7a-a1b4-e0b767d9ff84,"(3.3, 0.0, -3.9)",walked,Mike_2 Root,
S_A_L_T_WALK_IF_CAN,144940,11/30/2022 10:51:35 AM,e22dd04d-febb-4e7a-a1b4-e0b767d9ff84,"(3.3, 0.0, -4.0)",walkIfCan,Mike_2 Root,
S_A_L_T_WALKED,144940,11/30/2022 10:51:35 AM,e22dd04d-febb-4e7a-a1b4-e0b767d9ff84,"(3.3, 0.0, -4.0)",walked,Mike_2 Root,
S_A_L_T_WALK_IF_CAN,144957,11/30/2022 10:51:35 AM,e22dd04d-febb-4e7a-a1b4-e0b767d9ff84,"(3.3, 0.0, -4.0)",walkIfCan,Mike_2 Root,
S_A_L_T_WALKED,144957,11/30/2022 10:51:35 AM,e22dd04d-febb-4e7a-a1b4-e0b767d9ff84,"(3.3, 0.0, -4.0)",walked,Mike_2 Root,
S_A_L_T_WALK_IF_CAN,144974,11/30/2022 10:51:35 AM,e22dd04d-febb-4e7a-a1b4-e0b767d9ff84,"(3.3, 0.0, -4.0)",walkIfCan,Mike_2 Root,
S_A_L_T_WALKED,144974,11/30/2022 10:51:35 AM,e22dd04d-febb-4e7a-a1b4-e0b767d9ff84,"(3.3, 0.0, -4.0)",walked,Mike_2 Root,
S_A_L_T_WALK_IF_CAN,144990,11/30/2022 10:51:35 AM,e22dd04d-febb-4e7a-a1b4-e0b767d9ff84,"(3.3, 0.0, -4.0)",walkIfCan,Mike_2 Root,
S_A_L_T_WALKED,144990,11/30/2022 10:51:35 AM,e22dd04d-febb-4e7a-a1b4-e0b767d9ff84,"(3.3, 0.0, -4.0)",walked,Mike_2 Root,
S_A_L_T_WALK_IF_CAN,145010,11/30/2022 10:51:35 AM,e22dd04d-febb-4e7a-a1b4-e0b767d9ff84,"(3.3, 0.0, -4.0)",walkIfCan,Mike_2 Root,
S_A_L_T_WALKED,145010,11/30/2022 10:51:35 AM,e22dd04d-febb-4e7a-a1b4-e0b767d9ff84,"(3.3, 0.0, -4.0)",walked,Mike_2 Root,
S_A_L_T_WALK_IF_CAN,145024,11/30/2022 10:51:35 AM,e22dd04d-febb-4e7a-a1b4-e0b767d9ff84,"(3.3, 0.0, -4.0)",walkIfCan,Mike_2 Root,
S_A_L_T_WALKED,145024,11/30/2022 10:51:35 AM,e22dd04d-febb-4e7a-a1b4-e0b767d9ff84,"(3.3, 0.0, -4.0)",walked,Mike_2 Root,
S_A_L_T_WALK_IF_CAN,145040,11/30/2022 10:51:35 AM,e22dd04d-febb-4e7a-a1b4-e0b767d9ff84,"(3.3, 0.0, -4.1)",walkIfCan,Mike_2 Root,
S_A_L_T_WALKED,145040,11/30/2022 10:51:35 AM,e22dd04d-febb-4e7a-a1b4-e0b767d9ff84,"(3.3, 0.0, -4.1)",walked,Mike_2 Root,
S_A_L_T_WALK_IF_CAN,145058,11/30/2022 10:51:35 AM,e22dd04d-febb-4e7a-a1b4-e0b767d9ff84,"(3.3, 0.0, -4.1)",walkIfCan,Mike_2 Root,
S_A_L_T_WALKED,145058,11/30/2022 10:51:35 AM,e22dd04d-febb-4e7a-a1b4-e0b767d9ff84,"(3.3, 0.0, -4.1)",walked,Mike_2 Root,
S_A_L_T_WALK_IF_CAN,145073,11/30/2022 10:51:35 AM,e22dd04d-febb-4e7a-a1b4-e0b767d9ff84,"(3.3, 0.0, -4.1)",walkIfCan,Mike_2 Root,
S_A_L_T_WALKED,145073,11/30/2022 10:51:35 AM,e22dd04d-febb-4e7a-a1b4-e0b767d9ff84,"(3.3, 0.0, -4.1)",walked,Mike_2 Root,
S_A_L_T_WALK_IF_CAN,145093,11/30/2022 10:51:35 AM,e22dd04d-febb-4e7a-a1b4-e0b767d9ff84,"(3.3, 0.0, -4.1)",walkIfCan,Mike_2 Root,
S_A_L_T_WALKED,145093,11/30/2022 10:51:35 AM,e22dd04d-febb-4e7a-a1b4-e0b767d9ff84,"(3.3, 0.0, -4.1)",walked,Mike_2 Root,
S_A_L_T_WALK_IF_CAN,145107,11/30/2022 10:51:35 AM,e22dd04d-febb-4e7a-a1b4-e0b767d9ff84,"(3.3, 0.0, -4.1)",walkIfCan,Mike_2 Root,
S_A_L_T_WALKED,145107,11/30/2022 10:51:35 AM,e22dd04d-febb-4e7a-a1b4-e0b767d9ff84,"(3.3, 0.0, -4.1)",walked,Mike_2 Root,
S_A_L_T_WALK_IF_CAN,145125,11/30/2022 10:51:35 AM,e22dd04d-febb-4e7a-a1b4-e0b767d9ff84,"(3.3, 0.0, -4.2)",walkIfCan,Mike_2 Root,
S_A_L_T_WALKED,145125,11/30/2022 10:51:35 AM,e22dd04d-febb-4e7a-a1b4-e0b767d9ff84,"(3.3, 0.0, -4.2)",walked,Mike_2 Root,
S_A_L_T_WALK_IF_CAN,145141,11/30/2022 10:51:35 AM,e22dd04d-febb-4e7a-a1b4-e0b767d9ff84,"(3.3, 0.0, -4.2)",walkIfCan,Mike_2 Root,
S_A_L_T_WALKED,145141,11/30/2022 10:51:35 AM,e22dd04d-febb-4e7a-a1b4-e0b767d9ff84,"(3.3, 0.0, -4.2)",walked,Mike_2 Root,
S_A_L_T_WALK_IF_CAN,145158,11/30/2022 10:51:35 AM,e22dd04d-febb-4e7a-a1b4-e0b767d9ff84,"(3.3, 0.0, -4.2)",walkIfCan,Mike_2 Root,
S_A_L_T_WALKED,145158,11/30/2022 10:51:35 AM,e22dd04d-febb-4e7a-a1b4-e0b767d9ff84,"(3.3, 0.0, -4.2)",walked,Mike_2 Root,
S_A_L_T_WALK_IF_CAN,145174,11/30/2022 10:51:35 AM,e22dd04d-febb-4e7a-a1b4-e0b767d9ff84,"(3.3, 0.0, -4.2)",walkIfCan,Mike_2 Root,
S_A_L_T_WALKED,145175,11/30/2022 10:51:35 AM,e22dd04d-febb-4e7a-a1b4-e0b767d9ff84,"(3.3, 0.0, -4.2)",walked,Mike_2 Root,
S_A_L_T_WALK_IF_CAN,145192,11/30/2022 10:51:35 AM,e22dd04d-febb-4e7a-a1b4-e0b767d9ff84,"(3.2, 0.0, -4.2)",walkIfCan,Mike_2 Root,
S_A_L_T_WALKED,145192,11/30/2022 10:51:35 AM,e22dd04d-febb-4e7a-a1b4-e0b767d9ff84,"(3.2, 0.0, -4.2)",walked,Mike_2 Root,
S_A_L_T_WALK_IF_CAN,145208,11/30/2022 10:51:35 AM,e22dd04d-febb-4e7a-a1b4-e0b767d9ff84,"(3.2, 0.0, -4.2)",walkIfCan,Mike_2 Root,
S_A_L_T_WALKED,145208,11/30/2022 10:51:35 AM,e22dd04d-febb-4e7a-a1b4-e0b767d9ff84,"(3.2, 0.0, -4.2)",walked,Mike_2 Root,
S_A_L_T_WALK_IF_CAN,145224,11/30/2022 10:51:35 AM,e22dd04d-febb-4e7a-a1b4-e0b767d9ff84,"(3.2, 0.0, -4.3)",walkIfCan,Mike_2 Root,
S_A_L_T_WALKED,145224,11/30/2022 10:51:35 AM,e22dd04d-febb-4e7a-a1b4-e0b767d9ff84,"(3.2, 0.0, -4.3)",walked,Mike_2 Root,
S_A_L_T_WALK_IF_CAN,145241,11/30/2022 10:51:35 AM,e22dd04d-febb-4e7a-a1b4-e0b767d9ff84,"(3.2, 0.0, -4.3)",walkIfCan,Mike_2 Root,
S_A_L_T_WALKED,145241,11/30/2022 10:51:35 AM,e22dd04d-febb-4e7a-a1b4-e0b767d9ff84,"(3.2, 0.0, -4.3)",walked,Mike_2 Root,
S_A_L_T_WALK_IF_CAN,145257,11/30/2022 10:51:35 AM,e22dd04d-febb-4e7a-a1b4-e0b767d9ff84,"(3.2, 0.0, -4.3)",walkIfCan,Mike_2 Root,
S_A_L_T_WALKED,145257,11/30/2022 10:51:35 AM,e22dd04d-febb-4e7a-a1b4-e0b767d9ff84,"(3.2, 0.0, -4.3)",walked,Mike_2 Root,
S_A_L_T_WALK_IF_CAN,145275,11/30/2022 10:51:35 AM,e22dd04d-febb-4e7a-a1b4-e0b767d9ff84,"(3.2, 0.0, -4.3)",walkIfCan,Mike_2 Root,
S_A_L_T_WALKED,145275,11/30/2022 10:51:35 AM,e22dd04d-febb-4e7a-a1b4-e0b767d9ff84,"(3.2, 0.0, -4.3)",walked,Mike_2 Root,
S_A_L_T_WALK_IF_CAN,145291,11/30/2022 10:51:35 AM,e22dd04d-febb-4e7a-a1b4-e0b767d9ff84,"(3.2, 0.0, -4.3)",walkIfCan,Mike_2 Root,
S_A_L_T_WALKED,145291,11/30/2022 10:51:35 AM,e22dd04d-febb-4e7a-a1b4-e0b767d9ff84,"(3.2, 0.0, -4.3)",walked,Mike_2 Root,
S_A_L_T_WALK_IF_CAN,145307,11/30/2022 10:51:35 AM,e22dd04d-febb-4e7a-a1b4-e0b767d9ff84,"(3.2, 0.0, -4.3)",walkIfCan,Mike_2 Root,
S_A_L_T_WALKED,145308,11/30/2022 10:51:35 AM,e22dd04d-febb-4e7a-a1b4-e0b767d9ff84,"(3.2, 0.0, -4.3)",walked,Mike_2 Root,
S_A_L_T_WALK_IF_CAN,145325,11/30/2022 10:51:35 AM,e22dd04d-febb-4e7a-a1b4-e0b767d9ff84,"(3.2, 0.0, -4.4)",walkIfCan,Mike_2 Root,
S_A_L_T_WALKED,145325,11/30/2022 10:51:35 AM,e22dd04d-febb-4e7a-a1b4-e0b767d9ff84,"(3.2, 0.0, -4.4)",walked,Mike_2 Root,
S_A_L_T_WALK_IF_CAN,145341,11/30/2022 10:51:35 AM,e22dd04d-febb-4e7a-a1b4-e0b767d9ff84,"(3.2, 0.0, -4.4)",walkIfCan,Mike_2 Root,
S_A_L_T_WALKED,145341,11/30/2022 10:51:35 AM,e22dd04d-febb-4e7a-a1b4-e0b767d9ff84,"(3.2, 0.0, -4.4)",walked,Mike_2 Root,
S_A_L_T_WALK_IF_CAN,145358,11/30/2022 10:51:35 AM,e22dd04d-febb-4e7a-a1b4-e0b767d9ff84,"(3.2, 0.0, -4.4)",walkIfCan,Mike_2 Root,
S_A_L_T_WALKED,145358,11/30/2022 10:51:35 AM,e22dd04d-febb-4e7a-a1b4-e0b767d9ff84,"(3.2, 0.0, -4.4)",walked,Mike_2 Root,
S_A_L_T_WALK_IF_CAN,145375,11/30/2022 10:51:35 AM,e22dd04d-febb-4e7a-a1b4-e0b767d9ff84,"(3.2, 0.0, -4.4)",walkIfCan,Mike_2 Root,
S_A_L_T_WALKED,145375,11/30/2022 10:51:35 AM,e22dd04d-febb-4e7a-a1b4-e0b767d9ff84,"(3.2, 0.0, -4.4)",walked,Mike_2 Root,
S_A_L_T_WALK_IF_CAN,145392,11/30/2022 10:51:35 AM,e22dd04d-febb-4e7a-a1b4-e0b767d9ff84,"(3.2, 0.0, -4.4)",walkIfCan,Mike_2 Root,
S_A_L_T_WALKED,145392,11/30/2022 10:51:35 AM,e22dd04d-febb-4e7a-a1b4-e0b767d9ff84,"(3.2, 0.0, -4.4)",walked,Mike_2 Root,
S_A_L_T_WALK_IF_CAN,145409,11/30/2022 10:51:35 AM,e22dd04d-febb-4e7a-a1b4-e0b767d9ff84,"(3.2, 0.0, -4.4)",walkIfCan,Mike_2 Root,
S_A_L_T_WALKED,145409,11/30/2022 10:51:35 AM,e22dd04d-febb-4e7a-a1b4-e0b767d9ff84,"(3.2, 0.0, -4.4)",walked,Mike_2 Root,
S_A_L_T_WALK_IF_CAN,145425,11/30/2022 10:51:35 AM,e22dd04d-febb-4e7a-a1b4-e0b767d9ff84,"(3.2, 0.0, -4.5)",walkIfCan,Mike_2 Root,
S_A_L_T_WALKED,145426,11/30/2022 10:51:35 AM,e22dd04d-febb-4e7a-a1b4-e0b767d9ff84,"(3.2, 0.0, -4.5)",walked,Mike_2 Root,
S_A_L_T_WALK_IF_CAN,145441,11/30/2022 10:51:35 AM,e22dd04d-febb-4e7a-a1b4-e0b767d9ff84,"(3.2, 0.0, -4.5)",walkIfCan,Mike_2 Root,
S_A_L_T_WALKED,145441,11/30/2022 10:51:35 AM,e22dd04d-febb-4e7a-a1b4-e0b767d9ff84,"(3.2, 0.0, -4.5)",walked,Mike_2 Root,
S_A_L_T_WALK_IF_CAN,145458,11/30/2022 10:51:35 AM,e22dd04d-febb-4e7a-a1b4-e0b767d9ff84,"(3.2, 0.0, -4.5)",walkIfCan,Mike_2 Root,
S_A_L_T_WALKED,145458,11/30/2022 10:51:35 AM,e22dd04d-febb-4e7a-a1b4-e0b767d9ff84,"(3.2, 0.0, -4.5)",walked,Mike_2 Root,
S_A_L_T_WALK_IF_CAN,145475,11/30/2022 10:51:35 AM,e22dd04d-febb-4e7a-a1b4-e0b767d9ff84,"(3.2, 0.0, -4.5)",walkIfCan,Mike_2 Root,
S_A_L_T_WALKED,145475,11/30/2022 10:51:35 AM,e22dd04d-febb-4e7a-a1b4-e0b767d9ff84,"(3.2, 0.0, -4.5)",walked,Mike_2 Root,
S_A_L_T_WALK_IF_CAN,145492,11/30/2022 10:51:36 AM,e22dd04d-febb-4e7a-a1b4-e0b767d9ff84,"(3.1, 0.0, -4.5)",walkIfCan,Mike_2 Root,
S_A_L_T_WALKED,145492,11/30/2022 10:51:36 AM,e22dd04d-febb-4e7a-a1b4-e0b767d9ff84,"(3.1, 0.0, -4.5)",walked,Mike_2 Root,
S_A_L_T_WALK_IF_CAN,145509,11/30/2022 10:51:36 AM,e22dd04d-febb-4e7a-a1b4-e0b767d9ff84,"(3.1, 0.0, -4.6)",walkIfCan,Mike_2 Root,
S_A_L_T_WALKED,145509,11/30/2022 10:51:36 AM,e22dd04d-febb-4e7a-a1b4-e0b767d9ff84,"(3.1, 0.0, -4.6)",walked,Mike_2 Root,
S_A_L_T_WALK_IF_CAN,145525,11/30/2022 10:51:36 AM,e22dd04d-febb-4e7a-a1b4-e0b767d9ff84,"(3.1, 0.0, -4.6)",walkIfCan,Mike_2 Root,
S_A_L_T_WALKED,145525,11/30/2022 10:51:36 AM,e22dd04d-febb-4e7a-a1b4-e0b767d9ff84,"(3.1, 0.0, -4.6)",walked,Mike_2 Root,
S_A_L_T_WALK_IF_CAN,145542,11/30/2022 10:51:36 AM,e22dd04d-febb-4e7a-a1b4-e0b767d9ff84,"(3.1, 0.0, -4.6)",walkIfCan,Mike_2 Root,
S_A_L_T_WALKED,145542,11/30/2022 10:51:36 AM,e22dd04d-febb-4e7a-a1b4-e0b767d9ff84,"(3.1, 0.0, -4.6)",walked,Mike_2 Root,
S_A_L_T_WALK_IF_CAN,145558,11/30/2022 10:51:36 AM,e22dd04d-febb-4e7a-a1b4-e0b767d9ff84,"(3.1, 0.0, -4.6)",walkIfCan,Mike_2 Root,
S_A_L_T_WALKED,145558,11/30/2022 10:51:36 AM,e22dd04d-febb-4e7a-a1b4-e0b767d9ff84,"(3.1, 0.0, -4.6)",walked,Mike_2 Root,
S_A_L_T_WALK_IF_CAN,145576,11/30/2022 10:51:36 AM,e22dd04d-febb-4e7a-a1b4-e0b767d9ff84,"(3.1, 0.0, -4.6)",walkIfCan,Mike_2 Root,
S_A_L_T_WALKED,145576,11/30/2022 10:51:36 AM,e22dd04d-febb-4e7a-a1b4-e0b767d9ff84,"(3.1, 0.0, -4.6)",walked,Mike_2 Root,
S_A_L_T_WALK_IF_CAN,145591,11/30/2022 10:51:36 AM,e22dd04d-febb-4e7a-a1b4-e0b767d9ff84,"(3.1, 0.0, -4.6)",walkIfCan,Mike_2 Root,
S_A_L_T_WALKED,145591,11/30/2022 10:51:36 AM,e22dd04d-febb-4e7a-a1b4-e0b767d9ff84,"(3.1, 0.0, -4.6)",walked,Mike_2 Root,
S_A_L_T_WALK_IF_CAN,145608,11/30/2022 10:51:36 AM,e22dd04d-febb-4e7a-a1b4-e0b767d9ff84,"(3.1, 0.0, -4.7)",walkIfCan,Mike_2 Root,
S_A_L_T_WALKED,145608,11/30/2022 10:51:36 AM,e22dd04d-febb-4e7a-a1b4-e0b767d9ff84,"(3.1, 0.0, -4.7)",walked,Mike_2 Root,
S_A_L_T_WALK_IF_CAN,145626,11/30/2022 10:51:36 AM,e22dd04d-febb-4e7a-a1b4-e0b767d9ff84,"(3.1, 0.0, -4.7)",walkIfCan,Mike_2 Root,
S_A_L_T_WALKED,145626,11/30/2022 10:51:36 AM,e22dd04d-febb-4e7a-a1b4-e0b767d9ff84,"(3.1, 0.0, -4.7)",walked,Mike_2 Root,
S_A_L_T_WALK_IF_CAN,145641,11/30/2022 10:51:36 AM,e22dd04d-febb-4e7a-a1b4-e0b767d9ff84,"(3.1, 0.0, -4.7)",walkIfCan,Mike_2 Root,
S_A_L_T_WALKED,145641,11/30/2022 10:51:36 AM,e22dd04d-febb-4e7a-a1b4-e0b767d9ff84,"(3.1, 0.0, -4.7)",walked,Mike_2 Root,
S_A_L_T_WALK_IF_CAN,145658,11/30/2022 10:51:36 AM,e22dd04d-febb-4e7a-a1b4-e0b767d9ff84,"(3.1, 0.0, -4.7)",walkIfCan,Mike_2 Root,
S_A_L_T_WALKED,145658,11/30/2022 10:51:36 AM,e22dd04d-febb-4e7a-a1b4-e0b767d9ff84,"(3.1, 0.0, -4.7)",walked,Mike_2 Root,
S_A_L_T_WALK_IF_CAN,145674,11/30/2022 10:51:36 AM,e22dd04d-febb-4e7a-a1b4-e0b767d9ff84,"(3.1, 0.0, -4.7)",walkIfCan,Mike_2 Root,
S_A_L_T_WALKED,145674,11/30/2022 10:51:36 AM,e22dd04d-febb-4e7a-a1b4-e0b767d9ff84,"(3.1, 0.0, -4.7)",walked,Mike_2 Root,
S_A_L_T_WALK_IF_CAN,145692,11/30/2022 10:51:36 AM,e22dd04d-febb-4e7a-a1b4-e0b767d9ff84,"(3.1, 0.0, -4.8)",walkIfCan,Mike_2 Root,
S_A_L_T_WALKED,145692,11/30/2022 10:51:36 AM,e22dd04d-febb-4e7a-a1b4-e0b767d9ff84,"(3.1, 0.0, -4.8)",walked,Mike_2 Root,
S_A_L_T_WALK_IF_CAN,145708,11/30/2022 10:51:36 AM,e22dd04d-febb-4e7a-a1b4-e0b767d9ff84,"(3.1, 0.0, -4.8)",walkIfCan,Mike_2 Root,
S_A_L_T_WALKED,145708,11/30/2022 10:51:36 AM,e22dd04d-febb-4e7a-a1b4-e0b767d9ff84,"(3.1, 0.0, -4.8)",walked,Mike_2 Root,
S_A_L_T_WALK_IF_CAN,145725,11/30/2022 10:51:36 AM,e22dd04d-febb-4e7a-a1b4-e0b767d9ff84,"(3.1, 0.0, -4.8)",walkIfCan,Mike_2 Root,
S_A_L_T_WALKED,145725,11/30/2022 10:51:36 AM,e22dd04d-febb-4e7a-a1b4-e0b767d9ff84,"(3.1, 0.0, -4.8)",walked,Mike_2 Root,
S_A_L_T_WALK_IF_CAN,145742,11/30/2022 10:51:36 AM,e22dd04d-febb-4e7a-a1b4-e0b767d9ff84,"(3.1, 0.0, -4.8)",walkIfCan,Mike_2 Root,
S_A_L_T_WALKED,145742,11/30/2022 10:51:36 AM,e22dd04d-febb-4e7a-a1b4-e0b767d9ff84,"(3.1, 0.0, -4.8)",walked,Mike_2 Root,
S_A_L_T_WALK_IF_CAN,145759,11/30/2022 10:51:36 AM,e22dd04d-febb-4e7a-a1b4-e0b767d9ff84,"(3.1, 0.0, -4.8)",walkIfCan,Mike_2 Root,
S_A_L_T_WALKED,145759,11/30/2022 10:51:36 AM,e22dd04d-febb-4e7a-a1b4-e0b767d9ff84,"(3.1, 0.0, -4.8)",walked,Mike_2 Root,
S_A_L_T_WALK_IF_CAN,145776,11/30/2022 10:51:36 AM,e22dd04d-febb-4e7a-a1b4-e0b767d9ff84,"(3.1, 0.0, -4.9)",walkIfCan,Mike_2 Root,
S_A_L_T_WALKED,145776,11/30/2022 10:51:36 AM,e22dd04d-febb-4e7a-a1b4-e0b767d9ff84,"(3.1, 0.0, -4.9)",walked,Mike_2 Root,
S_A_L_T_WALK_IF_CAN,145792,11/30/2022 10:51:36 AM,e22dd04d-febb-4e7a-a1b4-e0b767d9ff84,"(3.1, 0.0, -4.9)",walkIfCan,Mike_2 Root,
S_A_L_T_WALKED,145792,11/30/2022 10:51:36 AM,e22dd04d-febb-4e7a-a1b4-e0b767d9ff84,"(3.1, 0.0, -4.9)",walked,Mike_2 Root,
S_A_L_T_WALK_IF_CAN,145809,11/30/2022 10:51:36 AM,e22dd04d-febb-4e7a-a1b4-e0b767d9ff84,"(3.1, 0.0, -4.9)",walkIfCan,Mike_2 Root,
S_A_L_T_WALKED,145809,11/30/2022 10:51:36 AM,e22dd04d-febb-4e7a-a1b4-e0b767d9ff84,"(3.1, 0.0, -4.9)",walked,Mike_2 Root,
S_A_L_T_WALK_IF_CAN,145826,11/30/2022 10:51:36 AM,e22dd04d-febb-4e7a-a1b4-e0b767d9ff84,"(3.1, 0.0, -4.9)",walkIfCan,Mike_2 Root,
S_A_L_T_WALKED,145826,11/30/2022 10:51:36 AM,e22dd04d-febb-4e7a-a1b4-e0b767d9ff84,"(3.1, 0.0, -4.9)",walked,Mike_2 Root,
S_A_L_T_WALK_IF_CAN,145844,11/30/2022 10:51:36 AM,e22dd04d-febb-4e7a-a1b4-e0b767d9ff84,"(3.1, 0.0, -4.9)",walkIfCan,Mike_2 Root,
S_A_L_T_WALKED,145844,11/30/2022 10:51:36 AM,e22dd04d-febb-4e7a-a1b4-e0b767d9ff84,"(3.1, 0.0, -4.9)",walked,Mike_2 Root,
S_A_L_T_WALK_IF_CAN,145859,11/30/2022 10:51:36 AM,e22dd04d-febb-4e7a-a1b4-e0b767d9ff84,"(3.1, 0.0, -4.9)",walkIfCan,Mike_2 Root,
S_A_L_T_WALKED,145859,11/30/2022 10:51:36 AM,e22dd04d-febb-4e7a-a1b4-e0b767d9ff84,"(3.1, 0.0, -4.9)",walked,Mike_2 Root,
S_A_L_T_WALK_IF_CAN,145878,11/30/2022 10:51:36 AM,e22dd04d-febb-4e7a-a1b4-e0b767d9ff84,"(3.1, 0.0, -4.9)",walkIfCan,Mike_2 Root,
S_A_L_T_WALKED,145878,11/30/2022 10:51:36 AM,e22dd04d-febb-4e7a-a1b4-e0b767d9ff84,"(3.1, 0.0, -4.9)",walked,Mike_2 Root,
S_A_L_T_WALK_IF_CAN,145892,11/30/2022 10:51:36 AM,e22dd04d-febb-4e7a-a1b4-e0b767d9ff84,"(3.1, 0.0, -4.9)",walkIfCan,Mike_2 Root,
S_A_L_T_WALKED,145892,11/30/2022 10:51:36 AM,e22dd04d-febb-4e7a-a1b4-e0b767d9ff84,"(3.1, 0.0, -4.9)",walked,Mike_2 Root,
S_A_L_T_WALK_IF_CAN,145909,11/30/2022 10:51:36 AM,e22dd04d-febb-4e7a-a1b4-e0b767d9ff84,"(3.1, 0.0, -4.9)",walkIfCan,Mike_2 Root,
S_A_L_T_WALKED,145909,11/30/2022 10:51:36 AM,e22dd04d-febb-4e7a-a1b4-e0b767d9ff84,"(3.1, 0.0, -4.9)",walked,Mike_2 Root,
S_A_L_T_WALK_IF_CAN,145926,11/30/2022 10:51:36 AM,e22dd04d-febb-4e7a-a1b4-e0b767d9ff84,"(3.1, 0.0, -4.9)",walkIfCan,Mike_2 Root,
S_A_L_T_WALKED,145926,11/30/2022 10:51:36 AM,e22dd04d-febb-4e7a-a1b4-e0b767d9ff84,"(3.1, 0.0, -4.9)",walked,Mike_2 Root,
S_A_L_T_WALK_IF_CAN,145942,11/30/2022 10:51:36 AM,e22dd04d-febb-4e7a-a1b4-e0b767d9ff84,"(3.1, 0.0, -5.0)",walkIfCan,Mike_2 Root,
S_A_L_T_WALKED,145942,11/30/2022 10:51:36 AM,e22dd04d-febb-4e7a-a1b4-e0b767d9ff84,"(3.1, 0.0, -5.0)",walked,Mike_2 Root,
S_A_L_T_WALK_IF_CAN,145961,11/30/2022 10:51:36 AM,e22dd04d-febb-4e7a-a1b4-e0b767d9ff84,"(3.1, 0.0, -5.0)",walkIfCan,Mike_2 Root,
S_A_L_T_WALKED,145961,11/30/2022 10:51:36 AM,e22dd04d-febb-4e7a-a1b4-e0b767d9ff84,"(3.1, 0.0, -5.0)",walked,Mike_2 Root,
S_A_L_T_WALK_IF_CAN,145976,11/30/2022 10:51:36 AM,e22dd04d-febb-4e7a-a1b4-e0b767d9ff84,"(3.1, 0.0, -5.0)",walkIfCan,Mike_2 Root,
S_A_L_T_WALKED,145976,11/30/2022 10:51:36 AM,e22dd04d-febb-4e7a-a1b4-e0b767d9ff84,"(3.1, 0.0, -5.0)",walked,Mike_2 Root,
S_A_L_T_WALK_IF_CAN,145994,11/30/2022 10:51:36 AM,e22dd04d-febb-4e7a-a1b4-e0b767d9ff84,"(3.1, 0.0, -5.0)",walkIfCan,Mike_2 Root,
S_A_L_T_WALKED,145994,11/30/2022 10:51:36 AM,e22dd04d-febb-4e7a-a1b4-e0b767d9ff84,"(3.1, 0.0, -5.0)",walked,Mike_2 Root,
S_A_L_T_WALK_IF_CAN,146010,11/30/2022 10:51:36 AM,e22dd04d-febb-4e7a-a1b4-e0b767d9ff84,"(3.1, 0.0, -5.0)",walkIfCan,Mike_2 Root,
S_A_L_T_WALKED,146010,11/30/2022 10:51:36 AM,e22dd04d-febb-4e7a-a1b4-e0b767d9ff84,"(3.1, 0.0, -5.0)",walked,Mike_2 Root,
S_A_L_T_WALK_IF_CAN,146026,11/30/2022 10:51:36 AM,e22dd04d-febb-4e7a-a1b4-e0b767d9ff84,"(3.1, 0.0, -5.0)",walkIfCan,Mike_2 Root,
S_A_L_T_WALKED,146026,11/30/2022 10:51:36 AM,e22dd04d-febb-4e7a-a1b4-e0b767d9ff84,"(3.1, 0.0, -5.0)",walked,Mike_2 Root,
S_A_L_T_WALK_IF_CAN,146044,11/30/2022 10:51:36 AM,e22dd04d-febb-4e7a-a1b4-e0b767d9ff84,"(3.1, 0.0, -5.0)",walkIfCan,Mike_2 Root,
S_A_L_T_WALKED,146044,11/30/2022 10:51:36 AM,e22dd04d-febb-4e7a-a1b4-e0b767d9ff84,"(3.1, 0.0, -5.0)",walked,Mike_2 Root,
S_A_L_T_WALK_IF_CAN,146060,11/30/2022 10:51:36 AM,e22dd04d-febb-4e7a-a1b4-e0b767d9ff84,"(3.1, 0.0, -5.0)",walkIfCan,Mike_2 Root,
S_A_L_T_WALKED,146060,11/30/2022 10:51:36 AM,e22dd04d-febb-4e7a-a1b4-e0b767d9ff84,"(3.1, 0.0, -5.0)",walked,Mike_2 Root,
S_A_L_T_WALK_IF_CAN,146077,11/30/2022 10:51:36 AM,e22dd04d-febb-4e7a-a1b4-e0b767d9ff84,"(3.1, 0.0, -5.0)",walkIfCan,Mike_2 Root,
S_A_L_T_WALKED,146077,11/30/2022 10:51:36 AM,e22dd04d-febb-4e7a-a1b4-e0b767d9ff84,"(3.1, 0.0, -5.0)",walked,Mike_2 Root,
S_A_L_T_WALK_IF_CAN,146093,11/30/2022 10:51:36 AM,e22dd04d-febb-4e7a-a1b4-e0b767d9ff84,"(3.1, 0.0, -5.0)",walkIfCan,Mike_2 Root,
S_A_L_T_WALKED,146093,11/30/2022 10:51:36 AM,e22dd04d-febb-4e7a-a1b4-e0b767d9ff84,"(3.1, 0.0, -5.0)",walked,Mike_2 Root,
S_A_L_T_WALK_IF_CAN,146111,11/30/2022 10:51:36 AM,e22dd04d-febb-4e7a-a1b4-e0b767d9ff84,"(3.1, 0.0, -5.0)",walkIfCan,Mike_2 Root,
S_A_L_T_WALKED,146111,11/30/2022 10:51:36 AM,e22dd04d-febb-4e7a-a1b4-e0b767d9ff84,"(3.1, 0.0, -5.0)",walked,Mike_2 Root,
S_A_L_T_WALK_IF_CAN,146127,11/30/2022 10:51:36 AM,e22dd04d-febb-4e7a-a1b4-e0b767d9ff84,"(3.1, 0.0, -5.0)",walkIfCan,Mike_2 Root,
S_A_L_T_WALKED,146127,11/30/2022 10:51:36 AM,e22dd04d-febb-4e7a-a1b4-e0b767d9ff84,"(3.1, 0.0, -5.0)",walked,Mike_2 Root,
S_A_L_T_WALK_IF_CAN,146144,11/30/2022 10:51:36 AM,e22dd04d-febb-4e7a-a1b4-e0b767d9ff84,"(3.1, 0.0, -5.0)",walkIfCan,Mike_2 Root,
S_A_L_T_WALKED,146144,11/30/2022 10:51:36 AM,e22dd04d-febb-4e7a-a1b4-e0b767d9ff84,"(3.1, 0.0, -5.0)",walked,Mike_2 Root,
S_A_L_T_WALK_IF_CAN,146159,11/30/2022 10:51:36 AM,e22dd04d-febb-4e7a-a1b4-e0b767d9ff84,"(3.1, 0.0, -5.0)",walkIfCan,Mike_2 Root,
S_A_L_T_WALKED,146159,11/30/2022 10:51:36 AM,e22dd04d-febb-4e7a-a1b4-e0b767d9ff84,"(3.1, 0.0, -5.0)",walked,Mike_2 Root,
S_A_L_T_WALK_IF_CAN,146176,11/30/2022 10:51:36 AM,e22dd04d-febb-4e7a-a1b4-e0b767d9ff84,"(3.1, 0.0, -5.0)",walkIfCan,Mike_2 Root,
S_A_L_T_WALKED,146176,11/30/2022 10:51:36 AM,e22dd04d-febb-4e7a-a1b4-e0b767d9ff84,"(3.1, 0.0, -5.0)",walked,Mike_2 Root,
S_A_L_T_WALK_IF_CAN,146193,11/30/2022 10:51:36 AM,e22dd04d-febb-4e7a-a1b4-e0b767d9ff84,"(3.1, 0.0, -5.0)",walkIfCan,Mike_2 Root,
S_A_L_T_WALKED,146193,11/30/2022 10:51:36 AM,e22dd04d-febb-4e7a-a1b4-e0b767d9ff84,"(3.1, 0.0, -5.0)",walked,Mike_2 Root,
S_A_L_T_WALK_IF_CAN,146210,11/30/2022 10:51:36 AM,e22dd04d-febb-4e7a-a1b4-e0b767d9ff84,"(3.1, 0.0, -5.0)",walkIfCan,Mike_2 Root,
S_A_L_T_WALKED,146210,11/30/2022 10:51:36 AM,e22dd04d-febb-4e7a-a1b4-e0b767d9ff84,"(3.1, 0.0, -5.0)",walked,Mike_2 Root,
S_A_L_T_WALK_IF_CAN,146226,11/30/2022 10:51:36 AM,e22dd04d-febb-4e7a-a1b4-e0b767d9ff84,"(3.1, 0.0, -5.0)",walkIfCan,Mike_2 Root,
S_A_L_T_WALKED,146226,11/30/2022 10:51:36 AM,e22dd04d-febb-4e7a-a1b4-e0b767d9ff84,"(3.1, 0.0, -5.0)",walked,Mike_2 Root,
S_A_L_T_WALK_IF_CAN,146244,11/30/2022 10:51:36 AM,e22dd04d-febb-4e7a-a1b4-e0b767d9ff84,"(3.1, 0.0, -5.0)",walkIfCan,Mike_2 Root,
S_A_L_T_WALKED,146244,11/30/2022 10:51:36 AM,e22dd04d-febb-4e7a-a1b4-e0b767d9ff84,"(3.1, 0.0, -5.0)",walked,Mike_2 Root,
S_A_L_T_WALK_IF_CAN,146260,11/30/2022 10:51:36 AM,e22dd04d-febb-4e7a-a1b4-e0b767d9ff84,"(3.1, 0.0, -5.0)",walkIfCan,Mike_2 Root,
S_A_L_T_WALKED,146260,11/30/2022 10:51:36 AM,e22dd04d-febb-4e7a-a1b4-e0b767d9ff84,"(3.1, 0.0, -5.0)",walked,Mike_2 Root,
S_A_L_T_WALK_IF_CAN,146278,11/30/2022 10:51:36 AM,e22dd04d-febb-4e7a-a1b4-e0b767d9ff84,"(3.1, 0.0, -5.0)",walkIfCan,Mike_2 Root,
S_A_L_T_WALKED,146278,11/30/2022 10:51:36 AM,e22dd04d-febb-4e7a-a1b4-e0b767d9ff84,"(3.1, 0.0, -5.0)",walked,Mike_2 Root,
S_A_L_T_WALK_IF_CAN,146294,11/30/2022 10:51:36 AM,e22dd04d-febb-4e7a-a1b4-e0b767d9ff84,"(3.1, 0.0, -5.0)",walkIfCan,Mike_2 Root,
S_A_L_T_WALKED,146294,11/30/2022 10:51:36 AM,e22dd04d-febb-4e7a-a1b4-e0b767d9ff84,"(3.1, 0.0, -5.0)",walked,Mike_2 Root,
S_A_L_T_WALK_IF_CAN,146311,11/30/2022 10:51:36 AM,e22dd04d-febb-4e7a-a1b4-e0b767d9ff84,"(3.1, 0.0, -5.0)",walkIfCan,Mike_2 Root,
S_A_L_T_WALKED,146311,11/30/2022 10:51:36 AM,e22dd04d-febb-4e7a-a1b4-e0b767d9ff84,"(3.1, 0.0, -5.0)",walked,Mike_2 Root,
S_A_L_T_WALK_IF_CAN,146327,11/30/2022 10:51:36 AM,e22dd04d-febb-4e7a-a1b4-e0b767d9ff84,"(3.1, 0.0, -5.0)",walkIfCan,Mike_2 Root,
S_A_L_T_WALKED,146327,11/30/2022 10:51:36 AM,e22dd04d-febb-4e7a-a1b4-e0b767d9ff84,"(3.1, 0.0, -5.0)",walked,Mike_2 Root,
S_A_L_T_WALK_IF_CAN,146343,11/30/2022 10:51:36 AM,e22dd04d-febb-4e7a-a1b4-e0b767d9ff84,"(3.1, 0.0, -5.0)",walkIfCan,Mike_2 Root,
S_A_L_T_WALKED,146343,11/30/2022 10:51:36 AM,e22dd04d-febb-4e7a-a1b4-e0b767d9ff84,"(3.1, 0.0, -5.0)",walked,Mike_2 Root,
S_A_L_T_WALK_IF_CAN,146360,11/30/2022 10:51:36 AM,e22dd04d-febb-4e7a-a1b4-e0b767d9ff84,"(3.1, 0.0, -5.0)",walkIfCan,Mike_2 Root,
S_A_L_T_WALKED,146360,11/30/2022 10:51:36 AM,e22dd04d-febb-4e7a-a1b4-e0b767d9ff84,"(3.1, 0.0, -5.0)",walked,Mike_2 Root,
S_A_L_T_WALK_IF_CAN,146377,11/30/2022 10:51:36 AM,e22dd04d-febb-4e7a-a1b4-e0b767d9ff84,"(3.1, 0.0, -5.0)",walkIfCan,Mike_2 Root,
S_A_L_T_WALKED,146377,11/30/2022 10:51:36 AM,e22dd04d-febb-4e7a-a1b4-e0b767d9ff84,"(3.1, 0.0, -5.0)",walked,Mike_2 Root,
S_A_L_T_WALK_IF_CAN,146394,11/30/2022 10:51:36 AM,e22dd04d-febb-4e7a-a1b4-e0b767d9ff84,"(3.1, 0.0, -5.0)",walkIfCan,Mike_2 Root,
S_A_L_T_WALKED,146394,11/30/2022 10:51:36 AM,e22dd04d-febb-4e7a-a1b4-e0b767d9ff84,"(3.1, 0.0, -5.0)",walked,Mike_2 Root,
S_A_L_T_WALK_IF_CAN,146411,11/30/2022 10:51:36 AM,e22dd04d-febb-4e7a-a1b4-e0b767d9ff84,"(3.1, 0.0, -5.0)",walkIfCan,Mike_2 Root,
S_A_L_T_WALKED,146411,11/30/2022 10:51:36 AM,e22dd04d-febb-4e7a-a1b4-e0b767d9ff84,"(3.1, 0.0, -5.0)",walked,Mike_2 Root,
S_A_L_T_WALK_IF_CAN,146428,11/30/2022 10:51:36 AM,e22dd04d-febb-4e7a-a1b4-e0b767d9ff84,"(3.1, 0.0, -5.0)",walkIfCan,Mike_2 Root,
S_A_L_T_WALKED,146428,11/30/2022 10:51:36 AM,e22dd04d-febb-4e7a-a1b4-e0b767d9ff84,"(3.1, 0.0, -5.0)",walked,Mike_2 Root,
S_A_L_T_WALK_IF_CAN,146445,11/30/2022 10:51:36 AM,e22dd04d-febb-4e7a-a1b4-e0b767d9ff84,"(3.1, 0.0, -5.0)",walkIfCan,Mike_2 Root,
S_A_L_T_WALKED,146445,11/30/2022 10:51:36 AM,e22dd04d-febb-4e7a-a1b4-e0b767d9ff84,"(3.1, 0.0, -5.0)",walked,Mike_2 Root,
S_A_L_T_WALK_IF_CAN,146461,11/30/2022 10:51:36 AM,e22dd04d-febb-4e7a-a1b4-e0b767d9ff84,"(3.1, 0.0, -5.0)",walkIfCan,Mike_2 Root,
S_A_L_T_WALKED,146461,11/30/2022 10:51:36 AM,e22dd04d-febb-4e7a-a1b4-e0b767d9ff84,"(3.1, 0.0, -5.0)",walked,Mike_2 Root,
S_A_L_T_WALK_IF_CAN,146478,11/30/2022 10:51:36 AM,e22dd04d-febb-4e7a-a1b4-e0b767d9ff84,"(3.1, 0.0, -5.0)",walkIfCan,Mike_2 Root,
S_A_L_T_WALKED,146478,11/30/2022 10:51:36 AM,e22dd04d-febb-4e7a-a1b4-e0b767d9ff84,"(3.1, 0.0, -5.0)",walked,Mike_2 Root,
S_A_L_T_WALK_IF_CAN,146495,11/30/2022 10:51:37 AM,e22dd04d-febb-4e7a-a1b4-e0b767d9ff84,"(3.1, 0.0, -5.0)",walkIfCan,Mike_2 Root,
S_A_L_T_WALKED,146495,11/30/2022 10:51:37 AM,e22dd04d-febb-4e7a-a1b4-e0b767d9ff84,"(3.1, 0.0, -5.0)",walked,Mike_2 Root,
S_A_L_T_WALK_IF_CAN,146510,11/30/2022 10:51:37 AM,e22dd04d-febb-4e7a-a1b4-e0b767d9ff84,"(3.1, 0.0, -5.0)",walkIfCan,Mike_2 Root,
S_A_L_T_WALKED,146511,11/30/2022 10:51:37 AM,e22dd04d-febb-4e7a-a1b4-e0b767d9ff84,"(3.1, 0.0, -5.0)",walked,Mike_2 Root,
S_A_L_T_WALK_IF_CAN,146528,11/30/2022 10:51:37 AM,e22dd04d-febb-4e7a-a1b4-e0b767d9ff84,"(3.1, 0.0, -5.0)",walkIfCan,Mike_2 Root,
S_A_L_T_WALKED,146528,11/30/2022 10:51:37 AM,e22dd04d-febb-4e7a-a1b4-e0b767d9ff84,"(3.1, 0.0, -5.0)",walked,Mike_2 Root,
S_A_L_T_WALK_IF_CAN,146544,11/30/2022 10:51:37 AM,e22dd04d-febb-4e7a-a1b4-e0b767d9ff84,"(3.1, 0.0, -5.0)",walkIfCan,Mike_2 Root,
S_A_L_T_WALKED,146544,11/30/2022 10:51:37 AM,e22dd04d-febb-4e7a-a1b4-e0b767d9ff84,"(3.1, 0.0, -5.0)",walked,Mike_2 Root,
S_A_L_T_WALK_IF_CAN,146561,11/30/2022 10:51:37 AM,e22dd04d-febb-4e7a-a1b4-e0b767d9ff84,"(3.1, 0.0, -5.0)",walkIfCan,Mike_2 Root,
S_A_L_T_WALKED,146561,11/30/2022 10:51:37 AM,e22dd04d-febb-4e7a-a1b4-e0b767d9ff84,"(3.1, 0.0, -5.0)",walked,Mike_2 Root,
S_A_L_T_WALK_IF_CAN,146577,11/30/2022 10:51:37 AM,e22dd04d-febb-4e7a-a1b4-e0b767d9ff84,"(3.1, 0.0, -5.0)",walkIfCan,Mike_2 Root,
S_A_L_T_WALKED,146577,11/30/2022 10:51:37 AM,e22dd04d-febb-4e7a-a1b4-e0b767d9ff84,"(3.1, 0.0, -5.0)",walked,Mike_2 Root,
S_A_L_T_WALK_IF_CAN,146597,11/30/2022 10:51:37 AM,e22dd04d-febb-4e7a-a1b4-e0b767d9ff84,"(3.1, 0.0, -5.0)",walkIfCan,Mike_2 Root,
S_A_L_T_WALKED,146597,11/30/2022 10:51:37 AM,e22dd04d-febb-4e7a-a1b4-e0b767d9ff84,"(3.1, 0.0, -5.0)",walked,Mike_2 Root,
S_A_L_T_WALK_IF_CAN,146610,11/30/2022 10:51:37 AM,e22dd04d-febb-4e7a-a1b4-e0b767d9ff84,"(3.1, 0.0, -5.0)",walkIfCan,Mike_2 Root,
S_A_L_T_WALKED,146610,11/30/2022 10:51:37 AM,e22dd04d-febb-4e7a-a1b4-e0b767d9ff84,"(3.1, 0.0, -5.0)",walked,Mike_2 Root,
S_A_L_T_WALK_IF_CAN,146629,11/30/2022 10:51:37 AM,e22dd04d-febb-4e7a-a1b4-e0b767d9ff84,"(3.1, 0.0, -5.0)",walkIfCan,Mike_2 Root,
S_A_L_T_WALKED,146629,11/30/2022 10:51:37 AM,e22dd04d-febb-4e7a-a1b4-e0b767d9ff84,"(3.1, 0.0, -5.0)",walked,Mike_2 Root,
VOICE_CAPTURE,150603,11/30/2022 10:51:41 AM,e22dd04d-febb-4e7a-a1b4-e0b767d9ff84,hey if you're walking just keep going that way they're they're all getting up alright gotcha,NA,
VOICE_COMMAND,150603,11/30/2022 10:51:41 AM,e22dd04d-febb-4e7a-a1b4-e0b767d9ff84,walk to the safe area,hey if you're walking just keep going that way they're they're all getting up alright gotcha,
S_A_L_T_WALK_IF_CAN,150604,11/30/2022 10:51:41 AM,e22dd04d-febb-4e7a-a1b4-e0b767d9ff84,"(4.5, 0.0, -4.7)",walkIfCan,Mike_0 Root,
S_A_L_T_WALKED,150604,11/30/2022 10:51:41 AM,e22dd04d-febb-4e7a-a1b4-e0b767d9ff84,"(4.5, 0.0, -4.7)",walked,Mike_0 Root,
S_A_L_T_WALK_IF_CAN,150604,11/30/2022 10:51:41 AM,e22dd04d-febb-4e7a-a1b4-e0b767d9ff84,"(2.9, 0.0, 0.1)",walkIfCan,Mike_1 Root,
VOICE_CAPTURE,153669,11/30/2022 10:51:44 AM,e22dd04d-febb-4e7a-a1b4-e0b767d9ff84,like a white a white bag,NA,
BAG_ACCESS,154924,11/30/2022 10:51:45 AM,e22dd04d-febb-4e7a-a1b4-e0b767d9ff84,"(2.3, 0.7, -2.3)",
TAG_SELECTED,158450,11/30/2022 10:51:48 AM,e22dd04d-febb-4e7a-a1b4-e0b767d9ff84,red,
VOICE_CAPTURE,159399,11/30/2022 10:51:49 AM,e22dd04d-febb-4e7a-a1b4-e0b767d9ff84,and then that opens it up,NA,
TAG_DISCARDED,159636,11/30/2022 10:51:50 AM,e22dd04d-febb-4e7a-a1b4-e0b767d9ff84,red,"(2.3, 1.0, -2.3)",
TAG_SELECTED,161471,11/30/2022 10:51:51 AM,e22dd04d-febb-4e7a-a1b4-e0b767d9ff84,red,
VOICE_CAPTURE,162475,11/30/2022 10:51:52 AM,e22dd04d-febb-4e7a-a1b4-e0b767d9ff84,like the whole,NA,
VOICE_CAPTURE,163160,11/30/2022 10:51:53 AM,e22dd04d-febb-4e7a-a1b4-e0b767d9ff84,black,NA,
TAG_DISCARDED,163160,11/30/2022 10:51:53 AM,e22dd04d-febb-4e7a-a1b4-e0b767d9ff84,red,"(2.3, 1.1, -2.2)",
TAG_SELECTED,165582,11/30/2022 10:51:56 AM,e22dd04d-febb-4e7a-a1b4-e0b767d9ff84,red,
TAG_DISCARDED,165689,11/30/2022 10:51:56 AM,e22dd04d-febb-4e7a-a1b4-e0b767d9ff84,red,"(2.3, 0.9, -2.5)",
TAG_SELECTED,165875,11/30/2022 10:51:56 AM,e22dd04d-febb-4e7a-a1b4-e0b767d9ff84,red,
TAG_DISCARDED,167077,11/30/2022 10:51:57 AM,e22dd04d-febb-4e7a-a1b4-e0b767d9ff84,red,"(2.4, 1.2, -2.2)",
VOICE_CAPTURE,167193,11/30/2022 10:51:57 AM,e22dd04d-febb-4e7a-a1b4-e0b767d9ff84,oh gotcha,NA,
VOICE_CAPTURE,175530,11/30/2022 10:52:06 AM,e22dd04d-febb-4e7a-a1b4-e0b767d9ff84,what am i doing here so you're grabbing tags if you grab that there we go,NA,
VOICE_CAPTURE,183635,11/30/2022 10:52:14 AM,e22dd04d-febb-4e7a-a1b4-e0b767d9ff84,go through your equipment at the top you get a normal like face bandage yeah,NA,
VOICE_CAPTURE,185405,11/30/2022 10:52:15 AM,e22dd04d-febb-4e7a-a1b4-e0b767d9ff84,yeah,NA,
TOOL_HOVER,185974,11/30/2022 10:52:16 AM,e22dd04d-febb-4e7a-a1b4-e0b767d9ff84,Tourniquet,999,
TOOL_HOVER,185994,11/30/2022 10:52:16 AM,e22dd04d-febb-4e7a-a1b4-e0b767d9ff84,Tourniquet,999,
TOOL_HOVER,186007,11/30/2022 10:52:16 AM,e22dd04d-febb-4e7a-a1b4-e0b767d9ff84,Tourniquet,999,
TOOL_HOVER,186023,11/30/2022 10:52:16 AM,e22dd04d-febb-4e7a-a1b4-e0b767d9ff84,Tourniquet,999,
TOOL_HOVER,186040,11/30/2022 10:52:16 AM,e22dd04d-febb-4e7a-a1b4-e0b767d9ff84,Tourniquet,999,
TOOL_HOVER,186056,11/30/2022 10:52:16 AM,e22dd04d-febb-4e7a-a1b4-e0b767d9ff84,Tourniquet,999,
TOOL_HOVER,186073,11/30/2022 10:52:16 AM,e22dd04d-febb-4e7a-a1b4-e0b767d9ff84,Tourniquet,999,
TOOL_HOVER,186090,11/30/2022 10:52:16 AM,e22dd04d-febb-4e7a-a1b4-e0b767d9ff84,Tourniquet,999,
TOOL_HOVER,186107,11/30/2022 10:52:16 AM,e22dd04d-febb-4e7a-a1b4-e0b767d9ff84,Tourniquet,999,
TOOL_HOVER,186123,11/30/2022 10:52:16 AM,e22dd04d-febb-4e7a-a1b4-e0b767d9ff84,Tourniquet,999,
TOOL_HOVER,186140,11/30/2022 10:52:16 AM,e22dd04d-febb-4e7a-a1b4-e0b767d9ff84,Tourniquet,999,
TOOL_HOVER,186158,11/30/2022 10:52:16 AM,e22dd04d-febb-4e7a-a1b4-e0b767d9ff84,Tourniquet,999,
TOOL_HOVER,186173,11/30/2022 10:52:16 AM,e22dd04d-febb-4e7a-a1b4-e0b767d9ff84,Tourniquet,999,
TOOL_HOVER,186193,11/30/2022 10:52:16 AM,e22dd04d-febb-4e7a-a1b4-e0b767d9ff84,Tourniquet,999,
TOOL_HOVER,186207,11/30/2022 10:52:16 AM,e22dd04d-febb-4e7a-a1b4-e0b767d9ff84,Tourniquet,999,
TOOL_HOVER,186223,11/30/2022 10:52:16 AM,e22dd04d-febb-4e7a-a1b4-e0b767d9ff84,Tourniquet,999,
TOOL_HOVER,186240,11/30/2022 10:52:16 AM,e22dd04d-febb-4e7a-a1b4-e0b767d9ff84,Tourniquet,999,
TOOL_HOVER,186258,11/30/2022 10:52:16 AM,e22dd04d-febb-4e7a-a1b4-e0b767d9ff84,Tourniquet,999,
TOOL_HOVER,186273,11/30/2022 10:52:16 AM,e22dd04d-febb-4e7a-a1b4-e0b767d9ff84,Tourniquet,999,
TOOL_HOVER,186291,11/30/2022 10:52:16 AM,e22dd04d-febb-4e7a-a1b4-e0b767d9ff84,Tourniquet,999,
TOOL_HOVER,186308,11/30/2022 10:52:16 AM,e22dd04d-febb-4e7a-a1b4-e0b767d9ff84,Tourniquet,999,
TOOL_HOVER,186324,11/30/2022 10:52:16 AM,e22dd04d-febb-4e7a-a1b4-e0b767d9ff84,Tourniquet,999,
TOOL_HOVER,186341,11/30/2022 10:52:16 AM,e22dd04d-febb-4e7a-a1b4-e0b767d9ff84,Tourniquet,999,
TOOL_HOVER,186357,11/30/2022 10:52:16 AM,e22dd04d-febb-4e7a-a1b4-e0b767d9ff84,Tourniquet,999,
TOOL_HOVER,186375,11/30/2022 10:52:16 AM,e22dd04d-febb-4e7a-a1b4-e0b767d9ff84,Tourniquet,999,
TOOL_HOVER,186391,11/30/2022 10:52:16 AM,e22dd04d-febb-4e7a-a1b4-e0b767d9ff84,Tourniquet,999,
TOOL_HOVER,186408,11/30/2022 10:52:16 AM,e22dd04d-febb-4e7a-a1b4-e0b767d9ff84,Tourniquet,999,
TOOL_HOVER,186424,11/30/2022 10:52:16 AM,e22dd04d-febb-4e7a-a1b4-e0b767d9ff84,Tourniquet,999,
TOOL_HOVER,186440,11/30/2022 10:52:16 AM,e22dd04d-febb-4e7a-a1b4-e0b767d9ff84,Tourniquet,999,
TOOL_HOVER,186458,11/30/2022 10:52:16 AM,e22dd04d-febb-4e7a-a1b4-e0b767d9ff84,Tourniquet,999,
TOOL_HOVER,186474,11/30/2022 10:52:16 AM,e22dd04d-febb-4e7a-a1b4-e0b767d9ff84,Tourniquet,999,
TOOL_HOVER,186492,11/30/2022 10:52:17 AM,e22dd04d-febb-4e7a-a1b4-e0b767d9ff84,Tourniquet,999,
TOOL_HOVER,186507,11/30/2022 10:52:17 AM,e22dd04d-febb-4e7a-a1b4-e0b767d9ff84,Tourniquet,999,
TOOL_HOVER,186525,11/30/2022 10:52:17 AM,e22dd04d-febb-4e7a-a1b4-e0b767d9ff84,Tourniquet,999,
TOOL_HOVER,186541,11/30/2022 10:52:17 AM,e22dd04d-febb-4e7a-a1b4-e0b767d9ff84,Tourniquet,999,
TOOL_HOVER,186557,11/30/2022 10:52:17 AM,e22dd04d-febb-4e7a-a1b4-e0b767d9ff84,Tourniquet,999,
TOOL_HOVER,186575,11/30/2022 10:52:17 AM,e22dd04d-febb-4e7a-a1b4-e0b767d9ff84,Tourniquet,999,
TOOL_HOVER,186591,11/30/2022 10:52:17 AM,e22dd04d-febb-4e7a-a1b4-e0b767d9ff84,Tourniquet,999,
TOOL_HOVER,186608,11/30/2022 10:52:17 AM,e22dd04d-febb-4e7a-a1b4-e0b767d9ff84,Tourniquet,999,
TOOL_HOVER,186625,11/30/2022 10:52:17 AM,e22dd04d-febb-4e7a-a1b4-e0b767d9ff84,Tourniquet,999,
TOOL_HOVER,186641,11/30/2022 10:52:17 AM,e22dd04d-febb-4e7a-a1b4-e0b767d9ff84,Tourniquet,999,
TOOL_HOVER,186659,11/30/2022 10:52:17 AM,e22dd04d-febb-4e7a-a1b4-e0b767d9ff84,Tourniquet,999,
TOOL_HOVER,186677,11/30/2022 10:52:17 AM,e22dd04d-febb-4e7a-a1b4-e0b767d9ff84,Tourniquet,999,
TOOL_HOVER,186691,11/30/2022 10:52:17 AM,e22dd04d-febb-4e7a-a1b4-e0b767d9ff84,Tourniquet,999,
TOOL_HOVER,186708,11/30/2022 10:52:17 AM,e22dd04d-febb-4e7a-a1b4-e0b767d9ff84,Tourniquet,999,
TOOL_HOVER,186725,11/30/2022 10:52:17 AM,e22dd04d-febb-4e7a-a1b4-e0b767d9ff84,Tourniquet,999,
TOOL_HOVER,186742,11/30/2022 10:52:17 AM,e22dd04d-febb-4e7a-a1b4-e0b767d9ff84,Tourniquet,999,
TOOL_HOVER,186758,11/30/2022 10:52:17 AM,e22dd04d-febb-4e7a-a1b4-e0b767d9ff84,Tourniquet,999,
TOOL_HOVER,186775,11/30/2022 10:52:17 AM,e22dd04d-febb-4e7a-a1b4-e0b767d9ff84,Tourniquet,999,
TOOL_HOVER,186792,11/30/2022 10:52:17 AM,e22dd04d-febb-4e7a-a1b4-e0b767d9ff84,Tourniquet,999,
TOOL_HOVER,186809,11/30/2022 10:52:17 AM,e22dd04d-febb-4e7a-a1b4-e0b767d9ff84,Tourniquet,999,
TOOL_HOVER,186826,11/30/2022 10:52:17 AM,e22dd04d-febb-4e7a-a1b4-e0b767d9ff84,Tourniquet,999,
TOOL_HOVER,186842,11/30/2022 10:52:17 AM,e22dd04d-febb-4e7a-a1b4-e0b767d9ff84,Tourniquet,999,
TOOL_HOVER,186857,11/30/2022 10:52:17 AM,e22dd04d-febb-4e7a-a1b4-e0b767d9ff84,Tourniquet,999,
TOOL_HOVER,186876,11/30/2022 10:52:17 AM,e22dd04d-febb-4e7a-a1b4-e0b767d9ff84,Tourniquet,999,
TOOL_HOVER,186893,11/30/2022 10:52:17 AM,e22dd04d-febb-4e7a-a1b4-e0b767d9ff84,Tourniquet,999,
TOOL_HOVER,186909,11/30/2022 10:52:17 AM,e22dd04d-febb-4e7a-a1b4-e0b767d9ff84,Tourniquet,999,
TOOL_HOVER,186925,11/30/2022 10:52:17 AM,e22dd04d-febb-4e7a-a1b4-e0b767d9ff84,Tourniquet,999,
TOOL_HOVER,186943,11/30/2022 10:52:17 AM,e22dd04d-febb-4e7a-a1b4-e0b767d9ff84,Tourniquet,999,
TOOL_HOVER,186958,11/30/2022 10:52:17 AM,e22dd04d-febb-4e7a-a1b4-e0b767d9ff84,Tourniquet,999,
TOOL_HOVER,186975,11/30/2022 10:52:17 AM,e22dd04d-febb-4e7a-a1b4-e0b767d9ff84,Tourniquet,999,
TOOL_HOVER,186992,11/30/2022 10:52:17 AM,e22dd04d-febb-4e7a-a1b4-e0b767d9ff84,Tourniquet,999,
TOOL_HOVER,187008,11/30/2022 10:52:17 AM,e22dd04d-febb-4e7a-a1b4-e0b767d9ff84,Tourniquet,999,
TOOL_HOVER,187025,11/30/2022 10:52:17 AM,e22dd04d-febb-4e7a-a1b4-e0b767d9ff84,Tourniquet,999,
TOOL_HOVER,187043,11/30/2022 10:52:17 AM,e22dd04d-febb-4e7a-a1b4-e0b767d9ff84,Tourniquet,999,
TOOL_HOVER,187058,11/30/2022 10:52:17 AM,e22dd04d-febb-4e7a-a1b4-e0b767d9ff84,Tourniquet,999,
TOOL_HOVER,187076,11/30/2022 10:52:17 AM,e22dd04d-febb-4e7a-a1b4-e0b767d9ff84,Tourniquet,999,
TOOL_HOVER,187092,11/30/2022 10:52:17 AM,e22dd04d-febb-4e7a-a1b4-e0b767d9ff84,Tourniquet,999,
TOOL_HOVER,187108,11/30/2022 10:52:17 AM,e22dd04d-febb-4e7a-a1b4-e0b767d9ff84,Tourniquet,999,
TOOL_HOVER,187126,11/30/2022 10:52:17 AM,e22dd04d-febb-4e7a-a1b4-e0b767d9ff84,Tourniquet,999,
TOOL_HOVER,187142,11/30/2022 10:52:17 AM,e22dd04d-febb-4e7a-a1b4-e0b767d9ff84,Tourniquet,999,
TOOL_HOVER,187160,11/30/2022 10:52:17 AM,e22dd04d-febb-4e7a-a1b4-e0b767d9ff84,Tourniquet,999,
TOOL_HOVER,187175,11/30/2022 10:52:17 AM,e22dd04d-febb-4e7a-a1b4-e0b767d9ff84,Tourniquet,999,
TOOL_HOVER,187192,11/30/2022 10:52:17 AM,e22dd04d-febb-4e7a-a1b4-e0b767d9ff84,Tourniquet,999,
TOOL_HOVER,187209,11/30/2022 10:52:17 AM,e22dd04d-febb-4e7a-a1b4-e0b767d9ff84,Tourniquet,999,
TOOL_HOVER,187226,11/30/2022 10:52:17 AM,e22dd04d-febb-4e7a-a1b4-e0b767d9ff84,Tourniquet,999,
TOOL_HOVER,187242,11/30/2022 10:52:17 AM,e22dd04d-febb-4e7a-a1b4-e0b767d9ff84,Tourniquet,999,
TOOL_HOVER,187259,11/30/2022 10:52:17 AM,e22dd04d-febb-4e7a-a1b4-e0b767d9ff84,Tourniquet,999,
TOOL_HOVER,187276,11/30/2022 10:52:17 AM,e22dd04d-febb-4e7a-a1b4-e0b767d9ff84,Tourniquet,999,
TOOL_HOVER,187293,11/30/2022 10:52:17 AM,e22dd04d-febb-4e7a-a1b4-e0b767d9ff84,Tourniquet,999,
TOOL_HOVER,187309,11/30/2022 10:52:17 AM,e22dd04d-febb-4e7a-a1b4-e0b767d9ff84,Tourniquet,999,
VOICE_CAPTURE,187326,11/30/2022 10:52:17 AM,e22dd04d-febb-4e7a-a1b4-e0b767d9ff84,each other,NA,
TOOL_HOVER,187326,11/30/2022 10:52:17 AM,e22dd04d-febb-4e7a-a1b4-e0b767d9ff84,Tourniquet,999,
TOOL_HOVER,187344,11/30/2022 10:52:17 AM,e22dd04d-febb-4e7a-a1b4-e0b767d9ff84,Tourniquet,999,
TOOL_HOVER,187360,11/30/2022 10:52:17 AM,e22dd04d-febb-4e7a-a1b4-e0b767d9ff84,Tourniquet,999,
TOOL_HOVER,187376,11/30/2022 10:52:17 AM,e22dd04d-febb-4e7a-a1b4-e0b767d9ff84,Tourniquet,999,
TOOL_HOVER,187393,11/30/2022 10:52:17 AM,e22dd04d-febb-4e7a-a1b4-e0b767d9ff84,Tourniquet,999,
TOOL_HOVER,187411,11/30/2022 10:52:17 AM,e22dd04d-febb-4e7a-a1b4-e0b767d9ff84,Tourniquet,999,
TOOL_HOVER,187426,11/30/2022 10:52:17 AM,e22dd04d-febb-4e7a-a1b4-e0b767d9ff84,Tourniquet,999,
TOOL_HOVER,187443,11/30/2022 10:52:17 AM,e22dd04d-febb-4e7a-a1b4-e0b767d9ff84,Tourniquet,999,
TOOL_HOVER,187459,11/30/2022 10:52:17 AM,e22dd04d-febb-4e7a-a1b4-e0b767d9ff84,Tourniquet,999,
TOOL_SELECTED,187461,11/30/2022 10:52:17 AM,e22dd04d-febb-4e7a-a1b4-e0b767d9ff84,Tourniquet,998,
VOICE_CAPTURE,190167,11/30/2022 10:52:20 AM,e22dd04d-febb-4e7a-a1b4-e0b767d9ff84,yep,NA,
VOICE_CAPTURE,195479,11/30/2022 10:52:25 AM,e22dd04d-febb-4e7a-a1b4-e0b767d9ff84,OK,NA,
TOOL_DISCARDED,196416,11/30/2022 10:52:26 AM,e22dd04d-febb-4e7a-a1b4-e0b767d9ff84,Tourniquet,998,"(2.5, 1.4, -1.5)",
TOOL_HOVER,196466,11/30/2022 10:52:26 AM,e22dd04d-febb-4e7a-a1b4-e0b767d9ff84,Gauze,999,
TOOL_HOVER,196481,11/30/2022 10:52:26 AM,e22dd04d-febb-4e7a-a1b4-e0b767d9ff84,Gauze,999,
TOOL_HOVER,196499,11/30/2022 10:52:27 AM,e22dd04d-febb-4e7a-a1b4-e0b767d9ff84,Gauze,999,
TOOL_HOVER,196515,11/30/2022 10:52:27 AM,e22dd04d-febb-4e7a-a1b4-e0b767d9ff84,Gauze,999,
TOOL_HOVER,196532,11/30/2022 10:52:27 AM,e22dd04d-febb-4e7a-a1b4-e0b767d9ff84,Gauze,999,
TOOL_HOVER,196549,11/30/2022 10:52:27 AM,e22dd04d-febb-4e7a-a1b4-e0b767d9ff84,Gauze,999,
TOOL_HOVER,196866,11/30/2022 10:52:27 AM,e22dd04d-febb-4e7a-a1b4-e0b767d9ff84,Tourniquet,999,
TOOL_HOVER,196883,11/30/2022 10:52:27 AM,e22dd04d-febb-4e7a-a1b4-e0b767d9ff84,Tourniquet,999,
TOOL_HOVER,196900,11/30/2022 10:52:27 AM,e22dd04d-febb-4e7a-a1b4-e0b767d9ff84,Tourniquet,999,
TOOL_HOVER,196916,11/30/2022 10:52:27 AM,e22dd04d-febb-4e7a-a1b4-e0b767d9ff84,Tourniquet,999,
TOOL_HOVER,196933,11/30/2022 10:52:27 AM,e22dd04d-febb-4e7a-a1b4-e0b767d9ff84,Tourniquet,999,
TOOL_HOVER,196949,11/30/2022 10:52:27 AM,e22dd04d-febb-4e7a-a1b4-e0b767d9ff84,Tourniquet,999,
VOICE_CAPTURE,199320,11/30/2022 10:52:29 AM,e22dd04d-febb-4e7a-a1b4-e0b767d9ff84,OK,NA,
VOICE_CAPTURE,202679,11/30/2022 10:52:33 AM,e22dd04d-febb-4e7a-a1b4-e0b767d9ff84,OK,NA,
VOICE_CAPTURE,208527,11/30/2022 10:52:39 AM,e22dd04d-febb-4e7a-a1b4-e0b767d9ff84,for your OK,NA,
VOICE_CAPTURE,217449,11/30/2022 10:52:47 AM,e22dd04d-febb-4e7a-a1b4-e0b767d9ff84,cry cry,NA,
VOICE_CAPTURE,224248,11/30/2022 10:52:54 AM,e22dd04d-febb-4e7a-a1b4-e0b767d9ff84,alright i only got two patients left here i see two of them back there behind me OK,NA,
VOICE_CAPTURE,228442,11/30/2022 10:52:58 AM,e22dd04d-febb-4e7a-a1b4-e0b767d9ff84,OK,NA,
VOICE_CAPTURE,229077,11/30/2022 10:52:59 AM,e22dd04d-febb-4e7a-a1b4-e0b767d9ff84,OK,NA,
VOICE_CAPTURE,234958,11/30/2022 10:53:05 AM,e22dd04d-febb-4e7a-a1b4-e0b767d9ff84,so what do i do with this kit now,NA,
VOICE_CAPTURE,236193,11/30/2022 10:53:06 AM,e22dd04d-febb-4e7a-a1b4-e0b767d9ff84,OK,NA,
BAG_CLOSED,243462,11/30/2022 10:53:13 AM,e22dd04d-febb-4e7a-a1b4-e0b767d9ff84,"(2.3, 0.7, -2.3)",
TELEPORT,243462,11/30/2022 10:53:13 AM,e22dd04d-febb-4e7a-a1b4-e0b767d9ff84,"(2.3, 0.0, -2.3)",
VOICE_CAPTURE,243880,11/30/2022 10:53:14 AM,e22dd04d-febb-4e7a-a1b4-e0b767d9ff84,oops gotcha gotcha gotcha gotcha alright so i need this one,NA,
TELEPORT,246820,11/30/2022 10:53:17 AM,e22dd04d-febb-4e7a-a1b4-e0b767d9ff84,"(2.9, 0.0, -0.9)",
BAG_ACCESS,250249,11/30/2022 10:53:20 AM,e22dd04d-febb-4e7a-a1b4-e0b767d9ff84,"(2.6, 0.7, -0.6)",
TOOL_HOVER,251272,11/30/2022 10:53:21 AM,e22dd04d-febb-4e7a-a1b4-e0b767d9ff84,Tourniquet,999,
TOOL_HOVER,251292,11/30/2022 10:53:21 AM,e22dd04d-febb-4e7a-a1b4-e0b767d9ff84,Tourniquet,999,
TOOL_HOVER,251311,11/30/2022 10:53:21 AM,e22dd04d-febb-4e7a-a1b4-e0b767d9ff84,Tourniquet,999,
TOOL_HOVER,251332,11/30/2022 10:53:21 AM,e22dd04d-febb-4e7a-a1b4-e0b767d9ff84,Tourniquet,999,
TOOL_HOVER,251352,11/30/2022 10:53:21 AM,e22dd04d-febb-4e7a-a1b4-e0b767d9ff84,Tourniquet,999,
TOOL_HOVER,251675,11/30/2022 10:53:22 AM,e22dd04d-febb-4e7a-a1b4-e0b767d9ff84,Gauze,999,
TOOL_HOVER,251694,11/30/2022 10:53:22 AM,e22dd04d-febb-4e7a-a1b4-e0b767d9ff84,Gauze,999,
TOOL_HOVER,251714,11/30/2022 10:53:22 AM,e22dd04d-febb-4e7a-a1b4-e0b767d9ff84,Gauze,999,
TOOL_HOVER,251733,11/30/2022 10:53:22 AM,e22dd04d-febb-4e7a-a1b4-e0b767d9ff84,Gauze,999,
TOOL_HOVER,251752,11/30/2022 10:53:22 AM,e22dd04d-febb-4e7a-a1b4-e0b767d9ff84,Gauze,999,
TOOL_HOVER,251771,11/30/2022 10:53:22 AM,e22dd04d-febb-4e7a-a1b4-e0b767d9ff84,Gauze,999,
TOOL_HOVER,251788,11/30/2022 10:53:22 AM,e22dd04d-febb-4e7a-a1b4-e0b767d9ff84,Gauze,999,
TOOL_HOVER,251808,11/30/2022 10:53:22 AM,e22dd04d-febb-4e7a-a1b4-e0b767d9ff84,Gauze,999,
TOOL_HOVER,251827,11/30/2022 10:53:22 AM,e22dd04d-febb-4e7a-a1b4-e0b767d9ff84,Gauze,999,
TOOL_HOVER,251846,11/30/2022 10:53:22 AM,e22dd04d-febb-4e7a-a1b4-e0b767d9ff84,Gauze,999,
TOOL_HOVER,252869,11/30/2022 10:53:23 AM,e22dd04d-febb-4e7a-a1b4-e0b767d9ff84,Tourniquet,999,
TOOL_HOVER,252888,11/30/2022 10:53:23 AM,e22dd04d-febb-4e7a-a1b4-e0b767d9ff84,Tourniquet,999,
TOOL_HOVER,252907,11/30/2022 10:53:23 AM,e22dd04d-febb-4e7a-a1b4-e0b767d9ff84,Tourniquet,999,
TOOL_HOVER,252926,11/30/2022 10:53:23 AM,e22dd04d-febb-4e7a-a1b4-e0b767d9ff84,Tourniquet,999,
TOOL_HOVER,252946,11/30/2022 10:53:23 AM,e22dd04d-febb-4e7a-a1b4-e0b767d9ff84,Tourniquet,999,
VOICE_CAPTURE,252966,11/30/2022 10:53:23 AM,e22dd04d-febb-4e7a-a1b4-e0b767d9ff84,OK so this guy here is bleeding good so i need boom,NA,
TOOL_HOVER,252966,11/30/2022 10:53:23 AM,e22dd04d-febb-4e7a-a1b4-e0b767d9ff84,Tourniquet,999,
TOOL_HOVER,252986,11/30/2022 10:53:23 AM,e22dd04d-febb-4e7a-a1b4-e0b767d9ff84,Tourniquet,999,
TOOL_HOVER,253005,11/30/2022 10:53:23 AM,e22dd04d-febb-4e7a-a1b4-e0b767d9ff84,Tourniquet,999,
TOOL_HOVER,253024,11/30/2022 10:53:23 AM,e22dd04d-febb-4e7a-a1b4-e0b767d9ff84,Tourniquet,999,
TOOL_HOVER,253046,11/30/2022 10:53:23 AM,e22dd04d-febb-4e7a-a1b4-e0b767d9ff84,Tourniquet,999,
TOOL_HOVER,253064,11/30/2022 10:53:23 AM,e22dd04d-febb-4e7a-a1b4-e0b767d9ff84,Tourniquet,999,
TOOL_HOVER,253084,11/30/2022 10:53:23 AM,e22dd04d-febb-4e7a-a1b4-e0b767d9ff84,Tourniquet,999,
TOOL_HOVER,253104,11/30/2022 10:53:23 AM,e22dd04d-febb-4e7a-a1b4-e0b767d9ff84,Tourniquet,999,
TOOL_HOVER,253123,11/30/2022 10:53:23 AM,e22dd04d-febb-4e7a-a1b4-e0b767d9ff84,Tourniquet,999,
TOOL_HOVER,253143,11/30/2022 10:53:23 AM,e22dd04d-febb-4e7a-a1b4-e0b767d9ff84,Tourniquet,999,
TOOL_HOVER,253163,11/30/2022 10:53:23 AM,e22dd04d-febb-4e7a-a1b4-e0b767d9ff84,Tourniquet,999,
TOOL_HOVER,253183,11/30/2022 10:53:23 AM,e22dd04d-febb-4e7a-a1b4-e0b767d9ff84,Tourniquet,999,
TOOL_HOVER,253203,11/30/2022 10:53:23 AM,e22dd04d-febb-4e7a-a1b4-e0b767d9ff84,Tourniquet,999,
TOOL_HOVER,253222,11/30/2022 10:53:23 AM,e22dd04d-febb-4e7a-a1b4-e0b767d9ff84,Tourniquet,999,
TOOL_HOVER,253241,11/30/2022 10:53:23 AM,e22dd04d-febb-4e7a-a1b4-e0b767d9ff84,Tourniquet,999,
TOOL_HOVER,253261,11/30/2022 10:53:23 AM,e22dd04d-febb-4e7a-a1b4-e0b767d9ff84,Tourniquet,999,
TOOL_HOVER,253281,11/30/2022 10:53:23 AM,e22dd04d-febb-4e7a-a1b4-e0b767d9ff84,Tourniquet,999,
TOOL_SELECTED,253282,11/30/2022 10:53:23 AM,e22dd04d-febb-4e7a-a1b4-e0b767d9ff84,Tourniquet,998,
TOOL_DISCARDED,253638,11/30/2022 10:53:24 AM,e22dd04d-febb-4e7a-a1b4-e0b767d9ff84,Tourniquet,998,"(3.0, 0.7, -0.6)",
TOOL_HOVER,253677,11/30/2022 10:53:24 AM,e22dd04d-febb-4e7a-a1b4-e0b767d9ff84,Tourniquet,999,
TOOL_HOVER,253698,11/30/2022 10:53:24 AM,e22dd04d-febb-4e7a-a1b4-e0b767d9ff84,Tourniquet,999,
TOOL_HOVER,253717,11/30/2022 10:53:24 AM,e22dd04d-febb-4e7a-a1b4-e0b767d9ff84,Tourniquet,999,
TOOL_HOVER,253737,11/30/2022 10:53:24 AM,e22dd04d-febb-4e7a-a1b4-e0b767d9ff84,Tourniquet,999,
TOOL_HOVER,253756,11/30/2022 10:53:24 AM,e22dd04d-febb-4e7a-a1b4-e0b767d9ff84,Tourniquet,999,
TOOL_HOVER,253776,11/30/2022 10:53:24 AM,e22dd04d-febb-4e7a-a1b4-e0b767d9ff84,Gauze,999,
TOOL_HOVER,253796,11/30/2022 10:53:24 AM,e22dd04d-febb-4e7a-a1b4-e0b767d9ff84,Gauze,999,
TOOL_HOVER,253816,11/30/2022 10:53:24 AM,e22dd04d-febb-4e7a-a1b4-e0b767d9ff84,Gauze,999,
TOOL_HOVER,253835,11/30/2022 10:53:24 AM,e22dd04d-febb-4e7a-a1b4-e0b767d9ff84,Gauze,999,
TOOL_HOVER,253855,11/30/2022 10:53:24 AM,e22dd04d-febb-4e7a-a1b4-e0b767d9ff84,Gauze,999,
TOOL_HOVER,254566,11/30/2022 10:53:25 AM,e22dd04d-febb-4e7a-a1b4-e0b767d9ff84,Tourniquet,999,
TOOL_HOVER,254586,11/30/2022 10:53:25 AM,e22dd04d-febb-4e7a-a1b4-e0b767d9ff84,Tourniquet,999,
TOOL_HOVER,254605,11/30/2022 10:53:25 AM,e22dd04d-febb-4e7a-a1b4-e0b767d9ff84,Tourniquet,999,
TOOL_HOVER,254623,11/30/2022 10:53:25 AM,e22dd04d-febb-4e7a-a1b4-e0b767d9ff84,Tourniquet,999,
TOOL_HOVER,254643,11/30/2022 10:53:25 AM,e22dd04d-febb-4e7a-a1b4-e0b767d9ff84,Tourniquet,999,
TOOL_HOVER,254661,11/30/2022 10:53:25 AM,e22dd04d-febb-4e7a-a1b4-e0b767d9ff84,Tourniquet,999,
TOOL_HOVER,254682,11/30/2022 10:53:25 AM,e22dd04d-febb-4e7a-a1b4-e0b767d9ff84,Tourniquet,999,
TOOL_HOVER,254702,11/30/2022 10:53:25 AM,e22dd04d-febb-4e7a-a1b4-e0b767d9ff84,Tourniquet,999,
TOOL_HOVER,254721,11/30/2022 10:53:25 AM,e22dd04d-febb-4e7a-a1b4-e0b767d9ff84,Tourniquet,999,
TOOL_HOVER,254741,11/30/2022 10:53:25 AM,e22dd04d-febb-4e7a-a1b4-e0b767d9ff84,Tourniquet,999,
TOOL_HOVER,254760,11/30/2022 10:53:25 AM,e22dd04d-febb-4e7a-a1b4-e0b767d9ff84,Tourniquet,999,
TOOL_SELECTED,254761,11/30/2022 10:53:25 AM,e22dd04d-febb-4e7a-a1b4-e0b767d9ff84,Tourniquet,998,
PATIENT_ENGAGED,258509,11/30/2022 10:53:29 AM,e22dd04d-febb-4e7a-a1b4-e0b767d9ff84,100,Infinity,Mike_1 Root,"(2.9, 0.0, 0.1)","(0.0, 0.7, 0.0, -0.7)",IMMEDIATE,waver,normal,normal,normal,upset,recovery,
VOICE_CAPTURE,261074,11/30/2022 10:53:31 AM,e22dd04d-febb-4e7a-a1b4-e0b767d9ff84,i keep putting it back so how do i put this tourniquet on him,NA,
VOICE_CAPTURE,263236,11/30/2022 10:53:33 AM,e22dd04d-febb-4e7a-a1b4-e0b767d9ff84,OK,NA,
INJURY_TREATED,263536,11/30/2022 10:53:34 AM,e22dd04d-febb-4e7a-a1b4-e0b767d9ff84,L Thigh Laceration,Mike_1 Root,tourniquet,medium,leftLeg,True,False,"(2.8, 0.3, 0.3)",
TOOL_APPLIED,263537,11/30/2022 10:53:34 AM,e22dd04d-febb-4e7a-a1b4-e0b767d9ff84,Mike_1 Root,Tourniquet,LeftUpLeg (UnityEngine.GameObject),tor_ring (1) (UnityEngine.GameObject),tourniquet(Clone) (UnityEngine.GameObject),AppliedTourniquet,
VOICE_CAPTURE,267076,11/30/2022 10:53:37 AM,e22dd04d-febb-4e7a-a1b4-e0b767d9ff84,OK,NA,
VOICE_CAPTURE,271119,11/30/2022 10:53:41 AM,e22dd04d-febb-4e7a-a1b4-e0b767d9ff84,hey look at that bleeding stop alright are you breathing OK,NA,
VOICE_CAPTURE,271772,11/30/2022 10:53:42 AM,e22dd04d-febb-4e7a-a1b4-e0b767d9ff84,modbutton yes,NA,
VOICE_COMMAND,271772,11/30/2022 10:53:42 AM,e22dd04d-febb-4e7a-a1b4-e0b767d9ff84,modbutton yes,modbutton yes,
PULSE_TAKEN,272256,11/30/2022 10:53:42 AM,e22dd04d-febb-4e7a-a1b4-e0b767d9ff84,pulse_normal,Mike_1 Root,
VOICE_CAPTURE,275806,11/30/2022 10:53:46 AM,e22dd04d-febb-4e7a-a1b4-e0b767d9ff84,alright oh OK alright,NA,
PULSE_TAKEN,277110,11/30/2022 10:53:47 AM,e22dd04d-febb-4e7a-a1b4-e0b767d9ff84,pulse_normal,Mike_1 Root,
PULSE_TAKEN,278295,11/30/2022 10:53:48 AM,e22dd04d-febb-4e7a-a1b4-e0b767d9ff84,pulse_normal,Mike_1 Root,
VOICE_CAPTURE,279649,11/30/2022 10:53:50 AM,e22dd04d-febb-4e7a-a1b4-e0b767d9ff84,OK,NA,
TOOL_HOVER,288772,11/30/2022 10:53:59 AM,e22dd04d-febb-4e7a-a1b4-e0b767d9ff84,Gauze,999,
TOOL_HOVER,288789,11/30/2022 10:53:59 AM,e22dd04d-febb-4e7a-a1b4-e0b767d9ff84,Gauze,999,
TOOL_HOVER,288805,11/30/2022 10:53:59 AM,e22dd04d-febb-4e7a-a1b4-e0b767d9ff84,Gauze,999,
TOOL_HOVER,288823,11/30/2022 10:53:59 AM,e22dd04d-febb-4e7a-a1b4-e0b767d9ff84,Gauze,999,
TOOL_HOVER,288839,11/30/2022 10:53:59 AM,e22dd04d-febb-4e7a-a1b4-e0b767d9ff84,Gauze,999,
TOOL_HOVER,288856,11/30/2022 10:53:59 AM,e22dd04d-febb-4e7a-a1b4-e0b767d9ff84,Gauze,999,
VOICE_CAPTURE,289857,11/30/2022 10:54:00 AM,e22dd04d-febb-4e7a-a1b4-e0b767d9ff84,OK rapid radial pulse i'll take that so alright i'm gonna make go ahead and tag him,NA,
TAG_SELECTED,293182,11/30/2022 10:54:03 AM,e22dd04d-febb-4e7a-a1b4-e0b767d9ff84,red,
TAG_DISCARDED,293283,11/30/2022 10:54:03 AM,e22dd04d-febb-4e7a-a1b4-e0b767d9ff84,red,"(3.2, 1.0, -0.2)",
TAG_SELECTED,294136,11/30/2022 10:54:04 AM,e22dd04d-febb-4e7a-a1b4-e0b767d9ff84,red,
VOICE_CAPTURE,297776,11/30/2022 10:54:08 AM,e22dd04d-febb-4e7a-a1b4-e0b767d9ff84,where you at her tags i need to bring this thing up here so he gets this red tag,NA,
TAG_APPLIED,298463,11/30/2022 10:54:08 AM,e22dd04d-febb-4e7a-a1b4-e0b767d9ff84,Mike_1 Root,red,
BAG_CLOSED,303409,11/30/2022 10:54:13 AM,e22dd04d-febb-4e7a-a1b4-e0b767d9ff84,"(2.6, 0.7, -0.6)",
VOICE_CAPTURE,304728,11/30/2022 10:54:15 AM,e22dd04d-febb-4e7a-a1b4-e0b767d9ff84,alright help we'll be right back,NA,
TELEPORT,306147,11/30/2022 10:54:16 AM,e22dd04d-febb-4e7a-a1b4-e0b767d9ff84,"(3.0, 0.0, -1.1)",
TELEPORT,314835,11/30/2022 10:54:25 AM,e22dd04d-febb-4e7a-a1b4-e0b767d9ff84,"(4.0, 0.0, 3.0)",
TELEPORT,315804,11/30/2022 10:54:26 AM,e22dd04d-febb-4e7a-a1b4-e0b767d9ff84,"(4.1, 0.0, 3.2)",
TELEPORT,317190,11/30/2022 10:54:27 AM,e22dd04d-febb-4e7a-a1b4-e0b767d9ff84,"(4.1, 0.0, 3.3)",
VOICE_CAPTURE,317577,11/30/2022 10:54:28 AM,e22dd04d-febb-4e7a-a1b4-e0b767d9ff84,try not to step in the blood there you know,NA,
PATIENT_ENGAGED,319997,11/30/2022 10:54:30 AM,e22dd04d-febb-4e7a-a1b4-e0b767d9ff84,100,128,Mike_3 Root,"(3.2, 0.0, 4.3)","(0.0, 0.7, 0.0, -0.7)",IMMEDIATE,still,faint,collapsedRight,normal,unresponsive,supine,
PULSE_TAKEN,320748,11/30/2022 10:54:31 AM,e22dd04d-febb-4e7a-a1b4-e0b767d9ff84,pulse_faint,Mike_3 Root,
VOICE_CAPTURE,326162,11/30/2022 10:54:36 AM,e22dd04d-febb-4e7a-a1b4-e0b767d9ff84,jesus alright so this guy here is gonna check out paul's real quick on him,NA,
VOICE_CAPTURE,329560,11/30/2022 10:54:40 AM,e22dd04d-febb-4e7a-a1b4-e0b767d9ff84,rapid pulse he's not breathing how do i like just like open his airway real quick,NA,
VOICE_CAPTURE,333721,11/30/2022 10:54:44 AM,e22dd04d-febb-4e7a-a1b4-e0b767d9ff84,so i'd like open his airway real quick,NA,
VOICE_CAPTURE,336360,11/30/2022 10:54:46 AM,e22dd04d-febb-4e7a-a1b4-e0b767d9ff84,like what's he breathing,NA,
PULSE_TAKEN,336997,11/30/2022 10:54:47 AM,e22dd04d-febb-4e7a-a1b4-e0b767d9ff84,pulse_faint,Mike_3 Root,
VOICE_CAPTURE,339452,11/30/2022 10:54:49 AM,e22dd04d-febb-4e7a-a1b4-e0b767d9ff84,you got a pulse there,NA,
VOICE_CAPTURE,341808,11/30/2022 10:54:52 AM,e22dd04d-febb-4e7a-a1b4-e0b767d9ff84,still got a pulse there,NA,
BAG_ACCESS,345367,11/30/2022 10:54:55 AM,e22dd04d-febb-4e7a-a1b4-e0b767d9ff84,"(4.0, 0.7, 4.4)",
VOICE_CAPTURE,348976,11/30/2022 10:54:59 AM,e22dd04d-febb-4e7a-a1b4-e0b767d9ff84,OK what's in this bag of tricks i got here i forget,NA,
VOICE_CAPTURE,360754,11/30/2022 10:55:11 AM,e22dd04d-febb-4e7a-a1b4-e0b767d9ff84,let's see so are we doing like is it so this is just triage right so i'm not necessarily gonna need to decompress this guy right here right OK so so do i what do i hear with this lung sounds,NA,
VOICE_CAPTURE,365048,11/30/2022 10:55:15 AM,e22dd04d-febb-4e7a-a1b4-e0b767d9ff84,it kinda looks like his chest has collapsed on one side so,NA,
VOICE_CAPTURE,372251,11/30/2022 10:55:22 AM,e22dd04d-febb-4e7a-a1b4-e0b767d9ff84,so do i have am i absent lung sound somewhere,NA,
TOOL_HOVER,374671,11/30/2022 10:55:25 AM,e22dd04d-febb-4e7a-a1b4-e0b767d9ff84,Needle,999,
TOOL_HOVER,374689,11/30/2022 10:55:25 AM,e22dd04d-febb-4e7a-a1b4-e0b767d9ff84,Needle,999,
TOOL_HOVER,374705,11/30/2022 10:55:25 AM,e22dd04d-febb-4e7a-a1b4-e0b767d9ff84,Needle,999,
TOOL_HOVER,374722,11/30/2022 10:55:25 AM,e22dd04d-febb-4e7a-a1b4-e0b767d9ff84,Needle,999,
TOOL_HOVER,374739,11/30/2022 10:55:25 AM,e22dd04d-febb-4e7a-a1b4-e0b767d9ff84,Needle,999,
TOOL_HOVER,374755,11/30/2022 10:55:25 AM,e22dd04d-febb-4e7a-a1b4-e0b767d9ff84,Needle,999,
TOOL_HOVER,374772,11/30/2022 10:55:25 AM,e22dd04d-febb-4e7a-a1b4-e0b767d9ff84,Needle,999,
TOOL_HOVER,374788,11/30/2022 10:55:25 AM,e22dd04d-febb-4e7a-a1b4-e0b767d9ff84,Needle,999,
TOOL_HOVER,374805,11/30/2022 10:55:25 AM,e22dd04d-febb-4e7a-a1b4-e0b767d9ff84,Needle,999,
TOOL_HOVER,374822,11/30/2022 10:55:25 AM,e22dd04d-febb-4e7a-a1b4-e0b767d9ff84,Needle,999,
TOOL_HOVER,374839,11/30/2022 10:55:25 AM,e22dd04d-febb-4e7a-a1b4-e0b767d9ff84,Needle,999,
TOOL_HOVER,374856,11/30/2022 10:55:25 AM,e22dd04d-febb-4e7a-a1b4-e0b767d9ff84,Needle,999,
TOOL_HOVER,374872,11/30/2022 10:55:25 AM,e22dd04d-febb-4e7a-a1b4-e0b767d9ff84,Needle,999,
TOOL_HOVER,374889,11/30/2022 10:55:25 AM,e22dd04d-febb-4e7a-a1b4-e0b767d9ff84,Needle,999,
TOOL_HOVER,374906,11/30/2022 10:55:25 AM,e22dd04d-febb-4e7a-a1b4-e0b767d9ff84,Needle,999,
TOOL_HOVER,374923,11/30/2022 10:55:25 AM,e22dd04d-febb-4e7a-a1b4-e0b767d9ff84,Needle,999,
TOOL_HOVER,374939,11/30/2022 10:55:25 AM,e22dd04d-febb-4e7a-a1b4-e0b767d9ff84,Needle,999,
TOOL_HOVER,374956,11/30/2022 10:55:25 AM,e22dd04d-febb-4e7a-a1b4-e0b767d9ff84,Needle,999,
TOOL_HOVER,374973,11/30/2022 10:55:25 AM,e22dd04d-febb-4e7a-a1b4-e0b767d9ff84,Needle,999,
TOOL_HOVER,374989,11/30/2022 10:55:25 AM,e22dd04d-febb-4e7a-a1b4-e0b767d9ff84,Needle,999,
TOOL_HOVER,375007,11/30/2022 10:55:25 AM,e22dd04d-febb-4e7a-a1b4-e0b767d9ff84,Needle,999,
TOOL_HOVER,375024,11/30/2022 10:55:25 AM,e22dd04d-febb-4e7a-a1b4-e0b767d9ff84,Needle,999,
TOOL_HOVER,375040,11/30/2022 10:55:25 AM,e22dd04d-febb-4e7a-a1b4-e0b767d9ff84,Needle,999,
TOOL_HOVER,375056,11/30/2022 10:55:25 AM,e22dd04d-febb-4e7a-a1b4-e0b767d9ff84,Needle,999,
TOOL_HOVER,375074,11/30/2022 10:55:25 AM,e22dd04d-febb-4e7a-a1b4-e0b767d9ff84,Needle,999,
TOOL_HOVER,375089,11/30/2022 10:55:25 AM,e22dd04d-febb-4e7a-a1b4-e0b767d9ff84,Needle,999,
TOOL_HOVER,375106,11/30/2022 10:55:25 AM,e22dd04d-febb-4e7a-a1b4-e0b767d9ff84,Needle,999,
TOOL_SELECTED,375108,11/30/2022 10:55:25 AM,e22dd04d-febb-4e7a-a1b4-e0b767d9ff84,Needle,998,
VOICE_CAPTURE,377210,11/30/2022 10:55:27 AM,e22dd04d-febb-4e7a-a1b4-e0b767d9ff84,on the right side OK so i'm gonna go ahead just real quick,NA,
VOICE_CAPTURE,385130,11/30/2022 10:55:35 AM,e22dd04d-febb-4e7a-a1b4-e0b767d9ff84,1/3 intercostal space over top of the second rib,NA,
INJURY_TREATED,385452,11/30/2022 10:55:35 AM,e22dd04d-febb-4e7a-a1b4-e0b767d9ff84,R Chest Collapse,Mike_3 Root,decompress,high,chest,True,False,"(0.0, 0.0, 0.0)",
TOOL_APPLIED,385452,11/30/2022 10:55:35 AM,e22dd04d-febb-4e7a-a1b4-e0b767d9ff84,Needle_Decomp(Clone),Needle,RChest_Breathe1 (UnityEngine.GameObject),cath_needle (UnityEngine.GameObject),right_chest,Needle_Decomp(Clone) (UnityEngine.GameObject),AppliedDecompNeedle,
VOICE_CAPTURE,388571,11/30/2022 10:55:39 AM,e22dd04d-febb-4e7a-a1b4-e0b767d9ff84,boom,NA,
VOICE_CAPTURE,393434,11/30/2022 10:55:43 AM,e22dd04d-febb-4e7a-a1b4-e0b767d9ff84,midclavicular might have got his carotid there but that's alright,NA,
VOICE_CAPTURE,394974,11/30/2022 10:55:45 AM,e22dd04d-febb-4e7a-a1b4-e0b767d9ff84,OK,NA,
VOICE_CAPTURE,397075,11/30/2022 10:55:47 AM,e22dd04d-febb-4e7a-a1b4-e0b767d9ff84,OK,NA,
VOICE_CAPTURE,402137,11/30/2022 10:55:52 AM,e22dd04d-febb-4e7a-a1b4-e0b767d9ff84,OK,NA,
VOICE_CAPTURE,403742,11/30/2022 10:55:54 AM,e22dd04d-febb-4e7a-a1b4-e0b767d9ff84,OK,NA,
VOICE_CAPTURE,405244,11/30/2022 10:55:55 AM,e22dd04d-febb-4e7a-a1b4-e0b767d9ff84,it comes to,NA,
TAG_SELECTED,410743,11/30/2022 10:56:01 AM,e22dd04d-febb-4e7a-a1b4-e0b767d9ff84,red,
VOICE_CAPTURE,411093,11/30/2022 10:56:01 AM,e22dd04d-febb-4e7a-a1b4-e0b767d9ff84,OK OK,NA,
TAG_APPLIED,412981,11/30/2022 10:56:03 AM,e22dd04d-febb-4e7a-a1b4-e0b767d9ff84,Mike_3 Root,red,
VOICE_CAPTURE,413732,11/30/2022 10:56:04 AM,e22dd04d-febb-4e7a-a1b4-e0b767d9ff84,so,NA,
VOICE_CAPTURE,420883,11/30/2022 10:56:11 AM,e22dd04d-febb-4e7a-a1b4-e0b767d9ff84,OK,NA,
BAG_CLOSED,424024,11/30/2022 10:56:14 AM,e22dd04d-febb-4e7a-a1b4-e0b767d9ff84,"(4.0, 0.7, 4.4)",
TELEPORT,424024,11/30/2022 10:56:14 AM,e22dd04d-febb-4e7a-a1b4-e0b767d9ff84,"(4.1, 0.0, 3.3)",
VOICE_CAPTURE,428018,11/30/2022 10:56:18 AM,e22dd04d-febb-4e7a-a1b4-e0b767d9ff84,yeah i got these two back here so i need to go to them,NA,
VOICE_COMMAND,428018,11/30/2022 10:56:18 AM,e22dd04d-febb-4e7a-a1b4-e0b767d9ff84,walk to the safe area,yeah i got these two back here so i need to go to them,
S_A_L_T_WALK_IF_CAN,428018,11/30/2022 10:56:18 AM,e22dd04d-febb-4e7a-a1b4-e0b767d9ff84,"(4.6, 0.0, -4.7)",walkIfCan,Mike_0 Root,
S_A_L_T_WALKED,428018,11/30/2022 10:56:18 AM,e22dd04d-febb-4e7a-a1b4-e0b767d9ff84,"(4.6, 0.0, -4.7)",walked,Mike_0 Root,
S_A_L_T_WALK_IF_CAN,428018,11/30/2022 10:56:18 AM,e22dd04d-febb-4e7a-a1b4-e0b767d9ff84,"(2.9, 0.0, 0.1)",walkIfCan,Mike_1 Root,
S_A_L_T_WALK_IF_CAN,428018,11/30/2022 10:56:18 AM,e22dd04d-febb-4e7a-a1b4-e0b767d9ff84,"(3.1, 0.0, -4.9)",walkIfCan,Mike_2 Root,
S_A_L_T_WALKED,428018,11/30/2022 10:56:18 AM,e22dd04d-febb-4e7a-a1b4-e0b767d9ff84,"(3.1, 0.0, -4.9)",walked,Mike_2 Root,
PATIENT_ENGAGED,428986,11/30/2022 10:56:19 AM,e22dd04d-febb-4e7a-a1b4-e0b767d9ff84,100,Infinity,Mike_1 Root,"(2.9, 0.0, 0.1)","(0.0, 0.7, 0.0, -0.7)",IMMEDIATE,waver,normal,normal,normal,upset,recovery,
VOICE_CAPTURE,432929,11/30/2022 10:56:23 AM,e22dd04d-febb-4e7a-a1b4-e0b767d9ff84,oh just stepping that blood again i'm about to trip over this guy,NA,
VOICE_CAPTURE,434098,11/30/2022 10:56:24 AM,e22dd04d-febb-4e7a-a1b4-e0b767d9ff84,and you can,NA,
TELEPORT,437189,11/30/2022 10:56:27 AM,e22dd04d-febb-4e7a-a1b4-e0b767d9ff84,"(4.5, 0.0, -4.0)",
TELEPORT,438477,11/30/2022 10:56:28 AM,e22dd04d-febb-4e7a-a1b4-e0b767d9ff84,"(4.7, 0.0, -4.6)",
VOICE_CAPTURE,441650,11/30/2022 10:56:32 AM,e22dd04d-febb-4e7a-a1b4-e0b767d9ff84,alright i'm gonna go to this guy here stan are you having any trouble breathing at all,NA,
PATIENT_ENGAGED,442887,11/30/2022 10:56:33 AM,e22dd04d-febb-4e7a-a1b4-e0b767d9ff84,100,Infinity,Mike_0 Root,"(4.6, 0.0, -4.7)","(0.0, 0.1, 0.0, -1.0)",DELAYED,walker,normal,normal,normal,upset,standing,
VOICE_CAPTURE,443388,11/30/2022 10:56:33 AM,e22dd04d-febb-4e7a-a1b4-e0b767d9ff84,modbutton yes,NA,
VOICE_COMMAND,443388,11/30/2022 10:56:33 AM,e22dd04d-febb-4e7a-a1b4-e0b767d9ff84,modbutton yes,modbutton yes,
VOICE_CAPTURE,443805,11/30/2022 10:56:34 AM,e22dd04d-febb-4e7a-a1b4-e0b767d9ff84,can you talk to me OK,NA,
VOICE_CAPTURE,448099,11/30/2022 10:56:38 AM,e22dd04d-febb-4e7a-a1b4-e0b767d9ff84,modbutton im okay,NA,
VOICE_COMMAND,448099,11/30/2022 10:56:38 AM,e22dd04d-febb-4e7a-a1b4-e0b767d9ff84,modbutton im okay,modbutton im okay,
VOICE_CAPTURE,450806,11/30/2022 10:56:41 AM,e22dd04d-febb-4e7a-a1b4-e0b767d9ff84,so he's talking till you have any trouble breathing,NA,
VOICE_CAPTURE,453397,11/30/2022 10:56:43 AM,e22dd04d-febb-4e7a-a1b4-e0b767d9ff84,modbutton no,NA,
VOICE_COMMAND,453397,11/30/2022 10:56:43 AM,e22dd04d-febb-4e7a-a1b4-e0b767d9ff84,modbutton no,modbutton no,
VOICE_CAPTURE,454547,11/30/2022 10:56:45 AM,e22dd04d-febb-4e7a-a1b4-e0b767d9ff84,you're OK right now well what's hurt just your leg hurting you down here,NA,
VOICE_COMMAND,454547,11/30/2022 10:56:45 AM,e22dd04d-febb-4e7a-a1b4-e0b767d9ff84,are you hurt,you're OK right now well what's hurt just your leg hurting you down here,
VOICE_CAPTURE,456705,11/30/2022 10:56:47 AM,e22dd04d-febb-4e7a-a1b4-e0b767d9ff84,modbutton yes,NA,
VOICE_COMMAND,456705,11/30/2022 10:56:47 AM,e22dd04d-febb-4e7a-a1b4-e0b767d9ff84,modbutton yes,modbutton yes,
VOICE_CAPTURE,458643,11/30/2022 10:56:49 AM,e22dd04d-febb-4e7a-a1b4-e0b767d9ff84,would hurt anything hurting you right now,NA,
VOICE_COMMAND,458643,11/30/2022 10:56:49 AM,e22dd04d-febb-4e7a-a1b4-e0b767d9ff84,are you hurt,would hurt anything hurting you right now,
VOICE_CAPTURE,460646,11/30/2022 10:56:51 AM,e22dd04d-febb-4e7a-a1b4-e0b767d9ff84,what hurt,NA,
VOICE_COMMAND,460646,11/30/2022 10:56:51 AM,e22dd04d-febb-4e7a-a1b4-e0b767d9ff84,are you hurt,what hurt,
PULSE_TAKEN,463470,11/30/2022 10:56:53 AM,e22dd04d-febb-4e7a-a1b4-e0b767d9ff84,pulse_normal,Mike_0 Root,
BAG_ACCESS,471478,11/30/2022 10:57:01 AM,e22dd04d-febb-4e7a-a1b4-e0b767d9ff84,"(4.4, 0.7, -3.8)",
TOOL_HOVER,475670,11/30/2022 10:57:06 AM,e22dd04d-febb-4e7a-a1b4-e0b767d9ff84,Hemostatic Gauze,999,
TOOL_HOVER,475690,11/30/2022 10:57:06 AM,e22dd04d-febb-4e7a-a1b4-e0b767d9ff84,Hemostatic Gauze,999,
TOOL_HOVER,475710,11/30/2022 10:57:06 AM,e22dd04d-febb-4e7a-a1b4-e0b767d9ff84,Hemostatic Gauze,999,
TOOL_HOVER,475731,11/30/2022 10:57:06 AM,e22dd04d-febb-4e7a-a1b4-e0b767d9ff84,Hemostatic Gauze,999,
TOOL_HOVER,475751,11/30/2022 10:57:06 AM,e22dd04d-febb-4e7a-a1b4-e0b767d9ff84,Hemostatic Gauze,999,
TOOL_HOVER,475772,11/30/2022 10:57:06 AM,e22dd04d-febb-4e7a-a1b4-e0b767d9ff84,Hemostatic Gauze,999,
TOOL_HOVER,475792,11/30/2022 10:57:06 AM,e22dd04d-febb-4e7a-a1b4-e0b767d9ff84,Hemostatic Gauze,999,
TOOL_HOVER,475813,11/30/2022 10:57:06 AM,e22dd04d-febb-4e7a-a1b4-e0b767d9ff84,Hemostatic Gauze,999,
TOOL_HOVER,475833,11/30/2022 10:57:06 AM,e22dd04d-febb-4e7a-a1b4-e0b767d9ff84,Hemostatic Gauze,999,
TOOL_HOVER,475853,11/30/2022 10:57:06 AM,e22dd04d-febb-4e7a-a1b4-e0b767d9ff84,Hemostatic Gauze,999,
TOOL_HOVER,475874,11/30/2022 10:57:06 AM,e22dd04d-febb-4e7a-a1b4-e0b767d9ff84,Hemostatic Gauze,999,
TOOL_HOVER,475894,11/30/2022 10:57:06 AM,e22dd04d-febb-4e7a-a1b4-e0b767d9ff84,Hemostatic Gauze,999,
TOOL_HOVER,475914,11/30/2022 10:57:06 AM,e22dd04d-febb-4e7a-a1b4-e0b767d9ff84,Hemostatic Gauze,999,
TOOL_HOVER,475934,11/30/2022 10:57:06 AM,e22dd04d-febb-4e7a-a1b4-e0b767d9ff84,Hemostatic Gauze,999,
TOOL_HOVER,475954,11/30/2022 10:57:06 AM,e22dd04d-febb-4e7a-a1b4-e0b767d9ff84,Hemostatic Gauze,999,
VOICE_CAPTURE,482374,11/30/2022 10:57:12 AM,e22dd04d-febb-4e7a-a1b4-e0b767d9ff84,his arm huh OK OK look at his arm there just got a little bleeding on his arm so alright we're gonna do well i'm just gonna do some quick bleeding control on this guy real quick is this god's no that's yeah that's packing gosh we have,NA,
VOICE_CAPTURE,483858,11/30/2022 10:57:14 AM,e22dd04d-febb-4e7a-a1b4-e0b767d9ff84,like just regular,NA,
TOOL_HOVER,486179,11/30/2022 10:57:16 AM,e22dd04d-febb-4e7a-a1b4-e0b767d9ff84,Gauze,999,
TOOL_HOVER,486198,11/30/2022 10:57:16 AM,e22dd04d-febb-4e7a-a1b4-e0b767d9ff84,Gauze,999,
TOOL_HOVER,486216,11/30/2022 10:57:16 AM,e22dd04d-febb-4e7a-a1b4-e0b767d9ff84,Gauze,999,
TOOL_HOVER,486237,11/30/2022 10:57:16 AM,e22dd04d-febb-4e7a-a1b4-e0b767d9ff84,Gauze,999,
TOOL_HOVER,486258,11/30/2022 10:57:16 AM,e22dd04d-febb-4e7a-a1b4-e0b767d9ff84,Gauze,999,
TOOL_HOVER,486281,11/30/2022 10:57:16 AM,e22dd04d-febb-4e7a-a1b4-e0b767d9ff84,Gauze,999,
TOOL_HOVER,486301,11/30/2022 10:57:16 AM,e22dd04d-febb-4e7a-a1b4-e0b767d9ff84,Gauze,999,
TOOL_SELECTED,486302,11/30/2022 10:57:16 AM,e22dd04d-febb-4e7a-a1b4-e0b767d9ff84,Gauze,998,
VOICE_CAPTURE,486558,11/30/2022 10:57:17 AM,e22dd04d-febb-4e7a-a1b4-e0b767d9ff84,OK,NA,
VOICE_CAPTURE,487093,11/30/2022 10:57:17 AM,e22dd04d-febb-4e7a-a1b4-e0b767d9ff84,OK,NA,
TOOL_DISCARDED,488463,11/30/2022 10:57:18 AM,e22dd04d-febb-4e7a-a1b4-e0b767d9ff84,Gauze,998,"(4.9, 1.1, -4.6)",
INJURY_TREATED,488465,11/30/2022 10:57:18 AM,e22dd04d-febb-4e7a-a1b4-e0b767d9ff84,R Forearm Laceration,Mike_0 Root,gauzePressure,low,rightArm,True,False,"(4.9, 1.0, -4.6)",
TOOL_APPLIED,488465,11/30/2022 10:57:18 AM,e22dd04d-febb-4e7a-a1b4-e0b767d9ff84,Mike_0 Root,Gauze_Dressing,skinCollider_BodyCollideLOD (UnityEngine.GameObject),null,null,AppliedDressingGauze,
VOICE_CAPTURE,497487,11/30/2022 10:57:27 AM,e22dd04d-febb-4e7a-a1b4-e0b767d9ff84,modbutton yes,NA,
VOICE_COMMAND,497487,11/30/2022 10:57:27 AM,e22dd04d-febb-4e7a-a1b4-e0b767d9ff84,modbutton yes,modbutton yes,
VOICE_CAPTURE,499408,11/30/2022 10:57:29 AM,e22dd04d-febb-4e7a-a1b4-e0b767d9ff84,go there oh pressure on that for me and then we'll give him a i think i'm probably gonna go are you you're breathing OK and you you know what day it is,NA,
VOICE_COMMAND,499408,11/30/2022 10:57:29 AM,e22dd04d-febb-4e7a-a1b4-e0b767d9ff84,walk to the safe area,go there oh pressure on that for me and then we'll give him a i think i'm probably gonna go are you you're breathing OK and you you know what day it is,
S_A_L_T_WALK_IF_CAN,499409,11/30/2022 10:57:29 AM,e22dd04d-febb-4e7a-a1b4-e0b767d9ff84,"(4.6, 0.0, -4.7)",walkIfCan,Mike_0 Root,
S_A_L_T_WALKED,499409,11/30/2022 10:57:29 AM,e22dd04d-febb-4e7a-a1b4-e0b767d9ff84,"(4.6, 0.0, -4.7)",walked,Mike_0 Root,
S_A_L_T_WALK_IF_CAN,499409,11/30/2022 10:57:29 AM,e22dd04d-febb-4e7a-a1b4-e0b767d9ff84,"(2.9, 0.0, 0.1)",walkIfCan,Mike_1 Root,
S_A_L_T_WALK_IF_CAN,499409,11/30/2022 10:57:29 AM,e22dd04d-febb-4e7a-a1b4-e0b767d9ff84,"(3.1, 0.0, -4.9)",walkIfCan,Mike_2 Root,
S_A_L_T_WALKED,499409,11/30/2022 10:57:29 AM,e22dd04d-febb-4e7a-a1b4-e0b767d9ff84,"(3.1, 0.0, -4.9)",walked,Mike_2 Root,
VOICE_CAPTURE,501499,11/30/2022 10:57:32 AM,e22dd04d-febb-4e7a-a1b4-e0b767d9ff84,modbutton no,NA,
VOICE_COMMAND,501499,11/30/2022 10:57:32 AM,e22dd04d-febb-4e7a-a1b4-e0b767d9ff84,modbutton no,modbutton no,
VOICE_CAPTURE,503456,11/30/2022 10:57:33 AM,e22dd04d-febb-4e7a-a1b4-e0b767d9ff84,OK any other any other pain anywhere,NA,
TAG_SELECTED,504298,11/30/2022 10:57:34 AM,e22dd04d-febb-4e7a-a1b4-e0b767d9ff84,green,
TAG_APPLIED,506416,11/30/2022 10:57:36 AM,e22dd04d-febb-4e7a-a1b4-e0b767d9ff84,Mike_0 Root,green,
PULSE_TAKEN,507502,11/30/2022 10:57:38 AM,e22dd04d-febb-4e7a-a1b4-e0b767d9ff84,pulse_normal,Mike_0 Root,
VOICE_CAPTURE,508788,11/30/2022 10:57:39 AM,e22dd04d-febb-4e7a-a1b4-e0b767d9ff84,OK so i'm gonna give him a green tag for right now,NA,
VOICE_CAPTURE,512448,11/30/2022 10:57:42 AM,e22dd04d-febb-4e7a-a1b4-e0b767d9ff84,check a pulse there got a rapid pulse,NA,
VOICE_CAPTURE,515756,11/30/2022 10:57:46 AM,e22dd04d-febb-4e7a-a1b4-e0b767d9ff84,OK making funny faces,NA,
PULSE_TAKEN,517010,11/30/2022 10:57:47 AM,e22dd04d-febb-4e7a-a1b4-e0b767d9ff84,pulse_normal,Mike_0 Root,
PULSE_TAKEN,517166,11/30/2022 10:57:47 AM,e22dd04d-febb-4e7a-a1b4-e0b767d9ff84,pulse_normal,Mike_0 Root,
PULSE_TAKEN,517279,11/30/2022 10:57:47 AM,e22dd04d-febb-4e7a-a1b4-e0b767d9ff84,pulse_normal,Mike_0 Root,
PULSE_TAKEN,517943,11/30/2022 10:57:48 AM,e22dd04d-febb-4e7a-a1b4-e0b767d9ff84,pulse_normal,Mike_0 Root,
PULSE_TAKEN,518046,11/30/2022 10:57:48 AM,e22dd04d-febb-4e7a-a1b4-e0b767d9ff84,pulse_normal,Mike_0 Root,
PULSE_TAKEN,518527,11/30/2022 10:57:49 AM,e22dd04d-febb-4e7a-a1b4-e0b767d9ff84,pulse_normal,Mike_0 Root,
VOICE_CAPTURE,520216,11/30/2022 10:57:50 AM,e22dd04d-febb-4e7a-a1b4-e0b767d9ff84,uh OK,NA,
BAG_CLOSED,523116,11/30/2022 10:57:53 AM,e22dd04d-febb-4e7a-a1b4-e0b767d9ff84,"(4.4, 0.7, -3.8)",
TELEPORT,523116,11/30/2022 10:57:53 AM,e22dd04d-febb-4e7a-a1b4-e0b767d9ff84,"(4.8, 0.0, -4.7)",
PATIENT_ENGAGED,524126,11/30/2022 10:57:54 AM,e22dd04d-febb-4e7a-a1b4-e0b767d9ff84,100,Infinity,Mike_2 Root,"(3.1, 0.0, -5.0)","(0.0, 0.1, 0.0, -1.0)",IMMEDIATE,walker,fast,normal,normal,upset,standing,
BAG_ACCESS,534425,11/30/2022 10:58:04 AM,e22dd04d-febb-4e7a-a1b4-e0b767d9ff84,"(3.5, 0.7, -4.3)",
VOICE_CAPTURE,535260,11/30/2022 10:58:05 AM,e22dd04d-febb-4e7a-a1b4-e0b767d9ff84,alright so tight there alright so i'm gonna walk over to this guy same guy different clothes so this guy's bleeding pretty good here alright so this guy's gonna get the real quick,NA,
VOICE_COMMAND,535261,11/30/2022 10:58:05 AM,e22dd04d-febb-4e7a-a1b4-e0b767d9ff84,walk to the safe area,alright so tight there alright so i'm gonna walk over to this guy same guy different clothes so this guy's bleeding pretty good here alright so this guy's gonna get the real quick,
S_A_L_T_WALK_IF_CAN,535261,11/30/2022 10:58:05 AM,e22dd04d-febb-4e7a-a1b4-e0b767d9ff84,"(4.6, 0.0, -4.7)",walkIfCan,Mike_0 Root,
S_A_L_T_WALKED,535261,11/30/2022 10:58:05 AM,e22dd04d-febb-4e7a-a1b4-e0b767d9ff84,"(4.6, 0.0, -4.7)",walked,Mike_0 Root,
S_A_L_T_WALK_IF_CAN,535261,11/30/2022 10:58:05 AM,e22dd04d-febb-4e7a-a1b4-e0b767d9ff84,"(2.9, 0.0, 0.1)",walkIfCan,Mike_1 Root,
S_A_L_T_WALK_IF_CAN,535261,11/30/2022 10:58:05 AM,e22dd04d-febb-4e7a-a1b4-e0b767d9ff84,"(3.1, 0.0, -5.0)",walkIfCan,Mike_2 Root,
S_A_L_T_WALKED,535261,11/30/2022 10:58:05 AM,e22dd04d-febb-4e7a-a1b4-e0b767d9ff84,"(3.1, 0.0, -5.0)",walked,Mike_2 Root,
VOICE_CAPTURE,544738,11/30/2022 10:58:15 AM,e22dd04d-febb-4e7a-a1b4-e0b767d9ff84,what's going on here give me that alright so he's bleeding real good man i don't know how he even got a tourniquet on that thing,NA,
BAG_CLOSED,545258,11/30/2022 10:58:15 AM,e22dd04d-febb-4e7a-a1b4-e0b767d9ff84,"(3.5, 0.7, -4.3)",
PULSE_TAKEN,546988,11/30/2022 10:58:17 AM,e22dd04d-febb-4e7a-a1b4-e0b767d9ff84,pulse_fast,Mike_2 Root,
TELEPORT,547083,11/30/2022 10:58:17 AM,e22dd04d-febb-4e7a-a1b4-e0b767d9ff84,"(4.1, 0.0, -5.2)",
TELEPORT,548117,11/30/2022 10:58:18 AM,e22dd04d-febb-4e7a-a1b4-e0b767d9ff84,"(4.0, 0.0, -5.5)",
TELEPORT,549569,11/30/2022 10:58:20 AM,e22dd04d-febb-4e7a-a1b4-e0b767d9ff84,"(3.8, 0.0, -5.7)",
TELEPORT,550963,11/30/2022 10:58:21 AM,e22dd04d-febb-4e7a-a1b4-e0b767d9ff84,"(3.7, 0.0, -5.5)",
VOICE_CAPTURE,557050,11/30/2022 10:58:27 AM,e22dd04d-febb-4e7a-a1b4-e0b767d9ff84,OK so you just bleeding really good up there,NA,
TELEPORT,558717,11/30/2022 10:58:29 AM,e22dd04d-febb-4e7a-a1b4-e0b767d9ff84,"(3.9, 0.0, -5.7)",
TELEPORT,560227,11/30/2022 10:58:30 AM,e22dd04d-febb-4e7a-a1b4-e0b767d9ff84,"(3.7, 0.0, -5.6)",
VOICE_CAPTURE,561502,11/30/2022 10:58:32 AM,e22dd04d-febb-4e7a-a1b4-e0b767d9ff84,man that's a tough spot to get a get a tourniquet on,NA,
PULSE_TAKEN,562969,11/30/2022 10:58:33 AM,e22dd04d-febb-4e7a-a1b4-e0b767d9ff84,pulse_fast,Mike_2 Root,
BAG_ACCESS,565743,11/30/2022 10:58:36 AM,e22dd04d-febb-4e7a-a1b4-e0b767d9ff84,"(3.2, 0.7, -4.1)",
VOICE_CAPTURE,571722,11/30/2022 10:58:42 AM,e22dd04d-febb-4e7a-a1b4-e0b767d9ff84,struggling here alright there we go alright so i need this and the first thing i'm gonna do is,NA,
TOOL_HOVER,573478,11/30/2022 10:58:43 AM,e22dd04d-febb-4e7a-a1b4-e0b767d9ff84,Hemostatic Gauze,999,
TOOL_HOVER,573495,11/30/2022 10:58:44 AM,e22dd04d-febb-4e7a-a1b4-e0b767d9ff84,Hemostatic Gauze,999,
TOOL_HOVER,573510,11/30/2022 10:58:44 AM,e22dd04d-febb-4e7a-a1b4-e0b767d9ff84,Hemostatic Gauze,999,
TOOL_HOVER,573529,11/30/2022 10:58:44 AM,e22dd04d-febb-4e7a-a1b4-e0b767d9ff84,Hemostatic Gauze,999,
TOOL_HOVER,573545,11/30/2022 10:58:44 AM,e22dd04d-febb-4e7a-a1b4-e0b767d9ff84,Hemostatic Gauze,999,
TOOL_HOVER,573562,11/30/2022 10:58:44 AM,e22dd04d-febb-4e7a-a1b4-e0b767d9ff84,Hemostatic Gauze,999,
TOOL_SELECTED,573563,11/30/2022 10:58:44 AM,e22dd04d-febb-4e7a-a1b4-e0b767d9ff84,Hemostatic Gauze,998,
VOICE_CAPTURE,575009,11/30/2022 10:58:45 AM,e22dd04d-febb-4e7a-a1b4-e0b767d9ff84,man i might even,NA,
TOOL_DISCARDED,575186,11/30/2022 10:58:45 AM,e22dd04d-febb-4e7a-a1b4-e0b767d9ff84,Hemostatic Gauze,998,"(2.9, 1.4, -4.8)",
INJURY_TREATED,575187,11/30/2022 10:58:45 AM,e22dd04d-febb-4e7a-a1b4-e0b767d9ff84,L Shoulder Puncture,Mike_2 Root,woundpack,medium,chest,True,False,"(2.9, 1.4, -4.8)",
TOOL_APPLIED,575187,11/30/2022 10:58:45 AM,e22dd04d-febb-4e7a-a1b4-e0b767d9ff84,Mike_2 Root,Gauze_Pack,skinCollider_BodyCollideLOD (UnityEngine.GameObject),null,null,AppliedPackingGauze,
VOICE_CAPTURE,582333,11/30/2022 10:58:52 AM,e22dd04d-febb-4e7a-a1b4-e0b767d9ff84,start to slow that down a little bit,NA,
VOICE_CAPTURE,587262,11/30/2022 10:58:57 AM,e22dd04d-febb-4e7a-a1b4-e0b767d9ff84,OK,NA,
TAG_SELECTED,587664,11/30/2022 10:58:58 AM,e22dd04d-febb-4e7a-a1b4-e0b767d9ff84,red,
TAG_APPLIED,589585,11/30/2022 10:59:00 AM,e22dd04d-febb-4e7a-a1b4-e0b767d9ff84,Mike_2 Root,red,
VOICE_CAPTURE,592375,11/30/2022 10:59:02 AM,e22dd04d-febb-4e7a-a1b4-e0b767d9ff84,alright so he's gonna get this one,NA,
VOICE_CAPTURE,594062,11/30/2022 10:59:04 AM,e22dd04d-febb-4e7a-a1b4-e0b767d9ff84,alright,NA,
VOICE_CAPTURE,599599,11/30/2022 10:59:10 AM,e22dd04d-febb-4e7a-a1b4-e0b767d9ff84,do you have any other injuries here that i see,NA,
VOICE_COMMAND,599599,11/30/2022 10:59:10 AM,e22dd04d-febb-4e7a-a1b4-e0b767d9ff84,are you hurt,do you have any other injuries here that i see,
VOICE_COMMAND,599599,11/30/2022 10:59:10 AM,e22dd04d-febb-4e7a-a1b4-e0b767d9ff84,anywhere else,do you have any other injuries here that i see,
VOICE_CAPTURE,601019,11/30/2022 10:59:11 AM,e22dd04d-febb-4e7a-a1b4-e0b767d9ff84,we're pulling shirt off and take a look,NA,
PULSE_TAKEN,610577,11/30/2022 10:59:21 AM,e22dd04d-febb-4e7a-a1b4-e0b767d9ff84,pulse_fast,Mike_2 Root,
PULSE_TAKEN,621136,11/30/2022 10:59:31 AM,e22dd04d-febb-4e7a-a1b4-e0b767d9ff84,pulse_fast,Mike_2 Root,
BAG_CLOSED,649396,11/30/2022 10:59:59 AM,e22dd04d-febb-4e7a-a1b4-e0b767d9ff84,"(3.2, 0.7, -4.1)",
SESSION_END,656856,11/30/2022 11:00:07 AM,e22dd04d-febb-4e7a-a1b4-e0b767d9ff84,
