TELEPORT,11431,12/7/2022 11:21:11 AM,e28438ce-9b62-42d0-9741-1ed0b693a467,"(1.8, 0.0, 1.2)",
TELEPORT,12534,12/7/2022 11:21:13 AM,e28438ce-9b62-42d0-9741-1ed0b693a467,"(2.1, 0.0, 1.1)",
VOICE_CAPTURE,15927,12/7/2022 11:21:16 AM,e28438ce-9b62-42d0-9741-1ed0b693a467,yeah got it,NA,
PATIENT_ENGAGED,18117,12/7/2022 11:21:18 AM,e28438ce-9b62-42d0-9741-1ed0b693a467,100,128,Mike Root,"(3.1, 0.0, -1.0)","(0.0, 0.3, 0.0, -0.9)",MINIMAL,walker,normal,normal,normal,calm,standing,
VOICE_CAPTURE,20102,12/7/2022 11:21:20 AM,e28438ce-9b62-42d0-9741-1ed0b693a467,you just fly,NA,
TELEPORT,23711,12/7/2022 11:21:24 AM,e28438ce-9b62-42d0-9741-1ed0b693a467,"(2.8, 0.0, 0.2)",
VOICE_CAPTURE,24230,12/7/2022 11:21:24 AM,e28438ce-9b62-42d0-9741-1ed0b693a467,i notice i was like wobbly,NA,
TELEPORT,28273,12/7/2022 11:21:28 AM,e28438ce-9b62-42d0-9741-1ed0b693a467,"(0.3, 0.0, -8.3)",
TELEPORT,28774,12/7/2022 11:21:29 AM,e28438ce-9b62-42d0-9741-1ed0b693a467,"(0.3, 0.0, -8.3)",
VOICE_CAPTURE,29777,12/7/2022 11:21:30 AM,e28438ce-9b62-42d0-9741-1ed0b693a467,yeah got it so turn around,NA,
TELEPORT,33202,12/7/2022 11:21:33 AM,e28438ce-9b62-42d0-9741-1ed0b693a467,"(3.5, 0.0, 2.2)",
VOICE_CAPTURE,33234,12/7/2022 11:21:33 AM,e28438ce-9b62-42d0-9741-1ed0b693a467,and if it if it glows red,NA,
VOICE_CAPTURE,35624,12/7/2022 11:21:36 AM,e28438ce-9b62-42d0-9741-1ed0b693a467,yeah can you like,NA,
VOICE_CAPTURE,38212,12/7/2022 11:21:38 AM,e28438ce-9b62-42d0-9741-1ed0b693a467,oh you can move it around oh that's cool,NA,
VOICE_CAPTURE,40051,12/7/2022 11:21:40 AM,e28438ce-9b62-42d0-9741-1ed0b693a467,yeah,NA,
VOICE_CAPTURE,42122,12/7/2022 11:21:42 AM,e28438ce-9b62-42d0-9741-1ed0b693a467,that's pretty easy,NA,
VOICE_CAPTURE,46590,12/7/2022 11:21:47 AM,e28438ce-9b62-42d0-9741-1ed0b693a467,yeah,NA,
VOICE_CAPTURE,53224,12/7/2022 11:21:53 AM,e28438ce-9b62-42d0-9741-1ed0b693a467,i see yeah that's cool that's pretty accurate,NA,
VOICE_CAPTURE,56329,12/7/2022 11:21:56 AM,e28438ce-9b62-42d0-9741-1ed0b693a467,to you,NA,
VOICE_CAPTURE,61926,12/7/2022 11:22:02 AM,e28438ce-9b62-42d0-9741-1ed0b693a467,do you see the guardian yeah the wall you're saying,NA,
VOICE_CAPTURE,68011,12/7/2022 11:22:08 AM,e28438ce-9b62-42d0-9741-1ed0b693a467,put your head through the wall you should be able to see oh my gosh that's so cool,NA,
VOICE_CAPTURE,71201,12/7/2022 11:22:11 AM,e28438ce-9b62-42d0-9741-1ed0b693a467,oh my god,NA,
VOICE_CAPTURE,79244,12/7/2022 11:22:19 AM,e28438ce-9b62-42d0-9741-1ed0b693a467,so how did you put that up,NA,
VOICE_CAPTURE,82503,12/7/2022 11:22:23 AM,e28438ce-9b62-42d0-9741-1ed0b693a467,oh wow,NA,
TELEPORT,83949,12/7/2022 11:22:24 AM,e28438ce-9b62-42d0-9741-1ed0b693a467,"(3.3, 0.0, 0.2)",
VOICE_CAPTURE,84216,12/7/2022 11:22:24 AM,e28438ce-9b62-42d0-9741-1ed0b693a467,that's sick,NA,
VOICE_CAPTURE,88528,12/7/2022 11:22:29 AM,e28438ce-9b62-42d0-9741-1ed0b693a467,got it,NA,
VOICE_CAPTURE,92837,12/7/2022 11:22:33 AM,e28438ce-9b62-42d0-9741-1ed0b693a467,yeah,NA,
VOICE_CAPTURE,97397,12/7/2022 11:22:37 AM,e28438ce-9b62-42d0-9741-1ed0b693a467,like this way,NA,
VOICE_CAPTURE,100305,12/7/2022 11:22:40 AM,e28438ce-9b62-42d0-9741-1ed0b693a467,this thing,NA,
VOICE_CAPTURE,103195,12/7/2022 11:22:43 AM,e28438ce-9b62-42d0-9741-1ed0b693a467,and i grabbed the trigger,NA,
BAG_ACCESS,106588,12/7/2022 11:22:47 AM,e28438ce-9b62-42d0-9741-1ed0b693a467,"(2.6, 0.7, -0.2)",
VOICE_CAPTURE,109813,12/7/2022 11:22:50 AM,e28438ce-9b62-42d0-9741-1ed0b693a467,pick it up yep,NA,
VOICE_CAPTURE,110011,12/7/2022 11:22:50 AM,e28438ce-9b62-42d0-9741-1ed0b693a467,got it,NA,
TOOL_HOVER,110364,12/7/2022 11:22:50 AM,e28438ce-9b62-42d0-9741-1ed0b693a467,Tourniquet,999,
TOOL_HOVER,110380,12/7/2022 11:22:50 AM,e28438ce-9b62-42d0-9741-1ed0b693a467,Tourniquet,999,
TOOL_HOVER,110397,12/7/2022 11:22:50 AM,e28438ce-9b62-42d0-9741-1ed0b693a467,Tourniquet,999,
TOOL_HOVER,110413,12/7/2022 11:22:50 AM,e28438ce-9b62-42d0-9741-1ed0b693a467,Tourniquet,999,
TOOL_HOVER,110430,12/7/2022 11:22:50 AM,e28438ce-9b62-42d0-9741-1ed0b693a467,Tourniquet,999,
TOOL_HOVER,110447,12/7/2022 11:22:50 AM,e28438ce-9b62-42d0-9741-1ed0b693a467,Tourniquet,999,
TOOL_HOVER,110464,12/7/2022 11:22:50 AM,e28438ce-9b62-42d0-9741-1ed0b693a467,Tourniquet,999,
TOOL_HOVER,110480,12/7/2022 11:22:51 AM,e28438ce-9b62-42d0-9741-1ed0b693a467,Tourniquet,999,
TOOL_HOVER,110497,12/7/2022 11:22:51 AM,e28438ce-9b62-42d0-9741-1ed0b693a467,Tourniquet,999,
TOOL_HOVER,110514,12/7/2022 11:22:51 AM,e28438ce-9b62-42d0-9741-1ed0b693a467,Tourniquet,999,
TOOL_HOVER,110530,12/7/2022 11:22:51 AM,e28438ce-9b62-42d0-9741-1ed0b693a467,Tourniquet,999,
TOOL_HOVER,110547,12/7/2022 11:22:51 AM,e28438ce-9b62-42d0-9741-1ed0b693a467,Tourniquet,999,
TOOL_HOVER,110564,12/7/2022 11:22:51 AM,e28438ce-9b62-42d0-9741-1ed0b693a467,Tourniquet,999,
TOOL_HOVER,110582,12/7/2022 11:22:51 AM,e28438ce-9b62-42d0-9741-1ed0b693a467,Tourniquet,999,
TOOL_HOVER,110598,12/7/2022 11:22:51 AM,e28438ce-9b62-42d0-9741-1ed0b693a467,Tourniquet,999,
TOOL_HOVER,110614,12/7/2022 11:22:51 AM,e28438ce-9b62-42d0-9741-1ed0b693a467,Tourniquet,999,
TOOL_HOVER,110630,12/7/2022 11:22:51 AM,e28438ce-9b62-42d0-9741-1ed0b693a467,Tourniquet,999,
TOOL_HOVER,110650,12/7/2022 11:22:51 AM,e28438ce-9b62-42d0-9741-1ed0b693a467,Tourniquet,999,
TOOL_HOVER,110664,12/7/2022 11:22:51 AM,e28438ce-9b62-42d0-9741-1ed0b693a467,Tourniquet,999,
TOOL_HOVER,110682,12/7/2022 11:22:51 AM,e28438ce-9b62-42d0-9741-1ed0b693a467,Tourniquet,999,
TOOL_HOVER,110697,12/7/2022 11:22:51 AM,e28438ce-9b62-42d0-9741-1ed0b693a467,Tourniquet,999,
TOOL_HOVER,110713,12/7/2022 11:22:51 AM,e28438ce-9b62-42d0-9741-1ed0b693a467,Tourniquet,999,
TOOL_HOVER,110734,12/7/2022 11:22:51 AM,e28438ce-9b62-42d0-9741-1ed0b693a467,Tourniquet,999,
TOOL_HOVER,110748,12/7/2022 11:22:51 AM,e28438ce-9b62-42d0-9741-1ed0b693a467,Tourniquet,999,
TOOL_HOVER,110764,12/7/2022 11:22:51 AM,e28438ce-9b62-42d0-9741-1ed0b693a467,Tourniquet,999,
TOOL_HOVER,110781,12/7/2022 11:22:51 AM,e28438ce-9b62-42d0-9741-1ed0b693a467,Tourniquet,999,
TOOL_HOVER,110798,12/7/2022 11:22:51 AM,e28438ce-9b62-42d0-9741-1ed0b693a467,Tourniquet,999,
TOOL_HOVER,110814,12/7/2022 11:22:51 AM,e28438ce-9b62-42d0-9741-1ed0b693a467,Tourniquet,999,
TOOL_HOVER,110831,12/7/2022 11:22:51 AM,e28438ce-9b62-42d0-9741-1ed0b693a467,Tourniquet,999,
TOOL_HOVER,110848,12/7/2022 11:22:51 AM,e28438ce-9b62-42d0-9741-1ed0b693a467,Tourniquet,999,
TOOL_HOVER,110864,12/7/2022 11:22:51 AM,e28438ce-9b62-42d0-9741-1ed0b693a467,Tourniquet,999,
TOOL_HOVER,110881,12/7/2022 11:22:51 AM,e28438ce-9b62-42d0-9741-1ed0b693a467,Tourniquet,999,
TOOL_HOVER,110898,12/7/2022 11:22:51 AM,e28438ce-9b62-42d0-9741-1ed0b693a467,Tourniquet,999,
TOOL_HOVER,110915,12/7/2022 11:22:51 AM,e28438ce-9b62-42d0-9741-1ed0b693a467,Tourniquet,999,
TOOL_HOVER,110931,12/7/2022 11:22:51 AM,e28438ce-9b62-42d0-9741-1ed0b693a467,Tourniquet,999,
TOOL_HOVER,110947,12/7/2022 11:22:51 AM,e28438ce-9b62-42d0-9741-1ed0b693a467,Tourniquet,999,
TOOL_HOVER,110964,12/7/2022 11:22:51 AM,e28438ce-9b62-42d0-9741-1ed0b693a467,Tourniquet,999,
TOOL_HOVER,110981,12/7/2022 11:22:51 AM,e28438ce-9b62-42d0-9741-1ed0b693a467,Tourniquet,999,
TOOL_HOVER,110999,12/7/2022 11:22:51 AM,e28438ce-9b62-42d0-9741-1ed0b693a467,Tourniquet,999,
TOOL_HOVER,111014,12/7/2022 11:22:51 AM,e28438ce-9b62-42d0-9741-1ed0b693a467,Tourniquet,999,
TOOL_HOVER,111031,12/7/2022 11:22:51 AM,e28438ce-9b62-42d0-9741-1ed0b693a467,Tourniquet,999,
TOOL_SELECTED,111035,12/7/2022 11:22:51 AM,e28438ce-9b62-42d0-9741-1ed0b693a467,Tourniquet,998,
TOOL_APPLIED,114059,12/7/2022 11:22:54 AM,e28438ce-9b62-42d0-9741-1ed0b693a467,Mike Root,Tourniquet,RightForeArm (UnityEngine.GameObject),tor_ring (1) (UnityEngine.GameObject),tourniquet(Clone) (UnityEngine.GameObject),AppliedTourniquet,
VOICE_CAPTURE,116795,12/7/2022 11:22:57 AM,e28438ce-9b62-42d0-9741-1ed0b693a467,this is like the grab fly it's gotta turn to circle,NA,
VOICE_CAPTURE,119201,12/7/2022 11:22:59 AM,e28438ce-9b62-42d0-9741-1ed0b693a467,got it,NA,
VOICE_CAPTURE,122742,12/7/2022 11:23:03 AM,e28438ce-9b62-42d0-9741-1ed0b693a467,how do you put this away then,NA,
BAG_CLOSED,123362,12/7/2022 11:23:03 AM,e28438ce-9b62-42d0-9741-1ed0b693a467,"(2.6, 0.7, -0.2)",
VOICE_CAPTURE,126777,12/7/2022 11:23:07 AM,e28438ce-9b62-42d0-9741-1ed0b693a467,no go away,NA,
VOICE_CAPTURE,128940,12/7/2022 11:23:09 AM,e28438ce-9b62-42d0-9741-1ed0b693a467,got it yeah,NA,
