PATIENT_DEMOTED,4099,12/2/2022 1:54:48 PM,ea7d43f6-a7ed-4bc7-8002-f056ee415082,100,Infinity,Helga_0 Root,"(-0.2, 0.0, 7.8)","(0.0, 0.7, 0.0, 0.7)",IMMEDIATE,waver,fast,normal,normal,upset,sittingGround,
PATIENT_DEMOTED,4748,12/2/2022 1:54:49 PM,ea7d43f6-a7ed-4bc7-8002-f056ee415082,100,Infinity,Lily_1 Root,"(1.6, 0.0, 3.7)","(0.0, 0.1, 0.0, 1.0)",IMMEDIATE,waver,normal,normal,normal,calm,fetal,
PATIENT_DEMOTED,5222,12/2/2022 1:54:50 PM,ea7d43f6-a7ed-4bc7-8002-f056ee415082,100,Infinity,Lily_1 Root,"(1.2, 0.0, 3.8)","(0.0, 0.1, 0.0, 1.0)",DELAYED,waver,normal,normal,normal,calm,fetal,
PATIENT_DEMOTED,5500,12/2/2022 1:54:50 PM,ea7d43f6-a7ed-4bc7-8002-f056ee415082,100,Infinity,Gloria_2 Root,"(0.7, 0.0, 0.4)","(0.0, 1.0, 0.0, 0.0)",IMMEDIATE,waver,fast,fast,normal,agony,supine,
PATIENT_DEMOTED,6156,12/2/2022 1:54:50 PM,ea7d43f6-a7ed-4bc7-8002-f056ee415082,100,Infinity,Mike_3 Root,"(-0.8, 0.0, 3.7)","(0.0, 0.4, 0.0, 0.9)",IMMEDIATE,waver,fast,fast,normal,agony,sittingGround,
VOICE_CAPTURE,6424,12/2/2022 1:54:51 PM,ea7d43f6-a7ed-4bc7-8002-f056ee415082,and then,NA,
PATIENT_DEMOTED,6658,12/2/2022 1:54:51 PM,ea7d43f6-a7ed-4bc7-8002-f056ee415082,100,Infinity,Mike_4 Root,"(1.4, 0.0, 6.0)","(0.0, 1.0, 0.0, 0.0)",DELAYED,walker,normal,normal,normal,upset,standing,
VOICE_CAPTURE,6757,12/2/2022 1:54:51 PM,ea7d43f6-a7ed-4bc7-8002-f056ee415082,alright,NA,
PATIENT_DEMOTED,7180,12/2/2022 1:54:51 PM,ea7d43f6-a7ed-4bc7-8002-f056ee415082,100,Infinity,Mike_4 Root,"(1.4, 0.0, 6.0)","(0.0, 1.0, 0.0, 0.0)",MINIMAL,walker,normal,normal,normal,upset,sittingGround,
PATIENT_DEMOTED,7310,12/2/2022 1:54:52 PM,ea7d43f6-a7ed-4bc7-8002-f056ee415082,100,0,Gary_5 Root,"(2.8, 0.0, 5.3)","(0.0, 1.0, 0.0, 0.0)",DELAYED,walker,normal,restricted,normal,upset,kneeling,
PATIENT_DEMOTED,7828,12/2/2022 1:54:52 PM,ea7d43f6-a7ed-4bc7-8002-f056ee415082,100,0,Gary_5 Root,"(2.8, 0.0, 5.3)","(0.0, 1.0, 0.0, 0.0)",MINIMAL,walker,normal,restricted,normal,upset,sittingGround,
PATIENT_DEMOTED,8062,12/2/2022 1:54:52 PM,ea7d43f6-a7ed-4bc7-8002-f056ee415082,100,128,Mike_6 Root,"(3.0, 0.0, 3.6)","(0.0, 0.0, 0.0, 1.0)",IMMEDIATE,still,faint,collapsedRight,normal,unresponsive,supine,
PATIENT_DEMOTED,8712,12/2/2022 1:54:53 PM,ea7d43f6-a7ed-4bc7-8002-f056ee415082,100,Infinity,Lily_7 Root,"(2.3, 0.0, 1.9)","(0.0, 1.0, 0.0, 0.0)",EXPECTANT,still,faint,restricted,none,unresponsive,supine,
PATIENT_DEMOTED,9135,12/2/2022 1:54:53 PM,ea7d43f6-a7ed-4bc7-8002-f056ee415082,100,Infinity,Lily_7 Root,"(2.3, 0.0, 1.8)","(0.0, 1.0, 0.0, 0.0)",DEAD,still,none,none,none,dead,supine,
PATIENT_DEMOTED,10191,12/2/2022 1:54:54 PM,ea7d43f6-a7ed-4bc7-8002-f056ee415082,100,Infinity,Mike_9 Root,"(3.1, 0.0, 0.5)","(0.0, 1.0, 0.0, 0.0)",IMMEDIATE,waver,fast,normal,normal,upset,sittingGround,
SESSION_START,15113,12/2/2022 1:54:59 PM,ea7d43f6-a7ed-4bc7-8002-f056ee415082,
PATIENT_RECORD,15114,12/2/2022 1:54:59 PM,ea7d43f6-a7ed-4bc7-8002-f056ee415082,100,Infinity,Helga_0 Root,"(0.2, 0.0, 7.7)","(0.0, 0.7, 0.0, 0.7)",IMMEDIATE,waver,fast,fast,normal,upset,sittingGround,
INJURY_RECORD,15114,12/2/2022 1:54:59 PM,ea7d43f6-a7ed-4bc7-8002-f056ee415082,L Stomach Puncture,Helga_0 Root,woundpack,high,abdomen,False,False,"(0.3, 1.0, 7.7)",
INJURY_RECORD,15115,12/2/2022 1:54:59 PM,ea7d43f6-a7ed-4bc7-8002-f056ee415082,L Thigh Puncture,Helga_0 Root,tourniquet,medium,leftLeg,False,False,"(0.2, 0.5, 7.7)",
PATIENT_RECORD,15115,12/2/2022 1:54:59 PM,ea7d43f6-a7ed-4bc7-8002-f056ee415082,100,Infinity,Lily_1 Root,"(1.2, 0.0, 3.9)","(0.0, 0.1, 0.0, 1.0)",DELAYED,waver,normal,normal,normal,calm,fetal,
INJURY_RECORD,15115,12/2/2022 1:54:59 PM,ea7d43f6-a7ed-4bc7-8002-f056ee415082,R Bicep Puncture,Lily_1 Root,tourniquet,medium,rightArm,False,False,"(1.6, 1.3, 3.8)",
INJURY_RECORD,15115,12/2/2022 1:54:59 PM,ea7d43f6-a7ed-4bc7-8002-f056ee415082,R Thigh Laceration,Lily_1 Root,tourniquet,medium,rightLeg,False,False,"(1.3, 0.6, 3.9)",
PATIENT_RECORD,15115,12/2/2022 1:54:59 PM,ea7d43f6-a7ed-4bc7-8002-f056ee415082,100,Infinity,Gloria_2 Root,"(0.7, 0.0, 0.6)","(0.0, 1.0, 0.0, 0.0)",IMMEDIATE,waver,fast,fast,normal,agony,supine,
INJURY_RECORD,15115,12/2/2022 1:54:59 PM,ea7d43f6-a7ed-4bc7-8002-f056ee415082,L Shin Amputation,Gloria_2 Root,tourniquet,high,leftLeg,False,False,"(0.9, 0.4, 0.5)",
PATIENT_RECORD,15115,12/2/2022 1:54:59 PM,ea7d43f6-a7ed-4bc7-8002-f056ee415082,100,Infinity,Mike_3 Root,"(-1.3, 0.0, 4.2)","(0.0, 0.4, 0.0, 0.9)",IMMEDIATE,waver,fast,fast,normal,agony,sittingGround,
INJURY_RECORD,15115,12/2/2022 1:54:59 PM,ea7d43f6-a7ed-4bc7-8002-f056ee415082,R Wrist Amputation,Mike_3 Root,tourniquet,high,rightArm,False,False,"(-0.9, 1.3, 3.8)",
PATIENT_RECORD,15115,12/2/2022 1:54:59 PM,ea7d43f6-a7ed-4bc7-8002-f056ee415082,100,Infinity,Mike_4 Root,"(1.4, 0.0, 6.0)","(0.0, 1.0, 0.0, 0.0)",MINIMAL,walker,normal,normal,normal,upset,sittingGround,
INJURY_RECORD,15115,12/2/2022 1:54:59 PM,ea7d43f6-a7ed-4bc7-8002-f056ee415082,R Palm Laceration,Mike_4 Root,gauzePressure,low,rightArm,False,False,"(0.7, 1.3, 6.0)",
PATIENT_RECORD,15115,12/2/2022 1:54:59 PM,ea7d43f6-a7ed-4bc7-8002-f056ee415082,100,0,Gary_5 Root,"(2.8, 0.0, 5.3)","(0.0, 1.0, 0.0, 0.0)",MINIMAL,walker,normal,restricted,normal,upset,sittingGround,
INJURY_RECORD,15115,12/2/2022 1:54:59 PM,ea7d43f6-a7ed-4bc7-8002-f056ee415082,Asthmatic,Gary_5 Root,none,medium,chest,False,False,"(0.0, 0.0, 0.0)",
PATIENT_RECORD,15115,12/2/2022 1:54:59 PM,ea7d43f6-a7ed-4bc7-8002-f056ee415082,100,128,Mike_6 Root,"(3.0, 0.0, 3.4)","(0.0, 0.0, 0.0, 1.0)",IMMEDIATE,still,faint,collapsedRight,normal,unresponsive,supine,
INJURY_RECORD,15115,12/2/2022 1:54:59 PM,ea7d43f6-a7ed-4bc7-8002-f056ee415082,R Chest Collapse,Mike_6 Root,decompress,high,chest,False,False,"(0.0, 0.0, 0.0)",
PATIENT_RECORD,15115,12/2/2022 1:54:59 PM,ea7d43f6-a7ed-4bc7-8002-f056ee415082,100,Infinity,Lily_7 Root,"(2.3, 0.0, 1.8)","(0.0, 1.0, 0.0, 0.0)",DEAD,still,none,none,none,dead,supine,
INJURY_RECORD,15115,12/2/2022 1:54:59 PM,ea7d43f6-a7ed-4bc7-8002-f056ee415082,Face Shrapnel,Lily_7 Root,airway,high,head,False,False,"(2.3, 1.6, 1.8)",
INJURY_RECORD,15115,12/2/2022 1:54:59 PM,ea7d43f6-a7ed-4bc7-8002-f056ee415082,L Wrist Amputation,Lily_7 Root,tourniquet,high,leftArm,False,False,"(2.9, 1.3, 1.7)",
INJURY_RECORD,15115,12/2/2022 1:54:59 PM,ea7d43f6-a7ed-4bc7-8002-f056ee415082,R Bicep Puncture,Lily_7 Root,tourniquet,medium,rightArm,False,False,"(1.9, 1.3, 1.8)",
PATIENT_RECORD,15115,12/2/2022 1:54:59 PM,ea7d43f6-a7ed-4bc7-8002-f056ee415082,100,Infinity,Gloria_8 Root,"(2.6, 0.0, 8.0)","(0.0, 1.0, 0.0, 0.0)",MINIMAL,still,normal,normal,limited,calm,standing,
INJURY_RECORD,15115,12/2/2022 1:54:59 PM,ea7d43f6-a7ed-4bc7-8002-f056ee415082,Ear Bleed,Gloria_8 Root,none,low,head,False,False,"(0.0, 0.0, 0.0)",
PATIENT_RECORD,15115,12/2/2022 1:54:59 PM,ea7d43f6-a7ed-4bc7-8002-f056ee415082,100,Infinity,Mike_9 Root,"(3.5, 0.0, 1.1)","(0.0, 1.0, 0.0, 0.0)",IMMEDIATE,waver,normal,normal,normal,upset,sittingGround,
INJURY_RECORD,15115,12/2/2022 1:54:59 PM,ea7d43f6-a7ed-4bc7-8002-f056ee415082,L Side Puncture,Mike_9 Root,woundpack,medium,abdomen,False,False,"(3.6, 1.1, 1.0)",
INJURY_RECORD,15115,12/2/2022 1:54:59 PM,ea7d43f6-a7ed-4bc7-8002-f056ee415082,L Thigh Puncture,Mike_9 Root,tourniquet,medium,leftLeg,False,False,"(3.5, 0.6, 1.0)",
INJURY_RECORD,15115,12/2/2022 1:54:59 PM,ea7d43f6-a7ed-4bc7-8002-f056ee415082,L Calf Laceration,Mike_9 Root,gauzePressure,low,leftLeg,False,False,"(3.6, 0.3, 1.1)",
PATIENT_RECORD,15115,12/2/2022 1:54:59 PM,ea7d43f6-a7ed-4bc7-8002-f056ee415082,100,Infinity,Bob_10 Root,"(3.8, 0.0, 4.0)","(0.0, 1.0, 0.0, 0.0)",MINIMAL,walker,normal,normal,normal,calm,standing,
VOICE_CAPTURE,18208,12/2/2022 1:55:02 PM,ea7d43f6-a7ed-4bc7-8002-f056ee415082,OK,NA,
VOICE_CAPTURE,25683,12/2/2022 1:55:10 PM,ea7d43f6-a7ed-4bc7-8002-f056ee415082,alright if you can walk i need you to walk to the stairway to your right,NA,
VOICE_COMMAND,25683,12/2/2022 1:55:10 PM,ea7d43f6-a7ed-4bc7-8002-f056ee415082,walk to the safe area,alright if you can walk i need you to walk to the stairway to your right,
S_A_L_T_WALK_IF_CAN,25685,12/2/2022 1:55:10 PM,ea7d43f6-a7ed-4bc7-8002-f056ee415082,"(0.2, 0.0, 7.7)",walkIfCan,Helga_0 Root,
S_A_L_T_WALK_IF_CAN,25686,12/2/2022 1:55:10 PM,ea7d43f6-a7ed-4bc7-8002-f056ee415082,"(1.2, 0.0, 3.9)",walkIfCan,Lily_1 Root,
S_A_L_T_WALK_IF_CAN,25686,12/2/2022 1:55:10 PM,ea7d43f6-a7ed-4bc7-8002-f056ee415082,"(0.7, 0.0, 0.6)",walkIfCan,Gloria_2 Root,
S_A_L_T_WALK_IF_CAN,25686,12/2/2022 1:55:10 PM,ea7d43f6-a7ed-4bc7-8002-f056ee415082,"(-1.3, 0.0, 4.2)",walkIfCan,Mike_3 Root,
S_A_L_T_WALK_IF_CAN,25686,12/2/2022 1:55:10 PM,ea7d43f6-a7ed-4bc7-8002-f056ee415082,"(1.4, 0.0, 6.0)",walkIfCan,Mike_4 Root,
S_A_L_T_WALKED,25686,12/2/2022 1:55:10 PM,ea7d43f6-a7ed-4bc7-8002-f056ee415082,"(1.4, 0.0, 6.0)",walked,Mike_4 Root,
S_A_L_T_WALK_IF_CAN,25686,12/2/2022 1:55:10 PM,ea7d43f6-a7ed-4bc7-8002-f056ee415082,"(2.8, 0.0, 5.3)",walkIfCan,Gary_5 Root,
S_A_L_T_WALKED,25686,12/2/2022 1:55:10 PM,ea7d43f6-a7ed-4bc7-8002-f056ee415082,"(2.8, 0.0, 5.3)",walked,Gary_5 Root,
S_A_L_T_WALK_IF_CAN,25686,12/2/2022 1:55:10 PM,ea7d43f6-a7ed-4bc7-8002-f056ee415082,"(2.6, 0.0, 8.0)",walkIfCan,Gloria_8 Root,
S_A_L_T_WALK_IF_CAN,25686,12/2/2022 1:55:10 PM,ea7d43f6-a7ed-4bc7-8002-f056ee415082,"(3.5, 0.0, 1.1)",walkIfCan,Mike_9 Root,
S_A_L_T_WALK_IF_CAN,25686,12/2/2022 1:55:10 PM,ea7d43f6-a7ed-4bc7-8002-f056ee415082,"(3.8, 0.0, 4.0)",walkIfCan,Bob_10 Root,
S_A_L_T_WALKED,25686,12/2/2022 1:55:10 PM,ea7d43f6-a7ed-4bc7-8002-f056ee415082,"(3.8, 0.0, 4.0)",walked,Bob_10 Root,
TELEPORT,30517,12/2/2022 1:55:15 PM,ea7d43f6-a7ed-4bc7-8002-f056ee415082,"(0.8, 0.0, -2.3)",
TELEPORT,31703,12/2/2022 1:55:16 PM,ea7d43f6-a7ed-4bc7-8002-f056ee415082,"(0.4, 0.0, -1.9)",
PATIENT_ENGAGED,35261,12/2/2022 1:55:20 PM,ea7d43f6-a7ed-4bc7-8002-f056ee415082,100,Infinity,Gloria_2 Root,"(0.7, 0.0, 0.6)","(0.0, 1.0, 0.0, 0.0)",IMMEDIATE,waver,fast,fast,normal,agony,supine,
TELEPORT,35495,12/2/2022 1:55:20 PM,ea7d43f6-a7ed-4bc7-8002-f056ee415082,"(0.0, 0.0, -0.4)",
PATIENT_ENGAGED,35779,12/2/2022 1:55:20 PM,ea7d43f6-a7ed-4bc7-8002-f056ee415082,100,Infinity,Lily_7 Root,"(2.3, 0.0, 1.8)","(0.0, 1.0, 0.0, 0.0)",DEAD,still,none,none,none,dead,supine,
PATIENT_ENGAGED,41075,12/2/2022 1:55:25 PM,ea7d43f6-a7ed-4bc7-8002-f056ee415082,100,Infinity,Gloria_2 Root,"(0.7, 0.0, 0.6)","(0.0, 1.0, 0.0, 0.0)",IMMEDIATE,waver,fast,fast,normal,agony,supine,
BAG_ACCESS,44969,12/2/2022 1:55:29 PM,ea7d43f6-a7ed-4bc7-8002-f056ee415082,"(0.4, 0.6, 1.7)",
VOICE_CAPTURE,46056,12/2/2022 1:55:30 PM,ea7d43f6-a7ed-4bc7-8002-f056ee415082,ma'am what's oops oops oh crap i moved myself oh OK i did i did yeah,NA,
PULSE_TAKEN,48390,12/2/2022 1:55:33 PM,ea7d43f6-a7ed-4bc7-8002-f056ee415082,pulse_fast,Gloria_2 Root,
VOICE_CAPTURE,49071,12/2/2022 1:55:33 PM,ea7d43f6-a7ed-4bc7-8002-f056ee415082,what is your name,NA,
VOICE_COMMAND,49071,12/2/2022 1:55:33 PM,ea7d43f6-a7ed-4bc7-8002-f056ee415082,what is your name,what is your name,
VOICE_CAPTURE,49370,12/2/2022 1:55:34 PM,ea7d43f6-a7ed-4bc7-8002-f056ee415082,ma'am what's your name,NA,
VOICE_COMMAND,49370,12/2/2022 1:55:34 PM,ea7d43f6-a7ed-4bc7-8002-f056ee415082,what is your name,ma'am what's your name,
TOOL_HOVER,51055,12/2/2022 1:55:35 PM,ea7d43f6-a7ed-4bc7-8002-f056ee415082,Tourniquet,999,
TOOL_HOVER,51069,12/2/2022 1:55:35 PM,ea7d43f6-a7ed-4bc7-8002-f056ee415082,Tourniquet,999,
TOOL_HOVER,51086,12/2/2022 1:55:35 PM,ea7d43f6-a7ed-4bc7-8002-f056ee415082,Tourniquet,999,
TOOL_HOVER,51102,12/2/2022 1:55:35 PM,ea7d43f6-a7ed-4bc7-8002-f056ee415082,Tourniquet,999,
TOOL_HOVER,51118,12/2/2022 1:55:35 PM,ea7d43f6-a7ed-4bc7-8002-f056ee415082,Tourniquet,999,
TOOL_HOVER,51136,12/2/2022 1:55:35 PM,ea7d43f6-a7ed-4bc7-8002-f056ee415082,Tourniquet,999,
TOOL_HOVER,51153,12/2/2022 1:55:35 PM,ea7d43f6-a7ed-4bc7-8002-f056ee415082,Tourniquet,999,
TOOL_HOVER,51170,12/2/2022 1:55:35 PM,ea7d43f6-a7ed-4bc7-8002-f056ee415082,Tourniquet,999,
TOOL_HOVER,51187,12/2/2022 1:55:35 PM,ea7d43f6-a7ed-4bc7-8002-f056ee415082,Tourniquet,999,
TOOL_HOVER,51203,12/2/2022 1:55:35 PM,ea7d43f6-a7ed-4bc7-8002-f056ee415082,Tourniquet,999,
TOOL_SELECTED,51206,12/2/2022 1:55:35 PM,ea7d43f6-a7ed-4bc7-8002-f056ee415082,Tourniquet,998,
VOICE_CAPTURE,53341,12/2/2022 1:55:38 PM,ea7d43f6-a7ed-4bc7-8002-f056ee415082,alright,NA,
INJURY_TREATED,53712,12/2/2022 1:55:38 PM,ea7d43f6-a7ed-4bc7-8002-f056ee415082,L Shin Amputation,Gloria_2 Root,tourniquet,high,leftLeg,True,False,"(1.0, 0.1, 0.5)",
TOOL_APPLIED,53713,12/2/2022 1:55:38 PM,ea7d43f6-a7ed-4bc7-8002-f056ee415082,Gloria_2 Root,Tourniquet,LeftUpLeg (UnityEngine.GameObject),tor_ring (1) (UnityEngine.GameObject),tourniquet(Clone) (UnityEngine.GameObject),AppliedTourniquet,
PULSE_TAKEN,55794,12/2/2022 1:55:40 PM,ea7d43f6-a7ed-4bc7-8002-f056ee415082,pulse_fast,Gloria_2 Root,
VOICE_CAPTURE,58083,12/2/2022 1:55:42 PM,ea7d43f6-a7ed-4bc7-8002-f056ee415082,and apply that,NA,
TAG_SELECTED,58468,12/2/2022 1:55:43 PM,ea7d43f6-a7ed-4bc7-8002-f056ee415082,red,
VOICE_CAPTURE,59938,12/2/2022 1:55:44 PM,ea7d43f6-a7ed-4bc7-8002-f056ee415082,OK,NA,
TAG_APPLIED,60157,12/2/2022 1:55:44 PM,ea7d43f6-a7ed-4bc7-8002-f056ee415082,Gloria_2 Root,red,
PULSE_TAKEN,62477,12/2/2022 1:55:47 PM,ea7d43f6-a7ed-4bc7-8002-f056ee415082,pulse_fast,Gloria_2 Root,
PULSE_TAKEN,63128,12/2/2022 1:55:47 PM,ea7d43f6-a7ed-4bc7-8002-f056ee415082,pulse_fast,Gloria_2 Root,
BAG_CLOSED,67141,12/2/2022 1:55:51 PM,ea7d43f6-a7ed-4bc7-8002-f056ee415082,"(0.4, 0.6, 1.7)",
VOICE_CAPTURE,68334,12/2/2022 1:55:53 PM,ea7d43f6-a7ed-4bc7-8002-f056ee415082,alright,NA,
PATIENT_ENGAGED,69779,12/2/2022 1:55:54 PM,ea7d43f6-a7ed-4bc7-8002-f056ee415082,100,Infinity,Lily_7 Root,"(2.3, 0.0, 1.8)","(0.0, 1.0, 0.0, 0.0)",DEAD,still,none,none,none,dead,supine,
PULSE_TAKEN,72535,12/2/2022 1:55:57 PM,ea7d43f6-a7ed-4bc7-8002-f056ee415082,pulse_none,Lily_7 Root,
PULSE_TAKEN,74807,12/2/2022 1:55:59 PM,ea7d43f6-a7ed-4bc7-8002-f056ee415082,pulse_none,Lily_7 Root,
VOICE_CAPTURE,80454,12/2/2022 1:56:05 PM,ea7d43f6-a7ed-4bc7-8002-f056ee415082,no pulse no breathing let's see if i can,NA,
VOICE_CAPTURE,82174,12/2/2022 1:56:06 PM,ea7d43f6-a7ed-4bc7-8002-f056ee415082,stop,NA,
BAG_ACCESS,84229,12/2/2022 1:56:09 PM,ea7d43f6-a7ed-4bc7-8002-f056ee415082,"(1.5, 0.5, 2.3)",
TAG_SELECTED,87072,12/2/2022 1:56:11 PM,ea7d43f6-a7ed-4bc7-8002-f056ee415082,black,
TAG_APPLIED,88841,12/2/2022 1:56:13 PM,ea7d43f6-a7ed-4bc7-8002-f056ee415082,Lily_7 Root,black,
BAG_CLOSED,90499,12/2/2022 1:56:15 PM,ea7d43f6-a7ed-4bc7-8002-f056ee415082,"(1.5, 0.5, 2.3)",
TELEPORT,92132,12/2/2022 1:56:16 PM,ea7d43f6-a7ed-4bc7-8002-f056ee415082,"(0.5, 0.0, 1.7)",
PATIENT_ENGAGED,92399,12/2/2022 1:56:17 PM,ea7d43f6-a7ed-4bc7-8002-f056ee415082,100,Infinity,Lily_1 Root,"(1.2, 0.0, 3.9)","(0.0, 0.1, 0.0, 1.0)",DELAYED,waver,normal,normal,normal,calm,fetal,
TELEPORT,93285,12/2/2022 1:56:18 PM,ea7d43f6-a7ed-4bc7-8002-f056ee415082,"(0.2, 0.0, 2.2)",
VOICE_CAPTURE,93418,12/2/2022 1:56:18 PM,ea7d43f6-a7ed-4bc7-8002-f056ee415082,yeah i was it's it's doing the spinny thing where i'm trying to i just gotta get a good spot for it,NA,
VOICE_CAPTURE,98882,12/2/2022 1:56:23 PM,ea7d43f6-a7ed-4bc7-8002-f056ee415082,ma'am can you bend or can you roll over for me,NA,
VOICE_COMMAND,98882,12/2/2022 1:56:23 PM,ea7d43f6-a7ed-4bc7-8002-f056ee415082,lay down,ma'am can you bend or can you roll over for me,
PULSE_TAKEN,103016,12/2/2022 1:56:27 PM,ea7d43f6-a7ed-4bc7-8002-f056ee415082,pulse_normal,Lily_1 Root,
PULSE_TAKEN,103670,12/2/2022 1:56:28 PM,ea7d43f6-a7ed-4bc7-8002-f056ee415082,pulse_normal,Lily_1 Root,
PULSE_TAKEN,103837,12/2/2022 1:56:28 PM,ea7d43f6-a7ed-4bc7-8002-f056ee415082,pulse_normal,Lily_1 Root,
PULSE_TAKEN,103869,12/2/2022 1:56:28 PM,ea7d43f6-a7ed-4bc7-8002-f056ee415082,pulse_normal,Lily_1 Root,
PULSE_TAKEN,103937,12/2/2022 1:56:28 PM,ea7d43f6-a7ed-4bc7-8002-f056ee415082,pulse_normal,Lily_1 Root,
PULSE_TAKEN,104037,12/2/2022 1:56:28 PM,ea7d43f6-a7ed-4bc7-8002-f056ee415082,pulse_normal,Lily_1 Root,
PULSE_TAKEN,104070,12/2/2022 1:56:28 PM,ea7d43f6-a7ed-4bc7-8002-f056ee415082,pulse_normal,Lily_1 Root,
PULSE_TAKEN,104222,12/2/2022 1:56:29 PM,ea7d43f6-a7ed-4bc7-8002-f056ee415082,pulse_normal,Lily_1 Root,
VOICE_CAPTURE,105542,12/2/2022 1:56:30 PM,ea7d43f6-a7ed-4bc7-8002-f056ee415082,OK ma'am what's your name,NA,
VOICE_COMMAND,105542,12/2/2022 1:56:30 PM,ea7d43f6-a7ed-4bc7-8002-f056ee415082,what is your name,OK ma'am what's your name,
PATIENT_ENGAGED,106826,12/2/2022 1:56:31 PM,ea7d43f6-a7ed-4bc7-8002-f056ee415082,100,Infinity,Lily_7 Root,"(2.3, 0.0, 1.8)","(0.0, 1.0, 0.0, 0.0)",DEAD,still,none,none,none,dead,supine,
BAG_ACCESS,107194,12/2/2022 1:56:31 PM,ea7d43f6-a7ed-4bc7-8002-f056ee415082,"(0.9, 0.4, 3.2)",
TOOL_HOVER,107847,12/2/2022 1:56:32 PM,ea7d43f6-a7ed-4bc7-8002-f056ee415082,Tourniquet,998,
TOOL_HOVER,107864,12/2/2022 1:56:32 PM,ea7d43f6-a7ed-4bc7-8002-f056ee415082,Tourniquet,998,
TOOL_HOVER,107880,12/2/2022 1:56:32 PM,ea7d43f6-a7ed-4bc7-8002-f056ee415082,Tourniquet,998,
TOOL_HOVER,107898,12/2/2022 1:56:32 PM,ea7d43f6-a7ed-4bc7-8002-f056ee415082,Tourniquet,998,
TOOL_HOVER,107914,12/2/2022 1:56:32 PM,ea7d43f6-a7ed-4bc7-8002-f056ee415082,Tourniquet,998,
TOOL_HOVER,107930,12/2/2022 1:56:32 PM,ea7d43f6-a7ed-4bc7-8002-f056ee415082,Tourniquet,998,
TOOL_HOVER,107947,12/2/2022 1:56:32 PM,ea7d43f6-a7ed-4bc7-8002-f056ee415082,Tourniquet,998,
TOOL_SELECTED,107948,12/2/2022 1:56:32 PM,ea7d43f6-a7ed-4bc7-8002-f056ee415082,Tourniquet,997,
PATIENT_ENGAGED,108349,12/2/2022 1:56:33 PM,ea7d43f6-a7ed-4bc7-8002-f056ee415082,100,Infinity,Lily_1 Root,"(1.2, 0.0, 3.9)","(0.0, 0.1, 0.0, 1.0)",DELAYED,waver,normal,normal,normal,calm,supine,
BAG_CLOSED,108817,12/2/2022 1:56:33 PM,ea7d43f6-a7ed-4bc7-8002-f056ee415082,"(0.9, 0.4, 3.2)",
VOICE_CAPTURE,110017,12/2/2022 1:56:34 PM,ea7d43f6-a7ed-4bc7-8002-f056ee415082,alright,NA,
INJURY_TREATED,111438,12/2/2022 1:56:36 PM,ea7d43f6-a7ed-4bc7-8002-f056ee415082,R Thigh Laceration,Lily_1 Root,tourniquet,medium,rightLeg,True,False,"(1.2, 0.4, 4.0)",
TOOL_APPLIED,111438,12/2/2022 1:56:36 PM,ea7d43f6-a7ed-4bc7-8002-f056ee415082,Lily_1 Root,Tourniquet,RightUpLeg (UnityEngine.GameObject),tor_ring (1) (UnityEngine.GameObject),tourniquet(Clone) (UnityEngine.GameObject),AppliedTourniquet,
PATIENT_ENGAGED,113158,12/2/2022 1:56:37 PM,ea7d43f6-a7ed-4bc7-8002-f056ee415082,100,Infinity,Lily_7 Root,"(2.3, 0.0, 1.8)","(0.0, 1.0, 0.0, 0.0)",DEAD,still,none,none,none,dead,supine,
PATIENT_ENGAGED,114713,12/2/2022 1:56:39 PM,ea7d43f6-a7ed-4bc7-8002-f056ee415082,100,Infinity,Lily_1 Root,"(1.2, 0.0, 3.9)","(0.0, 0.1, 0.0, 1.0)",DELAYED,waver,normal,normal,normal,calm,supine,
BAG_ACCESS,114947,12/2/2022 1:56:39 PM,ea7d43f6-a7ed-4bc7-8002-f056ee415082,"(0.8, 0.4, 3.0)",
PATIENT_ENGAGED,116383,12/2/2022 1:56:41 PM,ea7d43f6-a7ed-4bc7-8002-f056ee415082,100,Infinity,Lily_7 Root,"(2.3, 0.0, 1.8)","(0.0, 1.0, 0.0, 0.0)",DEAD,still,none,none,none,dead,supine,
TOOL_HOVER,117452,12/2/2022 1:56:42 PM,ea7d43f6-a7ed-4bc7-8002-f056ee415082,Tourniquet,997,
TOOL_HOVER,117469,12/2/2022 1:56:42 PM,ea7d43f6-a7ed-4bc7-8002-f056ee415082,Tourniquet,997,
TOOL_HOVER,117486,12/2/2022 1:56:42 PM,ea7d43f6-a7ed-4bc7-8002-f056ee415082,Tourniquet,997,
TOOL_HOVER,117503,12/2/2022 1:56:42 PM,ea7d43f6-a7ed-4bc7-8002-f056ee415082,Tourniquet,997,
TOOL_HOVER,117519,12/2/2022 1:56:42 PM,ea7d43f6-a7ed-4bc7-8002-f056ee415082,Tourniquet,997,
TOOL_HOVER,117536,12/2/2022 1:56:42 PM,ea7d43f6-a7ed-4bc7-8002-f056ee415082,Tourniquet,997,
TOOL_HOVER,117554,12/2/2022 1:56:42 PM,ea7d43f6-a7ed-4bc7-8002-f056ee415082,Tourniquet,997,
TOOL_HOVER,117569,12/2/2022 1:56:42 PM,ea7d43f6-a7ed-4bc7-8002-f056ee415082,Tourniquet,997,
TOOL_HOVER,117586,12/2/2022 1:56:42 PM,ea7d43f6-a7ed-4bc7-8002-f056ee415082,Tourniquet,997,
TOOL_HOVER,117602,12/2/2022 1:56:42 PM,ea7d43f6-a7ed-4bc7-8002-f056ee415082,Tourniquet,997,
TOOL_HOVER,117619,12/2/2022 1:56:42 PM,ea7d43f6-a7ed-4bc7-8002-f056ee415082,Tourniquet,997,
TOOL_HOVER,117636,12/2/2022 1:56:42 PM,ea7d43f6-a7ed-4bc7-8002-f056ee415082,Tourniquet,997,
TOOL_HOVER,117653,12/2/2022 1:56:42 PM,ea7d43f6-a7ed-4bc7-8002-f056ee415082,Tourniquet,997,
TOOL_HOVER,117669,12/2/2022 1:56:42 PM,ea7d43f6-a7ed-4bc7-8002-f056ee415082,Tourniquet,997,
TOOL_HOVER,117686,12/2/2022 1:56:42 PM,ea7d43f6-a7ed-4bc7-8002-f056ee415082,Tourniquet,997,
TOOL_HOVER,117702,12/2/2022 1:56:42 PM,ea7d43f6-a7ed-4bc7-8002-f056ee415082,Tourniquet,997,
TOOL_HOVER,117720,12/2/2022 1:56:42 PM,ea7d43f6-a7ed-4bc7-8002-f056ee415082,Tourniquet,997,
TOOL_HOVER,117737,12/2/2022 1:56:42 PM,ea7d43f6-a7ed-4bc7-8002-f056ee415082,Tourniquet,997,
TOOL_HOVER,117754,12/2/2022 1:56:42 PM,ea7d43f6-a7ed-4bc7-8002-f056ee415082,Tourniquet,997,
TOOL_HOVER,117769,12/2/2022 1:56:42 PM,ea7d43f6-a7ed-4bc7-8002-f056ee415082,Tourniquet,997,
TOOL_HOVER,117788,12/2/2022 1:56:42 PM,ea7d43f6-a7ed-4bc7-8002-f056ee415082,Tourniquet,997,
TOOL_HOVER,117802,12/2/2022 1:56:42 PM,ea7d43f6-a7ed-4bc7-8002-f056ee415082,Tourniquet,997,
TOOL_HOVER,117820,12/2/2022 1:56:42 PM,ea7d43f6-a7ed-4bc7-8002-f056ee415082,Tourniquet,997,
TOOL_HOVER,117837,12/2/2022 1:56:42 PM,ea7d43f6-a7ed-4bc7-8002-f056ee415082,Tourniquet,997,
PATIENT_ENGAGED,118705,12/2/2022 1:56:43 PM,ea7d43f6-a7ed-4bc7-8002-f056ee415082,100,Infinity,Lily_1 Root,"(1.2, 0.0, 3.9)","(0.0, 0.1, 0.0, 1.0)",DELAYED,waver,normal,normal,normal,calm,supine,
PATIENT_ENGAGED,118840,12/2/2022 1:56:43 PM,ea7d43f6-a7ed-4bc7-8002-f056ee415082,100,Infinity,Lily_7 Root,"(2.3, 0.0, 1.8)","(0.0, 1.0, 0.0, 0.0)",DEAD,still,none,none,none,dead,supine,
TOOL_HOVER,119641,12/2/2022 1:56:44 PM,ea7d43f6-a7ed-4bc7-8002-f056ee415082,Tourniquet,997,
TOOL_HOVER,119658,12/2/2022 1:56:44 PM,ea7d43f6-a7ed-4bc7-8002-f056ee415082,Tourniquet,997,
TOOL_HOVER,119674,12/2/2022 1:56:44 PM,ea7d43f6-a7ed-4bc7-8002-f056ee415082,Tourniquet,997,
TOOL_HOVER,119690,12/2/2022 1:56:44 PM,ea7d43f6-a7ed-4bc7-8002-f056ee415082,Tourniquet,997,
TOOL_HOVER,119709,12/2/2022 1:56:44 PM,ea7d43f6-a7ed-4bc7-8002-f056ee415082,Tourniquet,997,
TOOL_HOVER,119724,12/2/2022 1:56:44 PM,ea7d43f6-a7ed-4bc7-8002-f056ee415082,Tourniquet,997,
TOOL_HOVER,119744,12/2/2022 1:56:44 PM,ea7d43f6-a7ed-4bc7-8002-f056ee415082,Tourniquet,997,
TOOL_SELECTED,119745,12/2/2022 1:56:44 PM,ea7d43f6-a7ed-4bc7-8002-f056ee415082,Tourniquet,996,
TOOL_DISCARDED,121162,12/2/2022 1:56:45 PM,ea7d43f6-a7ed-4bc7-8002-f056ee415082,Tourniquet,996,"(1.4, 0.5, 3.7)",
PATIENT_ENGAGED,122163,12/2/2022 1:56:46 PM,ea7d43f6-a7ed-4bc7-8002-f056ee415082,100,Infinity,Lily_1 Root,"(1.2, 0.0, 3.9)","(0.0, 0.1, 0.0, 1.0)",DELAYED,waver,normal,normal,normal,calm,supine,
PATIENT_ENGAGED,122364,12/2/2022 1:56:47 PM,ea7d43f6-a7ed-4bc7-8002-f056ee415082,100,Infinity,Lily_7 Root,"(2.3, 0.0, 1.8)","(0.0, 1.0, 0.0, 0.0)",DEAD,still,none,none,none,dead,supine,
TOOL_HOVER,122849,12/2/2022 1:56:47 PM,ea7d43f6-a7ed-4bc7-8002-f056ee415082,Tourniquet,997,
TOOL_HOVER,122866,12/2/2022 1:56:47 PM,ea7d43f6-a7ed-4bc7-8002-f056ee415082,Tourniquet,997,
TOOL_HOVER,122883,12/2/2022 1:56:47 PM,ea7d43f6-a7ed-4bc7-8002-f056ee415082,Tourniquet,997,
TOOL_HOVER,122899,12/2/2022 1:56:47 PM,ea7d43f6-a7ed-4bc7-8002-f056ee415082,Tourniquet,997,
TOOL_HOVER,122917,12/2/2022 1:56:47 PM,ea7d43f6-a7ed-4bc7-8002-f056ee415082,Tourniquet,997,
TOOL_HOVER,122932,12/2/2022 1:56:47 PM,ea7d43f6-a7ed-4bc7-8002-f056ee415082,Tourniquet,997,
TOOL_HOVER,122949,12/2/2022 1:56:47 PM,ea7d43f6-a7ed-4bc7-8002-f056ee415082,Tourniquet,997,
TOOL_HOVER,122966,12/2/2022 1:56:47 PM,ea7d43f6-a7ed-4bc7-8002-f056ee415082,Tourniquet,997,
TOOL_HOVER,122983,12/2/2022 1:56:47 PM,ea7d43f6-a7ed-4bc7-8002-f056ee415082,Tourniquet,997,
TOOL_HOVER,123000,12/2/2022 1:56:47 PM,ea7d43f6-a7ed-4bc7-8002-f056ee415082,Tourniquet,997,
TOOL_HOVER,123016,12/2/2022 1:56:47 PM,ea7d43f6-a7ed-4bc7-8002-f056ee415082,Tourniquet,997,
TOOL_HOVER,123033,12/2/2022 1:56:47 PM,ea7d43f6-a7ed-4bc7-8002-f056ee415082,Tourniquet,997,
TOOL_HOVER,123049,12/2/2022 1:56:47 PM,ea7d43f6-a7ed-4bc7-8002-f056ee415082,Tourniquet,997,
TOOL_HOVER,123067,12/2/2022 1:56:47 PM,ea7d43f6-a7ed-4bc7-8002-f056ee415082,Tourniquet,997,
TOOL_HOVER,123085,12/2/2022 1:56:47 PM,ea7d43f6-a7ed-4bc7-8002-f056ee415082,Tourniquet,997,
TOOL_HOVER,123099,12/2/2022 1:56:47 PM,ea7d43f6-a7ed-4bc7-8002-f056ee415082,Tourniquet,997,
TOOL_HOVER,123116,12/2/2022 1:56:47 PM,ea7d43f6-a7ed-4bc7-8002-f056ee415082,Tourniquet,997,
TOOL_HOVER,123132,12/2/2022 1:56:47 PM,ea7d43f6-a7ed-4bc7-8002-f056ee415082,Tourniquet,997,
TOOL_HOVER,123149,12/2/2022 1:56:47 PM,ea7d43f6-a7ed-4bc7-8002-f056ee415082,Tourniquet,997,
TOOL_HOVER,123166,12/2/2022 1:56:47 PM,ea7d43f6-a7ed-4bc7-8002-f056ee415082,Tourniquet,997,
TOOL_HOVER,123182,12/2/2022 1:56:47 PM,ea7d43f6-a7ed-4bc7-8002-f056ee415082,Tourniquet,997,
TOOL_HOVER,123198,12/2/2022 1:56:47 PM,ea7d43f6-a7ed-4bc7-8002-f056ee415082,Tourniquet,997,
TOOL_HOVER,123216,12/2/2022 1:56:48 PM,ea7d43f6-a7ed-4bc7-8002-f056ee415082,Tourniquet,997,
TOOL_HOVER,123232,12/2/2022 1:56:48 PM,ea7d43f6-a7ed-4bc7-8002-f056ee415082,Tourniquet,997,
TOOL_HOVER,124252,12/2/2022 1:56:49 PM,ea7d43f6-a7ed-4bc7-8002-f056ee415082,Tourniquet,997,
TOOL_HOVER,124270,12/2/2022 1:56:49 PM,ea7d43f6-a7ed-4bc7-8002-f056ee415082,Tourniquet,997,
TOOL_HOVER,124286,12/2/2022 1:56:49 PM,ea7d43f6-a7ed-4bc7-8002-f056ee415082,Tourniquet,997,
TOOL_HOVER,124304,12/2/2022 1:56:49 PM,ea7d43f6-a7ed-4bc7-8002-f056ee415082,Tourniquet,997,
TOOL_HOVER,124321,12/2/2022 1:56:49 PM,ea7d43f6-a7ed-4bc7-8002-f056ee415082,Tourniquet,997,
TOOL_HOVER,124337,12/2/2022 1:56:49 PM,ea7d43f6-a7ed-4bc7-8002-f056ee415082,Tourniquet,997,
TOOL_HOVER,124354,12/2/2022 1:56:49 PM,ea7d43f6-a7ed-4bc7-8002-f056ee415082,Tourniquet,997,
TOOL_HOVER,124370,12/2/2022 1:56:49 PM,ea7d43f6-a7ed-4bc7-8002-f056ee415082,Tourniquet,997,
TOOL_HOVER,124387,12/2/2022 1:56:49 PM,ea7d43f6-a7ed-4bc7-8002-f056ee415082,Tourniquet,997,
TOOL_HOVER,124404,12/2/2022 1:56:49 PM,ea7d43f6-a7ed-4bc7-8002-f056ee415082,Tourniquet,997,
TOOL_HOVER,124421,12/2/2022 1:56:49 PM,ea7d43f6-a7ed-4bc7-8002-f056ee415082,Tourniquet,997,
TOOL_HOVER,124439,12/2/2022 1:56:49 PM,ea7d43f6-a7ed-4bc7-8002-f056ee415082,Tourniquet,997,
TOOL_HOVER,124455,12/2/2022 1:56:49 PM,ea7d43f6-a7ed-4bc7-8002-f056ee415082,Tourniquet,997,
TOOL_HOVER,124471,12/2/2022 1:56:49 PM,ea7d43f6-a7ed-4bc7-8002-f056ee415082,Tourniquet,997,
TOOL_SELECTED,124471,12/2/2022 1:56:49 PM,ea7d43f6-a7ed-4bc7-8002-f056ee415082,Tourniquet,996,
PATIENT_ENGAGED,132171,12/2/2022 1:56:56 PM,ea7d43f6-a7ed-4bc7-8002-f056ee415082,100,Infinity,Lily_1 Root,"(1.2, 0.0, 3.9)","(0.0, 0.1, 0.0, 1.0)",DELAYED,waver,normal,normal,normal,calm,supine,
VOICE_CAPTURE,135462,12/2/2022 1:57:00 PM,ea7d43f6-a7ed-4bc7-8002-f056ee415082,OK OK will you sit up ma'am,NA,
VOICE_COMMAND,135462,12/2/2022 1:57:00 PM,ea7d43f6-a7ed-4bc7-8002-f056ee415082,sit up/down,OK OK will you sit up ma'am,
TOOL_APPLIED,138438,12/2/2022 1:57:03 PM,ea7d43f6-a7ed-4bc7-8002-f056ee415082,Lily_1 Root,Tourniquet,RightForeArm (UnityEngine.GameObject),tor_ring (1) (UnityEngine.GameObject),tourniquet(Clone) (UnityEngine.GameObject),AppliedTourniquet,
PATIENT_ENGAGED,141360,12/2/2022 1:57:06 PM,ea7d43f6-a7ed-4bc7-8002-f056ee415082,100,Infinity,Lily_7 Root,"(2.3, 0.0, 1.8)","(0.0, 1.0, 0.0, 0.0)",DEAD,still,none,none,none,dead,supine,
VOICE_CAPTURE,141878,12/2/2022 1:57:06 PM,ea7d43f6-a7ed-4bc7-8002-f056ee415082,yeah no that's fine,NA,
TOOL_HOVER,142146,12/2/2022 1:57:06 PM,ea7d43f6-a7ed-4bc7-8002-f056ee415082,Tourniquet,996,
TOOL_HOVER,142163,12/2/2022 1:57:06 PM,ea7d43f6-a7ed-4bc7-8002-f056ee415082,Tourniquet,996,
TOOL_HOVER,142178,12/2/2022 1:57:06 PM,ea7d43f6-a7ed-4bc7-8002-f056ee415082,Tourniquet,996,
TOOL_HOVER,142195,12/2/2022 1:57:06 PM,ea7d43f6-a7ed-4bc7-8002-f056ee415082,Tourniquet,996,
TOOL_HOVER,142212,12/2/2022 1:57:07 PM,ea7d43f6-a7ed-4bc7-8002-f056ee415082,Tourniquet,996,
TOOL_HOVER,142228,12/2/2022 1:57:07 PM,ea7d43f6-a7ed-4bc7-8002-f056ee415082,Tourniquet,996,
TOOL_HOVER,142246,12/2/2022 1:57:07 PM,ea7d43f6-a7ed-4bc7-8002-f056ee415082,Tourniquet,996,
TOOL_HOVER,142263,12/2/2022 1:57:07 PM,ea7d43f6-a7ed-4bc7-8002-f056ee415082,Tourniquet,996,
TOOL_HOVER,142279,12/2/2022 1:57:07 PM,ea7d43f6-a7ed-4bc7-8002-f056ee415082,Tourniquet,996,
TOOL_HOVER,142296,12/2/2022 1:57:07 PM,ea7d43f6-a7ed-4bc7-8002-f056ee415082,Tourniquet,996,
TOOL_SELECTED,142298,12/2/2022 1:57:07 PM,ea7d43f6-a7ed-4bc7-8002-f056ee415082,Tourniquet,995,
PATIENT_ENGAGED,142881,12/2/2022 1:57:07 PM,ea7d43f6-a7ed-4bc7-8002-f056ee415082,100,Infinity,Lily_1 Root,"(1.2, 0.0, 3.9)","(0.0, 0.1, 0.0, 1.0)",DELAYED,waver,normal,normal,normal,calm,sittingGround,
VOICE_CAPTURE,146339,12/2/2022 1:57:11 PM,ea7d43f6-a7ed-4bc7-8002-f056ee415082,yeah i was gonna say i'm trying,NA,
TOOL_APPLIED,146573,12/2/2022 1:57:11 PM,ea7d43f6-a7ed-4bc7-8002-f056ee415082,Lily_1 Root,Tourniquet,RightForeArm (UnityEngine.GameObject),tor_ring (1) (UnityEngine.GameObject),tourniquet(Clone) (UnityEngine.GameObject),AppliedTourniquet,
PATIENT_ENGAGED,148511,12/2/2022 1:57:13 PM,ea7d43f6-a7ed-4bc7-8002-f056ee415082,100,Infinity,Lily_7 Root,"(2.3, 0.0, 1.8)","(0.0, 1.0, 0.0, 0.0)",DEAD,still,none,none,none,dead,supine,
PATIENT_ENGAGED,149063,12/2/2022 1:57:13 PM,ea7d43f6-a7ed-4bc7-8002-f056ee415082,100,Infinity,Lily_1 Root,"(1.2, 0.0, 3.9)","(0.0, 0.1, 0.0, 1.0)",DELAYED,waver,normal,normal,normal,calm,sittingGround,
BAG_CLOSED,150984,12/2/2022 1:57:15 PM,ea7d43f6-a7ed-4bc7-8002-f056ee415082,"(0.8, 0.4, 3.0)",
TELEPORT,150984,12/2/2022 1:57:15 PM,ea7d43f6-a7ed-4bc7-8002-f056ee415082,"(0.2, 0.0, 2.3)",
VOICE_CAPTURE,153983,12/2/2022 1:57:18 PM,ea7d43f6-a7ed-4bc7-8002-f056ee415082,OK,NA,
VOICE_CAPTURE,155311,12/2/2022 1:57:20 PM,ea7d43f6-a7ed-4bc7-8002-f056ee415082,oh gosh dang it,NA,
VOICE_CAPTURE,160014,12/2/2022 1:57:24 PM,ea7d43f6-a7ed-4bc7-8002-f056ee415082,yeah,NA,
TELEPORT,160785,12/2/2022 1:57:25 PM,ea7d43f6-a7ed-4bc7-8002-f056ee415082,"(4.0, 0.0, 7.7)",
VOICE_CAPTURE,164902,12/2/2022 1:57:29 PM,ea7d43f6-a7ed-4bc7-8002-f056ee415082,OK yeah yeah,NA,
BAG_ACCESS,170213,12/2/2022 1:57:35 PM,ea7d43f6-a7ed-4bc7-8002-f056ee415082,"(1.6, 0.4, 4.6)",
TOOL_HOVER,171048,12/2/2022 1:57:35 PM,ea7d43f6-a7ed-4bc7-8002-f056ee415082,Tourniquet,995,
TOOL_HOVER,171065,12/2/2022 1:57:35 PM,ea7d43f6-a7ed-4bc7-8002-f056ee415082,Tourniquet,995,
TOOL_HOVER,171082,12/2/2022 1:57:35 PM,ea7d43f6-a7ed-4bc7-8002-f056ee415082,Tourniquet,995,
TOOL_HOVER,171099,12/2/2022 1:57:35 PM,ea7d43f6-a7ed-4bc7-8002-f056ee415082,Tourniquet,995,
TOOL_HOVER,171115,12/2/2022 1:57:35 PM,ea7d43f6-a7ed-4bc7-8002-f056ee415082,Tourniquet,995,
TOOL_SELECTED,171116,12/2/2022 1:57:35 PM,ea7d43f6-a7ed-4bc7-8002-f056ee415082,Tourniquet,994,
VOICE_CAPTURE,171315,12/2/2022 1:57:36 PM,ea7d43f6-a7ed-4bc7-8002-f056ee415082,the right thumb is the jump yeah OK,NA,
INJURY_TREATED,173005,12/2/2022 1:57:37 PM,ea7d43f6-a7ed-4bc7-8002-f056ee415082,R Bicep Puncture,Lily_1 Root,tourniquet,medium,rightArm,True,False,"(1.2, 0.4, 3.6)",
TOOL_APPLIED,173005,12/2/2022 1:57:37 PM,ea7d43f6-a7ed-4bc7-8002-f056ee415082,Lily_1 Root,Tourniquet,RightArm (UnityEngine.GameObject),tor_ring (1) (UnityEngine.GameObject),tourniquet(Clone) (UnityEngine.GameObject),AppliedTourniquet,
PULSE_TAKEN,173137,12/2/2022 1:57:37 PM,ea7d43f6-a7ed-4bc7-8002-f056ee415082,pulse_normal,Lily_1 Root,
BAG_CLOSED,175197,12/2/2022 1:57:39 PM,ea7d43f6-a7ed-4bc7-8002-f056ee415082,"(1.6, 0.4, 4.6)",
VOICE_CAPTURE,178449,12/2/2022 1:57:43 PM,ea7d43f6-a7ed-4bc7-8002-f056ee415082,try this again there we go OK alright,NA,
BAG_ACCESS,181725,12/2/2022 1:57:46 PM,ea7d43f6-a7ed-4bc7-8002-f056ee415082,"(1.5, 0.5, 4.6)",
PULSE_TAKEN,182694,12/2/2022 1:57:47 PM,ea7d43f6-a7ed-4bc7-8002-f056ee415082,pulse_normal,Lily_1 Root,
VOICE_CAPTURE,183027,12/2/2022 1:57:47 PM,ea7d43f6-a7ed-4bc7-8002-f056ee415082,yes,NA,
TAG_SELECTED,187906,12/2/2022 1:57:52 PM,ea7d43f6-a7ed-4bc7-8002-f056ee415082,red,
TAG_APPLIED,188541,12/2/2022 1:57:53 PM,ea7d43f6-a7ed-4bc7-8002-f056ee415082,Lily_1 Root,red,
VOICE_CAPTURE,189710,12/2/2022 1:57:54 PM,ea7d43f6-a7ed-4bc7-8002-f056ee415082,yeah no you're fine thank you i appreciate it,NA,
BAG_CLOSED,190099,12/2/2022 1:57:54 PM,ea7d43f6-a7ed-4bc7-8002-f056ee415082,"(1.5, 0.5, 4.6)",
TELEPORT,190295,12/2/2022 1:57:55 PM,ea7d43f6-a7ed-4bc7-8002-f056ee415082,"(1.1, 0.0, 4.0)",
PATIENT_ENGAGED,192937,12/2/2022 1:57:57 PM,ea7d43f6-a7ed-4bc7-8002-f056ee415082,100,Infinity,Mike_3 Root,"(-1.3, 0.0, 4.2)","(0.0, 0.4, 0.0, 0.9)",IMMEDIATE,waver,fast,fast,normal,agony,sittingGround,
TOOL_HOVER,195305,12/2/2022 1:58:00 PM,ea7d43f6-a7ed-4bc7-8002-f056ee415082,Needle,999,
TOOL_HOVER,195322,12/2/2022 1:58:00 PM,ea7d43f6-a7ed-4bc7-8002-f056ee415082,Needle,999,
TOOL_HOVER,195339,12/2/2022 1:58:00 PM,ea7d43f6-a7ed-4bc7-8002-f056ee415082,Needle,999,
TOOL_HOVER,195356,12/2/2022 1:58:00 PM,ea7d43f6-a7ed-4bc7-8002-f056ee415082,Needle,999,
TOOL_HOVER,195373,12/2/2022 1:58:00 PM,ea7d43f6-a7ed-4bc7-8002-f056ee415082,Needle,999,
TOOL_HOVER,195390,12/2/2022 1:58:00 PM,ea7d43f6-a7ed-4bc7-8002-f056ee415082,Needle,999,
TOOL_HOVER,195408,12/2/2022 1:58:00 PM,ea7d43f6-a7ed-4bc7-8002-f056ee415082,Needle,999,
TOOL_HOVER,195426,12/2/2022 1:58:00 PM,ea7d43f6-a7ed-4bc7-8002-f056ee415082,Needle,999,
TOOL_HOVER,195444,12/2/2022 1:58:00 PM,ea7d43f6-a7ed-4bc7-8002-f056ee415082,Needle,999,
TOOL_HOVER,195462,12/2/2022 1:58:00 PM,ea7d43f6-a7ed-4bc7-8002-f056ee415082,Needle,999,
TOOL_HOVER,195481,12/2/2022 1:58:00 PM,ea7d43f6-a7ed-4bc7-8002-f056ee415082,Needle,999,
TOOL_HOVER,195500,12/2/2022 1:58:00 PM,ea7d43f6-a7ed-4bc7-8002-f056ee415082,Needle,999,
TOOL_HOVER,195519,12/2/2022 1:58:00 PM,ea7d43f6-a7ed-4bc7-8002-f056ee415082,Tourniquet,994,
TOOL_HOVER,195538,12/2/2022 1:58:00 PM,ea7d43f6-a7ed-4bc7-8002-f056ee415082,Tourniquet,994,
TOOL_HOVER,195558,12/2/2022 1:58:00 PM,ea7d43f6-a7ed-4bc7-8002-f056ee415082,Tourniquet,994,
TOOL_HOVER,195577,12/2/2022 1:58:00 PM,ea7d43f6-a7ed-4bc7-8002-f056ee415082,Tourniquet,994,
VOICE_CAPTURE,195596,12/2/2022 1:58:00 PM,ea7d43f6-a7ed-4bc7-8002-f056ee415082,alright,NA,
TOOL_HOVER,195596,12/2/2022 1:58:00 PM,ea7d43f6-a7ed-4bc7-8002-f056ee415082,Tourniquet,994,
BAG_ACCESS,196024,12/2/2022 1:58:00 PM,ea7d43f6-a7ed-4bc7-8002-f056ee415082,"(-1.0, 0.4, 4.6)",
VOICE_CAPTURE,198112,12/2/2022 1:58:02 PM,ea7d43f6-a7ed-4bc7-8002-f056ee415082,hello sir what's your name,NA,
VOICE_COMMAND,198112,12/2/2022 1:58:02 PM,ea7d43f6-a7ed-4bc7-8002-f056ee415082,what is your name,hello sir what's your name,
TOOL_HOVER,199745,12/2/2022 1:58:04 PM,ea7d43f6-a7ed-4bc7-8002-f056ee415082,Tourniquet,994,
TOOL_HOVER,199763,12/2/2022 1:58:04 PM,ea7d43f6-a7ed-4bc7-8002-f056ee415082,Tourniquet,994,
TOOL_HOVER,199783,12/2/2022 1:58:04 PM,ea7d43f6-a7ed-4bc7-8002-f056ee415082,Tourniquet,994,
TOOL_HOVER,199803,12/2/2022 1:58:04 PM,ea7d43f6-a7ed-4bc7-8002-f056ee415082,Tourniquet,994,
TOOL_SELECTED,199804,12/2/2022 1:58:04 PM,ea7d43f6-a7ed-4bc7-8002-f056ee415082,Tourniquet,993,
INJURY_TREATED,201999,12/2/2022 1:58:06 PM,ea7d43f6-a7ed-4bc7-8002-f056ee415082,R Wrist Amputation,Mike_3 Root,tourniquet,high,rightArm,True,False,"(-1.4, 0.5, 4.2)",
TOOL_APPLIED,201999,12/2/2022 1:58:06 PM,ea7d43f6-a7ed-4bc7-8002-f056ee415082,Mike_3 Root,Tourniquet,RightArm (UnityEngine.GameObject),tor_ring (1) (UnityEngine.GameObject),tourniquet(Clone) (UnityEngine.GameObject),AppliedTourniquet,
PULSE_TAKEN,203828,12/2/2022 1:58:08 PM,ea7d43f6-a7ed-4bc7-8002-f056ee415082,pulse_fast,Mike_3 Root,
VOICE_CAPTURE,205531,12/2/2022 1:58:10 PM,ea7d43f6-a7ed-4bc7-8002-f056ee415082,OK michael,NA,
VOICE_CAPTURE,208689,12/2/2022 1:58:13 PM,ea7d43f6-a7ed-4bc7-8002-f056ee415082,pulse here,NA,
TAG_SELECTED,211899,12/2/2022 1:58:16 PM,ea7d43f6-a7ed-4bc7-8002-f056ee415082,red,
TAG_APPLIED,213501,12/2/2022 1:58:18 PM,ea7d43f6-a7ed-4bc7-8002-f056ee415082,Mike_3 Root,red,
VOICE_CAPTURE,214120,12/2/2022 1:58:18 PM,ea7d43f6-a7ed-4bc7-8002-f056ee415082,OK,NA,
BAG_CLOSED,214793,12/2/2022 1:58:19 PM,ea7d43f6-a7ed-4bc7-8002-f056ee415082,"(-1.0, 0.4, 4.6)",
TELEPORT,217880,12/2/2022 1:58:22 PM,ea7d43f6-a7ed-4bc7-8002-f056ee415082,"(-1.4, 0.0, 4.9)",
TELEPORT,219971,12/2/2022 1:58:24 PM,ea7d43f6-a7ed-4bc7-8002-f056ee415082,"(-1.2, 0.0, 5.2)",
VOICE_CAPTURE,220035,12/2/2022 1:58:24 PM,ea7d43f6-a7ed-4bc7-8002-f056ee415082,oh,NA,
PATIENT_ENGAGED,220536,12/2/2022 1:58:25 PM,ea7d43f6-a7ed-4bc7-8002-f056ee415082,100,Infinity,Helga_0 Root,"(0.2, 0.0, 7.7)","(0.0, 0.7, 0.0, 0.7)",IMMEDIATE,waver,fast,fast,normal,upset,sittingGround,
PULSE_TAKEN,224277,12/2/2022 1:58:29 PM,ea7d43f6-a7ed-4bc7-8002-f056ee415082,pulse_fast,Helga_0 Root,
TOOL_HOVER,226099,12/2/2022 1:58:30 PM,ea7d43f6-a7ed-4bc7-8002-f056ee415082,Gauze,999,
TOOL_HOVER,226116,12/2/2022 1:58:30 PM,ea7d43f6-a7ed-4bc7-8002-f056ee415082,Gauze,999,
TOOL_HOVER,226133,12/2/2022 1:58:30 PM,ea7d43f6-a7ed-4bc7-8002-f056ee415082,Gauze,999,
TOOL_HOVER,226149,12/2/2022 1:58:30 PM,ea7d43f6-a7ed-4bc7-8002-f056ee415082,Gauze,999,
TOOL_HOVER,226165,12/2/2022 1:58:30 PM,ea7d43f6-a7ed-4bc7-8002-f056ee415082,Gauze,999,
TOOL_HOVER,226182,12/2/2022 1:58:30 PM,ea7d43f6-a7ed-4bc7-8002-f056ee415082,Gauze,999,
TOOL_HOVER,226198,12/2/2022 1:58:30 PM,ea7d43f6-a7ed-4bc7-8002-f056ee415082,Gauze,999,
TOOL_HOVER,226216,12/2/2022 1:58:31 PM,ea7d43f6-a7ed-4bc7-8002-f056ee415082,Gauze,999,
TOOL_HOVER,226232,12/2/2022 1:58:31 PM,ea7d43f6-a7ed-4bc7-8002-f056ee415082,Gauze,999,
TOOL_HOVER,226249,12/2/2022 1:58:31 PM,ea7d43f6-a7ed-4bc7-8002-f056ee415082,Gauze,999,
TOOL_HOVER,226266,12/2/2022 1:58:31 PM,ea7d43f6-a7ed-4bc7-8002-f056ee415082,Gauze,999,
TOOL_HOVER,226283,12/2/2022 1:58:31 PM,ea7d43f6-a7ed-4bc7-8002-f056ee415082,Gauze,999,
TOOL_HOVER,226299,12/2/2022 1:58:31 PM,ea7d43f6-a7ed-4bc7-8002-f056ee415082,Gauze,999,
TOOL_HOVER,226317,12/2/2022 1:58:31 PM,ea7d43f6-a7ed-4bc7-8002-f056ee415082,Gauze,999,
TOOL_HOVER,226332,12/2/2022 1:58:31 PM,ea7d43f6-a7ed-4bc7-8002-f056ee415082,Gauze,999,
TOOL_HOVER,226350,12/2/2022 1:58:31 PM,ea7d43f6-a7ed-4bc7-8002-f056ee415082,Gauze,999,
TOOL_HOVER,226367,12/2/2022 1:58:31 PM,ea7d43f6-a7ed-4bc7-8002-f056ee415082,Gauze,999,
TOOL_HOVER,226383,12/2/2022 1:58:31 PM,ea7d43f6-a7ed-4bc7-8002-f056ee415082,Gauze,999,
BAG_ACCESS,226667,12/2/2022 1:58:31 PM,ea7d43f6-a7ed-4bc7-8002-f056ee415082,"(0.3, 0.4, 7.3)",
TOOL_HOVER,227653,12/2/2022 1:58:32 PM,ea7d43f6-a7ed-4bc7-8002-f056ee415082,Hemostatic Gauze,999,
TOOL_HOVER,227669,12/2/2022 1:58:32 PM,ea7d43f6-a7ed-4bc7-8002-f056ee415082,Hemostatic Gauze,999,
TOOL_HOVER,227686,12/2/2022 1:58:32 PM,ea7d43f6-a7ed-4bc7-8002-f056ee415082,Hemostatic Gauze,999,
TOOL_HOVER,227703,12/2/2022 1:58:32 PM,ea7d43f6-a7ed-4bc7-8002-f056ee415082,Hemostatic Gauze,999,
TOOL_HOVER,227720,12/2/2022 1:58:32 PM,ea7d43f6-a7ed-4bc7-8002-f056ee415082,Hemostatic Gauze,999,
TOOL_HOVER,227736,12/2/2022 1:58:32 PM,ea7d43f6-a7ed-4bc7-8002-f056ee415082,Hemostatic Gauze,999,
TOOL_HOVER,227753,12/2/2022 1:58:32 PM,ea7d43f6-a7ed-4bc7-8002-f056ee415082,Hemostatic Gauze,999,
TOOL_HOVER,227770,12/2/2022 1:58:32 PM,ea7d43f6-a7ed-4bc7-8002-f056ee415082,Hemostatic Gauze,999,
TOOL_HOVER,227786,12/2/2022 1:58:32 PM,ea7d43f6-a7ed-4bc7-8002-f056ee415082,Hemostatic Gauze,999,
TOOL_HOVER,227802,12/2/2022 1:58:32 PM,ea7d43f6-a7ed-4bc7-8002-f056ee415082,Hemostatic Gauze,999,
TOOL_HOVER,227819,12/2/2022 1:58:32 PM,ea7d43f6-a7ed-4bc7-8002-f056ee415082,Hemostatic Gauze,999,
TOOL_HOVER,227836,12/2/2022 1:58:32 PM,ea7d43f6-a7ed-4bc7-8002-f056ee415082,Hemostatic Gauze,999,
TOOL_SELECTED,227838,12/2/2022 1:58:32 PM,ea7d43f6-a7ed-4bc7-8002-f056ee415082,Hemostatic Gauze,998,
VOICE_CAPTURE,229856,12/2/2022 1:58:34 PM,ea7d43f6-a7ed-4bc7-8002-f056ee415082,OK,NA,
VOICE_CAPTURE,232731,12/2/2022 1:58:37 PM,ea7d43f6-a7ed-4bc7-8002-f056ee415082,can you lay down ma'am,NA,
VOICE_COMMAND,232731,12/2/2022 1:58:37 PM,ea7d43f6-a7ed-4bc7-8002-f056ee415082,lay down,can you lay down ma'am,
TOOL_DISCARDED,235438,12/2/2022 1:58:40 PM,ea7d43f6-a7ed-4bc7-8002-f056ee415082,Hemostatic Gauze,998,"(-0.2, 0.2, 7.4)",
INJURY_TREATED,235440,12/2/2022 1:58:40 PM,ea7d43f6-a7ed-4bc7-8002-f056ee415082,L Stomach Puncture,Helga_0 Root,woundpack,high,abdomen,True,False,"(-0.1, 0.2, 7.4)",
TOOL_APPLIED,235440,12/2/2022 1:58:40 PM,ea7d43f6-a7ed-4bc7-8002-f056ee415082,Helga_0 Root,Gauze_Pack,skinCollider_BodyLOD (UnityEngine.GameObject),null,null,AppliedPackingGauze,
TOOL_HOVER,238347,12/2/2022 1:58:43 PM,ea7d43f6-a7ed-4bc7-8002-f056ee415082,Hemostatic Gauze,999,
TOOL_HOVER,238362,12/2/2022 1:58:43 PM,ea7d43f6-a7ed-4bc7-8002-f056ee415082,Hemostatic Gauze,999,
TOOL_HOVER,238379,12/2/2022 1:58:43 PM,ea7d43f6-a7ed-4bc7-8002-f056ee415082,Hemostatic Gauze,999,
TOOL_HOVER,238397,12/2/2022 1:58:43 PM,ea7d43f6-a7ed-4bc7-8002-f056ee415082,Hemostatic Gauze,999,
TOOL_HOVER,238412,12/2/2022 1:58:43 PM,ea7d43f6-a7ed-4bc7-8002-f056ee415082,Hemostatic Gauze,999,
TOOL_HOVER,238429,12/2/2022 1:58:43 PM,ea7d43f6-a7ed-4bc7-8002-f056ee415082,Hemostatic Gauze,999,
TOOL_HOVER,238446,12/2/2022 1:58:43 PM,ea7d43f6-a7ed-4bc7-8002-f056ee415082,Hemostatic Gauze,999,
TOOL_HOVER,238463,12/2/2022 1:58:43 PM,ea7d43f6-a7ed-4bc7-8002-f056ee415082,Hemostatic Gauze,999,
TOOL_HOVER,238479,12/2/2022 1:58:43 PM,ea7d43f6-a7ed-4bc7-8002-f056ee415082,Hemostatic Gauze,999,
TOOL_HOVER,238495,12/2/2022 1:58:43 PM,ea7d43f6-a7ed-4bc7-8002-f056ee415082,Hemostatic Gauze,999,
TOOL_HOVER,238512,12/2/2022 1:58:43 PM,ea7d43f6-a7ed-4bc7-8002-f056ee415082,Hemostatic Gauze,999,
TOOL_HOVER,238528,12/2/2022 1:58:43 PM,ea7d43f6-a7ed-4bc7-8002-f056ee415082,Hemostatic Gauze,999,
TOOL_HOVER,238546,12/2/2022 1:58:43 PM,ea7d43f6-a7ed-4bc7-8002-f056ee415082,Hemostatic Gauze,999,
TOOL_HOVER,238563,12/2/2022 1:58:43 PM,ea7d43f6-a7ed-4bc7-8002-f056ee415082,Hemostatic Gauze,999,
TOOL_HOVER,238579,12/2/2022 1:58:43 PM,ea7d43f6-a7ed-4bc7-8002-f056ee415082,Hemostatic Gauze,999,
TOOL_HOVER,238596,12/2/2022 1:58:43 PM,ea7d43f6-a7ed-4bc7-8002-f056ee415082,Hemostatic Gauze,999,
TOOL_HOVER,238613,12/2/2022 1:58:43 PM,ea7d43f6-a7ed-4bc7-8002-f056ee415082,Hemostatic Gauze,999,
TOOL_HOVER,238630,12/2/2022 1:58:43 PM,ea7d43f6-a7ed-4bc7-8002-f056ee415082,Hemostatic Gauze,999,
PULSE_TAKEN,239547,12/2/2022 1:58:44 PM,ea7d43f6-a7ed-4bc7-8002-f056ee415082,pulse_fast,Helga_0 Root,
PULSE_TAKEN,240083,12/2/2022 1:58:44 PM,ea7d43f6-a7ed-4bc7-8002-f056ee415082,pulse_fast,Helga_0 Root,
TOOL_HOVER,241452,12/2/2022 1:58:46 PM,ea7d43f6-a7ed-4bc7-8002-f056ee415082,Hemostatic Gauze,999,
TOOL_HOVER,241470,12/2/2022 1:58:46 PM,ea7d43f6-a7ed-4bc7-8002-f056ee415082,Hemostatic Gauze,999,
TOOL_HOVER,241485,12/2/2022 1:58:46 PM,ea7d43f6-a7ed-4bc7-8002-f056ee415082,Hemostatic Gauze,999,
TOOL_SELECTED,241486,12/2/2022 1:58:46 PM,ea7d43f6-a7ed-4bc7-8002-f056ee415082,Hemostatic Gauze,998,
TOOL_DISCARDED,242972,12/2/2022 1:58:47 PM,ea7d43f6-a7ed-4bc7-8002-f056ee415082,Hemostatic Gauze,998,"(0.2, 0.2, 7.8)",
INJURY_TREATED,242973,12/2/2022 1:58:47 PM,ea7d43f6-a7ed-4bc7-8002-f056ee415082,L Thigh Puncture,Helga_0 Root,tourniquet,medium,leftLeg,False,True,"(0.2, 0.2, 7.7)",
TOOL_APPLIED,242973,12/2/2022 1:58:47 PM,ea7d43f6-a7ed-4bc7-8002-f056ee415082,Helga_0 Root,Gauze_Pack,skinCollider_BodyLOD (UnityEngine.GameObject),null,null,AppliedPackingGauze,
VOICE_CAPTURE,244660,12/2/2022 1:58:49 PM,ea7d43f6-a7ed-4bc7-8002-f056ee415082,oh,NA,
TOOL_HOVER,246349,12/2/2022 1:58:51 PM,ea7d43f6-a7ed-4bc7-8002-f056ee415082,Tourniquet,993,
TOOL_HOVER,246364,12/2/2022 1:58:51 PM,ea7d43f6-a7ed-4bc7-8002-f056ee415082,Tourniquet,993,
TOOL_HOVER,246382,12/2/2022 1:58:51 PM,ea7d43f6-a7ed-4bc7-8002-f056ee415082,Tourniquet,993,
TOOL_HOVER,246399,12/2/2022 1:58:51 PM,ea7d43f6-a7ed-4bc7-8002-f056ee415082,Tourniquet,993,
TOOL_HOVER,246415,12/2/2022 1:58:51 PM,ea7d43f6-a7ed-4bc7-8002-f056ee415082,Tourniquet,993,
TOOL_HOVER,246432,12/2/2022 1:58:51 PM,ea7d43f6-a7ed-4bc7-8002-f056ee415082,Tourniquet,993,
TOOL_HOVER,246450,12/2/2022 1:58:51 PM,ea7d43f6-a7ed-4bc7-8002-f056ee415082,Tourniquet,993,
TOOL_HOVER,246465,12/2/2022 1:58:51 PM,ea7d43f6-a7ed-4bc7-8002-f056ee415082,Tourniquet,993,
TOOL_HOVER,246481,12/2/2022 1:58:51 PM,ea7d43f6-a7ed-4bc7-8002-f056ee415082,Tourniquet,993,
TOOL_HOVER,246497,12/2/2022 1:58:51 PM,ea7d43f6-a7ed-4bc7-8002-f056ee415082,Tourniquet,993,
TOOL_HOVER,246514,12/2/2022 1:58:51 PM,ea7d43f6-a7ed-4bc7-8002-f056ee415082,Tourniquet,993,
TOOL_HOVER,246532,12/2/2022 1:58:51 PM,ea7d43f6-a7ed-4bc7-8002-f056ee415082,Tourniquet,993,
TOOL_HOVER,247451,12/2/2022 1:58:52 PM,ea7d43f6-a7ed-4bc7-8002-f056ee415082,Tourniquet,993,
TOOL_HOVER,247468,12/2/2022 1:58:52 PM,ea7d43f6-a7ed-4bc7-8002-f056ee415082,Tourniquet,993,
TOOL_HOVER,247485,12/2/2022 1:58:52 PM,ea7d43f6-a7ed-4bc7-8002-f056ee415082,Tourniquet,993,
TOOL_HOVER,247500,12/2/2022 1:58:52 PM,ea7d43f6-a7ed-4bc7-8002-f056ee415082,Tourniquet,993,
TOOL_HOVER,247518,12/2/2022 1:58:52 PM,ea7d43f6-a7ed-4bc7-8002-f056ee415082,Tourniquet,993,
TOOL_HOVER,247535,12/2/2022 1:58:52 PM,ea7d43f6-a7ed-4bc7-8002-f056ee415082,Tourniquet,993,
TOOL_SELECTED,247536,12/2/2022 1:58:52 PM,ea7d43f6-a7ed-4bc7-8002-f056ee415082,Tourniquet,992,
VOICE_CAPTURE,249154,12/2/2022 1:58:53 PM,ea7d43f6-a7ed-4bc7-8002-f056ee415082,now that's what i thought,NA,
INJURY_TREATED,249305,12/2/2022 1:58:54 PM,ea7d43f6-a7ed-4bc7-8002-f056ee415082,L Thigh Puncture,Helga_0 Root,tourniquet,medium,leftLeg,True,True,"(0.2, 0.3, 7.7)",
TOOL_APPLIED,249306,12/2/2022 1:58:54 PM,ea7d43f6-a7ed-4bc7-8002-f056ee415082,Helga_0 Root,Tourniquet,LeftUpLeg (UnityEngine.GameObject),tor_ring (1) (UnityEngine.GameObject),tourniquet(Clone) (UnityEngine.GameObject),AppliedTourniquet,
PULSE_TAKEN,254852,12/2/2022 1:58:59 PM,ea7d43f6-a7ed-4bc7-8002-f056ee415082,pulse_fast,Helga_0 Root,
PULSE_TAKEN,255036,12/2/2022 1:58:59 PM,ea7d43f6-a7ed-4bc7-8002-f056ee415082,pulse_fast,Helga_0 Root,
PULSE_TAKEN,255169,12/2/2022 1:58:59 PM,ea7d43f6-a7ed-4bc7-8002-f056ee415082,pulse_fast,Helga_0 Root,
VOICE_CAPTURE,258560,12/2/2022 1:59:03 PM,ea7d43f6-a7ed-4bc7-8002-f056ee415082,oh your wrist that's not good,NA,
BAG_CLOSED,259200,12/2/2022 1:59:03 PM,ea7d43f6-a7ed-4bc7-8002-f056ee415082,"(0.3, 0.4, 7.3)",
PULSE_TAKEN,260733,12/2/2022 1:59:05 PM,ea7d43f6-a7ed-4bc7-8002-f056ee415082,pulse_fast,Helga_0 Root,
PULSE_TAKEN,262069,12/2/2022 1:59:06 PM,ea7d43f6-a7ed-4bc7-8002-f056ee415082,pulse_fast,Helga_0 Root,
PULSE_TAKEN,264023,12/2/2022 1:59:08 PM,ea7d43f6-a7ed-4bc7-8002-f056ee415082,pulse_fast,Helga_0 Root,
VOICE_CAPTURE,267298,12/2/2022 1:59:12 PM,ea7d43f6-a7ed-4bc7-8002-f056ee415082,OK i was like your wrist not that i'm gonna do anything for it but except i cannot,NA,
BAG_ACCESS,273012,12/2/2022 1:59:17 PM,ea7d43f6-a7ed-4bc7-8002-f056ee415082,"(0.4, 0.4, 7.0)",
TAG_SELECTED,273964,12/2/2022 1:59:18 PM,ea7d43f6-a7ed-4bc7-8002-f056ee415082,red,
TAG_APPLIED,275168,12/2/2022 1:59:19 PM,ea7d43f6-a7ed-4bc7-8002-f056ee415082,Helga_0 Root,red,
VOICE_CAPTURE,278355,12/2/2022 1:59:23 PM,ea7d43f6-a7ed-4bc7-8002-f056ee415082,i feel like i'm handing out a lot of red tax here,NA,
BAG_CLOSED,279890,12/2/2022 1:59:24 PM,ea7d43f6-a7ed-4bc7-8002-f056ee415082,"(0.4, 0.4, 7.0)",
TELEPORT,279890,12/2/2022 1:59:24 PM,ea7d43f6-a7ed-4bc7-8002-f056ee415082,"(-0.3, 0.0, 6.3)",
VOICE_CAPTURE,281465,12/2/2022 1:59:26 PM,ea7d43f6-a7ed-4bc7-8002-f056ee415082,she's a walker,NA,
VOICE_COMMAND,281465,12/2/2022 1:59:26 PM,ea7d43f6-a7ed-4bc7-8002-f056ee415082,walk to the safe area,she's a walker,
S_A_L_T_WALK_IF_CAN,281466,12/2/2022 1:59:26 PM,ea7d43f6-a7ed-4bc7-8002-f056ee415082,"(0.2, 0.0, 7.7)",walkIfCan,Helga_0 Root,
S_A_L_T_WALK_IF_CAN,281466,12/2/2022 1:59:26 PM,ea7d43f6-a7ed-4bc7-8002-f056ee415082,"(1.2, 0.0, 3.9)",walkIfCan,Lily_1 Root,
S_A_L_T_WALK_IF_CAN,281467,12/2/2022 1:59:26 PM,ea7d43f6-a7ed-4bc7-8002-f056ee415082,"(0.7, 0.0, 0.6)",walkIfCan,Gloria_2 Root,
S_A_L_T_WALK_IF_CAN,281467,12/2/2022 1:59:26 PM,ea7d43f6-a7ed-4bc7-8002-f056ee415082,"(-1.3, 0.0, 4.2)",walkIfCan,Mike_3 Root,
S_A_L_T_WALK_IF_CAN,281467,12/2/2022 1:59:26 PM,ea7d43f6-a7ed-4bc7-8002-f056ee415082,"(3.1, 0.0, -5.0)",walkIfCan,Mike_4 Root,
S_A_L_T_WALKED,281467,12/2/2022 1:59:26 PM,ea7d43f6-a7ed-4bc7-8002-f056ee415082,"(3.1, 0.0, -5.0)",walked,Mike_4 Root,
S_A_L_T_WALK_IF_CAN,281467,12/2/2022 1:59:26 PM,ea7d43f6-a7ed-4bc7-8002-f056ee415082,"(4.7, 0.0, -4.7)",walkIfCan,Gary_5 Root,
S_A_L_T_WALKED,281467,12/2/2022 1:59:26 PM,ea7d43f6-a7ed-4bc7-8002-f056ee415082,"(4.7, 0.0, -4.7)",walked,Gary_5 Root,
S_A_L_T_WALK_IF_CAN,281467,12/2/2022 1:59:26 PM,ea7d43f6-a7ed-4bc7-8002-f056ee415082,"(2.5, 0.0, 8.1)",walkIfCan,Gloria_8 Root,
S_A_L_T_WALK_IF_CAN,281467,12/2/2022 1:59:26 PM,ea7d43f6-a7ed-4bc7-8002-f056ee415082,"(3.5, 0.0, 1.1)",walkIfCan,Mike_9 Root,
S_A_L_T_WALK_IF_CAN,281467,12/2/2022 1:59:26 PM,ea7d43f6-a7ed-4bc7-8002-f056ee415082,"(1.7, 0.0, -3.0)",walkIfCan,Bob_10 Root,
S_A_L_T_WALKED,281467,12/2/2022 1:59:26 PM,ea7d43f6-a7ed-4bc7-8002-f056ee415082,"(1.7, 0.0, -3.0)",walked,Bob_10 Root,
PATIENT_ENGAGED,283324,12/2/2022 1:59:28 PM,ea7d43f6-a7ed-4bc7-8002-f056ee415082,100,128,Mike_6 Root,"(3.0, 0.0, 3.4)","(0.0, 0.0, 0.0, 1.0)",IMMEDIATE,still,faint,collapsedRight,normal,unresponsive,supine,
TELEPORT,287864,12/2/2022 1:59:32 PM,ea7d43f6-a7ed-4bc7-8002-f056ee415082,"(3.0, 0.0, 3.0)",
TOOL_HOVER,290104,12/2/2022 1:59:34 PM,ea7d43f6-a7ed-4bc7-8002-f056ee415082,Tourniquet,992,
TOOL_HOVER,290120,12/2/2022 1:59:34 PM,ea7d43f6-a7ed-4bc7-8002-f056ee415082,Tourniquet,992,
TOOL_HOVER,290138,12/2/2022 1:59:34 PM,ea7d43f6-a7ed-4bc7-8002-f056ee415082,Tourniquet,992,
TOOL_HOVER,290154,12/2/2022 1:59:34 PM,ea7d43f6-a7ed-4bc7-8002-f056ee415082,Tourniquet,992,
TOOL_HOVER,290171,12/2/2022 1:59:34 PM,ea7d43f6-a7ed-4bc7-8002-f056ee415082,Tourniquet,992,
TOOL_HOVER,290187,12/2/2022 1:59:34 PM,ea7d43f6-a7ed-4bc7-8002-f056ee415082,Tourniquet,992,
TOOL_HOVER,290505,12/2/2022 1:59:35 PM,ea7d43f6-a7ed-4bc7-8002-f056ee415082,Gauze,999,
TOOL_HOVER,290522,12/2/2022 1:59:35 PM,ea7d43f6-a7ed-4bc7-8002-f056ee415082,Gauze,999,
TOOL_HOVER,290539,12/2/2022 1:59:35 PM,ea7d43f6-a7ed-4bc7-8002-f056ee415082,Gauze,999,
TOOL_HOVER,290555,12/2/2022 1:59:35 PM,ea7d43f6-a7ed-4bc7-8002-f056ee415082,Gauze,999,
TOOL_HOVER,290572,12/2/2022 1:59:35 PM,ea7d43f6-a7ed-4bc7-8002-f056ee415082,Gauze,999,
TOOL_HOVER,290589,12/2/2022 1:59:35 PM,ea7d43f6-a7ed-4bc7-8002-f056ee415082,Gauze,999,
BAG_ACCESS,291324,12/2/2022 1:59:36 PM,ea7d43f6-a7ed-4bc7-8002-f056ee415082,"(3.7, 0.4, 3.4)",
TOOL_HOVER,292148,12/2/2022 1:59:36 PM,ea7d43f6-a7ed-4bc7-8002-f056ee415082,Needle,999,
TOOL_HOVER,292171,12/2/2022 1:59:36 PM,ea7d43f6-a7ed-4bc7-8002-f056ee415082,Needle,999,
TOOL_SELECTED,292172,12/2/2022 1:59:36 PM,ea7d43f6-a7ed-4bc7-8002-f056ee415082,Needle,998,
INJURY_TREATED,296810,12/2/2022 1:59:41 PM,ea7d43f6-a7ed-4bc7-8002-f056ee415082,R Chest Collapse,Mike_6 Root,decompress,high,chest,True,False,"(0.0, 0.0, 0.0)",
TOOL_APPLIED,296810,12/2/2022 1:59:41 PM,ea7d43f6-a7ed-4bc7-8002-f056ee415082,Needle_Decomp(Clone),Needle,RChest_Breathe1 (UnityEngine.GameObject),cath_needle (UnityEngine.GameObject),right_chest,Needle_Decomp(Clone) (UnityEngine.GameObject),AppliedDecompNeedle,
PULSE_TAKEN,299324,12/2/2022 1:59:44 PM,ea7d43f6-a7ed-4bc7-8002-f056ee415082,pulse_faint,Mike_6 Root,
VOICE_CAPTURE,301491,12/2/2022 1:59:46 PM,ea7d43f6-a7ed-4bc7-8002-f056ee415082,alright,NA,
PULSE_TAKEN,303538,12/2/2022 1:59:48 PM,ea7d43f6-a7ed-4bc7-8002-f056ee415082,pulse_faint,Mike_6 Root,
PULSE_TAKEN,305811,12/2/2022 1:59:50 PM,ea7d43f6-a7ed-4bc7-8002-f056ee415082,pulse_faint,Mike_6 Root,
PULSE_TAKEN,305947,12/2/2022 1:59:50 PM,ea7d43f6-a7ed-4bc7-8002-f056ee415082,pulse_faint,Mike_6 Root,
TAG_SELECTED,308298,12/2/2022 1:59:53 PM,ea7d43f6-a7ed-4bc7-8002-f056ee415082,red,
TAG_APPLIED,309935,12/2/2022 1:59:54 PM,ea7d43f6-a7ed-4bc7-8002-f056ee415082,Mike_6 Root,red,
BAG_CLOSED,311383,12/2/2022 1:59:56 PM,ea7d43f6-a7ed-4bc7-8002-f056ee415082,"(3.7, 0.4, 3.4)",
TELEPORT,311383,12/2/2022 1:59:56 PM,ea7d43f6-a7ed-4bc7-8002-f056ee415082,"(3.0, 0.0, 2.9)",
PATIENT_ENGAGED,313754,12/2/2022 1:59:58 PM,ea7d43f6-a7ed-4bc7-8002-f056ee415082,100,Infinity,Mike_9 Root,"(3.5, 0.0, 1.1)","(0.0, 1.0, 0.0, 0.0)",IMMEDIATE,waver,normal,normal,normal,upset,sittingGround,
TELEPORT,315254,12/2/2022 2:00:00 PM,ea7d43f6-a7ed-4bc7-8002-f056ee415082,"(3.7, 0.0, 0.8)",
TOOL_HOVER,319605,12/2/2022 2:00:04 PM,ea7d43f6-a7ed-4bc7-8002-f056ee415082,Gauze,999,
TOOL_HOVER,319628,12/2/2022 2:00:04 PM,ea7d43f6-a7ed-4bc7-8002-f056ee415082,Gauze,999,
TOOL_HOVER,319652,12/2/2022 2:00:04 PM,ea7d43f6-a7ed-4bc7-8002-f056ee415082,Gauze,999,
TOOL_HOVER,319677,12/2/2022 2:00:04 PM,ea7d43f6-a7ed-4bc7-8002-f056ee415082,Gauze,999,
BAG_ACCESS,319930,12/2/2022 2:00:04 PM,ea7d43f6-a7ed-4bc7-8002-f056ee415082,"(4.4, 0.4, 1.3)",
TOOL_HOVER,320645,12/2/2022 2:00:05 PM,ea7d43f6-a7ed-4bc7-8002-f056ee415082,Hemostatic Gauze,999,
TOOL_HOVER,320662,12/2/2022 2:00:05 PM,ea7d43f6-a7ed-4bc7-8002-f056ee415082,Hemostatic Gauze,999,
TOOL_HOVER,320678,12/2/2022 2:00:05 PM,ea7d43f6-a7ed-4bc7-8002-f056ee415082,Hemostatic Gauze,999,
TOOL_HOVER,320695,12/2/2022 2:00:05 PM,ea7d43f6-a7ed-4bc7-8002-f056ee415082,Hemostatic Gauze,999,
TOOL_HOVER,320712,12/2/2022 2:00:05 PM,ea7d43f6-a7ed-4bc7-8002-f056ee415082,Hemostatic Gauze,999,
TOOL_HOVER,320732,12/2/2022 2:00:05 PM,ea7d43f6-a7ed-4bc7-8002-f056ee415082,Hemostatic Gauze,999,
TOOL_HOVER,320752,12/2/2022 2:00:05 PM,ea7d43f6-a7ed-4bc7-8002-f056ee415082,Hemostatic Gauze,999,
TOOL_HOVER,320773,12/2/2022 2:00:05 PM,ea7d43f6-a7ed-4bc7-8002-f056ee415082,Hemostatic Gauze,999,
TOOL_HOVER,320795,12/2/2022 2:00:05 PM,ea7d43f6-a7ed-4bc7-8002-f056ee415082,Hemostatic Gauze,999,
TOOL_HOVER,320815,12/2/2022 2:00:05 PM,ea7d43f6-a7ed-4bc7-8002-f056ee415082,Hemostatic Gauze,999,
TOOL_HOVER,320837,12/2/2022 2:00:05 PM,ea7d43f6-a7ed-4bc7-8002-f056ee415082,Hemostatic Gauze,999,
TOOL_HOVER,320858,12/2/2022 2:00:05 PM,ea7d43f6-a7ed-4bc7-8002-f056ee415082,Hemostatic Gauze,999,
TOOL_HOVER,320879,12/2/2022 2:00:05 PM,ea7d43f6-a7ed-4bc7-8002-f056ee415082,Hemostatic Gauze,999,
TOOL_HOVER,320900,12/2/2022 2:00:05 PM,ea7d43f6-a7ed-4bc7-8002-f056ee415082,Hemostatic Gauze,999,
TOOL_HOVER,320920,12/2/2022 2:00:05 PM,ea7d43f6-a7ed-4bc7-8002-f056ee415082,Hemostatic Gauze,999,
TOOL_HOVER,324745,12/2/2022 2:00:09 PM,ea7d43f6-a7ed-4bc7-8002-f056ee415082,Hemostatic Gauze,999,
TOOL_HOVER,324762,12/2/2022 2:00:09 PM,ea7d43f6-a7ed-4bc7-8002-f056ee415082,Hemostatic Gauze,999,
TOOL_HOVER,324779,12/2/2022 2:00:09 PM,ea7d43f6-a7ed-4bc7-8002-f056ee415082,Hemostatic Gauze,999,
TOOL_HOVER,324797,12/2/2022 2:00:09 PM,ea7d43f6-a7ed-4bc7-8002-f056ee415082,Hemostatic Gauze,999,
TOOL_HOVER,324814,12/2/2022 2:00:09 PM,ea7d43f6-a7ed-4bc7-8002-f056ee415082,Hemostatic Gauze,999,
TOOL_HOVER,324832,12/2/2022 2:00:09 PM,ea7d43f6-a7ed-4bc7-8002-f056ee415082,Hemostatic Gauze,999,
TOOL_HOVER,324850,12/2/2022 2:00:09 PM,ea7d43f6-a7ed-4bc7-8002-f056ee415082,Hemostatic Gauze,999,
TOOL_HOVER,324866,12/2/2022 2:00:09 PM,ea7d43f6-a7ed-4bc7-8002-f056ee415082,Hemostatic Gauze,999,
TOOL_HOVER,324882,12/2/2022 2:00:09 PM,ea7d43f6-a7ed-4bc7-8002-f056ee415082,Hemostatic Gauze,999,
TOOL_HOVER,324899,12/2/2022 2:00:09 PM,ea7d43f6-a7ed-4bc7-8002-f056ee415082,Hemostatic Gauze,999,
TOOL_HOVER,324916,12/2/2022 2:00:09 PM,ea7d43f6-a7ed-4bc7-8002-f056ee415082,Hemostatic Gauze,999,
TOOL_HOVER,324934,12/2/2022 2:00:09 PM,ea7d43f6-a7ed-4bc7-8002-f056ee415082,Hemostatic Gauze,999,
TOOL_HOVER,324951,12/2/2022 2:00:09 PM,ea7d43f6-a7ed-4bc7-8002-f056ee415082,Hemostatic Gauze,999,
TOOL_HOVER,324969,12/2/2022 2:00:09 PM,ea7d43f6-a7ed-4bc7-8002-f056ee415082,Hemostatic Gauze,999,
TOOL_HOVER,324988,12/2/2022 2:00:09 PM,ea7d43f6-a7ed-4bc7-8002-f056ee415082,Hemostatic Gauze,999,
TOOL_HOVER,325006,12/2/2022 2:00:09 PM,ea7d43f6-a7ed-4bc7-8002-f056ee415082,Hemostatic Gauze,999,
TOOL_HOVER,325026,12/2/2022 2:00:09 PM,ea7d43f6-a7ed-4bc7-8002-f056ee415082,Hemostatic Gauze,999,
TOOL_HOVER,325045,12/2/2022 2:00:09 PM,ea7d43f6-a7ed-4bc7-8002-f056ee415082,Hemostatic Gauze,999,
TOOL_HOVER,325064,12/2/2022 2:00:09 PM,ea7d43f6-a7ed-4bc7-8002-f056ee415082,Hemostatic Gauze,999,
TOOL_SELECTED,325065,12/2/2022 2:00:09 PM,ea7d43f6-a7ed-4bc7-8002-f056ee415082,Hemostatic Gauze,998,
VOICE_CAPTURE,325863,12/2/2022 2:00:10 PM,ea7d43f6-a7ed-4bc7-8002-f056ee415082,lay down,NA,
VOICE_COMMAND,325863,12/2/2022 2:00:10 PM,ea7d43f6-a7ed-4bc7-8002-f056ee415082,lay down,lay down,
BAG_CLOSED,327128,12/2/2022 2:00:11 PM,ea7d43f6-a7ed-4bc7-8002-f056ee415082,"(4.4, 0.4, 1.3)",
TELEPORT,327128,12/2/2022 2:00:11 PM,ea7d43f6-a7ed-4bc7-8002-f056ee415082,"(3.7, 0.0, 0.8)",
VOICE_CAPTURE,327283,12/2/2022 2:00:12 PM,ea7d43f6-a7ed-4bc7-8002-f056ee415082,maybe,NA,
TELEPORT,328368,12/2/2022 2:00:13 PM,ea7d43f6-a7ed-4bc7-8002-f056ee415082,"(3.2, 0.0, 0.7)",
TOOL_DISCARDED,329527,12/2/2022 2:00:14 PM,ea7d43f6-a7ed-4bc7-8002-f056ee415082,Hemostatic Gauze,998,"(3.2, 0.3, 1.3)",
INJURY_TREATED,329527,12/2/2022 2:00:14 PM,ea7d43f6-a7ed-4bc7-8002-f056ee415082,L Side Puncture,Mike_9 Root,woundpack,medium,abdomen,True,False,"(3.2, 0.3, 1.3)",
TOOL_APPLIED,329527,12/2/2022 2:00:14 PM,ea7d43f6-a7ed-4bc7-8002-f056ee415082,Mike_9 Root,Gauze_Pack,skinCollider_BodyCollideLOD (UnityEngine.GameObject),null,null,AppliedPackingGauze,
BAG_ACCESS,332477,12/2/2022 2:00:17 PM,ea7d43f6-a7ed-4bc7-8002-f056ee415082,"(3.9, 0.5, 1.2)",
PATIENT_ENGAGED,332796,12/2/2022 2:00:17 PM,ea7d43f6-a7ed-4bc7-8002-f056ee415082,100,Infinity,Lily_7 Root,"(2.3, 0.0, 1.8)","(0.0, 1.0, 0.0, 0.0)",DEAD,still,none,none,none,dead,supine,
PATIENT_ENGAGED,333034,12/2/2022 2:00:17 PM,ea7d43f6-a7ed-4bc7-8002-f056ee415082,100,Infinity,Mike_9 Root,"(3.5, 0.0, 1.1)","(0.0, 1.0, 0.0, 0.0)",IMMEDIATE,waver,normal,normal,normal,upset,supine,
TOOL_HOVER,335456,12/2/2022 2:00:20 PM,ea7d43f6-a7ed-4bc7-8002-f056ee415082,Tourniquet,992,
TOOL_SELECTED,335457,12/2/2022 2:00:20 PM,ea7d43f6-a7ed-4bc7-8002-f056ee415082,Tourniquet,991,
TOOL_DISCARDED,339619,12/2/2022 2:00:24 PM,ea7d43f6-a7ed-4bc7-8002-f056ee415082,Tourniquet,991,"(3.5, 0.3, 1.1)",
TOOL_HOVER,341053,12/2/2022 2:00:25 PM,ea7d43f6-a7ed-4bc7-8002-f056ee415082,Tourniquet,992,
TOOL_HOVER,341070,12/2/2022 2:00:25 PM,ea7d43f6-a7ed-4bc7-8002-f056ee415082,Tourniquet,992,
TOOL_HOVER,341087,12/2/2022 2:00:25 PM,ea7d43f6-a7ed-4bc7-8002-f056ee415082,Tourniquet,992,
TOOL_HOVER,341103,12/2/2022 2:00:25 PM,ea7d43f6-a7ed-4bc7-8002-f056ee415082,Tourniquet,992,
TOOL_HOVER,341120,12/2/2022 2:00:25 PM,ea7d43f6-a7ed-4bc7-8002-f056ee415082,Tourniquet,992,
TOOL_HOVER,341136,12/2/2022 2:00:25 PM,ea7d43f6-a7ed-4bc7-8002-f056ee415082,Tourniquet,992,
TOOL_HOVER,341355,12/2/2022 2:00:26 PM,ea7d43f6-a7ed-4bc7-8002-f056ee415082,Tourniquet,992,
TOOL_HOVER,341371,12/2/2022 2:00:26 PM,ea7d43f6-a7ed-4bc7-8002-f056ee415082,Tourniquet,992,
TOOL_HOVER,341388,12/2/2022 2:00:26 PM,ea7d43f6-a7ed-4bc7-8002-f056ee415082,Tourniquet,992,
TOOL_HOVER,341405,12/2/2022 2:00:26 PM,ea7d43f6-a7ed-4bc7-8002-f056ee415082,Tourniquet,992,
TOOL_HOVER,341422,12/2/2022 2:00:26 PM,ea7d43f6-a7ed-4bc7-8002-f056ee415082,Tourniquet,992,
TOOL_HOVER,341438,12/2/2022 2:00:26 PM,ea7d43f6-a7ed-4bc7-8002-f056ee415082,Tourniquet,992,
TOOL_HOVER,341455,12/2/2022 2:00:26 PM,ea7d43f6-a7ed-4bc7-8002-f056ee415082,Tourniquet,992,
TOOL_HOVER,341472,12/2/2022 2:00:26 PM,ea7d43f6-a7ed-4bc7-8002-f056ee415082,Tourniquet,992,
TOOL_HOVER,341488,12/2/2022 2:00:26 PM,ea7d43f6-a7ed-4bc7-8002-f056ee415082,Tourniquet,992,
TOOL_SELECTED,341489,12/2/2022 2:00:26 PM,ea7d43f6-a7ed-4bc7-8002-f056ee415082,Tourniquet,991,
VOICE_CAPTURE,342367,12/2/2022 2:00:27 PM,ea7d43f6-a7ed-4bc7-8002-f056ee415082,come on,NA,
TOOL_APPLIED,345180,12/2/2022 2:00:29 PM,ea7d43f6-a7ed-4bc7-8002-f056ee415082,Mike_9 Root,Tourniquet,LeftLeg (UnityEngine.GameObject),tor_ring (1) (UnityEngine.GameObject),tourniquet(Clone) (UnityEngine.GameObject),AppliedTourniquet,
TOOL_HOVER,348754,12/2/2022 2:00:33 PM,ea7d43f6-a7ed-4bc7-8002-f056ee415082,Tourniquet,991,
TOOL_HOVER,348771,12/2/2022 2:00:33 PM,ea7d43f6-a7ed-4bc7-8002-f056ee415082,Tourniquet,991,
TOOL_HOVER,348788,12/2/2022 2:00:33 PM,ea7d43f6-a7ed-4bc7-8002-f056ee415082,Tourniquet,991,
TOOL_HOVER,348805,12/2/2022 2:00:33 PM,ea7d43f6-a7ed-4bc7-8002-f056ee415082,Tourniquet,991,
TOOL_HOVER,348821,12/2/2022 2:00:33 PM,ea7d43f6-a7ed-4bc7-8002-f056ee415082,Tourniquet,991,
TOOL_HOVER,348838,12/2/2022 2:00:33 PM,ea7d43f6-a7ed-4bc7-8002-f056ee415082,Tourniquet,991,
TOOL_HOVER,348855,12/2/2022 2:00:33 PM,ea7d43f6-a7ed-4bc7-8002-f056ee415082,Tourniquet,991,
TOOL_HOVER,348871,12/2/2022 2:00:33 PM,ea7d43f6-a7ed-4bc7-8002-f056ee415082,Tourniquet,991,
TOOL_SELECTED,348872,12/2/2022 2:00:33 PM,ea7d43f6-a7ed-4bc7-8002-f056ee415082,Tourniquet,990,
VOICE_CAPTURE,349369,12/2/2022 2:00:34 PM,ea7d43f6-a7ed-4bc7-8002-f056ee415082,nope oh my goodness,NA,
VOICE_CAPTURE,357168,12/2/2022 2:00:41 PM,ea7d43f6-a7ed-4bc7-8002-f056ee415082,sit,NA,
VOICE_COMMAND,357168,12/2/2022 2:00:41 PM,ea7d43f6-a7ed-4bc7-8002-f056ee415082,sit up/down,sit,
BAG_CLOSED,359970,12/2/2022 2:00:44 PM,ea7d43f6-a7ed-4bc7-8002-f056ee415082,"(3.9, 0.5, 1.2)",
VOICE_CAPTURE,361416,12/2/2022 2:00:46 PM,ea7d43f6-a7ed-4bc7-8002-f056ee415082,OK,NA,
TELEPORT,361604,12/2/2022 2:00:46 PM,ea7d43f6-a7ed-4bc7-8002-f056ee415082,"(3.6, 0.0, 0.6)",
INJURY_TREATED,363492,12/2/2022 2:00:48 PM,ea7d43f6-a7ed-4bc7-8002-f056ee415082,L Thigh Puncture,Mike_9 Root,tourniquet,medium,leftLeg,True,False,"(4.0, 0.1, 1.1)",
TOOL_APPLIED,363492,12/2/2022 2:00:48 PM,ea7d43f6-a7ed-4bc7-8002-f056ee415082,Mike_9 Root,Tourniquet,LeftUpLeg (UnityEngine.GameObject),tor_ring (1) (UnityEngine.GameObject),tourniquet(Clone) (UnityEngine.GameObject),AppliedTourniquet,
PATIENT_DEMOTED,363493,12/2/2022 2:00:48 PM,ea7d43f6-a7ed-4bc7-8002-f056ee415082,100,Infinity,Mike_9 Root,"(3.5, 0.0, 1.1)","(0.0, 1.0, 0.0, 0.0)",DELAYED,waver,normal,normal,normal,upset,sittingGround,
VOICE_CAPTURE,367587,12/2/2022 2:00:52 PM,ea7d43f6-a7ed-4bc7-8002-f056ee415082,maybe yeah it doesn't wanna doesn't wanna catch there we go that must have been alright,NA,
BAG_ACCESS,372637,12/2/2022 2:00:57 PM,ea7d43f6-a7ed-4bc7-8002-f056ee415082,"(4.6, 0.5, 1.2)",
VOICE_CAPTURE,372771,12/2/2022 2:00:57 PM,ea7d43f6-a7ed-4bc7-8002-f056ee415082,alright,NA,
PULSE_TAKEN,373055,12/2/2022 2:00:57 PM,ea7d43f6-a7ed-4bc7-8002-f056ee415082,pulse_normal,Mike_9 Root,
PULSE_TAKEN,374212,12/2/2022 2:00:59 PM,ea7d43f6-a7ed-4bc7-8002-f056ee415082,pulse_normal,Mike_9 Root,
PULSE_TAKEN,375279,12/2/2022 2:01:00 PM,ea7d43f6-a7ed-4bc7-8002-f056ee415082,pulse_normal,Mike_9 Root,
PULSE_TAKEN,376816,12/2/2022 2:01:01 PM,ea7d43f6-a7ed-4bc7-8002-f056ee415082,pulse_normal,Mike_9 Root,
PULSE_TAKEN,380523,12/2/2022 2:01:05 PM,ea7d43f6-a7ed-4bc7-8002-f056ee415082,pulse_normal,Mike_9 Root,
TAG_SELECTED,386338,12/2/2022 2:01:11 PM,ea7d43f6-a7ed-4bc7-8002-f056ee415082,red,
TAG_APPLIED,387608,12/2/2022 2:01:12 PM,ea7d43f6-a7ed-4bc7-8002-f056ee415082,Mike_9 Root,red,
BAG_CLOSED,391891,12/2/2022 2:01:16 PM,ea7d43f6-a7ed-4bc7-8002-f056ee415082,"(4.6, 0.5, 1.2)",
TELEPORT,392802,12/2/2022 2:01:17 PM,ea7d43f6-a7ed-4bc7-8002-f056ee415082,"(4.1, 0.0, 0.5)",
TELEPORT,394239,12/2/2022 2:01:19 PM,ea7d43f6-a7ed-4bc7-8002-f056ee415082,"(3.8, 0.0, -0.2)",
VOICE_CAPTURE,394882,12/2/2022 2:01:19 PM,ea7d43f6-a7ed-4bc7-8002-f056ee415082,so i feel like i and i'm just talking to myself at the moment but i feel like i've been giving red text for the people that have tourniquets and i feel like maybe that's wrong,NA,
TELEPORT,401392,12/2/2022 2:01:26 PM,ea7d43f6-a7ed-4bc7-8002-f056ee415082,"(3.6, 0.0, -0.3)",
VOICE_CAPTURE,401541,12/2/2022 2:01:26 PM,ea7d43f6-a7ed-4bc7-8002-f056ee415082,i don't know let's OK bum bum bum bum,NA,
VOICE_CAPTURE,402960,12/2/2022 2:01:27 PM,ea7d43f6-a7ed-4bc7-8002-f056ee415082,oops,NA,
VOICE_CAPTURE,404265,12/2/2022 2:01:29 PM,ea7d43f6-a7ed-4bc7-8002-f056ee415082,alright,NA,
TELEPORT,405717,12/2/2022 2:01:30 PM,ea7d43f6-a7ed-4bc7-8002-f056ee415082,"(2.4, 0.0, -2.9)",
PATIENT_ENGAGED,406051,12/2/2022 2:01:30 PM,ea7d43f6-a7ed-4bc7-8002-f056ee415082,100,Infinity,Bob_10 Root,"(1.8, 0.0, -3.0)","(0.0, 0.4, 0.0, 0.9)",MINIMAL,walker,normal,normal,normal,calm,standing,
BAG_ACCESS,408223,12/2/2022 2:01:33 PM,ea7d43f6-a7ed-4bc7-8002-f056ee415082,"(2.3, 0.8, -2.3)",
TAG_SELECTED,409042,12/2/2022 2:01:33 PM,ea7d43f6-a7ed-4bc7-8002-f056ee415082,green,
VOICE_CAPTURE,409108,12/2/2022 2:01:33 PM,ea7d43f6-a7ed-4bc7-8002-f056ee415082,does anything hurt sir,NA,
VOICE_COMMAND,409108,12/2/2022 2:01:33 PM,ea7d43f6-a7ed-4bc7-8002-f056ee415082,are you hurt,does anything hurt sir,
VOICE_CAPTURE,409694,12/2/2022 2:01:34 PM,ea7d43f6-a7ed-4bc7-8002-f056ee415082,modbutton no,NA,
VOICE_COMMAND,409694,12/2/2022 2:01:34 PM,ea7d43f6-a7ed-4bc7-8002-f056ee415082,modbutton no,modbutton no,
VOICE_CAPTURE,412467,12/2/2022 2:01:37 PM,ea7d43f6-a7ed-4bc7-8002-f056ee415082,what is your name,NA,
VOICE_COMMAND,412467,12/2/2022 2:01:37 PM,ea7d43f6-a7ed-4bc7-8002-f056ee415082,what is your name,what is your name,
VOICE_CAPTURE,413736,12/2/2022 2:01:38 PM,ea7d43f6-a7ed-4bc7-8002-f056ee415082,what's your name,NA,
VOICE_COMMAND,413736,12/2/2022 2:01:38 PM,ea7d43f6-a7ed-4bc7-8002-f056ee415082,what is your name,what's your name,
VOICE_CAPTURE,417361,12/2/2022 2:01:42 PM,ea7d43f6-a7ed-4bc7-8002-f056ee415082,alright bob can you squeeze my finger bob,NA,
VOICE_CAPTURE,417380,12/2/2022 2:01:42 PM,ea7d43f6-a7ed-4bc7-8002-f056ee415082,modbutton no,NA,
VOICE_COMMAND,417380,12/2/2022 2:01:42 PM,ea7d43f6-a7ed-4bc7-8002-f056ee415082,modbutton no,modbutton no,
VOICE_CAPTURE,420821,12/2/2022 2:01:45 PM,ea7d43f6-a7ed-4bc7-8002-f056ee415082,modbutton im okay,NA,
VOICE_COMMAND,420821,12/2/2022 2:01:45 PM,ea7d43f6-a7ed-4bc7-8002-f056ee415082,modbutton im okay,modbutton im okay,
TAG_APPLIED,422674,12/2/2022 2:01:47 PM,ea7d43f6-a7ed-4bc7-8002-f056ee415082,Bob_10 Root,green,
PULSE_TAKEN,423543,12/2/2022 2:01:48 PM,ea7d43f6-a7ed-4bc7-8002-f056ee415082,pulse_normal,Bob_10 Root,
VOICE_CAPTURE,423560,12/2/2022 2:01:48 PM,ea7d43f6-a7ed-4bc7-8002-f056ee415082,no OK,NA,
VOICE_CAPTURE,424363,12/2/2022 2:01:49 PM,ea7d43f6-a7ed-4bc7-8002-f056ee415082,alright,NA,
VOICE_CAPTURE,424964,12/2/2022 2:01:49 PM,ea7d43f6-a7ed-4bc7-8002-f056ee415082,modbutton im okay,NA,
VOICE_COMMAND,424964,12/2/2022 2:01:49 PM,ea7d43f6-a7ed-4bc7-8002-f056ee415082,modbutton im okay,modbutton im okay,
BAG_CLOSED,427343,12/2/2022 2:01:52 PM,ea7d43f6-a7ed-4bc7-8002-f056ee415082,"(2.3, 0.8, -2.3)",
TELEPORT,427771,12/2/2022 2:01:52 PM,ea7d43f6-a7ed-4bc7-8002-f056ee415082,"(2.9, 0.0, -2.9)",
PATIENT_ENGAGED,432582,12/2/2022 2:01:57 PM,ea7d43f6-a7ed-4bc7-8002-f056ee415082,100,Infinity,Mike_4 Root,"(3.2, 0.0, -5.3)","(0.0, 0.1, 0.0, -1.0)",MINIMAL,walker,normal,normal,normal,upset,sittingGround,
BAG_ACCESS,432750,12/2/2022 2:01:57 PM,ea7d43f6-a7ed-4bc7-8002-f056ee415082,"(3.2, 0.5, -4.6)",
VOICE_CAPTURE,434822,12/2/2022 2:01:59 PM,ea7d43f6-a7ed-4bc7-8002-f056ee415082,what is your name,NA,
VOICE_COMMAND,434822,12/2/2022 2:01:59 PM,ea7d43f6-a7ed-4bc7-8002-f056ee415082,what is your name,what is your name,
VOICE_CAPTURE,435858,12/2/2022 2:02:00 PM,ea7d43f6-a7ed-4bc7-8002-f056ee415082,hello sir what's your name,NA,
VOICE_COMMAND,435858,12/2/2022 2:02:00 PM,ea7d43f6-a7ed-4bc7-8002-f056ee415082,what is your name,hello sir what's your name,
PULSE_TAKEN,438112,12/2/2022 2:02:02 PM,ea7d43f6-a7ed-4bc7-8002-f056ee415082,pulse_normal,Mike_4 Root,
PULSE_TAKEN,439249,12/2/2022 2:02:04 PM,ea7d43f6-a7ed-4bc7-8002-f056ee415082,pulse_normal,Mike_4 Root,
TOOL_HOVER,441353,12/2/2022 2:02:06 PM,ea7d43f6-a7ed-4bc7-8002-f056ee415082,Gauze,999,
TOOL_HOVER,441370,12/2/2022 2:02:06 PM,ea7d43f6-a7ed-4bc7-8002-f056ee415082,Gauze,999,
TOOL_HOVER,441387,12/2/2022 2:02:06 PM,ea7d43f6-a7ed-4bc7-8002-f056ee415082,Gauze,999,
TOOL_HOVER,441403,12/2/2022 2:02:06 PM,ea7d43f6-a7ed-4bc7-8002-f056ee415082,Gauze,999,
TOOL_HOVER,441420,12/2/2022 2:02:06 PM,ea7d43f6-a7ed-4bc7-8002-f056ee415082,Gauze,999,
TOOL_HOVER,441437,12/2/2022 2:02:06 PM,ea7d43f6-a7ed-4bc7-8002-f056ee415082,Gauze,999,
TOOL_HOVER,441454,12/2/2022 2:02:06 PM,ea7d43f6-a7ed-4bc7-8002-f056ee415082,Gauze,999,
TOOL_HOVER,441470,12/2/2022 2:02:06 PM,ea7d43f6-a7ed-4bc7-8002-f056ee415082,Gauze,999,
TOOL_HOVER,441488,12/2/2022 2:02:06 PM,ea7d43f6-a7ed-4bc7-8002-f056ee415082,Gauze,999,
TOOL_HOVER,441504,12/2/2022 2:02:06 PM,ea7d43f6-a7ed-4bc7-8002-f056ee415082,Gauze,999,
TOOL_HOVER,441523,12/2/2022 2:02:06 PM,ea7d43f6-a7ed-4bc7-8002-f056ee415082,Gauze,999,
TOOL_SELECTED,441524,12/2/2022 2:02:06 PM,ea7d43f6-a7ed-4bc7-8002-f056ee415082,Gauze,998,
VOICE_CAPTURE,441789,12/2/2022 2:02:06 PM,ea7d43f6-a7ed-4bc7-8002-f056ee415082,OK michael can you let me see your arm,NA,
VOICE_COMMAND,441789,12/2/2022 2:02:06 PM,ea7d43f6-a7ed-4bc7-8002-f056ee415082,reveal injury,OK michael can you let me see your arm,
VOICE_CAPTURE,442157,12/2/2022 2:02:06 PM,ea7d43f6-a7ed-4bc7-8002-f056ee415082,yes,NA,
TOOL_DISCARDED,442374,12/2/2022 2:02:07 PM,ea7d43f6-a7ed-4bc7-8002-f056ee415082,Gauze,998,"(3.3, 0.4, -5.2)",
INJURY_TREATED,442375,12/2/2022 2:02:07 PM,ea7d43f6-a7ed-4bc7-8002-f056ee415082,R Palm Laceration,Mike_4 Root,gauzePressure,low,rightArm,True,False,"(3.3, 0.4, -5.2)",
TOOL_APPLIED,442375,12/2/2022 2:02:07 PM,ea7d43f6-a7ed-4bc7-8002-f056ee415082,Mike_4 Root,Gauze_Dressing,skinCollider_BodyCollideLOD (UnityEngine.GameObject),null,null,AppliedDressingGauze,
PULSE_TAKEN,444411,12/2/2022 2:02:09 PM,ea7d43f6-a7ed-4bc7-8002-f056ee415082,pulse_normal,Mike_4 Root,
VOICE_CAPTURE,446282,12/2/2022 2:02:11 PM,ea7d43f6-a7ed-4bc7-8002-f056ee415082,that up alright,NA,
VOICE_CAPTURE,448455,12/2/2022 2:02:13 PM,ea7d43f6-a7ed-4bc7-8002-f056ee415082,modbutton im okay,NA,
VOICE_COMMAND,448455,12/2/2022 2:02:13 PM,ea7d43f6-a7ed-4bc7-8002-f056ee415082,modbutton im okay,modbutton im okay,
PULSE_TAKEN,448587,12/2/2022 2:02:13 PM,ea7d43f6-a7ed-4bc7-8002-f056ee415082,pulse_normal,Mike_4 Root,
VOICE_CAPTURE,448721,12/2/2022 2:02:13 PM,ea7d43f6-a7ed-4bc7-8002-f056ee415082,does anything else hurt,NA,
VOICE_COMMAND,448721,12/2/2022 2:02:13 PM,ea7d43f6-a7ed-4bc7-8002-f056ee415082,are you hurt,does anything else hurt,
PULSE_TAKEN,449089,12/2/2022 2:02:13 PM,ea7d43f6-a7ed-4bc7-8002-f056ee415082,pulse_normal,Mike_4 Root,
VOICE_CAPTURE,449876,12/2/2022 2:02:14 PM,ea7d43f6-a7ed-4bc7-8002-f056ee415082,modbutton no,NA,
VOICE_COMMAND,449876,12/2/2022 2:02:14 PM,ea7d43f6-a7ed-4bc7-8002-f056ee415082,modbutton no,modbutton no,
BAG_CLOSED,450420,12/2/2022 2:02:15 PM,ea7d43f6-a7ed-4bc7-8002-f056ee415082,"(3.2, 0.5, -4.6)",
PATIENT_ENGAGED,450576,12/2/2022 2:02:15 PM,ea7d43f6-a7ed-4bc7-8002-f056ee415082,100,0,Gary_5 Root,"(4.9, 0.0, -5.0)","(0.0, 0.6, 0.0, -0.8)",MINIMAL,walker,normal,restricted,normal,upset,sittingGround,
TELEPORT,451311,12/2/2022 2:02:16 PM,ea7d43f6-a7ed-4bc7-8002-f056ee415082,"(3.5, 0.0, -4.7)",
TELEPORT,451777,12/2/2022 2:02:16 PM,ea7d43f6-a7ed-4bc7-8002-f056ee415082,"(3.7, 0.0, -4.5)",
VOICE_CAPTURE,452028,12/2/2022 2:02:16 PM,ea7d43f6-a7ed-4bc7-8002-f056ee415082,OK,NA,
BAG_ACCESS,454318,12/2/2022 2:02:19 PM,ea7d43f6-a7ed-4bc7-8002-f056ee415082,"(4.3, 0.5, -4.3)",
VOICE_CAPTURE,454554,12/2/2022 2:02:19 PM,ea7d43f6-a7ed-4bc7-8002-f056ee415082,what is your name,NA,
VOICE_COMMAND,454554,12/2/2022 2:02:19 PM,ea7d43f6-a7ed-4bc7-8002-f056ee415082,what is your name,what is your name,
VOICE_CAPTURE,454652,12/2/2022 2:02:19 PM,ea7d43f6-a7ed-4bc7-8002-f056ee415082,hello sir what's your name,NA,
VOICE_COMMAND,454652,12/2/2022 2:02:19 PM,ea7d43f6-a7ed-4bc7-8002-f056ee415082,what is your name,hello sir what's your name,
VOICE_CAPTURE,459933,12/2/2022 2:02:24 PM,ea7d43f6-a7ed-4bc7-8002-f056ee415082,modbutton no,NA,
VOICE_COMMAND,459933,12/2/2022 2:02:24 PM,ea7d43f6-a7ed-4bc7-8002-f056ee415082,modbutton no,modbutton no,
VOICE_CAPTURE,461002,12/2/2022 2:02:25 PM,ea7d43f6-a7ed-4bc7-8002-f056ee415082,OK gary is it your arm that's hurting,NA,
VOICE_COMMAND,461002,12/2/2022 2:02:25 PM,ea7d43f6-a7ed-4bc7-8002-f056ee415082,are you hurt,OK gary is it your arm that's hurting,
VOICE_CAPTURE,461854,12/2/2022 2:02:26 PM,ea7d43f6-a7ed-4bc7-8002-f056ee415082,are you hurt,NA,
VOICE_COMMAND,461854,12/2/2022 2:02:26 PM,ea7d43f6-a7ed-4bc7-8002-f056ee415082,are you hurt,are you hurt,
PULSE_TAKEN,462255,12/2/2022 2:02:27 PM,ea7d43f6-a7ed-4bc7-8002-f056ee415082,pulse_normal,Gary_5 Root,
VOICE_CAPTURE,463942,12/2/2022 2:02:28 PM,ea7d43f6-a7ed-4bc7-8002-f056ee415082,are you hurt,NA,
VOICE_COMMAND,463942,12/2/2022 2:02:28 PM,ea7d43f6-a7ed-4bc7-8002-f056ee415082,are you hurt,are you hurt,
VOICE_CAPTURE,465513,12/2/2022 2:02:30 PM,ea7d43f6-a7ed-4bc7-8002-f056ee415082,are you hurt,NA,
VOICE_COMMAND,465513,12/2/2022 2:02:30 PM,ea7d43f6-a7ed-4bc7-8002-f056ee415082,are you hurt,are you hurt,
VOICE_CAPTURE,465528,12/2/2022 2:02:30 PM,ea7d43f6-a7ed-4bc7-8002-f056ee415082,your stomach your chest,NA,
VOICE_CAPTURE,466431,12/2/2022 2:02:31 PM,ea7d43f6-a7ed-4bc7-8002-f056ee415082,are you hurt,NA,
VOICE_COMMAND,466431,12/2/2022 2:02:31 PM,ea7d43f6-a7ed-4bc7-8002-f056ee415082,are you hurt,are you hurt,
PULSE_TAKEN,467049,12/2/2022 2:02:31 PM,ea7d43f6-a7ed-4bc7-8002-f056ee415082,pulse_normal,Gary_5 Root,
VOICE_CAPTURE,469872,12/2/2022 2:02:34 PM,ea7d43f6-a7ed-4bc7-8002-f056ee415082,can't tell he's kinda,NA,
VOICE_CAPTURE,471544,12/2/2022 2:02:36 PM,ea7d43f6-a7ed-4bc7-8002-f056ee415082,modbutton no,NA,
VOICE_COMMAND,471544,12/2/2022 2:02:36 PM,ea7d43f6-a7ed-4bc7-8002-f056ee415082,modbutton no,modbutton no,
TAG_SELECTED,471644,12/2/2022 2:02:36 PM,ea7d43f6-a7ed-4bc7-8002-f056ee415082,green,
VOICE_CAPTURE,472514,12/2/2022 2:02:37 PM,ea7d43f6-a7ed-4bc7-8002-f056ee415082,modbutton no,NA,
VOICE_COMMAND,472514,12/2/2022 2:02:37 PM,ea7d43f6-a7ed-4bc7-8002-f056ee415082,modbutton no,modbutton no,
VOICE_CAPTURE,472813,12/2/2022 2:02:37 PM,ea7d43f6-a7ed-4bc7-8002-f056ee415082,does anything hurt,NA,
VOICE_COMMAND,472813,12/2/2022 2:02:37 PM,ea7d43f6-a7ed-4bc7-8002-f056ee415082,are you hurt,does anything hurt,
TAG_APPLIED,474083,12/2/2022 2:02:38 PM,ea7d43f6-a7ed-4bc7-8002-f056ee415082,Gary_5 Root,green,
PATIENT_ENGAGED,475524,12/2/2022 2:02:40 PM,ea7d43f6-a7ed-4bc7-8002-f056ee415082,100,Infinity,Mike_4 Root,"(3.2, 0.0, -5.3)","(0.0, 0.1, 0.0, -1.0)",MINIMAL,walker,normal,normal,normal,upset,sittingGround,
BAG_CLOSED,476246,12/2/2022 2:02:41 PM,ea7d43f6-a7ed-4bc7-8002-f056ee415082,"(4.3, 0.5, -4.3)",
TELEPORT,476506,12/2/2022 2:02:41 PM,ea7d43f6-a7ed-4bc7-8002-f056ee415082,"(3.8, 0.0, -4.4)",
VOICE_CAPTURE,480468,12/2/2022 2:02:45 PM,ea7d43f6-a7ed-4bc7-8002-f056ee415082,OK alright and i think i missed that lady,NA,
TELEPORT,493392,12/2/2022 2:02:58 PM,ea7d43f6-a7ed-4bc7-8002-f056ee415082,"(1.8, 0.0, 5.4)",
PATIENT_ENGAGED,495520,12/2/2022 2:03:00 PM,ea7d43f6-a7ed-4bc7-8002-f056ee415082,100,Infinity,Gloria_8 Root,"(2.5, 0.0, 8.1)","(0.0, 1.0, 0.0, -0.1)",MINIMAL,still,normal,normal,limited,calm,standing,
BAG_ACCESS,500245,12/2/2022 2:03:05 PM,ea7d43f6-a7ed-4bc7-8002-f056ee415082,"(2.6, 0.8, 7.1)",
VOICE_CAPTURE,502537,12/2/2022 2:03:07 PM,ea7d43f6-a7ed-4bc7-8002-f056ee415082,alright ma'am does anything hurt or just your hearing,NA,
VOICE_COMMAND,502537,12/2/2022 2:03:07 PM,ea7d43f6-a7ed-4bc7-8002-f056ee415082,are you hurt,alright ma'am does anything hurt or just your hearing,
PULSE_TAKEN,503789,12/2/2022 2:03:08 PM,ea7d43f6-a7ed-4bc7-8002-f056ee415082,pulse_normal,Gloria_8 Root,
PULSE_TAKEN,505910,12/2/2022 2:03:10 PM,ea7d43f6-a7ed-4bc7-8002-f056ee415082,pulse_normal,Gloria_8 Root,
TAG_SELECTED,508650,12/2/2022 2:03:13 PM,ea7d43f6-a7ed-4bc7-8002-f056ee415082,green,
TAG_APPLIED,509795,12/2/2022 2:03:14 PM,ea7d43f6-a7ed-4bc7-8002-f056ee415082,Gloria_8 Root,green,
PULSE_TAKEN,509879,12/2/2022 2:03:14 PM,ea7d43f6-a7ed-4bc7-8002-f056ee415082,pulse_normal,Gloria_8 Root,
VOICE_CAPTURE,513269,12/2/2022 2:03:18 PM,ea7d43f6-a7ed-4bc7-8002-f056ee415082,alright,NA,
VOICE_CAPTURE,516142,12/2/2022 2:03:20 PM,ea7d43f6-a7ed-4bc7-8002-f056ee415082,OK,NA,
VOICE_CAPTURE,518374,12/2/2022 2:03:23 PM,ea7d43f6-a7ed-4bc7-8002-f056ee415082,now what,NA,
BAG_CLOSED,521374,12/2/2022 2:03:26 PM,ea7d43f6-a7ed-4bc7-8002-f056ee415082,"(2.6, 0.8, 7.1)",
TELEPORT,521374,12/2/2022 2:03:26 PM,ea7d43f6-a7ed-4bc7-8002-f056ee415082,"(1.7, 0.0, 6.8)",
VOICE_CAPTURE,521460,12/2/2022 2:03:26 PM,ea7d43f6-a7ed-4bc7-8002-f056ee415082,whatever you wanna do,NA,
TELEPORT,523693,12/2/2022 2:03:28 PM,ea7d43f6-a7ed-4bc7-8002-f056ee415082,"(1.9, 0.0, 5.6)",
TELEPORT,524207,12/2/2022 2:03:28 PM,ea7d43f6-a7ed-4bc7-8002-f056ee415082,"(2.2, 0.0, 5.5)",
TELEPORT,528359,12/2/2022 2:03:33 PM,ea7d43f6-a7ed-4bc7-8002-f056ee415082,"(1.7, 0.0, 5.2)",
TELEPORT,532032,12/2/2022 2:03:36 PM,ea7d43f6-a7ed-4bc7-8002-f056ee415082,"(1.0, 0.0, 4.9)",
SESSION_END,535063,12/2/2022 2:03:39 PM,ea7d43f6-a7ed-4bc7-8002-f056ee415082,
VOICE_CAPTURE,536365,12/2/2022 2:03:41 PM,ea7d43f6-a7ed-4bc7-8002-f056ee415082,i guess i'm gonna say i'm done,NA,
VOICE_CAPTURE,540231,12/2/2022 2:03:45 PM,ea7d43f6-a7ed-4bc7-8002-f056ee415082,OK,NA,
