PATIENT_DEMOTED,2993,12/8/2022 1:10:18 PM,f39a2d46-378a-438c-8d28-ba4b20e6a1c4,100,Infinity,Mike_0 Root,"(2.6, 0.0, -0.6)","(0.0, 0.7, 0.0, -0.7)",DELAYED,walker,normal,normal,normal,upset,sittingGround,
PATIENT_DEMOTED,3663,12/8/2022 1:10:18 PM,f39a2d46-378a-438c-8d28-ba4b20e6a1c4,100,Infinity,Mike_1 Root,"(2.6, 0.0, 0.1)","(0.0, 0.7, 0.0, -0.7)",IMMEDIATE,waver,normal,normal,normal,upset,recovery,
PATIENT_DEMOTED,4313,12/8/2022 1:10:19 PM,f39a2d46-378a-438c-8d28-ba4b20e6a1c4,100,Infinity,Mike_2 Root,"(2.6, 0.0, 2.4)","(0.0, 0.7, 0.0, -0.7)",IMMEDIATE,walker,fast,normal,normal,upset,sittingGround,
PATIENT_DEMOTED,4969,12/8/2022 1:10:20 PM,f39a2d46-378a-438c-8d28-ba4b20e6a1c4,100,128,Mike_3 Root,"(3.0, 0.0, 4.3)","(0.0, 0.7, 0.0, -0.7)",IMMEDIATE,still,faint,collapsedRight,normal,unresponsive,supine,
SESSION_START,7595,12/8/2022 1:10:22 PM,f39a2d46-378a-438c-8d28-ba4b20e6a1c4,
PATIENT_RECORD,7596,12/8/2022 1:10:22 PM,f39a2d46-378a-438c-8d28-ba4b20e6a1c4,100,Infinity,Mike_0 Root,"(2.6, 0.0, -1.4)","(0.0, 0.7, 0.0, -0.7)",DELAYED,walker,normal,normal,normal,upset,sittingGround,
INJURY_RECORD,7596,12/8/2022 1:10:22 PM,f39a2d46-378a-438c-8d28-ba4b20e6a1c4,R Forearm Laceration,Mike_0 Root,gauzePressure,low,rightArm,False,False,"(2.7, 1.4, -0.9)",
PATIENT_RECORD,7596,12/8/2022 1:10:22 PM,f39a2d46-378a-438c-8d28-ba4b20e6a1c4,100,Infinity,Mike_1 Root,"(2.9, 0.0, 0.1)","(0.0, 0.7, 0.0, -0.7)",IMMEDIATE,waver,normal,normal,normal,upset,recovery,
INJURY_RECORD,7596,12/8/2022 1:10:22 PM,f39a2d46-378a-438c-8d28-ba4b20e6a1c4,L Thigh Laceration,Mike_1 Root,tourniquet,medium,leftLeg,False,False,"(2.8, 0.7, -0.1)",
PATIENT_RECORD,7596,12/8/2022 1:10:22 PM,f39a2d46-378a-438c-8d28-ba4b20e6a1c4,100,Infinity,Mike_2 Root,"(3.1, 0.0, 2.2)","(0.0, 0.7, 0.0, -0.7)",IMMEDIATE,walker,fast,normal,normal,upset,sittingGround,
INJURY_RECORD,7596,12/8/2022 1:10:22 PM,f39a2d46-378a-438c-8d28-ba4b20e6a1c4,L Shoulder Puncture,Mike_2 Root,woundpack,medium,chest,False,False,"(3.1, 1.4, 2.1)",
PATIENT_RECORD,7596,12/8/2022 1:10:22 PM,f39a2d46-378a-438c-8d28-ba4b20e6a1c4,100,128,Mike_3 Root,"(3.2, 0.0, 4.3)","(0.0, 0.7, 0.0, -0.7)",IMMEDIATE,still,faint,collapsedRight,normal,unresponsive,supine,
INJURY_RECORD,7596,12/8/2022 1:10:22 PM,f39a2d46-378a-438c-8d28-ba4b20e6a1c4,R Chest Collapse,Mike_3 Root,decompress,high,chest,False,False,"(0.0, 0.0, 0.0)",
VOICE_CAPTURE,12005,12/8/2022 1:10:27 PM,f39a2d46-378a-438c-8d28-ba4b20e6a1c4,i'm gonna just drop these and not any buttons until,NA,
VOICE_CAPTURE,19088,12/8/2022 1:10:34 PM,f39a2d46-378a-438c-8d28-ba4b20e6a1c4,hey,NA,
VOICE_CAPTURE,20424,12/8/2022 1:10:35 PM,f39a2d46-378a-438c-8d28-ba4b20e6a1c4,and the triggers,NA,
TELEPORT,23900,12/8/2022 1:10:39 PM,f39a2d46-378a-438c-8d28-ba4b20e6a1c4,"(0.4, 0.0, -3.1)",
TELEPORT,27562,12/8/2022 1:10:42 PM,f39a2d46-378a-438c-8d28-ba4b20e6a1c4,"(1.2, 0.0, -3.0)",
VOICE_CAPTURE,34408,12/8/2022 1:10:49 PM,f39a2d46-378a-438c-8d28-ba4b20e6a1c4,anyone that can stand up walk to the stairs,NA,
VOICE_COMMAND,34408,12/8/2022 1:10:49 PM,f39a2d46-378a-438c-8d28-ba4b20e6a1c4,walk to the safe area,anyone that can stand up walk to the stairs,
VOICE_COMMAND,34408,12/8/2022 1:10:49 PM,f39a2d46-378a-438c-8d28-ba4b20e6a1c4,stand up,anyone that can stand up walk to the stairs,
VOICE_CAPTURE,37384,12/8/2022 1:10:52 PM,f39a2d46-378a-438c-8d28-ba4b20e6a1c4,walk,NA,
VOICE_COMMAND,37384,12/8/2022 1:10:52 PM,f39a2d46-378a-438c-8d28-ba4b20e6a1c4,walk to the safe area,walk,
S_A_L_T_WALK_IF_CAN,37385,12/8/2022 1:10:52 PM,f39a2d46-378a-438c-8d28-ba4b20e6a1c4,"(2.6, 0.0, -1.4)",walkIfCan,Mike_0 Root,
S_A_L_T_WALKED,37385,12/8/2022 1:10:52 PM,f39a2d46-378a-438c-8d28-ba4b20e6a1c4,"(2.6, 0.0, -1.4)",walked,Mike_0 Root,
S_A_L_T_WALK_IF_CAN,37386,12/8/2022 1:10:52 PM,f39a2d46-378a-438c-8d28-ba4b20e6a1c4,"(2.9, 0.0, 0.1)",walkIfCan,Mike_1 Root,
S_A_L_T_WALK_IF_CAN,37386,12/8/2022 1:10:52 PM,f39a2d46-378a-438c-8d28-ba4b20e6a1c4,"(3.1, 0.0, 2.2)",walkIfCan,Mike_2 Root,
S_A_L_T_WALKED,37386,12/8/2022 1:10:52 PM,f39a2d46-378a-438c-8d28-ba4b20e6a1c4,"(3.1, 0.0, 2.2)",walked,Mike_2 Root,
TELEPORT,41610,12/8/2022 1:10:56 PM,f39a2d46-378a-438c-8d28-ba4b20e6a1c4,"(1.2, 0.0, -3.0)",
VOICE_CAPTURE,42177,12/8/2022 1:10:57 PM,f39a2d46-378a-438c-8d28-ba4b20e6a1c4,matched headliner walk to safe area,NA,
VOICE_COMMAND,42177,12/8/2022 1:10:57 PM,f39a2d46-378a-438c-8d28-ba4b20e6a1c4,walk to the safe area,matched headliner walk to safe area,
VOICE_CAPTURE,46086,12/8/2022 1:11:01 PM,f39a2d46-378a-438c-8d28-ba4b20e6a1c4,alright,NA,
PATIENT_ENGAGED,48448,12/8/2022 1:11:03 PM,f39a2d46-378a-438c-8d28-ba4b20e6a1c4,100,Infinity,Mike_1 Root,"(2.9, 0.0, 0.1)","(0.0, 0.7, 0.0, -0.7)",IMMEDIATE,waver,normal,normal,normal,upset,recovery,
PULSE_TAKEN,50209,12/8/2022 1:11:05 PM,f39a2d46-378a-438c-8d28-ba4b20e6a1c4,pulse_normal,Mike_1 Root,
VOICE_CAPTURE,50961,12/8/2022 1:11:06 PM,f39a2d46-378a-438c-8d28-ba4b20e6a1c4,hey hey what's your name,NA,
VOICE_COMMAND,50961,12/8/2022 1:11:06 PM,f39a2d46-378a-438c-8d28-ba4b20e6a1c4,what is your name,hey hey what's your name,
PULSE_TAKEN,51831,12/8/2022 1:11:07 PM,f39a2d46-378a-438c-8d28-ba4b20e6a1c4,pulse_normal,Mike_1 Root,
PULSE_TAKEN,56331,12/8/2022 1:11:11 PM,f39a2d46-378a-438c-8d28-ba4b20e6a1c4,pulse_normal,Mike_1 Root,
VOICE_CAPTURE,57496,12/8/2022 1:11:12 PM,f39a2d46-378a-438c-8d28-ba4b20e6a1c4,you're michael,NA,
BAG_ACCESS,58493,12/8/2022 1:11:13 PM,f39a2d46-378a-438c-8d28-ba4b20e6a1c4,"(3.1, 0.5, 0.5)",
VOICE_CAPTURE,61353,12/8/2022 1:11:16 PM,f39a2d46-378a-438c-8d28-ba4b20e6a1c4,alright whoa,NA,
TOOL_HOVER,66052,12/8/2022 1:11:21 PM,f39a2d46-378a-438c-8d28-ba4b20e6a1c4,Tourniquet,999,
TOOL_HOVER,66068,12/8/2022 1:11:21 PM,f39a2d46-378a-438c-8d28-ba4b20e6a1c4,Tourniquet,999,
TOOL_HOVER,66084,12/8/2022 1:11:21 PM,f39a2d46-378a-438c-8d28-ba4b20e6a1c4,Tourniquet,999,
TOOL_HOVER,66102,12/8/2022 1:11:21 PM,f39a2d46-378a-438c-8d28-ba4b20e6a1c4,Tourniquet,999,
TOOL_HOVER,66118,12/8/2022 1:11:21 PM,f39a2d46-378a-438c-8d28-ba4b20e6a1c4,Tourniquet,999,
TOOL_HOVER,66135,12/8/2022 1:11:21 PM,f39a2d46-378a-438c-8d28-ba4b20e6a1c4,Tourniquet,999,
TOOL_HOVER,66152,12/8/2022 1:11:21 PM,f39a2d46-378a-438c-8d28-ba4b20e6a1c4,Tourniquet,999,
TOOL_HOVER,66168,12/8/2022 1:11:21 PM,f39a2d46-378a-438c-8d28-ba4b20e6a1c4,Tourniquet,999,
TOOL_HOVER,66185,12/8/2022 1:11:21 PM,f39a2d46-378a-438c-8d28-ba4b20e6a1c4,Tourniquet,999,
TOOL_HOVER,66201,12/8/2022 1:11:21 PM,f39a2d46-378a-438c-8d28-ba4b20e6a1c4,Tourniquet,999,
TOOL_HOVER,66218,12/8/2022 1:11:21 PM,f39a2d46-378a-438c-8d28-ba4b20e6a1c4,Tourniquet,999,
TOOL_HOVER,66236,12/8/2022 1:11:21 PM,f39a2d46-378a-438c-8d28-ba4b20e6a1c4,Tourniquet,999,
TOOL_HOVER,66251,12/8/2022 1:11:21 PM,f39a2d46-378a-438c-8d28-ba4b20e6a1c4,Tourniquet,999,
TOOL_HOVER,66268,12/8/2022 1:11:21 PM,f39a2d46-378a-438c-8d28-ba4b20e6a1c4,Tourniquet,999,
TOOL_HOVER,66285,12/8/2022 1:11:21 PM,f39a2d46-378a-438c-8d28-ba4b20e6a1c4,Tourniquet,999,
TOOL_HOVER,66303,12/8/2022 1:11:21 PM,f39a2d46-378a-438c-8d28-ba4b20e6a1c4,Tourniquet,999,
TOOL_HOVER,66318,12/8/2022 1:11:21 PM,f39a2d46-378a-438c-8d28-ba4b20e6a1c4,Tourniquet,999,
TOOL_HOVER,66337,12/8/2022 1:11:21 PM,f39a2d46-378a-438c-8d28-ba4b20e6a1c4,Tourniquet,999,
TOOL_HOVER,66352,12/8/2022 1:11:21 PM,f39a2d46-378a-438c-8d28-ba4b20e6a1c4,Tourniquet,999,
TOOL_HOVER,66369,12/8/2022 1:11:21 PM,f39a2d46-378a-438c-8d28-ba4b20e6a1c4,Tourniquet,999,
TOOL_HOVER,66386,12/8/2022 1:11:21 PM,f39a2d46-378a-438c-8d28-ba4b20e6a1c4,Tourniquet,999,
TOOL_HOVER,66401,12/8/2022 1:11:21 PM,f39a2d46-378a-438c-8d28-ba4b20e6a1c4,Tourniquet,999,
TOOL_HOVER,66418,12/8/2022 1:11:21 PM,f39a2d46-378a-438c-8d28-ba4b20e6a1c4,Tourniquet,999,
TOOL_HOVER,66435,12/8/2022 1:11:21 PM,f39a2d46-378a-438c-8d28-ba4b20e6a1c4,Tourniquet,999,
TOOL_HOVER,66453,12/8/2022 1:11:21 PM,f39a2d46-378a-438c-8d28-ba4b20e6a1c4,Tourniquet,999,
TOOL_HOVER,66469,12/8/2022 1:11:21 PM,f39a2d46-378a-438c-8d28-ba4b20e6a1c4,Tourniquet,999,
TOOL_HOVER,66485,12/8/2022 1:11:21 PM,f39a2d46-378a-438c-8d28-ba4b20e6a1c4,Tourniquet,999,
TOOL_HOVER,66502,12/8/2022 1:11:21 PM,f39a2d46-378a-438c-8d28-ba4b20e6a1c4,Tourniquet,999,
TOOL_HOVER,66519,12/8/2022 1:11:21 PM,f39a2d46-378a-438c-8d28-ba4b20e6a1c4,Tourniquet,999,
TOOL_HOVER,66537,12/8/2022 1:11:21 PM,f39a2d46-378a-438c-8d28-ba4b20e6a1c4,Tourniquet,999,
TOOL_HOVER,66553,12/8/2022 1:11:21 PM,f39a2d46-378a-438c-8d28-ba4b20e6a1c4,Tourniquet,999,
TOOL_HOVER,66570,12/8/2022 1:11:21 PM,f39a2d46-378a-438c-8d28-ba4b20e6a1c4,Tourniquet,999,
TOOL_HOVER,66586,12/8/2022 1:11:21 PM,f39a2d46-378a-438c-8d28-ba4b20e6a1c4,Tourniquet,999,
TOOL_HOVER,66602,12/8/2022 1:11:21 PM,f39a2d46-378a-438c-8d28-ba4b20e6a1c4,Tourniquet,999,
TOOL_HOVER,66619,12/8/2022 1:11:21 PM,f39a2d46-378a-438c-8d28-ba4b20e6a1c4,Tourniquet,999,
TOOL_HOVER,66636,12/8/2022 1:11:21 PM,f39a2d46-378a-438c-8d28-ba4b20e6a1c4,Tourniquet,999,
TOOL_HOVER,66652,12/8/2022 1:11:21 PM,f39a2d46-378a-438c-8d28-ba4b20e6a1c4,Tourniquet,999,
TOOL_HOVER,66670,12/8/2022 1:11:21 PM,f39a2d46-378a-438c-8d28-ba4b20e6a1c4,Tourniquet,999,
TOOL_HOVER,66691,12/8/2022 1:11:21 PM,f39a2d46-378a-438c-8d28-ba4b20e6a1c4,Tourniquet,999,
TOOL_HOVER,66707,12/8/2022 1:11:21 PM,f39a2d46-378a-438c-8d28-ba4b20e6a1c4,Tourniquet,999,
TOOL_HOVER,66722,12/8/2022 1:11:21 PM,f39a2d46-378a-438c-8d28-ba4b20e6a1c4,Tourniquet,999,
TOOL_HOVER,66737,12/8/2022 1:11:21 PM,f39a2d46-378a-438c-8d28-ba4b20e6a1c4,Tourniquet,999,
VOICE_CAPTURE,68259,12/8/2022 1:11:23 PM,f39a2d46-378a-438c-8d28-ba4b20e6a1c4,alright where's my,NA,
TOOL_HOVER,70746,12/8/2022 1:11:25 PM,f39a2d46-378a-438c-8d28-ba4b20e6a1c4,Tourniquet,999,
TOOL_HOVER,70763,12/8/2022 1:11:25 PM,f39a2d46-378a-438c-8d28-ba4b20e6a1c4,Tourniquet,999,
TOOL_HOVER,70779,12/8/2022 1:11:25 PM,f39a2d46-378a-438c-8d28-ba4b20e6a1c4,Tourniquet,999,
TOOL_HOVER,70796,12/8/2022 1:11:26 PM,f39a2d46-378a-438c-8d28-ba4b20e6a1c4,Tourniquet,999,
TOOL_HOVER,70812,12/8/2022 1:11:26 PM,f39a2d46-378a-438c-8d28-ba4b20e6a1c4,Tourniquet,999,
TOOL_HOVER,70829,12/8/2022 1:11:26 PM,f39a2d46-378a-438c-8d28-ba4b20e6a1c4,Tourniquet,999,
TOOL_HOVER,70846,12/8/2022 1:11:26 PM,f39a2d46-378a-438c-8d28-ba4b20e6a1c4,Tourniquet,999,
TOOL_HOVER,70863,12/8/2022 1:11:26 PM,f39a2d46-378a-438c-8d28-ba4b20e6a1c4,Tourniquet,999,
TOOL_HOVER,70880,12/8/2022 1:11:26 PM,f39a2d46-378a-438c-8d28-ba4b20e6a1c4,Tourniquet,999,
TOOL_HOVER,70896,12/8/2022 1:11:26 PM,f39a2d46-378a-438c-8d28-ba4b20e6a1c4,Tourniquet,999,
TOOL_HOVER,70912,12/8/2022 1:11:26 PM,f39a2d46-378a-438c-8d28-ba4b20e6a1c4,Tourniquet,999,
TOOL_HOVER,70930,12/8/2022 1:11:26 PM,f39a2d46-378a-438c-8d28-ba4b20e6a1c4,Tourniquet,999,
TOOL_HOVER,70946,12/8/2022 1:11:26 PM,f39a2d46-378a-438c-8d28-ba4b20e6a1c4,Tourniquet,999,
TOOL_HOVER,70964,12/8/2022 1:11:26 PM,f39a2d46-378a-438c-8d28-ba4b20e6a1c4,Tourniquet,999,
TOOL_HOVER,70979,12/8/2022 1:11:26 PM,f39a2d46-378a-438c-8d28-ba4b20e6a1c4,Tourniquet,999,
TOOL_HOVER,70997,12/8/2022 1:11:26 PM,f39a2d46-378a-438c-8d28-ba4b20e6a1c4,Tourniquet,999,
TOOL_HOVER,71014,12/8/2022 1:11:26 PM,f39a2d46-378a-438c-8d28-ba4b20e6a1c4,Tourniquet,999,
TOOL_HOVER,71030,12/8/2022 1:11:26 PM,f39a2d46-378a-438c-8d28-ba4b20e6a1c4,Tourniquet,999,
TOOL_HOVER,71047,12/8/2022 1:11:26 PM,f39a2d46-378a-438c-8d28-ba4b20e6a1c4,Tourniquet,999,
TOOL_HOVER,71064,12/8/2022 1:11:26 PM,f39a2d46-378a-438c-8d28-ba4b20e6a1c4,Tourniquet,999,
TOOL_HOVER,71079,12/8/2022 1:11:26 PM,f39a2d46-378a-438c-8d28-ba4b20e6a1c4,Tourniquet,999,
TOOL_HOVER,71096,12/8/2022 1:11:26 PM,f39a2d46-378a-438c-8d28-ba4b20e6a1c4,Tourniquet,999,
TOOL_HOVER,71113,12/8/2022 1:11:26 PM,f39a2d46-378a-438c-8d28-ba4b20e6a1c4,Tourniquet,999,
TOOL_HOVER,71131,12/8/2022 1:11:26 PM,f39a2d46-378a-438c-8d28-ba4b20e6a1c4,Tourniquet,999,
TOOL_HOVER,71146,12/8/2022 1:11:26 PM,f39a2d46-378a-438c-8d28-ba4b20e6a1c4,Tourniquet,999,
TOOL_HOVER,71164,12/8/2022 1:11:26 PM,f39a2d46-378a-438c-8d28-ba4b20e6a1c4,Tourniquet,999,
TOOL_HOVER,71181,12/8/2022 1:11:26 PM,f39a2d46-378a-438c-8d28-ba4b20e6a1c4,Tourniquet,999,
TOOL_HOVER,71198,12/8/2022 1:11:26 PM,f39a2d46-378a-438c-8d28-ba4b20e6a1c4,Tourniquet,999,
TOOL_HOVER,71214,12/8/2022 1:11:26 PM,f39a2d46-378a-438c-8d28-ba4b20e6a1c4,Tourniquet,999,
TOOL_HOVER,71231,12/8/2022 1:11:26 PM,f39a2d46-378a-438c-8d28-ba4b20e6a1c4,Tourniquet,999,
TOOL_SELECTED,71234,12/8/2022 1:11:26 PM,f39a2d46-378a-438c-8d28-ba4b20e6a1c4,Tourniquet,998,
VOICE_CAPTURE,75144,12/8/2022 1:11:30 PM,f39a2d46-378a-438c-8d28-ba4b20e6a1c4,alright,NA,
INJURY_TREATED,75895,12/8/2022 1:11:31 PM,f39a2d46-378a-438c-8d28-ba4b20e6a1c4,L Thigh Laceration,Mike_1 Root,tourniquet,medium,leftLeg,True,False,"(2.8, 0.3, 0.3)",
TOOL_APPLIED,75896,12/8/2022 1:11:31 PM,f39a2d46-378a-438c-8d28-ba4b20e6a1c4,Mike_1 Root,Tourniquet,LeftUpLeg (UnityEngine.GameObject),tor_ring (1) (UnityEngine.GameObject),tourniquet(Clone) (UnityEngine.GameObject),AppliedTourniquet,
VOICE_CAPTURE,79149,12/8/2022 1:11:34 PM,f39a2d46-378a-438c-8d28-ba4b20e6a1c4,michael for a tourniquet on your leg here,NA,
VOICE_CAPTURE,83828,12/8/2022 1:11:39 PM,f39a2d46-378a-438c-8d28-ba4b20e6a1c4,alright that's all,NA,
VOICE_CAPTURE,88104,12/8/2022 1:11:43 PM,f39a2d46-378a-438c-8d28-ba4b20e6a1c4,alright michael can you lay back,NA,
VOICE_CAPTURE,90579,12/8/2022 1:11:45 PM,f39a2d46-378a-438c-8d28-ba4b20e6a1c4,lay down,NA,
VOICE_COMMAND,90579,12/8/2022 1:11:45 PM,f39a2d46-378a-438c-8d28-ba4b20e6a1c4,lay down,lay down,
VOICE_CAPTURE,96441,12/8/2022 1:11:51 PM,f39a2d46-378a-438c-8d28-ba4b20e6a1c4,alright no other injuries,NA,
VOICE_COMMAND,96441,12/8/2022 1:11:51 PM,f39a2d46-378a-438c-8d28-ba4b20e6a1c4,are you hurt,alright no other injuries,
VOICE_COMMAND,96442,12/8/2022 1:11:51 PM,f39a2d46-378a-438c-8d28-ba4b20e6a1c4,anywhere else,alright no other injuries,
TAG_SELECTED,98648,12/8/2022 1:11:53 PM,f39a2d46-378a-438c-8d28-ba4b20e6a1c4,red,
VOICE_CAPTURE,99248,12/8/2022 1:11:54 PM,f39a2d46-378a-438c-8d28-ba4b20e6a1c4,alright,NA,
TAG_APPLIED,100770,12/8/2022 1:11:55 PM,f39a2d46-378a-438c-8d28-ba4b20e6a1c4,Mike_1 Root,red,
VOICE_CAPTURE,108972,12/8/2022 1:12:04 PM,f39a2d46-378a-438c-8d28-ba4b20e6a1c4,alright can't hear him breathing so that's gonna be a good thing,NA,
VOICE_CAPTURE,110359,12/8/2022 1:12:05 PM,f39a2d46-378a-438c-8d28-ba4b20e6a1c4,alright,NA,
BAG_CLOSED,111880,12/8/2022 1:12:07 PM,f39a2d46-378a-438c-8d28-ba4b20e6a1c4,"(3.1, 0.5, 0.5)",
TELEPORT,111880,12/8/2022 1:12:07 PM,f39a2d46-378a-438c-8d28-ba4b20e6a1c4,"(2.6, 0.0, -0.6)",
TELEPORT,119965,12/8/2022 1:12:15 PM,f39a2d46-378a-438c-8d28-ba4b20e6a1c4,"(2.9, 0.0, 3.2)",
VOICE_CAPTURE,122203,12/8/2022 1:12:17 PM,f39a2d46-378a-438c-8d28-ba4b20e6a1c4,i'll do this walk from the tub mean that is kinda strange,NA,
VOICE_COMMAND,122203,12/8/2022 1:12:17 PM,f39a2d46-378a-438c-8d28-ba4b20e6a1c4,walk to the safe area,i'll do this walk from the tub mean that is kinda strange,
S_A_L_T_WALK_IF_CAN,122204,12/8/2022 1:12:17 PM,f39a2d46-378a-438c-8d28-ba4b20e6a1c4,"(3.0, 0.0, -4.9)",walkIfCan,Mike_0 Root,
S_A_L_T_WALKED,122204,12/8/2022 1:12:17 PM,f39a2d46-378a-438c-8d28-ba4b20e6a1c4,"(3.0, 0.0, -4.9)",walked,Mike_0 Root,
S_A_L_T_WALK_IF_CAN,122204,12/8/2022 1:12:17 PM,f39a2d46-378a-438c-8d28-ba4b20e6a1c4,"(2.9, 0.0, 0.1)",walkIfCan,Mike_1 Root,
S_A_L_T_WALK_IF_CAN,122204,12/8/2022 1:12:17 PM,f39a2d46-378a-438c-8d28-ba4b20e6a1c4,"(4.8, 0.0, -1.1)",walkIfCan,Mike_2 Root,
S_A_L_T_WALKED,122204,12/8/2022 1:12:17 PM,f39a2d46-378a-438c-8d28-ba4b20e6a1c4,"(4.8, 0.0, -1.1)",walked,Mike_2 Root,
PATIENT_ENGAGED,123942,12/8/2022 1:12:19 PM,f39a2d46-378a-438c-8d28-ba4b20e6a1c4,100,128,Mike_3 Root,"(3.2, 0.0, 4.3)","(0.0, 0.7, 0.0, -0.7)",IMMEDIATE,still,faint,collapsedRight,normal,unresponsive,supine,
PULSE_TAKEN,124225,12/8/2022 1:12:19 PM,f39a2d46-378a-438c-8d28-ba4b20e6a1c4,pulse_faint,Mike_3 Root,
VOICE_CAPTURE,128034,12/8/2022 1:12:23 PM,f39a2d46-378a-438c-8d28-ba4b20e6a1c4,hello can you tell me your name,NA,
VOICE_COMMAND,128034,12/8/2022 1:12:23 PM,f39a2d46-378a-438c-8d28-ba4b20e6a1c4,what is your name,hello can you tell me your name,
VOICE_CAPTURE,133213,12/8/2022 1:12:28 PM,f39a2d46-378a-438c-8d28-ba4b20e6a1c4,hey he's unresponsive he's tachycardic,NA,
BAG_ACCESS,133663,12/8/2022 1:12:28 PM,f39a2d46-378a-438c-8d28-ba4b20e6a1c4,"(4.1, 0.7, 4.8)",
TAG_SELECTED,136104,12/8/2022 1:12:31 PM,f39a2d46-378a-438c-8d28-ba4b20e6a1c4,red,
TAG_DISCARDED,137123,12/8/2022 1:12:32 PM,f39a2d46-378a-438c-8d28-ba4b20e6a1c4,red,"(4.2, 0.8, 4.8)",
VOICE_CAPTURE,139546,12/8/2022 1:12:34 PM,f39a2d46-378a-438c-8d28-ba4b20e6a1c4,oh,NA,
TOOL_HOVER,142453,12/8/2022 1:12:37 PM,f39a2d46-378a-438c-8d28-ba4b20e6a1c4,Needle,999,
TOOL_HOVER,142469,12/8/2022 1:12:37 PM,f39a2d46-378a-438c-8d28-ba4b20e6a1c4,Needle,999,
TOOL_HOVER,142487,12/8/2022 1:12:37 PM,f39a2d46-378a-438c-8d28-ba4b20e6a1c4,Needle,999,
TOOL_HOVER,142503,12/8/2022 1:12:37 PM,f39a2d46-378a-438c-8d28-ba4b20e6a1c4,Needle,999,
TOOL_HOVER,142520,12/8/2022 1:12:37 PM,f39a2d46-378a-438c-8d28-ba4b20e6a1c4,Needle,999,
TOOL_HOVER,142538,12/8/2022 1:12:37 PM,f39a2d46-378a-438c-8d28-ba4b20e6a1c4,Needle,999,
TOOL_HOVER,142554,12/8/2022 1:12:37 PM,f39a2d46-378a-438c-8d28-ba4b20e6a1c4,Needle,999,
TOOL_HOVER,142571,12/8/2022 1:12:37 PM,f39a2d46-378a-438c-8d28-ba4b20e6a1c4,Needle,999,
TOOL_HOVER,142587,12/8/2022 1:12:37 PM,f39a2d46-378a-438c-8d28-ba4b20e6a1c4,Needle,999,
TOOL_HOVER,142603,12/8/2022 1:12:37 PM,f39a2d46-378a-438c-8d28-ba4b20e6a1c4,Needle,999,
TOOL_HOVER,142620,12/8/2022 1:12:37 PM,f39a2d46-378a-438c-8d28-ba4b20e6a1c4,Needle,999,
TOOL_HOVER,142637,12/8/2022 1:12:37 PM,f39a2d46-378a-438c-8d28-ba4b20e6a1c4,Needle,999,
TOOL_HOVER,142653,12/8/2022 1:12:37 PM,f39a2d46-378a-438c-8d28-ba4b20e6a1c4,Needle,999,
TOOL_HOVER,142670,12/8/2022 1:12:37 PM,f39a2d46-378a-438c-8d28-ba4b20e6a1c4,Needle,999,
TOOL_HOVER,142687,12/8/2022 1:12:37 PM,f39a2d46-378a-438c-8d28-ba4b20e6a1c4,Needle,999,
TOOL_HOVER,142703,12/8/2022 1:12:37 PM,f39a2d46-378a-438c-8d28-ba4b20e6a1c4,Needle,999,
TOOL_HOVER,142720,12/8/2022 1:12:37 PM,f39a2d46-378a-438c-8d28-ba4b20e6a1c4,Needle,999,
TOOL_HOVER,142737,12/8/2022 1:12:37 PM,f39a2d46-378a-438c-8d28-ba4b20e6a1c4,Needle,999,
TOOL_HOVER,142755,12/8/2022 1:12:37 PM,f39a2d46-378a-438c-8d28-ba4b20e6a1c4,Needle,999,
TOOL_HOVER,142771,12/8/2022 1:12:37 PM,f39a2d46-378a-438c-8d28-ba4b20e6a1c4,Needle,999,
TOOL_HOVER,142789,12/8/2022 1:12:37 PM,f39a2d46-378a-438c-8d28-ba4b20e6a1c4,Needle,999,
TOOL_HOVER,142804,12/8/2022 1:12:38 PM,f39a2d46-378a-438c-8d28-ba4b20e6a1c4,Needle,999,
TOOL_HOVER,142820,12/8/2022 1:12:38 PM,f39a2d46-378a-438c-8d28-ba4b20e6a1c4,Needle,999,
TOOL_HOVER,142838,12/8/2022 1:12:38 PM,f39a2d46-378a-438c-8d28-ba4b20e6a1c4,Needle,999,
TOOL_SELECTED,142839,12/8/2022 1:12:38 PM,f39a2d46-378a-438c-8d28-ba4b20e6a1c4,Needle,998,
VOICE_CAPTURE,149436,12/8/2022 1:12:44 PM,f39a2d46-378a-438c-8d28-ba4b20e6a1c4,alright so,NA,
INJURY_TREATED,154336,12/8/2022 1:12:49 PM,f39a2d46-378a-438c-8d28-ba4b20e6a1c4,R Chest Collapse,Mike_3 Root,decompress,high,chest,True,False,"(0.0, 0.0, 0.0)",
TOOL_APPLIED,154336,12/8/2022 1:12:49 PM,f39a2d46-378a-438c-8d28-ba4b20e6a1c4,Needle_Decomp(Clone),Needle,RChest_Breathe1 (UnityEngine.GameObject),cath_needle (UnityEngine.GameObject),right_chest,Needle_Decomp(Clone) (UnityEngine.GameObject),AppliedDecompNeedle,
VOICE_CAPTURE,157121,12/8/2022 1:12:52 PM,f39a2d46-378a-438c-8d28-ba4b20e6a1c4,alright since i can't feel it's probably gonna be right about in right about in there,NA,
VOICE_CAPTURE,164849,12/8/2022 1:13:00 PM,f39a2d46-378a-438c-8d28-ba4b20e6a1c4,alright,NA,
VOICE_CAPTURE,166369,12/8/2022 1:13:01 PM,f39a2d46-378a-438c-8d28-ba4b20e6a1c4,yep,NA,
TAG_SELECTED,168909,12/8/2022 1:13:04 PM,f39a2d46-378a-438c-8d28-ba4b20e6a1c4,red,
VOICE_CAPTURE,169511,12/8/2022 1:13:04 PM,f39a2d46-378a-438c-8d28-ba4b20e6a1c4,alright no,NA,
TAG_APPLIED,171949,12/8/2022 1:13:07 PM,f39a2d46-378a-438c-8d28-ba4b20e6a1c4,Mike_3 Root,red,
VOICE_CAPTURE,180102,12/8/2022 1:13:15 PM,f39a2d46-378a-438c-8d28-ba4b20e6a1c4,immediate,NA,
BAG_CLOSED,181124,12/8/2022 1:13:16 PM,f39a2d46-378a-438c-8d28-ba4b20e6a1c4,"(4.1, 0.7, 4.8)",
TELEPORT,185264,12/8/2022 1:13:20 PM,f39a2d46-378a-438c-8d28-ba4b20e6a1c4,"(3.7, 0.0, 2.6)",
TELEPORT,189107,12/8/2022 1:13:24 PM,f39a2d46-378a-438c-8d28-ba4b20e6a1c4,"(3.2, 0.0, 3.6)",
TELEPORT,197128,12/8/2022 1:13:32 PM,f39a2d46-378a-438c-8d28-ba4b20e6a1c4,"(3.8, 0.0, -1.5)",
VOICE_CAPTURE,200051,12/8/2022 1:13:35 PM,f39a2d46-378a-438c-8d28-ba4b20e6a1c4,oh shoot i'm standing right in front of the thing,NA,
VOICE_COMMAND,200051,12/8/2022 1:13:35 PM,f39a2d46-378a-438c-8d28-ba4b20e6a1c4,stand up,oh shoot i'm standing right in front of the thing,
TELEPORT,201905,12/8/2022 1:13:37 PM,f39a2d46-378a-438c-8d28-ba4b20e6a1c4,"(1.6, 0.0, -1.6)",
PATIENT_ENGAGED,204002,12/8/2022 1:13:39 PM,f39a2d46-378a-438c-8d28-ba4b20e6a1c4,100,Infinity,Mike_2 Root,"(4.8, 0.0, -1.1)","(0.0, -0.7, 0.0, 0.7)",IMMEDIATE,walker,fast,normal,normal,upset,sittingChair,
VOICE_CAPTURE,207121,12/8/2022 1:13:42 PM,f39a2d46-378a-438c-8d28-ba4b20e6a1c4,hello what's your name,NA,
VOICE_COMMAND,207121,12/8/2022 1:13:42 PM,f39a2d46-378a-438c-8d28-ba4b20e6a1c4,what is your name,hello what's your name,
PULSE_TAKEN,209798,12/8/2022 1:13:45 PM,f39a2d46-378a-438c-8d28-ba4b20e6a1c4,pulse_fast,Mike_2 Root,
VOICE_CAPTURE,211805,12/8/2022 1:13:47 PM,f39a2d46-378a-438c-8d28-ba4b20e6a1c4,michael,NA,
PULSE_TAKEN,211844,12/8/2022 1:13:47 PM,f39a2d46-378a-438c-8d28-ba4b20e6a1c4,pulse_fast,Mike_2 Root,
PULSE_TAKEN,212658,12/8/2022 1:13:47 PM,f39a2d46-378a-438c-8d28-ba4b20e6a1c4,pulse_fast,Mike_2 Root,
VOICE_CAPTURE,216036,12/8/2022 1:13:51 PM,f39a2d46-378a-438c-8d28-ba4b20e6a1c4,he's a little technical,NA,
VOICE_CAPTURE,223392,12/8/2022 1:13:58 PM,f39a2d46-378a-438c-8d28-ba4b20e6a1c4,i got this blue,NA,
VOICE_CAPTURE,224110,12/8/2022 1:13:59 PM,f39a2d46-378a-438c-8d28-ba4b20e6a1c4,use your,NA,
VOICE_CAPTURE,227752,12/8/2022 1:14:02 PM,f39a2d46-378a-438c-8d28-ba4b20e6a1c4,put you back two more steps,NA,
VOICE_CAPTURE,229690,12/8/2022 1:14:04 PM,f39a2d46-378a-438c-8d28-ba4b20e6a1c4,if you see that you can stop,NA,
TELEPORT,230927,12/8/2022 1:14:06 PM,f39a2d46-378a-438c-8d28-ba4b20e6a1c4,"(2.7, 0.0, -0.8)",
BAG_ACCESS,236906,12/8/2022 1:14:12 PM,f39a2d46-378a-438c-8d28-ba4b20e6a1c4,"(4.2, 0.7, -1.6)",
VOICE_CAPTURE,238597,12/8/2022 1:14:13 PM,f39a2d46-378a-438c-8d28-ba4b20e6a1c4,so that's how you,NA,
TOOL_HOVER,239053,12/8/2022 1:14:14 PM,f39a2d46-378a-438c-8d28-ba4b20e6a1c4,Hemostatic Gauze,999,
TOOL_SELECTED,239054,12/8/2022 1:14:14 PM,f39a2d46-378a-438c-8d28-ba4b20e6a1c4,Hemostatic Gauze,998,
TOOL_DISCARDED,242751,12/8/2022 1:14:17 PM,f39a2d46-378a-438c-8d28-ba4b20e6a1c4,Hemostatic Gauze,998,"(5.1, 1.0, -1.4)",
INJURY_TREATED,242753,12/8/2022 1:14:17 PM,f39a2d46-378a-438c-8d28-ba4b20e6a1c4,L Shoulder Puncture,Mike_2 Root,woundpack,medium,chest,True,False,"(5.1, 1.0, -1.4)",
TOOL_APPLIED,242753,12/8/2022 1:14:17 PM,f39a2d46-378a-438c-8d28-ba4b20e6a1c4,Mike_2 Root,Gauze_Pack,skinCollider_BodyCollideLOD (UnityEngine.GameObject),null,null,AppliedPackingGauze,
PULSE_TAKEN,246964,12/8/2022 1:14:22 PM,f39a2d46-378a-438c-8d28-ba4b20e6a1c4,pulse_fast,Mike_2 Root,
VOICE_CAPTURE,248352,12/8/2022 1:14:23 PM,f39a2d46-378a-438c-8d28-ba4b20e6a1c4,alright,NA,
VOICE_CAPTURE,252260,12/8/2022 1:14:27 PM,f39a2d46-378a-438c-8d28-ba4b20e6a1c4,how's your breathing,NA,
VOICE_CAPTURE,253849,12/8/2022 1:14:29 PM,f39a2d46-378a-438c-8d28-ba4b20e6a1c4,modbutton yes,NA,
VOICE_COMMAND,253849,12/8/2022 1:14:29 PM,f39a2d46-378a-438c-8d28-ba4b20e6a1c4,modbutton yes,modbutton yes,
VOICE_CAPTURE,255702,12/8/2022 1:14:30 PM,f39a2d46-378a-438c-8d28-ba4b20e6a1c4,can you breathe that well,NA,
TAG_SELECTED,257291,12/8/2022 1:14:32 PM,f39a2d46-378a-438c-8d28-ba4b20e6a1c4,yellow,
VOICE_CAPTURE,257406,12/8/2022 1:14:32 PM,f39a2d46-378a-438c-8d28-ba4b20e6a1c4,alright,NA,
TAG_APPLIED,259445,12/8/2022 1:14:34 PM,f39a2d46-378a-438c-8d28-ba4b20e6a1c4,Mike_2 Root,yellow,
BAG_CLOSED,263806,12/8/2022 1:14:39 PM,f39a2d46-378a-438c-8d28-ba4b20e6a1c4,"(4.2, 0.7, -1.6)",
TELEPORT,263806,12/8/2022 1:14:39 PM,f39a2d46-378a-438c-8d28-ba4b20e6a1c4,"(4.3, 0.0, -1.1)",
TELEPORT,267915,12/8/2022 1:14:43 PM,f39a2d46-378a-438c-8d28-ba4b20e6a1c4,"(4.1, 0.0, -1.9)",
TELEPORT,268568,12/8/2022 1:14:43 PM,f39a2d46-378a-438c-8d28-ba4b20e6a1c4,"(4.1, 0.0, -1.9)",
TELEPORT,269287,12/8/2022 1:14:44 PM,f39a2d46-378a-438c-8d28-ba4b20e6a1c4,"(3.9, 0.0, -2.2)",
PATIENT_ENGAGED,270188,12/8/2022 1:14:45 PM,f39a2d46-378a-438c-8d28-ba4b20e6a1c4,100,Infinity,Mike_0 Root,"(3.0, 0.0, -5.1)","(0.0, 0.1, 0.0, -1.0)",DELAYED,walker,normal,normal,normal,upset,sittingGround,
PULSE_TAKEN,274933,12/8/2022 1:14:50 PM,f39a2d46-378a-438c-8d28-ba4b20e6a1c4,pulse_normal,Mike_0 Root,
PULSE_TAKEN,276002,12/8/2022 1:14:51 PM,f39a2d46-378a-438c-8d28-ba4b20e6a1c4,pulse_normal,Mike_0 Root,
VOICE_CAPTURE,276486,12/8/2022 1:14:51 PM,f39a2d46-378a-438c-8d28-ba4b20e6a1c4,alright what's your name,NA,
VOICE_COMMAND,276486,12/8/2022 1:14:51 PM,f39a2d46-378a-438c-8d28-ba4b20e6a1c4,what is your name,alright what's your name,
PULSE_TAKEN,277923,12/8/2022 1:14:53 PM,f39a2d46-378a-438c-8d28-ba4b20e6a1c4,pulse_normal,Mike_0 Root,
PULSE_TAKEN,280613,12/8/2022 1:14:55 PM,f39a2d46-378a-438c-8d28-ba4b20e6a1c4,pulse_normal,Mike_0 Root,
VOICE_CAPTURE,281867,12/8/2022 1:14:57 PM,f39a2d46-378a-438c-8d28-ba4b20e6a1c4,modbutton yes,NA,
VOICE_COMMAND,281867,12/8/2022 1:14:57 PM,f39a2d46-378a-438c-8d28-ba4b20e6a1c4,modbutton yes,modbutton yes,
VOICE_CAPTURE,284056,12/8/2022 1:14:59 PM,f39a2d46-378a-438c-8d28-ba4b20e6a1c4,modbutton im okay,NA,
VOICE_COMMAND,284056,12/8/2022 1:14:59 PM,f39a2d46-378a-438c-8d28-ba4b20e6a1c4,modbutton im okay,modbutton im okay,
BAG_ACCESS,285384,12/8/2022 1:15:00 PM,f39a2d46-378a-438c-8d28-ba4b20e6a1c4,"(2.7, 0.7, -4.9)",
VOICE_CAPTURE,285616,12/8/2022 1:15:00 PM,f39a2d46-378a-438c-8d28-ba4b20e6a1c4,you're michael 2 michael one michael two how's your breathing michael,NA,
TOOL_HOVER,286051,12/8/2022 1:15:01 PM,f39a2d46-378a-438c-8d28-ba4b20e6a1c4,Gauze,999,
TOOL_HOVER,286068,12/8/2022 1:15:01 PM,f39a2d46-378a-438c-8d28-ba4b20e6a1c4,Gauze,999,
TOOL_HOVER,286086,12/8/2022 1:15:01 PM,f39a2d46-378a-438c-8d28-ba4b20e6a1c4,Gauze,999,
TOOL_HOVER,286102,12/8/2022 1:15:01 PM,f39a2d46-378a-438c-8d28-ba4b20e6a1c4,Gauze,999,
TOOL_HOVER,286117,12/8/2022 1:15:01 PM,f39a2d46-378a-438c-8d28-ba4b20e6a1c4,Gauze,999,
TOOL_HOVER,286136,12/8/2022 1:15:01 PM,f39a2d46-378a-438c-8d28-ba4b20e6a1c4,Gauze,999,
TOOL_HOVER,286151,12/8/2022 1:15:01 PM,f39a2d46-378a-438c-8d28-ba4b20e6a1c4,Gauze,999,
TOOL_HOVER,286168,12/8/2022 1:15:01 PM,f39a2d46-378a-438c-8d28-ba4b20e6a1c4,Gauze,999,
TOOL_HOVER,286185,12/8/2022 1:15:01 PM,f39a2d46-378a-438c-8d28-ba4b20e6a1c4,Gauze,999,
TOOL_HOVER,286202,12/8/2022 1:15:01 PM,f39a2d46-378a-438c-8d28-ba4b20e6a1c4,Gauze,999,
TOOL_SELECTED,286202,12/8/2022 1:15:01 PM,f39a2d46-378a-438c-8d28-ba4b20e6a1c4,Gauze,998,
VOICE_CAPTURE,288055,12/8/2022 1:15:03 PM,f39a2d46-378a-438c-8d28-ba4b20e6a1c4,OK,NA,
TOOL_DISCARDED,288591,12/8/2022 1:15:03 PM,f39a2d46-378a-438c-8d28-ba4b20e6a1c4,Gauze,998,"(3.0, 0.5, -5.3)",
INJURY_TREATED,288592,12/8/2022 1:15:03 PM,f39a2d46-378a-438c-8d28-ba4b20e6a1c4,R Forearm Laceration,Mike_0 Root,gauzePressure,low,rightArm,True,False,"(3.0, 0.5, -5.3)",
TOOL_APPLIED,288592,12/8/2022 1:15:03 PM,f39a2d46-378a-438c-8d28-ba4b20e6a1c4,Mike_0 Root,Gauze_Dressing,skinCollider_BodyCollideLOD (UnityEngine.GameObject),null,null,AppliedDressingGauze,
TAG_SELECTED,290480,12/8/2022 1:15:05 PM,f39a2d46-378a-438c-8d28-ba4b20e6a1c4,green,
TAG_APPLIED,292785,12/8/2022 1:15:07 PM,f39a2d46-378a-438c-8d28-ba4b20e6a1c4,Mike_0 Root,green,
VOICE_CAPTURE,295006,12/8/2022 1:15:10 PM,f39a2d46-378a-438c-8d28-ba4b20e6a1c4,so we're gonna get you all taken care of,NA,
VOICE_CAPTURE,299016,12/8/2022 1:15:14 PM,f39a2d46-378a-438c-8d28-ba4b20e6a1c4,yep i made them green,NA,
BAG_CLOSED,304597,12/8/2022 1:15:19 PM,f39a2d46-378a-438c-8d28-ba4b20e6a1c4,"(2.7, 0.7, -4.9)",
TELEPORT,304597,12/8/2022 1:15:19 PM,f39a2d46-378a-438c-8d28-ba4b20e6a1c4,"(3.5, 0.0, -4.0)",
VOICE_CAPTURE,306250,12/8/2022 1:15:21 PM,f39a2d46-378a-438c-8d28-ba4b20e6a1c4,that cause that one has the potential depending on,NA,
PATIENT_ENGAGED,306434,12/8/2022 1:15:21 PM,f39a2d46-378a-438c-8d28-ba4b20e6a1c4,100,Infinity,Mike_2 Root,"(4.8, 0.0, -1.1)","(0.0, -0.7, 0.0, 0.7)",IMMEDIATE,walker,fast,normal,normal,upset,sittingChair,
VOICE_CAPTURE,313651,12/8/2022 1:15:28 PM,f39a2d46-378a-438c-8d28-ba4b20e6a1c4,arteries and stuff just need to i mean it's a little it's above the subclavian but,NA,
VOICE_CAPTURE,322389,12/8/2022 1:15:37 PM,f39a2d46-378a-438c-8d28-ba4b20e6a1c4,oh that's right this is just the fake one,NA,
VOICE_CAPTURE,328637,12/8/2022 1:15:43 PM,f39a2d46-378a-438c-8d28-ba4b20e6a1c4,so this next one i won't really say anything other,NA,
VOICE_CAPTURE,332497,12/8/2022 1:15:47 PM,f39a2d46-378a-438c-8d28-ba4b20e6a1c4,alright alright,NA,
SESSION_END,333000,12/8/2022 1:15:48 PM,f39a2d46-378a-438c-8d28-ba4b20e6a1c4,
