VOICE_CAPTURE,10170,12/2/2022 2:41:12 PM,f7b46b02-bc04-42d6-a3aa-abd797948735,i've time traveled is what it means,NA,
PATIENT_DEMOTED,10735,12/2/2022 2:41:13 PM,f7b46b02-bc04-42d6-a3aa-abd797948735,100,Infinity,Helga_0 Root,"(-0.2, 0.0, 7.8)","(0.0, 0.7, 0.0, 0.7)",IMMEDIATE,waver,fast,normal,normal,upset,sittingGround,
PATIENT_DEMOTED,11379,12/2/2022 2:41:14 PM,f7b46b02-bc04-42d6-a3aa-abd797948735,100,Infinity,Lily_1 Root,"(1.5, 0.0, 3.7)","(0.0, 0.1, 0.0, 1.0)",IMMEDIATE,waver,normal,normal,normal,calm,fetal,
PATIENT_DEMOTED,11855,12/2/2022 2:41:14 PM,f7b46b02-bc04-42d6-a3aa-abd797948735,100,Infinity,Lily_1 Root,"(1.2, 0.0, 3.8)","(0.0, 0.1, 0.0, 1.0)",DELAYED,waver,normal,normal,normal,calm,fetal,
PATIENT_DEMOTED,12166,12/2/2022 2:41:14 PM,f7b46b02-bc04-42d6-a3aa-abd797948735,100,Infinity,Gloria_2 Root,"(0.7, 0.0, 0.4)","(0.0, 1.0, 0.0, 0.0)",IMMEDIATE,waver,fast,fast,normal,agony,supine,
PATIENT_DEMOTED,12773,12/2/2022 2:41:15 PM,f7b46b02-bc04-42d6-a3aa-abd797948735,100,Infinity,Mike_3 Root,"(-0.8, 0.0, 3.7)","(0.0, 0.4, 0.0, 0.9)",IMMEDIATE,waver,fast,fast,normal,agony,sittingGround,
PATIENT_DEMOTED,13291,12/2/2022 2:41:15 PM,f7b46b02-bc04-42d6-a3aa-abd797948735,100,Infinity,Mike_4 Root,"(1.4, 0.0, 6.0)","(0.0, 1.0, 0.0, 0.0)",DELAYED,walker,normal,normal,normal,upset,standing,
PATIENT_DEMOTED,13812,12/2/2022 2:41:16 PM,f7b46b02-bc04-42d6-a3aa-abd797948735,100,Infinity,Mike_4 Root,"(1.4, 0.0, 6.0)","(0.0, 1.0, 0.0, 0.0)",MINIMAL,walker,normal,normal,normal,upset,sittingGround,
PATIENT_DEMOTED,13943,12/2/2022 2:41:16 PM,f7b46b02-bc04-42d6-a3aa-abd797948735,100,0,Gary_5 Root,"(2.8, 0.0, 5.3)","(0.0, 1.0, 0.0, 0.0)",DELAYED,walker,normal,restricted,normal,upset,kneeling,
PATIENT_DEMOTED,14477,12/2/2022 2:41:17 PM,f7b46b02-bc04-42d6-a3aa-abd797948735,100,0,Gary_5 Root,"(2.8, 0.0, 5.3)","(0.0, 1.0, 0.0, 0.0)",MINIMAL,walker,normal,restricted,normal,upset,sittingGround,
PATIENT_DEMOTED,14713,12/2/2022 2:41:17 PM,f7b46b02-bc04-42d6-a3aa-abd797948735,100,128,Mike_6 Root,"(3.0, 0.0, 3.6)","(0.0, 0.0, 0.0, 1.0)",IMMEDIATE,still,faint,collapsedRight,normal,unresponsive,supine,
PATIENT_DEMOTED,15361,12/2/2022 2:41:18 PM,f7b46b02-bc04-42d6-a3aa-abd797948735,100,Infinity,Lily_7 Root,"(2.3, 0.0, 1.9)","(0.0, 1.0, 0.0, 0.0)",EXPECTANT,still,faint,restricted,none,unresponsive,supine,
PATIENT_DEMOTED,15784,12/2/2022 2:41:18 PM,f7b46b02-bc04-42d6-a3aa-abd797948735,100,Infinity,Lily_7 Root,"(2.3, 0.0, 1.8)","(0.0, 1.0, 0.0, 0.0)",DEAD,still,none,none,none,dead,supine,
PATIENT_DEMOTED,16832,12/2/2022 2:41:19 PM,f7b46b02-bc04-42d6-a3aa-abd797948735,100,Infinity,Mike_9 Root,"(3.1, 0.0, 0.5)","(0.0, 1.0, 0.0, 0.0)",IMMEDIATE,waver,fast,normal,normal,upset,sittingGround,
VOICE_CAPTURE,17367,12/2/2022 2:41:20 PM,f7b46b02-bc04-42d6-a3aa-abd797948735,well thanks for letting me come up here and play with glenn i do appreciate it this is a really cool system and,NA,
VOICE_CAPTURE,23430,12/2/2022 2:41:26 PM,f7b46b02-bc04-42d6-a3aa-abd797948735,i i would be intrigued if this person had OSC was looking to go out of state for doing things like,NA,
VOICE_CAPTURE,28026,12/2/2022 2:41:30 PM,f7b46b02-bc04-42d6-a3aa-abd797948735,sure,NA,
VOICE_CAPTURE,34089,12/2/2022 2:41:36 PM,f7b46b02-bc04-42d6-a3aa-abd797948735,yeah if they're looking for more just regional or out of region type stuff,NA,
VOICE_CAPTURE,45517,12/2/2022 2:41:48 PM,f7b46b02-bc04-42d6-a3aa-abd797948735,yeah especially i mean if they wanted to reach out to like university of kentucky where we take a lot of stuff to them they're a level 1 trauma center they have a med school,NA,
VOICE_COMMAND,45517,12/2/2022 2:41:48 PM,f7b46b02-bc04-42d6-a3aa-abd797948735,sit up/down,yeah especially i mean if they wanted to reach out to like university of kentucky where we take a lot of stuff to them they're a level 1 trauma center they have a med school,
VOICE_CAPTURE,47540,12/2/2022 2:41:50 PM,f7b46b02-bc04-42d6-a3aa-abd797948735,some,NA,
SESSION_START,50247,12/2/2022 2:41:52 PM,f7b46b02-bc04-42d6-a3aa-abd797948735,
PATIENT_RECORD,50247,12/2/2022 2:41:52 PM,f7b46b02-bc04-42d6-a3aa-abd797948735,100,Infinity,Helga_0 Root,"(0.2, 0.0, 7.7)","(0.0, 0.7, 0.0, 0.7)",IMMEDIATE,waver,fast,fast,normal,upset,sittingGround,
INJURY_RECORD,50248,12/2/2022 2:41:52 PM,f7b46b02-bc04-42d6-a3aa-abd797948735,L Stomach Puncture,Helga_0 Root,woundpack,high,abdomen,False,False,"(0.3, 1.0, 7.7)",
INJURY_RECORD,50248,12/2/2022 2:41:52 PM,f7b46b02-bc04-42d6-a3aa-abd797948735,L Thigh Puncture,Helga_0 Root,tourniquet,medium,leftLeg,False,False,"(0.2, 0.5, 7.7)",
PATIENT_RECORD,50248,12/2/2022 2:41:52 PM,f7b46b02-bc04-42d6-a3aa-abd797948735,100,Infinity,Lily_1 Root,"(1.2, 0.0, 3.9)","(0.0, 0.1, 0.0, 1.0)",DELAYED,waver,normal,normal,normal,calm,fetal,
INJURY_RECORD,50248,12/2/2022 2:41:52 PM,f7b46b02-bc04-42d6-a3aa-abd797948735,R Bicep Puncture,Lily_1 Root,tourniquet,medium,rightArm,False,False,"(1.6, 1.3, 3.8)",
INJURY_RECORD,50248,12/2/2022 2:41:52 PM,f7b46b02-bc04-42d6-a3aa-abd797948735,R Thigh Laceration,Lily_1 Root,tourniquet,medium,rightLeg,False,False,"(1.3, 0.6, 3.9)",
PATIENT_RECORD,50248,12/2/2022 2:41:52 PM,f7b46b02-bc04-42d6-a3aa-abd797948735,100,Infinity,Gloria_2 Root,"(0.8, 0.0, 0.6)","(0.0, 1.0, 0.0, 0.0)",IMMEDIATE,waver,fast,fast,normal,agony,supine,
INJURY_RECORD,50248,12/2/2022 2:41:52 PM,f7b46b02-bc04-42d6-a3aa-abd797948735,L Shin Amputation,Gloria_2 Root,tourniquet,high,leftLeg,False,False,"(0.9, 0.4, 0.5)",
PATIENT_RECORD,50248,12/2/2022 2:41:52 PM,f7b46b02-bc04-42d6-a3aa-abd797948735,100,Infinity,Mike_3 Root,"(-1.3, 0.0, 4.2)","(0.0, 0.4, 0.0, 0.9)",IMMEDIATE,waver,fast,fast,normal,agony,sittingGround,
INJURY_RECORD,50248,12/2/2022 2:41:52 PM,f7b46b02-bc04-42d6-a3aa-abd797948735,R Wrist Amputation,Mike_3 Root,tourniquet,high,rightArm,False,False,"(-0.9, 1.3, 3.8)",
PATIENT_RECORD,50248,12/2/2022 2:41:52 PM,f7b46b02-bc04-42d6-a3aa-abd797948735,100,Infinity,Mike_4 Root,"(1.4, 0.0, 6.0)","(0.0, 1.0, 0.0, 0.0)",MINIMAL,walker,normal,normal,normal,upset,sittingGround,
INJURY_RECORD,50248,12/2/2022 2:41:52 PM,f7b46b02-bc04-42d6-a3aa-abd797948735,R Palm Laceration,Mike_4 Root,gauzePressure,low,rightArm,False,False,"(0.7, 1.3, 6.0)",
PATIENT_RECORD,50248,12/2/2022 2:41:52 PM,f7b46b02-bc04-42d6-a3aa-abd797948735,100,0,Gary_5 Root,"(2.8, 0.0, 5.3)","(0.0, 1.0, 0.0, 0.0)",MINIMAL,walker,normal,restricted,normal,upset,sittingGround,
INJURY_RECORD,50248,12/2/2022 2:41:52 PM,f7b46b02-bc04-42d6-a3aa-abd797948735,Asthmatic,Gary_5 Root,none,medium,chest,False,False,"(0.0, 0.0, 0.0)",
PATIENT_RECORD,50248,12/2/2022 2:41:52 PM,f7b46b02-bc04-42d6-a3aa-abd797948735,100,128,Mike_6 Root,"(3.0, 0.0, 3.4)","(0.0, 0.0, 0.0, 1.0)",IMMEDIATE,still,faint,collapsedRight,normal,unresponsive,supine,
INJURY_RECORD,50248,12/2/2022 2:41:52 PM,f7b46b02-bc04-42d6-a3aa-abd797948735,R Chest Collapse,Mike_6 Root,decompress,high,chest,False,False,"(0.0, 0.0, 0.0)",
PATIENT_RECORD,50248,12/2/2022 2:41:52 PM,f7b46b02-bc04-42d6-a3aa-abd797948735,100,Infinity,Lily_7 Root,"(2.3, 0.0, 1.8)","(0.0, 1.0, 0.0, 0.0)",DEAD,still,none,none,none,dead,supine,
INJURY_RECORD,50248,12/2/2022 2:41:52 PM,f7b46b02-bc04-42d6-a3aa-abd797948735,Face Shrapnel,Lily_7 Root,airway,high,head,False,False,"(2.3, 1.6, 1.8)",
INJURY_RECORD,50248,12/2/2022 2:41:52 PM,f7b46b02-bc04-42d6-a3aa-abd797948735,L Wrist Amputation,Lily_7 Root,tourniquet,high,leftArm,False,False,"(2.9, 1.3, 1.7)",
INJURY_RECORD,50248,12/2/2022 2:41:52 PM,f7b46b02-bc04-42d6-a3aa-abd797948735,R Bicep Puncture,Lily_7 Root,tourniquet,medium,rightArm,False,False,"(1.9, 1.3, 1.8)",
PATIENT_RECORD,50248,12/2/2022 2:41:52 PM,f7b46b02-bc04-42d6-a3aa-abd797948735,100,Infinity,Gloria_8 Root,"(2.6, 0.0, 8.0)","(0.0, 1.0, 0.0, 0.0)",MINIMAL,still,normal,normal,limited,calm,standing,
INJURY_RECORD,50248,12/2/2022 2:41:52 PM,f7b46b02-bc04-42d6-a3aa-abd797948735,Ear Bleed,Gloria_8 Root,none,low,head,False,False,"(0.0, 0.0, 0.0)",
PATIENT_RECORD,50248,12/2/2022 2:41:52 PM,f7b46b02-bc04-42d6-a3aa-abd797948735,100,Infinity,Mike_9 Root,"(3.5, 0.0, 1.1)","(0.0, 1.0, 0.0, 0.0)",IMMEDIATE,waver,normal,normal,normal,upset,sittingGround,
INJURY_RECORD,50248,12/2/2022 2:41:52 PM,f7b46b02-bc04-42d6-a3aa-abd797948735,L Side Puncture,Mike_9 Root,woundpack,medium,abdomen,False,False,"(3.6, 1.1, 1.0)",
INJURY_RECORD,50248,12/2/2022 2:41:52 PM,f7b46b02-bc04-42d6-a3aa-abd797948735,L Thigh Puncture,Mike_9 Root,tourniquet,medium,leftLeg,False,False,"(3.5, 0.6, 1.0)",
INJURY_RECORD,50248,12/2/2022 2:41:52 PM,f7b46b02-bc04-42d6-a3aa-abd797948735,L Calf Laceration,Mike_9 Root,gauzePressure,low,leftLeg,False,False,"(3.6, 0.3, 1.1)",
PATIENT_RECORD,50248,12/2/2022 2:41:52 PM,f7b46b02-bc04-42d6-a3aa-abd797948735,100,Infinity,Bob_10 Root,"(3.8, 0.0, 4.0)","(0.0, 1.0, 0.0, 0.0)",MINIMAL,walker,normal,normal,normal,calm,standing,
VOICE_CAPTURE,54557,12/2/2022 2:41:57 PM,f7b46b02-bc04-42d6-a3aa-abd797948735,which one we've got so many,NA,
VOICE_CAPTURE,62024,12/2/2022 2:42:04 PM,f7b46b02-bc04-42d6-a3aa-abd797948735,oh my goodness look at all the people alright if you can hear my voice and walk get up and go wherever you need to go,NA,
VOICE_COMMAND,62024,12/2/2022 2:42:04 PM,f7b46b02-bc04-42d6-a3aa-abd797948735,walk to the safe area,oh my goodness look at all the people alright if you can hear my voice and walk get up and go wherever you need to go,
VOICE_COMMAND,62024,12/2/2022 2:42:04 PM,f7b46b02-bc04-42d6-a3aa-abd797948735,stand up,oh my goodness look at all the people alright if you can hear my voice and walk get up and go wherever you need to go,
TELEPORT,62678,12/2/2022 2:42:05 PM,f7b46b02-bc04-42d6-a3aa-abd797948735,"(0.6, 0.0, -2.1)",
VOICE_CAPTURE,64892,12/2/2022 2:42:07 PM,f7b46b02-bc04-42d6-a3aa-abd797948735,walk,NA,
VOICE_COMMAND,64892,12/2/2022 2:42:07 PM,f7b46b02-bc04-42d6-a3aa-abd797948735,walk to the safe area,walk,
S_A_L_T_WALK_IF_CAN,64894,12/2/2022 2:42:07 PM,f7b46b02-bc04-42d6-a3aa-abd797948735,"(0.2, 0.0, 7.7)",walkIfCan,Helga_0 Root,
S_A_L_T_WALK_IF_CAN,64894,12/2/2022 2:42:07 PM,f7b46b02-bc04-42d6-a3aa-abd797948735,"(1.2, 0.0, 3.9)",walkIfCan,Lily_1 Root,
S_A_L_T_WALK_IF_CAN,64894,12/2/2022 2:42:07 PM,f7b46b02-bc04-42d6-a3aa-abd797948735,"(0.8, 0.0, 0.6)",walkIfCan,Gloria_2 Root,
S_A_L_T_WALK_IF_CAN,64894,12/2/2022 2:42:07 PM,f7b46b02-bc04-42d6-a3aa-abd797948735,"(-1.3, 0.0, 4.2)",walkIfCan,Mike_3 Root,
S_A_L_T_WALK_IF_CAN,64894,12/2/2022 2:42:07 PM,f7b46b02-bc04-42d6-a3aa-abd797948735,"(1.4, 0.0, 6.0)",walkIfCan,Mike_4 Root,
S_A_L_T_WALKED,64894,12/2/2022 2:42:07 PM,f7b46b02-bc04-42d6-a3aa-abd797948735,"(1.4, 0.0, 6.0)",walked,Mike_4 Root,
S_A_L_T_WALK_IF_CAN,64899,12/2/2022 2:42:07 PM,f7b46b02-bc04-42d6-a3aa-abd797948735,"(2.8, 0.0, 5.3)",walkIfCan,Gary_5 Root,
S_A_L_T_WALKED,64899,12/2/2022 2:42:07 PM,f7b46b02-bc04-42d6-a3aa-abd797948735,"(2.8, 0.0, 5.3)",walked,Gary_5 Root,
S_A_L_T_WALK_IF_CAN,64899,12/2/2022 2:42:07 PM,f7b46b02-bc04-42d6-a3aa-abd797948735,"(2.6, 0.0, 8.0)",walkIfCan,Gloria_8 Root,
S_A_L_T_WALK_IF_CAN,64899,12/2/2022 2:42:07 PM,f7b46b02-bc04-42d6-a3aa-abd797948735,"(3.5, 0.0, 1.1)",walkIfCan,Mike_9 Root,
S_A_L_T_WALK_IF_CAN,64899,12/2/2022 2:42:07 PM,f7b46b02-bc04-42d6-a3aa-abd797948735,"(3.8, 0.0, 4.0)",walkIfCan,Bob_10 Root,
S_A_L_T_WALKED,64899,12/2/2022 2:42:07 PM,f7b46b02-bc04-42d6-a3aa-abd797948735,"(3.8, 0.0, 4.0)",walked,Bob_10 Root,
TELEPORT,66093,12/2/2022 2:42:08 PM,f7b46b02-bc04-42d6-a3aa-abd797948735,"(1.0, 0.0, -1.1)",
VOICE_CAPTURE,68975,12/2/2022 2:42:11 PM,f7b46b02-bc04-42d6-a3aa-abd797948735,no one's getting up to walk oh there we go,NA,
VOICE_COMMAND,68975,12/2/2022 2:42:11 PM,f7b46b02-bc04-42d6-a3aa-abd797948735,walk to the safe area,no one's getting up to walk oh there we go,
PATIENT_ENGAGED,69059,12/2/2022 2:42:11 PM,f7b46b02-bc04-42d6-a3aa-abd797948735,100,Infinity,Gloria_2 Root,"(0.8, 0.0, 0.6)","(0.0, 1.0, 0.0, 0.0)",IMMEDIATE,waver,fast,fast,normal,agony,supine,
VOICE_CAPTURE,75459,12/2/2022 2:42:18 PM,f7b46b02-bc04-42d6-a3aa-abd797948735,i'm i'm i'm john what's going on,NA,
BAG_ACCESS,76244,12/2/2022 2:42:18 PM,f7b46b02-bc04-42d6-a3aa-abd797948735,"(0.4, 0.7, -0.3)",
TOOL_HOVER,76862,12/2/2022 2:42:19 PM,f7b46b02-bc04-42d6-a3aa-abd797948735,Tourniquet,999,
TOOL_HOVER,76878,12/2/2022 2:42:19 PM,f7b46b02-bc04-42d6-a3aa-abd797948735,Tourniquet,999,
TOOL_HOVER,76895,12/2/2022 2:42:19 PM,f7b46b02-bc04-42d6-a3aa-abd797948735,Tourniquet,999,
TOOL_HOVER,76912,12/2/2022 2:42:19 PM,f7b46b02-bc04-42d6-a3aa-abd797948735,Tourniquet,999,
TOOL_HOVER,76928,12/2/2022 2:42:19 PM,f7b46b02-bc04-42d6-a3aa-abd797948735,Tourniquet,999,
TOOL_HOVER,76945,12/2/2022 2:42:19 PM,f7b46b02-bc04-42d6-a3aa-abd797948735,Tourniquet,999,
TOOL_HOVER,77050,12/2/2022 2:42:19 PM,f7b46b02-bc04-42d6-a3aa-abd797948735,Gauze,999,
TOOL_HOVER,77067,12/2/2022 2:42:19 PM,f7b46b02-bc04-42d6-a3aa-abd797948735,Gauze,999,
TOOL_HOVER,77087,12/2/2022 2:42:19 PM,f7b46b02-bc04-42d6-a3aa-abd797948735,Gauze,999,
TOOL_HOVER,77105,12/2/2022 2:42:19 PM,f7b46b02-bc04-42d6-a3aa-abd797948735,Gauze,999,
TOOL_HOVER,77123,12/2/2022 2:42:19 PM,f7b46b02-bc04-42d6-a3aa-abd797948735,Gauze,999,
TOOL_HOVER,77141,12/2/2022 2:42:19 PM,f7b46b02-bc04-42d6-a3aa-abd797948735,Gauze,999,
TOOL_HOVER,77160,12/2/2022 2:42:19 PM,f7b46b02-bc04-42d6-a3aa-abd797948735,Gauze,999,
TOOL_HOVER,77178,12/2/2022 2:42:19 PM,f7b46b02-bc04-42d6-a3aa-abd797948735,Gauze,999,
TOOL_HOVER,77196,12/2/2022 2:42:19 PM,f7b46b02-bc04-42d6-a3aa-abd797948735,Gauze,999,
TOOL_HOVER,77214,12/2/2022 2:42:19 PM,f7b46b02-bc04-42d6-a3aa-abd797948735,Gauze,999,
TOOL_HOVER,77231,12/2/2022 2:42:19 PM,f7b46b02-bc04-42d6-a3aa-abd797948735,Gauze,999,
TOOL_HOVER,77248,12/2/2022 2:42:19 PM,f7b46b02-bc04-42d6-a3aa-abd797948735,Gauze,999,
TOOL_HOVER,77266,12/2/2022 2:42:19 PM,f7b46b02-bc04-42d6-a3aa-abd797948735,Gauze,999,
TOOL_HOVER,77285,12/2/2022 2:42:19 PM,f7b46b02-bc04-42d6-a3aa-abd797948735,Gauze,999,
TOOL_HOVER,77303,12/2/2022 2:42:19 PM,f7b46b02-bc04-42d6-a3aa-abd797948735,Gauze,999,
TOOL_HOVER,77321,12/2/2022 2:42:20 PM,f7b46b02-bc04-42d6-a3aa-abd797948735,Gauze,999,
TOOL_HOVER,77340,12/2/2022 2:42:20 PM,f7b46b02-bc04-42d6-a3aa-abd797948735,Gauze,999,
TOOL_HOVER,77358,12/2/2022 2:42:20 PM,f7b46b02-bc04-42d6-a3aa-abd797948735,Gauze,999,
TOOL_HOVER,77376,12/2/2022 2:42:20 PM,f7b46b02-bc04-42d6-a3aa-abd797948735,Gauze,999,
TOOL_HOVER,77394,12/2/2022 2:42:20 PM,f7b46b02-bc04-42d6-a3aa-abd797948735,Gauze,999,
TOOL_HOVER,77413,12/2/2022 2:42:20 PM,f7b46b02-bc04-42d6-a3aa-abd797948735,Gauze,999,
TOOL_HOVER,77432,12/2/2022 2:42:20 PM,f7b46b02-bc04-42d6-a3aa-abd797948735,Gauze,999,
TOOL_HOVER,77666,12/2/2022 2:42:20 PM,f7b46b02-bc04-42d6-a3aa-abd797948735,Tourniquet,999,
TOOL_HOVER,77685,12/2/2022 2:42:20 PM,f7b46b02-bc04-42d6-a3aa-abd797948735,Tourniquet,999,
TOOL_HOVER,77703,12/2/2022 2:42:20 PM,f7b46b02-bc04-42d6-a3aa-abd797948735,Tourniquet,999,
TOOL_HOVER,77721,12/2/2022 2:42:20 PM,f7b46b02-bc04-42d6-a3aa-abd797948735,Tourniquet,999,
TOOL_HOVER,77739,12/2/2022 2:42:20 PM,f7b46b02-bc04-42d6-a3aa-abd797948735,Tourniquet,999,
TOOL_HOVER,77757,12/2/2022 2:42:20 PM,f7b46b02-bc04-42d6-a3aa-abd797948735,Tourniquet,999,
TOOL_HOVER,77775,12/2/2022 2:42:20 PM,f7b46b02-bc04-42d6-a3aa-abd797948735,Tourniquet,999,
TOOL_HOVER,77793,12/2/2022 2:42:20 PM,f7b46b02-bc04-42d6-a3aa-abd797948735,Tourniquet,999,
TOOL_HOVER,77812,12/2/2022 2:42:20 PM,f7b46b02-bc04-42d6-a3aa-abd797948735,Tourniquet,999,
TOOL_HOVER,77830,12/2/2022 2:42:20 PM,f7b46b02-bc04-42d6-a3aa-abd797948735,Tourniquet,999,
TOOL_HOVER,77848,12/2/2022 2:42:20 PM,f7b46b02-bc04-42d6-a3aa-abd797948735,Tourniquet,999,
TOOL_HOVER,77865,12/2/2022 2:42:20 PM,f7b46b02-bc04-42d6-a3aa-abd797948735,Tourniquet,999,
TOOL_HOVER,77883,12/2/2022 2:42:20 PM,f7b46b02-bc04-42d6-a3aa-abd797948735,Tourniquet,999,
TOOL_HOVER,77901,12/2/2022 2:42:20 PM,f7b46b02-bc04-42d6-a3aa-abd797948735,Tourniquet,999,
TOOL_HOVER,77920,12/2/2022 2:42:20 PM,f7b46b02-bc04-42d6-a3aa-abd797948735,Tourniquet,999,
TOOL_SELECTED,77923,12/2/2022 2:42:20 PM,f7b46b02-bc04-42d6-a3aa-abd797948735,Tourniquet,998,
VOICE_CAPTURE,80645,12/2/2022 2:42:23 PM,f7b46b02-bc04-42d6-a3aa-abd797948735,dot com,NA,
INJURY_TREATED,80998,12/2/2022 2:42:23 PM,f7b46b02-bc04-42d6-a3aa-abd797948735,L Shin Amputation,Gloria_2 Root,tourniquet,high,leftLeg,True,False,"(1.0, 0.1, 0.5)",
TOOL_APPLIED,80999,12/2/2022 2:42:23 PM,f7b46b02-bc04-42d6-a3aa-abd797948735,Gloria_2 Root,Tourniquet,LeftUpLeg (UnityEngine.GameObject),tor_ring (1) (UnityEngine.GameObject),tourniquet(Clone) (UnityEngine.GameObject),AppliedTourniquet,
PULSE_TAKEN,82699,12/2/2022 2:42:25 PM,f7b46b02-bc04-42d6-a3aa-abd797948735,pulse_fast,Gloria_2 Root,
VOICE_CAPTURE,85623,12/2/2022 2:42:28 PM,f7b46b02-bc04-42d6-a3aa-abd797948735,there we go,NA,
TAG_SELECTED,86962,12/2/2022 2:42:29 PM,f7b46b02-bc04-42d6-a3aa-abd797948735,red,
TAG_APPLIED,89248,12/2/2022 2:42:31 PM,f7b46b02-bc04-42d6-a3aa-abd797948735,Gloria_2 Root,red,
VOICE_CAPTURE,90251,12/2/2022 2:42:32 PM,f7b46b02-bc04-42d6-a3aa-abd797948735,pause i'm just gonna say that you're a red tag on account of the missing limb,NA,
BAG_CLOSED,91273,12/2/2022 2:42:33 PM,f7b46b02-bc04-42d6-a3aa-abd797948735,"(0.4, 0.7, -0.3)",
TELEPORT,91906,12/2/2022 2:42:34 PM,f7b46b02-bc04-42d6-a3aa-abd797948735,"(1.2, 0.0, 0.3)",
TELEPORT,92764,12/2/2022 2:42:35 PM,f7b46b02-bc04-42d6-a3aa-abd797948735,"(0.9, 0.0, 0.3)",
TELEPORT,93712,12/2/2022 2:42:36 PM,f7b46b02-bc04-42d6-a3aa-abd797948735,"(0.6, 0.0, 0.8)",
VOICE_CAPTURE,94808,12/2/2022 2:42:37 PM,f7b46b02-bc04-42d6-a3aa-abd797948735,OK,NA,
PATIENT_ENGAGED,97987,12/2/2022 2:42:40 PM,f7b46b02-bc04-42d6-a3aa-abd797948735,100,Infinity,Mike_3 Root,"(-1.3, 0.0, 4.2)","(0.0, 0.4, 0.0, 0.9)",IMMEDIATE,waver,fast,fast,normal,agony,sittingGround,
VOICE_CAPTURE,98588,12/2/2022 2:42:41 PM,f7b46b02-bc04-42d6-a3aa-abd797948735,i feel weird like walking over her,NA,
VOICE_COMMAND,98588,12/2/2022 2:42:41 PM,f7b46b02-bc04-42d6-a3aa-abd797948735,walk to the safe area,i feel weird like walking over her,
S_A_L_T_WALK_IF_CAN,98589,12/2/2022 2:42:41 PM,f7b46b02-bc04-42d6-a3aa-abd797948735,"(0.2, 0.0, 7.7)",walkIfCan,Helga_0 Root,
S_A_L_T_WALK_IF_CAN,98589,12/2/2022 2:42:41 PM,f7b46b02-bc04-42d6-a3aa-abd797948735,"(1.2, 0.0, 3.9)",walkIfCan,Lily_1 Root,
S_A_L_T_WALK_IF_CAN,98589,12/2/2022 2:42:41 PM,f7b46b02-bc04-42d6-a3aa-abd797948735,"(0.8, 0.0, 0.6)",walkIfCan,Gloria_2 Root,
S_A_L_T_WALK_IF_CAN,98589,12/2/2022 2:42:41 PM,f7b46b02-bc04-42d6-a3aa-abd797948735,"(-1.3, 0.0, 4.2)",walkIfCan,Mike_3 Root,
S_A_L_T_WALK_IF_CAN,98589,12/2/2022 2:42:41 PM,f7b46b02-bc04-42d6-a3aa-abd797948735,"(4.0, 0.0, -4.3)",walkIfCan,Mike_4 Root,
S_A_L_T_WALKED,98589,12/2/2022 2:42:41 PM,f7b46b02-bc04-42d6-a3aa-abd797948735,"(4.0, 0.0, -4.3)",walked,Mike_4 Root,
S_A_L_T_WALK_IF_CAN,98589,12/2/2022 2:42:41 PM,f7b46b02-bc04-42d6-a3aa-abd797948735,"(1.8, 0.0, -3.1)",walkIfCan,Gary_5 Root,
S_A_L_T_WALKED,98589,12/2/2022 2:42:41 PM,f7b46b02-bc04-42d6-a3aa-abd797948735,"(1.8, 0.0, -3.1)",walked,Gary_5 Root,
S_A_L_T_WALK_IF_CAN,98589,12/2/2022 2:42:41 PM,f7b46b02-bc04-42d6-a3aa-abd797948735,"(2.6, 0.0, 8.0)",walkIfCan,Gloria_8 Root,
S_A_L_T_WALK_IF_CAN,98589,12/2/2022 2:42:41 PM,f7b46b02-bc04-42d6-a3aa-abd797948735,"(3.5, 0.0, 1.1)",walkIfCan,Mike_9 Root,
S_A_L_T_WALK_IF_CAN,98589,12/2/2022 2:42:41 PM,f7b46b02-bc04-42d6-a3aa-abd797948735,"(4.8, 0.0, -1.1)",walkIfCan,Bob_10 Root,
S_A_L_T_WALKED,98589,12/2/2022 2:42:41 PM,f7b46b02-bc04-42d6-a3aa-abd797948735,"(4.8, 0.0, -1.1)",walked,Bob_10 Root,
TELEPORT,98808,12/2/2022 2:42:41 PM,f7b46b02-bc04-42d6-a3aa-abd797948735,"(-0.1, 0.0, 3.4)",
VOICE_CAPTURE,101897,12/2/2022 2:42:44 PM,f7b46b02-bc04-42d6-a3aa-abd797948735,oh that's right,NA,
BAG_ACCESS,104491,12/2/2022 2:42:47 PM,f7b46b02-bc04-42d6-a3aa-abd797948735,"(-1.2, 0.5, 3.2)",
TOOL_HOVER,106358,12/2/2022 2:42:49 PM,f7b46b02-bc04-42d6-a3aa-abd797948735,Tourniquet,998,
TOOL_HOVER,106375,12/2/2022 2:42:49 PM,f7b46b02-bc04-42d6-a3aa-abd797948735,Tourniquet,998,
TOOL_HOVER,106393,12/2/2022 2:42:49 PM,f7b46b02-bc04-42d6-a3aa-abd797948735,Tourniquet,998,
TOOL_HOVER,106410,12/2/2022 2:42:49 PM,f7b46b02-bc04-42d6-a3aa-abd797948735,Tourniquet,998,
TOOL_HOVER,106427,12/2/2022 2:42:49 PM,f7b46b02-bc04-42d6-a3aa-abd797948735,Tourniquet,998,
TOOL_HOVER,106445,12/2/2022 2:42:49 PM,f7b46b02-bc04-42d6-a3aa-abd797948735,Tourniquet,998,
TOOL_HOVER,106462,12/2/2022 2:42:49 PM,f7b46b02-bc04-42d6-a3aa-abd797948735,Tourniquet,998,
TOOL_HOVER,106480,12/2/2022 2:42:49 PM,f7b46b02-bc04-42d6-a3aa-abd797948735,Tourniquet,998,
TOOL_HOVER,106498,12/2/2022 2:42:49 PM,f7b46b02-bc04-42d6-a3aa-abd797948735,Tourniquet,998,
TOOL_HOVER,106515,12/2/2022 2:42:49 PM,f7b46b02-bc04-42d6-a3aa-abd797948735,Tourniquet,998,
TOOL_SELECTED,106516,12/2/2022 2:42:49 PM,f7b46b02-bc04-42d6-a3aa-abd797948735,Tourniquet,997,
INJURY_TREATED,108802,12/2/2022 2:42:51 PM,f7b46b02-bc04-42d6-a3aa-abd797948735,R Wrist Amputation,Mike_3 Root,tourniquet,high,rightArm,True,False,"(-1.5, 0.5, 4.1)",
TOOL_APPLIED,108802,12/2/2022 2:42:51 PM,f7b46b02-bc04-42d6-a3aa-abd797948735,Mike_3 Root,Tourniquet,RightForeArm (UnityEngine.GameObject),tor_ring (1) (UnityEngine.GameObject),tourniquet(Clone) (UnityEngine.GameObject),AppliedTourniquet,
VOICE_CAPTURE,111470,12/2/2022 2:42:54 PM,f7b46b02-bc04-42d6-a3aa-abd797948735,right,NA,
VOICE_CAPTURE,114526,12/2/2022 2:42:57 PM,f7b46b02-bc04-42d6-a3aa-abd797948735,is there any other injury sir can you lay back,NA,
VOICE_CAPTURE,115999,12/2/2022 2:42:58 PM,f7b46b02-bc04-42d6-a3aa-abd797948735,lay down,NA,
VOICE_COMMAND,115999,12/2/2022 2:42:58 PM,f7b46b02-bc04-42d6-a3aa-abd797948735,lay down,lay down,
BAG_CLOSED,116113,12/2/2022 2:42:58 PM,f7b46b02-bc04-42d6-a3aa-abd797948735,"(-1.2, 0.5, 3.2)",
TELEPORT,116113,12/2/2022 2:42:58 PM,f7b46b02-bc04-42d6-a3aa-abd797948735,"(-0.3, 0.0, 3.5)",
PULSE_TAKEN,116164,12/2/2022 2:42:58 PM,f7b46b02-bc04-42d6-a3aa-abd797948735,pulse_fast,Mike_3 Root,
PULSE_TAKEN,116365,12/2/2022 2:42:59 PM,f7b46b02-bc04-42d6-a3aa-abd797948735,pulse_fast,Mike_3 Root,
TELEPORT,117133,12/2/2022 2:42:59 PM,f7b46b02-bc04-42d6-a3aa-abd797948735,"(-0.3, 0.0, 3.6)",
PULSE_TAKEN,117183,12/2/2022 2:42:59 PM,f7b46b02-bc04-42d6-a3aa-abd797948735,pulse_fast,Mike_3 Root,
PULSE_TAKEN,117250,12/2/2022 2:42:59 PM,f7b46b02-bc04-42d6-a3aa-abd797948735,pulse_fast,Mike_3 Root,
PULSE_TAKEN,117400,12/2/2022 2:43:00 PM,f7b46b02-bc04-42d6-a3aa-abd797948735,pulse_fast,Mike_3 Root,
PULSE_TAKEN,117483,12/2/2022 2:43:00 PM,f7b46b02-bc04-42d6-a3aa-abd797948735,pulse_fast,Mike_3 Root,
PULSE_TAKEN,117634,12/2/2022 2:43:00 PM,f7b46b02-bc04-42d6-a3aa-abd797948735,pulse_fast,Mike_3 Root,
PULSE_TAKEN,117734,12/2/2022 2:43:00 PM,f7b46b02-bc04-42d6-a3aa-abd797948735,pulse_fast,Mike_3 Root,
PULSE_TAKEN,117934,12/2/2022 2:43:00 PM,f7b46b02-bc04-42d6-a3aa-abd797948735,pulse_fast,Mike_3 Root,
PULSE_TAKEN,118085,12/2/2022 2:43:00 PM,f7b46b02-bc04-42d6-a3aa-abd797948735,pulse_fast,Mike_3 Root,
PULSE_TAKEN,118504,12/2/2022 2:43:01 PM,f7b46b02-bc04-42d6-a3aa-abd797948735,pulse_fast,Mike_3 Root,
PULSE_TAKEN,118854,12/2/2022 2:43:01 PM,f7b46b02-bc04-42d6-a3aa-abd797948735,pulse_fast,Mike_3 Root,
PULSE_TAKEN,119004,12/2/2022 2:43:01 PM,f7b46b02-bc04-42d6-a3aa-abd797948735,pulse_fast,Mike_3 Root,
VOICE_CAPTURE,121243,12/2/2022 2:43:03 PM,f7b46b02-bc04-42d6-a3aa-abd797948735,nope oh,NA,
TELEPORT,124935,12/2/2022 2:43:07 PM,f7b46b02-bc04-42d6-a3aa-abd797948735,"(1.3, 0.0, 3.5)",
PULSE_TAKEN,130699,12/2/2022 2:43:13 PM,f7b46b02-bc04-42d6-a3aa-abd797948735,pulse_fast,Mike_3 Root,
VOICE_CAPTURE,132587,12/2/2022 2:43:15 PM,f7b46b02-bc04-42d6-a3aa-abd797948735,this is an abdominal wound he's got,NA,
PULSE_TAKEN,133255,12/2/2022 2:43:15 PM,f7b46b02-bc04-42d6-a3aa-abd797948735,pulse_fast,Mike_3 Root,
PULSE_TAKEN,134274,12/2/2022 2:43:16 PM,f7b46b02-bc04-42d6-a3aa-abd797948735,pulse_fast,Mike_3 Root,
VOICE_CAPTURE,135635,12/2/2022 2:43:18 PM,f7b46b02-bc04-42d6-a3aa-abd797948735,his arms weird,NA,
VOICE_CAPTURE,139997,12/2/2022 2:43:22 PM,f7b46b02-bc04-42d6-a3aa-abd797948735,there's blood floating around him,NA,
BAG_ACCESS,140215,12/2/2022 2:43:22 PM,f7b46b02-bc04-42d6-a3aa-abd797948735,"(0.5, 0.5, 4.1)",
TAG_SELECTED,140900,12/2/2022 2:43:23 PM,f7b46b02-bc04-42d6-a3aa-abd797948735,red,
BAG_CLOSED,142791,12/2/2022 2:43:25 PM,f7b46b02-bc04-42d6-a3aa-abd797948735,"(0.5, 0.5, 4.1)",
TELEPORT,144709,12/2/2022 2:43:27 PM,f7b46b02-bc04-42d6-a3aa-abd797948735,"(1.2, 0.0, 4.1)",
VOICE_CAPTURE,151559,12/2/2022 2:43:34 PM,f7b46b02-bc04-42d6-a3aa-abd797948735,let me tag you,NA,
VOICE_CAPTURE,154732,12/2/2022 2:43:37 PM,f7b46b02-bc04-42d6-a3aa-abd797948735,set up sir,NA,
VOICE_CAPTURE,156538,12/2/2022 2:43:39 PM,f7b46b02-bc04-42d6-a3aa-abd797948735,sit,NA,
VOICE_COMMAND,156538,12/2/2022 2:43:39 PM,f7b46b02-bc04-42d6-a3aa-abd797948735,sit up/down,sit,
TELEPORT,158074,12/2/2022 2:43:40 PM,f7b46b02-bc04-42d6-a3aa-abd797948735,"(1.8, 0.0, 4.9)",
TELEPORT,161683,12/2/2022 2:43:44 PM,f7b46b02-bc04-42d6-a3aa-abd797948735,"(0.6, 0.0, 4.8)",
TELEPORT,163888,12/2/2022 2:43:46 PM,f7b46b02-bc04-42d6-a3aa-abd797948735,"(0.4, 0.0, 4.8)",
TAG_APPLIED,167366,12/2/2022 2:43:50 PM,f7b46b02-bc04-42d6-a3aa-abd797948735,Mike_3 Root,red,
TELEPORT,168349,12/2/2022 2:43:51 PM,f7b46b02-bc04-42d6-a3aa-abd797948735,"(0.3, 0.0, 4.9)",
TELEPORT,169904,12/2/2022 2:43:52 PM,f7b46b02-bc04-42d6-a3aa-abd797948735,"(1.1, 0.0, 5.4)",
PATIENT_ENGAGED,172392,12/2/2022 2:43:55 PM,f7b46b02-bc04-42d6-a3aa-abd797948735,100,Infinity,Helga_0 Root,"(0.2, 0.0, 7.7)","(0.0, 0.7, 0.0, 0.7)",IMMEDIATE,waver,fast,fast,normal,upset,sittingGround,
TELEPORT,172892,12/2/2022 2:43:55 PM,f7b46b02-bc04-42d6-a3aa-abd797948735,"(1.7, 0.0, 6.8)",
VOICE_CAPTURE,181062,12/2/2022 2:44:03 PM,f7b46b02-bc04-42d6-a3aa-abd797948735,what's going on let's see spurting leg wood,NA,
BAG_ACCESS,188682,12/2/2022 2:44:11 PM,f7b46b02-bc04-42d6-a3aa-abd797948735,"(1.0, 0.7, 7.0)",
TOOL_HOVER,189452,12/2/2022 2:44:12 PM,f7b46b02-bc04-42d6-a3aa-abd797948735,Tourniquet,997,
TOOL_HOVER,189469,12/2/2022 2:44:12 PM,f7b46b02-bc04-42d6-a3aa-abd797948735,Tourniquet,997,
TOOL_HOVER,189486,12/2/2022 2:44:12 PM,f7b46b02-bc04-42d6-a3aa-abd797948735,Tourniquet,997,
TOOL_HOVER,189501,12/2/2022 2:44:12 PM,f7b46b02-bc04-42d6-a3aa-abd797948735,Tourniquet,997,
TOOL_HOVER,189518,12/2/2022 2:44:12 PM,f7b46b02-bc04-42d6-a3aa-abd797948735,Tourniquet,997,
TOOL_HOVER,189535,12/2/2022 2:44:12 PM,f7b46b02-bc04-42d6-a3aa-abd797948735,Tourniquet,997,
TOOL_HOVER,189652,12/2/2022 2:44:12 PM,f7b46b02-bc04-42d6-a3aa-abd797948735,Tourniquet,997,
TOOL_HOVER,189668,12/2/2022 2:44:12 PM,f7b46b02-bc04-42d6-a3aa-abd797948735,Tourniquet,997,
TOOL_HOVER,189685,12/2/2022 2:44:12 PM,f7b46b02-bc04-42d6-a3aa-abd797948735,Tourniquet,997,
TOOL_HOVER,189701,12/2/2022 2:44:12 PM,f7b46b02-bc04-42d6-a3aa-abd797948735,Tourniquet,997,
TOOL_HOVER,189719,12/2/2022 2:44:12 PM,f7b46b02-bc04-42d6-a3aa-abd797948735,Tourniquet,997,
TOOL_HOVER,189735,12/2/2022 2:44:12 PM,f7b46b02-bc04-42d6-a3aa-abd797948735,Tourniquet,997,
TOOL_HOVER,189752,12/2/2022 2:44:12 PM,f7b46b02-bc04-42d6-a3aa-abd797948735,Tourniquet,997,
TOOL_HOVER,189768,12/2/2022 2:44:12 PM,f7b46b02-bc04-42d6-a3aa-abd797948735,Tourniquet,997,
TOOL_HOVER,189783,12/2/2022 2:44:12 PM,f7b46b02-bc04-42d6-a3aa-abd797948735,Tourniquet,997,
TOOL_HOVER,189800,12/2/2022 2:44:12 PM,f7b46b02-bc04-42d6-a3aa-abd797948735,Tourniquet,997,
TOOL_SELECTED,189801,12/2/2022 2:44:12 PM,f7b46b02-bc04-42d6-a3aa-abd797948735,Tourniquet,996,
TOOL_DISCARDED,191724,12/2/2022 2:44:14 PM,f7b46b02-bc04-42d6-a3aa-abd797948735,Tourniquet,996,"(0.0, 0.3, 7.6)",
PULSE_TAKEN,192172,12/2/2022 2:44:14 PM,f7b46b02-bc04-42d6-a3aa-abd797948735,pulse_fast,Helga_0 Root,
TOOL_HOVER,193360,12/2/2022 2:44:16 PM,f7b46b02-bc04-42d6-a3aa-abd797948735,Tourniquet,997,
TOOL_HOVER,193376,12/2/2022 2:44:16 PM,f7b46b02-bc04-42d6-a3aa-abd797948735,Tourniquet,997,
TOOL_HOVER,193393,12/2/2022 2:44:16 PM,f7b46b02-bc04-42d6-a3aa-abd797948735,Tourniquet,997,
TOOL_HOVER,193412,12/2/2022 2:44:16 PM,f7b46b02-bc04-42d6-a3aa-abd797948735,Tourniquet,997,
TOOL_HOVER,193427,12/2/2022 2:44:16 PM,f7b46b02-bc04-42d6-a3aa-abd797948735,Tourniquet,997,
TOOL_HOVER,193443,12/2/2022 2:44:16 PM,f7b46b02-bc04-42d6-a3aa-abd797948735,Tourniquet,997,
TOOL_HOVER,193460,12/2/2022 2:44:16 PM,f7b46b02-bc04-42d6-a3aa-abd797948735,Tourniquet,997,
TOOL_HOVER,193476,12/2/2022 2:44:16 PM,f7b46b02-bc04-42d6-a3aa-abd797948735,Tourniquet,997,
TOOL_HOVER,193492,12/2/2022 2:44:16 PM,f7b46b02-bc04-42d6-a3aa-abd797948735,Tourniquet,997,
TOOL_HOVER,193510,12/2/2022 2:44:16 PM,f7b46b02-bc04-42d6-a3aa-abd797948735,Tourniquet,997,
TOOL_HOVER,193526,12/2/2022 2:44:16 PM,f7b46b02-bc04-42d6-a3aa-abd797948735,Tourniquet,997,
TOOL_HOVER,193544,12/2/2022 2:44:16 PM,f7b46b02-bc04-42d6-a3aa-abd797948735,Tourniquet,997,
TOOL_HOVER,193559,12/2/2022 2:44:16 PM,f7b46b02-bc04-42d6-a3aa-abd797948735,Tourniquet,997,
TOOL_HOVER,193577,12/2/2022 2:44:16 PM,f7b46b02-bc04-42d6-a3aa-abd797948735,Tourniquet,997,
TOOL_SELECTED,193578,12/2/2022 2:44:16 PM,f7b46b02-bc04-42d6-a3aa-abd797948735,Tourniquet,996,
TOOL_DISCARDED,196016,12/2/2022 2:44:18 PM,f7b46b02-bc04-42d6-a3aa-abd797948735,Tourniquet,996,"(0.0, 0.3, 7.7)",
TOOL_HOVER,197854,12/2/2022 2:44:20 PM,f7b46b02-bc04-42d6-a3aa-abd797948735,Tourniquet,997,
TOOL_HOVER,197871,12/2/2022 2:44:20 PM,f7b46b02-bc04-42d6-a3aa-abd797948735,Tourniquet,997,
TOOL_HOVER,197888,12/2/2022 2:44:20 PM,f7b46b02-bc04-42d6-a3aa-abd797948735,Tourniquet,997,
TOOL_HOVER,197904,12/2/2022 2:44:20 PM,f7b46b02-bc04-42d6-a3aa-abd797948735,Tourniquet,997,
TOOL_HOVER,197920,12/2/2022 2:44:20 PM,f7b46b02-bc04-42d6-a3aa-abd797948735,Tourniquet,997,
TOOL_HOVER,197937,12/2/2022 2:44:20 PM,f7b46b02-bc04-42d6-a3aa-abd797948735,Tourniquet,997,
TOOL_HOVER,197954,12/2/2022 2:44:20 PM,f7b46b02-bc04-42d6-a3aa-abd797948735,Tourniquet,997,
TOOL_HOVER,197970,12/2/2022 2:44:20 PM,f7b46b02-bc04-42d6-a3aa-abd797948735,Tourniquet,997,
TOOL_HOVER,197987,12/2/2022 2:44:20 PM,f7b46b02-bc04-42d6-a3aa-abd797948735,Tourniquet,997,
TOOL_HOVER,198004,12/2/2022 2:44:20 PM,f7b46b02-bc04-42d6-a3aa-abd797948735,Tourniquet,997,
TOOL_HOVER,198021,12/2/2022 2:44:20 PM,f7b46b02-bc04-42d6-a3aa-abd797948735,Tourniquet,997,
TOOL_HOVER,198037,12/2/2022 2:44:20 PM,f7b46b02-bc04-42d6-a3aa-abd797948735,Tourniquet,997,
TOOL_HOVER,198054,12/2/2022 2:44:20 PM,f7b46b02-bc04-42d6-a3aa-abd797948735,Tourniquet,997,
TOOL_HOVER,198072,12/2/2022 2:44:20 PM,f7b46b02-bc04-42d6-a3aa-abd797948735,Tourniquet,997,
TOOL_HOVER,198087,12/2/2022 2:44:20 PM,f7b46b02-bc04-42d6-a3aa-abd797948735,Tourniquet,997,
TOOL_HOVER,198105,12/2/2022 2:44:20 PM,f7b46b02-bc04-42d6-a3aa-abd797948735,Tourniquet,997,
TOOL_HOVER,198122,12/2/2022 2:44:20 PM,f7b46b02-bc04-42d6-a3aa-abd797948735,Tourniquet,997,
TOOL_HOVER,198138,12/2/2022 2:44:20 PM,f7b46b02-bc04-42d6-a3aa-abd797948735,Tourniquet,997,
TOOL_HOVER,198155,12/2/2022 2:44:20 PM,f7b46b02-bc04-42d6-a3aa-abd797948735,Tourniquet,997,
TOOL_HOVER,198171,12/2/2022 2:44:20 PM,f7b46b02-bc04-42d6-a3aa-abd797948735,Tourniquet,997,
TOOL_HOVER,198189,12/2/2022 2:44:20 PM,f7b46b02-bc04-42d6-a3aa-abd797948735,Tourniquet,997,
TOOL_HOVER,198206,12/2/2022 2:44:20 PM,f7b46b02-bc04-42d6-a3aa-abd797948735,Tourniquet,997,
TOOL_HOVER,198222,12/2/2022 2:44:20 PM,f7b46b02-bc04-42d6-a3aa-abd797948735,Tourniquet,997,
TOOL_HOVER,198238,12/2/2022 2:44:20 PM,f7b46b02-bc04-42d6-a3aa-abd797948735,Tourniquet,997,
TOOL_HOVER,198255,12/2/2022 2:44:20 PM,f7b46b02-bc04-42d6-a3aa-abd797948735,Tourniquet,997,
TOOL_HOVER,198272,12/2/2022 2:44:20 PM,f7b46b02-bc04-42d6-a3aa-abd797948735,Tourniquet,997,
TOOL_HOVER,198289,12/2/2022 2:44:20 PM,f7b46b02-bc04-42d6-a3aa-abd797948735,Tourniquet,997,
TOOL_HOVER,198305,12/2/2022 2:44:20 PM,f7b46b02-bc04-42d6-a3aa-abd797948735,Tourniquet,997,
TOOL_HOVER,198322,12/2/2022 2:44:21 PM,f7b46b02-bc04-42d6-a3aa-abd797948735,Tourniquet,997,
TOOL_SELECTED,198323,12/2/2022 2:44:21 PM,f7b46b02-bc04-42d6-a3aa-abd797948735,Tourniquet,996,
TOOL_APPLIED,204219,12/2/2022 2:44:26 PM,f7b46b02-bc04-42d6-a3aa-abd797948735,Helga_0 Root,Tourniquet,LeftLeg (UnityEngine.GameObject),tor_ring (1) (UnityEngine.GameObject),tourniquet(Clone) (UnityEngine.GameObject),AppliedTourniquet,
VOICE_CAPTURE,207961,12/2/2022 2:44:30 PM,f7b46b02-bc04-42d6-a3aa-abd797948735,well,NA,
TOOL_HOVER,209065,12/2/2022 2:44:31 PM,f7b46b02-bc04-42d6-a3aa-abd797948735,Tourniquet,996,
TOOL_HOVER,209080,12/2/2022 2:44:31 PM,f7b46b02-bc04-42d6-a3aa-abd797948735,Tourniquet,996,
TOOL_HOVER,209098,12/2/2022 2:44:31 PM,f7b46b02-bc04-42d6-a3aa-abd797948735,Tourniquet,996,
TOOL_HOVER,209114,12/2/2022 2:44:31 PM,f7b46b02-bc04-42d6-a3aa-abd797948735,Tourniquet,996,
TOOL_HOVER,209132,12/2/2022 2:44:31 PM,f7b46b02-bc04-42d6-a3aa-abd797948735,Tourniquet,996,
TOOL_HOVER,209148,12/2/2022 2:44:31 PM,f7b46b02-bc04-42d6-a3aa-abd797948735,Tourniquet,996,
TOOL_HOVER,209165,12/2/2022 2:44:31 PM,f7b46b02-bc04-42d6-a3aa-abd797948735,Tourniquet,996,
TOOL_HOVER,209181,12/2/2022 2:44:31 PM,f7b46b02-bc04-42d6-a3aa-abd797948735,Tourniquet,996,
TOOL_HOVER,209198,12/2/2022 2:44:31 PM,f7b46b02-bc04-42d6-a3aa-abd797948735,Tourniquet,996,
TOOL_HOVER,209215,12/2/2022 2:44:31 PM,f7b46b02-bc04-42d6-a3aa-abd797948735,Tourniquet,996,
TOOL_HOVER,209231,12/2/2022 2:44:31 PM,f7b46b02-bc04-42d6-a3aa-abd797948735,Tourniquet,996,
TOOL_HOVER,209248,12/2/2022 2:44:31 PM,f7b46b02-bc04-42d6-a3aa-abd797948735,Tourniquet,996,
TOOL_HOVER,209264,12/2/2022 2:44:31 PM,f7b46b02-bc04-42d6-a3aa-abd797948735,Tourniquet,996,
TOOL_HOVER,209280,12/2/2022 2:44:31 PM,f7b46b02-bc04-42d6-a3aa-abd797948735,Tourniquet,996,
TOOL_HOVER,209298,12/2/2022 2:44:31 PM,f7b46b02-bc04-42d6-a3aa-abd797948735,Tourniquet,996,
TOOL_HOVER,209314,12/2/2022 2:44:31 PM,f7b46b02-bc04-42d6-a3aa-abd797948735,Tourniquet,996,
TOOL_HOVER,209331,12/2/2022 2:44:32 PM,f7b46b02-bc04-42d6-a3aa-abd797948735,Tourniquet,996,
TOOL_SELECTED,209333,12/2/2022 2:44:32 PM,f7b46b02-bc04-42d6-a3aa-abd797948735,Tourniquet,995,
INJURY_TREATED,212273,12/2/2022 2:44:34 PM,f7b46b02-bc04-42d6-a3aa-abd797948735,L Thigh Puncture,Helga_0 Root,tourniquet,medium,leftLeg,True,False,"(0.1, 0.3, 7.7)",
TOOL_APPLIED,212273,12/2/2022 2:44:34 PM,f7b46b02-bc04-42d6-a3aa-abd797948735,Helga_0 Root,Tourniquet,LeftUpLeg (UnityEngine.GameObject),tor_ring (1) (UnityEngine.GameObject),tourniquet(Clone) (UnityEngine.GameObject),AppliedTourniquet,
PULSE_TAKEN,212840,12/2/2022 2:44:35 PM,f7b46b02-bc04-42d6-a3aa-abd797948735,pulse_fast,Helga_0 Root,
TOOL_HOVER,215255,12/2/2022 2:44:37 PM,f7b46b02-bc04-42d6-a3aa-abd797948735,Hemostatic Gauze,999,
TOOL_HOVER,215271,12/2/2022 2:44:37 PM,f7b46b02-bc04-42d6-a3aa-abd797948735,Hemostatic Gauze,999,
TOOL_HOVER,215288,12/2/2022 2:44:37 PM,f7b46b02-bc04-42d6-a3aa-abd797948735,Hemostatic Gauze,999,
TOOL_HOVER,215304,12/2/2022 2:44:37 PM,f7b46b02-bc04-42d6-a3aa-abd797948735,Hemostatic Gauze,999,
TOOL_HOVER,215322,12/2/2022 2:44:38 PM,f7b46b02-bc04-42d6-a3aa-abd797948735,Hemostatic Gauze,999,
TOOL_HOVER,215339,12/2/2022 2:44:38 PM,f7b46b02-bc04-42d6-a3aa-abd797948735,Hemostatic Gauze,999,
TOOL_HOVER,215355,12/2/2022 2:44:38 PM,f7b46b02-bc04-42d6-a3aa-abd797948735,Hemostatic Gauze,999,
TOOL_HOVER,215372,12/2/2022 2:44:38 PM,f7b46b02-bc04-42d6-a3aa-abd797948735,Hemostatic Gauze,999,
TOOL_HOVER,215388,12/2/2022 2:44:38 PM,f7b46b02-bc04-42d6-a3aa-abd797948735,Hemostatic Gauze,999,
TOOL_HOVER,215405,12/2/2022 2:44:38 PM,f7b46b02-bc04-42d6-a3aa-abd797948735,Hemostatic Gauze,999,
TOOL_HOVER,215422,12/2/2022 2:44:38 PM,f7b46b02-bc04-42d6-a3aa-abd797948735,Hemostatic Gauze,999,
TOOL_HOVER,215438,12/2/2022 2:44:38 PM,f7b46b02-bc04-42d6-a3aa-abd797948735,Hemostatic Gauze,999,
TOOL_HOVER,215456,12/2/2022 2:44:38 PM,f7b46b02-bc04-42d6-a3aa-abd797948735,Hemostatic Gauze,999,
TOOL_HOVER,215472,12/2/2022 2:44:38 PM,f7b46b02-bc04-42d6-a3aa-abd797948735,Hemostatic Gauze,999,
TOOL_HOVER,215489,12/2/2022 2:44:38 PM,f7b46b02-bc04-42d6-a3aa-abd797948735,Hemostatic Gauze,999,
TOOL_HOVER,215506,12/2/2022 2:44:38 PM,f7b46b02-bc04-42d6-a3aa-abd797948735,Hemostatic Gauze,999,
TOOL_HOVER,215523,12/2/2022 2:44:38 PM,f7b46b02-bc04-42d6-a3aa-abd797948735,Hemostatic Gauze,999,
TOOL_HOVER,215539,12/2/2022 2:44:38 PM,f7b46b02-bc04-42d6-a3aa-abd797948735,Hemostatic Gauze,999,
TOOL_HOVER,215555,12/2/2022 2:44:38 PM,f7b46b02-bc04-42d6-a3aa-abd797948735,Hemostatic Gauze,999,
TOOL_HOVER,215571,12/2/2022 2:44:38 PM,f7b46b02-bc04-42d6-a3aa-abd797948735,Hemostatic Gauze,999,
TOOL_HOVER,215588,12/2/2022 2:44:38 PM,f7b46b02-bc04-42d6-a3aa-abd797948735,Hemostatic Gauze,999,
TOOL_HOVER,215605,12/2/2022 2:44:38 PM,f7b46b02-bc04-42d6-a3aa-abd797948735,Hemostatic Gauze,999,
TOOL_SELECTED,215607,12/2/2022 2:44:38 PM,f7b46b02-bc04-42d6-a3aa-abd797948735,Hemostatic Gauze,998,
VOICE_CAPTURE,216624,12/2/2022 2:44:39 PM,f7b46b02-bc04-42d6-a3aa-abd797948735,i love it yeah that's awesome man can you lay back,NA,
VOICE_CAPTURE,218765,12/2/2022 2:44:41 PM,f7b46b02-bc04-42d6-a3aa-abd797948735,lay down,NA,
VOICE_COMMAND,218765,12/2/2022 2:44:41 PM,f7b46b02-bc04-42d6-a3aa-abd797948735,lay down,lay down,
BAG_CLOSED,219765,12/2/2022 2:44:42 PM,f7b46b02-bc04-42d6-a3aa-abd797948735,"(1.0, 0.7, 7.0)",
TELEPORT,219765,12/2/2022 2:44:42 PM,f7b46b02-bc04-42d6-a3aa-abd797948735,"(2.2, 0.0, 7.2)",
TOOL_DISCARDED,223207,12/2/2022 2:44:45 PM,f7b46b02-bc04-42d6-a3aa-abd797948735,Hemostatic Gauze,998,"(-0.1, 0.2, 7.4)",
INJURY_TREATED,223208,12/2/2022 2:44:45 PM,f7b46b02-bc04-42d6-a3aa-abd797948735,L Stomach Puncture,Helga_0 Root,woundpack,high,abdomen,True,False,"(0.0, 0.2, 7.4)",
TOOL_APPLIED,223208,12/2/2022 2:44:45 PM,f7b46b02-bc04-42d6-a3aa-abd797948735,Helga_0 Root,Gauze_Pack,skinCollider_BodyLOD (UnityEngine.GameObject),null,null,AppliedPackingGauze,
PULSE_TAKEN,226865,12/2/2022 2:44:49 PM,f7b46b02-bc04-42d6-a3aa-abd797948735,pulse_fast,Helga_0 Root,
VOICE_CAPTURE,229187,12/2/2022 2:44:51 PM,f7b46b02-bc04-42d6-a3aa-abd797948735,cool and i'm gonna check her pools,NA,
PULSE_TAKEN,233314,12/2/2022 2:44:55 PM,f7b46b02-bc04-42d6-a3aa-abd797948735,pulse_fast,Helga_0 Root,
PULSE_TAKEN,233933,12/2/2022 2:44:56 PM,f7b46b02-bc04-42d6-a3aa-abd797948735,pulse_fast,Helga_0 Root,
VOICE_CAPTURE,236054,12/2/2022 2:44:58 PM,f7b46b02-bc04-42d6-a3aa-abd797948735,some feedback for the developer would be like a longer pulse check time,NA,
VOICE_CAPTURE,239888,12/2/2022 2:45:02 PM,f7b46b02-bc04-42d6-a3aa-abd797948735,cause it it pulses like three or four beats i feel like,NA,
VOICE_CAPTURE,242361,12/2/2022 2:45:05 PM,f7b46b02-bc04-42d6-a3aa-abd797948735,and then it stops,NA,
PULSE_TAKEN,244483,12/2/2022 2:45:07 PM,f7b46b02-bc04-42d6-a3aa-abd797948735,pulse_fast,Helga_0 Root,
PULSE_TAKEN,245386,12/2/2022 2:45:08 PM,f7b46b02-bc04-42d6-a3aa-abd797948735,pulse_fast,Helga_0 Root,
PULSE_TAKEN,245537,12/2/2022 2:45:08 PM,f7b46b02-bc04-42d6-a3aa-abd797948735,pulse_fast,Helga_0 Root,
VOICE_CAPTURE,248024,12/2/2022 2:45:10 PM,f7b46b02-bc04-42d6-a3aa-abd797948735,at least that's my experience right now am i supposed to,NA,
PULSE_TAKEN,248110,12/2/2022 2:45:10 PM,f7b46b02-bc04-42d6-a3aa-abd797948735,pulse_fast,Helga_0 Root,
PULSE_TAKEN,250330,12/2/2022 2:45:13 PM,f7b46b02-bc04-42d6-a3aa-abd797948735,pulse_fast,Helga_0 Root,
VOICE_CAPTURE,254693,12/2/2022 2:45:17 PM,f7b46b02-bc04-42d6-a3aa-abd797948735,oh OK that's cool yeah,NA,
BAG_ACCESS,259571,12/2/2022 2:45:22 PM,f7b46b02-bc04-42d6-a3aa-abd797948735,"(0.6, 0.4, 7.1)",
TAG_SELECTED,260239,12/2/2022 2:45:22 PM,f7b46b02-bc04-42d6-a3aa-abd797948735,red,
TAG_APPLIED,262226,12/2/2022 2:45:24 PM,f7b46b02-bc04-42d6-a3aa-abd797948735,Helga_0 Root,red,
BAG_CLOSED,264002,12/2/2022 2:45:26 PM,f7b46b02-bc04-42d6-a3aa-abd797948735,"(0.6, 0.4, 7.1)",
TELEPORT,264515,12/2/2022 2:45:27 PM,f7b46b02-bc04-42d6-a3aa-abd797948735,"(1.7, 0.0, 7.4)",
PATIENT_ENGAGED,265652,12/2/2022 2:45:28 PM,f7b46b02-bc04-42d6-a3aa-abd797948735,100,Infinity,Gloria_8 Root,"(2.6, 0.0, 8.1)","(0.0, 0.9, 0.0, -0.5)",MINIMAL,still,normal,normal,limited,calm,standing,
VOICE_CAPTURE,269361,12/2/2022 2:45:32 PM,f7b46b02-bc04-42d6-a3aa-abd797948735,alright sir ma'am can you hear me,NA,
VOICE_COMMAND,269361,12/2/2022 2:45:32 PM,f7b46b02-bc04-42d6-a3aa-abd797948735,can you hear,alright sir ma'am can you hear me,
BAG_ACCESS,273455,12/2/2022 2:45:36 PM,f7b46b02-bc04-42d6-a3aa-abd797948735,"(2.0, 0.7, 7.5)",
VOICE_CAPTURE,273638,12/2/2022 2:45:36 PM,f7b46b02-bc04-42d6-a3aa-abd797948735,alright i heard the story about her so,NA,
TAG_SELECTED,275208,12/2/2022 2:45:37 PM,f7b46b02-bc04-42d6-a3aa-abd797948735,yellow,
VOICE_CAPTURE,276845,12/2/2022 2:45:39 PM,f7b46b02-bc04-42d6-a3aa-abd797948735,that's really cool though,NA,
TAG_DISCARDED,277263,12/2/2022 2:45:39 PM,f7b46b02-bc04-42d6-a3aa-abd797948735,yellow,"(2.4, 1.1, 7.3)",
TAG_SELECTED,277765,12/2/2022 2:45:40 PM,f7b46b02-bc04-42d6-a3aa-abd797948735,green,
VOICE_CAPTURE,279251,12/2/2022 2:45:41 PM,f7b46b02-bc04-42d6-a3aa-abd797948735,i would say she would be no,NA,
TAG_APPLIED,279520,12/2/2022 2:45:42 PM,f7b46b02-bc04-42d6-a3aa-abd797948735,Gloria_8 Root,green,
BAG_CLOSED,281880,12/2/2022 2:45:44 PM,f7b46b02-bc04-42d6-a3aa-abd797948735,"(2.0, 0.7, 7.5)",
TELEPORT,283846,12/2/2022 2:45:46 PM,f7b46b02-bc04-42d6-a3aa-abd797948735,"(1.2, 0.0, 8.8)",
VOICE_CAPTURE,286219,12/2/2022 2:45:48 PM,f7b46b02-bc04-42d6-a3aa-abd797948735,cool alright that's her that's a trash can,NA,
TELEPORT,288290,12/2/2022 2:45:50 PM,f7b46b02-bc04-42d6-a3aa-abd797948735,"(1.5, 0.0, 7.2)",
TELEPORT,288793,12/2/2022 2:45:51 PM,f7b46b02-bc04-42d6-a3aa-abd797948735,"(1.4, 0.0, 7.2)",
PATIENT_ENGAGED,290646,12/2/2022 2:45:53 PM,f7b46b02-bc04-42d6-a3aa-abd797948735,100,Infinity,Lily_1 Root,"(1.2, 0.0, 3.9)","(0.0, 0.1, 0.0, 1.0)",DELAYED,waver,normal,normal,normal,calm,fetal,
TELEPORT,291349,12/2/2022 2:45:54 PM,f7b46b02-bc04-42d6-a3aa-abd797948735,"(1.1, 0.0, 6.4)",
VOICE_CAPTURE,293986,12/2/2022 2:45:56 PM,f7b46b02-bc04-42d6-a3aa-abd797948735,yeah what's going on,NA,
BAG_ACCESS,297329,12/2/2022 2:46:00 PM,f7b46b02-bc04-42d6-a3aa-abd797948735,"(0.8, 0.5, 4.6)",
VOICE_CAPTURE,297744,12/2/2022 2:46:00 PM,f7b46b02-bc04-42d6-a3aa-abd797948735,there's a wall,NA,
TOOL_HOVER,299151,12/2/2022 2:46:01 PM,f7b46b02-bc04-42d6-a3aa-abd797948735,Tourniquet,995,
TOOL_HOVER,299168,12/2/2022 2:46:01 PM,f7b46b02-bc04-42d6-a3aa-abd797948735,Tourniquet,995,
TOOL_HOVER,299184,12/2/2022 2:46:01 PM,f7b46b02-bc04-42d6-a3aa-abd797948735,Tourniquet,995,
TOOL_HOVER,299201,12/2/2022 2:46:01 PM,f7b46b02-bc04-42d6-a3aa-abd797948735,Tourniquet,995,
TOOL_HOVER,299218,12/2/2022 2:46:01 PM,f7b46b02-bc04-42d6-a3aa-abd797948735,Tourniquet,995,
TOOL_HOVER,299234,12/2/2022 2:46:01 PM,f7b46b02-bc04-42d6-a3aa-abd797948735,Tourniquet,995,
TOOL_HOVER,299251,12/2/2022 2:46:01 PM,f7b46b02-bc04-42d6-a3aa-abd797948735,Tourniquet,995,
TOOL_HOVER,299267,12/2/2022 2:46:01 PM,f7b46b02-bc04-42d6-a3aa-abd797948735,Tourniquet,995,
TOOL_HOVER,299284,12/2/2022 2:46:01 PM,f7b46b02-bc04-42d6-a3aa-abd797948735,Tourniquet,995,
TOOL_HOVER,299301,12/2/2022 2:46:01 PM,f7b46b02-bc04-42d6-a3aa-abd797948735,Tourniquet,995,
TOOL_HOVER,299317,12/2/2022 2:46:01 PM,f7b46b02-bc04-42d6-a3aa-abd797948735,Tourniquet,995,
TOOL_HOVER,299334,12/2/2022 2:46:02 PM,f7b46b02-bc04-42d6-a3aa-abd797948735,Tourniquet,995,
TOOL_HOVER,299350,12/2/2022 2:46:02 PM,f7b46b02-bc04-42d6-a3aa-abd797948735,Tourniquet,995,
TOOL_HOVER,299367,12/2/2022 2:46:02 PM,f7b46b02-bc04-42d6-a3aa-abd797948735,Tourniquet,995,
TOOL_HOVER,299385,12/2/2022 2:46:02 PM,f7b46b02-bc04-42d6-a3aa-abd797948735,Tourniquet,995,
TOOL_HOVER,299401,12/2/2022 2:46:02 PM,f7b46b02-bc04-42d6-a3aa-abd797948735,Tourniquet,995,
TOOL_HOVER,299418,12/2/2022 2:46:02 PM,f7b46b02-bc04-42d6-a3aa-abd797948735,Tourniquet,995,
TOOL_HOVER,299436,12/2/2022 2:46:02 PM,f7b46b02-bc04-42d6-a3aa-abd797948735,Tourniquet,995,
TOOL_HOVER,299452,12/2/2022 2:46:02 PM,f7b46b02-bc04-42d6-a3aa-abd797948735,Tourniquet,995,
TOOL_HOVER,299468,12/2/2022 2:46:02 PM,f7b46b02-bc04-42d6-a3aa-abd797948735,Tourniquet,995,
TOOL_HOVER,299485,12/2/2022 2:46:02 PM,f7b46b02-bc04-42d6-a3aa-abd797948735,Tourniquet,995,
TOOL_HOVER,299501,12/2/2022 2:46:02 PM,f7b46b02-bc04-42d6-a3aa-abd797948735,Tourniquet,995,
TOOL_HOVER,299517,12/2/2022 2:46:02 PM,f7b46b02-bc04-42d6-a3aa-abd797948735,Tourniquet,995,
TOOL_SELECTED,299518,12/2/2022 2:46:02 PM,f7b46b02-bc04-42d6-a3aa-abd797948735,Tourniquet,994,
TOOL_DISCARDED,301805,12/2/2022 2:46:04 PM,f7b46b02-bc04-42d6-a3aa-abd797948735,Tourniquet,994,"(1.0, 0.4, 3.9)",
BAG_CLOSED,303642,12/2/2022 2:46:06 PM,f7b46b02-bc04-42d6-a3aa-abd797948735,"(0.8, 0.5, 4.6)",
TELEPORT,305225,12/2/2022 2:46:07 PM,f7b46b02-bc04-42d6-a3aa-abd797948735,"(1.1, 0.0, 6.2)",
BAG_ACCESS,309684,12/2/2022 2:46:12 PM,f7b46b02-bc04-42d6-a3aa-abd797948735,"(0.5, 0.5, 4.9)",
TOOL_HOVER,310251,12/2/2022 2:46:12 PM,f7b46b02-bc04-42d6-a3aa-abd797948735,Tourniquet,995,
TOOL_HOVER,310268,12/2/2022 2:46:12 PM,f7b46b02-bc04-42d6-a3aa-abd797948735,Tourniquet,995,
TOOL_HOVER,310285,12/2/2022 2:46:12 PM,f7b46b02-bc04-42d6-a3aa-abd797948735,Tourniquet,995,
TOOL_HOVER,310302,12/2/2022 2:46:12 PM,f7b46b02-bc04-42d6-a3aa-abd797948735,Tourniquet,995,
TOOL_HOVER,310318,12/2/2022 2:46:12 PM,f7b46b02-bc04-42d6-a3aa-abd797948735,Tourniquet,995,
TOOL_HOVER,310336,12/2/2022 2:46:13 PM,f7b46b02-bc04-42d6-a3aa-abd797948735,Tourniquet,995,
TOOL_HOVER,310853,12/2/2022 2:46:13 PM,f7b46b02-bc04-42d6-a3aa-abd797948735,Tourniquet,995,
TOOL_HOVER,310870,12/2/2022 2:46:13 PM,f7b46b02-bc04-42d6-a3aa-abd797948735,Tourniquet,995,
TOOL_HOVER,310887,12/2/2022 2:46:13 PM,f7b46b02-bc04-42d6-a3aa-abd797948735,Tourniquet,995,
TOOL_HOVER,310904,12/2/2022 2:46:13 PM,f7b46b02-bc04-42d6-a3aa-abd797948735,Tourniquet,995,
TOOL_HOVER,310920,12/2/2022 2:46:13 PM,f7b46b02-bc04-42d6-a3aa-abd797948735,Tourniquet,995,
TOOL_HOVER,310937,12/2/2022 2:46:13 PM,f7b46b02-bc04-42d6-a3aa-abd797948735,Tourniquet,995,
TOOL_HOVER,310954,12/2/2022 2:46:13 PM,f7b46b02-bc04-42d6-a3aa-abd797948735,Tourniquet,995,
TOOL_HOVER,310970,12/2/2022 2:46:13 PM,f7b46b02-bc04-42d6-a3aa-abd797948735,Tourniquet,995,
TOOL_HOVER,310987,12/2/2022 2:46:13 PM,f7b46b02-bc04-42d6-a3aa-abd797948735,Tourniquet,995,
TOOL_HOVER,311004,12/2/2022 2:46:13 PM,f7b46b02-bc04-42d6-a3aa-abd797948735,Tourniquet,995,
TOOL_HOVER,311020,12/2/2022 2:46:13 PM,f7b46b02-bc04-42d6-a3aa-abd797948735,Tourniquet,995,
TOOL_HOVER,311037,12/2/2022 2:46:13 PM,f7b46b02-bc04-42d6-a3aa-abd797948735,Tourniquet,995,
TOOL_HOVER,311054,12/2/2022 2:46:13 PM,f7b46b02-bc04-42d6-a3aa-abd797948735,Tourniquet,995,
TOOL_HOVER,311071,12/2/2022 2:46:13 PM,f7b46b02-bc04-42d6-a3aa-abd797948735,Tourniquet,995,
TOOL_HOVER,311087,12/2/2022 2:46:13 PM,f7b46b02-bc04-42d6-a3aa-abd797948735,Tourniquet,995,
TOOL_HOVER,311104,12/2/2022 2:46:13 PM,f7b46b02-bc04-42d6-a3aa-abd797948735,Tourniquet,995,
TOOL_HOVER,311120,12/2/2022 2:46:13 PM,f7b46b02-bc04-42d6-a3aa-abd797948735,Tourniquet,995,
TOOL_HOVER,311138,12/2/2022 2:46:13 PM,f7b46b02-bc04-42d6-a3aa-abd797948735,Tourniquet,995,
TOOL_HOVER,311154,12/2/2022 2:46:13 PM,f7b46b02-bc04-42d6-a3aa-abd797948735,Tourniquet,995,
TOOL_HOVER,311171,12/2/2022 2:46:13 PM,f7b46b02-bc04-42d6-a3aa-abd797948735,Tourniquet,995,
TOOL_HOVER,311187,12/2/2022 2:46:13 PM,f7b46b02-bc04-42d6-a3aa-abd797948735,Tourniquet,995,
TOOL_HOVER,311204,12/2/2022 2:46:13 PM,f7b46b02-bc04-42d6-a3aa-abd797948735,Tourniquet,995,
TOOL_HOVER,311220,12/2/2022 2:46:13 PM,f7b46b02-bc04-42d6-a3aa-abd797948735,Tourniquet,995,
TOOL_HOVER,311237,12/2/2022 2:46:13 PM,f7b46b02-bc04-42d6-a3aa-abd797948735,Tourniquet,995,
TOOL_HOVER,311254,12/2/2022 2:46:13 PM,f7b46b02-bc04-42d6-a3aa-abd797948735,Tourniquet,995,
TOOL_HOVER,311270,12/2/2022 2:46:13 PM,f7b46b02-bc04-42d6-a3aa-abd797948735,Tourniquet,995,
TOOL_HOVER,311287,12/2/2022 2:46:13 PM,f7b46b02-bc04-42d6-a3aa-abd797948735,Tourniquet,995,
TOOL_HOVER,311304,12/2/2022 2:46:13 PM,f7b46b02-bc04-42d6-a3aa-abd797948735,Tourniquet,995,
TOOL_HOVER,311321,12/2/2022 2:46:14 PM,f7b46b02-bc04-42d6-a3aa-abd797948735,Tourniquet,995,
TOOL_HOVER,311337,12/2/2022 2:46:14 PM,f7b46b02-bc04-42d6-a3aa-abd797948735,Tourniquet,995,
TOOL_HOVER,311354,12/2/2022 2:46:14 PM,f7b46b02-bc04-42d6-a3aa-abd797948735,Tourniquet,995,
TOOL_HOVER,311372,12/2/2022 2:46:14 PM,f7b46b02-bc04-42d6-a3aa-abd797948735,Tourniquet,995,
TOOL_HOVER,311389,12/2/2022 2:46:14 PM,f7b46b02-bc04-42d6-a3aa-abd797948735,Tourniquet,995,
TOOL_SELECTED,311390,12/2/2022 2:46:14 PM,f7b46b02-bc04-42d6-a3aa-abd797948735,Tourniquet,994,
INJURY_TREATED,315514,12/2/2022 2:46:18 PM,f7b46b02-bc04-42d6-a3aa-abd797948735,R Thigh Laceration,Lily_1 Root,tourniquet,medium,rightLeg,True,False,"(1.0, 0.2, 4.0)",
TOOL_APPLIED,315514,12/2/2022 2:46:18 PM,f7b46b02-bc04-42d6-a3aa-abd797948735,Lily_1 Root,Tourniquet,RightUpLeg (UnityEngine.GameObject),tor_ring (1) (UnityEngine.GameObject),tourniquet(Clone) (UnityEngine.GameObject),AppliedTourniquet,
VOICE_CAPTURE,323015,12/2/2022 2:46:25 PM,f7b46b02-bc04-42d6-a3aa-abd797948735,alright matt do you have any other injuries,NA,
VOICE_COMMAND,323015,12/2/2022 2:46:25 PM,f7b46b02-bc04-42d6-a3aa-abd797948735,are you hurt,alright matt do you have any other injuries,
VOICE_COMMAND,323015,12/2/2022 2:46:25 PM,f7b46b02-bc04-42d6-a3aa-abd797948735,anywhere else,alright matt do you have any other injuries,
VOICE_CAPTURE,326573,12/2/2022 2:46:29 PM,f7b46b02-bc04-42d6-a3aa-abd797948735,yes,NA,
PULSE_TAKEN,326958,12/2/2022 2:46:29 PM,f7b46b02-bc04-42d6-a3aa-abd797948735,pulse_normal,Lily_1 Root,
VOICE_CAPTURE,329063,12/2/2022 2:46:31 PM,f7b46b02-bc04-42d6-a3aa-abd797948735,can you,NA,
PULSE_TAKEN,329081,12/2/2022 2:46:31 PM,f7b46b02-bc04-42d6-a3aa-abd797948735,pulse_normal,Lily_1 Root,
PULSE_TAKEN,331938,12/2/2022 2:46:34 PM,f7b46b02-bc04-42d6-a3aa-abd797948735,pulse_normal,Lily_1 Root,
PULSE_TAKEN,332605,12/2/2022 2:46:35 PM,f7b46b02-bc04-42d6-a3aa-abd797948735,pulse_normal,Lily_1 Root,
PULSE_TAKEN,332638,12/2/2022 2:46:35 PM,f7b46b02-bc04-42d6-a3aa-abd797948735,pulse_normal,Lily_1 Root,
PULSE_TAKEN,332755,12/2/2022 2:46:35 PM,f7b46b02-bc04-42d6-a3aa-abd797948735,pulse_normal,Lily_1 Root,
PULSE_TAKEN,334192,12/2/2022 2:46:36 PM,f7b46b02-bc04-42d6-a3aa-abd797948735,pulse_normal,Lily_1 Root,
PULSE_TAKEN,336324,12/2/2022 2:46:39 PM,f7b46b02-bc04-42d6-a3aa-abd797948735,pulse_normal,Lily_1 Root,
PULSE_TAKEN,336424,12/2/2022 2:46:39 PM,f7b46b02-bc04-42d6-a3aa-abd797948735,pulse_normal,Lily_1 Root,
PULSE_TAKEN,336758,12/2/2022 2:46:39 PM,f7b46b02-bc04-42d6-a3aa-abd797948735,pulse_normal,Lily_1 Root,
TAG_SELECTED,339098,12/2/2022 2:46:41 PM,f7b46b02-bc04-42d6-a3aa-abd797948735,red,
TAG_APPLIED,340902,12/2/2022 2:46:43 PM,f7b46b02-bc04-42d6-a3aa-abd797948735,Lily_1 Root,red,
BAG_CLOSED,343231,12/2/2022 2:46:45 PM,f7b46b02-bc04-42d6-a3aa-abd797948735,"(0.5, 0.5, 4.9)",
TELEPORT,346835,12/2/2022 2:46:49 PM,f7b46b02-bc04-42d6-a3aa-abd797948735,"(2.1, 0.0, 6.7)",
VOICE_CAPTURE,347500,12/2/2022 2:46:50 PM,f7b46b02-bc04-42d6-a3aa-abd797948735,again without a watch it's hard to say fast pulse are not fast you know like everyone's i'm feeling are,NA,
PATIENT_ENGAGED,352496,12/2/2022 2:46:55 PM,f7b46b02-bc04-42d6-a3aa-abd797948735,100,128,Mike_6 Root,"(3.0, 0.0, 3.4)","(0.0, 0.0, 0.0, 1.0)",IMMEDIATE,still,faint,collapsedRight,normal,unresponsive,supine,
TELEPORT,352762,12/2/2022 2:46:55 PM,f7b46b02-bc04-42d6-a3aa-abd797948735,"(3.9, 0.0, 4.8)",
VOICE_CAPTURE,353249,12/2/2022 2:46:55 PM,f7b46b02-bc04-42d6-a3aa-abd797948735,faster than i'm super comfortable with i'm like everyone's on red tag,NA,
TELEPORT,354567,12/2/2022 2:46:57 PM,f7b46b02-bc04-42d6-a3aa-abd797948735,"(4.2, 0.0, 4.4)",
VOICE_CAPTURE,355403,12/2/2022 2:46:58 PM,f7b46b02-bc04-42d6-a3aa-abd797948735,yeah,NA,
BAG_ACCESS,359496,12/2/2022 2:47:02 PM,f7b46b02-bc04-42d6-a3aa-abd797948735,"(3.5, 0.4, 3.4)",
TOOL_HOVER,360465,12/2/2022 2:47:03 PM,f7b46b02-bc04-42d6-a3aa-abd797948735,Needle,999,
TOOL_HOVER,360481,12/2/2022 2:47:03 PM,f7b46b02-bc04-42d6-a3aa-abd797948735,Needle,999,
TOOL_HOVER,360498,12/2/2022 2:47:03 PM,f7b46b02-bc04-42d6-a3aa-abd797948735,Needle,999,
TOOL_HOVER,360514,12/2/2022 2:47:03 PM,f7b46b02-bc04-42d6-a3aa-abd797948735,Needle,999,
TOOL_HOVER,360532,12/2/2022 2:47:03 PM,f7b46b02-bc04-42d6-a3aa-abd797948735,Needle,999,
TOOL_HOVER,360547,12/2/2022 2:47:03 PM,f7b46b02-bc04-42d6-a3aa-abd797948735,Needle,999,
TOOL_HOVER,360565,12/2/2022 2:47:03 PM,f7b46b02-bc04-42d6-a3aa-abd797948735,Needle,999,
TOOL_HOVER,360581,12/2/2022 2:47:03 PM,f7b46b02-bc04-42d6-a3aa-abd797948735,Needle,999,
TOOL_HOVER,360598,12/2/2022 2:47:03 PM,f7b46b02-bc04-42d6-a3aa-abd797948735,Needle,999,
TOOL_HOVER,360619,12/2/2022 2:47:03 PM,f7b46b02-bc04-42d6-a3aa-abd797948735,Needle,999,
TOOL_HOVER,360632,12/2/2022 2:47:03 PM,f7b46b02-bc04-42d6-a3aa-abd797948735,Needle,999,
TOOL_HOVER,360648,12/2/2022 2:47:03 PM,f7b46b02-bc04-42d6-a3aa-abd797948735,Needle,999,
TOOL_HOVER,360765,12/2/2022 2:47:03 PM,f7b46b02-bc04-42d6-a3aa-abd797948735,Needle,999,
TOOL_HOVER,360781,12/2/2022 2:47:03 PM,f7b46b02-bc04-42d6-a3aa-abd797948735,Needle,999,
TOOL_HOVER,360800,12/2/2022 2:47:03 PM,f7b46b02-bc04-42d6-a3aa-abd797948735,Needle,999,
TOOL_HOVER,360815,12/2/2022 2:47:03 PM,f7b46b02-bc04-42d6-a3aa-abd797948735,Needle,999,
TOOL_SELECTED,360816,12/2/2022 2:47:03 PM,f7b46b02-bc04-42d6-a3aa-abd797948735,Needle,998,
INJURY_TREATED,363528,12/2/2022 2:47:06 PM,f7b46b02-bc04-42d6-a3aa-abd797948735,R Chest Collapse,Mike_6 Root,decompress,high,chest,True,False,"(0.0, 0.0, 0.0)",
TOOL_APPLIED,363528,12/2/2022 2:47:06 PM,f7b46b02-bc04-42d6-a3aa-abd797948735,Needle_Decomp(Clone),Needle,RChest_Breathe1 (UnityEngine.GameObject),cath_needle (UnityEngine.GameObject),right_chest,Needle_Decomp(Clone) (UnityEngine.GameObject),AppliedDecompNeedle,
VOICE_CAPTURE,364039,12/2/2022 2:47:06 PM,f7b46b02-bc04-42d6-a3aa-abd797948735,doesn't look like this side of his chest is going up at all,NA,
PULSE_TAKEN,367565,12/2/2022 2:47:10 PM,f7b46b02-bc04-42d6-a3aa-abd797948735,pulse_faint,Mike_6 Root,
VOICE_CAPTURE,367999,12/2/2022 2:47:10 PM,f7b46b02-bc04-42d6-a3aa-abd797948735,well there we go,NA,
PULSE_TAKEN,369118,12/2/2022 2:47:11 PM,f7b46b02-bc04-42d6-a3aa-abd797948735,pulse_faint,Mike_6 Root,
TAG_SELECTED,373028,12/2/2022 2:47:15 PM,f7b46b02-bc04-42d6-a3aa-abd797948735,red,
TAG_APPLIED,374849,12/2/2022 2:47:17 PM,f7b46b02-bc04-42d6-a3aa-abd797948735,Mike_6 Root,red,
BAG_CLOSED,376420,12/2/2022 2:47:19 PM,f7b46b02-bc04-42d6-a3aa-abd797948735,"(3.5, 0.4, 3.4)",
TELEPORT,376420,12/2/2022 2:47:19 PM,f7b46b02-bc04-42d6-a3aa-abd797948735,"(4.3, 0.0, 4.2)",
TELEPORT,377488,12/2/2022 2:47:20 PM,f7b46b02-bc04-42d6-a3aa-abd797948735,"(4.3, 0.0, 4.2)",
TELEPORT,379827,12/2/2022 2:47:22 PM,f7b46b02-bc04-42d6-a3aa-abd797948735,"(5.1, 0.0, 3.7)",
PATIENT_ENGAGED,381945,12/2/2022 2:47:24 PM,f7b46b02-bc04-42d6-a3aa-abd797948735,100,Infinity,Mike_9 Root,"(3.5, 0.0, 1.1)","(0.0, 1.0, 0.0, 0.0)",IMMEDIATE,waver,normal,normal,normal,upset,sittingGround,
VOICE_CAPTURE,383042,12/2/2022 2:47:25 PM,f7b46b02-bc04-42d6-a3aa-abd797948735,there's no other injuries on him he is breathing,NA,
VOICE_COMMAND,383042,12/2/2022 2:47:25 PM,f7b46b02-bc04-42d6-a3aa-abd797948735,are you hurt,there's no other injuries on him he is breathing,
VOICE_COMMAND,383042,12/2/2022 2:47:25 PM,f7b46b02-bc04-42d6-a3aa-abd797948735,anywhere else,there's no other injuries on him he is breathing,
TELEPORT,383740,12/2/2022 2:47:26 PM,f7b46b02-bc04-42d6-a3aa-abd797948735,"(5.2, 0.0, 1.8)",
VOICE_CAPTURE,387051,12/2/2022 2:47:29 PM,f7b46b02-bc04-42d6-a3aa-abd797948735,sir what's going on,NA,
BAG_ACCESS,387402,12/2/2022 2:47:30 PM,f7b46b02-bc04-42d6-a3aa-abd797948735,"(4.5, 0.5, 1.7)",
TOOL_HOVER,388259,12/2/2022 2:47:30 PM,f7b46b02-bc04-42d6-a3aa-abd797948735,Tourniquet,994,
TOOL_HOVER,388283,12/2/2022 2:47:30 PM,f7b46b02-bc04-42d6-a3aa-abd797948735,Tourniquet,994,
TOOL_HOVER,388308,12/2/2022 2:47:30 PM,f7b46b02-bc04-42d6-a3aa-abd797948735,Tourniquet,994,
TOOL_HOVER,388332,12/2/2022 2:47:31 PM,f7b46b02-bc04-42d6-a3aa-abd797948735,Tourniquet,994,
TOOL_HOVER,388357,12/2/2022 2:47:31 PM,f7b46b02-bc04-42d6-a3aa-abd797948735,Tourniquet,994,
TOOL_HOVER,388381,12/2/2022 2:47:31 PM,f7b46b02-bc04-42d6-a3aa-abd797948735,Tourniquet,994,
TOOL_HOVER,388406,12/2/2022 2:47:31 PM,f7b46b02-bc04-42d6-a3aa-abd797948735,Tourniquet,994,
TOOL_HOVER,388430,12/2/2022 2:47:31 PM,f7b46b02-bc04-42d6-a3aa-abd797948735,Tourniquet,994,
TOOL_HOVER,388455,12/2/2022 2:47:31 PM,f7b46b02-bc04-42d6-a3aa-abd797948735,Tourniquet,994,
TOOL_HOVER,388479,12/2/2022 2:47:31 PM,f7b46b02-bc04-42d6-a3aa-abd797948735,Tourniquet,994,
TOOL_HOVER,388503,12/2/2022 2:47:31 PM,f7b46b02-bc04-42d6-a3aa-abd797948735,Tourniquet,994,
TOOL_HOVER,388529,12/2/2022 2:47:31 PM,f7b46b02-bc04-42d6-a3aa-abd797948735,Tourniquet,994,
TOOL_HOVER,388756,12/2/2022 2:47:31 PM,f7b46b02-bc04-42d6-a3aa-abd797948735,Gauze,999,
TOOL_HOVER,388782,12/2/2022 2:47:31 PM,f7b46b02-bc04-42d6-a3aa-abd797948735,Gauze,999,
TOOL_HOVER,388808,12/2/2022 2:47:31 PM,f7b46b02-bc04-42d6-a3aa-abd797948735,Gauze,999,
TOOL_HOVER,388835,12/2/2022 2:47:31 PM,f7b46b02-bc04-42d6-a3aa-abd797948735,Gauze,999,
TOOL_HOVER,390763,12/2/2022 2:47:33 PM,f7b46b02-bc04-42d6-a3aa-abd797948735,Tourniquet,994,
TOOL_HOVER,390786,12/2/2022 2:47:33 PM,f7b46b02-bc04-42d6-a3aa-abd797948735,Tourniquet,994,
TOOL_HOVER,390811,12/2/2022 2:47:33 PM,f7b46b02-bc04-42d6-a3aa-abd797948735,Tourniquet,994,
TOOL_HOVER,390832,12/2/2022 2:47:33 PM,f7b46b02-bc04-42d6-a3aa-abd797948735,Tourniquet,994,
TOOL_HOVER,390855,12/2/2022 2:47:33 PM,f7b46b02-bc04-42d6-a3aa-abd797948735,Tourniquet,994,
TOOL_HOVER,390879,12/2/2022 2:47:33 PM,f7b46b02-bc04-42d6-a3aa-abd797948735,Tourniquet,994,
TOOL_HOVER,390903,12/2/2022 2:47:33 PM,f7b46b02-bc04-42d6-a3aa-abd797948735,Tourniquet,994,
TOOL_HOVER,390927,12/2/2022 2:47:33 PM,f7b46b02-bc04-42d6-a3aa-abd797948735,Tourniquet,994,
TOOL_HOVER,390949,12/2/2022 2:47:33 PM,f7b46b02-bc04-42d6-a3aa-abd797948735,Tourniquet,994,
TOOL_HOVER,390973,12/2/2022 2:47:33 PM,f7b46b02-bc04-42d6-a3aa-abd797948735,Tourniquet,994,
TOOL_HOVER,390997,12/2/2022 2:47:33 PM,f7b46b02-bc04-42d6-a3aa-abd797948735,Tourniquet,994,
TOOL_HOVER,391022,12/2/2022 2:47:33 PM,f7b46b02-bc04-42d6-a3aa-abd797948735,Tourniquet,994,
TOOL_HOVER,391047,12/2/2022 2:47:33 PM,f7b46b02-bc04-42d6-a3aa-abd797948735,Tourniquet,994,
TOOL_HOVER,391073,12/2/2022 2:47:33 PM,f7b46b02-bc04-42d6-a3aa-abd797948735,Tourniquet,994,
TOOL_SELECTED,391074,12/2/2022 2:47:33 PM,f7b46b02-bc04-42d6-a3aa-abd797948735,Tourniquet,993,
VOICE_CAPTURE,401359,12/2/2022 2:47:44 PM,f7b46b02-bc04-42d6-a3aa-abd797948735,move your head back,NA,
VOICE_COMMAND,401359,12/2/2022 2:47:44 PM,f7b46b02-bc04-42d6-a3aa-abd797948735,reveal injury,move your head back,
INJURY_TREATED,404257,12/2/2022 2:47:46 PM,f7b46b02-bc04-42d6-a3aa-abd797948735,L Thigh Puncture,Mike_9 Root,tourniquet,medium,leftLeg,True,False,"(4.0, 0.1, 1.1)",
TOOL_APPLIED,404258,12/2/2022 2:47:46 PM,f7b46b02-bc04-42d6-a3aa-abd797948735,Mike_9 Root,Tourniquet,LeftUpLeg (UnityEngine.GameObject),tor_ring (1) (UnityEngine.GameObject),tourniquet(Clone) (UnityEngine.GameObject),AppliedTourniquet,
PATIENT_DEMOTED,404258,12/2/2022 2:47:46 PM,f7b46b02-bc04-42d6-a3aa-abd797948735,100,Infinity,Mike_9 Root,"(3.5, 0.0, 1.1)","(0.0, 1.0, 0.0, 0.0)",DELAYED,waver,normal,normal,normal,upset,sittingGround,
TOOL_HOVER,406760,12/2/2022 2:47:49 PM,f7b46b02-bc04-42d6-a3aa-abd797948735,Hemostatic Gauze,999,
TOOL_HOVER,406777,12/2/2022 2:47:49 PM,f7b46b02-bc04-42d6-a3aa-abd797948735,Hemostatic Gauze,999,
TOOL_HOVER,406794,12/2/2022 2:47:49 PM,f7b46b02-bc04-42d6-a3aa-abd797948735,Hemostatic Gauze,999,
TOOL_HOVER,406811,12/2/2022 2:47:49 PM,f7b46b02-bc04-42d6-a3aa-abd797948735,Hemostatic Gauze,999,
TOOL_HOVER,406827,12/2/2022 2:47:49 PM,f7b46b02-bc04-42d6-a3aa-abd797948735,Hemostatic Gauze,999,
TOOL_HOVER,406845,12/2/2022 2:47:49 PM,f7b46b02-bc04-42d6-a3aa-abd797948735,Hemostatic Gauze,999,
TOOL_HOVER,406862,12/2/2022 2:47:49 PM,f7b46b02-bc04-42d6-a3aa-abd797948735,Hemostatic Gauze,999,
TOOL_HOVER,406879,12/2/2022 2:47:49 PM,f7b46b02-bc04-42d6-a3aa-abd797948735,Hemostatic Gauze,999,
TOOL_HOVER,406896,12/2/2022 2:47:49 PM,f7b46b02-bc04-42d6-a3aa-abd797948735,Hemostatic Gauze,999,
TOOL_HOVER,406912,12/2/2022 2:47:49 PM,f7b46b02-bc04-42d6-a3aa-abd797948735,Hemostatic Gauze,999,
TOOL_HOVER,406929,12/2/2022 2:47:49 PM,f7b46b02-bc04-42d6-a3aa-abd797948735,Hemostatic Gauze,999,
TOOL_HOVER,406947,12/2/2022 2:47:49 PM,f7b46b02-bc04-42d6-a3aa-abd797948735,Hemostatic Gauze,999,
TOOL_HOVER,406965,12/2/2022 2:47:49 PM,f7b46b02-bc04-42d6-a3aa-abd797948735,Hemostatic Gauze,999,
TOOL_HOVER,406985,12/2/2022 2:47:49 PM,f7b46b02-bc04-42d6-a3aa-abd797948735,Hemostatic Gauze,999,
TOOL_HOVER,407004,12/2/2022 2:47:49 PM,f7b46b02-bc04-42d6-a3aa-abd797948735,Hemostatic Gauze,999,
TOOL_HOVER,407022,12/2/2022 2:47:49 PM,f7b46b02-bc04-42d6-a3aa-abd797948735,Hemostatic Gauze,999,
TOOL_HOVER,407042,12/2/2022 2:47:49 PM,f7b46b02-bc04-42d6-a3aa-abd797948735,Hemostatic Gauze,999,
TOOL_HOVER,407062,12/2/2022 2:47:49 PM,f7b46b02-bc04-42d6-a3aa-abd797948735,Hemostatic Gauze,999,
TOOL_SELECTED,407063,12/2/2022 2:47:49 PM,f7b46b02-bc04-42d6-a3aa-abd797948735,Hemostatic Gauze,998,
TOOL_DISCARDED,408998,12/2/2022 2:47:51 PM,f7b46b02-bc04-42d6-a3aa-abd797948735,Hemostatic Gauze,998,"(3.8, 0.2, 1.4)",
INJURY_TREATED,408998,12/2/2022 2:47:51 PM,f7b46b02-bc04-42d6-a3aa-abd797948735,L Side Puncture,Mike_9 Root,woundpack,medium,abdomen,True,False,"(3.8, 0.2, 1.4)",
TOOL_APPLIED,408998,12/2/2022 2:47:51 PM,f7b46b02-bc04-42d6-a3aa-abd797948735,Mike_9 Root,Gauze_Pack,skinCollider_BodyCollideLOD (UnityEngine.GameObject),null,null,AppliedPackingGauze,
VOICE_CAPTURE,409590,12/2/2022 2:47:52 PM,f7b46b02-bc04-42d6-a3aa-abd797948735,there we go so lay back,NA,
PULSE_TAKEN,411237,12/2/2022 2:47:53 PM,f7b46b02-bc04-42d6-a3aa-abd797948735,pulse_normal,Mike_9 Root,
VOICE_CAPTURE,413409,12/2/2022 2:47:56 PM,f7b46b02-bc04-42d6-a3aa-abd797948735,never mind,NA,
PULSE_TAKEN,419482,12/2/2022 2:48:02 PM,f7b46b02-bc04-42d6-a3aa-abd797948735,pulse_normal,Mike_9 Root,
VOICE_CAPTURE,420802,12/2/2022 2:48:03 PM,f7b46b02-bc04-42d6-a3aa-abd797948735,i still feel like calling,NA,
VOICE_CAPTURE,423877,12/2/2022 2:48:06 PM,f7b46b02-bc04-42d6-a3aa-abd797948735,the rat man,NA,
TAG_SELECTED,426383,12/2/2022 2:48:09 PM,f7b46b02-bc04-42d6-a3aa-abd797948735,yellow,
TAG_APPLIED,427201,12/2/2022 2:48:09 PM,f7b46b02-bc04-42d6-a3aa-abd797948735,Mike_9 Root,yellow,
BAG_CLOSED,428779,12/2/2022 2:48:11 PM,f7b46b02-bc04-42d6-a3aa-abd797948735,"(4.5, 0.5, 1.7)",
TELEPORT,430232,12/2/2022 2:48:12 PM,f7b46b02-bc04-42d6-a3aa-abd797948735,"(5.3, 0.0, 2.2)",
TELEPORT,430575,12/2/2022 2:48:13 PM,f7b46b02-bc04-42d6-a3aa-abd797948735,"(5.3, 0.0, 2.2)",
VOICE_CAPTURE,433399,12/2/2022 2:48:16 PM,f7b46b02-bc04-42d6-a3aa-abd797948735,alright i'm gonna just do one wrong maybe i don't know alright this person,NA,
TELEPORT,434637,12/2/2022 2:48:17 PM,f7b46b02-bc04-42d6-a3aa-abd797948735,"(3.4, 0.0, 2.2)",
PATIENT_ENGAGED,435337,12/2/2022 2:48:18 PM,f7b46b02-bc04-42d6-a3aa-abd797948735,100,Infinity,Lily_7 Root,"(2.3, 0.0, 1.8)","(0.0, 1.0, 0.0, 0.0)",DEAD,still,none,none,none,dead,supine,
BAG_ACCESS,436791,12/2/2022 2:48:19 PM,f7b46b02-bc04-42d6-a3aa-abd797948735,"(2.7, 0.7, 2.4)",
TAG_SELECTED,438513,12/2/2022 2:48:21 PM,f7b46b02-bc04-42d6-a3aa-abd797948735,green,
VOICE_CAPTURE,440300,12/2/2022 2:48:22 PM,f7b46b02-bc04-42d6-a3aa-abd797948735,oh my gosh you're shrapnel in her head she's now moving,NA,
TAG_APPLIED,440535,12/2/2022 2:48:23 PM,f7b46b02-bc04-42d6-a3aa-abd797948735,Lily_7 Root,green,
PATIENT_ENGAGED,441766,12/2/2022 2:48:24 PM,f7b46b02-bc04-42d6-a3aa-abd797948735,100,128,Mike_6 Root,"(3.0, 0.0, 3.4)","(0.0, 0.0, 0.0, 1.0)",IMMEDIATE,still,faint,normal,normal,unresponsive,supine,
TAG_SELECTED,442803,12/2/2022 2:48:25 PM,f7b46b02-bc04-42d6-a3aa-abd797948735,black,
PATIENT_ENGAGED,443290,12/2/2022 2:48:25 PM,f7b46b02-bc04-42d6-a3aa-abd797948735,100,Infinity,Lily_7 Root,"(2.3, 0.0, 1.8)","(0.0, 1.0, 0.0, 0.0)",DEAD,still,none,none,none,dead,supine,
VOICE_CAPTURE,444259,12/2/2022 2:48:26 PM,f7b46b02-bc04-42d6-a3aa-abd797948735,no it was supposed to be black,NA,
TAG_APPLIED,444493,12/2/2022 2:48:27 PM,f7b46b02-bc04-42d6-a3aa-abd797948735,Lily_7 Root,black,
BAG_CLOSED,447550,12/2/2022 2:48:30 PM,f7b46b02-bc04-42d6-a3aa-abd797948735,"(2.7, 0.7, 2.4)",
TELEPORT,448945,12/2/2022 2:48:31 PM,f7b46b02-bc04-42d6-a3aa-abd797948735,"(4.4, 0.0, 2.4)",
VOICE_CAPTURE,449628,12/2/2022 2:48:32 PM,f7b46b02-bc04-42d6-a3aa-abd797948735,get off him go what are you doing,NA,
TELEPORT,453548,12/2/2022 2:48:36 PM,f7b46b02-bc04-42d6-a3aa-abd797948735,"(4.9, 0.0, 0.1)",
PATIENT_ENGAGED,454000,12/2/2022 2:48:36 PM,f7b46b02-bc04-42d6-a3aa-abd797948735,100,Infinity,Bob_10 Root,"(4.8, 0.0, -1.1)","(0.0, -0.7, 0.0, 0.7)",MINIMAL,walker,normal,normal,normal,calm,sittingChair,
VOICE_CAPTURE,456071,12/2/2022 2:48:38 PM,f7b46b02-bc04-42d6-a3aa-abd797948735,oh should i do her expectant then,NA,
VOICE_CAPTURE,459564,12/2/2022 2:48:42 PM,f7b46b02-bc04-42d6-a3aa-abd797948735,modbutton im okay,NA,
VOICE_COMMAND,459564,12/2/2022 2:48:42 PM,f7b46b02-bc04-42d6-a3aa-abd797948735,modbutton im okay,modbutton im okay,
VOICE_CAPTURE,460014,12/2/2022 2:48:42 PM,f7b46b02-bc04-42d6-a3aa-abd797948735,sir besides your eyes being funny what's going on,NA,
BAG_ACCESS,463556,12/2/2022 2:48:46 PM,f7b46b02-bc04-42d6-a3aa-abd797948735,"(4.5, 0.7, -0.3)",
VOICE_CAPTURE,463605,12/2/2022 2:48:46 PM,f7b46b02-bc04-42d6-a3aa-abd797948735,oh yeah you are,NA,
TAG_SELECTED,464492,12/2/2022 2:48:47 PM,f7b46b02-bc04-42d6-a3aa-abd797948735,green,
TAG_APPLIED,466630,12/2/2022 2:48:49 PM,f7b46b02-bc04-42d6-a3aa-abd797948735,Bob_10 Root,green,
BAG_CLOSED,467867,12/2/2022 2:48:50 PM,f7b46b02-bc04-42d6-a3aa-abd797948735,"(4.5, 0.7, -0.3)",
TELEPORT,467867,12/2/2022 2:48:50 PM,f7b46b02-bc04-42d6-a3aa-abd797948735,"(4.8, 0.0, -0.4)",
VOICE_CAPTURE,471808,12/2/2022 2:48:54 PM,f7b46b02-bc04-42d6-a3aa-abd797948735,OK,NA,
TELEPORT,473964,12/2/2022 2:48:56 PM,f7b46b02-bc04-42d6-a3aa-abd797948735,"(2.3, 0.0, -2.4)",
PATIENT_ENGAGED,474265,12/2/2022 2:48:56 PM,f7b46b02-bc04-42d6-a3aa-abd797948735,100,0,Gary_5 Root,"(1.5, 0.0, -3.3)","(0.0, 0.6, 0.0, 0.8)",MINIMAL,walker,normal,restricted,normal,upset,sittingGround,
VOICE_CAPTURE,475451,12/2/2022 2:48:58 PM,f7b46b02-bc04-42d6-a3aa-abd797948735,so what's going on,NA,
VOICE_CAPTURE,477456,12/2/2022 2:49:00 PM,f7b46b02-bc04-42d6-a3aa-abd797948735,modbutton no,NA,
VOICE_COMMAND,477456,12/2/2022 2:49:00 PM,f7b46b02-bc04-42d6-a3aa-abd797948735,modbutton no,modbutton no,
VOICE_CAPTURE,479495,12/2/2022 2:49:02 PM,f7b46b02-bc04-42d6-a3aa-abd797948735,are you hurt,NA,
VOICE_COMMAND,479495,12/2/2022 2:49:02 PM,f7b46b02-bc04-42d6-a3aa-abd797948735,are you hurt,are you hurt,
PULSE_TAKEN,479511,12/2/2022 2:49:02 PM,f7b46b02-bc04-42d6-a3aa-abd797948735,pulse_normal,Gary_5 Root,
VOICE_CAPTURE,480530,12/2/2022 2:49:03 PM,f7b46b02-bc04-42d6-a3aa-abd797948735,no,NA,
VOICE_CAPTURE,481483,12/2/2022 2:49:04 PM,f7b46b02-bc04-42d6-a3aa-abd797948735,modbutton no,NA,
VOICE_COMMAND,481483,12/2/2022 2:49:04 PM,f7b46b02-bc04-42d6-a3aa-abd797948735,modbutton no,modbutton no,
VOICE_CAPTURE,482467,12/2/2022 2:49:05 PM,f7b46b02-bc04-42d6-a3aa-abd797948735,breathing OK,NA,
BAG_ACCESS,486462,12/2/2022 2:49:09 PM,f7b46b02-bc04-42d6-a3aa-abd797948735,"(1.7, 0.5, -2.9)",
VOICE_CAPTURE,488065,12/2/2022 2:49:10 PM,f7b46b02-bc04-42d6-a3aa-abd797948735,alright your pulse is a little quick but,NA,
TAG_SELECTED,491810,12/2/2022 2:49:14 PM,f7b46b02-bc04-42d6-a3aa-abd797948735,yellow,
TAG_APPLIED,492845,12/2/2022 2:49:15 PM,f7b46b02-bc04-42d6-a3aa-abd797948735,Gary_5 Root,yellow,
VOICE_CAPTURE,494030,12/2/2022 2:49:16 PM,f7b46b02-bc04-42d6-a3aa-abd797948735,i don't think it's quick enough that you should go for other people,NA,
BAG_CLOSED,494154,12/2/2022 2:49:16 PM,f7b46b02-bc04-42d6-a3aa-abd797948735,"(1.7, 0.5, -2.9)",
TELEPORT,496903,12/2/2022 2:49:19 PM,f7b46b02-bc04-42d6-a3aa-abd797948735,"(3.2, 0.0, -2.7)",
TELEPORT,498123,12/2/2022 2:49:20 PM,f7b46b02-bc04-42d6-a3aa-abd797948735,"(3.1, 0.0, -2.5)",
VOICE_CAPTURE,499544,12/2/2022 2:49:22 PM,f7b46b02-bc04-42d6-a3aa-abd797948735,did he get up and move here or was he there to start with oh,NA,
VOICE_COMMAND,499545,12/2/2022 2:49:22 PM,f7b46b02-bc04-42d6-a3aa-abd797948735,stand up,did he get up and move here or was he there to start with oh,
BAG_ACCESS,502851,12/2/2022 2:49:25 PM,f7b46b02-bc04-42d6-a3aa-abd797948735,"(2.1, 0.7, -2.8)",
TAG_SELECTED,503404,12/2/2022 2:49:26 PM,f7b46b02-bc04-42d6-a3aa-abd797948735,green,
VOICE_CAPTURE,504104,12/2/2022 2:49:26 PM,f7b46b02-bc04-42d6-a3aa-abd797948735,hey button,NA,
TAG_APPLIED,504647,12/2/2022 2:49:27 PM,f7b46b02-bc04-42d6-a3aa-abd797948735,Gary_5 Root,green,
BAG_CLOSED,506544,12/2/2022 2:49:29 PM,f7b46b02-bc04-42d6-a3aa-abd797948735,"(2.1, 0.7, -2.8)",
TELEPORT,507454,12/2/2022 2:49:30 PM,f7b46b02-bc04-42d6-a3aa-abd797948735,"(3.6, 0.0, -2.7)",
VOICE_CAPTURE,507722,12/2/2022 2:49:30 PM,f7b46b02-bc04-42d6-a3aa-abd797948735,cool,NA,
PATIENT_ENGAGED,509225,12/2/2022 2:49:31 PM,f7b46b02-bc04-42d6-a3aa-abd797948735,100,Infinity,Mike_4 Root,"(4.2, 0.0, -4.6)","(0.0, 0.3, 0.0, -0.9)",MINIMAL,walker,normal,normal,normal,upset,sittingGround,
VOICE_CAPTURE,511950,12/2/2022 2:49:34 PM,f7b46b02-bc04-42d6-a3aa-abd797948735,you walk keep walking out how about this guy are you OK,NA,
VOICE_COMMAND,511950,12/2/2022 2:49:34 PM,f7b46b02-bc04-42d6-a3aa-abd797948735,are you hurt,you walk keep walking out how about this guy are you OK,
VOICE_COMMAND,511950,12/2/2022 2:49:34 PM,f7b46b02-bc04-42d6-a3aa-abd797948735,walk to the safe area,you walk keep walking out how about this guy are you OK,
S_A_L_T_WALK_IF_CAN,511951,12/2/2022 2:49:34 PM,f7b46b02-bc04-42d6-a3aa-abd797948735,"(0.2, 0.0, 7.7)",walkIfCan,Helga_0 Root,
S_A_L_T_WALK_IF_CAN,511951,12/2/2022 2:49:34 PM,f7b46b02-bc04-42d6-a3aa-abd797948735,"(1.2, 0.0, 3.9)",walkIfCan,Lily_1 Root,
S_A_L_T_WALK_IF_CAN,511951,12/2/2022 2:49:34 PM,f7b46b02-bc04-42d6-a3aa-abd797948735,"(0.8, 0.0, 0.6)",walkIfCan,Gloria_2 Root,
S_A_L_T_WALK_IF_CAN,511951,12/2/2022 2:49:34 PM,f7b46b02-bc04-42d6-a3aa-abd797948735,"(-1.3, 0.0, 4.2)",walkIfCan,Mike_3 Root,
S_A_L_T_WALK_IF_CAN,511951,12/2/2022 2:49:34 PM,f7b46b02-bc04-42d6-a3aa-abd797948735,"(4.2, 0.0, -4.6)",walkIfCan,Mike_4 Root,
S_A_L_T_WALKED,511951,12/2/2022 2:49:34 PM,f7b46b02-bc04-42d6-a3aa-abd797948735,"(4.2, 0.0, -4.6)",walked,Mike_4 Root,
S_A_L_T_WALK_IF_CAN,511952,12/2/2022 2:49:34 PM,f7b46b02-bc04-42d6-a3aa-abd797948735,"(1.4, 0.0, -3.4)",walkIfCan,Gary_5 Root,
S_A_L_T_WALKED,511952,12/2/2022 2:49:34 PM,f7b46b02-bc04-42d6-a3aa-abd797948735,"(1.4, 0.0, -3.4)",walked,Gary_5 Root,
S_A_L_T_WALK_IF_CAN,511952,12/2/2022 2:49:34 PM,f7b46b02-bc04-42d6-a3aa-abd797948735,"(2.7, 0.0, 8.0)",walkIfCan,Gloria_8 Root,
S_A_L_T_WALK_IF_CAN,511952,12/2/2022 2:49:34 PM,f7b46b02-bc04-42d6-a3aa-abd797948735,"(3.5, 0.0, 1.1)",walkIfCan,Mike_9 Root,
S_A_L_T_WALK_IF_CAN,511952,12/2/2022 2:49:34 PM,f7b46b02-bc04-42d6-a3aa-abd797948735,"(4.8, 0.0, -1.1)",walkIfCan,Bob_10 Root,
S_A_L_T_WALKED,511952,12/2/2022 2:49:34 PM,f7b46b02-bc04-42d6-a3aa-abd797948735,"(4.8, 0.0, -1.1)",walked,Bob_10 Root,
PULSE_TAKEN,512399,12/2/2022 2:49:35 PM,f7b46b02-bc04-42d6-a3aa-abd797948735,pulse_normal,Mike_4 Root,
VOICE_CAPTURE,512802,12/2/2022 2:49:35 PM,f7b46b02-bc04-42d6-a3aa-abd797948735,are you hurt,NA,
VOICE_COMMAND,512802,12/2/2022 2:49:35 PM,f7b46b02-bc04-42d6-a3aa-abd797948735,are you hurt,are you hurt,
TELEPORT,514438,12/2/2022 2:49:37 PM,f7b46b02-bc04-42d6-a3aa-abd797948735,"(4.3, 0.0, -3.8)",
PULSE_TAKEN,516024,12/2/2022 2:49:38 PM,f7b46b02-bc04-42d6-a3aa-abd797948735,pulse_normal,Mike_4 Root,
PULSE_TAKEN,516443,12/2/2022 2:49:39 PM,f7b46b02-bc04-42d6-a3aa-abd797948735,pulse_normal,Mike_4 Root,
PULSE_TAKEN,516544,12/2/2022 2:49:39 PM,f7b46b02-bc04-42d6-a3aa-abd797948735,pulse_normal,Mike_4 Root,
VOICE_CAPTURE,517161,12/2/2022 2:49:39 PM,f7b46b02-bc04-42d6-a3aa-abd797948735,what are you doing here friend,NA,
PULSE_TAKEN,517297,12/2/2022 2:49:39 PM,f7b46b02-bc04-42d6-a3aa-abd797948735,pulse_normal,Mike_4 Root,
VOICE_CAPTURE,519483,12/2/2022 2:49:42 PM,f7b46b02-bc04-42d6-a3aa-abd797948735,OK,NA,
BAG_ACCESS,520236,12/2/2022 2:49:42 PM,f7b46b02-bc04-42d6-a3aa-abd797948735,"(4.1, 0.8, -3.6)",
TOOL_HOVER,520955,12/2/2022 2:49:43 PM,f7b46b02-bc04-42d6-a3aa-abd797948735,Gauze,999,
TOOL_HOVER,520970,12/2/2022 2:49:43 PM,f7b46b02-bc04-42d6-a3aa-abd797948735,Gauze,999,
TOOL_HOVER,520987,12/2/2022 2:49:43 PM,f7b46b02-bc04-42d6-a3aa-abd797948735,Gauze,999,
TOOL_HOVER,521004,12/2/2022 2:49:43 PM,f7b46b02-bc04-42d6-a3aa-abd797948735,Gauze,999,
TOOL_HOVER,521020,12/2/2022 2:49:43 PM,f7b46b02-bc04-42d6-a3aa-abd797948735,Gauze,999,
TOOL_HOVER,521037,12/2/2022 2:49:43 PM,f7b46b02-bc04-42d6-a3aa-abd797948735,Gauze,999,
TOOL_HOVER,521054,12/2/2022 2:49:43 PM,f7b46b02-bc04-42d6-a3aa-abd797948735,Gauze,999,
TOOL_HOVER,521070,12/2/2022 2:49:43 PM,f7b46b02-bc04-42d6-a3aa-abd797948735,Gauze,999,
TOOL_HOVER,521088,12/2/2022 2:49:43 PM,f7b46b02-bc04-42d6-a3aa-abd797948735,Gauze,999,
TOOL_HOVER,521104,12/2/2022 2:49:43 PM,f7b46b02-bc04-42d6-a3aa-abd797948735,Gauze,999,
TOOL_HOVER,521121,12/2/2022 2:49:43 PM,f7b46b02-bc04-42d6-a3aa-abd797948735,Gauze,999,
TOOL_HOVER,521139,12/2/2022 2:49:43 PM,f7b46b02-bc04-42d6-a3aa-abd797948735,Gauze,999,
TOOL_HOVER,521154,12/2/2022 2:49:43 PM,f7b46b02-bc04-42d6-a3aa-abd797948735,Gauze,999,
TOOL_HOVER,521171,12/2/2022 2:49:43 PM,f7b46b02-bc04-42d6-a3aa-abd797948735,Gauze,999,
TOOL_HOVER,521187,12/2/2022 2:49:43 PM,f7b46b02-bc04-42d6-a3aa-abd797948735,Gauze,999,
TOOL_SELECTED,521188,12/2/2022 2:49:43 PM,f7b46b02-bc04-42d6-a3aa-abd797948735,Gauze,998,
TOOL_DISCARDED,523260,12/2/2022 2:49:45 PM,f7b46b02-bc04-42d6-a3aa-abd797948735,Gauze,998,"(4.2, 0.4, -4.7)",
TOOL_APPLIED,523261,12/2/2022 2:49:45 PM,f7b46b02-bc04-42d6-a3aa-abd797948735,Mike_4 Root,Gauze_Dressing,skinCollider_BodyCollideLOD (UnityEngine.GameObject),null,null,AppliedDressingGauze,
VOICE_CAPTURE,523644,12/2/2022 2:49:46 PM,f7b46b02-bc04-42d6-a3aa-abd797948735,cool i see a wound on him though so,NA,
TOOL_HOVER,526166,12/2/2022 2:49:48 PM,f7b46b02-bc04-42d6-a3aa-abd797948735,Gauze,999,
TOOL_HOVER,526183,12/2/2022 2:49:48 PM,f7b46b02-bc04-42d6-a3aa-abd797948735,Gauze,999,
TOOL_HOVER,526199,12/2/2022 2:49:48 PM,f7b46b02-bc04-42d6-a3aa-abd797948735,Gauze,999,
TOOL_HOVER,526216,12/2/2022 2:49:48 PM,f7b46b02-bc04-42d6-a3aa-abd797948735,Gauze,999,
TOOL_HOVER,526233,12/2/2022 2:49:48 PM,f7b46b02-bc04-42d6-a3aa-abd797948735,Gauze,999,
TOOL_HOVER,526250,12/2/2022 2:49:48 PM,f7b46b02-bc04-42d6-a3aa-abd797948735,Gauze,999,
TOOL_HOVER,526266,12/2/2022 2:49:48 PM,f7b46b02-bc04-42d6-a3aa-abd797948735,Gauze,999,
TOOL_HOVER,526285,12/2/2022 2:49:48 PM,f7b46b02-bc04-42d6-a3aa-abd797948735,Gauze,999,
TOOL_HOVER,526300,12/2/2022 2:49:48 PM,f7b46b02-bc04-42d6-a3aa-abd797948735,Gauze,999,
TOOL_HOVER,526318,12/2/2022 2:49:48 PM,f7b46b02-bc04-42d6-a3aa-abd797948735,Gauze,999,
TOOL_HOVER,526334,12/2/2022 2:49:49 PM,f7b46b02-bc04-42d6-a3aa-abd797948735,Gauze,999,
TOOL_HOVER,526350,12/2/2022 2:49:49 PM,f7b46b02-bc04-42d6-a3aa-abd797948735,Gauze,999,
TOOL_HOVER,526367,12/2/2022 2:49:49 PM,f7b46b02-bc04-42d6-a3aa-abd797948735,Gauze,999,
TOOL_HOVER,526384,12/2/2022 2:49:49 PM,f7b46b02-bc04-42d6-a3aa-abd797948735,Gauze,999,
TOOL_HOVER,526400,12/2/2022 2:49:49 PM,f7b46b02-bc04-42d6-a3aa-abd797948735,Gauze,999,
TOOL_HOVER,526417,12/2/2022 2:49:49 PM,f7b46b02-bc04-42d6-a3aa-abd797948735,Gauze,999,
TOOL_HOVER,526434,12/2/2022 2:49:49 PM,f7b46b02-bc04-42d6-a3aa-abd797948735,Gauze,999,
TOOL_HOVER,526451,12/2/2022 2:49:49 PM,f7b46b02-bc04-42d6-a3aa-abd797948735,Gauze,999,
TOOL_HOVER,526466,12/2/2022 2:49:49 PM,f7b46b02-bc04-42d6-a3aa-abd797948735,Gauze,999,
TOOL_HOVER,526484,12/2/2022 2:49:49 PM,f7b46b02-bc04-42d6-a3aa-abd797948735,Gauze,999,
TOOL_HOVER,526501,12/2/2022 2:49:49 PM,f7b46b02-bc04-42d6-a3aa-abd797948735,Gauze,999,
TOOL_SELECTED,526502,12/2/2022 2:49:49 PM,f7b46b02-bc04-42d6-a3aa-abd797948735,Gauze,998,
TOOL_DISCARDED,528355,12/2/2022 2:49:51 PM,f7b46b02-bc04-42d6-a3aa-abd797948735,Gauze,998,"(4.2, 0.4, -4.5)",
INJURY_TREATED,528356,12/2/2022 2:49:51 PM,f7b46b02-bc04-42d6-a3aa-abd797948735,R Palm Laceration,Mike_4 Root,gauzePressure,low,rightArm,True,False,"(4.2, 0.4, -4.5)",
TOOL_APPLIED,528356,12/2/2022 2:49:51 PM,f7b46b02-bc04-42d6-a3aa-abd797948735,Mike_4 Root,Gauze_Dressing,skinCollider_BodyCollideLOD (UnityEngine.GameObject),null,null,AppliedDressingGauze,
PULSE_TAKEN,530159,12/2/2022 2:49:52 PM,f7b46b02-bc04-42d6-a3aa-abd797948735,pulse_normal,Mike_4 Root,
VOICE_CAPTURE,531963,12/2/2022 2:49:54 PM,f7b46b02-bc04-42d6-a3aa-abd797948735,cool,NA,
TAG_SELECTED,533418,12/2/2022 2:49:56 PM,f7b46b02-bc04-42d6-a3aa-abd797948735,green,
BAG_CLOSED,534945,12/2/2022 2:49:57 PM,f7b46b02-bc04-42d6-a3aa-abd797948735,"(4.1, 0.8, -3.6)",
VOICE_CAPTURE,535003,12/2/2022 2:49:57 PM,f7b46b02-bc04-42d6-a3aa-abd797948735,oh yes,NA,
TAG_APPLIED,535288,12/2/2022 2:49:57 PM,f7b46b02-bc04-42d6-a3aa-abd797948735,Mike_4 Root,green,
TELEPORT,536476,12/2/2022 2:49:59 PM,f7b46b02-bc04-42d6-a3aa-abd797948735,"(4.3, 0.0, -3.8)",
TELEPORT,536980,12/2/2022 2:49:59 PM,f7b46b02-bc04-42d6-a3aa-abd797948735,"(4.2, 0.0, -4.0)",
TELEPORT,539715,12/2/2022 2:50:02 PM,f7b46b02-bc04-42d6-a3aa-abd797948735,"(4.5, 0.0, -3.2)",
VOICE_CAPTURE,540396,12/2/2022 2:50:03 PM,f7b46b02-bc04-42d6-a3aa-abd797948735,alright i think,NA,
TELEPORT,542208,12/2/2022 2:50:04 PM,f7b46b02-bc04-42d6-a3aa-abd797948735,"(3.6, 0.0, -2.4)",
VOICE_CAPTURE,542759,12/2/2022 2:50:05 PM,f7b46b02-bc04-42d6-a3aa-abd797948735,that is,NA,
VOICE_CAPTURE,546816,12/2/2022 2:50:09 PM,f7b46b02-bc04-42d6-a3aa-abd797948735,oh i didn't triage tag,NA,
TELEPORT,547470,12/2/2022 2:50:10 PM,f7b46b02-bc04-42d6-a3aa-abd797948735,"(2.7, 0.0, 0.1)",
VOICE_CAPTURE,548739,12/2/2022 2:50:11 PM,f7b46b02-bc04-42d6-a3aa-abd797948735,i did OK,NA,
TELEPORT,552662,12/2/2022 2:50:15 PM,f7b46b02-bc04-42d6-a3aa-abd797948735,"(4.0, 0.0, -1.7)",
VOICE_CAPTURE,552981,12/2/2022 2:50:15 PM,f7b46b02-bc04-42d6-a3aa-abd797948735,i think i've hacked everybody so,NA,
TELEPORT,553265,12/2/2022 2:50:15 PM,f7b46b02-bc04-42d6-a3aa-abd797948735,"(4.3, 0.0, -2.1)",
SESSION_END,558863,12/2/2022 2:50:21 PM,f7b46b02-bc04-42d6-a3aa-abd797948735,
VOICE_CAPTURE,562154,12/2/2022 2:50:24 PM,f7b46b02-bc04-42d6-a3aa-abd797948735,it's pretty cool man,NA,
