VOICE_CAPTURE,5309,12/8/2022 12:30:50 PM,febe5095-fc63-4c86-8150-aafd449f696b,god just scared me,NA,
VOICE_CAPTURE,8817,12/8/2022 12:30:53 PM,febe5095-fc63-4c86-8150-aafd449f696b,just turn and look around,NA,
VOICE_CAPTURE,13594,12/8/2022 12:30:58 PM,febe5095-fc63-4c86-8150-aafd449f696b,i can kind of turn around yeah that's pretty cool,NA,
VOICE_CAPTURE,19743,12/8/2022 12:31:04 PM,febe5095-fc63-4c86-8150-aafd449f696b,so you can walk up to him or you can go up to him and then walk around,NA,
VOICE_COMMAND,19743,12/8/2022 12:31:04 PM,febe5095-fc63-4c86-8150-aafd449f696b,walk to the safe area,so you can walk up to him or you can go up to him and then walk around,
S_A_L_T_WALK_IF_CAN,19744,12/8/2022 12:31:04 PM,febe5095-fc63-4c86-8150-aafd449f696b,"(3.2, 0.0, -1.0)",walkIfCan,Mike Root,
S_A_L_T_WALKED,19745,12/8/2022 12:31:04 PM,febe5095-fc63-4c86-8150-aafd449f696b,"(3.2, 0.0, -1.0)",walked,Mike Root,
VOICE_CAPTURE,23493,12/8/2022 12:31:08 PM,febe5095-fc63-4c86-8150-aafd449f696b,this is where i wanna show you how to move with the different ways OK,NA,
VOICE_CAPTURE,27587,12/8/2022 12:31:12 PM,febe5095-fc63-4c86-8150-aafd449f696b,i said the word yeah interesting,NA,
VOICE_CAPTURE,29277,12/8/2022 12:31:14 PM,febe5095-fc63-4c86-8150-aafd449f696b,yeah,NA,
VOICE_CAPTURE,33601,12/8/2022 12:31:18 PM,febe5095-fc63-4c86-8150-aafd449f696b,what's your name,NA,
VOICE_COMMAND,33601,12/8/2022 12:31:18 PM,febe5095-fc63-4c86-8150-aafd449f696b,what is your name,what's your name,
VOICE_CAPTURE,36476,12/8/2022 12:31:21 PM,febe5095-fc63-4c86-8150-aafd449f696b,can you walk towards me,NA,
VOICE_COMMAND,36476,12/8/2022 12:31:21 PM,febe5095-fc63-4c86-8150-aafd449f696b,walk to the safe area,can you walk towards me,
VOICE_COMMAND,36476,12/8/2022 12:31:21 PM,febe5095-fc63-4c86-8150-aafd449f696b,walk to player,can you walk towards me,
VOICE_CAPTURE,46500,12/8/2022 12:31:31 PM,febe5095-fc63-4c86-8150-aafd449f696b,do you have to talk to him OK OK,NA,
VOICE_CAPTURE,50862,12/8/2022 12:31:35 PM,febe5095-fc63-4c86-8150-aafd449f696b,or are you,NA,
VOICE_CAPTURE,53853,12/8/2022 12:31:38 PM,febe5095-fc63-4c86-8150-aafd449f696b,oh god,NA,
TELEPORT,55707,12/8/2022 12:31:40 PM,febe5095-fc63-4c86-8150-aafd449f696b,"(1.9, 0.0, 1.2)",
VOICE_CAPTURE,59417,12/8/2022 12:31:44 PM,febe5095-fc63-4c86-8150-aafd449f696b,so go ahead and use this uh huh,NA,
VOICE_CAPTURE,61388,12/8/2022 12:31:46 PM,febe5095-fc63-4c86-8150-aafd449f696b,oh yeah,NA,
VOICE_CAPTURE,64880,12/8/2022 12:31:49 PM,febe5095-fc63-4c86-8150-aafd449f696b,OK oh,NA,
PATIENT_ENGAGED,66234,12/8/2022 12:31:51 PM,febe5095-fc63-4c86-8150-aafd449f696b,100,128,Mike Root,"(4.6, 0.0, -4.6)","(0.0, 0.3, 0.0, -1.0)",MINIMAL,walker,normal,normal,normal,calm,standing,
VOICE_CAPTURE,66901,12/8/2022 12:31:51 PM,febe5095-fc63-4c86-8150-aafd449f696b,oh,NA,
TELEPORT,68539,12/8/2022 12:31:53 PM,febe5095-fc63-4c86-8150-aafd449f696b,"(3.9, 0.0, -4.1)",
VOICE_CAPTURE,69624,12/8/2022 12:31:54 PM,febe5095-fc63-4c86-8150-aafd449f696b,that is so weird,NA,
TELEPORT,71146,12/8/2022 12:31:56 PM,febe5095-fc63-4c86-8150-aafd449f696b,"(3.6, 0.0, -3.2)",
TELEPORT,71815,12/8/2022 12:31:56 PM,febe5095-fc63-4c86-8150-aafd449f696b,"(3.6, 0.0, -3.3)",
VOICE_CAPTURE,75464,12/8/2022 12:32:00 PM,febe5095-fc63-4c86-8150-aafd449f696b,yeah OK so i can like back up,NA,
VOICE_CAPTURE,79592,12/8/2022 12:32:04 PM,febe5095-fc63-4c86-8150-aafd449f696b,OK,NA,
TELEPORT,83234,12/8/2022 12:32:08 PM,febe5095-fc63-4c86-8150-aafd449f696b,"(3.7, 0.0, -3.4)",
TELEPORT,83854,12/8/2022 12:32:08 PM,febe5095-fc63-4c86-8150-aafd449f696b,"(3.8, 0.0, -3.6)",
TELEPORT,84640,12/8/2022 12:32:09 PM,febe5095-fc63-4c86-8150-aafd449f696b,"(3.9, 0.0, -3.8)",
VOICE_CAPTURE,85423,12/8/2022 12:32:10 PM,febe5095-fc63-4c86-8150-aafd449f696b,now go ahead and,NA,
VOICE_CAPTURE,88547,12/8/2022 12:32:13 PM,febe5095-fc63-4c86-8150-aafd449f696b,and reach out and grab first,NA,
PULSE_TAKEN,92130,12/8/2022 12:32:17 PM,febe5095-fc63-4c86-8150-aafd449f696b,pulse_normal,Mike Root,
VOICE_CAPTURE,92247,12/8/2022 12:32:17 PM,febe5095-fc63-4c86-8150-aafd449f696b,oh oh,NA,
PULSE_TAKEN,94185,12/8/2022 12:32:19 PM,febe5095-fc63-4c86-8150-aafd449f696b,pulse_normal,Mike Root,
PULSE_TAKEN,98613,12/8/2022 12:32:23 PM,febe5095-fc63-4c86-8150-aafd449f696b,pulse_normal,Mike Root,
PULSE_TAKEN,100150,12/8/2022 12:32:25 PM,febe5095-fc63-4c86-8150-aafd449f696b,pulse_normal,Mike Root,
PULSE_TAKEN,102306,12/8/2022 12:32:27 PM,febe5095-fc63-4c86-8150-aafd449f696b,pulse_normal,Mike Root,
VOICE_CAPTURE,104010,12/8/2022 12:32:28 PM,febe5095-fc63-4c86-8150-aafd449f696b,OK and then is that what the vibrating is OK,NA,
PULSE_TAKEN,106651,12/8/2022 12:32:31 PM,febe5095-fc63-4c86-8150-aafd449f696b,pulse_normal,Mike Root,
PULSE_TAKEN,106968,12/8/2022 12:32:31 PM,febe5095-fc63-4c86-8150-aafd449f696b,pulse_normal,Mike Root,
VOICE_CAPTURE,122899,12/8/2022 12:32:47 PM,febe5095-fc63-4c86-8150-aafd449f696b,alright,NA,
VOICE_CAPTURE,129615,12/8/2022 12:32:54 PM,febe5095-fc63-4c86-8150-aafd449f696b,OK,NA,
VOICE_CAPTURE,132171,12/8/2022 12:32:57 PM,febe5095-fc63-4c86-8150-aafd449f696b,OK now you're holding on the trigger,NA,
BAG_ACCESS,133310,12/8/2022 12:32:58 PM,febe5095-fc63-4c86-8150-aafd449f696b,"(4.3, 0.6, -4.0)",
VOICE_CAPTURE,135629,12/8/2022 12:33:00 PM,febe5095-fc63-4c86-8150-aafd449f696b,put this anywhere in the world you want OK,NA,
TAG_SELECTED,138189,12/8/2022 12:33:03 PM,febe5095-fc63-4c86-8150-aafd449f696b,red,
VOICE_CAPTURE,139056,12/8/2022 12:33:03 PM,febe5095-fc63-4c86-8150-aafd449f696b,oh OK,NA,
TAG_DISCARDED,139458,12/8/2022 12:33:04 PM,febe5095-fc63-4c86-8150-aafd449f696b,red,"(4.1, 1.3, -4.5)",
VOICE_CAPTURE,145538,12/8/2022 12:33:10 PM,febe5095-fc63-4c86-8150-aafd449f696b,and then pull it down,NA,
VOICE_CAPTURE,150333,12/8/2022 12:33:15 PM,febe5095-fc63-4c86-8150-aafd449f696b,no it's OK,NA,
VOICE_CAPTURE,154293,12/8/2022 12:33:19 PM,febe5095-fc63-4c86-8150-aafd449f696b,different things,NA,
TOOL_HOVER,155279,12/8/2022 12:33:20 PM,febe5095-fc63-4c86-8150-aafd449f696b,Gauze,999,
TOOL_HOVER,155295,12/8/2022 12:33:20 PM,febe5095-fc63-4c86-8150-aafd449f696b,Gauze,999,
TOOL_HOVER,155312,12/8/2022 12:33:20 PM,febe5095-fc63-4c86-8150-aafd449f696b,Gauze,999,
TOOL_HOVER,155330,12/8/2022 12:33:20 PM,febe5095-fc63-4c86-8150-aafd449f696b,Gauze,999,
TOOL_HOVER,155345,12/8/2022 12:33:20 PM,febe5095-fc63-4c86-8150-aafd449f696b,Gauze,999,
TOOL_HOVER,155365,12/8/2022 12:33:20 PM,febe5095-fc63-4c86-8150-aafd449f696b,Gauze,999,
TOOL_HOVER,155379,12/8/2022 12:33:20 PM,febe5095-fc63-4c86-8150-aafd449f696b,Gauze,999,
TOOL_HOVER,155396,12/8/2022 12:33:20 PM,febe5095-fc63-4c86-8150-aafd449f696b,Gauze,999,
TOOL_HOVER,155412,12/8/2022 12:33:20 PM,febe5095-fc63-4c86-8150-aafd449f696b,Gauze,999,
TOOL_HOVER,155431,12/8/2022 12:33:20 PM,febe5095-fc63-4c86-8150-aafd449f696b,Gauze,999,
TOOL_HOVER,155445,12/8/2022 12:33:20 PM,febe5095-fc63-4c86-8150-aafd449f696b,Gauze,999,
TOOL_HOVER,155464,12/8/2022 12:33:20 PM,febe5095-fc63-4c86-8150-aafd449f696b,Gauze,999,
TOOL_HOVER,155479,12/8/2022 12:33:20 PM,febe5095-fc63-4c86-8150-aafd449f696b,Gauze,999,
TOOL_HOVER,155496,12/8/2022 12:33:20 PM,febe5095-fc63-4c86-8150-aafd449f696b,Gauze,999,
TOOL_HOVER,155513,12/8/2022 12:33:20 PM,febe5095-fc63-4c86-8150-aafd449f696b,Gauze,999,
TOOL_HOVER,155530,12/8/2022 12:33:20 PM,febe5095-fc63-4c86-8150-aafd449f696b,Gauze,999,
TOOL_HOVER,155547,12/8/2022 12:33:20 PM,febe5095-fc63-4c86-8150-aafd449f696b,Gauze,999,
TOOL_HOVER,155564,12/8/2022 12:33:20 PM,febe5095-fc63-4c86-8150-aafd449f696b,Gauze,999,
TOOL_HOVER,155580,12/8/2022 12:33:20 PM,febe5095-fc63-4c86-8150-aafd449f696b,Gauze,999,
TOOL_HOVER,155596,12/8/2022 12:33:20 PM,febe5095-fc63-4c86-8150-aafd449f696b,Gauze,999,
TOOL_HOVER,155613,12/8/2022 12:33:20 PM,febe5095-fc63-4c86-8150-aafd449f696b,Gauze,999,
TOOL_HOVER,155630,12/8/2022 12:33:20 PM,febe5095-fc63-4c86-8150-aafd449f696b,Gauze,999,
TOOL_HOVER,155647,12/8/2022 12:33:20 PM,febe5095-fc63-4c86-8150-aafd449f696b,Gauze,999,
TOOL_HOVER,155665,12/8/2022 12:33:20 PM,febe5095-fc63-4c86-8150-aafd449f696b,Gauze,999,
TOOL_HOVER,155680,12/8/2022 12:33:20 PM,febe5095-fc63-4c86-8150-aafd449f696b,Gauze,999,
TOOL_HOVER,155696,12/8/2022 12:33:20 PM,febe5095-fc63-4c86-8150-aafd449f696b,Gauze,999,
TOOL_HOVER,155714,12/8/2022 12:33:20 PM,febe5095-fc63-4c86-8150-aafd449f696b,Gauze,999,
TOOL_HOVER,155730,12/8/2022 12:33:20 PM,febe5095-fc63-4c86-8150-aafd449f696b,Gauze,999,
TOOL_HOVER,155747,12/8/2022 12:33:20 PM,febe5095-fc63-4c86-8150-aafd449f696b,Gauze,999,
TOOL_HOVER,155764,12/8/2022 12:33:20 PM,febe5095-fc63-4c86-8150-aafd449f696b,Gauze,999,
TOOL_HOVER,155780,12/8/2022 12:33:20 PM,febe5095-fc63-4c86-8150-aafd449f696b,Gauze,999,
TOOL_HOVER,155797,12/8/2022 12:33:20 PM,febe5095-fc63-4c86-8150-aafd449f696b,Gauze,999,
TOOL_HOVER,155814,12/8/2022 12:33:20 PM,febe5095-fc63-4c86-8150-aafd449f696b,Gauze,999,
VOICE_CAPTURE,155831,12/8/2022 12:33:20 PM,febe5095-fc63-4c86-8150-aafd449f696b,on the left,NA,
TOOL_HOVER,155831,12/8/2022 12:33:20 PM,febe5095-fc63-4c86-8150-aafd449f696b,Gauze,999,
TOOL_HOVER,155848,12/8/2022 12:33:20 PM,febe5095-fc63-4c86-8150-aafd449f696b,Gauze,999,
TOOL_HOVER,155865,12/8/2022 12:33:20 PM,febe5095-fc63-4c86-8150-aafd449f696b,Gauze,999,
TOOL_HOVER,155881,12/8/2022 12:33:20 PM,febe5095-fc63-4c86-8150-aafd449f696b,Gauze,999,
TOOL_HOVER,155897,12/8/2022 12:33:20 PM,febe5095-fc63-4c86-8150-aafd449f696b,Gauze,999,
TOOL_HOVER,155918,12/8/2022 12:33:20 PM,febe5095-fc63-4c86-8150-aafd449f696b,Gauze,999,
TOOL_HOVER,155930,12/8/2022 12:33:20 PM,febe5095-fc63-4c86-8150-aafd449f696b,Gauze,999,
TOOL_HOVER,155948,12/8/2022 12:33:20 PM,febe5095-fc63-4c86-8150-aafd449f696b,Gauze,999,
TOOL_HOVER,155965,12/8/2022 12:33:20 PM,febe5095-fc63-4c86-8150-aafd449f696b,Gauze,999,
TOOL_HOVER,155981,12/8/2022 12:33:20 PM,febe5095-fc63-4c86-8150-aafd449f696b,Gauze,999,
TOOL_HOVER,155998,12/8/2022 12:33:20 PM,febe5095-fc63-4c86-8150-aafd449f696b,Gauze,999,
TOOL_HOVER,156015,12/8/2022 12:33:20 PM,febe5095-fc63-4c86-8150-aafd449f696b,Gauze,999,
TOOL_HOVER,156031,12/8/2022 12:33:20 PM,febe5095-fc63-4c86-8150-aafd449f696b,Gauze,999,
TOOL_HOVER,156047,12/8/2022 12:33:20 PM,febe5095-fc63-4c86-8150-aafd449f696b,Gauze,999,
TOOL_HOVER,156064,12/8/2022 12:33:20 PM,febe5095-fc63-4c86-8150-aafd449f696b,Gauze,999,
TOOL_HOVER,156080,12/8/2022 12:33:20 PM,febe5095-fc63-4c86-8150-aafd449f696b,Gauze,999,
TOOL_HOVER,156097,12/8/2022 12:33:20 PM,febe5095-fc63-4c86-8150-aafd449f696b,Gauze,999,
TOOL_HOVER,156114,12/8/2022 12:33:20 PM,febe5095-fc63-4c86-8150-aafd449f696b,Gauze,999,
TOOL_HOVER,156131,12/8/2022 12:33:21 PM,febe5095-fc63-4c86-8150-aafd449f696b,Gauze,999,
TOOL_HOVER,156148,12/8/2022 12:33:21 PM,febe5095-fc63-4c86-8150-aafd449f696b,Gauze,999,
TOOL_HOVER,156164,12/8/2022 12:33:21 PM,febe5095-fc63-4c86-8150-aafd449f696b,Gauze,999,
TOOL_HOVER,156181,12/8/2022 12:33:21 PM,febe5095-fc63-4c86-8150-aafd449f696b,Gauze,999,
TOOL_HOVER,156198,12/8/2022 12:33:21 PM,febe5095-fc63-4c86-8150-aafd449f696b,Gauze,999,
TOOL_HOVER,156213,12/8/2022 12:33:21 PM,febe5095-fc63-4c86-8150-aafd449f696b,Gauze,999,
TOOL_HOVER,156231,12/8/2022 12:33:21 PM,febe5095-fc63-4c86-8150-aafd449f696b,Gauze,999,
TOOL_HOVER,156248,12/8/2022 12:33:21 PM,febe5095-fc63-4c86-8150-aafd449f696b,Gauze,999,
TOOL_HOVER,156265,12/8/2022 12:33:21 PM,febe5095-fc63-4c86-8150-aafd449f696b,Gauze,999,
TOOL_HOVER,156281,12/8/2022 12:33:21 PM,febe5095-fc63-4c86-8150-aafd449f696b,Gauze,999,
TOOL_HOVER,156298,12/8/2022 12:33:21 PM,febe5095-fc63-4c86-8150-aafd449f696b,Gauze,999,
TOOL_HOVER,156314,12/8/2022 12:33:21 PM,febe5095-fc63-4c86-8150-aafd449f696b,Gauze,999,
TOOL_HOVER,156332,12/8/2022 12:33:21 PM,febe5095-fc63-4c86-8150-aafd449f696b,Gauze,999,
TOOL_HOVER,156348,12/8/2022 12:33:21 PM,febe5095-fc63-4c86-8150-aafd449f696b,Gauze,999,
TOOL_HOVER,156365,12/8/2022 12:33:21 PM,febe5095-fc63-4c86-8150-aafd449f696b,Gauze,999,
TOOL_HOVER,156382,12/8/2022 12:33:21 PM,febe5095-fc63-4c86-8150-aafd449f696b,Gauze,999,
TOOL_HOVER,156398,12/8/2022 12:33:21 PM,febe5095-fc63-4c86-8150-aafd449f696b,Gauze,999,
TOOL_HOVER,156415,12/8/2022 12:33:21 PM,febe5095-fc63-4c86-8150-aafd449f696b,Gauze,999,
TOOL_HOVER,156433,12/8/2022 12:33:21 PM,febe5095-fc63-4c86-8150-aafd449f696b,Gauze,999,
TOOL_HOVER,156449,12/8/2022 12:33:21 PM,febe5095-fc63-4c86-8150-aafd449f696b,Gauze,999,
TOOL_HOVER,156465,12/8/2022 12:33:21 PM,febe5095-fc63-4c86-8150-aafd449f696b,Gauze,999,
TOOL_HOVER,156484,12/8/2022 12:33:21 PM,febe5095-fc63-4c86-8150-aafd449f696b,Gauze,999,
TOOL_HOVER,156499,12/8/2022 12:33:21 PM,febe5095-fc63-4c86-8150-aafd449f696b,Gauze,999,
TOOL_HOVER,156516,12/8/2022 12:33:21 PM,febe5095-fc63-4c86-8150-aafd449f696b,Gauze,999,
TOOL_HOVER,156532,12/8/2022 12:33:21 PM,febe5095-fc63-4c86-8150-aafd449f696b,Gauze,999,
TOOL_HOVER,156548,12/8/2022 12:33:21 PM,febe5095-fc63-4c86-8150-aafd449f696b,Gauze,999,
TOOL_HOVER,156566,12/8/2022 12:33:21 PM,febe5095-fc63-4c86-8150-aafd449f696b,Gauze,999,
TOOL_HOVER,156583,12/8/2022 12:33:21 PM,febe5095-fc63-4c86-8150-aafd449f696b,Gauze,999,
TOOL_HOVER,156599,12/8/2022 12:33:21 PM,febe5095-fc63-4c86-8150-aafd449f696b,Gauze,999,
TOOL_HOVER,156615,12/8/2022 12:33:21 PM,febe5095-fc63-4c86-8150-aafd449f696b,Gauze,999,
TOOL_HOVER,156632,12/8/2022 12:33:21 PM,febe5095-fc63-4c86-8150-aafd449f696b,Gauze,999,
TOOL_HOVER,156649,12/8/2022 12:33:21 PM,febe5095-fc63-4c86-8150-aafd449f696b,Gauze,999,
TOOL_HOVER,156666,12/8/2022 12:33:21 PM,febe5095-fc63-4c86-8150-aafd449f696b,Gauze,999,
TOOL_HOVER,156685,12/8/2022 12:33:21 PM,febe5095-fc63-4c86-8150-aafd449f696b,Gauze,999,
TOOL_HOVER,156699,12/8/2022 12:33:21 PM,febe5095-fc63-4c86-8150-aafd449f696b,Gauze,999,
TOOL_HOVER,156716,12/8/2022 12:33:21 PM,febe5095-fc63-4c86-8150-aafd449f696b,Gauze,999,
TOOL_HOVER,156733,12/8/2022 12:33:21 PM,febe5095-fc63-4c86-8150-aafd449f696b,Gauze,999,
TOOL_HOVER,156750,12/8/2022 12:33:21 PM,febe5095-fc63-4c86-8150-aafd449f696b,Gauze,999,
TOOL_HOVER,156766,12/8/2022 12:33:21 PM,febe5095-fc63-4c86-8150-aafd449f696b,Gauze,999,
TOOL_HOVER,156784,12/8/2022 12:33:21 PM,febe5095-fc63-4c86-8150-aafd449f696b,Gauze,999,
TOOL_HOVER,156799,12/8/2022 12:33:21 PM,febe5095-fc63-4c86-8150-aafd449f696b,Gauze,999,
TOOL_SELECTED,156802,12/8/2022 12:33:21 PM,febe5095-fc63-4c86-8150-aafd449f696b,Gauze,998,
VOICE_CAPTURE,157785,12/8/2022 12:33:22 PM,febe5095-fc63-4c86-8150-aafd449f696b,yeah,NA,
VOICE_CAPTURE,163032,12/8/2022 12:33:27 PM,febe5095-fc63-4c86-8150-aafd449f696b,that would be on like lacerations,NA,
TOOL_DISCARDED,164085,12/8/2022 12:33:28 PM,febe5095-fc63-4c86-8150-aafd449f696b,Gauze,998,"(4.0, 1.0, -4.5)",
TOOL_DISCARDED,164085,12/8/2022 12:33:28 PM,febe5095-fc63-4c86-8150-aafd449f696b,Gauze,999,"(4.0, 1.0, -4.5)",
VOICE_CAPTURE,165621,12/8/2022 12:33:30 PM,febe5095-fc63-4c86-8150-aafd449f696b,can i put that in there,NA,
TOOL_HOVER,167693,12/8/2022 12:33:32 PM,febe5095-fc63-4c86-8150-aafd449f696b,Tourniquet,999,
TOOL_HOVER,167710,12/8/2022 12:33:32 PM,febe5095-fc63-4c86-8150-aafd449f696b,Tourniquet,999,
TOOL_HOVER,167728,12/8/2022 12:33:32 PM,febe5095-fc63-4c86-8150-aafd449f696b,Tourniquet,999,
TOOL_SELECTED,167729,12/8/2022 12:33:32 PM,febe5095-fc63-4c86-8150-aafd449f696b,Tourniquet,998,
VOICE_CAPTURE,168962,12/8/2022 12:33:33 PM,febe5095-fc63-4c86-8150-aafd449f696b,OK OK,NA,
VOICE_CAPTURE,176032,12/8/2022 12:33:40 PM,febe5095-fc63-4c86-8150-aafd449f696b,it turns into a circle OK,NA,
TOOL_APPLIED,177871,12/8/2022 12:33:42 PM,febe5095-fc63-4c86-8150-aafd449f696b,Mike Root,Tourniquet,LeftArm (UnityEngine.GameObject),tor_ring (1) (UnityEngine.GameObject),tourniquet(Clone) (UnityEngine.GameObject),AppliedTourniquet,
VOICE_CAPTURE,180189,12/8/2022 12:33:45 PM,febe5095-fc63-4c86-8150-aafd449f696b,and it stops there,NA,
VOICE_CAPTURE,186258,12/8/2022 12:33:51 PM,febe5095-fc63-4c86-8150-aafd449f696b,it's turning red because of course this guy doesn't have an injury OK alright,NA,
TOOL_HOVER,190385,12/8/2022 12:33:55 PM,febe5095-fc63-4c86-8150-aafd449f696b,Hemostatic Gauze,999,
TOOL_HOVER,190399,12/8/2022 12:33:55 PM,febe5095-fc63-4c86-8150-aafd449f696b,Hemostatic Gauze,999,
TOOL_HOVER,190416,12/8/2022 12:33:55 PM,febe5095-fc63-4c86-8150-aafd449f696b,Hemostatic Gauze,999,
TOOL_HOVER,190434,12/8/2022 12:33:55 PM,febe5095-fc63-4c86-8150-aafd449f696b,Hemostatic Gauze,999,
TOOL_HOVER,190452,12/8/2022 12:33:55 PM,febe5095-fc63-4c86-8150-aafd449f696b,Hemostatic Gauze,999,
TOOL_HOVER,190466,12/8/2022 12:33:55 PM,febe5095-fc63-4c86-8150-aafd449f696b,Hemostatic Gauze,999,
TOOL_HOVER,190483,12/8/2022 12:33:55 PM,febe5095-fc63-4c86-8150-aafd449f696b,Hemostatic Gauze,999,
TOOL_HOVER,190500,12/8/2022 12:33:55 PM,febe5095-fc63-4c86-8150-aafd449f696b,Hemostatic Gauze,999,
TOOL_HOVER,190516,12/8/2022 12:33:55 PM,febe5095-fc63-4c86-8150-aafd449f696b,Hemostatic Gauze,999,
TOOL_HOVER,190533,12/8/2022 12:33:55 PM,febe5095-fc63-4c86-8150-aafd449f696b,Hemostatic Gauze,999,
TOOL_HOVER,190550,12/8/2022 12:33:55 PM,febe5095-fc63-4c86-8150-aafd449f696b,Hemostatic Gauze,999,
TOOL_HOVER,190567,12/8/2022 12:33:55 PM,febe5095-fc63-4c86-8150-aafd449f696b,Hemostatic Gauze,999,
TOOL_HOVER,190583,12/8/2022 12:33:55 PM,febe5095-fc63-4c86-8150-aafd449f696b,Hemostatic Gauze,999,
TOOL_HOVER,190600,12/8/2022 12:33:55 PM,febe5095-fc63-4c86-8150-aafd449f696b,Hemostatic Gauze,999,
TOOL_HOVER,190617,12/8/2022 12:33:55 PM,febe5095-fc63-4c86-8150-aafd449f696b,Hemostatic Gauze,999,
TOOL_HOVER,190633,12/8/2022 12:33:55 PM,febe5095-fc63-4c86-8150-aafd449f696b,Hemostatic Gauze,999,
TOOL_HOVER,190650,12/8/2022 12:33:55 PM,febe5095-fc63-4c86-8150-aafd449f696b,Hemostatic Gauze,999,
TOOL_HOVER,190670,12/8/2022 12:33:55 PM,febe5095-fc63-4c86-8150-aafd449f696b,Hemostatic Gauze,999,
TOOL_HOVER,190683,12/8/2022 12:33:55 PM,febe5095-fc63-4c86-8150-aafd449f696b,Hemostatic Gauze,999,
TOOL_HOVER,190700,12/8/2022 12:33:55 PM,febe5095-fc63-4c86-8150-aafd449f696b,Hemostatic Gauze,999,
TOOL_HOVER,190717,12/8/2022 12:33:55 PM,febe5095-fc63-4c86-8150-aafd449f696b,Hemostatic Gauze,999,
TOOL_HOVER,190732,12/8/2022 12:33:55 PM,febe5095-fc63-4c86-8150-aafd449f696b,Hemostatic Gauze,999,
TOOL_HOVER,190750,12/8/2022 12:33:55 PM,febe5095-fc63-4c86-8150-aafd449f696b,Hemostatic Gauze,999,
TOOL_HOVER,190767,12/8/2022 12:33:55 PM,febe5095-fc63-4c86-8150-aafd449f696b,Hemostatic Gauze,999,
TOOL_HOVER,190784,12/8/2022 12:33:55 PM,febe5095-fc63-4c86-8150-aafd449f696b,Needle,999,
TOOL_HOVER,190803,12/8/2022 12:33:55 PM,febe5095-fc63-4c86-8150-aafd449f696b,Needle,999,
TOOL_HOVER,190816,12/8/2022 12:33:55 PM,febe5095-fc63-4c86-8150-aafd449f696b,Needle,999,
TOOL_HOVER,190833,12/8/2022 12:33:55 PM,febe5095-fc63-4c86-8150-aafd449f696b,Needle,999,
TOOL_HOVER,190851,12/8/2022 12:33:55 PM,febe5095-fc63-4c86-8150-aafd449f696b,Needle,999,
TOOL_HOVER,190867,12/8/2022 12:33:55 PM,febe5095-fc63-4c86-8150-aafd449f696b,Needle,999,
TOOL_HOVER,190884,12/8/2022 12:33:55 PM,febe5095-fc63-4c86-8150-aafd449f696b,Needle,999,
TOOL_HOVER,190900,12/8/2022 12:33:55 PM,febe5095-fc63-4c86-8150-aafd449f696b,Needle,999,
TOOL_HOVER,190917,12/8/2022 12:33:55 PM,febe5095-fc63-4c86-8150-aafd449f696b,Needle,999,
TOOL_SELECTED,190918,12/8/2022 12:33:55 PM,febe5095-fc63-4c86-8150-aafd449f696b,Needle,998,
VOICE_CAPTURE,192270,12/8/2022 12:33:57 PM,febe5095-fc63-4c86-8150-aafd449f696b,OK,NA,
VOICE_CAPTURE,197933,12/8/2022 12:34:02 PM,febe5095-fc63-4c86-8150-aafd449f696b,stick it in his chest,NA,
TOOL_APPLIED,200009,12/8/2022 12:34:04 PM,febe5095-fc63-4c86-8150-aafd449f696b,Needle_Decomp(Clone),Needle,LChest_Breathe1 (UnityEngine.GameObject),cath_needle (UnityEngine.GameObject),left_chest,Needle_Decomp(Clone) (UnityEngine.GameObject),AppliedDecompNeedle,
VOICE_CAPTURE,201794,12/8/2022 12:34:06 PM,febe5095-fc63-4c86-8150-aafd449f696b,oh there we go,NA,
VOICE_CAPTURE,205554,12/8/2022 12:34:10 PM,febe5095-fc63-4c86-8150-aafd449f696b,OK,NA,
VOICE_CAPTURE,209161,12/8/2022 12:34:14 PM,febe5095-fc63-4c86-8150-aafd449f696b,she's looking at it OK he's like what the heck,NA,
VOICE_CAPTURE,210551,12/8/2022 12:34:15 PM,febe5095-fc63-4c86-8150-aafd449f696b,OK,NA,
TOOL_HOVER,211384,12/8/2022 12:34:16 PM,febe5095-fc63-4c86-8150-aafd449f696b,Hemostatic Gauze,999,
TOOL_HOVER,211400,12/8/2022 12:34:16 PM,febe5095-fc63-4c86-8150-aafd449f696b,Hemostatic Gauze,999,
TOOL_HOVER,211419,12/8/2022 12:34:16 PM,febe5095-fc63-4c86-8150-aafd449f696b,Hemostatic Gauze,999,
TOOL_HOVER,211434,12/8/2022 12:34:16 PM,febe5095-fc63-4c86-8150-aafd449f696b,Hemostatic Gauze,999,
TOOL_HOVER,211451,12/8/2022 12:34:16 PM,febe5095-fc63-4c86-8150-aafd449f696b,Hemostatic Gauze,999,
TOOL_HOVER,211468,12/8/2022 12:34:16 PM,febe5095-fc63-4c86-8150-aafd449f696b,Hemostatic Gauze,999,
TOOL_HOVER,211484,12/8/2022 12:34:16 PM,febe5095-fc63-4c86-8150-aafd449f696b,Hemostatic Gauze,999,
TOOL_HOVER,211502,12/8/2022 12:34:16 PM,febe5095-fc63-4c86-8150-aafd449f696b,Hemostatic Gauze,999,
TOOL_HOVER,211518,12/8/2022 12:34:16 PM,febe5095-fc63-4c86-8150-aafd449f696b,Hemostatic Gauze,999,
TOOL_HOVER,211535,12/8/2022 12:34:16 PM,febe5095-fc63-4c86-8150-aafd449f696b,Hemostatic Gauze,999,
TOOL_HOVER,211551,12/8/2022 12:34:16 PM,febe5095-fc63-4c86-8150-aafd449f696b,Hemostatic Gauze,999,
TOOL_HOVER,211568,12/8/2022 12:34:16 PM,febe5095-fc63-4c86-8150-aafd449f696b,Hemostatic Gauze,999,
TOOL_HOVER,211585,12/8/2022 12:34:16 PM,febe5095-fc63-4c86-8150-aafd449f696b,Hemostatic Gauze,999,
TOOL_HOVER,211602,12/8/2022 12:34:16 PM,febe5095-fc63-4c86-8150-aafd449f696b,Hemostatic Gauze,999,
TOOL_HOVER,211618,12/8/2022 12:34:16 PM,febe5095-fc63-4c86-8150-aafd449f696b,Hemostatic Gauze,999,
TOOL_HOVER,211634,12/8/2022 12:34:16 PM,febe5095-fc63-4c86-8150-aafd449f696b,Hemostatic Gauze,999,
TOOL_HOVER,211652,12/8/2022 12:34:16 PM,febe5095-fc63-4c86-8150-aafd449f696b,Hemostatic Gauze,999,
TOOL_HOVER,211668,12/8/2022 12:34:16 PM,febe5095-fc63-4c86-8150-aafd449f696b,Hemostatic Gauze,999,
TOOL_HOVER,211686,12/8/2022 12:34:16 PM,febe5095-fc63-4c86-8150-aafd449f696b,Hemostatic Gauze,999,
TOOL_HOVER,211703,12/8/2022 12:34:16 PM,febe5095-fc63-4c86-8150-aafd449f696b,Hemostatic Gauze,999,
TOOL_HOVER,211718,12/8/2022 12:34:16 PM,febe5095-fc63-4c86-8150-aafd449f696b,Hemostatic Gauze,999,
TOOL_SELECTED,211719,12/8/2022 12:34:16 PM,febe5095-fc63-4c86-8150-aafd449f696b,Hemostatic Gauze,998,
VOICE_CAPTURE,218370,12/8/2022 12:34:23 PM,febe5095-fc63-4c86-8150-aafd449f696b,uh huh,NA,
VOICE_CAPTURE,227073,12/8/2022 12:34:31 PM,febe5095-fc63-4c86-8150-aafd449f696b,you're just gonna go OK,NA,
VOICE_CAPTURE,234743,12/8/2022 12:34:39 PM,febe5095-fc63-4c86-8150-aafd449f696b,yeah OK,NA,
TOOL_DISCARDED,235010,12/8/2022 12:34:39 PM,febe5095-fc63-4c86-8150-aafd449f696b,Hemostatic Gauze,998,"(3.8, 1.2, -4.4)",
TOOL_DISCARDED,235010,12/8/2022 12:34:39 PM,febe5095-fc63-4c86-8150-aafd449f696b,Hemostatic Gauze,999,"(3.8, 1.2, -4.4)",
VOICE_CAPTURE,239211,12/8/2022 12:34:44 PM,febe5095-fc63-4c86-8150-aafd449f696b,do i put this back OK,NA,
VOICE_CAPTURE,250257,12/8/2022 12:34:55 PM,febe5095-fc63-4c86-8150-aafd449f696b,OK yeah fine what's this,NA,
VOICE_CAPTURE,256821,12/8/2022 12:35:01 PM,febe5095-fc63-4c86-8150-aafd449f696b,so what that means is oh you're not dead yet but i think you're gonna be we're just expecting you to die OK,NA,
TAG_SELECTED,264825,12/8/2022 12:35:09 PM,febe5095-fc63-4c86-8150-aafd449f696b,gray,
TAG_DISCARDED,266212,12/8/2022 12:35:11 PM,febe5095-fc63-4c86-8150-aafd449f696b,gray,"(4.2, 0.9, -4.2)",
TAG_SELECTED,266914,12/8/2022 12:35:11 PM,febe5095-fc63-4c86-8150-aafd449f696b,green,
VOICE_CAPTURE,267932,12/8/2022 12:35:12 PM,febe5095-fc63-4c86-8150-aafd449f696b,green right,NA,
TAG_APPLIED,269553,12/8/2022 12:35:14 PM,febe5095-fc63-4c86-8150-aafd449f696b,Mike Root,green,
VOICE_CAPTURE,271440,12/8/2022 12:35:16 PM,febe5095-fc63-4c86-8150-aafd449f696b,and put it at his wrist,NA,
TAG_SELECTED,274601,12/8/2022 12:35:19 PM,febe5095-fc63-4c86-8150-aafd449f696b,yellow,
TAG_APPLIED,275184,12/8/2022 12:35:20 PM,febe5095-fc63-4c86-8150-aafd449f696b,Mike Root,yellow,
TAG_SELECTED,275419,12/8/2022 12:35:20 PM,febe5095-fc63-4c86-8150-aafd449f696b,yellow,
TAG_APPLIED,276487,12/8/2022 12:35:21 PM,febe5095-fc63-4c86-8150-aafd449f696b,Mike Root,yellow,
VOICE_CAPTURE,281399,12/8/2022 12:35:26 PM,febe5095-fc63-4c86-8150-aafd449f696b,and that's now oh wait a second i really want him to be yelling go ahead and grab the yellow tag and put it on his wrist and let go OK,NA,
VOICE_CAPTURE,285442,12/8/2022 12:35:30 PM,febe5095-fc63-4c86-8150-aafd449f696b,it'll just stop,NA,
VOICE_CAPTURE,289337,12/8/2022 12:35:34 PM,febe5095-fc63-4c86-8150-aafd449f696b,not packable or,NA,
VOICE_CAPTURE,295567,12/8/2022 12:35:40 PM,febe5095-fc63-4c86-8150-aafd449f696b,OK,NA,
VOICE_CAPTURE,298441,12/8/2022 12:35:43 PM,febe5095-fc63-4c86-8150-aafd449f696b,alright,NA,
VOICE_CAPTURE,301048,12/8/2022 12:35:45 PM,febe5095-fc63-4c86-8150-aafd449f696b,you treated it,NA,
VOICE_CAPTURE,301884,12/8/2022 12:35:46 PM,febe5095-fc63-4c86-8150-aafd449f696b,you should have,NA,
VOICE_CAPTURE,304790,12/8/2022 12:35:49 PM,febe5095-fc63-4c86-8150-aafd449f696b,OK do you wanna move around a little bit,NA,
VOICE_CAPTURE,311156,12/8/2022 12:35:56 PM,febe5095-fc63-4c86-8150-aafd449f696b,with the with the with the thumb sticks sure yeah oh wait what,NA,
BAG_CLOSED,314950,12/8/2022 12:35:59 PM,febe5095-fc63-4c86-8150-aafd449f696b,"(4.3, 0.6, -4.0)",
TELEPORT,318426,12/8/2022 12:36:03 PM,febe5095-fc63-4c86-8150-aafd449f696b,"(3.5, 0.0, -3.4)",
VOICE_CAPTURE,318442,12/8/2022 12:36:03 PM,febe5095-fc63-4c86-8150-aafd449f696b,yeah let's not OK,NA,
VOICE_CAPTURE,321748,12/8/2022 12:36:06 PM,febe5095-fc63-4c86-8150-aafd449f696b,that one,NA,
VOICE_CAPTURE,330672,12/8/2022 12:36:15 PM,febe5095-fc63-4c86-8150-aafd449f696b,oh OK got it,NA,
VOICE_CAPTURE,334531,12/8/2022 12:36:19 PM,febe5095-fc63-4c86-8150-aafd449f696b,i dropped you right yeah,NA,
VOICE_CAPTURE,338674,12/8/2022 12:36:23 PM,febe5095-fc63-4c86-8150-aafd449f696b,behind him,NA,
VOICE_CAPTURE,340829,12/8/2022 12:36:25 PM,febe5095-fc63-4c86-8150-aafd449f696b,i see OK,NA,
VOICE_CAPTURE,348632,12/8/2022 12:36:33 PM,febe5095-fc63-4c86-8150-aafd449f696b,like actually physically laying down yeah so i could like go down,NA,
VOICE_CAPTURE,353310,12/8/2022 12:36:38 PM,febe5095-fc63-4c86-8150-aafd449f696b,OK got it OK yeah yeah,NA,
VOICE_CAPTURE,359392,12/8/2022 12:36:44 PM,febe5095-fc63-4c86-8150-aafd449f696b,who god is about to be horrible OK,NA,
PATIENT_DEMOTED,364388,12/8/2022 12:36:49 PM,febe5095-fc63-4c86-8150-aafd449f696b,100,Infinity,Mike_0 Root,"(2.6, 0.0, -0.6)","(0.0, 0.7, 0.0, -0.7)",DELAYED,walker,normal,normal,normal,upset,sittingGround,
PATIENT_DEMOTED,365037,12/8/2022 12:36:49 PM,febe5095-fc63-4c86-8150-aafd449f696b,100,Infinity,Mike_1 Root,"(2.6, 0.0, 0.1)","(0.0, 0.7, 0.0, -0.7)",IMMEDIATE,waver,normal,normal,normal,upset,recovery,
PATIENT_DEMOTED,365687,12/8/2022 12:36:50 PM,febe5095-fc63-4c86-8150-aafd449f696b,100,Infinity,Mike_2 Root,"(2.6, 0.0, 2.4)","(0.0, 0.7, 0.0, -0.7)",IMMEDIATE,walker,fast,normal,normal,upset,sittingGround,
VOICE_CAPTURE,366025,12/8/2022 12:36:50 PM,febe5095-fc63-4c86-8150-aafd449f696b,OK alright,NA,
PATIENT_DEMOTED,366343,12/8/2022 12:36:51 PM,febe5095-fc63-4c86-8150-aafd449f696b,100,128,Mike_3 Root,"(3.0, 0.0, 4.3)","(0.0, 0.7, 0.0, -0.7)",IMMEDIATE,still,faint,collapsedRight,normal,unresponsive,supine,
SESSION_START,368167,12/8/2022 12:36:53 PM,febe5095-fc63-4c86-8150-aafd449f696b,
PATIENT_RECORD,368168,12/8/2022 12:36:53 PM,febe5095-fc63-4c86-8150-aafd449f696b,100,Infinity,Mike_0 Root,"(2.6, 0.0, -1.4)","(0.0, 0.7, 0.0, -0.7)",DELAYED,walker,normal,normal,normal,upset,sittingGround,
INJURY_RECORD,368168,12/8/2022 12:36:53 PM,febe5095-fc63-4c86-8150-aafd449f696b,R Forearm Laceration,Mike_0 Root,gauzePressure,low,rightArm,False,False,"(2.7, 1.4, -0.9)",
PATIENT_RECORD,368168,12/8/2022 12:36:53 PM,febe5095-fc63-4c86-8150-aafd449f696b,100,Infinity,Mike_1 Root,"(2.9, 0.0, 0.1)","(0.0, 0.7, 0.0, -0.7)",IMMEDIATE,waver,normal,normal,normal,upset,recovery,
INJURY_RECORD,368168,12/8/2022 12:36:53 PM,febe5095-fc63-4c86-8150-aafd449f696b,L Thigh Laceration,Mike_1 Root,tourniquet,medium,leftLeg,False,False,"(2.8, 0.7, -0.1)",
PATIENT_RECORD,368168,12/8/2022 12:36:53 PM,febe5095-fc63-4c86-8150-aafd449f696b,100,Infinity,Mike_2 Root,"(3.1, 0.0, 2.2)","(0.0, 0.7, 0.0, -0.7)",IMMEDIATE,walker,fast,normal,normal,upset,sittingGround,
INJURY_RECORD,368168,12/8/2022 12:36:53 PM,febe5095-fc63-4c86-8150-aafd449f696b,L Shoulder Puncture,Mike_2 Root,woundpack,medium,chest,False,False,"(3.1, 1.5, 2.1)",
PATIENT_RECORD,368168,12/8/2022 12:36:53 PM,febe5095-fc63-4c86-8150-aafd449f696b,100,128,Mike_3 Root,"(3.2, 0.0, 4.3)","(0.0, 0.7, 0.0, -0.7)",IMMEDIATE,still,faint,collapsedRight,normal,unresponsive,supine,
INJURY_RECORD,368168,12/8/2022 12:36:53 PM,febe5095-fc63-4c86-8150-aafd449f696b,R Chest Collapse,Mike_3 Root,decompress,high,chest,False,False,"(0.0, 0.0, 0.0)",
VOICE_CAPTURE,376158,12/8/2022 12:37:01 PM,febe5095-fc63-4c86-8150-aafd449f696b,so this is how we're gonna show how to treat so what would you do if you came on to this what would you say,NA,
VOICE_CAPTURE,377930,12/8/2022 12:37:02 PM,febe5095-fc63-4c86-8150-aafd449f696b,can anyone walk to me,NA,
VOICE_COMMAND,377930,12/8/2022 12:37:02 PM,febe5095-fc63-4c86-8150-aafd449f696b,walk to the safe area,can anyone walk to me,
VOICE_COMMAND,377930,12/8/2022 12:37:02 PM,febe5095-fc63-4c86-8150-aafd449f696b,walk to player,can anyone walk to me,
VOICE_CAPTURE,388992,12/8/2022 12:37:13 PM,febe5095-fc63-4c86-8150-aafd449f696b,can anyone walk to me,NA,
VOICE_COMMAND,388992,12/8/2022 12:37:13 PM,febe5095-fc63-4c86-8150-aafd449f696b,walk to the safe area,can anyone walk to me,
VOICE_COMMAND,388992,12/8/2022 12:37:13 PM,febe5095-fc63-4c86-8150-aafd449f696b,walk to player,can anyone walk to me,
VOICE_CAPTURE,390911,12/8/2022 12:37:15 PM,febe5095-fc63-4c86-8150-aafd449f696b,what,NA,
VOICE_CAPTURE,395431,12/8/2022 12:37:20 PM,febe5095-fc63-4c86-8150-aafd449f696b,can anyone walk over to the stairs,NA,
VOICE_COMMAND,395431,12/8/2022 12:37:20 PM,febe5095-fc63-4c86-8150-aafd449f696b,walk to the safe area,can anyone walk over to the stairs,
S_A_L_T_WALK_IF_CAN,395432,12/8/2022 12:37:20 PM,febe5095-fc63-4c86-8150-aafd449f696b,"(2.6, 0.0, -1.4)",walkIfCan,Mike_0 Root,
S_A_L_T_WALKED,395432,12/8/2022 12:37:20 PM,febe5095-fc63-4c86-8150-aafd449f696b,"(2.6, 0.0, -1.4)",walked,Mike_0 Root,
S_A_L_T_WALK_IF_CAN,395432,12/8/2022 12:37:20 PM,febe5095-fc63-4c86-8150-aafd449f696b,"(2.9, 0.0, 0.1)",walkIfCan,Mike_1 Root,
S_A_L_T_WALK_IF_CAN,395432,12/8/2022 12:37:20 PM,febe5095-fc63-4c86-8150-aafd449f696b,"(3.1, 0.0, 2.2)",walkIfCan,Mike_2 Root,
S_A_L_T_WALKED,395432,12/8/2022 12:37:20 PM,febe5095-fc63-4c86-8150-aafd449f696b,"(3.1, 0.0, 2.2)",walked,Mike_2 Root,
VOICE_CAPTURE,402884,12/8/2022 12:37:27 PM,febe5095-fc63-4c86-8150-aafd449f696b,what am i saying wrong oh here we go they're moving OK gosh they're like zombies,NA,
TELEPORT,405290,12/8/2022 12:37:30 PM,febe5095-fc63-4c86-8150-aafd449f696b,"(0.8, 0.0, -3.4)",
PATIENT_ENGAGED,408974,12/8/2022 12:37:33 PM,febe5095-fc63-4c86-8150-aafd449f696b,100,128,Mike_3 Root,"(3.2, 0.0, 4.3)","(0.0, 0.7, 0.0, -0.7)",IMMEDIATE,still,faint,collapsedRight,normal,unresponsive,supine,
VOICE_CAPTURE,409407,12/8/2022 12:37:34 PM,febe5095-fc63-4c86-8150-aafd449f696b,what would you do you wouldn't really treat the walkers right yeah we're just gonna leave them for a minute so i'm gonna go oh wait,NA,
VOICE_COMMAND,409407,12/8/2022 12:37:34 PM,febe5095-fc63-4c86-8150-aafd449f696b,walk to the safe area,what would you do you wouldn't really treat the walkers right yeah we're just gonna leave them for a minute so i'm gonna go oh wait,
S_A_L_T_WALK_IF_CAN,409408,12/8/2022 12:37:34 PM,febe5095-fc63-4c86-8150-aafd449f696b,"(3.1, 0.0, -4.9)",walkIfCan,Mike_0 Root,
S_A_L_T_WALKED,409408,12/8/2022 12:37:34 PM,febe5095-fc63-4c86-8150-aafd449f696b,"(3.1, 0.0, -4.9)",walked,Mike_0 Root,
S_A_L_T_WALK_IF_CAN,409408,12/8/2022 12:37:34 PM,febe5095-fc63-4c86-8150-aafd449f696b,"(2.9, 0.0, 0.1)",walkIfCan,Mike_1 Root,
VOICE_CAPTURE,413242,12/8/2022 12:37:38 PM,febe5095-fc63-4c86-8150-aafd449f696b,OK so,NA,
PULSE_TAKEN,419441,12/8/2022 12:37:44 PM,febe5095-fc63-4c86-8150-aafd449f696b,pulse_faint,Mike_3 Root,
VOICE_CAPTURE,420710,12/8/2022 12:37:45 PM,febe5095-fc63-4c86-8150-aafd449f696b,check the sky well check to see if he is pulse,NA,
VOICE_CAPTURE,422999,12/8/2022 12:37:47 PM,febe5095-fc63-4c86-8150-aafd449f696b,pause,NA,
VOICE_CAPTURE,428931,12/8/2022 12:37:53 PM,febe5095-fc63-4c86-8150-aafd449f696b,OK yeah so he has a pulse i'm gonna check for his breathing,NA,
VOICE_CAPTURE,433058,12/8/2022 12:37:57 PM,febe5095-fc63-4c86-8150-aafd449f696b,yeah,NA,
VOICE_CAPTURE,437770,12/8/2022 12:38:02 PM,febe5095-fc63-4c86-8150-aafd449f696b,OK so,NA,
VOICE_CAPTURE,441645,12/8/2022 12:38:06 PM,febe5095-fc63-4c86-8150-aafd449f696b,OK so i'm gonna tag him yellow i'm sorry red,NA,
VOICE_CAPTURE,450502,12/8/2022 12:38:15 PM,febe5095-fc63-4c86-8150-aafd449f696b,no OK like when we go in this scenario OK,NA,
VOICE_CAPTURE,454444,12/8/2022 12:38:19 PM,febe5095-fc63-4c86-8150-aafd449f696b,even if there's like,NA,
VOICE_CAPTURE,458922,12/8/2022 12:38:23 PM,febe5095-fc63-4c86-8150-aafd449f696b,yeah,NA,
VOICE_CAPTURE,470335,12/8/2022 12:38:35 PM,febe5095-fc63-4c86-8150-aafd449f696b,how do i get a shirt off here do i or not really OK so i would look to see if you needed like a a chest seal or i don't know or packing,NA,
VOICE_CAPTURE,472924,12/8/2022 12:38:37 PM,febe5095-fc63-4c86-8150-aafd449f696b,yeah,NA,
BAG_ACCESS,479306,12/8/2022 12:38:44 PM,febe5095-fc63-4c86-8150-aafd449f696b,"(3.4, 0.4, 5.4)",
VOICE_CAPTURE,480358,12/8/2022 12:38:45 PM,febe5095-fc63-4c86-8150-aafd449f696b,how do i,NA,
VOICE_CAPTURE,481161,12/8/2022 12:38:46 PM,febe5095-fc63-4c86-8150-aafd449f696b,right that's right,NA,
VOICE_CAPTURE,490417,12/8/2022 12:38:55 PM,febe5095-fc63-4c86-8150-aafd449f696b,i don't know what it is well that thing right there so i don't,NA,
VOICE_CAPTURE,495563,12/8/2022 12:39:00 PM,febe5095-fc63-4c86-8150-aafd449f696b,right so i think,NA,
VOICE_CAPTURE,496933,12/8/2022 12:39:01 PM,febe5095-fc63-4c86-8150-aafd449f696b,OK,NA,
TOOL_HOVER,502781,12/8/2022 12:39:07 PM,febe5095-fc63-4c86-8150-aafd449f696b,Needle,998,
TOOL_HOVER,502798,12/8/2022 12:39:07 PM,febe5095-fc63-4c86-8150-aafd449f696b,Needle,998,
TOOL_HOVER,502815,12/8/2022 12:39:07 PM,febe5095-fc63-4c86-8150-aafd449f696b,Needle,998,
TOOL_HOVER,502832,12/8/2022 12:39:07 PM,febe5095-fc63-4c86-8150-aafd449f696b,Needle,998,
TOOL_HOVER,502849,12/8/2022 12:39:07 PM,febe5095-fc63-4c86-8150-aafd449f696b,Needle,998,
TOOL_HOVER,502865,12/8/2022 12:39:07 PM,febe5095-fc63-4c86-8150-aafd449f696b,Needle,998,
TOOL_HOVER,502881,12/8/2022 12:39:07 PM,febe5095-fc63-4c86-8150-aafd449f696b,Needle,998,
TOOL_HOVER,502898,12/8/2022 12:39:07 PM,febe5095-fc63-4c86-8150-aafd449f696b,Needle,998,
TOOL_HOVER,502915,12/8/2022 12:39:07 PM,febe5095-fc63-4c86-8150-aafd449f696b,Needle,998,
TOOL_HOVER,502932,12/8/2022 12:39:07 PM,febe5095-fc63-4c86-8150-aafd449f696b,Needle,998,
TOOL_HOVER,502949,12/8/2022 12:39:07 PM,febe5095-fc63-4c86-8150-aafd449f696b,Needle,998,
TOOL_HOVER,502965,12/8/2022 12:39:07 PM,febe5095-fc63-4c86-8150-aafd449f696b,Needle,998,
TOOL_SELECTED,502966,12/8/2022 12:39:07 PM,febe5095-fc63-4c86-8150-aafd449f696b,Needle,997,
VOICE_CAPTURE,503532,12/8/2022 12:39:08 PM,febe5095-fc63-4c86-8150-aafd449f696b,so i'm i don't know if this is right the needle maybe OK,NA,
VOICE_CAPTURE,510966,12/8/2022 12:39:15 PM,febe5095-fc63-4c86-8150-aafd449f696b,i'm gonna say his right,NA,
VOICE_CAPTURE,514325,12/8/2022 12:39:19 PM,febe5095-fc63-4c86-8150-aafd449f696b,like i guess,NA,
VOICE_CAPTURE,523315,12/8/2022 12:39:28 PM,febe5095-fc63-4c86-8150-aafd449f696b,yes sorry that's why i'm like i don't know someone help me,NA,
VOICE_CAPTURE,526280,12/8/2022 12:39:31 PM,febe5095-fc63-4c86-8150-aafd449f696b,thanks julie,NA,
INJURY_TREATED,532600,12/8/2022 12:39:37 PM,febe5095-fc63-4c86-8150-aafd449f696b,R Chest Collapse,Mike_3 Root,decompress,high,chest,True,False,"(0.0, 0.0, 0.0)",
TOOL_APPLIED,532600,12/8/2022 12:39:37 PM,febe5095-fc63-4c86-8150-aafd449f696b,Needle_Decomp(Clone),Needle,RChest_Breathe1 (UnityEngine.GameObject),cath_needle (UnityEngine.GameObject),right_chest,Needle_Decomp(Clone) (UnityEngine.GameObject),AppliedDecompNeedle,
VOICE_CAPTURE,535737,12/8/2022 12:39:40 PM,febe5095-fc63-4c86-8150-aafd449f696b,OK,NA,
VOICE_CAPTURE,538594,12/8/2022 12:39:43 PM,febe5095-fc63-4c86-8150-aafd449f696b,oh raced up,NA,
VOICE_CAPTURE,539815,12/8/2022 12:39:44 PM,febe5095-fc63-4c86-8150-aafd449f696b,OK,NA,
VOICE_CAPTURE,543707,12/8/2022 12:39:48 PM,febe5095-fc63-4c86-8150-aafd449f696b,i'm dumb,NA,
VOICE_CAPTURE,553031,12/8/2022 12:39:57 PM,febe5095-fc63-4c86-8150-aafd449f696b,OK,NA,
VOICE_CAPTURE,557458,12/8/2022 12:40:02 PM,febe5095-fc63-4c86-8150-aafd449f696b,but in all actuality you do,NA,
VOICE_CAPTURE,560950,12/8/2022 12:40:05 PM,febe5095-fc63-4c86-8150-aafd449f696b,with one of the,NA,
VOICE_CAPTURE,564075,12/8/2022 12:40:08 PM,febe5095-fc63-4c86-8150-aafd449f696b,yeah right,NA,
VOICE_CAPTURE,566815,12/8/2022 12:40:11 PM,febe5095-fc63-4c86-8150-aafd449f696b,i just can't do it yeah,NA,
VOICE_CAPTURE,574482,12/8/2022 12:40:19 PM,febe5095-fc63-4c86-8150-aafd449f696b,oh god,NA,
PULSE_TAKEN,575887,12/8/2022 12:40:20 PM,febe5095-fc63-4c86-8150-aafd449f696b,pulse_faint,Mike_3 Root,
VOICE_CAPTURE,577573,12/8/2022 12:40:22 PM,febe5095-fc63-4c86-8150-aafd449f696b,OK so i'm just gonna well,NA,
VOICE_CAPTURE,582904,12/8/2022 12:40:27 PM,febe5095-fc63-4c86-8150-aafd449f696b,OK so he has a pulse OK,NA,
TAG_SELECTED,583656,12/8/2022 12:40:28 PM,febe5095-fc63-4c86-8150-aafd449f696b,red,
VOICE_CAPTURE,589840,12/8/2022 12:40:34 PM,febe5095-fc63-4c86-8150-aafd449f696b,absolutely i would say yes,NA,
VOICE_CAPTURE,592043,12/8/2022 12:40:36 PM,febe5095-fc63-4c86-8150-aafd449f696b,how do you,NA,
VOICE_CAPTURE,594700,12/8/2022 12:40:39 PM,febe5095-fc63-4c86-8150-aafd449f696b,it's not,NA,
VOICE_CAPTURE,596487,12/8/2022 12:40:41 PM,febe5095-fc63-4c86-8150-aafd449f696b,it's not going,NA,
BAG_CLOSED,609737,12/8/2022 12:40:54 PM,febe5095-fc63-4c86-8150-aafd449f696b,"(3.4, 0.4, 5.4)",
TELEPORT,609738,12/8/2022 12:40:54 PM,febe5095-fc63-4c86-8150-aafd449f696b,"(4.8, 0.0, 5.8)",
TAG_DISCARDED,611776,12/8/2022 12:40:56 PM,febe5095-fc63-4c86-8150-aafd449f696b,red,"(3.2, 0.6, 5.1)",
BAG_ACCESS,614482,12/8/2022 12:40:59 PM,febe5095-fc63-4c86-8150-aafd449f696b,"(3.3, 0.4, 5.3)",
TAG_SELECTED,615502,12/8/2022 12:41:00 PM,febe5095-fc63-4c86-8150-aafd449f696b,red,
TAG_APPLIED,616554,12/8/2022 12:41:01 PM,febe5095-fc63-4c86-8150-aafd449f696b,Mike_3 Root,red,
BAG_CLOSED,628003,12/8/2022 12:41:12 PM,febe5095-fc63-4c86-8150-aafd449f696b,"(3.3, 0.4, 5.3)",
TELEPORT,635351,12/8/2022 12:41:20 PM,febe5095-fc63-4c86-8150-aafd449f696b,"(4.8, 0.0, 5.8)",
PATIENT_ENGAGED,652984,12/8/2022 12:41:37 PM,febe5095-fc63-4c86-8150-aafd449f696b,100,Infinity,Mike_2 Root,"(3.2, 0.0, -2.6)","(0.0, 0.3, 0.0, 1.0)",IMMEDIATE,walker,fast,normal,normal,upset,sittingGround,
TOOL_HOVER,660446,12/8/2022 12:41:45 PM,febe5095-fc63-4c86-8150-aafd449f696b,Gauze,1000,
TOOL_HOVER,660466,12/8/2022 12:41:45 PM,febe5095-fc63-4c86-8150-aafd449f696b,Gauze,1000,
TOOL_HOVER,660487,12/8/2022 12:41:45 PM,febe5095-fc63-4c86-8150-aafd449f696b,Gauze,1000,
TOOL_HOVER,660508,12/8/2022 12:41:45 PM,febe5095-fc63-4c86-8150-aafd449f696b,Gauze,1000,
TOOL_HOVER,660528,12/8/2022 12:41:45 PM,febe5095-fc63-4c86-8150-aafd449f696b,Gauze,1000,
TOOL_HOVER,660548,12/8/2022 12:41:45 PM,febe5095-fc63-4c86-8150-aafd449f696b,Gauze,1000,
TOOL_HOVER,660570,12/8/2022 12:41:45 PM,febe5095-fc63-4c86-8150-aafd449f696b,Gauze,1000,
TOOL_HOVER,660590,12/8/2022 12:41:45 PM,febe5095-fc63-4c86-8150-aafd449f696b,Gauze,1000,
TOOL_HOVER,660611,12/8/2022 12:41:45 PM,febe5095-fc63-4c86-8150-aafd449f696b,Gauze,1000,
TOOL_HOVER,660631,12/8/2022 12:41:45 PM,febe5095-fc63-4c86-8150-aafd449f696b,Gauze,1000,
BAG_ACCESS,661918,12/8/2022 12:41:46 PM,febe5095-fc63-4c86-8150-aafd449f696b,"(2.6, 0.5, -2.4)",
TOOL_HOVER,664388,12/8/2022 12:41:49 PM,febe5095-fc63-4c86-8150-aafd449f696b,Hemostatic Gauze,1000,
TOOL_HOVER,664404,12/8/2022 12:41:49 PM,febe5095-fc63-4c86-8150-aafd449f696b,Hemostatic Gauze,1000,
TOOL_HOVER,664422,12/8/2022 12:41:49 PM,febe5095-fc63-4c86-8150-aafd449f696b,Hemostatic Gauze,1000,
TOOL_HOVER,664438,12/8/2022 12:41:49 PM,febe5095-fc63-4c86-8150-aafd449f696b,Hemostatic Gauze,1000,
TOOL_HOVER,664454,12/8/2022 12:41:49 PM,febe5095-fc63-4c86-8150-aafd449f696b,Hemostatic Gauze,1000,
TOOL_HOVER,664470,12/8/2022 12:41:49 PM,febe5095-fc63-4c86-8150-aafd449f696b,Hemostatic Gauze,1000,
TOOL_HOVER,664488,12/8/2022 12:41:49 PM,febe5095-fc63-4c86-8150-aafd449f696b,Hemostatic Gauze,1000,
TOOL_HOVER,664504,12/8/2022 12:41:49 PM,febe5095-fc63-4c86-8150-aafd449f696b,Hemostatic Gauze,1000,
TOOL_HOVER,664521,12/8/2022 12:41:49 PM,febe5095-fc63-4c86-8150-aafd449f696b,Hemostatic Gauze,1000,
TOOL_HOVER,664538,12/8/2022 12:41:49 PM,febe5095-fc63-4c86-8150-aafd449f696b,Hemostatic Gauze,1000,
TOOL_SELECTED,664539,12/8/2022 12:41:49 PM,febe5095-fc63-4c86-8150-aafd449f696b,Hemostatic Gauze,999,
TOOL_DISCARDED,666346,12/8/2022 12:41:51 PM,febe5095-fc63-4c86-8150-aafd449f696b,Hemostatic Gauze,999,"(3.2, 0.5, -2.9)",
INJURY_TREATED,666348,12/8/2022 12:41:51 PM,febe5095-fc63-4c86-8150-aafd449f696b,L Shoulder Puncture,Mike_2 Root,woundpack,medium,chest,True,False,"(3.2, 0.5, -2.9)",
TOOL_APPLIED,666348,12/8/2022 12:41:51 PM,febe5095-fc63-4c86-8150-aafd449f696b,Mike_2 Root,Gauze_Pack,skinCollider_BodyCollideLOD (UnityEngine.GameObject),null,null,AppliedPackingGauze,
TOOL_HOVER,675486,12/8/2022 12:42:00 PM,febe5095-fc63-4c86-8150-aafd449f696b,Gauze,1000,
TOOL_HOVER,675500,12/8/2022 12:42:00 PM,febe5095-fc63-4c86-8150-aafd449f696b,Gauze,1000,
TOOL_HOVER,675518,12/8/2022 12:42:00 PM,febe5095-fc63-4c86-8150-aafd449f696b,Gauze,1000,
TOOL_HOVER,675533,12/8/2022 12:42:00 PM,febe5095-fc63-4c86-8150-aafd449f696b,Gauze,1000,
TOOL_HOVER,675551,12/8/2022 12:42:00 PM,febe5095-fc63-4c86-8150-aafd449f696b,Gauze,1000,
TOOL_HOVER,675568,12/8/2022 12:42:00 PM,febe5095-fc63-4c86-8150-aafd449f696b,Gauze,1000,
TOOL_HOVER,675584,12/8/2022 12:42:00 PM,febe5095-fc63-4c86-8150-aafd449f696b,Gauze,1000,
TOOL_HOVER,675600,12/8/2022 12:42:00 PM,febe5095-fc63-4c86-8150-aafd449f696b,Gauze,1000,
TOOL_HOVER,675617,12/8/2022 12:42:00 PM,febe5095-fc63-4c86-8150-aafd449f696b,Gauze,1000,
TOOL_HOVER,675634,12/8/2022 12:42:00 PM,febe5095-fc63-4c86-8150-aafd449f696b,Gauze,1000,
TOOL_HOVER,675651,12/8/2022 12:42:00 PM,febe5095-fc63-4c86-8150-aafd449f696b,Gauze,1000,
TOOL_HOVER,675667,12/8/2022 12:42:00 PM,febe5095-fc63-4c86-8150-aafd449f696b,Gauze,1000,
TOOL_SELECTED,675668,12/8/2022 12:42:00 PM,febe5095-fc63-4c86-8150-aafd449f696b,Gauze,999,
TOOL_DISCARDED,676520,12/8/2022 12:42:01 PM,febe5095-fc63-4c86-8150-aafd449f696b,Gauze,999,"(2.8, 0.4, -3.0)",
TOOL_DISCARDED,676520,12/8/2022 12:42:01 PM,febe5095-fc63-4c86-8150-aafd449f696b,Gauze,1000,"(2.8, 0.4, -3.0)",
TOOL_HOVER,676587,12/8/2022 12:42:01 PM,febe5095-fc63-4c86-8150-aafd449f696b,Gauze,1001,
TOOL_HOVER,676603,12/8/2022 12:42:01 PM,febe5095-fc63-4c86-8150-aafd449f696b,Gauze,1001,
TOOL_HOVER,676620,12/8/2022 12:42:01 PM,febe5095-fc63-4c86-8150-aafd449f696b,Gauze,1001,
TOOL_HOVER,676637,12/8/2022 12:42:01 PM,febe5095-fc63-4c86-8150-aafd449f696b,Gauze,1001,
TOOL_HOVER,676653,12/8/2022 12:42:01 PM,febe5095-fc63-4c86-8150-aafd449f696b,Gauze,1001,
TOOL_HOVER,676670,12/8/2022 12:42:01 PM,febe5095-fc63-4c86-8150-aafd449f696b,Gauze,1001,
TOOL_HOVER,676686,12/8/2022 12:42:01 PM,febe5095-fc63-4c86-8150-aafd449f696b,Gauze,1001,
TOOL_HOVER,676704,12/8/2022 12:42:01 PM,febe5095-fc63-4c86-8150-aafd449f696b,Gauze,1001,
TOOL_HOVER,676720,12/8/2022 12:42:01 PM,febe5095-fc63-4c86-8150-aafd449f696b,Gauze,1001,
TOOL_HOVER,676737,12/8/2022 12:42:01 PM,febe5095-fc63-4c86-8150-aafd449f696b,Gauze,1001,
TOOL_HOVER,676755,12/8/2022 12:42:01 PM,febe5095-fc63-4c86-8150-aafd449f696b,Gauze,1001,
TOOL_HOVER,676771,12/8/2022 12:42:01 PM,febe5095-fc63-4c86-8150-aafd449f696b,Gauze,1001,
TOOL_HOVER,676787,12/8/2022 12:42:01 PM,febe5095-fc63-4c86-8150-aafd449f696b,Gauze,1001,
TOOL_HOVER,676805,12/8/2022 12:42:01 PM,febe5095-fc63-4c86-8150-aafd449f696b,Gauze,1001,
TOOL_HOVER,676820,12/8/2022 12:42:01 PM,febe5095-fc63-4c86-8150-aafd449f696b,Gauze,1001,
TOOL_HOVER,676837,12/8/2022 12:42:01 PM,febe5095-fc63-4c86-8150-aafd449f696b,Gauze,1001,
TOOL_HOVER,676853,12/8/2022 12:42:01 PM,febe5095-fc63-4c86-8150-aafd449f696b,Gauze,1001,
TOOL_HOVER,676871,12/8/2022 12:42:01 PM,febe5095-fc63-4c86-8150-aafd449f696b,Gauze,1001,
VOICE_CAPTURE,686946,12/8/2022 12:42:11 PM,febe5095-fc63-4c86-8150-aafd449f696b,what is your name,NA,
VOICE_COMMAND,686946,12/8/2022 12:42:11 PM,febe5095-fc63-4c86-8150-aafd449f696b,what is your name,what is your name,
PULSE_TAKEN,695884,12/8/2022 12:42:20 PM,febe5095-fc63-4c86-8150-aafd449f696b,pulse_fast,Mike_2 Root,
TAG_SELECTED,706595,12/8/2022 12:42:31 PM,febe5095-fc63-4c86-8150-aafd449f696b,red,
TAG_APPLIED,708148,12/8/2022 12:42:33 PM,febe5095-fc63-4c86-8150-aafd449f696b,Mike_2 Root,red,
VOICE_CAPTURE,717313,12/8/2022 12:42:42 PM,febe5095-fc63-4c86-8150-aafd449f696b,lay down,NA,
VOICE_COMMAND,717313,12/8/2022 12:42:42 PM,febe5095-fc63-4c86-8150-aafd449f696b,lay down,lay down,
BAG_CLOSED,742461,12/8/2022 12:43:07 PM,febe5095-fc63-4c86-8150-aafd449f696b,"(2.6, 0.5, -2.4)",
PATIENT_ENGAGED,743645,12/8/2022 12:43:08 PM,febe5095-fc63-4c86-8150-aafd449f696b,100,Infinity,Mike_0 Root,"(3.0, 0.0, -5.2)","(0.0, 0.1, 0.0, -1.0)",DELAYED,walker,normal,normal,normal,upset,sittingGround,
PATIENT_ENGAGED,752499,12/8/2022 12:43:17 PM,febe5095-fc63-4c86-8150-aafd449f696b,100,Infinity,Mike_1 Root,"(2.9, 0.0, 0.1)","(0.0, 0.7, 0.0, -0.7)",IMMEDIATE,waver,normal,normal,normal,upset,recovery,
BAG_ACCESS,757708,12/8/2022 12:43:22 PM,febe5095-fc63-4c86-8150-aafd449f696b,"(2.5, 0.6, 0.5)",
TOOL_HOVER,758981,12/8/2022 12:43:23 PM,febe5095-fc63-4c86-8150-aafd449f696b,Tourniquet,998,
TOOL_HOVER,759001,12/8/2022 12:43:23 PM,febe5095-fc63-4c86-8150-aafd449f696b,Tourniquet,998,
TOOL_HOVER,759022,12/8/2022 12:43:23 PM,febe5095-fc63-4c86-8150-aafd449f696b,Tourniquet,998,
TOOL_HOVER,759043,12/8/2022 12:43:23 PM,febe5095-fc63-4c86-8150-aafd449f696b,Tourniquet,998,
TOOL_HOVER,759065,12/8/2022 12:43:23 PM,febe5095-fc63-4c86-8150-aafd449f696b,Tourniquet,998,
TOOL_HOVER,759085,12/8/2022 12:43:23 PM,febe5095-fc63-4c86-8150-aafd449f696b,Tourniquet,998,
TOOL_HOVER,759106,12/8/2022 12:43:23 PM,febe5095-fc63-4c86-8150-aafd449f696b,Tourniquet,998,
TOOL_HOVER,759127,12/8/2022 12:43:24 PM,febe5095-fc63-4c86-8150-aafd449f696b,Tourniquet,998,
TOOL_SELECTED,759128,12/8/2022 12:43:24 PM,febe5095-fc63-4c86-8150-aafd449f696b,Tourniquet,997,
INJURY_TREATED,762918,12/8/2022 12:43:27 PM,febe5095-fc63-4c86-8150-aafd449f696b,L Thigh Laceration,Mike_1 Root,tourniquet,medium,leftLeg,True,False,"(2.8, 0.3, 0.4)",
TOOL_APPLIED,762918,12/8/2022 12:43:27 PM,febe5095-fc63-4c86-8150-aafd449f696b,Mike_1 Root,Tourniquet,LeftUpLeg (UnityEngine.GameObject),tor_ring (1) (UnityEngine.GameObject),tourniquet(Clone) (UnityEngine.GameObject),AppliedTourniquet,
PULSE_TAKEN,771146,12/8/2022 12:43:36 PM,febe5095-fc63-4c86-8150-aafd449f696b,pulse_normal,Mike_1 Root,
PULSE_TAKEN,776342,12/8/2022 12:43:41 PM,febe5095-fc63-4c86-8150-aafd449f696b,pulse_normal,Mike_1 Root,
TAG_SELECTED,779885,12/8/2022 12:43:44 PM,febe5095-fc63-4c86-8150-aafd449f696b,red,
TAG_APPLIED,781438,12/8/2022 12:43:46 PM,febe5095-fc63-4c86-8150-aafd449f696b,Mike_1 Root,red,
BAG_CLOSED,793630,12/8/2022 12:43:58 PM,febe5095-fc63-4c86-8150-aafd449f696b,"(2.5, 0.6, 0.5)",
TELEPORT,796283,12/8/2022 12:44:01 PM,febe5095-fc63-4c86-8150-aafd449f696b,"(2.8, 0.0, -1.1)",
TELEPORT,803435,12/8/2022 12:44:08 PM,febe5095-fc63-4c86-8150-aafd449f696b,"(3.0, 0.0, -4.5)",
TELEPORT,803868,12/8/2022 12:44:08 PM,febe5095-fc63-4c86-8150-aafd449f696b,"(3.0, 0.0, -4.6)",
TELEPORT,804203,12/8/2022 12:44:09 PM,febe5095-fc63-4c86-8150-aafd449f696b,"(3.0, 0.0, -4.7)",
TELEPORT,805073,12/8/2022 12:44:09 PM,febe5095-fc63-4c86-8150-aafd449f696b,"(3.1, 0.0, -4.9)",
TELEPORT,807144,12/8/2022 12:44:12 PM,febe5095-fc63-4c86-8150-aafd449f696b,"(3.3, 0.0, -5.0)",
TELEPORT,807612,12/8/2022 12:44:12 PM,febe5095-fc63-4c86-8150-aafd449f696b,"(3.3, 0.0, -5.0)",
TELEPORT,808397,12/8/2022 12:44:13 PM,febe5095-fc63-4c86-8150-aafd449f696b,"(3.3, 0.0, -5.1)",
TELEPORT,808780,12/8/2022 12:44:13 PM,febe5095-fc63-4c86-8150-aafd449f696b,"(3.3, 0.0, -5.2)",
PATIENT_ENGAGED,808897,12/8/2022 12:44:13 PM,febe5095-fc63-4c86-8150-aafd449f696b,100,Infinity,Mike_0 Root,"(3.0, 0.0, -5.2)","(0.0, 0.1, 0.0, -1.0)",DELAYED,walker,normal,normal,normal,upset,sittingGround,
BAG_ACCESS,817135,12/8/2022 12:44:22 PM,febe5095-fc63-4c86-8150-aafd449f696b,"(2.9, 0.6, -4.4)",
PULSE_TAKEN,830818,12/8/2022 12:44:35 PM,febe5095-fc63-4c86-8150-aafd449f696b,pulse_normal,Mike_0 Root,
TOOL_HOVER,835079,12/8/2022 12:44:39 PM,febe5095-fc63-4c86-8150-aafd449f696b,Gauze,1001,
TOOL_HOVER,835096,12/8/2022 12:44:39 PM,febe5095-fc63-4c86-8150-aafd449f696b,Gauze,1001,
TOOL_HOVER,835113,12/8/2022 12:44:39 PM,febe5095-fc63-4c86-8150-aafd449f696b,Gauze,1001,
TOOL_HOVER,835130,12/8/2022 12:44:40 PM,febe5095-fc63-4c86-8150-aafd449f696b,Gauze,1001,
TOOL_HOVER,835146,12/8/2022 12:44:40 PM,febe5095-fc63-4c86-8150-aafd449f696b,Gauze,1001,
TOOL_HOVER,835163,12/8/2022 12:44:40 PM,febe5095-fc63-4c86-8150-aafd449f696b,Gauze,1001,
TOOL_HOVER,835180,12/8/2022 12:44:40 PM,febe5095-fc63-4c86-8150-aafd449f696b,Gauze,1001,
TOOL_HOVER,835196,12/8/2022 12:44:40 PM,febe5095-fc63-4c86-8150-aafd449f696b,Gauze,1001,
TOOL_HOVER,835213,12/8/2022 12:44:40 PM,febe5095-fc63-4c86-8150-aafd449f696b,Gauze,1001,
TOOL_HOVER,835230,12/8/2022 12:44:40 PM,febe5095-fc63-4c86-8150-aafd449f696b,Gauze,1001,
TOOL_HOVER,835246,12/8/2022 12:44:40 PM,febe5095-fc63-4c86-8150-aafd449f696b,Gauze,1001,
TOOL_HOVER,835262,12/8/2022 12:44:40 PM,febe5095-fc63-4c86-8150-aafd449f696b,Gauze,1001,
TOOL_HOVER,835279,12/8/2022 12:44:40 PM,febe5095-fc63-4c86-8150-aafd449f696b,Gauze,1001,
TOOL_HOVER,835296,12/8/2022 12:44:40 PM,febe5095-fc63-4c86-8150-aafd449f696b,Gauze,1001,
TOOL_HOVER,835316,12/8/2022 12:44:40 PM,febe5095-fc63-4c86-8150-aafd449f696b,Gauze,1001,
TOOL_HOVER,835329,12/8/2022 12:44:40 PM,febe5095-fc63-4c86-8150-aafd449f696b,Gauze,1001,
TOOL_HOVER,835347,12/8/2022 12:44:40 PM,febe5095-fc63-4c86-8150-aafd449f696b,Gauze,1001,
TOOL_HOVER,835363,12/8/2022 12:44:40 PM,febe5095-fc63-4c86-8150-aafd449f696b,Gauze,1001,
TOOL_HOVER,835380,12/8/2022 12:44:40 PM,febe5095-fc63-4c86-8150-aafd449f696b,Gauze,1001,
TOOL_HOVER,835397,12/8/2022 12:44:40 PM,febe5095-fc63-4c86-8150-aafd449f696b,Gauze,1001,
TOOL_HOVER,835412,12/8/2022 12:44:40 PM,febe5095-fc63-4c86-8150-aafd449f696b,Gauze,1001,
TOOL_HOVER,835430,12/8/2022 12:44:40 PM,febe5095-fc63-4c86-8150-aafd449f696b,Gauze,1001,
TOOL_HOVER,835447,12/8/2022 12:44:40 PM,febe5095-fc63-4c86-8150-aafd449f696b,Gauze,1001,
TOOL_HOVER,835467,12/8/2022 12:44:40 PM,febe5095-fc63-4c86-8150-aafd449f696b,Gauze,1001,
TOOL_HOVER,835480,12/8/2022 12:44:40 PM,febe5095-fc63-4c86-8150-aafd449f696b,Gauze,1001,
TOOL_HOVER,835497,12/8/2022 12:44:40 PM,febe5095-fc63-4c86-8150-aafd449f696b,Gauze,1001,
TOOL_HOVER,835513,12/8/2022 12:44:40 PM,febe5095-fc63-4c86-8150-aafd449f696b,Gauze,1001,
TOOL_HOVER,835531,12/8/2022 12:44:40 PM,febe5095-fc63-4c86-8150-aafd449f696b,Gauze,1001,
TOOL_HOVER,835547,12/8/2022 12:44:40 PM,febe5095-fc63-4c86-8150-aafd449f696b,Gauze,1001,
TOOL_HOVER,835564,12/8/2022 12:44:40 PM,febe5095-fc63-4c86-8150-aafd449f696b,Gauze,1001,
TOOL_HOVER,835582,12/8/2022 12:44:40 PM,febe5095-fc63-4c86-8150-aafd449f696b,Gauze,1001,
TOOL_HOVER,835597,12/8/2022 12:44:40 PM,febe5095-fc63-4c86-8150-aafd449f696b,Gauze,1001,
TOOL_HOVER,835614,12/8/2022 12:44:40 PM,febe5095-fc63-4c86-8150-aafd449f696b,Gauze,1001,
TOOL_HOVER,835631,12/8/2022 12:44:40 PM,febe5095-fc63-4c86-8150-aafd449f696b,Gauze,1001,
TOOL_HOVER,835647,12/8/2022 12:44:40 PM,febe5095-fc63-4c86-8150-aafd449f696b,Gauze,1001,
TOOL_HOVER,835665,12/8/2022 12:44:40 PM,febe5095-fc63-4c86-8150-aafd449f696b,Gauze,1001,
TOOL_HOVER,835682,12/8/2022 12:44:40 PM,febe5095-fc63-4c86-8150-aafd449f696b,Gauze,1001,
TOOL_HOVER,835697,12/8/2022 12:44:40 PM,febe5095-fc63-4c86-8150-aafd449f696b,Gauze,1001,
TOOL_HOVER,835714,12/8/2022 12:44:40 PM,febe5095-fc63-4c86-8150-aafd449f696b,Gauze,1001,
TOOL_HOVER,835731,12/8/2022 12:44:40 PM,febe5095-fc63-4c86-8150-aafd449f696b,Gauze,1001,
TOOL_HOVER,835748,12/8/2022 12:44:40 PM,febe5095-fc63-4c86-8150-aafd449f696b,Gauze,1001,
TOOL_HOVER,835765,12/8/2022 12:44:40 PM,febe5095-fc63-4c86-8150-aafd449f696b,Gauze,1001,
TOOL_HOVER,835781,12/8/2022 12:44:40 PM,febe5095-fc63-4c86-8150-aafd449f696b,Gauze,1001,
TOOL_HOVER,835799,12/8/2022 12:44:40 PM,febe5095-fc63-4c86-8150-aafd449f696b,Gauze,1001,
TOOL_HOVER,835813,12/8/2022 12:44:40 PM,febe5095-fc63-4c86-8150-aafd449f696b,Gauze,1001,
TOOL_HOVER,835830,12/8/2022 12:44:40 PM,febe5095-fc63-4c86-8150-aafd449f696b,Gauze,1001,
TOOL_HOVER,835848,12/8/2022 12:44:40 PM,febe5095-fc63-4c86-8150-aafd449f696b,Gauze,1001,
TOOL_HOVER,835865,12/8/2022 12:44:40 PM,febe5095-fc63-4c86-8150-aafd449f696b,Gauze,1001,
TOOL_HOVER,835882,12/8/2022 12:44:40 PM,febe5095-fc63-4c86-8150-aafd449f696b,Gauze,1001,
TOOL_HOVER,835899,12/8/2022 12:44:40 PM,febe5095-fc63-4c86-8150-aafd449f696b,Gauze,1001,
TOOL_HOVER,835916,12/8/2022 12:44:40 PM,febe5095-fc63-4c86-8150-aafd449f696b,Gauze,1001,
TOOL_HOVER,835931,12/8/2022 12:44:40 PM,febe5095-fc63-4c86-8150-aafd449f696b,Gauze,1001,
TOOL_HOVER,835948,12/8/2022 12:44:40 PM,febe5095-fc63-4c86-8150-aafd449f696b,Gauze,1001,
TOOL_HOVER,835965,12/8/2022 12:44:40 PM,febe5095-fc63-4c86-8150-aafd449f696b,Gauze,1001,
TOOL_HOVER,835981,12/8/2022 12:44:40 PM,febe5095-fc63-4c86-8150-aafd449f696b,Gauze,1001,
TOOL_HOVER,835998,12/8/2022 12:44:40 PM,febe5095-fc63-4c86-8150-aafd449f696b,Gauze,1001,
TOOL_HOVER,836015,12/8/2022 12:44:40 PM,febe5095-fc63-4c86-8150-aafd449f696b,Gauze,1001,
TOOL_HOVER,836032,12/8/2022 12:44:40 PM,febe5095-fc63-4c86-8150-aafd449f696b,Gauze,1001,
TOOL_HOVER,836049,12/8/2022 12:44:40 PM,febe5095-fc63-4c86-8150-aafd449f696b,Gauze,1001,
TOOL_SELECTED,836050,12/8/2022 12:44:40 PM,febe5095-fc63-4c86-8150-aafd449f696b,Gauze,1000,
TOOL_DISCARDED,841463,12/8/2022 12:44:46 PM,febe5095-fc63-4c86-8150-aafd449f696b,Gauze,1000,"(3.0, 0.5, -5.3)",
INJURY_TREATED,841463,12/8/2022 12:44:46 PM,febe5095-fc63-4c86-8150-aafd449f696b,R Forearm Laceration,Mike_0 Root,gauzePressure,low,rightArm,True,False,"(3.0, 0.4, -5.3)",
TOOL_APPLIED,841463,12/8/2022 12:44:46 PM,febe5095-fc63-4c86-8150-aafd449f696b,Mike_0 Root,Gauze_Dressing,skinCollider_BodyCollideLOD (UnityEngine.GameObject),null,null,AppliedDressingGauze,
PULSE_TAKEN,845421,12/8/2022 12:44:50 PM,febe5095-fc63-4c86-8150-aafd449f696b,pulse_normal,Mike_0 Root,
PULSE_TAKEN,846191,12/8/2022 12:44:51 PM,febe5095-fc63-4c86-8150-aafd449f696b,pulse_normal,Mike_0 Root,
PULSE_TAKEN,847928,12/8/2022 12:44:52 PM,febe5095-fc63-4c86-8150-aafd449f696b,pulse_normal,Mike_0 Root,
TAG_SELECTED,852356,12/8/2022 12:44:57 PM,febe5095-fc63-4c86-8150-aafd449f696b,green,
TAG_APPLIED,854812,12/8/2022 12:44:59 PM,febe5095-fc63-4c86-8150-aafd449f696b,Mike_0 Root,green,
BAG_CLOSED,863153,12/8/2022 12:45:08 PM,febe5095-fc63-4c86-8150-aafd449f696b,"(2.9, 0.6, -4.4)",
SESSION_END,988552,12/8/2022 12:47:13 PM,febe5095-fc63-4c86-8150-aafd449f696b,
