VOICE_CAPTURE,7854,12/7/2022 7:51:52 AM,ff8711df-2c39-4cb6-8c0e-585f4b46aa43,you can actually,NA,
TELEPORT,16232,12/7/2022 7:52:00 AM,ff8711df-2c39-4cb6-8c0e-585f4b46aa43,"(1.9, 0.0, 1.2)",
TELEPORT,16700,12/7/2022 7:52:01 AM,ff8711df-2c39-4cb6-8c0e-585f4b46aa43,"(1.9, 0.0, 1.2)",
TELEPORT,17352,12/7/2022 7:52:02 AM,ff8711df-2c39-4cb6-8c0e-585f4b46aa43,"(2.1, 0.0, 1.0)",
TELEPORT,19374,12/7/2022 7:52:04 AM,ff8711df-2c39-4cb6-8c0e-585f4b46aa43,"(2.8, 0.0, 0.4)",
VOICE_CAPTURE,23199,12/7/2022 7:52:07 AM,ff8711df-2c39-4cb6-8c0e-585f4b46aa43,so if you want to go ahead and look at him and use that left that left pad and push forward does that make you feel weird,NA,
VOICE_CAPTURE,26174,12/7/2022 7:52:10 AM,ff8711df-2c39-4cb6-8c0e-585f4b46aa43,that's kind of like,NA,
TELEPORT,26843,12/7/2022 7:52:11 AM,ff8711df-2c39-4cb6-8c0e-585f4b46aa43,"(2.6, 0.0, 0.6)",
TELEPORT,27361,12/7/2022 7:52:12 AM,ff8711df-2c39-4cb6-8c0e-585f4b46aa43,"(2.6, 0.0, 0.6)",
TELEPORT,28279,12/7/2022 7:52:12 AM,ff8711df-2c39-4cb6-8c0e-585f4b46aa43,"(2.9, 0.0, 0.3)",
VOICE_CAPTURE,29849,12/7/2022 7:52:14 AM,ff8711df-2c39-4cb6-8c0e-585f4b46aa43,get close to home if you want to be a little bit closer,NA,
TELEPORT,30334,12/7/2022 7:52:15 AM,ff8711df-2c39-4cb6-8c0e-585f4b46aa43,"(3.1, 0.0, 0.0)",
TELEPORT,30535,12/7/2022 7:52:15 AM,ff8711df-2c39-4cb6-8c0e-585f4b46aa43,"(3.1, 0.0, 0.0)",
VOICE_CAPTURE,35680,12/7/2022 7:52:20 AM,ff8711df-2c39-4cb6-8c0e-585f4b46aa43,you can use that,NA,
VOICE_CAPTURE,38053,12/7/2022 7:52:22 AM,ff8711df-2c39-4cb6-8c0e-585f4b46aa43,the other one,NA,
VOICE_CAPTURE,40274,12/7/2022 7:52:24 AM,ff8711df-2c39-4cb6-8c0e-585f4b46aa43,hold on this one,NA,
TELEPORT,42715,12/7/2022 7:52:27 AM,ff8711df-2c39-4cb6-8c0e-585f4b46aa43,"(2.6, 0.0, 1.3)",
TELEPORT,43116,12/7/2022 7:52:27 AM,ff8711df-2c39-4cb6-8c0e-585f4b46aa43,"(2.6, 0.0, 1.3)",
VOICE_CAPTURE,44535,12/7/2022 7:52:29 AM,ff8711df-2c39-4cb6-8c0e-585f4b46aa43,yeah i know i was playing with it yeah,NA,
VOICE_CAPTURE,48062,12/7/2022 7:52:32 AM,ff8711df-2c39-4cb6-8c0e-585f4b46aa43,OK,NA,
TELEPORT,52155,12/7/2022 7:52:36 AM,ff8711df-2c39-4cb6-8c0e-585f4b46aa43,"(5.0, 0.0, 0.1)",
VOICE_CAPTURE,59606,12/7/2022 7:52:44 AM,ff8711df-2c39-4cb6-8c0e-585f4b46aa43,yes sir,NA,
VOICE_CAPTURE,62815,12/7/2022 7:52:47 AM,ff8711df-2c39-4cb6-8c0e-585f4b46aa43,and then,NA,
VOICE_CAPTURE,65371,12/7/2022 7:52:50 AM,ff8711df-2c39-4cb6-8c0e-585f4b46aa43,yes sir,NA,
TELEPORT,65588,12/7/2022 7:52:50 AM,ff8711df-2c39-4cb6-8c0e-585f4b46aa43,"(3.9, 0.0, 1.3)",
TELEPORT,68061,12/7/2022 7:52:52 AM,ff8711df-2c39-4cb6-8c0e-585f4b46aa43,"(4.3, 0.0, -0.2)",
TELEPORT,70065,12/7/2022 7:52:54 AM,ff8711df-2c39-4cb6-8c0e-585f4b46aa43,"(4.3, 0.0, -0.3)",
PATIENT_ENGAGED,70301,12/7/2022 7:52:54 AM,ff8711df-2c39-4cb6-8c0e-585f4b46aa43,100,128,Mike Root,"(3.3, 0.0, -1.0)","(0.0, -0.1, 0.0, -1.0)",MINIMAL,walker,normal,normal,normal,calm,standing,
TELEPORT,70550,12/7/2022 7:52:55 AM,ff8711df-2c39-4cb6-8c0e-585f4b46aa43,"(4.2, 0.0, -0.6)",
VOICE_CAPTURE,72254,12/7/2022 7:52:56 AM,ff8711df-2c39-4cb6-8c0e-585f4b46aa43,reach out,NA,
TELEPORT,74544,12/7/2022 7:52:59 AM,ff8711df-2c39-4cb6-8c0e-585f4b46aa43,"(4.2, 0.0, -0.6)",
TELEPORT,75345,12/7/2022 7:53:00 AM,ff8711df-2c39-4cb6-8c0e-585f4b46aa43,"(4.0, 0.0, -1.0)",
TELEPORT,76849,12/7/2022 7:53:01 AM,ff8711df-2c39-4cb6-8c0e-585f4b46aa43,"(4.0, 0.0, -1.3)",
VOICE_CAPTURE,77000,12/7/2022 7:53:01 AM,ff8711df-2c39-4cb6-8c0e-585f4b46aa43,what was that oh lord,NA,
PULSE_TAKEN,79824,12/7/2022 7:53:04 AM,ff8711df-2c39-4cb6-8c0e-585f4b46aa43,pulse_normal,Mike Root,
VOICE_CAPTURE,83164,12/7/2022 7:53:07 AM,ff8711df-2c39-4cb6-8c0e-585f4b46aa43,oh lord,NA,
PULSE_TAKEN,83416,12/7/2022 7:53:08 AM,ff8711df-2c39-4cb6-8c0e-585f4b46aa43,pulse_normal,Mike Root,
PULSE_TAKEN,84134,12/7/2022 7:53:08 AM,ff8711df-2c39-4cb6-8c0e-585f4b46aa43,pulse_normal,Mike Root,
PULSE_TAKEN,84184,12/7/2022 7:53:08 AM,ff8711df-2c39-4cb6-8c0e-585f4b46aa43,pulse_normal,Mike Root,
PULSE_TAKEN,84251,12/7/2022 7:53:08 AM,ff8711df-2c39-4cb6-8c0e-585f4b46aa43,pulse_normal,Mike Root,
PULSE_TAKEN,84385,12/7/2022 7:53:09 AM,ff8711df-2c39-4cb6-8c0e-585f4b46aa43,pulse_normal,Mike Root,
PULSE_TAKEN,84735,12/7/2022 7:53:09 AM,ff8711df-2c39-4cb6-8c0e-585f4b46aa43,pulse_normal,Mike Root,
VOICE_CAPTURE,85303,12/7/2022 7:53:10 AM,ff8711df-2c39-4cb6-8c0e-585f4b46aa43,come back,NA,
PULSE_TAKEN,88528,12/7/2022 7:53:13 AM,ff8711df-2c39-4cb6-8c0e-585f4b46aa43,pulse_normal,Mike Root,
VOICE_CAPTURE,88945,12/7/2022 7:53:13 AM,ff8711df-2c39-4cb6-8c0e-585f4b46aa43,you can give them something commands you can tell them to,NA,
VOICE_CAPTURE,93214,12/7/2022 7:53:17 AM,ff8711df-2c39-4cb6-8c0e-585f4b46aa43,i don't wanna say,NA,
VOICE_CAPTURE,95420,12/7/2022 7:53:20 AM,ff8711df-2c39-4cb6-8c0e-585f4b46aa43,you can tell them,NA,
TELEPORT,100967,12/7/2022 7:53:25 AM,ff8711df-2c39-4cb6-8c0e-585f4b46aa43,"(4.0, 0.0, 0.8)",
VOICE_CAPTURE,103658,12/7/2022 7:53:28 AM,ff8711df-2c39-4cb6-8c0e-585f4b46aa43,yes sir,NA,
TELEPORT,103941,12/7/2022 7:53:28 AM,ff8711df-2c39-4cb6-8c0e-585f4b46aa43,"(4.1, 0.0, -0.3)",
TELEPORT,105044,12/7/2022 7:53:29 AM,ff8711df-2c39-4cb6-8c0e-585f4b46aa43,"(3.3, 0.0, -0.4)",
TELEPORT,105947,12/7/2022 7:53:30 AM,ff8711df-2c39-4cb6-8c0e-585f4b46aa43,"(3.3, 0.0, -0.3)",
TELEPORT,106714,12/7/2022 7:53:31 AM,ff8711df-2c39-4cb6-8c0e-585f4b46aa43,"(3.4, 0.0, 0.2)",
TELEPORT,109639,12/7/2022 7:53:34 AM,ff8711df-2c39-4cb6-8c0e-585f4b46aa43,"(4.4, 0.0, 0.0)",
TELEPORT,110658,12/7/2022 7:53:35 AM,ff8711df-2c39-4cb6-8c0e-585f4b46aa43,"(4.5, 0.0, -0.6)",
VOICE_CAPTURE,114784,12/7/2022 7:53:39 AM,ff8711df-2c39-4cb6-8c0e-585f4b46aa43,did you ask like questions that are the same format of what your name but you ask,NA,
VOICE_COMMAND,114785,12/7/2022 7:53:39 AM,ff8711df-2c39-4cb6-8c0e-585f4b46aa43,what is your name,did you ask like questions that are the same format of what your name but you ask,
VOICE_CAPTURE,122353,12/7/2022 7:53:47 AM,ff8711df-2c39-4cb6-8c0e-585f4b46aa43,so go back to your patient or back to your non patient right now,NA,
TELEPORT,131126,12/7/2022 7:53:55 AM,ff8711df-2c39-4cb6-8c0e-585f4b46aa43,"(3.5, 0.0, -0.5)",
TELEPORT,131375,12/7/2022 7:53:56 AM,ff8711df-2c39-4cb6-8c0e-585f4b46aa43,"(3.5, 0.0, -0.5)",
TELEPORT,131793,12/7/2022 7:53:56 AM,ff8711df-2c39-4cb6-8c0e-585f4b46aa43,"(3.5, 0.0, -0.6)",
VOICE_CAPTURE,132394,12/7/2022 7:53:57 AM,ff8711df-2c39-4cb6-8c0e-585f4b46aa43,and you can physically turn around if you wanna see oh yeah i forgot forgot about that,NA,
TELEPORT,132829,12/7/2022 7:53:57 AM,ff8711df-2c39-4cb6-8c0e-585f4b46aa43,"(3.5, 0.0, -0.7)",
TELEPORT,133447,12/7/2022 7:53:58 AM,ff8711df-2c39-4cb6-8c0e-585f4b46aa43,"(3.5, 0.0, -0.9)",
TELEPORT,133798,12/7/2022 7:53:58 AM,ff8711df-2c39-4cb6-8c0e-585f4b46aa43,"(3.4, 0.0, -0.9)",
VOICE_CAPTURE,137782,12/7/2022 7:54:02 AM,ff8711df-2c39-4cb6-8c0e-585f4b46aa43,so i want you to see where the grid looks like,NA,
VOICE_CAPTURE,141793,12/7/2022 7:54:06 AM,ff8711df-2c39-4cb6-8c0e-585f4b46aa43,yes sir,NA,
VOICE_CAPTURE,144776,12/7/2022 7:54:09 AM,ff8711df-2c39-4cb6-8c0e-585f4b46aa43,close,NA,
VOICE_CAPTURE,151259,12/7/2022 7:54:15 AM,ff8711df-2c39-4cb6-8c0e-585f4b46aa43,pretty much,NA,
TELEPORT,151459,12/7/2022 7:54:16 AM,ff8711df-2c39-4cb6-8c0e-585f4b46aa43,"(3.2, 0.0, -0.5)",
VOICE_CAPTURE,154299,12/7/2022 7:54:18 AM,ff8711df-2c39-4cb6-8c0e-585f4b46aa43,i'll stop you from getting,NA,
TELEPORT,155169,12/7/2022 7:54:19 AM,ff8711df-2c39-4cb6-8c0e-585f4b46aa43,"(3.2, 0.0, -0.2)",
TELEPORT,156973,12/7/2022 7:54:21 AM,ff8711df-2c39-4cb6-8c0e-585f4b46aa43,"(3.8, 0.0, -1.0)",
VOICE_CAPTURE,157874,12/7/2022 7:54:22 AM,ff8711df-2c39-4cb6-8c0e-585f4b46aa43,go back,NA,
BAG_ACCESS,163238,12/7/2022 7:54:27 AM,ff8711df-2c39-4cb6-8c0e-585f4b46aa43,"(2.9, 0.7, 0.1)",
VOICE_CAPTURE,171041,12/7/2022 7:54:35 AM,ff8711df-2c39-4cb6-8c0e-585f4b46aa43,i hold on to the trick,NA,
VOICE_CAPTURE,178459,12/7/2022 7:54:43 AM,ff8711df-2c39-4cb6-8c0e-585f4b46aa43,oh,NA,
VOICE_CAPTURE,181767,12/7/2022 7:54:46 AM,ff8711df-2c39-4cb6-8c0e-585f4b46aa43,it's in your way,NA,
TOOL_HOVER,196505,12/7/2022 7:55:01 AM,ff8711df-2c39-4cb6-8c0e-585f4b46aa43,Tourniquet,999,
TOOL_HOVER,196520,12/7/2022 7:55:01 AM,ff8711df-2c39-4cb6-8c0e-585f4b46aa43,Tourniquet,999,
TOOL_HOVER,196537,12/7/2022 7:55:01 AM,ff8711df-2c39-4cb6-8c0e-585f4b46aa43,Tourniquet,999,
TOOL_HOVER,196556,12/7/2022 7:55:01 AM,ff8711df-2c39-4cb6-8c0e-585f4b46aa43,Tourniquet,999,
TOOL_HOVER,196571,12/7/2022 7:55:01 AM,ff8711df-2c39-4cb6-8c0e-585f4b46aa43,Tourniquet,999,
TOOL_HOVER,196588,12/7/2022 7:55:01 AM,ff8711df-2c39-4cb6-8c0e-585f4b46aa43,Tourniquet,999,
TOOL_HOVER,196604,12/7/2022 7:55:01 AM,ff8711df-2c39-4cb6-8c0e-585f4b46aa43,Tourniquet,999,
TOOL_HOVER,196622,12/7/2022 7:55:01 AM,ff8711df-2c39-4cb6-8c0e-585f4b46aa43,Tourniquet,999,
TOOL_HOVER,196638,12/7/2022 7:55:01 AM,ff8711df-2c39-4cb6-8c0e-585f4b46aa43,Tourniquet,999,
TOOL_HOVER,196654,12/7/2022 7:55:01 AM,ff8711df-2c39-4cb6-8c0e-585f4b46aa43,Tourniquet,999,
TOOL_HOVER,196671,12/7/2022 7:55:01 AM,ff8711df-2c39-4cb6-8c0e-585f4b46aa43,Tourniquet,999,
TOOL_HOVER,196688,12/7/2022 7:55:01 AM,ff8711df-2c39-4cb6-8c0e-585f4b46aa43,Tourniquet,999,
TOOL_HOVER,196704,12/7/2022 7:55:01 AM,ff8711df-2c39-4cb6-8c0e-585f4b46aa43,Tourniquet,999,
TOOL_HOVER,196721,12/7/2022 7:55:01 AM,ff8711df-2c39-4cb6-8c0e-585f4b46aa43,Tourniquet,999,
TOOL_HOVER,196738,12/7/2022 7:55:01 AM,ff8711df-2c39-4cb6-8c0e-585f4b46aa43,Tourniquet,999,
TOOL_HOVER,196755,12/7/2022 7:55:01 AM,ff8711df-2c39-4cb6-8c0e-585f4b46aa43,Tourniquet,999,
TOOL_HOVER,196772,12/7/2022 7:55:01 AM,ff8711df-2c39-4cb6-8c0e-585f4b46aa43,Tourniquet,999,
TOOL_HOVER,196789,12/7/2022 7:55:01 AM,ff8711df-2c39-4cb6-8c0e-585f4b46aa43,Tourniquet,999,
TOOL_HOVER,196904,12/7/2022 7:55:01 AM,ff8711df-2c39-4cb6-8c0e-585f4b46aa43,Tourniquet,999,
TOOL_HOVER,196922,12/7/2022 7:55:01 AM,ff8711df-2c39-4cb6-8c0e-585f4b46aa43,Tourniquet,999,
TOOL_HOVER,196938,12/7/2022 7:55:01 AM,ff8711df-2c39-4cb6-8c0e-585f4b46aa43,Tourniquet,999,
TOOL_HOVER,196955,12/7/2022 7:55:01 AM,ff8711df-2c39-4cb6-8c0e-585f4b46aa43,Tourniquet,999,
TOOL_HOVER,196971,12/7/2022 7:55:01 AM,ff8711df-2c39-4cb6-8c0e-585f4b46aa43,Tourniquet,999,
TOOL_HOVER,196988,12/7/2022 7:55:01 AM,ff8711df-2c39-4cb6-8c0e-585f4b46aa43,Tourniquet,999,
TOOL_HOVER,197005,12/7/2022 7:55:01 AM,ff8711df-2c39-4cb6-8c0e-585f4b46aa43,Tourniquet,999,
TOOL_HOVER,197021,12/7/2022 7:55:01 AM,ff8711df-2c39-4cb6-8c0e-585f4b46aa43,Tourniquet,999,
TOOL_HOVER,197039,12/7/2022 7:55:01 AM,ff8711df-2c39-4cb6-8c0e-585f4b46aa43,Tourniquet,999,
TOOL_HOVER,197055,12/7/2022 7:55:01 AM,ff8711df-2c39-4cb6-8c0e-585f4b46aa43,Tourniquet,999,
TOOL_HOVER,197071,12/7/2022 7:55:01 AM,ff8711df-2c39-4cb6-8c0e-585f4b46aa43,Tourniquet,999,
TOOL_HOVER,197088,12/7/2022 7:55:01 AM,ff8711df-2c39-4cb6-8c0e-585f4b46aa43,Tourniquet,999,
TOOL_HOVER,197105,12/7/2022 7:55:01 AM,ff8711df-2c39-4cb6-8c0e-585f4b46aa43,Tourniquet,999,
TOOL_HOVER,197125,12/7/2022 7:55:01 AM,ff8711df-2c39-4cb6-8c0e-585f4b46aa43,Tourniquet,999,
TOOL_HOVER,197140,12/7/2022 7:55:01 AM,ff8711df-2c39-4cb6-8c0e-585f4b46aa43,Tourniquet,999,
TOOL_HOVER,197156,12/7/2022 7:55:01 AM,ff8711df-2c39-4cb6-8c0e-585f4b46aa43,Tourniquet,999,
TOOL_HOVER,197174,12/7/2022 7:55:01 AM,ff8711df-2c39-4cb6-8c0e-585f4b46aa43,Tourniquet,999,
TOOL_HOVER,197189,12/7/2022 7:55:01 AM,ff8711df-2c39-4cb6-8c0e-585f4b46aa43,Tourniquet,999,
TOOL_HOVER,197206,12/7/2022 7:55:01 AM,ff8711df-2c39-4cb6-8c0e-585f4b46aa43,Tourniquet,999,
TOOL_HOVER,197222,12/7/2022 7:55:01 AM,ff8711df-2c39-4cb6-8c0e-585f4b46aa43,Tourniquet,999,
TOOL_HOVER,197239,12/7/2022 7:55:01 AM,ff8711df-2c39-4cb6-8c0e-585f4b46aa43,Tourniquet,999,
TOOL_HOVER,197259,12/7/2022 7:55:01 AM,ff8711df-2c39-4cb6-8c0e-585f4b46aa43,Tourniquet,999,
TOOL_HOVER,197272,12/7/2022 7:55:01 AM,ff8711df-2c39-4cb6-8c0e-585f4b46aa43,Tourniquet,999,
TOOL_HOVER,197289,12/7/2022 7:55:01 AM,ff8711df-2c39-4cb6-8c0e-585f4b46aa43,Tourniquet,999,
TOOL_HOVER,197306,12/7/2022 7:55:02 AM,ff8711df-2c39-4cb6-8c0e-585f4b46aa43,Tourniquet,999,
TOOL_HOVER,197323,12/7/2022 7:55:02 AM,ff8711df-2c39-4cb6-8c0e-585f4b46aa43,Tourniquet,999,
TOOL_HOVER,197340,12/7/2022 7:55:02 AM,ff8711df-2c39-4cb6-8c0e-585f4b46aa43,Tourniquet,999,
TOOL_HOVER,197356,12/7/2022 7:55:02 AM,ff8711df-2c39-4cb6-8c0e-585f4b46aa43,Tourniquet,999,
TOOL_HOVER,197373,12/7/2022 7:55:02 AM,ff8711df-2c39-4cb6-8c0e-585f4b46aa43,Tourniquet,999,
TOOL_HOVER,197389,12/7/2022 7:55:02 AM,ff8711df-2c39-4cb6-8c0e-585f4b46aa43,Tourniquet,999,
TOOL_HOVER,197407,12/7/2022 7:55:02 AM,ff8711df-2c39-4cb6-8c0e-585f4b46aa43,Tourniquet,999,
TOOL_HOVER,197423,12/7/2022 7:55:02 AM,ff8711df-2c39-4cb6-8c0e-585f4b46aa43,Tourniquet,999,
TOOL_HOVER,197439,12/7/2022 7:55:02 AM,ff8711df-2c39-4cb6-8c0e-585f4b46aa43,Tourniquet,999,
TOOL_HOVER,197456,12/7/2022 7:55:02 AM,ff8711df-2c39-4cb6-8c0e-585f4b46aa43,Tourniquet,999,
TOOL_HOVER,197473,12/7/2022 7:55:02 AM,ff8711df-2c39-4cb6-8c0e-585f4b46aa43,Tourniquet,999,
TOOL_HOVER,197490,12/7/2022 7:55:02 AM,ff8711df-2c39-4cb6-8c0e-585f4b46aa43,Tourniquet,999,
TOOL_HOVER,197506,12/7/2022 7:55:02 AM,ff8711df-2c39-4cb6-8c0e-585f4b46aa43,Tourniquet,999,
TOOL_HOVER,197523,12/7/2022 7:55:02 AM,ff8711df-2c39-4cb6-8c0e-585f4b46aa43,Tourniquet,999,
TOOL_HOVER,197539,12/7/2022 7:55:02 AM,ff8711df-2c39-4cb6-8c0e-585f4b46aa43,Tourniquet,999,
TOOL_HOVER,197557,12/7/2022 7:55:02 AM,ff8711df-2c39-4cb6-8c0e-585f4b46aa43,Tourniquet,999,
TOOL_HOVER,197573,12/7/2022 7:55:02 AM,ff8711df-2c39-4cb6-8c0e-585f4b46aa43,Tourniquet,999,
TOOL_HOVER,197590,12/7/2022 7:55:02 AM,ff8711df-2c39-4cb6-8c0e-585f4b46aa43,Tourniquet,999,
TOOL_HOVER,197607,12/7/2022 7:55:02 AM,ff8711df-2c39-4cb6-8c0e-585f4b46aa43,Tourniquet,999,
TOOL_HOVER,197624,12/7/2022 7:55:02 AM,ff8711df-2c39-4cb6-8c0e-585f4b46aa43,Tourniquet,999,
TOOL_HOVER,197640,12/7/2022 7:55:02 AM,ff8711df-2c39-4cb6-8c0e-585f4b46aa43,Tourniquet,999,
TOOL_HOVER,197656,12/7/2022 7:55:02 AM,ff8711df-2c39-4cb6-8c0e-585f4b46aa43,Tourniquet,999,
TOOL_HOVER,197674,12/7/2022 7:55:02 AM,ff8711df-2c39-4cb6-8c0e-585f4b46aa43,Tourniquet,999,
TOOL_HOVER,197692,12/7/2022 7:55:02 AM,ff8711df-2c39-4cb6-8c0e-585f4b46aa43,Tourniquet,999,
TOOL_HOVER,197706,12/7/2022 7:55:02 AM,ff8711df-2c39-4cb6-8c0e-585f4b46aa43,Tourniquet,999,
TOOL_HOVER,197723,12/7/2022 7:55:02 AM,ff8711df-2c39-4cb6-8c0e-585f4b46aa43,Tourniquet,999,
TOOL_HOVER,197740,12/7/2022 7:55:02 AM,ff8711df-2c39-4cb6-8c0e-585f4b46aa43,Tourniquet,999,
TOOL_HOVER,197758,12/7/2022 7:55:02 AM,ff8711df-2c39-4cb6-8c0e-585f4b46aa43,Tourniquet,999,
TOOL_HOVER,197774,12/7/2022 7:55:02 AM,ff8711df-2c39-4cb6-8c0e-585f4b46aa43,Tourniquet,999,
TOOL_HOVER,197790,12/7/2022 7:55:02 AM,ff8711df-2c39-4cb6-8c0e-585f4b46aa43,Tourniquet,999,
TOOL_HOVER,197807,12/7/2022 7:55:02 AM,ff8711df-2c39-4cb6-8c0e-585f4b46aa43,Tourniquet,999,
TOOL_HOVER,197825,12/7/2022 7:55:02 AM,ff8711df-2c39-4cb6-8c0e-585f4b46aa43,Tourniquet,999,
TOOL_HOVER,197841,12/7/2022 7:55:02 AM,ff8711df-2c39-4cb6-8c0e-585f4b46aa43,Tourniquet,999,
TOOL_HOVER,197857,12/7/2022 7:55:02 AM,ff8711df-2c39-4cb6-8c0e-585f4b46aa43,Tourniquet,999,
TOOL_HOVER,197874,12/7/2022 7:55:02 AM,ff8711df-2c39-4cb6-8c0e-585f4b46aa43,Tourniquet,999,
TOOL_HOVER,197891,12/7/2022 7:55:02 AM,ff8711df-2c39-4cb6-8c0e-585f4b46aa43,Tourniquet,999,
TOOL_HOVER,197907,12/7/2022 7:55:02 AM,ff8711df-2c39-4cb6-8c0e-585f4b46aa43,Tourniquet,999,
TOOL_HOVER,197924,12/7/2022 7:55:02 AM,ff8711df-2c39-4cb6-8c0e-585f4b46aa43,Tourniquet,999,
TOOL_HOVER,197941,12/7/2022 7:55:02 AM,ff8711df-2c39-4cb6-8c0e-585f4b46aa43,Tourniquet,999,
TOOL_HOVER,197958,12/7/2022 7:55:02 AM,ff8711df-2c39-4cb6-8c0e-585f4b46aa43,Tourniquet,999,
TOOL_HOVER,197974,12/7/2022 7:55:02 AM,ff8711df-2c39-4cb6-8c0e-585f4b46aa43,Tourniquet,999,
TOOL_HOVER,197991,12/7/2022 7:55:02 AM,ff8711df-2c39-4cb6-8c0e-585f4b46aa43,Tourniquet,999,
TOOL_HOVER,198007,12/7/2022 7:55:02 AM,ff8711df-2c39-4cb6-8c0e-585f4b46aa43,Tourniquet,999,
TOOL_HOVER,198024,12/7/2022 7:55:02 AM,ff8711df-2c39-4cb6-8c0e-585f4b46aa43,Tourniquet,999,
TOOL_HOVER,198040,12/7/2022 7:55:02 AM,ff8711df-2c39-4cb6-8c0e-585f4b46aa43,Tourniquet,999,
TOOL_HOVER,198057,12/7/2022 7:55:02 AM,ff8711df-2c39-4cb6-8c0e-585f4b46aa43,Tourniquet,999,
TOOL_HOVER,198075,12/7/2022 7:55:02 AM,ff8711df-2c39-4cb6-8c0e-585f4b46aa43,Tourniquet,999,
TOOL_HOVER,198091,12/7/2022 7:55:02 AM,ff8711df-2c39-4cb6-8c0e-585f4b46aa43,Tourniquet,999,
TOOL_HOVER,198107,12/7/2022 7:55:02 AM,ff8711df-2c39-4cb6-8c0e-585f4b46aa43,Tourniquet,999,
TOOL_HOVER,198125,12/7/2022 7:55:02 AM,ff8711df-2c39-4cb6-8c0e-585f4b46aa43,Tourniquet,999,
TOOL_HOVER,198141,12/7/2022 7:55:02 AM,ff8711df-2c39-4cb6-8c0e-585f4b46aa43,Tourniquet,999,
TOOL_HOVER,198157,12/7/2022 7:55:02 AM,ff8711df-2c39-4cb6-8c0e-585f4b46aa43,Tourniquet,999,
TOOL_HOVER,198174,12/7/2022 7:55:02 AM,ff8711df-2c39-4cb6-8c0e-585f4b46aa43,Tourniquet,999,
TOOL_HOVER,198191,12/7/2022 7:55:02 AM,ff8711df-2c39-4cb6-8c0e-585f4b46aa43,Tourniquet,999,
TOOL_HOVER,198209,12/7/2022 7:55:02 AM,ff8711df-2c39-4cb6-8c0e-585f4b46aa43,Tourniquet,999,
TOOL_HOVER,198224,12/7/2022 7:55:02 AM,ff8711df-2c39-4cb6-8c0e-585f4b46aa43,Tourniquet,999,
TOOL_HOVER,198244,12/7/2022 7:55:02 AM,ff8711df-2c39-4cb6-8c0e-585f4b46aa43,Tourniquet,999,
TOOL_HOVER,198260,12/7/2022 7:55:02 AM,ff8711df-2c39-4cb6-8c0e-585f4b46aa43,Tourniquet,999,
TOOL_HOVER,198275,12/7/2022 7:55:02 AM,ff8711df-2c39-4cb6-8c0e-585f4b46aa43,Tourniquet,999,
TOOL_HOVER,198292,12/7/2022 7:55:02 AM,ff8711df-2c39-4cb6-8c0e-585f4b46aa43,Tourniquet,999,
TOOL_HOVER,198309,12/7/2022 7:55:03 AM,ff8711df-2c39-4cb6-8c0e-585f4b46aa43,Tourniquet,999,
TOOL_HOVER,198325,12/7/2022 7:55:03 AM,ff8711df-2c39-4cb6-8c0e-585f4b46aa43,Tourniquet,999,
TOOL_HOVER,198341,12/7/2022 7:55:03 AM,ff8711df-2c39-4cb6-8c0e-585f4b46aa43,Tourniquet,999,
TOOL_HOVER,198359,12/7/2022 7:55:03 AM,ff8711df-2c39-4cb6-8c0e-585f4b46aa43,Tourniquet,999,
TOOL_HOVER,198377,12/7/2022 7:55:03 AM,ff8711df-2c39-4cb6-8c0e-585f4b46aa43,Tourniquet,999,
TOOL_HOVER,198396,12/7/2022 7:55:03 AM,ff8711df-2c39-4cb6-8c0e-585f4b46aa43,Tourniquet,999,
TOOL_HOVER,198410,12/7/2022 7:55:03 AM,ff8711df-2c39-4cb6-8c0e-585f4b46aa43,Tourniquet,999,
TOOL_HOVER,198425,12/7/2022 7:55:03 AM,ff8711df-2c39-4cb6-8c0e-585f4b46aa43,Tourniquet,999,
TOOL_HOVER,198441,12/7/2022 7:55:03 AM,ff8711df-2c39-4cb6-8c0e-585f4b46aa43,Tourniquet,999,
TOOL_HOVER,198460,12/7/2022 7:55:03 AM,ff8711df-2c39-4cb6-8c0e-585f4b46aa43,Tourniquet,999,
TOOL_HOVER,198476,12/7/2022 7:55:03 AM,ff8711df-2c39-4cb6-8c0e-585f4b46aa43,Tourniquet,999,
TOOL_HOVER,198493,12/7/2022 7:55:03 AM,ff8711df-2c39-4cb6-8c0e-585f4b46aa43,Tourniquet,999,
TOOL_HOVER,198509,12/7/2022 7:55:03 AM,ff8711df-2c39-4cb6-8c0e-585f4b46aa43,Tourniquet,999,
TOOL_HOVER,198526,12/7/2022 7:55:03 AM,ff8711df-2c39-4cb6-8c0e-585f4b46aa43,Tourniquet,999,
TOOL_HOVER,198542,12/7/2022 7:55:03 AM,ff8711df-2c39-4cb6-8c0e-585f4b46aa43,Tourniquet,999,
TOOL_HOVER,198560,12/7/2022 7:55:03 AM,ff8711df-2c39-4cb6-8c0e-585f4b46aa43,Tourniquet,999,
TOOL_HOVER,198576,12/7/2022 7:55:03 AM,ff8711df-2c39-4cb6-8c0e-585f4b46aa43,Tourniquet,999,
TOOL_HOVER,198593,12/7/2022 7:55:03 AM,ff8711df-2c39-4cb6-8c0e-585f4b46aa43,Tourniquet,999,
TOOL_SELECTED,198595,12/7/2022 7:55:03 AM,ff8711df-2c39-4cb6-8c0e-585f4b46aa43,Tourniquet,998,
TOOL_APPLIED,206114,12/7/2022 7:55:10 AM,ff8711df-2c39-4cb6-8c0e-585f4b46aa43,Mike Root,Tourniquet,LeftArm (UnityEngine.GameObject),tor_ring (1) (UnityEngine.GameObject),tourniquet(Clone) (UnityEngine.GameObject),AppliedTourniquet,
VOICE_CAPTURE,209169,12/7/2022 7:55:13 AM,ff8711df-2c39-4cb6-8c0e-585f4b46aa43,that's when that's when you wanna place it and drop it,NA,
PULSE_TAKEN,210555,12/7/2022 7:55:15 AM,ff8711df-2c39-4cb6-8c0e-585f4b46aa43,pulse_normal,Mike Root,
VOICE_CAPTURE,210889,12/7/2022 7:55:15 AM,ff8711df-2c39-4cb6-8c0e-585f4b46aa43,gotcha,NA,
VOICE_CAPTURE,215141,12/7/2022 7:55:19 AM,ff8711df-2c39-4cb6-8c0e-585f4b46aa43,so if there's no,NA,
VOICE_CAPTURE,219652,12/7/2022 7:55:24 AM,ff8711df-2c39-4cb6-8c0e-585f4b46aa43,it'll just fade away yes sir,NA,
VOICE_CAPTURE,223996,12/7/2022 7:55:28 AM,ff8711df-2c39-4cb6-8c0e-585f4b46aa43,oh,NA,
TOOL_HOVER,224414,12/7/2022 7:55:29 AM,ff8711df-2c39-4cb6-8c0e-585f4b46aa43,Needle,999,
TOOL_HOVER,224431,12/7/2022 7:55:29 AM,ff8711df-2c39-4cb6-8c0e-585f4b46aa43,Needle,999,
TOOL_HOVER,224448,12/7/2022 7:55:29 AM,ff8711df-2c39-4cb6-8c0e-585f4b46aa43,Needle,999,
TOOL_HOVER,224465,12/7/2022 7:55:29 AM,ff8711df-2c39-4cb6-8c0e-585f4b46aa43,Needle,999,
TOOL_HOVER,224481,12/7/2022 7:55:29 AM,ff8711df-2c39-4cb6-8c0e-585f4b46aa43,Needle,999,
TOOL_HOVER,224498,12/7/2022 7:55:29 AM,ff8711df-2c39-4cb6-8c0e-585f4b46aa43,Needle,999,
TOOL_HOVER,224515,12/7/2022 7:55:29 AM,ff8711df-2c39-4cb6-8c0e-585f4b46aa43,Needle,999,
TOOL_HOVER,224532,12/7/2022 7:55:29 AM,ff8711df-2c39-4cb6-8c0e-585f4b46aa43,Needle,999,
TOOL_HOVER,224548,12/7/2022 7:55:29 AM,ff8711df-2c39-4cb6-8c0e-585f4b46aa43,Needle,999,
TOOL_HOVER,224566,12/7/2022 7:55:29 AM,ff8711df-2c39-4cb6-8c0e-585f4b46aa43,Needle,999,
TOOL_HOVER,224582,12/7/2022 7:55:29 AM,ff8711df-2c39-4cb6-8c0e-585f4b46aa43,Needle,999,
TOOL_HOVER,224599,12/7/2022 7:55:29 AM,ff8711df-2c39-4cb6-8c0e-585f4b46aa43,Needle,999,
TOOL_HOVER,224615,12/7/2022 7:55:29 AM,ff8711df-2c39-4cb6-8c0e-585f4b46aa43,Needle,999,
TOOL_HOVER,224633,12/7/2022 7:55:29 AM,ff8711df-2c39-4cb6-8c0e-585f4b46aa43,Needle,999,
TOOL_HOVER,224648,12/7/2022 7:55:29 AM,ff8711df-2c39-4cb6-8c0e-585f4b46aa43,Needle,999,
TOOL_HOVER,224666,12/7/2022 7:55:29 AM,ff8711df-2c39-4cb6-8c0e-585f4b46aa43,Needle,999,
TOOL_SELECTED,224668,12/7/2022 7:55:29 AM,ff8711df-2c39-4cb6-8c0e-585f4b46aa43,Needle,998,
TOOL_APPLIED,230599,12/7/2022 7:55:35 AM,ff8711df-2c39-4cb6-8c0e-585f4b46aa43,Needle_Decomp(Clone),Needle,LChest_Breathe1 (UnityEngine.GameObject),cath_needle (UnityEngine.GameObject),left_chest,Needle_Decomp(Clone) (UnityEngine.GameObject),AppliedDecompNeedle,
VOICE_CAPTURE,238449,12/7/2022 7:55:43 AM,ff8711df-2c39-4cb6-8c0e-585f4b46aa43,yes sir,NA,
TOOL_HOVER,241006,12/7/2022 7:55:45 AM,ff8711df-2c39-4cb6-8c0e-585f4b46aa43,Hemostatic Gauze,999,
TOOL_HOVER,241023,12/7/2022 7:55:45 AM,ff8711df-2c39-4cb6-8c0e-585f4b46aa43,Hemostatic Gauze,999,
TOOL_HOVER,241039,12/7/2022 7:55:45 AM,ff8711df-2c39-4cb6-8c0e-585f4b46aa43,Hemostatic Gauze,999,
TOOL_HOVER,241057,12/7/2022 7:55:45 AM,ff8711df-2c39-4cb6-8c0e-585f4b46aa43,Hemostatic Gauze,999,
TOOL_HOVER,241072,12/7/2022 7:55:45 AM,ff8711df-2c39-4cb6-8c0e-585f4b46aa43,Hemostatic Gauze,999,
TOOL_HOVER,241089,12/7/2022 7:55:45 AM,ff8711df-2c39-4cb6-8c0e-585f4b46aa43,Hemostatic Gauze,999,
TOOL_HOVER,241106,12/7/2022 7:55:45 AM,ff8711df-2c39-4cb6-8c0e-585f4b46aa43,Hemostatic Gauze,999,
VOICE_CAPTURE,241123,12/7/2022 7:55:45 AM,ff8711df-2c39-4cb6-8c0e-585f4b46aa43,and then the next one is,NA,
TOOL_HOVER,241124,12/7/2022 7:55:45 AM,ff8711df-2c39-4cb6-8c0e-585f4b46aa43,Hemostatic Gauze,999,
TOOL_HOVER,241140,12/7/2022 7:55:45 AM,ff8711df-2c39-4cb6-8c0e-585f4b46aa43,Hemostatic Gauze,999,
TOOL_HOVER,241156,12/7/2022 7:55:45 AM,ff8711df-2c39-4cb6-8c0e-585f4b46aa43,Hemostatic Gauze,999,
TOOL_HOVER,241173,12/7/2022 7:55:45 AM,ff8711df-2c39-4cb6-8c0e-585f4b46aa43,Hemostatic Gauze,999,
TOOL_HOVER,241190,12/7/2022 7:55:45 AM,ff8711df-2c39-4cb6-8c0e-585f4b46aa43,Hemostatic Gauze,999,
TOOL_HOVER,241206,12/7/2022 7:55:45 AM,ff8711df-2c39-4cb6-8c0e-585f4b46aa43,Hemostatic Gauze,999,
TOOL_HOVER,241223,12/7/2022 7:55:45 AM,ff8711df-2c39-4cb6-8c0e-585f4b46aa43,Hemostatic Gauze,999,
TOOL_HOVER,241240,12/7/2022 7:55:45 AM,ff8711df-2c39-4cb6-8c0e-585f4b46aa43,Hemostatic Gauze,999,
TOOL_HOVER,241257,12/7/2022 7:55:45 AM,ff8711df-2c39-4cb6-8c0e-585f4b46aa43,Hemostatic Gauze,999,
TOOL_HOVER,241273,12/7/2022 7:55:45 AM,ff8711df-2c39-4cb6-8c0e-585f4b46aa43,Hemostatic Gauze,999,
TOOL_HOVER,241291,12/7/2022 7:55:45 AM,ff8711df-2c39-4cb6-8c0e-585f4b46aa43,Hemostatic Gauze,999,
TOOL_HOVER,241307,12/7/2022 7:55:46 AM,ff8711df-2c39-4cb6-8c0e-585f4b46aa43,Hemostatic Gauze,999,
TOOL_HOVER,241323,12/7/2022 7:55:46 AM,ff8711df-2c39-4cb6-8c0e-585f4b46aa43,Hemostatic Gauze,999,
TOOL_HOVER,241341,12/7/2022 7:55:46 AM,ff8711df-2c39-4cb6-8c0e-585f4b46aa43,Hemostatic Gauze,999,
TOOL_HOVER,241357,12/7/2022 7:55:46 AM,ff8711df-2c39-4cb6-8c0e-585f4b46aa43,Hemostatic Gauze,999,
TOOL_HOVER,241373,12/7/2022 7:55:46 AM,ff8711df-2c39-4cb6-8c0e-585f4b46aa43,Hemostatic Gauze,999,
TOOL_HOVER,241390,12/7/2022 7:55:46 AM,ff8711df-2c39-4cb6-8c0e-585f4b46aa43,Hemostatic Gauze,999,
TOOL_SELECTED,241391,12/7/2022 7:55:46 AM,ff8711df-2c39-4cb6-8c0e-585f4b46aa43,Hemostatic Gauze,998,
TOOL_DISCARDED,247589,12/7/2022 7:55:52 AM,ff8711df-2c39-4cb6-8c0e-585f4b46aa43,Hemostatic Gauze,998,"(2.4, 1.7, -0.3)",
TOOL_DISCARDED,247590,12/7/2022 7:55:52 AM,ff8711df-2c39-4cb6-8c0e-585f4b46aa43,Hemostatic Gauze,999,"(2.4, 1.7, -0.3)",
TOOL_HOVER,247606,12/7/2022 7:55:52 AM,ff8711df-2c39-4cb6-8c0e-585f4b46aa43,Hemostatic Gauze,1000,
TOOL_HOVER,247622,12/7/2022 7:55:52 AM,ff8711df-2c39-4cb6-8c0e-585f4b46aa43,Hemostatic Gauze,1000,
TOOL_HOVER,247639,12/7/2022 7:55:52 AM,ff8711df-2c39-4cb6-8c0e-585f4b46aa43,Hemostatic Gauze,1000,
TOOL_HOVER,247656,12/7/2022 7:55:52 AM,ff8711df-2c39-4cb6-8c0e-585f4b46aa43,Hemostatic Gauze,1000,
TOOL_HOVER,247672,12/7/2022 7:55:52 AM,ff8711df-2c39-4cb6-8c0e-585f4b46aa43,Hemostatic Gauze,1000,
TOOL_HOVER,247690,12/7/2022 7:55:52 AM,ff8711df-2c39-4cb6-8c0e-585f4b46aa43,Hemostatic Gauze,1000,
TOOL_HOVER,247706,12/7/2022 7:55:52 AM,ff8711df-2c39-4cb6-8c0e-585f4b46aa43,Hemostatic Gauze,1000,
TOOL_HOVER,247724,12/7/2022 7:55:52 AM,ff8711df-2c39-4cb6-8c0e-585f4b46aa43,Hemostatic Gauze,1000,
TOOL_HOVER,247739,12/7/2022 7:55:52 AM,ff8711df-2c39-4cb6-8c0e-585f4b46aa43,Hemostatic Gauze,1000,
TOOL_HOVER,247756,12/7/2022 7:55:52 AM,ff8711df-2c39-4cb6-8c0e-585f4b46aa43,Hemostatic Gauze,1000,
TOOL_HOVER,247773,12/7/2022 7:55:52 AM,ff8711df-2c39-4cb6-8c0e-585f4b46aa43,Hemostatic Gauze,1000,
TOOL_HOVER,247790,12/7/2022 7:55:52 AM,ff8711df-2c39-4cb6-8c0e-585f4b46aa43,Hemostatic Gauze,1000,
TOOL_HOVER,247806,12/7/2022 7:55:52 AM,ff8711df-2c39-4cb6-8c0e-585f4b46aa43,Hemostatic Gauze,1000,
TOOL_HOVER,247822,12/7/2022 7:55:52 AM,ff8711df-2c39-4cb6-8c0e-585f4b46aa43,Hemostatic Gauze,1000,
TOOL_HOVER,247839,12/7/2022 7:55:52 AM,ff8711df-2c39-4cb6-8c0e-585f4b46aa43,Hemostatic Gauze,1000,
TOOL_HOVER,247857,12/7/2022 7:55:52 AM,ff8711df-2c39-4cb6-8c0e-585f4b46aa43,Hemostatic Gauze,1000,
TOOL_HOVER,247872,12/7/2022 7:55:52 AM,ff8711df-2c39-4cb6-8c0e-585f4b46aa43,Hemostatic Gauze,1000,
TOOL_HOVER,247889,12/7/2022 7:55:52 AM,ff8711df-2c39-4cb6-8c0e-585f4b46aa43,Hemostatic Gauze,1000,
VOICE_CAPTURE,251599,12/7/2022 7:55:56 AM,ff8711df-2c39-4cb6-8c0e-585f4b46aa43,yes sir,NA,
VOICE_CAPTURE,254490,12/7/2022 7:55:59 AM,ff8711df-2c39-4cb6-8c0e-585f4b46aa43,so everybody,NA,
TAG_SELECTED,264725,12/7/2022 7:56:09 AM,ff8711df-2c39-4cb6-8c0e-585f4b46aa43,green,
TAG_APPLIED,267815,12/7/2022 7:56:12 AM,ff8711df-2c39-4cb6-8c0e-585f4b46aa43,Mike Root,green,
VOICE_CAPTURE,271790,12/7/2022 7:56:16 AM,ff8711df-2c39-4cb6-8c0e-585f4b46aa43,they're cool,NA,
BAG_CLOSED,274047,12/7/2022 7:56:18 AM,ff8711df-2c39-4cb6-8c0e-585f4b46aa43,"(2.9, 0.7, 0.1)",
VOICE_CAPTURE,276618,12/7/2022 7:56:21 AM,ff8711df-2c39-4cb6-8c0e-585f4b46aa43,you wanna practice,NA,
TELEPORT,276986,12/7/2022 7:56:21 AM,ff8711df-2c39-4cb6-8c0e-585f4b46aa43,"(4.0, 0.0, -0.7)",
TELEPORT,281932,12/7/2022 7:56:26 AM,ff8711df-2c39-4cb6-8c0e-585f4b46aa43,"(3.9, 0.0, -0.8)",
VOICE_CAPTURE,282483,12/7/2022 7:56:27 AM,ff8711df-2c39-4cb6-8c0e-585f4b46aa43,yeah let's practice with the kid i guess,NA,
TELEPORT,283386,12/7/2022 7:56:28 AM,ff8711df-2c39-4cb6-8c0e-585f4b46aa43,"(3.5, 0.0, -0.6)",
PATIENT_DEMOTED,284544,12/7/2022 7:56:29 AM,ff8711df-2c39-4cb6-8c0e-585f4b46aa43,100,Infinity,Mike_0 Root,"(2.6, 0.0, -0.6)","(0.0, 0.7, 0.0, -0.7)",DELAYED,walker,normal,normal,normal,upset,sittingGround,
PATIENT_DEMOTED,285188,12/7/2022 7:56:29 AM,ff8711df-2c39-4cb6-8c0e-585f4b46aa43,100,Infinity,Mike_1 Root,"(2.6, 0.0, 0.1)","(0.0, 0.7, 0.0, -0.7)",IMMEDIATE,waver,normal,normal,normal,upset,recovery,
PATIENT_DEMOTED,285833,12/7/2022 7:56:30 AM,ff8711df-2c39-4cb6-8c0e-585f4b46aa43,100,Infinity,Mike_2 Root,"(2.6, 0.0, 2.4)","(0.0, 0.7, 0.0, -0.7)",IMMEDIATE,walker,fast,normal,normal,upset,sittingGround,
PATIENT_DEMOTED,286494,12/7/2022 7:56:31 AM,ff8711df-2c39-4cb6-8c0e-585f4b46aa43,100,128,Mike_3 Root,"(3.0, 0.0, 4.3)","(0.0, 0.7, 0.0, -0.7)",IMMEDIATE,still,faint,collapsedRight,normal,unresponsive,supine,
VOICE_CAPTURE,290344,12/7/2022 7:56:35 AM,ff8711df-2c39-4cb6-8c0e-585f4b46aa43,not dizzy but like,NA,
VOICE_CAPTURE,293402,12/7/2022 7:56:38 AM,ff8711df-2c39-4cb6-8c0e-585f4b46aa43,fair enough,NA,
VOICE_CAPTURE,294823,12/7/2022 7:56:39 AM,ff8711df-2c39-4cb6-8c0e-585f4b46aa43,yeah,NA,
VOICE_CAPTURE,297010,12/7/2022 7:56:41 AM,ff8711df-2c39-4cb6-8c0e-585f4b46aa43,no,NA,
SESSION_START,298331,12/7/2022 7:56:43 AM,ff8711df-2c39-4cb6-8c0e-585f4b46aa43,
PATIENT_RECORD,298332,12/7/2022 7:56:43 AM,ff8711df-2c39-4cb6-8c0e-585f4b46aa43,100,Infinity,Mike_0 Root,"(2.6, 0.0, -1.4)","(0.0, 0.7, 0.0, -0.7)",DELAYED,walker,normal,normal,normal,upset,sittingGround,
INJURY_RECORD,298332,12/7/2022 7:56:43 AM,ff8711df-2c39-4cb6-8c0e-585f4b46aa43,R Forearm Laceration,Mike_0 Root,gauzePressure,low,rightArm,False,False,"(2.7, 1.4, -0.9)",
PATIENT_RECORD,298332,12/7/2022 7:56:43 AM,ff8711df-2c39-4cb6-8c0e-585f4b46aa43,100,Infinity,Mike_1 Root,"(2.9, 0.0, 0.1)","(0.0, 0.7, 0.0, -0.7)",IMMEDIATE,waver,normal,normal,normal,upset,recovery,
INJURY_RECORD,298333,12/7/2022 7:56:43 AM,ff8711df-2c39-4cb6-8c0e-585f4b46aa43,L Thigh Laceration,Mike_1 Root,tourniquet,medium,leftLeg,False,False,"(2.8, 0.7, -0.1)",
PATIENT_RECORD,298333,12/7/2022 7:56:43 AM,ff8711df-2c39-4cb6-8c0e-585f4b46aa43,100,Infinity,Mike_2 Root,"(3.1, 0.0, 2.2)","(0.0, 0.7, 0.0, -0.7)",IMMEDIATE,walker,fast,normal,normal,upset,sittingGround,
INJURY_RECORD,298333,12/7/2022 7:56:43 AM,ff8711df-2c39-4cb6-8c0e-585f4b46aa43,L Shoulder Puncture,Mike_2 Root,woundpack,medium,chest,False,False,"(3.1, 1.4, 2.1)",
PATIENT_RECORD,298333,12/7/2022 7:56:43 AM,ff8711df-2c39-4cb6-8c0e-585f4b46aa43,100,128,Mike_3 Root,"(3.2, 0.0, 4.3)","(0.0, 0.7, 0.0, -0.7)",IMMEDIATE,still,faint,collapsedRight,normal,unresponsive,supine,
INJURY_RECORD,298333,12/7/2022 7:56:43 AM,ff8711df-2c39-4cb6-8c0e-585f4b46aa43,R Chest Collapse,Mike_3 Root,decompress,high,chest,False,False,"(0.0, 0.0, 0.0)",
VOICE_CAPTURE,299734,12/7/2022 7:56:44 AM,ff8711df-2c39-4cb6-8c0e-585f4b46aa43,no,NA,
TELEPORT,300937,12/7/2022 7:56:45 AM,ff8711df-2c39-4cb6-8c0e-585f4b46aa43,"(0.8, 0.0, -3.4)",
TELEPORT,302676,12/7/2022 7:56:47 AM,ff8711df-2c39-4cb6-8c0e-585f4b46aa43,"(0.7, 0.0, -3.1)",
TELEPORT,303594,12/7/2022 7:56:48 AM,ff8711df-2c39-4cb6-8c0e-585f4b46aa43,"(0.5, 0.0, -2.7)",
PATIENT_ENGAGED,306768,12/7/2022 7:56:51 AM,ff8711df-2c39-4cb6-8c0e-585f4b46aa43,100,Infinity,Mike_0 Root,"(2.6, 0.0, -1.4)","(0.0, 0.7, 0.0, -0.7)",DELAYED,walker,normal,normal,normal,upset,sittingGround,
VOICE_CAPTURE,309845,12/7/2022 7:56:54 AM,ff8711df-2c39-4cb6-8c0e-585f4b46aa43,hey partner what's going on today,NA,
VOICE_CAPTURE,311213,12/7/2022 7:56:55 AM,ff8711df-2c39-4cb6-8c0e-585f4b46aa43,are you hurt,NA,
VOICE_COMMAND,311213,12/7/2022 7:56:55 AM,ff8711df-2c39-4cb6-8c0e-585f4b46aa43,are you hurt,are you hurt,
VOICE_CAPTURE,312164,12/7/2022 7:56:56 AM,ff8711df-2c39-4cb6-8c0e-585f4b46aa43,what's hurting you the most,NA,
VOICE_COMMAND,312164,12/7/2022 7:56:56 AM,ff8711df-2c39-4cb6-8c0e-585f4b46aa43,are you hurt,what's hurting you the most,
VOICE_CAPTURE,313669,12/7/2022 7:56:58 AM,ff8711df-2c39-4cb6-8c0e-585f4b46aa43,are you hurt,NA,
VOICE_COMMAND,313669,12/7/2022 7:56:58 AM,ff8711df-2c39-4cb6-8c0e-585f4b46aa43,are you hurt,are you hurt,
VOICE_CAPTURE,316286,12/7/2022 7:57:00 AM,ff8711df-2c39-4cb6-8c0e-585f4b46aa43,is it,NA,
VOICE_CAPTURE,318580,12/7/2022 7:57:03 AM,ff8711df-2c39-4cb6-8c0e-585f4b46aa43,are you hurt,NA,
VOICE_COMMAND,318580,12/7/2022 7:57:03 AM,ff8711df-2c39-4cb6-8c0e-585f4b46aa43,are you hurt,are you hurt,
VOICE_CAPTURE,320494,12/7/2022 7:57:05 AM,ff8711df-2c39-4cb6-8c0e-585f4b46aa43,are you hurt,NA,
VOICE_COMMAND,320494,12/7/2022 7:57:05 AM,ff8711df-2c39-4cb6-8c0e-585f4b46aa43,are you hurt,are you hurt,
VOICE_CAPTURE,321899,12/7/2022 7:57:06 AM,ff8711df-2c39-4cb6-8c0e-585f4b46aa43,show me,NA,
VOICE_COMMAND,321899,12/7/2022 7:57:06 AM,ff8711df-2c39-4cb6-8c0e-585f4b46aa43,reveal injury,show me,
VOICE_CAPTURE,324103,12/7/2022 7:57:08 AM,ff8711df-2c39-4cb6-8c0e-585f4b46aa43,is it supposed to take this longer,NA,
VOICE_CAPTURE,330694,12/7/2022 7:57:15 AM,ff8711df-2c39-4cb6-8c0e-585f4b46aa43,i can't really hear him,NA,
VOICE_CAPTURE,335072,12/7/2022 7:57:19 AM,ff8711df-2c39-4cb6-8c0e-585f4b46aa43,yes i can't really hear anything,NA,
VOICE_CAPTURE,341804,12/7/2022 7:57:26 AM,ff8711df-2c39-4cb6-8c0e-585f4b46aa43,yeah yeah,NA,
VOICE_CAPTURE,346800,12/7/2022 7:57:31 AM,ff8711df-2c39-4cb6-8c0e-585f4b46aa43,OK,NA,
VOICE_CAPTURE,351095,12/7/2022 7:57:35 AM,ff8711df-2c39-4cb6-8c0e-585f4b46aa43,sir what's your name,NA,
VOICE_COMMAND,351095,12/7/2022 7:57:35 AM,ff8711df-2c39-4cb6-8c0e-585f4b46aa43,what is your name,sir what's your name,
VOICE_CAPTURE,358779,12/7/2022 7:57:43 AM,ff8711df-2c39-4cb6-8c0e-585f4b46aa43,michael can you show me what hurt what's hurting you the most right now,NA,
VOICE_COMMAND,358779,12/7/2022 7:57:43 AM,ff8711df-2c39-4cb6-8c0e-585f4b46aa43,are you hurt,michael can you show me what hurt what's hurting you the most right now,
VOICE_COMMAND,358780,12/7/2022 7:57:43 AM,ff8711df-2c39-4cb6-8c0e-585f4b46aa43,reveal injury,michael can you show me what hurt what's hurting you the most right now,
VOICE_CAPTURE,367451,12/7/2022 7:57:52 AM,ff8711df-2c39-4cb6-8c0e-585f4b46aa43,it's just right outside of,NA,
VOICE_CAPTURE,375013,12/7/2022 7:57:59 AM,ff8711df-2c39-4cb6-8c0e-585f4b46aa43,yeah,NA,
BAG_ACCESS,377167,12/7/2022 7:58:01 AM,ff8711df-2c39-4cb6-8c0e-585f4b46aa43,"(1.4, 0.8, -1.3)",
TAG_SELECTED,379290,12/7/2022 7:58:03 AM,ff8711df-2c39-4cb6-8c0e-585f4b46aa43,red,
TAG_DISCARDED,379791,12/7/2022 7:58:04 AM,ff8711df-2c39-4cb6-8c0e-585f4b46aa43,red,"(2.3, 0.9, -1.8)",
TAG_SELECTED,379825,12/7/2022 7:58:04 AM,ff8711df-2c39-4cb6-8c0e-585f4b46aa43,red,
TAG_DISCARDED,379991,12/7/2022 7:58:04 AM,ff8711df-2c39-4cb6-8c0e-585f4b46aa43,red,"(2.3, 0.9, -1.8)",
VOICE_CAPTURE,380492,12/7/2022 7:58:05 AM,ff8711df-2c39-4cb6-8c0e-585f4b46aa43,OK,NA,
PULSE_TAKEN,393048,12/7/2022 7:58:17 AM,ff8711df-2c39-4cb6-8c0e-585f4b46aa43,pulse_normal,Mike_0 Root,
PULSE_TAKEN,393967,12/7/2022 7:58:18 AM,ff8711df-2c39-4cb6-8c0e-585f4b46aa43,pulse_normal,Mike_0 Root,
PULSE_TAKEN,395955,12/7/2022 7:58:20 AM,ff8711df-2c39-4cb6-8c0e-585f4b46aa43,pulse_normal,Mike_0 Root,
VOICE_CAPTURE,397677,12/7/2022 7:58:22 AM,ff8711df-2c39-4cb6-8c0e-585f4b46aa43,michael how's your arm going,NA,
PULSE_TAKEN,399214,12/7/2022 7:58:23 AM,ff8711df-2c39-4cb6-8c0e-585f4b46aa43,pulse_normal,Mike_0 Root,
PULSE_TAKEN,402856,12/7/2022 7:58:27 AM,ff8711df-2c39-4cb6-8c0e-585f4b46aa43,pulse_normal,Mike_0 Root,
PULSE_TAKEN,403507,12/7/2022 7:58:28 AM,ff8711df-2c39-4cb6-8c0e-585f4b46aa43,pulse_normal,Mike_0 Root,
VOICE_CAPTURE,404427,12/7/2022 7:58:29 AM,ff8711df-2c39-4cb6-8c0e-585f4b46aa43,modbutton groan,NA,
VOICE_COMMAND,404427,12/7/2022 7:58:29 AM,ff8711df-2c39-4cb6-8c0e-585f4b46aa43,modbutton groan,modbutton groan,
PULSE_TAKEN,405112,12/7/2022 7:58:29 AM,ff8711df-2c39-4cb6-8c0e-585f4b46aa43,pulse_normal,Mike_0 Root,
VOICE_CAPTURE,405245,12/7/2022 7:58:29 AM,ff8711df-2c39-4cb6-8c0e-585f4b46aa43,michael how's your arm feeling,NA,
VOICE_CAPTURE,412413,12/7/2022 7:58:37 AM,ff8711df-2c39-4cb6-8c0e-585f4b46aa43,OK,NA,
TOOL_HOVER,412614,12/7/2022 7:58:37 AM,ff8711df-2c39-4cb6-8c0e-585f4b46aa43,Gauze,999,
TOOL_HOVER,412630,12/7/2022 7:58:37 AM,ff8711df-2c39-4cb6-8c0e-585f4b46aa43,Gauze,999,
TOOL_HOVER,412647,12/7/2022 7:58:37 AM,ff8711df-2c39-4cb6-8c0e-585f4b46aa43,Gauze,999,
TOOL_HOVER,412663,12/7/2022 7:58:37 AM,ff8711df-2c39-4cb6-8c0e-585f4b46aa43,Gauze,999,
TOOL_HOVER,412680,12/7/2022 7:58:37 AM,ff8711df-2c39-4cb6-8c0e-585f4b46aa43,Gauze,999,
TOOL_HOVER,412697,12/7/2022 7:58:37 AM,ff8711df-2c39-4cb6-8c0e-585f4b46aa43,Gauze,999,
TOOL_HOVER,412714,12/7/2022 7:58:37 AM,ff8711df-2c39-4cb6-8c0e-585f4b46aa43,Gauze,999,
TOOL_HOVER,412730,12/7/2022 7:58:37 AM,ff8711df-2c39-4cb6-8c0e-585f4b46aa43,Gauze,999,
TOOL_HOVER,412747,12/7/2022 7:58:37 AM,ff8711df-2c39-4cb6-8c0e-585f4b46aa43,Gauze,999,
TOOL_HOVER,412764,12/7/2022 7:58:37 AM,ff8711df-2c39-4cb6-8c0e-585f4b46aa43,Gauze,999,
TOOL_HOVER,412780,12/7/2022 7:58:37 AM,ff8711df-2c39-4cb6-8c0e-585f4b46aa43,Gauze,999,
TOOL_HOVER,412799,12/7/2022 7:58:37 AM,ff8711df-2c39-4cb6-8c0e-585f4b46aa43,Gauze,999,
TOOL_HOVER,412814,12/7/2022 7:58:37 AM,ff8711df-2c39-4cb6-8c0e-585f4b46aa43,Gauze,999,
TOOL_HOVER,412831,12/7/2022 7:58:37 AM,ff8711df-2c39-4cb6-8c0e-585f4b46aa43,Gauze,999,
TOOL_HOVER,412847,12/7/2022 7:58:37 AM,ff8711df-2c39-4cb6-8c0e-585f4b46aa43,Gauze,999,
TOOL_HOVER,412864,12/7/2022 7:58:37 AM,ff8711df-2c39-4cb6-8c0e-585f4b46aa43,Gauze,999,
TOOL_HOVER,412881,12/7/2022 7:58:37 AM,ff8711df-2c39-4cb6-8c0e-585f4b46aa43,Gauze,999,
TOOL_HOVER,412897,12/7/2022 7:58:37 AM,ff8711df-2c39-4cb6-8c0e-585f4b46aa43,Gauze,999,
TOOL_SELECTED,412898,12/7/2022 7:58:37 AM,ff8711df-2c39-4cb6-8c0e-585f4b46aa43,Gauze,998,
TOOL_DISCARDED,415087,12/7/2022 7:58:39 AM,ff8711df-2c39-4cb6-8c0e-585f4b46aa43,Gauze,998,"(2.8, 0.4, -1.4)",
INJURY_TREATED,415088,12/7/2022 7:58:39 AM,ff8711df-2c39-4cb6-8c0e-585f4b46aa43,R Forearm Laceration,Mike_0 Root,gauzePressure,low,rightArm,True,False,"(2.8, 0.5, -1.4)",
TOOL_APPLIED,415088,12/7/2022 7:58:39 AM,ff8711df-2c39-4cb6-8c0e-585f4b46aa43,Mike_0 Root,Gauze_Dressing,skinCollider_BodyCollideLOD (UnityEngine.GameObject),null,null,AppliedDressingGauze,
TAG_SELECTED,419581,12/7/2022 7:58:44 AM,ff8711df-2c39-4cb6-8c0e-585f4b46aa43,green,
TAG_APPLIED,422171,12/7/2022 7:58:46 AM,ff8711df-2c39-4cb6-8c0e-585f4b46aa43,Mike_0 Root,green,
VOICE_CAPTURE,422806,12/7/2022 7:58:47 AM,ff8711df-2c39-4cb6-8c0e-585f4b46aa43,ah gotcha michael gotcha,NA,
BAG_CLOSED,425264,12/7/2022 7:58:49 AM,ff8711df-2c39-4cb6-8c0e-585f4b46aa43,"(1.4, 0.8, -1.3)",
VOICE_CAPTURE,427600,12/7/2022 7:58:52 AM,ff8711df-2c39-4cb6-8c0e-585f4b46aa43,yes sir,NA,
TELEPORT,432597,12/7/2022 7:58:57 AM,ff8711df-2c39-4cb6-8c0e-585f4b46aa43,"(0.3, 0.0, -2.4)",
VOICE_CAPTURE,432964,12/7/2022 7:58:57 AM,ff8711df-2c39-4cb6-8c0e-585f4b46aa43,OK,NA,
TELEPORT,433181,12/7/2022 7:58:57 AM,ff8711df-2c39-4cb6-8c0e-585f4b46aa43,"(0.1, 0.0, -2.1)",
TELEPORT,433415,12/7/2022 7:58:58 AM,ff8711df-2c39-4cb6-8c0e-585f4b46aa43,"(0.1, 0.0, -2.1)",
TELEPORT,433883,12/7/2022 7:58:58 AM,ff8711df-2c39-4cb6-8c0e-585f4b46aa43,"(0.1, 0.0, -1.8)",
TELEPORT,435053,12/7/2022 7:58:59 AM,ff8711df-2c39-4cb6-8c0e-585f4b46aa43,"(0.4, 0.0, -1.1)",
BAG_ACCESS,441962,12/7/2022 7:59:06 AM,ff8711df-2c39-4cb6-8c0e-585f4b46aa43,"(1.8, 0.7, 0.6)",
TOOL_HOVER,442919,12/7/2022 7:59:07 AM,ff8711df-2c39-4cb6-8c0e-585f4b46aa43,Tourniquet,998,
TOOL_HOVER,442941,12/7/2022 7:59:07 AM,ff8711df-2c39-4cb6-8c0e-585f4b46aa43,Tourniquet,998,
TOOL_HOVER,442965,12/7/2022 7:59:07 AM,ff8711df-2c39-4cb6-8c0e-585f4b46aa43,Tourniquet,998,
TOOL_HOVER,442986,12/7/2022 7:59:07 AM,ff8711df-2c39-4cb6-8c0e-585f4b46aa43,Tourniquet,998,
TOOL_HOVER,443009,12/7/2022 7:59:07 AM,ff8711df-2c39-4cb6-8c0e-585f4b46aa43,Tourniquet,998,
TOOL_SELECTED,443010,12/7/2022 7:59:07 AM,ff8711df-2c39-4cb6-8c0e-585f4b46aa43,Tourniquet,997,
TOOL_DISCARDED,444039,12/7/2022 7:59:08 AM,ff8711df-2c39-4cb6-8c0e-585f4b46aa43,Tourniquet,997,"(3.0, 0.4, 0.3)",
PATIENT_ENGAGED,444165,12/7/2022 7:59:08 AM,ff8711df-2c39-4cb6-8c0e-585f4b46aa43,100,Infinity,Mike_1 Root,"(2.9, 0.0, 0.1)","(0.0, 0.7, 0.0, -0.7)",IMMEDIATE,waver,normal,normal,normal,upset,recovery,
VOICE_CAPTURE,444372,12/7/2022 7:59:09 AM,ff8711df-2c39-4cb6-8c0e-585f4b46aa43,OK,NA,
TOOL_HOVER,445816,12/7/2022 7:59:10 AM,ff8711df-2c39-4cb6-8c0e-585f4b46aa43,Tourniquet,998,
TOOL_SELECTED,445817,12/7/2022 7:59:10 AM,ff8711df-2c39-4cb6-8c0e-585f4b46aa43,Tourniquet,997,
INJURY_TREATED,447477,12/7/2022 7:59:12 AM,ff8711df-2c39-4cb6-8c0e-585f4b46aa43,L Thigh Laceration,Mike_1 Root,tourniquet,medium,leftLeg,True,False,"(2.8, 0.3, 0.3)",
TOOL_APPLIED,447477,12/7/2022 7:59:12 AM,ff8711df-2c39-4cb6-8c0e-585f4b46aa43,Mike_1 Root,Tourniquet,LeftUpLeg (UnityEngine.GameObject),tor_ring (1) (UnityEngine.GameObject),tourniquet(Clone) (UnityEngine.GameObject),AppliedTourniquet,
VOICE_CAPTURE,455956,12/7/2022 7:59:20 AM,ff8711df-2c39-4cb6-8c0e-585f4b46aa43,yes sir,NA,
TAG_SELECTED,458078,12/7/2022 7:59:22 AM,ff8711df-2c39-4cb6-8c0e-585f4b46aa43,yellow,
TAG_APPLIED,459364,12/7/2022 7:59:24 AM,ff8711df-2c39-4cb6-8c0e-585f4b46aa43,Mike_1 Root,yellow,
VOICE_CAPTURE,460966,12/7/2022 7:59:25 AM,ff8711df-2c39-4cb6-8c0e-585f4b46aa43,you wouldn't real life yes sir,NA,
PULSE_TAKEN,464357,12/7/2022 7:59:29 AM,ff8711df-2c39-4cb6-8c0e-585f4b46aa43,pulse_normal,Mike_1 Root,
PULSE_TAKEN,464876,12/7/2022 7:59:29 AM,ff8711df-2c39-4cb6-8c0e-585f4b46aa43,pulse_normal,Mike_1 Root,
PULSE_TAKEN,466664,12/7/2022 7:59:31 AM,ff8711df-2c39-4cb6-8c0e-585f4b46aa43,pulse_normal,Mike_1 Root,
VOICE_CAPTURE,467700,12/7/2022 7:59:32 AM,ff8711df-2c39-4cb6-8c0e-585f4b46aa43,do i have to feel for radio,NA,
VOICE_CAPTURE,471619,12/7/2022 7:59:36 AM,ff8711df-2c39-4cb6-8c0e-585f4b46aa43,yes sir,NA,
VOICE_CAPTURE,476789,12/7/2022 7:59:41 AM,ff8711df-2c39-4cb6-8c0e-585f4b46aa43,sorry sorry,NA,
BAG_CLOSED,477324,12/7/2022 7:59:42 AM,ff8711df-2c39-4cb6-8c0e-585f4b46aa43,"(1.8, 0.7, 0.6)",
TELEPORT,477324,12/7/2022 7:59:42 AM,ff8711df-2c39-4cb6-8c0e-585f4b46aa43,"(0.3, 0.0, -1.0)",
VOICE_CAPTURE,480897,12/7/2022 7:59:45 AM,ff8711df-2c39-4cb6-8c0e-585f4b46aa43,oh lord,NA,
BAG_ACCESS,485096,12/7/2022 7:59:49 AM,ff8711df-2c39-4cb6-8c0e-585f4b46aa43,"(2.1, 0.7, 1.2)",
TAG_SELECTED,487399,12/7/2022 7:59:52 AM,ff8711df-2c39-4cb6-8c0e-585f4b46aa43,black,
TAG_DISCARDED,488099,12/7/2022 7:59:52 AM,ff8711df-2c39-4cb6-8c0e-585f4b46aa43,black,"(3.2, 1.1, 1.3)",
TOOL_HOVER,488404,12/7/2022 7:59:53 AM,ff8711df-2c39-4cb6-8c0e-585f4b46aa43,Hemostatic Gauze,1000,
TOOL_HOVER,488427,12/7/2022 7:59:53 AM,ff8711df-2c39-4cb6-8c0e-585f4b46aa43,Hemostatic Gauze,1000,
TOOL_HOVER,488449,12/7/2022 7:59:53 AM,ff8711df-2c39-4cb6-8c0e-585f4b46aa43,Hemostatic Gauze,1000,
TOOL_HOVER,488471,12/7/2022 7:59:53 AM,ff8711df-2c39-4cb6-8c0e-585f4b46aa43,Hemostatic Gauze,1000,
TOOL_SELECTED,488471,12/7/2022 7:59:53 AM,ff8711df-2c39-4cb6-8c0e-585f4b46aa43,Hemostatic Gauze,999,
PATIENT_ENGAGED,489080,12/7/2022 7:59:53 AM,ff8711df-2c39-4cb6-8c0e-585f4b46aa43,100,Infinity,Mike_2 Root,"(3.1, 0.0, 2.2)","(0.0, 0.7, 0.0, -0.7)",IMMEDIATE,walker,fast,normal,normal,upset,sittingGround,
TOOL_DISCARDED,492210,12/7/2022 7:59:56 AM,ff8711df-2c39-4cb6-8c0e-585f4b46aa43,Hemostatic Gauze,999,"(3.3, 0.5, 2.4)",
TOOL_DISCARDED,492210,12/7/2022 7:59:56 AM,ff8711df-2c39-4cb6-8c0e-585f4b46aa43,Hemostatic Gauze,1000,"(3.3, 0.5, 2.4)",
VOICE_CAPTURE,493414,12/7/2022 7:59:58 AM,ff8711df-2c39-4cb6-8c0e-585f4b46aa43,oh god,NA,
PULSE_TAKEN,494796,12/7/2022 7:59:59 AM,ff8711df-2c39-4cb6-8c0e-585f4b46aa43,pulse_fast,Mike_2 Root,
TOOL_HOVER,497410,12/7/2022 8:00:02 AM,ff8711df-2c39-4cb6-8c0e-585f4b46aa43,Hemostatic Gauze,1001,
TOOL_HOVER,497425,12/7/2022 8:00:02 AM,ff8711df-2c39-4cb6-8c0e-585f4b46aa43,Hemostatic Gauze,1001,
TOOL_HOVER,497441,12/7/2022 8:00:02 AM,ff8711df-2c39-4cb6-8c0e-585f4b46aa43,Hemostatic Gauze,1001,
TOOL_HOVER,497458,12/7/2022 8:00:02 AM,ff8711df-2c39-4cb6-8c0e-585f4b46aa43,Hemostatic Gauze,1001,
TOOL_HOVER,497473,12/7/2022 8:00:02 AM,ff8711df-2c39-4cb6-8c0e-585f4b46aa43,Hemostatic Gauze,1001,
TOOL_HOVER,497490,12/7/2022 8:00:02 AM,ff8711df-2c39-4cb6-8c0e-585f4b46aa43,Hemostatic Gauze,1001,
TOOL_HOVER,497507,12/7/2022 8:00:02 AM,ff8711df-2c39-4cb6-8c0e-585f4b46aa43,Hemostatic Gauze,1001,
TOOL_HOVER,497524,12/7/2022 8:00:02 AM,ff8711df-2c39-4cb6-8c0e-585f4b46aa43,Hemostatic Gauze,1001,
TOOL_HOVER,497540,12/7/2022 8:00:02 AM,ff8711df-2c39-4cb6-8c0e-585f4b46aa43,Hemostatic Gauze,1001,
TOOL_HOVER,497557,12/7/2022 8:00:02 AM,ff8711df-2c39-4cb6-8c0e-585f4b46aa43,Hemostatic Gauze,1001,
TOOL_HOVER,497574,12/7/2022 8:00:02 AM,ff8711df-2c39-4cb6-8c0e-585f4b46aa43,Hemostatic Gauze,1001,
TOOL_HOVER,497590,12/7/2022 8:00:02 AM,ff8711df-2c39-4cb6-8c0e-585f4b46aa43,Hemostatic Gauze,1001,
TOOL_HOVER,497610,12/7/2022 8:00:02 AM,ff8711df-2c39-4cb6-8c0e-585f4b46aa43,Hemostatic Gauze,1001,
TOOL_HOVER,497624,12/7/2022 8:00:02 AM,ff8711df-2c39-4cb6-8c0e-585f4b46aa43,Hemostatic Gauze,1001,
TOOL_HOVER,497641,12/7/2022 8:00:02 AM,ff8711df-2c39-4cb6-8c0e-585f4b46aa43,Hemostatic Gauze,1001,
TOOL_HOVER,497658,12/7/2022 8:00:02 AM,ff8711df-2c39-4cb6-8c0e-585f4b46aa43,Hemostatic Gauze,1001,
TOOL_HOVER,497675,12/7/2022 8:00:02 AM,ff8711df-2c39-4cb6-8c0e-585f4b46aa43,Hemostatic Gauze,1001,
TOOL_HOVER,497692,12/7/2022 8:00:02 AM,ff8711df-2c39-4cb6-8c0e-585f4b46aa43,Hemostatic Gauze,1001,
TOOL_HOVER,497708,12/7/2022 8:00:02 AM,ff8711df-2c39-4cb6-8c0e-585f4b46aa43,Hemostatic Gauze,1001,
TOOL_HOVER,497725,12/7/2022 8:00:02 AM,ff8711df-2c39-4cb6-8c0e-585f4b46aa43,Hemostatic Gauze,1001,
TOOL_HOVER,497743,12/7/2022 8:00:02 AM,ff8711df-2c39-4cb6-8c0e-585f4b46aa43,Hemostatic Gauze,1001,
TOOL_SELECTED,497743,12/7/2022 8:00:02 AM,ff8711df-2c39-4cb6-8c0e-585f4b46aa43,Hemostatic Gauze,1000,
TOOL_DISCARDED,499148,12/7/2022 8:00:03 AM,ff8711df-2c39-4cb6-8c0e-585f4b46aa43,Hemostatic Gauze,1000,"(3.4, 1.0, 1.4)",
TOOL_DISCARDED,499148,12/7/2022 8:00:03 AM,ff8711df-2c39-4cb6-8c0e-585f4b46aa43,Hemostatic Gauze,1001,"(3.4, 1.0, 1.4)",
TOOL_HOVER,499211,12/7/2022 8:00:03 AM,ff8711df-2c39-4cb6-8c0e-585f4b46aa43,Hemostatic Gauze,1002,
TOOL_HOVER,499233,12/7/2022 8:00:03 AM,ff8711df-2c39-4cb6-8c0e-585f4b46aa43,Hemostatic Gauze,1002,
TOOL_HOVER,499253,12/7/2022 8:00:03 AM,ff8711df-2c39-4cb6-8c0e-585f4b46aa43,Hemostatic Gauze,1002,
TOOL_HOVER,499275,12/7/2022 8:00:03 AM,ff8711df-2c39-4cb6-8c0e-585f4b46aa43,Hemostatic Gauze,1002,
TOOL_HOVER,499297,12/7/2022 8:00:03 AM,ff8711df-2c39-4cb6-8c0e-585f4b46aa43,Hemostatic Gauze,1002,
TOOL_HOVER,499318,12/7/2022 8:00:04 AM,ff8711df-2c39-4cb6-8c0e-585f4b46aa43,Hemostatic Gauze,1002,
TOOL_HOVER,499339,12/7/2022 8:00:04 AM,ff8711df-2c39-4cb6-8c0e-585f4b46aa43,Hemostatic Gauze,1002,
TOOL_HOVER,499360,12/7/2022 8:00:04 AM,ff8711df-2c39-4cb6-8c0e-585f4b46aa43,Hemostatic Gauze,1002,
TOOL_HOVER,499382,12/7/2022 8:00:04 AM,ff8711df-2c39-4cb6-8c0e-585f4b46aa43,Hemostatic Gauze,1002,
TOOL_HOVER,499403,12/7/2022 8:00:04 AM,ff8711df-2c39-4cb6-8c0e-585f4b46aa43,Hemostatic Gauze,1002,
TOOL_HOVER,499424,12/7/2022 8:00:04 AM,ff8711df-2c39-4cb6-8c0e-585f4b46aa43,Hemostatic Gauze,1002,
TOOL_HOVER,499446,12/7/2022 8:00:04 AM,ff8711df-2c39-4cb6-8c0e-585f4b46aa43,Hemostatic Gauze,1002,
TOOL_HOVER,499467,12/7/2022 8:00:04 AM,ff8711df-2c39-4cb6-8c0e-585f4b46aa43,Hemostatic Gauze,1002,
TOOL_HOVER,499488,12/7/2022 8:00:04 AM,ff8711df-2c39-4cb6-8c0e-585f4b46aa43,Hemostatic Gauze,1002,
TOOL_HOVER,499510,12/7/2022 8:00:04 AM,ff8711df-2c39-4cb6-8c0e-585f4b46aa43,Hemostatic Gauze,1002,
TOOL_HOVER,499531,12/7/2022 8:00:04 AM,ff8711df-2c39-4cb6-8c0e-585f4b46aa43,Hemostatic Gauze,1002,
TOOL_HOVER,499551,12/7/2022 8:00:04 AM,ff8711df-2c39-4cb6-8c0e-585f4b46aa43,Hemostatic Gauze,1002,
TOOL_HOVER,499572,12/7/2022 8:00:04 AM,ff8711df-2c39-4cb6-8c0e-585f4b46aa43,Hemostatic Gauze,1002,
TOOL_HOVER,499594,12/7/2022 8:00:04 AM,ff8711df-2c39-4cb6-8c0e-585f4b46aa43,Hemostatic Gauze,1002,
TOOL_HOVER,499610,12/7/2022 8:00:04 AM,ff8711df-2c39-4cb6-8c0e-585f4b46aa43,Hemostatic Gauze,1002,
TOOL_HOVER,499628,12/7/2022 8:00:04 AM,ff8711df-2c39-4cb6-8c0e-585f4b46aa43,Hemostatic Gauze,1002,
TOOL_HOVER,499644,12/7/2022 8:00:04 AM,ff8711df-2c39-4cb6-8c0e-585f4b46aa43,Hemostatic Gauze,1002,
TOOL_HOVER,499660,12/7/2022 8:00:04 AM,ff8711df-2c39-4cb6-8c0e-585f4b46aa43,Hemostatic Gauze,1002,
TOOL_HOVER,499678,12/7/2022 8:00:04 AM,ff8711df-2c39-4cb6-8c0e-585f4b46aa43,Hemostatic Gauze,1002,
TOOL_HOVER,499695,12/7/2022 8:00:04 AM,ff8711df-2c39-4cb6-8c0e-585f4b46aa43,Hemostatic Gauze,1002,
TOOL_HOVER,499712,12/7/2022 8:00:04 AM,ff8711df-2c39-4cb6-8c0e-585f4b46aa43,Hemostatic Gauze,1002,
TOOL_HOVER,499728,12/7/2022 8:00:04 AM,ff8711df-2c39-4cb6-8c0e-585f4b46aa43,Hemostatic Gauze,1002,
TOOL_HOVER,499745,12/7/2022 8:00:04 AM,ff8711df-2c39-4cb6-8c0e-585f4b46aa43,Hemostatic Gauze,1002,
TOOL_HOVER,499761,12/7/2022 8:00:04 AM,ff8711df-2c39-4cb6-8c0e-585f4b46aa43,Hemostatic Gauze,1002,
TOOL_HOVER,499779,12/7/2022 8:00:04 AM,ff8711df-2c39-4cb6-8c0e-585f4b46aa43,Hemostatic Gauze,1002,
TOOL_HOVER,499795,12/7/2022 8:00:04 AM,ff8711df-2c39-4cb6-8c0e-585f4b46aa43,Hemostatic Gauze,1002,
TOOL_HOVER,499813,12/7/2022 8:00:04 AM,ff8711df-2c39-4cb6-8c0e-585f4b46aa43,Hemostatic Gauze,1002,
TOOL_HOVER,499829,12/7/2022 8:00:04 AM,ff8711df-2c39-4cb6-8c0e-585f4b46aa43,Hemostatic Gauze,1002,
TOOL_HOVER,499847,12/7/2022 8:00:04 AM,ff8711df-2c39-4cb6-8c0e-585f4b46aa43,Hemostatic Gauze,1002,
TOOL_HOVER,499862,12/7/2022 8:00:04 AM,ff8711df-2c39-4cb6-8c0e-585f4b46aa43,Hemostatic Gauze,1002,
TOOL_HOVER,499879,12/7/2022 8:00:04 AM,ff8711df-2c39-4cb6-8c0e-585f4b46aa43,Hemostatic Gauze,1002,
TOOL_HOVER,499897,12/7/2022 8:00:04 AM,ff8711df-2c39-4cb6-8c0e-585f4b46aa43,Hemostatic Gauze,1002,
TOOL_HOVER,499914,12/7/2022 8:00:04 AM,ff8711df-2c39-4cb6-8c0e-585f4b46aa43,Hemostatic Gauze,1002,
TOOL_HOVER,499929,12/7/2022 8:00:04 AM,ff8711df-2c39-4cb6-8c0e-585f4b46aa43,Hemostatic Gauze,1002,
TOOL_HOVER,499947,12/7/2022 8:00:04 AM,ff8711df-2c39-4cb6-8c0e-585f4b46aa43,Hemostatic Gauze,1002,
TOOL_HOVER,499963,12/7/2022 8:00:04 AM,ff8711df-2c39-4cb6-8c0e-585f4b46aa43,Hemostatic Gauze,1002,
TOOL_HOVER,499979,12/7/2022 8:00:04 AM,ff8711df-2c39-4cb6-8c0e-585f4b46aa43,Hemostatic Gauze,1002,
TOOL_HOVER,499997,12/7/2022 8:00:04 AM,ff8711df-2c39-4cb6-8c0e-585f4b46aa43,Hemostatic Gauze,1002,
TOOL_HOVER,500013,12/7/2022 8:00:04 AM,ff8711df-2c39-4cb6-8c0e-585f4b46aa43,Hemostatic Gauze,1002,
TOOL_HOVER,500029,12/7/2022 8:00:04 AM,ff8711df-2c39-4cb6-8c0e-585f4b46aa43,Hemostatic Gauze,1002,
TOOL_HOVER,500046,12/7/2022 8:00:04 AM,ff8711df-2c39-4cb6-8c0e-585f4b46aa43,Hemostatic Gauze,1002,
TOOL_HOVER,500063,12/7/2022 8:00:04 AM,ff8711df-2c39-4cb6-8c0e-585f4b46aa43,Hemostatic Gauze,1002,
TOOL_HOVER,500080,12/7/2022 8:00:04 AM,ff8711df-2c39-4cb6-8c0e-585f4b46aa43,Hemostatic Gauze,1002,
TOOL_HOVER,500096,12/7/2022 8:00:04 AM,ff8711df-2c39-4cb6-8c0e-585f4b46aa43,Hemostatic Gauze,1002,
TOOL_HOVER,500113,12/7/2022 8:00:04 AM,ff8711df-2c39-4cb6-8c0e-585f4b46aa43,Hemostatic Gauze,1002,
TOOL_HOVER,500130,12/7/2022 8:00:04 AM,ff8711df-2c39-4cb6-8c0e-585f4b46aa43,Hemostatic Gauze,1002,
TOOL_HOVER,500146,12/7/2022 8:00:04 AM,ff8711df-2c39-4cb6-8c0e-585f4b46aa43,Hemostatic Gauze,1002,
TOOL_HOVER,500163,12/7/2022 8:00:04 AM,ff8711df-2c39-4cb6-8c0e-585f4b46aa43,Hemostatic Gauze,1002,
TOOL_HOVER,500180,12/7/2022 8:00:04 AM,ff8711df-2c39-4cb6-8c0e-585f4b46aa43,Hemostatic Gauze,1002,
TOOL_HOVER,500197,12/7/2022 8:00:04 AM,ff8711df-2c39-4cb6-8c0e-585f4b46aa43,Hemostatic Gauze,1002,
TOOL_HOVER,500213,12/7/2022 8:00:04 AM,ff8711df-2c39-4cb6-8c0e-585f4b46aa43,Hemostatic Gauze,1002,
TOOL_HOVER,500232,12/7/2022 8:00:04 AM,ff8711df-2c39-4cb6-8c0e-585f4b46aa43,Hemostatic Gauze,1002,
TOOL_HOVER,500248,12/7/2022 8:00:04 AM,ff8711df-2c39-4cb6-8c0e-585f4b46aa43,Hemostatic Gauze,1002,
TOOL_HOVER,500263,12/7/2022 8:00:04 AM,ff8711df-2c39-4cb6-8c0e-585f4b46aa43,Hemostatic Gauze,1002,
TOOL_HOVER,500280,12/7/2022 8:00:04 AM,ff8711df-2c39-4cb6-8c0e-585f4b46aa43,Hemostatic Gauze,1002,
TOOL_HOVER,500297,12/7/2022 8:00:04 AM,ff8711df-2c39-4cb6-8c0e-585f4b46aa43,Hemostatic Gauze,1002,
TOOL_HOVER,500313,12/7/2022 8:00:05 AM,ff8711df-2c39-4cb6-8c0e-585f4b46aa43,Hemostatic Gauze,1002,
TOOL_HOVER,500330,12/7/2022 8:00:05 AM,ff8711df-2c39-4cb6-8c0e-585f4b46aa43,Hemostatic Gauze,1002,
TOOL_HOVER,500347,12/7/2022 8:00:05 AM,ff8711df-2c39-4cb6-8c0e-585f4b46aa43,Hemostatic Gauze,1002,
TOOL_HOVER,500364,12/7/2022 8:00:05 AM,ff8711df-2c39-4cb6-8c0e-585f4b46aa43,Hemostatic Gauze,1002,
TOOL_HOVER,500380,12/7/2022 8:00:05 AM,ff8711df-2c39-4cb6-8c0e-585f4b46aa43,Hemostatic Gauze,1002,
TOOL_HOVER,500397,12/7/2022 8:00:05 AM,ff8711df-2c39-4cb6-8c0e-585f4b46aa43,Hemostatic Gauze,1002,
TOOL_HOVER,500413,12/7/2022 8:00:05 AM,ff8711df-2c39-4cb6-8c0e-585f4b46aa43,Hemostatic Gauze,1002,
TOOL_HOVER,500431,12/7/2022 8:00:05 AM,ff8711df-2c39-4cb6-8c0e-585f4b46aa43,Hemostatic Gauze,1002,
TOOL_HOVER,500447,12/7/2022 8:00:05 AM,ff8711df-2c39-4cb6-8c0e-585f4b46aa43,Hemostatic Gauze,1002,
TOOL_HOVER,500464,12/7/2022 8:00:05 AM,ff8711df-2c39-4cb6-8c0e-585f4b46aa43,Hemostatic Gauze,1002,
TOOL_HOVER,500480,12/7/2022 8:00:05 AM,ff8711df-2c39-4cb6-8c0e-585f4b46aa43,Hemostatic Gauze,1002,
TOOL_HOVER,500497,12/7/2022 8:00:05 AM,ff8711df-2c39-4cb6-8c0e-585f4b46aa43,Hemostatic Gauze,1002,
TOOL_HOVER,500515,12/7/2022 8:00:05 AM,ff8711df-2c39-4cb6-8c0e-585f4b46aa43,Hemostatic Gauze,1002,
TOOL_HOVER,500531,12/7/2022 8:00:05 AM,ff8711df-2c39-4cb6-8c0e-585f4b46aa43,Hemostatic Gauze,1002,
TOOL_HOVER,500548,12/7/2022 8:00:05 AM,ff8711df-2c39-4cb6-8c0e-585f4b46aa43,Hemostatic Gauze,1002,
TOOL_HOVER,500564,12/7/2022 8:00:05 AM,ff8711df-2c39-4cb6-8c0e-585f4b46aa43,Hemostatic Gauze,1002,
TOOL_HOVER,500581,12/7/2022 8:00:05 AM,ff8711df-2c39-4cb6-8c0e-585f4b46aa43,Hemostatic Gauze,1002,
TOOL_HOVER,500599,12/7/2022 8:00:05 AM,ff8711df-2c39-4cb6-8c0e-585f4b46aa43,Hemostatic Gauze,1002,
TOOL_HOVER,500615,12/7/2022 8:00:05 AM,ff8711df-2c39-4cb6-8c0e-585f4b46aa43,Hemostatic Gauze,1002,
TOOL_HOVER,500631,12/7/2022 8:00:05 AM,ff8711df-2c39-4cb6-8c0e-585f4b46aa43,Hemostatic Gauze,1002,
TOOL_HOVER,500649,12/7/2022 8:00:05 AM,ff8711df-2c39-4cb6-8c0e-585f4b46aa43,Hemostatic Gauze,1002,
TOOL_SELECTED,500649,12/7/2022 8:00:05 AM,ff8711df-2c39-4cb6-8c0e-585f4b46aa43,Hemostatic Gauze,1001,
VOICE_CAPTURE,502652,12/7/2022 8:00:07 AM,ff8711df-2c39-4cb6-8c0e-585f4b46aa43,maybe,NA,
TOOL_DISCARDED,503317,12/7/2022 8:00:08 AM,ff8711df-2c39-4cb6-8c0e-585f4b46aa43,Hemostatic Gauze,1001,"(3.3, 0.4, 2.4)",
TOOL_DISCARDED,503317,12/7/2022 8:00:08 AM,ff8711df-2c39-4cb6-8c0e-585f4b46aa43,Hemostatic Gauze,1002,"(3.3, 0.4, 2.4)",
TOOL_HOVER,507215,12/7/2022 8:00:11 AM,ff8711df-2c39-4cb6-8c0e-585f4b46aa43,Hemostatic Gauze,1003,
TOOL_HOVER,507231,12/7/2022 8:00:11 AM,ff8711df-2c39-4cb6-8c0e-585f4b46aa43,Hemostatic Gauze,1003,
TOOL_HOVER,507249,12/7/2022 8:00:11 AM,ff8711df-2c39-4cb6-8c0e-585f4b46aa43,Hemostatic Gauze,1003,
TOOL_HOVER,507265,12/7/2022 8:00:11 AM,ff8711df-2c39-4cb6-8c0e-585f4b46aa43,Hemostatic Gauze,1003,
TOOL_HOVER,507281,12/7/2022 8:00:11 AM,ff8711df-2c39-4cb6-8c0e-585f4b46aa43,Hemostatic Gauze,1003,
TOOL_HOVER,507298,12/7/2022 8:00:11 AM,ff8711df-2c39-4cb6-8c0e-585f4b46aa43,Hemostatic Gauze,1003,
TOOL_HOVER,507315,12/7/2022 8:00:12 AM,ff8711df-2c39-4cb6-8c0e-585f4b46aa43,Hemostatic Gauze,1003,
TOOL_HOVER,507332,12/7/2022 8:00:12 AM,ff8711df-2c39-4cb6-8c0e-585f4b46aa43,Hemostatic Gauze,1003,
TOOL_HOVER,507349,12/7/2022 8:00:12 AM,ff8711df-2c39-4cb6-8c0e-585f4b46aa43,Hemostatic Gauze,1003,
TOOL_HOVER,507365,12/7/2022 8:00:12 AM,ff8711df-2c39-4cb6-8c0e-585f4b46aa43,Hemostatic Gauze,1003,
TOOL_HOVER,507382,12/7/2022 8:00:12 AM,ff8711df-2c39-4cb6-8c0e-585f4b46aa43,Hemostatic Gauze,1003,
TOOL_HOVER,507398,12/7/2022 8:00:12 AM,ff8711df-2c39-4cb6-8c0e-585f4b46aa43,Hemostatic Gauze,1003,
TAG_SELECTED,507416,12/7/2022 8:00:12 AM,ff8711df-2c39-4cb6-8c0e-585f4b46aa43,black,
TAG_DISCARDED,508586,12/7/2022 8:00:13 AM,ff8711df-2c39-4cb6-8c0e-585f4b46aa43,black,"(3.1, 1.1, 1.4)",
TOOL_HOVER,508802,12/7/2022 8:00:13 AM,ff8711df-2c39-4cb6-8c0e-585f4b46aa43,Hemostatic Gauze,1003,
TOOL_HOVER,508819,12/7/2022 8:00:13 AM,ff8711df-2c39-4cb6-8c0e-585f4b46aa43,Hemostatic Gauze,1003,
TOOL_HOVER,508836,12/7/2022 8:00:13 AM,ff8711df-2c39-4cb6-8c0e-585f4b46aa43,Hemostatic Gauze,1003,
TOOL_HOVER,508852,12/7/2022 8:00:13 AM,ff8711df-2c39-4cb6-8c0e-585f4b46aa43,Hemostatic Gauze,1003,
TOOL_HOVER,508869,12/7/2022 8:00:13 AM,ff8711df-2c39-4cb6-8c0e-585f4b46aa43,Hemostatic Gauze,1003,
TOOL_HOVER,508886,12/7/2022 8:00:13 AM,ff8711df-2c39-4cb6-8c0e-585f4b46aa43,Hemostatic Gauze,1003,
TOOL_HOVER,508903,12/7/2022 8:00:13 AM,ff8711df-2c39-4cb6-8c0e-585f4b46aa43,Hemostatic Gauze,1003,
TOOL_HOVER,508919,12/7/2022 8:00:13 AM,ff8711df-2c39-4cb6-8c0e-585f4b46aa43,Hemostatic Gauze,1003,
TOOL_HOVER,508936,12/7/2022 8:00:13 AM,ff8711df-2c39-4cb6-8c0e-585f4b46aa43,Hemostatic Gauze,1003,
TOOL_HOVER,508953,12/7/2022 8:00:13 AM,ff8711df-2c39-4cb6-8c0e-585f4b46aa43,Hemostatic Gauze,1003,
TOOL_HOVER,508970,12/7/2022 8:00:13 AM,ff8711df-2c39-4cb6-8c0e-585f4b46aa43,Hemostatic Gauze,1003,
TOOL_HOVER,508987,12/7/2022 8:00:13 AM,ff8711df-2c39-4cb6-8c0e-585f4b46aa43,Hemostatic Gauze,1003,
TOOL_HOVER,509004,12/7/2022 8:00:13 AM,ff8711df-2c39-4cb6-8c0e-585f4b46aa43,Hemostatic Gauze,1003,
TOOL_HOVER,509020,12/7/2022 8:00:13 AM,ff8711df-2c39-4cb6-8c0e-585f4b46aa43,Hemostatic Gauze,1003,
TOOL_HOVER,509037,12/7/2022 8:00:13 AM,ff8711df-2c39-4cb6-8c0e-585f4b46aa43,Hemostatic Gauze,1003,
TOOL_HOVER,509053,12/7/2022 8:00:13 AM,ff8711df-2c39-4cb6-8c0e-585f4b46aa43,Hemostatic Gauze,1003,
TOOL_HOVER,509071,12/7/2022 8:00:13 AM,ff8711df-2c39-4cb6-8c0e-585f4b46aa43,Hemostatic Gauze,1003,
TOOL_HOVER,509087,12/7/2022 8:00:13 AM,ff8711df-2c39-4cb6-8c0e-585f4b46aa43,Hemostatic Gauze,1003,
TOOL_HOVER,509104,12/7/2022 8:00:13 AM,ff8711df-2c39-4cb6-8c0e-585f4b46aa43,Hemostatic Gauze,1003,
TOOL_HOVER,509120,12/7/2022 8:00:13 AM,ff8711df-2c39-4cb6-8c0e-585f4b46aa43,Hemostatic Gauze,1003,
TOOL_HOVER,509137,12/7/2022 8:00:13 AM,ff8711df-2c39-4cb6-8c0e-585f4b46aa43,Hemostatic Gauze,1003,
TOOL_HOVER,509153,12/7/2022 8:00:13 AM,ff8711df-2c39-4cb6-8c0e-585f4b46aa43,Hemostatic Gauze,1003,
TOOL_HOVER,509170,12/7/2022 8:00:13 AM,ff8711df-2c39-4cb6-8c0e-585f4b46aa43,Hemostatic Gauze,1003,
TOOL_HOVER,509186,12/7/2022 8:00:13 AM,ff8711df-2c39-4cb6-8c0e-585f4b46aa43,Hemostatic Gauze,1003,
TOOL_HOVER,509203,12/7/2022 8:00:13 AM,ff8711df-2c39-4cb6-8c0e-585f4b46aa43,Hemostatic Gauze,1003,
TOOL_SELECTED,509204,12/7/2022 8:00:13 AM,ff8711df-2c39-4cb6-8c0e-585f4b46aa43,Hemostatic Gauze,1002,
VOICE_CAPTURE,511139,12/7/2022 8:00:15 AM,ff8711df-2c39-4cb6-8c0e-585f4b46aa43,hey,NA,
TOOL_DISCARDED,512806,12/7/2022 8:00:17 AM,ff8711df-2c39-4cb6-8c0e-585f4b46aa43,Hemostatic Gauze,1002,"(3.3, 0.4, 2.3)",
TOOL_DISCARDED,512807,12/7/2022 8:00:17 AM,ff8711df-2c39-4cb6-8c0e-585f4b46aa43,Hemostatic Gauze,1003,"(3.3, 0.4, 2.3)",
TOOL_HOVER,516405,12/7/2022 8:00:21 AM,ff8711df-2c39-4cb6-8c0e-585f4b46aa43,Hemostatic Gauze,1004,
TOOL_HOVER,516420,12/7/2022 8:00:21 AM,ff8711df-2c39-4cb6-8c0e-585f4b46aa43,Hemostatic Gauze,1004,
TOOL_HOVER,516438,12/7/2022 8:00:21 AM,ff8711df-2c39-4cb6-8c0e-585f4b46aa43,Hemostatic Gauze,1004,
TOOL_HOVER,516454,12/7/2022 8:00:21 AM,ff8711df-2c39-4cb6-8c0e-585f4b46aa43,Hemostatic Gauze,1004,
TOOL_HOVER,516472,12/7/2022 8:00:21 AM,ff8711df-2c39-4cb6-8c0e-585f4b46aa43,Hemostatic Gauze,1004,
TOOL_HOVER,516488,12/7/2022 8:00:21 AM,ff8711df-2c39-4cb6-8c0e-585f4b46aa43,Hemostatic Gauze,1004,
TOOL_HOVER,516503,12/7/2022 8:00:21 AM,ff8711df-2c39-4cb6-8c0e-585f4b46aa43,Hemostatic Gauze,1004,
TOOL_HOVER,516520,12/7/2022 8:00:21 AM,ff8711df-2c39-4cb6-8c0e-585f4b46aa43,Hemostatic Gauze,1004,
TOOL_HOVER,516538,12/7/2022 8:00:21 AM,ff8711df-2c39-4cb6-8c0e-585f4b46aa43,Hemostatic Gauze,1004,
TOOL_HOVER,516556,12/7/2022 8:00:21 AM,ff8711df-2c39-4cb6-8c0e-585f4b46aa43,Hemostatic Gauze,1004,
TOOL_HOVER,516571,12/7/2022 8:00:21 AM,ff8711df-2c39-4cb6-8c0e-585f4b46aa43,Hemostatic Gauze,1004,
TOOL_HOVER,516588,12/7/2022 8:00:21 AM,ff8711df-2c39-4cb6-8c0e-585f4b46aa43,Hemostatic Gauze,1004,
TOOL_HOVER,516605,12/7/2022 8:00:21 AM,ff8711df-2c39-4cb6-8c0e-585f4b46aa43,Hemostatic Gauze,1004,
TOOL_HOVER,516621,12/7/2022 8:00:21 AM,ff8711df-2c39-4cb6-8c0e-585f4b46aa43,Hemostatic Gauze,1004,
TOOL_HOVER,516638,12/7/2022 8:00:21 AM,ff8711df-2c39-4cb6-8c0e-585f4b46aa43,Hemostatic Gauze,1004,
TOOL_HOVER,516654,12/7/2022 8:00:21 AM,ff8711df-2c39-4cb6-8c0e-585f4b46aa43,Hemostatic Gauze,1004,
TOOL_HOVER,516671,12/7/2022 8:00:21 AM,ff8711df-2c39-4cb6-8c0e-585f4b46aa43,Hemostatic Gauze,1004,
TOOL_SELECTED,516672,12/7/2022 8:00:21 AM,ff8711df-2c39-4cb6-8c0e-585f4b46aa43,Hemostatic Gauze,1003,
TOOL_DISCARDED,521248,12/7/2022 8:00:25 AM,ff8711df-2c39-4cb6-8c0e-585f4b46aa43,Hemostatic Gauze,1003,"(3.3, 0.4, 2.3)",
TOOL_DISCARDED,521248,12/7/2022 8:00:25 AM,ff8711df-2c39-4cb6-8c0e-585f4b46aa43,Hemostatic Gauze,1004,"(3.3, 0.4, 2.3)",
VOICE_CAPTURE,524992,12/7/2022 8:00:29 AM,ff8711df-2c39-4cb6-8c0e-585f4b46aa43,stand,NA,
VOICE_COMMAND,524992,12/7/2022 8:00:29 AM,ff8711df-2c39-4cb6-8c0e-585f4b46aa43,stand up,stand,
VOICE_CAPTURE,527090,12/7/2022 8:00:31 AM,ff8711df-2c39-4cb6-8c0e-585f4b46aa43,stand,NA,
VOICE_COMMAND,527090,12/7/2022 8:00:31 AM,ff8711df-2c39-4cb6-8c0e-585f4b46aa43,stand up,stand,
PULSE_TAKEN,529042,12/7/2022 8:00:33 AM,ff8711df-2c39-4cb6-8c0e-585f4b46aa43,pulse_fast,Mike_2 Root,
BAG_CLOSED,532394,12/7/2022 8:00:37 AM,ff8711df-2c39-4cb6-8c0e-585f4b46aa43,"(2.1, 0.7, 1.2)",
VOICE_CAPTURE,532925,12/7/2022 8:00:37 AM,ff8711df-2c39-4cb6-8c0e-585f4b46aa43,oh lord,NA,
VOICE_CAPTURE,536165,12/7/2022 8:00:40 AM,ff8711df-2c39-4cb6-8c0e-585f4b46aa43,because one thing there now stop you see that,NA,
BAG_ACCESS,536724,12/7/2022 8:00:41 AM,ff8711df-2c39-4cb6-8c0e-585f4b46aa43,"(1.9, 0.8, 1.4)",
TOOL_HOVER,537707,12/7/2022 8:00:42 AM,ff8711df-2c39-4cb6-8c0e-585f4b46aa43,Hemostatic Gauze,1005,
TOOL_HOVER,537729,12/7/2022 8:00:42 AM,ff8711df-2c39-4cb6-8c0e-585f4b46aa43,Hemostatic Gauze,1005,
TOOL_HOVER,537752,12/7/2022 8:00:42 AM,ff8711df-2c39-4cb6-8c0e-585f4b46aa43,Hemostatic Gauze,1005,
TOOL_HOVER,537774,12/7/2022 8:00:42 AM,ff8711df-2c39-4cb6-8c0e-585f4b46aa43,Hemostatic Gauze,1005,
TOOL_HOVER,537796,12/7/2022 8:00:42 AM,ff8711df-2c39-4cb6-8c0e-585f4b46aa43,Hemostatic Gauze,1005,
TOOL_HOVER,537819,12/7/2022 8:00:42 AM,ff8711df-2c39-4cb6-8c0e-585f4b46aa43,Hemostatic Gauze,1005,
TOOL_HOVER,537843,12/7/2022 8:00:42 AM,ff8711df-2c39-4cb6-8c0e-585f4b46aa43,Hemostatic Gauze,1005,
TOOL_HOVER,537865,12/7/2022 8:00:42 AM,ff8711df-2c39-4cb6-8c0e-585f4b46aa43,Hemostatic Gauze,1005,
TOOL_HOVER,537888,12/7/2022 8:00:42 AM,ff8711df-2c39-4cb6-8c0e-585f4b46aa43,Hemostatic Gauze,1005,
TOOL_HOVER,537911,12/7/2022 8:00:42 AM,ff8711df-2c39-4cb6-8c0e-585f4b46aa43,Hemostatic Gauze,1005,
TOOL_HOVER,537933,12/7/2022 8:00:42 AM,ff8711df-2c39-4cb6-8c0e-585f4b46aa43,Hemostatic Gauze,1005,
TOOL_HOVER,537955,12/7/2022 8:00:42 AM,ff8711df-2c39-4cb6-8c0e-585f4b46aa43,Hemostatic Gauze,1005,
TOOL_HOVER,537977,12/7/2022 8:00:42 AM,ff8711df-2c39-4cb6-8c0e-585f4b46aa43,Hemostatic Gauze,1005,
TOOL_HOVER,538000,12/7/2022 8:00:42 AM,ff8711df-2c39-4cb6-8c0e-585f4b46aa43,Hemostatic Gauze,1005,
TOOL_SELECTED,538000,12/7/2022 8:00:42 AM,ff8711df-2c39-4cb6-8c0e-585f4b46aa43,Hemostatic Gauze,1004,
TOOL_DISCARDED,539588,12/7/2022 8:00:44 AM,ff8711df-2c39-4cb6-8c0e-585f4b46aa43,Hemostatic Gauze,1004,"(2.7, 1.4, 1.9)",
INJURY_TREATED,539589,12/7/2022 8:00:44 AM,ff8711df-2c39-4cb6-8c0e-585f4b46aa43,L Shoulder Puncture,Mike_2 Root,woundpack,medium,chest,True,False,"(2.7, 1.4, 1.9)",
TOOL_APPLIED,539589,12/7/2022 8:00:44 AM,ff8711df-2c39-4cb6-8c0e-585f4b46aa43,Mike_2 Root,Gauze_Pack,skinCollider_BodyCollideLOD (UnityEngine.GameObject),null,null,AppliedPackingGauze,
VOICE_CAPTURE,540214,12/7/2022 8:00:44 AM,ff8711df-2c39-4cb6-8c0e-585f4b46aa43,no it's not,NA,
VOICE_CAPTURE,547038,12/7/2022 8:00:51 AM,ff8711df-2c39-4cb6-8c0e-585f4b46aa43,there we go don't forget that remember the video,NA,
PULSE_TAKEN,548542,12/7/2022 8:00:53 AM,ff8711df-2c39-4cb6-8c0e-585f4b46aa43,pulse_fast,Mike_2 Root,
VOICE_CAPTURE,548959,12/7/2022 8:00:53 AM,ff8711df-2c39-4cb6-8c0e-585f4b46aa43,yes sir,NA,
VOICE_CAPTURE,555584,12/7/2022 8:01:00 AM,ff8711df-2c39-4cb6-8c0e-585f4b46aa43,there is that in this training in this part of this this,NA,
VOICE_CAPTURE,557990,12/7/2022 8:01:02 AM,ff8711df-2c39-4cb6-8c0e-585f4b46aa43,so you could actually say,NA,
TAG_SELECTED,559178,12/7/2022 8:01:03 AM,ff8711df-2c39-4cb6-8c0e-585f4b46aa43,green,
TAG_APPLIED,561331,12/7/2022 8:01:06 AM,ff8711df-2c39-4cb6-8c0e-585f4b46aa43,Mike_2 Root,green,
VOICE_CAPTURE,562133,12/7/2022 8:01:06 AM,ff8711df-2c39-4cb6-8c0e-585f4b46aa43,yes sir,NA,
VOICE_CAPTURE,564723,12/7/2022 8:01:09 AM,ff8711df-2c39-4cb6-8c0e-585f4b46aa43,just just,NA,
VOICE_CAPTURE,570071,12/7/2022 8:01:14 AM,ff8711df-2c39-4cb6-8c0e-585f4b46aa43,do you mind if i tighten this up again,NA,
VOICE_CAPTURE,578780,12/7/2022 8:01:23 AM,ff8711df-2c39-4cb6-8c0e-585f4b46aa43,this can often rotate too like this maybe better on your head or you can be like yeah and then you can put it up and down,NA,
VOICE_CAPTURE,588315,12/7/2022 8:01:33 AM,ff8711df-2c39-4cb6-8c0e-585f4b46aa43,cool,NA,
VOICE_CAPTURE,590872,12/7/2022 8:01:35 AM,ff8711df-2c39-4cb6-8c0e-585f4b46aa43,so go ahead and,NA,
VOICE_CAPTURE,594580,12/7/2022 8:01:39 AM,ff8711df-2c39-4cb6-8c0e-585f4b46aa43,if you can walk go towards the bench,NA,
VOICE_COMMAND,594580,12/7/2022 8:01:39 AM,ff8711df-2c39-4cb6-8c0e-585f4b46aa43,walk to the safe area,if you can walk go towards the bench,
S_A_L_T_WALK_IF_CAN,594581,12/7/2022 8:01:39 AM,ff8711df-2c39-4cb6-8c0e-585f4b46aa43,"(2.6, 0.0, -1.4)",walkIfCan,Mike_0 Root,
S_A_L_T_WALKED,594581,12/7/2022 8:01:39 AM,ff8711df-2c39-4cb6-8c0e-585f4b46aa43,"(2.6, 0.0, -1.4)",walked,Mike_0 Root,
S_A_L_T_WALK_IF_CAN,594582,12/7/2022 8:01:39 AM,ff8711df-2c39-4cb6-8c0e-585f4b46aa43,"(2.9, 0.0, 0.1)",walkIfCan,Mike_1 Root,
S_A_L_T_WALK_IF_CAN,594582,12/7/2022 8:01:39 AM,ff8711df-2c39-4cb6-8c0e-585f4b46aa43,"(2.8, 0.0, 2.1)",walkIfCan,Mike_2 Root,
S_A_L_T_WALKED,594582,12/7/2022 8:01:39 AM,ff8711df-2c39-4cb6-8c0e-585f4b46aa43,"(2.8, 0.0, 2.1)",walked,Mike_2 Root,
BAG_CLOSED,594816,12/7/2022 8:01:39 AM,ff8711df-2c39-4cb6-8c0e-585f4b46aa43,"(1.9, 0.8, 1.4)",
TELEPORT,605608,12/7/2022 8:01:50 AM,ff8711df-2c39-4cb6-8c0e-585f4b46aa43,"(1.2, 0.0, 1.2)",
BAG_ACCESS,624556,12/7/2022 8:02:09 AM,ff8711df-2c39-4cb6-8c0e-585f4b46aa43,"(2.5, 0.8, 5.1)",
TAG_SELECTED,650703,12/7/2022 8:02:35 AM,ff8711df-2c39-4cb6-8c0e-585f4b46aa43,red,
TAG_APPLIED,652592,12/7/2022 8:02:37 AM,ff8711df-2c39-4cb6-8c0e-585f4b46aa43,Mike_3 Root,red,
TOOL_HOVER,673009,12/7/2022 8:02:57 AM,ff8711df-2c39-4cb6-8c0e-585f4b46aa43,Needle,998,
TOOL_HOVER,673026,12/7/2022 8:02:57 AM,ff8711df-2c39-4cb6-8c0e-585f4b46aa43,Needle,998,
TOOL_HOVER,673041,12/7/2022 8:02:57 AM,ff8711df-2c39-4cb6-8c0e-585f4b46aa43,Needle,998,
TOOL_HOVER,673059,12/7/2022 8:02:57 AM,ff8711df-2c39-4cb6-8c0e-585f4b46aa43,Needle,998,
TOOL_HOVER,673076,12/7/2022 8:02:57 AM,ff8711df-2c39-4cb6-8c0e-585f4b46aa43,Needle,998,
TOOL_HOVER,673092,12/7/2022 8:02:57 AM,ff8711df-2c39-4cb6-8c0e-585f4b46aa43,Needle,998,
TOOL_HOVER,673109,12/7/2022 8:02:57 AM,ff8711df-2c39-4cb6-8c0e-585f4b46aa43,Needle,998,
TOOL_HOVER,673126,12/7/2022 8:02:57 AM,ff8711df-2c39-4cb6-8c0e-585f4b46aa43,Needle,998,
TOOL_HOVER,673143,12/7/2022 8:02:57 AM,ff8711df-2c39-4cb6-8c0e-585f4b46aa43,Needle,998,
TOOL_HOVER,673160,12/7/2022 8:02:57 AM,ff8711df-2c39-4cb6-8c0e-585f4b46aa43,Needle,998,
TOOL_HOVER,673176,12/7/2022 8:02:57 AM,ff8711df-2c39-4cb6-8c0e-585f4b46aa43,Needle,998,
TOOL_HOVER,673192,12/7/2022 8:02:57 AM,ff8711df-2c39-4cb6-8c0e-585f4b46aa43,Needle,998,
TOOL_HOVER,673210,12/7/2022 8:02:57 AM,ff8711df-2c39-4cb6-8c0e-585f4b46aa43,Needle,998,
TOOL_HOVER,673225,12/7/2022 8:02:57 AM,ff8711df-2c39-4cb6-8c0e-585f4b46aa43,Needle,998,
TOOL_HOVER,673242,12/7/2022 8:02:57 AM,ff8711df-2c39-4cb6-8c0e-585f4b46aa43,Needle,998,
TOOL_SELECTED,673243,12/7/2022 8:02:57 AM,ff8711df-2c39-4cb6-8c0e-585f4b46aa43,Needle,997,
TOOL_DISCARDED,673794,12/7/2022 8:02:58 AM,ff8711df-2c39-4cb6-8c0e-585f4b46aa43,Needle,997,"(3.1, 1.5, 4.2)",
TOOL_HOVER,673808,12/7/2022 8:02:58 AM,ff8711df-2c39-4cb6-8c0e-585f4b46aa43,Needle,998,
TOOL_HOVER,673826,12/7/2022 8:02:58 AM,ff8711df-2c39-4cb6-8c0e-585f4b46aa43,Needle,998,
TOOL_HOVER,673843,12/7/2022 8:02:58 AM,ff8711df-2c39-4cb6-8c0e-585f4b46aa43,Needle,998,
TOOL_HOVER,673858,12/7/2022 8:02:58 AM,ff8711df-2c39-4cb6-8c0e-585f4b46aa43,Needle,998,
TOOL_HOVER,673876,12/7/2022 8:02:58 AM,ff8711df-2c39-4cb6-8c0e-585f4b46aa43,Needle,998,
TOOL_HOVER,673892,12/7/2022 8:02:58 AM,ff8711df-2c39-4cb6-8c0e-585f4b46aa43,Needle,998,
TOOL_HOVER,673909,12/7/2022 8:02:58 AM,ff8711df-2c39-4cb6-8c0e-585f4b46aa43,Tourniquet,997,
TOOL_HOVER,673926,12/7/2022 8:02:58 AM,ff8711df-2c39-4cb6-8c0e-585f4b46aa43,Tourniquet,997,
TOOL_HOVER,673942,12/7/2022 8:02:58 AM,ff8711df-2c39-4cb6-8c0e-585f4b46aa43,Tourniquet,997,
TOOL_HOVER,673959,12/7/2022 8:02:58 AM,ff8711df-2c39-4cb6-8c0e-585f4b46aa43,Tourniquet,997,
TOOL_HOVER,673976,12/7/2022 8:02:58 AM,ff8711df-2c39-4cb6-8c0e-585f4b46aa43,Tourniquet,997,
TOOL_HOVER,673993,12/7/2022 8:02:58 AM,ff8711df-2c39-4cb6-8c0e-585f4b46aa43,Tourniquet,997,
TOOL_HOVER,674009,12/7/2022 8:02:58 AM,ff8711df-2c39-4cb6-8c0e-585f4b46aa43,Tourniquet,997,
TOOL_HOVER,674026,12/7/2022 8:02:58 AM,ff8711df-2c39-4cb6-8c0e-585f4b46aa43,Tourniquet,997,
TOOL_HOVER,674043,12/7/2022 8:02:58 AM,ff8711df-2c39-4cb6-8c0e-585f4b46aa43,Tourniquet,997,
TOOL_HOVER,674059,12/7/2022 8:02:58 AM,ff8711df-2c39-4cb6-8c0e-585f4b46aa43,Tourniquet,997,
TOOL_HOVER,674076,12/7/2022 8:02:58 AM,ff8711df-2c39-4cb6-8c0e-585f4b46aa43,Tourniquet,997,
TOOL_HOVER,674093,12/7/2022 8:02:58 AM,ff8711df-2c39-4cb6-8c0e-585f4b46aa43,Tourniquet,997,
TOOL_HOVER,674111,12/7/2022 8:02:58 AM,ff8711df-2c39-4cb6-8c0e-585f4b46aa43,Tourniquet,997,
TOOL_HOVER,674125,12/7/2022 8:02:58 AM,ff8711df-2c39-4cb6-8c0e-585f4b46aa43,Tourniquet,997,
TOOL_HOVER,674143,12/7/2022 8:02:58 AM,ff8711df-2c39-4cb6-8c0e-585f4b46aa43,Tourniquet,997,
TOOL_HOVER,674158,12/7/2022 8:02:58 AM,ff8711df-2c39-4cb6-8c0e-585f4b46aa43,Tourniquet,997,
TOOL_HOVER,674176,12/7/2022 8:02:58 AM,ff8711df-2c39-4cb6-8c0e-585f4b46aa43,Tourniquet,997,
TOOL_HOVER,674192,12/7/2022 8:02:58 AM,ff8711df-2c39-4cb6-8c0e-585f4b46aa43,Tourniquet,997,
TOOL_HOVER,674209,12/7/2022 8:02:58 AM,ff8711df-2c39-4cb6-8c0e-585f4b46aa43,Needle,998,
TOOL_HOVER,674226,12/7/2022 8:02:58 AM,ff8711df-2c39-4cb6-8c0e-585f4b46aa43,Needle,998,
TOOL_HOVER,674243,12/7/2022 8:02:58 AM,ff8711df-2c39-4cb6-8c0e-585f4b46aa43,Needle,998,
TOOL_HOVER,674259,12/7/2022 8:02:58 AM,ff8711df-2c39-4cb6-8c0e-585f4b46aa43,Needle,998,
TOOL_HOVER,674276,12/7/2022 8:02:58 AM,ff8711df-2c39-4cb6-8c0e-585f4b46aa43,Needle,998,
TOOL_HOVER,674293,12/7/2022 8:02:58 AM,ff8711df-2c39-4cb6-8c0e-585f4b46aa43,Needle,998,
TOOL_HOVER,674311,12/7/2022 8:02:59 AM,ff8711df-2c39-4cb6-8c0e-585f4b46aa43,Needle,998,
TOOL_HOVER,674326,12/7/2022 8:02:59 AM,ff8711df-2c39-4cb6-8c0e-585f4b46aa43,Needle,998,
TOOL_HOVER,674343,12/7/2022 8:02:59 AM,ff8711df-2c39-4cb6-8c0e-585f4b46aa43,Needle,998,
TOOL_HOVER,674360,12/7/2022 8:02:59 AM,ff8711df-2c39-4cb6-8c0e-585f4b46aa43,Needle,998,
TOOL_HOVER,674376,12/7/2022 8:02:59 AM,ff8711df-2c39-4cb6-8c0e-585f4b46aa43,Needle,998,
TOOL_SELECTED,674377,12/7/2022 8:02:59 AM,ff8711df-2c39-4cb6-8c0e-585f4b46aa43,Needle,997,
PATIENT_ENGAGED,676884,12/7/2022 8:03:01 AM,ff8711df-2c39-4cb6-8c0e-585f4b46aa43,100,128,Mike_3 Root,"(3.2, 0.0, 4.3)","(0.0, 0.7, 0.0, -0.7)",IMMEDIATE,still,faint,collapsedRight,normal,unresponsive,supine,
TOOL_DISCARDED,684804,12/7/2022 8:03:09 AM,ff8711df-2c39-4cb6-8c0e-585f4b46aa43,Needle,997,"(3.5, 0.6, 4.8)",
TOOL_HOVER,686174,12/7/2022 8:03:10 AM,ff8711df-2c39-4cb6-8c0e-585f4b46aa43,Tourniquet,997,
TOOL_HOVER,686191,12/7/2022 8:03:10 AM,ff8711df-2c39-4cb6-8c0e-585f4b46aa43,Tourniquet,997,
TOOL_HOVER,686208,12/7/2022 8:03:10 AM,ff8711df-2c39-4cb6-8c0e-585f4b46aa43,Tourniquet,997,
TOOL_HOVER,686225,12/7/2022 8:03:10 AM,ff8711df-2c39-4cb6-8c0e-585f4b46aa43,Tourniquet,997,
TOOL_HOVER,686241,12/7/2022 8:03:10 AM,ff8711df-2c39-4cb6-8c0e-585f4b46aa43,Tourniquet,997,
TOOL_HOVER,686259,12/7/2022 8:03:10 AM,ff8711df-2c39-4cb6-8c0e-585f4b46aa43,Tourniquet,997,
TOOL_HOVER,686275,12/7/2022 8:03:10 AM,ff8711df-2c39-4cb6-8c0e-585f4b46aa43,Tourniquet,997,
TOOL_HOVER,686292,12/7/2022 8:03:10 AM,ff8711df-2c39-4cb6-8c0e-585f4b46aa43,Tourniquet,997,
TOOL_HOVER,686308,12/7/2022 8:03:11 AM,ff8711df-2c39-4cb6-8c0e-585f4b46aa43,Tourniquet,997,
TOOL_HOVER,686325,12/7/2022 8:03:11 AM,ff8711df-2c39-4cb6-8c0e-585f4b46aa43,Tourniquet,997,
TOOL_HOVER,686341,12/7/2022 8:03:11 AM,ff8711df-2c39-4cb6-8c0e-585f4b46aa43,Tourniquet,997,
TOOL_HOVER,686358,12/7/2022 8:03:11 AM,ff8711df-2c39-4cb6-8c0e-585f4b46aa43,Tourniquet,997,
TOOL_HOVER,686375,12/7/2022 8:03:11 AM,ff8711df-2c39-4cb6-8c0e-585f4b46aa43,Tourniquet,997,
TOOL_HOVER,686392,12/7/2022 8:03:11 AM,ff8711df-2c39-4cb6-8c0e-585f4b46aa43,Tourniquet,997,
TOOL_HOVER,686408,12/7/2022 8:03:11 AM,ff8711df-2c39-4cb6-8c0e-585f4b46aa43,Tourniquet,997,
TOOL_HOVER,686425,12/7/2022 8:03:11 AM,ff8711df-2c39-4cb6-8c0e-585f4b46aa43,Tourniquet,997,
TOOL_HOVER,686442,12/7/2022 8:03:11 AM,ff8711df-2c39-4cb6-8c0e-585f4b46aa43,Tourniquet,997,
TOOL_HOVER,686458,12/7/2022 8:03:11 AM,ff8711df-2c39-4cb6-8c0e-585f4b46aa43,Needle,998,
TOOL_HOVER,686476,12/7/2022 8:03:11 AM,ff8711df-2c39-4cb6-8c0e-585f4b46aa43,Needle,998,
TOOL_HOVER,686494,12/7/2022 8:03:11 AM,ff8711df-2c39-4cb6-8c0e-585f4b46aa43,Needle,998,
TOOL_HOVER,686509,12/7/2022 8:03:11 AM,ff8711df-2c39-4cb6-8c0e-585f4b46aa43,Needle,998,
TOOL_HOVER,686526,12/7/2022 8:03:11 AM,ff8711df-2c39-4cb6-8c0e-585f4b46aa43,Needle,998,
TOOL_HOVER,686542,12/7/2022 8:03:11 AM,ff8711df-2c39-4cb6-8c0e-585f4b46aa43,Needle,998,
TOOL_HOVER,686560,12/7/2022 8:03:11 AM,ff8711df-2c39-4cb6-8c0e-585f4b46aa43,Needle,998,
TOOL_HOVER,686576,12/7/2022 8:03:11 AM,ff8711df-2c39-4cb6-8c0e-585f4b46aa43,Needle,998,
TOOL_SELECTED,686577,12/7/2022 8:03:11 AM,ff8711df-2c39-4cb6-8c0e-585f4b46aa43,Needle,997,
TOOL_DISCARDED,686743,12/7/2022 8:03:11 AM,ff8711df-2c39-4cb6-8c0e-585f4b46aa43,Needle,997,"(3.0, 1.4, 4.3)",
TOOL_HOVER,686759,12/7/2022 8:03:11 AM,ff8711df-2c39-4cb6-8c0e-585f4b46aa43,Needle,998,
TOOL_HOVER,686777,12/7/2022 8:03:11 AM,ff8711df-2c39-4cb6-8c0e-585f4b46aa43,Needle,998,
TOOL_HOVER,686792,12/7/2022 8:03:11 AM,ff8711df-2c39-4cb6-8c0e-585f4b46aa43,Needle,998,
TOOL_SELECTED,686793,12/7/2022 8:03:11 AM,ff8711df-2c39-4cb6-8c0e-585f4b46aa43,Needle,997,
INJURY_TREATED,691509,12/7/2022 8:03:16 AM,ff8711df-2c39-4cb6-8c0e-585f4b46aa43,R Chest Collapse,Mike_3 Root,decompress,high,chest,True,False,"(0.0, 0.0, 0.0)",
TOOL_APPLIED,691509,12/7/2022 8:03:16 AM,ff8711df-2c39-4cb6-8c0e-585f4b46aa43,Needle_Decomp(Clone),Needle,RChest_Breathe1 (UnityEngine.GameObject),cath_needle (UnityEngine.GameObject),right_chest,Needle_Decomp(Clone) (UnityEngine.GameObject),AppliedDecompNeedle,
PULSE_TAKEN,701846,12/7/2022 8:03:26 AM,ff8711df-2c39-4cb6-8c0e-585f4b46aa43,pulse_faint,Mike_3 Root,
TAG_SELECTED,715121,12/7/2022 8:03:39 AM,ff8711df-2c39-4cb6-8c0e-585f4b46aa43,yellow,
TAG_APPLIED,719048,12/7/2022 8:03:43 AM,ff8711df-2c39-4cb6-8c0e-585f4b46aa43,Mike_3 Root,yellow,
BAG_CLOSED,729742,12/7/2022 8:03:54 AM,ff8711df-2c39-4cb6-8c0e-585f4b46aa43,"(2.5, 0.8, 5.1)",
TELEPORT,730225,12/7/2022 8:03:54 AM,ff8711df-2c39-4cb6-8c0e-585f4b46aa43,"(2.2, 0.0, 5.7)",
TELEPORT,734519,12/7/2022 8:03:59 AM,ff8711df-2c39-4cb6-8c0e-585f4b46aa43,"(1.4, 0.0, 5.8)",
SESSION_END,762356,12/7/2022 8:04:27 AM,ff8711df-2c39-4cb6-8c0e-585f4b46aa43,
