PATIENT_DEMOTED,4247,3/8/2023 10:09,b52e71ec-050f-49e1-b495-7c36f5537544,100,Infinity,Bob_0 Root,"(-1.4, 0.0, 5.6)","(0.0, 0.7, 0.0, 0.7)",EXPECTANT,still,faint,restricted,none,unresponsive,supine
PATIENT_DEMOTED,4444,3/8/2023 10:09,b52e71ec-050f-49e1-b495-7c36f5537544,100,Infinity,Bob_0 Root,"(-1.5, 0.0, 5.6)","(0.0, 0.7, 0.0, 0.7)",DEAD,still,none,none,none,dead,supine
PATIENT_DEMOTED,4577,3/8/2023 10:09,b52e71ec-050f-49e1-b495-7c36f5537544,100,Infinity,Gary_1 Root,"(1.7, 0.0, 7.4)","(0.0, 1.0, 0.0, 0.0)",EXPECTANT,still,faint,restricted,none,unresponsive,supine
PATIENT_DEMOTED,5301,3/8/2023 10:09,b52e71ec-050f-49e1-b495-7c36f5537544,100,Infinity,Lily_2 Root,"(2.8, 0.0, 4.3)","(0.0, 1.0, 0.0, 0.0)",IMMEDIATE,waver,fast,fast,normal,agony,fetal
PATIENT_DEMOTED,5972,3/8/2023 10:09,b52e71ec-050f-49e1-b495-7c36f5537544,100,0,Gary_3 Root,"(0.3, 0.0, 1.6)","(0.0, 0.0, 0.0, 1.0)",IMMEDIATE,still,faint,collapsedRight,normal,unresponsive,supine
PATIENT_DEMOTED,6557,3/8/2023 10:09,b52e71ec-050f-49e1-b495-7c36f5537544,100,Infinity,Lily_4 Root,"(1.2, 0.0, 6.3)","(0.0, 1.0, 0.0, 0.0)",IMMEDIATE,waver,fast,normal,normal,upset,fetal
PATIENT_DEMOTED,7383,3/8/2023 10:09,b52e71ec-050f-49e1-b495-7c36f5537544,100,Infinity,Mike_5 Root,"(2.4, 0.0, 2.3)","(0.0, 1.0, 0.0, 0.0)",IMMEDIATE,waver,fast,normal,normal,upset,fetal
PATIENT_DEMOTED,7945,3/8/2023 10:09,b52e71ec-050f-49e1-b495-7c36f5537544,100,Infinity,Gloria_6 Root,"(-1.0, 0.0, 2.9)","(0.0, 0.4, 0.0, 0.9)",DELAYED,waver,fast,normal,normal,upset,fetal
PATIENT_DEMOTED,8653,3/8/2023 10:09,b52e71ec-050f-49e1-b495-7c36f5537544,100,Infinity,Mike_7 Root,"(1.7, 0.0, 3.9)","(0.0, 0.1, 0.0, 1.0)",IMMEDIATE,waver,fast,normal,normal,upset,sittingGround
PATIENT_DEMOTED,9029,3/8/2023 10:09,b52e71ec-050f-49e1-b495-7c36f5537544,100,Infinity,Mike_7 Root,"(1.0, 0.0, 3.7)","(0.0, 0.1, 0.0, 1.0)",DELAYED,waver,fast,normal,normal,upset,sittingGround
SESSION_START,11990,3/8/2023 10:09,b52e71ec-050f-49e1-b495-7c36f5537544,,,,,,,,,,,,
PATIENT_RECORD,11990,3/8/2023 10:09,b52e71ec-050f-49e1-b495-7c36f5537544,100,Infinity,Bob_0 Root,"(-1.7, 0.0, 5.7)","(0.0, 0.7, 0.0, 0.7)",DEAD,still,none,none,none,dead,supine
INJURY_RECORD,11990,3/8/2023 10:09,b52e71ec-050f-49e1-b495-7c36f5537544,Face Shrapnel,Bob_0 Root,airway,high,head,FALSE,FALSE,"(-1.8, 1.7, 5.6)",,,,
INJURY_RECORD,11991,3/8/2023 10:09,b52e71ec-050f-49e1-b495-7c36f5537544,L Wrist Amputation,Bob_0 Root,tourniquet,high,leftArm,FALSE,FALSE,"(-1.8, 1.4, 6.3)",,,,
INJURY_RECORD,11991,3/8/2023 10:09,b52e71ec-050f-49e1-b495-7c36f5537544,L Chest Collapse,Bob_0 Root,decompress,high,chest,FALSE,FALSE,"(0.0, 0.0, 0.0)",,,,
INJURY_RECORD,11991,3/8/2023 10:09,b52e71ec-050f-49e1-b495-7c36f5537544,L Stomach Puncture,Bob_0 Root,woundpack,high,abdomen,FALSE,FALSE,"(-1.6, 1.1, 5.7)",,,,
INJURY_RECORD,11991,3/8/2023 10:09,b52e71ec-050f-49e1-b495-7c36f5537544,R Shin Amputation,Bob_0 Root,tourniquet,high,rightLeg,FALSE,FALSE,"(-1.7, 0.4, 5.6)",,,,
INJURY_RECORD,11991,3/8/2023 10:09,b52e71ec-050f-49e1-b495-7c36f5537544,L Thigh Laceration,Bob_0 Root,tourniquet,medium,leftLeg,FALSE,FALSE,"(-1.6, 0.7, 5.8)",,,,
PATIENT_RECORD,11991,3/8/2023 10:09,b52e71ec-050f-49e1-b495-7c36f5537544,100,Infinity,Gary_1 Root,"(1.6, 0.0, 7.6)","(0.0, 1.0, 0.0, 0.0)",EXPECTANT,still,none,restricted,none,unresponsive,supine
INJURY_RECORD,11991,3/8/2023 10:09,b52e71ec-050f-49e1-b495-7c36f5537544,Face Shrapnel,Gary_1 Root,airway,high,head,FALSE,FALSE,"(1.6, 1.7, 7.7)",,,,
PATIENT_RECORD,11991,3/8/2023 10:09,b52e71ec-050f-49e1-b495-7c36f5537544,100,Infinity,Lily_2 Root,"(3.0, 0.0, 4.5)","(0.0, 1.0, 0.0, 0.0)",IMMEDIATE,waver,fast,fast,normal,agony,fetal
INJURY_RECORD,11991,3/8/2023 10:09,b52e71ec-050f-49e1-b495-7c36f5537544,R Shin Amputation,Lily_2 Root,tourniquet,high,rightLeg,FALSE,FALSE,"(2.9, 0.4, 4.5)",,,,
PATIENT_RECORD,11991,3/8/2023 10:09,b52e71ec-050f-49e1-b495-7c36f5537544,100,0,Gary_3 Root,"(0.4, 0.0, 1.7)","(0.0, 0.0, 0.0, 1.0)",IMMEDIATE,still,faint,collapsedRight,normal,unresponsive,supine
INJURY_RECORD,11991,3/8/2023 10:09,b52e71ec-050f-49e1-b495-7c36f5537544,R Chest Collapse,Gary_3 Root,decompress,high,chest,FALSE,FALSE,"(0.0, 0.0, 0.0)",,,,
PATIENT_RECORD,11991,3/8/2023 10:09,b52e71ec-050f-49e1-b495-7c36f5537544,100,Infinity,Lily_4 Root,"(1.2, 0.0, 6.2)","(0.0, 1.0, 0.0, 0.0)",IMMEDIATE,waver,fast,normal,normal,upset,fetal
INJURY_RECORD,11991,3/8/2023 10:09,b52e71ec-050f-49e1-b495-7c36f5537544,L Side Puncture,Lily_4 Root,woundpack,medium,abdomen,FALSE,FALSE,"(1.3, 1.0, 6.2)",,,,
PATIENT_RECORD,11991,3/8/2023 10:09,b52e71ec-050f-49e1-b495-7c36f5537544,100,Infinity,Mike_5 Root,"(2.7, 0.0, 2.3)","(0.0, 1.0, 0.0, 0.0)",IMMEDIATE,waver,fast,normal,normal,upset,fetal
INJURY_RECORD,11991,3/8/2023 10:09,b52e71ec-050f-49e1-b495-7c36f5537544,R Side Puncture,Mike_5 Root,woundpack,medium,abdomen,FALSE,FALSE,"(2.6, 1.1, 2.2)",,,,
INJURY_RECORD,11991,3/8/2023 10:09,b52e71ec-050f-49e1-b495-7c36f5537544,R Thigh Laceration,Mike_5 Root,tourniquet,medium,rightLeg,FALSE,FALSE,"(2.5, 0.6, 2.2)",,,,
PATIENT_RECORD,11991,3/8/2023 10:09,b52e71ec-050f-49e1-b495-7c36f5537544,100,Infinity,Gloria_6 Root,"(-1.2, 0.0, 3.1)","(0.0, 0.4, 0.0, 0.9)",DELAYED,waver,fast,normal,normal,upset,fetal
INJURY_RECORD,11991,3/8/2023 10:09,b52e71ec-050f-49e1-b495-7c36f5537544,R Calf Shrapnel,Gloria_6 Root,gauzePressure,medium,rightLeg,FALSE,FALSE,"(-1.1, 0.3, 3.0)",,,,
PATIENT_RECORD,11991,3/8/2023 10:09,b52e71ec-050f-49e1-b495-7c36f5537544,100,Infinity,Mike_7 Root,"(1.3, 0.0, 3.4)","(0.0, 0.1, 0.0, 1.0)",DELAYED,waver,fast,normal,normal,upset,sittingGround
INJURY_RECORD,11991,3/8/2023 10:09,b52e71ec-050f-49e1-b495-7c36f5537544,L Thigh Puncture,Mike_7 Root,tourniquet,medium,leftLeg,FALSE,FALSE,"(1.3, 0.6, 3.5)",,,,
INJURY_RECORD,11991,3/8/2023 10:09,b52e71ec-050f-49e1-b495-7c36f5537544,R Calf Laceration,Mike_7 Root,gauzePressure,low,rightLeg,FALSE,FALSE,"(1.4, 0.3, 3.4)",,,,
PATIENT_RECORD,11991,3/8/2023 10:09,b52e71ec-050f-49e1-b495-7c36f5537544,100,Infinity,Gloria_8 Root,"(3.7, 0.0, 6.0)","(0.0, 1.0, 0.0, 0.0)",MINIMAL,walker,normal,normal,normal,upset,sittingGround
INJURY_RECORD,11991,3/8/2023 10:09,b52e71ec-050f-49e1-b495-7c36f5537544,L Forearm Laceration,Gloria_8 Root,gauzePressure,low,leftArm,FALSE,FALSE,"(4.2, 1.3, 6.0)",,,,
PATIENT_RECORD,11991,3/8/2023 10:09,b52e71ec-050f-49e1-b495-7c36f5537544,100,0,Gary_9 Root,"(3.5, 0.0, 9.5)","(0.0, 1.0, 0.0, 0.0)",MINIMAL,walker,normal,normal,limited,calm,standing
INJURY_RECORD,11991,3/8/2023 10:09,b52e71ec-050f-49e1-b495-7c36f5537544,Ear Bleed,Gary_9 Root,none,low,head,FALSE,FALSE,"(0.0, 0.0, 0.0)",,,,
PATIENT_RECORD,11991,3/8/2023 10:09,b52e71ec-050f-49e1-b495-7c36f5537544,100,Infinity,Helga_10 Root,"(3.9, 0.0, 8.0)","(0.0, 1.0, 0.0, 0.0)",MINIMAL,walker,normal,normal,normal,calm,sittingGround
INJURY_RECORD,11991,3/8/2023 10:09,b52e71ec-050f-49e1-b495-7c36f5537544,Forehead Scrape,Helga_10 Root,none,low,head,FALSE,FALSE,"(4.0, 1.6, 8.0)",,,,
VOICE_CAPTURE,20203,3/8/2023 10:09,b52e71ec-050f-49e1-b495-7c36f5537544,walk,NA,,,,,,,,,,
VOICE_COMMAND,20203,3/8/2023 10:09,b52e71ec-050f-49e1-b495-7c36f5537544,walk to the safe area,walk,,,,,,,,,,
S_A_L_T_WALK_IF_CAN,20223,3/8/2023 10:09,b52e71ec-050f-49e1-b495-7c36f5537544,"(3.0, 0.0, 4.5)",walkIfCan,Lily_2 Root,,,,,,,,,
S_A_L_T_WALK_IF_CAN,20223,3/8/2023 10:09,b52e71ec-050f-49e1-b495-7c36f5537544,"(1.2, 0.0, 6.2)",walkIfCan,Lily_4 Root,,,,,,,,,
S_A_L_T_WALK_IF_CAN,20223,3/8/2023 10:09,b52e71ec-050f-49e1-b495-7c36f5537544,"(2.7, 0.0, 2.3)",walkIfCan,Mike_5 Root,,,,,,,,,
S_A_L_T_WALK_IF_CAN,20223,3/8/2023 10:09,b52e71ec-050f-49e1-b495-7c36f5537544,"(-1.2, 0.0, 3.1)",walkIfCan,Gloria_6 Root,,,,,,,,,
S_A_L_T_WALK_IF_CAN,20223,3/8/2023 10:09,b52e71ec-050f-49e1-b495-7c36f5537544,"(1.3, 0.0, 3.4)",walkIfCan,Mike_7 Root,,,,,,,,,
S_A_L_T_WALK_IF_CAN,20223,3/8/2023 10:09,b52e71ec-050f-49e1-b495-7c36f5537544,"(3.7, 0.0, 6.0)",walkIfCan,Gloria_8 Root,,,,,,,,,
S_A_L_T_WALKED,20223,3/8/2023 10:09,b52e71ec-050f-49e1-b495-7c36f5537544,"(3.7, 0.0, 6.0)",walked,Gloria_8 Root,,,,,,,,,
S_A_L_T_WALK_IF_CAN,20224,3/8/2023 10:09,b52e71ec-050f-49e1-b495-7c36f5537544,"(3.9, 0.0, 8.0)",walkIfCan,Helga_10 Root,,,,,,,,,
S_A_L_T_WALKED,20224,3/8/2023 10:09,b52e71ec-050f-49e1-b495-7c36f5537544,"(3.9, 0.0, 8.0)",walked,Helga_10 Root,,,,,,,,,
VOICE_CAPTURE,20233,3/8/2023 10:09,b52e71ec-050f-49e1-b495-7c36f5537544,alright anyway they can hear me and can walk i want you to get up and move to a safe area,NA,,,,,,,,,,
VOICE_COMMAND,20233,3/8/2023 10:09,b52e71ec-050f-49e1-b495-7c36f5537544,walk to the safe area,alright anyway they can hear me and can walk i want you to get up and move to a safe area,,,,,,,,,,
VOICE_COMMAND,20233,3/8/2023 10:09,b52e71ec-050f-49e1-b495-7c36f5537544,walk to the safe area,alright anyway they can hear me and can walk i want you to get up and move to a safe area,,,,,,,,,,
VOICE_COMMAND,20233,3/8/2023 10:09,b52e71ec-050f-49e1-b495-7c36f5537544,stand up,alright anyway they can hear me and can walk i want you to get up and move to a safe area,,,,,,,,,,
VOICE_CAPTURE,27341,3/8/2023 10:10,b52e71ec-050f-49e1-b495-7c36f5537544,those that can hear me i want you to raise your hand,NA,,,,,,,,,,
VOICE_CAPTURE,27791,3/8/2023 10:10,b52e71ec-050f-49e1-b495-7c36f5537544,wave,NA,,,,,,,,,,
VOICE_COMMAND,27791,3/8/2023 10:10,b52e71ec-050f-49e1-b495-7c36f5537544,wave if you can,wave,,,,,,,,,,
S_A_L_T_WAVE_IF_CAN,27792,3/8/2023 10:10,b52e71ec-050f-49e1-b495-7c36f5537544,"(3.0, 0.0, 4.5)",waveIfCan,Lily_2 Root,,,,,,,,,
S_A_L_T_WAVED,27792,3/8/2023 10:10,b52e71ec-050f-49e1-b495-7c36f5537544,"(3.0, 0.0, 4.5)",waved,Lily_2 Root,,,,,,,,,
S_A_L_T_WAVE_IF_CAN,27792,3/8/2023 10:10,b52e71ec-050f-49e1-b495-7c36f5537544,"(1.2, 0.0, 6.2)",waveIfCan,Lily_4 Root,,,,,,,,,
S_A_L_T_WAVED,27792,3/8/2023 10:10,b52e71ec-050f-49e1-b495-7c36f5537544,"(1.2, 0.0, 6.2)",waved,Lily_4 Root,,,,,,,,,
S_A_L_T_WAVE_IF_CAN,27792,3/8/2023 10:10,b52e71ec-050f-49e1-b495-7c36f5537544,"(2.7, 0.0, 2.3)",waveIfCan,Mike_5 Root,,,,,,,,,
S_A_L_T_WAVED,27792,3/8/2023 10:10,b52e71ec-050f-49e1-b495-7c36f5537544,"(2.7, 0.0, 2.3)",waved,Mike_5 Root,,,,,,,,,
S_A_L_T_WAVE_IF_CAN,27792,3/8/2023 10:10,b52e71ec-050f-49e1-b495-7c36f5537544,"(-1.2, 0.0, 3.1)",waveIfCan,Gloria_6 Root,,,,,,,,,
S_A_L_T_WAVED,27792,3/8/2023 10:10,b52e71ec-050f-49e1-b495-7c36f5537544,"(-1.2, 0.0, 3.1)",waved,Gloria_6 Root,,,,,,,,,
S_A_L_T_WAVE_IF_CAN,27793,3/8/2023 10:10,b52e71ec-050f-49e1-b495-7c36f5537544,"(1.3, 0.0, 3.4)",waveIfCan,Mike_7 Root,,,,,,,,,
S_A_L_T_WAVED,27793,3/8/2023 10:10,b52e71ec-050f-49e1-b495-7c36f5537544,"(1.3, 0.0, 3.4)",waved,Mike_7 Root,,,,,,,,,
S_A_L_T_WAVE_IF_CAN,27793,3/8/2023 10:10,b52e71ec-050f-49e1-b495-7c36f5537544,"(3.8, 0.0, 0.4)",waveIfCan,Gloria_8 Root,,,,,,,,,
S_A_L_T_WAVE_IF_CAN,27793,3/8/2023 10:10,b52e71ec-050f-49e1-b495-7c36f5537544,"(2.1, 0.0, 2.3)",waveIfCan,Helga_10 Root,,,,,,,,,
S_A_L_T_WALK_IF_CAN,27808,3/8/2023 10:10,b52e71ec-050f-49e1-b495-7c36f5537544,"(3.8, 0.0, 0.4)",walkIfCan,Gloria_8 Root,,,,,,,,,
S_A_L_T_WALKED,27808,3/8/2023 10:10,b52e71ec-050f-49e1-b495-7c36f5537544,"(3.8, 0.0, 0.4)",walked,Gloria_8 Root,,,,,,,,,
S_A_L_T_WALK_IF_CAN,27808,3/8/2023 10:10,b52e71ec-050f-49e1-b495-7c36f5537544,"(2.1, 0.0, 2.2)",walkIfCan,Helga_10 Root,,,,,,,,,
S_A_L_T_WALKED,27808,3/8/2023 10:10,b52e71ec-050f-49e1-b495-7c36f5537544,"(2.1, 0.0, 2.2)",walked,Helga_10 Root,,,,,,,,,
TELEPORT,28024,3/8/2023 10:10,b52e71ec-050f-49e1-b495-7c36f5537544,"(0.8, 0.0, -2.3)",,,,,,,,,,,
TELEPORT,28726,3/8/2023 10:10,b52e71ec-050f-49e1-b495-7c36f5537544,"(0.8, 0.0, -2.3)",,,,,,,,,,,
PULSE_TAKEN,34228,3/8/2023 10:10,b52e71ec-050f-49e1-b495-7c36f5537544,pulse_faint,Gary_3 Root,,,,,,,,,,
VOICE_CAPTURE,35560,3/8/2023 10:10,b52e71ec-050f-49e1-b495-7c36f5537544,go to the sky again,NA,,,,,,,,,,
VOICE_COMMAND,35560,3/8/2023 10:10,b52e71ec-050f-49e1-b495-7c36f5537544,walk to the safe area,go to the sky again,,,,,,,,,,
S_A_L_T_WALK_IF_CAN,35561,3/8/2023 10:10,b52e71ec-050f-49e1-b495-7c36f5537544,"(3.0, 0.0, 4.5)",walkIfCan,Lily_2 Root,,,,,,,,,
S_A_L_T_WALK_IF_CAN,35561,3/8/2023 10:10,b52e71ec-050f-49e1-b495-7c36f5537544,"(1.2, 0.0, 6.2)",walkIfCan,Lily_4 Root,,,,,,,,,
S_A_L_T_WALK_IF_CAN,35561,3/8/2023 10:10,b52e71ec-050f-49e1-b495-7c36f5537544,"(2.7, 0.0, 2.3)",walkIfCan,Mike_5 Root,,,,,,,,,
S_A_L_T_WALK_IF_CAN,35561,3/8/2023 10:10,b52e71ec-050f-49e1-b495-7c36f5537544,"(-1.2, 0.0, 3.1)",walkIfCan,Gloria_6 Root,,,,,,,,,
S_A_L_T_WALK_IF_CAN,35561,3/8/2023 10:10,b52e71ec-050f-49e1-b495-7c36f5537544,"(1.3, 0.0, 3.4)",walkIfCan,Mike_7 Root,,,,,,,,,
BAG_ACCESS,37012,3/8/2023 10:10,b52e71ec-050f-49e1-b495-7c36f5537544,"(0.7, 0.6, 0.7)",,,,,,,,,,,
TOOL_HOVER,37762,3/8/2023 10:10,b52e71ec-050f-49e1-b495-7c36f5537544,Tourniquet,999,,,,,,,,,,
TOOL_HOVER,37778,3/8/2023 10:10,b52e71ec-050f-49e1-b495-7c36f5537544,Tourniquet,999,,,,,,,,,,
TOOL_HOVER,37795,3/8/2023 10:10,b52e71ec-050f-49e1-b495-7c36f5537544,Tourniquet,999,,,,,,,,,,
TOOL_HOVER,37811,3/8/2023 10:10,b52e71ec-050f-49e1-b495-7c36f5537544,Tourniquet,999,,,,,,,,,,
TOOL_HOVER,37829,3/8/2023 10:10,b52e71ec-050f-49e1-b495-7c36f5537544,Tourniquet,999,,,,,,,,,,
TOOL_HOVER,37845,3/8/2023 10:10,b52e71ec-050f-49e1-b495-7c36f5537544,Tourniquet,999,,,,,,,,,,
TOOL_HOVER,37862,3/8/2023 10:10,b52e71ec-050f-49e1-b495-7c36f5537544,Tourniquet,999,,,,,,,,,,
TOOL_HOVER,37879,3/8/2023 10:10,b52e71ec-050f-49e1-b495-7c36f5537544,Tourniquet,999,,,,,,,,,,
TOOL_HOVER,37894,3/8/2023 10:10,b52e71ec-050f-49e1-b495-7c36f5537544,Tourniquet,999,,,,,,,,,,
TOOL_HOVER,37911,3/8/2023 10:10,b52e71ec-050f-49e1-b495-7c36f5537544,Tourniquet,999,,,,,,,,,,
TOOL_HOVER,37928,3/8/2023 10:10,b52e71ec-050f-49e1-b495-7c36f5537544,Tourniquet,999,,,,,,,,,,
TOOL_HOVER,37944,3/8/2023 10:10,b52e71ec-050f-49e1-b495-7c36f5537544,Tourniquet,999,,,,,,,,,,
TOOL_HOVER,37961,3/8/2023 10:10,b52e71ec-050f-49e1-b495-7c36f5537544,Tourniquet,999,,,,,,,,,,
TOOL_HOVER,37977,3/8/2023 10:10,b52e71ec-050f-49e1-b495-7c36f5537544,Tourniquet,999,,,,,,,,,,
TOOL_HOVER,37995,3/8/2023 10:10,b52e71ec-050f-49e1-b495-7c36f5537544,Tourniquet,999,,,,,,,,,,
TOOL_HOVER,38011,3/8/2023 10:10,b52e71ec-050f-49e1-b495-7c36f5537544,Tourniquet,999,,,,,,,,,,
TOOL_HOVER,38028,3/8/2023 10:10,b52e71ec-050f-49e1-b495-7c36f5537544,Tourniquet,999,,,,,,,,,,
TOOL_HOVER,38044,3/8/2023 10:10,b52e71ec-050f-49e1-b495-7c36f5537544,Tourniquet,999,,,,,,,,,,
TOOL_HOVER,38061,3/8/2023 10:10,b52e71ec-050f-49e1-b495-7c36f5537544,Tourniquet,999,,,,,,,,,,
TOOL_HOVER,38078,3/8/2023 10:10,b52e71ec-050f-49e1-b495-7c36f5537544,Tourniquet,999,,,,,,,,,,
TOOL_HOVER,38095,3/8/2023 10:10,b52e71ec-050f-49e1-b495-7c36f5537544,Tourniquet,999,,,,,,,,,,
TOOL_HOVER,38111,3/8/2023 10:10,b52e71ec-050f-49e1-b495-7c36f5537544,Tourniquet,999,,,,,,,,,,
TOOL_HOVER,38129,3/8/2023 10:10,b52e71ec-050f-49e1-b495-7c36f5537544,Tourniquet,999,,,,,,,,,,
TOOL_HOVER,38144,3/8/2023 10:10,b52e71ec-050f-49e1-b495-7c36f5537544,Tourniquet,999,,,,,,,,,,
TOOL_HOVER,38262,3/8/2023 10:10,b52e71ec-050f-49e1-b495-7c36f5537544,Needle,999,,,,,,,,,,
TOOL_HOVER,38278,3/8/2023 10:10,b52e71ec-050f-49e1-b495-7c36f5537544,Needle,999,,,,,,,,,,
TOOL_HOVER,38295,3/8/2023 10:10,b52e71ec-050f-49e1-b495-7c36f5537544,Needle,999,,,,,,,,,,
TOOL_HOVER,38312,3/8/2023 10:10,b52e71ec-050f-49e1-b495-7c36f5537544,Needle,999,,,,,,,,,,
TOOL_HOVER,38329,3/8/2023 10:10,b52e71ec-050f-49e1-b495-7c36f5537544,Needle,999,,,,,,,,,,
TOOL_HOVER,38344,3/8/2023 10:10,b52e71ec-050f-49e1-b495-7c36f5537544,Needle,999,,,,,,,,,,
TOOL_HOVER,38361,3/8/2023 10:10,b52e71ec-050f-49e1-b495-7c36f5537544,Needle,999,,,,,,,,,,
TOOL_HOVER,38378,3/8/2023 10:10,b52e71ec-050f-49e1-b495-7c36f5537544,Needle,999,,,,,,,,,,
TOOL_SELECTED,38381,3/8/2023 10:10,b52e71ec-050f-49e1-b495-7c36f5537544,Needle,998,,,,,,,,,,
TOOL_DISCARDED,38512,3/8/2023 10:10,b52e71ec-050f-49e1-b495-7c36f5537544,Needle,998,"(1.1, 1.3, 0.9)",,,,,,,,,
TOOL_HOVER,38561,3/8/2023 10:10,b52e71ec-050f-49e1-b495-7c36f5537544,Needle,999,,,,,,,,,,
TOOL_HOVER,38579,3/8/2023 10:10,b52e71ec-050f-49e1-b495-7c36f5537544,Needle,999,,,,,,,,,,
TOOL_HOVER,38596,3/8/2023 10:10,b52e71ec-050f-49e1-b495-7c36f5537544,Needle,999,,,,,,,,,,
TOOL_HOVER,38612,3/8/2023 10:10,b52e71ec-050f-49e1-b495-7c36f5537544,Needle,999,,,,,,,,,,
TOOL_HOVER,38629,3/8/2023 10:10,b52e71ec-050f-49e1-b495-7c36f5537544,Needle,999,,,,,,,,,,
TOOL_HOVER,38645,3/8/2023 10:10,b52e71ec-050f-49e1-b495-7c36f5537544,Needle,999,,,,,,,,,,
TOOL_HOVER,38661,3/8/2023 10:10,b52e71ec-050f-49e1-b495-7c36f5537544,Needle,999,,,,,,,,,,
TOOL_HOVER,38679,3/8/2023 10:10,b52e71ec-050f-49e1-b495-7c36f5537544,Needle,999,,,,,,,,,,
TOOL_HOVER,38696,3/8/2023 10:10,b52e71ec-050f-49e1-b495-7c36f5537544,Needle,999,,,,,,,,,,
TOOL_HOVER,38712,3/8/2023 10:10,b52e71ec-050f-49e1-b495-7c36f5537544,Needle,999,,,,,,,,,,
TOOL_HOVER,38729,3/8/2023 10:10,b52e71ec-050f-49e1-b495-7c36f5537544,Needle,999,,,,,,,,,,
TOOL_HOVER,38744,3/8/2023 10:10,b52e71ec-050f-49e1-b495-7c36f5537544,Needle,999,,,,,,,,,,
TOOL_HOVER,38761,3/8/2023 10:10,b52e71ec-050f-49e1-b495-7c36f5537544,Needle,999,,,,,,,,,,
TOOL_HOVER,38777,3/8/2023 10:10,b52e71ec-050f-49e1-b495-7c36f5537544,Needle,999,,,,,,,,,,
TOOL_SELECTED,38778,3/8/2023 10:10,b52e71ec-050f-49e1-b495-7c36f5537544,Needle,998,,,,,,,,,,
TOOL_DISCARDED,39261,3/8/2023 10:10,b52e71ec-050f-49e1-b495-7c36f5537544,Needle,998,"(1.1, 1.3, 0.9)",,,,,,,,,
TOOL_HOVER,39362,3/8/2023 10:10,b52e71ec-050f-49e1-b495-7c36f5537544,Needle,999,,,,,,,,,,
TOOL_HOVER,39378,3/8/2023 10:10,b52e71ec-050f-49e1-b495-7c36f5537544,Needle,999,,,,,,,,,,
TOOL_HOVER,39394,3/8/2023 10:10,b52e71ec-050f-49e1-b495-7c36f5537544,Needle,999,,,,,,,,,,
TOOL_HOVER,39413,3/8/2023 10:10,b52e71ec-050f-49e1-b495-7c36f5537544,Needle,999,,,,,,,,,,
TOOL_HOVER,39428,3/8/2023 10:10,b52e71ec-050f-49e1-b495-7c36f5537544,Needle,999,,,,,,,,,,
TOOL_HOVER,39445,3/8/2023 10:10,b52e71ec-050f-49e1-b495-7c36f5537544,Needle,999,,,,,,,,,,
TOOL_HOVER,39461,3/8/2023 10:10,b52e71ec-050f-49e1-b495-7c36f5537544,Needle,999,,,,,,,,,,
TOOL_HOVER,39478,3/8/2023 10:10,b52e71ec-050f-49e1-b495-7c36f5537544,Needle,999,,,,,,,,,,
TOOL_HOVER,39495,3/8/2023 10:10,b52e71ec-050f-49e1-b495-7c36f5537544,Needle,999,,,,,,,,,,
TOOL_HOVER,39512,3/8/2023 10:10,b52e71ec-050f-49e1-b495-7c36f5537544,Needle,999,,,,,,,,,,
TOOL_HOVER,39528,3/8/2023 10:10,b52e71ec-050f-49e1-b495-7c36f5537544,Needle,999,,,,,,,,,,
TOOL_HOVER,39544,3/8/2023 10:10,b52e71ec-050f-49e1-b495-7c36f5537544,Needle,999,,,,,,,,,,
TOOL_SELECTED,39545,3/8/2023 10:10,b52e71ec-050f-49e1-b495-7c36f5537544,Needle,998,,,,,,,,,,
PATIENT_ENGAGED,40498,3/8/2023 10:10,b52e71ec-050f-49e1-b495-7c36f5537544,100,0,Gary_3 Root,"(0.4, 0.0, 1.7)","(0.0, 0.0, 0.0, 1.0)",IMMEDIATE,still,faint,collapsedRight,normal,unresponsive,supine
VOICE_CAPTURE,41760,3/8/2023 10:10,b52e71ec-050f-49e1-b495-7c36f5537544,nope this one,NA,,,,,,,,,,
TOOL_HOVER,45561,3/8/2023 10:10,b52e71ec-050f-49e1-b495-7c36f5537544,Needle,998,,,,,,,,,,
TOOL_HOVER,45578,3/8/2023 10:10,b52e71ec-050f-49e1-b495-7c36f5537544,Needle,998,,,,,,,,,,
TOOL_HOVER,45595,3/8/2023 10:10,b52e71ec-050f-49e1-b495-7c36f5537544,Needle,998,,,,,,,,,,
TOOL_HOVER,45611,3/8/2023 10:10,b52e71ec-050f-49e1-b495-7c36f5537544,Needle,998,,,,,,,,,,
TOOL_HOVER,45628,3/8/2023 10:10,b52e71ec-050f-49e1-b495-7c36f5537544,Needle,998,,,,,,,,,,
TOOL_HOVER,45645,3/8/2023 10:10,b52e71ec-050f-49e1-b495-7c36f5537544,Needle,998,,,,,,,,,,
TOOL_HOVER,45661,3/8/2023 10:10,b52e71ec-050f-49e1-b495-7c36f5537544,Needle,998,,,,,,,,,,
TOOL_HOVER,45678,3/8/2023 10:10,b52e71ec-050f-49e1-b495-7c36f5537544,Needle,998,,,,,,,,,,
TOOL_HOVER,45695,3/8/2023 10:10,b52e71ec-050f-49e1-b495-7c36f5537544,Needle,998,,,,,,,,,,
TOOL_HOVER,45711,3/8/2023 10:10,b52e71ec-050f-49e1-b495-7c36f5537544,Needle,998,,,,,,,,,,
TOOL_HOVER,45728,3/8/2023 10:10,b52e71ec-050f-49e1-b495-7c36f5537544,Needle,998,,,,,,,,,,
TOOL_HOVER,45746,3/8/2023 10:10,b52e71ec-050f-49e1-b495-7c36f5537544,Needle,998,,,,,,,,,,
TOOL_HOVER,45761,3/8/2023 10:10,b52e71ec-050f-49e1-b495-7c36f5537544,Needle,998,,,,,,,,,,
TOOL_HOVER,45778,3/8/2023 10:10,b52e71ec-050f-49e1-b495-7c36f5537544,Needle,998,,,,,,,,,,
TOOL_HOVER,45794,3/8/2023 10:10,b52e71ec-050f-49e1-b495-7c36f5537544,Needle,998,,,,,,,,,,
TOOL_HOVER,45812,3/8/2023 10:10,b52e71ec-050f-49e1-b495-7c36f5537544,Needle,998,,,,,,,,,,
TOOL_HOVER,45828,3/8/2023 10:10,b52e71ec-050f-49e1-b495-7c36f5537544,Needle,998,,,,,,,,,,
TOOL_HOVER,45845,3/8/2023 10:10,b52e71ec-050f-49e1-b495-7c36f5537544,Needle,998,,,,,,,,,,
TOOL_SELECTED,45846,3/8/2023 10:10,b52e71ec-050f-49e1-b495-7c36f5537544,Needle,997,,,,,,,,,,
INJURY_TREATED,50034,3/8/2023 10:10,b52e71ec-050f-49e1-b495-7c36f5537544,R Chest Collapse,Gary_3 Root,decompress,high,chest,TRUE,FALSE,"(0.0, 0.0, 0.0)",,,,
TOOL_APPLIED,50034,3/8/2023 10:10,b52e71ec-050f-49e1-b495-7c36f5537544,Needle_Decomp(Clone),Needle,RChest_Breathe1 (UnityEngine.GameObject),cath_needle (UnityEngine.GameObject),right_chest,Needle_Decomp(Clone) (UnityEngine.GameObject),AppliedDecompNeedle,,,,,
TAG_SELECTED,52221,3/8/2023 10:10,b52e71ec-050f-49e1-b495-7c36f5537544,red,,,,,,,,,,,
TAG_APPLIED,53394,3/8/2023 10:10,b52e71ec-050f-49e1-b495-7c36f5537544,Gary_3 Root,red,,,,,,,,,,
VOICE_CAPTURE,53923,3/8/2023 10:10,b52e71ec-050f-49e1-b495-7c36f5537544,alrighty,NA,,,,,,,,,,
BAG_CLOSED,55361,3/8/2023 10:10,b52e71ec-050f-49e1-b495-7c36f5537544,"(0.7, 0.6, 0.7)",,,,,,,,,,,
TELEPORT,55361,3/8/2023 10:10,b52e71ec-050f-49e1-b495-7c36f5537544,"(0.6, 0.0, 0.4)",,,,,,,,,,,
TELEPORT,55933,3/8/2023 10:10,b52e71ec-050f-49e1-b495-7c36f5537544,"(0.6, 0.0, 0.7)",,,,,,,,,,,
VOICE_CAPTURE,62361,3/8/2023 10:10,b52e71ec-050f-49e1-b495-7c36f5537544,wave,NA,,,,,,,,,,
VOICE_COMMAND,62361,3/8/2023 10:10,b52e71ec-050f-49e1-b495-7c36f5537544,wave if you can,wave,,,,,,,,,,
S_A_L_T_WAVE_IF_CAN,62361,3/8/2023 10:10,b52e71ec-050f-49e1-b495-7c36f5537544,"(3.0, 0.0, 4.5)",waveIfCan,Lily_2 Root,,,,,,,,,
S_A_L_T_WAVED,62361,3/8/2023 10:10,b52e71ec-050f-49e1-b495-7c36f5537544,"(3.0, 0.0, 4.5)",waved,Lily_2 Root,,,,,,,,,
S_A_L_T_WAVE_IF_CAN,62361,3/8/2023 10:10,b52e71ec-050f-49e1-b495-7c36f5537544,"(1.2, 0.0, 6.2)",waveIfCan,Lily_4 Root,,,,,,,,,
S_A_L_T_WAVED,62361,3/8/2023 10:10,b52e71ec-050f-49e1-b495-7c36f5537544,"(1.2, 0.0, 6.2)",waved,Lily_4 Root,,,,,,,,,
S_A_L_T_WAVE_IF_CAN,62361,3/8/2023 10:10,b52e71ec-050f-49e1-b495-7c36f5537544,"(2.7, 0.0, 2.3)",waveIfCan,Mike_5 Root,,,,,,,,,
S_A_L_T_WAVED,62361,3/8/2023 10:10,b52e71ec-050f-49e1-b495-7c36f5537544,"(2.7, 0.0, 2.3)",waved,Mike_5 Root,,,,,,,,,
S_A_L_T_WAVE_IF_CAN,62361,3/8/2023 10:10,b52e71ec-050f-49e1-b495-7c36f5537544,"(-1.2, 0.0, 3.1)",waveIfCan,Gloria_6 Root,,,,,,,,,
S_A_L_T_WAVED,62361,3/8/2023 10:10,b52e71ec-050f-49e1-b495-7c36f5537544,"(-1.2, 0.0, 3.1)",waved,Gloria_6 Root,,,,,,,,,
S_A_L_T_WAVE_IF_CAN,62361,3/8/2023 10:10,b52e71ec-050f-49e1-b495-7c36f5537544,"(1.3, 0.0, 3.4)",waveIfCan,Mike_7 Root,,,,,,,,,
S_A_L_T_WAVED,62361,3/8/2023 10:10,b52e71ec-050f-49e1-b495-7c36f5537544,"(1.3, 0.0, 3.4)",waved,Mike_7 Root,,,,,,,,,
S_A_L_T_WAVE_IF_CAN,62361,3/8/2023 10:10,b52e71ec-050f-49e1-b495-7c36f5537544,"(3.3, 0.0, -2.6)",waveIfCan,Gloria_8 Root,,,,,,,,,
S_A_L_T_WAVED,62361,3/8/2023 10:10,b52e71ec-050f-49e1-b495-7c36f5537544,"(3.3, 0.0, -2.6)",waved,Gloria_8 Root,,,,,,,,,
S_A_L_T_WAVE_IF_CAN,62361,3/8/2023 10:10,b52e71ec-050f-49e1-b495-7c36f5537544,"(3.9, 0.0, -4.4)",waveIfCan,Helga_10 Root,,,,,,,,,
S_A_L_T_WAVED,62361,3/8/2023 10:10,b52e71ec-050f-49e1-b495-7c36f5537544,"(3.9, 0.0, -4.4)",waved,Helga_10 Root,,,,,,,,,
VOICE_CAPTURE,63076,3/8/2023 10:10,b52e71ec-050f-49e1-b495-7c36f5537544,OK if you can hear me raise your hand again,NA,,,,,,,,,,
TELEPORT,64692,3/8/2023 10:10,b52e71ec-050f-49e1-b495-7c36f5537544,"(0.8, 0.0, 1.1)",,,,,,,,,,,
TELEPORT,66251,3/8/2023 10:10,b52e71ec-050f-49e1-b495-7c36f5537544,"(0.4, 0.0, 1.6)",,,,,,,,,,,
VOICE_CAPTURE,69769,3/8/2023 10:10,b52e71ec-050f-49e1-b495-7c36f5537544,raise raise raise raise geo and then i could teleport there,NA,,,,,,,,,,
PULSE_TAKEN,71934,3/8/2023 10:10,b52e71ec-050f-49e1-b495-7c36f5537544,pulse_none,Bob_0 Root,,,,,,,,,,
PATIENT_ENGAGED,75319,3/8/2023 10:10,b52e71ec-050f-49e1-b495-7c36f5537544,100,Infinity,Bob_0 Root,"(-1.7, 0.0, 5.7)","(0.0, 0.7, 0.0, 0.7)",DEAD,still,none,none,none,dead,supine
BAG_ACCESS,77690,3/8/2023 10:10,b52e71ec-050f-49e1-b495-7c36f5537544,"(-1.5, 0.6, 4.8)",,,,,,,,,,,
TAG_SELECTED,78415,3/8/2023 10:10,b52e71ec-050f-49e1-b495-7c36f5537544,black,,,,,,,,,,,
TAG_APPLIED,79580,3/8/2023 10:10,b52e71ec-050f-49e1-b495-7c36f5537544,Bob_0 Root,black,,,,,,,,,,
VOICE_CAPTURE,80027,3/8/2023 10:10,b52e71ec-050f-49e1-b495-7c36f5537544,i'm going to see if you have a pulse which you do not that i can feel i'm sorry i'm talking to myself,NA,,,,,,,,,,
BAG_CLOSED,81789,3/8/2023 10:11,b52e71ec-050f-49e1-b495-7c36f5537544,"(-1.5, 0.6, 4.8)",,,,,,,,,,,
TELEPORT,81789,3/8/2023 10:11,b52e71ec-050f-49e1-b495-7c36f5537544,"(-1.4, 0.0, 4.4)",,,,,,,,,,,
VOICE_CAPTURE,84285,3/8/2023 10:11,b52e71ec-050f-49e1-b495-7c36f5537544,alright get that out of the way,NA,,,,,,,,,,
TELEPORT,87089,3/8/2023 10:11,b52e71ec-050f-49e1-b495-7c36f5537544,"(0.2, 0.0, 7.1)",,,,,,,,,,,
PATIENT_ENGAGED,87290,3/8/2023 10:11,b52e71ec-050f-49e1-b495-7c36f5537544,100,Infinity,Gary_1 Root,"(1.6, 0.0, 7.6)","(0.0, 1.0, 0.0, 0.0)",EXPECTANT,still,none,restricted,none,unresponsive,supine
PULSE_TAKEN,88322,3/8/2023 10:11,b52e71ec-050f-49e1-b495-7c36f5537544,pulse_none,Gary_1 Root,,,,,,,,,,
PULSE_TAKEN,89590,3/8/2023 10:11,b52e71ec-050f-49e1-b495-7c36f5537544,pulse_none,Gary_1 Root,,,,,,,,,,
PULSE_TAKEN,91408,3/8/2023 10:11,b52e71ec-050f-49e1-b495-7c36f5537544,pulse_none,Gary_1 Root,,,,,,,,,,
VOICE_CAPTURE,93814,3/8/2023 10:11,b52e71ec-050f-49e1-b495-7c36f5537544,well you're moving but i don't have,NA,,,,,,,,,,
VOICE_CAPTURE,98095,3/8/2023 10:11,b52e71ec-050f-49e1-b495-7c36f5537544,oh goodness that makes you dizzy,NA,,,,,,,,,,
TELEPORT,100386,3/8/2023 10:11,b52e71ec-050f-49e1-b495-7c36f5537544,"(0.7, 0.0, 7.1)",,,,,,,,,,,
VOICE_CAPTURE,100665,3/8/2023 10:11,b52e71ec-050f-49e1-b495-7c36f5537544,OK not moving,NA,,,,,,,,,,
PULSE_TAKEN,102249,3/8/2023 10:11,b52e71ec-050f-49e1-b495-7c36f5537544,pulse_none,Gary_1 Root,,,,,,,,,,
VOICE_CAPTURE,103465,3/8/2023 10:11,b52e71ec-050f-49e1-b495-7c36f5537544,OK yep,NA,,,,,,,,,,
PULSE_TAKEN,106889,3/8/2023 10:11,b52e71ec-050f-49e1-b495-7c36f5537544,pulse_none,Gary_1 Root,,,,,,,,,,
VOICE_CAPTURE,111783,3/8/2023 10:11,b52e71ec-050f-49e1-b495-7c36f5537544,alright we are gonna call you i don't have any i mean he's got an agonal breathing no OK,NA,,,,,,,,,,
BAG_ACCESS,123016,3/8/2023 10:11,b52e71ec-050f-49e1-b495-7c36f5537544,"(0.9, 0.6, 8.0)",,,,,,,,,,,
TAG_SELECTED,126496,3/8/2023 10:11,b52e71ec-050f-49e1-b495-7c36f5537544,gray,,,,,,,,,,,
VOICE_CAPTURE,127896,3/8/2023 10:11,b52e71ec-050f-49e1-b495-7c36f5537544,OK,NA,,,,,,,,,,
TAG_APPLIED,128964,3/8/2023 10:11,b52e71ec-050f-49e1-b495-7c36f5537544,Gary_1 Root,gray,,,,,,,,,,
TOOL_HOVER,130117,3/8/2023 10:11,b52e71ec-050f-49e1-b495-7c36f5537544,Needle,997,,,,,,,,,,
TOOL_HOVER,130133,3/8/2023 10:11,b52e71ec-050f-49e1-b495-7c36f5537544,Needle,997,,,,,,,,,,
TOOL_HOVER,130151,3/8/2023 10:11,b52e71ec-050f-49e1-b495-7c36f5537544,Needle,997,,,,,,,,,,
TOOL_HOVER,130167,3/8/2023 10:11,b52e71ec-050f-49e1-b495-7c36f5537544,Needle,997,,,,,,,,,,
TOOL_HOVER,130193,3/8/2023 10:11,b52e71ec-050f-49e1-b495-7c36f5537544,Needle,997,,,,,,,,,,
TOOL_HOVER,130207,3/8/2023 10:11,b52e71ec-050f-49e1-b495-7c36f5537544,Needle,997,,,,,,,,,,
TOOL_HOVER,130223,3/8/2023 10:11,b52e71ec-050f-49e1-b495-7c36f5537544,Needle,997,,,,,,,,,,
TOOL_HOVER,130239,3/8/2023 10:11,b52e71ec-050f-49e1-b495-7c36f5537544,Needle,997,,,,,,,,,,
TOOL_HOVER,130255,3/8/2023 10:11,b52e71ec-050f-49e1-b495-7c36f5537544,Needle,997,,,,,,,,,,
TOOL_HOVER,130273,3/8/2023 10:11,b52e71ec-050f-49e1-b495-7c36f5537544,Needle,997,,,,,,,,,,
TOOL_HOVER,130291,3/8/2023 10:11,b52e71ec-050f-49e1-b495-7c36f5537544,Needle,997,,,,,,,,,,
TOOL_HOVER,130308,3/8/2023 10:11,b52e71ec-050f-49e1-b495-7c36f5537544,Needle,997,,,,,,,,,,
TOOL_HOVER,130328,3/8/2023 10:11,b52e71ec-050f-49e1-b495-7c36f5537544,Hemostatic Gauze,999,,,,,,,,,,
TOOL_HOVER,130342,3/8/2023 10:11,b52e71ec-050f-49e1-b495-7c36f5537544,Hemostatic Gauze,999,,,,,,,,,,
TOOL_HOVER,130359,3/8/2023 10:11,b52e71ec-050f-49e1-b495-7c36f5537544,Hemostatic Gauze,999,,,,,,,,,,
TOOL_HOVER,130375,3/8/2023 10:11,b52e71ec-050f-49e1-b495-7c36f5537544,Hemostatic Gauze,999,,,,,,,,,,
TOOL_HOVER,130390,3/8/2023 10:11,b52e71ec-050f-49e1-b495-7c36f5537544,Hemostatic Gauze,999,,,,,,,,,,
TOOL_HOVER,130407,3/8/2023 10:11,b52e71ec-050f-49e1-b495-7c36f5537544,Hemostatic Gauze,999,,,,,,,,,,
TOOL_HOVER,130424,3/8/2023 10:11,b52e71ec-050f-49e1-b495-7c36f5537544,Hemostatic Gauze,999,,,,,,,,,,
TOOL_HOVER,130441,3/8/2023 10:11,b52e71ec-050f-49e1-b495-7c36f5537544,Hemostatic Gauze,999,,,,,,,,,,
TOOL_HOVER,130458,3/8/2023 10:11,b52e71ec-050f-49e1-b495-7c36f5537544,Hemostatic Gauze,999,,,,,,,,,,
TOOL_HOVER,130474,3/8/2023 10:11,b52e71ec-050f-49e1-b495-7c36f5537544,Hemostatic Gauze,999,,,,,,,,,,
TOOL_HOVER,130491,3/8/2023 10:11,b52e71ec-050f-49e1-b495-7c36f5537544,Hemostatic Gauze,999,,,,,,,,,,
TOOL_HOVER,130508,3/8/2023 10:11,b52e71ec-050f-49e1-b495-7c36f5537544,Hemostatic Gauze,999,,,,,,,,,,
BAG_CLOSED,131086,3/8/2023 10:11,b52e71ec-050f-49e1-b495-7c36f5537544,"(0.9, 0.6, 8.0)",,,,,,,,,,,
TELEPORT,131086,3/8/2023 10:11,b52e71ec-050f-49e1-b495-7c36f5537544,"(0.7, 0.0, 6.5)",,,,,,,,,,,
VOICE_CAPTURE,134753,3/8/2023 10:11,b52e71ec-050f-49e1-b495-7c36f5537544,OK i'm gonna go to you,NA,,,,,,,,,,
PATIENT_ENGAGED,135020,3/8/2023 10:11,b52e71ec-050f-49e1-b495-7c36f5537544,100,Infinity,Lily_2 Root,"(3.0, 0.0, 4.5)","(0.0, 1.0, 0.0, 0.0)",IMMEDIATE,waver,fast,fast,normal,agony,fetal
BAG_ACCESS,136305,3/8/2023 10:11,b52e71ec-050f-49e1-b495-7c36f5537544,"(3.0, 0.6, 4.7)",,,,,,,,,,,
TOOL_HOVER,137055,3/8/2023 10:11,b52e71ec-050f-49e1-b495-7c36f5537544,Gauze,999,,,,,,,,,,
TOOL_HOVER,137073,3/8/2023 10:11,b52e71ec-050f-49e1-b495-7c36f5537544,Gauze,999,,,,,,,,,,
TOOL_HOVER,137090,3/8/2023 10:11,b52e71ec-050f-49e1-b495-7c36f5537544,Gauze,999,,,,,,,,,,
TOOL_HOVER,137105,3/8/2023 10:11,b52e71ec-050f-49e1-b495-7c36f5537544,Gauze,999,,,,,,,,,,
TOOL_HOVER,137123,3/8/2023 10:11,b52e71ec-050f-49e1-b495-7c36f5537544,Gauze,999,,,,,,,,,,
TOOL_HOVER,137139,3/8/2023 10:11,b52e71ec-050f-49e1-b495-7c36f5537544,Gauze,999,,,,,,,,,,
TOOL_SELECTED,137140,3/8/2023 10:11,b52e71ec-050f-49e1-b495-7c36f5537544,Gauze,998,,,,,,,,,,
VOICE_CAPTURE,137487,3/8/2023 10:11,b52e71ec-050f-49e1-b495-7c36f5537544,here we go,NA,,,,,,,,,,
VOICE_CAPTURE,139655,3/8/2023 10:11,b52e71ec-050f-49e1-b495-7c36f5537544,traumatic amputation,NA,,,,,,,,,,
TOOL_DISCARDED,140055,3/8/2023 10:11,b52e71ec-050f-49e1-b495-7c36f5537544,Gauze,998,"(3.3, 0.2, 4.4)",,,,,,,,,
TOOL_APPLIED,140055,3/8/2023 10:11,b52e71ec-050f-49e1-b495-7c36f5537544,Lily_2 Root,Gauze_Dressing,skinCollider_BodyLOD (UnityEngine.GameObject),null,null,AppliedDressingGauze,,,,,,
TOOL_HOVER,141559,3/8/2023 10:11,b52e71ec-050f-49e1-b495-7c36f5537544,Tourniquet,999,,,,,,,,,,
TOOL_HOVER,141576,3/8/2023 10:11,b52e71ec-050f-49e1-b495-7c36f5537544,Tourniquet,999,,,,,,,,,,
TOOL_HOVER,141592,3/8/2023 10:11,b52e71ec-050f-49e1-b495-7c36f5537544,Tourniquet,999,,,,,,,,,,
TOOL_HOVER,141610,3/8/2023 10:11,b52e71ec-050f-49e1-b495-7c36f5537544,Tourniquet,999,,,,,,,,,,
TOOL_HOVER,141626,3/8/2023 10:11,b52e71ec-050f-49e1-b495-7c36f5537544,Tourniquet,999,,,,,,,,,,
TOOL_HOVER,141642,3/8/2023 10:11,b52e71ec-050f-49e1-b495-7c36f5537544,Tourniquet,999,,,,,,,,,,
TOOL_HOVER,141658,3/8/2023 10:11,b52e71ec-050f-49e1-b495-7c36f5537544,Tourniquet,999,,,,,,,,,,
TOOL_HOVER,141676,3/8/2023 10:11,b52e71ec-050f-49e1-b495-7c36f5537544,Tourniquet,999,,,,,,,,,,
TOOL_HOVER,141692,3/8/2023 10:11,b52e71ec-050f-49e1-b495-7c36f5537544,Tourniquet,999,,,,,,,,,,
TOOL_SELECTED,141694,3/8/2023 10:11,b52e71ec-050f-49e1-b495-7c36f5537544,Tourniquet,998,,,,,,,,,,
INJURY_TREATED,143193,3/8/2023 10:12,b52e71ec-050f-49e1-b495-7c36f5537544,R Shin Amputation,Lily_2 Root,tourniquet,high,rightLeg,TRUE,FALSE,"(3.2, 0.1, 4.2)",,,,
TOOL_APPLIED,143193,3/8/2023 10:12,b52e71ec-050f-49e1-b495-7c36f5537544,Lily_2 Root,Tourniquet,RightLeg (UnityEngine.GameObject),tor_ring (1) (UnityEngine.GameObject),tourniquet(Clone) (UnityEngine.GameObject),AppliedTourniquet,,,,,,
PULSE_TAKEN,143442,3/8/2023 10:12,b52e71ec-050f-49e1-b495-7c36f5537544,pulse_fast,Lily_2 Root,,,,,,,,,,
PULSE_TAKEN,144125,3/8/2023 10:12,b52e71ec-050f-49e1-b495-7c36f5537544,pulse_fast,Lily_2 Root,,,,,,,,,,
VOICE_CAPTURE,144559,3/8/2023 10:12,b52e71ec-050f-49e1-b495-7c36f5537544,nope wrong one dang it this one,NA,,,,,,,,,,
VOICE_CAPTURE,149204,3/8/2023 10:12,b52e71ec-050f-49e1-b495-7c36f5537544,no why all the way down there is that where it goes OK,NA,,,,,,,,,,
TAG_SELECTED,152038,3/8/2023 10:12,b52e71ec-050f-49e1-b495-7c36f5537544,red,,,,,,,,,,,
TAG_APPLIED,153285,3/8/2023 10:12,b52e71ec-050f-49e1-b495-7c36f5537544,Lily_2 Root,red,,,,,,,,,,
BAG_CLOSED,154393,3/8/2023 10:12,b52e71ec-050f-49e1-b495-7c36f5537544,"(3.0, 0.6, 4.7)",,,,,,,,,,,
TELEPORT,154393,3/8/2023 10:12,b52e71ec-050f-49e1-b495-7c36f5537544,"(2.4, 0.0, 4.7)",,,,,,,,,,,
VOICE_CAPTURE,154460,3/8/2023 10:12,b52e71ec-050f-49e1-b495-7c36f5537544,alright she's breathing she's got we're gonna make you this one,NA,,,,,,,,,,
PATIENT_ENGAGED,156998,3/8/2023 10:12,b52e71ec-050f-49e1-b495-7c36f5537544,100,Infinity,Mike_7 Root,"(1.3, 0.0, 3.4)","(0.0, 0.1, 0.0, 1.0)",DELAYED,waver,fast,normal,normal,upset,sittingGround
TELEPORT,158118,3/8/2023 10:12,b52e71ec-050f-49e1-b495-7c36f5537544,"(1.2, 0.0, 3.9)",,,,,,,,,,,
BAG_ACCESS,159474,3/8/2023 10:12,b52e71ec-050f-49e1-b495-7c36f5537544,"(1.5, 0.6, 3.9)",,,,,,,,,,,
TOOL_HOVER,160065,3/8/2023 10:12,b52e71ec-050f-49e1-b495-7c36f5537544,Gauze,999,,,,,,,,,,
TOOL_SELECTED,160066,3/8/2023 10:12,b52e71ec-050f-49e1-b495-7c36f5537544,Gauze,998,,,,,,,,,,
TOOL_DISCARDED,161538,3/8/2023 10:12,b52e71ec-050f-49e1-b495-7c36f5537544,Gauze,998,"(1.3, 0.1, 3.8)",,,,,,,,,
INJURY_TREATED,161538,3/8/2023 10:12,b52e71ec-050f-49e1-b495-7c36f5537544,R Calf Laceration,Mike_7 Root,gauzePressure,low,rightLeg,TRUE,FALSE,"(1.3, 0.2, 3.8)",,,,
TOOL_APPLIED,161538,3/8/2023 10:12,b52e71ec-050f-49e1-b495-7c36f5537544,Mike_7 Root,Gauze_Dressing,skinCollider_BodyCollideLOD (UnityEngine.GameObject),null,null,AppliedDressingGauze,,,,,,
TOOL_HOVER,164262,3/8/2023 10:12,b52e71ec-050f-49e1-b495-7c36f5537544,Hemostatic Gauze,999,,,,,,,,,,
TOOL_HOVER,164278,3/8/2023 10:12,b52e71ec-050f-49e1-b495-7c36f5537544,Hemostatic Gauze,999,,,,,,,,,,
TOOL_HOVER,164295,3/8/2023 10:12,b52e71ec-050f-49e1-b495-7c36f5537544,Hemostatic Gauze,999,,,,,,,,,,
TOOL_HOVER,164316,3/8/2023 10:12,b52e71ec-050f-49e1-b495-7c36f5537544,Hemostatic Gauze,999,,,,,,,,,,
TOOL_SELECTED,164317,3/8/2023 10:12,b52e71ec-050f-49e1-b495-7c36f5537544,Hemostatic Gauze,998,,,,,,,,,,
VOICE_CAPTURE,166026,3/8/2023 10:12,b52e71ec-050f-49e1-b495-7c36f5537544,alrighty,NA,,,,,,,,,,
TOOL_DISCARDED,166506,3/8/2023 10:12,b52e71ec-050f-49e1-b495-7c36f5537544,Hemostatic Gauze,998,"(0.7, 0.2, 3.5)",,,,,,,,,
INJURY_TREATED,166507,3/8/2023 10:12,b52e71ec-050f-49e1-b495-7c36f5537544,L Thigh Puncture,Mike_7 Root,tourniquet,medium,leftLeg,FALSE,TRUE,"(0.7, 0.1, 3.5)",,,,
TOOL_APPLIED,166507,3/8/2023 10:12,b52e71ec-050f-49e1-b495-7c36f5537544,Mike_7 Root,Gauze_Pack,skinCollider_BodyCollideLOD (UnityEngine.GameObject),null,null,AppliedPackingGauze,,,,,,
TOOL_HOVER,168759,3/8/2023 10:12,b52e71ec-050f-49e1-b495-7c36f5537544,Gauze,999,,,,,,,,,,
TOOL_HOVER,168778,3/8/2023 10:12,b52e71ec-050f-49e1-b495-7c36f5537544,Gauze,999,,,,,,,,,,
TOOL_HOVER,168796,3/8/2023 10:12,b52e71ec-050f-49e1-b495-7c36f5537544,Gauze,999,,,,,,,,,,
TOOL_HOVER,168814,3/8/2023 10:12,b52e71ec-050f-49e1-b495-7c36f5537544,Gauze,999,,,,,,,,,,
TOOL_HOVER,168831,3/8/2023 10:12,b52e71ec-050f-49e1-b495-7c36f5537544,Gauze,999,,,,,,,,,,
TOOL_HOVER,168852,3/8/2023 10:12,b52e71ec-050f-49e1-b495-7c36f5537544,Gauze,999,,,,,,,,,,
TOOL_HOVER,168868,3/8/2023 10:12,b52e71ec-050f-49e1-b495-7c36f5537544,Gauze,999,,,,,,,,,,
TOOL_HOVER,168885,3/8/2023 10:12,b52e71ec-050f-49e1-b495-7c36f5537544,Gauze,999,,,,,,,,,,
TOOL_HOVER,168903,3/8/2023 10:12,b52e71ec-050f-49e1-b495-7c36f5537544,Gauze,999,,,,,,,,,,
TOOL_HOVER,168920,3/8/2023 10:12,b52e71ec-050f-49e1-b495-7c36f5537544,Gauze,999,,,,,,,,,,
TOOL_HOVER,168936,3/8/2023 10:12,b52e71ec-050f-49e1-b495-7c36f5537544,Gauze,999,,,,,,,,,,
TOOL_HOVER,169154,3/8/2023 10:12,b52e71ec-050f-49e1-b495-7c36f5537544,Tourniquet,998,,,,,,,,,,
TOOL_HOVER,169170,3/8/2023 10:12,b52e71ec-050f-49e1-b495-7c36f5537544,Tourniquet,998,,,,,,,,,,
TOOL_HOVER,169188,3/8/2023 10:12,b52e71ec-050f-49e1-b495-7c36f5537544,Tourniquet,998,,,,,,,,,,
TOOL_HOVER,169205,3/8/2023 10:12,b52e71ec-050f-49e1-b495-7c36f5537544,Tourniquet,998,,,,,,,,,,
TOOL_HOVER,169221,3/8/2023 10:12,b52e71ec-050f-49e1-b495-7c36f5537544,Tourniquet,998,,,,,,,,,,
TOOL_HOVER,169238,3/8/2023 10:12,b52e71ec-050f-49e1-b495-7c36f5537544,Tourniquet,998,,,,,,,,,,
TOOL_SELECTED,169239,3/8/2023 10:12,b52e71ec-050f-49e1-b495-7c36f5537544,Tourniquet,997,,,,,,,,,,
INJURY_TREATED,170281,3/8/2023 10:12,b52e71ec-050f-49e1-b495-7c36f5537544,L Thigh Puncture,Mike_7 Root,tourniquet,medium,leftLeg,TRUE,TRUE,"(0.7, 0.1, 3.5)",,,,
TOOL_APPLIED,170283,3/8/2023 10:12,b52e71ec-050f-49e1-b495-7c36f5537544,Mike_7 Root,Tourniquet,LeftUpLeg (UnityEngine.GameObject),tor_ring (1) (UnityEngine.GameObject),tourniquet(Clone) (UnityEngine.GameObject),AppliedTourniquet,,,,,,
VOICE_CAPTURE,171948,3/8/2023 10:12,b52e71ec-050f-49e1-b495-7c36f5537544,oh yeah right negative now they're trying to get,NA,,,,,,,,,,
TAG_SELECTED,172299,3/8/2023 10:12,b52e71ec-050f-49e1-b495-7c36f5537544,red,,,,,,,,,,,
TAG_APPLIED,177805,3/8/2023 10:12,b52e71ec-050f-49e1-b495-7c36f5537544,Mike_7 Root,red,,,,,,,,,,
VOICE_CAPTURE,178221,3/8/2023 10:12,b52e71ec-050f-49e1-b495-7c36f5537544,OK,NA,,,,,,,,,,
BAG_CLOSED,183678,3/8/2023 10:12,b52e71ec-050f-49e1-b495-7c36f5537544,"(1.5, 0.6, 3.9)",,,,,,,,,,,
TELEPORT,183678,3/8/2023 10:12,b52e71ec-050f-49e1-b495-7c36f5537544,"(1.2, 0.0, 3.8)",,,,,,,,,,,
VOICE_CAPTURE,185706,3/8/2023 10:12,b52e71ec-050f-49e1-b495-7c36f5537544,yes alright who else do i have,NA,,,,,,,,,,
TELEPORT,186095,3/8/2023 10:12,b52e71ec-050f-49e1-b495-7c36f5537544,"(2.2, 0.0, 3.1)",,,,,,,,,,,
TELEPORT,186504,3/8/2023 10:12,b52e71ec-050f-49e1-b495-7c36f5537544,"(2.3, 0.0, 3.1)",,,,,,,,,,,
PATIENT_ENGAGED,187266,3/8/2023 10:12,b52e71ec-050f-49e1-b495-7c36f5537544,100,Infinity,Mike_5 Root,"(2.7, 0.0, 2.3)","(0.0, 1.0, 0.0, 0.0)",IMMEDIATE,waver,fast,normal,normal,upset,fetal
PULSE_TAKEN,189057,3/8/2023 10:12,b52e71ec-050f-49e1-b495-7c36f5537544,pulse_fast,Mike_5 Root,,,,,,,,,,
VOICE_CAPTURE,189621,3/8/2023 10:12,b52e71ec-050f-49e1-b495-7c36f5537544,OK,NA,,,,,,,,,,
VOICE_CAPTURE,191819,3/8/2023 10:12,b52e71ec-050f-49e1-b495-7c36f5537544,guy like,NA,,,,,,,,,,
BAG_ACCESS,192208,3/8/2023 10:12,b52e71ec-050f-49e1-b495-7c36f5537544,"(2.8, 0.6, 2.4)",,,,,,,,,,,
TOOL_HOVER,192756,3/8/2023 10:12,b52e71ec-050f-49e1-b495-7c36f5537544,Tourniquet,997,,,,,,,,,,
TOOL_HOVER,192772,3/8/2023 10:12,b52e71ec-050f-49e1-b495-7c36f5537544,Tourniquet,997,,,,,,,,,,
TOOL_HOVER,192789,3/8/2023 10:12,b52e71ec-050f-49e1-b495-7c36f5537544,Tourniquet,997,,,,,,,,,,
TOOL_HOVER,192806,3/8/2023 10:12,b52e71ec-050f-49e1-b495-7c36f5537544,Tourniquet,997,,,,,,,,,,
TOOL_HOVER,192822,3/8/2023 10:12,b52e71ec-050f-49e1-b495-7c36f5537544,Tourniquet,997,,,,,,,,,,
TOOL_HOVER,192839,3/8/2023 10:12,b52e71ec-050f-49e1-b495-7c36f5537544,Tourniquet,997,,,,,,,,,,
TOOL_HOVER,192858,3/8/2023 10:12,b52e71ec-050f-49e1-b495-7c36f5537544,Tourniquet,997,,,,,,,,,,
TOOL_HOVER,192874,3/8/2023 10:12,b52e71ec-050f-49e1-b495-7c36f5537544,Tourniquet,997,,,,,,,,,,
TOOL_HOVER,192891,3/8/2023 10:12,b52e71ec-050f-49e1-b495-7c36f5537544,Tourniquet,997,,,,,,,,,,
TOOL_HOVER,192909,3/8/2023 10:12,b52e71ec-050f-49e1-b495-7c36f5537544,Tourniquet,997,,,,,,,,,,
TOOL_HOVER,192927,3/8/2023 10:12,b52e71ec-050f-49e1-b495-7c36f5537544,Tourniquet,997,,,,,,,,,,
TOOL_HOVER,192945,3/8/2023 10:12,b52e71ec-050f-49e1-b495-7c36f5537544,Tourniquet,997,,,,,,,,,,
TOOL_HOVER,192962,3/8/2023 10:12,b52e71ec-050f-49e1-b495-7c36f5537544,Tourniquet,997,,,,,,,,,,
TOOL_HOVER,192978,3/8/2023 10:12,b52e71ec-050f-49e1-b495-7c36f5537544,Tourniquet,997,,,,,,,,,,
TOOL_HOVER,192995,3/8/2023 10:12,b52e71ec-050f-49e1-b495-7c36f5537544,Tourniquet,997,,,,,,,,,,
TOOL_HOVER,193014,3/8/2023 10:12,b52e71ec-050f-49e1-b495-7c36f5537544,Tourniquet,997,,,,,,,,,,
TOOL_HOVER,193031,3/8/2023 10:12,b52e71ec-050f-49e1-b495-7c36f5537544,Tourniquet,997,,,,,,,,,,
TOOL_SELECTED,193032,3/8/2023 10:12,b52e71ec-050f-49e1-b495-7c36f5537544,Tourniquet,996,,,,,,,,,,
VOICE_CAPTURE,193793,3/8/2023 10:12,b52e71ec-050f-49e1-b495-7c36f5537544,roll them,NA,,,,,,,,,,
INJURY_TREATED,194931,3/8/2023 10:12,b52e71ec-050f-49e1-b495-7c36f5537544,R Thigh Laceration,Mike_5 Root,tourniquet,medium,rightLeg,TRUE,FALSE,"(3.0, 0.3, 2.2)",,,,
TOOL_APPLIED,194931,3/8/2023 10:12,b52e71ec-050f-49e1-b495-7c36f5537544,Mike_5 Root,Tourniquet,RightUpLeg (UnityEngine.GameObject),tor_ring (1) (UnityEngine.GameObject),tourniquet(Clone) (UnityEngine.GameObject),AppliedTourniquet,,,,,,
VOICE_CAPTURE,198496,3/8/2023 10:12,b52e71ec-050f-49e1-b495-7c36f5537544,alright roll on your back,NA,,,,,,,,,,
VOICE_COMMAND,198496,3/8/2023 10:12,b52e71ec-050f-49e1-b495-7c36f5537544,lay down,alright roll on your back,,,,,,,,,,
VOICE_CAPTURE,199251,3/8/2023 10:12,b52e71ec-050f-49e1-b495-7c36f5537544,lay down,NA,,,,,,,,,,
VOICE_COMMAND,199251,3/8/2023 10:12,b52e71ec-050f-49e1-b495-7c36f5537544,lay down,lay down,,,,,,,,,,
VOICE_CAPTURE,201850,3/8/2023 10:13,b52e71ec-050f-49e1-b495-7c36f5537544,i wanna see what's going on OK,NA,,,,,,,,,,
VOICE_CAPTURE,204721,3/8/2023 10:13,b52e71ec-050f-49e1-b495-7c36f5537544,so we got it,NA,,,,,,,,,,
TOOL_HOVER,209959,3/8/2023 10:13,b52e71ec-050f-49e1-b495-7c36f5537544,Hemostatic Gauze,999,,,,,,,,,,
VOICE_CAPTURE,209976,3/8/2023 10:13,b52e71ec-050f-49e1-b495-7c36f5537544,i don't have a kit there it is,NA,,,,,,,,,,
TOOL_HOVER,209977,3/8/2023 10:13,b52e71ec-050f-49e1-b495-7c36f5537544,Hemostatic Gauze,999,,,,,,,,,,
TOOL_HOVER,209996,3/8/2023 10:13,b52e71ec-050f-49e1-b495-7c36f5537544,Hemostatic Gauze,999,,,,,,,,,,
TOOL_HOVER,210015,3/8/2023 10:13,b52e71ec-050f-49e1-b495-7c36f5537544,Hemostatic Gauze,999,,,,,,,,,,
TOOL_HOVER,210033,3/8/2023 10:13,b52e71ec-050f-49e1-b495-7c36f5537544,Hemostatic Gauze,999,,,,,,,,,,
TOOL_SELECTED,210034,3/8/2023 10:13,b52e71ec-050f-49e1-b495-7c36f5537544,Hemostatic Gauze,998,,,,,,,,,,
TOOL_DISCARDED,211501,3/8/2023 10:13,b52e71ec-050f-49e1-b495-7c36f5537544,Hemostatic Gauze,998,"(2.3, 0.2, 2.5)",,,,,,,,,
INJURY_TREATED,211502,3/8/2023 10:13,b52e71ec-050f-49e1-b495-7c36f5537544,R Side Puncture,Mike_5 Root,woundpack,medium,abdomen,TRUE,FALSE,"(2.3, 0.2, 2.5)",,,,
TOOL_APPLIED,211502,3/8/2023 10:13,b52e71ec-050f-49e1-b495-7c36f5537544,Mike_5 Root,Gauze_Pack,skinCollider_BodyCollideLOD (UnityEngine.GameObject),null,null,AppliedPackingGauze,,,,,,
VOICE_CAPTURE,220677,3/8/2023 10:13,b52e71ec-050f-49e1-b495-7c36f5537544,can i do i like cut his shirt off see what else under there just go with that that's it,NA,,,,,,,,,,
TAG_SELECTED,221315,3/8/2023 10:13,b52e71ec-050f-49e1-b495-7c36f5537544,red,,,,,,,,,,,
VOICE_CAPTURE,221913,3/8/2023 10:13,b52e71ec-050f-49e1-b495-7c36f5537544,OK,NA,,,,,,,,,,
BAG_CLOSED,223003,3/8/2023 10:13,b52e71ec-050f-49e1-b495-7c36f5537544,"(2.8, 0.6, 2.4)",,,,,,,,,,,
TAG_APPLIED,223081,3/8/2023 10:13,b52e71ec-050f-49e1-b495-7c36f5537544,Mike_5 Root,red,,,,,,,,,,
TELEPORT,224370,3/8/2023 10:13,b52e71ec-050f-49e1-b495-7c36f5537544,"(2.4, 0.0, 3.1)",,,,,,,,,,,
TELEPORT,225008,3/8/2023 10:13,b52e71ec-050f-49e1-b495-7c36f5537544,"(2.6, 0.0, 3.3)",,,,,,,,,,,
VOICE_CAPTURE,227148,3/8/2023 10:13,b52e71ec-050f-49e1-b495-7c36f5537544,thank you,NA,,,,,,,,,,
PATIENT_ENGAGED,230076,3/8/2023 10:13,b52e71ec-050f-49e1-b495-7c36f5537544,100,Infinity,Lily_4 Root,"(1.2, 0.0, 6.2)","(0.0, 1.0, 0.0, 0.0)",IMMEDIATE,waver,fast,normal,normal,upset,fetal
TELEPORT,230562,3/8/2023 10:13,b52e71ec-050f-49e1-b495-7c36f5537544,"(0.9, 0.0, 6.2)",,,,,,,,,,,
VOICE_CAPTURE,232694,3/8/2023 10:13,b52e71ec-050f-49e1-b495-7c36f5537544,alright rolling your back for me,NA,,,,,,,,,,
TELEPORT,235739,3/8/2023 10:13,b52e71ec-050f-49e1-b495-7c36f5537544,"(0.8, 0.0, 6.3)",,,,,,,,,,,
BAG_ACCESS,238014,3/8/2023 10:13,b52e71ec-050f-49e1-b495-7c36f5537544,"(1.0, 0.6, 6.1)",,,,,,,,,,,
TOOL_HOVER,238564,3/8/2023 10:13,b52e71ec-050f-49e1-b495-7c36f5537544,Hemostatic Gauze,999,,,,,,,,,,
TOOL_HOVER,238582,3/8/2023 10:13,b52e71ec-050f-49e1-b495-7c36f5537544,Hemostatic Gauze,999,,,,,,,,,,
TOOL_HOVER,238598,3/8/2023 10:13,b52e71ec-050f-49e1-b495-7c36f5537544,Hemostatic Gauze,999,,,,,,,,,,
TOOL_HOVER,238614,3/8/2023 10:13,b52e71ec-050f-49e1-b495-7c36f5537544,Hemostatic Gauze,999,,,,,,,,,,
TOOL_HOVER,238631,3/8/2023 10:13,b52e71ec-050f-49e1-b495-7c36f5537544,Hemostatic Gauze,999,,,,,,,,,,
TOOL_HOVER,238648,3/8/2023 10:13,b52e71ec-050f-49e1-b495-7c36f5537544,Hemostatic Gauze,999,,,,,,,,,,
TOOL_HOVER,238665,3/8/2023 10:13,b52e71ec-050f-49e1-b495-7c36f5537544,Hemostatic Gauze,999,,,,,,,,,,
TOOL_HOVER,238681,3/8/2023 10:13,b52e71ec-050f-49e1-b495-7c36f5537544,Hemostatic Gauze,999,,,,,,,,,,
TOOL_HOVER,238698,3/8/2023 10:13,b52e71ec-050f-49e1-b495-7c36f5537544,Hemostatic Gauze,999,,,,,,,,,,
TOOL_HOVER,238715,3/8/2023 10:13,b52e71ec-050f-49e1-b495-7c36f5537544,Hemostatic Gauze,999,,,,,,,,,,
TOOL_HOVER,238731,3/8/2023 10:13,b52e71ec-050f-49e1-b495-7c36f5537544,Hemostatic Gauze,999,,,,,,,,,,
TOOL_HOVER,238750,3/8/2023 10:13,b52e71ec-050f-49e1-b495-7c36f5537544,Hemostatic Gauze,999,,,,,,,,,,
TOOL_HOVER,238765,3/8/2023 10:13,b52e71ec-050f-49e1-b495-7c36f5537544,Hemostatic Gauze,999,,,,,,,,,,
TOOL_HOVER,238782,3/8/2023 10:13,b52e71ec-050f-49e1-b495-7c36f5537544,Hemostatic Gauze,999,,,,,,,,,,
TOOL_HOVER,238799,3/8/2023 10:13,b52e71ec-050f-49e1-b495-7c36f5537544,Hemostatic Gauze,999,,,,,,,,,,
TOOL_HOVER,238816,3/8/2023 10:13,b52e71ec-050f-49e1-b495-7c36f5537544,Hemostatic Gauze,999,,,,,,,,,,
TOOL_HOVER,238836,3/8/2023 10:13,b52e71ec-050f-49e1-b495-7c36f5537544,Hemostatic Gauze,999,,,,,,,,,,
TOOL_HOVER,238849,3/8/2023 10:13,b52e71ec-050f-49e1-b495-7c36f5537544,Hemostatic Gauze,999,,,,,,,,,,
TOOL_SELECTED,238850,3/8/2023 10:13,b52e71ec-050f-49e1-b495-7c36f5537544,Hemostatic Gauze,998,,,,,,,,,,
TOOL_DISCARDED,240130,3/8/2023 10:13,b52e71ec-050f-49e1-b495-7c36f5537544,Hemostatic Gauze,998,"(0.8, 0.2, 6.5)",,,,,,,,,
INJURY_TREATED,240131,3/8/2023 10:13,b52e71ec-050f-49e1-b495-7c36f5537544,L Side Puncture,Lily_4 Root,woundpack,medium,abdomen,TRUE,FALSE,"(0.9, 0.2, 6.5)",,,,
TOOL_APPLIED,240131,3/8/2023 10:13,b52e71ec-050f-49e1-b495-7c36f5537544,Lily_4 Root,Gauze_Pack,skinCollider_BodyLOD (UnityEngine.GameObject),null,null,AppliedPackingGauze,,,,,,
VOICE_CAPTURE,245418,3/8/2023 10:13,b52e71ec-050f-49e1-b495-7c36f5537544,anything else hurt,NA,,,,,,,,,,
VOICE_COMMAND,245418,3/8/2023 10:13,b52e71ec-050f-49e1-b495-7c36f5537544,are you hurt,anything else hurt,,,,,,,,,,
VOICE_CAPTURE,246105,3/8/2023 10:13,b52e71ec-050f-49e1-b495-7c36f5537544,modbutton no,NA,,,,,,,,,,
VOICE_COMMAND,246105,3/8/2023 10:13,b52e71ec-050f-49e1-b495-7c36f5537544,modbutton no,modbutton no,,,,,,,,,,
TAG_SELECTED,246871,3/8/2023 10:13,b52e71ec-050f-49e1-b495-7c36f5537544,red,,,,,,,,,,,
TAG_APPLIED,247804,3/8/2023 10:13,b52e71ec-050f-49e1-b495-7c36f5537544,Lily_4 Root,red,,,,,,,,,,
BAG_CLOSED,250561,3/8/2023 10:13,b52e71ec-050f-49e1-b495-7c36f5537544,"(1.0, 0.6, 6.1)",,,,,,,,,,,
TELEPORT,250561,3/8/2023 10:13,b52e71ec-050f-49e1-b495-7c36f5537544,"(0.7, 0.0, 6.3)",,,,,,,,,,,
TELEPORT,251837,3/8/2023 10:13,b52e71ec-050f-49e1-b495-7c36f5537544,"(0.7, 0.0, 6.3)",,,,,,,,,,,
PATIENT_ENGAGED,255743,3/8/2023 10:13,b52e71ec-050f-49e1-b495-7c36f5537544,100,Infinity,Gloria_6 Root,"(-1.2, 0.0, 3.1)","(0.0, 0.4, 0.0, 0.9)",DELAYED,waver,fast,normal,normal,upset,fetal
TELEPORT,256010,3/8/2023 10:13,b52e71ec-050f-49e1-b495-7c36f5537544,"(-1.0, 0.0, 4.4)",,,,,,,,,,,
TELEPORT,256725,3/8/2023 10:13,b52e71ec-050f-49e1-b495-7c36f5537544,"(-1.1, 0.0, 4.3)",,,,,,,,,,,
BAG_ACCESS,262996,3/8/2023 10:14,b52e71ec-050f-49e1-b495-7c36f5537544,"(-1.0, 0.6, 3.7)",,,,,,,,,,,
VOICE_CAPTURE,265576,3/8/2023 10:14,b52e71ec-050f-49e1-b495-7c36f5537544,oh i don't know what to do with that because it's not bleeding that much,NA,,,,,,,,,,
TOOL_HOVER,271569,3/8/2023 10:14,b52e71ec-050f-49e1-b495-7c36f5537544,Tourniquet,996,,,,,,,,,,
TOOL_HOVER,271587,3/8/2023 10:14,b52e71ec-050f-49e1-b495-7c36f5537544,Tourniquet,996,,,,,,,,,,
TOOL_HOVER,271603,3/8/2023 10:14,b52e71ec-050f-49e1-b495-7c36f5537544,Tourniquet,996,,,,,,,,,,
TOOL_HOVER,271619,3/8/2023 10:14,b52e71ec-050f-49e1-b495-7c36f5537544,Tourniquet,996,,,,,,,,,,
TOOL_HOVER,271637,3/8/2023 10:14,b52e71ec-050f-49e1-b495-7c36f5537544,Tourniquet,996,,,,,,,,,,
TOOL_HOVER,271653,3/8/2023 10:14,b52e71ec-050f-49e1-b495-7c36f5537544,Tourniquet,996,,,,,,,,,,
TOOL_HOVER,273959,3/8/2023 10:14,b52e71ec-050f-49e1-b495-7c36f5537544,Gauze,999,,,,,,,,,,
TOOL_HOVER,273976,3/8/2023 10:14,b52e71ec-050f-49e1-b495-7c36f5537544,Gauze,999,,,,,,,,,,
TOOL_HOVER,273993,3/8/2023 10:14,b52e71ec-050f-49e1-b495-7c36f5537544,Gauze,999,,,,,,,,,,
TOOL_HOVER,274012,3/8/2023 10:14,b52e71ec-050f-49e1-b495-7c36f5537544,Gauze,999,,,,,,,,,,
TOOL_HOVER,274028,3/8/2023 10:14,b52e71ec-050f-49e1-b495-7c36f5537544,Gauze,999,,,,,,,,,,
TOOL_HOVER,274046,3/8/2023 10:14,b52e71ec-050f-49e1-b495-7c36f5537544,Gauze,999,,,,,,,,,,
TOOL_HOVER,274062,3/8/2023 10:14,b52e71ec-050f-49e1-b495-7c36f5537544,Gauze,999,,,,,,,,,,
TOOL_HOVER,274077,3/8/2023 10:14,b52e71ec-050f-49e1-b495-7c36f5537544,Gauze,999,,,,,,,,,,
TOOL_HOVER,274093,3/8/2023 10:14,b52e71ec-050f-49e1-b495-7c36f5537544,Gauze,999,,,,,,,,,,
TOOL_HOVER,274111,3/8/2023 10:14,b52e71ec-050f-49e1-b495-7c36f5537544,Gauze,999,,,,,,,,,,
TOOL_HOVER,274126,3/8/2023 10:14,b52e71ec-050f-49e1-b495-7c36f5537544,Gauze,999,,,,,,,,,,
TOOL_HOVER,274144,3/8/2023 10:14,b52e71ec-050f-49e1-b495-7c36f5537544,Gauze,999,,,,,,,,,,
TOOL_HOVER,274162,3/8/2023 10:14,b52e71ec-050f-49e1-b495-7c36f5537544,Gauze,999,,,,,,,,,,
TOOL_SELECTED,274163,3/8/2023 10:14,b52e71ec-050f-49e1-b495-7c36f5537544,Gauze,998,,,,,,,,,,
TOOL_DISCARDED,275162,3/8/2023 10:14,b52e71ec-050f-49e1-b495-7c36f5537544,Gauze,998,"(-1.2, 0.2, 3.3)",,,,,,,,,
INJURY_TREATED,275162,3/8/2023 10:14,b52e71ec-050f-49e1-b495-7c36f5537544,R Calf Shrapnel,Gloria_6 Root,gauzePressure,medium,rightLeg,TRUE,FALSE,"(-1.1, 0.2, 3.2)",,,,
TOOL_APPLIED,275162,3/8/2023 10:14,b52e71ec-050f-49e1-b495-7c36f5537544,Gloria_6 Root,Gauze_Dressing,skinCollider_Body_LOD (UnityEngine.GameObject),null,null,AppliedDressingGauze,,,,,,
VOICE_CAPTURE,276327,3/8/2023 10:14,b52e71ec-050f-49e1-b495-7c36f5537544,i stabilize it,NA,,,,,,,,,,
VOICE_CAPTURE,279011,3/8/2023 10:14,b52e71ec-050f-49e1-b495-7c36f5537544,i don't know if that was the right choice,NA,,,,,,,,,,
TAG_SELECTED,280580,3/8/2023 10:14,b52e71ec-050f-49e1-b495-7c36f5537544,yellow,,,,,,,,,,,
TAG_APPLIED,282581,3/8/2023 10:14,b52e71ec-050f-49e1-b495-7c36f5537544,Gloria_6 Root,yellow,,,,,,,,,,
VOICE_CAPTURE,290375,3/8/2023 10:14,b52e71ec-050f-49e1-b495-7c36f5537544,i guess do you have a peripheral pulse i checked that down here no OK,NA,,,,,,,,,,
VOICE_CAPTURE,295658,3/8/2023 10:14,b52e71ec-050f-49e1-b495-7c36f5537544,radio crowded,NA,,,,,,,,,,
VOICE_CAPTURE,300165,3/8/2023 10:14,b52e71ec-050f-49e1-b495-7c36f5537544,bandit bandit what's this guy over here doing,NA,,,,,,,,,,
VOICE_CAPTURE,302820,3/8/2023 10:14,b52e71ec-050f-49e1-b495-7c36f5537544,nope nope teleport is right right,NA,,,,,,,,,,
BAG_CLOSED,304321,3/8/2023 10:14,b52e71ec-050f-49e1-b495-7c36f5537544,"(-1.0, 0.6, 3.7)",,,,,,,,,,,
TELEPORT,304321,3/8/2023 10:14,b52e71ec-050f-49e1-b495-7c36f5537544,"(-1.3, 0.0, 4.2)",,,,,,,,,,,
PATIENT_ENGAGED,306374,3/8/2023 10:14,b52e71ec-050f-49e1-b495-7c36f5537544,100,0,Gary_9 Root,"(3.5, 0.0, 9.5)","(0.0, 1.0, 0.0, 0.0)",MINIMAL,walker,normal,normal,limited,calm,standing
VOICE_CAPTURE,308602,3/8/2023 10:14,b52e71ec-050f-49e1-b495-7c36f5537544,right toggle sorry,NA,,,,,,,,,,
VOICE_CAPTURE,311301,3/8/2023 10:14,b52e71ec-050f-49e1-b495-7c36f5537544,sir you OK,NA,,,,,,,,,,
VOICE_CAPTURE,317097,3/8/2023 10:14,b52e71ec-050f-49e1-b495-7c36f5537544,alright we got this shadow sorry,NA,,,,,,,,,,
VOICE_CAPTURE,318502,3/8/2023 10:14,b52e71ec-050f-49e1-b495-7c36f5537544,are you hurt,NA,,,,,,,,,,
VOICE_COMMAND,318503,3/8/2023 10:14,b52e71ec-050f-49e1-b495-7c36f5537544,are you hurt,are you hurt,,,,,,,,,,
VOICE_CAPTURE,320847,3/8/2023 10:14,b52e71ec-050f-49e1-b495-7c36f5537544,difficult hearing anything does anything else hurt,NA,,,,,,,,,,
VOICE_COMMAND,320847,3/8/2023 10:14,b52e71ec-050f-49e1-b495-7c36f5537544,are you hurt,difficult hearing anything does anything else hurt,,,,,,,,,,
VOICE_CAPTURE,323461,3/8/2023 10:15,b52e71ec-050f-49e1-b495-7c36f5537544,OK calm down,NA,,,,,,,,,,
VOICE_CAPTURE,324811,3/8/2023 10:15,b52e71ec-050f-49e1-b495-7c36f5537544,OK,NA,,,,,,,,,,
BAG_ACCESS,324929,3/8/2023 10:15,b52e71ec-050f-49e1-b495-7c36f5537544,"(3.4, 0.7, 8.7)",,,,,,,,,,,
TAG_SELECTED,330401,3/8/2023 10:15,b52e71ec-050f-49e1-b495-7c36f5537544,gray,,,,,,,,,,,
TAG_DISCARDED,331085,3/8/2023 10:15,b52e71ec-050f-49e1-b495-7c36f5537544,gray,"(3.7, 0.9, 8.5)",,,,,,,,,,
TAG_SELECTED,331680,3/8/2023 10:15,b52e71ec-050f-49e1-b495-7c36f5537544,green,,,,,,,,,,,
TAG_APPLIED,333644,3/8/2023 10:15,b52e71ec-050f-49e1-b495-7c36f5537544,Gary_9 Root,green,,,,,,,,,,
VOICE_CAPTURE,336252,3/8/2023 10:15,b52e71ec-050f-49e1-b495-7c36f5537544,i don't know,NA,,,,,,,,,,
BAG_CLOSED,337241,3/8/2023 10:15,b52e71ec-050f-49e1-b495-7c36f5537544,"(3.4, 0.7, 8.7)",,,,,,,,,,,
VOICE_CAPTURE,339204,3/8/2023 10:15,b52e71ec-050f-49e1-b495-7c36f5537544,you'll be OK i hope,NA,,,,,,,,,,
TELEPORT,344196,3/8/2023 10:15,b52e71ec-050f-49e1-b495-7c36f5537544,"(2.5, 0.0, 8.9)",,,,,,,,,,,
TELEPORT,345281,3/8/2023 10:15,b52e71ec-050f-49e1-b495-7c36f5537544,"(2.5, 0.0, 8.9)",,,,,,,,,,,
TELEPORT,346404,3/8/2023 10:15,b52e71ec-050f-49e1-b495-7c36f5537544,"(2.2, 0.0, -0.7)",,,,,,,,,,,
VOICE_CAPTURE,347491,3/8/2023 10:15,b52e71ec-050f-49e1-b495-7c36f5537544,alright so everyone else has tags tag tag tag tag tag OK and toggle to these people,NA,,,,,,,,,,
TELEPORT,347591,3/8/2023 10:15,b52e71ec-050f-49e1-b495-7c36f5537544,"(2.3, 0.0, -0.7)",,,,,,,,,,,
TELEPORT,349283,3/8/2023 10:15,b52e71ec-050f-49e1-b495-7c36f5537544,"(2.6, 0.0, -1.4)",,,,,,,,,,,
BAG_ACCESS,353407,3/8/2023 10:15,b52e71ec-050f-49e1-b495-7c36f5537544,"(2.9, 0.6, -2.1)",,,,,,,,,,,
PATIENT_ENGAGED,353539,3/8/2023 10:15,b52e71ec-050f-49e1-b495-7c36f5537544,100,Infinity,Gloria_8 Root,"(3.3, 0.0, -2.6)","(0.0, 0.4, 0.0, 0.9)",MINIMAL,walker,normal,normal,normal,upset,sittingGround
TOOL_HOVER,355155,3/8/2023 10:15,b52e71ec-050f-49e1-b495-7c36f5537544,Tourniquet,996,,,,,,,,,,
TOOL_HOVER,355170,3/8/2023 10:15,b52e71ec-050f-49e1-b495-7c36f5537544,Tourniquet,996,,,,,,,,,,
TOOL_HOVER,355186,3/8/2023 10:15,b52e71ec-050f-49e1-b495-7c36f5537544,Tourniquet,996,,,,,,,,,,
TOOL_HOVER,355202,3/8/2023 10:15,b52e71ec-050f-49e1-b495-7c36f5537544,Tourniquet,996,,,,,,,,,,
TOOL_HOVER,355221,3/8/2023 10:15,b52e71ec-050f-49e1-b495-7c36f5537544,Tourniquet,996,,,,,,,,,,
TOOL_SELECTED,355223,3/8/2023 10:15,b52e71ec-050f-49e1-b495-7c36f5537544,Tourniquet,995,,,,,,,,,,
VOICE_CAPTURE,355365,3/8/2023 10:15,b52e71ec-050f-49e1-b495-7c36f5537544,you're bleeding pretty good,NA,,,,,,,,,,
INJURY_TREATED,356315,3/8/2023 10:15,b52e71ec-050f-49e1-b495-7c36f5537544,L Forearm Laceration,Gloria_8 Root,gauzePressure,low,leftArm,FALSE,TRUE,"(3.1, 0.4, -2.6)",,,,
TOOL_APPLIED,356315,3/8/2023 10:15,b52e71ec-050f-49e1-b495-7c36f5537544,Gloria_8 Root,Tourniquet,LeftForeArm (UnityEngine.GameObject),tor_ring (1) (UnityEngine.GameObject),tourniquet(Clone) (UnityEngine.GameObject),AppliedTourniquet,,,,,,
VOICE_CAPTURE,362005,3/8/2023 10:15,b52e71ec-050f-49e1-b495-7c36f5537544,it looks like it's squirting like arterial is this blood all from your arm,NA,,,,,,,,,,
VOICE_CAPTURE,362335,3/8/2023 10:15,b52e71ec-050f-49e1-b495-7c36f5537544,modbutton yes,NA,,,,,,,,,,
VOICE_COMMAND,362335,3/8/2023 10:15,b52e71ec-050f-49e1-b495-7c36f5537544,modbutton yes,modbutton yes,,,,,,,,,,
VOICE_CAPTURE,367903,3/8/2023 10:15,b52e71ec-050f-49e1-b495-7c36f5537544,oh it didn't work oh gosh hang on it all it jacked up,NA,,,,,,,,,,
TOOL_HOVER,369962,3/8/2023 10:15,b52e71ec-050f-49e1-b495-7c36f5537544,Hemostatic Gauze,999,,,,,,,,,,
TOOL_SELECTED,369963,3/8/2023 10:15,b52e71ec-050f-49e1-b495-7c36f5537544,Hemostatic Gauze,998,,,,,,,,,,
VOICE_CAPTURE,370111,3/8/2023 10:15,b52e71ec-050f-49e1-b495-7c36f5537544,there we go whoo,NA,,,,,,,,,,
TOOL_DISCARDED,371937,3/8/2023 10:15,b52e71ec-050f-49e1-b495-7c36f5537544,Hemostatic Gauze,998,"(3.1, 0.4, -2.7)",,,,,,,,,
TOOL_APPLIED,371938,3/8/2023 10:15,b52e71ec-050f-49e1-b495-7c36f5537544,Gloria_8 Root,Gauze_Pack,skinCollider_Body_LOD (UnityEngine.GameObject),null,null,AppliedPackingGauze,,,,,,
PULSE_TAKEN,372070,3/8/2023 10:15,b52e71ec-050f-49e1-b495-7c36f5537544,pulse_normal,Gloria_8 Root,,,,,,,,,,
TOOL_HOVER,374868,3/8/2023 10:15,b52e71ec-050f-49e1-b495-7c36f5537544,Gauze,999,,,,,,,,,,
TOOL_HOVER,374885,3/8/2023 10:15,b52e71ec-050f-49e1-b495-7c36f5537544,Gauze,999,,,,,,,,,,
TOOL_HOVER,374904,3/8/2023 10:15,b52e71ec-050f-49e1-b495-7c36f5537544,Gauze,999,,,,,,,,,,
TOOL_HOVER,374922,3/8/2023 10:15,b52e71ec-050f-49e1-b495-7c36f5537544,Gauze,999,,,,,,,,,,
TOOL_HOVER,374938,3/8/2023 10:15,b52e71ec-050f-49e1-b495-7c36f5537544,Gauze,999,,,,,,,,,,
TOOL_HOVER,374956,3/8/2023 10:15,b52e71ec-050f-49e1-b495-7c36f5537544,Gauze,999,,,,,,,,,,
TOOL_HOVER,374972,3/8/2023 10:15,b52e71ec-050f-49e1-b495-7c36f5537544,Gauze,999,,,,,,,,,,
TOOL_HOVER,374990,3/8/2023 10:15,b52e71ec-050f-49e1-b495-7c36f5537544,Gauze,999,,,,,,,,,,
TOOL_HOVER,375006,3/8/2023 10:15,b52e71ec-050f-49e1-b495-7c36f5537544,Gauze,999,,,,,,,,,,
TOOL_HOVER,375027,3/8/2023 10:15,b52e71ec-050f-49e1-b495-7c36f5537544,Gauze,999,,,,,,,,,,
TOOL_HOVER,375044,3/8/2023 10:15,b52e71ec-050f-49e1-b495-7c36f5537544,Gauze,999,,,,,,,,,,
TOOL_HOVER,375065,3/8/2023 10:15,b52e71ec-050f-49e1-b495-7c36f5537544,Gauze,999,,,,,,,,,,
TOOL_HOVER,375088,3/8/2023 10:15,b52e71ec-050f-49e1-b495-7c36f5537544,Gauze,999,,,,,,,,,,
TOOL_HOVER,375104,3/8/2023 10:15,b52e71ec-050f-49e1-b495-7c36f5537544,Gauze,999,,,,,,,,,,
TOOL_HOVER,375121,3/8/2023 10:15,b52e71ec-050f-49e1-b495-7c36f5537544,Gauze,999,,,,,,,,,,
TOOL_HOVER,375139,3/8/2023 10:15,b52e71ec-050f-49e1-b495-7c36f5537544,Gauze,999,,,,,,,,,,
VOICE_CAPTURE,375556,3/8/2023 10:15,b52e71ec-050f-49e1-b495-7c36f5537544,oh that went through,NA,,,,,,,,,,
PULSE_TAKEN,375689,3/8/2023 10:15,b52e71ec-050f-49e1-b495-7c36f5537544,pulse_normal,Gloria_8 Root,,,,,,,,,,
TOOL_HOVER,376558,3/8/2023 10:15,b52e71ec-050f-49e1-b495-7c36f5537544,Gauze,999,,,,,,,,,,
TOOL_HOVER,376574,3/8/2023 10:15,b52e71ec-050f-49e1-b495-7c36f5537544,Gauze,999,,,,,,,,,,
TOOL_HOVER,376591,3/8/2023 10:15,b52e71ec-050f-49e1-b495-7c36f5537544,Gauze,999,,,,,,,,,,
TOOL_HOVER,376606,3/8/2023 10:15,b52e71ec-050f-49e1-b495-7c36f5537544,Gauze,999,,,,,,,,,,
TOOL_HOVER,376623,3/8/2023 10:15,b52e71ec-050f-49e1-b495-7c36f5537544,Gauze,999,,,,,,,,,,
TOOL_HOVER,376638,3/8/2023 10:15,b52e71ec-050f-49e1-b495-7c36f5537544,Gauze,999,,,,,,,,,,
TOOL_HOVER,376655,3/8/2023 10:15,b52e71ec-050f-49e1-b495-7c36f5537544,Gauze,999,,,,,,,,,,
TOOL_HOVER,376675,3/8/2023 10:15,b52e71ec-050f-49e1-b495-7c36f5537544,Gauze,999,,,,,,,,,,
TOOL_HOVER,376691,3/8/2023 10:15,b52e71ec-050f-49e1-b495-7c36f5537544,Gauze,999,,,,,,,,,,
TOOL_HOVER,376709,3/8/2023 10:15,b52e71ec-050f-49e1-b495-7c36f5537544,Gauze,999,,,,,,,,,,
TOOL_HOVER,376726,3/8/2023 10:15,b52e71ec-050f-49e1-b495-7c36f5537544,Gauze,999,,,,,,,,,,
TOOL_HOVER,376743,3/8/2023 10:15,b52e71ec-050f-49e1-b495-7c36f5537544,Gauze,999,,,,,,,,,,
TOOL_HOVER,376759,3/8/2023 10:15,b52e71ec-050f-49e1-b495-7c36f5537544,Gauze,999,,,,,,,,,,
TOOL_SELECTED,376760,3/8/2023 10:15,b52e71ec-050f-49e1-b495-7c36f5537544,Gauze,998,,,,,,,,,,
VOICE_CAPTURE,377703,3/8/2023 10:15,b52e71ec-050f-49e1-b495-7c36f5537544,so i guess,NA,,,,,,,,,,
TOOL_DISCARDED,378191,3/8/2023 10:15,b52e71ec-050f-49e1-b495-7c36f5537544,Gauze,998,"(3.1, 0.4, -2.6)",,,,,,,,,
INJURY_TREATED,378191,3/8/2023 10:15,b52e71ec-050f-49e1-b495-7c36f5537544,L Forearm Laceration,Gloria_8 Root,gauzePressure,low,leftArm,TRUE,TRUE,"(3.1, 0.4, -2.5)",,,,
TOOL_APPLIED,378192,3/8/2023 10:15,b52e71ec-050f-49e1-b495-7c36f5537544,Gloria_8 Root,Gauze_Dressing,skinCollider_Body_LOD (UnityEngine.GameObject),null,null,AppliedDressingGauze,,,,,,
TAG_SELECTED,395079,3/8/2023 10:16,b52e71ec-050f-49e1-b495-7c36f5537544,green,,,,,,,,,,,
VOICE_CAPTURE,395633,3/8/2023 10:16,b52e71ec-050f-49e1-b495-7c36f5537544,i got OK,NA,,,,,,,,,,
TAG_APPLIED,398300,3/8/2023 10:16,b52e71ec-050f-49e1-b495-7c36f5537544,Gloria_8 Root,green,,,,,,,,,,
VOICE_CAPTURE,399856,3/8/2023 10:16,b52e71ec-050f-49e1-b495-7c36f5537544,anything else hurt,NA,,,,,,,,,,
VOICE_COMMAND,399856,3/8/2023 10:16,b52e71ec-050f-49e1-b495-7c36f5537544,are you hurt,anything else hurt,,,,,,,,,,
VOICE_CAPTURE,399892,3/8/2023 10:16,b52e71ec-050f-49e1-b495-7c36f5537544,modbutton no,NA,,,,,,,,,,
VOICE_COMMAND,399892,3/8/2023 10:16,b52e71ec-050f-49e1-b495-7c36f5537544,modbutton no,modbutton no,,,,,,,,,,
BAG_CLOSED,400501,3/8/2023 10:16,b52e71ec-050f-49e1-b495-7c36f5537544,"(2.9, 0.6, -2.1)",,,,,,,,,,,
TELEPORT,400501,3/8/2023 10:16,b52e71ec-050f-49e1-b495-7c36f5537544,"(2.7, 0.0, -1.6)",,,,,,,,,,,
TELEPORT,402210,3/8/2023 10:16,b52e71ec-050f-49e1-b495-7c36f5537544,"(2.7, 0.0, -1.7)",,,,,,,,,,,
PATIENT_ENGAGED,403356,3/8/2023 10:16,b52e71ec-050f-49e1-b495-7c36f5537544,100,Infinity,Helga_10 Root,"(3.9, 0.0, -4.4)","(0.0, 0.3, 0.0, -1.0)",MINIMAL,walker,normal,normal,normal,calm,sittingGround
VOICE_CAPTURE,407095,3/8/2023 10:16,b52e71ec-050f-49e1-b495-7c36f5537544,modbutton im okay,NA,,,,,,,,,,
VOICE_COMMAND,407095,3/8/2023 10:16,b52e71ec-050f-49e1-b495-7c36f5537544,modbutton im okay,modbutton im okay,,,,,,,,,,
VOICE_CAPTURE,408154,3/8/2023 10:16,b52e71ec-050f-49e1-b495-7c36f5537544,oh gosh what's going on,NA,,,,,,,,,,
VOICE_CAPTURE,410488,3/8/2023 10:16,b52e71ec-050f-49e1-b495-7c36f5537544,OK,NA,,,,,,,,,,
PULSE_TAKEN,412705,3/8/2023 10:16,b52e71ec-050f-49e1-b495-7c36f5537544,pulse_normal,Helga_10 Root,,,,,,,,,,
VOICE_CAPTURE,416844,3/8/2023 10:16,b52e71ec-050f-49e1-b495-7c36f5537544,your eyes are all jacked up though can you look at me,NA,,,,,,,,,,
VOICE_CAPTURE,419248,3/8/2023 10:16,b52e71ec-050f-49e1-b495-7c36f5537544,i can't tell if your eyes are my eyes,NA,,,,,,,,,,
BAG_ACCESS,421530,3/8/2023 10:16,b52e71ec-050f-49e1-b495-7c36f5537544,"(3.9, 0.6, -3.7)",,,,,,,,,,,
VOICE_CAPTURE,424320,3/8/2023 10:16,b52e71ec-050f-49e1-b495-7c36f5537544,alright you make me nervous,NA,,,,,,,,,,
VOICE_CAPTURE,426942,3/8/2023 10:16,b52e71ec-050f-49e1-b495-7c36f5537544,modbutton no,NA,,,,,,,,,,
VOICE_COMMAND,426942,3/8/2023 10:16,b52e71ec-050f-49e1-b495-7c36f5537544,modbutton no,modbutton no,,,,,,,,,,
VOICE_CAPTURE,427840,3/8/2023 10:16,b52e71ec-050f-49e1-b495-7c36f5537544,does anything hurt,NA,,,,,,,,,,
VOICE_COMMAND,427840,3/8/2023 10:16,b52e71ec-050f-49e1-b495-7c36f5537544,are you hurt,does anything hurt,,,,,,,,,,
VOICE_CAPTURE,431150,3/8/2023 10:16,b52e71ec-050f-49e1-b495-7c36f5537544,breathing's OK what about your head,NA,,,,,,,,,,
VOICE_CAPTURE,431287,3/8/2023 10:16,b52e71ec-050f-49e1-b495-7c36f5537544,modbutton im okay,NA,,,,,,,,,,
VOICE_COMMAND,431287,3/8/2023 10:16,b52e71ec-050f-49e1-b495-7c36f5537544,modbutton im okay,modbutton im okay,,,,,,,,,,
VOICE_CAPTURE,433714,3/8/2023 10:16,b52e71ec-050f-49e1-b495-7c36f5537544,gosh,NA,,,,,,,,,,
VOICE_CAPTURE,436122,3/8/2023 10:16,b52e71ec-050f-49e1-b495-7c36f5537544,modbutton yes,NA,,,,,,,,,,
VOICE_COMMAND,436122,3/8/2023 10:16,b52e71ec-050f-49e1-b495-7c36f5537544,modbutton yes,modbutton yes,,,,,,,,,,
VOICE_CAPTURE,437100,3/8/2023 10:16,b52e71ec-050f-49e1-b495-7c36f5537544,do you know where you at right now,NA,,,,,,,,,,
VOICE_CAPTURE,439351,3/8/2023 10:16,b52e71ec-050f-49e1-b495-7c36f5537544,where,NA,,,,,,,,,,
TAG_SELECTED,441862,3/8/2023 10:17,b52e71ec-050f-49e1-b495-7c36f5537544,green,,,,,,,,,,,
TAG_APPLIED,443801,3/8/2023 10:17,b52e71ec-050f-49e1-b495-7c36f5537544,Helga_10 Root,green,,,,,,,,,,
VOICE_CAPTURE,447563,3/8/2023 10:17,b52e71ec-050f-49e1-b495-7c36f5537544,OK well i'm gonna guess on this one OK she knows that's why i wanna know OK,NA,,,,,,,,,,
SESSION_END,449059,3/8/2023 10:17,b52e71ec-050f-49e1-b495-7c36f5537544,,,,,,,,,,,,
VOICE_CAPTURE,451524,3/8/2023 10:17,b52e71ec-050f-49e1-b495-7c36f5537544,i think so yes sir,NA,,,,,,,,,,
