VOICE_CAPTURE,5786,3/8/2023 9:53,5254234d-5334-44d0-a97b-d0e098c129a9,i am,NA,,,,,,,,,,
PATIENT_DEMOTED,7573,3/8/2023 9:53,5254234d-5334-44d0-a97b-d0e098c129a9,100,Infinity,Mike_1 Root,"(2.6, 0.0, 0.1)","(0.0, 0.7, 0.0, -0.7)",DELAYED,waver,normal,normal,normal,upset,recovery
VOICE_CAPTURE,8218,3/8/2023 9:53,5254234d-5334-44d0-a97b-d0e098c129a9,hi michael,NA,,,,,,,,,,
PATIENT_DEMOTED,8219,3/8/2023 9:53,5254234d-5334-44d0-a97b-d0e098c129a9,100,Infinity,Mike_2 Root,"(2.6, 0.0, 2.4)","(0.0, 0.7, 0.0, -0.7)",IMMEDIATE,walker,fast,normal,normal,upset,sittingGround
PATIENT_DEMOTED,8877,3/8/2023 9:53,5254234d-5334-44d0-a97b-d0e098c129a9,100,128,Mike_3 Root,"(3.0, 0.0, 4.3)","(0.0, 0.7, 0.0, -0.7)",IMMEDIATE,still,faint,collapsedRight,normal,unresponsive,supine
SESSION_START,10285,3/8/2023 9:53,5254234d-5334-44d0-a97b-d0e098c129a9,,,,,,,,,,,,
PATIENT_RECORD,10285,3/8/2023 9:53,5254234d-5334-44d0-a97b-d0e098c129a9,100,Infinity,Mike_0 Root,"(2.6, 0.0, -1.4)","(0.0, 0.7, 0.0, -0.7)",MINIMAL,walker,normal,normal,normal,upset,sittingGround
INJURY_RECORD,10285,3/8/2023 9:53,5254234d-5334-44d0-a97b-d0e098c129a9,R Forearm Laceration,Mike_0 Root,gauzePressure,low,rightArm,FALSE,FALSE,"(2.7, 1.4, -0.9)",,,,
PATIENT_RECORD,10286,3/8/2023 9:53,5254234d-5334-44d0-a97b-d0e098c129a9,100,Infinity,Mike_1 Root,"(2.9, 0.0, 0.1)","(0.0, 0.7, 0.0, -0.7)",DELAYED,waver,normal,normal,normal,upset,recovery
INJURY_RECORD,10286,3/8/2023 9:53,5254234d-5334-44d0-a97b-d0e098c129a9,L Thigh Laceration,Mike_1 Root,tourniquet,medium,leftLeg,FALSE,FALSE,"(2.8, 0.7, -0.1)",,,,
PATIENT_RECORD,10286,3/8/2023 9:53,5254234d-5334-44d0-a97b-d0e098c129a9,100,Infinity,Mike_2 Root,"(3.1, 0.0, 2.2)","(0.0, 0.7, 0.0, -0.7)",IMMEDIATE,walker,fast,normal,normal,upset,sittingGround
INJURY_RECORD,10286,3/8/2023 9:53,5254234d-5334-44d0-a97b-d0e098c129a9,L Shoulder Puncture,Mike_2 Root,woundpack,medium,chest,FALSE,FALSE,"(3.1, 1.5, 2.1)",,,,
PATIENT_RECORD,10286,3/8/2023 9:53,5254234d-5334-44d0-a97b-d0e098c129a9,100,128,Mike_3 Root,"(3.2, 0.0, 4.3)","(0.0, 0.7, 0.0, -0.7)",IMMEDIATE,still,faint,collapsedRight,normal,unresponsive,supine
INJURY_RECORD,10286,3/8/2023 9:53,5254234d-5334-44d0-a97b-d0e098c129a9,R Chest Collapse,Mike_3 Root,decompress,high,chest,FALSE,FALSE,"(0.0, 0.0, 0.0)",,,,
TELEPORT,14622,3/8/2023 9:53,5254234d-5334-44d0-a97b-d0e098c129a9,"(0.8, 0.0, -3.4)",,,,,,,,,,,
TELEPORT,15204,3/8/2023 9:53,5254234d-5334-44d0-a97b-d0e098c129a9,"(0.9, 0.0, -3.2)",,,,,,,,,,,
VOICE_CAPTURE,23988,3/8/2023 9:53,5254234d-5334-44d0-a97b-d0e098c129a9,walk,NA,,,,,,,,,,
VOICE_COMMAND,23988,3/8/2023 9:53,5254234d-5334-44d0-a97b-d0e098c129a9,walk to the safe area,walk,,,,,,,,,,
S_A_L_T_WALK_IF_CAN,23989,3/8/2023 9:53,5254234d-5334-44d0-a97b-d0e098c129a9,"(2.6, 0.0, -1.4)",walkIfCan,Mike_0 Root,,,,,,,,,
S_A_L_T_WALKED,23989,3/8/2023 9:53,5254234d-5334-44d0-a97b-d0e098c129a9,"(2.6, 0.0, -1.4)",walked,Mike_0 Root,,,,,,,,,
S_A_L_T_WALK_IF_CAN,23990,3/8/2023 9:53,5254234d-5334-44d0-a97b-d0e098c129a9,"(2.9, 0.0, 0.1)",walkIfCan,Mike_1 Root,,,,,,,,,
S_A_L_T_WALK_IF_CAN,23990,3/8/2023 9:53,5254234d-5334-44d0-a97b-d0e098c129a9,"(3.1, 0.0, 2.2)",walkIfCan,Mike_2 Root,,,,,,,,,
S_A_L_T_WALKED,23990,3/8/2023 9:53,5254234d-5334-44d0-a97b-d0e098c129a9,"(3.1, 0.0, 2.2)",walked,Mike_2 Root,,,,,,,,,
TELEPORT,27553,3/8/2023 9:53,5254234d-5334-44d0-a97b-d0e098c129a9,"(1.0, 0.0, -2.8)",,,,,,,,,,,
TELEPORT,28054,3/8/2023 9:53,5254234d-5334-44d0-a97b-d0e098c129a9,"(1.1, 0.0, -2.6)",,,,,,,,,,,
VOICE_CAPTURE,28069,3/8/2023 9:53,5254234d-5334-44d0-a97b-d0e098c129a9,so first thing you do is to do i like talk it through like you know the scene safe kind of things alright if you can hear me and you're safe i want you to go to a safe area no one's getting up yep get up there we go,NA,,,,,,,,,,
VOICE_COMMAND,28069,3/8/2023 9:53,5254234d-5334-44d0-a97b-d0e098c129a9,stand up,so first thing you do is to do i like talk it through like you know the scene safe kind of things alright if you can hear me and you're safe i want you to go to a safe area no one's getting up yep get up there we go,,,,,,,,,,
PATIENT_ENGAGED,28703,3/8/2023 9:53,5254234d-5334-44d0-a97b-d0e098c129a9,100,Infinity,Mike_2 Root,"(2.0, 0.0, -0.8)","(0.0, 1.0, 0.0, -0.1)",IMMEDIATE,walker,fast,normal,normal,upset,standing
TELEPORT,30295,3/8/2023 9:53,5254234d-5334-44d0-a97b-d0e098c129a9,"(0.9, 0.0, -1.3)",,,,,,,,,,,
VOICE_CAPTURE,31111,3/8/2023 9:53,5254234d-5334-44d0-a97b-d0e098c129a9,the lockers,NA,,,,,,,,,,
TELEPORT,32361,3/8/2023 9:53,5254234d-5334-44d0-a97b-d0e098c129a9,"(1.0, 0.0, 0.0)",,,,,,,,,,,
VOICE_CAPTURE,35711,3/8/2023 9:53,5254234d-5334-44d0-a97b-d0e098c129a9,wave,NA,,,,,,,,,,
VOICE_COMMAND,35711,3/8/2023 9:53,5254234d-5334-44d0-a97b-d0e098c129a9,wave if you can,wave,,,,,,,,,,
S_A_L_T_WAVE_IF_CAN,35712,3/8/2023 9:53,5254234d-5334-44d0-a97b-d0e098c129a9,"(4.3, 0.0, -1.4)",waveIfCan,Mike_0 Root,,,,,,,,,
S_A_L_T_WAVED,35712,3/8/2023 9:53,5254234d-5334-44d0-a97b-d0e098c129a9,"(4.3, 0.0, -1.4)",waved,Mike_0 Root,,,,,,,,,
S_A_L_T_WAVE_IF_CAN,35712,3/8/2023 9:53,5254234d-5334-44d0-a97b-d0e098c129a9,"(2.9, 0.0, 0.1)",waveIfCan,Mike_1 Root,,,,,,,,,
S_A_L_T_WAVED,35712,3/8/2023 9:53,5254234d-5334-44d0-a97b-d0e098c129a9,"(2.9, 0.0, 0.1)",waved,Mike_1 Root,,,,,,,,,
S_A_L_T_WAVE_IF_CAN,35712,3/8/2023 9:53,5254234d-5334-44d0-a97b-d0e098c129a9,"(1.7, 0.0, -3.1)",waveIfCan,Mike_2 Root,,,,,,,,,
S_A_L_T_WAVED,35712,3/8/2023 9:53,5254234d-5334-44d0-a97b-d0e098c129a9,"(1.7, 0.0, -3.1)",waved,Mike_2 Root,,,,,,,,,
S_A_L_T_WALK_IF_CAN,35727,3/8/2023 9:53,5254234d-5334-44d0-a97b-d0e098c129a9,"(1.7, 0.0, -3.1)",walkIfCan,Mike_2 Root,,,,,,,,,
S_A_L_T_WALKED,35727,3/8/2023 9:53,5254234d-5334-44d0-a97b-d0e098c129a9,"(1.7, 0.0, -3.1)",walked,Mike_2 Root,,,,,,,,,
TELEPORT,36260,3/8/2023 9:53,5254234d-5334-44d0-a97b-d0e098c129a9,"(1.0, 0.0, -0.3)",,,,,,,,,,,
VOICE_CAPTURE,39476,3/8/2023 9:53,5254234d-5334-44d0-a97b-d0e098c129a9,oh god oh if you can hear me raise your hand like guys moving so that's why i'm avoiding him,NA,,,,,,,,,,
TELEPORT,42592,3/8/2023 9:53,5254234d-5334-44d0-a97b-d0e098c129a9,"(2.0, 0.0, 3.6)",,,,,,,,,,,
VOICE_CAPTURE,44590,3/8/2023 9:53,5254234d-5334-44d0-a97b-d0e098c129a9,OK,NA,,,,,,,,,,
VOICE_CAPTURE,46274,3/8/2023 9:53,5254234d-5334-44d0-a97b-d0e098c129a9,how do i kneel,NA,,,,,,,,,,
TELEPORT,48024,3/8/2023 9:53,5254234d-5334-44d0-a97b-d0e098c129a9,"(1.9, 0.0, 4.1)",,,,,,,,,,,
TELEPORT,49291,3/8/2023 9:53,5254234d-5334-44d0-a97b-d0e098c129a9,"(2.5, 0.0, 4.4)",,,,,,,,,,,
TELEPORT,50312,3/8/2023 9:53,5254234d-5334-44d0-a97b-d0e098c129a9,"(2.9, 0.0, 4.5)",,,,,,,,,,,
VOICE_CAPTURE,51346,3/8/2023 9:53,5254234d-5334-44d0-a97b-d0e098c129a9,OK oh my goodness this is,NA,,,,,,,,,,
TELEPORT,51346,3/8/2023 9:53,5254234d-5334-44d0-a97b-d0e098c129a9,"(2.8, 0.0, 4.5)",,,,,,,,,,,
VOICE_CAPTURE,55462,3/8/2023 9:53,5254234d-5334-44d0-a97b-d0e098c129a9,OK,NA,,,,,,,,,,
PATIENT_ENGAGED,57479,3/8/2023 9:53,5254234d-5334-44d0-a97b-d0e098c129a9,100,128,Mike_3 Root,"(3.2, 0.0, 4.3)","(0.0, 0.7, 0.0, -0.7)",IMMEDIATE,still,faint,collapsedRight,normal,unresponsive,supine
TELEPORT,62993,3/8/2023 9:54,5254234d-5334-44d0-a97b-d0e098c129a9,"(2.8, 0.0, 4.6)",,,,,,,,,,,
TELEPORT,63576,3/8/2023 9:54,5254234d-5334-44d0-a97b-d0e098c129a9,"(2.8, 0.0, 4.7)",,,,,,,,,,,
PULSE_TAKEN,65875,3/8/2023 9:54,5254234d-5334-44d0-a97b-d0e098c129a9,pulse_faint,Mike_3 Root,,,,,,,,,,
VOICE_CAPTURE,71432,3/8/2023 9:54,5254234d-5334-44d0-a97b-d0e098c129a9,yeah yep got it,NA,,,,,,,,,,
VOICE_CAPTURE,72999,3/8/2023 9:54,5254234d-5334-44d0-a97b-d0e098c129a9,i can feel the pulse yep,NA,,,,,,,,,,
VOICE_CAPTURE,75290,3/8/2023 9:54,5254234d-5334-44d0-a97b-d0e098c129a9,so,NA,,,,,,,,,,
PULSE_TAKEN,76723,3/8/2023 9:54,5254234d-5334-44d0-a97b-d0e098c129a9,pulse_faint,Mike_3 Root,,,,,,,,,,
VOICE_CAPTURE,77338,3/8/2023 9:54,5254234d-5334-44d0-a97b-d0e098c129a9,yep,NA,,,,,,,,,,
VOICE_CAPTURE,84721,3/8/2023 9:54,5254234d-5334-44d0-a97b-d0e098c129a9,yeah he needs needle decompressed which i can't do as an RN don't make fun of me,NA,,,,,,,,,,
VOICE_CAPTURE,87710,3/8/2023 9:54,5254234d-5334-44d0-a97b-d0e098c129a9,how do i how do i OK,NA,,,,,,,,,,
TOOL_HOVER,94386,3/8/2023 9:54,5254234d-5334-44d0-a97b-d0e098c129a9,Needle,999,,,,,,,,,,
TOOL_HOVER,94402,3/8/2023 9:54,5254234d-5334-44d0-a97b-d0e098c129a9,Needle,999,,,,,,,,,,
TOOL_HOVER,94417,3/8/2023 9:54,5254234d-5334-44d0-a97b-d0e098c129a9,Needle,999,,,,,,,,,,
VOICE_CAPTURE,94434,3/8/2023 9:54,5254234d-5334-44d0-a97b-d0e098c129a9,right hip yep mm-hmm yep with OK yep got it mm-hmm,NA,,,,,,,,,,
TOOL_HOVER,94435,3/8/2023 9:54,5254234d-5334-44d0-a97b-d0e098c129a9,Needle,999,,,,,,,,,,
TOOL_HOVER,94450,3/8/2023 9:54,5254234d-5334-44d0-a97b-d0e098c129a9,Needle,999,,,,,,,,,,
TOOL_HOVER,94467,3/8/2023 9:54,5254234d-5334-44d0-a97b-d0e098c129a9,Needle,999,,,,,,,,,,
TOOL_HOVER,94483,3/8/2023 9:54,5254234d-5334-44d0-a97b-d0e098c129a9,Needle,999,,,,,,,,,,
TOOL_HOVER,94501,3/8/2023 9:54,5254234d-5334-44d0-a97b-d0e098c129a9,Needle,999,,,,,,,,,,
TOOL_HOVER,94517,3/8/2023 9:54,5254234d-5334-44d0-a97b-d0e098c129a9,Needle,999,,,,,,,,,,
TOOL_HOVER,94534,3/8/2023 9:54,5254234d-5334-44d0-a97b-d0e098c129a9,Needle,999,,,,,,,,,,
TOOL_HOVER,94550,3/8/2023 9:54,5254234d-5334-44d0-a97b-d0e098c129a9,Needle,999,,,,,,,,,,
TOOL_HOVER,94568,3/8/2023 9:54,5254234d-5334-44d0-a97b-d0e098c129a9,Needle,999,,,,,,,,,,
TOOL_HOVER,94584,3/8/2023 9:54,5254234d-5334-44d0-a97b-d0e098c129a9,Needle,999,,,,,,,,,,
TOOL_HOVER,94601,3/8/2023 9:54,5254234d-5334-44d0-a97b-d0e098c129a9,Needle,999,,,,,,,,,,
TOOL_HOVER,94617,3/8/2023 9:54,5254234d-5334-44d0-a97b-d0e098c129a9,Needle,999,,,,,,,,,,
TOOL_HOVER,94635,3/8/2023 9:54,5254234d-5334-44d0-a97b-d0e098c129a9,Needle,999,,,,,,,,,,
TOOL_HOVER,94651,3/8/2023 9:54,5254234d-5334-44d0-a97b-d0e098c129a9,Needle,999,,,,,,,,,,
TOOL_HOVER,94668,3/8/2023 9:54,5254234d-5334-44d0-a97b-d0e098c129a9,Needle,999,,,,,,,,,,
TOOL_HOVER,94684,3/8/2023 9:54,5254234d-5334-44d0-a97b-d0e098c129a9,Needle,999,,,,,,,,,,
TOOL_HOVER,94702,3/8/2023 9:54,5254234d-5334-44d0-a97b-d0e098c129a9,Needle,999,,,,,,,,,,
TOOL_HOVER,94719,3/8/2023 9:54,5254234d-5334-44d0-a97b-d0e098c129a9,Needle,999,,,,,,,,,,
TOOL_HOVER,94735,3/8/2023 9:54,5254234d-5334-44d0-a97b-d0e098c129a9,Needle,999,,,,,,,,,,
TOOL_HOVER,94751,3/8/2023 9:54,5254234d-5334-44d0-a97b-d0e098c129a9,Needle,999,,,,,,,,,,
TOOL_HOVER,94768,3/8/2023 9:54,5254234d-5334-44d0-a97b-d0e098c129a9,Needle,999,,,,,,,,,,
TOOL_HOVER,94785,3/8/2023 9:54,5254234d-5334-44d0-a97b-d0e098c129a9,Needle,999,,,,,,,,,,
TOOL_HOVER,94801,3/8/2023 9:54,5254234d-5334-44d0-a97b-d0e098c129a9,Needle,999,,,,,,,,,,
TOOL_HOVER,94819,3/8/2023 9:54,5254234d-5334-44d0-a97b-d0e098c129a9,Needle,999,,,,,,,,,,
TOOL_HOVER,94835,3/8/2023 9:54,5254234d-5334-44d0-a97b-d0e098c129a9,Needle,999,,,,,,,,,,
TOOL_HOVER,94852,3/8/2023 9:54,5254234d-5334-44d0-a97b-d0e098c129a9,Needle,999,,,,,,,,,,
TOOL_HOVER,94868,3/8/2023 9:54,5254234d-5334-44d0-a97b-d0e098c129a9,Needle,999,,,,,,,,,,
TOOL_HOVER,94885,3/8/2023 9:54,5254234d-5334-44d0-a97b-d0e098c129a9,Needle,999,,,,,,,,,,
TOOL_HOVER,94902,3/8/2023 9:54,5254234d-5334-44d0-a97b-d0e098c129a9,Needle,999,,,,,,,,,,
TOOL_HOVER,94919,3/8/2023 9:54,5254234d-5334-44d0-a97b-d0e098c129a9,Needle,999,,,,,,,,,,
TOOL_HOVER,94936,3/8/2023 9:54,5254234d-5334-44d0-a97b-d0e098c129a9,Needle,999,,,,,,,,,,
TOOL_HOVER,94952,3/8/2023 9:54,5254234d-5334-44d0-a97b-d0e098c129a9,Needle,999,,,,,,,,,,
TOOL_HOVER,94970,3/8/2023 9:54,5254234d-5334-44d0-a97b-d0e098c129a9,Needle,999,,,,,,,,,,
TOOL_HOVER,94986,3/8/2023 9:54,5254234d-5334-44d0-a97b-d0e098c129a9,Needle,999,,,,,,,,,,
TOOL_HOVER,95003,3/8/2023 9:54,5254234d-5334-44d0-a97b-d0e098c129a9,Needle,999,,,,,,,,,,
TOOL_HOVER,95019,3/8/2023 9:54,5254234d-5334-44d0-a97b-d0e098c129a9,Needle,999,,,,,,,,,,
TOOL_HOVER,95036,3/8/2023 9:54,5254234d-5334-44d0-a97b-d0e098c129a9,Needle,999,,,,,,,,,,
TOOL_HOVER,95052,3/8/2023 9:54,5254234d-5334-44d0-a97b-d0e098c129a9,Needle,999,,,,,,,,,,
TOOL_HOVER,95070,3/8/2023 9:54,5254234d-5334-44d0-a97b-d0e098c129a9,Needle,999,,,,,,,,,,
TOOL_HOVER,95185,3/8/2023 9:54,5254234d-5334-44d0-a97b-d0e098c129a9,Needle,999,,,,,,,,,,
TOOL_HOVER,95203,3/8/2023 9:54,5254234d-5334-44d0-a97b-d0e098c129a9,Needle,999,,,,,,,,,,
TOOL_HOVER,95218,3/8/2023 9:54,5254234d-5334-44d0-a97b-d0e098c129a9,Needle,999,,,,,,,,,,
TOOL_HOVER,95236,3/8/2023 9:54,5254234d-5334-44d0-a97b-d0e098c129a9,Needle,999,,,,,,,,,,
TOOL_HOVER,95252,3/8/2023 9:54,5254234d-5334-44d0-a97b-d0e098c129a9,Needle,999,,,,,,,,,,
TOOL_HOVER,95270,3/8/2023 9:54,5254234d-5334-44d0-a97b-d0e098c129a9,Needle,999,,,,,,,,,,
TOOL_HOVER,95286,3/8/2023 9:54,5254234d-5334-44d0-a97b-d0e098c129a9,Needle,999,,,,,,,,,,
TOOL_HOVER,95303,3/8/2023 9:54,5254234d-5334-44d0-a97b-d0e098c129a9,Needle,999,,,,,,,,,,
TOOL_HOVER,95318,3/8/2023 9:54,5254234d-5334-44d0-a97b-d0e098c129a9,Needle,999,,,,,,,,,,
TOOL_HOVER,95336,3/8/2023 9:54,5254234d-5334-44d0-a97b-d0e098c129a9,Needle,999,,,,,,,,,,
TOOL_HOVER,95353,3/8/2023 9:54,5254234d-5334-44d0-a97b-d0e098c129a9,Needle,999,,,,,,,,,,
TOOL_HOVER,95369,3/8/2023 9:54,5254234d-5334-44d0-a97b-d0e098c129a9,Needle,999,,,,,,,,,,
TOOL_HOVER,95385,3/8/2023 9:54,5254234d-5334-44d0-a97b-d0e098c129a9,Needle,999,,,,,,,,,,
TOOL_HOVER,95401,3/8/2023 9:54,5254234d-5334-44d0-a97b-d0e098c129a9,Needle,999,,,,,,,,,,
TOOL_HOVER,95419,3/8/2023 9:54,5254234d-5334-44d0-a97b-d0e098c129a9,Needle,999,,,,,,,,,,
TOOL_HOVER,95436,3/8/2023 9:54,5254234d-5334-44d0-a97b-d0e098c129a9,Needle,999,,,,,,,,,,
TOOL_HOVER,95452,3/8/2023 9:54,5254234d-5334-44d0-a97b-d0e098c129a9,Needle,999,,,,,,,,,,
TOOL_HOVER,95468,3/8/2023 9:54,5254234d-5334-44d0-a97b-d0e098c129a9,Needle,999,,,,,,,,,,
TOOL_HOVER,95486,3/8/2023 9:54,5254234d-5334-44d0-a97b-d0e098c129a9,Needle,999,,,,,,,,,,
TOOL_HOVER,95501,3/8/2023 9:54,5254234d-5334-44d0-a97b-d0e098c129a9,Needle,999,,,,,,,,,,
TOOL_HOVER,95518,3/8/2023 9:54,5254234d-5334-44d0-a97b-d0e098c129a9,Needle,999,,,,,,,,,,
TOOL_HOVER,95536,3/8/2023 9:54,5254234d-5334-44d0-a97b-d0e098c129a9,Needle,999,,,,,,,,,,
TOOL_HOVER,95552,3/8/2023 9:54,5254234d-5334-44d0-a97b-d0e098c129a9,Needle,999,,,,,,,,,,
TOOL_HOVER,95569,3/8/2023 9:54,5254234d-5334-44d0-a97b-d0e098c129a9,Needle,999,,,,,,,,,,
TOOL_HOVER,95586,3/8/2023 9:54,5254234d-5334-44d0-a97b-d0e098c129a9,Needle,999,,,,,,,,,,
TOOL_HOVER,95602,3/8/2023 9:54,5254234d-5334-44d0-a97b-d0e098c129a9,Needle,999,,,,,,,,,,
TOOL_HOVER,95618,3/8/2023 9:54,5254234d-5334-44d0-a97b-d0e098c129a9,Needle,999,,,,,,,,,,
TOOL_HOVER,95636,3/8/2023 9:54,5254234d-5334-44d0-a97b-d0e098c129a9,Needle,999,,,,,,,,,,
TOOL_HOVER,95653,3/8/2023 9:54,5254234d-5334-44d0-a97b-d0e098c129a9,Needle,999,,,,,,,,,,
TOOL_HOVER,95668,3/8/2023 9:54,5254234d-5334-44d0-a97b-d0e098c129a9,Needle,999,,,,,,,,,,
TOOL_HOVER,95686,3/8/2023 9:54,5254234d-5334-44d0-a97b-d0e098c129a9,Needle,999,,,,,,,,,,
TOOL_HOVER,95701,3/8/2023 9:54,5254234d-5334-44d0-a97b-d0e098c129a9,Needle,999,,,,,,,,,,
TOOL_HOVER,95719,3/8/2023 9:54,5254234d-5334-44d0-a97b-d0e098c129a9,Needle,999,,,,,,,,,,
TOOL_HOVER,95736,3/8/2023 9:54,5254234d-5334-44d0-a97b-d0e098c129a9,Needle,999,,,,,,,,,,
TOOL_HOVER,95752,3/8/2023 9:54,5254234d-5334-44d0-a97b-d0e098c129a9,Needle,999,,,,,,,,,,
TOOL_HOVER,95769,3/8/2023 9:54,5254234d-5334-44d0-a97b-d0e098c129a9,Needle,999,,,,,,,,,,
TOOL_HOVER,95786,3/8/2023 9:54,5254234d-5334-44d0-a97b-d0e098c129a9,Needle,999,,,,,,,,,,
TOOL_HOVER,95802,3/8/2023 9:54,5254234d-5334-44d0-a97b-d0e098c129a9,Needle,999,,,,,,,,,,
TOOL_HOVER,95819,3/8/2023 9:54,5254234d-5334-44d0-a97b-d0e098c129a9,Needle,999,,,,,,,,,,
TOOL_HOVER,95835,3/8/2023 9:54,5254234d-5334-44d0-a97b-d0e098c129a9,Needle,999,,,,,,,,,,
TOOL_HOVER,95852,3/8/2023 9:54,5254234d-5334-44d0-a97b-d0e098c129a9,Needle,999,,,,,,,,,,
TOOL_HOVER,95869,3/8/2023 9:54,5254234d-5334-44d0-a97b-d0e098c129a9,Needle,999,,,,,,,,,,
TOOL_HOVER,95885,3/8/2023 9:54,5254234d-5334-44d0-a97b-d0e098c129a9,Needle,999,,,,,,,,,,
TOOL_HOVER,95902,3/8/2023 9:54,5254234d-5334-44d0-a97b-d0e098c129a9,Needle,999,,,,,,,,,,
TOOL_HOVER,95919,3/8/2023 9:54,5254234d-5334-44d0-a97b-d0e098c129a9,Needle,999,,,,,,,,,,
TOOL_HOVER,95935,3/8/2023 9:54,5254234d-5334-44d0-a97b-d0e098c129a9,Needle,999,,,,,,,,,,
TOOL_HOVER,95952,3/8/2023 9:54,5254234d-5334-44d0-a97b-d0e098c129a9,Needle,999,,,,,,,,,,
TOOL_HOVER,95968,3/8/2023 9:54,5254234d-5334-44d0-a97b-d0e098c129a9,Needle,999,,,,,,,,,,
VOICE_CAPTURE,99068,3/8/2023 9:54,5254234d-5334-44d0-a97b-d0e098c129a9,yep,NA,,,,,,,,,,
VOICE_CAPTURE,101366,3/8/2023 9:54,5254234d-5334-44d0-a97b-d0e098c129a9,hmm,NA,,,,,,,,,,
VOICE_CAPTURE,103541,3/8/2023 9:54,5254234d-5334-44d0-a97b-d0e098c129a9,yep,NA,,,,,,,,,,
VOICE_CAPTURE,109020,3/8/2023 9:54,5254234d-5334-44d0-a97b-d0e098c129a9,let it go,NA,,,,,,,,,,
TOOL_HOVER,122286,3/8/2023 9:55,5254234d-5334-44d0-a97b-d0e098c129a9,Tourniquet,999,,,,,,,,,,
TOOL_HOVER,122302,3/8/2023 9:55,5254234d-5334-44d0-a97b-d0e098c129a9,Tourniquet,999,,,,,,,,,,
TOOL_HOVER,122319,3/8/2023 9:55,5254234d-5334-44d0-a97b-d0e098c129a9,Tourniquet,999,,,,,,,,,,
TOOL_HOVER,122336,3/8/2023 9:55,5254234d-5334-44d0-a97b-d0e098c129a9,Tourniquet,999,,,,,,,,,,
TOOL_HOVER,122353,3/8/2023 9:55,5254234d-5334-44d0-a97b-d0e098c129a9,Tourniquet,999,,,,,,,,,,
TOOL_HOVER,122368,3/8/2023 9:55,5254234d-5334-44d0-a97b-d0e098c129a9,Tourniquet,999,,,,,,,,,,
TOOL_HOVER,122486,3/8/2023 9:55,5254234d-5334-44d0-a97b-d0e098c129a9,Needle,999,,,,,,,,,,
TOOL_HOVER,122503,3/8/2023 9:55,5254234d-5334-44d0-a97b-d0e098c129a9,Needle,999,,,,,,,,,,
TOOL_HOVER,122520,3/8/2023 9:55,5254234d-5334-44d0-a97b-d0e098c129a9,Needle,999,,,,,,,,,,
TOOL_HOVER,122537,3/8/2023 9:55,5254234d-5334-44d0-a97b-d0e098c129a9,Needle,999,,,,,,,,,,
TOOL_HOVER,122553,3/8/2023 9:55,5254234d-5334-44d0-a97b-d0e098c129a9,Needle,999,,,,,,,,,,
TOOL_HOVER,122570,3/8/2023 9:55,5254234d-5334-44d0-a97b-d0e098c129a9,Needle,999,,,,,,,,,,
TOOL_HOVER,122587,3/8/2023 9:55,5254234d-5334-44d0-a97b-d0e098c129a9,Needle,999,,,,,,,,,,
TOOL_HOVER,122603,3/8/2023 9:55,5254234d-5334-44d0-a97b-d0e098c129a9,Needle,999,,,,,,,,,,
TOOL_HOVER,122620,3/8/2023 9:55,5254234d-5334-44d0-a97b-d0e098c129a9,Needle,999,,,,,,,,,,
TOOL_HOVER,122637,3/8/2023 9:55,5254234d-5334-44d0-a97b-d0e098c129a9,Needle,999,,,,,,,,,,
TOOL_HOVER,122654,3/8/2023 9:55,5254234d-5334-44d0-a97b-d0e098c129a9,Needle,999,,,,,,,,,,
TOOL_HOVER,122671,3/8/2023 9:55,5254234d-5334-44d0-a97b-d0e098c129a9,Needle,999,,,,,,,,,,
TOOL_HOVER,122686,3/8/2023 9:55,5254234d-5334-44d0-a97b-d0e098c129a9,Needle,999,,,,,,,,,,
TOOL_HOVER,122704,3/8/2023 9:55,5254234d-5334-44d0-a97b-d0e098c129a9,Needle,999,,,,,,,,,,
TOOL_HOVER,122720,3/8/2023 9:55,5254234d-5334-44d0-a97b-d0e098c129a9,Needle,999,,,,,,,,,,
TOOL_SELECTED,122724,3/8/2023 9:55,5254234d-5334-44d0-a97b-d0e098c129a9,Needle,998,,,,,,,,,,
VOICE_CAPTURE,126660,3/8/2023 9:55,5254234d-5334-44d0-a97b-d0e098c129a9,right when it turns yellow you grab it yep,NA,,,,,,,,,,
VOICE_CAPTURE,129200,3/8/2023 9:55,5254234d-5334-44d0-a97b-d0e098c129a9,oh OK yes,NA,,,,,,,,,,
BAG_ACCESS,133018,3/8/2023 9:55,5254234d-5334-44d0-a97b-d0e098c129a9,"(3.0, 0.6, 4.8)",,,,,,,,,,,
VOICE_CAPTURE,134400,3/8/2023 9:55,5254234d-5334-44d0-a97b-d0e098c129a9,do i just,NA,,,,,,,,,,
VOICE_CAPTURE,135200,3/8/2023 9:55,5254234d-5334-44d0-a97b-d0e098c129a9,took,NA,,,,,,,,,,
VOICE_CAPTURE,140330,3/8/2023 9:55,5254234d-5334-44d0-a97b-d0e098c129a9,about that,NA,,,,,,,,,,
VOICE_CAPTURE,142089,3/8/2023 9:55,5254234d-5334-44d0-a97b-d0e098c129a9,i don't know this wait does it turn yellow then i can use it,NA,,,,,,,,,,
INJURY_TREATED,142359,3/8/2023 9:55,5254234d-5334-44d0-a97b-d0e098c129a9,R Chest Collapse,Mike_3 Root,decompress,high,chest,TRUE,FALSE,"(0.0, 0.0, 0.0)",,,,
TOOL_APPLIED,142360,3/8/2023 9:55,5254234d-5334-44d0-a97b-d0e098c129a9,Needle_Decomp(Clone),Needle,RChest_Breathe1 (UnityEngine.GameObject),cath_needle (UnityEngine.GameObject),right_chest,Needle_Decomp(Clone) (UnityEngine.GameObject),AppliedDecompNeedle,,,,,
VOICE_CAPTURE,151420,3/8/2023 9:55,5254234d-5334-44d0-a97b-d0e098c129a9,whoo yeah this is definitely makes you nauseous,NA,,,,,,,,,,
PULSE_TAKEN,155148,3/8/2023 9:55,5254234d-5334-44d0-a97b-d0e098c129a9,pulse_faint,Mike_3 Root,,,,,,,,,,
VOICE_CAPTURE,155750,3/8/2023 9:55,5254234d-5334-44d0-a97b-d0e098c129a9,yes in his chest is equal now,NA,,,,,,,,,,
VOICE_CAPTURE,160550,3/8/2023 9:55,5254234d-5334-44d0-a97b-d0e098c129a9,i'd say same,NA,,,,,,,,,,
PULSE_TAKEN,162467,3/8/2023 9:55,5254234d-5334-44d0-a97b-d0e098c129a9,pulse_faint,Mike_3 Root,,,,,,,,,,
PULSE_TAKEN,163218,3/8/2023 9:55,5254234d-5334-44d0-a97b-d0e098c129a9,pulse_faint,Mike_3 Root,,,,,,,,,,
PULSE_TAKEN,163551,3/8/2023 9:55,5254234d-5334-44d0-a97b-d0e098c129a9,pulse_faint,Mike_3 Root,,,,,,,,,,
TAG_SELECTED,164168,3/8/2023 9:55,5254234d-5334-44d0-a97b-d0e098c129a9,red,,,,,,,,,,,
PULSE_TAKEN,165051,3/8/2023 9:55,5254234d-5334-44d0-a97b-d0e098c129a9,pulse_faint,Mike_3 Root,,,,,,,,,,
PULSE_TAKEN,165184,3/8/2023 9:55,5254234d-5334-44d0-a97b-d0e098c129a9,pulse_faint,Mike_3 Root,,,,,,,,,,
TAG_APPLIED,166251,3/8/2023 9:55,5254234d-5334-44d0-a97b-d0e098c129a9,Mike_3 Root,red,,,,,,,,,,
BAG_CLOSED,171454,3/8/2023 9:55,5254234d-5334-44d0-a97b-d0e098c129a9,"(3.0, 0.6, 4.8)",,,,,,,,,,,
VOICE_CAPTURE,174536,3/8/2023 9:55,5254234d-5334-44d0-a97b-d0e098c129a9,OK OK OK,NA,,,,,,,,,,
VOICE_CAPTURE,177093,3/8/2023 9:55,5254234d-5334-44d0-a97b-d0e098c129a9,god,NA,,,,,,,,,,
VOICE_CAPTURE,179269,3/8/2023 9:55,5254234d-5334-44d0-a97b-d0e098c129a9,all the way down,NA,,,,,,,,,,
TELEPORT,182871,3/8/2023 9:56,5254234d-5334-44d0-a97b-d0e098c129a9,"(2.9, 0.0, 4.7)",,,,,,,,,,,
VOICE_CAPTURE,184972,3/8/2023 9:56,5254234d-5334-44d0-a97b-d0e098c129a9,nope sorry,NA,,,,,,,,,,
PATIENT_ENGAGED,187621,3/8/2023 9:56,5254234d-5334-44d0-a97b-d0e098c129a9,100,Infinity,Mike_1 Root,"(2.9, 0.0, 0.1)","(0.0, 0.7, 0.0, -0.7)",DELAYED,waver,normal,normal,normal,upset,recovery
TOOL_HOVER,188588,3/8/2023 9:56,5254234d-5334-44d0-a97b-d0e098c129a9,Gauze,999,,,,,,,,,,
TOOL_HOVER,188604,3/8/2023 9:56,5254234d-5334-44d0-a97b-d0e098c129a9,Gauze,999,,,,,,,,,,
TOOL_HOVER,188620,3/8/2023 9:56,5254234d-5334-44d0-a97b-d0e098c129a9,Gauze,999,,,,,,,,,,
TOOL_HOVER,188637,3/8/2023 9:56,5254234d-5334-44d0-a97b-d0e098c129a9,Gauze,999,,,,,,,,,,
TOOL_HOVER,188654,3/8/2023 9:56,5254234d-5334-44d0-a97b-d0e098c129a9,Gauze,999,,,,,,,,,,
TOOL_HOVER,188672,3/8/2023 9:56,5254234d-5334-44d0-a97b-d0e098c129a9,Gauze,999,,,,,,,,,,
TOOL_HOVER,188688,3/8/2023 9:56,5254234d-5334-44d0-a97b-d0e098c129a9,Gauze,999,,,,,,,,,,
TOOL_HOVER,188705,3/8/2023 9:56,5254234d-5334-44d0-a97b-d0e098c129a9,Gauze,999,,,,,,,,,,
TOOL_HOVER,188721,3/8/2023 9:56,5254234d-5334-44d0-a97b-d0e098c129a9,Gauze,999,,,,,,,,,,
TOOL_HOVER,188738,3/8/2023 9:56,5254234d-5334-44d0-a97b-d0e098c129a9,Gauze,999,,,,,,,,,,
TOOL_HOVER,188755,3/8/2023 9:56,5254234d-5334-44d0-a97b-d0e098c129a9,Gauze,999,,,,,,,,,,
TOOL_HOVER,188771,3/8/2023 9:56,5254234d-5334-44d0-a97b-d0e098c129a9,Gauze,999,,,,,,,,,,
BAG_ACCESS,189139,3/8/2023 9:56,5254234d-5334-44d0-a97b-d0e098c129a9,"(2.6, 0.6, 1.0)",,,,,,,,,,,
TOOL_HOVER,189189,3/8/2023 9:56,5254234d-5334-44d0-a97b-d0e098c129a9,Gauze,999,,,,,,,,,,
TOOL_HOVER,189205,3/8/2023 9:56,5254234d-5334-44d0-a97b-d0e098c129a9,Gauze,999,,,,,,,,,,
TOOL_HOVER,189223,3/8/2023 9:56,5254234d-5334-44d0-a97b-d0e098c129a9,Gauze,999,,,,,,,,,,
TOOL_HOVER,189239,3/8/2023 9:56,5254234d-5334-44d0-a97b-d0e098c129a9,Gauze,999,,,,,,,,,,
TOOL_HOVER,189255,3/8/2023 9:56,5254234d-5334-44d0-a97b-d0e098c129a9,Gauze,999,,,,,,,,,,
TOOL_HOVER,189272,3/8/2023 9:56,5254234d-5334-44d0-a97b-d0e098c129a9,Gauze,999,,,,,,,,,,
TOOL_HOVER,189389,3/8/2023 9:56,5254234d-5334-44d0-a97b-d0e098c129a9,Tourniquet,999,,,,,,,,,,
TOOL_HOVER,189406,3/8/2023 9:56,5254234d-5334-44d0-a97b-d0e098c129a9,Tourniquet,999,,,,,,,,,,
TOOL_HOVER,189422,3/8/2023 9:56,5254234d-5334-44d0-a97b-d0e098c129a9,Tourniquet,999,,,,,,,,,,
TOOL_HOVER,189440,3/8/2023 9:56,5254234d-5334-44d0-a97b-d0e098c129a9,Tourniquet,999,,,,,,,,,,
TOOL_HOVER,189456,3/8/2023 9:56,5254234d-5334-44d0-a97b-d0e098c129a9,Tourniquet,999,,,,,,,,,,
TOOL_HOVER,189472,3/8/2023 9:56,5254234d-5334-44d0-a97b-d0e098c129a9,Tourniquet,999,,,,,,,,,,
TOOL_HOVER,189489,3/8/2023 9:56,5254234d-5334-44d0-a97b-d0e098c129a9,Tourniquet,999,,,,,,,,,,
TOOL_HOVER,189506,3/8/2023 9:56,5254234d-5334-44d0-a97b-d0e098c129a9,Tourniquet,999,,,,,,,,,,
TOOL_HOVER,189523,3/8/2023 9:56,5254234d-5334-44d0-a97b-d0e098c129a9,Tourniquet,999,,,,,,,,,,
TOOL_HOVER,189539,3/8/2023 9:56,5254234d-5334-44d0-a97b-d0e098c129a9,Tourniquet,999,,,,,,,,,,
TOOL_HOVER,189556,3/8/2023 9:56,5254234d-5334-44d0-a97b-d0e098c129a9,Tourniquet,999,,,,,,,,,,
TOOL_HOVER,189572,3/8/2023 9:56,5254234d-5334-44d0-a97b-d0e098c129a9,Tourniquet,999,,,,,,,,,,
TOOL_SELECTED,189573,3/8/2023 9:56,5254234d-5334-44d0-a97b-d0e098c129a9,Tourniquet,998,,,,,,,,,,
INJURY_TREATED,191691,3/8/2023 9:56,5254234d-5334-44d0-a97b-d0e098c129a9,L Thigh Laceration,Mike_1 Root,tourniquet,medium,leftLeg,TRUE,FALSE,"(2.8, 0.3, 0.4)",,,,
TOOL_APPLIED,191691,3/8/2023 9:56,5254234d-5334-44d0-a97b-d0e098c129a9,Mike_1 Root,Tourniquet,LeftUpLeg (UnityEngine.GameObject),tor_ring (1) (UnityEngine.GameObject),tourniquet(Clone) (UnityEngine.GameObject),AppliedTourniquet,,,,,,
VOICE_CAPTURE,196535,3/8/2023 9:56,5254234d-5334-44d0-a97b-d0e098c129a9,oh OK yep grab that grab that that's in my way that on,NA,,,,,,,,,,
TAG_SELECTED,241939,3/8/2023 9:57,5254234d-5334-44d0-a97b-d0e098c129a9,yellow,,,,,,,,,,,
TAG_APPLIED,243663,3/8/2023 9:57,5254234d-5334-44d0-a97b-d0e098c129a9,Mike_1 Root,yellow,,,,,,,,,,
BAG_CLOSED,250664,3/8/2023 9:57,5254234d-5334-44d0-a97b-d0e098c129a9,"(2.6, 0.6, 1.0)",,,,,,,,,,,
TELEPORT,250664,3/8/2023 9:57,5254234d-5334-44d0-a97b-d0e098c129a9,"(2.6, 0.0, 1.1)",,,,,,,,,,,
TELEPORT,250781,3/8/2023 9:57,5254234d-5334-44d0-a97b-d0e098c129a9,"(2.6, 0.0, 1.1)",,,,,,,,,,,
TELEPORT,256669,3/8/2023 9:57,5254234d-5334-44d0-a97b-d0e098c129a9,"(-1.1, 0.0, -13.3)",,,,,,,,,,,
VOICE_CAPTURE,261600,3/8/2023 9:57,5254234d-5334-44d0-a97b-d0e098c129a9,are you hurt,NA,,,,,,,,,,
VOICE_COMMAND,261600,3/8/2023 9:57,5254234d-5334-44d0-a97b-d0e098c129a9,are you hurt,are you hurt,,,,,,,,,,
PATIENT_ENGAGED,267564,3/8/2023 9:57,5254234d-5334-44d0-a97b-d0e098c129a9,100,Infinity,Mike_2 Root,"(1.6, 0.0, -3.0)","(0.0, 1.0, 0.0, -0.1)",IMMEDIATE,walker,fast,normal,normal,upset,standing
BAG_ACCESS,268514,3/8/2023 9:57,5254234d-5334-44d0-a97b-d0e098c129a9,"(1.3, 0.6, -4.0)",,,,,,,,,,,
TOOL_HOVER,271865,3/8/2023 9:57,5254234d-5334-44d0-a97b-d0e098c129a9,Hemostatic Gauze,999,,,,,,,,,,
TOOL_HOVER,271882,3/8/2023 9:57,5254234d-5334-44d0-a97b-d0e098c129a9,Hemostatic Gauze,999,,,,,,,,,,
TOOL_HOVER,271898,3/8/2023 9:57,5254234d-5334-44d0-a97b-d0e098c129a9,Hemostatic Gauze,999,,,,,,,,,,
TOOL_HOVER,271915,3/8/2023 9:57,5254234d-5334-44d0-a97b-d0e098c129a9,Hemostatic Gauze,999,,,,,,,,,,
TOOL_HOVER,271931,3/8/2023 9:57,5254234d-5334-44d0-a97b-d0e098c129a9,Hemostatic Gauze,999,,,,,,,,,,
TOOL_HOVER,271948,3/8/2023 9:57,5254234d-5334-44d0-a97b-d0e098c129a9,Hemostatic Gauze,999,,,,,,,,,,
TOOL_HOVER,271965,3/8/2023 9:57,5254234d-5334-44d0-a97b-d0e098c129a9,Hemostatic Gauze,999,,,,,,,,,,
TOOL_HOVER,271983,3/8/2023 9:57,5254234d-5334-44d0-a97b-d0e098c129a9,Hemostatic Gauze,999,,,,,,,,,,
TOOL_HOVER,271999,3/8/2023 9:57,5254234d-5334-44d0-a97b-d0e098c129a9,Hemostatic Gauze,999,,,,,,,,,,
TOOL_HOVER,272014,3/8/2023 9:57,5254234d-5334-44d0-a97b-d0e098c129a9,Hemostatic Gauze,999,,,,,,,,,,
TOOL_HOVER,272031,3/8/2023 9:57,5254234d-5334-44d0-a97b-d0e098c129a9,Hemostatic Gauze,999,,,,,,,,,,
TOOL_HOVER,272048,3/8/2023 9:57,5254234d-5334-44d0-a97b-d0e098c129a9,Hemostatic Gauze,999,,,,,,,,,,
TOOL_HOVER,272065,3/8/2023 9:57,5254234d-5334-44d0-a97b-d0e098c129a9,Hemostatic Gauze,999,,,,,,,,,,
TOOL_HOVER,272082,3/8/2023 9:57,5254234d-5334-44d0-a97b-d0e098c129a9,Hemostatic Gauze,999,,,,,,,,,,
TOOL_HOVER,272098,3/8/2023 9:57,5254234d-5334-44d0-a97b-d0e098c129a9,Hemostatic Gauze,999,,,,,,,,,,
TOOL_HOVER,272115,3/8/2023 9:57,5254234d-5334-44d0-a97b-d0e098c129a9,Hemostatic Gauze,999,,,,,,,,,,
TOOL_HOVER,272132,3/8/2023 9:57,5254234d-5334-44d0-a97b-d0e098c129a9,Hemostatic Gauze,999,,,,,,,,,,
TOOL_HOVER,272148,3/8/2023 9:57,5254234d-5334-44d0-a97b-d0e098c129a9,Hemostatic Gauze,999,,,,,,,,,,
TOOL_HOVER,272165,3/8/2023 9:57,5254234d-5334-44d0-a97b-d0e098c129a9,Hemostatic Gauze,999,,,,,,,,,,
TOOL_HOVER,272182,3/8/2023 9:57,5254234d-5334-44d0-a97b-d0e098c129a9,Hemostatic Gauze,999,,,,,,,,,,
TOOL_HOVER,272198,3/8/2023 9:57,5254234d-5334-44d0-a97b-d0e098c129a9,Hemostatic Gauze,999,,,,,,,,,,
TOOL_HOVER,272215,3/8/2023 9:57,5254234d-5334-44d0-a97b-d0e098c129a9,Hemostatic Gauze,999,,,,,,,,,,
TOOL_HOVER,272232,3/8/2023 9:57,5254234d-5334-44d0-a97b-d0e098c129a9,Hemostatic Gauze,999,,,,,,,,,,
TOOL_HOVER,272249,3/8/2023 9:57,5254234d-5334-44d0-a97b-d0e098c129a9,Hemostatic Gauze,999,,,,,,,,,,
TOOL_HOVER,272266,3/8/2023 9:57,5254234d-5334-44d0-a97b-d0e098c129a9,Hemostatic Gauze,999,,,,,,,,,,
TOOL_HOVER,272282,3/8/2023 9:57,5254234d-5334-44d0-a97b-d0e098c129a9,Hemostatic Gauze,999,,,,,,,,,,
TOOL_HOVER,272300,3/8/2023 9:57,5254234d-5334-44d0-a97b-d0e098c129a9,Hemostatic Gauze,999,,,,,,,,,,
TOOL_HOVER,272316,3/8/2023 9:57,5254234d-5334-44d0-a97b-d0e098c129a9,Hemostatic Gauze,999,,,,,,,,,,
TOOL_HOVER,272331,3/8/2023 9:57,5254234d-5334-44d0-a97b-d0e098c129a9,Hemostatic Gauze,999,,,,,,,,,,
TOOL_HOVER,272349,3/8/2023 9:57,5254234d-5334-44d0-a97b-d0e098c129a9,Hemostatic Gauze,999,,,,,,,,,,
TOOL_HOVER,272366,3/8/2023 9:57,5254234d-5334-44d0-a97b-d0e098c129a9,Hemostatic Gauze,999,,,,,,,,,,
TOOL_HOVER,272383,3/8/2023 9:57,5254234d-5334-44d0-a97b-d0e098c129a9,Hemostatic Gauze,999,,,,,,,,,,
TOOL_HOVER,272398,3/8/2023 9:57,5254234d-5334-44d0-a97b-d0e098c129a9,Hemostatic Gauze,999,,,,,,,,,,
TOOL_HOVER,272415,3/8/2023 9:57,5254234d-5334-44d0-a97b-d0e098c129a9,Hemostatic Gauze,999,,,,,,,,,,
TOOL_HOVER,272431,3/8/2023 9:57,5254234d-5334-44d0-a97b-d0e098c129a9,Hemostatic Gauze,999,,,,,,,,,,
TOOL_HOVER,272448,3/8/2023 9:57,5254234d-5334-44d0-a97b-d0e098c129a9,Hemostatic Gauze,999,,,,,,,,,,
TOOL_HOVER,272465,3/8/2023 9:57,5254234d-5334-44d0-a97b-d0e098c129a9,Hemostatic Gauze,999,,,,,,,,,,
TOOL_HOVER,272481,3/8/2023 9:57,5254234d-5334-44d0-a97b-d0e098c129a9,Hemostatic Gauze,999,,,,,,,,,,
TOOL_HOVER,272499,3/8/2023 9:57,5254234d-5334-44d0-a97b-d0e098c129a9,Hemostatic Gauze,999,,,,,,,,,,
TOOL_HOVER,272515,3/8/2023 9:57,5254234d-5334-44d0-a97b-d0e098c129a9,Hemostatic Gauze,999,,,,,,,,,,
TOOL_HOVER,272531,3/8/2023 9:57,5254234d-5334-44d0-a97b-d0e098c129a9,Hemostatic Gauze,999,,,,,,,,,,
TOOL_HOVER,272550,3/8/2023 9:57,5254234d-5334-44d0-a97b-d0e098c129a9,Hemostatic Gauze,999,,,,,,,,,,
TOOL_HOVER,272565,3/8/2023 9:57,5254234d-5334-44d0-a97b-d0e098c129a9,Hemostatic Gauze,999,,,,,,,,,,
TOOL_HOVER,272582,3/8/2023 9:57,5254234d-5334-44d0-a97b-d0e098c129a9,Hemostatic Gauze,999,,,,,,,,,,
TOOL_HOVER,272598,3/8/2023 9:57,5254234d-5334-44d0-a97b-d0e098c129a9,Hemostatic Gauze,999,,,,,,,,,,
TOOL_HOVER,272615,3/8/2023 9:57,5254234d-5334-44d0-a97b-d0e098c129a9,Hemostatic Gauze,999,,,,,,,,,,
TOOL_HOVER,272631,3/8/2023 9:57,5254234d-5334-44d0-a97b-d0e098c129a9,Hemostatic Gauze,999,,,,,,,,,,
TOOL_HOVER,272648,3/8/2023 9:57,5254234d-5334-44d0-a97b-d0e098c129a9,Hemostatic Gauze,999,,,,,,,,,,
TOOL_HOVER,272665,3/8/2023 9:57,5254234d-5334-44d0-a97b-d0e098c129a9,Hemostatic Gauze,999,,,,,,,,,,
TOOL_HOVER,272682,3/8/2023 9:57,5254234d-5334-44d0-a97b-d0e098c129a9,Hemostatic Gauze,999,,,,,,,,,,
TOOL_HOVER,272698,3/8/2023 9:57,5254234d-5334-44d0-a97b-d0e098c129a9,Hemostatic Gauze,999,,,,,,,,,,
TOOL_HOVER,272715,3/8/2023 9:57,5254234d-5334-44d0-a97b-d0e098c129a9,Hemostatic Gauze,999,,,,,,,,,,
TOOL_HOVER,272731,3/8/2023 9:57,5254234d-5334-44d0-a97b-d0e098c129a9,Hemostatic Gauze,999,,,,,,,,,,
TOOL_HOVER,272748,3/8/2023 9:57,5254234d-5334-44d0-a97b-d0e098c129a9,Hemostatic Gauze,999,,,,,,,,,,
TOOL_HOVER,272766,3/8/2023 9:57,5254234d-5334-44d0-a97b-d0e098c129a9,Hemostatic Gauze,999,,,,,,,,,,
TOOL_HOVER,272782,3/8/2023 9:57,5254234d-5334-44d0-a97b-d0e098c129a9,Hemostatic Gauze,999,,,,,,,,,,
TOOL_HOVER,272798,3/8/2023 9:57,5254234d-5334-44d0-a97b-d0e098c129a9,Hemostatic Gauze,999,,,,,,,,,,
TOOL_HOVER,272815,3/8/2023 9:57,5254234d-5334-44d0-a97b-d0e098c129a9,Hemostatic Gauze,999,,,,,,,,,,
TOOL_HOVER,272831,3/8/2023 9:57,5254234d-5334-44d0-a97b-d0e098c129a9,Hemostatic Gauze,999,,,,,,,,,,
TOOL_HOVER,272847,3/8/2023 9:57,5254234d-5334-44d0-a97b-d0e098c129a9,Hemostatic Gauze,999,,,,,,,,,,
TOOL_HOVER,272864,3/8/2023 9:57,5254234d-5334-44d0-a97b-d0e098c129a9,Hemostatic Gauze,999,,,,,,,,,,
TOOL_HOVER,272882,3/8/2023 9:57,5254234d-5334-44d0-a97b-d0e098c129a9,Hemostatic Gauze,999,,,,,,,,,,
TOOL_HOVER,272898,3/8/2023 9:57,5254234d-5334-44d0-a97b-d0e098c129a9,Hemostatic Gauze,999,,,,,,,,,,
TOOL_HOVER,272914,3/8/2023 9:57,5254234d-5334-44d0-a97b-d0e098c129a9,Hemostatic Gauze,999,,,,,,,,,,
TOOL_HOVER,272931,3/8/2023 9:57,5254234d-5334-44d0-a97b-d0e098c129a9,Hemostatic Gauze,999,,,,,,,,,,
TOOL_HOVER,272949,3/8/2023 9:57,5254234d-5334-44d0-a97b-d0e098c129a9,Hemostatic Gauze,999,,,,,,,,,,
TOOL_HOVER,272964,3/8/2023 9:57,5254234d-5334-44d0-a97b-d0e098c129a9,Hemostatic Gauze,999,,,,,,,,,,
TOOL_HOVER,272982,3/8/2023 9:57,5254234d-5334-44d0-a97b-d0e098c129a9,Hemostatic Gauze,999,,,,,,,,,,
TOOL_HOVER,272999,3/8/2023 9:57,5254234d-5334-44d0-a97b-d0e098c129a9,Hemostatic Gauze,999,,,,,,,,,,
TOOL_HOVER,273014,3/8/2023 9:57,5254234d-5334-44d0-a97b-d0e098c129a9,Hemostatic Gauze,999,,,,,,,,,,
TOOL_HOVER,273031,3/8/2023 9:57,5254234d-5334-44d0-a97b-d0e098c129a9,Hemostatic Gauze,999,,,,,,,,,,
TOOL_HOVER,273048,3/8/2023 9:57,5254234d-5334-44d0-a97b-d0e098c129a9,Hemostatic Gauze,999,,,,,,,,,,
TOOL_HOVER,273064,3/8/2023 9:57,5254234d-5334-44d0-a97b-d0e098c129a9,Hemostatic Gauze,999,,,,,,,,,,
TOOL_HOVER,273081,3/8/2023 9:57,5254234d-5334-44d0-a97b-d0e098c129a9,Hemostatic Gauze,999,,,,,,,,,,
TOOL_HOVER,273098,3/8/2023 9:57,5254234d-5334-44d0-a97b-d0e098c129a9,Hemostatic Gauze,999,,,,,,,,,,
TOOL_HOVER,273114,3/8/2023 9:57,5254234d-5334-44d0-a97b-d0e098c129a9,Hemostatic Gauze,999,,,,,,,,,,
TOOL_HOVER,273131,3/8/2023 9:57,5254234d-5334-44d0-a97b-d0e098c129a9,Hemostatic Gauze,999,,,,,,,,,,
TOOL_HOVER,273148,3/8/2023 9:57,5254234d-5334-44d0-a97b-d0e098c129a9,Hemostatic Gauze,999,,,,,,,,,,
TOOL_HOVER,273165,3/8/2023 9:57,5254234d-5334-44d0-a97b-d0e098c129a9,Hemostatic Gauze,999,,,,,,,,,,
TOOL_HOVER,273181,3/8/2023 9:57,5254234d-5334-44d0-a97b-d0e098c129a9,Hemostatic Gauze,999,,,,,,,,,,
TOOL_HOVER,273198,3/8/2023 9:57,5254234d-5334-44d0-a97b-d0e098c129a9,Hemostatic Gauze,999,,,,,,,,,,
TOOL_HOVER,273215,3/8/2023 9:57,5254234d-5334-44d0-a97b-d0e098c129a9,Hemostatic Gauze,999,,,,,,,,,,
TOOL_HOVER,273232,3/8/2023 9:57,5254234d-5334-44d0-a97b-d0e098c129a9,Hemostatic Gauze,999,,,,,,,,,,
TOOL_HOVER,273249,3/8/2023 9:57,5254234d-5334-44d0-a97b-d0e098c129a9,Hemostatic Gauze,999,,,,,,,,,,
TOOL_HOVER,273266,3/8/2023 9:57,5254234d-5334-44d0-a97b-d0e098c129a9,Hemostatic Gauze,999,,,,,,,,,,
TOOL_HOVER,273283,3/8/2023 9:57,5254234d-5334-44d0-a97b-d0e098c129a9,Hemostatic Gauze,999,,,,,,,,,,
TOOL_HOVER,273298,3/8/2023 9:57,5254234d-5334-44d0-a97b-d0e098c129a9,Hemostatic Gauze,999,,,,,,,,,,
TOOL_HOVER,273315,3/8/2023 9:57,5254234d-5334-44d0-a97b-d0e098c129a9,Hemostatic Gauze,999,,,,,,,,,,
TOOL_HOVER,273332,3/8/2023 9:57,5254234d-5334-44d0-a97b-d0e098c129a9,Hemostatic Gauze,999,,,,,,,,,,
TOOL_HOVER,273348,3/8/2023 9:57,5254234d-5334-44d0-a97b-d0e098c129a9,Hemostatic Gauze,999,,,,,,,,,,
TOOL_HOVER,273364,3/8/2023 9:57,5254234d-5334-44d0-a97b-d0e098c129a9,Hemostatic Gauze,999,,,,,,,,,,
TOOL_HOVER,273382,3/8/2023 9:57,5254234d-5334-44d0-a97b-d0e098c129a9,Hemostatic Gauze,999,,,,,,,,,,
TOOL_HOVER,273398,3/8/2023 9:57,5254234d-5334-44d0-a97b-d0e098c129a9,Hemostatic Gauze,999,,,,,,,,,,
TOOL_HOVER,273414,3/8/2023 9:57,5254234d-5334-44d0-a97b-d0e098c129a9,Hemostatic Gauze,999,,,,,,,,,,
TOOL_HOVER,273431,3/8/2023 9:57,5254234d-5334-44d0-a97b-d0e098c129a9,Hemostatic Gauze,999,,,,,,,,,,
TOOL_HOVER,273448,3/8/2023 9:57,5254234d-5334-44d0-a97b-d0e098c129a9,Hemostatic Gauze,999,,,,,,,,,,
TOOL_HOVER,273465,3/8/2023 9:57,5254234d-5334-44d0-a97b-d0e098c129a9,Hemostatic Gauze,999,,,,,,,,,,
TOOL_HOVER,273481,3/8/2023 9:57,5254234d-5334-44d0-a97b-d0e098c129a9,Hemostatic Gauze,999,,,,,,,,,,
TOOL_HOVER,273499,3/8/2023 9:57,5254234d-5334-44d0-a97b-d0e098c129a9,Hemostatic Gauze,999,,,,,,,,,,
TOOL_HOVER,273515,3/8/2023 9:57,5254234d-5334-44d0-a97b-d0e098c129a9,Hemostatic Gauze,999,,,,,,,,,,
TOOL_HOVER,273531,3/8/2023 9:57,5254234d-5334-44d0-a97b-d0e098c129a9,Hemostatic Gauze,999,,,,,,,,,,
TOOL_HOVER,273549,3/8/2023 9:57,5254234d-5334-44d0-a97b-d0e098c129a9,Hemostatic Gauze,999,,,,,,,,,,
TOOL_HOVER,273565,3/8/2023 9:57,5254234d-5334-44d0-a97b-d0e098c129a9,Hemostatic Gauze,999,,,,,,,,,,
TOOL_HOVER,273582,3/8/2023 9:57,5254234d-5334-44d0-a97b-d0e098c129a9,Hemostatic Gauze,999,,,,,,,,,,
TOOL_HOVER,273598,3/8/2023 9:57,5254234d-5334-44d0-a97b-d0e098c129a9,Hemostatic Gauze,999,,,,,,,,,,
TOOL_HOVER,273615,3/8/2023 9:57,5254234d-5334-44d0-a97b-d0e098c129a9,Hemostatic Gauze,999,,,,,,,,,,
TOOL_HOVER,273631,3/8/2023 9:57,5254234d-5334-44d0-a97b-d0e098c129a9,Hemostatic Gauze,999,,,,,,,,,,
TOOL_HOVER,273648,3/8/2023 9:57,5254234d-5334-44d0-a97b-d0e098c129a9,Hemostatic Gauze,999,,,,,,,,,,
TOOL_HOVER,273666,3/8/2023 9:57,5254234d-5334-44d0-a97b-d0e098c129a9,Hemostatic Gauze,999,,,,,,,,,,
TOOL_HOVER,273682,3/8/2023 9:57,5254234d-5334-44d0-a97b-d0e098c129a9,Hemostatic Gauze,999,,,,,,,,,,
TOOL_HOVER,273698,3/8/2023 9:57,5254234d-5334-44d0-a97b-d0e098c129a9,Hemostatic Gauze,999,,,,,,,,,,
TOOL_HOVER,273715,3/8/2023 9:57,5254234d-5334-44d0-a97b-d0e098c129a9,Hemostatic Gauze,999,,,,,,,,,,
TOOL_HOVER,273731,3/8/2023 9:57,5254234d-5334-44d0-a97b-d0e098c129a9,Hemostatic Gauze,999,,,,,,,,,,
TOOL_HOVER,273749,3/8/2023 9:57,5254234d-5334-44d0-a97b-d0e098c129a9,Hemostatic Gauze,999,,,,,,,,,,
TOOL_HOVER,273765,3/8/2023 9:57,5254234d-5334-44d0-a97b-d0e098c129a9,Hemostatic Gauze,999,,,,,,,,,,
TOOL_HOVER,273781,3/8/2023 9:57,5254234d-5334-44d0-a97b-d0e098c129a9,Hemostatic Gauze,999,,,,,,,,,,
TOOL_HOVER,273799,3/8/2023 9:57,5254234d-5334-44d0-a97b-d0e098c129a9,Hemostatic Gauze,999,,,,,,,,,,
TOOL_HOVER,273814,3/8/2023 9:57,5254234d-5334-44d0-a97b-d0e098c129a9,Hemostatic Gauze,999,,,,,,,,,,
TOOL_HOVER,273832,3/8/2023 9:57,5254234d-5334-44d0-a97b-d0e098c129a9,Hemostatic Gauze,999,,,,,,,,,,
TOOL_HOVER,273849,3/8/2023 9:57,5254234d-5334-44d0-a97b-d0e098c129a9,Hemostatic Gauze,999,,,,,,,,,,
TOOL_HOVER,273866,3/8/2023 9:57,5254234d-5334-44d0-a97b-d0e098c129a9,Hemostatic Gauze,999,,,,,,,,,,
TOOL_HOVER,273882,3/8/2023 9:57,5254234d-5334-44d0-a97b-d0e098c129a9,Hemostatic Gauze,999,,,,,,,,,,
TOOL_HOVER,273898,3/8/2023 9:57,5254234d-5334-44d0-a97b-d0e098c129a9,Hemostatic Gauze,999,,,,,,,,,,
TOOL_HOVER,273914,3/8/2023 9:57,5254234d-5334-44d0-a97b-d0e098c129a9,Hemostatic Gauze,999,,,,,,,,,,
TOOL_HOVER,273931,3/8/2023 9:57,5254234d-5334-44d0-a97b-d0e098c129a9,Hemostatic Gauze,999,,,,,,,,,,
TOOL_HOVER,273948,3/8/2023 9:57,5254234d-5334-44d0-a97b-d0e098c129a9,Hemostatic Gauze,999,,,,,,,,,,
TOOL_HOVER,273965,3/8/2023 9:57,5254234d-5334-44d0-a97b-d0e098c129a9,Hemostatic Gauze,999,,,,,,,,,,
TOOL_HOVER,273982,3/8/2023 9:57,5254234d-5334-44d0-a97b-d0e098c129a9,Hemostatic Gauze,999,,,,,,,,,,
TOOL_HOVER,273998,3/8/2023 9:57,5254234d-5334-44d0-a97b-d0e098c129a9,Hemostatic Gauze,999,,,,,,,,,,
TOOL_HOVER,274015,3/8/2023 9:57,5254234d-5334-44d0-a97b-d0e098c129a9,Hemostatic Gauze,999,,,,,,,,,,
TOOL_HOVER,274032,3/8/2023 9:57,5254234d-5334-44d0-a97b-d0e098c129a9,Hemostatic Gauze,999,,,,,,,,,,
TOOL_HOVER,274048,3/8/2023 9:57,5254234d-5334-44d0-a97b-d0e098c129a9,Hemostatic Gauze,999,,,,,,,,,,
TOOL_HOVER,274065,3/8/2023 9:57,5254234d-5334-44d0-a97b-d0e098c129a9,Hemostatic Gauze,999,,,,,,,,,,
TOOL_HOVER,274082,3/8/2023 9:57,5254234d-5334-44d0-a97b-d0e098c129a9,Hemostatic Gauze,999,,,,,,,,,,
TOOL_HOVER,274099,3/8/2023 9:57,5254234d-5334-44d0-a97b-d0e098c129a9,Hemostatic Gauze,999,,,,,,,,,,
TOOL_HOVER,274115,3/8/2023 9:57,5254234d-5334-44d0-a97b-d0e098c129a9,Hemostatic Gauze,999,,,,,,,,,,
TOOL_HOVER,274131,3/8/2023 9:57,5254234d-5334-44d0-a97b-d0e098c129a9,Hemostatic Gauze,999,,,,,,,,,,
TOOL_HOVER,274148,3/8/2023 9:57,5254234d-5334-44d0-a97b-d0e098c129a9,Hemostatic Gauze,999,,,,,,,,,,
TOOL_HOVER,274165,3/8/2023 9:57,5254234d-5334-44d0-a97b-d0e098c129a9,Hemostatic Gauze,999,,,,,,,,,,
TOOL_HOVER,274182,3/8/2023 9:57,5254234d-5334-44d0-a97b-d0e098c129a9,Hemostatic Gauze,999,,,,,,,,,,
TOOL_HOVER,274197,3/8/2023 9:57,5254234d-5334-44d0-a97b-d0e098c129a9,Hemostatic Gauze,999,,,,,,,,,,
TOOL_HOVER,274215,3/8/2023 9:57,5254234d-5334-44d0-a97b-d0e098c129a9,Hemostatic Gauze,999,,,,,,,,,,
TOOL_HOVER,274232,3/8/2023 9:57,5254234d-5334-44d0-a97b-d0e098c129a9,Hemostatic Gauze,999,,,,,,,,,,
TOOL_HOVER,274248,3/8/2023 9:57,5254234d-5334-44d0-a97b-d0e098c129a9,Hemostatic Gauze,999,,,,,,,,,,
TOOL_HOVER,274264,3/8/2023 9:57,5254234d-5334-44d0-a97b-d0e098c129a9,Hemostatic Gauze,999,,,,,,,,,,
TOOL_HOVER,274282,3/8/2023 9:57,5254234d-5334-44d0-a97b-d0e098c129a9,Hemostatic Gauze,999,,,,,,,,,,
TOOL_HOVER,274297,3/8/2023 9:57,5254234d-5334-44d0-a97b-d0e098c129a9,Hemostatic Gauze,999,,,,,,,,,,
TOOL_HOVER,274315,3/8/2023 9:57,5254234d-5334-44d0-a97b-d0e098c129a9,Hemostatic Gauze,999,,,,,,,,,,
BAG_CLOSED,274331,3/8/2023 9:57,5254234d-5334-44d0-a97b-d0e098c129a9,"(1.3, 0.6, -4.0)",,,,,,,,,,,
TELEPORT,274331,3/8/2023 9:57,5254234d-5334-44d0-a97b-d0e098c129a9,"(0.8, 0.0, -5.3)",,,,,,,,,,,
BAG_ACCESS,278030,3/8/2023 9:57,5254234d-5334-44d0-a97b-d0e098c129a9,"(1.4, 0.6, -4.0)",,,,,,,,,,,
TOOL_HOVER,278569,3/8/2023 9:57,5254234d-5334-44d0-a97b-d0e098c129a9,Hemostatic Gauze,999,,,,,,,,,,
TOOL_HOVER,278587,3/8/2023 9:57,5254234d-5334-44d0-a97b-d0e098c129a9,Hemostatic Gauze,999,,,,,,,,,,
TOOL_HOVER,278603,3/8/2023 9:57,5254234d-5334-44d0-a97b-d0e098c129a9,Hemostatic Gauze,999,,,,,,,,,,
TOOL_SELECTED,278604,3/8/2023 9:57,5254234d-5334-44d0-a97b-d0e098c129a9,Hemostatic Gauze,998,,,,,,,,,,
TOOL_DISCARDED,279554,3/8/2023 9:57,5254234d-5334-44d0-a97b-d0e098c129a9,Hemostatic Gauze,998,"(1.7, 1.5, -3.2)",,,,,,,,,
INJURY_TREATED,279555,3/8/2023 9:57,5254234d-5334-44d0-a97b-d0e098c129a9,L Shoulder Puncture,Mike_2 Root,woundpack,medium,chest,TRUE,FALSE,"(1.7, 1.4, -3.2)",,,,
TOOL_APPLIED,279556,3/8/2023 9:57,5254234d-5334-44d0-a97b-d0e098c129a9,Mike_2 Root,Gauze_Pack,skinCollider_BodyCollideLOD (UnityEngine.GameObject),null,null,AppliedPackingGauze,,,,,,
TOOL_HOVER,280761,3/8/2023 9:57,5254234d-5334-44d0-a97b-d0e098c129a9,Gauze,999,,,,,,,,,,
TOOL_HOVER,280785,3/8/2023 9:57,5254234d-5334-44d0-a97b-d0e098c129a9,Gauze,999,,,,,,,,,,
TOOL_HOVER,280802,3/8/2023 9:57,5254234d-5334-44d0-a97b-d0e098c129a9,Gauze,999,,,,,,,,,,
TOOL_HOVER,280818,3/8/2023 9:57,5254234d-5334-44d0-a97b-d0e098c129a9,Gauze,999,,,,,,,,,,
TOOL_HOVER,280835,3/8/2023 9:57,5254234d-5334-44d0-a97b-d0e098c129a9,Gauze,999,,,,,,,,,,
TOOL_HOVER,280851,3/8/2023 9:57,5254234d-5334-44d0-a97b-d0e098c129a9,Gauze,999,,,,,,,,,,
TOOL_HOVER,280869,3/8/2023 9:57,5254234d-5334-44d0-a97b-d0e098c129a9,Gauze,999,,,,,,,,,,
TOOL_HOVER,280885,3/8/2023 9:57,5254234d-5334-44d0-a97b-d0e098c129a9,Gauze,999,,,,,,,,,,
TOOL_HOVER,280902,3/8/2023 9:57,5254234d-5334-44d0-a97b-d0e098c129a9,Gauze,999,,,,,,,,,,
TOOL_HOVER,280917,3/8/2023 9:57,5254234d-5334-44d0-a97b-d0e098c129a9,Gauze,999,,,,,,,,,,
TOOL_HOVER,280933,3/8/2023 9:57,5254234d-5334-44d0-a97b-d0e098c129a9,Gauze,999,,,,,,,,,,
TOOL_HOVER,280950,3/8/2023 9:57,5254234d-5334-44d0-a97b-d0e098c129a9,Gauze,999,,,,,,,,,,
TOOL_HOVER,281267,3/8/2023 9:57,5254234d-5334-44d0-a97b-d0e098c129a9,Hemostatic Gauze,999,,,,,,,,,,
TOOL_HOVER,281283,3/8/2023 9:57,5254234d-5334-44d0-a97b-d0e098c129a9,Hemostatic Gauze,999,,,,,,,,,,
TOOL_HOVER,281301,3/8/2023 9:57,5254234d-5334-44d0-a97b-d0e098c129a9,Hemostatic Gauze,999,,,,,,,,,,
TOOL_HOVER,281317,3/8/2023 9:57,5254234d-5334-44d0-a97b-d0e098c129a9,Hemostatic Gauze,999,,,,,,,,,,
TOOL_HOVER,281334,3/8/2023 9:57,5254234d-5334-44d0-a97b-d0e098c129a9,Hemostatic Gauze,999,,,,,,,,,,
TOOL_HOVER,281351,3/8/2023 9:57,5254234d-5334-44d0-a97b-d0e098c129a9,Hemostatic Gauze,999,,,,,,,,,,
TOOL_HOVER,281367,3/8/2023 9:57,5254234d-5334-44d0-a97b-d0e098c129a9,Hemostatic Gauze,999,,,,,,,,,,
TOOL_HOVER,281383,3/8/2023 9:57,5254234d-5334-44d0-a97b-d0e098c129a9,Hemostatic Gauze,999,,,,,,,,,,
TOOL_HOVER,281403,3/8/2023 9:57,5254234d-5334-44d0-a97b-d0e098c129a9,Hemostatic Gauze,999,,,,,,,,,,
TOOL_SELECTED,281404,3/8/2023 9:57,5254234d-5334-44d0-a97b-d0e098c129a9,Hemostatic Gauze,998,,,,,,,,,,
TOOL_DISCARDED,282670,3/8/2023 9:57,5254234d-5334-44d0-a97b-d0e098c129a9,Hemostatic Gauze,998,"(1.9, 1.3, -3.8)",,,,,,,,,
TOOL_DISCARDED,282670,3/8/2023 9:57,5254234d-5334-44d0-a97b-d0e098c129a9,Hemostatic Gauze,999,"(1.9, 1.3, -3.8)",,,,,,,,,
TOOL_HOVER,282768,3/8/2023 9:57,5254234d-5334-44d0-a97b-d0e098c129a9,Hemostatic Gauze,1000,,,,,,,,,,
TOOL_HOVER,282786,3/8/2023 9:57,5254234d-5334-44d0-a97b-d0e098c129a9,Hemostatic Gauze,1000,,,,,,,,,,
TOOL_HOVER,282802,3/8/2023 9:57,5254234d-5334-44d0-a97b-d0e098c129a9,Hemostatic Gauze,1000,,,,,,,,,,
TOOL_HOVER,282818,3/8/2023 9:57,5254234d-5334-44d0-a97b-d0e098c129a9,Hemostatic Gauze,1000,,,,,,,,,,
TOOL_HOVER,282835,3/8/2023 9:57,5254234d-5334-44d0-a97b-d0e098c129a9,Hemostatic Gauze,1000,,,,,,,,,,
TOOL_HOVER,282853,3/8/2023 9:57,5254234d-5334-44d0-a97b-d0e098c129a9,Hemostatic Gauze,1000,,,,,,,,,,
TOOL_HOVER,282870,3/8/2023 9:57,5254234d-5334-44d0-a97b-d0e098c129a9,Hemostatic Gauze,1000,,,,,,,,,,
TOOL_HOVER,282884,3/8/2023 9:57,5254234d-5334-44d0-a97b-d0e098c129a9,Hemostatic Gauze,1000,,,,,,,,,,
TOOL_HOVER,282902,3/8/2023 9:57,5254234d-5334-44d0-a97b-d0e098c129a9,Hemostatic Gauze,1000,,,,,,,,,,
TOOL_HOVER,282924,3/8/2023 9:57,5254234d-5334-44d0-a97b-d0e098c129a9,Hemostatic Gauze,1000,,,,,,,,,,
TOOL_HOVER,282941,3/8/2023 9:57,5254234d-5334-44d0-a97b-d0e098c129a9,Hemostatic Gauze,1000,,,,,,,,,,
TOOL_HOVER,282958,3/8/2023 9:57,5254234d-5334-44d0-a97b-d0e098c129a9,Hemostatic Gauze,1000,,,,,,,,,,
TOOL_HOVER,282975,3/8/2023 9:57,5254234d-5334-44d0-a97b-d0e098c129a9,Hemostatic Gauze,1000,,,,,,,,,,
TOOL_HOVER,282991,3/8/2023 9:57,5254234d-5334-44d0-a97b-d0e098c129a9,Hemostatic Gauze,1000,,,,,,,,,,
TOOL_HOVER,283008,3/8/2023 9:57,5254234d-5334-44d0-a97b-d0e098c129a9,Hemostatic Gauze,1000,,,,,,,,,,
TOOL_HOVER,283024,3/8/2023 9:57,5254234d-5334-44d0-a97b-d0e098c129a9,Hemostatic Gauze,1000,,,,,,,,,,
TOOL_HOVER,283042,3/8/2023 9:57,5254234d-5334-44d0-a97b-d0e098c129a9,Hemostatic Gauze,1000,,,,,,,,,,
PULSE_TAKEN,285950,3/8/2023 9:57,5254234d-5334-44d0-a97b-d0e098c129a9,pulse_fast,Mike_2 Root,,,,,,,,,,
TAG_SELECTED,306355,3/8/2023 9:58,5254234d-5334-44d0-a97b-d0e098c129a9,yellow,,,,,,,,,,,
TAG_APPLIED,307323,3/8/2023 9:58,5254234d-5334-44d0-a97b-d0e098c129a9,Mike_2 Root,yellow,,,,,,,,,,
PULSE_TAKEN,312954,3/8/2023 9:58,5254234d-5334-44d0-a97b-d0e098c129a9,pulse_fast,Mike_2 Root,,,,,,,,,,
TAG_SELECTED,323604,3/8/2023 9:58,5254234d-5334-44d0-a97b-d0e098c129a9,red,,,,,,,,,,,
TAG_APPLIED,324497,3/8/2023 9:58,5254234d-5334-44d0-a97b-d0e098c129a9,Mike_2 Root,red,,,,,,,,,,
TAG_SELECTED,327581,3/8/2023 9:58,5254234d-5334-44d0-a97b-d0e098c129a9,gray,,,,,,,,,,,
TAG_DISCARDED,328663,3/8/2023 9:58,5254234d-5334-44d0-a97b-d0e098c129a9,gray,"(1.4, 0.7, -4.1)",,,,,,,,,,
BAG_CLOSED,335522,3/8/2023 9:58,5254234d-5334-44d0-a97b-d0e098c129a9,"(1.4, 0.6, -4.0)",,,,,,,,,,,
TELEPORT,335522,3/8/2023 9:58,5254234d-5334-44d0-a97b-d0e098c129a9,"(0.8, 0.0, -5.3)",,,,,,,,,,,
TELEPORT,339656,3/8/2023 9:58,5254234d-5334-44d0-a97b-d0e098c129a9,"(2.3, 0.0, -3.7)",,,,,,,,,,,
TELEPORT,340071,3/8/2023 9:58,5254234d-5334-44d0-a97b-d0e098c129a9,"(2.3, 0.0, -3.7)",,,,,,,,,,,
PATIENT_ENGAGED,340088,3/8/2023 9:58,5254234d-5334-44d0-a97b-d0e098c129a9,100,Infinity,Mike_0 Root,"(4.3, 0.0, -1.4)","(0.0, 0.6, 0.0, -0.8)",MINIMAL,walker,normal,normal,normal,upset,sittingGround
PULSE_TAKEN,342163,3/8/2023 9:58,5254234d-5334-44d0-a97b-d0e098c129a9,pulse_normal,Mike_0 Root,,,,,,,,,,
PULSE_TAKEN,343462,3/8/2023 9:58,5254234d-5334-44d0-a97b-d0e098c129a9,pulse_normal,Mike_0 Root,,,,,,,,,,
PULSE_TAKEN,343579,3/8/2023 9:58,5254234d-5334-44d0-a97b-d0e098c129a9,pulse_normal,Mike_0 Root,,,,,,,,,,
VOICE_CAPTURE,344177,3/8/2023 9:58,5254234d-5334-44d0-a97b-d0e098c129a9,are you hurt,NA,,,,,,,,,,
VOICE_COMMAND,344177,3/8/2023 9:58,5254234d-5334-44d0-a97b-d0e098c129a9,are you hurt,are you hurt,,,,,,,,,,
BAG_ACCESS,350335,3/8/2023 9:58,5254234d-5334-44d0-a97b-d0e098c129a9,"(3.9, 0.6, -1.8)",,,,,,,,,,,
TOOL_HOVER,351159,3/8/2023 9:58,5254234d-5334-44d0-a97b-d0e098c129a9,Gauze,999,,,,,,,,,,
TOOL_HOVER,351176,3/8/2023 9:58,5254234d-5334-44d0-a97b-d0e098c129a9,Gauze,999,,,,,,,,,,
TOOL_HOVER,351192,3/8/2023 9:58,5254234d-5334-44d0-a97b-d0e098c129a9,Gauze,999,,,,,,,,,,
TOOL_HOVER,351209,3/8/2023 9:58,5254234d-5334-44d0-a97b-d0e098c129a9,Gauze,999,,,,,,,,,,
TOOL_HOVER,351226,3/8/2023 9:58,5254234d-5334-44d0-a97b-d0e098c129a9,Gauze,999,,,,,,,,,,
TOOL_HOVER,351241,3/8/2023 9:58,5254234d-5334-44d0-a97b-d0e098c129a9,Gauze,999,,,,,,,,,,
TOOL_HOVER,351259,3/8/2023 9:58,5254234d-5334-44d0-a97b-d0e098c129a9,Gauze,999,,,,,,,,,,
TOOL_HOVER,351276,3/8/2023 9:58,5254234d-5334-44d0-a97b-d0e098c129a9,Gauze,999,,,,,,,,,,
TOOL_HOVER,351292,3/8/2023 9:58,5254234d-5334-44d0-a97b-d0e098c129a9,Gauze,999,,,,,,,,,,
TOOL_HOVER,351310,3/8/2023 9:58,5254234d-5334-44d0-a97b-d0e098c129a9,Gauze,999,,,,,,,,,,
TOOL_HOVER,351326,3/8/2023 9:58,5254234d-5334-44d0-a97b-d0e098c129a9,Gauze,999,,,,,,,,,,
TOOL_HOVER,351342,3/8/2023 9:58,5254234d-5334-44d0-a97b-d0e098c129a9,Gauze,999,,,,,,,,,,
TOOL_HOVER,351359,3/8/2023 9:58,5254234d-5334-44d0-a97b-d0e098c129a9,Gauze,999,,,,,,,,,,
TOOL_HOVER,351377,3/8/2023 9:58,5254234d-5334-44d0-a97b-d0e098c129a9,Gauze,999,,,,,,,,,,
TOOL_SELECTED,351378,3/8/2023 9:58,5254234d-5334-44d0-a97b-d0e098c129a9,Gauze,998,,,,,,,,,,
TOOL_DISCARDED,352598,3/8/2023 9:58,5254234d-5334-44d0-a97b-d0e098c129a9,Gauze,998,"(4.4, 0.4, -1.4)",,,,,,,,,
INJURY_TREATED,352599,3/8/2023 9:58,5254234d-5334-44d0-a97b-d0e098c129a9,R Forearm Laceration,Mike_0 Root,gauzePressure,low,rightArm,TRUE,FALSE,"(4.4, 0.5, -1.4)",,,,
TOOL_APPLIED,352599,3/8/2023 9:58,5254234d-5334-44d0-a97b-d0e098c129a9,Mike_0 Root,Gauze_Dressing,skinCollider_BodyCollideLOD (UnityEngine.GameObject),null,null,AppliedDressingGauze,,,,,,
PULSE_TAKEN,353114,3/8/2023 9:58,5254234d-5334-44d0-a97b-d0e098c129a9,pulse_normal,Mike_0 Root,,,,,,,,,,
TAG_SELECTED,355349,3/8/2023 9:58,5254234d-5334-44d0-a97b-d0e098c129a9,green,,,,,,,,,,,
TAG_APPLIED,356632,3/8/2023 9:58,5254234d-5334-44d0-a97b-d0e098c129a9,Mike_0 Root,green,,,,,,,,,,
TAG_SELECTED,358338,3/8/2023 9:58,5254234d-5334-44d0-a97b-d0e098c129a9,green,,,,,,,,,,,
TAG_DISCARDED,358890,3/8/2023 9:58,5254234d-5334-44d0-a97b-d0e098c129a9,green,"(3.6, 0.6, -2.3)",,,,,,,,,,
TAG_SELECTED,359424,3/8/2023 9:58,5254234d-5334-44d0-a97b-d0e098c129a9,green,,,,,,,,,,,
TAG_DISCARDED,359890,3/8/2023 9:58,5254234d-5334-44d0-a97b-d0e098c129a9,green,"(3.6, 0.6, -2.3)",,,,,,,,,,
SESSION_END,363448,3/8/2023 9:59,5254234d-5334-44d0-a97b-d0e098c129a9,,,,,,,,,,,,
BAG_CLOSED,366201,3/8/2023 9:59,5254234d-5334-44d0-a97b-d0e098c129a9,"(3.9, 0.6, -1.8)",,,,,,,,,,,
PATIENT_ENGAGED,367816,3/8/2023 9:59,5254234d-5334-44d0-a97b-d0e098c129a9,100,Infinity,Mike_2 Root,"(1.6, 0.0, -3.0)","(0.0, 0.5, 0.0, 0.8)",IMMEDIATE,walker,fast,normal,normal,upset,standing
TELEPORT,390024,3/8/2023 9:59,5254234d-5334-44d0-a97b-d0e098c129a9,"(2.3, 0.0, -3.5)",,,,,,,,,,,
PATIENT_DEMOTED,534568,3/8/2023 10:01,5254234d-5334-44d0-a97b-d0e098c129a9,100,Infinity,Bob_0 Root,"(-1.4, 0.0, 5.6)","(0.0, 0.7, 0.0, 0.7)",EXPECTANT,still,faint,restricted,none,unresponsive,supine
PATIENT_DEMOTED,534771,3/8/2023 10:01,5254234d-5334-44d0-a97b-d0e098c129a9,100,Infinity,Bob_0 Root,"(-1.5, 0.0, 5.6)","(0.0, 0.7, 0.0, 0.7)",DEAD,still,none,none,none,dead,supine
PATIENT_DEMOTED,534904,3/8/2023 10:01,5254234d-5334-44d0-a97b-d0e098c129a9,100,Infinity,Gary_1 Root,"(1.7, 0.0, 7.4)","(0.0, 1.0, 0.0, 0.0)",EXPECTANT,still,faint,restricted,none,unresponsive,supine
PATIENT_DEMOTED,535647,3/8/2023 10:01,5254234d-5334-44d0-a97b-d0e098c129a9,100,Infinity,Lily_2 Root,"(2.8, 0.0, 4.3)","(0.0, 1.0, 0.0, 0.0)",IMMEDIATE,waver,fast,fast,normal,agony,fetal
PATIENT_DEMOTED,536305,3/8/2023 10:01,5254234d-5334-44d0-a97b-d0e098c129a9,100,0,Gary_3 Root,"(0.3, 0.0, 1.6)","(0.0, 0.0, 0.0, 1.0)",IMMEDIATE,still,faint,collapsedRight,normal,unresponsive,supine
PATIENT_DEMOTED,536889,3/8/2023 10:01,5254234d-5334-44d0-a97b-d0e098c129a9,100,Infinity,Lily_4 Root,"(1.2, 0.0, 6.3)","(0.0, 1.0, 0.0, 0.0)",IMMEDIATE,waver,fast,normal,normal,upset,fetal
PATIENT_DEMOTED,537717,3/8/2023 10:01,5254234d-5334-44d0-a97b-d0e098c129a9,100,Infinity,Mike_5 Root,"(2.4, 0.0, 2.3)","(0.0, 1.0, 0.0, 0.0)",IMMEDIATE,waver,fast,normal,normal,upset,fetal
PATIENT_DEMOTED,538271,3/8/2023 10:01,5254234d-5334-44d0-a97b-d0e098c129a9,100,Infinity,Gloria_6 Root,"(-1.0, 0.0, 2.9)","(0.0, 0.4, 0.0, 0.9)",DELAYED,waver,fast,normal,normal,upset,fetal
PATIENT_DEMOTED,538984,3/8/2023 10:01,5254234d-5334-44d0-a97b-d0e098c129a9,100,Infinity,Mike_7 Root,"(1.7, 0.0, 3.9)","(0.0, 0.1, 0.0, 1.0)",IMMEDIATE,waver,fast,normal,normal,upset,sittingGround
PATIENT_DEMOTED,539358,3/8/2023 10:01,5254234d-5334-44d0-a97b-d0e098c129a9,100,Infinity,Mike_7 Root,"(1.0, 0.0, 3.7)","(0.0, 0.1, 0.0, 1.0)",DELAYED,waver,fast,normal,normal,upset,sittingGround
SESSION_START,542327,3/8/2023 10:02,5254234d-5334-44d0-a97b-d0e098c129a9,,,,,,,,,,,,
PATIENT_RECORD,542327,3/8/2023 10:02,5254234d-5334-44d0-a97b-d0e098c129a9,100,Infinity,Bob_0 Root,"(-1.7, 0.0, 5.7)","(0.0, 0.7, 0.0, 0.7)",DEAD,still,none,none,none,dead,supine
INJURY_RECORD,542327,3/8/2023 10:02,5254234d-5334-44d0-a97b-d0e098c129a9,Face Shrapnel,Bob_0 Root,airway,high,head,FALSE,FALSE,"(-1.6, 1.7, 5.6)",,,,
INJURY_RECORD,542328,3/8/2023 10:02,5254234d-5334-44d0-a97b-d0e098c129a9,L Wrist Amputation,Bob_0 Root,tourniquet,high,leftArm,FALSE,FALSE,"(-1.8, 1.4, 6.3)",,,,
INJURY_RECORD,542328,3/8/2023 10:02,5254234d-5334-44d0-a97b-d0e098c129a9,L Chest Collapse,Bob_0 Root,decompress,high,chest,FALSE,FALSE,"(0.0, 0.0, 0.0)",,,,
INJURY_RECORD,542328,3/8/2023 10:02,5254234d-5334-44d0-a97b-d0e098c129a9,L Stomach Puncture,Bob_0 Root,woundpack,high,abdomen,FALSE,FALSE,"(-1.6, 1.1, 5.7)",,,,
INJURY_RECORD,542328,3/8/2023 10:02,5254234d-5334-44d0-a97b-d0e098c129a9,R Shin Amputation,Bob_0 Root,tourniquet,high,rightLeg,FALSE,FALSE,"(-1.7, 0.4, 5.6)",,,,
INJURY_RECORD,542328,3/8/2023 10:02,5254234d-5334-44d0-a97b-d0e098c129a9,L Thigh Laceration,Bob_0 Root,tourniquet,medium,leftLeg,FALSE,FALSE,"(-1.6, 0.7, 5.8)",,,,
PATIENT_RECORD,542328,3/8/2023 10:02,5254234d-5334-44d0-a97b-d0e098c129a9,100,Infinity,Gary_1 Root,"(1.6, 0.0, 7.6)","(0.0, 1.0, 0.0, 0.0)",EXPECTANT,still,none,restricted,none,unresponsive,supine
INJURY_RECORD,542328,3/8/2023 10:02,5254234d-5334-44d0-a97b-d0e098c129a9,Face Shrapnel,Gary_1 Root,airway,high,head,FALSE,FALSE,"(1.6, 1.7, 7.6)",,,,
PATIENT_RECORD,542328,3/8/2023 10:02,5254234d-5334-44d0-a97b-d0e098c129a9,100,Infinity,Lily_2 Root,"(3.0, 0.0, 4.5)","(0.0, 1.0, 0.0, 0.0)",IMMEDIATE,waver,fast,fast,normal,agony,fetal
INJURY_RECORD,542328,3/8/2023 10:02,5254234d-5334-44d0-a97b-d0e098c129a9,R Shin Amputation,Lily_2 Root,tourniquet,high,rightLeg,FALSE,FALSE,"(2.9, 0.4, 4.5)",,,,
PATIENT_RECORD,542328,3/8/2023 10:02,5254234d-5334-44d0-a97b-d0e098c129a9,100,0,Gary_3 Root,"(0.4, 0.0, 1.7)","(0.0, 0.0, 0.0, 1.0)",IMMEDIATE,still,faint,collapsedRight,normal,unresponsive,supine
INJURY_RECORD,542328,3/8/2023 10:02,5254234d-5334-44d0-a97b-d0e098c129a9,R Chest Collapse,Gary_3 Root,decompress,high,chest,FALSE,FALSE,"(0.0, 0.0, 0.0)",,,,
PATIENT_RECORD,542328,3/8/2023 10:02,5254234d-5334-44d0-a97b-d0e098c129a9,100,Infinity,Lily_4 Root,"(1.2, 0.0, 6.2)","(0.0, 1.0, 0.0, 0.0)",IMMEDIATE,waver,fast,normal,normal,upset,fetal
INJURY_RECORD,542328,3/8/2023 10:02,5254234d-5334-44d0-a97b-d0e098c129a9,L Side Puncture,Lily_4 Root,woundpack,medium,abdomen,FALSE,FALSE,"(1.3, 1.0, 6.2)",,,,
PATIENT_RECORD,542328,3/8/2023 10:02,5254234d-5334-44d0-a97b-d0e098c129a9,100,Infinity,Mike_5 Root,"(2.7, 0.0, 2.3)","(0.0, 1.0, 0.0, 0.0)",IMMEDIATE,waver,fast,normal,normal,upset,fetal
INJURY_RECORD,542328,3/8/2023 10:02,5254234d-5334-44d0-a97b-d0e098c129a9,R Side Puncture,Mike_5 Root,woundpack,medium,abdomen,FALSE,FALSE,"(2.6, 1.1, 2.2)",,,,
INJURY_RECORD,542328,3/8/2023 10:02,5254234d-5334-44d0-a97b-d0e098c129a9,R Thigh Laceration,Mike_5 Root,tourniquet,medium,rightLeg,FALSE,FALSE,"(2.5, 0.6, 2.2)",,,,
PATIENT_RECORD,542328,3/8/2023 10:02,5254234d-5334-44d0-a97b-d0e098c129a9,100,Infinity,Gloria_6 Root,"(-1.2, 0.0, 3.1)","(0.0, 0.4, 0.0, 0.9)",DELAYED,waver,fast,normal,normal,upset,fetal
INJURY_RECORD,542328,3/8/2023 10:02,5254234d-5334-44d0-a97b-d0e098c129a9,R Calf Shrapnel,Gloria_6 Root,gauzePressure,medium,rightLeg,FALSE,FALSE,"(-1.1, 0.3, 3.0)",,,,
PATIENT_RECORD,542328,3/8/2023 10:02,5254234d-5334-44d0-a97b-d0e098c129a9,100,Infinity,Mike_7 Root,"(1.3, 0.0, 3.4)","(0.0, 0.1, 0.0, 1.0)",DELAYED,waver,fast,normal,normal,upset,sittingGround
INJURY_RECORD,542328,3/8/2023 10:02,5254234d-5334-44d0-a97b-d0e098c129a9,L Thigh Puncture,Mike_7 Root,tourniquet,medium,leftLeg,FALSE,FALSE,"(1.3, 0.6, 3.5)",,,,
INJURY_RECORD,542328,3/8/2023 10:02,5254234d-5334-44d0-a97b-d0e098c129a9,R Calf Laceration,Mike_7 Root,gauzePressure,low,rightLeg,FALSE,FALSE,"(1.4, 0.3, 3.4)",,,,
PATIENT_RECORD,542328,3/8/2023 10:02,5254234d-5334-44d0-a97b-d0e098c129a9,100,Infinity,Gloria_8 Root,"(3.7, 0.0, 6.0)","(0.0, 1.0, 0.0, 0.0)",MINIMAL,walker,normal,normal,normal,upset,sittingGround
INJURY_RECORD,542328,3/8/2023 10:02,5254234d-5334-44d0-a97b-d0e098c129a9,L Forearm Laceration,Gloria_8 Root,gauzePressure,low,leftArm,FALSE,FALSE,"(4.2, 1.3, 6.0)",,,,
PATIENT_RECORD,542328,3/8/2023 10:02,5254234d-5334-44d0-a97b-d0e098c129a9,100,0,Gary_9 Root,"(3.5, 0.0, 9.5)","(0.0, 1.0, 0.0, 0.0)",MINIMAL,walker,normal,normal,limited,calm,standing
INJURY_RECORD,542328,3/8/2023 10:02,5254234d-5334-44d0-a97b-d0e098c129a9,Ear Bleed,Gary_9 Root,none,low,head,FALSE,FALSE,"(0.0, 0.0, 0.0)",,,,
PATIENT_RECORD,542328,3/8/2023 10:02,5254234d-5334-44d0-a97b-d0e098c129a9,100,Infinity,Helga_10 Root,"(3.9, 0.0, 8.0)","(0.0, 1.0, 0.0, 0.0)",MINIMAL,walker,normal,normal,normal,calm,sittingGround
INJURY_RECORD,542328,3/8/2023 10:02,5254234d-5334-44d0-a97b-d0e098c129a9,Forehead Scrape,Helga_10 Root,none,low,head,FALSE,FALSE,"(4.0, 1.5, 7.9)",,,,
VOICE_CAPTURE,548555,3/8/2023 10:02,5254234d-5334-44d0-a97b-d0e098c129a9,wave,NA,,,,,,,,,,
VOICE_COMMAND,548555,3/8/2023 10:02,5254234d-5334-44d0-a97b-d0e098c129a9,wave if you can,wave,,,,,,,,,,
S_A_L_T_WAVE_IF_CAN,548555,3/8/2023 10:02,5254234d-5334-44d0-a97b-d0e098c129a9,"(3.0, 0.0, 4.5)",waveIfCan,Lily_2 Root,,,,,,,,,
S_A_L_T_WAVED,548555,3/8/2023 10:02,5254234d-5334-44d0-a97b-d0e098c129a9,"(3.0, 0.0, 4.5)",waved,Lily_2 Root,,,,,,,,,
S_A_L_T_WAVE_IF_CAN,548555,3/8/2023 10:02,5254234d-5334-44d0-a97b-d0e098c129a9,"(1.2, 0.0, 6.2)",waveIfCan,Lily_4 Root,,,,,,,,,
S_A_L_T_WAVED,548555,3/8/2023 10:02,5254234d-5334-44d0-a97b-d0e098c129a9,"(1.2, 0.0, 6.2)",waved,Lily_4 Root,,,,,,,,,
S_A_L_T_WAVE_IF_CAN,548555,3/8/2023 10:02,5254234d-5334-44d0-a97b-d0e098c129a9,"(2.7, 0.0, 2.3)",waveIfCan,Mike_5 Root,,,,,,,,,
S_A_L_T_WAVED,548555,3/8/2023 10:02,5254234d-5334-44d0-a97b-d0e098c129a9,"(2.7, 0.0, 2.3)",waved,Mike_5 Root,,,,,,,,,
S_A_L_T_WAVE_IF_CAN,548555,3/8/2023 10:02,5254234d-5334-44d0-a97b-d0e098c129a9,"(-1.2, 0.0, 3.1)",waveIfCan,Gloria_6 Root,,,,,,,,,
S_A_L_T_WAVED,548555,3/8/2023 10:02,5254234d-5334-44d0-a97b-d0e098c129a9,"(-1.2, 0.0, 3.1)",waved,Gloria_6 Root,,,,,,,,,
S_A_L_T_WAVE_IF_CAN,548556,3/8/2023 10:02,5254234d-5334-44d0-a97b-d0e098c129a9,"(1.3, 0.0, 3.4)",waveIfCan,Mike_7 Root,,,,,,,,,
S_A_L_T_WAVED,548556,3/8/2023 10:02,5254234d-5334-44d0-a97b-d0e098c129a9,"(1.3, 0.0, 3.4)",waved,Mike_7 Root,,,,,,,,,
S_A_L_T_WAVE_IF_CAN,548556,3/8/2023 10:02,5254234d-5334-44d0-a97b-d0e098c129a9,"(3.7, 0.0, 6.0)",waveIfCan,Gloria_8 Root,,,,,,,,,
S_A_L_T_WAVED,548556,3/8/2023 10:02,5254234d-5334-44d0-a97b-d0e098c129a9,"(3.7, 0.0, 6.0)",waved,Gloria_8 Root,,,,,,,,,
S_A_L_T_WAVE_IF_CAN,548556,3/8/2023 10:02,5254234d-5334-44d0-a97b-d0e098c129a9,"(3.9, 0.0, 8.0)",waveIfCan,Helga_10 Root,,,,,,,,,
S_A_L_T_WAVED,548556,3/8/2023 10:02,5254234d-5334-44d0-a97b-d0e098c129a9,"(3.9, 0.0, 8.0)",waved,Helga_10 Root,,,,,,,,,
VOICE_CAPTURE,554083,3/8/2023 10:02,5254234d-5334-44d0-a97b-d0e098c129a9,walk,NA,,,,,,,,,,
VOICE_COMMAND,554083,3/8/2023 10:02,5254234d-5334-44d0-a97b-d0e098c129a9,walk to the safe area,walk,,,,,,,,,,
S_A_L_T_WALK_IF_CAN,554083,3/8/2023 10:02,5254234d-5334-44d0-a97b-d0e098c129a9,"(3.0, 0.0, 4.5)",walkIfCan,Lily_2 Root,,,,,,,,,
S_A_L_T_WALK_IF_CAN,554083,3/8/2023 10:02,5254234d-5334-44d0-a97b-d0e098c129a9,"(1.2, 0.0, 6.2)",walkIfCan,Lily_4 Root,,,,,,,,,
S_A_L_T_WALK_IF_CAN,554084,3/8/2023 10:02,5254234d-5334-44d0-a97b-d0e098c129a9,"(2.7, 0.0, 2.3)",walkIfCan,Mike_5 Root,,,,,,,,,
S_A_L_T_WALK_IF_CAN,554084,3/8/2023 10:02,5254234d-5334-44d0-a97b-d0e098c129a9,"(-1.2, 0.0, 3.1)",walkIfCan,Gloria_6 Root,,,,,,,,,
S_A_L_T_WALK_IF_CAN,554084,3/8/2023 10:02,5254234d-5334-44d0-a97b-d0e098c129a9,"(1.3, 0.0, 3.4)",walkIfCan,Mike_7 Root,,,,,,,,,
S_A_L_T_WALK_IF_CAN,554084,3/8/2023 10:02,5254234d-5334-44d0-a97b-d0e098c129a9,"(3.7, 0.0, 6.0)",walkIfCan,Gloria_8 Root,,,,,,,,,
S_A_L_T_WALKED,554084,3/8/2023 10:02,5254234d-5334-44d0-a97b-d0e098c129a9,"(3.7, 0.0, 6.0)",walked,Gloria_8 Root,,,,,,,,,
S_A_L_T_WALK_IF_CAN,554084,3/8/2023 10:02,5254234d-5334-44d0-a97b-d0e098c129a9,"(3.9, 0.0, 8.0)",walkIfCan,Helga_10 Root,,,,,,,,,
S_A_L_T_WALKED,554084,3/8/2023 10:02,5254234d-5334-44d0-a97b-d0e098c129a9,"(3.9, 0.0, 8.0)",walked,Helga_10 Root,,,,,,,,,
VOICE_CAPTURE,560648,3/8/2023 10:02,5254234d-5334-44d0-a97b-d0e098c129a9,wave,NA,,,,,,,,,,
VOICE_COMMAND,560648,3/8/2023 10:02,5254234d-5334-44d0-a97b-d0e098c129a9,wave if you can,wave,,,,,,,,,,
S_A_L_T_WAVE_IF_CAN,560648,3/8/2023 10:02,5254234d-5334-44d0-a97b-d0e098c129a9,"(3.0, 0.0, 4.5)",waveIfCan,Lily_2 Root,,,,,,,,,
S_A_L_T_WAVED,560648,3/8/2023 10:02,5254234d-5334-44d0-a97b-d0e098c129a9,"(3.0, 0.0, 4.5)",waved,Lily_2 Root,,,,,,,,,
S_A_L_T_WAVE_IF_CAN,560648,3/8/2023 10:02,5254234d-5334-44d0-a97b-d0e098c129a9,"(1.2, 0.0, 6.2)",waveIfCan,Lily_4 Root,,,,,,,,,
S_A_L_T_WAVED,560648,3/8/2023 10:02,5254234d-5334-44d0-a97b-d0e098c129a9,"(1.2, 0.0, 6.2)",waved,Lily_4 Root,,,,,,,,,
S_A_L_T_WAVE_IF_CAN,560648,3/8/2023 10:02,5254234d-5334-44d0-a97b-d0e098c129a9,"(2.7, 0.0, 2.3)",waveIfCan,Mike_5 Root,,,,,,,,,
S_A_L_T_WAVED,560648,3/8/2023 10:02,5254234d-5334-44d0-a97b-d0e098c129a9,"(2.7, 0.0, 2.3)",waved,Mike_5 Root,,,,,,,,,
S_A_L_T_WAVE_IF_CAN,560648,3/8/2023 10:02,5254234d-5334-44d0-a97b-d0e098c129a9,"(-1.2, 0.0, 3.1)",waveIfCan,Gloria_6 Root,,,,,,,,,
S_A_L_T_WAVED,560648,3/8/2023 10:02,5254234d-5334-44d0-a97b-d0e098c129a9,"(-1.2, 0.0, 3.1)",waved,Gloria_6 Root,,,,,,,,,
S_A_L_T_WAVE_IF_CAN,560649,3/8/2023 10:02,5254234d-5334-44d0-a97b-d0e098c129a9,"(1.3, 0.0, 3.4)",waveIfCan,Mike_7 Root,,,,,,,,,
S_A_L_T_WAVED,560649,3/8/2023 10:02,5254234d-5334-44d0-a97b-d0e098c129a9,"(1.3, 0.0, 3.4)",waved,Mike_7 Root,,,,,,,,,
S_A_L_T_WAVE_IF_CAN,560649,3/8/2023 10:02,5254234d-5334-44d0-a97b-d0e098c129a9,"(3.9, 0.0, 1.3)",waveIfCan,Gloria_8 Root,,,,,,,,,
S_A_L_T_WAVE_IF_CAN,560649,3/8/2023 10:02,5254234d-5334-44d0-a97b-d0e098c129a9,"(4.3, 0.0, 2.8)",waveIfCan,Helga_10 Root,,,,,,,,,
S_A_L_T_WALK_IF_CAN,560664,3/8/2023 10:02,5254234d-5334-44d0-a97b-d0e098c129a9,"(3.0, 0.0, 4.5)",walkIfCan,Lily_2 Root,,,,,,,,,
S_A_L_T_WALK_IF_CAN,560665,3/8/2023 10:02,5254234d-5334-44d0-a97b-d0e098c129a9,"(2.7, 0.0, 2.3)",walkIfCan,Mike_5 Root,,,,,,,,,
S_A_L_T_WALK_IF_CAN,560665,3/8/2023 10:02,5254234d-5334-44d0-a97b-d0e098c129a9,"(1.3, 0.0, 3.4)",walkIfCan,Mike_7 Root,,,,,,,,,
S_A_L_T_WALK_IF_CAN,560665,3/8/2023 10:02,5254234d-5334-44d0-a97b-d0e098c129a9,"(3.9, 0.0, 1.3)",walkIfCan,Gloria_8 Root,,,,,,,,,
S_A_L_T_WALKED,560665,3/8/2023 10:02,5254234d-5334-44d0-a97b-d0e098c129a9,"(3.9, 0.0, 1.3)",walked,Gloria_8 Root,,,,,,,,,
S_A_L_T_WALK_IF_CAN,560665,3/8/2023 10:02,5254234d-5334-44d0-a97b-d0e098c129a9,"(4.3, 0.0, 2.8)",walkIfCan,Helga_10 Root,,,,,,,,,
S_A_L_T_WALKED,560665,3/8/2023 10:02,5254234d-5334-44d0-a97b-d0e098c129a9,"(4.3, 0.0, 2.8)",walked,Helga_10 Root,,,,,,,,,
TELEPORT,562580,3/8/2023 10:02,5254234d-5334-44d0-a97b-d0e098c129a9,"(0.8, 0.0, -2.3)",,,,,,,,,,,
TELEPORT,562963,3/8/2023 10:02,5254234d-5334-44d0-a97b-d0e098c129a9,"(0.7, 0.0, -2.3)",,,,,,,,,,,
PATIENT_ENGAGED,565580,3/8/2023 10:02,5254234d-5334-44d0-a97b-d0e098c129a9,100,0,Gary_3 Root,"(0.4, 0.0, 1.7)","(0.0, 0.0, 0.0, 1.0)",IMMEDIATE,still,faint,collapsedRight,normal,unresponsive,supine
PULSE_TAKEN,567417,3/8/2023 10:02,5254234d-5334-44d0-a97b-d0e098c129a9,pulse_faint,Gary_3 Root,,,,,,,,,,
PULSE_TAKEN,573099,3/8/2023 10:02,5254234d-5334-44d0-a97b-d0e098c129a9,pulse_faint,Gary_3 Root,,,,,,,,,,
PULSE_TAKEN,588321,3/8/2023 10:02,5254234d-5334-44d0-a97b-d0e098c129a9,pulse_faint,Gary_3 Root,,,,,,,,,,
BAG_ACCESS,590654,3/8/2023 10:02,5254234d-5334-44d0-a97b-d0e098c129a9,"(0.7, 0.6, 0.7)",,,,,,,,,,,
TOOL_HOVER,591155,3/8/2023 10:02,5254234d-5334-44d0-a97b-d0e098c129a9,Hemostatic Gauze,1000,,,,,,,,,,
TOOL_HOVER,591173,3/8/2023 10:02,5254234d-5334-44d0-a97b-d0e098c129a9,Hemostatic Gauze,1000,,,,,,,,,,
TOOL_HOVER,591186,3/8/2023 10:02,5254234d-5334-44d0-a97b-d0e098c129a9,Hemostatic Gauze,1000,,,,,,,,,,
TOOL_HOVER,591203,3/8/2023 10:02,5254234d-5334-44d0-a97b-d0e098c129a9,Hemostatic Gauze,1000,,,,,,,,,,
TOOL_HOVER,591222,3/8/2023 10:02,5254234d-5334-44d0-a97b-d0e098c129a9,Hemostatic Gauze,1000,,,,,,,,,,
TOOL_HOVER,591237,3/8/2023 10:02,5254234d-5334-44d0-a97b-d0e098c129a9,Hemostatic Gauze,1000,,,,,,,,,,
TOOL_HOVER,591354,3/8/2023 10:02,5254234d-5334-44d0-a97b-d0e098c129a9,Needle,998,,,,,,,,,,
TOOL_HOVER,591372,3/8/2023 10:02,5254234d-5334-44d0-a97b-d0e098c129a9,Needle,998,,,,,,,,,,
TOOL_HOVER,591388,3/8/2023 10:02,5254234d-5334-44d0-a97b-d0e098c129a9,Needle,998,,,,,,,,,,
TOOL_HOVER,591405,3/8/2023 10:02,5254234d-5334-44d0-a97b-d0e098c129a9,Needle,998,,,,,,,,,,
TOOL_HOVER,591421,3/8/2023 10:02,5254234d-5334-44d0-a97b-d0e098c129a9,Needle,998,,,,,,,,,,
TOOL_HOVER,591439,3/8/2023 10:02,5254234d-5334-44d0-a97b-d0e098c129a9,Needle,998,,,,,,,,,,
TOOL_HOVER,591454,3/8/2023 10:02,5254234d-5334-44d0-a97b-d0e098c129a9,Needle,998,,,,,,,,,,
TOOL_SELECTED,591455,3/8/2023 10:02,5254234d-5334-44d0-a97b-d0e098c129a9,Needle,997,,,,,,,,,,
TOOL_HOVER,599360,3/8/2023 10:02,5254234d-5334-44d0-a97b-d0e098c129a9,Needle,997,,,,,,,,,,
TOOL_HOVER,599377,3/8/2023 10:02,5254234d-5334-44d0-a97b-d0e098c129a9,Needle,997,,,,,,,,,,
TOOL_HOVER,599393,3/8/2023 10:02,5254234d-5334-44d0-a97b-d0e098c129a9,Needle,997,,,,,,,,,,
TOOL_SELECTED,599394,3/8/2023 10:02,5254234d-5334-44d0-a97b-d0e098c129a9,Needle,996,,,,,,,,,,
TOOL_HOVER,604953,3/8/2023 10:03,5254234d-5334-44d0-a97b-d0e098c129a9,Needle,996,,,,,,,,,,
TOOL_HOVER,604963,3/8/2023 10:03,5254234d-5334-44d0-a97b-d0e098c129a9,Needle,996,,,,,,,,,,
TOOL_HOVER,604974,3/8/2023 10:03,5254234d-5334-44d0-a97b-d0e098c129a9,Needle,996,,,,,,,,,,
TOOL_HOVER,604985,3/8/2023 10:03,5254234d-5334-44d0-a97b-d0e098c129a9,Needle,996,,,,,,,,,,
TOOL_HOVER,604995,3/8/2023 10:03,5254234d-5334-44d0-a97b-d0e098c129a9,Needle,996,,,,,,,,,,
TOOL_HOVER,605007,3/8/2023 10:03,5254234d-5334-44d0-a97b-d0e098c129a9,Needle,996,,,,,,,,,,
TOOL_HOVER,605019,3/8/2023 10:03,5254234d-5334-44d0-a97b-d0e098c129a9,Needle,996,,,,,,,,,,
TOOL_HOVER,605036,3/8/2023 10:03,5254234d-5334-44d0-a97b-d0e098c129a9,Needle,996,,,,,,,,,,
TOOL_HOVER,605052,3/8/2023 10:03,5254234d-5334-44d0-a97b-d0e098c129a9,Tourniquet,998,,,,,,,,,,
TOOL_HOVER,605068,3/8/2023 10:03,5254234d-5334-44d0-a97b-d0e098c129a9,Tourniquet,998,,,,,,,,,,
TOOL_HOVER,605084,3/8/2023 10:03,5254234d-5334-44d0-a97b-d0e098c129a9,Tourniquet,998,,,,,,,,,,
TOOL_HOVER,605101,3/8/2023 10:03,5254234d-5334-44d0-a97b-d0e098c129a9,Tourniquet,998,,,,,,,,,,
TOOL_HOVER,605119,3/8/2023 10:03,5254234d-5334-44d0-a97b-d0e098c129a9,Tourniquet,998,,,,,,,,,,
TOOL_HOVER,605135,3/8/2023 10:03,5254234d-5334-44d0-a97b-d0e098c129a9,Tourniquet,998,,,,,,,,,,
TOOL_HOVER,605151,3/8/2023 10:03,5254234d-5334-44d0-a97b-d0e098c129a9,Tourniquet,998,,,,,,,,,,
TOOL_HOVER,605259,3/8/2023 10:03,5254234d-5334-44d0-a97b-d0e098c129a9,Tourniquet,998,,,,,,,,,,
TOOL_HOVER,605269,3/8/2023 10:03,5254234d-5334-44d0-a97b-d0e098c129a9,Tourniquet,998,,,,,,,,,,
TOOL_HOVER,605282,3/8/2023 10:03,5254234d-5334-44d0-a97b-d0e098c129a9,Tourniquet,998,,,,,,,,,,
TOOL_HOVER,605299,3/8/2023 10:03,5254234d-5334-44d0-a97b-d0e098c129a9,Tourniquet,998,,,,,,,,,,
TOOL_HOVER,605315,3/8/2023 10:03,5254234d-5334-44d0-a97b-d0e098c129a9,Tourniquet,998,,,,,,,,,,
TOOL_HOVER,605332,3/8/2023 10:03,5254234d-5334-44d0-a97b-d0e098c129a9,Tourniquet,998,,,,,,,,,,
TOOL_HOVER,606749,3/8/2023 10:03,5254234d-5334-44d0-a97b-d0e098c129a9,Needle,996,,,,,,,,,,
TOOL_HOVER,606765,3/8/2023 10:03,5254234d-5334-44d0-a97b-d0e098c129a9,Needle,996,,,,,,,,,,
TOOL_HOVER,606781,3/8/2023 10:03,5254234d-5334-44d0-a97b-d0e098c129a9,Needle,996,,,,,,,,,,
TOOL_HOVER,606798,3/8/2023 10:03,5254234d-5334-44d0-a97b-d0e098c129a9,Needle,996,,,,,,,,,,
TOOL_HOVER,606816,3/8/2023 10:03,5254234d-5334-44d0-a97b-d0e098c129a9,Needle,996,,,,,,,,,,
TOOL_HOVER,606833,3/8/2023 10:03,5254234d-5334-44d0-a97b-d0e098c129a9,Needle,996,,,,,,,,,,
TOOL_HOVER,606849,3/8/2023 10:03,5254234d-5334-44d0-a97b-d0e098c129a9,Needle,996,,,,,,,,,,
TOOL_HOVER,606866,3/8/2023 10:03,5254234d-5334-44d0-a97b-d0e098c129a9,Needle,996,,,,,,,,,,
TOOL_HOVER,606882,3/8/2023 10:03,5254234d-5334-44d0-a97b-d0e098c129a9,Needle,996,,,,,,,,,,
TOOL_HOVER,606898,3/8/2023 10:03,5254234d-5334-44d0-a97b-d0e098c129a9,Needle,996,,,,,,,,,,
TOOL_HOVER,606915,3/8/2023 10:03,5254234d-5334-44d0-a97b-d0e098c129a9,Needle,996,,,,,,,,,,
TOOL_HOVER,606932,3/8/2023 10:03,5254234d-5334-44d0-a97b-d0e098c129a9,Needle,996,,,,,,,,,,
TOOL_HOVER,606948,3/8/2023 10:03,5254234d-5334-44d0-a97b-d0e098c129a9,Needle,996,,,,,,,,,,
TOOL_HOVER,606965,3/8/2023 10:03,5254234d-5334-44d0-a97b-d0e098c129a9,Needle,996,,,,,,,,,,
TOOL_HOVER,606984,3/8/2023 10:03,5254234d-5334-44d0-a97b-d0e098c129a9,Needle,996,,,,,,,,,,
TOOL_HOVER,607000,3/8/2023 10:03,5254234d-5334-44d0-a97b-d0e098c129a9,Needle,996,,,,,,,,,,
TOOL_HOVER,607017,3/8/2023 10:03,5254234d-5334-44d0-a97b-d0e098c129a9,Needle,996,,,,,,,,,,
TOOL_HOVER,607033,3/8/2023 10:03,5254234d-5334-44d0-a97b-d0e098c129a9,Needle,996,,,,,,,,,,
TOOL_HOVER,607049,3/8/2023 10:03,5254234d-5334-44d0-a97b-d0e098c129a9,Needle,996,,,,,,,,,,
TOOL_HOVER,607066,3/8/2023 10:03,5254234d-5334-44d0-a97b-d0e098c129a9,Needle,996,,,,,,,,,,
TOOL_HOVER,607083,3/8/2023 10:03,5254234d-5334-44d0-a97b-d0e098c129a9,Needle,996,,,,,,,,,,
TOOL_HOVER,607100,3/8/2023 10:03,5254234d-5334-44d0-a97b-d0e098c129a9,Needle,996,,,,,,,,,,
TOOL_HOVER,607117,3/8/2023 10:03,5254234d-5334-44d0-a97b-d0e098c129a9,Needle,996,,,,,,,,,,
TOOL_HOVER,607134,3/8/2023 10:03,5254234d-5334-44d0-a97b-d0e098c129a9,Needle,996,,,,,,,,,,
TOOL_SELECTED,607135,3/8/2023 10:03,5254234d-5334-44d0-a97b-d0e098c129a9,Needle,995,,,,,,,,,,
INJURY_TREATED,616673,3/8/2023 10:03,5254234d-5334-44d0-a97b-d0e098c129a9,R Chest Collapse,Gary_3 Root,decompress,high,chest,TRUE,FALSE,"(0.0, 0.0, 0.0)",,,,
TOOL_APPLIED,616673,3/8/2023 10:03,5254234d-5334-44d0-a97b-d0e098c129a9,Needle_Decomp(Clone),Needle,RChest_Breathe1 (UnityEngine.GameObject),cath_needle (UnityEngine.GameObject),left_underarm,Needle_Decomp(Clone) (UnityEngine.GameObject),AppliedDecompNeedle,,,,,
PULSE_TAKEN,616794,3/8/2023 10:03,5254234d-5334-44d0-a97b-d0e098c129a9,pulse_faint,Gary_3 Root,,,,,,,,,,
PULSE_TAKEN,620196,3/8/2023 10:03,5254234d-5334-44d0-a97b-d0e098c129a9,pulse_faint,Gary_3 Root,,,,,,,,,,
PULSE_TAKEN,621072,3/8/2023 10:03,5254234d-5334-44d0-a97b-d0e098c129a9,pulse_faint,Gary_3 Root,,,,,,,,,,
PULSE_TAKEN,621453,3/8/2023 10:03,5254234d-5334-44d0-a97b-d0e098c129a9,pulse_faint,Gary_3 Root,,,,,,,,,,
TAG_SELECTED,625388,3/8/2023 10:03,5254234d-5334-44d0-a97b-d0e098c129a9,red,,,,,,,,,,,
TAG_APPLIED,627362,3/8/2023 10:03,5254234d-5334-44d0-a97b-d0e098c129a9,Gary_3 Root,red,,,,,,,,,,
