PATIENT_DEMOTED,9014,6/23/2023 10:11,a118a19a-0126-48ea-9d7b-7762f8e99926,100,Infinity,Mike_1 Root,"(2.6, 0.0, 0.1)","(0.0, 0.7, 0.0, -0.7)",DELAYED,waver,normal,normal,normal,upset,recovery
PATIENT_DEMOTED,9675,6/23/2023 10:11,a118a19a-0126-48ea-9d7b-7762f8e99926,100,Infinity,Mike_2 Root,"(2.6, 0.0, 2.4)","(0.0, 0.7, 0.0, -0.7)",IMMEDIATE,walker,fast,normal,normal,upset,sittingGround
VOICE_CAPTURE,10215,6/23/2023 10:11,a118a19a-0126-48ea-9d7b-7762f8e99926,So you have your practice,NA,,,,,,,,,,
PATIENT_DEMOTED,10335,6/23/2023 10:11,a118a19a-0126-48ea-9d7b-7762f8e99926,100,128,Mike_3 Root,"(2.9, 0.0, 4.3)","(0.0, 0.7, 0.0, -0.7)",IMMEDIATE,still,faint,collapsedRight,normal,unresponsive,supine
VOICE_CAPTURE,12256,6/23/2023 10:11,a118a19a-0126-48ea-9d7b-7762f8e99926,no not yet it's loading,NA,,,,,,,,,,
SESSION_START,12525,6/23/2023 10:11,a118a19a-0126-48ea-9d7b-7762f8e99926,,,,,,,,,,,,
PATIENT_RECORD,12525,6/23/2023 10:11,a118a19a-0126-48ea-9d7b-7762f8e99926,100,Infinity,Mike_0 Root,"(2.6, 0.0, -1.4)","(0.0, 0.7, 0.0, -0.7)",MINIMAL,walker,normal,normal,normal,upset,sittingGround
INJURY_RECORD,12526,6/23/2023 10:11,a118a19a-0126-48ea-9d7b-7762f8e99926,R Forearm Laceration,Mike_0 Root,gauzePressure,low,rightArm,FALSE,FALSE,"(2.7, 1.4, -0.9)",,,,
PATIENT_RECORD,12526,6/23/2023 10:11,a118a19a-0126-48ea-9d7b-7762f8e99926,100,Infinity,Mike_1 Root,"(2.9, 0.0, 0.1)","(0.0, 0.7, 0.0, -0.7)",DELAYED,waver,normal,normal,normal,upset,recovery
INJURY_RECORD,12526,6/23/2023 10:11,a118a19a-0126-48ea-9d7b-7762f8e99926,L Thigh Laceration,Mike_1 Root,tourniquet,medium,leftLeg,FALSE,FALSE,"(2.8, 0.7, -0.1)",,,,
PATIENT_RECORD,12526,6/23/2023 10:11,a118a19a-0126-48ea-9d7b-7762f8e99926,100,Infinity,Mike_2 Root,"(3.1, 0.0, 2.2)","(0.0, 0.7, 0.0, -0.7)",IMMEDIATE,walker,fast,normal,normal,upset,sittingGround
INJURY_RECORD,12526,6/23/2023 10:11,a118a19a-0126-48ea-9d7b-7762f8e99926,L Shoulder Puncture,Mike_2 Root,woundpack,medium,chest,FALSE,FALSE,"(3.1, 1.4, 2.1)",,,,
PATIENT_RECORD,12526,6/23/2023 10:11,a118a19a-0126-48ea-9d7b-7762f8e99926,100,128,Mike_3 Root,"(3.1, 0.0, 4.4)","(0.0, 0.7, 0.0, -0.7)",IMMEDIATE,still,faint,collapsedRight,normal,unresponsive,supine
INJURY_RECORD,12526,6/23/2023 10:11,a118a19a-0126-48ea-9d7b-7762f8e99926,R Chest Collapse,Mike_3 Root,decompress,high,chest,FALSE,FALSE,"(0.0, 0.0, 0.0)",,,,
VOICE_CAPTURE,22154,6/23/2023 10:12,a118a19a-0126-48ea-9d7b-7762f8e99926,anybody can walk walk,NA,,,,,,,,,,
VOICE_COMMAND,22155,6/23/2023 10:12,a118a19a-0126-48ea-9d7b-7762f8e99926,walk to the safe area,anybody can walk walk,,,,,,,,,,
S_A_L_T_WALK_IF_CAN,22157,6/23/2023 10:12,a118a19a-0126-48ea-9d7b-7762f8e99926,"(2.6, 0.0, -1.4)",walkIfCan,Mike_0 Root,,,,,,,,,
S_A_L_T_WALKED,22157,6/23/2023 10:12,a118a19a-0126-48ea-9d7b-7762f8e99926,"(2.6, 0.0, -1.4)",walked,Mike_0 Root,,,,,,,,,
S_A_L_T_WALK_IF_CAN,22158,6/23/2023 10:12,a118a19a-0126-48ea-9d7b-7762f8e99926,"(2.9, 0.0, 0.1)",walkIfCan,Mike_1 Root,,,,,,,,,
S_A_L_T_WALK_IF_CAN,22158,6/23/2023 10:12,a118a19a-0126-48ea-9d7b-7762f8e99926,"(3.1, 0.0, 2.2)",walkIfCan,Mike_2 Root,,,,,,,,,
S_A_L_T_WALKED,22158,6/23/2023 10:12,a118a19a-0126-48ea-9d7b-7762f8e99926,"(3.1, 0.0, 2.2)",walked,Mike_2 Root,,,,,,,,,
VOICE_CAPTURE,25214,6/23/2023 10:12,a118a19a-0126-48ea-9d7b-7762f8e99926,wave,NA,,,,,,,,,,
VOICE_COMMAND,25214,6/23/2023 10:12,a118a19a-0126-48ea-9d7b-7762f8e99926,wave if you can,wave,,,,,,,,,,
S_A_L_T_WAVE_IF_CAN,25214,6/23/2023 10:12,a118a19a-0126-48ea-9d7b-7762f8e99926,"(3.8, 0.0, -1.4)",waveIfCan,Mike_0 Root,,,,,,,,,
S_A_L_T_WAVE_IF_CAN,25214,6/23/2023 10:12,a118a19a-0126-48ea-9d7b-7762f8e99926,"(2.9, 0.0, 0.1)",waveIfCan,Mike_1 Root,,,,,,,,,
S_A_L_T_WAVED,25216,6/23/2023 10:12,a118a19a-0126-48ea-9d7b-7762f8e99926,"(2.9, 0.0, 0.1)",waved,Mike_1 Root,,,,,,,,,
S_A_L_T_WAVE_IF_CAN,25216,6/23/2023 10:12,a118a19a-0126-48ea-9d7b-7762f8e99926,"(3.6, 0.0, 1.1)",waveIfCan,Mike_2 Root,,,,,,,,,
S_A_L_T_WALK_IF_CAN,25228,6/23/2023 10:12,a118a19a-0126-48ea-9d7b-7762f8e99926,"(3.8, 0.0, -1.4)",walkIfCan,Mike_0 Root,,,,,,,,,
S_A_L_T_WALKED,25228,6/23/2023 10:12,a118a19a-0126-48ea-9d7b-7762f8e99926,"(3.8, 0.0, -1.4)",walked,Mike_0 Root,,,,,,,,,
S_A_L_T_WALK_IF_CAN,25228,6/23/2023 10:12,a118a19a-0126-48ea-9d7b-7762f8e99926,"(2.9, 0.0, 0.1)",walkIfCan,Mike_1 Root,,,,,,,,,
S_A_L_T_WALK_IF_CAN,25228,6/23/2023 10:12,a118a19a-0126-48ea-9d7b-7762f8e99926,"(3.6, 0.0, 1.1)",walkIfCan,Mike_2 Root,,,,,,,,,
S_A_L_T_WALKED,25228,6/23/2023 10:12,a118a19a-0126-48ea-9d7b-7762f8e99926,"(3.6, 0.0, 1.1)",walked,Mike_2 Root,,,,,,,,,
VOICE_CAPTURE,26783,6/23/2023 10:12,a118a19a-0126-48ea-9d7b-7762f8e99926,anywhere that can wave wave,NA,,,,,,,,,,
VOICE_COMMAND,26783,6/23/2023 10:12,a118a19a-0126-48ea-9d7b-7762f8e99926,wave if you can,anywhere that can wave wave,,,,,,,,,,
S_A_L_T_WAVE_IF_CAN,26784,6/23/2023 10:12,a118a19a-0126-48ea-9d7b-7762f8e99926,"(4.2, 0.0, -1.5)",waveIfCan,Mike_0 Root,,,,,,,,,
S_A_L_T_WAVED,26784,6/23/2023 10:12,a118a19a-0126-48ea-9d7b-7762f8e99926,"(4.2, 0.0, -1.5)",waved,Mike_0 Root,,,,,,,,,
S_A_L_T_WAVE_IF_CAN,26784,6/23/2023 10:12,a118a19a-0126-48ea-9d7b-7762f8e99926,"(4.3, 0.0, -0.4)",waveIfCan,Mike_2 Root,,,,,,,,,
S_A_L_T_WALK_IF_CAN,26799,6/23/2023 10:12,a118a19a-0126-48ea-9d7b-7762f8e99926,"(4.2, 0.0, -1.5)",walkIfCan,Mike_0 Root,,,,,,,,,
S_A_L_T_WALKED,26799,6/23/2023 10:12,a118a19a-0126-48ea-9d7b-7762f8e99926,"(4.2, 0.0, -1.5)",walked,Mike_0 Root,,,,,,,,,
S_A_L_T_WALK_IF_CAN,26799,6/23/2023 10:12,a118a19a-0126-48ea-9d7b-7762f8e99926,"(2.9, 0.0, 0.1)",walkIfCan,Mike_1 Root,,,,,,,,,
S_A_L_T_WALK_IF_CAN,26799,6/23/2023 10:12,a118a19a-0126-48ea-9d7b-7762f8e99926,"(4.3, 0.0, -0.4)",walkIfCan,Mike_2 Root,,,,,,,,,
S_A_L_T_WALKED,26799,6/23/2023 10:12,a118a19a-0126-48ea-9d7b-7762f8e99926,"(4.3, 0.0, -0.4)",walked,Mike_2 Root,,,,,,,,,
TELEPORT,28219,6/23/2023 10:12,a118a19a-0126-48ea-9d7b-7762f8e99926,"(0.8, 0.0, -3.4)",,,,,,,,,,,
TELEPORT,32161,6/23/2023 10:12,a118a19a-0126-48ea-9d7b-7762f8e99926,"(4.9, 0.0, 3.7)",,,,,,,,,,,
VOICE_CAPTURE,32830,6/23/2023 10:12,a118a19a-0126-48ea-9d7b-7762f8e99926,oh ****,NA,,,,,,,,,,
TELEPORT,35402,6/23/2023 10:12,a118a19a-0126-48ea-9d7b-7762f8e99926,"(3.6, 0.0, 1.4)",,,,,,,,,,,
VOICE_CAPTURE,39247,6/23/2023 10:12,a118a19a-0126-48ea-9d7b-7762f8e99926,oh unconscious,NA,,,,,,,,,,
BAG_ACCESS,41369,6/23/2023 10:12,a118a19a-0126-48ea-9d7b-7762f8e99926,"(3.9, 0.8, 4.0)",,,,,,,,,,,
VOICE_CAPTURE,41902,6/23/2023 10:12,a118a19a-0126-48ea-9d7b-7762f8e99926,yeah,NA,,,,,,,,,,
PATIENT_ENGAGED,46976,6/23/2023 10:12,a118a19a-0126-48ea-9d7b-7762f8e99926,100,128,Mike_3 Root,"(3.1, 0.0, 4.4)","(0.0, 0.7, 0.0, -0.7)",IMMEDIATE,still,faint,collapsedRight,normal,unresponsive,supine
PULSE_TAKEN,49720,6/23/2023 10:12,a118a19a-0126-48ea-9d7b-7762f8e99926,pulse_faint,Mike_3 Root,,,,,,,,,,
PULSE_TAKEN,50373,6/23/2023 10:12,a118a19a-0126-48ea-9d7b-7762f8e99926,pulse_faint,Mike_3 Root,,,,,,,,,,
VOICE_CAPTURE,51725,6/23/2023 10:12,a118a19a-0126-48ea-9d7b-7762f8e99926,so how do you do,NA,,,,,,,,,,
VOICE_CAPTURE,56764,6/23/2023 10:12,a118a19a-0126-48ea-9d7b-7762f8e99926,yeah,NA,,,,,,,,,,
TOOL_HOVER,58215,6/23/2023 10:12,a118a19a-0126-48ea-9d7b-7762f8e99926,Needle,999,,,,,,,,,,
TOOL_HOVER,58231,6/23/2023 10:12,a118a19a-0126-48ea-9d7b-7762f8e99926,Needle,999,,,,,,,,,,
TOOL_HOVER,58247,6/23/2023 10:12,a118a19a-0126-48ea-9d7b-7762f8e99926,Needle,999,,,,,,,,,,
TOOL_HOVER,58263,6/23/2023 10:12,a118a19a-0126-48ea-9d7b-7762f8e99926,Needle,999,,,,,,,,,,
TOOL_HOVER,58280,6/23/2023 10:12,a118a19a-0126-48ea-9d7b-7762f8e99926,Needle,999,,,,,,,,,,
TOOL_HOVER,58297,6/23/2023 10:12,a118a19a-0126-48ea-9d7b-7762f8e99926,Needle,999,,,,,,,,,,
TOOL_HOVER,58313,6/23/2023 10:12,a118a19a-0126-48ea-9d7b-7762f8e99926,Needle,999,,,,,,,,,,
TOOL_HOVER,58331,6/23/2023 10:12,a118a19a-0126-48ea-9d7b-7762f8e99926,Needle,999,,,,,,,,,,
TOOL_HOVER,58347,6/23/2023 10:12,a118a19a-0126-48ea-9d7b-7762f8e99926,Needle,999,,,,,,,,,,
TOOL_HOVER,58364,6/23/2023 10:12,a118a19a-0126-48ea-9d7b-7762f8e99926,Needle,999,,,,,,,,,,
TOOL_HOVER,58380,6/23/2023 10:12,a118a19a-0126-48ea-9d7b-7762f8e99926,Needle,999,,,,,,,,,,
TOOL_HOVER,58397,6/23/2023 10:12,a118a19a-0126-48ea-9d7b-7762f8e99926,Needle,999,,,,,,,,,,
TOOL_HOVER,58413,6/23/2023 10:12,a118a19a-0126-48ea-9d7b-7762f8e99926,Needle,999,,,,,,,,,,
TOOL_HOVER,58430,6/23/2023 10:12,a118a19a-0126-48ea-9d7b-7762f8e99926,Needle,999,,,,,,,,,,
TOOL_HOVER,58447,6/23/2023 10:12,a118a19a-0126-48ea-9d7b-7762f8e99926,Needle,999,,,,,,,,,,
TOOL_HOVER,58463,6/23/2023 10:12,a118a19a-0126-48ea-9d7b-7762f8e99926,Needle,999,,,,,,,,,,
TOOL_HOVER,58480,6/23/2023 10:12,a118a19a-0126-48ea-9d7b-7762f8e99926,Needle,999,,,,,,,,,,
TOOL_HOVER,58497,6/23/2023 10:12,a118a19a-0126-48ea-9d7b-7762f8e99926,Needle,999,,,,,,,,,,
TOOL_HOVER,58514,6/23/2023 10:12,a118a19a-0126-48ea-9d7b-7762f8e99926,Needle,999,,,,,,,,,,
TOOL_HOVER,58531,6/23/2023 10:12,a118a19a-0126-48ea-9d7b-7762f8e99926,Needle,999,,,,,,,,,,
TOOL_HOVER,58547,6/23/2023 10:12,a118a19a-0126-48ea-9d7b-7762f8e99926,Needle,999,,,,,,,,,,
TOOL_HOVER,58563,6/23/2023 10:12,a118a19a-0126-48ea-9d7b-7762f8e99926,Needle,999,,,,,,,,,,
TOOL_HOVER,58581,6/23/2023 10:12,a118a19a-0126-48ea-9d7b-7762f8e99926,Needle,999,,,,,,,,,,
TOOL_HOVER,58598,6/23/2023 10:12,a118a19a-0126-48ea-9d7b-7762f8e99926,Needle,999,,,,,,,,,,
TOOL_HOVER,58614,6/23/2023 10:12,a118a19a-0126-48ea-9d7b-7762f8e99926,Needle,999,,,,,,,,,,
TOOL_HOVER,58632,6/23/2023 10:12,a118a19a-0126-48ea-9d7b-7762f8e99926,Needle,999,,,,,,,,,,
TOOL_HOVER,58647,6/23/2023 10:12,a118a19a-0126-48ea-9d7b-7762f8e99926,Needle,999,,,,,,,,,,
TOOL_HOVER,58664,6/23/2023 10:12,a118a19a-0126-48ea-9d7b-7762f8e99926,Needle,999,,,,,,,,,,
TOOL_HOVER,58680,6/23/2023 10:12,a118a19a-0126-48ea-9d7b-7762f8e99926,Needle,999,,,,,,,,,,
TOOL_HOVER,58697,6/23/2023 10:12,a118a19a-0126-48ea-9d7b-7762f8e99926,Needle,999,,,,,,,,,,
TOOL_HOVER,58714,6/23/2023 10:12,a118a19a-0126-48ea-9d7b-7762f8e99926,Needle,999,,,,,,,,,,
TOOL_HOVER,58729,6/23/2023 10:12,a118a19a-0126-48ea-9d7b-7762f8e99926,Needle,999,,,,,,,,,,
TOOL_HOVER,58747,6/23/2023 10:12,a118a19a-0126-48ea-9d7b-7762f8e99926,Needle,999,,,,,,,,,,
TOOL_HOVER,58764,6/23/2023 10:12,a118a19a-0126-48ea-9d7b-7762f8e99926,Needle,999,,,,,,,,,,
TOOL_HOVER,58781,6/23/2023 10:12,a118a19a-0126-48ea-9d7b-7762f8e99926,Needle,999,,,,,,,,,,
TOOL_HOVER,58797,6/23/2023 10:12,a118a19a-0126-48ea-9d7b-7762f8e99926,Needle,999,,,,,,,,,,
TOOL_HOVER,58814,6/23/2023 10:12,a118a19a-0126-48ea-9d7b-7762f8e99926,Needle,999,,,,,,,,,,
TOOL_HOVER,58830,6/23/2023 10:12,a118a19a-0126-48ea-9d7b-7762f8e99926,Needle,999,,,,,,,,,,
TOOL_HOVER,58847,6/23/2023 10:12,a118a19a-0126-48ea-9d7b-7762f8e99926,Needle,999,,,,,,,,,,
TOOL_SELECTED,58850,6/23/2023 10:12,a118a19a-0126-48ea-9d7b-7762f8e99926,Needle,998,,,,,,,,,,
INJURY_TREATED,63117,6/23/2023 10:12,a118a19a-0126-48ea-9d7b-7762f8e99926,R Chest Collapse,Mike_3 Root,decompress,high,chest,TRUE,FALSE,"(0.0, 0.0, 0.0)",,,,
TOOL_APPLIED,63117,6/23/2023 10:12,a118a19a-0126-48ea-9d7b-7762f8e99926,Needle_Decomp(Clone),Needle,RChest_Breathe1 (UnityEngine.GameObject),cath_needle (UnityEngine.GameObject),right_chest,Needle_Decomp(Clone) (UnityEngine.GameObject),AppliedDecompNeedle,,,,,
VOICE_CAPTURE,71161,6/23/2023 10:12,a118a19a-0126-48ea-9d7b-7762f8e99926,this is,NA,,,,,,,,,,
TAG_SELECTED,73145,6/23/2023 10:12,a118a19a-0126-48ea-9d7b-7762f8e99926,red,,,,,,,,,,,
VOICE_CAPTURE,73811,6/23/2023 10:12,a118a19a-0126-48ea-9d7b-7762f8e99926,he's unconscious to be red right,NA,,,,,,,,,,
TAG_DISCARDED,73981,6/23/2023 10:12,a118a19a-0126-48ea-9d7b-7762f8e99926,red,"(3.8, 0.9, 4.2)",,,,,,,,,,
TAG_SELECTED,75099,6/23/2023 10:12,a118a19a-0126-48ea-9d7b-7762f8e99926,red,,,,,,,,,,,
TAG_APPLIED,80731,6/23/2023 10:13,a118a19a-0126-48ea-9d7b-7762f8e99926,Mike_3 Root,red,,,,,,,,,,
VOICE_CAPTURE,81567,6/23/2023 10:13,a118a19a-0126-48ea-9d7b-7762f8e99926,red be red right,NA,,,,,,,,,,
VOICE_CAPTURE,87112,6/23/2023 10:13,a118a19a-0126-48ea-9d7b-7762f8e99926,and yellows for like needs transported or what's,NA,,,,,,,,,,
VOICE_CAPTURE,89165,6/23/2023 10:13,a118a19a-0126-48ea-9d7b-7762f8e99926,right,NA,,,,,,,,,,
VOICE_CAPTURE,92271,6/23/2023 10:13,a118a19a-0126-48ea-9d7b-7762f8e99926,OK,NA,,,,,,,,,,
TAG_SELECTED,95781,6/23/2023 10:13,a118a19a-0126-48ea-9d7b-7762f8e99926,gray,,,,,,,,,,,
TAG_DISCARDED,95915,6/23/2023 10:13,a118a19a-0126-48ea-9d7b-7762f8e99926,gray,"(4.0, 1.1, 4.2)",,,,,,,,,,
VOICE_CAPTURE,96249,6/23/2023 10:13,a118a19a-0126-48ea-9d7b-7762f8e99926,OK,NA,,,,,,,,,,
TAG_SELECTED,97185,6/23/2023 10:13,a118a19a-0126-48ea-9d7b-7762f8e99926,red,,,,,,,,,,,
TAG_DISCARDED,97502,6/23/2023 10:13,a118a19a-0126-48ea-9d7b-7762f8e99926,red,"(4.0, 1.0, 4.2)",,,,,,,,,,
BAG_CLOSED,104655,6/23/2023 10:13,a118a19a-0126-48ea-9d7b-7762f8e99926,"(3.9, 0.8, 4.0)",,,,,,,,,,,
TELEPORT,104655,6/23/2023 10:13,a118a19a-0126-48ea-9d7b-7762f8e99926,"(4.2, 0.0, 3.8)",,,,,,,,,,,
VOICE_CAPTURE,105522,6/23/2023 10:13,a118a19a-0126-48ea-9d7b-7762f8e99926,yeah how do I put this thing back OK,NA,,,,,,,,,,
PATIENT_ENGAGED,108384,6/23/2023 10:13,a118a19a-0126-48ea-9d7b-7762f8e99926,100,Infinity,Mike_1 Root,"(2.9, 0.0, 0.1)","(0.0, 0.7, 0.0, -0.7)",DELAYED,waver,normal,normal,normal,upset,recovery
BAG_ACCESS,112156,6/23/2023 10:13,a118a19a-0126-48ea-9d7b-7762f8e99926,"(2.7, 0.8, 0.8)",,,,,,,,,,,
TOOL_HOVER,114024,6/23/2023 10:13,a118a19a-0126-48ea-9d7b-7762f8e99926,Tourniquet,999,,,,,,,,,,
TOOL_HOVER,114041,6/23/2023 10:13,a118a19a-0126-48ea-9d7b-7762f8e99926,Tourniquet,999,,,,,,,,,,
TOOL_HOVER,114058,6/23/2023 10:13,a118a19a-0126-48ea-9d7b-7762f8e99926,Tourniquet,999,,,,,,,,,,
TOOL_HOVER,114074,6/23/2023 10:13,a118a19a-0126-48ea-9d7b-7762f8e99926,Tourniquet,999,,,,,,,,,,
TOOL_HOVER,114091,6/23/2023 10:13,a118a19a-0126-48ea-9d7b-7762f8e99926,Tourniquet,999,,,,,,,,,,
TOOL_HOVER,114108,6/23/2023 10:13,a118a19a-0126-48ea-9d7b-7762f8e99926,Tourniquet,999,,,,,,,,,,
TOOL_HOVER,114125,6/23/2023 10:13,a118a19a-0126-48ea-9d7b-7762f8e99926,Tourniquet,999,,,,,,,,,,
TOOL_HOVER,114142,6/23/2023 10:13,a118a19a-0126-48ea-9d7b-7762f8e99926,Tourniquet,999,,,,,,,,,,
TOOL_HOVER,114176,6/23/2023 10:13,a118a19a-0126-48ea-9d7b-7762f8e99926,Tourniquet,999,,,,,,,,,,
TOOL_HOVER,114183,6/23/2023 10:13,a118a19a-0126-48ea-9d7b-7762f8e99926,Tourniquet,999,,,,,,,,,,
TOOL_HOVER,114201,6/23/2023 10:13,a118a19a-0126-48ea-9d7b-7762f8e99926,Tourniquet,999,,,,,,,,,,
TOOL_HOVER,114217,6/23/2023 10:13,a118a19a-0126-48ea-9d7b-7762f8e99926,Tourniquet,999,,,,,,,,,,
TOOL_HOVER,114234,6/23/2023 10:13,a118a19a-0126-48ea-9d7b-7762f8e99926,Tourniquet,999,,,,,,,,,,
TOOL_HOVER,114250,6/23/2023 10:13,a118a19a-0126-48ea-9d7b-7762f8e99926,Tourniquet,999,,,,,,,,,,
TOOL_HOVER,114267,6/23/2023 10:13,a118a19a-0126-48ea-9d7b-7762f8e99926,Tourniquet,999,,,,,,,,,,
TOOL_HOVER,114284,6/23/2023 10:13,a118a19a-0126-48ea-9d7b-7762f8e99926,Tourniquet,999,,,,,,,,,,
TOOL_HOVER,114300,6/23/2023 10:13,a118a19a-0126-48ea-9d7b-7762f8e99926,Tourniquet,999,,,,,,,,,,
TOOL_HOVER,114317,6/23/2023 10:13,a118a19a-0126-48ea-9d7b-7762f8e99926,Tourniquet,999,,,,,,,,,,
TOOL_HOVER,114334,6/23/2023 10:13,a118a19a-0126-48ea-9d7b-7762f8e99926,Tourniquet,999,,,,,,,,,,
TOOL_SELECTED,114335,6/23/2023 10:13,a118a19a-0126-48ea-9d7b-7762f8e99926,Tourniquet,998,,,,,,,,,,
VOICE_CAPTURE,115933,6/23/2023 10:13,a118a19a-0126-48ea-9d7b-7762f8e99926,OK tourniquet,NA,,,,,,,,,,
INJURY_TREATED,116784,6/23/2023 10:13,a118a19a-0126-48ea-9d7b-7762f8e99926,L Thigh Laceration,Mike_1 Root,tourniquet,medium,leftLeg,TRUE,FALSE,"(2.8, 0.3, 0.4)",,,,
TOOL_APPLIED,116784,6/23/2023 10:13,a118a19a-0126-48ea-9d7b-7762f8e99926,Mike_1 Root,Tourniquet,LeftUpLeg (UnityEngine.GameObject),tor_ring (1) (UnityEngine.GameObject),tourniquet(Clone) (UnityEngine.GameObject),AppliedTourniquet,,,,,,
VOICE_CAPTURE,121493,6/23/2023 10:13,a118a19a-0126-48ea-9d7b-7762f8e99926,bleeding stopped,NA,,,,,,,,,,
TAG_SELECTED,123265,6/23/2023 10:13,a118a19a-0126-48ea-9d7b-7762f8e99926,yellow,,,,,,,,,,,
VOICE_CAPTURE,124701,6/23/2023 10:13,a118a19a-0126-48ea-9d7b-7762f8e99926,So,NA,,,,,,,,,,
TAG_APPLIED,125555,6/23/2023 10:13,a118a19a-0126-48ea-9d7b-7762f8e99926,Mike_1 Root,yellow,,,,,,,,,,
VOICE_CAPTURE,126486,6/23/2023 10:13,a118a19a-0126-48ea-9d7b-7762f8e99926,yellow,NA,,,,,,,,,,
PULSE_TAKEN,129528,6/23/2023 10:13,a118a19a-0126-48ea-9d7b-7762f8e99926,pulse_normal,Mike_1 Root,,,,,,,,,,
PULSE_TAKEN,131217,6/23/2023 10:13,a118a19a-0126-48ea-9d7b-7762f8e99926,pulse_normal,Mike_1 Root,,,,,,,,,,
VOICE_CAPTURE,131902,6/23/2023 10:13,a118a19a-0126-48ea-9d7b-7762f8e99926,no,NA,,,,,,,,,,
BAG_CLOSED,134008,6/23/2023 10:13,a118a19a-0126-48ea-9d7b-7762f8e99926,"(2.7, 0.8, 0.8)",,,,,,,,,,,
VOICE_CAPTURE,135729,6/23/2023 10:13,a118a19a-0126-48ea-9d7b-7762f8e99926,OK,NA,,,,,,,,,,
VOICE_CAPTURE,139676,6/23/2023 10:13,a118a19a-0126-48ea-9d7b-7762f8e99926,right he's talking to me,NA,,,,,,,,,,
TELEPORT,143651,6/23/2023 10:14,a118a19a-0126-48ea-9d7b-7762f8e99926,"(3.4, 0.0, 1.1)",,,,,,,,,,,
VOICE_CAPTURE,145700,6/23/2023 10:14,a118a19a-0126-48ea-9d7b-7762f8e99926,oh these two,NA,,,,,,,,,,
PATIENT_ENGAGED,146745,6/23/2023 10:14,a118a19a-0126-48ea-9d7b-7762f8e99926,100,Infinity,Mike_0 Root,"(4.3, 0.0, -1.4)","(0.0, 0.6, 0.0, -0.8)",MINIMAL,walker,normal,normal,normal,upset,sittingGround
PULSE_TAKEN,149757,6/23/2023 10:14,a118a19a-0126-48ea-9d7b-7762f8e99926,pulse_normal,Mike_0 Root,,,,,,,,,,
VOICE_CAPTURE,150824,6/23/2023 10:14,a118a19a-0126-48ea-9d7b-7762f8e99926,so he's got,NA,,,,,,,,,,
TELEPORT,151023,6/23/2023 10:14,a118a19a-0126-48ea-9d7b-7762f8e99926,"(4.5, 0.0, -1.5)",,,,,,,,,,,
VOICE_CAPTURE,153340,6/23/2023 10:14,a118a19a-0126-48ea-9d7b-7762f8e99926,laceration,NA,,,,,,,,,,
PATIENT_ENGAGED,154374,6/23/2023 10:14,a118a19a-0126-48ea-9d7b-7762f8e99926,100,Infinity,Mike_2 Root,"(4.7, 0.0, -3.3)","(0.0, 0.7, 0.0, -0.7)",IMMEDIATE,walker,fast,normal,normal,upset,sittingGround
BAG_ACCESS,155825,6/23/2023 10:14,a118a19a-0126-48ea-9d7b-7762f8e99926,"(4.3, 0.7, -3.3)",,,,,,,,,,,
VOICE_CAPTURE,157052,6/23/2023 10:14,a118a19a-0126-48ea-9d7b-7762f8e99926,he's got some blood spurting out here,NA,,,,,,,,,,
TOOL_HOVER,157218,6/23/2023 10:14,a118a19a-0126-48ea-9d7b-7762f8e99926,Hemostatic Gauze,999,,,,,,,,,,
TOOL_HOVER,157235,6/23/2023 10:14,a118a19a-0126-48ea-9d7b-7762f8e99926,Hemostatic Gauze,999,,,,,,,,,,
TOOL_HOVER,157252,6/23/2023 10:14,a118a19a-0126-48ea-9d7b-7762f8e99926,Hemostatic Gauze,999,,,,,,,,,,
TOOL_HOVER,157269,6/23/2023 10:14,a118a19a-0126-48ea-9d7b-7762f8e99926,Hemostatic Gauze,999,,,,,,,,,,
TOOL_HOVER,157284,6/23/2023 10:14,a118a19a-0126-48ea-9d7b-7762f8e99926,Hemostatic Gauze,999,,,,,,,,,,
TOOL_HOVER,157301,6/23/2023 10:14,a118a19a-0126-48ea-9d7b-7762f8e99926,Hemostatic Gauze,999,,,,,,,,,,
TOOL_HOVER,157318,6/23/2023 10:14,a118a19a-0126-48ea-9d7b-7762f8e99926,Hemostatic Gauze,999,,,,,,,,,,
TOOL_HOVER,157335,6/23/2023 10:14,a118a19a-0126-48ea-9d7b-7762f8e99926,Hemostatic Gauze,999,,,,,,,,,,
TOOL_HOVER,157352,6/23/2023 10:14,a118a19a-0126-48ea-9d7b-7762f8e99926,Hemostatic Gauze,999,,,,,,,,,,
TOOL_HOVER,157369,6/23/2023 10:14,a118a19a-0126-48ea-9d7b-7762f8e99926,Hemostatic Gauze,999,,,,,,,,,,
TOOL_HOVER,157384,6/23/2023 10:14,a118a19a-0126-48ea-9d7b-7762f8e99926,Hemostatic Gauze,999,,,,,,,,,,
TOOL_HOVER,157401,6/23/2023 10:14,a118a19a-0126-48ea-9d7b-7762f8e99926,Hemostatic Gauze,999,,,,,,,,,,
TOOL_HOVER,157419,6/23/2023 10:14,a118a19a-0126-48ea-9d7b-7762f8e99926,Hemostatic Gauze,999,,,,,,,,,,
TOOL_HOVER,157435,6/23/2023 10:14,a118a19a-0126-48ea-9d7b-7762f8e99926,Hemostatic Gauze,999,,,,,,,,,,
TOOL_HOVER,157451,6/23/2023 10:14,a118a19a-0126-48ea-9d7b-7762f8e99926,Hemostatic Gauze,999,,,,,,,,,,
TOOL_HOVER,157469,6/23/2023 10:14,a118a19a-0126-48ea-9d7b-7762f8e99926,Hemostatic Gauze,999,,,,,,,,,,
TOOL_HOVER,157485,6/23/2023 10:14,a118a19a-0126-48ea-9d7b-7762f8e99926,Hemostatic Gauze,999,,,,,,,,,,
TOOL_HOVER,157502,6/23/2023 10:14,a118a19a-0126-48ea-9d7b-7762f8e99926,Hemostatic Gauze,999,,,,,,,,,,
TOOL_HOVER,157518,6/23/2023 10:14,a118a19a-0126-48ea-9d7b-7762f8e99926,Hemostatic Gauze,999,,,,,,,,,,
TOOL_HOVER,157535,6/23/2023 10:14,a118a19a-0126-48ea-9d7b-7762f8e99926,Hemostatic Gauze,999,,,,,,,,,,
TOOL_HOVER,157552,6/23/2023 10:14,a118a19a-0126-48ea-9d7b-7762f8e99926,Hemostatic Gauze,999,,,,,,,,,,
TOOL_SELECTED,157553,6/23/2023 10:14,a118a19a-0126-48ea-9d7b-7762f8e99926,Hemostatic Gauze,998,,,,,,,,,,
TOOL_DISCARDED,160123,6/23/2023 10:14,a118a19a-0126-48ea-9d7b-7762f8e99926,Hemostatic Gauze,998,"(4.9, 0.4, -3.2)",,,,,,,,,
INJURY_TREATED,160124,6/23/2023 10:14,a118a19a-0126-48ea-9d7b-7762f8e99926,L Shoulder Puncture,Mike_2 Root,woundpack,medium,chest,TRUE,FALSE,"(4.9, 0.5, -3.2)",,,,
TOOL_APPLIED,160124,6/23/2023 10:14,a118a19a-0126-48ea-9d7b-7762f8e99926,Mike_2 Root,Gauze_Pack,skinCollider_BodyCollideLOD (UnityEngine.GameObject),null,null,AppliedPackingGauze,,,,,,
PULSE_TAKEN,161122,6/23/2023 10:14,a118a19a-0126-48ea-9d7b-7762f8e99926,pulse_fast,Mike_2 Root,,,,,,,,,,
PULSE_TAKEN,162774,6/23/2023 10:14,a118a19a-0126-48ea-9d7b-7762f8e99926,pulse_fast,Mike_2 Root,,,,,,,,,,
PULSE_TAKEN,163627,6/23/2023 10:14,a118a19a-0126-48ea-9d7b-7762f8e99926,pulse_fast,Mike_2 Root,,,,,,,,,,
VOICE_CAPTURE,164011,6/23/2023 10:14,a118a19a-0126-48ea-9d7b-7762f8e99926,OK so we're gonna put some packing in there check the pulse,NA,,,,,,,,,,
TAG_SELECTED,169915,6/23/2023 10:14,a118a19a-0126-48ea-9d7b-7762f8e99926,red,,,,,,,,,,,
TAG_APPLIED,171315,6/23/2023 10:14,a118a19a-0126-48ea-9d7b-7762f8e99926,Mike_2 Root,red,,,,,,,,,,
VOICE_CAPTURE,172347,6/23/2023 10:14,a118a19a-0126-48ea-9d7b-7762f8e99926,so you don't know if it's stopped right so it would be red,NA,,,,,,,,,,
TAG_SELECTED,172567,6/23/2023 10:14,a118a19a-0126-48ea-9d7b-7762f8e99926,red,,,,,,,,,,,
TAG_DISCARDED,172701,6/23/2023 10:14,a118a19a-0126-48ea-9d7b-7762f8e99926,red,"(4.4, 0.5, -3.5)",,,,,,,,,,
BAG_CLOSED,173686,6/23/2023 10:14,a118a19a-0126-48ea-9d7b-7762f8e99926,"(4.3, 0.7, -3.3)",,,,,,,,,,,
PATIENT_ENGAGED,175658,6/23/2023 10:14,a118a19a-0126-48ea-9d7b-7762f8e99926,100,Infinity,Mike_0 Root,"(4.3, 0.0, -1.4)","(0.0, 0.6, 0.0, -0.8)",MINIMAL,walker,normal,normal,normal,upset,sittingGround
VOICE_CAPTURE,175723,6/23/2023 10:14,a118a19a-0126-48ea-9d7b-7762f8e99926,and then uh,NA,,,,,,,,,,
PULSE_TAKEN,177735,6/23/2023 10:14,a118a19a-0126-48ea-9d7b-7762f8e99926,pulse_normal,Mike_0 Root,,,,,,,,,,
VOICE_CAPTURE,178385,6/23/2023 10:14,a118a19a-0126-48ea-9d7b-7762f8e99926,this dude,NA,,,,,,,,,,
BAG_ACCESS,179617,6/23/2023 10:14,a118a19a-0126-48ea-9d7b-7762f8e99926,"(3.9, 0.4, -1.7)",,,,,,,,,,,
TOOL_HOVER,180217,6/23/2023 10:14,a118a19a-0126-48ea-9d7b-7762f8e99926,Gauze,999,,,,,,,,,,
TOOL_HOVER,180234,6/23/2023 10:14,a118a19a-0126-48ea-9d7b-7762f8e99926,Gauze,999,,,,,,,,,,
TOOL_HOVER,180253,6/23/2023 10:14,a118a19a-0126-48ea-9d7b-7762f8e99926,Gauze,999,,,,,,,,,,
TOOL_HOVER,180267,6/23/2023 10:14,a118a19a-0126-48ea-9d7b-7762f8e99926,Gauze,999,,,,,,,,,,
TOOL_HOVER,180284,6/23/2023 10:14,a118a19a-0126-48ea-9d7b-7762f8e99926,Gauze,999,,,,,,,,,,
TOOL_SELECTED,180285,6/23/2023 10:14,a118a19a-0126-48ea-9d7b-7762f8e99926,Gauze,998,,,,,,,,,,
VOICE_CAPTURE,180953,6/23/2023 10:14,a118a19a-0126-48ea-9d7b-7762f8e99926,just gotta cut,NA,,,,,,,,,,
TOOL_DISCARDED,182322,6/23/2023 10:14,a118a19a-0126-48ea-9d7b-7762f8e99926,Gauze,998,"(4.4, 0.5, -1.5)",,,,,,,,,
INJURY_TREATED,182323,6/23/2023 10:14,a118a19a-0126-48ea-9d7b-7762f8e99926,R Forearm Laceration,Mike_0 Root,gauzePressure,low,rightArm,TRUE,FALSE,"(4.4, 0.5, -1.5)",,,,
TOOL_APPLIED,182323,6/23/2023 10:14,a118a19a-0126-48ea-9d7b-7762f8e99926,Mike_0 Root,Gauze_Dressing,skinCollider_BodyCollideLOD (UnityEngine.GameObject),null,null,AppliedDressingGauze,,,,,,
PULSE_TAKEN,183594,6/23/2023 10:14,a118a19a-0126-48ea-9d7b-7762f8e99926,pulse_normal,Mike_0 Root,,,,,,,,,,
VOICE_CAPTURE,185226,6/23/2023 10:14,a118a19a-0126-48ea-9d7b-7762f8e99926,so,NA,,,,,,,,,,
TAG_SELECTED,187360,6/23/2023 10:14,a118a19a-0126-48ea-9d7b-7762f8e99926,green,,,,,,,,,,,
TAG_APPLIED,188460,6/23/2023 10:14,a118a19a-0126-48ea-9d7b-7762f8e99926,Mike_0 Root,green,,,,,,,,,,
BAG_CLOSED,192039,6/23/2023 10:14,a118a19a-0126-48ea-9d7b-7762f8e99926,"(3.9, 0.4, -1.7)",,,,,,,,,,,
SESSION_END,194305,6/23/2023 10:14,a118a19a-0126-48ea-9d7b-7762f8e99926,,,,,,,,,,,,
VOICE_CAPTURE,195324,6/23/2023 10:14,a118a19a-0126-48ea-9d7b-7762f8e99926,sure,NA,,,,,,,,,,
PATIENT_DEMOTED,203529,6/23/2023 10:15,a118a19a-0126-48ea-9d7b-7762f8e99926,100,Infinity,Bob_0 Root,"(-1.4, 0.0, 5.6)","(0.0, 0.7, 0.0, 0.7)",EXPECTANT,still,faint,restricted,none,unresponsive,supine
PATIENT_DEMOTED,203743,6/23/2023 10:15,a118a19a-0126-48ea-9d7b-7762f8e99926,100,Infinity,Bob_0 Root,"(-1.5, 0.0, 5.6)","(0.0, 0.7, 0.0, 0.7)",DEAD,still,none,none,none,dead,supine
PATIENT_DEMOTED,203875,6/23/2023 10:15,a118a19a-0126-48ea-9d7b-7762f8e99926,100,Infinity,Gary_1 Root,"(1.7, 0.0, 7.4)","(0.0, 1.0, 0.0, 0.0)",EXPECTANT,still,faint,restricted,none,unresponsive,supine
PATIENT_DEMOTED,204588,6/23/2023 10:15,a118a19a-0126-48ea-9d7b-7762f8e99926,100,Infinity,Lily_2 Root,"(2.8, 0.0, 4.3)","(0.0, 1.0, 0.0, 0.0)",IMMEDIATE,waver,fast,fast,normal,agony,fetal
PATIENT_DEMOTED,205265,6/23/2023 10:15,a118a19a-0126-48ea-9d7b-7762f8e99926,100,0,Gary_3 Root,"(0.3, 0.0, 1.6)","(0.0, 0.0, 0.0, 1.0)",IMMEDIATE,still,faint,collapsedRight,normal,unresponsive,supine
PATIENT_DEMOTED,205849,6/23/2023 10:15,a118a19a-0126-48ea-9d7b-7762f8e99926,100,Infinity,Lily_4 Root,"(1.2, 0.0, 6.3)","(0.0, 1.0, 0.0, 0.0)",IMMEDIATE,waver,fast,normal,normal,upset,fetal
VOICE_CAPTURE,205972,6/23/2023 10:15,a118a19a-0126-48ea-9d7b-7762f8e99926,the medics,NA,,,,,,,,,,
PATIENT_DEMOTED,206678,6/23/2023 10:15,a118a19a-0126-48ea-9d7b-7762f8e99926,100,Infinity,Mike_5 Root,"(2.4, 0.0, 2.3)","(0.0, 1.0, 0.0, 0.0)",IMMEDIATE,waver,fast,normal,normal,upset,fetal
PATIENT_DEMOTED,207238,6/23/2023 10:15,a118a19a-0126-48ea-9d7b-7762f8e99926,100,Infinity,Gloria_6 Root,"(-1.0, 0.0, 2.9)","(0.0, 0.4, 0.0, 0.9)",DELAYED,waver,fast,normal,normal,upset,fetal
PATIENT_DEMOTED,207936,6/23/2023 10:15,a118a19a-0126-48ea-9d7b-7762f8e99926,100,Infinity,Mike_7 Root,"(1.7, 0.0, 3.9)","(0.0, 0.1, 0.0, 1.0)",IMMEDIATE,waver,fast,normal,normal,upset,sittingGround
PATIENT_DEMOTED,208321,6/23/2023 10:15,a118a19a-0126-48ea-9d7b-7762f8e99926,100,Infinity,Mike_7 Root,"(1.0, 0.0, 3.7)","(0.0, 0.1, 0.0, 1.0)",DELAYED,waver,fast,normal,normal,upset,sittingGround
SESSION_START,211677,6/23/2023 10:15,a118a19a-0126-48ea-9d7b-7762f8e99926,,,,,,,,,,,,
PATIENT_RECORD,211677,6/23/2023 10:15,a118a19a-0126-48ea-9d7b-7762f8e99926,100,Infinity,Bob_0 Root,"(-1.7, 0.0, 5.7)","(0.0, 0.7, 0.0, 0.7)",DEAD,still,none,none,none,dead,supine
INJURY_RECORD,211677,6/23/2023 10:15,a118a19a-0126-48ea-9d7b-7762f8e99926,Face Shrapnel,Bob_0 Root,airway,high,head,FALSE,FALSE,"(-1.6, 1.7, 5.6)",,,,
INJURY_RECORD,211677,6/23/2023 10:15,a118a19a-0126-48ea-9d7b-7762f8e99926,L Wrist Amputation,Bob_0 Root,tourniquet,high,leftArm,FALSE,FALSE,"(-1.8, 1.4, 6.3)",,,,
INJURY_RECORD,211677,6/23/2023 10:15,a118a19a-0126-48ea-9d7b-7762f8e99926,L Chest Collapse,Bob_0 Root,decompress,high,chest,FALSE,FALSE,"(0.0, 0.0, 0.0)",,,,
INJURY_RECORD,211677,6/23/2023 10:15,a118a19a-0126-48ea-9d7b-7762f8e99926,L Stomach Puncture,Bob_0 Root,woundpack,high,abdomen,FALSE,FALSE,"(-1.6, 1.1, 5.7)",,,,
INJURY_RECORD,211677,6/23/2023 10:15,a118a19a-0126-48ea-9d7b-7762f8e99926,R Shin Amputation,Bob_0 Root,tourniquet,high,rightLeg,FALSE,FALSE,"(-1.7, 0.4, 5.6)",,,,
INJURY_RECORD,211677,6/23/2023 10:15,a118a19a-0126-48ea-9d7b-7762f8e99926,L Thigh Laceration,Bob_0 Root,tourniquet,medium,leftLeg,FALSE,FALSE,"(-1.6, 0.7, 5.8)",,,,
PATIENT_RECORD,211677,6/23/2023 10:15,a118a19a-0126-48ea-9d7b-7762f8e99926,100,Infinity,Gary_1 Root,"(1.6, 0.0, 7.6)","(0.0, 1.0, 0.0, 0.0)",EXPECTANT,still,none,restricted,none,unresponsive,supine
INJURY_RECORD,211677,6/23/2023 10:15,a118a19a-0126-48ea-9d7b-7762f8e99926,Face Shrapnel,Gary_1 Root,airway,high,head,FALSE,FALSE,"(1.6, 1.7, 7.6)",,,,
PATIENT_RECORD,211677,6/23/2023 10:15,a118a19a-0126-48ea-9d7b-7762f8e99926,100,Infinity,Lily_2 Root,"(3.0, 0.0, 4.5)","(0.0, 1.0, 0.0, 0.0)",IMMEDIATE,waver,fast,fast,normal,agony,fetal
INJURY_RECORD,211677,6/23/2023 10:15,a118a19a-0126-48ea-9d7b-7762f8e99926,R Shin Amputation,Lily_2 Root,tourniquet,high,rightLeg,FALSE,FALSE,"(2.9, 0.4, 4.5)",,,,
PATIENT_RECORD,211677,6/23/2023 10:15,a118a19a-0126-48ea-9d7b-7762f8e99926,100,0,Gary_3 Root,"(0.4, 0.0, 1.7)","(0.0, 0.0, 0.0, 1.0)",IMMEDIATE,still,faint,collapsedRight,normal,unresponsive,supine
INJURY_RECORD,211677,6/23/2023 10:15,a118a19a-0126-48ea-9d7b-7762f8e99926,R Chest Collapse,Gary_3 Root,decompress,high,chest,FALSE,FALSE,"(0.0, 0.0, 0.0)",,,,
PATIENT_RECORD,211677,6/23/2023 10:15,a118a19a-0126-48ea-9d7b-7762f8e99926,100,Infinity,Lily_4 Root,"(1.2, 0.0, 6.2)","(0.0, 1.0, 0.0, 0.0)",IMMEDIATE,waver,fast,normal,normal,upset,fetal
INJURY_RECORD,211677,6/23/2023 10:15,a118a19a-0126-48ea-9d7b-7762f8e99926,L Side Puncture,Lily_4 Root,woundpack,medium,abdomen,FALSE,FALSE,"(1.3, 1.0, 6.2)",,,,
PATIENT_RECORD,211677,6/23/2023 10:15,a118a19a-0126-48ea-9d7b-7762f8e99926,100,Infinity,Mike_5 Root,"(2.7, 0.0, 2.3)","(0.0, 1.0, 0.0, 0.0)",IMMEDIATE,waver,fast,normal,normal,upset,fetal
INJURY_RECORD,211677,6/23/2023 10:15,a118a19a-0126-48ea-9d7b-7762f8e99926,R Side Puncture,Mike_5 Root,woundpack,medium,abdomen,FALSE,FALSE,"(2.6, 1.1, 2.2)",,,,
INJURY_RECORD,211677,6/23/2023 10:15,a118a19a-0126-48ea-9d7b-7762f8e99926,R Thigh Laceration,Mike_5 Root,tourniquet,medium,rightLeg,FALSE,FALSE,"(2.5, 0.6, 2.2)",,,,
PATIENT_RECORD,211677,6/23/2023 10:15,a118a19a-0126-48ea-9d7b-7762f8e99926,100,Infinity,Gloria_6 Root,"(-1.2, 0.0, 3.1)","(0.0, 0.4, 0.0, 0.9)",DELAYED,waver,fast,normal,normal,upset,fetal
INJURY_RECORD,211677,6/23/2023 10:15,a118a19a-0126-48ea-9d7b-7762f8e99926,R Calf Shrapnel,Gloria_6 Root,gauzePressure,medium,rightLeg,FALSE,FALSE,"(-1.1, 0.3, 3.0)",,,,
PATIENT_RECORD,211677,6/23/2023 10:15,a118a19a-0126-48ea-9d7b-7762f8e99926,100,Infinity,Mike_7 Root,"(1.3, 0.0, 3.4)","(0.0, 0.1, 0.0, 1.0)",DELAYED,waver,fast,normal,normal,upset,sittingGround
INJURY_RECORD,211677,6/23/2023 10:15,a118a19a-0126-48ea-9d7b-7762f8e99926,L Thigh Puncture,Mike_7 Root,tourniquet,medium,leftLeg,FALSE,FALSE,"(1.3, 0.6, 3.5)",,,,
INJURY_RECORD,211677,6/23/2023 10:15,a118a19a-0126-48ea-9d7b-7762f8e99926,R Calf Laceration,Mike_7 Root,gauzePressure,low,rightLeg,FALSE,FALSE,"(1.4, 0.3, 3.4)",,,,
PATIENT_RECORD,211678,6/23/2023 10:15,a118a19a-0126-48ea-9d7b-7762f8e99926,100,Infinity,Gloria_8 Root,"(3.7, 0.0, 6.0)","(0.0, 1.0, 0.0, 0.0)",MINIMAL,walker,normal,normal,normal,upset,sittingGround
INJURY_RECORD,211678,6/23/2023 10:15,a118a19a-0126-48ea-9d7b-7762f8e99926,L Forearm Laceration,Gloria_8 Root,gauzePressure,low,leftArm,FALSE,FALSE,"(4.2, 1.3, 6.0)",,,,
PATIENT_RECORD,211678,6/23/2023 10:15,a118a19a-0126-48ea-9d7b-7762f8e99926,100,0,Gary_9 Root,"(2.9, 0.0, 9.0)","(0.0, 1.0, 0.0, 0.0)",MINIMAL,walker,normal,normal,limited,calm,standing
INJURY_RECORD,211678,6/23/2023 10:15,a118a19a-0126-48ea-9d7b-7762f8e99926,Ear Bleed,Gary_9 Root,none,low,head,FALSE,FALSE,"(0.0, 0.0, 0.0)",,,,
PATIENT_RECORD,211678,6/23/2023 10:15,a118a19a-0126-48ea-9d7b-7762f8e99926,100,Infinity,Helga_10 Root,"(3.9, 0.0, 8.0)","(0.0, 1.0, 0.0, 0.0)",MINIMAL,walker,normal,normal,normal,calm,sittingGround
INJURY_RECORD,211678,6/23/2023 10:15,a118a19a-0126-48ea-9d7b-7762f8e99926,Forehead Scrape,Helga_10 Root,none,low,head,FALSE,FALSE,"(4.0, 1.5, 7.9)",,,,
VOICE_CAPTURE,217758,6/23/2023 10:15,a118a19a-0126-48ea-9d7b-7762f8e99926,walk,NA,,,,,,,,,,
VOICE_COMMAND,217758,6/23/2023 10:15,a118a19a-0126-48ea-9d7b-7762f8e99926,walk to the safe area,walk,,,,,,,,,,
S_A_L_T_WALK_IF_CAN,217758,6/23/2023 10:15,a118a19a-0126-48ea-9d7b-7762f8e99926,"(3.0, 0.0, 4.5)",walkIfCan,Lily_2 Root,,,,,,,,,
S_A_L_T_WALK_IF_CAN,217758,6/23/2023 10:15,a118a19a-0126-48ea-9d7b-7762f8e99926,"(1.2, 0.0, 6.2)",walkIfCan,Lily_4 Root,,,,,,,,,
S_A_L_T_WALK_IF_CAN,217758,6/23/2023 10:15,a118a19a-0126-48ea-9d7b-7762f8e99926,"(2.7, 0.0, 2.3)",walkIfCan,Mike_5 Root,,,,,,,,,
S_A_L_T_WALK_IF_CAN,217758,6/23/2023 10:15,a118a19a-0126-48ea-9d7b-7762f8e99926,"(-1.2, 0.0, 3.1)",walkIfCan,Gloria_6 Root,,,,,,,,,
S_A_L_T_WALK_IF_CAN,217758,6/23/2023 10:15,a118a19a-0126-48ea-9d7b-7762f8e99926,"(1.3, 0.0, 3.4)",walkIfCan,Mike_7 Root,,,,,,,,,
S_A_L_T_WALK_IF_CAN,217758,6/23/2023 10:15,a118a19a-0126-48ea-9d7b-7762f8e99926,"(3.7, 0.0, 6.0)",walkIfCan,Gloria_8 Root,,,,,,,,,
S_A_L_T_WALKED,217758,6/23/2023 10:15,a118a19a-0126-48ea-9d7b-7762f8e99926,"(3.7, 0.0, 6.0)",walked,Gloria_8 Root,,,,,,,,,
S_A_L_T_WALK_IF_CAN,217759,6/23/2023 10:15,a118a19a-0126-48ea-9d7b-7762f8e99926,"(3.9, 0.0, 8.0)",walkIfCan,Helga_10 Root,,,,,,,,,
S_A_L_T_WALKED,217759,6/23/2023 10:15,a118a19a-0126-48ea-9d7b-7762f8e99926,"(3.9, 0.0, 8.0)",walked,Helga_10 Root,,,,,,,,,
VOICE_CAPTURE,218358,6/23/2023 10:15,a118a19a-0126-48ea-9d7b-7762f8e99926,anybody that can walk walk,NA,,,,,,,,,,
VOICE_COMMAND,218358,6/23/2023 10:15,a118a19a-0126-48ea-9d7b-7762f8e99926,walk to the safe area,anybody that can walk walk,,,,,,,,,,
VOICE_CAPTURE,221202,6/23/2023 10:15,a118a19a-0126-48ea-9d7b-7762f8e99926,wave,NA,,,,,,,,,,
VOICE_COMMAND,221202,6/23/2023 10:15,a118a19a-0126-48ea-9d7b-7762f8e99926,wave if you can,wave,,,,,,,,,,
S_A_L_T_WAVE_IF_CAN,221202,6/23/2023 10:15,a118a19a-0126-48ea-9d7b-7762f8e99926,"(3.0, 0.0, 4.5)",waveIfCan,Lily_2 Root,,,,,,,,,
S_A_L_T_WAVED,221202,6/23/2023 10:15,a118a19a-0126-48ea-9d7b-7762f8e99926,"(3.0, 0.0, 4.5)",waved,Lily_2 Root,,,,,,,,,
S_A_L_T_WAVE_IF_CAN,221202,6/23/2023 10:15,a118a19a-0126-48ea-9d7b-7762f8e99926,"(1.2, 0.0, 6.2)",waveIfCan,Lily_4 Root,,,,,,,,,
S_A_L_T_WAVED,221202,6/23/2023 10:15,a118a19a-0126-48ea-9d7b-7762f8e99926,"(1.2, 0.0, 6.2)",waved,Lily_4 Root,,,,,,,,,
S_A_L_T_WAVE_IF_CAN,221202,6/23/2023 10:15,a118a19a-0126-48ea-9d7b-7762f8e99926,"(2.7, 0.0, 2.3)",waveIfCan,Mike_5 Root,,,,,,,,,
S_A_L_T_WAVED,221202,6/23/2023 10:15,a118a19a-0126-48ea-9d7b-7762f8e99926,"(2.7, 0.0, 2.3)",waved,Mike_5 Root,,,,,,,,,
S_A_L_T_WAVE_IF_CAN,221202,6/23/2023 10:15,a118a19a-0126-48ea-9d7b-7762f8e99926,"(-1.2, 0.0, 3.1)",waveIfCan,Gloria_6 Root,,,,,,,,,
S_A_L_T_WAVED,221202,6/23/2023 10:15,a118a19a-0126-48ea-9d7b-7762f8e99926,"(-1.2, 0.0, 3.1)",waved,Gloria_6 Root,,,,,,,,,
S_A_L_T_WAVE_IF_CAN,221202,6/23/2023 10:15,a118a19a-0126-48ea-9d7b-7762f8e99926,"(1.3, 0.0, 3.4)",waveIfCan,Mike_7 Root,,,,,,,,,
S_A_L_T_WAVED,221202,6/23/2023 10:15,a118a19a-0126-48ea-9d7b-7762f8e99926,"(1.3, 0.0, 3.4)",waved,Mike_7 Root,,,,,,,,,
S_A_L_T_WAVE_IF_CAN,221202,6/23/2023 10:15,a118a19a-0126-48ea-9d7b-7762f8e99926,"(4.2, 0.0, 4.7)",waveIfCan,Gloria_8 Root,,,,,,,,,
S_A_L_T_WAVE_IF_CAN,221202,6/23/2023 10:15,a118a19a-0126-48ea-9d7b-7762f8e99926,"(3.2, 0.0, 6.2)",waveIfCan,Helga_10 Root,,,,,,,,,
S_A_L_T_WALK_IF_CAN,221217,6/23/2023 10:15,a118a19a-0126-48ea-9d7b-7762f8e99926,"(3.0, 0.0, 4.5)",walkIfCan,Lily_2 Root,,,,,,,,,
S_A_L_T_WALK_IF_CAN,221217,6/23/2023 10:15,a118a19a-0126-48ea-9d7b-7762f8e99926,"(1.2, 0.0, 6.2)",walkIfCan,Lily_4 Root,,,,,,,,,
S_A_L_T_WALK_IF_CAN,221217,6/23/2023 10:15,a118a19a-0126-48ea-9d7b-7762f8e99926,"(2.7, 0.0, 2.3)",walkIfCan,Mike_5 Root,,,,,,,,,
S_A_L_T_WALK_IF_CAN,221217,6/23/2023 10:15,a118a19a-0126-48ea-9d7b-7762f8e99926,"(-1.2, 0.0, 3.1)",walkIfCan,Gloria_6 Root,,,,,,,,,
S_A_L_T_WALK_IF_CAN,221217,6/23/2023 10:15,a118a19a-0126-48ea-9d7b-7762f8e99926,"(1.3, 0.0, 3.4)",walkIfCan,Mike_7 Root,,,,,,,,,
S_A_L_T_WALK_IF_CAN,221217,6/23/2023 10:15,a118a19a-0126-48ea-9d7b-7762f8e99926,"(4.2, 0.0, 4.7)",walkIfCan,Gloria_8 Root,,,,,,,,,
S_A_L_T_WALKED,221217,6/23/2023 10:15,a118a19a-0126-48ea-9d7b-7762f8e99926,"(4.2, 0.0, 4.7)",walked,Gloria_8 Root,,,,,,,,,
S_A_L_T_WALK_IF_CAN,221217,6/23/2023 10:15,a118a19a-0126-48ea-9d7b-7762f8e99926,"(3.2, 0.0, 6.2)",walkIfCan,Helga_10 Root,,,,,,,,,
S_A_L_T_WALKED,221217,6/23/2023 10:15,a118a19a-0126-48ea-9d7b-7762f8e99926,"(3.2, 0.0, 6.2)",walked,Helga_10 Root,,,,,,,,,
VOICE_CAPTURE,222520,6/23/2023 10:15,a118a19a-0126-48ea-9d7b-7762f8e99926,wave,NA,,,,,,,,,,
VOICE_COMMAND,222520,6/23/2023 10:15,a118a19a-0126-48ea-9d7b-7762f8e99926,wave if you can,wave,,,,,,,,,,
S_A_L_T_WAVE_IF_CAN,222520,6/23/2023 10:15,a118a19a-0126-48ea-9d7b-7762f8e99926,"(4.2, 0.0, 3.4)",waveIfCan,Gloria_8 Root,,,,,,,,,
S_A_L_T_WAVE_IF_CAN,222520,6/23/2023 10:15,a118a19a-0126-48ea-9d7b-7762f8e99926,"(2.6, 0.0, 5.0)",waveIfCan,Helga_10 Root,,,,,,,,,
S_A_L_T_WALK_IF_CAN,222537,6/23/2023 10:15,a118a19a-0126-48ea-9d7b-7762f8e99926,"(3.0, 0.0, 4.5)",walkIfCan,Lily_2 Root,,,,,,,,,
S_A_L_T_WALK_IF_CAN,222537,6/23/2023 10:15,a118a19a-0126-48ea-9d7b-7762f8e99926,"(1.2, 0.0, 6.2)",walkIfCan,Lily_4 Root,,,,,,,,,
S_A_L_T_WALK_IF_CAN,222537,6/23/2023 10:15,a118a19a-0126-48ea-9d7b-7762f8e99926,"(2.7, 0.0, 2.3)",walkIfCan,Mike_5 Root,,,,,,,,,
S_A_L_T_WALK_IF_CAN,222537,6/23/2023 10:15,a118a19a-0126-48ea-9d7b-7762f8e99926,"(-1.2, 0.0, 3.1)",walkIfCan,Gloria_6 Root,,,,,,,,,
S_A_L_T_WALK_IF_CAN,222537,6/23/2023 10:15,a118a19a-0126-48ea-9d7b-7762f8e99926,"(1.3, 0.0, 3.4)",walkIfCan,Mike_7 Root,,,,,,,,,
S_A_L_T_WALK_IF_CAN,222537,6/23/2023 10:15,a118a19a-0126-48ea-9d7b-7762f8e99926,"(4.2, 0.0, 3.3)",walkIfCan,Gloria_8 Root,,,,,,,,,
S_A_L_T_WALKED,222537,6/23/2023 10:15,a118a19a-0126-48ea-9d7b-7762f8e99926,"(4.2, 0.0, 3.3)",walked,Gloria_8 Root,,,,,,,,,
S_A_L_T_WALK_IF_CAN,222537,6/23/2023 10:15,a118a19a-0126-48ea-9d7b-7762f8e99926,"(2.6, 0.0, 5.0)",walkIfCan,Helga_10 Root,,,,,,,,,
S_A_L_T_WALKED,222537,6/23/2023 10:15,a118a19a-0126-48ea-9d7b-7762f8e99926,"(2.6, 0.0, 5.0)",walked,Helga_10 Root,,,,,,,,,
VOICE_CAPTURE,222619,6/23/2023 10:15,a118a19a-0126-48ea-9d7b-7762f8e99926,anybody that can wave wave,NA,,,,,,,,,,
VOICE_COMMAND,222619,6/23/2023 10:15,a118a19a-0126-48ea-9d7b-7762f8e99926,wave if you can,anybody that can wave wave,,,,,,,,,,
S_A_L_T_WAVE_IF_CAN,222620,6/23/2023 10:15,a118a19a-0126-48ea-9d7b-7762f8e99926,"(4.2, 0.0, 3.2)",waveIfCan,Gloria_8 Root,,,,,,,,,
S_A_L_T_WAVE_IF_CAN,222620,6/23/2023 10:15,a118a19a-0126-48ea-9d7b-7762f8e99926,"(2.5, 0.0, 4.9)",waveIfCan,Helga_10 Root,,,,,,,,,
S_A_L_T_WALK_IF_CAN,222638,6/23/2023 10:15,a118a19a-0126-48ea-9d7b-7762f8e99926,"(3.0, 0.0, 4.5)",walkIfCan,Lily_2 Root,,,,,,,,,
S_A_L_T_WALK_IF_CAN,222638,6/23/2023 10:15,a118a19a-0126-48ea-9d7b-7762f8e99926,"(1.2, 0.0, 6.2)",walkIfCan,Lily_4 Root,,,,,,,,,
S_A_L_T_WALK_IF_CAN,222638,6/23/2023 10:15,a118a19a-0126-48ea-9d7b-7762f8e99926,"(2.7, 0.0, 2.3)",walkIfCan,Mike_5 Root,,,,,,,,,
S_A_L_T_WALK_IF_CAN,222638,6/23/2023 10:15,a118a19a-0126-48ea-9d7b-7762f8e99926,"(-1.2, 0.0, 3.1)",walkIfCan,Gloria_6 Root,,,,,,,,,
S_A_L_T_WALK_IF_CAN,222638,6/23/2023 10:15,a118a19a-0126-48ea-9d7b-7762f8e99926,"(1.3, 0.0, 3.4)",walkIfCan,Mike_7 Root,,,,,,,,,
S_A_L_T_WALK_IF_CAN,222638,6/23/2023 10:15,a118a19a-0126-48ea-9d7b-7762f8e99926,"(4.2, 0.0, 3.2)",walkIfCan,Gloria_8 Root,,,,,,,,,
S_A_L_T_WALKED,222638,6/23/2023 10:15,a118a19a-0126-48ea-9d7b-7762f8e99926,"(4.2, 0.0, 3.2)",walked,Gloria_8 Root,,,,,,,,,
S_A_L_T_WALK_IF_CAN,222638,6/23/2023 10:15,a118a19a-0126-48ea-9d7b-7762f8e99926,"(2.5, 0.0, 4.9)",walkIfCan,Helga_10 Root,,,,,,,,,
S_A_L_T_WALKED,222638,6/23/2023 10:15,a118a19a-0126-48ea-9d7b-7762f8e99926,"(2.5, 0.0, 4.9)",walked,Helga_10 Root,,,,,,,,,
VOICE_CAPTURE,223154,6/23/2023 10:15,a118a19a-0126-48ea-9d7b-7762f8e99926,wave,NA,,,,,,,,,,
VOICE_COMMAND,223154,6/23/2023 10:15,a118a19a-0126-48ea-9d7b-7762f8e99926,wave if you can,wave,,,,,,,,,,
S_A_L_T_WAVE_IF_CAN,223154,6/23/2023 10:15,a118a19a-0126-48ea-9d7b-7762f8e99926,"(4.1, 0.0, 2.7)",waveIfCan,Gloria_8 Root,,,,,,,,,
S_A_L_T_WAVE_IF_CAN,223154,6/23/2023 10:15,a118a19a-0126-48ea-9d7b-7762f8e99926,"(2.4, 0.0, 4.4)",waveIfCan,Helga_10 Root,,,,,,,,,
S_A_L_T_WALK_IF_CAN,223171,6/23/2023 10:15,a118a19a-0126-48ea-9d7b-7762f8e99926,"(3.0, 0.0, 4.5)",walkIfCan,Lily_2 Root,,,,,,,,,
S_A_L_T_WALK_IF_CAN,223171,6/23/2023 10:15,a118a19a-0126-48ea-9d7b-7762f8e99926,"(1.2, 0.0, 6.2)",walkIfCan,Lily_4 Root,,,,,,,,,
S_A_L_T_WALK_IF_CAN,223171,6/23/2023 10:15,a118a19a-0126-48ea-9d7b-7762f8e99926,"(2.7, 0.0, 2.3)",walkIfCan,Mike_5 Root,,,,,,,,,
S_A_L_T_WALK_IF_CAN,223171,6/23/2023 10:15,a118a19a-0126-48ea-9d7b-7762f8e99926,"(-1.2, 0.0, 3.1)",walkIfCan,Gloria_6 Root,,,,,,,,,
S_A_L_T_WALK_IF_CAN,223171,6/23/2023 10:15,a118a19a-0126-48ea-9d7b-7762f8e99926,"(1.3, 0.0, 3.4)",walkIfCan,Mike_7 Root,,,,,,,,,
S_A_L_T_WALK_IF_CAN,223171,6/23/2023 10:15,a118a19a-0126-48ea-9d7b-7762f8e99926,"(4.1, 0.0, 2.6)",walkIfCan,Gloria_8 Root,,,,,,,,,
S_A_L_T_WALKED,223171,6/23/2023 10:15,a118a19a-0126-48ea-9d7b-7762f8e99926,"(4.1, 0.0, 2.6)",walked,Gloria_8 Root,,,,,,,,,
S_A_L_T_WALK_IF_CAN,223171,6/23/2023 10:15,a118a19a-0126-48ea-9d7b-7762f8e99926,"(2.4, 0.0, 4.4)",walkIfCan,Helga_10 Root,,,,,,,,,
S_A_L_T_WALKED,223171,6/23/2023 10:15,a118a19a-0126-48ea-9d7b-7762f8e99926,"(2.4, 0.0, 4.4)",walked,Helga_10 Root,,,,,,,,,
VOICE_CAPTURE,224058,6/23/2023 10:15,a118a19a-0126-48ea-9d7b-7762f8e99926,wave,NA,,,,,,,,,,
VOICE_COMMAND,224058,6/23/2023 10:15,a118a19a-0126-48ea-9d7b-7762f8e99926,wave if you can,wave,,,,,,,,,,
S_A_L_T_WAVE_IF_CAN,224059,6/23/2023 10:15,a118a19a-0126-48ea-9d7b-7762f8e99926,"(4.0, 0.0, 1.7)",waveIfCan,Gloria_8 Root,,,,,,,,,
S_A_L_T_WAVE_IF_CAN,224059,6/23/2023 10:15,a118a19a-0126-48ea-9d7b-7762f8e99926,"(2.3, 0.0, 3.5)",waveIfCan,Helga_10 Root,,,,,,,,,
S_A_L_T_WALK_IF_CAN,224073,6/23/2023 10:15,a118a19a-0126-48ea-9d7b-7762f8e99926,"(3.0, 0.0, 4.5)",walkIfCan,Lily_2 Root,,,,,,,,,
S_A_L_T_WALK_IF_CAN,224074,6/23/2023 10:15,a118a19a-0126-48ea-9d7b-7762f8e99926,"(2.7, 0.0, 2.3)",walkIfCan,Mike_5 Root,,,,,,,,,
S_A_L_T_WALK_IF_CAN,224074,6/23/2023 10:15,a118a19a-0126-48ea-9d7b-7762f8e99926,"(-1.2, 0.0, 3.1)",walkIfCan,Gloria_6 Root,,,,,,,,,
S_A_L_T_WALK_IF_CAN,224074,6/23/2023 10:15,a118a19a-0126-48ea-9d7b-7762f8e99926,"(1.3, 0.0, 3.4)",walkIfCan,Mike_7 Root,,,,,,,,,
S_A_L_T_WALK_IF_CAN,224074,6/23/2023 10:15,a118a19a-0126-48ea-9d7b-7762f8e99926,"(4.0, 0.0, 1.7)",walkIfCan,Gloria_8 Root,,,,,,,,,
S_A_L_T_WALKED,224074,6/23/2023 10:15,a118a19a-0126-48ea-9d7b-7762f8e99926,"(4.0, 0.0, 1.7)",walked,Gloria_8 Root,,,,,,,,,
S_A_L_T_WALK_IF_CAN,224074,6/23/2023 10:15,a118a19a-0126-48ea-9d7b-7762f8e99926,"(2.3, 0.0, 3.5)",walkIfCan,Helga_10 Root,,,,,,,,,
S_A_L_T_WALKED,224074,6/23/2023 10:15,a118a19a-0126-48ea-9d7b-7762f8e99926,"(2.3, 0.0, 3.5)",walked,Helga_10 Root,,,,,,,,,
TELEPORT,224541,6/23/2023 10:15,a118a19a-0126-48ea-9d7b-7762f8e99926,"(0.8, 0.0, -2.3)",,,,,,,,,,,
VOICE_CAPTURE,225846,6/23/2023 10:15,a118a19a-0126-48ea-9d7b-7762f8e99926,OK,NA,,,,,,,,,,
VOICE_CAPTURE,226177,6/23/2023 10:15,a118a19a-0126-48ea-9d7b-7762f8e99926,wave,NA,,,,,,,,,,
VOICE_COMMAND,226177,6/23/2023 10:15,a118a19a-0126-48ea-9d7b-7762f8e99926,wave if you can,wave,,,,,,,,,,
S_A_L_T_WAVE_IF_CAN,226178,6/23/2023 10:15,a118a19a-0126-48ea-9d7b-7762f8e99926,"(3.7, 0.0, -0.5)",waveIfCan,Gloria_8 Root,,,,,,,,,
S_A_L_T_WAVE_IF_CAN,226178,6/23/2023 10:15,a118a19a-0126-48ea-9d7b-7762f8e99926,"(2.2, 0.0, 1.6)",waveIfCan,Helga_10 Root,,,,,,,,,
S_A_L_T_WALK_IF_CAN,226194,6/23/2023 10:15,a118a19a-0126-48ea-9d7b-7762f8e99926,"(3.7, 0.0, -0.5)",walkIfCan,Gloria_8 Root,,,,,,,,,
S_A_L_T_WALKED,226194,6/23/2023 10:15,a118a19a-0126-48ea-9d7b-7762f8e99926,"(3.7, 0.0, -0.5)",walked,Gloria_8 Root,,,,,,,,,
S_A_L_T_WALK_IF_CAN,226194,6/23/2023 10:15,a118a19a-0126-48ea-9d7b-7762f8e99926,"(2.2, 0.0, 1.6)",walkIfCan,Helga_10 Root,,,,,,,,,
S_A_L_T_WALKED,226194,6/23/2023 10:15,a118a19a-0126-48ea-9d7b-7762f8e99926,"(2.2, 0.0, 1.6)",walked,Helga_10 Root,,,,,,,,,
PATIENT_ENGAGED,228616,6/23/2023 10:15,a118a19a-0126-48ea-9d7b-7762f8e99926,100,0,Gary_3 Root,"(0.4, 0.0, 1.7)","(0.0, 0.0, 0.0, 1.0)",IMMEDIATE,still,faint,collapsedRight,normal,unresponsive,supine
PULSE_TAKEN,228665,6/23/2023 10:15,a118a19a-0126-48ea-9d7b-7762f8e99926,pulse_faint,Gary_3 Root,,,,,,,,,,
PULSE_TAKEN,230272,6/23/2023 10:15,a118a19a-0126-48ea-9d7b-7762f8e99926,pulse_faint,Gary_3 Root,,,,,,,,,,
PULSE_TAKEN,231557,6/23/2023 10:15,a118a19a-0126-48ea-9d7b-7762f8e99926,pulse_faint,Gary_3 Root,,,,,,,,,,
BAG_ACCESS,233344,6/23/2023 10:15,a118a19a-0126-48ea-9d7b-7762f8e99926,"(0.6, 0.4, 0.8)",,,,,,,,,,,
TOOL_HOVER,234033,6/23/2023 10:15,a118a19a-0126-48ea-9d7b-7762f8e99926,Needle,998,,,,,,,,,,
TOOL_HOVER,234049,6/23/2023 10:15,a118a19a-0126-48ea-9d7b-7762f8e99926,Needle,998,,,,,,,,,,
TOOL_HOVER,234066,6/23/2023 10:15,a118a19a-0126-48ea-9d7b-7762f8e99926,Needle,998,,,,,,,,,,
TOOL_HOVER,234081,6/23/2023 10:15,a118a19a-0126-48ea-9d7b-7762f8e99926,Needle,998,,,,,,,,,,
TOOL_HOVER,234097,6/23/2023 10:15,a118a19a-0126-48ea-9d7b-7762f8e99926,Needle,998,,,,,,,,,,
TOOL_HOVER,234114,6/23/2023 10:15,a118a19a-0126-48ea-9d7b-7762f8e99926,Needle,998,,,,,,,,,,
TOOL_HOVER,234131,6/23/2023 10:15,a118a19a-0126-48ea-9d7b-7762f8e99926,Needle,998,,,,,,,,,,
TOOL_HOVER,234147,6/23/2023 10:15,a118a19a-0126-48ea-9d7b-7762f8e99926,Needle,998,,,,,,,,,,
TOOL_HOVER,234164,6/23/2023 10:15,a118a19a-0126-48ea-9d7b-7762f8e99926,Needle,998,,,,,,,,,,
TOOL_SELECTED,234165,6/23/2023 10:15,a118a19a-0126-48ea-9d7b-7762f8e99926,Needle,997,,,,,,,,,,
INJURY_TREATED,236520,6/23/2023 10:15,a118a19a-0126-48ea-9d7b-7762f8e99926,R Chest Collapse,Gary_3 Root,decompress,high,chest,TRUE,FALSE,"(0.0, 0.0, 0.0)",,,,
TOOL_APPLIED,236521,6/23/2023 10:15,a118a19a-0126-48ea-9d7b-7762f8e99926,Needle_Decomp(Clone),Needle,RChest_Breathe1 (UnityEngine.GameObject),cath_needle (UnityEngine.GameObject),right_chest,Needle_Decomp(Clone) (UnityEngine.GameObject),AppliedDecompNeedle,,,,,
PULSE_TAKEN,238206,6/23/2023 10:15,a118a19a-0126-48ea-9d7b-7762f8e99926,pulse_faint,Gary_3 Root,,,,,,,,,,
TAG_SELECTED,246559,6/23/2023 10:15,a118a19a-0126-48ea-9d7b-7762f8e99926,red,,,,,,,,,,,
TAG_APPLIED,247634,6/23/2023 10:15,a118a19a-0126-48ea-9d7b-7762f8e99926,Gary_3 Root,red,,,,,,,,,,
VOICE_CAPTURE,248447,6/23/2023 10:15,a118a19a-0126-48ea-9d7b-7762f8e99926,No other wounds that I can see so we're gonna go with the,NA,,,,,,,,,,
BAG_CLOSED,249719,6/23/2023 10:15,a118a19a-0126-48ea-9d7b-7762f8e99926,"(0.6, 0.4, 0.8)",,,,,,,,,,,
VOICE_CAPTURE,250008,6/23/2023 10:15,a118a19a-0126-48ea-9d7b-7762f8e99926,red,NA,,,,,,,,,,
TELEPORT,251444,6/23/2023 10:15,a118a19a-0126-48ea-9d7b-7762f8e99926,"(1.9, 0.0, 0.1)",,,,,,,,,,,
VOICE_CAPTURE,253668,6/23/2023 10:15,a118a19a-0126-48ea-9d7b-7762f8e99926,man I'm conscious,NA,,,,,,,,,,
TELEPORT,253669,6/23/2023 10:15,a118a19a-0126-48ea-9d7b-7762f8e99926,"(3.2, 0.0, 4.5)",,,,,,,,,,,
PATIENT_ENGAGED,255372,6/23/2023 10:15,a118a19a-0126-48ea-9d7b-7762f8e99926,100,Infinity,Gary_1 Root,"(1.6, 0.0, 7.6)","(0.0, 1.0, 0.0, 0.0)",EXPECTANT,still,none,restricted,none,unresponsive,supine
VOICE_CAPTURE,262676,6/23/2023 10:16,a118a19a-0126-48ea-9d7b-7762f8e99926,I can't move a shirt or anything right,NA,,,,,,,,,,
BAG_ACCESS,265994,6/23/2023 10:16,a118a19a-0126-48ea-9d7b-7762f8e99926,"(0.8, 0.4, 7.8)",,,,,,,,,,,
TOOL_HOVER,266727,6/23/2023 10:16,a118a19a-0126-48ea-9d7b-7762f8e99926,Gauze,999,,,,,,,,,,
TOOL_HOVER,266743,6/23/2023 10:16,a118a19a-0126-48ea-9d7b-7762f8e99926,Gauze,999,,,,,,,,,,
TOOL_HOVER,266760,6/23/2023 10:16,a118a19a-0126-48ea-9d7b-7762f8e99926,Gauze,999,,,,,,,,,,
TOOL_HOVER,266776,6/23/2023 10:16,a118a19a-0126-48ea-9d7b-7762f8e99926,Gauze,999,,,,,,,,,,
TOOL_SELECTED,266777,6/23/2023 10:16,a118a19a-0126-48ea-9d7b-7762f8e99926,Gauze,998,,,,,,,,,,
TOOL_DISCARDED,268869,6/23/2023 10:16,a118a19a-0126-48ea-9d7b-7762f8e99926,Gauze,998,"(0.9, 0.1, 8.3)",,,,,,,,,
INJURY_TREATED,268870,6/23/2023 10:16,a118a19a-0126-48ea-9d7b-7762f8e99926,Face Shrapnel,Gary_1 Root,airway,high,head,FALSE,TRUE,"(0.9, 0.1, 8.3)",,,,
TOOL_APPLIED,268870,6/23/2023 10:16,a118a19a-0126-48ea-9d7b-7762f8e99926,Gary_1 Root,Gauze_Dressing,skinCollider_BodyGar_LOD (UnityEngine.GameObject),null,null,AppliedDressingGauze,,,,,,
VOICE_CAPTURE,271580,6/23/2023 10:16,a118a19a-0126-48ea-9d7b-7762f8e99926,what bandages had with this thing,NA,,,,,,,,,,
PULSE_TAKEN,272156,6/23/2023 10:16,a118a19a-0126-48ea-9d7b-7762f8e99926,pulse_none,Gary_1 Root,,,,,,,,,,
VOICE_CAPTURE,276483,6/23/2023 10:16,a118a19a-0126-48ea-9d7b-7762f8e99926,no,NA,,,,,,,,,,
VOICE_CAPTURE,278886,6/23/2023 10:16,a118a19a-0126-48ea-9d7b-7762f8e99926,yeah,NA,,,,,,,,,,
VOICE_CAPTURE,281091,6/23/2023 10:16,a118a19a-0126-48ea-9d7b-7762f8e99926,it's I mean he's,NA,,,,,,,,,,
VOICE_CAPTURE,282580,6/23/2023 10:16,a118a19a-0126-48ea-9d7b-7762f8e99926,yeah,NA,,,,,,,,,,
VOICE_CAPTURE,287993,6/23/2023 10:16,a118a19a-0126-48ea-9d7b-7762f8e99926,right,NA,,,,,,,,,,
VOICE_CAPTURE,291283,6/23/2023 10:16,a118a19a-0126-48ea-9d7b-7762f8e99926,immediate,NA,,,,,,,,,,
TAG_SELECTED,291535,6/23/2023 10:16,a118a19a-0126-48ea-9d7b-7762f8e99926,yellow,,,,,,,,,,,
TAG_DISCARDED,292154,6/23/2023 10:16,a118a19a-0126-48ea-9d7b-7762f8e99926,yellow,"(1.2, 0.5, 7.7)",,,,,,,,,,
TAG_SELECTED,294843,6/23/2023 10:16,a118a19a-0126-48ea-9d7b-7762f8e99926,gray,,,,,,,,,,,
TAG_APPLIED,296715,6/23/2023 10:16,a118a19a-0126-48ea-9d7b-7762f8e99926,Gary_1 Root,gray,,,,,,,,,,
VOICE_CAPTURE,300503,6/23/2023 10:16,a118a19a-0126-48ea-9d7b-7762f8e99926,OK yeah,NA,,,,,,,,,,
BAG_CLOSED,300942,6/23/2023 10:16,a118a19a-0126-48ea-9d7b-7762f8e99926,"(0.8, 0.4, 7.8)",,,,,,,,,,,
VOICE_CAPTURE,303245,6/23/2023 10:16,a118a19a-0126-48ea-9d7b-7762f8e99926,so,NA,,,,,,,,,,
PATIENT_ENGAGED,304701,6/23/2023 10:16,a118a19a-0126-48ea-9d7b-7762f8e99926,100,Infinity,Lily_4 Root,"(1.2, 0.0, 6.2)","(0.0, 1.0, 0.0, 0.0)",IMMEDIATE,waver,fast,normal,normal,upset,fetal
BAG_ACCESS,308780,6/23/2023 10:16,a118a19a-0126-48ea-9d7b-7762f8e99926,"(0.2, 0.8, 7.3)",,,,,,,,,,,
VOICE_CAPTURE,309530,6/23/2023 10:16,a118a19a-0126-48ea-9d7b-7762f8e99926,oh we got another one over here,NA,,,,,,,,,,
BAG_CLOSED,309564,6/23/2023 10:16,a118a19a-0126-48ea-9d7b-7762f8e99926,"(0.2, 0.8, 7.3)",,,,,,,,,,,
TELEPORT,309564,6/23/2023 10:16,a118a19a-0126-48ea-9d7b-7762f8e99926,"(2.8, 0.0, 6.1)",,,,,,,,,,,
PULSE_TAKEN,313696,6/23/2023 10:16,a118a19a-0126-48ea-9d7b-7762f8e99926,pulse_none,Bob_0 Root,,,,,,,,,,
PATIENT_ENGAGED,316306,6/23/2023 10:16,a118a19a-0126-48ea-9d7b-7762f8e99926,100,Infinity,Bob_0 Root,"(-1.7, 0.0, 5.7)","(0.0, 0.7, 0.0, 0.7)",DEAD,still,none,none,none,dead,supine
BAG_ACCESS,317876,6/23/2023 10:16,a118a19a-0126-48ea-9d7b-7762f8e99926,"(-1.6, 0.4, 5.0)",,,,,,,,,,,
TAG_SELECTED,318453,6/23/2023 10:16,a118a19a-0126-48ea-9d7b-7762f8e99926,black,,,,,,,,,,,
VOICE_CAPTURE,318919,6/23/2023 10:16,a118a19a-0126-48ea-9d7b-7762f8e99926,no pulse she's dead,NA,,,,,,,,,,
TAG_APPLIED,320069,6/23/2023 10:16,a118a19a-0126-48ea-9d7b-7762f8e99926,Bob_0 Root,black,,,,,,,,,,
PULSE_TAKEN,320286,6/23/2023 10:16,a118a19a-0126-48ea-9d7b-7762f8e99926,pulse_none,Bob_0 Root,,,,,,,,,,
VOICE_CAPTURE,322607,6/23/2023 10:17,a118a19a-0126-48ea-9d7b-7762f8e99926,I guess I could check up here,NA,,,,,,,,,,
BAG_CLOSED,323309,6/23/2023 10:17,a118a19a-0126-48ea-9d7b-7762f8e99926,"(-1.6, 0.4, 5.0)",,,,,,,,,,,
VOICE_CAPTURE,328657,6/23/2023 10:17,a118a19a-0126-48ea-9d7b-7762f8e99926,anybody else attacked him tagged him,NA,,,,,,,,,,
TELEPORT,329978,6/23/2023 10:17,a118a19a-0126-48ea-9d7b-7762f8e99926,"(1.4, 0.0, 4.2)",,,,,,,,,,,
VOICE_CAPTURE,331446,6/23/2023 10:17,a118a19a-0126-48ea-9d7b-7762f8e99926,OK so,NA,,,,,,,,,,
PATIENT_ENGAGED,333270,6/23/2023 10:17,a118a19a-0126-48ea-9d7b-7762f8e99926,100,Infinity,Gloria_6 Root,"(-1.2, 0.0, 3.1)","(0.0, 0.4, 0.0, 0.9)",DELAYED,waver,fast,normal,normal,upset,fetal
VOICE_CAPTURE,334837,6/23/2023 10:17,a118a19a-0126-48ea-9d7b-7762f8e99926,since we're right here let's get her,NA,,,,,,,,,,
PULSE_TAKEN,336862,6/23/2023 10:17,a118a19a-0126-48ea-9d7b-7762f8e99926,pulse_fast,Gloria_6 Root,,,,,,,,,,
PULSE_TAKEN,339056,6/23/2023 10:17,a118a19a-0126-48ea-9d7b-7762f8e99926,pulse_fast,Gloria_6 Root,,,,,,,,,,
VOICE_CAPTURE,342557,6/23/2023 10:17,a118a19a-0126-48ea-9d7b-7762f8e99926,she's got a pulse,NA,,,,,,,,,,
BAG_ACCESS,342584,6/23/2023 10:17,a118a19a-0126-48ea-9d7b-7762f8e99926,"(-1.0, 0.4, 3.5)",,,,,,,,,,,
TAG_SELECTED,343162,6/23/2023 10:17,a118a19a-0126-48ea-9d7b-7762f8e99926,yellow,,,,,,,,,,,
TAG_DISCARDED,343667,6/23/2023 10:17,a118a19a-0126-48ea-9d7b-7762f8e99926,yellow,"(-1.4, 0.6, 3.4)",,,,,,,,,,
TOOL_HOVER,343718,6/23/2023 10:17,a118a19a-0126-48ea-9d7b-7762f8e99926,Gauze,999,,,,,,,,,,
TOOL_HOVER,343725,6/23/2023 10:17,a118a19a-0126-48ea-9d7b-7762f8e99926,Gauze,999,,,,,,,,,,
TOOL_HOVER,343734,6/23/2023 10:17,a118a19a-0126-48ea-9d7b-7762f8e99926,Gauze,999,,,,,,,,,,
TOOL_HOVER,343742,6/23/2023 10:17,a118a19a-0126-48ea-9d7b-7762f8e99926,Gauze,999,,,,,,,,,,
TOOL_HOVER,343750,6/23/2023 10:17,a118a19a-0126-48ea-9d7b-7762f8e99926,Gauze,999,,,,,,,,,,
TOOL_HOVER,343758,6/23/2023 10:17,a118a19a-0126-48ea-9d7b-7762f8e99926,Gauze,999,,,,,,,,,,
TOOL_HOVER,343768,6/23/2023 10:17,a118a19a-0126-48ea-9d7b-7762f8e99926,Gauze,999,,,,,,,,,,
TOOL_HOVER,343776,6/23/2023 10:17,a118a19a-0126-48ea-9d7b-7762f8e99926,Gauze,999,,,,,,,,,,
TOOL_HOVER,343783,6/23/2023 10:17,a118a19a-0126-48ea-9d7b-7762f8e99926,Gauze,999,,,,,,,,,,
TOOL_HOVER,343792,6/23/2023 10:17,a118a19a-0126-48ea-9d7b-7762f8e99926,Gauze,999,,,,,,,,,,
TOOL_HOVER,343800,6/23/2023 10:17,a118a19a-0126-48ea-9d7b-7762f8e99926,Gauze,999,,,,,,,,,,
TOOL_HOVER,343809,6/23/2023 10:17,a118a19a-0126-48ea-9d7b-7762f8e99926,Gauze,999,,,,,,,,,,
TOOL_HOVER,343817,6/23/2023 10:17,a118a19a-0126-48ea-9d7b-7762f8e99926,Gauze,999,,,,,,,,,,
TOOL_HOVER,343826,6/23/2023 10:17,a118a19a-0126-48ea-9d7b-7762f8e99926,Gauze,999,,,,,,,,,,
TOOL_HOVER,343833,6/23/2023 10:17,a118a19a-0126-48ea-9d7b-7762f8e99926,Gauze,999,,,,,,,,,,
TOOL_HOVER,343843,6/23/2023 10:17,a118a19a-0126-48ea-9d7b-7762f8e99926,Gauze,999,,,,,,,,,,
TOOL_HOVER,343851,6/23/2023 10:17,a118a19a-0126-48ea-9d7b-7762f8e99926,Gauze,999,,,,,,,,,,
TOOL_HOVER,343859,6/23/2023 10:17,a118a19a-0126-48ea-9d7b-7762f8e99926,Gauze,999,,,,,,,,,,
TOOL_HOVER,343867,6/23/2023 10:17,a118a19a-0126-48ea-9d7b-7762f8e99926,Gauze,999,,,,,,,,,,
TOOL_HOVER,343876,6/23/2023 10:17,a118a19a-0126-48ea-9d7b-7762f8e99926,Gauze,999,,,,,,,,,,
TOOL_HOVER,343886,6/23/2023 10:17,a118a19a-0126-48ea-9d7b-7762f8e99926,Gauze,999,,,,,,,,,,
TOOL_HOVER,343894,6/23/2023 10:17,a118a19a-0126-48ea-9d7b-7762f8e99926,Gauze,999,,,,,,,,,,
TOOL_HOVER,343901,6/23/2023 10:17,a118a19a-0126-48ea-9d7b-7762f8e99926,Gauze,999,,,,,,,,,,
TOOL_HOVER,343909,6/23/2023 10:17,a118a19a-0126-48ea-9d7b-7762f8e99926,Gauze,999,,,,,,,,,,
TOOL_HOVER,344019,6/23/2023 10:17,a118a19a-0126-48ea-9d7b-7762f8e99926,Gauze,999,,,,,,,,,,
TOOL_HOVER,344028,6/23/2023 10:17,a118a19a-0126-48ea-9d7b-7762f8e99926,Gauze,999,,,,,,,,,,
TOOL_HOVER,344036,6/23/2023 10:17,a118a19a-0126-48ea-9d7b-7762f8e99926,Gauze,999,,,,,,,,,,
TOOL_HOVER,344044,6/23/2023 10:17,a118a19a-0126-48ea-9d7b-7762f8e99926,Gauze,999,,,,,,,,,,
TOOL_HOVER,344052,6/23/2023 10:17,a118a19a-0126-48ea-9d7b-7762f8e99926,Gauze,999,,,,,,,,,,
TOOL_HOVER,344064,6/23/2023 10:17,a118a19a-0126-48ea-9d7b-7762f8e99926,Gauze,999,,,,,,,,,,
TOOL_HOVER,344072,6/23/2023 10:17,a118a19a-0126-48ea-9d7b-7762f8e99926,Gauze,999,,,,,,,,,,
TOOL_HOVER,344079,6/23/2023 10:17,a118a19a-0126-48ea-9d7b-7762f8e99926,Gauze,999,,,,,,,,,,
TOOL_HOVER,344087,6/23/2023 10:17,a118a19a-0126-48ea-9d7b-7762f8e99926,Gauze,999,,,,,,,,,,
TOOL_HOVER,344096,6/23/2023 10:17,a118a19a-0126-48ea-9d7b-7762f8e99926,Gauze,999,,,,,,,,,,
TOOL_HOVER,344104,6/23/2023 10:17,a118a19a-0126-48ea-9d7b-7762f8e99926,Gauze,999,,,,,,,,,,
TOOL_HOVER,344113,6/23/2023 10:17,a118a19a-0126-48ea-9d7b-7762f8e99926,Gauze,999,,,,,,,,,,
TOOL_SELECTED,344114,6/23/2023 10:17,a118a19a-0126-48ea-9d7b-7762f8e99926,Gauze,998,,,,,,,,,,
TOOL_DISCARDED,345167,6/23/2023 10:17,a118a19a-0126-48ea-9d7b-7762f8e99926,Gauze,998,"(-1.1, 0.2, 3.2)",,,,,,,,,
INJURY_TREATED,345167,6/23/2023 10:17,a118a19a-0126-48ea-9d7b-7762f8e99926,R Calf Shrapnel,Gloria_6 Root,gauzePressure,medium,rightLeg,TRUE,FALSE,"(-1.1, 0.2, 3.2)",,,,
TOOL_APPLIED,345167,6/23/2023 10:17,a118a19a-0126-48ea-9d7b-7762f8e99926,Gloria_6 Root,Gauze_Dressing,skinCollider_Body_LOD (UnityEngine.GameObject),null,null,AppliedDressingGauze,,,,,,
TAG_SELECTED,351367,6/23/2023 10:17,a118a19a-0126-48ea-9d7b-7762f8e99926,yellow,,,,,,,,,,,
VOICE_CAPTURE,353690,6/23/2023 10:17,a118a19a-0126-48ea-9d7b-7762f8e99926,banish that and we're gonna do a,NA,,,,,,,,,,
VOICE_CAPTURE,354955,6/23/2023 10:17,a118a19a-0126-48ea-9d7b-7762f8e99926,blade right,NA,,,,,,,,,,
VOICE_CAPTURE,358056,6/23/2023 10:17,a118a19a-0126-48ea-9d7b-7762f8e99926,she's got something out of her,NA,,,,,,,,,,
TAG_APPLIED,358231,6/23/2023 10:17,a118a19a-0126-48ea-9d7b-7762f8e99926,Gloria_6 Root,yellow,,,,,,,,,,
BAG_CLOSED,359617,6/23/2023 10:17,a118a19a-0126-48ea-9d7b-7762f8e99926,"(-1.0, 0.4, 3.5)",,,,,,,,,,,
VOICE_CAPTURE,359680,6/23/2023 10:17,a118a19a-0126-48ea-9d7b-7762f8e99926,right,NA,,,,,,,,,,
TELEPORT,359881,6/23/2023 10:17,a118a19a-0126-48ea-9d7b-7762f8e99926,"(1.7, 0.0, 3.2)",,,,,,,,,,,
VOICE_CAPTURE,362019,6/23/2023 10:17,a118a19a-0126-48ea-9d7b-7762f8e99926,OK so,NA,,,,,,,,,,
BAG_ACCESS,364186,6/23/2023 10:17,a118a19a-0126-48ea-9d7b-7762f8e99926,"(0.3, 0.5, 3.4)",,,,,,,,,,,
TOOL_HOVER,364619,6/23/2023 10:17,a118a19a-0126-48ea-9d7b-7762f8e99926,Tourniquet,998,,,,,,,,,,
TOOL_HOVER,364636,6/23/2023 10:17,a118a19a-0126-48ea-9d7b-7762f8e99926,Tourniquet,998,,,,,,,,,,
TOOL_HOVER,364652,6/23/2023 10:17,a118a19a-0126-48ea-9d7b-7762f8e99926,Tourniquet,998,,,,,,,,,,
TOOL_HOVER,364669,6/23/2023 10:17,a118a19a-0126-48ea-9d7b-7762f8e99926,Tourniquet,998,,,,,,,,,,
TOOL_SELECTED,364670,6/23/2023 10:17,a118a19a-0126-48ea-9d7b-7762f8e99926,Tourniquet,997,,,,,,,,,,
PATIENT_ENGAGED,366074,6/23/2023 10:17,a118a19a-0126-48ea-9d7b-7762f8e99926,100,Infinity,Mike_7 Root,"(1.3, 0.0, 3.4)","(0.0, 0.1, 0.0, 1.0)",DELAYED,waver,fast,normal,normal,upset,sittingGround
INJURY_TREATED,366657,6/23/2023 10:17,a118a19a-0126-48ea-9d7b-7762f8e99926,L Thigh Puncture,Mike_7 Root,tourniquet,medium,leftLeg,TRUE,FALSE,"(0.7, 0.1, 3.5)",,,,
TOOL_APPLIED,366657,6/23/2023 10:17,a118a19a-0126-48ea-9d7b-7762f8e99926,Mike_7 Root,Tourniquet,LeftUpLeg (UnityEngine.GameObject),tor_ring (1) (UnityEngine.GameObject),tourniquet(Clone) (UnityEngine.GameObject),AppliedTourniquet,,,,,,
VOICE_CAPTURE,368184,6/23/2023 10:17,a118a19a-0126-48ea-9d7b-7762f8e99926,Spartan blood put tourniquet on it,NA,,,,,,,,,,
TOOL_HOVER,368718,6/23/2023 10:17,a118a19a-0126-48ea-9d7b-7762f8e99926,Gauze,999,,,,,,,,,,
TOOL_HOVER,368734,6/23/2023 10:17,a118a19a-0126-48ea-9d7b-7762f8e99926,Gauze,999,,,,,,,,,,
TOOL_HOVER,368751,6/23/2023 10:17,a118a19a-0126-48ea-9d7b-7762f8e99926,Gauze,999,,,,,,,,,,
TOOL_HOVER,368768,6/23/2023 10:17,a118a19a-0126-48ea-9d7b-7762f8e99926,Gauze,999,,,,,,,,,,
TOOL_HOVER,368785,6/23/2023 10:17,a118a19a-0126-48ea-9d7b-7762f8e99926,Gauze,999,,,,,,,,,,
TOOL_HOVER,368801,6/23/2023 10:17,a118a19a-0126-48ea-9d7b-7762f8e99926,Gauze,999,,,,,,,,,,
TOOL_HOVER,368818,6/23/2023 10:17,a118a19a-0126-48ea-9d7b-7762f8e99926,Gauze,999,,,,,,,,,,
TOOL_HOVER,368834,6/23/2023 10:17,a118a19a-0126-48ea-9d7b-7762f8e99926,Gauze,999,,,,,,,,,,
TOOL_HOVER,368851,6/23/2023 10:17,a118a19a-0126-48ea-9d7b-7762f8e99926,Gauze,999,,,,,,,,,,
TOOL_SELECTED,368852,6/23/2023 10:17,a118a19a-0126-48ea-9d7b-7762f8e99926,Gauze,998,,,,,,,,,,
TOOL_DISCARDED,370887,6/23/2023 10:17,a118a19a-0126-48ea-9d7b-7762f8e99926,Gauze,998,"(1.4, 0.1, 3.9)",,,,,,,,,
TOOL_APPLIED,370887,6/23/2023 10:17,a118a19a-0126-48ea-9d7b-7762f8e99926,Mike_7 Root,Gauze_Dressing,skinCollider_BodyCollideLOD (UnityEngine.GameObject),null,null,AppliedDressingGauze,,,,,,
VOICE_CAPTURE,371474,6/23/2023 10:17,a118a19a-0126-48ea-9d7b-7762f8e99926,oh band is that,NA,,,,,,,,,,
TOOL_HOVER,373126,6/23/2023 10:17,a118a19a-0126-48ea-9d7b-7762f8e99926,Gauze,999,,,,,,,,,,
TOOL_HOVER,373143,6/23/2023 10:17,a118a19a-0126-48ea-9d7b-7762f8e99926,Gauze,999,,,,,,,,,,
TOOL_HOVER,373160,6/23/2023 10:17,a118a19a-0126-48ea-9d7b-7762f8e99926,Gauze,999,,,,,,,,,,
TOOL_HOVER,373176,6/23/2023 10:17,a118a19a-0126-48ea-9d7b-7762f8e99926,Gauze,999,,,,,,,,,,
TOOL_HOVER,373192,6/23/2023 10:17,a118a19a-0126-48ea-9d7b-7762f8e99926,Gauze,999,,,,,,,,,,
TOOL_HOVER,373210,6/23/2023 10:17,a118a19a-0126-48ea-9d7b-7762f8e99926,Gauze,999,,,,,,,,,,
TOOL_HOVER,373226,6/23/2023 10:17,a118a19a-0126-48ea-9d7b-7762f8e99926,Gauze,999,,,,,,,,,,
TOOL_SELECTED,373227,6/23/2023 10:17,a118a19a-0126-48ea-9d7b-7762f8e99926,Gauze,998,,,,,,,,,,
TOOL_DISCARDED,375629,6/23/2023 10:17,a118a19a-0126-48ea-9d7b-7762f8e99926,Gauze,998,"(1.3, 0.1, 3.9)",,,,,,,,,
INJURY_TREATED,375629,6/23/2023 10:17,a118a19a-0126-48ea-9d7b-7762f8e99926,R Calf Laceration,Mike_7 Root,gauzePressure,low,rightLeg,TRUE,FALSE,"(1.3, 0.1, 3.8)",,,,
TOOL_APPLIED,375629,6/23/2023 10:17,a118a19a-0126-48ea-9d7b-7762f8e99926,Mike_7 Root,Gauze_Dressing,skinCollider_BodyCollideLOD (UnityEngine.GameObject),null,null,AppliedDressingGauze,,,,,,
PULSE_TAKEN,377266,6/23/2023 10:17,a118a19a-0126-48ea-9d7b-7762f8e99926,pulse_fast,Mike_7 Root,,,,,,,,,,
VOICE_CAPTURE,379815,6/23/2023 10:17,a118a19a-0126-48ea-9d7b-7762f8e99926,check pulse,NA,,,,,,,,,,
BAG_CLOSED,381969,6/23/2023 10:18,a118a19a-0126-48ea-9d7b-7762f8e99926,"(0.3, 0.5, 3.4)",,,,,,,,,,,
TELEPORT,382449,6/23/2023 10:18,a118a19a-0126-48ea-9d7b-7762f8e99926,"(2.9, 0.0, 2.8)",,,,,,,,,,,
VOICE_CAPTURE,383099,6/23/2023 10:18,a118a19a-0126-48ea-9d7b-7762f8e99926,good pulse nothing else,NA,,,,,,,,,,
TELEPORT,383999,6/23/2023 10:18,a118a19a-0126-48ea-9d7b-7762f8e99926,"(2.9, 0.0, 2.8)",,,,,,,,,,,
PATIENT_ENGAGED,386506,6/23/2023 10:18,a118a19a-0126-48ea-9d7b-7762f8e99926,100,Infinity,Lily_2 Root,"(3.0, 0.0, 4.5)","(0.0, 1.0, 0.0, 0.0)",IMMEDIATE,waver,fast,fast,normal,agony,fetal
BAG_ACCESS,388076,6/23/2023 10:18,a118a19a-0126-48ea-9d7b-7762f8e99926,"(2.7, 0.7, 4.5)",,,,,,,,,,,
TOOL_HOVER,388527,6/23/2023 10:18,a118a19a-0126-48ea-9d7b-7762f8e99926,Tourniquet,997,,,,,,,,,,
TOOL_HOVER,388544,6/23/2023 10:18,a118a19a-0126-48ea-9d7b-7762f8e99926,Tourniquet,997,,,,,,,,,,
TOOL_SELECTED,388546,6/23/2023 10:18,a118a19a-0126-48ea-9d7b-7762f8e99926,Tourniquet,996,,,,,,,,,,
VOICE_CAPTURE,389849,6/23/2023 10:18,a118a19a-0126-48ea-9d7b-7762f8e99926,Oh yeah she's a she's missing the,NA,,,,,,,,,,
INJURY_TREATED,390300,6/23/2023 10:18,a118a19a-0126-48ea-9d7b-7762f8e99926,R Shin Amputation,Lily_2 Root,tourniquet,high,rightLeg,TRUE,FALSE,"(3.3, 0.1, 4.3)",,,,
TOOL_APPLIED,390300,6/23/2023 10:18,a118a19a-0126-48ea-9d7b-7762f8e99926,Lily_2 Root,Tourniquet,RightUpLeg (UnityEngine.GameObject),tor_ring (1) (UnityEngine.GameObject),tourniquet(Clone) (UnityEngine.GameObject),AppliedTourniquet,,,,,,
PULSE_TAKEN,391950,6/23/2023 10:18,a118a19a-0126-48ea-9d7b-7762f8e99926,pulse_fast,Lily_2 Root,,,,,,,,,,
PULSE_TAKEN,392385,6/23/2023 10:18,a118a19a-0126-48ea-9d7b-7762f8e99926,pulse_fast,Lily_2 Root,,,,,,,,,,
PULSE_TAKEN,394675,6/23/2023 10:18,a118a19a-0126-48ea-9d7b-7762f8e99926,pulse_fast,Lily_2 Root,,,,,,,,,,
VOICE_CAPTURE,395611,6/23/2023 10:18,a118a19a-0126-48ea-9d7b-7762f8e99926,pause good,NA,,,,,,,,,,
PULSE_TAKEN,395677,6/23/2023 10:18,a118a19a-0126-48ea-9d7b-7762f8e99926,pulse_fast,Lily_2 Root,,,,,,,,,,
BAG_CLOSED,397247,6/23/2023 10:18,a118a19a-0126-48ea-9d7b-7762f8e99926,"(2.7, 0.7, 4.5)",,,,,,,,,,,
TELEPORT,397247,6/23/2023 10:18,a118a19a-0126-48ea-9d7b-7762f8e99926,"(4.9, 0.0, 3.5)",,,,,,,,,,,
VOICE_CAPTURE,398967,6/23/2023 10:18,a118a19a-0126-48ea-9d7b-7762f8e99926,I didn't tag that last one ship,NA,,,,,,,,,,
BAG_ACCESS,399352,6/23/2023 10:18,a118a19a-0126-48ea-9d7b-7762f8e99926,"(3.0, 0.4, 4.6)",,,,,,,,,,,
TAG_SELECTED,399853,6/23/2023 10:18,a118a19a-0126-48ea-9d7b-7762f8e99926,red,,,,,,,,,,,
TAG_DISCARDED,400239,6/23/2023 10:18,a118a19a-0126-48ea-9d7b-7762f8e99926,red,"(3.1, 0.3, 4.4)",,,,,,,,,,
TAG_SELECTED,400690,6/23/2023 10:18,a118a19a-0126-48ea-9d7b-7762f8e99926,yellow,,,,,,,,,,,
VOICE_CAPTURE,407246,6/23/2023 10:18,a118a19a-0126-48ea-9d7b-7762f8e99926,no amputations that would be delayed since we stopped the bleeding,NA,,,,,,,,,,
TAG_DISCARDED,411207,6/23/2023 10:18,a118a19a-0126-48ea-9d7b-7762f8e99926,yellow,"(3.1, 0.3, 4.4)",,,,,,,,,,
TAG_SELECTED,411757,6/23/2023 10:18,a118a19a-0126-48ea-9d7b-7762f8e99926,red,,,,,,,,,,,
TAG_APPLIED,413026,6/23/2023 10:18,a118a19a-0126-48ea-9d7b-7762f8e99926,Lily_2 Root,red,,,,,,,,,,
VOICE_CAPTURE,413644,6/23/2023 10:18,a118a19a-0126-48ea-9d7b-7762f8e99926,yeah,NA,,,,,,,,,,
VOICE_CAPTURE,416034,6/23/2023 10:18,a118a19a-0126-48ea-9d7b-7762f8e99926,yeah,NA,,,,,,,,,,
BAG_CLOSED,416105,6/23/2023 10:18,a118a19a-0126-48ea-9d7b-7762f8e99926,"(3.0, 0.4, 4.6)",,,,,,,,,,,
TELEPORT,416285,6/23/2023 10:18,a118a19a-0126-48ea-9d7b-7762f8e99926,"(4.9, 0.0, 3.5)",,,,,,,,,,,
PATIENT_ENGAGED,418499,6/23/2023 10:18,a118a19a-0126-48ea-9d7b-7762f8e99926,100,Infinity,Mike_7 Root,"(1.3, 0.0, 3.4)","(0.0, 0.1, 0.0, 1.0)",DELAYED,waver,fast,normal,normal,upset,sittingGround
VOICE_CAPTURE,418632,6/23/2023 10:18,a118a19a-0126-48ea-9d7b-7762f8e99926,she doesn't look very good,NA,,,,,,,,,,
BAG_ACCESS,420346,6/23/2023 10:18,a118a19a-0126-48ea-9d7b-7762f8e99926,"(1.2, 0.6, 3.7)",,,,,,,,,,,
VOICE_CAPTURE,421393,6/23/2023 10:18,a118a19a-0126-48ea-9d7b-7762f8e99926,I will go back and tag him,NA,,,,,,,,,,
TAG_SELECTED,421478,6/23/2023 10:18,a118a19a-0126-48ea-9d7b-7762f8e99926,yellow,,,,,,,,,,,
TAG_APPLIED,422028,6/23/2023 10:18,a118a19a-0126-48ea-9d7b-7762f8e99926,Mike_7 Root,yellow,,,,,,,,,,
BAG_CLOSED,423228,6/23/2023 10:18,a118a19a-0126-48ea-9d7b-7762f8e99926,"(1.2, 0.6, 3.7)",,,,,,,,,,,
TELEPORT,423228,6/23/2023 10:18,a118a19a-0126-48ea-9d7b-7762f8e99926,"(3.9, 0.0, 2.7)",,,,,,,,,,,
VOICE_CAPTURE,424566,6/23/2023 10:18,a118a19a-0126-48ea-9d7b-7762f8e99926,this one is delayed,NA,,,,,,,,,,
TELEPORT,425017,6/23/2023 10:18,a118a19a-0126-48ea-9d7b-7762f8e99926,"(3.9, 0.0, 2.7)",,,,,,,,,,,
TELEPORT,425684,6/23/2023 10:18,a118a19a-0126-48ea-9d7b-7762f8e99926,"(3.9, 0.0, 2.7)",,,,,,,,,,,
TELEPORT,426367,6/23/2023 10:18,a118a19a-0126-48ea-9d7b-7762f8e99926,"(3.9, 0.0, 2.7)",,,,,,,,,,,
PATIENT_ENGAGED,428122,6/23/2023 10:18,a118a19a-0126-48ea-9d7b-7762f8e99926,100,Infinity,Mike_5 Root,"(2.7, 0.0, 2.3)","(0.0, 1.0, 0.0, 0.0)",IMMEDIATE,waver,fast,normal,normal,upset,fetal
BAG_ACCESS,429926,6/23/2023 10:18,a118a19a-0126-48ea-9d7b-7762f8e99926,"(2.6, 0.6, 2.5)",,,,,,,,,,,
TOOL_HOVER,430528,6/23/2023 10:18,a118a19a-0126-48ea-9d7b-7762f8e99926,Tourniquet,996,,,,,,,,,,
TOOL_HOVER,430546,6/23/2023 10:18,a118a19a-0126-48ea-9d7b-7762f8e99926,Tourniquet,996,,,,,,,,,,
TOOL_HOVER,430561,6/23/2023 10:18,a118a19a-0126-48ea-9d7b-7762f8e99926,Tourniquet,996,,,,,,,,,,
TOOL_HOVER,430577,6/23/2023 10:18,a118a19a-0126-48ea-9d7b-7762f8e99926,Tourniquet,996,,,,,,,,,,
TOOL_HOVER,430593,6/23/2023 10:18,a118a19a-0126-48ea-9d7b-7762f8e99926,Tourniquet,996,,,,,,,,,,
TOOL_HOVER,430611,6/23/2023 10:18,a118a19a-0126-48ea-9d7b-7762f8e99926,Tourniquet,996,,,,,,,,,,
TOOL_HOVER,430627,6/23/2023 10:18,a118a19a-0126-48ea-9d7b-7762f8e99926,Tourniquet,996,,,,,,,,,,
TOOL_HOVER,430644,6/23/2023 10:18,a118a19a-0126-48ea-9d7b-7762f8e99926,Tourniquet,996,,,,,,,,,,
TOOL_SELECTED,430645,6/23/2023 10:18,a118a19a-0126-48ea-9d7b-7762f8e99926,Tourniquet,995,,,,,,,,,,
VOICE_CAPTURE,431868,6/23/2023 10:18,a118a19a-0126-48ea-9d7b-7762f8e99926,I guess we'll just walk,NA,,,,,,,,,,
VOICE_COMMAND,431868,6/23/2023 10:18,a118a19a-0126-48ea-9d7b-7762f8e99926,walk to the safe area,I guess we'll just walk,,,,,,,,,,
S_A_L_T_WALK_IF_CAN,431870,6/23/2023 10:18,a118a19a-0126-48ea-9d7b-7762f8e99926,"(3.0, 0.0, 4.5)",walkIfCan,Lily_2 Root,,,,,,,,,
S_A_L_T_WALK_IF_CAN,431870,6/23/2023 10:18,a118a19a-0126-48ea-9d7b-7762f8e99926,"(1.2, 0.0, 6.2)",walkIfCan,Lily_4 Root,,,,,,,,,
S_A_L_T_WALK_IF_CAN,431870,6/23/2023 10:18,a118a19a-0126-48ea-9d7b-7762f8e99926,"(2.7, 0.0, 2.3)",walkIfCan,Mike_5 Root,,,,,,,,,
S_A_L_T_WALK_IF_CAN,431870,6/23/2023 10:18,a118a19a-0126-48ea-9d7b-7762f8e99926,"(-1.2, 0.0, 3.1)",walkIfCan,Gloria_6 Root,,,,,,,,,
S_A_L_T_WALK_IF_CAN,431870,6/23/2023 10:18,a118a19a-0126-48ea-9d7b-7762f8e99926,"(1.3, 0.0, 3.4)",walkIfCan,Mike_7 Root,,,,,,,,,
S_A_L_T_WALK_IF_CAN,431870,6/23/2023 10:18,a118a19a-0126-48ea-9d7b-7762f8e99926,"(3.2, 0.0, -2.5)",walkIfCan,Gloria_8 Root,,,,,,,,,
S_A_L_T_WALKED,431870,6/23/2023 10:18,a118a19a-0126-48ea-9d7b-7762f8e99926,"(3.2, 0.0, -2.5)",walked,Gloria_8 Root,,,,,,,,,
S_A_L_T_WALK_IF_CAN,431870,6/23/2023 10:18,a118a19a-0126-48ea-9d7b-7762f8e99926,"(4.3, 0.0, -4.2)",walkIfCan,Helga_10 Root,,,,,,,,,
S_A_L_T_WALKED,431870,6/23/2023 10:18,a118a19a-0126-48ea-9d7b-7762f8e99926,"(4.3, 0.0, -4.2)",walked,Helga_10 Root,,,,,,,,,
INJURY_TREATED,432369,6/23/2023 10:18,a118a19a-0126-48ea-9d7b-7762f8e99926,R Thigh Laceration,Mike_5 Root,tourniquet,medium,rightLeg,TRUE,FALSE,"(3.0, 0.3, 2.2)",,,,
TOOL_APPLIED,432369,6/23/2023 10:18,a118a19a-0126-48ea-9d7b-7762f8e99926,Mike_5 Root,Tourniquet,RightUpLeg (UnityEngine.GameObject),tor_ring (1) (UnityEngine.GameObject),tourniquet(Clone) (UnityEngine.GameObject),AppliedTourniquet,,,,,,
TOOL_HOVER,433522,6/23/2023 10:18,a118a19a-0126-48ea-9d7b-7762f8e99926,Hemostatic Gauze,999,,,,,,,,,,
TOOL_HOVER,433537,6/23/2023 10:18,a118a19a-0126-48ea-9d7b-7762f8e99926,Hemostatic Gauze,999,,,,,,,,,,
TOOL_HOVER,433555,6/23/2023 10:18,a118a19a-0126-48ea-9d7b-7762f8e99926,Hemostatic Gauze,999,,,,,,,,,,
TOOL_HOVER,433571,6/23/2023 10:18,a118a19a-0126-48ea-9d7b-7762f8e99926,Hemostatic Gauze,999,,,,,,,,,,
TOOL_HOVER,433588,6/23/2023 10:18,a118a19a-0126-48ea-9d7b-7762f8e99926,Hemostatic Gauze,999,,,,,,,,,,
TOOL_HOVER,433605,6/23/2023 10:18,a118a19a-0126-48ea-9d7b-7762f8e99926,Hemostatic Gauze,999,,,,,,,,,,
TOOL_HOVER,433622,6/23/2023 10:18,a118a19a-0126-48ea-9d7b-7762f8e99926,Hemostatic Gauze,999,,,,,,,,,,
TOOL_HOVER,433638,6/23/2023 10:18,a118a19a-0126-48ea-9d7b-7762f8e99926,Hemostatic Gauze,999,,,,,,,,,,
TOOL_HOVER,433654,6/23/2023 10:18,a118a19a-0126-48ea-9d7b-7762f8e99926,Hemostatic Gauze,999,,,,,,,,,,
TOOL_HOVER,433672,6/23/2023 10:18,a118a19a-0126-48ea-9d7b-7762f8e99926,Hemostatic Gauze,999,,,,,,,,,,
TOOL_HOVER,433688,6/23/2023 10:18,a118a19a-0126-48ea-9d7b-7762f8e99926,Hemostatic Gauze,999,,,,,,,,,,
TOOL_HOVER,433705,6/23/2023 10:18,a118a19a-0126-48ea-9d7b-7762f8e99926,Hemostatic Gauze,999,,,,,,,,,,
TOOL_HOVER,433722,6/23/2023 10:18,a118a19a-0126-48ea-9d7b-7762f8e99926,Hemostatic Gauze,999,,,,,,,,,,
TOOL_HOVER,433739,6/23/2023 10:18,a118a19a-0126-48ea-9d7b-7762f8e99926,Hemostatic Gauze,999,,,,,,,,,,
TOOL_HOVER,433754,6/23/2023 10:18,a118a19a-0126-48ea-9d7b-7762f8e99926,Hemostatic Gauze,999,,,,,,,,,,
TOOL_HOVER,433771,6/23/2023 10:18,a118a19a-0126-48ea-9d7b-7762f8e99926,Hemostatic Gauze,999,,,,,,,,,,
TOOL_HOVER,433788,6/23/2023 10:18,a118a19a-0126-48ea-9d7b-7762f8e99926,Hemostatic Gauze,999,,,,,,,,,,
TOOL_HOVER,433805,6/23/2023 10:18,a118a19a-0126-48ea-9d7b-7762f8e99926,Hemostatic Gauze,999,,,,,,,,,,
TOOL_SELECTED,433806,6/23/2023 10:18,a118a19a-0126-48ea-9d7b-7762f8e99926,Hemostatic Gauze,998,,,,,,,,,,
TOOL_DISCARDED,435874,6/23/2023 10:18,a118a19a-0126-48ea-9d7b-7762f8e99926,Hemostatic Gauze,998,"(3.1, 0.2, 2.5)",,,,,,,,,
INJURY_TREATED,435874,6/23/2023 10:18,a118a19a-0126-48ea-9d7b-7762f8e99926,R Side Puncture,Mike_5 Root,woundpack,medium,abdomen,TRUE,FALSE,"(3.1, 0.3, 2.5)",,,,
TOOL_APPLIED,435874,6/23/2023 10:18,a118a19a-0126-48ea-9d7b-7762f8e99926,Mike_5 Root,Gauze_Pack,skinCollider_BodyCollideLOD (UnityEngine.GameObject),null,null,AppliedPackingGauze,,,,,,
PULSE_TAKEN,444961,6/23/2023 10:19,a118a19a-0126-48ea-9d7b-7762f8e99926,pulse_fast,Mike_5 Root,,,,,,,,,,
TAG_SELECTED,450044,6/23/2023 10:19,a118a19a-0126-48ea-9d7b-7762f8e99926,red,,,,,,,,,,,
VOICE_CAPTURE,452346,6/23/2023 10:19,a118a19a-0126-48ea-9d7b-7762f8e99926,He's got a pulse this is,NA,,,,,,,,,,
TAG_APPLIED,456056,6/23/2023 10:19,a118a19a-0126-48ea-9d7b-7762f8e99926,Mike_5 Root,red,,,,,,,,,,
VOICE_CAPTURE,456472,6/23/2023 10:19,a118a19a-0126-48ea-9d7b-7762f8e99926,immediate cause he's got a wound that we packed right,NA,,,,,,,,,,
BAG_CLOSED,457213,6/23/2023 10:19,a118a19a-0126-48ea-9d7b-7762f8e99926,"(2.6, 0.6, 2.5)",,,,,,,,,,,
TELEPORT,459548,6/23/2023 10:19,a118a19a-0126-48ea-9d7b-7762f8e99926,"(3.9, 0.0, 2.7)",,,,,,,,,,,
VOICE_CAPTURE,459770,6/23/2023 10:19,a118a19a-0126-48ea-9d7b-7762f8e99926,OK,NA,,,,,,,,,,
TELEPORT,463071,6/23/2023 10:19,a118a19a-0126-48ea-9d7b-7762f8e99926,"(2.8, 0.0, 5.2)",,,,,,,,,,,
VOICE_CAPTURE,463257,6/23/2023 10:19,a118a19a-0126-48ea-9d7b-7762f8e99926,tag tag tag,NA,,,,,,,,,,
PATIENT_ENGAGED,465178,6/23/2023 10:19,a118a19a-0126-48ea-9d7b-7762f8e99926,100,Infinity,Lily_4 Root,"(1.2, 0.0, 6.2)","(0.0, 1.0, 0.0, 0.0)",IMMEDIATE,waver,fast,normal,normal,upset,fetal
BAG_ACCESS,467199,6/23/2023 10:19,a118a19a-0126-48ea-9d7b-7762f8e99926,"(0.9, 0.6, 6.1)",,,,,,,,,,,
PULSE_TAKEN,467818,6/23/2023 10:19,a118a19a-0126-48ea-9d7b-7762f8e99926,pulse_fast,Lily_4 Root,,,,,,,,,,
TOOL_HOVER,469929,6/23/2023 10:19,a118a19a-0126-48ea-9d7b-7762f8e99926,Hemostatic Gauze,999,,,,,,,,,,
TOOL_HOVER,469946,6/23/2023 10:19,a118a19a-0126-48ea-9d7b-7762f8e99926,Hemostatic Gauze,999,,,,,,,,,,
TOOL_HOVER,469962,6/23/2023 10:19,a118a19a-0126-48ea-9d7b-7762f8e99926,Hemostatic Gauze,999,,,,,,,,,,
TOOL_HOVER,469979,6/23/2023 10:19,a118a19a-0126-48ea-9d7b-7762f8e99926,Hemostatic Gauze,999,,,,,,,,,,
TOOL_HOVER,469995,6/23/2023 10:19,a118a19a-0126-48ea-9d7b-7762f8e99926,Hemostatic Gauze,999,,,,,,,,,,
TOOL_HOVER,470012,6/23/2023 10:19,a118a19a-0126-48ea-9d7b-7762f8e99926,Hemostatic Gauze,999,,,,,,,,,,
TOOL_SELECTED,470013,6/23/2023 10:19,a118a19a-0126-48ea-9d7b-7762f8e99926,Hemostatic Gauze,998,,,,,,,,,,
VOICE_CAPTURE,471895,6/23/2023 10:19,a118a19a-0126-48ea-9d7b-7762f8e99926,pause,NA,,,,,,,,,,
TOOL_DISCARDED,473898,6/23/2023 10:19,a118a19a-0126-48ea-9d7b-7762f8e99926,Hemostatic Gauze,998,"(0.9, 0.2, 6.5)",,,,,,,,,
INJURY_TREATED,473898,6/23/2023 10:19,a118a19a-0126-48ea-9d7b-7762f8e99926,L Side Puncture,Lily_4 Root,woundpack,medium,abdomen,TRUE,FALSE,"(0.9, 0.2, 6.5)",,,,
TOOL_APPLIED,473898,6/23/2023 10:19,a118a19a-0126-48ea-9d7b-7762f8e99926,Lily_4 Root,Gauze_Pack,skinCollider_BodyLOD (UnityEngine.GameObject),null,null,AppliedPackingGauze,,,,,,
PULSE_TAKEN,475735,6/23/2023 10:19,a118a19a-0126-48ea-9d7b-7762f8e99926,pulse_fast,Lily_4 Root,,,,,,,,,,
VOICE_CAPTURE,475975,6/23/2023 10:19,a118a19a-0126-48ea-9d7b-7762f8e99926,penetrate I don't know,NA,,,,,,,,,,
PULSE_TAKEN,476809,6/23/2023 10:19,a118a19a-0126-48ea-9d7b-7762f8e99926,pulse_fast,Lily_4 Root,,,,,,,,,,
VOICE_CAPTURE,478192,6/23/2023 10:19,a118a19a-0126-48ea-9d7b-7762f8e99926,any other,NA,,,,,,,,,,
PULSE_TAKEN,480798,6/23/2023 10:19,a118a19a-0126-48ea-9d7b-7762f8e99926,pulse_fast,Lily_4 Root,,,,,,,,,,
VOICE_CAPTURE,483755,6/23/2023 10:19,a118a19a-0126-48ea-9d7b-7762f8e99926,yeah,NA,,,,,,,,,,
TAG_SELECTED,486555,6/23/2023 10:19,a118a19a-0126-48ea-9d7b-7762f8e99926,yellow,,,,,,,,,,,
TAG_DISCARDED,486855,6/23/2023 10:19,a118a19a-0126-48ea-9d7b-7762f8e99926,yellow,"(1.1, 0.4, 6.3)",,,,,,,,,,
TAG_SELECTED,487371,6/23/2023 10:19,a118a19a-0126-48ea-9d7b-7762f8e99926,red,,,,,,,,,,,
VOICE_CAPTURE,488103,6/23/2023 10:19,a118a19a-0126-48ea-9d7b-7762f8e99926,she seems to be OK,NA,,,,,,,,,,
TAG_APPLIED,488438,6/23/2023 10:19,a118a19a-0126-48ea-9d7b-7762f8e99926,Lily_4 Root,red,,,,,,,,,,
PATIENT_ENGAGED,489238,6/23/2023 10:19,a118a19a-0126-48ea-9d7b-7762f8e99926,100,Infinity,Gary_1 Root,"(1.6, 0.0, 7.6)","(0.0, 1.0, 0.0, 0.0)",EXPECTANT,still,none,restricted,none,unresponsive,supine
BAG_CLOSED,489859,6/23/2023 10:19,a118a19a-0126-48ea-9d7b-7762f8e99926,"(0.9, 0.6, 6.1)",,,,,,,,,,,
TELEPORT,490389,6/23/2023 10:19,a118a19a-0126-48ea-9d7b-7762f8e99926,"(2.2, 0.0, 5.9)",,,,,,,,,,,
VOICE_CAPTURE,491774,6/23/2023 10:19,a118a19a-0126-48ea-9d7b-7762f8e99926,we'll do that because it's an internal injury,NA,,,,,,,,,,
TELEPORT,493462,6/23/2023 10:19,a118a19a-0126-48ea-9d7b-7762f8e99926,"(4.2, 0.0, 6.8)",,,,,,,,,,,
VOICE_CAPTURE,494681,6/23/2023 10:19,a118a19a-0126-48ea-9d7b-7762f8e99926,I got everybody on the ground,NA,,,,,,,,,,
PATIENT_ENGAGED,494749,6/23/2023 10:19,a118a19a-0126-48ea-9d7b-7762f8e99926,100,0,Gary_9 Root,"(2.9, 0.0, 9.1)","(0.0, 1.0, 0.0, -0.1)",MINIMAL,walker,normal,normal,limited,calm,standing
VOICE_CAPTURE,497408,6/23/2023 10:19,a118a19a-0126-48ea-9d7b-7762f8e99926,I'll go over here,NA,,,,,,,,,,
PULSE_TAKEN,502905,6/23/2023 10:20,a118a19a-0126-48ea-9d7b-7762f8e99926,pulse_normal,Gary_9 Root,,,,,,,,,,
PULSE_TAKEN,504688,6/23/2023 10:20,a118a19a-0126-48ea-9d7b-7762f8e99926,pulse_normal,Gary_9 Root,,,,,,,,,,
VOICE_CAPTURE,507060,6/23/2023 10:20,a118a19a-0126-48ea-9d7b-7762f8e99926,he's having difficulty breathing,NA,,,,,,,,,,
VOICE_CAPTURE,509384,6/23/2023 10:20,a118a19a-0126-48ea-9d7b-7762f8e99926,oh I can't hear anything,NA,,,,,,,,,,
BAG_ACCESS,512831,6/23/2023 10:20,a118a19a-0126-48ea-9d7b-7762f8e99926,"(3.0, 0.7, 8.3)",,,,,,,,,,,
VOICE_CAPTURE,512992,6/23/2023 10:20,a118a19a-0126-48ea-9d7b-7762f8e99926,how do I get him to walk,NA,,,,,,,,,,
VOICE_COMMAND,512992,6/23/2023 10:20,a118a19a-0126-48ea-9d7b-7762f8e99926,walk to the safe area,how do I get him to walk,,,,,,,,,,
S_A_L_T_WALK_IF_CAN,512993,6/23/2023 10:20,a118a19a-0126-48ea-9d7b-7762f8e99926,"(3.0, 0.0, 4.5)",walkIfCan,Lily_2 Root,,,,,,,,,
S_A_L_T_WALK_IF_CAN,512993,6/23/2023 10:20,a118a19a-0126-48ea-9d7b-7762f8e99926,"(1.2, 0.0, 6.2)",walkIfCan,Lily_4 Root,,,,,,,,,
S_A_L_T_WALK_IF_CAN,512993,6/23/2023 10:20,a118a19a-0126-48ea-9d7b-7762f8e99926,"(2.7, 0.0, 2.3)",walkIfCan,Mike_5 Root,,,,,,,,,
S_A_L_T_WALK_IF_CAN,512993,6/23/2023 10:20,a118a19a-0126-48ea-9d7b-7762f8e99926,"(-1.2, 0.0, 3.1)",walkIfCan,Gloria_6 Root,,,,,,,,,
S_A_L_T_WALK_IF_CAN,512993,6/23/2023 10:20,a118a19a-0126-48ea-9d7b-7762f8e99926,"(1.3, 0.0, 3.4)",walkIfCan,Mike_7 Root,,,,,,,,,
S_A_L_T_WALK_IF_CAN,512993,6/23/2023 10:20,a118a19a-0126-48ea-9d7b-7762f8e99926,"(3.2, 0.0, -2.5)",walkIfCan,Gloria_8 Root,,,,,,,,,
S_A_L_T_WALKED,512993,6/23/2023 10:20,a118a19a-0126-48ea-9d7b-7762f8e99926,"(3.2, 0.0, -2.5)",walked,Gloria_8 Root,,,,,,,,,
S_A_L_T_WALK_IF_CAN,512993,6/23/2023 10:20,a118a19a-0126-48ea-9d7b-7762f8e99926,"(4.4, 0.0, -4.2)",walkIfCan,Helga_10 Root,,,,,,,,,
S_A_L_T_WALKED,512993,6/23/2023 10:20,a118a19a-0126-48ea-9d7b-7762f8e99926,"(4.4, 0.0, -4.2)",walked,Helga_10 Root,,,,,,,,,
TAG_SELECTED,513276,6/23/2023 10:20,a118a19a-0126-48ea-9d7b-7762f8e99926,gray,,,,,,,,,,,
TAG_DISCARDED,513712,6/23/2023 10:20,a118a19a-0126-48ea-9d7b-7762f8e99926,gray,"(3.2, 1.0, 8.3)",,,,,,,,,,
TAG_SELECTED,514113,6/23/2023 10:20,a118a19a-0126-48ea-9d7b-7762f8e99926,gray,,,,,,,,,,,
TAG_DISCARDED,514747,6/23/2023 10:20,a118a19a-0126-48ea-9d7b-7762f8e99926,gray,"(3.2, 1.0, 8.4)",,,,,,,,,,
VOICE_CAPTURE,515047,6/23/2023 10:20,a118a19a-0126-48ea-9d7b-7762f8e99926,OK,NA,,,,,,,,,,
TAG_SELECTED,515501,6/23/2023 10:20,a118a19a-0126-48ea-9d7b-7762f8e99926,green,,,,,,,,,,,
TAG_APPLIED,516472,6/23/2023 10:20,a118a19a-0126-48ea-9d7b-7762f8e99926,Gary_9 Root,green,,,,,,,,,,
BAG_CLOSED,517532,6/23/2023 10:20,a118a19a-0126-48ea-9d7b-7762f8e99926,"(3.0, 0.7, 8.3)",,,,,,,,,,,
TELEPORT,517532,6/23/2023 10:20,a118a19a-0126-48ea-9d7b-7762f8e99926,"(4.5, 0.0, 8.0)",,,,,,,,,,,
TELEPORT,517649,6/23/2023 10:20,a118a19a-0126-48ea-9d7b-7762f8e99926,"(4.5, 0.0, 8.0)",,,,,,,,,,,
VOICE_CAPTURE,520677,6/23/2023 10:20,a118a19a-0126-48ea-9d7b-7762f8e99926,alright,NA,,,,,,,,,,
TELEPORT,520928,6/23/2023 10:20,a118a19a-0126-48ea-9d7b-7762f8e99926,"(5.2, 0.0, -0.1)",,,,,,,,,,,
PATIENT_ENGAGED,522037,6/23/2023 10:20,a118a19a-0126-48ea-9d7b-7762f8e99926,100,Infinity,Gloria_8 Root,"(3.2, 0.0, -2.4)","(0.0, 0.7, 0.0, 0.7)",MINIMAL,walker,normal,normal,normal,upset,standing
BAG_ACCESS,525986,6/23/2023 10:20,a118a19a-0126-48ea-9d7b-7762f8e99926,"(3.9, 0.7, -2.3)",,,,,,,,,,,
TOOL_HOVER,526519,6/23/2023 10:20,a118a19a-0126-48ea-9d7b-7762f8e99926,Tourniquet,995,,,,,,,,,,
TOOL_HOVER,526536,6/23/2023 10:20,a118a19a-0126-48ea-9d7b-7762f8e99926,Tourniquet,995,,,,,,,,,,
TOOL_HOVER,526551,6/23/2023 10:20,a118a19a-0126-48ea-9d7b-7762f8e99926,Tourniquet,995,,,,,,,,,,
TOOL_HOVER,526568,6/23/2023 10:20,a118a19a-0126-48ea-9d7b-7762f8e99926,Tourniquet,995,,,,,,,,,,
TOOL_HOVER,526585,6/23/2023 10:20,a118a19a-0126-48ea-9d7b-7762f8e99926,Tourniquet,995,,,,,,,,,,
TOOL_SELECTED,526586,6/23/2023 10:20,a118a19a-0126-48ea-9d7b-7762f8e99926,Tourniquet,994,,,,,,,,,,
VOICE_CAPTURE,530233,6/23/2023 10:20,a118a19a-0126-48ea-9d7b-7762f8e99926,sporting blood,NA,,,,,,,,,,
INJURY_TREATED,530653,6/23/2023 10:20,a118a19a-0126-48ea-9d7b-7762f8e99926,L Forearm Laceration,Gloria_8 Root,gauzePressure,low,leftArm,FALSE,TRUE,"(3.6, 0.9, -2.7)",,,,
TOOL_APPLIED,530653,6/23/2023 10:20,a118a19a-0126-48ea-9d7b-7762f8e99926,Gloria_8 Root,Tourniquet,LeftArm (UnityEngine.GameObject),tor_ring (1) (UnityEngine.GameObject),tourniquet(Clone) (UnityEngine.GameObject),AppliedTourniquet,,,,,,
VOICE_CAPTURE,532675,6/23/2023 10:20,a118a19a-0126-48ea-9d7b-7762f8e99926,try that,NA,,,,,,,,,,
TOOL_HOVER,533526,6/23/2023 10:20,a118a19a-0126-48ea-9d7b-7762f8e99926,Gauze,999,,,,,,,,,,
TOOL_HOVER,533542,6/23/2023 10:20,a118a19a-0126-48ea-9d7b-7762f8e99926,Gauze,999,,,,,,,,,,
TOOL_HOVER,533566,6/23/2023 10:20,a118a19a-0126-48ea-9d7b-7762f8e99926,Gauze,999,,,,,,,,,,
TOOL_HOVER,533577,6/23/2023 10:20,a118a19a-0126-48ea-9d7b-7762f8e99926,Gauze,999,,,,,,,,,,
TOOL_HOVER,533593,6/23/2023 10:20,a118a19a-0126-48ea-9d7b-7762f8e99926,Gauze,999,,,,,,,,,,
TOOL_HOVER,533609,6/23/2023 10:20,a118a19a-0126-48ea-9d7b-7762f8e99926,Gauze,999,,,,,,,,,,
TOOL_HOVER,533627,6/23/2023 10:20,a118a19a-0126-48ea-9d7b-7762f8e99926,Gauze,999,,,,,,,,,,
TOOL_HOVER,533643,6/23/2023 10:20,a118a19a-0126-48ea-9d7b-7762f8e99926,Gauze,999,,,,,,,,,,
TOOL_SELECTED,533645,6/23/2023 10:20,a118a19a-0126-48ea-9d7b-7762f8e99926,Gauze,998,,,,,,,,,,
TOOL_DISCARDED,534662,6/23/2023 10:20,a118a19a-0126-48ea-9d7b-7762f8e99926,Gauze,998,"(3.4, 0.9, -2.7)",,,,,,,,,
INJURY_TREATED,534662,6/23/2023 10:20,a118a19a-0126-48ea-9d7b-7762f8e99926,L Forearm Laceration,Gloria_8 Root,gauzePressure,low,leftArm,TRUE,TRUE,"(3.4, 0.9, -2.7)",,,,
TOOL_APPLIED,534664,6/23/2023 10:20,a118a19a-0126-48ea-9d7b-7762f8e99926,Gloria_8 Root,Gauze_Dressing,skinCollider_Body_LOD (UnityEngine.GameObject),null,null,AppliedDressingGauze,,,,,,
VOICE_CAPTURE,536348,6/23/2023 10:20,a118a19a-0126-48ea-9d7b-7762f8e99926,this,NA,,,,,,,,,,
PULSE_TAKEN,539291,6/23/2023 10:20,a118a19a-0126-48ea-9d7b-7762f8e99926,pulse_normal,Gloria_8 Root,,,,,,,,,,
TAG_SELECTED,542081,6/23/2023 10:20,a118a19a-0126-48ea-9d7b-7762f8e99926,green,,,,,,,,,,,
TAG_APPLIED,543433,6/23/2023 10:20,a118a19a-0126-48ea-9d7b-7762f8e99926,Gloria_8 Root,green,,,,,,,,,,
BAG_CLOSED,544564,6/23/2023 10:20,a118a19a-0126-48ea-9d7b-7762f8e99926,"(3.9, 0.7, -2.3)",,,,,,,,,,,
TELEPORT,544564,6/23/2023 10:20,a118a19a-0126-48ea-9d7b-7762f8e99926,"(5.2, 0.0, -2.2)",,,,,,,,,,,
PATIENT_ENGAGED,545920,6/23/2023 10:20,a118a19a-0126-48ea-9d7b-7762f8e99926,100,Infinity,Helga_10 Root,"(4.4, 0.0, -4.2)","(0.0, -0.2, 0.0, 1.0)",MINIMAL,walker,normal,normal,normal,calm,standing
VOICE_CAPTURE,546356,6/23/2023 10:20,a118a19a-0126-48ea-9d7b-7762f8e99926,alright anything else Nope she's good pulse good she is my green,NA,,,,,,,,,,
BAG_ACCESS,551211,6/23/2023 10:20,a118a19a-0126-48ea-9d7b-7762f8e99926,"(4.5, 0.7, -3.3)",,,,,,,,,,,
TAG_SELECTED,551728,6/23/2023 10:20,a118a19a-0126-48ea-9d7b-7762f8e99926,green,,,,,,,,,,,
VOICE_CAPTURE,552449,6/23/2023 10:20,a118a19a-0126-48ea-9d7b-7762f8e99926,oh she's OK,NA,,,,,,,,,,
TAG_APPLIED,552883,6/23/2023 10:20,a118a19a-0126-48ea-9d7b-7762f8e99926,Helga_10 Root,green,,,,,,,,,,
BAG_CLOSED,556026,6/23/2023 10:20,a118a19a-0126-48ea-9d7b-7762f8e99926,"(4.5, 0.7, -3.3)",,,,,,,,,,,
TELEPORT,556026,6/23/2023 10:20,a118a19a-0126-48ea-9d7b-7762f8e99926,"(5.3, 0.0, -3.0)",,,,,,,,,,,
TELEPORT,556758,6/23/2023 10:20,a118a19a-0126-48ea-9d7b-7762f8e99926,"(5.3, 0.0, -3.0)",,,,,,,,,,,
TELEPORT,560433,6/23/2023 10:20,a118a19a-0126-48ea-9d7b-7762f8e99926,"(3.3, 0.0, 0.8)",,,,,,,,,,,
VOICE_CAPTURE,561517,6/23/2023 10:21,a118a19a-0126-48ea-9d7b-7762f8e99926,I guess I can go do a once over make sure I tagged everybody,NA,,,,,,,,,,
TELEPORT,562171,6/23/2023 10:21,a118a19a-0126-48ea-9d7b-7762f8e99926,"(1.0, 0.0, 3.3)",,,,,,,,,,,
TELEPORT,563623,6/23/2023 10:21,a118a19a-0126-48ea-9d7b-7762f8e99926,"(1.4, 0.0, 5.1)",,,,,,,,,,,
VOICE_CAPTURE,574090,6/23/2023 10:21,a118a19a-0126-48ea-9d7b-7762f8e99926,Alright 1234567891011 alright yeah I'm good,NA,,,,,,,,,,
PATIENT_ENGAGED,574523,6/23/2023 10:21,a118a19a-0126-48ea-9d7b-7762f8e99926,100,Infinity,Gary_1 Root,"(1.6, 0.0, 7.6)","(0.0, 1.0, 0.0, 0.0)",EXPECTANT,still,none,restricted,none,unresponsive,supine
SESSION_END,575628,6/23/2023 10:21,a118a19a-0126-48ea-9d7b-7762f8e99926,,,,,,,,,,,,
