VOICE_CAPTURE,5343,5/11/2023 10:31,8581c1f8-a4e8-4245-ac73-2bd671237001,Yes,NA,,,,,,,,,,
PATIENT_DEMOTED,8726,5/11/2023 10:31,8581c1f8-a4e8-4245-ac73-2bd671237001,100,Infinity,Mike_1 Root,"(2.6, 0.0, 0.1)","(0.0, 0.7, 0.0, -0.7)",DELAYED,waver,normal,normal,normal,upset,recovery
PATIENT_DEMOTED,9378,5/11/2023 10:31,8581c1f8-a4e8-4245-ac73-2bd671237001,100,Infinity,Mike_2 Root,"(2.6, 0.0, 2.4)","(0.0, 0.7, 0.0, -0.7)",IMMEDIATE,walker,fast,normal,normal,upset,sittingGround
PATIENT_DEMOTED,10037,5/11/2023 10:31,8581c1f8-a4e8-4245-ac73-2bd671237001,100,128,Mike_3 Root,"(3.0, 0.0, 4.3)","(0.0, 0.7, 0.0, -0.7)",IMMEDIATE,still,faint,collapsedRight,normal,unresponsive,supine
SESSION_START,13396,5/11/2023 10:32,8581c1f8-a4e8-4245-ac73-2bd671237001,,,,,,,,,,,,
PATIENT_RECORD,13397,5/11/2023 10:32,8581c1f8-a4e8-4245-ac73-2bd671237001,100,Infinity,Mike_0 Root,"(2.6, 0.0, -1.4)","(0.0, 0.7, 0.0, -0.7)",MINIMAL,walker,normal,normal,normal,upset,sittingGround
INJURY_RECORD,13397,5/11/2023 10:32,8581c1f8-a4e8-4245-ac73-2bd671237001,R Forearm Laceration,Mike_0 Root,gauzePressure,low,rightArm,FALSE,FALSE,"(2.7, 1.4, -0.9)",,,,
PATIENT_RECORD,13397,5/11/2023 10:32,8581c1f8-a4e8-4245-ac73-2bd671237001,100,Infinity,Mike_1 Root,"(2.9, 0.0, 0.1)","(0.0, 0.7, 0.0, -0.7)",DELAYED,waver,normal,normal,normal,upset,recovery
INJURY_RECORD,13397,5/11/2023 10:32,8581c1f8-a4e8-4245-ac73-2bd671237001,L Thigh Laceration,Mike_1 Root,tourniquet,medium,leftLeg,FALSE,FALSE,"(2.8, 0.7, -0.1)",,,,
PATIENT_RECORD,13397,5/11/2023 10:32,8581c1f8-a4e8-4245-ac73-2bd671237001,100,Infinity,Mike_2 Root,"(3.1, 0.0, 2.2)","(0.0, 0.7, 0.0, -0.7)",IMMEDIATE,walker,fast,normal,normal,upset,sittingGround
INJURY_RECORD,13397,5/11/2023 10:32,8581c1f8-a4e8-4245-ac73-2bd671237001,L Shoulder Puncture,Mike_2 Root,woundpack,medium,chest,FALSE,FALSE,"(3.1, 1.4, 2.1)",,,,
PATIENT_RECORD,13397,5/11/2023 10:32,8581c1f8-a4e8-4245-ac73-2bd671237001,100,128,Mike_3 Root,"(3.2, 0.0, 4.3)","(0.0, 0.7, 0.0, -0.7)",IMMEDIATE,still,faint,collapsedRight,normal,unresponsive,supine
INJURY_RECORD,13397,5/11/2023 10:32,8581c1f8-a4e8-4245-ac73-2bd671237001,R Chest Collapse,Mike_3 Root,decompress,high,chest,FALSE,FALSE,"(0.0, 0.0, 0.0)",,,,
TELEPORT,17475,5/11/2023 10:32,8581c1f8-a4e8-4245-ac73-2bd671237001,"(0.8, 0.0, -3.4)",,,,,,,,,,,
VOICE_CAPTURE,21947,5/11/2023 10:32,8581c1f8-a4e8-4245-ac73-2bd671237001,so in the tutorial first thing you wanna do is sort your patients out OK and so get your walkers out of the way find out who can follow commands and then we're gonna go to that unconscious patient first,NA,,,,,,,,,,
VOICE_COMMAND,21947,5/11/2023 10:32,8581c1f8-a4e8-4245-ac73-2bd671237001,walk to the safe area,so in the tutorial first thing you wanna do is sort your patients out OK and so get your walkers out of the way find out who can follow commands and then we're gonna go to that unconscious patient first,,,,,,,,,,
S_A_L_T_WALK_IF_CAN,21950,5/11/2023 10:32,8581c1f8-a4e8-4245-ac73-2bd671237001,"(2.6, 0.0, -1.4)",walkIfCan,Mike_0 Root,,,,,,,,,
S_A_L_T_WALKED,21950,5/11/2023 10:32,8581c1f8-a4e8-4245-ac73-2bd671237001,"(2.6, 0.0, -1.4)",walked,Mike_0 Root,,,,,,,,,
S_A_L_T_WALK_IF_CAN,21950,5/11/2023 10:32,8581c1f8-a4e8-4245-ac73-2bd671237001,"(2.9, 0.0, 0.1)",walkIfCan,Mike_1 Root,,,,,,,,,
S_A_L_T_WALK_IF_CAN,21950,5/11/2023 10:32,8581c1f8-a4e8-4245-ac73-2bd671237001,"(3.1, 0.0, 2.2)",walkIfCan,Mike_2 Root,,,,,,,,,
S_A_L_T_WALKED,21950,5/11/2023 10:32,8581c1f8-a4e8-4245-ac73-2bd671237001,"(3.1, 0.0, 2.2)",walked,Mike_2 Root,,,,,,,,,
VOICE_CAPTURE,27379,5/11/2023 10:32,8581c1f8-a4e8-4245-ac73-2bd671237001,so go ahead and start with your commands if you can walk move to the stairs please,NA,,,,,,,,,,
VOICE_COMMAND,27379,5/11/2023 10:32,8581c1f8-a4e8-4245-ac73-2bd671237001,walk to the safe area,so go ahead and start with your commands if you can walk move to the stairs please,,,,,,,,,,
VOICE_COMMAND,27379,5/11/2023 10:32,8581c1f8-a4e8-4245-ac73-2bd671237001,walk to the safe area,so go ahead and start with your commands if you can walk move to the stairs please,,,,,,,,,,
VOICE_CAPTURE,28430,5/11/2023 10:32,8581c1f8-a4e8-4245-ac73-2bd671237001,wave,NA,,,,,,,,,,
VOICE_COMMAND,28430,5/11/2023 10:32,8581c1f8-a4e8-4245-ac73-2bd671237001,wave if you can,wave,,,,,,,,,,
S_A_L_T_WAVE_IF_CAN,28431,5/11/2023 10:32,8581c1f8-a4e8-4245-ac73-2bd671237001,"(4.6, 0.0, -3.3)",waveIfCan,Mike_0 Root,,,,,,,,,
S_A_L_T_WAVED,28431,5/11/2023 10:32,8581c1f8-a4e8-4245-ac73-2bd671237001,"(4.6, 0.0, -3.3)",waved,Mike_0 Root,,,,,,,,,
S_A_L_T_WAVE_IF_CAN,28431,5/11/2023 10:32,8581c1f8-a4e8-4245-ac73-2bd671237001,"(2.9, 0.0, 0.1)",waveIfCan,Mike_1 Root,,,,,,,,,
S_A_L_T_WAVED,28431,5/11/2023 10:32,8581c1f8-a4e8-4245-ac73-2bd671237001,"(2.9, 0.0, 0.1)",waved,Mike_1 Root,,,,,,,,,
S_A_L_T_WAVE_IF_CAN,28431,5/11/2023 10:32,8581c1f8-a4e8-4245-ac73-2bd671237001,"(4.3, 0.0, -1.2)",waveIfCan,Mike_2 Root,,,,,,,,,
S_A_L_T_WAVED,28431,5/11/2023 10:32,8581c1f8-a4e8-4245-ac73-2bd671237001,"(4.3, 0.0, -1.2)",waved,Mike_2 Root,,,,,,,,,
S_A_L_T_WALK_IF_CAN,28447,5/11/2023 10:32,8581c1f8-a4e8-4245-ac73-2bd671237001,"(4.6, 0.0, -3.3)",walkIfCan,Mike_0 Root,,,,,,,,,
S_A_L_T_WALKED,28447,5/11/2023 10:32,8581c1f8-a4e8-4245-ac73-2bd671237001,"(4.6, 0.0, -3.3)",walked,Mike_0 Root,,,,,,,,,
S_A_L_T_WALK_IF_CAN,28447,5/11/2023 10:32,8581c1f8-a4e8-4245-ac73-2bd671237001,"(2.9, 0.0, 0.1)",walkIfCan,Mike_1 Root,,,,,,,,,
S_A_L_T_WALK_IF_CAN,28447,5/11/2023 10:32,8581c1f8-a4e8-4245-ac73-2bd671237001,"(4.3, 0.0, -1.2)",walkIfCan,Mike_2 Root,,,,,,,,,
S_A_L_T_WALKED,28447,5/11/2023 10:32,8581c1f8-a4e8-4245-ac73-2bd671237001,"(4.3, 0.0, -1.2)",walked,Mike_2 Root,,,,,,,,,
VOICE_CAPTURE,30667,5/11/2023 10:32,8581c1f8-a4e8-4245-ac73-2bd671237001,if you can hear me raise your hands,NA,,,,,,,,,,
VOICE_CAPTURE,32272,5/11/2023 10:32,8581c1f8-a4e8-4245-ac73-2bd671237001,wave at me,NA,,,,,,,,,,
VOICE_COMMAND,32272,5/11/2023 10:32,8581c1f8-a4e8-4245-ac73-2bd671237001,wave if you can,wave at me,,,,,,,,,,
S_A_L_T_WALK_IF_CAN,32289,5/11/2023 10:32,8581c1f8-a4e8-4245-ac73-2bd671237001,"(4.6, 0.0, -3.3)",walkIfCan,Mike_0 Root,,,,,,,,,
S_A_L_T_WALKED,32290,5/11/2023 10:32,8581c1f8-a4e8-4245-ac73-2bd671237001,"(4.6, 0.0, -3.3)",walked,Mike_0 Root,,,,,,,,,
S_A_L_T_WALK_IF_CAN,32290,5/11/2023 10:32,8581c1f8-a4e8-4245-ac73-2bd671237001,"(4.6, 0.0, -1.1)",walkIfCan,Mike_2 Root,,,,,,,,,
S_A_L_T_WALKED,32290,5/11/2023 10:32,8581c1f8-a4e8-4245-ac73-2bd671237001,"(4.6, 0.0, -1.1)",walked,Mike_2 Root,,,,,,,,,
VOICE_CAPTURE,34711,5/11/2023 10:32,8581c1f8-a4e8-4245-ac73-2bd671237001,I know you guys can,NA,,,,,,,,,,
TELEPORT,34878,5/11/2023 10:32,8581c1f8-a4e8-4245-ac73-2bd671237001,"(0.9, 0.0, -1.7)",,,,,,,,,,,
TELEPORT,39678,5/11/2023 10:32,8581c1f8-a4e8-4245-ac73-2bd671237001,"(2.6, 0.0, 3.8)",,,,,,,,,,,
VOICE_CAPTURE,41073,5/11/2023 10:32,8581c1f8-a4e8-4245-ac73-2bd671237001,there you go perfect,NA,,,,,,,,,,
VOICE_CAPTURE,44560,5/11/2023 10:32,8581c1f8-a4e8-4245-ac73-2bd671237001,so walk over to me,NA,,,,,,,,,,
VOICE_COMMAND,44560,5/11/2023 10:32,8581c1f8-a4e8-4245-ac73-2bd671237001,walk to the safe area,so walk over to me,,,,,,,,,,
S_A_L_T_WALK_IF_CAN,44561,5/11/2023 10:32,8581c1f8-a4e8-4245-ac73-2bd671237001,"(4.7, 0.0, -3.3)",walkIfCan,Mike_0 Root,,,,,,,,,
S_A_L_T_WALKED,44561,5/11/2023 10:32,8581c1f8-a4e8-4245-ac73-2bd671237001,"(4.7, 0.0, -3.3)",walked,Mike_0 Root,,,,,,,,,
S_A_L_T_WALK_IF_CAN,44561,5/11/2023 10:32,8581c1f8-a4e8-4245-ac73-2bd671237001,"(2.9, 0.0, 0.1)",walkIfCan,Mike_1 Root,,,,,,,,,
S_A_L_T_WALK_IF_CAN,44561,5/11/2023 10:32,8581c1f8-a4e8-4245-ac73-2bd671237001,"(4.5, 0.0, -1.5)",walkIfCan,Mike_2 Root,,,,,,,,,
S_A_L_T_WALKED,44561,5/11/2023 10:32,8581c1f8-a4e8-4245-ac73-2bd671237001,"(4.5, 0.0, -1.5)",walked,Mike_2 Root,,,,,,,,,
PULSE_TAKEN,48159,5/11/2023 10:32,8581c1f8-a4e8-4245-ac73-2bd671237001,pulse_faint,Mike_3 Root,,,,,,,,,,
VOICE_CAPTURE,49193,5/11/2023 10:32,8581c1f8-a4e8-4245-ac73-2bd671237001,so you can check,NA,,,,,,,,,,
PULSE_TAKEN,49242,5/11/2023 10:32,8581c1f8-a4e8-4245-ac73-2bd671237001,pulse_faint,Mike_3 Root,,,,,,,,,,
PULSE_TAKEN,51260,5/11/2023 10:32,8581c1f8-a4e8-4245-ac73-2bd671237001,pulse_faint,Mike_3 Root,,,,,,,,,,
VOICE_CAPTURE,53767,5/11/2023 10:32,8581c1f8-a4e8-4245-ac73-2bd671237001,and you'll feel it in your your remote it'll vibrate,NA,,,,,,,,,,
PATIENT_ENGAGED,57822,5/11/2023 10:32,8581c1f8-a4e8-4245-ac73-2bd671237001,100,128,Mike_3 Root,"(3.2, 0.0, 4.3)","(0.0, 0.7, 0.0, -0.7)",IMMEDIATE,still,faint,collapsedRight,normal,unresponsive,supine
VOICE_CAPTURE,58459,5/11/2023 10:32,8581c1f8-a4e8-4245-ac73-2bd671237001,OK Yep,NA,,,,,,,,,,
VOICE_CAPTURE,64329,5/11/2023 10:32,8581c1f8-a4e8-4245-ac73-2bd671237001,going on he's got some asymmetry to his chest,NA,,,,,,,,,,
TOOL_HOVER,65453,5/11/2023 10:32,8581c1f8-a4e8-4245-ac73-2bd671237001,Tourniquet,999,,,,,,,,,,
TOOL_HOVER,65466,5/11/2023 10:32,8581c1f8-a4e8-4245-ac73-2bd671237001,Tourniquet,999,,,,,,,,,,
TOOL_HOVER,65485,5/11/2023 10:32,8581c1f8-a4e8-4245-ac73-2bd671237001,Tourniquet,999,,,,,,,,,,
TOOL_HOVER,65499,5/11/2023 10:32,8581c1f8-a4e8-4245-ac73-2bd671237001,Tourniquet,999,,,,,,,,,,
TOOL_HOVER,65515,5/11/2023 10:32,8581c1f8-a4e8-4245-ac73-2bd671237001,Tourniquet,999,,,,,,,,,,
TOOL_HOVER,65532,5/11/2023 10:32,8581c1f8-a4e8-4245-ac73-2bd671237001,Tourniquet,999,,,,,,,,,,
TOOL_HOVER,65549,5/11/2023 10:32,8581c1f8-a4e8-4245-ac73-2bd671237001,Tourniquet,999,,,,,,,,,,
TOOL_HOVER,65566,5/11/2023 10:32,8581c1f8-a4e8-4245-ac73-2bd671237001,Tourniquet,999,,,,,,,,,,
TOOL_HOVER,65585,5/11/2023 10:32,8581c1f8-a4e8-4245-ac73-2bd671237001,Tourniquet,999,,,,,,,,,,
TOOL_HOVER,65599,5/11/2023 10:32,8581c1f8-a4e8-4245-ac73-2bd671237001,Tourniquet,999,,,,,,,,,,
TOOL_HOVER,65619,5/11/2023 10:32,8581c1f8-a4e8-4245-ac73-2bd671237001,Tourniquet,999,,,,,,,,,,
TOOL_HOVER,65633,5/11/2023 10:32,8581c1f8-a4e8-4245-ac73-2bd671237001,Tourniquet,999,,,,,,,,,,
TOOL_HOVER,65649,5/11/2023 10:32,8581c1f8-a4e8-4245-ac73-2bd671237001,Tourniquet,999,,,,,,,,,,
TOOL_HOVER,65668,5/11/2023 10:32,8581c1f8-a4e8-4245-ac73-2bd671237001,Tourniquet,999,,,,,,,,,,
TOOL_HOVER,65682,5/11/2023 10:32,8581c1f8-a4e8-4245-ac73-2bd671237001,Tourniquet,999,,,,,,,,,,
TOOL_HOVER,65701,5/11/2023 10:32,8581c1f8-a4e8-4245-ac73-2bd671237001,Tourniquet,999,,,,,,,,,,
TOOL_HOVER,65717,5/11/2023 10:32,8581c1f8-a4e8-4245-ac73-2bd671237001,Tourniquet,999,,,,,,,,,,
TOOL_HOVER,65733,5/11/2023 10:32,8581c1f8-a4e8-4245-ac73-2bd671237001,Tourniquet,999,,,,,,,,,,
TOOL_HOVER,65749,5/11/2023 10:32,8581c1f8-a4e8-4245-ac73-2bd671237001,Tourniquet,999,,,,,,,,,,
TOOL_HOVER,65766,5/11/2023 10:32,8581c1f8-a4e8-4245-ac73-2bd671237001,Tourniquet,999,,,,,,,,,,
TOOL_HOVER,65782,5/11/2023 10:32,8581c1f8-a4e8-4245-ac73-2bd671237001,Tourniquet,999,,,,,,,,,,
TOOL_HOVER,65799,5/11/2023 10:32,8581c1f8-a4e8-4245-ac73-2bd671237001,Tourniquet,999,,,,,,,,,,
TOOL_HOVER,65815,5/11/2023 10:32,8581c1f8-a4e8-4245-ac73-2bd671237001,Tourniquet,999,,,,,,,,,,
TOOL_HOVER,65835,5/11/2023 10:32,8581c1f8-a4e8-4245-ac73-2bd671237001,Tourniquet,999,,,,,,,,,,
TOOL_HOVER,65851,5/11/2023 10:32,8581c1f8-a4e8-4245-ac73-2bd671237001,Gauze,999,,,,,,,,,,
TOOL_HOVER,65866,5/11/2023 10:32,8581c1f8-a4e8-4245-ac73-2bd671237001,Gauze,999,,,,,,,,,,
TOOL_HOVER,65885,5/11/2023 10:32,8581c1f8-a4e8-4245-ac73-2bd671237001,Gauze,999,,,,,,,,,,
TOOL_HOVER,65900,5/11/2023 10:32,8581c1f8-a4e8-4245-ac73-2bd671237001,Gauze,999,,,,,,,,,,
TOOL_HOVER,65916,5/11/2023 10:32,8581c1f8-a4e8-4245-ac73-2bd671237001,Gauze,999,,,,,,,,,,
TOOL_HOVER,65933,5/11/2023 10:32,8581c1f8-a4e8-4245-ac73-2bd671237001,Gauze,999,,,,,,,,,,
BAG_ACCESS,66887,5/11/2023 10:32,8581c1f8-a4e8-4245-ac73-2bd671237001,"(3.5, 0.5, 4.8)",,,,,,,,,,,
TOOL_HOVER,67989,5/11/2023 10:32,8581c1f8-a4e8-4245-ac73-2bd671237001,Needle,999,,,,,,,,,,
TOOL_HOVER,68101,5/11/2023 10:32,8581c1f8-a4e8-4245-ac73-2bd671237001,Needle,999,,,,,,,,,,
TOOL_HOVER,68107,5/11/2023 10:32,8581c1f8-a4e8-4245-ac73-2bd671237001,Needle,999,,,,,,,,,,
TOOL_HOVER,68125,5/11/2023 10:32,8581c1f8-a4e8-4245-ac73-2bd671237001,Needle,999,,,,,,,,,,
TOOL_HOVER,68142,5/11/2023 10:32,8581c1f8-a4e8-4245-ac73-2bd671237001,Needle,999,,,,,,,,,,
TOOL_HOVER,68158,5/11/2023 10:32,8581c1f8-a4e8-4245-ac73-2bd671237001,Needle,999,,,,,,,,,,
TOOL_HOVER,68175,5/11/2023 10:32,8581c1f8-a4e8-4245-ac73-2bd671237001,Needle,999,,,,,,,,,,
TOOL_SELECTED,68178,5/11/2023 10:32,8581c1f8-a4e8-4245-ac73-2bd671237001,Needle,998,,,,,,,,,,
VOICE_CAPTURE,68608,5/11/2023 10:32,8581c1f8-a4e8-4245-ac73-2bd671237001,these guys,NA,,,,,,,,,,
INJURY_TREATED,72974,5/11/2023 10:33,8581c1f8-a4e8-4245-ac73-2bd671237001,R Chest Collapse,Mike_3 Root,decompress,high,chest,TRUE,FALSE,"(0.0, 0.0, 0.0)",,,,
TOOL_APPLIED,72974,5/11/2023 10:33,8581c1f8-a4e8-4245-ac73-2bd671237001,Needle_Decomp(Clone),Needle,RChest_Breathe1 (UnityEngine.GameObject),cath_needle (UnityEngine.GameObject),right_chest,Needle_Decomp(Clone) (UnityEngine.GameObject),AppliedDecompNeedle,,,,,
VOICE_CAPTURE,73552,5/11/2023 10:33,8581c1f8-a4e8-4245-ac73-2bd671237001,I have,NA,,,,,,,,,,
VOICE_CAPTURE,77178,5/11/2023 10:33,8581c1f8-a4e8-4245-ac73-2bd671237001,so is chess,NA,,,,,,,,,,
VOICE_CAPTURE,79249,5/11/2023 10:33,8581c1f8-a4e8-4245-ac73-2bd671237001,OK,NA,,,,,,,,,,
VOICE_CAPTURE,84261,5/11/2023 10:33,8581c1f8-a4e8-4245-ac73-2bd671237001,he's gonna be a yellow,NA,,,,,,,,,,
TAG_SELECTED,85823,5/11/2023 10:33,8581c1f8-a4e8-4245-ac73-2bd671237001,red,,,,,,,,,,,
TAG_APPLIED,87960,5/11/2023 10:33,8581c1f8-a4e8-4245-ac73-2bd671237001,Mike_3 Root,red,,,,,,,,,,
VOICE_CAPTURE,89216,5/11/2023 10:33,8581c1f8-a4e8-4245-ac73-2bd671237001,red because it's in the box right OK,NA,,,,,,,,,,
PULSE_TAKEN,94940,5/11/2023 10:33,8581c1f8-a4e8-4245-ac73-2bd671237001,pulse_faint,Mike_3 Root,,,,,,,,,,
VOICE_CAPTURE,99699,5/11/2023 10:33,8581c1f8-a4e8-4245-ac73-2bd671237001,everybody all the patients in the program get a pulse check like even if they're talking to you obviously in real life you know we're like,NA,,,,,,,,,,
VOICE_CAPTURE,108863,5/11/2023 10:33,8581c1f8-a4e8-4245-ac73-2bd671237001,racing against time so somebody's talking to us we're probably gonna go and be like yeah you've got a false OK,NA,,,,,,,,,,
VOICE_CAPTURE,111221,5/11/2023 10:33,8581c1f8-a4e8-4245-ac73-2bd671237001,OK,NA,,,,,,,,,,
VOICE_CAPTURE,118270,5/11/2023 10:33,8581c1f8-a4e8-4245-ac73-2bd671237001,oh a treatment if necessary and attack those three things everybody got it,NA,,,,,,,,,,
BAG_CLOSED,118488,5/11/2023 10:33,8581c1f8-a4e8-4245-ac73-2bd671237001,"(3.5, 0.5, 4.8)",,,,,,,,,,,
TELEPORT,121896,5/11/2023 10:33,8581c1f8-a4e8-4245-ac73-2bd671237001,"(2.7, 0.0, 6.0)",,,,,,,,,,,
VOICE_CAPTURE,125019,5/11/2023 10:33,8581c1f8-a4e8-4245-ac73-2bd671237001,Switch,NA,,,,,,,,,,
TELEPORT,126039,5/11/2023 10:33,8581c1f8-a4e8-4245-ac73-2bd671237001,"(2.3, 0.0, 2.7)",,,,,,,,,,,
VOICE_CAPTURE,127222,5/11/2023 10:33,8581c1f8-a4e8-4245-ac73-2bd671237001,OK,NA,,,,,,,,,,
PATIENT_ENGAGED,129167,5/11/2023 10:33,8581c1f8-a4e8-4245-ac73-2bd671237001,100,Infinity,Mike_1 Root,"(2.9, 0.0, 0.1)","(0.0, 0.7, 0.0, -0.7)",DELAYED,waver,normal,normal,normal,upset,recovery
TOOL_HOVER,131440,5/11/2023 10:33,8581c1f8-a4e8-4245-ac73-2bd671237001,Tourniquet,999,,,,,,,,,,
TOOL_HOVER,131457,5/11/2023 10:33,8581c1f8-a4e8-4245-ac73-2bd671237001,Tourniquet,999,,,,,,,,,,
TOOL_HOVER,131473,5/11/2023 10:33,8581c1f8-a4e8-4245-ac73-2bd671237001,Tourniquet,999,,,,,,,,,,
TOOL_HOVER,131490,5/11/2023 10:33,8581c1f8-a4e8-4245-ac73-2bd671237001,Tourniquet,999,,,,,,,,,,
TOOL_HOVER,131507,5/11/2023 10:33,8581c1f8-a4e8-4245-ac73-2bd671237001,Tourniquet,999,,,,,,,,,,
TOOL_HOVER,131523,5/11/2023 10:33,8581c1f8-a4e8-4245-ac73-2bd671237001,Tourniquet,999,,,,,,,,,,
TOOL_HOVER,131541,5/11/2023 10:33,8581c1f8-a4e8-4245-ac73-2bd671237001,Tourniquet,999,,,,,,,,,,
TOOL_HOVER,131557,5/11/2023 10:33,8581c1f8-a4e8-4245-ac73-2bd671237001,Tourniquet,999,,,,,,,,,,
TOOL_HOVER,131573,5/11/2023 10:33,8581c1f8-a4e8-4245-ac73-2bd671237001,Tourniquet,999,,,,,,,,,,
TOOL_HOVER,131590,5/11/2023 10:33,8581c1f8-a4e8-4245-ac73-2bd671237001,Tourniquet,999,,,,,,,,,,
TOOL_HOVER,131606,5/11/2023 10:33,8581c1f8-a4e8-4245-ac73-2bd671237001,Tourniquet,999,,,,,,,,,,
TOOL_HOVER,131623,5/11/2023 10:33,8581c1f8-a4e8-4245-ac73-2bd671237001,Tourniquet,999,,,,,,,,,,
TOOL_HOVER,131640,5/11/2023 10:33,8581c1f8-a4e8-4245-ac73-2bd671237001,Tourniquet,999,,,,,,,,,,
TOOL_HOVER,131657,5/11/2023 10:33,8581c1f8-a4e8-4245-ac73-2bd671237001,Tourniquet,999,,,,,,,,,,
TOOL_HOVER,131674,5/11/2023 10:33,8581c1f8-a4e8-4245-ac73-2bd671237001,Tourniquet,999,,,,,,,,,,
TOOL_HOVER,131690,5/11/2023 10:33,8581c1f8-a4e8-4245-ac73-2bd671237001,Tourniquet,999,,,,,,,,,,
TOOL_HOVER,131707,5/11/2023 10:33,8581c1f8-a4e8-4245-ac73-2bd671237001,Tourniquet,999,,,,,,,,,,
TOOL_HOVER,131723,5/11/2023 10:33,8581c1f8-a4e8-4245-ac73-2bd671237001,Tourniquet,999,,,,,,,,,,
BAG_ACCESS,132591,5/11/2023 10:34,8581c1f8-a4e8-4245-ac73-2bd671237001,"(2.7, 0.5, 0.9)",,,,,,,,,,,
VOICE_CAPTURE,132973,5/11/2023 10:34,8581c1f8-a4e8-4245-ac73-2bd671237001,alright buddy hold on here,NA,,,,,,,,,,
TOOL_HOVER,133390,5/11/2023 10:34,8581c1f8-a4e8-4245-ac73-2bd671237001,Tourniquet,999,,,,,,,,,,
TOOL_HOVER,133408,5/11/2023 10:34,8581c1f8-a4e8-4245-ac73-2bd671237001,Tourniquet,999,,,,,,,,,,
TOOL_HOVER,133424,5/11/2023 10:34,8581c1f8-a4e8-4245-ac73-2bd671237001,Tourniquet,999,,,,,,,,,,
TOOL_HOVER,133440,5/11/2023 10:34,8581c1f8-a4e8-4245-ac73-2bd671237001,Tourniquet,999,,,,,,,,,,
TOOL_HOVER,133457,5/11/2023 10:34,8581c1f8-a4e8-4245-ac73-2bd671237001,Tourniquet,999,,,,,,,,,,
TOOL_HOVER,133474,5/11/2023 10:34,8581c1f8-a4e8-4245-ac73-2bd671237001,Tourniquet,999,,,,,,,,,,
TOOL_HOVER,133491,5/11/2023 10:34,8581c1f8-a4e8-4245-ac73-2bd671237001,Tourniquet,999,,,,,,,,,,
TOOL_HOVER,133507,5/11/2023 10:34,8581c1f8-a4e8-4245-ac73-2bd671237001,Tourniquet,999,,,,,,,,,,
TOOL_HOVER,133524,5/11/2023 10:34,8581c1f8-a4e8-4245-ac73-2bd671237001,Tourniquet,999,,,,,,,,,,
TOOL_HOVER,133541,5/11/2023 10:34,8581c1f8-a4e8-4245-ac73-2bd671237001,Tourniquet,999,,,,,,,,,,
TOOL_HOVER,133560,5/11/2023 10:34,8581c1f8-a4e8-4245-ac73-2bd671237001,Tourniquet,999,,,,,,,,,,
TOOL_HOVER,133573,5/11/2023 10:34,8581c1f8-a4e8-4245-ac73-2bd671237001,Tourniquet,999,,,,,,,,,,
TOOL_SELECTED,133575,5/11/2023 10:34,8581c1f8-a4e8-4245-ac73-2bd671237001,Tourniquet,998,,,,,,,,,,
INJURY_TREATED,135561,5/11/2023 10:34,8581c1f8-a4e8-4245-ac73-2bd671237001,L Thigh Laceration,Mike_1 Root,tourniquet,medium,leftLeg,TRUE,FALSE,"(2.8, 0.3, 0.4)",,,,
TOOL_APPLIED,135561,5/11/2023 10:34,8581c1f8-a4e8-4245-ac73-2bd671237001,Mike_1 Root,Tourniquet,LeftUpLeg (UnityEngine.GameObject),tor_ring (1) (UnityEngine.GameObject),tourniquet(Clone) (UnityEngine.GameObject),AppliedTourniquet,,,,,,
VOICE_CAPTURE,139780,5/11/2023 10:34,8581c1f8-a4e8-4245-ac73-2bd671237001,OK,NA,,,,,,,,,,
PULSE_TAKEN,141430,5/11/2023 10:34,8581c1f8-a4e8-4245-ac73-2bd671237001,pulse_normal,Mike_1 Root,,,,,,,,,,
VOICE_CAPTURE,146424,5/11/2023 10:34,8581c1f8-a4e8-4245-ac73-2bd671237001,OK false,NA,,,,,,,,,,
TAG_SELECTED,147175,5/11/2023 10:34,8581c1f8-a4e8-4245-ac73-2bd671237001,yellow,,,,,,,,,,,
TAG_APPLIED,149597,5/11/2023 10:34,8581c1f8-a4e8-4245-ac73-2bd671237001,Mike_1 Root,yellow,,,,,,,,,,
VOICE_CAPTURE,150797,5/11/2023 10:34,8581c1f8-a4e8-4245-ac73-2bd671237001,he's gonna be yellow because he's outside the box,NA,,,,,,,,,,
TAG_SELECTED,152084,5/11/2023 10:34,8581c1f8-a4e8-4245-ac73-2bd671237001,green,,,,,,,,,,,
VOICE_CAPTURE,152100,5/11/2023 10:34,8581c1f8-a4e8-4245-ac73-2bd671237001,alright,NA,,,,,,,,,,
TAG_DISCARDED,152621,5/11/2023 10:34,8581c1f8-a4e8-4245-ac73-2bd671237001,green,"(2.5, 0.5, 0.9)",,,,,,,,,,
VOICE_CAPTURE,153938,5/11/2023 10:34,8581c1f8-a4e8-4245-ac73-2bd671237001,good,NA,,,,,,,,,,
BAG_CLOSED,157339,5/11/2023 10:34,8581c1f8-a4e8-4245-ac73-2bd671237001,"(2.7, 0.5, 0.9)",,,,,,,,,,,
TELEPORT,157339,5/11/2023 10:34,8581c1f8-a4e8-4245-ac73-2bd671237001,"(2.2, 0.0, 2.1)",,,,,,,,,,,
PATIENT_ENGAGED,159661,5/11/2023 10:34,8581c1f8-a4e8-4245-ac73-2bd671237001,100,Infinity,Mike_2 Root,"(4.4, 0.0, -1.5)","(0.0, 0.7, 0.0, -0.7)",IMMEDIATE,walker,fast,normal,normal,upset,standing
VOICE_CAPTURE,160664,5/11/2023 10:34,8581c1f8-a4e8-4245-ac73-2bd671237001,OK,NA,,,,,,,,,,
BAG_ACCESS,164436,5/11/2023 10:34,8581c1f8-a4e8-4245-ac73-2bd671237001,"(3.6, 0.8, -1.3)",,,,,,,,,,,
VOICE_CAPTURE,166142,5/11/2023 10:34,8581c1f8-a4e8-4245-ac73-2bd671237001,alright we're gonna pack you up here,NA,,,,,,,,,,
TOOL_HOVER,167096,5/11/2023 10:34,8581c1f8-a4e8-4245-ac73-2bd671237001,Hemostatic Gauze,999,,,,,,,,,,
TOOL_HOVER,167109,5/11/2023 10:34,8581c1f8-a4e8-4245-ac73-2bd671237001,Hemostatic Gauze,999,,,,,,,,,,
TOOL_HOVER,167125,5/11/2023 10:34,8581c1f8-a4e8-4245-ac73-2bd671237001,Hemostatic Gauze,999,,,,,,,,,,
TOOL_HOVER,167143,5/11/2023 10:34,8581c1f8-a4e8-4245-ac73-2bd671237001,Hemostatic Gauze,999,,,,,,,,,,
TOOL_HOVER,167160,5/11/2023 10:34,8581c1f8-a4e8-4245-ac73-2bd671237001,Hemostatic Gauze,999,,,,,,,,,,
TOOL_HOVER,167176,5/11/2023 10:34,8581c1f8-a4e8-4245-ac73-2bd671237001,Hemostatic Gauze,999,,,,,,,,,,
TOOL_HOVER,167193,5/11/2023 10:34,8581c1f8-a4e8-4245-ac73-2bd671237001,Hemostatic Gauze,999,,,,,,,,,,
TOOL_HOVER,167209,5/11/2023 10:34,8581c1f8-a4e8-4245-ac73-2bd671237001,Hemostatic Gauze,999,,,,,,,,,,
TOOL_HOVER,167226,5/11/2023 10:34,8581c1f8-a4e8-4245-ac73-2bd671237001,Hemostatic Gauze,999,,,,,,,,,,
TOOL_HOVER,167244,5/11/2023 10:34,8581c1f8-a4e8-4245-ac73-2bd671237001,Hemostatic Gauze,999,,,,,,,,,,
TOOL_HOVER,167259,5/11/2023 10:34,8581c1f8-a4e8-4245-ac73-2bd671237001,Hemostatic Gauze,999,,,,,,,,,,
TOOL_HOVER,167276,5/11/2023 10:34,8581c1f8-a4e8-4245-ac73-2bd671237001,Hemostatic Gauze,999,,,,,,,,,,
TOOL_HOVER,167292,5/11/2023 10:34,8581c1f8-a4e8-4245-ac73-2bd671237001,Hemostatic Gauze,999,,,,,,,,,,
TOOL_HOVER,167310,5/11/2023 10:34,8581c1f8-a4e8-4245-ac73-2bd671237001,Hemostatic Gauze,999,,,,,,,,,,
TOOL_HOVER,167327,5/11/2023 10:34,8581c1f8-a4e8-4245-ac73-2bd671237001,Hemostatic Gauze,999,,,,,,,,,,
TOOL_SELECTED,167328,5/11/2023 10:34,8581c1f8-a4e8-4245-ac73-2bd671237001,Hemostatic Gauze,998,,,,,,,,,,
TOOL_DISCARDED,169377,5/11/2023 10:34,8581c1f8-a4e8-4245-ac73-2bd671237001,Hemostatic Gauze,998,"(4.3, 1.4, -1.5)",,,,,,,,,
INJURY_TREATED,169378,5/11/2023 10:34,8581c1f8-a4e8-4245-ac73-2bd671237001,L Shoulder Puncture,Mike_2 Root,woundpack,medium,chest,TRUE,FALSE,"(4.3, 1.4, -1.5)",,,,
TOOL_APPLIED,169378,5/11/2023 10:34,8581c1f8-a4e8-4245-ac73-2bd671237001,Mike_2 Root,Gauze_Pack,skinCollider_BodyCollideLOD (UnityEngine.GameObject),null,null,AppliedPackingGauze,,,,,,
PULSE_TAKEN,170792,5/11/2023 10:34,8581c1f8-a4e8-4245-ac73-2bd671237001,pulse_fast,Mike_2 Root,,,,,,,,,,
BAG_CLOSED,177043,5/11/2023 10:34,8581c1f8-a4e8-4245-ac73-2bd671237001,"(3.6, 0.8, -1.3)",,,,,,,,,,,
TELEPORT,177043,5/11/2023 10:34,8581c1f8-a4e8-4245-ac73-2bd671237001,"(3.3, 0.0, -0.1)",,,,,,,,,,,
VOICE_CAPTURE,177910,5/11/2023 10:34,8581c1f8-a4e8-4245-ac73-2bd671237001,OK check pulse on you alright anywhere else you look pretty good,NA,,,,,,,,,,
VOICE_COMMAND,177910,5/11/2023 10:34,8581c1f8-a4e8-4245-ac73-2bd671237001,anywhere else,OK check pulse on you alright anywhere else you look pretty good,,,,,,,,,,
TELEPORT,180618,5/11/2023 10:34,8581c1f8-a4e8-4245-ac73-2bd671237001,"(3.7, 0.0, -1.7)",,,,,,,,,,,
VOICE_CAPTURE,181424,5/11/2023 10:34,8581c1f8-a4e8-4245-ac73-2bd671237001,alright we're gonna get check you out here,NA,,,,,,,,,,
VOICE_CAPTURE,182948,5/11/2023 10:34,8581c1f8-a4e8-4245-ac73-2bd671237001,oh crap,NA,,,,,,,,,,
BAG_ACCESS,185998,5/11/2023 10:34,8581c1f8-a4e8-4245-ac73-2bd671237001,"(3.6, 0.8, -1.6)",,,,,,,,,,,
VOICE_CAPTURE,186800,5/11/2023 10:34,8581c1f8-a4e8-4245-ac73-2bd671237001,should have told me why didn't you tell me,NA,,,,,,,,,,
VOICE_CAPTURE,190507,5/11/2023 10:34,8581c1f8-a4e8-4245-ac73-2bd671237001,you're gonna be,NA,,,,,,,,,,
VOICE_CAPTURE,195154,5/11/2023 10:35,8581c1f8-a4e8-4245-ac73-2bd671237001,I'm thinking yellow cause it's in the box,NA,,,,,,,,,,
TAG_SELECTED,197395,5/11/2023 10:35,8581c1f8-a4e8-4245-ac73-2bd671237001,yellow,,,,,,,,,,,
VOICE_CAPTURE,199411,5/11/2023 10:35,8581c1f8-a4e8-4245-ac73-2bd671237001,I'm gonna go yellow,NA,,,,,,,,,,
TAG_APPLIED,201400,5/11/2023 10:35,8581c1f8-a4e8-4245-ac73-2bd671237001,Mike_2 Root,yellow,,,,,,,,,,
TAG_SELECTED,202321,5/11/2023 10:35,8581c1f8-a4e8-4245-ac73-2bd671237001,red,,,,,,,,,,,
TAG_APPLIED,203255,5/11/2023 10:35,8581c1f8-a4e8-4245-ac73-2bd671237001,Mike_2 Root,red,,,,,,,,,,
VOICE_CAPTURE,203388,5/11/2023 10:35,8581c1f8-a4e8-4245-ac73-2bd671237001,he would actually,NA,,,,,,,,,,
VOICE_CAPTURE,207024,5/11/2023 10:35,8581c1f8-a4e8-4245-ac73-2bd671237001,yeah but,NA,,,,,,,,,,
VOICE_CAPTURE,210708,5/11/2023 10:35,8581c1f8-a4e8-4245-ac73-2bd671237001,OK,NA,,,,,,,,,,
BAG_CLOSED,213990,5/11/2023 10:35,8581c1f8-a4e8-4245-ac73-2bd671237001,"(3.6, 0.8, -1.6)",,,,,,,,,,,
TELEPORT,213990,5/11/2023 10:35,8581c1f8-a4e8-4245-ac73-2bd671237001,"(3.6, 0.0, -0.7)",,,,,,,,,,,
VOICE_CAPTURE,214373,5/11/2023 10:35,8581c1f8-a4e8-4245-ac73-2bd671237001,OK,NA,,,,,,,,,,
PATIENT_ENGAGED,216739,5/11/2023 10:35,8581c1f8-a4e8-4245-ac73-2bd671237001,100,Infinity,Mike_0 Root,"(4.8, 0.0, -3.3)","(0.0, 0.3, 0.0, -1.0)",MINIMAL,walker,normal,normal,normal,upset,standing
VOICE_CAPTURE,218461,5/11/2023 10:35,8581c1f8-a4e8-4245-ac73-2bd671237001,and you'll notice,NA,,,,,,,,,,
PULSE_TAKEN,220320,5/11/2023 10:35,8581c1f8-a4e8-4245-ac73-2bd671237001,pulse_normal,Mike_0 Root,,,,,,,,,,
VOICE_CAPTURE,223697,5/11/2023 10:35,8581c1f8-a4e8-4245-ac73-2bd671237001,but that's not his injury that's just blood from his OK,NA,,,,,,,,,,
VOICE_CAPTURE,225300,5/11/2023 10:35,8581c1f8-a4e8-4245-ac73-2bd671237001,you don't have to,NA,,,,,,,,,,
BAG_ACCESS,232218,5/11/2023 10:35,8581c1f8-a4e8-4245-ac73-2bd671237001,"(4.6, 0.8, -2.5)",,,,,,,,,,,
VOICE_CAPTURE,233335,5/11/2023 10:35,8581c1f8-a4e8-4245-ac73-2bd671237001,it's just like a lack I'm gonna do that as a green,NA,,,,,,,,,,
TOOL_HOVER,234486,5/11/2023 10:35,8581c1f8-a4e8-4245-ac73-2bd671237001,Gauze,999,,,,,,,,,,
TOOL_HOVER,234503,5/11/2023 10:35,8581c1f8-a4e8-4245-ac73-2bd671237001,Gauze,999,,,,,,,,,,
TOOL_HOVER,234520,5/11/2023 10:35,8581c1f8-a4e8-4245-ac73-2bd671237001,Gauze,999,,,,,,,,,,
TOOL_HOVER,234535,5/11/2023 10:35,8581c1f8-a4e8-4245-ac73-2bd671237001,Gauze,999,,,,,,,,,,
TOOL_HOVER,234552,5/11/2023 10:35,8581c1f8-a4e8-4245-ac73-2bd671237001,Gauze,999,,,,,,,,,,
TOOL_HOVER,234569,5/11/2023 10:35,8581c1f8-a4e8-4245-ac73-2bd671237001,Gauze,999,,,,,,,,,,
TOOL_HOVER,234586,5/11/2023 10:35,8581c1f8-a4e8-4245-ac73-2bd671237001,Gauze,999,,,,,,,,,,
TOOL_HOVER,234602,5/11/2023 10:35,8581c1f8-a4e8-4245-ac73-2bd671237001,Gauze,999,,,,,,,,,,
TOOL_HOVER,234622,5/11/2023 10:35,8581c1f8-a4e8-4245-ac73-2bd671237001,Gauze,999,,,,,,,,,,
TOOL_HOVER,234636,5/11/2023 10:35,8581c1f8-a4e8-4245-ac73-2bd671237001,Gauze,999,,,,,,,,,,
TOOL_HOVER,234652,5/11/2023 10:35,8581c1f8-a4e8-4245-ac73-2bd671237001,Gauze,999,,,,,,,,,,
TOOL_HOVER,234670,5/11/2023 10:35,8581c1f8-a4e8-4245-ac73-2bd671237001,Gauze,999,,,,,,,,,,
TOOL_HOVER,234686,5/11/2023 10:35,8581c1f8-a4e8-4245-ac73-2bd671237001,Gauze,999,,,,,,,,,,
TOOL_SELECTED,234687,5/11/2023 10:35,8581c1f8-a4e8-4245-ac73-2bd671237001,Gauze,998,,,,,,,,,,
TOOL_DISCARDED,235785,5/11/2023 10:35,8581c1f8-a4e8-4245-ac73-2bd671237001,Gauze,998,"(5.0, 1.0, -3.1)",,,,,,,,,
INJURY_TREATED,235786,5/11/2023 10:35,8581c1f8-a4e8-4245-ac73-2bd671237001,R Forearm Laceration,Mike_0 Root,gauzePressure,low,rightArm,TRUE,FALSE,"(5.0, 1.0, -3.1)",,,,
TOOL_APPLIED,235786,5/11/2023 10:35,8581c1f8-a4e8-4245-ac73-2bd671237001,Mike_0 Root,Gauze_Dressing,skinCollider_BodyCollideLOD (UnityEngine.GameObject),null,null,AppliedDressingGauze,,,,,,
TAG_SELECTED,236990,5/11/2023 10:35,8581c1f8-a4e8-4245-ac73-2bd671237001,green,,,,,,,,,,,
TAG_APPLIED,237978,5/11/2023 10:35,8581c1f8-a4e8-4245-ac73-2bd671237001,Mike_0 Root,green,,,,,,,,,,
PULSE_TAKEN,239949,5/11/2023 10:35,8581c1f8-a4e8-4245-ac73-2bd671237001,pulse_normal,Mike_0 Root,,,,,,,,,,
BAG_CLOSED,242601,5/11/2023 10:35,8581c1f8-a4e8-4245-ac73-2bd671237001,"(4.6, 0.8, -2.5)",,,,,,,,,,,
TELEPORT,242601,5/11/2023 10:35,8581c1f8-a4e8-4245-ac73-2bd671237001,"(4.5, 0.0, -1.8)",,,,,,,,,,,
VOICE_CAPTURE,243777,5/11/2023 10:35,8581c1f8-a4e8-4245-ac73-2bd671237001,alright,NA,,,,,,,,,,
TELEPORT,244478,5/11/2023 10:35,8581c1f8-a4e8-4245-ac73-2bd671237001,"(2.4, 0.0, -2.9)",,,,,,,,,,,
SESSION_END,244796,5/11/2023 10:35,8581c1f8-a4e8-4245-ac73-2bd671237001,,,,,,,,,,,,
VOICE_CAPTURE,250185,5/11/2023 10:35,8581c1f8-a4e8-4245-ac73-2bd671237001,Jess is gonna close this out she's gonna put you in the whole scenario,NA,,,,,,,,,,
VOICE_CAPTURE,261236,5/11/2023 10:36,8581c1f8-a4e8-4245-ac73-2bd671237001,and your scenario is going to be that you have been dispatched to a report of a subway explosion you're the first one on scene course,NA,,,,,,,,,,
PATIENT_DEMOTED,263727,5/11/2023 10:36,8581c1f8-a4e8-4245-ac73-2bd671237001,100,Infinity,Bob_0 Root,"(-1.4, 0.0, 5.6)","(0.0, 0.7, 0.0, 0.7)",EXPECTANT,still,faint,restricted,none,unresponsive,supine
PATIENT_DEMOTED,263952,5/11/2023 10:36,8581c1f8-a4e8-4245-ac73-2bd671237001,100,Infinity,Bob_0 Root,"(-1.5, 0.0, 5.6)","(0.0, 0.7, 0.0, 0.7)",DEAD,still,none,none,none,dead,supine
PATIENT_DEMOTED,264085,5/11/2023 10:36,8581c1f8-a4e8-4245-ac73-2bd671237001,100,Infinity,Gary_1 Root,"(1.7, 0.0, 7.4)","(0.0, 1.0, 0.0, 0.0)",EXPECTANT,still,faint,restricted,none,unresponsive,supine
VOICE_CAPTURE,264535,5/11/2023 10:36,8581c1f8-a4e8-4245-ac73-2bd671237001,the help is 15 minutes away and you're seeing is secure,NA,,,,,,,,,,
PATIENT_DEMOTED,264811,5/11/2023 10:36,8581c1f8-a4e8-4245-ac73-2bd671237001,100,Infinity,Lily_2 Root,"(2.8, 0.0, 4.3)","(0.0, 1.0, 0.0, 0.0)",IMMEDIATE,waver,fast,fast,normal,agony,fetal
PATIENT_DEMOTED,265488,5/11/2023 10:36,8581c1f8-a4e8-4245-ac73-2bd671237001,100,0,Gary_3 Root,"(0.3, 0.0, 1.6)","(0.0, 0.0, 0.0, 1.0)",IMMEDIATE,still,faint,collapsedRight,normal,unresponsive,supine
PATIENT_DEMOTED,266072,5/11/2023 10:36,8581c1f8-a4e8-4245-ac73-2bd671237001,100,Infinity,Lily_4 Root,"(1.2, 0.0, 6.3)","(0.0, 1.0, 0.0, 0.0)",IMMEDIATE,waver,fast,normal,normal,upset,fetal
PATIENT_DEMOTED,266900,5/11/2023 10:36,8581c1f8-a4e8-4245-ac73-2bd671237001,100,Infinity,Mike_5 Root,"(2.4, 0.0, 2.3)","(0.0, 1.0, 0.0, 0.0)",IMMEDIATE,waver,fast,normal,normal,upset,fetal
PATIENT_DEMOTED,267455,5/11/2023 10:36,8581c1f8-a4e8-4245-ac73-2bd671237001,100,Infinity,Gloria_6 Root,"(-1.0, 0.0, 2.9)","(0.0, 0.4, 0.0, 0.9)",DELAYED,waver,fast,normal,normal,upset,fetal
PATIENT_DEMOTED,268164,5/11/2023 10:36,8581c1f8-a4e8-4245-ac73-2bd671237001,100,Infinity,Mike_7 Root,"(1.7, 0.0, 3.9)","(0.0, 0.1, 0.0, 1.0)",IMMEDIATE,waver,fast,normal,normal,upset,sittingGround
PATIENT_DEMOTED,268538,5/11/2023 10:36,8581c1f8-a4e8-4245-ac73-2bd671237001,100,Infinity,Mike_7 Root,"(1.0, 0.0, 3.7)","(0.0, 0.1, 0.0, 1.0)",DELAYED,waver,fast,normal,normal,upset,sittingGround
VOICE_CAPTURE,269708,5/11/2023 10:36,8581c1f8-a4e8-4245-ac73-2bd671237001,scared,NA,,,,,,,,,,
SESSION_START,272360,5/11/2023 10:36,8581c1f8-a4e8-4245-ac73-2bd671237001,,,,,,,,,,,,
PATIENT_RECORD,272360,5/11/2023 10:36,8581c1f8-a4e8-4245-ac73-2bd671237001,100,Infinity,Bob_0 Root,"(-1.7, 0.0, 5.6)","(0.0, 0.7, 0.0, 0.7)",DEAD,still,none,none,none,dead,supine
INJURY_RECORD,272360,5/11/2023 10:36,8581c1f8-a4e8-4245-ac73-2bd671237001,Face Shrapnel,Bob_0 Root,airway,high,head,FALSE,FALSE,"(-1.6, 1.7, 5.6)",,,,
INJURY_RECORD,272360,5/11/2023 10:36,8581c1f8-a4e8-4245-ac73-2bd671237001,L Wrist Amputation,Bob_0 Root,tourniquet,high,leftArm,FALSE,FALSE,"(-1.7, 1.4, 6.3)",,,,
INJURY_RECORD,272360,5/11/2023 10:36,8581c1f8-a4e8-4245-ac73-2bd671237001,L Chest Collapse,Bob_0 Root,decompress,high,chest,FALSE,FALSE,"(0.0, 0.0, 0.0)",,,,
INJURY_RECORD,272360,5/11/2023 10:36,8581c1f8-a4e8-4245-ac73-2bd671237001,L Stomach Puncture,Bob_0 Root,woundpack,high,abdomen,FALSE,FALSE,"(-1.6, 1.1, 5.7)",,,,
INJURY_RECORD,272360,5/11/2023 10:36,8581c1f8-a4e8-4245-ac73-2bd671237001,R Shin Amputation,Bob_0 Root,tourniquet,high,rightLeg,FALSE,FALSE,"(-1.7, 0.4, 5.5)",,,,
INJURY_RECORD,272360,5/11/2023 10:36,8581c1f8-a4e8-4245-ac73-2bd671237001,L Thigh Laceration,Bob_0 Root,tourniquet,medium,leftLeg,FALSE,FALSE,"(-1.6, 0.7, 5.8)",,,,
PATIENT_RECORD,272360,5/11/2023 10:36,8581c1f8-a4e8-4245-ac73-2bd671237001,100,Infinity,Gary_1 Root,"(1.6, 0.0, 7.6)","(0.0, 1.0, 0.0, 0.0)",EXPECTANT,still,none,restricted,none,unresponsive,supine
INJURY_RECORD,272360,5/11/2023 10:36,8581c1f8-a4e8-4245-ac73-2bd671237001,Face Shrapnel,Gary_1 Root,airway,high,head,FALSE,FALSE,"(1.6, 1.7, 7.6)",,,,
PATIENT_RECORD,272360,5/11/2023 10:36,8581c1f8-a4e8-4245-ac73-2bd671237001,100,Infinity,Lily_2 Root,"(3.0, 0.0, 4.5)","(0.0, 1.0, 0.0, 0.0)",IMMEDIATE,waver,fast,fast,normal,agony,fetal
INJURY_RECORD,272360,5/11/2023 10:36,8581c1f8-a4e8-4245-ac73-2bd671237001,R Shin Amputation,Lily_2 Root,tourniquet,high,rightLeg,FALSE,FALSE,"(2.9, 0.4, 4.5)",,,,
PATIENT_RECORD,272360,5/11/2023 10:36,8581c1f8-a4e8-4245-ac73-2bd671237001,100,0,Gary_3 Root,"(0.4, 0.0, 1.7)","(0.0, 0.0, 0.0, 1.0)",IMMEDIATE,still,faint,collapsedRight,normal,unresponsive,supine
INJURY_RECORD,272360,5/11/2023 10:36,8581c1f8-a4e8-4245-ac73-2bd671237001,R Chest Collapse,Gary_3 Root,decompress,high,chest,FALSE,FALSE,"(0.0, 0.0, 0.0)",,,,
PATIENT_RECORD,272360,5/11/2023 10:36,8581c1f8-a4e8-4245-ac73-2bd671237001,100,Infinity,Lily_4 Root,"(1.2, 0.0, 6.2)","(0.0, 1.0, 0.0, 0.0)",IMMEDIATE,waver,fast,normal,normal,upset,fetal
INJURY_RECORD,272360,5/11/2023 10:36,8581c1f8-a4e8-4245-ac73-2bd671237001,L Side Puncture,Lily_4 Root,woundpack,medium,abdomen,FALSE,FALSE,"(1.3, 1.0, 6.2)",,,,
PATIENT_RECORD,272360,5/11/2023 10:36,8581c1f8-a4e8-4245-ac73-2bd671237001,100,Infinity,Mike_5 Root,"(2.7, 0.0, 2.3)","(0.0, 1.0, 0.0, 0.0)",IMMEDIATE,waver,fast,normal,normal,upset,fetal
INJURY_RECORD,272360,5/11/2023 10:36,8581c1f8-a4e8-4245-ac73-2bd671237001,R Side Puncture,Mike_5 Root,woundpack,medium,abdomen,FALSE,FALSE,"(2.6, 1.1, 2.2)",,,,
INJURY_RECORD,272360,5/11/2023 10:36,8581c1f8-a4e8-4245-ac73-2bd671237001,R Thigh Laceration,Mike_5 Root,tourniquet,medium,rightLeg,FALSE,FALSE,"(2.5, 0.6, 2.2)",,,,
PATIENT_RECORD,272360,5/11/2023 10:36,8581c1f8-a4e8-4245-ac73-2bd671237001,100,Infinity,Gloria_6 Root,"(-1.2, 0.0, 3.1)","(0.0, 0.4, 0.0, 0.9)",DELAYED,waver,fast,normal,normal,upset,fetal
INJURY_RECORD,272360,5/11/2023 10:36,8581c1f8-a4e8-4245-ac73-2bd671237001,R Calf Shrapnel,Gloria_6 Root,gauzePressure,medium,rightLeg,FALSE,FALSE,"(-1.1, 0.3, 3.0)",,,,
PATIENT_RECORD,272360,5/11/2023 10:36,8581c1f8-a4e8-4245-ac73-2bd671237001,100,Infinity,Mike_7 Root,"(1.3, 0.0, 3.4)","(0.0, 0.1, 0.0, 1.0)",DELAYED,waver,fast,normal,normal,upset,sittingGround
INJURY_RECORD,272360,5/11/2023 10:36,8581c1f8-a4e8-4245-ac73-2bd671237001,L Thigh Puncture,Mike_7 Root,tourniquet,medium,leftLeg,FALSE,FALSE,"(1.3, 0.6, 3.5)",,,,
INJURY_RECORD,272360,5/11/2023 10:36,8581c1f8-a4e8-4245-ac73-2bd671237001,R Calf Laceration,Mike_7 Root,gauzePressure,low,rightLeg,FALSE,FALSE,"(1.4, 0.3, 3.4)",,,,
PATIENT_RECORD,272360,5/11/2023 10:36,8581c1f8-a4e8-4245-ac73-2bd671237001,100,Infinity,Gloria_8 Root,"(3.7, 0.0, 6.0)","(0.0, 1.0, 0.0, 0.0)",MINIMAL,walker,normal,normal,normal,upset,sittingGround
INJURY_RECORD,272360,5/11/2023 10:36,8581c1f8-a4e8-4245-ac73-2bd671237001,L Forearm Laceration,Gloria_8 Root,gauzePressure,low,leftArm,FALSE,FALSE,"(4.2, 1.3, 6.0)",,,,
PATIENT_RECORD,272360,5/11/2023 10:36,8581c1f8-a4e8-4245-ac73-2bd671237001,100,0,Gary_9 Root,"(2.9, 0.0, 9.0)","(0.0, 1.0, 0.0, 0.0)",MINIMAL,walker,normal,normal,limited,calm,standing
INJURY_RECORD,272360,5/11/2023 10:36,8581c1f8-a4e8-4245-ac73-2bd671237001,Ear Bleed,Gary_9 Root,none,low,head,FALSE,FALSE,"(0.0, 0.0, 0.0)",,,,
PATIENT_RECORD,272360,5/11/2023 10:36,8581c1f8-a4e8-4245-ac73-2bd671237001,100,Infinity,Helga_10 Root,"(3.9, 0.0, 8.0)","(0.0, 1.0, 0.0, 0.0)",MINIMAL,walker,normal,normal,normal,calm,sittingGround
INJURY_RECORD,272360,5/11/2023 10:36,8581c1f8-a4e8-4245-ac73-2bd671237001,Forehead Scrape,Helga_10 Root,none,low,head,FALSE,FALSE,"(4.0, 1.5, 7.9)",,,,
VOICE_CAPTURE,277669,5/11/2023 10:36,8581c1f8-a4e8-4245-ac73-2bd671237001,how do you know this thing is secure,NA,,,,,,,,,,
VOICE_CAPTURE,281129,5/11/2023 10:36,8581c1f8-a4e8-4245-ac73-2bd671237001,alright Sir wow alright,NA,,,,,,,,,,
VOICE_CAPTURE,283696,5/11/2023 10:36,8581c1f8-a4e8-4245-ac73-2bd671237001,walk,NA,,,,,,,,,,
VOICE_COMMAND,283696,5/11/2023 10:36,8581c1f8-a4e8-4245-ac73-2bd671237001,walk to the safe area,walk,,,,,,,,,,
S_A_L_T_WALK_IF_CAN,283696,5/11/2023 10:36,8581c1f8-a4e8-4245-ac73-2bd671237001,"(3.0, 0.0, 4.5)",walkIfCan,Lily_2 Root,,,,,,,,,
S_A_L_T_WALK_IF_CAN,283696,5/11/2023 10:36,8581c1f8-a4e8-4245-ac73-2bd671237001,"(1.2, 0.0, 6.2)",walkIfCan,Lily_4 Root,,,,,,,,,
S_A_L_T_WALK_IF_CAN,283696,5/11/2023 10:36,8581c1f8-a4e8-4245-ac73-2bd671237001,"(2.7, 0.0, 2.3)",walkIfCan,Mike_5 Root,,,,,,,,,
S_A_L_T_WALK_IF_CAN,283696,5/11/2023 10:36,8581c1f8-a4e8-4245-ac73-2bd671237001,"(-1.2, 0.0, 3.1)",walkIfCan,Gloria_6 Root,,,,,,,,,
S_A_L_T_WALK_IF_CAN,283696,5/11/2023 10:36,8581c1f8-a4e8-4245-ac73-2bd671237001,"(1.3, 0.0, 3.4)",walkIfCan,Mike_7 Root,,,,,,,,,
S_A_L_T_WALK_IF_CAN,283696,5/11/2023 10:36,8581c1f8-a4e8-4245-ac73-2bd671237001,"(3.7, 0.0, 6.0)",walkIfCan,Gloria_8 Root,,,,,,,,,
S_A_L_T_WALKED,283696,5/11/2023 10:36,8581c1f8-a4e8-4245-ac73-2bd671237001,"(3.7, 0.0, 6.0)",walked,Gloria_8 Root,,,,,,,,,
S_A_L_T_WALK_IF_CAN,283696,5/11/2023 10:36,8581c1f8-a4e8-4245-ac73-2bd671237001,"(3.9, 0.0, 8.0)",walkIfCan,Helga_10 Root,,,,,,,,,
S_A_L_T_WALKED,283696,5/11/2023 10:36,8581c1f8-a4e8-4245-ac73-2bd671237001,"(3.9, 0.0, 8.0)",walked,Helga_10 Root,,,,,,,,,
VOICE_CAPTURE,286128,5/11/2023 10:36,8581c1f8-a4e8-4245-ac73-2bd671237001,alright if anyone can walk please come over here to the stairs,NA,,,,,,,,,,
VOICE_COMMAND,286128,5/11/2023 10:36,8581c1f8-a4e8-4245-ac73-2bd671237001,walk to the safe area,alright if anyone can walk please come over here to the stairs,,,,,,,,,,
VOICE_CAPTURE,288864,5/11/2023 10:36,8581c1f8-a4e8-4245-ac73-2bd671237001,wave,NA,,,,,,,,,,
VOICE_COMMAND,288864,5/11/2023 10:36,8581c1f8-a4e8-4245-ac73-2bd671237001,wave if you can,wave,,,,,,,,,,
S_A_L_T_WAVE_IF_CAN,288864,5/11/2023 10:36,8581c1f8-a4e8-4245-ac73-2bd671237001,"(3.0, 0.0, 4.5)",waveIfCan,Lily_2 Root,,,,,,,,,
S_A_L_T_WAVED,288864,5/11/2023 10:36,8581c1f8-a4e8-4245-ac73-2bd671237001,"(3.0, 0.0, 4.5)",waved,Lily_2 Root,,,,,,,,,
S_A_L_T_WAVE_IF_CAN,288865,5/11/2023 10:36,8581c1f8-a4e8-4245-ac73-2bd671237001,"(1.2, 0.0, 6.2)",waveIfCan,Lily_4 Root,,,,,,,,,
S_A_L_T_WAVED,288865,5/11/2023 10:36,8581c1f8-a4e8-4245-ac73-2bd671237001,"(1.2, 0.0, 6.2)",waved,Lily_4 Root,,,,,,,,,
S_A_L_T_WAVE_IF_CAN,288865,5/11/2023 10:36,8581c1f8-a4e8-4245-ac73-2bd671237001,"(2.7, 0.0, 2.3)",waveIfCan,Mike_5 Root,,,,,,,,,
S_A_L_T_WAVED,288865,5/11/2023 10:36,8581c1f8-a4e8-4245-ac73-2bd671237001,"(2.7, 0.0, 2.3)",waved,Mike_5 Root,,,,,,,,,
S_A_L_T_WAVE_IF_CAN,288865,5/11/2023 10:36,8581c1f8-a4e8-4245-ac73-2bd671237001,"(-1.2, 0.0, 3.1)",waveIfCan,Gloria_6 Root,,,,,,,,,
S_A_L_T_WAVED,288865,5/11/2023 10:36,8581c1f8-a4e8-4245-ac73-2bd671237001,"(-1.2, 0.0, 3.1)",waved,Gloria_6 Root,,,,,,,,,
S_A_L_T_WAVE_IF_CAN,288865,5/11/2023 10:36,8581c1f8-a4e8-4245-ac73-2bd671237001,"(1.3, 0.0, 3.4)",waveIfCan,Mike_7 Root,,,,,,,,,
S_A_L_T_WAVED,288865,5/11/2023 10:36,8581c1f8-a4e8-4245-ac73-2bd671237001,"(1.3, 0.0, 3.4)",waved,Mike_7 Root,,,,,,,,,
S_A_L_T_WAVE_IF_CAN,288865,5/11/2023 10:36,8581c1f8-a4e8-4245-ac73-2bd671237001,"(4.4, 0.0, 2.9)",waveIfCan,Gloria_8 Root,,,,,,,,,
S_A_L_T_WAVE_IF_CAN,288865,5/11/2023 10:36,8581c1f8-a4e8-4245-ac73-2bd671237001,"(2.4, 0.0, 4.6)",waveIfCan,Helga_10 Root,,,,,,,,,
S_A_L_T_WALK_IF_CAN,288881,5/11/2023 10:36,8581c1f8-a4e8-4245-ac73-2bd671237001,"(3.0, 0.0, 4.5)",walkIfCan,Lily_2 Root,,,,,,,,,
S_A_L_T_WALK_IF_CAN,288881,5/11/2023 10:36,8581c1f8-a4e8-4245-ac73-2bd671237001,"(1.2, 0.0, 6.2)",walkIfCan,Lily_4 Root,,,,,,,,,
S_A_L_T_WALK_IF_CAN,288881,5/11/2023 10:36,8581c1f8-a4e8-4245-ac73-2bd671237001,"(2.7, 0.0, 2.3)",walkIfCan,Mike_5 Root,,,,,,,,,
S_A_L_T_WALK_IF_CAN,288881,5/11/2023 10:36,8581c1f8-a4e8-4245-ac73-2bd671237001,"(-1.2, 0.0, 3.1)",walkIfCan,Gloria_6 Root,,,,,,,,,
S_A_L_T_WALK_IF_CAN,288881,5/11/2023 10:36,8581c1f8-a4e8-4245-ac73-2bd671237001,"(1.3, 0.0, 3.4)",walkIfCan,Mike_7 Root,,,,,,,,,
S_A_L_T_WALK_IF_CAN,288881,5/11/2023 10:36,8581c1f8-a4e8-4245-ac73-2bd671237001,"(4.4, 0.0, 2.9)",walkIfCan,Gloria_8 Root,,,,,,,,,
S_A_L_T_WALKED,288881,5/11/2023 10:36,8581c1f8-a4e8-4245-ac73-2bd671237001,"(4.4, 0.0, 2.9)",walked,Gloria_8 Root,,,,,,,,,
S_A_L_T_WALK_IF_CAN,288881,5/11/2023 10:36,8581c1f8-a4e8-4245-ac73-2bd671237001,"(2.4, 0.0, 4.6)",walkIfCan,Helga_10 Root,,,,,,,,,
S_A_L_T_WALKED,288881,5/11/2023 10:36,8581c1f8-a4e8-4245-ac73-2bd671237001,"(2.4, 0.0, 4.6)",walked,Helga_10 Root,,,,,,,,,
VOICE_CAPTURE,291165,5/11/2023 10:36,8581c1f8-a4e8-4245-ac73-2bd671237001,if anyone can hear me raise your hands and wave at me,NA,,,,,,,,,,
VOICE_COMMAND,291165,5/11/2023 10:36,8581c1f8-a4e8-4245-ac73-2bd671237001,wave if you can,if anyone can hear me raise your hands and wave at me,,,,,,,,,,
S_A_L_T_WAVE_IF_CAN,291168,5/11/2023 10:36,8581c1f8-a4e8-4245-ac73-2bd671237001,"(4.5, 0.0, 0.5)",waveIfCan,Gloria_8 Root,,,,,,,,,
S_A_L_T_WAVE_IF_CAN,291168,5/11/2023 10:36,8581c1f8-a4e8-4245-ac73-2bd671237001,"(2.1, 0.0, 2.4)",waveIfCan,Helga_10 Root,,,,,,,,,
S_A_L_T_WALK_IF_CAN,291184,5/11/2023 10:36,8581c1f8-a4e8-4245-ac73-2bd671237001,"(4.5, 0.0, 0.5)",walkIfCan,Gloria_8 Root,,,,,,,,,
S_A_L_T_WALKED,291184,5/11/2023 10:36,8581c1f8-a4e8-4245-ac73-2bd671237001,"(4.5, 0.0, 0.5)",walked,Gloria_8 Root,,,,,,,,,
S_A_L_T_WALK_IF_CAN,291184,5/11/2023 10:36,8581c1f8-a4e8-4245-ac73-2bd671237001,"(2.1, 0.0, 2.4)",walkIfCan,Helga_10 Root,,,,,,,,,
S_A_L_T_WALKED,291184,5/11/2023 10:36,8581c1f8-a4e8-4245-ac73-2bd671237001,"(2.1, 0.0, 2.4)",walked,Helga_10 Root,,,,,,,,,
TELEPORT,291783,5/11/2023 10:36,8581c1f8-a4e8-4245-ac73-2bd671237001,"(0.8, 0.0, -2.3)",,,,,,,,,,,
VOICE_CAPTURE,295316,5/11/2023 10:36,8581c1f8-a4e8-4245-ac73-2bd671237001,alright I'm gonna go to this guy first because he's down,NA,,,,,,,,,,
PULSE_TAKEN,296556,5/11/2023 10:36,8581c1f8-a4e8-4245-ac73-2bd671237001,pulse_faint,Gary_3 Root,,,,,,,,,,
TOOL_HOVER,303896,5/11/2023 10:36,8581c1f8-a4e8-4245-ac73-2bd671237001,Tourniquet,998,,,,,,,,,,
TOOL_HOVER,303906,5/11/2023 10:36,8581c1f8-a4e8-4245-ac73-2bd671237001,Tourniquet,998,,,,,,,,,,
TOOL_HOVER,303916,5/11/2023 10:36,8581c1f8-a4e8-4245-ac73-2bd671237001,Tourniquet,998,,,,,,,,,,
TOOL_HOVER,303925,5/11/2023 10:36,8581c1f8-a4e8-4245-ac73-2bd671237001,Tourniquet,998,,,,,,,,,,
TOOL_HOVER,303932,5/11/2023 10:36,8581c1f8-a4e8-4245-ac73-2bd671237001,Tourniquet,998,,,,,,,,,,
TOOL_HOVER,303941,5/11/2023 10:36,8581c1f8-a4e8-4245-ac73-2bd671237001,Tourniquet,998,,,,,,,,,,
TOOL_HOVER,303949,5/11/2023 10:36,8581c1f8-a4e8-4245-ac73-2bd671237001,Tourniquet,998,,,,,,,,,,
TOOL_HOVER,303957,5/11/2023 10:36,8581c1f8-a4e8-4245-ac73-2bd671237001,Tourniquet,998,,,,,,,,,,
TOOL_HOVER,303967,5/11/2023 10:36,8581c1f8-a4e8-4245-ac73-2bd671237001,Tourniquet,998,,,,,,,,,,
TOOL_HOVER,303975,5/11/2023 10:36,8581c1f8-a4e8-4245-ac73-2bd671237001,Tourniquet,998,,,,,,,,,,
TOOL_HOVER,303983,5/11/2023 10:36,8581c1f8-a4e8-4245-ac73-2bd671237001,Tourniquet,998,,,,,,,,,,
TOOL_HOVER,303992,5/11/2023 10:36,8581c1f8-a4e8-4245-ac73-2bd671237001,Tourniquet,998,,,,,,,,,,
TOOL_HOVER,304002,5/11/2023 10:36,8581c1f8-a4e8-4245-ac73-2bd671237001,Tourniquet,998,,,,,,,,,,
TOOL_HOVER,304011,5/11/2023 10:36,8581c1f8-a4e8-4245-ac73-2bd671237001,Tourniquet,998,,,,,,,,,,
TOOL_HOVER,304019,5/11/2023 10:36,8581c1f8-a4e8-4245-ac73-2bd671237001,Tourniquet,998,,,,,,,,,,
TOOL_HOVER,304036,5/11/2023 10:36,8581c1f8-a4e8-4245-ac73-2bd671237001,Tourniquet,998,,,,,,,,,,
TOOL_HOVER,304052,5/11/2023 10:36,8581c1f8-a4e8-4245-ac73-2bd671237001,Tourniquet,998,,,,,,,,,,
TOOL_HOVER,304069,5/11/2023 10:36,8581c1f8-a4e8-4245-ac73-2bd671237001,Tourniquet,998,,,,,,,,,,
TOOL_HOVER,304086,5/11/2023 10:36,8581c1f8-a4e8-4245-ac73-2bd671237001,Tourniquet,998,,,,,,,,,,
TOOL_HOVER,304102,5/11/2023 10:36,8581c1f8-a4e8-4245-ac73-2bd671237001,Tourniquet,998,,,,,,,,,,
TOOL_HOVER,304119,5/11/2023 10:36,8581c1f8-a4e8-4245-ac73-2bd671237001,Tourniquet,998,,,,,,,,,,
TOOL_HOVER,304136,5/11/2023 10:36,8581c1f8-a4e8-4245-ac73-2bd671237001,Tourniquet,998,,,,,,,,,,
TOOL_HOVER,304158,5/11/2023 10:36,8581c1f8-a4e8-4245-ac73-2bd671237001,Tourniquet,998,,,,,,,,,,
TOOL_HOVER,304169,5/11/2023 10:36,8581c1f8-a4e8-4245-ac73-2bd671237001,Tourniquet,998,,,,,,,,,,
TOOL_HOVER,304186,5/11/2023 10:36,8581c1f8-a4e8-4245-ac73-2bd671237001,Tourniquet,998,,,,,,,,,,
BAG_ACCESS,304752,5/11/2023 10:36,8581c1f8-a4e8-4245-ac73-2bd671237001,"(0.6, 0.5, 0.8)",,,,,,,,,,,
TOOL_HOVER,305452,5/11/2023 10:36,8581c1f8-a4e8-4245-ac73-2bd671237001,Needle,998,,,,,,,,,,
TOOL_HOVER,305469,5/11/2023 10:36,8581c1f8-a4e8-4245-ac73-2bd671237001,Needle,998,,,,,,,,,,
TOOL_HOVER,305486,5/11/2023 10:36,8581c1f8-a4e8-4245-ac73-2bd671237001,Needle,998,,,,,,,,,,
TOOL_HOVER,305504,5/11/2023 10:36,8581c1f8-a4e8-4245-ac73-2bd671237001,Needle,998,,,,,,,,,,
TOOL_HOVER,305518,5/11/2023 10:36,8581c1f8-a4e8-4245-ac73-2bd671237001,Needle,998,,,,,,,,,,
TOOL_HOVER,305536,5/11/2023 10:36,8581c1f8-a4e8-4245-ac73-2bd671237001,Needle,998,,,,,,,,,,
TOOL_HOVER,305552,5/11/2023 10:36,8581c1f8-a4e8-4245-ac73-2bd671237001,Needle,998,,,,,,,,,,
TOOL_SELECTED,305553,5/11/2023 10:36,8581c1f8-a4e8-4245-ac73-2bd671237001,Needle,997,,,,,,,,,,
VOICE_CAPTURE,306431,5/11/2023 10:36,8581c1f8-a4e8-4245-ac73-2bd671237001,she got a pretty good sunken chest there we're going to needle decompressed that,NA,,,,,,,,,,
INJURY_TREATED,307208,5/11/2023 10:36,8581c1f8-a4e8-4245-ac73-2bd671237001,R Chest Collapse,Gary_3 Root,decompress,high,chest,TRUE,FALSE,"(0.0, 0.0, 0.0)",,,,
TOOL_APPLIED,307208,5/11/2023 10:36,8581c1f8-a4e8-4245-ac73-2bd671237001,Needle_Decomp(Clone),Needle,RChest_Breathe1 (UnityEngine.GameObject),cath_needle (UnityEngine.GameObject),right_chest,Needle_Decomp(Clone) (UnityEngine.GameObject),AppliedDecompNeedle,,,,,
PULSE_TAKEN,308786,5/11/2023 10:36,8581c1f8-a4e8-4245-ac73-2bd671237001,pulse_faint,Gary_3 Root,,,,,,,,,,
TAG_SELECTED,313058,5/11/2023 10:37,8581c1f8-a4e8-4245-ac73-2bd671237001,red,,,,,,,,,,,
PATIENT_ENGAGED,313509,5/11/2023 10:37,8581c1f8-a4e8-4245-ac73-2bd671237001,100,0,Gary_3 Root,"(0.4, 0.0, 1.7)","(0.0, 0.0, 0.0, 1.0)",IMMEDIATE,still,faint,normal,normal,unresponsive,supine
TAG_APPLIED,314357,5/11/2023 10:37,8581c1f8-a4e8-4245-ac73-2bd671237001,Gary_3 Root,red,,,,,,,,,,
VOICE_CAPTURE,315110,5/11/2023 10:37,8581c1f8-a4e8-4245-ac73-2bd671237001,alright we got that back we're gonna make him a red he's breathing,NA,,,,,,,,,,
BAG_CLOSED,320408,5/11/2023 10:37,8581c1f8-a4e8-4245-ac73-2bd671237001,"(0.6, 0.5, 0.8)",,,,,,,,,,,
TELEPORT,320408,5/11/2023 10:37,8581c1f8-a4e8-4245-ac73-2bd671237001,"(0.3, 0.0, 0.1)",,,,,,,,,,,
VOICE_CAPTURE,324074,5/11/2023 10:37,8581c1f8-a4e8-4245-ac73-2bd671237001,OK post checks good going to the next guy here this guy is probably gonna be dead over here,NA,,,,,,,,,,
TELEPORT,324249,5/11/2023 10:37,8581c1f8-a4e8-4245-ac73-2bd671237001,"(-1.2, 0.0, 3.7)",,,,,,,,,,,
PULSE_TAKEN,328432,5/11/2023 10:37,8581c1f8-a4e8-4245-ac73-2bd671237001,pulse_none,Bob_0 Root,,,,,,,,,,
PATIENT_ENGAGED,330588,5/11/2023 10:37,8581c1f8-a4e8-4245-ac73-2bd671237001,100,Infinity,Bob_0 Root,"(-1.7, 0.0, 5.6)","(0.0, 0.7, 0.0, 0.7)",DEAD,still,none,none,none,dead,supine
TOOL_HOVER,331404,5/11/2023 10:37,8581c1f8-a4e8-4245-ac73-2bd671237001,Needle,997,,,,,,,,,,
TOOL_HOVER,331423,5/11/2023 10:37,8581c1f8-a4e8-4245-ac73-2bd671237001,Needle,997,,,,,,,,,,
TOOL_HOVER,331438,5/11/2023 10:37,8581c1f8-a4e8-4245-ac73-2bd671237001,Needle,997,,,,,,,,,,
TOOL_HOVER,331455,5/11/2023 10:37,8581c1f8-a4e8-4245-ac73-2bd671237001,Needle,997,,,,,,,,,,
TOOL_HOVER,331473,5/11/2023 10:37,8581c1f8-a4e8-4245-ac73-2bd671237001,Needle,997,,,,,,,,,,
TOOL_HOVER,331489,5/11/2023 10:37,8581c1f8-a4e8-4245-ac73-2bd671237001,Needle,997,,,,,,,,,,
TOOL_HOVER,331506,5/11/2023 10:37,8581c1f8-a4e8-4245-ac73-2bd671237001,Tourniquet,998,,,,,,,,,,
TOOL_HOVER,331523,5/11/2023 10:37,8581c1f8-a4e8-4245-ac73-2bd671237001,Tourniquet,998,,,,,,,,,,
TOOL_HOVER,331538,5/11/2023 10:37,8581c1f8-a4e8-4245-ac73-2bd671237001,Tourniquet,998,,,,,,,,,,
TOOL_HOVER,331555,5/11/2023 10:37,8581c1f8-a4e8-4245-ac73-2bd671237001,Tourniquet,998,,,,,,,,,,
TOOL_HOVER,331572,5/11/2023 10:37,8581c1f8-a4e8-4245-ac73-2bd671237001,Tourniquet,998,,,,,,,,,,
TOOL_HOVER,331588,5/11/2023 10:37,8581c1f8-a4e8-4245-ac73-2bd671237001,Tourniquet,998,,,,,,,,,,
TOOL_HOVER,331606,5/11/2023 10:37,8581c1f8-a4e8-4245-ac73-2bd671237001,Tourniquet,998,,,,,,,,,,
TOOL_HOVER,331624,5/11/2023 10:37,8581c1f8-a4e8-4245-ac73-2bd671237001,Tourniquet,998,,,,,,,,,,
TOOL_HOVER,331647,5/11/2023 10:37,8581c1f8-a4e8-4245-ac73-2bd671237001,Tourniquet,998,,,,,,,,,,
TOOL_HOVER,331656,5/11/2023 10:37,8581c1f8-a4e8-4245-ac73-2bd671237001,Tourniquet,998,,,,,,,,,,
TOOL_HOVER,331673,5/11/2023 10:37,8581c1f8-a4e8-4245-ac73-2bd671237001,Tourniquet,998,,,,,,,,,,
TOOL_HOVER,331690,5/11/2023 10:37,8581c1f8-a4e8-4245-ac73-2bd671237001,Tourniquet,998,,,,,,,,,,
BAG_ACCESS,332685,5/11/2023 10:37,8581c1f8-a4e8-4245-ac73-2bd671237001,"(-1.8, 0.5, 4.9)",,,,,,,,,,,
VOICE_CAPTURE,332834,5/11/2023 10:37,8581c1f8-a4e8-4245-ac73-2bd671237001,yeah he did,NA,,,,,,,,,,
TAG_SELECTED,333536,5/11/2023 10:37,8581c1f8-a4e8-4245-ac73-2bd671237001,black,,,,,,,,,,,
TAG_APPLIED,335268,5/11/2023 10:37,8581c1f8-a4e8-4245-ac73-2bd671237001,Bob_0 Root,black,,,,,,,,,,
VOICE_CAPTURE,337455,5/11/2023 10:37,8581c1f8-a4e8-4245-ac73-2bd671237001,yes,NA,,,,,,,,,,
BAG_CLOSED,338688,5/11/2023 10:37,8581c1f8-a4e8-4245-ac73-2bd671237001,"(-1.8, 0.5, 4.9)",,,,,,,,,,,
TELEPORT,341452,5/11/2023 10:37,8581c1f8-a4e8-4245-ac73-2bd671237001,"(-1.2, 0.0, 3.7)",,,,,,,,,,,
PULSE_TAKEN,345435,5/11/2023 10:37,8581c1f8-a4e8-4245-ac73-2bd671237001,pulse_none,Gary_1 Root,,,,,,,,,,
VOICE_CAPTURE,345500,5/11/2023 10:37,8581c1f8-a4e8-4245-ac73-2bd671237001,yeah we'll get to you in a minute ma'am just stay calm,NA,,,,,,,,,,
PATIENT_ENGAGED,348664,5/11/2023 10:37,8581c1f8-a4e8-4245-ac73-2bd671237001,100,Infinity,Gary_1 Root,"(1.6, 0.0, 7.6)","(0.0, 1.0, 0.0, 0.0)",EXPECTANT,still,none,restricted,none,unresponsive,supine
PULSE_TAKEN,349945,5/11/2023 10:37,8581c1f8-a4e8-4245-ac73-2bd671237001,pulse_none,Gary_1 Root,,,,,,,,,,
TOOL_HOVER,353699,5/11/2023 10:37,8581c1f8-a4e8-4245-ac73-2bd671237001,Tourniquet,998,,,,,,,,,,
TOOL_HOVER,353715,5/11/2023 10:37,8581c1f8-a4e8-4245-ac73-2bd671237001,Tourniquet,998,,,,,,,,,,
TOOL_HOVER,353732,5/11/2023 10:37,8581c1f8-a4e8-4245-ac73-2bd671237001,Tourniquet,998,,,,,,,,,,
TOOL_HOVER,353757,5/11/2023 10:37,8581c1f8-a4e8-4245-ac73-2bd671237001,Tourniquet,998,,,,,,,,,,
TOOL_HOVER,353765,5/11/2023 10:37,8581c1f8-a4e8-4245-ac73-2bd671237001,Tourniquet,998,,,,,,,,,,
TOOL_HOVER,353783,5/11/2023 10:37,8581c1f8-a4e8-4245-ac73-2bd671237001,Tourniquet,998,,,,,,,,,,
BAG_ACCESS,354916,5/11/2023 10:37,8581c1f8-a4e8-4245-ac73-2bd671237001,"(0.9, 0.5, 7.6)",,,,,,,,,,,
VOICE_CAPTURE,356467,5/11/2023 10:37,8581c1f8-a4e8-4245-ac73-2bd671237001,I'm gonna give him a Gray,NA,,,,,,,,,,
TAG_SELECTED,358488,5/11/2023 10:37,8581c1f8-a4e8-4245-ac73-2bd671237001,gray,,,,,,,,,,,
TAG_APPLIED,359675,5/11/2023 10:37,8581c1f8-a4e8-4245-ac73-2bd671237001,Gary_1 Root,gray,,,,,,,,,,
BAG_CLOSED,363109,5/11/2023 10:37,8581c1f8-a4e8-4245-ac73-2bd671237001,"(0.9, 0.5, 7.6)",,,,,,,,,,,
VOICE_CAPTURE,365824,5/11/2023 10:37,8581c1f8-a4e8-4245-ac73-2bd671237001,alright well there's been an explosion that's why you're not hearing anything,NA,,,,,,,,,,
TELEPORT,368284,5/11/2023 10:37,8581c1f8-a4e8-4245-ac73-2bd671237001,"(0.4, 0.0, 6.5)",,,,,,,,,,,
TELEPORT,371706,5/11/2023 10:37,8581c1f8-a4e8-4245-ac73-2bd671237001,"(0.6, 0.0, 6.3)",,,,,,,,,,,
VOICE_CAPTURE,374035,5/11/2023 10:38,8581c1f8-a4e8-4245-ac73-2bd671237001,Stand still for me here scared of this you know what while I'm here let's look at you real fast,NA,,,,,,,,,,
PULSE_TAKEN,374935,5/11/2023 10:38,8581c1f8-a4e8-4245-ac73-2bd671237001,pulse_fast,Lily_4 Root,,,,,,,,,,
PATIENT_ENGAGED,377151,5/11/2023 10:38,8581c1f8-a4e8-4245-ac73-2bd671237001,100,Infinity,Lily_4 Root,"(1.2, 0.0, 6.2)","(0.0, 1.0, 0.0, 0.0)",IMMEDIATE,waver,fast,normal,normal,upset,fetal
TOOL_HOVER,377808,5/11/2023 10:38,8581c1f8-a4e8-4245-ac73-2bd671237001,Tourniquet,998,,,,,,,,,,
TOOL_HOVER,377825,5/11/2023 10:38,8581c1f8-a4e8-4245-ac73-2bd671237001,Tourniquet,998,,,,,,,,,,
TOOL_HOVER,377842,5/11/2023 10:38,8581c1f8-a4e8-4245-ac73-2bd671237001,Tourniquet,998,,,,,,,,,,
TOOL_HOVER,377858,5/11/2023 10:38,8581c1f8-a4e8-4245-ac73-2bd671237001,Tourniquet,998,,,,,,,,,,
TOOL_HOVER,377874,5/11/2023 10:38,8581c1f8-a4e8-4245-ac73-2bd671237001,Tourniquet,998,,,,,,,,,,
TOOL_HOVER,377892,5/11/2023 10:38,8581c1f8-a4e8-4245-ac73-2bd671237001,Tourniquet,998,,,,,,,,,,
BAG_ACCESS,378476,5/11/2023 10:38,8581c1f8-a4e8-4245-ac73-2bd671237001,"(0.6, 0.5, 6.1)",,,,,,,,,,,
TOOL_HOVER,379242,5/11/2023 10:38,8581c1f8-a4e8-4245-ac73-2bd671237001,Hemostatic Gauze,999,,,,,,,,,,
TOOL_HOVER,379258,5/11/2023 10:38,8581c1f8-a4e8-4245-ac73-2bd671237001,Hemostatic Gauze,999,,,,,,,,,,
TOOL_HOVER,379275,5/11/2023 10:38,8581c1f8-a4e8-4245-ac73-2bd671237001,Hemostatic Gauze,999,,,,,,,,,,
TOOL_HOVER,379291,5/11/2023 10:38,8581c1f8-a4e8-4245-ac73-2bd671237001,Hemostatic Gauze,999,,,,,,,,,,
TOOL_HOVER,379308,5/11/2023 10:38,8581c1f8-a4e8-4245-ac73-2bd671237001,Hemostatic Gauze,999,,,,,,,,,,
TOOL_HOVER,379326,5/11/2023 10:38,8581c1f8-a4e8-4245-ac73-2bd671237001,Hemostatic Gauze,999,,,,,,,,,,
TOOL_HOVER,379342,5/11/2023 10:38,8581c1f8-a4e8-4245-ac73-2bd671237001,Hemostatic Gauze,999,,,,,,,,,,
TOOL_HOVER,379358,5/11/2023 10:38,8581c1f8-a4e8-4245-ac73-2bd671237001,Hemostatic Gauze,999,,,,,,,,,,
TOOL_HOVER,379375,5/11/2023 10:38,8581c1f8-a4e8-4245-ac73-2bd671237001,Hemostatic Gauze,999,,,,,,,,,,
TOOL_HOVER,379394,5/11/2023 10:38,8581c1f8-a4e8-4245-ac73-2bd671237001,Hemostatic Gauze,999,,,,,,,,,,
TOOL_HOVER,379408,5/11/2023 10:38,8581c1f8-a4e8-4245-ac73-2bd671237001,Hemostatic Gauze,999,,,,,,,,,,
TOOL_SELECTED,379409,5/11/2023 10:38,8581c1f8-a4e8-4245-ac73-2bd671237001,Hemostatic Gauze,998,,,,,,,,,,
VOICE_CAPTURE,379757,5/11/2023 10:38,8581c1f8-a4e8-4245-ac73-2bd671237001,pause,NA,,,,,,,,,,
TOOL_DISCARDED,380509,5/11/2023 10:38,8581c1f8-a4e8-4245-ac73-2bd671237001,Hemostatic Gauze,998,"(0.9, 0.3, 6.5)",,,,,,,,,
INJURY_TREATED,380509,5/11/2023 10:38,8581c1f8-a4e8-4245-ac73-2bd671237001,L Side Puncture,Lily_4 Root,woundpack,medium,abdomen,TRUE,FALSE,"(0.9, 0.2, 6.5)",,,,
TOOL_APPLIED,380509,5/11/2023 10:38,8581c1f8-a4e8-4245-ac73-2bd671237001,Lily_4 Root,Gauze_Pack,skinCollider_BodyLOD (UnityEngine.GameObject),null,null,AppliedPackingGauze,,,,,,
TAG_SELECTED,384350,5/11/2023 10:38,8581c1f8-a4e8-4245-ac73-2bd671237001,red,,,,,,,,,,,
TAG_APPLIED,385352,5/11/2023 10:38,8581c1f8-a4e8-4245-ac73-2bd671237001,Lily_4 Root,red,,,,,,,,,,
PULSE_TAKEN,385852,5/11/2023 10:38,8581c1f8-a4e8-4245-ac73-2bd671237001,pulse_fast,Lily_4 Root,,,,,,,,,,
TAG_SELECTED,387358,5/11/2023 10:38,8581c1f8-a4e8-4245-ac73-2bd671237001,red,,,,,,,,,,,
VOICE_CAPTURE,387423,5/11/2023 10:38,8581c1f8-a4e8-4245-ac73-2bd671237001,we're gonna make you red that's in your abdomen,NA,,,,,,,,,,
TAG_DISCARDED,387741,5/11/2023 10:38,8581c1f8-a4e8-4245-ac73-2bd671237001,red,"(0.7, 0.6, 6.6)",,,,,,,,,,
VOICE_CAPTURE,389282,5/11/2023 10:38,8581c1f8-a4e8-4245-ac73-2bd671237001,OK,NA,,,,,,,,,,
BAG_CLOSED,390828,5/11/2023 10:38,8581c1f8-a4e8-4245-ac73-2bd671237001,"(0.6, 0.5, 6.1)",,,,,,,,,,,
TELEPORT,393488,5/11/2023 10:38,8581c1f8-a4e8-4245-ac73-2bd671237001,"(0.3, 0.0, 5.5)",,,,,,,,,,,
PATIENT_ENGAGED,398283,5/11/2023 10:38,8581c1f8-a4e8-4245-ac73-2bd671237001,100,Infinity,Lily_2 Root,"(3.0, 0.0, 4.5)","(0.0, 1.0, 0.0, 0.0)",IMMEDIATE,waver,fast,fast,normal,agony,fetal
TOOL_HOVER,398913,5/11/2023 10:38,8581c1f8-a4e8-4245-ac73-2bd671237001,Needle,997,,,,,,,,,,
TOOL_HOVER,398930,5/11/2023 10:38,8581c1f8-a4e8-4245-ac73-2bd671237001,Needle,997,,,,,,,,,,
VOICE_CAPTURE,398945,5/11/2023 10:38,8581c1f8-a4e8-4245-ac73-2bd671237001,alright let's go let's go to you,NA,,,,,,,,,,
TOOL_HOVER,398947,5/11/2023 10:38,8581c1f8-a4e8-4245-ac73-2bd671237001,Needle,997,,,,,,,,,,
TOOL_HOVER,398962,5/11/2023 10:38,8581c1f8-a4e8-4245-ac73-2bd671237001,Needle,997,,,,,,,,,,
TOOL_HOVER,398979,5/11/2023 10:38,8581c1f8-a4e8-4245-ac73-2bd671237001,Needle,997,,,,,,,,,,
TOOL_HOVER,398996,5/11/2023 10:38,8581c1f8-a4e8-4245-ac73-2bd671237001,Needle,997,,,,,,,,,,
TOOL_HOVER,399012,5/11/2023 10:38,8581c1f8-a4e8-4245-ac73-2bd671237001,Tourniquet,998,,,,,,,,,,
TOOL_HOVER,399029,5/11/2023 10:38,8581c1f8-a4e8-4245-ac73-2bd671237001,Tourniquet,998,,,,,,,,,,
TOOL_HOVER,399053,5/11/2023 10:38,8581c1f8-a4e8-4245-ac73-2bd671237001,Tourniquet,998,,,,,,,,,,
TOOL_HOVER,399065,5/11/2023 10:38,8581c1f8-a4e8-4245-ac73-2bd671237001,Tourniquet,998,,,,,,,,,,
TOOL_HOVER,399081,5/11/2023 10:38,8581c1f8-a4e8-4245-ac73-2bd671237001,Tourniquet,998,,,,,,,,,,
BAG_ACCESS,399596,5/11/2023 10:38,8581c1f8-a4e8-4245-ac73-2bd671237001,"(2.7, 0.5, 4.9)",,,,,,,,,,,
TOOL_HOVER,400449,5/11/2023 10:38,8581c1f8-a4e8-4245-ac73-2bd671237001,Tourniquet,998,,,,,,,,,,
TOOL_HOVER,400466,5/11/2023 10:38,8581c1f8-a4e8-4245-ac73-2bd671237001,Tourniquet,998,,,,,,,,,,
TOOL_HOVER,400482,5/11/2023 10:38,8581c1f8-a4e8-4245-ac73-2bd671237001,Tourniquet,998,,,,,,,,,,
TOOL_SELECTED,400483,5/11/2023 10:38,8581c1f8-a4e8-4245-ac73-2bd671237001,Tourniquet,997,,,,,,,,,,
INJURY_TREATED,401415,5/11/2023 10:38,8581c1f8-a4e8-4245-ac73-2bd671237001,R Shin Amputation,Lily_2 Root,tourniquet,high,rightLeg,TRUE,FALSE,"(3.2, 0.1, 4.2)",,,,
TOOL_APPLIED,401416,5/11/2023 10:38,8581c1f8-a4e8-4245-ac73-2bd671237001,Lily_2 Root,Tourniquet,RightUpLeg (UnityEngine.GameObject),tor_ring (1) (UnityEngine.GameObject),tourniquet(Clone) (UnityEngine.GameObject),AppliedTourniquet,,,,,,
PULSE_TAKEN,403582,5/11/2023 10:38,8581c1f8-a4e8-4245-ac73-2bd671237001,pulse_fast,Lily_2 Root,,,,,,,,,,
PULSE_TAKEN,403765,5/11/2023 10:38,8581c1f8-a4e8-4245-ac73-2bd671237001,pulse_fast,Lily_2 Root,,,,,,,,,,
PULSE_TAKEN,403814,5/11/2023 10:38,8581c1f8-a4e8-4245-ac73-2bd671237001,pulse_fast,Lily_2 Root,,,,,,,,,,
PULSE_TAKEN,403931,5/11/2023 10:38,8581c1f8-a4e8-4245-ac73-2bd671237001,pulse_fast,Lily_2 Root,,,,,,,,,,
VOICE_CAPTURE,405510,5/11/2023 10:38,8581c1f8-a4e8-4245-ac73-2bd671237001,Yep hold on it's tourniquet you let's do a pulse check,NA,,,,,,,,,,
TAG_SELECTED,406746,5/11/2023 10:38,8581c1f8-a4e8-4245-ac73-2bd671237001,yellow,,,,,,,,,,,
TAG_APPLIED,410165,5/11/2023 10:38,8581c1f8-a4e8-4245-ac73-2bd671237001,Lily_2 Root,yellow,,,,,,,,,,
PULSE_TAKEN,410730,5/11/2023 10:38,8581c1f8-a4e8-4245-ac73-2bd671237001,pulse_fast,Lily_2 Root,,,,,,,,,,
VOICE_CAPTURE,411330,5/11/2023 10:38,8581c1f8-a4e8-4245-ac73-2bd671237001,gonna make you yellow the bleeding stop,NA,,,,,,,,,,
BAG_CLOSED,417537,5/11/2023 10:38,8581c1f8-a4e8-4245-ac73-2bd671237001,"(2.7, 0.5, 4.9)",,,,,,,,,,,
TELEPORT,417537,5/11/2023 10:38,8581c1f8-a4e8-4245-ac73-2bd671237001,"(2.2, 0.0, 4.8)",,,,,,,,,,,
VOICE_CAPTURE,417853,5/11/2023 10:38,8581c1f8-a4e8-4245-ac73-2bd671237001,yeah we'll get to you in a second but hold on,NA,,,,,,,,,,
PATIENT_ENGAGED,423691,5/11/2023 10:38,8581c1f8-a4e8-4245-ac73-2bd671237001,100,Infinity,Mike_5 Root,"(2.7, 0.0, 2.3)","(0.0, 1.0, 0.0, 0.0)",IMMEDIATE,waver,fast,normal,normal,upset,fetal
TOOL_HOVER,424306,5/11/2023 10:38,8581c1f8-a4e8-4245-ac73-2bd671237001,Tourniquet,997,,,,,,,,,,
TOOL_HOVER,424323,5/11/2023 10:38,8581c1f8-a4e8-4245-ac73-2bd671237001,Tourniquet,997,,,,,,,,,,
TOOL_HOVER,424340,5/11/2023 10:38,8581c1f8-a4e8-4245-ac73-2bd671237001,Tourniquet,997,,,,,,,,,,
TOOL_HOVER,424358,5/11/2023 10:38,8581c1f8-a4e8-4245-ac73-2bd671237001,Tourniquet,997,,,,,,,,,,
TOOL_HOVER,424374,5/11/2023 10:38,8581c1f8-a4e8-4245-ac73-2bd671237001,Tourniquet,997,,,,,,,,,,
TOOL_HOVER,424391,5/11/2023 10:38,8581c1f8-a4e8-4245-ac73-2bd671237001,Tourniquet,997,,,,,,,,,,
BAG_ACCESS,424990,5/11/2023 10:38,8581c1f8-a4e8-4245-ac73-2bd671237001,"(3.5, 0.5, 2.2)",,,,,,,,,,,
TOOL_HOVER,425558,5/11/2023 10:38,8581c1f8-a4e8-4245-ac73-2bd671237001,Tourniquet,997,,,,,,,,,,
TOOL_HOVER,425574,5/11/2023 10:38,8581c1f8-a4e8-4245-ac73-2bd671237001,Tourniquet,997,,,,,,,,,,
TOOL_HOVER,425591,5/11/2023 10:38,8581c1f8-a4e8-4245-ac73-2bd671237001,Tourniquet,997,,,,,,,,,,
TOOL_HOVER,425607,5/11/2023 10:38,8581c1f8-a4e8-4245-ac73-2bd671237001,Tourniquet,997,,,,,,,,,,
TOOL_HOVER,425624,5/11/2023 10:38,8581c1f8-a4e8-4245-ac73-2bd671237001,Tourniquet,997,,,,,,,,,,
TOOL_HOVER,425640,5/11/2023 10:38,8581c1f8-a4e8-4245-ac73-2bd671237001,Tourniquet,997,,,,,,,,,,
TOOL_HOVER,425657,5/11/2023 10:38,8581c1f8-a4e8-4245-ac73-2bd671237001,Tourniquet,997,,,,,,,,,,
TOOL_SELECTED,425658,5/11/2023 10:38,8581c1f8-a4e8-4245-ac73-2bd671237001,Tourniquet,996,,,,,,,,,,
INJURY_TREATED,426544,5/11/2023 10:38,8581c1f8-a4e8-4245-ac73-2bd671237001,R Thigh Laceration,Mike_5 Root,tourniquet,medium,rightLeg,TRUE,FALSE,"(3.0, 0.3, 2.2)",,,,
TOOL_APPLIED,426544,5/11/2023 10:38,8581c1f8-a4e8-4245-ac73-2bd671237001,Mike_5 Root,Tourniquet,RightUpLeg (UnityEngine.GameObject),tor_ring (1) (UnityEngine.GameObject),tourniquet(Clone) (UnityEngine.GameObject),AppliedTourniquet,,,,,,
TOOL_HOVER,427542,5/11/2023 10:38,8581c1f8-a4e8-4245-ac73-2bd671237001,Hemostatic Gauze,999,,,,,,,,,,
TOOL_HOVER,427565,5/11/2023 10:38,8581c1f8-a4e8-4245-ac73-2bd671237001,Hemostatic Gauze,999,,,,,,,,,,
TOOL_HOVER,427575,5/11/2023 10:38,8581c1f8-a4e8-4245-ac73-2bd671237001,Hemostatic Gauze,999,,,,,,,,,,
TOOL_HOVER,427592,5/11/2023 10:38,8581c1f8-a4e8-4245-ac73-2bd671237001,Hemostatic Gauze,999,,,,,,,,,,
TOOL_HOVER,427609,5/11/2023 10:38,8581c1f8-a4e8-4245-ac73-2bd671237001,Hemostatic Gauze,999,,,,,,,,,,
TOOL_HOVER,427626,5/11/2023 10:38,8581c1f8-a4e8-4245-ac73-2bd671237001,Hemostatic Gauze,999,,,,,,,,,,
TOOL_HOVER,427642,5/11/2023 10:38,8581c1f8-a4e8-4245-ac73-2bd671237001,Hemostatic Gauze,999,,,,,,,,,,
TOOL_SELECTED,427643,5/11/2023 10:38,8581c1f8-a4e8-4245-ac73-2bd671237001,Hemostatic Gauze,998,,,,,,,,,,
TOOL_DISCARDED,428611,5/11/2023 10:38,8581c1f8-a4e8-4245-ac73-2bd671237001,Hemostatic Gauze,998,"(3.1, 0.3, 2.5)",,,,,,,,,
INJURY_TREATED,428611,5/11/2023 10:38,8581c1f8-a4e8-4245-ac73-2bd671237001,R Side Puncture,Mike_5 Root,woundpack,medium,abdomen,TRUE,FALSE,"(3.1, 0.3, 2.5)",,,,
TOOL_APPLIED,428611,5/11/2023 10:38,8581c1f8-a4e8-4245-ac73-2bd671237001,Mike_5 Root,Gauze_Pack,skinCollider_BodyCollideLOD (UnityEngine.GameObject),null,null,AppliedPackingGauze,,,,,,
PULSE_TAKEN,429561,5/11/2023 10:38,8581c1f8-a4e8-4245-ac73-2bd671237001,pulse_fast,Mike_5 Root,,,,,,,,,,
VOICE_CAPTURE,430896,5/11/2023 10:38,8581c1f8-a4e8-4245-ac73-2bd671237001,alright partner turn the kit let's do trauma dressing there,NA,,,,,,,,,,
TAG_SELECTED,433978,5/11/2023 10:39,8581c1f8-a4e8-4245-ac73-2bd671237001,red,,,,,,,,,,,
TAG_APPLIED,435166,5/11/2023 10:39,8581c1f8-a4e8-4245-ac73-2bd671237001,Mike_5 Root,red,,,,,,,,,,
VOICE_CAPTURE,436816,5/11/2023 10:39,8581c1f8-a4e8-4245-ac73-2bd671237001,pause pause make your red you got abdominal,NA,,,,,,,,,,
BAG_CLOSED,439543,5/11/2023 10:39,8581c1f8-a4e8-4245-ac73-2bd671237001,"(3.5, 0.5, 2.2)",,,,,,,,,,,
TELEPORT,439543,5/11/2023 10:39,8581c1f8-a4e8-4245-ac73-2bd671237001,"(3.5, 0.0, 2.0)",,,,,,,,,,,
TELEPORT,442459,5/11/2023 10:39,8581c1f8-a4e8-4245-ac73-2bd671237001,"(1.3, 0.0, 4.1)",,,,,,,,,,,
TELEPORT,443210,5/11/2023 10:39,8581c1f8-a4e8-4245-ac73-2bd671237001,"(1.3, 0.0, 4.1)",,,,,,,,,,,
VOICE_CAPTURE,443943,5/11/2023 10:39,8581c1f8-a4e8-4245-ac73-2bd671237001,alright what's going on with this cat,NA,,,,,,,,,,
VOICE_CAPTURE,445588,5/11/2023 10:39,8581c1f8-a4e8-4245-ac73-2bd671237001,hey,NA,,,,,,,,,,
PATIENT_ENGAGED,446122,5/11/2023 10:39,8581c1f8-a4e8-4245-ac73-2bd671237001,100,Infinity,Mike_7 Root,"(1.3, 0.0, 3.4)","(0.0, 0.1, 0.0, 1.0)",DELAYED,waver,fast,normal,normal,upset,sittingGround
BAG_ACCESS,448606,5/11/2023 10:39,8581c1f8-a4e8-4245-ac73-2bd671237001,"(0.4, 0.5, 3.5)",,,,,,,,,,,
TOOL_HOVER,449156,5/11/2023 10:39,8581c1f8-a4e8-4245-ac73-2bd671237001,Tourniquet,996,,,,,,,,,,
TOOL_HOVER,449173,5/11/2023 10:39,8581c1f8-a4e8-4245-ac73-2bd671237001,Tourniquet,996,,,,,,,,,,
TOOL_HOVER,449190,5/11/2023 10:39,8581c1f8-a4e8-4245-ac73-2bd671237001,Tourniquet,996,,,,,,,,,,
TOOL_HOVER,449209,5/11/2023 10:39,8581c1f8-a4e8-4245-ac73-2bd671237001,Tourniquet,996,,,,,,,,,,
TOOL_HOVER,449223,5/11/2023 10:39,8581c1f8-a4e8-4245-ac73-2bd671237001,Tourniquet,996,,,,,,,,,,
TOOL_SELECTED,449224,5/11/2023 10:39,8581c1f8-a4e8-4245-ac73-2bd671237001,Tourniquet,995,,,,,,,,,,
INJURY_TREATED,450058,5/11/2023 10:39,8581c1f8-a4e8-4245-ac73-2bd671237001,L Thigh Puncture,Mike_7 Root,tourniquet,medium,leftLeg,TRUE,FALSE,"(0.7, 0.1, 3.5)",,,,
TOOL_APPLIED,450058,5/11/2023 10:39,8581c1f8-a4e8-4245-ac73-2bd671237001,Mike_7 Root,Tourniquet,LeftUpLeg (UnityEngine.GameObject),tor_ring (1) (UnityEngine.GameObject),tourniquet(Clone) (UnityEngine.GameObject),AppliedTourniquet,,,,,,
VOICE_CAPTURE,452068,5/11/2023 10:39,8581c1f8-a4e8-4245-ac73-2bd671237001,yeah hold on here,NA,,,,,,,,,,
TOOL_HOVER,453451,5/11/2023 10:39,8581c1f8-a4e8-4245-ac73-2bd671237001,Gauze,999,,,,,,,,,,
TOOL_HOVER,453465,5/11/2023 10:39,8581c1f8-a4e8-4245-ac73-2bd671237001,Gauze,999,,,,,,,,,,
TOOL_HOVER,453481,5/11/2023 10:39,8581c1f8-a4e8-4245-ac73-2bd671237001,Gauze,999,,,,,,,,,,
TOOL_HOVER,453498,5/11/2023 10:39,8581c1f8-a4e8-4245-ac73-2bd671237001,Gauze,999,,,,,,,,,,
TOOL_HOVER,453514,5/11/2023 10:39,8581c1f8-a4e8-4245-ac73-2bd671237001,Gauze,999,,,,,,,,,,
TOOL_HOVER,453531,5/11/2023 10:39,8581c1f8-a4e8-4245-ac73-2bd671237001,Gauze,999,,,,,,,,,,
TOOL_HOVER,453548,5/11/2023 10:39,8581c1f8-a4e8-4245-ac73-2bd671237001,Gauze,999,,,,,,,,,,
TOOL_HOVER,453565,5/11/2023 10:39,8581c1f8-a4e8-4245-ac73-2bd671237001,Gauze,999,,,,,,,,,,
TOOL_HOVER,453581,5/11/2023 10:39,8581c1f8-a4e8-4245-ac73-2bd671237001,Gauze,999,,,,,,,,,,
TOOL_HOVER,453598,5/11/2023 10:39,8581c1f8-a4e8-4245-ac73-2bd671237001,Gauze,999,,,,,,,,,,
TOOL_HOVER,453614,5/11/2023 10:39,8581c1f8-a4e8-4245-ac73-2bd671237001,Gauze,999,,,,,,,,,,
TOOL_SELECTED,453617,5/11/2023 10:39,8581c1f8-a4e8-4245-ac73-2bd671237001,Gauze,998,,,,,,,,,,
TOOL_DISCARDED,454764,5/11/2023 10:39,8581c1f8-a4e8-4245-ac73-2bd671237001,Gauze,998,"(1.3, 0.2, 3.8)",,,,,,,,,
INJURY_TREATED,454764,5/11/2023 10:39,8581c1f8-a4e8-4245-ac73-2bd671237001,R Calf Laceration,Mike_7 Root,gauzePressure,low,rightLeg,TRUE,FALSE,"(1.3, 0.2, 3.8)",,,,
TOOL_APPLIED,454764,5/11/2023 10:39,8581c1f8-a4e8-4245-ac73-2bd671237001,Mike_7 Root,Gauze_Dressing,skinCollider_BodyCollideLOD (UnityEngine.GameObject),null,null,AppliedDressingGauze,,,,,,
PULSE_TAKEN,457649,5/11/2023 10:39,8581c1f8-a4e8-4245-ac73-2bd671237001,pulse_fast,Mike_7 Root,,,,,,,,,,
VOICE_CAPTURE,463574,5/11/2023 10:39,8581c1f8-a4e8-4245-ac73-2bd671237001,alright we're gonna make you,NA,,,,,,,,,,
TAG_SELECTED,464310,5/11/2023 10:39,8581c1f8-a4e8-4245-ac73-2bd671237001,green,,,,,,,,,,,
TAG_APPLIED,466148,5/11/2023 10:39,8581c1f8-a4e8-4245-ac73-2bd671237001,Mike_7 Root,green,,,,,,,,,,
VOICE_CAPTURE,466830,5/11/2023 10:39,8581c1f8-a4e8-4245-ac73-2bd671237001,wanna make you green,NA,,,,,,,,,,
BAG_CLOSED,471266,5/11/2023 10:39,8581c1f8-a4e8-4245-ac73-2bd671237001,"(0.4, 0.5, 3.5)",,,,,,,,,,,
TELEPORT,471266,5/11/2023 10:39,8581c1f8-a4e8-4245-ac73-2bd671237001,"(0.5, 0.0, 3.8)",,,,,,,,,,,
TELEPORT,472647,5/11/2023 10:39,8581c1f8-a4e8-4245-ac73-2bd671237001,"(0.5, 0.0, 3.8)",,,,,,,,,,,
TELEPORT,474117,5/11/2023 10:39,8581c1f8-a4e8-4245-ac73-2bd671237001,"(0.5, 0.0, 3.8)",,,,,,,,,,,
PATIENT_ENGAGED,477514,5/11/2023 10:39,8581c1f8-a4e8-4245-ac73-2bd671237001,100,Infinity,Gloria_6 Root,"(-1.2, 0.0, 3.1)","(0.0, 0.4, 0.0, 0.9)",DELAYED,waver,fast,normal,normal,upset,fetal
TOOL_HOVER,480499,5/11/2023 10:39,8581c1f8-a4e8-4245-ac73-2bd671237001,Needle,997,,,,,,,,,,
TOOL_HOVER,480518,5/11/2023 10:39,8581c1f8-a4e8-4245-ac73-2bd671237001,Needle,997,,,,,,,,,,
TOOL_HOVER,480532,5/11/2023 10:39,8581c1f8-a4e8-4245-ac73-2bd671237001,Needle,997,,,,,,,,,,
TOOL_HOVER,480548,5/11/2023 10:39,8581c1f8-a4e8-4245-ac73-2bd671237001,Needle,997,,,,,,,,,,
TOOL_HOVER,480567,5/11/2023 10:39,8581c1f8-a4e8-4245-ac73-2bd671237001,Needle,997,,,,,,,,,,
TOOL_HOVER,480582,5/11/2023 10:39,8581c1f8-a4e8-4245-ac73-2bd671237001,Needle,997,,,,,,,,,,
TOOL_HOVER,480598,5/11/2023 10:39,8581c1f8-a4e8-4245-ac73-2bd671237001,Needle,997,,,,,,,,,,
TOOL_HOVER,480617,5/11/2023 10:39,8581c1f8-a4e8-4245-ac73-2bd671237001,Needle,997,,,,,,,,,,
TOOL_HOVER,480632,5/11/2023 10:39,8581c1f8-a4e8-4245-ac73-2bd671237001,Needle,997,,,,,,,,,,
TOOL_HOVER,480651,5/11/2023 10:39,8581c1f8-a4e8-4245-ac73-2bd671237001,Needle,997,,,,,,,,,,
TOOL_HOVER,480664,5/11/2023 10:39,8581c1f8-a4e8-4245-ac73-2bd671237001,Needle,997,,,,,,,,,,
TOOL_HOVER,480682,5/11/2023 10:39,8581c1f8-a4e8-4245-ac73-2bd671237001,Needle,997,,,,,,,,,,
TOOL_HOVER,480699,5/11/2023 10:39,8581c1f8-a4e8-4245-ac73-2bd671237001,Tourniquet,995,,,,,,,,,,
TOOL_HOVER,480715,5/11/2023 10:39,8581c1f8-a4e8-4245-ac73-2bd671237001,Tourniquet,995,,,,,,,,,,
TOOL_HOVER,480732,5/11/2023 10:39,8581c1f8-a4e8-4245-ac73-2bd671237001,Tourniquet,995,,,,,,,,,,
TOOL_HOVER,480748,5/11/2023 10:39,8581c1f8-a4e8-4245-ac73-2bd671237001,Tourniquet,995,,,,,,,,,,
TOOL_HOVER,480764,5/11/2023 10:39,8581c1f8-a4e8-4245-ac73-2bd671237001,Tourniquet,995,,,,,,,,,,
BAG_ACCESS,480764,5/11/2023 10:39,8581c1f8-a4e8-4245-ac73-2bd671237001,"(-1.1, 0.5, 3.6)",,,,,,,,,,,
TOOL_HOVER,480782,5/11/2023 10:39,8581c1f8-a4e8-4245-ac73-2bd671237001,Tourniquet,995,,,,,,,,,,
TOOL_HOVER,480797,5/11/2023 10:39,8581c1f8-a4e8-4245-ac73-2bd671237001,Tourniquet,995,,,,,,,,,,
TOOL_HOVER,480815,5/11/2023 10:39,8581c1f8-a4e8-4245-ac73-2bd671237001,Tourniquet,995,,,,,,,,,,
TOOL_HOVER,480832,5/11/2023 10:39,8581c1f8-a4e8-4245-ac73-2bd671237001,Tourniquet,995,,,,,,,,,,
TOOL_HOVER,480848,5/11/2023 10:39,8581c1f8-a4e8-4245-ac73-2bd671237001,Tourniquet,995,,,,,,,,,,
TAG_SELECTED,480848,5/11/2023 10:39,8581c1f8-a4e8-4245-ac73-2bd671237001,red,,,,,,,,,,,
TOOL_HOVER,480864,5/11/2023 10:39,8581c1f8-a4e8-4245-ac73-2bd671237001,Tourniquet,995,,,,,,,,,,
TOOL_HOVER,480882,5/11/2023 10:39,8581c1f8-a4e8-4245-ac73-2bd671237001,Tourniquet,995,,,,,,,,,,
TOOL_HOVER,480898,5/11/2023 10:39,8581c1f8-a4e8-4245-ac73-2bd671237001,Tourniquet,995,,,,,,,,,,
TOOL_HOVER,480915,5/11/2023 10:39,8581c1f8-a4e8-4245-ac73-2bd671237001,Tourniquet,995,,,,,,,,,,
TOOL_HOVER,480931,5/11/2023 10:39,8581c1f8-a4e8-4245-ac73-2bd671237001,Tourniquet,995,,,,,,,,,,
TOOL_HOVER,480950,5/11/2023 10:39,8581c1f8-a4e8-4245-ac73-2bd671237001,Tourniquet,995,,,,,,,,,,
TOOL_HOVER,480967,5/11/2023 10:39,8581c1f8-a4e8-4245-ac73-2bd671237001,Tourniquet,995,,,,,,,,,,
TOOL_HOVER,480982,5/11/2023 10:39,8581c1f8-a4e8-4245-ac73-2bd671237001,Tourniquet,995,,,,,,,,,,
TOOL_HOVER,480998,5/11/2023 10:39,8581c1f8-a4e8-4245-ac73-2bd671237001,Tourniquet,995,,,,,,,,,,
TOOL_HOVER,481015,5/11/2023 10:39,8581c1f8-a4e8-4245-ac73-2bd671237001,Tourniquet,995,,,,,,,,,,
TOOL_HOVER,481031,5/11/2023 10:39,8581c1f8-a4e8-4245-ac73-2bd671237001,Tourniquet,995,,,,,,,,,,
TOOL_HOVER,481049,5/11/2023 10:39,8581c1f8-a4e8-4245-ac73-2bd671237001,Tourniquet,995,,,,,,,,,,
TOOL_HOVER,481065,5/11/2023 10:39,8581c1f8-a4e8-4245-ac73-2bd671237001,Tourniquet,995,,,,,,,,,,
TOOL_HOVER,481082,5/11/2023 10:39,8581c1f8-a4e8-4245-ac73-2bd671237001,Tourniquet,995,,,,,,,,,,
TOOL_HOVER,481119,5/11/2023 10:39,8581c1f8-a4e8-4245-ac73-2bd671237001,Tourniquet,995,,,,,,,,,,
TOOL_HOVER,481130,5/11/2023 10:39,8581c1f8-a4e8-4245-ac73-2bd671237001,Tourniquet,995,,,,,,,,,,
TOOL_HOVER,481142,5/11/2023 10:39,8581c1f8-a4e8-4245-ac73-2bd671237001,Tourniquet,995,,,,,,,,,,
TOOL_HOVER,481158,5/11/2023 10:39,8581c1f8-a4e8-4245-ac73-2bd671237001,Tourniquet,995,,,,,,,,,,
TOOL_HOVER,481176,5/11/2023 10:39,8581c1f8-a4e8-4245-ac73-2bd671237001,Tourniquet,995,,,,,,,,,,
TOOL_HOVER,481193,5/11/2023 10:39,8581c1f8-a4e8-4245-ac73-2bd671237001,Tourniquet,995,,,,,,,,,,
TOOL_HOVER,481209,5/11/2023 10:39,8581c1f8-a4e8-4245-ac73-2bd671237001,Tourniquet,995,,,,,,,,,,
TOOL_HOVER,481226,5/11/2023 10:39,8581c1f8-a4e8-4245-ac73-2bd671237001,Tourniquet,995,,,,,,,,,,
TOOL_HOVER,481243,5/11/2023 10:39,8581c1f8-a4e8-4245-ac73-2bd671237001,Tourniquet,995,,,,,,,,,,
TOOL_HOVER,481258,5/11/2023 10:39,8581c1f8-a4e8-4245-ac73-2bd671237001,Tourniquet,995,,,,,,,,,,
TOOL_HOVER,481276,5/11/2023 10:39,8581c1f8-a4e8-4245-ac73-2bd671237001,Tourniquet,995,,,,,,,,,,
TOOL_HOVER,481293,5/11/2023 10:39,8581c1f8-a4e8-4245-ac73-2bd671237001,Tourniquet,995,,,,,,,,,,
TOOL_HOVER,481309,5/11/2023 10:39,8581c1f8-a4e8-4245-ac73-2bd671237001,Tourniquet,995,,,,,,,,,,
TOOL_HOVER,481325,5/11/2023 10:39,8581c1f8-a4e8-4245-ac73-2bd671237001,Tourniquet,995,,,,,,,,,,
TOOL_HOVER,481343,5/11/2023 10:39,8581c1f8-a4e8-4245-ac73-2bd671237001,Tourniquet,995,,,,,,,,,,
TOOL_HOVER,481359,5/11/2023 10:39,8581c1f8-a4e8-4245-ac73-2bd671237001,Tourniquet,995,,,,,,,,,,
TOOL_HOVER,481376,5/11/2023 10:39,8581c1f8-a4e8-4245-ac73-2bd671237001,Tourniquet,995,,,,,,,,,,
TOOL_HOVER,481393,5/11/2023 10:39,8581c1f8-a4e8-4245-ac73-2bd671237001,Tourniquet,995,,,,,,,,,,
TOOL_HOVER,481409,5/11/2023 10:39,8581c1f8-a4e8-4245-ac73-2bd671237001,Tourniquet,995,,,,,,,,,,
TOOL_HOVER,481426,5/11/2023 10:39,8581c1f8-a4e8-4245-ac73-2bd671237001,Tourniquet,995,,,,,,,,,,
TOOL_HOVER,481443,5/11/2023 10:39,8581c1f8-a4e8-4245-ac73-2bd671237001,Tourniquet,995,,,,,,,,,,
TOOL_HOVER,481459,5/11/2023 10:39,8581c1f8-a4e8-4245-ac73-2bd671237001,Tourniquet,995,,,,,,,,,,
TOOL_HOVER,481476,5/11/2023 10:39,8581c1f8-a4e8-4245-ac73-2bd671237001,Tourniquet,995,,,,,,,,,,
TOOL_HOVER,481492,5/11/2023 10:39,8581c1f8-a4e8-4245-ac73-2bd671237001,Tourniquet,995,,,,,,,,,,
TOOL_HOVER,481510,5/11/2023 10:39,8581c1f8-a4e8-4245-ac73-2bd671237001,Tourniquet,995,,,,,,,,,,
TOOL_HOVER,481526,5/11/2023 10:39,8581c1f8-a4e8-4245-ac73-2bd671237001,Tourniquet,995,,,,,,,,,,
TAG_DISCARDED,481526,5/11/2023 10:39,8581c1f8-a4e8-4245-ac73-2bd671237001,red,"(-1.3, 0.6, 3.6)",,,,,,,,,,
TOOL_HOVER,481542,5/11/2023 10:39,8581c1f8-a4e8-4245-ac73-2bd671237001,Tourniquet,995,,,,,,,,,,
TOOL_HOVER,481559,5/11/2023 10:39,8581c1f8-a4e8-4245-ac73-2bd671237001,Tourniquet,995,,,,,,,,,,
TOOL_HOVER,481576,5/11/2023 10:39,8581c1f8-a4e8-4245-ac73-2bd671237001,Tourniquet,995,,,,,,,,,,
TOOL_HOVER,481593,5/11/2023 10:39,8581c1f8-a4e8-4245-ac73-2bd671237001,Tourniquet,995,,,,,,,,,,
TOOL_HOVER,481609,5/11/2023 10:39,8581c1f8-a4e8-4245-ac73-2bd671237001,Tourniquet,995,,,,,,,,,,
TOOL_HOVER,481626,5/11/2023 10:39,8581c1f8-a4e8-4245-ac73-2bd671237001,Tourniquet,995,,,,,,,,,,
TOOL_HOVER,481643,5/11/2023 10:39,8581c1f8-a4e8-4245-ac73-2bd671237001,Tourniquet,995,,,,,,,,,,
TOOL_HOVER,481658,5/11/2023 10:39,8581c1f8-a4e8-4245-ac73-2bd671237001,Tourniquet,995,,,,,,,,,,
TOOL_HOVER,481675,5/11/2023 10:39,8581c1f8-a4e8-4245-ac73-2bd671237001,Tourniquet,995,,,,,,,,,,
TOOL_HOVER,481692,5/11/2023 10:39,8581c1f8-a4e8-4245-ac73-2bd671237001,Tourniquet,995,,,,,,,,,,
TOOL_HOVER,481709,5/11/2023 10:39,8581c1f8-a4e8-4245-ac73-2bd671237001,Tourniquet,995,,,,,,,,,,
TOOL_HOVER,481720,5/11/2023 10:39,8581c1f8-a4e8-4245-ac73-2bd671237001,Tourniquet,995,,,,,,,,,,
TOOL_HOVER,481730,5/11/2023 10:39,8581c1f8-a4e8-4245-ac73-2bd671237001,Tourniquet,995,,,,,,,,,,
TOOL_HOVER,481743,5/11/2023 10:39,8581c1f8-a4e8-4245-ac73-2bd671237001,Tourniquet,995,,,,,,,,,,
TOOL_HOVER,481754,5/11/2023 10:39,8581c1f8-a4e8-4245-ac73-2bd671237001,Tourniquet,995,,,,,,,,,,
TOOL_HOVER,481767,5/11/2023 10:39,8581c1f8-a4e8-4245-ac73-2bd671237001,Tourniquet,995,,,,,,,,,,
TOOL_HOVER,481778,5/11/2023 10:39,8581c1f8-a4e8-4245-ac73-2bd671237001,Tourniquet,995,,,,,,,,,,
TOOL_HOVER,481791,5/11/2023 10:39,8581c1f8-a4e8-4245-ac73-2bd671237001,Tourniquet,995,,,,,,,,,,
TOOL_HOVER,481802,5/11/2023 10:39,8581c1f8-a4e8-4245-ac73-2bd671237001,Tourniquet,995,,,,,,,,,,
TOOL_HOVER,481818,5/11/2023 10:39,8581c1f8-a4e8-4245-ac73-2bd671237001,Tourniquet,995,,,,,,,,,,
TOOL_HOVER,481836,5/11/2023 10:39,8581c1f8-a4e8-4245-ac73-2bd671237001,Tourniquet,995,,,,,,,,,,
TOOL_HOVER,481854,5/11/2023 10:39,8581c1f8-a4e8-4245-ac73-2bd671237001,Tourniquet,995,,,,,,,,,,
TOOL_HOVER,481869,5/11/2023 10:39,8581c1f8-a4e8-4245-ac73-2bd671237001,Tourniquet,995,,,,,,,,,,
TOOL_HOVER,481887,5/11/2023 10:39,8581c1f8-a4e8-4245-ac73-2bd671237001,Tourniquet,995,,,,,,,,,,
TOOL_HOVER,481903,5/11/2023 10:39,8581c1f8-a4e8-4245-ac73-2bd671237001,Tourniquet,995,,,,,,,,,,
TOOL_HOVER,481919,5/11/2023 10:39,8581c1f8-a4e8-4245-ac73-2bd671237001,Tourniquet,995,,,,,,,,,,
TOOL_HOVER,481937,5/11/2023 10:39,8581c1f8-a4e8-4245-ac73-2bd671237001,Tourniquet,995,,,,,,,,,,
TOOL_HOVER,481954,5/11/2023 10:39,8581c1f8-a4e8-4245-ac73-2bd671237001,Tourniquet,995,,,,,,,,,,
TOOL_HOVER,481971,5/11/2023 10:39,8581c1f8-a4e8-4245-ac73-2bd671237001,Tourniquet,995,,,,,,,,,,
TOOL_HOVER,481988,5/11/2023 10:39,8581c1f8-a4e8-4245-ac73-2bd671237001,Tourniquet,995,,,,,,,,,,
TOOL_HOVER,482002,5/11/2023 10:39,8581c1f8-a4e8-4245-ac73-2bd671237001,Hemostatic Gauze,999,,,,,,,,,,
TOOL_HOVER,482021,5/11/2023 10:39,8581c1f8-a4e8-4245-ac73-2bd671237001,Hemostatic Gauze,999,,,,,,,,,,
TOOL_HOVER,482038,5/11/2023 10:39,8581c1f8-a4e8-4245-ac73-2bd671237001,Hemostatic Gauze,999,,,,,,,,,,
TOOL_HOVER,482055,5/11/2023 10:39,8581c1f8-a4e8-4245-ac73-2bd671237001,Hemostatic Gauze,999,,,,,,,,,,
TOOL_HOVER,482068,5/11/2023 10:39,8581c1f8-a4e8-4245-ac73-2bd671237001,Hemostatic Gauze,999,,,,,,,,,,
TOOL_HOVER,482087,5/11/2023 10:39,8581c1f8-a4e8-4245-ac73-2bd671237001,Hemostatic Gauze,999,,,,,,,,,,
TOOL_HOVER,482111,5/11/2023 10:39,8581c1f8-a4e8-4245-ac73-2bd671237001,Needle,997,,,,,,,,,,
TOOL_HOVER,482124,5/11/2023 10:39,8581c1f8-a4e8-4245-ac73-2bd671237001,Needle,997,,,,,,,,,,
TOOL_HOVER,482135,5/11/2023 10:39,8581c1f8-a4e8-4245-ac73-2bd671237001,Needle,997,,,,,,,,,,
TOOL_HOVER,482152,5/11/2023 10:39,8581c1f8-a4e8-4245-ac73-2bd671237001,Needle,997,,,,,,,,,,
TOOL_HOVER,482169,5/11/2023 10:39,8581c1f8-a4e8-4245-ac73-2bd671237001,Needle,997,,,,,,,,,,
TOOL_HOVER,482189,5/11/2023 10:39,8581c1f8-a4e8-4245-ac73-2bd671237001,Needle,997,,,,,,,,,,
TOOL_HOVER,484741,5/11/2023 10:39,8581c1f8-a4e8-4245-ac73-2bd671237001,Gauze,999,,,,,,,,,,
TOOL_HOVER,484758,5/11/2023 10:39,8581c1f8-a4e8-4245-ac73-2bd671237001,Gauze,999,,,,,,,,,,
TOOL_HOVER,484775,5/11/2023 10:39,8581c1f8-a4e8-4245-ac73-2bd671237001,Gauze,999,,,,,,,,,,
TOOL_HOVER,484792,5/11/2023 10:39,8581c1f8-a4e8-4245-ac73-2bd671237001,Gauze,999,,,,,,,,,,
TOOL_HOVER,484808,5/11/2023 10:39,8581c1f8-a4e8-4245-ac73-2bd671237001,Gauze,999,,,,,,,,,,
TOOL_HOVER,484825,5/11/2023 10:39,8581c1f8-a4e8-4245-ac73-2bd671237001,Gauze,999,,,,,,,,,,
TOOL_HOVER,484842,5/11/2023 10:39,8581c1f8-a4e8-4245-ac73-2bd671237001,Gauze,999,,,,,,,,,,
TOOL_HOVER,484859,5/11/2023 10:39,8581c1f8-a4e8-4245-ac73-2bd671237001,Gauze,999,,,,,,,,,,
TOOL_HOVER,484876,5/11/2023 10:39,8581c1f8-a4e8-4245-ac73-2bd671237001,Gauze,999,,,,,,,,,,
TOOL_HOVER,484892,5/11/2023 10:39,8581c1f8-a4e8-4245-ac73-2bd671237001,Gauze,999,,,,,,,,,,
TOOL_HOVER,484908,5/11/2023 10:39,8581c1f8-a4e8-4245-ac73-2bd671237001,Gauze,999,,,,,,,,,,
TOOL_HOVER,484925,5/11/2023 10:39,8581c1f8-a4e8-4245-ac73-2bd671237001,Gauze,999,,,,,,,,,,
TOOL_HOVER,484943,5/11/2023 10:39,8581c1f8-a4e8-4245-ac73-2bd671237001,Gauze,999,,,,,,,,,,
TOOL_HOVER,484958,5/11/2023 10:39,8581c1f8-a4e8-4245-ac73-2bd671237001,Gauze,999,,,,,,,,,,
TOOL_HOVER,484975,5/11/2023 10:39,8581c1f8-a4e8-4245-ac73-2bd671237001,Gauze,999,,,,,,,,,,
TOOL_HOVER,484993,5/11/2023 10:39,8581c1f8-a4e8-4245-ac73-2bd671237001,Gauze,999,,,,,,,,,,
TOOL_HOVER,485008,5/11/2023 10:39,8581c1f8-a4e8-4245-ac73-2bd671237001,Gauze,999,,,,,,,,,,
TOOL_HOVER,485025,5/11/2023 10:39,8581c1f8-a4e8-4245-ac73-2bd671237001,Gauze,999,,,,,,,,,,
TOOL_HOVER,485042,5/11/2023 10:39,8581c1f8-a4e8-4245-ac73-2bd671237001,Gauze,999,,,,,,,,,,
TOOL_HOVER,485061,5/11/2023 10:39,8581c1f8-a4e8-4245-ac73-2bd671237001,Gauze,999,,,,,,,,,,
TOOL_HOVER,485077,5/11/2023 10:39,8581c1f8-a4e8-4245-ac73-2bd671237001,Gauze,999,,,,,,,,,,
TOOL_HOVER,485094,5/11/2023 10:39,8581c1f8-a4e8-4245-ac73-2bd671237001,Gauze,999,,,,,,,,,,
TOOL_HOVER,485111,5/11/2023 10:39,8581c1f8-a4e8-4245-ac73-2bd671237001,Gauze,999,,,,,,,,,,
TOOL_HOVER,485126,5/11/2023 10:39,8581c1f8-a4e8-4245-ac73-2bd671237001,Gauze,999,,,,,,,,,,
TOOL_HOVER,485149,5/11/2023 10:39,8581c1f8-a4e8-4245-ac73-2bd671237001,Gauze,999,,,,,,,,,,
TOOL_HOVER,485160,5/11/2023 10:39,8581c1f8-a4e8-4245-ac73-2bd671237001,Gauze,999,,,,,,,,,,
TOOL_HOVER,485175,5/11/2023 10:39,8581c1f8-a4e8-4245-ac73-2bd671237001,Gauze,999,,,,,,,,,,
TOOL_HOVER,485194,5/11/2023 10:39,8581c1f8-a4e8-4245-ac73-2bd671237001,Gauze,999,,,,,,,,,,
TOOL_HOVER,485209,5/11/2023 10:39,8581c1f8-a4e8-4245-ac73-2bd671237001,Gauze,999,,,,,,,,,,
TOOL_HOVER,485225,5/11/2023 10:39,8581c1f8-a4e8-4245-ac73-2bd671237001,Gauze,999,,,,,,,,,,
TOOL_HOVER,485243,5/11/2023 10:39,8581c1f8-a4e8-4245-ac73-2bd671237001,Gauze,999,,,,,,,,,,
TOOL_HOVER,485259,5/11/2023 10:39,8581c1f8-a4e8-4245-ac73-2bd671237001,Gauze,999,,,,,,,,,,
TOOL_HOVER,485276,5/11/2023 10:39,8581c1f8-a4e8-4245-ac73-2bd671237001,Gauze,999,,,,,,,,,,
TOOL_HOVER,485292,5/11/2023 10:39,8581c1f8-a4e8-4245-ac73-2bd671237001,Gauze,999,,,,,,,,,,
TOOL_HOVER,485311,5/11/2023 10:39,8581c1f8-a4e8-4245-ac73-2bd671237001,Gauze,999,,,,,,,,,,
TOOL_HOVER,485327,5/11/2023 10:39,8581c1f8-a4e8-4245-ac73-2bd671237001,Gauze,999,,,,,,,,,,
TOOL_HOVER,485343,5/11/2023 10:39,8581c1f8-a4e8-4245-ac73-2bd671237001,Gauze,999,,,,,,,,,,
TOOL_HOVER,485358,5/11/2023 10:39,8581c1f8-a4e8-4245-ac73-2bd671237001,Gauze,999,,,,,,,,,,
TOOL_HOVER,485378,5/11/2023 10:39,8581c1f8-a4e8-4245-ac73-2bd671237001,Gauze,999,,,,,,,,,,
TOOL_HOVER,485394,5/11/2023 10:39,8581c1f8-a4e8-4245-ac73-2bd671237001,Gauze,999,,,,,,,,,,
TOOL_SELECTED,485395,5/11/2023 10:39,8581c1f8-a4e8-4245-ac73-2bd671237001,Gauze,998,,,,,,,,,,
TOOL_DISCARDED,486295,5/11/2023 10:39,8581c1f8-a4e8-4245-ac73-2bd671237001,Gauze,998,"(-1.1, 0.2, 3.2)",,,,,,,,,
INJURY_TREATED,486296,5/11/2023 10:39,8581c1f8-a4e8-4245-ac73-2bd671237001,R Calf Shrapnel,Gloria_6 Root,gauzePressure,medium,rightLeg,TRUE,FALSE,"(-1.1, 0.2, 3.2)",,,,
TOOL_APPLIED,486296,5/11/2023 10:39,8581c1f8-a4e8-4245-ac73-2bd671237001,Gloria_6 Root,Gauze_Dressing,skinCollider_Body_LOD (UnityEngine.GameObject),null,null,AppliedDressingGauze,,,,,,
PULSE_TAKEN,489173,5/11/2023 10:39,8581c1f8-a4e8-4245-ac73-2bd671237001,pulse_fast,Gloria_6 Root,,,,,,,,,,
VOICE_CAPTURE,498307,5/11/2023 10:40,8581c1f8-a4e8-4245-ac73-2bd671237001,That's gonna need surgery but I think you'll live we're gonna make you,NA,,,,,,,,,,
TAG_SELECTED,498327,5/11/2023 10:40,8581c1f8-a4e8-4245-ac73-2bd671237001,green,,,,,,,,,,,
TAG_DISCARDED,500361,5/11/2023 10:40,8581c1f8-a4e8-4245-ac73-2bd671237001,green,"(-1.4, 0.6, 3.5)",,,,,,,,,,
TAG_SELECTED,501252,5/11/2023 10:40,8581c1f8-a4e8-4245-ac73-2bd671237001,yellow,,,,,,,,,,,
TAG_APPLIED,502266,5/11/2023 10:40,8581c1f8-a4e8-4245-ac73-2bd671237001,Gloria_6 Root,yellow,,,,,,,,,,
BAG_CLOSED,504162,5/11/2023 10:40,8581c1f8-a4e8-4245-ac73-2bd671237001,"(-1.1, 0.5, 3.6)",,,,,,,,,,,
VOICE_CAPTURE,504756,5/11/2023 10:40,8581c1f8-a4e8-4245-ac73-2bd671237001,still you agree this well now let's make it yellow,NA,,,,,,,,,,
VOICE_CAPTURE,505672,5/11/2023 10:40,8581c1f8-a4e8-4245-ac73-2bd671237001,OK,NA,,,,,,,,,,
TELEPORT,506824,5/11/2023 10:40,8581c1f8-a4e8-4245-ac73-2bd671237001,"(-0.5, 0.0, 3.9)",,,,,,,,,,,
TELEPORT,510591,5/11/2023 10:40,8581c1f8-a4e8-4245-ac73-2bd671237001,"(3.2, 0.0, 1.5)",,,,,,,,,,,
PATIENT_ENGAGED,513731,5/11/2023 10:40,8581c1f8-a4e8-4245-ac73-2bd671237001,100,0,Gary_9 Root,"(2.9, 0.0, 9.0)","(0.0, 0.9, 0.0, -0.4)",MINIMAL,walker,normal,normal,limited,calm,standing
PULSE_TAKEN,515874,5/11/2023 10:40,8581c1f8-a4e8-4245-ac73-2bd671237001,pulse_normal,Gary_9 Root,,,,,,,,,,
VOICE_CAPTURE,516952,5/11/2023 10:40,8581c1f8-a4e8-4245-ac73-2bd671237001,alright what's going on with you bro what's up,NA,,,,,,,,,,
VOICE_CAPTURE,518619,5/11/2023 10:40,8581c1f8-a4e8-4245-ac73-2bd671237001,are you hurt,NA,,,,,,,,,,
VOICE_COMMAND,518619,5/11/2023 10:40,8581c1f8-a4e8-4245-ac73-2bd671237001,are you hurt,are you hurt,,,,,,,,,,
PULSE_TAKEN,519216,5/11/2023 10:40,8581c1f8-a4e8-4245-ac73-2bd671237001,pulse_normal,Gary_9 Root,,,,,,,,,,
PULSE_TAKEN,519350,5/11/2023 10:40,8581c1f8-a4e8-4245-ac73-2bd671237001,pulse_normal,Gary_9 Root,,,,,,,,,,
PULSE_TAKEN,521090,5/11/2023 10:40,8581c1f8-a4e8-4245-ac73-2bd671237001,pulse_normal,Gary_9 Root,,,,,,,,,,
VOICE_CAPTURE,521457,5/11/2023 10:40,8581c1f8-a4e8-4245-ac73-2bd671237001,OK well there's,NA,,,,,,,,,,
BAG_ACCESS,523708,5/11/2023 10:40,8581c1f8-a4e8-4245-ac73-2bd671237001,"(2.4, 0.8, 8.4)",,,,,,,,,,,
TAG_SELECTED,524457,5/11/2023 10:40,8581c1f8-a4e8-4245-ac73-2bd671237001,green,,,,,,,,,,,
VOICE_CAPTURE,524952,5/11/2023 10:40,8581c1f8-a4e8-4245-ac73-2bd671237001,if there's been an explosion that's why you can't hear anything,NA,,,,,,,,,,
TAG_APPLIED,525645,5/11/2023 10:40,8581c1f8-a4e8-4245-ac73-2bd671237001,Gary_9 Root,green,,,,,,,,,,
VOICE_CAPTURE,527435,5/11/2023 10:40,8581c1f8-a4e8-4245-ac73-2bd671237001,are you hurt,NA,,,,,,,,,,
VOICE_COMMAND,527435,5/11/2023 10:40,8581c1f8-a4e8-4245-ac73-2bd671237001,are you hurt,are you hurt,,,,,,,,,,
VOICE_CAPTURE,529234,5/11/2023 10:40,8581c1f8-a4e8-4245-ac73-2bd671237001,you're gonna be deaf for a little bit we're gonna make you a green are you able to walk,NA,,,,,,,,,,
VOICE_COMMAND,529234,5/11/2023 10:40,8581c1f8-a4e8-4245-ac73-2bd671237001,walk to the safe area,you're gonna be deaf for a little bit we're gonna make you a green are you able to walk,,,,,,,,,,
S_A_L_T_WALK_IF_CAN,529236,5/11/2023 10:40,8581c1f8-a4e8-4245-ac73-2bd671237001,"(3.0, 0.0, 4.5)",walkIfCan,Lily_2 Root,,,,,,,,,
S_A_L_T_WALK_IF_CAN,529236,5/11/2023 10:40,8581c1f8-a4e8-4245-ac73-2bd671237001,"(1.2, 0.0, 6.2)",walkIfCan,Lily_4 Root,,,,,,,,,
S_A_L_T_WALK_IF_CAN,529236,5/11/2023 10:40,8581c1f8-a4e8-4245-ac73-2bd671237001,"(2.7, 0.0, 2.3)",walkIfCan,Mike_5 Root,,,,,,,,,
S_A_L_T_WALK_IF_CAN,529236,5/11/2023 10:40,8581c1f8-a4e8-4245-ac73-2bd671237001,"(-1.2, 0.0, 3.1)",walkIfCan,Gloria_6 Root,,,,,,,,,
S_A_L_T_WALK_IF_CAN,529236,5/11/2023 10:40,8581c1f8-a4e8-4245-ac73-2bd671237001,"(1.3, 0.0, 3.4)",walkIfCan,Mike_7 Root,,,,,,,,,
S_A_L_T_WALK_IF_CAN,529236,5/11/2023 10:40,8581c1f8-a4e8-4245-ac73-2bd671237001,"(4.7, 0.0, -3.4)",walkIfCan,Gloria_8 Root,,,,,,,,,
S_A_L_T_WALKED,529236,5/11/2023 10:40,8581c1f8-a4e8-4245-ac73-2bd671237001,"(4.7, 0.0, -3.4)",walked,Gloria_8 Root,,,,,,,,,
S_A_L_T_WALK_IF_CAN,529236,5/11/2023 10:40,8581c1f8-a4e8-4245-ac73-2bd671237001,"(4.0, 0.0, -4.4)",walkIfCan,Helga_10 Root,,,,,,,,,
S_A_L_T_WALKED,529236,5/11/2023 10:40,8581c1f8-a4e8-4245-ac73-2bd671237001,"(4.0, 0.0, -4.4)",walked,Helga_10 Root,,,,,,,,,
VOICE_CAPTURE,533259,5/11/2023 10:40,8581c1f8-a4e8-4245-ac73-2bd671237001,can you walk can you move over,NA,,,,,,,,,,
VOICE_COMMAND,533260,5/11/2023 10:40,8581c1f8-a4e8-4245-ac73-2bd671237001,walk to the safe area,can you walk can you move over,,,,,,,,,,
VOICE_COMMAND,533260,5/11/2023 10:40,8581c1f8-a4e8-4245-ac73-2bd671237001,walk to the safe area,can you walk can you move over,,,,,,,,,,
VOICE_CAPTURE,534051,5/11/2023 10:40,8581c1f8-a4e8-4245-ac73-2bd671237001,OK,NA,,,,,,,,,,
VOICE_CAPTURE,538273,5/11/2023 10:40,8581c1f8-a4e8-4245-ac73-2bd671237001,I think I got everybody,NA,,,,,,,,,,
VOICE_CAPTURE,539791,5/11/2023 10:40,8581c1f8-a4e8-4245-ac73-2bd671237001,I think,NA,,,,,,,,,,
BAG_CLOSED,545940,5/11/2023 10:40,8581c1f8-a4e8-4245-ac73-2bd671237001,"(2.4, 0.8, 8.4)",,,,,,,,,,,
TELEPORT,545940,5/11/2023 10:40,8581c1f8-a4e8-4245-ac73-2bd671237001,"(3.1, 0.0, 8.1)",,,,,,,,,,,
VOICE_CAPTURE,546988,5/11/2023 10:40,8581c1f8-a4e8-4245-ac73-2bd671237001,the guys dead,NA,,,,,,,,,,
TELEPORT,547305,5/11/2023 10:40,8581c1f8-a4e8-4245-ac73-2bd671237001,"(2.9, 0.0, 4.7)",,,,,,,,,,,
TELEPORT,549415,5/11/2023 10:40,8581c1f8-a4e8-4245-ac73-2bd671237001,"(4.5, 0.0, -1.3)",,,,,,,,,,,
PATIENT_ENGAGED,550424,5/11/2023 10:40,8581c1f8-a4e8-4245-ac73-2bd671237001,100,Infinity,Gloria_8 Root,"(4.8, 0.0, -3.4)","(0.0, 0.3, 0.0, -1.0)",MINIMAL,walker,normal,normal,normal,upset,standing
PULSE_TAKEN,551523,5/11/2023 10:40,8581c1f8-a4e8-4245-ac73-2bd671237001,pulse_normal,Gloria_8 Root,,,,,,,,,,
VOICE_CAPTURE,551806,5/11/2023 10:40,8581c1f8-a4e8-4245-ac73-2bd671237001,are you hurt,NA,,,,,,,,,,
VOICE_COMMAND,551807,5/11/2023 10:40,8581c1f8-a4e8-4245-ac73-2bd671237001,are you hurt,are you hurt,,,,,,,,,,
VOICE_CAPTURE,553540,5/11/2023 10:41,8581c1f8-a4e8-4245-ac73-2bd671237001,alright let's go over here and check these guys out hey what's going on,NA,,,,,,,,,,
VOICE_CAPTURE,555946,5/11/2023 10:41,8581c1f8-a4e8-4245-ac73-2bd671237001,OK,NA,,,,,,,,,,
BAG_ACCESS,557218,5/11/2023 10:41,8581c1f8-a4e8-4245-ac73-2bd671237001,"(4.5, 0.8, -2.6)",,,,,,,,,,,
VOICE_CAPTURE,560696,5/11/2023 10:41,8581c1f8-a4e8-4245-ac73-2bd671237001,how much blood here are we talking,NA,,,,,,,,,,
TOOL_HOVER,562247,5/11/2023 10:41,8581c1f8-a4e8-4245-ac73-2bd671237001,Gauze,999,,,,,,,,,,
TOOL_HOVER,562274,5/11/2023 10:41,8581c1f8-a4e8-4245-ac73-2bd671237001,Gauze,999,,,,,,,,,,
TOOL_HOVER,562286,5/11/2023 10:41,8581c1f8-a4e8-4245-ac73-2bd671237001,Gauze,999,,,,,,,,,,
TOOL_HOVER,562303,5/11/2023 10:41,8581c1f8-a4e8-4245-ac73-2bd671237001,Gauze,999,,,,,,,,,,
TOOL_HOVER,562318,5/11/2023 10:41,8581c1f8-a4e8-4245-ac73-2bd671237001,Gauze,999,,,,,,,,,,
TOOL_HOVER,562331,5/11/2023 10:41,8581c1f8-a4e8-4245-ac73-2bd671237001,Gauze,999,,,,,,,,,,
TOOL_HOVER,562548,5/11/2023 10:41,8581c1f8-a4e8-4245-ac73-2bd671237001,Gauze,999,,,,,,,,,,
TOOL_HOVER,562565,5/11/2023 10:41,8581c1f8-a4e8-4245-ac73-2bd671237001,Gauze,999,,,,,,,,,,
TOOL_HOVER,562581,5/11/2023 10:41,8581c1f8-a4e8-4245-ac73-2bd671237001,Gauze,999,,,,,,,,,,
TOOL_HOVER,562598,5/11/2023 10:41,8581c1f8-a4e8-4245-ac73-2bd671237001,Gauze,999,,,,,,,,,,
TOOL_HOVER,562615,5/11/2023 10:41,8581c1f8-a4e8-4245-ac73-2bd671237001,Gauze,999,,,,,,,,,,
TOOL_HOVER,562631,5/11/2023 10:41,8581c1f8-a4e8-4245-ac73-2bd671237001,Gauze,999,,,,,,,,,,
TOOL_HOVER,562648,5/11/2023 10:41,8581c1f8-a4e8-4245-ac73-2bd671237001,Gauze,999,,,,,,,,,,
TOOL_HOVER,562664,5/11/2023 10:41,8581c1f8-a4e8-4245-ac73-2bd671237001,Gauze,999,,,,,,,,,,
TOOL_SELECTED,562666,5/11/2023 10:41,8581c1f8-a4e8-4245-ac73-2bd671237001,Gauze,998,,,,,,,,,,
TOOL_DISCARDED,563767,5/11/2023 10:41,8581c1f8-a4e8-4245-ac73-2bd671237001,Gauze,998,"(4.5, 0.9, -3.4)",,,,,,,,,
INJURY_TREATED,563767,5/11/2023 10:41,8581c1f8-a4e8-4245-ac73-2bd671237001,L Forearm Laceration,Gloria_8 Root,gauzePressure,low,leftArm,TRUE,FALSE,"(4.5, 0.9, -3.4)",,,,
TOOL_APPLIED,563767,5/11/2023 10:41,8581c1f8-a4e8-4245-ac73-2bd671237001,Gloria_8 Root,Gauze_Dressing,skinCollider_Body_LOD (UnityEngine.GameObject),null,null,AppliedDressingGauze,,,,,,
TAG_SELECTED,566479,5/11/2023 10:41,8581c1f8-a4e8-4245-ac73-2bd671237001,green,,,,,,,,,,,
TAG_APPLIED,567834,5/11/2023 10:41,8581c1f8-a4e8-4245-ac73-2bd671237001,Gloria_8 Root,green,,,,,,,,,,
VOICE_CAPTURE,567900,5/11/2023 10:41,8581c1f8-a4e8-4245-ac73-2bd671237001,pressure dressing that,NA,,,,,,,,,,
BAG_CLOSED,569500,5/11/2023 10:41,8581c1f8-a4e8-4245-ac73-2bd671237001,"(4.5, 0.8, -2.6)",,,,,,,,,,,
TELEPORT,569500,5/11/2023 10:41,8581c1f8-a4e8-4245-ac73-2bd671237001,"(5.1, 0.0, -2.5)",,,,,,,,,,,
VOICE_CAPTURE,569961,5/11/2023 10:41,8581c1f8-a4e8-4245-ac73-2bd671237001,green,NA,,,,,,,,,,
PATIENT_ENGAGED,571144,5/11/2023 10:41,8581c1f8-a4e8-4245-ac73-2bd671237001,100,Infinity,Helga_10 Root,"(4.0, 0.0, -4.4)","(0.0, 0.3, 0.0, -1.0)",MINIMAL,walker,normal,normal,normal,calm,standing
PULSE_TAKEN,572077,5/11/2023 10:41,8581c1f8-a4e8-4245-ac73-2bd671237001,pulse_normal,Helga_10 Root,,,,,,,,,,
VOICE_CAPTURE,572142,5/11/2023 10:41,8581c1f8-a4e8-4245-ac73-2bd671237001,OK,NA,,,,,,,,,,
VOICE_CAPTURE,574002,5/11/2023 10:41,8581c1f8-a4e8-4245-ac73-2bd671237001,modbutton im okay,NA,,,,,,,,,,
VOICE_COMMAND,574002,5/11/2023 10:41,8581c1f8-a4e8-4245-ac73-2bd671237001,modbutton im okay,modbutton im okay,,,,,,,,,,
VOICE_CAPTURE,575116,5/11/2023 10:41,8581c1f8-a4e8-4245-ac73-2bd671237001,how about you what's going on,NA,,,,,,,,,,
VOICE_CAPTURE,577438,5/11/2023 10:41,8581c1f8-a4e8-4245-ac73-2bd671237001,modbutton yes,NA,,,,,,,,,,
VOICE_COMMAND,577438,5/11/2023 10:41,8581c1f8-a4e8-4245-ac73-2bd671237001,modbutton yes,modbutton yes,,,,,,,,,,
BAG_ACCESS,578120,5/11/2023 10:41,8581c1f8-a4e8-4245-ac73-2bd671237001,"(3.7, 0.8, -3.8)",,,,,,,,,,,
VOICE_CAPTURE,578236,5/11/2023 10:41,8581c1f8-a4e8-4245-ac73-2bd671237001,you're OK,NA,,,,,,,,,,
TAG_SELECTED,578705,5/11/2023 10:41,8581c1f8-a4e8-4245-ac73-2bd671237001,green,,,,,,,,,,,
TAG_APPLIED,579894,5/11/2023 10:41,8581c1f8-a4e8-4245-ac73-2bd671237001,Helga_10 Root,green,,,,,,,,,,
PATIENT_ENGAGED,580460,5/11/2023 10:41,8581c1f8-a4e8-4245-ac73-2bd671237001,100,Infinity,Gloria_8 Root,"(4.8, 0.0, -3.4)","(0.0, 0.3, 0.0, -1.0)",MINIMAL,walker,normal,normal,normal,upset,standing
VOICE_CAPTURE,581578,5/11/2023 10:41,8581c1f8-a4e8-4245-ac73-2bd671237001,make you green,NA,,,,,,,,,,
BAG_CLOSED,581829,5/11/2023 10:41,8581c1f8-a4e8-4245-ac73-2bd671237001,"(3.7, 0.8, -3.8)",,,,,,,,,,,
TELEPORT,581829,5/11/2023 10:41,8581c1f8-a4e8-4245-ac73-2bd671237001,"(4.3, 0.0, -3.6)",,,,,,,,,,,
PULSE_TAKEN,583106,5/11/2023 10:41,8581c1f8-a4e8-4245-ac73-2bd671237001,pulse_normal,Gloria_8 Root,,,,,,,,,,
PATIENT_ENGAGED,584591,5/11/2023 10:41,8581c1f8-a4e8-4245-ac73-2bd671237001,100,Infinity,Helga_10 Root,"(4.0, 0.0, -4.4)","(0.0, 0.3, 0.0, -1.0)",MINIMAL,walker,normal,normal,normal,calm,standing
VOICE_CAPTURE,590039,5/11/2023 10:41,8581c1f8-a4e8-4245-ac73-2bd671237001,alright more medics I need more medics,NA,,,,,,,,,,
SESSION_END,590625,5/11/2023 10:41,8581c1f8-a4e8-4245-ac73-2bd671237001,,,,,,,,,,,,
VOICE_CAPTURE,595141,5/11/2023 10:41,8581c1f8-a4e8-4245-ac73-2bd671237001,alright good job go ahead and let your remote and you take the headset off,NA,,,,,,,,,,
VOICE_CAPTURE,600385,5/11/2023 10:41,8581c1f8-a4e8-4245-ac73-2bd671237001,it does,NA,,,,,,,,,,
