VOICE_CAPTURE,4114,5/31/2023 8:26,97401484-055e-4590-9a11-7d911c42564b,Yep,NA,,,,,,,,,,
PATIENT_DEMOTED,8045,5/31/2023 8:26,97401484-055e-4590-9a11-7d911c42564b,100,Infinity,Mike_1 Root,"(2.7, 0.0, 0.1)","(0.0, 0.7, 0.0, -0.7)",DELAYED,waver,normal,normal,normal,upset,recovery
PATIENT_DEMOTED,8700,5/31/2023 8:26,97401484-055e-4590-9a11-7d911c42564b,100,Infinity,Mike_2 Root,"(2.6, 0.0, 2.4)","(0.0, 0.7, 0.0, -0.7)",IMMEDIATE,walker,fast,normal,normal,upset,sittingGround
PATIENT_DEMOTED,9360,5/31/2023 8:26,97401484-055e-4590-9a11-7d911c42564b,100,128,Mike_3 Root,"(3.0, 0.0, 4.3)","(0.0, 0.7, 0.0, -0.7)",IMMEDIATE,still,faint,collapsedRight,normal,unresponsive,supine
SESSION_START,13699,5/31/2023 8:26,97401484-055e-4590-9a11-7d911c42564b,,,,,,,,,,,,
PATIENT_RECORD,13701,5/31/2023 8:26,97401484-055e-4590-9a11-7d911c42564b,100,Infinity,Mike_0 Root,"(2.6, 0.0, -1.4)","(0.0, 0.7, 0.0, -0.7)",MINIMAL,walker,normal,normal,normal,upset,sittingGround
INJURY_RECORD,13701,5/31/2023 8:26,97401484-055e-4590-9a11-7d911c42564b,R Forearm Laceration,Mike_0 Root,gauzePressure,low,rightArm,FALSE,FALSE,"(2.7, 1.4, -0.9)",,,,
PATIENT_RECORD,13701,5/31/2023 8:26,97401484-055e-4590-9a11-7d911c42564b,100,Infinity,Mike_1 Root,"(2.9, 0.0, 0.1)","(0.0, 0.7, 0.0, -0.7)",DELAYED,waver,normal,normal,normal,upset,recovery
INJURY_RECORD,13701,5/31/2023 8:26,97401484-055e-4590-9a11-7d911c42564b,L Thigh Laceration,Mike_1 Root,tourniquet,medium,leftLeg,FALSE,FALSE,"(2.8, 0.7, -0.1)",,,,
PATIENT_RECORD,13701,5/31/2023 8:26,97401484-055e-4590-9a11-7d911c42564b,100,Infinity,Mike_2 Root,"(3.1, 0.0, 2.2)","(0.0, 0.7, 0.0, -0.7)",IMMEDIATE,walker,fast,normal,normal,upset,sittingGround
INJURY_RECORD,13701,5/31/2023 8:26,97401484-055e-4590-9a11-7d911c42564b,L Shoulder Puncture,Mike_2 Root,woundpack,medium,chest,FALSE,FALSE,"(3.1, 1.4, 2.1)",,,,
PATIENT_RECORD,13701,5/31/2023 8:26,97401484-055e-4590-9a11-7d911c42564b,100,128,Mike_3 Root,"(3.2, 0.0, 4.3)","(0.0, 0.7, 0.0, -0.7)",IMMEDIATE,still,faint,collapsedRight,normal,unresponsive,supine
INJURY_RECORD,13701,5/31/2023 8:26,97401484-055e-4590-9a11-7d911c42564b,R Chest Collapse,Mike_3 Root,decompress,high,chest,FALSE,FALSE,"(0.0, 0.0, 0.0)",,,,
VOICE_CAPTURE,43379,5/31/2023 8:26,97401484-055e-4590-9a11-7d911c42564b,walk,NA,,,,,,,,,,
VOICE_COMMAND,43379,5/31/2023 8:26,97401484-055e-4590-9a11-7d911c42564b,walk to the safe area,walk,,,,,,,,,,
S_A_L_T_WALK_IF_CAN,43381,5/31/2023 8:26,97401484-055e-4590-9a11-7d911c42564b,"(2.6, 0.0, -1.4)",walkIfCan,Mike_0 Root,,,,,,,,,
S_A_L_T_WALKED,43381,5/31/2023 8:26,97401484-055e-4590-9a11-7d911c42564b,"(2.6, 0.0, -1.4)",walked,Mike_0 Root,,,,,,,,,
S_A_L_T_WALK_IF_CAN,43381,5/31/2023 8:26,97401484-055e-4590-9a11-7d911c42564b,"(2.9, 0.0, 0.1)",walkIfCan,Mike_1 Root,,,,,,,,,
S_A_L_T_WALK_IF_CAN,43381,5/31/2023 8:26,97401484-055e-4590-9a11-7d911c42564b,"(3.1, 0.0, 2.2)",walkIfCan,Mike_2 Root,,,,,,,,,
S_A_L_T_WALKED,43381,5/31/2023 8:26,97401484-055e-4590-9a11-7d911c42564b,"(3.1, 0.0, 2.2)",walked,Mike_2 Root,,,,,,,,,
VOICE_CAPTURE,44783,5/31/2023 8:26,97401484-055e-4590-9a11-7d911c42564b,So what you're gonna do is I should have told you the patient respond to verbal commands so the first thing you wanna do and salt is you wanna sort the patients out so we want to get people to move out of the way so go ahead and tell them what you would tell them to get out of the way hey who can walk,NA,,,,,,,,,,
VOICE_COMMAND,44784,5/31/2023 8:26,97401484-055e-4590-9a11-7d911c42564b,walk to the safe area,So what you're gonna do is I should have told you the patient respond to verbal commands so the first thing you wanna do and salt is you wanna sort the patients out so we want to get people to move out of the way so go ahead and tell them what you would tell them to get out of the way hey who can walk,,,,,,,,,,
VOICE_CAPTURE,49807,5/31/2023 8:26,97401484-055e-4590-9a11-7d911c42564b,come this way and sit down,NA,,,,,,,,,,
VOICE_COMMAND,49807,5/31/2023 8:26,97401484-055e-4590-9a11-7d911c42564b,sit up/down,come this way and sit down,,,,,,,,,,
PATIENT_ENGAGED,50793,5/31/2023 8:26,97401484-055e-4590-9a11-7d911c42564b,100,Infinity,Mike_2 Root,"(3.6, 0.0, -3.0)","(0.0, 1.0, 0.0, -0.1)",IMMEDIATE,walker,fast,normal,normal,upset,standing
VOICE_CAPTURE,57264,5/31/2023 8:26,97401484-055e-4590-9a11-7d911c42564b,the next thing you wanna know is like can he not walk,NA,,,,,,,,,,
VOICE_COMMAND,57264,5/31/2023 8:26,97401484-055e-4590-9a11-7d911c42564b,walk to the safe area,the next thing you wanna know is like can he not walk,,,,,,,,,,
S_A_L_T_WALK_IF_CAN,57265,5/31/2023 8:26,97401484-055e-4590-9a11-7d911c42564b,"(4.3, 0.0, -1.4)",walkIfCan,Mike_0 Root,,,,,,,,,
S_A_L_T_WALKED,57265,5/31/2023 8:26,97401484-055e-4590-9a11-7d911c42564b,"(4.3, 0.0, -1.4)",walked,Mike_0 Root,,,,,,,,,
S_A_L_T_WALK_IF_CAN,57265,5/31/2023 8:26,97401484-055e-4590-9a11-7d911c42564b,"(2.9, 0.0, 0.1)",walkIfCan,Mike_1 Root,,,,,,,,,
VOICE_CAPTURE,64701,5/31/2023 8:27,97401484-055e-4590-9a11-7d911c42564b,wave,NA,,,,,,,,,,
VOICE_COMMAND,64701,5/31/2023 8:27,97401484-055e-4590-9a11-7d911c42564b,wave if you can,wave,,,,,,,,,,
S_A_L_T_WAVE_IF_CAN,64702,5/31/2023 8:27,97401484-055e-4590-9a11-7d911c42564b,"(4.5, 0.0, -1.6)",waveIfCan,Mike_0 Root,,,,,,,,,
S_A_L_T_WAVED,64702,5/31/2023 8:27,97401484-055e-4590-9a11-7d911c42564b,"(4.5, 0.0, -1.6)",waved,Mike_0 Root,,,,,,,,,
S_A_L_T_WAVE_IF_CAN,64702,5/31/2023 8:27,97401484-055e-4590-9a11-7d911c42564b,"(2.9, 0.0, 0.1)",waveIfCan,Mike_1 Root,,,,,,,,,
S_A_L_T_WAVED,64702,5/31/2023 8:27,97401484-055e-4590-9a11-7d911c42564b,"(2.9, 0.0, 0.1)",waved,Mike_1 Root,,,,,,,,,
S_A_L_T_WAVE_IF_CAN,64702,5/31/2023 8:27,97401484-055e-4590-9a11-7d911c42564b,"(3.1, 0.0, -4.9)",waveIfCan,Mike_2 Root,,,,,,,,,
S_A_L_T_WAVED,64702,5/31/2023 8:27,97401484-055e-4590-9a11-7d911c42564b,"(3.1, 0.0, -4.9)",waved,Mike_2 Root,,,,,,,,,
S_A_L_T_WALK_IF_CAN,64718,5/31/2023 8:27,97401484-055e-4590-9a11-7d911c42564b,"(4.5, 0.0, -1.6)",walkIfCan,Mike_0 Root,,,,,,,,,
S_A_L_T_WALKED,64718,5/31/2023 8:27,97401484-055e-4590-9a11-7d911c42564b,"(4.5, 0.0, -1.6)",walked,Mike_0 Root,,,,,,,,,
VOICE_CAPTURE,66533,5/31/2023 8:27,97401484-055e-4590-9a11-7d911c42564b,who can understand us like we could follow commands so we're gonna say anyone can hear me I want you to anyone that can hear me raise your hand,NA,,,,,,,,,,
VOICE_COMMAND,66533,5/31/2023 8:27,97401484-055e-4590-9a11-7d911c42564b,stand up,who can understand us like we could follow commands so we're gonna say anyone can hear me I want you to anyone that can hear me raise your hand,,,,,,,,,,
VOICE_CAPTURE,69643,5/31/2023 8:27,97401484-055e-4590-9a11-7d911c42564b,OK,NA,,,,,,,,,,
VOICE_CAPTURE,73495,5/31/2023 8:27,97401484-055e-4590-9a11-7d911c42564b,yeah,NA,,,,,,,,,,
TELEPORT,74047,5/31/2023 8:27,97401484-055e-4590-9a11-7d911c42564b,"(0.8, 0.0, -3.4)",,,,,,,,,,,
TELEPORT,79970,5/31/2023 8:27,97401484-055e-4590-9a11-7d911c42564b,"(0.8, 0.0, -3.4)",,,,,,,,,,,
PATIENT_ENGAGED,91407,5/31/2023 8:27,97401484-055e-4590-9a11-7d911c42564b,100,128,Mike_3 Root,"(3.2, 0.0, 4.3)","(0.0, 0.7, 0.0, -0.7)",IMMEDIATE,still,faint,collapsedRight,normal,unresponsive,supine
BAG_ACCESS,92376,5/31/2023 8:27,97401484-055e-4590-9a11-7d911c42564b,"(3.2, 0.7, 5.3)",,,,,,,,,,,
BAG_CLOSED,94397,5/31/2023 8:27,97401484-055e-4590-9a11-7d911c42564b,"(3.2, 0.7, 5.3)",,,,,,,,,,,
PULSE_TAKEN,96273,5/31/2023 8:27,97401484-055e-4590-9a11-7d911c42564b,pulse_faint,Mike_3 Root,,,,,,,,,,
VOICE_CAPTURE,102116,5/31/2023 8:27,97401484-055e-4590-9a11-7d911c42564b,Yeah,NA,,,,,,,,,,
VOICE_CAPTURE,107983,5/31/2023 8:27,97401484-055e-4590-9a11-7d911c42564b,needle decompress,NA,,,,,,,,,,
BAG_ACCESS,110239,5/31/2023 8:27,97401484-055e-4590-9a11-7d911c42564b,"(3.3, 0.4, 5.2)",,,,,,,,,,,
TOOL_HOVER,111622,5/31/2023 8:27,97401484-055e-4590-9a11-7d911c42564b,Needle,999,,,,,,,,,,
TOOL_HOVER,111638,5/31/2023 8:27,97401484-055e-4590-9a11-7d911c42564b,Needle,999,,,,,,,,,,
TOOL_HOVER,111654,5/31/2023 8:27,97401484-055e-4590-9a11-7d911c42564b,Needle,999,,,,,,,,,,
TOOL_HOVER,111671,5/31/2023 8:27,97401484-055e-4590-9a11-7d911c42564b,Needle,999,,,,,,,,,,
TOOL_HOVER,111688,5/31/2023 8:27,97401484-055e-4590-9a11-7d911c42564b,Needle,999,,,,,,,,,,
TOOL_HOVER,111705,5/31/2023 8:27,97401484-055e-4590-9a11-7d911c42564b,Needle,999,,,,,,,,,,
TOOL_HOVER,111721,5/31/2023 8:27,97401484-055e-4590-9a11-7d911c42564b,Needle,999,,,,,,,,,,
TOOL_HOVER,111737,5/31/2023 8:27,97401484-055e-4590-9a11-7d911c42564b,Needle,999,,,,,,,,,,
TOOL_HOVER,111754,5/31/2023 8:27,97401484-055e-4590-9a11-7d911c42564b,Needle,999,,,,,,,,,,
TOOL_HOVER,111771,5/31/2023 8:27,97401484-055e-4590-9a11-7d911c42564b,Needle,999,,,,,,,,,,
TOOL_HOVER,111788,5/31/2023 8:27,97401484-055e-4590-9a11-7d911c42564b,Needle,999,,,,,,,,,,
TOOL_HOVER,111805,5/31/2023 8:27,97401484-055e-4590-9a11-7d911c42564b,Needle,999,,,,,,,,,,
TOOL_HOVER,111822,5/31/2023 8:27,97401484-055e-4590-9a11-7d911c42564b,Needle,999,,,,,,,,,,
TOOL_HOVER,111837,5/31/2023 8:27,97401484-055e-4590-9a11-7d911c42564b,Needle,999,,,,,,,,,,
TOOL_HOVER,111857,5/31/2023 8:27,97401484-055e-4590-9a11-7d911c42564b,Needle,999,,,,,,,,,,
TOOL_HOVER,111871,5/31/2023 8:27,97401484-055e-4590-9a11-7d911c42564b,Needle,999,,,,,,,,,,
TOOL_HOVER,111888,5/31/2023 8:27,97401484-055e-4590-9a11-7d911c42564b,Needle,999,,,,,,,,,,
TOOL_SELECTED,111891,5/31/2023 8:27,97401484-055e-4590-9a11-7d911c42564b,Needle,998,,,,,,,,,,
PULSE_TAKEN,113944,5/31/2023 8:27,97401484-055e-4590-9a11-7d911c42564b,pulse_faint,Mike_3 Root,,,,,,,,,,
PULSE_TAKEN,115864,5/31/2023 8:27,97401484-055e-4590-9a11-7d911c42564b,pulse_faint,Mike_3 Root,,,,,,,,,,
INJURY_TREATED,116487,5/31/2023 8:27,97401484-055e-4590-9a11-7d911c42564b,R Chest Collapse,Mike_3 Root,decompress,high,chest,TRUE,FALSE,"(0.0, 0.0, 0.0)",,,,
TOOL_APPLIED,116488,5/31/2023 8:27,97401484-055e-4590-9a11-7d911c42564b,Needle_Decomp(Clone),Needle,RChest_Breathe1 (UnityEngine.GameObject),cath_needle (UnityEngine.GameObject),right_chest,Needle_Decomp(Clone) (UnityEngine.GameObject),AppliedDecompNeedle,,,,,
TAG_SELECTED,123511,5/31/2023 8:28,97401484-055e-4590-9a11-7d911c42564b,red,,,,,,,,,,,
TAG_DISCARDED,124747,5/31/2023 8:28,97401484-055e-4590-9a11-7d911c42564b,red,"(3.6, 0.3, 4.8)",,,,,,,,,,
TAG_SELECTED,126292,5/31/2023 8:28,97401484-055e-4590-9a11-7d911c42564b,red,,,,,,,,,,,
TAG_APPLIED,128028,5/31/2023 8:28,97401484-055e-4590-9a11-7d911c42564b,Mike_3 Root,red,,,,,,,,,,
BAG_CLOSED,130852,5/31/2023 8:28,97401484-055e-4590-9a11-7d911c42564b,"(3.3, 0.4, 5.2)",,,,,,,,,,,
TELEPORT,132640,5/31/2023 8:28,97401484-055e-4590-9a11-7d911c42564b,"(2.2, 0.0, 5.5)",,,,,,,,,,,
PATIENT_ENGAGED,135451,5/31/2023 8:28,97401484-055e-4590-9a11-7d911c42564b,100,Infinity,Mike_1 Root,"(2.9, 0.0, 0.1)","(0.0, 0.7, 0.0, -0.7)",DELAYED,waver,normal,normal,normal,upset,recovery
BAG_ACCESS,138791,5/31/2023 8:28,97401484-055e-4590-9a11-7d911c42564b,"(2.7, 0.4, 0.9)",,,,,,,,,,,
TOOL_HOVER,139525,5/31/2023 8:28,97401484-055e-4590-9a11-7d911c42564b,Tourniquet,999,,,,,,,,,,
TOOL_HOVER,139541,5/31/2023 8:28,97401484-055e-4590-9a11-7d911c42564b,Tourniquet,999,,,,,,,,,,
TOOL_HOVER,139558,5/31/2023 8:28,97401484-055e-4590-9a11-7d911c42564b,Tourniquet,999,,,,,,,,,,
TOOL_HOVER,139575,5/31/2023 8:28,97401484-055e-4590-9a11-7d911c42564b,Tourniquet,999,,,,,,,,,,
TOOL_HOVER,139592,5/31/2023 8:28,97401484-055e-4590-9a11-7d911c42564b,Tourniquet,999,,,,,,,,,,
TOOL_HOVER,139608,5/31/2023 8:28,97401484-055e-4590-9a11-7d911c42564b,Tourniquet,999,,,,,,,,,,
TOOL_HOVER,139624,5/31/2023 8:28,97401484-055e-4590-9a11-7d911c42564b,Tourniquet,999,,,,,,,,,,
TOOL_HOVER,139641,5/31/2023 8:28,97401484-055e-4590-9a11-7d911c42564b,Tourniquet,999,,,,,,,,,,
TOOL_HOVER,139658,5/31/2023 8:28,97401484-055e-4590-9a11-7d911c42564b,Tourniquet,999,,,,,,,,,,
TOOL_HOVER,139675,5/31/2023 8:28,97401484-055e-4590-9a11-7d911c42564b,Tourniquet,999,,,,,,,,,,
TOOL_HOVER,139692,5/31/2023 8:28,97401484-055e-4590-9a11-7d911c42564b,Tourniquet,999,,,,,,,,,,
TOOL_HOVER,139708,5/31/2023 8:28,97401484-055e-4590-9a11-7d911c42564b,Tourniquet,999,,,,,,,,,,
TOOL_HOVER,139725,5/31/2023 8:28,97401484-055e-4590-9a11-7d911c42564b,Tourniquet,999,,,,,,,,,,
TOOL_HOVER,139742,5/31/2023 8:28,97401484-055e-4590-9a11-7d911c42564b,Tourniquet,999,,,,,,,,,,
TOOL_HOVER,139758,5/31/2023 8:28,97401484-055e-4590-9a11-7d911c42564b,Tourniquet,999,,,,,,,,,,
TOOL_HOVER,139775,5/31/2023 8:28,97401484-055e-4590-9a11-7d911c42564b,Tourniquet,999,,,,,,,,,,
TOOL_HOVER,139791,5/31/2023 8:28,97401484-055e-4590-9a11-7d911c42564b,Tourniquet,999,,,,,,,,,,
TOOL_HOVER,139808,5/31/2023 8:28,97401484-055e-4590-9a11-7d911c42564b,Tourniquet,999,,,,,,,,,,
TOOL_HOVER,139824,5/31/2023 8:28,97401484-055e-4590-9a11-7d911c42564b,Gauze,999,,,,,,,,,,
TOOL_HOVER,139842,5/31/2023 8:28,97401484-055e-4590-9a11-7d911c42564b,Gauze,999,,,,,,,,,,
TOOL_SELECTED,139843,5/31/2023 8:28,97401484-055e-4590-9a11-7d911c42564b,Gauze,998,,,,,,,,,,
TOOL_DISCARDED,142324,5/31/2023 8:28,97401484-055e-4590-9a11-7d911c42564b,Gauze,998,"(2.2, 0.2, 0.6)",,,,,,,,,
TOOL_APPLIED,142325,5/31/2023 8:28,97401484-055e-4590-9a11-7d911c42564b,Mike_1 Root,Gauze_Dressing,skinCollider_BodyCollideLOD (UnityEngine.GameObject),null,null,AppliedDressingGauze,,,,,,
TOOL_HOVER,142825,5/31/2023 8:28,97401484-055e-4590-9a11-7d911c42564b,Tourniquet,999,,,,,,,,,,
TOOL_HOVER,142839,5/31/2023 8:28,97401484-055e-4590-9a11-7d911c42564b,Tourniquet,999,,,,,,,,,,
TOOL_HOVER,142856,5/31/2023 8:28,97401484-055e-4590-9a11-7d911c42564b,Tourniquet,999,,,,,,,,,,
TOOL_HOVER,142872,5/31/2023 8:28,97401484-055e-4590-9a11-7d911c42564b,Tourniquet,999,,,,,,,,,,
TOOL_HOVER,142889,5/31/2023 8:28,97401484-055e-4590-9a11-7d911c42564b,Tourniquet,999,,,,,,,,,,
TOOL_HOVER,142906,5/31/2023 8:28,97401484-055e-4590-9a11-7d911c42564b,Tourniquet,999,,,,,,,,,,
TOOL_HOVER,142923,5/31/2023 8:28,97401484-055e-4590-9a11-7d911c42564b,Tourniquet,999,,,,,,,,,,
TOOL_HOVER,142940,5/31/2023 8:28,97401484-055e-4590-9a11-7d911c42564b,Tourniquet,999,,,,,,,,,,
TOOL_HOVER,142956,5/31/2023 8:28,97401484-055e-4590-9a11-7d911c42564b,Tourniquet,999,,,,,,,,,,
TOOL_HOVER,142972,5/31/2023 8:28,97401484-055e-4590-9a11-7d911c42564b,Tourniquet,999,,,,,,,,,,
TOOL_HOVER,142989,5/31/2023 8:28,97401484-055e-4590-9a11-7d911c42564b,Tourniquet,999,,,,,,,,,,
TOOL_HOVER,143007,5/31/2023 8:28,97401484-055e-4590-9a11-7d911c42564b,Tourniquet,999,,,,,,,,,,
TOOL_HOVER,143022,5/31/2023 8:28,97401484-055e-4590-9a11-7d911c42564b,Tourniquet,999,,,,,,,,,,
TOOL_HOVER,143039,5/31/2023 8:28,97401484-055e-4590-9a11-7d911c42564b,Tourniquet,999,,,,,,,,,,
TOOL_HOVER,143056,5/31/2023 8:28,97401484-055e-4590-9a11-7d911c42564b,Tourniquet,999,,,,,,,,,,
TOOL_HOVER,143073,5/31/2023 8:28,97401484-055e-4590-9a11-7d911c42564b,Tourniquet,999,,,,,,,,,,
TOOL_HOVER,143089,5/31/2023 8:28,97401484-055e-4590-9a11-7d911c42564b,Tourniquet,999,,,,,,,,,,
TOOL_HOVER,143106,5/31/2023 8:28,97401484-055e-4590-9a11-7d911c42564b,Tourniquet,999,,,,,,,,,,
TOOL_HOVER,143123,5/31/2023 8:28,97401484-055e-4590-9a11-7d911c42564b,Tourniquet,999,,,,,,,,,,
TOOL_HOVER,143139,5/31/2023 8:28,97401484-055e-4590-9a11-7d911c42564b,Tourniquet,999,,,,,,,,,,
TOOL_HOVER,143156,5/31/2023 8:28,97401484-055e-4590-9a11-7d911c42564b,Tourniquet,999,,,,,,,,,,
TOOL_HOVER,143173,5/31/2023 8:28,97401484-055e-4590-9a11-7d911c42564b,Tourniquet,999,,,,,,,,,,
TOOL_HOVER,143189,5/31/2023 8:28,97401484-055e-4590-9a11-7d911c42564b,Tourniquet,999,,,,,,,,,,
TOOL_HOVER,143206,5/31/2023 8:28,97401484-055e-4590-9a11-7d911c42564b,Tourniquet,999,,,,,,,,,,
TOOL_HOVER,143223,5/31/2023 8:28,97401484-055e-4590-9a11-7d911c42564b,Tourniquet,999,,,,,,,,,,
TOOL_HOVER,143239,5/31/2023 8:28,97401484-055e-4590-9a11-7d911c42564b,Tourniquet,999,,,,,,,,,,
TOOL_SELECTED,143241,5/31/2023 8:28,97401484-055e-4590-9a11-7d911c42564b,Tourniquet,998,,,,,,,,,,
INJURY_TREATED,145129,5/31/2023 8:28,97401484-055e-4590-9a11-7d911c42564b,L Thigh Laceration,Mike_1 Root,tourniquet,medium,leftLeg,TRUE,FALSE,"(2.8, 0.3, 0.4)",,,,
TOOL_APPLIED,145130,5/31/2023 8:28,97401484-055e-4590-9a11-7d911c42564b,Mike_1 Root,Tourniquet,LeftUpLeg (UnityEngine.GameObject),tor_ring (1) (UnityEngine.GameObject),tourniquet(Clone) (UnityEngine.GameObject),AppliedTourniquet,,,,,,
PULSE_TAKEN,149514,5/31/2023 8:28,97401484-055e-4590-9a11-7d911c42564b,pulse_normal,Mike_1 Root,,,,,,,,,,
PULSE_TAKEN,155961,5/31/2023 8:28,97401484-055e-4590-9a11-7d911c42564b,pulse_normal,Mike_1 Root,,,,,,,,,,
PULSE_TAKEN,157018,5/31/2023 8:28,97401484-055e-4590-9a11-7d911c42564b,pulse_normal,Mike_1 Root,,,,,,,,,,
BAG_CLOSED,158686,5/31/2023 8:28,97401484-055e-4590-9a11-7d911c42564b,"(2.7, 0.4, 0.9)",,,,,,,,,,,
VOICE_CAPTURE,159467,5/31/2023 8:28,97401484-055e-4590-9a11-7d911c42564b,Any other,NA,,,,,,,,,,
TELEPORT,163827,5/31/2023 8:28,97401484-055e-4590-9a11-7d911c42564b,"(1.8, 0.0, 1.5)",,,,,,,,,,,
PATIENT_ENGAGED,166127,5/31/2023 8:28,97401484-055e-4590-9a11-7d911c42564b,100,Infinity,Mike_2 Root,"(3.1, 0.0, -4.9)","(0.0, 0.1, 0.0, -1.0)",IMMEDIATE,walker,fast,normal,normal,upset,sittingGround
BAG_ACCESS,169204,5/31/2023 8:28,97401484-055e-4590-9a11-7d911c42564b,"(3.1, 0.4, -4.2)",,,,,,,,,,,
TOOL_HOVER,170612,5/31/2023 8:28,97401484-055e-4590-9a11-7d911c42564b,Gauze,999,,,,,,,,,,
TOOL_HOVER,170628,5/31/2023 8:28,97401484-055e-4590-9a11-7d911c42564b,Gauze,999,,,,,,,,,,
TOOL_HOVER,170646,5/31/2023 8:28,97401484-055e-4590-9a11-7d911c42564b,Gauze,999,,,,,,,,,,
TOOL_HOVER,170662,5/31/2023 8:28,97401484-055e-4590-9a11-7d911c42564b,Gauze,999,,,,,,,,,,
TOOL_HOVER,170678,5/31/2023 8:28,97401484-055e-4590-9a11-7d911c42564b,Gauze,999,,,,,,,,,,
TOOL_HOVER,170696,5/31/2023 8:28,97401484-055e-4590-9a11-7d911c42564b,Gauze,999,,,,,,,,,,
TOOL_HOVER,170712,5/31/2023 8:28,97401484-055e-4590-9a11-7d911c42564b,Gauze,999,,,,,,,,,,
TOOL_HOVER,170733,5/31/2023 8:28,97401484-055e-4590-9a11-7d911c42564b,Gauze,999,,,,,,,,,,
TOOL_HOVER,170746,5/31/2023 8:28,97401484-055e-4590-9a11-7d911c42564b,Gauze,999,,,,,,,,,,
TOOL_HOVER,170763,5/31/2023 8:28,97401484-055e-4590-9a11-7d911c42564b,Gauze,999,,,,,,,,,,
TOOL_HOVER,170779,5/31/2023 8:28,97401484-055e-4590-9a11-7d911c42564b,Gauze,999,,,,,,,,,,
TOOL_HOVER,170796,5/31/2023 8:28,97401484-055e-4590-9a11-7d911c42564b,Gauze,999,,,,,,,,,,
TOOL_HOVER,170812,5/31/2023 8:28,97401484-055e-4590-9a11-7d911c42564b,Gauze,999,,,,,,,,,,
TOOL_HOVER,170828,5/31/2023 8:28,97401484-055e-4590-9a11-7d911c42564b,Gauze,999,,,,,,,,,,
TOOL_HOVER,170846,5/31/2023 8:28,97401484-055e-4590-9a11-7d911c42564b,Gauze,999,,,,,,,,,,
TOOL_HOVER,170862,5/31/2023 8:28,97401484-055e-4590-9a11-7d911c42564b,Gauze,999,,,,,,,,,,
TOOL_HOVER,170879,5/31/2023 8:28,97401484-055e-4590-9a11-7d911c42564b,Gauze,999,,,,,,,,,,
TOOL_HOVER,170895,5/31/2023 8:28,97401484-055e-4590-9a11-7d911c42564b,Gauze,999,,,,,,,,,,
TOOL_HOVER,170912,5/31/2023 8:28,97401484-055e-4590-9a11-7d911c42564b,Gauze,999,,,,,,,,,,
TOOL_HOVER,170932,5/31/2023 8:28,97401484-055e-4590-9a11-7d911c42564b,Gauze,999,,,,,,,,,,
TOOL_HOVER,170945,5/31/2023 8:28,97401484-055e-4590-9a11-7d911c42564b,Gauze,999,,,,,,,,,,
TOOL_SELECTED,170946,5/31/2023 8:28,97401484-055e-4590-9a11-7d911c42564b,Gauze,998,,,,,,,,,,
PULSE_TAKEN,172421,5/31/2023 8:28,97401484-055e-4590-9a11-7d911c42564b,pulse_fast,Mike_2 Root,,,,,,,,,,
TOOL_DISCARDED,172522,5/31/2023 8:28,97401484-055e-4590-9a11-7d911c42564b,Gauze,998,"(3.3, 0.4, -5.0)",,,,,,,,,
INJURY_TREATED,172523,5/31/2023 8:28,97401484-055e-4590-9a11-7d911c42564b,L Shoulder Puncture,Mike_2 Root,woundpack,medium,chest,FALSE,TRUE,"(3.3, 0.4, -5.0)",,,,
TOOL_APPLIED,172523,5/31/2023 8:28,97401484-055e-4590-9a11-7d911c42564b,Mike_2 Root,Gauze_Dressing,skinCollider_BodyCollideLOD (UnityEngine.GameObject),null,null,AppliedDressingGauze,,,,,,
PULSE_TAKEN,173172,5/31/2023 8:28,97401484-055e-4590-9a11-7d911c42564b,pulse_fast,Mike_2 Root,,,,,,,,,,
PULSE_TAKEN,173637,5/31/2023 8:28,97401484-055e-4590-9a11-7d911c42564b,pulse_fast,Mike_2 Root,,,,,,,,,,
PULSE_TAKEN,173903,5/31/2023 8:28,97401484-055e-4590-9a11-7d911c42564b,pulse_fast,Mike_2 Root,,,,,,,,,,
PULSE_TAKEN,173986,5/31/2023 8:28,97401484-055e-4590-9a11-7d911c42564b,pulse_fast,Mike_2 Root,,,,,,,,,,
PULSE_TAKEN,174453,5/31/2023 8:28,97401484-055e-4590-9a11-7d911c42564b,pulse_fast,Mike_2 Root,,,,,,,,,,
PULSE_TAKEN,175204,5/31/2023 8:28,97401484-055e-4590-9a11-7d911c42564b,pulse_fast,Mike_2 Root,,,,,,,,,,
TOOL_HOVER,177221,5/31/2023 8:28,97401484-055e-4590-9a11-7d911c42564b,Gauze,999,,,,,,,,,,
TOOL_HOVER,177238,5/31/2023 8:28,97401484-055e-4590-9a11-7d911c42564b,Gauze,999,,,,,,,,,,
TOOL_HOVER,177254,5/31/2023 8:28,97401484-055e-4590-9a11-7d911c42564b,Gauze,999,,,,,,,,,,
TOOL_HOVER,177270,5/31/2023 8:28,97401484-055e-4590-9a11-7d911c42564b,Gauze,999,,,,,,,,,,
TOOL_HOVER,177287,5/31/2023 8:28,97401484-055e-4590-9a11-7d911c42564b,Gauze,999,,,,,,,,,,
TOOL_HOVER,177307,5/31/2023 8:28,97401484-055e-4590-9a11-7d911c42564b,Gauze,999,,,,,,,,,,
TOOL_HOVER,177321,5/31/2023 8:28,97401484-055e-4590-9a11-7d911c42564b,Gauze,999,,,,,,,,,,
TOOL_HOVER,177337,5/31/2023 8:28,97401484-055e-4590-9a11-7d911c42564b,Gauze,999,,,,,,,,,,
TOOL_HOVER,177353,5/31/2023 8:28,97401484-055e-4590-9a11-7d911c42564b,Gauze,999,,,,,,,,,,
TOOL_HOVER,177370,5/31/2023 8:28,97401484-055e-4590-9a11-7d911c42564b,Gauze,999,,,,,,,,,,
TOOL_HOVER,177386,5/31/2023 8:28,97401484-055e-4590-9a11-7d911c42564b,Gauze,999,,,,,,,,,,
TOOL_SELECTED,177387,5/31/2023 8:28,97401484-055e-4590-9a11-7d911c42564b,Gauze,998,,,,,,,,,,
PULSE_TAKEN,177454,5/31/2023 8:28,97401484-055e-4590-9a11-7d911c42564b,pulse_fast,Mike_2 Root,,,,,,,,,,
TOOL_DISCARDED,179279,5/31/2023 8:28,97401484-055e-4590-9a11-7d911c42564b,Gauze,998,"(3.3, 0.4, -5.1)",,,,,,,,,
INJURY_TREATED,179279,5/31/2023 8:28,97401484-055e-4590-9a11-7d911c42564b,L Shoulder Puncture,Mike_2 Root,woundpack,medium,chest,FALSE,TRUE,"(3.3, 0.4, -5.0)",,,,
TOOL_APPLIED,179281,5/31/2023 8:28,97401484-055e-4590-9a11-7d911c42564b,Mike_2 Root,Gauze_Dressing,skinCollider_BodyCollideLOD (UnityEngine.GameObject),null,null,AppliedDressingGauze,,,,,,
PULSE_TAKEN,179295,5/31/2023 8:28,97401484-055e-4590-9a11-7d911c42564b,pulse_fast,Mike_2 Root,,,,,,,,,,
PULSE_TAKEN,182911,5/31/2023 8:29,97401484-055e-4590-9a11-7d911c42564b,pulse_fast,Mike_2 Root,,,,,,,,,,
TOOL_HOVER,184055,5/31/2023 8:29,97401484-055e-4590-9a11-7d911c42564b,Hemostatic Gauze,999,,,,,,,,,,
TOOL_HOVER,184071,5/31/2023 8:29,97401484-055e-4590-9a11-7d911c42564b,Hemostatic Gauze,999,,,,,,,,,,
TOOL_HOVER,184087,5/31/2023 8:29,97401484-055e-4590-9a11-7d911c42564b,Hemostatic Gauze,999,,,,,,,,,,
TOOL_HOVER,184104,5/31/2023 8:29,97401484-055e-4590-9a11-7d911c42564b,Hemostatic Gauze,999,,,,,,,,,,
TOOL_HOVER,184120,5/31/2023 8:29,97401484-055e-4590-9a11-7d911c42564b,Hemostatic Gauze,999,,,,,,,,,,
TOOL_HOVER,184137,5/31/2023 8:29,97401484-055e-4590-9a11-7d911c42564b,Hemostatic Gauze,999,,,,,,,,,,
TOOL_HOVER,184154,5/31/2023 8:29,97401484-055e-4590-9a11-7d911c42564b,Hemostatic Gauze,999,,,,,,,,,,
TOOL_HOVER,184176,5/31/2023 8:29,97401484-055e-4590-9a11-7d911c42564b,Hemostatic Gauze,999,,,,,,,,,,
TOOL_HOVER,184187,5/31/2023 8:29,97401484-055e-4590-9a11-7d911c42564b,Hemostatic Gauze,999,,,,,,,,,,
TOOL_HOVER,184203,5/31/2023 8:29,97401484-055e-4590-9a11-7d911c42564b,Hemostatic Gauze,999,,,,,,,,,,
TOOL_HOVER,184220,5/31/2023 8:29,97401484-055e-4590-9a11-7d911c42564b,Hemostatic Gauze,999,,,,,,,,,,
TOOL_HOVER,184237,5/31/2023 8:29,97401484-055e-4590-9a11-7d911c42564b,Hemostatic Gauze,999,,,,,,,,,,
TOOL_HOVER,184254,5/31/2023 8:29,97401484-055e-4590-9a11-7d911c42564b,Hemostatic Gauze,999,,,,,,,,,,
TOOL_HOVER,184269,5/31/2023 8:29,97401484-055e-4590-9a11-7d911c42564b,Hemostatic Gauze,999,,,,,,,,,,
TOOL_HOVER,184287,5/31/2023 8:29,97401484-055e-4590-9a11-7d911c42564b,Hemostatic Gauze,999,,,,,,,,,,
TOOL_HOVER,184303,5/31/2023 8:29,97401484-055e-4590-9a11-7d911c42564b,Hemostatic Gauze,999,,,,,,,,,,
TOOL_HOVER,184320,5/31/2023 8:29,97401484-055e-4590-9a11-7d911c42564b,Hemostatic Gauze,999,,,,,,,,,,
TOOL_HOVER,184336,5/31/2023 8:29,97401484-055e-4590-9a11-7d911c42564b,Hemostatic Gauze,999,,,,,,,,,,
TOOL_HOVER,184354,5/31/2023 8:29,97401484-055e-4590-9a11-7d911c42564b,Hemostatic Gauze,999,,,,,,,,,,
TOOL_HOVER,184371,5/31/2023 8:29,97401484-055e-4590-9a11-7d911c42564b,Hemostatic Gauze,999,,,,,,,,,,
TOOL_HOVER,184387,5/31/2023 8:29,97401484-055e-4590-9a11-7d911c42564b,Hemostatic Gauze,999,,,,,,,,,,
TOOL_HOVER,184404,5/31/2023 8:29,97401484-055e-4590-9a11-7d911c42564b,Hemostatic Gauze,999,,,,,,,,,,
TOOL_HOVER,184420,5/31/2023 8:29,97401484-055e-4590-9a11-7d911c42564b,Hemostatic Gauze,999,,,,,,,,,,
TOOL_HOVER,184437,5/31/2023 8:29,97401484-055e-4590-9a11-7d911c42564b,Hemostatic Gauze,999,,,,,,,,,,
TOOL_HOVER,184453,5/31/2023 8:29,97401484-055e-4590-9a11-7d911c42564b,Hemostatic Gauze,999,,,,,,,,,,
TOOL_HOVER,184470,5/31/2023 8:29,97401484-055e-4590-9a11-7d911c42564b,Hemostatic Gauze,999,,,,,,,,,,
TOOL_HOVER,184487,5/31/2023 8:29,97401484-055e-4590-9a11-7d911c42564b,Hemostatic Gauze,999,,,,,,,,,,
TOOL_HOVER,184504,5/31/2023 8:29,97401484-055e-4590-9a11-7d911c42564b,Hemostatic Gauze,999,,,,,,,,,,
TOOL_SELECTED,184504,5/31/2023 8:29,97401484-055e-4590-9a11-7d911c42564b,Hemostatic Gauze,998,,,,,,,,,,
PULSE_TAKEN,186298,5/31/2023 8:29,97401484-055e-4590-9a11-7d911c42564b,pulse_fast,Mike_2 Root,,,,,,,,,,
TOOL_DISCARDED,186415,5/31/2023 8:29,97401484-055e-4590-9a11-7d911c42564b,Hemostatic Gauze,998,"(3.3, 0.5, -5.1)",,,,,,,,,
INJURY_TREATED,186416,5/31/2023 8:29,97401484-055e-4590-9a11-7d911c42564b,L Shoulder Puncture,Mike_2 Root,woundpack,medium,chest,TRUE,TRUE,"(3.3, 0.4, -5.0)",,,,
TOOL_APPLIED,186416,5/31/2023 8:29,97401484-055e-4590-9a11-7d911c42564b,Mike_2 Root,Gauze_Pack,skinCollider_BodyCollideLOD (UnityEngine.GameObject),null,null,AppliedPackingGauze,,,,,,
PULSE_TAKEN,186851,5/31/2023 8:29,97401484-055e-4590-9a11-7d911c42564b,pulse_fast,Mike_2 Root,,,,,,,,,,
PULSE_TAKEN,186965,5/31/2023 8:29,97401484-055e-4590-9a11-7d911c42564b,pulse_fast,Mike_2 Root,,,,,,,,,,
PULSE_TAKEN,187066,5/31/2023 8:29,97401484-055e-4590-9a11-7d911c42564b,pulse_fast,Mike_2 Root,,,,,,,,,,
PULSE_TAKEN,187277,5/31/2023 8:29,97401484-055e-4590-9a11-7d911c42564b,pulse_fast,Mike_2 Root,,,,,,,,,,
PULSE_TAKEN,187995,5/31/2023 8:29,97401484-055e-4590-9a11-7d911c42564b,pulse_fast,Mike_2 Root,,,,,,,,,,
TAG_SELECTED,191475,5/31/2023 8:29,97401484-055e-4590-9a11-7d911c42564b,red,,,,,,,,,,,
PULSE_TAKEN,196215,5/31/2023 8:29,97401484-055e-4590-9a11-7d911c42564b,pulse_fast,Mike_2 Root,,,,,,,,,,
TAG_APPLIED,197601,5/31/2023 8:29,97401484-055e-4590-9a11-7d911c42564b,Mike_2 Root,red,,,,,,,,,,
PULSE_TAKEN,198017,5/31/2023 8:29,97401484-055e-4590-9a11-7d911c42564b,pulse_fast,Mike_2 Root,,,,,,,,,,
BAG_CLOSED,200262,5/31/2023 8:29,97401484-055e-4590-9a11-7d911c42564b,"(3.1, 0.4, -4.2)",,,,,,,,,,,
TELEPORT,200262,5/31/2023 8:29,97401484-055e-4590-9a11-7d911c42564b,"(2.4, 0.0, -3.5)",,,,,,,,,,,
TELEPORT,201689,5/31/2023 8:29,97401484-055e-4590-9a11-7d911c42564b,"(2.4, 0.0, -3.5)",,,,,,,,,,,
BAG_ACCESS,205688,5/31/2023 8:29,97401484-055e-4590-9a11-7d911c42564b,"(3.1, 0.7, -0.2)",,,,,,,,,,,
TAG_SELECTED,208036,5/31/2023 8:29,97401484-055e-4590-9a11-7d911c42564b,yellow,,,,,,,,,,,
PATIENT_ENGAGED,208235,5/31/2023 8:29,97401484-055e-4590-9a11-7d911c42564b,100,Infinity,Mike_1 Root,"(2.9, 0.0, 0.1)","(0.0, 0.7, 0.0, -0.7)",DELAYED,waver,normal,normal,normal,upset,recovery
TAG_APPLIED,209348,5/31/2023 8:29,97401484-055e-4590-9a11-7d911c42564b,Mike_1 Root,yellow,,,,,,,,,,
BAG_CLOSED,210737,5/31/2023 8:29,97401484-055e-4590-9a11-7d911c42564b,"(3.1, 0.7, -0.2)",,,,,,,,,,,
TELEPORT,210836,5/31/2023 8:29,97401484-055e-4590-9a11-7d911c42564b,"(2.2, 0.0, 0.2)",,,,,,,,,,,
PATIENT_ENGAGED,211942,5/31/2023 8:29,97401484-055e-4590-9a11-7d911c42564b,100,Infinity,Mike_0 Root,"(4.5, 0.0, -1.5)","(0.0, 0.4, 0.0, -0.9)",MINIMAL,walker,normal,normal,normal,upset,standing
PULSE_TAKEN,211958,5/31/2023 8:29,97401484-055e-4590-9a11-7d911c42564b,pulse_normal,Mike_0 Root,,,,,,,,,,
PULSE_TAKEN,215842,5/31/2023 8:29,97401484-055e-4590-9a11-7d911c42564b,pulse_normal,Mike_0 Root,,,,,,,,,,
PULSE_TAKEN,216343,5/31/2023 8:29,97401484-055e-4590-9a11-7d911c42564b,pulse_normal,Mike_0 Root,,,,,,,,,,
BAG_ACCESS,219313,5/31/2023 8:29,97401484-055e-4590-9a11-7d911c42564b,"(4.3, 0.7, -0.8)",,,,,,,,,,,
TOOL_HOVER,220011,5/31/2023 8:29,97401484-055e-4590-9a11-7d911c42564b,Gauze,999,,,,,,,,,,
TOOL_HOVER,220027,5/31/2023 8:29,97401484-055e-4590-9a11-7d911c42564b,Gauze,999,,,,,,,,,,
TOOL_HOVER,220044,5/31/2023 8:29,97401484-055e-4590-9a11-7d911c42564b,Gauze,999,,,,,,,,,,
TOOL_HOVER,220061,5/31/2023 8:29,97401484-055e-4590-9a11-7d911c42564b,Gauze,999,,,,,,,,,,
TOOL_HOVER,220077,5/31/2023 8:29,97401484-055e-4590-9a11-7d911c42564b,Gauze,999,,,,,,,,,,
TOOL_HOVER,220094,5/31/2023 8:29,97401484-055e-4590-9a11-7d911c42564b,Gauze,999,,,,,,,,,,
TOOL_HOVER,220111,5/31/2023 8:29,97401484-055e-4590-9a11-7d911c42564b,Gauze,999,,,,,,,,,,
TOOL_HOVER,220127,5/31/2023 8:29,97401484-055e-4590-9a11-7d911c42564b,Gauze,999,,,,,,,,,,
TOOL_HOVER,220144,5/31/2023 8:29,97401484-055e-4590-9a11-7d911c42564b,Gauze,999,,,,,,,,,,
TOOL_HOVER,220162,5/31/2023 8:29,97401484-055e-4590-9a11-7d911c42564b,Gauze,999,,,,,,,,,,
TOOL_HOVER,220182,5/31/2023 8:29,97401484-055e-4590-9a11-7d911c42564b,Gauze,999,,,,,,,,,,
TOOL_HOVER,220194,5/31/2023 8:29,97401484-055e-4590-9a11-7d911c42564b,Gauze,999,,,,,,,,,,
TOOL_HOVER,220211,5/31/2023 8:29,97401484-055e-4590-9a11-7d911c42564b,Gauze,999,,,,,,,,,,
TOOL_HOVER,220226,5/31/2023 8:29,97401484-055e-4590-9a11-7d911c42564b,Gauze,999,,,,,,,,,,
TOOL_HOVER,220244,5/31/2023 8:29,97401484-055e-4590-9a11-7d911c42564b,Gauze,999,,,,,,,,,,
TOOL_HOVER,220261,5/31/2023 8:29,97401484-055e-4590-9a11-7d911c42564b,Gauze,999,,,,,,,,,,
TOOL_HOVER,220277,5/31/2023 8:29,97401484-055e-4590-9a11-7d911c42564b,Gauze,999,,,,,,,,,,
TOOL_HOVER,220294,5/31/2023 8:29,97401484-055e-4590-9a11-7d911c42564b,Gauze,999,,,,,,,,,,
TOOL_HOVER,220311,5/31/2023 8:29,97401484-055e-4590-9a11-7d911c42564b,Gauze,999,,,,,,,,,,
TOOL_HOVER,220327,5/31/2023 8:29,97401484-055e-4590-9a11-7d911c42564b,Gauze,999,,,,,,,,,,
TOOL_HOVER,220344,5/31/2023 8:29,97401484-055e-4590-9a11-7d911c42564b,Gauze,999,,,,,,,,,,
TOOL_HOVER,220361,5/31/2023 8:29,97401484-055e-4590-9a11-7d911c42564b,Gauze,999,,,,,,,,,,
TOOL_SELECTED,220361,5/31/2023 8:29,97401484-055e-4590-9a11-7d911c42564b,Gauze,998,,,,,,,,,,
PULSE_TAKEN,221246,5/31/2023 8:29,97401484-055e-4590-9a11-7d911c42564b,pulse_normal,Mike_0 Root,,,,,,,,,,
TOOL_DISCARDED,221446,5/31/2023 8:29,97401484-055e-4590-9a11-7d911c42564b,Gauze,998,"(4.5, 1.1, -1.2)",,,,,,,,,
INJURY_TREATED,221446,5/31/2023 8:29,97401484-055e-4590-9a11-7d911c42564b,R Forearm Laceration,Mike_0 Root,gauzePressure,low,rightArm,TRUE,FALSE,"(4.5, 1.0, -1.2)",,,,
TOOL_APPLIED,221446,5/31/2023 8:29,97401484-055e-4590-9a11-7d911c42564b,Mike_0 Root,Gauze_Dressing,skinCollider_BodyCollideLOD (UnityEngine.GameObject),null,null,AppliedDressingGauze,,,,,,
BAG_CLOSED,223011,5/31/2023 8:29,97401484-055e-4590-9a11-7d911c42564b,"(4.3, 0.7, -0.8)",,,,,,,,,,,
BAG_ACCESS,225955,5/31/2023 8:29,97401484-055e-4590-9a11-7d911c42564b,"(4.9, 0.7, -0.9)",,,,,,,,,,,
TAG_SELECTED,226766,5/31/2023 8:29,97401484-055e-4590-9a11-7d911c42564b,green,,,,,,,,,,,
TAG_APPLIED,227735,5/31/2023 8:29,97401484-055e-4590-9a11-7d911c42564b,Mike_0 Root,green,,,,,,,,,,
BAG_CLOSED,228344,5/31/2023 8:29,97401484-055e-4590-9a11-7d911c42564b,"(4.9, 0.7, -0.9)",,,,,,,,,,,
SESSION_END,234224,5/31/2023 8:29,97401484-055e-4590-9a11-7d911c42564b,,,,,,,,,,,,
PATIENT_DEMOTED,248967,5/31/2023 8:30,97401484-055e-4590-9a11-7d911c42564b,100,Infinity,Bob_0 Root,"(-1.4, 0.0, 5.6)","(0.0, 0.7, 0.0, 0.7)",EXPECTANT,still,faint,restricted,none,unresponsive,supine
PATIENT_DEMOTED,249177,5/31/2023 8:30,97401484-055e-4590-9a11-7d911c42564b,100,Infinity,Bob_0 Root,"(-1.5, 0.0, 5.6)","(0.0, 0.7, 0.0, 0.7)",DEAD,still,none,none,none,dead,supine
PATIENT_DEMOTED,249309,5/31/2023 8:30,97401484-055e-4590-9a11-7d911c42564b,100,Infinity,Gary_1 Root,"(1.7, 0.0, 7.4)","(0.0, 1.0, 0.0, 0.0)",EXPECTANT,still,faint,restricted,none,unresponsive,supine
PATIENT_DEMOTED,250034,5/31/2023 8:30,97401484-055e-4590-9a11-7d911c42564b,100,Infinity,Lily_2 Root,"(2.8, 0.0, 4.3)","(0.0, 1.0, 0.0, 0.0)",IMMEDIATE,waver,fast,fast,normal,agony,fetal
PATIENT_DEMOTED,250713,5/31/2023 8:30,97401484-055e-4590-9a11-7d911c42564b,100,0,Gary_3 Root,"(0.4, 0.0, 1.6)","(0.0, 0.0, 0.0, 1.0)",IMMEDIATE,still,faint,collapsedRight,normal,unresponsive,supine
PATIENT_DEMOTED,251288,5/31/2023 8:30,97401484-055e-4590-9a11-7d911c42564b,100,Infinity,Lily_4 Root,"(1.2, 0.0, 6.3)","(0.0, 1.0, 0.0, 0.0)",IMMEDIATE,waver,fast,normal,normal,upset,fetal
PATIENT_DEMOTED,252178,5/31/2023 8:30,97401484-055e-4590-9a11-7d911c42564b,100,Infinity,Mike_5 Root,"(2.4, 0.0, 2.3)","(0.0, 1.0, 0.0, 0.0)",IMMEDIATE,waver,fast,normal,normal,upset,fetal
PATIENT_DEMOTED,252698,5/31/2023 8:30,97401484-055e-4590-9a11-7d911c42564b,100,Infinity,Gloria_6 Root,"(-1.0, 0.0, 2.9)","(0.0, 0.4, 0.0, 0.9)",DELAYED,waver,fast,normal,normal,upset,fetal
PATIENT_DEMOTED,253402,5/31/2023 8:30,97401484-055e-4590-9a11-7d911c42564b,100,Infinity,Mike_7 Root,"(1.7, 0.0, 3.9)","(0.0, 0.1, 0.0, 1.0)",IMMEDIATE,waver,fast,normal,normal,upset,sittingGround
PATIENT_DEMOTED,253778,5/31/2023 8:30,97401484-055e-4590-9a11-7d911c42564b,100,Infinity,Mike_7 Root,"(1.0, 0.0, 3.7)","(0.0, 0.1, 0.0, 1.0)",DELAYED,waver,fast,normal,normal,upset,sittingGround
SESSION_START,257715,5/31/2023 8:30,97401484-055e-4590-9a11-7d911c42564b,,,,,,,,,,,,
PATIENT_RECORD,257715,5/31/2023 8:30,97401484-055e-4590-9a11-7d911c42564b,100,Infinity,Bob_0 Root,"(-1.7, 0.0, 5.7)","(0.0, 0.7, 0.0, 0.7)",DEAD,still,none,none,none,dead,supine
INJURY_RECORD,257715,5/31/2023 8:30,97401484-055e-4590-9a11-7d911c42564b,Face Shrapnel,Bob_0 Root,airway,high,head,FALSE,FALSE,"(-1.6, 1.7, 5.6)",,,,
INJURY_RECORD,257715,5/31/2023 8:30,97401484-055e-4590-9a11-7d911c42564b,L Wrist Amputation,Bob_0 Root,tourniquet,high,leftArm,FALSE,FALSE,"(-1.7, 1.4, 6.3)",,,,
INJURY_RECORD,257715,5/31/2023 8:30,97401484-055e-4590-9a11-7d911c42564b,L Chest Collapse,Bob_0 Root,decompress,high,chest,FALSE,FALSE,"(0.0, 0.0, 0.0)",,,,
INJURY_RECORD,257715,5/31/2023 8:30,97401484-055e-4590-9a11-7d911c42564b,L Stomach Puncture,Bob_0 Root,woundpack,high,abdomen,FALSE,FALSE,"(-1.6, 1.1, 5.7)",,,,
INJURY_RECORD,257715,5/31/2023 8:30,97401484-055e-4590-9a11-7d911c42564b,R Shin Amputation,Bob_0 Root,tourniquet,high,rightLeg,FALSE,FALSE,"(-1.7, 0.4, 5.6)",,,,
INJURY_RECORD,257715,5/31/2023 8:30,97401484-055e-4590-9a11-7d911c42564b,L Thigh Laceration,Bob_0 Root,tourniquet,medium,leftLeg,FALSE,FALSE,"(-1.6, 0.7, 5.8)",,,,
PATIENT_RECORD,257715,5/31/2023 8:30,97401484-055e-4590-9a11-7d911c42564b,100,Infinity,Gary_1 Root,"(1.6, 0.0, 7.6)","(0.0, 1.0, 0.0, 0.0)",EXPECTANT,still,none,restricted,none,unresponsive,supine
INJURY_RECORD,257715,5/31/2023 8:30,97401484-055e-4590-9a11-7d911c42564b,Face Shrapnel,Gary_1 Root,airway,high,head,FALSE,FALSE,"(1.6, 1.7, 7.6)",,,,
PATIENT_RECORD,257715,5/31/2023 8:30,97401484-055e-4590-9a11-7d911c42564b,100,Infinity,Lily_2 Root,"(3.0, 0.0, 4.5)","(0.0, 1.0, 0.0, 0.0)",IMMEDIATE,waver,fast,fast,normal,agony,fetal
INJURY_RECORD,257715,5/31/2023 8:30,97401484-055e-4590-9a11-7d911c42564b,R Shin Amputation,Lily_2 Root,tourniquet,high,rightLeg,FALSE,FALSE,"(2.9, 0.4, 4.5)",,,,
PATIENT_RECORD,257715,5/31/2023 8:30,97401484-055e-4590-9a11-7d911c42564b,100,0,Gary_3 Root,"(0.4, 0.0, 1.7)","(0.0, 0.0, 0.0, 1.0)",IMMEDIATE,still,faint,collapsedRight,normal,unresponsive,supine
INJURY_RECORD,257715,5/31/2023 8:30,97401484-055e-4590-9a11-7d911c42564b,R Chest Collapse,Gary_3 Root,decompress,high,chest,FALSE,FALSE,"(0.0, 0.0, 0.0)",,,,
PATIENT_RECORD,257715,5/31/2023 8:30,97401484-055e-4590-9a11-7d911c42564b,100,Infinity,Lily_4 Root,"(1.2, 0.0, 6.2)","(0.0, 1.0, 0.0, 0.0)",IMMEDIATE,waver,fast,normal,normal,upset,fetal
INJURY_RECORD,257715,5/31/2023 8:30,97401484-055e-4590-9a11-7d911c42564b,L Side Puncture,Lily_4 Root,woundpack,medium,abdomen,FALSE,FALSE,"(1.3, 1.0, 6.2)",,,,
PATIENT_RECORD,257715,5/31/2023 8:30,97401484-055e-4590-9a11-7d911c42564b,100,Infinity,Mike_5 Root,"(2.7, 0.0, 2.3)","(0.0, 1.0, 0.0, 0.0)",IMMEDIATE,waver,fast,normal,normal,upset,fetal
INJURY_RECORD,257715,5/31/2023 8:30,97401484-055e-4590-9a11-7d911c42564b,R Side Puncture,Mike_5 Root,woundpack,medium,abdomen,FALSE,FALSE,"(2.6, 1.1, 2.2)",,,,
INJURY_RECORD,257715,5/31/2023 8:30,97401484-055e-4590-9a11-7d911c42564b,R Thigh Laceration,Mike_5 Root,tourniquet,medium,rightLeg,FALSE,FALSE,"(2.5, 0.6, 2.2)",,,,
PATIENT_RECORD,257715,5/31/2023 8:30,97401484-055e-4590-9a11-7d911c42564b,100,Infinity,Gloria_6 Root,"(-1.2, 0.0, 3.1)","(0.0, 0.4, 0.0, 0.9)",DELAYED,waver,fast,normal,normal,upset,fetal
INJURY_RECORD,257715,5/31/2023 8:30,97401484-055e-4590-9a11-7d911c42564b,R Calf Shrapnel,Gloria_6 Root,gauzePressure,medium,rightLeg,FALSE,FALSE,"(-1.1, 0.3, 3.0)",,,,
PATIENT_RECORD,257715,5/31/2023 8:30,97401484-055e-4590-9a11-7d911c42564b,100,Infinity,Mike_7 Root,"(1.3, 0.0, 3.4)","(0.0, 0.1, 0.0, 1.0)",DELAYED,waver,fast,normal,normal,upset,sittingGround
INJURY_RECORD,257715,5/31/2023 8:30,97401484-055e-4590-9a11-7d911c42564b,L Thigh Puncture,Mike_7 Root,tourniquet,medium,leftLeg,FALSE,FALSE,"(1.3, 0.6, 3.5)",,,,
INJURY_RECORD,257715,5/31/2023 8:30,97401484-055e-4590-9a11-7d911c42564b,R Calf Laceration,Mike_7 Root,gauzePressure,low,rightLeg,FALSE,FALSE,"(1.4, 0.3, 3.4)",,,,
PATIENT_RECORD,257715,5/31/2023 8:30,97401484-055e-4590-9a11-7d911c42564b,100,Infinity,Gloria_8 Root,"(3.7, 0.0, 6.0)","(0.0, 1.0, 0.0, 0.0)",MINIMAL,walker,normal,normal,normal,upset,sittingGround
INJURY_RECORD,257715,5/31/2023 8:30,97401484-055e-4590-9a11-7d911c42564b,L Forearm Laceration,Gloria_8 Root,gauzePressure,low,leftArm,FALSE,FALSE,"(4.2, 1.3, 6.0)",,,,
PATIENT_RECORD,257715,5/31/2023 8:30,97401484-055e-4590-9a11-7d911c42564b,100,0,Gary_9 Root,"(2.9, 0.0, 9.0)","(0.0, 1.0, 0.0, 0.0)",MINIMAL,walker,normal,normal,limited,calm,standing
INJURY_RECORD,257715,5/31/2023 8:30,97401484-055e-4590-9a11-7d911c42564b,Ear Bleed,Gary_9 Root,none,low,head,FALSE,FALSE,"(0.0, 0.0, 0.0)",,,,
PATIENT_RECORD,257715,5/31/2023 8:30,97401484-055e-4590-9a11-7d911c42564b,100,Infinity,Helga_10 Root,"(3.9, 0.0, 8.0)","(0.0, 1.0, 0.0, 0.0)",MINIMAL,walker,normal,normal,normal,calm,sittingGround
INJURY_RECORD,257715,5/31/2023 8:30,97401484-055e-4590-9a11-7d911c42564b,Forehead Scrape,Helga_10 Root,none,low,head,FALSE,FALSE,"(4.0, 1.5, 7.9)",,,,
VOICE_CAPTURE,267333,5/31/2023 8:30,97401484-055e-4590-9a11-7d911c42564b,wave,NA,,,,,,,,,,
VOICE_COMMAND,267333,5/31/2023 8:30,97401484-055e-4590-9a11-7d911c42564b,wave if you can,wave,,,,,,,,,,
S_A_L_T_WAVE_IF_CAN,267334,5/31/2023 8:30,97401484-055e-4590-9a11-7d911c42564b,"(3.0, 0.0, 4.5)",waveIfCan,Lily_2 Root,,,,,,,,,
S_A_L_T_WAVED,267334,5/31/2023 8:30,97401484-055e-4590-9a11-7d911c42564b,"(3.0, 0.0, 4.5)",waved,Lily_2 Root,,,,,,,,,
S_A_L_T_WAVE_IF_CAN,267334,5/31/2023 8:30,97401484-055e-4590-9a11-7d911c42564b,"(1.2, 0.0, 6.2)",waveIfCan,Lily_4 Root,,,,,,,,,
S_A_L_T_WAVED,267334,5/31/2023 8:30,97401484-055e-4590-9a11-7d911c42564b,"(1.2, 0.0, 6.2)",waved,Lily_4 Root,,,,,,,,,
S_A_L_T_WAVE_IF_CAN,267334,5/31/2023 8:30,97401484-055e-4590-9a11-7d911c42564b,"(2.7, 0.0, 2.3)",waveIfCan,Mike_5 Root,,,,,,,,,
S_A_L_T_WAVED,267334,5/31/2023 8:30,97401484-055e-4590-9a11-7d911c42564b,"(2.7, 0.0, 2.3)",waved,Mike_5 Root,,,,,,,,,
S_A_L_T_WAVE_IF_CAN,267334,5/31/2023 8:30,97401484-055e-4590-9a11-7d911c42564b,"(-1.2, 0.0, 3.1)",waveIfCan,Gloria_6 Root,,,,,,,,,
S_A_L_T_WAVED,267334,5/31/2023 8:30,97401484-055e-4590-9a11-7d911c42564b,"(-1.2, 0.0, 3.1)",waved,Gloria_6 Root,,,,,,,,,
S_A_L_T_WAVE_IF_CAN,267334,5/31/2023 8:30,97401484-055e-4590-9a11-7d911c42564b,"(1.3, 0.0, 3.4)",waveIfCan,Mike_7 Root,,,,,,,,,
S_A_L_T_WAVED,267334,5/31/2023 8:30,97401484-055e-4590-9a11-7d911c42564b,"(1.3, 0.0, 3.4)",waved,Mike_7 Root,,,,,,,,,
S_A_L_T_WAVE_IF_CAN,267334,5/31/2023 8:30,97401484-055e-4590-9a11-7d911c42564b,"(3.7, 0.0, 6.0)",waveIfCan,Gloria_8 Root,,,,,,,,,
S_A_L_T_WAVED,267335,5/31/2023 8:30,97401484-055e-4590-9a11-7d911c42564b,"(3.7, 0.0, 6.0)",waved,Gloria_8 Root,,,,,,,,,
S_A_L_T_WAVE_IF_CAN,267335,5/31/2023 8:30,97401484-055e-4590-9a11-7d911c42564b,"(3.9, 0.0, 8.0)",waveIfCan,Helga_10 Root,,,,,,,,,
S_A_L_T_WAVED,267335,5/31/2023 8:30,97401484-055e-4590-9a11-7d911c42564b,"(3.9, 0.0, 8.0)",waved,Helga_10 Root,,,,,,,,,
VOICE_CAPTURE,270701,5/31/2023 8:30,97401484-055e-4590-9a11-7d911c42564b,walk,NA,,,,,,,,,,
VOICE_COMMAND,270701,5/31/2023 8:30,97401484-055e-4590-9a11-7d911c42564b,walk to the safe area,walk,,,,,,,,,,
S_A_L_T_WALK_IF_CAN,270702,5/31/2023 8:30,97401484-055e-4590-9a11-7d911c42564b,"(3.0, 0.0, 4.5)",walkIfCan,Lily_2 Root,,,,,,,,,
S_A_L_T_WALK_IF_CAN,270703,5/31/2023 8:30,97401484-055e-4590-9a11-7d911c42564b,"(1.2, 0.0, 6.2)",walkIfCan,Lily_4 Root,,,,,,,,,
S_A_L_T_WALK_IF_CAN,270703,5/31/2023 8:30,97401484-055e-4590-9a11-7d911c42564b,"(2.7, 0.0, 2.3)",walkIfCan,Mike_5 Root,,,,,,,,,
S_A_L_T_WALK_IF_CAN,270703,5/31/2023 8:30,97401484-055e-4590-9a11-7d911c42564b,"(-1.2, 0.0, 3.1)",walkIfCan,Gloria_6 Root,,,,,,,,,
S_A_L_T_WALK_IF_CAN,270703,5/31/2023 8:30,97401484-055e-4590-9a11-7d911c42564b,"(1.3, 0.0, 3.4)",walkIfCan,Mike_7 Root,,,,,,,,,
S_A_L_T_WALK_IF_CAN,270703,5/31/2023 8:30,97401484-055e-4590-9a11-7d911c42564b,"(3.7, 0.0, 6.0)",walkIfCan,Gloria_8 Root,,,,,,,,,
S_A_L_T_WALKED,270703,5/31/2023 8:30,97401484-055e-4590-9a11-7d911c42564b,"(3.7, 0.0, 6.0)",walked,Gloria_8 Root,,,,,,,,,
S_A_L_T_WALK_IF_CAN,270703,5/31/2023 8:30,97401484-055e-4590-9a11-7d911c42564b,"(3.9, 0.0, 8.0)",walkIfCan,Helga_10 Root,,,,,,,,,
S_A_L_T_WALKED,270703,5/31/2023 8:30,97401484-055e-4590-9a11-7d911c42564b,"(3.9, 0.0, 8.0)",walked,Helga_10 Root,,,,,,,,,
TELEPORT,284506,5/31/2023 8:30,97401484-055e-4590-9a11-7d911c42564b,"(0.8, 0.0, -2.3)",,,,,,,,,,,
PULSE_TAKEN,290719,5/31/2023 8:30,97401484-055e-4590-9a11-7d911c42564b,pulse_none,Gary_1 Root,,,,,,,,,,
PATIENT_ENGAGED,294728,5/31/2023 8:30,97401484-055e-4590-9a11-7d911c42564b,100,Infinity,Gary_1 Root,"(1.6, 0.0, 7.6)","(0.0, 1.0, 0.0, 0.0)",EXPECTANT,still,none,restricted,none,unresponsive,supine
BAG_ACCESS,297023,5/31/2023 8:30,97401484-055e-4590-9a11-7d911c42564b,"(0.8, 0.4, 7.9)",,,,,,,,,,,
PULSE_TAKEN,299797,5/31/2023 8:30,97401484-055e-4590-9a11-7d911c42564b,pulse_none,Gary_1 Root,,,,,,,,,,
TAG_SELECTED,306407,5/31/2023 8:31,97401484-055e-4590-9a11-7d911c42564b,black,,,,,,,,,,,
TAG_APPLIED,307620,5/31/2023 8:31,97401484-055e-4590-9a11-7d911c42564b,Gary_1 Root,black,,,,,,,,,,
PATIENT_ENGAGED,309364,5/31/2023 8:31,97401484-055e-4590-9a11-7d911c42564b,100,Infinity,Lily_4 Root,"(1.2, 0.0, 6.2)","(0.0, 1.0, 0.0, 0.0)",IMMEDIATE,waver,fast,normal,normal,upset,fetal
PULSE_TAKEN,311031,5/31/2023 8:31,97401484-055e-4590-9a11-7d911c42564b,pulse_fast,Lily_4 Root,,,,,,,,,,
PULSE_TAKEN,312264,5/31/2023 8:31,97401484-055e-4590-9a11-7d911c42564b,pulse_fast,Lily_4 Root,,,,,,,,,,
TOOL_HOVER,314684,5/31/2023 8:31,97401484-055e-4590-9a11-7d911c42564b,Hemostatic Gauze,999,,,,,,,,,,
TOOL_HOVER,314700,5/31/2023 8:31,97401484-055e-4590-9a11-7d911c42564b,Hemostatic Gauze,999,,,,,,,,,,
TOOL_HOVER,314719,5/31/2023 8:31,97401484-055e-4590-9a11-7d911c42564b,Hemostatic Gauze,999,,,,,,,,,,
TOOL_HOVER,314731,5/31/2023 8:31,97401484-055e-4590-9a11-7d911c42564b,Hemostatic Gauze,999,,,,,,,,,,
TOOL_HOVER,314748,5/31/2023 8:31,97401484-055e-4590-9a11-7d911c42564b,Hemostatic Gauze,999,,,,,,,,,,
TOOL_HOVER,314767,5/31/2023 8:31,97401484-055e-4590-9a11-7d911c42564b,Hemostatic Gauze,999,,,,,,,,,,
TOOL_HOVER,314785,5/31/2023 8:31,97401484-055e-4590-9a11-7d911c42564b,Hemostatic Gauze,999,,,,,,,,,,
TOOL_SELECTED,314786,5/31/2023 8:31,97401484-055e-4590-9a11-7d911c42564b,Hemostatic Gauze,998,,,,,,,,,,
TOOL_DISCARDED,316247,5/31/2023 8:31,97401484-055e-4590-9a11-7d911c42564b,Hemostatic Gauze,998,"(0.9, 0.2, 6.4)",,,,,,,,,
INJURY_TREATED,316247,5/31/2023 8:31,97401484-055e-4590-9a11-7d911c42564b,L Side Puncture,Lily_4 Root,woundpack,medium,abdomen,TRUE,FALSE,"(0.9, 0.2, 6.5)",,,,
TOOL_APPLIED,316247,5/31/2023 8:31,97401484-055e-4590-9a11-7d911c42564b,Lily_4 Root,Gauze_Pack,skinCollider_BodyLOD (UnityEngine.GameObject),null,null,AppliedPackingGauze,,,,,,
PULSE_TAKEN,318025,5/31/2023 8:31,97401484-055e-4590-9a11-7d911c42564b,pulse_fast,Lily_4 Root,,,,,,,,,,
PULSE_TAKEN,319496,5/31/2023 8:31,97401484-055e-4590-9a11-7d911c42564b,pulse_fast,Lily_4 Root,,,,,,,,,,
VOICE_CAPTURE,319813,5/31/2023 8:31,97401484-055e-4590-9a11-7d911c42564b,modbutton groan,NA,,,,,,,,,,
VOICE_COMMAND,319813,5/31/2023 8:31,97401484-055e-4590-9a11-7d911c42564b,modbutton groan,modbutton groan,,,,,,,,,,
TAG_SELECTED,324030,5/31/2023 8:31,97401484-055e-4590-9a11-7d911c42564b,red,,,,,,,,,,,
TAG_APPLIED,325886,5/31/2023 8:31,97401484-055e-4590-9a11-7d911c42564b,Lily_4 Root,red,,,,,,,,,,
BAG_CLOSED,329426,5/31/2023 8:31,97401484-055e-4590-9a11-7d911c42564b,"(0.8, 0.4, 7.9)",,,,,,,,,,,
TELEPORT,329426,5/31/2023 8:31,97401484-055e-4590-9a11-7d911c42564b,"(0.3, 0.0, 5.8)",,,,,,,,,,,
PATIENT_ENGAGED,331785,5/31/2023 8:31,97401484-055e-4590-9a11-7d911c42564b,100,Infinity,Bob_0 Root,"(-1.7, 0.0, 5.7)","(0.0, 0.7, 0.0, 0.7)",DEAD,still,none,none,none,dead,supine
BAG_ACCESS,333932,5/31/2023 8:31,97401484-055e-4590-9a11-7d911c42564b,"(-1.1, 0.4, 5.5)",,,,,,,,,,,
PULSE_TAKEN,334565,5/31/2023 8:31,97401484-055e-4590-9a11-7d911c42564b,pulse_none,Bob_0 Root,,,,,,,,,,
TAG_SELECTED,334667,5/31/2023 8:31,97401484-055e-4590-9a11-7d911c42564b,black,,,,,,,,,,,
TAG_APPLIED,335771,5/31/2023 8:31,97401484-055e-4590-9a11-7d911c42564b,Bob_0 Root,black,,,,,,,,,,
PULSE_TAKEN,338162,5/31/2023 8:31,97401484-055e-4590-9a11-7d911c42564b,pulse_none,Bob_0 Root,,,,,,,,,,
BAG_CLOSED,340406,5/31/2023 8:31,97401484-055e-4590-9a11-7d911c42564b,"(-1.1, 0.4, 5.5)",,,,,,,,,,,
TELEPORT,340406,5/31/2023 8:31,97401484-055e-4590-9a11-7d911c42564b,"(-1.7, 0.0, 4.3)",,,,,,,,,,,
TELEPORT,341773,5/31/2023 8:31,97401484-055e-4590-9a11-7d911c42564b,"(-1.7, 0.0, 4.3)",,,,,,,,,,,
PATIENT_ENGAGED,344349,5/31/2023 8:31,97401484-055e-4590-9a11-7d911c42564b,100,Infinity,Gloria_6 Root,"(-1.2, 0.0, 3.1)","(0.0, 0.4, 0.0, 0.9)",DELAYED,waver,fast,normal,normal,upset,fetal
BAG_ACCESS,346353,5/31/2023 8:31,97401484-055e-4590-9a11-7d911c42564b,"(-1.6, 0.4, 3.7)",,,,,,,,,,,
PULSE_TAKEN,346989,5/31/2023 8:31,97401484-055e-4590-9a11-7d911c42564b,pulse_fast,Gloria_6 Root,,,,,,,,,,
PULSE_TAKEN,347665,5/31/2023 8:31,97401484-055e-4590-9a11-7d911c42564b,pulse_fast,Gloria_6 Root,,,,,,,,,,
TAG_SELECTED,352362,5/31/2023 8:31,97401484-055e-4590-9a11-7d911c42564b,yellow,,,,,,,,,,,
TAG_APPLIED,353329,5/31/2023 8:31,97401484-055e-4590-9a11-7d911c42564b,Gloria_6 Root,yellow,,,,,,,,,,
TAG_SELECTED,354395,5/31/2023 8:31,97401484-055e-4590-9a11-7d911c42564b,gray,,,,,,,,,,,
TAG_DISCARDED,354806,5/31/2023 8:31,97401484-055e-4590-9a11-7d911c42564b,gray,"(-1.8, 0.2, 4.0)",,,,,,,,,,
PATIENT_ENGAGED,358783,5/31/2023 8:31,97401484-055e-4590-9a11-7d911c42564b,100,Infinity,Mike_7 Root,"(1.3, 0.0, 3.4)","(0.0, 0.1, 0.0, 1.0)",DELAYED,waver,fast,normal,normal,upset,sittingGround
TOOL_HOVER,362391,5/31/2023 8:32,97401484-055e-4590-9a11-7d911c42564b,Tourniquet,998,,,,,,,,,,
TOOL_SELECTED,362391,5/31/2023 8:32,97401484-055e-4590-9a11-7d911c42564b,Tourniquet,997,,,,,,,,,,
INJURY_TREATED,363333,5/31/2023 8:32,97401484-055e-4590-9a11-7d911c42564b,L Thigh Puncture,Mike_7 Root,tourniquet,medium,leftLeg,TRUE,FALSE,"(0.7, 0.1, 3.5)",,,,
TOOL_APPLIED,363333,5/31/2023 8:32,97401484-055e-4590-9a11-7d911c42564b,Mike_7 Root,Tourniquet,LeftUpLeg (UnityEngine.GameObject),tor_ring (1) (UnityEngine.GameObject),tourniquet(Clone) (UnityEngine.GameObject),AppliedTourniquet,,,,,,
PULSE_TAKEN,365131,5/31/2023 8:32,97401484-055e-4590-9a11-7d911c42564b,pulse_fast,Mike_7 Root,,,,,,,,,,
PULSE_TAKEN,365231,5/31/2023 8:32,97401484-055e-4590-9a11-7d911c42564b,pulse_fast,Mike_7 Root,,,,,,,,,,
PULSE_TAKEN,365298,5/31/2023 8:32,97401484-055e-4590-9a11-7d911c42564b,pulse_fast,Mike_7 Root,,,,,,,,,,
PULSE_TAKEN,371645,5/31/2023 8:32,97401484-055e-4590-9a11-7d911c42564b,pulse_fast,Mike_7 Root,,,,,,,,,,
TAG_SELECTED,376437,5/31/2023 8:32,97401484-055e-4590-9a11-7d911c42564b,yellow,,,,,,,,,,,
TAG_APPLIED,377388,5/31/2023 8:32,97401484-055e-4590-9a11-7d911c42564b,Mike_7 Root,yellow,,,,,,,,,,
BAG_CLOSED,379027,5/31/2023 8:32,97401484-055e-4590-9a11-7d911c42564b,"(-1.6, 0.4, 3.7)",,,,,,,,,,,
TELEPORT,379027,5/31/2023 8:32,97401484-055e-4590-9a11-7d911c42564b,"(-1.7, 0.0, 4.3)",,,,,,,,,,,
TELEPORT,379627,5/31/2023 8:32,97401484-055e-4590-9a11-7d911c42564b,"(-1.7, 0.0, 4.3)",,,,,,,,,,,
PATIENT_ENGAGED,381508,5/31/2023 8:32,97401484-055e-4590-9a11-7d911c42564b,100,0,Gary_9 Root,"(2.9, 0.0, 9.0)","(0.0, 1.0, 0.0, 0.0)",MINIMAL,walker,normal,normal,limited,calm,standing
PULSE_TAKEN,384205,5/31/2023 8:32,97401484-055e-4590-9a11-7d911c42564b,pulse_normal,Gary_9 Root,,,,,,,,,,
TELEPORT,390915,5/31/2023 8:32,97401484-055e-4590-9a11-7d911c42564b,"(1.2, 0.0, 9.3)",,,,,,,,,,,
BAG_ACCESS,392127,5/31/2023 8:32,97401484-055e-4590-9a11-7d911c42564b,"(3.2, 0.7, 8.4)",,,,,,,,,,,
TAG_SELECTED,393097,5/31/2023 8:32,97401484-055e-4590-9a11-7d911c42564b,gray,,,,,,,,,,,
TAG_APPLIED,394214,5/31/2023 8:32,97401484-055e-4590-9a11-7d911c42564b,Gary_9 Root,gray,,,,,,,,,,
TOOL_HOVER,394705,5/31/2023 8:32,97401484-055e-4590-9a11-7d911c42564b,Gauze,999,,,,,,,,,,
TOOL_HOVER,394712,5/31/2023 8:32,97401484-055e-4590-9a11-7d911c42564b,Gauze,999,,,,,,,,,,
TOOL_HOVER,394730,5/31/2023 8:32,97401484-055e-4590-9a11-7d911c42564b,Gauze,999,,,,,,,,,,
TOOL_HOVER,394745,5/31/2023 8:32,97401484-055e-4590-9a11-7d911c42564b,Gauze,999,,,,,,,,,,
TOOL_HOVER,394763,5/31/2023 8:32,97401484-055e-4590-9a11-7d911c42564b,Gauze,999,,,,,,,,,,
PULSE_TAKEN,398559,5/31/2023 8:32,97401484-055e-4590-9a11-7d911c42564b,pulse_normal,Gary_9 Root,,,,,,,,,,
PULSE_TAKEN,399210,5/31/2023 8:32,97401484-055e-4590-9a11-7d911c42564b,pulse_normal,Gary_9 Root,,,,,,,,,,
VOICE_CAPTURE,400721,5/31/2023 8:32,97401484-055e-4590-9a11-7d911c42564b,show me,NA,,,,,,,,,,
VOICE_COMMAND,400721,5/31/2023 8:32,97401484-055e-4590-9a11-7d911c42564b,reveal injury,show me,,,,,,,,,,
TAG_SELECTED,401936,5/31/2023 8:32,97401484-055e-4590-9a11-7d911c42564b,yellow,,,,,,,,,,,
TAG_APPLIED,402603,5/31/2023 8:32,97401484-055e-4590-9a11-7d911c42564b,Gary_9 Root,yellow,,,,,,,,,,
TOOL_HOVER,402886,5/31/2023 8:32,97401484-055e-4590-9a11-7d911c42564b,Gauze,999,,,,,,,,,,
TOOL_HOVER,402903,5/31/2023 8:32,97401484-055e-4590-9a11-7d911c42564b,Gauze,999,,,,,,,,,,
TOOL_HOVER,402920,5/31/2023 8:32,97401484-055e-4590-9a11-7d911c42564b,Gauze,999,,,,,,,,,,
TOOL_HOVER,402937,5/31/2023 8:32,97401484-055e-4590-9a11-7d911c42564b,Gauze,999,,,,,,,,,,
TOOL_HOVER,402953,5/31/2023 8:32,97401484-055e-4590-9a11-7d911c42564b,Gauze,999,,,,,,,,,,
TOOL_HOVER,402970,5/31/2023 8:32,97401484-055e-4590-9a11-7d911c42564b,Gauze,999,,,,,,,,,,
BAG_CLOSED,411217,5/31/2023 8:32,97401484-055e-4590-9a11-7d911c42564b,"(3.2, 0.7, 8.4)",,,,,,,,,,,
TELEPORT,411217,5/31/2023 8:32,97401484-055e-4590-9a11-7d911c42564b,"(1.2, 0.0, 9.3)",,,,,,,,,,,
PATIENT_ENGAGED,414420,5/31/2023 8:32,97401484-055e-4590-9a11-7d911c42564b,100,Infinity,Lily_2 Root,"(3.0, 0.0, 4.5)","(0.0, 1.0, 0.0, 0.0)",IMMEDIATE,waver,fast,fast,normal,agony,fetal
BAG_ACCESS,418051,5/31/2023 8:32,97401484-055e-4590-9a11-7d911c42564b,"(3.8, 0.4, 4.2)",,,,,,,,,,,
TOOL_HOVER,420187,5/31/2023 8:32,97401484-055e-4590-9a11-7d911c42564b,Tourniquet,997,,,,,,,,,,
TOOL_HOVER,420203,5/31/2023 8:32,97401484-055e-4590-9a11-7d911c42564b,Tourniquet,997,,,,,,,,,,
TOOL_HOVER,420220,5/31/2023 8:32,97401484-055e-4590-9a11-7d911c42564b,Tourniquet,997,,,,,,,,,,
TOOL_HOVER,420237,5/31/2023 8:32,97401484-055e-4590-9a11-7d911c42564b,Tourniquet,997,,,,,,,,,,
TOOL_HOVER,420254,5/31/2023 8:32,97401484-055e-4590-9a11-7d911c42564b,Tourniquet,997,,,,,,,,,,
TOOL_HOVER,420270,5/31/2023 8:32,97401484-055e-4590-9a11-7d911c42564b,Tourniquet,997,,,,,,,,,,
TOOL_HOVER,420287,5/31/2023 8:32,97401484-055e-4590-9a11-7d911c42564b,Tourniquet,997,,,,,,,,,,
TOOL_HOVER,420311,5/31/2023 8:32,97401484-055e-4590-9a11-7d911c42564b,Tourniquet,997,,,,,,,,,,
TOOL_HOVER,420320,5/31/2023 8:32,97401484-055e-4590-9a11-7d911c42564b,Tourniquet,997,,,,,,,,,,
TOOL_HOVER,420337,5/31/2023 8:32,97401484-055e-4590-9a11-7d911c42564b,Tourniquet,997,,,,,,,,,,
TOOL_HOVER,420354,5/31/2023 8:32,97401484-055e-4590-9a11-7d911c42564b,Tourniquet,997,,,,,,,,,,
TOOL_HOVER,420371,5/31/2023 8:32,97401484-055e-4590-9a11-7d911c42564b,Tourniquet,997,,,,,,,,,,
TOOL_HOVER,420388,5/31/2023 8:32,97401484-055e-4590-9a11-7d911c42564b,Tourniquet,997,,,,,,,,,,
TOOL_SELECTED,420389,5/31/2023 8:32,97401484-055e-4590-9a11-7d911c42564b,Tourniquet,996,,,,,,,,,,
INJURY_TREATED,421104,5/31/2023 8:32,97401484-055e-4590-9a11-7d911c42564b,R Shin Amputation,Lily_2 Root,tourniquet,high,rightLeg,TRUE,FALSE,"(3.2, 0.1, 4.2)",,,,
TOOL_APPLIED,421104,5/31/2023 8:32,97401484-055e-4590-9a11-7d911c42564b,Lily_2 Root,Tourniquet,RightUpLeg (UnityEngine.GameObject),tor_ring (1) (UnityEngine.GameObject),tourniquet(Clone) (UnityEngine.GameObject),AppliedTourniquet,,,,,,
PULSE_TAKEN,421762,5/31/2023 8:32,97401484-055e-4590-9a11-7d911c42564b,pulse_fast,Lily_2 Root,,,,,,,,,,
PULSE_TAKEN,422078,5/31/2023 8:32,97401484-055e-4590-9a11-7d911c42564b,pulse_fast,Lily_2 Root,,,,,,,,,,
BAG_CLOSED,426757,5/31/2023 8:33,97401484-055e-4590-9a11-7d911c42564b,"(3.8, 0.4, 4.2)",,,,,,,,,,,
TOOL_HOVER,430838,5/31/2023 8:33,97401484-055e-4590-9a11-7d911c42564b,Gauze,999,,,,,,,,,,
TOOL_HOVER,430855,5/31/2023 8:33,97401484-055e-4590-9a11-7d911c42564b,Gauze,999,,,,,,,,,,
TOOL_HOVER,430872,5/31/2023 8:33,97401484-055e-4590-9a11-7d911c42564b,Gauze,999,,,,,,,,,,
TOOL_HOVER,430888,5/31/2023 8:33,97401484-055e-4590-9a11-7d911c42564b,Gauze,999,,,,,,,,,,
TOOL_HOVER,430927,5/31/2023 8:33,97401484-055e-4590-9a11-7d911c42564b,Gauze,999,,,,,,,,,,
BAG_ACCESS,431588,5/31/2023 8:33,97401484-055e-4590-9a11-7d911c42564b,"(3.6, 0.4, 4.3)",,,,,,,,,,,
TAG_SELECTED,432171,5/31/2023 8:33,97401484-055e-4590-9a11-7d911c42564b,red,,,,,,,,,,,
TAG_APPLIED,433750,5/31/2023 8:33,97401484-055e-4590-9a11-7d911c42564b,Lily_2 Root,red,,,,,,,,,,
PULSE_TAKEN,434196,5/31/2023 8:33,97401484-055e-4590-9a11-7d911c42564b,pulse_fast,Lily_2 Root,,,,,,,,,,
PULSE_TAKEN,434328,5/31/2023 8:33,97401484-055e-4590-9a11-7d911c42564b,pulse_fast,Lily_2 Root,,,,,,,,,,
PULSE_TAKEN,435151,5/31/2023 8:33,97401484-055e-4590-9a11-7d911c42564b,pulse_fast,Lily_2 Root,,,,,,,,,,
BAG_CLOSED,436543,5/31/2023 8:33,97401484-055e-4590-9a11-7d911c42564b,"(3.6, 0.4, 4.3)",,,,,,,,,,,
TELEPORT,436544,5/31/2023 8:33,97401484-055e-4590-9a11-7d911c42564b,"(0.6, 0.0, 6.4)",,,,,,,,,,,
PATIENT_ENGAGED,437765,5/31/2023 8:33,97401484-055e-4590-9a11-7d911c42564b,100,Infinity,Mike_5 Root,"(2.7, 0.0, 2.3)","(0.0, 1.0, 0.0, 0.0)",IMMEDIATE,waver,fast,normal,normal,upset,fetal
PULSE_TAKEN,439471,5/31/2023 8:33,97401484-055e-4590-9a11-7d911c42564b,pulse_fast,Mike_5 Root,,,,,,,,,,
BAG_ACCESS,441788,5/31/2023 8:33,97401484-055e-4590-9a11-7d911c42564b,"(3.0, 0.4, 2.9)",,,,,,,,,,,
TOOL_HOVER,442988,5/31/2023 8:33,97401484-055e-4590-9a11-7d911c42564b,Gauze,999,,,,,,,,,,
TOOL_HOVER,443004,5/31/2023 8:33,97401484-055e-4590-9a11-7d911c42564b,Gauze,999,,,,,,,,,,
TOOL_HOVER,443022,5/31/2023 8:33,97401484-055e-4590-9a11-7d911c42564b,Gauze,999,,,,,,,,,,
TOOL_HOVER,443038,5/31/2023 8:33,97401484-055e-4590-9a11-7d911c42564b,Gauze,999,,,,,,,,,,
TOOL_HOVER,443055,5/31/2023 8:33,97401484-055e-4590-9a11-7d911c42564b,Gauze,999,,,,,,,,,,
TOOL_HOVER,443072,5/31/2023 8:33,97401484-055e-4590-9a11-7d911c42564b,Gauze,999,,,,,,,,,,
TOOL_HOVER,443088,5/31/2023 8:33,97401484-055e-4590-9a11-7d911c42564b,Gauze,999,,,,,,,,,,
TOOL_HOVER,443105,5/31/2023 8:33,97401484-055e-4590-9a11-7d911c42564b,Gauze,999,,,,,,,,,,
TOOL_HOVER,443122,5/31/2023 8:33,97401484-055e-4590-9a11-7d911c42564b,Gauze,999,,,,,,,,,,
TOOL_HOVER,443138,5/31/2023 8:33,97401484-055e-4590-9a11-7d911c42564b,Gauze,999,,,,,,,,,,
TOOL_HOVER,443155,5/31/2023 8:33,97401484-055e-4590-9a11-7d911c42564b,Gauze,999,,,,,,,,,,
TOOL_HOVER,443171,5/31/2023 8:33,97401484-055e-4590-9a11-7d911c42564b,Gauze,999,,,,,,,,,,
TOOL_HOVER,443188,5/31/2023 8:33,97401484-055e-4590-9a11-7d911c42564b,Tourniquet,996,,,,,,,,,,
TOOL_HOVER,443207,5/31/2023 8:33,97401484-055e-4590-9a11-7d911c42564b,Tourniquet,996,,,,,,,,,,
TOOL_HOVER,443222,5/31/2023 8:33,97401484-055e-4590-9a11-7d911c42564b,Tourniquet,996,,,,,,,,,,
TOOL_HOVER,443238,5/31/2023 8:33,97401484-055e-4590-9a11-7d911c42564b,Tourniquet,996,,,,,,,,,,
TOOL_HOVER,443256,5/31/2023 8:33,97401484-055e-4590-9a11-7d911c42564b,Tourniquet,996,,,,,,,,,,
TOOL_HOVER,443272,5/31/2023 8:33,97401484-055e-4590-9a11-7d911c42564b,Tourniquet,996,,,,,,,,,,
TOOL_HOVER,443288,5/31/2023 8:33,97401484-055e-4590-9a11-7d911c42564b,Gauze,999,,,,,,,,,,
TOOL_HOVER,443306,5/31/2023 8:33,97401484-055e-4590-9a11-7d911c42564b,Gauze,999,,,,,,,,,,
TOOL_SELECTED,443307,5/31/2023 8:33,97401484-055e-4590-9a11-7d911c42564b,Gauze,998,,,,,,,,,,
TOOL_DISCARDED,444021,5/31/2023 8:33,97401484-055e-4590-9a11-7d911c42564b,Gauze,998,"(2.9, 0.3, 2.3)",,,,,,,,,
TOOL_APPLIED,444022,5/31/2023 8:33,97401484-055e-4590-9a11-7d911c42564b,Mike_5 Root,Gauze_Dressing,skinCollider_BodyCollideLOD (UnityEngine.GameObject),null,null,AppliedDressingGauze,,,,,,
PULSE_TAKEN,444071,5/31/2023 8:33,97401484-055e-4590-9a11-7d911c42564b,pulse_fast,Mike_5 Root,,,,,,,,,,
TOOL_HOVER,444891,5/31/2023 8:33,97401484-055e-4590-9a11-7d911c42564b,Tourniquet,996,,,,,,,,,,
TOOL_HOVER,444908,5/31/2023 8:33,97401484-055e-4590-9a11-7d911c42564b,Tourniquet,996,,,,,,,,,,
TOOL_HOVER,444925,5/31/2023 8:33,97401484-055e-4590-9a11-7d911c42564b,Tourniquet,996,,,,,,,,,,
TOOL_HOVER,444941,5/31/2023 8:33,97401484-055e-4590-9a11-7d911c42564b,Tourniquet,996,,,,,,,,,,
TOOL_HOVER,444958,5/31/2023 8:33,97401484-055e-4590-9a11-7d911c42564b,Tourniquet,996,,,,,,,,,,
TOOL_HOVER,444974,5/31/2023 8:33,97401484-055e-4590-9a11-7d911c42564b,Tourniquet,996,,,,,,,,,,
TOOL_HOVER,444991,5/31/2023 8:33,97401484-055e-4590-9a11-7d911c42564b,Tourniquet,996,,,,,,,,,,
TOOL_HOVER,445007,5/31/2023 8:33,97401484-055e-4590-9a11-7d911c42564b,Tourniquet,996,,,,,,,,,,
TOOL_HOVER,445025,5/31/2023 8:33,97401484-055e-4590-9a11-7d911c42564b,Tourniquet,996,,,,,,,,,,
TOOL_HOVER,445042,5/31/2023 8:33,97401484-055e-4590-9a11-7d911c42564b,Tourniquet,996,,,,,,,,,,
TOOL_SELECTED,445042,5/31/2023 8:33,97401484-055e-4590-9a11-7d911c42564b,Tourniquet,995,,,,,,,,,,
INJURY_TREATED,445716,5/31/2023 8:33,97401484-055e-4590-9a11-7d911c42564b,R Thigh Laceration,Mike_5 Root,tourniquet,medium,rightLeg,TRUE,FALSE,"(3.0, 0.3, 2.2)",,,,
TOOL_APPLIED,445716,5/31/2023 8:33,97401484-055e-4590-9a11-7d911c42564b,Mike_5 Root,Tourniquet,RightUpLeg (UnityEngine.GameObject),tor_ring (1) (UnityEngine.GameObject),tourniquet(Clone) (UnityEngine.GameObject),AppliedTourniquet,,,,,,
PULSE_TAKEN,445765,5/31/2023 8:33,97401484-055e-4590-9a11-7d911c42564b,pulse_fast,Mike_5 Root,,,,,,,,,,
TOOL_HOVER,447387,5/31/2023 8:33,97401484-055e-4590-9a11-7d911c42564b,Hemostatic Gauze,999,,,,,,,,,,
TOOL_HOVER,447404,5/31/2023 8:33,97401484-055e-4590-9a11-7d911c42564b,Hemostatic Gauze,999,,,,,,,,,,
TOOL_HOVER,447420,5/31/2023 8:33,97401484-055e-4590-9a11-7d911c42564b,Hemostatic Gauze,999,,,,,,,,,,
TOOL_HOVER,447437,5/31/2023 8:33,97401484-055e-4590-9a11-7d911c42564b,Hemostatic Gauze,999,,,,,,,,,,
TOOL_HOVER,447454,5/31/2023 8:33,97401484-055e-4590-9a11-7d911c42564b,Hemostatic Gauze,999,,,,,,,,,,
TOOL_HOVER,447470,5/31/2023 8:33,97401484-055e-4590-9a11-7d911c42564b,Hemostatic Gauze,999,,,,,,,,,,
TOOL_HOVER,447487,5/31/2023 8:33,97401484-055e-4590-9a11-7d911c42564b,Hemostatic Gauze,999,,,,,,,,,,
TOOL_HOVER,447504,5/31/2023 8:33,97401484-055e-4590-9a11-7d911c42564b,Hemostatic Gauze,999,,,,,,,,,,
TOOL_HOVER,447520,5/31/2023 8:33,97401484-055e-4590-9a11-7d911c42564b,Hemostatic Gauze,999,,,,,,,,,,
TOOL_HOVER,447537,5/31/2023 8:33,97401484-055e-4590-9a11-7d911c42564b,Hemostatic Gauze,999,,,,,,,,,,
TOOL_HOVER,447553,5/31/2023 8:33,97401484-055e-4590-9a11-7d911c42564b,Hemostatic Gauze,999,,,,,,,,,,
TOOL_HOVER,447570,5/31/2023 8:33,97401484-055e-4590-9a11-7d911c42564b,Hemostatic Gauze,999,,,,,,,,,,
TOOL_SELECTED,447571,5/31/2023 8:33,97401484-055e-4590-9a11-7d911c42564b,Hemostatic Gauze,998,,,,,,,,,,
TOOL_DISCARDED,448659,5/31/2023 8:33,97401484-055e-4590-9a11-7d911c42564b,Hemostatic Gauze,998,"(3.1, 0.3, 2.5)",,,,,,,,,
INJURY_TREATED,448659,5/31/2023 8:33,97401484-055e-4590-9a11-7d911c42564b,R Side Puncture,Mike_5 Root,woundpack,medium,abdomen,TRUE,FALSE,"(3.1, 0.3, 2.5)",,,,
TOOL_APPLIED,448659,5/31/2023 8:33,97401484-055e-4590-9a11-7d911c42564b,Mike_5 Root,Gauze_Pack,skinCollider_BodyCollideLOD (UnityEngine.GameObject),null,null,AppliedPackingGauze,,,,,,
TOOL_HOVER,449585,5/31/2023 8:33,97401484-055e-4590-9a11-7d911c42564b,Hemostatic Gauze,999,,,,,,,,,,
TOOL_HOVER,449602,5/31/2023 8:33,97401484-055e-4590-9a11-7d911c42564b,Hemostatic Gauze,999,,,,,,,,,,
TOOL_HOVER,449619,5/31/2023 8:33,97401484-055e-4590-9a11-7d911c42564b,Hemostatic Gauze,999,,,,,,,,,,
TOOL_HOVER,449635,5/31/2023 8:33,97401484-055e-4590-9a11-7d911c42564b,Hemostatic Gauze,999,,,,,,,,,,
TOOL_HOVER,449652,5/31/2023 8:33,97401484-055e-4590-9a11-7d911c42564b,Hemostatic Gauze,999,,,,,,,,,,
TOOL_HOVER,449668,5/31/2023 8:33,97401484-055e-4590-9a11-7d911c42564b,Hemostatic Gauze,999,,,,,,,,,,
TOOL_HOVER,449685,5/31/2023 8:33,97401484-055e-4590-9a11-7d911c42564b,Hemostatic Gauze,999,,,,,,,,,,
TOOL_HOVER,449702,5/31/2023 8:33,97401484-055e-4590-9a11-7d911c42564b,Hemostatic Gauze,999,,,,,,,,,,
TOOL_HOVER,449719,5/31/2023 8:33,97401484-055e-4590-9a11-7d911c42564b,Hemostatic Gauze,999,,,,,,,,,,
TOOL_HOVER,449735,5/31/2023 8:33,97401484-055e-4590-9a11-7d911c42564b,Hemostatic Gauze,999,,,,,,,,,,
TOOL_HOVER,449756,5/31/2023 8:33,97401484-055e-4590-9a11-7d911c42564b,Hemostatic Gauze,999,,,,,,,,,,
TOOL_HOVER,449768,5/31/2023 8:33,97401484-055e-4590-9a11-7d911c42564b,Hemostatic Gauze,999,,,,,,,,,,
TOOL_SELECTED,449768,5/31/2023 8:33,97401484-055e-4590-9a11-7d911c42564b,Hemostatic Gauze,998,,,,,,,,,,
TOOL_DISCARDED,450595,5/31/2023 8:33,97401484-055e-4590-9a11-7d911c42564b,Hemostatic Gauze,998,"(3.1, 0.2, 2.5)",,,,,,,,,
INJURY_TREATED,450595,5/31/2023 8:33,97401484-055e-4590-9a11-7d911c42564b,R Side Puncture,Mike_5 Root,woundpack,medium,abdomen,TRUE,FALSE,"(3.1, 0.3, 2.5)",,,,
TOOL_APPLIED,450596,5/31/2023 8:33,97401484-055e-4590-9a11-7d911c42564b,Mike_5 Root,Gauze_Pack,skinCollider_BodyCollideLOD (UnityEngine.GameObject),null,null,AppliedPackingGauze,,,,,,
TAG_SELECTED,457748,5/31/2023 8:33,97401484-055e-4590-9a11-7d911c42564b,red,,,,,,,,,,,
TAG_APPLIED,459114,5/31/2023 8:33,97401484-055e-4590-9a11-7d911c42564b,Mike_5 Root,red,,,,,,,,,,
BAG_CLOSED,461088,5/31/2023 8:33,97401484-055e-4590-9a11-7d911c42564b,"(3.0, 0.4, 2.9)",,,,,,,,,,,
TELEPORT,461088,5/31/2023 8:33,97401484-055e-4590-9a11-7d911c42564b,"(-0.4, 0.0, 5.4)",,,,,,,,,,,
PATIENT_ENGAGED,463089,5/31/2023 8:33,97401484-055e-4590-9a11-7d911c42564b,100,0,Gary_3 Root,"(0.4, 0.0, 1.7)","(0.0, 0.0, 0.0, 1.0)",IMMEDIATE,still,faint,collapsedRight,normal,unresponsive,supine
BAG_ACCESS,465010,5/31/2023 8:33,97401484-055e-4590-9a11-7d911c42564b,"(1.1, 0.4, 1.5)",,,,,,,,,,,
TOOL_HOVER,465679,5/31/2023 8:33,97401484-055e-4590-9a11-7d911c42564b,Needle,998,,,,,,,,,,
TOOL_HOVER,465695,5/31/2023 8:33,97401484-055e-4590-9a11-7d911c42564b,Needle,998,,,,,,,,,,
TOOL_HOVER,465712,5/31/2023 8:33,97401484-055e-4590-9a11-7d911c42564b,Needle,998,,,,,,,,,,
TOOL_HOVER,465728,5/31/2023 8:33,97401484-055e-4590-9a11-7d911c42564b,Needle,998,,,,,,,,,,
TOOL_HOVER,465745,5/31/2023 8:33,97401484-055e-4590-9a11-7d911c42564b,Needle,998,,,,,,,,,,
TOOL_HOVER,465762,5/31/2023 8:33,97401484-055e-4590-9a11-7d911c42564b,Needle,998,,,,,,,,,,
TOOL_SELECTED,465763,5/31/2023 8:33,97401484-055e-4590-9a11-7d911c42564b,Needle,997,,,,,,,,,,
TOOL_DISCARDED,466610,5/31/2023 8:33,97401484-055e-4590-9a11-7d911c42564b,Needle,997,"(1.0, 0.2, 1.3)",,,,,,,,,
PULSE_TAKEN,468182,5/31/2023 8:33,97401484-055e-4590-9a11-7d911c42564b,pulse_faint,Gary_3 Root,,,,,,,,,,
TOOL_HOVER,470388,5/31/2023 8:33,97401484-055e-4590-9a11-7d911c42564b,Needle,998,,,,,,,,,,
TOOL_HOVER,470404,5/31/2023 8:33,97401484-055e-4590-9a11-7d911c42564b,Needle,998,,,,,,,,,,
TOOL_HOVER,470420,5/31/2023 8:33,97401484-055e-4590-9a11-7d911c42564b,Needle,998,,,,,,,,,,
TOOL_HOVER,470495,5/31/2023 8:33,97401484-055e-4590-9a11-7d911c42564b,Needle,998,,,,,,,,,,
TOOL_SELECTED,470495,5/31/2023 8:33,97401484-055e-4590-9a11-7d911c42564b,Needle,997,,,,,,,,,,
PULSE_TAKEN,473078,5/31/2023 8:33,97401484-055e-4590-9a11-7d911c42564b,pulse_faint,Gary_3 Root,,,,,,,,,,
TOOL_DISCARDED,474387,5/31/2023 8:33,97401484-055e-4590-9a11-7d911c42564b,Needle,997,"(1.0, 0.2, 1.3)",,,,,,,,,
PULSE_TAKEN,477669,5/31/2023 8:33,97401484-055e-4590-9a11-7d911c42564b,pulse_faint,Gary_3 Root,,,,,,,,,,
TOOL_HOVER,480979,5/31/2023 8:33,97401484-055e-4590-9a11-7d911c42564b,Needle,998,,,,,,,,,,
TOOL_HOVER,480996,5/31/2023 8:33,97401484-055e-4590-9a11-7d911c42564b,Needle,998,,,,,,,,,,
TOOL_HOVER,481012,5/31/2023 8:33,97401484-055e-4590-9a11-7d911c42564b,Needle,998,,,,,,,,,,
TOOL_HOVER,481029,5/31/2023 8:33,97401484-055e-4590-9a11-7d911c42564b,Needle,998,,,,,,,,,,
TOOL_HOVER,481046,5/31/2023 8:33,97401484-055e-4590-9a11-7d911c42564b,Needle,998,,,,,,,,,,
TOOL_HOVER,481062,5/31/2023 8:33,97401484-055e-4590-9a11-7d911c42564b,Needle,998,,,,,,,,,,
TOOL_HOVER,481079,5/31/2023 8:33,97401484-055e-4590-9a11-7d911c42564b,Needle,998,,,,,,,,,,
TOOL_HOVER,481095,5/31/2023 8:33,97401484-055e-4590-9a11-7d911c42564b,Needle,998,,,,,,,,,,
TOOL_HOVER,481113,5/31/2023 8:33,97401484-055e-4590-9a11-7d911c42564b,Needle,998,,,,,,,,,,
TOOL_HOVER,481129,5/31/2023 8:33,97401484-055e-4590-9a11-7d911c42564b,Needle,998,,,,,,,,,,
TOOL_HOVER,481146,5/31/2023 8:33,97401484-055e-4590-9a11-7d911c42564b,Needle,998,,,,,,,,,,
TOOL_HOVER,481162,5/31/2023 8:33,97401484-055e-4590-9a11-7d911c42564b,Needle,998,,,,,,,,,,
TOOL_HOVER,481178,5/31/2023 8:33,97401484-055e-4590-9a11-7d911c42564b,Needle,998,,,,,,,,,,
TOOL_HOVER,481195,5/31/2023 8:33,97401484-055e-4590-9a11-7d911c42564b,Needle,998,,,,,,,,,,
TOOL_SELECTED,481196,5/31/2023 8:33,97401484-055e-4590-9a11-7d911c42564b,Needle,997,,,,,,,,,,
TOOL_DISCARDED,483000,5/31/2023 8:34,97401484-055e-4590-9a11-7d911c42564b,Needle,997,"(1.0, 0.3, 1.2)",,,,,,,,,
PULSE_TAKEN,483054,5/31/2023 8:34,97401484-055e-4590-9a11-7d911c42564b,pulse_faint,Gary_3 Root,,,,,,,,,,
TOOL_HOVER,485090,5/31/2023 8:34,97401484-055e-4590-9a11-7d911c42564b,Needle,998,,,,,,,,,,
TOOL_HOVER,485106,5/31/2023 8:34,97401484-055e-4590-9a11-7d911c42564b,Needle,998,,,,,,,,,,
TOOL_HOVER,485123,5/31/2023 8:34,97401484-055e-4590-9a11-7d911c42564b,Needle,998,,,,,,,,,,
TOOL_HOVER,485140,5/31/2023 8:34,97401484-055e-4590-9a11-7d911c42564b,Needle,998,,,,,,,,,,
TOOL_HOVER,485156,5/31/2023 8:34,97401484-055e-4590-9a11-7d911c42564b,Needle,998,,,,,,,,,,
TOOL_HOVER,485172,5/31/2023 8:34,97401484-055e-4590-9a11-7d911c42564b,Needle,998,,,,,,,,,,
TOOL_HOVER,485190,5/31/2023 8:34,97401484-055e-4590-9a11-7d911c42564b,Needle,998,,,,,,,,,,
TOOL_HOVER,485207,5/31/2023 8:34,97401484-055e-4590-9a11-7d911c42564b,Needle,998,,,,,,,,,,
TOOL_SELECTED,485207,5/31/2023 8:34,97401484-055e-4590-9a11-7d911c42564b,Needle,997,,,,,,,,,,
TOOL_DISCARDED,487180,5/31/2023 8:34,97401484-055e-4590-9a11-7d911c42564b,Needle,997,"(1.0, 0.1, 1.5)",,,,,,,,,
PULSE_TAKEN,495812,5/31/2023 8:34,97401484-055e-4590-9a11-7d911c42564b,pulse_faint,Gary_3 Root,,,,,,,,,,
TOOL_HOVER,496588,5/31/2023 8:34,97401484-055e-4590-9a11-7d911c42564b,Needle,998,,,,,,,,,,
TOOL_HOVER,496604,5/31/2023 8:34,97401484-055e-4590-9a11-7d911c42564b,Needle,998,,,,,,,,,,
TOOL_HOVER,496621,5/31/2023 8:34,97401484-055e-4590-9a11-7d911c42564b,Needle,998,,,,,,,,,,
TOOL_HOVER,496637,5/31/2023 8:34,97401484-055e-4590-9a11-7d911c42564b,Needle,998,,,,,,,,,,
TOOL_HOVER,496654,5/31/2023 8:34,97401484-055e-4590-9a11-7d911c42564b,Needle,998,,,,,,,,,,
TOOL_HOVER,496671,5/31/2023 8:34,97401484-055e-4590-9a11-7d911c42564b,Needle,998,,,,,,,,,,
TOOL_HOVER,496687,5/31/2023 8:34,97401484-055e-4590-9a11-7d911c42564b,Needle,998,,,,,,,,,,
TOOL_HOVER,496704,5/31/2023 8:34,97401484-055e-4590-9a11-7d911c42564b,Needle,998,,,,,,,,,,
TOOL_HOVER,496720,5/31/2023 8:34,97401484-055e-4590-9a11-7d911c42564b,Needle,998,,,,,,,,,,
TOOL_HOVER,496737,5/31/2023 8:34,97401484-055e-4590-9a11-7d911c42564b,Needle,998,,,,,,,,,,
TOOL_HOVER,496753,5/31/2023 8:34,97401484-055e-4590-9a11-7d911c42564b,Needle,998,,,,,,,,,,
TOOL_HOVER,496770,5/31/2023 8:34,97401484-055e-4590-9a11-7d911c42564b,Needle,998,,,,,,,,,,
TOOL_HOVER,496787,5/31/2023 8:34,97401484-055e-4590-9a11-7d911c42564b,Needle,998,,,,,,,,,,
TOOL_HOVER,496803,5/31/2023 8:34,97401484-055e-4590-9a11-7d911c42564b,Needle,998,,,,,,,,,,
TOOL_HOVER,496821,5/31/2023 8:34,97401484-055e-4590-9a11-7d911c42564b,Needle,998,,,,,,,,,,
TOOL_HOVER,496837,5/31/2023 8:34,97401484-055e-4590-9a11-7d911c42564b,Needle,998,,,,,,,,,,
TOOL_SELECTED,496838,5/31/2023 8:34,97401484-055e-4590-9a11-7d911c42564b,Needle,997,,,,,,,,,,
TOOL_DISCARDED,503011,5/31/2023 8:34,97401484-055e-4590-9a11-7d911c42564b,Needle,997,"(1.0, 0.2, 1.2)",,,,,,,,,
PULSE_TAKEN,506526,5/31/2023 8:34,97401484-055e-4590-9a11-7d911c42564b,pulse_faint,Gary_3 Root,,,,,,,,,,
PULSE_TAKEN,509296,5/31/2023 8:34,97401484-055e-4590-9a11-7d911c42564b,pulse_faint,Gary_3 Root,,,,,,,,,,
TAG_SELECTED,510013,5/31/2023 8:34,97401484-055e-4590-9a11-7d911c42564b,red,,,,,,,,,,,
PULSE_TAKEN,510245,5/31/2023 8:34,97401484-055e-4590-9a11-7d911c42564b,pulse_faint,Gary_3 Root,,,,,,,,,,
TAG_APPLIED,510584,5/31/2023 8:34,97401484-055e-4590-9a11-7d911c42564b,Gary_3 Root,red,,,,,,,,,,
PULSE_TAKEN,512051,5/31/2023 8:34,97401484-055e-4590-9a11-7d911c42564b,pulse_faint,Gary_3 Root,,,,,,,,,,
TOOL_HOVER,512178,5/31/2023 8:34,97401484-055e-4590-9a11-7d911c42564b,Gauze,999,,,,,,,,,,
TOOL_HOVER,512194,5/31/2023 8:34,97401484-055e-4590-9a11-7d911c42564b,Gauze,999,,,,,,,,,,
TOOL_HOVER,512211,5/31/2023 8:34,97401484-055e-4590-9a11-7d911c42564b,Gauze,999,,,,,,,,,,
TOOL_HOVER,512227,5/31/2023 8:34,97401484-055e-4590-9a11-7d911c42564b,Gauze,999,,,,,,,,,,
TOOL_HOVER,512244,5/31/2023 8:34,97401484-055e-4590-9a11-7d911c42564b,Gauze,999,,,,,,,,,,
TOOL_HOVER,512261,5/31/2023 8:34,97401484-055e-4590-9a11-7d911c42564b,Gauze,999,,,,,,,,,,
TOOL_HOVER,512278,5/31/2023 8:34,97401484-055e-4590-9a11-7d911c42564b,Gauze,999,,,,,,,,,,
TOOL_HOVER,512294,5/31/2023 8:34,97401484-055e-4590-9a11-7d911c42564b,Gauze,999,,,,,,,,,,
TOOL_HOVER,512311,5/31/2023 8:34,97401484-055e-4590-9a11-7d911c42564b,Gauze,999,,,,,,,,,,
TOOL_HOVER,512327,5/31/2023 8:34,97401484-055e-4590-9a11-7d911c42564b,Gauze,999,,,,,,,,,,
TOOL_HOVER,512344,5/31/2023 8:34,97401484-055e-4590-9a11-7d911c42564b,Gauze,999,,,,,,,,,,
TOOL_HOVER,512360,5/31/2023 8:34,97401484-055e-4590-9a11-7d911c42564b,Gauze,999,,,,,,,,,,
PATIENT_ENGAGED,514578,5/31/2023 8:34,97401484-055e-4590-9a11-7d911c42564b,100,Infinity,Mike_7 Root,"(1.3, 0.0, 3.4)","(0.0, 0.1, 0.0, 1.0)",DELAYED,waver,fast,normal,normal,upset,sittingGround
BAG_CLOSED,514680,5/31/2023 8:34,97401484-055e-4590-9a11-7d911c42564b,"(1.1, 0.4, 1.5)",,,,,,,,,,,
TELEPORT,522248,5/31/2023 8:34,97401484-055e-4590-9a11-7d911c42564b,"(-1.7, 0.0, 4.5)",,,,,,,,,,,
PATIENT_ENGAGED,523332,5/31/2023 8:34,97401484-055e-4590-9a11-7d911c42564b,100,Infinity,Gloria_8 Root,"(3.7, 0.0, -4.4)","(0.0, 1.0, 0.0, -0.1)",MINIMAL,walker,normal,normal,normal,upset,standing
TELEPORT,524605,5/31/2023 8:34,97401484-055e-4590-9a11-7d911c42564b,"(0.3, 0.0, -0.5)",,,,,,,,,,,
PATIENT_ENGAGED,528821,5/31/2023 8:34,97401484-055e-4590-9a11-7d911c42564b,100,Infinity,Helga_10 Root,"(4.4, 0.0, -4.2)","(0.0, 0.4, 0.0, -0.9)",MINIMAL,walker,normal,normal,normal,calm,sittingGround
PATIENT_ENGAGED,531071,5/31/2023 8:34,97401484-055e-4590-9a11-7d911c42564b,100,Infinity,Gloria_8 Root,"(3.7, 0.0, -4.4)","(0.0, 1.0, 0.0, -0.1)",MINIMAL,walker,normal,normal,normal,upset,standing
BAG_ACCESS,532317,5/31/2023 8:34,97401484-055e-4590-9a11-7d911c42564b,"(3.7, 0.4, -3.8)",,,,,,,,,,,
TAG_SELECTED,533451,5/31/2023 8:34,97401484-055e-4590-9a11-7d911c42564b,green,,,,,,,,,,,
TAG_APPLIED,534250,5/31/2023 8:34,97401484-055e-4590-9a11-7d911c42564b,Helga_10 Root,green,,,,,,,,,,
PATIENT_ENGAGED,534700,5/31/2023 8:34,97401484-055e-4590-9a11-7d911c42564b,100,Infinity,Helga_10 Root,"(4.4, 0.0, -4.2)","(0.0, 0.4, 0.0, -0.9)",MINIMAL,walker,normal,normal,normal,calm,sittingGround
TOOL_HOVER,534783,5/31/2023 8:34,97401484-055e-4590-9a11-7d911c42564b,Gauze,999,,,,,,,,,,
TOOL_HOVER,534800,5/31/2023 8:34,97401484-055e-4590-9a11-7d911c42564b,Gauze,999,,,,,,,,,,
TOOL_HOVER,534816,5/31/2023 8:34,97401484-055e-4590-9a11-7d911c42564b,Gauze,999,,,,,,,,,,
TOOL_HOVER,534833,5/31/2023 8:34,97401484-055e-4590-9a11-7d911c42564b,Gauze,999,,,,,,,,,,
TOOL_HOVER,534850,5/31/2023 8:34,97401484-055e-4590-9a11-7d911c42564b,Gauze,999,,,,,,,,,,
TOOL_HOVER,534867,5/31/2023 8:34,97401484-055e-4590-9a11-7d911c42564b,Gauze,999,,,,,,,,,,
TOOL_HOVER,535583,5/31/2023 8:34,97401484-055e-4590-9a11-7d911c42564b,Tourniquet,995,,,,,,,,,,
TOOL_HOVER,535600,5/31/2023 8:34,97401484-055e-4590-9a11-7d911c42564b,Tourniquet,995,,,,,,,,,,
TOOL_HOVER,535617,5/31/2023 8:34,97401484-055e-4590-9a11-7d911c42564b,Tourniquet,995,,,,,,,,,,
TOOL_HOVER,535633,5/31/2023 8:34,97401484-055e-4590-9a11-7d911c42564b,Tourniquet,995,,,,,,,,,,
TOOL_HOVER,535650,5/31/2023 8:34,97401484-055e-4590-9a11-7d911c42564b,Tourniquet,995,,,,,,,,,,
TOOL_HOVER,535667,5/31/2023 8:34,97401484-055e-4590-9a11-7d911c42564b,Tourniquet,995,,,,,,,,,,
TOOL_HOVER,535684,5/31/2023 8:34,97401484-055e-4590-9a11-7d911c42564b,Tourniquet,995,,,,,,,,,,
TOOL_HOVER,535700,5/31/2023 8:34,97401484-055e-4590-9a11-7d911c42564b,Tourniquet,995,,,,,,,,,,
TOOL_HOVER,535720,5/31/2023 8:34,97401484-055e-4590-9a11-7d911c42564b,Tourniquet,995,,,,,,,,,,
TOOL_HOVER,535733,5/31/2023 8:34,97401484-055e-4590-9a11-7d911c42564b,Tourniquet,995,,,,,,,,,,
TOOL_HOVER,535755,5/31/2023 8:34,97401484-055e-4590-9a11-7d911c42564b,Tourniquet,995,,,,,,,,,,
TOOL_HOVER,535766,5/31/2023 8:34,97401484-055e-4590-9a11-7d911c42564b,Tourniquet,995,,,,,,,,,,
PULSE_TAKEN,536287,5/31/2023 8:34,97401484-055e-4590-9a11-7d911c42564b,pulse_normal,Helga_10 Root,,,,,,,,,,
PULSE_TAKEN,538766,5/31/2023 8:34,97401484-055e-4590-9a11-7d911c42564b,pulse_normal,Helga_10 Root,,,,,,,,,,
PATIENT_ENGAGED,540266,5/31/2023 8:34,97401484-055e-4590-9a11-7d911c42564b,100,Infinity,Gloria_8 Root,"(3.7, 0.0, -4.4)","(0.0, 1.0, 0.0, -0.1)",MINIMAL,walker,normal,normal,normal,upset,standing
BAG_CLOSED,540286,5/31/2023 8:34,97401484-055e-4590-9a11-7d911c42564b,"(3.7, 0.4, -3.8)",,,,,,,,,,,
TELEPORT,540621,5/31/2023 8:34,97401484-055e-4590-9a11-7d911c42564b,"(0.3, 0.0, -0.5)",,,,,,,,,,,
TELEPORT,541540,5/31/2023 8:34,97401484-055e-4590-9a11-7d911c42564b,"(0.3, 0.0, -0.5)",,,,,,,,,,,
TELEPORT,543860,5/31/2023 8:35,97401484-055e-4590-9a11-7d911c42564b,"(0.8, 0.0, -1.0)",,,,,,,,,,,
PULSE_TAKEN,550912,5/31/2023 8:35,97401484-055e-4590-9a11-7d911c42564b,pulse_normal,Gloria_8 Root,,,,,,,,,,
PULSE_TAKEN,550987,5/31/2023 8:35,97401484-055e-4590-9a11-7d911c42564b,pulse_normal,Gloria_8 Root,,,,,,,,,,
PULSE_TAKEN,551004,5/31/2023 8:35,97401484-055e-4590-9a11-7d911c42564b,pulse_normal,Gloria_8 Root,,,,,,,,,,
TELEPORT,553123,5/31/2023 8:35,97401484-055e-4590-9a11-7d911c42564b,"(0.8, 0.0, -1.0)",,,,,,,,,,,
TELEPORT,553364,5/31/2023 8:35,97401484-055e-4590-9a11-7d911c42564b,"(0.8, 0.0, -1.0)",,,,,,,,,,,
BAG_ACCESS,555345,5/31/2023 8:35,97401484-055e-4590-9a11-7d911c42564b,"(3.1, 0.7, -4.8)",,,,,,,,,,,
TOOL_HOVER,555961,5/31/2023 8:35,97401484-055e-4590-9a11-7d911c42564b,Hemostatic Gauze,999,,,,,,,,,,
TOOL_HOVER,555969,5/31/2023 8:35,97401484-055e-4590-9a11-7d911c42564b,Hemostatic Gauze,999,,,,,,,,,,
TOOL_HOVER,555985,5/31/2023 8:35,97401484-055e-4590-9a11-7d911c42564b,Hemostatic Gauze,999,,,,,,,,,,
TOOL_HOVER,556001,5/31/2023 8:35,97401484-055e-4590-9a11-7d911c42564b,Hemostatic Gauze,999,,,,,,,,,,
TOOL_HOVER,556018,5/31/2023 8:35,97401484-055e-4590-9a11-7d911c42564b,Hemostatic Gauze,999,,,,,,,,,,
TOOL_HOVER,556034,5/31/2023 8:35,97401484-055e-4590-9a11-7d911c42564b,Hemostatic Gauze,999,,,,,,,,,,
TOOL_HOVER,556066,5/31/2023 8:35,97401484-055e-4590-9a11-7d911c42564b,Hemostatic Gauze,999,,,,,,,,,,
TOOL_HOVER,556072,5/31/2023 8:35,97401484-055e-4590-9a11-7d911c42564b,Hemostatic Gauze,999,,,,,,,,,,
TOOL_HOVER,556090,5/31/2023 8:35,97401484-055e-4590-9a11-7d911c42564b,Hemostatic Gauze,999,,,,,,,,,,
TOOL_HOVER,556107,5/31/2023 8:35,97401484-055e-4590-9a11-7d911c42564b,Hemostatic Gauze,999,,,,,,,,,,
TOOL_HOVER,556124,5/31/2023 8:35,97401484-055e-4590-9a11-7d911c42564b,Hemostatic Gauze,999,,,,,,,,,,
TOOL_HOVER,556654,5/31/2023 8:35,97401484-055e-4590-9a11-7d911c42564b,Hemostatic Gauze,999,,,,,,,,,,
TOOL_HOVER,556667,5/31/2023 8:35,97401484-055e-4590-9a11-7d911c42564b,Hemostatic Gauze,999,,,,,,,,,,
TOOL_HOVER,556684,5/31/2023 8:35,97401484-055e-4590-9a11-7d911c42564b,Hemostatic Gauze,999,,,,,,,,,,
TOOL_HOVER,556700,5/31/2023 8:35,97401484-055e-4590-9a11-7d911c42564b,Hemostatic Gauze,999,,,,,,,,,,
TOOL_HOVER,556716,5/31/2023 8:35,97401484-055e-4590-9a11-7d911c42564b,Hemostatic Gauze,999,,,,,,,,,,
TOOL_HOVER,556734,5/31/2023 8:35,97401484-055e-4590-9a11-7d911c42564b,Hemostatic Gauze,999,,,,,,,,,,
TOOL_HOVER,556750,5/31/2023 8:35,97401484-055e-4590-9a11-7d911c42564b,Hemostatic Gauze,999,,,,,,,,,,
TOOL_HOVER,556766,5/31/2023 8:35,97401484-055e-4590-9a11-7d911c42564b,Hemostatic Gauze,999,,,,,,,,,,
TOOL_HOVER,556784,5/31/2023 8:35,97401484-055e-4590-9a11-7d911c42564b,Hemostatic Gauze,999,,,,,,,,,,
TOOL_HOVER,556800,5/31/2023 8:35,97401484-055e-4590-9a11-7d911c42564b,Hemostatic Gauze,999,,,,,,,,,,
TOOL_HOVER,556817,5/31/2023 8:35,97401484-055e-4590-9a11-7d911c42564b,Hemostatic Gauze,999,,,,,,,,,,
TOOL_HOVER,556834,5/31/2023 8:35,97401484-055e-4590-9a11-7d911c42564b,Hemostatic Gauze,999,,,,,,,,,,
TOOL_HOVER,556850,5/31/2023 8:35,97401484-055e-4590-9a11-7d911c42564b,Hemostatic Gauze,999,,,,,,,,,,
TOOL_HOVER,556867,5/31/2023 8:35,97401484-055e-4590-9a11-7d911c42564b,Hemostatic Gauze,999,,,,,,,,,,
TOOL_HOVER,556884,5/31/2023 8:35,97401484-055e-4590-9a11-7d911c42564b,Hemostatic Gauze,999,,,,,,,,,,
TOOL_HOVER,556900,5/31/2023 8:35,97401484-055e-4590-9a11-7d911c42564b,Hemostatic Gauze,999,,,,,,,,,,
TOOL_HOVER,556917,5/31/2023 8:35,97401484-055e-4590-9a11-7d911c42564b,Hemostatic Gauze,999,,,,,,,,,,
TOOL_HOVER,556933,5/31/2023 8:35,97401484-055e-4590-9a11-7d911c42564b,Hemostatic Gauze,999,,,,,,,,,,
TOOL_HOVER,556950,5/31/2023 8:35,97401484-055e-4590-9a11-7d911c42564b,Hemostatic Gauze,999,,,,,,,,,,
TOOL_HOVER,556967,5/31/2023 8:35,97401484-055e-4590-9a11-7d911c42564b,Hemostatic Gauze,999,,,,,,,,,,
TOOL_HOVER,556984,5/31/2023 8:35,97401484-055e-4590-9a11-7d911c42564b,Hemostatic Gauze,999,,,,,,,,,,
TOOL_HOVER,557001,5/31/2023 8:35,97401484-055e-4590-9a11-7d911c42564b,Hemostatic Gauze,999,,,,,,,,,,
TOOL_HOVER,557016,5/31/2023 8:35,97401484-055e-4590-9a11-7d911c42564b,Hemostatic Gauze,999,,,,,,,,,,
TOOL_HOVER,557033,5/31/2023 8:35,97401484-055e-4590-9a11-7d911c42564b,Hemostatic Gauze,999,,,,,,,,,,
TOOL_HOVER,557051,5/31/2023 8:35,97401484-055e-4590-9a11-7d911c42564b,Hemostatic Gauze,999,,,,,,,,,,
TOOL_HOVER,557066,5/31/2023 8:35,97401484-055e-4590-9a11-7d911c42564b,Hemostatic Gauze,999,,,,,,,,,,
TOOL_HOVER,557084,5/31/2023 8:35,97401484-055e-4590-9a11-7d911c42564b,Hemostatic Gauze,999,,,,,,,,,,
TOOL_HOVER,557101,5/31/2023 8:35,97401484-055e-4590-9a11-7d911c42564b,Hemostatic Gauze,999,,,,,,,,,,
TOOL_HOVER,557117,5/31/2023 8:35,97401484-055e-4590-9a11-7d911c42564b,Hemostatic Gauze,999,,,,,,,,,,
TOOL_HOVER,557132,5/31/2023 8:35,97401484-055e-4590-9a11-7d911c42564b,Hemostatic Gauze,999,,,,,,,,,,
TOOL_HOVER,557150,5/31/2023 8:35,97401484-055e-4590-9a11-7d911c42564b,Hemostatic Gauze,999,,,,,,,,,,
TOOL_HOVER,557167,5/31/2023 8:35,97401484-055e-4590-9a11-7d911c42564b,Hemostatic Gauze,999,,,,,,,,,,
TOOL_HOVER,557184,5/31/2023 8:35,97401484-055e-4590-9a11-7d911c42564b,Hemostatic Gauze,999,,,,,,,,,,
TOOL_HOVER,557200,5/31/2023 8:35,97401484-055e-4590-9a11-7d911c42564b,Hemostatic Gauze,999,,,,,,,,,,
TOOL_HOVER,557216,5/31/2023 8:35,97401484-055e-4590-9a11-7d911c42564b,Hemostatic Gauze,999,,,,,,,,,,
TOOL_HOVER,557233,5/31/2023 8:35,97401484-055e-4590-9a11-7d911c42564b,Hemostatic Gauze,999,,,,,,,,,,
TOOL_HOVER,557250,5/31/2023 8:35,97401484-055e-4590-9a11-7d911c42564b,Hemostatic Gauze,999,,,,,,,,,,
TOOL_HOVER,557267,5/31/2023 8:35,97401484-055e-4590-9a11-7d911c42564b,Hemostatic Gauze,999,,,,,,,,,,
TOOL_HOVER,557284,5/31/2023 8:35,97401484-055e-4590-9a11-7d911c42564b,Hemostatic Gauze,999,,,,,,,,,,
TOOL_HOVER,557300,5/31/2023 8:35,97401484-055e-4590-9a11-7d911c42564b,Hemostatic Gauze,999,,,,,,,,,,
TOOL_HOVER,557317,5/31/2023 8:35,97401484-055e-4590-9a11-7d911c42564b,Hemostatic Gauze,999,,,,,,,,,,
TOOL_HOVER,557333,5/31/2023 8:35,97401484-055e-4590-9a11-7d911c42564b,Hemostatic Gauze,999,,,,,,,,,,
TOOL_HOVER,557350,5/31/2023 8:35,97401484-055e-4590-9a11-7d911c42564b,Hemostatic Gauze,999,,,,,,,,,,
TOOL_HOVER,557368,5/31/2023 8:35,97401484-055e-4590-9a11-7d911c42564b,Hemostatic Gauze,999,,,,,,,,,,
TOOL_HOVER,557384,5/31/2023 8:35,97401484-055e-4590-9a11-7d911c42564b,Hemostatic Gauze,999,,,,,,,,,,
TOOL_HOVER,557400,5/31/2023 8:35,97401484-055e-4590-9a11-7d911c42564b,Hemostatic Gauze,999,,,,,,,,,,
TOOL_HOVER,557417,5/31/2023 8:35,97401484-055e-4590-9a11-7d911c42564b,Hemostatic Gauze,999,,,,,,,,,,
TOOL_HOVER,557434,5/31/2023 8:35,97401484-055e-4590-9a11-7d911c42564b,Hemostatic Gauze,999,,,,,,,,,,
TOOL_HOVER,557450,5/31/2023 8:35,97401484-055e-4590-9a11-7d911c42564b,Hemostatic Gauze,999,,,,,,,,,,
TOOL_HOVER,557467,5/31/2023 8:35,97401484-055e-4590-9a11-7d911c42564b,Hemostatic Gauze,999,,,,,,,,,,
TOOL_HOVER,557484,5/31/2023 8:35,97401484-055e-4590-9a11-7d911c42564b,Hemostatic Gauze,999,,,,,,,,,,
TOOL_HOVER,557500,5/31/2023 8:35,97401484-055e-4590-9a11-7d911c42564b,Hemostatic Gauze,999,,,,,,,,,,
TOOL_HOVER,557517,5/31/2023 8:35,97401484-055e-4590-9a11-7d911c42564b,Hemostatic Gauze,999,,,,,,,,,,
TOOL_HOVER,557533,5/31/2023 8:35,97401484-055e-4590-9a11-7d911c42564b,Hemostatic Gauze,999,,,,,,,,,,
TOOL_HOVER,557550,5/31/2023 8:35,97401484-055e-4590-9a11-7d911c42564b,Hemostatic Gauze,999,,,,,,,,,,
TOOL_HOVER,557567,5/31/2023 8:35,97401484-055e-4590-9a11-7d911c42564b,Hemostatic Gauze,999,,,,,,,,,,
TOOL_HOVER,557584,5/31/2023 8:35,97401484-055e-4590-9a11-7d911c42564b,Hemostatic Gauze,999,,,,,,,,,,
TOOL_HOVER,557600,5/31/2023 8:35,97401484-055e-4590-9a11-7d911c42564b,Hemostatic Gauze,999,,,,,,,,,,
TOOL_HOVER,557617,5/31/2023 8:35,97401484-055e-4590-9a11-7d911c42564b,Hemostatic Gauze,999,,,,,,,,,,
TOOL_HOVER,557634,5/31/2023 8:35,97401484-055e-4590-9a11-7d911c42564b,Hemostatic Gauze,999,,,,,,,,,,
TOOL_HOVER,557650,5/31/2023 8:35,97401484-055e-4590-9a11-7d911c42564b,Hemostatic Gauze,999,,,,,,,,,,
TOOL_HOVER,557667,5/31/2023 8:35,97401484-055e-4590-9a11-7d911c42564b,Hemostatic Gauze,999,,,,,,,,,,
TOOL_HOVER,557684,5/31/2023 8:35,97401484-055e-4590-9a11-7d911c42564b,Hemostatic Gauze,999,,,,,,,,,,
TOOL_HOVER,557700,5/31/2023 8:35,97401484-055e-4590-9a11-7d911c42564b,Hemostatic Gauze,999,,,,,,,,,,
TOOL_HOVER,557717,5/31/2023 8:35,97401484-055e-4590-9a11-7d911c42564b,Hemostatic Gauze,999,,,,,,,,,,
TOOL_HOVER,557733,5/31/2023 8:35,97401484-055e-4590-9a11-7d911c42564b,Hemostatic Gauze,999,,,,,,,,,,
TOOL_HOVER,557750,5/31/2023 8:35,97401484-055e-4590-9a11-7d911c42564b,Hemostatic Gauze,999,,,,,,,,,,
TOOL_HOVER,557767,5/31/2023 8:35,97401484-055e-4590-9a11-7d911c42564b,Hemostatic Gauze,999,,,,,,,,,,
TOOL_HOVER,557784,5/31/2023 8:35,97401484-055e-4590-9a11-7d911c42564b,Hemostatic Gauze,999,,,,,,,,,,
TOOL_HOVER,557800,5/31/2023 8:35,97401484-055e-4590-9a11-7d911c42564b,Hemostatic Gauze,999,,,,,,,,,,
TOOL_HOVER,557817,5/31/2023 8:35,97401484-055e-4590-9a11-7d911c42564b,Hemostatic Gauze,999,,,,,,,,,,
TOOL_HOVER,557834,5/31/2023 8:35,97401484-055e-4590-9a11-7d911c42564b,Hemostatic Gauze,999,,,,,,,,,,
TOOL_HOVER,557850,5/31/2023 8:35,97401484-055e-4590-9a11-7d911c42564b,Hemostatic Gauze,999,,,,,,,,,,
TOOL_HOVER,557868,5/31/2023 8:35,97401484-055e-4590-9a11-7d911c42564b,Hemostatic Gauze,999,,,,,,,,,,
TOOL_HOVER,557884,5/31/2023 8:35,97401484-055e-4590-9a11-7d911c42564b,Hemostatic Gauze,999,,,,,,,,,,
TOOL_HOVER,557901,5/31/2023 8:35,97401484-055e-4590-9a11-7d911c42564b,Hemostatic Gauze,999,,,,,,,,,,
TOOL_HOVER,557917,5/31/2023 8:35,97401484-055e-4590-9a11-7d911c42564b,Hemostatic Gauze,999,,,,,,,,,,
TOOL_HOVER,557934,5/31/2023 8:35,97401484-055e-4590-9a11-7d911c42564b,Hemostatic Gauze,999,,,,,,,,,,
TOOL_HOVER,557950,5/31/2023 8:35,97401484-055e-4590-9a11-7d911c42564b,Hemostatic Gauze,999,,,,,,,,,,
TOOL_HOVER,557967,5/31/2023 8:35,97401484-055e-4590-9a11-7d911c42564b,Hemostatic Gauze,999,,,,,,,,,,
TOOL_HOVER,557984,5/31/2023 8:35,97401484-055e-4590-9a11-7d911c42564b,Hemostatic Gauze,999,,,,,,,,,,
TOOL_HOVER,558000,5/31/2023 8:35,97401484-055e-4590-9a11-7d911c42564b,Hemostatic Gauze,999,,,,,,,,,,
TOOL_HOVER,558017,5/31/2023 8:35,97401484-055e-4590-9a11-7d911c42564b,Hemostatic Gauze,999,,,,,,,,,,
TOOL_HOVER,558033,5/31/2023 8:35,97401484-055e-4590-9a11-7d911c42564b,Hemostatic Gauze,999,,,,,,,,,,
TOOL_HOVER,558050,5/31/2023 8:35,97401484-055e-4590-9a11-7d911c42564b,Hemostatic Gauze,999,,,,,,,,,,
TOOL_HOVER,558067,5/31/2023 8:35,97401484-055e-4590-9a11-7d911c42564b,Hemostatic Gauze,999,,,,,,,,,,
TOOL_HOVER,558084,5/31/2023 8:35,97401484-055e-4590-9a11-7d911c42564b,Hemostatic Gauze,999,,,,,,,,,,
TOOL_HOVER,558100,5/31/2023 8:35,97401484-055e-4590-9a11-7d911c42564b,Hemostatic Gauze,999,,,,,,,,,,
TOOL_HOVER,558117,5/31/2023 8:35,97401484-055e-4590-9a11-7d911c42564b,Hemostatic Gauze,999,,,,,,,,,,
TOOL_HOVER,558134,5/31/2023 8:35,97401484-055e-4590-9a11-7d911c42564b,Hemostatic Gauze,999,,,,,,,,,,
TOOL_HOVER,558150,5/31/2023 8:35,97401484-055e-4590-9a11-7d911c42564b,Hemostatic Gauze,999,,,,,,,,,,
TOOL_HOVER,558167,5/31/2023 8:35,97401484-055e-4590-9a11-7d911c42564b,Hemostatic Gauze,999,,,,,,,,,,
TOOL_HOVER,558184,5/31/2023 8:35,97401484-055e-4590-9a11-7d911c42564b,Hemostatic Gauze,999,,,,,,,,,,
TOOL_HOVER,558200,5/31/2023 8:35,97401484-055e-4590-9a11-7d911c42564b,Hemostatic Gauze,999,,,,,,,,,,
TOOL_HOVER,558217,5/31/2023 8:35,97401484-055e-4590-9a11-7d911c42564b,Hemostatic Gauze,999,,,,,,,,,,
TOOL_HOVER,558233,5/31/2023 8:35,97401484-055e-4590-9a11-7d911c42564b,Hemostatic Gauze,999,,,,,,,,,,
TOOL_SELECTED,558234,5/31/2023 8:35,97401484-055e-4590-9a11-7d911c42564b,Hemostatic Gauze,998,,,,,,,,,,
TOOL_DISCARDED,559281,5/31/2023 8:35,97401484-055e-4590-9a11-7d911c42564b,Hemostatic Gauze,998,"(3.9, 1.2, -4.9)",,,,,,,,,
TOOL_APPLIED,559281,5/31/2023 8:35,97401484-055e-4590-9a11-7d911c42564b,Gloria_8 Root,Gauze_Pack,skinCollider_Body_LOD (UnityEngine.GameObject),null,null,AppliedPackingGauze,,,,,,
TOOL_HOVER,560136,5/31/2023 8:35,97401484-055e-4590-9a11-7d911c42564b,Hemostatic Gauze,999,,,,,,,,,,
TOOL_HOVER,560152,5/31/2023 8:35,97401484-055e-4590-9a11-7d911c42564b,Hemostatic Gauze,999,,,,,,,,,,
TOOL_HOVER,560164,5/31/2023 8:35,97401484-055e-4590-9a11-7d911c42564b,Hemostatic Gauze,999,,,,,,,,,,
TOOL_HOVER,560189,5/31/2023 8:35,97401484-055e-4590-9a11-7d911c42564b,Hemostatic Gauze,999,,,,,,,,,,
TOOL_HOVER,560197,5/31/2023 8:35,97401484-055e-4590-9a11-7d911c42564b,Hemostatic Gauze,999,,,,,,,,,,
TOOL_HOVER,560220,5/31/2023 8:35,97401484-055e-4590-9a11-7d911c42564b,Hemostatic Gauze,999,,,,,,,,,,
TOOL_HOVER,560230,5/31/2023 8:35,97401484-055e-4590-9a11-7d911c42564b,Hemostatic Gauze,999,,,,,,,,,,
TOOL_HOVER,560637,5/31/2023 8:35,97401484-055e-4590-9a11-7d911c42564b,Gauze,999,,,,,,,,,,
TOOL_HOVER,560653,5/31/2023 8:35,97401484-055e-4590-9a11-7d911c42564b,Gauze,999,,,,,,,,,,
TOOL_HOVER,560670,5/31/2023 8:35,97401484-055e-4590-9a11-7d911c42564b,Gauze,999,,,,,,,,,,
TOOL_HOVER,560687,5/31/2023 8:35,97401484-055e-4590-9a11-7d911c42564b,Gauze,999,,,,,,,,,,
TOOL_HOVER,560703,5/31/2023 8:35,97401484-055e-4590-9a11-7d911c42564b,Gauze,999,,,,,,,,,,
TOOL_HOVER,560723,5/31/2023 8:35,97401484-055e-4590-9a11-7d911c42564b,Gauze,999,,,,,,,,,,
TOOL_HOVER,560745,5/31/2023 8:35,97401484-055e-4590-9a11-7d911c42564b,Gauze,999,,,,,,,,,,
TOOL_HOVER,560753,5/31/2023 8:35,97401484-055e-4590-9a11-7d911c42564b,Gauze,999,,,,,,,,,,
TOOL_HOVER,560770,5/31/2023 8:35,97401484-055e-4590-9a11-7d911c42564b,Gauze,999,,,,,,,,,,
TOOL_SELECTED,560771,5/31/2023 8:35,97401484-055e-4590-9a11-7d911c42564b,Gauze,998,,,,,,,,,,
TOOL_DISCARDED,561854,5/31/2023 8:35,97401484-055e-4590-9a11-7d911c42564b,Gauze,998,"(3.8, 1.2, -4.9)",,,,,,,,,
INJURY_TREATED,561854,5/31/2023 8:35,97401484-055e-4590-9a11-7d911c42564b,L Forearm Laceration,Gloria_8 Root,gauzePressure,low,leftArm,TRUE,FALSE,"(3.8, 1.2, -4.9)",,,,
TOOL_APPLIED,561854,5/31/2023 8:35,97401484-055e-4590-9a11-7d911c42564b,Gloria_8 Root,Gauze_Dressing,skinCollider_Body_LOD (UnityEngine.GameObject),null,null,AppliedDressingGauze,,,,,,
PULSE_TAKEN,563659,5/31/2023 8:35,97401484-055e-4590-9a11-7d911c42564b,pulse_normal,Gloria_8 Root,,,,,,,,,,
PULSE_TAKEN,565738,5/31/2023 8:35,97401484-055e-4590-9a11-7d911c42564b,pulse_normal,Gloria_8 Root,,,,,,,,,,
TAG_SELECTED,566740,5/31/2023 8:35,97401484-055e-4590-9a11-7d911c42564b,green,,,,,,,,,,,
TAG_APPLIED,567739,5/31/2023 8:35,97401484-055e-4590-9a11-7d911c42564b,Gloria_8 Root,green,,,,,,,,,,
BAG_CLOSED,573497,5/31/2023 8:35,97401484-055e-4590-9a11-7d911c42564b,"(3.1, 0.7, -4.8)",,,,,,,,,,,
TELEPORT,573497,5/31/2023 8:35,97401484-055e-4590-9a11-7d911c42564b,"(0.8, 0.0, -1.0)",,,,,,,,,,,
PATIENT_ENGAGED,578645,5/31/2023 8:35,97401484-055e-4590-9a11-7d911c42564b,100,0,Gary_3 Root,"(0.4, 0.0, 1.7)","(0.0, 0.0, 0.0, 1.0)",IMMEDIATE,still,faint,collapsedRight,normal,unresponsive,supine
BAG_ACCESS,581183,5/31/2023 8:35,97401484-055e-4590-9a11-7d911c42564b,"(1.1, 0.6, 1.4)",,,,,,,,,,,
TOOL_HOVER,581650,5/31/2023 8:35,97401484-055e-4590-9a11-7d911c42564b,Needle,998,,,,,,,,,,
TOOL_HOVER,581672,5/31/2023 8:35,97401484-055e-4590-9a11-7d911c42564b,Needle,998,,,,,,,,,,
TOOL_HOVER,581684,5/31/2023 8:35,97401484-055e-4590-9a11-7d911c42564b,Needle,998,,,,,,,,,,
TOOL_HOVER,581707,5/31/2023 8:35,97401484-055e-4590-9a11-7d911c42564b,Needle,998,,,,,,,,,,
TOOL_HOVER,581718,5/31/2023 8:35,97401484-055e-4590-9a11-7d911c42564b,Needle,998,,,,,,,,,,
TOOL_HOVER,581736,5/31/2023 8:35,97401484-055e-4590-9a11-7d911c42564b,Needle,998,,,,,,,,,,
TOOL_HOVER,581749,5/31/2023 8:35,97401484-055e-4590-9a11-7d911c42564b,Needle,998,,,,,,,,,,
TOOL_HOVER,581773,5/31/2023 8:35,97401484-055e-4590-9a11-7d911c42564b,Needle,998,,,,,,,,,,
TOOL_HOVER,581784,5/31/2023 8:35,97401484-055e-4590-9a11-7d911c42564b,Needle,998,,,,,,,,,,
TOOL_HOVER,581805,5/31/2023 8:35,97401484-055e-4590-9a11-7d911c42564b,Needle,998,,,,,,,,,,
TOOL_HOVER,581816,5/31/2023 8:35,97401484-055e-4590-9a11-7d911c42564b,Needle,998,,,,,,,,,,
TOOL_HOVER,581836,5/31/2023 8:35,97401484-055e-4590-9a11-7d911c42564b,Needle,998,,,,,,,,,,
TOOL_SELECTED,581837,5/31/2023 8:35,97401484-055e-4590-9a11-7d911c42564b,Needle,997,,,,,,,,,,
INJURY_TREATED,585947,5/31/2023 8:35,97401484-055e-4590-9a11-7d911c42564b,R Chest Collapse,Gary_3 Root,decompress,high,chest,TRUE,FALSE,"(0.0, 0.0, 0.0)",,,,
TOOL_APPLIED,585947,5/31/2023 8:35,97401484-055e-4590-9a11-7d911c42564b,Needle_Decomp(Clone),Needle,RChest_Breathe1 (UnityEngine.GameObject),cath_needle (UnityEngine.GameObject),right_chest,Needle_Decomp(Clone) (UnityEngine.GameObject),AppliedDecompNeedle,,,,,
PULSE_TAKEN,590418,5/31/2023 8:35,97401484-055e-4590-9a11-7d911c42564b,pulse_faint,Gary_3 Root,,,,,,,,,,
BAG_CLOSED,595853,5/31/2023 8:35,97401484-055e-4590-9a11-7d911c42564b,"(1.1, 0.6, 1.4)",,,,,,,,,,,
VOICE_CAPTURE,603808,5/31/2023 8:36,97401484-055e-4590-9a11-7d911c42564b,I'm done,NA,,,,,,,,,,
SESSION_END,604227,5/31/2023 8:36,97401484-055e-4590-9a11-7d911c42564b,,,,,,,,,,,,
VOICE_CAPTURE,609903,5/31/2023 8:36,97401484-055e-4590-9a11-7d911c42564b,alright cool you go ahead and just let the,NA,,,,,,,,,,
VOICE_CAPTURE,611078,5/31/2023 8:36,97401484-055e-4590-9a11-7d911c42564b,take the headset,NA,,,,,,,,,,
