VOICE_CAPTURE,6163,5/11/2023 10:18,c12f8355-5a14-4ccc-bde4-d8038cae9220,I see a dude standing here,NA,,,,,,,,,,
VOICE_COMMAND,6164,5/11/2023 10:18,c12f8355-5a14-4ccc-bde4-d8038cae9220,stand up,I see a dude standing here,,,,,,,,,,
PATIENT_DEMOTED,7018,5/11/2023 10:18,c12f8355-5a14-4ccc-bde4-d8038cae9220,100,Infinity,Mike_1 Root,"(2.7, 0.0, 0.1)","(0.0, 0.7, 0.0, -0.7)",DELAYED,waver,normal,normal,normal,upset,recovery
PATIENT_DEMOTED,7687,5/11/2023 10:18,c12f8355-5a14-4ccc-bde4-d8038cae9220,100,Infinity,Mike_2 Root,"(2.6, 0.0, 2.4)","(0.0, 0.7, 0.0, -0.7)",IMMEDIATE,walker,fast,normal,normal,upset,sittingGround
PATIENT_DEMOTED,8347,5/11/2023 10:18,c12f8355-5a14-4ccc-bde4-d8038cae9220,100,128,Mike_3 Root,"(3.0, 0.0, 4.3)","(0.0, 0.7, 0.0, -0.7)",IMMEDIATE,still,faint,collapsedRight,normal,unresponsive,supine
SESSION_START,10946,5/11/2023 10:18,c12f8355-5a14-4ccc-bde4-d8038cae9220,,,,,,,,,,,,
PATIENT_RECORD,10947,5/11/2023 10:18,c12f8355-5a14-4ccc-bde4-d8038cae9220,100,Infinity,Mike_0 Root,"(2.6, 0.0, -1.4)","(0.0, 0.7, 0.0, -0.7)",MINIMAL,walker,normal,normal,normal,upset,sittingGround
INJURY_RECORD,10947,5/11/2023 10:18,c12f8355-5a14-4ccc-bde4-d8038cae9220,R Forearm Laceration,Mike_0 Root,gauzePressure,low,rightArm,FALSE,FALSE,"(2.7, 1.4, -0.9)",,,,
PATIENT_RECORD,10947,5/11/2023 10:18,c12f8355-5a14-4ccc-bde4-d8038cae9220,100,Infinity,Mike_1 Root,"(2.9, 0.0, 0.1)","(0.0, 0.7, 0.0, -0.7)",DELAYED,waver,normal,normal,normal,upset,recovery
INJURY_RECORD,10947,5/11/2023 10:18,c12f8355-5a14-4ccc-bde4-d8038cae9220,L Thigh Laceration,Mike_1 Root,tourniquet,medium,leftLeg,FALSE,FALSE,"(2.8, 0.7, -0.1)",,,,
PATIENT_RECORD,10947,5/11/2023 10:18,c12f8355-5a14-4ccc-bde4-d8038cae9220,100,Infinity,Mike_2 Root,"(3.1, 0.0, 2.2)","(0.0, 0.7, 0.0, -0.7)",IMMEDIATE,walker,fast,normal,normal,upset,sittingGround
INJURY_RECORD,10947,5/11/2023 10:18,c12f8355-5a14-4ccc-bde4-d8038cae9220,L Shoulder Puncture,Mike_2 Root,woundpack,medium,chest,FALSE,FALSE,"(3.1, 1.4, 2.1)",,,,
PATIENT_RECORD,10947,5/11/2023 10:18,c12f8355-5a14-4ccc-bde4-d8038cae9220,100,128,Mike_3 Root,"(3.2, 0.0, 4.3)","(0.0, 0.7, 0.0, -0.7)",IMMEDIATE,still,faint,collapsedRight,normal,unresponsive,supine
INJURY_RECORD,10947,5/11/2023 10:18,c12f8355-5a14-4ccc-bde4-d8038cae9220,R Chest Collapse,Mike_3 Root,decompress,high,chest,FALSE,FALSE,"(0.0, 0.0, 0.0)",,,,
VOICE_CAPTURE,21111,5/11/2023 10:19,c12f8355-5a14-4ccc-bde4-d8038cae9220,walk,NA,,,,,,,,,,
VOICE_COMMAND,21111,5/11/2023 10:19,c12f8355-5a14-4ccc-bde4-d8038cae9220,walk to the safe area,walk,,,,,,,,,,
S_A_L_T_WALK_IF_CAN,21113,5/11/2023 10:19,c12f8355-5a14-4ccc-bde4-d8038cae9220,"(2.6, 0.0, -1.4)",walkIfCan,Mike_0 Root,,,,,,,,,
S_A_L_T_WALKED,21114,5/11/2023 10:19,c12f8355-5a14-4ccc-bde4-d8038cae9220,"(2.6, 0.0, -1.4)",walked,Mike_0 Root,,,,,,,,,
S_A_L_T_WALK_IF_CAN,21114,5/11/2023 10:19,c12f8355-5a14-4ccc-bde4-d8038cae9220,"(2.9, 0.0, 0.1)",walkIfCan,Mike_1 Root,,,,,,,,,
S_A_L_T_WALK_IF_CAN,21114,5/11/2023 10:19,c12f8355-5a14-4ccc-bde4-d8038cae9220,"(3.1, 0.0, 2.2)",walkIfCan,Mike_2 Root,,,,,,,,,
S_A_L_T_WALKED,21114,5/11/2023 10:19,c12f8355-5a14-4ccc-bde4-d8038cae9220,"(3.1, 0.0, 2.2)",walked,Mike_2 Root,,,,,,,,,
VOICE_CAPTURE,23408,5/11/2023 10:19,c12f8355-5a14-4ccc-bde4-d8038cae9220,she's gonna go and start the tutorial for you so first thing you want to do in the tutorial is sort your patience OK and so you're gonna use those two those two sort of commands so go ahead and start just let me know anybody who can walk get up and walk towards the stairs,NA,,,,,,,,,,
VOICE_COMMAND,23408,5/11/2023 10:19,c12f8355-5a14-4ccc-bde4-d8038cae9220,walk to the safe area,she's gonna go and start the tutorial for you so first thing you want to do in the tutorial is sort your patience OK and so you're gonna use those two those two sort of commands so go ahead and start just let me know anybody who can walk get up and walk towards the stairs,,,,,,,,,,
VOICE_COMMAND,23408,5/11/2023 10:19,c12f8355-5a14-4ccc-bde4-d8038cae9220,stand up,she's gonna go and start the tutorial for you so first thing you want to do in the tutorial is sort your patience OK and so you're gonna use those two those two sort of commands so go ahead and start just let me know anybody who can walk get up and walk towards the stairs,,,,,,,,,,
VOICE_CAPTURE,30426,5/11/2023 10:19,c12f8355-5a14-4ccc-bde4-d8038cae9220,wave,NA,,,,,,,,,,
VOICE_COMMAND,30426,5/11/2023 10:19,c12f8355-5a14-4ccc-bde4-d8038cae9220,wave if you can,wave,,,,,,,,,,
S_A_L_T_WAVE_IF_CAN,30427,5/11/2023 10:19,c12f8355-5a14-4ccc-bde4-d8038cae9220,"(3.9, 0.0, -4.7)",waveIfCan,Mike_0 Root,,,,,,,,,
S_A_L_T_WAVED,30427,5/11/2023 10:19,c12f8355-5a14-4ccc-bde4-d8038cae9220,"(3.9, 0.0, -4.7)",waved,Mike_0 Root,,,,,,,,,
S_A_L_T_WAVE_IF_CAN,30427,5/11/2023 10:19,c12f8355-5a14-4ccc-bde4-d8038cae9220,"(2.9, 0.0, 0.1)",waveIfCan,Mike_1 Root,,,,,,,,,
S_A_L_T_WAVED,30427,5/11/2023 10:19,c12f8355-5a14-4ccc-bde4-d8038cae9220,"(2.9, 0.0, 0.1)",waved,Mike_1 Root,,,,,,,,,
S_A_L_T_WAVE_IF_CAN,30427,5/11/2023 10:19,c12f8355-5a14-4ccc-bde4-d8038cae9220,"(3.4, 0.0, -2.5)",waveIfCan,Mike_2 Root,,,,,,,,,
S_A_L_T_WAVED,30427,5/11/2023 10:19,c12f8355-5a14-4ccc-bde4-d8038cae9220,"(3.4, 0.0, -2.5)",waved,Mike_2 Root,,,,,,,,,
S_A_L_T_WALK_IF_CAN,30443,5/11/2023 10:19,c12f8355-5a14-4ccc-bde4-d8038cae9220,"(3.9, 0.0, -4.7)",walkIfCan,Mike_0 Root,,,,,,,,,
S_A_L_T_WALKED,30443,5/11/2023 10:19,c12f8355-5a14-4ccc-bde4-d8038cae9220,"(3.9, 0.0, -4.7)",walked,Mike_0 Root,,,,,,,,,
S_A_L_T_WALK_IF_CAN,30443,5/11/2023 10:19,c12f8355-5a14-4ccc-bde4-d8038cae9220,"(3.4, 0.0, -2.5)",walkIfCan,Mike_2 Root,,,,,,,,,
S_A_L_T_WALKED,30443,5/11/2023 10:19,c12f8355-5a14-4ccc-bde4-d8038cae9220,"(3.4, 0.0, -2.5)",walked,Mike_2 Root,,,,,,,,,
VOICE_CAPTURE,31719,5/11/2023 10:19,c12f8355-5a14-4ccc-bde4-d8038cae9220,OK if you can wave your hand to me,NA,,,,,,,,,,
VOICE_COMMAND,31720,5/11/2023 10:19,c12f8355-5a14-4ccc-bde4-d8038cae9220,wave if you can,OK if you can wave your hand to me,,,,,,,,,,
S_A_L_T_WALK_IF_CAN,31739,5/11/2023 10:19,c12f8355-5a14-4ccc-bde4-d8038cae9220,"(3.9, 0.0, -4.7)",walkIfCan,Mike_0 Root,,,,,,,,,
S_A_L_T_WALKED,31739,5/11/2023 10:19,c12f8355-5a14-4ccc-bde4-d8038cae9220,"(3.9, 0.0, -4.7)",walked,Mike_0 Root,,,,,,,,,
S_A_L_T_WALK_IF_CAN,31739,5/11/2023 10:19,c12f8355-5a14-4ccc-bde4-d8038cae9220,"(3.4, 0.0, -2.5)",walkIfCan,Mike_2 Root,,,,,,,,,
S_A_L_T_WALKED,31739,5/11/2023 10:19,c12f8355-5a14-4ccc-bde4-d8038cae9220,"(3.4, 0.0, -2.5)",walked,Mike_2 Root,,,,,,,,,
VOICE_CAPTURE,34810,5/11/2023 10:19,c12f8355-5a14-4ccc-bde4-d8038cae9220,was that the command,NA,,,,,,,,,,
TELEPORT,35663,5/11/2023 10:19,c12f8355-5a14-4ccc-bde4-d8038cae9220,"(0.8, 0.0, -3.4)",,,,,,,,,,,
VOICE_CAPTURE,36936,5/11/2023 10:19,c12f8355-5a14-4ccc-bde4-d8038cae9220,OK so then I,NA,,,,,,,,,,
VOICE_CAPTURE,42635,5/11/2023 10:19,c12f8355-5a14-4ccc-bde4-d8038cae9220,this fella oh wait we go to unconscious,NA,,,,,,,,,,
VOICE_CAPTURE,43017,5/11/2023 10:19,c12f8355-5a14-4ccc-bde4-d8038cae9220,yes,NA,,,,,,,,,,
BAG_ACCESS,47448,5/11/2023 10:19,c12f8355-5a14-4ccc-bde4-d8038cae9220,"(3.4, 0.8, 4.3)",,,,,,,,,,,
VOICE_CAPTURE,47580,5/11/2023 10:19,c12f8355-5a14-4ccc-bde4-d8038cae9220,and then I reach for this right,NA,,,,,,,,,,
TOOL_HOVER,50892,5/11/2023 10:19,c12f8355-5a14-4ccc-bde4-d8038cae9220,Needle,999,,,,,,,,,,
TOOL_HOVER,50909,5/11/2023 10:19,c12f8355-5a14-4ccc-bde4-d8038cae9220,Needle,999,,,,,,,,,,
TOOL_HOVER,50925,5/11/2023 10:19,c12f8355-5a14-4ccc-bde4-d8038cae9220,Needle,999,,,,,,,,,,
TOOL_SELECTED,50928,5/11/2023 10:19,c12f8355-5a14-4ccc-bde4-d8038cae9220,Needle,998,,,,,,,,,,
PATIENT_ENGAGED,52494,5/11/2023 10:19,c12f8355-5a14-4ccc-bde4-d8038cae9220,100,128,Mike_3 Root,"(3.2, 0.0, 4.3)","(0.0, 0.7, 0.0, -0.7)",IMMEDIATE,still,faint,collapsedRight,normal,unresponsive,supine
VOICE_CAPTURE,53180,5/11/2023 10:19,c12f8355-5a14-4ccc-bde4-d8038cae9220,oh there it is OK and he's got chess so I grab,NA,,,,,,,,,,
INJURY_TREATED,53669,5/11/2023 10:19,c12f8355-5a14-4ccc-bde4-d8038cae9220,R Chest Collapse,Mike_3 Root,decompress,high,chest,TRUE,FALSE,"(0.0, 0.0, 0.0)",,,,
TOOL_APPLIED,53669,5/11/2023 10:19,c12f8355-5a14-4ccc-bde4-d8038cae9220,Needle_Decomp(Clone),Needle,RChest_Breathe1 (UnityEngine.GameObject),cath_needle (UnityEngine.GameObject),right_chest,Needle_Decomp(Clone) (UnityEngine.GameObject),AppliedDecompNeedle,,,,,
VOICE_CAPTURE,58344,5/11/2023 10:19,c12f8355-5a14-4ccc-bde4-d8038cae9220,something like that,NA,,,,,,,,,,
TAG_SELECTED,60065,5/11/2023 10:19,c12f8355-5a14-4ccc-bde4-d8038cae9220,red,,,,,,,,,,,
TAG_APPLIED,62093,5/11/2023 10:19,c12f8355-5a14-4ccc-bde4-d8038cae9220,Mike_3 Root,red,,,,,,,,,,
VOICE_CAPTURE,62109,5/11/2023 10:19,c12f8355-5a14-4ccc-bde4-d8038cae9220,OK so he would be,NA,,,,,,,,,,
PULSE_TAKEN,65019,5/11/2023 10:19,c12f8355-5a14-4ccc-bde4-d8038cae9220,pulse_faint,Mike_3 Root,,,,,,,,,,
VOICE_CAPTURE,65234,5/11/2023 10:19,c12f8355-5a14-4ccc-bde4-d8038cae9220,immediate,NA,,,,,,,,,,
VOICE_CAPTURE,67769,5/11/2023 10:19,c12f8355-5a14-4ccc-bde4-d8038cae9220,what's up,NA,,,,,,,,,,
VOICE_CAPTURE,70455,5/11/2023 10:19,c12f8355-5a14-4ccc-bde4-d8038cae9220,you can feel it that's pretty cool,NA,,,,,,,,,,
VOICE_CAPTURE,75246,5/11/2023 10:20,c12f8355-5a14-4ccc-bde4-d8038cae9220,yeah right on so how do I,NA,,,,,,,,,,
VOICE_CAPTURE,81298,5/11/2023 10:20,c12f8355-5a14-4ccc-bde4-d8038cae9220,OK,NA,,,,,,,,,,
VOICE_CAPTURE,83382,5/11/2023 10:20,c12f8355-5a14-4ccc-bde4-d8038cae9220,OK,NA,,,,,,,,,,
BAG_CLOSED,86303,5/11/2023 10:20,c12f8355-5a14-4ccc-bde4-d8038cae9220,"(3.4, 0.8, 4.3)",,,,,,,,,,,
TELEPORT,86303,5/11/2023 10:20,c12f8355-5a14-4ccc-bde4-d8038cae9220,"(3.2, 0.0, 4.2)",,,,,,,,,,,
VOICE_CAPTURE,88702,5/11/2023 10:20,c12f8355-5a14-4ccc-bde4-d8038cae9220,oh wait I clicked the wrong button,NA,,,,,,,,,,
PATIENT_ENGAGED,89603,5/11/2023 10:20,c12f8355-5a14-4ccc-bde4-d8038cae9220,100,Infinity,Mike_1 Root,"(2.9, 0.0, 0.1)","(0.0, 0.7, 0.0, -0.7)",DELAYED,waver,normal,normal,normal,upset,recovery
VOICE_CAPTURE,90576,5/11/2023 10:20,c12f8355-5a14-4ccc-bde4-d8038cae9220,this fella,NA,,,,,,,,,,
TELEPORT,91198,5/11/2023 10:20,c12f8355-5a14-4ccc-bde4-d8038cae9220,"(3.2, 0.0, 0.6)",,,,,,,,,,,
VOICE_CAPTURE,91881,5/11/2023 10:20,c12f8355-5a14-4ccc-bde4-d8038cae9220,where's he at,NA,,,,,,,,,,
VOICE_CAPTURE,93065,5/11/2023 10:20,c12f8355-5a14-4ccc-bde4-d8038cae9220,oh man I'm,NA,,,,,,,,,,
VOICE_CAPTURE,96181,5/11/2023 10:20,c12f8355-5a14-4ccc-bde4-d8038cae9220,let's go over here,NA,,,,,,,,,,
BAG_ACCESS,96815,5/11/2023 10:20,c12f8355-5a14-4ccc-bde4-d8038cae9220,"(2.6, 0.8, 1.0)",,,,,,,,,,,
TOOL_HOVER,99691,5/11/2023 10:20,c12f8355-5a14-4ccc-bde4-d8038cae9220,Tourniquet,999,,,,,,,,,,
TOOL_HOVER,99706,5/11/2023 10:20,c12f8355-5a14-4ccc-bde4-d8038cae9220,Tourniquet,999,,,,,,,,,,
TOOL_HOVER,99724,5/11/2023 10:20,c12f8355-5a14-4ccc-bde4-d8038cae9220,Tourniquet,999,,,,,,,,,,
TOOL_HOVER,99739,5/11/2023 10:20,c12f8355-5a14-4ccc-bde4-d8038cae9220,Tourniquet,999,,,,,,,,,,
TOOL_HOVER,99757,5/11/2023 10:20,c12f8355-5a14-4ccc-bde4-d8038cae9220,Tourniquet,999,,,,,,,,,,
TOOL_HOVER,99774,5/11/2023 10:20,c12f8355-5a14-4ccc-bde4-d8038cae9220,Tourniquet,999,,,,,,,,,,
TOOL_HOVER,99791,5/11/2023 10:20,c12f8355-5a14-4ccc-bde4-d8038cae9220,Tourniquet,999,,,,,,,,,,
TOOL_HOVER,99807,5/11/2023 10:20,c12f8355-5a14-4ccc-bde4-d8038cae9220,Tourniquet,999,,,,,,,,,,
TOOL_HOVER,99824,5/11/2023 10:20,c12f8355-5a14-4ccc-bde4-d8038cae9220,Tourniquet,999,,,,,,,,,,
TOOL_HOVER,99841,5/11/2023 10:20,c12f8355-5a14-4ccc-bde4-d8038cae9220,Tourniquet,999,,,,,,,,,,
TOOL_HOVER,99856,5/11/2023 10:20,c12f8355-5a14-4ccc-bde4-d8038cae9220,Tourniquet,999,,,,,,,,,,
TOOL_HOVER,99874,5/11/2023 10:20,c12f8355-5a14-4ccc-bde4-d8038cae9220,Tourniquet,999,,,,,,,,,,
TOOL_SELECTED,99875,5/11/2023 10:20,c12f8355-5a14-4ccc-bde4-d8038cae9220,Tourniquet,998,,,,,,,,,,
INJURY_TREATED,101805,5/11/2023 10:20,c12f8355-5a14-4ccc-bde4-d8038cae9220,L Thigh Laceration,Mike_1 Root,tourniquet,medium,leftLeg,TRUE,FALSE,"(2.8, 0.3, 0.3)",,,,
TOOL_APPLIED,101805,5/11/2023 10:20,c12f8355-5a14-4ccc-bde4-d8038cae9220,Mike_1 Root,Tourniquet,LeftUpLeg (UnityEngine.GameObject),tor_ring (1) (UnityEngine.GameObject),tourniquet(Clone) (UnityEngine.GameObject),AppliedTourniquet,,,,,,
VOICE_CAPTURE,101952,5/11/2023 10:20,c12f8355-5a14-4ccc-bde4-d8038cae9220,I pull that up and then I can,NA,,,,,,,,,,
PULSE_TAKEN,103936,5/11/2023 10:20,c12f8355-5a14-4ccc-bde4-d8038cae9220,pulse_normal,Mike_1 Root,,,,,,,,,,
VOICE_CAPTURE,106254,5/11/2023 10:20,c12f8355-5a14-4ccc-bde4-d8038cae9220,well that's kind of honest,NA,,,,,,,,,,
VOICE_CAPTURE,107760,5/11/2023 10:20,c12f8355-5a14-4ccc-bde4-d8038cae9220,OK,NA,,,,,,,,,,
TAG_SELECTED,109865,5/11/2023 10:20,c12f8355-5a14-4ccc-bde4-d8038cae9220,yellow,,,,,,,,,,,
TAG_APPLIED,111418,5/11/2023 10:20,c12f8355-5a14-4ccc-bde4-d8038cae9220,Mike_1 Root,yellow,,,,,,,,,,
VOICE_CAPTURE,113460,5/11/2023 10:20,c12f8355-5a14-4ccc-bde4-d8038cae9220,OK then he would get would he get delayed now,NA,,,,,,,,,,
VOICE_CAPTURE,120226,5/11/2023 10:20,c12f8355-5a14-4ccc-bde4-d8038cae9220,like say a shrapnel wound to his chest or an abdomen,NA,,,,,,,,,,
VOICE_CAPTURE,122364,5/11/2023 10:20,c12f8355-5a14-4ccc-bde4-d8038cae9220,because we're concerned about anything in here right,NA,,,,,,,,,,
PULSE_TAKEN,124750,5/11/2023 10:20,c12f8355-5a14-4ccc-bde4-d8038cae9220,pulse_normal,Mike_1 Root,,,,,,,,,,
BAG_CLOSED,131200,5/11/2023 10:20,c12f8355-5a14-4ccc-bde4-d8038cae9220,"(2.6, 0.8, 1.0)",,,,,,,,,,,
TELEPORT,131200,5/11/2023 10:20,c12f8355-5a14-4ccc-bde4-d8038cae9220,"(2.7, 0.0, 1.1)",,,,,,,,,,,
VOICE_CAPTURE,131715,5/11/2023 10:20,c12f8355-5a14-4ccc-bde4-d8038cae9220,I'm telling you what that is cool is all get out right there,NA,,,,,,,,,,
PATIENT_ENGAGED,133090,5/11/2023 10:20,c12f8355-5a14-4ccc-bde4-d8038cae9220,100,Infinity,Mike_2 Root,"(3.2, 0.0, -2.7)","(0.0, 0.3, 0.0, 1.0)",IMMEDIATE,walker,fast,normal,normal,upset,standing
VOICE_CAPTURE,137128,5/11/2023 10:21,c12f8355-5a14-4ccc-bde4-d8038cae9220,what's up dude,NA,,,,,,,,,,
VOICE_CAPTURE,137331,5/11/2023 10:21,c12f8355-5a14-4ccc-bde4-d8038cae9220,are you hurt,NA,,,,,,,,,,
VOICE_COMMAND,137331,5/11/2023 10:21,c12f8355-5a14-4ccc-bde4-d8038cae9220,are you hurt,are you hurt,,,,,,,,,,
BAG_ACCESS,139469,5/11/2023 10:21,c12f8355-5a14-4ccc-bde4-d8038cae9220,"(3.1, 0.8, -2.0)",,,,,,,,,,,
VOICE_CAPTURE,140236,5/11/2023 10:21,c12f8355-5a14-4ccc-bde4-d8038cae9220,modbutton groan,NA,,,,,,,,,,
VOICE_COMMAND,140236,5/11/2023 10:21,c12f8355-5a14-4ccc-bde4-d8038cae9220,modbutton groan,modbutton groan,,,,,,,,,,
TOOL_HOVER,140889,5/11/2023 10:21,c12f8355-5a14-4ccc-bde4-d8038cae9220,Hemostatic Gauze,999,,,,,,,,,,
TOOL_HOVER,140905,5/11/2023 10:21,c12f8355-5a14-4ccc-bde4-d8038cae9220,Hemostatic Gauze,999,,,,,,,,,,
TOOL_HOVER,140922,5/11/2023 10:21,c12f8355-5a14-4ccc-bde4-d8038cae9220,Hemostatic Gauze,999,,,,,,,,,,
TOOL_HOVER,140937,5/11/2023 10:21,c12f8355-5a14-4ccc-bde4-d8038cae9220,Hemostatic Gauze,999,,,,,,,,,,
TOOL_HOVER,140954,5/11/2023 10:21,c12f8355-5a14-4ccc-bde4-d8038cae9220,Hemostatic Gauze,999,,,,,,,,,,
TOOL_HOVER,140972,5/11/2023 10:21,c12f8355-5a14-4ccc-bde4-d8038cae9220,Hemostatic Gauze,999,,,,,,,,,,
TOOL_HOVER,140989,5/11/2023 10:21,c12f8355-5a14-4ccc-bde4-d8038cae9220,Hemostatic Gauze,999,,,,,,,,,,
TOOL_HOVER,141005,5/11/2023 10:21,c12f8355-5a14-4ccc-bde4-d8038cae9220,Hemostatic Gauze,999,,,,,,,,,,
TOOL_HOVER,141022,5/11/2023 10:21,c12f8355-5a14-4ccc-bde4-d8038cae9220,Hemostatic Gauze,999,,,,,,,,,,
TOOL_HOVER,141038,5/11/2023 10:21,c12f8355-5a14-4ccc-bde4-d8038cae9220,Hemostatic Gauze,999,,,,,,,,,,
TOOL_HOVER,141055,5/11/2023 10:21,c12f8355-5a14-4ccc-bde4-d8038cae9220,Hemostatic Gauze,999,,,,,,,,,,
TOOL_HOVER,141072,5/11/2023 10:21,c12f8355-5a14-4ccc-bde4-d8038cae9220,Hemostatic Gauze,999,,,,,,,,,,
TOOL_HOVER,141089,5/11/2023 10:21,c12f8355-5a14-4ccc-bde4-d8038cae9220,Hemostatic Gauze,999,,,,,,,,,,
TOOL_HOVER,141106,5/11/2023 10:21,c12f8355-5a14-4ccc-bde4-d8038cae9220,Hemostatic Gauze,999,,,,,,,,,,
TOOL_HOVER,141122,5/11/2023 10:21,c12f8355-5a14-4ccc-bde4-d8038cae9220,Hemostatic Gauze,999,,,,,,,,,,
TOOL_HOVER,141139,5/11/2023 10:21,c12f8355-5a14-4ccc-bde4-d8038cae9220,Hemostatic Gauze,999,,,,,,,,,,
TOOL_HOVER,141155,5/11/2023 10:21,c12f8355-5a14-4ccc-bde4-d8038cae9220,Hemostatic Gauze,999,,,,,,,,,,
TOOL_HOVER,141173,5/11/2023 10:21,c12f8355-5a14-4ccc-bde4-d8038cae9220,Hemostatic Gauze,999,,,,,,,,,,
TOOL_HOVER,141190,5/11/2023 10:21,c12f8355-5a14-4ccc-bde4-d8038cae9220,Hemostatic Gauze,999,,,,,,,,,,
TOOL_HOVER,141205,5/11/2023 10:21,c12f8355-5a14-4ccc-bde4-d8038cae9220,Hemostatic Gauze,999,,,,,,,,,,
TOOL_HOVER,141223,5/11/2023 10:21,c12f8355-5a14-4ccc-bde4-d8038cae9220,Hemostatic Gauze,999,,,,,,,,,,
TOOL_HOVER,141239,5/11/2023 10:21,c12f8355-5a14-4ccc-bde4-d8038cae9220,Hemostatic Gauze,999,,,,,,,,,,
TOOL_HOVER,141256,5/11/2023 10:21,c12f8355-5a14-4ccc-bde4-d8038cae9220,Hemostatic Gauze,999,,,,,,,,,,
TOOL_HOVER,141274,5/11/2023 10:21,c12f8355-5a14-4ccc-bde4-d8038cae9220,Hemostatic Gauze,999,,,,,,,,,,
TOOL_SELECTED,141275,5/11/2023 10:21,c12f8355-5a14-4ccc-bde4-d8038cae9220,Hemostatic Gauze,998,,,,,,,,,,
TOOL_DISCARDED,142762,5/11/2023 10:21,c12f8355-5a14-4ccc-bde4-d8038cae9220,Hemostatic Gauze,998,"(3.0, 1.4, -2.5)",,,,,,,,,
INJURY_TREATED,142763,5/11/2023 10:21,c12f8355-5a14-4ccc-bde4-d8038cae9220,L Shoulder Puncture,Mike_2 Root,woundpack,medium,chest,TRUE,FALSE,"(3.0, 1.4, -2.5)",,,,
TOOL_APPLIED,142763,5/11/2023 10:21,c12f8355-5a14-4ccc-bde4-d8038cae9220,Mike_2 Root,Gauze_Pack,skinCollider_BodyCollideLOD (UnityEngine.GameObject),null,null,AppliedPackingGauze,,,,,,
VOICE_CAPTURE,143044,5/11/2023 10:21,c12f8355-5a14-4ccc-bde4-d8038cae9220,modbutton groan,NA,,,,,,,,,,
VOICE_COMMAND,143044,5/11/2023 10:21,c12f8355-5a14-4ccc-bde4-d8038cae9220,modbutton groan,modbutton groan,,,,,,,,,,
VOICE_CAPTURE,143278,5/11/2023 10:21,c12f8355-5a14-4ccc-bde4-d8038cae9220,OK then I can grab this,NA,,,,,,,,,,
PULSE_TAKEN,145499,5/11/2023 10:21,c12f8355-5a14-4ccc-bde4-d8038cae9220,pulse_fast,Mike_2 Root,,,,,,,,,,
VOICE_CAPTURE,147522,5/11/2023 10:21,c12f8355-5a14-4ccc-bde4-d8038cae9220,text pulse,NA,,,,,,,,,,
TAG_SELECTED,151447,5/11/2023 10:21,c12f8355-5a14-4ccc-bde4-d8038cae9220,yellow,,,,,,,,,,,
TAG_APPLIED,153218,5/11/2023 10:21,c12f8355-5a14-4ccc-bde4-d8038cae9220,Mike_2 Root,yellow,,,,,,,,,,
TAG_SELECTED,153938,5/11/2023 10:21,c12f8355-5a14-4ccc-bde4-d8038cae9220,red,,,,,,,,,,,
TAG_APPLIED,155407,5/11/2023 10:21,c12f8355-5a14-4ccc-bde4-d8038cae9220,Mike_2 Root,red,,,,,,,,,,
VOICE_CAPTURE,156491,5/11/2023 10:21,c12f8355-5a14-4ccc-bde4-d8038cae9220,so fast let's go he would be a yellow right oh wait he's a red because it's a chest,NA,,,,,,,,,,
VOICE_CAPTURE,158577,5/11/2023 10:21,c12f8355-5a14-4ccc-bde4-d8038cae9220,this thing's kinda,NA,,,,,,,,,,
BAG_CLOSED,161224,5/11/2023 10:21,c12f8355-5a14-4ccc-bde4-d8038cae9220,"(3.1, 0.8, -2.0)",,,,,,,,,,,
TELEPORT,161224,5/11/2023 10:21,c12f8355-5a14-4ccc-bde4-d8038cae9220,"(3.3, 0.0, -1.9)",,,,,,,,,,,
VOICE_CAPTURE,162175,5/11/2023 10:21,c12f8355-5a14-4ccc-bde4-d8038cae9220,OK so then I moved to this fella,NA,,,,,,,,,,
PATIENT_ENGAGED,163632,5/11/2023 10:21,c12f8355-5a14-4ccc-bde4-d8038cae9220,100,Infinity,Mike_0 Root,"(4.0, 0.0, -4.8)","(0.0, 0.3, 0.0, -1.0)",MINIMAL,walker,normal,normal,normal,upset,standing
VOICE_CAPTURE,168891,5/11/2023 10:21,c12f8355-5a14-4ccc-bde4-d8038cae9220,are you hurt,NA,,,,,,,,,,
VOICE_COMMAND,168891,5/11/2023 10:21,c12f8355-5a14-4ccc-bde4-d8038cae9220,are you hurt,are you hurt,,,,,,,,,,
VOICE_CAPTURE,169465,5/11/2023 10:21,c12f8355-5a14-4ccc-bde4-d8038cae9220,and then so we were about to worry about the arm,NA,,,,,,,,,,
BAG_ACCESS,170026,5/11/2023 10:21,c12f8355-5a14-4ccc-bde4-d8038cae9220,"(3.8, 0.8, -3.7)",,,,,,,,,,,
VOICE_CAPTURE,171728,5/11/2023 10:21,c12f8355-5a14-4ccc-bde4-d8038cae9220,so pull this open,NA,,,,,,,,,,
TOOL_HOVER,171797,5/11/2023 10:21,c12f8355-5a14-4ccc-bde4-d8038cae9220,Gauze,999,,,,,,,,,,
TOOL_HOVER,171814,5/11/2023 10:21,c12f8355-5a14-4ccc-bde4-d8038cae9220,Gauze,999,,,,,,,,,,
TOOL_HOVER,171830,5/11/2023 10:21,c12f8355-5a14-4ccc-bde4-d8038cae9220,Gauze,999,,,,,,,,,,
TOOL_HOVER,171847,5/11/2023 10:21,c12f8355-5a14-4ccc-bde4-d8038cae9220,Gauze,999,,,,,,,,,,
TOOL_HOVER,171863,5/11/2023 10:21,c12f8355-5a14-4ccc-bde4-d8038cae9220,Gauze,999,,,,,,,,,,
TOOL_HOVER,171881,5/11/2023 10:21,c12f8355-5a14-4ccc-bde4-d8038cae9220,Gauze,999,,,,,,,,,,
TOOL_HOVER,171897,5/11/2023 10:21,c12f8355-5a14-4ccc-bde4-d8038cae9220,Gauze,999,,,,,,,,,,
TOOL_SELECTED,171898,5/11/2023 10:21,c12f8355-5a14-4ccc-bde4-d8038cae9220,Gauze,998,,,,,,,,,,
VOICE_CAPTURE,173195,5/11/2023 10:21,c12f8355-5a14-4ccc-bde4-d8038cae9220,OK,NA,,,,,,,,,,
TOOL_DISCARDED,173446,5/11/2023 10:21,c12f8355-5a14-4ccc-bde4-d8038cae9220,Gauze,998,"(4.1, 1.0, -4.6)",,,,,,,,,
INJURY_TREATED,173446,5/11/2023 10:21,c12f8355-5a14-4ccc-bde4-d8038cae9220,R Forearm Laceration,Mike_0 Root,gauzePressure,low,rightArm,TRUE,FALSE,"(4.1, 1.0, -4.5)",,,,
TOOL_APPLIED,173447,5/11/2023 10:21,c12f8355-5a14-4ccc-bde4-d8038cae9220,Mike_0 Root,Gauze_Dressing,skinCollider_BodyCollideLOD (UnityEngine.GameObject),null,null,AppliedDressingGauze,,,,,,
VOICE_CAPTURE,174729,5/11/2023 10:21,c12f8355-5a14-4ccc-bde4-d8038cae9220,are you hurt,NA,,,,,,,,,,
VOICE_COMMAND,174729,5/11/2023 10:21,c12f8355-5a14-4ccc-bde4-d8038cae9220,are you hurt,are you hurt,,,,,,,,,,
TAG_SELECTED,175613,5/11/2023 10:21,c12f8355-5a14-4ccc-bde4-d8038cae9220,green,,,,,,,,,,,
TAG_APPLIED,177283,5/11/2023 10:21,c12f8355-5a14-4ccc-bde4-d8038cae9220,Mike_0 Root,green,,,,,,,,,,
VOICE_CAPTURE,177449,5/11/2023 10:21,c12f8355-5a14-4ccc-bde4-d8038cae9220,do that and then I'm gonna give him a green,NA,,,,,,,,,,
SESSION_END,180276,5/11/2023 10:21,c12f8355-5a14-4ccc-bde4-d8038cae9220,,,,,,,,,,,,
VOICE_CAPTURE,181544,5/11/2023 10:21,c12f8355-5a14-4ccc-bde4-d8038cae9220,you got this,NA,,,,,,,,,,
VOICE_CAPTURE,184881,5/11/2023 10:21,c12f8355-5a14-4ccc-bde4-d8038cae9220,right,NA,,,,,,,,,,
TAG_SELECTED,190846,5/11/2023 10:21,c12f8355-5a14-4ccc-bde4-d8038cae9220,gray,,,,,,,,,,,
TAG_DISCARDED,191723,5/11/2023 10:21,c12f8355-5a14-4ccc-bde4-d8038cae9220,gray,"(3.7, 1.0, -3.7)",,,,,,,,,,
VOICE_CAPTURE,192894,5/11/2023 10:21,c12f8355-5a14-4ccc-bde4-d8038cae9220,and so remember those sort commands remember you got that Gray tag yeah,NA,,,,,,,,,,
VOICE_CAPTURE,205820,5/11/2023 10:22,c12f8355-5a14-4ccc-bde4-d8038cae9220,yeah so like anybody that you look at and you're like that and you know and they're like they don't have a call but they're still breathing that's gonna get a great tag OK,NA,,,,,,,,,,
VOICE_CAPTURE,209007,5/11/2023 10:22,c12f8355-5a14-4ccc-bde4-d8038cae9220,alright so Jess is gonna get this started,NA,,,,,,,,,,
BAG_CLOSED,209084,5/11/2023 10:22,c12f8355-5a14-4ccc-bde4-d8038cae9220,"(3.8, 0.8, -3.7)",,,,,,,,,,,
PATIENT_DEMOTED,209660,5/11/2023 10:22,c12f8355-5a14-4ccc-bde4-d8038cae9220,100,Infinity,Bob_0 Root,"(-1.4, 0.0, 5.6)","(0.0, 0.7, 0.0, 0.7)",EXPECTANT,still,faint,restricted,none,unresponsive,supine
PATIENT_DEMOTED,209890,5/11/2023 10:22,c12f8355-5a14-4ccc-bde4-d8038cae9220,100,Infinity,Bob_0 Root,"(-1.5, 0.0, 5.6)","(0.0, 0.7, 0.0, 0.7)",DEAD,still,none,none,none,dead,supine
PATIENT_DEMOTED,210006,5/11/2023 10:22,c12f8355-5a14-4ccc-bde4-d8038cae9220,100,Infinity,Gary_1 Root,"(1.6, 0.0, 7.4)","(0.0, 1.0, 0.0, 0.0)",EXPECTANT,still,faint,restricted,none,unresponsive,supine
PATIENT_DEMOTED,210738,5/11/2023 10:22,c12f8355-5a14-4ccc-bde4-d8038cae9220,100,Infinity,Lily_2 Root,"(2.8, 0.0, 4.3)","(0.0, 1.0, 0.0, 0.0)",IMMEDIATE,waver,fast,fast,normal,agony,fetal
PATIENT_DEMOTED,211405,5/11/2023 10:22,c12f8355-5a14-4ccc-bde4-d8038cae9220,100,0,Gary_3 Root,"(0.4, 0.0, 1.6)","(0.0, 0.0, 0.0, 1.0)",IMMEDIATE,still,faint,collapsedRight,normal,unresponsive,supine
PATIENT_DEMOTED,211998,5/11/2023 10:22,c12f8355-5a14-4ccc-bde4-d8038cae9220,100,Infinity,Lily_4 Root,"(1.2, 0.0, 6.3)","(0.0, 1.0, 0.0, 0.0)",IMMEDIATE,waver,fast,normal,normal,upset,fetal
PATIENT_DEMOTED,212821,5/11/2023 10:22,c12f8355-5a14-4ccc-bde4-d8038cae9220,100,Infinity,Mike_5 Root,"(2.4, 0.0, 2.3)","(0.0, 1.0, 0.0, 0.0)",IMMEDIATE,waver,fast,normal,normal,upset,fetal
PATIENT_DEMOTED,213382,5/11/2023 10:22,c12f8355-5a14-4ccc-bde4-d8038cae9220,100,Infinity,Gloria_6 Root,"(-1.0, 0.0, 2.9)","(0.0, 0.4, 0.0, 0.9)",DELAYED,waver,fast,normal,normal,upset,fetal
PATIENT_DEMOTED,214089,5/11/2023 10:22,c12f8355-5a14-4ccc-bde4-d8038cae9220,100,Infinity,Mike_7 Root,"(1.7, 0.0, 3.9)","(0.0, 0.1, 0.0, 1.0)",IMMEDIATE,waver,fast,normal,normal,upset,sittingGround
PATIENT_DEMOTED,214466,5/11/2023 10:22,c12f8355-5a14-4ccc-bde4-d8038cae9220,100,Infinity,Mike_7 Root,"(1.0, 0.0, 3.7)","(0.0, 0.1, 0.0, 1.0)",DELAYED,waver,fast,normal,normal,upset,sittingGround
SESSION_START,219816,5/11/2023 10:22,c12f8355-5a14-4ccc-bde4-d8038cae9220,,,,,,,,,,,,
PATIENT_RECORD,219816,5/11/2023 10:22,c12f8355-5a14-4ccc-bde4-d8038cae9220,100,Infinity,Bob_0 Root,"(-1.7, 0.0, 5.7)","(0.0, 0.7, 0.0, 0.7)",DEAD,still,none,none,none,dead,supine
INJURY_RECORD,219816,5/11/2023 10:22,c12f8355-5a14-4ccc-bde4-d8038cae9220,Face Shrapnel,Bob_0 Root,airway,high,head,FALSE,FALSE,"(-1.6, 1.7, 5.6)",,,,
INJURY_RECORD,219816,5/11/2023 10:22,c12f8355-5a14-4ccc-bde4-d8038cae9220,L Wrist Amputation,Bob_0 Root,tourniquet,high,leftArm,FALSE,FALSE,"(-1.7, 1.4, 6.3)",,,,
INJURY_RECORD,219816,5/11/2023 10:22,c12f8355-5a14-4ccc-bde4-d8038cae9220,L Chest Collapse,Bob_0 Root,decompress,high,chest,FALSE,FALSE,"(0.0, 0.0, 0.0)",,,,
INJURY_RECORD,219816,5/11/2023 10:22,c12f8355-5a14-4ccc-bde4-d8038cae9220,L Stomach Puncture,Bob_0 Root,woundpack,high,abdomen,FALSE,FALSE,"(-1.6, 1.1, 5.7)",,,,
INJURY_RECORD,219816,5/11/2023 10:22,c12f8355-5a14-4ccc-bde4-d8038cae9220,R Shin Amputation,Bob_0 Root,tourniquet,high,rightLeg,FALSE,FALSE,"(-1.7, 0.4, 5.6)",,,,
INJURY_RECORD,219816,5/11/2023 10:22,c12f8355-5a14-4ccc-bde4-d8038cae9220,L Thigh Laceration,Bob_0 Root,tourniquet,medium,leftLeg,FALSE,FALSE,"(-1.6, 0.7, 5.8)",,,,
PATIENT_RECORD,219816,5/11/2023 10:22,c12f8355-5a14-4ccc-bde4-d8038cae9220,100,Infinity,Gary_1 Root,"(1.6, 0.0, 7.6)","(0.0, 1.0, 0.0, 0.0)",EXPECTANT,still,none,restricted,none,unresponsive,supine
INJURY_RECORD,219816,5/11/2023 10:22,c12f8355-5a14-4ccc-bde4-d8038cae9220,Face Shrapnel,Gary_1 Root,airway,high,head,FALSE,FALSE,"(1.6, 1.7, 7.5)",,,,
PATIENT_RECORD,219816,5/11/2023 10:22,c12f8355-5a14-4ccc-bde4-d8038cae9220,100,Infinity,Lily_2 Root,"(3.0, 0.0, 4.5)","(0.0, 1.0, 0.0, 0.0)",IMMEDIATE,waver,fast,fast,normal,agony,fetal
INJURY_RECORD,219816,5/11/2023 10:22,c12f8355-5a14-4ccc-bde4-d8038cae9220,R Shin Amputation,Lily_2 Root,tourniquet,high,rightLeg,FALSE,FALSE,"(2.9, 0.4, 4.5)",,,,
PATIENT_RECORD,219816,5/11/2023 10:22,c12f8355-5a14-4ccc-bde4-d8038cae9220,100,0,Gary_3 Root,"(0.4, 0.0, 1.7)","(0.0, 0.0, 0.0, 1.0)",IMMEDIATE,still,faint,collapsedRight,normal,unresponsive,supine
INJURY_RECORD,219816,5/11/2023 10:22,c12f8355-5a14-4ccc-bde4-d8038cae9220,R Chest Collapse,Gary_3 Root,decompress,high,chest,FALSE,FALSE,"(0.0, 0.0, 0.0)",,,,
PATIENT_RECORD,219816,5/11/2023 10:22,c12f8355-5a14-4ccc-bde4-d8038cae9220,100,Infinity,Lily_4 Root,"(1.2, 0.0, 6.2)","(0.0, 1.0, 0.0, 0.0)",IMMEDIATE,waver,fast,normal,normal,upset,fetal
INJURY_RECORD,219816,5/11/2023 10:22,c12f8355-5a14-4ccc-bde4-d8038cae9220,L Side Puncture,Lily_4 Root,woundpack,medium,abdomen,FALSE,FALSE,"(1.3, 1.0, 6.2)",,,,
PATIENT_RECORD,219816,5/11/2023 10:22,c12f8355-5a14-4ccc-bde4-d8038cae9220,100,Infinity,Mike_5 Root,"(2.7, 0.0, 2.3)","(0.0, 1.0, 0.0, 0.0)",IMMEDIATE,waver,fast,normal,normal,upset,fetal
INJURY_RECORD,219816,5/11/2023 10:22,c12f8355-5a14-4ccc-bde4-d8038cae9220,R Side Puncture,Mike_5 Root,woundpack,medium,abdomen,FALSE,FALSE,"(2.6, 1.1, 2.2)",,,,
INJURY_RECORD,219816,5/11/2023 10:22,c12f8355-5a14-4ccc-bde4-d8038cae9220,R Thigh Laceration,Mike_5 Root,tourniquet,medium,rightLeg,FALSE,FALSE,"(2.5, 0.6, 2.2)",,,,
PATIENT_RECORD,219816,5/11/2023 10:22,c12f8355-5a14-4ccc-bde4-d8038cae9220,100,Infinity,Gloria_6 Root,"(-1.2, 0.0, 3.1)","(0.0, 0.4, 0.0, 0.9)",DELAYED,waver,fast,normal,normal,upset,fetal
INJURY_RECORD,219816,5/11/2023 10:22,c12f8355-5a14-4ccc-bde4-d8038cae9220,R Calf Shrapnel,Gloria_6 Root,gauzePressure,medium,rightLeg,FALSE,FALSE,"(-1.1, 0.3, 3.0)",,,,
PATIENT_RECORD,219816,5/11/2023 10:22,c12f8355-5a14-4ccc-bde4-d8038cae9220,100,Infinity,Mike_7 Root,"(1.3, 0.0, 3.4)","(0.0, 0.1, 0.0, 1.0)",DELAYED,waver,fast,normal,normal,upset,sittingGround
INJURY_RECORD,219816,5/11/2023 10:22,c12f8355-5a14-4ccc-bde4-d8038cae9220,L Thigh Puncture,Mike_7 Root,tourniquet,medium,leftLeg,FALSE,FALSE,"(1.3, 0.6, 3.5)",,,,
INJURY_RECORD,219816,5/11/2023 10:22,c12f8355-5a14-4ccc-bde4-d8038cae9220,R Calf Laceration,Mike_7 Root,gauzePressure,low,rightLeg,FALSE,FALSE,"(1.4, 0.3, 3.4)",,,,
PATIENT_RECORD,219816,5/11/2023 10:22,c12f8355-5a14-4ccc-bde4-d8038cae9220,100,Infinity,Gloria_8 Root,"(3.7, 0.0, 6.0)","(0.0, 1.0, 0.0, 0.0)",MINIMAL,walker,normal,normal,normal,upset,sittingGround
INJURY_RECORD,219816,5/11/2023 10:22,c12f8355-5a14-4ccc-bde4-d8038cae9220,L Forearm Laceration,Gloria_8 Root,gauzePressure,low,leftArm,FALSE,FALSE,"(4.2, 1.3, 6.0)",,,,
PATIENT_RECORD,219816,5/11/2023 10:22,c12f8355-5a14-4ccc-bde4-d8038cae9220,100,0,Gary_9 Root,"(2.9, 0.0, 9.0)","(0.0, 1.0, 0.0, 0.0)",MINIMAL,walker,normal,normal,limited,calm,standing
INJURY_RECORD,219816,5/11/2023 10:22,c12f8355-5a14-4ccc-bde4-d8038cae9220,Ear Bleed,Gary_9 Root,none,low,head,FALSE,FALSE,"(0.0, 0.0, 0.0)",,,,
PATIENT_RECORD,219816,5/11/2023 10:22,c12f8355-5a14-4ccc-bde4-d8038cae9220,100,Infinity,Helga_10 Root,"(3.9, 0.0, 8.0)","(0.0, 1.0, 0.0, 0.0)",MINIMAL,walker,normal,normal,normal,calm,sittingGround
INJURY_RECORD,219816,5/11/2023 10:22,c12f8355-5a14-4ccc-bde4-d8038cae9220,Forehead Scrape,Helga_10 Root,none,low,head,FALSE,FALSE,"(4.0, 1.5, 7.9)",,,,
VOICE_CAPTURE,221995,5/11/2023 10:22,c12f8355-5a14-4ccc-bde4-d8038cae9220,and your scenario is you've been dispatched to report of a subway explosion you're the first on scene you're the only one there and help is 15 minutes away,NA,,,,,,,,,,
VOICE_CAPTURE,228615,5/11/2023 10:22,c12f8355-5a14-4ccc-bde4-d8038cae9220,oh I was just say it was like there's nobody down,NA,,,,,,,,,,
VOICE_CAPTURE,232523,5/11/2023 10:22,c12f8355-5a14-4ccc-bde4-d8038cae9220,walk,NA,,,,,,,,,,
VOICE_COMMAND,232523,5/11/2023 10:22,c12f8355-5a14-4ccc-bde4-d8038cae9220,walk to the safe area,walk,,,,,,,,,,
S_A_L_T_WALK_IF_CAN,232523,5/11/2023 10:22,c12f8355-5a14-4ccc-bde4-d8038cae9220,"(3.0, 0.0, 4.5)",walkIfCan,Lily_2 Root,,,,,,,,,
S_A_L_T_WALK_IF_CAN,232523,5/11/2023 10:22,c12f8355-5a14-4ccc-bde4-d8038cae9220,"(1.2, 0.0, 6.2)",walkIfCan,Lily_4 Root,,,,,,,,,
S_A_L_T_WALK_IF_CAN,232523,5/11/2023 10:22,c12f8355-5a14-4ccc-bde4-d8038cae9220,"(2.7, 0.0, 2.3)",walkIfCan,Mike_5 Root,,,,,,,,,
S_A_L_T_WALK_IF_CAN,232523,5/11/2023 10:22,c12f8355-5a14-4ccc-bde4-d8038cae9220,"(-1.2, 0.0, 3.1)",walkIfCan,Gloria_6 Root,,,,,,,,,
S_A_L_T_WALK_IF_CAN,232523,5/11/2023 10:22,c12f8355-5a14-4ccc-bde4-d8038cae9220,"(1.3, 0.0, 3.4)",walkIfCan,Mike_7 Root,,,,,,,,,
S_A_L_T_WALK_IF_CAN,232523,5/11/2023 10:22,c12f8355-5a14-4ccc-bde4-d8038cae9220,"(3.7, 0.0, 6.0)",walkIfCan,Gloria_8 Root,,,,,,,,,
S_A_L_T_WALKED,232523,5/11/2023 10:22,c12f8355-5a14-4ccc-bde4-d8038cae9220,"(3.7, 0.0, 6.0)",walked,Gloria_8 Root,,,,,,,,,
S_A_L_T_WALK_IF_CAN,232523,5/11/2023 10:22,c12f8355-5a14-4ccc-bde4-d8038cae9220,"(3.9, 0.0, 8.0)",walkIfCan,Helga_10 Root,,,,,,,,,
S_A_L_T_WALKED,232523,5/11/2023 10:22,c12f8355-5a14-4ccc-bde4-d8038cae9220,"(3.9, 0.0, 8.0)",walked,Helga_10 Root,,,,,,,,,
VOICE_CAPTURE,233289,5/11/2023 10:22,c12f8355-5a14-4ccc-bde4-d8038cae9220,OK if you can hear me and you're able to walk over to the stairs,NA,,,,,,,,,,
VOICE_COMMAND,233289,5/11/2023 10:22,c12f8355-5a14-4ccc-bde4-d8038cae9220,walk to the safe area,OK if you can hear me and you're able to walk over to the stairs,,,,,,,,,,
VOICE_CAPTURE,239475,5/11/2023 10:22,c12f8355-5a14-4ccc-bde4-d8038cae9220,wave,NA,,,,,,,,,,
VOICE_COMMAND,239476,5/11/2023 10:22,c12f8355-5a14-4ccc-bde4-d8038cae9220,wave if you can,wave,,,,,,,,,,
S_A_L_T_WAVE_IF_CAN,239476,5/11/2023 10:22,c12f8355-5a14-4ccc-bde4-d8038cae9220,"(3.0, 0.0, 4.5)",waveIfCan,Lily_2 Root,,,,,,,,,
S_A_L_T_WAVED,239476,5/11/2023 10:22,c12f8355-5a14-4ccc-bde4-d8038cae9220,"(3.0, 0.0, 4.5)",waved,Lily_2 Root,,,,,,,,,
S_A_L_T_WAVE_IF_CAN,239476,5/11/2023 10:22,c12f8355-5a14-4ccc-bde4-d8038cae9220,"(1.2, 0.0, 6.2)",waveIfCan,Lily_4 Root,,,,,,,,,
S_A_L_T_WAVED,239476,5/11/2023 10:22,c12f8355-5a14-4ccc-bde4-d8038cae9220,"(1.2, 0.0, 6.2)",waved,Lily_4 Root,,,,,,,,,
S_A_L_T_WAVE_IF_CAN,239476,5/11/2023 10:22,c12f8355-5a14-4ccc-bde4-d8038cae9220,"(2.7, 0.0, 2.3)",waveIfCan,Mike_5 Root,,,,,,,,,
S_A_L_T_WAVED,239476,5/11/2023 10:22,c12f8355-5a14-4ccc-bde4-d8038cae9220,"(2.7, 0.0, 2.3)",waved,Mike_5 Root,,,,,,,,,
S_A_L_T_WAVE_IF_CAN,239476,5/11/2023 10:22,c12f8355-5a14-4ccc-bde4-d8038cae9220,"(-1.2, 0.0, 3.1)",waveIfCan,Gloria_6 Root,,,,,,,,,
S_A_L_T_WAVED,239476,5/11/2023 10:22,c12f8355-5a14-4ccc-bde4-d8038cae9220,"(-1.2, 0.0, 3.1)",waved,Gloria_6 Root,,,,,,,,,
S_A_L_T_WAVE_IF_CAN,239476,5/11/2023 10:22,c12f8355-5a14-4ccc-bde4-d8038cae9220,"(1.3, 0.0, 3.4)",waveIfCan,Mike_7 Root,,,,,,,,,
S_A_L_T_WAVED,239476,5/11/2023 10:22,c12f8355-5a14-4ccc-bde4-d8038cae9220,"(1.3, 0.0, 3.4)",waved,Mike_7 Root,,,,,,,,,
S_A_L_T_WAVE_IF_CAN,239476,5/11/2023 10:22,c12f8355-5a14-4ccc-bde4-d8038cae9220,"(4.2, 0.0, 1.0)",waveIfCan,Gloria_8 Root,,,,,,,,,
S_A_L_T_WAVE_IF_CAN,239476,5/11/2023 10:22,c12f8355-5a14-4ccc-bde4-d8038cae9220,"(2.2, 0.0, 2.7)",waveIfCan,Helga_10 Root,,,,,,,,,
S_A_L_T_WALK_IF_CAN,239492,5/11/2023 10:22,c12f8355-5a14-4ccc-bde4-d8038cae9220,"(2.7, 0.0, 2.3)",walkIfCan,Mike_5 Root,,,,,,,,,
S_A_L_T_WALK_IF_CAN,239492,5/11/2023 10:22,c12f8355-5a14-4ccc-bde4-d8038cae9220,"(4.2, 0.0, 1.0)",walkIfCan,Gloria_8 Root,,,,,,,,,
S_A_L_T_WALKED,239492,5/11/2023 10:22,c12f8355-5a14-4ccc-bde4-d8038cae9220,"(4.2, 0.0, 1.0)",walked,Gloria_8 Root,,,,,,,,,
S_A_L_T_WALK_IF_CAN,239492,5/11/2023 10:22,c12f8355-5a14-4ccc-bde4-d8038cae9220,"(2.2, 0.0, 2.7)",walkIfCan,Helga_10 Root,,,,,,,,,
S_A_L_T_WALKED,239492,5/11/2023 10:22,c12f8355-5a14-4ccc-bde4-d8038cae9220,"(2.2, 0.0, 2.7)",walked,Helga_10 Root,,,,,,,,,
VOICE_CAPTURE,240585,5/11/2023 10:22,c12f8355-5a14-4ccc-bde4-d8038cae9220,if you can understand my commands wave to me,NA,,,,,,,,,,
VOICE_COMMAND,240585,5/11/2023 10:22,c12f8355-5a14-4ccc-bde4-d8038cae9220,wave if you can,if you can understand my commands wave to me,,,,,,,,,,
VOICE_COMMAND,240585,5/11/2023 10:22,c12f8355-5a14-4ccc-bde4-d8038cae9220,stand up,if you can understand my commands wave to me,,,,,,,,,,
TELEPORT,247187,5/11/2023 10:22,c12f8355-5a14-4ccc-bde4-d8038cae9220,"(0.8, 0.0, -2.3)",,,,,,,,,,,
VOICE_CAPTURE,247638,5/11/2023 10:22,c12f8355-5a14-4ccc-bde4-d8038cae9220,OK so,NA,,,,,,,,,,
PATIENT_ENGAGED,250016,5/11/2023 10:22,c12f8355-5a14-4ccc-bde4-d8038cae9220,100,0,Gary_3 Root,"(0.4, 0.0, 1.7)","(0.0, 0.0, 0.0, 1.0)",IMMEDIATE,still,faint,collapsedRight,normal,unresponsive,supine
VOICE_CAPTURE,250665,5/11/2023 10:22,c12f8355-5a14-4ccc-bde4-d8038cae9220,let's go here,NA,,,,,,,,,,
PULSE_TAKEN,251832,5/11/2023 10:22,c12f8355-5a14-4ccc-bde4-d8038cae9220,pulse_faint,Gary_3 Root,,,,,,,,,,
VOICE_CAPTURE,253722,5/11/2023 10:22,c12f8355-5a14-4ccc-bde4-d8038cae9220,check for pulse,NA,,,,,,,,,,
VOICE_CAPTURE,255647,5/11/2023 10:23,c12f8355-5a14-4ccc-bde4-d8038cae9220,got a pulse,NA,,,,,,,,,,
BAG_ACCESS,256032,5/11/2023 10:23,c12f8355-5a14-4ccc-bde4-d8038cae9220,"(0.9, 0.7, 0.8)",,,,,,,,,,,
TOOL_HOVER,256965,5/11/2023 10:23,c12f8355-5a14-4ccc-bde4-d8038cae9220,Needle,998,,,,,,,,,,
TOOL_HOVER,256983,5/11/2023 10:23,c12f8355-5a14-4ccc-bde4-d8038cae9220,Needle,998,,,,,,,,,,
TOOL_HOVER,256997,5/11/2023 10:23,c12f8355-5a14-4ccc-bde4-d8038cae9220,Needle,998,,,,,,,,,,
TOOL_HOVER,257013,5/11/2023 10:23,c12f8355-5a14-4ccc-bde4-d8038cae9220,Needle,998,,,,,,,,,,
TOOL_HOVER,257030,5/11/2023 10:23,c12f8355-5a14-4ccc-bde4-d8038cae9220,Needle,998,,,,,,,,,,
TOOL_HOVER,257047,5/11/2023 10:23,c12f8355-5a14-4ccc-bde4-d8038cae9220,Needle,998,,,,,,,,,,
TOOL_HOVER,257064,5/11/2023 10:23,c12f8355-5a14-4ccc-bde4-d8038cae9220,Needle,998,,,,,,,,,,
TOOL_HOVER,257080,5/11/2023 10:23,c12f8355-5a14-4ccc-bde4-d8038cae9220,Needle,998,,,,,,,,,,
TOOL_HOVER,257096,5/11/2023 10:23,c12f8355-5a14-4ccc-bde4-d8038cae9220,Needle,998,,,,,,,,,,
TOOL_HOVER,257113,5/11/2023 10:23,c12f8355-5a14-4ccc-bde4-d8038cae9220,Needle,998,,,,,,,,,,
TOOL_HOVER,257130,5/11/2023 10:23,c12f8355-5a14-4ccc-bde4-d8038cae9220,Needle,998,,,,,,,,,,
TOOL_HOVER,257147,5/11/2023 10:23,c12f8355-5a14-4ccc-bde4-d8038cae9220,Needle,998,,,,,,,,,,
TOOL_HOVER,257363,5/11/2023 10:23,c12f8355-5a14-4ccc-bde4-d8038cae9220,Needle,998,,,,,,,,,,
TOOL_HOVER,257379,5/11/2023 10:23,c12f8355-5a14-4ccc-bde4-d8038cae9220,Needle,998,,,,,,,,,,
TOOL_HOVER,257396,5/11/2023 10:23,c12f8355-5a14-4ccc-bde4-d8038cae9220,Needle,998,,,,,,,,,,
TOOL_HOVER,257413,5/11/2023 10:23,c12f8355-5a14-4ccc-bde4-d8038cae9220,Needle,998,,,,,,,,,,
TOOL_HOVER,257552,5/11/2023 10:23,c12f8355-5a14-4ccc-bde4-d8038cae9220,Tourniquet,998,,,,,,,,,,
TOOL_HOVER,257559,5/11/2023 10:23,c12f8355-5a14-4ccc-bde4-d8038cae9220,Tourniquet,998,,,,,,,,,,
TOOL_HOVER,257567,5/11/2023 10:23,c12f8355-5a14-4ccc-bde4-d8038cae9220,Tourniquet,998,,,,,,,,,,
TOOL_HOVER,257577,5/11/2023 10:23,c12f8355-5a14-4ccc-bde4-d8038cae9220,Tourniquet,998,,,,,,,,,,
TOOL_HOVER,257585,5/11/2023 10:23,c12f8355-5a14-4ccc-bde4-d8038cae9220,Tourniquet,998,,,,,,,,,,
TOOL_HOVER,257593,5/11/2023 10:23,c12f8355-5a14-4ccc-bde4-d8038cae9220,Tourniquet,998,,,,,,,,,,
TOOL_HOVER,257600,5/11/2023 10:23,c12f8355-5a14-4ccc-bde4-d8038cae9220,Tourniquet,998,,,,,,,,,,
TOOL_HOVER,257609,5/11/2023 10:23,c12f8355-5a14-4ccc-bde4-d8038cae9220,Tourniquet,998,,,,,,,,,,
TOOL_HOVER,257618,5/11/2023 10:23,c12f8355-5a14-4ccc-bde4-d8038cae9220,Tourniquet,998,,,,,,,,,,
TOOL_HOVER,257626,5/11/2023 10:23,c12f8355-5a14-4ccc-bde4-d8038cae9220,Tourniquet,998,,,,,,,,,,
TOOL_HOVER,257635,5/11/2023 10:23,c12f8355-5a14-4ccc-bde4-d8038cae9220,Tourniquet,998,,,,,,,,,,
TOOL_HOVER,257642,5/11/2023 10:23,c12f8355-5a14-4ccc-bde4-d8038cae9220,Tourniquet,998,,,,,,,,,,
TOOL_HOVER,257651,5/11/2023 10:23,c12f8355-5a14-4ccc-bde4-d8038cae9220,Gauze,999,,,,,,,,,,
TOOL_HOVER,257662,5/11/2023 10:23,c12f8355-5a14-4ccc-bde4-d8038cae9220,Gauze,999,,,,,,,,,,
TOOL_HOVER,257669,5/11/2023 10:23,c12f8355-5a14-4ccc-bde4-d8038cae9220,Gauze,999,,,,,,,,,,
TOOL_HOVER,257678,5/11/2023 10:23,c12f8355-5a14-4ccc-bde4-d8038cae9220,Gauze,999,,,,,,,,,,
TOOL_HOVER,257686,5/11/2023 10:23,c12f8355-5a14-4ccc-bde4-d8038cae9220,Gauze,999,,,,,,,,,,
TOOL_HOVER,257695,5/11/2023 10:23,c12f8355-5a14-4ccc-bde4-d8038cae9220,Gauze,999,,,,,,,,,,
TOOL_HOVER,257703,5/11/2023 10:23,c12f8355-5a14-4ccc-bde4-d8038cae9220,Gauze,999,,,,,,,,,,
TOOL_HOVER,257710,5/11/2023 10:23,c12f8355-5a14-4ccc-bde4-d8038cae9220,Gauze,999,,,,,,,,,,
TOOL_HOVER,257721,5/11/2023 10:23,c12f8355-5a14-4ccc-bde4-d8038cae9220,Gauze,999,,,,,,,,,,
TOOL_HOVER,257729,5/11/2023 10:23,c12f8355-5a14-4ccc-bde4-d8038cae9220,Gauze,999,,,,,,,,,,
TOOL_HOVER,257738,5/11/2023 10:23,c12f8355-5a14-4ccc-bde4-d8038cae9220,Gauze,999,,,,,,,,,,
TOOL_HOVER,257747,5/11/2023 10:23,c12f8355-5a14-4ccc-bde4-d8038cae9220,Gauze,999,,,,,,,,,,
VOICE_CAPTURE,258080,5/11/2023 10:23,c12f8355-5a14-4ccc-bde4-d8038cae9220,pull this up,NA,,,,,,,,,,
TOOL_HOVER,258264,5/11/2023 10:23,c12f8355-5a14-4ccc-bde4-d8038cae9220,Needle,998,,,,,,,,,,
TOOL_HOVER,258282,5/11/2023 10:23,c12f8355-5a14-4ccc-bde4-d8038cae9220,Needle,998,,,,,,,,,,
TOOL_HOVER,258298,5/11/2023 10:23,c12f8355-5a14-4ccc-bde4-d8038cae9220,Needle,998,,,,,,,,,,
TOOL_HOVER,258315,5/11/2023 10:23,c12f8355-5a14-4ccc-bde4-d8038cae9220,Needle,998,,,,,,,,,,
TOOL_HOVER,258331,5/11/2023 10:23,c12f8355-5a14-4ccc-bde4-d8038cae9220,Needle,998,,,,,,,,,,
TOOL_HOVER,258355,5/11/2023 10:23,c12f8355-5a14-4ccc-bde4-d8038cae9220,Needle,998,,,,,,,,,,
TOOL_HOVER,258364,5/11/2023 10:23,c12f8355-5a14-4ccc-bde4-d8038cae9220,Needle,998,,,,,,,,,,
TOOL_HOVER,258381,5/11/2023 10:23,c12f8355-5a14-4ccc-bde4-d8038cae9220,Needle,998,,,,,,,,,,
TOOL_HOVER,258398,5/11/2023 10:23,c12f8355-5a14-4ccc-bde4-d8038cae9220,Needle,998,,,,,,,,,,
TOOL_HOVER,258414,5/11/2023 10:23,c12f8355-5a14-4ccc-bde4-d8038cae9220,Needle,998,,,,,,,,,,
TOOL_HOVER,258431,5/11/2023 10:23,c12f8355-5a14-4ccc-bde4-d8038cae9220,Needle,998,,,,,,,,,,
TOOL_HOVER,258447,5/11/2023 10:23,c12f8355-5a14-4ccc-bde4-d8038cae9220,Needle,998,,,,,,,,,,
TOOL_HOVER,258464,5/11/2023 10:23,c12f8355-5a14-4ccc-bde4-d8038cae9220,Needle,998,,,,,,,,,,
TOOL_HOVER,258481,5/11/2023 10:23,c12f8355-5a14-4ccc-bde4-d8038cae9220,Needle,998,,,,,,,,,,
TOOL_SELECTED,258483,5/11/2023 10:23,c12f8355-5a14-4ccc-bde4-d8038cae9220,Needle,997,,,,,,,,,,
VOICE_CAPTURE,259198,5/11/2023 10:23,c12f8355-5a14-4ccc-bde4-d8038cae9220,crap,NA,,,,,,,,,,
INJURY_TREATED,260799,5/11/2023 10:23,c12f8355-5a14-4ccc-bde4-d8038cae9220,R Chest Collapse,Gary_3 Root,decompress,high,chest,TRUE,FALSE,"(0.0, 0.0, 0.0)",,,,
TOOL_APPLIED,260799,5/11/2023 10:23,c12f8355-5a14-4ccc-bde4-d8038cae9220,Needle_Decomp(Clone),Needle,RChest_Breathe1 (UnityEngine.GameObject),cath_needle (UnityEngine.GameObject),right_chest,Needle_Decomp(Clone) (UnityEngine.GameObject),AppliedDecompNeedle,,,,,
VOICE_CAPTURE,261526,5/11/2023 10:23,c12f8355-5a14-4ccc-bde4-d8038cae9220,grab that,NA,,,,,,,,,,
TAG_SELECTED,264365,5/11/2023 10:23,c12f8355-5a14-4ccc-bde4-d8038cae9220,red,,,,,,,,,,,
VOICE_CAPTURE,266722,5/11/2023 10:23,c12f8355-5a14-4ccc-bde4-d8038cae9220,OK and then he's gonna get in,NA,,,,,,,,,,
TAG_DISCARDED,266782,5/11/2023 10:23,c12f8355-5a14-4ccc-bde4-d8038cae9220,red,"(0.9, 0.2, 1.1)",,,,,,,,,,
TAG_SELECTED,268616,5/11/2023 10:23,c12f8355-5a14-4ccc-bde4-d8038cae9220,red,,,,,,,,,,,
TAG_APPLIED,269965,5/11/2023 10:23,c12f8355-5a14-4ccc-bde4-d8038cae9220,Gary_3 Root,red,,,,,,,,,,
VOICE_CAPTURE,275244,5/11/2023 10:23,c12f8355-5a14-4ccc-bde4-d8038cae9220,immediate oh wait rest sorry I keep thinking I still have the tags where I can just lay them on people,NA,,,,,,,,,,
BAG_CLOSED,275513,5/11/2023 10:23,c12f8355-5a14-4ccc-bde4-d8038cae9220,"(0.9, 0.7, 0.8)",,,,,,,,,,,
TELEPORT,275513,5/11/2023 10:23,c12f8355-5a14-4ccc-bde4-d8038cae9220,"(0.6, 0.0, 0.3)",,,,,,,,,,,
VOICE_CAPTURE,279342,5/11/2023 10:23,c12f8355-5a14-4ccc-bde4-d8038cae9220,OK this fella didn't wave to me so let's go here,NA,,,,,,,,,,
VOICE_COMMAND,279344,5/11/2023 10:23,c12f8355-5a14-4ccc-bde4-d8038cae9220,wave if you can,OK this fella didn't wave to me so let's go here,,,,,,,,,,
S_A_L_T_WAVE_IF_CAN,279345,5/11/2023 10:23,c12f8355-5a14-4ccc-bde4-d8038cae9220,"(3.0, 0.0, 4.5)",waveIfCan,Lily_2 Root,,,,,,,,,
S_A_L_T_WAVED,279345,5/11/2023 10:23,c12f8355-5a14-4ccc-bde4-d8038cae9220,"(3.0, 0.0, 4.5)",waved,Lily_2 Root,,,,,,,,,
S_A_L_T_WAVE_IF_CAN,279345,5/11/2023 10:23,c12f8355-5a14-4ccc-bde4-d8038cae9220,"(1.2, 0.0, 6.2)",waveIfCan,Lily_4 Root,,,,,,,,,
S_A_L_T_WAVED,279345,5/11/2023 10:23,c12f8355-5a14-4ccc-bde4-d8038cae9220,"(1.2, 0.0, 6.2)",waved,Lily_4 Root,,,,,,,,,
S_A_L_T_WAVE_IF_CAN,279345,5/11/2023 10:23,c12f8355-5a14-4ccc-bde4-d8038cae9220,"(2.7, 0.0, 2.3)",waveIfCan,Mike_5 Root,,,,,,,,,
S_A_L_T_WAVED,279345,5/11/2023 10:23,c12f8355-5a14-4ccc-bde4-d8038cae9220,"(2.7, 0.0, 2.3)",waved,Mike_5 Root,,,,,,,,,
S_A_L_T_WAVE_IF_CAN,279345,5/11/2023 10:23,c12f8355-5a14-4ccc-bde4-d8038cae9220,"(-1.2, 0.0, 3.1)",waveIfCan,Gloria_6 Root,,,,,,,,,
S_A_L_T_WAVED,279345,5/11/2023 10:23,c12f8355-5a14-4ccc-bde4-d8038cae9220,"(-1.2, 0.0, 3.1)",waved,Gloria_6 Root,,,,,,,,,
S_A_L_T_WAVE_IF_CAN,279345,5/11/2023 10:23,c12f8355-5a14-4ccc-bde4-d8038cae9220,"(1.3, 0.0, 3.4)",waveIfCan,Mike_7 Root,,,,,,,,,
S_A_L_T_WAVED,279345,5/11/2023 10:23,c12f8355-5a14-4ccc-bde4-d8038cae9220,"(1.3, 0.0, 3.4)",waved,Mike_7 Root,,,,,,,,,
S_A_L_T_WAVE_IF_CAN,279345,5/11/2023 10:23,c12f8355-5a14-4ccc-bde4-d8038cae9220,"(3.8, 0.0, -4.4)",waveIfCan,Gloria_8 Root,,,,,,,,,
S_A_L_T_WAVE_IF_CAN,279345,5/11/2023 10:23,c12f8355-5a14-4ccc-bde4-d8038cae9220,"(2.0, 0.0, -3.1)",waveIfCan,Helga_10 Root,,,,,,,,,
S_A_L_T_WAVED,279345,5/11/2023 10:23,c12f8355-5a14-4ccc-bde4-d8038cae9220,"(2.0, 0.0, -3.1)",waved,Helga_10 Root,,,,,,,,,
S_A_L_T_WALK_IF_CAN,279361,5/11/2023 10:23,c12f8355-5a14-4ccc-bde4-d8038cae9220,"(3.8, 0.0, -4.4)",walkIfCan,Gloria_8 Root,,,,,,,,,
S_A_L_T_WALKED,279361,5/11/2023 10:23,c12f8355-5a14-4ccc-bde4-d8038cae9220,"(3.8, 0.0, -4.4)",walked,Gloria_8 Root,,,,,,,,,
PATIENT_ENGAGED,280276,5/11/2023 10:23,c12f8355-5a14-4ccc-bde4-d8038cae9220,100,Infinity,Mike_5 Root,"(2.7, 0.0, 2.3)","(0.0, 1.0, 0.0, 0.0)",IMMEDIATE,waver,fast,normal,normal,upset,fetal
BAG_ACCESS,282796,5/11/2023 10:23,c12f8355-5a14-4ccc-bde4-d8038cae9220,"(3.3, 0.7, 1.9)",,,,,,,,,,,
VOICE_CAPTURE,284621,5/11/2023 10:23,c12f8355-5a14-4ccc-bde4-d8038cae9220,oh now he's,NA,,,,,,,,,,
VOICE_CAPTURE,286896,5/11/2023 10:23,c12f8355-5a14-4ccc-bde4-d8038cae9220,thanks man,NA,,,,,,,,,,
BAG_CLOSED,288296,5/11/2023 10:23,c12f8355-5a14-4ccc-bde4-d8038cae9220,"(3.3, 0.7, 1.9)",,,,,,,,,,,
TELEPORT,288297,5/11/2023 10:23,c12f8355-5a14-4ccc-bde4-d8038cae9220,"(3.2, 0.0, 1.2)",,,,,,,,,,,
PATIENT_ENGAGED,291943,5/11/2023 10:23,c12f8355-5a14-4ccc-bde4-d8038cae9220,100,Infinity,Gloria_6 Root,"(-1.2, 0.0, 3.1)","(0.0, 0.4, 0.0, 0.9)",DELAYED,waver,fast,normal,normal,upset,fetal
VOICE_CAPTURE,292170,5/11/2023 10:23,c12f8355-5a14-4ccc-bde4-d8038cae9220,this one didn't wave,NA,,,,,,,,,,
VOICE_COMMAND,292170,5/11/2023 10:23,c12f8355-5a14-4ccc-bde4-d8038cae9220,wave if you can,this one didn't wave,,,,,,,,,,
S_A_L_T_WAVE_IF_CAN,292171,5/11/2023 10:23,c12f8355-5a14-4ccc-bde4-d8038cae9220,"(3.0, 0.0, 4.5)",waveIfCan,Lily_2 Root,,,,,,,,,
S_A_L_T_WAVED,292171,5/11/2023 10:23,c12f8355-5a14-4ccc-bde4-d8038cae9220,"(3.0, 0.0, 4.5)",waved,Lily_2 Root,,,,,,,,,
S_A_L_T_WAVE_IF_CAN,292171,5/11/2023 10:23,c12f8355-5a14-4ccc-bde4-d8038cae9220,"(1.2, 0.0, 6.2)",waveIfCan,Lily_4 Root,,,,,,,,,
S_A_L_T_WAVED,292171,5/11/2023 10:23,c12f8355-5a14-4ccc-bde4-d8038cae9220,"(1.2, 0.0, 6.2)",waved,Lily_4 Root,,,,,,,,,
S_A_L_T_WAVE_IF_CAN,292171,5/11/2023 10:23,c12f8355-5a14-4ccc-bde4-d8038cae9220,"(2.7, 0.0, 2.3)",waveIfCan,Mike_5 Root,,,,,,,,,
S_A_L_T_WAVED,292171,5/11/2023 10:23,c12f8355-5a14-4ccc-bde4-d8038cae9220,"(2.7, 0.0, 2.3)",waved,Mike_5 Root,,,,,,,,,
S_A_L_T_WAVE_IF_CAN,292171,5/11/2023 10:23,c12f8355-5a14-4ccc-bde4-d8038cae9220,"(-1.2, 0.0, 3.1)",waveIfCan,Gloria_6 Root,,,,,,,,,
S_A_L_T_WAVED,292171,5/11/2023 10:23,c12f8355-5a14-4ccc-bde4-d8038cae9220,"(-1.2, 0.0, 3.1)",waved,Gloria_6 Root,,,,,,,,,
S_A_L_T_WAVE_IF_CAN,292171,5/11/2023 10:23,c12f8355-5a14-4ccc-bde4-d8038cae9220,"(1.3, 0.0, 3.4)",waveIfCan,Mike_7 Root,,,,,,,,,
S_A_L_T_WAVED,292171,5/11/2023 10:23,c12f8355-5a14-4ccc-bde4-d8038cae9220,"(1.3, 0.0, 3.4)",waved,Mike_7 Root,,,,,,,,,
S_A_L_T_WAVE_IF_CAN,292171,5/11/2023 10:23,c12f8355-5a14-4ccc-bde4-d8038cae9220,"(3.8, 0.0, -4.4)",waveIfCan,Gloria_8 Root,,,,,,,,,
S_A_L_T_WAVE_IF_CAN,292171,5/11/2023 10:23,c12f8355-5a14-4ccc-bde4-d8038cae9220,"(1.9, 0.0, -3.1)",waveIfCan,Helga_10 Root,,,,,,,,,
S_A_L_T_WAVED,292171,5/11/2023 10:23,c12f8355-5a14-4ccc-bde4-d8038cae9220,"(1.9, 0.0, -3.1)",waved,Helga_10 Root,,,,,,,,,
S_A_L_T_WALK_IF_CAN,292179,5/11/2023 10:23,c12f8355-5a14-4ccc-bde4-d8038cae9220,"(3.8, 0.0, -4.4)",walkIfCan,Gloria_8 Root,,,,,,,,,
S_A_L_T_WALKED,292179,5/11/2023 10:23,c12f8355-5a14-4ccc-bde4-d8038cae9220,"(3.8, 0.0, -4.4)",walked,Gloria_8 Root,,,,,,,,,
TELEPORT,293825,5/11/2023 10:23,c12f8355-5a14-4ccc-bde4-d8038cae9220,"(-1.2, 0.0, 1.9)",,,,,,,,,,,
PATIENT_ENGAGED,296107,5/11/2023 10:23,c12f8355-5a14-4ccc-bde4-d8038cae9220,100,Infinity,Bob_0 Root,"(-1.7, 0.0, 5.7)","(0.0, 0.7, 0.0, 0.7)",DEAD,still,none,none,none,dead,supine
PULSE_TAKEN,297782,5/11/2023 10:23,c12f8355-5a14-4ccc-bde4-d8038cae9220,pulse_none,Bob_0 Root,,,,,,,,,,
VOICE_CAPTURE,298240,5/11/2023 10:23,c12f8355-5a14-4ccc-bde4-d8038cae9220,come on this guy didn't wave,NA,,,,,,,,,,
VOICE_COMMAND,298241,5/11/2023 10:23,c12f8355-5a14-4ccc-bde4-d8038cae9220,wave if you can,come on this guy didn't wave,,,,,,,,,,
S_A_L_T_WAVE_IF_CAN,298242,5/11/2023 10:23,c12f8355-5a14-4ccc-bde4-d8038cae9220,"(1.3, 0.0, 3.4)",waveIfCan,Mike_7 Root,,,,,,,,,
S_A_L_T_WAVED,298242,5/11/2023 10:23,c12f8355-5a14-4ccc-bde4-d8038cae9220,"(1.3, 0.0, 3.4)",waved,Mike_7 Root,,,,,,,,,
S_A_L_T_WAVE_IF_CAN,298242,5/11/2023 10:23,c12f8355-5a14-4ccc-bde4-d8038cae9220,"(3.8, 0.0, -4.4)",waveIfCan,Gloria_8 Root,,,,,,,,,
S_A_L_T_WAVE_IF_CAN,298242,5/11/2023 10:23,c12f8355-5a14-4ccc-bde4-d8038cae9220,"(1.9, 0.0, -3.1)",waveIfCan,Helga_10 Root,,,,,,,,,
S_A_L_T_WAVED,298242,5/11/2023 10:23,c12f8355-5a14-4ccc-bde4-d8038cae9220,"(1.9, 0.0, -3.1)",waved,Helga_10 Root,,,,,,,,,
S_A_L_T_WALK_IF_CAN,298259,5/11/2023 10:23,c12f8355-5a14-4ccc-bde4-d8038cae9220,"(3.8, 0.0, -4.4)",walkIfCan,Gloria_8 Root,,,,,,,,,
S_A_L_T_WALKED,298259,5/11/2023 10:23,c12f8355-5a14-4ccc-bde4-d8038cae9220,"(3.8, 0.0, -4.4)",walked,Gloria_8 Root,,,,,,,,,
VOICE_CAPTURE,299565,5/11/2023 10:23,c12f8355-5a14-4ccc-bde4-d8038cae9220,OK,NA,,,,,,,,,,
BAG_ACCESS,300908,5/11/2023 10:23,c12f8355-5a14-4ccc-bde4-d8038cae9220,"(-1.7, 0.7, 5.0)",,,,,,,,,,,
TAG_SELECTED,301626,5/11/2023 10:23,c12f8355-5a14-4ccc-bde4-d8038cae9220,black,,,,,,,,,,,
VOICE_CAPTURE,301993,5/11/2023 10:23,c12f8355-5a14-4ccc-bde4-d8038cae9220,no pulse,NA,,,,,,,,,,
TAG_APPLIED,303313,5/11/2023 10:23,c12f8355-5a14-4ccc-bde4-d8038cae9220,Bob_0 Root,black,,,,,,,,,,
BAG_CLOSED,305836,5/11/2023 10:23,c12f8355-5a14-4ccc-bde4-d8038cae9220,"(-1.7, 0.7, 5.0)",,,,,,,,,,,
TELEPORT,305836,5/11/2023 10:23,c12f8355-5a14-4ccc-bde4-d8038cae9220,"(-1.3, 0.0, 4.1)",,,,,,,,,,,
PATIENT_ENGAGED,308177,5/11/2023 10:23,c12f8355-5a14-4ccc-bde4-d8038cae9220,100,Infinity,Gary_1 Root,"(1.6, 0.0, 7.6)","(0.0, 1.0, 0.0, 0.0)",EXPECTANT,still,none,restricted,none,unresponsive,supine
PULSE_TAKEN,309546,5/11/2023 10:23,c12f8355-5a14-4ccc-bde4-d8038cae9220,pulse_none,Gary_1 Root,,,,,,,,,,
VOICE_CAPTURE,311764,5/11/2023 10:23,c12f8355-5a14-4ccc-bde4-d8038cae9220,he's dead that Lady waves so we're gonna go here check a pulse,NA,,,,,,,,,,
VOICE_COMMAND,311764,5/11/2023 10:23,c12f8355-5a14-4ccc-bde4-d8038cae9220,wave if you can,he's dead that Lady waves so we're gonna go here check a pulse,,,,,,,,,,
S_A_L_T_WAVE_IF_CAN,311766,5/11/2023 10:23,c12f8355-5a14-4ccc-bde4-d8038cae9220,"(3.0, 0.0, 4.5)",waveIfCan,Lily_2 Root,,,,,,,,,
S_A_L_T_WAVED,311766,5/11/2023 10:23,c12f8355-5a14-4ccc-bde4-d8038cae9220,"(3.0, 0.0, 4.5)",waved,Lily_2 Root,,,,,,,,,
S_A_L_T_WAVE_IF_CAN,311766,5/11/2023 10:23,c12f8355-5a14-4ccc-bde4-d8038cae9220,"(1.2, 0.0, 6.2)",waveIfCan,Lily_4 Root,,,,,,,,,
S_A_L_T_WAVED,311766,5/11/2023 10:23,c12f8355-5a14-4ccc-bde4-d8038cae9220,"(1.2, 0.0, 6.2)",waved,Lily_4 Root,,,,,,,,,
S_A_L_T_WAVE_IF_CAN,311766,5/11/2023 10:23,c12f8355-5a14-4ccc-bde4-d8038cae9220,"(2.7, 0.0, 2.3)",waveIfCan,Mike_5 Root,,,,,,,,,
S_A_L_T_WAVED,311766,5/11/2023 10:23,c12f8355-5a14-4ccc-bde4-d8038cae9220,"(2.7, 0.0, 2.3)",waved,Mike_5 Root,,,,,,,,,
S_A_L_T_WAVE_IF_CAN,311766,5/11/2023 10:23,c12f8355-5a14-4ccc-bde4-d8038cae9220,"(-1.2, 0.0, 3.1)",waveIfCan,Gloria_6 Root,,,,,,,,,
S_A_L_T_WAVED,311766,5/11/2023 10:23,c12f8355-5a14-4ccc-bde4-d8038cae9220,"(-1.2, 0.0, 3.1)",waved,Gloria_6 Root,,,,,,,,,
S_A_L_T_WAVE_IF_CAN,311766,5/11/2023 10:23,c12f8355-5a14-4ccc-bde4-d8038cae9220,"(1.3, 0.0, 3.4)",waveIfCan,Mike_7 Root,,,,,,,,,
S_A_L_T_WAVED,311766,5/11/2023 10:23,c12f8355-5a14-4ccc-bde4-d8038cae9220,"(1.3, 0.0, 3.4)",waved,Mike_7 Root,,,,,,,,,
S_A_L_T_WAVE_IF_CAN,311766,5/11/2023 10:23,c12f8355-5a14-4ccc-bde4-d8038cae9220,"(3.8, 0.0, -4.4)",waveIfCan,Gloria_8 Root,,,,,,,,,
S_A_L_T_WAVE_IF_CAN,311767,5/11/2023 10:23,c12f8355-5a14-4ccc-bde4-d8038cae9220,"(1.9, 0.0, -3.1)",waveIfCan,Helga_10 Root,,,,,,,,,
S_A_L_T_WAVED,311767,5/11/2023 10:23,c12f8355-5a14-4ccc-bde4-d8038cae9220,"(1.9, 0.0, -3.1)",waved,Helga_10 Root,,,,,,,,,
S_A_L_T_WALK_IF_CAN,311782,5/11/2023 10:23,c12f8355-5a14-4ccc-bde4-d8038cae9220,"(3.8, 0.0, -4.4)",walkIfCan,Gloria_8 Root,,,,,,,,,
S_A_L_T_WALKED,311782,5/11/2023 10:23,c12f8355-5a14-4ccc-bde4-d8038cae9220,"(3.8, 0.0, -4.4)",walked,Gloria_8 Root,,,,,,,,,
VOICE_CAPTURE,316745,5/11/2023 10:24,c12f8355-5a14-4ccc-bde4-d8038cae9220,no pause but he's breathing a little bit,NA,,,,,,,,,,
BAG_ACCESS,316960,5/11/2023 10:24,c12f8355-5a14-4ccc-bde4-d8038cae9220,"(0.9, 0.7, 7.7)",,,,,,,,,,,
TAG_SELECTED,317951,5/11/2023 10:24,c12f8355-5a14-4ccc-bde4-d8038cae9220,gray,,,,,,,,,,,
VOICE_CAPTURE,319377,5/11/2023 10:24,c12f8355-5a14-4ccc-bde4-d8038cae9220,so we're gonna give him a,NA,,,,,,,,,,
TAG_APPLIED,322514,5/11/2023 10:24,c12f8355-5a14-4ccc-bde4-d8038cae9220,Gary_1 Root,gray,,,,,,,,,,
VOICE_CAPTURE,325301,5/11/2023 10:24,c12f8355-5a14-4ccc-bde4-d8038cae9220,wait is that him talking oh see I'm I'm hearing things,NA,,,,,,,,,,
VOICE_CAPTURE,326894,5/11/2023 10:24,c12f8355-5a14-4ccc-bde4-d8038cae9220,OK,NA,,,,,,,,,,
VOICE_CAPTURE,328699,5/11/2023 10:24,c12f8355-5a14-4ccc-bde4-d8038cae9220,oh this dudes,NA,,,,,,,,,,
BAG_CLOSED,331007,5/11/2023 10:24,c12f8355-5a14-4ccc-bde4-d8038cae9220,"(0.9, 0.7, 7.7)",,,,,,,,,,,
TELEPORT,331007,5/11/2023 10:24,c12f8355-5a14-4ccc-bde4-d8038cae9220,"(0.3, 0.0, 6.8)",,,,,,,,,,,
PATIENT_ENGAGED,333687,5/11/2023 10:24,c12f8355-5a14-4ccc-bde4-d8038cae9220,100,Infinity,Lily_2 Root,"(3.0, 0.0, 4.5)","(0.0, 1.0, 0.0, 0.0)",IMMEDIATE,waver,fast,fast,normal,agony,fetal
VOICE_CAPTURE,335528,5/11/2023 10:24,c12f8355-5a14-4ccc-bde4-d8038cae9220,OK so let's go here to this lady,NA,,,,,,,,,,
BAG_ACCESS,336213,5/11/2023 10:24,c12f8355-5a14-4ccc-bde4-d8038cae9220,"(3.1, 0.6, 4.6)",,,,,,,,,,,
VOICE_CAPTURE,336446,5/11/2023 10:24,c12f8355-5a14-4ccc-bde4-d8038cae9220,are you hurt,NA,,,,,,,,,,
VOICE_COMMAND,336446,5/11/2023 10:24,c12f8355-5a14-4ccc-bde4-d8038cae9220,are you hurt,are you hurt,,,,,,,,,,
TOOL_HOVER,336863,5/11/2023 10:24,c12f8355-5a14-4ccc-bde4-d8038cae9220,Tourniquet,998,,,,,,,,,,
TOOL_HOVER,336879,5/11/2023 10:24,c12f8355-5a14-4ccc-bde4-d8038cae9220,Tourniquet,998,,,,,,,,,,
TOOL_HOVER,336897,5/11/2023 10:24,c12f8355-5a14-4ccc-bde4-d8038cae9220,Tourniquet,998,,,,,,,,,,
TOOL_HOVER,336913,5/11/2023 10:24,c12f8355-5a14-4ccc-bde4-d8038cae9220,Tourniquet,998,,,,,,,,,,
TOOL_HOVER,336929,5/11/2023 10:24,c12f8355-5a14-4ccc-bde4-d8038cae9220,Tourniquet,998,,,,,,,,,,
TOOL_HOVER,336945,5/11/2023 10:24,c12f8355-5a14-4ccc-bde4-d8038cae9220,Tourniquet,998,,,,,,,,,,
TOOL_HOVER,336963,5/11/2023 10:24,c12f8355-5a14-4ccc-bde4-d8038cae9220,Tourniquet,998,,,,,,,,,,
TOOL_HOVER,336979,5/11/2023 10:24,c12f8355-5a14-4ccc-bde4-d8038cae9220,Tourniquet,998,,,,,,,,,,
TOOL_HOVER,336996,5/11/2023 10:24,c12f8355-5a14-4ccc-bde4-d8038cae9220,Tourniquet,998,,,,,,,,,,
TOOL_SELECTED,336997,5/11/2023 10:24,c12f8355-5a14-4ccc-bde4-d8038cae9220,Tourniquet,997,,,,,,,,,,
VOICE_CAPTURE,337913,5/11/2023 10:24,c12f8355-5a14-4ccc-bde4-d8038cae9220,are you hurt,NA,,,,,,,,,,
VOICE_COMMAND,337913,5/11/2023 10:24,c12f8355-5a14-4ccc-bde4-d8038cae9220,are you hurt,are you hurt,,,,,,,,,,
TOOL_APPLIED,338363,5/11/2023 10:24,c12f8355-5a14-4ccc-bde4-d8038cae9220,Lily_2 Root,Tourniquet,LeftUpLeg (UnityEngine.GameObject),tor_ring (1) (UnityEngine.GameObject),tourniquet(Clone) (UnityEngine.GameObject),AppliedTourniquet,,,,,,
TOOL_HOVER,341156,5/11/2023 10:24,c12f8355-5a14-4ccc-bde4-d8038cae9220,Tourniquet,997,,,,,,,,,,
TOOL_HOVER,341172,5/11/2023 10:24,c12f8355-5a14-4ccc-bde4-d8038cae9220,Tourniquet,997,,,,,,,,,,
TOOL_HOVER,341188,5/11/2023 10:24,c12f8355-5a14-4ccc-bde4-d8038cae9220,Tourniquet,997,,,,,,,,,,
TOOL_HOVER,341206,5/11/2023 10:24,c12f8355-5a14-4ccc-bde4-d8038cae9220,Tourniquet,997,,,,,,,,,,
TOOL_HOVER,341223,5/11/2023 10:24,c12f8355-5a14-4ccc-bde4-d8038cae9220,Tourniquet,997,,,,,,,,,,
TOOL_HOVER,341239,5/11/2023 10:24,c12f8355-5a14-4ccc-bde4-d8038cae9220,Tourniquet,997,,,,,,,,,,
TOOL_HOVER,341256,5/11/2023 10:24,c12f8355-5a14-4ccc-bde4-d8038cae9220,Tourniquet,997,,,,,,,,,,
TOOL_HOVER,341272,5/11/2023 10:24,c12f8355-5a14-4ccc-bde4-d8038cae9220,Tourniquet,997,,,,,,,,,,
TOOL_HOVER,341289,5/11/2023 10:24,c12f8355-5a14-4ccc-bde4-d8038cae9220,Tourniquet,997,,,,,,,,,,
TOOL_HOVER,341305,5/11/2023 10:24,c12f8355-5a14-4ccc-bde4-d8038cae9220,Tourniquet,997,,,,,,,,,,
TOOL_HOVER,341323,5/11/2023 10:24,c12f8355-5a14-4ccc-bde4-d8038cae9220,Tourniquet,997,,,,,,,,,,
TOOL_HOVER,341339,5/11/2023 10:24,c12f8355-5a14-4ccc-bde4-d8038cae9220,Tourniquet,997,,,,,,,,,,
TOOL_HOVER,341356,5/11/2023 10:24,c12f8355-5a14-4ccc-bde4-d8038cae9220,Tourniquet,997,,,,,,,,,,
TOOL_HOVER,341372,5/11/2023 10:24,c12f8355-5a14-4ccc-bde4-d8038cae9220,Tourniquet,997,,,,,,,,,,
TOOL_HOVER,341388,5/11/2023 10:24,c12f8355-5a14-4ccc-bde4-d8038cae9220,Tourniquet,997,,,,,,,,,,
TOOL_HOVER,341406,5/11/2023 10:24,c12f8355-5a14-4ccc-bde4-d8038cae9220,Tourniquet,997,,,,,,,,,,
TOOL_SELECTED,341407,5/11/2023 10:24,c12f8355-5a14-4ccc-bde4-d8038cae9220,Tourniquet,996,,,,,,,,,,
VOICE_CAPTURE,342571,5/11/2023 10:24,c12f8355-5a14-4ccc-bde4-d8038cae9220,did that not stick,NA,,,,,,,,,,
INJURY_TREATED,343255,5/11/2023 10:24,c12f8355-5a14-4ccc-bde4-d8038cae9220,R Shin Amputation,Lily_2 Root,tourniquet,high,rightLeg,TRUE,FALSE,"(3.2, 0.1, 4.2)",,,,
TOOL_APPLIED,343255,5/11/2023 10:24,c12f8355-5a14-4ccc-bde4-d8038cae9220,Lily_2 Root,Tourniquet,RightUpLeg (UnityEngine.GameObject),tor_ring (1) (UnityEngine.GameObject),tourniquet(Clone) (UnityEngine.GameObject),AppliedTourniquet,,,,,,
PULSE_TAKEN,346475,5/11/2023 10:24,c12f8355-5a14-4ccc-bde4-d8038cae9220,pulse_fast,Lily_2 Root,,,,,,,,,,
VOICE_CAPTURE,349063,5/11/2023 10:24,c12f8355-5a14-4ccc-bde4-d8038cae9220,OK,NA,,,,,,,,,,
TAG_SELECTED,350303,5/11/2023 10:24,c12f8355-5a14-4ccc-bde4-d8038cae9220,red,,,,,,,,,,,
TAG_APPLIED,352356,5/11/2023 10:24,c12f8355-5a14-4ccc-bde4-d8038cae9220,Lily_2 Root,red,,,,,,,,,,
VOICE_CAPTURE,353006,5/11/2023 10:24,c12f8355-5a14-4ccc-bde4-d8038cae9220,good and then she's gonna get a red,NA,,,,,,,,,,
VOICE_CAPTURE,355645,5/11/2023 10:24,c12f8355-5a14-4ccc-bde4-d8038cae9220,OK,NA,,,,,,,,,,
BAG_CLOSED,356063,5/11/2023 10:24,c12f8355-5a14-4ccc-bde4-d8038cae9220,"(3.1, 0.6, 4.6)",,,,,,,,,,,
TELEPORT,356063,5/11/2023 10:24,c12f8355-5a14-4ccc-bde4-d8038cae9220,"(2.1, 0.0, 4.4)",,,,,,,,,,,
PATIENT_ENGAGED,359342,5/11/2023 10:24,c12f8355-5a14-4ccc-bde4-d8038cae9220,100,Infinity,Mike_7 Root,"(1.3, 0.0, 3.4)","(0.0, 0.1, 0.0, 1.0)",DELAYED,waver,fast,normal,normal,upset,sittingGround
VOICE_CAPTURE,360040,5/11/2023 10:24,c12f8355-5a14-4ccc-bde4-d8038cae9220,just go here,NA,,,,,,,,,,
PULSE_TAKEN,360574,5/11/2023 10:24,c12f8355-5a14-4ccc-bde4-d8038cae9220,pulse_fast,Mike_7 Root,,,,,,,,,,
BAG_ACCESS,362551,5/11/2023 10:24,c12f8355-5a14-4ccc-bde4-d8038cae9220,"(1.3, 0.7, 3.7)",,,,,,,,,,,
TOOL_HOVER,363351,5/11/2023 10:24,c12f8355-5a14-4ccc-bde4-d8038cae9220,Tourniquet,996,,,,,,,,,,
TOOL_HOVER,363367,5/11/2023 10:24,c12f8355-5a14-4ccc-bde4-d8038cae9220,Tourniquet,996,,,,,,,,,,
TOOL_HOVER,363383,5/11/2023 10:24,c12f8355-5a14-4ccc-bde4-d8038cae9220,Tourniquet,996,,,,,,,,,,
TOOL_HOVER,363401,5/11/2023 10:24,c12f8355-5a14-4ccc-bde4-d8038cae9220,Tourniquet,996,,,,,,,,,,
TOOL_HOVER,363417,5/11/2023 10:24,c12f8355-5a14-4ccc-bde4-d8038cae9220,Tourniquet,996,,,,,,,,,,
TOOL_HOVER,363434,5/11/2023 10:24,c12f8355-5a14-4ccc-bde4-d8038cae9220,Tourniquet,996,,,,,,,,,,
TOOL_HOVER,363451,5/11/2023 10:24,c12f8355-5a14-4ccc-bde4-d8038cae9220,Tourniquet,996,,,,,,,,,,
TOOL_HOVER,363467,5/11/2023 10:24,c12f8355-5a14-4ccc-bde4-d8038cae9220,Tourniquet,996,,,,,,,,,,
TOOL_SELECTED,363468,5/11/2023 10:24,c12f8355-5a14-4ccc-bde4-d8038cae9220,Tourniquet,995,,,,,,,,,,
VOICE_CAPTURE,364283,5/11/2023 10:24,c12f8355-5a14-4ccc-bde4-d8038cae9220,check this guy's got a pulse,NA,,,,,,,,,,
INJURY_TREATED,366580,5/11/2023 10:24,c12f8355-5a14-4ccc-bde4-d8038cae9220,L Thigh Puncture,Mike_7 Root,tourniquet,medium,leftLeg,TRUE,FALSE,"(0.7, 0.1, 3.5)",,,,
TOOL_APPLIED,366580,5/11/2023 10:24,c12f8355-5a14-4ccc-bde4-d8038cae9220,Mike_7 Root,Tourniquet,LeftUpLeg (UnityEngine.GameObject),tor_ring (1) (UnityEngine.GameObject),tourniquet(Clone) (UnityEngine.GameObject),AppliedTourniquet,,,,,,
PULSE_TAKEN,366763,5/11/2023 10:24,c12f8355-5a14-4ccc-bde4-d8038cae9220,pulse_fast,Mike_7 Root,,,,,,,,,,
TOOL_HOVER,369764,5/11/2023 10:24,c12f8355-5a14-4ccc-bde4-d8038cae9220,Gauze,999,,,,,,,,,,
TOOL_HOVER,369780,5/11/2023 10:24,c12f8355-5a14-4ccc-bde4-d8038cae9220,Gauze,999,,,,,,,,,,
TOOL_HOVER,369798,5/11/2023 10:24,c12f8355-5a14-4ccc-bde4-d8038cae9220,Gauze,999,,,,,,,,,,
TOOL_SELECTED,369799,5/11/2023 10:24,c12f8355-5a14-4ccc-bde4-d8038cae9220,Gauze,998,,,,,,,,,,
TOOL_DISCARDED,371028,5/11/2023 10:24,c12f8355-5a14-4ccc-bde4-d8038cae9220,Gauze,998,"(1.3, 0.1, 3.9)",,,,,,,,,
INJURY_TREATED,371030,5/11/2023 10:24,c12f8355-5a14-4ccc-bde4-d8038cae9220,R Calf Laceration,Mike_7 Root,gauzePressure,low,rightLeg,TRUE,FALSE,"(1.3, 0.2, 3.8)",,,,
TOOL_APPLIED,371030,5/11/2023 10:24,c12f8355-5a14-4ccc-bde4-d8038cae9220,Mike_7 Root,Gauze_Dressing,skinCollider_BodyCollideLOD (UnityEngine.GameObject),null,null,AppliedDressingGauze,,,,,,
VOICE_CAPTURE,372246,5/11/2023 10:24,c12f8355-5a14-4ccc-bde4-d8038cae9220,Get him a tourniquet there that stops that I can give this,NA,,,,,,,,,,
TAG_SELECTED,374145,5/11/2023 10:24,c12f8355-5a14-4ccc-bde4-d8038cae9220,yellow,,,,,,,,,,,
TAG_APPLIED,375548,5/11/2023 10:25,c12f8355-5a14-4ccc-bde4-d8038cae9220,Mike_7 Root,yellow,,,,,,,,,,
BAG_CLOSED,377992,5/11/2023 10:25,c12f8355-5a14-4ccc-bde4-d8038cae9220,"(1.3, 0.7, 3.7)",,,,,,,,,,,
TELEPORT,377992,5/11/2023 10:25,c12f8355-5a14-4ccc-bde4-d8038cae9220,"(1.4, 0.0, 3.2)",,,,,,,,,,,
VOICE_CAPTURE,378008,5/11/2023 10:25,c12f8355-5a14-4ccc-bde4-d8038cae9220,here and he's gonna get a yellow cause I fixed his problem,NA,,,,,,,,,,
PATIENT_ENGAGED,379959,5/11/2023 10:25,c12f8355-5a14-4ccc-bde4-d8038cae9220,100,Infinity,Lily_4 Root,"(1.2, 0.0, 6.2)","(0.0, 1.0, 0.0, 0.0)",IMMEDIATE,waver,fast,normal,normal,upset,fetal
VOICE_CAPTURE,381144,5/11/2023 10:25,c12f8355-5a14-4ccc-bde4-d8038cae9220,let's go to this one,NA,,,,,,,,,,
BAG_ACCESS,383387,5/11/2023 10:25,c12f8355-5a14-4ccc-bde4-d8038cae9220,"(0.7, 0.7, 6.1)",,,,,,,,,,,
VOICE_CAPTURE,383871,5/11/2023 10:25,c12f8355-5a14-4ccc-bde4-d8038cae9220,modbutton yes,NA,,,,,,,,,,
VOICE_COMMAND,383872,5/11/2023 10:25,c12f8355-5a14-4ccc-bde4-d8038cae9220,modbutton yes,modbutton yes,,,,,,,,,,
TOOL_HOVER,384354,5/11/2023 10:25,c12f8355-5a14-4ccc-bde4-d8038cae9220,Hemostatic Gauze,999,,,,,,,,,,
TOOL_HOVER,384370,5/11/2023 10:25,c12f8355-5a14-4ccc-bde4-d8038cae9220,Hemostatic Gauze,999,,,,,,,,,,
TOOL_HOVER,384387,5/11/2023 10:25,c12f8355-5a14-4ccc-bde4-d8038cae9220,Hemostatic Gauze,999,,,,,,,,,,
TOOL_HOVER,384404,5/11/2023 10:25,c12f8355-5a14-4ccc-bde4-d8038cae9220,Hemostatic Gauze,999,,,,,,,,,,
TOOL_HOVER,384420,5/11/2023 10:25,c12f8355-5a14-4ccc-bde4-d8038cae9220,Hemostatic Gauze,999,,,,,,,,,,
TOOL_SELECTED,384422,5/11/2023 10:25,c12f8355-5a14-4ccc-bde4-d8038cae9220,Hemostatic Gauze,998,,,,,,,,,,
VOICE_CAPTURE,385738,5/11/2023 10:25,c12f8355-5a14-4ccc-bde4-d8038cae9220,OK it hurts OK that sounds good,NA,,,,,,,,,,
VOICE_COMMAND,385738,5/11/2023 10:25,c12f8355-5a14-4ccc-bde4-d8038cae9220,are you hurt,OK it hurts OK that sounds good,,,,,,,,,,
TOOL_DISCARDED,387011,5/11/2023 10:25,c12f8355-5a14-4ccc-bde4-d8038cae9220,Hemostatic Gauze,998,"(0.9, 0.2, 6.5)",,,,,,,,,
INJURY_TREATED,387012,5/11/2023 10:25,c12f8355-5a14-4ccc-bde4-d8038cae9220,L Side Puncture,Lily_4 Root,woundpack,medium,abdomen,TRUE,FALSE,"(0.9, 0.3, 6.5)",,,,
TOOL_APPLIED,387012,5/11/2023 10:25,c12f8355-5a14-4ccc-bde4-d8038cae9220,Lily_4 Root,Gauze_Pack,skinCollider_BodyLOD (UnityEngine.GameObject),null,null,AppliedPackingGauze,,,,,,
TAG_SELECTED,389695,5/11/2023 10:25,c12f8355-5a14-4ccc-bde4-d8038cae9220,red,,,,,,,,,,,
TAG_APPLIED,392030,5/11/2023 10:25,c12f8355-5a14-4ccc-bde4-d8038cae9220,Lily_4 Root,red,,,,,,,,,,
PULSE_TAKEN,392387,5/11/2023 10:25,c12f8355-5a14-4ccc-bde4-d8038cae9220,pulse_fast,Lily_4 Root,,,,,,,,,,
PULSE_TAKEN,392598,5/11/2023 10:25,c12f8355-5a14-4ccc-bde4-d8038cae9220,pulse_fast,Lily_4 Root,,,,,,,,,,
VOICE_CAPTURE,392841,5/11/2023 10:25,c12f8355-5a14-4ccc-bde4-d8038cae9220,she's got looks like penetrating so I'll plug that and that's in the abdominal cavity,NA,,,,,,,,,,
BAG_CLOSED,396451,5/11/2023 10:25,c12f8355-5a14-4ccc-bde4-d8038cae9220,"(0.7, 0.7, 6.1)",,,,,,,,,,,
TELEPORT,396451,5/11/2023 10:25,c12f8355-5a14-4ccc-bde4-d8038cae9220,"(0.3, 0.0, 5.0)",,,,,,,,,,,
VOICE_CAPTURE,400454,5/11/2023 10:25,c12f8355-5a14-4ccc-bde4-d8038cae9220,so we'll give her a red did that guy did that guy did her let's go to this guy,NA,,,,,,,,,,
PATIENT_ENGAGED,401391,5/11/2023 10:25,c12f8355-5a14-4ccc-bde4-d8038cae9220,100,Infinity,Mike_5 Root,"(2.7, 0.0, 2.3)","(0.0, 1.0, 0.0, 0.0)",IMMEDIATE,waver,fast,normal,normal,upset,fetal
BAG_ACCESS,402526,5/11/2023 10:25,c12f8355-5a14-4ccc-bde4-d8038cae9220,"(2.7, 0.8, 2.5)",,,,,,,,,,,
TOOL_HOVER,403559,5/11/2023 10:25,c12f8355-5a14-4ccc-bde4-d8038cae9220,Tourniquet,995,,,,,,,,,,
TOOL_HOVER,403576,5/11/2023 10:25,c12f8355-5a14-4ccc-bde4-d8038cae9220,Tourniquet,995,,,,,,,,,,
TOOL_HOVER,403594,5/11/2023 10:25,c12f8355-5a14-4ccc-bde4-d8038cae9220,Tourniquet,995,,,,,,,,,,
TOOL_HOVER,403611,5/11/2023 10:25,c12f8355-5a14-4ccc-bde4-d8038cae9220,Tourniquet,995,,,,,,,,,,
TOOL_HOVER,403626,5/11/2023 10:25,c12f8355-5a14-4ccc-bde4-d8038cae9220,Tourniquet,995,,,,,,,,,,
TOOL_SELECTED,403628,5/11/2023 10:25,c12f8355-5a14-4ccc-bde4-d8038cae9220,Tourniquet,994,,,,,,,,,,
INJURY_TREATED,405066,5/11/2023 10:25,c12f8355-5a14-4ccc-bde4-d8038cae9220,R Thigh Laceration,Mike_5 Root,tourniquet,medium,rightLeg,TRUE,FALSE,"(3.0, 0.3, 2.2)",,,,
TOOL_APPLIED,405066,5/11/2023 10:25,c12f8355-5a14-4ccc-bde4-d8038cae9220,Mike_5 Root,Tourniquet,RightUpLeg (UnityEngine.GameObject),tor_ring (1) (UnityEngine.GameObject),tourniquet(Clone) (UnityEngine.GameObject),AppliedTourniquet,,,,,,
PULSE_TAKEN,406225,5/11/2023 10:25,c12f8355-5a14-4ccc-bde4-d8038cae9220,pulse_fast,Mike_5 Root,,,,,,,,,,
TOOL_HOVER,408358,5/11/2023 10:25,c12f8355-5a14-4ccc-bde4-d8038cae9220,Hemostatic Gauze,999,,,,,,,,,,
TOOL_HOVER,408375,5/11/2023 10:25,c12f8355-5a14-4ccc-bde4-d8038cae9220,Hemostatic Gauze,999,,,,,,,,,,
TOOL_SELECTED,408377,5/11/2023 10:25,c12f8355-5a14-4ccc-bde4-d8038cae9220,Hemostatic Gauze,998,,,,,,,,,,
TOOL_DISCARDED,409876,5/11/2023 10:25,c12f8355-5a14-4ccc-bde4-d8038cae9220,Hemostatic Gauze,998,"(3.1, 0.2, 2.5)",,,,,,,,,
INJURY_TREATED,409876,5/11/2023 10:25,c12f8355-5a14-4ccc-bde4-d8038cae9220,R Side Puncture,Mike_5 Root,woundpack,medium,abdomen,TRUE,FALSE,"(3.1, 0.3, 2.5)",,,,
TOOL_APPLIED,409877,5/11/2023 10:25,c12f8355-5a14-4ccc-bde4-d8038cae9220,Mike_5 Root,Gauze_Pack,skinCollider_BodyCollideLOD (UnityEngine.GameObject),null,null,AppliedPackingGauze,,,,,,
VOICE_CAPTURE,412251,5/11/2023 10:25,c12f8355-5a14-4ccc-bde4-d8038cae9220,OK tourniquet here check he's good let's get this,NA,,,,,,,,,,
TAG_SELECTED,413189,5/11/2023 10:25,c12f8355-5a14-4ccc-bde4-d8038cae9220,red,,,,,,,,,,,
TAG_APPLIED,414518,5/11/2023 10:25,c12f8355-5a14-4ccc-bde4-d8038cae9220,Mike_5 Root,red,,,,,,,,,,
VOICE_CAPTURE,417967,5/11/2023 10:25,c12f8355-5a14-4ccc-bde4-d8038cae9220,pack that he is a immediate cause it's in his abdomen,NA,,,,,,,,,,
BAG_CLOSED,419290,5/11/2023 10:25,c12f8355-5a14-4ccc-bde4-d8038cae9220,"(2.7, 0.8, 2.5)",,,,,,,,,,,
VOICE_CAPTURE,420402,5/11/2023 10:25,c12f8355-5a14-4ccc-bde4-d8038cae9220,good good good,NA,,,,,,,,,,
TELEPORT,421139,5/11/2023 10:25,c12f8355-5a14-4ccc-bde4-d8038cae9220,"(2.1, 0.0, 2.2)",,,,,,,,,,,
VOICE_CAPTURE,422124,5/11/2023 10:25,c12f8355-5a14-4ccc-bde4-d8038cae9220,did I do,NA,,,,,,,,,,
PATIENT_ENGAGED,423934,5/11/2023 10:25,c12f8355-5a14-4ccc-bde4-d8038cae9220,100,Infinity,Gloria_6 Root,"(-1.2, 0.0, 3.1)","(0.0, 0.4, 0.0, 0.9)",DELAYED,waver,fast,normal,normal,upset,fetal
VOICE_CAPTURE,424933,5/11/2023 10:25,c12f8355-5a14-4ccc-bde4-d8038cae9220,are you hurt,NA,,,,,,,,,,
VOICE_COMMAND,424933,5/11/2023 10:25,c12f8355-5a14-4ccc-bde4-d8038cae9220,are you hurt,are you hurt,,,,,,,,,,
VOICE_CAPTURE,426608,5/11/2023 10:25,c12f8355-5a14-4ccc-bde4-d8038cae9220,Sam missed her,NA,,,,,,,,,,
BAG_ACCESS,426843,5/11/2023 10:25,c12f8355-5a14-4ccc-bde4-d8038cae9220,"(-1.4, 0.7, 3.6)",,,,,,,,,,,
TOOL_HOVER,427359,5/11/2023 10:25,c12f8355-5a14-4ccc-bde4-d8038cae9220,Tourniquet,994,,,,,,,,,,
TOOL_HOVER,427376,5/11/2023 10:25,c12f8355-5a14-4ccc-bde4-d8038cae9220,Tourniquet,994,,,,,,,,,,
TOOL_HOVER,427393,5/11/2023 10:25,c12f8355-5a14-4ccc-bde4-d8038cae9220,Tourniquet,994,,,,,,,,,,
TOOL_HOVER,427409,5/11/2023 10:25,c12f8355-5a14-4ccc-bde4-d8038cae9220,Tourniquet,994,,,,,,,,,,
TOOL_HOVER,427425,5/11/2023 10:25,c12f8355-5a14-4ccc-bde4-d8038cae9220,Tourniquet,994,,,,,,,,,,
TOOL_HOVER,427443,5/11/2023 10:25,c12f8355-5a14-4ccc-bde4-d8038cae9220,Tourniquet,994,,,,,,,,,,
TOOL_HOVER,427459,5/11/2023 10:25,c12f8355-5a14-4ccc-bde4-d8038cae9220,Tourniquet,994,,,,,,,,,,
TOOL_HOVER,427476,5/11/2023 10:25,c12f8355-5a14-4ccc-bde4-d8038cae9220,Tourniquet,994,,,,,,,,,,
TOOL_HOVER,427493,5/11/2023 10:25,c12f8355-5a14-4ccc-bde4-d8038cae9220,Tourniquet,994,,,,,,,,,,
TOOL_SELECTED,427494,5/11/2023 10:25,c12f8355-5a14-4ccc-bde4-d8038cae9220,Tourniquet,993,,,,,,,,,,
TOOL_APPLIED,428792,5/11/2023 10:25,c12f8355-5a14-4ccc-bde4-d8038cae9220,Gloria_6 Root,Tourniquet,RightUpLeg (UnityEngine.GameObject),tor_ring (1) (UnityEngine.GameObject),tourniquet(Clone) (UnityEngine.GameObject),AppliedTourniquet,,,,,,
VOICE_CAPTURE,431410,5/11/2023 10:25,c12f8355-5a14-4ccc-bde4-d8038cae9220,choose a leg OK we take care of that,NA,,,,,,,,,,
VOICE_CAPTURE,435051,5/11/2023 10:26,c12f8355-5a14-4ccc-bde4-d8038cae9220,oh didn't need that OK,NA,,,,,,,,,,
VOICE_CAPTURE,438379,5/11/2023 10:26,c12f8355-5a14-4ccc-bde4-d8038cae9220,oh she's not it's hard to tell kinda,NA,,,,,,,,,,
TOOL_HOVER,438964,5/11/2023 10:26,c12f8355-5a14-4ccc-bde4-d8038cae9220,Gauze,999,,,,,,,,,,
TOOL_HOVER,438981,5/11/2023 10:26,c12f8355-5a14-4ccc-bde4-d8038cae9220,Gauze,999,,,,,,,,,,
TOOL_HOVER,438998,5/11/2023 10:26,c12f8355-5a14-4ccc-bde4-d8038cae9220,Gauze,999,,,,,,,,,,
TOOL_SELECTED,438999,5/11/2023 10:26,c12f8355-5a14-4ccc-bde4-d8038cae9220,Gauze,998,,,,,,,,,,
TOOL_DISCARDED,440184,5/11/2023 10:26,c12f8355-5a14-4ccc-bde4-d8038cae9220,Gauze,998,"(-1.2, 0.2, 3.2)",,,,,,,,,
INJURY_TREATED,440184,5/11/2023 10:26,c12f8355-5a14-4ccc-bde4-d8038cae9220,R Calf Shrapnel,Gloria_6 Root,gauzePressure,medium,rightLeg,TRUE,FALSE,"(-1.1, 0.2, 3.2)",,,,
TOOL_APPLIED,440184,5/11/2023 10:26,c12f8355-5a14-4ccc-bde4-d8038cae9220,Gloria_6 Root,Gauze_Dressing,skinCollider_Body_LOD (UnityEngine.GameObject),null,null,AppliedDressingGauze,,,,,,
TAG_SELECTED,444030,5/11/2023 10:26,c12f8355-5a14-4ccc-bde4-d8038cae9220,yellow,,,,,,,,,,,
VOICE_CAPTURE,445888,5/11/2023 10:26,c12f8355-5a14-4ccc-bde4-d8038cae9220,OK so let's just pack it and then she is going to get a,NA,,,,,,,,,,
TAG_APPLIED,446622,5/11/2023 10:26,c12f8355-5a14-4ccc-bde4-d8038cae9220,Gloria_6 Root,yellow,,,,,,,,,,
BAG_CLOSED,450219,5/11/2023 10:26,c12f8355-5a14-4ccc-bde4-d8038cae9220,"(-1.4, 0.7, 3.6)",,,,,,,,,,,
TELEPORT,450219,5/11/2023 10:26,c12f8355-5a14-4ccc-bde4-d8038cae9220,"(-1.5, 0.0, 3.0)",,,,,,,,,,,
VOICE_CAPTURE,451050,5/11/2023 10:26,c12f8355-5a14-4ccc-bde4-d8038cae9220,yeah you'll give her a yellow we'll be with you,NA,,,,,,,,,,
TELEPORT,455072,5/11/2023 10:26,c12f8355-5a14-4ccc-bde4-d8038cae9220,"(-1.5, 0.0, 3.0)",,,,,,,,,,,
PATIENT_ENGAGED,457244,5/11/2023 10:26,c12f8355-5a14-4ccc-bde4-d8038cae9220,100,0,Gary_9 Root,"(2.8, 0.0, 9.0)","(0.0, 1.0, 0.0, 0.1)",MINIMAL,walker,normal,normal,limited,calm,standing
VOICE_CAPTURE,459182,5/11/2023 10:26,c12f8355-5a14-4ccc-bde4-d8038cae9220,got it got it got it got it got it got it got it let's go see what this dudes doing because he's just kind,NA,,,,,,,,,,
VOICE_CAPTURE,460002,5/11/2023 10:26,c12f8355-5a14-4ccc-bde4-d8038cae9220,are you hurt,NA,,,,,,,,,,
VOICE_COMMAND,460002,5/11/2023 10:26,c12f8355-5a14-4ccc-bde4-d8038cae9220,are you hurt,are you hurt,,,,,,,,,,
VOICE_CAPTURE,464599,5/11/2023 10:26,c12f8355-5a14-4ccc-bde4-d8038cae9220,OK,NA,,,,,,,,,,
BAG_ACCESS,465888,5/11/2023 10:26,c12f8355-5a14-4ccc-bde4-d8038cae9220,"(3.2, 0.8, 8.4)",,,,,,,,,,,
VOICE_CAPTURE,469489,5/11/2023 10:26,c12f8355-5a14-4ccc-bde4-d8038cae9220,so with him,NA,,,,,,,,,,
TAG_SELECTED,471978,5/11/2023 10:26,c12f8355-5a14-4ccc-bde4-d8038cae9220,green,,,,,,,,,,,
TAG_DISCARDED,472746,5/11/2023 10:26,c12f8355-5a14-4ccc-bde4-d8038cae9220,green,"(3.7, 1.1, 8.5)",,,,,,,,,,
VOICE_CAPTURE,474743,5/11/2023 10:26,c12f8355-5a14-4ccc-bde4-d8038cae9220,are you hurt,NA,,,,,,,,,,
VOICE_COMMAND,474743,5/11/2023 10:26,c12f8355-5a14-4ccc-bde4-d8038cae9220,are you hurt,are you hurt,,,,,,,,,,
PULSE_TAKEN,480551,5/11/2023 10:26,c12f8355-5a14-4ccc-bde4-d8038cae9220,pulse_normal,Gary_9 Root,,,,,,,,,,
VOICE_CAPTURE,480999,5/11/2023 10:26,c12f8355-5a14-4ccc-bde4-d8038cae9220,am I allowed to like touch him,NA,,,,,,,,,,
VOICE_CAPTURE,482287,5/11/2023 10:26,c12f8355-5a14-4ccc-bde4-d8038cae9220,OK,NA,,,,,,,,,,
VOICE_CAPTURE,485065,5/11/2023 10:26,c12f8355-5a14-4ccc-bde4-d8038cae9220,OK but I mean like,NA,,,,,,,,,,
VOICE_CAPTURE,493418,5/11/2023 10:26,c12f8355-5a14-4ccc-bde4-d8038cae9220,Right so like say if you wanted to look at his ears or something,NA,,,,,,,,,,
BAG_CLOSED,495884,5/11/2023 10:27,c12f8355-5a14-4ccc-bde4-d8038cae9220,"(3.2, 0.8, 8.4)",,,,,,,,,,,
VOICE_CAPTURE,498738,5/11/2023 10:27,c12f8355-5a14-4ccc-bde4-d8038cae9220,you turn your I can't can't hear anything I can't and every time I move he just follows me,NA,,,,,,,,,,
BAG_ACCESS,500360,5/11/2023 10:27,c12f8355-5a14-4ccc-bde4-d8038cae9220,"(3.2, 0.8, 8.3)",,,,,,,,,,,
VOICE_CAPTURE,500737,5/11/2023 10:27,c12f8355-5a14-4ccc-bde4-d8038cae9220,so he's following commands,NA,,,,,,,,,,
TAG_SELECTED,502141,5/11/2023 10:27,c12f8355-5a14-4ccc-bde4-d8038cae9220,yellow,,,,,,,,,,,
TAG_APPLIED,503411,5/11/2023 10:27,c12f8355-5a14-4ccc-bde4-d8038cae9220,Gary_9 Root,yellow,,,,,,,,,,
VOICE_CAPTURE,504302,5/11/2023 10:27,c12f8355-5a14-4ccc-bde4-d8038cae9220,so I'm gonna give him a yellow,NA,,,,,,,,,,
BAG_CLOSED,508833,5/11/2023 10:27,c12f8355-5a14-4ccc-bde4-d8038cae9220,"(3.2, 0.8, 8.3)",,,,,,,,,,,
TELEPORT,508833,5/11/2023 10:27,c12f8355-5a14-4ccc-bde4-d8038cae9220,"(2.4, 0.0, 7.5)",,,,,,,,,,,
VOICE_CAPTURE,509482,5/11/2023 10:27,c12f8355-5a14-4ccc-bde4-d8038cae9220,just because of his possible injury to his head OK,NA,,,,,,,,,,
PATIENT_ENGAGED,512177,5/11/2023 10:27,c12f8355-5a14-4ccc-bde4-d8038cae9220,100,Infinity,Helga_10 Root,"(1.9, 0.0, -3.1)","(0.0, 0.1, 0.0, 1.0)",MINIMAL,walker,normal,normal,normal,calm,standing
VOICE_CAPTURE,513577,5/11/2023 10:27,c12f8355-5a14-4ccc-bde4-d8038cae9220,so let's go back to this walking wounded over here,NA,,,,,,,,,,
VOICE_COMMAND,513577,5/11/2023 10:27,c12f8355-5a14-4ccc-bde4-d8038cae9220,walk to the safe area,so let's go back to this walking wounded over here,,,,,,,,,,
S_A_L_T_WALK_IF_CAN,513578,5/11/2023 10:27,c12f8355-5a14-4ccc-bde4-d8038cae9220,"(3.0, 0.0, 4.5)",walkIfCan,Lily_2 Root,,,,,,,,,
S_A_L_T_WALK_IF_CAN,513578,5/11/2023 10:27,c12f8355-5a14-4ccc-bde4-d8038cae9220,"(1.2, 0.0, 6.2)",walkIfCan,Lily_4 Root,,,,,,,,,
S_A_L_T_WALK_IF_CAN,513578,5/11/2023 10:27,c12f8355-5a14-4ccc-bde4-d8038cae9220,"(2.7, 0.0, 2.3)",walkIfCan,Mike_5 Root,,,,,,,,,
S_A_L_T_WALK_IF_CAN,513578,5/11/2023 10:27,c12f8355-5a14-4ccc-bde4-d8038cae9220,"(-1.2, 0.0, 3.1)",walkIfCan,Gloria_6 Root,,,,,,,,,
S_A_L_T_WALK_IF_CAN,513578,5/11/2023 10:27,c12f8355-5a14-4ccc-bde4-d8038cae9220,"(1.3, 0.0, 3.4)",walkIfCan,Mike_7 Root,,,,,,,,,
S_A_L_T_WALK_IF_CAN,513578,5/11/2023 10:27,c12f8355-5a14-4ccc-bde4-d8038cae9220,"(1.9, 0.0, -3.1)",walkIfCan,Helga_10 Root,,,,,,,,,
S_A_L_T_WALKED,513578,5/11/2023 10:27,c12f8355-5a14-4ccc-bde4-d8038cae9220,"(1.9, 0.0, -3.1)",walked,Helga_10 Root,,,,,,,,,
VOICE_CAPTURE,515530,5/11/2023 10:27,c12f8355-5a14-4ccc-bde4-d8038cae9220,modbutton im okay,NA,,,,,,,,,,
VOICE_COMMAND,515530,5/11/2023 10:27,c12f8355-5a14-4ccc-bde4-d8038cae9220,modbutton im okay,modbutton im okay,,,,,,,,,,
BAG_ACCESS,519733,5/11/2023 10:27,c12f8355-5a14-4ccc-bde4-d8038cae9220,"(2.0, 0.8, -2.3)",,,,,,,,,,,
TAG_SELECTED,520268,5/11/2023 10:27,c12f8355-5a14-4ccc-bde4-d8038cae9220,green,,,,,,,,,,,
VOICE_CAPTURE,520283,5/11/2023 10:27,c12f8355-5a14-4ccc-bde4-d8038cae9220,she's OK,NA,,,,,,,,,,
TAG_APPLIED,521371,5/11/2023 10:27,c12f8355-5a14-4ccc-bde4-d8038cae9220,Helga_10 Root,green,,,,,,,,,,
BAG_CLOSED,522558,5/11/2023 10:27,c12f8355-5a14-4ccc-bde4-d8038cae9220,"(2.0, 0.8, -2.3)",,,,,,,,,,,
TELEPORT,522558,5/11/2023 10:27,c12f8355-5a14-4ccc-bde4-d8038cae9220,"(1.7, 0.0, -3.1)",,,,,,,,,,,
VOICE_CAPTURE,522991,5/11/2023 10:27,c12f8355-5a14-4ccc-bde4-d8038cae9220,let's give her A tag anyway,NA,,,,,,,,,,
VOICE_CAPTURE,525816,5/11/2023 10:27,c12f8355-5a14-4ccc-bde4-d8038cae9220,are you hurt,NA,,,,,,,,,,
VOICE_COMMAND,525817,5/11/2023 10:27,c12f8355-5a14-4ccc-bde4-d8038cae9220,are you hurt,are you hurt,,,,,,,,,,
VOICE_CAPTURE,526115,5/11/2023 10:27,c12f8355-5a14-4ccc-bde4-d8038cae9220,let's go see this one,NA,,,,,,,,,,
VOICE_CAPTURE,528454,5/11/2023 10:27,c12f8355-5a14-4ccc-bde4-d8038cae9220,hello,NA,,,,,,,,,,
VOICE_CAPTURE,529055,5/11/2023 10:27,c12f8355-5a14-4ccc-bde4-d8038cae9220,are you hurt,NA,,,,,,,,,,
VOICE_COMMAND,529055,5/11/2023 10:27,c12f8355-5a14-4ccc-bde4-d8038cae9220,are you hurt,are you hurt,,,,,,,,,,
TELEPORT,529239,5/11/2023 10:27,c12f8355-5a14-4ccc-bde4-d8038cae9220,"(2.4, 0.0, -4.6)",,,,,,,,,,,
VOICE_CAPTURE,530420,5/11/2023 10:27,c12f8355-5a14-4ccc-bde4-d8038cae9220,what is it,NA,,,,,,,,,,
PATIENT_ENGAGED,530696,5/11/2023 10:27,c12f8355-5a14-4ccc-bde4-d8038cae9220,100,Infinity,Gloria_8 Root,"(3.8, 0.0, -4.4)","(0.0, 1.0, 0.0, -0.1)",MINIMAL,walker,normal,normal,normal,upset,standing
VOICE_CAPTURE,531479,5/11/2023 10:27,c12f8355-5a14-4ccc-bde4-d8038cae9220,hold on,NA,,,,,,,,,,
BAG_ACCESS,534486,5/11/2023 10:27,c12f8355-5a14-4ccc-bde4-d8038cae9220,"(3.9, 0.8, -5.1)",,,,,,,,,,,
TOOL_HOVER,535052,5/11/2023 10:27,c12f8355-5a14-4ccc-bde4-d8038cae9220,Gauze,999,,,,,,,,,,
TOOL_HOVER,535070,5/11/2023 10:27,c12f8355-5a14-4ccc-bde4-d8038cae9220,Gauze,999,,,,,,,,,,
TOOL_HOVER,535085,5/11/2023 10:27,c12f8355-5a14-4ccc-bde4-d8038cae9220,Gauze,999,,,,,,,,,,
TOOL_HOVER,535104,5/11/2023 10:27,c12f8355-5a14-4ccc-bde4-d8038cae9220,Gauze,999,,,,,,,,,,
TOOL_SELECTED,535105,5/11/2023 10:27,c12f8355-5a14-4ccc-bde4-d8038cae9220,Gauze,998,,,,,,,,,,
VOICE_CAPTURE,535390,5/11/2023 10:27,c12f8355-5a14-4ccc-bde4-d8038cae9220,OK so get my little kit,NA,,,,,,,,,,
TOOL_DISCARDED,536053,5/11/2023 10:27,c12f8355-5a14-4ccc-bde4-d8038cae9220,Gauze,998,"(3.8, 0.9, -4.5)",,,,,,,,,
INJURY_TREATED,536053,5/11/2023 10:27,c12f8355-5a14-4ccc-bde4-d8038cae9220,L Forearm Laceration,Gloria_8 Root,gauzePressure,low,leftArm,TRUE,FALSE,"(3.8, 0.9, -4.5)",,,,
TOOL_APPLIED,536053,5/11/2023 10:27,c12f8355-5a14-4ccc-bde4-d8038cae9220,Gloria_8 Root,Gauze_Dressing,skinCollider_Body_LOD (UnityEngine.GameObject),null,null,AppliedDressingGauze,,,,,,
TAG_SELECTED,537562,5/11/2023 10:27,c12f8355-5a14-4ccc-bde4-d8038cae9220,green,,,,,,,,,,,
TAG_APPLIED,539695,5/11/2023 10:27,c12f8355-5a14-4ccc-bde4-d8038cae9220,Gloria_8 Root,green,,,,,,,,,,
BAG_CLOSED,549308,5/11/2023 10:27,c12f8355-5a14-4ccc-bde4-d8038cae9220,"(3.9, 0.8, -5.1)",,,,,,,,,,,
TELEPORT,549308,5/11/2023 10:27,c12f8355-5a14-4ccc-bde4-d8038cae9220,"(3.1, 0.0, -5.5)",,,,,,,,,,,
SESSION_END,565658,5/11/2023 10:28,c12f8355-5a14-4ccc-bde4-d8038cae9220,,,,,,,,,,,,
VOICE_CAPTURE,568851,5/11/2023 10:28,c12f8355-5a14-4ccc-bde4-d8038cae9220,Take the headset off,NA,,,,,,,,,,
