PATIENT_DEMOTED,9070,3/15/2023 1:44:22 PM,66cc58aa-8f53-4d06-b129-879fb3b08239,100,Infinity,Bob_0 Root,"(-1.4, 0.0, 5.6)","(0.0, 0.7, 0.0, 0.7)",EXPECTANT,still,faint,restricted,none,unresponsive,supine,
PATIENT_DEMOTED,9252,3/15/2023 1:44:22 PM,66cc58aa-8f53-4d06-b129-879fb3b08239,100,Infinity,Bob_0 Root,"(-1.5, 0.0, 5.6)","(0.0, 0.7, 0.0, 0.7)",DEAD,still,none,none,none,dead,supine,
PATIENT_DEMOTED,9390,3/15/2023 1:44:22 PM,66cc58aa-8f53-4d06-b129-879fb3b08239,100,Infinity,Gary_1 Root,"(1.7, 0.0, 7.4)","(0.0, 1.0, 0.0, 0.0)",EXPECTANT,still,faint,restricted,none,unresponsive,supine,
PATIENT_DEMOTED,10104,3/15/2023 1:44:23 PM,66cc58aa-8f53-4d06-b129-879fb3b08239,100,Infinity,Lily_2 Root,"(2.8, 0.0, 4.3)","(0.0, 1.0, 0.0, 0.0)",IMMEDIATE,waver,fast,fast,normal,agony,fetal,
PATIENT_DEMOTED,10784,3/15/2023 1:44:24 PM,66cc58aa-8f53-4d06-b129-879fb3b08239,100,0,Gary_3 Root,"(0.3, 0.0, 1.6)","(0.0, 0.0, 0.0, 1.0)",IMMEDIATE,still,faint,collapsedRight,normal,unresponsive,supine,
PATIENT_DEMOTED,11361,3/15/2023 1:44:24 PM,66cc58aa-8f53-4d06-b129-879fb3b08239,100,Infinity,Lily_4 Root,"(1.2, 0.0, 6.3)","(0.0, 1.0, 0.0, 0.0)",IMMEDIATE,waver,fast,normal,normal,upset,fetal,
PATIENT_DEMOTED,12226,3/15/2023 1:44:25 PM,66cc58aa-8f53-4d06-b129-879fb3b08239,100,Infinity,Mike_5 Root,"(2.4, 0.0, 2.3)","(0.0, 1.0, 0.0, 0.0)",IMMEDIATE,waver,fast,normal,normal,upset,fetal,
PATIENT_DEMOTED,12765,3/15/2023 1:44:26 PM,66cc58aa-8f53-4d06-b129-879fb3b08239,100,Infinity,Gloria_6 Root,"(-1.0, 0.0, 2.9)","(0.0, 0.4, 0.0, 0.9)",DELAYED,waver,fast,normal,normal,upset,fetal,
PATIENT_DEMOTED,13484,3/15/2023 1:44:27 PM,66cc58aa-8f53-4d06-b129-879fb3b08239,100,Infinity,Mike_7 Root,"(1.7, 0.0, 3.9)","(0.0, 0.1, 0.0, 1.0)",IMMEDIATE,waver,fast,normal,normal,upset,sittingGround,
PATIENT_DEMOTED,13867,3/15/2023 1:44:27 PM,66cc58aa-8f53-4d06-b129-879fb3b08239,100,Infinity,Mike_7 Root,"(1.0, 0.0, 3.7)","(0.0, 0.1, 0.0, 1.0)",DELAYED,waver,fast,normal,normal,upset,sittingGround,
VOICE_CAPTURE,17146,3/15/2023 1:44:30 PM,66cc58aa-8f53-4d06-b129-879fb3b08239,one more time OK we got this,NA,
SESSION_START,18386,3/15/2023 1:44:31 PM,66cc58aa-8f53-4d06-b129-879fb3b08239,
PATIENT_RECORD,18387,3/15/2023 1:44:31 PM,66cc58aa-8f53-4d06-b129-879fb3b08239,100,Infinity,Bob_0 Root,"(-1.7, 0.0, 5.6)","(0.0, 0.7, 0.0, 0.7)",DEAD,still,none,none,none,dead,supine,
INJURY_RECORD,18387,3/15/2023 1:44:31 PM,66cc58aa-8f53-4d06-b129-879fb3b08239,Face Shrapnel,Bob_0 Root,airway,high,head,False,False,"(-1.8, 1.7, 5.6)",
INJURY_RECORD,18387,3/15/2023 1:44:31 PM,66cc58aa-8f53-4d06-b129-879fb3b08239,L Wrist Amputation,Bob_0 Root,tourniquet,high,leftArm,False,False,"(-1.8, 1.4, 6.3)",
INJURY_RECORD,18387,3/15/2023 1:44:31 PM,66cc58aa-8f53-4d06-b129-879fb3b08239,L Chest Collapse,Bob_0 Root,decompress,high,chest,False,False,"(0.0, 0.0, 0.0)",
INJURY_RECORD,18387,3/15/2023 1:44:31 PM,66cc58aa-8f53-4d06-b129-879fb3b08239,L Stomach Puncture,Bob_0 Root,woundpack,high,abdomen,False,False,"(-1.6, 1.1, 5.7)",
INJURY_RECORD,18387,3/15/2023 1:44:31 PM,66cc58aa-8f53-4d06-b129-879fb3b08239,R Shin Amputation,Bob_0 Root,tourniquet,high,rightLeg,False,False,"(-1.7, 0.4, 5.5)",
INJURY_RECORD,18387,3/15/2023 1:44:31 PM,66cc58aa-8f53-4d06-b129-879fb3b08239,L Thigh Laceration,Bob_0 Root,tourniquet,medium,leftLeg,False,False,"(-1.6, 0.7, 5.8)",
PATIENT_RECORD,18387,3/15/2023 1:44:31 PM,66cc58aa-8f53-4d06-b129-879fb3b08239,100,Infinity,Gary_1 Root,"(1.6, 0.0, 7.6)","(0.0, 1.0, 0.0, 0.0)",EXPECTANT,still,none,restricted,none,unresponsive,supine,
INJURY_RECORD,18387,3/15/2023 1:44:31 PM,66cc58aa-8f53-4d06-b129-879fb3b08239,Face Shrapnel,Gary_1 Root,airway,high,head,False,False,"(1.6, 1.7, 7.7)",
PATIENT_RECORD,18387,3/15/2023 1:44:31 PM,66cc58aa-8f53-4d06-b129-879fb3b08239,100,Infinity,Lily_2 Root,"(3.0, 0.0, 4.5)","(0.0, 1.0, 0.0, 0.0)",IMMEDIATE,waver,fast,fast,normal,agony,fetal,
INJURY_RECORD,18387,3/15/2023 1:44:31 PM,66cc58aa-8f53-4d06-b129-879fb3b08239,R Shin Amputation,Lily_2 Root,tourniquet,high,rightLeg,False,False,"(2.9, 0.4, 4.5)",
PATIENT_RECORD,18387,3/15/2023 1:44:31 PM,66cc58aa-8f53-4d06-b129-879fb3b08239,100,0,Gary_3 Root,"(0.4, 0.0, 1.7)","(0.0, 0.0, 0.0, 1.0)",IMMEDIATE,still,faint,collapsedRight,normal,unresponsive,supine,
INJURY_RECORD,18387,3/15/2023 1:44:31 PM,66cc58aa-8f53-4d06-b129-879fb3b08239,R Chest Collapse,Gary_3 Root,decompress,high,chest,False,False,"(0.0, 0.0, 0.0)",
PATIENT_RECORD,18387,3/15/2023 1:44:31 PM,66cc58aa-8f53-4d06-b129-879fb3b08239,100,Infinity,Lily_4 Root,"(1.2, 0.0, 6.2)","(0.0, 1.0, 0.0, 0.0)",IMMEDIATE,waver,fast,normal,normal,upset,fetal,
INJURY_RECORD,18387,3/15/2023 1:44:31 PM,66cc58aa-8f53-4d06-b129-879fb3b08239,L Side Puncture,Lily_4 Root,woundpack,medium,abdomen,False,False,"(1.3, 1.0, 6.2)",
PATIENT_RECORD,18387,3/15/2023 1:44:31 PM,66cc58aa-8f53-4d06-b129-879fb3b08239,100,Infinity,Mike_5 Root,"(2.7, 0.0, 2.3)","(0.0, 1.0, 0.0, 0.0)",IMMEDIATE,waver,fast,normal,normal,upset,fetal,
INJURY_RECORD,18387,3/15/2023 1:44:31 PM,66cc58aa-8f53-4d06-b129-879fb3b08239,R Side Puncture,Mike_5 Root,woundpack,medium,abdomen,False,False,"(2.6, 1.1, 2.2)",
INJURY_RECORD,18387,3/15/2023 1:44:31 PM,66cc58aa-8f53-4d06-b129-879fb3b08239,R Thigh Laceration,Mike_5 Root,tourniquet,medium,rightLeg,False,False,"(2.5, 0.6, 2.2)",
PATIENT_RECORD,18387,3/15/2023 1:44:31 PM,66cc58aa-8f53-4d06-b129-879fb3b08239,100,Infinity,Gloria_6 Root,"(-1.2, 0.0, 3.1)","(0.0, 0.4, 0.0, 0.9)",DELAYED,waver,fast,normal,normal,upset,fetal,
INJURY_RECORD,18387,3/15/2023 1:44:31 PM,66cc58aa-8f53-4d06-b129-879fb3b08239,R Calf Shrapnel,Gloria_6 Root,gauzePressure,medium,rightLeg,False,False,"(-1.1, 0.3, 3.0)",
PATIENT_RECORD,18387,3/15/2023 1:44:31 PM,66cc58aa-8f53-4d06-b129-879fb3b08239,100,Infinity,Mike_7 Root,"(1.3, 0.0, 3.4)","(0.0, 0.1, 0.0, 1.0)",DELAYED,waver,fast,normal,normal,upset,sittingGround,
INJURY_RECORD,18387,3/15/2023 1:44:31 PM,66cc58aa-8f53-4d06-b129-879fb3b08239,L Thigh Puncture,Mike_7 Root,tourniquet,medium,leftLeg,False,False,"(1.3, 0.6, 3.5)",
INJURY_RECORD,18387,3/15/2023 1:44:31 PM,66cc58aa-8f53-4d06-b129-879fb3b08239,R Calf Laceration,Mike_7 Root,gauzePressure,low,rightLeg,False,False,"(1.4, 0.3, 3.4)",
PATIENT_RECORD,18387,3/15/2023 1:44:31 PM,66cc58aa-8f53-4d06-b129-879fb3b08239,100,Infinity,Gloria_8 Root,"(3.7, 0.0, 6.0)","(0.0, 1.0, 0.0, 0.0)",MINIMAL,walker,normal,normal,normal,upset,sittingGround,
INJURY_RECORD,18387,3/15/2023 1:44:31 PM,66cc58aa-8f53-4d06-b129-879fb3b08239,L Forearm Laceration,Gloria_8 Root,gauzePressure,low,leftArm,False,False,"(4.2, 1.2, 6.0)",
PATIENT_RECORD,18387,3/15/2023 1:44:31 PM,66cc58aa-8f53-4d06-b129-879fb3b08239,100,0,Gary_9 Root,"(2.9, 0.0, 9.0)","(0.0, 1.0, 0.0, 0.0)",MINIMAL,walker,normal,normal,limited,calm,standing,
INJURY_RECORD,18387,3/15/2023 1:44:31 PM,66cc58aa-8f53-4d06-b129-879fb3b08239,Ear Bleed,Gary_9 Root,none,low,head,False,False,"(0.0, 0.0, 0.0)",
PATIENT_RECORD,18387,3/15/2023 1:44:31 PM,66cc58aa-8f53-4d06-b129-879fb3b08239,100,Infinity,Helga_10 Root,"(3.9, 0.0, 8.0)","(0.0, 1.0, 0.0, 0.0)",MINIMAL,walker,normal,normal,normal,calm,sittingGround,
INJURY_RECORD,18388,3/15/2023 1:44:31 PM,66cc58aa-8f53-4d06-b129-879fb3b08239,Forehead Scrape,Helga_10 Root,none,low,head,False,False,"(4.0, 1.5, 7.9)",
VOICE_CAPTURE,25194,3/15/2023 1:44:38 PM,66cc58aa-8f53-4d06-b129-879fb3b08239,walk,NA,
VOICE_COMMAND,25194,3/15/2023 1:44:38 PM,66cc58aa-8f53-4d06-b129-879fb3b08239,walk to the safe area,walk,
S_A_L_T_WALK_IF_CAN,25214,3/15/2023 1:44:38 PM,66cc58aa-8f53-4d06-b129-879fb3b08239,"(3.0, 0.0, 4.5)",walkIfCan,Lily_2 Root,
S_A_L_T_WALK_IF_CAN,25214,3/15/2023 1:44:38 PM,66cc58aa-8f53-4d06-b129-879fb3b08239,"(1.2, 0.0, 6.2)",walkIfCan,Lily_4 Root,
S_A_L_T_WALK_IF_CAN,25214,3/15/2023 1:44:38 PM,66cc58aa-8f53-4d06-b129-879fb3b08239,"(2.7, 0.0, 2.3)",walkIfCan,Mike_5 Root,
S_A_L_T_WALK_IF_CAN,25214,3/15/2023 1:44:38 PM,66cc58aa-8f53-4d06-b129-879fb3b08239,"(-1.2, 0.0, 3.1)",walkIfCan,Gloria_6 Root,
S_A_L_T_WALK_IF_CAN,25214,3/15/2023 1:44:38 PM,66cc58aa-8f53-4d06-b129-879fb3b08239,"(1.3, 0.0, 3.4)",walkIfCan,Mike_7 Root,
S_A_L_T_WALK_IF_CAN,25214,3/15/2023 1:44:38 PM,66cc58aa-8f53-4d06-b129-879fb3b08239,"(3.7, 0.0, 6.0)",walkIfCan,Gloria_8 Root,
S_A_L_T_WALKED,25214,3/15/2023 1:44:38 PM,66cc58aa-8f53-4d06-b129-879fb3b08239,"(3.7, 0.0, 6.0)",walked,Gloria_8 Root,
S_A_L_T_WALK_IF_CAN,25215,3/15/2023 1:44:38 PM,66cc58aa-8f53-4d06-b129-879fb3b08239,"(3.9, 0.0, 8.0)",walkIfCan,Helga_10 Root,
S_A_L_T_WALKED,25215,3/15/2023 1:44:38 PM,66cc58aa-8f53-4d06-b129-879fb3b08239,"(3.9, 0.0, 8.0)",walked,Helga_10 Root,
VOICE_CAPTURE,25748,3/15/2023 1:44:39 PM,66cc58aa-8f53-4d06-b129-879fb3b08239,alright you can hear my voice go ahead and walk over to the stairs over here,NA,
VOICE_COMMAND,25748,3/15/2023 1:44:39 PM,66cc58aa-8f53-4d06-b129-879fb3b08239,walk to the safe area,alright you can hear my voice go ahead and walk over to the stairs over here,
VOICE_CAPTURE,31665,3/15/2023 1:44:45 PM,66cc58aa-8f53-4d06-b129-879fb3b08239,OK,NA,
VOICE_CAPTURE,33500,3/15/2023 1:44:47 PM,66cc58aa-8f53-4d06-b129-879fb3b08239,wave,NA,
VOICE_COMMAND,33500,3/15/2023 1:44:47 PM,66cc58aa-8f53-4d06-b129-879fb3b08239,wave if you can,wave,
S_A_L_T_WAVE_IF_CAN,33501,3/15/2023 1:44:47 PM,66cc58aa-8f53-4d06-b129-879fb3b08239,"(3.0, 0.0, 4.5)",waveIfCan,Lily_2 Root,
S_A_L_T_WAVED,33501,3/15/2023 1:44:47 PM,66cc58aa-8f53-4d06-b129-879fb3b08239,"(3.0, 0.0, 4.5)",waved,Lily_2 Root,
S_A_L_T_WAVE_IF_CAN,33502,3/15/2023 1:44:47 PM,66cc58aa-8f53-4d06-b129-879fb3b08239,"(1.2, 0.0, 6.2)",waveIfCan,Lily_4 Root,
S_A_L_T_WAVED,33502,3/15/2023 1:44:47 PM,66cc58aa-8f53-4d06-b129-879fb3b08239,"(1.2, 0.0, 6.2)",waved,Lily_4 Root,
S_A_L_T_WAVE_IF_CAN,33502,3/15/2023 1:44:47 PM,66cc58aa-8f53-4d06-b129-879fb3b08239,"(2.7, 0.0, 2.3)",waveIfCan,Mike_5 Root,
S_A_L_T_WAVED,33502,3/15/2023 1:44:47 PM,66cc58aa-8f53-4d06-b129-879fb3b08239,"(2.7, 0.0, 2.3)",waved,Mike_5 Root,
S_A_L_T_WAVE_IF_CAN,33502,3/15/2023 1:44:47 PM,66cc58aa-8f53-4d06-b129-879fb3b08239,"(-1.2, 0.0, 3.1)",waveIfCan,Gloria_6 Root,
S_A_L_T_WAVED,33502,3/15/2023 1:44:47 PM,66cc58aa-8f53-4d06-b129-879fb3b08239,"(-1.2, 0.0, 3.1)",waved,Gloria_6 Root,
S_A_L_T_WAVE_IF_CAN,33502,3/15/2023 1:44:47 PM,66cc58aa-8f53-4d06-b129-879fb3b08239,"(1.3, 0.0, 3.4)",waveIfCan,Mike_7 Root,
S_A_L_T_WAVED,33502,3/15/2023 1:44:47 PM,66cc58aa-8f53-4d06-b129-879fb3b08239,"(1.3, 0.0, 3.4)",waved,Mike_7 Root,
S_A_L_T_WAVE_IF_CAN,33502,3/15/2023 1:44:47 PM,66cc58aa-8f53-4d06-b129-879fb3b08239,"(4.3, 0.0, -0.4)",waveIfCan,Gloria_8 Root,
S_A_L_T_WAVE_IF_CAN,33502,3/15/2023 1:44:47 PM,66cc58aa-8f53-4d06-b129-879fb3b08239,"(2.2, 0.0, 1.6)",waveIfCan,Helga_10 Root,
S_A_L_T_WALK_IF_CAN,33529,3/15/2023 1:44:47 PM,66cc58aa-8f53-4d06-b129-879fb3b08239,"(4.3, 0.0, -0.4)",walkIfCan,Gloria_8 Root,
S_A_L_T_WALKED,33529,3/15/2023 1:44:47 PM,66cc58aa-8f53-4d06-b129-879fb3b08239,"(4.3, 0.0, -0.4)",walked,Gloria_8 Root,
S_A_L_T_WALK_IF_CAN,33529,3/15/2023 1:44:47 PM,66cc58aa-8f53-4d06-b129-879fb3b08239,"(2.2, 0.0, 1.5)",walkIfCan,Helga_10 Root,
S_A_L_T_WALKED,33529,3/15/2023 1:44:47 PM,66cc58aa-8f53-4d06-b129-879fb3b08239,"(2.2, 0.0, 1.5)",walked,Helga_10 Root,
VOICE_CAPTURE,34581,3/15/2023 1:44:48 PM,66cc58aa-8f53-4d06-b129-879fb3b08239,you can hear my voice wave your hand,NA,
VOICE_COMMAND,34581,3/15/2023 1:44:48 PM,66cc58aa-8f53-4d06-b129-879fb3b08239,wave if you can,you can hear my voice wave your hand,
S_A_L_T_WAVE_IF_CAN,34584,3/15/2023 1:44:48 PM,66cc58aa-8f53-4d06-b129-879fb3b08239,"(4.3, 0.0, -1.5)",waveIfCan,Gloria_8 Root,
S_A_L_T_WAVE_IF_CAN,34584,3/15/2023 1:44:48 PM,66cc58aa-8f53-4d06-b129-879fb3b08239,"(2.3, 0.0, 0.4)",waveIfCan,Helga_10 Root,
S_A_L_T_WALK_IF_CAN,34612,3/15/2023 1:44:48 PM,66cc58aa-8f53-4d06-b129-879fb3b08239,"(4.3, 0.0, -1.6)",walkIfCan,Gloria_8 Root,
S_A_L_T_WALKED,34612,3/15/2023 1:44:48 PM,66cc58aa-8f53-4d06-b129-879fb3b08239,"(4.3, 0.0, -1.6)",walked,Gloria_8 Root,
S_A_L_T_WALK_IF_CAN,34612,3/15/2023 1:44:48 PM,66cc58aa-8f53-4d06-b129-879fb3b08239,"(2.3, 0.0, 0.4)",walkIfCan,Helga_10 Root,
S_A_L_T_WALKED,34612,3/15/2023 1:44:48 PM,66cc58aa-8f53-4d06-b129-879fb3b08239,"(2.3, 0.0, 0.4)",walked,Helga_10 Root,
TELEPORT,37333,3/15/2023 1:44:50 PM,66cc58aa-8f53-4d06-b129-879fb3b08239,"(0.8, 0.0, -2.3)",
VOICE_CAPTURE,39498,3/15/2023 1:44:53 PM,66cc58aa-8f53-4d06-b129-879fb3b08239,alright,NA,
TELEPORT,41699,3/15/2023 1:44:55 PM,66cc58aa-8f53-4d06-b129-879fb3b08239,"(0.3, 0.0, 0.3)",
PATIENT_ENGAGED,41772,3/15/2023 1:44:55 PM,66cc58aa-8f53-4d06-b129-879fb3b08239,100,0,Gary_3 Root,"(0.4, 0.0, 1.7)","(0.0, 0.0, 0.0, 1.0)",IMMEDIATE,still,faint,collapsedRight,normal,unresponsive,supine,
BAG_ACCESS,43833,3/15/2023 1:44:57 PM,66cc58aa-8f53-4d06-b129-879fb3b08239,"(1.1, 0.5, 0.8)",
TOOL_HOVER,44961,3/15/2023 1:44:58 PM,66cc58aa-8f53-4d06-b129-879fb3b08239,Needle,999,
TOOL_HOVER,44988,3/15/2023 1:44:58 PM,66cc58aa-8f53-4d06-b129-879fb3b08239,Needle,999,
TOOL_HOVER,45021,3/15/2023 1:44:58 PM,66cc58aa-8f53-4d06-b129-879fb3b08239,Needle,999,
TOOL_HOVER,45042,3/15/2023 1:44:58 PM,66cc58aa-8f53-4d06-b129-879fb3b08239,Needle,999,
TOOL_HOVER,45072,3/15/2023 1:44:58 PM,66cc58aa-8f53-4d06-b129-879fb3b08239,Needle,999,
TOOL_HOVER,45103,3/15/2023 1:44:58 PM,66cc58aa-8f53-4d06-b129-879fb3b08239,Needle,999,
TOOL_HOVER,45126,3/15/2023 1:44:58 PM,66cc58aa-8f53-4d06-b129-879fb3b08239,Needle,999,
TOOL_HOVER,45157,3/15/2023 1:44:58 PM,66cc58aa-8f53-4d06-b129-879fb3b08239,Tourniquet,999,
TOOL_HOVER,45182,3/15/2023 1:44:58 PM,66cc58aa-8f53-4d06-b129-879fb3b08239,Tourniquet,999,
TOOL_HOVER,45211,3/15/2023 1:44:58 PM,66cc58aa-8f53-4d06-b129-879fb3b08239,Tourniquet,999,
TOOL_HOVER,45239,3/15/2023 1:44:58 PM,66cc58aa-8f53-4d06-b129-879fb3b08239,Tourniquet,999,
TOOL_HOVER,45264,3/15/2023 1:44:58 PM,66cc58aa-8f53-4d06-b129-879fb3b08239,Tourniquet,999,
TOOL_HOVER,45291,3/15/2023 1:44:58 PM,66cc58aa-8f53-4d06-b129-879fb3b08239,Tourniquet,999,
TOOL_HOVER,45322,3/15/2023 1:44:58 PM,66cc58aa-8f53-4d06-b129-879fb3b08239,Tourniquet,999,
TOOL_HOVER,46267,3/15/2023 1:44:59 PM,66cc58aa-8f53-4d06-b129-879fb3b08239,Needle,999,
TOOL_HOVER,46294,3/15/2023 1:44:59 PM,66cc58aa-8f53-4d06-b129-879fb3b08239,Needle,999,
TOOL_HOVER,46322,3/15/2023 1:44:59 PM,66cc58aa-8f53-4d06-b129-879fb3b08239,Needle,999,
TOOL_HOVER,46349,3/15/2023 1:44:59 PM,66cc58aa-8f53-4d06-b129-879fb3b08239,Needle,999,
TOOL_HOVER,46376,3/15/2023 1:44:59 PM,66cc58aa-8f53-4d06-b129-879fb3b08239,Needle,999,
TOOL_HOVER,46404,3/15/2023 1:44:59 PM,66cc58aa-8f53-4d06-b129-879fb3b08239,Needle,999,
TOOL_HOVER,46433,3/15/2023 1:44:59 PM,66cc58aa-8f53-4d06-b129-879fb3b08239,Needle,999,
TOOL_HOVER,46460,3/15/2023 1:45:00 PM,66cc58aa-8f53-4d06-b129-879fb3b08239,Needle,999,
TOOL_HOVER,46488,3/15/2023 1:45:00 PM,66cc58aa-8f53-4d06-b129-879fb3b08239,Needle,999,
TOOL_HOVER,46514,3/15/2023 1:45:00 PM,66cc58aa-8f53-4d06-b129-879fb3b08239,Needle,999,
TOOL_HOVER,46543,3/15/2023 1:45:00 PM,66cc58aa-8f53-4d06-b129-879fb3b08239,Needle,999,
TOOL_HOVER,46570,3/15/2023 1:45:00 PM,66cc58aa-8f53-4d06-b129-879fb3b08239,Needle,999,
TOOL_HOVER,46598,3/15/2023 1:45:00 PM,66cc58aa-8f53-4d06-b129-879fb3b08239,Needle,999,
TOOL_HOVER,46626,3/15/2023 1:45:00 PM,66cc58aa-8f53-4d06-b129-879fb3b08239,Needle,999,
TOOL_HOVER,46656,3/15/2023 1:45:00 PM,66cc58aa-8f53-4d06-b129-879fb3b08239,Needle,999,
TOOL_HOVER,46681,3/15/2023 1:45:00 PM,66cc58aa-8f53-4d06-b129-879fb3b08239,Needle,999,
TOOL_SELECTED,46686,3/15/2023 1:45:00 PM,66cc58aa-8f53-4d06-b129-879fb3b08239,Needle,998,
VOICE_CAPTURE,48358,3/15/2023 1:45:01 PM,66cc58aa-8f53-4d06-b129-879fb3b08239,i figured yeah,NA,
INJURY_TREATED,48617,3/15/2023 1:45:02 PM,66cc58aa-8f53-4d06-b129-879fb3b08239,R Chest Collapse,Gary_3 Root,decompress,high,chest,True,False,"(0.0, 0.0, 0.0)",
TOOL_APPLIED,48617,3/15/2023 1:45:02 PM,66cc58aa-8f53-4d06-b129-879fb3b08239,Needle_Decomp(Clone),Needle,RChest_Breathe1 (UnityEngine.GameObject),cath_needle (UnityEngine.GameObject),right_chest,Needle_Decomp(Clone) (UnityEngine.GameObject),AppliedDecompNeedle,
TAG_SELECTED,51125,3/15/2023 1:45:04 PM,66cc58aa-8f53-4d06-b129-879fb3b08239,red,
TAG_APPLIED,53353,3/15/2023 1:45:06 PM,66cc58aa-8f53-4d06-b129-879fb3b08239,Gary_3 Root,red,
BAG_CLOSED,55640,3/15/2023 1:45:09 PM,66cc58aa-8f53-4d06-b129-879fb3b08239,"(1.1, 0.5, 0.8)",
TELEPORT,56969,3/15/2023 1:45:10 PM,66cc58aa-8f53-4d06-b129-879fb3b08239,"(0.3, 0.0, 0.4)",
PATIENT_ENGAGED,60762,3/15/2023 1:45:14 PM,66cc58aa-8f53-4d06-b129-879fb3b08239,100,Infinity,Bob_0 Root,"(-1.7, 0.0, 5.6)","(0.0, 0.7, 0.0, 0.7)",DEAD,still,none,none,none,dead,supine,
VOICE_CAPTURE,63921,3/15/2023 1:45:17 PM,66cc58aa-8f53-4d06-b129-879fb3b08239,alright,NA,
BAG_ACCESS,67923,3/15/2023 1:45:21 PM,66cc58aa-8f53-4d06-b129-879fb3b08239,"(-1.7, 0.4, 5.0)",
TAG_SELECTED,68867,3/15/2023 1:45:22 PM,66cc58aa-8f53-4d06-b129-879fb3b08239,black,
TAG_APPLIED,70096,3/15/2023 1:45:23 PM,66cc58aa-8f53-4d06-b129-879fb3b08239,Bob_0 Root,black,
BAG_CLOSED,71719,3/15/2023 1:45:25 PM,66cc58aa-8f53-4d06-b129-879fb3b08239,"(-1.7, 0.4, 5.0)",
TELEPORT,73940,3/15/2023 1:45:27 PM,66cc58aa-8f53-4d06-b129-879fb3b08239,"(-1.5, 0.0, 3.9)",
PATIENT_ENGAGED,81670,3/15/2023 1:45:35 PM,66cc58aa-8f53-4d06-b129-879fb3b08239,100,Infinity,Gary_1 Root,"(1.6, 0.0, 7.6)","(0.0, 1.0, 0.0, 0.0)",EXPECTANT,still,none,restricted,none,unresponsive,supine,
VOICE_CAPTURE,86719,3/15/2023 1:45:40 PM,66cc58aa-8f53-4d06-b129-879fb3b08239,alright can you hear my voice,NA,
VOICE_COMMAND,86719,3/15/2023 1:45:40 PM,66cc58aa-8f53-4d06-b129-879fb3b08239,can you hear,alright can you hear my voice,
PULSE_TAKEN,88969,3/15/2023 1:45:42 PM,66cc58aa-8f53-4d06-b129-879fb3b08239,pulse_none,Gary_1 Root,
VOICE_CAPTURE,92553,3/15/2023 1:45:46 PM,66cc58aa-8f53-4d06-b129-879fb3b08239,alright your pulses,NA,
BAG_ACCESS,98730,3/15/2023 1:45:52 PM,66cc58aa-8f53-4d06-b129-879fb3b08239,"(1.2, 0.5, 7.7)",
TAG_SELECTED,99775,3/15/2023 1:45:53 PM,66cc58aa-8f53-4d06-b129-879fb3b08239,red,
VOICE_CAPTURE,99801,3/15/2023 1:45:53 PM,66cc58aa-8f53-4d06-b129-879fb3b08239,OK can you move your hands and legs,NA,
VOICE_COMMAND,99801,3/15/2023 1:45:53 PM,66cc58aa-8f53-4d06-b129-879fb3b08239,reveal injury,OK can you move your hands and legs,
TAG_APPLIED,104356,3/15/2023 1:45:57 PM,66cc58aa-8f53-4d06-b129-879fb3b08239,Gary_1 Root,red,
BAG_CLOSED,113001,3/15/2023 1:46:06 PM,66cc58aa-8f53-4d06-b129-879fb3b08239,"(1.2, 0.5, 7.7)",
VOICE_CAPTURE,115499,3/15/2023 1:46:09 PM,66cc58aa-8f53-4d06-b129-879fb3b08239,wave,NA,
VOICE_COMMAND,115499,3/15/2023 1:46:09 PM,66cc58aa-8f53-4d06-b129-879fb3b08239,wave if you can,wave,
S_A_L_T_WAVE_IF_CAN,115500,3/15/2023 1:46:09 PM,66cc58aa-8f53-4d06-b129-879fb3b08239,"(3.0, 0.0, 4.5)",waveIfCan,Lily_2 Root,
S_A_L_T_WAVED,115500,3/15/2023 1:46:09 PM,66cc58aa-8f53-4d06-b129-879fb3b08239,"(3.0, 0.0, 4.5)",waved,Lily_2 Root,
S_A_L_T_WAVE_IF_CAN,115500,3/15/2023 1:46:09 PM,66cc58aa-8f53-4d06-b129-879fb3b08239,"(1.2, 0.0, 6.2)",waveIfCan,Lily_4 Root,
S_A_L_T_WAVED,115500,3/15/2023 1:46:09 PM,66cc58aa-8f53-4d06-b129-879fb3b08239,"(1.2, 0.0, 6.2)",waved,Lily_4 Root,
S_A_L_T_WAVE_IF_CAN,115500,3/15/2023 1:46:09 PM,66cc58aa-8f53-4d06-b129-879fb3b08239,"(2.7, 0.0, 2.3)",waveIfCan,Mike_5 Root,
S_A_L_T_WAVED,115500,3/15/2023 1:46:09 PM,66cc58aa-8f53-4d06-b129-879fb3b08239,"(2.7, 0.0, 2.3)",waved,Mike_5 Root,
S_A_L_T_WAVE_IF_CAN,115500,3/15/2023 1:46:09 PM,66cc58aa-8f53-4d06-b129-879fb3b08239,"(-1.2, 0.0, 3.1)",waveIfCan,Gloria_6 Root,
S_A_L_T_WAVED,115500,3/15/2023 1:46:09 PM,66cc58aa-8f53-4d06-b129-879fb3b08239,"(-1.2, 0.0, 3.1)",waved,Gloria_6 Root,
S_A_L_T_WAVE_IF_CAN,115500,3/15/2023 1:46:09 PM,66cc58aa-8f53-4d06-b129-879fb3b08239,"(1.3, 0.0, 3.4)",waveIfCan,Mike_7 Root,
S_A_L_T_WAVED,115500,3/15/2023 1:46:09 PM,66cc58aa-8f53-4d06-b129-879fb3b08239,"(1.3, 0.0, 3.4)",waved,Mike_7 Root,
S_A_L_T_WAVE_IF_CAN,115500,3/15/2023 1:46:09 PM,66cc58aa-8f53-4d06-b129-879fb3b08239,"(4.3, 0.0, -4.4)",waveIfCan,Gloria_8 Root,
S_A_L_T_WAVED,115500,3/15/2023 1:46:09 PM,66cc58aa-8f53-4d06-b129-879fb3b08239,"(4.3, 0.0, -4.4)",waved,Gloria_8 Root,
S_A_L_T_WAVE_IF_CAN,115500,3/15/2023 1:46:09 PM,66cc58aa-8f53-4d06-b129-879fb3b08239,"(3.3, 0.0, -4.9)",waveIfCan,Helga_10 Root,
S_A_L_T_WAVED,115500,3/15/2023 1:46:09 PM,66cc58aa-8f53-4d06-b129-879fb3b08239,"(3.3, 0.0, -4.9)",waved,Helga_10 Root,
VOICE_CAPTURE,116469,3/15/2023 1:46:10 PM,66cc58aa-8f53-4d06-b129-879fb3b08239,alright can't fault commands so we're there if you can hear my voice raise your hand,NA,
TELEPORT,120941,3/15/2023 1:46:14 PM,66cc58aa-8f53-4d06-b129-879fb3b08239,"(0.4, 0.0, 6.8)",
VOICE_CAPTURE,122773,3/15/2023 1:46:16 PM,66cc58aa-8f53-4d06-b129-879fb3b08239,12345 alright,NA,
PATIENT_ENGAGED,123025,3/15/2023 1:46:16 PM,66cc58aa-8f53-4d06-b129-879fb3b08239,100,0,Gary_9 Root,"(2.9, 0.0, 9.1)","(0.0, 0.9, 0.0, -0.5)",MINIMAL,walker,normal,normal,limited,calm,standing,
VOICE_CAPTURE,127245,3/15/2023 1:46:20 PM,66cc58aa-8f53-4d06-b129-879fb3b08239,hi do you know where do you,NA,
VOICE_CAPTURE,129386,3/15/2023 1:46:22 PM,66cc58aa-8f53-4d06-b129-879fb3b08239,can you hear,NA,
VOICE_COMMAND,129386,3/15/2023 1:46:22 PM,66cc58aa-8f53-4d06-b129-879fb3b08239,can you hear,can you hear,
VOICE_CAPTURE,130649,3/15/2023 1:46:24 PM,66cc58aa-8f53-4d06-b129-879fb3b08239,OK do you know where you are,NA,
VOICE_COMMAND,130649,3/15/2023 1:46:24 PM,66cc58aa-8f53-4d06-b129-879fb3b08239,where are you,OK do you know where you are,
VOICE_COMMAND,130649,3/15/2023 1:46:24 PM,66cc58aa-8f53-4d06-b129-879fb3b08239,where are you,OK do you know where you are,
VOICE_CAPTURE,138050,3/15/2023 1:46:31 PM,66cc58aa-8f53-4d06-b129-879fb3b08239,OK can you sit down over on the benches,NA,
VOICE_COMMAND,138050,3/15/2023 1:46:31 PM,66cc58aa-8f53-4d06-b129-879fb3b08239,sit up/down,OK can you sit down over on the benches,
VOICE_CAPTURE,140598,3/15/2023 1:46:34 PM,66cc58aa-8f53-4d06-b129-879fb3b08239,can i like escort him over,NA,
VOICE_CAPTURE,145769,3/15/2023 1:46:39 PM,66cc58aa-8f53-4d06-b129-879fb3b08239,OK,NA,
BAG_ACCESS,147819,3/15/2023 1:46:41 PM,66cc58aa-8f53-4d06-b129-879fb3b08239,"(2.3, 0.7, 8.5)",
VOICE_CAPTURE,154054,3/15/2023 1:46:47 PM,66cc58aa-8f53-4d06-b129-879fb3b08239,let's see just look over here,NA,
VOICE_CAPTURE,156608,3/15/2023 1:46:50 PM,66cc58aa-8f53-4d06-b129-879fb3b08239,let me see your ears,NA,
VOICE_COMMAND,156608,3/15/2023 1:46:50 PM,66cc58aa-8f53-4d06-b129-879fb3b08239,reveal injury,let me see your ears,
PULSE_TAKEN,159054,3/15/2023 1:46:52 PM,66cc58aa-8f53-4d06-b129-879fb3b08239,pulse_normal,Gary_9 Root,
PULSE_TAKEN,159137,3/15/2023 1:46:52 PM,66cc58aa-8f53-4d06-b129-879fb3b08239,pulse_normal,Gary_9 Root,
PULSE_TAKEN,159359,3/15/2023 1:46:52 PM,66cc58aa-8f53-4d06-b129-879fb3b08239,pulse_normal,Gary_9 Root,
VOICE_CAPTURE,159442,3/15/2023 1:46:52 PM,66cc58aa-8f53-4d06-b129-879fb3b08239,bleeding in the ears,NA,
PULSE_TAKEN,159499,3/15/2023 1:46:53 PM,66cc58aa-8f53-4d06-b129-879fb3b08239,pulse_normal,Gary_9 Root,
PULSE_TAKEN,159745,3/15/2023 1:46:53 PM,66cc58aa-8f53-4d06-b129-879fb3b08239,pulse_normal,Gary_9 Root,
PULSE_TAKEN,159940,3/15/2023 1:46:53 PM,66cc58aa-8f53-4d06-b129-879fb3b08239,pulse_normal,Gary_9 Root,
PULSE_TAKEN,160384,3/15/2023 1:46:53 PM,66cc58aa-8f53-4d06-b129-879fb3b08239,pulse_normal,Gary_9 Root,
PULSE_TAKEN,165251,3/15/2023 1:46:58 PM,66cc58aa-8f53-4d06-b129-879fb3b08239,pulse_normal,Gary_9 Root,
BAG_CLOSED,165477,3/15/2023 1:46:59 PM,66cc58aa-8f53-4d06-b129-879fb3b08239,"(2.3, 0.7, 8.5)",
VOICE_CAPTURE,165528,3/15/2023 1:46:59 PM,66cc58aa-8f53-4d06-b129-879fb3b08239,OK,NA,
VOICE_CAPTURE,174107,3/15/2023 1:47:07 PM,66cc58aa-8f53-4d06-b129-879fb3b08239,pain to the back of your head does he have any other injuries that i can see,NA,
VOICE_COMMAND,174107,3/15/2023 1:47:07 PM,66cc58aa-8f53-4d06-b129-879fb3b08239,are you hurt,pain to the back of your head does he have any other injuries that i can see,
VOICE_COMMAND,174108,3/15/2023 1:47:07 PM,66cc58aa-8f53-4d06-b129-879fb3b08239,anywhere else,pain to the back of your head does he have any other injuries that i can see,
BAG_ACCESS,174683,3/15/2023 1:47:08 PM,66cc58aa-8f53-4d06-b129-879fb3b08239,"(2.3, 0.7, 8.7)",
TAG_SELECTED,175517,3/15/2023 1:47:09 PM,66cc58aa-8f53-4d06-b129-879fb3b08239,yellow,
VOICE_CAPTURE,176375,3/15/2023 1:47:09 PM,66cc58aa-8f53-4d06-b129-879fb3b08239,OK,NA,
TAG_APPLIED,177017,3/15/2023 1:47:10 PM,66cc58aa-8f53-4d06-b129-879fb3b08239,Gary_9 Root,yellow,
PULSE_TAKEN,178488,3/15/2023 1:47:12 PM,66cc58aa-8f53-4d06-b129-879fb3b08239,pulse_normal,Gary_9 Root,
PULSE_TAKEN,179626,3/15/2023 1:47:13 PM,66cc58aa-8f53-4d06-b129-879fb3b08239,pulse_normal,Gary_9 Root,
PULSE_TAKEN,180766,3/15/2023 1:47:14 PM,66cc58aa-8f53-4d06-b129-879fb3b08239,pulse_normal,Gary_9 Root,
PULSE_TAKEN,180904,3/15/2023 1:47:14 PM,66cc58aa-8f53-4d06-b129-879fb3b08239,pulse_normal,Gary_9 Root,
PULSE_TAKEN,180988,3/15/2023 1:47:14 PM,66cc58aa-8f53-4d06-b129-879fb3b08239,pulse_normal,Gary_9 Root,
VOICE_CAPTURE,183265,3/15/2023 1:47:16 PM,66cc58aa-8f53-4d06-b129-879fb3b08239,alright needs to be addressed bleeding to the ears he can't move,NA,
VOICE_CAPTURE,187348,3/15/2023 1:47:20 PM,66cc58aa-8f53-4d06-b129-879fb3b08239,guys alright,NA,
BAG_CLOSED,195825,3/15/2023 1:47:29 PM,66cc58aa-8f53-4d06-b129-879fb3b08239,"(2.3, 0.7, 8.7)",
TELEPORT,195825,3/15/2023 1:47:29 PM,66cc58aa-8f53-4d06-b129-879fb3b08239,"(1.7, 0.0, 7.8)",
VOICE_CAPTURE,197989,3/15/2023 1:47:31 PM,66cc58aa-8f53-4d06-b129-879fb3b08239,OK he's not bleeding anymore alright let's go,NA,
PATIENT_ENGAGED,199478,3/15/2023 1:47:33 PM,66cc58aa-8f53-4d06-b129-879fb3b08239,100,Infinity,Lily_2 Root,"(3.0, 0.0, 4.5)","(0.0, 1.0, 0.0, 0.0)",IMMEDIATE,waver,fast,fast,normal,agony,fetal,
VOICE_CAPTURE,201626,3/15/2023 1:47:35 PM,66cc58aa-8f53-4d06-b129-879fb3b08239,alright,NA,
BAG_ACCESS,202073,3/15/2023 1:47:35 PM,66cc58aa-8f53-4d06-b129-879fb3b08239,"(3.1, 0.5, 4.8)",
TOOL_HOVER,203240,3/15/2023 1:47:36 PM,66cc58aa-8f53-4d06-b129-879fb3b08239,Tourniquet,999,
TOOL_HOVER,203268,3/15/2023 1:47:36 PM,66cc58aa-8f53-4d06-b129-879fb3b08239,Tourniquet,999,
TOOL_SELECTED,203270,3/15/2023 1:47:36 PM,66cc58aa-8f53-4d06-b129-879fb3b08239,Tourniquet,998,
VOICE_CAPTURE,204794,3/15/2023 1:47:38 PM,66cc58aa-8f53-4d06-b129-879fb3b08239,are you hurt,NA,
VOICE_COMMAND,204794,3/15/2023 1:47:38 PM,66cc58aa-8f53-4d06-b129-879fb3b08239,are you hurt,are you hurt,
INJURY_TREATED,205879,3/15/2023 1:47:39 PM,66cc58aa-8f53-4d06-b129-879fb3b08239,R Shin Amputation,Lily_2 Root,tourniquet,high,rightLeg,True,False,"(3.3, 0.1, 4.2)",
TOOL_APPLIED,205880,3/15/2023 1:47:39 PM,66cc58aa-8f53-4d06-b129-879fb3b08239,Lily_2 Root,Tourniquet,RightUpLeg (UnityEngine.GameObject),tor_ring (1) (UnityEngine.GameObject),tourniquet(Clone) (UnityEngine.GameObject),AppliedTourniquet,
VOICE_CAPTURE,207600,3/15/2023 1:47:41 PM,66cc58aa-8f53-4d06-b129-879fb3b08239,are you hurt,NA,
VOICE_COMMAND,207600,3/15/2023 1:47:41 PM,66cc58aa-8f53-4d06-b129-879fb3b08239,are you hurt,are you hurt,
VOICE_CAPTURE,208529,3/15/2023 1:47:42 PM,66cc58aa-8f53-4d06-b129-879fb3b08239,modbutton groan,NA,
VOICE_COMMAND,208529,3/15/2023 1:47:42 PM,66cc58aa-8f53-4d06-b129-879fb3b08239,modbutton groan,modbutton groan,
TAG_SELECTED,209888,3/15/2023 1:47:43 PM,66cc58aa-8f53-4d06-b129-879fb3b08239,red,
VOICE_CAPTURE,211628,3/15/2023 1:47:45 PM,66cc58aa-8f53-4d06-b129-879fb3b08239,do you have any other injuries,NA,
VOICE_COMMAND,211628,3/15/2023 1:47:45 PM,66cc58aa-8f53-4d06-b129-879fb3b08239,are you hurt,do you have any other injuries,
VOICE_COMMAND,211628,3/15/2023 1:47:45 PM,66cc58aa-8f53-4d06-b129-879fb3b08239,anywhere else,do you have any other injuries,
TAG_APPLIED,212018,3/15/2023 1:47:45 PM,66cc58aa-8f53-4d06-b129-879fb3b08239,Lily_2 Root,red,
VOICE_CAPTURE,212125,3/15/2023 1:47:45 PM,66cc58aa-8f53-4d06-b129-879fb3b08239,modbutton yes,NA,
VOICE_COMMAND,212125,3/15/2023 1:47:45 PM,66cc58aa-8f53-4d06-b129-879fb3b08239,modbutton yes,modbutton yes,
VOICE_CAPTURE,215655,3/15/2023 1:47:49 PM,66cc58aa-8f53-4d06-b129-879fb3b08239,show me,NA,
VOICE_COMMAND,215655,3/15/2023 1:47:49 PM,66cc58aa-8f53-4d06-b129-879fb3b08239,reveal injury,show me,
VOICE_CAPTURE,217335,3/15/2023 1:47:50 PM,66cc58aa-8f53-4d06-b129-879fb3b08239,yes yes where else are you hurt,NA,
VOICE_COMMAND,217335,3/15/2023 1:47:50 PM,66cc58aa-8f53-4d06-b129-879fb3b08239,are you hurt,yes yes where else are you hurt,
VOICE_CAPTURE,226065,3/15/2023 1:47:59 PM,66cc58aa-8f53-4d06-b129-879fb3b08239,show me,NA,
VOICE_COMMAND,226065,3/15/2023 1:47:59 PM,66cc58aa-8f53-4d06-b129-879fb3b08239,reveal injury,show me,
VOICE_CAPTURE,228049,3/15/2023 1:48:01 PM,66cc58aa-8f53-4d06-b129-879fb3b08239,lay down,NA,
VOICE_COMMAND,228049,3/15/2023 1:48:01 PM,66cc58aa-8f53-4d06-b129-879fb3b08239,lay down,lay down,
VOICE_CAPTURE,229102,3/15/2023 1:48:02 PM,66cc58aa-8f53-4d06-b129-879fb3b08239,where else are you hurt can you lie on your back,NA,
VOICE_COMMAND,229102,3/15/2023 1:48:02 PM,66cc58aa-8f53-4d06-b129-879fb3b08239,are you hurt,where else are you hurt can you lie on your back,
VOICE_COMMAND,229102,3/15/2023 1:48:02 PM,66cc58aa-8f53-4d06-b129-879fb3b08239,lay down,where else are you hurt can you lie on your back,
VOICE_CAPTURE,232850,3/15/2023 1:48:06 PM,66cc58aa-8f53-4d06-b129-879fb3b08239,wild,NA,
VOICE_CAPTURE,237504,3/15/2023 1:48:11 PM,66cc58aa-8f53-4d06-b129-879fb3b08239,OK do you have injuries anywhere else,NA,
VOICE_COMMAND,237504,3/15/2023 1:48:11 PM,66cc58aa-8f53-4d06-b129-879fb3b08239,are you hurt,OK do you have injuries anywhere else,
VOICE_COMMAND,237504,3/15/2023 1:48:11 PM,66cc58aa-8f53-4d06-b129-879fb3b08239,anywhere else,OK do you have injuries anywhere else,
BAG_CLOSED,239679,3/15/2023 1:48:13 PM,66cc58aa-8f53-4d06-b129-879fb3b08239,"(3.1, 0.5, 4.8)",
TELEPORT,241409,3/15/2023 1:48:14 PM,66cc58aa-8f53-4d06-b129-879fb3b08239,"(2.4, 0.0, 5.2)",
VOICE_CAPTURE,242073,3/15/2023 1:48:15 PM,66cc58aa-8f53-4d06-b129-879fb3b08239,OK alright red,NA,
PATIENT_ENGAGED,244076,3/15/2023 1:48:17 PM,66cc58aa-8f53-4d06-b129-879fb3b08239,100,Infinity,Mike_7 Root,"(1.3, 0.0, 3.4)","(0.0, 0.1, 0.0, 1.0)",DELAYED,waver,fast,normal,normal,upset,sittingGround,
VOICE_CAPTURE,244157,3/15/2023 1:48:17 PM,66cc58aa-8f53-4d06-b129-879fb3b08239,now let me just,NA,
VOICE_CAPTURE,246408,3/15/2023 1:48:19 PM,66cc58aa-8f53-4d06-b129-879fb3b08239,modbutton groan,NA,
VOICE_COMMAND,246408,3/15/2023 1:48:19 PM,66cc58aa-8f53-4d06-b129-879fb3b08239,modbutton groan,modbutton groan,
VOICE_CAPTURE,248351,3/15/2023 1:48:21 PM,66cc58aa-8f53-4d06-b129-879fb3b08239,OK,NA,
BAG_ACCESS,248491,3/15/2023 1:48:22 PM,66cc58aa-8f53-4d06-b129-879fb3b08239,"(0.9, 0.6, 3.9)",
VOICE_CAPTURE,248825,3/15/2023 1:48:22 PM,66cc58aa-8f53-4d06-b129-879fb3b08239,what is your name,NA,
VOICE_COMMAND,248825,3/15/2023 1:48:22 PM,66cc58aa-8f53-4d06-b129-879fb3b08239,what is your name,what is your name,
TOOL_HOVER,249351,3/15/2023 1:48:22 PM,66cc58aa-8f53-4d06-b129-879fb3b08239,Tourniquet,998,
TOOL_HOVER,249379,3/15/2023 1:48:22 PM,66cc58aa-8f53-4d06-b129-879fb3b08239,Tourniquet,998,
TOOL_HOVER,249408,3/15/2023 1:48:22 PM,66cc58aa-8f53-4d06-b129-879fb3b08239,Tourniquet,998,
TOOL_HOVER,249435,3/15/2023 1:48:22 PM,66cc58aa-8f53-4d06-b129-879fb3b08239,Tourniquet,998,
TOOL_HOVER,249463,3/15/2023 1:48:23 PM,66cc58aa-8f53-4d06-b129-879fb3b08239,Tourniquet,998,
TOOL_HOVER,249491,3/15/2023 1:48:23 PM,66cc58aa-8f53-4d06-b129-879fb3b08239,Tourniquet,998,
TOOL_HOVER,249519,3/15/2023 1:48:23 PM,66cc58aa-8f53-4d06-b129-879fb3b08239,Tourniquet,998,
TOOL_HOVER,249547,3/15/2023 1:48:23 PM,66cc58aa-8f53-4d06-b129-879fb3b08239,Tourniquet,998,
TOOL_HOVER,249575,3/15/2023 1:48:23 PM,66cc58aa-8f53-4d06-b129-879fb3b08239,Tourniquet,998,
TOOL_HOVER,249604,3/15/2023 1:48:23 PM,66cc58aa-8f53-4d06-b129-879fb3b08239,Tourniquet,998,
TOOL_HOVER,249630,3/15/2023 1:48:23 PM,66cc58aa-8f53-4d06-b129-879fb3b08239,Tourniquet,998,
TOOL_SELECTED,249631,3/15/2023 1:48:23 PM,66cc58aa-8f53-4d06-b129-879fb3b08239,Tourniquet,997,
VOICE_CAPTURE,250214,3/15/2023 1:48:23 PM,66cc58aa-8f53-4d06-b129-879fb3b08239,what is your name,NA,
VOICE_COMMAND,250214,3/15/2023 1:48:23 PM,66cc58aa-8f53-4d06-b129-879fb3b08239,what is your name,what is your name,
VOICE_CAPTURE,250379,3/15/2023 1:48:23 PM,66cc58aa-8f53-4d06-b129-879fb3b08239,what's your name,NA,
VOICE_COMMAND,250379,3/15/2023 1:48:23 PM,66cc58aa-8f53-4d06-b129-879fb3b08239,what is your name,what's your name,
INJURY_TREATED,252241,3/15/2023 1:48:25 PM,66cc58aa-8f53-4d06-b129-879fb3b08239,L Thigh Puncture,Mike_7 Root,tourniquet,medium,leftLeg,True,False,"(0.7, 0.1, 3.5)",
TOOL_APPLIED,252241,3/15/2023 1:48:25 PM,66cc58aa-8f53-4d06-b129-879fb3b08239,Mike_7 Root,Tourniquet,LeftUpLeg (UnityEngine.GameObject),tor_ring (1) (UnityEngine.GameObject),tourniquet(Clone) (UnityEngine.GameObject),AppliedTourniquet,
VOICE_CAPTURE,253822,3/15/2023 1:48:27 PM,66cc58aa-8f53-4d06-b129-879fb3b08239,michael,NA,
TOOL_HOVER,256967,3/15/2023 1:48:30 PM,66cc58aa-8f53-4d06-b129-879fb3b08239,Gauze,999,
TOOL_HOVER,256994,3/15/2023 1:48:30 PM,66cc58aa-8f53-4d06-b129-879fb3b08239,Gauze,999,
TOOL_HOVER,257022,3/15/2023 1:48:30 PM,66cc58aa-8f53-4d06-b129-879fb3b08239,Gauze,999,
TOOL_HOVER,257050,3/15/2023 1:48:30 PM,66cc58aa-8f53-4d06-b129-879fb3b08239,Gauze,999,
TOOL_HOVER,257077,3/15/2023 1:48:30 PM,66cc58aa-8f53-4d06-b129-879fb3b08239,Gauze,999,
TOOL_HOVER,257105,3/15/2023 1:48:30 PM,66cc58aa-8f53-4d06-b129-879fb3b08239,Gauze,999,
TOOL_HOVER,257133,3/15/2023 1:48:30 PM,66cc58aa-8f53-4d06-b129-879fb3b08239,Gauze,999,
TOOL_HOVER,257160,3/15/2023 1:48:30 PM,66cc58aa-8f53-4d06-b129-879fb3b08239,Gauze,999,
TOOL_HOVER,257187,3/15/2023 1:48:30 PM,66cc58aa-8f53-4d06-b129-879fb3b08239,Gauze,999,
TOOL_HOVER,257216,3/15/2023 1:48:30 PM,66cc58aa-8f53-4d06-b129-879fb3b08239,Gauze,999,
TOOL_HOVER,257243,3/15/2023 1:48:30 PM,66cc58aa-8f53-4d06-b129-879fb3b08239,Gauze,999,
TOOL_HOVER,257271,3/15/2023 1:48:30 PM,66cc58aa-8f53-4d06-b129-879fb3b08239,Gauze,999,
TOOL_SELECTED,257272,3/15/2023 1:48:30 PM,66cc58aa-8f53-4d06-b129-879fb3b08239,Gauze,998,
VOICE_CAPTURE,258441,3/15/2023 1:48:31 PM,66cc58aa-8f53-4d06-b129-879fb3b08239,modbutton no,NA,
VOICE_COMMAND,258441,3/15/2023 1:48:31 PM,66cc58aa-8f53-4d06-b129-879fb3b08239,modbutton no,modbutton no,
TOOL_DISCARDED,259062,3/15/2023 1:48:32 PM,66cc58aa-8f53-4d06-b129-879fb3b08239,Gauze,998,"(1.3, 0.1, 3.8)",
INJURY_TREATED,259063,3/15/2023 1:48:32 PM,66cc58aa-8f53-4d06-b129-879fb3b08239,R Calf Laceration,Mike_7 Root,gauzePressure,low,rightLeg,True,False,"(1.3, 0.2, 3.8)",
TOOL_APPLIED,259063,3/15/2023 1:48:32 PM,66cc58aa-8f53-4d06-b129-879fb3b08239,Mike_7 Root,Gauze_Dressing,skinCollider_BodyCollideLOD (UnityEngine.GameObject),null,null,AppliedDressingGauze,
VOICE_CAPTURE,260009,3/15/2023 1:48:33 PM,66cc58aa-8f53-4d06-b129-879fb3b08239,OK michael besides this cut here and that cut there are you hurt anywhere else,NA,
VOICE_COMMAND,260010,3/15/2023 1:48:33 PM,66cc58aa-8f53-4d06-b129-879fb3b08239,are you hurt,OK michael besides this cut here and that cut there are you hurt anywhere else,
VOICE_COMMAND,260010,3/15/2023 1:48:33 PM,66cc58aa-8f53-4d06-b129-879fb3b08239,anywhere else,OK michael besides this cut here and that cut there are you hurt anywhere else,
TAG_SELECTED,263036,3/15/2023 1:48:36 PM,66cc58aa-8f53-4d06-b129-879fb3b08239,red,
TAG_APPLIED,264782,3/15/2023 1:48:38 PM,66cc58aa-8f53-4d06-b129-879fb3b08239,Mike_7 Root,red,
VOICE_CAPTURE,265980,3/15/2023 1:48:39 PM,66cc58aa-8f53-4d06-b129-879fb3b08239,OK also an arterial bleed,NA,
VOICE_CAPTURE,270441,3/15/2023 1:48:43 PM,66cc58aa-8f53-4d06-b129-879fb3b08239,yeah depending on how you think,NA,
VOICE_CAPTURE,272968,3/15/2023 1:48:46 PM,66cc58aa-8f53-4d06-b129-879fb3b08239,OK,NA,
BAG_CLOSED,275329,3/15/2023 1:48:48 PM,66cc58aa-8f53-4d06-b129-879fb3b08239,"(0.9, 0.6, 3.9)",
TELEPORT,275329,3/15/2023 1:48:48 PM,66cc58aa-8f53-4d06-b129-879fb3b08239,"(1.4, 0.0, 3.9)",
VOICE_CAPTURE,276909,3/15/2023 1:48:50 PM,66cc58aa-8f53-4d06-b129-879fb3b08239,alright,NA,
TELEPORT,278927,3/15/2023 1:48:52 PM,66cc58aa-8f53-4d06-b129-879fb3b08239,"(-0.2, 0.0, 3.2)",
PATIENT_ENGAGED,280776,3/15/2023 1:48:54 PM,66cc58aa-8f53-4d06-b129-879fb3b08239,100,Infinity,Gloria_6 Root,"(-1.2, 0.0, 3.1)","(0.0, 0.4, 0.0, 0.9)",DELAYED,waver,fast,normal,normal,upset,fetal,
VOICE_CAPTURE,281321,3/15/2023 1:48:54 PM,66cc58aa-8f53-4d06-b129-879fb3b08239,what is your name,NA,
VOICE_COMMAND,281321,3/15/2023 1:48:54 PM,66cc58aa-8f53-4d06-b129-879fb3b08239,what is your name,what is your name,
VOICE_CAPTURE,283112,3/15/2023 1:48:56 PM,66cc58aa-8f53-4d06-b129-879fb3b08239,yeah what's your name,NA,
VOICE_COMMAND,283112,3/15/2023 1:48:56 PM,66cc58aa-8f53-4d06-b129-879fb3b08239,what is your name,yeah what's your name,
VOICE_CAPTURE,285267,3/15/2023 1:48:58 PM,66cc58aa-8f53-4d06-b129-879fb3b08239,modbutton yes,NA,
VOICE_COMMAND,285267,3/15/2023 1:48:58 PM,66cc58aa-8f53-4d06-b129-879fb3b08239,modbutton yes,modbutton yes,
VOICE_CAPTURE,286143,3/15/2023 1:48:59 PM,66cc58aa-8f53-4d06-b129-879fb3b08239,alright do you have pulses right here,NA,
VOICE_CAPTURE,290111,3/15/2023 1:49:03 PM,66cc58aa-8f53-4d06-b129-879fb3b08239,OK,NA,
VOICE_CAPTURE,293138,3/15/2023 1:49:06 PM,66cc58aa-8f53-4d06-b129-879fb3b08239,lay down,NA,
VOICE_COMMAND,293138,3/15/2023 1:49:06 PM,66cc58aa-8f53-4d06-b129-879fb3b08239,lay down,lay down,
VOICE_CAPTURE,294858,3/15/2023 1:49:08 PM,66cc58aa-8f53-4d06-b129-879fb3b08239,cory are you losing blood right now can you lie on your back,NA,
VOICE_COMMAND,294858,3/15/2023 1:49:08 PM,66cc58aa-8f53-4d06-b129-879fb3b08239,lay down,cory are you losing blood right now can you lie on your back,
VOICE_CAPTURE,300338,3/15/2023 1:49:13 PM,66cc58aa-8f53-4d06-b129-879fb3b08239,oh no i can't see it there we go,NA,
VOICE_CAPTURE,301899,3/15/2023 1:49:15 PM,66cc58aa-8f53-4d06-b129-879fb3b08239,alright,NA,
VOICE_CAPTURE,304388,3/15/2023 1:49:17 PM,66cc58aa-8f53-4d06-b129-879fb3b08239,sit,NA,
VOICE_COMMAND,304388,3/15/2023 1:49:17 PM,66cc58aa-8f53-4d06-b129-879fb3b08239,sit up/down,sit,
VOICE_CAPTURE,308849,3/15/2023 1:49:22 PM,66cc58aa-8f53-4d06-b129-879fb3b08239,OK can you set up for me yeah let's see if i can see it better there,NA,
VOICE_CAPTURE,313354,3/15/2023 1:49:26 PM,66cc58aa-8f53-4d06-b129-879fb3b08239,alright you have pulses you're not actively bleeding,NA,
BAG_ACCESS,316162,3/15/2023 1:49:29 PM,66cc58aa-8f53-4d06-b129-879fb3b08239,"(-0.7, 0.7, 3.4)",
TAG_SELECTED,316888,3/15/2023 1:49:30 PM,66cc58aa-8f53-4d06-b129-879fb3b08239,yellow,
VOICE_CAPTURE,317656,3/15/2023 1:49:31 PM,66cc58aa-8f53-4d06-b129-879fb3b08239,i will not remove it but will keep it there i don't think you need a tourniquet,NA,
TAG_APPLIED,318851,3/15/2023 1:49:32 PM,66cc58aa-8f53-4d06-b129-879fb3b08239,Gloria_6 Root,yellow,
VOICE_CAPTURE,319934,3/15/2023 1:49:33 PM,66cc58aa-8f53-4d06-b129-879fb3b08239,you will need to be seen,NA,
VOICE_CAPTURE,323437,3/15/2023 1:49:36 PM,66cc58aa-8f53-4d06-b129-879fb3b08239,OK,NA,
BAG_CLOSED,323659,3/15/2023 1:49:37 PM,66cc58aa-8f53-4d06-b129-879fb3b08239,"(-0.7, 0.7, 3.4)",
TELEPORT,323659,3/15/2023 1:49:37 PM,66cc58aa-8f53-4d06-b129-879fb3b08239,"(-0.3, 0.0, 3.1)",
PATIENT_ENGAGED,326794,3/15/2023 1:49:40 PM,66cc58aa-8f53-4d06-b129-879fb3b08239,100,Infinity,Mike_5 Root,"(2.7, 0.0, 2.3)","(0.0, 1.0, 0.0, 0.0)",IMMEDIATE,waver,fast,normal,normal,upset,fetal,
BAG_ACCESS,328461,3/15/2023 1:49:42 PM,66cc58aa-8f53-4d06-b129-879fb3b08239,"(2.5, 0.7, 2.5)",
TOOL_HOVER,329241,3/15/2023 1:49:42 PM,66cc58aa-8f53-4d06-b129-879fb3b08239,Tourniquet,997,
TOOL_HOVER,329267,3/15/2023 1:49:42 PM,66cc58aa-8f53-4d06-b129-879fb3b08239,Tourniquet,997,
TOOL_HOVER,329296,3/15/2023 1:49:42 PM,66cc58aa-8f53-4d06-b129-879fb3b08239,Tourniquet,997,
TOOL_HOVER,329322,3/15/2023 1:49:42 PM,66cc58aa-8f53-4d06-b129-879fb3b08239,Tourniquet,997,
TOOL_HOVER,329350,3/15/2023 1:49:42 PM,66cc58aa-8f53-4d06-b129-879fb3b08239,Tourniquet,997,
TOOL_HOVER,329383,3/15/2023 1:49:42 PM,66cc58aa-8f53-4d06-b129-879fb3b08239,Tourniquet,997,
TOOL_SELECTED,329385,3/15/2023 1:49:42 PM,66cc58aa-8f53-4d06-b129-879fb3b08239,Tourniquet,996,
VOICE_CAPTURE,330458,3/15/2023 1:49:44 PM,66cc58aa-8f53-4d06-b129-879fb3b08239,alright another arterial bleed,NA,
INJURY_TREATED,331294,3/15/2023 1:49:44 PM,66cc58aa-8f53-4d06-b129-879fb3b08239,R Thigh Laceration,Mike_5 Root,tourniquet,medium,rightLeg,True,False,"(3.0, 0.3, 2.2)",
TOOL_APPLIED,331294,3/15/2023 1:49:44 PM,66cc58aa-8f53-4d06-b129-879fb3b08239,Mike_5 Root,Tourniquet,RightUpLeg (UnityEngine.GameObject),tor_ring (1) (UnityEngine.GameObject),tourniquet(Clone) (UnityEngine.GameObject),AppliedTourniquet,
VOICE_CAPTURE,335210,3/15/2023 1:49:48 PM,66cc58aa-8f53-4d06-b129-879fb3b08239,sit,NA,
VOICE_COMMAND,335210,3/15/2023 1:49:48 PM,66cc58aa-8f53-4d06-b129-879fb3b08239,sit up/down,sit,
VOICE_CAPTURE,336126,3/15/2023 1:49:49 PM,66cc58aa-8f53-4d06-b129-879fb3b08239,OK can you set up,NA,
VOICE_CAPTURE,339325,3/15/2023 1:49:52 PM,66cc58aa-8f53-4d06-b129-879fb3b08239,are you hurt,NA,
VOICE_COMMAND,339325,3/15/2023 1:49:52 PM,66cc58aa-8f53-4d06-b129-879fb3b08239,are you hurt,are you hurt,
VOICE_CAPTURE,341074,3/15/2023 1:49:54 PM,66cc58aa-8f53-4d06-b129-879fb3b08239,do you have a wounds anywhere else may lie on your back,NA,
VOICE_COMMAND,341074,3/15/2023 1:49:54 PM,66cc58aa-8f53-4d06-b129-879fb3b08239,lay down,do you have a wounds anywhere else may lie on your back,
VOICE_COMMAND,341074,3/15/2023 1:49:54 PM,66cc58aa-8f53-4d06-b129-879fb3b08239,anywhere else,do you have a wounds anywhere else may lie on your back,
VOICE_CAPTURE,341410,3/15/2023 1:49:54 PM,66cc58aa-8f53-4d06-b129-879fb3b08239,lay down,NA,
VOICE_COMMAND,341410,3/15/2023 1:49:54 PM,66cc58aa-8f53-4d06-b129-879fb3b08239,lay down,lay down,
TOOL_HOVER,342159,3/15/2023 1:49:55 PM,66cc58aa-8f53-4d06-b129-879fb3b08239,Hemostatic Gauze,999,
TOOL_HOVER,342186,3/15/2023 1:49:55 PM,66cc58aa-8f53-4d06-b129-879fb3b08239,Hemostatic Gauze,999,
TOOL_HOVER,342214,3/15/2023 1:49:55 PM,66cc58aa-8f53-4d06-b129-879fb3b08239,Hemostatic Gauze,999,
TOOL_HOVER,342242,3/15/2023 1:49:55 PM,66cc58aa-8f53-4d06-b129-879fb3b08239,Hemostatic Gauze,999,
TOOL_HOVER,342269,3/15/2023 1:49:55 PM,66cc58aa-8f53-4d06-b129-879fb3b08239,Hemostatic Gauze,999,
TOOL_HOVER,342297,3/15/2023 1:49:55 PM,66cc58aa-8f53-4d06-b129-879fb3b08239,Hemostatic Gauze,999,
TOOL_HOVER,342325,3/15/2023 1:49:55 PM,66cc58aa-8f53-4d06-b129-879fb3b08239,Hemostatic Gauze,999,
TOOL_HOVER,342353,3/15/2023 1:49:55 PM,66cc58aa-8f53-4d06-b129-879fb3b08239,Hemostatic Gauze,999,
TOOL_HOVER,342381,3/15/2023 1:49:55 PM,66cc58aa-8f53-4d06-b129-879fb3b08239,Hemostatic Gauze,999,
TOOL_HOVER,342409,3/15/2023 1:49:55 PM,66cc58aa-8f53-4d06-b129-879fb3b08239,Hemostatic Gauze,999,
TOOL_HOVER,342437,3/15/2023 1:49:55 PM,66cc58aa-8f53-4d06-b129-879fb3b08239,Hemostatic Gauze,999,
TOOL_HOVER,342465,3/15/2023 1:49:56 PM,66cc58aa-8f53-4d06-b129-879fb3b08239,Hemostatic Gauze,999,
TOOL_HOVER,342493,3/15/2023 1:49:56 PM,66cc58aa-8f53-4d06-b129-879fb3b08239,Hemostatic Gauze,999,
TOOL_HOVER,342520,3/15/2023 1:49:56 PM,66cc58aa-8f53-4d06-b129-879fb3b08239,Hemostatic Gauze,999,
TOOL_HOVER,342548,3/15/2023 1:49:56 PM,66cc58aa-8f53-4d06-b129-879fb3b08239,Hemostatic Gauze,999,
TOOL_HOVER,342575,3/15/2023 1:49:56 PM,66cc58aa-8f53-4d06-b129-879fb3b08239,Hemostatic Gauze,999,
TOOL_HOVER,342602,3/15/2023 1:49:56 PM,66cc58aa-8f53-4d06-b129-879fb3b08239,Hemostatic Gauze,999,
TOOL_HOVER,342630,3/15/2023 1:49:56 PM,66cc58aa-8f53-4d06-b129-879fb3b08239,Hemostatic Gauze,999,
TOOL_HOVER,342658,3/15/2023 1:49:56 PM,66cc58aa-8f53-4d06-b129-879fb3b08239,Hemostatic Gauze,999,
TOOL_HOVER,342687,3/15/2023 1:49:56 PM,66cc58aa-8f53-4d06-b129-879fb3b08239,Hemostatic Gauze,999,
TOOL_SELECTED,342689,3/15/2023 1:49:56 PM,66cc58aa-8f53-4d06-b129-879fb3b08239,Hemostatic Gauze,998,
VOICE_CAPTURE,344184,3/15/2023 1:49:57 PM,66cc58aa-8f53-4d06-b129-879fb3b08239,no alright,NA,
VOICE_CAPTURE,348159,3/15/2023 1:50:01 PM,66cc58aa-8f53-4d06-b129-879fb3b08239,are you hurt,NA,
VOICE_COMMAND,348159,3/15/2023 1:50:01 PM,66cc58aa-8f53-4d06-b129-879fb3b08239,are you hurt,are you hurt,
PULSE_TAKEN,348407,3/15/2023 1:50:01 PM,66cc58aa-8f53-4d06-b129-879fb3b08239,pulse_fast,Mike_5 Root,
TOOL_DISCARDED,350713,3/15/2023 1:50:04 PM,66cc58aa-8f53-4d06-b129-879fb3b08239,Hemostatic Gauze,998,"(3.1, 0.2, 2.5)",
INJURY_TREATED,350714,3/15/2023 1:50:04 PM,66cc58aa-8f53-4d06-b129-879fb3b08239,R Side Puncture,Mike_5 Root,woundpack,medium,abdomen,True,False,"(3.1, 0.2, 2.5)",
TOOL_APPLIED,350714,3/15/2023 1:50:04 PM,66cc58aa-8f53-4d06-b129-879fb3b08239,Mike_5 Root,Gauze_Pack,skinCollider_BodyCollideLOD (UnityEngine.GameObject),null,null,AppliedPackingGauze,
VOICE_CAPTURE,351990,3/15/2023 1:50:05 PM,66cc58aa-8f53-4d06-b129-879fb3b08239,alright move your hand let me see,NA,
VOICE_COMMAND,351990,3/15/2023 1:50:05 PM,66cc58aa-8f53-4d06-b129-879fb3b08239,reveal injury,alright move your hand let me see,
VOICE_COMMAND,351990,3/15/2023 1:50:05 PM,66cc58aa-8f53-4d06-b129-879fb3b08239,reveal injury,alright move your hand let me see,
VOICE_CAPTURE,354479,3/15/2023 1:50:08 PM,66cc58aa-8f53-4d06-b129-879fb3b08239,hey,NA,
VOICE_CAPTURE,357451,3/15/2023 1:50:11 PM,66cc58aa-8f53-4d06-b129-879fb3b08239,modbutton no,NA,
VOICE_COMMAND,357451,3/15/2023 1:50:11 PM,66cc58aa-8f53-4d06-b129-879fb3b08239,modbutton no,modbutton no,
PULSE_TAKEN,358033,3/15/2023 1:50:11 PM,66cc58aa-8f53-4d06-b129-879fb3b08239,pulse_fast,Mike_5 Root,
VOICE_CAPTURE,358977,3/15/2023 1:50:12 PM,66cc58aa-8f53-4d06-b129-879fb3b08239,you have wounds anywhere else you got some blood on this leg is this leg hurt,NA,
VOICE_COMMAND,358977,3/15/2023 1:50:12 PM,66cc58aa-8f53-4d06-b129-879fb3b08239,are you hurt,you have wounds anywhere else you got some blood on this leg is this leg hurt,
VOICE_COMMAND,358977,3/15/2023 1:50:12 PM,66cc58aa-8f53-4d06-b129-879fb3b08239,anywhere else,you have wounds anywhere else you got some blood on this leg is this leg hurt,
PULSE_TAKEN,359644,3/15/2023 1:50:13 PM,66cc58aa-8f53-4d06-b129-879fb3b08239,pulse_fast,Mike_5 Root,
VOICE_CAPTURE,362451,3/15/2023 1:50:16 PM,66cc58aa-8f53-4d06-b129-879fb3b08239,modbutton no,NA,
VOICE_COMMAND,362451,3/15/2023 1:50:16 PM,66cc58aa-8f53-4d06-b129-879fb3b08239,modbutton no,modbutton no,
VOICE_CAPTURE,364419,3/15/2023 1:50:17 PM,66cc58aa-8f53-4d06-b129-879fb3b08239,you have a blood in your armpit do you have any a wound up there too,NA,
VOICE_CAPTURE,366756,3/15/2023 1:50:20 PM,66cc58aa-8f53-4d06-b129-879fb3b08239,what is your name,NA,
VOICE_COMMAND,366757,3/15/2023 1:50:20 PM,66cc58aa-8f53-4d06-b129-879fb3b08239,what is your name,what is your name,
TAG_SELECTED,368089,3/15/2023 1:50:21 PM,66cc58aa-8f53-4d06-b129-879fb3b08239,red,
VOICE_CAPTURE,368420,3/15/2023 1:50:21 PM,66cc58aa-8f53-4d06-b129-879fb3b08239,OK can you tell me your name,NA,
VOICE_COMMAND,368420,3/15/2023 1:50:21 PM,66cc58aa-8f53-4d06-b129-879fb3b08239,what is your name,OK can you tell me your name,
VOICE_CAPTURE,370252,3/15/2023 1:50:23 PM,66cc58aa-8f53-4d06-b129-879fb3b08239,what is your name,NA,
VOICE_COMMAND,370252,3/15/2023 1:50:23 PM,66cc58aa-8f53-4d06-b129-879fb3b08239,what is your name,what is your name,
TAG_APPLIED,371559,3/15/2023 1:50:25 PM,66cc58aa-8f53-4d06-b129-879fb3b08239,Mike_5 Root,red,
VOICE_CAPTURE,373222,3/15/2023 1:50:26 PM,66cc58aa-8f53-4d06-b129-879fb3b08239,oh can you tell me your name,NA,
VOICE_COMMAND,373222,3/15/2023 1:50:26 PM,66cc58aa-8f53-4d06-b129-879fb3b08239,what is your name,oh can you tell me your name,
VOICE_CAPTURE,376141,3/15/2023 1:50:29 PM,66cc58aa-8f53-4d06-b129-879fb3b08239,modbutton no,NA,
VOICE_COMMAND,376141,3/15/2023 1:50:29 PM,66cc58aa-8f53-4d06-b129-879fb3b08239,modbutton no,modbutton no,
VOICE_CAPTURE,377390,3/15/2023 1:50:30 PM,66cc58aa-8f53-4d06-b129-879fb3b08239,michael do you have any in OK,NA,
BAG_CLOSED,378972,3/15/2023 1:50:32 PM,66cc58aa-8f53-4d06-b129-879fb3b08239,"(2.5, 0.7, 2.5)",
TELEPORT,378972,3/15/2023 1:50:32 PM,66cc58aa-8f53-4d06-b129-879fb3b08239,"(2.3, 0.0, 2.6)",
VOICE_CAPTURE,382828,3/15/2023 1:50:36 PM,66cc58aa-8f53-4d06-b129-879fb3b08239,penny 123 i don't think i've seen her yet,NA,
PATIENT_ENGAGED,383133,3/15/2023 1:50:36 PM,66cc58aa-8f53-4d06-b129-879fb3b08239,100,Infinity,Lily_4 Root,"(1.2, 0.0, 6.2)","(0.0, 1.0, 0.0, 0.0)",IMMEDIATE,waver,fast,normal,normal,upset,fetal,
VOICE_CAPTURE,383162,3/15/2023 1:50:36 PM,66cc58aa-8f53-4d06-b129-879fb3b08239,modbutton groan,NA,
VOICE_COMMAND,383162,3/15/2023 1:50:36 PM,66cc58aa-8f53-4d06-b129-879fb3b08239,modbutton groan,modbutton groan,
BAG_ACCESS,386474,3/15/2023 1:50:40 PM,66cc58aa-8f53-4d06-b129-879fb3b08239,"(0.9, 0.6, 6.1)",
TOOL_HOVER,386948,3/15/2023 1:50:40 PM,66cc58aa-8f53-4d06-b129-879fb3b08239,Hemostatic Gauze,999,
TOOL_HOVER,386975,3/15/2023 1:50:40 PM,66cc58aa-8f53-4d06-b129-879fb3b08239,Hemostatic Gauze,999,
TOOL_HOVER,387003,3/15/2023 1:50:40 PM,66cc58aa-8f53-4d06-b129-879fb3b08239,Hemostatic Gauze,999,
TOOL_HOVER,387030,3/15/2023 1:50:40 PM,66cc58aa-8f53-4d06-b129-879fb3b08239,Hemostatic Gauze,999,
TOOL_HOVER,387141,3/15/2023 1:50:40 PM,66cc58aa-8f53-4d06-b129-879fb3b08239,Hemostatic Gauze,999,
TOOL_HOVER,387169,3/15/2023 1:50:40 PM,66cc58aa-8f53-4d06-b129-879fb3b08239,Hemostatic Gauze,999,
TOOL_HOVER,387197,3/15/2023 1:50:40 PM,66cc58aa-8f53-4d06-b129-879fb3b08239,Hemostatic Gauze,999,
TOOL_HOVER,387225,3/15/2023 1:50:40 PM,66cc58aa-8f53-4d06-b129-879fb3b08239,Hemostatic Gauze,999,
TOOL_HOVER,387252,3/15/2023 1:50:40 PM,66cc58aa-8f53-4d06-b129-879fb3b08239,Hemostatic Gauze,999,
TOOL_HOVER,387281,3/15/2023 1:50:40 PM,66cc58aa-8f53-4d06-b129-879fb3b08239,Hemostatic Gauze,999,
TOOL_HOVER,387307,3/15/2023 1:50:40 PM,66cc58aa-8f53-4d06-b129-879fb3b08239,Hemostatic Gauze,999,
TOOL_HOVER,387335,3/15/2023 1:50:40 PM,66cc58aa-8f53-4d06-b129-879fb3b08239,Hemostatic Gauze,999,
TOOL_SELECTED,387336,3/15/2023 1:50:40 PM,66cc58aa-8f53-4d06-b129-879fb3b08239,Hemostatic Gauze,998,
VOICE_CAPTURE,387890,3/15/2023 1:50:41 PM,66cc58aa-8f53-4d06-b129-879fb3b08239,alright,NA,
TOOL_DISCARDED,389754,3/15/2023 1:50:43 PM,66cc58aa-8f53-4d06-b129-879fb3b08239,Hemostatic Gauze,998,"(0.9, 0.2, 6.5)",
INJURY_TREATED,389754,3/15/2023 1:50:43 PM,66cc58aa-8f53-4d06-b129-879fb3b08239,L Side Puncture,Lily_4 Root,woundpack,medium,abdomen,True,False,"(0.9, 0.2, 6.5)",
TOOL_APPLIED,389754,3/15/2023 1:50:43 PM,66cc58aa-8f53-4d06-b129-879fb3b08239,Lily_4 Root,Gauze_Pack,skinCollider_BodyLOD (UnityEngine.GameObject),null,null,AppliedPackingGauze,
VOICE_CAPTURE,390225,3/15/2023 1:50:43 PM,66cc58aa-8f53-4d06-b129-879fb3b08239,what is your name,NA,
VOICE_COMMAND,390225,3/15/2023 1:50:43 PM,66cc58aa-8f53-4d06-b129-879fb3b08239,what is your name,what is your name,
VOICE_CAPTURE,391865,3/15/2023 1:50:45 PM,66cc58aa-8f53-4d06-b129-879fb3b08239,what's your name,NA,
VOICE_COMMAND,391865,3/15/2023 1:50:45 PM,66cc58aa-8f53-4d06-b129-879fb3b08239,what is your name,what's your name,
VOICE_CAPTURE,395285,3/15/2023 1:50:48 PM,66cc58aa-8f53-4d06-b129-879fb3b08239,modbutton no,NA,
VOICE_COMMAND,395285,3/15/2023 1:50:48 PM,66cc58aa-8f53-4d06-b129-879fb3b08239,modbutton no,modbutton no,
VOICE_CAPTURE,396257,3/15/2023 1:50:49 PM,66cc58aa-8f53-4d06-b129-879fb3b08239,modbutton no,NA,
VOICE_COMMAND,396257,3/15/2023 1:50:49 PM,66cc58aa-8f53-4d06-b129-879fb3b08239,modbutton no,modbutton no,
VOICE_CAPTURE,396450,3/15/2023 1:50:50 PM,66cc58aa-8f53-4d06-b129-879fb3b08239,lily are you are you hurt anywhere else,NA,
VOICE_COMMAND,396450,3/15/2023 1:50:50 PM,66cc58aa-8f53-4d06-b129-879fb3b08239,are you hurt,lily are you are you hurt anywhere else,
VOICE_COMMAND,396450,3/15/2023 1:50:50 PM,66cc58aa-8f53-4d06-b129-879fb3b08239,anywhere else,lily are you are you hurt anywhere else,
TAG_SELECTED,401702,3/15/2023 1:50:55 PM,66cc58aa-8f53-4d06-b129-879fb3b08239,red,
VOICE_CAPTURE,403276,3/15/2023 1:50:56 PM,66cc58aa-8f53-4d06-b129-879fb3b08239,modbutton no,NA,
VOICE_COMMAND,403276,3/15/2023 1:50:56 PM,66cc58aa-8f53-4d06-b129-879fb3b08239,modbutton no,modbutton no,
TAG_APPLIED,403383,3/15/2023 1:50:56 PM,66cc58aa-8f53-4d06-b129-879fb3b08239,Lily_4 Root,red,
VOICE_CAPTURE,404216,3/15/2023 1:50:57 PM,66cc58aa-8f53-4d06-b129-879fb3b08239,let's see i got,NA,
BAG_CLOSED,407970,3/15/2023 1:51:01 PM,66cc58aa-8f53-4d06-b129-879fb3b08239,"(0.9, 0.6, 6.1)",
VOICE_CAPTURE,410545,3/15/2023 1:51:04 PM,66cc58aa-8f53-4d06-b129-879fb3b08239,OK do do do do,NA,
TELEPORT,410657,3/15/2023 1:51:04 PM,66cc58aa-8f53-4d06-b129-879fb3b08239,"(-0.2, 0.0, 6.3)",
PATIENT_ENGAGED,412766,3/15/2023 1:51:06 PM,66cc58aa-8f53-4d06-b129-879fb3b08239,100,Infinity,Gloria_8 Root,"(4.2, 0.0, -4.1)","(0.0, 0.4, 0.0, -0.9)",MINIMAL,walker,normal,normal,normal,upset,standing,
VOICE_CAPTURE,414991,3/15/2023 1:51:08 PM,66cc58aa-8f53-4d06-b129-879fb3b08239,what is your name,NA,
VOICE_COMMAND,414991,3/15/2023 1:51:08 PM,66cc58aa-8f53-4d06-b129-879fb3b08239,what is your name,what is your name,
VOICE_CAPTURE,417156,3/15/2023 1:51:10 PM,66cc58aa-8f53-4d06-b129-879fb3b08239,alright can you tell me your name,NA,
VOICE_COMMAND,417156,3/15/2023 1:51:10 PM,66cc58aa-8f53-4d06-b129-879fb3b08239,what is your name,alright can you tell me your name,
VOICE_CAPTURE,420048,3/15/2023 1:51:13 PM,66cc58aa-8f53-4d06-b129-879fb3b08239,are you hurt,NA,
VOICE_COMMAND,420048,3/15/2023 1:51:13 PM,66cc58aa-8f53-4d06-b129-879fb3b08239,are you hurt,are you hurt,
VOICE_CAPTURE,420324,3/15/2023 1:51:13 PM,66cc58aa-8f53-4d06-b129-879fb3b08239,gloria where are you hurt gloria,NA,
VOICE_COMMAND,420324,3/15/2023 1:51:13 PM,66cc58aa-8f53-4d06-b129-879fb3b08239,are you hurt,gloria where are you hurt gloria,
VOICE_COMMAND,420324,3/15/2023 1:51:13 PM,66cc58aa-8f53-4d06-b129-879fb3b08239,where are you,gloria where are you hurt gloria,
VOICE_CAPTURE,423605,3/15/2023 1:51:17 PM,66cc58aa-8f53-4d06-b129-879fb3b08239,show me,NA,
VOICE_COMMAND,423605,3/15/2023 1:51:17 PM,66cc58aa-8f53-4d06-b129-879fb3b08239,reveal injury,show me,
VOICE_CAPTURE,424938,3/15/2023 1:51:18 PM,66cc58aa-8f53-4d06-b129-879fb3b08239,show me,NA,
VOICE_COMMAND,424938,3/15/2023 1:51:18 PM,66cc58aa-8f53-4d06-b129-879fb3b08239,reveal injury,show me,
VOICE_CAPTURE,425131,3/15/2023 1:51:18 PM,66cc58aa-8f53-4d06-b129-879fb3b08239,can i see it,NA,
PULSE_TAKEN,427075,3/15/2023 1:51:20 PM,66cc58aa-8f53-4d06-b129-879fb3b08239,pulse_normal,Gloria_8 Root,
PULSE_TAKEN,429046,3/15/2023 1:51:22 PM,66cc58aa-8f53-4d06-b129-879fb3b08239,pulse_normal,Gloria_8 Root,
PULSE_TAKEN,429850,3/15/2023 1:51:23 PM,66cc58aa-8f53-4d06-b129-879fb3b08239,pulse_normal,Gloria_8 Root,
PULSE_TAKEN,429905,3/15/2023 1:51:23 PM,66cc58aa-8f53-4d06-b129-879fb3b08239,pulse_normal,Gloria_8 Root,
PULSE_TAKEN,430740,3/15/2023 1:51:24 PM,66cc58aa-8f53-4d06-b129-879fb3b08239,pulse_normal,Gloria_8 Root,
VOICE_CAPTURE,435813,3/15/2023 1:51:29 PM,66cc58aa-8f53-4d06-b129-879fb3b08239,alright do you have pulses,NA,
BAG_ACCESS,438397,3/15/2023 1:51:31 PM,66cc58aa-8f53-4d06-b129-879fb3b08239,"(3.5, 0.7, -4.0)",
TOOL_HOVER,438842,3/15/2023 1:51:32 PM,66cc58aa-8f53-4d06-b129-879fb3b08239,Tourniquet,996,
TOOL_HOVER,438871,3/15/2023 1:51:32 PM,66cc58aa-8f53-4d06-b129-879fb3b08239,Tourniquet,996,
TOOL_HOVER,438897,3/15/2023 1:51:32 PM,66cc58aa-8f53-4d06-b129-879fb3b08239,Tourniquet,996,
TOOL_HOVER,438926,3/15/2023 1:51:32 PM,66cc58aa-8f53-4d06-b129-879fb3b08239,Tourniquet,996,
TOOL_HOVER,438955,3/15/2023 1:51:32 PM,66cc58aa-8f53-4d06-b129-879fb3b08239,Tourniquet,996,
TOOL_HOVER,438983,3/15/2023 1:51:32 PM,66cc58aa-8f53-4d06-b129-879fb3b08239,Tourniquet,996,
TOOL_HOVER,439010,3/15/2023 1:51:32 PM,66cc58aa-8f53-4d06-b129-879fb3b08239,Tourniquet,996,
TOOL_HOVER,439038,3/15/2023 1:51:32 PM,66cc58aa-8f53-4d06-b129-879fb3b08239,Tourniquet,996,
TOOL_HOVER,439064,3/15/2023 1:51:32 PM,66cc58aa-8f53-4d06-b129-879fb3b08239,Gauze,999,
TOOL_HOVER,439091,3/15/2023 1:51:32 PM,66cc58aa-8f53-4d06-b129-879fb3b08239,Gauze,999,
TOOL_HOVER,439120,3/15/2023 1:51:32 PM,66cc58aa-8f53-4d06-b129-879fb3b08239,Gauze,999,
TOOL_HOVER,439148,3/15/2023 1:51:32 PM,66cc58aa-8f53-4d06-b129-879fb3b08239,Gauze,999,
TOOL_HOVER,439174,3/15/2023 1:51:32 PM,66cc58aa-8f53-4d06-b129-879fb3b08239,Gauze,999,
TOOL_HOVER,439202,3/15/2023 1:51:32 PM,66cc58aa-8f53-4d06-b129-879fb3b08239,Gauze,999,
TOOL_SELECTED,439204,3/15/2023 1:51:32 PM,66cc58aa-8f53-4d06-b129-879fb3b08239,Gauze,998,
VOICE_CAPTURE,440158,3/15/2023 1:51:33 PM,66cc58aa-8f53-4d06-b129-879fb3b08239,it looks like arterial bleed,NA,
TOOL_DISCARDED,441315,3/15/2023 1:51:34 PM,66cc58aa-8f53-4d06-b129-879fb3b08239,Gauze,998,"(3.5, 1.1, -4.4)",
TOOL_APPLIED,441315,3/15/2023 1:51:34 PM,66cc58aa-8f53-4d06-b129-879fb3b08239,Gloria_8 Root,Gauze_Dressing,skinCollider_Body_LOD (UnityEngine.GameObject),null,null,AppliedDressingGauze,
TOOL_HOVER,442064,3/15/2023 1:51:35 PM,66cc58aa-8f53-4d06-b129-879fb3b08239,Tourniquet,996,
TOOL_HOVER,442091,3/15/2023 1:51:35 PM,66cc58aa-8f53-4d06-b129-879fb3b08239,Tourniquet,996,
TOOL_HOVER,442120,3/15/2023 1:51:35 PM,66cc58aa-8f53-4d06-b129-879fb3b08239,Tourniquet,996,
TOOL_HOVER,442146,3/15/2023 1:51:35 PM,66cc58aa-8f53-4d06-b129-879fb3b08239,Tourniquet,996,
TOOL_HOVER,442174,3/15/2023 1:51:35 PM,66cc58aa-8f53-4d06-b129-879fb3b08239,Tourniquet,996,
TOOL_HOVER,442202,3/15/2023 1:51:35 PM,66cc58aa-8f53-4d06-b129-879fb3b08239,Tourniquet,996,
TOOL_HOVER,442230,3/15/2023 1:51:35 PM,66cc58aa-8f53-4d06-b129-879fb3b08239,Tourniquet,996,
TOOL_HOVER,442256,3/15/2023 1:51:35 PM,66cc58aa-8f53-4d06-b129-879fb3b08239,Tourniquet,996,
TOOL_HOVER,442286,3/15/2023 1:51:35 PM,66cc58aa-8f53-4d06-b129-879fb3b08239,Tourniquet,996,
TOOL_HOVER,442312,3/15/2023 1:51:35 PM,66cc58aa-8f53-4d06-b129-879fb3b08239,Tourniquet,996,
TOOL_HOVER,442341,3/15/2023 1:51:35 PM,66cc58aa-8f53-4d06-b129-879fb3b08239,Tourniquet,996,
TOOL_HOVER,442368,3/15/2023 1:51:35 PM,66cc58aa-8f53-4d06-b129-879fb3b08239,Tourniquet,996,
TOOL_HOVER,442396,3/15/2023 1:51:35 PM,66cc58aa-8f53-4d06-b129-879fb3b08239,Tourniquet,996,
TOOL_HOVER,442424,3/15/2023 1:51:35 PM,66cc58aa-8f53-4d06-b129-879fb3b08239,Tourniquet,996,
TOOL_HOVER,442452,3/15/2023 1:51:36 PM,66cc58aa-8f53-4d06-b129-879fb3b08239,Tourniquet,996,
TOOL_SELECTED,442453,3/15/2023 1:51:36 PM,66cc58aa-8f53-4d06-b129-879fb3b08239,Tourniquet,995,
VOICE_CAPTURE,442646,3/15/2023 1:51:36 PM,66cc58aa-8f53-4d06-b129-879fb3b08239,one i can see,NA,
INJURY_TREATED,446342,3/15/2023 1:51:39 PM,66cc58aa-8f53-4d06-b129-879fb3b08239,L Forearm Laceration,Gloria_8 Root,gauzePressure,low,leftArm,False,True,"(4.0, 0.9, -4.1)",
TOOL_APPLIED,446342,3/15/2023 1:51:39 PM,66cc58aa-8f53-4d06-b129-879fb3b08239,Gloria_8 Root,Tourniquet,LeftArm (UnityEngine.GameObject),tor_ring (1) (UnityEngine.GameObject),tourniquet(Clone) (UnityEngine.GameObject),AppliedTourniquet,
VOICE_CAPTURE,448368,3/15/2023 1:51:41 PM,66cc58aa-8f53-4d06-b129-879fb3b08239,there,NA,
TOOL_HOVER,450646,3/15/2023 1:51:44 PM,66cc58aa-8f53-4d06-b129-879fb3b08239,Gauze,999,
TOOL_HOVER,450677,3/15/2023 1:51:44 PM,66cc58aa-8f53-4d06-b129-879fb3b08239,Gauze,999,
TOOL_HOVER,450723,3/15/2023 1:51:44 PM,66cc58aa-8f53-4d06-b129-879fb3b08239,Gauze,999,
TOOL_HOVER,450742,3/15/2023 1:51:44 PM,66cc58aa-8f53-4d06-b129-879fb3b08239,Gauze,999,
TOOL_HOVER,450761,3/15/2023 1:51:44 PM,66cc58aa-8f53-4d06-b129-879fb3b08239,Gauze,999,
TOOL_HOVER,450790,3/15/2023 1:51:44 PM,66cc58aa-8f53-4d06-b129-879fb3b08239,Gauze,999,
TOOL_HOVER,450817,3/15/2023 1:51:44 PM,66cc58aa-8f53-4d06-b129-879fb3b08239,Gauze,999,
TOOL_HOVER,450851,3/15/2023 1:51:44 PM,66cc58aa-8f53-4d06-b129-879fb3b08239,Gauze,999,
TOOL_HOVER,450873,3/15/2023 1:51:44 PM,66cc58aa-8f53-4d06-b129-879fb3b08239,Gauze,999,
TOOL_HOVER,450902,3/15/2023 1:51:44 PM,66cc58aa-8f53-4d06-b129-879fb3b08239,Gauze,999,
TOOL_HOVER,450930,3/15/2023 1:51:44 PM,66cc58aa-8f53-4d06-b129-879fb3b08239,Gauze,999,
TOOL_HOVER,450966,3/15/2023 1:51:44 PM,66cc58aa-8f53-4d06-b129-879fb3b08239,Gauze,999,
TOOL_HOVER,450984,3/15/2023 1:51:44 PM,66cc58aa-8f53-4d06-b129-879fb3b08239,Gauze,999,
TOOL_HOVER,451012,3/15/2023 1:51:44 PM,66cc58aa-8f53-4d06-b129-879fb3b08239,Gauze,999,
TOOL_HOVER,451040,3/15/2023 1:51:44 PM,66cc58aa-8f53-4d06-b129-879fb3b08239,Gauze,999,
TOOL_HOVER,451067,3/15/2023 1:51:44 PM,66cc58aa-8f53-4d06-b129-879fb3b08239,Gauze,999,
TOOL_HOVER,451095,3/15/2023 1:51:44 PM,66cc58aa-8f53-4d06-b129-879fb3b08239,Gauze,999,
TOOL_HOVER,451123,3/15/2023 1:51:44 PM,66cc58aa-8f53-4d06-b129-879fb3b08239,Gauze,999,
TOOL_HOVER,451150,3/15/2023 1:51:44 PM,66cc58aa-8f53-4d06-b129-879fb3b08239,Gauze,999,
TOOL_HOVER,451178,3/15/2023 1:51:44 PM,66cc58aa-8f53-4d06-b129-879fb3b08239,Gauze,999,
TOOL_SELECTED,451179,3/15/2023 1:51:44 PM,66cc58aa-8f53-4d06-b129-879fb3b08239,Gauze,998,
TOOL_DISCARDED,452568,3/15/2023 1:51:46 PM,66cc58aa-8f53-4d06-b129-879fb3b08239,Gauze,998,"(3.9, 0.9, -4.1)",
INJURY_TREATED,452568,3/15/2023 1:51:46 PM,66cc58aa-8f53-4d06-b129-879fb3b08239,L Forearm Laceration,Gloria_8 Root,gauzePressure,low,leftArm,True,True,"(3.8, 0.9, -4.1)",
TOOL_APPLIED,452570,3/15/2023 1:51:46 PM,66cc58aa-8f53-4d06-b129-879fb3b08239,Gloria_8 Root,Gauze_Dressing,skinCollider_Body_LOD (UnityEngine.GameObject),null,null,AppliedDressingGauze,
VOICE_CAPTURE,452676,3/15/2023 1:51:46 PM,66cc58aa-8f53-4d06-b129-879fb3b08239,oh OK,NA,
TAG_SELECTED,456038,3/15/2023 1:51:49 PM,66cc58aa-8f53-4d06-b129-879fb3b08239,yellow,
VOICE_CAPTURE,457889,3/15/2023 1:51:51 PM,66cc58aa-8f53-4d06-b129-879fb3b08239,it's not red so i'll take it,NA,
TAG_APPLIED,458670,3/15/2023 1:51:52 PM,66cc58aa-8f53-4d06-b129-879fb3b08239,Gloria_8 Root,yellow,
VOICE_CAPTURE,462484,3/15/2023 1:51:56 PM,66cc58aa-8f53-4d06-b129-879fb3b08239,what is your name,NA,
VOICE_COMMAND,462484,3/15/2023 1:51:56 PM,66cc58aa-8f53-4d06-b129-879fb3b08239,what is your name,what is your name,
VOICE_CAPTURE,463286,3/15/2023 1:51:56 PM,66cc58aa-8f53-4d06-b129-879fb3b08239,OK what's your name,NA,
VOICE_COMMAND,463286,3/15/2023 1:51:56 PM,66cc58aa-8f53-4d06-b129-879fb3b08239,what is your name,OK what's your name,
VOICE_CAPTURE,466893,3/15/2023 1:52:00 PM,66cc58aa-8f53-4d06-b129-879fb3b08239,OK are you hurt,NA,
VOICE_COMMAND,466893,3/15/2023 1:52:00 PM,66cc58aa-8f53-4d06-b129-879fb3b08239,are you hurt,OK are you hurt,
VOICE_CAPTURE,467057,3/15/2023 1:52:00 PM,66cc58aa-8f53-4d06-b129-879fb3b08239,modbutton no,NA,
VOICE_COMMAND,467057,3/15/2023 1:52:00 PM,66cc58aa-8f53-4d06-b129-879fb3b08239,modbutton no,modbutton no,
VOICE_CAPTURE,474636,3/15/2023 1:52:08 PM,66cc58aa-8f53-4d06-b129-879fb3b08239,OK do you have any injuries looks like you got an injury up on your head here,NA,
VOICE_COMMAND,474637,3/15/2023 1:52:08 PM,66cc58aa-8f53-4d06-b129-879fb3b08239,are you hurt,OK do you have any injuries looks like you got an injury up on your head here,
TAG_SELECTED,476165,3/15/2023 1:52:09 PM,66cc58aa-8f53-4d06-b129-879fb3b08239,green,
VOICE_CAPTURE,476662,3/15/2023 1:52:10 PM,66cc58aa-8f53-4d06-b129-879fb3b08239,OK,NA,
TAG_APPLIED,478330,3/15/2023 1:52:11 PM,66cc58aa-8f53-4d06-b129-879fb3b08239,Helga_10 Root,green,
VOICE_CAPTURE,480049,3/15/2023 1:52:13 PM,66cc58aa-8f53-4d06-b129-879fb3b08239,alright we'll put you at minimal,NA,
BAG_CLOSED,488969,3/15/2023 1:52:22 PM,66cc58aa-8f53-4d06-b129-879fb3b08239,"(3.5, 0.7, -4.0)",
TELEPORT,488969,3/15/2023 1:52:22 PM,66cc58aa-8f53-4d06-b129-879fb3b08239,"(2.9, 0.0, -2.5)",
VOICE_CAPTURE,490607,3/15/2023 1:52:24 PM,66cc58aa-8f53-4d06-b129-879fb3b08239,i'm black i have a lot of reds i don't know i might reevaluate some of them,NA,
VOICE_CAPTURE,492801,3/15/2023 1:52:26 PM,66cc58aa-8f53-4d06-b129-879fb3b08239,father now i think i'm done,NA,
VOICE_CAPTURE,499496,3/15/2023 1:52:33 PM,66cc58aa-8f53-4d06-b129-879fb3b08239,leave you red,NA,
TELEPORT,500357,3/15/2023 1:52:33 PM,66cc58aa-8f53-4d06-b129-879fb3b08239,"(2.9, 0.0, 2.2)",
VOICE_CAPTURE,503411,3/15/2023 1:52:36 PM,66cc58aa-8f53-4d06-b129-879fb3b08239,baby red levi ride i'm gonna change,NA,
BAG_ACCESS,506164,3/15/2023 1:52:39 PM,66cc58aa-8f53-4d06-b129-879fb3b08239,"(1.8, 0.7, 3.1)",
TAG_SELECTED,506886,3/15/2023 1:52:40 PM,66cc58aa-8f53-4d06-b129-879fb3b08239,yellow,
VOICE_CAPTURE,507328,3/15/2023 1:52:40 PM,66cc58aa-8f53-4d06-b129-879fb3b08239,maybe rex is just packing,NA,
PATIENT_ENGAGED,507691,3/15/2023 1:52:41 PM,66cc58aa-8f53-4d06-b129-879fb3b08239,100,Infinity,Mike_7 Root,"(1.3, 0.0, 3.4)","(0.0, 0.1, 0.0, 1.0)",DELAYED,waver,fast,normal,normal,upset,sittingGround,
TAG_APPLIED,508555,3/15/2023 1:52:42 PM,66cc58aa-8f53-4d06-b129-879fb3b08239,Mike_7 Root,yellow,
VOICE_CAPTURE,509888,3/15/2023 1:52:43 PM,66cc58aa-8f53-4d06-b129-879fb3b08239,i'll change you to a yellow instead,NA,
SESSION_END,512295,3/15/2023 1:52:45 PM,66cc58aa-8f53-4d06-b129-879fb3b08239,
VOICE_CAPTURE,513545,3/15/2023 1:52:47 PM,66cc58aa-8f53-4d06-b129-879fb3b08239,OK i'm done,NA,
