VOICE_CAPTURE,5282,3/14/2023 4:01:24 PM,2afd4e87-ac2a-4738-9e46-3b19d3385a32,OK,NA,
VOICE_CAPTURE,6043,3/14/2023 4:01:25 PM,2afd4e87-ac2a-4738-9e46-3b19d3385a32,OK,NA,
PATIENT_DEMOTED,8028,3/14/2023 4:01:27 PM,2afd4e87-ac2a-4738-9e46-3b19d3385a32,100,Infinity,Mike_1 Root,"(2.7, 0.0, 0.1)","(0.0, 0.7, 0.0, -0.7)",DELAYED,waver,normal,normal,normal,upset,recovery,
PATIENT_DEMOTED,8670,3/14/2023 4:01:28 PM,2afd4e87-ac2a-4738-9e46-3b19d3385a32,100,Infinity,Mike_2 Root,"(2.6, 0.0, 2.4)","(0.0, 0.7, 0.0, -0.7)",IMMEDIATE,walker,fast,normal,normal,upset,sittingGround,
PATIENT_DEMOTED,9340,3/14/2023 4:01:28 PM,2afd4e87-ac2a-4738-9e46-3b19d3385a32,100,128,Mike_3 Root,"(2.9, 0.0, 4.4)","(0.0, 0.7, 0.0, -0.7)",IMMEDIATE,still,faint,collapsedRight,normal,unresponsive,supine,
VOICE_CAPTURE,10345,3/14/2023 4:01:29 PM,2afd4e87-ac2a-4738-9e46-3b19d3385a32,oh this is really real,NA,
VOICE_CAPTURE,24588,3/14/2023 4:01:44 PM,2afd4e87-ac2a-4738-9e46-3b19d3385a32,maybe you can ask them where are you hurt you can ask them all the yes or no questions you want and then you can also ask them to reposition oh you can say like and you just sit stand up OK,NA,
VOICE_COMMAND,24588,3/14/2023 4:01:44 PM,2afd4e87-ac2a-4738-9e46-3b19d3385a32,are you hurt,maybe you can ask them where are you hurt you can ask them all the yes or no questions you want and then you can also ask them to reposition oh you can say like and you just sit stand up OK,
VOICE_COMMAND,24588,3/14/2023 4:01:44 PM,2afd4e87-ac2a-4738-9e46-3b19d3385a32,sit up/down,maybe you can ask them where are you hurt you can ask them all the yes or no questions you want and then you can also ask them to reposition oh you can say like and you just sit stand up OK,
VOICE_COMMAND,24588,3/14/2023 4:01:44 PM,2afd4e87-ac2a-4738-9e46-3b19d3385a32,stand up,maybe you can ask them where are you hurt you can ask them all the yes or no questions you want and then you can also ask them to reposition oh you can say like and you just sit stand up OK,
VOICE_COMMAND,24588,3/14/2023 4:01:44 PM,2afd4e87-ac2a-4738-9e46-3b19d3385a32,where are you,maybe you can ask them where are you hurt you can ask them all the yes or no questions you want and then you can also ask them to reposition oh you can say like and you just sit stand up OK,
SESSION_START,25816,3/14/2023 4:01:45 PM,2afd4e87-ac2a-4738-9e46-3b19d3385a32,
PATIENT_RECORD,25816,3/14/2023 4:01:45 PM,2afd4e87-ac2a-4738-9e46-3b19d3385a32,100,Infinity,Mike_0 Root,"(2.6, 0.0, -1.4)","(0.0, 0.7, 0.0, -0.7)",MINIMAL,walker,normal,normal,normal,upset,sittingGround,
INJURY_RECORD,25817,3/14/2023 4:01:45 PM,2afd4e87-ac2a-4738-9e46-3b19d3385a32,R Forearm Laceration,Mike_0 Root,gauzePressure,low,rightArm,False,False,"(2.7, 1.4, -0.9)",
PATIENT_RECORD,25817,3/14/2023 4:01:45 PM,2afd4e87-ac2a-4738-9e46-3b19d3385a32,100,Infinity,Mike_1 Root,"(2.9, 0.0, 0.1)","(0.0, 0.7, 0.0, -0.7)",DELAYED,waver,normal,normal,normal,upset,recovery,
INJURY_RECORD,25817,3/14/2023 4:01:45 PM,2afd4e87-ac2a-4738-9e46-3b19d3385a32,L Thigh Laceration,Mike_1 Root,tourniquet,medium,leftLeg,False,False,"(2.9, 0.7, -0.1)",
PATIENT_RECORD,25817,3/14/2023 4:01:45 PM,2afd4e87-ac2a-4738-9e46-3b19d3385a32,100,Infinity,Mike_2 Root,"(3.1, 0.0, 2.2)","(0.0, 0.7, 0.0, -0.7)",IMMEDIATE,walker,fast,normal,normal,upset,sittingGround,
INJURY_RECORD,25817,3/14/2023 4:01:45 PM,2afd4e87-ac2a-4738-9e46-3b19d3385a32,L Shoulder Puncture,Mike_2 Root,woundpack,medium,chest,False,False,"(3.1, 1.5, 2.1)",
PATIENT_RECORD,25817,3/14/2023 4:01:45 PM,2afd4e87-ac2a-4738-9e46-3b19d3385a32,100,128,Mike_3 Root,"(3.1, 0.0, 4.4)","(0.0, 0.7, 0.0, -0.7)",IMMEDIATE,still,faint,collapsedRight,normal,unresponsive,supine,
INJURY_RECORD,25817,3/14/2023 4:01:45 PM,2afd4e87-ac2a-4738-9e46-3b19d3385a32,R Chest Collapse,Mike_3 Root,decompress,high,chest,False,False,"(0.0, 0.0, 0.0)",
VOICE_CAPTURE,35277,3/14/2023 4:01:54 PM,2afd4e87-ac2a-4738-9e46-3b19d3385a32,walk,NA,
VOICE_COMMAND,35277,3/14/2023 4:01:54 PM,2afd4e87-ac2a-4738-9e46-3b19d3385a32,walk to the safe area,walk,
S_A_L_T_WALK_IF_CAN,35278,3/14/2023 4:01:54 PM,2afd4e87-ac2a-4738-9e46-3b19d3385a32,"(2.6, 0.0, -1.4)",walkIfCan,Mike_0 Root,
S_A_L_T_WALKED,35278,3/14/2023 4:01:54 PM,2afd4e87-ac2a-4738-9e46-3b19d3385a32,"(2.6, 0.0, -1.4)",walked,Mike_0 Root,
S_A_L_T_WALK_IF_CAN,35279,3/14/2023 4:01:54 PM,2afd4e87-ac2a-4738-9e46-3b19d3385a32,"(2.9, 0.0, 0.1)",walkIfCan,Mike_1 Root,
S_A_L_T_WALK_IF_CAN,35279,3/14/2023 4:01:54 PM,2afd4e87-ac2a-4738-9e46-3b19d3385a32,"(3.1, 0.0, 2.2)",walkIfCan,Mike_2 Root,
S_A_L_T_WALKED,35279,3/14/2023 4:01:54 PM,2afd4e87-ac2a-4738-9e46-3b19d3385a32,"(3.1, 0.0, 2.2)",walked,Mike_2 Root,
VOICE_CAPTURE,35498,3/14/2023 4:01:55 PM,2afd4e87-ac2a-4738-9e46-3b19d3385a32,OK there are four people OK anyone that can hear me please come over if you can,NA,
VOICE_CAPTURE,44903,3/14/2023 4:02:04 PM,2afd4e87-ac2a-4738-9e46-3b19d3385a32,wave,NA,
VOICE_COMMAND,44903,3/14/2023 4:02:04 PM,2afd4e87-ac2a-4738-9e46-3b19d3385a32,wave if you can,wave,
S_A_L_T_WAVE_IF_CAN,44904,3/14/2023 4:02:04 PM,2afd4e87-ac2a-4738-9e46-3b19d3385a32,"(4.3, 0.0, -4.4)",waveIfCan,Mike_0 Root,
S_A_L_T_WAVED,44904,3/14/2023 4:02:04 PM,2afd4e87-ac2a-4738-9e46-3b19d3385a32,"(4.3, 0.0, -4.4)",waved,Mike_0 Root,
S_A_L_T_WAVE_IF_CAN,44904,3/14/2023 4:02:04 PM,2afd4e87-ac2a-4738-9e46-3b19d3385a32,"(2.9, 0.0, 0.1)",waveIfCan,Mike_1 Root,
S_A_L_T_WAVED,44904,3/14/2023 4:02:04 PM,2afd4e87-ac2a-4738-9e46-3b19d3385a32,"(2.9, 0.0, 0.1)",waved,Mike_1 Root,
S_A_L_T_WAVE_IF_CAN,44904,3/14/2023 4:02:04 PM,2afd4e87-ac2a-4738-9e46-3b19d3385a32,"(4.4, 0.0, -1.2)",waveIfCan,Mike_2 Root,
S_A_L_T_WAVED,44904,3/14/2023 4:02:04 PM,2afd4e87-ac2a-4738-9e46-3b19d3385a32,"(4.4, 0.0, -1.2)",waved,Mike_2 Root,
S_A_L_T_WALK_IF_CAN,44921,3/14/2023 4:02:04 PM,2afd4e87-ac2a-4738-9e46-3b19d3385a32,"(4.3, 0.0, -4.4)",walkIfCan,Mike_0 Root,
S_A_L_T_WALKED,44921,3/14/2023 4:02:04 PM,2afd4e87-ac2a-4738-9e46-3b19d3385a32,"(4.3, 0.0, -4.4)",walked,Mike_0 Root,
S_A_L_T_WALK_IF_CAN,44921,3/14/2023 4:02:04 PM,2afd4e87-ac2a-4738-9e46-3b19d3385a32,"(4.4, 0.0, -1.2)",walkIfCan,Mike_2 Root,
S_A_L_T_WALKED,44921,3/14/2023 4:02:04 PM,2afd4e87-ac2a-4738-9e46-3b19d3385a32,"(4.4, 0.0, -1.2)",walked,Mike_2 Root,
VOICE_CAPTURE,46130,3/14/2023 4:02:05 PM,2afd4e87-ac2a-4738-9e46-3b19d3385a32,OK oh those who cannot move can you keep waving at me,NA,
VOICE_CAPTURE,49705,3/14/2023 4:02:09 PM,2afd4e87-ac2a-4738-9e46-3b19d3385a32,OK,NA,
VOICE_CAPTURE,53004,3/14/2023 4:02:12 PM,2afd4e87-ac2a-4738-9e46-3b19d3385a32,OK,NA,
TELEPORT,53829,3/14/2023 4:02:13 PM,2afd4e87-ac2a-4738-9e46-3b19d3385a32,"(0.8, 0.0, -3.4)",
TELEPORT,54398,3/14/2023 4:02:13 PM,2afd4e87-ac2a-4738-9e46-3b19d3385a32,"(6.0, 0.0, 5.0)",
VOICE_CAPTURE,56948,3/14/2023 4:02:16 PM,2afd4e87-ac2a-4738-9e46-3b19d3385a32,push that button forward,NA,
VOICE_CAPTURE,64952,3/14/2023 4:02:24 PM,2afd4e87-ac2a-4738-9e46-3b19d3385a32,oh wait i'm already somewhere where am i OK i'm on the person OK,NA,
PULSE_TAKEN,69494,3/14/2023 4:02:29 PM,2afd4e87-ac2a-4738-9e46-3b19d3385a32,pulse_faint,Mike_3 Root,
VOICE_CAPTURE,69532,3/14/2023 4:02:29 PM,2afd4e87-ac2a-4738-9e46-3b19d3385a32,wow OK,NA,
VOICE_CAPTURE,75842,3/14/2023 4:02:35 PM,2afd4e87-ac2a-4738-9e46-3b19d3385a32,i feel,NA,
PATIENT_ENGAGED,79335,3/14/2023 4:02:38 PM,2afd4e87-ac2a-4738-9e46-3b19d3385a32,100,128,Mike_3 Root,"(3.1, 0.0, 4.4)","(0.0, 0.7, 0.0, -0.7)",IMMEDIATE,still,faint,collapsedRight,normal,unresponsive,supine,
PULSE_TAKEN,80088,3/14/2023 4:02:39 PM,2afd4e87-ac2a-4738-9e46-3b19d3385a32,pulse_faint,Mike_3 Root,
VOICE_CAPTURE,82260,3/14/2023 4:02:41 PM,2afd4e87-ac2a-4738-9e46-3b19d3385a32,if your pulse and then,NA,
PULSE_TAKEN,84181,3/14/2023 4:02:43 PM,2afd4e87-ac2a-4738-9e46-3b19d3385a32,pulse_faint,Mike_3 Root,
VOICE_CAPTURE,86174,3/14/2023 4:02:45 PM,2afd4e87-ac2a-4738-9e46-3b19d3385a32,chest doesn't look equal there is like,NA,
BAG_ACCESS,92804,3/14/2023 4:02:52 PM,2afd4e87-ac2a-4738-9e46-3b19d3385a32,"(3.7, 0.3, 5.4)",
TOOL_HOVER,99588,3/14/2023 4:02:59 PM,2afd4e87-ac2a-4738-9e46-3b19d3385a32,Needle,999,
TOOL_HOVER,99600,3/14/2023 4:02:59 PM,2afd4e87-ac2a-4738-9e46-3b19d3385a32,Needle,999,
TOOL_HOVER,99614,3/14/2023 4:02:59 PM,2afd4e87-ac2a-4738-9e46-3b19d3385a32,Needle,999,
TOOL_HOVER,99628,3/14/2023 4:02:59 PM,2afd4e87-ac2a-4738-9e46-3b19d3385a32,Needle,999,
TOOL_HOVER,99643,3/14/2023 4:02:59 PM,2afd4e87-ac2a-4738-9e46-3b19d3385a32,Needle,999,
TOOL_HOVER,99656,3/14/2023 4:02:59 PM,2afd4e87-ac2a-4738-9e46-3b19d3385a32,Needle,999,
TOOL_HOVER,99670,3/14/2023 4:02:59 PM,2afd4e87-ac2a-4738-9e46-3b19d3385a32,Needle,999,
TOOL_HOVER,99684,3/14/2023 4:02:59 PM,2afd4e87-ac2a-4738-9e46-3b19d3385a32,Needle,999,
TOOL_HOVER,99698,3/14/2023 4:02:59 PM,2afd4e87-ac2a-4738-9e46-3b19d3385a32,Needle,999,
TOOL_HOVER,99712,3/14/2023 4:02:59 PM,2afd4e87-ac2a-4738-9e46-3b19d3385a32,Needle,999,
TOOL_HOVER,99726,3/14/2023 4:02:59 PM,2afd4e87-ac2a-4738-9e46-3b19d3385a32,Needle,999,
TOOL_HOVER,99739,3/14/2023 4:02:59 PM,2afd4e87-ac2a-4738-9e46-3b19d3385a32,Needle,999,
TOOL_HOVER,99754,3/14/2023 4:02:59 PM,2afd4e87-ac2a-4738-9e46-3b19d3385a32,Needle,999,
TOOL_HOVER,99767,3/14/2023 4:02:59 PM,2afd4e87-ac2a-4738-9e46-3b19d3385a32,Needle,999,
TOOL_HOVER,99781,3/14/2023 4:02:59 PM,2afd4e87-ac2a-4738-9e46-3b19d3385a32,Needle,999,
TOOL_HOVER,99795,3/14/2023 4:02:59 PM,2afd4e87-ac2a-4738-9e46-3b19d3385a32,Needle,999,
TOOL_HOVER,99808,3/14/2023 4:02:59 PM,2afd4e87-ac2a-4738-9e46-3b19d3385a32,Needle,999,
TOOL_HOVER,99823,3/14/2023 4:02:59 PM,2afd4e87-ac2a-4738-9e46-3b19d3385a32,Needle,999,
TOOL_HOVER,99837,3/14/2023 4:02:59 PM,2afd4e87-ac2a-4738-9e46-3b19d3385a32,Needle,999,
TOOL_HOVER,99851,3/14/2023 4:02:59 PM,2afd4e87-ac2a-4738-9e46-3b19d3385a32,Needle,999,
TOOL_HOVER,99865,3/14/2023 4:02:59 PM,2afd4e87-ac2a-4738-9e46-3b19d3385a32,Needle,999,
TOOL_HOVER,99879,3/14/2023 4:02:59 PM,2afd4e87-ac2a-4738-9e46-3b19d3385a32,Needle,999,
TOOL_HOVER,99893,3/14/2023 4:02:59 PM,2afd4e87-ac2a-4738-9e46-3b19d3385a32,Needle,999,
TOOL_HOVER,99906,3/14/2023 4:02:59 PM,2afd4e87-ac2a-4738-9e46-3b19d3385a32,Needle,999,
TOOL_HOVER,99919,3/14/2023 4:02:59 PM,2afd4e87-ac2a-4738-9e46-3b19d3385a32,Needle,999,
TOOL_HOVER,99935,3/14/2023 4:02:59 PM,2afd4e87-ac2a-4738-9e46-3b19d3385a32,Needle,999,
TOOL_HOVER,99948,3/14/2023 4:02:59 PM,2afd4e87-ac2a-4738-9e46-3b19d3385a32,Needle,999,
TOOL_HOVER,99962,3/14/2023 4:02:59 PM,2afd4e87-ac2a-4738-9e46-3b19d3385a32,Needle,999,
TOOL_HOVER,99976,3/14/2023 4:02:59 PM,2afd4e87-ac2a-4738-9e46-3b19d3385a32,Needle,999,
TOOL_HOVER,99990,3/14/2023 4:02:59 PM,2afd4e87-ac2a-4738-9e46-3b19d3385a32,Needle,999,
TOOL_HOVER,100003,3/14/2023 4:02:59 PM,2afd4e87-ac2a-4738-9e46-3b19d3385a32,Needle,999,
TOOL_HOVER,100017,3/14/2023 4:02:59 PM,2afd4e87-ac2a-4738-9e46-3b19d3385a32,Needle,999,
TOOL_HOVER,100032,3/14/2023 4:02:59 PM,2afd4e87-ac2a-4738-9e46-3b19d3385a32,Needle,999,
TOOL_HOVER,100045,3/14/2023 4:02:59 PM,2afd4e87-ac2a-4738-9e46-3b19d3385a32,Needle,999,
TOOL_HOVER,100059,3/14/2023 4:02:59 PM,2afd4e87-ac2a-4738-9e46-3b19d3385a32,Needle,999,
TOOL_HOVER,100073,3/14/2023 4:02:59 PM,2afd4e87-ac2a-4738-9e46-3b19d3385a32,Needle,999,
TOOL_HOVER,100087,3/14/2023 4:02:59 PM,2afd4e87-ac2a-4738-9e46-3b19d3385a32,Needle,999,
TOOL_HOVER,100101,3/14/2023 4:02:59 PM,2afd4e87-ac2a-4738-9e46-3b19d3385a32,Needle,999,
TOOL_SELECTED,100103,3/14/2023 4:02:59 PM,2afd4e87-ac2a-4738-9e46-3b19d3385a32,Needle,998,
TOOL_DISCARDED,100198,3/14/2023 4:02:59 PM,2afd4e87-ac2a-4738-9e46-3b19d3385a32,Needle,998,"(3.4, 0.7, 5.1)",
TOOL_HOVER,100296,3/14/2023 4:02:59 PM,2afd4e87-ac2a-4738-9e46-3b19d3385a32,Needle,999,
TOOL_HOVER,100309,3/14/2023 4:02:59 PM,2afd4e87-ac2a-4738-9e46-3b19d3385a32,Needle,999,
TOOL_HOVER,100323,3/14/2023 4:02:59 PM,2afd4e87-ac2a-4738-9e46-3b19d3385a32,Needle,999,
TOOL_HOVER,100337,3/14/2023 4:02:59 PM,2afd4e87-ac2a-4738-9e46-3b19d3385a32,Needle,999,
TOOL_HOVER,100351,3/14/2023 4:02:59 PM,2afd4e87-ac2a-4738-9e46-3b19d3385a32,Needle,999,
TOOL_HOVER,100365,3/14/2023 4:02:59 PM,2afd4e87-ac2a-4738-9e46-3b19d3385a32,Needle,999,
TOOL_HOVER,100379,3/14/2023 4:02:59 PM,2afd4e87-ac2a-4738-9e46-3b19d3385a32,Needle,999,
TOOL_SELECTED,100379,3/14/2023 4:02:59 PM,2afd4e87-ac2a-4738-9e46-3b19d3385a32,Needle,998,
TOOL_DISCARDED,102000,3/14/2023 4:03:01 PM,2afd4e87-ac2a-4738-9e46-3b19d3385a32,Needle,998,"(3.4, 0.7, 5.1)",
TOOL_HOVER,102083,3/14/2023 4:03:01 PM,2afd4e87-ac2a-4738-9e46-3b19d3385a32,Needle,999,
TOOL_HOVER,102099,3/14/2023 4:03:01 PM,2afd4e87-ac2a-4738-9e46-3b19d3385a32,Needle,999,
TOOL_HOVER,102111,3/14/2023 4:03:01 PM,2afd4e87-ac2a-4738-9e46-3b19d3385a32,Needle,999,
TOOL_HOVER,102130,3/14/2023 4:03:01 PM,2afd4e87-ac2a-4738-9e46-3b19d3385a32,Needle,999,
TOOL_HOVER,102139,3/14/2023 4:03:01 PM,2afd4e87-ac2a-4738-9e46-3b19d3385a32,Needle,999,
TOOL_HOVER,102156,3/14/2023 4:03:01 PM,2afd4e87-ac2a-4738-9e46-3b19d3385a32,Needle,999,
TOOL_HOVER,102167,3/14/2023 4:03:01 PM,2afd4e87-ac2a-4738-9e46-3b19d3385a32,Needle,999,
TOOL_HOVER,102191,3/14/2023 4:03:01 PM,2afd4e87-ac2a-4738-9e46-3b19d3385a32,Needle,999,
TOOL_HOVER,102196,3/14/2023 4:03:01 PM,2afd4e87-ac2a-4738-9e46-3b19d3385a32,Needle,999,
TOOL_HOVER,102211,3/14/2023 4:03:01 PM,2afd4e87-ac2a-4738-9e46-3b19d3385a32,Needle,999,
TOOL_HOVER,102223,3/14/2023 4:03:01 PM,2afd4e87-ac2a-4738-9e46-3b19d3385a32,Needle,999,
TOOL_HOVER,102237,3/14/2023 4:03:01 PM,2afd4e87-ac2a-4738-9e46-3b19d3385a32,Needle,999,
TOOL_HOVER,102251,3/14/2023 4:03:01 PM,2afd4e87-ac2a-4738-9e46-3b19d3385a32,Needle,999,
TOOL_HOVER,102265,3/14/2023 4:03:01 PM,2afd4e87-ac2a-4738-9e46-3b19d3385a32,Needle,999,
TOOL_HOVER,102280,3/14/2023 4:03:01 PM,2afd4e87-ac2a-4738-9e46-3b19d3385a32,Needle,999,
TOOL_HOVER,102293,3/14/2023 4:03:01 PM,2afd4e87-ac2a-4738-9e46-3b19d3385a32,Needle,999,
TOOL_HOVER,102307,3/14/2023 4:03:01 PM,2afd4e87-ac2a-4738-9e46-3b19d3385a32,Needle,999,
TOOL_HOVER,102322,3/14/2023 4:03:01 PM,2afd4e87-ac2a-4738-9e46-3b19d3385a32,Needle,999,
TOOL_HOVER,102335,3/14/2023 4:03:01 PM,2afd4e87-ac2a-4738-9e46-3b19d3385a32,Needle,999,
TOOL_HOVER,102349,3/14/2023 4:03:01 PM,2afd4e87-ac2a-4738-9e46-3b19d3385a32,Needle,999,
TOOL_HOVER,102363,3/14/2023 4:03:01 PM,2afd4e87-ac2a-4738-9e46-3b19d3385a32,Needle,999,
TOOL_HOVER,102376,3/14/2023 4:03:01 PM,2afd4e87-ac2a-4738-9e46-3b19d3385a32,Needle,999,
TOOL_HOVER,102587,3/14/2023 4:03:02 PM,2afd4e87-ac2a-4738-9e46-3b19d3385a32,Needle,999,
TOOL_HOVER,102603,3/14/2023 4:03:02 PM,2afd4e87-ac2a-4738-9e46-3b19d3385a32,Needle,999,
TOOL_HOVER,102613,3/14/2023 4:03:02 PM,2afd4e87-ac2a-4738-9e46-3b19d3385a32,Needle,999,
TOOL_HOVER,102638,3/14/2023 4:03:02 PM,2afd4e87-ac2a-4738-9e46-3b19d3385a32,Needle,999,
TOOL_HOVER,102643,3/14/2023 4:03:02 PM,2afd4e87-ac2a-4738-9e46-3b19d3385a32,Needle,999,
TOOL_HOVER,102657,3/14/2023 4:03:02 PM,2afd4e87-ac2a-4738-9e46-3b19d3385a32,Needle,999,
TOOL_SELECTED,102658,3/14/2023 4:03:02 PM,2afd4e87-ac2a-4738-9e46-3b19d3385a32,Needle,998,
TOOL_DISCARDED,105307,3/14/2023 4:03:04 PM,2afd4e87-ac2a-4738-9e46-3b19d3385a32,Needle,998,"(3.6, 0.4, 4.9)",
VOICE_CAPTURE,106990,3/14/2023 4:03:06 PM,2afd4e87-ac2a-4738-9e46-3b19d3385a32,so put that where you think it needs to go on his chest,NA,
TOOL_HOVER,108186,3/14/2023 4:03:07 PM,2afd4e87-ac2a-4738-9e46-3b19d3385a32,Gauze,999,
TOOL_HOVER,108199,3/14/2023 4:03:07 PM,2afd4e87-ac2a-4738-9e46-3b19d3385a32,Gauze,999,
TOOL_HOVER,108213,3/14/2023 4:03:07 PM,2afd4e87-ac2a-4738-9e46-3b19d3385a32,Gauze,999,
TOOL_HOVER,108227,3/14/2023 4:03:07 PM,2afd4e87-ac2a-4738-9e46-3b19d3385a32,Gauze,999,
TOOL_HOVER,108241,3/14/2023 4:03:07 PM,2afd4e87-ac2a-4738-9e46-3b19d3385a32,Gauze,999,
TOOL_HOVER,108255,3/14/2023 4:03:07 PM,2afd4e87-ac2a-4738-9e46-3b19d3385a32,Gauze,999,
TOOL_HOVER,108268,3/14/2023 4:03:07 PM,2afd4e87-ac2a-4738-9e46-3b19d3385a32,Gauze,999,
TOOL_HOVER,108283,3/14/2023 4:03:07 PM,2afd4e87-ac2a-4738-9e46-3b19d3385a32,Gauze,999,
TOOL_HOVER,108296,3/14/2023 4:03:07 PM,2afd4e87-ac2a-4738-9e46-3b19d3385a32,Gauze,999,
TOOL_HOVER,108310,3/14/2023 4:03:07 PM,2afd4e87-ac2a-4738-9e46-3b19d3385a32,Gauze,999,
TOOL_HOVER,108324,3/14/2023 4:03:07 PM,2afd4e87-ac2a-4738-9e46-3b19d3385a32,Gauze,999,
TOOL_HOVER,108338,3/14/2023 4:03:07 PM,2afd4e87-ac2a-4738-9e46-3b19d3385a32,Gauze,999,
TOOL_HOVER,108351,3/14/2023 4:03:07 PM,2afd4e87-ac2a-4738-9e46-3b19d3385a32,Gauze,999,
TOOL_HOVER,108366,3/14/2023 4:03:07 PM,2afd4e87-ac2a-4738-9e46-3b19d3385a32,Gauze,999,
TOOL_HOVER,108380,3/14/2023 4:03:07 PM,2afd4e87-ac2a-4738-9e46-3b19d3385a32,Gauze,999,
TOOL_HOVER,108394,3/14/2023 4:03:07 PM,2afd4e87-ac2a-4738-9e46-3b19d3385a32,Gauze,999,
TOOL_HOVER,108407,3/14/2023 4:03:07 PM,2afd4e87-ac2a-4738-9e46-3b19d3385a32,Gauze,999,
TOOL_HOVER,108421,3/14/2023 4:03:07 PM,2afd4e87-ac2a-4738-9e46-3b19d3385a32,Gauze,999,
TOOL_HOVER,108435,3/14/2023 4:03:07 PM,2afd4e87-ac2a-4738-9e46-3b19d3385a32,Gauze,999,
TOOL_HOVER,108448,3/14/2023 4:03:07 PM,2afd4e87-ac2a-4738-9e46-3b19d3385a32,Gauze,999,
TOOL_HOVER,108463,3/14/2023 4:03:08 PM,2afd4e87-ac2a-4738-9e46-3b19d3385a32,Gauze,999,
TOOL_HOVER,108477,3/14/2023 4:03:08 PM,2afd4e87-ac2a-4738-9e46-3b19d3385a32,Gauze,999,
TOOL_HOVER,108490,3/14/2023 4:03:08 PM,2afd4e87-ac2a-4738-9e46-3b19d3385a32,Gauze,999,
TOOL_HOVER,108504,3/14/2023 4:03:08 PM,2afd4e87-ac2a-4738-9e46-3b19d3385a32,Gauze,999,
TOOL_HOVER,108518,3/14/2023 4:03:08 PM,2afd4e87-ac2a-4738-9e46-3b19d3385a32,Gauze,999,
TOOL_HOVER,108534,3/14/2023 4:03:08 PM,2afd4e87-ac2a-4738-9e46-3b19d3385a32,Gauze,999,
TOOL_HOVER,108546,3/14/2023 4:03:08 PM,2afd4e87-ac2a-4738-9e46-3b19d3385a32,Gauze,999,
TOOL_HOVER,108560,3/14/2023 4:03:08 PM,2afd4e87-ac2a-4738-9e46-3b19d3385a32,Gauze,999,
TOOL_HOVER,108886,3/14/2023 4:03:08 PM,2afd4e87-ac2a-4738-9e46-3b19d3385a32,Needle,999,
TOOL_HOVER,108900,3/14/2023 4:03:08 PM,2afd4e87-ac2a-4738-9e46-3b19d3385a32,Needle,999,
TOOL_HOVER,108914,3/14/2023 4:03:08 PM,2afd4e87-ac2a-4738-9e46-3b19d3385a32,Needle,999,
TOOL_HOVER,108927,3/14/2023 4:03:08 PM,2afd4e87-ac2a-4738-9e46-3b19d3385a32,Needle,999,
TOOL_HOVER,108941,3/14/2023 4:03:08 PM,2afd4e87-ac2a-4738-9e46-3b19d3385a32,Needle,999,
TOOL_HOVER,108956,3/14/2023 4:03:08 PM,2afd4e87-ac2a-4738-9e46-3b19d3385a32,Needle,999,
TOOL_HOVER,108969,3/14/2023 4:03:08 PM,2afd4e87-ac2a-4738-9e46-3b19d3385a32,Needle,999,
TOOL_HOVER,108983,3/14/2023 4:03:08 PM,2afd4e87-ac2a-4738-9e46-3b19d3385a32,Needle,999,
TOOL_HOVER,108997,3/14/2023 4:03:08 PM,2afd4e87-ac2a-4738-9e46-3b19d3385a32,Needle,999,
TOOL_HOVER,109011,3/14/2023 4:03:08 PM,2afd4e87-ac2a-4738-9e46-3b19d3385a32,Needle,999,
TOOL_HOVER,109025,3/14/2023 4:03:08 PM,2afd4e87-ac2a-4738-9e46-3b19d3385a32,Needle,999,
TOOL_HOVER,109039,3/14/2023 4:03:08 PM,2afd4e87-ac2a-4738-9e46-3b19d3385a32,Needle,999,
TOOL_HOVER,109053,3/14/2023 4:03:08 PM,2afd4e87-ac2a-4738-9e46-3b19d3385a32,Needle,999,
TOOL_HOVER,109066,3/14/2023 4:03:08 PM,2afd4e87-ac2a-4738-9e46-3b19d3385a32,Needle,999,
TOOL_HOVER,109080,3/14/2023 4:03:08 PM,2afd4e87-ac2a-4738-9e46-3b19d3385a32,Needle,999,
TOOL_HOVER,109094,3/14/2023 4:03:08 PM,2afd4e87-ac2a-4738-9e46-3b19d3385a32,Needle,999,
TOOL_HOVER,109108,3/14/2023 4:03:08 PM,2afd4e87-ac2a-4738-9e46-3b19d3385a32,Needle,999,
TOOL_HOVER,109121,3/14/2023 4:03:08 PM,2afd4e87-ac2a-4738-9e46-3b19d3385a32,Needle,999,
TOOL_HOVER,109135,3/14/2023 4:03:08 PM,2afd4e87-ac2a-4738-9e46-3b19d3385a32,Needle,999,
TOOL_HOVER,109150,3/14/2023 4:03:08 PM,2afd4e87-ac2a-4738-9e46-3b19d3385a32,Needle,999,
TOOL_HOVER,109164,3/14/2023 4:03:08 PM,2afd4e87-ac2a-4738-9e46-3b19d3385a32,Needle,999,
TOOL_HOVER,109178,3/14/2023 4:03:08 PM,2afd4e87-ac2a-4738-9e46-3b19d3385a32,Needle,999,
TOOL_HOVER,109191,3/14/2023 4:03:08 PM,2afd4e87-ac2a-4738-9e46-3b19d3385a32,Needle,999,
TOOL_HOVER,109206,3/14/2023 4:03:08 PM,2afd4e87-ac2a-4738-9e46-3b19d3385a32,Needle,999,
TOOL_HOVER,109221,3/14/2023 4:03:08 PM,2afd4e87-ac2a-4738-9e46-3b19d3385a32,Needle,999,
TOOL_SELECTED,109221,3/14/2023 4:03:08 PM,2afd4e87-ac2a-4738-9e46-3b19d3385a32,Needle,998,
VOICE_CAPTURE,116483,3/14/2023 4:03:16 PM,2afd4e87-ac2a-4738-9e46-3b19d3385a32,how do it it's still pointing up OK one,NA,
INJURY_TREATED,117266,3/14/2023 4:03:16 PM,2afd4e87-ac2a-4738-9e46-3b19d3385a32,R Chest Collapse,Mike_3 Root,decompress,high,chest,True,False,"(0.0, 0.0, 0.0)",
TOOL_APPLIED,117266,3/14/2023 4:03:16 PM,2afd4e87-ac2a-4738-9e46-3b19d3385a32,Needle_Decomp(Clone),Needle,RChest_Breathe1 (UnityEngine.GameObject),cath_needle (UnityEngine.GameObject),right_chest,Needle_Decomp(Clone) (UnityEngine.GameObject),AppliedDecompNeedle,
VOICE_CAPTURE,122261,3/14/2023 4:03:21 PM,2afd4e87-ac2a-4738-9e46-3b19d3385a32,OK,NA,
TAG_SELECTED,124321,3/14/2023 4:03:23 PM,2afd4e87-ac2a-4738-9e46-3b19d3385a32,yellow,
TAG_DISCARDED,124893,3/14/2023 4:03:24 PM,2afd4e87-ac2a-4738-9e46-3b19d3385a32,yellow,"(3.5, 0.3, 5.2)",
TAG_SELECTED,125967,3/14/2023 4:03:25 PM,2afd4e87-ac2a-4738-9e46-3b19d3385a32,red,
VOICE_CAPTURE,128581,3/14/2023 4:03:28 PM,2afd4e87-ac2a-4738-9e46-3b19d3385a32,red or,NA,
TOOL_HOVER,128844,3/14/2023 4:03:28 PM,2afd4e87-ac2a-4738-9e46-3b19d3385a32,Needle,998,
TOOL_HOVER,128861,3/14/2023 4:03:28 PM,2afd4e87-ac2a-4738-9e46-3b19d3385a32,Needle,998,
TOOL_HOVER,128871,3/14/2023 4:03:28 PM,2afd4e87-ac2a-4738-9e46-3b19d3385a32,Needle,998,
TOOL_HOVER,128891,3/14/2023 4:03:28 PM,2afd4e87-ac2a-4738-9e46-3b19d3385a32,Needle,998,
TOOL_HOVER,128900,3/14/2023 4:03:28 PM,2afd4e87-ac2a-4738-9e46-3b19d3385a32,Needle,998,
TOOL_HOVER,128919,3/14/2023 4:03:28 PM,2afd4e87-ac2a-4738-9e46-3b19d3385a32,Needle,998,
TOOL_HOVER,128927,3/14/2023 4:03:28 PM,2afd4e87-ac2a-4738-9e46-3b19d3385a32,Needle,998,
TOOL_HOVER,128946,3/14/2023 4:03:28 PM,2afd4e87-ac2a-4738-9e46-3b19d3385a32,Needle,998,
TOOL_HOVER,128955,3/14/2023 4:03:28 PM,2afd4e87-ac2a-4738-9e46-3b19d3385a32,Needle,998,
TOOL_HOVER,128973,3/14/2023 4:03:28 PM,2afd4e87-ac2a-4738-9e46-3b19d3385a32,Needle,998,
TOOL_HOVER,128983,3/14/2023 4:03:28 PM,2afd4e87-ac2a-4738-9e46-3b19d3385a32,Needle,998,
TOOL_HOVER,129001,3/14/2023 4:03:28 PM,2afd4e87-ac2a-4738-9e46-3b19d3385a32,Needle,998,
TOOL_HOVER,129011,3/14/2023 4:03:28 PM,2afd4e87-ac2a-4738-9e46-3b19d3385a32,Needle,998,
TOOL_HOVER,129031,3/14/2023 4:03:28 PM,2afd4e87-ac2a-4738-9e46-3b19d3385a32,Needle,998,
TAG_APPLIED,131313,3/14/2023 4:03:30 PM,2afd4e87-ac2a-4738-9e46-3b19d3385a32,Mike_3 Root,red,
VOICE_CAPTURE,132902,3/14/2023 4:03:32 PM,2afd4e87-ac2a-4738-9e46-3b19d3385a32,OK,NA,
VOICE_CAPTURE,135228,3/14/2023 4:03:34 PM,2afd4e87-ac2a-4738-9e46-3b19d3385a32,OK,NA,
BAG_CLOSED,137392,3/14/2023 4:03:36 PM,2afd4e87-ac2a-4738-9e46-3b19d3385a32,"(3.7, 0.3, 5.4)",
TELEPORT,137392,3/14/2023 4:03:36 PM,2afd4e87-ac2a-4738-9e46-3b19d3385a32,"(6.0, 0.0, 5.0)",
VOICE_CAPTURE,138387,3/14/2023 4:03:37 PM,2afd4e87-ac2a-4738-9e46-3b19d3385a32,teleport to the guy in the green shirt,NA,
TELEPORT,139786,3/14/2023 4:03:39 PM,2afd4e87-ac2a-4738-9e46-3b19d3385a32,"(6.0, 0.0, 5.0)",
TELEPORT,142030,3/14/2023 4:03:41 PM,2afd4e87-ac2a-4738-9e46-3b19d3385a32,"(6.0, 0.0, 5.0)",
PATIENT_ENGAGED,145273,3/14/2023 4:03:44 PM,2afd4e87-ac2a-4738-9e46-3b19d3385a32,100,Infinity,Mike_1 Root,"(2.9, 0.0, 0.1)","(0.0, 0.7, 0.0, -0.7)",DELAYED,waver,normal,normal,normal,upset,recovery,
TELEPORT,148296,3/14/2023 4:03:47 PM,2afd4e87-ac2a-4738-9e46-3b19d3385a32,"(6.1, 0.0, 1.8)",
VOICE_CAPTURE,148574,3/14/2023 4:03:48 PM,2afd4e87-ac2a-4738-9e46-3b19d3385a32,bring it a little bit in front of him OK there you go right there is good OK OK,NA,
VOICE_CAPTURE,153125,3/14/2023 4:03:52 PM,2afd4e87-ac2a-4738-9e46-3b19d3385a32,get a little closer to him oh OK OK alright,NA,
PULSE_TAKEN,155354,3/14/2023 4:03:54 PM,2afd4e87-ac2a-4738-9e46-3b19d3385a32,pulse_normal,Mike_1 Root,
VOICE_CAPTURE,159210,3/14/2023 4:03:58 PM,2afd4e87-ac2a-4738-9e46-3b19d3385a32,i mean this person is moving though like,NA,
VOICE_CAPTURE,162247,3/14/2023 4:04:01 PM,2afd4e87-ac2a-4738-9e46-3b19d3385a32,uh huh,NA,
PULSE_TAKEN,165941,3/14/2023 4:04:05 PM,2afd4e87-ac2a-4738-9e46-3b19d3385a32,pulse_normal,Mike_1 Root,
VOICE_CAPTURE,166334,3/14/2023 4:04:05 PM,2afd4e87-ac2a-4738-9e46-3b19d3385a32,hmm,NA,
VOICE_CAPTURE,172689,3/14/2023 4:04:12 PM,2afd4e87-ac2a-4738-9e46-3b19d3385a32,OK OK there is a pulse there's pulse still bleeding,NA,
VOICE_CAPTURE,178494,3/14/2023 4:04:18 PM,2afd4e87-ac2a-4738-9e46-3b19d3385a32,how do i do that i tried doing that can't get anything,NA,
BAG_ACCESS,181531,3/14/2023 4:04:21 PM,2afd4e87-ac2a-4738-9e46-3b19d3385a32,"(3.1, 0.3, 1.3)",
TOOL_HOVER,182589,3/14/2023 4:04:22 PM,2afd4e87-ac2a-4738-9e46-3b19d3385a32,Tourniquet,999,
TOOL_HOVER,182617,3/14/2023 4:04:22 PM,2afd4e87-ac2a-4738-9e46-3b19d3385a32,Tourniquet,999,
TOOL_HOVER,182633,3/14/2023 4:04:22 PM,2afd4e87-ac2a-4738-9e46-3b19d3385a32,Tourniquet,999,
TOOL_HOVER,182644,3/14/2023 4:04:22 PM,2afd4e87-ac2a-4738-9e46-3b19d3385a32,Tourniquet,999,
TOOL_HOVER,182658,3/14/2023 4:04:22 PM,2afd4e87-ac2a-4738-9e46-3b19d3385a32,Tourniquet,999,
TOOL_HOVER,182673,3/14/2023 4:04:22 PM,2afd4e87-ac2a-4738-9e46-3b19d3385a32,Tourniquet,999,
TOOL_HOVER,182686,3/14/2023 4:04:22 PM,2afd4e87-ac2a-4738-9e46-3b19d3385a32,Tourniquet,999,
TOOL_HOVER,182700,3/14/2023 4:04:22 PM,2afd4e87-ac2a-4738-9e46-3b19d3385a32,Tourniquet,999,
TOOL_HOVER,182715,3/14/2023 4:04:22 PM,2afd4e87-ac2a-4738-9e46-3b19d3385a32,Tourniquet,999,
TOOL_HOVER,182729,3/14/2023 4:04:22 PM,2afd4e87-ac2a-4738-9e46-3b19d3385a32,Tourniquet,999,
TOOL_HOVER,182741,3/14/2023 4:04:22 PM,2afd4e87-ac2a-4738-9e46-3b19d3385a32,Tourniquet,999,
TOOL_HOVER,182756,3/14/2023 4:04:22 PM,2afd4e87-ac2a-4738-9e46-3b19d3385a32,Tourniquet,999,
TOOL_HOVER,182771,3/14/2023 4:04:22 PM,2afd4e87-ac2a-4738-9e46-3b19d3385a32,Tourniquet,999,
TOOL_HOVER,182783,3/14/2023 4:04:22 PM,2afd4e87-ac2a-4738-9e46-3b19d3385a32,Tourniquet,999,
TOOL_HOVER,182799,3/14/2023 4:04:22 PM,2afd4e87-ac2a-4738-9e46-3b19d3385a32,Tourniquet,999,
TOOL_HOVER,182810,3/14/2023 4:04:22 PM,2afd4e87-ac2a-4738-9e46-3b19d3385a32,Tourniquet,999,
TOOL_HOVER,182822,3/14/2023 4:04:22 PM,2afd4e87-ac2a-4738-9e46-3b19d3385a32,Tourniquet,999,
TOOL_HOVER,182835,3/14/2023 4:04:22 PM,2afd4e87-ac2a-4738-9e46-3b19d3385a32,Tourniquet,999,
TOOL_HOVER,182850,3/14/2023 4:04:22 PM,2afd4e87-ac2a-4738-9e46-3b19d3385a32,Tourniquet,999,
TOOL_HOVER,182861,3/14/2023 4:04:22 PM,2afd4e87-ac2a-4738-9e46-3b19d3385a32,Tourniquet,999,
TOOL_HOVER,182876,3/14/2023 4:04:22 PM,2afd4e87-ac2a-4738-9e46-3b19d3385a32,Tourniquet,999,
TOOL_SELECTED,182877,3/14/2023 4:04:22 PM,2afd4e87-ac2a-4738-9e46-3b19d3385a32,Tourniquet,998,
BAG_CLOSED,182947,3/14/2023 4:04:22 PM,2afd4e87-ac2a-4738-9e46-3b19d3385a32,"(3.1, 0.3, 1.3)",
TELEPORT,182947,3/14/2023 4:04:22 PM,2afd4e87-ac2a-4738-9e46-3b19d3385a32,"(6.1, 0.0, 1.4)",
VOICE_CAPTURE,186373,3/14/2023 4:04:25 PM,2afd4e87-ac2a-4738-9e46-3b19d3385a32,there you go OK tourniquet,NA,
INJURY_TREATED,187769,3/14/2023 4:04:27 PM,2afd4e87-ac2a-4738-9e46-3b19d3385a32,L Thigh Laceration,Mike_1 Root,tourniquet,medium,leftLeg,True,False,"(2.8, 0.3, 0.3)",
TOOL_APPLIED,187769,3/14/2023 4:04:27 PM,2afd4e87-ac2a-4738-9e46-3b19d3385a32,Mike_1 Root,Tourniquet,LeftUpLeg (UnityEngine.GameObject),tor_ring (1) (UnityEngine.GameObject),tourniquet(Clone) (UnityEngine.GameObject),AppliedTourniquet,
VOICE_CAPTURE,191946,3/14/2023 4:04:31 PM,2afd4e87-ac2a-4738-9e46-3b19d3385a32,there you go release OK,NA,
VOICE_CAPTURE,195511,3/14/2023 4:04:35 PM,2afd4e87-ac2a-4738-9e46-3b19d3385a32,OK yeah,NA,
VOICE_CAPTURE,198891,3/14/2023 4:04:38 PM,2afd4e87-ac2a-4738-9e46-3b19d3385a32,it's yellow OK,NA,
BAG_ACCESS,199795,3/14/2023 4:04:39 PM,2afd4e87-ac2a-4738-9e46-3b19d3385a32,"(3.0, 0.3, 1.2)",
TAG_SELECTED,201064,3/14/2023 4:04:40 PM,2afd4e87-ac2a-4738-9e46-3b19d3385a32,yellow,
BAG_CLOSED,201220,3/14/2023 4:04:40 PM,2afd4e87-ac2a-4738-9e46-3b19d3385a32,"(3.0, 0.3, 1.2)",
TELEPORT,201220,3/14/2023 4:04:40 PM,2afd4e87-ac2a-4738-9e46-3b19d3385a32,"(6.1, 0.0, 1.4)",
TAG_APPLIED,202444,3/14/2023 4:04:41 PM,2afd4e87-ac2a-4738-9e46-3b19d3385a32,Mike_1 Root,yellow,
VOICE_CAPTURE,204969,3/14/2023 4:04:44 PM,2afd4e87-ac2a-4738-9e46-3b19d3385a32,OK,NA,
TELEPORT,205673,3/14/2023 4:04:45 PM,2afd4e87-ac2a-4738-9e46-3b19d3385a32,"(6.1, 0.0, 1.4)",
VOICE_CAPTURE,208039,3/14/2023 4:04:47 PM,2afd4e87-ac2a-4738-9e46-3b19d3385a32,OK,NA,
VOICE_CAPTURE,209961,3/14/2023 4:04:49 PM,2afd4e87-ac2a-4738-9e46-3b19d3385a32,not,NA,
TELEPORT,210339,3/14/2023 4:04:49 PM,2afd4e87-ac2a-4738-9e46-3b19d3385a32,"(6.1, 0.0, 1.4)",
VOICE_CAPTURE,212120,3/14/2023 4:04:51 PM,2afd4e87-ac2a-4738-9e46-3b19d3385a32,one second,NA,
PATIENT_ENGAGED,214999,3/14/2023 4:04:54 PM,2afd4e87-ac2a-4738-9e46-3b19d3385a32,100,Infinity,Mike_2 Root,"(4.4, 0.0, -1.2)","(0.0, 0.7, 0.0, -0.7)",IMMEDIATE,walker,fast,normal,normal,upset,sittingGround,
PULSE_TAKEN,215049,3/14/2023 4:04:54 PM,2afd4e87-ac2a-4738-9e46-3b19d3385a32,pulse_fast,Mike_2 Root,
VOICE_CAPTURE,215578,3/14/2023 4:04:55 PM,2afd4e87-ac2a-4738-9e46-3b19d3385a32,OK,NA,
BAG_ACCESS,223842,3/14/2023 4:05:03 PM,2afd4e87-ac2a-4738-9e46-3b19d3385a32,"(4.4, 0.3, -1.6)",
VOICE_CAPTURE,224925,3/14/2023 4:05:04 PM,2afd4e87-ac2a-4738-9e46-3b19d3385a32,feel for a pulse there is a pulse there's postal bleeding and meat packing for this area i think,NA,
TOOL_HOVER,225387,3/14/2023 4:05:04 PM,2afd4e87-ac2a-4738-9e46-3b19d3385a32,Hemostatic Gauze,999,
TOOL_HOVER,225398,3/14/2023 4:05:04 PM,2afd4e87-ac2a-4738-9e46-3b19d3385a32,Hemostatic Gauze,999,
TOOL_HOVER,225410,3/14/2023 4:05:04 PM,2afd4e87-ac2a-4738-9e46-3b19d3385a32,Hemostatic Gauze,999,
TOOL_HOVER,225433,3/14/2023 4:05:04 PM,2afd4e87-ac2a-4738-9e46-3b19d3385a32,Hemostatic Gauze,999,
TOOL_HOVER,225438,3/14/2023 4:05:04 PM,2afd4e87-ac2a-4738-9e46-3b19d3385a32,Hemostatic Gauze,999,
TOOL_HOVER,225453,3/14/2023 4:05:04 PM,2afd4e87-ac2a-4738-9e46-3b19d3385a32,Hemostatic Gauze,999,
TOOL_HOVER,225466,3/14/2023 4:05:05 PM,2afd4e87-ac2a-4738-9e46-3b19d3385a32,Hemostatic Gauze,999,
TOOL_HOVER,225480,3/14/2023 4:05:05 PM,2afd4e87-ac2a-4738-9e46-3b19d3385a32,Hemostatic Gauze,999,
TOOL_HOVER,225495,3/14/2023 4:05:05 PM,2afd4e87-ac2a-4738-9e46-3b19d3385a32,Hemostatic Gauze,999,
TOOL_HOVER,225513,3/14/2023 4:05:05 PM,2afd4e87-ac2a-4738-9e46-3b19d3385a32,Hemostatic Gauze,999,
TOOL_HOVER,225523,3/14/2023 4:05:05 PM,2afd4e87-ac2a-4738-9e46-3b19d3385a32,Hemostatic Gauze,999,
TOOL_HOVER,225543,3/14/2023 4:05:05 PM,2afd4e87-ac2a-4738-9e46-3b19d3385a32,Hemostatic Gauze,999,
TOOL_HOVER,225552,3/14/2023 4:05:05 PM,2afd4e87-ac2a-4738-9e46-3b19d3385a32,Hemostatic Gauze,999,
TOOL_HOVER,225568,3/14/2023 4:05:05 PM,2afd4e87-ac2a-4738-9e46-3b19d3385a32,Hemostatic Gauze,999,
TOOL_HOVER,225579,3/14/2023 4:05:05 PM,2afd4e87-ac2a-4738-9e46-3b19d3385a32,Hemostatic Gauze,999,
TOOL_HOVER,225597,3/14/2023 4:05:05 PM,2afd4e87-ac2a-4738-9e46-3b19d3385a32,Hemostatic Gauze,999,
TOOL_HOVER,225607,3/14/2023 4:05:05 PM,2afd4e87-ac2a-4738-9e46-3b19d3385a32,Hemostatic Gauze,999,
TOOL_HOVER,225621,3/14/2023 4:05:05 PM,2afd4e87-ac2a-4738-9e46-3b19d3385a32,Hemostatic Gauze,999,
TOOL_HOVER,225640,3/14/2023 4:05:05 PM,2afd4e87-ac2a-4738-9e46-3b19d3385a32,Hemostatic Gauze,999,
TOOL_HOVER,225649,3/14/2023 4:05:05 PM,2afd4e87-ac2a-4738-9e46-3b19d3385a32,Hemostatic Gauze,999,
TOOL_HOVER,225668,3/14/2023 4:05:05 PM,2afd4e87-ac2a-4738-9e46-3b19d3385a32,Hemostatic Gauze,999,
TOOL_HOVER,225677,3/14/2023 4:05:05 PM,2afd4e87-ac2a-4738-9e46-3b19d3385a32,Hemostatic Gauze,999,
TOOL_HOVER,225695,3/14/2023 4:05:05 PM,2afd4e87-ac2a-4738-9e46-3b19d3385a32,Hemostatic Gauze,999,
TOOL_HOVER,225706,3/14/2023 4:05:05 PM,2afd4e87-ac2a-4738-9e46-3b19d3385a32,Hemostatic Gauze,999,
TOOL_HOVER,225718,3/14/2023 4:05:05 PM,2afd4e87-ac2a-4738-9e46-3b19d3385a32,Hemostatic Gauze,999,
TOOL_HOVER,225735,3/14/2023 4:05:05 PM,2afd4e87-ac2a-4738-9e46-3b19d3385a32,Hemostatic Gauze,999,
TOOL_HOVER,225747,3/14/2023 4:05:05 PM,2afd4e87-ac2a-4738-9e46-3b19d3385a32,Hemostatic Gauze,999,
TOOL_HOVER,225768,3/14/2023 4:05:05 PM,2afd4e87-ac2a-4738-9e46-3b19d3385a32,Hemostatic Gauze,999,
TOOL_HOVER,225778,3/14/2023 4:05:05 PM,2afd4e87-ac2a-4738-9e46-3b19d3385a32,Hemostatic Gauze,999,
TOOL_HOVER,225789,3/14/2023 4:05:05 PM,2afd4e87-ac2a-4738-9e46-3b19d3385a32,Hemostatic Gauze,999,
TOOL_HOVER,225806,3/14/2023 4:05:05 PM,2afd4e87-ac2a-4738-9e46-3b19d3385a32,Hemostatic Gauze,999,
TOOL_HOVER,225818,3/14/2023 4:05:05 PM,2afd4e87-ac2a-4738-9e46-3b19d3385a32,Hemostatic Gauze,999,
TOOL_HOVER,225831,3/14/2023 4:05:05 PM,2afd4e87-ac2a-4738-9e46-3b19d3385a32,Hemostatic Gauze,999,
TOOL_HOVER,225845,3/14/2023 4:05:05 PM,2afd4e87-ac2a-4738-9e46-3b19d3385a32,Hemostatic Gauze,999,
TOOL_HOVER,225861,3/14/2023 4:05:05 PM,2afd4e87-ac2a-4738-9e46-3b19d3385a32,Hemostatic Gauze,999,
TOOL_HOVER,225873,3/14/2023 4:05:05 PM,2afd4e87-ac2a-4738-9e46-3b19d3385a32,Hemostatic Gauze,999,
TOOL_HOVER,225892,3/14/2023 4:05:05 PM,2afd4e87-ac2a-4738-9e46-3b19d3385a32,Hemostatic Gauze,999,
TOOL_HOVER,225901,3/14/2023 4:05:05 PM,2afd4e87-ac2a-4738-9e46-3b19d3385a32,Hemostatic Gauze,999,
TOOL_HOVER,225915,3/14/2023 4:05:05 PM,2afd4e87-ac2a-4738-9e46-3b19d3385a32,Hemostatic Gauze,999,
TOOL_HOVER,225933,3/14/2023 4:05:05 PM,2afd4e87-ac2a-4738-9e46-3b19d3385a32,Hemostatic Gauze,999,
TOOL_HOVER,225943,3/14/2023 4:05:05 PM,2afd4e87-ac2a-4738-9e46-3b19d3385a32,Hemostatic Gauze,999,
TOOL_HOVER,225961,3/14/2023 4:05:05 PM,2afd4e87-ac2a-4738-9e46-3b19d3385a32,Hemostatic Gauze,999,
TOOL_HOVER,225971,3/14/2023 4:05:05 PM,2afd4e87-ac2a-4738-9e46-3b19d3385a32,Hemostatic Gauze,999,
TOOL_HOVER,225985,3/14/2023 4:05:05 PM,2afd4e87-ac2a-4738-9e46-3b19d3385a32,Hemostatic Gauze,999,
TOOL_HOVER,226002,3/14/2023 4:05:05 PM,2afd4e87-ac2a-4738-9e46-3b19d3385a32,Hemostatic Gauze,999,
TOOL_HOVER,226011,3/14/2023 4:05:05 PM,2afd4e87-ac2a-4738-9e46-3b19d3385a32,Hemostatic Gauze,999,
TOOL_HOVER,226025,3/14/2023 4:05:05 PM,2afd4e87-ac2a-4738-9e46-3b19d3385a32,Hemostatic Gauze,999,
TOOL_HOVER,226045,3/14/2023 4:05:05 PM,2afd4e87-ac2a-4738-9e46-3b19d3385a32,Hemostatic Gauze,999,
TOOL_HOVER,226054,3/14/2023 4:05:05 PM,2afd4e87-ac2a-4738-9e46-3b19d3385a32,Hemostatic Gauze,999,
TOOL_HOVER,226073,3/14/2023 4:05:05 PM,2afd4e87-ac2a-4738-9e46-3b19d3385a32,Hemostatic Gauze,999,
TOOL_HOVER,226081,3/14/2023 4:05:05 PM,2afd4e87-ac2a-4738-9e46-3b19d3385a32,Hemostatic Gauze,999,
TOOL_HOVER,226102,3/14/2023 4:05:05 PM,2afd4e87-ac2a-4738-9e46-3b19d3385a32,Hemostatic Gauze,999,
TOOL_HOVER,226109,3/14/2023 4:05:05 PM,2afd4e87-ac2a-4738-9e46-3b19d3385a32,Hemostatic Gauze,999,
TOOL_HOVER,226123,3/14/2023 4:05:05 PM,2afd4e87-ac2a-4738-9e46-3b19d3385a32,Hemostatic Gauze,999,
TOOL_HOVER,226141,3/14/2023 4:05:05 PM,2afd4e87-ac2a-4738-9e46-3b19d3385a32,Hemostatic Gauze,999,
TOOL_HOVER,226151,3/14/2023 4:05:05 PM,2afd4e87-ac2a-4738-9e46-3b19d3385a32,Hemostatic Gauze,999,
TOOL_HOVER,226167,3/14/2023 4:05:05 PM,2afd4e87-ac2a-4738-9e46-3b19d3385a32,Hemostatic Gauze,999,
TOOL_HOVER,226178,3/14/2023 4:05:05 PM,2afd4e87-ac2a-4738-9e46-3b19d3385a32,Hemostatic Gauze,999,
TOOL_HOVER,226197,3/14/2023 4:05:05 PM,2afd4e87-ac2a-4738-9e46-3b19d3385a32,Hemostatic Gauze,999,
TOOL_HOVER,226207,3/14/2023 4:05:05 PM,2afd4e87-ac2a-4738-9e46-3b19d3385a32,Hemostatic Gauze,999,
TOOL_HOVER,226227,3/14/2023 4:05:05 PM,2afd4e87-ac2a-4738-9e46-3b19d3385a32,Hemostatic Gauze,999,
TOOL_HOVER,226234,3/14/2023 4:05:05 PM,2afd4e87-ac2a-4738-9e46-3b19d3385a32,Hemostatic Gauze,999,
TOOL_HOVER,226254,3/14/2023 4:05:05 PM,2afd4e87-ac2a-4738-9e46-3b19d3385a32,Hemostatic Gauze,999,
TOOL_HOVER,226263,3/14/2023 4:05:05 PM,2afd4e87-ac2a-4738-9e46-3b19d3385a32,Hemostatic Gauze,999,
TOOL_HOVER,226281,3/14/2023 4:05:05 PM,2afd4e87-ac2a-4738-9e46-3b19d3385a32,Hemostatic Gauze,999,
TOOL_HOVER,226291,3/14/2023 4:05:05 PM,2afd4e87-ac2a-4738-9e46-3b19d3385a32,Hemostatic Gauze,999,
TOOL_HOVER,226307,3/14/2023 4:05:05 PM,2afd4e87-ac2a-4738-9e46-3b19d3385a32,Hemostatic Gauze,999,
TOOL_HOVER,226318,3/14/2023 4:05:05 PM,2afd4e87-ac2a-4738-9e46-3b19d3385a32,Hemostatic Gauze,999,
TOOL_HOVER,226336,3/14/2023 4:05:05 PM,2afd4e87-ac2a-4738-9e46-3b19d3385a32,Hemostatic Gauze,999,
TOOL_HOVER,226347,3/14/2023 4:05:05 PM,2afd4e87-ac2a-4738-9e46-3b19d3385a32,Hemostatic Gauze,999,
TOOL_HOVER,226360,3/14/2023 4:05:05 PM,2afd4e87-ac2a-4738-9e46-3b19d3385a32,Hemostatic Gauze,999,
TOOL_HOVER,226376,3/14/2023 4:05:05 PM,2afd4e87-ac2a-4738-9e46-3b19d3385a32,Hemostatic Gauze,999,
TOOL_HOVER,226390,3/14/2023 4:05:05 PM,2afd4e87-ac2a-4738-9e46-3b19d3385a32,Hemostatic Gauze,999,
TOOL_HOVER,226403,3/14/2023 4:05:05 PM,2afd4e87-ac2a-4738-9e46-3b19d3385a32,Hemostatic Gauze,999,
TOOL_HOVER,226418,3/14/2023 4:05:05 PM,2afd4e87-ac2a-4738-9e46-3b19d3385a32,Hemostatic Gauze,999,
TOOL_HOVER,226429,3/14/2023 4:05:05 PM,2afd4e87-ac2a-4738-9e46-3b19d3385a32,Hemostatic Gauze,999,
TOOL_HOVER,226449,3/14/2023 4:05:05 PM,2afd4e87-ac2a-4738-9e46-3b19d3385a32,Hemostatic Gauze,999,
TOOL_HOVER,226457,3/14/2023 4:05:06 PM,2afd4e87-ac2a-4738-9e46-3b19d3385a32,Hemostatic Gauze,999,
TOOL_HOVER,226476,3/14/2023 4:05:06 PM,2afd4e87-ac2a-4738-9e46-3b19d3385a32,Hemostatic Gauze,999,
TOOL_HOVER,226486,3/14/2023 4:05:06 PM,2afd4e87-ac2a-4738-9e46-3b19d3385a32,Hemostatic Gauze,999,
TOOL_SELECTED,226487,3/14/2023 4:05:06 PM,2afd4e87-ac2a-4738-9e46-3b19d3385a32,Hemostatic Gauze,998,
TOOL_DISCARDED,229130,3/14/2023 4:05:08 PM,2afd4e87-ac2a-4738-9e46-3b19d3385a32,Hemostatic Gauze,998,"(4.5, 0.3, -1.0)",
TOOL_APPLIED,229131,3/14/2023 4:05:08 PM,2afd4e87-ac2a-4738-9e46-3b19d3385a32,Mike_2 Root,Gauze_Pack,skinCollider_BodyCollideLOD (UnityEngine.GameObject),null,null,AppliedPackingGauze,
TOOL_HOVER,230789,3/14/2023 4:05:10 PM,2afd4e87-ac2a-4738-9e46-3b19d3385a32,Hemostatic Gauze,999,
TOOL_HOVER,230804,3/14/2023 4:05:10 PM,2afd4e87-ac2a-4738-9e46-3b19d3385a32,Hemostatic Gauze,999,
TOOL_HOVER,230815,3/14/2023 4:05:10 PM,2afd4e87-ac2a-4738-9e46-3b19d3385a32,Hemostatic Gauze,999,
TOOL_HOVER,230831,3/14/2023 4:05:10 PM,2afd4e87-ac2a-4738-9e46-3b19d3385a32,Hemostatic Gauze,999,
TOOL_HOVER,230843,3/14/2023 4:05:10 PM,2afd4e87-ac2a-4738-9e46-3b19d3385a32,Hemostatic Gauze,999,
TOOL_HOVER,230860,3/14/2023 4:05:10 PM,2afd4e87-ac2a-4738-9e46-3b19d3385a32,Hemostatic Gauze,999,
TOOL_HOVER,230870,3/14/2023 4:05:10 PM,2afd4e87-ac2a-4738-9e46-3b19d3385a32,Hemostatic Gauze,999,
TOOL_HOVER,230888,3/14/2023 4:05:10 PM,2afd4e87-ac2a-4738-9e46-3b19d3385a32,Hemostatic Gauze,999,
TOOL_HOVER,230898,3/14/2023 4:05:10 PM,2afd4e87-ac2a-4738-9e46-3b19d3385a32,Hemostatic Gauze,999,
TOOL_HOVER,230914,3/14/2023 4:05:10 PM,2afd4e87-ac2a-4738-9e46-3b19d3385a32,Hemostatic Gauze,999,
TOOL_HOVER,230926,3/14/2023 4:05:10 PM,2afd4e87-ac2a-4738-9e46-3b19d3385a32,Hemostatic Gauze,999,
TOOL_HOVER,230941,3/14/2023 4:05:10 PM,2afd4e87-ac2a-4738-9e46-3b19d3385a32,Hemostatic Gauze,999,
TOOL_HOVER,230955,3/14/2023 4:05:10 PM,2afd4e87-ac2a-4738-9e46-3b19d3385a32,Hemostatic Gauze,999,
TOOL_SELECTED,230956,3/14/2023 4:05:10 PM,2afd4e87-ac2a-4738-9e46-3b19d3385a32,Hemostatic Gauze,998,
TOOL_DISCARDED,231847,3/14/2023 4:05:11 PM,2afd4e87-ac2a-4738-9e46-3b19d3385a32,Hemostatic Gauze,998,"(4.5, 0.4, -1.0)",
INJURY_TREATED,231847,3/14/2023 4:05:11 PM,2afd4e87-ac2a-4738-9e46-3b19d3385a32,L Shoulder Puncture,Mike_2 Root,woundpack,medium,chest,True,False,"(4.5, 0.4, -1.1)",
TOOL_APPLIED,231847,3/14/2023 4:05:11 PM,2afd4e87-ac2a-4738-9e46-3b19d3385a32,Mike_2 Root,Gauze_Pack,skinCollider_BodyCollideLOD (UnityEngine.GameObject),null,null,AppliedPackingGauze,
VOICE_CAPTURE,234909,3/14/2023 4:05:14 PM,2afd4e87-ac2a-4738-9e46-3b19d3385a32,hold pressure oh lost it,NA,
VOICE_CAPTURE,235944,3/14/2023 4:05:15 PM,2afd4e87-ac2a-4738-9e46-3b19d3385a32,OK,NA,
VOICE_CAPTURE,238307,3/14/2023 4:05:17 PM,2afd4e87-ac2a-4738-9e46-3b19d3385a32,this,NA,
VOICE_CAPTURE,240381,3/14/2023 4:05:19 PM,2afd4e87-ac2a-4738-9e46-3b19d3385a32,OK,NA,
VOICE_CAPTURE,242930,3/14/2023 4:05:22 PM,2afd4e87-ac2a-4738-9e46-3b19d3385a32,yeah so,NA,
TAG_SELECTED,243390,3/14/2023 4:05:22 PM,2afd4e87-ac2a-4738-9e46-3b19d3385a32,red,
VOICE_CAPTURE,243861,3/14/2023 4:05:23 PM,2afd4e87-ac2a-4738-9e46-3b19d3385a32,red,NA,
TAG_APPLIED,244506,3/14/2023 4:05:24 PM,2afd4e87-ac2a-4738-9e46-3b19d3385a32,Mike_2 Root,red,
VOICE_CAPTURE,248746,3/14/2023 4:05:28 PM,2afd4e87-ac2a-4738-9e46-3b19d3385a32,OK alright,NA,
VOICE_CAPTURE,250283,3/14/2023 4:05:29 PM,2afd4e87-ac2a-4738-9e46-3b19d3385a32,and,NA,
VOICE_CAPTURE,252260,3/14/2023 4:05:31 PM,2afd4e87-ac2a-4738-9e46-3b19d3385a32,but,NA,
VOICE_CAPTURE,255126,3/14/2023 4:05:34 PM,2afd4e87-ac2a-4738-9e46-3b19d3385a32,i didn't check a pulse,NA,
BAG_CLOSED,256671,3/14/2023 4:05:36 PM,2afd4e87-ac2a-4738-9e46-3b19d3385a32,"(4.4, 0.3, -1.6)",
TELEPORT,256671,3/14/2023 4:05:36 PM,2afd4e87-ac2a-4738-9e46-3b19d3385a32,"(8.0, 0.0, -1.3)",
PATIENT_ENGAGED,259376,3/14/2023 4:05:38 PM,2afd4e87-ac2a-4738-9e46-3b19d3385a32,100,Infinity,Mike_0 Root,"(4.4, 0.0, -4.5)","(0.0, 0.0, 0.0, -1.0)",MINIMAL,walker,normal,normal,normal,upset,standing,
PULSE_TAKEN,260604,3/14/2023 4:05:40 PM,2afd4e87-ac2a-4738-9e46-3b19d3385a32,pulse_normal,Mike_0 Root,
VOICE_CAPTURE,261966,3/14/2023 4:05:41 PM,2afd4e87-ac2a-4738-9e46-3b19d3385a32,not right on top OK,NA,
VOICE_CAPTURE,269333,3/14/2023 4:05:48 PM,2afd4e87-ac2a-4738-9e46-3b19d3385a32,yeah,NA,
VOICE_CAPTURE,272247,3/14/2023 4:05:51 PM,2afd4e87-ac2a-4738-9e46-3b19d3385a32,blood from his injured arm OK,NA,
VOICE_COMMAND,272247,3/14/2023 4:05:51 PM,2afd4e87-ac2a-4738-9e46-3b19d3385a32,are you hurt,blood from his injured arm OK,
VOICE_CAPTURE,274776,3/14/2023 4:05:54 PM,2afd4e87-ac2a-4738-9e46-3b19d3385a32,OK,NA,
VOICE_CAPTURE,276972,3/14/2023 4:05:56 PM,2afd4e87-ac2a-4738-9e46-3b19d3385a32,one has,NA,
PULSE_TAKEN,278462,3/14/2023 4:05:58 PM,2afd4e87-ac2a-4738-9e46-3b19d3385a32,pulse_normal,Mike_0 Root,
VOICE_CAPTURE,279448,3/14/2023 4:05:58 PM,2afd4e87-ac2a-4738-9e46-3b19d3385a32,OK,NA,
VOICE_CAPTURE,280651,3/14/2023 4:06:00 PM,2afd4e87-ac2a-4738-9e46-3b19d3385a32,OK,NA,
VOICE_CAPTURE,290685,3/14/2023 4:06:10 PM,2afd4e87-ac2a-4738-9e46-3b19d3385a32,OK i mean it is bleeding but it's yeah so this is like a grain,NA,
BAG_ACCESS,295973,3/14/2023 4:06:15 PM,2afd4e87-ac2a-4738-9e46-3b19d3385a32,"(5.1, 0.6, -4.0)",
VOICE_CAPTURE,296261,3/14/2023 4:06:15 PM,2afd4e87-ac2a-4738-9e46-3b19d3385a32,yellow or OK it will be green right,NA,
TOOL_HOVER,298491,3/14/2023 4:06:18 PM,2afd4e87-ac2a-4738-9e46-3b19d3385a32,Gauze,999,
TOOL_HOVER,298501,3/14/2023 4:06:18 PM,2afd4e87-ac2a-4738-9e46-3b19d3385a32,Gauze,999,
TOOL_HOVER,298514,3/14/2023 4:06:18 PM,2afd4e87-ac2a-4738-9e46-3b19d3385a32,Gauze,999,
TOOL_HOVER,298527,3/14/2023 4:06:18 PM,2afd4e87-ac2a-4738-9e46-3b19d3385a32,Gauze,999,
TOOL_HOVER,298540,3/14/2023 4:06:18 PM,2afd4e87-ac2a-4738-9e46-3b19d3385a32,Gauze,999,
TOOL_HOVER,298554,3/14/2023 4:06:18 PM,2afd4e87-ac2a-4738-9e46-3b19d3385a32,Gauze,999,
TOOL_HOVER,298568,3/14/2023 4:06:18 PM,2afd4e87-ac2a-4738-9e46-3b19d3385a32,Gauze,999,
TOOL_HOVER,298582,3/14/2023 4:06:18 PM,2afd4e87-ac2a-4738-9e46-3b19d3385a32,Gauze,999,
TOOL_HOVER,298596,3/14/2023 4:06:18 PM,2afd4e87-ac2a-4738-9e46-3b19d3385a32,Gauze,999,
TOOL_HOVER,298610,3/14/2023 4:06:18 PM,2afd4e87-ac2a-4738-9e46-3b19d3385a32,Gauze,999,
TOOL_HOVER,298667,3/14/2023 4:06:18 PM,2afd4e87-ac2a-4738-9e46-3b19d3385a32,Gauze,999,
TOOL_HOVER,298677,3/14/2023 4:06:18 PM,2afd4e87-ac2a-4738-9e46-3b19d3385a32,Gauze,999,
TOOL_HOVER,298687,3/14/2023 4:06:18 PM,2afd4e87-ac2a-4738-9e46-3b19d3385a32,Gauze,999,
TOOL_HOVER,298700,3/14/2023 4:06:18 PM,2afd4e87-ac2a-4738-9e46-3b19d3385a32,Gauze,999,
TOOL_HOVER,298714,3/14/2023 4:06:18 PM,2afd4e87-ac2a-4738-9e46-3b19d3385a32,Gauze,999,
TOOL_HOVER,298728,3/14/2023 4:06:18 PM,2afd4e87-ac2a-4738-9e46-3b19d3385a32,Gauze,999,
TOOL_HOVER,298742,3/14/2023 4:06:18 PM,2afd4e87-ac2a-4738-9e46-3b19d3385a32,Gauze,999,
TOOL_HOVER,298756,3/14/2023 4:06:18 PM,2afd4e87-ac2a-4738-9e46-3b19d3385a32,Gauze,999,
TOOL_HOVER,298770,3/14/2023 4:06:18 PM,2afd4e87-ac2a-4738-9e46-3b19d3385a32,Gauze,999,
TOOL_HOVER,298784,3/14/2023 4:06:18 PM,2afd4e87-ac2a-4738-9e46-3b19d3385a32,Gauze,999,
TOOL_HOVER,298798,3/14/2023 4:06:18 PM,2afd4e87-ac2a-4738-9e46-3b19d3385a32,Gauze,999,
TOOL_HOVER,298812,3/14/2023 4:06:18 PM,2afd4e87-ac2a-4738-9e46-3b19d3385a32,Gauze,999,
TOOL_HOVER,298825,3/14/2023 4:06:18 PM,2afd4e87-ac2a-4738-9e46-3b19d3385a32,Gauze,999,
TOOL_SELECTED,298826,3/14/2023 4:06:18 PM,2afd4e87-ac2a-4738-9e46-3b19d3385a32,Gauze,998,
VOICE_CAPTURE,299790,3/14/2023 4:06:19 PM,2afd4e87-ac2a-4738-9e46-3b19d3385a32,and then you can,NA,
TOOL_DISCARDED,300408,3/14/2023 4:06:19 PM,2afd4e87-ac2a-4738-9e46-3b19d3385a32,Gauze,998,"(4.7, 1.0, -4.4)",
INJURY_TREATED,300408,3/14/2023 4:06:19 PM,2afd4e87-ac2a-4738-9e46-3b19d3385a32,R Forearm Laceration,Mike_0 Root,gauzePressure,low,rightArm,True,False,"(4.7, 1.0, -4.3)",
TOOL_APPLIED,300408,3/14/2023 4:06:19 PM,2afd4e87-ac2a-4738-9e46-3b19d3385a32,Mike_0 Root,Gauze_Dressing,skinCollider_BodyCollideLOD (UnityEngine.GameObject),null,null,AppliedDressingGauze,
TAG_SELECTED,302856,3/14/2023 4:06:22 PM,2afd4e87-ac2a-4738-9e46-3b19d3385a32,green,
VOICE_CAPTURE,303911,3/14/2023 4:06:23 PM,2afd4e87-ac2a-4738-9e46-3b19d3385a32,you know if it's not,NA,
TAG_APPLIED,304517,3/14/2023 4:06:24 PM,2afd4e87-ac2a-4738-9e46-3b19d3385a32,Mike_0 Root,green,
VOICE_CAPTURE,309093,3/14/2023 4:06:28 PM,2afd4e87-ac2a-4738-9e46-3b19d3385a32,we have a lot of patients that are critical we're gonna skip putting a bandage on that yeah,NA,
VOICE_CAPTURE,316736,3/14/2023 4:06:36 PM,2afd4e87-ac2a-4738-9e46-3b19d3385a32,yeah OK OK cool,NA,
VOICE_CAPTURE,319701,3/14/2023 4:06:39 PM,2afd4e87-ac2a-4738-9e46-3b19d3385a32,where am i,NA,
SESSION_END,324194,3/14/2023 4:06:43 PM,2afd4e87-ac2a-4738-9e46-3b19d3385a32,
VOICE_CAPTURE,328617,3/14/2023 4:06:48 PM,2afd4e87-ac2a-4738-9e46-3b19d3385a32,i mean the wall OK there you go oh but OK OK,NA,
VOICE_CAPTURE,331774,3/14/2023 4:06:51 PM,2afd4e87-ac2a-4738-9e46-3b19d3385a32,i didn't point out to you just a reminder OK,NA,
VOICE_CAPTURE,339740,3/14/2023 4:06:59 PM,2afd4e87-ac2a-4738-9e46-3b19d3385a32,so it's the expected yeah OK it'll be in the center of,NA,
VOICE_CAPTURE,355928,3/14/2023 4:07:15 PM,2afd4e87-ac2a-4738-9e46-3b19d3385a32,yeah and that is gonna be for someone who doesn't have a pulse but has agonal respirations yeah yeah someone that isn't dead yet but you expect them to die yeah so that's what makes sense cool,NA,
VOICE_CAPTURE,358380,3/14/2023 4:07:17 PM,2afd4e87-ac2a-4738-9e46-3b19d3385a32,oh no alright there you go,NA,
BAG_CLOSED,360807,3/14/2023 4:07:20 PM,2afd4e87-ac2a-4738-9e46-3b19d3385a32,"(5.1, 0.6, -4.0)",
PATIENT_DEMOTED,361308,3/14/2023 4:07:20 PM,2afd4e87-ac2a-4738-9e46-3b19d3385a32,100,Infinity,Bob_0 Root,"(-1.4, 0.0, 5.6)","(0.0, 0.7, 0.0, 0.7)",EXPECTANT,still,faint,restricted,none,unresponsive,supine,
PATIENT_DEMOTED,361552,3/14/2023 4:07:21 PM,2afd4e87-ac2a-4738-9e46-3b19d3385a32,100,Infinity,Bob_0 Root,"(-1.5, 0.0, 5.6)","(0.0, 0.7, 0.0, 0.7)",DEAD,still,none,none,none,dead,supine,
PATIENT_DEMOTED,361690,3/14/2023 4:07:21 PM,2afd4e87-ac2a-4738-9e46-3b19d3385a32,100,Infinity,Gary_1 Root,"(1.7, 0.0, 7.4)","(0.0, 1.0, 0.0, 0.0)",EXPECTANT,still,faint,restricted,none,unresponsive,supine,
PATIENT_DEMOTED,362381,3/14/2023 4:07:21 PM,2afd4e87-ac2a-4738-9e46-3b19d3385a32,100,Infinity,Lily_2 Root,"(2.8, 0.0, 4.3)","(0.0, 1.0, 0.0, 0.0)",IMMEDIATE,waver,fast,fast,normal,agony,fetal,
PATIENT_DEMOTED,363050,3/14/2023 4:07:22 PM,2afd4e87-ac2a-4738-9e46-3b19d3385a32,100,0,Gary_3 Root,"(0.4, 0.0, 1.6)","(0.0, 0.0, 0.0, 1.0)",IMMEDIATE,still,faint,collapsedRight,normal,unresponsive,supine,
PATIENT_DEMOTED,363644,3/14/2023 4:07:23 PM,2afd4e87-ac2a-4738-9e46-3b19d3385a32,100,Infinity,Lily_4 Root,"(1.2, 0.0, 6.3)","(0.0, 1.0, 0.0, 0.0)",IMMEDIATE,waver,fast,normal,normal,upset,fetal,
PATIENT_DEMOTED,364437,3/14/2023 4:07:23 PM,2afd4e87-ac2a-4738-9e46-3b19d3385a32,100,Infinity,Mike_5 Root,"(2.4, 0.0, 2.3)","(0.0, 1.0, 0.0, 0.0)",IMMEDIATE,waver,fast,normal,normal,upset,fetal,
PATIENT_DEMOTED,365044,3/14/2023 4:07:24 PM,2afd4e87-ac2a-4738-9e46-3b19d3385a32,100,Infinity,Gloria_6 Root,"(-1.0, 0.0, 2.9)","(0.0, 0.4, 0.0, 0.9)",DELAYED,waver,fast,normal,normal,upset,fetal,
VOICE_CAPTURE,365603,3/14/2023 4:07:25 PM,2afd4e87-ac2a-4738-9e46-3b19d3385a32,so you have been dispatched to report of an explosion and,NA,
PATIENT_DEMOTED,365738,3/14/2023 4:07:25 PM,2afd4e87-ac2a-4738-9e46-3b19d3385a32,100,Infinity,Mike_7 Root,"(1.7, 0.0, 3.9)","(0.0, 0.1, 0.0, 1.0)",IMMEDIATE,waver,fast,normal,normal,upset,sittingGround,
PATIENT_DEMOTED,366160,3/14/2023 4:07:25 PM,2afd4e87-ac2a-4738-9e46-3b19d3385a32,100,Infinity,Mike_7 Root,"(1.0, 0.0, 3.7)","(0.0, 0.1, 0.0, 1.0)",DELAYED,waver,fast,normal,normal,upset,sittingGround,
SESSION_START,371164,3/14/2023 4:07:30 PM,2afd4e87-ac2a-4738-9e46-3b19d3385a32,
PATIENT_RECORD,371164,3/14/2023 4:07:30 PM,2afd4e87-ac2a-4738-9e46-3b19d3385a32,100,Infinity,Bob_0 Root,"(-1.7, 0.0, 5.6)","(0.0, 0.7, 0.0, 0.7)",DEAD,still,none,none,none,dead,supine,
INJURY_RECORD,371164,3/14/2023 4:07:30 PM,2afd4e87-ac2a-4738-9e46-3b19d3385a32,Face Shrapnel,Bob_0 Root,airway,high,head,False,False,"(-1.6, 1.7, 5.6)",
INJURY_RECORD,371164,3/14/2023 4:07:30 PM,2afd4e87-ac2a-4738-9e46-3b19d3385a32,L Wrist Amputation,Bob_0 Root,tourniquet,high,leftArm,False,False,"(-1.7, 1.4, 6.3)",
INJURY_RECORD,371164,3/14/2023 4:07:30 PM,2afd4e87-ac2a-4738-9e46-3b19d3385a32,L Chest Collapse,Bob_0 Root,decompress,high,chest,False,False,"(0.0, 0.0, 0.0)",
INJURY_RECORD,371164,3/14/2023 4:07:30 PM,2afd4e87-ac2a-4738-9e46-3b19d3385a32,L Stomach Puncture,Bob_0 Root,woundpack,high,abdomen,False,False,"(-1.6, 1.1, 5.7)",
INJURY_RECORD,371164,3/14/2023 4:07:30 PM,2afd4e87-ac2a-4738-9e46-3b19d3385a32,R Shin Amputation,Bob_0 Root,tourniquet,high,rightLeg,False,False,"(-1.7, 0.4, 5.5)",
INJURY_RECORD,371164,3/14/2023 4:07:30 PM,2afd4e87-ac2a-4738-9e46-3b19d3385a32,L Thigh Laceration,Bob_0 Root,tourniquet,medium,leftLeg,False,False,"(-1.6, 0.7, 5.8)",
PATIENT_RECORD,371164,3/14/2023 4:07:30 PM,2afd4e87-ac2a-4738-9e46-3b19d3385a32,100,Infinity,Gary_1 Root,"(1.6, 0.0, 7.6)","(0.0, 1.0, 0.0, 0.0)",EXPECTANT,still,none,restricted,none,unresponsive,supine,
INJURY_RECORD,371164,3/14/2023 4:07:30 PM,2afd4e87-ac2a-4738-9e46-3b19d3385a32,Face Shrapnel,Gary_1 Root,airway,high,head,False,False,"(1.6, 1.7, 7.6)",
PATIENT_RECORD,371164,3/14/2023 4:07:30 PM,2afd4e87-ac2a-4738-9e46-3b19d3385a32,100,Infinity,Lily_2 Root,"(3.0, 0.0, 4.5)","(0.0, 1.0, 0.0, 0.0)",IMMEDIATE,waver,fast,fast,normal,agony,fetal,
INJURY_RECORD,371164,3/14/2023 4:07:30 PM,2afd4e87-ac2a-4738-9e46-3b19d3385a32,R Shin Amputation,Lily_2 Root,tourniquet,high,rightLeg,False,False,"(2.9, 0.4, 4.5)",
PATIENT_RECORD,371164,3/14/2023 4:07:30 PM,2afd4e87-ac2a-4738-9e46-3b19d3385a32,100,0,Gary_3 Root,"(0.4, 0.0, 1.7)","(0.0, 0.0, 0.0, 1.0)",IMMEDIATE,still,faint,collapsedRight,normal,unresponsive,supine,
INJURY_RECORD,371164,3/14/2023 4:07:30 PM,2afd4e87-ac2a-4738-9e46-3b19d3385a32,R Chest Collapse,Gary_3 Root,decompress,high,chest,False,False,"(0.0, 0.0, 0.0)",
PATIENT_RECORD,371164,3/14/2023 4:07:30 PM,2afd4e87-ac2a-4738-9e46-3b19d3385a32,100,Infinity,Lily_4 Root,"(1.2, 0.0, 6.3)","(0.0, 1.0, 0.0, 0.0)",IMMEDIATE,waver,fast,normal,normal,upset,fetal,
INJURY_RECORD,371164,3/14/2023 4:07:30 PM,2afd4e87-ac2a-4738-9e46-3b19d3385a32,L Side Puncture,Lily_4 Root,woundpack,medium,abdomen,False,False,"(1.3, 1.0, 6.2)",
PATIENT_RECORD,371164,3/14/2023 4:07:30 PM,2afd4e87-ac2a-4738-9e46-3b19d3385a32,100,Infinity,Mike_5 Root,"(2.7, 0.0, 2.3)","(0.0, 1.0, 0.0, 0.0)",IMMEDIATE,waver,fast,normal,normal,upset,fetal,
INJURY_RECORD,371164,3/14/2023 4:07:30 PM,2afd4e87-ac2a-4738-9e46-3b19d3385a32,R Side Puncture,Mike_5 Root,woundpack,medium,abdomen,False,False,"(2.6, 1.1, 2.2)",
INJURY_RECORD,371164,3/14/2023 4:07:30 PM,2afd4e87-ac2a-4738-9e46-3b19d3385a32,R Thigh Laceration,Mike_5 Root,tourniquet,medium,rightLeg,False,False,"(2.6, 0.6, 2.3)",
PATIENT_RECORD,371164,3/14/2023 4:07:30 PM,2afd4e87-ac2a-4738-9e46-3b19d3385a32,100,Infinity,Gloria_6 Root,"(-1.2, 0.0, 3.1)","(0.0, 0.4, 0.0, 0.9)",DELAYED,waver,fast,normal,normal,upset,fetal,
INJURY_RECORD,371164,3/14/2023 4:07:30 PM,2afd4e87-ac2a-4738-9e46-3b19d3385a32,R Calf Shrapnel,Gloria_6 Root,gauzePressure,medium,rightLeg,False,False,"(-1.1, 0.3, 3.0)",
PATIENT_RECORD,371164,3/14/2023 4:07:30 PM,2afd4e87-ac2a-4738-9e46-3b19d3385a32,100,Infinity,Mike_7 Root,"(1.3, 0.0, 3.4)","(0.0, 0.1, 0.0, 1.0)",DELAYED,waver,fast,normal,normal,upset,sittingGround,
INJURY_RECORD,371164,3/14/2023 4:07:30 PM,2afd4e87-ac2a-4738-9e46-3b19d3385a32,L Thigh Puncture,Mike_7 Root,tourniquet,medium,leftLeg,False,False,"(1.3, 0.6, 3.5)",
INJURY_RECORD,371164,3/14/2023 4:07:30 PM,2afd4e87-ac2a-4738-9e46-3b19d3385a32,R Calf Laceration,Mike_7 Root,gauzePressure,low,rightLeg,False,False,"(1.4, 0.3, 3.4)",
PATIENT_RECORD,371164,3/14/2023 4:07:30 PM,2afd4e87-ac2a-4738-9e46-3b19d3385a32,100,Infinity,Gloria_8 Root,"(3.7, 0.0, 6.0)","(0.0, 1.0, 0.0, 0.0)",MINIMAL,walker,normal,normal,normal,upset,sittingGround,
INJURY_RECORD,371164,3/14/2023 4:07:30 PM,2afd4e87-ac2a-4738-9e46-3b19d3385a32,L Forearm Laceration,Gloria_8 Root,gauzePressure,low,leftArm,False,False,"(4.2, 1.3, 6.0)",
PATIENT_RECORD,371164,3/14/2023 4:07:30 PM,2afd4e87-ac2a-4738-9e46-3b19d3385a32,100,0,Gary_9 Root,"(2.9, 0.0, 9.0)","(0.0, 1.0, 0.0, 0.0)",MINIMAL,walker,normal,normal,limited,calm,standing,
INJURY_RECORD,371164,3/14/2023 4:07:30 PM,2afd4e87-ac2a-4738-9e46-3b19d3385a32,Ear Bleed,Gary_9 Root,none,low,head,False,False,"(0.0, 0.0, 0.0)",
PATIENT_RECORD,371164,3/14/2023 4:07:30 PM,2afd4e87-ac2a-4738-9e46-3b19d3385a32,100,Infinity,Helga_10 Root,"(3.9, 0.0, 8.0)","(0.0, 1.0, 0.0, 0.0)",MINIMAL,walker,normal,normal,normal,calm,sittingGround,
INJURY_RECORD,371164,3/14/2023 4:07:30 PM,2afd4e87-ac2a-4738-9e46-3b19d3385a32,Forehead Scrape,Helga_10 Root,none,low,head,False,False,"(4.0, 1.5, 7.9)",
VOICE_CAPTURE,373642,3/14/2023 4:07:33 PM,2afd4e87-ac2a-4738-9e46-3b19d3385a32,it's the first on scene you're the only resource there and help is 15 minutes away OK,NA,
VOICE_CAPTURE,376076,3/14/2023 4:07:35 PM,2afd4e87-ac2a-4738-9e46-3b19d3385a32,oh my god alright,NA,
VOICE_CAPTURE,377332,3/14/2023 4:07:36 PM,2afd4e87-ac2a-4738-9e46-3b19d3385a32,OK,NA,
TELEPORT,380056,3/14/2023 4:07:39 PM,2afd4e87-ac2a-4738-9e46-3b19d3385a32,"(0.8, 0.0, -2.3)",
TELEPORT,380307,3/14/2023 4:07:39 PM,2afd4e87-ac2a-4738-9e46-3b19d3385a32,"(0.8, 0.0, -2.3)",
VOICE_CAPTURE,382186,3/14/2023 4:07:41 PM,2afd4e87-ac2a-4738-9e46-3b19d3385a32,OK you can teleport,NA,
VOICE_CAPTURE,388851,3/14/2023 4:07:48 PM,2afd4e87-ac2a-4738-9e46-3b19d3385a32,walk,NA,
VOICE_COMMAND,388851,3/14/2023 4:07:48 PM,2afd4e87-ac2a-4738-9e46-3b19d3385a32,walk to the safe area,walk,
S_A_L_T_WALK_IF_CAN,388853,3/14/2023 4:07:48 PM,2afd4e87-ac2a-4738-9e46-3b19d3385a32,"(3.0, 0.0, 4.5)",walkIfCan,Lily_2 Root,
S_A_L_T_WALK_IF_CAN,388853,3/14/2023 4:07:48 PM,2afd4e87-ac2a-4738-9e46-3b19d3385a32,"(1.2, 0.0, 6.3)",walkIfCan,Lily_4 Root,
S_A_L_T_WALK_IF_CAN,388853,3/14/2023 4:07:48 PM,2afd4e87-ac2a-4738-9e46-3b19d3385a32,"(2.7, 0.0, 2.3)",walkIfCan,Mike_5 Root,
S_A_L_T_WALK_IF_CAN,388853,3/14/2023 4:07:48 PM,2afd4e87-ac2a-4738-9e46-3b19d3385a32,"(-1.2, 0.0, 3.1)",walkIfCan,Gloria_6 Root,
S_A_L_T_WALK_IF_CAN,388853,3/14/2023 4:07:48 PM,2afd4e87-ac2a-4738-9e46-3b19d3385a32,"(1.3, 0.0, 3.4)",walkIfCan,Mike_7 Root,
S_A_L_T_WALK_IF_CAN,388853,3/14/2023 4:07:48 PM,2afd4e87-ac2a-4738-9e46-3b19d3385a32,"(3.7, 0.0, 6.0)",walkIfCan,Gloria_8 Root,
S_A_L_T_WALKED,388853,3/14/2023 4:07:48 PM,2afd4e87-ac2a-4738-9e46-3b19d3385a32,"(3.7, 0.0, 6.0)",walked,Gloria_8 Root,
S_A_L_T_WALK_IF_CAN,388853,3/14/2023 4:07:48 PM,2afd4e87-ac2a-4738-9e46-3b19d3385a32,"(3.9, 0.0, 8.0)",walkIfCan,Helga_10 Root,
S_A_L_T_WALKED,388853,3/14/2023 4:07:48 PM,2afd4e87-ac2a-4738-9e46-3b19d3385a32,"(3.9, 0.0, 8.0)",walked,Helga_10 Root,
VOICE_CAPTURE,391981,3/14/2023 4:07:51 PM,2afd4e87-ac2a-4738-9e46-3b19d3385a32,OK can anyone who can walk come to the corner of the like that staircase,NA,
VOICE_COMMAND,391981,3/14/2023 4:07:51 PM,2afd4e87-ac2a-4738-9e46-3b19d3385a32,walk to the safe area,OK can anyone who can walk come to the corner of the like that staircase,
VOICE_CAPTURE,393399,3/14/2023 4:07:52 PM,2afd4e87-ac2a-4738-9e46-3b19d3385a32,they're gonna,NA,
VOICE_CAPTURE,396391,3/14/2023 4:07:55 PM,2afd4e87-ac2a-4738-9e46-3b19d3385a32,alright never mind OK,NA,
PATIENT_ENGAGED,397641,3/14/2023 4:07:57 PM,2afd4e87-ac2a-4738-9e46-3b19d3385a32,100,Infinity,Helga_10 Root,"(2.3, 0.0, 1.0)","(0.0, 1.0, 0.0, 0.1)",MINIMAL,walker,normal,normal,normal,calm,standing,
VOICE_CAPTURE,400989,3/14/2023 4:08:00 PM,2afd4e87-ac2a-4738-9e46-3b19d3385a32,wave,NA,
VOICE_COMMAND,400990,3/14/2023 4:08:00 PM,2afd4e87-ac2a-4738-9e46-3b19d3385a32,wave if you can,wave,
S_A_L_T_WAVE_IF_CAN,400990,3/14/2023 4:08:00 PM,2afd4e87-ac2a-4738-9e46-3b19d3385a32,"(3.0, 0.0, 4.5)",waveIfCan,Lily_2 Root,
S_A_L_T_WAVED,400990,3/14/2023 4:08:00 PM,2afd4e87-ac2a-4738-9e46-3b19d3385a32,"(3.0, 0.0, 4.5)",waved,Lily_2 Root,
S_A_L_T_WAVE_IF_CAN,400990,3/14/2023 4:08:00 PM,2afd4e87-ac2a-4738-9e46-3b19d3385a32,"(1.2, 0.0, 6.3)",waveIfCan,Lily_4 Root,
S_A_L_T_WAVED,400990,3/14/2023 4:08:00 PM,2afd4e87-ac2a-4738-9e46-3b19d3385a32,"(1.2, 0.0, 6.3)",waved,Lily_4 Root,
S_A_L_T_WAVE_IF_CAN,400990,3/14/2023 4:08:00 PM,2afd4e87-ac2a-4738-9e46-3b19d3385a32,"(2.7, 0.0, 2.3)",waveIfCan,Mike_5 Root,
S_A_L_T_WAVED,400990,3/14/2023 4:08:00 PM,2afd4e87-ac2a-4738-9e46-3b19d3385a32,"(2.7, 0.0, 2.3)",waved,Mike_5 Root,
S_A_L_T_WAVE_IF_CAN,400990,3/14/2023 4:08:00 PM,2afd4e87-ac2a-4738-9e46-3b19d3385a32,"(-1.2, 0.0, 3.1)",waveIfCan,Gloria_6 Root,
S_A_L_T_WAVED,400990,3/14/2023 4:08:00 PM,2afd4e87-ac2a-4738-9e46-3b19d3385a32,"(-1.2, 0.0, 3.1)",waved,Gloria_6 Root,
S_A_L_T_WAVE_IF_CAN,400990,3/14/2023 4:08:00 PM,2afd4e87-ac2a-4738-9e46-3b19d3385a32,"(1.3, 0.0, 3.4)",waveIfCan,Mike_7 Root,
S_A_L_T_WAVED,400990,3/14/2023 4:08:00 PM,2afd4e87-ac2a-4738-9e46-3b19d3385a32,"(1.3, 0.0, 3.4)",waved,Mike_7 Root,
S_A_L_T_WAVE_IF_CAN,400990,3/14/2023 4:08:00 PM,2afd4e87-ac2a-4738-9e46-3b19d3385a32,"(4.8, 0.0, -3.5)",waveIfCan,Gloria_8 Root,
S_A_L_T_WAVED,400990,3/14/2023 4:08:00 PM,2afd4e87-ac2a-4738-9e46-3b19d3385a32,"(4.8, 0.0, -3.5)",waved,Gloria_8 Root,
S_A_L_T_WAVE_IF_CAN,400990,3/14/2023 4:08:00 PM,2afd4e87-ac2a-4738-9e46-3b19d3385a32,"(2.7, 0.0, -2.5)",waveIfCan,Helga_10 Root,
S_A_L_T_WALK_IF_CAN,401004,3/14/2023 4:08:00 PM,2afd4e87-ac2a-4738-9e46-3b19d3385a32,"(4.8, 0.0, -3.5)",walkIfCan,Gloria_8 Root,
S_A_L_T_WALKED,401004,3/14/2023 4:08:00 PM,2afd4e87-ac2a-4738-9e46-3b19d3385a32,"(4.8, 0.0, -3.5)",walked,Gloria_8 Root,
S_A_L_T_WALK_IF_CAN,401004,3/14/2023 4:08:00 PM,2afd4e87-ac2a-4738-9e46-3b19d3385a32,"(2.7, 0.0, -2.5)",walkIfCan,Helga_10 Root,
S_A_L_T_WALKED,401004,3/14/2023 4:08:00 PM,2afd4e87-ac2a-4738-9e46-3b19d3385a32,"(2.7, 0.0, -2.5)",walked,Helga_10 Root,
VOICE_CAPTURE,402072,3/14/2023 4:08:01 PM,2afd4e87-ac2a-4738-9e46-3b19d3385a32,that anyone that can't move but can hear me can you wave your hands at me,NA,
VOICE_COMMAND,402072,3/14/2023 4:08:01 PM,2afd4e87-ac2a-4738-9e46-3b19d3385a32,wave if you can,that anyone that can't move but can hear me can you wave your hands at me,
S_A_L_T_WAVE_IF_CAN,402073,3/14/2023 4:08:01 PM,2afd4e87-ac2a-4738-9e46-3b19d3385a32,"(2.7, 0.0, -3.5)",waveIfCan,Helga_10 Root,
S_A_L_T_WALK_IF_CAN,402088,3/14/2023 4:08:01 PM,2afd4e87-ac2a-4738-9e46-3b19d3385a32,"(4.8, 0.0, -3.4)",walkIfCan,Gloria_8 Root,
S_A_L_T_WALKED,402088,3/14/2023 4:08:01 PM,2afd4e87-ac2a-4738-9e46-3b19d3385a32,"(4.8, 0.0, -3.4)",walked,Gloria_8 Root,
S_A_L_T_WALK_IF_CAN,402088,3/14/2023 4:08:01 PM,2afd4e87-ac2a-4738-9e46-3b19d3385a32,"(2.7, 0.0, -3.5)",walkIfCan,Helga_10 Root,
S_A_L_T_WALKED,402088,3/14/2023 4:08:01 PM,2afd4e87-ac2a-4738-9e46-3b19d3385a32,"(2.7, 0.0, -3.5)",walked,Helga_10 Root,
TELEPORT,404504,3/14/2023 4:08:04 PM,2afd4e87-ac2a-4738-9e46-3b19d3385a32,"(4.4, 0.0, 0.6)",
PATIENT_ENGAGED,406659,3/14/2023 4:08:06 PM,2afd4e87-ac2a-4738-9e46-3b19d3385a32,100,0,Gary_3 Root,"(0.4, 0.0, 1.7)","(0.0, 0.0, 0.0, 1.0)",IMMEDIATE,still,faint,collapsedRight,normal,unresponsive,supine,
PULSE_TAKEN,407772,3/14/2023 4:08:07 PM,2afd4e87-ac2a-4738-9e46-3b19d3385a32,pulse_faint,Gary_3 Root,
VOICE_CAPTURE,409453,3/14/2023 4:08:09 PM,2afd4e87-ac2a-4738-9e46-3b19d3385a32,to the people who can't,NA,
VOICE_CAPTURE,422985,3/14/2023 4:08:22 PM,2afd4e87-ac2a-4738-9e46-3b19d3385a32,there is a pulse the chest is on equal with one side that's like collapsed oh hello sir can you hear me,NA,
VOICE_COMMAND,422985,3/14/2023 4:08:22 PM,2afd4e87-ac2a-4738-9e46-3b19d3385a32,can you hear,there is a pulse the chest is on equal with one side that's like collapsed oh hello sir can you hear me,
BAG_ACCESS,433147,3/14/2023 4:08:32 PM,2afd4e87-ac2a-4738-9e46-3b19d3385a32,"(1.0, 0.5, 0.4)",
VOICE_CAPTURE,433749,3/14/2023 4:08:33 PM,2afd4e87-ac2a-4738-9e46-3b19d3385a32,OK i'm gonna do a needle decompression on this person wait,NA,
TOOL_HOVER,433844,3/14/2023 4:08:33 PM,2afd4e87-ac2a-4738-9e46-3b19d3385a32,Hemostatic Gauze,999,
TOOL_HOVER,433862,3/14/2023 4:08:33 PM,2afd4e87-ac2a-4738-9e46-3b19d3385a32,Hemostatic Gauze,999,
TOOL_HOVER,433871,3/14/2023 4:08:33 PM,2afd4e87-ac2a-4738-9e46-3b19d3385a32,Hemostatic Gauze,999,
TOOL_HOVER,433887,3/14/2023 4:08:33 PM,2afd4e87-ac2a-4738-9e46-3b19d3385a32,Hemostatic Gauze,999,
TOOL_HOVER,433899,3/14/2023 4:08:33 PM,2afd4e87-ac2a-4738-9e46-3b19d3385a32,Hemostatic Gauze,999,
TOOL_HOVER,433916,3/14/2023 4:08:33 PM,2afd4e87-ac2a-4738-9e46-3b19d3385a32,Hemostatic Gauze,999,
TOOL_HOVER,433927,3/14/2023 4:08:33 PM,2afd4e87-ac2a-4738-9e46-3b19d3385a32,Hemostatic Gauze,999,
TOOL_HOVER,433940,3/14/2023 4:08:33 PM,2afd4e87-ac2a-4738-9e46-3b19d3385a32,Hemostatic Gauze,999,
TOOL_HOVER,433956,3/14/2023 4:08:33 PM,2afd4e87-ac2a-4738-9e46-3b19d3385a32,Hemostatic Gauze,999,
TOOL_HOVER,433969,3/14/2023 4:08:33 PM,2afd4e87-ac2a-4738-9e46-3b19d3385a32,Hemostatic Gauze,999,
TOOL_HOVER,433986,3/14/2023 4:08:33 PM,2afd4e87-ac2a-4738-9e46-3b19d3385a32,Hemostatic Gauze,999,
TOOL_HOVER,433996,3/14/2023 4:08:33 PM,2afd4e87-ac2a-4738-9e46-3b19d3385a32,Hemostatic Gauze,999,
TOOL_HOVER,434015,3/14/2023 4:08:33 PM,2afd4e87-ac2a-4738-9e46-3b19d3385a32,Hemostatic Gauze,999,
TOOL_HOVER,434025,3/14/2023 4:08:33 PM,2afd4e87-ac2a-4738-9e46-3b19d3385a32,Hemostatic Gauze,999,
TOOL_HOVER,434041,3/14/2023 4:08:33 PM,2afd4e87-ac2a-4738-9e46-3b19d3385a32,Hemostatic Gauze,999,
TOOL_HOVER,434052,3/14/2023 4:08:33 PM,2afd4e87-ac2a-4738-9e46-3b19d3385a32,Needle,998,
TOOL_HOVER,434067,3/14/2023 4:08:33 PM,2afd4e87-ac2a-4738-9e46-3b19d3385a32,Needle,998,
TOOL_HOVER,434079,3/14/2023 4:08:33 PM,2afd4e87-ac2a-4738-9e46-3b19d3385a32,Needle,998,
TOOL_HOVER,434094,3/14/2023 4:08:33 PM,2afd4e87-ac2a-4738-9e46-3b19d3385a32,Needle,998,
TOOL_HOVER,434108,3/14/2023 4:08:33 PM,2afd4e87-ac2a-4738-9e46-3b19d3385a32,Needle,998,
TOOL_HOVER,434121,3/14/2023 4:08:33 PM,2afd4e87-ac2a-4738-9e46-3b19d3385a32,Needle,998,
TOOL_HOVER,434135,3/14/2023 4:08:33 PM,2afd4e87-ac2a-4738-9e46-3b19d3385a32,Needle,998,
TOOL_HOVER,434149,3/14/2023 4:08:33 PM,2afd4e87-ac2a-4738-9e46-3b19d3385a32,Needle,998,
TOOL_HOVER,434164,3/14/2023 4:08:33 PM,2afd4e87-ac2a-4738-9e46-3b19d3385a32,Needle,998,
TOOL_HOVER,434177,3/14/2023 4:08:33 PM,2afd4e87-ac2a-4738-9e46-3b19d3385a32,Needle,998,
TOOL_HOVER,434191,3/14/2023 4:08:33 PM,2afd4e87-ac2a-4738-9e46-3b19d3385a32,Needle,998,
TOOL_HOVER,434209,3/14/2023 4:08:33 PM,2afd4e87-ac2a-4738-9e46-3b19d3385a32,Needle,998,
TOOL_HOVER,434219,3/14/2023 4:08:33 PM,2afd4e87-ac2a-4738-9e46-3b19d3385a32,Needle,998,
TOOL_HOVER,434236,3/14/2023 4:08:33 PM,2afd4e87-ac2a-4738-9e46-3b19d3385a32,Needle,998,
TOOL_HOVER,434246,3/14/2023 4:08:33 PM,2afd4e87-ac2a-4738-9e46-3b19d3385a32,Needle,998,
TOOL_HOVER,434263,3/14/2023 4:08:33 PM,2afd4e87-ac2a-4738-9e46-3b19d3385a32,Needle,998,
TOOL_HOVER,434274,3/14/2023 4:08:33 PM,2afd4e87-ac2a-4738-9e46-3b19d3385a32,Needle,998,
TOOL_HOVER,434289,3/14/2023 4:08:33 PM,2afd4e87-ac2a-4738-9e46-3b19d3385a32,Needle,998,
TOOL_HOVER,434306,3/14/2023 4:08:33 PM,2afd4e87-ac2a-4738-9e46-3b19d3385a32,Needle,998,
TOOL_HOVER,434316,3/14/2023 4:08:33 PM,2afd4e87-ac2a-4738-9e46-3b19d3385a32,Needle,998,
TOOL_HOVER,434331,3/14/2023 4:08:33 PM,2afd4e87-ac2a-4738-9e46-3b19d3385a32,Needle,998,
TOOL_HOVER,434442,3/14/2023 4:08:33 PM,2afd4e87-ac2a-4738-9e46-3b19d3385a32,Needle,998,
TOOL_HOVER,434458,3/14/2023 4:08:34 PM,2afd4e87-ac2a-4738-9e46-3b19d3385a32,Needle,998,
TOOL_HOVER,434469,3/14/2023 4:08:34 PM,2afd4e87-ac2a-4738-9e46-3b19d3385a32,Needle,998,
TOOL_HOVER,434484,3/14/2023 4:08:34 PM,2afd4e87-ac2a-4738-9e46-3b19d3385a32,Needle,998,
TOOL_HOVER,434500,3/14/2023 4:08:34 PM,2afd4e87-ac2a-4738-9e46-3b19d3385a32,Needle,998,
TOOL_HOVER,434511,3/14/2023 4:08:34 PM,2afd4e87-ac2a-4738-9e46-3b19d3385a32,Needle,998,
TOOL_HOVER,434531,3/14/2023 4:08:34 PM,2afd4e87-ac2a-4738-9e46-3b19d3385a32,Needle,998,
TOOL_HOVER,434538,3/14/2023 4:08:34 PM,2afd4e87-ac2a-4738-9e46-3b19d3385a32,Needle,998,
TOOL_HOVER,434557,3/14/2023 4:08:34 PM,2afd4e87-ac2a-4738-9e46-3b19d3385a32,Needle,998,
TOOL_HOVER,434568,3/14/2023 4:08:34 PM,2afd4e87-ac2a-4738-9e46-3b19d3385a32,Needle,998,
TOOL_HOVER,434585,3/14/2023 4:08:34 PM,2afd4e87-ac2a-4738-9e46-3b19d3385a32,Needle,998,
TOOL_HOVER,434594,3/14/2023 4:08:34 PM,2afd4e87-ac2a-4738-9e46-3b19d3385a32,Needle,998,
TOOL_HOVER,434611,3/14/2023 4:08:34 PM,2afd4e87-ac2a-4738-9e46-3b19d3385a32,Needle,998,
TOOL_HOVER,434628,3/14/2023 4:08:34 PM,2afd4e87-ac2a-4738-9e46-3b19d3385a32,Needle,998,
TOOL_HOVER,434637,3/14/2023 4:08:34 PM,2afd4e87-ac2a-4738-9e46-3b19d3385a32,Needle,998,
TOOL_HOVER,434655,3/14/2023 4:08:34 PM,2afd4e87-ac2a-4738-9e46-3b19d3385a32,Needle,998,
TOOL_HOVER,434664,3/14/2023 4:08:34 PM,2afd4e87-ac2a-4738-9e46-3b19d3385a32,Needle,998,
TOOL_HOVER,434683,3/14/2023 4:08:34 PM,2afd4e87-ac2a-4738-9e46-3b19d3385a32,Needle,998,
TOOL_HOVER,434693,3/14/2023 4:08:34 PM,2afd4e87-ac2a-4738-9e46-3b19d3385a32,Needle,998,
TOOL_HOVER,434712,3/14/2023 4:08:34 PM,2afd4e87-ac2a-4738-9e46-3b19d3385a32,Needle,998,
TOOL_HOVER,434722,3/14/2023 4:08:34 PM,2afd4e87-ac2a-4738-9e46-3b19d3385a32,Needle,998,
TOOL_HOVER,434739,3/14/2023 4:08:34 PM,2afd4e87-ac2a-4738-9e46-3b19d3385a32,Needle,998,
TOOL_HOVER,434748,3/14/2023 4:08:34 PM,2afd4e87-ac2a-4738-9e46-3b19d3385a32,Tourniquet,998,
TOOL_HOVER,434764,3/14/2023 4:08:34 PM,2afd4e87-ac2a-4738-9e46-3b19d3385a32,Tourniquet,998,
TOOL_HOVER,434775,3/14/2023 4:08:34 PM,2afd4e87-ac2a-4738-9e46-3b19d3385a32,Tourniquet,998,
TOOL_HOVER,434792,3/14/2023 4:08:34 PM,2afd4e87-ac2a-4738-9e46-3b19d3385a32,Tourniquet,998,
TOOL_HOVER,434804,3/14/2023 4:08:34 PM,2afd4e87-ac2a-4738-9e46-3b19d3385a32,Tourniquet,998,
TOOL_HOVER,434821,3/14/2023 4:08:34 PM,2afd4e87-ac2a-4738-9e46-3b19d3385a32,Tourniquet,998,
TOOL_HOVER,434831,3/14/2023 4:08:34 PM,2afd4e87-ac2a-4738-9e46-3b19d3385a32,Tourniquet,998,
VOICE_CAPTURE,435084,3/14/2023 4:08:34 PM,2afd4e87-ac2a-4738-9e46-3b19d3385a32,OK,NA,
TOOL_HOVER,435752,3/14/2023 4:08:35 PM,2afd4e87-ac2a-4738-9e46-3b19d3385a32,Needle,998,
TOOL_HOVER,435766,3/14/2023 4:08:35 PM,2afd4e87-ac2a-4738-9e46-3b19d3385a32,Needle,998,
TOOL_HOVER,435779,3/14/2023 4:08:35 PM,2afd4e87-ac2a-4738-9e46-3b19d3385a32,Needle,998,
TOOL_HOVER,435798,3/14/2023 4:08:35 PM,2afd4e87-ac2a-4738-9e46-3b19d3385a32,Needle,998,
TOOL_HOVER,435807,3/14/2023 4:08:35 PM,2afd4e87-ac2a-4738-9e46-3b19d3385a32,Needle,998,
TOOL_HOVER,435821,3/14/2023 4:08:35 PM,2afd4e87-ac2a-4738-9e46-3b19d3385a32,Needle,998,
TOOL_HOVER,435835,3/14/2023 4:08:35 PM,2afd4e87-ac2a-4738-9e46-3b19d3385a32,Needle,998,
TOOL_HOVER,435848,3/14/2023 4:08:35 PM,2afd4e87-ac2a-4738-9e46-3b19d3385a32,Needle,998,
TOOL_HOVER,435863,3/14/2023 4:08:35 PM,2afd4e87-ac2a-4738-9e46-3b19d3385a32,Needle,998,
TOOL_HOVER,435877,3/14/2023 4:08:35 PM,2afd4e87-ac2a-4738-9e46-3b19d3385a32,Needle,998,
TOOL_HOVER,435890,3/14/2023 4:08:35 PM,2afd4e87-ac2a-4738-9e46-3b19d3385a32,Needle,998,
TOOL_HOVER,435904,3/14/2023 4:08:35 PM,2afd4e87-ac2a-4738-9e46-3b19d3385a32,Needle,998,
TOOL_HOVER,435918,3/14/2023 4:08:35 PM,2afd4e87-ac2a-4738-9e46-3b19d3385a32,Needle,998,
TOOL_HOVER,435932,3/14/2023 4:08:35 PM,2afd4e87-ac2a-4738-9e46-3b19d3385a32,Needle,998,
TOOL_HOVER,435946,3/14/2023 4:08:35 PM,2afd4e87-ac2a-4738-9e46-3b19d3385a32,Needle,998,
TOOL_HOVER,435960,3/14/2023 4:08:35 PM,2afd4e87-ac2a-4738-9e46-3b19d3385a32,Needle,998,
TOOL_HOVER,435974,3/14/2023 4:08:35 PM,2afd4e87-ac2a-4738-9e46-3b19d3385a32,Needle,998,
TOOL_HOVER,435987,3/14/2023 4:08:35 PM,2afd4e87-ac2a-4738-9e46-3b19d3385a32,Needle,998,
TOOL_HOVER,436002,3/14/2023 4:08:35 PM,2afd4e87-ac2a-4738-9e46-3b19d3385a32,Needle,998,
TOOL_HOVER,436016,3/14/2023 4:08:35 PM,2afd4e87-ac2a-4738-9e46-3b19d3385a32,Needle,998,
TOOL_HOVER,436032,3/14/2023 4:08:35 PM,2afd4e87-ac2a-4738-9e46-3b19d3385a32,Needle,998,
TOOL_HOVER,436043,3/14/2023 4:08:35 PM,2afd4e87-ac2a-4738-9e46-3b19d3385a32,Needle,998,
TOOL_HOVER,436058,3/14/2023 4:08:35 PM,2afd4e87-ac2a-4738-9e46-3b19d3385a32,Needle,998,
TOOL_HOVER,436071,3/14/2023 4:08:35 PM,2afd4e87-ac2a-4738-9e46-3b19d3385a32,Needle,998,
TOOL_HOVER,436086,3/14/2023 4:08:35 PM,2afd4e87-ac2a-4738-9e46-3b19d3385a32,Needle,998,
TOOL_HOVER,436099,3/14/2023 4:08:35 PM,2afd4e87-ac2a-4738-9e46-3b19d3385a32,Needle,998,
TOOL_HOVER,436113,3/14/2023 4:08:35 PM,2afd4e87-ac2a-4738-9e46-3b19d3385a32,Needle,998,
TOOL_HOVER,436129,3/14/2023 4:08:35 PM,2afd4e87-ac2a-4738-9e46-3b19d3385a32,Needle,998,
TOOL_HOVER,436140,3/14/2023 4:08:35 PM,2afd4e87-ac2a-4738-9e46-3b19d3385a32,Needle,998,
TOOL_HOVER,436155,3/14/2023 4:08:35 PM,2afd4e87-ac2a-4738-9e46-3b19d3385a32,Needle,998,
TOOL_HOVER,436172,3/14/2023 4:08:35 PM,2afd4e87-ac2a-4738-9e46-3b19d3385a32,Needle,998,
TOOL_HOVER,436182,3/14/2023 4:08:35 PM,2afd4e87-ac2a-4738-9e46-3b19d3385a32,Needle,998,
TOOL_HOVER,436198,3/14/2023 4:08:35 PM,2afd4e87-ac2a-4738-9e46-3b19d3385a32,Needle,998,
TOOL_HOVER,436210,3/14/2023 4:08:35 PM,2afd4e87-ac2a-4738-9e46-3b19d3385a32,Needle,998,
TOOL_HOVER,436230,3/14/2023 4:08:35 PM,2afd4e87-ac2a-4738-9e46-3b19d3385a32,Needle,998,
TOOL_HOVER,436237,3/14/2023 4:08:35 PM,2afd4e87-ac2a-4738-9e46-3b19d3385a32,Needle,998,
TOOL_HOVER,436254,3/14/2023 4:08:35 PM,2afd4e87-ac2a-4738-9e46-3b19d3385a32,Needle,998,
TOOL_HOVER,436266,3/14/2023 4:08:35 PM,2afd4e87-ac2a-4738-9e46-3b19d3385a32,Needle,998,
TOOL_HOVER,436282,3/14/2023 4:08:35 PM,2afd4e87-ac2a-4738-9e46-3b19d3385a32,Needle,998,
TOOL_HOVER,436293,3/14/2023 4:08:35 PM,2afd4e87-ac2a-4738-9e46-3b19d3385a32,Needle,998,
TOOL_HOVER,436309,3/14/2023 4:08:35 PM,2afd4e87-ac2a-4738-9e46-3b19d3385a32,Needle,998,
TOOL_HOVER,436321,3/14/2023 4:08:35 PM,2afd4e87-ac2a-4738-9e46-3b19d3385a32,Needle,998,
TOOL_HOVER,436340,3/14/2023 4:08:35 PM,2afd4e87-ac2a-4738-9e46-3b19d3385a32,Needle,998,
TOOL_HOVER,436349,3/14/2023 4:08:35 PM,2afd4e87-ac2a-4738-9e46-3b19d3385a32,Needle,998,
TOOL_HOVER,436369,3/14/2023 4:08:35 PM,2afd4e87-ac2a-4738-9e46-3b19d3385a32,Needle,998,
TOOL_HOVER,436376,3/14/2023 4:08:35 PM,2afd4e87-ac2a-4738-9e46-3b19d3385a32,Needle,998,
TOOL_HOVER,436394,3/14/2023 4:08:35 PM,2afd4e87-ac2a-4738-9e46-3b19d3385a32,Needle,998,
TOOL_HOVER,436404,3/14/2023 4:08:35 PM,2afd4e87-ac2a-4738-9e46-3b19d3385a32,Needle,998,
TOOL_HOVER,436421,3/14/2023 4:08:35 PM,2afd4e87-ac2a-4738-9e46-3b19d3385a32,Needle,998,
TOOL_HOVER,436433,3/14/2023 4:08:35 PM,2afd4e87-ac2a-4738-9e46-3b19d3385a32,Needle,998,
TOOL_HOVER,436447,3/14/2023 4:08:35 PM,2afd4e87-ac2a-4738-9e46-3b19d3385a32,Needle,998,
TOOL_HOVER,436460,3/14/2023 4:08:36 PM,2afd4e87-ac2a-4738-9e46-3b19d3385a32,Needle,998,
TOOL_HOVER,436477,3/14/2023 4:08:36 PM,2afd4e87-ac2a-4738-9e46-3b19d3385a32,Needle,998,
TOOL_HOVER,436491,3/14/2023 4:08:36 PM,2afd4e87-ac2a-4738-9e46-3b19d3385a32,Needle,998,
TOOL_HOVER,436501,3/14/2023 4:08:36 PM,2afd4e87-ac2a-4738-9e46-3b19d3385a32,Needle,998,
TOOL_HOVER,436523,3/14/2023 4:08:36 PM,2afd4e87-ac2a-4738-9e46-3b19d3385a32,Needle,998,
TOOL_HOVER,436530,3/14/2023 4:08:36 PM,2afd4e87-ac2a-4738-9e46-3b19d3385a32,Needle,998,
TOOL_HOVER,436547,3/14/2023 4:08:36 PM,2afd4e87-ac2a-4738-9e46-3b19d3385a32,Needle,998,
TOOL_HOVER,436558,3/14/2023 4:08:36 PM,2afd4e87-ac2a-4738-9e46-3b19d3385a32,Needle,998,
TOOL_HOVER,436578,3/14/2023 4:08:36 PM,2afd4e87-ac2a-4738-9e46-3b19d3385a32,Needle,998,
TOOL_HOVER,436585,3/14/2023 4:08:36 PM,2afd4e87-ac2a-4738-9e46-3b19d3385a32,Needle,998,
TOOL_HOVER,436602,3/14/2023 4:08:36 PM,2afd4e87-ac2a-4738-9e46-3b19d3385a32,Needle,998,
TOOL_SELECTED,436603,3/14/2023 4:08:36 PM,2afd4e87-ac2a-4738-9e46-3b19d3385a32,Needle,997,
INJURY_TREATED,440152,3/14/2023 4:08:39 PM,2afd4e87-ac2a-4738-9e46-3b19d3385a32,R Chest Collapse,Gary_3 Root,decompress,high,chest,True,False,"(0.0, 0.0, 0.0)",
TOOL_APPLIED,440152,3/14/2023 4:08:39 PM,2afd4e87-ac2a-4738-9e46-3b19d3385a32,Needle_Decomp(Clone),Needle,RChest_Breathe1 (UnityEngine.GameObject),cath_needle (UnityEngine.GameObject),right_chest,Needle_Decomp(Clone) (UnityEngine.GameObject),AppliedDecompNeedle,
VOICE_CAPTURE,443869,3/14/2023 4:08:43 PM,2afd4e87-ac2a-4738-9e46-3b19d3385a32,OK,NA,
TAG_SELECTED,447019,3/14/2023 4:08:46 PM,2afd4e87-ac2a-4738-9e46-3b19d3385a32,red,
BAG_CLOSED,447047,3/14/2023 4:08:46 PM,2afd4e87-ac2a-4738-9e46-3b19d3385a32,"(1.0, 0.5, 0.4)",
TELEPORT,447047,3/14/2023 4:08:46 PM,2afd4e87-ac2a-4738-9e46-3b19d3385a32,"(3.5, 0.0, 1.6)",
TAG_APPLIED,448713,3/14/2023 4:08:48 PM,2afd4e87-ac2a-4738-9e46-3b19d3385a32,Gary_3 Root,red,
VOICE_CAPTURE,456086,3/14/2023 4:08:55 PM,2afd4e87-ac2a-4738-9e46-3b19d3385a32,OK this is gonna be a red OK,NA,
VOICE_CAPTURE,457339,3/14/2023 4:08:56 PM,2afd4e87-ac2a-4738-9e46-3b19d3385a32,wave,NA,
VOICE_COMMAND,457339,3/14/2023 4:08:56 PM,2afd4e87-ac2a-4738-9e46-3b19d3385a32,wave if you can,wave,
S_A_L_T_WAVE_IF_CAN,457339,3/14/2023 4:08:56 PM,2afd4e87-ac2a-4738-9e46-3b19d3385a32,"(3.0, 0.0, 4.5)",waveIfCan,Lily_2 Root,
S_A_L_T_WAVED,457339,3/14/2023 4:08:56 PM,2afd4e87-ac2a-4738-9e46-3b19d3385a32,"(3.0, 0.0, 4.5)",waved,Lily_2 Root,
S_A_L_T_WAVE_IF_CAN,457340,3/14/2023 4:08:56 PM,2afd4e87-ac2a-4738-9e46-3b19d3385a32,"(1.2, 0.0, 6.3)",waveIfCan,Lily_4 Root,
S_A_L_T_WAVED,457340,3/14/2023 4:08:56 PM,2afd4e87-ac2a-4738-9e46-3b19d3385a32,"(1.2, 0.0, 6.3)",waved,Lily_4 Root,
S_A_L_T_WAVE_IF_CAN,457340,3/14/2023 4:08:56 PM,2afd4e87-ac2a-4738-9e46-3b19d3385a32,"(2.7, 0.0, 2.3)",waveIfCan,Mike_5 Root,
S_A_L_T_WAVED,457340,3/14/2023 4:08:56 PM,2afd4e87-ac2a-4738-9e46-3b19d3385a32,"(2.7, 0.0, 2.3)",waved,Mike_5 Root,
S_A_L_T_WAVE_IF_CAN,457340,3/14/2023 4:08:56 PM,2afd4e87-ac2a-4738-9e46-3b19d3385a32,"(-1.2, 0.0, 3.1)",waveIfCan,Gloria_6 Root,
S_A_L_T_WAVED,457340,3/14/2023 4:08:56 PM,2afd4e87-ac2a-4738-9e46-3b19d3385a32,"(-1.2, 0.0, 3.1)",waved,Gloria_6 Root,
S_A_L_T_WAVE_IF_CAN,457340,3/14/2023 4:08:56 PM,2afd4e87-ac2a-4738-9e46-3b19d3385a32,"(1.3, 0.0, 3.4)",waveIfCan,Mike_7 Root,
S_A_L_T_WAVED,457340,3/14/2023 4:08:56 PM,2afd4e87-ac2a-4738-9e46-3b19d3385a32,"(1.3, 0.0, 3.4)",waved,Mike_7 Root,
S_A_L_T_WAVE_IF_CAN,457340,3/14/2023 4:08:56 PM,2afd4e87-ac2a-4738-9e46-3b19d3385a32,"(4.8, 0.0, -3.3)",waveIfCan,Gloria_8 Root,
S_A_L_T_WAVED,457340,3/14/2023 4:08:56 PM,2afd4e87-ac2a-4738-9e46-3b19d3385a32,"(4.8, 0.0, -3.3)",waved,Gloria_8 Root,
S_A_L_T_WAVE_IF_CAN,457340,3/14/2023 4:08:56 PM,2afd4e87-ac2a-4738-9e46-3b19d3385a32,"(3.0, 0.0, -3.8)",waveIfCan,Helga_10 Root,
S_A_L_T_WAVED,457340,3/14/2023 4:08:56 PM,2afd4e87-ac2a-4738-9e46-3b19d3385a32,"(3.0, 0.0, -3.8)",waved,Helga_10 Root,
VOICE_CAPTURE,458754,3/14/2023 4:08:58 PM,2afd4e87-ac2a-4738-9e46-3b19d3385a32,can the people who just waved at me waved at me again,NA,
VOICE_COMMAND,458755,3/14/2023 4:08:58 PM,2afd4e87-ac2a-4738-9e46-3b19d3385a32,wave if you can,can the people who just waved at me waved at me again,
TELEPORT,460952,3/14/2023 4:09:00 PM,2afd4e87-ac2a-4738-9e46-3b19d3385a32,"(3.5, 0.0, 1.6)",
VOICE_CAPTURE,461995,3/14/2023 4:09:01 PM,2afd4e87-ac2a-4738-9e46-3b19d3385a32,OK,NA,
TELEPORT,466633,3/14/2023 4:09:06 PM,2afd4e87-ac2a-4738-9e46-3b19d3385a32,"(4.5, 0.0, 7.2)",
TELEPORT,467289,3/14/2023 4:09:06 PM,2afd4e87-ac2a-4738-9e46-3b19d3385a32,"(3.5, 0.0, 8.7)",
VOICE_CAPTURE,470076,3/14/2023 4:09:09 PM,2afd4e87-ac2a-4738-9e46-3b19d3385a32,gonna move to the next,NA,
VOICE_COMMAND,470076,3/14/2023 4:09:09 PM,2afd4e87-ac2a-4738-9e46-3b19d3385a32,walk to the safe area,gonna move to the next,
S_A_L_T_WALK_IF_CAN,470077,3/14/2023 4:09:09 PM,2afd4e87-ac2a-4738-9e46-3b19d3385a32,"(3.0, 0.0, 4.5)",walkIfCan,Lily_2 Root,
S_A_L_T_WALK_IF_CAN,470077,3/14/2023 4:09:09 PM,2afd4e87-ac2a-4738-9e46-3b19d3385a32,"(1.2, 0.0, 6.3)",walkIfCan,Lily_4 Root,
S_A_L_T_WALK_IF_CAN,470077,3/14/2023 4:09:09 PM,2afd4e87-ac2a-4738-9e46-3b19d3385a32,"(2.7, 0.0, 2.3)",walkIfCan,Mike_5 Root,
S_A_L_T_WALK_IF_CAN,470077,3/14/2023 4:09:09 PM,2afd4e87-ac2a-4738-9e46-3b19d3385a32,"(-1.2, 0.0, 3.1)",walkIfCan,Gloria_6 Root,
S_A_L_T_WALK_IF_CAN,470077,3/14/2023 4:09:09 PM,2afd4e87-ac2a-4738-9e46-3b19d3385a32,"(1.3, 0.0, 3.4)",walkIfCan,Mike_7 Root,
S_A_L_T_WALK_IF_CAN,470077,3/14/2023 4:09:09 PM,2afd4e87-ac2a-4738-9e46-3b19d3385a32,"(4.8, 0.0, -3.3)",walkIfCan,Gloria_8 Root,
S_A_L_T_WALKED,470077,3/14/2023 4:09:09 PM,2afd4e87-ac2a-4738-9e46-3b19d3385a32,"(4.8, 0.0, -3.3)",walked,Gloria_8 Root,
S_A_L_T_WALK_IF_CAN,470077,3/14/2023 4:09:09 PM,2afd4e87-ac2a-4738-9e46-3b19d3385a32,"(3.0, 0.0, -3.8)",walkIfCan,Helga_10 Root,
S_A_L_T_WALKED,470077,3/14/2023 4:09:09 PM,2afd4e87-ac2a-4738-9e46-3b19d3385a32,"(3.0, 0.0, -3.8)",walked,Helga_10 Root,
VOICE_CAPTURE,472706,3/14/2023 4:09:12 PM,2afd4e87-ac2a-4738-9e46-3b19d3385a32,OK,NA,
VOICE_CAPTURE,483058,3/14/2023 4:09:22 PM,2afd4e87-ac2a-4738-9e46-3b19d3385a32,OK,NA,
