PATIENT_DEMOTED,5355,3/14/2023 12:59:38 PM,b0bc6f05-879c-4538-b0c0-d91f20b0ac39,100,Infinity,Bob_0 Root,"(-1.4, 0.0, 5.6)","(0.0, 0.7, 0.0, 0.7)",EXPECTANT,still,faint,restricted,none,unresponsive,supine,
PATIENT_DEMOTED,5556,3/14/2023 12:59:38 PM,b0bc6f05-879c-4538-b0c0-d91f20b0ac39,100,Infinity,Bob_0 Root,"(-1.5, 0.0, 5.6)","(0.0, 0.7, 0.0, 0.7)",DEAD,still,none,none,none,dead,supine,
PATIENT_DEMOTED,5694,3/14/2023 12:59:38 PM,b0bc6f05-879c-4538-b0c0-d91f20b0ac39,100,Infinity,Gary_1 Root,"(1.7, 0.0, 7.4)","(0.0, 1.0, 0.0, 0.0)",EXPECTANT,still,faint,restricted,none,unresponsive,supine,
PATIENT_DEMOTED,6414,3/14/2023 12:59:39 PM,b0bc6f05-879c-4538-b0c0-d91f20b0ac39,100,Infinity,Lily_2 Root,"(2.8, 0.0, 4.3)","(0.0, 1.0, 0.0, 0.0)",IMMEDIATE,waver,fast,fast,normal,agony,fetal,
PATIENT_DEMOTED,7099,3/14/2023 12:59:39 PM,b0bc6f05-879c-4538-b0c0-d91f20b0ac39,100,0,Gary_3 Root,"(0.3, 0.0, 1.6)","(0.0, 0.0, 0.0, 1.0)",IMMEDIATE,still,faint,collapsedRight,normal,unresponsive,supine,
PATIENT_DEMOTED,7679,3/14/2023 12:59:40 PM,b0bc6f05-879c-4538-b0c0-d91f20b0ac39,100,Infinity,Lily_4 Root,"(1.2, 0.0, 6.3)","(0.0, 1.0, 0.0, 0.0)",IMMEDIATE,waver,fast,normal,normal,upset,fetal,
PATIENT_DEMOTED,8509,3/14/2023 12:59:41 PM,b0bc6f05-879c-4538-b0c0-d91f20b0ac39,100,Infinity,Mike_5 Root,"(2.4, 0.0, 2.3)","(0.0, 1.0, 0.0, 0.0)",IMMEDIATE,waver,fast,normal,normal,upset,fetal,
PATIENT_DEMOTED,9081,3/14/2023 12:59:41 PM,b0bc6f05-879c-4538-b0c0-d91f20b0ac39,100,Infinity,Gloria_6 Root,"(-1.0, 0.0, 2.9)","(0.0, 0.4, 0.0, 0.9)",DELAYED,waver,fast,normal,normal,upset,fetal,
PATIENT_DEMOTED,9804,3/14/2023 12:59:42 PM,b0bc6f05-879c-4538-b0c0-d91f20b0ac39,100,Infinity,Mike_7 Root,"(1.7, 0.0, 3.9)","(0.0, 0.1, 0.0, 1.0)",IMMEDIATE,waver,fast,normal,normal,upset,sittingGround,
PATIENT_DEMOTED,10180,3/14/2023 12:59:43 PM,b0bc6f05-879c-4538-b0c0-d91f20b0ac39,100,Infinity,Mike_7 Root,"(1.0, 0.0, 3.7)","(0.0, 0.1, 0.0, 1.0)",DELAYED,waver,fast,normal,normal,upset,sittingGround,
SESSION_START,17751,3/14/2023 12:59:50 PM,b0bc6f05-879c-4538-b0c0-d91f20b0ac39,
PATIENT_RECORD,17752,3/14/2023 12:59:50 PM,b0bc6f05-879c-4538-b0c0-d91f20b0ac39,100,Infinity,Bob_0 Root,"(-1.7, 0.0, 5.6)","(0.0, 0.7, 0.0, 0.7)",DEAD,still,none,none,none,dead,supine,
INJURY_RECORD,17752,3/14/2023 12:59:50 PM,b0bc6f05-879c-4538-b0c0-d91f20b0ac39,Face Shrapnel,Bob_0 Root,airway,high,head,False,False,"(-1.8, 1.7, 5.6)",
INJURY_RECORD,17753,3/14/2023 12:59:50 PM,b0bc6f05-879c-4538-b0c0-d91f20b0ac39,L Wrist Amputation,Bob_0 Root,tourniquet,high,leftArm,False,False,"(-1.8, 1.4, 6.3)",
INJURY_RECORD,17753,3/14/2023 12:59:50 PM,b0bc6f05-879c-4538-b0c0-d91f20b0ac39,L Chest Collapse,Bob_0 Root,decompress,high,chest,False,False,"(0.0, 0.0, 0.0)",
INJURY_RECORD,17753,3/14/2023 12:59:50 PM,b0bc6f05-879c-4538-b0c0-d91f20b0ac39,L Stomach Puncture,Bob_0 Root,woundpack,high,abdomen,False,False,"(-1.6, 1.1, 5.7)",
INJURY_RECORD,17753,3/14/2023 12:59:50 PM,b0bc6f05-879c-4538-b0c0-d91f20b0ac39,R Shin Amputation,Bob_0 Root,tourniquet,high,rightLeg,False,False,"(-1.7, 0.4, 5.5)",
INJURY_RECORD,17753,3/14/2023 12:59:50 PM,b0bc6f05-879c-4538-b0c0-d91f20b0ac39,L Thigh Laceration,Bob_0 Root,tourniquet,medium,leftLeg,False,False,"(-1.6, 0.7, 5.8)",
PATIENT_RECORD,17753,3/14/2023 12:59:50 PM,b0bc6f05-879c-4538-b0c0-d91f20b0ac39,100,Infinity,Gary_1 Root,"(1.6, 0.0, 7.6)","(0.0, 1.0, 0.0, 0.0)",EXPECTANT,still,none,restricted,none,unresponsive,supine,
INJURY_RECORD,17753,3/14/2023 12:59:50 PM,b0bc6f05-879c-4538-b0c0-d91f20b0ac39,Face Shrapnel,Gary_1 Root,airway,high,head,False,False,"(1.6, 1.7, 7.7)",
PATIENT_RECORD,17753,3/14/2023 12:59:50 PM,b0bc6f05-879c-4538-b0c0-d91f20b0ac39,100,Infinity,Lily_2 Root,"(3.0, 0.0, 4.5)","(0.0, 1.0, 0.0, 0.0)",IMMEDIATE,waver,fast,fast,normal,agony,fetal,
INJURY_RECORD,17753,3/14/2023 12:59:50 PM,b0bc6f05-879c-4538-b0c0-d91f20b0ac39,R Shin Amputation,Lily_2 Root,tourniquet,high,rightLeg,False,False,"(2.9, 0.4, 4.5)",
PATIENT_RECORD,17753,3/14/2023 12:59:50 PM,b0bc6f05-879c-4538-b0c0-d91f20b0ac39,100,0,Gary_3 Root,"(0.4, 0.0, 1.7)","(0.0, 0.0, 0.0, 1.0)",IMMEDIATE,still,faint,collapsedRight,normal,unresponsive,supine,
INJURY_RECORD,17753,3/14/2023 12:59:50 PM,b0bc6f05-879c-4538-b0c0-d91f20b0ac39,R Chest Collapse,Gary_3 Root,decompress,high,chest,False,False,"(0.0, 0.0, 0.0)",
PATIENT_RECORD,17753,3/14/2023 12:59:50 PM,b0bc6f05-879c-4538-b0c0-d91f20b0ac39,100,Infinity,Lily_4 Root,"(1.2, 0.0, 6.2)","(0.0, 1.0, 0.0, 0.0)",IMMEDIATE,waver,fast,normal,normal,upset,fetal,
INJURY_RECORD,17753,3/14/2023 12:59:50 PM,b0bc6f05-879c-4538-b0c0-d91f20b0ac39,L Side Puncture,Lily_4 Root,woundpack,medium,abdomen,False,False,"(1.3, 1.0, 6.2)",
PATIENT_RECORD,17753,3/14/2023 12:59:50 PM,b0bc6f05-879c-4538-b0c0-d91f20b0ac39,100,Infinity,Mike_5 Root,"(2.7, 0.0, 2.3)","(0.0, 1.0, 0.0, 0.0)",IMMEDIATE,waver,fast,normal,normal,upset,fetal,
INJURY_RECORD,17753,3/14/2023 12:59:50 PM,b0bc6f05-879c-4538-b0c0-d91f20b0ac39,R Side Puncture,Mike_5 Root,woundpack,medium,abdomen,False,False,"(2.6, 1.1, 2.2)",
INJURY_RECORD,17753,3/14/2023 12:59:50 PM,b0bc6f05-879c-4538-b0c0-d91f20b0ac39,R Thigh Laceration,Mike_5 Root,tourniquet,medium,rightLeg,False,False,"(2.5, 0.6, 2.2)",
PATIENT_RECORD,17753,3/14/2023 12:59:50 PM,b0bc6f05-879c-4538-b0c0-d91f20b0ac39,100,Infinity,Gloria_6 Root,"(-1.2, 0.0, 3.1)","(0.0, 0.4, 0.0, 0.9)",DELAYED,waver,fast,normal,normal,upset,fetal,
INJURY_RECORD,17753,3/14/2023 12:59:50 PM,b0bc6f05-879c-4538-b0c0-d91f20b0ac39,R Calf Shrapnel,Gloria_6 Root,gauzePressure,medium,rightLeg,False,False,"(-1.1, 0.3, 3.0)",
PATIENT_RECORD,17753,3/14/2023 12:59:50 PM,b0bc6f05-879c-4538-b0c0-d91f20b0ac39,100,Infinity,Mike_7 Root,"(1.3, 0.0, 3.4)","(0.0, 0.1, 0.0, 1.0)",DELAYED,waver,fast,normal,normal,upset,sittingGround,
INJURY_RECORD,17753,3/14/2023 12:59:50 PM,b0bc6f05-879c-4538-b0c0-d91f20b0ac39,L Thigh Puncture,Mike_7 Root,tourniquet,medium,leftLeg,False,False,"(1.3, 0.6, 3.5)",
INJURY_RECORD,17753,3/14/2023 12:59:50 PM,b0bc6f05-879c-4538-b0c0-d91f20b0ac39,R Calf Laceration,Mike_7 Root,gauzePressure,low,rightLeg,False,False,"(1.4, 0.3, 3.4)",
PATIENT_RECORD,17753,3/14/2023 12:59:50 PM,b0bc6f05-879c-4538-b0c0-d91f20b0ac39,100,Infinity,Gloria_8 Root,"(3.7, 0.0, 6.0)","(0.0, 1.0, 0.0, 0.0)",MINIMAL,walker,normal,normal,normal,upset,sittingGround,
INJURY_RECORD,17753,3/14/2023 12:59:50 PM,b0bc6f05-879c-4538-b0c0-d91f20b0ac39,L Forearm Laceration,Gloria_8 Root,gauzePressure,low,leftArm,False,False,"(4.2, 1.2, 6.0)",
PATIENT_RECORD,17753,3/14/2023 12:59:50 PM,b0bc6f05-879c-4538-b0c0-d91f20b0ac39,100,0,Gary_9 Root,"(2.9, 0.0, 9.0)","(0.0, 1.0, 0.0, 0.0)",MINIMAL,walker,normal,normal,limited,calm,standing,
INJURY_RECORD,17753,3/14/2023 12:59:50 PM,b0bc6f05-879c-4538-b0c0-d91f20b0ac39,Ear Bleed,Gary_9 Root,none,low,head,False,False,"(0.0, 0.0, 0.0)",
PATIENT_RECORD,17753,3/14/2023 12:59:50 PM,b0bc6f05-879c-4538-b0c0-d91f20b0ac39,100,Infinity,Helga_10 Root,"(3.9, 0.0, 8.0)","(0.0, 1.0, 0.0, 0.0)",MINIMAL,walker,normal,normal,normal,calm,sittingGround,
INJURY_RECORD,17753,3/14/2023 12:59:50 PM,b0bc6f05-879c-4538-b0c0-d91f20b0ac39,Forehead Scrape,Helga_10 Root,none,low,head,False,False,"(4.0, 1.6, 8.0)",
TELEPORT,20579,3/14/2023 12:59:53 PM,b0bc6f05-879c-4538-b0c0-d91f20b0ac39,"(0.8, 0.0, -2.3)",
VOICE_CAPTURE,22079,3/14/2023 12:59:54 PM,b0bc6f05-879c-4538-b0c0-d91f20b0ac39,alright,NA,
VOICE_CAPTURE,24606,3/14/2023 12:59:57 PM,b0bc6f05-879c-4538-b0c0-d91f20b0ac39,who can walk,NA,
VOICE_COMMAND,24606,3/14/2023 12:59:57 PM,b0bc6f05-879c-4538-b0c0-d91f20b0ac39,walk to the safe area,who can walk,
S_A_L_T_WALK_IF_CAN,24609,3/14/2023 12:59:57 PM,b0bc6f05-879c-4538-b0c0-d91f20b0ac39,"(3.0, 0.0, 4.5)",walkIfCan,Lily_2 Root,
S_A_L_T_WALK_IF_CAN,24609,3/14/2023 12:59:57 PM,b0bc6f05-879c-4538-b0c0-d91f20b0ac39,"(1.2, 0.0, 6.2)",walkIfCan,Lily_4 Root,
S_A_L_T_WALK_IF_CAN,24609,3/14/2023 12:59:57 PM,b0bc6f05-879c-4538-b0c0-d91f20b0ac39,"(2.7, 0.0, 2.3)",walkIfCan,Mike_5 Root,
S_A_L_T_WALK_IF_CAN,24609,3/14/2023 12:59:57 PM,b0bc6f05-879c-4538-b0c0-d91f20b0ac39,"(-1.2, 0.0, 3.1)",walkIfCan,Gloria_6 Root,
S_A_L_T_WALK_IF_CAN,24609,3/14/2023 12:59:57 PM,b0bc6f05-879c-4538-b0c0-d91f20b0ac39,"(1.3, 0.0, 3.4)",walkIfCan,Mike_7 Root,
S_A_L_T_WALK_IF_CAN,24609,3/14/2023 12:59:57 PM,b0bc6f05-879c-4538-b0c0-d91f20b0ac39,"(3.7, 0.0, 6.0)",walkIfCan,Gloria_8 Root,
S_A_L_T_WALKED,24610,3/14/2023 12:59:57 PM,b0bc6f05-879c-4538-b0c0-d91f20b0ac39,"(3.7, 0.0, 6.0)",walked,Gloria_8 Root,
S_A_L_T_WALK_IF_CAN,24611,3/14/2023 12:59:57 PM,b0bc6f05-879c-4538-b0c0-d91f20b0ac39,"(3.9, 0.0, 8.0)",walkIfCan,Helga_10 Root,
S_A_L_T_WALKED,24611,3/14/2023 12:59:57 PM,b0bc6f05-879c-4538-b0c0-d91f20b0ac39,"(3.9, 0.0, 8.0)",walked,Helga_10 Root,
VOICE_CAPTURE,35170,3/14/2023 1:00:08 PM,b0bc6f05-879c-4538-b0c0-d91f20b0ac39,wave,NA,
VOICE_COMMAND,35170,3/14/2023 1:00:08 PM,b0bc6f05-879c-4538-b0c0-d91f20b0ac39,wave if you can,wave,
S_A_L_T_WAVE_IF_CAN,35172,3/14/2023 1:00:08 PM,b0bc6f05-879c-4538-b0c0-d91f20b0ac39,"(3.0, 0.0, 4.5)",waveIfCan,Lily_2 Root,
S_A_L_T_WAVED,35172,3/14/2023 1:00:08 PM,b0bc6f05-879c-4538-b0c0-d91f20b0ac39,"(3.0, 0.0, 4.5)",waved,Lily_2 Root,
S_A_L_T_WAVE_IF_CAN,35172,3/14/2023 1:00:08 PM,b0bc6f05-879c-4538-b0c0-d91f20b0ac39,"(1.2, 0.0, 6.2)",waveIfCan,Lily_4 Root,
S_A_L_T_WAVED,35172,3/14/2023 1:00:08 PM,b0bc6f05-879c-4538-b0c0-d91f20b0ac39,"(1.2, 0.0, 6.2)",waved,Lily_4 Root,
S_A_L_T_WAVE_IF_CAN,35172,3/14/2023 1:00:08 PM,b0bc6f05-879c-4538-b0c0-d91f20b0ac39,"(2.7, 0.0, 2.3)",waveIfCan,Mike_5 Root,
S_A_L_T_WAVED,35172,3/14/2023 1:00:08 PM,b0bc6f05-879c-4538-b0c0-d91f20b0ac39,"(2.7, 0.0, 2.3)",waved,Mike_5 Root,
S_A_L_T_WAVE_IF_CAN,35172,3/14/2023 1:00:08 PM,b0bc6f05-879c-4538-b0c0-d91f20b0ac39,"(-1.2, 0.0, 3.1)",waveIfCan,Gloria_6 Root,
S_A_L_T_WAVED,35172,3/14/2023 1:00:08 PM,b0bc6f05-879c-4538-b0c0-d91f20b0ac39,"(-1.2, 0.0, 3.1)",waved,Gloria_6 Root,
S_A_L_T_WAVE_IF_CAN,35172,3/14/2023 1:00:08 PM,b0bc6f05-879c-4538-b0c0-d91f20b0ac39,"(1.3, 0.0, 3.4)",waveIfCan,Mike_7 Root,
S_A_L_T_WAVED,35172,3/14/2023 1:00:08 PM,b0bc6f05-879c-4538-b0c0-d91f20b0ac39,"(1.3, 0.0, 3.4)",waved,Mike_7 Root,
S_A_L_T_WAVE_IF_CAN,35172,3/14/2023 1:00:08 PM,b0bc6f05-879c-4538-b0c0-d91f20b0ac39,"(4.3, 0.0, -2.8)",waveIfCan,Gloria_8 Root,
S_A_L_T_WAVE_IF_CAN,35172,3/14/2023 1:00:08 PM,b0bc6f05-879c-4538-b0c0-d91f20b0ac39,"(3.2, 0.0, -0.2)",waveIfCan,Helga_10 Root,
S_A_L_T_WALK_IF_CAN,35198,3/14/2023 1:00:08 PM,b0bc6f05-879c-4538-b0c0-d91f20b0ac39,"(4.3, 0.0, -2.8)",walkIfCan,Gloria_8 Root,
S_A_L_T_WALKED,35198,3/14/2023 1:00:08 PM,b0bc6f05-879c-4538-b0c0-d91f20b0ac39,"(4.3, 0.0, -2.8)",walked,Gloria_8 Root,
S_A_L_T_WALK_IF_CAN,35198,3/14/2023 1:00:08 PM,b0bc6f05-879c-4538-b0c0-d91f20b0ac39,"(3.2, 0.0, -0.2)",walkIfCan,Helga_10 Root,
S_A_L_T_WALKED,35198,3/14/2023 1:00:08 PM,b0bc6f05-879c-4538-b0c0-d91f20b0ac39,"(3.2, 0.0, -0.2)",walked,Helga_10 Root,
TELEPORT,39197,3/14/2023 1:00:12 PM,b0bc6f05-879c-4538-b0c0-d91f20b0ac39,"(1.2, 0.0, -1.2)",
PATIENT_ENGAGED,40807,3/14/2023 1:00:13 PM,b0bc6f05-879c-4538-b0c0-d91f20b0ac39,100,0,Gary_3 Root,"(0.4, 0.0, 1.7)","(0.0, 0.0, 0.0, 1.0)",IMMEDIATE,still,faint,collapsedRight,normal,unresponsive,supine,
VOICE_CAPTURE,40861,3/14/2023 1:00:13 PM,b0bc6f05-879c-4538-b0c0-d91f20b0ac39,alright i'll be with you shortly,NA,
TELEPORT,41612,3/14/2023 1:00:14 PM,b0bc6f05-879c-4538-b0c0-d91f20b0ac39,"(1.3, 0.0, -0.4)",
PULSE_TAKEN,42415,3/14/2023 1:00:15 PM,b0bc6f05-879c-4538-b0c0-d91f20b0ac39,pulse_faint,Gary_3 Root,
VOICE_CAPTURE,44119,3/14/2023 1:00:16 PM,b0bc6f05-879c-4538-b0c0-d91f20b0ac39,alright,NA,
VOICE_CAPTURE,52206,3/14/2023 1:00:25 PM,b0bc6f05-879c-4538-b0c0-d91f20b0ac39,alright breathing but agony just got a big depressed wound on his chest,NA,
TOOL_HOVER,53069,3/14/2023 1:00:25 PM,b0bc6f05-879c-4538-b0c0-d91f20b0ac39,Needle,999,
TOOL_HOVER,53082,3/14/2023 1:00:25 PM,b0bc6f05-879c-4538-b0c0-d91f20b0ac39,Needle,999,
TOOL_HOVER,53096,3/14/2023 1:00:25 PM,b0bc6f05-879c-4538-b0c0-d91f20b0ac39,Needle,999,
TOOL_HOVER,53109,3/14/2023 1:00:25 PM,b0bc6f05-879c-4538-b0c0-d91f20b0ac39,Needle,999,
TOOL_HOVER,53123,3/14/2023 1:00:25 PM,b0bc6f05-879c-4538-b0c0-d91f20b0ac39,Needle,999,
TOOL_SELECTED,53127,3/14/2023 1:00:25 PM,b0bc6f05-879c-4538-b0c0-d91f20b0ac39,Needle,998,
INJURY_TREATED,55265,3/14/2023 1:00:28 PM,b0bc6f05-879c-4538-b0c0-d91f20b0ac39,R Chest Collapse,Gary_3 Root,decompress,high,chest,True,False,"(0.0, 0.0, 0.0)",
TOOL_APPLIED,55265,3/14/2023 1:00:28 PM,b0bc6f05-879c-4538-b0c0-d91f20b0ac39,Needle_Decomp(Clone),Needle,Spine1 (UnityEngine.GameObject),cath_needle (UnityEngine.GameObject),right_underarm,Needle_Decomp(Clone) (UnityEngine.GameObject),AppliedDecompNeedle,
VOICE_CAPTURE,58848,3/14/2023 1:00:31 PM,b0bc6f05-879c-4538-b0c0-d91f20b0ac39,sarah i'm gonna needle decompress on this side,NA,
TAG_SELECTED,58912,3/14/2023 1:00:31 PM,b0bc6f05-879c-4538-b0c0-d91f20b0ac39,red,
TAG_APPLIED,59786,3/14/2023 1:00:32 PM,b0bc6f05-879c-4538-b0c0-d91f20b0ac39,Gary_3 Root,red,
BAG_ACCESS,61729,3/14/2023 1:00:34 PM,b0bc6f05-879c-4538-b0c0-d91f20b0ac39,"(1.4, 0.7, 1.5)",
VOICE_CAPTURE,64532,3/14/2023 1:00:37 PM,b0bc6f05-879c-4538-b0c0-d91f20b0ac39,alright breathing a little better and he's gonna be immediate alright,NA,
BAG_CLOSED,65382,3/14/2023 1:00:38 PM,b0bc6f05-879c-4538-b0c0-d91f20b0ac39,"(1.4, 0.7, 1.5)",
TELEPORT,67925,3/14/2023 1:00:40 PM,b0bc6f05-879c-4538-b0c0-d91f20b0ac39,"(1.3, 0.0, -0.3)",
VOICE_CAPTURE,69590,3/14/2023 1:00:42 PM,b0bc6f05-879c-4538-b0c0-d91f20b0ac39,yep teleport to the next one,NA,
VOICE_CAPTURE,73007,3/14/2023 1:00:45 PM,b0bc6f05-879c-4538-b0c0-d91f20b0ac39,OK,NA,
VOICE_CAPTURE,74201,3/14/2023 1:00:47 PM,b0bc6f05-879c-4538-b0c0-d91f20b0ac39,dead,NA,
VOICE_CAPTURE,77887,3/14/2023 1:00:50 PM,b0bc6f05-879c-4538-b0c0-d91f20b0ac39,i yeah i got him,NA,
VOICE_CAPTURE,80639,3/14/2023 1:00:53 PM,b0bc6f05-879c-4538-b0c0-d91f20b0ac39,are you hurt,NA,
VOICE_COMMAND,80639,3/14/2023 1:00:53 PM,b0bc6f05-879c-4538-b0c0-d91f20b0ac39,are you hurt,are you hurt,
PATIENT_ENGAGED,80722,3/14/2023 1:00:53 PM,b0bc6f05-879c-4538-b0c0-d91f20b0ac39,100,0,Gary_9 Root,"(3.0, 0.0, 9.0)","(0.0, 0.9, 0.0, -0.3)",MINIMAL,walker,normal,normal,limited,calm,standing,
VOICE_CAPTURE,82026,3/14/2023 1:00:54 PM,b0bc6f05-879c-4538-b0c0-d91f20b0ac39,i can't understand it must understand him,NA,
VOICE_COMMAND,82026,3/14/2023 1:00:54 PM,b0bc6f05-879c-4538-b0c0-d91f20b0ac39,stand up,i can't understand it must understand him,
PATIENT_ENGAGED,88846,3/14/2023 1:01:01 PM,b0bc6f05-879c-4538-b0c0-d91f20b0ac39,100,Infinity,Gary_1 Root,"(1.6, 0.0, 7.6)","(0.0, 1.0, 0.0, 0.0)",EXPECTANT,still,none,restricted,none,unresponsive,supine,
PULSE_TAKEN,89833,3/14/2023 1:01:02 PM,b0bc6f05-879c-4538-b0c0-d91f20b0ac39,pulse_none,Gary_1 Root,
VOICE_CAPTURE,92826,3/14/2023 1:01:05 PM,b0bc6f05-879c-4538-b0c0-d91f20b0ac39,i can't hear anything alright i'll do some in two seconds this guy,NA,
VOICE_CAPTURE,96566,3/14/2023 1:01:09 PM,b0bc6f05-879c-4538-b0c0-d91f20b0ac39,is in trouble,NA,
PULSE_TAKEN,97047,3/14/2023 1:01:09 PM,b0bc6f05-879c-4538-b0c0-d91f20b0ac39,pulse_none,Gary_1 Root,
VOICE_CAPTURE,103807,3/14/2023 1:01:16 PM,b0bc6f05-879c-4538-b0c0-d91f20b0ac39,am i supposed to get horses i'm not getting any alright,NA,
VOICE_CAPTURE,106168,3/14/2023 1:01:19 PM,b0bc6f05-879c-4538-b0c0-d91f20b0ac39,i'm gonna go,NA,
VOICE_CAPTURE,108585,3/14/2023 1:01:21 PM,b0bc6f05-879c-4538-b0c0-d91f20b0ac39,he's still moving,NA,
TAG_SELECTED,109306,3/14/2023 1:01:22 PM,b0bc6f05-879c-4538-b0c0-d91f20b0ac39,gray,
VOICE_CAPTURE,109969,3/14/2023 1:01:22 PM,b0bc6f05-879c-4538-b0c0-d91f20b0ac39,OK,NA,
TAG_APPLIED,110735,3/14/2023 1:01:23 PM,b0bc6f05-879c-4538-b0c0-d91f20b0ac39,Gary_1 Root,gray,
BAG_ACCESS,116071,3/14/2023 1:01:28 PM,b0bc6f05-879c-4538-b0c0-d91f20b0ac39,"(1.5, 0.7, 8.3)",
PATIENT_ENGAGED,116127,3/14/2023 1:01:28 PM,b0bc6f05-879c-4538-b0c0-d91f20b0ac39,100,0,Gary_9 Root,"(3.0, 0.0, 9.0)","(0.0, 0.9, 0.0, -0.3)",MINIMAL,walker,normal,normal,limited,calm,standing,
VOICE_CAPTURE,118764,3/14/2023 1:01:31 PM,b0bc6f05-879c-4538-b0c0-d91f20b0ac39,yeah alright then we will move on from him because i can't do anything for that head alright this guy,NA,
VOICE_CAPTURE,120264,3/14/2023 1:01:33 PM,b0bc6f05-879c-4538-b0c0-d91f20b0ac39,wave to me,NA,
VOICE_COMMAND,120265,3/14/2023 1:01:33 PM,b0bc6f05-879c-4538-b0c0-d91f20b0ac39,wave if you can,wave to me,
S_A_L_T_WAVE_IF_CAN,120266,3/14/2023 1:01:33 PM,b0bc6f05-879c-4538-b0c0-d91f20b0ac39,"(3.0, 0.0, 4.5)",waveIfCan,Lily_2 Root,
S_A_L_T_WAVED,120266,3/14/2023 1:01:33 PM,b0bc6f05-879c-4538-b0c0-d91f20b0ac39,"(3.0, 0.0, 4.5)",waved,Lily_2 Root,
S_A_L_T_WAVE_IF_CAN,120266,3/14/2023 1:01:33 PM,b0bc6f05-879c-4538-b0c0-d91f20b0ac39,"(1.2, 0.0, 6.2)",waveIfCan,Lily_4 Root,
S_A_L_T_WAVED,120266,3/14/2023 1:01:33 PM,b0bc6f05-879c-4538-b0c0-d91f20b0ac39,"(1.2, 0.0, 6.2)",waved,Lily_4 Root,
S_A_L_T_WAVE_IF_CAN,120267,3/14/2023 1:01:33 PM,b0bc6f05-879c-4538-b0c0-d91f20b0ac39,"(2.7, 0.0, 2.3)",waveIfCan,Mike_5 Root,
S_A_L_T_WAVED,120267,3/14/2023 1:01:33 PM,b0bc6f05-879c-4538-b0c0-d91f20b0ac39,"(2.7, 0.0, 2.3)",waved,Mike_5 Root,
S_A_L_T_WAVE_IF_CAN,120267,3/14/2023 1:01:33 PM,b0bc6f05-879c-4538-b0c0-d91f20b0ac39,"(-1.2, 0.0, 3.1)",waveIfCan,Gloria_6 Root,
S_A_L_T_WAVED,120267,3/14/2023 1:01:33 PM,b0bc6f05-879c-4538-b0c0-d91f20b0ac39,"(-1.2, 0.0, 3.1)",waved,Gloria_6 Root,
S_A_L_T_WAVE_IF_CAN,120267,3/14/2023 1:01:33 PM,b0bc6f05-879c-4538-b0c0-d91f20b0ac39,"(1.3, 0.0, 3.4)",waveIfCan,Mike_7 Root,
S_A_L_T_WAVED,120267,3/14/2023 1:01:33 PM,b0bc6f05-879c-4538-b0c0-d91f20b0ac39,"(1.3, 0.0, 3.4)",waved,Mike_7 Root,
S_A_L_T_WAVE_IF_CAN,120267,3/14/2023 1:01:33 PM,b0bc6f05-879c-4538-b0c0-d91f20b0ac39,"(4.4, 0.0, -4.4)",waveIfCan,Gloria_8 Root,
S_A_L_T_WAVED,120267,3/14/2023 1:01:33 PM,b0bc6f05-879c-4538-b0c0-d91f20b0ac39,"(4.4, 0.0, -4.4)",waved,Gloria_8 Root,
S_A_L_T_WAVE_IF_CAN,120267,3/14/2023 1:01:33 PM,b0bc6f05-879c-4538-b0c0-d91f20b0ac39,"(4.5, 0.0, -3.5)",waveIfCan,Helga_10 Root,
S_A_L_T_WAVED,120267,3/14/2023 1:01:33 PM,b0bc6f05-879c-4538-b0c0-d91f20b0ac39,"(4.5, 0.0, -3.5)",waved,Helga_10 Root,
VOICE_CAPTURE,120600,3/14/2023 1:01:33 PM,b0bc6f05-879c-4538-b0c0-d91f20b0ac39,are you hurt,NA,
VOICE_COMMAND,120600,3/14/2023 1:01:33 PM,b0bc6f05-879c-4538-b0c0-d91f20b0ac39,are you hurt,are you hurt,
VOICE_CAPTURE,125043,3/14/2023 1:01:37 PM,b0bc6f05-879c-4538-b0c0-d91f20b0ac39,are you hurt,NA,
VOICE_COMMAND,125043,3/14/2023 1:01:37 PM,b0bc6f05-879c-4538-b0c0-d91f20b0ac39,are you hurt,are you hurt,
VOICE_CAPTURE,127161,3/14/2023 1:01:40 PM,b0bc6f05-879c-4538-b0c0-d91f20b0ac39,anything on your,NA,
TAG_SELECTED,130776,3/14/2023 1:01:43 PM,b0bc6f05-879c-4538-b0c0-d91f20b0ac39,green,
VOICE_CAPTURE,132483,3/14/2023 1:01:45 PM,b0bc6f05-879c-4538-b0c0-d91f20b0ac39,can i can i walk him over to our friends over there,NA,
VOICE_COMMAND,132483,3/14/2023 1:01:45 PM,b0bc6f05-879c-4538-b0c0-d91f20b0ac39,walk to the safe area,can i can i walk him over to our friends over there,
S_A_L_T_WALK_IF_CAN,132485,3/14/2023 1:01:45 PM,b0bc6f05-879c-4538-b0c0-d91f20b0ac39,"(3.0, 0.0, 4.5)",walkIfCan,Lily_2 Root,
S_A_L_T_WALK_IF_CAN,132485,3/14/2023 1:01:45 PM,b0bc6f05-879c-4538-b0c0-d91f20b0ac39,"(1.2, 0.0, 6.2)",walkIfCan,Lily_4 Root,
S_A_L_T_WALK_IF_CAN,132485,3/14/2023 1:01:45 PM,b0bc6f05-879c-4538-b0c0-d91f20b0ac39,"(2.7, 0.0, 2.3)",walkIfCan,Mike_5 Root,
S_A_L_T_WALK_IF_CAN,132485,3/14/2023 1:01:45 PM,b0bc6f05-879c-4538-b0c0-d91f20b0ac39,"(-1.2, 0.0, 3.1)",walkIfCan,Gloria_6 Root,
S_A_L_T_WALK_IF_CAN,132485,3/14/2023 1:01:45 PM,b0bc6f05-879c-4538-b0c0-d91f20b0ac39,"(1.3, 0.0, 3.4)",walkIfCan,Mike_7 Root,
S_A_L_T_WALK_IF_CAN,132486,3/14/2023 1:01:45 PM,b0bc6f05-879c-4538-b0c0-d91f20b0ac39,"(4.4, 0.0, -4.4)",walkIfCan,Gloria_8 Root,
S_A_L_T_WALKED,132486,3/14/2023 1:01:45 PM,b0bc6f05-879c-4538-b0c0-d91f20b0ac39,"(4.4, 0.0, -4.4)",walked,Gloria_8 Root,
S_A_L_T_WALK_IF_CAN,132486,3/14/2023 1:01:45 PM,b0bc6f05-879c-4538-b0c0-d91f20b0ac39,"(4.5, 0.0, -3.5)",walkIfCan,Helga_10 Root,
S_A_L_T_WALKED,132486,3/14/2023 1:01:45 PM,b0bc6f05-879c-4538-b0c0-d91f20b0ac39,"(4.5, 0.0, -3.5)",walked,Helga_10 Root,
TAG_APPLIED,132596,3/14/2023 1:01:45 PM,b0bc6f05-879c-4538-b0c0-d91f20b0ac39,Gary_9 Root,green,
VOICE_CAPTURE,134179,3/14/2023 1:01:47 PM,b0bc6f05-879c-4538-b0c0-d91f20b0ac39,OK,NA,
VOICE_CAPTURE,135291,3/14/2023 1:01:48 PM,b0bc6f05-879c-4538-b0c0-d91f20b0ac39,there you go,NA,
BAG_CLOSED,138152,3/14/2023 1:01:51 PM,b0bc6f05-879c-4538-b0c0-d91f20b0ac39,"(1.5, 0.7, 8.3)",
TELEPORT,138152,3/14/2023 1:01:51 PM,b0bc6f05-879c-4538-b0c0-d91f20b0ac39,"(2.0, 0.0, 7.8)",
TELEPORT,138931,3/14/2023 1:01:51 PM,b0bc6f05-879c-4538-b0c0-d91f20b0ac39,"(1.9, 0.0, 7.6)",
VOICE_CAPTURE,142011,3/14/2023 1:01:54 PM,b0bc6f05-879c-4538-b0c0-d91f20b0ac39,not super urgent friend alright i'm gonna probably go,NA,
TAG_SELECTED,144025,3/14/2023 1:01:56 PM,b0bc6f05-879c-4538-b0c0-d91f20b0ac39,black,
PATIENT_ENGAGED,145344,3/14/2023 1:01:58 PM,b0bc6f05-879c-4538-b0c0-d91f20b0ac39,100,Infinity,Bob_0 Root,"(-1.7, 0.0, 5.6)","(0.0, 0.7, 0.0, 0.7)",DEAD,still,none,none,none,dead,supine,
VOICE_CAPTURE,145506,3/14/2023 1:01:58 PM,b0bc6f05-879c-4538-b0c0-d91f20b0ac39,man we will give this guy,NA,
TAG_DISCARDED,145932,3/14/2023 1:01:58 PM,b0bc6f05-879c-4538-b0c0-d91f20b0ac39,black,"(-1.4, 1.0, 5.5)",
PULSE_TAKEN,147182,3/14/2023 1:02:00 PM,b0bc6f05-879c-4538-b0c0-d91f20b0ac39,pulse_none,Bob_0 Root,
VOICE_CAPTURE,148914,3/14/2023 1:02:01 PM,b0bc6f05-879c-4538-b0c0-d91f20b0ac39,tag well take his balls,NA,
TAG_SELECTED,149667,3/14/2023 1:02:02 PM,b0bc6f05-879c-4538-b0c0-d91f20b0ac39,green,
TAG_APPLIED,151082,3/14/2023 1:02:03 PM,b0bc6f05-879c-4538-b0c0-d91f20b0ac39,Bob_0 Root,green,
TAG_SELECTED,152960,3/14/2023 1:02:05 PM,b0bc6f05-879c-4538-b0c0-d91f20b0ac39,black,
TAG_APPLIED,154181,3/14/2023 1:02:07 PM,b0bc6f05-879c-4538-b0c0-d91f20b0ac39,Bob_0 Root,black,
VOICE_CAPTURE,157155,3/14/2023 1:02:10 PM,b0bc6f05-879c-4538-b0c0-d91f20b0ac39,oh yep that is not supposed to be green alright,NA,
BAG_ACCESS,157377,3/14/2023 1:02:10 PM,b0bc6f05-879c-4538-b0c0-d91f20b0ac39,"(-0.9, 0.7, 5.3)",
VOICE_CAPTURE,162306,3/14/2023 1:02:15 PM,b0bc6f05-879c-4538-b0c0-d91f20b0ac39,can anybody else not wave at me,NA,
VOICE_COMMAND,162306,3/14/2023 1:02:15 PM,b0bc6f05-879c-4538-b0c0-d91f20b0ac39,wave if you can,can anybody else not wave at me,
S_A_L_T_WAVE_IF_CAN,162308,3/14/2023 1:02:15 PM,b0bc6f05-879c-4538-b0c0-d91f20b0ac39,"(3.0, 0.0, 4.5)",waveIfCan,Lily_2 Root,
S_A_L_T_WAVED,162308,3/14/2023 1:02:15 PM,b0bc6f05-879c-4538-b0c0-d91f20b0ac39,"(3.0, 0.0, 4.5)",waved,Lily_2 Root,
S_A_L_T_WAVE_IF_CAN,162308,3/14/2023 1:02:15 PM,b0bc6f05-879c-4538-b0c0-d91f20b0ac39,"(1.2, 0.0, 6.2)",waveIfCan,Lily_4 Root,
S_A_L_T_WAVED,162308,3/14/2023 1:02:15 PM,b0bc6f05-879c-4538-b0c0-d91f20b0ac39,"(1.2, 0.0, 6.2)",waved,Lily_4 Root,
S_A_L_T_WAVE_IF_CAN,162308,3/14/2023 1:02:15 PM,b0bc6f05-879c-4538-b0c0-d91f20b0ac39,"(2.7, 0.0, 2.3)",waveIfCan,Mike_5 Root,
S_A_L_T_WAVED,162308,3/14/2023 1:02:15 PM,b0bc6f05-879c-4538-b0c0-d91f20b0ac39,"(2.7, 0.0, 2.3)",waved,Mike_5 Root,
S_A_L_T_WAVE_IF_CAN,162308,3/14/2023 1:02:15 PM,b0bc6f05-879c-4538-b0c0-d91f20b0ac39,"(-1.2, 0.0, 3.1)",waveIfCan,Gloria_6 Root,
S_A_L_T_WAVED,162308,3/14/2023 1:02:15 PM,b0bc6f05-879c-4538-b0c0-d91f20b0ac39,"(-1.2, 0.0, 3.1)",waved,Gloria_6 Root,
S_A_L_T_WAVE_IF_CAN,162308,3/14/2023 1:02:15 PM,b0bc6f05-879c-4538-b0c0-d91f20b0ac39,"(1.3, 0.0, 3.4)",waveIfCan,Mike_7 Root,
S_A_L_T_WAVED,162308,3/14/2023 1:02:15 PM,b0bc6f05-879c-4538-b0c0-d91f20b0ac39,"(1.3, 0.0, 3.4)",waved,Mike_7 Root,
S_A_L_T_WAVE_IF_CAN,162308,3/14/2023 1:02:15 PM,b0bc6f05-879c-4538-b0c0-d91f20b0ac39,"(4.4, 0.0, -4.4)",waveIfCan,Gloria_8 Root,
S_A_L_T_WAVED,162308,3/14/2023 1:02:15 PM,b0bc6f05-879c-4538-b0c0-d91f20b0ac39,"(4.4, 0.0, -4.4)",waved,Gloria_8 Root,
S_A_L_T_WAVE_IF_CAN,162308,3/14/2023 1:02:15 PM,b0bc6f05-879c-4538-b0c0-d91f20b0ac39,"(4.5, 0.0, -3.5)",waveIfCan,Helga_10 Root,
S_A_L_T_WAVED,162308,3/14/2023 1:02:15 PM,b0bc6f05-879c-4538-b0c0-d91f20b0ac39,"(4.5, 0.0, -3.5)",waved,Helga_10 Root,
VOICE_CAPTURE,162918,3/14/2023 1:02:15 PM,b0bc6f05-879c-4538-b0c0-d91f20b0ac39,wave,NA,
VOICE_COMMAND,162918,3/14/2023 1:02:15 PM,b0bc6f05-879c-4538-b0c0-d91f20b0ac39,wave if you can,wave,
VOICE_CAPTURE,164478,3/14/2023 1:02:17 PM,b0bc6f05-879c-4538-b0c0-d91f20b0ac39,OK wait if you can,NA,
BAG_CLOSED,167284,3/14/2023 1:02:20 PM,b0bc6f05-879c-4538-b0c0-d91f20b0ac39,"(-0.9, 0.7, 5.3)",
TELEPORT,167284,3/14/2023 1:02:20 PM,b0bc6f05-879c-4538-b0c0-d91f20b0ac39,"(-0.7, 0.0, 4.7)",
PATIENT_ENGAGED,169979,3/14/2023 1:02:22 PM,b0bc6f05-879c-4538-b0c0-d91f20b0ac39,100,Infinity,Lily_2 Root,"(3.0, 0.0, 4.5)","(0.0, 1.0, 0.0, 0.0)",IMMEDIATE,waver,fast,fast,normal,agony,fetal,
VOICE_CAPTURE,170810,3/14/2023 1:02:23 PM,b0bc6f05-879c-4538-b0c0-d91f20b0ac39,everybody's waving but i think this one looks pretty bad,NA,
TOOL_HOVER,176980,3/14/2023 1:02:29 PM,b0bc6f05-879c-4538-b0c0-d91f20b0ac39,Tourniquet,999,
TOOL_HOVER,177008,3/14/2023 1:02:29 PM,b0bc6f05-879c-4538-b0c0-d91f20b0ac39,Tourniquet,999,
TOOL_HOVER,177036,3/14/2023 1:02:29 PM,b0bc6f05-879c-4538-b0c0-d91f20b0ac39,Tourniquet,999,
TOOL_SELECTED,177038,3/14/2023 1:02:29 PM,b0bc6f05-879c-4538-b0c0-d91f20b0ac39,Tourniquet,998,
VOICE_CAPTURE,177617,3/14/2023 1:02:30 PM,b0bc6f05-879c-4538-b0c0-d91f20b0ac39,yep i see you're like alright we're just gonna turn akit that real quick,NA,
TOOL_APPLIED,179844,3/14/2023 1:02:32 PM,b0bc6f05-879c-4538-b0c0-d91f20b0ac39,Lily_2 Root,Tourniquet,LeftUpLeg (UnityEngine.GameObject),tor_ring (1) (UnityEngine.GameObject),tourniquet(Clone) (UnityEngine.GameObject),AppliedTourniquet,
PULSE_TAKEN,180757,3/14/2023 1:02:33 PM,b0bc6f05-879c-4538-b0c0-d91f20b0ac39,pulse_fast,Lily_2 Root,
TOOL_HOVER,183786,3/14/2023 1:02:36 PM,b0bc6f05-879c-4538-b0c0-d91f20b0ac39,Tourniquet,998,
TOOL_HOVER,183814,3/14/2023 1:02:36 PM,b0bc6f05-879c-4538-b0c0-d91f20b0ac39,Tourniquet,998,
TOOL_HOVER,183841,3/14/2023 1:02:36 PM,b0bc6f05-879c-4538-b0c0-d91f20b0ac39,Tourniquet,998,
TOOL_HOVER,183869,3/14/2023 1:02:36 PM,b0bc6f05-879c-4538-b0c0-d91f20b0ac39,Tourniquet,998,
TOOL_HOVER,183897,3/14/2023 1:02:36 PM,b0bc6f05-879c-4538-b0c0-d91f20b0ac39,Tourniquet,998,
TOOL_HOVER,183925,3/14/2023 1:02:36 PM,b0bc6f05-879c-4538-b0c0-d91f20b0ac39,Tourniquet,998,
TOOL_HOVER,183954,3/14/2023 1:02:36 PM,b0bc6f05-879c-4538-b0c0-d91f20b0ac39,Tourniquet,998,
TOOL_HOVER,183982,3/14/2023 1:02:36 PM,b0bc6f05-879c-4538-b0c0-d91f20b0ac39,Tourniquet,998,
TOOL_SELECTED,183984,3/14/2023 1:02:36 PM,b0bc6f05-879c-4538-b0c0-d91f20b0ac39,Tourniquet,997,
VOICE_CAPTURE,184034,3/14/2023 1:02:36 PM,b0bc6f05-879c-4538-b0c0-d91f20b0ac39,nope that's the wrong leg,NA,
INJURY_TREATED,185625,3/14/2023 1:02:38 PM,b0bc6f05-879c-4538-b0c0-d91f20b0ac39,R Shin Amputation,Lily_2 Root,tourniquet,high,rightLeg,True,False,"(3.3, 0.1, 4.2)",
TOOL_APPLIED,185626,3/14/2023 1:02:38 PM,b0bc6f05-879c-4538-b0c0-d91f20b0ac39,Lily_2 Root,Tourniquet,RightUpLeg (UnityEngine.GameObject),tor_ring (1) (UnityEngine.GameObject),tourniquet(Clone) (UnityEngine.GameObject),AppliedTourniquet,
VOICE_CAPTURE,186252,3/14/2023 1:02:39 PM,b0bc6f05-879c-4538-b0c0-d91f20b0ac39,OK,NA,
TAG_SELECTED,188589,3/14/2023 1:02:41 PM,b0bc6f05-879c-4538-b0c0-d91f20b0ac39,yellow,
TAG_APPLIED,189922,3/14/2023 1:02:42 PM,b0bc6f05-879c-4538-b0c0-d91f20b0ac39,Lily_2 Root,yellow,
VOICE_CAPTURE,191766,3/14/2023 1:02:44 PM,b0bc6f05-879c-4538-b0c0-d91f20b0ac39,alright that stopped bleeding so you can be delayed,NA,
VOICE_CAPTURE,195017,3/14/2023 1:02:47 PM,b0bc6f05-879c-4538-b0c0-d91f20b0ac39,wish i could give you some pain meds alright,NA,
TELEPORT,203005,3/14/2023 1:02:55 PM,b0bc6f05-879c-4538-b0c0-d91f20b0ac39,"(2.6, 0.0, 4.2)",
VOICE_CAPTURE,203412,3/14/2023 1:02:56 PM,b0bc6f05-879c-4538-b0c0-d91f20b0ac39,alright who looks bad you look wow strangely evil,NA,
BAG_ACCESS,204512,3/14/2023 1:02:57 PM,b0bc6f05-879c-4538-b0c0-d91f20b0ac39,"(2.2, 0.8, 4.2)",
PATIENT_ENGAGED,205539,3/14/2023 1:02:58 PM,b0bc6f05-879c-4538-b0c0-d91f20b0ac39,100,Infinity,Mike_7 Root,"(1.3, 0.0, 3.4)","(0.0, 0.1, 0.0, 1.0)",DELAYED,waver,fast,normal,normal,upset,sittingGround,
VOICE_CAPTURE,205869,3/14/2023 1:02:58 PM,b0bc6f05-879c-4538-b0c0-d91f20b0ac39,wanna come right to the sky,NA,
PULSE_TAKEN,211420,3/14/2023 1:03:04 PM,b0bc6f05-879c-4538-b0c0-d91f20b0ac39,pulse_fast,Mike_7 Root,
VOICE_CAPTURE,215506,3/14/2023 1:03:08 PM,b0bc6f05-879c-4538-b0c0-d91f20b0ac39,alright that is gushing so we're gonna stop that blade well i guess we can take just my we can't take distal pulses can we,NA,
TOOL_HOVER,216589,3/14/2023 1:03:09 PM,b0bc6f05-879c-4538-b0c0-d91f20b0ac39,Hemostatic Gauze,999,
TOOL_HOVER,216617,3/14/2023 1:03:09 PM,b0bc6f05-879c-4538-b0c0-d91f20b0ac39,Hemostatic Gauze,999,
TOOL_HOVER,216645,3/14/2023 1:03:09 PM,b0bc6f05-879c-4538-b0c0-d91f20b0ac39,Hemostatic Gauze,999,
TOOL_HOVER,216673,3/14/2023 1:03:09 PM,b0bc6f05-879c-4538-b0c0-d91f20b0ac39,Hemostatic Gauze,999,
TOOL_HOVER,216700,3/14/2023 1:03:09 PM,b0bc6f05-879c-4538-b0c0-d91f20b0ac39,Hemostatic Gauze,999,
TOOL_SELECTED,216702,3/14/2023 1:03:09 PM,b0bc6f05-879c-4538-b0c0-d91f20b0ac39,Hemostatic Gauze,998,
TOOL_DISCARDED,218284,3/14/2023 1:03:11 PM,b0bc6f05-879c-4538-b0c0-d91f20b0ac39,Hemostatic Gauze,998,"(0.7, 0.1, 3.6)",
INJURY_TREATED,218285,3/14/2023 1:03:11 PM,b0bc6f05-879c-4538-b0c0-d91f20b0ac39,L Thigh Puncture,Mike_7 Root,tourniquet,medium,leftLeg,False,True,"(0.7, 0.1, 3.5)",
TOOL_APPLIED,218285,3/14/2023 1:03:11 PM,b0bc6f05-879c-4538-b0c0-d91f20b0ac39,Mike_7 Root,Gauze_Pack,skinCollider_BodyCollideLOD (UnityEngine.GameObject),null,null,AppliedPackingGauze,
VOICE_CAPTURE,219643,3/14/2023 1:03:12 PM,b0bc6f05-879c-4538-b0c0-d91f20b0ac39,and then i'll pack that,NA,
TOOL_HOVER,220895,3/14/2023 1:03:13 PM,b0bc6f05-879c-4538-b0c0-d91f20b0ac39,Gauze,999,
TOOL_HOVER,220922,3/14/2023 1:03:13 PM,b0bc6f05-879c-4538-b0c0-d91f20b0ac39,Gauze,999,
TOOL_HOVER,220951,3/14/2023 1:03:13 PM,b0bc6f05-879c-4538-b0c0-d91f20b0ac39,Gauze,999,
TOOL_HOVER,220978,3/14/2023 1:03:13 PM,b0bc6f05-879c-4538-b0c0-d91f20b0ac39,Gauze,999,
TOOL_HOVER,221005,3/14/2023 1:03:13 PM,b0bc6f05-879c-4538-b0c0-d91f20b0ac39,Gauze,999,
TOOL_HOVER,221034,3/14/2023 1:03:13 PM,b0bc6f05-879c-4538-b0c0-d91f20b0ac39,Gauze,999,
TOOL_HOVER,221061,3/14/2023 1:03:13 PM,b0bc6f05-879c-4538-b0c0-d91f20b0ac39,Gauze,999,
TOOL_HOVER,221088,3/14/2023 1:03:13 PM,b0bc6f05-879c-4538-b0c0-d91f20b0ac39,Gauze,999,
TOOL_HOVER,221117,3/14/2023 1:03:13 PM,b0bc6f05-879c-4538-b0c0-d91f20b0ac39,Gauze,999,
TOOL_HOVER,221144,3/14/2023 1:03:14 PM,b0bc6f05-879c-4538-b0c0-d91f20b0ac39,Gauze,999,
TOOL_HOVER,221172,3/14/2023 1:03:14 PM,b0bc6f05-879c-4538-b0c0-d91f20b0ac39,Tourniquet,997,
TOOL_HOVER,221199,3/14/2023 1:03:14 PM,b0bc6f05-879c-4538-b0c0-d91f20b0ac39,Tourniquet,997,
TOOL_HOVER,221227,3/14/2023 1:03:14 PM,b0bc6f05-879c-4538-b0c0-d91f20b0ac39,Tourniquet,997,
TOOL_HOVER,221254,3/14/2023 1:03:14 PM,b0bc6f05-879c-4538-b0c0-d91f20b0ac39,Tourniquet,997,
TOOL_HOVER,221283,3/14/2023 1:03:14 PM,b0bc6f05-879c-4538-b0c0-d91f20b0ac39,Tourniquet,997,
TOOL_HOVER,221310,3/14/2023 1:03:14 PM,b0bc6f05-879c-4538-b0c0-d91f20b0ac39,Tourniquet,997,
TOOL_HOVER,221338,3/14/2023 1:03:14 PM,b0bc6f05-879c-4538-b0c0-d91f20b0ac39,Tourniquet,997,
TOOL_HOVER,221366,3/14/2023 1:03:14 PM,b0bc6f05-879c-4538-b0c0-d91f20b0ac39,Tourniquet,997,
TOOL_HOVER,221394,3/14/2023 1:03:14 PM,b0bc6f05-879c-4538-b0c0-d91f20b0ac39,Tourniquet,997,
TOOL_HOVER,221421,3/14/2023 1:03:14 PM,b0bc6f05-879c-4538-b0c0-d91f20b0ac39,Tourniquet,997,
TOOL_HOVER,221449,3/14/2023 1:03:14 PM,b0bc6f05-879c-4538-b0c0-d91f20b0ac39,Tourniquet,997,
TOOL_HOVER,221477,3/14/2023 1:03:14 PM,b0bc6f05-879c-4538-b0c0-d91f20b0ac39,Tourniquet,997,
TOOL_HOVER,221504,3/14/2023 1:03:14 PM,b0bc6f05-879c-4538-b0c0-d91f20b0ac39,Tourniquet,997,
TOOL_HOVER,221533,3/14/2023 1:03:14 PM,b0bc6f05-879c-4538-b0c0-d91f20b0ac39,Tourniquet,997,
TOOL_HOVER,221561,3/14/2023 1:03:14 PM,b0bc6f05-879c-4538-b0c0-d91f20b0ac39,Tourniquet,997,
TOOL_HOVER,221588,3/14/2023 1:03:14 PM,b0bc6f05-879c-4538-b0c0-d91f20b0ac39,Tourniquet,997,
TOOL_HOVER,221618,3/14/2023 1:03:14 PM,b0bc6f05-879c-4538-b0c0-d91f20b0ac39,Tourniquet,997,
TOOL_HOVER,221645,3/14/2023 1:03:14 PM,b0bc6f05-879c-4538-b0c0-d91f20b0ac39,Tourniquet,997,
TOOL_HOVER,221673,3/14/2023 1:03:14 PM,b0bc6f05-879c-4538-b0c0-d91f20b0ac39,Tourniquet,997,
TOOL_HOVER,221701,3/14/2023 1:03:14 PM,b0bc6f05-879c-4538-b0c0-d91f20b0ac39,Tourniquet,997,
TOOL_HOVER,221728,3/14/2023 1:03:14 PM,b0bc6f05-879c-4538-b0c0-d91f20b0ac39,Tourniquet,997,
TOOL_HOVER,221755,3/14/2023 1:03:14 PM,b0bc6f05-879c-4538-b0c0-d91f20b0ac39,Tourniquet,997,
TOOL_HOVER,221783,3/14/2023 1:03:14 PM,b0bc6f05-879c-4538-b0c0-d91f20b0ac39,Tourniquet,997,
TOOL_HOVER,221812,3/14/2023 1:03:14 PM,b0bc6f05-879c-4538-b0c0-d91f20b0ac39,Tourniquet,997,
TOOL_HOVER,221839,3/14/2023 1:03:14 PM,b0bc6f05-879c-4538-b0c0-d91f20b0ac39,Tourniquet,997,
TOOL_HOVER,221866,3/14/2023 1:03:14 PM,b0bc6f05-879c-4538-b0c0-d91f20b0ac39,Tourniquet,997,
TOOL_HOVER,221895,3/14/2023 1:03:14 PM,b0bc6f05-879c-4538-b0c0-d91f20b0ac39,Tourniquet,997,
TOOL_HOVER,221922,3/14/2023 1:03:14 PM,b0bc6f05-879c-4538-b0c0-d91f20b0ac39,Tourniquet,997,
TOOL_HOVER,221950,3/14/2023 1:03:14 PM,b0bc6f05-879c-4538-b0c0-d91f20b0ac39,Tourniquet,997,
TOOL_HOVER,221979,3/14/2023 1:03:14 PM,b0bc6f05-879c-4538-b0c0-d91f20b0ac39,Tourniquet,997,
TOOL_HOVER,222005,3/14/2023 1:03:14 PM,b0bc6f05-879c-4538-b0c0-d91f20b0ac39,Tourniquet,997,
TOOL_HOVER,222034,3/14/2023 1:03:14 PM,b0bc6f05-879c-4538-b0c0-d91f20b0ac39,Tourniquet,997,
TOOL_HOVER,222061,3/14/2023 1:03:14 PM,b0bc6f05-879c-4538-b0c0-d91f20b0ac39,Tourniquet,997,
TOOL_HOVER,222089,3/14/2023 1:03:14 PM,b0bc6f05-879c-4538-b0c0-d91f20b0ac39,Gauze,999,
TOOL_HOVER,222119,3/14/2023 1:03:14 PM,b0bc6f05-879c-4538-b0c0-d91f20b0ac39,Gauze,999,
TOOL_HOVER,222146,3/14/2023 1:03:15 PM,b0bc6f05-879c-4538-b0c0-d91f20b0ac39,Gauze,999,
TOOL_HOVER,222173,3/14/2023 1:03:15 PM,b0bc6f05-879c-4538-b0c0-d91f20b0ac39,Gauze,999,
TOOL_HOVER,222201,3/14/2023 1:03:15 PM,b0bc6f05-879c-4538-b0c0-d91f20b0ac39,Gauze,999,
TOOL_HOVER,222228,3/14/2023 1:03:15 PM,b0bc6f05-879c-4538-b0c0-d91f20b0ac39,Gauze,999,
TOOL_HOVER,222256,3/14/2023 1:03:15 PM,b0bc6f05-879c-4538-b0c0-d91f20b0ac39,Gauze,999,
TOOL_HOVER,222283,3/14/2023 1:03:15 PM,b0bc6f05-879c-4538-b0c0-d91f20b0ac39,Tourniquet,997,
TOOL_HOVER,222312,3/14/2023 1:03:15 PM,b0bc6f05-879c-4538-b0c0-d91f20b0ac39,Tourniquet,997,
TOOL_HOVER,222339,3/14/2023 1:03:15 PM,b0bc6f05-879c-4538-b0c0-d91f20b0ac39,Tourniquet,997,
TOOL_HOVER,222367,3/14/2023 1:03:15 PM,b0bc6f05-879c-4538-b0c0-d91f20b0ac39,Tourniquet,997,
TOOL_HOVER,222395,3/14/2023 1:03:15 PM,b0bc6f05-879c-4538-b0c0-d91f20b0ac39,Tourniquet,997,
TOOL_HOVER,222422,3/14/2023 1:03:15 PM,b0bc6f05-879c-4538-b0c0-d91f20b0ac39,Tourniquet,997,
TOOL_HOVER,222451,3/14/2023 1:03:15 PM,b0bc6f05-879c-4538-b0c0-d91f20b0ac39,Tourniquet,997,
TOOL_HOVER,222478,3/14/2023 1:03:15 PM,b0bc6f05-879c-4538-b0c0-d91f20b0ac39,Tourniquet,997,
TOOL_HOVER,222506,3/14/2023 1:03:15 PM,b0bc6f05-879c-4538-b0c0-d91f20b0ac39,Tourniquet,997,
TOOL_HOVER,222533,3/14/2023 1:03:15 PM,b0bc6f05-879c-4538-b0c0-d91f20b0ac39,Tourniquet,997,
TOOL_HOVER,222562,3/14/2023 1:03:15 PM,b0bc6f05-879c-4538-b0c0-d91f20b0ac39,Tourniquet,997,
TOOL_HOVER,222589,3/14/2023 1:03:15 PM,b0bc6f05-879c-4538-b0c0-d91f20b0ac39,Tourniquet,997,
TOOL_HOVER,222617,3/14/2023 1:03:15 PM,b0bc6f05-879c-4538-b0c0-d91f20b0ac39,Tourniquet,997,
TOOL_HOVER,222645,3/14/2023 1:03:15 PM,b0bc6f05-879c-4538-b0c0-d91f20b0ac39,Tourniquet,997,
VOICE_CAPTURE,224392,3/14/2023 1:03:17 PM,b0bc6f05-879c-4538-b0c0-d91f20b0ac39,that's not working so,NA,
TOOL_HOVER,224783,3/14/2023 1:03:17 PM,b0bc6f05-879c-4538-b0c0-d91f20b0ac39,Gauze,999,
TOOL_HOVER,224811,3/14/2023 1:03:17 PM,b0bc6f05-879c-4538-b0c0-d91f20b0ac39,Gauze,999,
TOOL_HOVER,224839,3/14/2023 1:03:17 PM,b0bc6f05-879c-4538-b0c0-d91f20b0ac39,Gauze,999,
TOOL_HOVER,224867,3/14/2023 1:03:17 PM,b0bc6f05-879c-4538-b0c0-d91f20b0ac39,Gauze,999,
TOOL_HOVER,224895,3/14/2023 1:03:17 PM,b0bc6f05-879c-4538-b0c0-d91f20b0ac39,Gauze,999,
TOOL_HOVER,224922,3/14/2023 1:03:17 PM,b0bc6f05-879c-4538-b0c0-d91f20b0ac39,Gauze,999,
TOOL_HOVER,224951,3/14/2023 1:03:17 PM,b0bc6f05-879c-4538-b0c0-d91f20b0ac39,Gauze,999,
TOOL_HOVER,224978,3/14/2023 1:03:17 PM,b0bc6f05-879c-4538-b0c0-d91f20b0ac39,Gauze,999,
TOOL_HOVER,225006,3/14/2023 1:03:17 PM,b0bc6f05-879c-4538-b0c0-d91f20b0ac39,Gauze,999,
TOOL_HOVER,225034,3/14/2023 1:03:17 PM,b0bc6f05-879c-4538-b0c0-d91f20b0ac39,Gauze,999,
TOOL_HOVER,225061,3/14/2023 1:03:17 PM,b0bc6f05-879c-4538-b0c0-d91f20b0ac39,Gauze,999,
TOOL_HOVER,225088,3/14/2023 1:03:17 PM,b0bc6f05-879c-4538-b0c0-d91f20b0ac39,Gauze,999,
TOOL_HOVER,225117,3/14/2023 1:03:17 PM,b0bc6f05-879c-4538-b0c0-d91f20b0ac39,Gauze,999,
TOOL_HOVER,225144,3/14/2023 1:03:18 PM,b0bc6f05-879c-4538-b0c0-d91f20b0ac39,Gauze,999,
TOOL_HOVER,225172,3/14/2023 1:03:18 PM,b0bc6f05-879c-4538-b0c0-d91f20b0ac39,Gauze,999,
TOOL_HOVER,225199,3/14/2023 1:03:18 PM,b0bc6f05-879c-4538-b0c0-d91f20b0ac39,Gauze,999,
TOOL_HOVER,225228,3/14/2023 1:03:18 PM,b0bc6f05-879c-4538-b0c0-d91f20b0ac39,Gauze,999,
TOOL_HOVER,225255,3/14/2023 1:03:18 PM,b0bc6f05-879c-4538-b0c0-d91f20b0ac39,Gauze,999,
TOOL_HOVER,225283,3/14/2023 1:03:18 PM,b0bc6f05-879c-4538-b0c0-d91f20b0ac39,Gauze,999,
TOOL_HOVER,225312,3/14/2023 1:03:18 PM,b0bc6f05-879c-4538-b0c0-d91f20b0ac39,Gauze,999,
TOOL_HOVER,225338,3/14/2023 1:03:18 PM,b0bc6f05-879c-4538-b0c0-d91f20b0ac39,Gauze,999,
TOOL_HOVER,225367,3/14/2023 1:03:18 PM,b0bc6f05-879c-4538-b0c0-d91f20b0ac39,Gauze,999,
TOOL_HOVER,225395,3/14/2023 1:03:18 PM,b0bc6f05-879c-4538-b0c0-d91f20b0ac39,Gauze,999,
TOOL_HOVER,225422,3/14/2023 1:03:18 PM,b0bc6f05-879c-4538-b0c0-d91f20b0ac39,Gauze,999,
TOOL_HOVER,225450,3/14/2023 1:03:18 PM,b0bc6f05-879c-4538-b0c0-d91f20b0ac39,Gauze,999,
TOOL_HOVER,225478,3/14/2023 1:03:18 PM,b0bc6f05-879c-4538-b0c0-d91f20b0ac39,Gauze,999,
TOOL_HOVER,225505,3/14/2023 1:03:18 PM,b0bc6f05-879c-4538-b0c0-d91f20b0ac39,Gauze,999,
TOOL_HOVER,225534,3/14/2023 1:03:18 PM,b0bc6f05-879c-4538-b0c0-d91f20b0ac39,Gauze,999,
TOOL_HOVER,225561,3/14/2023 1:03:18 PM,b0bc6f05-879c-4538-b0c0-d91f20b0ac39,Gauze,999,
TOOL_HOVER,225589,3/14/2023 1:03:18 PM,b0bc6f05-879c-4538-b0c0-d91f20b0ac39,Gauze,999,
TOOL_HOVER,225617,3/14/2023 1:03:18 PM,b0bc6f05-879c-4538-b0c0-d91f20b0ac39,Gauze,999,
TOOL_HOVER,225644,3/14/2023 1:03:18 PM,b0bc6f05-879c-4538-b0c0-d91f20b0ac39,Gauze,999,
TOOL_HOVER,225672,3/14/2023 1:03:18 PM,b0bc6f05-879c-4538-b0c0-d91f20b0ac39,Gauze,999,
TOOL_HOVER,225699,3/14/2023 1:03:18 PM,b0bc6f05-879c-4538-b0c0-d91f20b0ac39,Gauze,999,
TOOL_HOVER,225727,3/14/2023 1:03:18 PM,b0bc6f05-879c-4538-b0c0-d91f20b0ac39,Gauze,999,
TOOL_HOVER,225754,3/14/2023 1:03:18 PM,b0bc6f05-879c-4538-b0c0-d91f20b0ac39,Gauze,999,
TOOL_HOVER,225782,3/14/2023 1:03:18 PM,b0bc6f05-879c-4538-b0c0-d91f20b0ac39,Gauze,999,
TOOL_HOVER,225811,3/14/2023 1:03:18 PM,b0bc6f05-879c-4538-b0c0-d91f20b0ac39,Gauze,999,
TOOL_HOVER,225838,3/14/2023 1:03:18 PM,b0bc6f05-879c-4538-b0c0-d91f20b0ac39,Gauze,999,
TOOL_HOVER,225866,3/14/2023 1:03:18 PM,b0bc6f05-879c-4538-b0c0-d91f20b0ac39,Gauze,999,
TOOL_HOVER,225894,3/14/2023 1:03:18 PM,b0bc6f05-879c-4538-b0c0-d91f20b0ac39,Tourniquet,997,
TOOL_HOVER,225921,3/14/2023 1:03:18 PM,b0bc6f05-879c-4538-b0c0-d91f20b0ac39,Tourniquet,997,
TOOL_HOVER,225949,3/14/2023 1:03:18 PM,b0bc6f05-879c-4538-b0c0-d91f20b0ac39,Tourniquet,997,
TOOL_HOVER,225978,3/14/2023 1:03:18 PM,b0bc6f05-879c-4538-b0c0-d91f20b0ac39,Tourniquet,997,
TOOL_HOVER,226004,3/14/2023 1:03:18 PM,b0bc6f05-879c-4538-b0c0-d91f20b0ac39,Tourniquet,997,
TOOL_SELECTED,226006,3/14/2023 1:03:18 PM,b0bc6f05-879c-4538-b0c0-d91f20b0ac39,Tourniquet,996,
VOICE_CAPTURE,226782,3/14/2023 1:03:19 PM,b0bc6f05-879c-4538-b0c0-d91f20b0ac39,yep,NA,
INJURY_TREATED,227949,3/14/2023 1:03:20 PM,b0bc6f05-879c-4538-b0c0-d91f20b0ac39,L Thigh Puncture,Mike_7 Root,tourniquet,medium,leftLeg,True,True,"(0.7, 0.1, 3.5)",
TOOL_APPLIED,227949,3/14/2023 1:03:20 PM,b0bc6f05-879c-4538-b0c0-d91f20b0ac39,Mike_7 Root,Tourniquet,LeftUpLeg (UnityEngine.GameObject),tor_ring (1) (UnityEngine.GameObject),tourniquet(Clone) (UnityEngine.GameObject),AppliedTourniquet,
VOICE_CAPTURE,230288,3/14/2023 1:03:23 PM,b0bc6f05-879c-4538-b0c0-d91f20b0ac39,i will try to keep your leg then,NA,
TOOL_HOVER,230773,3/14/2023 1:03:23 PM,b0bc6f05-879c-4538-b0c0-d91f20b0ac39,Hemostatic Gauze,999,
TOOL_HOVER,230802,3/14/2023 1:03:23 PM,b0bc6f05-879c-4538-b0c0-d91f20b0ac39,Hemostatic Gauze,999,
TOOL_HOVER,230829,3/14/2023 1:03:23 PM,b0bc6f05-879c-4538-b0c0-d91f20b0ac39,Hemostatic Gauze,999,
TOOL_SELECTED,230831,3/14/2023 1:03:23 PM,b0bc6f05-879c-4538-b0c0-d91f20b0ac39,Hemostatic Gauze,998,
TOOL_DISCARDED,231774,3/14/2023 1:03:24 PM,b0bc6f05-879c-4538-b0c0-d91f20b0ac39,Hemostatic Gauze,998,"(1.3, 0.1, 3.8)",
INJURY_TREATED,231774,3/14/2023 1:03:24 PM,b0bc6f05-879c-4538-b0c0-d91f20b0ac39,R Calf Laceration,Mike_7 Root,gauzePressure,low,rightLeg,False,True,"(1.3, 0.1, 3.8)",
TOOL_APPLIED,231774,3/14/2023 1:03:24 PM,b0bc6f05-879c-4538-b0c0-d91f20b0ac39,Mike_7 Root,Gauze_Pack,skinCollider_BodyCollideLOD (UnityEngine.GameObject),null,null,AppliedPackingGauze,
VOICE_CAPTURE,234850,3/14/2023 1:03:27 PM,b0bc6f05-879c-4538-b0c0-d91f20b0ac39,alright and then we can do some guys on this one,NA,
VOICE_CAPTURE,236429,3/14/2023 1:03:29 PM,b0bc6f05-879c-4538-b0c0-d91f20b0ac39,alright,NA,
TOOL_HOVER,236597,3/14/2023 1:03:29 PM,b0bc6f05-879c-4538-b0c0-d91f20b0ac39,Gauze,999,
TOOL_HOVER,236625,3/14/2023 1:03:29 PM,b0bc6f05-879c-4538-b0c0-d91f20b0ac39,Gauze,999,
TOOL_HOVER,236652,3/14/2023 1:03:29 PM,b0bc6f05-879c-4538-b0c0-d91f20b0ac39,Gauze,999,
TOOL_HOVER,236680,3/14/2023 1:03:29 PM,b0bc6f05-879c-4538-b0c0-d91f20b0ac39,Gauze,999,
TOOL_HOVER,236708,3/14/2023 1:03:29 PM,b0bc6f05-879c-4538-b0c0-d91f20b0ac39,Gauze,999,
TOOL_HOVER,236737,3/14/2023 1:03:29 PM,b0bc6f05-879c-4538-b0c0-d91f20b0ac39,Gauze,999,
TOOL_HOVER,236765,3/14/2023 1:03:29 PM,b0bc6f05-879c-4538-b0c0-d91f20b0ac39,Gauze,999,
TOOL_HOVER,236795,3/14/2023 1:03:29 PM,b0bc6f05-879c-4538-b0c0-d91f20b0ac39,Gauze,999,
TOOL_HOVER,236821,3/14/2023 1:03:29 PM,b0bc6f05-879c-4538-b0c0-d91f20b0ac39,Gauze,999,
TOOL_HOVER,236847,3/14/2023 1:03:29 PM,b0bc6f05-879c-4538-b0c0-d91f20b0ac39,Gauze,999,
TOOL_HOVER,236875,3/14/2023 1:03:29 PM,b0bc6f05-879c-4538-b0c0-d91f20b0ac39,Gauze,999,
TOOL_HOVER,236907,3/14/2023 1:03:29 PM,b0bc6f05-879c-4538-b0c0-d91f20b0ac39,Gauze,999,
TOOL_HOVER,236931,3/14/2023 1:03:29 PM,b0bc6f05-879c-4538-b0c0-d91f20b0ac39,Gauze,999,
TOOL_HOVER,236960,3/14/2023 1:03:29 PM,b0bc6f05-879c-4538-b0c0-d91f20b0ac39,Gauze,999,
TOOL_HOVER,236986,3/14/2023 1:03:29 PM,b0bc6f05-879c-4538-b0c0-d91f20b0ac39,Gauze,999,
TOOL_HOVER,237013,3/14/2023 1:03:29 PM,b0bc6f05-879c-4538-b0c0-d91f20b0ac39,Gauze,999,
TOOL_HOVER,237040,3/14/2023 1:03:29 PM,b0bc6f05-879c-4538-b0c0-d91f20b0ac39,Gauze,999,
TOOL_HOVER,237070,3/14/2023 1:03:29 PM,b0bc6f05-879c-4538-b0c0-d91f20b0ac39,Gauze,999,
TOOL_HOVER,237100,3/14/2023 1:03:29 PM,b0bc6f05-879c-4538-b0c0-d91f20b0ac39,Gauze,999,
TOOL_HOVER,237124,3/14/2023 1:03:29 PM,b0bc6f05-879c-4538-b0c0-d91f20b0ac39,Gauze,999,
TOOL_HOVER,237153,3/14/2023 1:03:30 PM,b0bc6f05-879c-4538-b0c0-d91f20b0ac39,Gauze,999,
TOOL_HOVER,237178,3/14/2023 1:03:30 PM,b0bc6f05-879c-4538-b0c0-d91f20b0ac39,Gauze,999,
TOOL_HOVER,237206,3/14/2023 1:03:30 PM,b0bc6f05-879c-4538-b0c0-d91f20b0ac39,Gauze,999,
TOOL_HOVER,237235,3/14/2023 1:03:30 PM,b0bc6f05-879c-4538-b0c0-d91f20b0ac39,Gauze,999,
TOOL_HOVER,237263,3/14/2023 1:03:30 PM,b0bc6f05-879c-4538-b0c0-d91f20b0ac39,Gauze,999,
TOOL_HOVER,237291,3/14/2023 1:03:30 PM,b0bc6f05-879c-4538-b0c0-d91f20b0ac39,Gauze,999,
TOOL_HOVER,237319,3/14/2023 1:03:30 PM,b0bc6f05-879c-4538-b0c0-d91f20b0ac39,Gauze,999,
TOOL_HOVER,237349,3/14/2023 1:03:30 PM,b0bc6f05-879c-4538-b0c0-d91f20b0ac39,Gauze,999,
TOOL_SELECTED,237349,3/14/2023 1:03:30 PM,b0bc6f05-879c-4538-b0c0-d91f20b0ac39,Gauze,998,
TOOL_DISCARDED,238489,3/14/2023 1:03:31 PM,b0bc6f05-879c-4538-b0c0-d91f20b0ac39,Gauze,998,"(1.3, 0.1, 3.8)",
INJURY_TREATED,238490,3/14/2023 1:03:31 PM,b0bc6f05-879c-4538-b0c0-d91f20b0ac39,R Calf Laceration,Mike_7 Root,gauzePressure,low,rightLeg,True,True,"(1.3, 0.1, 3.8)",
TOOL_APPLIED,238494,3/14/2023 1:03:31 PM,b0bc6f05-879c-4538-b0c0-d91f20b0ac39,Mike_7 Root,Gauze_Dressing,skinCollider_BodyCollideLOD (UnityEngine.GameObject),null,null,AppliedDressingGauze,
VOICE_CAPTURE,242742,3/14/2023 1:03:35 PM,b0bc6f05-879c-4538-b0c0-d91f20b0ac39,yeah pressure dressing that's nice,NA,
BAG_CLOSED,244678,3/14/2023 1:03:37 PM,b0bc6f05-879c-4538-b0c0-d91f20b0ac39,"(1.4, 0.7, 3.7)",
TELEPORT,244678,3/14/2023 1:03:37 PM,b0bc6f05-879c-4538-b0c0-d91f20b0ac39,"(1.5, 0.0, 3.1)",
VOICE_CAPTURE,245593,3/14/2023 1:03:38 PM,b0bc6f05-879c-4538-b0c0-d91f20b0ac39,alright and then,NA,
TELEPORT,245734,3/14/2023 1:03:38 PM,b0bc6f05-879c-4538-b0c0-d91f20b0ac39,"(1.7, 0.0, 3.1)",
VOICE_CAPTURE,248432,3/14/2023 1:03:41 PM,b0bc6f05-879c-4538-b0c0-d91f20b0ac39,i'm gonna go to this person,NA,
PATIENT_ENGAGED,250373,3/14/2023 1:03:43 PM,b0bc6f05-879c-4538-b0c0-d91f20b0ac39,100,Infinity,Lily_4 Root,"(1.2, 0.0, 6.2)","(0.0, 1.0, 0.0, 0.0)",IMMEDIATE,waver,fast,normal,normal,upset,fetal,
TELEPORT,250482,3/14/2023 1:03:43 PM,b0bc6f05-879c-4538-b0c0-d91f20b0ac39,"(0.7, 0.0, 5.1)",
VOICE_CAPTURE,251060,3/14/2023 1:03:43 PM,b0bc6f05-879c-4538-b0c0-d91f20b0ac39,sorry,NA,
VOICE_CAPTURE,251297,3/14/2023 1:03:44 PM,b0bc6f05-879c-4538-b0c0-d91f20b0ac39,are you hurt,NA,
VOICE_COMMAND,251297,3/14/2023 1:03:44 PM,b0bc6f05-879c-4538-b0c0-d91f20b0ac39,are you hurt,are you hurt,
VOICE_CAPTURE,256149,3/14/2023 1:03:49 PM,b0bc6f05-879c-4538-b0c0-d91f20b0ac39,really didn't hear that either OK that looks pretty bad,NA,
PULSE_TAKEN,257260,3/14/2023 1:03:50 PM,b0bc6f05-879c-4538-b0c0-d91f20b0ac39,pulse_fast,Lily_4 Root,
PULSE_TAKEN,257343,3/14/2023 1:03:50 PM,b0bc6f05-879c-4538-b0c0-d91f20b0ac39,pulse_fast,Lily_4 Root,
TOOL_HOVER,258896,3/14/2023 1:03:51 PM,b0bc6f05-879c-4538-b0c0-d91f20b0ac39,Hemostatic Gauze,999,
TOOL_HOVER,258932,3/14/2023 1:03:51 PM,b0bc6f05-879c-4538-b0c0-d91f20b0ac39,Hemostatic Gauze,999,
TOOL_HOVER,258951,3/14/2023 1:03:51 PM,b0bc6f05-879c-4538-b0c0-d91f20b0ac39,Hemostatic Gauze,999,
TOOL_HOVER,258980,3/14/2023 1:03:51 PM,b0bc6f05-879c-4538-b0c0-d91f20b0ac39,Hemostatic Gauze,999,
TOOL_HOVER,259007,3/14/2023 1:03:51 PM,b0bc6f05-879c-4538-b0c0-d91f20b0ac39,Hemostatic Gauze,999,
TOOL_HOVER,259034,3/14/2023 1:03:51 PM,b0bc6f05-879c-4538-b0c0-d91f20b0ac39,Hemostatic Gauze,999,
TOOL_HOVER,259062,3/14/2023 1:03:51 PM,b0bc6f05-879c-4538-b0c0-d91f20b0ac39,Hemostatic Gauze,999,
TOOL_HOVER,259089,3/14/2023 1:03:51 PM,b0bc6f05-879c-4538-b0c0-d91f20b0ac39,Hemostatic Gauze,999,
TOOL_HOVER,259119,3/14/2023 1:03:51 PM,b0bc6f05-879c-4538-b0c0-d91f20b0ac39,Hemostatic Gauze,999,
TOOL_HOVER,259144,3/14/2023 1:03:52 PM,b0bc6f05-879c-4538-b0c0-d91f20b0ac39,Hemostatic Gauze,999,
TOOL_SELECTED,259146,3/14/2023 1:03:52 PM,b0bc6f05-879c-4538-b0c0-d91f20b0ac39,Hemostatic Gauze,998,
TOOL_DISCARDED,260309,3/14/2023 1:03:53 PM,b0bc6f05-879c-4538-b0c0-d91f20b0ac39,Hemostatic Gauze,998,"(0.9, 0.2, 6.5)",
INJURY_TREATED,260309,3/14/2023 1:03:53 PM,b0bc6f05-879c-4538-b0c0-d91f20b0ac39,L Side Puncture,Lily_4 Root,woundpack,medium,abdomen,True,False,"(0.9, 0.2, 6.5)",
TOOL_APPLIED,260309,3/14/2023 1:03:53 PM,b0bc6f05-879c-4538-b0c0-d91f20b0ac39,Lily_4 Root,Gauze_Pack,skinCollider_BodyLOD (UnityEngine.GameObject),null,null,AppliedPackingGauze,
VOICE_CAPTURE,262253,3/14/2023 1:03:55 PM,b0bc6f05-879c-4538-b0c0-d91f20b0ac39,do that actually take your pulse yep check,NA,
TAG_SELECTED,265592,3/14/2023 1:03:58 PM,b0bc6f05-879c-4538-b0c0-d91f20b0ac39,yellow,
TAG_APPLIED,266531,3/14/2023 1:03:59 PM,b0bc6f05-879c-4538-b0c0-d91f20b0ac39,Lily_4 Root,yellow,
TELEPORT,268511,3/14/2023 1:04:01 PM,b0bc6f05-879c-4538-b0c0-d91f20b0ac39,"(0.9, 0.0, 5.1)",
BAG_ACCESS,270622,3/14/2023 1:04:03 PM,b0bc6f05-879c-4538-b0c0-d91f20b0ac39,"(1.3, 0.8, 4.5)",
VOICE_CAPTURE,270926,3/14/2023 1:04:03 PM,b0bc6f05-879c-4538-b0c0-d91f20b0ac39,alright and then we will give you a delayed as well stop bleeding i don't think i tagged this guy,NA,
PATIENT_ENGAGED,272032,3/14/2023 1:04:04 PM,b0bc6f05-879c-4538-b0c0-d91f20b0ac39,100,Infinity,Mike_7 Root,"(1.3, 0.0, 3.4)","(0.0, 0.1, 0.0, 1.0)",DELAYED,waver,fast,normal,normal,upset,sittingGround,
BAG_CLOSED,272140,3/14/2023 1:04:05 PM,b0bc6f05-879c-4538-b0c0-d91f20b0ac39,"(1.4, 0.7, 3.7)",
TELEPORT,272140,3/14/2023 1:04:05 PM,b0bc6f05-879c-4538-b0c0-d91f20b0ac39,"(1.3, 0.0, 3.1)",
VOICE_CAPTURE,275250,3/14/2023 1:04:08 PM,b0bc6f05-879c-4538-b0c0-d91f20b0ac39,hey friend,NA,
TAG_SELECTED,275696,3/14/2023 1:04:08 PM,b0bc6f05-879c-4538-b0c0-d91f20b0ac39,yellow,
TAG_APPLIED,277142,3/14/2023 1:04:10 PM,b0bc6f05-879c-4538-b0c0-d91f20b0ac39,Mike_7 Root,yellow,
BAG_ACCESS,278064,3/14/2023 1:04:10 PM,b0bc6f05-879c-4538-b0c0-d91f20b0ac39,"(1.3, 0.7, 3.7)",
VOICE_CAPTURE,278478,3/14/2023 1:04:11 PM,b0bc6f05-879c-4538-b0c0-d91f20b0ac39,and,NA,
BAG_CLOSED,279537,3/14/2023 1:04:12 PM,b0bc6f05-879c-4538-b0c0-d91f20b0ac39,"(1.3, 0.7, 3.7)",
TELEPORT,279537,3/14/2023 1:04:12 PM,b0bc6f05-879c-4538-b0c0-d91f20b0ac39,"(1.6, 0.0, 3.2)",
PATIENT_ENGAGED,281369,3/14/2023 1:04:14 PM,b0bc6f05-879c-4538-b0c0-d91f20b0ac39,100,Infinity,Gloria_6 Root,"(-1.2, 0.0, 3.1)","(0.0, 0.4, 0.0, 0.9)",DELAYED,waver,fast,normal,normal,upset,fetal,
PULSE_TAKEN,285171,3/14/2023 1:04:18 PM,b0bc6f05-879c-4538-b0c0-d91f20b0ac39,pulse_fast,Gloria_6 Root,
PULSE_TAKEN,286225,3/14/2023 1:04:19 PM,b0bc6f05-879c-4538-b0c0-d91f20b0ac39,pulse_fast,Gloria_6 Root,
PULSE_TAKEN,286475,3/14/2023 1:04:19 PM,b0bc6f05-879c-4538-b0c0-d91f20b0ac39,pulse_fast,Gloria_6 Root,
VOICE_CAPTURE,288437,3/14/2023 1:04:21 PM,b0bc6f05-879c-4538-b0c0-d91f20b0ac39,and i'll go to you hello i can see that,NA,
VOICE_CAPTURE,297494,3/14/2023 1:04:30 PM,b0bc6f05-879c-4538-b0c0-d91f20b0ac39,OK i gotta process alright this is not bleeding and i don't really wanna touch that,NA,
VOICE_CAPTURE,305126,3/14/2023 1:04:37 PM,b0bc6f05-879c-4538-b0c0-d91f20b0ac39,maybe some,NA,
TOOL_HOVER,309074,3/14/2023 1:04:41 PM,b0bc6f05-879c-4538-b0c0-d91f20b0ac39,Gauze,999,
TOOL_HOVER,309101,3/14/2023 1:04:41 PM,b0bc6f05-879c-4538-b0c0-d91f20b0ac39,Gauze,999,
TOOL_HOVER,309129,3/14/2023 1:04:41 PM,b0bc6f05-879c-4538-b0c0-d91f20b0ac39,Gauze,999,
TOOL_HOVER,309157,3/14/2023 1:04:42 PM,b0bc6f05-879c-4538-b0c0-d91f20b0ac39,Gauze,999,
TOOL_SELECTED,309158,3/14/2023 1:04:42 PM,b0bc6f05-879c-4538-b0c0-d91f20b0ac39,Gauze,998,
TOOL_DISCARDED,310516,3/14/2023 1:04:43 PM,b0bc6f05-879c-4538-b0c0-d91f20b0ac39,Gauze,998,"(-1.1, 0.2, 3.3)",
INJURY_TREATED,310516,3/14/2023 1:04:43 PM,b0bc6f05-879c-4538-b0c0-d91f20b0ac39,R Calf Shrapnel,Gloria_6 Root,gauzePressure,medium,rightLeg,True,False,"(-1.1, 0.2, 3.2)",
TOOL_APPLIED,310516,3/14/2023 1:04:43 PM,b0bc6f05-879c-4538-b0c0-d91f20b0ac39,Gloria_6 Root,Gauze_Dressing,skinCollider_Body_LOD (UnityEngine.GameObject),null,null,AppliedDressingGauze,
VOICE_CAPTURE,310960,3/14/2023 1:04:43 PM,b0bc6f05-879c-4538-b0c0-d91f20b0ac39,i mean it's not like pulsator anything so i don't think i need to tourniquet it but i could try some,NA,
TAG_SELECTED,313349,3/14/2023 1:04:46 PM,b0bc6f05-879c-4538-b0c0-d91f20b0ac39,yellow,
TAG_APPLIED,314376,3/14/2023 1:04:47 PM,b0bc6f05-879c-4538-b0c0-d91f20b0ac39,Gloria_6 Root,yellow,
BAG_ACCESS,314934,3/14/2023 1:04:47 PM,b0bc6f05-879c-4538-b0c0-d91f20b0ac39,"(-1.4, 0.7, 3.6)",
VOICE_CAPTURE,315181,3/14/2023 1:04:48 PM,b0bc6f05-879c-4538-b0c0-d91f20b0ac39,yeah wrap that up,NA,
BAG_CLOSED,316026,3/14/2023 1:04:48 PM,b0bc6f05-879c-4538-b0c0-d91f20b0ac39,"(-1.4, 0.7, 3.6)",
VOICE_CAPTURE,317546,3/14/2023 1:04:50 PM,b0bc6f05-879c-4538-b0c0-d91f20b0ac39,can also be delayed,NA,
TELEPORT,318713,3/14/2023 1:04:51 PM,b0bc6f05-879c-4538-b0c0-d91f20b0ac39,"(-1.1, 0.0, 3.3)",
PATIENT_ENGAGED,320602,3/14/2023 1:04:53 PM,b0bc6f05-879c-4538-b0c0-d91f20b0ac39,100,Infinity,Mike_5 Root,"(2.7, 0.0, 2.3)","(0.0, 1.0, 0.0, 0.0)",IMMEDIATE,waver,fast,normal,normal,upset,fetal,
VOICE_CAPTURE,322183,3/14/2023 1:04:55 PM,b0bc6f05-879c-4538-b0c0-d91f20b0ac39,so i got a red haven't been over here,NA,
TOOL_HOVER,323685,3/14/2023 1:04:56 PM,b0bc6f05-879c-4538-b0c0-d91f20b0ac39,Tourniquet,996,
TOOL_HOVER,323714,3/14/2023 1:04:56 PM,b0bc6f05-879c-4538-b0c0-d91f20b0ac39,Tourniquet,996,
TOOL_SELECTED,323715,3/14/2023 1:04:56 PM,b0bc6f05-879c-4538-b0c0-d91f20b0ac39,Tourniquet,995,
VOICE_CAPTURE,324990,3/14/2023 1:04:57 PM,b0bc6f05-879c-4538-b0c0-d91f20b0ac39,alright hey there friends,NA,
INJURY_TREATED,325380,3/14/2023 1:04:58 PM,b0bc6f05-879c-4538-b0c0-d91f20b0ac39,R Thigh Laceration,Mike_5 Root,tourniquet,medium,rightLeg,True,False,"(3.0, 0.3, 2.2)",
TOOL_APPLIED,325380,3/14/2023 1:04:58 PM,b0bc6f05-879c-4538-b0c0-d91f20b0ac39,Mike_5 Root,Tourniquet,RightUpLeg (UnityEngine.GameObject),tor_ring (1) (UnityEngine.GameObject),tourniquet(Clone) (UnityEngine.GameObject),AppliedTourniquet,
BAG_ACCESS,327547,3/14/2023 1:05:00 PM,b0bc6f05-879c-4538-b0c0-d91f20b0ac39,"(2.4, 0.7, 2.5)",
TELEPORT,328074,3/14/2023 1:05:00 PM,b0bc6f05-879c-4538-b0c0-d91f20b0ac39,"(2.1, 0.0, 2.1)",
BAG_CLOSED,329824,3/14/2023 1:05:02 PM,b0bc6f05-879c-4538-b0c0-d91f20b0ac39,"(2.9, 0.7, 1.8)",
TELEPORT,329824,3/14/2023 1:05:02 PM,b0bc6f05-879c-4538-b0c0-d91f20b0ac39,"(2.6, 0.0, 1.4)",
VOICE_CAPTURE,331351,3/14/2023 1:05:04 PM,b0bc6f05-879c-4538-b0c0-d91f20b0ac39,trying to get that and then let me,NA,
TOOL_HOVER,335991,3/14/2023 1:05:08 PM,b0bc6f05-879c-4538-b0c0-d91f20b0ac39,Hemostatic Gauze,999,
TOOL_HOVER,336018,3/14/2023 1:05:08 PM,b0bc6f05-879c-4538-b0c0-d91f20b0ac39,Hemostatic Gauze,999,
TOOL_HOVER,336047,3/14/2023 1:05:08 PM,b0bc6f05-879c-4538-b0c0-d91f20b0ac39,Hemostatic Gauze,999,
VOICE_CAPTURE,336073,3/14/2023 1:05:08 PM,b0bc6f05-879c-4538-b0c0-d91f20b0ac39,yeah,NA,
TOOL_HOVER,336075,3/14/2023 1:05:08 PM,b0bc6f05-879c-4538-b0c0-d91f20b0ac39,Hemostatic Gauze,999,
TOOL_SELECTED,336077,3/14/2023 1:05:08 PM,b0bc6f05-879c-4538-b0c0-d91f20b0ac39,Hemostatic Gauze,998,
TOOL_DISCARDED,337658,3/14/2023 1:05:10 PM,b0bc6f05-879c-4538-b0c0-d91f20b0ac39,Hemostatic Gauze,998,"(3.1, 0.2, 2.5)",
INJURY_TREATED,337658,3/14/2023 1:05:10 PM,b0bc6f05-879c-4538-b0c0-d91f20b0ac39,R Side Puncture,Mike_5 Root,woundpack,medium,abdomen,True,False,"(3.1, 0.3, 2.5)",
TOOL_APPLIED,337659,3/14/2023 1:05:10 PM,b0bc6f05-879c-4538-b0c0-d91f20b0ac39,Mike_5 Root,Gauze_Pack,skinCollider_BodyCollideLOD (UnityEngine.GameObject),null,null,AppliedPackingGauze,
BAG_ACCESS,341984,3/14/2023 1:05:14 PM,b0bc6f05-879c-4538-b0c0-d91f20b0ac39,"(3.5, 0.7, 2.2)",
VOICE_CAPTURE,344701,3/14/2023 1:05:17 PM,b0bc6f05-879c-4538-b0c0-d91f20b0ac39,modbutton no,NA,
VOICE_COMMAND,344701,3/14/2023 1:05:17 PM,b0bc6f05-879c-4538-b0c0-d91f20b0ac39,modbutton no,modbutton no,
TAG_SELECTED,346670,3/14/2023 1:05:19 PM,b0bc6f05-879c-4538-b0c0-d91f20b0ac39,red,
VOICE_CAPTURE,347060,3/14/2023 1:05:19 PM,b0bc6f05-879c-4538-b0c0-d91f20b0ac39,alright there you go sir any other injuries you got a little blood everywhere,NA,
VOICE_COMMAND,347060,3/14/2023 1:05:19 PM,b0bc6f05-879c-4538-b0c0-d91f20b0ac39,are you hurt,alright there you go sir any other injuries you got a little blood everywhere,
VOICE_COMMAND,347060,3/14/2023 1:05:19 PM,b0bc6f05-879c-4538-b0c0-d91f20b0ac39,anywhere else,alright there you go sir any other injuries you got a little blood everywhere,
TAG_DISCARDED,348173,3/14/2023 1:05:21 PM,b0bc6f05-879c-4538-b0c0-d91f20b0ac39,red,"(3.5, 0.6, 2.2)",
TAG_SELECTED,348750,3/14/2023 1:05:21 PM,b0bc6f05-879c-4538-b0c0-d91f20b0ac39,yellow,
VOICE_CAPTURE,349003,3/14/2023 1:05:21 PM,b0bc6f05-879c-4538-b0c0-d91f20b0ac39,OK,NA,
TAG_DISCARDED,349642,3/14/2023 1:05:22 PM,b0bc6f05-879c-4538-b0c0-d91f20b0ac39,yellow,"(3.5, 0.5, 2.3)",
TAG_SELECTED,352897,3/14/2023 1:05:25 PM,b0bc6f05-879c-4538-b0c0-d91f20b0ac39,red,
TAG_APPLIED,353839,3/14/2023 1:05:26 PM,b0bc6f05-879c-4538-b0c0-d91f20b0ac39,Mike_5 Root,red,
VOICE_CAPTURE,355755,3/14/2023 1:05:28 PM,b0bc6f05-879c-4538-b0c0-d91f20b0ac39,well that's like pretty big abdominal wounds i'm gonna give you red,NA,
BAG_CLOSED,356319,3/14/2023 1:05:29 PM,b0bc6f05-879c-4538-b0c0-d91f20b0ac39,"(3.5, 0.7, 2.2)",
VOICE_CAPTURE,358171,3/14/2023 1:05:31 PM,b0bc6f05-879c-4538-b0c0-d91f20b0ac39,alright,NA,
TELEPORT,360204,3/14/2023 1:05:33 PM,b0bc6f05-879c-4538-b0c0-d91f20b0ac39,"(3.2, 0.0, 1.7)",
TELEPORT,362536,3/14/2023 1:05:35 PM,b0bc6f05-879c-4538-b0c0-d91f20b0ac39,"(3.7, 0.0, 1.7)",
VOICE_CAPTURE,365621,3/14/2023 1:05:38 PM,b0bc6f05-879c-4538-b0c0-d91f20b0ac39,who have i not seen all these friends,NA,
TELEPORT,365816,3/14/2023 1:05:38 PM,b0bc6f05-879c-4538-b0c0-d91f20b0ac39,"(3.5, 0.0, -2.6)",
PATIENT_ENGAGED,366748,3/14/2023 1:05:39 PM,b0bc6f05-879c-4538-b0c0-d91f20b0ac39,100,Infinity,Gloria_8 Root,"(4.3, 0.0, -4.4)","(0.0, 0.3, 0.0, -1.0)",MINIMAL,walker,normal,normal,normal,upset,standing,
PATIENT_ENGAGED,366998,3/14/2023 1:05:39 PM,b0bc6f05-879c-4538-b0c0-d91f20b0ac39,100,Infinity,Helga_10 Root,"(4.5, 0.0, -3.5)","(0.0, 0.3, 0.0, -0.9)",MINIMAL,walker,normal,normal,normal,calm,standing,
PATIENT_ENGAGED,368331,3/14/2023 1:05:41 PM,b0bc6f05-879c-4538-b0c0-d91f20b0ac39,100,Infinity,Gloria_8 Root,"(4.3, 0.0, -4.4)","(0.0, 0.3, 0.0, -1.0)",MINIMAL,walker,normal,normal,normal,upset,standing,
PATIENT_ENGAGED,369441,3/14/2023 1:05:42 PM,b0bc6f05-879c-4538-b0c0-d91f20b0ac39,100,Infinity,Helga_10 Root,"(4.5, 0.0, -3.5)","(0.0, 0.3, 0.0, -0.9)",MINIMAL,walker,normal,normal,normal,calm,standing,
VOICE_CAPTURE,370997,3/14/2023 1:05:43 PM,b0bc6f05-879c-4538-b0c0-d91f20b0ac39,hey guys what's going on,NA,
TAG_SELECTED,374005,3/14/2023 1:05:46 PM,b0bc6f05-879c-4538-b0c0-d91f20b0ac39,green,
TAG_APPLIED,375065,3/14/2023 1:05:47 PM,b0bc6f05-879c-4538-b0c0-d91f20b0ac39,Helga_10 Root,green,
PATIENT_ENGAGED,375397,3/14/2023 1:05:48 PM,b0bc6f05-879c-4538-b0c0-d91f20b0ac39,100,Infinity,Gloria_8 Root,"(4.3, 0.0, -4.4)","(0.0, 0.3, 0.0, -1.0)",MINIMAL,walker,normal,normal,normal,upset,standing,
VOICE_CAPTURE,375535,3/14/2023 1:05:48 PM,b0bc6f05-879c-4538-b0c0-d91f20b0ac39,you're a little contusion on your head,NA,
BAG_ACCESS,375870,3/14/2023 1:05:48 PM,b0bc6f05-879c-4538-b0c0-d91f20b0ac39,"(3.6, 0.8, -3.2)",
TELEPORT,376148,3/14/2023 1:05:49 PM,b0bc6f05-879c-4538-b0c0-d91f20b0ac39,"(3.5, 0.0, -3.3)",
VOICE_CAPTURE,381618,3/14/2023 1:05:54 PM,b0bc6f05-879c-4538-b0c0-d91f20b0ac39,take that and what what have you got going on,NA,
TAG_SELECTED,382522,3/14/2023 1:05:55 PM,b0bc6f05-879c-4538-b0c0-d91f20b0ac39,green,
VOICE_CAPTURE,383277,3/14/2023 1:05:56 PM,b0bc6f05-879c-4538-b0c0-d91f20b0ac39,friend,NA,
TAG_APPLIED,383456,3/14/2023 1:05:56 PM,b0bc6f05-879c-4538-b0c0-d91f20b0ac39,Gloria_8 Root,green,
PATIENT_ENGAGED,385178,3/14/2023 1:05:58 PM,b0bc6f05-879c-4538-b0c0-d91f20b0ac39,100,Infinity,Helga_10 Root,"(4.5, 0.0, -3.5)","(0.0, 0.3, 0.0, -0.9)",MINIMAL,walker,normal,normal,normal,calm,standing,
BAG_CLOSED,386495,3/14/2023 1:05:59 PM,b0bc6f05-879c-4538-b0c0-d91f20b0ac39,"(3.7, 0.8, -3.8)",
TELEPORT,386495,3/14/2023 1:05:59 PM,b0bc6f05-879c-4538-b0c0-d91f20b0ac39,"(3.6, 0.0, -3.9)",
TELEPORT,391026,3/14/2023 1:06:03 PM,b0bc6f05-879c-4538-b0c0-d91f20b0ac39,"(2.0, 0.0, 2.4)",
VOICE_CAPTURE,393991,3/14/2023 1:06:06 PM,b0bc6f05-879c-4538-b0c0-d91f20b0ac39,i think i got it got everybody,NA,
SESSION_END,394939,3/14/2023 1:06:07 PM,b0bc6f05-879c-4538-b0c0-d91f20b0ac39,
VOICE_CAPTURE,396069,3/14/2023 1:06:08 PM,b0bc6f05-879c-4538-b0c0-d91f20b0ac39,sorry,NA,
VOICE_CAPTURE,397333,3/14/2023 1:06:10 PM,b0bc6f05-879c-4538-b0c0-d91f20b0ac39,yes,NA,
