PATIENT_DEMOTED,12402,3/15/2023 1:35:21 PM,f92400e2-63f5-4bb8-95b3-dcf065e17414,100,Infinity,Bob_0 Root,"(-1.4, 0.0, 5.6)","(0.0, 0.7, 0.0, 0.7)",EXPECTANT,still,faint,restricted,none,unresponsive,supine,
PATIENT_DEMOTED,12598,3/15/2023 1:35:21 PM,f92400e2-63f5-4bb8-95b3-dcf065e17414,100,Infinity,Bob_0 Root,"(-1.5, 0.0, 5.6)","(0.0, 0.7, 0.0, 0.7)",DEAD,still,none,none,none,dead,supine,
PATIENT_DEMOTED,12736,3/15/2023 1:35:22 PM,f92400e2-63f5-4bb8-95b3-dcf065e17414,100,Infinity,Gary_1 Root,"(1.7, 0.0, 7.4)","(0.0, 1.0, 0.0, 0.0)",EXPECTANT,still,faint,restricted,none,unresponsive,supine,
PATIENT_DEMOTED,13458,3/15/2023 1:35:22 PM,f92400e2-63f5-4bb8-95b3-dcf065e17414,100,Infinity,Lily_2 Root,"(2.8, 0.0, 4.3)","(0.0, 1.0, 0.0, 0.0)",IMMEDIATE,waver,fast,fast,normal,agony,fetal,
PATIENT_DEMOTED,14132,3/15/2023 1:35:23 PM,f92400e2-63f5-4bb8-95b3-dcf065e17414,100,0,Gary_3 Root,"(0.3, 0.0, 1.6)","(0.0, 0.0, 0.0, 1.0)",IMMEDIATE,still,faint,collapsedRight,normal,unresponsive,supine,
PATIENT_DEMOTED,14713,3/15/2023 1:35:23 PM,f92400e2-63f5-4bb8-95b3-dcf065e17414,100,Infinity,Lily_4 Root,"(1.2, 0.0, 6.3)","(0.0, 1.0, 0.0, 0.0)",IMMEDIATE,waver,fast,normal,normal,upset,fetal,
PATIENT_DEMOTED,15538,3/15/2023 1:35:24 PM,f92400e2-63f5-4bb8-95b3-dcf065e17414,100,Infinity,Mike_5 Root,"(2.4, 0.0, 2.3)","(0.0, 1.0, 0.0, 0.0)",IMMEDIATE,waver,fast,normal,normal,upset,fetal,
PATIENT_DEMOTED,16119,3/15/2023 1:35:25 PM,f92400e2-63f5-4bb8-95b3-dcf065e17414,100,Infinity,Gloria_6 Root,"(-1.0, 0.0, 2.9)","(0.0, 0.4, 0.0, 0.9)",DELAYED,waver,fast,normal,normal,upset,fetal,
PATIENT_DEMOTED,16840,3/15/2023 1:35:26 PM,f92400e2-63f5-4bb8-95b3-dcf065e17414,100,Infinity,Mike_7 Root,"(1.7, 0.0, 3.9)","(0.0, 0.1, 0.0, 1.0)",IMMEDIATE,waver,fast,normal,normal,upset,sittingGround,
PATIENT_DEMOTED,17217,3/15/2023 1:35:26 PM,f92400e2-63f5-4bb8-95b3-dcf065e17414,100,Infinity,Mike_7 Root,"(1.0, 0.0, 3.7)","(0.0, 0.1, 0.0, 1.0)",DELAYED,waver,fast,normal,normal,upset,sittingGround,
SESSION_START,21374,3/15/2023 1:35:30 PM,f92400e2-63f5-4bb8-95b3-dcf065e17414,
PATIENT_RECORD,21374,3/15/2023 1:35:30 PM,f92400e2-63f5-4bb8-95b3-dcf065e17414,100,Infinity,Bob_0 Root,"(-1.7, 0.0, 5.6)","(0.0, 0.7, 0.0, 0.7)",DEAD,still,none,none,none,dead,supine,
INJURY_RECORD,21374,3/15/2023 1:35:30 PM,f92400e2-63f5-4bb8-95b3-dcf065e17414,Face Shrapnel,Bob_0 Root,airway,high,head,False,False,"(-1.8, 1.7, 5.6)",
INJURY_RECORD,21375,3/15/2023 1:35:30 PM,f92400e2-63f5-4bb8-95b3-dcf065e17414,L Wrist Amputation,Bob_0 Root,tourniquet,high,leftArm,False,False,"(-1.8, 1.4, 6.3)",
INJURY_RECORD,21375,3/15/2023 1:35:30 PM,f92400e2-63f5-4bb8-95b3-dcf065e17414,L Chest Collapse,Bob_0 Root,decompress,high,chest,False,False,"(0.0, 0.0, 0.0)",
INJURY_RECORD,21375,3/15/2023 1:35:30 PM,f92400e2-63f5-4bb8-95b3-dcf065e17414,L Stomach Puncture,Bob_0 Root,woundpack,high,abdomen,False,False,"(-1.6, 1.1, 5.7)",
INJURY_RECORD,21375,3/15/2023 1:35:30 PM,f92400e2-63f5-4bb8-95b3-dcf065e17414,R Shin Amputation,Bob_0 Root,tourniquet,high,rightLeg,False,False,"(-1.7, 0.4, 5.6)",
INJURY_RECORD,21375,3/15/2023 1:35:30 PM,f92400e2-63f5-4bb8-95b3-dcf065e17414,L Thigh Laceration,Bob_0 Root,tourniquet,medium,leftLeg,False,False,"(-1.6, 0.7, 5.8)",
PATIENT_RECORD,21375,3/15/2023 1:35:30 PM,f92400e2-63f5-4bb8-95b3-dcf065e17414,100,Infinity,Gary_1 Root,"(1.6, 0.0, 7.6)","(0.0, 1.0, 0.0, 0.0)",EXPECTANT,still,none,restricted,none,unresponsive,supine,
INJURY_RECORD,21375,3/15/2023 1:35:30 PM,f92400e2-63f5-4bb8-95b3-dcf065e17414,Face Shrapnel,Gary_1 Root,airway,high,head,False,False,"(1.6, 1.7, 7.7)",
PATIENT_RECORD,21375,3/15/2023 1:35:30 PM,f92400e2-63f5-4bb8-95b3-dcf065e17414,100,Infinity,Lily_2 Root,"(3.0, 0.0, 4.5)","(0.0, 1.0, 0.0, 0.0)",IMMEDIATE,waver,fast,fast,normal,agony,fetal,
INJURY_RECORD,21375,3/15/2023 1:35:30 PM,f92400e2-63f5-4bb8-95b3-dcf065e17414,R Shin Amputation,Lily_2 Root,tourniquet,high,rightLeg,False,False,"(2.9, 0.4, 4.5)",
PATIENT_RECORD,21375,3/15/2023 1:35:30 PM,f92400e2-63f5-4bb8-95b3-dcf065e17414,100,0,Gary_3 Root,"(0.4, 0.0, 1.7)","(0.0, 0.0, 0.0, 1.0)",IMMEDIATE,still,faint,collapsedRight,normal,unresponsive,supine,
INJURY_RECORD,21375,3/15/2023 1:35:30 PM,f92400e2-63f5-4bb8-95b3-dcf065e17414,R Chest Collapse,Gary_3 Root,decompress,high,chest,False,False,"(0.0, 0.0, 0.0)",
PATIENT_RECORD,21375,3/15/2023 1:35:30 PM,f92400e2-63f5-4bb8-95b3-dcf065e17414,100,Infinity,Lily_4 Root,"(1.2, 0.0, 6.2)","(0.0, 1.0, 0.0, 0.0)",IMMEDIATE,waver,fast,normal,normal,upset,fetal,
INJURY_RECORD,21375,3/15/2023 1:35:30 PM,f92400e2-63f5-4bb8-95b3-dcf065e17414,L Side Puncture,Lily_4 Root,woundpack,medium,abdomen,False,False,"(1.3, 1.0, 6.2)",
PATIENT_RECORD,21375,3/15/2023 1:35:30 PM,f92400e2-63f5-4bb8-95b3-dcf065e17414,100,Infinity,Mike_5 Root,"(2.7, 0.0, 2.3)","(0.0, 1.0, 0.0, 0.0)",IMMEDIATE,waver,fast,normal,normal,upset,fetal,
INJURY_RECORD,21375,3/15/2023 1:35:30 PM,f92400e2-63f5-4bb8-95b3-dcf065e17414,R Side Puncture,Mike_5 Root,woundpack,medium,abdomen,False,False,"(2.6, 1.1, 2.2)",
INJURY_RECORD,21375,3/15/2023 1:35:30 PM,f92400e2-63f5-4bb8-95b3-dcf065e17414,R Thigh Laceration,Mike_5 Root,tourniquet,medium,rightLeg,False,False,"(2.5, 0.6, 2.2)",
PATIENT_RECORD,21375,3/15/2023 1:35:30 PM,f92400e2-63f5-4bb8-95b3-dcf065e17414,100,Infinity,Gloria_6 Root,"(-1.2, 0.0, 3.1)","(0.0, 0.4, 0.0, 0.9)",DELAYED,waver,fast,normal,normal,upset,fetal,
INJURY_RECORD,21375,3/15/2023 1:35:30 PM,f92400e2-63f5-4bb8-95b3-dcf065e17414,R Calf Shrapnel,Gloria_6 Root,gauzePressure,medium,rightLeg,False,False,"(-1.1, 0.3, 3.0)",
PATIENT_RECORD,21375,3/15/2023 1:35:30 PM,f92400e2-63f5-4bb8-95b3-dcf065e17414,100,Infinity,Mike_7 Root,"(1.3, 0.0, 3.4)","(0.0, 0.1, 0.0, 1.0)",DELAYED,waver,fast,normal,normal,upset,sittingGround,
INJURY_RECORD,21375,3/15/2023 1:35:30 PM,f92400e2-63f5-4bb8-95b3-dcf065e17414,L Thigh Puncture,Mike_7 Root,tourniquet,medium,leftLeg,False,False,"(1.3, 0.6, 3.5)",
INJURY_RECORD,21375,3/15/2023 1:35:30 PM,f92400e2-63f5-4bb8-95b3-dcf065e17414,R Calf Laceration,Mike_7 Root,gauzePressure,low,rightLeg,False,False,"(1.4, 0.3, 3.4)",
PATIENT_RECORD,21375,3/15/2023 1:35:30 PM,f92400e2-63f5-4bb8-95b3-dcf065e17414,100,Infinity,Gloria_8 Root,"(3.7, 0.0, 6.0)","(0.0, 1.0, 0.0, 0.0)",MINIMAL,walker,normal,normal,normal,upset,sittingGround,
INJURY_RECORD,21375,3/15/2023 1:35:30 PM,f92400e2-63f5-4bb8-95b3-dcf065e17414,L Forearm Laceration,Gloria_8 Root,gauzePressure,low,leftArm,False,False,"(4.2, 1.2, 6.0)",
PATIENT_RECORD,21375,3/15/2023 1:35:30 PM,f92400e2-63f5-4bb8-95b3-dcf065e17414,100,0,Gary_9 Root,"(2.9, 0.0, 9.0)","(0.0, 1.0, 0.0, 0.0)",MINIMAL,walker,normal,normal,limited,calm,standing,
INJURY_RECORD,21375,3/15/2023 1:35:30 PM,f92400e2-63f5-4bb8-95b3-dcf065e17414,Ear Bleed,Gary_9 Root,none,low,head,False,False,"(0.0, 0.0, 0.0)",
PATIENT_RECORD,21375,3/15/2023 1:35:30 PM,f92400e2-63f5-4bb8-95b3-dcf065e17414,100,Infinity,Helga_10 Root,"(3.9, 0.0, 8.0)","(0.0, 1.0, 0.0, 0.0)",MINIMAL,walker,normal,normal,normal,calm,sittingGround,
INJURY_RECORD,21375,3/15/2023 1:35:30 PM,f92400e2-63f5-4bb8-95b3-dcf065e17414,Forehead Scrape,Helga_10 Root,none,low,head,False,False,"(4.0, 1.6, 7.9)",
VOICE_CAPTURE,34412,3/15/2023 1:35:43 PM,f92400e2-63f5-4bb8-95b3-dcf065e17414,walk,NA,
VOICE_COMMAND,34412,3/15/2023 1:35:43 PM,f92400e2-63f5-4bb8-95b3-dcf065e17414,walk to the safe area,walk,
S_A_L_T_WALK_IF_CAN,34433,3/15/2023 1:35:43 PM,f92400e2-63f5-4bb8-95b3-dcf065e17414,"(3.0, 0.0, 4.5)",walkIfCan,Lily_2 Root,
S_A_L_T_WALK_IF_CAN,34433,3/15/2023 1:35:43 PM,f92400e2-63f5-4bb8-95b3-dcf065e17414,"(1.2, 0.0, 6.2)",walkIfCan,Lily_4 Root,
S_A_L_T_WALK_IF_CAN,34433,3/15/2023 1:35:43 PM,f92400e2-63f5-4bb8-95b3-dcf065e17414,"(2.7, 0.0, 2.3)",walkIfCan,Mike_5 Root,
S_A_L_T_WALK_IF_CAN,34433,3/15/2023 1:35:43 PM,f92400e2-63f5-4bb8-95b3-dcf065e17414,"(-1.2, 0.0, 3.1)",walkIfCan,Gloria_6 Root,
S_A_L_T_WALK_IF_CAN,34433,3/15/2023 1:35:43 PM,f92400e2-63f5-4bb8-95b3-dcf065e17414,"(1.3, 0.0, 3.4)",walkIfCan,Mike_7 Root,
S_A_L_T_WALK_IF_CAN,34433,3/15/2023 1:35:43 PM,f92400e2-63f5-4bb8-95b3-dcf065e17414,"(3.7, 0.0, 6.0)",walkIfCan,Gloria_8 Root,
S_A_L_T_WALKED,34433,3/15/2023 1:35:43 PM,f92400e2-63f5-4bb8-95b3-dcf065e17414,"(3.7, 0.0, 6.0)",walked,Gloria_8 Root,
S_A_L_T_WALK_IF_CAN,34434,3/15/2023 1:35:43 PM,f92400e2-63f5-4bb8-95b3-dcf065e17414,"(3.9, 0.0, 8.0)",walkIfCan,Helga_10 Root,
S_A_L_T_WALKED,34434,3/15/2023 1:35:43 PM,f92400e2-63f5-4bb8-95b3-dcf065e17414,"(3.9, 0.0, 8.0)",walked,Helga_10 Root,
VOICE_CAPTURE,48428,3/15/2023 1:35:57 PM,f92400e2-63f5-4bb8-95b3-dcf065e17414,wave,NA,
VOICE_COMMAND,48428,3/15/2023 1:35:57 PM,f92400e2-63f5-4bb8-95b3-dcf065e17414,wave if you can,wave,
S_A_L_T_WAVE_IF_CAN,48430,3/15/2023 1:35:57 PM,f92400e2-63f5-4bb8-95b3-dcf065e17414,"(3.0, 0.0, 4.5)",waveIfCan,Lily_2 Root,
S_A_L_T_WAVED,48430,3/15/2023 1:35:57 PM,f92400e2-63f5-4bb8-95b3-dcf065e17414,"(3.0, 0.0, 4.5)",waved,Lily_2 Root,
S_A_L_T_WAVE_IF_CAN,48430,3/15/2023 1:35:57 PM,f92400e2-63f5-4bb8-95b3-dcf065e17414,"(1.2, 0.0, 6.2)",waveIfCan,Lily_4 Root,
S_A_L_T_WAVED,48430,3/15/2023 1:35:57 PM,f92400e2-63f5-4bb8-95b3-dcf065e17414,"(1.2, 0.0, 6.2)",waved,Lily_4 Root,
S_A_L_T_WAVE_IF_CAN,48430,3/15/2023 1:35:57 PM,f92400e2-63f5-4bb8-95b3-dcf065e17414,"(2.7, 0.0, 2.3)",waveIfCan,Mike_5 Root,
S_A_L_T_WAVED,48430,3/15/2023 1:35:57 PM,f92400e2-63f5-4bb8-95b3-dcf065e17414,"(2.7, 0.0, 2.3)",waved,Mike_5 Root,
S_A_L_T_WAVE_IF_CAN,48430,3/15/2023 1:35:57 PM,f92400e2-63f5-4bb8-95b3-dcf065e17414,"(-1.2, 0.0, 3.1)",waveIfCan,Gloria_6 Root,
S_A_L_T_WAVED,48430,3/15/2023 1:35:57 PM,f92400e2-63f5-4bb8-95b3-dcf065e17414,"(-1.2, 0.0, 3.1)",waved,Gloria_6 Root,
S_A_L_T_WAVE_IF_CAN,48430,3/15/2023 1:35:57 PM,f92400e2-63f5-4bb8-95b3-dcf065e17414,"(1.3, 0.0, 3.4)",waveIfCan,Mike_7 Root,
S_A_L_T_WAVED,48430,3/15/2023 1:35:57 PM,f92400e2-63f5-4bb8-95b3-dcf065e17414,"(1.3, 0.0, 3.4)",waved,Mike_7 Root,
S_A_L_T_WAVE_IF_CAN,48430,3/15/2023 1:35:57 PM,f92400e2-63f5-4bb8-95b3-dcf065e17414,"(4.4, 0.0, -1.1)",waveIfCan,Gloria_8 Root,
S_A_L_T_WAVED,48430,3/15/2023 1:35:57 PM,f92400e2-63f5-4bb8-95b3-dcf065e17414,"(4.4, 0.0, -1.1)",waved,Gloria_8 Root,
S_A_L_T_WAVE_IF_CAN,48431,3/15/2023 1:35:57 PM,f92400e2-63f5-4bb8-95b3-dcf065e17414,"(4.5, 0.0, -3.3)",waveIfCan,Helga_10 Root,
S_A_L_T_WALK_IF_CAN,48445,3/15/2023 1:35:57 PM,f92400e2-63f5-4bb8-95b3-dcf065e17414,"(4.4, 0.0, -1.1)",walkIfCan,Gloria_8 Root,
S_A_L_T_WALKED,48445,3/15/2023 1:35:57 PM,f92400e2-63f5-4bb8-95b3-dcf065e17414,"(4.4, 0.0, -1.1)",walked,Gloria_8 Root,
S_A_L_T_WALK_IF_CAN,48446,3/15/2023 1:35:57 PM,f92400e2-63f5-4bb8-95b3-dcf065e17414,"(4.5, 0.0, -3.3)",walkIfCan,Helga_10 Root,
S_A_L_T_WALKED,48446,3/15/2023 1:35:57 PM,f92400e2-63f5-4bb8-95b3-dcf065e17414,"(4.5, 0.0, -3.3)",walked,Helga_10 Root,
TELEPORT,53905,3/15/2023 1:36:03 PM,f92400e2-63f5-4bb8-95b3-dcf065e17414,"(0.8, 0.0, -2.3)",
PATIENT_ENGAGED,59374,3/15/2023 1:36:08 PM,f92400e2-63f5-4bb8-95b3-dcf065e17414,100,0,Gary_3 Root,"(0.4, 0.0, 1.7)","(0.0, 0.0, 0.0, 1.0)",IMMEDIATE,still,faint,collapsedRight,normal,unresponsive,supine,
TELEPORT,59866,3/15/2023 1:36:09 PM,f92400e2-63f5-4bb8-95b3-dcf065e17414,"(0.7, 0.0, 0.3)",
PULSE_TAKEN,64907,3/15/2023 1:36:14 PM,f92400e2-63f5-4bb8-95b3-dcf065e17414,pulse_faint,Gary_3 Root,
PULSE_TAKEN,66468,3/15/2023 1:36:15 PM,f92400e2-63f5-4bb8-95b3-dcf065e17414,pulse_faint,Gary_3 Root,
PULSE_TAKEN,67920,3/15/2023 1:36:17 PM,f92400e2-63f5-4bb8-95b3-dcf065e17414,pulse_faint,Gary_3 Root,
PULSE_TAKEN,70191,3/15/2023 1:36:19 PM,f92400e2-63f5-4bb8-95b3-dcf065e17414,pulse_faint,Gary_3 Root,
BAG_ACCESS,71228,3/15/2023 1:36:20 PM,f92400e2-63f5-4bb8-95b3-dcf065e17414,"(0.8, 0.4, 0.7)",
PULSE_TAKEN,72947,3/15/2023 1:36:22 PM,f92400e2-63f5-4bb8-95b3-dcf065e17414,pulse_faint,Gary_3 Root,
TOOL_HOVER,75473,3/15/2023 1:36:24 PM,f92400e2-63f5-4bb8-95b3-dcf065e17414,Tourniquet,999,
TOOL_HOVER,75501,3/15/2023 1:36:24 PM,f92400e2-63f5-4bb8-95b3-dcf065e17414,Tourniquet,999,
TOOL_HOVER,75530,3/15/2023 1:36:24 PM,f92400e2-63f5-4bb8-95b3-dcf065e17414,Tourniquet,999,
TOOL_HOVER,75557,3/15/2023 1:36:24 PM,f92400e2-63f5-4bb8-95b3-dcf065e17414,Tourniquet,999,
TOOL_HOVER,75584,3/15/2023 1:36:24 PM,f92400e2-63f5-4bb8-95b3-dcf065e17414,Tourniquet,999,
TOOL_HOVER,75612,3/15/2023 1:36:24 PM,f92400e2-63f5-4bb8-95b3-dcf065e17414,Tourniquet,999,
TOOL_HOVER,75640,3/15/2023 1:36:24 PM,f92400e2-63f5-4bb8-95b3-dcf065e17414,Tourniquet,999,
TOOL_HOVER,75669,3/15/2023 1:36:24 PM,f92400e2-63f5-4bb8-95b3-dcf065e17414,Tourniquet,999,
TOOL_HOVER,75696,3/15/2023 1:36:24 PM,f92400e2-63f5-4bb8-95b3-dcf065e17414,Needle,999,
TOOL_HOVER,75724,3/15/2023 1:36:25 PM,f92400e2-63f5-4bb8-95b3-dcf065e17414,Needle,999,
TOOL_HOVER,75752,3/15/2023 1:36:25 PM,f92400e2-63f5-4bb8-95b3-dcf065e17414,Needle,999,
TOOL_HOVER,75779,3/15/2023 1:36:25 PM,f92400e2-63f5-4bb8-95b3-dcf065e17414,Needle,999,
TOOL_HOVER,75807,3/15/2023 1:36:25 PM,f92400e2-63f5-4bb8-95b3-dcf065e17414,Needle,999,
TOOL_HOVER,75836,3/15/2023 1:36:25 PM,f92400e2-63f5-4bb8-95b3-dcf065e17414,Needle,999,
TOOL_HOVER,75862,3/15/2023 1:36:25 PM,f92400e2-63f5-4bb8-95b3-dcf065e17414,Needle,999,
TOOL_HOVER,75891,3/15/2023 1:36:25 PM,f92400e2-63f5-4bb8-95b3-dcf065e17414,Needle,999,
TOOL_HOVER,75919,3/15/2023 1:36:25 PM,f92400e2-63f5-4bb8-95b3-dcf065e17414,Needle,999,
TOOL_HOVER,75946,3/15/2023 1:36:25 PM,f92400e2-63f5-4bb8-95b3-dcf065e17414,Needle,999,
TOOL_HOVER,75975,3/15/2023 1:36:25 PM,f92400e2-63f5-4bb8-95b3-dcf065e17414,Needle,999,
TOOL_SELECTED,75979,3/15/2023 1:36:25 PM,f92400e2-63f5-4bb8-95b3-dcf065e17414,Needle,998,
INJURY_TREATED,83913,3/15/2023 1:36:33 PM,f92400e2-63f5-4bb8-95b3-dcf065e17414,R Chest Collapse,Gary_3 Root,decompress,high,chest,True,False,"(0.0, 0.0, 0.0)",
TOOL_APPLIED,83914,3/15/2023 1:36:33 PM,f92400e2-63f5-4bb8-95b3-dcf065e17414,Needle_Decomp(Clone),Needle,RChest_Breathe1 (UnityEngine.GameObject),cath_needle (UnityEngine.GameObject),right_chest,Needle_Decomp(Clone) (UnityEngine.GameObject),AppliedDecompNeedle,
TOOL_HOVER,93503,3/15/2023 1:36:42 PM,f92400e2-63f5-4bb8-95b3-dcf065e17414,Needle,998,
TOOL_HOVER,93528,3/15/2023 1:36:42 PM,f92400e2-63f5-4bb8-95b3-dcf065e17414,Needle,998,
TOOL_HOVER,93598,3/15/2023 1:36:42 PM,f92400e2-63f5-4bb8-95b3-dcf065e17414,Needle,998,
TOOL_HOVER,93609,3/15/2023 1:36:42 PM,f92400e2-63f5-4bb8-95b3-dcf065e17414,Needle,998,
TOOL_HOVER,93636,3/15/2023 1:36:42 PM,f92400e2-63f5-4bb8-95b3-dcf065e17414,Needle,998,
TOOL_HOVER,93664,3/15/2023 1:36:42 PM,f92400e2-63f5-4bb8-95b3-dcf065e17414,Needle,998,
TOOL_HOVER,93692,3/15/2023 1:36:42 PM,f92400e2-63f5-4bb8-95b3-dcf065e17414,Needle,998,
TOOL_HOVER,93720,3/15/2023 1:36:43 PM,f92400e2-63f5-4bb8-95b3-dcf065e17414,Needle,998,
TOOL_HOVER,93748,3/15/2023 1:36:43 PM,f92400e2-63f5-4bb8-95b3-dcf065e17414,Needle,998,
TOOL_HOVER,93776,3/15/2023 1:36:43 PM,f92400e2-63f5-4bb8-95b3-dcf065e17414,Needle,998,
TOOL_HOVER,93803,3/15/2023 1:36:43 PM,f92400e2-63f5-4bb8-95b3-dcf065e17414,Needle,998,
TOOL_HOVER,93831,3/15/2023 1:36:43 PM,f92400e2-63f5-4bb8-95b3-dcf065e17414,Needle,998,
TOOL_HOVER,93859,3/15/2023 1:36:43 PM,f92400e2-63f5-4bb8-95b3-dcf065e17414,Needle,998,
TOOL_HOVER,93887,3/15/2023 1:36:43 PM,f92400e2-63f5-4bb8-95b3-dcf065e17414,Needle,998,
TOOL_SELECTED,93888,3/15/2023 1:36:43 PM,f92400e2-63f5-4bb8-95b3-dcf065e17414,Needle,997,
INJURY_TREATED,96570,3/15/2023 1:36:45 PM,f92400e2-63f5-4bb8-95b3-dcf065e17414,R Chest Collapse,Gary_3 Root,decompress,high,chest,True,False,"(0.0, 0.0, 0.0)",
TOOL_APPLIED,96572,3/15/2023 1:36:45 PM,f92400e2-63f5-4bb8-95b3-dcf065e17414,Needle_Decomp(Clone),Needle,LChest_Breathe1 (UnityEngine.GameObject),cath_needle (UnityEngine.GameObject),left_chest,Needle_Decomp(Clone) (UnityEngine.GameObject),AppliedDecompNeedle,
PULSE_TAKEN,100058,3/15/2023 1:36:49 PM,f92400e2-63f5-4bb8-95b3-dcf065e17414,pulse_faint,Gary_3 Root,
TAG_SELECTED,102682,3/15/2023 1:36:51 PM,f92400e2-63f5-4bb8-95b3-dcf065e17414,red,
TAG_APPLIED,104990,3/15/2023 1:36:54 PM,f92400e2-63f5-4bb8-95b3-dcf065e17414,Gary_3 Root,red,
PULSE_TAKEN,109069,3/15/2023 1:36:58 PM,f92400e2-63f5-4bb8-95b3-dcf065e17414,pulse_faint,Gary_3 Root,
BAG_CLOSED,110003,3/15/2023 1:36:59 PM,f92400e2-63f5-4bb8-95b3-dcf065e17414,"(0.8, 0.4, 0.7)",
TELEPORT,115314,3/15/2023 1:37:04 PM,f92400e2-63f5-4bb8-95b3-dcf065e17414,"(0.7, 0.0, 0.4)",
PATIENT_ENGAGED,119099,3/15/2023 1:37:08 PM,f92400e2-63f5-4bb8-95b3-dcf065e17414,100,Infinity,Bob_0 Root,"(-1.7, 0.0, 5.6)","(0.0, 0.7, 0.0, 0.7)",DEAD,still,none,none,none,dead,supine,
PULSE_TAKEN,122435,3/15/2023 1:37:11 PM,f92400e2-63f5-4bb8-95b3-dcf065e17414,pulse_none,Bob_0 Root,
PULSE_TAKEN,123640,3/15/2023 1:37:12 PM,f92400e2-63f5-4bb8-95b3-dcf065e17414,pulse_none,Bob_0 Root,
PULSE_TAKEN,123695,3/15/2023 1:37:12 PM,f92400e2-63f5-4bb8-95b3-dcf065e17414,pulse_none,Bob_0 Root,
BAG_ACCESS,133690,3/15/2023 1:37:22 PM,f92400e2-63f5-4bb8-95b3-dcf065e17414,"(-1.5, 0.7, 4.7)",
TAG_SELECTED,135428,3/15/2023 1:37:24 PM,f92400e2-63f5-4bb8-95b3-dcf065e17414,black,
TAG_APPLIED,137787,3/15/2023 1:37:27 PM,f92400e2-63f5-4bb8-95b3-dcf065e17414,Bob_0 Root,black,
VOICE_CAPTURE,144089,3/15/2023 1:37:33 PM,f92400e2-63f5-4bb8-95b3-dcf065e17414,wave,NA,
VOICE_COMMAND,144089,3/15/2023 1:37:33 PM,f92400e2-63f5-4bb8-95b3-dcf065e17414,wave if you can,wave,
S_A_L_T_WAVE_IF_CAN,144090,3/15/2023 1:37:33 PM,f92400e2-63f5-4bb8-95b3-dcf065e17414,"(3.0, 0.0, 4.5)",waveIfCan,Lily_2 Root,
S_A_L_T_WAVED,144090,3/15/2023 1:37:33 PM,f92400e2-63f5-4bb8-95b3-dcf065e17414,"(3.0, 0.0, 4.5)",waved,Lily_2 Root,
S_A_L_T_WAVE_IF_CAN,144090,3/15/2023 1:37:33 PM,f92400e2-63f5-4bb8-95b3-dcf065e17414,"(1.2, 0.0, 6.2)",waveIfCan,Lily_4 Root,
S_A_L_T_WAVED,144090,3/15/2023 1:37:33 PM,f92400e2-63f5-4bb8-95b3-dcf065e17414,"(1.2, 0.0, 6.2)",waved,Lily_4 Root,
S_A_L_T_WAVE_IF_CAN,144090,3/15/2023 1:37:33 PM,f92400e2-63f5-4bb8-95b3-dcf065e17414,"(2.7, 0.0, 2.3)",waveIfCan,Mike_5 Root,
S_A_L_T_WAVED,144090,3/15/2023 1:37:33 PM,f92400e2-63f5-4bb8-95b3-dcf065e17414,"(2.7, 0.0, 2.3)",waved,Mike_5 Root,
S_A_L_T_WAVE_IF_CAN,144090,3/15/2023 1:37:33 PM,f92400e2-63f5-4bb8-95b3-dcf065e17414,"(-1.2, 0.0, 3.1)",waveIfCan,Gloria_6 Root,
S_A_L_T_WAVED,144090,3/15/2023 1:37:33 PM,f92400e2-63f5-4bb8-95b3-dcf065e17414,"(-1.2, 0.0, 3.1)",waved,Gloria_6 Root,
S_A_L_T_WAVE_IF_CAN,144090,3/15/2023 1:37:33 PM,f92400e2-63f5-4bb8-95b3-dcf065e17414,"(1.3, 0.0, 3.4)",waveIfCan,Mike_7 Root,
S_A_L_T_WAVED,144090,3/15/2023 1:37:33 PM,f92400e2-63f5-4bb8-95b3-dcf065e17414,"(1.3, 0.0, 3.4)",waved,Mike_7 Root,
S_A_L_T_WAVE_IF_CAN,144091,3/15/2023 1:37:33 PM,f92400e2-63f5-4bb8-95b3-dcf065e17414,"(4.3, 0.0, -1.2)",waveIfCan,Gloria_8 Root,
S_A_L_T_WAVED,144091,3/15/2023 1:37:33 PM,f92400e2-63f5-4bb8-95b3-dcf065e17414,"(4.3, 0.0, -1.2)",waved,Gloria_8 Root,
S_A_L_T_WAVE_IF_CAN,144091,3/15/2023 1:37:33 PM,f92400e2-63f5-4bb8-95b3-dcf065e17414,"(4.6, 0.0, -3.6)",waveIfCan,Helga_10 Root,
S_A_L_T_WAVED,144091,3/15/2023 1:37:33 PM,f92400e2-63f5-4bb8-95b3-dcf065e17414,"(4.6, 0.0, -3.6)",waved,Helga_10 Root,
BAG_CLOSED,148632,3/15/2023 1:37:37 PM,f92400e2-63f5-4bb8-95b3-dcf065e17414,"(-1.5, 0.7, 4.7)",
TELEPORT,148632,3/15/2023 1:37:37 PM,f92400e2-63f5-4bb8-95b3-dcf065e17414,"(-1.1, 0.0, 4.2)",
PATIENT_ENGAGED,152035,3/15/2023 1:37:41 PM,f92400e2-63f5-4bb8-95b3-dcf065e17414,100,Infinity,Gary_1 Root,"(1.6, 0.0, 7.6)","(0.0, 1.0, 0.0, 0.0)",EXPECTANT,still,none,restricted,none,unresponsive,supine,
PULSE_TAKEN,160293,3/15/2023 1:37:49 PM,f92400e2-63f5-4bb8-95b3-dcf065e17414,pulse_none,Gary_1 Root,
PULSE_TAKEN,164174,3/15/2023 1:37:53 PM,f92400e2-63f5-4bb8-95b3-dcf065e17414,pulse_none,Gary_1 Root,
BAG_ACCESS,179688,3/15/2023 1:38:08 PM,f92400e2-63f5-4bb8-95b3-dcf065e17414,"(0.8, 0.7, 7.7)",
