PATIENT_DEMOTED,9281,3/10/2023 7:53:44 AM,cf714cd2-2824-4ad2-8d98-3199b1df0bdb,100,Infinity,Mike_1 Root,"(2.6, 0.0, 0.1)","(0.0, 0.7, 0.0, -0.7)",DELAYED,waver,normal,normal,normal,upset,recovery,
PATIENT_DEMOTED,9922,3/10/2023 7:53:45 AM,cf714cd2-2824-4ad2-8d98-3199b1df0bdb,100,Infinity,Mike_2 Root,"(2.6, 0.0, 2.4)","(0.0, 0.7, 0.0, -0.7)",IMMEDIATE,walker,fast,normal,normal,upset,sittingGround,
VOICE_CAPTURE,10020,3/10/2023 7:53:45 AM,cf714cd2-2824-4ad2-8d98-3199b1df0bdb,set lay down,NA,
VOICE_COMMAND,10020,3/10/2023 7:53:45 AM,cf714cd2-2824-4ad2-8d98-3199b1df0bdb,lay down,set lay down,
PATIENT_DEMOTED,10584,3/10/2023 7:53:46 AM,cf714cd2-2824-4ad2-8d98-3199b1df0bdb,100,128,Mike_3 Root,"(3.0, 0.0, 4.3)","(0.0, 0.7, 0.0, -0.7)",IMMEDIATE,still,faint,collapsedRight,normal,unresponsive,supine,
SESSION_START,11991,3/10/2023 7:53:47 AM,cf714cd2-2824-4ad2-8d98-3199b1df0bdb,
PATIENT_RECORD,11992,3/10/2023 7:53:47 AM,cf714cd2-2824-4ad2-8d98-3199b1df0bdb,100,Infinity,Mike_0 Root,"(2.6, 0.0, -1.4)","(0.0, 0.7, 0.0, -0.7)",MINIMAL,walker,normal,normal,normal,upset,sittingGround,
INJURY_RECORD,11992,3/10/2023 7:53:47 AM,cf714cd2-2824-4ad2-8d98-3199b1df0bdb,R Forearm Laceration,Mike_0 Root,gauzePressure,low,rightArm,False,False,"(2.7, 1.4, -0.9)",
PATIENT_RECORD,11992,3/10/2023 7:53:47 AM,cf714cd2-2824-4ad2-8d98-3199b1df0bdb,100,Infinity,Mike_1 Root,"(2.9, 0.0, 0.1)","(0.0, 0.7, 0.0, -0.7)",DELAYED,waver,normal,normal,normal,upset,recovery,
INJURY_RECORD,11992,3/10/2023 7:53:47 AM,cf714cd2-2824-4ad2-8d98-3199b1df0bdb,L Thigh Laceration,Mike_1 Root,tourniquet,medium,leftLeg,False,False,"(2.8, 0.7, -0.1)",
PATIENT_RECORD,11992,3/10/2023 7:53:47 AM,cf714cd2-2824-4ad2-8d98-3199b1df0bdb,100,Infinity,Mike_2 Root,"(3.1, 0.0, 2.2)","(0.0, 0.7, 0.0, -0.7)",IMMEDIATE,walker,fast,normal,normal,upset,sittingGround,
INJURY_RECORD,11992,3/10/2023 7:53:47 AM,cf714cd2-2824-4ad2-8d98-3199b1df0bdb,L Shoulder Puncture,Mike_2 Root,woundpack,medium,chest,False,False,"(3.1, 1.5, 2.1)",
PATIENT_RECORD,11992,3/10/2023 7:53:47 AM,cf714cd2-2824-4ad2-8d98-3199b1df0bdb,100,128,Mike_3 Root,"(3.2, 0.0, 4.3)","(0.0, 0.7, 0.0, -0.7)",IMMEDIATE,still,faint,collapsedRight,normal,unresponsive,supine,
INJURY_RECORD,11992,3/10/2023 7:53:47 AM,cf714cd2-2824-4ad2-8d98-3199b1df0bdb,R Chest Collapse,Mike_3 Root,decompress,high,chest,False,False,"(0.0, 0.0, 0.0)",
VOICE_CAPTURE,26135,3/10/2023 7:54:01 AM,cf714cd2-2824-4ad2-8d98-3199b1df0bdb,you know you know show me where you're hurt they will respond to that OK you can tell them to do things you can also install the first thing you wanna do is we wanna sort patients and i'm gonna sell this,NA,
VOICE_COMMAND,26136,3/10/2023 7:54:01 AM,cf714cd2-2824-4ad2-8d98-3199b1df0bdb,are you hurt,you know you know show me where you're hurt they will respond to that OK you can tell them to do things you can also install the first thing you wanna do is we wanna sort patients and i'm gonna sell this,
VOICE_COMMAND,26136,3/10/2023 7:54:01 AM,cf714cd2-2824-4ad2-8d98-3199b1df0bdb,reveal injury,you know you know show me where you're hurt they will respond to that OK you can tell them to do things you can also install the first thing you wanna do is we wanna sort patients and i'm gonna sell this,
VOICE_CAPTURE,35343,3/10/2023 7:54:10 AM,cf714cd2-2824-4ad2-8d98-3199b1df0bdb,so you know i would walk in see those four patients i would go and say if anybody can hear me i want you to WLK over here OK,NA,
VOICE_COMMAND,35343,3/10/2023 7:54:10 AM,cf714cd2-2824-4ad2-8d98-3199b1df0bdb,walk to the safe area,so you know i would walk in see those four patients i would go and say if anybody can hear me i want you to WLK over here OK,
S_A_L_T_WALK_IF_CAN,35345,3/10/2023 7:54:10 AM,cf714cd2-2824-4ad2-8d98-3199b1df0bdb,"(2.6, 0.0, -1.4)",walkIfCan,Mike_0 Root,
S_A_L_T_WALKED,35345,3/10/2023 7:54:10 AM,cf714cd2-2824-4ad2-8d98-3199b1df0bdb,"(2.6, 0.0, -1.4)",walked,Mike_0 Root,
S_A_L_T_WALK_IF_CAN,35347,3/10/2023 7:54:10 AM,cf714cd2-2824-4ad2-8d98-3199b1df0bdb,"(2.9, 0.0, 0.1)",walkIfCan,Mike_1 Root,
S_A_L_T_WALK_IF_CAN,35347,3/10/2023 7:54:10 AM,cf714cd2-2824-4ad2-8d98-3199b1df0bdb,"(3.1, 0.0, 2.2)",walkIfCan,Mike_2 Root,
S_A_L_T_WALKED,35347,3/10/2023 7:54:10 AM,cf714cd2-2824-4ad2-8d98-3199b1df0bdb,"(3.1, 0.0, 2.2)",walked,Mike_2 Root,
VOICE_CAPTURE,38896,3/10/2023 7:54:14 AM,cf714cd2-2824-4ad2-8d98-3199b1df0bdb,OK and then,NA,
VOICE_CAPTURE,41857,3/10/2023 7:54:17 AM,cf714cd2-2824-4ad2-8d98-3199b1df0bdb,perfect,NA,
VOICE_CAPTURE,45406,3/10/2023 7:54:21 AM,cf714cd2-2824-4ad2-8d98-3199b1df0bdb,and then,NA,
VOICE_CAPTURE,48366,3/10/2023 7:54:23 AM,cf714cd2-2824-4ad2-8d98-3199b1df0bdb,so once they're out of the way then,NA,
VOICE_CAPTURE,57010,3/10/2023 7:54:32 AM,cf714cd2-2824-4ad2-8d98-3199b1df0bdb,i want you to WBE and that tells you who can follow commands and OK,NA,
VOICE_CAPTURE,73778,3/10/2023 7:54:49 AM,cf714cd2-2824-4ad2-8d98-3199b1df0bdb,you go and you see someone who has a complete amputation you're gonna stop throw a tourniquet on that person and you know go ahead check paul's tag them and then move on to your unconscious patient yeah that person's gonna bleed out really fast yeah so,NA,
VOICE_CAPTURE,84270,3/10/2023 7:54:59 AM,cf714cd2-2824-4ad2-8d98-3199b1df0bdb,you use your your global sort commands and then then you'll teleport so go ahead and do that WAVE command OK everybody can hear me wave,NA,
VOICE_COMMAND,84270,3/10/2023 7:54:59 AM,cf714cd2-2824-4ad2-8d98-3199b1df0bdb,wave if you can,you use your your global sort commands and then then you'll teleport so go ahead and do that WAVE command OK everybody can hear me wave,
S_A_L_T_WAVE_IF_CAN,84272,3/10/2023 7:54:59 AM,cf714cd2-2824-4ad2-8d98-3199b1df0bdb,"(4.1, 0.0, -2.4)",waveIfCan,Mike_0 Root,
S_A_L_T_WAVED,84272,3/10/2023 7:54:59 AM,cf714cd2-2824-4ad2-8d98-3199b1df0bdb,"(4.1, 0.0, -2.4)",waved,Mike_0 Root,
S_A_L_T_WAVE_IF_CAN,84272,3/10/2023 7:54:59 AM,cf714cd2-2824-4ad2-8d98-3199b1df0bdb,"(2.9, 0.0, 0.1)",waveIfCan,Mike_1 Root,
S_A_L_T_WAVED,84272,3/10/2023 7:54:59 AM,cf714cd2-2824-4ad2-8d98-3199b1df0bdb,"(2.9, 0.0, 0.1)",waved,Mike_1 Root,
S_A_L_T_WAVE_IF_CAN,84272,3/10/2023 7:54:59 AM,cf714cd2-2824-4ad2-8d98-3199b1df0bdb,"(4.7, 0.0, -3.3)",waveIfCan,Mike_2 Root,
S_A_L_T_WAVED,84272,3/10/2023 7:54:59 AM,cf714cd2-2824-4ad2-8d98-3199b1df0bdb,"(4.7, 0.0, -3.3)",waved,Mike_2 Root,
VOICE_CAPTURE,84355,3/10/2023 7:54:59 AM,cf714cd2-2824-4ad2-8d98-3199b1df0bdb,wave,NA,
VOICE_COMMAND,84355,3/10/2023 7:54:59 AM,cf714cd2-2824-4ad2-8d98-3199b1df0bdb,wave if you can,wave,
TELEPORT,90838,3/10/2023 7:55:06 AM,cf714cd2-2824-4ad2-8d98-3199b1df0bdb,"(0.8, 0.0, -3.4)",
VOICE_CAPTURE,92625,3/10/2023 7:55:08 AM,cf714cd2-2824-4ad2-8d98-3199b1df0bdb,alright so go ahead and teleport to the guy that is unconscious,NA,
BAG_ACCESS,96883,3/10/2023 7:55:12 AM,cf714cd2-2824-4ad2-8d98-3199b1df0bdb,"(2.5, 0.7, 4.4)",
PULSE_TAKEN,105688,3/10/2023 7:55:21 AM,cf714cd2-2824-4ad2-8d98-3199b1df0bdb,pulse_faint,Mike_3 Root,
VOICE_CAPTURE,114776,3/10/2023 7:55:30 AM,cf714cd2-2824-4ad2-8d98-3199b1df0bdb,and you feel that vibration in your remote don't read into pulses it's a yes or no question don't worry about OK,NA,
VOICE_CAPTURE,122411,3/10/2023 7:55:38 AM,cf714cd2-2824-4ad2-8d98-3199b1df0bdb,so look at this guys chest he's got redness on the right side that chest is kind of compressed on that side,NA,
TOOL_HOVER,124836,3/10/2023 7:55:40 AM,cf714cd2-2824-4ad2-8d98-3199b1df0bdb,Needle,999,
TOOL_HOVER,124853,3/10/2023 7:55:40 AM,cf714cd2-2824-4ad2-8d98-3199b1df0bdb,Needle,999,
TOOL_SELECTED,124856,3/10/2023 7:55:40 AM,cf714cd2-2824-4ad2-8d98-3199b1df0bdb,Needle,998,
PATIENT_ENGAGED,126305,3/10/2023 7:55:41 AM,cf714cd2-2824-4ad2-8d98-3199b1df0bdb,100,128,Mike_3 Root,"(3.2, 0.0, 4.3)","(0.0, 0.7, 0.0, -0.7)",IMMEDIATE,still,faint,collapsedRight,normal,unresponsive,supine,
INJURY_TREATED,127628,3/10/2023 7:55:43 AM,cf714cd2-2824-4ad2-8d98-3199b1df0bdb,R Chest Collapse,Mike_3 Root,decompress,high,chest,True,False,"(0.0, 0.0, 0.0)",
TOOL_APPLIED,127628,3/10/2023 7:55:43 AM,cf714cd2-2824-4ad2-8d98-3199b1df0bdb,Needle_Decomp(Clone),Needle,RChest_Breathe1 (UnityEngine.GameObject),cath_needle (UnityEngine.GameObject),right_chest,Needle_Decomp(Clone) (UnityEngine.GameObject),AppliedDecompNeedle,
TAG_SELECTED,136296,3/10/2023 7:55:51 AM,cf714cd2-2824-4ad2-8d98-3199b1df0bdb,red,
VOICE_CAPTURE,137097,3/10/2023 7:55:52 AM,cf714cd2-2824-4ad2-8d98-3199b1df0bdb,and then notice like you don't hear his respirations anymore so go ahead and tag this OK,NA,
TAG_APPLIED,138737,3/10/2023 7:55:54 AM,cf714cd2-2824-4ad2-8d98-3199b1df0bdb,Mike_3 Root,red,
VOICE_CAPTURE,152335,3/10/2023 7:56:07 AM,cf714cd2-2824-4ad2-8d98-3199b1df0bdb,awesome so in the program cody everybody gets a pulse check everybody gets a tag and they get a life threat treated OK,NA,
BAG_CLOSED,154343,3/10/2023 7:56:09 AM,cf714cd2-2824-4ad2-8d98-3199b1df0bdb,"(2.5, 0.7, 4.4)",
TELEPORT,154343,3/10/2023 7:56:09 AM,cf714cd2-2824-4ad2-8d98-3199b1df0bdb,"(3.1, 0.0, 3.8)",
VOICE_CAPTURE,156112,3/10/2023 7:56:11 AM,cf714cd2-2824-4ad2-8d98-3199b1df0bdb,and this this thing follows me alright,NA,
PATIENT_ENGAGED,156783,3/10/2023 7:56:12 AM,cf714cd2-2824-4ad2-8d98-3199b1df0bdb,100,Infinity,Mike_1 Root,"(2.9, 0.0, 0.1)","(0.0, 0.7, 0.0, -0.7)",DELAYED,waver,normal,normal,normal,upset,recovery,
VOICE_CAPTURE,157732,3/10/2023 7:56:13 AM,cf714cd2-2824-4ad2-8d98-3199b1df0bdb,it'll always end up,NA,
VOICE_CAPTURE,159887,3/10/2023 7:56:15 AM,cf714cd2-2824-4ad2-8d98-3199b1df0bdb,OK,NA,
PULSE_TAKEN,159887,3/10/2023 7:56:15 AM,cf714cd2-2824-4ad2-8d98-3199b1df0bdb,pulse_normal,Mike_1 Root,
VOICE_CAPTURE,162110,3/10/2023 7:56:17 AM,cf714cd2-2824-4ad2-8d98-3199b1df0bdb,hi buddy,NA,
BAG_ACCESS,166604,3/10/2023 7:56:22 AM,cf714cd2-2824-4ad2-8d98-3199b1df0bdb,"(3.0, 0.4, 1.2)",
VOICE_CAPTURE,167089,3/10/2023 7:56:22 AM,cf714cd2-2824-4ad2-8d98-3199b1df0bdb,they've got a pulse,NA,
VOICE_CAPTURE,169479,3/10/2023 7:56:25 AM,cf714cd2-2824-4ad2-8d98-3199b1df0bdb,show me,NA,
VOICE_COMMAND,169479,3/10/2023 7:56:25 AM,cf714cd2-2824-4ad2-8d98-3199b1df0bdb,reveal injury,show me,
TOOL_HOVER,171132,3/10/2023 7:56:26 AM,cf714cd2-2824-4ad2-8d98-3199b1df0bdb,Tourniquet,999,
TOOL_HOVER,171149,3/10/2023 7:56:26 AM,cf714cd2-2824-4ad2-8d98-3199b1df0bdb,Tourniquet,999,
TOOL_HOVER,171165,3/10/2023 7:56:26 AM,cf714cd2-2824-4ad2-8d98-3199b1df0bdb,Tourniquet,999,
TOOL_HOVER,171183,3/10/2023 7:56:26 AM,cf714cd2-2824-4ad2-8d98-3199b1df0bdb,Tourniquet,999,
TOOL_HOVER,171200,3/10/2023 7:56:26 AM,cf714cd2-2824-4ad2-8d98-3199b1df0bdb,Tourniquet,999,
TOOL_HOVER,171217,3/10/2023 7:56:26 AM,cf714cd2-2824-4ad2-8d98-3199b1df0bdb,Tourniquet,999,
TOOL_HOVER,171232,3/10/2023 7:56:26 AM,cf714cd2-2824-4ad2-8d98-3199b1df0bdb,Tourniquet,999,
TOOL_HOVER,171249,3/10/2023 7:56:26 AM,cf714cd2-2824-4ad2-8d98-3199b1df0bdb,Tourniquet,999,
TOOL_HOVER,171266,3/10/2023 7:56:26 AM,cf714cd2-2824-4ad2-8d98-3199b1df0bdb,Tourniquet,999,
TOOL_HOVER,171282,3/10/2023 7:56:26 AM,cf714cd2-2824-4ad2-8d98-3199b1df0bdb,Tourniquet,999,
TOOL_HOVER,171299,3/10/2023 7:56:26 AM,cf714cd2-2824-4ad2-8d98-3199b1df0bdb,Tourniquet,999,
TOOL_HOVER,171317,3/10/2023 7:56:26 AM,cf714cd2-2824-4ad2-8d98-3199b1df0bdb,Tourniquet,999,
TOOL_HOVER,171333,3/10/2023 7:56:26 AM,cf714cd2-2824-4ad2-8d98-3199b1df0bdb,Tourniquet,999,
TOOL_HOVER,171349,3/10/2023 7:56:26 AM,cf714cd2-2824-4ad2-8d98-3199b1df0bdb,Tourniquet,999,
TOOL_HOVER,171366,3/10/2023 7:56:26 AM,cf714cd2-2824-4ad2-8d98-3199b1df0bdb,Tourniquet,999,
TOOL_HOVER,171383,3/10/2023 7:56:27 AM,cf714cd2-2824-4ad2-8d98-3199b1df0bdb,Tourniquet,999,
TOOL_HOVER,171399,3/10/2023 7:56:27 AM,cf714cd2-2824-4ad2-8d98-3199b1df0bdb,Tourniquet,999,
TOOL_HOVER,171417,3/10/2023 7:56:27 AM,cf714cd2-2824-4ad2-8d98-3199b1df0bdb,Tourniquet,999,
TOOL_HOVER,171433,3/10/2023 7:56:27 AM,cf714cd2-2824-4ad2-8d98-3199b1df0bdb,Tourniquet,999,
TOOL_HOVER,171450,3/10/2023 7:56:27 AM,cf714cd2-2824-4ad2-8d98-3199b1df0bdb,Tourniquet,999,
TOOL_HOVER,171466,3/10/2023 7:56:27 AM,cf714cd2-2824-4ad2-8d98-3199b1df0bdb,Tourniquet,999,
TOOL_HOVER,171483,3/10/2023 7:56:27 AM,cf714cd2-2824-4ad2-8d98-3199b1df0bdb,Tourniquet,999,
TOOL_HOVER,171499,3/10/2023 7:56:27 AM,cf714cd2-2824-4ad2-8d98-3199b1df0bdb,Tourniquet,999,
TOOL_HOVER,171516,3/10/2023 7:56:27 AM,cf714cd2-2824-4ad2-8d98-3199b1df0bdb,Tourniquet,999,
TOOL_HOVER,171533,3/10/2023 7:56:27 AM,cf714cd2-2824-4ad2-8d98-3199b1df0bdb,Tourniquet,999,
TOOL_HOVER,171550,3/10/2023 7:56:27 AM,cf714cd2-2824-4ad2-8d98-3199b1df0bdb,Tourniquet,999,
TOOL_HOVER,171567,3/10/2023 7:56:27 AM,cf714cd2-2824-4ad2-8d98-3199b1df0bdb,Tourniquet,999,
TOOL_HOVER,171583,3/10/2023 7:56:27 AM,cf714cd2-2824-4ad2-8d98-3199b1df0bdb,Tourniquet,999,
TOOL_HOVER,171600,3/10/2023 7:56:27 AM,cf714cd2-2824-4ad2-8d98-3199b1df0bdb,Tourniquet,999,
TOOL_HOVER,171616,3/10/2023 7:56:27 AM,cf714cd2-2824-4ad2-8d98-3199b1df0bdb,Tourniquet,999,
TOOL_HOVER,171632,3/10/2023 7:56:27 AM,cf714cd2-2824-4ad2-8d98-3199b1df0bdb,Tourniquet,999,
TOOL_HOVER,171651,3/10/2023 7:56:27 AM,cf714cd2-2824-4ad2-8d98-3199b1df0bdb,Tourniquet,999,
TOOL_HOVER,171667,3/10/2023 7:56:27 AM,cf714cd2-2824-4ad2-8d98-3199b1df0bdb,Tourniquet,999,
TOOL_HOVER,171684,3/10/2023 7:56:27 AM,cf714cd2-2824-4ad2-8d98-3199b1df0bdb,Tourniquet,999,
TOOL_HOVER,171699,3/10/2023 7:56:27 AM,cf714cd2-2824-4ad2-8d98-3199b1df0bdb,Tourniquet,999,
TOOL_HOVER,171717,3/10/2023 7:56:27 AM,cf714cd2-2824-4ad2-8d98-3199b1df0bdb,Tourniquet,999,
TOOL_HOVER,171733,3/10/2023 7:56:27 AM,cf714cd2-2824-4ad2-8d98-3199b1df0bdb,Tourniquet,999,
TOOL_HOVER,171751,3/10/2023 7:56:27 AM,cf714cd2-2824-4ad2-8d98-3199b1df0bdb,Tourniquet,999,
TOOL_HOVER,171767,3/10/2023 7:56:27 AM,cf714cd2-2824-4ad2-8d98-3199b1df0bdb,Tourniquet,999,
TOOL_SELECTED,171768,3/10/2023 7:56:27 AM,cf714cd2-2824-4ad2-8d98-3199b1df0bdb,Tourniquet,998,
VOICE_CAPTURE,172503,3/10/2023 7:56:28 AM,cf714cd2-2824-4ad2-8d98-3199b1df0bdb,yep oh just confirming with you i see bleeding his leg here,NA,
VOICE_CAPTURE,172904,3/10/2023 7:56:28 AM,cf714cd2-2824-4ad2-8d98-3199b1df0bdb,show me,NA,
VOICE_COMMAND,172904,3/10/2023 7:56:28 AM,cf714cd2-2824-4ad2-8d98-3199b1df0bdb,reveal injury,show me,
TOOL_APPLIED,175110,3/10/2023 7:56:30 AM,cf714cd2-2824-4ad2-8d98-3199b1df0bdb,Mike_1 Root,Tourniquet,LeftUpLeg (UnityEngine.GameObject),tor_ring (1) (UnityEngine.GameObject),tourniquet(Clone) (UnityEngine.GameObject),AppliedTourniquet,
TOOL_HOVER,178434,3/10/2023 7:56:34 AM,cf714cd2-2824-4ad2-8d98-3199b1df0bdb,Tourniquet,998,
TOOL_HOVER,178451,3/10/2023 7:56:34 AM,cf714cd2-2824-4ad2-8d98-3199b1df0bdb,Tourniquet,998,
TOOL_HOVER,178468,3/10/2023 7:56:34 AM,cf714cd2-2824-4ad2-8d98-3199b1df0bdb,Tourniquet,998,
TOOL_HOVER,178486,3/10/2023 7:56:34 AM,cf714cd2-2824-4ad2-8d98-3199b1df0bdb,Tourniquet,998,
TOOL_HOVER,178501,3/10/2023 7:56:34 AM,cf714cd2-2824-4ad2-8d98-3199b1df0bdb,Tourniquet,998,
TOOL_HOVER,178519,3/10/2023 7:56:34 AM,cf714cd2-2824-4ad2-8d98-3199b1df0bdb,Tourniquet,998,
TOOL_HOVER,178535,3/10/2023 7:56:34 AM,cf714cd2-2824-4ad2-8d98-3199b1df0bdb,Tourniquet,998,
TOOL_HOVER,178552,3/10/2023 7:56:34 AM,cf714cd2-2824-4ad2-8d98-3199b1df0bdb,Tourniquet,998,
TOOL_HOVER,178568,3/10/2023 7:56:34 AM,cf714cd2-2824-4ad2-8d98-3199b1df0bdb,Tourniquet,998,
TOOL_HOVER,178585,3/10/2023 7:56:34 AM,cf714cd2-2824-4ad2-8d98-3199b1df0bdb,Tourniquet,998,
TOOL_HOVER,178601,3/10/2023 7:56:34 AM,cf714cd2-2824-4ad2-8d98-3199b1df0bdb,Tourniquet,998,
TOOL_HOVER,178618,3/10/2023 7:56:34 AM,cf714cd2-2824-4ad2-8d98-3199b1df0bdb,Tourniquet,998,
TOOL_HOVER,178635,3/10/2023 7:56:34 AM,cf714cd2-2824-4ad2-8d98-3199b1df0bdb,Tourniquet,998,
TOOL_HOVER,178652,3/10/2023 7:56:34 AM,cf714cd2-2824-4ad2-8d98-3199b1df0bdb,Tourniquet,998,
TOOL_SELECTED,178653,3/10/2023 7:56:34 AM,cf714cd2-2824-4ad2-8d98-3199b1df0bdb,Tourniquet,997,
VOICE_CAPTURE,180489,3/10/2023 7:56:36 AM,cf714cd2-2824-4ad2-8d98-3199b1df0bdb,so yep,NA,
INJURY_TREATED,182895,3/10/2023 7:56:38 AM,cf714cd2-2824-4ad2-8d98-3199b1df0bdb,L Thigh Laceration,Mike_1 Root,tourniquet,medium,leftLeg,True,False,"(2.9, 0.3, 0.4)",
TOOL_APPLIED,182896,3/10/2023 7:56:38 AM,cf714cd2-2824-4ad2-8d98-3199b1df0bdb,Mike_1 Root,Tourniquet,LeftUpLeg (UnityEngine.GameObject),tor_ring (1) (UnityEngine.GameObject),tourniquet(Clone) (UnityEngine.GameObject),AppliedTourniquet,
VOICE_CAPTURE,185619,3/10/2023 7:56:41 AM,cf714cd2-2824-4ad2-8d98-3199b1df0bdb,there you go,NA,
VOICE_CAPTURE,187656,3/10/2023 7:56:43 AM,cf714cd2-2824-4ad2-8d98-3199b1df0bdb,there you go,NA,
TAG_SELECTED,193488,3/10/2023 7:56:49 AM,cf714cd2-2824-4ad2-8d98-3199b1df0bdb,yellow,
VOICE_CAPTURE,196694,3/10/2023 7:56:52 AM,cf714cd2-2824-4ad2-8d98-3199b1df0bdb,the tree that life threat with them and you stop that from you can actually be a delayed instead of a red OK so i go with this guy,NA,
TAG_APPLIED,197347,3/10/2023 7:56:52 AM,cf714cd2-2824-4ad2-8d98-3199b1df0bdb,Mike_1 Root,yellow,
VOICE_CAPTURE,211849,3/10/2023 7:57:07 AM,cf714cd2-2824-4ad2-8d98-3199b1df0bdb,coke yeah,NA,
VOICE_CAPTURE,215975,3/10/2023 7:57:11 AM,cf714cd2-2824-4ad2-8d98-3199b1df0bdb,OK,NA,
BAG_CLOSED,216878,3/10/2023 7:57:12 AM,cf714cd2-2824-4ad2-8d98-3199b1df0bdb,"(3.0, 0.4, 1.2)",
TELEPORT,216878,3/10/2023 7:57:12 AM,cf714cd2-2824-4ad2-8d98-3199b1df0bdb,"(2.8, 0.0, 0.4)",
VOICE_CAPTURE,219301,3/10/2023 7:57:14 AM,cf714cd2-2824-4ad2-8d98-3199b1df0bdb,alright,NA,
PATIENT_ENGAGED,220102,3/10/2023 7:57:15 AM,cf714cd2-2824-4ad2-8d98-3199b1df0bdb,100,Infinity,Mike_0 Root,"(4.1, 0.0, -2.4)","(0.0, 0.6, 0.0, -0.8)",MINIMAL,walker,normal,normal,normal,upset,sittingGround,
VOICE_CAPTURE,221891,3/10/2023 7:57:17 AM,cf714cd2-2824-4ad2-8d98-3199b1df0bdb,are you hurt,NA,
VOICE_COMMAND,221891,3/10/2023 7:57:17 AM,cf714cd2-2824-4ad2-8d98-3199b1df0bdb,are you hurt,are you hurt,
VOICE_CAPTURE,227653,3/10/2023 7:57:23 AM,cf714cd2-2824-4ad2-8d98-3199b1df0bdb,i hear wheezing with this guy,NA,
PATIENT_ENGAGED,227872,3/10/2023 7:57:23 AM,cf714cd2-2824-4ad2-8d98-3199b1df0bdb,100,Infinity,Mike_2 Root,"(4.7, 0.0, -3.3)","(0.0, 0.7, 0.0, -0.8)",IMMEDIATE,walker,fast,normal,normal,upset,sittingGround,
PULSE_TAKEN,228557,3/10/2023 7:57:24 AM,cf714cd2-2824-4ad2-8d98-3199b1df0bdb,pulse_fast,Mike_2 Root,
VOICE_CAPTURE,228591,3/10/2023 7:57:24 AM,cf714cd2-2824-4ad2-8d98-3199b1df0bdb,are you hurt,NA,
VOICE_COMMAND,228591,3/10/2023 7:57:24 AM,cf714cd2-2824-4ad2-8d98-3199b1df0bdb,are you hurt,are you hurt,
VOICE_CAPTURE,231781,3/10/2023 7:57:27 AM,cf714cd2-2824-4ad2-8d98-3199b1df0bdb,are you hurt,NA,
VOICE_COMMAND,231781,3/10/2023 7:57:27 AM,cf714cd2-2824-4ad2-8d98-3199b1df0bdb,are you hurt,are you hurt,
BAG_ACCESS,233988,3/10/2023 7:57:29 AM,cf714cd2-2824-4ad2-8d98-3199b1df0bdb,"(4.9, 0.5, -3.5)",
TOOL_HOVER,236227,3/10/2023 7:57:31 AM,cf714cd2-2824-4ad2-8d98-3199b1df0bdb,Hemostatic Gauze,999,
TOOL_HOVER,236243,3/10/2023 7:57:31 AM,cf714cd2-2824-4ad2-8d98-3199b1df0bdb,Hemostatic Gauze,999,
TOOL_HOVER,236258,3/10/2023 7:57:31 AM,cf714cd2-2824-4ad2-8d98-3199b1df0bdb,Hemostatic Gauze,999,
TOOL_HOVER,236275,3/10/2023 7:57:31 AM,cf714cd2-2824-4ad2-8d98-3199b1df0bdb,Hemostatic Gauze,999,
TOOL_HOVER,236292,3/10/2023 7:57:31 AM,cf714cd2-2824-4ad2-8d98-3199b1df0bdb,Hemostatic Gauze,999,
TOOL_HOVER,236309,3/10/2023 7:57:31 AM,cf714cd2-2824-4ad2-8d98-3199b1df0bdb,Hemostatic Gauze,999,
TOOL_HOVER,236325,3/10/2023 7:57:31 AM,cf714cd2-2824-4ad2-8d98-3199b1df0bdb,Hemostatic Gauze,999,
TOOL_HOVER,236342,3/10/2023 7:57:31 AM,cf714cd2-2824-4ad2-8d98-3199b1df0bdb,Hemostatic Gauze,999,
TOOL_HOVER,236358,3/10/2023 7:57:31 AM,cf714cd2-2824-4ad2-8d98-3199b1df0bdb,Hemostatic Gauze,999,
TOOL_HOVER,236376,3/10/2023 7:57:32 AM,cf714cd2-2824-4ad2-8d98-3199b1df0bdb,Hemostatic Gauze,999,
TOOL_HOVER,236392,3/10/2023 7:57:32 AM,cf714cd2-2824-4ad2-8d98-3199b1df0bdb,Hemostatic Gauze,999,
TOOL_HOVER,236409,3/10/2023 7:57:32 AM,cf714cd2-2824-4ad2-8d98-3199b1df0bdb,Hemostatic Gauze,999,
TOOL_HOVER,236426,3/10/2023 7:57:32 AM,cf714cd2-2824-4ad2-8d98-3199b1df0bdb,Hemostatic Gauze,999,
TOOL_HOVER,236443,3/10/2023 7:57:32 AM,cf714cd2-2824-4ad2-8d98-3199b1df0bdb,Hemostatic Gauze,999,
TOOL_HOVER,236459,3/10/2023 7:57:32 AM,cf714cd2-2824-4ad2-8d98-3199b1df0bdb,Hemostatic Gauze,999,
TOOL_SELECTED,236459,3/10/2023 7:57:32 AM,cf714cd2-2824-4ad2-8d98-3199b1df0bdb,Hemostatic Gauze,998,
VOICE_CAPTURE,236693,3/10/2023 7:57:32 AM,cf714cd2-2824-4ad2-8d98-3199b1df0bdb,there,NA,
TOOL_DISCARDED,239486,3/10/2023 7:57:35 AM,cf714cd2-2824-4ad2-8d98-3199b1df0bdb,Hemostatic Gauze,998,"(4.8, 0.4, -3.1)",
INJURY_TREATED,239487,3/10/2023 7:57:35 AM,cf714cd2-2824-4ad2-8d98-3199b1df0bdb,L Shoulder Puncture,Mike_2 Root,woundpack,medium,chest,True,False,"(4.9, 0.4, -3.1)",
TOOL_APPLIED,239487,3/10/2023 7:57:35 AM,cf714cd2-2824-4ad2-8d98-3199b1df0bdb,Mike_2 Root,Gauze_Pack,skinCollider_BodyCollideLOD (UnityEngine.GameObject),null,null,AppliedPackingGauze,
VOICE_CAPTURE,244062,3/10/2023 7:57:39 AM,cf714cd2-2824-4ad2-8d98-3199b1df0bdb,hey it's respirations are better now,NA,
TAG_SELECTED,248105,3/10/2023 7:57:43 AM,cf714cd2-2824-4ad2-8d98-3199b1df0bdb,red,
VOICE_CAPTURE,248238,3/10/2023 7:57:43 AM,cf714cd2-2824-4ad2-8d98-3199b1df0bdb,i still wanna mark him as a,NA,
TAG_APPLIED,250209,3/10/2023 7:57:45 AM,cf714cd2-2824-4ad2-8d98-3199b1df0bdb,Mike_2 Root,red,
VOICE_CAPTURE,252215,3/10/2023 7:57:47 AM,cf714cd2-2824-4ad2-8d98-3199b1df0bdb,red OK,NA,
VOICE_CAPTURE,254519,3/10/2023 7:57:50 AM,cf714cd2-2824-4ad2-8d98-3199b1df0bdb,go up there,NA,
PATIENT_ENGAGED,259048,3/10/2023 7:57:54 AM,cf714cd2-2824-4ad2-8d98-3199b1df0bdb,100,Infinity,Mike_0 Root,"(4.1, 0.0, -2.4)","(0.0, 0.6, 0.0, -0.8)",MINIMAL,walker,normal,normal,normal,upset,sittingGround,
VOICE_CAPTURE,262323,3/10/2023 7:57:57 AM,cf714cd2-2824-4ad2-8d98-3199b1df0bdb,OK so he's a red and i don't see anything else wrong with him so i won't go over here,NA,
PULSE_TAKEN,263159,3/10/2023 7:57:58 AM,cf714cd2-2824-4ad2-8d98-3199b1df0bdb,pulse_normal,Mike_0 Root,
VOICE_CAPTURE,267619,3/10/2023 7:58:03 AM,cf714cd2-2824-4ad2-8d98-3199b1df0bdb,pause,NA,
TOOL_HOVER,268037,3/10/2023 7:58:03 AM,cf714cd2-2824-4ad2-8d98-3199b1df0bdb,Gauze,999,
TOOL_HOVER,268054,3/10/2023 7:58:03 AM,cf714cd2-2824-4ad2-8d98-3199b1df0bdb,Gauze,999,
TOOL_HOVER,268071,3/10/2023 7:58:03 AM,cf714cd2-2824-4ad2-8d98-3199b1df0bdb,Gauze,999,
TOOL_HOVER,268088,3/10/2023 7:58:03 AM,cf714cd2-2824-4ad2-8d98-3199b1df0bdb,Gauze,999,
TOOL_HOVER,268104,3/10/2023 7:58:03 AM,cf714cd2-2824-4ad2-8d98-3199b1df0bdb,Gauze,999,
TOOL_HOVER,268122,3/10/2023 7:58:03 AM,cf714cd2-2824-4ad2-8d98-3199b1df0bdb,Gauze,999,
TOOL_HOVER,268137,3/10/2023 7:58:03 AM,cf714cd2-2824-4ad2-8d98-3199b1df0bdb,Gauze,999,
TOOL_HOVER,268154,3/10/2023 7:58:03 AM,cf714cd2-2824-4ad2-8d98-3199b1df0bdb,Gauze,999,
TOOL_HOVER,268171,3/10/2023 7:58:03 AM,cf714cd2-2824-4ad2-8d98-3199b1df0bdb,Gauze,999,
TOOL_HOVER,268188,3/10/2023 7:58:03 AM,cf714cd2-2824-4ad2-8d98-3199b1df0bdb,Gauze,999,
TOOL_HOVER,268204,3/10/2023 7:58:03 AM,cf714cd2-2824-4ad2-8d98-3199b1df0bdb,Gauze,999,
TOOL_HOVER,268222,3/10/2023 7:58:03 AM,cf714cd2-2824-4ad2-8d98-3199b1df0bdb,Gauze,999,
TOOL_HOVER,268237,3/10/2023 7:58:03 AM,cf714cd2-2824-4ad2-8d98-3199b1df0bdb,Gauze,999,
TOOL_HOVER,268255,3/10/2023 7:58:03 AM,cf714cd2-2824-4ad2-8d98-3199b1df0bdb,Gauze,999,
TOOL_HOVER,268272,3/10/2023 7:58:03 AM,cf714cd2-2824-4ad2-8d98-3199b1df0bdb,Gauze,999,
TOOL_HOVER,268289,3/10/2023 7:58:03 AM,cf714cd2-2824-4ad2-8d98-3199b1df0bdb,Gauze,999,
TOOL_HOVER,268306,3/10/2023 7:58:03 AM,cf714cd2-2824-4ad2-8d98-3199b1df0bdb,Gauze,999,
TOOL_HOVER,268322,3/10/2023 7:58:03 AM,cf714cd2-2824-4ad2-8d98-3199b1df0bdb,Gauze,999,
TOOL_HOVER,268338,3/10/2023 7:58:03 AM,cf714cd2-2824-4ad2-8d98-3199b1df0bdb,Gauze,999,
TOOL_HOVER,268355,3/10/2023 7:58:03 AM,cf714cd2-2824-4ad2-8d98-3199b1df0bdb,Gauze,999,
TOOL_HOVER,268372,3/10/2023 7:58:04 AM,cf714cd2-2824-4ad2-8d98-3199b1df0bdb,Gauze,999,
TOOL_HOVER,268389,3/10/2023 7:58:04 AM,cf714cd2-2824-4ad2-8d98-3199b1df0bdb,Gauze,999,
TOOL_HOVER,268405,3/10/2023 7:58:04 AM,cf714cd2-2824-4ad2-8d98-3199b1df0bdb,Gauze,999,
TOOL_HOVER,268422,3/10/2023 7:58:04 AM,cf714cd2-2824-4ad2-8d98-3199b1df0bdb,Gauze,999,
TOOL_HOVER,268439,3/10/2023 7:58:04 AM,cf714cd2-2824-4ad2-8d98-3199b1df0bdb,Gauze,999,
TOOL_SELECTED,268440,3/10/2023 7:58:04 AM,cf714cd2-2824-4ad2-8d98-3199b1df0bdb,Gauze,998,
VOICE_CAPTURE,269592,3/10/2023 7:58:05 AM,cf714cd2-2824-4ad2-8d98-3199b1df0bdb,show me,NA,
VOICE_COMMAND,269592,3/10/2023 7:58:05 AM,cf714cd2-2824-4ad2-8d98-3199b1df0bdb,reveal injury,show me,
TOOL_DISCARDED,270343,3/10/2023 7:58:05 AM,cf714cd2-2824-4ad2-8d98-3199b1df0bdb,Gauze,998,"(4.3, 0.5, -2.4)",
INJURY_TREATED,270344,3/10/2023 7:58:05 AM,cf714cd2-2824-4ad2-8d98-3199b1df0bdb,R Forearm Laceration,Mike_0 Root,gauzePressure,low,rightArm,True,False,"(4.3, 0.4, -2.4)",
TOOL_APPLIED,270344,3/10/2023 7:58:05 AM,cf714cd2-2824-4ad2-8d98-3199b1df0bdb,Mike_0 Root,Gauze_Dressing,skinCollider_BodyCollideLOD (UnityEngine.GameObject),null,null,AppliedDressingGauze,
VOICE_CAPTURE,270743,3/10/2023 7:58:06 AM,cf714cd2-2824-4ad2-8d98-3199b1df0bdb,and then this got cut,NA,
VOICE_CAPTURE,274388,3/10/2023 7:58:10 AM,cf714cd2-2824-4ad2-8d98-3199b1df0bdb,it looks like an ace wrap but it's actually more like,NA,
TAG_SELECTED,274724,3/10/2023 7:58:10 AM,cf714cd2-2824-4ad2-8d98-3199b1df0bdb,green,
VOICE_CAPTURE,276257,3/10/2023 7:58:11 AM,cf714cd2-2824-4ad2-8d98-3199b1df0bdb,perfect,NA,
VOICE_CAPTURE,277811,3/10/2023 7:58:13 AM,cf714cd2-2824-4ad2-8d98-3199b1df0bdb,OK,NA,
TAG_APPLIED,278533,3/10/2023 7:58:14 AM,cf714cd2-2824-4ad2-8d98-3199b1df0bdb,Mike_0 Root,green,
BAG_CLOSED,286988,3/10/2023 7:58:22 AM,cf714cd2-2824-4ad2-8d98-3199b1df0bdb,"(4.9, 0.5, -3.5)",
VOICE_CAPTURE,294599,3/10/2023 7:58:30 AM,cf714cd2-2824-4ad2-8d98-3199b1df0bdb,is that blood on his plate that is blood from his laceration there's no hidden injuries in the program so notice like when you look at him one sleeve is down and one is pulled up or gone OK,NA,
VOICE_COMMAND,294599,3/10/2023 7:58:30 AM,cf714cd2-2824-4ad2-8d98-3199b1df0bdb,are you hurt,is that blood on his plate that is blood from his laceration there's no hidden injuries in the program so notice like when you look at him one sleeve is down and one is pulled up or gone OK,
VOICE_CAPTURE,299733,3/10/2023 7:58:35 AM,cf714cd2-2824-4ad2-8d98-3199b1df0bdb,if that's OK,NA,
BAG_ACCESS,302941,3/10/2023 7:58:38 AM,cf714cd2-2824-4ad2-8d98-3199b1df0bdb,"(3.5, 0.7, -2.1)",
VOICE_CAPTURE,303507,3/10/2023 7:58:39 AM,cf714cd2-2824-4ad2-8d98-3199b1df0bdb,let's see looking at your tags and your,NA,
TAG_SELECTED,306800,3/10/2023 7:58:42 AM,cf714cd2-2824-4ad2-8d98-3199b1df0bdb,gray,
VOICE_CAPTURE,319497,3/10/2023 7:58:55 AM,cf714cd2-2824-4ad2-8d98-3199b1df0bdb,remember salt has that new tag says spective tag yep that one right there so if you come up on someone who doesn't have a pulse and they have agonal respirations that's gonna be somebody that would get an expected tag OK,NA,
TAG_DISCARDED,319748,3/10/2023 7:58:55 AM,cf714cd2-2824-4ad2-8d98-3199b1df0bdb,gray,"(3.5, 1.1, -2.2)",
SESSION_END,321120,3/10/2023 7:58:56 AM,cf714cd2-2824-4ad2-8d98-3199b1df0bdb,
VOICE_CAPTURE,323257,3/10/2023 7:58:58 AM,cf714cd2-2824-4ad2-8d98-3199b1df0bdb,but they're not dead yet OK yeah,NA,
VOICE_CAPTURE,326165,3/10/2023 7:59:01 AM,cf714cd2-2824-4ad2-8d98-3199b1df0bdb,let's do it,NA,
BAG_CLOSED,327117,3/10/2023 7:59:02 AM,cf714cd2-2824-4ad2-8d98-3199b1df0bdb,"(3.5, 0.7, -2.1)",
PATIENT_DEMOTED,327785,3/10/2023 7:59:03 AM,cf714cd2-2824-4ad2-8d98-3199b1df0bdb,100,Infinity,Bob_0 Root,"(-1.4, 0.0, 5.6)","(0.0, 0.7, 0.0, 0.7)",EXPECTANT,still,faint,restricted,none,unresponsive,supine,
PATIENT_DEMOTED,328013,3/10/2023 7:59:03 AM,cf714cd2-2824-4ad2-8d98-3199b1df0bdb,100,Infinity,Bob_0 Root,"(-1.5, 0.0, 5.6)","(0.0, 0.7, 0.0, 0.7)",DEAD,still,none,none,none,dead,supine,
PATIENT_DEMOTED,328144,3/10/2023 7:59:03 AM,cf714cd2-2824-4ad2-8d98-3199b1df0bdb,100,Infinity,Gary_1 Root,"(1.7, 0.0, 7.4)","(0.0, 1.0, 0.0, 0.0)",EXPECTANT,still,faint,restricted,none,unresponsive,supine,
PATIENT_DEMOTED,328867,3/10/2023 7:59:04 AM,cf714cd2-2824-4ad2-8d98-3199b1df0bdb,100,Infinity,Lily_2 Root,"(2.8, 0.0, 4.3)","(0.0, 1.0, 0.0, 0.0)",IMMEDIATE,waver,fast,fast,normal,agony,fetal,
PATIENT_DEMOTED,329545,3/10/2023 7:59:05 AM,cf714cd2-2824-4ad2-8d98-3199b1df0bdb,100,0,Gary_3 Root,"(0.3, 0.0, 1.6)","(0.0, 0.0, 0.0, 1.0)",IMMEDIATE,still,faint,collapsedRight,normal,unresponsive,supine,
PATIENT_DEMOTED,330128,3/10/2023 7:59:05 AM,cf714cd2-2824-4ad2-8d98-3199b1df0bdb,100,Infinity,Lily_4 Root,"(1.2, 0.0, 6.3)","(0.0, 1.0, 0.0, 0.0)",IMMEDIATE,waver,fast,normal,normal,upset,fetal,
PATIENT_DEMOTED,330957,3/10/2023 7:59:06 AM,cf714cd2-2824-4ad2-8d98-3199b1df0bdb,100,Infinity,Mike_5 Root,"(2.4, 0.0, 2.3)","(0.0, 1.0, 0.0, 0.0)",IMMEDIATE,waver,fast,normal,normal,upset,fetal,
PATIENT_DEMOTED,331518,3/10/2023 7:59:07 AM,cf714cd2-2824-4ad2-8d98-3199b1df0bdb,100,Infinity,Gloria_6 Root,"(-1.0, 0.0, 2.9)","(0.0, 0.4, 0.0, 0.9)",DELAYED,waver,fast,normal,normal,upset,fetal,
PATIENT_DEMOTED,332225,3/10/2023 7:59:07 AM,cf714cd2-2824-4ad2-8d98-3199b1df0bdb,100,Infinity,Mike_7 Root,"(1.7, 0.0, 3.9)","(0.0, 0.1, 0.0, 1.0)",IMMEDIATE,waver,fast,normal,normal,upset,sittingGround,
PATIENT_DEMOTED,332595,3/10/2023 7:59:08 AM,cf714cd2-2824-4ad2-8d98-3199b1df0bdb,100,Infinity,Mike_7 Root,"(1.0, 0.0, 3.7)","(0.0, 0.1, 0.0, 1.0)",DELAYED,waver,fast,normal,normal,upset,sittingGround,
SESSION_START,335549,3/10/2023 7:59:11 AM,cf714cd2-2824-4ad2-8d98-3199b1df0bdb,
PATIENT_RECORD,335549,3/10/2023 7:59:11 AM,cf714cd2-2824-4ad2-8d98-3199b1df0bdb,100,Infinity,Bob_0 Root,"(-1.7, 0.0, 5.7)","(0.0, 0.7, 0.0, 0.7)",DEAD,still,none,none,none,dead,supine,
INJURY_RECORD,335549,3/10/2023 7:59:11 AM,cf714cd2-2824-4ad2-8d98-3199b1df0bdb,Face Shrapnel,Bob_0 Root,airway,high,head,False,False,"(-1.6, 1.7, 5.6)",
INJURY_RECORD,335549,3/10/2023 7:59:11 AM,cf714cd2-2824-4ad2-8d98-3199b1df0bdb,L Wrist Amputation,Bob_0 Root,tourniquet,high,leftArm,False,False,"(-1.7, 1.4, 6.3)",
INJURY_RECORD,335549,3/10/2023 7:59:11 AM,cf714cd2-2824-4ad2-8d98-3199b1df0bdb,L Chest Collapse,Bob_0 Root,decompress,high,chest,False,False,"(0.0, 0.0, 0.0)",
INJURY_RECORD,335549,3/10/2023 7:59:11 AM,cf714cd2-2824-4ad2-8d98-3199b1df0bdb,L Stomach Puncture,Bob_0 Root,woundpack,high,abdomen,False,False,"(-1.6, 1.1, 5.7)",
INJURY_RECORD,335549,3/10/2023 7:59:11 AM,cf714cd2-2824-4ad2-8d98-3199b1df0bdb,R Shin Amputation,Bob_0 Root,tourniquet,high,rightLeg,False,False,"(-1.7, 0.4, 5.6)",
INJURY_RECORD,335549,3/10/2023 7:59:11 AM,cf714cd2-2824-4ad2-8d98-3199b1df0bdb,L Thigh Laceration,Bob_0 Root,tourniquet,medium,leftLeg,False,False,"(-1.6, 0.7, 5.8)",
PATIENT_RECORD,335549,3/10/2023 7:59:11 AM,cf714cd2-2824-4ad2-8d98-3199b1df0bdb,100,Infinity,Gary_1 Root,"(1.6, 0.0, 7.6)","(0.0, 1.0, 0.0, 0.0)",EXPECTANT,still,none,restricted,none,unresponsive,supine,
INJURY_RECORD,335549,3/10/2023 7:59:11 AM,cf714cd2-2824-4ad2-8d98-3199b1df0bdb,Face Shrapnel,Gary_1 Root,airway,high,head,False,False,"(1.6, 1.7, 7.6)",
PATIENT_RECORD,335549,3/10/2023 7:59:11 AM,cf714cd2-2824-4ad2-8d98-3199b1df0bdb,100,Infinity,Lily_2 Root,"(3.0, 0.0, 4.5)","(0.0, 1.0, 0.0, 0.0)",IMMEDIATE,waver,fast,fast,normal,agony,fetal,
INJURY_RECORD,335549,3/10/2023 7:59:11 AM,cf714cd2-2824-4ad2-8d98-3199b1df0bdb,R Shin Amputation,Lily_2 Root,tourniquet,high,rightLeg,False,False,"(2.9, 0.4, 4.5)",
PATIENT_RECORD,335549,3/10/2023 7:59:11 AM,cf714cd2-2824-4ad2-8d98-3199b1df0bdb,100,0,Gary_3 Root,"(0.4, 0.0, 1.7)","(0.0, 0.0, 0.0, 1.0)",IMMEDIATE,still,faint,collapsedRight,normal,unresponsive,supine,
INJURY_RECORD,335549,3/10/2023 7:59:11 AM,cf714cd2-2824-4ad2-8d98-3199b1df0bdb,R Chest Collapse,Gary_3 Root,decompress,high,chest,False,False,"(0.0, 0.0, 0.0)",
PATIENT_RECORD,335549,3/10/2023 7:59:11 AM,cf714cd2-2824-4ad2-8d98-3199b1df0bdb,100,Infinity,Lily_4 Root,"(1.2, 0.0, 6.2)","(0.0, 1.0, 0.0, 0.0)",IMMEDIATE,waver,fast,normal,normal,upset,fetal,
INJURY_RECORD,335549,3/10/2023 7:59:11 AM,cf714cd2-2824-4ad2-8d98-3199b1df0bdb,L Side Puncture,Lily_4 Root,woundpack,medium,abdomen,False,False,"(1.3, 1.0, 6.2)",
PATIENT_RECORD,335549,3/10/2023 7:59:11 AM,cf714cd2-2824-4ad2-8d98-3199b1df0bdb,100,Infinity,Mike_5 Root,"(2.7, 0.0, 2.3)","(0.0, 1.0, 0.0, 0.0)",IMMEDIATE,waver,fast,normal,normal,upset,fetal,
INJURY_RECORD,335549,3/10/2023 7:59:11 AM,cf714cd2-2824-4ad2-8d98-3199b1df0bdb,R Side Puncture,Mike_5 Root,woundpack,medium,abdomen,False,False,"(2.6, 1.1, 2.2)",
INJURY_RECORD,335549,3/10/2023 7:59:11 AM,cf714cd2-2824-4ad2-8d98-3199b1df0bdb,R Thigh Laceration,Mike_5 Root,tourniquet,medium,rightLeg,False,False,"(2.5, 0.6, 2.2)",
PATIENT_RECORD,335549,3/10/2023 7:59:11 AM,cf714cd2-2824-4ad2-8d98-3199b1df0bdb,100,Infinity,Gloria_6 Root,"(-1.2, 0.0, 3.1)","(0.0, 0.4, 0.0, 0.9)",DELAYED,waver,fast,normal,normal,upset,fetal,
INJURY_RECORD,335549,3/10/2023 7:59:11 AM,cf714cd2-2824-4ad2-8d98-3199b1df0bdb,R Calf Shrapnel,Gloria_6 Root,gauzePressure,medium,rightLeg,False,False,"(-1.1, 0.3, 3.0)",
PATIENT_RECORD,335549,3/10/2023 7:59:11 AM,cf714cd2-2824-4ad2-8d98-3199b1df0bdb,100,Infinity,Mike_7 Root,"(1.3, 0.0, 3.4)","(0.0, 0.1, 0.0, 1.0)",DELAYED,waver,fast,normal,normal,upset,sittingGround,
INJURY_RECORD,335549,3/10/2023 7:59:11 AM,cf714cd2-2824-4ad2-8d98-3199b1df0bdb,L Thigh Puncture,Mike_7 Root,tourniquet,medium,leftLeg,False,False,"(1.3, 0.6, 3.5)",
INJURY_RECORD,335549,3/10/2023 7:59:11 AM,cf714cd2-2824-4ad2-8d98-3199b1df0bdb,R Calf Laceration,Mike_7 Root,gauzePressure,low,rightLeg,False,False,"(1.4, 0.3, 3.4)",
PATIENT_RECORD,335549,3/10/2023 7:59:11 AM,cf714cd2-2824-4ad2-8d98-3199b1df0bdb,100,Infinity,Gloria_8 Root,"(3.7, 0.0, 6.0)","(0.0, 1.0, 0.0, 0.0)",MINIMAL,walker,normal,normal,normal,upset,sittingGround,
INJURY_RECORD,335549,3/10/2023 7:59:11 AM,cf714cd2-2824-4ad2-8d98-3199b1df0bdb,L Forearm Laceration,Gloria_8 Root,gauzePressure,low,leftArm,False,False,"(4.2, 1.3, 6.0)",
PATIENT_RECORD,335549,3/10/2023 7:59:11 AM,cf714cd2-2824-4ad2-8d98-3199b1df0bdb,100,0,Gary_9 Root,"(2.9, 0.0, 9.0)","(0.0, 1.0, 0.0, 0.0)",MINIMAL,walker,normal,normal,limited,calm,standing,
INJURY_RECORD,335549,3/10/2023 7:59:11 AM,cf714cd2-2824-4ad2-8d98-3199b1df0bdb,Ear Bleed,Gary_9 Root,none,low,head,False,False,"(0.0, 0.0, 0.0)",
PATIENT_RECORD,335549,3/10/2023 7:59:11 AM,cf714cd2-2824-4ad2-8d98-3199b1df0bdb,100,Infinity,Helga_10 Root,"(3.9, 0.0, 8.0)","(0.0, 1.0, 0.0, 0.0)",MINIMAL,walker,normal,normal,normal,calm,sittingGround,
INJURY_RECORD,335549,3/10/2023 7:59:11 AM,cf714cd2-2824-4ad2-8d98-3199b1df0bdb,Forehead Scrape,Helga_10 Root,none,low,head,False,False,"(4.0, 1.5, 7.9)",
VOICE_CAPTURE,341772,3/10/2023 7:59:17 AM,cf714cd2-2824-4ad2-8d98-3199b1df0bdb,so just remember to teleport we're gonna put you in this scenario so you have been dispatched to the west licking subway station for a report of an explosion you're the first time seeing you're the only resource there health is 15 minutes OK,NA,
VOICE_CAPTURE,344061,3/10/2023 7:59:19 AM,cf714cd2-2824-4ad2-8d98-3199b1df0bdb,oh wow,NA,
VOICE_CAPTURE,347399,3/10/2023 7:59:23 AM,cf714cd2-2824-4ad2-8d98-3199b1df0bdb,alright everybody can hear me walk this way,NA,
VOICE_COMMAND,347399,3/10/2023 7:59:23 AM,cf714cd2-2824-4ad2-8d98-3199b1df0bdb,walk to the safe area,alright everybody can hear me walk this way,
S_A_L_T_WALK_IF_CAN,347401,3/10/2023 7:59:23 AM,cf714cd2-2824-4ad2-8d98-3199b1df0bdb,"(3.0, 0.0, 4.5)",walkIfCan,Lily_2 Root,
S_A_L_T_WALK_IF_CAN,347401,3/10/2023 7:59:23 AM,cf714cd2-2824-4ad2-8d98-3199b1df0bdb,"(1.2, 0.0, 6.2)",walkIfCan,Lily_4 Root,
S_A_L_T_WALK_IF_CAN,347401,3/10/2023 7:59:23 AM,cf714cd2-2824-4ad2-8d98-3199b1df0bdb,"(2.7, 0.0, 2.3)",walkIfCan,Mike_5 Root,
S_A_L_T_WALK_IF_CAN,347401,3/10/2023 7:59:23 AM,cf714cd2-2824-4ad2-8d98-3199b1df0bdb,"(-1.2, 0.0, 3.1)",walkIfCan,Gloria_6 Root,
S_A_L_T_WALK_IF_CAN,347401,3/10/2023 7:59:23 AM,cf714cd2-2824-4ad2-8d98-3199b1df0bdb,"(1.3, 0.0, 3.4)",walkIfCan,Mike_7 Root,
S_A_L_T_WALK_IF_CAN,347402,3/10/2023 7:59:23 AM,cf714cd2-2824-4ad2-8d98-3199b1df0bdb,"(3.7, 0.0, 6.0)",walkIfCan,Gloria_8 Root,
S_A_L_T_WALKED,347402,3/10/2023 7:59:23 AM,cf714cd2-2824-4ad2-8d98-3199b1df0bdb,"(3.7, 0.0, 6.0)",walked,Gloria_8 Root,
S_A_L_T_WALK_IF_CAN,347402,3/10/2023 7:59:23 AM,cf714cd2-2824-4ad2-8d98-3199b1df0bdb,"(3.9, 0.0, 8.0)",walkIfCan,Helga_10 Root,
S_A_L_T_WALKED,347402,3/10/2023 7:59:23 AM,cf714cd2-2824-4ad2-8d98-3199b1df0bdb,"(3.9, 0.0, 8.0)",walked,Helga_10 Root,
VOICE_CAPTURE,347954,3/10/2023 7:59:23 AM,cf714cd2-2824-4ad2-8d98-3199b1df0bdb,walk,NA,
VOICE_COMMAND,347954,3/10/2023 7:59:23 AM,cf714cd2-2824-4ad2-8d98-3199b1df0bdb,walk to the safe area,walk,
VOICE_CAPTURE,357493,3/10/2023 7:59:33 AM,cf714cd2-2824-4ad2-8d98-3199b1df0bdb,two walkers everybody can hear me wave,NA,
VOICE_COMMAND,357493,3/10/2023 7:59:33 AM,cf714cd2-2824-4ad2-8d98-3199b1df0bdb,wave if you can,two walkers everybody can hear me wave,
VOICE_COMMAND,357494,3/10/2023 7:59:33 AM,cf714cd2-2824-4ad2-8d98-3199b1df0bdb,walk to the safe area,two walkers everybody can hear me wave,
S_A_L_T_WALK_IF_CAN,357495,3/10/2023 7:59:33 AM,cf714cd2-2824-4ad2-8d98-3199b1df0bdb,"(3.0, 0.0, 4.5)",walkIfCan,Lily_2 Root,
S_A_L_T_WALK_IF_CAN,357495,3/10/2023 7:59:33 AM,cf714cd2-2824-4ad2-8d98-3199b1df0bdb,"(1.2, 0.0, 6.2)",walkIfCan,Lily_4 Root,
S_A_L_T_WALK_IF_CAN,357495,3/10/2023 7:59:33 AM,cf714cd2-2824-4ad2-8d98-3199b1df0bdb,"(2.7, 0.0, 2.3)",walkIfCan,Mike_5 Root,
S_A_L_T_WALK_IF_CAN,357495,3/10/2023 7:59:33 AM,cf714cd2-2824-4ad2-8d98-3199b1df0bdb,"(-1.2, 0.0, 3.1)",walkIfCan,Gloria_6 Root,
S_A_L_T_WALK_IF_CAN,357495,3/10/2023 7:59:33 AM,cf714cd2-2824-4ad2-8d98-3199b1df0bdb,"(1.3, 0.0, 3.4)",walkIfCan,Mike_7 Root,
VOICE_CAPTURE,358914,3/10/2023 7:59:34 AM,cf714cd2-2824-4ad2-8d98-3199b1df0bdb,wave,NA,
VOICE_COMMAND,358914,3/10/2023 7:59:34 AM,cf714cd2-2824-4ad2-8d98-3199b1df0bdb,wave if you can,wave,
S_A_L_T_WAVE_IF_CAN,358914,3/10/2023 7:59:34 AM,cf714cd2-2824-4ad2-8d98-3199b1df0bdb,"(3.0, 0.0, 4.5)",waveIfCan,Lily_2 Root,
S_A_L_T_WAVED,358914,3/10/2023 7:59:34 AM,cf714cd2-2824-4ad2-8d98-3199b1df0bdb,"(3.0, 0.0, 4.5)",waved,Lily_2 Root,
S_A_L_T_WAVE_IF_CAN,358914,3/10/2023 7:59:34 AM,cf714cd2-2824-4ad2-8d98-3199b1df0bdb,"(1.2, 0.0, 6.2)",waveIfCan,Lily_4 Root,
S_A_L_T_WAVED,358914,3/10/2023 7:59:34 AM,cf714cd2-2824-4ad2-8d98-3199b1df0bdb,"(1.2, 0.0, 6.2)",waved,Lily_4 Root,
S_A_L_T_WAVE_IF_CAN,358914,3/10/2023 7:59:34 AM,cf714cd2-2824-4ad2-8d98-3199b1df0bdb,"(2.7, 0.0, 2.3)",waveIfCan,Mike_5 Root,
S_A_L_T_WAVED,358914,3/10/2023 7:59:34 AM,cf714cd2-2824-4ad2-8d98-3199b1df0bdb,"(2.7, 0.0, 2.3)",waved,Mike_5 Root,
S_A_L_T_WAVE_IF_CAN,358914,3/10/2023 7:59:34 AM,cf714cd2-2824-4ad2-8d98-3199b1df0bdb,"(-1.2, 0.0, 3.1)",waveIfCan,Gloria_6 Root,
S_A_L_T_WAVED,358914,3/10/2023 7:59:34 AM,cf714cd2-2824-4ad2-8d98-3199b1df0bdb,"(-1.2, 0.0, 3.1)",waved,Gloria_6 Root,
S_A_L_T_WAVE_IF_CAN,358914,3/10/2023 7:59:34 AM,cf714cd2-2824-4ad2-8d98-3199b1df0bdb,"(1.3, 0.0, 3.4)",waveIfCan,Mike_7 Root,
S_A_L_T_WAVED,358914,3/10/2023 7:59:34 AM,cf714cd2-2824-4ad2-8d98-3199b1df0bdb,"(1.3, 0.0, 3.4)",waved,Mike_7 Root,
S_A_L_T_WAVE_IF_CAN,358914,3/10/2023 7:59:34 AM,cf714cd2-2824-4ad2-8d98-3199b1df0bdb,"(4.3, 0.0, -3.8)",waveIfCan,Gloria_8 Root,
S_A_L_T_WAVE_IF_CAN,358914,3/10/2023 7:59:34 AM,cf714cd2-2824-4ad2-8d98-3199b1df0bdb,"(3.0, 0.0, -1.6)",waveIfCan,Helga_10 Root,
S_A_L_T_WALK_IF_CAN,358931,3/10/2023 7:59:34 AM,cf714cd2-2824-4ad2-8d98-3199b1df0bdb,"(3.0, 0.0, 4.5)",walkIfCan,Lily_2 Root,
S_A_L_T_WALK_IF_CAN,358931,3/10/2023 7:59:34 AM,cf714cd2-2824-4ad2-8d98-3199b1df0bdb,"(1.2, 0.0, 6.2)",walkIfCan,Lily_4 Root,
S_A_L_T_WALK_IF_CAN,358931,3/10/2023 7:59:34 AM,cf714cd2-2824-4ad2-8d98-3199b1df0bdb,"(2.7, 0.0, 2.3)",walkIfCan,Mike_5 Root,
S_A_L_T_WALK_IF_CAN,358931,3/10/2023 7:59:34 AM,cf714cd2-2824-4ad2-8d98-3199b1df0bdb,"(-1.2, 0.0, 3.1)",walkIfCan,Gloria_6 Root,
S_A_L_T_WALK_IF_CAN,358931,3/10/2023 7:59:34 AM,cf714cd2-2824-4ad2-8d98-3199b1df0bdb,"(1.3, 0.0, 3.4)",walkIfCan,Mike_7 Root,
S_A_L_T_WALK_IF_CAN,358931,3/10/2023 7:59:34 AM,cf714cd2-2824-4ad2-8d98-3199b1df0bdb,"(4.3, 0.0, -3.9)",walkIfCan,Gloria_8 Root,
S_A_L_T_WALKED,358931,3/10/2023 7:59:34 AM,cf714cd2-2824-4ad2-8d98-3199b1df0bdb,"(4.3, 0.0, -3.9)",walked,Gloria_8 Root,
S_A_L_T_WALK_IF_CAN,358931,3/10/2023 7:59:34 AM,cf714cd2-2824-4ad2-8d98-3199b1df0bdb,"(3.0, 0.0, -1.6)",walkIfCan,Helga_10 Root,
S_A_L_T_WALKED,358931,3/10/2023 7:59:34 AM,cf714cd2-2824-4ad2-8d98-3199b1df0bdb,"(3.0, 0.0, -1.6)",walked,Helga_10 Root,
TELEPORT,362572,3/10/2023 7:59:38 AM,cf714cd2-2824-4ad2-8d98-3199b1df0bdb,"(0.8, 0.0, -2.3)",
VOICE_CAPTURE,365659,3/10/2023 7:59:41 AM,cf714cd2-2824-4ad2-8d98-3199b1df0bdb,alright so this guy,NA,
PATIENT_ENGAGED,365811,3/10/2023 7:59:41 AM,cf714cd2-2824-4ad2-8d98-3199b1df0bdb,100,Infinity,Bob_0 Root,"(-1.7, 0.0, 5.7)","(0.0, 0.7, 0.0, 0.7)",DEAD,still,none,none,none,dead,supine,
BAG_ACCESS,368234,3/10/2023 7:59:43 AM,cf714cd2-2824-4ad2-8d98-3199b1df0bdb,"(-1.7, 0.5, 4.9)",
PULSE_TAKEN,369270,3/10/2023 7:59:44 AM,cf714cd2-2824-4ad2-8d98-3199b1df0bdb,pulse_none,Bob_0 Root,
TAG_SELECTED,371959,3/10/2023 7:59:47 AM,cf714cd2-2824-4ad2-8d98-3199b1df0bdb,black,
TAG_APPLIED,373598,3/10/2023 7:59:49 AM,cf714cd2-2824-4ad2-8d98-3199b1df0bdb,Bob_0 Root,black,
BAG_CLOSED,376213,3/10/2023 7:59:51 AM,cf714cd2-2824-4ad2-8d98-3199b1df0bdb,"(-1.7, 0.5, 4.9)",
TELEPORT,376213,3/10/2023 7:59:51 AM,cf714cd2-2824-4ad2-8d98-3199b1df0bdb,"(-1.3, 0.0, 3.5)",
VOICE_CAPTURE,381942,3/10/2023 7:59:57 AM,cf714cd2-2824-4ad2-8d98-3199b1df0bdb,where is this one at,NA,
PULSE_TAKEN,384003,3/10/2023 7:59:59 AM,cf714cd2-2824-4ad2-8d98-3199b1df0bdb,pulse_faint,Gary_3 Root,
PATIENT_ENGAGED,385973,3/10/2023 8:00:01 AM,cf714cd2-2824-4ad2-8d98-3199b1df0bdb,100,0,Gary_3 Root,"(0.4, 0.0, 1.7)","(0.0, 0.0, 0.0, 1.0)",IMMEDIATE,still,faint,collapsedRight,normal,unresponsive,supine,
PULSE_TAKEN,387522,3/10/2023 8:00:03 AM,cf714cd2-2824-4ad2-8d98-3199b1df0bdb,pulse_faint,Gary_3 Root,
BAG_ACCESS,390181,3/10/2023 8:00:05 AM,cf714cd2-2824-4ad2-8d98-3199b1df0bdb,"(1.0, 0.4, 1.0)",
TOOL_HOVER,392287,3/10/2023 8:00:07 AM,cf714cd2-2824-4ad2-8d98-3199b1df0bdb,Needle,998,
TOOL_HOVER,392302,3/10/2023 8:00:07 AM,cf714cd2-2824-4ad2-8d98-3199b1df0bdb,Needle,998,
TOOL_HOVER,392317,3/10/2023 8:00:07 AM,cf714cd2-2824-4ad2-8d98-3199b1df0bdb,Needle,998,
TOOL_HOVER,392335,3/10/2023 8:00:07 AM,cf714cd2-2824-4ad2-8d98-3199b1df0bdb,Needle,998,
TOOL_HOVER,392351,3/10/2023 8:00:07 AM,cf714cd2-2824-4ad2-8d98-3199b1df0bdb,Needle,998,
TOOL_HOVER,392368,3/10/2023 8:00:07 AM,cf714cd2-2824-4ad2-8d98-3199b1df0bdb,Needle,998,
VOICE_CAPTURE,392702,3/10/2023 8:00:08 AM,cf714cd2-2824-4ad2-8d98-3199b1df0bdb,that breathing,NA,
TOOL_HOVER,394175,3/10/2023 8:00:09 AM,cf714cd2-2824-4ad2-8d98-3199b1df0bdb,Needle,998,
TOOL_HOVER,394191,3/10/2023 8:00:09 AM,cf714cd2-2824-4ad2-8d98-3199b1df0bdb,Needle,998,
TOOL_HOVER,394207,3/10/2023 8:00:09 AM,cf714cd2-2824-4ad2-8d98-3199b1df0bdb,Needle,998,
TOOL_HOVER,394224,3/10/2023 8:00:09 AM,cf714cd2-2824-4ad2-8d98-3199b1df0bdb,Needle,998,
TOOL_HOVER,394241,3/10/2023 8:00:09 AM,cf714cd2-2824-4ad2-8d98-3199b1df0bdb,Needle,998,
TOOL_HOVER,394257,3/10/2023 8:00:09 AM,cf714cd2-2824-4ad2-8d98-3199b1df0bdb,Needle,998,
TOOL_HOVER,394274,3/10/2023 8:00:09 AM,cf714cd2-2824-4ad2-8d98-3199b1df0bdb,Needle,998,
TOOL_HOVER,394291,3/10/2023 8:00:09 AM,cf714cd2-2824-4ad2-8d98-3199b1df0bdb,Needle,998,
TOOL_HOVER,394308,3/10/2023 8:00:09 AM,cf714cd2-2824-4ad2-8d98-3199b1df0bdb,Needle,998,
TOOL_SELECTED,394308,3/10/2023 8:00:09 AM,cf714cd2-2824-4ad2-8d98-3199b1df0bdb,Needle,997,
TOOL_DISCARDED,396011,3/10/2023 8:00:11 AM,cf714cd2-2824-4ad2-8d98-3199b1df0bdb,Needle,997,"(1.0, 0.3, 1.3)",
TOOL_HOVER,397782,3/10/2023 8:00:13 AM,cf714cd2-2824-4ad2-8d98-3199b1df0bdb,Needle,998,
TOOL_HOVER,397799,3/10/2023 8:00:13 AM,cf714cd2-2824-4ad2-8d98-3199b1df0bdb,Needle,998,
TOOL_SELECTED,397799,3/10/2023 8:00:13 AM,cf714cd2-2824-4ad2-8d98-3199b1df0bdb,Needle,997,
INJURY_TREATED,400057,3/10/2023 8:00:15 AM,cf714cd2-2824-4ad2-8d98-3199b1df0bdb,R Chest Collapse,Gary_3 Root,decompress,high,chest,True,False,"(0.0, 0.0, 0.0)",
TOOL_APPLIED,400059,3/10/2023 8:00:15 AM,cf714cd2-2824-4ad2-8d98-3199b1df0bdb,Needle_Decomp(Clone),Needle,RChest_Breathe1 (UnityEngine.GameObject),cath_needle (UnityEngine.GameObject),right_chest,Needle_Decomp(Clone) (UnityEngine.GameObject),AppliedDecompNeedle,
TAG_SELECTED,402511,3/10/2023 8:00:18 AM,cf714cd2-2824-4ad2-8d98-3199b1df0bdb,yellow,
TAG_APPLIED,404614,3/10/2023 8:00:20 AM,cf714cd2-2824-4ad2-8d98-3199b1df0bdb,Gary_3 Root,yellow,
VOICE_CAPTURE,405651,3/10/2023 8:00:21 AM,cf714cd2-2824-4ad2-8d98-3199b1df0bdb,OK,NA,
BAG_CLOSED,406204,3/10/2023 8:00:21 AM,cf714cd2-2824-4ad2-8d98-3199b1df0bdb,"(1.0, 0.4, 1.0)",
PULSE_TAKEN,409057,3/10/2023 8:00:24 AM,cf714cd2-2824-4ad2-8d98-3199b1df0bdb,pulse_faint,Gary_3 Root,
VOICE_CAPTURE,409928,3/10/2023 8:00:25 AM,cf714cd2-2824-4ad2-8d98-3199b1df0bdb,i seen any other injuries,NA,
VOICE_COMMAND,409928,3/10/2023 8:00:25 AM,cf714cd2-2824-4ad2-8d98-3199b1df0bdb,are you hurt,i seen any other injuries,
VOICE_COMMAND,409928,3/10/2023 8:00:25 AM,cf714cd2-2824-4ad2-8d98-3199b1df0bdb,anywhere else,i seen any other injuries,
TELEPORT,413138,3/10/2023 8:00:28 AM,cf714cd2-2824-4ad2-8d98-3199b1df0bdb,"(-0.2, 0.0, 0.1)",
VOICE_CAPTURE,413906,3/10/2023 8:00:29 AM,cf714cd2-2824-4ad2-8d98-3199b1df0bdb,set up a pass,NA,
PULSE_TAKEN,418698,3/10/2023 8:00:34 AM,cf714cd2-2824-4ad2-8d98-3199b1df0bdb,pulse_none,Gary_1 Root,
BAG_ACCESS,424497,3/10/2023 8:00:40 AM,cf714cd2-2824-4ad2-8d98-3199b1df0bdb,"(1.0, 0.4, 8.3)",
TAG_SELECTED,425115,3/10/2023 8:00:40 AM,cf714cd2-2824-4ad2-8d98-3199b1df0bdb,gray,
PATIENT_ENGAGED,425383,3/10/2023 8:00:41 AM,cf714cd2-2824-4ad2-8d98-3199b1df0bdb,100,Infinity,Gary_1 Root,"(1.6, 0.0, 7.6)","(0.0, 1.0, 0.0, 0.0)",EXPECTANT,still,none,restricted,none,unresponsive,supine,
TAG_APPLIED,426504,3/10/2023 8:00:42 AM,cf714cd2-2824-4ad2-8d98-3199b1df0bdb,Gary_1 Root,gray,
BAG_CLOSED,435311,3/10/2023 8:00:50 AM,cf714cd2-2824-4ad2-8d98-3199b1df0bdb,"(1.0, 0.4, 8.3)",
VOICE_CAPTURE,436298,3/10/2023 8:00:51 AM,cf714cd2-2824-4ad2-8d98-3199b1df0bdb,what is love what you can do for this guy,NA,
PATIENT_ENGAGED,436412,3/10/2023 8:00:52 AM,cf714cd2-2824-4ad2-8d98-3199b1df0bdb,100,0,Gary_9 Root,"(3.0, 0.0, 9.1)","(0.0, 0.6, 0.0, -0.8)",MINIMAL,walker,normal,normal,limited,calm,standing,
VOICE_CAPTURE,438464,3/10/2023 8:00:54 AM,cf714cd2-2824-4ad2-8d98-3199b1df0bdb,let's see here,NA,
VOICE_CAPTURE,444529,3/10/2023 8:01:00 AM,cf714cd2-2824-4ad2-8d98-3199b1df0bdb,are you hurt,NA,
VOICE_COMMAND,444529,3/10/2023 8:01:00 AM,cf714cd2-2824-4ad2-8d98-3199b1df0bdb,are you hurt,are you hurt,
TELEPORT,447121,3/10/2023 8:01:02 AM,cf714cd2-2824-4ad2-8d98-3199b1df0bdb,"(1.9, 0.0, 8.4)",
VOICE_CAPTURE,448541,3/10/2023 8:01:04 AM,cf714cd2-2824-4ad2-8d98-3199b1df0bdb,alright can i move him or anything or,NA,
VOICE_CAPTURE,450061,3/10/2023 8:01:05 AM,cf714cd2-2824-4ad2-8d98-3199b1df0bdb,OK alright,NA,
VOICE_CAPTURE,454904,3/10/2023 8:01:10 AM,cf714cd2-2824-4ad2-8d98-3199b1df0bdb,stay here,NA,
PULSE_TAKEN,459574,3/10/2023 8:01:15 AM,cf714cd2-2824-4ad2-8d98-3199b1df0bdb,pulse_normal,Gary_9 Root,
VOICE_CAPTURE,460376,3/10/2023 8:01:16 AM,cf714cd2-2824-4ad2-8d98-3199b1df0bdb,i don't see anything wrong with them,NA,
TELEPORT,465626,3/10/2023 8:01:21 AM,cf714cd2-2824-4ad2-8d98-3199b1df0bdb,"(2.1, 0.0, 8.1)",
VOICE_CAPTURE,468215,3/10/2023 8:01:23 AM,cf714cd2-2824-4ad2-8d98-3199b1df0bdb,good pulse alright that's good,NA,
PATIENT_ENGAGED,469552,3/10/2023 8:01:25 AM,cf714cd2-2824-4ad2-8d98-3199b1df0bdb,100,Infinity,Mike_5 Root,"(2.7, 0.0, 2.3)","(0.0, 1.0, 0.0, 0.0)",IMMEDIATE,waver,fast,normal,normal,upset,fetal,
PULSE_TAKEN,472224,3/10/2023 8:01:27 AM,cf714cd2-2824-4ad2-8d98-3199b1df0bdb,pulse_fast,Mike_5 Root,
VOICE_CAPTURE,473108,3/10/2023 8:01:28 AM,cf714cd2-2824-4ad2-8d98-3199b1df0bdb,alright,NA,
TOOL_HOVER,474032,3/10/2023 8:01:29 AM,cf714cd2-2824-4ad2-8d98-3199b1df0bdb,Gauze,999,
TOOL_HOVER,474047,3/10/2023 8:01:29 AM,cf714cd2-2824-4ad2-8d98-3199b1df0bdb,Gauze,999,
TOOL_HOVER,474064,3/10/2023 8:01:29 AM,cf714cd2-2824-4ad2-8d98-3199b1df0bdb,Gauze,999,
TOOL_HOVER,474081,3/10/2023 8:01:29 AM,cf714cd2-2824-4ad2-8d98-3199b1df0bdb,Gauze,999,
TOOL_HOVER,474098,3/10/2023 8:01:29 AM,cf714cd2-2824-4ad2-8d98-3199b1df0bdb,Gauze,999,
TOOL_HOVER,474115,3/10/2023 8:01:29 AM,cf714cd2-2824-4ad2-8d98-3199b1df0bdb,Gauze,999,
BAG_ACCESS,474665,3/10/2023 8:01:30 AM,cf714cd2-2824-4ad2-8d98-3199b1df0bdb,"(3.0, 0.5, 2.6)",
TOOL_HOVER,475483,3/10/2023 8:01:31 AM,cf714cd2-2824-4ad2-8d98-3199b1df0bdb,Tourniquet,997,
TOOL_HOVER,475499,3/10/2023 8:01:31 AM,cf714cd2-2824-4ad2-8d98-3199b1df0bdb,Tourniquet,997,
TOOL_HOVER,475515,3/10/2023 8:01:31 AM,cf714cd2-2824-4ad2-8d98-3199b1df0bdb,Tourniquet,997,
TOOL_SELECTED,475516,3/10/2023 8:01:31 AM,cf714cd2-2824-4ad2-8d98-3199b1df0bdb,Tourniquet,996,
INJURY_TREATED,478491,3/10/2023 8:01:34 AM,cf714cd2-2824-4ad2-8d98-3199b1df0bdb,R Thigh Laceration,Mike_5 Root,tourniquet,medium,rightLeg,True,False,"(3.0, 0.3, 2.2)",
TOOL_APPLIED,478491,3/10/2023 8:01:34 AM,cf714cd2-2824-4ad2-8d98-3199b1df0bdb,Mike_5 Root,Tourniquet,RightUpLeg (UnityEngine.GameObject),tor_ring (1) (UnityEngine.GameObject),tourniquet(Clone) (UnityEngine.GameObject),AppliedTourniquet,
TOOL_HOVER,479875,3/10/2023 8:01:35 AM,cf714cd2-2824-4ad2-8d98-3199b1df0bdb,Hemostatic Gauze,999,
TOOL_HOVER,479893,3/10/2023 8:01:35 AM,cf714cd2-2824-4ad2-8d98-3199b1df0bdb,Hemostatic Gauze,999,
TOOL_HOVER,479909,3/10/2023 8:01:35 AM,cf714cd2-2824-4ad2-8d98-3199b1df0bdb,Hemostatic Gauze,999,
TOOL_HOVER,479925,3/10/2023 8:01:35 AM,cf714cd2-2824-4ad2-8d98-3199b1df0bdb,Hemostatic Gauze,999,
TOOL_HOVER,479943,3/10/2023 8:01:35 AM,cf714cd2-2824-4ad2-8d98-3199b1df0bdb,Hemostatic Gauze,999,
TOOL_HOVER,479959,3/10/2023 8:01:35 AM,cf714cd2-2824-4ad2-8d98-3199b1df0bdb,Hemostatic Gauze,999,
TOOL_HOVER,479975,3/10/2023 8:01:35 AM,cf714cd2-2824-4ad2-8d98-3199b1df0bdb,Hemostatic Gauze,999,
TOOL_HOVER,479993,3/10/2023 8:01:35 AM,cf714cd2-2824-4ad2-8d98-3199b1df0bdb,Hemostatic Gauze,999,
TOOL_HOVER,480010,3/10/2023 8:01:35 AM,cf714cd2-2824-4ad2-8d98-3199b1df0bdb,Hemostatic Gauze,999,
TOOL_HOVER,480026,3/10/2023 8:01:35 AM,cf714cd2-2824-4ad2-8d98-3199b1df0bdb,Hemostatic Gauze,999,
TOOL_HOVER,480043,3/10/2023 8:01:35 AM,cf714cd2-2824-4ad2-8d98-3199b1df0bdb,Hemostatic Gauze,999,
TOOL_SELECTED,480044,3/10/2023 8:01:35 AM,cf714cd2-2824-4ad2-8d98-3199b1df0bdb,Hemostatic Gauze,998,
TOOL_DISCARDED,481746,3/10/2023 8:01:37 AM,cf714cd2-2824-4ad2-8d98-3199b1df0bdb,Hemostatic Gauze,998,"(3.1, 0.3, 2.5)",
INJURY_TREATED,481746,3/10/2023 8:01:37 AM,cf714cd2-2824-4ad2-8d98-3199b1df0bdb,R Side Puncture,Mike_5 Root,woundpack,medium,abdomen,True,False,"(3.1, 0.3, 2.5)",
TOOL_APPLIED,481746,3/10/2023 8:01:37 AM,cf714cd2-2824-4ad2-8d98-3199b1df0bdb,Mike_5 Root,Gauze_Pack,skinCollider_BodyCollideLOD (UnityEngine.GameObject),null,null,AppliedPackingGauze,
PULSE_TAKEN,483518,3/10/2023 8:01:39 AM,cf714cd2-2824-4ad2-8d98-3199b1df0bdb,pulse_fast,Mike_5 Root,
TAG_SELECTED,483684,3/10/2023 8:01:39 AM,cf714cd2-2824-4ad2-8d98-3199b1df0bdb,red,
TAG_APPLIED,485338,3/10/2023 8:01:40 AM,cf714cd2-2824-4ad2-8d98-3199b1df0bdb,Mike_5 Root,red,
BAG_CLOSED,494278,3/10/2023 8:01:49 AM,cf714cd2-2824-4ad2-8d98-3199b1df0bdb,"(3.0, 0.5, 2.6)",
TELEPORT,498456,3/10/2023 8:01:54 AM,cf714cd2-2824-4ad2-8d98-3199b1df0bdb,"(2.3, 0.0, 2.5)",
PATIENT_ENGAGED,501528,3/10/2023 8:01:57 AM,cf714cd2-2824-4ad2-8d98-3199b1df0bdb,100,Infinity,Lily_2 Root,"(3.0, 0.0, 4.5)","(0.0, 1.0, 0.0, 0.0)",IMMEDIATE,waver,fast,fast,normal,agony,fetal,
BAG_ACCESS,502397,3/10/2023 8:01:58 AM,cf714cd2-2824-4ad2-8d98-3199b1df0bdb,"(4.1, 0.7, 4.6)",
TOOL_HOVER,503383,3/10/2023 8:01:59 AM,cf714cd2-2824-4ad2-8d98-3199b1df0bdb,Tourniquet,996,
TOOL_HOVER,503400,3/10/2023 8:01:59 AM,cf714cd2-2824-4ad2-8d98-3199b1df0bdb,Tourniquet,996,
TOOL_HOVER,503416,3/10/2023 8:01:59 AM,cf714cd2-2824-4ad2-8d98-3199b1df0bdb,Tourniquet,996,
TOOL_HOVER,503434,3/10/2023 8:01:59 AM,cf714cd2-2824-4ad2-8d98-3199b1df0bdb,Tourniquet,996,
TOOL_HOVER,503451,3/10/2023 8:01:59 AM,cf714cd2-2824-4ad2-8d98-3199b1df0bdb,Tourniquet,996,
TOOL_HOVER,503467,3/10/2023 8:01:59 AM,cf714cd2-2824-4ad2-8d98-3199b1df0bdb,Tourniquet,996,
TOOL_HOVER,503484,3/10/2023 8:01:59 AM,cf714cd2-2824-4ad2-8d98-3199b1df0bdb,Tourniquet,996,
TOOL_HOVER,503502,3/10/2023 8:01:59 AM,cf714cd2-2824-4ad2-8d98-3199b1df0bdb,Tourniquet,996,
TOOL_HOVER,503518,3/10/2023 8:01:59 AM,cf714cd2-2824-4ad2-8d98-3199b1df0bdb,Tourniquet,996,
TOOL_HOVER,503534,3/10/2023 8:01:59 AM,cf714cd2-2824-4ad2-8d98-3199b1df0bdb,Tourniquet,996,
TOOL_HOVER,503551,3/10/2023 8:01:59 AM,cf714cd2-2824-4ad2-8d98-3199b1df0bdb,Tourniquet,996,
TOOL_HOVER,503567,3/10/2023 8:01:59 AM,cf714cd2-2824-4ad2-8d98-3199b1df0bdb,Tourniquet,996,
TOOL_HOVER,503585,3/10/2023 8:01:59 AM,cf714cd2-2824-4ad2-8d98-3199b1df0bdb,Tourniquet,996,
TOOL_HOVER,503601,3/10/2023 8:01:59 AM,cf714cd2-2824-4ad2-8d98-3199b1df0bdb,Tourniquet,996,
TOOL_HOVER,503618,3/10/2023 8:01:59 AM,cf714cd2-2824-4ad2-8d98-3199b1df0bdb,Tourniquet,996,
TOOL_HOVER,503634,3/10/2023 8:01:59 AM,cf714cd2-2824-4ad2-8d98-3199b1df0bdb,Tourniquet,996,
TOOL_HOVER,503651,3/10/2023 8:01:59 AM,cf714cd2-2824-4ad2-8d98-3199b1df0bdb,Tourniquet,996,
TOOL_HOVER,503666,3/10/2023 8:01:59 AM,cf714cd2-2824-4ad2-8d98-3199b1df0bdb,Tourniquet,996,
TOOL_HOVER,503684,3/10/2023 8:01:59 AM,cf714cd2-2824-4ad2-8d98-3199b1df0bdb,Tourniquet,996,
TOOL_HOVER,503701,3/10/2023 8:01:59 AM,cf714cd2-2824-4ad2-8d98-3199b1df0bdb,Tourniquet,996,
TOOL_HOVER,503720,3/10/2023 8:01:59 AM,cf714cd2-2824-4ad2-8d98-3199b1df0bdb,Tourniquet,996,
TOOL_HOVER,503736,3/10/2023 8:01:59 AM,cf714cd2-2824-4ad2-8d98-3199b1df0bdb,Tourniquet,996,
TOOL_HOVER,503752,3/10/2023 8:01:59 AM,cf714cd2-2824-4ad2-8d98-3199b1df0bdb,Tourniquet,996,
TOOL_HOVER,503769,3/10/2023 8:01:59 AM,cf714cd2-2824-4ad2-8d98-3199b1df0bdb,Tourniquet,996,
TOOL_HOVER,503786,3/10/2023 8:01:59 AM,cf714cd2-2824-4ad2-8d98-3199b1df0bdb,Tourniquet,996,
TOOL_HOVER,503803,3/10/2023 8:01:59 AM,cf714cd2-2824-4ad2-8d98-3199b1df0bdb,Tourniquet,996,
TOOL_HOVER,503819,3/10/2023 8:01:59 AM,cf714cd2-2824-4ad2-8d98-3199b1df0bdb,Tourniquet,996,
TOOL_HOVER,503835,3/10/2023 8:01:59 AM,cf714cd2-2824-4ad2-8d98-3199b1df0bdb,Tourniquet,996,
TOOL_HOVER,503852,3/10/2023 8:01:59 AM,cf714cd2-2824-4ad2-8d98-3199b1df0bdb,Tourniquet,996,
PULSE_TAKEN,505103,3/10/2023 8:02:00 AM,cf714cd2-2824-4ad2-8d98-3199b1df0bdb,pulse_fast,Lily_2 Root,
TOOL_HOVER,506375,3/10/2023 8:02:02 AM,cf714cd2-2824-4ad2-8d98-3199b1df0bdb,Tourniquet,996,
TOOL_HOVER,506391,3/10/2023 8:02:02 AM,cf714cd2-2824-4ad2-8d98-3199b1df0bdb,Tourniquet,996,
TOOL_HOVER,506408,3/10/2023 8:02:02 AM,cf714cd2-2824-4ad2-8d98-3199b1df0bdb,Tourniquet,996,
TOOL_HOVER,506424,3/10/2023 8:02:02 AM,cf714cd2-2824-4ad2-8d98-3199b1df0bdb,Tourniquet,996,
TOOL_HOVER,506441,3/10/2023 8:02:02 AM,cf714cd2-2824-4ad2-8d98-3199b1df0bdb,Tourniquet,996,
TOOL_HOVER,506457,3/10/2023 8:02:02 AM,cf714cd2-2824-4ad2-8d98-3199b1df0bdb,Tourniquet,996,
TOOL_SELECTED,506459,3/10/2023 8:02:02 AM,cf714cd2-2824-4ad2-8d98-3199b1df0bdb,Tourniquet,995,
INJURY_TREATED,508565,3/10/2023 8:02:04 AM,cf714cd2-2824-4ad2-8d98-3199b1df0bdb,R Shin Amputation,Lily_2 Root,tourniquet,high,rightLeg,True,False,"(3.2, 0.1, 4.2)",
TOOL_APPLIED,508565,3/10/2023 8:02:04 AM,cf714cd2-2824-4ad2-8d98-3199b1df0bdb,Lily_2 Root,Tourniquet,RightUpLeg (UnityEngine.GameObject),tor_ring (1) (UnityEngine.GameObject),tourniquet(Clone) (UnityEngine.GameObject),AppliedTourniquet,
VOICE_CAPTURE,508612,3/10/2023 8:02:04 AM,cf714cd2-2824-4ad2-8d98-3199b1df0bdb,yeah you're not tired,NA,
PULSE_TAKEN,511019,3/10/2023 8:02:06 AM,cf714cd2-2824-4ad2-8d98-3199b1df0bdb,pulse_fast,Lily_2 Root,
BAG_CLOSED,514417,3/10/2023 8:02:10 AM,cf714cd2-2824-4ad2-8d98-3199b1df0bdb,"(4.1, 0.7, 4.6)",
BAG_ACCESS,516984,3/10/2023 8:02:12 AM,cf714cd2-2824-4ad2-8d98-3199b1df0bdb,"(3.2, 0.5, 5.3)",
VOICE_CAPTURE,517149,3/10/2023 8:02:12 AM,cf714cd2-2824-4ad2-8d98-3199b1df0bdb,send it,NA,
TAG_SELECTED,520009,3/10/2023 8:02:15 AM,cf714cd2-2824-4ad2-8d98-3199b1df0bdb,yellow,
TAG_APPLIED,522598,3/10/2023 8:02:18 AM,cf714cd2-2824-4ad2-8d98-3199b1df0bdb,Lily_2 Root,yellow,
BAG_CLOSED,526791,3/10/2023 8:02:22 AM,cf714cd2-2824-4ad2-8d98-3199b1df0bdb,"(3.2, 0.5, 5.3)",
TELEPORT,526791,3/10/2023 8:02:22 AM,cf714cd2-2824-4ad2-8d98-3199b1df0bdb,"(2.4, 0.0, 4.4)",
PATIENT_ENGAGED,529047,3/10/2023 8:02:24 AM,cf714cd2-2824-4ad2-8d98-3199b1df0bdb,100,Infinity,Lily_4 Root,"(1.2, 0.0, 6.2)","(0.0, 1.0, 0.0, 0.0)",IMMEDIATE,waver,fast,normal,normal,upset,fetal,
PULSE_TAKEN,530499,3/10/2023 8:02:26 AM,cf714cd2-2824-4ad2-8d98-3199b1df0bdb,pulse_fast,Lily_4 Root,
BAG_ACCESS,533708,3/10/2023 8:02:29 AM,cf714cd2-2824-4ad2-8d98-3199b1df0bdb,"(0.7, 0.5, 6.5)",
TOOL_HOVER,534578,3/10/2023 8:02:30 AM,cf714cd2-2824-4ad2-8d98-3199b1df0bdb,Hemostatic Gauze,999,
TOOL_HOVER,534594,3/10/2023 8:02:30 AM,cf714cd2-2824-4ad2-8d98-3199b1df0bdb,Hemostatic Gauze,999,
TOOL_HOVER,534611,3/10/2023 8:02:30 AM,cf714cd2-2824-4ad2-8d98-3199b1df0bdb,Hemostatic Gauze,999,
TOOL_HOVER,534627,3/10/2023 8:02:30 AM,cf714cd2-2824-4ad2-8d98-3199b1df0bdb,Hemostatic Gauze,999,
TOOL_HOVER,534645,3/10/2023 8:02:30 AM,cf714cd2-2824-4ad2-8d98-3199b1df0bdb,Hemostatic Gauze,999,
TOOL_HOVER,534661,3/10/2023 8:02:30 AM,cf714cd2-2824-4ad2-8d98-3199b1df0bdb,Hemostatic Gauze,999,
TOOL_SELECTED,534662,3/10/2023 8:02:30 AM,cf714cd2-2824-4ad2-8d98-3199b1df0bdb,Hemostatic Gauze,998,
TOOL_DISCARDED,536248,3/10/2023 8:02:31 AM,cf714cd2-2824-4ad2-8d98-3199b1df0bdb,Hemostatic Gauze,998,"(0.9, 0.2, 6.4)",
INJURY_TREATED,536248,3/10/2023 8:02:31 AM,cf714cd2-2824-4ad2-8d98-3199b1df0bdb,L Side Puncture,Lily_4 Root,woundpack,medium,abdomen,True,False,"(0.9, 0.2, 6.5)",
TOOL_APPLIED,536248,3/10/2023 8:02:31 AM,cf714cd2-2824-4ad2-8d98-3199b1df0bdb,Lily_4 Root,Gauze_Pack,skinCollider_BodyLOD (UnityEngine.GameObject),null,null,AppliedPackingGauze,
PULSE_TAKEN,541962,3/10/2023 8:02:37 AM,cf714cd2-2824-4ad2-8d98-3199b1df0bdb,pulse_fast,Lily_4 Root,
TAG_SELECTED,546967,3/10/2023 8:02:42 AM,cf714cd2-2824-4ad2-8d98-3199b1df0bdb,red,
TAG_APPLIED,548233,3/10/2023 8:02:43 AM,cf714cd2-2824-4ad2-8d98-3199b1df0bdb,Lily_4 Root,red,
TAG_SELECTED,549300,3/10/2023 8:02:44 AM,cf714cd2-2824-4ad2-8d98-3199b1df0bdb,gray,
TAG_DISCARDED,550434,3/10/2023 8:02:46 AM,cf714cd2-2824-4ad2-8d98-3199b1df0bdb,gray,"(0.6, 0.8, 6.2)",
BAG_CLOSED,550985,3/10/2023 8:02:46 AM,cf714cd2-2824-4ad2-8d98-3199b1df0bdb,"(0.7, 0.5, 6.5)",
TELEPORT,550985,3/10/2023 8:02:46 AM,cf714cd2-2824-4ad2-8d98-3199b1df0bdb,"(0.3, 0.0, 5.9)",
TELEPORT,551219,3/10/2023 8:02:46 AM,cf714cd2-2824-4ad2-8d98-3199b1df0bdb,"(-0.4, 0.0, -5.1)",
TELEPORT,553895,3/10/2023 8:02:49 AM,cf714cd2-2824-4ad2-8d98-3199b1df0bdb,"(0.1, 0.0, -9.2)",
VOICE_CAPTURE,554630,3/10/2023 8:02:50 AM,cf714cd2-2824-4ad2-8d98-3199b1df0bdb,oh,NA,
VOICE_CAPTURE,556884,3/10/2023 8:02:52 AM,cf714cd2-2824-4ad2-8d98-3199b1df0bdb,turn background,NA,
TELEPORT,557619,3/10/2023 8:02:53 AM,cf714cd2-2824-4ad2-8d98-3199b1df0bdb,"(1.2, 0.0, -0.3)",
VOICE_CAPTURE,558746,3/10/2023 8:02:54 AM,cf714cd2-2824-4ad2-8d98-3199b1df0bdb,take me back,NA,
PATIENT_ENGAGED,559997,3/10/2023 8:02:55 AM,cf714cd2-2824-4ad2-8d98-3199b1df0bdb,100,Infinity,Mike_7 Root,"(1.3, 0.0, 3.4)","(0.0, 0.1, 0.0, 1.0)",DELAYED,waver,fast,normal,normal,upset,sittingGround,
BAG_ACCESS,563073,3/10/2023 8:02:58 AM,cf714cd2-2824-4ad2-8d98-3199b1df0bdb,"(1.2, 0.5, 3.9)",
TOOL_HOVER,565078,3/10/2023 8:03:00 AM,cf714cd2-2824-4ad2-8d98-3199b1df0bdb,Tourniquet,995,
TOOL_SELECTED,565080,3/10/2023 8:03:00 AM,cf714cd2-2824-4ad2-8d98-3199b1df0bdb,Tourniquet,994,
TOOL_DISCARDED,573315,3/10/2023 8:03:08 AM,cf714cd2-2824-4ad2-8d98-3199b1df0bdb,Tourniquet,994,"(0.6, 0.8, 4.2)",
TOOL_HOVER,573381,3/10/2023 8:03:09 AM,cf714cd2-2824-4ad2-8d98-3199b1df0bdb,Gauze,999,
TOOL_HOVER,573398,3/10/2023 8:03:09 AM,cf714cd2-2824-4ad2-8d98-3199b1df0bdb,Gauze,999,
TOOL_HOVER,573415,3/10/2023 8:03:09 AM,cf714cd2-2824-4ad2-8d98-3199b1df0bdb,Gauze,999,
TOOL_HOVER,573432,3/10/2023 8:03:09 AM,cf714cd2-2824-4ad2-8d98-3199b1df0bdb,Gauze,999,
TOOL_HOVER,573448,3/10/2023 8:03:09 AM,cf714cd2-2824-4ad2-8d98-3199b1df0bdb,Gauze,999,
TOOL_HOVER,573466,3/10/2023 8:03:09 AM,cf714cd2-2824-4ad2-8d98-3199b1df0bdb,Gauze,999,
TOOL_HOVER,573482,3/10/2023 8:03:09 AM,cf714cd2-2824-4ad2-8d98-3199b1df0bdb,Gauze,999,
TOOL_HOVER,573499,3/10/2023 8:03:09 AM,cf714cd2-2824-4ad2-8d98-3199b1df0bdb,Gauze,999,
TOOL_HOVER,573515,3/10/2023 8:03:09 AM,cf714cd2-2824-4ad2-8d98-3199b1df0bdb,Gauze,999,
TOOL_HOVER,573531,3/10/2023 8:03:09 AM,cf714cd2-2824-4ad2-8d98-3199b1df0bdb,Gauze,999,
TOOL_HOVER,573548,3/10/2023 8:03:09 AM,cf714cd2-2824-4ad2-8d98-3199b1df0bdb,Gauze,999,
TOOL_HOVER,573565,3/10/2023 8:03:09 AM,cf714cd2-2824-4ad2-8d98-3199b1df0bdb,Gauze,999,
TOOL_HOVER,573582,3/10/2023 8:03:09 AM,cf714cd2-2824-4ad2-8d98-3199b1df0bdb,Gauze,999,
TOOL_HOVER,573599,3/10/2023 8:03:09 AM,cf714cd2-2824-4ad2-8d98-3199b1df0bdb,Gauze,999,
TOOL_HOVER,573615,3/10/2023 8:03:09 AM,cf714cd2-2824-4ad2-8d98-3199b1df0bdb,Gauze,999,
TOOL_HOVER,573633,3/10/2023 8:03:09 AM,cf714cd2-2824-4ad2-8d98-3199b1df0bdb,Gauze,999,
TOOL_HOVER,573647,3/10/2023 8:03:09 AM,cf714cd2-2824-4ad2-8d98-3199b1df0bdb,Gauze,999,
TOOL_HOVER,573666,3/10/2023 8:03:09 AM,cf714cd2-2824-4ad2-8d98-3199b1df0bdb,Gauze,999,
TOOL_HOVER,574083,3/10/2023 8:03:09 AM,cf714cd2-2824-4ad2-8d98-3199b1df0bdb,Hemostatic Gauze,999,
TOOL_HOVER,574100,3/10/2023 8:03:09 AM,cf714cd2-2824-4ad2-8d98-3199b1df0bdb,Hemostatic Gauze,999,
TOOL_HOVER,574116,3/10/2023 8:03:09 AM,cf714cd2-2824-4ad2-8d98-3199b1df0bdb,Hemostatic Gauze,999,
TOOL_HOVER,574133,3/10/2023 8:03:09 AM,cf714cd2-2824-4ad2-8d98-3199b1df0bdb,Hemostatic Gauze,999,
TOOL_HOVER,574150,3/10/2023 8:03:09 AM,cf714cd2-2824-4ad2-8d98-3199b1df0bdb,Hemostatic Gauze,999,
TOOL_HOVER,574168,3/10/2023 8:03:09 AM,cf714cd2-2824-4ad2-8d98-3199b1df0bdb,Hemostatic Gauze,999,
TOOL_HOVER,574183,3/10/2023 8:03:09 AM,cf714cd2-2824-4ad2-8d98-3199b1df0bdb,Hemostatic Gauze,999,
TOOL_HOVER,574202,3/10/2023 8:03:09 AM,cf714cd2-2824-4ad2-8d98-3199b1df0bdb,Hemostatic Gauze,999,
TOOL_SELECTED,574203,3/10/2023 8:03:09 AM,cf714cd2-2824-4ad2-8d98-3199b1df0bdb,Hemostatic Gauze,998,
TOOL_DISCARDED,575703,3/10/2023 8:03:11 AM,cf714cd2-2824-4ad2-8d98-3199b1df0bdb,Hemostatic Gauze,998,"(0.7, 0.2, 3.5)",
INJURY_TREATED,575703,3/10/2023 8:03:11 AM,cf714cd2-2824-4ad2-8d98-3199b1df0bdb,L Thigh Puncture,Mike_7 Root,tourniquet,medium,leftLeg,False,True,"(0.7, 0.1, 3.5)",
TOOL_APPLIED,575703,3/10/2023 8:03:11 AM,cf714cd2-2824-4ad2-8d98-3199b1df0bdb,Mike_7 Root,Gauze_Pack,skinCollider_BodyCollideLOD (UnityEngine.GameObject),null,null,AppliedPackingGauze,
TOOL_HOVER,577675,3/10/2023 8:03:13 AM,cf714cd2-2824-4ad2-8d98-3199b1df0bdb,Tourniquet,995,
TOOL_SELECTED,577676,3/10/2023 8:03:13 AM,cf714cd2-2824-4ad2-8d98-3199b1df0bdb,Tourniquet,994,
VOICE_CAPTURE,577809,3/10/2023 8:03:13 AM,cf714cd2-2824-4ad2-8d98-3199b1df0bdb,i don't know if that's it's not bright red bright red like arterial breeze on here,NA,
INJURY_TREATED,579545,3/10/2023 8:03:15 AM,cf714cd2-2824-4ad2-8d98-3199b1df0bdb,L Thigh Puncture,Mike_7 Root,tourniquet,medium,leftLeg,True,True,"(0.7, 0.1, 3.5)",
TOOL_APPLIED,579545,3/10/2023 8:03:15 AM,cf714cd2-2824-4ad2-8d98-3199b1df0bdb,Mike_7 Root,Tourniquet,LeftUpLeg (UnityEngine.GameObject),tor_ring (1) (UnityEngine.GameObject),tourniquet(Clone) (UnityEngine.GameObject),AppliedTourniquet,
VOICE_CAPTURE,581172,3/10/2023 8:03:16 AM,cf714cd2-2824-4ad2-8d98-3199b1df0bdb,yes,NA,
TOOL_HOVER,581674,3/10/2023 8:03:17 AM,cf714cd2-2824-4ad2-8d98-3199b1df0bdb,Gauze,999,
TOOL_HOVER,581692,3/10/2023 8:03:17 AM,cf714cd2-2824-4ad2-8d98-3199b1df0bdb,Gauze,999,
TOOL_HOVER,581707,3/10/2023 8:03:17 AM,cf714cd2-2824-4ad2-8d98-3199b1df0bdb,Gauze,999,
TOOL_HOVER,581724,3/10/2023 8:03:17 AM,cf714cd2-2824-4ad2-8d98-3199b1df0bdb,Gauze,999,
TOOL_SELECTED,581725,3/10/2023 8:03:17 AM,cf714cd2-2824-4ad2-8d98-3199b1df0bdb,Gauze,998,
TOOL_DISCARDED,583141,3/10/2023 8:03:18 AM,cf714cd2-2824-4ad2-8d98-3199b1df0bdb,Gauze,998,"(1.3, 0.2, 3.8)",
INJURY_TREATED,583141,3/10/2023 8:03:18 AM,cf714cd2-2824-4ad2-8d98-3199b1df0bdb,R Calf Laceration,Mike_7 Root,gauzePressure,low,rightLeg,True,False,"(1.3, 0.2, 3.8)",
TOOL_APPLIED,583141,3/10/2023 8:03:18 AM,cf714cd2-2824-4ad2-8d98-3199b1df0bdb,Mike_7 Root,Gauze_Dressing,skinCollider_BodyCollideLOD (UnityEngine.GameObject),null,null,AppliedDressingGauze,
VOICE_CAPTURE,583989,3/10/2023 8:03:19 AM,cf714cd2-2824-4ad2-8d98-3199b1df0bdb,perfect,NA,
PULSE_TAKEN,584575,3/10/2023 8:03:20 AM,cf714cd2-2824-4ad2-8d98-3199b1df0bdb,pulse_fast,Mike_7 Root,
TAG_SELECTED,587599,3/10/2023 8:03:23 AM,cf714cd2-2824-4ad2-8d98-3199b1df0bdb,yellow,
TAG_APPLIED,588719,3/10/2023 8:03:24 AM,cf714cd2-2824-4ad2-8d98-3199b1df0bdb,Mike_7 Root,yellow,
BAG_CLOSED,591361,3/10/2023 8:03:26 AM,cf714cd2-2824-4ad2-8d98-3199b1df0bdb,"(1.2, 0.5, 3.9)",
TELEPORT,591361,3/10/2023 8:03:26 AM,cf714cd2-2824-4ad2-8d98-3199b1df0bdb,"(1.2, 0.0, 1.2)",
PATIENT_ENGAGED,594351,3/10/2023 8:03:29 AM,cf714cd2-2824-4ad2-8d98-3199b1df0bdb,100,Infinity,Gloria_6 Root,"(-1.2, 0.0, 3.1)","(0.0, 0.4, 0.0, 0.9)",DELAYED,waver,fast,normal,normal,upset,fetal,
PULSE_TAKEN,599012,3/10/2023 8:03:34 AM,cf714cd2-2824-4ad2-8d98-3199b1df0bdb,pulse_fast,Gloria_6 Root,
BAG_ACCESS,601183,3/10/2023 8:03:36 AM,cf714cd2-2824-4ad2-8d98-3199b1df0bdb,"(-1.7, 0.5, 3.4)",
TOOL_HOVER,602771,3/10/2023 8:03:38 AM,cf714cd2-2824-4ad2-8d98-3199b1df0bdb,Gauze,999,
TOOL_HOVER,602787,3/10/2023 8:03:38 AM,cf714cd2-2824-4ad2-8d98-3199b1df0bdb,Gauze,999,
TOOL_HOVER,602804,3/10/2023 8:03:38 AM,cf714cd2-2824-4ad2-8d98-3199b1df0bdb,Gauze,999,
TOOL_HOVER,602819,3/10/2023 8:03:38 AM,cf714cd2-2824-4ad2-8d98-3199b1df0bdb,Gauze,999,
TOOL_HOVER,602837,3/10/2023 8:03:38 AM,cf714cd2-2824-4ad2-8d98-3199b1df0bdb,Gauze,999,
TOOL_SELECTED,602838,3/10/2023 8:03:38 AM,cf714cd2-2824-4ad2-8d98-3199b1df0bdb,Gauze,998,
TOOL_DISCARDED,604273,3/10/2023 8:03:39 AM,cf714cd2-2824-4ad2-8d98-3199b1df0bdb,Gauze,998,"(-1.1, 0.2, 3.3)",
INJURY_TREATED,604273,3/10/2023 8:03:39 AM,cf714cd2-2824-4ad2-8d98-3199b1df0bdb,R Calf Shrapnel,Gloria_6 Root,gauzePressure,medium,rightLeg,True,False,"(-1.1, 0.2, 3.2)",
TOOL_APPLIED,604273,3/10/2023 8:03:39 AM,cf714cd2-2824-4ad2-8d98-3199b1df0bdb,Gloria_6 Root,Gauze_Dressing,skinCollider_Body_LOD (UnityEngine.GameObject),null,null,AppliedDressingGauze,
TAG_SELECTED,605878,3/10/2023 8:03:41 AM,cf714cd2-2824-4ad2-8d98-3199b1df0bdb,green,
TAG_APPLIED,607734,3/10/2023 8:03:43 AM,cf714cd2-2824-4ad2-8d98-3199b1df0bdb,Gloria_6 Root,green,
BAG_CLOSED,612151,3/10/2023 8:03:47 AM,cf714cd2-2824-4ad2-8d98-3199b1df0bdb,"(-1.7, 0.5, 3.4)",
TELEPORT,613566,3/10/2023 8:03:49 AM,cf714cd2-2824-4ad2-8d98-3199b1df0bdb,"(-1.1, 0.0, 1.2)",
VOICE_CAPTURE,617397,3/10/2023 8:03:53 AM,cf714cd2-2824-4ad2-8d98-3199b1df0bdb,have them all take care of,NA,
BAG_ACCESS,618185,3/10/2023 8:03:53 AM,cf714cd2-2824-4ad2-8d98-3199b1df0bdb,"(3.8, 0.8, 8.6)",
VOICE_CAPTURE,618466,3/10/2023 8:03:54 AM,cf714cd2-2824-4ad2-8d98-3199b1df0bdb,OK,NA,
TAG_SELECTED,619237,3/10/2023 8:03:54 AM,cf714cd2-2824-4ad2-8d98-3199b1df0bdb,green,
PATIENT_ENGAGED,619536,3/10/2023 8:03:55 AM,cf714cd2-2824-4ad2-8d98-3199b1df0bdb,100,0,Gary_9 Root,"(2.9, 0.0, 9.0)","(0.0, 0.8, 0.0, 0.6)",MINIMAL,walker,normal,normal,limited,calm,standing,
TAG_APPLIED,621425,3/10/2023 8:03:57 AM,cf714cd2-2824-4ad2-8d98-3199b1df0bdb,Gary_9 Root,green,
BAG_CLOSED,622614,3/10/2023 8:03:58 AM,cf714cd2-2824-4ad2-8d98-3199b1df0bdb,"(3.8, 0.8, 8.6)",
TELEPORT,622614,3/10/2023 8:03:58 AM,cf714cd2-2824-4ad2-8d98-3199b1df0bdb,"(3.3, 0.0, 5.9)",
VOICE_CAPTURE,623996,3/10/2023 8:03:59 AM,cf714cd2-2824-4ad2-8d98-3199b1df0bdb,sorry buddy,NA,
PATIENT_ENGAGED,625635,3/10/2023 8:04:01 AM,cf714cd2-2824-4ad2-8d98-3199b1df0bdb,100,Infinity,Helga_10 Root,"(3.3, 0.0, -2.8)","(0.0, 0.3, 0.0, 1.0)",MINIMAL,walker,normal,normal,normal,calm,sittingGround,
VOICE_CAPTURE,626134,3/10/2023 8:04:01 AM,cf714cd2-2824-4ad2-8d98-3199b1df0bdb,sounds awful,NA,
BAG_ACCESS,626403,3/10/2023 8:04:02 AM,cf714cd2-2824-4ad2-8d98-3199b1df0bdb,"(2.8, 0.8, -1.0)",
PULSE_TAKEN,627924,3/10/2023 8:04:03 AM,cf714cd2-2824-4ad2-8d98-3199b1df0bdb,pulse_normal,Helga_10 Root,
VOICE_CAPTURE,629478,3/10/2023 8:04:05 AM,cf714cd2-2824-4ad2-8d98-3199b1df0bdb,alright,NA,
VOICE_CAPTURE,636929,3/10/2023 8:04:12 AM,cf714cd2-2824-4ad2-8d98-3199b1df0bdb,stand,NA,
VOICE_COMMAND,636929,3/10/2023 8:04:12 AM,cf714cd2-2824-4ad2-8d98-3199b1df0bdb,stand up,stand,
VOICE_CAPTURE,637029,3/10/2023 8:04:12 AM,cf714cd2-2824-4ad2-8d98-3199b1df0bdb,you stand up for me,NA,
VOICE_COMMAND,637030,3/10/2023 8:04:12 AM,cf714cd2-2824-4ad2-8d98-3199b1df0bdb,stand up,you stand up for me,
BAG_CLOSED,637320,3/10/2023 8:04:12 AM,cf714cd2-2824-4ad2-8d98-3199b1df0bdb,"(2.8, 0.8, -1.0)",
VOICE_CAPTURE,652516,3/10/2023 8:04:28 AM,cf714cd2-2824-4ad2-8d98-3199b1df0bdb,oh,NA,
VOICE_CAPTURE,654188,3/10/2023 8:04:29 AM,cf714cd2-2824-4ad2-8d98-3199b1df0bdb,modbutton im okay,NA,
VOICE_COMMAND,654188,3/10/2023 8:04:29 AM,cf714cd2-2824-4ad2-8d98-3199b1df0bdb,modbutton im okay,modbutton im okay,
VOICE_CAPTURE,655909,3/10/2023 8:04:31 AM,cf714cd2-2824-4ad2-8d98-3199b1df0bdb,OK are you hurt or anything,NA,
VOICE_COMMAND,655909,3/10/2023 8:04:31 AM,cf714cd2-2824-4ad2-8d98-3199b1df0bdb,are you hurt,OK are you hurt or anything,
VOICE_CAPTURE,658514,3/10/2023 8:04:34 AM,cf714cd2-2824-4ad2-8d98-3199b1df0bdb,you're OK alright,NA,
BAG_ACCESS,661022,3/10/2023 8:04:36 AM,cf714cd2-2824-4ad2-8d98-3199b1df0bdb,"(3.1, 0.8, -2.2)",
TAG_SELECTED,661624,3/10/2023 8:04:37 AM,cf714cd2-2824-4ad2-8d98-3199b1df0bdb,green,
TAG_APPLIED,662895,3/10/2023 8:04:38 AM,cf714cd2-2824-4ad2-8d98-3199b1df0bdb,Helga_10 Root,green,
PATIENT_ENGAGED,666430,3/10/2023 8:04:42 AM,cf714cd2-2824-4ad2-8d98-3199b1df0bdb,100,Infinity,Gloria_8 Root,"(4.3, 0.0, -4.3)","(0.0, 0.3, 0.0, -1.0)",MINIMAL,walker,normal,normal,normal,upset,standing,
BAG_CLOSED,666554,3/10/2023 8:04:42 AM,cf714cd2-2824-4ad2-8d98-3199b1df0bdb,"(3.1, 0.8, -2.2)",
VOICE_CAPTURE,666881,3/10/2023 8:04:42 AM,cf714cd2-2824-4ad2-8d98-3199b1df0bdb,alright,NA,
PULSE_TAKEN,667953,3/10/2023 8:04:43 AM,cf714cd2-2824-4ad2-8d98-3199b1df0bdb,pulse_normal,Gloria_8 Root,
VOICE_CAPTURE,668315,3/10/2023 8:04:43 AM,cf714cd2-2824-4ad2-8d98-3199b1df0bdb,are you hurt,NA,
VOICE_COMMAND,668315,3/10/2023 8:04:43 AM,cf714cd2-2824-4ad2-8d98-3199b1df0bdb,are you hurt,are you hurt,
VOICE_CAPTURE,669232,3/10/2023 8:04:44 AM,cf714cd2-2824-4ad2-8d98-3199b1df0bdb,have you heard anywhere,NA,
VOICE_CAPTURE,669251,3/10/2023 8:04:44 AM,cf714cd2-2824-4ad2-8d98-3199b1df0bdb,are you hurt,NA,
VOICE_COMMAND,669251,3/10/2023 8:04:44 AM,cf714cd2-2824-4ad2-8d98-3199b1df0bdb,are you hurt,are you hurt,
VOICE_CAPTURE,671173,3/10/2023 8:04:46 AM,cf714cd2-2824-4ad2-8d98-3199b1df0bdb,are you hurt,NA,
VOICE_COMMAND,671173,3/10/2023 8:04:46 AM,cf714cd2-2824-4ad2-8d98-3199b1df0bdb,are you hurt,are you hurt,
VOICE_CAPTURE,674481,3/10/2023 8:04:50 AM,cf714cd2-2824-4ad2-8d98-3199b1df0bdb,modbutton yes,NA,
VOICE_COMMAND,674481,3/10/2023 8:04:50 AM,cf714cd2-2824-4ad2-8d98-3199b1df0bdb,modbutton yes,modbutton yes,
VOICE_CAPTURE,675764,3/10/2023 8:04:51 AM,cf714cd2-2824-4ad2-8d98-3199b1df0bdb,are you hurt anywhere,NA,
VOICE_COMMAND,675766,3/10/2023 8:04:51 AM,cf714cd2-2824-4ad2-8d98-3199b1df0bdb,are you hurt,are you hurt anywhere,
VOICE_CAPTURE,677722,3/10/2023 8:04:53 AM,cf714cd2-2824-4ad2-8d98-3199b1df0bdb,are you hurt,NA,
VOICE_COMMAND,677722,3/10/2023 8:04:53 AM,cf714cd2-2824-4ad2-8d98-3199b1df0bdb,are you hurt,are you hurt,
BAG_ACCESS,677855,3/10/2023 8:04:53 AM,cf714cd2-2824-4ad2-8d98-3199b1df0bdb,"(3.6, 0.8, -4.2)",
VOICE_CAPTURE,678154,3/10/2023 8:04:53 AM,cf714cd2-2824-4ad2-8d98-3199b1df0bdb,where at,NA,
TOOL_HOVER,682182,3/10/2023 8:04:57 AM,cf714cd2-2824-4ad2-8d98-3199b1df0bdb,Gauze,999,
TOOL_SELECTED,682183,3/10/2023 8:04:57 AM,cf714cd2-2824-4ad2-8d98-3199b1df0bdb,Gauze,998,
TOOL_DISCARDED,684721,3/10/2023 8:05:00 AM,cf714cd2-2824-4ad2-8d98-3199b1df0bdb,Gauze,998,"(4.0, 0.9, -4.7)",
INJURY_TREATED,684721,3/10/2023 8:05:00 AM,cf714cd2-2824-4ad2-8d98-3199b1df0bdb,L Forearm Laceration,Gloria_8 Root,gauzePressure,low,leftArm,True,False,"(4.0, 0.9, -4.7)",
TOOL_APPLIED,684721,3/10/2023 8:05:00 AM,cf714cd2-2824-4ad2-8d98-3199b1df0bdb,Gloria_8 Root,Gauze_Dressing,skinCollider_Body_LOD (UnityEngine.GameObject),null,null,AppliedDressingGauze,
VOICE_CAPTURE,684938,3/10/2023 8:05:00 AM,cf714cd2-2824-4ad2-8d98-3199b1df0bdb,her arm is bleeding perfect,NA,
VOICE_CAPTURE,686139,3/10/2023 8:05:01 AM,cf714cd2-2824-4ad2-8d98-3199b1df0bdb,perfect,NA,
TAG_SELECTED,688249,3/10/2023 8:05:03 AM,cf714cd2-2824-4ad2-8d98-3199b1df0bdb,green,
VOICE_CAPTURE,689749,3/10/2023 8:05:05 AM,cf714cd2-2824-4ad2-8d98-3199b1df0bdb,OK,NA,
TAG_APPLIED,689968,3/10/2023 8:05:05 AM,cf714cd2-2824-4ad2-8d98-3199b1df0bdb,Gloria_8 Root,green,
BAG_CLOSED,691739,3/10/2023 8:05:07 AM,cf714cd2-2824-4ad2-8d98-3199b1df0bdb,"(3.6, 0.8, -4.2)",
VOICE_CAPTURE,695091,3/10/2023 8:05:10 AM,cf714cd2-2824-4ad2-8d98-3199b1df0bdb,i think i got everyone,NA,
SESSION_END,698453,3/10/2023 8:05:14 AM,cf714cd2-2824-4ad2-8d98-3199b1df0bdb,
VOICE_CAPTURE,699653,3/10/2023 8:05:15 AM,cf714cd2-2824-4ad2-8d98-3199b1df0bdb,yep i think we're dead,NA,
VOICE_CAPTURE,701971,3/10/2023 8:05:17 AM,cf714cd2-2824-4ad2-8d98-3199b1df0bdb,go ahead and drop your notes,NA,
VOICE_CAPTURE,709405,3/10/2023 8:05:25 AM,cf714cd2-2824-4ad2-8d98-3199b1df0bdb,i know right he just like plowed right through it natural,NA,
VOICE_CAPTURE,714150,3/10/2023 8:05:29 AM,cf714cd2-2824-4ad2-8d98-3199b1df0bdb,uh-huh yeah you did a great job,NA,
