TELEPORT,36294,12/1/2022 3:46:12 PM,91a84c6a-ba27-4116-8644-e5373b3588de,"(1.9, 0.0, 1.2)",
TELEPORT,39211,12/1/2022 3:46:15 PM,91a84c6a-ba27-4116-8644-e5373b3588de,"(1.6, 0.0, -3.3)",
TELEPORT,49491,12/1/2022 3:46:25 PM,91a84c6a-ba27-4116-8644-e5373b3588de,"(1.7, 0.0, -1.7)",
PATIENT_DEMOTED,63947,12/1/2022 3:46:39 PM,91a84c6a-ba27-4116-8644-e5373b3588de,100,Infinity,Bob_0 Root,"(-1.4, 0.0, 5.6)","(0.0, 0.7, 0.0, 0.7)",EXPECTANT,still,faint,restricted,none,unresponsive,supine,
PATIENT_DEMOTED,64141,12/1/2022 3:46:39 PM,91a84c6a-ba27-4116-8644-e5373b3588de,100,Infinity,Bob_0 Root,"(-1.5, 0.0, 5.6)","(0.0, 0.7, 0.0, 0.7)",DEAD,still,none,none,none,dead,supine,
PATIENT_DEMOTED,64271,12/1/2022 3:46:40 PM,91a84c6a-ba27-4116-8644-e5373b3588de,100,Infinity,Gary_1 Root,"(1.7, 0.0, 7.4)","(0.0, 1.0, 0.0, 0.0)",EXPECTANT,still,faint,restricted,none,unresponsive,supine,
PATIENT_DEMOTED,64995,12/1/2022 3:46:40 PM,91a84c6a-ba27-4116-8644-e5373b3588de,100,Infinity,Lily_2 Root,"(2.8, 0.0, 4.3)","(0.0, 1.0, 0.0, 0.0)",IMMEDIATE,waver,fast,fast,normal,agony,fetal,
PATIENT_DEMOTED,65678,12/1/2022 3:46:41 PM,91a84c6a-ba27-4116-8644-e5373b3588de,100,0,Gary_3 Root,"(0.3, 0.0, 1.6)","(0.0, 0.0, 0.0, 1.0)",IMMEDIATE,still,faint,collapsedRight,normal,unresponsive,supine,
PATIENT_DEMOTED,66272,12/1/2022 3:46:42 PM,91a84c6a-ba27-4116-8644-e5373b3588de,100,Infinity,Lily_4 Root,"(1.2, 0.0, 6.3)","(0.0, 1.0, 0.0, 0.0)",IMMEDIATE,waver,fast,normal,normal,upset,fetal,
PATIENT_DEMOTED,67108,12/1/2022 3:46:42 PM,91a84c6a-ba27-4116-8644-e5373b3588de,100,Infinity,Mike_5 Root,"(2.4, 0.0, 2.3)","(0.0, 1.0, 0.0, 0.0)",IMMEDIATE,waver,fast,normal,normal,upset,fetal,
PATIENT_DEMOTED,67648,12/1/2022 3:46:43 PM,91a84c6a-ba27-4116-8644-e5373b3588de,100,Infinity,Gloria_6 Root,"(-1.0, 0.0, 2.9)","(0.0, 0.4, 0.0, 0.9)",IMMEDIATE,waver,fast,normal,normal,upset,fetal,
PATIENT_DEMOTED,68088,12/1/2022 3:46:43 PM,91a84c6a-ba27-4116-8644-e5373b3588de,100,Infinity,Gloria_6 Root,"(-1.2, 0.0, 3.1)","(0.0, 0.4, 0.0, 0.9)",DELAYED,waver,fast,normal,normal,upset,fetal,
PATIENT_DEMOTED,68375,12/1/2022 3:46:44 PM,91a84c6a-ba27-4116-8644-e5373b3588de,100,Infinity,Mike_7 Root,"(1.7, 0.0, 3.9)","(0.0, 0.1, 0.0, 1.0)",IMMEDIATE,waver,fast,normal,normal,upset,sittingGround,
PATIENT_DEMOTED,68741,12/1/2022 3:46:44 PM,91a84c6a-ba27-4116-8644-e5373b3588de,100,Infinity,Mike_7 Root,"(1.0, 0.0, 3.7)","(0.0, 0.1, 0.0, 1.0)",DELAYED,waver,fast,normal,normal,upset,sittingGround,
PATIENT_DEMOTED,68970,12/1/2022 3:46:44 PM,91a84c6a-ba27-4116-8644-e5373b3588de,100,Infinity,Gloria_8 Root,"(3.7, 0.0, 6.0)","(0.0, 1.0, 0.0, 0.0)",DELAYED,walker,normal,normal,normal,upset,sittingGround,
SESSION_END,102675,12/1/2022 3:47:18 PM,91a84c6a-ba27-4116-8644-e5373b3588de,
PATIENT_DEMOTED,108416,12/1/2022 3:47:24 PM,91a84c6a-ba27-4116-8644-e5373b3588de,100,Infinity,Helga_0 Root,"(-0.2, 0.0, 7.8)","(0.0, 0.7, 0.0, 0.7)",IMMEDIATE,waver,fast,normal,normal,upset,sittingGround,
PATIENT_DEMOTED,109171,12/1/2022 3:47:24 PM,91a84c6a-ba27-4116-8644-e5373b3588de,100,Infinity,Lily_1 Root,"(1.5, 0.0, 3.7)","(0.0, 0.1, 0.0, 1.0)",IMMEDIATE,waver,normal,normal,normal,calm,fetal,
PATIENT_DEMOTED,109667,12/1/2022 3:47:25 PM,91a84c6a-ba27-4116-8644-e5373b3588de,100,Infinity,Lily_1 Root,"(1.2, 0.0, 3.8)","(0.0, 0.1, 0.0, 1.0)",DELAYED,waver,normal,normal,normal,calm,fetal,
PATIENT_DEMOTED,109985,12/1/2022 3:47:25 PM,91a84c6a-ba27-4116-8644-e5373b3588de,100,Infinity,Gloria_2 Root,"(0.7, 0.0, 0.4)","(0.0, 1.0, 0.0, 0.0)",IMMEDIATE,waver,fast,fast,normal,agony,supine,
PATIENT_DEMOTED,110647,12/1/2022 3:47:26 PM,91a84c6a-ba27-4116-8644-e5373b3588de,100,Infinity,Mike_3 Root,"(-0.8, 0.0, 3.7)","(0.0, 0.4, 0.0, 0.9)",IMMEDIATE,waver,fast,fast,normal,agony,sittingGround,
PATIENT_DEMOTED,111318,12/1/2022 3:47:27 PM,91a84c6a-ba27-4116-8644-e5373b3588de,100,Infinity,Mike_4 Root,"(1.4, 0.0, 6.0)","(0.0, 1.0, 0.0, 0.0)",DELAYED,walker,normal,normal,normal,upset,standing,
PATIENT_DEMOTED,111723,12/1/2022 3:47:27 PM,91a84c6a-ba27-4116-8644-e5373b3588de,100,Infinity,Mike_4 Root,"(1.4, 0.0, 6.1)","(0.0, 1.0, 0.0, 0.0)",MINIMAL,walker,normal,normal,normal,upset,sittingGround,
PATIENT_DEMOTED,111986,12/1/2022 3:47:27 PM,91a84c6a-ba27-4116-8644-e5373b3588de,100,0,Gary_5 Root,"(2.9, 0.0, 5.3)","(0.0, 1.0, 0.0, 0.0)",DELAYED,walker,normal,restricted,normal,upset,kneeling,
PATIENT_DEMOTED,112403,12/1/2022 3:47:28 PM,91a84c6a-ba27-4116-8644-e5373b3588de,100,0,Gary_5 Root,"(2.9, 0.0, 5.3)","(0.0, 1.0, 0.0, 0.0)",MINIMAL,walker,normal,restricted,normal,upset,sittingGround,
PATIENT_DEMOTED,112677,12/1/2022 3:47:28 PM,91a84c6a-ba27-4116-8644-e5373b3588de,100,128,Mike_6 Root,"(3.0, 0.0, 3.6)","(0.0, 0.0, 0.0, 1.0)",IMMEDIATE,still,faint,collapsedRight,normal,unresponsive,supine,
PATIENT_DEMOTED,113414,12/1/2022 3:47:29 PM,91a84c6a-ba27-4116-8644-e5373b3588de,100,Infinity,Lily_7 Root,"(2.3, 0.0, 1.8)","(0.0, 1.0, 0.0, 0.0)",EXPECTANT,still,faint,restricted,none,unresponsive,supine,
PATIENT_DEMOTED,113887,12/1/2022 3:47:29 PM,91a84c6a-ba27-4116-8644-e5373b3588de,100,Infinity,Lily_7 Root,"(2.2, 0.0, 1.8)","(0.0, 1.0, 0.0, 0.0)",DEAD,still,none,none,none,dead,supine,
PATIENT_DEMOTED,115081,12/1/2022 3:47:30 PM,91a84c6a-ba27-4116-8644-e5373b3588de,100,Infinity,Mike_9 Root,"(3.1, 0.0, 0.6)","(0.0, 1.0, 0.0, 0.0)",IMMEDIATE,waver,fast,normal,normal,upset,sittingGround,
SESSION_START,115908,12/1/2022 3:47:31 PM,91a84c6a-ba27-4116-8644-e5373b3588de,
PATIENT_RECORD,115909,12/1/2022 3:47:31 PM,91a84c6a-ba27-4116-8644-e5373b3588de,100,Infinity,Helga_0 Root,"(0.2, 0.0, 7.7)","(0.0, 0.7, 0.0, 0.7)",IMMEDIATE,waver,fast,fast,normal,upset,sittingGround,
INJURY_RECORD,115909,12/1/2022 3:47:31 PM,91a84c6a-ba27-4116-8644-e5373b3588de,L Stomach Puncture,Helga_0 Root,woundpack,high,abdomen,False,False,"(0.3, 1.0, 7.7)",
INJURY_RECORD,115909,12/1/2022 3:47:31 PM,91a84c6a-ba27-4116-8644-e5373b3588de,L Thigh Puncture,Helga_0 Root,tourniquet,medium,leftLeg,False,False,"(0.2, 0.5, 7.7)",
PATIENT_RECORD,115909,12/1/2022 3:47:31 PM,91a84c6a-ba27-4116-8644-e5373b3588de,100,Infinity,Lily_1 Root,"(1.2, 0.0, 3.9)","(0.0, 0.1, 0.0, 1.0)",DELAYED,waver,normal,normal,normal,calm,fetal,
INJURY_RECORD,115909,12/1/2022 3:47:31 PM,91a84c6a-ba27-4116-8644-e5373b3588de,R Bicep Puncture,Lily_1 Root,tourniquet,medium,rightArm,False,False,"(1.6, 1.3, 3.8)",
INJURY_RECORD,115909,12/1/2022 3:47:31 PM,91a84c6a-ba27-4116-8644-e5373b3588de,R Thigh Laceration,Lily_1 Root,tourniquet,medium,rightLeg,False,False,"(1.3, 0.6, 3.9)",
PATIENT_RECORD,115909,12/1/2022 3:47:31 PM,91a84c6a-ba27-4116-8644-e5373b3588de,100,Infinity,Gloria_2 Root,"(0.7, 0.0, 0.6)","(0.0, 1.0, 0.0, 0.0)",IMMEDIATE,waver,fast,fast,normal,agony,supine,
INJURY_RECORD,115909,12/1/2022 3:47:31 PM,91a84c6a-ba27-4116-8644-e5373b3588de,L Shin Amputation,Gloria_2 Root,tourniquet,high,leftLeg,False,False,"(0.9, 0.4, 0.5)",
PATIENT_RECORD,115909,12/1/2022 3:47:31 PM,91a84c6a-ba27-4116-8644-e5373b3588de,100,Infinity,Mike_3 Root,"(-1.3, 0.0, 4.2)","(0.0, 0.4, 0.0, 0.9)",IMMEDIATE,waver,fast,fast,normal,agony,sittingGround,
INJURY_RECORD,115909,12/1/2022 3:47:31 PM,91a84c6a-ba27-4116-8644-e5373b3588de,R Wrist Amputation,Mike_3 Root,tourniquet,high,rightArm,False,False,"(-0.9, 1.3, 3.8)",
PATIENT_RECORD,115909,12/1/2022 3:47:31 PM,91a84c6a-ba27-4116-8644-e5373b3588de,100,Infinity,Mike_4 Root,"(1.4, 0.0, 6.1)","(0.0, 1.0, 0.0, 0.0)",MINIMAL,walker,normal,normal,normal,upset,sittingGround,
INJURY_RECORD,115909,12/1/2022 3:47:31 PM,91a84c6a-ba27-4116-8644-e5373b3588de,R Palm Laceration,Mike_4 Root,gauzePressure,low,rightArm,False,False,"(0.7, 1.3, 6.0)",
PATIENT_RECORD,115909,12/1/2022 3:47:31 PM,91a84c6a-ba27-4116-8644-e5373b3588de,100,0,Gary_5 Root,"(2.9, 0.0, 5.3)","(0.0, 1.0, 0.0, 0.0)",MINIMAL,walker,normal,restricted,normal,upset,sittingGround,
INJURY_RECORD,115909,12/1/2022 3:47:31 PM,91a84c6a-ba27-4116-8644-e5373b3588de,Asthmatic,Gary_5 Root,none,medium,chest,False,False,"(0.0, 0.0, 0.0)",
PATIENT_RECORD,115909,12/1/2022 3:47:31 PM,91a84c6a-ba27-4116-8644-e5373b3588de,100,128,Mike_6 Root,"(3.0, 0.0, 3.4)","(0.0, 0.0, 0.0, 1.0)",IMMEDIATE,still,faint,collapsedRight,normal,unresponsive,supine,
INJURY_RECORD,115909,12/1/2022 3:47:31 PM,91a84c6a-ba27-4116-8644-e5373b3588de,R Chest Collapse,Mike_6 Root,decompress,high,chest,False,False,"(0.0, 0.0, 0.0)",
PATIENT_RECORD,115909,12/1/2022 3:47:31 PM,91a84c6a-ba27-4116-8644-e5373b3588de,100,Infinity,Lily_7 Root,"(2.2, 0.0, 1.8)","(0.0, 1.0, 0.0, 0.0)",DEAD,still,none,none,none,dead,supine,
INJURY_RECORD,115909,12/1/2022 3:47:31 PM,91a84c6a-ba27-4116-8644-e5373b3588de,Face Shrapnel,Lily_7 Root,airway,high,head,False,False,"(2.2, 1.6, 1.7)",
INJURY_RECORD,115909,12/1/2022 3:47:31 PM,91a84c6a-ba27-4116-8644-e5373b3588de,L Wrist Amputation,Lily_7 Root,tourniquet,high,leftArm,False,False,"(2.9, 1.3, 1.7)",
INJURY_RECORD,115909,12/1/2022 3:47:31 PM,91a84c6a-ba27-4116-8644-e5373b3588de,R Bicep Puncture,Lily_7 Root,tourniquet,medium,rightArm,False,False,"(1.9, 1.3, 1.8)",
PATIENT_RECORD,115909,12/1/2022 3:47:31 PM,91a84c6a-ba27-4116-8644-e5373b3588de,100,Infinity,Gloria_8 Root,"(2.6, 0.0, 8.1)","(0.0, 1.0, 0.0, 0.0)",MINIMAL,still,normal,normal,limited,calm,standing,
INJURY_RECORD,115909,12/1/2022 3:47:31 PM,91a84c6a-ba27-4116-8644-e5373b3588de,Ear Bleed,Gloria_8 Root,none,low,head,False,False,"(0.0, 0.0, 0.0)",
PATIENT_RECORD,115909,12/1/2022 3:47:31 PM,91a84c6a-ba27-4116-8644-e5373b3588de,100,Infinity,Mike_9 Root,"(3.8, 0.0, 1.2)","(0.0, 1.0, 0.0, 0.0)",IMMEDIATE,waver,normal,normal,normal,upset,sittingGround,
INJURY_RECORD,115910,12/1/2022 3:47:31 PM,91a84c6a-ba27-4116-8644-e5373b3588de,L Side Puncture,Mike_9 Root,woundpack,medium,abdomen,False,False,"(3.9, 1.1, 1.1)",
INJURY_RECORD,115910,12/1/2022 3:47:31 PM,91a84c6a-ba27-4116-8644-e5373b3588de,L Thigh Puncture,Mike_9 Root,tourniquet,medium,leftLeg,False,False,"(3.8, 0.6, 1.1)",
INJURY_RECORD,115910,12/1/2022 3:47:31 PM,91a84c6a-ba27-4116-8644-e5373b3588de,L Calf Laceration,Mike_9 Root,gauzePressure,low,leftLeg,False,False,"(3.9, 0.3, 1.2)",
PATIENT_RECORD,115910,12/1/2022 3:47:31 PM,91a84c6a-ba27-4116-8644-e5373b3588de,100,Infinity,Bob_10 Root,"(3.8, 0.0, 4.0)","(0.0, 1.0, 0.0, 0.0)",MINIMAL,walker,normal,normal,normal,calm,standing,
VOICE_CAPTURE,129645,12/1/2022 3:47:45 PM,91a84c6a-ba27-4116-8644-e5373b3588de,if you can walk,NA,
VOICE_COMMAND,129645,12/1/2022 3:47:45 PM,91a84c6a-ba27-4116-8644-e5373b3588de,walk to the safe area,if you can walk,
S_A_L_T_WALK_IF_CAN,129648,12/1/2022 3:47:45 PM,91a84c6a-ba27-4116-8644-e5373b3588de,"(0.2, 0.0, 7.7)",walkIfCan,Helga_0 Root,
S_A_L_T_WALK_IF_CAN,129648,12/1/2022 3:47:45 PM,91a84c6a-ba27-4116-8644-e5373b3588de,"(1.2, 0.0, 3.9)",walkIfCan,Lily_1 Root,
S_A_L_T_WALK_IF_CAN,129648,12/1/2022 3:47:45 PM,91a84c6a-ba27-4116-8644-e5373b3588de,"(0.7, 0.0, 0.6)",walkIfCan,Gloria_2 Root,
S_A_L_T_WALK_IF_CAN,129648,12/1/2022 3:47:45 PM,91a84c6a-ba27-4116-8644-e5373b3588de,"(-1.3, 0.0, 4.2)",walkIfCan,Mike_3 Root,
S_A_L_T_WALK_IF_CAN,129648,12/1/2022 3:47:45 PM,91a84c6a-ba27-4116-8644-e5373b3588de,"(1.4, 0.0, 6.1)",walkIfCan,Mike_4 Root,
S_A_L_T_WALKED,129648,12/1/2022 3:47:45 PM,91a84c6a-ba27-4116-8644-e5373b3588de,"(1.4, 0.0, 6.1)",walked,Mike_4 Root,
S_A_L_T_WALK_IF_CAN,129649,12/1/2022 3:47:45 PM,91a84c6a-ba27-4116-8644-e5373b3588de,"(2.9, 0.0, 5.3)",walkIfCan,Gary_5 Root,
S_A_L_T_WALKED,129649,12/1/2022 3:47:45 PM,91a84c6a-ba27-4116-8644-e5373b3588de,"(2.9, 0.0, 5.3)",walked,Gary_5 Root,
S_A_L_T_WALK_IF_CAN,129649,12/1/2022 3:47:45 PM,91a84c6a-ba27-4116-8644-e5373b3588de,"(2.6, 0.0, 8.1)",walkIfCan,Gloria_8 Root,
S_A_L_T_WALK_IF_CAN,129649,12/1/2022 3:47:45 PM,91a84c6a-ba27-4116-8644-e5373b3588de,"(3.4, 0.0, 1.1)",walkIfCan,Mike_9 Root,
S_A_L_T_WALK_IF_CAN,129649,12/1/2022 3:47:45 PM,91a84c6a-ba27-4116-8644-e5373b3588de,"(3.8, 0.0, 4.0)",walkIfCan,Bob_10 Root,
S_A_L_T_WALKED,129649,12/1/2022 3:47:45 PM,91a84c6a-ba27-4116-8644-e5373b3588de,"(3.8, 0.0, 4.0)",walked,Bob_10 Root,
TELEPORT,131045,12/1/2022 3:47:46 PM,91a84c6a-ba27-4116-8644-e5373b3588de,"(0.8, 0.0, -2.3)",
BAG_ACCESS,131631,12/1/2022 3:47:47 PM,91a84c6a-ba27-4116-8644-e5373b3588de,"(1.2, 0.7, -1.8)",
BAG_CLOSED,134079,12/1/2022 3:47:49 PM,91a84c6a-ba27-4116-8644-e5373b3588de,"(1.2, 0.7, -1.8)",
TELEPORT,134079,12/1/2022 3:47:49 PM,91a84c6a-ba27-4116-8644-e5373b3588de,"(0.8, 0.0, -2.3)",
BAG_ACCESS,137995,12/1/2022 3:47:53 PM,91a84c6a-ba27-4116-8644-e5373b3588de,"(1.3, 0.7, 0.9)",
TOOL_HOVER,138328,12/1/2022 3:47:54 PM,91a84c6a-ba27-4116-8644-e5373b3588de,Tourniquet,999,
TOOL_HOVER,138344,12/1/2022 3:47:54 PM,91a84c6a-ba27-4116-8644-e5373b3588de,Tourniquet,999,
TOOL_HOVER,138361,12/1/2022 3:47:54 PM,91a84c6a-ba27-4116-8644-e5373b3588de,Tourniquet,999,
TOOL_HOVER,138378,12/1/2022 3:47:54 PM,91a84c6a-ba27-4116-8644-e5373b3588de,Tourniquet,999,
TOOL_HOVER,138395,12/1/2022 3:47:54 PM,91a84c6a-ba27-4116-8644-e5373b3588de,Tourniquet,999,
TOOL_HOVER,138412,12/1/2022 3:47:54 PM,91a84c6a-ba27-4116-8644-e5373b3588de,Tourniquet,999,
TOOL_HOVER,138428,12/1/2022 3:47:54 PM,91a84c6a-ba27-4116-8644-e5373b3588de,Tourniquet,999,
TOOL_HOVER,138444,12/1/2022 3:47:54 PM,91a84c6a-ba27-4116-8644-e5373b3588de,Tourniquet,999,
TOOL_HOVER,138461,12/1/2022 3:47:54 PM,91a84c6a-ba27-4116-8644-e5373b3588de,Tourniquet,999,
TOOL_HOVER,138478,12/1/2022 3:47:54 PM,91a84c6a-ba27-4116-8644-e5373b3588de,Tourniquet,999,
TOOL_HOVER,138495,12/1/2022 3:47:54 PM,91a84c6a-ba27-4116-8644-e5373b3588de,Tourniquet,999,
TOOL_HOVER,138511,12/1/2022 3:47:54 PM,91a84c6a-ba27-4116-8644-e5373b3588de,Tourniquet,999,
TOOL_HOVER,138528,12/1/2022 3:47:54 PM,91a84c6a-ba27-4116-8644-e5373b3588de,Tourniquet,999,
TOOL_HOVER,138545,12/1/2022 3:47:54 PM,91a84c6a-ba27-4116-8644-e5373b3588de,Tourniquet,999,
TOOL_SELECTED,138548,12/1/2022 3:47:54 PM,91a84c6a-ba27-4116-8644-e5373b3588de,Tourniquet,998,
PATIENT_ENGAGED,139094,12/1/2022 3:47:54 PM,91a84c6a-ba27-4116-8644-e5373b3588de,100,Infinity,Gloria_2 Root,"(0.7, 0.0, 0.6)","(0.0, 1.0, 0.0, 0.0)",IMMEDIATE,waver,fast,fast,normal,agony,supine,
INJURY_TREATED,140012,12/1/2022 3:47:55 PM,91a84c6a-ba27-4116-8644-e5373b3588de,L Shin Amputation,Gloria_2 Root,tourniquet,high,leftLeg,True,False,"(1.0, 0.1, 0.5)",
TOOL_APPLIED,140013,12/1/2022 3:47:55 PM,91a84c6a-ba27-4116-8644-e5373b3588de,Gloria_2 Root,Tourniquet,LeftUpLeg (UnityEngine.GameObject),tor_ring (1) (UnityEngine.GameObject),tourniquet(Clone) (UnityEngine.GameObject),AppliedTourniquet,
TOOL_HOVER,142428,12/1/2022 3:47:58 PM,91a84c6a-ba27-4116-8644-e5373b3588de,Tourniquet,998,
TOOL_HOVER,142444,12/1/2022 3:47:58 PM,91a84c6a-ba27-4116-8644-e5373b3588de,Tourniquet,998,
TOOL_HOVER,142460,12/1/2022 3:47:58 PM,91a84c6a-ba27-4116-8644-e5373b3588de,Tourniquet,998,
TOOL_HOVER,142477,12/1/2022 3:47:58 PM,91a84c6a-ba27-4116-8644-e5373b3588de,Tourniquet,998,
TOOL_HOVER,142494,12/1/2022 3:47:58 PM,91a84c6a-ba27-4116-8644-e5373b3588de,Tourniquet,998,
TOOL_HOVER,142511,12/1/2022 3:47:58 PM,91a84c6a-ba27-4116-8644-e5373b3588de,Tourniquet,998,
TOOL_HOVER,142528,12/1/2022 3:47:58 PM,91a84c6a-ba27-4116-8644-e5373b3588de,Tourniquet,998,
TOOL_HOVER,142543,12/1/2022 3:47:58 PM,91a84c6a-ba27-4116-8644-e5373b3588de,Tourniquet,998,
TOOL_HOVER,142560,12/1/2022 3:47:58 PM,91a84c6a-ba27-4116-8644-e5373b3588de,Tourniquet,998,
TOOL_HOVER,142576,12/1/2022 3:47:58 PM,91a84c6a-ba27-4116-8644-e5373b3588de,Tourniquet,998,
TOOL_HOVER,142594,12/1/2022 3:47:58 PM,91a84c6a-ba27-4116-8644-e5373b3588de,Tourniquet,998,
TOOL_HOVER,142611,12/1/2022 3:47:58 PM,91a84c6a-ba27-4116-8644-e5373b3588de,Tourniquet,998,
TOOL_HOVER,142628,12/1/2022 3:47:58 PM,91a84c6a-ba27-4116-8644-e5373b3588de,Tourniquet,998,
TOOL_HOVER,142644,12/1/2022 3:47:58 PM,91a84c6a-ba27-4116-8644-e5373b3588de,Tourniquet,998,
TOOL_HOVER,142660,12/1/2022 3:47:58 PM,91a84c6a-ba27-4116-8644-e5373b3588de,Tourniquet,998,
TOOL_HOVER,142677,12/1/2022 3:47:58 PM,91a84c6a-ba27-4116-8644-e5373b3588de,Tourniquet,998,
TOOL_HOVER,142694,12/1/2022 3:47:58 PM,91a84c6a-ba27-4116-8644-e5373b3588de,Tourniquet,998,
TOOL_HOVER,142711,12/1/2022 3:47:58 PM,91a84c6a-ba27-4116-8644-e5373b3588de,Tourniquet,998,
TOOL_HOVER,142728,12/1/2022 3:47:58 PM,91a84c6a-ba27-4116-8644-e5373b3588de,Tourniquet,998,
TOOL_HOVER,142743,12/1/2022 3:47:58 PM,91a84c6a-ba27-4116-8644-e5373b3588de,Tourniquet,998,
TOOL_HOVER,142761,12/1/2022 3:47:58 PM,91a84c6a-ba27-4116-8644-e5373b3588de,Tourniquet,998,
TOOL_HOVER,142778,12/1/2022 3:47:58 PM,91a84c6a-ba27-4116-8644-e5373b3588de,Tourniquet,998,
TOOL_HOVER,142794,12/1/2022 3:47:58 PM,91a84c6a-ba27-4116-8644-e5373b3588de,Tourniquet,998,
TOOL_HOVER,142811,12/1/2022 3:47:58 PM,91a84c6a-ba27-4116-8644-e5373b3588de,Tourniquet,998,
TOOL_HOVER,142828,12/1/2022 3:47:58 PM,91a84c6a-ba27-4116-8644-e5373b3588de,Tourniquet,998,
TOOL_HOVER,142844,12/1/2022 3:47:58 PM,91a84c6a-ba27-4116-8644-e5373b3588de,Tourniquet,998,
TOOL_HOVER,142862,12/1/2022 3:47:58 PM,91a84c6a-ba27-4116-8644-e5373b3588de,Tourniquet,998,
TOOL_HOVER,142877,12/1/2022 3:47:58 PM,91a84c6a-ba27-4116-8644-e5373b3588de,Tourniquet,998,
TOOL_HOVER,142894,12/1/2022 3:47:58 PM,91a84c6a-ba27-4116-8644-e5373b3588de,Tourniquet,998,
TOOL_HOVER,142911,12/1/2022 3:47:58 PM,91a84c6a-ba27-4116-8644-e5373b3588de,Tourniquet,998,
TOOL_HOVER,142928,12/1/2022 3:47:58 PM,91a84c6a-ba27-4116-8644-e5373b3588de,Tourniquet,998,
TOOL_SELECTED,142929,12/1/2022 3:47:58 PM,91a84c6a-ba27-4116-8644-e5373b3588de,Tourniquet,997,
INJURY_TREATED,145310,12/1/2022 3:48:01 PM,91a84c6a-ba27-4116-8644-e5373b3588de,L Shin Amputation,Gloria_2 Root,tourniquet,high,leftLeg,True,False,"(1.0, 0.0, 0.5)",
TOOL_APPLIED,145311,12/1/2022 3:48:01 PM,91a84c6a-ba27-4116-8644-e5373b3588de,Gloria_2 Root,Tourniquet,LeftUpLeg (UnityEngine.GameObject),tor_ring (1) (UnityEngine.GameObject),tourniquet(Clone) (UnityEngine.GameObject),AppliedTourniquet,
TAG_SELECTED,151641,12/1/2022 3:48:07 PM,91a84c6a-ba27-4116-8644-e5373b3588de,red,
TAG_APPLIED,152792,12/1/2022 3:48:08 PM,91a84c6a-ba27-4116-8644-e5373b3588de,Gloria_2 Root,red,
PULSE_TAKEN,154322,12/1/2022 3:48:10 PM,91a84c6a-ba27-4116-8644-e5373b3588de,pulse_fast,Gloria_2 Root,
BAG_CLOSED,156323,12/1/2022 3:48:12 PM,91a84c6a-ba27-4116-8644-e5373b3588de,"(1.3, 0.7, 0.9)",
TELEPORT,156323,12/1/2022 3:48:12 PM,91a84c6a-ba27-4116-8644-e5373b3588de,"(0.8, 0.0, 0.4)",
PATIENT_ENGAGED,158407,12/1/2022 3:48:14 PM,91a84c6a-ba27-4116-8644-e5373b3588de,100,Infinity,Lily_7 Root,"(2.2, 0.0, 1.8)","(0.0, 1.0, 0.0, 0.0)",DEAD,still,none,none,none,dead,supine,
BAG_ACCESS,160990,12/1/2022 3:48:16 PM,91a84c6a-ba27-4116-8644-e5373b3588de,"(1.8, 0.5, 1.3)",
TAG_SELECTED,161506,12/1/2022 3:48:17 PM,91a84c6a-ba27-4116-8644-e5373b3588de,black,
TAG_APPLIED,163048,12/1/2022 3:48:18 PM,91a84c6a-ba27-4116-8644-e5373b3588de,Lily_7 Root,black,
BAG_CLOSED,165033,12/1/2022 3:48:20 PM,91a84c6a-ba27-4116-8644-e5373b3588de,"(1.8, 0.5, 1.3)",
TELEPORT,165033,12/1/2022 3:48:20 PM,91a84c6a-ba27-4116-8644-e5373b3588de,"(1.4, 0.0, 0.7)",
PATIENT_ENGAGED,166796,12/1/2022 3:48:22 PM,91a84c6a-ba27-4116-8644-e5373b3588de,100,Infinity,Mike_9 Root,"(3.4, 0.0, 1.1)","(0.0, 1.0, 0.0, 0.0)",IMMEDIATE,waver,normal,normal,normal,upset,sittingGround,
PULSE_TAKEN,167725,12/1/2022 3:48:23 PM,91a84c6a-ba27-4116-8644-e5373b3588de,pulse_normal,Mike_9 Root,
BAG_ACCESS,170391,12/1/2022 3:48:26 PM,91a84c6a-ba27-4116-8644-e5373b3588de,"(3.2, 0.5, 0.9)",
TOOL_HOVER,170840,12/1/2022 3:48:26 PM,91a84c6a-ba27-4116-8644-e5373b3588de,Tourniquet,997,
TOOL_HOVER,170860,12/1/2022 3:48:26 PM,91a84c6a-ba27-4116-8644-e5373b3588de,Tourniquet,997,
TOOL_HOVER,170881,12/1/2022 3:48:26 PM,91a84c6a-ba27-4116-8644-e5373b3588de,Tourniquet,997,
TOOL_HOVER,170901,12/1/2022 3:48:26 PM,91a84c6a-ba27-4116-8644-e5373b3588de,Tourniquet,997,
TOOL_HOVER,170923,12/1/2022 3:48:26 PM,91a84c6a-ba27-4116-8644-e5373b3588de,Tourniquet,997,
TOOL_SELECTED,170923,12/1/2022 3:48:26 PM,91a84c6a-ba27-4116-8644-e5373b3588de,Tourniquet,996,
INJURY_TREATED,172579,12/1/2022 3:48:28 PM,91a84c6a-ba27-4116-8644-e5373b3588de,L Thigh Puncture,Mike_9 Root,tourniquet,medium,leftLeg,True,False,"(4.0, 0.1, 1.1)",
TOOL_APPLIED,172579,12/1/2022 3:48:28 PM,91a84c6a-ba27-4116-8644-e5373b3588de,Mike_9 Root,Tourniquet,LeftUpLeg (UnityEngine.GameObject),tor_ring (1) (UnityEngine.GameObject),tourniquet(Clone) (UnityEngine.GameObject),AppliedTourniquet,
PATIENT_DEMOTED,172580,12/1/2022 3:48:28 PM,91a84c6a-ba27-4116-8644-e5373b3588de,100,Infinity,Mike_9 Root,"(3.4, 0.0, 1.1)","(0.0, 1.0, 0.0, 0.0)",DELAYED,waver,normal,normal,normal,upset,sittingGround,
PULSE_TAKEN,173346,12/1/2022 3:48:29 PM,91a84c6a-ba27-4116-8644-e5373b3588de,pulse_normal,Mike_9 Root,
VOICE_CAPTURE,177079,12/1/2022 3:48:32 PM,91a84c6a-ba27-4116-8644-e5373b3588de,lay on your back,NA,
BAG_CLOSED,185981,12/1/2022 3:48:41 PM,91a84c6a-ba27-4116-8644-e5373b3588de,"(3.2, 0.5, 0.9)",
TELEPORT,187765,12/1/2022 3:48:43 PM,91a84c6a-ba27-4116-8644-e5373b3588de,"(4.6, 0.0, 1.4)",
TELEPORT,189047,12/1/2022 3:48:44 PM,91a84c6a-ba27-4116-8644-e5373b3588de,"(4.3, 0.0, 1.1)",
BAG_ACCESS,191546,12/1/2022 3:48:47 PM,91a84c6a-ba27-4116-8644-e5373b3588de,"(4.4, 0.5, 1.4)",
TOOL_HOVER,191826,12/1/2022 3:48:47 PM,91a84c6a-ba27-4116-8644-e5373b3588de,Hemostatic Gauze,999,
TOOL_HOVER,191842,12/1/2022 3:48:47 PM,91a84c6a-ba27-4116-8644-e5373b3588de,Hemostatic Gauze,999,
TOOL_HOVER,191858,12/1/2022 3:48:47 PM,91a84c6a-ba27-4116-8644-e5373b3588de,Hemostatic Gauze,999,
TOOL_HOVER,191882,12/1/2022 3:48:47 PM,91a84c6a-ba27-4116-8644-e5373b3588de,Hemostatic Gauze,999,
TOOL_HOVER,191898,12/1/2022 3:48:47 PM,91a84c6a-ba27-4116-8644-e5373b3588de,Hemostatic Gauze,999,
TOOL_HOVER,191914,12/1/2022 3:48:47 PM,91a84c6a-ba27-4116-8644-e5373b3588de,Hemostatic Gauze,999,
TOOL_HOVER,191931,12/1/2022 3:48:47 PM,91a84c6a-ba27-4116-8644-e5373b3588de,Hemostatic Gauze,999,
TOOL_HOVER,191948,12/1/2022 3:48:47 PM,91a84c6a-ba27-4116-8644-e5373b3588de,Hemostatic Gauze,999,
TOOL_HOVER,191964,12/1/2022 3:48:47 PM,91a84c6a-ba27-4116-8644-e5373b3588de,Hemostatic Gauze,999,
TOOL_SELECTED,191966,12/1/2022 3:48:47 PM,91a84c6a-ba27-4116-8644-e5373b3588de,Hemostatic Gauze,998,
TOOL_DISCARDED,193848,12/1/2022 3:48:49 PM,91a84c6a-ba27-4116-8644-e5373b3588de,Hemostatic Gauze,998,"(3.8, 0.2, 1.3)",
INJURY_TREATED,193849,12/1/2022 3:48:49 PM,91a84c6a-ba27-4116-8644-e5373b3588de,L Side Puncture,Mike_9 Root,woundpack,medium,abdomen,True,False,"(3.8, 0.2, 1.3)",
TOOL_APPLIED,193849,12/1/2022 3:48:49 PM,91a84c6a-ba27-4116-8644-e5373b3588de,Mike_9 Root,Gauze_Pack,skinCollider_BodyCollideLOD (UnityEngine.GameObject),null,null,AppliedPackingGauze,
PATIENT_ENGAGED,194698,12/1/2022 3:48:50 PM,91a84c6a-ba27-4116-8644-e5373b3588de,100,Infinity,Lily_7 Root,"(2.2, 0.0, 1.8)","(0.0, 1.0, 0.0, 0.0)",DEAD,still,none,none,none,dead,supine,
BAG_CLOSED,196098,12/1/2022 3:48:51 PM,91a84c6a-ba27-4116-8644-e5373b3588de,"(4.4, 0.5, 1.4)",
TELEPORT,196098,12/1/2022 3:48:51 PM,91a84c6a-ba27-4116-8644-e5373b3588de,"(4.0, 0.0, 0.9)",
PATIENT_ENGAGED,197481,12/1/2022 3:48:53 PM,91a84c6a-ba27-4116-8644-e5373b3588de,100,128,Mike_6 Root,"(3.0, 0.0, 3.4)","(0.0, 0.0, 0.0, 1.0)",IMMEDIATE,still,faint,collapsedRight,normal,unresponsive,supine,
BAG_ACCESS,199030,12/1/2022 3:48:54 PM,91a84c6a-ba27-4116-8644-e5373b3588de,"(3.7, 0.4, 3.3)",
TOOL_HOVER,199530,12/1/2022 3:48:55 PM,91a84c6a-ba27-4116-8644-e5373b3588de,Needle,999,
TOOL_HOVER,199547,12/1/2022 3:48:55 PM,91a84c6a-ba27-4116-8644-e5373b3588de,Needle,999,
TOOL_HOVER,199563,12/1/2022 3:48:55 PM,91a84c6a-ba27-4116-8644-e5373b3588de,Needle,999,
TOOL_SELECTED,199564,12/1/2022 3:48:55 PM,91a84c6a-ba27-4116-8644-e5373b3588de,Needle,998,
INJURY_TREATED,201366,12/1/2022 3:48:57 PM,91a84c6a-ba27-4116-8644-e5373b3588de,R Chest Collapse,Mike_6 Root,decompress,high,chest,True,False,"(0.0, 0.0, 0.0)",
TOOL_APPLIED,201366,12/1/2022 3:48:57 PM,91a84c6a-ba27-4116-8644-e5373b3588de,Needle_Decomp(Clone),Needle,RChest_Breathe1 (UnityEngine.GameObject),cath_needle (UnityEngine.GameObject),right_chest,Needle_Decomp(Clone) (UnityEngine.GameObject),AppliedDecompNeedle,
TAG_SELECTED,202912,12/1/2022 3:48:58 PM,91a84c6a-ba27-4116-8644-e5373b3588de,red,
TAG_APPLIED,203863,12/1/2022 3:48:59 PM,91a84c6a-ba27-4116-8644-e5373b3588de,Mike_6 Root,red,
BAG_CLOSED,204663,12/1/2022 3:49:00 PM,91a84c6a-ba27-4116-8644-e5373b3588de,"(3.7, 0.4, 3.3)",
TELEPORT,204663,12/1/2022 3:49:00 PM,91a84c6a-ba27-4116-8644-e5373b3588de,"(3.2, 0.0, 2.5)",
PULSE_TAKEN,205962,12/1/2022 3:49:01 PM,91a84c6a-ba27-4116-8644-e5373b3588de,pulse_normal,Mike_9 Root,
PATIENT_ENGAGED,206129,12/1/2022 3:49:01 PM,91a84c6a-ba27-4116-8644-e5373b3588de,100,Infinity,Lily_7 Root,"(2.2, 0.0, 1.8)","(0.0, 1.0, 0.0, 0.0)",DEAD,still,none,none,none,dead,supine,
PULSE_TAKEN,206196,12/1/2022 3:49:01 PM,91a84c6a-ba27-4116-8644-e5373b3588de,pulse_normal,Mike_9 Root,
BAG_ACCESS,207911,12/1/2022 3:49:03 PM,91a84c6a-ba27-4116-8644-e5373b3588de,"(4.0, 0.4, 1.6)",
TAG_SELECTED,208363,12/1/2022 3:49:04 PM,91a84c6a-ba27-4116-8644-e5373b3588de,red,
PATIENT_ENGAGED,208694,12/1/2022 3:49:04 PM,91a84c6a-ba27-4116-8644-e5373b3588de,100,Infinity,Mike_9 Root,"(3.4, 0.0, 1.1)","(0.0, 1.0, 0.0, 0.0)",DELAYED,waver,normal,normal,normal,upset,sittingGround,
TAG_APPLIED,209527,12/1/2022 3:49:05 PM,91a84c6a-ba27-4116-8644-e5373b3588de,Mike_9 Root,red,
PULSE_TAKEN,210143,12/1/2022 3:49:05 PM,91a84c6a-ba27-4116-8644-e5373b3588de,pulse_normal,Mike_9 Root,
BAG_CLOSED,210994,12/1/2022 3:49:06 PM,91a84c6a-ba27-4116-8644-e5373b3588de,"(4.0, 0.4, 1.6)",
TELEPORT,210994,12/1/2022 3:49:06 PM,91a84c6a-ba27-4116-8644-e5373b3588de,"(3.3, 0.0, 0.9)",
PATIENT_ENGAGED,213625,12/1/2022 3:49:09 PM,91a84c6a-ba27-4116-8644-e5373b3588de,100,Infinity,Mike_3 Root,"(-1.3, 0.0, 4.2)","(0.0, 0.4, 0.0, 0.9)",IMMEDIATE,waver,fast,fast,normal,agony,sittingGround,
PATIENT_ENGAGED,214493,12/1/2022 3:49:10 PM,91a84c6a-ba27-4116-8644-e5373b3588de,100,Infinity,Lily_1 Root,"(1.2, 0.0, 3.9)","(0.0, 0.1, 0.0, 1.0)",DELAYED,waver,normal,normal,normal,calm,fetal,
BAG_ACCESS,216627,12/1/2022 3:49:12 PM,91a84c6a-ba27-4116-8644-e5373b3588de,"(0.4, 0.5, 4.4)",
TOOL_HOVER,217027,12/1/2022 3:49:12 PM,91a84c6a-ba27-4116-8644-e5373b3588de,Tourniquet,996,
TOOL_HOVER,217044,12/1/2022 3:49:12 PM,91a84c6a-ba27-4116-8644-e5373b3588de,Tourniquet,996,
TOOL_HOVER,217059,12/1/2022 3:49:12 PM,91a84c6a-ba27-4116-8644-e5373b3588de,Tourniquet,996,
TOOL_HOVER,217076,12/1/2022 3:49:12 PM,91a84c6a-ba27-4116-8644-e5373b3588de,Tourniquet,996,
TOOL_HOVER,217093,12/1/2022 3:49:12 PM,91a84c6a-ba27-4116-8644-e5373b3588de,Tourniquet,996,
TOOL_HOVER,217110,12/1/2022 3:49:12 PM,91a84c6a-ba27-4116-8644-e5373b3588de,Tourniquet,996,
TOOL_SELECTED,217111,12/1/2022 3:49:12 PM,91a84c6a-ba27-4116-8644-e5373b3588de,Tourniquet,995,
TOOL_APPLIED,218290,12/1/2022 3:49:14 PM,91a84c6a-ba27-4116-8644-e5373b3588de,Lily_1 Root,Tourniquet,RightForeArm (UnityEngine.GameObject),tor_ring (1) (UnityEngine.GameObject),tourniquet(Clone) (UnityEngine.GameObject),AppliedTourniquet,
TOOL_HOVER,218925,12/1/2022 3:49:14 PM,91a84c6a-ba27-4116-8644-e5373b3588de,Gauze,999,
TOOL_HOVER,218943,12/1/2022 3:49:14 PM,91a84c6a-ba27-4116-8644-e5373b3588de,Gauze,999,
TOOL_HOVER,218959,12/1/2022 3:49:14 PM,91a84c6a-ba27-4116-8644-e5373b3588de,Gauze,999,
TOOL_HOVER,218975,12/1/2022 3:49:14 PM,91a84c6a-ba27-4116-8644-e5373b3588de,Gauze,999,
TOOL_HOVER,218992,12/1/2022 3:49:14 PM,91a84c6a-ba27-4116-8644-e5373b3588de,Gauze,999,
TOOL_HOVER,219009,12/1/2022 3:49:14 PM,91a84c6a-ba27-4116-8644-e5373b3588de,Gauze,999,
TOOL_HOVER,219125,12/1/2022 3:49:14 PM,91a84c6a-ba27-4116-8644-e5373b3588de,Tourniquet,995,
TOOL_HOVER,219143,12/1/2022 3:49:14 PM,91a84c6a-ba27-4116-8644-e5373b3588de,Tourniquet,995,
TOOL_HOVER,219160,12/1/2022 3:49:14 PM,91a84c6a-ba27-4116-8644-e5373b3588de,Tourniquet,995,
TOOL_HOVER,219176,12/1/2022 3:49:14 PM,91a84c6a-ba27-4116-8644-e5373b3588de,Tourniquet,995,
TOOL_HOVER,219196,12/1/2022 3:49:14 PM,91a84c6a-ba27-4116-8644-e5373b3588de,Tourniquet,995,
TOOL_HOVER,219208,12/1/2022 3:49:14 PM,91a84c6a-ba27-4116-8644-e5373b3588de,Tourniquet,995,
TOOL_HOVER,219225,12/1/2022 3:49:15 PM,91a84c6a-ba27-4116-8644-e5373b3588de,Tourniquet,995,
TOOL_HOVER,219243,12/1/2022 3:49:15 PM,91a84c6a-ba27-4116-8644-e5373b3588de,Tourniquet,995,
TOOL_HOVER,219258,12/1/2022 3:49:15 PM,91a84c6a-ba27-4116-8644-e5373b3588de,Tourniquet,995,
TOOL_HOVER,219275,12/1/2022 3:49:15 PM,91a84c6a-ba27-4116-8644-e5373b3588de,Tourniquet,995,
TOOL_HOVER,219292,12/1/2022 3:49:15 PM,91a84c6a-ba27-4116-8644-e5373b3588de,Tourniquet,995,
TOOL_HOVER,219309,12/1/2022 3:49:15 PM,91a84c6a-ba27-4116-8644-e5373b3588de,Tourniquet,995,
TOOL_HOVER,219326,12/1/2022 3:49:15 PM,91a84c6a-ba27-4116-8644-e5373b3588de,Tourniquet,995,
TOOL_HOVER,219341,12/1/2022 3:49:15 PM,91a84c6a-ba27-4116-8644-e5373b3588de,Tourniquet,995,
TOOL_HOVER,219359,12/1/2022 3:49:15 PM,91a84c6a-ba27-4116-8644-e5373b3588de,Tourniquet,995,
TOOL_SELECTED,219360,12/1/2022 3:49:15 PM,91a84c6a-ba27-4116-8644-e5373b3588de,Tourniquet,994,
INJURY_TREATED,220759,12/1/2022 3:49:16 PM,91a84c6a-ba27-4116-8644-e5373b3588de,R Bicep Puncture,Lily_1 Root,tourniquet,medium,rightArm,True,False,"(0.8, 0.2, 4.0)",
TOOL_APPLIED,220759,12/1/2022 3:49:16 PM,91a84c6a-ba27-4116-8644-e5373b3588de,Lily_1 Root,Tourniquet,RightArm (UnityEngine.GameObject),tor_ring (1) (UnityEngine.GameObject),tourniquet(Clone) (UnityEngine.GameObject),AppliedTourniquet,
TOOL_HOVER,221425,12/1/2022 3:49:17 PM,91a84c6a-ba27-4116-8644-e5373b3588de,Gauze,999,
TOOL_HOVER,221442,12/1/2022 3:49:17 PM,91a84c6a-ba27-4116-8644-e5373b3588de,Gauze,999,
TOOL_HOVER,221459,12/1/2022 3:49:17 PM,91a84c6a-ba27-4116-8644-e5373b3588de,Gauze,999,
TOOL_HOVER,221475,12/1/2022 3:49:17 PM,91a84c6a-ba27-4116-8644-e5373b3588de,Gauze,999,
TOOL_HOVER,221492,12/1/2022 3:49:17 PM,91a84c6a-ba27-4116-8644-e5373b3588de,Gauze,999,
TOOL_HOVER,221510,12/1/2022 3:49:17 PM,91a84c6a-ba27-4116-8644-e5373b3588de,Gauze,999,
TOOL_HOVER,221527,12/1/2022 3:49:17 PM,91a84c6a-ba27-4116-8644-e5373b3588de,Tourniquet,994,
TOOL_HOVER,221544,12/1/2022 3:49:17 PM,91a84c6a-ba27-4116-8644-e5373b3588de,Tourniquet,994,
TOOL_HOVER,221559,12/1/2022 3:49:17 PM,91a84c6a-ba27-4116-8644-e5373b3588de,Tourniquet,994,
TOOL_HOVER,221576,12/1/2022 3:49:17 PM,91a84c6a-ba27-4116-8644-e5373b3588de,Tourniquet,994,
TOOL_HOVER,221593,12/1/2022 3:49:17 PM,91a84c6a-ba27-4116-8644-e5373b3588de,Tourniquet,994,
TOOL_HOVER,221608,12/1/2022 3:49:17 PM,91a84c6a-ba27-4116-8644-e5373b3588de,Tourniquet,994,
TOOL_SELECTED,221609,12/1/2022 3:49:17 PM,91a84c6a-ba27-4116-8644-e5373b3588de,Tourniquet,993,
INJURY_TREATED,223056,12/1/2022 3:49:18 PM,91a84c6a-ba27-4116-8644-e5373b3588de,R Thigh Laceration,Lily_1 Root,tourniquet,medium,rightLeg,True,False,"(1.0, 0.2, 4.0)",
TOOL_APPLIED,223056,12/1/2022 3:49:18 PM,91a84c6a-ba27-4116-8644-e5373b3588de,Lily_1 Root,Tourniquet,RightUpLeg (UnityEngine.GameObject),tor_ring (1) (UnityEngine.GameObject),tourniquet(Clone) (UnityEngine.GameObject),AppliedTourniquet,
TAG_SELECTED,224991,12/1/2022 3:49:20 PM,91a84c6a-ba27-4116-8644-e5373b3588de,red,
TAG_APPLIED,226138,12/1/2022 3:49:21 PM,91a84c6a-ba27-4116-8644-e5373b3588de,Lily_1 Root,red,
BAG_CLOSED,228023,12/1/2022 3:49:23 PM,91a84c6a-ba27-4116-8644-e5373b3588de,"(0.4, 0.5, 4.4)",
TELEPORT,228023,12/1/2022 3:49:23 PM,91a84c6a-ba27-4116-8644-e5373b3588de,"(-0.2, 0.0, 3.9)",
PATIENT_ENGAGED,228773,12/1/2022 3:49:24 PM,91a84c6a-ba27-4116-8644-e5373b3588de,100,Infinity,Mike_3 Root,"(-1.3, 0.0, 4.2)","(0.0, 0.4, 0.0, 0.9)",IMMEDIATE,waver,fast,fast,normal,agony,sittingGround,
BAG_ACCESS,231555,12/1/2022 3:49:27 PM,91a84c6a-ba27-4116-8644-e5373b3588de,"(-0.9, 0.5, 4.4)",
TOOL_HOVER,232737,12/1/2022 3:49:28 PM,91a84c6a-ba27-4116-8644-e5373b3588de,Hemostatic Gauze,999,
TOOL_HOVER,232756,12/1/2022 3:49:28 PM,91a84c6a-ba27-4116-8644-e5373b3588de,Hemostatic Gauze,999,
TOOL_HOVER,232771,12/1/2022 3:49:28 PM,91a84c6a-ba27-4116-8644-e5373b3588de,Hemostatic Gauze,999,
TOOL_HOVER,232789,12/1/2022 3:49:28 PM,91a84c6a-ba27-4116-8644-e5373b3588de,Hemostatic Gauze,999,
TOOL_HOVER,232805,12/1/2022 3:49:28 PM,91a84c6a-ba27-4116-8644-e5373b3588de,Hemostatic Gauze,999,
TOOL_HOVER,232821,12/1/2022 3:49:28 PM,91a84c6a-ba27-4116-8644-e5373b3588de,Hemostatic Gauze,999,
TOOL_HOVER,232838,12/1/2022 3:49:28 PM,91a84c6a-ba27-4116-8644-e5373b3588de,Hemostatic Gauze,999,
TOOL_HOVER,232855,12/1/2022 3:49:28 PM,91a84c6a-ba27-4116-8644-e5373b3588de,Hemostatic Gauze,999,
TOOL_HOVER,232872,12/1/2022 3:49:28 PM,91a84c6a-ba27-4116-8644-e5373b3588de,Hemostatic Gauze,999,
TOOL_HOVER,232888,12/1/2022 3:49:28 PM,91a84c6a-ba27-4116-8644-e5373b3588de,Hemostatic Gauze,999,
TOOL_HOVER,232906,12/1/2022 3:49:28 PM,91a84c6a-ba27-4116-8644-e5373b3588de,Hemostatic Gauze,999,
TOOL_HOVER,232922,12/1/2022 3:49:28 PM,91a84c6a-ba27-4116-8644-e5373b3588de,Hemostatic Gauze,999,
TOOL_HOVER,233139,12/1/2022 3:49:28 PM,91a84c6a-ba27-4116-8644-e5373b3588de,Tourniquet,993,
TOOL_HOVER,233155,12/1/2022 3:49:28 PM,91a84c6a-ba27-4116-8644-e5373b3588de,Tourniquet,993,
TOOL_HOVER,233172,12/1/2022 3:49:28 PM,91a84c6a-ba27-4116-8644-e5373b3588de,Tourniquet,993,
TOOL_HOVER,233188,12/1/2022 3:49:28 PM,91a84c6a-ba27-4116-8644-e5373b3588de,Tourniquet,993,
TOOL_HOVER,233205,12/1/2022 3:49:28 PM,91a84c6a-ba27-4116-8644-e5373b3588de,Tourniquet,993,
TOOL_HOVER,233221,12/1/2022 3:49:29 PM,91a84c6a-ba27-4116-8644-e5373b3588de,Tourniquet,993,
TOOL_SELECTED,233222,12/1/2022 3:49:29 PM,91a84c6a-ba27-4116-8644-e5373b3588de,Tourniquet,992,
INJURY_TREATED,235188,12/1/2022 3:49:30 PM,91a84c6a-ba27-4116-8644-e5373b3588de,R Wrist Amputation,Mike_3 Root,tourniquet,high,rightArm,True,False,"(-1.4, 0.5, 4.2)",
TOOL_APPLIED,235188,12/1/2022 3:49:30 PM,91a84c6a-ba27-4116-8644-e5373b3588de,Mike_3 Root,Tourniquet,RightForeArm (UnityEngine.GameObject),tor_ring (1) (UnityEngine.GameObject),tourniquet(Clone) (UnityEngine.GameObject),AppliedTourniquet,
PULSE_TAKEN,235287,12/1/2022 3:49:31 PM,91a84c6a-ba27-4116-8644-e5373b3588de,pulse_fast,Mike_3 Root,
TAG_SELECTED,236721,12/1/2022 3:49:32 PM,91a84c6a-ba27-4116-8644-e5373b3588de,red,
TAG_APPLIED,238337,12/1/2022 3:49:34 PM,91a84c6a-ba27-4116-8644-e5373b3588de,Mike_3 Root,red,
PULSE_TAKEN,238953,12/1/2022 3:49:34 PM,91a84c6a-ba27-4116-8644-e5373b3588de,pulse_fast,Mike_3 Root,
PULSE_TAKEN,239786,12/1/2022 3:49:35 PM,91a84c6a-ba27-4116-8644-e5373b3588de,pulse_fast,Mike_3 Root,
PATIENT_ENGAGED,240470,12/1/2022 3:49:36 PM,91a84c6a-ba27-4116-8644-e5373b3588de,100,Infinity,Lily_1 Root,"(1.2, 0.0, 3.9)","(0.0, 0.1, 0.0, 1.0)",DELAYED,waver,normal,normal,normal,calm,fetal,
BAG_CLOSED,243371,12/1/2022 3:49:39 PM,91a84c6a-ba27-4116-8644-e5373b3588de,"(-0.9, 0.5, 4.4)",
TELEPORT,243371,12/1/2022 3:49:39 PM,91a84c6a-ba27-4116-8644-e5373b3588de,"(-1.6, 0.0, 3.6)",
PATIENT_ENGAGED,244703,12/1/2022 3:49:40 PM,91a84c6a-ba27-4116-8644-e5373b3588de,100,Infinity,Helga_0 Root,"(0.2, 0.0, 7.7)","(0.0, 0.7, 0.0, 0.7)",IMMEDIATE,waver,fast,fast,normal,upset,sittingGround,
BAG_ACCESS,246353,12/1/2022 3:49:42 PM,91a84c6a-ba27-4116-8644-e5373b3588de,"(0.3, 0.5, 6.7)",
TOOL_HOVER,246735,12/1/2022 3:49:42 PM,91a84c6a-ba27-4116-8644-e5373b3588de,Hemostatic Gauze,999,
TOOL_HOVER,246752,12/1/2022 3:49:42 PM,91a84c6a-ba27-4116-8644-e5373b3588de,Hemostatic Gauze,999,
TOOL_SELECTED,246752,12/1/2022 3:49:42 PM,91a84c6a-ba27-4116-8644-e5373b3588de,Hemostatic Gauze,998,
TOOL_DISCARDED,250235,12/1/2022 3:49:46 PM,91a84c6a-ba27-4116-8644-e5373b3588de,Hemostatic Gauze,998,"(0.4, 0.5, 7.1)",
TOOL_DISCARDED,250235,12/1/2022 3:49:46 PM,91a84c6a-ba27-4116-8644-e5373b3588de,Hemostatic Gauze,999,"(0.4, 0.5, 7.1)",
BAG_CLOSED,253017,12/1/2022 3:49:48 PM,91a84c6a-ba27-4116-8644-e5373b3588de,"(0.3, 0.5, 6.7)",
TELEPORT,253017,12/1/2022 3:49:48 PM,91a84c6a-ba27-4116-8644-e5373b3588de,"(0.3, 0.0, 7.1)",
VOICE_CAPTURE,253216,12/1/2022 3:49:49 PM,91a84c6a-ba27-4116-8644-e5373b3588de,chair there,NA,
BAG_ACCESS,256401,12/1/2022 3:49:52 PM,91a84c6a-ba27-4116-8644-e5373b3588de,"(0.3, 0.4, 7.9)",
TOOL_HOVER,256733,12/1/2022 3:49:52 PM,91a84c6a-ba27-4116-8644-e5373b3588de,Hemostatic Gauze,1000,
TOOL_HOVER,256749,12/1/2022 3:49:52 PM,91a84c6a-ba27-4116-8644-e5373b3588de,Hemostatic Gauze,1000,
TOOL_HOVER,256766,12/1/2022 3:49:52 PM,91a84c6a-ba27-4116-8644-e5373b3588de,Hemostatic Gauze,1000,
TOOL_HOVER,256782,12/1/2022 3:49:52 PM,91a84c6a-ba27-4116-8644-e5373b3588de,Hemostatic Gauze,1000,
TOOL_SELECTED,256783,12/1/2022 3:49:52 PM,91a84c6a-ba27-4116-8644-e5373b3588de,Hemostatic Gauze,999,
TOOL_DISCARDED,258032,12/1/2022 3:49:53 PM,91a84c6a-ba27-4116-8644-e5373b3588de,Hemostatic Gauze,999,"(0.0, 0.2, 7.5)",
INJURY_TREATED,258032,12/1/2022 3:49:53 PM,91a84c6a-ba27-4116-8644-e5373b3588de,L Stomach Puncture,Helga_0 Root,woundpack,high,abdomen,True,False,"(0.0, 0.2, 7.5)",
TOOL_APPLIED,258033,12/1/2022 3:49:53 PM,91a84c6a-ba27-4116-8644-e5373b3588de,Helga_0 Root,Gauze_Pack,skinCollider_BodyLOD (UnityEngine.GameObject),null,null,AppliedPackingGauze,
TOOL_HOVER,259233,12/1/2022 3:49:55 PM,91a84c6a-ba27-4116-8644-e5373b3588de,Hemostatic Gauze,1000,
TOOL_HOVER,259249,12/1/2022 3:49:55 PM,91a84c6a-ba27-4116-8644-e5373b3588de,Hemostatic Gauze,1000,
TOOL_HOVER,259265,12/1/2022 3:49:55 PM,91a84c6a-ba27-4116-8644-e5373b3588de,Hemostatic Gauze,1000,
TOOL_HOVER,259282,12/1/2022 3:49:55 PM,91a84c6a-ba27-4116-8644-e5373b3588de,Hemostatic Gauze,1000,
TOOL_HOVER,259298,12/1/2022 3:49:55 PM,91a84c6a-ba27-4116-8644-e5373b3588de,Hemostatic Gauze,1000,
TOOL_HOVER,259315,12/1/2022 3:49:55 PM,91a84c6a-ba27-4116-8644-e5373b3588de,Hemostatic Gauze,1000,
TOOL_HOVER,259333,12/1/2022 3:49:55 PM,91a84c6a-ba27-4116-8644-e5373b3588de,Hemostatic Gauze,1000,
TOOL_HOVER,259348,12/1/2022 3:49:55 PM,91a84c6a-ba27-4116-8644-e5373b3588de,Hemostatic Gauze,1000,
TOOL_HOVER,259365,12/1/2022 3:49:55 PM,91a84c6a-ba27-4116-8644-e5373b3588de,Hemostatic Gauze,1000,
TOOL_HOVER,259382,12/1/2022 3:49:55 PM,91a84c6a-ba27-4116-8644-e5373b3588de,Hemostatic Gauze,1000,
TOOL_HOVER,259399,12/1/2022 3:49:55 PM,91a84c6a-ba27-4116-8644-e5373b3588de,Hemostatic Gauze,1000,
TOOL_HOVER,259415,12/1/2022 3:49:55 PM,91a84c6a-ba27-4116-8644-e5373b3588de,Hemostatic Gauze,1000,
TOOL_HOVER,259632,12/1/2022 3:49:55 PM,91a84c6a-ba27-4116-8644-e5373b3588de,Tourniquet,992,
TOOL_HOVER,259649,12/1/2022 3:49:55 PM,91a84c6a-ba27-4116-8644-e5373b3588de,Tourniquet,992,
TOOL_HOVER,259665,12/1/2022 3:49:55 PM,91a84c6a-ba27-4116-8644-e5373b3588de,Tourniquet,992,
TOOL_HOVER,259683,12/1/2022 3:49:55 PM,91a84c6a-ba27-4116-8644-e5373b3588de,Tourniquet,992,
TOOL_HOVER,259701,12/1/2022 3:49:55 PM,91a84c6a-ba27-4116-8644-e5373b3588de,Tourniquet,992,
TOOL_SELECTED,259701,12/1/2022 3:49:55 PM,91a84c6a-ba27-4116-8644-e5373b3588de,Tourniquet,991,
TOOL_DISCARDED,260832,12/1/2022 3:49:56 PM,91a84c6a-ba27-4116-8644-e5373b3588de,Tourniquet,991,"(0.0, 0.2, 7.6)",
TOOL_HOVER,261733,12/1/2022 3:49:57 PM,91a84c6a-ba27-4116-8644-e5373b3588de,Tourniquet,992,
TOOL_HOVER,261748,12/1/2022 3:49:57 PM,91a84c6a-ba27-4116-8644-e5373b3588de,Tourniquet,992,
TOOL_HOVER,261766,12/1/2022 3:49:57 PM,91a84c6a-ba27-4116-8644-e5373b3588de,Tourniquet,992,
TOOL_HOVER,261781,12/1/2022 3:49:57 PM,91a84c6a-ba27-4116-8644-e5373b3588de,Tourniquet,992,
TOOL_HOVER,261798,12/1/2022 3:49:57 PM,91a84c6a-ba27-4116-8644-e5373b3588de,Tourniquet,992,
TOOL_HOVER,261816,12/1/2022 3:49:57 PM,91a84c6a-ba27-4116-8644-e5373b3588de,Tourniquet,992,
TOOL_HOVER,261834,12/1/2022 3:49:57 PM,91a84c6a-ba27-4116-8644-e5373b3588de,Tourniquet,992,
TOOL_HOVER,261848,12/1/2022 3:49:57 PM,91a84c6a-ba27-4116-8644-e5373b3588de,Tourniquet,992,
TOOL_HOVER,261866,12/1/2022 3:49:57 PM,91a84c6a-ba27-4116-8644-e5373b3588de,Tourniquet,992,
TOOL_HOVER,261883,12/1/2022 3:49:57 PM,91a84c6a-ba27-4116-8644-e5373b3588de,Tourniquet,992,
TOOL_HOVER,261898,12/1/2022 3:49:57 PM,91a84c6a-ba27-4116-8644-e5373b3588de,Tourniquet,992,
TOOL_HOVER,261915,12/1/2022 3:49:57 PM,91a84c6a-ba27-4116-8644-e5373b3588de,Tourniquet,992,
TOOL_HOVER,261933,12/1/2022 3:49:57 PM,91a84c6a-ba27-4116-8644-e5373b3588de,Tourniquet,992,
TOOL_HOVER,261949,12/1/2022 3:49:57 PM,91a84c6a-ba27-4116-8644-e5373b3588de,Tourniquet,992,
TOOL_HOVER,261966,12/1/2022 3:49:57 PM,91a84c6a-ba27-4116-8644-e5373b3588de,Tourniquet,992,
TOOL_HOVER,261982,12/1/2022 3:49:57 PM,91a84c6a-ba27-4116-8644-e5373b3588de,Tourniquet,992,
TOOL_HOVER,262002,12/1/2022 3:49:57 PM,91a84c6a-ba27-4116-8644-e5373b3588de,Tourniquet,992,
TOOL_HOVER,262015,12/1/2022 3:49:57 PM,91a84c6a-ba27-4116-8644-e5373b3588de,Tourniquet,992,
TOOL_HOVER,262031,12/1/2022 3:49:57 PM,91a84c6a-ba27-4116-8644-e5373b3588de,Gauze,999,
TOOL_HOVER,262049,12/1/2022 3:49:57 PM,91a84c6a-ba27-4116-8644-e5373b3588de,Gauze,999,
TOOL_HOVER,262066,12/1/2022 3:49:57 PM,91a84c6a-ba27-4116-8644-e5373b3588de,Gauze,999,
TOOL_HOVER,262082,12/1/2022 3:49:57 PM,91a84c6a-ba27-4116-8644-e5373b3588de,Gauze,999,
TOOL_HOVER,262099,12/1/2022 3:49:57 PM,91a84c6a-ba27-4116-8644-e5373b3588de,Gauze,999,
TOOL_HOVER,262116,12/1/2022 3:49:57 PM,91a84c6a-ba27-4116-8644-e5373b3588de,Gauze,999,
TOOL_HOVER,262132,12/1/2022 3:49:57 PM,91a84c6a-ba27-4116-8644-e5373b3588de,Gauze,999,
TOOL_HOVER,262148,12/1/2022 3:49:57 PM,91a84c6a-ba27-4116-8644-e5373b3588de,Gauze,999,
TOOL_HOVER,262164,12/1/2022 3:49:57 PM,91a84c6a-ba27-4116-8644-e5373b3588de,Gauze,999,
TOOL_HOVER,262181,12/1/2022 3:49:57 PM,91a84c6a-ba27-4116-8644-e5373b3588de,Gauze,999,
TOOL_HOVER,262199,12/1/2022 3:49:57 PM,91a84c6a-ba27-4116-8644-e5373b3588de,Gauze,999,
TOOL_HOVER,262215,12/1/2022 3:49:58 PM,91a84c6a-ba27-4116-8644-e5373b3588de,Gauze,999,
TOOL_HOVER,262332,12/1/2022 3:49:58 PM,91a84c6a-ba27-4116-8644-e5373b3588de,Gauze,999,
TOOL_HOVER,262348,12/1/2022 3:49:58 PM,91a84c6a-ba27-4116-8644-e5373b3588de,Gauze,999,
TOOL_HOVER,262366,12/1/2022 3:49:58 PM,91a84c6a-ba27-4116-8644-e5373b3588de,Gauze,999,
TOOL_HOVER,262382,12/1/2022 3:49:58 PM,91a84c6a-ba27-4116-8644-e5373b3588de,Gauze,999,
TOOL_HOVER,262398,12/1/2022 3:49:58 PM,91a84c6a-ba27-4116-8644-e5373b3588de,Gauze,999,
TOOL_HOVER,262415,12/1/2022 3:49:58 PM,91a84c6a-ba27-4116-8644-e5373b3588de,Gauze,999,
TOOL_HOVER,262432,12/1/2022 3:49:58 PM,91a84c6a-ba27-4116-8644-e5373b3588de,Gauze,999,
TOOL_HOVER,262448,12/1/2022 3:49:58 PM,91a84c6a-ba27-4116-8644-e5373b3588de,Gauze,999,
TOOL_HOVER,262466,12/1/2022 3:49:58 PM,91a84c6a-ba27-4116-8644-e5373b3588de,Gauze,999,
TOOL_HOVER,262482,12/1/2022 3:49:58 PM,91a84c6a-ba27-4116-8644-e5373b3588de,Gauze,999,
TOOL_HOVER,262499,12/1/2022 3:49:58 PM,91a84c6a-ba27-4116-8644-e5373b3588de,Gauze,999,
TOOL_HOVER,262515,12/1/2022 3:49:58 PM,91a84c6a-ba27-4116-8644-e5373b3588de,Gauze,999,
TOOL_HOVER,262532,12/1/2022 3:49:58 PM,91a84c6a-ba27-4116-8644-e5373b3588de,Tourniquet,992,
TOOL_HOVER,262548,12/1/2022 3:49:58 PM,91a84c6a-ba27-4116-8644-e5373b3588de,Tourniquet,992,
TOOL_HOVER,262564,12/1/2022 3:49:58 PM,91a84c6a-ba27-4116-8644-e5373b3588de,Tourniquet,992,
TOOL_HOVER,262581,12/1/2022 3:49:58 PM,91a84c6a-ba27-4116-8644-e5373b3588de,Tourniquet,992,
TOOL_SELECTED,262582,12/1/2022 3:49:58 PM,91a84c6a-ba27-4116-8644-e5373b3588de,Tourniquet,991,
INJURY_TREATED,263746,12/1/2022 3:49:59 PM,91a84c6a-ba27-4116-8644-e5373b3588de,L Thigh Puncture,Helga_0 Root,tourniquet,medium,leftLeg,True,False,"(0.1, 0.3, 7.7)",
TOOL_APPLIED,263746,12/1/2022 3:49:59 PM,91a84c6a-ba27-4116-8644-e5373b3588de,Helga_0 Root,Tourniquet,LeftUpLeg (UnityEngine.GameObject),tor_ring (1) (UnityEngine.GameObject),tourniquet(Clone) (UnityEngine.GameObject),AppliedTourniquet,
TAG_SELECTED,264748,12/1/2022 3:50:00 PM,91a84c6a-ba27-4116-8644-e5373b3588de,red,
TAG_APPLIED,265664,12/1/2022 3:50:01 PM,91a84c6a-ba27-4116-8644-e5373b3588de,Helga_0 Root,red,
PULSE_TAKEN,269096,12/1/2022 3:50:04 PM,91a84c6a-ba27-4116-8644-e5373b3588de,pulse_fast,Helga_0 Root,
BAG_CLOSED,271829,12/1/2022 3:50:07 PM,91a84c6a-ba27-4116-8644-e5373b3588de,"(0.3, 0.4, 7.9)",
TELEPORT,271829,12/1/2022 3:50:07 PM,91a84c6a-ba27-4116-8644-e5373b3588de,"(-0.4, 0.0, 7.0)",
PATIENT_ENGAGED,273812,12/1/2022 3:50:09 PM,91a84c6a-ba27-4116-8644-e5373b3588de,100,Infinity,Gloria_8 Root,"(2.6, 0.0, 8.1)","(0.0, 0.8, 0.0, -0.5)",MINIMAL,still,normal,normal,limited,calm,standing,
BAG_ACCESS,275230,12/1/2022 3:50:11 PM,91a84c6a-ba27-4116-8644-e5373b3588de,"(1.7, 0.5, 8.0)",
TAG_SELECTED,275730,12/1/2022 3:50:11 PM,91a84c6a-ba27-4116-8644-e5373b3588de,green,
TAG_APPLIED,276928,12/1/2022 3:50:12 PM,91a84c6a-ba27-4116-8644-e5373b3588de,Gloria_8 Root,green,
PULSE_TAKEN,280012,12/1/2022 3:50:15 PM,91a84c6a-ba27-4116-8644-e5373b3588de,pulse_normal,Gloria_8 Root,
PULSE_TAKEN,280911,12/1/2022 3:50:16 PM,91a84c6a-ba27-4116-8644-e5373b3588de,pulse_normal,Gloria_8 Root,
PULSE_TAKEN,281510,12/1/2022 3:50:17 PM,91a84c6a-ba27-4116-8644-e5373b3588de,pulse_normal,Gloria_8 Root,
BAG_CLOSED,285427,12/1/2022 3:50:21 PM,91a84c6a-ba27-4116-8644-e5373b3588de,"(1.7, 0.5, 8.0)",
TELEPORT,285427,12/1/2022 3:50:21 PM,91a84c6a-ba27-4116-8644-e5373b3588de,"(0.9, 0.0, 7.0)",
TELEPORT,285994,12/1/2022 3:50:21 PM,91a84c6a-ba27-4116-8644-e5373b3588de,"(1.0, 0.0, 6.6)",
PATIENT_ENGAGED,290526,12/1/2022 3:50:26 PM,91a84c6a-ba27-4116-8644-e5373b3588de,100,0,Gary_5 Root,"(4.5, 0.0, -0.9)","(0.0, 1.0, 0.0, 0.0)",MINIMAL,walker,normal,restricted,normal,upset,standing,
TELEPORT,291626,12/1/2022 3:50:27 PM,91a84c6a-ba27-4116-8644-e5373b3588de,"(3.4, 0.0, -3.4)",
BAG_ACCESS,294507,12/1/2022 3:50:30 PM,91a84c6a-ba27-4116-8644-e5373b3588de,"(4.3, 0.7, -1.8)",
TAG_SELECTED,295524,12/1/2022 3:50:31 PM,91a84c6a-ba27-4116-8644-e5373b3588de,green,
BAG_CLOSED,298875,12/1/2022 3:50:34 PM,91a84c6a-ba27-4116-8644-e5373b3588de,"(4.3, 0.7, -1.8)",
TELEPORT,299974,12/1/2022 3:50:35 PM,91a84c6a-ba27-4116-8644-e5373b3588de,"(3.4, 0.0, -3.4)",
TAG_DISCARDED,300008,12/1/2022 3:50:35 PM,91a84c6a-ba27-4116-8644-e5373b3588de,green,"(4.1, 1.0, -2.8)",
BAG_ACCESS,304455,12/1/2022 3:50:40 PM,91a84c6a-ba27-4116-8644-e5373b3588de,"(4.2, 0.7, -1.7)",
TAG_SELECTED,304939,12/1/2022 3:50:40 PM,91a84c6a-ba27-4116-8644-e5373b3588de,green,
TAG_APPLIED,306488,12/1/2022 3:50:42 PM,91a84c6a-ba27-4116-8644-e5373b3588de,Gary_5 Root,green,
PULSE_TAKEN,310437,12/1/2022 3:50:46 PM,91a84c6a-ba27-4116-8644-e5373b3588de,pulse_normal,Gary_5 Root,
BAG_CLOSED,313137,12/1/2022 3:50:48 PM,91a84c6a-ba27-4116-8644-e5373b3588de,"(4.2, 0.7, -1.7)",
TELEPORT,313137,12/1/2022 3:50:48 PM,91a84c6a-ba27-4116-8644-e5373b3588de,"(3.7, 0.0, -2.2)",
PATIENT_ENGAGED,316268,12/1/2022 3:50:52 PM,91a84c6a-ba27-4116-8644-e5373b3588de,100,Infinity,Mike_4 Root,"(4.0, 0.0, -4.3)","(0.0, 0.3, 0.0, -1.0)",MINIMAL,walker,normal,normal,normal,upset,sittingGround,
BAG_ACCESS,316586,12/1/2022 3:50:52 PM,91a84c6a-ba27-4116-8644-e5373b3588de,"(4.0, 0.7, -3.5)",
TOOL_HOVER,316935,12/1/2022 3:50:52 PM,91a84c6a-ba27-4116-8644-e5373b3588de,Gauze,999,
TOOL_HOVER,316952,12/1/2022 3:50:52 PM,91a84c6a-ba27-4116-8644-e5373b3588de,Gauze,999,
TOOL_HOVER,316967,12/1/2022 3:50:52 PM,91a84c6a-ba27-4116-8644-e5373b3588de,Gauze,999,
TOOL_HOVER,316985,12/1/2022 3:50:52 PM,91a84c6a-ba27-4116-8644-e5373b3588de,Gauze,999,
TOOL_HOVER,317001,12/1/2022 3:50:52 PM,91a84c6a-ba27-4116-8644-e5373b3588de,Gauze,999,
TOOL_HOVER,317018,12/1/2022 3:50:52 PM,91a84c6a-ba27-4116-8644-e5373b3588de,Gauze,999,
TOOL_HOVER,317035,12/1/2022 3:50:52 PM,91a84c6a-ba27-4116-8644-e5373b3588de,Gauze,999,
TOOL_HOVER,317052,12/1/2022 3:50:52 PM,91a84c6a-ba27-4116-8644-e5373b3588de,Gauze,999,
TOOL_SELECTED,317052,12/1/2022 3:50:52 PM,91a84c6a-ba27-4116-8644-e5373b3588de,Gauze,998,
TOOL_DISCARDED,318052,12/1/2022 3:50:53 PM,91a84c6a-ba27-4116-8644-e5373b3588de,Gauze,998,"(4.2, 0.4, -4.1)",
INJURY_TREATED,318052,12/1/2022 3:50:53 PM,91a84c6a-ba27-4116-8644-e5373b3588de,R Palm Laceration,Mike_4 Root,gauzePressure,low,rightArm,True,False,"(4.1, 0.4, -4.1)",
TOOL_APPLIED,318052,12/1/2022 3:50:53 PM,91a84c6a-ba27-4116-8644-e5373b3588de,Mike_4 Root,Gauze_Dressing,skinCollider_BodyCollideLOD (UnityEngine.GameObject),null,null,AppliedDressingGauze,
TAG_SELECTED,320052,12/1/2022 3:50:55 PM,91a84c6a-ba27-4116-8644-e5373b3588de,green,
TAG_APPLIED,322384,12/1/2022 3:50:58 PM,91a84c6a-ba27-4116-8644-e5373b3588de,Mike_4 Root,green,
BAG_CLOSED,324252,12/1/2022 3:51:00 PM,91a84c6a-ba27-4116-8644-e5373b3588de,"(4.0, 0.7, -3.5)",
TELEPORT,324867,12/1/2022 3:51:00 PM,91a84c6a-ba27-4116-8644-e5373b3588de,"(3.7, 0.0, -3.8)",
BAG_ACCESS,329383,12/1/2022 3:51:05 PM,91a84c6a-ba27-4116-8644-e5373b3588de,"(2.5, 0.7, -3.1)",
TAG_SELECTED,330533,12/1/2022 3:51:06 PM,91a84c6a-ba27-4116-8644-e5373b3588de,green,
PATIENT_ENGAGED,330866,12/1/2022 3:51:06 PM,91a84c6a-ba27-4116-8644-e5373b3588de,100,Infinity,Bob_10 Root,"(1.6, 0.0, -3.1)","(0.0, 0.7, 0.0, 0.7)",MINIMAL,walker,normal,normal,normal,calm,standing,
TAG_APPLIED,331749,12/1/2022 3:51:07 PM,91a84c6a-ba27-4116-8644-e5373b3588de,Bob_10 Root,green,
PULSE_TAKEN,334464,12/1/2022 3:51:10 PM,91a84c6a-ba27-4116-8644-e5373b3588de,pulse_normal,Bob_10 Root,
BAG_CLOSED,347662,12/1/2022 3:51:23 PM,91a84c6a-ba27-4116-8644-e5373b3588de,"(2.5, 0.7, -3.1)",
SESSION_END,354388,12/1/2022 3:51:30 PM,91a84c6a-ba27-4116-8644-e5373b3588de,
