PATIENT_DEMOTED,5295,12/6/2022 2:05:20 PM,2e8678fd-fdc4-40c2-8122-09f1e31b8d2a,100,Infinity,Helga_0 Root,"(-0.2, 0.0, 7.8)","(0.0, 0.7, 0.0, 0.7)",IMMEDIATE,waver,fast,normal,normal,upset,sittingGround,
PATIENT_DEMOTED,5938,12/6/2022 2:05:21 PM,2e8678fd-fdc4-40c2-8122-09f1e31b8d2a,100,Infinity,Lily_1 Root,"(1.5, 0.0, 3.7)","(0.0, 0.1, 0.0, 1.0)",IMMEDIATE,waver,normal,normal,normal,calm,fetal,
PATIENT_DEMOTED,6421,12/6/2022 2:05:21 PM,2e8678fd-fdc4-40c2-8122-09f1e31b8d2a,100,Infinity,Lily_1 Root,"(1.2, 0.0, 3.8)","(0.0, 0.1, 0.0, 1.0)",DELAYED,waver,normal,normal,normal,calm,fetal,
PATIENT_DEMOTED,6716,12/6/2022 2:05:22 PM,2e8678fd-fdc4-40c2-8122-09f1e31b8d2a,100,Infinity,Gloria_2 Root,"(0.7, 0.0, 0.3)","(0.0, 1.0, 0.0, 0.0)",IMMEDIATE,waver,fast,fast,normal,agony,supine,
VOICE_CAPTURE,6850,12/6/2022 2:05:22 PM,2e8678fd-fdc4-40c2-8122-09f1e31b8d2a,OK oh where my bench go OHP,NA,
PATIENT_DEMOTED,7368,12/6/2022 2:05:22 PM,2e8678fd-fdc4-40c2-8122-09f1e31b8d2a,100,Infinity,Mike_3 Root,"(-0.8, 0.0, 3.7)","(0.0, 0.4, 0.0, 0.9)",IMMEDIATE,waver,fast,fast,normal,agony,sittingGround,
PATIENT_DEMOTED,7870,12/6/2022 2:05:23 PM,2e8678fd-fdc4-40c2-8122-09f1e31b8d2a,100,Infinity,Mike_4 Root,"(1.4, 0.0, 6.0)","(0.0, 1.0, 0.0, 0.0)",DELAYED,walker,normal,normal,normal,upset,standing,
PATIENT_DEMOTED,8393,12/6/2022 2:05:23 PM,2e8678fd-fdc4-40c2-8122-09f1e31b8d2a,100,Infinity,Mike_4 Root,"(1.4, 0.0, 6.0)","(0.0, 1.0, 0.0, 0.0)",MINIMAL,walker,normal,normal,normal,upset,sittingGround,
PATIENT_DEMOTED,8523,12/6/2022 2:05:23 PM,2e8678fd-fdc4-40c2-8122-09f1e31b8d2a,100,0,Gary_5 Root,"(2.8, 0.0, 5.3)","(0.0, 1.0, 0.0, 0.0)",DELAYED,walker,normal,restricted,normal,upset,kneeling,
PATIENT_DEMOTED,9041,12/6/2022 2:05:24 PM,2e8678fd-fdc4-40c2-8122-09f1e31b8d2a,100,0,Gary_5 Root,"(2.8, 0.0, 5.3)","(0.0, 1.0, 0.0, 0.0)",MINIMAL,walker,normal,restricted,normal,upset,sittingGround,
PATIENT_DEMOTED,9274,12/6/2022 2:05:24 PM,2e8678fd-fdc4-40c2-8122-09f1e31b8d2a,100,128,Mike_6 Root,"(3.0, 0.0, 3.6)","(0.0, 0.0, 0.0, 1.0)",IMMEDIATE,still,faint,collapsedRight,normal,unresponsive,supine,
PATIENT_DEMOTED,9923,12/6/2022 2:05:25 PM,2e8678fd-fdc4-40c2-8122-09f1e31b8d2a,100,Infinity,Lily_7 Root,"(2.3, 0.0, 1.9)","(0.0, 1.0, 0.0, 0.0)",EXPECTANT,still,faint,restricted,none,unresponsive,supine,
PATIENT_DEMOTED,10352,12/6/2022 2:05:25 PM,2e8678fd-fdc4-40c2-8122-09f1e31b8d2a,100,Infinity,Lily_7 Root,"(2.3, 0.0, 1.8)","(0.0, 1.0, 0.0, 0.0)",DEAD,still,none,none,none,dead,supine,
VOICE_CAPTURE,10812,12/6/2022 2:05:26 PM,2e8678fd-fdc4-40c2-8122-09f1e31b8d2a,oh now there's noises,NA,
PATIENT_DEMOTED,11404,12/6/2022 2:05:26 PM,2e8678fd-fdc4-40c2-8122-09f1e31b8d2a,100,Infinity,Mike_9 Root,"(3.1, 0.0, 0.5)","(0.0, 1.0, 0.0, 0.0)",IMMEDIATE,waver,fast,normal,normal,upset,sittingGround,
VOICE_CAPTURE,18260,12/6/2022 2:05:33 PM,2e8678fd-fdc4-40c2-8122-09f1e31b8d2a,what,NA,
VOICE_CAPTURE,20917,12/6/2022 2:05:36 PM,2e8678fd-fdc4-40c2-8122-09f1e31b8d2a,OK,NA,
BAG_ACCESS,21453,12/6/2022 2:05:36 PM,2e8678fd-fdc4-40c2-8122-09f1e31b8d2a,"(1.3, 0.9, -1.8)",
BAG_ACCESS,21820,12/6/2022 2:05:37 PM,2e8678fd-fdc4-40c2-8122-09f1e31b8d2a,"(1.3, 0.9, -1.8)",
SESSION_START,22439,12/6/2022 2:05:37 PM,2e8678fd-fdc4-40c2-8122-09f1e31b8d2a,
PATIENT_RECORD,22440,12/6/2022 2:05:37 PM,2e8678fd-fdc4-40c2-8122-09f1e31b8d2a,100,Infinity,Helga_0 Root,"(0.2, 0.0, 7.7)","(0.0, 0.7, 0.0, 0.7)",IMMEDIATE,waver,fast,fast,normal,upset,sittingGround,
INJURY_RECORD,22440,12/6/2022 2:05:37 PM,2e8678fd-fdc4-40c2-8122-09f1e31b8d2a,L Stomach Puncture,Helga_0 Root,woundpack,high,abdomen,False,False,"(0.3, 1.0, 7.7)",
INJURY_RECORD,22440,12/6/2022 2:05:37 PM,2e8678fd-fdc4-40c2-8122-09f1e31b8d2a,L Thigh Puncture,Helga_0 Root,tourniquet,medium,leftLeg,False,False,"(0.2, 0.5, 7.7)",
PATIENT_RECORD,22440,12/6/2022 2:05:37 PM,2e8678fd-fdc4-40c2-8122-09f1e31b8d2a,100,Infinity,Lily_1 Root,"(1.2, 0.0, 3.9)","(0.0, 0.1, 0.0, 1.0)",DELAYED,waver,normal,normal,normal,calm,fetal,
INJURY_RECORD,22440,12/6/2022 2:05:37 PM,2e8678fd-fdc4-40c2-8122-09f1e31b8d2a,R Bicep Puncture,Lily_1 Root,tourniquet,medium,rightArm,False,False,"(1.6, 1.3, 3.8)",
INJURY_RECORD,22440,12/6/2022 2:05:37 PM,2e8678fd-fdc4-40c2-8122-09f1e31b8d2a,R Thigh Laceration,Lily_1 Root,tourniquet,medium,rightLeg,False,False,"(1.3, 0.6, 3.9)",
PATIENT_RECORD,22440,12/6/2022 2:05:37 PM,2e8678fd-fdc4-40c2-8122-09f1e31b8d2a,100,Infinity,Gloria_2 Root,"(0.7, 0.0, 0.6)","(0.0, 1.0, 0.0, 0.0)",IMMEDIATE,waver,fast,fast,normal,agony,supine,
INJURY_RECORD,22440,12/6/2022 2:05:37 PM,2e8678fd-fdc4-40c2-8122-09f1e31b8d2a,L Shin Amputation,Gloria_2 Root,tourniquet,high,leftLeg,False,False,"(0.9, 0.4, 0.5)",
PATIENT_RECORD,22440,12/6/2022 2:05:37 PM,2e8678fd-fdc4-40c2-8122-09f1e31b8d2a,100,Infinity,Mike_3 Root,"(-1.3, 0.0, 4.2)","(0.0, 0.4, 0.0, 0.9)",IMMEDIATE,waver,fast,fast,normal,agony,sittingGround,
INJURY_RECORD,22440,12/6/2022 2:05:37 PM,2e8678fd-fdc4-40c2-8122-09f1e31b8d2a,R Wrist Amputation,Mike_3 Root,tourniquet,high,rightArm,False,False,"(-0.9, 1.3, 3.8)",
PATIENT_RECORD,22440,12/6/2022 2:05:37 PM,2e8678fd-fdc4-40c2-8122-09f1e31b8d2a,100,Infinity,Mike_4 Root,"(1.4, 0.0, 6.0)","(0.0, 1.0, 0.0, 0.0)",MINIMAL,walker,normal,normal,normal,upset,sittingGround,
INJURY_RECORD,22440,12/6/2022 2:05:37 PM,2e8678fd-fdc4-40c2-8122-09f1e31b8d2a,R Palm Laceration,Mike_4 Root,gauzePressure,low,rightArm,False,False,"(0.7, 1.3, 6.0)",
PATIENT_RECORD,22440,12/6/2022 2:05:37 PM,2e8678fd-fdc4-40c2-8122-09f1e31b8d2a,100,0,Gary_5 Root,"(2.8, 0.0, 5.3)","(0.0, 1.0, 0.0, 0.0)",MINIMAL,walker,normal,restricted,normal,upset,sittingGround,
INJURY_RECORD,22440,12/6/2022 2:05:37 PM,2e8678fd-fdc4-40c2-8122-09f1e31b8d2a,Asthmatic,Gary_5 Root,none,medium,chest,False,False,"(0.0, 0.0, 0.0)",
PATIENT_RECORD,22440,12/6/2022 2:05:37 PM,2e8678fd-fdc4-40c2-8122-09f1e31b8d2a,100,128,Mike_6 Root,"(3.0, 0.0, 3.4)","(0.0, 0.0, 0.0, 1.0)",IMMEDIATE,still,faint,collapsedRight,normal,unresponsive,supine,
INJURY_RECORD,22440,12/6/2022 2:05:37 PM,2e8678fd-fdc4-40c2-8122-09f1e31b8d2a,R Chest Collapse,Mike_6 Root,decompress,high,chest,False,False,"(0.0, 0.0, 0.0)",
PATIENT_RECORD,22440,12/6/2022 2:05:37 PM,2e8678fd-fdc4-40c2-8122-09f1e31b8d2a,100,Infinity,Lily_7 Root,"(2.3, 0.0, 1.8)","(0.0, 1.0, 0.0, 0.0)",DEAD,still,none,none,none,dead,supine,
INJURY_RECORD,22440,12/6/2022 2:05:37 PM,2e8678fd-fdc4-40c2-8122-09f1e31b8d2a,Face Shrapnel,Lily_7 Root,airway,high,head,False,False,"(2.3, 1.6, 1.8)",
INJURY_RECORD,22440,12/6/2022 2:05:37 PM,2e8678fd-fdc4-40c2-8122-09f1e31b8d2a,L Wrist Amputation,Lily_7 Root,tourniquet,high,leftArm,False,False,"(2.9, 1.3, 1.7)",
INJURY_RECORD,22440,12/6/2022 2:05:37 PM,2e8678fd-fdc4-40c2-8122-09f1e31b8d2a,R Bicep Puncture,Lily_7 Root,tourniquet,medium,rightArm,False,False,"(1.9, 1.3, 1.8)",
PATIENT_RECORD,22440,12/6/2022 2:05:37 PM,2e8678fd-fdc4-40c2-8122-09f1e31b8d2a,100,Infinity,Gloria_8 Root,"(2.6, 0.0, 8.0)","(0.0, 1.0, 0.0, 0.0)",MINIMAL,still,normal,normal,limited,calm,standing,
INJURY_RECORD,22441,12/6/2022 2:05:37 PM,2e8678fd-fdc4-40c2-8122-09f1e31b8d2a,Ear Bleed,Gloria_8 Root,none,low,head,False,False,"(0.0, 0.0, 0.0)",
PATIENT_RECORD,22441,12/6/2022 2:05:37 PM,2e8678fd-fdc4-40c2-8122-09f1e31b8d2a,100,Infinity,Mike_9 Root,"(3.5, 0.0, 1.1)","(0.0, 1.0, 0.0, 0.0)",IMMEDIATE,waver,normal,normal,normal,upset,sittingGround,
INJURY_RECORD,22441,12/6/2022 2:05:37 PM,2e8678fd-fdc4-40c2-8122-09f1e31b8d2a,L Side Puncture,Mike_9 Root,woundpack,medium,abdomen,False,False,"(3.6, 1.1, 1.0)",
INJURY_RECORD,22441,12/6/2022 2:05:37 PM,2e8678fd-fdc4-40c2-8122-09f1e31b8d2a,L Thigh Puncture,Mike_9 Root,tourniquet,medium,leftLeg,False,False,"(3.5, 0.6, 1.0)",
INJURY_RECORD,22441,12/6/2022 2:05:37 PM,2e8678fd-fdc4-40c2-8122-09f1e31b8d2a,L Calf Laceration,Mike_9 Root,gauzePressure,low,leftLeg,False,False,"(3.6, 0.3, 1.1)",
PATIENT_RECORD,22441,12/6/2022 2:05:37 PM,2e8678fd-fdc4-40c2-8122-09f1e31b8d2a,100,Infinity,Bob_10 Root,"(3.8, 0.0, 4.0)","(0.0, 1.0, 0.0, 0.0)",MINIMAL,walker,normal,normal,normal,calm,standing,
VOICE_CAPTURE,28002,12/6/2022 2:05:43 PM,2e8678fd-fdc4-40c2-8122-09f1e31b8d2a,oh shoot why is my trailer packed in my face,NA,
BAG_CLOSED,32212,12/6/2022 2:05:47 PM,2e8678fd-fdc4-40c2-8122-09f1e31b8d2a,"(1.3, 0.9, -1.8)",
TELEPORT,32212,12/6/2022 2:05:47 PM,2e8678fd-fdc4-40c2-8122-09f1e31b8d2a,"(0.8, 0.0, -2.3)",
BAG_ACCESS,35871,12/6/2022 2:05:51 PM,2e8678fd-fdc4-40c2-8122-09f1e31b8d2a,"(1.0, 0.7, -0.7)",
VOICE_CAPTURE,36093,12/6/2022 2:05:51 PM,2e8678fd-fdc4-40c2-8122-09f1e31b8d2a,alright let's see no one behind me everybody's right here OK,NA,
TOOL_HOVER,36354,12/6/2022 2:05:51 PM,2e8678fd-fdc4-40c2-8122-09f1e31b8d2a,Tourniquet,999,
TOOL_HOVER,36371,12/6/2022 2:05:51 PM,2e8678fd-fdc4-40c2-8122-09f1e31b8d2a,Tourniquet,999,
TOOL_HOVER,36389,12/6/2022 2:05:51 PM,2e8678fd-fdc4-40c2-8122-09f1e31b8d2a,Tourniquet,999,
TOOL_SELECTED,36392,12/6/2022 2:05:51 PM,2e8678fd-fdc4-40c2-8122-09f1e31b8d2a,Tourniquet,998,
PATIENT_ENGAGED,37309,12/6/2022 2:05:52 PM,2e8678fd-fdc4-40c2-8122-09f1e31b8d2a,100,Infinity,Gloria_2 Root,"(0.7, 0.0, 0.6)","(0.0, 1.0, 0.0, 0.0)",IMMEDIATE,waver,fast,fast,normal,agony,supine,
BAG_CLOSED,39353,12/6/2022 2:05:54 PM,2e8678fd-fdc4-40c2-8122-09f1e31b8d2a,"(1.0, 0.7, -0.7)",
INJURY_TREATED,39780,12/6/2022 2:05:55 PM,2e8678fd-fdc4-40c2-8122-09f1e31b8d2a,L Shin Amputation,Gloria_2 Root,tourniquet,high,leftLeg,True,False,"(1.0, 0.2, 0.4)",
TOOL_APPLIED,39781,12/6/2022 2:05:55 PM,2e8678fd-fdc4-40c2-8122-09f1e31b8d2a,Gloria_2 Root,Tourniquet,LeftUpLeg (UnityEngine.GameObject),tor_ring (1) (UnityEngine.GameObject),tourniquet(Clone) (UnityEngine.GameObject),AppliedTourniquet,
BAG_ACCESS,43880,12/6/2022 2:05:59 PM,2e8678fd-fdc4-40c2-8122-09f1e31b8d2a,"(0.9, 0.8, -0.3)",
TAG_SELECTED,44293,12/6/2022 2:05:59 PM,2e8678fd-fdc4-40c2-8122-09f1e31b8d2a,red,
TAG_DISCARDED,45661,12/6/2022 2:06:00 PM,2e8678fd-fdc4-40c2-8122-09f1e31b8d2a,red,"(0.7, 0.3, 0.1)",
VOICE_CAPTURE,47214,12/6/2022 2:06:02 PM,2e8678fd-fdc4-40c2-8122-09f1e31b8d2a,whoop whoop alright there you go little lady and will give you a triage tag,NA,
TAG_SELECTED,48457,12/6/2022 2:06:03 PM,2e8678fd-fdc4-40c2-8122-09f1e31b8d2a,red,
TAG_APPLIED,50470,12/6/2022 2:06:05 PM,2e8678fd-fdc4-40c2-8122-09f1e31b8d2a,Gloria_2 Root,red,
BAG_CLOSED,51865,12/6/2022 2:06:07 PM,2e8678fd-fdc4-40c2-8122-09f1e31b8d2a,"(0.9, 0.8, -0.3)",
TELEPORT,51865,12/6/2022 2:06:07 PM,2e8678fd-fdc4-40c2-8122-09f1e31b8d2a,"(0.3, 0.0, -1.8)",
VOICE_CAPTURE,54939,12/6/2022 2:06:10 PM,2e8678fd-fdc4-40c2-8122-09f1e31b8d2a,where where did my storage i go here put this on please OK,NA,
PATIENT_ENGAGED,55891,12/6/2022 2:06:11 PM,2e8678fd-fdc4-40c2-8122-09f1e31b8d2a,100,Infinity,Mike_9 Root,"(3.5, 0.0, 1.1)","(0.0, 1.0, 0.0, 0.0)",IMMEDIATE,waver,normal,normal,normal,upset,sittingGround,
BAG_ACCESS,57795,12/6/2022 2:06:13 PM,2e8678fd-fdc4-40c2-8122-09f1e31b8d2a,"(3.1, 0.8, 0.6)",
TAG_SELECTED,59624,12/6/2022 2:06:14 PM,2e8678fd-fdc4-40c2-8122-09f1e31b8d2a,yellow,
VOICE_CAPTURE,60163,12/6/2022 2:06:15 PM,2e8678fd-fdc4-40c2-8122-09f1e31b8d2a,everything's extremely blurry again there we go alright can you walk,NA,
VOICE_COMMAND,60164,12/6/2022 2:06:15 PM,2e8678fd-fdc4-40c2-8122-09f1e31b8d2a,walk to the safe area,everything's extremely blurry again there we go alright can you walk,
S_A_L_T_WALK_IF_CAN,60166,12/6/2022 2:06:15 PM,2e8678fd-fdc4-40c2-8122-09f1e31b8d2a,"(0.2, 0.0, 7.7)",walkIfCan,Helga_0 Root,
S_A_L_T_WALK_IF_CAN,60166,12/6/2022 2:06:15 PM,2e8678fd-fdc4-40c2-8122-09f1e31b8d2a,"(1.2, 0.0, 3.9)",walkIfCan,Lily_1 Root,
S_A_L_T_WALK_IF_CAN,60166,12/6/2022 2:06:15 PM,2e8678fd-fdc4-40c2-8122-09f1e31b8d2a,"(0.7, 0.0, 0.6)",walkIfCan,Gloria_2 Root,
S_A_L_T_WALK_IF_CAN,60166,12/6/2022 2:06:15 PM,2e8678fd-fdc4-40c2-8122-09f1e31b8d2a,"(-1.3, 0.0, 4.2)",walkIfCan,Mike_3 Root,
S_A_L_T_WALK_IF_CAN,60166,12/6/2022 2:06:15 PM,2e8678fd-fdc4-40c2-8122-09f1e31b8d2a,"(1.4, 0.0, 6.0)",walkIfCan,Mike_4 Root,
S_A_L_T_WALKED,60166,12/6/2022 2:06:15 PM,2e8678fd-fdc4-40c2-8122-09f1e31b8d2a,"(1.4, 0.0, 6.0)",walked,Mike_4 Root,
S_A_L_T_WALK_IF_CAN,60166,12/6/2022 2:06:15 PM,2e8678fd-fdc4-40c2-8122-09f1e31b8d2a,"(2.8, 0.0, 5.3)",walkIfCan,Gary_5 Root,
S_A_L_T_WALKED,60166,12/6/2022 2:06:15 PM,2e8678fd-fdc4-40c2-8122-09f1e31b8d2a,"(2.8, 0.0, 5.3)",walked,Gary_5 Root,
S_A_L_T_WALK_IF_CAN,60167,12/6/2022 2:06:15 PM,2e8678fd-fdc4-40c2-8122-09f1e31b8d2a,"(2.6, 0.0, 8.0)",walkIfCan,Gloria_8 Root,
S_A_L_T_WALK_IF_CAN,60167,12/6/2022 2:06:15 PM,2e8678fd-fdc4-40c2-8122-09f1e31b8d2a,"(3.5, 0.0, 1.1)",walkIfCan,Mike_9 Root,
S_A_L_T_WALK_IF_CAN,60167,12/6/2022 2:06:15 PM,2e8678fd-fdc4-40c2-8122-09f1e31b8d2a,"(3.8, 0.0, 4.0)",walkIfCan,Bob_10 Root,
S_A_L_T_WALKED,60167,12/6/2022 2:06:15 PM,2e8678fd-fdc4-40c2-8122-09f1e31b8d2a,"(3.8, 0.0, 4.0)",walked,Bob_10 Root,
TAG_APPLIED,61385,12/6/2022 2:06:16 PM,2e8678fd-fdc4-40c2-8122-09f1e31b8d2a,Mike_9 Root,yellow,
TOOL_HOVER,63850,12/6/2022 2:06:19 PM,2e8678fd-fdc4-40c2-8122-09f1e31b8d2a,Tourniquet,998,
TOOL_HOVER,63876,12/6/2022 2:06:19 PM,2e8678fd-fdc4-40c2-8122-09f1e31b8d2a,Tourniquet,998,
TOOL_HOVER,63904,12/6/2022 2:06:19 PM,2e8678fd-fdc4-40c2-8122-09f1e31b8d2a,Tourniquet,998,
TOOL_SELECTED,63905,12/6/2022 2:06:19 PM,2e8678fd-fdc4-40c2-8122-09f1e31b8d2a,Tourniquet,997,
TOOL_DISCARDED,65546,12/6/2022 2:06:20 PM,2e8678fd-fdc4-40c2-8122-09f1e31b8d2a,Tourniquet,997,"(3.8, 0.3, 1.2)",
PULSE_TAKEN,65876,12/6/2022 2:06:21 PM,2e8678fd-fdc4-40c2-8122-09f1e31b8d2a,pulse_normal,Mike_9 Root,
PATIENT_ENGAGED,66915,12/6/2022 2:06:22 PM,2e8678fd-fdc4-40c2-8122-09f1e31b8d2a,100,0,Gary_5 Root,"(4.5, 0.0, 0.8)","(0.0, 1.0, 0.0, -0.2)",MINIMAL,walker,normal,restricted,normal,upset,standing,
TOOL_HOVER,67564,12/6/2022 2:06:22 PM,2e8678fd-fdc4-40c2-8122-09f1e31b8d2a,Tourniquet,998,
TOOL_HOVER,67590,12/6/2022 2:06:22 PM,2e8678fd-fdc4-40c2-8122-09f1e31b8d2a,Tourniquet,998,
TOOL_HOVER,67616,12/6/2022 2:06:22 PM,2e8678fd-fdc4-40c2-8122-09f1e31b8d2a,Tourniquet,998,
TOOL_SELECTED,67617,12/6/2022 2:06:22 PM,2e8678fd-fdc4-40c2-8122-09f1e31b8d2a,Tourniquet,997,
VOICE_CAPTURE,68699,12/6/2022 2:06:24 PM,2e8678fd-fdc4-40c2-8122-09f1e31b8d2a,spurting blood tourniquet,NA,
INJURY_TREATED,70727,12/6/2022 2:06:26 PM,2e8678fd-fdc4-40c2-8122-09f1e31b8d2a,L Thigh Puncture,Mike_9 Root,tourniquet,medium,leftLeg,True,False,"(4.0, 0.1, 1.1)",
TOOL_APPLIED,70727,12/6/2022 2:06:26 PM,2e8678fd-fdc4-40c2-8122-09f1e31b8d2a,Mike_9 Root,Tourniquet,LeftUpLeg (UnityEngine.GameObject),tor_ring (1) (UnityEngine.GameObject),tourniquet(Clone) (UnityEngine.GameObject),AppliedTourniquet,
PATIENT_ENGAGED,70727,12/6/2022 2:06:26 PM,2e8678fd-fdc4-40c2-8122-09f1e31b8d2a,100,Infinity,Mike_9 Root,"(3.5, 0.0, 1.1)","(0.0, 1.0, 0.0, 0.0)",DELAYED,waver,normal,normal,normal,upset,sittingGround,
PATIENT_DEMOTED,70727,12/6/2022 2:06:26 PM,2e8678fd-fdc4-40c2-8122-09f1e31b8d2a,100,Infinity,Mike_9 Root,"(3.5, 0.0, 1.1)","(0.0, 1.0, 0.0, 0.0)",DELAYED,waver,normal,normal,normal,upset,sittingGround,
PULSE_TAKEN,70749,12/6/2022 2:06:26 PM,2e8678fd-fdc4-40c2-8122-09f1e31b8d2a,pulse_normal,Mike_9 Root,
VOICE_CAPTURE,71867,12/6/2022 2:06:27 PM,2e8678fd-fdc4-40c2-8122-09f1e31b8d2a,and take hey you 2GO stay there,NA,
VOICE_CAPTURE,77048,12/6/2022 2:06:32 PM,2e8678fd-fdc4-40c2-8122-09f1e31b8d2a,alright if you can hear me come over this way,NA,
BAG_CLOSED,78478,12/6/2022 2:06:33 PM,2e8678fd-fdc4-40c2-8122-09f1e31b8d2a,"(3.1, 0.8, 0.6)",
VOICE_CAPTURE,79676,12/6/2022 2:06:34 PM,2e8678fd-fdc4-40c2-8122-09f1e31b8d2a,OK,NA,
TELEPORT,81346,12/6/2022 2:06:36 PM,2e8678fd-fdc4-40c2-8122-09f1e31b8d2a,"(2.0, 0.0, -0.6)",
VOICE_CAPTURE,85641,12/6/2022 2:06:40 PM,2e8678fd-fdc4-40c2-8122-09f1e31b8d2a,alright so they're still good they're green alright,NA,
BAG_ACCESS,88348,12/6/2022 2:06:43 PM,2e8678fd-fdc4-40c2-8122-09f1e31b8d2a,"(2.1, 0.8, 1.4)",
VOICE_CAPTURE,88608,12/6/2022 2:06:43 PM,2e8678fd-fdc4-40c2-8122-09f1e31b8d2a,she did,NA,
VOICE_CAPTURE,90790,12/6/2022 2:06:46 PM,2e8678fd-fdc4-40c2-8122-09f1e31b8d2a,oh god,NA,
VOICE_CAPTURE,94011,12/6/2022 2:06:49 PM,2e8678fd-fdc4-40c2-8122-09f1e31b8d2a,i don't have a black tag,NA,
TAG_SELECTED,96000,12/6/2022 2:06:51 PM,2e8678fd-fdc4-40c2-8122-09f1e31b8d2a,black,
VOICE_CAPTURE,96268,12/6/2022 2:06:51 PM,2e8678fd-fdc4-40c2-8122-09f1e31b8d2a,where,NA,
PATIENT_ENGAGED,97186,12/6/2022 2:06:52 PM,2e8678fd-fdc4-40c2-8122-09f1e31b8d2a,100,Infinity,Lily_7 Root,"(2.3, 0.0, 1.8)","(0.0, 1.0, 0.0, 0.0)",DEAD,still,none,none,none,dead,supine,
TAG_APPLIED,98356,12/6/2022 2:06:53 PM,2e8678fd-fdc4-40c2-8122-09f1e31b8d2a,Lily_7 Root,black,
VOICE_CAPTURE,100078,12/6/2022 2:06:55 PM,2e8678fd-fdc4-40c2-8122-09f1e31b8d2a,oh everything got really blurry on me,NA,
VOICE_CAPTURE,102131,12/6/2022 2:06:57 PM,2e8678fd-fdc4-40c2-8122-09f1e31b8d2a,alright,NA,
BAG_CLOSED,102550,12/6/2022 2:06:57 PM,2e8678fd-fdc4-40c2-8122-09f1e31b8d2a,"(2.1, 0.8, 1.4)",
TELEPORT,102550,12/6/2022 2:06:57 PM,2e8678fd-fdc4-40c2-8122-09f1e31b8d2a,"(1.4, 0.0, 1.0)",
VOICE_CAPTURE,106340,12/6/2022 2:07:01 PM,2e8678fd-fdc4-40c2-8122-09f1e31b8d2a,like this thing keeps on slipping up alright,NA,
TELEPORT,106375,12/6/2022 2:07:01 PM,2e8678fd-fdc4-40c2-8122-09f1e31b8d2a,"(2.2, 0.0, 2.1)",
VOICE_CAPTURE,108345,12/6/2022 2:07:03 PM,2e8678fd-fdc4-40c2-8122-09f1e31b8d2a,alright can you hear me,NA,
VOICE_COMMAND,108345,12/6/2022 2:07:03 PM,2e8678fd-fdc4-40c2-8122-09f1e31b8d2a,can you hear,alright can you hear me,
PATIENT_ENGAGED,110251,12/6/2022 2:07:05 PM,2e8678fd-fdc4-40c2-8122-09f1e31b8d2a,100,128,Mike_6 Root,"(3.0, 0.0, 3.4)","(0.0, 0.0, 0.0, 1.0)",IMMEDIATE,still,faint,collapsedRight,normal,unresponsive,supine,
PULSE_TAKEN,110467,12/6/2022 2:07:05 PM,2e8678fd-fdc4-40c2-8122-09f1e31b8d2a,pulse_faint,Mike_6 Root,
VOICE_CAPTURE,111254,12/6/2022 2:07:06 PM,2e8678fd-fdc4-40c2-8122-09f1e31b8d2a,scroll up scroll up anything,NA,
VOICE_CAPTURE,112791,12/6/2022 2:07:08 PM,2e8678fd-fdc4-40c2-8122-09f1e31b8d2a,pause,NA,
BAG_ACCESS,114295,12/6/2022 2:07:09 PM,2e8678fd-fdc4-40c2-8122-09f1e31b8d2a,"(3.2, 0.7, 2.4)",
TAG_SELECTED,114729,12/6/2022 2:07:10 PM,2e8678fd-fdc4-40c2-8122-09f1e31b8d2a,red,
TAG_APPLIED,116701,12/6/2022 2:07:12 PM,2e8678fd-fdc4-40c2-8122-09f1e31b8d2a,Mike_6 Root,red,
BAG_CLOSED,118037,12/6/2022 2:07:13 PM,2e8678fd-fdc4-40c2-8122-09f1e31b8d2a,"(3.2, 0.7, 2.4)",
TELEPORT,118037,12/6/2022 2:07:13 PM,2e8678fd-fdc4-40c2-8122-09f1e31b8d2a,"(2.2, 0.0, 1.9)",
TELEPORT,119023,12/6/2022 2:07:14 PM,2e8678fd-fdc4-40c2-8122-09f1e31b8d2a,"(2.1, 0.0, 1.9)",
VOICE_CAPTURE,119724,12/6/2022 2:07:15 PM,2e8678fd-fdc4-40c2-8122-09f1e31b8d2a,rapid he's a he's a red he's almost dead he's probably a a red with a blue triangle,NA,
TELEPORT,121194,12/6/2022 2:07:16 PM,2e8678fd-fdc4-40c2-8122-09f1e31b8d2a,"(2.2, 0.0, 2.3)",
VOICE_CAPTURE,122113,12/6/2022 2:07:17 PM,2e8678fd-fdc4-40c2-8122-09f1e31b8d2a,blowing sounds,NA,
VOICE_CAPTURE,125484,12/6/2022 2:07:20 PM,2e8678fd-fdc4-40c2-8122-09f1e31b8d2a,any of that,NA,
VOICE_CAPTURE,127766,12/6/2022 2:07:23 PM,2e8678fd-fdc4-40c2-8122-09f1e31b8d2a,on this huh,NA,
VOICE_CAPTURE,132739,12/6/2022 2:07:28 PM,2e8678fd-fdc4-40c2-8122-09f1e31b8d2a,can i fix anything with his long sounds,NA,
BAG_ACCESS,133490,12/6/2022 2:07:28 PM,2e8678fd-fdc4-40c2-8122-09f1e31b8d2a,"(3.3, 0.8, 2.7)",
TOOL_HOVER,133840,12/6/2022 2:07:29 PM,2e8678fd-fdc4-40c2-8122-09f1e31b8d2a,Needle,999,
TOOL_HOVER,133857,12/6/2022 2:07:29 PM,2e8678fd-fdc4-40c2-8122-09f1e31b8d2a,Needle,999,
TOOL_HOVER,133874,12/6/2022 2:07:29 PM,2e8678fd-fdc4-40c2-8122-09f1e31b8d2a,Needle,999,
TOOL_HOVER,133890,12/6/2022 2:07:29 PM,2e8678fd-fdc4-40c2-8122-09f1e31b8d2a,Needle,999,
TOOL_SELECTED,133892,12/6/2022 2:07:29 PM,2e8678fd-fdc4-40c2-8122-09f1e31b8d2a,Needle,998,
VOICE_CAPTURE,135077,12/6/2022 2:07:30 PM,2e8678fd-fdc4-40c2-8122-09f1e31b8d2a,OK,NA,
BAG_CLOSED,139455,12/6/2022 2:07:34 PM,2e8678fd-fdc4-40c2-8122-09f1e31b8d2a,"(3.3, 0.8, 2.7)",
TELEPORT,139455,12/6/2022 2:07:34 PM,2e8678fd-fdc4-40c2-8122-09f1e31b8d2a,"(2.6, 0.0, 2.3)",
VOICE_CAPTURE,142061,12/6/2022 2:07:37 PM,2e8678fd-fdc4-40c2-8122-09f1e31b8d2a,is he better now OK cool moving on,NA,
PATIENT_ENGAGED,143197,12/6/2022 2:07:38 PM,2e8678fd-fdc4-40c2-8122-09f1e31b8d2a,100,Infinity,Lily_1 Root,"(1.2, 0.0, 3.9)","(0.0, 0.1, 0.0, 1.0)",DELAYED,waver,normal,normal,normal,calm,fetal,
TELEPORT,144735,12/6/2022 2:07:40 PM,2e8678fd-fdc4-40c2-8122-09f1e31b8d2a,"(0.5, 0.0, 2.9)",
VOICE_CAPTURE,145888,12/6/2022 2:07:41 PM,2e8678fd-fdc4-40c2-8122-09f1e31b8d2a,man can you hear me,NA,
VOICE_COMMAND,145888,12/6/2022 2:07:41 PM,2e8678fd-fdc4-40c2-8122-09f1e31b8d2a,can you hear,man can you hear me,
VOICE_CAPTURE,147207,12/6/2022 2:07:42 PM,2e8678fd-fdc4-40c2-8122-09f1e31b8d2a,what is your name,NA,
VOICE_COMMAND,147207,12/6/2022 2:07:42 PM,2e8678fd-fdc4-40c2-8122-09f1e31b8d2a,what is your name,what is your name,
VOICE_CAPTURE,149329,12/6/2022 2:07:44 PM,2e8678fd-fdc4-40c2-8122-09f1e31b8d2a,what is your name,NA,
VOICE_COMMAND,149329,12/6/2022 2:07:44 PM,2e8678fd-fdc4-40c2-8122-09f1e31b8d2a,what is your name,what is your name,
VOICE_CAPTURE,150348,12/6/2022 2:07:45 PM,2e8678fd-fdc4-40c2-8122-09f1e31b8d2a,can you hear me,NA,
VOICE_COMMAND,150348,12/6/2022 2:07:45 PM,2e8678fd-fdc4-40c2-8122-09f1e31b8d2a,can you hear,can you hear me,
VOICE_CAPTURE,150814,12/6/2022 2:07:46 PM,2e8678fd-fdc4-40c2-8122-09f1e31b8d2a,what,NA,
VOICE_CAPTURE,152655,12/6/2022 2:07:47 PM,2e8678fd-fdc4-40c2-8122-09f1e31b8d2a,what is your name,NA,
VOICE_COMMAND,152655,12/6/2022 2:07:47 PM,2e8678fd-fdc4-40c2-8122-09f1e31b8d2a,what is your name,what is your name,
VOICE_CAPTURE,154241,12/6/2022 2:07:49 PM,2e8678fd-fdc4-40c2-8122-09f1e31b8d2a,what'd she say,NA,
BAG_ACCESS,155268,12/6/2022 2:07:50 PM,2e8678fd-fdc4-40c2-8122-09f1e31b8d2a,"(1.1, 0.6, 3.6)",
TOOL_HOVER,155652,12/6/2022 2:07:50 PM,2e8678fd-fdc4-40c2-8122-09f1e31b8d2a,Tourniquet,997,
TOOL_HOVER,155669,12/6/2022 2:07:50 PM,2e8678fd-fdc4-40c2-8122-09f1e31b8d2a,Tourniquet,997,
TOOL_HOVER,155685,12/6/2022 2:07:51 PM,2e8678fd-fdc4-40c2-8122-09f1e31b8d2a,Tourniquet,997,
TOOL_HOVER,155702,12/6/2022 2:07:51 PM,2e8678fd-fdc4-40c2-8122-09f1e31b8d2a,Tourniquet,997,
TOOL_HOVER,155718,12/6/2022 2:07:51 PM,2e8678fd-fdc4-40c2-8122-09f1e31b8d2a,Tourniquet,997,
TOOL_HOVER,155734,12/6/2022 2:07:51 PM,2e8678fd-fdc4-40c2-8122-09f1e31b8d2a,Tourniquet,997,
TOOL_HOVER,155750,12/6/2022 2:07:51 PM,2e8678fd-fdc4-40c2-8122-09f1e31b8d2a,Tourniquet,997,
TOOL_SELECTED,155751,12/6/2022 2:07:51 PM,2e8678fd-fdc4-40c2-8122-09f1e31b8d2a,Tourniquet,996,
INJURY_TREATED,156882,12/6/2022 2:07:52 PM,2e8678fd-fdc4-40c2-8122-09f1e31b8d2a,R Thigh Laceration,Lily_1 Root,tourniquet,medium,rightLeg,True,False,"(1.0, 0.2, 4.0)",
TOOL_APPLIED,156882,12/6/2022 2:07:52 PM,2e8678fd-fdc4-40c2-8122-09f1e31b8d2a,Lily_1 Root,Tourniquet,RightUpLeg (UnityEngine.GameObject),tor_ring (1) (UnityEngine.GameObject),tourniquet(Clone) (UnityEngine.GameObject),AppliedTourniquet,
PULSE_TAKEN,156914,12/6/2022 2:07:52 PM,2e8678fd-fdc4-40c2-8122-09f1e31b8d2a,pulse_normal,Lily_1 Root,
VOICE_CAPTURE,157766,12/6/2022 2:07:53 PM,2e8678fd-fdc4-40c2-8122-09f1e31b8d2a,alright well you get a tourniquet,NA,
VOICE_CAPTURE,165250,12/6/2022 2:08:00 PM,2e8678fd-fdc4-40c2-8122-09f1e31b8d2a,start breathing and all that should i be asking you breathing i'm kind of just going by what i'm seeing,NA,
VOICE_CAPTURE,168459,12/6/2022 2:08:03 PM,2e8678fd-fdc4-40c2-8122-09f1e31b8d2a,OK,NA,
PULSE_TAKEN,169611,12/6/2022 2:08:04 PM,2e8678fd-fdc4-40c2-8122-09f1e31b8d2a,pulse_normal,Lily_1 Root,
PULSE_TAKEN,171251,12/6/2022 2:08:06 PM,2e8678fd-fdc4-40c2-8122-09f1e31b8d2a,pulse_normal,Lily_1 Root,
PULSE_TAKEN,173254,12/6/2022 2:08:08 PM,2e8678fd-fdc4-40c2-8122-09f1e31b8d2a,pulse_normal,Lily_1 Root,
TAG_SELECTED,175963,12/6/2022 2:08:11 PM,2e8678fd-fdc4-40c2-8122-09f1e31b8d2a,yellow,
TAG_APPLIED,177381,12/6/2022 2:08:12 PM,2e8678fd-fdc4-40c2-8122-09f1e31b8d2a,Lily_1 Root,yellow,
BAG_CLOSED,178148,12/6/2022 2:08:13 PM,2e8678fd-fdc4-40c2-8122-09f1e31b8d2a,"(1.1, 0.6, 3.6)",
TELEPORT,178148,12/6/2022 2:08:13 PM,2e8678fd-fdc4-40c2-8122-09f1e31b8d2a,"(0.4, 0.0, 3.0)",
VOICE_CAPTURE,181911,12/6/2022 2:08:17 PM,2e8678fd-fdc4-40c2-8122-09f1e31b8d2a,alright i will go yellow to you we fixed what was wrong with you,NA,
PATIENT_ENGAGED,182009,12/6/2022 2:08:17 PM,2e8678fd-fdc4-40c2-8122-09f1e31b8d2a,100,Infinity,Mike_3 Root,"(-1.3, 0.0, 4.2)","(0.0, 0.4, 0.0, 0.9)",IMMEDIATE,waver,fast,fast,normal,agony,sittingGround,
VOICE_CAPTURE,183503,12/6/2022 2:08:18 PM,2e8678fd-fdc4-40c2-8122-09f1e31b8d2a,where's your hand,NA,
BAG_ACCESS,184574,12/6/2022 2:08:19 PM,2e8678fd-fdc4-40c2-8122-09f1e31b8d2a,"(-0.6, 0.7, 3.7)",
TOOL_HOVER,185056,12/6/2022 2:08:20 PM,2e8678fd-fdc4-40c2-8122-09f1e31b8d2a,Tourniquet,996,
TOOL_HOVER,185073,12/6/2022 2:08:20 PM,2e8678fd-fdc4-40c2-8122-09f1e31b8d2a,Tourniquet,996,
TOOL_SELECTED,185074,12/6/2022 2:08:20 PM,2e8678fd-fdc4-40c2-8122-09f1e31b8d2a,Tourniquet,995,
TOOL_DISCARDED,186540,12/6/2022 2:08:21 PM,2e8678fd-fdc4-40c2-8122-09f1e31b8d2a,Tourniquet,995,"(-1.5, 0.4, 4.1)",
TOOL_HOVER,189257,12/6/2022 2:08:24 PM,2e8678fd-fdc4-40c2-8122-09f1e31b8d2a,Gauze,999,
TOOL_HOVER,189277,12/6/2022 2:08:24 PM,2e8678fd-fdc4-40c2-8122-09f1e31b8d2a,Gauze,999,
TOOL_HOVER,189297,12/6/2022 2:08:24 PM,2e8678fd-fdc4-40c2-8122-09f1e31b8d2a,Gauze,999,
TOOL_HOVER,189317,12/6/2022 2:08:24 PM,2e8678fd-fdc4-40c2-8122-09f1e31b8d2a,Gauze,999,
TOOL_HOVER,189338,12/6/2022 2:08:24 PM,2e8678fd-fdc4-40c2-8122-09f1e31b8d2a,Gauze,999,
TOOL_HOVER,189355,12/6/2022 2:08:24 PM,2e8678fd-fdc4-40c2-8122-09f1e31b8d2a,Tourniquet,996,
TOOL_HOVER,189374,12/6/2022 2:08:24 PM,2e8678fd-fdc4-40c2-8122-09f1e31b8d2a,Tourniquet,996,
TOOL_HOVER,189393,12/6/2022 2:08:24 PM,2e8678fd-fdc4-40c2-8122-09f1e31b8d2a,Tourniquet,996,
TOOL_HOVER,189414,12/6/2022 2:08:24 PM,2e8678fd-fdc4-40c2-8122-09f1e31b8d2a,Tourniquet,996,
TOOL_HOVER,189434,12/6/2022 2:08:24 PM,2e8678fd-fdc4-40c2-8122-09f1e31b8d2a,Tourniquet,996,
TOOL_HOVER,189455,12/6/2022 2:08:24 PM,2e8678fd-fdc4-40c2-8122-09f1e31b8d2a,Tourniquet,996,
TOOL_HOVER,189475,12/6/2022 2:08:24 PM,2e8678fd-fdc4-40c2-8122-09f1e31b8d2a,Tourniquet,996,
TOOL_SELECTED,189476,12/6/2022 2:08:24 PM,2e8678fd-fdc4-40c2-8122-09f1e31b8d2a,Tourniquet,995,
INJURY_TREATED,191984,12/6/2022 2:08:27 PM,2e8678fd-fdc4-40c2-8122-09f1e31b8d2a,R Wrist Amputation,Mike_3 Root,tourniquet,high,rightArm,True,False,"(-1.5, 0.5, 4.2)",
TOOL_APPLIED,191984,12/6/2022 2:08:27 PM,2e8678fd-fdc4-40c2-8122-09f1e31b8d2a,Mike_3 Root,Tourniquet,RightArm (UnityEngine.GameObject),tor_ring (1) (UnityEngine.GameObject),tourniquet(Clone) (UnityEngine.GameObject),AppliedTourniquet,
PULSE_TAKEN,193302,12/6/2022 2:08:28 PM,2e8678fd-fdc4-40c2-8122-09f1e31b8d2a,pulse_fast,Mike_3 Root,
VOICE_CAPTURE,194105,12/6/2022 2:08:29 PM,2e8678fd-fdc4-40c2-8122-09f1e31b8d2a,that didn't go on,NA,
PULSE_TAKEN,194925,12/6/2022 2:08:30 PM,2e8678fd-fdc4-40c2-8122-09f1e31b8d2a,pulse_fast,Mike_3 Root,
VOICE_CAPTURE,195624,12/6/2022 2:08:30 PM,2e8678fd-fdc4-40c2-8122-09f1e31b8d2a,alright,NA,
PULSE_TAKEN,197696,12/6/2022 2:08:33 PM,2e8678fd-fdc4-40c2-8122-09f1e31b8d2a,pulse_fast,Mike_3 Root,
VOICE_CAPTURE,198415,12/6/2022 2:08:33 PM,2e8678fd-fdc4-40c2-8122-09f1e31b8d2a,yeah that hands broken jesus,NA,
TOOL_HOVER,200656,12/6/2022 2:08:35 PM,2e8678fd-fdc4-40c2-8122-09f1e31b8d2a,Tourniquet,995,
TOOL_HOVER,200673,12/6/2022 2:08:35 PM,2e8678fd-fdc4-40c2-8122-09f1e31b8d2a,Tourniquet,995,
TOOL_HOVER,200689,12/6/2022 2:08:36 PM,2e8678fd-fdc4-40c2-8122-09f1e31b8d2a,Tourniquet,995,
TOOL_HOVER,200706,12/6/2022 2:08:36 PM,2e8678fd-fdc4-40c2-8122-09f1e31b8d2a,Tourniquet,995,
TOOL_HOVER,200723,12/6/2022 2:08:36 PM,2e8678fd-fdc4-40c2-8122-09f1e31b8d2a,Tourniquet,995,
TOOL_HOVER,200740,12/6/2022 2:08:36 PM,2e8678fd-fdc4-40c2-8122-09f1e31b8d2a,Tourniquet,995,
TOOL_HOVER,200756,12/6/2022 2:08:36 PM,2e8678fd-fdc4-40c2-8122-09f1e31b8d2a,Tourniquet,995,
TOOL_HOVER,200772,12/6/2022 2:08:36 PM,2e8678fd-fdc4-40c2-8122-09f1e31b8d2a,Tourniquet,995,
TOOL_HOVER,200789,12/6/2022 2:08:36 PM,2e8678fd-fdc4-40c2-8122-09f1e31b8d2a,Tourniquet,995,
TOOL_HOVER,200806,12/6/2022 2:08:36 PM,2e8678fd-fdc4-40c2-8122-09f1e31b8d2a,Tourniquet,995,
TOOL_SELECTED,200807,12/6/2022 2:08:36 PM,2e8678fd-fdc4-40c2-8122-09f1e31b8d2a,Tourniquet,994,
VOICE_CAPTURE,202876,12/6/2022 2:08:38 PM,2e8678fd-fdc4-40c2-8122-09f1e31b8d2a,alright you're definitely red,NA,
TOOL_DISCARDED,203708,12/6/2022 2:08:39 PM,2e8678fd-fdc4-40c2-8122-09f1e31b8d2a,Tourniquet,994,"(-0.6, 1.8, 4.1)",
TOOL_HOVER,203744,12/6/2022 2:08:39 PM,2e8678fd-fdc4-40c2-8122-09f1e31b8d2a,Tourniquet,995,
TOOL_HOVER,203762,12/6/2022 2:08:39 PM,2e8678fd-fdc4-40c2-8122-09f1e31b8d2a,Tourniquet,995,
TOOL_HOVER,203780,12/6/2022 2:08:39 PM,2e8678fd-fdc4-40c2-8122-09f1e31b8d2a,Tourniquet,995,
TOOL_HOVER,203797,12/6/2022 2:08:39 PM,2e8678fd-fdc4-40c2-8122-09f1e31b8d2a,Tourniquet,995,
TOOL_HOVER,203816,12/6/2022 2:08:39 PM,2e8678fd-fdc4-40c2-8122-09f1e31b8d2a,Tourniquet,995,
TOOL_HOVER,203833,12/6/2022 2:08:39 PM,2e8678fd-fdc4-40c2-8122-09f1e31b8d2a,Tourniquet,995,
TAG_SELECTED,204164,12/6/2022 2:08:39 PM,2e8678fd-fdc4-40c2-8122-09f1e31b8d2a,red,
TAG_APPLIED,205565,12/6/2022 2:08:40 PM,2e8678fd-fdc4-40c2-8122-09f1e31b8d2a,Mike_3 Root,red,
VOICE_CAPTURE,206283,12/6/2022 2:08:41 PM,2e8678fd-fdc4-40c2-8122-09f1e31b8d2a,no i already put tourniquet on there,NA,
BAG_CLOSED,210410,12/6/2022 2:08:45 PM,2e8678fd-fdc4-40c2-8122-09f1e31b8d2a,"(-0.6, 0.7, 3.7)",
TELEPORT,210411,12/6/2022 2:08:45 PM,2e8678fd-fdc4-40c2-8122-09f1e31b8d2a,"(-1.3, 0.0, 3.2)",
TELEPORT,211380,12/6/2022 2:08:46 PM,2e8678fd-fdc4-40c2-8122-09f1e31b8d2a,"(-0.9, 0.0, 3.3)",
VOICE_CAPTURE,213118,12/6/2022 2:08:48 PM,2e8678fd-fdc4-40c2-8122-09f1e31b8d2a,alright test messed up dude it put the triage tag around the stump,NA,
TELEPORT,216926,12/6/2022 2:08:52 PM,2e8678fd-fdc4-40c2-8122-09f1e31b8d2a,"(0.2, 0.0, 6.1)",
VOICE_CAPTURE,217610,12/6/2022 2:08:52 PM,2e8678fd-fdc4-40c2-8122-09f1e31b8d2a,alright sir can you hear me,NA,
VOICE_COMMAND,217610,12/6/2022 2:08:52 PM,2e8678fd-fdc4-40c2-8122-09f1e31b8d2a,can you hear,alright sir can you hear me,
VOICE_CAPTURE,219816,12/6/2022 2:08:55 PM,2e8678fd-fdc4-40c2-8122-09f1e31b8d2a,ma'am whatever,NA,
VOICE_CAPTURE,224895,12/6/2022 2:09:00 PM,2e8678fd-fdc4-40c2-8122-09f1e31b8d2a,OK look at me look at me,NA,
VOICE_CAPTURE,227067,12/6/2022 2:09:02 PM,2e8678fd-fdc4-40c2-8122-09f1e31b8d2a,go stand over there,NA,
VOICE_COMMAND,227067,12/6/2022 2:09:02 PM,2e8678fd-fdc4-40c2-8122-09f1e31b8d2a,stand up,go stand over there,
PATIENT_ENGAGED,230509,12/6/2022 2:09:05 PM,2e8678fd-fdc4-40c2-8122-09f1e31b8d2a,100,Infinity,Helga_0 Root,"(0.2, 0.0, 7.7)","(0.0, 0.7, 0.0, 0.7)",IMMEDIATE,waver,fast,fast,normal,upset,sittingGround,
VOICE_CAPTURE,233282,12/6/2022 2:09:08 PM,2e8678fd-fdc4-40c2-8122-09f1e31b8d2a,go stand over there this is the voice of god alright,NA,
VOICE_COMMAND,233282,12/6/2022 2:09:08 PM,2e8678fd-fdc4-40c2-8122-09f1e31b8d2a,stand up,go stand over there this is the voice of god alright,
VOICE_CAPTURE,237143,12/6/2022 2:09:12 PM,2e8678fd-fdc4-40c2-8122-09f1e31b8d2a,autoflow please alright where'd you go to,NA,
VOICE_CAPTURE,239366,12/6/2022 2:09:14 PM,2e8678fd-fdc4-40c2-8122-09f1e31b8d2a,sit,NA,
VOICE_COMMAND,239366,12/6/2022 2:09:14 PM,2e8678fd-fdc4-40c2-8122-09f1e31b8d2a,sit up/down,sit,
VOICE_CAPTURE,240316,12/6/2022 2:09:15 PM,2e8678fd-fdc4-40c2-8122-09f1e31b8d2a,oh what what is she doing,NA,
PULSE_TAKEN,243812,12/6/2022 2:09:19 PM,2e8678fd-fdc4-40c2-8122-09f1e31b8d2a,pulse_fast,Helga_0 Root,
PULSE_TAKEN,245314,12/6/2022 2:09:20 PM,2e8678fd-fdc4-40c2-8122-09f1e31b8d2a,pulse_fast,Helga_0 Root,
BAG_ACCESS,249957,12/6/2022 2:09:25 PM,2e8678fd-fdc4-40c2-8122-09f1e31b8d2a,"(1.0, 0.8, 7.5)",
TAG_SELECTED,250359,12/6/2022 2:09:25 PM,2e8678fd-fdc4-40c2-8122-09f1e31b8d2a,yellow,
TAG_APPLIED,251795,12/6/2022 2:09:27 PM,2e8678fd-fdc4-40c2-8122-09f1e31b8d2a,Helga_0 Root,yellow,
TAG_SELECTED,252814,12/6/2022 2:09:28 PM,2e8678fd-fdc4-40c2-8122-09f1e31b8d2a,green,
VOICE_CAPTURE,253197,12/6/2022 2:09:28 PM,2e8678fd-fdc4-40c2-8122-09f1e31b8d2a,you're kind of walking so let's give you a yellow,NA,
VOICE_COMMAND,253197,12/6/2022 2:09:28 PM,2e8678fd-fdc4-40c2-8122-09f1e31b8d2a,walk to the safe area,you're kind of walking so let's give you a yellow,
S_A_L_T_WALK_IF_CAN,253198,12/6/2022 2:09:28 PM,2e8678fd-fdc4-40c2-8122-09f1e31b8d2a,"(0.6, 0.0, 8.2)",walkIfCan,Helga_0 Root,
S_A_L_T_WALK_IF_CAN,253198,12/6/2022 2:09:28 PM,2e8678fd-fdc4-40c2-8122-09f1e31b8d2a,"(1.2, 0.0, 3.9)",walkIfCan,Lily_1 Root,
S_A_L_T_WALK_IF_CAN,253198,12/6/2022 2:09:28 PM,2e8678fd-fdc4-40c2-8122-09f1e31b8d2a,"(0.7, 0.0, 0.6)",walkIfCan,Gloria_2 Root,
S_A_L_T_WALK_IF_CAN,253198,12/6/2022 2:09:28 PM,2e8678fd-fdc4-40c2-8122-09f1e31b8d2a,"(-1.3, 0.0, 4.2)",walkIfCan,Mike_3 Root,
S_A_L_T_WALK_IF_CAN,253198,12/6/2022 2:09:28 PM,2e8678fd-fdc4-40c2-8122-09f1e31b8d2a,"(1.5, 0.0, -3.3)",walkIfCan,Mike_4 Root,
S_A_L_T_WALKED,253198,12/6/2022 2:09:28 PM,2e8678fd-fdc4-40c2-8122-09f1e31b8d2a,"(1.5, 0.0, -3.3)",walked,Mike_4 Root,
S_A_L_T_WALK_IF_CAN,253198,12/6/2022 2:09:28 PM,2e8678fd-fdc4-40c2-8122-09f1e31b8d2a,"(4.8, 0.0, -1.1)",walkIfCan,Gary_5 Root,
S_A_L_T_WALKED,253198,12/6/2022 2:09:28 PM,2e8678fd-fdc4-40c2-8122-09f1e31b8d2a,"(4.8, 0.0, -1.1)",walked,Gary_5 Root,
S_A_L_T_WALK_IF_CAN,253199,12/6/2022 2:09:28 PM,2e8678fd-fdc4-40c2-8122-09f1e31b8d2a,"(2.6, 0.0, 8.1)",walkIfCan,Gloria_8 Root,
S_A_L_T_WALK_IF_CAN,253199,12/6/2022 2:09:28 PM,2e8678fd-fdc4-40c2-8122-09f1e31b8d2a,"(3.5, 0.0, 1.1)",walkIfCan,Mike_9 Root,
S_A_L_T_WALK_IF_CAN,253199,12/6/2022 2:09:28 PM,2e8678fd-fdc4-40c2-8122-09f1e31b8d2a,"(5.1, 0.0, -3.4)",walkIfCan,Bob_10 Root,
S_A_L_T_WALKED,253199,12/6/2022 2:09:28 PM,2e8678fd-fdc4-40c2-8122-09f1e31b8d2a,"(5.1, 0.0, -3.4)",walked,Bob_10 Root,
PATIENT_ENGAGED,255522,12/6/2022 2:09:30 PM,2e8678fd-fdc4-40c2-8122-09f1e31b8d2a,100,Infinity,Gloria_8 Root,"(2.6, 0.0, 8.1)","(0.0, 0.9, 0.0, -0.4)",MINIMAL,still,normal,normal,limited,calm,standing,
BAG_CLOSED,255737,12/6/2022 2:09:31 PM,2e8678fd-fdc4-40c2-8122-09f1e31b8d2a,"(1.0, 0.8, 7.5)",
TELEPORT,255737,12/6/2022 2:09:31 PM,2e8678fd-fdc4-40c2-8122-09f1e31b8d2a,"(0.3, 0.0, 6.1)",
TELEPORT,256422,12/6/2022 2:09:31 PM,2e8678fd-fdc4-40c2-8122-09f1e31b8d2a,"(0.3, 0.0, 6.3)",
VOICE_CAPTURE,256672,12/6/2022 2:09:31 PM,2e8678fd-fdc4-40c2-8122-09f1e31b8d2a,we'll give you a green,NA,
TAG_APPLIED,257341,12/6/2022 2:09:32 PM,2e8678fd-fdc4-40c2-8122-09f1e31b8d2a,Gloria_8 Root,green,
TELEPORT,258026,12/6/2022 2:09:33 PM,2e8678fd-fdc4-40c2-8122-09f1e31b8d2a,"(0.4, 0.0, 6.4)",
TELEPORT,262170,12/6/2022 2:09:37 PM,2e8678fd-fdc4-40c2-8122-09f1e31b8d2a,"(1.5, 0.0, 3.9)",
VOICE_CAPTURE,263858,12/6/2022 2:09:39 PM,2e8678fd-fdc4-40c2-8122-09f1e31b8d2a,alright let's go back over here that person,NA,
PATIENT_ENGAGED,269120,12/6/2022 2:09:44 PM,2e8678fd-fdc4-40c2-8122-09f1e31b8d2a,100,Infinity,Lily_7 Root,"(2.3, 0.0, 1.8)","(0.0, 1.0, 0.0, 0.0)",DEAD,still,none,none,none,dead,supine,
VOICE_CAPTURE,272660,12/6/2022 2:09:47 PM,2e8678fd-fdc4-40c2-8122-09f1e31b8d2a,put a black tag on you i don't know where it went to,NA,
VOICE_CAPTURE,278040,12/6/2022 2:09:53 PM,2e8678fd-fdc4-40c2-8122-09f1e31b8d2a,alright don't treat this person,NA,
BAG_ACCESS,279729,12/6/2022 2:09:55 PM,2e8678fd-fdc4-40c2-8122-09f1e31b8d2a,"(1.9, 0.8, -2.6)",
TOOL_HOVER,280146,12/6/2022 2:09:55 PM,2e8678fd-fdc4-40c2-8122-09f1e31b8d2a,Tourniquet,995,
TOOL_HOVER,280163,12/6/2022 2:09:55 PM,2e8678fd-fdc4-40c2-8122-09f1e31b8d2a,Tourniquet,995,
TOOL_HOVER,280180,12/6/2022 2:09:55 PM,2e8678fd-fdc4-40c2-8122-09f1e31b8d2a,Tourniquet,995,
TOOL_HOVER,280196,12/6/2022 2:09:55 PM,2e8678fd-fdc4-40c2-8122-09f1e31b8d2a,Tourniquet,995,
TOOL_SELECTED,280197,12/6/2022 2:09:55 PM,2e8678fd-fdc4-40c2-8122-09f1e31b8d2a,Tourniquet,994,
VOICE_CAPTURE,281583,12/6/2022 2:09:56 PM,2e8678fd-fdc4-40c2-8122-09f1e31b8d2a,no they're bleeding,NA,
TOOL_APPLIED,282202,12/6/2022 2:09:57 PM,2e8678fd-fdc4-40c2-8122-09f1e31b8d2a,Mike_4 Root,Tourniquet,RightForeArm (UnityEngine.GameObject),tor_ring (1) (UnityEngine.GameObject),tourniquet(Clone) (UnityEngine.GameObject),AppliedTourniquet,
PATIENT_ENGAGED,282202,12/6/2022 2:09:57 PM,2e8678fd-fdc4-40c2-8122-09f1e31b8d2a,100,Infinity,Mike_4 Root,"(1.4, 0.0, -3.4)","(0.0, 0.4, 0.0, 0.9)",MINIMAL,walker,normal,normal,normal,upset,sittingGround,
TAG_SELECTED,283690,12/6/2022 2:09:59 PM,2e8678fd-fdc4-40c2-8122-09f1e31b8d2a,yellow,
TAG_APPLIED,285411,12/6/2022 2:10:00 PM,2e8678fd-fdc4-40c2-8122-09f1e31b8d2a,Mike_4 Root,yellow,
BAG_CLOSED,286060,12/6/2022 2:10:01 PM,2e8678fd-fdc4-40c2-8122-09f1e31b8d2a,"(1.9, 0.8, -2.6)",
TELEPORT,286060,12/6/2022 2:10:01 PM,2e8678fd-fdc4-40c2-8122-09f1e31b8d2a,"(0.7, 0.0, -3.6)",
PATIENT_ENGAGED,289168,12/6/2022 2:10:04 PM,2e8678fd-fdc4-40c2-8122-09f1e31b8d2a,100,0,Gary_5 Root,"(4.8, 0.0, -1.1)","(0.0, -0.7, 0.0, 0.7)",MINIMAL,walker,normal,restricted,normal,upset,sittingChair,
VOICE_CAPTURE,289200,12/6/2022 2:10:04 PM,2e8678fd-fdc4-40c2-8122-09f1e31b8d2a,bump alright,NA,
VOICE_CAPTURE,291057,12/6/2022 2:10:06 PM,2e8678fd-fdc4-40c2-8122-09f1e31b8d2a,how are you doing bud,NA,
VOICE_COMMAND,291057,12/6/2022 2:10:06 PM,2e8678fd-fdc4-40c2-8122-09f1e31b8d2a,are you hurt,how are you doing bud,
BAG_ACCESS,293296,12/6/2022 2:10:08 PM,2e8678fd-fdc4-40c2-8122-09f1e31b8d2a,"(3.9, 0.8, -1.4)",
TOOL_HOVER,293748,12/6/2022 2:10:09 PM,2e8678fd-fdc4-40c2-8122-09f1e31b8d2a,Needle,998,
TOOL_HOVER,293763,12/6/2022 2:10:09 PM,2e8678fd-fdc4-40c2-8122-09f1e31b8d2a,Needle,998,
TOOL_HOVER,293779,12/6/2022 2:10:09 PM,2e8678fd-fdc4-40c2-8122-09f1e31b8d2a,Needle,998,
TOOL_HOVER,293796,12/6/2022 2:10:09 PM,2e8678fd-fdc4-40c2-8122-09f1e31b8d2a,Needle,998,
TOOL_HOVER,293812,12/6/2022 2:10:09 PM,2e8678fd-fdc4-40c2-8122-09f1e31b8d2a,Needle,998,
TOOL_HOVER,293829,12/6/2022 2:10:09 PM,2e8678fd-fdc4-40c2-8122-09f1e31b8d2a,Needle,998,
TOOL_SELECTED,293830,12/6/2022 2:10:09 PM,2e8678fd-fdc4-40c2-8122-09f1e31b8d2a,Needle,997,
TOOL_APPLIED,295561,12/6/2022 2:10:10 PM,2e8678fd-fdc4-40c2-8122-09f1e31b8d2a,Needle_Decomp(Clone),Needle,LChest_Breathe1 (UnityEngine.GameObject),cath_needle (UnityEngine.GameObject),left_chest,Needle_Decomp(Clone) (UnityEngine.GameObject),AppliedDecompNeedle,
VOICE_CAPTURE,295984,12/6/2022 2:10:11 PM,2e8678fd-fdc4-40c2-8122-09f1e31b8d2a,oh hey hey,NA,
TAG_SELECTED,297791,12/6/2022 2:10:13 PM,2e8678fd-fdc4-40c2-8122-09f1e31b8d2a,yellow,
TAG_APPLIED,299142,12/6/2022 2:10:14 PM,2e8678fd-fdc4-40c2-8122-09f1e31b8d2a,Gary_5 Root,yellow,
BAG_CLOSED,300212,12/6/2022 2:10:15 PM,2e8678fd-fdc4-40c2-8122-09f1e31b8d2a,"(3.9, 0.8, -1.4)",
TELEPORT,300212,12/6/2022 2:10:15 PM,2e8678fd-fdc4-40c2-8122-09f1e31b8d2a,"(2.7, 0.0, -2.5)",
PATIENT_ENGAGED,302369,12/6/2022 2:10:17 PM,2e8678fd-fdc4-40c2-8122-09f1e31b8d2a,100,Infinity,Bob_10 Root,"(5.1, 0.0, -3.4)","(0.0, 0.3, 0.0, -1.0)",MINIMAL,walker,normal,normal,normal,calm,standing,
BAG_ACCESS,302821,12/6/2022 2:10:18 PM,2e8678fd-fdc4-40c2-8122-09f1e31b8d2a,"(4.3, 0.8, -2.7)",
TAG_SELECTED,303709,12/6/2022 2:10:19 PM,2e8678fd-fdc4-40c2-8122-09f1e31b8d2a,green,
TAG_APPLIED,304890,12/6/2022 2:10:20 PM,2e8678fd-fdc4-40c2-8122-09f1e31b8d2a,Bob_10 Root,green,
VOICE_CAPTURE,310854,12/6/2022 2:10:26 PM,2e8678fd-fdc4-40c2-8122-09f1e31b8d2a,do i get it right,NA,
VOICE_CAPTURE,313119,12/6/2022 2:10:28 PM,2e8678fd-fdc4-40c2-8122-09f1e31b8d2a,are we good,NA,
BAG_CLOSED,313653,12/6/2022 2:10:28 PM,2e8678fd-fdc4-40c2-8122-09f1e31b8d2a,"(4.3, 0.8, -2.7)",
TELEPORT,313653,12/6/2022 2:10:28 PM,2e8678fd-fdc4-40c2-8122-09f1e31b8d2a,"(2.8, 0.0, -3.4)",
VOICE_CAPTURE,320307,12/6/2022 2:10:35 PM,2e8678fd-fdc4-40c2-8122-09f1e31b8d2a,think it looks good i think i i put a tag on this lady i don't know if i just can't see it or,NA,
TELEPORT,321227,12/6/2022 2:10:36 PM,2e8678fd-fdc4-40c2-8122-09f1e31b8d2a,"(0.9, 0.0, -1.9)",
VOICE_CAPTURE,322244,12/6/2022 2:10:37 PM,2e8678fd-fdc4-40c2-8122-09f1e31b8d2a,oh i see it now,NA,
VOICE_CAPTURE,325236,12/6/2022 2:10:40 PM,2e8678fd-fdc4-40c2-8122-09f1e31b8d2a,i'm at,NA,
SESSION_END,326078,12/6/2022 2:10:41 PM,2e8678fd-fdc4-40c2-8122-09f1e31b8d2a,
