PULSE_TAKEN,778,8/10/2023 9:42:01 AM,1066671d-2a1d-4744-b66f-e4b48548701f,pulse_normal,Mike Root,
PULSE_TAKEN,841,8/10/2023 9:42:01 AM,1066671d-2a1d-4744-b66f-e4b48548701f,pulse_normal,Mike Root,
PULSE_TAKEN,1219,8/10/2023 9:42:02 AM,1066671d-2a1d-4744-b66f-e4b48548701f,pulse_normal,Mike Root,
PATIENT_DEMOTED,8307,8/10/2023 9:42:09 AM,1066671d-2a1d-4744-b66f-e4b48548701f,100,Infinity,Lily_0 Root,"(-0.4, 0.0, 5.7)","(0.0, 0.7, 0.0, 0.7)",EXPECTANT,still,faint,restricted,none,unresponsive,supine,
PATIENT_DEMOTED,8500,8/10/2023 9:42:09 AM,1066671d-2a1d-4744-b66f-e4b48548701f,100,Infinity,Lily_0 Root,"(-0.3, 0.0, 5.7)","(0.0, 0.7, 0.0, 0.7)",DEAD,still,none,none,none,dead,supine,
PATIENT_DEMOTED,8610,8/10/2023 9:42:09 AM,1066671d-2a1d-4744-b66f-e4b48548701f,100,Infinity,Bob_1 Root,"(1.6, 0.0, 7.4)","(0.0, 1.0, 0.0, 0.0)",EXPECTANT,still,faint,restricted,none,unresponsive,supine,
PATIENT_DEMOTED,9457,8/10/2023 9:42:10 AM,1066671d-2a1d-4744-b66f-e4b48548701f,100,Infinity,Gary_2 Root,"(2.6, 0.0, 4.4)","(0.0, 1.0, 0.0, 0.0)",IMMEDIATE,waver,fast,fast,normal,agony,supine,
PATIENT_DEMOTED,10010,8/10/2023 9:42:11 AM,1066671d-2a1d-4744-b66f-e4b48548701f,100,128,Mike_3 Root,"(0.4, 0.0, 1.6)","(0.0, 0.0, 0.0, 1.0)",IMMEDIATE,still,faint,collapsedRight,normal,unresponsive,supine,
PATIENT_DEMOTED,10668,8/10/2023 9:42:11 AM,1066671d-2a1d-4744-b66f-e4b48548701f,100,Infinity,Mike_4 Root,"(1.2, 0.0, 6.3)","(0.0, 1.0, 0.0, 0.0)",IMMEDIATE,waver,fast,normal,normal,upset,fetal,
PATIENT_DEMOTED,11272,8/10/2023 9:42:12 AM,1066671d-2a1d-4744-b66f-e4b48548701f,100,Infinity,Lily_5 Root,"(2.4, 0.0, 2.3)","(0.0, 1.0, 0.0, 0.0)",IMMEDIATE,waver,fast,normal,normal,upset,fetal,
PATIENT_DEMOTED,11903,8/10/2023 9:42:13 AM,1066671d-2a1d-4744-b66f-e4b48548701f,100,Infinity,Helga_6 Root,"(-0.5, 0.0, 2.9)","(0.0, 0.4, 0.0, 0.9)",DELAYED,waver,fast,normal,normal,upset,fetal,
PULSE_TAKEN,12463,8/10/2023 9:42:13 AM,1066671d-2a1d-4744-b66f-e4b48548701f,pulse_faint,Mike_3 Root,
PATIENT_DEMOTED,12681,8/10/2023 9:42:13 AM,1066671d-2a1d-4744-b66f-e4b48548701f,100,Infinity,Bob_7 Root,"(1.7, 0.0, 3.8)","(0.0, 0.1, 0.0, 1.0)",IMMEDIATE,waver,fast,normal,normal,upset,sittingGround,
PATIENT_DEMOTED,13077,8/10/2023 9:42:14 AM,1066671d-2a1d-4744-b66f-e4b48548701f,100,Infinity,Bob_7 Root,"(1.0, 0.0, 4.0)","(0.0, 0.1, 0.0, 1.0)",DELAYED,waver,fast,normal,normal,upset,sittingGround,
PULSE_TAKEN,14978,8/10/2023 9:42:16 AM,1066671d-2a1d-4744-b66f-e4b48548701f,pulse_fast,Lily_5 Root,
PATIENT_DEMOTED,15187,8/10/2023 9:42:16 AM,1066671d-2a1d-4744-b66f-e4b48548701f,100,Infinity,Lily_11 Root,"(1.3, 0.0, 18.9)","(0.0, 0.0, 0.0, 1.0)",IMMEDIATE,walker,fast,normal,normal,upset,sittingGround,
PULSE_TAKEN,15796,8/10/2023 9:42:16 AM,1066671d-2a1d-4744-b66f-e4b48548701f,pulse_fast,Lily_5 Root,
PATIENT_DEMOTED,15814,8/10/2023 9:42:16 AM,1066671d-2a1d-4744-b66f-e4b48548701f,100,Infinity,Bob_12 Root,"(2.8, 0.0, 28.3)","(0.0, 1.0, 0.0, 0.0)",DELAYED,walker,normal,restricted,normal,upset,kneeling,
PATIENT_DEMOTED,16668,8/10/2023 9:42:17 AM,1066671d-2a1d-4744-b66f-e4b48548701f,100,Infinity,Mike_13 Root,"(-0.6, 0.0, 10.1)","(0.0, 1.0, 0.0, 0.0)",DELAYED,waver,normal,normal,normal,upset,recovery,
PULSE_TAKEN,17104,8/10/2023 9:42:18 AM,1066671d-2a1d-4744-b66f-e4b48548701f,pulse_faint,Mike_3 Root,
PATIENT_DEMOTED,17237,8/10/2023 9:42:18 AM,1066671d-2a1d-4744-b66f-e4b48548701f,100,Infinity,Helga_14 Root,"(-0.4, 0.0, 24.7)","(0.0, 0.7, 0.0, 0.7)",IMMEDIATE,waver,fast,fast,normal,agony,supine,
PATIENT_DEMOTED,17821,8/10/2023 9:42:18 AM,1066671d-2a1d-4744-b66f-e4b48548701f,100,Infinity,Lily_15 Root,"(-0.2, 0.0, 30.3)","(0.0, 1.0, 0.0, 0.0)",IMMEDIATE,waver,fast,fast,normal,agony,fetal,
PATIENT_DEMOTED,19156,8/10/2023 9:42:20 AM,1066671d-2a1d-4744-b66f-e4b48548701f,100,Infinity,Helga_17 Root,"(3.7, 0.0, 24.3)","(0.0, 1.0, 0.0, 0.0)",EXPECTANT,still,faint,restricted,none,unresponsive,supine,
SESSION_START,21298,8/10/2023 9:42:22 AM,1066671d-2a1d-4744-b66f-e4b48548701f,
PATIENT_RECORD,21299,8/10/2023 9:42:22 AM,1066671d-2a1d-4744-b66f-e4b48548701f,100,Infinity,Lily_0 Root,"(-0.3, 0.0, 5.7)","(0.0, 0.7, 0.0, 0.7)",DEAD,still,none,none,none,dead,supine,
INJURY_RECORD,21299,8/10/2023 9:42:22 AM,1066671d-2a1d-4744-b66f-e4b48548701f,Face Shrapnel,Lily_0 Root,airway,high,head,False,False,"(-0.3, 1.6, 5.7)",
INJURY_RECORD,21299,8/10/2023 9:42:22 AM,1066671d-2a1d-4744-b66f-e4b48548701f,L Wrist Amputation,Lily_0 Root,tourniquet,high,leftArm,False,False,"(-0.2, 1.3, 6.3)",
INJURY_RECORD,21299,8/10/2023 9:42:22 AM,1066671d-2a1d-4744-b66f-e4b48548701f,L Chest Collapse,Lily_0 Root,decompress,high,chest,False,False,"(0.0, 0.0, 0.0)",
INJURY_RECORD,21299,8/10/2023 9:42:22 AM,1066671d-2a1d-4744-b66f-e4b48548701f,L Stomach Puncture,Lily_0 Root,woundpack,high,abdomen,False,False,"(-0.3, 1.0, 5.7)",
INJURY_RECORD,21299,8/10/2023 9:42:22 AM,1066671d-2a1d-4744-b66f-e4b48548701f,R Shin Amputation,Lily_0 Root,tourniquet,high,rightLeg,False,False,"(-0.3, 0.4, 5.6)",
INJURY_RECORD,21299,8/10/2023 9:42:22 AM,1066671d-2a1d-4744-b66f-e4b48548701f,L Thigh Laceration,Lily_0 Root,tourniquet,medium,leftLeg,False,False,"(-0.3, 0.6, 5.8)",
PATIENT_RECORD,21299,8/10/2023 9:42:22 AM,1066671d-2a1d-4744-b66f-e4b48548701f,100,Infinity,Bob_1 Root,"(1.6, 0.0, 7.6)","(0.0, 1.0, 0.0, 0.0)",EXPECTANT,still,none,restricted,none,unresponsive,supine,
INJURY_RECORD,21299,8/10/2023 9:42:22 AM,1066671d-2a1d-4744-b66f-e4b48548701f,Face Shrapnel,Bob_1 Root,airway,high,head,False,False,"(1.5, 1.7, 7.7)",
PATIENT_RECORD,21299,8/10/2023 9:42:22 AM,1066671d-2a1d-4744-b66f-e4b48548701f,100,Infinity,Gary_2 Root,"(2.7, 0.0, 4.6)","(0.0, 1.0, 0.0, 0.0)",IMMEDIATE,waver,fast,fast,normal,agony,supine,
INJURY_RECORD,21299,8/10/2023 9:42:22 AM,1066671d-2a1d-4744-b66f-e4b48548701f,R Shin Amputation,Gary_2 Root,tourniquet,high,rightLeg,False,False,"(2.6, 0.4, 4.6)",
PATIENT_RECORD,21299,8/10/2023 9:42:22 AM,1066671d-2a1d-4744-b66f-e4b48548701f,100,128,Mike_3 Root,"(0.4, 0.0, 1.4)","(0.0, 0.0, 0.0, 1.0)",IMMEDIATE,still,faint,collapsedRight,normal,unresponsive,supine,
INJURY_RECORD,21299,8/10/2023 9:42:22 AM,1066671d-2a1d-4744-b66f-e4b48548701f,R Chest Collapse,Mike_3 Root,decompress,high,chest,False,False,"(0.0, 0.0, 0.0)",
PATIENT_RECORD,21299,8/10/2023 9:42:22 AM,1066671d-2a1d-4744-b66f-e4b48548701f,100,Infinity,Mike_4 Root,"(1.2, 0.0, 6.3)","(0.0, 1.0, 0.0, 0.0)",IMMEDIATE,waver,fast,normal,normal,upset,fetal,
INJURY_RECORD,21299,8/10/2023 9:42:22 AM,1066671d-2a1d-4744-b66f-e4b48548701f,L Side Puncture,Mike_4 Root,woundpack,medium,abdomen,False,False,"(1.3, 1.1, 6.2)",
PATIENT_RECORD,21299,8/10/2023 9:42:22 AM,1066671d-2a1d-4744-b66f-e4b48548701f,100,Infinity,Lily_5 Root,"(2.7, 0.0, 2.3)","(0.0, 1.0, 0.0, 0.0)",IMMEDIATE,waver,fast,normal,normal,upset,fetal,
INJURY_RECORD,21299,8/10/2023 9:42:22 AM,1066671d-2a1d-4744-b66f-e4b48548701f,R Side Puncture,Lily_5 Root,woundpack,medium,abdomen,False,False,"(2.6, 1.0, 2.2)",
INJURY_RECORD,21299,8/10/2023 9:42:22 AM,1066671d-2a1d-4744-b66f-e4b48548701f,R Thigh Laceration,Lily_5 Root,tourniquet,medium,rightLeg,False,False,"(2.6, 0.6, 2.2)",
PATIENT_RECORD,21299,8/10/2023 9:42:22 AM,1066671d-2a1d-4744-b66f-e4b48548701f,100,Infinity,Helga_6 Root,"(-0.8, 0.0, 3.1)","(0.0, 0.4, 0.0, 0.9)",DELAYED,waver,fast,normal,normal,upset,fetal,
INJURY_RECORD,21299,8/10/2023 9:42:22 AM,1066671d-2a1d-4744-b66f-e4b48548701f,R Calf Shrapnel,Helga_6 Root,gauzePressure,medium,rightLeg,False,False,"(-0.7, 0.3, 3.0)",
PATIENT_RECORD,21299,8/10/2023 9:42:22 AM,1066671d-2a1d-4744-b66f-e4b48548701f,100,Infinity,Bob_7 Root,"(1.0, 0.0, 4.0)","(0.0, 0.1, 0.0, 1.0)",DELAYED,waver,fast,normal,normal,upset,sittingGround,
INJURY_RECORD,21299,8/10/2023 9:42:22 AM,1066671d-2a1d-4744-b66f-e4b48548701f,L Thigh Puncture,Bob_7 Root,tourniquet,medium,leftLeg,False,False,"(1.0, 0.6, 4.1)",
INJURY_RECORD,21299,8/10/2023 9:42:22 AM,1066671d-2a1d-4744-b66f-e4b48548701f,R Calf Laceration,Bob_7 Root,gauzePressure,low,rightLeg,False,False,"(1.1, 0.3, 3.9)",
PATIENT_RECORD,21299,8/10/2023 9:42:22 AM,1066671d-2a1d-4744-b66f-e4b48548701f,100,Infinity,Mike_8 Root,"(3.6, 0.0, 6.1)","(0.0, 1.0, 0.0, 0.0)",MINIMAL,walker,normal,normal,normal,upset,sittingGround,
INJURY_RECORD,21299,8/10/2023 9:42:22 AM,1066671d-2a1d-4744-b66f-e4b48548701f,L Forearm Laceration,Mike_8 Root,gauzePressure,low,leftArm,False,False,"(4.1, 1.4, 6.1)",
PATIENT_RECORD,21299,8/10/2023 9:42:22 AM,1066671d-2a1d-4744-b66f-e4b48548701f,100,Infinity,Helga_9 Root,"(3.9, 0.0, 12.0)","(0.0, 1.0, 0.0, 0.0)",MINIMAL,walker,normal,normal,limited,calm,standing,
INJURY_RECORD,21299,8/10/2023 9:42:22 AM,1066671d-2a1d-4744-b66f-e4b48548701f,Ear Bleed,Helga_9 Root,none,low,head,False,False,"(0.0, 0.0, 0.0)",
PATIENT_RECORD,21299,8/10/2023 9:42:22 AM,1066671d-2a1d-4744-b66f-e4b48548701f,100,Infinity,Bob_10 Root,"(4.0, 0.0, 8.0)","(0.0, 1.0, 0.0, 0.0)",MINIMAL,walker,normal,normal,normal,calm,sittingGround,
INJURY_RECORD,21300,8/10/2023 9:42:22 AM,1066671d-2a1d-4744-b66f-e4b48548701f,Forehead Scrape,Bob_10 Root,none,low,head,False,False,"(0.0, 0.0, 0.0)",
PATIENT_RECORD,21300,8/10/2023 9:42:22 AM,1066671d-2a1d-4744-b66f-e4b48548701f,100,Infinity,Lily_11 Root,"(1.3, 0.0, 18.9)","(0.0, 0.0, 0.0, 1.0)",IMMEDIATE,walker,fast,normal,normal,upset,sittingGround,
INJURY_RECORD,21300,8/10/2023 9:42:22 AM,1066671d-2a1d-4744-b66f-e4b48548701f,L Forearm Laceration,Lily_11 Root,gauzePressure,low,leftArm,False,False,"(0.8, 1.3, 19.0)",
INJURY_RECORD,21300,8/10/2023 9:42:22 AM,1066671d-2a1d-4744-b66f-e4b48548701f,L Bicep Puncture,Lily_11 Root,tourniquet,medium,leftArm,False,False,"(1.0, 1.3, 19.0)",
PATIENT_RECORD,21300,8/10/2023 9:42:22 AM,1066671d-2a1d-4744-b66f-e4b48548701f,100,Infinity,Bob_12 Root,"(2.8, 0.0, 28.3)","(0.0, 1.0, 0.0, 0.0)",DELAYED,walker,normal,restricted,normal,upset,kneeling,
INJURY_RECORD,21300,8/10/2023 9:42:22 AM,1066671d-2a1d-4744-b66f-e4b48548701f,Asthmatic,Bob_12 Root,none,medium,chest,False,False,"(0.0, 0.0, 0.0)",
PATIENT_RECORD,21300,8/10/2023 9:42:22 AM,1066671d-2a1d-4744-b66f-e4b48548701f,100,Infinity,Mike_13 Root,"(-0.4, 0.0, 10.4)","(0.0, 1.0, 0.0, 0.0)",DELAYED,still,normal,normal,normal,upset,recovery,
INJURY_RECORD,21300,8/10/2023 9:42:22 AM,1066671d-2a1d-4744-b66f-e4b48548701f,R Shoulder Puncture,Mike_13 Root,woundpack,medium,rightArm,False,False,"(-0.6, 1.5, 10.4)",
INJURY_RECORD,21300,8/10/2023 9:42:22 AM,1066671d-2a1d-4744-b66f-e4b48548701f,R Thigh Laceration,Mike_13 Root,tourniquet,medium,rightLeg,False,False,"(-0.6, 0.6, 10.4)",
PATIENT_RECORD,21300,8/10/2023 9:42:22 AM,1066671d-2a1d-4744-b66f-e4b48548701f,100,Infinity,Helga_14 Root,"(-0.6, 0.0, 24.7)","(0.0, 0.7, 0.0, 0.7)",IMMEDIATE,waver,fast,fast,normal,agony,supine,
INJURY_RECORD,21300,8/10/2023 9:42:22 AM,1066671d-2a1d-4744-b66f-e4b48548701f,L Shoulder Puncture,Helga_14 Root,woundpack,medium,chest,False,False,"(-0.6, 1.3, 24.9)",
INJURY_RECORD,21300,8/10/2023 9:42:22 AM,1066671d-2a1d-4744-b66f-e4b48548701f,L Shin Amputation,Helga_14 Root,tourniquet,high,leftLeg,False,False,"(-0.6, 0.3, 24.8)",
PATIENT_RECORD,21300,8/10/2023 9:42:22 AM,1066671d-2a1d-4744-b66f-e4b48548701f,100,Infinity,Lily_15 Root,"(-0.2, 0.0, 30.3)","(0.0, 1.0, 0.0, 0.0)",IMMEDIATE,waver,fast,fast,normal,agony,fetal,
INJURY_RECORD,21300,8/10/2023 9:42:22 AM,1066671d-2a1d-4744-b66f-e4b48548701f,L Stomach Puncture,Lily_15 Root,woundpack,high,abdomen,False,False,"(-0.1, 1.0, 30.2)",
INJURY_RECORD,21300,8/10/2023 9:42:22 AM,1066671d-2a1d-4744-b66f-e4b48548701f,L Calf Shrapnel,Lily_15 Root,gauzePressure,medium,leftLeg,False,False,"(-0.1, 0.3, 30.3)",
PATIENT_RECORD,21300,8/10/2023 9:42:22 AM,1066671d-2a1d-4744-b66f-e4b48548701f,100,Infinity,Gary_16 Root,"(1.9, 0.0, 12.0)","(0.0, 1.0, 0.0, 0.0)",MINIMAL,walker,normal,normal,normal,calm,sittingGround,
INJURY_RECORD,21300,8/10/2023 9:42:22 AM,1066671d-2a1d-4744-b66f-e4b48548701f,Forehead Scrape,Gary_16 Root,none,low,head,False,False,"(2.0, 1.6, 11.9)",
PATIENT_RECORD,21300,8/10/2023 9:42:22 AM,1066671d-2a1d-4744-b66f-e4b48548701f,100,Infinity,Helga_17 Root,"(3.6, 0.0, 24.5)","(0.0, 1.0, 0.0, 0.0)",EXPECTANT,still,faint,restricted,none,unresponsive,supine,
INJURY_RECORD,21300,8/10/2023 9:42:22 AM,1066671d-2a1d-4744-b66f-e4b48548701f,Face Shrapnel,Helga_17 Root,airway,high,head,False,False,"(3.6, 1.6, 24.7)",
INJURY_RECORD,21300,8/10/2023 9:42:22 AM,1066671d-2a1d-4744-b66f-e4b48548701f,L Wrist Amputation,Helga_17 Root,tourniquet,high,leftArm,False,False,"(4.3, 1.3, 24.6)",
SESSION_END,41282,8/10/2023 9:42:42 AM,1066671d-2a1d-4744-b66f-e4b48548701f,
