TELEPORT,1571,8/8/2023 11:46:24 AM,1563e213-aaa4-4b79-84a1-8f917ea9f7a9,"(1.9, 0.0, 1.2)",
PATIENT_ENGAGED,3473,8/8/2023 11:46:26 AM,1563e213-aaa4-4b79-84a1-8f917ea9f7a9,100,128,Mike Root,"(3.1, 0.0, -1.0)","(0.0, 0.6, 0.0, -0.8)",MINIMAL,walker,normal,normal,normal,calm,standing,
TELEPORT,3656,8/8/2023 11:46:26 AM,1563e213-aaa4-4b79-84a1-8f917ea9f7a9,"(2.3, 0.0, -0.4)",
PULSE_TAKEN,5263,8/8/2023 11:46:28 AM,1563e213-aaa4-4b79-84a1-8f917ea9f7a9,pulse_normal,Mike Root,
VOICE_CAPTURE,6898,8/8/2023 11:46:30 AM,1563e213-aaa4-4b79-84a1-8f917ea9f7a9,What happened,NA,
BAG_ACCESS,6899,8/8/2023 11:46:30 AM,1563e213-aaa4-4b79-84a1-8f917ea9f7a9,"(2.9, 0.8, -0.6)",
TOOL_HOVER,7350,8/8/2023 11:46:30 AM,1563e213-aaa4-4b79-84a1-8f917ea9f7a9,Tourniquet,999,
TOOL_HOVER,7366,8/8/2023 11:46:30 AM,1563e213-aaa4-4b79-84a1-8f917ea9f7a9,Tourniquet,999,
TOOL_HOVER,7382,8/8/2023 11:46:30 AM,1563e213-aaa4-4b79-84a1-8f917ea9f7a9,Tourniquet,999,
TOOL_HOVER,7399,8/8/2023 11:46:30 AM,1563e213-aaa4-4b79-84a1-8f917ea9f7a9,Tourniquet,999,
TOOL_HOVER,7415,8/8/2023 11:46:30 AM,1563e213-aaa4-4b79-84a1-8f917ea9f7a9,Tourniquet,999,
TOOL_HOVER,7434,8/8/2023 11:46:30 AM,1563e213-aaa4-4b79-84a1-8f917ea9f7a9,Tourniquet,999,
TOOL_SELECTED,7438,8/8/2023 11:46:30 AM,1563e213-aaa4-4b79-84a1-8f917ea9f7a9,Tourniquet,998,
TOOL_APPLIED,8170,8/8/2023 11:46:31 AM,1563e213-aaa4-4b79-84a1-8f917ea9f7a9,Mike Root,Tourniquet,LeftForeArm (UnityEngine.GameObject),tor_ring (1) (UnityEngine.GameObject),tourniquet(Clone) (UnityEngine.GameObject),AppliedTourniquet,
TOOL_HOVER,8939,8/8/2023 11:46:32 AM,1563e213-aaa4-4b79-84a1-8f917ea9f7a9,Gauze,999,
TOOL_SELECTED,8940,8/8/2023 11:46:32 AM,1563e213-aaa4-4b79-84a1-8f917ea9f7a9,Gauze,998,
TOOL_DISCARDED,9896,8/8/2023 11:46:33 AM,1563e213-aaa4-4b79-84a1-8f917ea9f7a9,Gauze,998,"(3.1, 1.2, -1.0)",
TOOL_APPLIED,9897,8/8/2023 11:46:33 AM,1563e213-aaa4-4b79-84a1-8f917ea9f7a9,Mike Root,Gauze_Dressing,skinCollider_BodyCollideLOD (UnityEngine.GameObject),null,null,AppliedDressingGauze,
PULSE_TAKEN,10128,8/8/2023 11:46:33 AM,1563e213-aaa4-4b79-84a1-8f917ea9f7a9,pulse_normal,Mike Root,
TOOL_HOVER,11046,8/8/2023 11:46:34 AM,1563e213-aaa4-4b79-84a1-8f917ea9f7a9,Needle,999,
TOOL_SELECTED,11047,8/8/2023 11:46:34 AM,1563e213-aaa4-4b79-84a1-8f917ea9f7a9,Needle,998,
TOOL_APPLIED,11914,8/8/2023 11:46:35 AM,1563e213-aaa4-4b79-84a1-8f917ea9f7a9,Needle_Decomp(Clone),Needle,LChest_Breathe1 (UnityEngine.GameObject),cath_needle (UnityEngine.GameObject),left_chest,Needle_Decomp(Clone) (UnityEngine.GameObject),AppliedDecompNeedle,
TOOL_HOVER,13448,8/8/2023 11:46:36 AM,1563e213-aaa4-4b79-84a1-8f917ea9f7a9,Hemostatic Gauze,999,
TOOL_HOVER,13463,8/8/2023 11:46:36 AM,1563e213-aaa4-4b79-84a1-8f917ea9f7a9,Hemostatic Gauze,999,
TOOL_HOVER,13481,8/8/2023 11:46:36 AM,1563e213-aaa4-4b79-84a1-8f917ea9f7a9,Hemostatic Gauze,999,
TOOL_HOVER,13497,8/8/2023 11:46:36 AM,1563e213-aaa4-4b79-84a1-8f917ea9f7a9,Hemostatic Gauze,999,
TOOL_SELECTED,13497,8/8/2023 11:46:36 AM,1563e213-aaa4-4b79-84a1-8f917ea9f7a9,Hemostatic Gauze,998,
TOOL_DISCARDED,14533,8/8/2023 11:46:37 AM,1563e213-aaa4-4b79-84a1-8f917ea9f7a9,Hemostatic Gauze,998,"(3.1, 1.0, -0.9)",
TOOL_APPLIED,14533,8/8/2023 11:46:37 AM,1563e213-aaa4-4b79-84a1-8f917ea9f7a9,Mike Root,Gauze_Pack,skinCollider_BodyCollideLOD (UnityEngine.GameObject),null,null,AppliedPackingGauze,
TAG_SELECTED,15620,8/8/2023 11:46:38 AM,1563e213-aaa4-4b79-84a1-8f917ea9f7a9,red,
TAG_APPLIED,16155,8/8/2023 11:46:39 AM,1563e213-aaa4-4b79-84a1-8f917ea9f7a9,Mike Root,red,
VOICE_CAPTURE,16324,8/8/2023 11:46:39 AM,1563e213-aaa4-4b79-84a1-8f917ea9f7a9,modbutton groan,NA,
VOICE_COMMAND,16324,8/8/2023 11:46:39 AM,1563e213-aaa4-4b79-84a1-8f917ea9f7a9,modbutton groan,modbutton groan,
PULSE_TAKEN,17206,8/8/2023 11:46:40 AM,1563e213-aaa4-4b79-84a1-8f917ea9f7a9,pulse_normal,Mike Root,
PULSE_TAKEN,17440,8/8/2023 11:46:40 AM,1563e213-aaa4-4b79-84a1-8f917ea9f7a9,pulse_normal,Mike Root,
PULSE_TAKEN,17507,8/8/2023 11:46:40 AM,1563e213-aaa4-4b79-84a1-8f917ea9f7a9,pulse_normal,Mike Root,
PULSE_TAKEN,17673,8/8/2023 11:46:41 AM,1563e213-aaa4-4b79-84a1-8f917ea9f7a9,pulse_normal,Mike Root,
VOICE_CAPTURE,18345,8/8/2023 11:46:41 AM,1563e213-aaa4-4b79-84a1-8f917ea9f7a9,modbutton groan,NA,
VOICE_COMMAND,18345,8/8/2023 11:46:41 AM,1563e213-aaa4-4b79-84a1-8f917ea9f7a9,modbutton groan,modbutton groan,
BAG_CLOSED,18595,8/8/2023 11:46:41 AM,1563e213-aaa4-4b79-84a1-8f917ea9f7a9,"(2.9, 0.8, -0.6)",
TELEPORT,18596,8/8/2023 11:46:41 AM,1563e213-aaa4-4b79-84a1-8f917ea9f7a9,"(2.7, 0.0, -0.6)",
TELEPORT,18745,8/8/2023 11:46:42 AM,1563e213-aaa4-4b79-84a1-8f917ea9f7a9,"(2.8, 0.0, -0.6)",
PULSE_TAKEN,18962,8/8/2023 11:46:42 AM,1563e213-aaa4-4b79-84a1-8f917ea9f7a9,pulse_normal,Mike Root,
TELEPORT,19512,8/8/2023 11:46:42 AM,1563e213-aaa4-4b79-84a1-8f917ea9f7a9,"(2.9, 0.0, -0.6)",
PULSE_TAKEN,19612,8/8/2023 11:46:42 AM,1563e213-aaa4-4b79-84a1-8f917ea9f7a9,pulse_normal,Mike Root,
VOICE_CAPTURE,20832,8/8/2023 11:46:44 AM,1563e213-aaa4-4b79-84a1-8f917ea9f7a9,sit,NA,
VOICE_COMMAND,20832,8/8/2023 11:46:44 AM,1563e213-aaa4-4b79-84a1-8f917ea9f7a9,sit up/down,sit,
TELEPORT,21099,8/8/2023 11:46:44 AM,1563e213-aaa4-4b79-84a1-8f917ea9f7a9,"(3.0, 0.0, -1.2)",
VOICE_CAPTURE,26161,8/8/2023 11:46:49 AM,1563e213-aaa4-4b79-84a1-8f917ea9f7a9,walk,NA,
VOICE_COMMAND,26161,8/8/2023 11:46:49 AM,1563e213-aaa4-4b79-84a1-8f917ea9f7a9,walk to the safe area,walk,
S_A_L_T_WALK_IF_CAN,26161,8/8/2023 11:46:49 AM,1563e213-aaa4-4b79-84a1-8f917ea9f7a9,"(3.2, 0.0, -1.0)",walkIfCan,Mike Root,
S_A_L_T_WALKED,26162,8/8/2023 11:46:49 AM,1563e213-aaa4-4b79-84a1-8f917ea9f7a9,"(3.2, 0.0, -1.0)",walked,Mike Root,
TELEPORT,30455,8/8/2023 11:46:53 AM,1563e213-aaa4-4b79-84a1-8f917ea9f7a9,"(3.2, 0.0, -1.2)",
VOICE_CAPTURE,31892,8/8/2023 11:46:55 AM,1563e213-aaa4-4b79-84a1-8f917ea9f7a9,lay down,NA,
VOICE_COMMAND,31892,8/8/2023 11:46:55 AM,1563e213-aaa4-4b79-84a1-8f917ea9f7a9,lay down,lay down,
VOICE_CAPTURE,32853,8/8/2023 11:46:56 AM,1563e213-aaa4-4b79-84a1-8f917ea9f7a9,Oh yeah walk can you walk over there for me are you able to walk there we go alright yeah let's just go into the scenario,NA,
VOICE_COMMAND,32853,8/8/2023 11:46:56 AM,1563e213-aaa4-4b79-84a1-8f917ea9f7a9,walk to the safe area,Oh yeah walk can you walk over there for me are you able to walk there we go alright yeah let's just go into the scenario,
VOICE_CAPTURE,37138,8/8/2023 11:47:00 AM,1563e213-aaa4-4b79-84a1-8f917ea9f7a9,wave,NA,
VOICE_COMMAND,37138,8/8/2023 11:47:00 AM,1563e213-aaa4-4b79-84a1-8f917ea9f7a9,wave if you can,wave,
S_A_L_T_WAVE_IF_CAN,37139,8/8/2023 11:47:00 AM,1563e213-aaa4-4b79-84a1-8f917ea9f7a9,"(1.8, 0.0, -3.0)",waveIfCan,Mike Root,
S_A_L_T_WAVED,37139,8/8/2023 11:47:00 AM,1563e213-aaa4-4b79-84a1-8f917ea9f7a9,"(1.8, 0.0, -3.0)",waved,Mike Root,
S_A_L_T_WALK_IF_CAN,37154,8/8/2023 11:47:00 AM,1563e213-aaa4-4b79-84a1-8f917ea9f7a9,"(1.8, 0.0, -3.0)",walkIfCan,Mike Root,
S_A_L_T_WALKED,37154,8/8/2023 11:47:00 AM,1563e213-aaa4-4b79-84a1-8f917ea9f7a9,"(1.8, 0.0, -3.0)",walked,Mike Root,
VOICE_CAPTURE,39510,8/8/2023 11:47:02 AM,1563e213-aaa4-4b79-84a1-8f917ea9f7a9,wave,NA,
VOICE_COMMAND,39510,8/8/2023 11:47:02 AM,1563e213-aaa4-4b79-84a1-8f917ea9f7a9,wave if you can,wave,
VOICE_CAPTURE,39610,8/8/2023 11:47:02 AM,1563e213-aaa4-4b79-84a1-8f917ea9f7a9,what's that yeah can you wave can you wave at me that one,NA,
VOICE_COMMAND,39610,8/8/2023 11:47:02 AM,1563e213-aaa4-4b79-84a1-8f917ea9f7a9,wave if you can,what's that yeah can you wave can you wave at me that one,
VOICE_CAPTURE,41807,8/8/2023 11:47:05 AM,1563e213-aaa4-4b79-84a1-8f917ea9f7a9,can you wave,NA,
VOICE_COMMAND,41807,8/8/2023 11:47:05 AM,1563e213-aaa4-4b79-84a1-8f917ea9f7a9,wave if you can,can you wave,
VOICE_CAPTURE,45801,8/8/2023 11:47:09 AM,1563e213-aaa4-4b79-84a1-8f917ea9f7a9,wave,NA,
VOICE_COMMAND,45801,8/8/2023 11:47:09 AM,1563e213-aaa4-4b79-84a1-8f917ea9f7a9,wave if you can,wave,
S_A_L_T_WAVE_IF_CAN,45802,8/8/2023 11:47:09 AM,1563e213-aaa4-4b79-84a1-8f917ea9f7a9,"(1.6, 0.0, -3.1)",waveIfCan,Mike Root,
S_A_L_T_WAVED,45802,8/8/2023 11:47:09 AM,1563e213-aaa4-4b79-84a1-8f917ea9f7a9,"(1.6, 0.0, -3.1)",waved,Mike Root,
VOICE_CAPTURE,46152,8/8/2023 11:47:09 AM,1563e213-aaa4-4b79-84a1-8f917ea9f7a9,right,NA,
VOICE_CAPTURE,49893,8/8/2023 11:47:13 AM,1563e213-aaa4-4b79-84a1-8f917ea9f7a9,Oh yeah,NA,
PULSE_TAKEN,61272,8/8/2023 11:47:24 AM,1563e213-aaa4-4b79-84a1-8f917ea9f7a9,pulse_normal,Mike Root,
VOICE_CAPTURE,62658,8/8/2023 11:47:25 AM,1563e213-aaa4-4b79-84a1-8f917ea9f7a9,yeah I see the shadows on the like on that depending on the lighting that's kinda cool that the lighting's given that,NA,
PATIENT_DEMOTED,65173,8/8/2023 11:47:28 AM,1563e213-aaa4-4b79-84a1-8f917ea9f7a9,100,Infinity,Bob_0 Root,"(-1.4, 0.0, 5.6)","(0.0, 0.7, 0.0, 0.7)",EXPECTANT,still,faint,restricted,none,unresponsive,supine,
PATIENT_DEMOTED,65378,8/8/2023 11:47:28 AM,1563e213-aaa4-4b79-84a1-8f917ea9f7a9,100,Infinity,Bob_0 Root,"(-1.5, 0.0, 5.6)","(0.0, 0.7, 0.0, 0.7)",DEAD,still,none,none,none,dead,supine,
PATIENT_DEMOTED,65511,8/8/2023 11:47:28 AM,1563e213-aaa4-4b79-84a1-8f917ea9f7a9,100,Infinity,Gary_1 Root,"(1.7, 0.0, 7.4)","(0.0, 1.0, 0.0, 0.0)",EXPECTANT,still,faint,restricted,none,unresponsive,supine,
PATIENT_DEMOTED,66238,8/8/2023 11:47:29 AM,1563e213-aaa4-4b79-84a1-8f917ea9f7a9,100,Infinity,Lily_2 Root,"(2.8, 0.0, 4.3)","(0.0, 1.0, 0.0, 0.0)",IMMEDIATE,waver,fast,fast,normal,agony,fetal,
PATIENT_DEMOTED,66915,8/8/2023 11:47:30 AM,1563e213-aaa4-4b79-84a1-8f917ea9f7a9,100,0,Gary_3 Root,"(0.3, 0.0, 1.6)","(0.0, 0.0, 0.0, 1.0)",IMMEDIATE,still,faint,collapsedRight,normal,unresponsive,supine,
PATIENT_DEMOTED,67497,8/8/2023 11:47:30 AM,1563e213-aaa4-4b79-84a1-8f917ea9f7a9,100,Infinity,Lily_4 Root,"(1.2, 0.0, 6.3)","(0.0, 1.0, 0.0, 0.0)",IMMEDIATE,waver,fast,normal,normal,upset,fetal,
PATIENT_DEMOTED,68325,8/8/2023 11:47:31 AM,1563e213-aaa4-4b79-84a1-8f917ea9f7a9,100,Infinity,Mike_5 Root,"(2.4, 0.0, 2.3)","(0.0, 1.0, 0.0, 0.0)",IMMEDIATE,waver,fast,normal,normal,upset,fetal,
PATIENT_DEMOTED,68877,8/8/2023 11:47:32 AM,1563e213-aaa4-4b79-84a1-8f917ea9f7a9,100,Infinity,Gloria_6 Root,"(-1.0, 0.0, 2.9)","(0.0, 0.4, 0.0, 0.9)",DELAYED,waver,fast,normal,normal,upset,fetal,
PATIENT_DEMOTED,69585,8/8/2023 11:47:32 AM,1563e213-aaa4-4b79-84a1-8f917ea9f7a9,100,Infinity,Mike_7 Root,"(1.7, 0.0, 3.9)","(0.0, 0.1, 0.0, 1.0)",IMMEDIATE,waver,fast,normal,normal,upset,sittingGround,
PATIENT_DEMOTED,69959,8/8/2023 11:47:33 AM,1563e213-aaa4-4b79-84a1-8f917ea9f7a9,100,Infinity,Mike_7 Root,"(1.0, 0.0, 3.7)","(0.0, 0.1, 0.0, 1.0)",DELAYED,waver,fast,normal,normal,upset,sittingGround,
VOICE_CAPTURE,70491,8/8/2023 11:47:33 AM,1563e213-aaa4-4b79-84a1-8f917ea9f7a9,the state,NA,
VOICE_CAPTURE,72457,8/8/2023 11:47:35 AM,1563e213-aaa4-4b79-84a1-8f917ea9f7a9,alright,NA,
SESSION_START,79850,8/8/2023 11:47:43 AM,1563e213-aaa4-4b79-84a1-8f917ea9f7a9,
PATIENT_RECORD,79851,8/8/2023 11:47:43 AM,1563e213-aaa4-4b79-84a1-8f917ea9f7a9,100,Infinity,Bob_0 Root,"(-1.7, 0.0, 5.7)","(0.0, 0.7, 0.0, 0.7)",DEAD,still,none,none,none,dead,supine,
INJURY_RECORD,79851,8/8/2023 11:47:43 AM,1563e213-aaa4-4b79-84a1-8f917ea9f7a9,Face Shrapnel,Bob_0 Root,airway,high,head,False,False,"(-1.8, 1.7, 5.6)",
INJURY_RECORD,79851,8/8/2023 11:47:43 AM,1563e213-aaa4-4b79-84a1-8f917ea9f7a9,L Wrist Amputation,Bob_0 Root,tourniquet,high,leftArm,False,False,"(-1.8, 1.4, 6.3)",
INJURY_RECORD,79851,8/8/2023 11:47:43 AM,1563e213-aaa4-4b79-84a1-8f917ea9f7a9,L Chest Collapse,Bob_0 Root,decompress,high,chest,False,False,"(0.0, 0.0, 0.0)",
INJURY_RECORD,79851,8/8/2023 11:47:43 AM,1563e213-aaa4-4b79-84a1-8f917ea9f7a9,L Stomach Puncture,Bob_0 Root,woundpack,high,abdomen,False,False,"(-1.6, 1.1, 5.7)",
INJURY_RECORD,79851,8/8/2023 11:47:43 AM,1563e213-aaa4-4b79-84a1-8f917ea9f7a9,R Shin Amputation,Bob_0 Root,tourniquet,high,rightLeg,False,False,"(-1.7, 0.4, 5.6)",
INJURY_RECORD,79851,8/8/2023 11:47:43 AM,1563e213-aaa4-4b79-84a1-8f917ea9f7a9,L Thigh Laceration,Bob_0 Root,tourniquet,medium,leftLeg,False,False,"(-1.6, 0.7, 5.8)",
PATIENT_RECORD,79851,8/8/2023 11:47:43 AM,1563e213-aaa4-4b79-84a1-8f917ea9f7a9,100,Infinity,Gary_1 Root,"(1.6, 0.0, 7.6)","(0.0, 1.0, 0.0, 0.0)",EXPECTANT,still,none,restricted,none,unresponsive,supine,
INJURY_RECORD,79851,8/8/2023 11:47:43 AM,1563e213-aaa4-4b79-84a1-8f917ea9f7a9,Face Shrapnel,Gary_1 Root,airway,high,head,False,False,"(1.6, 1.7, 7.7)",
PATIENT_RECORD,79851,8/8/2023 11:47:43 AM,1563e213-aaa4-4b79-84a1-8f917ea9f7a9,100,Infinity,Lily_2 Root,"(3.0, 0.0, 4.5)","(0.0, 1.0, 0.0, 0.0)",IMMEDIATE,waver,fast,fast,normal,agony,fetal,
INJURY_RECORD,79851,8/8/2023 11:47:43 AM,1563e213-aaa4-4b79-84a1-8f917ea9f7a9,R Shin Amputation,Lily_2 Root,tourniquet,high,rightLeg,False,False,"(2.9, 0.4, 4.5)",
PATIENT_RECORD,79851,8/8/2023 11:47:43 AM,1563e213-aaa4-4b79-84a1-8f917ea9f7a9,100,0,Gary_3 Root,"(0.4, 0.0, 1.7)","(0.0, 0.0, 0.0, 1.0)",IMMEDIATE,still,faint,collapsedRight,normal,unresponsive,supine,
INJURY_RECORD,79851,8/8/2023 11:47:43 AM,1563e213-aaa4-4b79-84a1-8f917ea9f7a9,R Chest Collapse,Gary_3 Root,decompress,high,chest,False,False,"(0.0, 0.0, 0.0)",
PATIENT_RECORD,79851,8/8/2023 11:47:43 AM,1563e213-aaa4-4b79-84a1-8f917ea9f7a9,100,Infinity,Lily_4 Root,"(1.2, 0.0, 6.2)","(0.0, 1.0, 0.0, 0.0)",IMMEDIATE,waver,fast,normal,normal,upset,fetal,
INJURY_RECORD,79851,8/8/2023 11:47:43 AM,1563e213-aaa4-4b79-84a1-8f917ea9f7a9,L Side Puncture,Lily_4 Root,woundpack,medium,abdomen,False,False,"(1.3, 1.0, 6.2)",
PATIENT_RECORD,79851,8/8/2023 11:47:43 AM,1563e213-aaa4-4b79-84a1-8f917ea9f7a9,100,Infinity,Mike_5 Root,"(2.7, 0.0, 2.3)","(0.0, 1.0, 0.0, 0.0)",IMMEDIATE,waver,fast,normal,normal,upset,fetal,
INJURY_RECORD,79851,8/8/2023 11:47:43 AM,1563e213-aaa4-4b79-84a1-8f917ea9f7a9,R Side Puncture,Mike_5 Root,woundpack,medium,abdomen,False,False,"(2.6, 1.1, 2.2)",
INJURY_RECORD,79851,8/8/2023 11:47:43 AM,1563e213-aaa4-4b79-84a1-8f917ea9f7a9,R Thigh Laceration,Mike_5 Root,tourniquet,medium,rightLeg,False,False,"(2.5, 0.6, 2.2)",
PATIENT_RECORD,79852,8/8/2023 11:47:43 AM,1563e213-aaa4-4b79-84a1-8f917ea9f7a9,100,Infinity,Gloria_6 Root,"(-1.2, 0.0, 3.1)","(0.0, 0.4, 0.0, 0.9)",DELAYED,waver,fast,normal,normal,upset,fetal,
INJURY_RECORD,79852,8/8/2023 11:47:43 AM,1563e213-aaa4-4b79-84a1-8f917ea9f7a9,R Calf Shrapnel,Gloria_6 Root,gauzePressure,medium,rightLeg,False,False,"(-1.1, 0.3, 3.0)",
PATIENT_RECORD,79852,8/8/2023 11:47:43 AM,1563e213-aaa4-4b79-84a1-8f917ea9f7a9,100,Infinity,Mike_7 Root,"(1.3, 0.0, 3.4)","(0.0, 0.1, 0.0, 1.0)",DELAYED,waver,fast,normal,normal,upset,sittingGround,
INJURY_RECORD,79852,8/8/2023 11:47:43 AM,1563e213-aaa4-4b79-84a1-8f917ea9f7a9,L Thigh Puncture,Mike_7 Root,tourniquet,medium,leftLeg,False,False,"(1.3, 0.6, 3.5)",
INJURY_RECORD,79852,8/8/2023 11:47:43 AM,1563e213-aaa4-4b79-84a1-8f917ea9f7a9,R Calf Laceration,Mike_7 Root,gauzePressure,low,rightLeg,False,False,"(1.4, 0.3, 3.4)",
PATIENT_RECORD,79852,8/8/2023 11:47:43 AM,1563e213-aaa4-4b79-84a1-8f917ea9f7a9,100,Infinity,Gloria_8 Root,"(3.7, 0.0, 6.0)","(0.0, 1.0, 0.0, 0.0)",MINIMAL,walker,normal,normal,normal,upset,sittingGround,
INJURY_RECORD,79852,8/8/2023 11:47:43 AM,1563e213-aaa4-4b79-84a1-8f917ea9f7a9,L Forearm Laceration,Gloria_8 Root,gauzePressure,low,leftArm,False,False,"(4.2, 1.2, 6.0)",
PATIENT_RECORD,79852,8/8/2023 11:47:43 AM,1563e213-aaa4-4b79-84a1-8f917ea9f7a9,100,0,Gary_9 Root,"(2.9, 0.0, 9.0)","(0.0, 1.0, 0.0, 0.0)",MINIMAL,walker,normal,normal,limited,calm,standing,
INJURY_RECORD,79852,8/8/2023 11:47:43 AM,1563e213-aaa4-4b79-84a1-8f917ea9f7a9,Ear Bleed,Gary_9 Root,none,low,head,False,False,"(0.0, 0.0, 0.0)",
PATIENT_RECORD,79852,8/8/2023 11:47:43 AM,1563e213-aaa4-4b79-84a1-8f917ea9f7a9,100,Infinity,Helga_10 Root,"(3.9, 0.0, 8.0)","(0.0, 1.0, 0.0, 0.0)",MINIMAL,walker,normal,normal,normal,calm,sittingGround,
INJURY_RECORD,79852,8/8/2023 11:47:43 AM,1563e213-aaa4-4b79-84a1-8f917ea9f7a9,Forehead Scrape,Helga_10 Root,none,low,head,False,False,"(4.0, 1.5, 7.9)",
VOICE_CAPTURE,81804,8/8/2023 11:47:45 AM,1563e213-aaa4-4b79-84a1-8f917ea9f7a9,fantastic,NA,
VOICE_CAPTURE,86952,8/8/2023 11:47:50 AM,1563e213-aaa4-4b79-84a1-8f917ea9f7a9,walk,NA,
VOICE_COMMAND,86952,8/8/2023 11:47:50 AM,1563e213-aaa4-4b79-84a1-8f917ea9f7a9,walk to the safe area,walk,
S_A_L_T_WALK_IF_CAN,86952,8/8/2023 11:47:50 AM,1563e213-aaa4-4b79-84a1-8f917ea9f7a9,"(3.0, 0.0, 4.5)",walkIfCan,Lily_2 Root,
S_A_L_T_WALK_IF_CAN,86952,8/8/2023 11:47:50 AM,1563e213-aaa4-4b79-84a1-8f917ea9f7a9,"(1.2, 0.0, 6.2)",walkIfCan,Lily_4 Root,
S_A_L_T_WALK_IF_CAN,86952,8/8/2023 11:47:50 AM,1563e213-aaa4-4b79-84a1-8f917ea9f7a9,"(2.7, 0.0, 2.3)",walkIfCan,Mike_5 Root,
S_A_L_T_WALK_IF_CAN,86952,8/8/2023 11:47:50 AM,1563e213-aaa4-4b79-84a1-8f917ea9f7a9,"(-1.2, 0.0, 3.1)",walkIfCan,Gloria_6 Root,
S_A_L_T_WALK_IF_CAN,86952,8/8/2023 11:47:50 AM,1563e213-aaa4-4b79-84a1-8f917ea9f7a9,"(1.3, 0.0, 3.4)",walkIfCan,Mike_7 Root,
S_A_L_T_WALK_IF_CAN,86952,8/8/2023 11:47:50 AM,1563e213-aaa4-4b79-84a1-8f917ea9f7a9,"(3.7, 0.0, 6.0)",walkIfCan,Gloria_8 Root,
S_A_L_T_WALKED,86952,8/8/2023 11:47:50 AM,1563e213-aaa4-4b79-84a1-8f917ea9f7a9,"(3.7, 0.0, 6.0)",walked,Gloria_8 Root,
S_A_L_T_WALK_IF_CAN,86953,8/8/2023 11:47:50 AM,1563e213-aaa4-4b79-84a1-8f917ea9f7a9,"(3.9, 0.0, 8.0)",walkIfCan,Helga_10 Root,
S_A_L_T_WALKED,86953,8/8/2023 11:47:50 AM,1563e213-aaa4-4b79-84a1-8f917ea9f7a9,"(3.9, 0.0, 8.0)",walked,Helga_10 Root,
VOICE_CAPTURE,88610,8/8/2023 11:47:51 AM,1563e213-aaa4-4b79-84a1-8f917ea9f7a9,alright where we at hi you can hear my voice and you can walk can you come over here to this area,NA,
VOICE_COMMAND,88610,8/8/2023 11:47:51 AM,1563e213-aaa4-4b79-84a1-8f917ea9f7a9,walk to the safe area,alright where we at hi you can hear my voice and you can walk can you come over here to this area,
VOICE_CAPTURE,93581,8/8/2023 11:47:56 AM,1563e213-aaa4-4b79-84a1-8f917ea9f7a9,anybody else that can that's not walking can you wave at me,NA,
VOICE_COMMAND,93581,8/8/2023 11:47:56 AM,1563e213-aaa4-4b79-84a1-8f917ea9f7a9,wave if you can,anybody else that can that's not walking can you wave at me,
VOICE_COMMAND,93581,8/8/2023 11:47:56 AM,1563e213-aaa4-4b79-84a1-8f917ea9f7a9,walk to the safe area,anybody else that can that's not walking can you wave at me,
S_A_L_T_WALK_IF_CAN,93582,8/8/2023 11:47:56 AM,1563e213-aaa4-4b79-84a1-8f917ea9f7a9,"(1.2, 0.0, 6.2)",walkIfCan,Lily_4 Root,
S_A_L_T_WALK_IF_CAN,93582,8/8/2023 11:47:56 AM,1563e213-aaa4-4b79-84a1-8f917ea9f7a9,"(2.7, 0.0, 2.3)",walkIfCan,Mike_5 Root,
S_A_L_T_WALK_IF_CAN,93582,8/8/2023 11:47:56 AM,1563e213-aaa4-4b79-84a1-8f917ea9f7a9,"(-1.2, 0.0, 3.1)",walkIfCan,Gloria_6 Root,
VOICE_CAPTURE,94098,8/8/2023 11:47:57 AM,1563e213-aaa4-4b79-84a1-8f917ea9f7a9,wave,NA,
VOICE_COMMAND,94098,8/8/2023 11:47:57 AM,1563e213-aaa4-4b79-84a1-8f917ea9f7a9,wave if you can,wave,
S_A_L_T_WAVE_IF_CAN,94099,8/8/2023 11:47:57 AM,1563e213-aaa4-4b79-84a1-8f917ea9f7a9,"(3.0, 0.0, 4.5)",waveIfCan,Lily_2 Root,
S_A_L_T_WAVED,94099,8/8/2023 11:47:57 AM,1563e213-aaa4-4b79-84a1-8f917ea9f7a9,"(3.0, 0.0, 4.5)",waved,Lily_2 Root,
S_A_L_T_WAVE_IF_CAN,94099,8/8/2023 11:47:57 AM,1563e213-aaa4-4b79-84a1-8f917ea9f7a9,"(1.2, 0.0, 6.2)",waveIfCan,Lily_4 Root,
S_A_L_T_WAVED,94099,8/8/2023 11:47:57 AM,1563e213-aaa4-4b79-84a1-8f917ea9f7a9,"(1.2, 0.0, 6.2)",waved,Lily_4 Root,
S_A_L_T_WAVE_IF_CAN,94099,8/8/2023 11:47:57 AM,1563e213-aaa4-4b79-84a1-8f917ea9f7a9,"(2.7, 0.0, 2.3)",waveIfCan,Mike_5 Root,
S_A_L_T_WAVED,94099,8/8/2023 11:47:57 AM,1563e213-aaa4-4b79-84a1-8f917ea9f7a9,"(2.7, 0.0, 2.3)",waved,Mike_5 Root,
S_A_L_T_WAVE_IF_CAN,94099,8/8/2023 11:47:57 AM,1563e213-aaa4-4b79-84a1-8f917ea9f7a9,"(-1.2, 0.0, 3.1)",waveIfCan,Gloria_6 Root,
S_A_L_T_WAVED,94099,8/8/2023 11:47:57 AM,1563e213-aaa4-4b79-84a1-8f917ea9f7a9,"(-1.2, 0.0, 3.1)",waved,Gloria_6 Root,
S_A_L_T_WAVE_IF_CAN,94099,8/8/2023 11:47:57 AM,1563e213-aaa4-4b79-84a1-8f917ea9f7a9,"(1.3, 0.0, 3.4)",waveIfCan,Mike_7 Root,
S_A_L_T_WAVED,94099,8/8/2023 11:47:57 AM,1563e213-aaa4-4b79-84a1-8f917ea9f7a9,"(1.3, 0.0, 3.4)",waved,Mike_7 Root,
S_A_L_T_WAVE_IF_CAN,94099,8/8/2023 11:47:57 AM,1563e213-aaa4-4b79-84a1-8f917ea9f7a9,"(3.4, 0.0, 1.1)",waveIfCan,Gloria_8 Root,
S_A_L_T_WAVE_IF_CAN,94099,8/8/2023 11:47:57 AM,1563e213-aaa4-4b79-84a1-8f917ea9f7a9,"(2.2, 0.0, 2.6)",waveIfCan,Helga_10 Root,
S_A_L_T_WALK_IF_CAN,94116,8/8/2023 11:47:57 AM,1563e213-aaa4-4b79-84a1-8f917ea9f7a9,"(1.2, 0.0, 6.2)",walkIfCan,Lily_4 Root,
S_A_L_T_WALK_IF_CAN,94116,8/8/2023 11:47:57 AM,1563e213-aaa4-4b79-84a1-8f917ea9f7a9,"(2.7, 0.0, 2.3)",walkIfCan,Mike_5 Root,
S_A_L_T_WALK_IF_CAN,94116,8/8/2023 11:47:57 AM,1563e213-aaa4-4b79-84a1-8f917ea9f7a9,"(-1.2, 0.0, 3.1)",walkIfCan,Gloria_6 Root,
S_A_L_T_WALK_IF_CAN,94116,8/8/2023 11:47:57 AM,1563e213-aaa4-4b79-84a1-8f917ea9f7a9,"(3.4, 0.0, 1.0)",walkIfCan,Gloria_8 Root,
S_A_L_T_WALKED,94116,8/8/2023 11:47:57 AM,1563e213-aaa4-4b79-84a1-8f917ea9f7a9,"(3.4, 0.0, 1.0)",walked,Gloria_8 Root,
S_A_L_T_WALK_IF_CAN,94116,8/8/2023 11:47:57 AM,1563e213-aaa4-4b79-84a1-8f917ea9f7a9,"(2.2, 0.0, 2.6)",walkIfCan,Helga_10 Root,
S_A_L_T_WALKED,94116,8/8/2023 11:47:57 AM,1563e213-aaa4-4b79-84a1-8f917ea9f7a9,"(2.2, 0.0, 2.6)",walked,Helga_10 Root,
TELEPORT,94897,8/8/2023 11:47:58 AM,1563e213-aaa4-4b79-84a1-8f917ea9f7a9,"(0.8, 0.0, -2.3)",
VOICE_CAPTURE,95181,8/8/2023 11:47:58 AM,1563e213-aaa4-4b79-84a1-8f917ea9f7a9,can you wave,NA,
VOICE_COMMAND,95181,8/8/2023 11:47:58 AM,1563e213-aaa4-4b79-84a1-8f917ea9f7a9,wave if you can,can you wave,
S_A_L_T_WAVE_IF_CAN,95183,8/8/2023 11:47:58 AM,1563e213-aaa4-4b79-84a1-8f917ea9f7a9,"(3.0, 0.0, 0.0)",waveIfCan,Gloria_8 Root,
S_A_L_T_WAVE_IF_CAN,95183,8/8/2023 11:47:58 AM,1563e213-aaa4-4b79-84a1-8f917ea9f7a9,"(2.2, 0.0, 1.9)",waveIfCan,Helga_10 Root,
S_A_L_T_WALK_IF_CAN,95199,8/8/2023 11:47:58 AM,1563e213-aaa4-4b79-84a1-8f917ea9f7a9,"(1.2, 0.0, 6.2)",walkIfCan,Lily_4 Root,
S_A_L_T_WALK_IF_CAN,95199,8/8/2023 11:47:58 AM,1563e213-aaa4-4b79-84a1-8f917ea9f7a9,"(2.7, 0.0, 2.3)",walkIfCan,Mike_5 Root,
S_A_L_T_WALK_IF_CAN,95199,8/8/2023 11:47:58 AM,1563e213-aaa4-4b79-84a1-8f917ea9f7a9,"(-1.2, 0.0, 3.1)",walkIfCan,Gloria_6 Root,
S_A_L_T_WALK_IF_CAN,95199,8/8/2023 11:47:58 AM,1563e213-aaa4-4b79-84a1-8f917ea9f7a9,"(3.0, 0.0, 0.0)",walkIfCan,Gloria_8 Root,
S_A_L_T_WALKED,95199,8/8/2023 11:47:58 AM,1563e213-aaa4-4b79-84a1-8f917ea9f7a9,"(3.0, 0.0, 0.0)",walked,Gloria_8 Root,
S_A_L_T_WALK_IF_CAN,95199,8/8/2023 11:47:58 AM,1563e213-aaa4-4b79-84a1-8f917ea9f7a9,"(2.2, 0.0, 1.8)",walkIfCan,Helga_10 Root,
S_A_L_T_WALKED,95199,8/8/2023 11:47:58 AM,1563e213-aaa4-4b79-84a1-8f917ea9f7a9,"(2.2, 0.0, 1.8)",walked,Helga_10 Root,
VOICE_CAPTURE,98436,8/8/2023 11:48:01 AM,1563e213-aaa4-4b79-84a1-8f917ea9f7a9,alright,NA,
TELEPORT,98753,8/8/2023 11:48:02 AM,1563e213-aaa4-4b79-84a1-8f917ea9f7a9,"(0.6, 0.0, -0.4)",
PATIENT_ENGAGED,100787,8/8/2023 11:48:04 AM,1563e213-aaa4-4b79-84a1-8f917ea9f7a9,100,0,Gary_3 Root,"(0.4, 0.0, 1.7)","(0.0, 0.0, 0.0, 1.0)",IMMEDIATE,still,faint,collapsedRight,normal,unresponsive,supine,
PULSE_TAKEN,101852,8/8/2023 11:48:05 AM,1563e213-aaa4-4b79-84a1-8f917ea9f7a9,pulse_faint,Gary_3 Root,
PULSE_TAKEN,102086,8/8/2023 11:48:05 AM,1563e213-aaa4-4b79-84a1-8f917ea9f7a9,pulse_faint,Gary_3 Root,
PULSE_TAKEN,103790,8/8/2023 11:48:07 AM,1563e213-aaa4-4b79-84a1-8f917ea9f7a9,pulse_faint,Gary_3 Root,
BAG_ACCESS,106865,8/8/2023 11:48:10 AM,1563e213-aaa4-4b79-84a1-8f917ea9f7a9,"(0.7, 0.5, 1.1)",
TOOL_HOVER,108285,8/8/2023 11:48:11 AM,1563e213-aaa4-4b79-84a1-8f917ea9f7a9,Needle,998,
TOOL_HOVER,108300,8/8/2023 11:48:11 AM,1563e213-aaa4-4b79-84a1-8f917ea9f7a9,Needle,998,
TOOL_HOVER,108318,8/8/2023 11:48:11 AM,1563e213-aaa4-4b79-84a1-8f917ea9f7a9,Needle,998,
TOOL_HOVER,108335,8/8/2023 11:48:11 AM,1563e213-aaa4-4b79-84a1-8f917ea9f7a9,Needle,998,
TOOL_SELECTED,108336,8/8/2023 11:48:11 AM,1563e213-aaa4-4b79-84a1-8f917ea9f7a9,Needle,997,
INJURY_TREATED,110953,8/8/2023 11:48:14 AM,1563e213-aaa4-4b79-84a1-8f917ea9f7a9,R Chest Collapse,Gary_3 Root,decompress,high,chest,True,False,"(0.0, 0.0, 0.0)",
TOOL_APPLIED,110953,8/8/2023 11:48:14 AM,1563e213-aaa4-4b79-84a1-8f917ea9f7a9,Needle_Decomp(Clone),Needle,RChest_Breathe1 (UnityEngine.GameObject),cath_needle (UnityEngine.GameObject),right_chest,Needle_Decomp(Clone) (UnityEngine.GameObject),AppliedDecompNeedle,
TAG_SELECTED,113405,8/8/2023 11:48:16 AM,1563e213-aaa4-4b79-84a1-8f917ea9f7a9,yellow,
TAG_DISCARDED,115410,8/8/2023 11:48:18 AM,1563e213-aaa4-4b79-84a1-8f917ea9f7a9,yellow,"(0.8, 0.3, 1.0)",
TAG_SELECTED,116430,8/8/2023 11:48:19 AM,1563e213-aaa4-4b79-84a1-8f917ea9f7a9,red,
TAG_APPLIED,117165,8/8/2023 11:48:20 AM,1563e213-aaa4-4b79-84a1-8f917ea9f7a9,Gary_3 Root,red,
BAG_CLOSED,118368,8/8/2023 11:48:21 AM,1563e213-aaa4-4b79-84a1-8f917ea9f7a9,"(0.7, 0.5, 1.1)",
TELEPORT,118368,8/8/2023 11:48:21 AM,1563e213-aaa4-4b79-84a1-8f917ea9f7a9,"(0.7, 0.0, 0.3)",
TELEPORT,122149,8/8/2023 11:48:25 AM,1563e213-aaa4-4b79-84a1-8f917ea9f7a9,"(2.5, 0.0, 2.1)",
PATIENT_ENGAGED,123050,8/8/2023 11:48:26 AM,1563e213-aaa4-4b79-84a1-8f917ea9f7a9,100,Infinity,Lily_2 Root,"(3.0, 0.0, 4.5)","(0.0, 1.0, 0.0, 0.0)",IMMEDIATE,waver,fast,fast,normal,agony,fetal,
TOOL_HOVER,124945,8/8/2023 11:48:28 AM,1563e213-aaa4-4b79-84a1-8f917ea9f7a9,Gauze,999,
TOOL_HOVER,124965,8/8/2023 11:48:28 AM,1563e213-aaa4-4b79-84a1-8f917ea9f7a9,Gauze,999,
TOOL_HOVER,124983,8/8/2023 11:48:28 AM,1563e213-aaa4-4b79-84a1-8f917ea9f7a9,Gauze,999,
TOOL_HOVER,125003,8/8/2023 11:48:28 AM,1563e213-aaa4-4b79-84a1-8f917ea9f7a9,Gauze,999,
TOOL_HOVER,125024,8/8/2023 11:48:28 AM,1563e213-aaa4-4b79-84a1-8f917ea9f7a9,Gauze,999,
BAG_ACCESS,125332,8/8/2023 11:48:28 AM,1563e213-aaa4-4b79-84a1-8f917ea9f7a9,"(3.1, 0.5, 4.0)",
TOOL_HOVER,125782,8/8/2023 11:48:29 AM,1563e213-aaa4-4b79-84a1-8f917ea9f7a9,Tourniquet,998,
TOOL_HOVER,125799,8/8/2023 11:48:29 AM,1563e213-aaa4-4b79-84a1-8f917ea9f7a9,Tourniquet,998,
TOOL_HOVER,125815,8/8/2023 11:48:29 AM,1563e213-aaa4-4b79-84a1-8f917ea9f7a9,Tourniquet,998,
TOOL_HOVER,125832,8/8/2023 11:48:29 AM,1563e213-aaa4-4b79-84a1-8f917ea9f7a9,Tourniquet,998,
TOOL_HOVER,125848,8/8/2023 11:48:29 AM,1563e213-aaa4-4b79-84a1-8f917ea9f7a9,Tourniquet,998,
TOOL_HOVER,125866,8/8/2023 11:48:29 AM,1563e213-aaa4-4b79-84a1-8f917ea9f7a9,Tourniquet,998,
TOOL_HOVER,125882,8/8/2023 11:48:29 AM,1563e213-aaa4-4b79-84a1-8f917ea9f7a9,Tourniquet,998,
TOOL_HOVER,125898,8/8/2023 11:48:29 AM,1563e213-aaa4-4b79-84a1-8f917ea9f7a9,Tourniquet,998,
TOOL_SELECTED,125899,8/8/2023 11:48:29 AM,1563e213-aaa4-4b79-84a1-8f917ea9f7a9,Tourniquet,997,
TOOL_DISCARDED,126899,8/8/2023 11:48:30 AM,1563e213-aaa4-4b79-84a1-8f917ea9f7a9,Tourniquet,997,"(3.5, 0.3, 4.2)",
TOOL_HOVER,126982,8/8/2023 11:48:30 AM,1563e213-aaa4-4b79-84a1-8f917ea9f7a9,Tourniquet,998,
TOOL_HOVER,126998,8/8/2023 11:48:30 AM,1563e213-aaa4-4b79-84a1-8f917ea9f7a9,Tourniquet,998,
TOOL_HOVER,127014,8/8/2023 11:48:30 AM,1563e213-aaa4-4b79-84a1-8f917ea9f7a9,Tourniquet,998,
TOOL_SELECTED,127015,8/8/2023 11:48:30 AM,1563e213-aaa4-4b79-84a1-8f917ea9f7a9,Tourniquet,997,
TOOL_DISCARDED,127199,8/8/2023 11:48:30 AM,1563e213-aaa4-4b79-84a1-8f917ea9f7a9,Tourniquet,997,"(3.5, 0.3, 4.2)",
TOOL_HOVER,127282,8/8/2023 11:48:30 AM,1563e213-aaa4-4b79-84a1-8f917ea9f7a9,Tourniquet,998,
TOOL_HOVER,127298,8/8/2023 11:48:30 AM,1563e213-aaa4-4b79-84a1-8f917ea9f7a9,Tourniquet,998,
TOOL_HOVER,127314,8/8/2023 11:48:30 AM,1563e213-aaa4-4b79-84a1-8f917ea9f7a9,Tourniquet,998,
TOOL_SELECTED,127316,8/8/2023 11:48:30 AM,1563e213-aaa4-4b79-84a1-8f917ea9f7a9,Tourniquet,997,
INJURY_TREATED,128364,8/8/2023 11:48:31 AM,1563e213-aaa4-4b79-84a1-8f917ea9f7a9,R Shin Amputation,Lily_2 Root,tourniquet,high,rightLeg,True,False,"(3.2, 0.1, 4.2)",
TOOL_APPLIED,128365,8/8/2023 11:48:31 AM,1563e213-aaa4-4b79-84a1-8f917ea9f7a9,Lily_2 Root,Tourniquet,RightUpLeg (UnityEngine.GameObject),tor_ring (1) (UnityEngine.GameObject),tourniquet(Clone) (UnityEngine.GameObject),AppliedTourniquet,
TOOL_HOVER,130481,8/8/2023 11:48:33 AM,1563e213-aaa4-4b79-84a1-8f917ea9f7a9,Gauze,999,
TOOL_HOVER,130498,8/8/2023 11:48:33 AM,1563e213-aaa4-4b79-84a1-8f917ea9f7a9,Gauze,999,
TOOL_HOVER,130514,8/8/2023 11:48:33 AM,1563e213-aaa4-4b79-84a1-8f917ea9f7a9,Gauze,999,
TOOL_HOVER,130531,8/8/2023 11:48:33 AM,1563e213-aaa4-4b79-84a1-8f917ea9f7a9,Gauze,999,
TOOL_HOVER,130548,8/8/2023 11:48:33 AM,1563e213-aaa4-4b79-84a1-8f917ea9f7a9,Gauze,999,
TOOL_HOVER,130566,8/8/2023 11:48:33 AM,1563e213-aaa4-4b79-84a1-8f917ea9f7a9,Gauze,999,
TOOL_HOVER,130583,8/8/2023 11:48:33 AM,1563e213-aaa4-4b79-84a1-8f917ea9f7a9,Gauze,999,
TOOL_HOVER,130598,8/8/2023 11:48:33 AM,1563e213-aaa4-4b79-84a1-8f917ea9f7a9,Gauze,999,
TOOL_HOVER,130614,8/8/2023 11:48:33 AM,1563e213-aaa4-4b79-84a1-8f917ea9f7a9,Gauze,999,
TOOL_HOVER,130632,8/8/2023 11:48:33 AM,1563e213-aaa4-4b79-84a1-8f917ea9f7a9,Gauze,999,
TOOL_HOVER,130648,8/8/2023 11:48:33 AM,1563e213-aaa4-4b79-84a1-8f917ea9f7a9,Gauze,999,
TOOL_HOVER,130665,8/8/2023 11:48:33 AM,1563e213-aaa4-4b79-84a1-8f917ea9f7a9,Gauze,999,
VOICE_CAPTURE,131015,8/8/2023 11:48:34 AM,1563e213-aaa4-4b79-84a1-8f917ea9f7a9,OK feel for your pulse while I do this at the same time,NA,
TAG_SELECTED,131550,8/8/2023 11:48:34 AM,1563e213-aaa4-4b79-84a1-8f917ea9f7a9,red,
TAG_APPLIED,132714,8/8/2023 11:48:36 AM,1563e213-aaa4-4b79-84a1-8f917ea9f7a9,Lily_2 Root,red,
PULSE_TAKEN,134146,8/8/2023 11:48:37 AM,1563e213-aaa4-4b79-84a1-8f917ea9f7a9,pulse_fast,Lily_2 Root,
PULSE_TAKEN,135013,8/8/2023 11:48:38 AM,1563e213-aaa4-4b79-84a1-8f917ea9f7a9,pulse_fast,Lily_2 Root,
VOICE_CAPTURE,136647,8/8/2023 11:48:39 AM,1563e213-aaa4-4b79-84a1-8f917ea9f7a9,lay down,NA,
VOICE_COMMAND,136647,8/8/2023 11:48:39 AM,1563e213-aaa4-4b79-84a1-8f917ea9f7a9,lay down,lay down,
VOICE_CAPTURE,136929,8/8/2023 11:48:40 AM,1563e213-aaa4-4b79-84a1-8f917ea9f7a9,can you roll over for me,NA,
VOICE_COMMAND,136929,8/8/2023 11:48:40 AM,1563e213-aaa4-4b79-84a1-8f917ea9f7a9,lay down,can you roll over for me,
VOICE_CAPTURE,139534,8/8/2023 11:48:42 AM,1563e213-aaa4-4b79-84a1-8f917ea9f7a9,oh Jesus,NA,
BAG_CLOSED,139803,8/8/2023 11:48:43 AM,1563e213-aaa4-4b79-84a1-8f917ea9f7a9,"(3.1, 0.5, 4.0)",
TELEPORT,139803,8/8/2023 11:48:43 AM,1563e213-aaa4-4b79-84a1-8f917ea9f7a9,"(3.1, 0.0, 2.8)",
VOICE_CAPTURE,141885,8/8/2023 11:48:45 AM,1563e213-aaa4-4b79-84a1-8f917ea9f7a9,alright no other injuries,NA,
VOICE_COMMAND,141885,8/8/2023 11:48:45 AM,1563e213-aaa4-4b79-84a1-8f917ea9f7a9,are you hurt,alright no other injuries,
VOICE_COMMAND,141885,8/8/2023 11:48:45 AM,1563e213-aaa4-4b79-84a1-8f917ea9f7a9,anywhere else,alright no other injuries,
TELEPORT,143786,8/8/2023 11:48:47 AM,1563e213-aaa4-4b79-84a1-8f917ea9f7a9,"(3.1, 0.0, 2.8)",
TELEPORT,144542,8/8/2023 11:48:47 AM,1563e213-aaa4-4b79-84a1-8f917ea9f7a9,"(3.1, 0.0, 2.8)",
TELEPORT,145313,8/8/2023 11:48:48 AM,1563e213-aaa4-4b79-84a1-8f917ea9f7a9,"(3.1, 0.0, 2.8)",
PATIENT_ENGAGED,146745,8/8/2023 11:48:50 AM,1563e213-aaa4-4b79-84a1-8f917ea9f7a9,100,Infinity,Mike_7 Root,"(1.3, 0.0, 3.4)","(0.0, 0.1, 0.0, 1.0)",DELAYED,waver,fast,normal,normal,upset,sittingGround,
VOICE_CAPTURE,149276,8/8/2023 11:48:52 AM,1563e213-aaa4-4b79-84a1-8f917ea9f7a9,are you hurt,NA,
VOICE_COMMAND,149278,8/8/2023 11:48:52 AM,1563e213-aaa4-4b79-84a1-8f917ea9f7a9,are you hurt,are you hurt,
BAG_ACCESS,150148,8/8/2023 11:48:53 AM,1563e213-aaa4-4b79-84a1-8f917ea9f7a9,"(0.9, 0.6, 3.9)",
TOOL_HOVER,150591,8/8/2023 11:48:53 AM,1563e213-aaa4-4b79-84a1-8f917ea9f7a9,Tourniquet,997,
TOOL_HOVER,150613,8/8/2023 11:48:53 AM,1563e213-aaa4-4b79-84a1-8f917ea9f7a9,Tourniquet,997,
TOOL_HOVER,150633,8/8/2023 11:48:53 AM,1563e213-aaa4-4b79-84a1-8f917ea9f7a9,Tourniquet,997,
TOOL_HOVER,150652,8/8/2023 11:48:53 AM,1563e213-aaa4-4b79-84a1-8f917ea9f7a9,Tourniquet,997,
TOOL_HOVER,150669,8/8/2023 11:48:53 AM,1563e213-aaa4-4b79-84a1-8f917ea9f7a9,Tourniquet,997,
TOOL_HOVER,150685,8/8/2023 11:48:54 AM,1563e213-aaa4-4b79-84a1-8f917ea9f7a9,Tourniquet,997,
TOOL_HOVER,150702,8/8/2023 11:48:54 AM,1563e213-aaa4-4b79-84a1-8f917ea9f7a9,Tourniquet,997,
TOOL_SELECTED,150703,8/8/2023 11:48:54 AM,1563e213-aaa4-4b79-84a1-8f917ea9f7a9,Tourniquet,996,
INJURY_TREATED,151993,8/8/2023 11:48:55 AM,1563e213-aaa4-4b79-84a1-8f917ea9f7a9,L Thigh Puncture,Mike_7 Root,tourniquet,medium,leftLeg,True,False,"(0.7, 0.1, 3.5)",
TOOL_APPLIED,151993,8/8/2023 11:48:55 AM,1563e213-aaa4-4b79-84a1-8f917ea9f7a9,Mike_7 Root,Tourniquet,LeftUpLeg (UnityEngine.GameObject),tor_ring (1) (UnityEngine.GameObject),tourniquet(Clone) (UnityEngine.GameObject),AppliedTourniquet,
PULSE_TAKEN,152307,8/8/2023 11:48:55 AM,1563e213-aaa4-4b79-84a1-8f917ea9f7a9,pulse_fast,Mike_7 Root,
PULSE_TAKEN,152906,8/8/2023 11:48:56 AM,1563e213-aaa4-4b79-84a1-8f917ea9f7a9,pulse_fast,Mike_7 Root,
TAG_SELECTED,155242,8/8/2023 11:48:58 AM,1563e213-aaa4-4b79-84a1-8f917ea9f7a9,yellow,
VOICE_CAPTURE,155507,8/8/2023 11:48:58 AM,1563e213-aaa4-4b79-84a1-8f917ea9f7a9,put that on there gonna feel your pulse,NA,
TAG_APPLIED,156459,8/8/2023 11:48:59 AM,1563e213-aaa4-4b79-84a1-8f917ea9f7a9,Mike_7 Root,yellow,
VOICE_CAPTURE,157429,8/8/2023 11:49:00 AM,1563e213-aaa4-4b79-84a1-8f917ea9f7a9,are you hurt,NA,
VOICE_COMMAND,157429,8/8/2023 11:49:00 AM,1563e213-aaa4-4b79-84a1-8f917ea9f7a9,are you hurt,are you hurt,
PULSE_TAKEN,157528,8/8/2023 11:49:00 AM,1563e213-aaa4-4b79-84a1-8f917ea9f7a9,pulse_fast,Mike_7 Root,
PULSE_TAKEN,158732,8/8/2023 11:49:02 AM,1563e213-aaa4-4b79-84a1-8f917ea9f7a9,pulse_fast,Mike_7 Root,
VOICE_CAPTURE,159266,8/8/2023 11:49:02 AM,1563e213-aaa4-4b79-84a1-8f917ea9f7a9,are you hurt,NA,
VOICE_COMMAND,159266,8/8/2023 11:49:02 AM,1563e213-aaa4-4b79-84a1-8f917ea9f7a9,are you hurt,are you hurt,
BAG_CLOSED,159349,8/8/2023 11:49:02 AM,1563e213-aaa4-4b79-84a1-8f917ea9f7a9,"(0.9, 0.6, 3.9)",
TELEPORT,159349,8/8/2023 11:49:02 AM,1563e213-aaa4-4b79-84a1-8f917ea9f7a9,"(1.2, 0.0, 2.9)",
TELEPORT,160090,8/8/2023 11:49:03 AM,1563e213-aaa4-4b79-84a1-8f917ea9f7a9,"(1.2, 0.0, 2.9)",
VOICE_CAPTURE,160338,8/8/2023 11:49:03 AM,1563e213-aaa4-4b79-84a1-8f917ea9f7a9,is that alright,NA,
TELEPORT,162708,8/8/2023 11:49:06 AM,1563e213-aaa4-4b79-84a1-8f917ea9f7a9,"(0.7, 0.0, 4.0)",
PATIENT_ENGAGED,164027,8/8/2023 11:49:07 AM,1563e213-aaa4-4b79-84a1-8f917ea9f7a9,100,Infinity,Lily_4 Root,"(1.2, 0.0, 6.2)","(0.0, 1.0, 0.0, 0.0)",IMMEDIATE,waver,fast,normal,normal,upset,fetal,
BAG_ACCESS,165865,8/8/2023 11:49:09 AM,1563e213-aaa4-4b79-84a1-8f917ea9f7a9,"(0.6, 0.4, 6.1)",
VOICE_CAPTURE,167388,8/8/2023 11:49:10 AM,1563e213-aaa4-4b79-84a1-8f917ea9f7a9,are you hurt,NA,
VOICE_COMMAND,167388,8/8/2023 11:49:10 AM,1563e213-aaa4-4b79-84a1-8f917ea9f7a9,are you hurt,are you hurt,
TOOL_HOVER,167786,8/8/2023 11:49:11 AM,1563e213-aaa4-4b79-84a1-8f917ea9f7a9,Hemostatic Gauze,999,
TOOL_HOVER,167802,8/8/2023 11:49:11 AM,1563e213-aaa4-4b79-84a1-8f917ea9f7a9,Hemostatic Gauze,999,
TOOL_HOVER,167820,8/8/2023 11:49:11 AM,1563e213-aaa4-4b79-84a1-8f917ea9f7a9,Hemostatic Gauze,999,
TOOL_HOVER,167836,8/8/2023 11:49:11 AM,1563e213-aaa4-4b79-84a1-8f917ea9f7a9,Hemostatic Gauze,999,
TOOL_SELECTED,167837,8/8/2023 11:49:11 AM,1563e213-aaa4-4b79-84a1-8f917ea9f7a9,Hemostatic Gauze,998,
TOOL_DISCARDED,168990,8/8/2023 11:49:12 AM,1563e213-aaa4-4b79-84a1-8f917ea9f7a9,Hemostatic Gauze,998,"(0.8, 0.2, 6.5)",
INJURY_TREATED,168991,8/8/2023 11:49:12 AM,1563e213-aaa4-4b79-84a1-8f917ea9f7a9,L Side Puncture,Lily_4 Root,woundpack,medium,abdomen,True,False,"(0.9, 0.2, 6.5)",
TOOL_APPLIED,168991,8/8/2023 11:49:12 AM,1563e213-aaa4-4b79-84a1-8f917ea9f7a9,Lily_4 Root,Gauze_Pack,skinCollider_BodyLOD (UnityEngine.GameObject),null,null,AppliedPackingGauze,
PULSE_TAKEN,170878,8/8/2023 11:49:14 AM,1563e213-aaa4-4b79-84a1-8f917ea9f7a9,pulse_fast,Lily_4 Root,
PULSE_TAKEN,171870,8/8/2023 11:49:15 AM,1563e213-aaa4-4b79-84a1-8f917ea9f7a9,pulse_fast,Lily_4 Root,
PULSE_TAKEN,172103,8/8/2023 11:49:15 AM,1563e213-aaa4-4b79-84a1-8f917ea9f7a9,pulse_fast,Lily_4 Root,
VOICE_CAPTURE,172739,8/8/2023 11:49:16 AM,1563e213-aaa4-4b79-84a1-8f917ea9f7a9,lay down,NA,
VOICE_COMMAND,172739,8/8/2023 11:49:16 AM,1563e213-aaa4-4b79-84a1-8f917ea9f7a9,lay down,lay down,
VOICE_CAPTURE,173371,8/8/2023 11:49:16 AM,1563e213-aaa4-4b79-84a1-8f917ea9f7a9,can you roll over for me,NA,
VOICE_COMMAND,173372,8/8/2023 11:49:16 AM,1563e213-aaa4-4b79-84a1-8f917ea9f7a9,lay down,can you roll over for me,
VOICE_CAPTURE,175387,8/8/2023 11:49:18 AM,1563e213-aaa4-4b79-84a1-8f917ea9f7a9,OK,NA,
TAG_SELECTED,176242,8/8/2023 11:49:19 AM,1563e213-aaa4-4b79-84a1-8f917ea9f7a9,red,
TAG_APPLIED,177142,8/8/2023 11:49:20 AM,1563e213-aaa4-4b79-84a1-8f917ea9f7a9,Lily_4 Root,red,
BAG_CLOSED,178028,8/8/2023 11:49:21 AM,1563e213-aaa4-4b79-84a1-8f917ea9f7a9,"(0.6, 0.4, 6.1)",
TELEPORT,178028,8/8/2023 11:49:21 AM,1563e213-aaa4-4b79-84a1-8f917ea9f7a9,"(0.8, 0.0, 4.5)",
PATIENT_ENGAGED,179314,8/8/2023 11:49:22 AM,1563e213-aaa4-4b79-84a1-8f917ea9f7a9,100,Infinity,Gary_1 Root,"(1.6, 0.0, 7.6)","(0.0, 1.0, 0.0, 0.0)",EXPECTANT,still,none,restricted,none,unresponsive,supine,
TELEPORT,180016,8/8/2023 11:49:23 AM,1563e213-aaa4-4b79-84a1-8f917ea9f7a9,"(1.1, 0.0, 6.0)",
PULSE_TAKEN,180821,8/8/2023 11:49:24 AM,1563e213-aaa4-4b79-84a1-8f917ea9f7a9,pulse_none,Gary_1 Root,
PULSE_TAKEN,183022,8/8/2023 11:49:26 AM,1563e213-aaa4-4b79-84a1-8f917ea9f7a9,pulse_none,Gary_1 Root,
PULSE_TAKEN,183089,8/8/2023 11:49:26 AM,1563e213-aaa4-4b79-84a1-8f917ea9f7a9,pulse_none,Gary_1 Root,
PULSE_TAKEN,184394,8/8/2023 11:49:27 AM,1563e213-aaa4-4b79-84a1-8f917ea9f7a9,pulse_none,Gary_1 Root,
VOICE_CAPTURE,186231,8/8/2023 11:49:29 AM,1563e213-aaa4-4b79-84a1-8f917ea9f7a9,open his airway any difference with the airway,NA,
BAG_ACCESS,187228,8/8/2023 11:49:30 AM,1563e213-aaa4-4b79-84a1-8f917ea9f7a9,"(1.0, 0.6, 7.7)",
PULSE_TAKEN,188608,8/8/2023 11:49:31 AM,1563e213-aaa4-4b79-84a1-8f917ea9f7a9,pulse_none,Gary_1 Root,
PATIENT_ENGAGED,188942,8/8/2023 11:49:32 AM,1563e213-aaa4-4b79-84a1-8f917ea9f7a9,100,Infinity,Lily_4 Root,"(1.2, 0.0, 6.2)","(0.0, 1.0, 0.0, 0.0)",IMMEDIATE,waver,fast,normal,normal,upset,supine,
TAG_SELECTED,189343,8/8/2023 11:49:32 AM,1563e213-aaa4-4b79-84a1-8f917ea9f7a9,gray,
PATIENT_ENGAGED,189775,8/8/2023 11:49:33 AM,1563e213-aaa4-4b79-84a1-8f917ea9f7a9,100,Infinity,Gary_1 Root,"(1.6, 0.0, 7.6)","(0.0, 1.0, 0.0, 0.0)",EXPECTANT,still,none,restricted,none,unresponsive,supine,
TAG_APPLIED,190125,8/8/2023 11:49:33 AM,1563e213-aaa4-4b79-84a1-8f917ea9f7a9,Gary_1 Root,gray,
BAG_CLOSED,191517,8/8/2023 11:49:34 AM,1563e213-aaa4-4b79-84a1-8f917ea9f7a9,"(1.0, 0.6, 7.7)",
TELEPORT,191517,8/8/2023 11:49:34 AM,1563e213-aaa4-4b79-84a1-8f917ea9f7a9,"(1.1, 0.0, 6.0)",
TELEPORT,194285,8/8/2023 11:49:37 AM,1563e213-aaa4-4b79-84a1-8f917ea9f7a9,"(1.1, 0.0, 6.0)",
PATIENT_ENGAGED,195436,8/8/2023 11:49:38 AM,1563e213-aaa4-4b79-84a1-8f917ea9f7a9,100,Infinity,Bob_0 Root,"(-1.7, 0.0, 5.7)","(0.0, 0.7, 0.0, 0.7)",DEAD,still,none,none,none,dead,supine,
PULSE_TAKEN,196120,8/8/2023 11:49:39 AM,1563e213-aaa4-4b79-84a1-8f917ea9f7a9,pulse_none,Bob_0 Root,
VOICE_CAPTURE,200950,8/8/2023 11:49:44 AM,1563e213-aaa4-4b79-84a1-8f917ea9f7a9,Sir can you hear me,NA,
VOICE_COMMAND,200950,8/8/2023 11:49:44 AM,1563e213-aaa4-4b79-84a1-8f917ea9f7a9,can you hear,Sir can you hear me,
TOOL_HOVER,200951,8/8/2023 11:49:44 AM,1563e213-aaa4-4b79-84a1-8f917ea9f7a9,Gauze,999,
TOOL_HOVER,200967,8/8/2023 11:49:44 AM,1563e213-aaa4-4b79-84a1-8f917ea9f7a9,Gauze,999,
TOOL_HOVER,200983,8/8/2023 11:49:44 AM,1563e213-aaa4-4b79-84a1-8f917ea9f7a9,Gauze,999,
TOOL_HOVER,200999,8/8/2023 11:49:44 AM,1563e213-aaa4-4b79-84a1-8f917ea9f7a9,Gauze,999,
TOOL_HOVER,201016,8/8/2023 11:49:44 AM,1563e213-aaa4-4b79-84a1-8f917ea9f7a9,Gauze,999,
TOOL_HOVER,201033,8/8/2023 11:49:44 AM,1563e213-aaa4-4b79-84a1-8f917ea9f7a9,Gauze,999,
BAG_ACCESS,201468,8/8/2023 11:49:44 AM,1563e213-aaa4-4b79-84a1-8f917ea9f7a9,"(-1.6, 0.5, 5.2)",
VOICE_CAPTURE,201809,8/8/2023 11:49:45 AM,1563e213-aaa4-4b79-84a1-8f917ea9f7a9,modbutton no,NA,
VOICE_COMMAND,201809,8/8/2023 11:49:45 AM,1563e213-aaa4-4b79-84a1-8f917ea9f7a9,modbutton no,modbutton no,
TOOL_HOVER,202094,8/8/2023 11:49:45 AM,1563e213-aaa4-4b79-84a1-8f917ea9f7a9,Needle,997,
TOOL_HOVER,202110,8/8/2023 11:49:45 AM,1563e213-aaa4-4b79-84a1-8f917ea9f7a9,Needle,997,
TOOL_SELECTED,202111,8/8/2023 11:49:45 AM,1563e213-aaa4-4b79-84a1-8f917ea9f7a9,Needle,996,
INJURY_TREATED,203431,8/8/2023 11:49:46 AM,1563e213-aaa4-4b79-84a1-8f917ea9f7a9,L Chest Collapse,Bob_0 Root,decompress,high,chest,True,False,"(0.0, 0.0, 0.0)",
TOOL_APPLIED,203431,8/8/2023 11:49:46 AM,1563e213-aaa4-4b79-84a1-8f917ea9f7a9,Needle_Decomp(Clone),Needle,LChest_Breathe1 (UnityEngine.GameObject),cath_needle (UnityEngine.GameObject),left_chest,Needle_Decomp(Clone) (UnityEngine.GameObject),AppliedDecompNeedle,
PULSE_TAKEN,204394,8/8/2023 11:49:47 AM,1563e213-aaa4-4b79-84a1-8f917ea9f7a9,pulse_none,Bob_0 Root,
PULSE_TAKEN,204827,8/8/2023 11:49:48 AM,1563e213-aaa4-4b79-84a1-8f917ea9f7a9,pulse_none,Bob_0 Root,
PULSE_TAKEN,205645,8/8/2023 11:49:48 AM,1563e213-aaa4-4b79-84a1-8f917ea9f7a9,pulse_none,Bob_0 Root,
PULSE_TAKEN,205928,8/8/2023 11:49:49 AM,1563e213-aaa4-4b79-84a1-8f917ea9f7a9,pulse_none,Bob_0 Root,
VOICE_CAPTURE,207098,8/8/2023 11:49:50 AM,1563e213-aaa4-4b79-84a1-8f917ea9f7a9,modbutton groan,NA,
VOICE_COMMAND,207098,8/8/2023 11:49:50 AM,1563e213-aaa4-4b79-84a1-8f917ea9f7a9,modbutton groan,modbutton groan,
VOICE_CAPTURE,207419,8/8/2023 11:49:50 AM,1563e213-aaa4-4b79-84a1-8f917ea9f7a9,anything,NA,
TAG_SELECTED,207670,8/8/2023 11:49:50 AM,1563e213-aaa4-4b79-84a1-8f917ea9f7a9,black,
VOICE_CAPTURE,208518,8/8/2023 11:49:51 AM,1563e213-aaa4-4b79-84a1-8f917ea9f7a9,OK,NA,
TAG_APPLIED,208769,8/8/2023 11:49:52 AM,1563e213-aaa4-4b79-84a1-8f917ea9f7a9,Bob_0 Root,black,
BAG_CLOSED,209620,8/8/2023 11:49:52 AM,1563e213-aaa4-4b79-84a1-8f917ea9f7a9,"(-1.6, 0.5, 5.2)",
TELEPORT,209620,8/8/2023 11:49:52 AM,1563e213-aaa4-4b79-84a1-8f917ea9f7a9,"(-0.8, 0.0, 3.7)",
TELEPORT,210757,8/8/2023 11:49:54 AM,1563e213-aaa4-4b79-84a1-8f917ea9f7a9,"(-0.8, 0.0, 3.7)",
PATIENT_ENGAGED,210957,8/8/2023 11:49:54 AM,1563e213-aaa4-4b79-84a1-8f917ea9f7a9,100,Infinity,Gloria_6 Root,"(-1.2, 0.0, 3.1)","(0.0, 0.4, 0.0, 0.9)",DELAYED,waver,fast,normal,normal,upset,fetal,
TELEPORT,211944,8/8/2023 11:49:55 AM,1563e213-aaa4-4b79-84a1-8f917ea9f7a9,"(-0.8, 0.0, 3.7)",
PULSE_TAKEN,215418,8/8/2023 11:49:58 AM,1563e213-aaa4-4b79-84a1-8f917ea9f7a9,pulse_fast,Gloria_6 Root,
TOOL_HOVER,216636,8/8/2023 11:49:59 AM,1563e213-aaa4-4b79-84a1-8f917ea9f7a9,Tourniquet,996,
TOOL_HOVER,216653,8/8/2023 11:49:59 AM,1563e213-aaa4-4b79-84a1-8f917ea9f7a9,Tourniquet,996,
TOOL_HOVER,216670,8/8/2023 11:50:00 AM,1563e213-aaa4-4b79-84a1-8f917ea9f7a9,Tourniquet,996,
TOOL_HOVER,216688,8/8/2023 11:50:00 AM,1563e213-aaa4-4b79-84a1-8f917ea9f7a9,Tourniquet,996,
TOOL_HOVER,216704,8/8/2023 11:50:00 AM,1563e213-aaa4-4b79-84a1-8f917ea9f7a9,Tourniquet,996,
TOOL_HOVER,216721,8/8/2023 11:50:00 AM,1563e213-aaa4-4b79-84a1-8f917ea9f7a9,Tourniquet,996,
VOICE_CAPTURE,216871,8/8/2023 11:50:00 AM,1563e213-aaa4-4b79-84a1-8f917ea9f7a9,are you hurt,NA,
VOICE_COMMAND,216871,8/8/2023 11:50:00 AM,1563e213-aaa4-4b79-84a1-8f917ea9f7a9,are you hurt,are you hurt,
BAG_ACCESS,217389,8/8/2023 11:50:00 AM,1563e213-aaa4-4b79-84a1-8f917ea9f7a9,"(-1.3, 0.4, 3.6)",
VOICE_CAPTURE,218007,8/8/2023 11:50:01 AM,1563e213-aaa4-4b79-84a1-8f917ea9f7a9,yeah I'm coming I'm gonna feel for your pulse what's your name,NA,
VOICE_COMMAND,218007,8/8/2023 11:50:01 AM,1563e213-aaa4-4b79-84a1-8f917ea9f7a9,what is your name,yeah I'm coming I'm gonna feel for your pulse what's your name,
TOOL_HOVER,218291,8/8/2023 11:50:01 AM,1563e213-aaa4-4b79-84a1-8f917ea9f7a9,Gauze,999,
TOOL_HOVER,218308,8/8/2023 11:50:01 AM,1563e213-aaa4-4b79-84a1-8f917ea9f7a9,Gauze,999,
TOOL_HOVER,218325,8/8/2023 11:50:01 AM,1563e213-aaa4-4b79-84a1-8f917ea9f7a9,Gauze,999,
TOOL_HOVER,218341,8/8/2023 11:50:01 AM,1563e213-aaa4-4b79-84a1-8f917ea9f7a9,Gauze,999,
TOOL_HOVER,218358,8/8/2023 11:50:01 AM,1563e213-aaa4-4b79-84a1-8f917ea9f7a9,Gauze,999,
TOOL_HOVER,218375,8/8/2023 11:50:01 AM,1563e213-aaa4-4b79-84a1-8f917ea9f7a9,Gauze,999,
TOOL_HOVER,218391,8/8/2023 11:50:01 AM,1563e213-aaa4-4b79-84a1-8f917ea9f7a9,Gauze,999,
TOOL_HOVER,218409,8/8/2023 11:50:01 AM,1563e213-aaa4-4b79-84a1-8f917ea9f7a9,Gauze,999,
TOOL_HOVER,218425,8/8/2023 11:50:01 AM,1563e213-aaa4-4b79-84a1-8f917ea9f7a9,Gauze,999,
TOOL_HOVER,218442,8/8/2023 11:50:01 AM,1563e213-aaa4-4b79-84a1-8f917ea9f7a9,Gauze,999,
TOOL_HOVER,218459,8/8/2023 11:50:01 AM,1563e213-aaa4-4b79-84a1-8f917ea9f7a9,Gauze,999,
TOOL_HOVER,218475,8/8/2023 11:50:01 AM,1563e213-aaa4-4b79-84a1-8f917ea9f7a9,Gauze,999,
TOOL_HOVER,218492,8/8/2023 11:50:01 AM,1563e213-aaa4-4b79-84a1-8f917ea9f7a9,Gauze,999,
TOOL_HOVER,218509,8/8/2023 11:50:01 AM,1563e213-aaa4-4b79-84a1-8f917ea9f7a9,Gauze,999,
TOOL_HOVER,218525,8/8/2023 11:50:01 AM,1563e213-aaa4-4b79-84a1-8f917ea9f7a9,Gauze,999,
TOOL_HOVER,218544,8/8/2023 11:50:01 AM,1563e213-aaa4-4b79-84a1-8f917ea9f7a9,Gauze,999,
TOOL_HOVER,218558,8/8/2023 11:50:01 AM,1563e213-aaa4-4b79-84a1-8f917ea9f7a9,Gauze,999,
TOOL_HOVER,218575,8/8/2023 11:50:01 AM,1563e213-aaa4-4b79-84a1-8f917ea9f7a9,Gauze,999,
TOOL_HOVER,218593,8/8/2023 11:50:01 AM,1563e213-aaa4-4b79-84a1-8f917ea9f7a9,Gauze,999,
TOOL_HOVER,218610,8/8/2023 11:50:01 AM,1563e213-aaa4-4b79-84a1-8f917ea9f7a9,Gauze,999,
TOOL_HOVER,218626,8/8/2023 11:50:01 AM,1563e213-aaa4-4b79-84a1-8f917ea9f7a9,Gauze,999,
TOOL_HOVER,218642,8/8/2023 11:50:01 AM,1563e213-aaa4-4b79-84a1-8f917ea9f7a9,Gauze,999,
TOOL_SELECTED,218643,8/8/2023 11:50:01 AM,1563e213-aaa4-4b79-84a1-8f917ea9f7a9,Gauze,998,
TOOL_DISCARDED,219362,8/8/2023 11:50:02 AM,1563e213-aaa4-4b79-84a1-8f917ea9f7a9,Gauze,998,"(-1.1, 0.2, 3.3)",
INJURY_TREATED,219362,8/8/2023 11:50:02 AM,1563e213-aaa4-4b79-84a1-8f917ea9f7a9,R Calf Shrapnel,Gloria_6 Root,gauzePressure,medium,rightLeg,True,False,"(-1.1, 0.2, 3.2)",
TOOL_APPLIED,219362,8/8/2023 11:50:02 AM,1563e213-aaa4-4b79-84a1-8f917ea9f7a9,Gloria_6 Root,Gauze_Dressing,skinCollider_Body_LOD (UnityEngine.GameObject),null,null,AppliedDressingGauze,
TAG_SELECTED,221867,8/8/2023 11:50:05 AM,1563e213-aaa4-4b79-84a1-8f917ea9f7a9,yellow,
TAG_APPLIED,222652,8/8/2023 11:50:05 AM,1563e213-aaa4-4b79-84a1-8f917ea9f7a9,Gloria_6 Root,yellow,
BAG_CLOSED,223605,8/8/2023 11:50:06 AM,1563e213-aaa4-4b79-84a1-8f917ea9f7a9,"(-1.3, 0.4, 3.6)",
TELEPORT,223605,8/8/2023 11:50:06 AM,1563e213-aaa4-4b79-84a1-8f917ea9f7a9,"(-0.7, 0.0, 2.8)",
VOICE_CAPTURE,226245,8/8/2023 11:50:09 AM,1563e213-aaa4-4b79-84a1-8f917ea9f7a9,Gloria,NA,
PATIENT_ENGAGED,227784,8/8/2023 11:50:11 AM,1563e213-aaa4-4b79-84a1-8f917ea9f7a9,100,Infinity,Mike_5 Root,"(2.7, 0.0, 2.3)","(0.0, 1.0, 0.0, 0.0)",IMMEDIATE,waver,fast,normal,normal,upset,fetal,
VOICE_CAPTURE,229532,8/8/2023 11:50:12 AM,1563e213-aaa4-4b79-84a1-8f917ea9f7a9,this guy,NA,
VOICE_CAPTURE,230973,8/8/2023 11:50:14 AM,1563e213-aaa4-4b79-84a1-8f917ea9f7a9,oh boy,NA,
TOOL_HOVER,231054,8/8/2023 11:50:14 AM,1563e213-aaa4-4b79-84a1-8f917ea9f7a9,Gauze,999,
TOOL_HOVER,231076,8/8/2023 11:50:14 AM,1563e213-aaa4-4b79-84a1-8f917ea9f7a9,Gauze,999,
TOOL_HOVER,231096,8/8/2023 11:50:14 AM,1563e213-aaa4-4b79-84a1-8f917ea9f7a9,Gauze,999,
TOOL_HOVER,231116,8/8/2023 11:50:14 AM,1563e213-aaa4-4b79-84a1-8f917ea9f7a9,Gauze,999,
TOOL_HOVER,231136,8/8/2023 11:50:14 AM,1563e213-aaa4-4b79-84a1-8f917ea9f7a9,Gauze,999,
VOICE_CAPTURE,231156,8/8/2023 11:50:14 AM,1563e213-aaa4-4b79-84a1-8f917ea9f7a9,are you hurt,NA,
VOICE_COMMAND,231156,8/8/2023 11:50:14 AM,1563e213-aaa4-4b79-84a1-8f917ea9f7a9,are you hurt,are you hurt,
BAG_ACCESS,231424,8/8/2023 11:50:14 AM,1563e213-aaa4-4b79-84a1-8f917ea9f7a9,"(2.6, 0.5, 2.2)",
TOOL_HOVER,231882,8/8/2023 11:50:15 AM,1563e213-aaa4-4b79-84a1-8f917ea9f7a9,Tourniquet,996,
TOOL_HOVER,231899,8/8/2023 11:50:15 AM,1563e213-aaa4-4b79-84a1-8f917ea9f7a9,Tourniquet,996,
TOOL_HOVER,231916,8/8/2023 11:50:15 AM,1563e213-aaa4-4b79-84a1-8f917ea9f7a9,Tourniquet,996,
TOOL_HOVER,231932,8/8/2023 11:50:15 AM,1563e213-aaa4-4b79-84a1-8f917ea9f7a9,Tourniquet,996,
TOOL_HOVER,231948,8/8/2023 11:50:15 AM,1563e213-aaa4-4b79-84a1-8f917ea9f7a9,Tourniquet,996,
TOOL_HOVER,231965,8/8/2023 11:50:15 AM,1563e213-aaa4-4b79-84a1-8f917ea9f7a9,Tourniquet,996,
TOOL_SELECTED,231966,8/8/2023 11:50:15 AM,1563e213-aaa4-4b79-84a1-8f917ea9f7a9,Tourniquet,995,
INJURY_TREATED,232997,8/8/2023 11:50:16 AM,1563e213-aaa4-4b79-84a1-8f917ea9f7a9,R Thigh Laceration,Mike_5 Root,tourniquet,medium,rightLeg,True,False,"(3.0, 0.3, 2.2)",
TOOL_APPLIED,232997,8/8/2023 11:50:16 AM,1563e213-aaa4-4b79-84a1-8f917ea9f7a9,Mike_5 Root,Tourniquet,RightUpLeg (UnityEngine.GameObject),tor_ring (1) (UnityEngine.GameObject),tourniquet(Clone) (UnityEngine.GameObject),AppliedTourniquet,
PULSE_TAKEN,234069,8/8/2023 11:50:17 AM,1563e213-aaa4-4b79-84a1-8f917ea9f7a9,pulse_fast,Mike_5 Root,
PULSE_TAKEN,234952,8/8/2023 11:50:18 AM,1563e213-aaa4-4b79-84a1-8f917ea9f7a9,pulse_fast,Mike_5 Root,
TOOL_HOVER,235887,8/8/2023 11:50:19 AM,1563e213-aaa4-4b79-84a1-8f917ea9f7a9,Hemostatic Gauze,999,
TOOL_HOVER,235904,8/8/2023 11:50:19 AM,1563e213-aaa4-4b79-84a1-8f917ea9f7a9,Hemostatic Gauze,999,
TOOL_SELECTED,235905,8/8/2023 11:50:19 AM,1563e213-aaa4-4b79-84a1-8f917ea9f7a9,Hemostatic Gauze,998,
VOICE_CAPTURE,236986,8/8/2023 11:50:20 AM,1563e213-aaa4-4b79-84a1-8f917ea9f7a9,feel for your pulse buddy can you roll over for me,NA,
VOICE_COMMAND,236986,8/8/2023 11:50:20 AM,1563e213-aaa4-4b79-84a1-8f917ea9f7a9,lay down,feel for your pulse buddy can you roll over for me,
VOICE_CAPTURE,237020,8/8/2023 11:50:20 AM,1563e213-aaa4-4b79-84a1-8f917ea9f7a9,lay down,NA,
VOICE_COMMAND,237020,8/8/2023 11:50:20 AM,1563e213-aaa4-4b79-84a1-8f917ea9f7a9,lay down,lay down,
TOOL_DISCARDED,237154,8/8/2023 11:50:20 AM,1563e213-aaa4-4b79-84a1-8f917ea9f7a9,Hemostatic Gauze,998,"(3.1, 0.2, 2.5)",
TOOL_APPLIED,237154,8/8/2023 11:50:20 AM,1563e213-aaa4-4b79-84a1-8f917ea9f7a9,Mike_5 Root,Gauze_Pack,skinCollider_BodyCollideLOD (UnityEngine.GameObject),null,null,AppliedPackingGauze,
PULSE_TAKEN,237561,8/8/2023 11:50:20 AM,1563e213-aaa4-4b79-84a1-8f917ea9f7a9,pulse_fast,Mike_5 Root,
PULSE_TAKEN,237893,8/8/2023 11:50:21 AM,1563e213-aaa4-4b79-84a1-8f917ea9f7a9,pulse_fast,Mike_5 Root,
TOOL_HOVER,240088,8/8/2023 11:50:23 AM,1563e213-aaa4-4b79-84a1-8f917ea9f7a9,Hemostatic Gauze,999,
TOOL_HOVER,240105,8/8/2023 11:50:23 AM,1563e213-aaa4-4b79-84a1-8f917ea9f7a9,Hemostatic Gauze,999,
TOOL_HOVER,240123,8/8/2023 11:50:23 AM,1563e213-aaa4-4b79-84a1-8f917ea9f7a9,Hemostatic Gauze,999,
TOOL_HOVER,240138,8/8/2023 11:50:23 AM,1563e213-aaa4-4b79-84a1-8f917ea9f7a9,Hemostatic Gauze,999,
TOOL_HOVER,240155,8/8/2023 11:50:23 AM,1563e213-aaa4-4b79-84a1-8f917ea9f7a9,Hemostatic Gauze,999,
TOOL_HOVER,240172,8/8/2023 11:50:23 AM,1563e213-aaa4-4b79-84a1-8f917ea9f7a9,Hemostatic Gauze,999,
TOOL_HOVER,240190,8/8/2023 11:50:23 AM,1563e213-aaa4-4b79-84a1-8f917ea9f7a9,Hemostatic Gauze,999,
TOOL_SELECTED,240191,8/8/2023 11:50:23 AM,1563e213-aaa4-4b79-84a1-8f917ea9f7a9,Hemostatic Gauze,998,
TOOL_DISCARDED,241705,8/8/2023 11:50:25 AM,1563e213-aaa4-4b79-84a1-8f917ea9f7a9,Hemostatic Gauze,998,"(2.3, 0.2, 2.5)",
INJURY_TREATED,241706,8/8/2023 11:50:25 AM,1563e213-aaa4-4b79-84a1-8f917ea9f7a9,R Side Puncture,Mike_5 Root,woundpack,medium,abdomen,True,False,"(2.3, 0.2, 2.5)",
TOOL_APPLIED,241706,8/8/2023 11:50:25 AM,1563e213-aaa4-4b79-84a1-8f917ea9f7a9,Mike_5 Root,Gauze_Pack,skinCollider_BodyCollideLOD (UnityEngine.GameObject),null,null,AppliedPackingGauze,
PULSE_TAKEN,244673,8/8/2023 11:50:28 AM,1563e213-aaa4-4b79-84a1-8f917ea9f7a9,pulse_fast,Mike_5 Root,
BAG_CLOSED,244858,8/8/2023 11:50:28 AM,1563e213-aaa4-4b79-84a1-8f917ea9f7a9,"(2.6, 0.5, 2.2)",
PULSE_TAKEN,245106,8/8/2023 11:50:28 AM,1563e213-aaa4-4b79-84a1-8f917ea9f7a9,pulse_fast,Mike_5 Root,
VOICE_CAPTURE,247244,8/8/2023 11:50:30 AM,1563e213-aaa4-4b79-84a1-8f917ea9f7a9,stop the bleeding pulse,NA,
BAG_ACCESS,247312,8/8/2023 11:50:30 AM,1563e213-aaa4-4b79-84a1-8f917ea9f7a9,"(2.4, 0.5, 2.5)",
TAG_SELECTED,247713,8/8/2023 11:50:31 AM,1563e213-aaa4-4b79-84a1-8f917ea9f7a9,red,
TAG_APPLIED,249634,8/8/2023 11:50:32 AM,1563e213-aaa4-4b79-84a1-8f917ea9f7a9,Mike_5 Root,red,
BAG_CLOSED,250270,8/8/2023 11:50:33 AM,1563e213-aaa4-4b79-84a1-8f917ea9f7a9,"(2.4, 0.5, 2.5)",
TELEPORT,250270,8/8/2023 11:50:33 AM,1563e213-aaa4-4b79-84a1-8f917ea9f7a9,"(2.6, 0.0, 1.2)",
TELEPORT,250370,8/8/2023 11:50:33 AM,1563e213-aaa4-4b79-84a1-8f917ea9f7a9,"(2.6, 0.0, 1.2)",
VOICE_CAPTURE,255460,8/8/2023 11:50:38 AM,1563e213-aaa4-4b79-84a1-8f917ea9f7a9,alright 12345678,NA,
TELEPORT,255560,8/8/2023 11:50:38 AM,1563e213-aaa4-4b79-84a1-8f917ea9f7a9,"(4.5, 0.0, -0.9)",
PATIENT_ENGAGED,256893,8/8/2023 11:50:40 AM,1563e213-aaa4-4b79-84a1-8f917ea9f7a9,100,Infinity,Helga_10 Root,"(4.3, 0.0, -2.3)","(0.0, 0.5, 0.0, -0.8)",MINIMAL,walker,normal,normal,normal,calm,sittingGround,
TELEPORT,257310,8/8/2023 11:50:40 AM,1563e213-aaa4-4b79-84a1-8f917ea9f7a9,"(4.7, 0.0, -2.5)",
PATIENT_ENGAGED,259078,8/8/2023 11:50:42 AM,1563e213-aaa4-4b79-84a1-8f917ea9f7a9,100,Infinity,Gloria_8 Root,"(1.8, 0.0, -3.1)","(0.0, 0.6, 0.0, 0.8)",MINIMAL,walker,normal,normal,normal,upset,sittingGround,
BAG_ACCESS,259877,8/8/2023 11:50:43 AM,1563e213-aaa4-4b79-84a1-8f917ea9f7a9,"(1.9, 0.7, -2.6)",
TOOL_HOVER,260594,8/8/2023 11:50:43 AM,1563e213-aaa4-4b79-84a1-8f917ea9f7a9,Gauze,999,
TOOL_HOVER,260611,8/8/2023 11:50:43 AM,1563e213-aaa4-4b79-84a1-8f917ea9f7a9,Gauze,999,
TOOL_SELECTED,260612,8/8/2023 11:50:43 AM,1563e213-aaa4-4b79-84a1-8f917ea9f7a9,Gauze,998,
VOICE_CAPTURE,261129,8/8/2023 11:50:44 AM,1563e213-aaa4-4b79-84a1-8f917ea9f7a9,are you hurt,NA,
VOICE_COMMAND,261129,8/8/2023 11:50:44 AM,1563e213-aaa4-4b79-84a1-8f917ea9f7a9,are you hurt,are you hurt,
TOOL_DISCARDED,261446,8/8/2023 11:50:44 AM,1563e213-aaa4-4b79-84a1-8f917ea9f7a9,Gauze,998,"(1.6, 0.4, -3.1)",
INJURY_TREATED,261446,8/8/2023 11:50:44 AM,1563e213-aaa4-4b79-84a1-8f917ea9f7a9,L Forearm Laceration,Gloria_8 Root,gauzePressure,low,leftArm,True,False,"(1.7, 0.4, -3.1)",
TOOL_APPLIED,261446,8/8/2023 11:50:44 AM,1563e213-aaa4-4b79-84a1-8f917ea9f7a9,Gloria_8 Root,Gauze_Dressing,skinCollider_Body_LOD (UnityEngine.GameObject),null,null,AppliedDressingGauze,
VOICE_CAPTURE,262548,8/8/2023 11:50:45 AM,1563e213-aaa4-4b79-84a1-8f917ea9f7a9,close,NA,
PULSE_TAKEN,263299,8/8/2023 11:50:46 AM,1563e213-aaa4-4b79-84a1-8f917ea9f7a9,pulse_normal,Gloria_8 Root,
VOICE_CAPTURE,265153,8/8/2023 11:50:48 AM,1563e213-aaa4-4b79-84a1-8f917ea9f7a9,OK,NA,
PULSE_TAKEN,265354,8/8/2023 11:50:48 AM,1563e213-aaa4-4b79-84a1-8f917ea9f7a9,pulse_normal,Gloria_8 Root,
VOICE_CAPTURE,266942,8/8/2023 11:50:50 AM,1563e213-aaa4-4b79-84a1-8f917ea9f7a9,lay down,NA,
VOICE_COMMAND,266942,8/8/2023 11:50:50 AM,1563e213-aaa4-4b79-84a1-8f917ea9f7a9,lay down,lay down,
VOICE_CAPTURE,267158,8/8/2023 11:50:50 AM,1563e213-aaa4-4b79-84a1-8f917ea9f7a9,you heard anywhere else you lay back for me,NA,
VOICE_COMMAND,267158,8/8/2023 11:50:50 AM,1563e213-aaa4-4b79-84a1-8f917ea9f7a9,anywhere else,you heard anywhere else you lay back for me,
TAG_SELECTED,267627,8/8/2023 11:50:50 AM,1563e213-aaa4-4b79-84a1-8f917ea9f7a9,green,
TAG_APPLIED,269048,8/8/2023 11:50:52 AM,1563e213-aaa4-4b79-84a1-8f917ea9f7a9,Gloria_8 Root,green,
TAG_SELECTED,270017,8/8/2023 11:50:53 AM,1563e213-aaa4-4b79-84a1-8f917ea9f7a9,red,
TAG_DISCARDED,270417,8/8/2023 11:50:53 AM,1563e213-aaa4-4b79-84a1-8f917ea9f7a9,red,"(2.2, 1.1, -2.4)",
BAG_CLOSED,270651,8/8/2023 11:50:53 AM,1563e213-aaa4-4b79-84a1-8f917ea9f7a9,"(1.9, 0.7, -2.6)",
TELEPORT,270653,8/8/2023 11:50:53 AM,1563e213-aaa4-4b79-84a1-8f917ea9f7a9,"(3.3, 0.0, -3.6)",
TELEPORT,272622,8/8/2023 11:50:55 AM,1563e213-aaa4-4b79-84a1-8f917ea9f7a9,"(3.8, 0.0, 6.1)",
PATIENT_ENGAGED,273792,8/8/2023 11:50:57 AM,1563e213-aaa4-4b79-84a1-8f917ea9f7a9,100,0,Gary_9 Root,"(2.9, 0.0, 9.1)","(0.0, 1.0, 0.0, 0.0)",MINIMAL,walker,normal,normal,limited,calm,standing,
VOICE_CAPTURE,274142,8/8/2023 11:50:57 AM,1563e213-aaa4-4b79-84a1-8f917ea9f7a9,gosh oh that was cool I threw that would you see that I just threw it on her,NA,
PULSE_TAKEN,275962,8/8/2023 11:50:59 AM,1563e213-aaa4-4b79-84a1-8f917ea9f7a9,pulse_normal,Gary_9 Root,
PULSE_TAKEN,276064,8/8/2023 11:50:59 AM,1563e213-aaa4-4b79-84a1-8f917ea9f7a9,pulse_normal,Gary_9 Root,
VOICE_CAPTURE,276198,8/8/2023 11:50:59 AM,1563e213-aaa4-4b79-84a1-8f917ea9f7a9,can you hear,NA,
VOICE_COMMAND,276198,8/8/2023 11:50:59 AM,1563e213-aaa4-4b79-84a1-8f917ea9f7a9,can you hear,can you hear,
VOICE_CAPTURE,278150,8/8/2023 11:51:01 AM,1563e213-aaa4-4b79-84a1-8f917ea9f7a9,oh hey bud let me see can I see your ear,NA,
VOICE_COMMAND,278151,8/8/2023 11:51:01 AM,1563e213-aaa4-4b79-84a1-8f917ea9f7a9,reveal injury,oh hey bud let me see can I see your ear,
PULSE_TAKEN,278888,8/8/2023 11:51:02 AM,1563e213-aaa4-4b79-84a1-8f917ea9f7a9,pulse_normal,Gary_9 Root,
BAG_ACCESS,279238,8/8/2023 11:51:02 AM,1563e213-aaa4-4b79-84a1-8f917ea9f7a9,"(2.8, 0.8, 8.6)",
TAG_SELECTED,279774,8/8/2023 11:51:03 AM,1563e213-aaa4-4b79-84a1-8f917ea9f7a9,green,
VOICE_CAPTURE,280124,8/8/2023 11:51:03 AM,1563e213-aaa4-4b79-84a1-8f917ea9f7a9,OK OK,NA,
VOICE_CAPTURE,280141,8/8/2023 11:51:03 AM,1563e213-aaa4-4b79-84a1-8f917ea9f7a9,are you hurt,NA,
VOICE_COMMAND,280141,8/8/2023 11:51:03 AM,1563e213-aaa4-4b79-84a1-8f917ea9f7a9,are you hurt,are you hurt,
PULSE_TAKEN,283983,8/8/2023 11:51:07 AM,1563e213-aaa4-4b79-84a1-8f917ea9f7a9,pulse_normal,Gary_9 Root,
TAG_APPLIED,285470,8/8/2023 11:51:08 AM,1563e213-aaa4-4b79-84a1-8f917ea9f7a9,Gary_9 Root,green,
PULSE_TAKEN,286809,8/8/2023 11:51:10 AM,1563e213-aaa4-4b79-84a1-8f917ea9f7a9,pulse_normal,Gary_9 Root,
BAG_CLOSED,288208,8/8/2023 11:51:11 AM,1563e213-aaa4-4b79-84a1-8f917ea9f7a9,"(2.8, 0.8, 8.6)",
TELEPORT,288208,8/8/2023 11:51:11 AM,1563e213-aaa4-4b79-84a1-8f917ea9f7a9,"(3.8, 0.0, 6.9)",
VOICE_CAPTURE,289263,8/8/2023 11:51:12 AM,1563e213-aaa4-4b79-84a1-8f917ea9f7a9,modbutton no,NA,
VOICE_COMMAND,289263,8/8/2023 11:51:12 AM,1563e213-aaa4-4b79-84a1-8f917ea9f7a9,modbutton no,modbutton no,
VOICE_CAPTURE,290099,8/8/2023 11:51:13 AM,1563e213-aaa4-4b79-84a1-8f917ea9f7a9,did you walk over there I know you're not gonna do it but,NA,
VOICE_COMMAND,290099,8/8/2023 11:51:13 AM,1563e213-aaa4-4b79-84a1-8f917ea9f7a9,walk to the safe area,did you walk over there I know you're not gonna do it but,
S_A_L_T_WALK_IF_CAN,290101,8/8/2023 11:51:13 AM,1563e213-aaa4-4b79-84a1-8f917ea9f7a9,"(3.0, 0.0, 4.5)",walkIfCan,Lily_2 Root,
S_A_L_T_WALK_IF_CAN,290101,8/8/2023 11:51:13 AM,1563e213-aaa4-4b79-84a1-8f917ea9f7a9,"(1.2, 0.0, 6.2)",walkIfCan,Lily_4 Root,
S_A_L_T_WALK_IF_CAN,290101,8/8/2023 11:51:13 AM,1563e213-aaa4-4b79-84a1-8f917ea9f7a9,"(2.7, 0.0, 2.3)",walkIfCan,Mike_5 Root,
S_A_L_T_WALK_IF_CAN,290101,8/8/2023 11:51:13 AM,1563e213-aaa4-4b79-84a1-8f917ea9f7a9,"(-1.2, 0.0, 3.1)",walkIfCan,Gloria_6 Root,
S_A_L_T_WALK_IF_CAN,290101,8/8/2023 11:51:13 AM,1563e213-aaa4-4b79-84a1-8f917ea9f7a9,"(1.3, 0.0, 3.4)",walkIfCan,Mike_7 Root,
S_A_L_T_WALK_IF_CAN,290101,8/8/2023 11:51:13 AM,1563e213-aaa4-4b79-84a1-8f917ea9f7a9,"(1.8, 0.0, -3.1)",walkIfCan,Gloria_8 Root,
S_A_L_T_WALKED,290101,8/8/2023 11:51:13 AM,1563e213-aaa4-4b79-84a1-8f917ea9f7a9,"(1.8, 0.0, -3.1)",walked,Gloria_8 Root,
S_A_L_T_WALK_IF_CAN,290101,8/8/2023 11:51:13 AM,1563e213-aaa4-4b79-84a1-8f917ea9f7a9,"(4.3, 0.0, -2.3)",walkIfCan,Helga_10 Root,
S_A_L_T_WALKED,290101,8/8/2023 11:51:13 AM,1563e213-aaa4-4b79-84a1-8f917ea9f7a9,"(4.3, 0.0, -2.3)",walked,Helga_10 Root,
PATIENT_ENGAGED,292075,8/8/2023 11:51:15 AM,1563e213-aaa4-4b79-84a1-8f917ea9f7a9,100,Infinity,Helga_10 Root,"(4.5, 0.0, -2.3)","(0.0, 0.7, 0.0, -0.7)",MINIMAL,walker,normal,normal,normal,calm,standing,
VOICE_CAPTURE,292274,8/8/2023 11:51:15 AM,1563e213-aaa4-4b79-84a1-8f917ea9f7a9,please go that way,NA,
PULSE_TAKEN,294658,8/8/2023 11:51:17 AM,1563e213-aaa4-4b79-84a1-8f917ea9f7a9,pulse_normal,Helga_10 Root,
VOICE_CAPTURE,295444,8/8/2023 11:51:18 AM,1563e213-aaa4-4b79-84a1-8f917ea9f7a9,you stop right there stop,NA,
VOICE_CAPTURE,296381,8/8/2023 11:51:19 AM,1563e213-aaa4-4b79-84a1-8f917ea9f7a9,modbutton im okay,NA,
VOICE_COMMAND,296381,8/8/2023 11:51:19 AM,1563e213-aaa4-4b79-84a1-8f917ea9f7a9,modbutton im okay,modbutton im okay,
VOICE_CAPTURE,296797,8/8/2023 11:51:20 AM,1563e213-aaa4-4b79-84a1-8f917ea9f7a9,everything OK,NA,
BAG_ACCESS,296883,8/8/2023 11:51:20 AM,1563e213-aaa4-4b79-84a1-8f917ea9f7a9,"(4.0, 0.7, -2.1)",
TAG_SELECTED,297183,8/8/2023 11:51:20 AM,1563e213-aaa4-4b79-84a1-8f917ea9f7a9,green,
TAG_APPLIED,298184,8/8/2023 11:51:21 AM,1563e213-aaa4-4b79-84a1-8f917ea9f7a9,Helga_10 Root,green,
PULSE_TAKEN,298234,8/8/2023 11:51:21 AM,1563e213-aaa4-4b79-84a1-8f917ea9f7a9,pulse_normal,Helga_10 Root,
PULSE_TAKEN,299971,8/8/2023 11:51:23 AM,1563e213-aaa4-4b79-84a1-8f917ea9f7a9,pulse_normal,Helga_10 Root,
VOICE_CAPTURE,300590,8/8/2023 11:51:23 AM,1563e213-aaa4-4b79-84a1-8f917ea9f7a9,OK alright,NA,
PULSE_TAKEN,300840,8/8/2023 11:51:24 AM,1563e213-aaa4-4b79-84a1-8f917ea9f7a9,pulse_normal,Helga_10 Root,
BAG_CLOSED,304800,8/8/2023 11:51:28 AM,1563e213-aaa4-4b79-84a1-8f917ea9f7a9,"(4.0, 0.7, -2.1)",
TELEPORT,304801,8/8/2023 11:51:28 AM,1563e213-aaa4-4b79-84a1-8f917ea9f7a9,"(5.1, 0.0, -2.6)",
VOICE_CAPTURE,305184,8/8/2023 11:51:28 AM,1563e213-aaa4-4b79-84a1-8f917ea9f7a9,check for the pause check for the pause,NA,
TELEPORT,308312,8/8/2023 11:51:31 AM,1563e213-aaa4-4b79-84a1-8f917ea9f7a9,"(5.1, 0.0, -2.6)",
TELEPORT,309213,8/8/2023 11:51:32 AM,1563e213-aaa4-4b79-84a1-8f917ea9f7a9,"(1.1, 0.0, 1.9)",
VOICE_CAPTURE,312016,8/8/2023 11:51:35 AM,1563e213-aaa4-4b79-84a1-8f917ea9f7a9,tag tag tag tag tag tag tag tag tag tag,NA,
SESSION_END,312286,8/8/2023 11:51:35 AM,1563e213-aaa4-4b79-84a1-8f917ea9f7a9,
VOICE_CAPTURE,315729,8/8/2023 11:51:39 AM,1563e213-aaa4-4b79-84a1-8f917ea9f7a9,alright clear,NA,
