BAG_ACCESS,4037,8/1/2023 12:32:12 PM,2703ca93-175b-4351-b0be-c67e23438d8f,"(1.7, 0.7, 1.3)",
TOOL_HOVER,4654,8/1/2023 12:32:13 PM,2703ca93-175b-4351-b0be-c67e23438d8f,Hemostatic Gauze,999,
TOOL_HOVER,4669,8/1/2023 12:32:13 PM,2703ca93-175b-4351-b0be-c67e23438d8f,Hemostatic Gauze,999,
TOOL_HOVER,4684,8/1/2023 12:32:13 PM,2703ca93-175b-4351-b0be-c67e23438d8f,Hemostatic Gauze,999,
TOOL_HOVER,4702,8/1/2023 12:32:13 PM,2703ca93-175b-4351-b0be-c67e23438d8f,Hemostatic Gauze,999,
TOOL_HOVER,4718,8/1/2023 12:32:13 PM,2703ca93-175b-4351-b0be-c67e23438d8f,Hemostatic Gauze,999,
TOOL_HOVER,4735,8/1/2023 12:32:13 PM,2703ca93-175b-4351-b0be-c67e23438d8f,Hemostatic Gauze,999,
TOOL_HOVER,4751,8/1/2023 12:32:13 PM,2703ca93-175b-4351-b0be-c67e23438d8f,Hemostatic Gauze,999,
TOOL_HOVER,4768,8/1/2023 12:32:13 PM,2703ca93-175b-4351-b0be-c67e23438d8f,Hemostatic Gauze,999,
TOOL_SELECTED,4772,8/1/2023 12:32:13 PM,2703ca93-175b-4351-b0be-c67e23438d8f,Hemostatic Gauze,998,
TOOL_DISCARDED,5304,8/1/2023 12:32:14 PM,2703ca93-175b-4351-b0be-c67e23438d8f,Hemostatic Gauze,998,"(1.8, 1.4, 0.9)",
TOOL_DISCARDED,5305,8/1/2023 12:32:14 PM,2703ca93-175b-4351-b0be-c67e23438d8f,Hemostatic Gauze,999,"(1.8, 1.4, 0.9)",
TAG_SELECTED,6172,8/1/2023 12:32:14 PM,2703ca93-175b-4351-b0be-c67e23438d8f,green,
TAG_DISCARDED,6768,8/1/2023 12:32:15 PM,2703ca93-175b-4351-b0be-c67e23438d8f,green,"(1.7, 1.2, 1.1)",
BAG_CLOSED,7317,8/1/2023 12:32:16 PM,2703ca93-175b-4351-b0be-c67e23438d8f,"(1.7, 0.7, 1.3)",
TELEPORT,7317,8/1/2023 12:32:16 PM,2703ca93-175b-4351-b0be-c67e23438d8f,"(1.9, 0.0, 1.2)",
TELEPORT,8333,8/1/2023 12:32:17 PM,2703ca93-175b-4351-b0be-c67e23438d8f,"(1.9, 0.0, 1.2)",
TELEPORT,31601,8/1/2023 12:32:40 PM,2703ca93-175b-4351-b0be-c67e23438d8f,"(0.8, 0.0, -7.7)",
TELEPORT,35944,8/1/2023 12:32:44 PM,2703ca93-175b-4351-b0be-c67e23438d8f,"(2.2, 0.0, -1.2)",
VOICE_CAPTURE,64713,8/1/2023 12:33:13 PM,2703ca93-175b-4351-b0be-c67e23438d8f,Hey Krista,NA,
VOICE_CAPTURE,69040,8/1/2023 12:33:17 PM,2703ca93-175b-4351-b0be-c67e23438d8f,will you load,NA,
VOICE_CAPTURE,70525,8/1/2023 12:33:19 PM,2703ca93-175b-4351-b0be-c67e23438d8f,this up,NA,
VOICE_CAPTURE,73699,8/1/2023 12:33:22 PM,2703ca93-175b-4351-b0be-c67e23438d8f,so over there on the screen,NA,
VOICE_CAPTURE,79916,8/1/2023 12:33:28 PM,2703ca93-175b-4351-b0be-c67e23438d8f,use them use the mouse and just hit just hit start,NA,
PATIENT_DEMOTED,81456,8/1/2023 12:33:30 PM,2703ca93-175b-4351-b0be-c67e23438d8f,100,Infinity,Bob_0 Root,"(-1.4, 0.0, 5.6)","(0.0, 0.7, 0.0, 0.7)",EXPECTANT,still,faint,restricted,none,unresponsive,supine,
PATIENT_DEMOTED,81660,8/1/2023 12:33:30 PM,2703ca93-175b-4351-b0be-c67e23438d8f,100,Infinity,Bob_0 Root,"(-1.5, 0.0, 5.6)","(0.0, 0.7, 0.0, 0.7)",DEAD,still,none,none,none,dead,supine,
PATIENT_DEMOTED,81773,8/1/2023 12:33:30 PM,2703ca93-175b-4351-b0be-c67e23438d8f,100,Infinity,Gary_1 Root,"(1.6, 0.0, 7.4)","(0.0, 1.0, 0.0, 0.0)",EXPECTANT,still,faint,restricted,none,unresponsive,supine,
VOICE_CAPTURE,81923,8/1/2023 12:33:30 PM,2703ca93-175b-4351-b0be-c67e23438d8f,Yep,NA,
PATIENT_DEMOTED,82513,8/1/2023 12:33:31 PM,2703ca93-175b-4351-b0be-c67e23438d8f,100,Infinity,Lily_2 Root,"(2.8, 0.0, 4.3)","(0.0, 1.0, 0.0, 0.0)",IMMEDIATE,waver,fast,fast,normal,agony,fetal,
PATIENT_DEMOTED,83201,8/1/2023 12:33:31 PM,2703ca93-175b-4351-b0be-c67e23438d8f,100,0,Gary_3 Root,"(0.3, 0.0, 1.6)","(0.0, 0.0, 0.0, 1.0)",IMMEDIATE,still,faint,collapsedRight,normal,unresponsive,supine,
PATIENT_DEMOTED,83790,8/1/2023 12:33:32 PM,2703ca93-175b-4351-b0be-c67e23438d8f,100,Infinity,Lily_4 Root,"(1.2, 0.0, 6.3)","(0.0, 1.0, 0.0, 0.0)",IMMEDIATE,waver,fast,normal,normal,upset,fetal,
PATIENT_DEMOTED,84623,8/1/2023 12:33:33 PM,2703ca93-175b-4351-b0be-c67e23438d8f,100,Infinity,Mike_5 Root,"(2.4, 0.0, 2.3)","(0.0, 1.0, 0.0, 0.0)",IMMEDIATE,waver,fast,normal,normal,upset,fetal,
PATIENT_DEMOTED,85172,8/1/2023 12:33:33 PM,2703ca93-175b-4351-b0be-c67e23438d8f,100,Infinity,Gloria_6 Root,"(-1.0, 0.0, 2.9)","(0.0, 0.4, 0.0, 0.9)",DELAYED,waver,fast,normal,normal,upset,fetal,
PATIENT_DEMOTED,85878,8/1/2023 12:33:34 PM,2703ca93-175b-4351-b0be-c67e23438d8f,100,Infinity,Mike_7 Root,"(1.7, 0.0, 3.9)","(0.0, 0.1, 0.0, 1.0)",IMMEDIATE,waver,fast,normal,normal,upset,sittingGround,
PATIENT_DEMOTED,86252,8/1/2023 12:33:35 PM,2703ca93-175b-4351-b0be-c67e23438d8f,100,Infinity,Mike_7 Root,"(1.0, 0.0, 3.7)","(0.0, 0.1, 0.0, 1.0)",DELAYED,waver,fast,normal,normal,upset,sittingGround,
VOICE_CAPTURE,87686,8/1/2023 12:33:36 PM,2703ca93-175b-4351-b0be-c67e23438d8f,and then when everything when everything loads up it just hit the spacebar,NA,
SESSION_START,91061,8/1/2023 12:33:39 PM,2703ca93-175b-4351-b0be-c67e23438d8f,
PATIENT_RECORD,91062,8/1/2023 12:33:39 PM,2703ca93-175b-4351-b0be-c67e23438d8f,100,Infinity,Bob_0 Root,"(-1.7, 0.0, 5.7)","(0.0, 0.7, 0.0, 0.7)",DEAD,still,none,none,none,dead,supine,
INJURY_RECORD,91062,8/1/2023 12:33:39 PM,2703ca93-175b-4351-b0be-c67e23438d8f,Face Shrapnel,Bob_0 Root,airway,high,head,False,False,"(-1.8, 1.7, 5.6)",
INJURY_RECORD,91062,8/1/2023 12:33:39 PM,2703ca93-175b-4351-b0be-c67e23438d8f,L Wrist Amputation,Bob_0 Root,tourniquet,high,leftArm,False,False,"(-1.8, 1.4, 6.3)",
INJURY_RECORD,91062,8/1/2023 12:33:39 PM,2703ca93-175b-4351-b0be-c67e23438d8f,L Chest Collapse,Bob_0 Root,decompress,high,chest,False,False,"(0.0, 0.0, 0.0)",
INJURY_RECORD,91062,8/1/2023 12:33:39 PM,2703ca93-175b-4351-b0be-c67e23438d8f,L Stomach Puncture,Bob_0 Root,woundpack,high,abdomen,False,False,"(-1.6, 1.1, 5.7)",
INJURY_RECORD,91062,8/1/2023 12:33:39 PM,2703ca93-175b-4351-b0be-c67e23438d8f,R Shin Amputation,Bob_0 Root,tourniquet,high,rightLeg,False,False,"(-1.7, 0.4, 5.6)",
INJURY_RECORD,91062,8/1/2023 12:33:39 PM,2703ca93-175b-4351-b0be-c67e23438d8f,L Thigh Laceration,Bob_0 Root,tourniquet,medium,leftLeg,False,False,"(-1.6, 0.7, 5.8)",
PATIENT_RECORD,91062,8/1/2023 12:33:39 PM,2703ca93-175b-4351-b0be-c67e23438d8f,100,Infinity,Gary_1 Root,"(1.6, 0.0, 7.6)","(0.0, 1.0, 0.0, 0.0)",EXPECTANT,still,none,restricted,none,unresponsive,supine,
INJURY_RECORD,91062,8/1/2023 12:33:39 PM,2703ca93-175b-4351-b0be-c67e23438d8f,Face Shrapnel,Gary_1 Root,airway,high,head,False,False,"(1.6, 1.7, 7.7)",
PATIENT_RECORD,91062,8/1/2023 12:33:39 PM,2703ca93-175b-4351-b0be-c67e23438d8f,100,Infinity,Lily_2 Root,"(3.0, 0.0, 4.5)","(0.0, 1.0, 0.0, 0.0)",IMMEDIATE,waver,fast,fast,normal,agony,fetal,
INJURY_RECORD,91062,8/1/2023 12:33:39 PM,2703ca93-175b-4351-b0be-c67e23438d8f,R Shin Amputation,Lily_2 Root,tourniquet,high,rightLeg,False,False,"(2.9, 0.4, 4.5)",
PATIENT_RECORD,91062,8/1/2023 12:33:39 PM,2703ca93-175b-4351-b0be-c67e23438d8f,100,0,Gary_3 Root,"(0.4, 0.0, 1.7)","(0.0, 0.0, 0.0, 1.0)",IMMEDIATE,still,faint,collapsedRight,normal,unresponsive,supine,
INJURY_RECORD,91062,8/1/2023 12:33:39 PM,2703ca93-175b-4351-b0be-c67e23438d8f,R Chest Collapse,Gary_3 Root,decompress,high,chest,False,False,"(0.0, 0.0, 0.0)",
PATIENT_RECORD,91062,8/1/2023 12:33:39 PM,2703ca93-175b-4351-b0be-c67e23438d8f,100,Infinity,Lily_4 Root,"(1.2, 0.0, 6.2)","(0.0, 1.0, 0.0, 0.0)",IMMEDIATE,waver,fast,normal,normal,upset,fetal,
INJURY_RECORD,91062,8/1/2023 12:33:39 PM,2703ca93-175b-4351-b0be-c67e23438d8f,L Side Puncture,Lily_4 Root,woundpack,medium,abdomen,False,False,"(1.3, 1.0, 6.2)",
PATIENT_RECORD,91062,8/1/2023 12:33:39 PM,2703ca93-175b-4351-b0be-c67e23438d8f,100,Infinity,Mike_5 Root,"(2.7, 0.0, 2.3)","(0.0, 1.0, 0.0, 0.0)",IMMEDIATE,waver,fast,normal,normal,upset,fetal,
INJURY_RECORD,91062,8/1/2023 12:33:39 PM,2703ca93-175b-4351-b0be-c67e23438d8f,R Side Puncture,Mike_5 Root,woundpack,medium,abdomen,False,False,"(2.6, 1.1, 2.2)",
INJURY_RECORD,91062,8/1/2023 12:33:39 PM,2703ca93-175b-4351-b0be-c67e23438d8f,R Thigh Laceration,Mike_5 Root,tourniquet,medium,rightLeg,False,False,"(2.5, 0.6, 2.2)",
PATIENT_RECORD,91062,8/1/2023 12:33:39 PM,2703ca93-175b-4351-b0be-c67e23438d8f,100,Infinity,Gloria_6 Root,"(-1.2, 0.0, 3.1)","(0.0, 0.4, 0.0, 0.9)",DELAYED,waver,fast,normal,normal,upset,fetal,
INJURY_RECORD,91062,8/1/2023 12:33:39 PM,2703ca93-175b-4351-b0be-c67e23438d8f,R Calf Shrapnel,Gloria_6 Root,gauzePressure,medium,rightLeg,False,False,"(-1.1, 0.3, 3.0)",
PATIENT_RECORD,91062,8/1/2023 12:33:39 PM,2703ca93-175b-4351-b0be-c67e23438d8f,100,Infinity,Mike_7 Root,"(1.3, 0.0, 3.4)","(0.0, 0.1, 0.0, 1.0)",DELAYED,waver,fast,normal,normal,upset,sittingGround,
INJURY_RECORD,91062,8/1/2023 12:33:39 PM,2703ca93-175b-4351-b0be-c67e23438d8f,L Thigh Puncture,Mike_7 Root,tourniquet,medium,leftLeg,False,False,"(1.3, 0.6, 3.5)",
INJURY_RECORD,91062,8/1/2023 12:33:39 PM,2703ca93-175b-4351-b0be-c67e23438d8f,R Calf Laceration,Mike_7 Root,gauzePressure,low,rightLeg,False,False,"(1.4, 0.3, 3.4)",
PATIENT_RECORD,91062,8/1/2023 12:33:39 PM,2703ca93-175b-4351-b0be-c67e23438d8f,100,Infinity,Gloria_8 Root,"(3.7, 0.0, 6.0)","(0.0, 1.0, 0.0, 0.0)",MINIMAL,walker,normal,normal,normal,upset,sittingGround,
INJURY_RECORD,91062,8/1/2023 12:33:39 PM,2703ca93-175b-4351-b0be-c67e23438d8f,L Forearm Laceration,Gloria_8 Root,gauzePressure,low,leftArm,False,False,"(4.2, 1.2, 6.0)",
PATIENT_RECORD,91062,8/1/2023 12:33:39 PM,2703ca93-175b-4351-b0be-c67e23438d8f,100,0,Gary_9 Root,"(2.9, 0.0, 9.0)","(0.0, 1.0, 0.0, 0.0)",MINIMAL,walker,normal,normal,limited,calm,standing,
INJURY_RECORD,91062,8/1/2023 12:33:39 PM,2703ca93-175b-4351-b0be-c67e23438d8f,Ear Bleed,Gary_9 Root,none,low,head,False,False,"(0.0, 0.0, 0.0)",
PATIENT_RECORD,91062,8/1/2023 12:33:39 PM,2703ca93-175b-4351-b0be-c67e23438d8f,100,Infinity,Helga_10 Root,"(3.9, 0.0, 8.0)","(0.0, 1.0, 0.0, 0.0)",MINIMAL,walker,normal,normal,normal,calm,sittingGround,
INJURY_RECORD,91062,8/1/2023 12:33:39 PM,2703ca93-175b-4351-b0be-c67e23438d8f,Forehead Scrape,Helga_10 Root,none,low,head,False,False,"(4.0, 1.5, 7.9)",
VOICE_CAPTURE,94470,8/1/2023 12:33:43 PM,2703ca93-175b-4351-b0be-c67e23438d8f,thank you walk,NA,
VOICE_COMMAND,94470,8/1/2023 12:33:43 PM,2703ca93-175b-4351-b0be-c67e23438d8f,walk to the safe area,thank you walk,
S_A_L_T_WALK_IF_CAN,94473,8/1/2023 12:33:43 PM,2703ca93-175b-4351-b0be-c67e23438d8f,"(3.0, 0.0, 4.5)",walkIfCan,Lily_2 Root,
S_A_L_T_WALK_IF_CAN,94473,8/1/2023 12:33:43 PM,2703ca93-175b-4351-b0be-c67e23438d8f,"(1.2, 0.0, 6.2)",walkIfCan,Lily_4 Root,
S_A_L_T_WALK_IF_CAN,94473,8/1/2023 12:33:43 PM,2703ca93-175b-4351-b0be-c67e23438d8f,"(2.7, 0.0, 2.3)",walkIfCan,Mike_5 Root,
S_A_L_T_WALK_IF_CAN,94473,8/1/2023 12:33:43 PM,2703ca93-175b-4351-b0be-c67e23438d8f,"(-1.2, 0.0, 3.1)",walkIfCan,Gloria_6 Root,
S_A_L_T_WALK_IF_CAN,94473,8/1/2023 12:33:43 PM,2703ca93-175b-4351-b0be-c67e23438d8f,"(1.3, 0.0, 3.4)",walkIfCan,Mike_7 Root,
S_A_L_T_WALK_IF_CAN,94473,8/1/2023 12:33:43 PM,2703ca93-175b-4351-b0be-c67e23438d8f,"(3.7, 0.0, 6.0)",walkIfCan,Gloria_8 Root,
S_A_L_T_WALKED,94473,8/1/2023 12:33:43 PM,2703ca93-175b-4351-b0be-c67e23438d8f,"(3.7, 0.0, 6.0)",walked,Gloria_8 Root,
S_A_L_T_WALK_IF_CAN,94474,8/1/2023 12:33:43 PM,2703ca93-175b-4351-b0be-c67e23438d8f,"(3.9, 0.0, 8.0)",walkIfCan,Helga_10 Root,
S_A_L_T_WALKED,94474,8/1/2023 12:33:43 PM,2703ca93-175b-4351-b0be-c67e23438d8f,"(3.9, 0.0, 8.0)",walked,Helga_10 Root,
VOICE_CAPTURE,97819,8/1/2023 12:33:46 PM,2703ca93-175b-4351-b0be-c67e23438d8f,wave,NA,
VOICE_COMMAND,97819,8/1/2023 12:33:46 PM,2703ca93-175b-4351-b0be-c67e23438d8f,wave if you can,wave,
S_A_L_T_WAVE_IF_CAN,97821,8/1/2023 12:33:46 PM,2703ca93-175b-4351-b0be-c67e23438d8f,"(3.0, 0.0, 4.5)",waveIfCan,Lily_2 Root,
S_A_L_T_WAVED,97821,8/1/2023 12:33:46 PM,2703ca93-175b-4351-b0be-c67e23438d8f,"(3.0, 0.0, 4.5)",waved,Lily_2 Root,
S_A_L_T_WAVE_IF_CAN,97821,8/1/2023 12:33:46 PM,2703ca93-175b-4351-b0be-c67e23438d8f,"(1.2, 0.0, 6.2)",waveIfCan,Lily_4 Root,
S_A_L_T_WAVED,97821,8/1/2023 12:33:46 PM,2703ca93-175b-4351-b0be-c67e23438d8f,"(1.2, 0.0, 6.2)",waved,Lily_4 Root,
S_A_L_T_WAVE_IF_CAN,97821,8/1/2023 12:33:46 PM,2703ca93-175b-4351-b0be-c67e23438d8f,"(2.7, 0.0, 2.3)",waveIfCan,Mike_5 Root,
S_A_L_T_WAVED,97821,8/1/2023 12:33:46 PM,2703ca93-175b-4351-b0be-c67e23438d8f,"(2.7, 0.0, 2.3)",waved,Mike_5 Root,
S_A_L_T_WAVE_IF_CAN,97821,8/1/2023 12:33:46 PM,2703ca93-175b-4351-b0be-c67e23438d8f,"(-1.2, 0.0, 3.1)",waveIfCan,Gloria_6 Root,
S_A_L_T_WAVED,97821,8/1/2023 12:33:46 PM,2703ca93-175b-4351-b0be-c67e23438d8f,"(-1.2, 0.0, 3.1)",waved,Gloria_6 Root,
S_A_L_T_WAVE_IF_CAN,97821,8/1/2023 12:33:46 PM,2703ca93-175b-4351-b0be-c67e23438d8f,"(1.3, 0.0, 3.4)",waveIfCan,Mike_7 Root,
S_A_L_T_WAVED,97821,8/1/2023 12:33:46 PM,2703ca93-175b-4351-b0be-c67e23438d8f,"(1.3, 0.0, 3.4)",waved,Mike_7 Root,
S_A_L_T_WAVE_IF_CAN,97821,8/1/2023 12:33:46 PM,2703ca93-175b-4351-b0be-c67e23438d8f,"(4.2, 0.0, 4.8)",waveIfCan,Gloria_8 Root,
S_A_L_T_WAVE_IF_CAN,97821,8/1/2023 12:33:46 PM,2703ca93-175b-4351-b0be-c67e23438d8f,"(3.2, 0.0, 6.3)",waveIfCan,Helga_10 Root,
S_A_L_T_WALK_IF_CAN,97839,8/1/2023 12:33:46 PM,2703ca93-175b-4351-b0be-c67e23438d8f,"(3.0, 0.0, 4.5)",walkIfCan,Lily_2 Root,
S_A_L_T_WALK_IF_CAN,97839,8/1/2023 12:33:46 PM,2703ca93-175b-4351-b0be-c67e23438d8f,"(1.2, 0.0, 6.2)",walkIfCan,Lily_4 Root,
S_A_L_T_WALK_IF_CAN,97839,8/1/2023 12:33:46 PM,2703ca93-175b-4351-b0be-c67e23438d8f,"(2.7, 0.0, 2.3)",walkIfCan,Mike_5 Root,
S_A_L_T_WALK_IF_CAN,97839,8/1/2023 12:33:46 PM,2703ca93-175b-4351-b0be-c67e23438d8f,"(-1.2, 0.0, 3.1)",walkIfCan,Gloria_6 Root,
S_A_L_T_WALK_IF_CAN,97839,8/1/2023 12:33:46 PM,2703ca93-175b-4351-b0be-c67e23438d8f,"(1.3, 0.0, 3.4)",walkIfCan,Mike_7 Root,
S_A_L_T_WALK_IF_CAN,97839,8/1/2023 12:33:46 PM,2703ca93-175b-4351-b0be-c67e23438d8f,"(4.2, 0.0, 4.8)",walkIfCan,Gloria_8 Root,
S_A_L_T_WALKED,97839,8/1/2023 12:33:46 PM,2703ca93-175b-4351-b0be-c67e23438d8f,"(4.2, 0.0, 4.8)",walked,Gloria_8 Root,
S_A_L_T_WALK_IF_CAN,97839,8/1/2023 12:33:46 PM,2703ca93-175b-4351-b0be-c67e23438d8f,"(3.2, 0.0, 6.3)",walkIfCan,Helga_10 Root,
S_A_L_T_WALKED,97839,8/1/2023 12:33:46 PM,2703ca93-175b-4351-b0be-c67e23438d8f,"(3.2, 0.0, 6.3)",walked,Helga_10 Root,
TELEPORT,99779,8/1/2023 12:33:48 PM,2703ca93-175b-4351-b0be-c67e23438d8f,"(0.8, 0.0, -2.3)",
TELEPORT,113780,8/1/2023 12:34:02 PM,2703ca93-175b-4351-b0be-c67e23438d8f,"(1.4, 0.0, 4.3)",
BAG_ACCESS,115919,8/1/2023 12:34:04 PM,2703ca93-175b-4351-b0be-c67e23438d8f,"(2.9, 0.8, 4.4)",
TOOL_HOVER,116294,8/1/2023 12:34:05 PM,2703ca93-175b-4351-b0be-c67e23438d8f,Tourniquet,999,
TOOL_HOVER,116303,8/1/2023 12:34:05 PM,2703ca93-175b-4351-b0be-c67e23438d8f,Tourniquet,999,
TOOL_HOVER,116321,8/1/2023 12:34:05 PM,2703ca93-175b-4351-b0be-c67e23438d8f,Tourniquet,999,
TOOL_HOVER,116338,8/1/2023 12:34:05 PM,2703ca93-175b-4351-b0be-c67e23438d8f,Tourniquet,999,
TOOL_HOVER,116353,8/1/2023 12:34:05 PM,2703ca93-175b-4351-b0be-c67e23438d8f,Tourniquet,999,
TOOL_HOVER,116370,8/1/2023 12:34:05 PM,2703ca93-175b-4351-b0be-c67e23438d8f,Tourniquet,999,
TOOL_HOVER,116388,8/1/2023 12:34:05 PM,2703ca93-175b-4351-b0be-c67e23438d8f,Tourniquet,999,
TOOL_HOVER,116403,8/1/2023 12:34:05 PM,2703ca93-175b-4351-b0be-c67e23438d8f,Tourniquet,999,
TOOL_SELECTED,116404,8/1/2023 12:34:05 PM,2703ca93-175b-4351-b0be-c67e23438d8f,Tourniquet,998,
PATIENT_ENGAGED,116822,8/1/2023 12:34:05 PM,2703ca93-175b-4351-b0be-c67e23438d8f,100,Infinity,Lily_2 Root,"(3.0, 0.0, 4.5)","(0.0, 1.0, 0.0, 0.0)",IMMEDIATE,waver,fast,fast,normal,agony,fetal,
INJURY_TREATED,117559,8/1/2023 12:34:06 PM,2703ca93-175b-4351-b0be-c67e23438d8f,R Shin Amputation,Lily_2 Root,tourniquet,high,rightLeg,True,False,"(3.3, 0.1, 4.2)",
TOOL_APPLIED,117559,8/1/2023 12:34:06 PM,2703ca93-175b-4351-b0be-c67e23438d8f,Lily_2 Root,Tourniquet,RightUpLeg (UnityEngine.GameObject),tor_ring (1) (UnityEngine.GameObject),tourniquet(Clone) (UnityEngine.GameObject),AppliedTourniquet,
BAG_CLOSED,118897,8/1/2023 12:34:07 PM,2703ca93-175b-4351-b0be-c67e23438d8f,"(2.9, 0.8, 4.4)",
TELEPORT,118897,8/1/2023 12:34:07 PM,2703ca93-175b-4351-b0be-c67e23438d8f,"(2.5, 0.0, 4.6)",
TELEPORT,119544,8/1/2023 12:34:08 PM,2703ca93-175b-4351-b0be-c67e23438d8f,"(2.5, 0.0, 5.0)",
BAG_ACCESS,122100,8/1/2023 12:34:10 PM,2703ca93-175b-4351-b0be-c67e23438d8f,"(3.1, 0.7, 7.9)",
TAG_SELECTED,122553,8/1/2023 12:34:11 PM,2703ca93-175b-4351-b0be-c67e23438d8f,green,
PATIENT_ENGAGED,123138,8/1/2023 12:34:11 PM,2703ca93-175b-4351-b0be-c67e23438d8f,100,0,Gary_9 Root,"(2.9, 0.0, 9.0)","(0.0, 1.0, 0.0, 0.1)",MINIMAL,walker,normal,normal,limited,calm,standing,
TAG_APPLIED,124040,8/1/2023 12:34:12 PM,2703ca93-175b-4351-b0be-c67e23438d8f,Gary_9 Root,green,
VOICE_CAPTURE,124874,8/1/2023 12:34:13 PM,2703ca93-175b-4351-b0be-c67e23438d8f,I'm having difficulty hearing anything,NA,
BAG_CLOSED,126228,8/1/2023 12:34:14 PM,2703ca93-175b-4351-b0be-c67e23438d8f,"(3.1, 0.7, 7.9)",
TELEPORT,126228,8/1/2023 12:34:14 PM,2703ca93-175b-4351-b0be-c67e23438d8f,"(2.7, 0.0, 8.0)",
BAG_ACCESS,128717,8/1/2023 12:34:17 PM,2703ca93-175b-4351-b0be-c67e23438d8f,"(1.7, 0.7, 8.3)",
TAG_SELECTED,129220,8/1/2023 12:34:17 PM,2703ca93-175b-4351-b0be-c67e23438d8f,gray,
PATIENT_ENGAGED,129703,8/1/2023 12:34:18 PM,2703ca93-175b-4351-b0be-c67e23438d8f,100,Infinity,Gary_1 Root,"(1.6, 0.0, 7.6)","(0.0, 1.0, 0.0, 0.0)",EXPECTANT,still,none,restricted,none,unresponsive,supine,
TAG_APPLIED,130940,8/1/2023 12:34:19 PM,2703ca93-175b-4351-b0be-c67e23438d8f,Gary_1 Root,gray,
BAG_CLOSED,132042,8/1/2023 12:34:20 PM,2703ca93-175b-4351-b0be-c67e23438d8f,"(1.7, 0.7, 8.3)",
TELEPORT,132042,8/1/2023 12:34:20 PM,2703ca93-175b-4351-b0be-c67e23438d8f,"(1.5, 0.0, 8.2)",
BAG_ACCESS,134197,8/1/2023 12:34:22 PM,2703ca93-175b-4351-b0be-c67e23438d8f,"(1.0, 0.7, 6.9)",
TOOL_HOVER,134599,8/1/2023 12:34:23 PM,2703ca93-175b-4351-b0be-c67e23438d8f,Hemostatic Gauze,1000,
TOOL_HOVER,134615,8/1/2023 12:34:23 PM,2703ca93-175b-4351-b0be-c67e23438d8f,Hemostatic Gauze,1000,
TOOL_HOVER,134632,8/1/2023 12:34:23 PM,2703ca93-175b-4351-b0be-c67e23438d8f,Hemostatic Gauze,1000,
TOOL_SELECTED,134633,8/1/2023 12:34:23 PM,2703ca93-175b-4351-b0be-c67e23438d8f,Hemostatic Gauze,999,
PATIENT_ENGAGED,135016,8/1/2023 12:34:23 PM,2703ca93-175b-4351-b0be-c67e23438d8f,100,Infinity,Lily_4 Root,"(1.2, 0.0, 6.2)","(0.0, 1.0, 0.0, 0.0)",IMMEDIATE,waver,fast,normal,normal,upset,fetal,
TOOL_DISCARDED,136135,8/1/2023 12:34:24 PM,2703ca93-175b-4351-b0be-c67e23438d8f,Hemostatic Gauze,999,"(0.9, 0.2, 6.5)",
INJURY_TREATED,136136,8/1/2023 12:34:24 PM,2703ca93-175b-4351-b0be-c67e23438d8f,L Side Puncture,Lily_4 Root,woundpack,medium,abdomen,True,False,"(0.9, 0.2, 6.5)",
TOOL_APPLIED,136136,8/1/2023 12:34:24 PM,2703ca93-175b-4351-b0be-c67e23438d8f,Lily_4 Root,Gauze_Pack,skinCollider_BodyLOD (UnityEngine.GameObject),null,null,AppliedPackingGauze,
TAG_SELECTED,138558,8/1/2023 12:34:27 PM,2703ca93-175b-4351-b0be-c67e23438d8f,red,
TAG_APPLIED,139912,8/1/2023 12:34:28 PM,2703ca93-175b-4351-b0be-c67e23438d8f,Lily_4 Root,red,
BAG_CLOSED,140967,8/1/2023 12:34:29 PM,2703ca93-175b-4351-b0be-c67e23438d8f,"(1.0, 0.7, 6.9)",
TELEPORT,140967,8/1/2023 12:34:29 PM,2703ca93-175b-4351-b0be-c67e23438d8f,"(0.7, 0.0, 7.0)",
BAG_ACCESS,143386,8/1/2023 12:34:32 PM,2703ca93-175b-4351-b0be-c67e23438d8f,"(-1.2, 0.7, 5.4)",
TAG_SELECTED,144172,8/1/2023 12:34:32 PM,2703ca93-175b-4351-b0be-c67e23438d8f,black,
TAG_APPLIED,145424,8/1/2023 12:34:34 PM,2703ca93-175b-4351-b0be-c67e23438d8f,Bob_0 Root,black,
PATIENT_ENGAGED,145941,8/1/2023 12:34:34 PM,2703ca93-175b-4351-b0be-c67e23438d8f,100,Infinity,Bob_0 Root,"(-1.7, 0.0, 5.7)","(0.0, 0.7, 0.0, 0.7)",DEAD,still,none,none,none,dead,supine,
BAG_CLOSED,146578,8/1/2023 12:34:35 PM,2703ca93-175b-4351-b0be-c67e23438d8f,"(-1.2, 0.7, 5.4)",
TELEPORT,146578,8/1/2023 12:34:35 PM,2703ca93-175b-4351-b0be-c67e23438d8f,"(-1.4, 0.0, 5.5)",
TELEPORT,148432,8/1/2023 12:34:37 PM,2703ca93-175b-4351-b0be-c67e23438d8f,"(-1.4, 0.0, 5.5)",
PATIENT_ENGAGED,150270,8/1/2023 12:34:39 PM,2703ca93-175b-4351-b0be-c67e23438d8f,100,Infinity,Gloria_6 Root,"(-1.2, 0.0, 3.1)","(0.0, 0.4, 0.0, 0.9)",DELAYED,waver,fast,normal,normal,upset,fetal,
BAG_ACCESS,151104,8/1/2023 12:34:39 PM,2703ca93-175b-4351-b0be-c67e23438d8f,"(-1.3, 0.7, 3.9)",
TOOL_HOVER,151689,8/1/2023 12:34:40 PM,2703ca93-175b-4351-b0be-c67e23438d8f,Gauze,999,
TOOL_HOVER,151705,8/1/2023 12:34:40 PM,2703ca93-175b-4351-b0be-c67e23438d8f,Gauze,999,
TOOL_HOVER,151722,8/1/2023 12:34:40 PM,2703ca93-175b-4351-b0be-c67e23438d8f,Gauze,999,
TOOL_HOVER,151739,8/1/2023 12:34:40 PM,2703ca93-175b-4351-b0be-c67e23438d8f,Gauze,999,
TOOL_SELECTED,151740,8/1/2023 12:34:40 PM,2703ca93-175b-4351-b0be-c67e23438d8f,Gauze,998,
TOOL_DISCARDED,152924,8/1/2023 12:34:41 PM,2703ca93-175b-4351-b0be-c67e23438d8f,Gauze,998,"(-1.1, 0.2, 3.2)",
INJURY_TREATED,152925,8/1/2023 12:34:41 PM,2703ca93-175b-4351-b0be-c67e23438d8f,R Calf Shrapnel,Gloria_6 Root,gauzePressure,medium,rightLeg,True,False,"(-1.1, 0.2, 3.2)",
TOOL_APPLIED,152925,8/1/2023 12:34:41 PM,2703ca93-175b-4351-b0be-c67e23438d8f,Gloria_6 Root,Gauze_Dressing,skinCollider_Body_LOD (UnityEngine.GameObject),null,null,AppliedDressingGauze,
TAG_SELECTED,154263,8/1/2023 12:34:43 PM,2703ca93-175b-4351-b0be-c67e23438d8f,yellow,
TAG_APPLIED,156017,8/1/2023 12:34:44 PM,2703ca93-175b-4351-b0be-c67e23438d8f,Gloria_6 Root,yellow,
BAG_CLOSED,157414,8/1/2023 12:34:46 PM,2703ca93-175b-4351-b0be-c67e23438d8f,"(-1.3, 0.7, 3.9)",
TELEPORT,157414,8/1/2023 12:34:46 PM,2703ca93-175b-4351-b0be-c67e23438d8f,"(-1.5, 0.0, 4.0)",
BAG_ACCESS,159444,8/1/2023 12:34:48 PM,2703ca93-175b-4351-b0be-c67e23438d8f,"(0.3, 0.7, 3.4)",
TOOL_HOVER,159896,8/1/2023 12:34:48 PM,2703ca93-175b-4351-b0be-c67e23438d8f,Tourniquet,998,
TOOL_HOVER,159904,8/1/2023 12:34:48 PM,2703ca93-175b-4351-b0be-c67e23438d8f,Tourniquet,998,
TOOL_HOVER,159921,8/1/2023 12:34:48 PM,2703ca93-175b-4351-b0be-c67e23438d8f,Tourniquet,998,
TOOL_HOVER,159938,8/1/2023 12:34:48 PM,2703ca93-175b-4351-b0be-c67e23438d8f,Tourniquet,998,
TOOL_HOVER,159955,8/1/2023 12:34:48 PM,2703ca93-175b-4351-b0be-c67e23438d8f,Tourniquet,998,
TOOL_HOVER,159979,8/1/2023 12:34:48 PM,2703ca93-175b-4351-b0be-c67e23438d8f,Tourniquet,998,
TOOL_HOVER,159990,8/1/2023 12:34:48 PM,2703ca93-175b-4351-b0be-c67e23438d8f,Tourniquet,998,
TOOL_HOVER,160007,8/1/2023 12:34:48 PM,2703ca93-175b-4351-b0be-c67e23438d8f,Tourniquet,998,
TOOL_HOVER,160025,8/1/2023 12:34:48 PM,2703ca93-175b-4351-b0be-c67e23438d8f,Tourniquet,998,
TOOL_HOVER,160044,8/1/2023 12:34:48 PM,2703ca93-175b-4351-b0be-c67e23438d8f,Tourniquet,998,
TOOL_SELECTED,160045,8/1/2023 12:34:48 PM,2703ca93-175b-4351-b0be-c67e23438d8f,Tourniquet,997,
PATIENT_ENGAGED,160638,8/1/2023 12:34:49 PM,2703ca93-175b-4351-b0be-c67e23438d8f,100,Infinity,Mike_7 Root,"(1.3, 0.0, 3.4)","(0.0, 0.1, 0.0, 1.0)",DELAYED,waver,fast,normal,normal,upset,sittingGround,
INJURY_TREATED,161509,8/1/2023 12:34:50 PM,2703ca93-175b-4351-b0be-c67e23438d8f,L Thigh Puncture,Mike_7 Root,tourniquet,medium,leftLeg,True,False,"(0.7, 0.1, 3.5)",
TOOL_APPLIED,161509,8/1/2023 12:34:50 PM,2703ca93-175b-4351-b0be-c67e23438d8f,Mike_7 Root,Tourniquet,LeftUpLeg (UnityEngine.GameObject),tor_ring (1) (UnityEngine.GameObject),tourniquet(Clone) (UnityEngine.GameObject),AppliedTourniquet,
TOOL_HOVER,162992,8/1/2023 12:34:51 PM,2703ca93-175b-4351-b0be-c67e23438d8f,Gauze,999,
TOOL_HOVER,163009,8/1/2023 12:34:51 PM,2703ca93-175b-4351-b0be-c67e23438d8f,Gauze,999,
TOOL_HOVER,163026,8/1/2023 12:34:51 PM,2703ca93-175b-4351-b0be-c67e23438d8f,Gauze,999,
TOOL_HOVER,163042,8/1/2023 12:34:51 PM,2703ca93-175b-4351-b0be-c67e23438d8f,Gauze,999,
TOOL_HOVER,163059,8/1/2023 12:34:51 PM,2703ca93-175b-4351-b0be-c67e23438d8f,Gauze,999,
TOOL_HOVER,163076,8/1/2023 12:34:51 PM,2703ca93-175b-4351-b0be-c67e23438d8f,Gauze,999,
TOOL_HOVER,163092,8/1/2023 12:34:51 PM,2703ca93-175b-4351-b0be-c67e23438d8f,Gauze,999,
TOOL_HOVER,163109,8/1/2023 12:34:51 PM,2703ca93-175b-4351-b0be-c67e23438d8f,Gauze,999,
TOOL_HOVER,163126,8/1/2023 12:34:51 PM,2703ca93-175b-4351-b0be-c67e23438d8f,Gauze,999,
TOOL_HOVER,163142,8/1/2023 12:34:51 PM,2703ca93-175b-4351-b0be-c67e23438d8f,Gauze,999,
TOOL_HOVER,163159,8/1/2023 12:34:51 PM,2703ca93-175b-4351-b0be-c67e23438d8f,Gauze,999,
TOOL_HOVER,163176,8/1/2023 12:34:51 PM,2703ca93-175b-4351-b0be-c67e23438d8f,Gauze,999,
TOOL_HOVER,163192,8/1/2023 12:34:51 PM,2703ca93-175b-4351-b0be-c67e23438d8f,Gauze,999,
TOOL_HOVER,163209,8/1/2023 12:34:51 PM,2703ca93-175b-4351-b0be-c67e23438d8f,Gauze,999,
TOOL_HOVER,163226,8/1/2023 12:34:51 PM,2703ca93-175b-4351-b0be-c67e23438d8f,Gauze,999,
TOOL_HOVER,163242,8/1/2023 12:34:51 PM,2703ca93-175b-4351-b0be-c67e23438d8f,Gauze,999,
TOOL_HOVER,163259,8/1/2023 12:34:52 PM,2703ca93-175b-4351-b0be-c67e23438d8f,Gauze,999,
TOOL_HOVER,163276,8/1/2023 12:34:52 PM,2703ca93-175b-4351-b0be-c67e23438d8f,Gauze,999,
TOOL_HOVER,163593,8/1/2023 12:34:52 PM,2703ca93-175b-4351-b0be-c67e23438d8f,Gauze,999,
TOOL_HOVER,163609,8/1/2023 12:34:52 PM,2703ca93-175b-4351-b0be-c67e23438d8f,Gauze,999,
TOOL_HOVER,163626,8/1/2023 12:34:52 PM,2703ca93-175b-4351-b0be-c67e23438d8f,Gauze,999,
TOOL_HOVER,163642,8/1/2023 12:34:52 PM,2703ca93-175b-4351-b0be-c67e23438d8f,Gauze,999,
TOOL_HOVER,163659,8/1/2023 12:34:52 PM,2703ca93-175b-4351-b0be-c67e23438d8f,Gauze,999,
TOOL_HOVER,163676,8/1/2023 12:34:52 PM,2703ca93-175b-4351-b0be-c67e23438d8f,Gauze,999,
TOOL_HOVER,163693,8/1/2023 12:34:52 PM,2703ca93-175b-4351-b0be-c67e23438d8f,Gauze,999,
TOOL_HOVER,163709,8/1/2023 12:34:52 PM,2703ca93-175b-4351-b0be-c67e23438d8f,Gauze,999,
TOOL_SELECTED,163710,8/1/2023 12:34:52 PM,2703ca93-175b-4351-b0be-c67e23438d8f,Gauze,998,
TOOL_DISCARDED,166376,8/1/2023 12:34:55 PM,2703ca93-175b-4351-b0be-c67e23438d8f,Gauze,998,"(1.3, 0.1, 3.8)",
INJURY_TREATED,166376,8/1/2023 12:34:55 PM,2703ca93-175b-4351-b0be-c67e23438d8f,R Calf Laceration,Mike_7 Root,gauzePressure,low,rightLeg,True,False,"(1.3, 0.2, 3.8)",
TOOL_APPLIED,166376,8/1/2023 12:34:55 PM,2703ca93-175b-4351-b0be-c67e23438d8f,Mike_7 Root,Gauze_Dressing,skinCollider_BodyCollideLOD (UnityEngine.GameObject),null,null,AppliedDressingGauze,
TAG_SELECTED,168186,8/1/2023 12:34:56 PM,2703ca93-175b-4351-b0be-c67e23438d8f,yellow,
TAG_APPLIED,169317,8/1/2023 12:34:58 PM,2703ca93-175b-4351-b0be-c67e23438d8f,Mike_7 Root,yellow,
BAG_CLOSED,170539,8/1/2023 12:34:59 PM,2703ca93-175b-4351-b0be-c67e23438d8f,"(0.3, 0.7, 3.4)",
TELEPORT,170539,8/1/2023 12:34:59 PM,2703ca93-175b-4351-b0be-c67e23438d8f,"(0.0, 0.0, 3.6)",
BAG_ACCESS,172954,8/1/2023 12:35:01 PM,2703ca93-175b-4351-b0be-c67e23438d8f,"(2.3, 0.7, 2.6)",
TOOL_HOVER,173297,8/1/2023 12:35:02 PM,2703ca93-175b-4351-b0be-c67e23438d8f,Hemostatic Gauze,1000,
TOOL_HOVER,173316,8/1/2023 12:35:02 PM,2703ca93-175b-4351-b0be-c67e23438d8f,Hemostatic Gauze,1000,
TOOL_HOVER,173338,8/1/2023 12:35:02 PM,2703ca93-175b-4351-b0be-c67e23438d8f,Hemostatic Gauze,1000,
TOOL_HOVER,173358,8/1/2023 12:35:02 PM,2703ca93-175b-4351-b0be-c67e23438d8f,Hemostatic Gauze,1000,
TOOL_HOVER,173379,8/1/2023 12:35:02 PM,2703ca93-175b-4351-b0be-c67e23438d8f,Hemostatic Gauze,1000,
TOOL_HOVER,173399,8/1/2023 12:35:02 PM,2703ca93-175b-4351-b0be-c67e23438d8f,Hemostatic Gauze,1000,
TOOL_SELECTED,173400,8/1/2023 12:35:02 PM,2703ca93-175b-4351-b0be-c67e23438d8f,Hemostatic Gauze,999,
PATIENT_ENGAGED,174510,8/1/2023 12:35:03 PM,2703ca93-175b-4351-b0be-c67e23438d8f,100,Infinity,Mike_5 Root,"(2.7, 0.0, 2.3)","(0.0, 1.0, 0.0, 0.0)",IMMEDIATE,waver,fast,normal,normal,upset,fetal,
TOOL_DISCARDED,174913,8/1/2023 12:35:03 PM,2703ca93-175b-4351-b0be-c67e23438d8f,Hemostatic Gauze,999,"(3.1, 0.2, 2.5)",
INJURY_TREATED,174913,8/1/2023 12:35:03 PM,2703ca93-175b-4351-b0be-c67e23438d8f,R Side Puncture,Mike_5 Root,woundpack,medium,abdomen,True,False,"(3.1, 0.3, 2.5)",
TOOL_APPLIED,174913,8/1/2023 12:35:03 PM,2703ca93-175b-4351-b0be-c67e23438d8f,Mike_5 Root,Gauze_Pack,skinCollider_BodyCollideLOD (UnityEngine.GameObject),null,null,AppliedPackingGauze,
TOOL_HOVER,176490,8/1/2023 12:35:05 PM,2703ca93-175b-4351-b0be-c67e23438d8f,Tourniquet,997,
TOOL_HOVER,176508,8/1/2023 12:35:05 PM,2703ca93-175b-4351-b0be-c67e23438d8f,Tourniquet,997,
TOOL_HOVER,176525,8/1/2023 12:35:05 PM,2703ca93-175b-4351-b0be-c67e23438d8f,Tourniquet,997,
TOOL_HOVER,176544,8/1/2023 12:35:05 PM,2703ca93-175b-4351-b0be-c67e23438d8f,Tourniquet,997,
TOOL_HOVER,176562,8/1/2023 12:35:05 PM,2703ca93-175b-4351-b0be-c67e23438d8f,Tourniquet,997,
TOOL_HOVER,176579,8/1/2023 12:35:05 PM,2703ca93-175b-4351-b0be-c67e23438d8f,Tourniquet,997,
TOOL_HOVER,176599,8/1/2023 12:35:05 PM,2703ca93-175b-4351-b0be-c67e23438d8f,Tourniquet,997,
TOOL_HOVER,176617,8/1/2023 12:35:05 PM,2703ca93-175b-4351-b0be-c67e23438d8f,Tourniquet,997,
TOOL_SELECTED,176619,8/1/2023 12:35:05 PM,2703ca93-175b-4351-b0be-c67e23438d8f,Tourniquet,996,
INJURY_TREATED,178044,8/1/2023 12:35:06 PM,2703ca93-175b-4351-b0be-c67e23438d8f,R Thigh Laceration,Mike_5 Root,tourniquet,medium,rightLeg,True,False,"(3.0, 0.3, 2.2)",
TOOL_APPLIED,178044,8/1/2023 12:35:06 PM,2703ca93-175b-4351-b0be-c67e23438d8f,Mike_5 Root,Tourniquet,RightUpLeg (UnityEngine.GameObject),tor_ring (1) (UnityEngine.GameObject),tourniquet(Clone) (UnityEngine.GameObject),AppliedTourniquet,
BAG_CLOSED,180493,8/1/2023 12:35:09 PM,2703ca93-175b-4351-b0be-c67e23438d8f,"(2.3, 0.7, 2.6)",
TELEPORT,180493,8/1/2023 12:35:09 PM,2703ca93-175b-4351-b0be-c67e23438d8f,"(1.9, 0.0, 2.8)",
BAG_ACCESS,182730,8/1/2023 12:35:11 PM,2703ca93-175b-4351-b0be-c67e23438d8f,"(1.1, 0.7, 1.6)",
TOOL_HOVER,183098,8/1/2023 12:35:11 PM,2703ca93-175b-4351-b0be-c67e23438d8f,Needle,999,
TOOL_HOVER,183115,8/1/2023 12:35:11 PM,2703ca93-175b-4351-b0be-c67e23438d8f,Needle,999,
TOOL_HOVER,183132,8/1/2023 12:35:11 PM,2703ca93-175b-4351-b0be-c67e23438d8f,Needle,999,
TOOL_HOVER,183149,8/1/2023 12:35:11 PM,2703ca93-175b-4351-b0be-c67e23438d8f,Needle,999,
TOOL_HOVER,183165,8/1/2023 12:35:11 PM,2703ca93-175b-4351-b0be-c67e23438d8f,Needle,999,
TOOL_HOVER,183182,8/1/2023 12:35:11 PM,2703ca93-175b-4351-b0be-c67e23438d8f,Needle,999,
TOOL_HOVER,183199,8/1/2023 12:35:11 PM,2703ca93-175b-4351-b0be-c67e23438d8f,Needle,999,
TOOL_SELECTED,183200,8/1/2023 12:35:11 PM,2703ca93-175b-4351-b0be-c67e23438d8f,Needle,998,
PATIENT_ENGAGED,184284,8/1/2023 12:35:13 PM,2703ca93-175b-4351-b0be-c67e23438d8f,100,0,Gary_3 Root,"(0.4, 0.0, 1.7)","(0.0, 0.0, 0.0, 1.0)",IMMEDIATE,still,faint,collapsedRight,normal,unresponsive,supine,
INJURY_TREATED,184823,8/1/2023 12:35:13 PM,2703ca93-175b-4351-b0be-c67e23438d8f,R Chest Collapse,Gary_3 Root,decompress,high,chest,True,False,"(0.0, 0.0, 0.0)",
TOOL_APPLIED,184823,8/1/2023 12:35:13 PM,2703ca93-175b-4351-b0be-c67e23438d8f,Needle_Decomp(Clone),Needle,RChest_Breathe1 (UnityEngine.GameObject),cath_needle (UnityEngine.GameObject),right_chest,Needle_Decomp(Clone) (UnityEngine.GameObject),AppliedDecompNeedle,
TAG_SELECTED,186773,8/1/2023 12:35:15 PM,2703ca93-175b-4351-b0be-c67e23438d8f,red,
TAG_APPLIED,187759,8/1/2023 12:35:16 PM,2703ca93-175b-4351-b0be-c67e23438d8f,Gary_3 Root,red,
BAG_CLOSED,194019,8/1/2023 12:35:22 PM,2703ca93-175b-4351-b0be-c67e23438d8f,"(1.1, 0.7, 1.6)",
TELEPORT,194019,8/1/2023 12:35:22 PM,2703ca93-175b-4351-b0be-c67e23438d8f,"(0.9, 0.0, 1.7)",
BAG_ACCESS,196151,8/1/2023 12:35:24 PM,2703ca93-175b-4351-b0be-c67e23438d8f,"(2.6, 0.7, 2.4)",
TAG_SELECTED,196586,8/1/2023 12:35:25 PM,2703ca93-175b-4351-b0be-c67e23438d8f,red,
TAG_APPLIED,197752,8/1/2023 12:35:26 PM,2703ca93-175b-4351-b0be-c67e23438d8f,Mike_5 Root,red,
BAG_CLOSED,198520,8/1/2023 12:35:27 PM,2703ca93-175b-4351-b0be-c67e23438d8f,"(2.6, 0.7, 2.4)",
TELEPORT,198520,8/1/2023 12:35:27 PM,2703ca93-175b-4351-b0be-c67e23438d8f,"(2.1, 0.0, 2.5)",
BAG_ACCESS,200774,8/1/2023 12:35:29 PM,2703ca93-175b-4351-b0be-c67e23438d8f,"(3.7, 0.7, 4.2)",
TAG_SELECTED,201191,8/1/2023 12:35:29 PM,2703ca93-175b-4351-b0be-c67e23438d8f,red,
PATIENT_ENGAGED,201493,8/1/2023 12:35:30 PM,2703ca93-175b-4351-b0be-c67e23438d8f,100,Infinity,Lily_2 Root,"(3.0, 0.0, 4.5)","(0.0, 1.0, 0.0, 0.0)",IMMEDIATE,waver,fast,fast,normal,agony,fetal,
TAG_APPLIED,202127,8/1/2023 12:35:30 PM,2703ca93-175b-4351-b0be-c67e23438d8f,Lily_2 Root,red,
BAG_CLOSED,203085,8/1/2023 12:35:31 PM,2703ca93-175b-4351-b0be-c67e23438d8f,"(3.7, 0.7, 4.2)",
TELEPORT,203085,8/1/2023 12:35:31 PM,2703ca93-175b-4351-b0be-c67e23438d8f,"(3.1, 0.0, 4.1)",
PATIENT_ENGAGED,207097,8/1/2023 12:35:35 PM,2703ca93-175b-4351-b0be-c67e23438d8f,100,Infinity,Helga_10 Root,"(3.9, 0.0, -4.4)","(0.0, 0.3, 0.0, -1.0)",MINIMAL,walker,normal,normal,normal,calm,standing,
BAG_ACCESS,208365,8/1/2023 12:35:37 PM,2703ca93-175b-4351-b0be-c67e23438d8f,"(4.0, 0.7, -3.7)",
TAG_SELECTED,208764,8/1/2023 12:35:37 PM,2703ca93-175b-4351-b0be-c67e23438d8f,gray,
TAG_DISCARDED,209497,8/1/2023 12:35:38 PM,2703ca93-175b-4351-b0be-c67e23438d8f,gray,"(3.8, 1.1, -3.8)",
TAG_SELECTED,209848,8/1/2023 12:35:38 PM,2703ca93-175b-4351-b0be-c67e23438d8f,green,
TAG_APPLIED,210916,8/1/2023 12:35:39 PM,2703ca93-175b-4351-b0be-c67e23438d8f,Helga_10 Root,green,
TOOL_HOVER,211684,8/1/2023 12:35:40 PM,2703ca93-175b-4351-b0be-c67e23438d8f,Gauze,999,
TOOL_HOVER,211700,8/1/2023 12:35:40 PM,2703ca93-175b-4351-b0be-c67e23438d8f,Gauze,999,
TOOL_HOVER,211717,8/1/2023 12:35:40 PM,2703ca93-175b-4351-b0be-c67e23438d8f,Gauze,999,
TOOL_HOVER,211733,8/1/2023 12:35:40 PM,2703ca93-175b-4351-b0be-c67e23438d8f,Gauze,999,
TOOL_HOVER,211750,8/1/2023 12:35:40 PM,2703ca93-175b-4351-b0be-c67e23438d8f,Gauze,999,
TOOL_HOVER,211767,8/1/2023 12:35:40 PM,2703ca93-175b-4351-b0be-c67e23438d8f,Gauze,999,
TOOL_HOVER,211784,8/1/2023 12:35:40 PM,2703ca93-175b-4351-b0be-c67e23438d8f,Gauze,999,
TOOL_HOVER,211800,8/1/2023 12:35:40 PM,2703ca93-175b-4351-b0be-c67e23438d8f,Gauze,999,
TOOL_HOVER,211817,8/1/2023 12:35:40 PM,2703ca93-175b-4351-b0be-c67e23438d8f,Gauze,999,
TOOL_SELECTED,211818,8/1/2023 12:35:40 PM,2703ca93-175b-4351-b0be-c67e23438d8f,Gauze,998,
TOOL_DISCARDED,213790,8/1/2023 12:35:42 PM,2703ca93-175b-4351-b0be-c67e23438d8f,Gauze,998,"(4.0, 0.9, -4.4)",
TOOL_APPLIED,213790,8/1/2023 12:35:42 PM,2703ca93-175b-4351-b0be-c67e23438d8f,Helga_10 Root,Gauze_Dressing,skinCollider_BodyLOD (UnityEngine.GameObject),null,null,AppliedDressingGauze,
PATIENT_ENGAGED,216947,8/1/2023 12:35:45 PM,2703ca93-175b-4351-b0be-c67e23438d8f,100,Infinity,Gloria_8 Root,"(4.3, 0.0, -4.4)","(0.0, 0.3, 0.0, -1.0)",MINIMAL,walker,normal,normal,normal,upset,standing,
PATIENT_ENGAGED,217815,8/1/2023 12:35:46 PM,2703ca93-175b-4351-b0be-c67e23438d8f,100,Infinity,Helga_10 Root,"(3.9, 0.0, -4.4)","(0.0, 0.3, 0.0, -1.0)",MINIMAL,walker,normal,normal,normal,calm,standing,
TOOL_HOVER,218885,8/1/2023 12:35:47 PM,2703ca93-175b-4351-b0be-c67e23438d8f,Gauze,999,
TOOL_HOVER,218900,8/1/2023 12:35:47 PM,2703ca93-175b-4351-b0be-c67e23438d8f,Gauze,999,
TOOL_HOVER,218919,8/1/2023 12:35:47 PM,2703ca93-175b-4351-b0be-c67e23438d8f,Gauze,999,
TOOL_HOVER,218935,8/1/2023 12:35:47 PM,2703ca93-175b-4351-b0be-c67e23438d8f,Gauze,999,
TOOL_HOVER,218952,8/1/2023 12:35:47 PM,2703ca93-175b-4351-b0be-c67e23438d8f,Gauze,999,
TOOL_HOVER,218968,8/1/2023 12:35:47 PM,2703ca93-175b-4351-b0be-c67e23438d8f,Gauze,999,
TOOL_HOVER,218984,8/1/2023 12:35:47 PM,2703ca93-175b-4351-b0be-c67e23438d8f,Gauze,999,
TOOL_HOVER,219002,8/1/2023 12:35:47 PM,2703ca93-175b-4351-b0be-c67e23438d8f,Gauze,999,
TOOL_HOVER,219019,8/1/2023 12:35:47 PM,2703ca93-175b-4351-b0be-c67e23438d8f,Gauze,999,
TOOL_HOVER,219035,8/1/2023 12:35:47 PM,2703ca93-175b-4351-b0be-c67e23438d8f,Gauze,999,
TOOL_HOVER,219052,8/1/2023 12:35:47 PM,2703ca93-175b-4351-b0be-c67e23438d8f,Gauze,999,
TOOL_HOVER,219068,8/1/2023 12:35:47 PM,2703ca93-175b-4351-b0be-c67e23438d8f,Gauze,999,
TOOL_HOVER,219085,8/1/2023 12:35:47 PM,2703ca93-175b-4351-b0be-c67e23438d8f,Gauze,999,
TOOL_HOVER,219101,8/1/2023 12:35:47 PM,2703ca93-175b-4351-b0be-c67e23438d8f,Gauze,999,
TOOL_HOVER,219119,8/1/2023 12:35:47 PM,2703ca93-175b-4351-b0be-c67e23438d8f,Gauze,999,
TOOL_HOVER,219136,8/1/2023 12:35:47 PM,2703ca93-175b-4351-b0be-c67e23438d8f,Gauze,999,
TOOL_HOVER,219152,8/1/2023 12:35:47 PM,2703ca93-175b-4351-b0be-c67e23438d8f,Gauze,999,
TOOL_SELECTED,219153,8/1/2023 12:35:47 PM,2703ca93-175b-4351-b0be-c67e23438d8f,Gauze,998,
TOOL_DISCARDED,220538,8/1/2023 12:35:49 PM,2703ca93-175b-4351-b0be-c67e23438d8f,Gauze,998,"(4.0, 0.9, -4.4)",
TOOL_APPLIED,220538,8/1/2023 12:35:49 PM,2703ca93-175b-4351-b0be-c67e23438d8f,Helga_10 Root,Gauze_Dressing,skinCollider_BodyLOD (UnityEngine.GameObject),null,null,AppliedDressingGauze,
PATIENT_ENGAGED,221124,8/1/2023 12:35:49 PM,2703ca93-175b-4351-b0be-c67e23438d8f,100,Infinity,Gloria_8 Root,"(4.3, 0.0, -4.4)","(0.0, 0.3, 0.0, -1.0)",MINIMAL,walker,normal,normal,normal,upset,standing,
PATIENT_ENGAGED,221925,8/1/2023 12:35:50 PM,2703ca93-175b-4351-b0be-c67e23438d8f,100,Infinity,Helga_10 Root,"(3.9, 0.0, -4.4)","(0.0, 0.3, 0.0, -1.0)",MINIMAL,walker,normal,normal,normal,calm,standing,
PATIENT_ENGAGED,224882,8/1/2023 12:35:53 PM,2703ca93-175b-4351-b0be-c67e23438d8f,100,Infinity,Gloria_8 Root,"(4.3, 0.0, -4.4)","(0.0, 0.3, 0.0, -1.0)",MINIMAL,walker,normal,normal,normal,upset,standing,
VOICE_CAPTURE,227905,8/1/2023 12:35:56 PM,2703ca93-175b-4351-b0be-c67e23438d8f,Sit down,NA,
PATIENT_ENGAGED,229394,8/1/2023 12:35:58 PM,2703ca93-175b-4351-b0be-c67e23438d8f,100,Infinity,Helga_10 Root,"(3.9, 0.0, -4.4)","(0.0, 0.3, 0.0, -1.0)",MINIMAL,walker,normal,normal,normal,calm,standing,
TOOL_HOVER,230094,8/1/2023 12:35:58 PM,2703ca93-175b-4351-b0be-c67e23438d8f,Gauze,999,
TOOL_HOVER,230111,8/1/2023 12:35:58 PM,2703ca93-175b-4351-b0be-c67e23438d8f,Gauze,999,
TOOL_HOVER,230128,8/1/2023 12:35:58 PM,2703ca93-175b-4351-b0be-c67e23438d8f,Gauze,999,
TOOL_HOVER,230145,8/1/2023 12:35:58 PM,2703ca93-175b-4351-b0be-c67e23438d8f,Gauze,999,
TOOL_HOVER,230162,8/1/2023 12:35:58 PM,2703ca93-175b-4351-b0be-c67e23438d8f,Gauze,999,
TOOL_HOVER,230179,8/1/2023 12:35:58 PM,2703ca93-175b-4351-b0be-c67e23438d8f,Gauze,999,
TOOL_HOVER,230195,8/1/2023 12:35:58 PM,2703ca93-175b-4351-b0be-c67e23438d8f,Gauze,999,
TOOL_HOVER,230212,8/1/2023 12:35:58 PM,2703ca93-175b-4351-b0be-c67e23438d8f,Gauze,999,
TOOL_SELECTED,230213,8/1/2023 12:35:58 PM,2703ca93-175b-4351-b0be-c67e23438d8f,Gauze,998,
TOOL_DISCARDED,231231,8/1/2023 12:35:59 PM,2703ca93-175b-4351-b0be-c67e23438d8f,Gauze,998,"(4.2, 0.9, -4.3)",
TOOL_DISCARDED,231232,8/1/2023 12:35:59 PM,2703ca93-175b-4351-b0be-c67e23438d8f,Gauze,999,"(4.2, 0.9, -4.3)",
TOOL_HOVER,232183,8/1/2023 12:36:00 PM,2703ca93-175b-4351-b0be-c67e23438d8f,Gauze,1000,
TOOL_HOVER,232199,8/1/2023 12:36:00 PM,2703ca93-175b-4351-b0be-c67e23438d8f,Gauze,1000,
TOOL_HOVER,232217,8/1/2023 12:36:00 PM,2703ca93-175b-4351-b0be-c67e23438d8f,Gauze,1000,
TOOL_HOVER,232234,8/1/2023 12:36:00 PM,2703ca93-175b-4351-b0be-c67e23438d8f,Gauze,1000,
TOOL_HOVER,232251,8/1/2023 12:36:01 PM,2703ca93-175b-4351-b0be-c67e23438d8f,Gauze,1000,
TOOL_HOVER,232266,8/1/2023 12:36:01 PM,2703ca93-175b-4351-b0be-c67e23438d8f,Gauze,1000,
TOOL_HOVER,232283,8/1/2023 12:36:01 PM,2703ca93-175b-4351-b0be-c67e23438d8f,Gauze,1000,
TOOL_HOVER,232301,8/1/2023 12:36:01 PM,2703ca93-175b-4351-b0be-c67e23438d8f,Gauze,1000,
TOOL_HOVER,232316,8/1/2023 12:36:01 PM,2703ca93-175b-4351-b0be-c67e23438d8f,Gauze,1000,
TOOL_HOVER,232334,8/1/2023 12:36:01 PM,2703ca93-175b-4351-b0be-c67e23438d8f,Gauze,1000,
TOOL_HOVER,232351,8/1/2023 12:36:01 PM,2703ca93-175b-4351-b0be-c67e23438d8f,Gauze,1000,
TOOL_HOVER,232367,8/1/2023 12:36:01 PM,2703ca93-175b-4351-b0be-c67e23438d8f,Gauze,1000,
TOOL_SELECTED,232368,8/1/2023 12:36:01 PM,2703ca93-175b-4351-b0be-c67e23438d8f,Gauze,999,
TOOL_DISCARDED,233521,8/1/2023 12:36:02 PM,2703ca93-175b-4351-b0be-c67e23438d8f,Gauze,999,"(4.0, 1.0, -4.4)",
TOOL_APPLIED,233521,8/1/2023 12:36:02 PM,2703ca93-175b-4351-b0be-c67e23438d8f,Helga_10 Root,Gauze_Dressing,skinCollider_BodyLOD (UnityEngine.GameObject),null,null,AppliedDressingGauze,
TAG_SELECTED,235358,8/1/2023 12:36:04 PM,2703ca93-175b-4351-b0be-c67e23438d8f,green,
VOICE_CAPTURE,236076,8/1/2023 12:36:04 PM,2703ca93-175b-4351-b0be-c67e23438d8f,choosing not to listen I guess,NA,
TAG_APPLIED,236565,8/1/2023 12:36:05 PM,2703ca93-175b-4351-b0be-c67e23438d8f,Gloria_8 Root,green,
PATIENT_ENGAGED,236995,8/1/2023 12:36:05 PM,2703ca93-175b-4351-b0be-c67e23438d8f,100,Infinity,Gloria_8 Root,"(4.3, 0.0, -4.4)","(0.0, 0.3, 0.0, -1.0)",MINIMAL,walker,normal,normal,normal,upset,standing,
PATIENT_ENGAGED,237079,8/1/2023 12:36:05 PM,2703ca93-175b-4351-b0be-c67e23438d8f,100,Infinity,Helga_10 Root,"(3.9, 0.0, -4.4)","(0.0, 0.3, 0.0, -1.0)",MINIMAL,walker,normal,normal,normal,calm,standing,
PATIENT_ENGAGED,239885,8/1/2023 12:36:08 PM,2703ca93-175b-4351-b0be-c67e23438d8f,100,Infinity,Gloria_8 Root,"(4.3, 0.0, -4.3)","(0.0, 0.3, 0.0, -1.0)",MINIMAL,walker,normal,normal,normal,upset,standing,
PATIENT_ENGAGED,241122,8/1/2023 12:36:09 PM,2703ca93-175b-4351-b0be-c67e23438d8f,100,Infinity,Helga_10 Root,"(3.9, 0.0, -4.4)","(0.0, 0.3, 0.0, -1.0)",MINIMAL,walker,normal,normal,normal,calm,standing,
VOICE_CAPTURE,241357,8/1/2023 12:36:10 PM,2703ca93-175b-4351-b0be-c67e23438d8f,yeah it should do all that by herself,NA,
PATIENT_ENGAGED,242542,8/1/2023 12:36:11 PM,2703ca93-175b-4351-b0be-c67e23438d8f,100,Infinity,Gloria_8 Root,"(4.3, 0.0, -4.3)","(0.0, 0.3, 0.0, -1.0)",MINIMAL,walker,normal,normal,normal,upset,standing,
VOICE_CAPTURE,244931,8/1/2023 12:36:13 PM,2703ca93-175b-4351-b0be-c67e23438d8f,wave let's see if that changes things,NA,
VOICE_COMMAND,244931,8/1/2023 12:36:13 PM,2703ca93-175b-4351-b0be-c67e23438d8f,wave if you can,wave let's see if that changes things,
S_A_L_T_WAVE_IF_CAN,244932,8/1/2023 12:36:13 PM,2703ca93-175b-4351-b0be-c67e23438d8f,"(3.0, 0.0, 4.5)",waveIfCan,Lily_2 Root,
S_A_L_T_WAVED,244932,8/1/2023 12:36:13 PM,2703ca93-175b-4351-b0be-c67e23438d8f,"(3.0, 0.0, 4.5)",waved,Lily_2 Root,
S_A_L_T_WAVE_IF_CAN,244932,8/1/2023 12:36:13 PM,2703ca93-175b-4351-b0be-c67e23438d8f,"(1.2, 0.0, 6.2)",waveIfCan,Lily_4 Root,
S_A_L_T_WAVED,244932,8/1/2023 12:36:13 PM,2703ca93-175b-4351-b0be-c67e23438d8f,"(1.2, 0.0, 6.2)",waved,Lily_4 Root,
S_A_L_T_WAVE_IF_CAN,244932,8/1/2023 12:36:13 PM,2703ca93-175b-4351-b0be-c67e23438d8f,"(2.7, 0.0, 2.3)",waveIfCan,Mike_5 Root,
S_A_L_T_WAVED,244932,8/1/2023 12:36:13 PM,2703ca93-175b-4351-b0be-c67e23438d8f,"(2.7, 0.0, 2.3)",waved,Mike_5 Root,
S_A_L_T_WAVE_IF_CAN,244932,8/1/2023 12:36:13 PM,2703ca93-175b-4351-b0be-c67e23438d8f,"(-1.2, 0.0, 3.1)",waveIfCan,Gloria_6 Root,
S_A_L_T_WAVED,244932,8/1/2023 12:36:13 PM,2703ca93-175b-4351-b0be-c67e23438d8f,"(-1.2, 0.0, 3.1)",waved,Gloria_6 Root,
S_A_L_T_WAVE_IF_CAN,244932,8/1/2023 12:36:13 PM,2703ca93-175b-4351-b0be-c67e23438d8f,"(1.3, 0.0, 3.4)",waveIfCan,Mike_7 Root,
S_A_L_T_WAVED,244932,8/1/2023 12:36:13 PM,2703ca93-175b-4351-b0be-c67e23438d8f,"(1.3, 0.0, 3.4)",waved,Mike_7 Root,
S_A_L_T_WAVE_IF_CAN,244932,8/1/2023 12:36:13 PM,2703ca93-175b-4351-b0be-c67e23438d8f,"(4.3, 0.0, -4.3)",waveIfCan,Gloria_8 Root,
S_A_L_T_WAVED,244932,8/1/2023 12:36:13 PM,2703ca93-175b-4351-b0be-c67e23438d8f,"(4.3, 0.0, -4.3)",waved,Gloria_8 Root,
S_A_L_T_WAVE_IF_CAN,244932,8/1/2023 12:36:13 PM,2703ca93-175b-4351-b0be-c67e23438d8f,"(3.9, 0.0, -4.4)",waveIfCan,Helga_10 Root,
PATIENT_ENGAGED,247203,8/1/2023 12:36:15 PM,2703ca93-175b-4351-b0be-c67e23438d8f,100,Infinity,Helga_10 Root,"(3.9, 0.0, -4.4)","(0.0, 0.3, 0.0, -1.0)",MINIMAL,walker,normal,normal,normal,calm,standing,
TOOL_HOVER,249393,8/1/2023 12:36:18 PM,2703ca93-175b-4351-b0be-c67e23438d8f,Gauze,1000,
TOOL_HOVER,249408,8/1/2023 12:36:18 PM,2703ca93-175b-4351-b0be-c67e23438d8f,Gauze,1000,
TOOL_HOVER,249425,8/1/2023 12:36:18 PM,2703ca93-175b-4351-b0be-c67e23438d8f,Gauze,1000,
TOOL_HOVER,249442,8/1/2023 12:36:18 PM,2703ca93-175b-4351-b0be-c67e23438d8f,Gauze,1000,
TOOL_HOVER,249459,8/1/2023 12:36:18 PM,2703ca93-175b-4351-b0be-c67e23438d8f,Gauze,1000,
TOOL_HOVER,249475,8/1/2023 12:36:18 PM,2703ca93-175b-4351-b0be-c67e23438d8f,Gauze,1000,
TOOL_HOVER,249492,8/1/2023 12:36:18 PM,2703ca93-175b-4351-b0be-c67e23438d8f,Gauze,1000,
TOOL_HOVER,249509,8/1/2023 12:36:18 PM,2703ca93-175b-4351-b0be-c67e23438d8f,Gauze,1000,
TOOL_SELECTED,249510,8/1/2023 12:36:18 PM,2703ca93-175b-4351-b0be-c67e23438d8f,Gauze,999,
TOOL_DISCARDED,250896,8/1/2023 12:36:19 PM,2703ca93-175b-4351-b0be-c67e23438d8f,Gauze,999,"(4.2, 0.9, -4.3)",
TOOL_APPLIED,250896,8/1/2023 12:36:19 PM,2703ca93-175b-4351-b0be-c67e23438d8f,Helga_10 Root,Gauze_Dressing,skinCollider_BodyLOD (UnityEngine.GameObject),null,null,AppliedDressingGauze,
TOOL_HOVER,251898,8/1/2023 12:36:20 PM,2703ca93-175b-4351-b0be-c67e23438d8f,Gauze,1000,
TOOL_HOVER,251914,8/1/2023 12:36:20 PM,2703ca93-175b-4351-b0be-c67e23438d8f,Gauze,1000,
TOOL_HOVER,251931,8/1/2023 12:36:20 PM,2703ca93-175b-4351-b0be-c67e23438d8f,Gauze,1000,
TOOL_HOVER,251947,8/1/2023 12:36:20 PM,2703ca93-175b-4351-b0be-c67e23438d8f,Gauze,1000,
TOOL_HOVER,251963,8/1/2023 12:36:20 PM,2703ca93-175b-4351-b0be-c67e23438d8f,Gauze,1000,
TOOL_HOVER,251981,8/1/2023 12:36:20 PM,2703ca93-175b-4351-b0be-c67e23438d8f,Gauze,1000,
TOOL_HOVER,251998,8/1/2023 12:36:20 PM,2703ca93-175b-4351-b0be-c67e23438d8f,Gauze,1000,
TOOL_HOVER,252015,8/1/2023 12:36:20 PM,2703ca93-175b-4351-b0be-c67e23438d8f,Gauze,1000,
TOOL_HOVER,252032,8/1/2023 12:36:20 PM,2703ca93-175b-4351-b0be-c67e23438d8f,Gauze,1000,
TOOL_HOVER,252048,8/1/2023 12:36:20 PM,2703ca93-175b-4351-b0be-c67e23438d8f,Gauze,1000,
TOOL_SELECTED,252052,8/1/2023 12:36:20 PM,2703ca93-175b-4351-b0be-c67e23438d8f,Gauze,999,
TOOL_DISCARDED,253017,8/1/2023 12:36:21 PM,2703ca93-175b-4351-b0be-c67e23438d8f,Gauze,999,"(4.0, 0.9, -4.3)",
TOOL_APPLIED,253017,8/1/2023 12:36:21 PM,2703ca93-175b-4351-b0be-c67e23438d8f,Helga_10 Root,Gauze_Dressing,skinCollider_BodyLOD (UnityEngine.GameObject),null,null,AppliedDressingGauze,
PATIENT_ENGAGED,261788,8/1/2023 12:36:30 PM,2703ca93-175b-4351-b0be-c67e23438d8f,100,Infinity,Gloria_8 Root,"(4.3, 0.0, -4.3)","(0.0, 0.3, 0.0, -1.0)",MINIMAL,walker,normal,normal,normal,upset,standing,
VOICE_CAPTURE,265679,8/1/2023 12:36:34 PM,2703ca93-175b-4351-b0be-c67e23438d8f,walk,NA,
VOICE_COMMAND,265680,8/1/2023 12:36:34 PM,2703ca93-175b-4351-b0be-c67e23438d8f,walk to the safe area,walk,
S_A_L_T_WALK_IF_CAN,265681,8/1/2023 12:36:34 PM,2703ca93-175b-4351-b0be-c67e23438d8f,"(3.0, 0.0, 4.5)",walkIfCan,Lily_2 Root,
S_A_L_T_WALK_IF_CAN,265681,8/1/2023 12:36:34 PM,2703ca93-175b-4351-b0be-c67e23438d8f,"(1.2, 0.0, 6.2)",walkIfCan,Lily_4 Root,
S_A_L_T_WALK_IF_CAN,265681,8/1/2023 12:36:34 PM,2703ca93-175b-4351-b0be-c67e23438d8f,"(2.7, 0.0, 2.3)",walkIfCan,Mike_5 Root,
S_A_L_T_WALK_IF_CAN,265681,8/1/2023 12:36:34 PM,2703ca93-175b-4351-b0be-c67e23438d8f,"(-1.2, 0.0, 3.1)",walkIfCan,Gloria_6 Root,
S_A_L_T_WALK_IF_CAN,265681,8/1/2023 12:36:34 PM,2703ca93-175b-4351-b0be-c67e23438d8f,"(1.3, 0.0, 3.4)",walkIfCan,Mike_7 Root,
S_A_L_T_WALK_IF_CAN,265681,8/1/2023 12:36:34 PM,2703ca93-175b-4351-b0be-c67e23438d8f,"(4.3, 0.0, -4.3)",walkIfCan,Gloria_8 Root,
S_A_L_T_WALKED,265681,8/1/2023 12:36:34 PM,2703ca93-175b-4351-b0be-c67e23438d8f,"(4.3, 0.0, -4.3)",walked,Gloria_8 Root,
S_A_L_T_WALK_IF_CAN,265681,8/1/2023 12:36:34 PM,2703ca93-175b-4351-b0be-c67e23438d8f,"(3.9, 0.0, -4.4)",walkIfCan,Helga_10 Root,
S_A_L_T_WALKED,265681,8/1/2023 12:36:34 PM,2703ca93-175b-4351-b0be-c67e23438d8f,"(3.9, 0.0, -4.4)",walked,Helga_10 Root,
PATIENT_ENGAGED,266382,8/1/2023 12:36:35 PM,2703ca93-175b-4351-b0be-c67e23438d8f,100,Infinity,Helga_10 Root,"(3.9, 0.0, -4.4)","(0.0, 0.3, 0.0, -1.0)",MINIMAL,walker,normal,normal,normal,calm,standing,
TOOL_HOVER,270593,8/1/2023 12:36:39 PM,2703ca93-175b-4351-b0be-c67e23438d8f,Gauze,1000,
TOOL_HOVER,270610,8/1/2023 12:36:39 PM,2703ca93-175b-4351-b0be-c67e23438d8f,Gauze,1000,
TOOL_HOVER,270626,8/1/2023 12:36:39 PM,2703ca93-175b-4351-b0be-c67e23438d8f,Gauze,1000,
TOOL_HOVER,270642,8/1/2023 12:36:39 PM,2703ca93-175b-4351-b0be-c67e23438d8f,Gauze,1000,
TOOL_HOVER,270659,8/1/2023 12:36:39 PM,2703ca93-175b-4351-b0be-c67e23438d8f,Gauze,1000,
TOOL_SELECTED,270661,8/1/2023 12:36:39 PM,2703ca93-175b-4351-b0be-c67e23438d8f,Gauze,999,
TOOL_DISCARDED,271679,8/1/2023 12:36:40 PM,2703ca93-175b-4351-b0be-c67e23438d8f,Gauze,999,"(4.1, 0.9, -4.3)",
TOOL_DISCARDED,271679,8/1/2023 12:36:40 PM,2703ca93-175b-4351-b0be-c67e23438d8f,Gauze,1000,"(4.1, 0.9, -4.3)",
TOOL_HOVER,272999,8/1/2023 12:36:41 PM,2703ca93-175b-4351-b0be-c67e23438d8f,Tourniquet,996,
TOOL_HOVER,273016,8/1/2023 12:36:41 PM,2703ca93-175b-4351-b0be-c67e23438d8f,Tourniquet,996,
TOOL_HOVER,273032,8/1/2023 12:36:41 PM,2703ca93-175b-4351-b0be-c67e23438d8f,Tourniquet,996,
TOOL_HOVER,273049,8/1/2023 12:36:41 PM,2703ca93-175b-4351-b0be-c67e23438d8f,Tourniquet,996,
TOOL_HOVER,273065,8/1/2023 12:36:41 PM,2703ca93-175b-4351-b0be-c67e23438d8f,Tourniquet,996,
TOOL_SELECTED,273066,8/1/2023 12:36:41 PM,2703ca93-175b-4351-b0be-c67e23438d8f,Tourniquet,995,
INJURY_TREATED,274652,8/1/2023 12:36:43 PM,2703ca93-175b-4351-b0be-c67e23438d8f,L Forearm Laceration,Gloria_8 Root,gauzePressure,low,leftArm,False,True,"(4.0, 0.9, -4.3)",
TOOL_APPLIED,274653,8/1/2023 12:36:43 PM,2703ca93-175b-4351-b0be-c67e23438d8f,Gloria_8 Root,Tourniquet,LeftArm (UnityEngine.GameObject),tor_ring (1) (UnityEngine.GameObject),tourniquet(Clone) (UnityEngine.GameObject),AppliedTourniquet,
TOOL_HOVER,275889,8/1/2023 12:36:44 PM,2703ca93-175b-4351-b0be-c67e23438d8f,Gauze,1001,
TOOL_HOVER,275905,8/1/2023 12:36:44 PM,2703ca93-175b-4351-b0be-c67e23438d8f,Gauze,1001,
TOOL_HOVER,275921,8/1/2023 12:36:44 PM,2703ca93-175b-4351-b0be-c67e23438d8f,Gauze,1001,
TOOL_HOVER,275939,8/1/2023 12:36:44 PM,2703ca93-175b-4351-b0be-c67e23438d8f,Gauze,1001,
TOOL_HOVER,275955,8/1/2023 12:36:44 PM,2703ca93-175b-4351-b0be-c67e23438d8f,Gauze,1001,
TOOL_HOVER,275972,8/1/2023 12:36:44 PM,2703ca93-175b-4351-b0be-c67e23438d8f,Gauze,1001,
TOOL_HOVER,275989,8/1/2023 12:36:44 PM,2703ca93-175b-4351-b0be-c67e23438d8f,Gauze,1001,
TOOL_HOVER,276005,8/1/2023 12:36:44 PM,2703ca93-175b-4351-b0be-c67e23438d8f,Gauze,1001,
TOOL_HOVER,276022,8/1/2023 12:36:44 PM,2703ca93-175b-4351-b0be-c67e23438d8f,Gauze,1001,
TOOL_SELECTED,276023,8/1/2023 12:36:44 PM,2703ca93-175b-4351-b0be-c67e23438d8f,Gauze,1000,
TOOL_DISCARDED,276324,8/1/2023 12:36:45 PM,2703ca93-175b-4351-b0be-c67e23438d8f,Gauze,1000,"(3.7, 1.3, -4.1)",
TOOL_DISCARDED,276324,8/1/2023 12:36:45 PM,2703ca93-175b-4351-b0be-c67e23438d8f,Gauze,1001,"(3.7, 1.3, -4.1)",
TOOL_HOVER,276391,8/1/2023 12:36:45 PM,2703ca93-175b-4351-b0be-c67e23438d8f,Gauze,1002,
TOOL_HOVER,276407,8/1/2023 12:36:45 PM,2703ca93-175b-4351-b0be-c67e23438d8f,Gauze,1002,
TOOL_HOVER,276423,8/1/2023 12:36:45 PM,2703ca93-175b-4351-b0be-c67e23438d8f,Gauze,1002,
TOOL_HOVER,276441,8/1/2023 12:36:45 PM,2703ca93-175b-4351-b0be-c67e23438d8f,Gauze,1002,
TOOL_HOVER,276458,8/1/2023 12:36:45 PM,2703ca93-175b-4351-b0be-c67e23438d8f,Gauze,1002,
TOOL_HOVER,276474,8/1/2023 12:36:45 PM,2703ca93-175b-4351-b0be-c67e23438d8f,Gauze,1002,
TOOL_HOVER,276490,8/1/2023 12:36:45 PM,2703ca93-175b-4351-b0be-c67e23438d8f,Tourniquet,995,
TOOL_HOVER,276507,8/1/2023 12:36:45 PM,2703ca93-175b-4351-b0be-c67e23438d8f,Tourniquet,995,
TOOL_HOVER,276524,8/1/2023 12:36:45 PM,2703ca93-175b-4351-b0be-c67e23438d8f,Tourniquet,995,
TOOL_HOVER,276540,8/1/2023 12:36:45 PM,2703ca93-175b-4351-b0be-c67e23438d8f,Tourniquet,995,
TOOL_HOVER,276559,8/1/2023 12:36:45 PM,2703ca93-175b-4351-b0be-c67e23438d8f,Tourniquet,995,
TOOL_SELECTED,276560,8/1/2023 12:36:45 PM,2703ca93-175b-4351-b0be-c67e23438d8f,Tourniquet,994,
INJURY_TREATED,277760,8/1/2023 12:36:46 PM,2703ca93-175b-4351-b0be-c67e23438d8f,L Forearm Laceration,Gloria_8 Root,gauzePressure,low,leftArm,False,True,"(3.9, 0.9, -4.3)",
TOOL_APPLIED,277762,8/1/2023 12:36:46 PM,2703ca93-175b-4351-b0be-c67e23438d8f,Gloria_8 Root,Tourniquet,LeftForeArm (UnityEngine.GameObject),tor_ring (1) (UnityEngine.GameObject),tourniquet(Clone) (UnityEngine.GameObject),AppliedTourniquet,
VOICE_CAPTURE,281351,8/1/2023 12:36:50 PM,2703ca93-175b-4351-b0be-c67e23438d8f,not try and get it to I'm gonna try and get it there so you took,NA,
TOOL_HOVER,283089,8/1/2023 12:36:51 PM,2703ca93-175b-4351-b0be-c67e23438d8f,Tourniquet,994,
TOOL_HOVER,283105,8/1/2023 12:36:51 PM,2703ca93-175b-4351-b0be-c67e23438d8f,Tourniquet,994,
TOOL_HOVER,283123,8/1/2023 12:36:51 PM,2703ca93-175b-4351-b0be-c67e23438d8f,Tourniquet,994,
TOOL_HOVER,283139,8/1/2023 12:36:51 PM,2703ca93-175b-4351-b0be-c67e23438d8f,Tourniquet,994,
TOOL_HOVER,283157,8/1/2023 12:36:51 PM,2703ca93-175b-4351-b0be-c67e23438d8f,Tourniquet,994,
TOOL_HOVER,283173,8/1/2023 12:36:51 PM,2703ca93-175b-4351-b0be-c67e23438d8f,Tourniquet,994,
TOOL_HOVER,283189,8/1/2023 12:36:51 PM,2703ca93-175b-4351-b0be-c67e23438d8f,Tourniquet,994,
TOOL_HOVER,283206,8/1/2023 12:36:51 PM,2703ca93-175b-4351-b0be-c67e23438d8f,Tourniquet,994,
TOOL_HOVER,283222,8/1/2023 12:36:51 PM,2703ca93-175b-4351-b0be-c67e23438d8f,Tourniquet,994,
TOOL_SELECTED,283223,8/1/2023 12:36:51 PM,2703ca93-175b-4351-b0be-c67e23438d8f,Tourniquet,993,
TOOL_APPLIED,284561,8/1/2023 12:36:53 PM,2703ca93-175b-4351-b0be-c67e23438d8f,Gloria_8 Root,Tourniquet,LeftForeArm (UnityEngine.GameObject),tor_ring (1) (UnityEngine.GameObject),tourniquet(Clone) (UnityEngine.GameObject),AppliedTourniquet,
VOICE_CAPTURE,286848,8/1/2023 12:36:55 PM,2703ca93-175b-4351-b0be-c67e23438d8f,wonderful do it on the lower wrist,NA,
TOOL_HOVER,288786,8/1/2023 12:36:57 PM,2703ca93-175b-4351-b0be-c67e23438d8f,Tourniquet,993,
TOOL_HOVER,288803,8/1/2023 12:36:57 PM,2703ca93-175b-4351-b0be-c67e23438d8f,Tourniquet,993,
TOOL_HOVER,288820,8/1/2023 12:36:57 PM,2703ca93-175b-4351-b0be-c67e23438d8f,Tourniquet,993,
TOOL_HOVER,288837,8/1/2023 12:36:57 PM,2703ca93-175b-4351-b0be-c67e23438d8f,Tourniquet,993,
TOOL_HOVER,288853,8/1/2023 12:36:57 PM,2703ca93-175b-4351-b0be-c67e23438d8f,Tourniquet,993,
TOOL_HOVER,288870,8/1/2023 12:36:57 PM,2703ca93-175b-4351-b0be-c67e23438d8f,Tourniquet,993,
TOOL_HOVER,288887,8/1/2023 12:36:57 PM,2703ca93-175b-4351-b0be-c67e23438d8f,Tourniquet,993,
TOOL_HOVER,288903,8/1/2023 12:36:57 PM,2703ca93-175b-4351-b0be-c67e23438d8f,Tourniquet,993,
TOOL_HOVER,288920,8/1/2023 12:36:57 PM,2703ca93-175b-4351-b0be-c67e23438d8f,Tourniquet,993,
TOOL_HOVER,288937,8/1/2023 12:36:57 PM,2703ca93-175b-4351-b0be-c67e23438d8f,Tourniquet,993,
TOOL_SELECTED,288938,8/1/2023 12:36:57 PM,2703ca93-175b-4351-b0be-c67e23438d8f,Tourniquet,992,
INJURY_TREATED,289989,8/1/2023 12:36:58 PM,2703ca93-175b-4351-b0be-c67e23438d8f,L Forearm Laceration,Gloria_8 Root,gauzePressure,low,leftArm,False,True,"(4.1, 0.9, -4.3)",
TOOL_APPLIED,289990,8/1/2023 12:36:58 PM,2703ca93-175b-4351-b0be-c67e23438d8f,Gloria_8 Root,Tourniquet,LeftArm (UnityEngine.GameObject),tor_ring (1) (UnityEngine.GameObject),tourniquet(Clone) (UnityEngine.GameObject),AppliedTourniquet,
PATIENT_ENGAGED,289990,8/1/2023 12:36:58 PM,2703ca93-175b-4351-b0be-c67e23438d8f,100,Infinity,Gloria_8 Root,"(4.3, 0.0, -4.3)","(0.0, 0.3, 0.0, -0.9)",MINIMAL,walker,normal,normal,normal,upset,standing,
PATIENT_ENGAGED,290457,8/1/2023 12:36:59 PM,2703ca93-175b-4351-b0be-c67e23438d8f,100,Infinity,Helga_10 Root,"(3.9, 0.0, -4.4)","(0.0, 0.3, 0.0, -1.0)",MINIMAL,walker,normal,normal,normal,calm,standing,
VOICE_CAPTURE,292228,8/1/2023 12:37:00 PM,2703ca93-175b-4351-b0be-c67e23438d8f,yeah you can do it on the you can do it anywhere on the lower arm,NA,
VOICE_CAPTURE,294799,8/1/2023 12:37:03 PM,2703ca93-175b-4351-b0be-c67e23438d8f,and right on the elbow,NA,
VOICE_CAPTURE,299119,8/1/2023 12:37:07 PM,2703ca93-175b-4351-b0be-c67e23438d8f,and I can put two on how about that,NA,
BAG_CLOSED,300999,8/1/2023 12:37:09 PM,2703ca93-175b-4351-b0be-c67e23438d8f,"(4.0, 0.7, -3.7)",
TELEPORT,300999,8/1/2023 12:37:09 PM,2703ca93-175b-4351-b0be-c67e23438d8f,"(3.7, 0.0, -3.4)",
TELEPORT,303038,8/1/2023 12:37:11 PM,2703ca93-175b-4351-b0be-c67e23438d8f,"(4.1, 0.0, 3.3)",
TELEPORT,304976,8/1/2023 12:37:13 PM,2703ca93-175b-4351-b0be-c67e23438d8f,"(1.2, 0.0, 5.7)",
VOICE_CAPTURE,306154,8/1/2023 12:37:14 PM,2703ca93-175b-4351-b0be-c67e23438d8f,OK yeah here let me let me test this again just see,NA,
TELEPORT,308105,8/1/2023 12:37:16 PM,2703ca93-175b-4351-b0be-c67e23438d8f,"(0.9, 0.0, 9.1)",
VOICE_CAPTURE,309508,8/1/2023 12:37:18 PM,2703ca93-175b-4351-b0be-c67e23438d8f,that's weird,NA,
TELEPORT,314751,8/1/2023 12:37:23 PM,2703ca93-175b-4351-b0be-c67e23438d8f,"(2.2, 0.0, 4.1)",
TELEPORT,316144,8/1/2023 12:37:24 PM,2703ca93-175b-4351-b0be-c67e23438d8f,"(2.4, 0.0, 2.4)",
TELEPORT,317794,8/1/2023 12:37:26 PM,2703ca93-175b-4351-b0be-c67e23438d8f,"(1.2, 0.0, 1.7)",
VOICE_CAPTURE,317845,8/1/2023 12:37:26 PM,2703ca93-175b-4351-b0be-c67e23438d8f,yeah poor guy,NA,
PATIENT_ENGAGED,318161,8/1/2023 12:37:26 PM,2703ca93-175b-4351-b0be-c67e23438d8f,100,0,Gary_3 Root,"(0.4, 0.0, 1.7)","(0.0, 0.0, 0.0, 1.0)",IMMEDIATE,still,faint,normal,normal,unresponsive,supine,
PULSE_TAKEN,319794,8/1/2023 12:37:28 PM,2703ca93-175b-4351-b0be-c67e23438d8f,pulse_faint,Gary_3 Root,
TELEPORT,321466,8/1/2023 12:37:30 PM,2703ca93-175b-4351-b0be-c67e23438d8f,"(1.3, 0.0, 1.1)",
PULSE_TAKEN,324689,8/1/2023 12:37:33 PM,2703ca93-175b-4351-b0be-c67e23438d8f,pulse_fast,Mike_5 Root,
PATIENT_ENGAGED,325022,8/1/2023 12:37:33 PM,2703ca93-175b-4351-b0be-c67e23438d8f,100,Infinity,Mike_5 Root,"(2.7, 0.0, 2.3)","(0.0, 1.0, 0.0, 0.0)",IMMEDIATE,waver,fast,normal,normal,upset,fetal,
PULSE_TAKEN,325993,8/1/2023 12:37:34 PM,2703ca93-175b-4351-b0be-c67e23438d8f,pulse_fast,Mike_5 Root,
PULSE_TAKEN,326512,8/1/2023 12:37:35 PM,2703ca93-175b-4351-b0be-c67e23438d8f,pulse_fast,Mike_5 Root,
TELEPORT,327730,8/1/2023 12:37:36 PM,2703ca93-175b-4351-b0be-c67e23438d8f,"(3.3, 0.0, 1.7)",
PULSE_TAKEN,330639,8/1/2023 12:37:39 PM,2703ca93-175b-4351-b0be-c67e23438d8f,pulse_fast,Lily_2 Root,
VOICE_CAPTURE,337193,8/1/2023 12:37:45 PM,2703ca93-175b-4351-b0be-c67e23438d8f,Alright,NA,
SESSION_END,341398,8/1/2023 12:37:50 PM,2703ca93-175b-4351-b0be-c67e23438d8f,
VOICE_CAPTURE,342479,8/1/2023 12:37:51 PM,2703ca93-175b-4351-b0be-c67e23438d8f,oh just triage,NA,
