PATIENT_DEMOTED,2413,8/9/2023 12:33:06 PM,44458d4a-3cce-4907-85e3-3db1375ce6bb,100,Infinity,Bob_0 Root,"(-1.4, 0.0, 5.6)","(0.0, 0.7, 0.0, 0.7)",EXPECTANT,still,faint,restricted,none,unresponsive,supine,
PATIENT_DEMOTED,2634,8/9/2023 12:33:07 PM,44458d4a-3cce-4907-85e3-3db1375ce6bb,100,Infinity,Bob_0 Root,"(-1.5, 0.0, 5.6)","(0.0, 0.7, 0.0, 0.7)",DEAD,still,none,none,none,dead,supine,
PATIENT_DEMOTED,2750,8/9/2023 12:33:07 PM,44458d4a-3cce-4907-85e3-3db1375ce6bb,100,Infinity,Gary_1 Root,"(1.6, 0.0, 7.4)","(0.0, 1.0, 0.0, 0.0)",EXPECTANT,still,faint,restricted,none,unresponsive,supine,
PATIENT_DEMOTED,3493,8/9/2023 12:33:07 PM,44458d4a-3cce-4907-85e3-3db1375ce6bb,100,Infinity,Lily_2 Root,"(2.8, 0.0, 4.3)","(0.0, 1.0, 0.0, 0.0)",IMMEDIATE,waver,fast,fast,normal,agony,fetal,
VOICE_CAPTURE,3663,8/9/2023 12:33:08 PM,44458d4a-3cce-4907-85e3-3db1375ce6bb,Alright let's try again,NA,
PATIENT_DEMOTED,4169,8/9/2023 12:33:08 PM,44458d4a-3cce-4907-85e3-3db1375ce6bb,100,0,Gary_3 Root,"(0.3, 0.0, 1.6)","(0.0, 0.0, 0.0, 1.0)",IMMEDIATE,still,faint,collapsedRight,normal,unresponsive,supine,
PATIENT_DEMOTED,4750,8/9/2023 12:33:09 PM,44458d4a-3cce-4907-85e3-3db1375ce6bb,100,Infinity,Lily_4 Root,"(1.2, 0.0, 6.3)","(0.0, 1.0, 0.0, 0.0)",IMMEDIATE,waver,fast,normal,normal,upset,fetal,
PATIENT_DEMOTED,5577,8/9/2023 12:33:09 PM,44458d4a-3cce-4907-85e3-3db1375ce6bb,100,Infinity,Mike_5 Root,"(2.4, 0.0, 2.3)","(0.0, 1.0, 0.0, 0.0)",IMMEDIATE,waver,fast,normal,normal,upset,fetal,
PATIENT_DEMOTED,6122,8/9/2023 12:33:10 PM,44458d4a-3cce-4907-85e3-3db1375ce6bb,100,Infinity,Gloria_6 Root,"(-1.0, 0.0, 2.9)","(0.0, 0.4, 0.0, 0.9)",DELAYED,waver,fast,normal,normal,upset,fetal,
PATIENT_DEMOTED,6838,8/9/2023 12:33:11 PM,44458d4a-3cce-4907-85e3-3db1375ce6bb,100,Infinity,Mike_7 Root,"(1.7, 0.0, 3.9)","(0.0, 0.1, 0.0, 1.0)",IMMEDIATE,waver,fast,normal,normal,upset,sittingGround,
PATIENT_DEMOTED,7215,8/9/2023 12:33:11 PM,44458d4a-3cce-4907-85e3-3db1375ce6bb,100,Infinity,Mike_7 Root,"(1.0, 0.0, 3.7)","(0.0, 0.1, 0.0, 1.0)",DELAYED,waver,fast,normal,normal,upset,sittingGround,
VOICE_CAPTURE,7846,8/9/2023 12:33:12 PM,44458d4a-3cce-4907-85e3-3db1375ce6bb,OK,NA,
SESSION_START,10554,8/9/2023 12:33:14 PM,44458d4a-3cce-4907-85e3-3db1375ce6bb,
PATIENT_RECORD,10554,8/9/2023 12:33:14 PM,44458d4a-3cce-4907-85e3-3db1375ce6bb,100,Infinity,Bob_0 Root,"(-1.7, 0.0, 5.7)","(0.0, 0.7, 0.0, 0.7)",DEAD,still,none,none,none,dead,supine,
INJURY_RECORD,10554,8/9/2023 12:33:14 PM,44458d4a-3cce-4907-85e3-3db1375ce6bb,Face Shrapnel,Bob_0 Root,airway,high,head,False,False,"(-1.8, 1.7, 5.6)",
INJURY_RECORD,10555,8/9/2023 12:33:14 PM,44458d4a-3cce-4907-85e3-3db1375ce6bb,L Wrist Amputation,Bob_0 Root,tourniquet,high,leftArm,False,False,"(-1.8, 1.4, 6.3)",
INJURY_RECORD,10555,8/9/2023 12:33:14 PM,44458d4a-3cce-4907-85e3-3db1375ce6bb,L Chest Collapse,Bob_0 Root,decompress,high,chest,False,False,"(0.0, 0.0, 0.0)",
INJURY_RECORD,10555,8/9/2023 12:33:14 PM,44458d4a-3cce-4907-85e3-3db1375ce6bb,L Stomach Puncture,Bob_0 Root,woundpack,high,abdomen,False,False,"(-1.6, 1.1, 5.7)",
INJURY_RECORD,10555,8/9/2023 12:33:14 PM,44458d4a-3cce-4907-85e3-3db1375ce6bb,R Shin Amputation,Bob_0 Root,tourniquet,high,rightLeg,False,False,"(-1.7, 0.4, 5.6)",
INJURY_RECORD,10555,8/9/2023 12:33:14 PM,44458d4a-3cce-4907-85e3-3db1375ce6bb,L Thigh Laceration,Bob_0 Root,tourniquet,medium,leftLeg,False,False,"(-1.6, 0.7, 5.8)",
PATIENT_RECORD,10555,8/9/2023 12:33:14 PM,44458d4a-3cce-4907-85e3-3db1375ce6bb,100,Infinity,Gary_1 Root,"(1.6, 0.0, 7.6)","(0.0, 1.0, 0.0, 0.0)",EXPECTANT,still,none,restricted,none,unresponsive,supine,
INJURY_RECORD,10555,8/9/2023 12:33:14 PM,44458d4a-3cce-4907-85e3-3db1375ce6bb,Face Shrapnel,Gary_1 Root,airway,high,head,False,False,"(1.6, 1.7, 7.7)",
PATIENT_RECORD,10555,8/9/2023 12:33:14 PM,44458d4a-3cce-4907-85e3-3db1375ce6bb,100,Infinity,Lily_2 Root,"(3.0, 0.0, 4.5)","(0.0, 1.0, 0.0, 0.0)",IMMEDIATE,waver,fast,fast,normal,agony,fetal,
INJURY_RECORD,10555,8/9/2023 12:33:14 PM,44458d4a-3cce-4907-85e3-3db1375ce6bb,R Shin Amputation,Lily_2 Root,tourniquet,high,rightLeg,False,False,"(2.9, 0.4, 4.5)",
PATIENT_RECORD,10555,8/9/2023 12:33:14 PM,44458d4a-3cce-4907-85e3-3db1375ce6bb,100,0,Gary_3 Root,"(0.4, 0.0, 1.7)","(0.0, 0.0, 0.0, 1.0)",IMMEDIATE,still,faint,collapsedRight,normal,unresponsive,supine,
INJURY_RECORD,10555,8/9/2023 12:33:14 PM,44458d4a-3cce-4907-85e3-3db1375ce6bb,R Chest Collapse,Gary_3 Root,decompress,high,chest,False,False,"(0.0, 0.0, 0.0)",
PATIENT_RECORD,10555,8/9/2023 12:33:14 PM,44458d4a-3cce-4907-85e3-3db1375ce6bb,100,Infinity,Lily_4 Root,"(1.2, 0.0, 6.2)","(0.0, 1.0, 0.0, 0.0)",IMMEDIATE,waver,fast,normal,normal,upset,fetal,
INJURY_RECORD,10555,8/9/2023 12:33:14 PM,44458d4a-3cce-4907-85e3-3db1375ce6bb,L Side Puncture,Lily_4 Root,woundpack,medium,abdomen,False,False,"(1.3, 1.0, 6.2)",
PATIENT_RECORD,10555,8/9/2023 12:33:14 PM,44458d4a-3cce-4907-85e3-3db1375ce6bb,100,Infinity,Mike_5 Root,"(2.7, 0.0, 2.3)","(0.0, 1.0, 0.0, 0.0)",IMMEDIATE,waver,fast,normal,normal,upset,fetal,
INJURY_RECORD,10555,8/9/2023 12:33:14 PM,44458d4a-3cce-4907-85e3-3db1375ce6bb,R Side Puncture,Mike_5 Root,woundpack,medium,abdomen,False,False,"(2.6, 1.1, 2.2)",
INJURY_RECORD,10555,8/9/2023 12:33:14 PM,44458d4a-3cce-4907-85e3-3db1375ce6bb,R Thigh Laceration,Mike_5 Root,tourniquet,medium,rightLeg,False,False,"(2.5, 0.6, 2.2)",
PATIENT_RECORD,10555,8/9/2023 12:33:14 PM,44458d4a-3cce-4907-85e3-3db1375ce6bb,100,Infinity,Gloria_6 Root,"(-1.3, 0.0, 3.1)","(0.0, 0.4, 0.0, 0.9)",DELAYED,waver,fast,normal,normal,upset,fetal,
INJURY_RECORD,10555,8/9/2023 12:33:14 PM,44458d4a-3cce-4907-85e3-3db1375ce6bb,R Calf Shrapnel,Gloria_6 Root,gauzePressure,medium,rightLeg,False,False,"(-1.2, 0.3, 3.0)",
PATIENT_RECORD,10555,8/9/2023 12:33:14 PM,44458d4a-3cce-4907-85e3-3db1375ce6bb,100,Infinity,Mike_7 Root,"(1.3, 0.0, 3.4)","(0.0, 0.1, 0.0, 1.0)",DELAYED,waver,fast,normal,normal,upset,sittingGround,
INJURY_RECORD,10555,8/9/2023 12:33:14 PM,44458d4a-3cce-4907-85e3-3db1375ce6bb,L Thigh Puncture,Mike_7 Root,tourniquet,medium,leftLeg,False,False,"(1.3, 0.6, 3.5)",
INJURY_RECORD,10555,8/9/2023 12:33:14 PM,44458d4a-3cce-4907-85e3-3db1375ce6bb,R Calf Laceration,Mike_7 Root,gauzePressure,low,rightLeg,False,False,"(1.4, 0.3, 3.4)",
PATIENT_RECORD,10555,8/9/2023 12:33:14 PM,44458d4a-3cce-4907-85e3-3db1375ce6bb,100,Infinity,Gloria_8 Root,"(3.7, 0.0, 6.0)","(0.0, 1.0, 0.0, 0.0)",MINIMAL,walker,normal,normal,normal,upset,sittingGround,
INJURY_RECORD,10555,8/9/2023 12:33:14 PM,44458d4a-3cce-4907-85e3-3db1375ce6bb,L Forearm Laceration,Gloria_8 Root,gauzePressure,low,leftArm,False,False,"(4.2, 1.3, 6.0)",
PATIENT_RECORD,10555,8/9/2023 12:33:14 PM,44458d4a-3cce-4907-85e3-3db1375ce6bb,100,0,Gary_9 Root,"(2.9, 0.0, 9.0)","(0.0, 1.0, 0.0, 0.0)",MINIMAL,walker,normal,normal,limited,calm,standing,
INJURY_RECORD,10555,8/9/2023 12:33:14 PM,44458d4a-3cce-4907-85e3-3db1375ce6bb,Ear Bleed,Gary_9 Root,none,low,head,False,False,"(0.0, 0.0, 0.0)",
PATIENT_RECORD,10555,8/9/2023 12:33:14 PM,44458d4a-3cce-4907-85e3-3db1375ce6bb,100,Infinity,Helga_10 Root,"(3.9, 0.0, 8.0)","(0.0, 1.0, 0.0, 0.0)",MINIMAL,walker,normal,normal,normal,calm,sittingGround,
INJURY_RECORD,10555,8/9/2023 12:33:14 PM,44458d4a-3cce-4907-85e3-3db1375ce6bb,Forehead Scrape,Helga_10 Root,none,low,head,False,False,"(4.0, 1.6, 8.0)",
VOICE_CAPTURE,12626,8/9/2023 12:33:17 PM,44458d4a-3cce-4907-85e3-3db1375ce6bb,walk,NA,
VOICE_COMMAND,12626,8/9/2023 12:33:17 PM,44458d4a-3cce-4907-85e3-3db1375ce6bb,walk to the safe area,walk,
S_A_L_T_WALK_IF_CAN,12647,8/9/2023 12:33:17 PM,44458d4a-3cce-4907-85e3-3db1375ce6bb,"(3.0, 0.0, 4.5)",walkIfCan,Lily_2 Root,
S_A_L_T_WALK_IF_CAN,12647,8/9/2023 12:33:17 PM,44458d4a-3cce-4907-85e3-3db1375ce6bb,"(1.2, 0.0, 6.2)",walkIfCan,Lily_4 Root,
S_A_L_T_WALK_IF_CAN,12647,8/9/2023 12:33:17 PM,44458d4a-3cce-4907-85e3-3db1375ce6bb,"(2.7, 0.0, 2.3)",walkIfCan,Mike_5 Root,
S_A_L_T_WALK_IF_CAN,12647,8/9/2023 12:33:17 PM,44458d4a-3cce-4907-85e3-3db1375ce6bb,"(-1.3, 0.0, 3.1)",walkIfCan,Gloria_6 Root,
S_A_L_T_WALK_IF_CAN,12647,8/9/2023 12:33:17 PM,44458d4a-3cce-4907-85e3-3db1375ce6bb,"(1.3, 0.0, 3.4)",walkIfCan,Mike_7 Root,
S_A_L_T_WALK_IF_CAN,12647,8/9/2023 12:33:17 PM,44458d4a-3cce-4907-85e3-3db1375ce6bb,"(3.7, 0.0, 6.0)",walkIfCan,Gloria_8 Root,
S_A_L_T_WALKED,12647,8/9/2023 12:33:17 PM,44458d4a-3cce-4907-85e3-3db1375ce6bb,"(3.7, 0.0, 6.0)",walked,Gloria_8 Root,
S_A_L_T_WALK_IF_CAN,12648,8/9/2023 12:33:17 PM,44458d4a-3cce-4907-85e3-3db1375ce6bb,"(3.9, 0.0, 8.0)",walkIfCan,Helga_10 Root,
S_A_L_T_WALKED,12648,8/9/2023 12:33:17 PM,44458d4a-3cce-4907-85e3-3db1375ce6bb,"(3.9, 0.0, 8.0)",walked,Helga_10 Root,
VOICE_CAPTURE,14194,8/9/2023 12:33:18 PM,44458d4a-3cce-4907-85e3-3db1375ce6bb,walk back,NA,
VOICE_COMMAND,14194,8/9/2023 12:33:18 PM,44458d4a-3cce-4907-85e3-3db1375ce6bb,walk to the safe area,walk back,
VOICE_CAPTURE,14719,8/9/2023 12:33:19 PM,44458d4a-3cce-4907-85e3-3db1375ce6bb,wave,NA,
VOICE_COMMAND,14719,8/9/2023 12:33:19 PM,44458d4a-3cce-4907-85e3-3db1375ce6bb,wave if you can,wave,
S_A_L_T_WAVE_IF_CAN,14720,8/9/2023 12:33:19 PM,44458d4a-3cce-4907-85e3-3db1375ce6bb,"(3.0, 0.0, 4.5)",waveIfCan,Lily_2 Root,
S_A_L_T_WAVED,14720,8/9/2023 12:33:19 PM,44458d4a-3cce-4907-85e3-3db1375ce6bb,"(3.0, 0.0, 4.5)",waved,Lily_2 Root,
S_A_L_T_WAVE_IF_CAN,14721,8/9/2023 12:33:19 PM,44458d4a-3cce-4907-85e3-3db1375ce6bb,"(1.2, 0.0, 6.2)",waveIfCan,Lily_4 Root,
S_A_L_T_WAVED,14721,8/9/2023 12:33:19 PM,44458d4a-3cce-4907-85e3-3db1375ce6bb,"(1.2, 0.0, 6.2)",waved,Lily_4 Root,
S_A_L_T_WAVE_IF_CAN,14721,8/9/2023 12:33:19 PM,44458d4a-3cce-4907-85e3-3db1375ce6bb,"(2.7, 0.0, 2.3)",waveIfCan,Mike_5 Root,
S_A_L_T_WAVED,14721,8/9/2023 12:33:19 PM,44458d4a-3cce-4907-85e3-3db1375ce6bb,"(2.7, 0.0, 2.3)",waved,Mike_5 Root,
S_A_L_T_WAVE_IF_CAN,14721,8/9/2023 12:33:19 PM,44458d4a-3cce-4907-85e3-3db1375ce6bb,"(-1.3, 0.0, 3.1)",waveIfCan,Gloria_6 Root,
S_A_L_T_WAVED,14721,8/9/2023 12:33:19 PM,44458d4a-3cce-4907-85e3-3db1375ce6bb,"(-1.3, 0.0, 3.1)",waved,Gloria_6 Root,
S_A_L_T_WAVE_IF_CAN,14721,8/9/2023 12:33:19 PM,44458d4a-3cce-4907-85e3-3db1375ce6bb,"(1.3, 0.0, 3.4)",waveIfCan,Mike_7 Root,
S_A_L_T_WAVED,14721,8/9/2023 12:33:19 PM,44458d4a-3cce-4907-85e3-3db1375ce6bb,"(1.3, 0.0, 3.4)",waved,Mike_7 Root,
S_A_L_T_WAVE_IF_CAN,14721,8/9/2023 12:33:19 PM,44458d4a-3cce-4907-85e3-3db1375ce6bb,"(3.9, 0.0, 5.8)",waveIfCan,Gloria_8 Root,
S_A_L_T_WAVE_IF_CAN,14721,8/9/2023 12:33:19 PM,44458d4a-3cce-4907-85e3-3db1375ce6bb,"(3.7, 0.0, 7.3)",waveIfCan,Helga_10 Root,
S_A_L_T_WALK_IF_CAN,14736,8/9/2023 12:33:19 PM,44458d4a-3cce-4907-85e3-3db1375ce6bb,"(3.0, 0.0, 4.5)",walkIfCan,Lily_2 Root,
S_A_L_T_WALK_IF_CAN,14736,8/9/2023 12:33:19 PM,44458d4a-3cce-4907-85e3-3db1375ce6bb,"(1.2, 0.0, 6.2)",walkIfCan,Lily_4 Root,
S_A_L_T_WALK_IF_CAN,14736,8/9/2023 12:33:19 PM,44458d4a-3cce-4907-85e3-3db1375ce6bb,"(2.7, 0.0, 2.3)",walkIfCan,Mike_5 Root,
S_A_L_T_WALK_IF_CAN,14736,8/9/2023 12:33:19 PM,44458d4a-3cce-4907-85e3-3db1375ce6bb,"(-1.3, 0.0, 3.1)",walkIfCan,Gloria_6 Root,
S_A_L_T_WALK_IF_CAN,14736,8/9/2023 12:33:19 PM,44458d4a-3cce-4907-85e3-3db1375ce6bb,"(1.3, 0.0, 3.4)",walkIfCan,Mike_7 Root,
S_A_L_T_WALK_IF_CAN,14736,8/9/2023 12:33:19 PM,44458d4a-3cce-4907-85e3-3db1375ce6bb,"(4.0, 0.0, 5.8)",walkIfCan,Gloria_8 Root,
S_A_L_T_WALKED,14736,8/9/2023 12:33:19 PM,44458d4a-3cce-4907-85e3-3db1375ce6bb,"(4.0, 0.0, 5.8)",walked,Gloria_8 Root,
S_A_L_T_WALK_IF_CAN,14736,8/9/2023 12:33:19 PM,44458d4a-3cce-4907-85e3-3db1375ce6bb,"(3.7, 0.0, 7.2)",walkIfCan,Helga_10 Root,
S_A_L_T_WALKED,14736,8/9/2023 12:33:19 PM,44458d4a-3cce-4907-85e3-3db1375ce6bb,"(3.7, 0.0, 7.2)",walked,Helga_10 Root,
TELEPORT,19486,8/9/2023 12:33:23 PM,44458d4a-3cce-4907-85e3-3db1375ce6bb,"(0.8, 0.0, -2.3)",
TELEPORT,20133,8/9/2023 12:33:24 PM,44458d4a-3cce-4907-85e3-3db1375ce6bb,"(0.8, 0.0, -2.0)",
VOICE_CAPTURE,20246,8/9/2023 12:33:24 PM,44458d4a-3cce-4907-85e3-3db1375ce6bb,alright OK alright,NA,
TELEPORT,21723,8/9/2023 12:33:26 PM,44458d4a-3cce-4907-85e3-3db1375ce6bb,"(0.8, 0.0, -2.0)",
PATIENT_ENGAGED,27002,8/9/2023 12:33:31 PM,44458d4a-3cce-4907-85e3-3db1375ce6bb,100,Infinity,Gary_1 Root,"(1.6, 0.0, 7.6)","(0.0, 1.0, 0.0, 0.0)",EXPECTANT,still,none,restricted,none,unresponsive,supine,
VOICE_CAPTURE,30337,8/9/2023 12:33:34 PM,44458d4a-3cce-4907-85e3-3db1375ce6bb,OK,NA,
PULSE_TAKEN,31585,8/9/2023 12:33:36 PM,44458d4a-3cce-4907-85e3-3db1375ce6bb,pulse_none,Gary_1 Root,
PULSE_TAKEN,33887,8/9/2023 12:33:38 PM,44458d4a-3cce-4907-85e3-3db1375ce6bb,pulse_none,Gary_1 Root,
VOICE_CAPTURE,34157,8/9/2023 12:33:38 PM,44458d4a-3cce-4907-85e3-3db1375ce6bb,OK thank you for a pulse,NA,
PULSE_TAKEN,38237,8/9/2023 12:33:42 PM,44458d4a-3cce-4907-85e3-3db1375ce6bb,pulse_none,Gary_1 Root,
VOICE_CAPTURE,38421,8/9/2023 12:33:42 PM,44458d4a-3cce-4907-85e3-3db1375ce6bb,Sir,NA,
BAG_ACCESS,40173,8/9/2023 12:33:44 PM,44458d4a-3cce-4907-85e3-3db1375ce6bb,"(1.4, 0.7, 8.5)",
VOICE_CAPTURE,40561,8/9/2023 12:33:44 PM,44458d4a-3cce-4907-85e3-3db1375ce6bb,I'm not feeling a pulse,NA,
TAG_SELECTED,42163,8/9/2023 12:33:46 PM,44458d4a-3cce-4907-85e3-3db1375ce6bb,green,
TAG_APPLIED,46472,8/9/2023 12:33:50 PM,44458d4a-3cce-4907-85e3-3db1375ce6bb,Gary_1 Root,green,
PULSE_TAKEN,47125,8/9/2023 12:33:51 PM,44458d4a-3cce-4907-85e3-3db1375ce6bb,pulse_none,Gary_1 Root,
VOICE_CAPTURE,47758,8/9/2023 12:33:52 PM,44458d4a-3cce-4907-85e3-3db1375ce6bb,housing moving if it's not that pulse,NA,
PULSE_TAKEN,47956,8/9/2023 12:33:52 PM,44458d4a-3cce-4907-85e3-3db1375ce6bb,pulse_none,Gary_1 Root,
TAG_SELECTED,50264,8/9/2023 12:33:54 PM,44458d4a-3cce-4907-85e3-3db1375ce6bb,black,
VOICE_CAPTURE,50597,8/9/2023 12:33:55 PM,44458d4a-3cce-4907-85e3-3db1375ce6bb,wait,NA,
TAG_APPLIED,52135,8/9/2023 12:33:56 PM,44458d4a-3cce-4907-85e3-3db1375ce6bb,Gary_1 Root,black,
PULSE_TAKEN,53259,8/9/2023 12:33:57 PM,44458d4a-3cce-4907-85e3-3db1375ce6bb,pulse_none,Gary_1 Root,
PULSE_TAKEN,57650,8/9/2023 12:34:02 PM,44458d4a-3cce-4907-85e3-3db1375ce6bb,pulse_none,Gary_1 Root,
TAG_SELECTED,67471,8/9/2023 12:34:11 PM,44458d4a-3cce-4907-85e3-3db1375ce6bb,gray,
TAG_APPLIED,68943,8/9/2023 12:34:13 PM,44458d4a-3cce-4907-85e3-3db1375ce6bb,Gary_1 Root,gray,
BAG_CLOSED,72955,8/9/2023 12:34:17 PM,44458d4a-3cce-4907-85e3-3db1375ce6bb,"(1.4, 0.7, 8.5)",
TELEPORT,72955,8/9/2023 12:34:17 PM,44458d4a-3cce-4907-85e3-3db1375ce6bb,"(0.7, 0.0, 8.0)",
VOICE_CAPTURE,74813,8/9/2023 12:34:19 PM,44458d4a-3cce-4907-85e3-3db1375ce6bb,Oh my God,NA,
PATIENT_ENGAGED,78033,8/9/2023 12:34:22 PM,44458d4a-3cce-4907-85e3-3db1375ce6bb,100,Infinity,Bob_0 Root,"(-1.7, 0.0, 5.7)","(0.0, 0.7, 0.0, 0.7)",DEAD,still,none,none,none,dead,supine,
PULSE_TAKEN,80205,8/9/2023 12:34:24 PM,44458d4a-3cce-4907-85e3-3db1375ce6bb,pulse_none,Bob_0 Root,
BAG_ACCESS,86901,8/9/2023 12:34:31 PM,44458d4a-3cce-4907-85e3-3db1375ce6bb,"(-1.3, 0.7, 5.4)",
TAG_SELECTED,87876,8/9/2023 12:34:32 PM,44458d4a-3cce-4907-85e3-3db1375ce6bb,black,
TAG_APPLIED,89841,8/9/2023 12:34:34 PM,44458d4a-3cce-4907-85e3-3db1375ce6bb,Bob_0 Root,black,
VOICE_CAPTURE,99298,8/9/2023 12:34:43 PM,44458d4a-3cce-4907-85e3-3db1375ce6bb,hi there where other one is not responsive,NA,
BAG_CLOSED,99516,8/9/2023 12:34:43 PM,44458d4a-3cce-4907-85e3-3db1375ce6bb,"(-1.3, 0.7, 5.4)",
TELEPORT,99516,8/9/2023 12:34:43 PM,44458d4a-3cce-4907-85e3-3db1375ce6bb,"(-2.1, 0.0, 5.1)",
TELEPORT,101236,8/9/2023 12:34:45 PM,44458d4a-3cce-4907-85e3-3db1375ce6bb,"(-2.2, 0.0, 4.5)",
PATIENT_ENGAGED,101753,8/9/2023 12:34:46 PM,44458d4a-3cce-4907-85e3-3db1375ce6bb,100,Infinity,Gloria_6 Root,"(-1.3, 0.0, 3.1)","(0.0, 0.4, 0.0, 0.9)",DELAYED,waver,fast,normal,normal,upset,fetal,
PULSE_TAKEN,105930,8/9/2023 12:34:50 PM,44458d4a-3cce-4907-85e3-3db1375ce6bb,pulse_fast,Gloria_6 Root,
VOICE_CAPTURE,109657,8/9/2023 12:34:54 PM,44458d4a-3cce-4907-85e3-3db1375ce6bb,alright the bleeding is controlled not taking that object out let me check your pulse looks strong,NA,
VOICE_CAPTURE,113215,8/9/2023 12:34:57 PM,44458d4a-3cce-4907-85e3-3db1375ce6bb,what's your name,NA,
VOICE_COMMAND,113215,8/9/2023 12:34:57 PM,44458d4a-3cce-4907-85e3-3db1375ce6bb,what is your name,what's your name,
BAG_ACCESS,117088,8/9/2023 12:35:01 PM,44458d4a-3cce-4907-85e3-3db1375ce6bb,"(-1.6, 0.7, 3.8)",
VOICE_CAPTURE,119286,8/9/2023 12:35:03 PM,44458d4a-3cce-4907-85e3-3db1375ce6bb,Gloria OK let's see here,NA,
TAG_SELECTED,119504,8/9/2023 12:35:03 PM,44458d4a-3cce-4907-85e3-3db1375ce6bb,red,
TAG_APPLIED,121105,8/9/2023 12:35:05 PM,44458d4a-3cce-4907-85e3-3db1375ce6bb,Gloria_6 Root,red,
TOOL_HOVER,121962,8/9/2023 12:35:06 PM,44458d4a-3cce-4907-85e3-3db1375ce6bb,Gauze,999,
TOOL_HOVER,121977,8/9/2023 12:35:06 PM,44458d4a-3cce-4907-85e3-3db1375ce6bb,Gauze,999,
TOOL_HOVER,121994,8/9/2023 12:35:06 PM,44458d4a-3cce-4907-85e3-3db1375ce6bb,Gauze,999,
TOOL_HOVER,122011,8/9/2023 12:35:06 PM,44458d4a-3cce-4907-85e3-3db1375ce6bb,Gauze,999,
TOOL_HOVER,122027,8/9/2023 12:35:06 PM,44458d4a-3cce-4907-85e3-3db1375ce6bb,Gauze,999,
TOOL_HOVER,122045,8/9/2023 12:35:06 PM,44458d4a-3cce-4907-85e3-3db1375ce6bb,Gauze,999,
TOOL_HOVER,122061,8/9/2023 12:35:06 PM,44458d4a-3cce-4907-85e3-3db1375ce6bb,Gauze,999,
TOOL_HOVER,122077,8/9/2023 12:35:06 PM,44458d4a-3cce-4907-85e3-3db1375ce6bb,Gauze,999,
TOOL_HOVER,122094,8/9/2023 12:35:06 PM,44458d4a-3cce-4907-85e3-3db1375ce6bb,Gauze,999,
TOOL_HOVER,122111,8/9/2023 12:35:06 PM,44458d4a-3cce-4907-85e3-3db1375ce6bb,Gauze,999,
TOOL_HOVER,122126,8/9/2023 12:35:06 PM,44458d4a-3cce-4907-85e3-3db1375ce6bb,Gauze,999,
TOOL_HOVER,122144,8/9/2023 12:35:06 PM,44458d4a-3cce-4907-85e3-3db1375ce6bb,Gauze,999,
TOOL_HOVER,122662,8/9/2023 12:35:07 PM,44458d4a-3cce-4907-85e3-3db1375ce6bb,Tourniquet,999,
TOOL_HOVER,122678,8/9/2023 12:35:07 PM,44458d4a-3cce-4907-85e3-3db1375ce6bb,Tourniquet,999,
TOOL_HOVER,122695,8/9/2023 12:35:07 PM,44458d4a-3cce-4907-85e3-3db1375ce6bb,Tourniquet,999,
TOOL_HOVER,122727,8/9/2023 12:35:07 PM,44458d4a-3cce-4907-85e3-3db1375ce6bb,Tourniquet,999,
TOOL_HOVER,122736,8/9/2023 12:35:07 PM,44458d4a-3cce-4907-85e3-3db1375ce6bb,Tourniquet,999,
TOOL_HOVER,122749,8/9/2023 12:35:07 PM,44458d4a-3cce-4907-85e3-3db1375ce6bb,Tourniquet,999,
TOOL_HOVER,122766,8/9/2023 12:35:07 PM,44458d4a-3cce-4907-85e3-3db1375ce6bb,Tourniquet,999,
TOOL_HOVER,122782,8/9/2023 12:35:07 PM,44458d4a-3cce-4907-85e3-3db1375ce6bb,Tourniquet,999,
TOOL_HOVER,122800,8/9/2023 12:35:07 PM,44458d4a-3cce-4907-85e3-3db1375ce6bb,Tourniquet,999,
TOOL_HOVER,122816,8/9/2023 12:35:07 PM,44458d4a-3cce-4907-85e3-3db1375ce6bb,Tourniquet,999,
TOOL_HOVER,122833,8/9/2023 12:35:07 PM,44458d4a-3cce-4907-85e3-3db1375ce6bb,Tourniquet,999,
TOOL_HOVER,122849,8/9/2023 12:35:07 PM,44458d4a-3cce-4907-85e3-3db1375ce6bb,Tourniquet,999,
TOOL_HOVER,122866,8/9/2023 12:35:07 PM,44458d4a-3cce-4907-85e3-3db1375ce6bb,Tourniquet,999,
TOOL_HOVER,122883,8/9/2023 12:35:07 PM,44458d4a-3cce-4907-85e3-3db1375ce6bb,Tourniquet,999,
TOOL_HOVER,122899,8/9/2023 12:35:07 PM,44458d4a-3cce-4907-85e3-3db1375ce6bb,Tourniquet,999,
TOOL_HOVER,122916,8/9/2023 12:35:07 PM,44458d4a-3cce-4907-85e3-3db1375ce6bb,Tourniquet,999,
TOOL_HOVER,122933,8/9/2023 12:35:07 PM,44458d4a-3cce-4907-85e3-3db1375ce6bb,Tourniquet,999,
TOOL_HOVER,122950,8/9/2023 12:35:07 PM,44458d4a-3cce-4907-85e3-3db1375ce6bb,Tourniquet,999,
TOOL_HOVER,122966,8/9/2023 12:35:07 PM,44458d4a-3cce-4907-85e3-3db1375ce6bb,Tourniquet,999,
TOOL_HOVER,122983,8/9/2023 12:35:07 PM,44458d4a-3cce-4907-85e3-3db1375ce6bb,Tourniquet,999,
TOOL_HOVER,123000,8/9/2023 12:35:07 PM,44458d4a-3cce-4907-85e3-3db1375ce6bb,Tourniquet,999,
TOOL_HOVER,123016,8/9/2023 12:35:07 PM,44458d4a-3cce-4907-85e3-3db1375ce6bb,Tourniquet,999,
TOOL_HOVER,123033,8/9/2023 12:35:07 PM,44458d4a-3cce-4907-85e3-3db1375ce6bb,Tourniquet,999,
TOOL_HOVER,123051,8/9/2023 12:35:07 PM,44458d4a-3cce-4907-85e3-3db1375ce6bb,Tourniquet,999,
TOOL_HOVER,123066,8/9/2023 12:35:07 PM,44458d4a-3cce-4907-85e3-3db1375ce6bb,Tourniquet,999,
TOOL_HOVER,123084,8/9/2023 12:35:07 PM,44458d4a-3cce-4907-85e3-3db1375ce6bb,Tourniquet,999,
TOOL_HOVER,123100,8/9/2023 12:35:07 PM,44458d4a-3cce-4907-85e3-3db1375ce6bb,Tourniquet,999,
TOOL_HOVER,123116,8/9/2023 12:35:07 PM,44458d4a-3cce-4907-85e3-3db1375ce6bb,Tourniquet,999,
TOOL_HOVER,123132,8/9/2023 12:35:07 PM,44458d4a-3cce-4907-85e3-3db1375ce6bb,Tourniquet,999,
TOOL_HOVER,123149,8/9/2023 12:35:07 PM,44458d4a-3cce-4907-85e3-3db1375ce6bb,Tourniquet,999,
VOICE_CAPTURE,125853,8/9/2023 12:35:10 PM,44458d4a-3cce-4907-85e3-3db1375ce6bb,You have any problems breathing,NA,
VOICE_CAPTURE,126243,8/9/2023 12:35:10 PM,44458d4a-3cce-4907-85e3-3db1375ce6bb,modbutton no,NA,
VOICE_COMMAND,126243,8/9/2023 12:35:10 PM,44458d4a-3cce-4907-85e3-3db1375ce6bb,modbutton no,modbutton no,
TOOL_HOVER,131260,8/9/2023 12:35:15 PM,44458d4a-3cce-4907-85e3-3db1375ce6bb,Gauze,999,
TOOL_HOVER,131275,8/9/2023 12:35:15 PM,44458d4a-3cce-4907-85e3-3db1375ce6bb,Gauze,999,
TOOL_HOVER,131297,8/9/2023 12:35:15 PM,44458d4a-3cce-4907-85e3-3db1375ce6bb,Gauze,999,
TOOL_HOVER,131310,8/9/2023 12:35:15 PM,44458d4a-3cce-4907-85e3-3db1375ce6bb,Gauze,999,
TOOL_HOVER,131326,8/9/2023 12:35:15 PM,44458d4a-3cce-4907-85e3-3db1375ce6bb,Gauze,999,
TOOL_HOVER,131342,8/9/2023 12:35:15 PM,44458d4a-3cce-4907-85e3-3db1375ce6bb,Gauze,999,
TOOL_HOVER,131360,8/9/2023 12:35:15 PM,44458d4a-3cce-4907-85e3-3db1375ce6bb,Gauze,999,
TOOL_HOVER,131378,8/9/2023 12:35:15 PM,44458d4a-3cce-4907-85e3-3db1375ce6bb,Gauze,999,
TOOL_HOVER,131393,8/9/2023 12:35:15 PM,44458d4a-3cce-4907-85e3-3db1375ce6bb,Gauze,999,
TOOL_HOVER,131410,8/9/2023 12:35:15 PM,44458d4a-3cce-4907-85e3-3db1375ce6bb,Gauze,999,
TOOL_HOVER,131431,8/9/2023 12:35:15 PM,44458d4a-3cce-4907-85e3-3db1375ce6bb,Gauze,999,
TOOL_HOVER,131443,8/9/2023 12:35:15 PM,44458d4a-3cce-4907-85e3-3db1375ce6bb,Gauze,999,
TOOL_HOVER,131461,8/9/2023 12:35:15 PM,44458d4a-3cce-4907-85e3-3db1375ce6bb,Gauze,999,
TOOL_HOVER,131478,8/9/2023 12:35:15 PM,44458d4a-3cce-4907-85e3-3db1375ce6bb,Gauze,999,
TOOL_HOVER,131493,8/9/2023 12:35:15 PM,44458d4a-3cce-4907-85e3-3db1375ce6bb,Gauze,999,
TOOL_HOVER,131511,8/9/2023 12:35:15 PM,44458d4a-3cce-4907-85e3-3db1375ce6bb,Gauze,999,
TOOL_HOVER,131527,8/9/2023 12:35:15 PM,44458d4a-3cce-4907-85e3-3db1375ce6bb,Gauze,999,
TOOL_HOVER,131547,8/9/2023 12:35:15 PM,44458d4a-3cce-4907-85e3-3db1375ce6bb,Gauze,999,
VOICE_CAPTURE,133055,8/9/2023 12:35:17 PM,44458d4a-3cce-4907-85e3-3db1375ce6bb,no OK alright wait for help we're gonna get someone here to take care of you,NA,
BAG_CLOSED,133322,8/9/2023 12:35:17 PM,44458d4a-3cce-4907-85e3-3db1375ce6bb,"(-1.6, 0.7, 3.8)",
TELEPORT,133322,8/9/2023 12:35:17 PM,44458d4a-3cce-4907-85e3-3db1375ce6bb,"(-2.3, 0.0, 4.0)",
TELEPORT,136290,8/9/2023 12:35:20 PM,44458d4a-3cce-4907-85e3-3db1375ce6bb,"(3.0, 0.0, -0.6)",
VOICE_CAPTURE,138149,8/9/2023 12:35:22 PM,44458d4a-3cce-4907-85e3-3db1375ce6bb,Nope I didn't wanna go here,NA,
PATIENT_ENGAGED,138949,8/9/2023 12:35:23 PM,44458d4a-3cce-4907-85e3-3db1375ce6bb,100,0,Gary_3 Root,"(0.4, 0.0, 1.7)","(0.0, 0.0, 0.0, 1.0)",IMMEDIATE,still,faint,collapsedRight,normal,unresponsive,supine,
PULSE_TAKEN,144846,8/9/2023 12:35:29 PM,44458d4a-3cce-4907-85e3-3db1375ce6bb,pulse_faint,Gary_3 Root,
BAG_ACCESS,150665,8/9/2023 12:35:35 PM,44458d4a-3cce-4907-85e3-3db1375ce6bb,"(0.9, 0.7, 0.5)",
TOOL_HOVER,151466,8/9/2023 12:35:35 PM,44458d4a-3cce-4907-85e3-3db1375ce6bb,Needle,999,
TOOL_HOVER,151482,8/9/2023 12:35:35 PM,44458d4a-3cce-4907-85e3-3db1375ce6bb,Needle,999,
TOOL_HOVER,151499,8/9/2023 12:35:35 PM,44458d4a-3cce-4907-85e3-3db1375ce6bb,Needle,999,
TOOL_HOVER,151515,8/9/2023 12:35:35 PM,44458d4a-3cce-4907-85e3-3db1375ce6bb,Needle,999,
TOOL_HOVER,151532,8/9/2023 12:35:35 PM,44458d4a-3cce-4907-85e3-3db1375ce6bb,Needle,999,
TOOL_HOVER,151549,8/9/2023 12:35:35 PM,44458d4a-3cce-4907-85e3-3db1375ce6bb,Needle,999,
TOOL_HOVER,151565,8/9/2023 12:35:35 PM,44458d4a-3cce-4907-85e3-3db1375ce6bb,Needle,999,
TOOL_HOVER,151582,8/9/2023 12:35:36 PM,44458d4a-3cce-4907-85e3-3db1375ce6bb,Needle,999,
TOOL_HOVER,151598,8/9/2023 12:35:36 PM,44458d4a-3cce-4907-85e3-3db1375ce6bb,Needle,999,
TOOL_HOVER,151614,8/9/2023 12:35:36 PM,44458d4a-3cce-4907-85e3-3db1375ce6bb,Needle,999,
TOOL_HOVER,151631,8/9/2023 12:35:36 PM,44458d4a-3cce-4907-85e3-3db1375ce6bb,Needle,999,
TOOL_HOVER,151648,8/9/2023 12:35:36 PM,44458d4a-3cce-4907-85e3-3db1375ce6bb,Needle,999,
TOOL_HOVER,151665,8/9/2023 12:35:36 PM,44458d4a-3cce-4907-85e3-3db1375ce6bb,Tourniquet,999,
TOOL_HOVER,151682,8/9/2023 12:35:36 PM,44458d4a-3cce-4907-85e3-3db1375ce6bb,Tourniquet,999,
TOOL_HOVER,151698,8/9/2023 12:35:36 PM,44458d4a-3cce-4907-85e3-3db1375ce6bb,Tourniquet,999,
TOOL_HOVER,151715,8/9/2023 12:35:36 PM,44458d4a-3cce-4907-85e3-3db1375ce6bb,Tourniquet,999,
TOOL_HOVER,151732,8/9/2023 12:35:36 PM,44458d4a-3cce-4907-85e3-3db1375ce6bb,Tourniquet,999,
TOOL_HOVER,151749,8/9/2023 12:35:36 PM,44458d4a-3cce-4907-85e3-3db1375ce6bb,Tourniquet,999,
TOOL_HOVER,151764,8/9/2023 12:35:36 PM,44458d4a-3cce-4907-85e3-3db1375ce6bb,Tourniquet,999,
TOOL_HOVER,151782,8/9/2023 12:35:36 PM,44458d4a-3cce-4907-85e3-3db1375ce6bb,Tourniquet,999,
TOOL_SELECTED,151784,8/9/2023 12:35:36 PM,44458d4a-3cce-4907-85e3-3db1375ce6bb,Tourniquet,998,
TOOL_DISCARDED,152630,8/9/2023 12:35:37 PM,44458d4a-3cce-4907-85e3-3db1375ce6bb,Tourniquet,998,"(1.4, 1.2, 0.4)",
TOOL_HOVER,152663,8/9/2023 12:35:37 PM,44458d4a-3cce-4907-85e3-3db1375ce6bb,Tourniquet,999,
TOOL_HOVER,152679,8/9/2023 12:35:37 PM,44458d4a-3cce-4907-85e3-3db1375ce6bb,Tourniquet,999,
TOOL_HOVER,152695,8/9/2023 12:35:37 PM,44458d4a-3cce-4907-85e3-3db1375ce6bb,Tourniquet,999,
TOOL_HOVER,152711,8/9/2023 12:35:37 PM,44458d4a-3cce-4907-85e3-3db1375ce6bb,Tourniquet,999,
TOOL_HOVER,152729,8/9/2023 12:35:37 PM,44458d4a-3cce-4907-85e3-3db1375ce6bb,Tourniquet,999,
TOOL_HOVER,152745,8/9/2023 12:35:37 PM,44458d4a-3cce-4907-85e3-3db1375ce6bb,Tourniquet,999,
TOOL_HOVER,152762,8/9/2023 12:35:37 PM,44458d4a-3cce-4907-85e3-3db1375ce6bb,Tourniquet,999,
TOOL_HOVER,152779,8/9/2023 12:35:37 PM,44458d4a-3cce-4907-85e3-3db1375ce6bb,Tourniquet,999,
TOOL_HOVER,152795,8/9/2023 12:35:37 PM,44458d4a-3cce-4907-85e3-3db1375ce6bb,Tourniquet,999,
TOOL_HOVER,152813,8/9/2023 12:35:37 PM,44458d4a-3cce-4907-85e3-3db1375ce6bb,Tourniquet,999,
TOOL_HOVER,152829,8/9/2023 12:35:37 PM,44458d4a-3cce-4907-85e3-3db1375ce6bb,Tourniquet,999,
TOOL_HOVER,152845,8/9/2023 12:35:37 PM,44458d4a-3cce-4907-85e3-3db1375ce6bb,Tourniquet,999,
TOOL_HOVER,152863,8/9/2023 12:35:37 PM,44458d4a-3cce-4907-85e3-3db1375ce6bb,Tourniquet,999,
TOOL_HOVER,152880,8/9/2023 12:35:37 PM,44458d4a-3cce-4907-85e3-3db1375ce6bb,Tourniquet,999,
TOOL_HOVER,152898,8/9/2023 12:35:37 PM,44458d4a-3cce-4907-85e3-3db1375ce6bb,Tourniquet,999,
TOOL_HOVER,152913,8/9/2023 12:35:37 PM,44458d4a-3cce-4907-85e3-3db1375ce6bb,Tourniquet,999,
TOOL_HOVER,152930,8/9/2023 12:35:37 PM,44458d4a-3cce-4907-85e3-3db1375ce6bb,Tourniquet,999,
TOOL_HOVER,152947,8/9/2023 12:35:37 PM,44458d4a-3cce-4907-85e3-3db1375ce6bb,Tourniquet,999,
TOOL_HOVER,152963,8/9/2023 12:35:37 PM,44458d4a-3cce-4907-85e3-3db1375ce6bb,Tourniquet,999,
TOOL_HOVER,152981,8/9/2023 12:35:37 PM,44458d4a-3cce-4907-85e3-3db1375ce6bb,Tourniquet,999,
TOOL_HOVER,152996,8/9/2023 12:35:37 PM,44458d4a-3cce-4907-85e3-3db1375ce6bb,Tourniquet,999,
TOOL_HOVER,153014,8/9/2023 12:35:37 PM,44458d4a-3cce-4907-85e3-3db1375ce6bb,Tourniquet,999,
TOOL_HOVER,153033,8/9/2023 12:35:37 PM,44458d4a-3cce-4907-85e3-3db1375ce6bb,Tourniquet,999,
TOOL_HOVER,153046,8/9/2023 12:35:37 PM,44458d4a-3cce-4907-85e3-3db1375ce6bb,Tourniquet,999,
TOOL_HOVER,153063,8/9/2023 12:35:37 PM,44458d4a-3cce-4907-85e3-3db1375ce6bb,Needle,999,
TOOL_HOVER,153081,8/9/2023 12:35:37 PM,44458d4a-3cce-4907-85e3-3db1375ce6bb,Needle,999,
TOOL_HOVER,153099,8/9/2023 12:35:37 PM,44458d4a-3cce-4907-85e3-3db1375ce6bb,Needle,999,
TOOL_HOVER,153112,8/9/2023 12:35:37 PM,44458d4a-3cce-4907-85e3-3db1375ce6bb,Needle,999,
TOOL_HOVER,153129,8/9/2023 12:35:37 PM,44458d4a-3cce-4907-85e3-3db1375ce6bb,Needle,999,
TOOL_HOVER,153146,8/9/2023 12:35:37 PM,44458d4a-3cce-4907-85e3-3db1375ce6bb,Needle,999,
TOOL_HOVER,153162,8/9/2023 12:35:37 PM,44458d4a-3cce-4907-85e3-3db1375ce6bb,Needle,999,
TOOL_HOVER,153179,8/9/2023 12:35:37 PM,44458d4a-3cce-4907-85e3-3db1375ce6bb,Needle,999,
TOOL_HOVER,153196,8/9/2023 12:35:37 PM,44458d4a-3cce-4907-85e3-3db1375ce6bb,Needle,999,
TOOL_HOVER,153213,8/9/2023 12:35:37 PM,44458d4a-3cce-4907-85e3-3db1375ce6bb,Needle,999,
TOOL_HOVER,153229,8/9/2023 12:35:37 PM,44458d4a-3cce-4907-85e3-3db1375ce6bb,Needle,999,
TOOL_HOVER,153246,8/9/2023 12:35:37 PM,44458d4a-3cce-4907-85e3-3db1375ce6bb,Needle,999,
TOOL_HOVER,153262,8/9/2023 12:35:37 PM,44458d4a-3cce-4907-85e3-3db1375ce6bb,Needle,999,
TOOL_HOVER,153279,8/9/2023 12:35:37 PM,44458d4a-3cce-4907-85e3-3db1375ce6bb,Needle,999,
TOOL_HOVER,153295,8/9/2023 12:35:37 PM,44458d4a-3cce-4907-85e3-3db1375ce6bb,Needle,999,
TOOL_HOVER,153312,8/9/2023 12:35:37 PM,44458d4a-3cce-4907-85e3-3db1375ce6bb,Needle,999,
TOOL_HOVER,153329,8/9/2023 12:35:37 PM,44458d4a-3cce-4907-85e3-3db1375ce6bb,Needle,999,
TOOL_HOVER,153349,8/9/2023 12:35:37 PM,44458d4a-3cce-4907-85e3-3db1375ce6bb,Needle,999,
TOOL_SELECTED,153351,8/9/2023 12:35:37 PM,44458d4a-3cce-4907-85e3-3db1375ce6bb,Needle,998,
TOOL_HOVER,163470,8/9/2023 12:35:47 PM,44458d4a-3cce-4907-85e3-3db1375ce6bb,Needle,998,
TOOL_HOVER,163486,8/9/2023 12:35:47 PM,44458d4a-3cce-4907-85e3-3db1375ce6bb,Needle,998,
TOOL_HOVER,163503,8/9/2023 12:35:47 PM,44458d4a-3cce-4907-85e3-3db1375ce6bb,Needle,998,
TOOL_HOVER,163519,8/9/2023 12:35:47 PM,44458d4a-3cce-4907-85e3-3db1375ce6bb,Needle,998,
TOOL_HOVER,163536,8/9/2023 12:35:47 PM,44458d4a-3cce-4907-85e3-3db1375ce6bb,Needle,998,
TOOL_HOVER,163553,8/9/2023 12:35:47 PM,44458d4a-3cce-4907-85e3-3db1375ce6bb,Needle,998,
TOOL_HOVER,163569,8/9/2023 12:35:47 PM,44458d4a-3cce-4907-85e3-3db1375ce6bb,Needle,998,
VOICE_CAPTURE,163587,8/9/2023 12:35:48 PM,44458d4a-3cce-4907-85e3-3db1375ce6bb,huh,NA,
TOOL_HOVER,163588,8/9/2023 12:35:48 PM,44458d4a-3cce-4907-85e3-3db1375ce6bb,Needle,998,
TOOL_HOVER,163603,8/9/2023 12:35:48 PM,44458d4a-3cce-4907-85e3-3db1375ce6bb,Needle,998,
TOOL_HOVER,163621,8/9/2023 12:35:48 PM,44458d4a-3cce-4907-85e3-3db1375ce6bb,Needle,998,
TOOL_HOVER,163637,8/9/2023 12:35:48 PM,44458d4a-3cce-4907-85e3-3db1375ce6bb,Needle,998,
TOOL_HOVER,163662,8/9/2023 12:35:48 PM,44458d4a-3cce-4907-85e3-3db1375ce6bb,Tourniquet,999,
TOOL_HOVER,163673,8/9/2023 12:35:48 PM,44458d4a-3cce-4907-85e3-3db1375ce6bb,Tourniquet,999,
TOOL_HOVER,163687,8/9/2023 12:35:48 PM,44458d4a-3cce-4907-85e3-3db1375ce6bb,Tourniquet,999,
TOOL_HOVER,163703,8/9/2023 12:35:48 PM,44458d4a-3cce-4907-85e3-3db1375ce6bb,Tourniquet,999,
TOOL_HOVER,163719,8/9/2023 12:35:48 PM,44458d4a-3cce-4907-85e3-3db1375ce6bb,Tourniquet,999,
TOOL_HOVER,163738,8/9/2023 12:35:48 PM,44458d4a-3cce-4907-85e3-3db1375ce6bb,Tourniquet,999,
TOOL_HOVER,163752,8/9/2023 12:35:48 PM,44458d4a-3cce-4907-85e3-3db1375ce6bb,Tourniquet,999,
TOOL_HOVER,163777,8/9/2023 12:35:48 PM,44458d4a-3cce-4907-85e3-3db1375ce6bb,Tourniquet,999,
TOOL_SELECTED,163779,8/9/2023 12:35:48 PM,44458d4a-3cce-4907-85e3-3db1375ce6bb,Tourniquet,998,
TOOL_DISCARDED,164723,8/9/2023 12:35:49 PM,44458d4a-3cce-4907-85e3-3db1375ce6bb,Tourniquet,998,"(1.5, 1.1, 0.5)",
TOOL_HOVER,164757,8/9/2023 12:35:49 PM,44458d4a-3cce-4907-85e3-3db1375ce6bb,Tourniquet,999,
TOOL_HOVER,164773,8/9/2023 12:35:49 PM,44458d4a-3cce-4907-85e3-3db1375ce6bb,Tourniquet,999,
TOOL_HOVER,164804,8/9/2023 12:35:49 PM,44458d4a-3cce-4907-85e3-3db1375ce6bb,Tourniquet,999,
TOOL_HOVER,164813,8/9/2023 12:35:49 PM,44458d4a-3cce-4907-85e3-3db1375ce6bb,Tourniquet,999,
TOOL_HOVER,164826,8/9/2023 12:35:49 PM,44458d4a-3cce-4907-85e3-3db1375ce6bb,Tourniquet,999,
TOOL_HOVER,164842,8/9/2023 12:35:49 PM,44458d4a-3cce-4907-85e3-3db1375ce6bb,Tourniquet,999,
TOOL_HOVER,164859,8/9/2023 12:35:49 PM,44458d4a-3cce-4907-85e3-3db1375ce6bb,Tourniquet,999,
TOOL_HOVER,164876,8/9/2023 12:35:49 PM,44458d4a-3cce-4907-85e3-3db1375ce6bb,Tourniquet,999,
TOOL_HOVER,164893,8/9/2023 12:35:49 PM,44458d4a-3cce-4907-85e3-3db1375ce6bb,Tourniquet,999,
TOOL_HOVER,164909,8/9/2023 12:35:49 PM,44458d4a-3cce-4907-85e3-3db1375ce6bb,Tourniquet,999,
TOOL_HOVER,164926,8/9/2023 12:35:49 PM,44458d4a-3cce-4907-85e3-3db1375ce6bb,Tourniquet,999,
TOOL_HOVER,164943,8/9/2023 12:35:49 PM,44458d4a-3cce-4907-85e3-3db1375ce6bb,Tourniquet,999,
TOOL_HOVER,164960,8/9/2023 12:35:49 PM,44458d4a-3cce-4907-85e3-3db1375ce6bb,Tourniquet,999,
TOOL_HOVER,164975,8/9/2023 12:35:49 PM,44458d4a-3cce-4907-85e3-3db1375ce6bb,Tourniquet,999,
TOOL_HOVER,164993,8/9/2023 12:35:49 PM,44458d4a-3cce-4907-85e3-3db1375ce6bb,Tourniquet,999,
TOOL_HOVER,165019,8/9/2023 12:35:49 PM,44458d4a-3cce-4907-85e3-3db1375ce6bb,Tourniquet,999,
TOOL_HOVER,165029,8/9/2023 12:35:49 PM,44458d4a-3cce-4907-85e3-3db1375ce6bb,Tourniquet,999,
TOOL_HOVER,165044,8/9/2023 12:35:49 PM,44458d4a-3cce-4907-85e3-3db1375ce6bb,Tourniquet,999,
TOOL_HOVER,165059,8/9/2023 12:35:49 PM,44458d4a-3cce-4907-85e3-3db1375ce6bb,Tourniquet,999,
TOOL_HOVER,165076,8/9/2023 12:35:49 PM,44458d4a-3cce-4907-85e3-3db1375ce6bb,Tourniquet,999,
TOOL_HOVER,165092,8/9/2023 12:35:49 PM,44458d4a-3cce-4907-85e3-3db1375ce6bb,Tourniquet,999,
TOOL_HOVER,165109,8/9/2023 12:35:49 PM,44458d4a-3cce-4907-85e3-3db1375ce6bb,Tourniquet,999,
TOOL_HOVER,165126,8/9/2023 12:35:49 PM,44458d4a-3cce-4907-85e3-3db1375ce6bb,Tourniquet,999,
TOOL_HOVER,165142,8/9/2023 12:35:49 PM,44458d4a-3cce-4907-85e3-3db1375ce6bb,Tourniquet,999,
TOOL_HOVER,165160,8/9/2023 12:35:49 PM,44458d4a-3cce-4907-85e3-3db1375ce6bb,Needle,998,
TOOL_HOVER,165176,8/9/2023 12:35:49 PM,44458d4a-3cce-4907-85e3-3db1375ce6bb,Needle,998,
TOOL_HOVER,165193,8/9/2023 12:35:49 PM,44458d4a-3cce-4907-85e3-3db1375ce6bb,Needle,998,
TOOL_HOVER,165217,8/9/2023 12:35:49 PM,44458d4a-3cce-4907-85e3-3db1375ce6bb,Needle,998,
TOOL_HOVER,165227,8/9/2023 12:35:49 PM,44458d4a-3cce-4907-85e3-3db1375ce6bb,Needle,998,
TOOL_HOVER,165242,8/9/2023 12:35:49 PM,44458d4a-3cce-4907-85e3-3db1375ce6bb,Needle,998,
TOOL_HOVER,165259,8/9/2023 12:35:49 PM,44458d4a-3cce-4907-85e3-3db1375ce6bb,Tourniquet,999,
TOOL_HOVER,165276,8/9/2023 12:35:49 PM,44458d4a-3cce-4907-85e3-3db1375ce6bb,Tourniquet,999,
TOOL_HOVER,165293,8/9/2023 12:35:49 PM,44458d4a-3cce-4907-85e3-3db1375ce6bb,Tourniquet,999,
TOOL_HOVER,165310,8/9/2023 12:35:49 PM,44458d4a-3cce-4907-85e3-3db1375ce6bb,Tourniquet,999,
TOOL_HOVER,165326,8/9/2023 12:35:49 PM,44458d4a-3cce-4907-85e3-3db1375ce6bb,Tourniquet,999,
TOOL_HOVER,165343,8/9/2023 12:35:49 PM,44458d4a-3cce-4907-85e3-3db1375ce6bb,Tourniquet,999,
TOOL_HOVER,165363,8/9/2023 12:35:49 PM,44458d4a-3cce-4907-85e3-3db1375ce6bb,Needle,998,
TOOL_HOVER,165377,8/9/2023 12:35:49 PM,44458d4a-3cce-4907-85e3-3db1375ce6bb,Needle,998,
TOOL_HOVER,165394,8/9/2023 12:35:49 PM,44458d4a-3cce-4907-85e3-3db1375ce6bb,Needle,998,
TOOL_HOVER,165411,8/9/2023 12:35:49 PM,44458d4a-3cce-4907-85e3-3db1375ce6bb,Needle,998,
TOOL_SELECTED,165412,8/9/2023 12:35:49 PM,44458d4a-3cce-4907-85e3-3db1375ce6bb,Needle,997,
INJURY_TREATED,169221,8/9/2023 12:35:53 PM,44458d4a-3cce-4907-85e3-3db1375ce6bb,R Chest Collapse,Gary_3 Root,decompress,high,chest,True,False,"(0.0, 0.0, 0.0)",
TOOL_APPLIED,169222,8/9/2023 12:35:53 PM,44458d4a-3cce-4907-85e3-3db1375ce6bb,Needle_Decomp(Clone),Needle,RChest_Breathe1 (UnityEngine.GameObject),cath_needle (UnityEngine.GameObject),right_chest,Needle_Decomp(Clone) (UnityEngine.GameObject),AppliedDecompNeedle,
VOICE_CAPTURE,176526,8/9/2023 12:36:00 PM,44458d4a-3cce-4907-85e3-3db1375ce6bb,oh wasn't that far off,NA,
VOICE_CAPTURE,178032,8/9/2023 12:36:02 PM,44458d4a-3cce-4907-85e3-3db1375ce6bb,in real life it's like,NA,
VOICE_CAPTURE,182788,8/9/2023 12:36:07 PM,44458d4a-3cce-4907-85e3-3db1375ce6bb,alright so he is,NA,
VOICE_CAPTURE,191244,8/9/2023 12:36:15 PM,44458d4a-3cce-4907-85e3-3db1375ce6bb,well I got a pulse Sir you awake hey can you hear me no,NA,
VOICE_COMMAND,191244,8/9/2023 12:36:15 PM,44458d4a-3cce-4907-85e3-3db1375ce6bb,can you hear,well I got a pulse Sir you awake hey can you hear me no,
TAG_SELECTED,194446,8/9/2023 12:36:18 PM,44458d4a-3cce-4907-85e3-3db1375ce6bb,red,
TAG_APPLIED,196491,8/9/2023 12:36:20 PM,44458d4a-3cce-4907-85e3-3db1375ce6bb,Gary_3 Root,red,
VOICE_CAPTURE,199614,8/9/2023 12:36:24 PM,44458d4a-3cce-4907-85e3-3db1375ce6bb,come back,NA,
BAG_CLOSED,202240,8/9/2023 12:36:26 PM,44458d4a-3cce-4907-85e3-3db1375ce6bb,"(0.9, 0.7, 0.5)",
TELEPORT,202240,8/9/2023 12:36:26 PM,44458d4a-3cce-4907-85e3-3db1375ce6bb,"(0.4, 0.0, 0.7)",
PATIENT_ENGAGED,205498,8/9/2023 12:36:29 PM,44458d4a-3cce-4907-85e3-3db1375ce6bb,100,Infinity,Mike_5 Root,"(2.7, 0.0, 2.3)","(0.0, 1.0, 0.0, 0.0)",IMMEDIATE,waver,fast,normal,normal,upset,fetal,
VOICE_CAPTURE,209838,8/9/2023 12:36:34 PM,44458d4a-3cce-4907-85e3-3db1375ce6bb,OK,NA,
BAG_ACCESS,210468,8/9/2023 12:36:34 PM,44458d4a-3cce-4907-85e3-3db1375ce6bb,"(3.7, 0.7, 1.7)",
TOOL_HOVER,211371,8/9/2023 12:36:35 PM,44458d4a-3cce-4907-85e3-3db1375ce6bb,Tourniquet,999,
TOOL_HOVER,211387,8/9/2023 12:36:35 PM,44458d4a-3cce-4907-85e3-3db1375ce6bb,Tourniquet,999,
TOOL_HOVER,211404,8/9/2023 12:36:35 PM,44458d4a-3cce-4907-85e3-3db1375ce6bb,Tourniquet,999,
TOOL_HOVER,211420,8/9/2023 12:36:35 PM,44458d4a-3cce-4907-85e3-3db1375ce6bb,Tourniquet,999,
TOOL_HOVER,211437,8/9/2023 12:36:35 PM,44458d4a-3cce-4907-85e3-3db1375ce6bb,Tourniquet,999,
TOOL_HOVER,211454,8/9/2023 12:36:35 PM,44458d4a-3cce-4907-85e3-3db1375ce6bb,Tourniquet,999,
TOOL_HOVER,211470,8/9/2023 12:36:35 PM,44458d4a-3cce-4907-85e3-3db1375ce6bb,Tourniquet,999,
TOOL_HOVER,211487,8/9/2023 12:36:35 PM,44458d4a-3cce-4907-85e3-3db1375ce6bb,Tourniquet,999,
TOOL_HOVER,211504,8/9/2023 12:36:35 PM,44458d4a-3cce-4907-85e3-3db1375ce6bb,Tourniquet,999,
TOOL_HOVER,211521,8/9/2023 12:36:35 PM,44458d4a-3cce-4907-85e3-3db1375ce6bb,Tourniquet,999,
TOOL_HOVER,211538,8/9/2023 12:36:35 PM,44458d4a-3cce-4907-85e3-3db1375ce6bb,Tourniquet,999,
TOOL_HOVER,211553,8/9/2023 12:36:35 PM,44458d4a-3cce-4907-85e3-3db1375ce6bb,Tourniquet,999,
TOOL_HOVER,211571,8/9/2023 12:36:35 PM,44458d4a-3cce-4907-85e3-3db1375ce6bb,Tourniquet,999,
TOOL_HOVER,211587,8/9/2023 12:36:36 PM,44458d4a-3cce-4907-85e3-3db1375ce6bb,Tourniquet,999,
TOOL_HOVER,211604,8/9/2023 12:36:36 PM,44458d4a-3cce-4907-85e3-3db1375ce6bb,Tourniquet,999,
TOOL_HOVER,211620,8/9/2023 12:36:36 PM,44458d4a-3cce-4907-85e3-3db1375ce6bb,Tourniquet,999,
TOOL_HOVER,211637,8/9/2023 12:36:36 PM,44458d4a-3cce-4907-85e3-3db1375ce6bb,Tourniquet,999,
TOOL_HOVER,211654,8/9/2023 12:36:36 PM,44458d4a-3cce-4907-85e3-3db1375ce6bb,Tourniquet,999,
TOOL_HOVER,211671,8/9/2023 12:36:36 PM,44458d4a-3cce-4907-85e3-3db1375ce6bb,Tourniquet,999,
TOOL_HOVER,211687,8/9/2023 12:36:36 PM,44458d4a-3cce-4907-85e3-3db1375ce6bb,Tourniquet,999,
TOOL_HOVER,211704,8/9/2023 12:36:36 PM,44458d4a-3cce-4907-85e3-3db1375ce6bb,Tourniquet,999,
TOOL_SELECTED,211705,8/9/2023 12:36:36 PM,44458d4a-3cce-4907-85e3-3db1375ce6bb,Tourniquet,998,
INJURY_TREATED,214313,8/9/2023 12:36:38 PM,44458d4a-3cce-4907-85e3-3db1375ce6bb,R Thigh Laceration,Mike_5 Root,tourniquet,medium,rightLeg,True,False,"(3.0, 0.3, 2.2)",
TOOL_APPLIED,214314,8/9/2023 12:36:38 PM,44458d4a-3cce-4907-85e3-3db1375ce6bb,Mike_5 Root,Tourniquet,RightUpLeg (UnityEngine.GameObject),tor_ring (1) (UnityEngine.GameObject),tourniquet(Clone) (UnityEngine.GameObject),AppliedTourniquet,
TOOL_HOVER,216673,8/9/2023 12:36:41 PM,44458d4a-3cce-4907-85e3-3db1375ce6bb,Hemostatic Gauze,999,
TOOL_HOVER,216683,8/9/2023 12:36:41 PM,44458d4a-3cce-4907-85e3-3db1375ce6bb,Hemostatic Gauze,999,
TOOL_SELECTED,216684,8/9/2023 12:36:41 PM,44458d4a-3cce-4907-85e3-3db1375ce6bb,Hemostatic Gauze,998,
VOICE_CAPTURE,218488,8/9/2023 12:36:42 PM,44458d4a-3cce-4907-85e3-3db1375ce6bb,good,NA,
TOOL_DISCARDED,219006,8/9/2023 12:36:43 PM,44458d4a-3cce-4907-85e3-3db1375ce6bb,Hemostatic Gauze,998,"(3.1, 0.3, 2.5)",
INJURY_TREATED,219007,8/9/2023 12:36:43 PM,44458d4a-3cce-4907-85e3-3db1375ce6bb,R Side Puncture,Mike_5 Root,woundpack,medium,abdomen,True,False,"(3.1, 0.2, 2.5)",
TOOL_APPLIED,219007,8/9/2023 12:36:43 PM,44458d4a-3cce-4907-85e3-3db1375ce6bb,Mike_5 Root,Gauze_Pack,skinCollider_BodyCollideLOD (UnityEngine.GameObject),null,null,AppliedPackingGauze,
PULSE_TAKEN,220050,8/9/2023 12:36:44 PM,44458d4a-3cce-4907-85e3-3db1375ce6bb,pulse_fast,Mike_5 Root,
VOICE_CAPTURE,225554,8/9/2023 12:36:49 PM,44458d4a-3cce-4907-85e3-3db1375ce6bb,sure what's your name,NA,
VOICE_COMMAND,225554,8/9/2023 12:36:49 PM,44458d4a-3cce-4907-85e3-3db1375ce6bb,what is your name,sure what's your name,
TAG_SELECTED,229838,8/9/2023 12:36:54 PM,44458d4a-3cce-4907-85e3-3db1375ce6bb,red,
VOICE_CAPTURE,230571,8/9/2023 12:36:54 PM,44458d4a-3cce-4907-85e3-3db1375ce6bb,Michael OK Michael,NA,
TAG_APPLIED,232105,8/9/2023 12:36:56 PM,44458d4a-3cce-4907-85e3-3db1375ce6bb,Mike_5 Root,red,
BAG_CLOSED,234745,8/9/2023 12:36:59 PM,44458d4a-3cce-4907-85e3-3db1375ce6bb,"(3.7, 0.7, 1.7)",
TELEPORT,234745,8/9/2023 12:36:59 PM,44458d4a-3cce-4907-85e3-3db1375ce6bb,"(2.3, 0.0, 1.2)",
PATIENT_ENGAGED,237180,8/9/2023 12:37:01 PM,44458d4a-3cce-4907-85e3-3db1375ce6bb,100,Infinity,Lily_2 Root,"(3.0, 0.0, 4.5)","(0.0, 1.0, 0.0, 0.0)",IMMEDIATE,waver,fast,fast,normal,agony,fetal,
BAG_ACCESS,241618,8/9/2023 12:37:06 PM,44458d4a-3cce-4907-85e3-3db1375ce6bb,"(3.8, 0.7, 3.8)",
VOICE_CAPTURE,241934,8/9/2023 12:37:06 PM,44458d4a-3cce-4907-85e3-3db1375ce6bb,cancel,NA,
TOOL_HOVER,242168,8/9/2023 12:37:06 PM,44458d4a-3cce-4907-85e3-3db1375ce6bb,Gauze,999,
TOOL_HOVER,242185,8/9/2023 12:37:06 PM,44458d4a-3cce-4907-85e3-3db1375ce6bb,Gauze,999,
TOOL_HOVER,242202,8/9/2023 12:37:06 PM,44458d4a-3cce-4907-85e3-3db1375ce6bb,Gauze,999,
TOOL_HOVER,242220,8/9/2023 12:37:06 PM,44458d4a-3cce-4907-85e3-3db1375ce6bb,Gauze,999,
TOOL_HOVER,242235,8/9/2023 12:37:06 PM,44458d4a-3cce-4907-85e3-3db1375ce6bb,Gauze,999,
TOOL_HOVER,242252,8/9/2023 12:37:06 PM,44458d4a-3cce-4907-85e3-3db1375ce6bb,Gauze,999,
TOOL_SELECTED,242253,8/9/2023 12:37:06 PM,44458d4a-3cce-4907-85e3-3db1375ce6bb,Gauze,998,
TOOL_DISCARDED,243051,8/9/2023 12:37:07 PM,44458d4a-3cce-4907-85e3-3db1375ce6bb,Gauze,998,"(4.1, 1.3, 4.1)",
TOOL_DISCARDED,243051,8/9/2023 12:37:07 PM,44458d4a-3cce-4907-85e3-3db1375ce6bb,Gauze,999,"(4.1, 1.3, 4.1)",
TOOL_HOVER,243067,8/9/2023 12:37:07 PM,44458d4a-3cce-4907-85e3-3db1375ce6bb,Gauze,1000,
TOOL_HOVER,243084,8/9/2023 12:37:07 PM,44458d4a-3cce-4907-85e3-3db1375ce6bb,Gauze,1000,
TOOL_HOVER,243101,8/9/2023 12:37:07 PM,44458d4a-3cce-4907-85e3-3db1375ce6bb,Gauze,1000,
TOOL_HOVER,243117,8/9/2023 12:37:07 PM,44458d4a-3cce-4907-85e3-3db1375ce6bb,Gauze,1000,
TOOL_HOVER,243133,8/9/2023 12:37:07 PM,44458d4a-3cce-4907-85e3-3db1375ce6bb,Gauze,1000,
TOOL_HOVER,243150,8/9/2023 12:37:07 PM,44458d4a-3cce-4907-85e3-3db1375ce6bb,Gauze,1000,
TOOL_HOVER,243167,8/9/2023 12:37:07 PM,44458d4a-3cce-4907-85e3-3db1375ce6bb,Gauze,1000,
TOOL_HOVER,243184,8/9/2023 12:37:07 PM,44458d4a-3cce-4907-85e3-3db1375ce6bb,Gauze,1000,
TOOL_HOVER,243201,8/9/2023 12:37:07 PM,44458d4a-3cce-4907-85e3-3db1375ce6bb,Gauze,1000,
TOOL_HOVER,243217,8/9/2023 12:37:07 PM,44458d4a-3cce-4907-85e3-3db1375ce6bb,Gauze,1000,
TOOL_HOVER,243233,8/9/2023 12:37:07 PM,44458d4a-3cce-4907-85e3-3db1375ce6bb,Gauze,1000,
TOOL_HOVER,243250,8/9/2023 12:37:07 PM,44458d4a-3cce-4907-85e3-3db1375ce6bb,Gauze,1000,
TOOL_HOVER,243267,8/9/2023 12:37:07 PM,44458d4a-3cce-4907-85e3-3db1375ce6bb,Gauze,1000,
TOOL_HOVER,243284,8/9/2023 12:37:07 PM,44458d4a-3cce-4907-85e3-3db1375ce6bb,Gauze,1000,
TOOL_HOVER,243301,8/9/2023 12:37:07 PM,44458d4a-3cce-4907-85e3-3db1375ce6bb,Gauze,1000,
TOOL_HOVER,243318,8/9/2023 12:37:07 PM,44458d4a-3cce-4907-85e3-3db1375ce6bb,Gauze,1000,
TOOL_HOVER,243333,8/9/2023 12:37:07 PM,44458d4a-3cce-4907-85e3-3db1375ce6bb,Gauze,1000,
TOOL_HOVER,243351,8/9/2023 12:37:07 PM,44458d4a-3cce-4907-85e3-3db1375ce6bb,Gauze,1000,
TOOL_HOVER,243468,8/9/2023 12:37:07 PM,44458d4a-3cce-4907-85e3-3db1375ce6bb,Tourniquet,998,
TOOL_HOVER,243489,8/9/2023 12:37:07 PM,44458d4a-3cce-4907-85e3-3db1375ce6bb,Tourniquet,998,
TOOL_HOVER,243502,8/9/2023 12:37:07 PM,44458d4a-3cce-4907-85e3-3db1375ce6bb,Tourniquet,998,
TOOL_HOVER,243519,8/9/2023 12:37:07 PM,44458d4a-3cce-4907-85e3-3db1375ce6bb,Tourniquet,998,
TOOL_HOVER,243535,8/9/2023 12:37:07 PM,44458d4a-3cce-4907-85e3-3db1375ce6bb,Tourniquet,998,
TOOL_HOVER,243552,8/9/2023 12:37:07 PM,44458d4a-3cce-4907-85e3-3db1375ce6bb,Tourniquet,998,
TOOL_HOVER,243568,8/9/2023 12:37:07 PM,44458d4a-3cce-4907-85e3-3db1375ce6bb,Tourniquet,998,
TOOL_HOVER,243585,8/9/2023 12:37:08 PM,44458d4a-3cce-4907-85e3-3db1375ce6bb,Tourniquet,998,
TOOL_HOVER,243602,8/9/2023 12:37:08 PM,44458d4a-3cce-4907-85e3-3db1375ce6bb,Tourniquet,998,
TOOL_HOVER,243619,8/9/2023 12:37:08 PM,44458d4a-3cce-4907-85e3-3db1375ce6bb,Tourniquet,998,
TOOL_SELECTED,243620,8/9/2023 12:37:08 PM,44458d4a-3cce-4907-85e3-3db1375ce6bb,Tourniquet,997,
INJURY_TREATED,245887,8/9/2023 12:37:10 PM,44458d4a-3cce-4907-85e3-3db1375ce6bb,R Shin Amputation,Lily_2 Root,tourniquet,high,rightLeg,True,False,"(3.3, 0.1, 4.2)",
TOOL_APPLIED,245887,8/9/2023 12:37:10 PM,44458d4a-3cce-4907-85e3-3db1375ce6bb,Lily_2 Root,Tourniquet,RightUpLeg (UnityEngine.GameObject),tor_ring (1) (UnityEngine.GameObject),tourniquet(Clone) (UnityEngine.GameObject),AppliedTourniquet,
PULSE_TAKEN,247739,8/9/2023 12:37:12 PM,44458d4a-3cce-4907-85e3-3db1375ce6bb,pulse_fast,Lily_2 Root,
PULSE_TAKEN,249158,8/9/2023 12:37:13 PM,44458d4a-3cce-4907-85e3-3db1375ce6bb,pulse_fast,Lily_2 Root,
VOICE_CAPTURE,249392,8/9/2023 12:37:13 PM,44458d4a-3cce-4907-85e3-3db1375ce6bb,Hairy girl,NA,
PULSE_TAKEN,249862,8/9/2023 12:37:14 PM,44458d4a-3cce-4907-85e3-3db1375ce6bb,pulse_fast,Lily_2 Root,
PULSE_TAKEN,250942,8/9/2023 12:37:15 PM,44458d4a-3cce-4907-85e3-3db1375ce6bb,pulse_fast,Lily_2 Root,
PULSE_TAKEN,251088,8/9/2023 12:37:15 PM,44458d4a-3cce-4907-85e3-3db1375ce6bb,pulse_fast,Lily_2 Root,
VOICE_CAPTURE,252387,8/9/2023 12:37:16 PM,44458d4a-3cce-4907-85e3-3db1375ce6bb,do you have any problems breathing,NA,
VOICE_CAPTURE,254027,8/9/2023 12:37:18 PM,44458d4a-3cce-4907-85e3-3db1375ce6bb,modbutton no,NA,
VOICE_COMMAND,254027,8/9/2023 12:37:18 PM,44458d4a-3cce-4907-85e3-3db1375ce6bb,modbutton no,modbutton no,
VOICE_CAPTURE,257948,8/9/2023 12:37:22 PM,44458d4a-3cce-4907-85e3-3db1375ce6bb,no what's your name,NA,
VOICE_COMMAND,257948,8/9/2023 12:37:22 PM,44458d4a-3cce-4907-85e3-3db1375ce6bb,what is your name,no what's your name,
BAG_CLOSED,263574,8/9/2023 12:37:27 PM,44458d4a-3cce-4907-85e3-3db1375ce6bb,"(3.8, 0.7, 3.8)",
TELEPORT,263574,8/9/2023 12:37:27 PM,44458d4a-3cce-4907-85e3-3db1375ce6bb,"(2.6, 0.0, 3.3)",
VOICE_CAPTURE,264257,8/9/2023 12:37:28 PM,44458d4a-3cce-4907-85e3-3db1375ce6bb,Lily OK Lily someone's gonna be here to help you in a minute,NA,
PATIENT_ENGAGED,268981,8/9/2023 12:37:33 PM,44458d4a-3cce-4907-85e3-3db1375ce6bb,100,Infinity,Lily_4 Root,"(1.2, 0.0, 6.2)","(0.0, 1.0, 0.0, 0.0)",IMMEDIATE,waver,fast,normal,normal,upset,fetal,
PULSE_TAKEN,270572,8/9/2023 12:37:34 PM,44458d4a-3cce-4907-85e3-3db1375ce6bb,pulse_fast,Lily_4 Root,
PULSE_TAKEN,272851,8/9/2023 12:37:37 PM,44458d4a-3cce-4907-85e3-3db1375ce6bb,pulse_fast,Lily_4 Root,
VOICE_CAPTURE,275723,8/9/2023 12:37:40 PM,44458d4a-3cce-4907-85e3-3db1375ce6bb,yeah I think you are too check your pulse can you have any trouble breathing you already able to breathe,NA,
VOICE_CAPTURE,275991,8/9/2023 12:37:40 PM,44458d4a-3cce-4907-85e3-3db1375ce6bb,modbutton yes,NA,
VOICE_COMMAND,275991,8/9/2023 12:37:40 PM,44458d4a-3cce-4907-85e3-3db1375ce6bb,modbutton yes,modbutton yes,
BAG_ACCESS,277985,8/9/2023 12:37:42 PM,44458d4a-3cce-4907-85e3-3db1375ce6bb,"(1.0, 0.7, 5.8)",
TOOL_HOVER,278869,8/9/2023 12:37:43 PM,44458d4a-3cce-4907-85e3-3db1375ce6bb,Hemostatic Gauze,999,
TOOL_HOVER,278880,8/9/2023 12:37:43 PM,44458d4a-3cce-4907-85e3-3db1375ce6bb,Hemostatic Gauze,999,
TOOL_HOVER,278894,8/9/2023 12:37:43 PM,44458d4a-3cce-4907-85e3-3db1375ce6bb,Hemostatic Gauze,999,
TOOL_SELECTED,278895,8/9/2023 12:37:43 PM,44458d4a-3cce-4907-85e3-3db1375ce6bb,Hemostatic Gauze,998,
TOOL_DISCARDED,280524,8/9/2023 12:37:44 PM,44458d4a-3cce-4907-85e3-3db1375ce6bb,Hemostatic Gauze,998,"(0.9, 0.3, 6.5)",
TOOL_DISCARDED,280525,8/9/2023 12:37:44 PM,44458d4a-3cce-4907-85e3-3db1375ce6bb,Hemostatic Gauze,999,"(0.9, 0.3, 6.5)",
VOICE_CAPTURE,281389,8/9/2023 12:37:45 PM,44458d4a-3cce-4907-85e3-3db1375ce6bb,OK,NA,
TOOL_HOVER,282362,8/9/2023 12:37:46 PM,44458d4a-3cce-4907-85e3-3db1375ce6bb,Hemostatic Gauze,1000,
TOOL_HOVER,282378,8/9/2023 12:37:46 PM,44458d4a-3cce-4907-85e3-3db1375ce6bb,Hemostatic Gauze,1000,
TOOL_HOVER,282395,8/9/2023 12:37:46 PM,44458d4a-3cce-4907-85e3-3db1375ce6bb,Hemostatic Gauze,1000,
TOOL_HOVER,282412,8/9/2023 12:37:46 PM,44458d4a-3cce-4907-85e3-3db1375ce6bb,Hemostatic Gauze,1000,
TOOL_HOVER,282428,8/9/2023 12:37:46 PM,44458d4a-3cce-4907-85e3-3db1375ce6bb,Hemostatic Gauze,1000,
TOOL_HOVER,282445,8/9/2023 12:37:46 PM,44458d4a-3cce-4907-85e3-3db1375ce6bb,Hemostatic Gauze,1000,
TOOL_HOVER,282562,8/9/2023 12:37:46 PM,44458d4a-3cce-4907-85e3-3db1375ce6bb,Hemostatic Gauze,1000,
TOOL_HOVER,282579,8/9/2023 12:37:47 PM,44458d4a-3cce-4907-85e3-3db1375ce6bb,Hemostatic Gauze,1000,
TOOL_HOVER,282595,8/9/2023 12:37:47 PM,44458d4a-3cce-4907-85e3-3db1375ce6bb,Hemostatic Gauze,1000,
TOOL_HOVER,282612,8/9/2023 12:37:47 PM,44458d4a-3cce-4907-85e3-3db1375ce6bb,Hemostatic Gauze,1000,
TOOL_HOVER,282628,8/9/2023 12:37:47 PM,44458d4a-3cce-4907-85e3-3db1375ce6bb,Hemostatic Gauze,1000,
TOOL_HOVER,282645,8/9/2023 12:37:47 PM,44458d4a-3cce-4907-85e3-3db1375ce6bb,Hemostatic Gauze,1000,
TOOL_HOVER,283462,8/9/2023 12:37:47 PM,44458d4a-3cce-4907-85e3-3db1375ce6bb,Hemostatic Gauze,1000,
TOOL_HOVER,283478,8/9/2023 12:37:47 PM,44458d4a-3cce-4907-85e3-3db1375ce6bb,Hemostatic Gauze,1000,
TOOL_HOVER,283495,8/9/2023 12:37:47 PM,44458d4a-3cce-4907-85e3-3db1375ce6bb,Hemostatic Gauze,1000,
TOOL_HOVER,283511,8/9/2023 12:37:47 PM,44458d4a-3cce-4907-85e3-3db1375ce6bb,Hemostatic Gauze,1000,
TOOL_SELECTED,283513,8/9/2023 12:37:47 PM,44458d4a-3cce-4907-85e3-3db1375ce6bb,Hemostatic Gauze,999,
TOOL_DISCARDED,285532,8/9/2023 12:37:49 PM,44458d4a-3cce-4907-85e3-3db1375ce6bb,Hemostatic Gauze,999,"(0.9, 0.2, 6.5)",
INJURY_TREATED,285532,8/9/2023 12:37:49 PM,44458d4a-3cce-4907-85e3-3db1375ce6bb,L Side Puncture,Lily_4 Root,woundpack,medium,abdomen,True,False,"(0.9, 0.2, 6.5)",
TOOL_APPLIED,285532,8/9/2023 12:37:49 PM,44458d4a-3cce-4907-85e3-3db1375ce6bb,Lily_4 Root,Gauze_Pack,skinCollider_BodyLOD (UnityEngine.GameObject),null,null,AppliedPackingGauze,
BAG_CLOSED,292724,8/9/2023 12:37:57 PM,44458d4a-3cce-4907-85e3-3db1375ce6bb,"(1.0, 0.7, 5.8)",
BAG_ACCESS,294956,8/9/2023 12:37:59 PM,44458d4a-3cce-4907-85e3-3db1375ce6bb,"(0.9, 0.7, 5.7)",
VOICE_CAPTURE,295791,8/9/2023 12:38:00 PM,44458d4a-3cce-4907-85e3-3db1375ce6bb,horse nothing else that I can see she's good,NA,
TAG_SELECTED,296031,8/9/2023 12:38:00 PM,44458d4a-3cce-4907-85e3-3db1375ce6bb,red,
TAG_APPLIED,298277,8/9/2023 12:38:02 PM,44458d4a-3cce-4907-85e3-3db1375ce6bb,Lily_4 Root,red,
TOOL_HOVER,300869,8/9/2023 12:38:05 PM,44458d4a-3cce-4907-85e3-3db1375ce6bb,Gauze,1000,
TOOL_HOVER,300887,8/9/2023 12:38:05 PM,44458d4a-3cce-4907-85e3-3db1375ce6bb,Gauze,1000,
TOOL_HOVER,300902,8/9/2023 12:38:05 PM,44458d4a-3cce-4907-85e3-3db1375ce6bb,Gauze,1000,
TOOL_HOVER,300917,8/9/2023 12:38:05 PM,44458d4a-3cce-4907-85e3-3db1375ce6bb,Gauze,1000,
TOOL_HOVER,300942,8/9/2023 12:38:05 PM,44458d4a-3cce-4907-85e3-3db1375ce6bb,Gauze,1000,
TOOL_HOVER,300953,8/9/2023 12:38:05 PM,44458d4a-3cce-4907-85e3-3db1375ce6bb,Gauze,1000,
TOOL_HOVER,300968,8/9/2023 12:38:05 PM,44458d4a-3cce-4907-85e3-3db1375ce6bb,Gauze,1000,
TOOL_HOVER,300983,8/9/2023 12:38:05 PM,44458d4a-3cce-4907-85e3-3db1375ce6bb,Gauze,1000,
TOOL_HOVER,301001,8/9/2023 12:38:05 PM,44458d4a-3cce-4907-85e3-3db1375ce6bb,Gauze,1000,
TOOL_HOVER,301018,8/9/2023 12:38:05 PM,44458d4a-3cce-4907-85e3-3db1375ce6bb,Gauze,1000,
TOOL_HOVER,301035,8/9/2023 12:38:05 PM,44458d4a-3cce-4907-85e3-3db1375ce6bb,Gauze,1000,
TOOL_HOVER,301052,8/9/2023 12:38:05 PM,44458d4a-3cce-4907-85e3-3db1375ce6bb,Gauze,1000,
TOOL_HOVER,301371,8/9/2023 12:38:05 PM,44458d4a-3cce-4907-85e3-3db1375ce6bb,Gauze,1000,
TOOL_HOVER,301387,8/9/2023 12:38:05 PM,44458d4a-3cce-4907-85e3-3db1375ce6bb,Gauze,1000,
TOOL_HOVER,301403,8/9/2023 12:38:05 PM,44458d4a-3cce-4907-85e3-3db1375ce6bb,Gauze,1000,
TOOL_HOVER,301420,8/9/2023 12:38:05 PM,44458d4a-3cce-4907-85e3-3db1375ce6bb,Gauze,1000,
TOOL_HOVER,301438,8/9/2023 12:38:05 PM,44458d4a-3cce-4907-85e3-3db1375ce6bb,Gauze,1000,
TOOL_HOVER,301456,8/9/2023 12:38:05 PM,44458d4a-3cce-4907-85e3-3db1375ce6bb,Gauze,1000,
TOOL_HOVER,301473,8/9/2023 12:38:05 PM,44458d4a-3cce-4907-85e3-3db1375ce6bb,Gauze,1000,
TOOL_HOVER,301488,8/9/2023 12:38:05 PM,44458d4a-3cce-4907-85e3-3db1375ce6bb,Gauze,1000,
TOOL_HOVER,301504,8/9/2023 12:38:05 PM,44458d4a-3cce-4907-85e3-3db1375ce6bb,Gauze,1000,
TOOL_HOVER,301522,8/9/2023 12:38:05 PM,44458d4a-3cce-4907-85e3-3db1375ce6bb,Gauze,1000,
TOOL_HOVER,301536,8/9/2023 12:38:05 PM,44458d4a-3cce-4907-85e3-3db1375ce6bb,Gauze,1000,
TOOL_HOVER,301554,8/9/2023 12:38:05 PM,44458d4a-3cce-4907-85e3-3db1375ce6bb,Gauze,1000,
TOOL_HOVER,301572,8/9/2023 12:38:05 PM,44458d4a-3cce-4907-85e3-3db1375ce6bb,Gauze,1000,
TOOL_HOVER,301589,8/9/2023 12:38:06 PM,44458d4a-3cce-4907-85e3-3db1375ce6bb,Gauze,1000,
TOOL_HOVER,301603,8/9/2023 12:38:06 PM,44458d4a-3cce-4907-85e3-3db1375ce6bb,Gauze,1000,
TOOL_HOVER,301621,8/9/2023 12:38:06 PM,44458d4a-3cce-4907-85e3-3db1375ce6bb,Gauze,1000,
TOOL_HOVER,301646,8/9/2023 12:38:06 PM,44458d4a-3cce-4907-85e3-3db1375ce6bb,Gauze,1000,
BAG_CLOSED,303484,8/9/2023 12:38:07 PM,44458d4a-3cce-4907-85e3-3db1375ce6bb,"(0.9, 0.7, 5.7)",
TELEPORT,303484,8/9/2023 12:38:07 PM,44458d4a-3cce-4907-85e3-3db1375ce6bb,"(0.0, 0.0, 5.0)",
TELEPORT,303768,8/9/2023 12:38:08 PM,44458d4a-3cce-4907-85e3-3db1375ce6bb,"(3.1, 0.0, 10.9)",
TELEPORT,307086,8/9/2023 12:38:11 PM,44458d4a-3cce-4907-85e3-3db1375ce6bb,"(3.1, 0.0, 10.9)",
VOICE_CAPTURE,308008,8/9/2023 12:38:12 PM,44458d4a-3cce-4907-85e3-3db1375ce6bb,oh,NA,
PATIENT_ENGAGED,309932,8/9/2023 12:38:14 PM,44458d4a-3cce-4907-85e3-3db1375ce6bb,100,0,Gary_9 Root,"(2.9, 0.0, 9.1)","(0.0, 0.8, 0.0, -0.7)",MINIMAL,walker,normal,normal,limited,calm,standing,
VOICE_CAPTURE,313539,8/9/2023 12:38:17 PM,44458d4a-3cce-4907-85e3-3db1375ce6bb,OK hey,NA,
VOICE_CAPTURE,319602,8/9/2023 12:38:24 PM,44458d4a-3cce-4907-85e3-3db1375ce6bb,hearing anything OK can you walk over to where those people are,NA,
VOICE_COMMAND,319602,8/9/2023 12:38:24 PM,44458d4a-3cce-4907-85e3-3db1375ce6bb,walk to the safe area,hearing anything OK can you walk over to where those people are,
S_A_L_T_WALK_IF_CAN,319603,8/9/2023 12:38:24 PM,44458d4a-3cce-4907-85e3-3db1375ce6bb,"(3.0, 0.0, 4.5)",walkIfCan,Lily_2 Root,
S_A_L_T_WALK_IF_CAN,319603,8/9/2023 12:38:24 PM,44458d4a-3cce-4907-85e3-3db1375ce6bb,"(1.2, 0.0, 6.2)",walkIfCan,Lily_4 Root,
S_A_L_T_WALK_IF_CAN,319603,8/9/2023 12:38:24 PM,44458d4a-3cce-4907-85e3-3db1375ce6bb,"(2.7, 0.0, 2.3)",walkIfCan,Mike_5 Root,
S_A_L_T_WALK_IF_CAN,319604,8/9/2023 12:38:24 PM,44458d4a-3cce-4907-85e3-3db1375ce6bb,"(-1.3, 0.0, 3.1)",walkIfCan,Gloria_6 Root,
S_A_L_T_WALK_IF_CAN,319604,8/9/2023 12:38:24 PM,44458d4a-3cce-4907-85e3-3db1375ce6bb,"(1.3, 0.0, 3.4)",walkIfCan,Mike_7 Root,
S_A_L_T_WALK_IF_CAN,319604,8/9/2023 12:38:24 PM,44458d4a-3cce-4907-85e3-3db1375ce6bb,"(4.3, 0.0, -2.5)",walkIfCan,Gloria_8 Root,
S_A_L_T_WALKED,319604,8/9/2023 12:38:24 PM,44458d4a-3cce-4907-85e3-3db1375ce6bb,"(4.3, 0.0, -2.5)",walked,Gloria_8 Root,
S_A_L_T_WALK_IF_CAN,319604,8/9/2023 12:38:24 PM,44458d4a-3cce-4907-85e3-3db1375ce6bb,"(4.5, 0.0, -3.5)",walkIfCan,Helga_10 Root,
S_A_L_T_WALKED,319604,8/9/2023 12:38:24 PM,44458d4a-3cce-4907-85e3-3db1375ce6bb,"(4.5, 0.0, -3.5)",walked,Helga_10 Root,
VOICE_CAPTURE,326385,8/9/2023 12:38:30 PM,44458d4a-3cce-4907-85e3-3db1375ce6bb,OK OK how do I get someone I can't touch him,NA,
VOICE_CAPTURE,331568,8/9/2023 12:38:35 PM,44458d4a-3cce-4907-85e3-3db1375ce6bb,so walk over here walk,NA,
VOICE_COMMAND,331568,8/9/2023 12:38:35 PM,44458d4a-3cce-4907-85e3-3db1375ce6bb,walk to the safe area,so walk over here walk,
S_A_L_T_WALK_IF_CAN,331570,8/9/2023 12:38:35 PM,44458d4a-3cce-4907-85e3-3db1375ce6bb,"(3.0, 0.0, 4.5)",walkIfCan,Lily_2 Root,
S_A_L_T_WALK_IF_CAN,331570,8/9/2023 12:38:35 PM,44458d4a-3cce-4907-85e3-3db1375ce6bb,"(1.2, 0.0, 6.2)",walkIfCan,Lily_4 Root,
S_A_L_T_WALK_IF_CAN,331570,8/9/2023 12:38:35 PM,44458d4a-3cce-4907-85e3-3db1375ce6bb,"(2.7, 0.0, 2.3)",walkIfCan,Mike_5 Root,
S_A_L_T_WALK_IF_CAN,331570,8/9/2023 12:38:35 PM,44458d4a-3cce-4907-85e3-3db1375ce6bb,"(-1.3, 0.0, 3.1)",walkIfCan,Gloria_6 Root,
S_A_L_T_WALK_IF_CAN,331570,8/9/2023 12:38:35 PM,44458d4a-3cce-4907-85e3-3db1375ce6bb,"(1.3, 0.0, 3.4)",walkIfCan,Mike_7 Root,
S_A_L_T_WALK_IF_CAN,331570,8/9/2023 12:38:35 PM,44458d4a-3cce-4907-85e3-3db1375ce6bb,"(4.6, 0.0, -2.5)",walkIfCan,Gloria_8 Root,
S_A_L_T_WALKED,331570,8/9/2023 12:38:35 PM,44458d4a-3cce-4907-85e3-3db1375ce6bb,"(4.6, 0.0, -2.5)",walked,Gloria_8 Root,
S_A_L_T_WALK_IF_CAN,331570,8/9/2023 12:38:35 PM,44458d4a-3cce-4907-85e3-3db1375ce6bb,"(4.5, 0.0, -3.5)",walkIfCan,Helga_10 Root,
S_A_L_T_WALKED,331570,8/9/2023 12:38:35 PM,44458d4a-3cce-4907-85e3-3db1375ce6bb,"(4.5, 0.0, -3.5)",walked,Helga_10 Root,
VOICE_CAPTURE,333618,8/9/2023 12:38:38 PM,44458d4a-3cce-4907-85e3-3db1375ce6bb,over here,NA,
BAG_ACCESS,337003,8/9/2023 12:38:41 PM,44458d4a-3cce-4907-85e3-3db1375ce6bb,"(2.1, 0.8, 8.7)",
PULSE_TAKEN,337852,8/9/2023 12:38:42 PM,44458d4a-3cce-4907-85e3-3db1375ce6bb,pulse_normal,Gary_9 Root,
PULSE_TAKEN,340330,8/9/2023 12:38:44 PM,44458d4a-3cce-4907-85e3-3db1375ce6bb,pulse_normal,Gary_9 Root,
VOICE_CAPTURE,342052,8/9/2023 12:38:46 PM,44458d4a-3cce-4907-85e3-3db1375ce6bb,check for pulse he's got a good pulse,NA,
PULSE_TAKEN,342153,8/9/2023 12:38:46 PM,44458d4a-3cce-4907-85e3-3db1375ce6bb,pulse_normal,Gary_9 Root,
TAG_SELECTED,349821,8/9/2023 12:38:54 PM,44458d4a-3cce-4907-85e3-3db1375ce6bb,green,
TAG_APPLIED,351371,8/9/2023 12:38:55 PM,44458d4a-3cce-4907-85e3-3db1375ce6bb,Gary_9 Root,green,
VOICE_CAPTURE,357679,8/9/2023 12:39:02 PM,44458d4a-3cce-4907-85e3-3db1375ce6bb,moonlight now I I want you to go over to that corner,NA,
VOICE_CAPTURE,361582,8/9/2023 12:39:06 PM,44458d4a-3cce-4907-85e3-3db1375ce6bb,over there,NA,
VOICE_CAPTURE,363373,8/9/2023 12:39:07 PM,44458d4a-3cce-4907-85e3-3db1375ce6bb,over there,NA,
VOICE_CAPTURE,365132,8/9/2023 12:39:09 PM,44458d4a-3cce-4907-85e3-3db1375ce6bb,he's,NA,
BAG_CLOSED,369393,8/9/2023 12:39:13 PM,44458d4a-3cce-4907-85e3-3db1375ce6bb,"(2.1, 0.8, 8.7)",
TELEPORT,369393,8/9/2023 12:39:13 PM,44458d4a-3cce-4907-85e3-3db1375ce6bb,"(1.5, 0.0, 8.5)",
TELEPORT,370170,8/9/2023 12:39:14 PM,44458d4a-3cce-4907-85e3-3db1375ce6bb,"(1.4, 0.0, 8.1)",
VOICE_CAPTURE,370755,8/9/2023 12:39:15 PM,44458d4a-3cce-4907-85e3-3db1375ce6bb,Alright,NA,
PATIENT_ENGAGED,374639,8/9/2023 12:39:19 PM,44458d4a-3cce-4907-85e3-3db1375ce6bb,100,Infinity,Mike_7 Root,"(1.3, 0.0, 3.4)","(0.0, 0.1, 0.0, 1.0)",DELAYED,waver,fast,normal,normal,upset,sittingGround,
BAG_ACCESS,375969,8/9/2023 12:39:20 PM,44458d4a-3cce-4907-85e3-3db1375ce6bb,"(0.7, 0.7, 4.0)",
TOOL_HOVER,376671,8/9/2023 12:39:21 PM,44458d4a-3cce-4907-85e3-3db1375ce6bb,Hemostatic Gauze,1000,
TOOL_HOVER,376687,8/9/2023 12:39:21 PM,44458d4a-3cce-4907-85e3-3db1375ce6bb,Hemostatic Gauze,1000,
TOOL_HOVER,376707,8/9/2023 12:39:21 PM,44458d4a-3cce-4907-85e3-3db1375ce6bb,Hemostatic Gauze,1000,
TOOL_HOVER,376723,8/9/2023 12:39:21 PM,44458d4a-3cce-4907-85e3-3db1375ce6bb,Hemostatic Gauze,1000,
TOOL_HOVER,376740,8/9/2023 12:39:21 PM,44458d4a-3cce-4907-85e3-3db1375ce6bb,Hemostatic Gauze,1000,
TOOL_HOVER,376756,8/9/2023 12:39:21 PM,44458d4a-3cce-4907-85e3-3db1375ce6bb,Hemostatic Gauze,1000,
TOOL_HOVER,376771,8/9/2023 12:39:21 PM,44458d4a-3cce-4907-85e3-3db1375ce6bb,Hemostatic Gauze,1000,
TOOL_HOVER,376786,8/9/2023 12:39:21 PM,44458d4a-3cce-4907-85e3-3db1375ce6bb,Hemostatic Gauze,1000,
TOOL_HOVER,376803,8/9/2023 12:39:21 PM,44458d4a-3cce-4907-85e3-3db1375ce6bb,Hemostatic Gauze,1000,
TOOL_HOVER,376819,8/9/2023 12:39:21 PM,44458d4a-3cce-4907-85e3-3db1375ce6bb,Hemostatic Gauze,1000,
TOOL_HOVER,376837,8/9/2023 12:39:21 PM,44458d4a-3cce-4907-85e3-3db1375ce6bb,Hemostatic Gauze,1000,
TOOL_SELECTED,376838,8/9/2023 12:39:21 PM,44458d4a-3cce-4907-85e3-3db1375ce6bb,Hemostatic Gauze,999,
TOOL_DISCARDED,379465,8/9/2023 12:39:23 PM,44458d4a-3cce-4907-85e3-3db1375ce6bb,Hemostatic Gauze,999,"(0.3, 1.1, 4.0)",
TOOL_DISCARDED,379466,8/9/2023 12:39:23 PM,44458d4a-3cce-4907-85e3-3db1375ce6bb,Hemostatic Gauze,1000,"(0.3, 1.1, 4.0)",
TOOL_HOVER,379663,8/9/2023 12:39:24 PM,44458d4a-3cce-4907-85e3-3db1375ce6bb,Hemostatic Gauze,1001,
TOOL_HOVER,379679,8/9/2023 12:39:24 PM,44458d4a-3cce-4907-85e3-3db1375ce6bb,Hemostatic Gauze,1001,
TOOL_HOVER,379696,8/9/2023 12:39:24 PM,44458d4a-3cce-4907-85e3-3db1375ce6bb,Hemostatic Gauze,1001,
TOOL_HOVER,379713,8/9/2023 12:39:24 PM,44458d4a-3cce-4907-85e3-3db1375ce6bb,Hemostatic Gauze,1001,
TOOL_HOVER,379729,8/9/2023 12:39:24 PM,44458d4a-3cce-4907-85e3-3db1375ce6bb,Hemostatic Gauze,1001,
TOOL_HOVER,379747,8/9/2023 12:39:24 PM,44458d4a-3cce-4907-85e3-3db1375ce6bb,Hemostatic Gauze,1001,
TOOL_HOVER,379763,8/9/2023 12:39:24 PM,44458d4a-3cce-4907-85e3-3db1375ce6bb,Hemostatic Gauze,1001,
TOOL_HOVER,379779,8/9/2023 12:39:24 PM,44458d4a-3cce-4907-85e3-3db1375ce6bb,Hemostatic Gauze,1001,
TOOL_HOVER,379796,8/9/2023 12:39:24 PM,44458d4a-3cce-4907-85e3-3db1375ce6bb,Hemostatic Gauze,1001,
TOOL_HOVER,379812,8/9/2023 12:39:24 PM,44458d4a-3cce-4907-85e3-3db1375ce6bb,Hemostatic Gauze,1001,
TOOL_HOVER,379830,8/9/2023 12:39:24 PM,44458d4a-3cce-4907-85e3-3db1375ce6bb,Hemostatic Gauze,1001,
TOOL_HOVER,379846,8/9/2023 12:39:24 PM,44458d4a-3cce-4907-85e3-3db1375ce6bb,Hemostatic Gauze,1001,
TOOL_HOVER,379864,8/9/2023 12:39:24 PM,44458d4a-3cce-4907-85e3-3db1375ce6bb,Hemostatic Gauze,1001,
TOOL_HOVER,379880,8/9/2023 12:39:24 PM,44458d4a-3cce-4907-85e3-3db1375ce6bb,Hemostatic Gauze,1001,
TOOL_HOVER,379895,8/9/2023 12:39:24 PM,44458d4a-3cce-4907-85e3-3db1375ce6bb,Hemostatic Gauze,1001,
TOOL_HOVER,379911,8/9/2023 12:39:24 PM,44458d4a-3cce-4907-85e3-3db1375ce6bb,Hemostatic Gauze,1001,
TOOL_HOVER,379928,8/9/2023 12:39:24 PM,44458d4a-3cce-4907-85e3-3db1375ce6bb,Hemostatic Gauze,1001,
TOOL_HOVER,379945,8/9/2023 12:39:24 PM,44458d4a-3cce-4907-85e3-3db1375ce6bb,Hemostatic Gauze,1001,
TOOL_HOVER,379963,8/9/2023 12:39:24 PM,44458d4a-3cce-4907-85e3-3db1375ce6bb,Hemostatic Gauze,1001,
TOOL_HOVER,379980,8/9/2023 12:39:24 PM,44458d4a-3cce-4907-85e3-3db1375ce6bb,Hemostatic Gauze,1001,
TOOL_HOVER,379996,8/9/2023 12:39:24 PM,44458d4a-3cce-4907-85e3-3db1375ce6bb,Hemostatic Gauze,1001,
TOOL_HOVER,380013,8/9/2023 12:39:24 PM,44458d4a-3cce-4907-85e3-3db1375ce6bb,Hemostatic Gauze,1001,
TOOL_HOVER,380029,8/9/2023 12:39:24 PM,44458d4a-3cce-4907-85e3-3db1375ce6bb,Hemostatic Gauze,1001,
TOOL_HOVER,380045,8/9/2023 12:39:24 PM,44458d4a-3cce-4907-85e3-3db1375ce6bb,Hemostatic Gauze,1001,
TOOL_HOVER,380062,8/9/2023 12:39:24 PM,44458d4a-3cce-4907-85e3-3db1375ce6bb,Hemostatic Gauze,1001,
TOOL_HOVER,380093,8/9/2023 12:39:24 PM,44458d4a-3cce-4907-85e3-3db1375ce6bb,Hemostatic Gauze,1001,
TOOL_HOVER,380112,8/9/2023 12:39:24 PM,44458d4a-3cce-4907-85e3-3db1375ce6bb,Hemostatic Gauze,1001,
TOOL_HOVER,380128,8/9/2023 12:39:24 PM,44458d4a-3cce-4907-85e3-3db1375ce6bb,Hemostatic Gauze,1001,
TOOL_HOVER,380142,8/9/2023 12:39:24 PM,44458d4a-3cce-4907-85e3-3db1375ce6bb,Hemostatic Gauze,1001,
TOOL_HOVER,380156,8/9/2023 12:39:24 PM,44458d4a-3cce-4907-85e3-3db1375ce6bb,Hemostatic Gauze,1001,
TOOL_HOVER,380468,8/9/2023 12:39:24 PM,44458d4a-3cce-4907-85e3-3db1375ce6bb,Tourniquet,997,
TOOL_HOVER,380485,8/9/2023 12:39:24 PM,44458d4a-3cce-4907-85e3-3db1375ce6bb,Tourniquet,997,
TOOL_HOVER,380501,8/9/2023 12:39:24 PM,44458d4a-3cce-4907-85e3-3db1375ce6bb,Tourniquet,997,
TOOL_HOVER,380518,8/9/2023 12:39:24 PM,44458d4a-3cce-4907-85e3-3db1375ce6bb,Tourniquet,997,
TOOL_HOVER,380535,8/9/2023 12:39:24 PM,44458d4a-3cce-4907-85e3-3db1375ce6bb,Tourniquet,997,
TOOL_HOVER,380551,8/9/2023 12:39:24 PM,44458d4a-3cce-4907-85e3-3db1375ce6bb,Tourniquet,997,
TOOL_HOVER,380570,8/9/2023 12:39:24 PM,44458d4a-3cce-4907-85e3-3db1375ce6bb,Tourniquet,997,
TOOL_HOVER,380586,8/9/2023 12:39:25 PM,44458d4a-3cce-4907-85e3-3db1375ce6bb,Tourniquet,997,
TOOL_HOVER,380602,8/9/2023 12:39:25 PM,44458d4a-3cce-4907-85e3-3db1375ce6bb,Tourniquet,997,
TOOL_HOVER,380618,8/9/2023 12:39:25 PM,44458d4a-3cce-4907-85e3-3db1375ce6bb,Tourniquet,997,
TOOL_SELECTED,380619,8/9/2023 12:39:25 PM,44458d4a-3cce-4907-85e3-3db1375ce6bb,Tourniquet,996,
INJURY_TREATED,382925,8/9/2023 12:39:27 PM,44458d4a-3cce-4907-85e3-3db1375ce6bb,L Thigh Puncture,Mike_7 Root,tourniquet,medium,leftLeg,True,False,"(0.7, 0.1, 3.5)",
TOOL_APPLIED,382925,8/9/2023 12:39:27 PM,44458d4a-3cce-4907-85e3-3db1375ce6bb,Mike_7 Root,Tourniquet,LeftUpLeg (UnityEngine.GameObject),tor_ring (1) (UnityEngine.GameObject),tourniquet(Clone) (UnityEngine.GameObject),AppliedTourniquet,
VOICE_CAPTURE,383590,8/9/2023 12:39:28 PM,44458d4a-3cce-4907-85e3-3db1375ce6bb,Oh no I'm I can do that what the heck was I thinking there,NA,
PULSE_TAKEN,385210,8/9/2023 12:39:29 PM,44458d4a-3cce-4907-85e3-3db1375ce6bb,pulse_fast,Mike_7 Root,
TOOL_HOVER,387563,8/9/2023 12:39:31 PM,44458d4a-3cce-4907-85e3-3db1375ce6bb,Gauze,1000,
TOOL_HOVER,387585,8/9/2023 12:39:32 PM,44458d4a-3cce-4907-85e3-3db1375ce6bb,Gauze,1000,
TOOL_HOVER,387604,8/9/2023 12:39:32 PM,44458d4a-3cce-4907-85e3-3db1375ce6bb,Gauze,1000,
TOOL_HOVER,387619,8/9/2023 12:39:32 PM,44458d4a-3cce-4907-85e3-3db1375ce6bb,Gauze,1000,
TOOL_HOVER,387634,8/9/2023 12:39:32 PM,44458d4a-3cce-4907-85e3-3db1375ce6bb,Gauze,1000,
TOOL_HOVER,387648,8/9/2023 12:39:32 PM,44458d4a-3cce-4907-85e3-3db1375ce6bb,Gauze,1000,
TOOL_HOVER,387664,8/9/2023 12:39:32 PM,44458d4a-3cce-4907-85e3-3db1375ce6bb,Gauze,1000,
TOOL_HOVER,387678,8/9/2023 12:39:32 PM,44458d4a-3cce-4907-85e3-3db1375ce6bb,Gauze,1000,
TOOL_HOVER,387694,8/9/2023 12:39:32 PM,44458d4a-3cce-4907-85e3-3db1375ce6bb,Gauze,1000,
TOOL_HOVER,387713,8/9/2023 12:39:32 PM,44458d4a-3cce-4907-85e3-3db1375ce6bb,Gauze,1000,
TOOL_HOVER,387731,8/9/2023 12:39:32 PM,44458d4a-3cce-4907-85e3-3db1375ce6bb,Gauze,1000,
TOOL_HOVER,387745,8/9/2023 12:39:32 PM,44458d4a-3cce-4907-85e3-3db1375ce6bb,Gauze,1000,
TOOL_HOVER,387761,8/9/2023 12:39:32 PM,44458d4a-3cce-4907-85e3-3db1375ce6bb,Gauze,1000,
TOOL_HOVER,387778,8/9/2023 12:39:32 PM,44458d4a-3cce-4907-85e3-3db1375ce6bb,Gauze,1000,
TOOL_HOVER,387795,8/9/2023 12:39:32 PM,44458d4a-3cce-4907-85e3-3db1375ce6bb,Gauze,1000,
TOOL_HOVER,387813,8/9/2023 12:39:32 PM,44458d4a-3cce-4907-85e3-3db1375ce6bb,Gauze,1000,
TOOL_HOVER,387830,8/9/2023 12:39:32 PM,44458d4a-3cce-4907-85e3-3db1375ce6bb,Gauze,1000,
TOOL_HOVER,387845,8/9/2023 12:39:32 PM,44458d4a-3cce-4907-85e3-3db1375ce6bb,Gauze,1000,
TOOL_HOVER,387862,8/9/2023 12:39:32 PM,44458d4a-3cce-4907-85e3-3db1375ce6bb,Gauze,1000,
TOOL_HOVER,387878,8/9/2023 12:39:32 PM,44458d4a-3cce-4907-85e3-3db1375ce6bb,Gauze,1000,
TOOL_HOVER,387894,8/9/2023 12:39:32 PM,44458d4a-3cce-4907-85e3-3db1375ce6bb,Gauze,1000,
TOOL_HOVER,387912,8/9/2023 12:39:32 PM,44458d4a-3cce-4907-85e3-3db1375ce6bb,Gauze,1000,
TOOL_HOVER,387930,8/9/2023 12:39:32 PM,44458d4a-3cce-4907-85e3-3db1375ce6bb,Gauze,1000,
TOOL_HOVER,387948,8/9/2023 12:39:32 PM,44458d4a-3cce-4907-85e3-3db1375ce6bb,Gauze,1000,
TOOL_HOVER,390458,8/9/2023 12:39:34 PM,44458d4a-3cce-4907-85e3-3db1375ce6bb,Gauze,1000,
TOOL_HOVER,390474,8/9/2023 12:39:34 PM,44458d4a-3cce-4907-85e3-3db1375ce6bb,Gauze,1000,
TOOL_HOVER,390492,8/9/2023 12:39:34 PM,44458d4a-3cce-4907-85e3-3db1375ce6bb,Gauze,1000,
TOOL_HOVER,390511,8/9/2023 12:39:34 PM,44458d4a-3cce-4907-85e3-3db1375ce6bb,Gauze,1000,
TOOL_HOVER,390527,8/9/2023 12:39:34 PM,44458d4a-3cce-4907-85e3-3db1375ce6bb,Gauze,1000,
TOOL_HOVER,390544,8/9/2023 12:39:34 PM,44458d4a-3cce-4907-85e3-3db1375ce6bb,Gauze,1000,
TOOL_HOVER,390559,8/9/2023 12:39:34 PM,44458d4a-3cce-4907-85e3-3db1375ce6bb,Gauze,1000,
TOOL_HOVER,390575,8/9/2023 12:39:34 PM,44458d4a-3cce-4907-85e3-3db1375ce6bb,Gauze,1000,
TOOL_HOVER,390591,8/9/2023 12:39:35 PM,44458d4a-3cce-4907-85e3-3db1375ce6bb,Gauze,1000,
TOOL_HOVER,390607,8/9/2023 12:39:35 PM,44458d4a-3cce-4907-85e3-3db1375ce6bb,Gauze,1000,
TOOL_HOVER,390626,8/9/2023 12:39:35 PM,44458d4a-3cce-4907-85e3-3db1375ce6bb,Gauze,1000,
TOOL_HOVER,390641,8/9/2023 12:39:35 PM,44458d4a-3cce-4907-85e3-3db1375ce6bb,Gauze,1000,
TOOL_SELECTED,390642,8/9/2023 12:39:35 PM,44458d4a-3cce-4907-85e3-3db1375ce6bb,Gauze,999,
VOICE_CAPTURE,390676,8/9/2023 12:39:35 PM,44458d4a-3cce-4907-85e3-3db1375ce6bb,OK good take a pulse good,NA,
TOOL_DISCARDED,392193,8/9/2023 12:39:36 PM,44458d4a-3cce-4907-85e3-3db1375ce6bb,Gauze,999,"(1.3, 0.2, 3.8)",
INJURY_TREATED,392194,8/9/2023 12:39:36 PM,44458d4a-3cce-4907-85e3-3db1375ce6bb,R Calf Laceration,Mike_7 Root,gauzePressure,low,rightLeg,True,False,"(1.3, 0.2, 3.8)",
TOOL_APPLIED,392194,8/9/2023 12:39:36 PM,44458d4a-3cce-4907-85e3-3db1375ce6bb,Mike_7 Root,Gauze_Dressing,skinCollider_BodyCollideLOD (UnityEngine.GameObject),null,null,AppliedDressingGauze,
VOICE_CAPTURE,397860,8/9/2023 12:39:42 PM,44458d4a-3cce-4907-85e3-3db1375ce6bb,modbutton no,NA,
VOICE_COMMAND,397860,8/9/2023 12:39:42 PM,44458d4a-3cce-4907-85e3-3db1375ce6bb,modbutton no,modbutton no,
VOICE_CAPTURE,397978,8/9/2023 12:39:42 PM,44458d4a-3cce-4907-85e3-3db1375ce6bb,you have any problems breathing,NA,
TAG_SELECTED,402977,8/9/2023 12:39:47 PM,44458d4a-3cce-4907-85e3-3db1375ce6bb,red,
VOICE_CAPTURE,404220,8/9/2023 12:39:48 PM,44458d4a-3cce-4907-85e3-3db1375ce6bb,no OK alright so,NA,
TAG_APPLIED,405272,8/9/2023 12:39:49 PM,44458d4a-3cce-4907-85e3-3db1375ce6bb,Mike_7 Root,red,
VOICE_CAPTURE,411478,8/9/2023 12:39:55 PM,44458d4a-3cce-4907-85e3-3db1375ce6bb,alright everyone dead,NA,
BAG_CLOSED,414300,8/9/2023 12:39:58 PM,44458d4a-3cce-4907-85e3-3db1375ce6bb,"(0.7, 0.7, 4.0)",
TELEPORT,414300,8/9/2023 12:39:58 PM,44458d4a-3cce-4907-85e3-3db1375ce6bb,"(0.3, 0.0, 4.2)",
VOICE_CAPTURE,416583,8/9/2023 12:40:01 PM,44458d4a-3cce-4907-85e3-3db1375ce6bb,done he's done he's done he's done he's done now,NA,
BAG_ACCESS,421864,8/9/2023 12:40:06 PM,44458d4a-3cce-4907-85e3-3db1375ce6bb,"(3.9, 0.7, -2.5)",
PATIENT_ENGAGED,422035,8/9/2023 12:40:06 PM,44458d4a-3cce-4907-85e3-3db1375ce6bb,100,Infinity,Helga_10 Root,"(4.7, 0.0, -3.6)","(0.0, 0.3, 0.0, -1.0)",MINIMAL,walker,normal,normal,normal,calm,standing,
VOICE_CAPTURE,422551,8/9/2023 12:40:06 PM,44458d4a-3cce-4907-85e3-3db1375ce6bb,OK how about I fix you up here alright,NA,
PATIENT_ENGAGED,423332,8/9/2023 12:40:07 PM,44458d4a-3cce-4907-85e3-3db1375ce6bb,100,Infinity,Gloria_8 Root,"(4.5, 0.0, -2.6)","(0.0, 0.6, 0.0, -0.8)",MINIMAL,walker,normal,normal,normal,upset,sittingGround,
TOOL_HOVER,425468,8/9/2023 12:40:09 PM,44458d4a-3cce-4907-85e3-3db1375ce6bb,Gauze,1000,
TOOL_HOVER,425484,8/9/2023 12:40:09 PM,44458d4a-3cce-4907-85e3-3db1375ce6bb,Gauze,1000,
TOOL_HOVER,425500,8/9/2023 12:40:09 PM,44458d4a-3cce-4907-85e3-3db1375ce6bb,Gauze,1000,
TOOL_HOVER,425516,8/9/2023 12:40:09 PM,44458d4a-3cce-4907-85e3-3db1375ce6bb,Gauze,1000,
TOOL_HOVER,425530,8/9/2023 12:40:09 PM,44458d4a-3cce-4907-85e3-3db1375ce6bb,Gauze,1000,
TOOL_SELECTED,425532,8/9/2023 12:40:09 PM,44458d4a-3cce-4907-85e3-3db1375ce6bb,Gauze,999,
PATIENT_ENGAGED,425764,8/9/2023 12:40:10 PM,44458d4a-3cce-4907-85e3-3db1375ce6bb,100,Infinity,Helga_10 Root,"(4.7, 0.0, -3.6)","(0.0, 0.3, 0.0, -1.0)",MINIMAL,walker,normal,normal,normal,calm,standing,
TOOL_DISCARDED,426987,8/9/2023 12:40:11 PM,44458d4a-3cce-4907-85e3-3db1375ce6bb,Gauze,999,"(4.6, 0.4, -2.7)",
TOOL_DISCARDED,426987,8/9/2023 12:40:11 PM,44458d4a-3cce-4907-85e3-3db1375ce6bb,Gauze,1000,"(4.6, 0.4, -2.7)",
PULSE_TAKEN,427313,8/9/2023 12:40:11 PM,44458d4a-3cce-4907-85e3-3db1375ce6bb,pulse_normal,Gloria_8 Root,
TOOL_HOVER,428964,8/9/2023 12:40:13 PM,44458d4a-3cce-4907-85e3-3db1375ce6bb,Gauze,1001,
TOOL_HOVER,428984,8/9/2023 12:40:13 PM,44458d4a-3cce-4907-85e3-3db1375ce6bb,Gauze,1001,
TOOL_HOVER,429000,8/9/2023 12:40:13 PM,44458d4a-3cce-4907-85e3-3db1375ce6bb,Gauze,1001,
TOOL_HOVER,429015,8/9/2023 12:40:13 PM,44458d4a-3cce-4907-85e3-3db1375ce6bb,Gauze,1001,
TOOL_HOVER,429031,8/9/2023 12:40:13 PM,44458d4a-3cce-4907-85e3-3db1375ce6bb,Gauze,1001,
TOOL_HOVER,429048,8/9/2023 12:40:13 PM,44458d4a-3cce-4907-85e3-3db1375ce6bb,Gauze,1001,
TOOL_HOVER,429064,8/9/2023 12:40:13 PM,44458d4a-3cce-4907-85e3-3db1375ce6bb,Gauze,1001,
TOOL_HOVER,429081,8/9/2023 12:40:13 PM,44458d4a-3cce-4907-85e3-3db1375ce6bb,Gauze,1001,
TOOL_HOVER,429100,8/9/2023 12:40:13 PM,44458d4a-3cce-4907-85e3-3db1375ce6bb,Gauze,1001,
TOOL_HOVER,429118,8/9/2023 12:40:13 PM,44458d4a-3cce-4907-85e3-3db1375ce6bb,Gauze,1001,
TOOL_HOVER,429133,8/9/2023 12:40:13 PM,44458d4a-3cce-4907-85e3-3db1375ce6bb,Gauze,1001,
TOOL_HOVER,429148,8/9/2023 12:40:13 PM,44458d4a-3cce-4907-85e3-3db1375ce6bb,Gauze,1001,
TOOL_HOVER,429164,8/9/2023 12:40:13 PM,44458d4a-3cce-4907-85e3-3db1375ce6bb,Gauze,1001,
TOOL_HOVER,429181,8/9/2023 12:40:13 PM,44458d4a-3cce-4907-85e3-3db1375ce6bb,Gauze,1001,
TOOL_HOVER,429198,8/9/2023 12:40:13 PM,44458d4a-3cce-4907-85e3-3db1375ce6bb,Gauze,1001,
TOOL_HOVER,429219,8/9/2023 12:40:13 PM,44458d4a-3cce-4907-85e3-3db1375ce6bb,Gauze,1001,
TOOL_HOVER,429235,8/9/2023 12:40:13 PM,44458d4a-3cce-4907-85e3-3db1375ce6bb,Gauze,1001,
TOOL_HOVER,429251,8/9/2023 12:40:13 PM,44458d4a-3cce-4907-85e3-3db1375ce6bb,Gauze,1001,
TOOL_HOVER,429267,8/9/2023 12:40:13 PM,44458d4a-3cce-4907-85e3-3db1375ce6bb,Gauze,1001,
TOOL_HOVER,429285,8/9/2023 12:40:13 PM,44458d4a-3cce-4907-85e3-3db1375ce6bb,Gauze,1001,
TOOL_HOVER,429300,8/9/2023 12:40:13 PM,44458d4a-3cce-4907-85e3-3db1375ce6bb,Gauze,1001,
TOOL_HOVER,429318,8/9/2023 12:40:13 PM,44458d4a-3cce-4907-85e3-3db1375ce6bb,Gauze,1001,
TOOL_HOVER,429339,8/9/2023 12:40:13 PM,44458d4a-3cce-4907-85e3-3db1375ce6bb,Gauze,1001,
TOOL_HOVER,429966,8/9/2023 12:40:14 PM,44458d4a-3cce-4907-85e3-3db1375ce6bb,Gauze,1001,
TOOL_HOVER,429980,8/9/2023 12:40:14 PM,44458d4a-3cce-4907-85e3-3db1375ce6bb,Gauze,1001,
TOOL_HOVER,429996,8/9/2023 12:40:14 PM,44458d4a-3cce-4907-85e3-3db1375ce6bb,Gauze,1001,
TOOL_HOVER,430015,8/9/2023 12:40:14 PM,44458d4a-3cce-4907-85e3-3db1375ce6bb,Gauze,1001,
TOOL_HOVER,430031,8/9/2023 12:40:14 PM,44458d4a-3cce-4907-85e3-3db1375ce6bb,Gauze,1001,
TOOL_HOVER,430051,8/9/2023 12:40:14 PM,44458d4a-3cce-4907-85e3-3db1375ce6bb,Gauze,1001,
TOOL_HOVER,430068,8/9/2023 12:40:14 PM,44458d4a-3cce-4907-85e3-3db1375ce6bb,Gauze,1001,
TOOL_HOVER,430084,8/9/2023 12:40:14 PM,44458d4a-3cce-4907-85e3-3db1375ce6bb,Gauze,1001,
TOOL_HOVER,430099,8/9/2023 12:40:14 PM,44458d4a-3cce-4907-85e3-3db1375ce6bb,Gauze,1001,
TOOL_SELECTED,430100,8/9/2023 12:40:14 PM,44458d4a-3cce-4907-85e3-3db1375ce6bb,Gauze,1000,
TOOL_DISCARDED,431592,8/9/2023 12:40:16 PM,44458d4a-3cce-4907-85e3-3db1375ce6bb,Gauze,1000,"(4.6, 0.5, -2.8)",
TOOL_DISCARDED,431592,8/9/2023 12:40:16 PM,44458d4a-3cce-4907-85e3-3db1375ce6bb,Gauze,1001,"(4.6, 0.5, -2.8)",
TOOL_HOVER,434667,8/9/2023 12:40:19 PM,44458d4a-3cce-4907-85e3-3db1375ce6bb,Gauze,1002,
TOOL_HOVER,434683,8/9/2023 12:40:19 PM,44458d4a-3cce-4907-85e3-3db1375ce6bb,Gauze,1002,
TOOL_HOVER,434698,8/9/2023 12:40:19 PM,44458d4a-3cce-4907-85e3-3db1375ce6bb,Gauze,1002,
TOOL_HOVER,434714,8/9/2023 12:40:19 PM,44458d4a-3cce-4907-85e3-3db1375ce6bb,Gauze,1002,
TOOL_HOVER,434731,8/9/2023 12:40:19 PM,44458d4a-3cce-4907-85e3-3db1375ce6bb,Gauze,1002,
TOOL_HOVER,434752,8/9/2023 12:40:19 PM,44458d4a-3cce-4907-85e3-3db1375ce6bb,Gauze,1002,
TOOL_HOVER,434770,8/9/2023 12:40:19 PM,44458d4a-3cce-4907-85e3-3db1375ce6bb,Gauze,1002,
TOOL_HOVER,434786,8/9/2023 12:40:19 PM,44458d4a-3cce-4907-85e3-3db1375ce6bb,Gauze,1002,
TOOL_HOVER,434803,8/9/2023 12:40:19 PM,44458d4a-3cce-4907-85e3-3db1375ce6bb,Gauze,1002,
TOOL_HOVER,434820,8/9/2023 12:40:19 PM,44458d4a-3cce-4907-85e3-3db1375ce6bb,Gauze,1002,
TOOL_HOVER,434836,8/9/2023 12:40:19 PM,44458d4a-3cce-4907-85e3-3db1375ce6bb,Gauze,1002,
TOOL_HOVER,434851,8/9/2023 12:40:19 PM,44458d4a-3cce-4907-85e3-3db1375ce6bb,Gauze,1002,
TOOL_HOVER,434874,8/9/2023 12:40:19 PM,44458d4a-3cce-4907-85e3-3db1375ce6bb,Gauze,1002,
TOOL_HOVER,434890,8/9/2023 12:40:19 PM,44458d4a-3cce-4907-85e3-3db1375ce6bb,Gauze,1002,
TOOL_HOVER,434908,8/9/2023 12:40:19 PM,44458d4a-3cce-4907-85e3-3db1375ce6bb,Gauze,1002,
TOOL_HOVER,434924,8/9/2023 12:40:19 PM,44458d4a-3cce-4907-85e3-3db1375ce6bb,Gauze,1002,
TOOL_HOVER,434939,8/9/2023 12:40:19 PM,44458d4a-3cce-4907-85e3-3db1375ce6bb,Gauze,1002,
TOOL_HOVER,434953,8/9/2023 12:40:19 PM,44458d4a-3cce-4907-85e3-3db1375ce6bb,Gauze,1002,
TOOL_HOVER,434969,8/9/2023 12:40:19 PM,44458d4a-3cce-4907-85e3-3db1375ce6bb,Gauze,1002,
TOOL_HOVER,434989,8/9/2023 12:40:19 PM,44458d4a-3cce-4907-85e3-3db1375ce6bb,Gauze,1002,
TOOL_SELECTED,434990,8/9/2023 12:40:19 PM,44458d4a-3cce-4907-85e3-3db1375ce6bb,Gauze,1001,
VOICE_CAPTURE,435768,8/9/2023 12:40:20 PM,44458d4a-3cce-4907-85e3-3db1375ce6bb,is that the wrong model,NA,
TOOL_DISCARDED,438387,8/9/2023 12:40:22 PM,44458d4a-3cce-4907-85e3-3db1375ce6bb,Gauze,1001,"(4.7, 0.5, -2.8)",
TOOL_DISCARDED,438387,8/9/2023 12:40:22 PM,44458d4a-3cce-4907-85e3-3db1375ce6bb,Gauze,1002,"(4.7, 0.5, -2.8)",
PULSE_TAKEN,438984,8/9/2023 12:40:23 PM,44458d4a-3cce-4907-85e3-3db1375ce6bb,pulse_normal,Gloria_8 Root,
TOOL_HOVER,440263,8/9/2023 12:40:24 PM,44458d4a-3cce-4907-85e3-3db1375ce6bb,Gauze,1003,
TOOL_HOVER,440280,8/9/2023 12:40:24 PM,44458d4a-3cce-4907-85e3-3db1375ce6bb,Gauze,1003,
TOOL_HOVER,440296,8/9/2023 12:40:24 PM,44458d4a-3cce-4907-85e3-3db1375ce6bb,Gauze,1003,
TOOL_SELECTED,440297,8/9/2023 12:40:24 PM,44458d4a-3cce-4907-85e3-3db1375ce6bb,Gauze,1002,
TOOL_DISCARDED,442343,8/9/2023 12:40:26 PM,44458d4a-3cce-4907-85e3-3db1375ce6bb,Gauze,1002,"(4.6, 0.4, -2.8)",
TOOL_DISCARDED,442343,8/9/2023 12:40:26 PM,44458d4a-3cce-4907-85e3-3db1375ce6bb,Gauze,1003,"(4.6, 0.4, -2.8)",
VOICE_CAPTURE,443136,8/9/2023 12:40:27 PM,44458d4a-3cce-4907-85e3-3db1375ce6bb,dropping it right on the wound,NA,
TOOL_HOVER,443960,8/9/2023 12:40:28 PM,44458d4a-3cce-4907-85e3-3db1375ce6bb,Gauze,1004,
TOOL_HOVER,443977,8/9/2023 12:40:28 PM,44458d4a-3cce-4907-85e3-3db1375ce6bb,Gauze,1004,
TOOL_HOVER,443994,8/9/2023 12:40:28 PM,44458d4a-3cce-4907-85e3-3db1375ce6bb,Gauze,1004,
TOOL_HOVER,444010,8/9/2023 12:40:28 PM,44458d4a-3cce-4907-85e3-3db1375ce6bb,Gauze,1004,
TOOL_HOVER,444027,8/9/2023 12:40:28 PM,44458d4a-3cce-4907-85e3-3db1375ce6bb,Gauze,1004,
TOOL_HOVER,444044,8/9/2023 12:40:28 PM,44458d4a-3cce-4907-85e3-3db1375ce6bb,Gauze,1004,
TOOL_HOVER,444066,8/9/2023 12:40:28 PM,44458d4a-3cce-4907-85e3-3db1375ce6bb,Gauze,1004,
TOOL_HOVER,444083,8/9/2023 12:40:28 PM,44458d4a-3cce-4907-85e3-3db1375ce6bb,Gauze,1004,
TOOL_HOVER,444100,8/9/2023 12:40:28 PM,44458d4a-3cce-4907-85e3-3db1375ce6bb,Gauze,1004,
TOOL_HOVER,444116,8/9/2023 12:40:28 PM,44458d4a-3cce-4907-85e3-3db1375ce6bb,Gauze,1004,
TOOL_HOVER,444132,8/9/2023 12:40:28 PM,44458d4a-3cce-4907-85e3-3db1375ce6bb,Gauze,1004,
TOOL_HOVER,444148,8/9/2023 12:40:28 PM,44458d4a-3cce-4907-85e3-3db1375ce6bb,Gauze,1004,
TOOL_HOVER,444164,8/9/2023 12:40:28 PM,44458d4a-3cce-4907-85e3-3db1375ce6bb,Gauze,1004,
TOOL_HOVER,444185,8/9/2023 12:40:28 PM,44458d4a-3cce-4907-85e3-3db1375ce6bb,Gauze,1004,
TOOL_HOVER,444202,8/9/2023 12:40:28 PM,44458d4a-3cce-4907-85e3-3db1375ce6bb,Gauze,1004,
TOOL_HOVER,444220,8/9/2023 12:40:28 PM,44458d4a-3cce-4907-85e3-3db1375ce6bb,Gauze,1004,
TOOL_HOVER,444235,8/9/2023 12:40:28 PM,44458d4a-3cce-4907-85e3-3db1375ce6bb,Gauze,1004,
TOOL_HOVER,444252,8/9/2023 12:40:28 PM,44458d4a-3cce-4907-85e3-3db1375ce6bb,Gauze,1004,
TOOL_HOVER,444268,8/9/2023 12:40:28 PM,44458d4a-3cce-4907-85e3-3db1375ce6bb,Gauze,1004,
TOOL_HOVER,444285,8/9/2023 12:40:28 PM,44458d4a-3cce-4907-85e3-3db1375ce6bb,Gauze,1004,
TOOL_HOVER,444307,8/9/2023 12:40:28 PM,44458d4a-3cce-4907-85e3-3db1375ce6bb,Gauze,1004,
TOOL_HOVER,444323,8/9/2023 12:40:28 PM,44458d4a-3cce-4907-85e3-3db1375ce6bb,Gauze,1004,
TOOL_HOVER,444341,8/9/2023 12:40:28 PM,44458d4a-3cce-4907-85e3-3db1375ce6bb,Gauze,1004,
TOOL_HOVER,444356,8/9/2023 12:40:28 PM,44458d4a-3cce-4907-85e3-3db1375ce6bb,Gauze,1004,
TOOL_HOVER,445169,8/9/2023 12:40:29 PM,44458d4a-3cce-4907-85e3-3db1375ce6bb,Gauze,1004,
TOOL_HOVER,445184,8/9/2023 12:40:29 PM,44458d4a-3cce-4907-85e3-3db1375ce6bb,Gauze,1004,
TOOL_HOVER,445199,8/9/2023 12:40:29 PM,44458d4a-3cce-4907-85e3-3db1375ce6bb,Gauze,1004,
TOOL_HOVER,445217,8/9/2023 12:40:29 PM,44458d4a-3cce-4907-85e3-3db1375ce6bb,Gauze,1004,
TOOL_HOVER,445237,8/9/2023 12:40:29 PM,44458d4a-3cce-4907-85e3-3db1375ce6bb,Gauze,1004,
TOOL_HOVER,445253,8/9/2023 12:40:29 PM,44458d4a-3cce-4907-85e3-3db1375ce6bb,Gauze,1004,
TOOL_HOVER,445270,8/9/2023 12:40:29 PM,44458d4a-3cce-4907-85e3-3db1375ce6bb,Gauze,1004,
TOOL_HOVER,445286,8/9/2023 12:40:29 PM,44458d4a-3cce-4907-85e3-3db1375ce6bb,Gauze,1004,
TOOL_HOVER,445300,8/9/2023 12:40:29 PM,44458d4a-3cce-4907-85e3-3db1375ce6bb,Gauze,1004,
TOOL_HOVER,445319,8/9/2023 12:40:29 PM,44458d4a-3cce-4907-85e3-3db1375ce6bb,Gauze,1004,
TOOL_SELECTED,445320,8/9/2023 12:40:29 PM,44458d4a-3cce-4907-85e3-3db1375ce6bb,Gauze,1003,
PATIENT_ENGAGED,446401,8/9/2023 12:40:30 PM,44458d4a-3cce-4907-85e3-3db1375ce6bb,100,Infinity,Gloria_8 Root,"(4.5, 0.0, -2.6)","(0.0, 0.6, 0.0, -0.8)",MINIMAL,walker,normal,normal,normal,upset,sittingGround,
TOOL_DISCARDED,447040,8/9/2023 12:40:31 PM,44458d4a-3cce-4907-85e3-3db1375ce6bb,Gauze,1003,"(4.6, 0.5, -2.8)",
TOOL_DISCARDED,447040,8/9/2023 12:40:31 PM,44458d4a-3cce-4907-85e3-3db1375ce6bb,Gauze,1004,"(4.6, 0.5, -2.8)",
PATIENT_ENGAGED,447882,8/9/2023 12:40:32 PM,44458d4a-3cce-4907-85e3-3db1375ce6bb,100,Infinity,Helga_10 Root,"(4.6, 0.0, -3.6)","(0.0, 0.3, 0.0, -1.0)",MINIMAL,walker,normal,normal,normal,calm,standing,
VOICE_CAPTURE,448236,8/9/2023 12:40:32 PM,44458d4a-3cce-4907-85e3-3db1375ce6bb,OK,NA,
PATIENT_ENGAGED,449682,8/9/2023 12:40:34 PM,44458d4a-3cce-4907-85e3-3db1375ce6bb,100,Infinity,Gloria_8 Root,"(4.5, 0.0, -2.6)","(0.0, 0.6, 0.0, -0.8)",MINIMAL,walker,normal,normal,normal,upset,sittingGround,
PATIENT_ENGAGED,451368,8/9/2023 12:40:35 PM,44458d4a-3cce-4907-85e3-3db1375ce6bb,100,Infinity,Helga_10 Root,"(4.6, 0.0, -3.6)","(0.0, 0.3, 0.0, -1.0)",MINIMAL,walker,normal,normal,normal,calm,standing,
PATIENT_ENGAGED,453494,8/9/2023 12:40:37 PM,44458d4a-3cce-4907-85e3-3db1375ce6bb,100,Infinity,Gloria_8 Root,"(4.5, 0.0, -2.6)","(0.0, 0.6, 0.0, -0.8)",MINIMAL,walker,normal,normal,normal,upset,sittingGround,
PULSE_TAKEN,455099,8/9/2023 12:40:39 PM,44458d4a-3cce-4907-85e3-3db1375ce6bb,pulse_normal,Gloria_8 Root,
VOICE_CAPTURE,456264,8/9/2023 12:40:40 PM,44458d4a-3cce-4907-85e3-3db1375ce6bb,do you have any problems breathing,NA,
PULSE_TAKEN,457382,8/9/2023 12:40:41 PM,44458d4a-3cce-4907-85e3-3db1375ce6bb,pulse_normal,Gloria_8 Root,
VOICE_CAPTURE,458212,8/9/2023 12:40:42 PM,44458d4a-3cce-4907-85e3-3db1375ce6bb,modbutton im okay,NA,
VOICE_COMMAND,458214,8/9/2023 12:40:42 PM,44458d4a-3cce-4907-85e3-3db1375ce6bb,modbutton im okay,modbutton im okay,
PATIENT_ENGAGED,460418,8/9/2023 12:40:44 PM,44458d4a-3cce-4907-85e3-3db1375ce6bb,100,Infinity,Helga_10 Root,"(4.7, 0.0, -3.6)","(0.0, 0.3, 0.0, -1.0)",MINIMAL,walker,normal,normal,normal,calm,standing,
TOOL_HOVER,462958,8/9/2023 12:40:47 PM,44458d4a-3cce-4907-85e3-3db1375ce6bb,Gauze,1005,
TOOL_HOVER,462974,8/9/2023 12:40:47 PM,44458d4a-3cce-4907-85e3-3db1375ce6bb,Gauze,1005,
TOOL_HOVER,462989,8/9/2023 12:40:47 PM,44458d4a-3cce-4907-85e3-3db1375ce6bb,Gauze,1005,
TOOL_HOVER,463005,8/9/2023 12:40:47 PM,44458d4a-3cce-4907-85e3-3db1375ce6bb,Gauze,1005,
TOOL_HOVER,463026,8/9/2023 12:40:47 PM,44458d4a-3cce-4907-85e3-3db1375ce6bb,Gauze,1005,
TOOL_HOVER,463042,8/9/2023 12:40:47 PM,44458d4a-3cce-4907-85e3-3db1375ce6bb,Gauze,1005,
TOOL_HOVER,463058,8/9/2023 12:40:47 PM,44458d4a-3cce-4907-85e3-3db1375ce6bb,Gauze,1005,
TOOL_HOVER,463074,8/9/2023 12:40:47 PM,44458d4a-3cce-4907-85e3-3db1375ce6bb,Gauze,1005,
TOOL_HOVER,463089,8/9/2023 12:40:47 PM,44458d4a-3cce-4907-85e3-3db1375ce6bb,Gauze,1005,
TOOL_HOVER,463151,8/9/2023 12:40:47 PM,44458d4a-3cce-4907-85e3-3db1375ce6bb,Gauze,1005,
TOOL_HOVER,463168,8/9/2023 12:40:47 PM,44458d4a-3cce-4907-85e3-3db1375ce6bb,Gauze,1005,
TOOL_HOVER,463190,8/9/2023 12:40:47 PM,44458d4a-3cce-4907-85e3-3db1375ce6bb,Gauze,1005,
TOOL_HOVER,463206,8/9/2023 12:40:47 PM,44458d4a-3cce-4907-85e3-3db1375ce6bb,Gauze,1005,
TOOL_HOVER,463223,8/9/2023 12:40:47 PM,44458d4a-3cce-4907-85e3-3db1375ce6bb,Gauze,1005,
TOOL_HOVER,463239,8/9/2023 12:40:47 PM,44458d4a-3cce-4907-85e3-3db1375ce6bb,Gauze,1005,
TOOL_HOVER,463255,8/9/2023 12:40:47 PM,44458d4a-3cce-4907-85e3-3db1375ce6bb,Gauze,1005,
TOOL_HOVER,463310,8/9/2023 12:40:47 PM,44458d4a-3cce-4907-85e3-3db1375ce6bb,Gauze,1005,
TOOL_HOVER,463326,8/9/2023 12:40:47 PM,44458d4a-3cce-4907-85e3-3db1375ce6bb,Gauze,1005,
TOOL_HOVER,463346,8/9/2023 12:40:47 PM,44458d4a-3cce-4907-85e3-3db1375ce6bb,Gauze,1005,
TOOL_HOVER,463365,8/9/2023 12:40:47 PM,44458d4a-3cce-4907-85e3-3db1375ce6bb,Gauze,1005,
TOOL_HOVER,463382,8/9/2023 12:40:47 PM,44458d4a-3cce-4907-85e3-3db1375ce6bb,Gauze,1005,
TOOL_HOVER,463398,8/9/2023 12:40:47 PM,44458d4a-3cce-4907-85e3-3db1375ce6bb,Gauze,1005,
TOOL_HOVER,463414,8/9/2023 12:40:47 PM,44458d4a-3cce-4907-85e3-3db1375ce6bb,Gauze,1005,
TOOL_HOVER,463429,8/9/2023 12:40:47 PM,44458d4a-3cce-4907-85e3-3db1375ce6bb,Gauze,1005,
TOOL_HOVER,463466,8/9/2023 12:40:47 PM,44458d4a-3cce-4907-85e3-3db1375ce6bb,Gauze,1005,
TOOL_HOVER,463487,8/9/2023 12:40:47 PM,44458d4a-3cce-4907-85e3-3db1375ce6bb,Gauze,1005,
TOOL_HOVER,463504,8/9/2023 12:40:47 PM,44458d4a-3cce-4907-85e3-3db1375ce6bb,Gauze,1005,
TOOL_HOVER,463520,8/9/2023 12:40:47 PM,44458d4a-3cce-4907-85e3-3db1375ce6bb,Gauze,1005,
TOOL_HOVER,463537,8/9/2023 12:40:47 PM,44458d4a-3cce-4907-85e3-3db1375ce6bb,Gauze,1005,
TOOL_HOVER,463553,8/9/2023 12:40:47 PM,44458d4a-3cce-4907-85e3-3db1375ce6bb,Gauze,1005,
TOOL_HOVER,463570,8/9/2023 12:40:47 PM,44458d4a-3cce-4907-85e3-3db1375ce6bb,Gauze,1005,
TOOL_HOVER,463587,8/9/2023 12:40:48 PM,44458d4a-3cce-4907-85e3-3db1375ce6bb,Gauze,1005,
TOOL_HOVER,463607,8/9/2023 12:40:48 PM,44458d4a-3cce-4907-85e3-3db1375ce6bb,Gauze,1005,
TOOL_HOVER,463624,8/9/2023 12:40:48 PM,44458d4a-3cce-4907-85e3-3db1375ce6bb,Gauze,1005,
TOOL_HOVER,463640,8/9/2023 12:40:48 PM,44458d4a-3cce-4907-85e3-3db1375ce6bb,Gauze,1005,
TOOL_HOVER,463657,8/9/2023 12:40:48 PM,44458d4a-3cce-4907-85e3-3db1375ce6bb,Gauze,1005,
TOOL_HOVER,463672,8/9/2023 12:40:48 PM,44458d4a-3cce-4907-85e3-3db1375ce6bb,Gauze,1005,
TOOL_HOVER,463689,8/9/2023 12:40:48 PM,44458d4a-3cce-4907-85e3-3db1375ce6bb,Gauze,1005,
TOOL_HOVER,463750,8/9/2023 12:40:48 PM,44458d4a-3cce-4907-85e3-3db1375ce6bb,Gauze,1005,
VOICE_CAPTURE,463771,8/9/2023 12:40:48 PM,44458d4a-3cce-4907-85e3-3db1375ce6bb,modbutton im okay,NA,
VOICE_COMMAND,463771,8/9/2023 12:40:48 PM,44458d4a-3cce-4907-85e3-3db1375ce6bb,modbutton im okay,modbutton im okay,
TOOL_HOVER,463771,8/9/2023 12:40:48 PM,44458d4a-3cce-4907-85e3-3db1375ce6bb,Gauze,1005,
TOOL_HOVER,463788,8/9/2023 12:40:48 PM,44458d4a-3cce-4907-85e3-3db1375ce6bb,Gauze,1005,
TOOL_HOVER,463806,8/9/2023 12:40:48 PM,44458d4a-3cce-4907-85e3-3db1375ce6bb,Gauze,1005,
TOOL_HOVER,463821,8/9/2023 12:40:48 PM,44458d4a-3cce-4907-85e3-3db1375ce6bb,Gauze,1005,
TOOL_HOVER,463835,8/9/2023 12:40:48 PM,44458d4a-3cce-4907-85e3-3db1375ce6bb,Gauze,1005,
TOOL_HOVER,463850,8/9/2023 12:40:48 PM,44458d4a-3cce-4907-85e3-3db1375ce6bb,Gauze,1005,
TOOL_HOVER,463911,8/9/2023 12:40:48 PM,44458d4a-3cce-4907-85e3-3db1375ce6bb,Gauze,1005,
TOOL_HOVER,463932,8/9/2023 12:40:48 PM,44458d4a-3cce-4907-85e3-3db1375ce6bb,Gauze,1005,
TOOL_HOVER,463949,8/9/2023 12:40:48 PM,44458d4a-3cce-4907-85e3-3db1375ce6bb,Gauze,1005,
TOOL_HOVER,463965,8/9/2023 12:40:48 PM,44458d4a-3cce-4907-85e3-3db1375ce6bb,Gauze,1005,
TOOL_HOVER,463979,8/9/2023 12:40:48 PM,44458d4a-3cce-4907-85e3-3db1375ce6bb,Gauze,1005,
TOOL_HOVER,463995,8/9/2023 12:40:48 PM,44458d4a-3cce-4907-85e3-3db1375ce6bb,Gauze,1005,
TOOL_HOVER,464010,8/9/2023 12:40:48 PM,44458d4a-3cce-4907-85e3-3db1375ce6bb,Gauze,1005,
TOOL_HOVER,464026,8/9/2023 12:40:48 PM,44458d4a-3cce-4907-85e3-3db1375ce6bb,Gauze,1005,
TOOL_HOVER,464085,8/9/2023 12:40:48 PM,44458d4a-3cce-4907-85e3-3db1375ce6bb,Gauze,1005,
TOOL_HOVER,464102,8/9/2023 12:40:48 PM,44458d4a-3cce-4907-85e3-3db1375ce6bb,Gauze,1005,
TOOL_HOVER,464119,8/9/2023 12:40:48 PM,44458d4a-3cce-4907-85e3-3db1375ce6bb,Gauze,1005,
TOOL_HOVER,464135,8/9/2023 12:40:48 PM,44458d4a-3cce-4907-85e3-3db1375ce6bb,Gauze,1005,
TOOL_HOVER,464151,8/9/2023 12:40:48 PM,44458d4a-3cce-4907-85e3-3db1375ce6bb,Gauze,1005,
TOOL_HOVER,464167,8/9/2023 12:40:48 PM,44458d4a-3cce-4907-85e3-3db1375ce6bb,Gauze,1005,
TOOL_HOVER,464183,8/9/2023 12:40:48 PM,44458d4a-3cce-4907-85e3-3db1375ce6bb,Gauze,1005,
TOOL_HOVER,464204,8/9/2023 12:40:48 PM,44458d4a-3cce-4907-85e3-3db1375ce6bb,Gauze,1005,
TOOL_HOVER,464221,8/9/2023 12:40:48 PM,44458d4a-3cce-4907-85e3-3db1375ce6bb,Gauze,1005,
TOOL_HOVER,464237,8/9/2023 12:40:48 PM,44458d4a-3cce-4907-85e3-3db1375ce6bb,Gauze,1005,
TOOL_HOVER,464252,8/9/2023 12:40:48 PM,44458d4a-3cce-4907-85e3-3db1375ce6bb,Gauze,1005,
TOOL_HOVER,464269,8/9/2023 12:40:48 PM,44458d4a-3cce-4907-85e3-3db1375ce6bb,Gauze,1005,
TOOL_HOVER,464285,8/9/2023 12:40:48 PM,44458d4a-3cce-4907-85e3-3db1375ce6bb,Gauze,1005,
TOOL_HOVER,464303,8/9/2023 12:40:48 PM,44458d4a-3cce-4907-85e3-3db1375ce6bb,Gauze,1005,
TOOL_HOVER,464323,8/9/2023 12:40:48 PM,44458d4a-3cce-4907-85e3-3db1375ce6bb,Gauze,1005,
VOICE_CAPTURE,465321,8/9/2023 12:40:49 PM,44458d4a-3cce-4907-85e3-3db1375ce6bb,OK are you hurting anywhere,NA,
VOICE_COMMAND,465321,8/9/2023 12:40:49 PM,44458d4a-3cce-4907-85e3-3db1375ce6bb,are you hurt,OK are you hurting anywhere,
PULSE_TAKEN,466001,8/9/2023 12:40:50 PM,44458d4a-3cce-4907-85e3-3db1375ce6bb,pulse_normal,Helga_10 Root,
VOICE_CAPTURE,467605,8/9/2023 12:40:52 PM,44458d4a-3cce-4907-85e3-3db1375ce6bb,you're OK,NA,
TAG_SELECTED,471672,8/9/2023 12:40:56 PM,44458d4a-3cce-4907-85e3-3db1375ce6bb,green,
VOICE_CAPTURE,473820,8/9/2023 12:40:58 PM,44458d4a-3cce-4907-85e3-3db1375ce6bb,green,NA,
TAG_APPLIED,474080,8/9/2023 12:40:58 PM,44458d4a-3cce-4907-85e3-3db1375ce6bb,Helga_10 Root,green,
TAG_SELECTED,476003,8/9/2023 12:41:00 PM,44458d4a-3cce-4907-85e3-3db1375ce6bb,green,
PATIENT_ENGAGED,477744,8/9/2023 12:41:02 PM,44458d4a-3cce-4907-85e3-3db1375ce6bb,100,Infinity,Gloria_8 Root,"(4.5, 0.0, -2.6)","(0.0, 0.6, 0.0, -0.8)",MINIMAL,walker,normal,normal,normal,upset,sittingGround,
VOICE_CAPTURE,478078,8/9/2023 12:41:02 PM,44458d4a-3cce-4907-85e3-3db1375ce6bb,here we go,NA,
TAG_APPLIED,478731,8/9/2023 12:41:03 PM,44458d4a-3cce-4907-85e3-3db1375ce6bb,Gloria_8 Root,green,
PATIENT_ENGAGED,479746,8/9/2023 12:41:04 PM,44458d4a-3cce-4907-85e3-3db1375ce6bb,100,Infinity,Helga_10 Root,"(4.7, 0.0, -3.6)","(0.0, 0.3, 0.0, -1.0)",MINIMAL,walker,normal,normal,normal,calm,standing,
VOICE_CAPTURE,482508,8/9/2023 12:41:06 PM,44458d4a-3cce-4907-85e3-3db1375ce6bb,OK,NA,
BAG_CLOSED,489869,8/9/2023 12:41:14 PM,44458d4a-3cce-4907-85e3-3db1375ce6bb,"(3.9, 0.7, -2.5)",
TELEPORT,489869,8/9/2023 12:41:14 PM,44458d4a-3cce-4907-85e3-3db1375ce6bb,"(2.8, 0.0, -2.0)",
VOICE_CAPTURE,490772,8/9/2023 12:41:15 PM,44458d4a-3cce-4907-85e3-3db1375ce6bb,Where is my,NA,
TELEPORT,502114,8/9/2023 12:41:26 PM,44458d4a-3cce-4907-85e3-3db1375ce6bb,"(-2.0, 0.0, 4.9)",
VOICE_CAPTURE,502252,8/9/2023 12:41:26 PM,44458d4a-3cce-4907-85e3-3db1375ce6bb,OK,NA,
VOICE_CAPTURE,506557,8/9/2023 12:41:30 PM,44458d4a-3cce-4907-85e3-3db1375ce6bb,did I do I did him already did I,NA,
VOICE_CAPTURE,509304,8/9/2023 12:41:33 PM,44458d4a-3cce-4907-85e3-3db1375ce6bb,yes I did,NA,
PATIENT_ENGAGED,513961,8/9/2023 12:41:38 PM,44458d4a-3cce-4907-85e3-3db1375ce6bb,100,Infinity,Gary_1 Root,"(1.6, 0.0, 7.6)","(0.0, 1.0, 0.0, 0.0)",EXPECTANT,still,none,restricted,none,unresponsive,supine,
VOICE_CAPTURE,521338,8/9/2023 12:41:45 PM,44458d4a-3cce-4907-85e3-3db1375ce6bb,Oh yeah OK I'm done,NA,
SESSION_END,521792,8/9/2023 12:41:46 PM,44458d4a-3cce-4907-85e3-3db1375ce6bb,
PATIENT_ENGAGED,530096,8/9/2023 12:41:54 PM,44458d4a-3cce-4907-85e3-3db1375ce6bb,100,Infinity,Gloria_8 Root,"(4.5, 0.0, -2.6)","(0.0, 0.6, 0.0, -0.8)",MINIMAL,walker,normal,normal,normal,upset,sittingGround,
