PATIENT_DEMOTED,5550,8/2/2023 12:48:44 PM,684d04c4-83c1-49b6-b798-ddd431438857,100,Infinity,Bob_0 Root,"(-1.4, 0.0, 5.6)","(0.0, 0.7, 0.0, 0.7)",EXPECTANT,still,faint,restricted,none,unresponsive,supine,
PATIENT_DEMOTED,5763,8/2/2023 12:48:45 PM,684d04c4-83c1-49b6-b798-ddd431438857,100,Infinity,Bob_0 Root,"(-1.5, 0.0, 5.6)","(0.0, 0.7, 0.0, 0.7)",DEAD,still,none,none,none,dead,supine,
PATIENT_DEMOTED,5878,8/2/2023 12:48:45 PM,684d04c4-83c1-49b6-b798-ddd431438857,100,Infinity,Gary_1 Root,"(1.7, 0.0, 7.4)","(0.0, 1.0, 0.0, 0.0)",EXPECTANT,still,faint,restricted,none,unresponsive,supine,
PATIENT_DEMOTED,6610,8/2/2023 12:48:45 PM,684d04c4-83c1-49b6-b798-ddd431438857,100,Infinity,Lily_2 Root,"(2.8, 0.0, 4.3)","(0.0, 1.0, 0.0, 0.0)",IMMEDIATE,waver,fast,fast,normal,agony,fetal,
PATIENT_DEMOTED,7271,8/2/2023 12:48:46 PM,684d04c4-83c1-49b6-b798-ddd431438857,100,0,Gary_3 Root,"(0.4, 0.0, 1.6)","(0.0, 0.0, 0.0, 1.0)",IMMEDIATE,still,faint,collapsedRight,normal,unresponsive,supine,
PATIENT_DEMOTED,7854,8/2/2023 12:48:47 PM,684d04c4-83c1-49b6-b798-ddd431438857,100,Infinity,Lily_4 Root,"(1.2, 0.0, 6.3)","(0.0, 1.0, 0.0, 0.0)",IMMEDIATE,waver,fast,normal,normal,upset,fetal,
VOICE_CAPTURE,8343,8/2/2023 12:48:47 PM,684d04c4-83c1-49b6-b798-ddd431438857,What is my scenario,NA,
PATIENT_DEMOTED,8698,8/2/2023 12:48:48 PM,684d04c4-83c1-49b6-b798-ddd431438857,100,Infinity,Mike_5 Root,"(2.4, 0.0, 2.3)","(0.0, 1.0, 0.0, 0.0)",IMMEDIATE,waver,fast,normal,normal,upset,fetal,
PATIENT_DEMOTED,9255,8/2/2023 12:48:48 PM,684d04c4-83c1-49b6-b798-ddd431438857,100,Infinity,Gloria_6 Root,"(-1.0, 0.0, 2.9)","(0.0, 0.4, 0.0, 0.9)",DELAYED,waver,fast,normal,normal,upset,fetal,
PATIENT_DEMOTED,9954,8/2/2023 12:48:49 PM,684d04c4-83c1-49b6-b798-ddd431438857,100,Infinity,Mike_7 Root,"(1.7, 0.0, 3.9)","(0.0, 0.1, 0.0, 1.0)",IMMEDIATE,waver,fast,normal,normal,upset,sittingGround,
PATIENT_DEMOTED,10331,8/2/2023 12:48:49 PM,684d04c4-83c1-49b6-b798-ddd431438857,100,Infinity,Mike_7 Root,"(1.0, 0.0, 3.7)","(0.0, 0.1, 0.0, 1.0)",DELAYED,waver,fast,normal,normal,upset,sittingGround,
VOICE_CAPTURE,11379,8/2/2023 12:48:50 PM,684d04c4-83c1-49b6-b798-ddd431438857,you are just,NA,
VOICE_CAPTURE,14253,8/2/2023 12:48:53 PM,684d04c4-83c1-49b6-b798-ddd431438857,the rapper,NA,
VOICE_CAPTURE,21333,8/2/2023 12:49:00 PM,684d04c4-83c1-49b6-b798-ddd431438857,explosion you see,NA,
VOICE_CAPTURE,23372,8/2/2023 12:49:02 PM,684d04c4-83c1-49b6-b798-ddd431438857,any personal seed right now,NA,
VOICE_CAPTURE,28884,8/2/2023 12:49:08 PM,684d04c4-83c1-49b6-b798-ddd431438857,but otherwise it's just you,NA,
VOICE_CAPTURE,35701,8/2/2023 12:49:15 PM,684d04c4-83c1-49b6-b798-ddd431438857,This is why skynet goes bonkers we keep blowing their people up,NA,
SESSION_START,38811,8/2/2023 12:49:18 PM,684d04c4-83c1-49b6-b798-ddd431438857,
PATIENT_RECORD,38811,8/2/2023 12:49:18 PM,684d04c4-83c1-49b6-b798-ddd431438857,100,Infinity,Bob_0 Root,"(-1.7, 0.0, 5.7)","(0.0, 0.7, 0.0, 0.7)",DEAD,still,none,none,none,dead,supine,
INJURY_RECORD,38811,8/2/2023 12:49:18 PM,684d04c4-83c1-49b6-b798-ddd431438857,Face Shrapnel,Bob_0 Root,airway,high,head,False,False,"(-1.8, 1.7, 5.6)",
INJURY_RECORD,38812,8/2/2023 12:49:18 PM,684d04c4-83c1-49b6-b798-ddd431438857,L Wrist Amputation,Bob_0 Root,tourniquet,high,leftArm,False,False,"(-1.8, 1.4, 6.3)",
INJURY_RECORD,38812,8/2/2023 12:49:18 PM,684d04c4-83c1-49b6-b798-ddd431438857,L Chest Collapse,Bob_0 Root,decompress,high,chest,False,False,"(0.0, 0.0, 0.0)",
INJURY_RECORD,38812,8/2/2023 12:49:18 PM,684d04c4-83c1-49b6-b798-ddd431438857,L Stomach Puncture,Bob_0 Root,woundpack,high,abdomen,False,False,"(-1.6, 1.1, 5.7)",
INJURY_RECORD,38812,8/2/2023 12:49:18 PM,684d04c4-83c1-49b6-b798-ddd431438857,R Shin Amputation,Bob_0 Root,tourniquet,high,rightLeg,False,False,"(-1.7, 0.4, 5.6)",
INJURY_RECORD,38812,8/2/2023 12:49:18 PM,684d04c4-83c1-49b6-b798-ddd431438857,L Thigh Laceration,Bob_0 Root,tourniquet,medium,leftLeg,False,False,"(-1.6, 0.7, 5.8)",
PATIENT_RECORD,38812,8/2/2023 12:49:18 PM,684d04c4-83c1-49b6-b798-ddd431438857,100,Infinity,Gary_1 Root,"(1.6, 0.0, 7.6)","(0.0, 1.0, 0.0, 0.0)",EXPECTANT,still,none,restricted,none,unresponsive,supine,
INJURY_RECORD,38812,8/2/2023 12:49:18 PM,684d04c4-83c1-49b6-b798-ddd431438857,Face Shrapnel,Gary_1 Root,airway,high,head,False,False,"(1.6, 1.7, 7.7)",
PATIENT_RECORD,38812,8/2/2023 12:49:18 PM,684d04c4-83c1-49b6-b798-ddd431438857,100,Infinity,Lily_2 Root,"(3.0, 0.0, 4.5)","(0.0, 1.0, 0.0, 0.0)",IMMEDIATE,waver,fast,fast,normal,agony,fetal,
INJURY_RECORD,38812,8/2/2023 12:49:18 PM,684d04c4-83c1-49b6-b798-ddd431438857,R Shin Amputation,Lily_2 Root,tourniquet,high,rightLeg,False,False,"(2.9, 0.4, 4.5)",
PATIENT_RECORD,38812,8/2/2023 12:49:18 PM,684d04c4-83c1-49b6-b798-ddd431438857,100,0,Gary_3 Root,"(0.4, 0.0, 1.7)","(0.0, 0.0, 0.0, 1.0)",IMMEDIATE,still,faint,collapsedRight,normal,unresponsive,supine,
INJURY_RECORD,38812,8/2/2023 12:49:18 PM,684d04c4-83c1-49b6-b798-ddd431438857,R Chest Collapse,Gary_3 Root,decompress,high,chest,False,False,"(0.0, 0.0, 0.0)",
PATIENT_RECORD,38812,8/2/2023 12:49:18 PM,684d04c4-83c1-49b6-b798-ddd431438857,100,Infinity,Lily_4 Root,"(1.2, 0.0, 6.2)","(0.0, 1.0, 0.0, 0.0)",IMMEDIATE,waver,fast,normal,normal,upset,fetal,
INJURY_RECORD,38812,8/2/2023 12:49:18 PM,684d04c4-83c1-49b6-b798-ddd431438857,L Side Puncture,Lily_4 Root,woundpack,medium,abdomen,False,False,"(1.3, 1.0, 6.2)",
PATIENT_RECORD,38812,8/2/2023 12:49:18 PM,684d04c4-83c1-49b6-b798-ddd431438857,100,Infinity,Mike_5 Root,"(2.7, 0.0, 2.3)","(0.0, 1.0, 0.0, 0.0)",IMMEDIATE,waver,fast,normal,normal,upset,fetal,
INJURY_RECORD,38812,8/2/2023 12:49:18 PM,684d04c4-83c1-49b6-b798-ddd431438857,R Side Puncture,Mike_5 Root,woundpack,medium,abdomen,False,False,"(2.6, 1.1, 2.2)",
INJURY_RECORD,38812,8/2/2023 12:49:18 PM,684d04c4-83c1-49b6-b798-ddd431438857,R Thigh Laceration,Mike_5 Root,tourniquet,medium,rightLeg,False,False,"(2.5, 0.6, 2.2)",
PATIENT_RECORD,38812,8/2/2023 12:49:18 PM,684d04c4-83c1-49b6-b798-ddd431438857,100,Infinity,Gloria_6 Root,"(-1.2, 0.0, 3.1)","(0.0, 0.4, 0.0, 0.9)",DELAYED,waver,fast,normal,normal,upset,fetal,
INJURY_RECORD,38812,8/2/2023 12:49:18 PM,684d04c4-83c1-49b6-b798-ddd431438857,R Calf Shrapnel,Gloria_6 Root,gauzePressure,medium,rightLeg,False,False,"(-1.1, 0.3, 3.0)",
PATIENT_RECORD,38812,8/2/2023 12:49:18 PM,684d04c4-83c1-49b6-b798-ddd431438857,100,Infinity,Mike_7 Root,"(1.3, 0.0, 3.4)","(0.0, 0.1, 0.0, 1.0)",DELAYED,waver,fast,normal,normal,upset,sittingGround,
INJURY_RECORD,38812,8/2/2023 12:49:18 PM,684d04c4-83c1-49b6-b798-ddd431438857,L Thigh Puncture,Mike_7 Root,tourniquet,medium,leftLeg,False,False,"(1.3, 0.6, 3.5)",
INJURY_RECORD,38812,8/2/2023 12:49:18 PM,684d04c4-83c1-49b6-b798-ddd431438857,R Calf Laceration,Mike_7 Root,gauzePressure,low,rightLeg,False,False,"(1.4, 0.3, 3.4)",
PATIENT_RECORD,38812,8/2/2023 12:49:18 PM,684d04c4-83c1-49b6-b798-ddd431438857,100,Infinity,Gloria_8 Root,"(3.7, 0.0, 6.0)","(0.0, 1.0, 0.0, 0.0)",MINIMAL,walker,normal,normal,normal,upset,sittingGround,
INJURY_RECORD,38812,8/2/2023 12:49:18 PM,684d04c4-83c1-49b6-b798-ddd431438857,L Forearm Laceration,Gloria_8 Root,gauzePressure,low,leftArm,False,False,"(4.2, 1.2, 6.0)",
PATIENT_RECORD,38812,8/2/2023 12:49:18 PM,684d04c4-83c1-49b6-b798-ddd431438857,100,0,Gary_9 Root,"(2.9, 0.0, 9.0)","(0.0, 1.0, 0.0, 0.0)",MINIMAL,walker,normal,normal,limited,calm,standing,
INJURY_RECORD,38812,8/2/2023 12:49:18 PM,684d04c4-83c1-49b6-b798-ddd431438857,Ear Bleed,Gary_9 Root,none,low,head,False,False,"(0.0, 0.0, 0.0)",
PATIENT_RECORD,38812,8/2/2023 12:49:18 PM,684d04c4-83c1-49b6-b798-ddd431438857,100,Infinity,Helga_10 Root,"(3.9, 0.0, 8.0)","(0.0, 1.0, 0.0, 0.0)",MINIMAL,walker,normal,normal,normal,calm,sittingGround,
INJURY_RECORD,38812,8/2/2023 12:49:18 PM,684d04c4-83c1-49b6-b798-ddd431438857,Forehead Scrape,Helga_10 Root,none,low,head,False,False,"(4.0, 1.6, 8.0)",
VOICE_CAPTURE,41778,8/2/2023 12:49:21 PM,684d04c4-83c1-49b6-b798-ddd431438857,ready as I'm gonna be,NA,
VOICE_CAPTURE,43697,8/2/2023 12:49:23 PM,684d04c4-83c1-49b6-b798-ddd431438857,OK,NA,
VOICE_CAPTURE,48663,8/2/2023 12:49:27 PM,684d04c4-83c1-49b6-b798-ddd431438857,alright if anybody can walk please come over this way,NA,
VOICE_COMMAND,48664,8/2/2023 12:49:27 PM,684d04c4-83c1-49b6-b798-ddd431438857,walk to the safe area,alright if anybody can walk please come over this way,
S_A_L_T_WALK_IF_CAN,48667,8/2/2023 12:49:27 PM,684d04c4-83c1-49b6-b798-ddd431438857,"(3.0, 0.0, 4.5)",walkIfCan,Lily_2 Root,
S_A_L_T_WALK_IF_CAN,48668,8/2/2023 12:49:27 PM,684d04c4-83c1-49b6-b798-ddd431438857,"(1.2, 0.0, 6.2)",walkIfCan,Lily_4 Root,
S_A_L_T_WALK_IF_CAN,48668,8/2/2023 12:49:27 PM,684d04c4-83c1-49b6-b798-ddd431438857,"(2.7, 0.0, 2.3)",walkIfCan,Mike_5 Root,
S_A_L_T_WALK_IF_CAN,48668,8/2/2023 12:49:27 PM,684d04c4-83c1-49b6-b798-ddd431438857,"(-1.2, 0.0, 3.1)",walkIfCan,Gloria_6 Root,
S_A_L_T_WALK_IF_CAN,48668,8/2/2023 12:49:27 PM,684d04c4-83c1-49b6-b798-ddd431438857,"(1.3, 0.0, 3.4)",walkIfCan,Mike_7 Root,
S_A_L_T_WALK_IF_CAN,48668,8/2/2023 12:49:27 PM,684d04c4-83c1-49b6-b798-ddd431438857,"(3.7, 0.0, 6.0)",walkIfCan,Gloria_8 Root,
S_A_L_T_WALKED,48668,8/2/2023 12:49:27 PM,684d04c4-83c1-49b6-b798-ddd431438857,"(3.7, 0.0, 6.0)",walked,Gloria_8 Root,
S_A_L_T_WALK_IF_CAN,48668,8/2/2023 12:49:27 PM,684d04c4-83c1-49b6-b798-ddd431438857,"(3.9, 0.0, 8.0)",walkIfCan,Helga_10 Root,
S_A_L_T_WALKED,48668,8/2/2023 12:49:27 PM,684d04c4-83c1-49b6-b798-ddd431438857,"(3.9, 0.0, 8.0)",walked,Helga_10 Root,
VOICE_CAPTURE,51373,8/2/2023 12:49:30 PM,684d04c4-83c1-49b6-b798-ddd431438857,can you get up and walk,NA,
VOICE_COMMAND,51373,8/2/2023 12:49:30 PM,684d04c4-83c1-49b6-b798-ddd431438857,walk to the safe area,can you get up and walk,
VOICE_COMMAND,51373,8/2/2023 12:49:30 PM,684d04c4-83c1-49b6-b798-ddd431438857,stand up,can you get up and walk,
VOICE_CAPTURE,57782,8/2/2023 12:49:37 PM,684d04c4-83c1-49b6-b798-ddd431438857,anybody that can wave your arm please do so,NA,
VOICE_COMMAND,57782,8/2/2023 12:49:37 PM,684d04c4-83c1-49b6-b798-ddd431438857,wave if you can,anybody that can wave your arm please do so,
S_A_L_T_WAVE_IF_CAN,57784,8/2/2023 12:49:37 PM,684d04c4-83c1-49b6-b798-ddd431438857,"(3.0, 0.0, 4.5)",waveIfCan,Lily_2 Root,
S_A_L_T_WAVED,57784,8/2/2023 12:49:37 PM,684d04c4-83c1-49b6-b798-ddd431438857,"(3.0, 0.0, 4.5)",waved,Lily_2 Root,
S_A_L_T_WAVE_IF_CAN,57784,8/2/2023 12:49:37 PM,684d04c4-83c1-49b6-b798-ddd431438857,"(1.2, 0.0, 6.2)",waveIfCan,Lily_4 Root,
S_A_L_T_WAVED,57784,8/2/2023 12:49:37 PM,684d04c4-83c1-49b6-b798-ddd431438857,"(1.2, 0.0, 6.2)",waved,Lily_4 Root,
S_A_L_T_WAVE_IF_CAN,57784,8/2/2023 12:49:37 PM,684d04c4-83c1-49b6-b798-ddd431438857,"(2.7, 0.0, 2.3)",waveIfCan,Mike_5 Root,
S_A_L_T_WAVED,57784,8/2/2023 12:49:37 PM,684d04c4-83c1-49b6-b798-ddd431438857,"(2.7, 0.0, 2.3)",waved,Mike_5 Root,
S_A_L_T_WAVE_IF_CAN,57784,8/2/2023 12:49:37 PM,684d04c4-83c1-49b6-b798-ddd431438857,"(-1.2, 0.0, 3.1)",waveIfCan,Gloria_6 Root,
S_A_L_T_WAVED,57784,8/2/2023 12:49:37 PM,684d04c4-83c1-49b6-b798-ddd431438857,"(-1.2, 0.0, 3.1)",waved,Gloria_6 Root,
S_A_L_T_WAVE_IF_CAN,57784,8/2/2023 12:49:37 PM,684d04c4-83c1-49b6-b798-ddd431438857,"(1.3, 0.0, 3.4)",waveIfCan,Mike_7 Root,
S_A_L_T_WAVED,57784,8/2/2023 12:49:37 PM,684d04c4-83c1-49b6-b798-ddd431438857,"(1.3, 0.0, 3.4)",waved,Mike_7 Root,
S_A_L_T_WAVE_IF_CAN,57784,8/2/2023 12:49:37 PM,684d04c4-83c1-49b6-b798-ddd431438857,"(4.4, 0.0, -1.3)",waveIfCan,Gloria_8 Root,
S_A_L_T_WAVE_IF_CAN,57784,8/2/2023 12:49:37 PM,684d04c4-83c1-49b6-b798-ddd431438857,"(2.0, 0.0, 0.5)",waveIfCan,Helga_10 Root,
S_A_L_T_WALK_IF_CAN,57800,8/2/2023 12:49:37 PM,684d04c4-83c1-49b6-b798-ddd431438857,"(4.4, 0.0, -1.3)",walkIfCan,Gloria_8 Root,
S_A_L_T_WALKED,57800,8/2/2023 12:49:37 PM,684d04c4-83c1-49b6-b798-ddd431438857,"(4.4, 0.0, -1.3)",walked,Gloria_8 Root,
S_A_L_T_WALK_IF_CAN,57800,8/2/2023 12:49:37 PM,684d04c4-83c1-49b6-b798-ddd431438857,"(2.0, 0.0, 0.5)",walkIfCan,Helga_10 Root,
S_A_L_T_WALKED,57800,8/2/2023 12:49:37 PM,684d04c4-83c1-49b6-b798-ddd431438857,"(2.0, 0.0, 0.5)",walked,Helga_10 Root,
TELEPORT,62383,8/2/2023 12:49:41 PM,684d04c4-83c1-49b6-b798-ddd431438857,"(0.8, 0.0, -2.3)",
TELEPORT,63028,8/2/2023 12:49:42 PM,684d04c4-83c1-49b6-b798-ddd431438857,"(0.5, 0.0, 0.9)",
VOICE_CAPTURE,64811,8/2/2023 12:49:44 PM,684d04c4-83c1-49b6-b798-ddd431438857,OK people are waving their arms,NA,
PATIENT_ENGAGED,65178,8/2/2023 12:49:44 PM,684d04c4-83c1-49b6-b798-ddd431438857,100,Infinity,Mike_7 Root,"(1.3, 0.0, 3.4)","(0.0, 0.1, 0.0, 1.0)",DELAYED,waver,fast,normal,normal,upset,sittingGround,
VOICE_CAPTURE,71381,8/2/2023 12:49:50 PM,684d04c4-83c1-49b6-b798-ddd431438857,oh there you are OK so stop here at this first guy,NA,
BAG_ACCESS,79188,8/2/2023 12:49:58 PM,684d04c4-83c1-49b6-b798-ddd431438857,"(0.4, 0.7, 3.1)",
VOICE_CAPTURE,80665,8/2/2023 12:49:59 PM,684d04c4-83c1-49b6-b798-ddd431438857,oops you're kinda injured here,NA,
VOICE_COMMAND,80665,8/2/2023 12:49:59 PM,684d04c4-83c1-49b6-b798-ddd431438857,are you hurt,oops you're kinda injured here,
TOOL_HOVER,81972,8/2/2023 12:50:01 PM,684d04c4-83c1-49b6-b798-ddd431438857,Gauze,999,
TOOL_HOVER,81990,8/2/2023 12:50:01 PM,684d04c4-83c1-49b6-b798-ddd431438857,Gauze,999,
TOOL_HOVER,82007,8/2/2023 12:50:01 PM,684d04c4-83c1-49b6-b798-ddd431438857,Gauze,999,
TOOL_HOVER,82027,8/2/2023 12:50:01 PM,684d04c4-83c1-49b6-b798-ddd431438857,Gauze,999,
TOOL_HOVER,82046,8/2/2023 12:50:01 PM,684d04c4-83c1-49b6-b798-ddd431438857,Gauze,999,
TOOL_HOVER,82066,8/2/2023 12:50:01 PM,684d04c4-83c1-49b6-b798-ddd431438857,Gauze,999,
TOOL_HOVER,82084,8/2/2023 12:50:01 PM,684d04c4-83c1-49b6-b798-ddd431438857,Gauze,999,
TOOL_HOVER,82102,8/2/2023 12:50:01 PM,684d04c4-83c1-49b6-b798-ddd431438857,Gauze,999,
TOOL_HOVER,82120,8/2/2023 12:50:01 PM,684d04c4-83c1-49b6-b798-ddd431438857,Gauze,999,
TOOL_HOVER,82138,8/2/2023 12:50:01 PM,684d04c4-83c1-49b6-b798-ddd431438857,Gauze,999,
TOOL_HOVER,82155,8/2/2023 12:50:01 PM,684d04c4-83c1-49b6-b798-ddd431438857,Gauze,999,
TOOL_HOVER,82174,8/2/2023 12:50:01 PM,684d04c4-83c1-49b6-b798-ddd431438857,Tourniquet,999,
TOOL_HOVER,82191,8/2/2023 12:50:01 PM,684d04c4-83c1-49b6-b798-ddd431438857,Tourniquet,999,
TOOL_HOVER,82210,8/2/2023 12:50:01 PM,684d04c4-83c1-49b6-b798-ddd431438857,Tourniquet,999,
TOOL_HOVER,82232,8/2/2023 12:50:01 PM,684d04c4-83c1-49b6-b798-ddd431438857,Tourniquet,999,
TOOL_HOVER,82249,8/2/2023 12:50:01 PM,684d04c4-83c1-49b6-b798-ddd431438857,Tourniquet,999,
TOOL_HOVER,82265,8/2/2023 12:50:01 PM,684d04c4-83c1-49b6-b798-ddd431438857,Tourniquet,999,
TOOL_HOVER,82281,8/2/2023 12:50:01 PM,684d04c4-83c1-49b6-b798-ddd431438857,Tourniquet,999,
TOOL_HOVER,82298,8/2/2023 12:50:01 PM,684d04c4-83c1-49b6-b798-ddd431438857,Tourniquet,999,
TOOL_HOVER,82315,8/2/2023 12:50:01 PM,684d04c4-83c1-49b6-b798-ddd431438857,Tourniquet,999,
TOOL_HOVER,82333,8/2/2023 12:50:01 PM,684d04c4-83c1-49b6-b798-ddd431438857,Tourniquet,999,
TOOL_HOVER,82348,8/2/2023 12:50:01 PM,684d04c4-83c1-49b6-b798-ddd431438857,Tourniquet,999,
TOOL_HOVER,82365,8/2/2023 12:50:01 PM,684d04c4-83c1-49b6-b798-ddd431438857,Tourniquet,999,
TOOL_HOVER,82381,8/2/2023 12:50:01 PM,684d04c4-83c1-49b6-b798-ddd431438857,Tourniquet,999,
TOOL_HOVER,82398,8/2/2023 12:50:01 PM,684d04c4-83c1-49b6-b798-ddd431438857,Tourniquet,999,
TOOL_HOVER,82415,8/2/2023 12:50:01 PM,684d04c4-83c1-49b6-b798-ddd431438857,Tourniquet,999,
TOOL_HOVER,82432,8/2/2023 12:50:01 PM,684d04c4-83c1-49b6-b798-ddd431438857,Tourniquet,999,
TOOL_HOVER,82450,8/2/2023 12:50:01 PM,684d04c4-83c1-49b6-b798-ddd431438857,Tourniquet,999,
TOOL_HOVER,82466,8/2/2023 12:50:01 PM,684d04c4-83c1-49b6-b798-ddd431438857,Tourniquet,999,
TOOL_HOVER,82482,8/2/2023 12:50:01 PM,684d04c4-83c1-49b6-b798-ddd431438857,Tourniquet,999,
TOOL_HOVER,82499,8/2/2023 12:50:01 PM,684d04c4-83c1-49b6-b798-ddd431438857,Tourniquet,999,
TOOL_SELECTED,82503,8/2/2023 12:50:01 PM,684d04c4-83c1-49b6-b798-ddd431438857,Tourniquet,998,
VOICE_CAPTURE,85132,8/2/2023 12:50:04 PM,684d04c4-83c1-49b6-b798-ddd431438857,where's the oh there it is,NA,
TOOL_DISCARDED,88781,8/2/2023 12:50:08 PM,684d04c4-83c1-49b6-b798-ddd431438857,Tourniquet,998,"(0.8, 0.1, 3.4)",
TOOL_HOVER,91969,8/2/2023 12:50:11 PM,684d04c4-83c1-49b6-b798-ddd431438857,Gauze,999,
TOOL_HOVER,91986,8/2/2023 12:50:11 PM,684d04c4-83c1-49b6-b798-ddd431438857,Gauze,999,
TOOL_HOVER,92005,8/2/2023 12:50:11 PM,684d04c4-83c1-49b6-b798-ddd431438857,Gauze,999,
TOOL_HOVER,92023,8/2/2023 12:50:11 PM,684d04c4-83c1-49b6-b798-ddd431438857,Gauze,999,
TOOL_HOVER,92043,8/2/2023 12:50:11 PM,684d04c4-83c1-49b6-b798-ddd431438857,Gauze,999,
TOOL_HOVER,92062,8/2/2023 12:50:11 PM,684d04c4-83c1-49b6-b798-ddd431438857,Gauze,999,
TOOL_HOVER,92080,8/2/2023 12:50:11 PM,684d04c4-83c1-49b6-b798-ddd431438857,Gauze,999,
TOOL_HOVER,92098,8/2/2023 12:50:11 PM,684d04c4-83c1-49b6-b798-ddd431438857,Gauze,999,
TOOL_HOVER,92115,8/2/2023 12:50:11 PM,684d04c4-83c1-49b6-b798-ddd431438857,Gauze,999,
TOOL_HOVER,92133,8/2/2023 12:50:11 PM,684d04c4-83c1-49b6-b798-ddd431438857,Gauze,999,
TOOL_HOVER,92150,8/2/2023 12:50:11 PM,684d04c4-83c1-49b6-b798-ddd431438857,Gauze,999,
TOOL_HOVER,92166,8/2/2023 12:50:11 PM,684d04c4-83c1-49b6-b798-ddd431438857,Gauze,999,
TOOL_HOVER,92182,8/2/2023 12:50:11 PM,684d04c4-83c1-49b6-b798-ddd431438857,Gauze,999,
TOOL_HOVER,92200,8/2/2023 12:50:11 PM,684d04c4-83c1-49b6-b798-ddd431438857,Gauze,999,
TOOL_HOVER,92216,8/2/2023 12:50:11 PM,684d04c4-83c1-49b6-b798-ddd431438857,Gauze,999,
TOOL_HOVER,92233,8/2/2023 12:50:11 PM,684d04c4-83c1-49b6-b798-ddd431438857,Gauze,999,
TOOL_HOVER,92250,8/2/2023 12:50:11 PM,684d04c4-83c1-49b6-b798-ddd431438857,Gauze,999,
TOOL_HOVER,92266,8/2/2023 12:50:11 PM,684d04c4-83c1-49b6-b798-ddd431438857,Tourniquet,999,
TOOL_SELECTED,92267,8/2/2023 12:50:11 PM,684d04c4-83c1-49b6-b798-ddd431438857,Tourniquet,998,
VOICE_CAPTURE,93299,8/2/2023 12:50:12 PM,684d04c4-83c1-49b6-b798-ddd431438857,oh come on man,NA,
INJURY_TREATED,96276,8/2/2023 12:50:15 PM,684d04c4-83c1-49b6-b798-ddd431438857,L Thigh Puncture,Mike_7 Root,tourniquet,medium,leftLeg,True,False,"(0.7, 0.1, 3.5)",
TOOL_APPLIED,96276,8/2/2023 12:50:15 PM,684d04c4-83c1-49b6-b798-ddd431438857,Mike_7 Root,Tourniquet,LeftUpLeg (UnityEngine.GameObject),tor_ring (1) (UnityEngine.GameObject),tourniquet(Clone) (UnityEngine.GameObject),AppliedTourniquet,
VOICE_CAPTURE,100974,8/2/2023 12:50:20 PM,684d04c4-83c1-49b6-b798-ddd431438857,OK,NA,
VOICE_CAPTURE,110414,8/2/2023 12:50:29 PM,684d04c4-83c1-49b6-b798-ddd431438857,OK he looks like he's breathing well he's conscious he can wave his arm the bleeding is controlled,NA,
VOICE_COMMAND,110414,8/2/2023 12:50:29 PM,684d04c4-83c1-49b6-b798-ddd431438857,wave if you can,OK he looks like he's breathing well he's conscious he can wave his arm the bleeding is controlled,
S_A_L_T_WAVE_IF_CAN,110415,8/2/2023 12:50:29 PM,684d04c4-83c1-49b6-b798-ddd431438857,"(3.0, 0.0, 4.5)",waveIfCan,Lily_2 Root,
S_A_L_T_WAVED,110415,8/2/2023 12:50:29 PM,684d04c4-83c1-49b6-b798-ddd431438857,"(3.0, 0.0, 4.5)",waved,Lily_2 Root,
S_A_L_T_WAVE_IF_CAN,110415,8/2/2023 12:50:29 PM,684d04c4-83c1-49b6-b798-ddd431438857,"(1.2, 0.0, 6.2)",waveIfCan,Lily_4 Root,
S_A_L_T_WAVED,110415,8/2/2023 12:50:29 PM,684d04c4-83c1-49b6-b798-ddd431438857,"(1.2, 0.0, 6.2)",waved,Lily_4 Root,
S_A_L_T_WAVE_IF_CAN,110415,8/2/2023 12:50:29 PM,684d04c4-83c1-49b6-b798-ddd431438857,"(2.7, 0.0, 2.3)",waveIfCan,Mike_5 Root,
S_A_L_T_WAVED,110415,8/2/2023 12:50:29 PM,684d04c4-83c1-49b6-b798-ddd431438857,"(2.7, 0.0, 2.3)",waved,Mike_5 Root,
S_A_L_T_WAVE_IF_CAN,110415,8/2/2023 12:50:29 PM,684d04c4-83c1-49b6-b798-ddd431438857,"(-1.2, 0.0, 3.1)",waveIfCan,Gloria_6 Root,
S_A_L_T_WAVED,110415,8/2/2023 12:50:29 PM,684d04c4-83c1-49b6-b798-ddd431438857,"(-1.2, 0.0, 3.1)",waved,Gloria_6 Root,
S_A_L_T_WAVE_IF_CAN,110415,8/2/2023 12:50:29 PM,684d04c4-83c1-49b6-b798-ddd431438857,"(1.3, 0.0, 3.4)",waveIfCan,Mike_7 Root,
S_A_L_T_WAVED,110415,8/2/2023 12:50:29 PM,684d04c4-83c1-49b6-b798-ddd431438857,"(1.3, 0.0, 3.4)",waved,Mike_7 Root,
S_A_L_T_WAVE_IF_CAN,110415,8/2/2023 12:50:29 PM,684d04c4-83c1-49b6-b798-ddd431438857,"(4.4, 0.0, -4.4)",waveIfCan,Gloria_8 Root,
S_A_L_T_WAVED,110415,8/2/2023 12:50:29 PM,684d04c4-83c1-49b6-b798-ddd431438857,"(4.4, 0.0, -4.4)",waved,Gloria_8 Root,
S_A_L_T_WAVE_IF_CAN,110415,8/2/2023 12:50:29 PM,684d04c4-83c1-49b6-b798-ddd431438857,"(1.7, 0.0, -3.3)",waveIfCan,Helga_10 Root,
S_A_L_T_WAVED,110415,8/2/2023 12:50:29 PM,684d04c4-83c1-49b6-b798-ddd431438857,"(1.7, 0.0, -3.3)",waved,Helga_10 Root,
BAG_CLOSED,112135,8/2/2023 12:50:31 PM,684d04c4-83c1-49b6-b798-ddd431438857,"(0.4, 0.7, 3.1)",
TELEPORT,112135,8/2/2023 12:50:31 PM,684d04c4-83c1-49b6-b798-ddd431438857,"(0.8, 0.0, 2.3)",
VOICE_CAPTURE,113136,8/2/2023 12:50:32 PM,684d04c4-83c1-49b6-b798-ddd431438857,the turn around and,NA,
TELEPORT,114758,8/2/2023 12:50:34 PM,684d04c4-83c1-49b6-b798-ddd431438857,"(0.8, 0.0, 2.3)",
VOICE_CAPTURE,115943,8/2/2023 12:50:35 PM,684d04c4-83c1-49b6-b798-ddd431438857,see this lady here,NA,
PATIENT_ENGAGED,120990,8/2/2023 12:50:40 PM,684d04c4-83c1-49b6-b798-ddd431438857,100,Infinity,Gloria_6 Root,"(-1.2, 0.0, 3.1)","(0.0, 0.4, 0.0, 0.9)",DELAYED,waver,fast,normal,normal,upset,fetal,
VOICE_CAPTURE,122091,8/2/2023 12:50:41 PM,684d04c4-83c1-49b6-b798-ddd431438857,OK,NA,
VOICE_CAPTURE,126270,8/2/2023 12:50:45 PM,684d04c4-83c1-49b6-b798-ddd431438857,Oh you've got an impaled object,NA,
VOICE_CAPTURE,130261,8/2/2023 12:50:49 PM,684d04c4-83c1-49b6-b798-ddd431438857,OK can you remember what happened,NA,
VOICE_CAPTURE,132500,8/2/2023 12:50:51 PM,684d04c4-83c1-49b6-b798-ddd431438857,can she talk to me,NA,
VOICE_CAPTURE,135857,8/2/2023 12:50:55 PM,684d04c4-83c1-49b6-b798-ddd431438857,OK,NA,
BAG_ACCESS,136360,8/2/2023 12:50:55 PM,684d04c4-83c1-49b6-b798-ddd431438857,"(-1.4, 0.7, 3.7)",
VOICE_CAPTURE,138413,8/2/2023 12:50:57 PM,684d04c4-83c1-49b6-b798-ddd431438857,well,NA,
TOOL_HOVER,141556,8/2/2023 12:51:00 PM,684d04c4-83c1-49b6-b798-ddd431438857,Hemostatic Gauze,999,
TOOL_HOVER,141573,8/2/2023 12:51:00 PM,684d04c4-83c1-49b6-b798-ddd431438857,Hemostatic Gauze,999,
TOOL_HOVER,141589,8/2/2023 12:51:00 PM,684d04c4-83c1-49b6-b798-ddd431438857,Hemostatic Gauze,999,
TOOL_HOVER,141607,8/2/2023 12:51:00 PM,684d04c4-83c1-49b6-b798-ddd431438857,Hemostatic Gauze,999,
TOOL_HOVER,141623,8/2/2023 12:51:00 PM,684d04c4-83c1-49b6-b798-ddd431438857,Hemostatic Gauze,999,
TOOL_HOVER,141640,8/2/2023 12:51:00 PM,684d04c4-83c1-49b6-b798-ddd431438857,Hemostatic Gauze,999,
TOOL_HOVER,141656,8/2/2023 12:51:00 PM,684d04c4-83c1-49b6-b798-ddd431438857,Hemostatic Gauze,999,
TOOL_HOVER,141673,8/2/2023 12:51:00 PM,684d04c4-83c1-49b6-b798-ddd431438857,Hemostatic Gauze,999,
TOOL_HOVER,141689,8/2/2023 12:51:00 PM,684d04c4-83c1-49b6-b798-ddd431438857,Hemostatic Gauze,999,
TOOL_HOVER,141706,8/2/2023 12:51:01 PM,684d04c4-83c1-49b6-b798-ddd431438857,Hemostatic Gauze,999,
TOOL_HOVER,141723,8/2/2023 12:51:01 PM,684d04c4-83c1-49b6-b798-ddd431438857,Hemostatic Gauze,999,
TOOL_HOVER,141740,8/2/2023 12:51:01 PM,684d04c4-83c1-49b6-b798-ddd431438857,Hemostatic Gauze,999,
TOOL_HOVER,141756,8/2/2023 12:51:01 PM,684d04c4-83c1-49b6-b798-ddd431438857,Hemostatic Gauze,999,
TOOL_HOVER,141773,8/2/2023 12:51:01 PM,684d04c4-83c1-49b6-b798-ddd431438857,Hemostatic Gauze,999,
TOOL_HOVER,141790,8/2/2023 12:51:01 PM,684d04c4-83c1-49b6-b798-ddd431438857,Hemostatic Gauze,999,
TOOL_HOVER,141806,8/2/2023 12:51:01 PM,684d04c4-83c1-49b6-b798-ddd431438857,Hemostatic Gauze,999,
TOOL_HOVER,141823,8/2/2023 12:51:01 PM,684d04c4-83c1-49b6-b798-ddd431438857,Hemostatic Gauze,999,
TOOL_HOVER,141840,8/2/2023 12:51:01 PM,684d04c4-83c1-49b6-b798-ddd431438857,Hemostatic Gauze,999,
VOICE_CAPTURE,142424,8/2/2023 12:51:01 PM,684d04c4-83c1-49b6-b798-ddd431438857,it doesn't seem to be a lot of bleeding,NA,
TOOL_HOVER,142459,8/2/2023 12:51:01 PM,684d04c4-83c1-49b6-b798-ddd431438857,Hemostatic Gauze,999,
TOOL_HOVER,142475,8/2/2023 12:51:01 PM,684d04c4-83c1-49b6-b798-ddd431438857,Hemostatic Gauze,999,
TOOL_HOVER,142491,8/2/2023 12:51:01 PM,684d04c4-83c1-49b6-b798-ddd431438857,Hemostatic Gauze,999,
TOOL_HOVER,142509,8/2/2023 12:51:01 PM,684d04c4-83c1-49b6-b798-ddd431438857,Hemostatic Gauze,999,
TOOL_HOVER,142526,8/2/2023 12:51:01 PM,684d04c4-83c1-49b6-b798-ddd431438857,Hemostatic Gauze,999,
TOOL_HOVER,142542,8/2/2023 12:51:01 PM,684d04c4-83c1-49b6-b798-ddd431438857,Hemostatic Gauze,999,
TOOL_HOVER,142558,8/2/2023 12:51:01 PM,684d04c4-83c1-49b6-b798-ddd431438857,Hemostatic Gauze,999,
TOOL_HOVER,142573,8/2/2023 12:51:01 PM,684d04c4-83c1-49b6-b798-ddd431438857,Hemostatic Gauze,999,
TOOL_HOVER,142592,8/2/2023 12:51:01 PM,684d04c4-83c1-49b6-b798-ddd431438857,Hemostatic Gauze,999,
TOOL_HOVER,142607,8/2/2023 12:51:01 PM,684d04c4-83c1-49b6-b798-ddd431438857,Hemostatic Gauze,999,
TOOL_HOVER,142624,8/2/2023 12:51:01 PM,684d04c4-83c1-49b6-b798-ddd431438857,Hemostatic Gauze,999,
TOOL_HOVER,142642,8/2/2023 12:51:01 PM,684d04c4-83c1-49b6-b798-ddd431438857,Hemostatic Gauze,999,
TOOL_HOVER,142659,8/2/2023 12:51:01 PM,684d04c4-83c1-49b6-b798-ddd431438857,Hemostatic Gauze,999,
TOOL_HOVER,142675,8/2/2023 12:51:01 PM,684d04c4-83c1-49b6-b798-ddd431438857,Hemostatic Gauze,999,
TOOL_HOVER,142692,8/2/2023 12:51:02 PM,684d04c4-83c1-49b6-b798-ddd431438857,Hemostatic Gauze,999,
TOOL_HOVER,142709,8/2/2023 12:51:02 PM,684d04c4-83c1-49b6-b798-ddd431438857,Hemostatic Gauze,999,
TOOL_HOVER,142725,8/2/2023 12:51:02 PM,684d04c4-83c1-49b6-b798-ddd431438857,Hemostatic Gauze,999,
TOOL_HOVER,142742,8/2/2023 12:51:02 PM,684d04c4-83c1-49b6-b798-ddd431438857,Hemostatic Gauze,999,
TOOL_HOVER,142758,8/2/2023 12:51:02 PM,684d04c4-83c1-49b6-b798-ddd431438857,Hemostatic Gauze,999,
TOOL_HOVER,142774,8/2/2023 12:51:02 PM,684d04c4-83c1-49b6-b798-ddd431438857,Hemostatic Gauze,999,
TOOL_HOVER,142792,8/2/2023 12:51:02 PM,684d04c4-83c1-49b6-b798-ddd431438857,Hemostatic Gauze,999,
TOOL_HOVER,142808,8/2/2023 12:51:02 PM,684d04c4-83c1-49b6-b798-ddd431438857,Hemostatic Gauze,999,
TOOL_HOVER,142825,8/2/2023 12:51:02 PM,684d04c4-83c1-49b6-b798-ddd431438857,Hemostatic Gauze,999,
TOOL_HOVER,142842,8/2/2023 12:51:02 PM,684d04c4-83c1-49b6-b798-ddd431438857,Hemostatic Gauze,999,
TOOL_HOVER,142859,8/2/2023 12:51:02 PM,684d04c4-83c1-49b6-b798-ddd431438857,Hemostatic Gauze,999,
TOOL_HOVER,142876,8/2/2023 12:51:02 PM,684d04c4-83c1-49b6-b798-ddd431438857,Hemostatic Gauze,999,
TOOL_HOVER,142892,8/2/2023 12:51:02 PM,684d04c4-83c1-49b6-b798-ddd431438857,Hemostatic Gauze,999,
TOOL_HOVER,142909,8/2/2023 12:51:02 PM,684d04c4-83c1-49b6-b798-ddd431438857,Hemostatic Gauze,999,
TOOL_HOVER,142926,8/2/2023 12:51:02 PM,684d04c4-83c1-49b6-b798-ddd431438857,Hemostatic Gauze,999,
TOOL_HOVER,142943,8/2/2023 12:51:02 PM,684d04c4-83c1-49b6-b798-ddd431438857,Hemostatic Gauze,999,
TOOL_HOVER,142959,8/2/2023 12:51:02 PM,684d04c4-83c1-49b6-b798-ddd431438857,Hemostatic Gauze,999,
TOOL_HOVER,142976,8/2/2023 12:51:02 PM,684d04c4-83c1-49b6-b798-ddd431438857,Hemostatic Gauze,999,
TOOL_HOVER,142993,8/2/2023 12:51:02 PM,684d04c4-83c1-49b6-b798-ddd431438857,Hemostatic Gauze,999,
TOOL_HOVER,143010,8/2/2023 12:51:02 PM,684d04c4-83c1-49b6-b798-ddd431438857,Hemostatic Gauze,999,
TOOL_HOVER,143026,8/2/2023 12:51:02 PM,684d04c4-83c1-49b6-b798-ddd431438857,Hemostatic Gauze,999,
TOOL_HOVER,143042,8/2/2023 12:51:02 PM,684d04c4-83c1-49b6-b798-ddd431438857,Hemostatic Gauze,999,
TOOL_HOVER,143060,8/2/2023 12:51:02 PM,684d04c4-83c1-49b6-b798-ddd431438857,Hemostatic Gauze,999,
TOOL_HOVER,143077,8/2/2023 12:51:02 PM,684d04c4-83c1-49b6-b798-ddd431438857,Hemostatic Gauze,999,
TOOL_HOVER,143092,8/2/2023 12:51:02 PM,684d04c4-83c1-49b6-b798-ddd431438857,Hemostatic Gauze,999,
TOOL_HOVER,143109,8/2/2023 12:51:02 PM,684d04c4-83c1-49b6-b798-ddd431438857,Hemostatic Gauze,999,
TOOL_HOVER,143126,8/2/2023 12:51:02 PM,684d04c4-83c1-49b6-b798-ddd431438857,Hemostatic Gauze,999,
TOOL_HOVER,143143,8/2/2023 12:51:02 PM,684d04c4-83c1-49b6-b798-ddd431438857,Hemostatic Gauze,999,
TOOL_HOVER,143159,8/2/2023 12:51:02 PM,684d04c4-83c1-49b6-b798-ddd431438857,Hemostatic Gauze,999,
TOOL_HOVER,143177,8/2/2023 12:51:02 PM,684d04c4-83c1-49b6-b798-ddd431438857,Hemostatic Gauze,999,
TOOL_HOVER,143193,8/2/2023 12:51:02 PM,684d04c4-83c1-49b6-b798-ddd431438857,Hemostatic Gauze,999,
TOOL_HOVER,143210,8/2/2023 12:51:02 PM,684d04c4-83c1-49b6-b798-ddd431438857,Hemostatic Gauze,999,
TOOL_HOVER,143227,8/2/2023 12:51:02 PM,684d04c4-83c1-49b6-b798-ddd431438857,Hemostatic Gauze,999,
TOOL_HOVER,143243,8/2/2023 12:51:02 PM,684d04c4-83c1-49b6-b798-ddd431438857,Hemostatic Gauze,999,
TOOL_HOVER,143260,8/2/2023 12:51:02 PM,684d04c4-83c1-49b6-b798-ddd431438857,Hemostatic Gauze,999,
TOOL_HOVER,143277,8/2/2023 12:51:02 PM,684d04c4-83c1-49b6-b798-ddd431438857,Hemostatic Gauze,999,
TOOL_HOVER,143292,8/2/2023 12:51:02 PM,684d04c4-83c1-49b6-b798-ddd431438857,Hemostatic Gauze,999,
TOOL_HOVER,143309,8/2/2023 12:51:02 PM,684d04c4-83c1-49b6-b798-ddd431438857,Hemostatic Gauze,999,
TOOL_HOVER,143329,8/2/2023 12:51:02 PM,684d04c4-83c1-49b6-b798-ddd431438857,Hemostatic Gauze,999,
TOOL_HOVER,143343,8/2/2023 12:51:02 PM,684d04c4-83c1-49b6-b798-ddd431438857,Hemostatic Gauze,999,
TOOL_HOVER,143361,8/2/2023 12:51:02 PM,684d04c4-83c1-49b6-b798-ddd431438857,Hemostatic Gauze,999,
TOOL_HOVER,143377,8/2/2023 12:51:02 PM,684d04c4-83c1-49b6-b798-ddd431438857,Hemostatic Gauze,999,
TOOL_HOVER,143396,8/2/2023 12:51:02 PM,684d04c4-83c1-49b6-b798-ddd431438857,Hemostatic Gauze,999,
TOOL_HOVER,143410,8/2/2023 12:51:02 PM,684d04c4-83c1-49b6-b798-ddd431438857,Hemostatic Gauze,999,
TOOL_HOVER,143427,8/2/2023 12:51:02 PM,684d04c4-83c1-49b6-b798-ddd431438857,Hemostatic Gauze,999,
TOOL_HOVER,143445,8/2/2023 12:51:02 PM,684d04c4-83c1-49b6-b798-ddd431438857,Hemostatic Gauze,999,
TOOL_HOVER,143460,8/2/2023 12:51:02 PM,684d04c4-83c1-49b6-b798-ddd431438857,Hemostatic Gauze,999,
TOOL_HOVER,143477,8/2/2023 12:51:02 PM,684d04c4-83c1-49b6-b798-ddd431438857,Hemostatic Gauze,999,
TOOL_HOVER,143493,8/2/2023 12:51:02 PM,684d04c4-83c1-49b6-b798-ddd431438857,Hemostatic Gauze,999,
TOOL_HOVER,143511,8/2/2023 12:51:02 PM,684d04c4-83c1-49b6-b798-ddd431438857,Hemostatic Gauze,999,
TOOL_HOVER,143527,8/2/2023 12:51:02 PM,684d04c4-83c1-49b6-b798-ddd431438857,Hemostatic Gauze,999,
TOOL_HOVER,143543,8/2/2023 12:51:02 PM,684d04c4-83c1-49b6-b798-ddd431438857,Hemostatic Gauze,999,
TOOL_HOVER,143561,8/2/2023 12:51:02 PM,684d04c4-83c1-49b6-b798-ddd431438857,Hemostatic Gauze,999,
TOOL_HOVER,143577,8/2/2023 12:51:02 PM,684d04c4-83c1-49b6-b798-ddd431438857,Hemostatic Gauze,999,
TOOL_HOVER,143595,8/2/2023 12:51:02 PM,684d04c4-83c1-49b6-b798-ddd431438857,Hemostatic Gauze,999,
TOOL_HOVER,143610,8/2/2023 12:51:02 PM,684d04c4-83c1-49b6-b798-ddd431438857,Hemostatic Gauze,999,
TOOL_HOVER,143628,8/2/2023 12:51:02 PM,684d04c4-83c1-49b6-b798-ddd431438857,Hemostatic Gauze,999,
TOOL_HOVER,143644,8/2/2023 12:51:02 PM,684d04c4-83c1-49b6-b798-ddd431438857,Hemostatic Gauze,999,
TOOL_HOVER,143661,8/2/2023 12:51:02 PM,684d04c4-83c1-49b6-b798-ddd431438857,Hemostatic Gauze,999,
TOOL_HOVER,143678,8/2/2023 12:51:02 PM,684d04c4-83c1-49b6-b798-ddd431438857,Hemostatic Gauze,999,
TOOL_HOVER,143693,8/2/2023 12:51:03 PM,684d04c4-83c1-49b6-b798-ddd431438857,Hemostatic Gauze,999,
TOOL_HOVER,143711,8/2/2023 12:51:03 PM,684d04c4-83c1-49b6-b798-ddd431438857,Hemostatic Gauze,999,
TOOL_HOVER,143728,8/2/2023 12:51:03 PM,684d04c4-83c1-49b6-b798-ddd431438857,Hemostatic Gauze,999,
TOOL_HOVER,143745,8/2/2023 12:51:03 PM,684d04c4-83c1-49b6-b798-ddd431438857,Hemostatic Gauze,999,
TOOL_HOVER,143761,8/2/2023 12:51:03 PM,684d04c4-83c1-49b6-b798-ddd431438857,Hemostatic Gauze,999,
TOOL_HOVER,143779,8/2/2023 12:51:03 PM,684d04c4-83c1-49b6-b798-ddd431438857,Hemostatic Gauze,999,
TOOL_HOVER,143794,8/2/2023 12:51:03 PM,684d04c4-83c1-49b6-b798-ddd431438857,Hemostatic Gauze,999,
TOOL_HOVER,143811,8/2/2023 12:51:03 PM,684d04c4-83c1-49b6-b798-ddd431438857,Hemostatic Gauze,999,
TOOL_HOVER,143828,8/2/2023 12:51:03 PM,684d04c4-83c1-49b6-b798-ddd431438857,Hemostatic Gauze,999,
TOOL_SELECTED,143830,8/2/2023 12:51:03 PM,684d04c4-83c1-49b6-b798-ddd431438857,Hemostatic Gauze,998,
VOICE_CAPTURE,150260,8/2/2023 12:51:09 PM,684d04c4-83c1-49b6-b798-ddd431438857,and actually do a better job of this but,NA,
TOOL_DISCARDED,150980,8/2/2023 12:51:10 PM,684d04c4-83c1-49b6-b798-ddd431438857,Hemostatic Gauze,998,"(-1.2, 0.2, 3.3)",
INJURY_TREATED,150981,8/2/2023 12:51:10 PM,684d04c4-83c1-49b6-b798-ddd431438857,R Calf Shrapnel,Gloria_6 Root,gauzePressure,medium,rightLeg,False,True,"(-1.2, 0.2, 3.3)",
TOOL_APPLIED,150981,8/2/2023 12:51:10 PM,684d04c4-83c1-49b6-b798-ddd431438857,Gloria_6 Root,Gauze_Pack,skinCollider_Body_LOD (UnityEngine.GameObject),null,null,AppliedPackingGauze,
VOICE_CAPTURE,152815,8/2/2023 12:51:12 PM,684d04c4-83c1-49b6-b798-ddd431438857,I'm just calling to,NA,
TOOL_HOVER,154771,8/2/2023 12:51:14 PM,684d04c4-83c1-49b6-b798-ddd431438857,Hemostatic Gauze,999,
TOOL_HOVER,154789,8/2/2023 12:51:14 PM,684d04c4-83c1-49b6-b798-ddd431438857,Hemostatic Gauze,999,
TOOL_HOVER,154805,8/2/2023 12:51:14 PM,684d04c4-83c1-49b6-b798-ddd431438857,Hemostatic Gauze,999,
TOOL_HOVER,154822,8/2/2023 12:51:14 PM,684d04c4-83c1-49b6-b798-ddd431438857,Hemostatic Gauze,999,
TOOL_HOVER,154838,8/2/2023 12:51:14 PM,684d04c4-83c1-49b6-b798-ddd431438857,Hemostatic Gauze,999,
TOOL_HOVER,154854,8/2/2023 12:51:14 PM,684d04c4-83c1-49b6-b798-ddd431438857,Hemostatic Gauze,999,
TOOL_HOVER,154871,8/2/2023 12:51:14 PM,684d04c4-83c1-49b6-b798-ddd431438857,Hemostatic Gauze,999,
TOOL_HOVER,154892,8/2/2023 12:51:14 PM,684d04c4-83c1-49b6-b798-ddd431438857,Hemostatic Gauze,999,
TOOL_HOVER,154904,8/2/2023 12:51:14 PM,684d04c4-83c1-49b6-b798-ddd431438857,Hemostatic Gauze,999,
TOOL_HOVER,154922,8/2/2023 12:51:14 PM,684d04c4-83c1-49b6-b798-ddd431438857,Hemostatic Gauze,999,
TOOL_HOVER,154937,8/2/2023 12:51:14 PM,684d04c4-83c1-49b6-b798-ddd431438857,Hemostatic Gauze,999,
TOOL_HOVER,154954,8/2/2023 12:51:14 PM,684d04c4-83c1-49b6-b798-ddd431438857,Hemostatic Gauze,999,
TOOL_HOVER,154971,8/2/2023 12:51:14 PM,684d04c4-83c1-49b6-b798-ddd431438857,Hemostatic Gauze,999,
TOOL_HOVER,154989,8/2/2023 12:51:14 PM,684d04c4-83c1-49b6-b798-ddd431438857,Hemostatic Gauze,999,
TOOL_HOVER,155005,8/2/2023 12:51:14 PM,684d04c4-83c1-49b6-b798-ddd431438857,Hemostatic Gauze,999,
TOOL_HOVER,155021,8/2/2023 12:51:14 PM,684d04c4-83c1-49b6-b798-ddd431438857,Hemostatic Gauze,999,
TOOL_HOVER,155038,8/2/2023 12:51:14 PM,684d04c4-83c1-49b6-b798-ddd431438857,Hemostatic Gauze,999,
TOOL_SELECTED,155039,8/2/2023 12:51:14 PM,684d04c4-83c1-49b6-b798-ddd431438857,Hemostatic Gauze,998,
TOOL_DISCARDED,157828,8/2/2023 12:51:17 PM,684d04c4-83c1-49b6-b798-ddd431438857,Hemostatic Gauze,998,"(-1.2, 0.2, 3.3)",
INJURY_TREATED,157828,8/2/2023 12:51:17 PM,684d04c4-83c1-49b6-b798-ddd431438857,R Calf Shrapnel,Gloria_6 Root,gauzePressure,medium,rightLeg,False,True,"(-1.1, 0.2, 3.2)",
TOOL_APPLIED,157830,8/2/2023 12:51:17 PM,684d04c4-83c1-49b6-b798-ddd431438857,Gloria_6 Root,Gauze_Pack,skinCollider_Body_LOD (UnityEngine.GameObject),null,null,AppliedPackingGauze,
VOICE_CAPTURE,158161,8/2/2023 12:51:17 PM,684d04c4-83c1-49b6-b798-ddd431438857,rapper if I can get it to rap,NA,
TOOL_HOVER,160068,8/2/2023 12:51:19 PM,684d04c4-83c1-49b6-b798-ddd431438857,Hemostatic Gauze,999,
TOOL_HOVER,160084,8/2/2023 12:51:19 PM,684d04c4-83c1-49b6-b798-ddd431438857,Hemostatic Gauze,999,
TOOL_HOVER,160101,8/2/2023 12:51:19 PM,684d04c4-83c1-49b6-b798-ddd431438857,Hemostatic Gauze,999,
TOOL_HOVER,160118,8/2/2023 12:51:19 PM,684d04c4-83c1-49b6-b798-ddd431438857,Hemostatic Gauze,999,
TOOL_HOVER,160134,8/2/2023 12:51:19 PM,684d04c4-83c1-49b6-b798-ddd431438857,Hemostatic Gauze,999,
TOOL_HOVER,160151,8/2/2023 12:51:19 PM,684d04c4-83c1-49b6-b798-ddd431438857,Hemostatic Gauze,999,
TOOL_HOVER,160167,8/2/2023 12:51:19 PM,684d04c4-83c1-49b6-b798-ddd431438857,Hemostatic Gauze,999,
TOOL_HOVER,160184,8/2/2023 12:51:19 PM,684d04c4-83c1-49b6-b798-ddd431438857,Hemostatic Gauze,999,
TOOL_HOVER,160201,8/2/2023 12:51:19 PM,684d04c4-83c1-49b6-b798-ddd431438857,Hemostatic Gauze,999,
TOOL_HOVER,160217,8/2/2023 12:51:19 PM,684d04c4-83c1-49b6-b798-ddd431438857,Hemostatic Gauze,999,
TOOL_HOVER,160233,8/2/2023 12:51:19 PM,684d04c4-83c1-49b6-b798-ddd431438857,Hemostatic Gauze,999,
TOOL_HOVER,160251,8/2/2023 12:51:19 PM,684d04c4-83c1-49b6-b798-ddd431438857,Hemostatic Gauze,999,
TOOL_HOVER,160267,8/2/2023 12:51:19 PM,684d04c4-83c1-49b6-b798-ddd431438857,Hemostatic Gauze,999,
TOOL_HOVER,160285,8/2/2023 12:51:19 PM,684d04c4-83c1-49b6-b798-ddd431438857,Hemostatic Gauze,999,
TOOL_HOVER,160301,8/2/2023 12:51:19 PM,684d04c4-83c1-49b6-b798-ddd431438857,Hemostatic Gauze,999,
TOOL_HOVER,160318,8/2/2023 12:51:19 PM,684d04c4-83c1-49b6-b798-ddd431438857,Hemostatic Gauze,999,
TOOL_HOVER,160334,8/2/2023 12:51:19 PM,684d04c4-83c1-49b6-b798-ddd431438857,Hemostatic Gauze,999,
TOOL_HOVER,160351,8/2/2023 12:51:19 PM,684d04c4-83c1-49b6-b798-ddd431438857,Hemostatic Gauze,999,
TOOL_HOVER,160368,8/2/2023 12:51:19 PM,684d04c4-83c1-49b6-b798-ddd431438857,Hemostatic Gauze,999,
TOOL_HOVER,160385,8/2/2023 12:51:19 PM,684d04c4-83c1-49b6-b798-ddd431438857,Hemostatic Gauze,999,
TOOL_HOVER,160402,8/2/2023 12:51:19 PM,684d04c4-83c1-49b6-b798-ddd431438857,Hemostatic Gauze,999,
TOOL_HOVER,160418,8/2/2023 12:51:19 PM,684d04c4-83c1-49b6-b798-ddd431438857,Hemostatic Gauze,999,
TOOL_HOVER,160435,8/2/2023 12:51:19 PM,684d04c4-83c1-49b6-b798-ddd431438857,Hemostatic Gauze,999,
TOOL_HOVER,160451,8/2/2023 12:51:19 PM,684d04c4-83c1-49b6-b798-ddd431438857,Hemostatic Gauze,999,
TOOL_HOVER,160468,8/2/2023 12:51:19 PM,684d04c4-83c1-49b6-b798-ddd431438857,Hemostatic Gauze,999,
TOOL_SELECTED,160470,8/2/2023 12:51:19 PM,684d04c4-83c1-49b6-b798-ddd431438857,Hemostatic Gauze,998,
VOICE_CAPTURE,162422,8/2/2023 12:51:21 PM,684d04c4-83c1-49b6-b798-ddd431438857,I am,NA,
TOOL_DISCARDED,165096,8/2/2023 12:51:24 PM,684d04c4-83c1-49b6-b798-ddd431438857,Hemostatic Gauze,998,"(-1.2, 0.2, 3.3)",
INJURY_TREATED,165096,8/2/2023 12:51:24 PM,684d04c4-83c1-49b6-b798-ddd431438857,R Calf Shrapnel,Gloria_6 Root,gauzePressure,medium,rightLeg,False,True,"(-1.2, 0.2, 3.3)",
TOOL_APPLIED,165097,8/2/2023 12:51:24 PM,684d04c4-83c1-49b6-b798-ddd431438857,Gloria_6 Root,Gauze_Pack,skinCollider_Body_LOD (UnityEngine.GameObject),null,null,AppliedPackingGauze,
VOICE_CAPTURE,165462,8/2/2023 12:51:24 PM,684d04c4-83c1-49b6-b798-ddd431438857,how much girls is it gonna take,NA,
VOICE_CAPTURE,171059,8/2/2023 12:51:30 PM,684d04c4-83c1-49b6-b798-ddd431438857,OK dude I don't know what to do with that,NA,
TOOL_HOVER,176356,8/2/2023 12:51:35 PM,684d04c4-83c1-49b6-b798-ddd431438857,Gauze,999,
TOOL_HOVER,176374,8/2/2023 12:51:35 PM,684d04c4-83c1-49b6-b798-ddd431438857,Gauze,999,
TOOL_HOVER,176391,8/2/2023 12:51:35 PM,684d04c4-83c1-49b6-b798-ddd431438857,Gauze,999,
TOOL_HOVER,176408,8/2/2023 12:51:35 PM,684d04c4-83c1-49b6-b798-ddd431438857,Gauze,999,
TOOL_HOVER,176424,8/2/2023 12:51:35 PM,684d04c4-83c1-49b6-b798-ddd431438857,Gauze,999,
TOOL_HOVER,176440,8/2/2023 12:51:35 PM,684d04c4-83c1-49b6-b798-ddd431438857,Gauze,999,
TOOL_HOVER,176458,8/2/2023 12:51:35 PM,684d04c4-83c1-49b6-b798-ddd431438857,Gauze,999,
TOOL_HOVER,176474,8/2/2023 12:51:35 PM,684d04c4-83c1-49b6-b798-ddd431438857,Gauze,999,
TOOL_HOVER,176490,8/2/2023 12:51:35 PM,684d04c4-83c1-49b6-b798-ddd431438857,Gauze,999,
TOOL_HOVER,176507,8/2/2023 12:51:35 PM,684d04c4-83c1-49b6-b798-ddd431438857,Gauze,999,
TOOL_HOVER,176524,8/2/2023 12:51:35 PM,684d04c4-83c1-49b6-b798-ddd431438857,Gauze,999,
TOOL_HOVER,176541,8/2/2023 12:51:35 PM,684d04c4-83c1-49b6-b798-ddd431438857,Gauze,999,
TOOL_HOVER,176558,8/2/2023 12:51:35 PM,684d04c4-83c1-49b6-b798-ddd431438857,Gauze,999,
TOOL_HOVER,176574,8/2/2023 12:51:35 PM,684d04c4-83c1-49b6-b798-ddd431438857,Gauze,999,
TOOL_HOVER,176591,8/2/2023 12:51:35 PM,684d04c4-83c1-49b6-b798-ddd431438857,Gauze,999,
TOOL_HOVER,176607,8/2/2023 12:51:35 PM,684d04c4-83c1-49b6-b798-ddd431438857,Gauze,999,
TOOL_HOVER,176624,8/2/2023 12:51:35 PM,684d04c4-83c1-49b6-b798-ddd431438857,Gauze,999,
TOOL_HOVER,176641,8/2/2023 12:51:35 PM,684d04c4-83c1-49b6-b798-ddd431438857,Gauze,999,
TOOL_HOVER,176657,8/2/2023 12:51:35 PM,684d04c4-83c1-49b6-b798-ddd431438857,Gauze,999,
TOOL_HOVER,176674,8/2/2023 12:51:35 PM,684d04c4-83c1-49b6-b798-ddd431438857,Gauze,999,
TOOL_HOVER,176690,8/2/2023 12:51:35 PM,684d04c4-83c1-49b6-b798-ddd431438857,Gauze,999,
TOOL_HOVER,176707,8/2/2023 12:51:36 PM,684d04c4-83c1-49b6-b798-ddd431438857,Gauze,999,
TOOL_HOVER,176724,8/2/2023 12:51:36 PM,684d04c4-83c1-49b6-b798-ddd431438857,Gauze,999,
TOOL_HOVER,176740,8/2/2023 12:51:36 PM,684d04c4-83c1-49b6-b798-ddd431438857,Gauze,999,
TOOL_HOVER,176757,8/2/2023 12:51:36 PM,684d04c4-83c1-49b6-b798-ddd431438857,Gauze,999,
TOOL_HOVER,176775,8/2/2023 12:51:36 PM,684d04c4-83c1-49b6-b798-ddd431438857,Gauze,999,
TOOL_HOVER,176791,8/2/2023 12:51:36 PM,684d04c4-83c1-49b6-b798-ddd431438857,Gauze,999,
TOOL_HOVER,176807,8/2/2023 12:51:36 PM,684d04c4-83c1-49b6-b798-ddd431438857,Gauze,999,
TOOL_SELECTED,176808,8/2/2023 12:51:36 PM,684d04c4-83c1-49b6-b798-ddd431438857,Gauze,998,
VOICE_CAPTURE,179212,8/2/2023 12:51:38 PM,684d04c4-83c1-49b6-b798-ddd431438857,oh OK,NA,
TOOL_DISCARDED,179230,8/2/2023 12:51:38 PM,684d04c4-83c1-49b6-b798-ddd431438857,Gauze,998,"(-1.2, 0.2, 3.3)",
INJURY_TREATED,179231,8/2/2023 12:51:38 PM,684d04c4-83c1-49b6-b798-ddd431438857,R Calf Shrapnel,Gloria_6 Root,gauzePressure,medium,rightLeg,True,True,"(-1.1, 0.2, 3.2)",
TOOL_APPLIED,179232,8/2/2023 12:51:38 PM,684d04c4-83c1-49b6-b798-ddd431438857,Gloria_6 Root,Gauze_Dressing,skinCollider_Body_LOD (UnityEngine.GameObject),null,null,AppliedDressingGauze,
VOICE_CAPTURE,185211,8/2/2023 12:51:44 PM,684d04c4-83c1-49b6-b798-ddd431438857,OK well that worked,NA,
VOICE_CAPTURE,186898,8/2/2023 12:51:46 PM,684d04c4-83c1-49b6-b798-ddd431438857,what's that,NA,
VOICE_CAPTURE,188518,8/2/2023 12:51:47 PM,684d04c4-83c1-49b6-b798-ddd431438857,OK,NA,
TAG_SELECTED,191360,8/2/2023 12:51:50 PM,684d04c4-83c1-49b6-b798-ddd431438857,yellow,
VOICE_CAPTURE,194098,8/2/2023 12:51:53 PM,684d04c4-83c1-49b6-b798-ddd431438857,OK she's all wrapped now she was waving her hand,NA,
TAG_APPLIED,195989,8/2/2023 12:51:55 PM,684d04c4-83c1-49b6-b798-ddd431438857,Gloria_6 Root,yellow,
VOICE_CAPTURE,198575,8/2/2023 12:51:57 PM,684d04c4-83c1-49b6-b798-ddd431438857,she appears to be breathing I'm gonna tag her yellow,NA,
BAG_CLOSED,203489,8/2/2023 12:52:02 PM,684d04c4-83c1-49b6-b798-ddd431438857,"(-1.4, 0.7, 3.7)",
TELEPORT,203489,8/2/2023 12:52:02 PM,684d04c4-83c1-49b6-b798-ddd431438857,"(-0.3, 0.0, 2.7)",
PATIENT_ENGAGED,205845,8/2/2023 12:52:05 PM,684d04c4-83c1-49b6-b798-ddd431438857,100,Infinity,Mike_7 Root,"(1.3, 0.0, 3.4)","(0.0, 0.1, 0.0, 1.0)",DELAYED,waver,fast,normal,normal,upset,sittingGround,
VOICE_CAPTURE,207702,8/2/2023 12:52:07 PM,684d04c4-83c1-49b6-b798-ddd431438857,I'm gonna go back to this first guy here because I forgot to tag him,NA,
TELEPORT,208684,8/2/2023 12:52:07 PM,684d04c4-83c1-49b6-b798-ddd431438857,"(0.8, 0.0, 2.3)",
BAG_ACCESS,210973,8/2/2023 12:52:10 PM,684d04c4-83c1-49b6-b798-ddd431438857,"(-0.1, 0.7, 3.5)",
TAG_SELECTED,211526,8/2/2023 12:52:10 PM,684d04c4-83c1-49b6-b798-ddd431438857,red,
BAG_CLOSED,214371,8/2/2023 12:52:13 PM,684d04c4-83c1-49b6-b798-ddd431438857,"(-0.1, 0.7, 3.5)",
TAG_APPLIED,216253,8/2/2023 12:52:15 PM,684d04c4-83c1-49b6-b798-ddd431438857,Mike_7 Root,red,
VOICE_CAPTURE,217789,8/2/2023 12:52:17 PM,684d04c4-83c1-49b6-b798-ddd431438857,he's gonna get a red one,NA,
TELEPORT,218726,8/2/2023 12:52:18 PM,684d04c4-83c1-49b6-b798-ddd431438857,"(0.8, 0.0, 2.3)",
PATIENT_ENGAGED,221134,8/2/2023 12:52:20 PM,684d04c4-83c1-49b6-b798-ddd431438857,100,0,Gary_3 Root,"(0.4, 0.0, 1.7)","(0.0, 0.0, 0.0, 1.0)",IMMEDIATE,still,faint,collapsedRight,normal,unresponsive,supine,
VOICE_CAPTURE,223704,8/2/2023 12:52:23 PM,684d04c4-83c1-49b6-b798-ddd431438857,OK so I've got this person here,NA,
VOICE_CAPTURE,233143,8/2/2023 12:52:32 PM,684d04c4-83c1-49b6-b798-ddd431438857,the sun movement just one looks just like with the,NA,
BAG_ACCESS,235734,8/2/2023 12:52:35 PM,684d04c4-83c1-49b6-b798-ddd431438857,"(0.7, 0.7, 1.7)",
VOICE_CAPTURE,236017,8/2/2023 12:52:35 PM,684d04c4-83c1-49b6-b798-ddd431438857,and the,NA,
TOOL_HOVER,237772,8/2/2023 12:52:37 PM,684d04c4-83c1-49b6-b798-ddd431438857,Needle,999,
TOOL_HOVER,237787,8/2/2023 12:52:37 PM,684d04c4-83c1-49b6-b798-ddd431438857,Needle,999,
TOOL_HOVER,237805,8/2/2023 12:52:37 PM,684d04c4-83c1-49b6-b798-ddd431438857,Needle,999,
TOOL_HOVER,237820,8/2/2023 12:52:37 PM,684d04c4-83c1-49b6-b798-ddd431438857,Needle,999,
TOOL_HOVER,237840,8/2/2023 12:52:37 PM,684d04c4-83c1-49b6-b798-ddd431438857,Needle,999,
TOOL_HOVER,237854,8/2/2023 12:52:37 PM,684d04c4-83c1-49b6-b798-ddd431438857,Needle,999,
TOOL_HOVER,237870,8/2/2023 12:52:37 PM,684d04c4-83c1-49b6-b798-ddd431438857,Needle,999,
TOOL_HOVER,237887,8/2/2023 12:52:37 PM,684d04c4-83c1-49b6-b798-ddd431438857,Needle,999,
TOOL_HOVER,237904,8/2/2023 12:52:37 PM,684d04c4-83c1-49b6-b798-ddd431438857,Needle,999,
TOOL_HOVER,237921,8/2/2023 12:52:37 PM,684d04c4-83c1-49b6-b798-ddd431438857,Needle,999,
TOOL_HOVER,237938,8/2/2023 12:52:37 PM,684d04c4-83c1-49b6-b798-ddd431438857,Needle,999,
TOOL_HOVER,237954,8/2/2023 12:52:37 PM,684d04c4-83c1-49b6-b798-ddd431438857,Needle,999,
TOOL_HOVER,237971,8/2/2023 12:52:37 PM,684d04c4-83c1-49b6-b798-ddd431438857,Needle,999,
TOOL_HOVER,237988,8/2/2023 12:52:37 PM,684d04c4-83c1-49b6-b798-ddd431438857,Needle,999,
TOOL_HOVER,238005,8/2/2023 12:52:37 PM,684d04c4-83c1-49b6-b798-ddd431438857,Needle,999,
TOOL_HOVER,238021,8/2/2023 12:52:37 PM,684d04c4-83c1-49b6-b798-ddd431438857,Needle,999,
TOOL_HOVER,238038,8/2/2023 12:52:37 PM,684d04c4-83c1-49b6-b798-ddd431438857,Needle,999,
TOOL_HOVER,238055,8/2/2023 12:52:37 PM,684d04c4-83c1-49b6-b798-ddd431438857,Needle,999,
TOOL_HOVER,238072,8/2/2023 12:52:37 PM,684d04c4-83c1-49b6-b798-ddd431438857,Needle,999,
TOOL_HOVER,238088,8/2/2023 12:52:37 PM,684d04c4-83c1-49b6-b798-ddd431438857,Needle,999,
TOOL_HOVER,238106,8/2/2023 12:52:37 PM,684d04c4-83c1-49b6-b798-ddd431438857,Needle,999,
TOOL_HOVER,238122,8/2/2023 12:52:37 PM,684d04c4-83c1-49b6-b798-ddd431438857,Needle,999,
TOOL_HOVER,238139,8/2/2023 12:52:37 PM,684d04c4-83c1-49b6-b798-ddd431438857,Needle,999,
TOOL_SELECTED,238140,8/2/2023 12:52:37 PM,684d04c4-83c1-49b6-b798-ddd431438857,Needle,998,
VOICE_CAPTURE,240177,8/2/2023 12:52:39 PM,684d04c4-83c1-49b6-b798-ddd431438857,training looks like he needs,NA,
VOICE_CAPTURE,242732,8/2/2023 12:52:42 PM,684d04c4-83c1-49b6-b798-ddd431438857,a needle,NA,
INJURY_TREATED,243509,8/2/2023 12:52:42 PM,684d04c4-83c1-49b6-b798-ddd431438857,R Chest Collapse,Gary_3 Root,decompress,high,chest,True,False,"(0.0, 0.0, 0.0)",
TOOL_APPLIED,243509,8/2/2023 12:52:42 PM,684d04c4-83c1-49b6-b798-ddd431438857,Needle_Decomp(Clone),Needle,RChest_Breathe1 (UnityEngine.GameObject),cath_needle (UnityEngine.GameObject),right_chest,Needle_Decomp(Clone) (UnityEngine.GameObject),AppliedDecompNeedle,
VOICE_CAPTURE,248831,8/2/2023 12:52:48 PM,684d04c4-83c1-49b6-b798-ddd431438857,War chest is doing better,NA,
TAG_SELECTED,253126,8/2/2023 12:52:52 PM,684d04c4-83c1-49b6-b798-ddd431438857,red,
VOICE_CAPTURE,254063,8/2/2023 12:52:53 PM,684d04c4-83c1-49b6-b798-ddd431438857,OK if I remember correctly he did not say anything,NA,
TAG_APPLIED,256901,8/2/2023 12:52:56 PM,684d04c4-83c1-49b6-b798-ddd431438857,Gary_3 Root,red,
VOICE_CAPTURE,260509,8/2/2023 12:52:59 PM,684d04c4-83c1-49b6-b798-ddd431438857,he was you know completely unresponsive,NA,
BAG_CLOSED,261477,8/2/2023 12:53:00 PM,684d04c4-83c1-49b6-b798-ddd431438857,"(0.7, 0.7, 1.7)",
TELEPORT,261477,8/2/2023 12:53:00 PM,684d04c4-83c1-49b6-b798-ddd431438857,"(1.5, 0.0, 1.1)",
VOICE_CAPTURE,261613,8/2/2023 12:53:00 PM,684d04c4-83c1-49b6-b798-ddd431438857,go red,NA,
PATIENT_ENGAGED,267253,8/2/2023 12:53:06 PM,684d04c4-83c1-49b6-b798-ddd431438857,100,Infinity,Mike_5 Root,"(2.7, 0.0, 2.3)","(0.0, 1.0, 0.0, 0.0)",IMMEDIATE,waver,fast,normal,normal,upset,fetal,
VOICE_CAPTURE,269935,8/2/2023 12:53:09 PM,684d04c4-83c1-49b6-b798-ddd431438857,OK so we'll come over here,NA,
VOICE_CAPTURE,274430,8/2/2023 12:53:13 PM,684d04c4-83c1-49b6-b798-ddd431438857,I thought this person was only gonna have one injury,NA,
TELEPORT,276297,8/2/2023 12:53:15 PM,684d04c4-83c1-49b6-b798-ddd431438857,"(3.9, 0.0, 1.4)",
BAG_ACCESS,277033,8/2/2023 12:53:16 PM,684d04c4-83c1-49b6-b798-ddd431438857,"(3.6, 0.8, 2.1)",
VOICE_CAPTURE,278427,8/2/2023 12:53:17 PM,684d04c4-83c1-49b6-b798-ddd431438857,oh,NA,
TOOL_HOVER,283457,8/2/2023 12:53:22 PM,684d04c4-83c1-49b6-b798-ddd431438857,Tourniquet,998,
TOOL_HOVER,283473,8/2/2023 12:53:22 PM,684d04c4-83c1-49b6-b798-ddd431438857,Tourniquet,998,
TOOL_HOVER,283491,8/2/2023 12:53:22 PM,684d04c4-83c1-49b6-b798-ddd431438857,Tourniquet,998,
TOOL_HOVER,283508,8/2/2023 12:53:22 PM,684d04c4-83c1-49b6-b798-ddd431438857,Tourniquet,998,
TOOL_HOVER,283525,8/2/2023 12:53:22 PM,684d04c4-83c1-49b6-b798-ddd431438857,Tourniquet,998,
TOOL_HOVER,283542,8/2/2023 12:53:22 PM,684d04c4-83c1-49b6-b798-ddd431438857,Tourniquet,998,
TOOL_HOVER,283559,8/2/2023 12:53:22 PM,684d04c4-83c1-49b6-b798-ddd431438857,Tourniquet,998,
TOOL_HOVER,283574,8/2/2023 12:53:22 PM,684d04c4-83c1-49b6-b798-ddd431438857,Tourniquet,998,
TOOL_HOVER,283591,8/2/2023 12:53:22 PM,684d04c4-83c1-49b6-b798-ddd431438857,Tourniquet,998,
TOOL_HOVER,283609,8/2/2023 12:53:22 PM,684d04c4-83c1-49b6-b798-ddd431438857,Tourniquet,998,
TOOL_HOVER,283624,8/2/2023 12:53:22 PM,684d04c4-83c1-49b6-b798-ddd431438857,Tourniquet,998,
TOOL_HOVER,283642,8/2/2023 12:53:22 PM,684d04c4-83c1-49b6-b798-ddd431438857,Tourniquet,998,
TOOL_HOVER,283658,8/2/2023 12:53:22 PM,684d04c4-83c1-49b6-b798-ddd431438857,Tourniquet,998,
TOOL_HOVER,283675,8/2/2023 12:53:22 PM,684d04c4-83c1-49b6-b798-ddd431438857,Tourniquet,998,
TOOL_HOVER,283692,8/2/2023 12:53:22 PM,684d04c4-83c1-49b6-b798-ddd431438857,Tourniquet,998,
TOOL_HOVER,283708,8/2/2023 12:53:23 PM,684d04c4-83c1-49b6-b798-ddd431438857,Tourniquet,998,
TOOL_HOVER,283726,8/2/2023 12:53:23 PM,684d04c4-83c1-49b6-b798-ddd431438857,Tourniquet,998,
TOOL_HOVER,283743,8/2/2023 12:53:23 PM,684d04c4-83c1-49b6-b798-ddd431438857,Tourniquet,998,
TOOL_HOVER,283759,8/2/2023 12:53:23 PM,684d04c4-83c1-49b6-b798-ddd431438857,Tourniquet,998,
TOOL_HOVER,283775,8/2/2023 12:53:23 PM,684d04c4-83c1-49b6-b798-ddd431438857,Tourniquet,998,
TOOL_HOVER,283790,8/2/2023 12:53:23 PM,684d04c4-83c1-49b6-b798-ddd431438857,Tourniquet,998,
TOOL_HOVER,283808,8/2/2023 12:53:23 PM,684d04c4-83c1-49b6-b798-ddd431438857,Tourniquet,998,
TOOL_HOVER,283825,8/2/2023 12:53:23 PM,684d04c4-83c1-49b6-b798-ddd431438857,Tourniquet,998,
TOOL_HOVER,283842,8/2/2023 12:53:23 PM,684d04c4-83c1-49b6-b798-ddd431438857,Tourniquet,998,
TOOL_HOVER,283858,8/2/2023 12:53:23 PM,684d04c4-83c1-49b6-b798-ddd431438857,Tourniquet,998,
TOOL_HOVER,283875,8/2/2023 12:53:23 PM,684d04c4-83c1-49b6-b798-ddd431438857,Tourniquet,998,
TOOL_HOVER,283892,8/2/2023 12:53:23 PM,684d04c4-83c1-49b6-b798-ddd431438857,Tourniquet,998,
TOOL_HOVER,283908,8/2/2023 12:53:23 PM,684d04c4-83c1-49b6-b798-ddd431438857,Tourniquet,998,
TOOL_HOVER,283925,8/2/2023 12:53:23 PM,684d04c4-83c1-49b6-b798-ddd431438857,Tourniquet,998,
TOOL_HOVER,283942,8/2/2023 12:53:23 PM,684d04c4-83c1-49b6-b798-ddd431438857,Tourniquet,998,
TOOL_HOVER,283959,8/2/2023 12:53:23 PM,684d04c4-83c1-49b6-b798-ddd431438857,Tourniquet,998,
TOOL_HOVER,283975,8/2/2023 12:53:23 PM,684d04c4-83c1-49b6-b798-ddd431438857,Tourniquet,998,
TOOL_HOVER,283992,8/2/2023 12:53:23 PM,684d04c4-83c1-49b6-b798-ddd431438857,Tourniquet,998,
TOOL_HOVER,284009,8/2/2023 12:53:23 PM,684d04c4-83c1-49b6-b798-ddd431438857,Tourniquet,998,
TOOL_HOVER,284025,8/2/2023 12:53:23 PM,684d04c4-83c1-49b6-b798-ddd431438857,Tourniquet,998,
TOOL_SELECTED,284026,8/2/2023 12:53:23 PM,684d04c4-83c1-49b6-b798-ddd431438857,Tourniquet,997,
VOICE_CAPTURE,285864,8/2/2023 12:53:25 PM,684d04c4-83c1-49b6-b798-ddd431438857,OK he's a mess,NA,
INJURY_TREATED,288673,8/2/2023 12:53:27 PM,684d04c4-83c1-49b6-b798-ddd431438857,R Thigh Laceration,Mike_5 Root,tourniquet,medium,rightLeg,True,False,"(3.0, 0.3, 2.2)",
TOOL_APPLIED,288673,8/2/2023 12:53:27 PM,684d04c4-83c1-49b6-b798-ddd431438857,Mike_5 Root,Tourniquet,RightUpLeg (UnityEngine.GameObject),tor_ring (1) (UnityEngine.GameObject),tourniquet(Clone) (UnityEngine.GameObject),AppliedTourniquet,
VOICE_CAPTURE,290253,8/2/2023 12:53:29 PM,684d04c4-83c1-49b6-b798-ddd431438857,he was waving his arm so,NA,
TOOL_HOVER,291258,8/2/2023 12:53:30 PM,684d04c4-83c1-49b6-b798-ddd431438857,Hemostatic Gauze,999,
TOOL_HOVER,291274,8/2/2023 12:53:30 PM,684d04c4-83c1-49b6-b798-ddd431438857,Hemostatic Gauze,999,
TOOL_HOVER,291377,8/2/2023 12:53:30 PM,684d04c4-83c1-49b6-b798-ddd431438857,Hemostatic Gauze,999,
TOOL_HOVER,291391,8/2/2023 12:53:30 PM,684d04c4-83c1-49b6-b798-ddd431438857,Hemostatic Gauze,999,
TOOL_HOVER,291409,8/2/2023 12:53:30 PM,684d04c4-83c1-49b6-b798-ddd431438857,Hemostatic Gauze,999,
TOOL_HOVER,291423,8/2/2023 12:53:30 PM,684d04c4-83c1-49b6-b798-ddd431438857,Hemostatic Gauze,999,
TOOL_HOVER,291439,8/2/2023 12:53:30 PM,684d04c4-83c1-49b6-b798-ddd431438857,Hemostatic Gauze,999,
TOOL_HOVER,291452,8/2/2023 12:53:30 PM,684d04c4-83c1-49b6-b798-ddd431438857,Hemostatic Gauze,999,
TOOL_HOVER,291465,8/2/2023 12:53:30 PM,684d04c4-83c1-49b6-b798-ddd431438857,Hemostatic Gauze,999,
TOOL_HOVER,291483,8/2/2023 12:53:30 PM,684d04c4-83c1-49b6-b798-ddd431438857,Hemostatic Gauze,999,
TOOL_HOVER,291499,8/2/2023 12:53:30 PM,684d04c4-83c1-49b6-b798-ddd431438857,Hemostatic Gauze,999,
TOOL_HOVER,291517,8/2/2023 12:53:30 PM,684d04c4-83c1-49b6-b798-ddd431438857,Hemostatic Gauze,999,
TOOL_HOVER,291533,8/2/2023 12:53:30 PM,684d04c4-83c1-49b6-b798-ddd431438857,Hemostatic Gauze,999,
TOOL_HOVER,291549,8/2/2023 12:53:30 PM,684d04c4-83c1-49b6-b798-ddd431438857,Hemostatic Gauze,999,
TOOL_HOVER,291566,8/2/2023 12:53:30 PM,684d04c4-83c1-49b6-b798-ddd431438857,Hemostatic Gauze,999,
TOOL_HOVER,291583,8/2/2023 12:53:30 PM,684d04c4-83c1-49b6-b798-ddd431438857,Hemostatic Gauze,999,
TOOL_HOVER,291599,8/2/2023 12:53:30 PM,684d04c4-83c1-49b6-b798-ddd431438857,Hemostatic Gauze,999,
TOOL_HOVER,291616,8/2/2023 12:53:30 PM,684d04c4-83c1-49b6-b798-ddd431438857,Hemostatic Gauze,999,
TOOL_HOVER,291633,8/2/2023 12:53:30 PM,684d04c4-83c1-49b6-b798-ddd431438857,Hemostatic Gauze,999,
TOOL_HOVER,291650,8/2/2023 12:53:30 PM,684d04c4-83c1-49b6-b798-ddd431438857,Hemostatic Gauze,999,
TOOL_SELECTED,291651,8/2/2023 12:53:30 PM,684d04c4-83c1-49b6-b798-ddd431438857,Hemostatic Gauze,998,
VOICE_CAPTURE,293307,8/2/2023 12:53:32 PM,684d04c4-83c1-49b6-b798-ddd431438857,we're gonna go tourniquet here,NA,
TOOL_DISCARDED,303009,8/2/2023 12:53:42 PM,684d04c4-83c1-49b6-b798-ddd431438857,Hemostatic Gauze,998,"(3.1, 1.1, 2.4)",
TOOL_APPLIED,303009,8/2/2023 12:53:42 PM,684d04c4-83c1-49b6-b798-ddd431438857,Mike_5 Root,Gauze_Pack,skinCollider_BodyCollideLOD (UnityEngine.GameObject),null,null,AppliedPackingGauze,
VOICE_CAPTURE,304669,8/2/2023 12:53:43 PM,684d04c4-83c1-49b6-b798-ddd431438857,I can't get this to,NA,
TOOL_HOVER,304771,8/2/2023 12:53:44 PM,684d04c4-83c1-49b6-b798-ddd431438857,Hemostatic Gauze,999,
TOOL_HOVER,304787,8/2/2023 12:53:44 PM,684d04c4-83c1-49b6-b798-ddd431438857,Hemostatic Gauze,999,
TOOL_HOVER,304804,8/2/2023 12:53:44 PM,684d04c4-83c1-49b6-b798-ddd431438857,Hemostatic Gauze,999,
TOOL_HOVER,304819,8/2/2023 12:53:44 PM,684d04c4-83c1-49b6-b798-ddd431438857,Hemostatic Gauze,999,
TOOL_HOVER,304838,8/2/2023 12:53:44 PM,684d04c4-83c1-49b6-b798-ddd431438857,Hemostatic Gauze,999,
TOOL_HOVER,304854,8/2/2023 12:53:44 PM,684d04c4-83c1-49b6-b798-ddd431438857,Hemostatic Gauze,999,
TOOL_HOVER,304871,8/2/2023 12:53:44 PM,684d04c4-83c1-49b6-b798-ddd431438857,Hemostatic Gauze,999,
TOOL_HOVER,304887,8/2/2023 12:53:44 PM,684d04c4-83c1-49b6-b798-ddd431438857,Hemostatic Gauze,999,
TOOL_HOVER,304903,8/2/2023 12:53:44 PM,684d04c4-83c1-49b6-b798-ddd431438857,Hemostatic Gauze,999,
TOOL_HOVER,304920,8/2/2023 12:53:44 PM,684d04c4-83c1-49b6-b798-ddd431438857,Hemostatic Gauze,999,
TOOL_HOVER,304937,8/2/2023 12:53:44 PM,684d04c4-83c1-49b6-b798-ddd431438857,Hemostatic Gauze,999,
TOOL_HOVER,304956,8/2/2023 12:53:44 PM,684d04c4-83c1-49b6-b798-ddd431438857,Hemostatic Gauze,999,
TOOL_HOVER,304972,8/2/2023 12:53:44 PM,684d04c4-83c1-49b6-b798-ddd431438857,Hemostatic Gauze,999,
TOOL_HOVER,304988,8/2/2023 12:53:44 PM,684d04c4-83c1-49b6-b798-ddd431438857,Hemostatic Gauze,999,
TOOL_HOVER,305003,8/2/2023 12:53:44 PM,684d04c4-83c1-49b6-b798-ddd431438857,Hemostatic Gauze,999,
TOOL_HOVER,305037,8/2/2023 12:53:44 PM,684d04c4-83c1-49b6-b798-ddd431438857,Hemostatic Gauze,999,
TOOL_HOVER,305053,8/2/2023 12:53:44 PM,684d04c4-83c1-49b6-b798-ddd431438857,Hemostatic Gauze,999,
TOOL_HOVER,305071,8/2/2023 12:53:44 PM,684d04c4-83c1-49b6-b798-ddd431438857,Hemostatic Gauze,999,
TOOL_HOVER,305090,8/2/2023 12:53:44 PM,684d04c4-83c1-49b6-b798-ddd431438857,Hemostatic Gauze,999,
TOOL_HOVER,305106,8/2/2023 12:53:44 PM,684d04c4-83c1-49b6-b798-ddd431438857,Hemostatic Gauze,999,
TOOL_HOVER,305121,8/2/2023 12:53:44 PM,684d04c4-83c1-49b6-b798-ddd431438857,Hemostatic Gauze,999,
TOOL_HOVER,305138,8/2/2023 12:53:44 PM,684d04c4-83c1-49b6-b798-ddd431438857,Hemostatic Gauze,999,
TOOL_HOVER,305154,8/2/2023 12:53:44 PM,684d04c4-83c1-49b6-b798-ddd431438857,Hemostatic Gauze,999,
TOOL_HOVER,305170,8/2/2023 12:53:44 PM,684d04c4-83c1-49b6-b798-ddd431438857,Hemostatic Gauze,999,
TOOL_HOVER,305187,8/2/2023 12:53:44 PM,684d04c4-83c1-49b6-b798-ddd431438857,Hemostatic Gauze,999,
TOOL_HOVER,305205,8/2/2023 12:53:44 PM,684d04c4-83c1-49b6-b798-ddd431438857,Hemostatic Gauze,999,
TOOL_HOVER,305221,8/2/2023 12:53:44 PM,684d04c4-83c1-49b6-b798-ddd431438857,Hemostatic Gauze,999,
TOOL_HOVER,305238,8/2/2023 12:53:44 PM,684d04c4-83c1-49b6-b798-ddd431438857,Hemostatic Gauze,999,
TOOL_HOVER,305253,8/2/2023 12:53:44 PM,684d04c4-83c1-49b6-b798-ddd431438857,Hemostatic Gauze,999,
TOOL_HOVER,305270,8/2/2023 12:53:44 PM,684d04c4-83c1-49b6-b798-ddd431438857,Hemostatic Gauze,999,
TOOL_HOVER,305287,8/2/2023 12:53:44 PM,684d04c4-83c1-49b6-b798-ddd431438857,Hemostatic Gauze,999,
TOOL_HOVER,305304,8/2/2023 12:53:44 PM,684d04c4-83c1-49b6-b798-ddd431438857,Hemostatic Gauze,999,
TOOL_HOVER,305321,8/2/2023 12:53:44 PM,684d04c4-83c1-49b6-b798-ddd431438857,Hemostatic Gauze,999,
TOOL_HOVER,305337,8/2/2023 12:53:44 PM,684d04c4-83c1-49b6-b798-ddd431438857,Hemostatic Gauze,999,
TOOL_HOVER,305354,8/2/2023 12:53:44 PM,684d04c4-83c1-49b6-b798-ddd431438857,Hemostatic Gauze,999,
TOOL_HOVER,305369,8/2/2023 12:53:44 PM,684d04c4-83c1-49b6-b798-ddd431438857,Hemostatic Gauze,999,
TOOL_HOVER,305387,8/2/2023 12:53:44 PM,684d04c4-83c1-49b6-b798-ddd431438857,Hemostatic Gauze,999,
TOOL_HOVER,305404,8/2/2023 12:53:44 PM,684d04c4-83c1-49b6-b798-ddd431438857,Hemostatic Gauze,999,
TOOL_SELECTED,305404,8/2/2023 12:53:44 PM,684d04c4-83c1-49b6-b798-ddd431438857,Hemostatic Gauze,998,
TOOL_DISCARDED,310456,8/2/2023 12:53:49 PM,684d04c4-83c1-49b6-b798-ddd431438857,Hemostatic Gauze,998,"(3.1, 0.2, 2.5)",
INJURY_TREATED,310456,8/2/2023 12:53:49 PM,684d04c4-83c1-49b6-b798-ddd431438857,R Side Puncture,Mike_5 Root,woundpack,medium,abdomen,True,False,"(3.1, 0.3, 2.5)",
TOOL_APPLIED,310456,8/2/2023 12:53:49 PM,684d04c4-83c1-49b6-b798-ddd431438857,Mike_5 Root,Gauze_Pack,skinCollider_BodyCollideLOD (UnityEngine.GameObject),null,null,AppliedPackingGauze,
TAG_SELECTED,316746,8/2/2023 12:53:56 PM,684d04c4-83c1-49b6-b798-ddd431438857,red,
VOICE_CAPTURE,317314,8/2/2023 12:53:56 PM,684d04c4-83c1-49b6-b798-ddd431438857,there we go wound pack there,NA,
TAG_APPLIED,324231,8/2/2023 12:54:03 PM,684d04c4-83c1-49b6-b798-ddd431438857,Mike_5 Root,red,
VOICE_CAPTURE,326579,8/2/2023 12:54:05 PM,684d04c4-83c1-49b6-b798-ddd431438857,bleeding is controlled I'm still gonna make him a red,NA,
BAG_CLOSED,327246,8/2/2023 12:54:06 PM,684d04c4-83c1-49b6-b798-ddd431438857,"(3.6, 0.8, 2.1)",
TELEPORT,327246,8/2/2023 12:54:06 PM,684d04c4-83c1-49b6-b798-ddd431438857,"(3.9, 0.0, 1.4)",
VOICE_CAPTURE,329776,8/2/2023 12:54:09 PM,684d04c4-83c1-49b6-b798-ddd431438857,I hear ya,NA,
PATIENT_ENGAGED,330027,8/2/2023 12:54:09 PM,684d04c4-83c1-49b6-b798-ddd431438857,100,Infinity,Lily_2 Root,"(3.0, 0.0, 4.5)","(0.0, 1.0, 0.0, 0.0)",IMMEDIATE,waver,fast,fast,normal,agony,fetal,
BAG_ACCESS,333837,8/2/2023 12:54:13 PM,684d04c4-83c1-49b6-b798-ddd431438857,"(3.9, 0.8, 4.0)",
TOOL_HOVER,334373,8/2/2023 12:54:13 PM,684d04c4-83c1-49b6-b798-ddd431438857,Tourniquet,997,
TOOL_HOVER,334391,8/2/2023 12:54:13 PM,684d04c4-83c1-49b6-b798-ddd431438857,Tourniquet,997,
TOOL_HOVER,334406,8/2/2023 12:54:13 PM,684d04c4-83c1-49b6-b798-ddd431438857,Tourniquet,997,
TOOL_HOVER,334423,8/2/2023 12:54:13 PM,684d04c4-83c1-49b6-b798-ddd431438857,Tourniquet,997,
TOOL_HOVER,334439,8/2/2023 12:54:13 PM,684d04c4-83c1-49b6-b798-ddd431438857,Tourniquet,997,
TOOL_HOVER,334457,8/2/2023 12:54:13 PM,684d04c4-83c1-49b6-b798-ddd431438857,Tourniquet,997,
TOOL_HOVER,334473,8/2/2023 12:54:13 PM,684d04c4-83c1-49b6-b798-ddd431438857,Tourniquet,997,
TOOL_HOVER,334489,8/2/2023 12:54:13 PM,684d04c4-83c1-49b6-b798-ddd431438857,Tourniquet,997,
TOOL_HOVER,334506,8/2/2023 12:54:13 PM,684d04c4-83c1-49b6-b798-ddd431438857,Tourniquet,997,
TOOL_HOVER,334523,8/2/2023 12:54:13 PM,684d04c4-83c1-49b6-b798-ddd431438857,Tourniquet,997,
TOOL_HOVER,334539,8/2/2023 12:54:13 PM,684d04c4-83c1-49b6-b798-ddd431438857,Tourniquet,997,
TOOL_HOVER,334556,8/2/2023 12:54:13 PM,684d04c4-83c1-49b6-b798-ddd431438857,Tourniquet,997,
TOOL_HOVER,334573,8/2/2023 12:54:13 PM,684d04c4-83c1-49b6-b798-ddd431438857,Tourniquet,997,
TOOL_HOVER,334589,8/2/2023 12:54:13 PM,684d04c4-83c1-49b6-b798-ddd431438857,Tourniquet,997,
TOOL_HOVER,334606,8/2/2023 12:54:13 PM,684d04c4-83c1-49b6-b798-ddd431438857,Tourniquet,997,
TOOL_HOVER,334623,8/2/2023 12:54:13 PM,684d04c4-83c1-49b6-b798-ddd431438857,Tourniquet,997,
TOOL_HOVER,334640,8/2/2023 12:54:13 PM,684d04c4-83c1-49b6-b798-ddd431438857,Tourniquet,997,
TOOL_HOVER,334656,8/2/2023 12:54:13 PM,684d04c4-83c1-49b6-b798-ddd431438857,Tourniquet,997,
TOOL_HOVER,334671,8/2/2023 12:54:13 PM,684d04c4-83c1-49b6-b798-ddd431438857,Tourniquet,997,
TOOL_HOVER,334689,8/2/2023 12:54:13 PM,684d04c4-83c1-49b6-b798-ddd431438857,Tourniquet,997,
TOOL_HOVER,334706,8/2/2023 12:54:14 PM,684d04c4-83c1-49b6-b798-ddd431438857,Tourniquet,997,
TOOL_SELECTED,334707,8/2/2023 12:54:14 PM,684d04c4-83c1-49b6-b798-ddd431438857,Tourniquet,996,
INJURY_TREATED,338982,8/2/2023 12:54:18 PM,684d04c4-83c1-49b6-b798-ddd431438857,R Shin Amputation,Lily_2 Root,tourniquet,high,rightLeg,True,False,"(3.3, 0.1, 4.3)",
TOOL_APPLIED,338982,8/2/2023 12:54:18 PM,684d04c4-83c1-49b6-b798-ddd431438857,Lily_2 Root,Tourniquet,RightUpLeg (UnityEngine.GameObject),tor_ring (1) (UnityEngine.GameObject),tourniquet(Clone) (UnityEngine.GameObject),AppliedTourniquet,
TAG_SELECTED,344546,8/2/2023 12:54:23 PM,684d04c4-83c1-49b6-b798-ddd431438857,red,
VOICE_CAPTURE,348498,8/2/2023 12:54:27 PM,684d04c4-83c1-49b6-b798-ddd431438857,OK that's on there bleeding control she's missing the leg,NA,
TAG_APPLIED,353734,8/2/2023 12:54:33 PM,684d04c4-83c1-49b6-b798-ddd431438857,Lily_2 Root,red,
VOICE_CAPTURE,355062,8/2/2023 12:54:34 PM,684d04c4-83c1-49b6-b798-ddd431438857,yeah we'll still go red,NA,
VOICE_CAPTURE,356874,8/2/2023 12:54:36 PM,684d04c4-83c1-49b6-b798-ddd431438857,what's the difference,NA,
VOICE_CAPTURE,361149,8/2/2023 12:54:40 PM,684d04c4-83c1-49b6-b798-ddd431438857,alright who have I missed,NA,
BAG_CLOSED,361358,8/2/2023 12:54:40 PM,684d04c4-83c1-49b6-b798-ddd431438857,"(3.9, 0.8, 4.0)",
TELEPORT,361358,8/2/2023 12:54:40 PM,684d04c4-83c1-49b6-b798-ddd431438857,"(4.3, 0.0, 3.5)",
PATIENT_ENGAGED,362756,8/2/2023 12:54:42 PM,684d04c4-83c1-49b6-b798-ddd431438857,100,0,Gary_9 Root,"(2.9, 0.0, 9.0)","(0.0, 1.0, 0.0, 0.0)",MINIMAL,walker,normal,normal,limited,calm,standing,
VOICE_CAPTURE,365137,8/2/2023 12:54:44 PM,684d04c4-83c1-49b6-b798-ddd431438857,ha ha what's up with this young man,NA,
VOICE_CAPTURE,373785,8/2/2023 12:54:53 PM,684d04c4-83c1-49b6-b798-ddd431438857,OK well you were in an explosion that's probably pretty normal,NA,
VOICE_CAPTURE,380661,8/2/2023 12:54:59 PM,684d04c4-83c1-49b6-b798-ddd431438857,OK umm he can't hear how do I help him over to the green area,NA,
VOICE_CAPTURE,383020,8/2/2023 12:55:02 PM,684d04c4-83c1-49b6-b798-ddd431438857,you don't OK,NA,
BAG_ACCESS,385233,8/2/2023 12:55:04 PM,684d04c4-83c1-49b6-b798-ddd431438857,"(3.6, 0.8, 8.0)",
VOICE_CAPTURE,385784,8/2/2023 12:55:05 PM,684d04c4-83c1-49b6-b798-ddd431438857,well,NA,
TAG_SELECTED,386106,8/2/2023 12:55:05 PM,684d04c4-83c1-49b6-b798-ddd431438857,green,
VOICE_CAPTURE,387545,8/2/2023 12:55:06 PM,684d04c4-83c1-49b6-b798-ddd431438857,in that case,NA,
TAG_APPLIED,391148,8/2/2023 12:55:10 PM,684d04c4-83c1-49b6-b798-ddd431438857,Gary_9 Root,green,
VOICE_CAPTURE,391392,8/2/2023 12:55:10 PM,684d04c4-83c1-49b6-b798-ddd431438857,I know you can't hear me but,NA,
VOICE_CAPTURE,398657,8/2/2023 12:55:17 PM,684d04c4-83c1-49b6-b798-ddd431438857,just please don't fight me when I put this green band on you alright and I will try to like,NA,
VOICE_CAPTURE,403233,8/2/2023 12:55:22 PM,684d04c4-83c1-49b6-b798-ddd431438857,maybe usher him to the side or you know point to the side or whatever to,NA,
BAG_CLOSED,404851,8/2/2023 12:55:24 PM,684d04c4-83c1-49b6-b798-ddd431438857,"(3.6, 0.8, 8.0)",
TELEPORT,404851,8/2/2023 12:55:24 PM,684d04c4-83c1-49b6-b798-ddd431438857,"(3.8, 0.0, 7.1)",
VOICE_CAPTURE,404924,8/2/2023 12:55:24 PM,684d04c4-83c1-49b6-b798-ddd431438857,get him out of the way,NA,
PATIENT_ENGAGED,410578,8/2/2023 12:55:29 PM,684d04c4-83c1-49b6-b798-ddd431438857,100,Infinity,Gary_1 Root,"(1.6, 0.0, 7.6)","(0.0, 1.0, 0.0, 0.0)",EXPECTANT,still,none,restricted,none,unresponsive,supine,
VOICE_CAPTURE,413469,8/2/2023 12:55:32 PM,684d04c4-83c1-49b6-b798-ddd431438857,OK,NA,
VOICE_CAPTURE,423391,8/2/2023 12:55:42 PM,684d04c4-83c1-49b6-b798-ddd431438857,now he said everything would be exposed but he's he's got lopsided breathing here,NA,
TELEPORT,424182,8/2/2023 12:55:43 PM,684d04c4-83c1-49b6-b798-ddd431438857,"(2.4, 0.0, 7.2)",
VOICE_CAPTURE,426906,8/2/2023 12:55:46 PM,684d04c4-83c1-49b6-b798-ddd431438857,and he's also got well let me,NA,
VOICE_CAPTURE,431068,8/2/2023 12:55:50 PM,684d04c4-83c1-49b6-b798-ddd431438857,come over there so I can see his head better,NA,
VOICE_CAPTURE,432750,8/2/2023 12:55:52 PM,684d04c4-83c1-49b6-b798-ddd431438857,it's supposed to be wet,NA,
TELEPORT,440873,8/2/2023 12:56:00 PM,684d04c4-83c1-49b6-b798-ddd431438857,"(1.4, 0.0, 7.3)",
VOICE_CAPTURE,441318,8/2/2023 12:56:00 PM,684d04c4-83c1-49b6-b798-ddd431438857,yeah and he's got something sticking out of his head,NA,
BAG_ACCESS,443001,8/2/2023 12:56:02 PM,684d04c4-83c1-49b6-b798-ddd431438857,"(0.4, 0.8, 7.9)",
TAG_SELECTED,444487,8/2/2023 12:56:03 PM,684d04c4-83c1-49b6-b798-ddd431438857,gray,
VOICE_CAPTURE,448514,8/2/2023 12:56:07 PM,684d04c4-83c1-49b6-b798-ddd431438857,so I'm thinking he's the expectant one,NA,
TAG_APPLIED,452742,8/2/2023 12:56:12 PM,684d04c4-83c1-49b6-b798-ddd431438857,Gary_1 Root,gray,
VOICE_CAPTURE,457226,8/2/2023 12:56:16 PM,684d04c4-83c1-49b6-b798-ddd431438857,OK,NA,
BAG_CLOSED,462499,8/2/2023 12:56:21 PM,684d04c4-83c1-49b6-b798-ddd431438857,"(0.4, 0.8, 7.9)",
TELEPORT,462499,8/2/2023 12:56:21 PM,684d04c4-83c1-49b6-b798-ddd431438857,"(1.4, 0.0, 7.3)",
VOICE_CAPTURE,463395,8/2/2023 12:56:22 PM,684d04c4-83c1-49b6-b798-ddd431438857,and oh haven't gotten to this guy yet,NA,
VOICE_CAPTURE,473314,8/2/2023 12:56:32 PM,684d04c4-83c1-49b6-b798-ddd431438857,there you are alrighty,NA,
BAG_ACCESS,477818,8/2/2023 12:56:37 PM,684d04c4-83c1-49b6-b798-ddd431438857,"(-1.1, 0.8, 5.3)",
TAG_SELECTED,480565,8/2/2023 12:56:39 PM,684d04c4-83c1-49b6-b798-ddd431438857,black,
VOICE_CAPTURE,482906,8/2/2023 12:56:42 PM,684d04c4-83c1-49b6-b798-ddd431438857,you know what,NA,
VOICE_CAPTURE,484514,8/2/2023 12:56:43 PM,684d04c4-83c1-49b6-b798-ddd431438857,he is not breathing,NA,
VOICE_CAPTURE,492825,8/2/2023 12:56:52 PM,684d04c4-83c1-49b6-b798-ddd431438857,A hand blown off this guy's dead,NA,
TAG_APPLIED,492879,8/2/2023 12:56:52 PM,684d04c4-83c1-49b6-b798-ddd431438857,Bob_0 Root,black,
PATIENT_ENGAGED,493895,8/2/2023 12:56:53 PM,684d04c4-83c1-49b6-b798-ddd431438857,100,Infinity,Bob_0 Root,"(-1.7, 0.0, 5.7)","(0.0, 0.7, 0.0, 0.7)",DEAD,still,none,none,none,dead,supine,
BAG_CLOSED,499634,8/2/2023 12:56:58 PM,684d04c4-83c1-49b6-b798-ddd431438857,"(-1.1, 0.8, 5.3)",
TELEPORT,499634,8/2/2023 12:56:58 PM,684d04c4-83c1-49b6-b798-ddd431438857,"(-0.3, 0.0, 4.6)",
VOICE_CAPTURE,503395,8/2/2023 12:57:02 PM,684d04c4-83c1-49b6-b798-ddd431438857,OK so now I need to go over to my,NA,
VOICE_CAPTURE,508836,8/2/2023 12:57:08 PM,684d04c4-83c1-49b6-b798-ddd431438857,well as long as as long as I was there I could have,NA,
VOICE_CAPTURE,515553,8/2/2023 12:57:14 PM,684d04c4-83c1-49b6-b798-ddd431438857,and I was done with all the other people that couldn't walk I could have opened his airway,NA,
VOICE_COMMAND,515553,8/2/2023 12:57:14 PM,684d04c4-83c1-49b6-b798-ddd431438857,walk to the safe area,and I was done with all the other people that couldn't walk I could have opened his airway,
S_A_L_T_WALK_IF_CAN,515554,8/2/2023 12:57:14 PM,684d04c4-83c1-49b6-b798-ddd431438857,"(3.0, 0.0, 4.5)",walkIfCan,Lily_2 Root,
S_A_L_T_WALK_IF_CAN,515554,8/2/2023 12:57:14 PM,684d04c4-83c1-49b6-b798-ddd431438857,"(1.2, 0.0, 6.2)",walkIfCan,Lily_4 Root,
S_A_L_T_WALK_IF_CAN,515554,8/2/2023 12:57:14 PM,684d04c4-83c1-49b6-b798-ddd431438857,"(2.7, 0.0, 2.3)",walkIfCan,Mike_5 Root,
S_A_L_T_WALK_IF_CAN,515554,8/2/2023 12:57:14 PM,684d04c4-83c1-49b6-b798-ddd431438857,"(-1.2, 0.0, 3.1)",walkIfCan,Gloria_6 Root,
S_A_L_T_WALK_IF_CAN,515554,8/2/2023 12:57:14 PM,684d04c4-83c1-49b6-b798-ddd431438857,"(1.3, 0.0, 3.4)",walkIfCan,Mike_7 Root,
S_A_L_T_WALK_IF_CAN,515554,8/2/2023 12:57:14 PM,684d04c4-83c1-49b6-b798-ddd431438857,"(4.3, 0.0, -4.3)",walkIfCan,Gloria_8 Root,
S_A_L_T_WALKED,515554,8/2/2023 12:57:14 PM,684d04c4-83c1-49b6-b798-ddd431438857,"(4.3, 0.0, -4.3)",walked,Gloria_8 Root,
S_A_L_T_WALK_IF_CAN,515555,8/2/2023 12:57:14 PM,684d04c4-83c1-49b6-b798-ddd431438857,"(1.7, 0.0, -3.3)",walkIfCan,Helga_10 Root,
S_A_L_T_WALKED,515555,8/2/2023 12:57:14 PM,684d04c4-83c1-49b6-b798-ddd431438857,"(1.7, 0.0, -3.3)",walked,Helga_10 Root,
VOICE_CAPTURE,519303,8/2/2023 12:57:18 PM,684d04c4-83c1-49b6-b798-ddd431438857,you know what,NA,
PATIENT_ENGAGED,520053,8/2/2023 12:57:19 PM,684d04c4-83c1-49b6-b798-ddd431438857,100,Infinity,Helga_10 Root,"(1.7, 0.0, -3.5)","(0.0, 0.1, 0.0, 1.0)",MINIMAL,walker,normal,normal,normal,calm,sittingGround,
TELEPORT,521911,8/2/2023 12:57:21 PM,684d04c4-83c1-49b6-b798-ddd431438857,"(3.2, 0.0, -1.5)",
VOICE_CAPTURE,522430,8/2/2023 12:57:21 PM,684d04c4-83c1-49b6-b798-ddd431438857,alright yeah he's done,NA,
VOICE_CAPTURE,524986,8/2/2023 12:57:24 PM,684d04c4-83c1-49b6-b798-ddd431438857,OK,NA,
VOICE_CAPTURE,529149,8/2/2023 12:57:28 PM,684d04c4-83c1-49b6-b798-ddd431438857,how are you doing,NA,
VOICE_COMMAND,529149,8/2/2023 12:57:28 PM,684d04c4-83c1-49b6-b798-ddd431438857,are you hurt,how are you doing,
VOICE_CAPTURE,530665,8/2/2023 12:57:29 PM,684d04c4-83c1-49b6-b798-ddd431438857,modbutton im okay,NA,
VOICE_COMMAND,530665,8/2/2023 12:57:29 PM,684d04c4-83c1-49b6-b798-ddd431438857,modbutton im okay,modbutton im okay,
PULSE_TAKEN,531104,8/2/2023 12:57:30 PM,684d04c4-83c1-49b6-b798-ddd431438857,pulse_normal,Helga_10 Root,
PULSE_TAKEN,536307,8/2/2023 12:57:35 PM,684d04c4-83c1-49b6-b798-ddd431438857,pulse_normal,Helga_10 Root,
VOICE_CAPTURE,536999,8/2/2023 12:57:36 PM,684d04c4-83c1-49b6-b798-ddd431438857,we've got a pulse,NA,
VOICE_CAPTURE,541791,8/2/2023 12:57:41 PM,684d04c4-83c1-49b6-b798-ddd431438857,Yep,NA,
VOICE_CAPTURE,543567,8/2/2023 12:57:42 PM,684d04c4-83c1-49b6-b798-ddd431438857,don't see any actual,NA,
VOICE_CAPTURE,548024,8/2/2023 12:57:47 PM,684d04c4-83c1-49b6-b798-ddd431438857,injuries she was able to walk,NA,
VOICE_COMMAND,548024,8/2/2023 12:57:47 PM,684d04c4-83c1-49b6-b798-ddd431438857,are you hurt,injuries she was able to walk,
VOICE_COMMAND,548024,8/2/2023 12:57:47 PM,684d04c4-83c1-49b6-b798-ddd431438857,walk to the safe area,injuries she was able to walk,
S_A_L_T_WALK_IF_CAN,548027,8/2/2023 12:57:47 PM,684d04c4-83c1-49b6-b798-ddd431438857,"(3.0, 0.0, 4.5)",walkIfCan,Lily_2 Root,
S_A_L_T_WALK_IF_CAN,548027,8/2/2023 12:57:47 PM,684d04c4-83c1-49b6-b798-ddd431438857,"(1.2, 0.0, 6.2)",walkIfCan,Lily_4 Root,
S_A_L_T_WALK_IF_CAN,548027,8/2/2023 12:57:47 PM,684d04c4-83c1-49b6-b798-ddd431438857,"(2.7, 0.0, 2.3)",walkIfCan,Mike_5 Root,
S_A_L_T_WALK_IF_CAN,548027,8/2/2023 12:57:47 PM,684d04c4-83c1-49b6-b798-ddd431438857,"(-1.2, 0.0, 3.1)",walkIfCan,Gloria_6 Root,
S_A_L_T_WALK_IF_CAN,548027,8/2/2023 12:57:47 PM,684d04c4-83c1-49b6-b798-ddd431438857,"(1.3, 0.0, 3.4)",walkIfCan,Mike_7 Root,
S_A_L_T_WALK_IF_CAN,548027,8/2/2023 12:57:47 PM,684d04c4-83c1-49b6-b798-ddd431438857,"(4.3, 0.0, -4.3)",walkIfCan,Gloria_8 Root,
S_A_L_T_WALKED,548027,8/2/2023 12:57:47 PM,684d04c4-83c1-49b6-b798-ddd431438857,"(4.3, 0.0, -4.3)",walked,Gloria_8 Root,
S_A_L_T_WALK_IF_CAN,548027,8/2/2023 12:57:47 PM,684d04c4-83c1-49b6-b798-ddd431438857,"(1.7, 0.0, -3.5)",walkIfCan,Helga_10 Root,
S_A_L_T_WALKED,548027,8/2/2023 12:57:47 PM,684d04c4-83c1-49b6-b798-ddd431438857,"(1.7, 0.0, -3.5)",walked,Helga_10 Root,
VOICE_CAPTURE,551862,8/2/2023 12:57:51 PM,684d04c4-83c1-49b6-b798-ddd431438857,she's looking at me she can talk she responds,NA,
VOICE_CAPTURE,554017,8/2/2023 12:57:53 PM,684d04c4-83c1-49b6-b798-ddd431438857,modbutton im okay,NA,
VOICE_COMMAND,554017,8/2/2023 12:57:53 PM,684d04c4-83c1-49b6-b798-ddd431438857,modbutton im okay,modbutton im okay,
PULSE_TAKEN,554391,8/2/2023 12:57:53 PM,684d04c4-83c1-49b6-b798-ddd431438857,pulse_normal,Helga_10 Root,
VOICE_CAPTURE,554429,8/2/2023 12:57:53 PM,684d04c4-83c1-49b6-b798-ddd431438857,she said she's OK,NA,
VOICE_CAPTURE,557158,8/2/2023 12:57:56 PM,684d04c4-83c1-49b6-b798-ddd431438857,got a little,NA,
VOICE_CAPTURE,559556,8/2/2023 12:57:58 PM,684d04c4-83c1-49b6-b798-ddd431438857,damn quit doing that,NA,
TELEPORT,564553,8/2/2023 12:58:03 PM,684d04c4-83c1-49b6-b798-ddd431438857,"(3.3, 0.0, -3.1)",
TELEPORT,566563,8/2/2023 12:58:05 PM,684d04c4-83c1-49b6-b798-ddd431438857,"(3.3, 0.0, -3.1)",
VOICE_CAPTURE,566599,8/2/2023 12:58:05 PM,684d04c4-83c1-49b6-b798-ddd431438857,OK I'm gonna say she's OK or at least that's what she says so,NA,
VOICE_CAPTURE,568438,8/2/2023 12:58:07 PM,684d04c4-83c1-49b6-b798-ddd431438857,hey,NA,
BAG_ACCESS,569581,8/2/2023 12:58:08 PM,684d04c4-83c1-49b6-b798-ddd431438857,"(2.0, 0.7, -2.9)",
TAG_SELECTED,570952,8/2/2023 12:58:10 PM,684d04c4-83c1-49b6-b798-ddd431438857,green,
VOICE_CAPTURE,575236,8/2/2023 12:58:14 PM,684d04c4-83c1-49b6-b798-ddd431438857,hey that actually applied this time,NA,
TAG_APPLIED,578551,8/2/2023 12:58:17 PM,684d04c4-83c1-49b6-b798-ddd431438857,Helga_10 Root,green,
BAG_CLOSED,582062,8/2/2023 12:58:21 PM,684d04c4-83c1-49b6-b798-ddd431438857,"(2.0, 0.7, -2.9)",
TELEPORT,582062,8/2/2023 12:58:21 PM,684d04c4-83c1-49b6-b798-ddd431438857,"(3.3, 0.0, -3.1)",
PATIENT_ENGAGED,584066,8/2/2023 12:58:23 PM,684d04c4-83c1-49b6-b798-ddd431438857,100,Infinity,Gloria_8 Root,"(4.3, 0.0, -4.3)","(0.0, 0.5, 0.0, -0.9)",MINIMAL,walker,normal,normal,normal,upset,standing,
VOICE_CAPTURE,588352,8/2/2023 12:58:27 PM,684d04c4-83c1-49b6-b798-ddd431438857,OK how are you,NA,
VOICE_COMMAND,588352,8/2/2023 12:58:27 PM,684d04c4-83c1-49b6-b798-ddd431438857,are you hurt,OK how are you,
VOICE_CAPTURE,594918,8/2/2023 12:58:34 PM,684d04c4-83c1-49b6-b798-ddd431438857,oh your army is bleeding,NA,
BAG_ACCESS,597438,8/2/2023 12:58:36 PM,684d04c4-83c1-49b6-b798-ddd431438857,"(3.6, 0.8, -4.0)",
VOICE_CAPTURE,598103,8/2/2023 12:58:37 PM,684d04c4-83c1-49b6-b798-ddd431438857,OK do you have any other injuries,NA,
VOICE_COMMAND,598103,8/2/2023 12:58:37 PM,684d04c4-83c1-49b6-b798-ddd431438857,are you hurt,OK do you have any other injuries,
VOICE_COMMAND,598103,8/2/2023 12:58:37 PM,684d04c4-83c1-49b6-b798-ddd431438857,anywhere else,OK do you have any other injuries,
TAG_SELECTED,598721,8/2/2023 12:58:38 PM,684d04c4-83c1-49b6-b798-ddd431438857,gray,
TAG_DISCARDED,601553,8/2/2023 12:58:40 PM,684d04c4-83c1-49b6-b798-ddd431438857,gray,"(3.5, 1.3, -4.2)",
TAG_SELECTED,602658,8/2/2023 12:58:41 PM,684d04c4-83c1-49b6-b798-ddd431438857,green,
VOICE_CAPTURE,603924,8/2/2023 12:58:43 PM,684d04c4-83c1-49b6-b798-ddd431438857,modbutton no,NA,
VOICE_COMMAND,603924,8/2/2023 12:58:43 PM,684d04c4-83c1-49b6-b798-ddd431438857,modbutton no,modbutton no,
VOICE_CAPTURE,605018,8/2/2023 12:58:44 PM,684d04c4-83c1-49b6-b798-ddd431438857,modbutton im okay,NA,
VOICE_COMMAND,605018,8/2/2023 12:58:44 PM,684d04c4-83c1-49b6-b798-ddd431438857,modbutton im okay,modbutton im okay,
TAG_APPLIED,606974,8/2/2023 12:58:46 PM,684d04c4-83c1-49b6-b798-ddd431438857,Gloria_8 Root,green,
TOOL_HOVER,610463,8/2/2023 12:58:49 PM,684d04c4-83c1-49b6-b798-ddd431438857,Gauze,999,
TOOL_HOVER,610483,8/2/2023 12:58:49 PM,684d04c4-83c1-49b6-b798-ddd431438857,Gauze,999,
TOOL_HOVER,610502,8/2/2023 12:58:49 PM,684d04c4-83c1-49b6-b798-ddd431438857,Gauze,999,
TOOL_HOVER,610522,8/2/2023 12:58:49 PM,684d04c4-83c1-49b6-b798-ddd431438857,Gauze,999,
TOOL_HOVER,610540,8/2/2023 12:58:49 PM,684d04c4-83c1-49b6-b798-ddd431438857,Gauze,999,
TOOL_HOVER,610561,8/2/2023 12:58:49 PM,684d04c4-83c1-49b6-b798-ddd431438857,Gauze,999,
TOOL_HOVER,610581,8/2/2023 12:58:49 PM,684d04c4-83c1-49b6-b798-ddd431438857,Gauze,999,
TOOL_HOVER,610603,8/2/2023 12:58:49 PM,684d04c4-83c1-49b6-b798-ddd431438857,Gauze,999,
TOOL_HOVER,610623,8/2/2023 12:58:49 PM,684d04c4-83c1-49b6-b798-ddd431438857,Gauze,999,
TOOL_HOVER,610643,8/2/2023 12:58:49 PM,684d04c4-83c1-49b6-b798-ddd431438857,Gauze,999,
TOOL_HOVER,610663,8/2/2023 12:58:49 PM,684d04c4-83c1-49b6-b798-ddd431438857,Gauze,999,
TOOL_HOVER,610682,8/2/2023 12:58:49 PM,684d04c4-83c1-49b6-b798-ddd431438857,Gauze,999,
TOOL_HOVER,610700,8/2/2023 12:58:50 PM,684d04c4-83c1-49b6-b798-ddd431438857,Gauze,999,
TOOL_SELECTED,610704,8/2/2023 12:58:50 PM,684d04c4-83c1-49b6-b798-ddd431438857,Gauze,998,
TOOL_DISCARDED,613523,8/2/2023 12:58:52 PM,684d04c4-83c1-49b6-b798-ddd431438857,Gauze,998,"(4.1, 0.9, -4.4)",
INJURY_TREATED,613523,8/2/2023 12:58:52 PM,684d04c4-83c1-49b6-b798-ddd431438857,L Forearm Laceration,Gloria_8 Root,gauzePressure,low,leftArm,True,False,"(4.0, 0.9, -4.4)",
TOOL_APPLIED,613523,8/2/2023 12:58:52 PM,684d04c4-83c1-49b6-b798-ddd431438857,Gloria_8 Root,Gauze_Dressing,skinCollider_Body_LOD (UnityEngine.GameObject),null,null,AppliedDressingGauze,
BAG_CLOSED,628561,8/2/2023 12:59:07 PM,684d04c4-83c1-49b6-b798-ddd431438857,"(3.6, 0.8, -4.0)",
TELEPORT,628561,8/2/2023 12:59:07 PM,684d04c4-83c1-49b6-b798-ddd431438857,"(5.0, 0.0, -4.1)",
TELEPORT,648057,8/2/2023 12:59:27 PM,684d04c4-83c1-49b6-b798-ddd431438857,"(3.5, 0.0, 0.9)",
TELEPORT,663126,8/2/2023 12:59:42 PM,684d04c4-83c1-49b6-b798-ddd431438857,"(4.2, 0.0, 3.0)",
BAG_ACCESS,673315,8/2/2023 12:59:52 PM,684d04c4-83c1-49b6-b798-ddd431438857,"(1.4, 0.8, 4.3)",
TOOL_HOVER,674365,8/2/2023 12:59:53 PM,684d04c4-83c1-49b6-b798-ddd431438857,Gauze,999,
TOOL_HOVER,674383,8/2/2023 12:59:53 PM,684d04c4-83c1-49b6-b798-ddd431438857,Gauze,999,
TOOL_HOVER,674405,8/2/2023 12:59:53 PM,684d04c4-83c1-49b6-b798-ddd431438857,Gauze,999,
TOOL_HOVER,674424,8/2/2023 12:59:53 PM,684d04c4-83c1-49b6-b798-ddd431438857,Gauze,999,
TOOL_HOVER,674444,8/2/2023 12:59:53 PM,684d04c4-83c1-49b6-b798-ddd431438857,Gauze,999,
TOOL_HOVER,674463,8/2/2023 12:59:53 PM,684d04c4-83c1-49b6-b798-ddd431438857,Gauze,999,
TOOL_HOVER,674481,8/2/2023 12:59:53 PM,684d04c4-83c1-49b6-b798-ddd431438857,Gauze,999,
TOOL_HOVER,674501,8/2/2023 12:59:53 PM,684d04c4-83c1-49b6-b798-ddd431438857,Gauze,999,
TOOL_HOVER,674521,8/2/2023 12:59:53 PM,684d04c4-83c1-49b6-b798-ddd431438857,Gauze,999,
TOOL_HOVER,674543,8/2/2023 12:59:53 PM,684d04c4-83c1-49b6-b798-ddd431438857,Gauze,999,
TOOL_HOVER,674561,8/2/2023 12:59:53 PM,684d04c4-83c1-49b6-b798-ddd431438857,Gauze,999,
TOOL_HOVER,674581,8/2/2023 12:59:53 PM,684d04c4-83c1-49b6-b798-ddd431438857,Gauze,999,
TOOL_HOVER,674602,8/2/2023 12:59:53 PM,684d04c4-83c1-49b6-b798-ddd431438857,Gauze,999,
TOOL_HOVER,674622,8/2/2023 12:59:53 PM,684d04c4-83c1-49b6-b798-ddd431438857,Gauze,999,
TOOL_HOVER,674642,8/2/2023 12:59:53 PM,684d04c4-83c1-49b6-b798-ddd431438857,Gauze,999,
TOOL_HOVER,674661,8/2/2023 12:59:53 PM,684d04c4-83c1-49b6-b798-ddd431438857,Gauze,999,
TOOL_HOVER,674683,8/2/2023 12:59:53 PM,684d04c4-83c1-49b6-b798-ddd431438857,Gauze,999,
TOOL_HOVER,674704,8/2/2023 12:59:54 PM,684d04c4-83c1-49b6-b798-ddd431438857,Gauze,999,
TOOL_SELECTED,674705,8/2/2023 12:59:54 PM,684d04c4-83c1-49b6-b798-ddd431438857,Gauze,998,
PATIENT_ENGAGED,675359,8/2/2023 12:59:54 PM,684d04c4-83c1-49b6-b798-ddd431438857,100,Infinity,Mike_7 Root,"(1.3, 0.0, 3.4)","(0.0, 0.1, 0.0, 1.0)",DELAYED,waver,fast,normal,normal,upset,sittingGround,
TOOL_DISCARDED,680501,8/2/2023 12:59:59 PM,684d04c4-83c1-49b6-b798-ddd431438857,Gauze,998,"(1.3, 0.2, 3.8)",
TOOL_DISCARDED,680501,8/2/2023 12:59:59 PM,684d04c4-83c1-49b6-b798-ddd431438857,Gauze,999,"(1.3, 0.2, 3.8)",
TOOL_HOVER,683276,8/2/2023 1:00:02 PM,684d04c4-83c1-49b6-b798-ddd431438857,Gauze,1000,
TOOL_HOVER,683295,8/2/2023 1:00:02 PM,684d04c4-83c1-49b6-b798-ddd431438857,Gauze,1000,
TOOL_HOVER,683313,8/2/2023 1:00:02 PM,684d04c4-83c1-49b6-b798-ddd431438857,Gauze,1000,
TOOL_HOVER,683332,8/2/2023 1:00:02 PM,684d04c4-83c1-49b6-b798-ddd431438857,Gauze,1000,
TOOL_HOVER,683354,8/2/2023 1:00:02 PM,684d04c4-83c1-49b6-b798-ddd431438857,Gauze,1000,
TOOL_HOVER,683374,8/2/2023 1:00:02 PM,684d04c4-83c1-49b6-b798-ddd431438857,Gauze,1000,
TOOL_HOVER,683393,8/2/2023 1:00:02 PM,684d04c4-83c1-49b6-b798-ddd431438857,Gauze,1000,
TOOL_HOVER,683410,8/2/2023 1:00:02 PM,684d04c4-83c1-49b6-b798-ddd431438857,Gauze,1000,
TOOL_HOVER,683430,8/2/2023 1:00:02 PM,684d04c4-83c1-49b6-b798-ddd431438857,Gauze,1000,
TOOL_HOVER,683449,8/2/2023 1:00:02 PM,684d04c4-83c1-49b6-b798-ddd431438857,Gauze,1000,
TOOL_HOVER,683468,8/2/2023 1:00:02 PM,684d04c4-83c1-49b6-b798-ddd431438857,Gauze,1000,
TOOL_HOVER,683491,8/2/2023 1:00:02 PM,684d04c4-83c1-49b6-b798-ddd431438857,Gauze,1000,
TOOL_HOVER,683509,8/2/2023 1:00:02 PM,684d04c4-83c1-49b6-b798-ddd431438857,Gauze,1000,
TOOL_HOVER,683529,8/2/2023 1:00:02 PM,684d04c4-83c1-49b6-b798-ddd431438857,Gauze,1000,
TOOL_HOVER,683549,8/2/2023 1:00:02 PM,684d04c4-83c1-49b6-b798-ddd431438857,Gauze,1000,
TOOL_HOVER,683568,8/2/2023 1:00:02 PM,684d04c4-83c1-49b6-b798-ddd431438857,Gauze,1000,
TOOL_HOVER,683589,8/2/2023 1:00:02 PM,684d04c4-83c1-49b6-b798-ddd431438857,Gauze,1000,
TOOL_HOVER,683607,8/2/2023 1:00:02 PM,684d04c4-83c1-49b6-b798-ddd431438857,Gauze,1000,
TOOL_SELECTED,683608,8/2/2023 1:00:02 PM,684d04c4-83c1-49b6-b798-ddd431438857,Gauze,999,
TOOL_DISCARDED,687172,8/2/2023 1:00:06 PM,684d04c4-83c1-49b6-b798-ddd431438857,Gauze,999,"(1.3, 0.1, 3.8)",
INJURY_TREATED,687172,8/2/2023 1:00:06 PM,684d04c4-83c1-49b6-b798-ddd431438857,R Calf Laceration,Mike_7 Root,gauzePressure,low,rightLeg,True,False,"(1.3, 0.1, 3.8)",
TOOL_APPLIED,687172,8/2/2023 1:00:06 PM,684d04c4-83c1-49b6-b798-ddd431438857,Mike_7 Root,Gauze_Dressing,skinCollider_BodyCollideLOD (UnityEngine.GameObject),null,null,AppliedDressingGauze,
BAG_CLOSED,704278,8/2/2023 1:00:23 PM,684d04c4-83c1-49b6-b798-ddd431438857,"(1.4, 0.8, 4.3)",
TELEPORT,704279,8/2/2023 1:00:23 PM,684d04c4-83c1-49b6-b798-ddd431438857,"(2.8, 0.0, 3.6)",
TELEPORT,704534,8/2/2023 1:00:23 PM,684d04c4-83c1-49b6-b798-ddd431438857,"(2.8, 0.0, 3.6)",
PATIENT_ENGAGED,707409,8/2/2023 1:00:26 PM,684d04c4-83c1-49b6-b798-ddd431438857,100,Infinity,Gloria_6 Root,"(-1.2, 0.0, 3.1)","(0.0, 0.4, 0.0, 0.9)",DELAYED,waver,fast,normal,normal,upset,fetal,
TELEPORT,714450,8/2/2023 1:00:33 PM,684d04c4-83c1-49b6-b798-ddd431438857,"(1.0, 0.0, 3.1)",
TELEPORT,734237,8/2/2023 1:00:53 PM,684d04c4-83c1-49b6-b798-ddd431438857,"(0.8, 0.0, 4.2)",
BAG_ACCESS,746165,8/2/2023 1:01:05 PM,684d04c4-83c1-49b6-b798-ddd431438857,"(0.6, 0.7, 5.8)",
TOOL_HOVER,747375,8/2/2023 1:01:06 PM,684d04c4-83c1-49b6-b798-ddd431438857,Gauze,1000,
TOOL_HOVER,747394,8/2/2023 1:01:06 PM,684d04c4-83c1-49b6-b798-ddd431438857,Gauze,1000,
TOOL_HOVER,747417,8/2/2023 1:01:06 PM,684d04c4-83c1-49b6-b798-ddd431438857,Gauze,1000,
TOOL_HOVER,747437,8/2/2023 1:01:06 PM,684d04c4-83c1-49b6-b798-ddd431438857,Gauze,1000,
TOOL_HOVER,747456,8/2/2023 1:01:06 PM,684d04c4-83c1-49b6-b798-ddd431438857,Gauze,1000,
TOOL_HOVER,747476,8/2/2023 1:01:06 PM,684d04c4-83c1-49b6-b798-ddd431438857,Gauze,1000,
TOOL_HOVER,747495,8/2/2023 1:01:06 PM,684d04c4-83c1-49b6-b798-ddd431438857,Gauze,1000,
TOOL_HOVER,747515,8/2/2023 1:01:06 PM,684d04c4-83c1-49b6-b798-ddd431438857,Gauze,1000,
TOOL_HOVER,747535,8/2/2023 1:01:06 PM,684d04c4-83c1-49b6-b798-ddd431438857,Gauze,1000,
TOOL_HOVER,747558,8/2/2023 1:01:06 PM,684d04c4-83c1-49b6-b798-ddd431438857,Gauze,1000,
TOOL_HOVER,747578,8/2/2023 1:01:06 PM,684d04c4-83c1-49b6-b798-ddd431438857,Gauze,1000,
TOOL_HOVER,747599,8/2/2023 1:01:06 PM,684d04c4-83c1-49b6-b798-ddd431438857,Gauze,1000,
TOOL_HOVER,747619,8/2/2023 1:01:06 PM,684d04c4-83c1-49b6-b798-ddd431438857,Gauze,1000,
TOOL_HOVER,747639,8/2/2023 1:01:06 PM,684d04c4-83c1-49b6-b798-ddd431438857,Gauze,1000,
TOOL_HOVER,747659,8/2/2023 1:01:06 PM,684d04c4-83c1-49b6-b798-ddd431438857,Gauze,1000,
TOOL_HOVER,747680,8/2/2023 1:01:06 PM,684d04c4-83c1-49b6-b798-ddd431438857,Gauze,1000,
TOOL_HOVER,747703,8/2/2023 1:01:07 PM,684d04c4-83c1-49b6-b798-ddd431438857,Gauze,1000,
TOOL_HOVER,747724,8/2/2023 1:01:07 PM,684d04c4-83c1-49b6-b798-ddd431438857,Gauze,1000,
TOOL_HOVER,747742,8/2/2023 1:01:07 PM,684d04c4-83c1-49b6-b798-ddd431438857,Gauze,1000,
TOOL_HOVER,747761,8/2/2023 1:01:07 PM,684d04c4-83c1-49b6-b798-ddd431438857,Gauze,1000,
TOOL_HOVER,747781,8/2/2023 1:01:07 PM,684d04c4-83c1-49b6-b798-ddd431438857,Gauze,1000,
TOOL_HOVER,747801,8/2/2023 1:01:07 PM,684d04c4-83c1-49b6-b798-ddd431438857,Gauze,1000,
TOOL_HOVER,747821,8/2/2023 1:01:07 PM,684d04c4-83c1-49b6-b798-ddd431438857,Gauze,1000,
TOOL_HOVER,747843,8/2/2023 1:01:07 PM,684d04c4-83c1-49b6-b798-ddd431438857,Gauze,1000,
TOOL_HOVER,747862,8/2/2023 1:01:07 PM,684d04c4-83c1-49b6-b798-ddd431438857,Gauze,1000,
TOOL_HOVER,747882,8/2/2023 1:01:07 PM,684d04c4-83c1-49b6-b798-ddd431438857,Gauze,1000,
TOOL_HOVER,747903,8/2/2023 1:01:07 PM,684d04c4-83c1-49b6-b798-ddd431438857,Gauze,1000,
TOOL_HOVER,747923,8/2/2023 1:01:07 PM,684d04c4-83c1-49b6-b798-ddd431438857,Gauze,1000,
TOOL_HOVER,747941,8/2/2023 1:01:07 PM,684d04c4-83c1-49b6-b798-ddd431438857,Gauze,1000,
TOOL_HOVER,747960,8/2/2023 1:01:07 PM,684d04c4-83c1-49b6-b798-ddd431438857,Gauze,1000,
TOOL_HOVER,747983,8/2/2023 1:01:07 PM,684d04c4-83c1-49b6-b798-ddd431438857,Gauze,1000,
TOOL_HOVER,748004,8/2/2023 1:01:07 PM,684d04c4-83c1-49b6-b798-ddd431438857,Gauze,1000,
TOOL_HOVER,748023,8/2/2023 1:01:07 PM,684d04c4-83c1-49b6-b798-ddd431438857,Gauze,1000,
TOOL_HOVER,748044,8/2/2023 1:01:07 PM,684d04c4-83c1-49b6-b798-ddd431438857,Gauze,1000,
TOOL_HOVER,748064,8/2/2023 1:01:07 PM,684d04c4-83c1-49b6-b798-ddd431438857,Gauze,1000,
TOOL_HOVER,748083,8/2/2023 1:01:07 PM,684d04c4-83c1-49b6-b798-ddd431438857,Gauze,1000,
TOOL_HOVER,748102,8/2/2023 1:01:07 PM,684d04c4-83c1-49b6-b798-ddd431438857,Gauze,1000,
TOOL_HOVER,748125,8/2/2023 1:01:07 PM,684d04c4-83c1-49b6-b798-ddd431438857,Gauze,1000,
TOOL_HOVER,748144,8/2/2023 1:01:07 PM,684d04c4-83c1-49b6-b798-ddd431438857,Gauze,1000,
TOOL_HOVER,748163,8/2/2023 1:01:07 PM,684d04c4-83c1-49b6-b798-ddd431438857,Gauze,1000,
TOOL_HOVER,748181,8/2/2023 1:01:07 PM,684d04c4-83c1-49b6-b798-ddd431438857,Gauze,1000,
TOOL_HOVER,748202,8/2/2023 1:01:07 PM,684d04c4-83c1-49b6-b798-ddd431438857,Gauze,1000,
TOOL_SELECTED,748203,8/2/2023 1:01:07 PM,684d04c4-83c1-49b6-b798-ddd431438857,Gauze,999,
PATIENT_ENGAGED,749912,8/2/2023 1:01:09 PM,684d04c4-83c1-49b6-b798-ddd431438857,100,Infinity,Lily_4 Root,"(1.2, 0.0, 6.2)","(0.0, 1.0, 0.0, 0.0)",IMMEDIATE,waver,fast,normal,normal,upset,fetal,
TOOL_DISCARDED,756749,8/2/2023 1:01:16 PM,684d04c4-83c1-49b6-b798-ddd431438857,Gauze,999,"(0.9, 0.3, 6.5)",
TOOL_APPLIED,756750,8/2/2023 1:01:16 PM,684d04c4-83c1-49b6-b798-ddd431438857,Lily_4 Root,Gauze_Dressing,skinCollider_BodyLOD (UnityEngine.GameObject),null,null,AppliedDressingGauze,
TOOL_HOVER,765775,8/2/2023 1:01:25 PM,684d04c4-83c1-49b6-b798-ddd431438857,Hemostatic Gauze,999,
TOOL_HOVER,765795,8/2/2023 1:01:25 PM,684d04c4-83c1-49b6-b798-ddd431438857,Hemostatic Gauze,999,
TOOL_HOVER,765815,8/2/2023 1:01:25 PM,684d04c4-83c1-49b6-b798-ddd431438857,Hemostatic Gauze,999,
TOOL_HOVER,765836,8/2/2023 1:01:25 PM,684d04c4-83c1-49b6-b798-ddd431438857,Hemostatic Gauze,999,
TOOL_HOVER,765856,8/2/2023 1:01:25 PM,684d04c4-83c1-49b6-b798-ddd431438857,Hemostatic Gauze,999,
TOOL_HOVER,765875,8/2/2023 1:01:25 PM,684d04c4-83c1-49b6-b798-ddd431438857,Hemostatic Gauze,999,
TOOL_HOVER,765898,8/2/2023 1:01:25 PM,684d04c4-83c1-49b6-b798-ddd431438857,Hemostatic Gauze,999,
TOOL_HOVER,765919,8/2/2023 1:01:25 PM,684d04c4-83c1-49b6-b798-ddd431438857,Hemostatic Gauze,999,
TOOL_HOVER,765940,8/2/2023 1:01:25 PM,684d04c4-83c1-49b6-b798-ddd431438857,Hemostatic Gauze,999,
TOOL_HOVER,765960,8/2/2023 1:01:25 PM,684d04c4-83c1-49b6-b798-ddd431438857,Hemostatic Gauze,999,
TOOL_HOVER,765980,8/2/2023 1:01:25 PM,684d04c4-83c1-49b6-b798-ddd431438857,Hemostatic Gauze,999,
TOOL_HOVER,765999,8/2/2023 1:01:25 PM,684d04c4-83c1-49b6-b798-ddd431438857,Hemostatic Gauze,999,
TOOL_HOVER,766020,8/2/2023 1:01:25 PM,684d04c4-83c1-49b6-b798-ddd431438857,Hemostatic Gauze,999,
TOOL_HOVER,766043,8/2/2023 1:01:25 PM,684d04c4-83c1-49b6-b798-ddd431438857,Hemostatic Gauze,999,
TOOL_HOVER,766063,8/2/2023 1:01:25 PM,684d04c4-83c1-49b6-b798-ddd431438857,Hemostatic Gauze,999,
TOOL_HOVER,766084,8/2/2023 1:01:25 PM,684d04c4-83c1-49b6-b798-ddd431438857,Hemostatic Gauze,999,
TOOL_HOVER,766103,8/2/2023 1:01:25 PM,684d04c4-83c1-49b6-b798-ddd431438857,Hemostatic Gauze,999,
TOOL_HOVER,766124,8/2/2023 1:01:25 PM,684d04c4-83c1-49b6-b798-ddd431438857,Hemostatic Gauze,999,
TOOL_SELECTED,766125,8/2/2023 1:01:25 PM,684d04c4-83c1-49b6-b798-ddd431438857,Hemostatic Gauze,998,
TOOL_DISCARDED,769367,8/2/2023 1:01:28 PM,684d04c4-83c1-49b6-b798-ddd431438857,Hemostatic Gauze,998,"(0.9, 0.2, 6.5)",
INJURY_TREATED,769367,8/2/2023 1:01:28 PM,684d04c4-83c1-49b6-b798-ddd431438857,L Side Puncture,Lily_4 Root,woundpack,medium,abdomen,True,True,"(0.9, 0.2, 6.5)",
TOOL_APPLIED,769368,8/2/2023 1:01:28 PM,684d04c4-83c1-49b6-b798-ddd431438857,Lily_4 Root,Gauze_Pack,skinCollider_BodyLOD (UnityEngine.GameObject),null,null,AppliedPackingGauze,
TAG_SELECTED,776675,8/2/2023 1:01:35 PM,684d04c4-83c1-49b6-b798-ddd431438857,yellow,
TAG_APPLIED,780541,8/2/2023 1:01:39 PM,684d04c4-83c1-49b6-b798-ddd431438857,Lily_4 Root,yellow,
BAG_CLOSED,787872,8/2/2023 1:01:47 PM,684d04c4-83c1-49b6-b798-ddd431438857,"(0.6, 0.7, 5.8)",
TELEPORT,787872,8/2/2023 1:01:47 PM,684d04c4-83c1-49b6-b798-ddd431438857,"(2.0, 0.0, 5.2)",
PATIENT_ENGAGED,791484,8/2/2023 1:01:50 PM,684d04c4-83c1-49b6-b798-ddd431438857,100,Infinity,Gary_1 Root,"(1.6, 0.0, 7.6)","(0.0, 1.0, 0.0, 0.0)",EXPECTANT,still,none,restricted,none,unresponsive,supine,
SESSION_END,835130,8/2/2023 1:02:34 PM,684d04c4-83c1-49b6-b798-ddd431438857,
PATIENT_ENGAGED,843527,8/2/2023 1:02:42 PM,684d04c4-83c1-49b6-b798-ddd431438857,100,Infinity,Lily_4 Root,"(1.2, 0.0, 6.2)","(0.0, 1.0, 0.0, 0.0)",IMMEDIATE,waver,fast,normal,normal,upset,fetal,
