VOICE_CAPTURE,6323,8/16/2023 9:45:04 AM,7c2549d4-97a4-4389-bd03-029396714f59,How are you tapping,NA,
PATIENT_DEMOTED,6326,8/16/2023 9:45:04 AM,7c2549d4-97a4-4389-bd03-029396714f59,100,Infinity,Bob_0 Root,"(-1.4, 0.0, 5.6)","(0.0, 0.7, 0.0, 0.7)",EXPECTANT,still,faint,restricted,none,unresponsive,supine,
PATIENT_DEMOTED,6559,8/16/2023 9:45:04 AM,7c2549d4-97a4-4389-bd03-029396714f59,100,Infinity,Bob_0 Root,"(-1.5, 0.0, 5.6)","(0.0, 0.7, 0.0, 0.7)",DEAD,still,none,none,none,dead,supine,
PATIENT_DEMOTED,6770,8/16/2023 9:45:04 AM,7c2549d4-97a4-4389-bd03-029396714f59,100,Infinity,Gary_1 Root,"(1.7, 0.0, 7.4)","(0.0, 1.0, 0.0, 0.0)",EXPECTANT,still,faint,restricted,none,unresponsive,supine,
PATIENT_DEMOTED,7519,8/16/2023 9:45:05 AM,7c2549d4-97a4-4389-bd03-029396714f59,100,Infinity,Lily_2 Root,"(2.8, 0.0, 4.3)","(0.0, 1.0, 0.0, 0.0)",IMMEDIATE,waver,fast,fast,normal,agony,fetal,
PATIENT_DEMOTED,8260,8/16/2023 9:45:06 AM,7c2549d4-97a4-4389-bd03-029396714f59,100,0,Gary_3 Root,"(0.3, 0.0, 1.6)","(0.0, 0.0, 0.0, 1.0)",IMMEDIATE,still,faint,collapsedRight,normal,unresponsive,supine,
PATIENT_DEMOTED,8999,8/16/2023 9:45:07 AM,7c2549d4-97a4-4389-bd03-029396714f59,100,Infinity,Lily_4 Root,"(1.2, 0.0, 6.3)","(0.0, 1.0, 0.0, 0.0)",IMMEDIATE,waver,fast,normal,normal,upset,fetal,
PATIENT_DEMOTED,9833,8/16/2023 9:45:07 AM,7c2549d4-97a4-4389-bd03-029396714f59,100,Infinity,Mike_5 Root,"(2.4, 0.0, 2.3)","(0.0, 1.0, 0.0, 0.0)",IMMEDIATE,waver,fast,normal,normal,upset,fetal,
PATIENT_DEMOTED,10462,8/16/2023 9:45:08 AM,7c2549d4-97a4-4389-bd03-029396714f59,100,Infinity,Gloria_6 Root,"(-1.0, 0.0, 2.9)","(0.0, 0.4, 0.0, 0.9)",DELAYED,waver,fast,normal,normal,upset,fetal,
PATIENT_DEMOTED,11259,8/16/2023 9:45:09 AM,7c2549d4-97a4-4389-bd03-029396714f59,100,Infinity,Mike_7 Root,"(1.7, 0.0, 3.9)","(0.0, 0.1, 0.0, 1.0)",IMMEDIATE,waver,fast,normal,normal,upset,sittingGround,
PATIENT_DEMOTED,11692,8/16/2023 9:45:09 AM,7c2549d4-97a4-4389-bd03-029396714f59,100,Infinity,Mike_7 Root,"(1.0, 0.0, 3.8)","(0.0, 0.1, 0.0, 1.0)",DELAYED,waver,fast,normal,normal,upset,sittingGround,
SESSION_START,17503,8/16/2023 9:45:15 AM,7c2549d4-97a4-4389-bd03-029396714f59,
PATIENT_RECORD,17504,8/16/2023 9:45:15 AM,7c2549d4-97a4-4389-bd03-029396714f59,100,Infinity,Bob_0 Root,"(-1.7, 0.0, 5.7)","(0.0, 0.7, 0.0, 0.7)",DEAD,still,none,none,none,dead,supine,
INJURY_RECORD,17504,8/16/2023 9:45:15 AM,7c2549d4-97a4-4389-bd03-029396714f59,Face Shrapnel,Bob_0 Root,airway,high,head,False,False,"(-1.8, 1.7, 5.6)",
INJURY_RECORD,17504,8/16/2023 9:45:15 AM,7c2549d4-97a4-4389-bd03-029396714f59,L Wrist Amputation,Bob_0 Root,tourniquet,high,leftArm,False,False,"(-1.8, 1.4, 6.4)",
INJURY_RECORD,17504,8/16/2023 9:45:15 AM,7c2549d4-97a4-4389-bd03-029396714f59,L Chest Collapse,Bob_0 Root,decompress,high,chest,False,False,"(0.0, 0.0, 0.0)",
INJURY_RECORD,17504,8/16/2023 9:45:15 AM,7c2549d4-97a4-4389-bd03-029396714f59,L Stomach Puncture,Bob_0 Root,woundpack,high,abdomen,False,False,"(-1.6, 1.1, 5.7)",
INJURY_RECORD,17504,8/16/2023 9:45:15 AM,7c2549d4-97a4-4389-bd03-029396714f59,R Shin Amputation,Bob_0 Root,tourniquet,high,rightLeg,False,False,"(-1.7, 0.4, 5.6)",
INJURY_RECORD,17504,8/16/2023 9:45:15 AM,7c2549d4-97a4-4389-bd03-029396714f59,L Thigh Laceration,Bob_0 Root,tourniquet,medium,leftLeg,False,False,"(-1.6, 0.7, 5.8)",
PATIENT_RECORD,17504,8/16/2023 9:45:15 AM,7c2549d4-97a4-4389-bd03-029396714f59,100,Infinity,Gary_1 Root,"(1.6, 0.0, 7.6)","(0.0, 1.0, 0.0, 0.0)",EXPECTANT,still,none,restricted,none,unresponsive,supine,
INJURY_RECORD,17504,8/16/2023 9:45:15 AM,7c2549d4-97a4-4389-bd03-029396714f59,Face Shrapnel,Gary_1 Root,airway,high,head,False,False,"(1.6, 1.7, 7.7)",
PATIENT_RECORD,17504,8/16/2023 9:45:15 AM,7c2549d4-97a4-4389-bd03-029396714f59,100,Infinity,Lily_2 Root,"(3.0, 0.0, 4.5)","(0.0, 1.0, 0.0, 0.0)",IMMEDIATE,waver,fast,fast,normal,agony,fetal,
INJURY_RECORD,17504,8/16/2023 9:45:15 AM,7c2549d4-97a4-4389-bd03-029396714f59,R Shin Amputation,Lily_2 Root,tourniquet,high,rightLeg,False,False,"(2.9, 0.4, 4.5)",
PATIENT_RECORD,17504,8/16/2023 9:45:15 AM,7c2549d4-97a4-4389-bd03-029396714f59,100,0,Gary_3 Root,"(0.4, 0.0, 1.7)","(0.0, 0.0, 0.0, 1.0)",IMMEDIATE,still,faint,collapsedRight,normal,unresponsive,supine,
INJURY_RECORD,17504,8/16/2023 9:45:15 AM,7c2549d4-97a4-4389-bd03-029396714f59,R Chest Collapse,Gary_3 Root,decompress,high,chest,False,False,"(0.0, 0.0, 0.0)",
PATIENT_RECORD,17504,8/16/2023 9:45:15 AM,7c2549d4-97a4-4389-bd03-029396714f59,100,Infinity,Lily_4 Root,"(1.2, 0.0, 6.2)","(0.0, 1.0, 0.0, 0.0)",IMMEDIATE,waver,fast,normal,normal,upset,fetal,
INJURY_RECORD,17504,8/16/2023 9:45:15 AM,7c2549d4-97a4-4389-bd03-029396714f59,L Side Puncture,Lily_4 Root,woundpack,medium,abdomen,False,False,"(1.3, 1.0, 6.2)",
PATIENT_RECORD,17504,8/16/2023 9:45:15 AM,7c2549d4-97a4-4389-bd03-029396714f59,100,Infinity,Mike_5 Root,"(2.7, 0.0, 2.2)","(0.0, 1.0, 0.0, 0.0)",IMMEDIATE,waver,fast,normal,normal,upset,fetal,
INJURY_RECORD,17504,8/16/2023 9:45:15 AM,7c2549d4-97a4-4389-bd03-029396714f59,R Side Puncture,Mike_5 Root,woundpack,medium,abdomen,False,False,"(2.6, 1.1, 2.1)",
INJURY_RECORD,17504,8/16/2023 9:45:15 AM,7c2549d4-97a4-4389-bd03-029396714f59,R Thigh Laceration,Mike_5 Root,tourniquet,medium,rightLeg,False,False,"(2.5, 0.6, 2.2)",
PATIENT_RECORD,17504,8/16/2023 9:45:15 AM,7c2549d4-97a4-4389-bd03-029396714f59,100,Infinity,Gloria_6 Root,"(-1.2, 0.0, 3.1)","(0.0, 0.4, 0.0, 0.9)",DELAYED,waver,fast,normal,normal,upset,fetal,
INJURY_RECORD,17504,8/16/2023 9:45:15 AM,7c2549d4-97a4-4389-bd03-029396714f59,R Calf Shrapnel,Gloria_6 Root,gauzePressure,medium,rightLeg,False,False,"(-1.1, 0.3, 3.0)",
PATIENT_RECORD,17504,8/16/2023 9:45:15 AM,7c2549d4-97a4-4389-bd03-029396714f59,100,Infinity,Mike_7 Root,"(1.3, 0.0, 3.5)","(0.0, 0.1, 0.0, 1.0)",DELAYED,waver,fast,normal,normal,upset,sittingGround,
INJURY_RECORD,17504,8/16/2023 9:45:15 AM,7c2549d4-97a4-4389-bd03-029396714f59,L Thigh Puncture,Mike_7 Root,tourniquet,medium,leftLeg,False,False,"(1.3, 0.6, 3.5)",
INJURY_RECORD,17504,8/16/2023 9:45:15 AM,7c2549d4-97a4-4389-bd03-029396714f59,R Calf Laceration,Mike_7 Root,gauzePressure,low,rightLeg,False,False,"(1.4, 0.3, 3.4)",
PATIENT_RECORD,17504,8/16/2023 9:45:15 AM,7c2549d4-97a4-4389-bd03-029396714f59,100,Infinity,Gloria_8 Root,"(3.7, 0.0, 6.0)","(0.0, 1.0, 0.0, 0.0)",MINIMAL,walker,normal,normal,normal,upset,sittingGround,
INJURY_RECORD,17504,8/16/2023 9:45:15 AM,7c2549d4-97a4-4389-bd03-029396714f59,L Forearm Laceration,Gloria_8 Root,gauzePressure,low,leftArm,False,False,"(4.2, 1.3, 6.0)",
PATIENT_RECORD,17504,8/16/2023 9:45:15 AM,7c2549d4-97a4-4389-bd03-029396714f59,100,0,Gary_9 Root,"(2.9, 0.0, 9.0)","(0.0, 1.0, 0.0, 0.0)",MINIMAL,walker,normal,normal,limited,calm,standing,
INJURY_RECORD,17504,8/16/2023 9:45:15 AM,7c2549d4-97a4-4389-bd03-029396714f59,Ear Bleed,Gary_9 Root,none,low,head,False,False,"(0.0, 0.0, 0.0)",
PATIENT_RECORD,17504,8/16/2023 9:45:15 AM,7c2549d4-97a4-4389-bd03-029396714f59,100,Infinity,Helga_10 Root,"(3.9, 0.0, 8.0)","(0.0, 1.0, 0.0, 0.0)",MINIMAL,walker,normal,normal,normal,calm,sittingGround,
INJURY_RECORD,17504,8/16/2023 9:45:15 AM,7c2549d4-97a4-4389-bd03-029396714f59,Forehead Scrape,Helga_10 Root,none,low,head,False,False,"(4.0, 1.6, 8.0)",
