VOICE_CAPTURE,5919,7/27/2023 8:40:11 AM,86c4cdb2-0073-43fb-b60a-dc13fa46a9ca,that was alright,NA,
VOICE_CAPTURE,9156,7/27/2023 8:40:14 AM,86c4cdb2-0073-43fb-b60a-dc13fa46a9ca,OK we're back,NA,
VOICE_CAPTURE,14186,7/27/2023 8:40:19 AM,86c4cdb2-0073-43fb-b60a-dc13fa46a9ca,you ready to go,NA,
VOICE_CAPTURE,25623,7/27/2023 8:40:30 AM,86c4cdb2-0073-43fb-b60a-dc13fa46a9ca,I don't think that's what did it,NA,
VOICE_CAPTURE,29566,7/27/2023 8:40:34 AM,86c4cdb2-0073-43fb-b60a-dc13fa46a9ca,the headset wasn't connected I don't know how we lost,NA,
TELEPORT,38690,7/27/2023 8:40:43 AM,86c4cdb2-0073-43fb-b60a-dc13fa46a9ca,"(1.9, 0.0, 1.2)",
TELEPORT,39843,7/27/2023 8:40:45 AM,86c4cdb2-0073-43fb-b60a-dc13fa46a9ca,"(1.9, 0.0, 1.2)",
PATIENT_DEMOTED,41330,7/27/2023 8:40:46 AM,86c4cdb2-0073-43fb-b60a-dc13fa46a9ca,100,Infinity,Bob_0 Root,"(-1.4, 0.0, 5.6)","(0.0, 0.7, 0.0, 0.7)",EXPECTANT,still,faint,restricted,none,unresponsive,supine,
PATIENT_DEMOTED,41526,7/27/2023 8:40:46 AM,86c4cdb2-0073-43fb-b60a-dc13fa46a9ca,100,Infinity,Bob_0 Root,"(-1.5, 0.0, 5.6)","(0.0, 0.7, 0.0, 0.7)",DEAD,still,none,none,none,dead,supine,
PATIENT_DEMOTED,41657,7/27/2023 8:40:46 AM,86c4cdb2-0073-43fb-b60a-dc13fa46a9ca,100,Infinity,Gary_1 Root,"(1.7, 0.0, 7.4)","(0.0, 1.0, 0.0, 0.0)",EXPECTANT,still,faint,restricted,none,unresponsive,supine,
PATIENT_DEMOTED,42399,7/27/2023 8:40:47 AM,86c4cdb2-0073-43fb-b60a-dc13fa46a9ca,100,Infinity,Lily_2 Root,"(2.8, 0.0, 4.3)","(0.0, 1.0, 0.0, 0.0)",IMMEDIATE,waver,fast,fast,normal,agony,fetal,
PATIENT_DEMOTED,43060,7/27/2023 8:40:48 AM,86c4cdb2-0073-43fb-b60a-dc13fa46a9ca,100,0,Gary_3 Root,"(0.3, 0.0, 1.6)","(0.0, 0.0, 0.0, 1.0)",IMMEDIATE,still,faint,collapsedRight,normal,unresponsive,supine,
PATIENT_DEMOTED,43637,7/27/2023 8:40:48 AM,86c4cdb2-0073-43fb-b60a-dc13fa46a9ca,100,Infinity,Lily_4 Root,"(1.2, 0.0, 6.3)","(0.0, 1.0, 0.0, 0.0)",IMMEDIATE,waver,fast,normal,normal,upset,fetal,
PATIENT_DEMOTED,44484,7/27/2023 8:40:49 AM,86c4cdb2-0073-43fb-b60a-dc13fa46a9ca,100,Infinity,Mike_5 Root,"(2.4, 0.0, 2.3)","(0.0, 1.0, 0.0, 0.0)",IMMEDIATE,waver,fast,normal,normal,upset,fetal,
PATIENT_DEMOTED,45022,7/27/2023 8:40:50 AM,86c4cdb2-0073-43fb-b60a-dc13fa46a9ca,100,Infinity,Gloria_6 Root,"(-1.0, 0.0, 2.9)","(0.0, 0.4, 0.0, 0.9)",DELAYED,waver,fast,normal,normal,upset,fetal,
VOICE_CAPTURE,45297,7/27/2023 8:40:50 AM,86c4cdb2-0073-43fb-b60a-dc13fa46a9ca,dude OK,NA,
PATIENT_DEMOTED,45739,7/27/2023 8:40:51 AM,86c4cdb2-0073-43fb-b60a-dc13fa46a9ca,100,Infinity,Mike_7 Root,"(1.7, 0.0, 3.9)","(0.0, 0.1, 0.0, 1.0)",IMMEDIATE,waver,fast,normal,normal,upset,sittingGround,
PATIENT_DEMOTED,46095,7/27/2023 8:40:51 AM,86c4cdb2-0073-43fb-b60a-dc13fa46a9ca,100,Infinity,Mike_7 Root,"(1.0, 0.0, 3.7)","(0.0, 0.1, 0.0, 1.0)",DELAYED,waver,fast,normal,normal,upset,sittingGround,
SESSION_START,50217,7/27/2023 8:40:55 AM,86c4cdb2-0073-43fb-b60a-dc13fa46a9ca,
PATIENT_RECORD,50219,7/27/2023 8:40:55 AM,86c4cdb2-0073-43fb-b60a-dc13fa46a9ca,100,Infinity,Bob_0 Root,"(-1.7, 0.0, 5.7)","(0.0, 0.7, 0.0, 0.7)",DEAD,still,none,none,none,dead,supine,
INJURY_RECORD,50219,7/27/2023 8:40:55 AM,86c4cdb2-0073-43fb-b60a-dc13fa46a9ca,Face Shrapnel,Bob_0 Root,airway,high,head,False,False,"(-1.8, 1.7, 5.6)",
INJURY_RECORD,50220,7/27/2023 8:40:55 AM,86c4cdb2-0073-43fb-b60a-dc13fa46a9ca,L Wrist Amputation,Bob_0 Root,tourniquet,high,leftArm,False,False,"(-1.8, 1.4, 6.3)",
INJURY_RECORD,50220,7/27/2023 8:40:55 AM,86c4cdb2-0073-43fb-b60a-dc13fa46a9ca,L Chest Collapse,Bob_0 Root,decompress,high,chest,False,False,"(0.0, 0.0, 0.0)",
INJURY_RECORD,50220,7/27/2023 8:40:55 AM,86c4cdb2-0073-43fb-b60a-dc13fa46a9ca,L Stomach Puncture,Bob_0 Root,woundpack,high,abdomen,False,False,"(-1.6, 1.1, 5.7)",
INJURY_RECORD,50220,7/27/2023 8:40:55 AM,86c4cdb2-0073-43fb-b60a-dc13fa46a9ca,R Shin Amputation,Bob_0 Root,tourniquet,high,rightLeg,False,False,"(-1.7, 0.4, 5.6)",
INJURY_RECORD,50220,7/27/2023 8:40:55 AM,86c4cdb2-0073-43fb-b60a-dc13fa46a9ca,L Thigh Laceration,Bob_0 Root,tourniquet,medium,leftLeg,False,False,"(-1.6, 0.7, 5.8)",
PATIENT_RECORD,50220,7/27/2023 8:40:55 AM,86c4cdb2-0073-43fb-b60a-dc13fa46a9ca,100,Infinity,Gary_1 Root,"(1.6, 0.0, 7.6)","(0.0, 1.0, 0.0, 0.0)",EXPECTANT,still,none,restricted,none,unresponsive,supine,
INJURY_RECORD,50220,7/27/2023 8:40:55 AM,86c4cdb2-0073-43fb-b60a-dc13fa46a9ca,Face Shrapnel,Gary_1 Root,airway,high,head,False,False,"(1.6, 1.7, 7.7)",
PATIENT_RECORD,50220,7/27/2023 8:40:55 AM,86c4cdb2-0073-43fb-b60a-dc13fa46a9ca,100,Infinity,Lily_2 Root,"(3.0, 0.0, 4.5)","(0.0, 1.0, 0.0, 0.0)",IMMEDIATE,waver,fast,fast,normal,agony,fetal,
INJURY_RECORD,50220,7/27/2023 8:40:55 AM,86c4cdb2-0073-43fb-b60a-dc13fa46a9ca,R Shin Amputation,Lily_2 Root,tourniquet,high,rightLeg,False,False,"(2.9, 0.4, 4.5)",
PATIENT_RECORD,50220,7/27/2023 8:40:55 AM,86c4cdb2-0073-43fb-b60a-dc13fa46a9ca,100,0,Gary_3 Root,"(0.4, 0.0, 1.7)","(0.0, 0.0, 0.0, 1.0)",IMMEDIATE,still,faint,collapsedRight,normal,unresponsive,supine,
INJURY_RECORD,50220,7/27/2023 8:40:55 AM,86c4cdb2-0073-43fb-b60a-dc13fa46a9ca,R Chest Collapse,Gary_3 Root,decompress,high,chest,False,False,"(0.0, 0.0, 0.0)",
PATIENT_RECORD,50220,7/27/2023 8:40:55 AM,86c4cdb2-0073-43fb-b60a-dc13fa46a9ca,100,Infinity,Lily_4 Root,"(1.2, 0.0, 6.2)","(0.0, 1.0, 0.0, 0.0)",IMMEDIATE,waver,fast,normal,normal,upset,fetal,
INJURY_RECORD,50220,7/27/2023 8:40:55 AM,86c4cdb2-0073-43fb-b60a-dc13fa46a9ca,L Side Puncture,Lily_4 Root,woundpack,medium,abdomen,False,False,"(1.3, 1.0, 6.2)",
PATIENT_RECORD,50220,7/27/2023 8:40:55 AM,86c4cdb2-0073-43fb-b60a-dc13fa46a9ca,100,Infinity,Mike_5 Root,"(2.7, 0.0, 2.3)","(0.0, 1.0, 0.0, 0.0)",IMMEDIATE,waver,fast,normal,normal,upset,fetal,
INJURY_RECORD,50220,7/27/2023 8:40:55 AM,86c4cdb2-0073-43fb-b60a-dc13fa46a9ca,R Side Puncture,Mike_5 Root,woundpack,medium,abdomen,False,False,"(2.6, 1.1, 2.2)",
INJURY_RECORD,50220,7/27/2023 8:40:55 AM,86c4cdb2-0073-43fb-b60a-dc13fa46a9ca,R Thigh Laceration,Mike_5 Root,tourniquet,medium,rightLeg,False,False,"(2.5, 0.6, 2.2)",
PATIENT_RECORD,50220,7/27/2023 8:40:55 AM,86c4cdb2-0073-43fb-b60a-dc13fa46a9ca,100,Infinity,Gloria_6 Root,"(-1.2, 0.0, 3.1)","(0.0, 0.4, 0.0, 0.9)",DELAYED,waver,fast,normal,normal,upset,fetal,
INJURY_RECORD,50220,7/27/2023 8:40:55 AM,86c4cdb2-0073-43fb-b60a-dc13fa46a9ca,R Calf Shrapnel,Gloria_6 Root,gauzePressure,medium,rightLeg,False,False,"(-1.1, 0.3, 3.0)",
PATIENT_RECORD,50220,7/27/2023 8:40:55 AM,86c4cdb2-0073-43fb-b60a-dc13fa46a9ca,100,Infinity,Mike_7 Root,"(1.3, 0.0, 3.4)","(0.0, 0.1, 0.0, 1.0)",DELAYED,waver,fast,normal,normal,upset,sittingGround,
INJURY_RECORD,50220,7/27/2023 8:40:55 AM,86c4cdb2-0073-43fb-b60a-dc13fa46a9ca,L Thigh Puncture,Mike_7 Root,tourniquet,medium,leftLeg,False,False,"(1.3, 0.6, 3.5)",
INJURY_RECORD,50220,7/27/2023 8:40:55 AM,86c4cdb2-0073-43fb-b60a-dc13fa46a9ca,R Calf Laceration,Mike_7 Root,gauzePressure,low,rightLeg,False,False,"(1.4, 0.3, 3.4)",
PATIENT_RECORD,50220,7/27/2023 8:40:55 AM,86c4cdb2-0073-43fb-b60a-dc13fa46a9ca,100,Infinity,Gloria_8 Root,"(3.7, 0.0, 6.0)","(0.0, 1.0, 0.0, 0.0)",MINIMAL,walker,normal,normal,normal,upset,sittingGround,
INJURY_RECORD,50220,7/27/2023 8:40:55 AM,86c4cdb2-0073-43fb-b60a-dc13fa46a9ca,L Forearm Laceration,Gloria_8 Root,gauzePressure,low,leftArm,False,False,"(4.2, 1.2, 6.0)",
PATIENT_RECORD,50220,7/27/2023 8:40:55 AM,86c4cdb2-0073-43fb-b60a-dc13fa46a9ca,100,0,Gary_9 Root,"(2.9, 0.0, 9.0)","(0.0, 1.0, 0.0, 0.0)",MINIMAL,walker,normal,normal,limited,calm,standing,
INJURY_RECORD,50220,7/27/2023 8:40:55 AM,86c4cdb2-0073-43fb-b60a-dc13fa46a9ca,Ear Bleed,Gary_9 Root,none,low,head,False,False,"(0.0, 0.0, 0.0)",
PATIENT_RECORD,50220,7/27/2023 8:40:55 AM,86c4cdb2-0073-43fb-b60a-dc13fa46a9ca,100,Infinity,Helga_10 Root,"(3.9, 0.0, 8.0)","(0.0, 1.0, 0.0, 0.0)",MINIMAL,walker,normal,normal,normal,calm,sittingGround,
INJURY_RECORD,50220,7/27/2023 8:40:55 AM,86c4cdb2-0073-43fb-b60a-dc13fa46a9ca,Forehead Scrape,Helga_10 Root,none,low,head,False,False,"(4.0, 1.5, 7.9)",
VOICE_CAPTURE,50987,7/27/2023 8:40:56 AM,86c4cdb2-0073-43fb-b60a-dc13fa46a9ca,this time you'll be back in the train station but there's more patience OK,NA,
VOICE_CAPTURE,55689,7/27/2023 8:41:00 AM,86c4cdb2-0073-43fb-b60a-dc13fa46a9ca,OK,NA,
VOICE_CAPTURE,63374,7/27/2023 8:41:08 AM,86c4cdb2-0073-43fb-b60a-dc13fa46a9ca,OK,NA,
VOICE_CAPTURE,66576,7/27/2023 8:41:11 AM,86c4cdb2-0073-43fb-b60a-dc13fa46a9ca,so we're ready to go OK,NA,
VOICE_CAPTURE,69464,7/27/2023 8:41:14 AM,86c4cdb2-0073-43fb-b60a-dc13fa46a9ca,anybody can hear my voice,NA,
VOICE_CAPTURE,71222,7/27/2023 8:41:16 AM,86c4cdb2-0073-43fb-b60a-dc13fa46a9ca,walk over here,NA,
VOICE_COMMAND,71222,7/27/2023 8:41:16 AM,86c4cdb2-0073-43fb-b60a-dc13fa46a9ca,walk to the safe area,walk over here,
S_A_L_T_WALK_IF_CAN,71247,7/27/2023 8:41:16 AM,86c4cdb2-0073-43fb-b60a-dc13fa46a9ca,"(3.0, 0.0, 4.5)",walkIfCan,Lily_2 Root,
S_A_L_T_WALK_IF_CAN,71248,7/27/2023 8:41:16 AM,86c4cdb2-0073-43fb-b60a-dc13fa46a9ca,"(1.2, 0.0, 6.2)",walkIfCan,Lily_4 Root,
S_A_L_T_WALK_IF_CAN,71248,7/27/2023 8:41:16 AM,86c4cdb2-0073-43fb-b60a-dc13fa46a9ca,"(2.7, 0.0, 2.3)",walkIfCan,Mike_5 Root,
S_A_L_T_WALK_IF_CAN,71248,7/27/2023 8:41:16 AM,86c4cdb2-0073-43fb-b60a-dc13fa46a9ca,"(-1.2, 0.0, 3.1)",walkIfCan,Gloria_6 Root,
S_A_L_T_WALK_IF_CAN,71248,7/27/2023 8:41:16 AM,86c4cdb2-0073-43fb-b60a-dc13fa46a9ca,"(1.3, 0.0, 3.4)",walkIfCan,Mike_7 Root,
S_A_L_T_WALK_IF_CAN,71248,7/27/2023 8:41:16 AM,86c4cdb2-0073-43fb-b60a-dc13fa46a9ca,"(3.7, 0.0, 6.0)",walkIfCan,Gloria_8 Root,
S_A_L_T_WALKED,71248,7/27/2023 8:41:16 AM,86c4cdb2-0073-43fb-b60a-dc13fa46a9ca,"(3.7, 0.0, 6.0)",walked,Gloria_8 Root,
S_A_L_T_WALK_IF_CAN,71249,7/27/2023 8:41:16 AM,86c4cdb2-0073-43fb-b60a-dc13fa46a9ca,"(3.9, 0.0, 8.0)",walkIfCan,Helga_10 Root,
S_A_L_T_WALKED,71249,7/27/2023 8:41:16 AM,86c4cdb2-0073-43fb-b60a-dc13fa46a9ca,"(3.9, 0.0, 8.0)",walked,Helga_10 Root,
TELEPORT,72291,7/27/2023 8:41:17 AM,86c4cdb2-0073-43fb-b60a-dc13fa46a9ca,"(0.9, 0.0, -2.3)",
VOICE_CAPTURE,78910,7/27/2023 8:41:24 AM,86c4cdb2-0073-43fb-b60a-dc13fa46a9ca,oh got two walkers OK,NA,
VOICE_COMMAND,78911,7/27/2023 8:41:24 AM,86c4cdb2-0073-43fb-b60a-dc13fa46a9ca,walk to the safe area,oh got two walkers OK,
S_A_L_T_WALK_IF_CAN,78912,7/27/2023 8:41:24 AM,86c4cdb2-0073-43fb-b60a-dc13fa46a9ca,"(3.0, 0.0, 4.5)",walkIfCan,Lily_2 Root,
S_A_L_T_WALK_IF_CAN,78912,7/27/2023 8:41:24 AM,86c4cdb2-0073-43fb-b60a-dc13fa46a9ca,"(1.2, 0.0, 6.2)",walkIfCan,Lily_4 Root,
S_A_L_T_WALK_IF_CAN,78912,7/27/2023 8:41:24 AM,86c4cdb2-0073-43fb-b60a-dc13fa46a9ca,"(2.7, 0.0, 2.3)",walkIfCan,Mike_5 Root,
S_A_L_T_WALK_IF_CAN,78912,7/27/2023 8:41:24 AM,86c4cdb2-0073-43fb-b60a-dc13fa46a9ca,"(-1.2, 0.0, 3.1)",walkIfCan,Gloria_6 Root,
S_A_L_T_WALK_IF_CAN,78912,7/27/2023 8:41:24 AM,86c4cdb2-0073-43fb-b60a-dc13fa46a9ca,"(1.3, 0.0, 3.4)",walkIfCan,Mike_7 Root,
TELEPORT,79743,7/27/2023 8:41:25 AM,86c4cdb2-0073-43fb-b60a-dc13fa46a9ca,"(0.2, 0.0, -1.9)",
TELEPORT,81492,7/27/2023 8:41:26 AM,86c4cdb2-0073-43fb-b60a-dc13fa46a9ca,"(0.2, 0.0, -1.9)",
TELEPORT,81735,7/27/2023 8:41:27 AM,86c4cdb2-0073-43fb-b60a-dc13fa46a9ca,"(0.2, 0.0, -1.8)",
TELEPORT,84642,7/27/2023 8:41:29 AM,86c4cdb2-0073-43fb-b60a-dc13fa46a9ca,"(0.1, 0.0, -1.6)",
VOICE_CAPTURE,86413,7/27/2023 8:41:31 AM,86c4cdb2-0073-43fb-b60a-dc13fa46a9ca,dad,NA,
TELEPORT,88745,7/27/2023 8:41:34 AM,86c4cdb2-0073-43fb-b60a-dc13fa46a9ca,"(0.1, 0.0, -1.6)",
TELEPORT,93403,7/27/2023 8:41:38 AM,86c4cdb2-0073-43fb-b60a-dc13fa46a9ca,"(0.1, 0.0, 0.8)",
VOICE_CAPTURE,101464,7/27/2023 8:41:46 AM,86c4cdb2-0073-43fb-b60a-dc13fa46a9ca,oh oh anybody hear me raise wave your arms,NA,
VOICE_COMMAND,101464,7/27/2023 8:41:46 AM,86c4cdb2-0073-43fb-b60a-dc13fa46a9ca,wave if you can,oh oh anybody hear me raise wave your arms,
S_A_L_T_WAVE_IF_CAN,101466,7/27/2023 8:41:46 AM,86c4cdb2-0073-43fb-b60a-dc13fa46a9ca,"(3.0, 0.0, 4.5)",waveIfCan,Lily_2 Root,
S_A_L_T_WAVED,101466,7/27/2023 8:41:46 AM,86c4cdb2-0073-43fb-b60a-dc13fa46a9ca,"(3.0, 0.0, 4.5)",waved,Lily_2 Root,
S_A_L_T_WAVE_IF_CAN,101467,7/27/2023 8:41:46 AM,86c4cdb2-0073-43fb-b60a-dc13fa46a9ca,"(1.2, 0.0, 6.2)",waveIfCan,Lily_4 Root,
S_A_L_T_WAVED,101467,7/27/2023 8:41:46 AM,86c4cdb2-0073-43fb-b60a-dc13fa46a9ca,"(1.2, 0.0, 6.2)",waved,Lily_4 Root,
S_A_L_T_WAVE_IF_CAN,101467,7/27/2023 8:41:46 AM,86c4cdb2-0073-43fb-b60a-dc13fa46a9ca,"(2.7, 0.0, 2.3)",waveIfCan,Mike_5 Root,
S_A_L_T_WAVED,101467,7/27/2023 8:41:46 AM,86c4cdb2-0073-43fb-b60a-dc13fa46a9ca,"(2.7, 0.0, 2.3)",waved,Mike_5 Root,
S_A_L_T_WAVE_IF_CAN,101467,7/27/2023 8:41:46 AM,86c4cdb2-0073-43fb-b60a-dc13fa46a9ca,"(-1.2, 0.0, 3.1)",waveIfCan,Gloria_6 Root,
S_A_L_T_WAVED,101467,7/27/2023 8:41:46 AM,86c4cdb2-0073-43fb-b60a-dc13fa46a9ca,"(-1.2, 0.0, 3.1)",waved,Gloria_6 Root,
S_A_L_T_WAVE_IF_CAN,101467,7/27/2023 8:41:46 AM,86c4cdb2-0073-43fb-b60a-dc13fa46a9ca,"(1.3, 0.0, 3.4)",waveIfCan,Mike_7 Root,
S_A_L_T_WAVED,101467,7/27/2023 8:41:46 AM,86c4cdb2-0073-43fb-b60a-dc13fa46a9ca,"(1.3, 0.0, 3.4)",waved,Mike_7 Root,
S_A_L_T_WAVE_IF_CAN,101467,7/27/2023 8:41:46 AM,86c4cdb2-0073-43fb-b60a-dc13fa46a9ca,"(3.8, 0.0, -4.4)",waveIfCan,Gloria_8 Root,
S_A_L_T_WAVE_IF_CAN,101467,7/27/2023 8:41:46 AM,86c4cdb2-0073-43fb-b60a-dc13fa46a9ca,"(4.4, 0.0, -1.1)",waveIfCan,Helga_10 Root,
S_A_L_T_WAVED,101467,7/27/2023 8:41:46 AM,86c4cdb2-0073-43fb-b60a-dc13fa46a9ca,"(4.4, 0.0, -1.1)",waved,Helga_10 Root,
S_A_L_T_WALK_IF_CAN,101483,7/27/2023 8:41:46 AM,86c4cdb2-0073-43fb-b60a-dc13fa46a9ca,"(3.8, 0.0, -4.4)",walkIfCan,Gloria_8 Root,
S_A_L_T_WALKED,101484,7/27/2023 8:41:46 AM,86c4cdb2-0073-43fb-b60a-dc13fa46a9ca,"(3.8, 0.0, -4.4)",walked,Gloria_8 Root,
VOICE_CAPTURE,105780,7/27/2023 8:41:51 AM,86c4cdb2-0073-43fb-b60a-dc13fa46a9ca,1/2,NA,
VOICE_CAPTURE,108176,7/27/2023 8:41:53 AM,86c4cdb2-0073-43fb-b60a-dc13fa46a9ca,4 OK,NA,
TELEPORT,108420,7/27/2023 8:41:53 AM,86c4cdb2-0073-43fb-b60a-dc13fa46a9ca,"(0.1, 0.0, 1.2)",
TELEPORT,108811,7/27/2023 8:41:54 AM,86c4cdb2-0073-43fb-b60a-dc13fa46a9ca,"(0.2, 0.0, 1.2)",
TELEPORT,110665,7/27/2023 8:41:55 AM,86c4cdb2-0073-43fb-b60a-dc13fa46a9ca,"(0.9, 0.0, 1.6)",
TELEPORT,112725,7/27/2023 8:41:58 AM,86c4cdb2-0073-43fb-b60a-dc13fa46a9ca,"(1.1, 0.0, 2.4)",
TELEPORT,113113,7/27/2023 8:41:58 AM,86c4cdb2-0073-43fb-b60a-dc13fa46a9ca,"(1.1, 0.0, 2.4)",
PATIENT_ENGAGED,113534,7/27/2023 8:41:58 AM,86c4cdb2-0073-43fb-b60a-dc13fa46a9ca,100,Infinity,Mike_5 Root,"(2.7, 0.0, 2.3)","(0.0, 1.0, 0.0, 0.0)",IMMEDIATE,waver,fast,normal,normal,upset,fetal,
VOICE_CAPTURE,114935,7/27/2023 8:42:00 AM,86c4cdb2-0073-43fb-b60a-dc13fa46a9ca,Oh my God,NA,
VOICE_CAPTURE,118811,7/27/2023 8:42:04 AM,86c4cdb2-0073-43fb-b60a-dc13fa46a9ca,oops,NA,
VOICE_CAPTURE,121876,7/27/2023 8:42:07 AM,86c4cdb2-0073-43fb-b60a-dc13fa46a9ca,well one of them buttons,NA,
BAG_ACCESS,124467,7/27/2023 8:42:09 AM,86c4cdb2-0073-43fb-b60a-dc13fa46a9ca,"(3.2, 0.7, 1.6)",
VOICE_CAPTURE,126100,7/27/2023 8:42:11 AM,86c4cdb2-0073-43fb-b60a-dc13fa46a9ca,There we go,NA,
TOOL_HOVER,128112,7/27/2023 8:42:13 AM,86c4cdb2-0073-43fb-b60a-dc13fa46a9ca,Gauze,999,
TOOL_HOVER,128131,7/27/2023 8:42:13 AM,86c4cdb2-0073-43fb-b60a-dc13fa46a9ca,Gauze,999,
TOOL_HOVER,128150,7/27/2023 8:42:13 AM,86c4cdb2-0073-43fb-b60a-dc13fa46a9ca,Gauze,999,
TOOL_HOVER,128168,7/27/2023 8:42:13 AM,86c4cdb2-0073-43fb-b60a-dc13fa46a9ca,Gauze,999,
TOOL_HOVER,128191,7/27/2023 8:42:13 AM,86c4cdb2-0073-43fb-b60a-dc13fa46a9ca,Gauze,999,
TOOL_HOVER,128207,7/27/2023 8:42:13 AM,86c4cdb2-0073-43fb-b60a-dc13fa46a9ca,Gauze,999,
TOOL_HOVER,128226,7/27/2023 8:42:13 AM,86c4cdb2-0073-43fb-b60a-dc13fa46a9ca,Gauze,999,
TOOL_HOVER,128245,7/27/2023 8:42:13 AM,86c4cdb2-0073-43fb-b60a-dc13fa46a9ca,Gauze,999,
TOOL_HOVER,128268,7/27/2023 8:42:13 AM,86c4cdb2-0073-43fb-b60a-dc13fa46a9ca,Gauze,999,
TOOL_HOVER,128281,7/27/2023 8:42:13 AM,86c4cdb2-0073-43fb-b60a-dc13fa46a9ca,Gauze,999,
TOOL_HOVER,128300,7/27/2023 8:42:13 AM,86c4cdb2-0073-43fb-b60a-dc13fa46a9ca,Gauze,999,
TOOL_HOVER,128404,7/27/2023 8:42:13 AM,86c4cdb2-0073-43fb-b60a-dc13fa46a9ca,Tourniquet,999,
TOOL_HOVER,128421,7/27/2023 8:42:13 AM,86c4cdb2-0073-43fb-b60a-dc13fa46a9ca,Tourniquet,999,
TOOL_HOVER,128441,7/27/2023 8:42:13 AM,86c4cdb2-0073-43fb-b60a-dc13fa46a9ca,Tourniquet,999,
TOOL_HOVER,128459,7/27/2023 8:42:13 AM,86c4cdb2-0073-43fb-b60a-dc13fa46a9ca,Tourniquet,999,
TOOL_HOVER,128480,7/27/2023 8:42:13 AM,86c4cdb2-0073-43fb-b60a-dc13fa46a9ca,Tourniquet,999,
TOOL_HOVER,128502,7/27/2023 8:42:13 AM,86c4cdb2-0073-43fb-b60a-dc13fa46a9ca,Tourniquet,999,
TOOL_HOVER,128525,7/27/2023 8:42:13 AM,86c4cdb2-0073-43fb-b60a-dc13fa46a9ca,Tourniquet,999,
TOOL_HOVER,128545,7/27/2023 8:42:13 AM,86c4cdb2-0073-43fb-b60a-dc13fa46a9ca,Tourniquet,999,
TOOL_HOVER,128562,7/27/2023 8:42:13 AM,86c4cdb2-0073-43fb-b60a-dc13fa46a9ca,Tourniquet,999,
TOOL_HOVER,128584,7/27/2023 8:42:13 AM,86c4cdb2-0073-43fb-b60a-dc13fa46a9ca,Tourniquet,999,
TOOL_HOVER,128606,7/27/2023 8:42:13 AM,86c4cdb2-0073-43fb-b60a-dc13fa46a9ca,Tourniquet,999,
TOOL_HOVER,128624,7/27/2023 8:42:13 AM,86c4cdb2-0073-43fb-b60a-dc13fa46a9ca,Tourniquet,999,
TOOL_HOVER,128646,7/27/2023 8:42:13 AM,86c4cdb2-0073-43fb-b60a-dc13fa46a9ca,Tourniquet,999,
TOOL_HOVER,128668,7/27/2023 8:42:13 AM,86c4cdb2-0073-43fb-b60a-dc13fa46a9ca,Tourniquet,999,
TOOL_HOVER,128691,7/27/2023 8:42:13 AM,86c4cdb2-0073-43fb-b60a-dc13fa46a9ca,Tourniquet,999,
TOOL_HOVER,128711,7/27/2023 8:42:13 AM,86c4cdb2-0073-43fb-b60a-dc13fa46a9ca,Tourniquet,999,
TOOL_HOVER,128729,7/27/2023 8:42:14 AM,86c4cdb2-0073-43fb-b60a-dc13fa46a9ca,Tourniquet,999,
TOOL_HOVER,128749,7/27/2023 8:42:14 AM,86c4cdb2-0073-43fb-b60a-dc13fa46a9ca,Tourniquet,999,
TOOL_HOVER,128770,7/27/2023 8:42:14 AM,86c4cdb2-0073-43fb-b60a-dc13fa46a9ca,Tourniquet,999,
TOOL_HOVER,128790,7/27/2023 8:42:14 AM,86c4cdb2-0073-43fb-b60a-dc13fa46a9ca,Tourniquet,999,
TOOL_HOVER,128809,7/27/2023 8:42:14 AM,86c4cdb2-0073-43fb-b60a-dc13fa46a9ca,Tourniquet,999,
TOOL_HOVER,128830,7/27/2023 8:42:14 AM,86c4cdb2-0073-43fb-b60a-dc13fa46a9ca,Tourniquet,999,
TOOL_HOVER,128849,7/27/2023 8:42:14 AM,86c4cdb2-0073-43fb-b60a-dc13fa46a9ca,Tourniquet,999,
TOOL_HOVER,128872,7/27/2023 8:42:14 AM,86c4cdb2-0073-43fb-b60a-dc13fa46a9ca,Tourniquet,999,
TOOL_SELECTED,128875,7/27/2023 8:42:14 AM,86c4cdb2-0073-43fb-b60a-dc13fa46a9ca,Tourniquet,998,
INJURY_TREATED,132203,7/27/2023 8:42:17 AM,86c4cdb2-0073-43fb-b60a-dc13fa46a9ca,R Thigh Laceration,Mike_5 Root,tourniquet,medium,rightLeg,True,False,"(3.0, 0.3, 2.2)",
TOOL_APPLIED,132204,7/27/2023 8:42:17 AM,86c4cdb2-0073-43fb-b60a-dc13fa46a9ca,Mike_5 Root,Tourniquet,RightUpLeg (UnityEngine.GameObject),tor_ring (1) (UnityEngine.GameObject),tourniquet(Clone) (UnityEngine.GameObject),AppliedTourniquet,
PULSE_TAKEN,135864,7/27/2023 8:42:21 AM,86c4cdb2-0073-43fb-b60a-dc13fa46a9ca,pulse_fast,Mike_5 Root,
PULSE_TAKEN,136687,7/27/2023 8:42:21 AM,86c4cdb2-0073-43fb-b60a-dc13fa46a9ca,pulse_fast,Mike_5 Root,
TOOL_HOVER,139217,7/27/2023 8:42:24 AM,86c4cdb2-0073-43fb-b60a-dc13fa46a9ca,Hemostatic Gauze,999,
TOOL_HOVER,139232,7/27/2023 8:42:24 AM,86c4cdb2-0073-43fb-b60a-dc13fa46a9ca,Hemostatic Gauze,999,
TOOL_HOVER,139254,7/27/2023 8:42:24 AM,86c4cdb2-0073-43fb-b60a-dc13fa46a9ca,Hemostatic Gauze,999,
TOOL_HOVER,139267,7/27/2023 8:42:24 AM,86c4cdb2-0073-43fb-b60a-dc13fa46a9ca,Hemostatic Gauze,999,
TOOL_HOVER,139285,7/27/2023 8:42:24 AM,86c4cdb2-0073-43fb-b60a-dc13fa46a9ca,Hemostatic Gauze,999,
TOOL_HOVER,139300,7/27/2023 8:42:24 AM,86c4cdb2-0073-43fb-b60a-dc13fa46a9ca,Hemostatic Gauze,999,
TOOL_HOVER,139319,7/27/2023 8:42:24 AM,86c4cdb2-0073-43fb-b60a-dc13fa46a9ca,Hemostatic Gauze,999,
TOOL_HOVER,139335,7/27/2023 8:42:24 AM,86c4cdb2-0073-43fb-b60a-dc13fa46a9ca,Hemostatic Gauze,999,
TOOL_HOVER,139351,7/27/2023 8:42:24 AM,86c4cdb2-0073-43fb-b60a-dc13fa46a9ca,Hemostatic Gauze,999,
TOOL_HOVER,139369,7/27/2023 8:42:24 AM,86c4cdb2-0073-43fb-b60a-dc13fa46a9ca,Hemostatic Gauze,999,
TOOL_HOVER,139386,7/27/2023 8:42:24 AM,86c4cdb2-0073-43fb-b60a-dc13fa46a9ca,Hemostatic Gauze,999,
TOOL_HOVER,139401,7/27/2023 8:42:24 AM,86c4cdb2-0073-43fb-b60a-dc13fa46a9ca,Hemostatic Gauze,999,
TOOL_HOVER,139417,7/27/2023 8:42:24 AM,86c4cdb2-0073-43fb-b60a-dc13fa46a9ca,Hemostatic Gauze,999,
TOOL_HOVER,139434,7/27/2023 8:42:24 AM,86c4cdb2-0073-43fb-b60a-dc13fa46a9ca,Hemostatic Gauze,999,
TOOL_HOVER,139460,7/27/2023 8:42:24 AM,86c4cdb2-0073-43fb-b60a-dc13fa46a9ca,Hemostatic Gauze,999,
TOOL_SELECTED,139462,7/27/2023 8:42:24 AM,86c4cdb2-0073-43fb-b60a-dc13fa46a9ca,Hemostatic Gauze,998,
VOICE_CAPTURE,140190,7/27/2023 8:42:25 AM,86c4cdb2-0073-43fb-b60a-dc13fa46a9ca,oh see here there we go OK,NA,
TOOL_DISCARDED,141218,7/27/2023 8:42:26 AM,86c4cdb2-0073-43fb-b60a-dc13fa46a9ca,Hemostatic Gauze,998,"(3.1, 0.3, 2.5)",
INJURY_TREATED,141219,7/27/2023 8:42:26 AM,86c4cdb2-0073-43fb-b60a-dc13fa46a9ca,R Side Puncture,Mike_5 Root,woundpack,medium,abdomen,True,False,"(3.1, 0.3, 2.5)",
TOOL_APPLIED,141220,7/27/2023 8:42:26 AM,86c4cdb2-0073-43fb-b60a-dc13fa46a9ca,Mike_5 Root,Gauze_Pack,skinCollider_BodyCollideLOD (UnityEngine.GameObject),null,null,AppliedPackingGauze,
PULSE_TAKEN,144115,7/27/2023 8:42:29 AM,86c4cdb2-0073-43fb-b60a-dc13fa46a9ca,pulse_fast,Mike_5 Root,
TAG_SELECTED,149114,7/27/2023 8:42:34 AM,86c4cdb2-0073-43fb-b60a-dc13fa46a9ca,red,
TAG_APPLIED,152300,7/27/2023 8:42:37 AM,86c4cdb2-0073-43fb-b60a-dc13fa46a9ca,Mike_5 Root,red,
VOICE_CAPTURE,154415,7/27/2023 8:42:39 AM,86c4cdb2-0073-43fb-b60a-dc13fa46a9ca,please help,NA,
BAG_CLOSED,155017,7/27/2023 8:42:40 AM,86c4cdb2-0073-43fb-b60a-dc13fa46a9ca,"(3.2, 0.7, 1.6)",
TELEPORT,155017,7/27/2023 8:42:40 AM,86c4cdb2-0073-43fb-b60a-dc13fa46a9ca,"(1.3, 0.0, 2.2)",
PATIENT_ENGAGED,157646,7/27/2023 8:42:42 AM,86c4cdb2-0073-43fb-b60a-dc13fa46a9ca,100,Infinity,Lily_2 Root,"(3.0, 0.0, 4.5)","(0.0, 1.0, 0.0, 0.0)",IMMEDIATE,waver,fast,fast,normal,agony,fetal,
VOICE_CAPTURE,158181,7/27/2023 8:42:43 AM,86c4cdb2-0073-43fb-b60a-dc13fa46a9ca,oops,NA,
BAG_ACCESS,160167,7/27/2023 8:42:45 AM,86c4cdb2-0073-43fb-b60a-dc13fa46a9ca,"(3.9, 0.7, 4.4)",
TOOL_HOVER,160903,7/27/2023 8:42:46 AM,86c4cdb2-0073-43fb-b60a-dc13fa46a9ca,Tourniquet,998,
TOOL_HOVER,160918,7/27/2023 8:42:46 AM,86c4cdb2-0073-43fb-b60a-dc13fa46a9ca,Tourniquet,998,
TOOL_HOVER,160935,7/27/2023 8:42:46 AM,86c4cdb2-0073-43fb-b60a-dc13fa46a9ca,Tourniquet,998,
TOOL_HOVER,160953,7/27/2023 8:42:46 AM,86c4cdb2-0073-43fb-b60a-dc13fa46a9ca,Tourniquet,998,
TOOL_HOVER,160970,7/27/2023 8:42:46 AM,86c4cdb2-0073-43fb-b60a-dc13fa46a9ca,Tourniquet,998,
TOOL_HOVER,160986,7/27/2023 8:42:46 AM,86c4cdb2-0073-43fb-b60a-dc13fa46a9ca,Tourniquet,998,
TOOL_HOVER,161003,7/27/2023 8:42:46 AM,86c4cdb2-0073-43fb-b60a-dc13fa46a9ca,Tourniquet,998,
TOOL_HOVER,161018,7/27/2023 8:42:46 AM,86c4cdb2-0073-43fb-b60a-dc13fa46a9ca,Tourniquet,998,
TOOL_HOVER,161036,7/27/2023 8:42:46 AM,86c4cdb2-0073-43fb-b60a-dc13fa46a9ca,Tourniquet,998,
TOOL_HOVER,161053,7/27/2023 8:42:46 AM,86c4cdb2-0073-43fb-b60a-dc13fa46a9ca,Tourniquet,998,
TOOL_HOVER,161071,7/27/2023 8:42:46 AM,86c4cdb2-0073-43fb-b60a-dc13fa46a9ca,Tourniquet,998,
TOOL_HOVER,161090,7/27/2023 8:42:46 AM,86c4cdb2-0073-43fb-b60a-dc13fa46a9ca,Tourniquet,998,
TOOL_HOVER,161106,7/27/2023 8:42:46 AM,86c4cdb2-0073-43fb-b60a-dc13fa46a9ca,Tourniquet,998,
TOOL_HOVER,161119,7/27/2023 8:42:46 AM,86c4cdb2-0073-43fb-b60a-dc13fa46a9ca,Tourniquet,998,
TOOL_HOVER,161136,7/27/2023 8:42:46 AM,86c4cdb2-0073-43fb-b60a-dc13fa46a9ca,Tourniquet,998,
TOOL_HOVER,161151,7/27/2023 8:42:46 AM,86c4cdb2-0073-43fb-b60a-dc13fa46a9ca,Tourniquet,998,
TOOL_HOVER,161173,7/27/2023 8:42:46 AM,86c4cdb2-0073-43fb-b60a-dc13fa46a9ca,Tourniquet,998,
TOOL_SELECTED,161175,7/27/2023 8:42:46 AM,86c4cdb2-0073-43fb-b60a-dc13fa46a9ca,Tourniquet,997,
INJURY_TREATED,162843,7/27/2023 8:42:48 AM,86c4cdb2-0073-43fb-b60a-dc13fa46a9ca,R Shin Amputation,Lily_2 Root,tourniquet,high,rightLeg,True,False,"(3.2, 0.1, 4.2)",
TOOL_APPLIED,162843,7/27/2023 8:42:48 AM,86c4cdb2-0073-43fb-b60a-dc13fa46a9ca,Lily_2 Root,Tourniquet,RightUpLeg (UnityEngine.GameObject),tor_ring (1) (UnityEngine.GameObject),tourniquet(Clone) (UnityEngine.GameObject),AppliedTourniquet,
VOICE_CAPTURE,166313,7/27/2023 8:42:51 AM,86c4cdb2-0073-43fb-b60a-dc13fa46a9ca,OK,NA,
VOICE_CAPTURE,169507,7/27/2023 8:42:54 AM,86c4cdb2-0073-43fb-b60a-dc13fa46a9ca,you hurting anywhere else,NA,
VOICE_COMMAND,169507,7/27/2023 8:42:54 AM,86c4cdb2-0073-43fb-b60a-dc13fa46a9ca,are you hurt,you hurting anywhere else,
VOICE_COMMAND,169507,7/27/2023 8:42:54 AM,86c4cdb2-0073-43fb-b60a-dc13fa46a9ca,anywhere else,you hurting anywhere else,
PULSE_TAKEN,170479,7/27/2023 8:42:55 AM,86c4cdb2-0073-43fb-b60a-dc13fa46a9ca,pulse_fast,Lily_2 Root,
VOICE_CAPTURE,172748,7/27/2023 8:42:58 AM,86c4cdb2-0073-43fb-b60a-dc13fa46a9ca,show me,NA,
VOICE_COMMAND,172748,7/27/2023 8:42:58 AM,86c4cdb2-0073-43fb-b60a-dc13fa46a9ca,reveal injury,show me,
TAG_SELECTED,175420,7/27/2023 8:43:00 AM,86c4cdb2-0073-43fb-b60a-dc13fa46a9ca,red,
TAG_APPLIED,176908,7/27/2023 8:43:02 AM,86c4cdb2-0073-43fb-b60a-dc13fa46a9ca,Lily_2 Root,red,
VOICE_CAPTURE,180337,7/27/2023 8:43:05 AM,86c4cdb2-0073-43fb-b60a-dc13fa46a9ca,OK,NA,
BAG_CLOSED,181325,7/27/2023 8:43:06 AM,86c4cdb2-0073-43fb-b60a-dc13fa46a9ca,"(3.9, 0.7, 4.4)",
TELEPORT,181325,7/27/2023 8:43:06 AM,86c4cdb2-0073-43fb-b60a-dc13fa46a9ca,"(1.9, 0.0, 4.7)",
TELEPORT,185897,7/27/2023 8:43:11 AM,86c4cdb2-0073-43fb-b60a-dc13fa46a9ca,"(-1.6, 0.0, 5.5)",
TELEPORT,187183,7/27/2023 8:43:12 AM,86c4cdb2-0073-43fb-b60a-dc13fa46a9ca,"(-1.6, 0.0, 5.5)",
VOICE_CAPTURE,187551,7/27/2023 8:43:12 AM,86c4cdb2-0073-43fb-b60a-dc13fa46a9ca,what a ******* mess,NA,
TELEPORT,189521,7/27/2023 8:43:14 AM,86c4cdb2-0073-43fb-b60a-dc13fa46a9ca,"(-1.6, 0.0, 5.5)",
VOICE_CAPTURE,193785,7/27/2023 8:43:19 AM,86c4cdb2-0073-43fb-b60a-dc13fa46a9ca,there we go,NA,
PATIENT_ENGAGED,194217,7/27/2023 8:43:19 AM,86c4cdb2-0073-43fb-b60a-dc13fa46a9ca,100,Infinity,Bob_0 Root,"(-1.7, 0.0, 5.7)","(0.0, 0.7, 0.0, 0.7)",DEAD,still,none,none,none,dead,supine,
PULSE_TAKEN,197474,7/27/2023 8:43:22 AM,86c4cdb2-0073-43fb-b60a-dc13fa46a9ca,pulse_none,Bob_0 Root,
BAG_ACCESS,200349,7/27/2023 8:43:25 AM,86c4cdb2-0073-43fb-b60a-dc13fa46a9ca,"(-1.2, 0.7, 5.4)",
TAG_SELECTED,202888,7/27/2023 8:43:28 AM,86c4cdb2-0073-43fb-b60a-dc13fa46a9ca,black,
TAG_APPLIED,204543,7/27/2023 8:43:29 AM,86c4cdb2-0073-43fb-b60a-dc13fa46a9ca,Bob_0 Root,black,
BAG_CLOSED,214510,7/27/2023 8:43:39 AM,86c4cdb2-0073-43fb-b60a-dc13fa46a9ca,"(-1.2, 0.7, 5.4)",
TELEPORT,214510,7/27/2023 8:43:39 AM,86c4cdb2-0073-43fb-b60a-dc13fa46a9ca,"(-2.3, 0.0, 5.3)",
PATIENT_ENGAGED,220220,7/27/2023 8:43:45 AM,86c4cdb2-0073-43fb-b60a-dc13fa46a9ca,100,Infinity,Lily_4 Root,"(1.2, 0.0, 6.2)","(0.0, 1.0, 0.0, 0.0)",IMMEDIATE,waver,fast,normal,normal,upset,fetal,
TELEPORT,220635,7/27/2023 8:43:45 AM,86c4cdb2-0073-43fb-b60a-dc13fa46a9ca,"(-0.9, 0.0, 6.1)",
VOICE_CAPTURE,224157,7/27/2023 8:43:49 AM,86c4cdb2-0073-43fb-b60a-dc13fa46a9ca,hi,NA,
BAG_ACCESS,226646,7/27/2023 8:43:51 AM,86c4cdb2-0073-43fb-b60a-dc13fa46a9ca,"(0.8, 0.7, 6.0)",
VOICE_CAPTURE,226830,7/27/2023 8:43:52 AM,86c4cdb2-0073-43fb-b60a-dc13fa46a9ca,you're not here,NA,
TOOL_HOVER,227615,7/27/2023 8:43:52 AM,86c4cdb2-0073-43fb-b60a-dc13fa46a9ca,Hemostatic Gauze,999,
TOOL_HOVER,227631,7/27/2023 8:43:52 AM,86c4cdb2-0073-43fb-b60a-dc13fa46a9ca,Hemostatic Gauze,999,
TOOL_HOVER,227649,7/27/2023 8:43:52 AM,86c4cdb2-0073-43fb-b60a-dc13fa46a9ca,Hemostatic Gauze,999,
TOOL_HOVER,227668,7/27/2023 8:43:52 AM,86c4cdb2-0073-43fb-b60a-dc13fa46a9ca,Hemostatic Gauze,999,
TOOL_HOVER,227683,7/27/2023 8:43:52 AM,86c4cdb2-0073-43fb-b60a-dc13fa46a9ca,Hemostatic Gauze,999,
TOOL_HOVER,227699,7/27/2023 8:43:52 AM,86c4cdb2-0073-43fb-b60a-dc13fa46a9ca,Hemostatic Gauze,999,
TOOL_HOVER,227716,7/27/2023 8:43:52 AM,86c4cdb2-0073-43fb-b60a-dc13fa46a9ca,Hemostatic Gauze,999,
TOOL_HOVER,227734,7/27/2023 8:43:53 AM,86c4cdb2-0073-43fb-b60a-dc13fa46a9ca,Hemostatic Gauze,999,
TOOL_HOVER,227748,7/27/2023 8:43:53 AM,86c4cdb2-0073-43fb-b60a-dc13fa46a9ca,Hemostatic Gauze,999,
TOOL_HOVER,227765,7/27/2023 8:43:53 AM,86c4cdb2-0073-43fb-b60a-dc13fa46a9ca,Hemostatic Gauze,999,
TOOL_HOVER,227781,7/27/2023 8:43:53 AM,86c4cdb2-0073-43fb-b60a-dc13fa46a9ca,Hemostatic Gauze,999,
TOOL_HOVER,227798,7/27/2023 8:43:53 AM,86c4cdb2-0073-43fb-b60a-dc13fa46a9ca,Hemostatic Gauze,999,
TOOL_HOVER,227814,7/27/2023 8:43:53 AM,86c4cdb2-0073-43fb-b60a-dc13fa46a9ca,Hemostatic Gauze,999,
TOOL_HOVER,227832,7/27/2023 8:43:53 AM,86c4cdb2-0073-43fb-b60a-dc13fa46a9ca,Hemostatic Gauze,999,
TOOL_HOVER,227849,7/27/2023 8:43:53 AM,86c4cdb2-0073-43fb-b60a-dc13fa46a9ca,Hemostatic Gauze,999,
TOOL_SELECTED,227849,7/27/2023 8:43:53 AM,86c4cdb2-0073-43fb-b60a-dc13fa46a9ca,Hemostatic Gauze,998,
TOOL_DISCARDED,229405,7/27/2023 8:43:54 AM,86c4cdb2-0073-43fb-b60a-dc13fa46a9ca,Hemostatic Gauze,998,"(0.8, 0.2, 6.5)",
INJURY_TREATED,229405,7/27/2023 8:43:54 AM,86c4cdb2-0073-43fb-b60a-dc13fa46a9ca,L Side Puncture,Lily_4 Root,woundpack,medium,abdomen,True,False,"(0.9, 0.2, 6.5)",
TOOL_APPLIED,229406,7/27/2023 8:43:54 AM,86c4cdb2-0073-43fb-b60a-dc13fa46a9ca,Lily_4 Root,Gauze_Pack,skinCollider_BodyLOD (UnityEngine.GameObject),null,null,AppliedPackingGauze,
VOICE_CAPTURE,235516,7/27/2023 8:44:00 AM,86c4cdb2-0073-43fb-b60a-dc13fa46a9ca,OK you're anywhere else,NA,
VOICE_COMMAND,235516,7/27/2023 8:44:00 AM,86c4cdb2-0073-43fb-b60a-dc13fa46a9ca,anywhere else,OK you're anywhere else,
VOICE_CAPTURE,238272,7/27/2023 8:44:03 AM,86c4cdb2-0073-43fb-b60a-dc13fa46a9ca,OK,NA,
TAG_SELECTED,243436,7/27/2023 8:44:08 AM,86c4cdb2-0073-43fb-b60a-dc13fa46a9ca,yellow,
VOICE_CAPTURE,243560,7/27/2023 8:44:08 AM,86c4cdb2-0073-43fb-b60a-dc13fa46a9ca,modbutton no,NA,
VOICE_COMMAND,243560,7/27/2023 8:44:08 AM,86c4cdb2-0073-43fb-b60a-dc13fa46a9ca,modbutton no,modbutton no,
TAG_APPLIED,244856,7/27/2023 8:44:10 AM,86c4cdb2-0073-43fb-b60a-dc13fa46a9ca,Lily_4 Root,yellow,
VOICE_CAPTURE,247695,7/27/2023 8:44:12 AM,86c4cdb2-0073-43fb-b60a-dc13fa46a9ca,there we go,NA,
BAG_CLOSED,249517,7/27/2023 8:44:14 AM,86c4cdb2-0073-43fb-b60a-dc13fa46a9ca,"(0.8, 0.7, 6.0)",
TELEPORT,249517,7/27/2023 8:44:14 AM,86c4cdb2-0073-43fb-b60a-dc13fa46a9ca,"(-0.5, 0.0, 6.3)",
TELEPORT,251976,7/27/2023 8:44:17 AM,86c4cdb2-0073-43fb-b60a-dc13fa46a9ca,"(-0.5, 0.0, 6.3)",
VOICE_CAPTURE,252661,7/27/2023 8:44:17 AM,86c4cdb2-0073-43fb-b60a-dc13fa46a9ca,what's that,NA,
VOICE_CAPTURE,254529,7/27/2023 8:44:19 AM,86c4cdb2-0073-43fb-b60a-dc13fa46a9ca,yeah,NA,
TELEPORT,254566,7/27/2023 8:44:19 AM,86c4cdb2-0073-43fb-b60a-dc13fa46a9ca,"(-0.3, 0.0, 7.2)",
PATIENT_ENGAGED,255748,7/27/2023 8:44:21 AM,86c4cdb2-0073-43fb-b60a-dc13fa46a9ca,100,Infinity,Gary_1 Root,"(1.6, 0.0, 7.6)","(0.0, 1.0, 0.0, 0.0)",EXPECTANT,still,none,restricted,none,unresponsive,supine,
VOICE_CAPTURE,260228,7/27/2023 8:44:25 AM,86c4cdb2-0073-43fb-b60a-dc13fa46a9ca,can you hear me,NA,
VOICE_COMMAND,260228,7/27/2023 8:44:25 AM,86c4cdb2-0073-43fb-b60a-dc13fa46a9ca,can you hear,can you hear me,
PULSE_TAKEN,260927,7/27/2023 8:44:26 AM,86c4cdb2-0073-43fb-b60a-dc13fa46a9ca,pulse_none,Gary_1 Root,
BAG_ACCESS,267883,7/27/2023 8:44:33 AM,86c4cdb2-0073-43fb-b60a-dc13fa46a9ca,"(1.3, 0.7, 7.6)",
VOICE_CAPTURE,268915,7/27/2023 8:44:34 AM,86c4cdb2-0073-43fb-b60a-dc13fa46a9ca,little agonal movement,NA,
TOOL_HOVER,273512,7/27/2023 8:44:38 AM,86c4cdb2-0073-43fb-b60a-dc13fa46a9ca,Gauze,999,
TOOL_HOVER,273526,7/27/2023 8:44:38 AM,86c4cdb2-0073-43fb-b60a-dc13fa46a9ca,Gauze,999,
TOOL_HOVER,273543,7/27/2023 8:44:38 AM,86c4cdb2-0073-43fb-b60a-dc13fa46a9ca,Gauze,999,
TOOL_HOVER,273560,7/27/2023 8:44:38 AM,86c4cdb2-0073-43fb-b60a-dc13fa46a9ca,Gauze,999,
TOOL_HOVER,273575,7/27/2023 8:44:38 AM,86c4cdb2-0073-43fb-b60a-dc13fa46a9ca,Gauze,999,
TOOL_HOVER,273595,7/27/2023 8:44:38 AM,86c4cdb2-0073-43fb-b60a-dc13fa46a9ca,Gauze,999,
TOOL_HOVER,273608,7/27/2023 8:44:38 AM,86c4cdb2-0073-43fb-b60a-dc13fa46a9ca,Gauze,999,
TOOL_HOVER,273624,7/27/2023 8:44:38 AM,86c4cdb2-0073-43fb-b60a-dc13fa46a9ca,Gauze,999,
TOOL_HOVER,273645,7/27/2023 8:44:38 AM,86c4cdb2-0073-43fb-b60a-dc13fa46a9ca,Gauze,999,
TOOL_HOVER,273660,7/27/2023 8:44:38 AM,86c4cdb2-0073-43fb-b60a-dc13fa46a9ca,Gauze,999,
TOOL_HOVER,273677,7/27/2023 8:44:38 AM,86c4cdb2-0073-43fb-b60a-dc13fa46a9ca,Gauze,999,
TOOL_HOVER,273695,7/27/2023 8:44:38 AM,86c4cdb2-0073-43fb-b60a-dc13fa46a9ca,Gauze,999,
TAG_SELECTED,275248,7/27/2023 8:44:40 AM,86c4cdb2-0073-43fb-b60a-dc13fa46a9ca,black,
TAG_APPLIED,277285,7/27/2023 8:44:42 AM,86c4cdb2-0073-43fb-b60a-dc13fa46a9ca,Gary_1 Root,black,
VOICE_CAPTURE,277403,7/27/2023 8:44:42 AM,86c4cdb2-0073-43fb-b60a-dc13fa46a9ca,yeah there it is,NA,
BAG_CLOSED,281052,7/27/2023 8:44:46 AM,86c4cdb2-0073-43fb-b60a-dc13fa46a9ca,"(1.3, 0.7, 7.6)",
TELEPORT,281052,7/27/2023 8:44:46 AM,86c4cdb2-0073-43fb-b60a-dc13fa46a9ca,"(-0.5, 0.0, 8.1)",
VOICE_CAPTURE,281609,7/27/2023 8:44:46 AM,86c4cdb2-0073-43fb-b60a-dc13fa46a9ca,get it alright,NA,
TELEPORT,281819,7/27/2023 8:44:47 AM,86c4cdb2-0073-43fb-b60a-dc13fa46a9ca,"(-0.5, 0.0, 8.1)",
TELEPORT,283550,7/27/2023 8:44:48 AM,86c4cdb2-0073-43fb-b60a-dc13fa46a9ca,"(2.1, 0.0, 9.8)",
PATIENT_ENGAGED,286640,7/27/2023 8:44:51 AM,86c4cdb2-0073-43fb-b60a-dc13fa46a9ca,100,0,Gary_9 Root,"(3.0, 0.0, 9.1)","(0.0, 0.6, 0.0, 0.8)",MINIMAL,walker,normal,normal,limited,calm,standing,
VOICE_CAPTURE,289525,7/27/2023 8:44:54 AM,86c4cdb2-0073-43fb-b60a-dc13fa46a9ca,there we go,NA,
VOICE_CAPTURE,291263,7/27/2023 8:44:56 AM,86c4cdb2-0073-43fb-b60a-dc13fa46a9ca,OK,NA,
VOICE_CAPTURE,295400,7/27/2023 8:45:00 AM,86c4cdb2-0073-43fb-b60a-dc13fa46a9ca,can you walk,NA,
VOICE_COMMAND,295400,7/27/2023 8:45:00 AM,86c4cdb2-0073-43fb-b60a-dc13fa46a9ca,walk to the safe area,can you walk,
S_A_L_T_WALK_IF_CAN,295402,7/27/2023 8:45:00 AM,86c4cdb2-0073-43fb-b60a-dc13fa46a9ca,"(3.0, 0.0, 4.5)",walkIfCan,Lily_2 Root,
S_A_L_T_WALK_IF_CAN,295402,7/27/2023 8:45:00 AM,86c4cdb2-0073-43fb-b60a-dc13fa46a9ca,"(1.2, 0.0, 6.2)",walkIfCan,Lily_4 Root,
S_A_L_T_WALK_IF_CAN,295402,7/27/2023 8:45:00 AM,86c4cdb2-0073-43fb-b60a-dc13fa46a9ca,"(2.7, 0.0, 2.3)",walkIfCan,Mike_5 Root,
S_A_L_T_WALK_IF_CAN,295402,7/27/2023 8:45:00 AM,86c4cdb2-0073-43fb-b60a-dc13fa46a9ca,"(-1.2, 0.0, 3.1)",walkIfCan,Gloria_6 Root,
S_A_L_T_WALK_IF_CAN,295402,7/27/2023 8:45:00 AM,86c4cdb2-0073-43fb-b60a-dc13fa46a9ca,"(1.3, 0.0, 3.4)",walkIfCan,Mike_7 Root,
S_A_L_T_WALK_IF_CAN,295402,7/27/2023 8:45:00 AM,86c4cdb2-0073-43fb-b60a-dc13fa46a9ca,"(4.4, 0.0, -1.1)",walkIfCan,Helga_10 Root,
S_A_L_T_WALKED,295402,7/27/2023 8:45:00 AM,86c4cdb2-0073-43fb-b60a-dc13fa46a9ca,"(4.4, 0.0, -1.1)",walked,Helga_10 Root,
VOICE_CAPTURE,298292,7/27/2023 8:45:03 AM,86c4cdb2-0073-43fb-b60a-dc13fa46a9ca,how the hell we get you over there,NA,
VOICE_CAPTURE,300092,7/27/2023 8:45:05 AM,86c4cdb2-0073-43fb-b60a-dc13fa46a9ca,alright,NA,
VOICE_CAPTURE,303585,7/27/2023 8:45:08 AM,86c4cdb2-0073-43fb-b60a-dc13fa46a9ca,you walk over there,NA,
VOICE_COMMAND,303585,7/27/2023 8:45:08 AM,86c4cdb2-0073-43fb-b60a-dc13fa46a9ca,walk to the safe area,you walk over there,
S_A_L_T_WALK_IF_CAN,303588,7/27/2023 8:45:08 AM,86c4cdb2-0073-43fb-b60a-dc13fa46a9ca,"(3.0, 0.0, 4.5)",walkIfCan,Lily_2 Root,
S_A_L_T_WALK_IF_CAN,303588,7/27/2023 8:45:08 AM,86c4cdb2-0073-43fb-b60a-dc13fa46a9ca,"(1.2, 0.0, 6.2)",walkIfCan,Lily_4 Root,
S_A_L_T_WALK_IF_CAN,303588,7/27/2023 8:45:08 AM,86c4cdb2-0073-43fb-b60a-dc13fa46a9ca,"(2.7, 0.0, 2.3)",walkIfCan,Mike_5 Root,
S_A_L_T_WALK_IF_CAN,303588,7/27/2023 8:45:08 AM,86c4cdb2-0073-43fb-b60a-dc13fa46a9ca,"(-1.2, 0.0, 3.1)",walkIfCan,Gloria_6 Root,
S_A_L_T_WALK_IF_CAN,303588,7/27/2023 8:45:08 AM,86c4cdb2-0073-43fb-b60a-dc13fa46a9ca,"(1.3, 0.0, 3.4)",walkIfCan,Mike_7 Root,
S_A_L_T_WALK_IF_CAN,303588,7/27/2023 8:45:08 AM,86c4cdb2-0073-43fb-b60a-dc13fa46a9ca,"(4.2, 0.0, -1.2)",walkIfCan,Helga_10 Root,
S_A_L_T_WALKED,303588,7/27/2023 8:45:08 AM,86c4cdb2-0073-43fb-b60a-dc13fa46a9ca,"(4.2, 0.0, -1.2)",walked,Helga_10 Root,
VOICE_CAPTURE,306506,7/27/2023 8:45:11 AM,86c4cdb2-0073-43fb-b60a-dc13fa46a9ca,OK,NA,
VOICE_CAPTURE,308650,7/27/2023 8:45:13 AM,86c4cdb2-0073-43fb-b60a-dc13fa46a9ca,alright well you can,NA,
BAG_ACCESS,308772,7/27/2023 8:45:14 AM,86c4cdb2-0073-43fb-b60a-dc13fa46a9ca,"(3.7, 0.8, 9.0)",
VOICE_CAPTURE,310990,7/27/2023 8:45:16 AM,86c4cdb2-0073-43fb-b60a-dc13fa46a9ca,wait,NA,
TAG_SELECTED,312717,7/27/2023 8:45:17 AM,86c4cdb2-0073-43fb-b60a-dc13fa46a9ca,green,
TAG_APPLIED,313969,7/27/2023 8:45:19 AM,86c4cdb2-0073-43fb-b60a-dc13fa46a9ca,Gary_9 Root,green,
PULSE_TAKEN,315572,7/27/2023 8:45:20 AM,86c4cdb2-0073-43fb-b60a-dc13fa46a9ca,pulse_normal,Gary_9 Root,
VOICE_CAPTURE,316645,7/27/2023 8:45:21 AM,86c4cdb2-0073-43fb-b60a-dc13fa46a9ca,for now,NA,
VOICE_CAPTURE,318883,7/27/2023 8:45:24 AM,86c4cdb2-0073-43fb-b60a-dc13fa46a9ca,yeah,NA,
VOICE_CAPTURE,320857,7/27/2023 8:45:26 AM,86c4cdb2-0073-43fb-b60a-dc13fa46a9ca,OK,NA,
BAG_CLOSED,323527,7/27/2023 8:45:28 AM,86c4cdb2-0073-43fb-b60a-dc13fa46a9ca,"(3.7, 0.8, 9.0)",
TELEPORT,323528,7/27/2023 8:45:28 AM,86c4cdb2-0073-43fb-b60a-dc13fa46a9ca,"(2.1, 0.0, 9.8)",
TELEPORT,328131,7/27/2023 8:45:33 AM,86c4cdb2-0073-43fb-b60a-dc13fa46a9ca,"(0.6, 0.0, 7.7)",
VOICE_CAPTURE,329630,7/27/2023 8:45:34 AM,86c4cdb2-0073-43fb-b60a-dc13fa46a9ca,did her,NA,
TELEPORT,330877,7/27/2023 8:45:36 AM,86c4cdb2-0073-43fb-b60a-dc13fa46a9ca,"(2.5, 0.0, 5.7)",
PATIENT_ENGAGED,335011,7/27/2023 8:45:40 AM,86c4cdb2-0073-43fb-b60a-dc13fa46a9ca,100,Infinity,Mike_7 Root,"(1.3, 0.0, 3.4)","(0.0, 0.1, 0.0, 1.0)",DELAYED,waver,fast,normal,normal,upset,sittingGround,
VOICE_CAPTURE,337150,7/27/2023 8:45:42 AM,86c4cdb2-0073-43fb-b60a-dc13fa46a9ca,there we go,NA,
BAG_ACCESS,337908,7/27/2023 8:45:43 AM,86c4cdb2-0073-43fb-b60a-dc13fa46a9ca,"(1.3, 0.7, 3.6)",
TOOL_HOVER,339512,7/27/2023 8:45:44 AM,86c4cdb2-0073-43fb-b60a-dc13fa46a9ca,Gauze,999,
TOOL_HOVER,339529,7/27/2023 8:45:44 AM,86c4cdb2-0073-43fb-b60a-dc13fa46a9ca,Gauze,999,
TOOL_HOVER,339549,7/27/2023 8:45:44 AM,86c4cdb2-0073-43fb-b60a-dc13fa46a9ca,Gauze,999,
TOOL_HOVER,339566,7/27/2023 8:45:44 AM,86c4cdb2-0073-43fb-b60a-dc13fa46a9ca,Gauze,999,
TOOL_HOVER,339581,7/27/2023 8:45:44 AM,86c4cdb2-0073-43fb-b60a-dc13fa46a9ca,Gauze,999,
TOOL_HOVER,339598,7/27/2023 8:45:44 AM,86c4cdb2-0073-43fb-b60a-dc13fa46a9ca,Gauze,999,
TOOL_HOVER,339615,7/27/2023 8:45:44 AM,86c4cdb2-0073-43fb-b60a-dc13fa46a9ca,Tourniquet,997,
TOOL_HOVER,339631,7/27/2023 8:45:44 AM,86c4cdb2-0073-43fb-b60a-dc13fa46a9ca,Tourniquet,997,
TOOL_HOVER,339647,7/27/2023 8:45:44 AM,86c4cdb2-0073-43fb-b60a-dc13fa46a9ca,Tourniquet,997,
TOOL_HOVER,339668,7/27/2023 8:45:44 AM,86c4cdb2-0073-43fb-b60a-dc13fa46a9ca,Tourniquet,997,
TOOL_HOVER,339684,7/27/2023 8:45:44 AM,86c4cdb2-0073-43fb-b60a-dc13fa46a9ca,Tourniquet,997,
TOOL_HOVER,339699,7/27/2023 8:45:44 AM,86c4cdb2-0073-43fb-b60a-dc13fa46a9ca,Tourniquet,997,
TOOL_HOVER,339714,7/27/2023 8:45:44 AM,86c4cdb2-0073-43fb-b60a-dc13fa46a9ca,Tourniquet,997,
TOOL_HOVER,339735,7/27/2023 8:45:45 AM,86c4cdb2-0073-43fb-b60a-dc13fa46a9ca,Tourniquet,997,
TOOL_HOVER,339751,7/27/2023 8:45:45 AM,86c4cdb2-0073-43fb-b60a-dc13fa46a9ca,Tourniquet,997,
TOOL_HOVER,339766,7/27/2023 8:45:45 AM,86c4cdb2-0073-43fb-b60a-dc13fa46a9ca,Tourniquet,997,
TOOL_HOVER,339781,7/27/2023 8:45:45 AM,86c4cdb2-0073-43fb-b60a-dc13fa46a9ca,Tourniquet,997,
TOOL_HOVER,339799,7/27/2023 8:45:45 AM,86c4cdb2-0073-43fb-b60a-dc13fa46a9ca,Tourniquet,997,
TOOL_HOVER,339817,7/27/2023 8:45:45 AM,86c4cdb2-0073-43fb-b60a-dc13fa46a9ca,Tourniquet,997,
TOOL_HOVER,339835,7/27/2023 8:45:45 AM,86c4cdb2-0073-43fb-b60a-dc13fa46a9ca,Tourniquet,997,
TOOL_HOVER,339852,7/27/2023 8:45:45 AM,86c4cdb2-0073-43fb-b60a-dc13fa46a9ca,Tourniquet,997,
TOOL_HOVER,339874,7/27/2023 8:45:45 AM,86c4cdb2-0073-43fb-b60a-dc13fa46a9ca,Tourniquet,997,
TOOL_HOVER,339893,7/27/2023 8:45:45 AM,86c4cdb2-0073-43fb-b60a-dc13fa46a9ca,Tourniquet,997,
TOOL_HOVER,339911,7/27/2023 8:45:45 AM,86c4cdb2-0073-43fb-b60a-dc13fa46a9ca,Tourniquet,997,
TOOL_SELECTED,339913,7/27/2023 8:45:45 AM,86c4cdb2-0073-43fb-b60a-dc13fa46a9ca,Tourniquet,996,
INJURY_TREATED,341499,7/27/2023 8:45:46 AM,86c4cdb2-0073-43fb-b60a-dc13fa46a9ca,L Thigh Puncture,Mike_7 Root,tourniquet,medium,leftLeg,True,False,"(0.7, 0.1, 3.5)",
TOOL_APPLIED,341499,7/27/2023 8:45:46 AM,86c4cdb2-0073-43fb-b60a-dc13fa46a9ca,Mike_7 Root,Tourniquet,LeftUpLeg (UnityEngine.GameObject),tor_ring (1) (UnityEngine.GameObject),tourniquet(Clone) (UnityEngine.GameObject),AppliedTourniquet,
VOICE_CAPTURE,346809,7/27/2023 8:45:52 AM,86c4cdb2-0073-43fb-b60a-dc13fa46a9ca,You lay back,NA,
TOOL_HOVER,347812,7/27/2023 8:45:53 AM,86c4cdb2-0073-43fb-b60a-dc13fa46a9ca,Gauze,999,
TOOL_HOVER,347828,7/27/2023 8:45:53 AM,86c4cdb2-0073-43fb-b60a-dc13fa46a9ca,Gauze,999,
TOOL_HOVER,347848,7/27/2023 8:45:53 AM,86c4cdb2-0073-43fb-b60a-dc13fa46a9ca,Gauze,999,
TOOL_HOVER,347866,7/27/2023 8:45:53 AM,86c4cdb2-0073-43fb-b60a-dc13fa46a9ca,Gauze,999,
TOOL_HOVER,347880,7/27/2023 8:45:53 AM,86c4cdb2-0073-43fb-b60a-dc13fa46a9ca,Gauze,999,
TOOL_HOVER,347898,7/27/2023 8:45:53 AM,86c4cdb2-0073-43fb-b60a-dc13fa46a9ca,Gauze,999,
TOOL_HOVER,347916,7/27/2023 8:45:53 AM,86c4cdb2-0073-43fb-b60a-dc13fa46a9ca,Gauze,999,
TOOL_HOVER,347936,7/27/2023 8:45:53 AM,86c4cdb2-0073-43fb-b60a-dc13fa46a9ca,Gauze,999,
TOOL_HOVER,347954,7/27/2023 8:45:53 AM,86c4cdb2-0073-43fb-b60a-dc13fa46a9ca,Gauze,999,
TOOL_HOVER,347970,7/27/2023 8:45:53 AM,86c4cdb2-0073-43fb-b60a-dc13fa46a9ca,Gauze,999,
TOOL_HOVER,347991,7/27/2023 8:45:53 AM,86c4cdb2-0073-43fb-b60a-dc13fa46a9ca,Gauze,999,
TOOL_HOVER,348008,7/27/2023 8:45:53 AM,86c4cdb2-0073-43fb-b60a-dc13fa46a9ca,Gauze,999,
TOOL_HOVER,348024,7/27/2023 8:45:53 AM,86c4cdb2-0073-43fb-b60a-dc13fa46a9ca,Gauze,999,
TOOL_HOVER,348043,7/27/2023 8:45:53 AM,86c4cdb2-0073-43fb-b60a-dc13fa46a9ca,Gauze,999,
TOOL_HOVER,348063,7/27/2023 8:45:53 AM,86c4cdb2-0073-43fb-b60a-dc13fa46a9ca,Gauze,999,
TOOL_HOVER,348080,7/27/2023 8:45:53 AM,86c4cdb2-0073-43fb-b60a-dc13fa46a9ca,Gauze,999,
TOOL_HOVER,348095,7/27/2023 8:45:53 AM,86c4cdb2-0073-43fb-b60a-dc13fa46a9ca,Gauze,999,
TOOL_HOVER,348113,7/27/2023 8:45:53 AM,86c4cdb2-0073-43fb-b60a-dc13fa46a9ca,Gauze,999,
TOOL_SELECTED,348115,7/27/2023 8:45:53 AM,86c4cdb2-0073-43fb-b60a-dc13fa46a9ca,Gauze,998,
TOOL_DISCARDED,349178,7/27/2023 8:45:54 AM,86c4cdb2-0073-43fb-b60a-dc13fa46a9ca,Gauze,998,"(1.3, 0.1, 3.8)",
INJURY_TREATED,349180,7/27/2023 8:45:54 AM,86c4cdb2-0073-43fb-b60a-dc13fa46a9ca,R Calf Laceration,Mike_7 Root,gauzePressure,low,rightLeg,True,False,"(1.3, 0.1, 3.8)",
TOOL_APPLIED,349180,7/27/2023 8:45:54 AM,86c4cdb2-0073-43fb-b60a-dc13fa46a9ca,Mike_7 Root,Gauze_Dressing,skinCollider_BodyCollideLOD (UnityEngine.GameObject),null,null,AppliedDressingGauze,
VOICE_CAPTURE,350475,7/27/2023 8:45:55 AM,86c4cdb2-0073-43fb-b60a-dc13fa46a9ca,wrap that up,NA,
PULSE_TAKEN,350991,7/27/2023 8:45:56 AM,86c4cdb2-0073-43fb-b60a-dc13fa46a9ca,pulse_fast,Mike_7 Root,
VOICE_CAPTURE,354311,7/27/2023 8:45:59 AM,86c4cdb2-0073-43fb-b60a-dc13fa46a9ca,lay down,NA,
VOICE_COMMAND,354311,7/27/2023 8:45:59 AM,86c4cdb2-0073-43fb-b60a-dc13fa46a9ca,lay down,lay down,
VOICE_CAPTURE,356430,7/27/2023 8:46:01 AM,86c4cdb2-0073-43fb-b60a-dc13fa46a9ca,OK,NA,
TAG_SELECTED,359275,7/27/2023 8:46:04 AM,86c4cdb2-0073-43fb-b60a-dc13fa46a9ca,yellow,
TAG_APPLIED,360440,7/27/2023 8:46:05 AM,86c4cdb2-0073-43fb-b60a-dc13fa46a9ca,Mike_7 Root,yellow,
BAG_CLOSED,364856,7/27/2023 8:46:10 AM,86c4cdb2-0073-43fb-b60a-dc13fa46a9ca,"(1.3, 0.7, 3.6)",
TELEPORT,364856,7/27/2023 8:46:10 AM,86c4cdb2-0073-43fb-b60a-dc13fa46a9ca,"(-0.2, 0.0, 4.2)",
TELEPORT,365814,7/27/2023 8:46:11 AM,86c4cdb2-0073-43fb-b60a-dc13fa46a9ca,"(-0.2, 0.0, 4.2)",
TELEPORT,367393,7/27/2023 8:46:12 AM,86c4cdb2-0073-43fb-b60a-dc13fa46a9ca,"(-1.6, 0.0, 3.7)",
PATIENT_ENGAGED,369223,7/27/2023 8:46:14 AM,86c4cdb2-0073-43fb-b60a-dc13fa46a9ca,100,Infinity,Gloria_6 Root,"(-1.2, 0.0, 3.1)","(0.0, 0.4, 0.0, 0.9)",DELAYED,waver,fast,normal,normal,upset,fetal,
BAG_ACCESS,372419,7/27/2023 8:46:17 AM,86c4cdb2-0073-43fb-b60a-dc13fa46a9ca,"(-0.9, 0.7, 3.0)",
TOOL_HOVER,374307,7/27/2023 8:46:19 AM,86c4cdb2-0073-43fb-b60a-dc13fa46a9ca,Gauze,999,
TOOL_HOVER,374323,7/27/2023 8:46:19 AM,86c4cdb2-0073-43fb-b60a-dc13fa46a9ca,Gauze,999,
TOOL_HOVER,374339,7/27/2023 8:46:19 AM,86c4cdb2-0073-43fb-b60a-dc13fa46a9ca,Gauze,999,
TOOL_HOVER,374354,7/27/2023 8:46:19 AM,86c4cdb2-0073-43fb-b60a-dc13fa46a9ca,Gauze,999,
TOOL_HOVER,374372,7/27/2023 8:46:19 AM,86c4cdb2-0073-43fb-b60a-dc13fa46a9ca,Gauze,999,
TOOL_HOVER,374390,7/27/2023 8:46:19 AM,86c4cdb2-0073-43fb-b60a-dc13fa46a9ca,Gauze,999,
TOOL_HOVER,374406,7/27/2023 8:46:19 AM,86c4cdb2-0073-43fb-b60a-dc13fa46a9ca,Gauze,999,
TOOL_HOVER,374423,7/27/2023 8:46:19 AM,86c4cdb2-0073-43fb-b60a-dc13fa46a9ca,Gauze,999,
TOOL_HOVER,374439,7/27/2023 8:46:19 AM,86c4cdb2-0073-43fb-b60a-dc13fa46a9ca,Gauze,999,
TOOL_HOVER,374459,7/27/2023 8:46:19 AM,86c4cdb2-0073-43fb-b60a-dc13fa46a9ca,Gauze,999,
TOOL_HOVER,374474,7/27/2023 8:46:19 AM,86c4cdb2-0073-43fb-b60a-dc13fa46a9ca,Gauze,999,
TOOL_HOVER,374492,7/27/2023 8:46:19 AM,86c4cdb2-0073-43fb-b60a-dc13fa46a9ca,Gauze,999,
TOOL_HOVER,374507,7/27/2023 8:46:19 AM,86c4cdb2-0073-43fb-b60a-dc13fa46a9ca,Gauze,999,
TOOL_HOVER,374525,7/27/2023 8:46:19 AM,86c4cdb2-0073-43fb-b60a-dc13fa46a9ca,Gauze,999,
TOOL_HOVER,374545,7/27/2023 8:46:19 AM,86c4cdb2-0073-43fb-b60a-dc13fa46a9ca,Gauze,999,
TOOL_HOVER,374561,7/27/2023 8:46:19 AM,86c4cdb2-0073-43fb-b60a-dc13fa46a9ca,Gauze,999,
TOOL_HOVER,374575,7/27/2023 8:46:19 AM,86c4cdb2-0073-43fb-b60a-dc13fa46a9ca,Gauze,999,
TOOL_HOVER,374595,7/27/2023 8:46:19 AM,86c4cdb2-0073-43fb-b60a-dc13fa46a9ca,Gauze,999,
TOOL_HOVER,374611,7/27/2023 8:46:19 AM,86c4cdb2-0073-43fb-b60a-dc13fa46a9ca,Gauze,999,
TOOL_HOVER,374628,7/27/2023 8:46:19 AM,86c4cdb2-0073-43fb-b60a-dc13fa46a9ca,Gauze,999,
TOOL_HOVER,374644,7/27/2023 8:46:19 AM,86c4cdb2-0073-43fb-b60a-dc13fa46a9ca,Gauze,999,
TOOL_HOVER,374659,7/27/2023 8:46:19 AM,86c4cdb2-0073-43fb-b60a-dc13fa46a9ca,Gauze,999,
TOOL_HOVER,374676,7/27/2023 8:46:19 AM,86c4cdb2-0073-43fb-b60a-dc13fa46a9ca,Gauze,999,
TOOL_HOVER,374694,7/27/2023 8:46:19 AM,86c4cdb2-0073-43fb-b60a-dc13fa46a9ca,Gauze,999,
TOOL_HOVER,374712,7/27/2023 8:46:19 AM,86c4cdb2-0073-43fb-b60a-dc13fa46a9ca,Gauze,999,
TOOL_HOVER,374727,7/27/2023 8:46:20 AM,86c4cdb2-0073-43fb-b60a-dc13fa46a9ca,Gauze,999,
TOOL_HOVER,374745,7/27/2023 8:46:20 AM,86c4cdb2-0073-43fb-b60a-dc13fa46a9ca,Gauze,999,
TOOL_HOVER,374760,7/27/2023 8:46:20 AM,86c4cdb2-0073-43fb-b60a-dc13fa46a9ca,Gauze,999,
TOOL_HOVER,374776,7/27/2023 8:46:20 AM,86c4cdb2-0073-43fb-b60a-dc13fa46a9ca,Gauze,999,
TOOL_HOVER,374791,7/27/2023 8:46:20 AM,86c4cdb2-0073-43fb-b60a-dc13fa46a9ca,Gauze,999,
TOOL_HOVER,374810,7/27/2023 8:46:20 AM,86c4cdb2-0073-43fb-b60a-dc13fa46a9ca,Gauze,999,
TOOL_HOVER,374825,7/27/2023 8:46:20 AM,86c4cdb2-0073-43fb-b60a-dc13fa46a9ca,Gauze,999,
TOOL_HOVER,374840,7/27/2023 8:46:20 AM,86c4cdb2-0073-43fb-b60a-dc13fa46a9ca,Gauze,999,
TOOL_SELECTED,374843,7/27/2023 8:46:20 AM,86c4cdb2-0073-43fb-b60a-dc13fa46a9ca,Gauze,998,
TOOL_DISCARDED,375936,7/27/2023 8:46:21 AM,86c4cdb2-0073-43fb-b60a-dc13fa46a9ca,Gauze,998,"(-1.2, 0.2, 3.3)",
INJURY_TREATED,375936,7/27/2023 8:46:21 AM,86c4cdb2-0073-43fb-b60a-dc13fa46a9ca,R Calf Shrapnel,Gloria_6 Root,gauzePressure,medium,rightLeg,True,False,"(-1.1, 0.2, 3.2)",
TOOL_APPLIED,375936,7/27/2023 8:46:21 AM,86c4cdb2-0073-43fb-b60a-dc13fa46a9ca,Gloria_6 Root,Gauze_Dressing,skinCollider_Body_LOD (UnityEngine.GameObject),null,null,AppliedDressingGauze,
BAG_CLOSED,382815,7/27/2023 8:46:28 AM,86c4cdb2-0073-43fb-b60a-dc13fa46a9ca,"(-0.9, 0.7, 3.0)",
PULSE_TAKEN,383059,7/27/2023 8:46:28 AM,86c4cdb2-0073-43fb-b60a-dc13fa46a9ca,pulse_fast,Gloria_6 Root,
BAG_ACCESS,386521,7/27/2023 8:46:31 AM,86c4cdb2-0073-43fb-b60a-dc13fa46a9ca,"(-1.1, 0.7, 3.0)",
VOICE_CAPTURE,387882,7/27/2023 8:46:33 AM,86c4cdb2-0073-43fb-b60a-dc13fa46a9ca,alright,NA,
TAG_SELECTED,392140,7/27/2023 8:46:37 AM,86c4cdb2-0073-43fb-b60a-dc13fa46a9ca,yellow,
TAG_APPLIED,393476,7/27/2023 8:46:38 AM,86c4cdb2-0073-43fb-b60a-dc13fa46a9ca,Gloria_6 Root,yellow,
BAG_CLOSED,395180,7/27/2023 8:46:40 AM,86c4cdb2-0073-43fb-b60a-dc13fa46a9ca,"(-1.1, 0.7, 3.0)",
TELEPORT,395180,7/27/2023 8:46:40 AM,86c4cdb2-0073-43fb-b60a-dc13fa46a9ca,"(-2.7, 0.0, 3.4)",
TELEPORT,397315,7/27/2023 8:46:42 AM,86c4cdb2-0073-43fb-b60a-dc13fa46a9ca,"(-2.7, 0.0, 3.4)",
TELEPORT,403663,7/27/2023 8:46:48 AM,86c4cdb2-0073-43fb-b60a-dc13fa46a9ca,"(0.3, 0.0, 4.0)",
TELEPORT,407548,7/27/2023 8:46:52 AM,86c4cdb2-0073-43fb-b60a-dc13fa46a9ca,"(1.0, 0.0, 1.3)",
TELEPORT,411969,7/27/2023 8:46:57 AM,86c4cdb2-0073-43fb-b60a-dc13fa46a9ca,"(1.0, 0.0, 1.3)",
TELEPORT,412506,7/27/2023 8:46:57 AM,86c4cdb2-0073-43fb-b60a-dc13fa46a9ca,"(1.0, 0.0, 1.3)",
PATIENT_ENGAGED,413345,7/27/2023 8:46:58 AM,86c4cdb2-0073-43fb-b60a-dc13fa46a9ca,100,0,Gary_3 Root,"(0.4, 0.0, 1.7)","(0.0, 0.0, 0.0, 1.0)",IMMEDIATE,still,faint,collapsedRight,normal,unresponsive,supine,
VOICE_CAPTURE,413691,7/27/2023 8:46:58 AM,86c4cdb2-0073-43fb-b60a-dc13fa46a9ca,OK,NA,
TELEPORT,413730,7/27/2023 8:46:59 AM,86c4cdb2-0073-43fb-b60a-dc13fa46a9ca,"(0.4, 0.0, 1.7)",
BAG_ACCESS,418266,7/27/2023 8:47:03 AM,86c4cdb2-0073-43fb-b60a-dc13fa46a9ca,"(1.2, 0.7, 1.5)",
TOOL_HOVER,419512,7/27/2023 8:47:04 AM,86c4cdb2-0073-43fb-b60a-dc13fa46a9ca,Tourniquet,996,
TOOL_HOVER,419531,7/27/2023 8:47:04 AM,86c4cdb2-0073-43fb-b60a-dc13fa46a9ca,Tourniquet,996,
TOOL_HOVER,419547,7/27/2023 8:47:04 AM,86c4cdb2-0073-43fb-b60a-dc13fa46a9ca,Tourniquet,996,
TOOL_HOVER,419562,7/27/2023 8:47:04 AM,86c4cdb2-0073-43fb-b60a-dc13fa46a9ca,Tourniquet,996,
TOOL_HOVER,419576,7/27/2023 8:47:04 AM,86c4cdb2-0073-43fb-b60a-dc13fa46a9ca,Tourniquet,996,
TOOL_HOVER,419594,7/27/2023 8:47:04 AM,86c4cdb2-0073-43fb-b60a-dc13fa46a9ca,Tourniquet,996,
TOOL_HOVER,419613,7/27/2023 8:47:04 AM,86c4cdb2-0073-43fb-b60a-dc13fa46a9ca,Tourniquet,996,
TOOL_HOVER,419629,7/27/2023 8:47:04 AM,86c4cdb2-0073-43fb-b60a-dc13fa46a9ca,Tourniquet,996,
TOOL_HOVER,419645,7/27/2023 8:47:04 AM,86c4cdb2-0073-43fb-b60a-dc13fa46a9ca,Tourniquet,996,
TOOL_HOVER,419660,7/27/2023 8:47:04 AM,86c4cdb2-0073-43fb-b60a-dc13fa46a9ca,Tourniquet,996,
TOOL_HOVER,419679,7/27/2023 8:47:04 AM,86c4cdb2-0073-43fb-b60a-dc13fa46a9ca,Tourniquet,996,
TOOL_HOVER,419695,7/27/2023 8:47:04 AM,86c4cdb2-0073-43fb-b60a-dc13fa46a9ca,Tourniquet,996,
TOOL_HOVER,420008,7/27/2023 8:47:05 AM,86c4cdb2-0073-43fb-b60a-dc13fa46a9ca,Gauze,999,
TOOL_HOVER,420029,7/27/2023 8:47:05 AM,86c4cdb2-0073-43fb-b60a-dc13fa46a9ca,Gauze,999,
TOOL_HOVER,420044,7/27/2023 8:47:05 AM,86c4cdb2-0073-43fb-b60a-dc13fa46a9ca,Gauze,999,
TOOL_HOVER,420062,7/27/2023 8:47:05 AM,86c4cdb2-0073-43fb-b60a-dc13fa46a9ca,Gauze,999,
TOOL_HOVER,420083,7/27/2023 8:47:05 AM,86c4cdb2-0073-43fb-b60a-dc13fa46a9ca,Gauze,999,
VOICE_CAPTURE,420101,7/27/2023 8:47:05 AM,86c4cdb2-0073-43fb-b60a-dc13fa46a9ca,I remember you from the last one,NA,
TOOL_HOVER,420204,7/27/2023 8:47:05 AM,86c4cdb2-0073-43fb-b60a-dc13fa46a9ca,Gauze,999,
TOOL_HOVER,420220,7/27/2023 8:47:05 AM,86c4cdb2-0073-43fb-b60a-dc13fa46a9ca,Gauze,999,
TOOL_HOVER,420239,7/27/2023 8:47:05 AM,86c4cdb2-0073-43fb-b60a-dc13fa46a9ca,Gauze,999,
TOOL_HOVER,420257,7/27/2023 8:47:05 AM,86c4cdb2-0073-43fb-b60a-dc13fa46a9ca,Gauze,999,
TOOL_HOVER,420272,7/27/2023 8:47:05 AM,86c4cdb2-0073-43fb-b60a-dc13fa46a9ca,Gauze,999,
TOOL_HOVER,420290,7/27/2023 8:47:05 AM,86c4cdb2-0073-43fb-b60a-dc13fa46a9ca,Gauze,999,
TOOL_HOVER,420310,7/27/2023 8:47:05 AM,86c4cdb2-0073-43fb-b60a-dc13fa46a9ca,Gauze,999,
TOOL_HOVER,420327,7/27/2023 8:47:05 AM,86c4cdb2-0073-43fb-b60a-dc13fa46a9ca,Gauze,999,
TOOL_HOVER,420344,7/27/2023 8:47:05 AM,86c4cdb2-0073-43fb-b60a-dc13fa46a9ca,Gauze,999,
TOOL_HOVER,420360,7/27/2023 8:47:05 AM,86c4cdb2-0073-43fb-b60a-dc13fa46a9ca,Gauze,999,
TOOL_HOVER,420379,7/27/2023 8:47:05 AM,86c4cdb2-0073-43fb-b60a-dc13fa46a9ca,Gauze,999,
TOOL_HOVER,420394,7/27/2023 8:47:05 AM,86c4cdb2-0073-43fb-b60a-dc13fa46a9ca,Gauze,999,
TOOL_HOVER,420520,7/27/2023 8:47:05 AM,86c4cdb2-0073-43fb-b60a-dc13fa46a9ca,Tourniquet,996,
TOOL_HOVER,420537,7/27/2023 8:47:05 AM,86c4cdb2-0073-43fb-b60a-dc13fa46a9ca,Tourniquet,996,
TOOL_HOVER,420553,7/27/2023 8:47:05 AM,86c4cdb2-0073-43fb-b60a-dc13fa46a9ca,Tourniquet,996,
TOOL_HOVER,420572,7/27/2023 8:47:05 AM,86c4cdb2-0073-43fb-b60a-dc13fa46a9ca,Tourniquet,996,
TOOL_HOVER,420591,7/27/2023 8:47:05 AM,86c4cdb2-0073-43fb-b60a-dc13fa46a9ca,Tourniquet,996,
TOOL_HOVER,420607,7/27/2023 8:47:05 AM,86c4cdb2-0073-43fb-b60a-dc13fa46a9ca,Tourniquet,996,
TOOL_HOVER,420624,7/27/2023 8:47:05 AM,86c4cdb2-0073-43fb-b60a-dc13fa46a9ca,Tourniquet,996,
TOOL_HOVER,420641,7/27/2023 8:47:05 AM,86c4cdb2-0073-43fb-b60a-dc13fa46a9ca,Tourniquet,996,
TOOL_HOVER,420659,7/27/2023 8:47:05 AM,86c4cdb2-0073-43fb-b60a-dc13fa46a9ca,Tourniquet,996,
TOOL_HOVER,420677,7/27/2023 8:47:05 AM,86c4cdb2-0073-43fb-b60a-dc13fa46a9ca,Tourniquet,996,
TOOL_HOVER,420692,7/27/2023 8:47:05 AM,86c4cdb2-0073-43fb-b60a-dc13fa46a9ca,Tourniquet,996,
TOOL_HOVER,420711,7/27/2023 8:47:05 AM,86c4cdb2-0073-43fb-b60a-dc13fa46a9ca,Tourniquet,996,
TOOL_HOVER,420731,7/27/2023 8:47:06 AM,86c4cdb2-0073-43fb-b60a-dc13fa46a9ca,Tourniquet,996,
TOOL_HOVER,420746,7/27/2023 8:47:06 AM,86c4cdb2-0073-43fb-b60a-dc13fa46a9ca,Tourniquet,996,
TOOL_HOVER,420763,7/27/2023 8:47:06 AM,86c4cdb2-0073-43fb-b60a-dc13fa46a9ca,Tourniquet,996,
TOOL_HOVER,420781,7/27/2023 8:47:06 AM,86c4cdb2-0073-43fb-b60a-dc13fa46a9ca,Tourniquet,996,
TOOL_HOVER,420802,7/27/2023 8:47:06 AM,86c4cdb2-0073-43fb-b60a-dc13fa46a9ca,Tourniquet,996,
TOOL_HOVER,420820,7/27/2023 8:47:06 AM,86c4cdb2-0073-43fb-b60a-dc13fa46a9ca,Needle,999,
TOOL_HOVER,420837,7/27/2023 8:47:06 AM,86c4cdb2-0073-43fb-b60a-dc13fa46a9ca,Needle,999,
TOOL_HOVER,420855,7/27/2023 8:47:06 AM,86c4cdb2-0073-43fb-b60a-dc13fa46a9ca,Needle,999,
TOOL_HOVER,420873,7/27/2023 8:47:06 AM,86c4cdb2-0073-43fb-b60a-dc13fa46a9ca,Needle,999,
TOOL_HOVER,420889,7/27/2023 8:47:06 AM,86c4cdb2-0073-43fb-b60a-dc13fa46a9ca,Needle,999,
TOOL_HOVER,420906,7/27/2023 8:47:06 AM,86c4cdb2-0073-43fb-b60a-dc13fa46a9ca,Needle,999,
TOOL_HOVER,420926,7/27/2023 8:47:06 AM,86c4cdb2-0073-43fb-b60a-dc13fa46a9ca,Needle,999,
TOOL_HOVER,420945,7/27/2023 8:47:06 AM,86c4cdb2-0073-43fb-b60a-dc13fa46a9ca,Needle,999,
TOOL_HOVER,420959,7/27/2023 8:47:06 AM,86c4cdb2-0073-43fb-b60a-dc13fa46a9ca,Needle,999,
TOOL_HOVER,420976,7/27/2023 8:47:06 AM,86c4cdb2-0073-43fb-b60a-dc13fa46a9ca,Needle,999,
TOOL_HOVER,420990,7/27/2023 8:47:06 AM,86c4cdb2-0073-43fb-b60a-dc13fa46a9ca,Needle,999,
TOOL_HOVER,421009,7/27/2023 8:47:06 AM,86c4cdb2-0073-43fb-b60a-dc13fa46a9ca,Needle,999,
TOOL_HOVER,421025,7/27/2023 8:47:06 AM,86c4cdb2-0073-43fb-b60a-dc13fa46a9ca,Needle,999,
TOOL_HOVER,421047,7/27/2023 8:47:06 AM,86c4cdb2-0073-43fb-b60a-dc13fa46a9ca,Needle,999,
TOOL_HOVER,421060,7/27/2023 8:47:06 AM,86c4cdb2-0073-43fb-b60a-dc13fa46a9ca,Needle,999,
TOOL_HOVER,421079,7/27/2023 8:47:06 AM,86c4cdb2-0073-43fb-b60a-dc13fa46a9ca,Needle,999,
TOOL_SELECTED,421081,7/27/2023 8:47:06 AM,86c4cdb2-0073-43fb-b60a-dc13fa46a9ca,Needle,998,
VOICE_CAPTURE,422440,7/27/2023 8:47:07 AM,86c4cdb2-0073-43fb-b60a-dc13fa46a9ca,you're back for more trouble,NA,
INJURY_TREATED,423501,7/27/2023 8:47:08 AM,86c4cdb2-0073-43fb-b60a-dc13fa46a9ca,R Chest Collapse,Gary_3 Root,decompress,high,chest,True,False,"(0.0, 0.0, 0.0)",
TOOL_APPLIED,423501,7/27/2023 8:47:08 AM,86c4cdb2-0073-43fb-b60a-dc13fa46a9ca,Needle_Decomp(Clone),Needle,RChest_Breathe1 (UnityEngine.GameObject),cath_needle (UnityEngine.GameObject),right_chest,Needle_Decomp(Clone) (UnityEngine.GameObject),AppliedDecompNeedle,
TAG_SELECTED,432910,7/27/2023 8:47:18 AM,86c4cdb2-0073-43fb-b60a-dc13fa46a9ca,yellow,
TAG_APPLIED,433982,7/27/2023 8:47:19 AM,86c4cdb2-0073-43fb-b60a-dc13fa46a9ca,Gary_3 Root,yellow,
BAG_CLOSED,438513,7/27/2023 8:47:23 AM,86c4cdb2-0073-43fb-b60a-dc13fa46a9ca,"(1.2, 0.7, 1.5)",
TELEPORT,438513,7/27/2023 8:47:23 AM,86c4cdb2-0073-43fb-b60a-dc13fa46a9ca,"(-0.1, 0.0, 2.1)",
PATIENT_ENGAGED,440833,7/27/2023 8:47:26 AM,86c4cdb2-0073-43fb-b60a-dc13fa46a9ca,100,Infinity,Gloria_8 Root,"(3.8, 0.0, -4.4)","(0.0, 1.0, 0.0, -0.1)",MINIMAL,walker,normal,normal,normal,upset,standing,
TELEPORT,441442,7/27/2023 8:47:26 AM,86c4cdb2-0073-43fb-b60a-dc13fa46a9ca,"(2.2, 0.0, -2.4)",
TELEPORT,442381,7/27/2023 8:47:27 AM,86c4cdb2-0073-43fb-b60a-dc13fa46a9ca,"(2.2, 0.0, -2.4)",
VOICE_CAPTURE,449293,7/27/2023 8:47:34 AM,86c4cdb2-0073-43fb-b60a-dc13fa46a9ca,can you hear me,NA,
VOICE_COMMAND,449294,7/27/2023 8:47:34 AM,86c4cdb2-0073-43fb-b60a-dc13fa46a9ca,can you hear,can you hear me,
VOICE_CAPTURE,451398,7/27/2023 8:47:36 AM,86c4cdb2-0073-43fb-b60a-dc13fa46a9ca,you OK,NA,
VOICE_CAPTURE,451925,7/27/2023 8:47:37 AM,86c4cdb2-0073-43fb-b60a-dc13fa46a9ca,modbutton im okay,NA,
VOICE_COMMAND,451927,7/27/2023 8:47:37 AM,86c4cdb2-0073-43fb-b60a-dc13fa46a9ca,modbutton im okay,modbutton im okay,
BAG_ACCESS,452997,7/27/2023 8:47:38 AM,86c4cdb2-0073-43fb-b60a-dc13fa46a9ca,"(3.1, 0.7, -4.8)",
VOICE_CAPTURE,454627,7/27/2023 8:47:39 AM,86c4cdb2-0073-43fb-b60a-dc13fa46a9ca,modbutton im okay,NA,
VOICE_COMMAND,454627,7/27/2023 8:47:39 AM,86c4cdb2-0073-43fb-b60a-dc13fa46a9ca,modbutton im okay,modbutton im okay,
PULSE_TAKEN,455637,7/27/2023 8:47:40 AM,86c4cdb2-0073-43fb-b60a-dc13fa46a9ca,pulse_normal,Gloria_8 Root,
PULSE_TAKEN,458083,7/27/2023 8:47:43 AM,86c4cdb2-0073-43fb-b60a-dc13fa46a9ca,pulse_normal,Gloria_8 Root,
VOICE_CAPTURE,462681,7/27/2023 8:47:47 AM,86c4cdb2-0073-43fb-b60a-dc13fa46a9ca,guess it looks alright,NA,
TAG_SELECTED,462929,7/27/2023 8:47:48 AM,86c4cdb2-0073-43fb-b60a-dc13fa46a9ca,green,
TAG_APPLIED,464377,7/27/2023 8:47:49 AM,86c4cdb2-0073-43fb-b60a-dc13fa46a9ca,Gloria_8 Root,green,
BAG_CLOSED,466270,7/27/2023 8:47:51 AM,86c4cdb2-0073-43fb-b60a-dc13fa46a9ca,"(3.1, 0.7, -4.8)",
TELEPORT,466270,7/27/2023 8:47:51 AM,86c4cdb2-0073-43fb-b60a-dc13fa46a9ca,"(2.2, 0.0, -3.7)",
TELEPORT,467823,7/27/2023 8:47:53 AM,86c4cdb2-0073-43fb-b60a-dc13fa46a9ca,"(2.6, 0.0, -1.6)",
PATIENT_ENGAGED,469196,7/27/2023 8:47:54 AM,86c4cdb2-0073-43fb-b60a-dc13fa46a9ca,100,Infinity,Helga_10 Root,"(4.2, 0.0, -1.2)","(0.0, 0.7, 0.0, -0.7)",MINIMAL,walker,normal,normal,normal,calm,sittingGround,
VOICE_CAPTURE,472910,7/27/2023 8:47:58 AM,86c4cdb2-0073-43fb-b60a-dc13fa46a9ca,show me,NA,
VOICE_COMMAND,472910,7/27/2023 8:47:58 AM,86c4cdb2-0073-43fb-b60a-dc13fa46a9ca,reveal injury,show me,
VOICE_CAPTURE,473095,7/27/2023 8:47:58 AM,86c4cdb2-0073-43fb-b60a-dc13fa46a9ca,were you hurting at,NA,
VOICE_COMMAND,473095,7/27/2023 8:47:58 AM,86c4cdb2-0073-43fb-b60a-dc13fa46a9ca,are you hurt,were you hurting at,
VOICE_CAPTURE,476011,7/27/2023 8:48:01 AM,86c4cdb2-0073-43fb-b60a-dc13fa46a9ca,show me,NA,
VOICE_COMMAND,476011,7/27/2023 8:48:01 AM,86c4cdb2-0073-43fb-b60a-dc13fa46a9ca,reveal injury,show me,
VOICE_CAPTURE,477310,7/27/2023 8:48:02 AM,86c4cdb2-0073-43fb-b60a-dc13fa46a9ca,can you hear me,NA,
VOICE_COMMAND,477310,7/27/2023 8:48:02 AM,86c4cdb2-0073-43fb-b60a-dc13fa46a9ca,can you hear,can you hear me,
PULSE_TAKEN,478242,7/27/2023 8:48:03 AM,86c4cdb2-0073-43fb-b60a-dc13fa46a9ca,pulse_normal,Helga_10 Root,
BAG_ACCESS,479025,7/27/2023 8:48:04 AM,86c4cdb2-0073-43fb-b60a-dc13fa46a9ca,"(3.9, 0.4, -1.2)",
TOOL_HOVER,480465,7/27/2023 8:48:05 AM,86c4cdb2-0073-43fb-b60a-dc13fa46a9ca,Gauze,999,
TOOL_HOVER,480481,7/27/2023 8:48:05 AM,86c4cdb2-0073-43fb-b60a-dc13fa46a9ca,Gauze,999,
VOICE_CAPTURE,480500,7/27/2023 8:48:05 AM,86c4cdb2-0073-43fb-b60a-dc13fa46a9ca,lay down,NA,
VOICE_COMMAND,480500,7/27/2023 8:48:05 AM,86c4cdb2-0073-43fb-b60a-dc13fa46a9ca,lay down,lay down,
TOOL_HOVER,480501,7/27/2023 8:48:05 AM,86c4cdb2-0073-43fb-b60a-dc13fa46a9ca,Gauze,999,
TOOL_HOVER,480519,7/27/2023 8:48:05 AM,86c4cdb2-0073-43fb-b60a-dc13fa46a9ca,Gauze,999,
TOOL_HOVER,480536,7/27/2023 8:48:05 AM,86c4cdb2-0073-43fb-b60a-dc13fa46a9ca,Gauze,999,
TOOL_HOVER,480550,7/27/2023 8:48:05 AM,86c4cdb2-0073-43fb-b60a-dc13fa46a9ca,Gauze,999,
VOICE_CAPTURE,480735,7/27/2023 8:48:06 AM,86c4cdb2-0073-43fb-b60a-dc13fa46a9ca,lay back can you lay back,NA,
VOICE_CAPTURE,485578,7/27/2023 8:48:10 AM,86c4cdb2-0073-43fb-b60a-dc13fa46a9ca,OK,NA,
VOICE_CAPTURE,489370,7/27/2023 8:48:14 AM,86c4cdb2-0073-43fb-b60a-dc13fa46a9ca,Yep OK,NA,
TAG_SELECTED,490947,7/27/2023 8:48:16 AM,86c4cdb2-0073-43fb-b60a-dc13fa46a9ca,green,
BAG_CLOSED,492121,7/27/2023 8:48:17 AM,86c4cdb2-0073-43fb-b60a-dc13fa46a9ca,"(3.9, 0.4, -1.2)",
TAG_APPLIED,492592,7/27/2023 8:48:17 AM,86c4cdb2-0073-43fb-b60a-dc13fa46a9ca,Helga_10 Root,green,
VOICE_CAPTURE,492873,7/27/2023 8:48:18 AM,86c4cdb2-0073-43fb-b60a-dc13fa46a9ca,modbutton im okay,NA,
VOICE_COMMAND,492873,7/27/2023 8:48:18 AM,86c4cdb2-0073-43fb-b60a-dc13fa46a9ca,modbutton im okay,modbutton im okay,
VOICE_CAPTURE,493324,7/27/2023 8:48:18 AM,86c4cdb2-0073-43fb-b60a-dc13fa46a9ca,OK,NA,
VOICE_CAPTURE,497355,7/27/2023 8:48:22 AM,86c4cdb2-0073-43fb-b60a-dc13fa46a9ca,OK,NA,
TELEPORT,501109,7/27/2023 8:48:26 AM,86c4cdb2-0073-43fb-b60a-dc13fa46a9ca,"(2.9, 0.0, -1.0)",
VOICE_CAPTURE,502341,7/27/2023 8:48:27 AM,86c4cdb2-0073-43fb-b60a-dc13fa46a9ca,whoops,NA,
TELEPORT,502674,7/27/2023 8:48:27 AM,86c4cdb2-0073-43fb-b60a-dc13fa46a9ca,"(2.9, 0.0, 0.7)",
TELEPORT,504350,7/27/2023 8:48:29 AM,86c4cdb2-0073-43fb-b60a-dc13fa46a9ca,"(2.8, 0.0, 1.7)",
PATIENT_ENGAGED,505957,7/27/2023 8:48:31 AM,86c4cdb2-0073-43fb-b60a-dc13fa46a9ca,100,Infinity,Mike_5 Root,"(2.7, 0.0, 2.3)","(0.0, 1.0, 0.0, 0.0)",IMMEDIATE,waver,fast,normal,normal,upset,fetal,
VOICE_CAPTURE,509105,7/27/2023 8:48:34 AM,86c4cdb2-0073-43fb-b60a-dc13fa46a9ca,OK,NA,
VOICE_CAPTURE,513078,7/27/2023 8:48:38 AM,86c4cdb2-0073-43fb-b60a-dc13fa46a9ca,guess we're not doing,NA,
VOICE_CAPTURE,515768,7/27/2023 8:48:41 AM,86c4cdb2-0073-43fb-b60a-dc13fa46a9ca,I think I think I got them all,NA,
VOICE_CAPTURE,517479,7/27/2023 8:48:42 AM,86c4cdb2-0073-43fb-b60a-dc13fa46a9ca,yeah,NA,
SESSION_END,518004,7/27/2023 8:48:43 AM,86c4cdb2-0073-43fb-b60a-dc13fa46a9ca,
VOICE_CAPTURE,522367,7/27/2023 8:48:47 AM,86c4cdb2-0073-43fb-b60a-dc13fa46a9ca,so just let the,NA,
BAG_ACCESS,522727,7/27/2023 8:48:48 AM,86c4cdb2-0073-43fb-b60a-dc13fa46a9ca,"(3.7, 0.8, 2.1)",
VOICE_CAPTURE,524893,7/27/2023 8:48:50 AM,86c4cdb2-0073-43fb-b60a-dc13fa46a9ca,controller,NA,
VOICE_CAPTURE,525763,7/27/2023 8:48:51 AM,86c4cdb2-0073-43fb-b60a-dc13fa46a9ca,OK,NA,
VOICE_CAPTURE,530676,7/27/2023 8:48:55 AM,86c4cdb2-0073-43fb-b60a-dc13fa46a9ca,did really well,NA,
BAG_CLOSED,533901,7/27/2023 8:48:59 AM,86c4cdb2-0073-43fb-b60a-dc13fa46a9ca,"(3.7, 0.8, 2.1)",
VOICE_CAPTURE,535708,7/27/2023 8:49:00 AM,86c4cdb2-0073-43fb-b60a-dc13fa46a9ca,you got the hang of the movement,NA,
VOICE_CAPTURE,551977,7/27/2023 8:49:17 AM,86c4cdb2-0073-43fb-b60a-dc13fa46a9ca,with the red instead of the yellow,NA,
