PATIENT_DEMOTED,3817,8/2/2023 12:27:07 PM,98bad4ce-f31e-40f1-898e-ed38755e0340,100,Infinity,Bob_0 Root,"(-1.4, 0.0, 5.6)","(0.0, 0.7, 0.0, 0.7)",EXPECTANT,still,faint,restricted,none,unresponsive,supine,
PATIENT_DEMOTED,4011,8/2/2023 12:27:08 PM,98bad4ce-f31e-40f1-898e-ed38755e0340,100,Infinity,Bob_0 Root,"(-1.5, 0.0, 5.6)","(0.0, 0.7, 0.0, 0.7)",DEAD,still,none,none,none,dead,supine,
PATIENT_DEMOTED,4143,8/2/2023 12:27:08 PM,98bad4ce-f31e-40f1-898e-ed38755e0340,100,Infinity,Gary_1 Root,"(1.7, 0.0, 7.4)","(0.0, 1.0, 0.0, 0.0)",EXPECTANT,still,faint,restricted,none,unresponsive,supine,
PATIENT_DEMOTED,4882,8/2/2023 12:27:08 PM,98bad4ce-f31e-40f1-898e-ed38755e0340,100,Infinity,Lily_2 Root,"(2.8, 0.0, 4.3)","(0.0, 1.0, 0.0, 0.0)",IMMEDIATE,waver,fast,fast,normal,agony,fetal,
PATIENT_DEMOTED,5557,8/2/2023 12:27:09 PM,98bad4ce-f31e-40f1-898e-ed38755e0340,100,0,Gary_3 Root,"(0.3, 0.0, 1.6)","(0.0, 0.0, 0.0, 1.0)",IMMEDIATE,still,faint,collapsedRight,normal,unresponsive,supine,
PATIENT_DEMOTED,6141,8/2/2023 12:27:10 PM,98bad4ce-f31e-40f1-898e-ed38755e0340,100,Infinity,Lily_4 Root,"(1.2, 0.0, 6.3)","(0.0, 1.0, 0.0, 0.0)",IMMEDIATE,waver,fast,normal,normal,upset,fetal,
PATIENT_DEMOTED,7010,8/2/2023 12:27:11 PM,98bad4ce-f31e-40f1-898e-ed38755e0340,100,Infinity,Mike_5 Root,"(2.4, 0.0, 2.3)","(0.0, 1.0, 0.0, 0.0)",IMMEDIATE,waver,fast,normal,normal,upset,fetal,
PATIENT_DEMOTED,7527,8/2/2023 12:27:11 PM,98bad4ce-f31e-40f1-898e-ed38755e0340,100,Infinity,Gloria_6 Root,"(-1.0, 0.0, 2.9)","(0.0, 0.4, 0.0, 0.9)",DELAYED,waver,fast,normal,normal,upset,fetal,
PATIENT_DEMOTED,8227,8/2/2023 12:27:12 PM,98bad4ce-f31e-40f1-898e-ed38755e0340,100,Infinity,Mike_7 Root,"(1.7, 0.0, 3.9)","(0.0, 0.1, 0.0, 1.0)",IMMEDIATE,waver,fast,normal,normal,upset,sittingGround,
PATIENT_DEMOTED,8602,8/2/2023 12:27:12 PM,98bad4ce-f31e-40f1-898e-ed38755e0340,100,Infinity,Mike_7 Root,"(1.0, 0.0, 3.7)","(0.0, 0.1, 0.0, 1.0)",DELAYED,waver,fast,normal,normal,upset,sittingGround,
VOICE_CAPTURE,11156,8/2/2023 12:27:15 PM,98bad4ce-f31e-40f1-898e-ed38755e0340,oh OK,NA,
VOICE_CAPTURE,15681,8/2/2023 12:27:19 PM,98bad4ce-f31e-40f1-898e-ed38755e0340,I don't see,NA,
SESSION_START,22916,8/2/2023 12:27:27 PM,98bad4ce-f31e-40f1-898e-ed38755e0340,
PATIENT_RECORD,22916,8/2/2023 12:27:27 PM,98bad4ce-f31e-40f1-898e-ed38755e0340,100,Infinity,Bob_0 Root,"(-1.7, 0.0, 5.7)","(0.0, 0.7, 0.0, 0.7)",DEAD,still,none,none,none,dead,supine,
INJURY_RECORD,22917,8/2/2023 12:27:27 PM,98bad4ce-f31e-40f1-898e-ed38755e0340,Face Shrapnel,Bob_0 Root,airway,high,head,False,False,"(-1.8, 1.7, 5.6)",
INJURY_RECORD,22917,8/2/2023 12:27:27 PM,98bad4ce-f31e-40f1-898e-ed38755e0340,L Wrist Amputation,Bob_0 Root,tourniquet,high,leftArm,False,False,"(-1.8, 1.4, 6.3)",
INJURY_RECORD,22917,8/2/2023 12:27:27 PM,98bad4ce-f31e-40f1-898e-ed38755e0340,L Chest Collapse,Bob_0 Root,decompress,high,chest,False,False,"(0.0, 0.0, 0.0)",
INJURY_RECORD,22917,8/2/2023 12:27:27 PM,98bad4ce-f31e-40f1-898e-ed38755e0340,L Stomach Puncture,Bob_0 Root,woundpack,high,abdomen,False,False,"(-1.6, 1.1, 5.7)",
INJURY_RECORD,22917,8/2/2023 12:27:27 PM,98bad4ce-f31e-40f1-898e-ed38755e0340,R Shin Amputation,Bob_0 Root,tourniquet,high,rightLeg,False,False,"(-1.7, 0.4, 5.6)",
INJURY_RECORD,22917,8/2/2023 12:27:27 PM,98bad4ce-f31e-40f1-898e-ed38755e0340,L Thigh Laceration,Bob_0 Root,tourniquet,medium,leftLeg,False,False,"(-1.6, 0.7, 5.8)",
PATIENT_RECORD,22917,8/2/2023 12:27:27 PM,98bad4ce-f31e-40f1-898e-ed38755e0340,100,Infinity,Gary_1 Root,"(1.6, 0.0, 7.6)","(0.0, 1.0, 0.0, 0.0)",EXPECTANT,still,none,restricted,none,unresponsive,supine,
INJURY_RECORD,22917,8/2/2023 12:27:27 PM,98bad4ce-f31e-40f1-898e-ed38755e0340,Face Shrapnel,Gary_1 Root,airway,high,head,False,False,"(1.6, 1.7, 7.7)",
PATIENT_RECORD,22917,8/2/2023 12:27:27 PM,98bad4ce-f31e-40f1-898e-ed38755e0340,100,Infinity,Lily_2 Root,"(3.0, 0.0, 4.5)","(0.0, 1.0, 0.0, 0.0)",IMMEDIATE,waver,fast,fast,normal,agony,fetal,
INJURY_RECORD,22917,8/2/2023 12:27:27 PM,98bad4ce-f31e-40f1-898e-ed38755e0340,R Shin Amputation,Lily_2 Root,tourniquet,high,rightLeg,False,False,"(2.9, 0.4, 4.5)",
PATIENT_RECORD,22917,8/2/2023 12:27:27 PM,98bad4ce-f31e-40f1-898e-ed38755e0340,100,0,Gary_3 Root,"(0.4, 0.0, 1.7)","(0.0, 0.0, 0.0, 1.0)",IMMEDIATE,still,faint,collapsedRight,normal,unresponsive,supine,
INJURY_RECORD,22917,8/2/2023 12:27:27 PM,98bad4ce-f31e-40f1-898e-ed38755e0340,R Chest Collapse,Gary_3 Root,decompress,high,chest,False,False,"(0.0, 0.0, 0.0)",
PATIENT_RECORD,22917,8/2/2023 12:27:27 PM,98bad4ce-f31e-40f1-898e-ed38755e0340,100,Infinity,Lily_4 Root,"(1.2, 0.0, 6.2)","(0.0, 1.0, 0.0, 0.0)",IMMEDIATE,waver,fast,normal,normal,upset,fetal,
INJURY_RECORD,22917,8/2/2023 12:27:27 PM,98bad4ce-f31e-40f1-898e-ed38755e0340,L Side Puncture,Lily_4 Root,woundpack,medium,abdomen,False,False,"(1.3, 1.0, 6.2)",
PATIENT_RECORD,22917,8/2/2023 12:27:27 PM,98bad4ce-f31e-40f1-898e-ed38755e0340,100,Infinity,Mike_5 Root,"(2.7, 0.0, 2.3)","(0.0, 1.0, 0.0, 0.0)",IMMEDIATE,waver,fast,normal,normal,upset,fetal,
INJURY_RECORD,22917,8/2/2023 12:27:27 PM,98bad4ce-f31e-40f1-898e-ed38755e0340,R Side Puncture,Mike_5 Root,woundpack,medium,abdomen,False,False,"(2.6, 1.1, 2.2)",
INJURY_RECORD,22917,8/2/2023 12:27:27 PM,98bad4ce-f31e-40f1-898e-ed38755e0340,R Thigh Laceration,Mike_5 Root,tourniquet,medium,rightLeg,False,False,"(2.5, 0.6, 2.2)",
PATIENT_RECORD,22917,8/2/2023 12:27:27 PM,98bad4ce-f31e-40f1-898e-ed38755e0340,100,Infinity,Gloria_6 Root,"(-1.2, 0.0, 3.1)","(0.0, 0.4, 0.0, 0.9)",DELAYED,waver,fast,normal,normal,upset,fetal,
INJURY_RECORD,22917,8/2/2023 12:27:27 PM,98bad4ce-f31e-40f1-898e-ed38755e0340,R Calf Shrapnel,Gloria_6 Root,gauzePressure,medium,rightLeg,False,False,"(-1.1, 0.3, 3.0)",
PATIENT_RECORD,22917,8/2/2023 12:27:27 PM,98bad4ce-f31e-40f1-898e-ed38755e0340,100,Infinity,Mike_7 Root,"(1.3, 0.0, 3.4)","(0.0, 0.1, 0.0, 1.0)",DELAYED,waver,fast,normal,normal,upset,sittingGround,
INJURY_RECORD,22917,8/2/2023 12:27:27 PM,98bad4ce-f31e-40f1-898e-ed38755e0340,L Thigh Puncture,Mike_7 Root,tourniquet,medium,leftLeg,False,False,"(1.3, 0.6, 3.5)",
INJURY_RECORD,22917,8/2/2023 12:27:27 PM,98bad4ce-f31e-40f1-898e-ed38755e0340,R Calf Laceration,Mike_7 Root,gauzePressure,low,rightLeg,False,False,"(1.4, 0.3, 3.4)",
PATIENT_RECORD,22917,8/2/2023 12:27:27 PM,98bad4ce-f31e-40f1-898e-ed38755e0340,100,Infinity,Gloria_8 Root,"(3.7, 0.0, 6.0)","(0.0, 1.0, 0.0, 0.0)",MINIMAL,walker,normal,normal,normal,upset,sittingGround,
INJURY_RECORD,22917,8/2/2023 12:27:27 PM,98bad4ce-f31e-40f1-898e-ed38755e0340,L Forearm Laceration,Gloria_8 Root,gauzePressure,low,leftArm,False,False,"(4.2, 1.2, 6.0)",
PATIENT_RECORD,22917,8/2/2023 12:27:27 PM,98bad4ce-f31e-40f1-898e-ed38755e0340,100,0,Gary_9 Root,"(2.9, 0.0, 9.0)","(0.0, 1.0, 0.0, 0.0)",MINIMAL,walker,normal,normal,limited,calm,standing,
INJURY_RECORD,22917,8/2/2023 12:27:27 PM,98bad4ce-f31e-40f1-898e-ed38755e0340,Ear Bleed,Gary_9 Root,none,low,head,False,False,"(0.0, 0.0, 0.0)",
PATIENT_RECORD,22917,8/2/2023 12:27:27 PM,98bad4ce-f31e-40f1-898e-ed38755e0340,100,Infinity,Helga_10 Root,"(3.9, 0.0, 8.0)","(0.0, 1.0, 0.0, 0.0)",MINIMAL,walker,normal,normal,normal,calm,sittingGround,
INJURY_RECORD,22917,8/2/2023 12:27:27 PM,98bad4ce-f31e-40f1-898e-ed38755e0340,Forehead Scrape,Helga_10 Root,none,low,head,False,False,"(4.0, 1.5, 7.9)",
VOICE_CAPTURE,24324,8/2/2023 12:27:28 PM,98bad4ce-f31e-40f1-898e-ed38755e0340,OK,NA,
VOICE_CAPTURE,28979,8/2/2023 12:27:33 PM,98bad4ce-f31e-40f1-898e-ed38755e0340,alright let's see anybody else behind me,NA,
VOICE_CAPTURE,35369,8/2/2023 12:27:39 PM,98bad4ce-f31e-40f1-898e-ed38755e0340,no just me OK hi and anybody can that can hear me wave,NA,
VOICE_COMMAND,35369,8/2/2023 12:27:39 PM,98bad4ce-f31e-40f1-898e-ed38755e0340,wave if you can,no just me OK hi and anybody can that can hear me wave,
S_A_L_T_WAVE_IF_CAN,35373,8/2/2023 12:27:39 PM,98bad4ce-f31e-40f1-898e-ed38755e0340,"(3.0, 0.0, 4.5)",waveIfCan,Lily_2 Root,
S_A_L_T_WAVED,35373,8/2/2023 12:27:39 PM,98bad4ce-f31e-40f1-898e-ed38755e0340,"(3.0, 0.0, 4.5)",waved,Lily_2 Root,
S_A_L_T_WAVE_IF_CAN,35373,8/2/2023 12:27:39 PM,98bad4ce-f31e-40f1-898e-ed38755e0340,"(1.2, 0.0, 6.2)",waveIfCan,Lily_4 Root,
S_A_L_T_WAVED,35373,8/2/2023 12:27:39 PM,98bad4ce-f31e-40f1-898e-ed38755e0340,"(1.2, 0.0, 6.2)",waved,Lily_4 Root,
S_A_L_T_WAVE_IF_CAN,35373,8/2/2023 12:27:39 PM,98bad4ce-f31e-40f1-898e-ed38755e0340,"(2.7, 0.0, 2.3)",waveIfCan,Mike_5 Root,
S_A_L_T_WAVED,35373,8/2/2023 12:27:39 PM,98bad4ce-f31e-40f1-898e-ed38755e0340,"(2.7, 0.0, 2.3)",waved,Mike_5 Root,
S_A_L_T_WAVE_IF_CAN,35374,8/2/2023 12:27:39 PM,98bad4ce-f31e-40f1-898e-ed38755e0340,"(-1.2, 0.0, 3.1)",waveIfCan,Gloria_6 Root,
S_A_L_T_WAVED,35374,8/2/2023 12:27:39 PM,98bad4ce-f31e-40f1-898e-ed38755e0340,"(-1.2, 0.0, 3.1)",waved,Gloria_6 Root,
S_A_L_T_WAVE_IF_CAN,35374,8/2/2023 12:27:39 PM,98bad4ce-f31e-40f1-898e-ed38755e0340,"(1.3, 0.0, 3.4)",waveIfCan,Mike_7 Root,
S_A_L_T_WAVED,35374,8/2/2023 12:27:39 PM,98bad4ce-f31e-40f1-898e-ed38755e0340,"(1.3, 0.0, 3.4)",waved,Mike_7 Root,
S_A_L_T_WAVE_IF_CAN,35374,8/2/2023 12:27:39 PM,98bad4ce-f31e-40f1-898e-ed38755e0340,"(3.7, 0.0, 6.0)",waveIfCan,Gloria_8 Root,
S_A_L_T_WAVED,35374,8/2/2023 12:27:39 PM,98bad4ce-f31e-40f1-898e-ed38755e0340,"(3.7, 0.0, 6.0)",waved,Gloria_8 Root,
S_A_L_T_WAVE_IF_CAN,35374,8/2/2023 12:27:39 PM,98bad4ce-f31e-40f1-898e-ed38755e0340,"(3.9, 0.0, 8.0)",waveIfCan,Helga_10 Root,
S_A_L_T_WAVED,35374,8/2/2023 12:27:39 PM,98bad4ce-f31e-40f1-898e-ed38755e0340,"(3.9, 0.0, 8.0)",waved,Helga_10 Root,
VOICE_CAPTURE,40979,8/2/2023 12:27:45 PM,98bad4ce-f31e-40f1-898e-ed38755e0340,hey are you able to walk,NA,
VOICE_COMMAND,40979,8/2/2023 12:27:45 PM,98bad4ce-f31e-40f1-898e-ed38755e0340,walk to the safe area,hey are you able to walk,
S_A_L_T_WALK_IF_CAN,40980,8/2/2023 12:27:45 PM,98bad4ce-f31e-40f1-898e-ed38755e0340,"(3.0, 0.0, 4.5)",walkIfCan,Lily_2 Root,
S_A_L_T_WALK_IF_CAN,40981,8/2/2023 12:27:45 PM,98bad4ce-f31e-40f1-898e-ed38755e0340,"(1.2, 0.0, 6.2)",walkIfCan,Lily_4 Root,
S_A_L_T_WALK_IF_CAN,40981,8/2/2023 12:27:45 PM,98bad4ce-f31e-40f1-898e-ed38755e0340,"(2.7, 0.0, 2.3)",walkIfCan,Mike_5 Root,
S_A_L_T_WALK_IF_CAN,40981,8/2/2023 12:27:45 PM,98bad4ce-f31e-40f1-898e-ed38755e0340,"(-1.2, 0.0, 3.1)",walkIfCan,Gloria_6 Root,
S_A_L_T_WALK_IF_CAN,40981,8/2/2023 12:27:45 PM,98bad4ce-f31e-40f1-898e-ed38755e0340,"(1.3, 0.0, 3.4)",walkIfCan,Mike_7 Root,
S_A_L_T_WALK_IF_CAN,40981,8/2/2023 12:27:45 PM,98bad4ce-f31e-40f1-898e-ed38755e0340,"(3.7, 0.0, 6.0)",walkIfCan,Gloria_8 Root,
S_A_L_T_WALKED,40981,8/2/2023 12:27:45 PM,98bad4ce-f31e-40f1-898e-ed38755e0340,"(3.7, 0.0, 6.0)",walked,Gloria_8 Root,
S_A_L_T_WALK_IF_CAN,40981,8/2/2023 12:27:45 PM,98bad4ce-f31e-40f1-898e-ed38755e0340,"(3.9, 0.0, 8.0)",walkIfCan,Helga_10 Root,
S_A_L_T_WALKED,40981,8/2/2023 12:27:45 PM,98bad4ce-f31e-40f1-898e-ed38755e0340,"(3.9, 0.0, 8.0)",walked,Helga_10 Root,
VOICE_CAPTURE,47681,8/2/2023 12:27:51 PM,98bad4ce-f31e-40f1-898e-ed38755e0340,OK,NA,
VOICE_CAPTURE,52499,8/2/2023 12:27:56 PM,98bad4ce-f31e-40f1-898e-ed38755e0340,alright so we got two,NA,
TELEPORT,53104,8/2/2023 12:27:57 PM,98bad4ce-f31e-40f1-898e-ed38755e0340,"(0.8, 0.0, -2.3)",
TELEPORT,54039,8/2/2023 12:27:58 PM,98bad4ce-f31e-40f1-898e-ed38755e0340,"(1.1, 0.0, -2.0)",
VOICE_CAPTURE,55700,8/2/2023 12:27:59 PM,98bad4ce-f31e-40f1-898e-ed38755e0340,right right right,NA,
BAG_ACCESS,60072,8/2/2023 12:28:04 PM,98bad4ce-f31e-40f1-898e-ed38755e0340,"(3.2, 0.8, 1.3)",
TOOL_HOVER,60682,8/2/2023 12:28:04 PM,98bad4ce-f31e-40f1-898e-ed38755e0340,Tourniquet,999,
TOOL_HOVER,60697,8/2/2023 12:28:04 PM,98bad4ce-f31e-40f1-898e-ed38755e0340,Tourniquet,999,
TOOL_HOVER,60714,8/2/2023 12:28:04 PM,98bad4ce-f31e-40f1-898e-ed38755e0340,Tourniquet,999,
TOOL_HOVER,60732,8/2/2023 12:28:04 PM,98bad4ce-f31e-40f1-898e-ed38755e0340,Tourniquet,999,
TOOL_HOVER,60748,8/2/2023 12:28:04 PM,98bad4ce-f31e-40f1-898e-ed38755e0340,Tourniquet,999,
TOOL_HOVER,60764,8/2/2023 12:28:04 PM,98bad4ce-f31e-40f1-898e-ed38755e0340,Tourniquet,999,
TOOL_HOVER,60781,8/2/2023 12:28:04 PM,98bad4ce-f31e-40f1-898e-ed38755e0340,Tourniquet,999,
TOOL_HOVER,60797,8/2/2023 12:28:04 PM,98bad4ce-f31e-40f1-898e-ed38755e0340,Tourniquet,999,
TOOL_HOVER,60813,8/2/2023 12:28:04 PM,98bad4ce-f31e-40f1-898e-ed38755e0340,Tourniquet,999,
TOOL_HOVER,60830,8/2/2023 12:28:04 PM,98bad4ce-f31e-40f1-898e-ed38755e0340,Tourniquet,999,
TOOL_HOVER,60846,8/2/2023 12:28:04 PM,98bad4ce-f31e-40f1-898e-ed38755e0340,Tourniquet,999,
TOOL_HOVER,60864,8/2/2023 12:28:04 PM,98bad4ce-f31e-40f1-898e-ed38755e0340,Tourniquet,999,
TOOL_HOVER,60880,8/2/2023 12:28:04 PM,98bad4ce-f31e-40f1-898e-ed38755e0340,Tourniquet,999,
TOOL_SELECTED,60884,8/2/2023 12:28:04 PM,98bad4ce-f31e-40f1-898e-ed38755e0340,Tourniquet,998,
PATIENT_ENGAGED,62190,8/2/2023 12:28:06 PM,98bad4ce-f31e-40f1-898e-ed38755e0340,100,Infinity,Mike_5 Root,"(2.7, 0.0, 2.3)","(0.0, 1.0, 0.0, 0.0)",IMMEDIATE,waver,fast,normal,normal,upset,fetal,
VOICE_CAPTURE,62243,8/2/2023 12:28:06 PM,98bad4ce-f31e-40f1-898e-ed38755e0340,OK so we got an abdominal wound,NA,
INJURY_TREATED,63391,8/2/2023 12:28:07 PM,98bad4ce-f31e-40f1-898e-ed38755e0340,R Thigh Laceration,Mike_5 Root,tourniquet,medium,rightLeg,True,False,"(3.0, 0.3, 2.2)",
TOOL_APPLIED,63391,8/2/2023 12:28:07 PM,98bad4ce-f31e-40f1-898e-ed38755e0340,Mike_5 Root,Tourniquet,RightUpLeg (UnityEngine.GameObject),tor_ring (1) (UnityEngine.GameObject),tourniquet(Clone) (UnityEngine.GameObject),AppliedTourniquet,
VOICE_CAPTURE,64487,8/2/2023 12:28:08 PM,98bad4ce-f31e-40f1-898e-ed38755e0340,and,NA,
TOOL_HOVER,64989,8/2/2023 12:28:09 PM,98bad4ce-f31e-40f1-898e-ed38755e0340,Hemostatic Gauze,999,
TOOL_HOVER,65005,8/2/2023 12:28:09 PM,98bad4ce-f31e-40f1-898e-ed38755e0340,Hemostatic Gauze,999,
TOOL_HOVER,65021,8/2/2023 12:28:09 PM,98bad4ce-f31e-40f1-898e-ed38755e0340,Hemostatic Gauze,999,
TOOL_HOVER,65038,8/2/2023 12:28:09 PM,98bad4ce-f31e-40f1-898e-ed38755e0340,Hemostatic Gauze,999,
TOOL_HOVER,65055,8/2/2023 12:28:09 PM,98bad4ce-f31e-40f1-898e-ed38755e0340,Hemostatic Gauze,999,
TOOL_HOVER,65072,8/2/2023 12:28:09 PM,98bad4ce-f31e-40f1-898e-ed38755e0340,Hemostatic Gauze,999,
TOOL_SELECTED,65074,8/2/2023 12:28:09 PM,98bad4ce-f31e-40f1-898e-ed38755e0340,Hemostatic Gauze,998,
TOOL_DISCARDED,67363,8/2/2023 12:28:11 PM,98bad4ce-f31e-40f1-898e-ed38755e0340,Hemostatic Gauze,998,"(3.1, 0.4, 2.5)",
TOOL_DISCARDED,67363,8/2/2023 12:28:11 PM,98bad4ce-f31e-40f1-898e-ed38755e0340,Hemostatic Gauze,999,"(3.1, 0.4, 2.5)",
VOICE_CAPTURE,71483,8/2/2023 12:28:15 PM,98bad4ce-f31e-40f1-898e-ed38755e0340,check his pulse,NA,
VOICE_CAPTURE,73613,8/2/2023 12:28:17 PM,98bad4ce-f31e-40f1-898e-ed38755e0340,maybe,NA,
TOOL_HOVER,74979,8/2/2023 12:28:19 PM,98bad4ce-f31e-40f1-898e-ed38755e0340,Gauze,999,
TOOL_HOVER,74996,8/2/2023 12:28:19 PM,98bad4ce-f31e-40f1-898e-ed38755e0340,Gauze,999,
TOOL_HOVER,75012,8/2/2023 12:28:19 PM,98bad4ce-f31e-40f1-898e-ed38755e0340,Gauze,999,
TOOL_HOVER,75029,8/2/2023 12:28:19 PM,98bad4ce-f31e-40f1-898e-ed38755e0340,Gauze,999,
TOOL_HOVER,75046,8/2/2023 12:28:19 PM,98bad4ce-f31e-40f1-898e-ed38755e0340,Gauze,999,
TOOL_HOVER,75063,8/2/2023 12:28:19 PM,98bad4ce-f31e-40f1-898e-ed38755e0340,Gauze,999,
TOOL_HOVER,75079,8/2/2023 12:28:19 PM,98bad4ce-f31e-40f1-898e-ed38755e0340,Gauze,999,
TOOL_HOVER,75096,8/2/2023 12:28:19 PM,98bad4ce-f31e-40f1-898e-ed38755e0340,Gauze,999,
TOOL_HOVER,75112,8/2/2023 12:28:19 PM,98bad4ce-f31e-40f1-898e-ed38755e0340,Gauze,999,
TOOL_HOVER,75129,8/2/2023 12:28:19 PM,98bad4ce-f31e-40f1-898e-ed38755e0340,Gauze,999,
TOOL_HOVER,75146,8/2/2023 12:28:19 PM,98bad4ce-f31e-40f1-898e-ed38755e0340,Gauze,999,
TOOL_HOVER,75163,8/2/2023 12:28:19 PM,98bad4ce-f31e-40f1-898e-ed38755e0340,Gauze,999,
TOOL_HOVER,75680,8/2/2023 12:28:19 PM,98bad4ce-f31e-40f1-898e-ed38755e0340,Hemostatic Gauze,1000,
TOOL_HOVER,75697,8/2/2023 12:28:19 PM,98bad4ce-f31e-40f1-898e-ed38755e0340,Hemostatic Gauze,1000,
TOOL_HOVER,75712,8/2/2023 12:28:19 PM,98bad4ce-f31e-40f1-898e-ed38755e0340,Hemostatic Gauze,1000,
TOOL_HOVER,75729,8/2/2023 12:28:19 PM,98bad4ce-f31e-40f1-898e-ed38755e0340,Hemostatic Gauze,1000,
TOOL_HOVER,75746,8/2/2023 12:28:19 PM,98bad4ce-f31e-40f1-898e-ed38755e0340,Hemostatic Gauze,1000,
TOOL_HOVER,75763,8/2/2023 12:28:19 PM,98bad4ce-f31e-40f1-898e-ed38755e0340,Hemostatic Gauze,1000,
TOOL_HOVER,75780,8/2/2023 12:28:19 PM,98bad4ce-f31e-40f1-898e-ed38755e0340,Hemostatic Gauze,1000,
TOOL_HOVER,75796,8/2/2023 12:28:19 PM,98bad4ce-f31e-40f1-898e-ed38755e0340,Hemostatic Gauze,1000,
TOOL_HOVER,75813,8/2/2023 12:28:19 PM,98bad4ce-f31e-40f1-898e-ed38755e0340,Hemostatic Gauze,1000,
TOOL_HOVER,75830,8/2/2023 12:28:19 PM,98bad4ce-f31e-40f1-898e-ed38755e0340,Hemostatic Gauze,1000,
TOOL_SELECTED,75831,8/2/2023 12:28:19 PM,98bad4ce-f31e-40f1-898e-ed38755e0340,Hemostatic Gauze,999,
TOOL_DISCARDED,80227,8/2/2023 12:28:24 PM,98bad4ce-f31e-40f1-898e-ed38755e0340,Hemostatic Gauze,999,"(3.1, 0.3, 2.5)",
INJURY_TREATED,80228,8/2/2023 12:28:24 PM,98bad4ce-f31e-40f1-898e-ed38755e0340,R Side Puncture,Mike_5 Root,woundpack,medium,abdomen,True,False,"(3.1, 0.3, 2.5)",
TOOL_APPLIED,80228,8/2/2023 12:28:24 PM,98bad4ce-f31e-40f1-898e-ed38755e0340,Mike_5 Root,Gauze_Pack,skinCollider_BodyCollideLOD (UnityEngine.GameObject),null,null,AppliedPackingGauze,
PULSE_TAKEN,82143,8/2/2023 12:28:26 PM,98bad4ce-f31e-40f1-898e-ed38755e0340,pulse_fast,Mike_5 Root,
BAG_CLOSED,85568,8/2/2023 12:28:29 PM,98bad4ce-f31e-40f1-898e-ed38755e0340,"(3.2, 0.8, 1.3)",
TELEPORT,85568,8/2/2023 12:28:29 PM,98bad4ce-f31e-40f1-898e-ed38755e0340,"(2.3, 0.0, -0.6)",
TELEPORT,89220,8/2/2023 12:28:33 PM,98bad4ce-f31e-40f1-898e-ed38755e0340,"(3.2, 0.0, -0.5)",
VOICE_CAPTURE,91850,8/2/2023 12:28:35 PM,98bad4ce-f31e-40f1-898e-ed38755e0340,OK OK alright so then we go over here,NA,
BAG_ACCESS,93571,8/2/2023 12:28:37 PM,98bad4ce-f31e-40f1-898e-ed38755e0340,"(3.3, 0.9, 4.1)",
TOOL_HOVER,97983,8/2/2023 12:28:42 PM,98bad4ce-f31e-40f1-898e-ed38755e0340,Tourniquet,998,
TOOL_HOVER,98000,8/2/2023 12:28:42 PM,98bad4ce-f31e-40f1-898e-ed38755e0340,Tourniquet,998,
TOOL_HOVER,98018,8/2/2023 12:28:42 PM,98bad4ce-f31e-40f1-898e-ed38755e0340,Tourniquet,998,
TOOL_HOVER,98035,8/2/2023 12:28:42 PM,98bad4ce-f31e-40f1-898e-ed38755e0340,Tourniquet,998,
TOOL_HOVER,98054,8/2/2023 12:28:42 PM,98bad4ce-f31e-40f1-898e-ed38755e0340,Tourniquet,998,
TOOL_HOVER,98071,8/2/2023 12:28:42 PM,98bad4ce-f31e-40f1-898e-ed38755e0340,Tourniquet,998,
TOOL_HOVER,98089,8/2/2023 12:28:42 PM,98bad4ce-f31e-40f1-898e-ed38755e0340,Tourniquet,998,
TOOL_HOVER,98108,8/2/2023 12:28:42 PM,98bad4ce-f31e-40f1-898e-ed38755e0340,Tourniquet,998,
TOOL_SELECTED,98109,8/2/2023 12:28:42 PM,98bad4ce-f31e-40f1-898e-ed38755e0340,Tourniquet,997,
PATIENT_ENGAGED,99115,8/2/2023 12:28:43 PM,98bad4ce-f31e-40f1-898e-ed38755e0340,100,Infinity,Lily_2 Root,"(3.0, 0.0, 4.5)","(0.0, 1.0, 0.0, 0.0)",IMMEDIATE,waver,fast,fast,normal,agony,fetal,
VOICE_CAPTURE,99214,8/2/2023 12:28:43 PM,98bad4ce-f31e-40f1-898e-ed38755e0340,Oh yeah I know it looks like it's gonna hurt oh wow turn upside,NA,
VOICE_COMMAND,99214,8/2/2023 12:28:43 PM,98bad4ce-f31e-40f1-898e-ed38755e0340,are you hurt,Oh yeah I know it looks like it's gonna hurt oh wow turn upside,
INJURY_TREATED,100097,8/2/2023 12:28:44 PM,98bad4ce-f31e-40f1-898e-ed38755e0340,R Shin Amputation,Lily_2 Root,tourniquet,high,rightLeg,True,False,"(3.2, 0.1, 4.2)",
TOOL_APPLIED,100097,8/2/2023 12:28:44 PM,98bad4ce-f31e-40f1-898e-ed38755e0340,Lily_2 Root,Tourniquet,RightUpLeg (UnityEngine.GameObject),tor_ring (1) (UnityEngine.GameObject),tourniquet(Clone) (UnityEngine.GameObject),AppliedTourniquet,
VOICE_CAPTURE,102081,8/2/2023 12:28:46 PM,98bad4ce-f31e-40f1-898e-ed38755e0340,that's fine here,NA,
TAG_SELECTED,107750,8/2/2023 12:28:51 PM,98bad4ce-f31e-40f1-898e-ed38755e0340,red,
VOICE_CAPTURE,108807,8/2/2023 12:28:52 PM,98bad4ce-f31e-40f1-898e-ed38755e0340,OK check balls oh I forgot the tag but,NA,
BAG_CLOSED,109662,8/2/2023 12:28:53 PM,98bad4ce-f31e-40f1-898e-ed38755e0340,"(3.3, 0.9, 4.1)",
TELEPORT,115105,8/2/2023 12:28:59 PM,98bad4ce-f31e-40f1-898e-ed38755e0340,"(2.4, 0.0, 1.7)",
TELEPORT,115724,8/2/2023 12:28:59 PM,98bad4ce-f31e-40f1-898e-ed38755e0340,"(2.7, 0.0, 1.4)",
VOICE_CAPTURE,116007,8/2/2023 12:29:00 PM,98bad4ce-f31e-40f1-898e-ed38755e0340,uh is that bleeding stopped on is that abdomen or is it kind of slowed,NA,
PATIENT_ENGAGED,116843,8/2/2023 12:29:00 PM,98bad4ce-f31e-40f1-898e-ed38755e0340,100,Infinity,Mike_5 Root,"(2.7, 0.0, 2.3)","(0.0, 1.0, 0.0, 0.0)",IMMEDIATE,waver,fast,normal,normal,upset,fetal,
VOICE_CAPTURE,117442,8/2/2023 12:29:01 PM,98bad4ce-f31e-40f1-898e-ed38755e0340,OK,NA,
TAG_APPLIED,119433,8/2/2023 12:29:03 PM,98bad4ce-f31e-40f1-898e-ed38755e0340,Mike_5 Root,red,
TELEPORT,120518,8/2/2023 12:29:04 PM,98bad4ce-f31e-40f1-898e-ed38755e0340,"(2.7, 0.0, 0.7)",
VOICE_CAPTURE,121766,8/2/2023 12:29:05 PM,98bad4ce-f31e-40f1-898e-ed38755e0340,so then we'll take him,NA,
BAG_ACCESS,123451,8/2/2023 12:29:07 PM,98bad4ce-f31e-40f1-898e-ed38755e0340,"(4.0, 0.8, 3.8)",
TAG_SELECTED,124601,8/2/2023 12:29:08 PM,98bad4ce-f31e-40f1-898e-ed38755e0340,yellow,
PATIENT_ENGAGED,126684,8/2/2023 12:29:10 PM,98bad4ce-f31e-40f1-898e-ed38755e0340,100,Infinity,Lily_2 Root,"(3.0, 0.0, 4.5)","(0.0, 1.0, 0.0, 0.0)",IMMEDIATE,waver,fast,fast,normal,agony,fetal,
TAG_APPLIED,128939,8/2/2023 12:29:13 PM,98bad4ce-f31e-40f1-898e-ed38755e0340,Lily_2 Root,yellow,
BAG_CLOSED,129925,8/2/2023 12:29:14 PM,98bad4ce-f31e-40f1-898e-ed38755e0340,"(4.0, 0.8, 3.8)",
TELEPORT,129925,8/2/2023 12:29:14 PM,98bad4ce-f31e-40f1-898e-ed38755e0340,"(3.0, 0.0, 1.7)",
TELEPORT,130493,8/2/2023 12:29:14 PM,98bad4ce-f31e-40f1-898e-ed38755e0340,"(3.3, 0.0, 2.0)",
VOICE_CAPTURE,132196,8/2/2023 12:29:16 PM,98bad4ce-f31e-40f1-898e-ed38755e0340,yellow,NA,
PATIENT_ENGAGED,135484,8/2/2023 12:29:19 PM,98bad4ce-f31e-40f1-898e-ed38755e0340,100,0,Gary_9 Root,"(2.9, 0.0, 9.0)","(0.0, 1.0, 0.0, 0.1)",MINIMAL,walker,normal,normal,limited,calm,standing,
VOICE_CAPTURE,136968,8/2/2023 12:29:21 PM,98bad4ce-f31e-40f1-898e-ed38755e0340,this guy here,NA,
TELEPORT,137052,8/2/2023 12:29:21 PM,98bad4ce-f31e-40f1-898e-ed38755e0340,"(2.6, 0.0, 6.0)",
VOICE_CAPTURE,144646,8/2/2023 12:29:28 PM,98bad4ce-f31e-40f1-898e-ed38755e0340,OK so I would have somebody from there one of The Walking wounded assist him over,NA,
PULSE_TAKEN,146184,8/2/2023 12:29:30 PM,98bad4ce-f31e-40f1-898e-ed38755e0340,pulse_normal,Gary_9 Root,
PULSE_TAKEN,146800,8/2/2023 12:29:30 PM,98bad4ce-f31e-40f1-898e-ed38755e0340,pulse_normal,Gary_9 Root,
VOICE_CAPTURE,146933,8/2/2023 12:29:31 PM,98bad4ce-f31e-40f1-898e-ed38755e0340,looks like he's got,NA,
VOICE_CAPTURE,153135,8/2/2023 12:29:37 PM,98bad4ce-f31e-40f1-898e-ed38755e0340,membrane rupture so you can't hear anything,NA,
TELEPORT,153186,8/2/2023 12:29:37 PM,98bad4ce-f31e-40f1-898e-ed38755e0340,"(2.6, 0.0, 6.0)",
PATIENT_ENGAGED,156806,8/2/2023 12:29:40 PM,98bad4ce-f31e-40f1-898e-ed38755e0340,100,Infinity,Gary_1 Root,"(1.6, 0.0, 7.6)","(0.0, 1.0, 0.0, 0.0)",EXPECTANT,still,none,restricted,none,unresponsive,supine,
TELEPORT,158994,8/2/2023 12:29:43 PM,98bad4ce-f31e-40f1-898e-ed38755e0340,"(1.0, 0.0, 6.0)",
BAG_ACCESS,163889,8/2/2023 12:29:47 PM,98bad4ce-f31e-40f1-898e-ed38755e0340,"(1.4, 0.8, 8.4)",
VOICE_CAPTURE,164007,8/2/2023 12:29:48 PM,98bad4ce-f31e-40f1-898e-ed38755e0340,check falls that is foreign body and his head,NA,
TAG_SELECTED,164792,8/2/2023 12:29:48 PM,98bad4ce-f31e-40f1-898e-ed38755e0340,green,
TAG_DISCARDED,166546,8/2/2023 12:29:50 PM,98bad4ce-f31e-40f1-898e-ed38755e0340,green,"(1.3, 1.4, 8.8)",
TAG_SELECTED,167181,8/2/2023 12:29:51 PM,98bad4ce-f31e-40f1-898e-ed38755e0340,gray,
VOICE_CAPTURE,168968,8/2/2023 12:29:53 PM,98bad4ce-f31e-40f1-898e-ed38755e0340,so we are going to do that minimal,NA,
TAG_APPLIED,170173,8/2/2023 12:29:54 PM,98bad4ce-f31e-40f1-898e-ed38755e0340,Gary_1 Root,gray,
VOICE_CAPTURE,170721,8/2/2023 12:29:54 PM,98bad4ce-f31e-40f1-898e-ed38755e0340,great tag,NA,
BAG_CLOSED,171174,8/2/2023 12:29:55 PM,98bad4ce-f31e-40f1-898e-ed38755e0340,"(1.4, 0.8, 8.4)",
TELEPORT,171174,8/2/2023 12:29:55 PM,98bad4ce-f31e-40f1-898e-ed38755e0340,"(0.8, 0.0, 6.0)",
TELEPORT,172860,8/2/2023 12:29:56 PM,98bad4ce-f31e-40f1-898e-ed38755e0340,"(0.6, 0.0, 6.9)",
TELEPORT,173763,8/2/2023 12:29:57 PM,98bad4ce-f31e-40f1-898e-ed38755e0340,"(0.7, 0.0, 7.0)",
VOICE_CAPTURE,176820,8/2/2023 12:30:00 PM,98bad4ce-f31e-40f1-898e-ed38755e0340,somebody down there,NA,
VOICE_CAPTURE,180180,8/2/2023 12:30:04 PM,98bad4ce-f31e-40f1-898e-ed38755e0340,again my glasses are fogging up so I can't,NA,
VOICE_CAPTURE,183055,8/2/2023 12:30:07 PM,98bad4ce-f31e-40f1-898e-ed38755e0340,OK whoa,NA,
TELEPORT,186708,8/2/2023 12:30:10 PM,98bad4ce-f31e-40f1-898e-ed38755e0340,"(-0.3, 0.0, 8.1)",
TELEPORT,187797,8/2/2023 12:30:11 PM,98bad4ce-f31e-40f1-898e-ed38755e0340,"(-0.1, 0.0, 7.6)",
TELEPORT,189114,8/2/2023 12:30:13 PM,98bad4ce-f31e-40f1-898e-ed38755e0340,"(-0.2, 0.0, 7.2)",
VOICE_CAPTURE,189610,8/2/2023 12:30:13 PM,98bad4ce-f31e-40f1-898e-ed38755e0340,alright,NA,
PATIENT_ENGAGED,195018,8/2/2023 12:30:19 PM,98bad4ce-f31e-40f1-898e-ed38755e0340,100,Infinity,Lily_4 Root,"(1.2, 0.0, 6.2)","(0.0, 1.0, 0.0, 0.0)",IMMEDIATE,waver,fast,normal,normal,upset,fetal,
BAG_ACCESS,198155,8/2/2023 12:30:22 PM,98bad4ce-f31e-40f1-898e-ed38755e0340,"(1.2, 0.8, 6.7)",
TOOL_HOVER,199197,8/2/2023 12:30:23 PM,98bad4ce-f31e-40f1-898e-ed38755e0340,Hemostatic Gauze,1000,
TOOL_HOVER,199208,8/2/2023 12:30:23 PM,98bad4ce-f31e-40f1-898e-ed38755e0340,Hemostatic Gauze,1000,
TOOL_HOVER,199225,8/2/2023 12:30:23 PM,98bad4ce-f31e-40f1-898e-ed38755e0340,Hemostatic Gauze,1000,
TOOL_HOVER,199243,8/2/2023 12:30:23 PM,98bad4ce-f31e-40f1-898e-ed38755e0340,Hemostatic Gauze,1000,
TOOL_HOVER,199259,8/2/2023 12:30:23 PM,98bad4ce-f31e-40f1-898e-ed38755e0340,Hemostatic Gauze,1000,
TOOL_HOVER,199275,8/2/2023 12:30:23 PM,98bad4ce-f31e-40f1-898e-ed38755e0340,Hemostatic Gauze,1000,
TOOL_HOVER,199292,8/2/2023 12:30:23 PM,98bad4ce-f31e-40f1-898e-ed38755e0340,Hemostatic Gauze,1000,
TOOL_HOVER,199309,8/2/2023 12:30:23 PM,98bad4ce-f31e-40f1-898e-ed38755e0340,Hemostatic Gauze,1000,
TOOL_HOVER,199326,8/2/2023 12:30:23 PM,98bad4ce-f31e-40f1-898e-ed38755e0340,Hemostatic Gauze,1000,
TOOL_HOVER,199343,8/2/2023 12:30:23 PM,98bad4ce-f31e-40f1-898e-ed38755e0340,Hemostatic Gauze,1000,
TOOL_HOVER,199361,8/2/2023 12:30:23 PM,98bad4ce-f31e-40f1-898e-ed38755e0340,Hemostatic Gauze,1000,
TOOL_HOVER,200679,8/2/2023 12:30:24 PM,98bad4ce-f31e-40f1-898e-ed38755e0340,Hemostatic Gauze,1000,
TOOL_HOVER,200695,8/2/2023 12:30:24 PM,98bad4ce-f31e-40f1-898e-ed38755e0340,Hemostatic Gauze,1000,
TOOL_HOVER,200712,8/2/2023 12:30:24 PM,98bad4ce-f31e-40f1-898e-ed38755e0340,Hemostatic Gauze,1000,
TOOL_HOVER,200729,8/2/2023 12:30:24 PM,98bad4ce-f31e-40f1-898e-ed38755e0340,Hemostatic Gauze,1000,
TOOL_HOVER,200745,8/2/2023 12:30:24 PM,98bad4ce-f31e-40f1-898e-ed38755e0340,Hemostatic Gauze,1000,
TOOL_SELECTED,200746,8/2/2023 12:30:24 PM,98bad4ce-f31e-40f1-898e-ed38755e0340,Hemostatic Gauze,999,
TOOL_DISCARDED,203602,8/2/2023 12:30:27 PM,98bad4ce-f31e-40f1-898e-ed38755e0340,Hemostatic Gauze,999,"(0.9, 0.2, 6.5)",
INJURY_TREATED,203602,8/2/2023 12:30:27 PM,98bad4ce-f31e-40f1-898e-ed38755e0340,L Side Puncture,Lily_4 Root,woundpack,medium,abdomen,True,False,"(0.9, 0.3, 6.5)",
TOOL_APPLIED,203602,8/2/2023 12:30:27 PM,98bad4ce-f31e-40f1-898e-ed38755e0340,Lily_4 Root,Gauze_Pack,skinCollider_BodyLOD (UnityEngine.GameObject),null,null,AppliedPackingGauze,
BAG_CLOSED,205856,8/2/2023 12:30:29 PM,98bad4ce-f31e-40f1-898e-ed38755e0340,"(1.2, 0.8, 6.7)",
TELEPORT,205856,8/2/2023 12:30:29 PM,98bad4ce-f31e-40f1-898e-ed38755e0340,"(0.5, 0.0, 4.4)",
PULSE_TAKEN,206758,8/2/2023 12:30:30 PM,98bad4ce-f31e-40f1-898e-ed38755e0340,pulse_fast,Lily_4 Root,
PULSE_TAKEN,208697,8/2/2023 12:30:32 PM,98bad4ce-f31e-40f1-898e-ed38755e0340,pulse_fast,Lily_4 Root,
TELEPORT,210670,8/2/2023 12:30:34 PM,98bad4ce-f31e-40f1-898e-ed38755e0340,"(0.2, 0.0, 4.7)",
TELEPORT,212039,8/2/2023 12:30:36 PM,98bad4ce-f31e-40f1-898e-ed38755e0340,"(0.2, 0.0, 4.5)",
VOICE_CAPTURE,213075,8/2/2023 12:30:37 PM,98bad4ce-f31e-40f1-898e-ed38755e0340,OK,NA,
TELEPORT,213987,8/2/2023 12:30:38 PM,98bad4ce-f31e-40f1-898e-ed38755e0340,"(-0.5, 0.0, 5.0)",
TELEPORT,218453,8/2/2023 12:30:42 PM,98bad4ce-f31e-40f1-898e-ed38755e0340,"(-1.8, 0.0, 3.1)",
PATIENT_ENGAGED,219342,8/2/2023 12:30:43 PM,98bad4ce-f31e-40f1-898e-ed38755e0340,100,Infinity,Bob_0 Root,"(-1.7, 0.0, 5.7)","(0.0, 0.7, 0.0, 0.7)",DEAD,still,none,none,none,dead,supine,
TELEPORT,221677,8/2/2023 12:30:45 PM,98bad4ce-f31e-40f1-898e-ed38755e0340,"(-2.3, 0.0, 3.5)",
PULSE_TAKEN,223031,8/2/2023 12:30:47 PM,98bad4ce-f31e-40f1-898e-ed38755e0340,pulse_none,Bob_0 Root,
VOICE_CAPTURE,223214,8/2/2023 12:30:47 PM,98bad4ce-f31e-40f1-898e-ed38755e0340,check it for pulse,NA,
VOICE_CAPTURE,224802,8/2/2023 12:30:48 PM,98bad4ce-f31e-40f1-898e-ed38755e0340,Oh no pulse,NA,
VOICE_CAPTURE,227207,8/2/2023 12:30:51 PM,98bad4ce-f31e-40f1-898e-ed38755e0340,to them standing right in them,NA,
VOICE_COMMAND,227207,8/2/2023 12:30:51 PM,98bad4ce-f31e-40f1-898e-ed38755e0340,stand up,to them standing right in them,
BAG_ACCESS,227911,8/2/2023 12:30:52 PM,98bad4ce-f31e-40f1-898e-ed38755e0340,"(-2.0, 0.8, 5.4)",
TAG_SELECTED,228946,8/2/2023 12:30:53 PM,98bad4ce-f31e-40f1-898e-ed38755e0340,black,
TAG_APPLIED,231403,8/2/2023 12:30:55 PM,98bad4ce-f31e-40f1-898e-ed38755e0340,Bob_0 Root,black,
VOICE_CAPTURE,231852,8/2/2023 12:30:55 PM,98bad4ce-f31e-40f1-898e-ed38755e0340,OK black tag,NA,
BAG_CLOSED,233736,8/2/2023 12:30:57 PM,98bad4ce-f31e-40f1-898e-ed38755e0340,"(-2.0, 0.8, 5.4)",
VOICE_CAPTURE,237467,8/2/2023 12:31:01 PM,98bad4ce-f31e-40f1-898e-ed38755e0340,and I'm forgetting the tag people aren't I,NA,
TELEPORT,237519,8/2/2023 12:31:01 PM,98bad4ce-f31e-40f1-898e-ed38755e0340,"(-0.7, 0.0, 5.6)",
VOICE_CAPTURE,242895,8/2/2023 12:31:06 PM,98bad4ce-f31e-40f1-898e-ed38755e0340,this one is,NA,
BAG_ACCESS,243991,8/2/2023 12:31:08 PM,98bad4ce-f31e-40f1-898e-ed38755e0340,"(0.7, 0.8, 7.1)",
VOICE_CAPTURE,247699,8/2/2023 12:31:11 PM,98bad4ce-f31e-40f1-898e-ed38755e0340,Oh behind me,NA,
TAG_SELECTED,248134,8/2/2023 12:31:12 PM,98bad4ce-f31e-40f1-898e-ed38755e0340,red,
PATIENT_ENGAGED,249733,8/2/2023 12:31:13 PM,98bad4ce-f31e-40f1-898e-ed38755e0340,100,Infinity,Lily_4 Root,"(1.2, 0.0, 6.2)","(0.0, 1.0, 0.0, 0.0)",IMMEDIATE,waver,fast,normal,normal,upset,fetal,
TAG_APPLIED,250484,8/2/2023 12:31:14 PM,98bad4ce-f31e-40f1-898e-ed38755e0340,Lily_4 Root,red,
BAG_CLOSED,252277,8/2/2023 12:31:16 PM,98bad4ce-f31e-40f1-898e-ed38755e0340,"(0.7, 0.8, 7.1)",
TELEPORT,253927,8/2/2023 12:31:18 PM,98bad4ce-f31e-40f1-898e-ed38755e0340,"(1.7, 0.0, 4.3)",
TELEPORT,258729,8/2/2023 12:31:22 PM,98bad4ce-f31e-40f1-898e-ed38755e0340,"(1.8, 0.0, 3.1)",
VOICE_CAPTURE,262097,8/2/2023 12:31:26 PM,98bad4ce-f31e-40f1-898e-ed38755e0340,just a little well when I tighten it it smashes in my glasses,NA,
TELEPORT,262848,8/2/2023 12:31:26 PM,98bad4ce-f31e-40f1-898e-ed38755e0340,"(1.7, 0.0, 3.1)",
VOICE_CAPTURE,264809,8/2/2023 12:31:28 PM,98bad4ce-f31e-40f1-898e-ed38755e0340,it's a little bit,NA,
TELEPORT,265576,8/2/2023 12:31:29 PM,98bad4ce-f31e-40f1-898e-ed38755e0340,"(0.9, 0.0, 2.1)",
TELEPORT,266230,8/2/2023 12:31:30 PM,98bad4ce-f31e-40f1-898e-ed38755e0340,"(0.8, 0.0, 2.1)",
BAG_ACCESS,268325,8/2/2023 12:31:32 PM,98bad4ce-f31e-40f1-898e-ed38755e0340,"(1.4, 0.8, 4.3)",
TOOL_HOVER,268883,8/2/2023 12:31:32 PM,98bad4ce-f31e-40f1-898e-ed38755e0340,Hemostatic Gauze,1000,
TOOL_HOVER,268902,8/2/2023 12:31:32 PM,98bad4ce-f31e-40f1-898e-ed38755e0340,Hemostatic Gauze,1000,
TOOL_HOVER,268920,8/2/2023 12:31:33 PM,98bad4ce-f31e-40f1-898e-ed38755e0340,Hemostatic Gauze,1000,
TOOL_HOVER,268941,8/2/2023 12:31:33 PM,98bad4ce-f31e-40f1-898e-ed38755e0340,Hemostatic Gauze,1000,
TOOL_HOVER,268961,8/2/2023 12:31:33 PM,98bad4ce-f31e-40f1-898e-ed38755e0340,Hemostatic Gauze,1000,
TOOL_HOVER,268983,8/2/2023 12:31:33 PM,98bad4ce-f31e-40f1-898e-ed38755e0340,Hemostatic Gauze,1000,
TOOL_HOVER,269002,8/2/2023 12:31:33 PM,98bad4ce-f31e-40f1-898e-ed38755e0340,Hemostatic Gauze,1000,
TOOL_HOVER,269019,8/2/2023 12:31:33 PM,98bad4ce-f31e-40f1-898e-ed38755e0340,Hemostatic Gauze,1000,
TOOL_HOVER,269038,8/2/2023 12:31:33 PM,98bad4ce-f31e-40f1-898e-ed38755e0340,Hemostatic Gauze,1000,
TOOL_HOVER,269055,8/2/2023 12:31:33 PM,98bad4ce-f31e-40f1-898e-ed38755e0340,Hemostatic Gauze,1000,
TOOL_HOVER,269075,8/2/2023 12:31:33 PM,98bad4ce-f31e-40f1-898e-ed38755e0340,Hemostatic Gauze,1000,
TOOL_HOVER,269094,8/2/2023 12:31:33 PM,98bad4ce-f31e-40f1-898e-ed38755e0340,Hemostatic Gauze,1000,
TOOL_HOVER,269114,8/2/2023 12:31:33 PM,98bad4ce-f31e-40f1-898e-ed38755e0340,Hemostatic Gauze,1000,
TOOL_HOVER,269132,8/2/2023 12:31:33 PM,98bad4ce-f31e-40f1-898e-ed38755e0340,Hemostatic Gauze,1000,
TOOL_HOVER,269150,8/2/2023 12:31:33 PM,98bad4ce-f31e-40f1-898e-ed38755e0340,Hemostatic Gauze,1000,
TOOL_HOVER,269167,8/2/2023 12:31:33 PM,98bad4ce-f31e-40f1-898e-ed38755e0340,Hemostatic Gauze,1000,
TOOL_HOVER,269188,8/2/2023 12:31:33 PM,98bad4ce-f31e-40f1-898e-ed38755e0340,Hemostatic Gauze,1000,
TOOL_HOVER,269205,8/2/2023 12:31:33 PM,98bad4ce-f31e-40f1-898e-ed38755e0340,Hemostatic Gauze,1000,
TOOL_HOVER,269224,8/2/2023 12:31:33 PM,98bad4ce-f31e-40f1-898e-ed38755e0340,Hemostatic Gauze,1000,
TOOL_HOVER,269241,8/2/2023 12:31:33 PM,98bad4ce-f31e-40f1-898e-ed38755e0340,Hemostatic Gauze,1000,
TOOL_HOVER,269259,8/2/2023 12:31:33 PM,98bad4ce-f31e-40f1-898e-ed38755e0340,Hemostatic Gauze,1000,
TOOL_HOVER,269276,8/2/2023 12:31:33 PM,98bad4ce-f31e-40f1-898e-ed38755e0340,Hemostatic Gauze,1000,
TOOL_HOVER,269293,8/2/2023 12:31:33 PM,98bad4ce-f31e-40f1-898e-ed38755e0340,Hemostatic Gauze,1000,
TOOL_HOVER,269311,8/2/2023 12:31:33 PM,98bad4ce-f31e-40f1-898e-ed38755e0340,Hemostatic Gauze,1000,
TOOL_HOVER,269328,8/2/2023 12:31:33 PM,98bad4ce-f31e-40f1-898e-ed38755e0340,Hemostatic Gauze,1000,
TOOL_HOVER,269346,8/2/2023 12:31:33 PM,98bad4ce-f31e-40f1-898e-ed38755e0340,Hemostatic Gauze,1000,
TOOL_HOVER,269364,8/2/2023 12:31:33 PM,98bad4ce-f31e-40f1-898e-ed38755e0340,Hemostatic Gauze,1000,
TOOL_HOVER,269382,8/2/2023 12:31:33 PM,98bad4ce-f31e-40f1-898e-ed38755e0340,Hemostatic Gauze,1000,
TOOL_HOVER,269399,8/2/2023 12:31:33 PM,98bad4ce-f31e-40f1-898e-ed38755e0340,Hemostatic Gauze,1000,
TOOL_HOVER,269415,8/2/2023 12:31:33 PM,98bad4ce-f31e-40f1-898e-ed38755e0340,Hemostatic Gauze,1000,
TOOL_HOVER,269435,8/2/2023 12:31:33 PM,98bad4ce-f31e-40f1-898e-ed38755e0340,Hemostatic Gauze,1000,
TOOL_HOVER,269455,8/2/2023 12:31:33 PM,98bad4ce-f31e-40f1-898e-ed38755e0340,Hemostatic Gauze,1000,
TOOL_HOVER,269473,8/2/2023 12:31:33 PM,98bad4ce-f31e-40f1-898e-ed38755e0340,Hemostatic Gauze,1000,
TOOL_HOVER,269491,8/2/2023 12:31:33 PM,98bad4ce-f31e-40f1-898e-ed38755e0340,Hemostatic Gauze,1000,
TOOL_HOVER,269510,8/2/2023 12:31:33 PM,98bad4ce-f31e-40f1-898e-ed38755e0340,Hemostatic Gauze,1000,
TOOL_HOVER,269528,8/2/2023 12:31:33 PM,98bad4ce-f31e-40f1-898e-ed38755e0340,Hemostatic Gauze,1000,
TOOL_HOVER,269548,8/2/2023 12:31:33 PM,98bad4ce-f31e-40f1-898e-ed38755e0340,Hemostatic Gauze,1000,
TOOL_HOVER,269565,8/2/2023 12:31:33 PM,98bad4ce-f31e-40f1-898e-ed38755e0340,Hemostatic Gauze,1000,
TOOL_HOVER,269583,8/2/2023 12:31:33 PM,98bad4ce-f31e-40f1-898e-ed38755e0340,Hemostatic Gauze,1000,
TOOL_HOVER,269601,8/2/2023 12:31:33 PM,98bad4ce-f31e-40f1-898e-ed38755e0340,Hemostatic Gauze,1000,
TOOL_HOVER,269620,8/2/2023 12:31:33 PM,98bad4ce-f31e-40f1-898e-ed38755e0340,Hemostatic Gauze,1000,
TOOL_HOVER,269637,8/2/2023 12:31:33 PM,98bad4ce-f31e-40f1-898e-ed38755e0340,Hemostatic Gauze,1000,
TOOL_HOVER,269655,8/2/2023 12:31:33 PM,98bad4ce-f31e-40f1-898e-ed38755e0340,Hemostatic Gauze,1000,
TOOL_HOVER,269672,8/2/2023 12:31:33 PM,98bad4ce-f31e-40f1-898e-ed38755e0340,Hemostatic Gauze,1000,
TOOL_HOVER,269688,8/2/2023 12:31:33 PM,98bad4ce-f31e-40f1-898e-ed38755e0340,Hemostatic Gauze,1000,
TOOL_HOVER,269706,8/2/2023 12:31:33 PM,98bad4ce-f31e-40f1-898e-ed38755e0340,Hemostatic Gauze,1000,
TOOL_HOVER,269723,8/2/2023 12:31:33 PM,98bad4ce-f31e-40f1-898e-ed38755e0340,Hemostatic Gauze,1000,
TOOL_HOVER,269739,8/2/2023 12:31:33 PM,98bad4ce-f31e-40f1-898e-ed38755e0340,Hemostatic Gauze,1000,
TOOL_HOVER,269756,8/2/2023 12:31:33 PM,98bad4ce-f31e-40f1-898e-ed38755e0340,Hemostatic Gauze,1000,
TOOL_HOVER,269773,8/2/2023 12:31:33 PM,98bad4ce-f31e-40f1-898e-ed38755e0340,Hemostatic Gauze,1000,
TOOL_HOVER,269789,8/2/2023 12:31:33 PM,98bad4ce-f31e-40f1-898e-ed38755e0340,Hemostatic Gauze,1000,
TOOL_HOVER,269807,8/2/2023 12:31:33 PM,98bad4ce-f31e-40f1-898e-ed38755e0340,Hemostatic Gauze,1000,
TOOL_HOVER,269824,8/2/2023 12:31:33 PM,98bad4ce-f31e-40f1-898e-ed38755e0340,Hemostatic Gauze,1000,
TOOL_HOVER,269841,8/2/2023 12:31:33 PM,98bad4ce-f31e-40f1-898e-ed38755e0340,Hemostatic Gauze,1000,
TOOL_HOVER,269858,8/2/2023 12:31:33 PM,98bad4ce-f31e-40f1-898e-ed38755e0340,Hemostatic Gauze,1000,
TOOL_HOVER,269876,8/2/2023 12:31:33 PM,98bad4ce-f31e-40f1-898e-ed38755e0340,Hemostatic Gauze,1000,
TOOL_HOVER,269894,8/2/2023 12:31:33 PM,98bad4ce-f31e-40f1-898e-ed38755e0340,Hemostatic Gauze,1000,
TOOL_SELECTED,269895,8/2/2023 12:31:33 PM,98bad4ce-f31e-40f1-898e-ed38755e0340,Hemostatic Gauze,999,
VOICE_CAPTURE,270097,8/2/2023 12:31:34 PM,98bad4ce-f31e-40f1-898e-ed38755e0340,OK so we don't,NA,
PATIENT_ENGAGED,270502,8/2/2023 12:31:34 PM,98bad4ce-f31e-40f1-898e-ed38755e0340,100,Infinity,Mike_7 Root,"(1.3, 0.0, 3.4)","(0.0, 0.1, 0.0, 1.0)",DELAYED,waver,fast,normal,normal,upset,sittingGround,
TOOL_DISCARDED,272017,8/2/2023 12:31:36 PM,98bad4ce-f31e-40f1-898e-ed38755e0340,Hemostatic Gauze,999,"(1.3, 0.2, 3.8)",
TOOL_DISCARDED,272017,8/2/2023 12:31:36 PM,98bad4ce-f31e-40f1-898e-ed38755e0340,Hemostatic Gauze,1000,"(1.3, 0.2, 3.8)",
TOOL_HOVER,273779,8/2/2023 12:31:37 PM,98bad4ce-f31e-40f1-898e-ed38755e0340,Gauze,999,
TOOL_HOVER,273794,8/2/2023 12:31:37 PM,98bad4ce-f31e-40f1-898e-ed38755e0340,Gauze,999,
TOOL_HOVER,273811,8/2/2023 12:31:37 PM,98bad4ce-f31e-40f1-898e-ed38755e0340,Gauze,999,
TOOL_HOVER,273830,8/2/2023 12:31:37 PM,98bad4ce-f31e-40f1-898e-ed38755e0340,Gauze,999,
TOOL_HOVER,273847,8/2/2023 12:31:37 PM,98bad4ce-f31e-40f1-898e-ed38755e0340,Gauze,999,
TOOL_HOVER,273864,8/2/2023 12:31:37 PM,98bad4ce-f31e-40f1-898e-ed38755e0340,Gauze,999,
TOOL_HOVER,273882,8/2/2023 12:31:37 PM,98bad4ce-f31e-40f1-898e-ed38755e0340,Gauze,999,
TOOL_HOVER,273897,8/2/2023 12:31:37 PM,98bad4ce-f31e-40f1-898e-ed38755e0340,Gauze,999,
TOOL_HOVER,273915,8/2/2023 12:31:38 PM,98bad4ce-f31e-40f1-898e-ed38755e0340,Gauze,999,
TOOL_HOVER,273936,8/2/2023 12:31:38 PM,98bad4ce-f31e-40f1-898e-ed38755e0340,Gauze,999,
TOOL_HOVER,273955,8/2/2023 12:31:38 PM,98bad4ce-f31e-40f1-898e-ed38755e0340,Gauze,999,
TOOL_HOVER,273977,8/2/2023 12:31:38 PM,98bad4ce-f31e-40f1-898e-ed38755e0340,Gauze,999,
TOOL_HOVER,273998,8/2/2023 12:31:38 PM,98bad4ce-f31e-40f1-898e-ed38755e0340,Gauze,999,
TOOL_HOVER,274017,8/2/2023 12:31:38 PM,98bad4ce-f31e-40f1-898e-ed38755e0340,Gauze,999,
TOOL_HOVER,274038,8/2/2023 12:31:38 PM,98bad4ce-f31e-40f1-898e-ed38755e0340,Gauze,999,
TOOL_HOVER,274058,8/2/2023 12:31:38 PM,98bad4ce-f31e-40f1-898e-ed38755e0340,Gauze,999,
TOOL_SELECTED,274059,8/2/2023 12:31:38 PM,98bad4ce-f31e-40f1-898e-ed38755e0340,Gauze,998,
TOOL_DISCARDED,276206,8/2/2023 12:31:40 PM,98bad4ce-f31e-40f1-898e-ed38755e0340,Gauze,998,"(1.4, 0.2, 3.8)",
INJURY_TREATED,276212,8/2/2023 12:31:40 PM,98bad4ce-f31e-40f1-898e-ed38755e0340,R Calf Laceration,Mike_7 Root,gauzePressure,low,rightLeg,True,False,"(1.3, 0.1, 3.8)",
TOOL_APPLIED,276212,8/2/2023 12:31:40 PM,98bad4ce-f31e-40f1-898e-ed38755e0340,Mike_7 Root,Gauze_Dressing,skinCollider_BodyCollideLOD (UnityEngine.GameObject),null,null,AppliedDressingGauze,
VOICE_CAPTURE,276503,8/2/2023 12:31:40 PM,98bad4ce-f31e-40f1-898e-ed38755e0340,I keep missing that as as a,NA,
BAG_CLOSED,277658,8/2/2023 12:31:41 PM,98bad4ce-f31e-40f1-898e-ed38755e0340,"(1.4, 0.8, 4.3)",
TELEPORT,277658,8/2/2023 12:31:41 PM,98bad4ce-f31e-40f1-898e-ed38755e0340,"(0.7, 0.0, 2.1)",
VOICE_CAPTURE,279057,8/2/2023 12:31:43 PM,98bad4ce-f31e-40f1-898e-ed38755e0340,just one dressing,NA,
BAG_ACCESS,281672,8/2/2023 12:31:45 PM,98bad4ce-f31e-40f1-898e-ed38755e0340,"(1.1, 0.8, 4.3)",
TOOL_HOVER,283988,8/2/2023 12:31:48 PM,98bad4ce-f31e-40f1-898e-ed38755e0340,Tourniquet,997,
TOOL_HOVER,284004,8/2/2023 12:31:48 PM,98bad4ce-f31e-40f1-898e-ed38755e0340,Tourniquet,997,
TOOL_HOVER,284020,8/2/2023 12:31:48 PM,98bad4ce-f31e-40f1-898e-ed38755e0340,Tourniquet,997,
TOOL_HOVER,284036,8/2/2023 12:31:48 PM,98bad4ce-f31e-40f1-898e-ed38755e0340,Tourniquet,997,
TOOL_HOVER,284053,8/2/2023 12:31:48 PM,98bad4ce-f31e-40f1-898e-ed38755e0340,Tourniquet,997,
TOOL_HOVER,284069,8/2/2023 12:31:48 PM,98bad4ce-f31e-40f1-898e-ed38755e0340,Tourniquet,997,
TOOL_HOVER,284087,8/2/2023 12:31:48 PM,98bad4ce-f31e-40f1-898e-ed38755e0340,Tourniquet,997,
TOOL_HOVER,284102,8/2/2023 12:31:48 PM,98bad4ce-f31e-40f1-898e-ed38755e0340,Tourniquet,997,
TOOL_HOVER,284121,8/2/2023 12:31:48 PM,98bad4ce-f31e-40f1-898e-ed38755e0340,Tourniquet,997,
TOOL_HOVER,284137,8/2/2023 12:31:48 PM,98bad4ce-f31e-40f1-898e-ed38755e0340,Tourniquet,997,
TOOL_HOVER,284153,8/2/2023 12:31:48 PM,98bad4ce-f31e-40f1-898e-ed38755e0340,Tourniquet,997,
TOOL_HOVER,284172,8/2/2023 12:31:48 PM,98bad4ce-f31e-40f1-898e-ed38755e0340,Tourniquet,997,
TOOL_HOVER,284189,8/2/2023 12:31:48 PM,98bad4ce-f31e-40f1-898e-ed38755e0340,Tourniquet,997,
TOOL_HOVER,284210,8/2/2023 12:31:48 PM,98bad4ce-f31e-40f1-898e-ed38755e0340,Tourniquet,997,
TOOL_HOVER,284229,8/2/2023 12:31:48 PM,98bad4ce-f31e-40f1-898e-ed38755e0340,Tourniquet,997,
TOOL_HOVER,284249,8/2/2023 12:31:48 PM,98bad4ce-f31e-40f1-898e-ed38755e0340,Tourniquet,997,
TOOL_SELECTED,284250,8/2/2023 12:31:48 PM,98bad4ce-f31e-40f1-898e-ed38755e0340,Tourniquet,996,
BAG_CLOSED,285603,8/2/2023 12:31:49 PM,98bad4ce-f31e-40f1-898e-ed38755e0340,"(1.1, 0.8, 4.3)",
TELEPORT,285603,8/2/2023 12:31:49 PM,98bad4ce-f31e-40f1-898e-ed38755e0340,"(0.4, 0.0, 2.1)",
TOOL_DISCARDED,287595,8/2/2023 12:31:51 PM,98bad4ce-f31e-40f1-898e-ed38755e0340,Tourniquet,996,"(0.9, 0.2, 3.4)",
VOICE_CAPTURE,288645,8/2/2023 12:31:52 PM,98bad4ce-f31e-40f1-898e-ed38755e0340,to do,NA,
VOICE_CAPTURE,291388,8/2/2023 12:31:55 PM,98bad4ce-f31e-40f1-898e-ed38755e0340,oh OK,NA,
VOICE_CAPTURE,299684,8/2/2023 12:32:03 PM,98bad4ce-f31e-40f1-898e-ed38755e0340,yeah,NA,
VOICE_CAPTURE,305142,8/2/2023 12:32:09 PM,98bad4ce-f31e-40f1-898e-ed38755e0340,glasses get steamy let's try it without them,NA,
VOICE_CAPTURE,317945,8/2/2023 12:32:22 PM,98bad4ce-f31e-40f1-898e-ed38755e0340,OK that's blurry but you know,NA,
BAG_ACCESS,321958,8/2/2023 12:32:26 PM,98bad4ce-f31e-40f1-898e-ed38755e0340,"(0.8, 0.8, 3.8)",
TOOL_HOVER,322509,8/2/2023 12:32:26 PM,98bad4ce-f31e-40f1-898e-ed38755e0340,Tourniquet,997,
TOOL_HOVER,322527,8/2/2023 12:32:26 PM,98bad4ce-f31e-40f1-898e-ed38755e0340,Tourniquet,997,
TOOL_HOVER,322543,8/2/2023 12:32:26 PM,98bad4ce-f31e-40f1-898e-ed38755e0340,Tourniquet,997,
TOOL_HOVER,322560,8/2/2023 12:32:26 PM,98bad4ce-f31e-40f1-898e-ed38755e0340,Tourniquet,997,
TOOL_HOVER,322577,8/2/2023 12:32:26 PM,98bad4ce-f31e-40f1-898e-ed38755e0340,Tourniquet,997,
TOOL_HOVER,322594,8/2/2023 12:32:26 PM,98bad4ce-f31e-40f1-898e-ed38755e0340,Tourniquet,997,
TOOL_HOVER,322611,8/2/2023 12:32:26 PM,98bad4ce-f31e-40f1-898e-ed38755e0340,Tourniquet,997,
TOOL_HOVER,322627,8/2/2023 12:32:26 PM,98bad4ce-f31e-40f1-898e-ed38755e0340,Tourniquet,997,
TOOL_HOVER,322645,8/2/2023 12:32:26 PM,98bad4ce-f31e-40f1-898e-ed38755e0340,Tourniquet,997,
TOOL_HOVER,322661,8/2/2023 12:32:26 PM,98bad4ce-f31e-40f1-898e-ed38755e0340,Tourniquet,997,
TOOL_HOVER,322677,8/2/2023 12:32:26 PM,98bad4ce-f31e-40f1-898e-ed38755e0340,Tourniquet,997,
TOOL_HOVER,322693,8/2/2023 12:32:26 PM,98bad4ce-f31e-40f1-898e-ed38755e0340,Tourniquet,997,
TOOL_HOVER,322710,8/2/2023 12:32:26 PM,98bad4ce-f31e-40f1-898e-ed38755e0340,Tourniquet,997,
TOOL_HOVER,322727,8/2/2023 12:32:26 PM,98bad4ce-f31e-40f1-898e-ed38755e0340,Tourniquet,997,
TOOL_SELECTED,322728,8/2/2023 12:32:26 PM,98bad4ce-f31e-40f1-898e-ed38755e0340,Tourniquet,996,
INJURY_TREATED,326983,8/2/2023 12:32:31 PM,98bad4ce-f31e-40f1-898e-ed38755e0340,L Thigh Puncture,Mike_7 Root,tourniquet,medium,leftLeg,True,False,"(0.7, 0.1, 3.5)",
TOOL_APPLIED,326983,8/2/2023 12:32:31 PM,98bad4ce-f31e-40f1-898e-ed38755e0340,Mike_7 Root,Tourniquet,LeftUpLeg (UnityEngine.GameObject),tor_ring (1) (UnityEngine.GameObject),tourniquet(Clone) (UnityEngine.GameObject),AppliedTourniquet,
VOICE_CAPTURE,333464,8/2/2023 12:32:37 PM,98bad4ce-f31e-40f1-898e-ed38755e0340,OK can you lay down,NA,
VOICE_COMMAND,333464,8/2/2023 12:32:37 PM,98bad4ce-f31e-40f1-898e-ed38755e0340,lay down,OK can you lay down,
VOICE_CAPTURE,339061,8/2/2023 12:32:43 PM,98bad4ce-f31e-40f1-898e-ed38755e0340,it's what goes through the floor OK,NA,
TAG_SELECTED,339932,8/2/2023 12:32:44 PM,98bad4ce-f31e-40f1-898e-ed38755e0340,yellow,
BAG_CLOSED,341302,8/2/2023 12:32:45 PM,98bad4ce-f31e-40f1-898e-ed38755e0340,"(0.8, 0.8, 3.8)",
TELEPORT,341302,8/2/2023 12:32:45 PM,98bad4ce-f31e-40f1-898e-ed38755e0340,"(0.2, 0.0, 1.6)",
TAG_APPLIED,344309,8/2/2023 12:32:48 PM,98bad4ce-f31e-40f1-898e-ed38755e0340,Mike_7 Root,yellow,
TELEPORT,345627,8/2/2023 12:32:49 PM,98bad4ce-f31e-40f1-898e-ed38755e0340,"(-0.1, 0.0, 1.0)",
VOICE_CAPTURE,347866,8/2/2023 12:32:51 PM,98bad4ce-f31e-40f1-898e-ed38755e0340,use that,NA,
BAG_ACCESS,350623,8/2/2023 12:32:54 PM,98bad4ce-f31e-40f1-898e-ed38755e0340,"(0.6, 0.7, 1.7)",
TOOL_HOVER,351509,8/2/2023 12:32:55 PM,98bad4ce-f31e-40f1-898e-ed38755e0340,Needle,999,
TOOL_HOVER,351525,8/2/2023 12:32:55 PM,98bad4ce-f31e-40f1-898e-ed38755e0340,Needle,999,
TOOL_HOVER,351543,8/2/2023 12:32:55 PM,98bad4ce-f31e-40f1-898e-ed38755e0340,Needle,999,
TOOL_HOVER,351559,8/2/2023 12:32:55 PM,98bad4ce-f31e-40f1-898e-ed38755e0340,Needle,999,
TOOL_HOVER,351576,8/2/2023 12:32:55 PM,98bad4ce-f31e-40f1-898e-ed38755e0340,Needle,999,
TOOL_SELECTED,351579,8/2/2023 12:32:55 PM,98bad4ce-f31e-40f1-898e-ed38755e0340,Needle,998,
BAG_CLOSED,352714,8/2/2023 12:32:56 PM,98bad4ce-f31e-40f1-898e-ed38755e0340,"(0.6, 0.7, 1.7)",
TELEPORT,352714,8/2/2023 12:32:56 PM,98bad4ce-f31e-40f1-898e-ed38755e0340,"(0.0, 0.0, -0.2)",
PATIENT_ENGAGED,354331,8/2/2023 12:32:58 PM,98bad4ce-f31e-40f1-898e-ed38755e0340,100,0,Gary_3 Root,"(0.4, 0.0, 1.7)","(0.0, 0.0, 0.0, 1.0)",IMMEDIATE,still,faint,collapsedRight,normal,unresponsive,supine,
INJURY_TREATED,354840,8/2/2023 12:32:58 PM,98bad4ce-f31e-40f1-898e-ed38755e0340,R Chest Collapse,Gary_3 Root,decompress,high,chest,True,False,"(0.0, 0.0, 0.0)",
TOOL_APPLIED,354840,8/2/2023 12:32:58 PM,98bad4ce-f31e-40f1-898e-ed38755e0340,Needle_Decomp(Clone),Needle,RChest_Breathe1 (UnityEngine.GameObject),cath_needle (UnityEngine.GameObject),right_chest,Needle_Decomp(Clone) (UnityEngine.GameObject),AppliedDecompNeedle,
PULSE_TAKEN,357122,8/2/2023 12:33:01 PM,98bad4ce-f31e-40f1-898e-ed38755e0340,pulse_faint,Gary_3 Root,
VOICE_CAPTURE,360329,8/2/2023 12:33:04 PM,98bad4ce-f31e-40f1-898e-ed38755e0340,check his balls,NA,
BAG_ACCESS,361198,8/2/2023 12:33:05 PM,98bad4ce-f31e-40f1-898e-ed38755e0340,"(0.7, 0.8, 1.4)",
TAG_SELECTED,365709,8/2/2023 12:33:09 PM,98bad4ce-f31e-40f1-898e-ed38755e0340,red,
TAG_APPLIED,367998,8/2/2023 12:33:12 PM,98bad4ce-f31e-40f1-898e-ed38755e0340,Gary_3 Root,red,
BAG_CLOSED,369052,8/2/2023 12:33:13 PM,98bad4ce-f31e-40f1-898e-ed38755e0340,"(0.7, 0.8, 1.4)",
TELEPORT,369052,8/2/2023 12:33:13 PM,98bad4ce-f31e-40f1-898e-ed38755e0340,"(0.1, 0.0, -0.5)",
VOICE_CAPTURE,370891,8/2/2023 12:33:14 PM,98bad4ce-f31e-40f1-898e-ed38755e0340,I didn't say priority,NA,
TELEPORT,372300,8/2/2023 12:33:16 PM,98bad4ce-f31e-40f1-898e-ed38755e0340,"(-0.1, 0.0, -1.7)",
VOICE_CAPTURE,372498,8/2/2023 12:33:16 PM,98bad4ce-f31e-40f1-898e-ed38755e0340,1,NA,
VOICE_CAPTURE,375701,8/2/2023 12:33:19 PM,98bad4ce-f31e-40f1-898e-ed38755e0340,so everybody that's no,NA,
VOICE_CAPTURE,383101,8/2/2023 12:33:27 PM,98bad4ce-f31e-40f1-898e-ed38755e0340,you lay down for me,NA,
VOICE_COMMAND,383101,8/2/2023 12:33:27 PM,98bad4ce-f31e-40f1-898e-ed38755e0340,lay down,you lay down for me,
BAG_ACCESS,383521,8/2/2023 12:33:27 PM,98bad4ce-f31e-40f1-898e-ed38755e0340,"(-1.4, 0.8, 3.0)",
TOOL_HOVER,384804,8/2/2023 12:33:28 PM,98bad4ce-f31e-40f1-898e-ed38755e0340,Gauze,999,
TOOL_HOVER,384819,8/2/2023 12:33:28 PM,98bad4ce-f31e-40f1-898e-ed38755e0340,Gauze,999,
TOOL_HOVER,384835,8/2/2023 12:33:28 PM,98bad4ce-f31e-40f1-898e-ed38755e0340,Gauze,999,
TOOL_SELECTED,384836,8/2/2023 12:33:28 PM,98bad4ce-f31e-40f1-898e-ed38755e0340,Gauze,998,
VOICE_CAPTURE,385475,8/2/2023 12:33:29 PM,98bad4ce-f31e-40f1-898e-ed38755e0340,lay down,NA,
VOICE_COMMAND,385475,8/2/2023 12:33:29 PM,98bad4ce-f31e-40f1-898e-ed38755e0340,lay down,lay down,
PATIENT_ENGAGED,385736,8/2/2023 12:33:29 PM,98bad4ce-f31e-40f1-898e-ed38755e0340,100,Infinity,Gloria_6 Root,"(-1.2, 0.0, 3.1)","(0.0, 0.4, 0.0, 0.9)",DELAYED,waver,fast,normal,normal,upset,supine,
TOOL_DISCARDED,390996,8/2/2023 12:33:35 PM,98bad4ce-f31e-40f1-898e-ed38755e0340,Gauze,998,"(-0.9, 0.2, 3.3)",
TOOL_DISCARDED,390996,8/2/2023 12:33:35 PM,98bad4ce-f31e-40f1-898e-ed38755e0340,Gauze,999,"(-0.9, 0.2, 3.3)",
VOICE_CAPTURE,391213,8/2/2023 12:33:35 PM,98bad4ce-f31e-40f1-898e-ed38755e0340,alright,NA,
TOOL_HOVER,393902,8/2/2023 12:33:37 PM,98bad4ce-f31e-40f1-898e-ed38755e0340,Gauze,1000,
TOOL_HOVER,393919,8/2/2023 12:33:38 PM,98bad4ce-f31e-40f1-898e-ed38755e0340,Gauze,1000,
TOOL_HOVER,393935,8/2/2023 12:33:38 PM,98bad4ce-f31e-40f1-898e-ed38755e0340,Gauze,1000,
TOOL_HOVER,393955,8/2/2023 12:33:38 PM,98bad4ce-f31e-40f1-898e-ed38755e0340,Gauze,1000,
TOOL_HOVER,393972,8/2/2023 12:33:38 PM,98bad4ce-f31e-40f1-898e-ed38755e0340,Gauze,1000,
TOOL_HOVER,393992,8/2/2023 12:33:38 PM,98bad4ce-f31e-40f1-898e-ed38755e0340,Gauze,1000,
TOOL_HOVER,394009,8/2/2023 12:33:38 PM,98bad4ce-f31e-40f1-898e-ed38755e0340,Gauze,1000,
TOOL_HOVER,394026,8/2/2023 12:33:38 PM,98bad4ce-f31e-40f1-898e-ed38755e0340,Gauze,1000,
TOOL_HOVER,394043,8/2/2023 12:33:38 PM,98bad4ce-f31e-40f1-898e-ed38755e0340,Gauze,1000,
TOOL_HOVER,394059,8/2/2023 12:33:38 PM,98bad4ce-f31e-40f1-898e-ed38755e0340,Gauze,1000,
TOOL_HOVER,394075,8/2/2023 12:33:38 PM,98bad4ce-f31e-40f1-898e-ed38755e0340,Gauze,1000,
TOOL_HOVER,394094,8/2/2023 12:33:38 PM,98bad4ce-f31e-40f1-898e-ed38755e0340,Gauze,1000,
TOOL_HOVER,394112,8/2/2023 12:33:38 PM,98bad4ce-f31e-40f1-898e-ed38755e0340,Gauze,1000,
TOOL_HOVER,394128,8/2/2023 12:33:38 PM,98bad4ce-f31e-40f1-898e-ed38755e0340,Gauze,1000,
TOOL_SELECTED,394129,8/2/2023 12:33:38 PM,98bad4ce-f31e-40f1-898e-ed38755e0340,Gauze,999,
TOOL_DISCARDED,397543,8/2/2023 12:33:41 PM,98bad4ce-f31e-40f1-898e-ed38755e0340,Gauze,999,"(-0.9, 0.2, 3.3)",
TOOL_APPLIED,397543,8/2/2023 12:33:41 PM,98bad4ce-f31e-40f1-898e-ed38755e0340,Gloria_6 Root,Gauze_Dressing,skinCollider_Body_LOD (UnityEngine.GameObject),null,null,AppliedDressingGauze,
VOICE_CAPTURE,401450,8/2/2023 12:33:45 PM,98bad4ce-f31e-40f1-898e-ed38755e0340,yeah I know,NA,
TOOL_HOVER,401697,8/2/2023 12:33:45 PM,98bad4ce-f31e-40f1-898e-ed38755e0340,Gauze,1000,
TOOL_HOVER,401717,8/2/2023 12:33:45 PM,98bad4ce-f31e-40f1-898e-ed38755e0340,Gauze,1000,
TOOL_HOVER,401733,8/2/2023 12:33:45 PM,98bad4ce-f31e-40f1-898e-ed38755e0340,Gauze,1000,
TOOL_HOVER,401749,8/2/2023 12:33:45 PM,98bad4ce-f31e-40f1-898e-ed38755e0340,Gauze,1000,
TOOL_HOVER,401766,8/2/2023 12:33:45 PM,98bad4ce-f31e-40f1-898e-ed38755e0340,Gauze,1000,
TOOL_HOVER,401782,8/2/2023 12:33:45 PM,98bad4ce-f31e-40f1-898e-ed38755e0340,Gauze,1000,
TOOL_HOVER,401798,8/2/2023 12:33:45 PM,98bad4ce-f31e-40f1-898e-ed38755e0340,Gauze,1000,
TOOL_HOVER,401815,8/2/2023 12:33:45 PM,98bad4ce-f31e-40f1-898e-ed38755e0340,Gauze,1000,
TOOL_HOVER,401835,8/2/2023 12:33:45 PM,98bad4ce-f31e-40f1-898e-ed38755e0340,Gauze,1000,
TOOL_HOVER,401850,8/2/2023 12:33:45 PM,98bad4ce-f31e-40f1-898e-ed38755e0340,Gauze,1000,
TOOL_HOVER,401866,8/2/2023 12:33:45 PM,98bad4ce-f31e-40f1-898e-ed38755e0340,Gauze,1000,
TOOL_HOVER,401882,8/2/2023 12:33:45 PM,98bad4ce-f31e-40f1-898e-ed38755e0340,Gauze,1000,
TOOL_SELECTED,401883,8/2/2023 12:33:45 PM,98bad4ce-f31e-40f1-898e-ed38755e0340,Gauze,999,
TOOL_DISCARDED,403787,8/2/2023 12:33:47 PM,98bad4ce-f31e-40f1-898e-ed38755e0340,Gauze,999,"(-1.2, 1.2, 3.1)",
TOOL_DISCARDED,403787,8/2/2023 12:33:47 PM,98bad4ce-f31e-40f1-898e-ed38755e0340,Gauze,1000,"(-1.2, 1.2, 3.1)",
VOICE_CAPTURE,403851,8/2/2023 12:33:47 PM,98bad4ce-f31e-40f1-898e-ed38755e0340,I can't get it to,NA,
BAG_CLOSED,405623,8/2/2023 12:33:49 PM,98bad4ce-f31e-40f1-898e-ed38755e0340,"(-1.4, 0.8, 3.0)",
TELEPORT,405623,8/2/2023 12:33:49 PM,98bad4ce-f31e-40f1-898e-ed38755e0340,"(-1.7, 0.0, 0.7)",
BAG_ACCESS,407464,8/2/2023 12:33:51 PM,98bad4ce-f31e-40f1-898e-ed38755e0340,"(-1.5, 0.8, 2.8)",
TAG_SELECTED,408654,8/2/2023 12:33:52 PM,98bad4ce-f31e-40f1-898e-ed38755e0340,green,
VOICE_CAPTURE,409451,8/2/2023 12:33:53 PM,98bad4ce-f31e-40f1-898e-ed38755e0340,and no other wounds on that,NA,
TAG_DISCARDED,411738,8/2/2023 12:33:55 PM,98bad4ce-f31e-40f1-898e-ed38755e0340,green,"(-1.6, 0.3, 2.6)",
TAG_SELECTED,414178,8/2/2023 12:33:58 PM,98bad4ce-f31e-40f1-898e-ed38755e0340,green,
VOICE_CAPTURE,415060,8/2/2023 12:33:59 PM,98bad4ce-f31e-40f1-898e-ed38755e0340,so she's green tag,NA,
TAG_APPLIED,416514,8/2/2023 12:34:00 PM,98bad4ce-f31e-40f1-898e-ed38755e0340,Gloria_6 Root,green,
VOICE_CAPTURE,418088,8/2/2023 12:34:02 PM,98bad4ce-f31e-40f1-898e-ed38755e0340,baby,NA,
VOICE_CAPTURE,420166,8/2/2023 12:34:04 PM,98bad4ce-f31e-40f1-898e-ed38755e0340,here we go,NA,
VOICE_CAPTURE,423374,8/2/2023 12:34:07 PM,98bad4ce-f31e-40f1-898e-ed38755e0340,OK,NA,
BAG_CLOSED,426983,8/2/2023 12:34:11 PM,98bad4ce-f31e-40f1-898e-ed38755e0340,"(-1.5, 0.8, 2.8)",
TELEPORT,426983,8/2/2023 12:34:11 PM,98bad4ce-f31e-40f1-898e-ed38755e0340,"(-1.7, 0.0, 0.7)",
VOICE_CAPTURE,429296,8/2/2023 12:34:13 PM,98bad4ce-f31e-40f1-898e-ed38755e0340,tag tag tag tag tag tag,NA,
TELEPORT,431269,8/2/2023 12:34:15 PM,98bad4ce-f31e-40f1-898e-ed38755e0340,"(-0.7, 0.0, 2.7)",
VOICE_CAPTURE,438254,8/2/2023 12:34:22 PM,98bad4ce-f31e-40f1-898e-ed38755e0340,where do you go where do you go,NA,
PATIENT_ENGAGED,439471,8/2/2023 12:34:23 PM,98bad4ce-f31e-40f1-898e-ed38755e0340,100,0,Gary_9 Root,"(3.1, 0.0, 9.0)","(0.0, 0.0, 0.0, -1.0)",MINIMAL,walker,normal,normal,limited,calm,standing,
TELEPORT,439590,8/2/2023 12:34:23 PM,98bad4ce-f31e-40f1-898e-ed38755e0340,"(2.1, 0.0, 6.1)",
BAG_ACCESS,444868,8/2/2023 12:34:28 PM,98bad4ce-f31e-40f1-898e-ed38755e0340,"(2.3, 0.8, 8.4)",
TAG_SELECTED,445510,8/2/2023 12:34:29 PM,98bad4ce-f31e-40f1-898e-ed38755e0340,green,
TAG_APPLIED,447408,8/2/2023 12:34:31 PM,98bad4ce-f31e-40f1-898e-ed38755e0340,Gary_9 Root,green,
VOICE_CAPTURE,447859,8/2/2023 12:34:31 PM,98bad4ce-f31e-40f1-898e-ed38755e0340,yeah yeah I understand,NA,
VOICE_COMMAND,447859,8/2/2023 12:34:31 PM,98bad4ce-f31e-40f1-898e-ed38755e0340,stand up,yeah yeah I understand,
BAG_CLOSED,450679,8/2/2023 12:34:34 PM,98bad4ce-f31e-40f1-898e-ed38755e0340,"(2.3, 0.8, 8.4)",
TELEPORT,450679,8/2/2023 12:34:34 PM,98bad4ce-f31e-40f1-898e-ed38755e0340,"(2.1, 0.0, 6.1)",
VOICE_CAPTURE,452654,8/2/2023 12:34:36 PM,98bad4ce-f31e-40f1-898e-ed38755e0340,gotcha,NA,
VOICE_CAPTURE,455973,8/2/2023 12:34:40 PM,98bad4ce-f31e-40f1-898e-ed38755e0340,OK tag tag,NA,
VOICE_CAPTURE,460342,8/2/2023 12:34:44 PM,98bad4ce-f31e-40f1-898e-ed38755e0340,tag tag tag tag,NA,
VOICE_CAPTURE,462106,8/2/2023 12:34:46 PM,98bad4ce-f31e-40f1-898e-ed38755e0340,tag,NA,
TELEPORT,462160,8/2/2023 12:34:46 PM,98bad4ce-f31e-40f1-898e-ed38755e0340,"(1.7, 0.0, 5.6)",
VOICE_CAPTURE,464174,8/2/2023 12:34:48 PM,98bad4ce-f31e-40f1-898e-ed38755e0340,just these two over here,NA,
TELEPORT,464293,8/2/2023 12:34:48 PM,98bad4ce-f31e-40f1-898e-ed38755e0340,"(3.4, 0.0, -3.3)",
TELEPORT,466635,8/2/2023 12:34:50 PM,98bad4ce-f31e-40f1-898e-ed38755e0340,"(4.1, 0.0, -6.1)",
VOICE_CAPTURE,468494,8/2/2023 12:34:52 PM,98bad4ce-f31e-40f1-898e-ed38755e0340,oops,NA,
BAG_ACCESS,471913,8/2/2023 12:34:56 PM,98bad4ce-f31e-40f1-898e-ed38755e0340,"(2.9, 0.9, -4.1)",
TOOL_HOVER,472497,8/2/2023 12:34:56 PM,98bad4ce-f31e-40f1-898e-ed38755e0340,Gauze,1001,
TOOL_HOVER,472513,8/2/2023 12:34:56 PM,98bad4ce-f31e-40f1-898e-ed38755e0340,Gauze,1001,
TOOL_HOVER,472530,8/2/2023 12:34:56 PM,98bad4ce-f31e-40f1-898e-ed38755e0340,Gauze,1001,
TOOL_HOVER,472545,8/2/2023 12:34:56 PM,98bad4ce-f31e-40f1-898e-ed38755e0340,Gauze,1001,
TOOL_HOVER,472562,8/2/2023 12:34:56 PM,98bad4ce-f31e-40f1-898e-ed38755e0340,Gauze,1001,
TOOL_HOVER,472578,8/2/2023 12:34:56 PM,98bad4ce-f31e-40f1-898e-ed38755e0340,Gauze,1001,
TOOL_HOVER,472598,8/2/2023 12:34:56 PM,98bad4ce-f31e-40f1-898e-ed38755e0340,Gauze,1001,
TOOL_HOVER,472613,8/2/2023 12:34:56 PM,98bad4ce-f31e-40f1-898e-ed38755e0340,Gauze,1001,
TOOL_HOVER,472631,8/2/2023 12:34:56 PM,98bad4ce-f31e-40f1-898e-ed38755e0340,Gauze,1001,
TOOL_SELECTED,472632,8/2/2023 12:34:56 PM,98bad4ce-f31e-40f1-898e-ed38755e0340,Gauze,1000,
PATIENT_ENGAGED,473486,8/2/2023 12:34:57 PM,98bad4ce-f31e-40f1-898e-ed38755e0340,100,Infinity,Gloria_8 Root,"(3.1, 0.0, -4.9)","(0.0, 0.1, 0.0, -1.0)",MINIMAL,walker,normal,normal,normal,upset,sittingGround,
TOOL_DISCARDED,474766,8/2/2023 12:34:58 PM,98bad4ce-f31e-40f1-898e-ed38755e0340,Gauze,1000,"(3.2, 0.5, -5.1)",
TOOL_DISCARDED,474766,8/2/2023 12:34:58 PM,98bad4ce-f31e-40f1-898e-ed38755e0340,Gauze,1001,"(3.2, 0.5, -5.1)",
TOOL_HOVER,476905,8/2/2023 12:35:00 PM,98bad4ce-f31e-40f1-898e-ed38755e0340,Gauze,1002,
TOOL_HOVER,476920,8/2/2023 12:35:01 PM,98bad4ce-f31e-40f1-898e-ed38755e0340,Gauze,1002,
TOOL_HOVER,476937,8/2/2023 12:35:01 PM,98bad4ce-f31e-40f1-898e-ed38755e0340,Gauze,1002,
TOOL_HOVER,476952,8/2/2023 12:35:01 PM,98bad4ce-f31e-40f1-898e-ed38755e0340,Gauze,1002,
TOOL_HOVER,476970,8/2/2023 12:35:01 PM,98bad4ce-f31e-40f1-898e-ed38755e0340,Gauze,1002,
TOOL_HOVER,476986,8/2/2023 12:35:01 PM,98bad4ce-f31e-40f1-898e-ed38755e0340,Gauze,1002,
TOOL_HOVER,477003,8/2/2023 12:35:01 PM,98bad4ce-f31e-40f1-898e-ed38755e0340,Gauze,1002,
TOOL_HOVER,477019,8/2/2023 12:35:01 PM,98bad4ce-f31e-40f1-898e-ed38755e0340,Gauze,1002,
TOOL_HOVER,477034,8/2/2023 12:35:01 PM,98bad4ce-f31e-40f1-898e-ed38755e0340,Gauze,1002,
TOOL_HOVER,477049,8/2/2023 12:35:01 PM,98bad4ce-f31e-40f1-898e-ed38755e0340,Gauze,1002,
TOOL_SELECTED,477051,8/2/2023 12:35:01 PM,98bad4ce-f31e-40f1-898e-ed38755e0340,Gauze,1001,
VOICE_CAPTURE,478096,8/2/2023 12:35:02 PM,98bad4ce-f31e-40f1-898e-ed38755e0340,bandage,NA,
TOOL_DISCARDED,479934,8/2/2023 12:35:04 PM,98bad4ce-f31e-40f1-898e-ed38755e0340,Gauze,1001,"(3.2, 0.5, -5.1)",
TOOL_APPLIED,479935,8/2/2023 12:35:04 PM,98bad4ce-f31e-40f1-898e-ed38755e0340,Gloria_8 Root,Gauze_Dressing,skinCollider_Body_LOD (UnityEngine.GameObject),null,null,AppliedDressingGauze,
TOOL_HOVER,483908,8/2/2023 12:35:07 PM,98bad4ce-f31e-40f1-898e-ed38755e0340,Gauze,1002,
TOOL_HOVER,483925,8/2/2023 12:35:08 PM,98bad4ce-f31e-40f1-898e-ed38755e0340,Gauze,1002,
TOOL_HOVER,483946,8/2/2023 12:35:08 PM,98bad4ce-f31e-40f1-898e-ed38755e0340,Gauze,1002,
TOOL_HOVER,483962,8/2/2023 12:35:08 PM,98bad4ce-f31e-40f1-898e-ed38755e0340,Gauze,1002,
TOOL_HOVER,483980,8/2/2023 12:35:08 PM,98bad4ce-f31e-40f1-898e-ed38755e0340,Gauze,1002,
TOOL_HOVER,483996,8/2/2023 12:35:08 PM,98bad4ce-f31e-40f1-898e-ed38755e0340,Gauze,1002,
TOOL_HOVER,484012,8/2/2023 12:35:08 PM,98bad4ce-f31e-40f1-898e-ed38755e0340,Gauze,1002,
TOOL_HOVER,484029,8/2/2023 12:35:08 PM,98bad4ce-f31e-40f1-898e-ed38755e0340,Gauze,1002,
TOOL_HOVER,484045,8/2/2023 12:35:08 PM,98bad4ce-f31e-40f1-898e-ed38755e0340,Gauze,1002,
TOOL_SELECTED,484046,8/2/2023 12:35:08 PM,98bad4ce-f31e-40f1-898e-ed38755e0340,Gauze,1001,
TOOL_DISCARDED,490268,8/2/2023 12:35:14 PM,98bad4ce-f31e-40f1-898e-ed38755e0340,Gauze,1001,"(3.2, 0.4, -5.0)",
INJURY_TREATED,490269,8/2/2023 12:35:14 PM,98bad4ce-f31e-40f1-898e-ed38755e0340,L Forearm Laceration,Gloria_8 Root,gauzePressure,low,leftArm,True,False,"(3.1, 0.4, -5.0)",
TOOL_APPLIED,490269,8/2/2023 12:35:14 PM,98bad4ce-f31e-40f1-898e-ed38755e0340,Gloria_8 Root,Gauze_Dressing,skinCollider_Body_LOD (UnityEngine.GameObject),null,null,AppliedDressingGauze,
VOICE_CAPTURE,493936,8/2/2023 12:35:18 PM,98bad4ce-f31e-40f1-898e-ed38755e0340,Yeah,NA,
VOICE_CAPTURE,498315,8/2/2023 12:35:22 PM,98bad4ce-f31e-40f1-898e-ed38755e0340,and assess this leg to see if that's just blood from his arm or,NA,
BAG_CLOSED,500250,8/2/2023 12:35:24 PM,98bad4ce-f31e-40f1-898e-ed38755e0340,"(2.9, 0.9, -4.1)",
TELEPORT,500250,8/2/2023 12:35:24 PM,98bad4ce-f31e-40f1-898e-ed38755e0340,"(2.7, 0.0, -6.6)",
TELEPORT,501429,8/2/2023 12:35:25 PM,98bad4ce-f31e-40f1-898e-ed38755e0340,"(3.1, 0.0, -6.2)",
VOICE_CAPTURE,504348,8/2/2023 12:35:28 PM,98bad4ce-f31e-40f1-898e-ed38755e0340,OK that's the only wound and this person,NA,
BAG_ACCESS,507461,8/2/2023 12:35:31 PM,98bad4ce-f31e-40f1-898e-ed38755e0340,"(3.8, 0.8, -3.5)",
VOICE_CAPTURE,507681,8/2/2023 12:35:31 PM,98bad4ce-f31e-40f1-898e-ed38755e0340,what is your name,NA,
VOICE_COMMAND,507681,8/2/2023 12:35:31 PM,98bad4ce-f31e-40f1-898e-ed38755e0340,what is your name,what is your name,
VOICE_CAPTURE,507799,8/2/2023 12:35:31 PM,98bad4ce-f31e-40f1-898e-ed38755e0340,hi what's your name,NA,
VOICE_COMMAND,507799,8/2/2023 12:35:31 PM,98bad4ce-f31e-40f1-898e-ed38755e0340,what is your name,hi what's your name,
TOOL_HOVER,509098,8/2/2023 12:35:33 PM,98bad4ce-f31e-40f1-898e-ed38755e0340,Gauze,1002,
TOOL_HOVER,509114,8/2/2023 12:35:33 PM,98bad4ce-f31e-40f1-898e-ed38755e0340,Gauze,1002,
TOOL_HOVER,509130,8/2/2023 12:35:33 PM,98bad4ce-f31e-40f1-898e-ed38755e0340,Gauze,1002,
TOOL_HOVER,509150,8/2/2023 12:35:33 PM,98bad4ce-f31e-40f1-898e-ed38755e0340,Gauze,1002,
TOOL_HOVER,509167,8/2/2023 12:35:33 PM,98bad4ce-f31e-40f1-898e-ed38755e0340,Gauze,1002,
TOOL_HOVER,509184,8/2/2023 12:35:33 PM,98bad4ce-f31e-40f1-898e-ed38755e0340,Gauze,1002,
TOOL_HOVER,509200,8/2/2023 12:35:33 PM,98bad4ce-f31e-40f1-898e-ed38755e0340,Gauze,1002,
TOOL_HOVER,509214,8/2/2023 12:35:33 PM,98bad4ce-f31e-40f1-898e-ed38755e0340,Gauze,1002,
TOOL_HOVER,509231,8/2/2023 12:35:33 PM,98bad4ce-f31e-40f1-898e-ed38755e0340,Gauze,1002,
TOOL_HOVER,509246,8/2/2023 12:35:33 PM,98bad4ce-f31e-40f1-898e-ed38755e0340,Gauze,1002,
TOOL_HOVER,509266,8/2/2023 12:35:33 PM,98bad4ce-f31e-40f1-898e-ed38755e0340,Gauze,1002,
TOOL_HOVER,509281,8/2/2023 12:35:33 PM,98bad4ce-f31e-40f1-898e-ed38755e0340,Gauze,1002,
TOOL_HOVER,509298,8/2/2023 12:35:33 PM,98bad4ce-f31e-40f1-898e-ed38755e0340,Gauze,1002,
TOOL_HOVER,509313,8/2/2023 12:35:33 PM,98bad4ce-f31e-40f1-898e-ed38755e0340,Gauze,1002,
TOOL_SELECTED,509315,8/2/2023 12:35:33 PM,98bad4ce-f31e-40f1-898e-ed38755e0340,Gauze,1001,
BAG_CLOSED,510633,8/2/2023 12:35:34 PM,98bad4ce-f31e-40f1-898e-ed38755e0340,"(3.8, 0.8, -3.5)",
TELEPORT,510633,8/2/2023 12:35:34 PM,98bad4ce-f31e-40f1-898e-ed38755e0340,"(3.3, 0.0, -5.7)",
PATIENT_ENGAGED,511825,8/2/2023 12:35:35 PM,98bad4ce-f31e-40f1-898e-ed38755e0340,100,Infinity,Helga_10 Root,"(4.6, 0.0, -3.4)","(0.0, 0.7, 0.0, -0.7)",MINIMAL,walker,normal,normal,normal,calm,sittingGround,
VOICE_CAPTURE,512497,8/2/2023 12:35:36 PM,98bad4ce-f31e-40f1-898e-ed38755e0340,OK,NA,
TOOL_DISCARDED,515601,8/2/2023 12:35:39 PM,98bad4ce-f31e-40f1-898e-ed38755e0340,Gauze,1001,"(4.5, 0.7, -3.4)",
TOOL_APPLIED,515601,8/2/2023 12:35:39 PM,98bad4ce-f31e-40f1-898e-ed38755e0340,Helga_10 Root,Gauze_Dressing,skinCollider_BodyLOD (UnityEngine.GameObject),null,null,AppliedDressingGauze,
VOICE_CAPTURE,516977,8/2/2023 12:35:41 PM,98bad4ce-f31e-40f1-898e-ed38755e0340,am I seeing any head wound or something like that,NA,
VOICE_CAPTURE,518900,8/2/2023 12:35:42 PM,98bad4ce-f31e-40f1-898e-ed38755e0340,OK,NA,
BAG_ACCESS,520888,8/2/2023 12:35:44 PM,98bad4ce-f31e-40f1-898e-ed38755e0340,"(4.1, 0.8, -3.6)",
TOOL_HOVER,521505,8/2/2023 12:35:45 PM,98bad4ce-f31e-40f1-898e-ed38755e0340,Gauze,1002,
TOOL_HOVER,521519,8/2/2023 12:35:45 PM,98bad4ce-f31e-40f1-898e-ed38755e0340,Gauze,1002,
TOOL_HOVER,521535,8/2/2023 12:35:45 PM,98bad4ce-f31e-40f1-898e-ed38755e0340,Gauze,1002,
TOOL_HOVER,521553,8/2/2023 12:35:45 PM,98bad4ce-f31e-40f1-898e-ed38755e0340,Gauze,1002,
TOOL_HOVER,521572,8/2/2023 12:35:45 PM,98bad4ce-f31e-40f1-898e-ed38755e0340,Gauze,1002,
TOOL_HOVER,521588,8/2/2023 12:35:45 PM,98bad4ce-f31e-40f1-898e-ed38755e0340,Gauze,1002,
TOOL_HOVER,521604,8/2/2023 12:35:45 PM,98bad4ce-f31e-40f1-898e-ed38755e0340,Gauze,1002,
TOOL_HOVER,521619,8/2/2023 12:35:45 PM,98bad4ce-f31e-40f1-898e-ed38755e0340,Gauze,1002,
TOOL_HOVER,521635,8/2/2023 12:35:45 PM,98bad4ce-f31e-40f1-898e-ed38755e0340,Gauze,1002,
TOOL_HOVER,521653,8/2/2023 12:35:45 PM,98bad4ce-f31e-40f1-898e-ed38755e0340,Gauze,1002,
TOOL_HOVER,521669,8/2/2023 12:35:45 PM,98bad4ce-f31e-40f1-898e-ed38755e0340,Gauze,1002,
TOOL_HOVER,521689,8/2/2023 12:35:45 PM,98bad4ce-f31e-40f1-898e-ed38755e0340,Gauze,1002,
TOOL_HOVER,521706,8/2/2023 12:35:45 PM,98bad4ce-f31e-40f1-898e-ed38755e0340,Gauze,1002,
TOOL_HOVER,521723,8/2/2023 12:35:45 PM,98bad4ce-f31e-40f1-898e-ed38755e0340,Gauze,1002,
TOOL_HOVER,521739,8/2/2023 12:35:45 PM,98bad4ce-f31e-40f1-898e-ed38755e0340,Gauze,1002,
TOOL_HOVER,521755,8/2/2023 12:35:45 PM,98bad4ce-f31e-40f1-898e-ed38755e0340,Gauze,1002,
TOOL_HOVER,521771,8/2/2023 12:35:45 PM,98bad4ce-f31e-40f1-898e-ed38755e0340,Gauze,1002,
TOOL_SELECTED,521773,8/2/2023 12:35:45 PM,98bad4ce-f31e-40f1-898e-ed38755e0340,Gauze,1001,
TOOL_DISCARDED,524900,8/2/2023 12:35:48 PM,98bad4ce-f31e-40f1-898e-ed38755e0340,Gauze,1001,"(4.5, 0.7, -3.4)",
TOOL_APPLIED,524900,8/2/2023 12:35:48 PM,98bad4ce-f31e-40f1-898e-ed38755e0340,Helga_10 Root,Gauze_Dressing,skinCollider_BodyLOD (UnityEngine.GameObject),null,null,AppliedDressingGauze,
TAG_SELECTED,527066,8/2/2023 12:35:51 PM,98bad4ce-f31e-40f1-898e-ed38755e0340,green,
TAG_APPLIED,529309,8/2/2023 12:35:53 PM,98bad4ce-f31e-40f1-898e-ed38755e0340,Helga_10 Root,green,
TAG_SELECTED,530883,8/2/2023 12:35:54 PM,98bad4ce-f31e-40f1-898e-ed38755e0340,green,
VOICE_CAPTURE,530902,8/2/2023 12:35:54 PM,98bad4ce-f31e-40f1-898e-ed38755e0340,alright green tag for you,NA,
PATIENT_ENGAGED,534116,8/2/2023 12:35:58 PM,98bad4ce-f31e-40f1-898e-ed38755e0340,100,Infinity,Gloria_8 Root,"(3.1, 0.0, -4.9)","(0.0, 0.1, 0.0, -1.0)",MINIMAL,walker,normal,normal,normal,upset,sittingGround,
BAG_CLOSED,534437,8/2/2023 12:35:58 PM,98bad4ce-f31e-40f1-898e-ed38755e0340,"(4.1, 0.8, -3.6)",
VOICE_CAPTURE,535224,8/2/2023 12:35:59 PM,98bad4ce-f31e-40f1-898e-ed38755e0340,and the green tag for,NA,
TAG_APPLIED,535335,8/2/2023 12:35:59 PM,98bad4ce-f31e-40f1-898e-ed38755e0340,Gloria_8 Root,green,
VOICE_CAPTURE,536503,8/2/2023 12:36:00 PM,98bad4ce-f31e-40f1-898e-ed38755e0340,yo,NA,
TELEPORT,544221,8/2/2023 12:36:08 PM,98bad4ce-f31e-40f1-898e-ed38755e0340,"(3.5, 0.0, -5.6)",
SESSION_END,548974,8/2/2023 12:36:13 PM,98bad4ce-f31e-40f1-898e-ed38755e0340,
PATIENT_ENGAGED,556603,8/2/2023 12:36:20 PM,98bad4ce-f31e-40f1-898e-ed38755e0340,100,Infinity,Lily_2 Root,"(3.0, 0.0, 4.5)","(0.0, 1.0, 0.0, 0.0)",IMMEDIATE,waver,fast,fast,normal,agony,fetal,
