VOICE_CAPTURE,5174,7/26/2023 7:40:53 AM,15bb887b-b5ae-49a5-8a23-f2ac7808f11f,Black guy to start with,NA,
VOICE_CAPTURE,10336,7/26/2023 7:40:58 AM,15bb887b-b5ae-49a5-8a23-f2ac7808f11f,cause he walked to me with the squirty squirty,NA,
VOICE_COMMAND,10336,7/26/2023 7:40:58 AM,15bb887b-b5ae-49a5-8a23-f2ac7808f11f,walk to the safe area,cause he walked to me with the squirty squirty,
S_A_L_T_WALK_IF_CAN,10338,7/26/2023 7:40:58 AM,15bb887b-b5ae-49a5-8a23-f2ac7808f11f,"(3.1, 0.0, -1.0)",walkIfCan,Mike Root,
S_A_L_T_WALKED,10339,7/26/2023 7:40:58 AM,15bb887b-b5ae-49a5-8a23-f2ac7808f11f,"(3.1, 0.0, -1.0)",walked,Mike Root,
VOICE_CAPTURE,15532,7/26/2023 7:41:03 AM,15bb887b-b5ae-49a5-8a23-f2ac7808f11f,cause of the squirty squirty,NA,
VOICE_CAPTURE,18305,7/26/2023 7:41:06 AM,15bb887b-b5ae-49a5-8a23-f2ac7808f11f,shut up,NA,
VOICE_CAPTURE,20127,7/26/2023 7:41:08 AM,15bb887b-b5ae-49a5-8a23-f2ac7808f11f,it's tough to say,NA,
VOICE_CAPTURE,23384,7/26/2023 7:41:11 AM,15bb887b-b5ae-49a5-8a23-f2ac7808f11f,hmm,NA,
VOICE_CAPTURE,26762,7/26/2023 7:41:14 AM,15bb887b-b5ae-49a5-8a23-f2ac7808f11f,that's why,NA,
PATIENT_DEMOTED,31108,7/26/2023 7:41:19 AM,15bb887b-b5ae-49a5-8a23-f2ac7808f11f,100,Infinity,Bob_0 Root,"(-1.4, 0.0, 5.6)","(0.0, 0.7, 0.0, 0.7)",EXPECTANT,still,faint,restricted,none,unresponsive,supine,
PATIENT_DEMOTED,31301,7/26/2023 7:41:19 AM,15bb887b-b5ae-49a5-8a23-f2ac7808f11f,100,Infinity,Bob_0 Root,"(-1.5, 0.0, 5.6)","(0.0, 0.7, 0.0, 0.7)",DEAD,still,none,none,none,dead,supine,
PATIENT_DEMOTED,31434,7/26/2023 7:41:19 AM,15bb887b-b5ae-49a5-8a23-f2ac7808f11f,100,Infinity,Gary_1 Root,"(1.7, 0.0, 7.4)","(0.0, 1.0, 0.0, 0.0)",EXPECTANT,still,faint,restricted,none,unresponsive,supine,
PATIENT_DEMOTED,32153,7/26/2023 7:41:20 AM,15bb887b-b5ae-49a5-8a23-f2ac7808f11f,100,Infinity,Lily_2 Root,"(2.8, 0.0, 4.3)","(0.0, 1.0, 0.0, 0.0)",IMMEDIATE,waver,fast,fast,normal,agony,fetal,
PATIENT_DEMOTED,32829,7/26/2023 7:41:20 AM,15bb887b-b5ae-49a5-8a23-f2ac7808f11f,100,0,Gary_3 Root,"(0.3, 0.0, 1.6)","(0.0, 0.0, 0.0, 1.0)",IMMEDIATE,still,faint,collapsedRight,normal,unresponsive,supine,
PATIENT_DEMOTED,33412,7/26/2023 7:41:21 AM,15bb887b-b5ae-49a5-8a23-f2ac7808f11f,100,Infinity,Lily_4 Root,"(1.2, 0.0, 6.3)","(0.0, 1.0, 0.0, 0.0)",IMMEDIATE,waver,fast,normal,normal,upset,fetal,
PATIENT_DEMOTED,34260,7/26/2023 7:41:22 AM,15bb887b-b5ae-49a5-8a23-f2ac7808f11f,100,Infinity,Mike_5 Root,"(2.4, 0.0, 2.3)","(0.0, 1.0, 0.0, 0.0)",IMMEDIATE,waver,fast,normal,normal,upset,fetal,
PATIENT_DEMOTED,34798,7/26/2023 7:41:22 AM,15bb887b-b5ae-49a5-8a23-f2ac7808f11f,100,Infinity,Gloria_6 Root,"(-1.0, 0.0, 2.9)","(0.0, 0.4, 0.0, 0.9)",DELAYED,waver,fast,normal,normal,upset,fetal,
PATIENT_DEMOTED,35500,7/26/2023 7:41:23 AM,15bb887b-b5ae-49a5-8a23-f2ac7808f11f,100,Infinity,Mike_7 Root,"(1.7, 0.0, 3.9)","(0.0, 0.1, 0.0, 1.0)",IMMEDIATE,waver,fast,normal,normal,upset,sittingGround,
PATIENT_DEMOTED,35872,7/26/2023 7:41:23 AM,15bb887b-b5ae-49a5-8a23-f2ac7808f11f,100,Infinity,Mike_7 Root,"(1.0, 0.0, 3.7)","(0.0, 0.1, 0.0, 1.0)",DELAYED,waver,fast,normal,normal,upset,sittingGround,
VOICE_CAPTURE,42414,7/26/2023 7:41:30 AM,15bb887b-b5ae-49a5-8a23-f2ac7808f11f,the Ashley train station,NA,
VOICE_CAPTURE,43936,7/26/2023 7:41:31 AM,15bb887b-b5ae-49a5-8a23-f2ac7808f11f,yeah,NA,
VOICE_CAPTURE,46224,7/26/2023 7:41:34 AM,15bb887b-b5ae-49a5-8a23-f2ac7808f11f,it was just,NA,
VOICE_CAPTURE,47110,7/26/2023 7:41:35 AM,15bb887b-b5ae-49a5-8a23-f2ac7808f11f,OK,NA,
SESSION_START,54477,7/26/2023 7:41:42 AM,15bb887b-b5ae-49a5-8a23-f2ac7808f11f,
PATIENT_RECORD,54479,7/26/2023 7:41:42 AM,15bb887b-b5ae-49a5-8a23-f2ac7808f11f,100,Infinity,Bob_0 Root,"(-1.7, 0.0, 5.7)","(0.0, 0.7, 0.0, 0.7)",DEAD,still,none,none,none,dead,supine,
INJURY_RECORD,54479,7/26/2023 7:41:42 AM,15bb887b-b5ae-49a5-8a23-f2ac7808f11f,Face Shrapnel,Bob_0 Root,airway,high,head,False,False,"(-1.8, 1.7, 5.6)",
INJURY_RECORD,54479,7/26/2023 7:41:42 AM,15bb887b-b5ae-49a5-8a23-f2ac7808f11f,L Wrist Amputation,Bob_0 Root,tourniquet,high,leftArm,False,False,"(-1.8, 1.4, 6.3)",
INJURY_RECORD,54479,7/26/2023 7:41:42 AM,15bb887b-b5ae-49a5-8a23-f2ac7808f11f,L Chest Collapse,Bob_0 Root,decompress,high,chest,False,False,"(0.0, 0.0, 0.0)",
INJURY_RECORD,54479,7/26/2023 7:41:42 AM,15bb887b-b5ae-49a5-8a23-f2ac7808f11f,L Stomach Puncture,Bob_0 Root,woundpack,high,abdomen,False,False,"(-1.6, 1.1, 5.7)",
INJURY_RECORD,54479,7/26/2023 7:41:42 AM,15bb887b-b5ae-49a5-8a23-f2ac7808f11f,R Shin Amputation,Bob_0 Root,tourniquet,high,rightLeg,False,False,"(-1.7, 0.4, 5.6)",
INJURY_RECORD,54479,7/26/2023 7:41:42 AM,15bb887b-b5ae-49a5-8a23-f2ac7808f11f,L Thigh Laceration,Bob_0 Root,tourniquet,medium,leftLeg,False,False,"(-1.6, 0.7, 5.8)",
PATIENT_RECORD,54479,7/26/2023 7:41:42 AM,15bb887b-b5ae-49a5-8a23-f2ac7808f11f,100,Infinity,Gary_1 Root,"(1.6, 0.0, 7.6)","(0.0, 1.0, 0.0, 0.0)",EXPECTANT,still,none,restricted,none,unresponsive,supine,
INJURY_RECORD,54479,7/26/2023 7:41:42 AM,15bb887b-b5ae-49a5-8a23-f2ac7808f11f,Face Shrapnel,Gary_1 Root,airway,high,head,False,False,"(1.6, 1.7, 7.7)",
PATIENT_RECORD,54479,7/26/2023 7:41:42 AM,15bb887b-b5ae-49a5-8a23-f2ac7808f11f,100,Infinity,Lily_2 Root,"(3.0, 0.0, 4.5)","(0.0, 1.0, 0.0, 0.0)",IMMEDIATE,waver,fast,fast,normal,agony,fetal,
INJURY_RECORD,54479,7/26/2023 7:41:42 AM,15bb887b-b5ae-49a5-8a23-f2ac7808f11f,R Shin Amputation,Lily_2 Root,tourniquet,high,rightLeg,False,False,"(2.9, 0.4, 4.5)",
PATIENT_RECORD,54479,7/26/2023 7:41:42 AM,15bb887b-b5ae-49a5-8a23-f2ac7808f11f,100,0,Gary_3 Root,"(0.4, 0.0, 1.7)","(0.0, 0.0, 0.0, 1.0)",IMMEDIATE,still,faint,collapsedRight,normal,unresponsive,supine,
INJURY_RECORD,54479,7/26/2023 7:41:42 AM,15bb887b-b5ae-49a5-8a23-f2ac7808f11f,R Chest Collapse,Gary_3 Root,decompress,high,chest,False,False,"(0.0, 0.0, 0.0)",
PATIENT_RECORD,54479,7/26/2023 7:41:42 AM,15bb887b-b5ae-49a5-8a23-f2ac7808f11f,100,Infinity,Lily_4 Root,"(1.2, 0.0, 6.2)","(0.0, 1.0, 0.0, 0.0)",IMMEDIATE,waver,fast,normal,normal,upset,fetal,
INJURY_RECORD,54479,7/26/2023 7:41:42 AM,15bb887b-b5ae-49a5-8a23-f2ac7808f11f,L Side Puncture,Lily_4 Root,woundpack,medium,abdomen,False,False,"(1.3, 1.0, 6.2)",
PATIENT_RECORD,54479,7/26/2023 7:41:42 AM,15bb887b-b5ae-49a5-8a23-f2ac7808f11f,100,Infinity,Mike_5 Root,"(2.7, 0.0, 2.3)","(0.0, 1.0, 0.0, 0.0)",IMMEDIATE,waver,fast,normal,normal,upset,fetal,
INJURY_RECORD,54479,7/26/2023 7:41:42 AM,15bb887b-b5ae-49a5-8a23-f2ac7808f11f,R Side Puncture,Mike_5 Root,woundpack,medium,abdomen,False,False,"(2.6, 1.1, 2.2)",
INJURY_RECORD,54479,7/26/2023 7:41:42 AM,15bb887b-b5ae-49a5-8a23-f2ac7808f11f,R Thigh Laceration,Mike_5 Root,tourniquet,medium,rightLeg,False,False,"(2.5, 0.6, 2.2)",
PATIENT_RECORD,54479,7/26/2023 7:41:42 AM,15bb887b-b5ae-49a5-8a23-f2ac7808f11f,100,Infinity,Gloria_6 Root,"(-1.2, 0.0, 3.1)","(0.0, 0.4, 0.0, 0.9)",DELAYED,waver,fast,normal,normal,upset,fetal,
INJURY_RECORD,54479,7/26/2023 7:41:42 AM,15bb887b-b5ae-49a5-8a23-f2ac7808f11f,R Calf Shrapnel,Gloria_6 Root,gauzePressure,medium,rightLeg,False,False,"(-1.1, 0.3, 3.0)",
PATIENT_RECORD,54479,7/26/2023 7:41:42 AM,15bb887b-b5ae-49a5-8a23-f2ac7808f11f,100,Infinity,Mike_7 Root,"(1.3, 0.0, 3.4)","(0.0, 0.1, 0.0, 1.0)",DELAYED,waver,fast,normal,normal,upset,sittingGround,
INJURY_RECORD,54479,7/26/2023 7:41:42 AM,15bb887b-b5ae-49a5-8a23-f2ac7808f11f,L Thigh Puncture,Mike_7 Root,tourniquet,medium,leftLeg,False,False,"(1.3, 0.6, 3.5)",
INJURY_RECORD,54479,7/26/2023 7:41:42 AM,15bb887b-b5ae-49a5-8a23-f2ac7808f11f,R Calf Laceration,Mike_7 Root,gauzePressure,low,rightLeg,False,False,"(1.4, 0.3, 3.4)",
PATIENT_RECORD,54479,7/26/2023 7:41:42 AM,15bb887b-b5ae-49a5-8a23-f2ac7808f11f,100,Infinity,Gloria_8 Root,"(3.7, 0.0, 6.0)","(0.0, 1.0, 0.0, 0.0)",MINIMAL,walker,normal,normal,normal,upset,sittingGround,
INJURY_RECORD,54479,7/26/2023 7:41:42 AM,15bb887b-b5ae-49a5-8a23-f2ac7808f11f,L Forearm Laceration,Gloria_8 Root,gauzePressure,low,leftArm,False,False,"(4.2, 1.2, 6.0)",
PATIENT_RECORD,54479,7/26/2023 7:41:42 AM,15bb887b-b5ae-49a5-8a23-f2ac7808f11f,100,0,Gary_9 Root,"(2.9, 0.0, 9.0)","(0.0, 1.0, 0.0, 0.0)",MINIMAL,walker,normal,normal,limited,calm,standing,
INJURY_RECORD,54479,7/26/2023 7:41:42 AM,15bb887b-b5ae-49a5-8a23-f2ac7808f11f,Ear Bleed,Gary_9 Root,none,low,head,False,False,"(0.0, 0.0, 0.0)",
PATIENT_RECORD,54479,7/26/2023 7:41:42 AM,15bb887b-b5ae-49a5-8a23-f2ac7808f11f,100,Infinity,Helga_10 Root,"(3.9, 0.0, 8.0)","(0.0, 1.0, 0.0, 0.0)",MINIMAL,walker,normal,normal,normal,calm,sittingGround,
INJURY_RECORD,54479,7/26/2023 7:41:42 AM,15bb887b-b5ae-49a5-8a23-f2ac7808f11f,Forehead Scrape,Helga_10 Root,none,low,head,False,False,"(4.0, 1.6, 8.0)",
VOICE_CAPTURE,54544,7/26/2023 7:41:42 AM,15bb887b-b5ae-49a5-8a23-f2ac7808f11f,ha ha,NA,
VOICE_CAPTURE,62683,7/26/2023 7:41:50 AM,15bb887b-b5ae-49a5-8a23-f2ac7808f11f,OK it's everybody that way if anyone can hear me come here please,NA,
VOICE_CAPTURE,66146,7/26/2023 7:41:54 AM,15bb887b-b5ae-49a5-8a23-f2ac7808f11f,walk,NA,
VOICE_COMMAND,66146,7/26/2023 7:41:54 AM,15bb887b-b5ae-49a5-8a23-f2ac7808f11f,walk to the safe area,walk,
S_A_L_T_WALK_IF_CAN,66161,7/26/2023 7:41:54 AM,15bb887b-b5ae-49a5-8a23-f2ac7808f11f,"(3.0, 0.0, 4.5)",walkIfCan,Lily_2 Root,
S_A_L_T_WALK_IF_CAN,66161,7/26/2023 7:41:54 AM,15bb887b-b5ae-49a5-8a23-f2ac7808f11f,"(1.2, 0.0, 6.2)",walkIfCan,Lily_4 Root,
S_A_L_T_WALK_IF_CAN,66161,7/26/2023 7:41:54 AM,15bb887b-b5ae-49a5-8a23-f2ac7808f11f,"(2.7, 0.0, 2.3)",walkIfCan,Mike_5 Root,
S_A_L_T_WALK_IF_CAN,66161,7/26/2023 7:41:54 AM,15bb887b-b5ae-49a5-8a23-f2ac7808f11f,"(-1.2, 0.0, 3.1)",walkIfCan,Gloria_6 Root,
S_A_L_T_WALK_IF_CAN,66161,7/26/2023 7:41:54 AM,15bb887b-b5ae-49a5-8a23-f2ac7808f11f,"(1.3, 0.0, 3.4)",walkIfCan,Mike_7 Root,
S_A_L_T_WALK_IF_CAN,66161,7/26/2023 7:41:54 AM,15bb887b-b5ae-49a5-8a23-f2ac7808f11f,"(3.7, 0.0, 6.0)",walkIfCan,Gloria_8 Root,
S_A_L_T_WALKED,66161,7/26/2023 7:41:54 AM,15bb887b-b5ae-49a5-8a23-f2ac7808f11f,"(3.7, 0.0, 6.0)",walked,Gloria_8 Root,
S_A_L_T_WALK_IF_CAN,66161,7/26/2023 7:41:54 AM,15bb887b-b5ae-49a5-8a23-f2ac7808f11f,"(3.9, 0.0, 8.0)",walkIfCan,Helga_10 Root,
S_A_L_T_WALKED,66161,7/26/2023 7:41:54 AM,15bb887b-b5ae-49a5-8a23-f2ac7808f11f,"(3.9, 0.0, 8.0)",walked,Helga_10 Root,
VOICE_CAPTURE,67362,7/26/2023 7:41:55 AM,15bb887b-b5ae-49a5-8a23-f2ac7808f11f,is that a now do I need to speak up louder,NA,
VOICE_CAPTURE,72079,7/26/2023 7:42:00 AM,15bb887b-b5ae-49a5-8a23-f2ac7808f11f,oh come here he is zombies,NA,
VOICE_CAPTURE,76172,7/26/2023 7:42:04 AM,15bb887b-b5ae-49a5-8a23-f2ac7808f11f,come to me,NA,
VOICE_CAPTURE,81023,7/26/2023 7:42:08 AM,15bb887b-b5ae-49a5-8a23-f2ac7808f11f,come on why are they just looking at me like that,NA,
VOICE_CAPTURE,83414,7/26/2023 7:42:11 AM,15bb887b-b5ae-49a5-8a23-f2ac7808f11f,why you looking at me like that bro,NA,
VOICE_CAPTURE,85718,7/26/2023 7:42:13 AM,15bb887b-b5ae-49a5-8a23-f2ac7808f11f,oh come here you little ******,NA,
TELEPORT,87474,7/26/2023 7:42:15 AM,15bb887b-b5ae-49a5-8a23-f2ac7808f11f,"(1.1, 0.0, -2.4)",
PATIENT_ENGAGED,89045,7/26/2023 7:42:16 AM,15bb887b-b5ae-49a5-8a23-f2ac7808f11f,100,Infinity,Gloria_8 Root,"(2.8, 0.0, -3.7)","(0.0, 0.6, 0.0, 0.8)",MINIMAL,walker,normal,normal,normal,upset,sittingGround,
VOICE_CAPTURE,94106,7/26/2023 7:42:22 AM,15bb887b-b5ae-49a5-8a23-f2ac7808f11f,are you not start how do I there we go oh alright is this Purdy,NA,
BAG_ACCESS,94992,7/26/2023 7:42:22 AM,15bb887b-b5ae-49a5-8a23-f2ac7808f11f,"(2.6, 0.5, -3.7)",
VOICE_CAPTURE,95458,7/26/2023 7:42:23 AM,15bb887b-b5ae-49a5-8a23-f2ac7808f11f,yeah that's birdie birdie,NA,
TOOL_HOVER,95460,7/26/2023 7:42:23 AM,15bb887b-b5ae-49a5-8a23-f2ac7808f11f,Tourniquet,999,
TOOL_HOVER,95475,7/26/2023 7:42:23 AM,15bb887b-b5ae-49a5-8a23-f2ac7808f11f,Tourniquet,999,
TOOL_HOVER,95493,7/26/2023 7:42:23 AM,15bb887b-b5ae-49a5-8a23-f2ac7808f11f,Tourniquet,999,
TOOL_HOVER,95510,7/26/2023 7:42:23 AM,15bb887b-b5ae-49a5-8a23-f2ac7808f11f,Tourniquet,999,
TOOL_HOVER,95526,7/26/2023 7:42:23 AM,15bb887b-b5ae-49a5-8a23-f2ac7808f11f,Tourniquet,999,
TOOL_HOVER,95542,7/26/2023 7:42:23 AM,15bb887b-b5ae-49a5-8a23-f2ac7808f11f,Tourniquet,999,
TOOL_HOVER,95559,7/26/2023 7:42:23 AM,15bb887b-b5ae-49a5-8a23-f2ac7808f11f,Tourniquet,999,
TOOL_SELECTED,95563,7/26/2023 7:42:23 AM,15bb887b-b5ae-49a5-8a23-f2ac7808f11f,Tourniquet,998,
INJURY_TREATED,96898,7/26/2023 7:42:24 AM,15bb887b-b5ae-49a5-8a23-f2ac7808f11f,L Forearm Laceration,Gloria_8 Root,gauzePressure,low,leftArm,False,True,"(2.7, 0.4, -3.7)",
TOOL_APPLIED,96899,7/26/2023 7:42:24 AM,15bb887b-b5ae-49a5-8a23-f2ac7808f11f,Gloria_8 Root,Tourniquet,LeftArm (UnityEngine.GameObject),tor_ring (1) (UnityEngine.GameObject),tourniquet(Clone) (UnityEngine.GameObject),AppliedTourniquet,
VOICE_CAPTURE,100804,7/26/2023 7:42:28 AM,15bb887b-b5ae-49a5-8a23-f2ac7808f11f,let's do that here's a tourniquet for you let me see your leg,NA,
VOICE_COMMAND,100804,7/26/2023 7:42:28 AM,15bb887b-b5ae-49a5-8a23-f2ac7808f11f,reveal injury,let's do that here's a tourniquet for you let me see your leg,
VOICE_CAPTURE,103027,7/26/2023 7:42:30 AM,15bb887b-b5ae-49a5-8a23-f2ac7808f11f,can I see your leg,NA,
VOICE_CAPTURE,106435,7/26/2023 7:42:34 AM,15bb887b-b5ae-49a5-8a23-f2ac7808f11f,can I expose that,NA,
VOICE_CAPTURE,108991,7/26/2023 7:42:36 AM,15bb887b-b5ae-49a5-8a23-f2ac7808f11f,OK,NA,
TOOL_HOVER,111465,7/26/2023 7:42:39 AM,15bb887b-b5ae-49a5-8a23-f2ac7808f11f,Tourniquet,998,
TOOL_HOVER,111481,7/26/2023 7:42:39 AM,15bb887b-b5ae-49a5-8a23-f2ac7808f11f,Tourniquet,998,
TOOL_HOVER,111498,7/26/2023 7:42:39 AM,15bb887b-b5ae-49a5-8a23-f2ac7808f11f,Tourniquet,998,
TOOL_HOVER,111515,7/26/2023 7:42:39 AM,15bb887b-b5ae-49a5-8a23-f2ac7808f11f,Tourniquet,998,
TOOL_HOVER,111531,7/26/2023 7:42:39 AM,15bb887b-b5ae-49a5-8a23-f2ac7808f11f,Tourniquet,998,
TOOL_HOVER,111548,7/26/2023 7:42:39 AM,15bb887b-b5ae-49a5-8a23-f2ac7808f11f,Tourniquet,998,
TOOL_HOVER,111564,7/26/2023 7:42:39 AM,15bb887b-b5ae-49a5-8a23-f2ac7808f11f,Tourniquet,998,
TOOL_HOVER,111581,7/26/2023 7:42:39 AM,15bb887b-b5ae-49a5-8a23-f2ac7808f11f,Tourniquet,998,
TOOL_HOVER,111599,7/26/2023 7:42:39 AM,15bb887b-b5ae-49a5-8a23-f2ac7808f11f,Tourniquet,998,
TOOL_HOVER,111614,7/26/2023 7:42:39 AM,15bb887b-b5ae-49a5-8a23-f2ac7808f11f,Tourniquet,998,
TOOL_HOVER,111632,7/26/2023 7:42:39 AM,15bb887b-b5ae-49a5-8a23-f2ac7808f11f,Tourniquet,998,
TOOL_HOVER,111648,7/26/2023 7:42:39 AM,15bb887b-b5ae-49a5-8a23-f2ac7808f11f,Tourniquet,998,
TOOL_HOVER,111665,7/26/2023 7:42:39 AM,15bb887b-b5ae-49a5-8a23-f2ac7808f11f,Tourniquet,998,
TOOL_HOVER,111681,7/26/2023 7:42:39 AM,15bb887b-b5ae-49a5-8a23-f2ac7808f11f,Tourniquet,998,
TOOL_HOVER,111698,7/26/2023 7:42:39 AM,15bb887b-b5ae-49a5-8a23-f2ac7808f11f,Tourniquet,998,
TOOL_HOVER,111715,7/26/2023 7:42:39 AM,15bb887b-b5ae-49a5-8a23-f2ac7808f11f,Tourniquet,998,
TOOL_HOVER,111731,7/26/2023 7:42:39 AM,15bb887b-b5ae-49a5-8a23-f2ac7808f11f,Tourniquet,998,
TOOL_HOVER,111749,7/26/2023 7:42:39 AM,15bb887b-b5ae-49a5-8a23-f2ac7808f11f,Tourniquet,998,
TOOL_HOVER,111764,7/26/2023 7:42:39 AM,15bb887b-b5ae-49a5-8a23-f2ac7808f11f,Tourniquet,998,
TOOL_SELECTED,111766,7/26/2023 7:42:39 AM,15bb887b-b5ae-49a5-8a23-f2ac7808f11f,Tourniquet,997,
INJURY_TREATED,113252,7/26/2023 7:42:41 AM,15bb887b-b5ae-49a5-8a23-f2ac7808f11f,L Forearm Laceration,Gloria_8 Root,gauzePressure,low,leftArm,False,True,"(2.6, 0.4, -3.6)",
TOOL_APPLIED,113254,7/26/2023 7:42:41 AM,15bb887b-b5ae-49a5-8a23-f2ac7808f11f,Gloria_8 Root,Tourniquet,LeftArm (UnityEngine.GameObject),tor_ring (1) (UnityEngine.GameObject),tourniquet(Clone) (UnityEngine.GameObject),AppliedTourniquet,
VOICE_CAPTURE,115123,7/26/2023 7:42:43 AM,15bb887b-b5ae-49a5-8a23-f2ac7808f11f,did it not like it,NA,
TOOL_HOVER,117262,7/26/2023 7:42:45 AM,15bb887b-b5ae-49a5-8a23-f2ac7808f11f,Gauze,999,
TOOL_HOVER,117279,7/26/2023 7:42:45 AM,15bb887b-b5ae-49a5-8a23-f2ac7808f11f,Gauze,999,
TOOL_HOVER,117295,7/26/2023 7:42:45 AM,15bb887b-b5ae-49a5-8a23-f2ac7808f11f,Gauze,999,
TOOL_HOVER,117312,7/26/2023 7:42:45 AM,15bb887b-b5ae-49a5-8a23-f2ac7808f11f,Gauze,999,
TOOL_HOVER,117328,7/26/2023 7:42:45 AM,15bb887b-b5ae-49a5-8a23-f2ac7808f11f,Gauze,999,
TOOL_HOVER,117345,7/26/2023 7:42:45 AM,15bb887b-b5ae-49a5-8a23-f2ac7808f11f,Gauze,999,
TOOL_HOVER,117362,7/26/2023 7:42:45 AM,15bb887b-b5ae-49a5-8a23-f2ac7808f11f,Gauze,999,
TOOL_HOVER,117379,7/26/2023 7:42:45 AM,15bb887b-b5ae-49a5-8a23-f2ac7808f11f,Gauze,999,
TOOL_SELECTED,117381,7/26/2023 7:42:45 AM,15bb887b-b5ae-49a5-8a23-f2ac7808f11f,Gauze,998,
TOOL_DISCARDED,118215,7/26/2023 7:42:46 AM,15bb887b-b5ae-49a5-8a23-f2ac7808f11f,Gauze,998,"(2.6, 0.4, -3.6)",
INJURY_TREATED,118217,7/26/2023 7:42:46 AM,15bb887b-b5ae-49a5-8a23-f2ac7808f11f,L Forearm Laceration,Gloria_8 Root,gauzePressure,low,leftArm,True,True,"(2.6, 0.4, -3.6)",
TOOL_APPLIED,118218,7/26/2023 7:42:46 AM,15bb887b-b5ae-49a5-8a23-f2ac7808f11f,Gloria_8 Root,Gauze_Dressing,skinCollider_Body_LOD (UnityEngine.GameObject),null,null,AppliedDressingGauze,
VOICE_CAPTURE,121804,7/26/2023 7:42:49 AM,15bb887b-b5ae-49a5-8a23-f2ac7808f11f,or OK well fine suck it we'll do that give me my turn to get back,NA,
VOICE_CAPTURE,128588,7/26/2023 7:42:56 AM,15bb887b-b5ae-49a5-8a23-f2ac7808f11f,OK cool alright well you have a great day,NA,
TAG_SELECTED,128707,7/26/2023 7:42:56 AM,15bb887b-b5ae-49a5-8a23-f2ac7808f11f,green,
TAG_DISCARDED,131748,7/26/2023 7:42:59 AM,15bb887b-b5ae-49a5-8a23-f2ac7808f11f,green,"(2.7, 0.9, -3.8)",
TAG_SELECTED,132365,7/26/2023 7:43:00 AM,15bb887b-b5ae-49a5-8a23-f2ac7808f11f,yellow,
VOICE_CAPTURE,133533,7/26/2023 7:43:01 AM,15bb887b-b5ae-49a5-8a23-f2ac7808f11f,do I agree now,NA,
TAG_APPLIED,133952,7/26/2023 7:43:01 AM,15bb887b-b5ae-49a5-8a23-f2ac7808f11f,Gloria_8 Root,yellow,
VOICE_CAPTURE,137244,7/26/2023 7:43:05 AM,15bb887b-b5ae-49a5-8a23-f2ac7808f11f,or delay you there you go on your broken wrist,NA,
BAG_CLOSED,137978,7/26/2023 7:43:05 AM,15bb887b-b5ae-49a5-8a23-f2ac7808f11f,"(2.6, 0.5, -3.7)",
TELEPORT,137978,7/26/2023 7:43:05 AM,15bb887b-b5ae-49a5-8a23-f2ac7808f11f,"(2.8, 0.0, -3.1)",
TELEPORT,139717,7/26/2023 7:43:07 AM,15bb887b-b5ae-49a5-8a23-f2ac7808f11f,"(4.6, 0.0, -2.8)",
TELEPORT,140636,7/26/2023 7:43:08 AM,15bb887b-b5ae-49a5-8a23-f2ac7808f11f,"(4.3, 0.0, -2.9)",
VOICE_CAPTURE,140935,7/26/2023 7:43:08 AM,15bb887b-b5ae-49a5-8a23-f2ac7808f11f,oh oh oh,NA,
PATIENT_ENGAGED,141654,7/26/2023 7:43:09 AM,15bb887b-b5ae-49a5-8a23-f2ac7808f11f,100,Infinity,Helga_10 Root,"(4.3, 0.0, -1.1)","(0.0, 1.0, 0.0, -0.1)",MINIMAL,walker,normal,normal,normal,calm,sittingGround,
VOICE_CAPTURE,144534,7/26/2023 7:43:12 AM,15bb887b-b5ae-49a5-8a23-f2ac7808f11f,are you hurt,NA,
VOICE_COMMAND,144534,7/26/2023 7:43:12 AM,15bb887b-b5ae-49a5-8a23-f2ac7808f11f,are you hurt,are you hurt,
VOICE_CAPTURE,144599,7/26/2023 7:43:12 AM,15bb887b-b5ae-49a5-8a23-f2ac7808f11f,are you hurt anywhere,NA,
VOICE_COMMAND,144599,7/26/2023 7:43:12 AM,15bb887b-b5ae-49a5-8a23-f2ac7808f11f,are you hurt,are you hurt anywhere,
VOICE_CAPTURE,147220,7/26/2023 7:43:15 AM,15bb887b-b5ae-49a5-8a23-f2ac7808f11f,are you hurt,NA,
VOICE_COMMAND,147220,7/26/2023 7:43:15 AM,15bb887b-b5ae-49a5-8a23-f2ac7808f11f,are you hurt,are you hurt,
BAG_ACCESS,147692,7/26/2023 7:43:15 AM,15bb887b-b5ae-49a5-8a23-f2ac7808f11f,"(4.3, 0.7, -1.5)",
VOICE_CAPTURE,148443,7/26/2023 7:43:16 AM,15bb887b-b5ae-49a5-8a23-f2ac7808f11f,what she say,NA,
VOICE_CAPTURE,151335,7/26/2023 7:43:19 AM,15bb887b-b5ae-49a5-8a23-f2ac7808f11f,are you hurt,NA,
VOICE_COMMAND,151335,7/26/2023 7:43:19 AM,15bb887b-b5ae-49a5-8a23-f2ac7808f11f,are you hurt,are you hurt,
VOICE_CAPTURE,152721,7/26/2023 7:43:20 AM,15bb887b-b5ae-49a5-8a23-f2ac7808f11f,are you heard anywhere,NA,
TAG_SELECTED,154143,7/26/2023 7:43:22 AM,15bb887b-b5ae-49a5-8a23-f2ac7808f11f,green,
VOICE_CAPTURE,154545,7/26/2023 7:43:22 AM,15bb887b-b5ae-49a5-8a23-f2ac7808f11f,modbutton no,NA,
VOICE_COMMAND,154545,7/26/2023 7:43:22 AM,15bb887b-b5ae-49a5-8a23-f2ac7808f11f,modbutton no,modbutton no,
VOICE_CAPTURE,155594,7/26/2023 7:43:23 AM,15bb887b-b5ae-49a5-8a23-f2ac7808f11f,modbutton im okay,NA,
VOICE_COMMAND,155594,7/26/2023 7:43:23 AM,15bb887b-b5ae-49a5-8a23-f2ac7808f11f,modbutton im okay,modbutton im okay,
TAG_APPLIED,155728,7/26/2023 7:43:23 AM,15bb887b-b5ae-49a5-8a23-f2ac7808f11f,Helga_10 Root,green,
VOICE_CAPTURE,155894,7/26/2023 7:43:23 AM,15bb887b-b5ae-49a5-8a23-f2ac7808f11f,OK cool,NA,
VOICE_CAPTURE,157449,7/26/2023 7:43:25 AM,15bb887b-b5ae-49a5-8a23-f2ac7808f11f,we'll just go with this for now,NA,
VOICE_CAPTURE,161257,7/26/2023 7:43:29 AM,15bb887b-b5ae-49a5-8a23-f2ac7808f11f,OK thank you can anybody wave to me,NA,
VOICE_COMMAND,161257,7/26/2023 7:43:29 AM,15bb887b-b5ae-49a5-8a23-f2ac7808f11f,wave if you can,OK thank you can anybody wave to me,
S_A_L_T_WAVE_IF_CAN,161259,7/26/2023 7:43:29 AM,15bb887b-b5ae-49a5-8a23-f2ac7808f11f,"(3.0, 0.0, 4.5)",waveIfCan,Lily_2 Root,
S_A_L_T_WAVED,161259,7/26/2023 7:43:29 AM,15bb887b-b5ae-49a5-8a23-f2ac7808f11f,"(3.0, 0.0, 4.5)",waved,Lily_2 Root,
S_A_L_T_WAVE_IF_CAN,161259,7/26/2023 7:43:29 AM,15bb887b-b5ae-49a5-8a23-f2ac7808f11f,"(1.2, 0.0, 6.2)",waveIfCan,Lily_4 Root,
S_A_L_T_WAVED,161259,7/26/2023 7:43:29 AM,15bb887b-b5ae-49a5-8a23-f2ac7808f11f,"(1.2, 0.0, 6.2)",waved,Lily_4 Root,
S_A_L_T_WAVE_IF_CAN,161260,7/26/2023 7:43:29 AM,15bb887b-b5ae-49a5-8a23-f2ac7808f11f,"(2.7, 0.0, 2.3)",waveIfCan,Mike_5 Root,
S_A_L_T_WAVED,161260,7/26/2023 7:43:29 AM,15bb887b-b5ae-49a5-8a23-f2ac7808f11f,"(2.7, 0.0, 2.3)",waved,Mike_5 Root,
S_A_L_T_WAVE_IF_CAN,161260,7/26/2023 7:43:29 AM,15bb887b-b5ae-49a5-8a23-f2ac7808f11f,"(-1.2, 0.0, 3.1)",waveIfCan,Gloria_6 Root,
S_A_L_T_WAVED,161260,7/26/2023 7:43:29 AM,15bb887b-b5ae-49a5-8a23-f2ac7808f11f,"(-1.2, 0.0, 3.1)",waved,Gloria_6 Root,
S_A_L_T_WAVE_IF_CAN,161260,7/26/2023 7:43:29 AM,15bb887b-b5ae-49a5-8a23-f2ac7808f11f,"(1.3, 0.0, 3.4)",waveIfCan,Mike_7 Root,
S_A_L_T_WAVED,161260,7/26/2023 7:43:29 AM,15bb887b-b5ae-49a5-8a23-f2ac7808f11f,"(1.3, 0.0, 3.4)",waved,Mike_7 Root,
S_A_L_T_WAVE_IF_CAN,161260,7/26/2023 7:43:29 AM,15bb887b-b5ae-49a5-8a23-f2ac7808f11f,"(2.8, 0.0, -3.7)",waveIfCan,Gloria_8 Root,
S_A_L_T_WAVED,161260,7/26/2023 7:43:29 AM,15bb887b-b5ae-49a5-8a23-f2ac7808f11f,"(2.8, 0.0, -3.7)",waved,Gloria_8 Root,
S_A_L_T_WAVE_IF_CAN,161260,7/26/2023 7:43:29 AM,15bb887b-b5ae-49a5-8a23-f2ac7808f11f,"(4.3, 0.0, -1.1)",waveIfCan,Helga_10 Root,
S_A_L_T_WAVED,161260,7/26/2023 7:43:29 AM,15bb887b-b5ae-49a5-8a23-f2ac7808f11f,"(4.3, 0.0, -1.1)",waved,Helga_10 Root,
VOICE_CAPTURE,167707,7/26/2023 7:43:35 AM,15bb887b-b5ae-49a5-8a23-f2ac7808f11f,oh look at all you guys waving good job,NA,
BAG_CLOSED,167809,7/26/2023 7:43:35 AM,15bb887b-b5ae-49a5-8a23-f2ac7808f11f,"(4.3, 0.7, -1.5)",
TELEPORT,167809,7/26/2023 7:43:35 AM,15bb887b-b5ae-49a5-8a23-f2ac7808f11f,"(4.8, 0.0, -2.3)",
VOICE_CAPTURE,170211,7/26/2023 7:43:38 AM,15bb887b-b5ae-49a5-8a23-f2ac7808f11f,OK so let's go to,NA,
PATIENT_ENGAGED,171577,7/26/2023 7:43:39 AM,15bb887b-b5ae-49a5-8a23-f2ac7808f11f,100,0,Gary_3 Root,"(0.4, 0.0, 1.7)","(0.0, 0.0, 0.0, 1.0)",IMMEDIATE,still,faint,collapsedRight,normal,unresponsive,supine,
VOICE_CAPTURE,172292,7/26/2023 7:43:40 AM,15bb887b-b5ae-49a5-8a23-f2ac7808f11f,I'm good you first who,NA,
VOICE_CAPTURE,177547,7/26/2023 7:43:45 AM,15bb887b-b5ae-49a5-8a23-f2ac7808f11f,oh your sunglasses are in the way I'm in a wall,NA,
BAG_ACCESS,182426,7/26/2023 7:43:50 AM,15bb887b-b5ae-49a5-8a23-f2ac7808f11f,"(1.0, 0.5, 1.0)",
VOICE_CAPTURE,182709,7/26/2023 7:43:50 AM,15bb887b-b5ae-49a5-8a23-f2ac7808f11f,OK can you hear me you're breathing,NA,
VOICE_COMMAND,182709,7/26/2023 7:43:50 AM,15bb887b-b5ae-49a5-8a23-f2ac7808f11f,can you hear,OK can you hear me you're breathing,
TOOL_HOVER,183162,7/26/2023 7:43:51 AM,15bb887b-b5ae-49a5-8a23-f2ac7808f11f,Needle,999,
TOOL_HOVER,183178,7/26/2023 7:43:51 AM,15bb887b-b5ae-49a5-8a23-f2ac7808f11f,Needle,999,
TOOL_HOVER,183195,7/26/2023 7:43:51 AM,15bb887b-b5ae-49a5-8a23-f2ac7808f11f,Needle,999,
TOOL_HOVER,183211,7/26/2023 7:43:51 AM,15bb887b-b5ae-49a5-8a23-f2ac7808f11f,Needle,999,
TOOL_HOVER,183229,7/26/2023 7:43:51 AM,15bb887b-b5ae-49a5-8a23-f2ac7808f11f,Needle,999,
TOOL_HOVER,183245,7/26/2023 7:43:51 AM,15bb887b-b5ae-49a5-8a23-f2ac7808f11f,Needle,999,
TOOL_HOVER,183262,7/26/2023 7:43:51 AM,15bb887b-b5ae-49a5-8a23-f2ac7808f11f,Needle,999,
TOOL_SELECTED,183263,7/26/2023 7:43:51 AM,15bb887b-b5ae-49a5-8a23-f2ac7808f11f,Needle,998,
INJURY_TREATED,185604,7/26/2023 7:43:53 AM,15bb887b-b5ae-49a5-8a23-f2ac7808f11f,R Chest Collapse,Gary_3 Root,decompress,high,chest,True,False,"(0.0, 0.0, 0.0)",
TOOL_APPLIED,185604,7/26/2023 7:43:53 AM,15bb887b-b5ae-49a5-8a23-f2ac7808f11f,Needle_Decomp(Clone),Needle,RChest_Breathe1 (UnityEngine.GameObject),cath_needle (UnityEngine.GameObject),right_chest,Needle_Decomp(Clone) (UnityEngine.GameObject),AppliedDecompNeedle,
PULSE_TAKEN,185649,7/26/2023 7:43:53 AM,15bb887b-b5ae-49a5-8a23-f2ac7808f11f,pulse_faint,Gary_3 Root,
VOICE_CAPTURE,186805,7/26/2023 7:43:54 AM,15bb887b-b5ae-49a5-8a23-f2ac7808f11f,not the greatest let's do that little feller,NA,
TAG_SELECTED,188408,7/26/2023 7:43:56 AM,15bb887b-b5ae-49a5-8a23-f2ac7808f11f,red,
TAG_DISCARDED,189666,7/26/2023 7:43:57 AM,15bb887b-b5ae-49a5-8a23-f2ac7808f11f,red,"(0.8, 0.2, 1.0)",
TAG_SELECTED,191735,7/26/2023 7:43:59 AM,15bb887b-b5ae-49a5-8a23-f2ac7808f11f,red,
VOICE_CAPTURE,192602,7/26/2023 7:44:00 AM,15bb887b-b5ae-49a5-8a23-f2ac7808f11f,boom did I see any bleeding no OK there you go OK,NA,
TAG_APPLIED,193203,7/26/2023 7:44:01 AM,15bb887b-b5ae-49a5-8a23-f2ac7808f11f,Gary_3 Root,red,
BAG_CLOSED,201104,7/26/2023 7:44:09 AM,15bb887b-b5ae-49a5-8a23-f2ac7808f11f,"(1.0, 0.5, 1.0)",
TELEPORT,201104,7/26/2023 7:44:09 AM,15bb887b-b5ae-49a5-8a23-f2ac7808f11f,"(1.8, 0.0, 0.4)",
VOICE_CAPTURE,201436,7/26/2023 7:44:09 AM,15bb887b-b5ae-49a5-8a23-f2ac7808f11f,OK that one doesn't look too great,NA,
TELEPORT,203226,7/26/2023 7:44:11 AM,15bb887b-b5ae-49a5-8a23-f2ac7808f11f,"(1.3, 0.0, 0.5)",
VOICE_CAPTURE,204012,7/26/2023 7:44:11 AM,15bb887b-b5ae-49a5-8a23-f2ac7808f11f,what what do you say to me,NA,
PATIENT_ENGAGED,204763,7/26/2023 7:44:12 AM,15bb887b-b5ae-49a5-8a23-f2ac7808f11f,100,Infinity,Mike_5 Root,"(2.7, 0.0, 2.3)","(0.0, 1.0, 0.0, 0.0)",IMMEDIATE,waver,fast,normal,normal,upset,fetal,
BAG_ACCESS,206582,7/26/2023 7:44:14 AM,15bb887b-b5ae-49a5-8a23-f2ac7808f11f,"(2.7, 0.7, 1.8)",
TOOL_HOVER,207069,7/26/2023 7:44:15 AM,15bb887b-b5ae-49a5-8a23-f2ac7808f11f,Tourniquet,997,
TOOL_HOVER,207086,7/26/2023 7:44:15 AM,15bb887b-b5ae-49a5-8a23-f2ac7808f11f,Tourniquet,997,
TOOL_HOVER,207103,7/26/2023 7:44:15 AM,15bb887b-b5ae-49a5-8a23-f2ac7808f11f,Tourniquet,997,
TOOL_HOVER,207120,7/26/2023 7:44:15 AM,15bb887b-b5ae-49a5-8a23-f2ac7808f11f,Tourniquet,997,
TOOL_HOVER,207135,7/26/2023 7:44:15 AM,15bb887b-b5ae-49a5-8a23-f2ac7808f11f,Tourniquet,997,
TOOL_SELECTED,207138,7/26/2023 7:44:15 AM,15bb887b-b5ae-49a5-8a23-f2ac7808f11f,Tourniquet,996,
VOICE_CAPTURE,207358,7/26/2023 7:44:15 AM,15bb887b-b5ae-49a5-8a23-f2ac7808f11f,alright,NA,
INJURY_TREATED,208605,7/26/2023 7:44:16 AM,15bb887b-b5ae-49a5-8a23-f2ac7808f11f,R Thigh Laceration,Mike_5 Root,tourniquet,medium,rightLeg,True,False,"(3.0, 0.3, 2.2)",
TOOL_APPLIED,208605,7/26/2023 7:44:16 AM,15bb887b-b5ae-49a5-8a23-f2ac7808f11f,Mike_5 Root,Tourniquet,RightUpLeg (UnityEngine.GameObject),tor_ring (1) (UnityEngine.GameObject),tourniquet(Clone) (UnityEngine.GameObject),AppliedTourniquet,
VOICE_CAPTURE,213567,7/26/2023 7:44:21 AM,15bb887b-b5ae-49a5-8a23-f2ac7808f11f,lay on your back for me,NA,
VOICE_COMMAND,213567,7/26/2023 7:44:21 AM,15bb887b-b5ae-49a5-8a23-f2ac7808f11f,lay down,lay on your back for me,
VOICE_CAPTURE,217813,7/26/2023 7:44:25 AM,15bb887b-b5ae-49a5-8a23-f2ac7808f11f,oh oh aggressive,NA,
BAG_CLOSED,223033,7/26/2023 7:44:30 AM,15bb887b-b5ae-49a5-8a23-f2ac7808f11f,"(2.7, 0.7, 1.8)",
TELEPORT,223547,7/26/2023 7:44:31 AM,15bb887b-b5ae-49a5-8a23-f2ac7808f11f,"(2.2, 0.0, 1.2)",
BAG_ACCESS,226554,7/26/2023 7:44:34 AM,15bb887b-b5ae-49a5-8a23-f2ac7808f11f,"(2.3, 0.7, 2.0)",
TOOL_HOVER,228375,7/26/2023 7:44:36 AM,15bb887b-b5ae-49a5-8a23-f2ac7808f11f,Hemostatic Gauze,999,
TOOL_HOVER,228391,7/26/2023 7:44:36 AM,15bb887b-b5ae-49a5-8a23-f2ac7808f11f,Hemostatic Gauze,999,
TOOL_SELECTED,228392,7/26/2023 7:44:36 AM,15bb887b-b5ae-49a5-8a23-f2ac7808f11f,Hemostatic Gauze,998,
TOOL_DISCARDED,229874,7/26/2023 7:44:37 AM,15bb887b-b5ae-49a5-8a23-f2ac7808f11f,Hemostatic Gauze,998,"(2.3, 0.2, 2.5)",
INJURY_TREATED,229875,7/26/2023 7:44:37 AM,15bb887b-b5ae-49a5-8a23-f2ac7808f11f,R Side Puncture,Mike_5 Root,woundpack,medium,abdomen,True,False,"(2.3, 0.2, 2.5)",
TOOL_APPLIED,229875,7/26/2023 7:44:37 AM,15bb887b-b5ae-49a5-8a23-f2ac7808f11f,Mike_5 Root,Gauze_Pack,skinCollider_BodyCollideLOD (UnityEngine.GameObject),null,null,AppliedPackingGauze,
VOICE_CAPTURE,233250,7/26/2023 7:44:41 AM,15bb887b-b5ae-49a5-8a23-f2ac7808f11f,shove it in your hole,NA,
TAG_SELECTED,234419,7/26/2023 7:44:42 AM,15bb887b-b5ae-49a5-8a23-f2ac7808f11f,red,
TAG_APPLIED,235791,7/26/2023 7:44:43 AM,15bb887b-b5ae-49a5-8a23-f2ac7808f11f,Mike_5 Root,red,
BAG_CLOSED,237978,7/26/2023 7:44:45 AM,15bb887b-b5ae-49a5-8a23-f2ac7808f11f,"(2.3, 0.7, 2.0)",
TELEPORT,237978,7/26/2023 7:44:45 AM,15bb887b-b5ae-49a5-8a23-f2ac7808f11f,"(2.4, 0.0, 2.0)",
PATIENT_ENGAGED,239868,7/26/2023 7:44:47 AM,15bb887b-b5ae-49a5-8a23-f2ac7808f11f,100,Infinity,Mike_7 Root,"(1.3, 0.0, 3.4)","(0.0, 0.1, 0.0, 1.0)",DELAYED,waver,fast,normal,normal,upset,sittingGround,
BAG_ACCESS,241063,7/26/2023 7:44:49 AM,15bb887b-b5ae-49a5-8a23-f2ac7808f11f,"(1.3, 0.7, 3.0)",
TOOL_HOVER,241361,7/26/2023 7:44:49 AM,15bb887b-b5ae-49a5-8a23-f2ac7808f11f,Tourniquet,996,
TOOL_HOVER,241377,7/26/2023 7:44:49 AM,15bb887b-b5ae-49a5-8a23-f2ac7808f11f,Tourniquet,996,
TOOL_HOVER,241395,7/26/2023 7:44:49 AM,15bb887b-b5ae-49a5-8a23-f2ac7808f11f,Tourniquet,996,
TOOL_HOVER,241411,7/26/2023 7:44:49 AM,15bb887b-b5ae-49a5-8a23-f2ac7808f11f,Tourniquet,996,
TOOL_HOVER,241428,7/26/2023 7:44:49 AM,15bb887b-b5ae-49a5-8a23-f2ac7808f11f,Tourniquet,996,
TOOL_HOVER,241445,7/26/2023 7:44:49 AM,15bb887b-b5ae-49a5-8a23-f2ac7808f11f,Tourniquet,996,
TOOL_HOVER,241461,7/26/2023 7:44:49 AM,15bb887b-b5ae-49a5-8a23-f2ac7808f11f,Tourniquet,996,
TOOL_HOVER,241477,7/26/2023 7:44:49 AM,15bb887b-b5ae-49a5-8a23-f2ac7808f11f,Tourniquet,996,
TOOL_HOVER,241495,7/26/2023 7:44:49 AM,15bb887b-b5ae-49a5-8a23-f2ac7808f11f,Tourniquet,996,
TOOL_HOVER,241512,7/26/2023 7:44:49 AM,15bb887b-b5ae-49a5-8a23-f2ac7808f11f,Tourniquet,996,
TOOL_HOVER,241528,7/26/2023 7:44:49 AM,15bb887b-b5ae-49a5-8a23-f2ac7808f11f,Tourniquet,996,
TOOL_SELECTED,241529,7/26/2023 7:44:49 AM,15bb887b-b5ae-49a5-8a23-f2ac7808f11f,Tourniquet,995,
TOOL_DISCARDED,242796,7/26/2023 7:44:50 AM,15bb887b-b5ae-49a5-8a23-f2ac7808f11f,Tourniquet,995,"(0.9, 0.2, 3.4)",
VOICE_CAPTURE,246808,7/26/2023 7:44:54 AM,15bb887b-b5ae-49a5-8a23-f2ac7808f11f,Lay on your back,NA,
VOICE_CAPTURE,247656,7/26/2023 7:44:55 AM,15bb887b-b5ae-49a5-8a23-f2ac7808f11f,lay down,NA,
VOICE_COMMAND,247656,7/26/2023 7:44:55 AM,15bb887b-b5ae-49a5-8a23-f2ac7808f11f,lay down,lay down,
VOICE_CAPTURE,250060,7/26/2023 7:44:58 AM,15bb887b-b5ae-49a5-8a23-f2ac7808f11f,lay down,NA,
VOICE_COMMAND,250060,7/26/2023 7:44:58 AM,15bb887b-b5ae-49a5-8a23-f2ac7808f11f,lay down,lay down,
TOOL_HOVER,250559,7/26/2023 7:44:58 AM,15bb887b-b5ae-49a5-8a23-f2ac7808f11f,Tourniquet,996,
TOOL_HOVER,250576,7/26/2023 7:44:58 AM,15bb887b-b5ae-49a5-8a23-f2ac7808f11f,Tourniquet,996,
TOOL_HOVER,250594,7/26/2023 7:44:58 AM,15bb887b-b5ae-49a5-8a23-f2ac7808f11f,Tourniquet,996,
TOOL_HOVER,250611,7/26/2023 7:44:58 AM,15bb887b-b5ae-49a5-8a23-f2ac7808f11f,Tourniquet,996,
TOOL_HOVER,250629,7/26/2023 7:44:58 AM,15bb887b-b5ae-49a5-8a23-f2ac7808f11f,Tourniquet,996,
TOOL_HOVER,250646,7/26/2023 7:44:58 AM,15bb887b-b5ae-49a5-8a23-f2ac7808f11f,Tourniquet,996,
TOOL_SELECTED,250647,7/26/2023 7:44:58 AM,15bb887b-b5ae-49a5-8a23-f2ac7808f11f,Tourniquet,995,
INJURY_TREATED,251678,7/26/2023 7:44:59 AM,15bb887b-b5ae-49a5-8a23-f2ac7808f11f,L Thigh Puncture,Mike_7 Root,tourniquet,medium,leftLeg,True,False,"(1.3, 0.3, 3.4)",
TOOL_APPLIED,251678,7/26/2023 7:44:59 AM,15bb887b-b5ae-49a5-8a23-f2ac7808f11f,Mike_7 Root,Tourniquet,LeftUpLeg (UnityEngine.GameObject),tor_ring (1) (UnityEngine.GameObject),tourniquet(Clone) (UnityEngine.GameObject),AppliedTourniquet,
VOICE_CAPTURE,256479,7/26/2023 7:45:04 AM,15bb887b-b5ae-49a5-8a23-f2ac7808f11f,oh I'm standing on top of him,NA,
VOICE_COMMAND,256479,7/26/2023 7:45:04 AM,15bb887b-b5ae-49a5-8a23-f2ac7808f11f,stand up,oh I'm standing on top of him,
PATIENT_ENGAGED,257447,7/26/2023 7:45:05 AM,15bb887b-b5ae-49a5-8a23-f2ac7808f11f,100,Infinity,Lily_2 Root,"(2.3, 0.0, 4.3)","(0.0, 1.0, 0.0, 0.2)",IMMEDIATE,waver,fast,fast,normal,agony,standing,
VOICE_CAPTURE,257963,7/26/2023 7:45:05 AM,15bb887b-b5ae-49a5-8a23-f2ac7808f11f,I'm coming,NA,
PATIENT_ENGAGED,258547,7/26/2023 7:45:06 AM,15bb887b-b5ae-49a5-8a23-f2ac7808f11f,100,Infinity,Mike_7 Root,"(1.3, 0.0, 3.4)","(0.0, 0.1, 0.0, 1.0)",DELAYED,waver,fast,normal,normal,upset,supine,
VOICE_CAPTURE,261009,7/26/2023 7:45:08 AM,15bb887b-b5ae-49a5-8a23-f2ac7808f11f,OK,NA,
TAG_SELECTED,262628,7/26/2023 7:45:10 AM,15bb887b-b5ae-49a5-8a23-f2ac7808f11f,yellow,
BAG_CLOSED,263327,7/26/2023 7:45:11 AM,15bb887b-b5ae-49a5-8a23-f2ac7808f11f,"(1.3, 0.7, 3.0)",
TELEPORT,263327,7/26/2023 7:45:11 AM,15bb887b-b5ae-49a5-8a23-f2ac7808f11f,"(1.7, 0.0, 2.8)",
TAG_DISCARDED,263443,7/26/2023 7:45:11 AM,15bb887b-b5ae-49a5-8a23-f2ac7808f11f,yellow,"(1.3, 0.2, 2.8)",
VOICE_CAPTURE,264679,7/26/2023 7:45:12 AM,15bb887b-b5ae-49a5-8a23-f2ac7808f11f,I need to do that,NA,
BAG_ACCESS,264996,7/26/2023 7:45:12 AM,15bb887b-b5ae-49a5-8a23-f2ac7808f11f,"(1.3, 0.6, 3.0)",
TAG_SELECTED,265429,7/26/2023 7:45:13 AM,15bb887b-b5ae-49a5-8a23-f2ac7808f11f,yellow,
TAG_APPLIED,266230,7/26/2023 7:45:14 AM,15bb887b-b5ae-49a5-8a23-f2ac7808f11f,Mike_7 Root,yellow,
VOICE_CAPTURE,266697,7/26/2023 7:45:14 AM,15bb887b-b5ae-49a5-8a23-f2ac7808f11f,no no,NA,
BAG_CLOSED,267835,7/26/2023 7:45:15 AM,15bb887b-b5ae-49a5-8a23-f2ac7808f11f,"(1.3, 0.6, 3.0)",
TELEPORT,267835,7/26/2023 7:45:15 AM,15bb887b-b5ae-49a5-8a23-f2ac7808f11f,"(1.7, 0.0, 2.8)",
TELEPORT,269372,7/26/2023 7:45:17 AM,15bb887b-b5ae-49a5-8a23-f2ac7808f11f,"(1.6, 0.0, 2.8)",
PATIENT_ENGAGED,270424,7/26/2023 7:45:18 AM,15bb887b-b5ae-49a5-8a23-f2ac7808f11f,100,Infinity,Lily_2 Root,"(3.2, 0.0, 3.9)","(0.0, 0.8, 0.0, 0.6)",IMMEDIATE,waver,fast,fast,normal,agony,standing,
BAG_ACCESS,272146,7/26/2023 7:45:20 AM,15bb887b-b5ae-49a5-8a23-f2ac7808f11f,"(2.7, 0.7, 3.5)",
TOOL_HOVER,272568,7/26/2023 7:45:20 AM,15bb887b-b5ae-49a5-8a23-f2ac7808f11f,Tourniquet,995,
TOOL_HOVER,272588,7/26/2023 7:45:20 AM,15bb887b-b5ae-49a5-8a23-f2ac7808f11f,Tourniquet,995,
TOOL_HOVER,272605,7/26/2023 7:45:20 AM,15bb887b-b5ae-49a5-8a23-f2ac7808f11f,Tourniquet,995,
TOOL_HOVER,272621,7/26/2023 7:45:20 AM,15bb887b-b5ae-49a5-8a23-f2ac7808f11f,Tourniquet,995,
TOOL_SELECTED,272623,7/26/2023 7:45:20 AM,15bb887b-b5ae-49a5-8a23-f2ac7808f11f,Tourniquet,994,
INJURY_TREATED,273770,7/26/2023 7:45:21 AM,15bb887b-b5ae-49a5-8a23-f2ac7808f11f,R Shin Amputation,Lily_2 Root,tourniquet,high,rightLeg,True,False,"(3.2, 0.4, 3.8)",
TOOL_APPLIED,273770,7/26/2023 7:45:21 AM,15bb887b-b5ae-49a5-8a23-f2ac7808f11f,Lily_2 Root,Tourniquet,RightUpLeg (UnityEngine.GameObject),tor_ring (1) (UnityEngine.GameObject),tourniquet(Clone) (UnityEngine.GameObject),AppliedTourniquet,
VOICE_CAPTURE,275355,7/26/2023 7:45:23 AM,15bb887b-b5ae-49a5-8a23-f2ac7808f11f,that's an analogy,NA,
VOICE_CAPTURE,275989,7/26/2023 7:45:23 AM,15bb887b-b5ae-49a5-8a23-f2ac7808f11f,sit,NA,
VOICE_COMMAND,275989,7/26/2023 7:45:23 AM,15bb887b-b5ae-49a5-8a23-f2ac7808f11f,sit up/down,sit,
TAG_SELECTED,280532,7/26/2023 7:45:28 AM,15bb887b-b5ae-49a5-8a23-f2ac7808f11f,red,
TAG_APPLIED,282001,7/26/2023 7:45:29 AM,15bb887b-b5ae-49a5-8a23-f2ac7808f11f,Lily_2 Root,red,
VOICE_CAPTURE,282184,7/26/2023 7:45:30 AM,15bb887b-b5ae-49a5-8a23-f2ac7808f11f,there you go sit down good job you're missing something,NA,
VOICE_COMMAND,282184,7/26/2023 7:45:30 AM,15bb887b-b5ae-49a5-8a23-f2ac7808f11f,sit up/down,there you go sit down good job you're missing something,
BAG_CLOSED,283689,7/26/2023 7:45:31 AM,15bb887b-b5ae-49a5-8a23-f2ac7808f11f,"(2.7, 0.7, 3.5)",
TELEPORT,283689,7/26/2023 7:45:31 AM,15bb887b-b5ae-49a5-8a23-f2ac7808f11f,"(2.8, 0.0, 3.5)",
VOICE_CAPTURE,285193,7/26/2023 7:45:33 AM,15bb887b-b5ae-49a5-8a23-f2ac7808f11f,OK bye,NA,
TELEPORT,290037,7/26/2023 7:45:37 AM,15bb887b-b5ae-49a5-8a23-f2ac7808f11f,"(2.4, 0.0, 5.7)",
VOICE_CAPTURE,291073,7/26/2023 7:45:39 AM,15bb887b-b5ae-49a5-8a23-f2ac7808f11f,who are who's,NA,
VOICE_CAPTURE,294300,7/26/2023 7:45:42 AM,15bb887b-b5ae-49a5-8a23-f2ac7808f11f,OK who was just talking to me,NA,
TELEPORT,296775,7/26/2023 7:45:44 AM,15bb887b-b5ae-49a5-8a23-f2ac7808f11f,"(2.4, 0.0, 5.7)",
TELEPORT,298059,7/26/2023 7:45:46 AM,15bb887b-b5ae-49a5-8a23-f2ac7808f11f,"(2.4, 0.0, 5.7)",
PATIENT_ENGAGED,300870,7/26/2023 7:45:48 AM,15bb887b-b5ae-49a5-8a23-f2ac7808f11f,100,Infinity,Lily_4 Root,"(1.2, 0.0, 6.2)","(0.0, 1.0, 0.0, 0.0)",IMMEDIATE,waver,fast,normal,normal,upset,fetal,
BAG_ACCESS,302992,7/26/2023 7:45:50 AM,15bb887b-b5ae-49a5-8a23-f2ac7808f11f,"(1.0, 0.6, 6.4)",
TOOL_HOVER,303960,7/26/2023 7:45:51 AM,15bb887b-b5ae-49a5-8a23-f2ac7808f11f,Hemostatic Gauze,999,
TOOL_HOVER,303975,7/26/2023 7:45:51 AM,15bb887b-b5ae-49a5-8a23-f2ac7808f11f,Hemostatic Gauze,999,
TOOL_HOVER,303992,7/26/2023 7:45:51 AM,15bb887b-b5ae-49a5-8a23-f2ac7808f11f,Hemostatic Gauze,999,
TOOL_SELECTED,303994,7/26/2023 7:45:51 AM,15bb887b-b5ae-49a5-8a23-f2ac7808f11f,Hemostatic Gauze,998,
VOICE_CAPTURE,304516,7/26/2023 7:45:52 AM,15bb887b-b5ae-49a5-8a23-f2ac7808f11f,oh lay on your back for me,NA,
VOICE_COMMAND,304516,7/26/2023 7:45:52 AM,15bb887b-b5ae-49a5-8a23-f2ac7808f11f,lay down,oh lay on your back for me,
VOICE_CAPTURE,304715,7/26/2023 7:45:52 AM,15bb887b-b5ae-49a5-8a23-f2ac7808f11f,lay down,NA,
VOICE_COMMAND,304715,7/26/2023 7:45:52 AM,15bb887b-b5ae-49a5-8a23-f2ac7808f11f,lay down,lay down,
TOOL_DISCARDED,306385,7/26/2023 7:45:54 AM,15bb887b-b5ae-49a5-8a23-f2ac7808f11f,Hemostatic Gauze,998,"(1.0, 0.1, 6.5)",
INJURY_TREATED,306385,7/26/2023 7:45:54 AM,15bb887b-b5ae-49a5-8a23-f2ac7808f11f,L Side Puncture,Lily_4 Root,woundpack,medium,abdomen,True,False,"(1.0, 0.2, 6.5)",
TOOL_APPLIED,306385,7/26/2023 7:45:54 AM,15bb887b-b5ae-49a5-8a23-f2ac7808f11f,Lily_4 Root,Gauze_Pack,skinCollider_BodyLOD (UnityEngine.GameObject),null,null,AppliedPackingGauze,
VOICE_CAPTURE,309542,7/26/2023 7:45:57 AM,15bb887b-b5ae-49a5-8a23-f2ac7808f11f,Chevy Chevy,NA,
VOICE_CAPTURE,314086,7/26/2023 7:46:02 AM,15bb887b-b5ae-49a5-8a23-f2ac7808f11f,any difficulty breathing am I supposed to be talking to them more I assume,NA,
VOICE_CAPTURE,315174,7/26/2023 7:46:03 AM,15bb887b-b5ae-49a5-8a23-f2ac7808f11f,modbutton no,NA,
VOICE_COMMAND,315174,7/26/2023 7:46:03 AM,15bb887b-b5ae-49a5-8a23-f2ac7808f11f,modbutton no,modbutton no,
VOICE_CAPTURE,316208,7/26/2023 7:46:04 AM,15bb887b-b5ae-49a5-8a23-f2ac7808f11f,modbutton no,NA,
VOICE_COMMAND,316208,7/26/2023 7:46:04 AM,15bb887b-b5ae-49a5-8a23-f2ac7808f11f,modbutton no,modbutton no,
VOICE_CAPTURE,316441,7/26/2023 7:46:04 AM,15bb887b-b5ae-49a5-8a23-f2ac7808f11f,are you having any difficulty breathing,NA,
TAG_SELECTED,317195,7/26/2023 7:46:05 AM,15bb887b-b5ae-49a5-8a23-f2ac7808f11f,yellow,
TAG_APPLIED,318397,7/26/2023 7:46:06 AM,15bb887b-b5ae-49a5-8a23-f2ac7808f11f,Lily_4 Root,yellow,
PULSE_TAKEN,318447,7/26/2023 7:46:06 AM,15bb887b-b5ae-49a5-8a23-f2ac7808f11f,pulse_fast,Lily_4 Root,
PULSE_TAKEN,318531,7/26/2023 7:46:06 AM,15bb887b-b5ae-49a5-8a23-f2ac7808f11f,pulse_fast,Lily_4 Root,
BAG_CLOSED,319586,7/26/2023 7:46:07 AM,15bb887b-b5ae-49a5-8a23-f2ac7808f11f,"(1.0, 0.6, 6.4)",
TELEPORT,319586,7/26/2023 7:46:07 AM,15bb887b-b5ae-49a5-8a23-f2ac7808f11f,"(1.6, 0.0, 6.2)",
VOICE_CAPTURE,319603,7/26/2023 7:46:07 AM,15bb887b-b5ae-49a5-8a23-f2ac7808f11f,OK cool,NA,
VOICE_CAPTURE,321103,7/26/2023 7:46:09 AM,15bb887b-b5ae-49a5-8a23-f2ac7808f11f,have a good day,NA,
PATIENT_ENGAGED,321438,7/26/2023 7:46:09 AM,15bb887b-b5ae-49a5-8a23-f2ac7808f11f,100,Infinity,Gary_1 Root,"(1.6, 0.0, 7.6)","(0.0, 1.0, 0.0, 0.0)",EXPECTANT,still,none,restricted,none,unresponsive,supine,
VOICE_CAPTURE,323944,7/26/2023 7:46:11 AM,15bb887b-b5ae-49a5-8a23-f2ac7808f11f,oh,NA,
VOICE_CAPTURE,326048,7/26/2023 7:46:14 AM,15bb887b-b5ae-49a5-8a23-f2ac7808f11f,can you hear me,NA,
VOICE_COMMAND,326048,7/26/2023 7:46:14 AM,15bb887b-b5ae-49a5-8a23-f2ac7808f11f,can you hear,can you hear me,
BAG_ACCESS,327152,7/26/2023 7:46:15 AM,15bb887b-b5ae-49a5-8a23-f2ac7808f11f,"(1.2, 0.6, 7.9)",
VOICE_CAPTURE,328154,7/26/2023 7:46:16 AM,15bb887b-b5ae-49a5-8a23-f2ac7808f11f,no,NA,
TAG_SELECTED,329175,7/26/2023 7:46:17 AM,15bb887b-b5ae-49a5-8a23-f2ac7808f11f,red,
VOICE_CAPTURE,330960,7/26/2023 7:46:18 AM,15bb887b-b5ae-49a5-8a23-f2ac7808f11f,you're not breathing the greatest,NA,
TAG_DISCARDED,331028,7/26/2023 7:46:18 AM,15bb887b-b5ae-49a5-8a23-f2ac7808f11f,red,"(1.3, 0.9, 7.9)",
TAG_SELECTED,333268,7/26/2023 7:46:21 AM,15bb887b-b5ae-49a5-8a23-f2ac7808f11f,gray,
BAG_CLOSED,334402,7/26/2023 7:46:22 AM,15bb887b-b5ae-49a5-8a23-f2ac7808f11f,"(1.2, 0.6, 7.9)",
TELEPORT,334402,7/26/2023 7:46:22 AM,15bb887b-b5ae-49a5-8a23-f2ac7808f11f,"(1.5, 0.0, 7.5)",
TAG_APPLIED,334469,7/26/2023 7:46:22 AM,15bb887b-b5ae-49a5-8a23-f2ac7808f11f,Gary_1 Root,gray,
TELEPORT,336660,7/26/2023 7:46:24 AM,15bb887b-b5ae-49a5-8a23-f2ac7808f11f,"(1.1, 0.0, 7.2)",
VOICE_CAPTURE,336826,7/26/2023 7:46:24 AM,15bb887b-b5ae-49a5-8a23-f2ac7808f11f,where is the them,NA,
PATIENT_ENGAGED,338163,7/26/2023 7:46:26 AM,15bb887b-b5ae-49a5-8a23-f2ac7808f11f,100,0,Gary_9 Root,"(2.9, 0.0, 9.1)","(0.0, 0.9, 0.0, -0.4)",MINIMAL,walker,normal,normal,limited,calm,standing,
TELEPORT,340584,7/26/2023 7:46:28 AM,15bb887b-b5ae-49a5-8a23-f2ac7808f11f,"(2.3, 0.0, 8.4)",
BAG_ACCESS,342639,7/26/2023 7:46:30 AM,15bb887b-b5ae-49a5-8a23-f2ac7808f11f,"(2.4, 0.7, 8.6)",
VOICE_CAPTURE,342855,7/26/2023 7:46:30 AM,15bb887b-b5ae-49a5-8a23-f2ac7808f11f,OK you'll have that,NA,
VOICE_CAPTURE,345762,7/26/2023 7:46:33 AM,15bb887b-b5ae-49a5-8a23-f2ac7808f11f,any difficulty breathing,NA,
VOICE_CAPTURE,349187,7/26/2023 7:46:37 AM,15bb887b-b5ae-49a5-8a23-f2ac7808f11f,any bleeding,NA,
VOICE_CAPTURE,351042,7/26/2023 7:46:38 AM,15bb887b-b5ae-49a5-8a23-f2ac7808f11f,can I see his leg,NA,
VOICE_CAPTURE,355802,7/26/2023 7:46:43 AM,15bb887b-b5ae-49a5-8a23-f2ac7808f11f,is that blood or is that just the way it looks,NA,
TAG_SELECTED,357041,7/26/2023 7:46:44 AM,15bb887b-b5ae-49a5-8a23-f2ac7808f11f,green,
VOICE_CAPTURE,357691,7/26/2023 7:46:45 AM,15bb887b-b5ae-49a5-8a23-f2ac7808f11f,OK alright,NA,
TAG_APPLIED,358395,7/26/2023 7:46:46 AM,15bb887b-b5ae-49a5-8a23-f2ac7808f11f,Gary_9 Root,green,
VOICE_CAPTURE,361005,7/26/2023 7:46:48 AM,15bb887b-b5ae-49a5-8a23-f2ac7808f11f,OK,NA,
BAG_CLOSED,363768,7/26/2023 7:46:51 AM,15bb887b-b5ae-49a5-8a23-f2ac7808f11f,"(2.4, 0.7, 8.6)",
TELEPORT,363768,7/26/2023 7:46:51 AM,15bb887b-b5ae-49a5-8a23-f2ac7808f11f,"(2.3, 0.0, 8.4)",
VOICE_CAPTURE,370075,7/26/2023 7:46:58 AM,15bb887b-b5ae-49a5-8a23-f2ac7808f11f,Speak to you absolutely,NA,
TELEPORT,370542,7/26/2023 7:46:58 AM,15bb887b-b5ae-49a5-8a23-f2ac7808f11f,"(-0.7, 0.0, 4.3)",
PATIENT_ENGAGED,372444,7/26/2023 7:47:00 AM,15bb887b-b5ae-49a5-8a23-f2ac7808f11f,100,Infinity,Gloria_6 Root,"(-1.2, 0.0, 3.1)","(0.0, 0.4, 0.0, 0.9)",DELAYED,waver,fast,normal,normal,upset,fetal,
VOICE_CAPTURE,373731,7/26/2023 7:47:01 AM,15bb887b-b5ae-49a5-8a23-f2ac7808f11f,oh Yep that looks like an algae,NA,
VOICE_CAPTURE,376119,7/26/2023 7:47:04 AM,15bb887b-b5ae-49a5-8a23-f2ac7808f11f,lay down,NA,
VOICE_COMMAND,376119,7/26/2023 7:47:04 AM,15bb887b-b5ae-49a5-8a23-f2ac7808f11f,lay down,lay down,
VOICE_CAPTURE,376688,7/26/2023 7:47:04 AM,15bb887b-b5ae-49a5-8a23-f2ac7808f11f,you lay on your back,NA,
VOICE_COMMAND,376688,7/26/2023 7:47:04 AM,15bb887b-b5ae-49a5-8a23-f2ac7808f11f,lay down,you lay on your back,
VOICE_CAPTURE,380045,7/26/2023 7:47:07 AM,15bb887b-b5ae-49a5-8a23-f2ac7808f11f,oh gosh,NA,
VOICE_CAPTURE,383345,7/26/2023 7:47:11 AM,15bb887b-b5ae-49a5-8a23-f2ac7808f11f,modbutton no,NA,
VOICE_COMMAND,383345,7/26/2023 7:47:11 AM,15bb887b-b5ae-49a5-8a23-f2ac7808f11f,modbutton no,modbutton no,
BAG_ACCESS,385326,7/26/2023 7:47:13 AM,15bb887b-b5ae-49a5-8a23-f2ac7808f11f,"(-1.1, 0.7, 3.6)",
VOICE_CAPTURE,385729,7/26/2023 7:47:13 AM,15bb887b-b5ae-49a5-8a23-f2ac7808f11f,No,NA,
TOOL_HOVER,385864,7/26/2023 7:47:13 AM,15bb887b-b5ae-49a5-8a23-f2ac7808f11f,Gauze,999,
TOOL_HOVER,385881,7/26/2023 7:47:13 AM,15bb887b-b5ae-49a5-8a23-f2ac7808f11f,Gauze,999,
TOOL_HOVER,385896,7/26/2023 7:47:13 AM,15bb887b-b5ae-49a5-8a23-f2ac7808f11f,Gauze,999,
TOOL_HOVER,385911,7/26/2023 7:47:13 AM,15bb887b-b5ae-49a5-8a23-f2ac7808f11f,Gauze,999,
TOOL_HOVER,385928,7/26/2023 7:47:13 AM,15bb887b-b5ae-49a5-8a23-f2ac7808f11f,Gauze,999,
TOOL_SELECTED,385928,7/26/2023 7:47:13 AM,15bb887b-b5ae-49a5-8a23-f2ac7808f11f,Gauze,998,
TOOL_DISCARDED,387790,7/26/2023 7:47:15 AM,15bb887b-b5ae-49a5-8a23-f2ac7808f11f,Gauze,998,"(-0.9, 0.1, 3.3)",
TOOL_APPLIED,387790,7/26/2023 7:47:15 AM,15bb887b-b5ae-49a5-8a23-f2ac7808f11f,Gloria_6 Root,Gauze_Dressing,skinCollider_Body_LOD (UnityEngine.GameObject),null,null,AppliedDressingGauze,
VOICE_CAPTURE,387956,7/26/2023 7:47:15 AM,15bb887b-b5ae-49a5-8a23-f2ac7808f11f,OK so just your leg,NA,
TOOL_HOVER,391361,7/26/2023 7:47:19 AM,15bb887b-b5ae-49a5-8a23-f2ac7808f11f,Gauze,999,
TOOL_HOVER,391378,7/26/2023 7:47:19 AM,15bb887b-b5ae-49a5-8a23-f2ac7808f11f,Gauze,999,
TOOL_HOVER,391394,7/26/2023 7:47:19 AM,15bb887b-b5ae-49a5-8a23-f2ac7808f11f,Gauze,999,
TOOL_HOVER,391410,7/26/2023 7:47:19 AM,15bb887b-b5ae-49a5-8a23-f2ac7808f11f,Gauze,999,
TOOL_HOVER,391425,7/26/2023 7:47:19 AM,15bb887b-b5ae-49a5-8a23-f2ac7808f11f,Gauze,999,
TOOL_HOVER,391442,7/26/2023 7:47:19 AM,15bb887b-b5ae-49a5-8a23-f2ac7808f11f,Gauze,999,
TOOL_SELECTED,391443,7/26/2023 7:47:19 AM,15bb887b-b5ae-49a5-8a23-f2ac7808f11f,Gauze,998,
VOICE_CAPTURE,391649,7/26/2023 7:47:19 AM,15bb887b-b5ae-49a5-8a23-f2ac7808f11f,oh secure that maybe,NA,
TOOL_DISCARDED,392943,7/26/2023 7:47:20 AM,15bb887b-b5ae-49a5-8a23-f2ac7808f11f,Gauze,998,"(-0.9, 0.1, 3.3)",
INJURY_TREATED,392944,7/26/2023 7:47:20 AM,15bb887b-b5ae-49a5-8a23-f2ac7808f11f,R Calf Shrapnel,Gloria_6 Root,gauzePressure,medium,rightLeg,True,False,"(-0.9, 0.0, 3.3)",
TOOL_APPLIED,392944,7/26/2023 7:47:20 AM,15bb887b-b5ae-49a5-8a23-f2ac7808f11f,Gloria_6 Root,Gauze_Dressing,skinCollider_Body_LOD (UnityEngine.GameObject),null,null,AppliedDressingGauze,
TAG_SELECTED,397722,7/26/2023 7:47:25 AM,15bb887b-b5ae-49a5-8a23-f2ac7808f11f,red,
VOICE_CAPTURE,397821,7/26/2023 7:47:25 AM,15bb887b-b5ae-49a5-8a23-f2ac7808f11f,yay OK,NA,
TAG_DISCARDED,400095,7/26/2023 7:47:28 AM,15bb887b-b5ae-49a5-8a23-f2ac7808f11f,red,"(-1.0, 0.5, 3.2)",
BAG_CLOSED,401299,7/26/2023 7:47:29 AM,15bb887b-b5ae-49a5-8a23-f2ac7808f11f,"(-1.1, 0.7, 3.6)",
TELEPORT,401299,7/26/2023 7:47:29 AM,15bb887b-b5ae-49a5-8a23-f2ac7808f11f,"(-1.0, 0.0, 3.7)",
TELEPORT,402099,7/26/2023 7:47:30 AM,15bb887b-b5ae-49a5-8a23-f2ac7808f11f,"(-0.7, 0.0, 3.7)",
VOICE_CAPTURE,404401,7/26/2023 7:47:32 AM,15bb887b-b5ae-49a5-8a23-f2ac7808f11f,how do I come it up,NA,
BAG_ACCESS,404660,7/26/2023 7:47:32 AM,15bb887b-b5ae-49a5-8a23-f2ac7808f11f,"(-0.8, 0.6, 3.1)",
TAG_SELECTED,405528,7/26/2023 7:47:33 AM,15bb887b-b5ae-49a5-8a23-f2ac7808f11f,yellow,
TAG_APPLIED,406793,7/26/2023 7:47:34 AM,15bb887b-b5ae-49a5-8a23-f2ac7808f11f,Gloria_6 Root,yellow,
BAG_CLOSED,410253,7/26/2023 7:47:38 AM,15bb887b-b5ae-49a5-8a23-f2ac7808f11f,"(-0.8, 0.6, 3.1)",
TELEPORT,410253,7/26/2023 7:47:38 AM,15bb887b-b5ae-49a5-8a23-f2ac7808f11f,"(-0.7, 0.0, 3.5)",
TELEPORT,411707,7/26/2023 7:47:39 AM,15bb887b-b5ae-49a5-8a23-f2ac7808f11f,"(-0.7, 0.0, 3.5)",
VOICE_CAPTURE,412196,7/26/2023 7:47:40 AM,15bb887b-b5ae-49a5-8a23-f2ac7808f11f,OK and then where's the dead one,NA,
TELEPORT,413292,7/26/2023 7:47:41 AM,15bb887b-b5ae-49a5-8a23-f2ac7808f11f,"(-0.7, 0.0, 3.5)",
TELEPORT,415583,7/26/2023 7:47:43 AM,15bb887b-b5ae-49a5-8a23-f2ac7808f11f,"(-0.7, 0.0, 3.5)",
BAG_ACCESS,420093,7/26/2023 7:47:48 AM,15bb887b-b5ae-49a5-8a23-f2ac7808f11f,"(-1.1, 0.8, 4.3)",
TAG_SELECTED,423036,7/26/2023 7:47:50 AM,15bb887b-b5ae-49a5-8a23-f2ac7808f11f,black,
TAG_DISCARDED,423668,7/26/2023 7:47:51 AM,15bb887b-b5ae-49a5-8a23-f2ac7808f11f,black,"(-0.8, 1.3, 4.9)",
TAG_SELECTED,423919,7/26/2023 7:47:51 AM,15bb887b-b5ae-49a5-8a23-f2ac7808f11f,black,
TAG_DISCARDED,424545,7/26/2023 7:47:52 AM,15bb887b-b5ae-49a5-8a23-f2ac7808f11f,black,"(-0.8, 1.3, 4.9)",
TAG_SELECTED,424889,7/26/2023 7:47:52 AM,15bb887b-b5ae-49a5-8a23-f2ac7808f11f,black,
TAG_DISCARDED,425757,7/26/2023 7:47:53 AM,15bb887b-b5ae-49a5-8a23-f2ac7808f11f,black,"(-0.9, 1.3, 4.7)",
TAG_SELECTED,426474,7/26/2023 7:47:54 AM,15bb887b-b5ae-49a5-8a23-f2ac7808f11f,black,
PATIENT_ENGAGED,428070,7/26/2023 7:47:56 AM,15bb887b-b5ae-49a5-8a23-f2ac7808f11f,100,Infinity,Bob_0 Root,"(-1.7, 0.0, 5.7)","(0.0, 0.7, 0.0, 0.7)",DEAD,still,none,none,none,dead,supine,
TAG_APPLIED,429933,7/26/2023 7:47:57 AM,15bb887b-b5ae-49a5-8a23-f2ac7808f11f,Bob_0 Root,black,
VOICE_CAPTURE,430818,7/26/2023 7:47:58 AM,15bb887b-b5ae-49a5-8a23-f2ac7808f11f,But I am grabbing it,NA,
VOICE_CAPTURE,437943,7/26/2023 7:48:05 AM,15bb887b-b5ae-49a5-8a23-f2ac7808f11f,123,NA,
VOICE_CAPTURE,439105,7/26/2023 7:48:07 AM,15bb887b-b5ae-49a5-8a23-f2ac7808f11f,is that everyone,NA,
VOICE_CAPTURE,443831,7/26/2023 7:48:11 AM,15bb887b-b5ae-49a5-8a23-f2ac7808f11f,I feel that's everyone,NA,
VOICE_CAPTURE,446887,7/26/2023 7:48:14 AM,15bb887b-b5ae-49a5-8a23-f2ac7808f11f,OK,NA,
VOICE_CAPTURE,455911,7/26/2023 7:48:23 AM,15bb887b-b5ae-49a5-8a23-f2ac7808f11f,did you tighten this up on your neck,NA,
SESSION_END,459201,7/26/2023 7:48:27 AM,15bb887b-b5ae-49a5-8a23-f2ac7808f11f,
VOICE_CAPTURE,460129,7/26/2023 7:48:28 AM,15bb887b-b5ae-49a5-8a23-f2ac7808f11f,it is tightened Oh yeah,NA,
PATIENT_ENGAGED,461708,7/26/2023 7:48:29 AM,15bb887b-b5ae-49a5-8a23-f2ac7808f11f,100,Infinity,Gloria_6 Root,"(-1.2, 0.0, 3.1)","(0.0, 0.4, 0.0, 0.9)",DELAYED,waver,fast,normal,normal,upset,supine,
PATIENT_ENGAGED,463821,7/26/2023 7:48:31 AM,15bb887b-b5ae-49a5-8a23-f2ac7808f11f,100,Infinity,Bob_0 Root,"(-1.7, 0.0, 5.7)","(0.0, 0.7, 0.0, 0.7)",DEAD,still,none,none,none,dead,supine,
