VOICE_CAPTURE,5324,8/3/2023 12:11:21 PM,c7587083-faff-4bca-b678-ae156bd4a3f0,Wrong but then I guess I wasn't paying that much attention,NA,
PATIENT_DEMOTED,6910,8/3/2023 12:11:22 PM,c7587083-faff-4bca-b678-ae156bd4a3f0,100,Infinity,Bob_0 Root,"(-1.4, 0.0, 5.6)","(0.0, 0.7, 0.0, 0.7)",EXPECTANT,still,faint,restricted,none,unresponsive,supine,
PATIENT_DEMOTED,7105,8/3/2023 12:11:23 PM,c7587083-faff-4bca-b678-ae156bd4a3f0,100,Infinity,Bob_0 Root,"(-1.5, 0.0, 5.6)","(0.0, 0.7, 0.0, 0.7)",DEAD,still,none,none,none,dead,supine,
PATIENT_DEMOTED,7221,8/3/2023 12:11:23 PM,c7587083-faff-4bca-b678-ae156bd4a3f0,100,Infinity,Gary_1 Root,"(1.6, 0.0, 7.4)","(0.0, 1.0, 0.0, 0.0)",EXPECTANT,still,faint,restricted,none,unresponsive,supine,
PATIENT_DEMOTED,7958,8/3/2023 12:11:23 PM,c7587083-faff-4bca-b678-ae156bd4a3f0,100,Infinity,Lily_2 Root,"(2.8, 0.0, 4.3)","(0.0, 1.0, 0.0, 0.0)",IMMEDIATE,waver,fast,fast,normal,agony,fetal,
PATIENT_DEMOTED,8644,8/3/2023 12:11:24 PM,c7587083-faff-4bca-b678-ae156bd4a3f0,100,0,Gary_3 Root,"(0.3, 0.0, 1.6)","(0.0, 0.0, 0.0, 1.0)",IMMEDIATE,still,faint,collapsedRight,normal,unresponsive,supine,
PATIENT_DEMOTED,9221,8/3/2023 12:11:25 PM,c7587083-faff-4bca-b678-ae156bd4a3f0,100,Infinity,Lily_4 Root,"(1.2, 0.0, 6.3)","(0.0, 1.0, 0.0, 0.0)",IMMEDIATE,waver,fast,normal,normal,upset,fetal,
PATIENT_DEMOTED,10058,8/3/2023 12:11:26 PM,c7587083-faff-4bca-b678-ae156bd4a3f0,100,Infinity,Mike_5 Root,"(2.4, 0.0, 2.3)","(0.0, 1.0, 0.0, 0.0)",IMMEDIATE,waver,fast,normal,normal,upset,fetal,
VOICE_CAPTURE,10077,8/3/2023 12:11:26 PM,c7587083-faff-4bca-b678-ae156bd4a3f0,that's fine,NA,
PATIENT_DEMOTED,10606,8/3/2023 12:11:26 PM,c7587083-faff-4bca-b678-ae156bd4a3f0,100,Infinity,Gloria_6 Root,"(-1.0, 0.0, 2.9)","(0.0, 0.4, 0.0, 0.9)",DELAYED,waver,fast,normal,normal,upset,fetal,
PATIENT_DEMOTED,11310,8/3/2023 12:11:27 PM,c7587083-faff-4bca-b678-ae156bd4a3f0,100,Infinity,Mike_7 Root,"(1.7, 0.0, 3.9)","(0.0, 0.1, 0.0, 1.0)",IMMEDIATE,waver,fast,normal,normal,upset,sittingGround,
PATIENT_DEMOTED,11684,8/3/2023 12:11:27 PM,c7587083-faff-4bca-b678-ae156bd4a3f0,100,Infinity,Mike_7 Root,"(1.0, 0.0, 3.7)","(0.0, 0.1, 0.0, 1.0)",DELAYED,waver,fast,normal,normal,upset,sittingGround,
VOICE_CAPTURE,14549,8/3/2023 12:11:30 PM,c7587083-faff-4bca-b678-ae156bd4a3f0,by yourself,NA,
VOICE_CAPTURE,20525,8/3/2023 12:11:36 PM,c7587083-faff-4bca-b678-ae156bd4a3f0,hello,NA,
VOICE_CAPTURE,23200,8/3/2023 12:11:39 PM,c7587083-faff-4bca-b678-ae156bd4a3f0,right,NA,
TELEPORT,31471,8/3/2023 12:11:47 PM,c7587083-faff-4bca-b678-ae156bd4a3f0,"(0.8, 0.0, -2.3)",
VOICE_CAPTURE,32941,8/3/2023 12:11:48 PM,c7587083-faff-4bca-b678-ae156bd4a3f0,OK,NA,
SESSION_START,35966,8/3/2023 12:11:51 PM,c7587083-faff-4bca-b678-ae156bd4a3f0,
PATIENT_RECORD,35967,8/3/2023 12:11:51 PM,c7587083-faff-4bca-b678-ae156bd4a3f0,100,Infinity,Bob_0 Root,"(-1.7, 0.0, 5.7)","(0.0, 0.7, 0.0, 0.7)",DEAD,still,none,none,none,dead,supine,
INJURY_RECORD,35967,8/3/2023 12:11:51 PM,c7587083-faff-4bca-b678-ae156bd4a3f0,Face Shrapnel,Bob_0 Root,airway,high,head,False,False,"(-1.8, 1.7, 5.6)",
INJURY_RECORD,35967,8/3/2023 12:11:51 PM,c7587083-faff-4bca-b678-ae156bd4a3f0,L Wrist Amputation,Bob_0 Root,tourniquet,high,leftArm,False,False,"(-1.8, 1.4, 6.3)",
INJURY_RECORD,35967,8/3/2023 12:11:51 PM,c7587083-faff-4bca-b678-ae156bd4a3f0,L Chest Collapse,Bob_0 Root,decompress,high,chest,False,False,"(0.0, 0.0, 0.0)",
INJURY_RECORD,35967,8/3/2023 12:11:51 PM,c7587083-faff-4bca-b678-ae156bd4a3f0,L Stomach Puncture,Bob_0 Root,woundpack,high,abdomen,False,False,"(-1.6, 1.1, 5.7)",
INJURY_RECORD,35967,8/3/2023 12:11:51 PM,c7587083-faff-4bca-b678-ae156bd4a3f0,R Shin Amputation,Bob_0 Root,tourniquet,high,rightLeg,False,False,"(-1.7, 0.4, 5.6)",
INJURY_RECORD,35967,8/3/2023 12:11:51 PM,c7587083-faff-4bca-b678-ae156bd4a3f0,L Thigh Laceration,Bob_0 Root,tourniquet,medium,leftLeg,False,False,"(-1.6, 0.7, 5.8)",
PATIENT_RECORD,35967,8/3/2023 12:11:51 PM,c7587083-faff-4bca-b678-ae156bd4a3f0,100,Infinity,Gary_1 Root,"(1.6, 0.0, 7.6)","(0.0, 1.0, 0.0, 0.0)",EXPECTANT,still,none,restricted,none,unresponsive,supine,
INJURY_RECORD,35967,8/3/2023 12:11:51 PM,c7587083-faff-4bca-b678-ae156bd4a3f0,Face Shrapnel,Gary_1 Root,airway,high,head,False,False,"(1.6, 1.7, 7.7)",
PATIENT_RECORD,35967,8/3/2023 12:11:51 PM,c7587083-faff-4bca-b678-ae156bd4a3f0,100,Infinity,Lily_2 Root,"(3.0, 0.0, 4.5)","(0.0, 1.0, 0.0, 0.0)",IMMEDIATE,waver,fast,fast,normal,agony,fetal,
INJURY_RECORD,35967,8/3/2023 12:11:51 PM,c7587083-faff-4bca-b678-ae156bd4a3f0,R Shin Amputation,Lily_2 Root,tourniquet,high,rightLeg,False,False,"(2.9, 0.4, 4.5)",
PATIENT_RECORD,35967,8/3/2023 12:11:51 PM,c7587083-faff-4bca-b678-ae156bd4a3f0,100,0,Gary_3 Root,"(0.4, 0.0, 1.7)","(0.0, 0.0, 0.0, 1.0)",IMMEDIATE,still,faint,collapsedRight,normal,unresponsive,supine,
INJURY_RECORD,35967,8/3/2023 12:11:51 PM,c7587083-faff-4bca-b678-ae156bd4a3f0,R Chest Collapse,Gary_3 Root,decompress,high,chest,False,False,"(0.0, 0.0, 0.0)",
PATIENT_RECORD,35967,8/3/2023 12:11:51 PM,c7587083-faff-4bca-b678-ae156bd4a3f0,100,Infinity,Lily_4 Root,"(1.2, 0.0, 6.2)","(0.0, 1.0, 0.0, 0.0)",IMMEDIATE,waver,fast,normal,normal,upset,fetal,
INJURY_RECORD,35967,8/3/2023 12:11:51 PM,c7587083-faff-4bca-b678-ae156bd4a3f0,L Side Puncture,Lily_4 Root,woundpack,medium,abdomen,False,False,"(1.3, 1.0, 6.2)",
PATIENT_RECORD,35967,8/3/2023 12:11:51 PM,c7587083-faff-4bca-b678-ae156bd4a3f0,100,Infinity,Mike_5 Root,"(2.7, 0.0, 2.3)","(0.0, 1.0, 0.0, 0.0)",IMMEDIATE,waver,fast,normal,normal,upset,fetal,
INJURY_RECORD,35967,8/3/2023 12:11:51 PM,c7587083-faff-4bca-b678-ae156bd4a3f0,R Side Puncture,Mike_5 Root,woundpack,medium,abdomen,False,False,"(2.6, 1.1, 2.2)",
INJURY_RECORD,35967,8/3/2023 12:11:51 PM,c7587083-faff-4bca-b678-ae156bd4a3f0,R Thigh Laceration,Mike_5 Root,tourniquet,medium,rightLeg,False,False,"(2.5, 0.6, 2.2)",
PATIENT_RECORD,35967,8/3/2023 12:11:51 PM,c7587083-faff-4bca-b678-ae156bd4a3f0,100,Infinity,Gloria_6 Root,"(-1.2, 0.0, 3.1)","(0.0, 0.4, 0.0, 0.9)",DELAYED,waver,fast,normal,normal,upset,fetal,
INJURY_RECORD,35967,8/3/2023 12:11:51 PM,c7587083-faff-4bca-b678-ae156bd4a3f0,R Calf Shrapnel,Gloria_6 Root,gauzePressure,medium,rightLeg,False,False,"(-1.1, 0.3, 3.0)",
PATIENT_RECORD,35967,8/3/2023 12:11:51 PM,c7587083-faff-4bca-b678-ae156bd4a3f0,100,Infinity,Mike_7 Root,"(1.3, 0.0, 3.4)","(0.0, 0.1, 0.0, 1.0)",DELAYED,waver,fast,normal,normal,upset,sittingGround,
INJURY_RECORD,35967,8/3/2023 12:11:51 PM,c7587083-faff-4bca-b678-ae156bd4a3f0,L Thigh Puncture,Mike_7 Root,tourniquet,medium,leftLeg,False,False,"(1.3, 0.6, 3.5)",
INJURY_RECORD,35968,8/3/2023 12:11:51 PM,c7587083-faff-4bca-b678-ae156bd4a3f0,R Calf Laceration,Mike_7 Root,gauzePressure,low,rightLeg,False,False,"(1.4, 0.3, 3.4)",
PATIENT_RECORD,35968,8/3/2023 12:11:51 PM,c7587083-faff-4bca-b678-ae156bd4a3f0,100,Infinity,Gloria_8 Root,"(3.7, 0.0, 6.0)","(0.0, 1.0, 0.0, 0.0)",MINIMAL,walker,normal,normal,normal,upset,sittingGround,
INJURY_RECORD,35968,8/3/2023 12:11:51 PM,c7587083-faff-4bca-b678-ae156bd4a3f0,L Forearm Laceration,Gloria_8 Root,gauzePressure,low,leftArm,False,False,"(4.2, 1.3, 6.0)",
PATIENT_RECORD,35968,8/3/2023 12:11:51 PM,c7587083-faff-4bca-b678-ae156bd4a3f0,100,0,Gary_9 Root,"(2.9, 0.0, 9.0)","(0.0, 1.0, 0.0, 0.0)",MINIMAL,walker,normal,normal,limited,calm,standing,
INJURY_RECORD,35968,8/3/2023 12:11:51 PM,c7587083-faff-4bca-b678-ae156bd4a3f0,Ear Bleed,Gary_9 Root,none,low,head,False,False,"(0.0, 0.0, 0.0)",
PATIENT_RECORD,35968,8/3/2023 12:11:51 PM,c7587083-faff-4bca-b678-ae156bd4a3f0,100,Infinity,Helga_10 Root,"(3.9, 0.0, 8.0)","(0.0, 1.0, 0.0, 0.0)",MINIMAL,walker,normal,normal,normal,calm,sittingGround,
INJURY_RECORD,35968,8/3/2023 12:11:51 PM,c7587083-faff-4bca-b678-ae156bd4a3f0,Forehead Scrape,Helga_10 Root,none,low,head,False,False,"(4.0, 1.6, 8.0)",
VOICE_CAPTURE,36284,8/3/2023 12:11:52 PM,c7587083-faff-4bca-b678-ae156bd4a3f0,Yep,NA,
VOICE_CAPTURE,40525,8/3/2023 12:11:56 PM,c7587083-faff-4bca-b678-ae156bd4a3f0,Yep oh this is a lot more than last time,NA,
VOICE_CAPTURE,42662,8/3/2023 12:11:58 PM,c7587083-faff-4bca-b678-ae156bd4a3f0,maybe not actually,NA,
VOICE_CAPTURE,46518,8/3/2023 12:12:02 PM,c7587083-faff-4bca-b678-ae156bd4a3f0,can everybody go over here that can walk,NA,
VOICE_COMMAND,46518,8/3/2023 12:12:02 PM,c7587083-faff-4bca-b678-ae156bd4a3f0,walk to the safe area,can everybody go over here that can walk,
S_A_L_T_WALK_IF_CAN,46521,8/3/2023 12:12:02 PM,c7587083-faff-4bca-b678-ae156bd4a3f0,"(3.0, 0.0, 4.5)",walkIfCan,Lily_2 Root,
S_A_L_T_WALK_IF_CAN,46521,8/3/2023 12:12:02 PM,c7587083-faff-4bca-b678-ae156bd4a3f0,"(1.2, 0.0, 6.2)",walkIfCan,Lily_4 Root,
S_A_L_T_WALK_IF_CAN,46521,8/3/2023 12:12:02 PM,c7587083-faff-4bca-b678-ae156bd4a3f0,"(2.7, 0.0, 2.3)",walkIfCan,Mike_5 Root,
S_A_L_T_WALK_IF_CAN,46521,8/3/2023 12:12:02 PM,c7587083-faff-4bca-b678-ae156bd4a3f0,"(-1.2, 0.0, 3.1)",walkIfCan,Gloria_6 Root,
S_A_L_T_WALK_IF_CAN,46521,8/3/2023 12:12:02 PM,c7587083-faff-4bca-b678-ae156bd4a3f0,"(1.3, 0.0, 3.4)",walkIfCan,Mike_7 Root,
S_A_L_T_WALK_IF_CAN,46521,8/3/2023 12:12:02 PM,c7587083-faff-4bca-b678-ae156bd4a3f0,"(3.7, 0.0, 6.0)",walkIfCan,Gloria_8 Root,
S_A_L_T_WALKED,46521,8/3/2023 12:12:02 PM,c7587083-faff-4bca-b678-ae156bd4a3f0,"(3.7, 0.0, 6.0)",walked,Gloria_8 Root,
S_A_L_T_WALK_IF_CAN,46522,8/3/2023 12:12:02 PM,c7587083-faff-4bca-b678-ae156bd4a3f0,"(3.9, 0.0, 8.0)",walkIfCan,Helga_10 Root,
S_A_L_T_WALKED,46522,8/3/2023 12:12:02 PM,c7587083-faff-4bca-b678-ae156bd4a3f0,"(3.9, 0.0, 8.0)",walked,Helga_10 Root,
TELEPORT,51477,8/3/2023 12:12:07 PM,c7587083-faff-4bca-b678-ae156bd4a3f0,"(0.6, 0.0, -2.3)",
VOICE_CAPTURE,51962,8/3/2023 12:12:07 PM,c7587083-faff-4bca-b678-ae156bd4a3f0,OK,NA,
TELEPORT,55459,8/3/2023 12:12:11 PM,c7587083-faff-4bca-b678-ae156bd4a3f0,"(1.8, 0.0, 2.2)",
PATIENT_ENGAGED,56936,8/3/2023 12:12:12 PM,c7587083-faff-4bca-b678-ae156bd4a3f0,100,Infinity,Lily_2 Root,"(3.0, 0.0, 4.5)","(0.0, 1.0, 0.0, 0.0)",IMMEDIATE,waver,fast,fast,normal,agony,fetal,
VOICE_CAPTURE,57255,8/3/2023 12:12:13 PM,c7587083-faff-4bca-b678-ae156bd4a3f0,go over to you,NA,
TELEPORT,58556,8/3/2023 12:12:14 PM,c7587083-faff-4bca-b678-ae156bd4a3f0,"(2.5, 0.0, 2.8)",
BAG_ACCESS,59107,8/3/2023 12:12:15 PM,c7587083-faff-4bca-b678-ae156bd4a3f0,"(3.0, 0.4, 3.6)",
BAG_CLOSED,60591,8/3/2023 12:12:16 PM,c7587083-faff-4bca-b678-ae156bd4a3f0,"(3.0, 0.4, 3.6)",
TELEPORT,60591,8/3/2023 12:12:16 PM,c7587083-faff-4bca-b678-ae156bd4a3f0,"(2.7, 0.0, 3.0)",
TELEPORT,63163,8/3/2023 12:12:19 PM,c7587083-faff-4bca-b678-ae156bd4a3f0,"(2.9, 0.0, 3.1)",
BAG_ACCESS,64050,8/3/2023 12:12:20 PM,c7587083-faff-4bca-b678-ae156bd4a3f0,"(3.3, 0.4, 3.9)",
TOOL_HOVER,65704,8/3/2023 12:12:21 PM,c7587083-faff-4bca-b678-ae156bd4a3f0,Tourniquet,999,
TOOL_HOVER,65720,8/3/2023 12:12:21 PM,c7587083-faff-4bca-b678-ae156bd4a3f0,Tourniquet,999,
TOOL_HOVER,65736,8/3/2023 12:12:21 PM,c7587083-faff-4bca-b678-ae156bd4a3f0,Tourniquet,999,
TOOL_HOVER,65753,8/3/2023 12:12:21 PM,c7587083-faff-4bca-b678-ae156bd4a3f0,Tourniquet,999,
TOOL_HOVER,65770,8/3/2023 12:12:21 PM,c7587083-faff-4bca-b678-ae156bd4a3f0,Tourniquet,999,
TOOL_HOVER,65790,8/3/2023 12:12:21 PM,c7587083-faff-4bca-b678-ae156bd4a3f0,Tourniquet,999,
TOOL_HOVER,66104,8/3/2023 12:12:22 PM,c7587083-faff-4bca-b678-ae156bd4a3f0,Gauze,999,
TOOL_HOVER,66121,8/3/2023 12:12:22 PM,c7587083-faff-4bca-b678-ae156bd4a3f0,Gauze,999,
TOOL_HOVER,66136,8/3/2023 12:12:22 PM,c7587083-faff-4bca-b678-ae156bd4a3f0,Gauze,999,
TOOL_HOVER,66153,8/3/2023 12:12:22 PM,c7587083-faff-4bca-b678-ae156bd4a3f0,Gauze,999,
TOOL_HOVER,66170,8/3/2023 12:12:22 PM,c7587083-faff-4bca-b678-ae156bd4a3f0,Gauze,999,
TOOL_HOVER,66186,8/3/2023 12:12:22 PM,c7587083-faff-4bca-b678-ae156bd4a3f0,Gauze,999,
TOOL_HOVER,66203,8/3/2023 12:12:22 PM,c7587083-faff-4bca-b678-ae156bd4a3f0,Tourniquet,999,
TOOL_HOVER,66220,8/3/2023 12:12:22 PM,c7587083-faff-4bca-b678-ae156bd4a3f0,Tourniquet,999,
TOOL_HOVER,66235,8/3/2023 12:12:22 PM,c7587083-faff-4bca-b678-ae156bd4a3f0,Tourniquet,999,
TOOL_HOVER,66252,8/3/2023 12:12:22 PM,c7587083-faff-4bca-b678-ae156bd4a3f0,Tourniquet,999,
TOOL_HOVER,66270,8/3/2023 12:12:22 PM,c7587083-faff-4bca-b678-ae156bd4a3f0,Tourniquet,999,
TOOL_HOVER,66286,8/3/2023 12:12:22 PM,c7587083-faff-4bca-b678-ae156bd4a3f0,Tourniquet,999,
TOOL_HOVER,66302,8/3/2023 12:12:22 PM,c7587083-faff-4bca-b678-ae156bd4a3f0,Tourniquet,999,
TOOL_HOVER,66320,8/3/2023 12:12:22 PM,c7587083-faff-4bca-b678-ae156bd4a3f0,Tourniquet,999,
TOOL_HOVER,66336,8/3/2023 12:12:22 PM,c7587083-faff-4bca-b678-ae156bd4a3f0,Tourniquet,999,
TOOL_HOVER,66353,8/3/2023 12:12:22 PM,c7587083-faff-4bca-b678-ae156bd4a3f0,Tourniquet,999,
TOOL_HOVER,66370,8/3/2023 12:12:22 PM,c7587083-faff-4bca-b678-ae156bd4a3f0,Tourniquet,999,
TOOL_HOVER,66387,8/3/2023 12:12:22 PM,c7587083-faff-4bca-b678-ae156bd4a3f0,Tourniquet,999,
TOOL_HOVER,66403,8/3/2023 12:12:22 PM,c7587083-faff-4bca-b678-ae156bd4a3f0,Tourniquet,999,
TOOL_HOVER,66420,8/3/2023 12:12:22 PM,c7587083-faff-4bca-b678-ae156bd4a3f0,Tourniquet,999,
TOOL_HOVER,66437,8/3/2023 12:12:22 PM,c7587083-faff-4bca-b678-ae156bd4a3f0,Tourniquet,999,
TOOL_HOVER,66453,8/3/2023 12:12:22 PM,c7587083-faff-4bca-b678-ae156bd4a3f0,Tourniquet,999,
TOOL_HOVER,66469,8/3/2023 12:12:22 PM,c7587083-faff-4bca-b678-ae156bd4a3f0,Tourniquet,999,
TOOL_HOVER,66486,8/3/2023 12:12:22 PM,c7587083-faff-4bca-b678-ae156bd4a3f0,Tourniquet,999,
TOOL_HOVER,66504,8/3/2023 12:12:22 PM,c7587083-faff-4bca-b678-ae156bd4a3f0,Tourniquet,999,
TOOL_HOVER,66520,8/3/2023 12:12:22 PM,c7587083-faff-4bca-b678-ae156bd4a3f0,Tourniquet,999,
TOOL_SELECTED,66524,8/3/2023 12:12:22 PM,c7587083-faff-4bca-b678-ae156bd4a3f0,Tourniquet,998,
VOICE_CAPTURE,67723,8/3/2023 12:12:23 PM,c7587083-faff-4bca-b678-ae156bd4a3f0,I really wish they would just leave the,NA,
INJURY_TREATED,68661,8/3/2023 12:12:24 PM,c7587083-faff-4bca-b678-ae156bd4a3f0,R Shin Amputation,Lily_2 Root,tourniquet,high,rightLeg,True,False,"(3.3, 0.1, 4.3)",
TOOL_APPLIED,68661,8/3/2023 12:12:24 PM,c7587083-faff-4bca-b678-ae156bd4a3f0,Lily_2 Root,Tourniquet,RightUpLeg (UnityEngine.GameObject),tor_ring (1) (UnityEngine.GameObject),tourniquet(Clone) (UnityEngine.GameObject),AppliedTourniquet,
VOICE_CAPTURE,71216,8/3/2023 12:12:27 PM,c7587083-faff-4bca-b678-ae156bd4a3f0,bag up but I get why they don't,NA,
TAG_SELECTED,72971,8/3/2023 12:12:28 PM,c7587083-faff-4bca-b678-ae156bd4a3f0,yellow,
BAG_CLOSED,75492,8/3/2023 12:12:31 PM,c7587083-faff-4bca-b678-ae156bd4a3f0,"(3.3, 0.4, 3.9)",
TELEPORT,75492,8/3/2023 12:12:31 PM,c7587083-faff-4bca-b678-ae156bd4a3f0,"(3.0, 0.0, 3.2)",
TAG_APPLIED,75560,8/3/2023 12:12:31 PM,c7587083-faff-4bca-b678-ae156bd4a3f0,Lily_2 Root,yellow,
PULSE_TAKEN,75994,8/3/2023 12:12:31 PM,c7587083-faff-4bca-b678-ae156bd4a3f0,pulse_fast,Lily_2 Root,
PULSE_TAKEN,76461,8/3/2023 12:12:32 PM,c7587083-faff-4bca-b678-ae156bd4a3f0,pulse_fast,Lily_2 Root,
PULSE_TAKEN,77347,8/3/2023 12:12:33 PM,c7587083-faff-4bca-b678-ae156bd4a3f0,pulse_fast,Lily_2 Root,
PULSE_TAKEN,78833,8/3/2023 12:12:34 PM,c7587083-faff-4bca-b678-ae156bd4a3f0,pulse_fast,Lily_2 Root,
PULSE_TAKEN,79050,8/3/2023 12:12:35 PM,c7587083-faff-4bca-b678-ae156bd4a3f0,pulse_fast,Lily_2 Root,
TELEPORT,80290,8/3/2023 12:12:36 PM,c7587083-faff-4bca-b678-ae156bd4a3f0,"(3.1, 0.0, 3.2)",
TELEPORT,81240,8/3/2023 12:12:37 PM,c7587083-faff-4bca-b678-ae156bd4a3f0,"(3.1, 0.0, 3.1)",
VOICE_CAPTURE,83858,8/3/2023 12:12:39 PM,c7587083-faff-4bca-b678-ae156bd4a3f0,we'll come back to you,NA,
PATIENT_ENGAGED,87171,8/3/2023 12:12:43 PM,c7587083-faff-4bca-b678-ae156bd4a3f0,100,Infinity,Mike_5 Root,"(2.7, 0.0, 2.3)","(0.0, 1.0, 0.0, 0.0)",IMMEDIATE,waver,fast,normal,normal,upset,fetal,
BAG_ACCESS,89658,8/3/2023 12:12:45 PM,c7587083-faff-4bca-b678-ae156bd4a3f0,"(2.6, 0.4, 2.6)",
TOOL_HOVER,92306,8/3/2023 12:12:48 PM,c7587083-faff-4bca-b678-ae156bd4a3f0,Tourniquet,998,
TOOL_HOVER,92323,8/3/2023 12:12:48 PM,c7587083-faff-4bca-b678-ae156bd4a3f0,Tourniquet,998,
TOOL_HOVER,92340,8/3/2023 12:12:48 PM,c7587083-faff-4bca-b678-ae156bd4a3f0,Tourniquet,998,
TOOL_HOVER,92356,8/3/2023 12:12:48 PM,c7587083-faff-4bca-b678-ae156bd4a3f0,Tourniquet,998,
TOOL_HOVER,92372,8/3/2023 12:12:48 PM,c7587083-faff-4bca-b678-ae156bd4a3f0,Tourniquet,998,
TOOL_HOVER,92391,8/3/2023 12:12:48 PM,c7587083-faff-4bca-b678-ae156bd4a3f0,Tourniquet,998,
TOOL_HOVER,92406,8/3/2023 12:12:48 PM,c7587083-faff-4bca-b678-ae156bd4a3f0,Tourniquet,998,
TOOL_HOVER,92423,8/3/2023 12:12:48 PM,c7587083-faff-4bca-b678-ae156bd4a3f0,Tourniquet,998,
TOOL_HOVER,92440,8/3/2023 12:12:48 PM,c7587083-faff-4bca-b678-ae156bd4a3f0,Tourniquet,998,
TOOL_HOVER,92457,8/3/2023 12:12:48 PM,c7587083-faff-4bca-b678-ae156bd4a3f0,Tourniquet,998,
TOOL_HOVER,92474,8/3/2023 12:12:48 PM,c7587083-faff-4bca-b678-ae156bd4a3f0,Tourniquet,998,
TOOL_HOVER,92490,8/3/2023 12:12:48 PM,c7587083-faff-4bca-b678-ae156bd4a3f0,Tourniquet,998,
TOOL_HOVER,92506,8/3/2023 12:12:48 PM,c7587083-faff-4bca-b678-ae156bd4a3f0,Tourniquet,998,
TOOL_HOVER,92523,8/3/2023 12:12:48 PM,c7587083-faff-4bca-b678-ae156bd4a3f0,Tourniquet,998,
TOOL_HOVER,92540,8/3/2023 12:12:48 PM,c7587083-faff-4bca-b678-ae156bd4a3f0,Tourniquet,998,
TOOL_HOVER,92557,8/3/2023 12:12:48 PM,c7587083-faff-4bca-b678-ae156bd4a3f0,Tourniquet,998,
TOOL_HOVER,92574,8/3/2023 12:12:48 PM,c7587083-faff-4bca-b678-ae156bd4a3f0,Tourniquet,998,
TOOL_HOVER,92590,8/3/2023 12:12:48 PM,c7587083-faff-4bca-b678-ae156bd4a3f0,Tourniquet,998,
TOOL_SELECTED,92592,8/3/2023 12:12:48 PM,c7587083-faff-4bca-b678-ae156bd4a3f0,Tourniquet,997,
INJURY_TREATED,94472,8/3/2023 12:12:50 PM,c7587083-faff-4bca-b678-ae156bd4a3f0,R Thigh Laceration,Mike_5 Root,tourniquet,medium,rightLeg,True,False,"(3.0, 0.3, 2.2)",
TOOL_APPLIED,94473,8/3/2023 12:12:50 PM,c7587083-faff-4bca-b678-ae156bd4a3f0,Mike_5 Root,Tourniquet,RightUpLeg (UnityEngine.GameObject),tor_ring (1) (UnityEngine.GameObject),tourniquet(Clone) (UnityEngine.GameObject),AppliedTourniquet,
BAG_CLOSED,94837,8/3/2023 12:12:50 PM,c7587083-faff-4bca-b678-ae156bd4a3f0,"(2.6, 0.4, 2.6)",
TELEPORT,94837,8/3/2023 12:12:50 PM,c7587083-faff-4bca-b678-ae156bd4a3f0,"(2.1, 0.0, 2.3)",
PULSE_TAKEN,95028,8/3/2023 12:12:51 PM,c7587083-faff-4bca-b678-ae156bd4a3f0,pulse_fast,Mike_5 Root,
PULSE_TAKEN,96054,8/3/2023 12:12:52 PM,c7587083-faff-4bca-b678-ae156bd4a3f0,pulse_fast,Mike_5 Root,
BAG_ACCESS,98760,8/3/2023 12:12:54 PM,c7587083-faff-4bca-b678-ae156bd4a3f0,"(2.6, 0.4, 2.7)",
TAG_SELECTED,99432,8/3/2023 12:12:55 PM,c7587083-faff-4bca-b678-ae156bd4a3f0,yellow,
TAG_APPLIED,100540,8/3/2023 12:12:56 PM,c7587083-faff-4bca-b678-ae156bd4a3f0,Mike_5 Root,yellow,
BAG_CLOSED,101651,8/3/2023 12:12:57 PM,c7587083-faff-4bca-b678-ae156bd4a3f0,"(2.6, 0.4, 2.7)",
TELEPORT,101651,8/3/2023 12:12:57 PM,c7587083-faff-4bca-b678-ae156bd4a3f0,"(2.2, 0.0, 2.4)",
PULSE_TAKEN,102874,8/3/2023 12:12:58 PM,c7587083-faff-4bca-b678-ae156bd4a3f0,pulse_fast,Mike_5 Root,
TELEPORT,103508,8/3/2023 12:12:59 PM,c7587083-faff-4bca-b678-ae156bd4a3f0,"(2.3, 0.0, 1.9)",
TELEPORT,104475,8/3/2023 12:13:00 PM,c7587083-faff-4bca-b678-ae156bd4a3f0,"(2.4, 0.0, 1.9)",
BAG_ACCESS,108429,8/3/2023 12:13:04 PM,c7587083-faff-4bca-b678-ae156bd4a3f0,"(3.4, 0.4, 2.3)",
TOOL_HOVER,108713,8/3/2023 12:13:04 PM,c7587083-faff-4bca-b678-ae156bd4a3f0,Hemostatic Gauze,999,
TOOL_HOVER,108729,8/3/2023 12:13:04 PM,c7587083-faff-4bca-b678-ae156bd4a3f0,Hemostatic Gauze,999,
TOOL_HOVER,108746,8/3/2023 12:13:04 PM,c7587083-faff-4bca-b678-ae156bd4a3f0,Hemostatic Gauze,999,
TOOL_HOVER,108762,8/3/2023 12:13:04 PM,c7587083-faff-4bca-b678-ae156bd4a3f0,Hemostatic Gauze,999,
TOOL_HOVER,108778,8/3/2023 12:13:04 PM,c7587083-faff-4bca-b678-ae156bd4a3f0,Hemostatic Gauze,999,
TOOL_HOVER,108795,8/3/2023 12:13:04 PM,c7587083-faff-4bca-b678-ae156bd4a3f0,Hemostatic Gauze,999,
TOOL_HOVER,108811,8/3/2023 12:13:04 PM,c7587083-faff-4bca-b678-ae156bd4a3f0,Hemostatic Gauze,999,
TOOL_HOVER,108828,8/3/2023 12:13:04 PM,c7587083-faff-4bca-b678-ae156bd4a3f0,Hemostatic Gauze,999,
TOOL_HOVER,108845,8/3/2023 12:13:04 PM,c7587083-faff-4bca-b678-ae156bd4a3f0,Hemostatic Gauze,999,
TOOL_HOVER,108862,8/3/2023 12:13:04 PM,c7587083-faff-4bca-b678-ae156bd4a3f0,Hemostatic Gauze,999,
TOOL_HOVER,108878,8/3/2023 12:13:04 PM,c7587083-faff-4bca-b678-ae156bd4a3f0,Hemostatic Gauze,999,
TOOL_HOVER,108895,8/3/2023 12:13:04 PM,c7587083-faff-4bca-b678-ae156bd4a3f0,Hemostatic Gauze,999,
TOOL_HOVER,108912,8/3/2023 12:13:04 PM,c7587083-faff-4bca-b678-ae156bd4a3f0,Hemostatic Gauze,999,
TOOL_HOVER,108928,8/3/2023 12:13:04 PM,c7587083-faff-4bca-b678-ae156bd4a3f0,Hemostatic Gauze,999,
TOOL_HOVER,108945,8/3/2023 12:13:04 PM,c7587083-faff-4bca-b678-ae156bd4a3f0,Hemostatic Gauze,999,
TOOL_HOVER,108961,8/3/2023 12:13:04 PM,c7587083-faff-4bca-b678-ae156bd4a3f0,Hemostatic Gauze,999,
TOOL_HOVER,108978,8/3/2023 12:13:04 PM,c7587083-faff-4bca-b678-ae156bd4a3f0,Hemostatic Gauze,999,
TOOL_HOVER,108995,8/3/2023 12:13:04 PM,c7587083-faff-4bca-b678-ae156bd4a3f0,Hemostatic Gauze,999,
TOOL_HOVER,109012,8/3/2023 12:13:04 PM,c7587083-faff-4bca-b678-ae156bd4a3f0,Hemostatic Gauze,999,
TOOL_HOVER,109029,8/3/2023 12:13:05 PM,c7587083-faff-4bca-b678-ae156bd4a3f0,Hemostatic Gauze,999,
TOOL_HOVER,109045,8/3/2023 12:13:05 PM,c7587083-faff-4bca-b678-ae156bd4a3f0,Hemostatic Gauze,999,
TOOL_HOVER,109062,8/3/2023 12:13:05 PM,c7587083-faff-4bca-b678-ae156bd4a3f0,Hemostatic Gauze,999,
TOOL_HOVER,109079,8/3/2023 12:13:05 PM,c7587083-faff-4bca-b678-ae156bd4a3f0,Hemostatic Gauze,999,
TOOL_SELECTED,109080,8/3/2023 12:13:05 PM,c7587083-faff-4bca-b678-ae156bd4a3f0,Hemostatic Gauze,998,
TOOL_DISCARDED,110068,8/3/2023 12:13:06 PM,c7587083-faff-4bca-b678-ae156bd4a3f0,Hemostatic Gauze,998,"(3.1, 0.3, 2.5)",
INJURY_TREATED,110070,8/3/2023 12:13:06 PM,c7587083-faff-4bca-b678-ae156bd4a3f0,R Side Puncture,Mike_5 Root,woundpack,medium,abdomen,True,False,"(3.1, 0.3, 2.5)",
TOOL_APPLIED,110070,8/3/2023 12:13:06 PM,c7587083-faff-4bca-b678-ae156bd4a3f0,Mike_5 Root,Gauze_Pack,skinCollider_BodyCollideLOD (UnityEngine.GameObject),null,null,AppliedPackingGauze,
BAG_CLOSED,111674,8/3/2023 12:13:07 PM,c7587083-faff-4bca-b678-ae156bd4a3f0,"(3.4, 0.4, 2.3)",
TELEPORT,113336,8/3/2023 12:13:09 PM,c7587083-faff-4bca-b678-ae156bd4a3f0,"(3.1, 0.0, 1.8)",
TELEPORT,116083,8/3/2023 12:13:12 PM,c7587083-faff-4bca-b678-ae156bd4a3f0,"(1.9, 0.0, 4.8)",
PATIENT_ENGAGED,118216,8/3/2023 12:13:14 PM,c7587083-faff-4bca-b678-ae156bd4a3f0,100,Infinity,Lily_4 Root,"(1.2, 0.0, 6.2)","(0.0, 1.0, 0.0, 0.0)",IMMEDIATE,waver,fast,normal,normal,upset,fetal,
TELEPORT,118615,8/3/2023 12:13:14 PM,c7587083-faff-4bca-b678-ae156bd4a3f0,"(0.9, 0.0, 5.1)",
BAG_ACCESS,120401,8/3/2023 12:13:16 PM,c7587083-faff-4bca-b678-ae156bd4a3f0,"(1.0, 0.4, 5.7)",
TELEPORT,120517,8/3/2023 12:13:16 PM,c7587083-faff-4bca-b678-ae156bd4a3f0,"(0.8, 0.0, 5.4)",
VOICE_CAPTURE,121337,8/3/2023 12:13:17 PM,c7587083-faff-4bca-b678-ae156bd4a3f0,do you know your name,NA,
VOICE_COMMAND,121337,8/3/2023 12:13:17 PM,c7587083-faff-4bca-b678-ae156bd4a3f0,what is your name,do you know your name,
VOICE_CAPTURE,121822,8/3/2023 12:13:17 PM,c7587083-faff-4bca-b678-ae156bd4a3f0,what is your name,NA,
VOICE_COMMAND,121822,8/3/2023 12:13:17 PM,c7587083-faff-4bca-b678-ae156bd4a3f0,what is your name,what is your name,
TOOL_HOVER,124511,8/3/2023 12:13:20 PM,c7587083-faff-4bca-b678-ae156bd4a3f0,Hemostatic Gauze,999,
TOOL_HOVER,124527,8/3/2023 12:13:20 PM,c7587083-faff-4bca-b678-ae156bd4a3f0,Hemostatic Gauze,999,
TOOL_HOVER,124544,8/3/2023 12:13:20 PM,c7587083-faff-4bca-b678-ae156bd4a3f0,Hemostatic Gauze,999,
TOOL_HOVER,124562,8/3/2023 12:13:20 PM,c7587083-faff-4bca-b678-ae156bd4a3f0,Hemostatic Gauze,999,
TOOL_HOVER,124577,8/3/2023 12:13:20 PM,c7587083-faff-4bca-b678-ae156bd4a3f0,Hemostatic Gauze,999,
TOOL_HOVER,124594,8/3/2023 12:13:20 PM,c7587083-faff-4bca-b678-ae156bd4a3f0,Hemostatic Gauze,999,
TOOL_HOVER,124611,8/3/2023 12:13:20 PM,c7587083-faff-4bca-b678-ae156bd4a3f0,Hemostatic Gauze,999,
TOOL_HOVER,124627,8/3/2023 12:13:20 PM,c7587083-faff-4bca-b678-ae156bd4a3f0,Hemostatic Gauze,999,
TOOL_HOVER,124644,8/3/2023 12:13:20 PM,c7587083-faff-4bca-b678-ae156bd4a3f0,Hemostatic Gauze,999,
TOOL_HOVER,124661,8/3/2023 12:13:20 PM,c7587083-faff-4bca-b678-ae156bd4a3f0,Hemostatic Gauze,999,
TOOL_HOVER,124677,8/3/2023 12:13:20 PM,c7587083-faff-4bca-b678-ae156bd4a3f0,Hemostatic Gauze,999,
TOOL_HOVER,124694,8/3/2023 12:13:20 PM,c7587083-faff-4bca-b678-ae156bd4a3f0,Hemostatic Gauze,999,
TOOL_HOVER,124712,8/3/2023 12:13:20 PM,c7587083-faff-4bca-b678-ae156bd4a3f0,Hemostatic Gauze,999,
TOOL_HOVER,124727,8/3/2023 12:13:20 PM,c7587083-faff-4bca-b678-ae156bd4a3f0,Hemostatic Gauze,999,
TOOL_HOVER,124745,8/3/2023 12:13:20 PM,c7587083-faff-4bca-b678-ae156bd4a3f0,Hemostatic Gauze,999,
TOOL_HOVER,124761,8/3/2023 12:13:20 PM,c7587083-faff-4bca-b678-ae156bd4a3f0,Hemostatic Gauze,999,
TOOL_HOVER,124778,8/3/2023 12:13:20 PM,c7587083-faff-4bca-b678-ae156bd4a3f0,Hemostatic Gauze,999,
TOOL_SELECTED,124779,8/3/2023 12:13:20 PM,c7587083-faff-4bca-b678-ae156bd4a3f0,Hemostatic Gauze,998,
TOOL_DISCARDED,125835,8/3/2023 12:13:21 PM,c7587083-faff-4bca-b678-ae156bd4a3f0,Hemostatic Gauze,998,"(0.9, 0.3, 6.4)",
TOOL_DISCARDED,125835,8/3/2023 12:13:21 PM,c7587083-faff-4bca-b678-ae156bd4a3f0,Hemostatic Gauze,999,"(0.9, 0.3, 6.4)",
VOICE_CAPTURE,126135,8/3/2023 12:13:22 PM,c7587083-faff-4bca-b678-ae156bd4a3f0,OK Lily,NA,
BAG_CLOSED,126385,8/3/2023 12:13:22 PM,c7587083-faff-4bca-b678-ae156bd4a3f0,"(0.9, 0.4, 5.8)",
TELEPORT,126385,8/3/2023 12:13:22 PM,c7587083-faff-4bca-b678-ae156bd4a3f0,"(0.8, 0.0, 5.6)",
BAG_ACCESS,128222,8/3/2023 12:13:24 PM,c7587083-faff-4bca-b678-ae156bd4a3f0,"(0.8, 0.4, 5.9)",
TOOL_HOVER,128805,8/3/2023 12:13:24 PM,c7587083-faff-4bca-b678-ae156bd4a3f0,Hemostatic Gauze,1000,
TOOL_HOVER,128822,8/3/2023 12:13:24 PM,c7587083-faff-4bca-b678-ae156bd4a3f0,Hemostatic Gauze,1000,
TOOL_HOVER,128839,8/3/2023 12:13:24 PM,c7587083-faff-4bca-b678-ae156bd4a3f0,Hemostatic Gauze,1000,
TOOL_HOVER,128855,8/3/2023 12:13:24 PM,c7587083-faff-4bca-b678-ae156bd4a3f0,Hemostatic Gauze,1000,
TOOL_HOVER,128873,8/3/2023 12:13:24 PM,c7587083-faff-4bca-b678-ae156bd4a3f0,Hemostatic Gauze,1000,
TOOL_HOVER,128889,8/3/2023 12:13:24 PM,c7587083-faff-4bca-b678-ae156bd4a3f0,Hemostatic Gauze,1000,
TOOL_HOVER,128906,8/3/2023 12:13:24 PM,c7587083-faff-4bca-b678-ae156bd4a3f0,Hemostatic Gauze,1000,
TOOL_HOVER,128923,8/3/2023 12:13:24 PM,c7587083-faff-4bca-b678-ae156bd4a3f0,Hemostatic Gauze,1000,
TOOL_HOVER,128940,8/3/2023 12:13:24 PM,c7587083-faff-4bca-b678-ae156bd4a3f0,Hemostatic Gauze,1000,
TOOL_HOVER,128957,8/3/2023 12:13:24 PM,c7587083-faff-4bca-b678-ae156bd4a3f0,Hemostatic Gauze,1000,
TOOL_HOVER,128973,8/3/2023 12:13:24 PM,c7587083-faff-4bca-b678-ae156bd4a3f0,Hemostatic Gauze,1000,
TOOL_HOVER,128990,8/3/2023 12:13:24 PM,c7587083-faff-4bca-b678-ae156bd4a3f0,Hemostatic Gauze,1000,
TOOL_HOVER,129007,8/3/2023 12:13:24 PM,c7587083-faff-4bca-b678-ae156bd4a3f0,Hemostatic Gauze,1000,
TOOL_HOVER,129024,8/3/2023 12:13:24 PM,c7587083-faff-4bca-b678-ae156bd4a3f0,Hemostatic Gauze,1000,
TOOL_SELECTED,129025,8/3/2023 12:13:25 PM,c7587083-faff-4bca-b678-ae156bd4a3f0,Hemostatic Gauze,999,
TOOL_DISCARDED,129892,8/3/2023 12:13:25 PM,c7587083-faff-4bca-b678-ae156bd4a3f0,Hemostatic Gauze,999,"(0.9, 0.3, 6.5)",
INJURY_TREATED,129892,8/3/2023 12:13:25 PM,c7587083-faff-4bca-b678-ae156bd4a3f0,L Side Puncture,Lily_4 Root,woundpack,medium,abdomen,True,False,"(0.9, 0.2, 6.5)",
TOOL_APPLIED,129892,8/3/2023 12:13:25 PM,c7587083-faff-4bca-b678-ae156bd4a3f0,Lily_4 Root,Gauze_Pack,skinCollider_BodyLOD (UnityEngine.GameObject),null,null,AppliedPackingGauze,
BAG_CLOSED,130409,8/3/2023 12:13:26 PM,c7587083-faff-4bca-b678-ae156bd4a3f0,"(0.8, 0.4, 5.9)",
TELEPORT,130409,8/3/2023 12:13:26 PM,c7587083-faff-4bca-b678-ae156bd4a3f0,"(0.7, 0.0, 5.6)",
BAG_ACCESS,132329,8/3/2023 12:13:28 PM,c7587083-faff-4bca-b678-ae156bd4a3f0,"(0.7, 0.4, 6.0)",
TELEPORT,132480,8/3/2023 12:13:28 PM,c7587083-faff-4bca-b678-ae156bd4a3f0,"(0.6, 0.0, 5.7)",
PULSE_TAKEN,132831,8/3/2023 12:13:28 PM,c7587083-faff-4bca-b678-ae156bd4a3f0,pulse_fast,Lily_4 Root,
PULSE_TAKEN,133283,8/3/2023 12:13:29 PM,c7587083-faff-4bca-b678-ae156bd4a3f0,pulse_fast,Lily_4 Root,
TAG_SELECTED,139498,8/3/2023 12:13:35 PM,c7587083-faff-4bca-b678-ae156bd4a3f0,yellow,
TAG_APPLIED,140651,8/3/2023 12:13:36 PM,c7587083-faff-4bca-b678-ae156bd4a3f0,Lily_4 Root,yellow,
BAG_CLOSED,142137,8/3/2023 12:13:38 PM,c7587083-faff-4bca-b678-ae156bd4a3f0,"(0.8, 0.4, 6.0)",
TELEPORT,142137,8/3/2023 12:13:38 PM,c7587083-faff-4bca-b678-ae156bd4a3f0,"(0.7, 0.0, 5.7)",
VOICE_CAPTURE,143673,8/3/2023 12:13:39 PM,c7587083-faff-4bca-b678-ae156bd4a3f0,I don't see anything else so I'll call you yeah yes,NA,
TELEPORT,144056,8/3/2023 12:13:40 PM,c7587083-faff-4bca-b678-ae156bd4a3f0,"(0.3, 0.0, 7.6)",
PATIENT_ENGAGED,144292,8/3/2023 12:13:40 PM,c7587083-faff-4bca-b678-ae156bd4a3f0,100,Infinity,Gary_1 Root,"(1.6, 0.0, 7.6)","(0.0, 1.0, 0.0, 0.0)",EXPECTANT,still,none,restricted,none,unresponsive,supine,
PULSE_TAKEN,145411,8/3/2023 12:13:41 PM,c7587083-faff-4bca-b678-ae156bd4a3f0,pulse_none,Gary_1 Root,
BAG_ACCESS,150608,8/3/2023 12:13:46 PM,c7587083-faff-4bca-b678-ae156bd4a3f0,"(0.9, 0.4, 7.9)",
TAG_SELECTED,151677,8/3/2023 12:13:47 PM,c7587083-faff-4bca-b678-ae156bd4a3f0,black,
TAG_DISCARDED,152546,8/3/2023 12:13:48 PM,c7587083-faff-4bca-b678-ae156bd4a3f0,black,"(1.4, 0.6, 8.2)",
VOICE_CAPTURE,152662,8/3/2023 12:13:48 PM,c7587083-faff-4bca-b678-ae156bd4a3f0,OK,NA,
VOICE_CAPTURE,154049,8/3/2023 12:13:50 PM,c7587083-faff-4bca-b678-ae156bd4a3f0,please call you,NA,
TAG_SELECTED,154216,8/3/2023 12:13:50 PM,c7587083-faff-4bca-b678-ae156bd4a3f0,gray,
TAG_DISCARDED,155117,8/3/2023 12:13:51 PM,c7587083-faff-4bca-b678-ae156bd4a3f0,gray,"(1.1, 0.3, 8.0)",
TAG_SELECTED,157356,8/3/2023 12:13:53 PM,c7587083-faff-4bca-b678-ae156bd4a3f0,gray,
TAG_APPLIED,158376,8/3/2023 12:13:54 PM,c7587083-faff-4bca-b678-ae156bd4a3f0,Gary_1 Root,gray,
BAG_CLOSED,160319,8/3/2023 12:13:56 PM,c7587083-faff-4bca-b678-ae156bd4a3f0,"(0.9, 0.4, 7.9)",
TELEPORT,161049,8/3/2023 12:13:57 PM,c7587083-faff-4bca-b678-ae156bd4a3f0,"(0.7, 0.0, 7.5)",
VOICE_CAPTURE,161099,8/3/2023 12:13:57 PM,c7587083-faff-4bca-b678-ae156bd4a3f0,I think that took,NA,
PATIENT_ENGAGED,162568,8/3/2023 12:13:58 PM,c7587083-faff-4bca-b678-ae156bd4a3f0,100,0,Gary_9 Root,"(3.0, 0.0, 9.2)","(0.0, 0.9, 0.0, -0.4)",MINIMAL,walker,normal,normal,limited,calm,standing,
TELEPORT,163805,8/3/2023 12:13:59 PM,c7587083-faff-4bca-b678-ae156bd4a3f0,"(1.8, 0.0, 8.5)",
BAG_ACCESS,168133,8/3/2023 12:14:04 PM,c7587083-faff-4bca-b678-ae156bd4a3f0,"(2.5, 0.8, 8.3)",
VOICE_CAPTURE,168900,8/3/2023 12:14:04 PM,c7587083-faff-4bca-b678-ae156bd4a3f0,do you know your name,NA,
VOICE_COMMAND,168900,8/3/2023 12:14:04 PM,c7587083-faff-4bca-b678-ae156bd4a3f0,what is your name,do you know your name,
TAG_SELECTED,171608,8/3/2023 12:14:07 PM,c7587083-faff-4bca-b678-ae156bd4a3f0,yellow,
TAG_DISCARDED,174029,8/3/2023 12:14:10 PM,c7587083-faff-4bca-b678-ae156bd4a3f0,yellow,"(2.8, 1.1, 9.0)",
BAG_CLOSED,174682,8/3/2023 12:14:10 PM,c7587083-faff-4bca-b678-ae156bd4a3f0,"(2.5, 0.8, 8.3)",
TELEPORT,174682,8/3/2023 12:14:10 PM,c7587083-faff-4bca-b678-ae156bd4a3f0,"(2.0, 0.0, 8.6)",
TELEPORT,175049,8/3/2023 12:14:11 PM,c7587083-faff-4bca-b678-ae156bd4a3f0,"(2.0, 0.0, 8.8)",
BAG_ACCESS,177839,8/3/2023 12:14:13 PM,c7587083-faff-4bca-b678-ae156bd4a3f0,"(2.5, 0.8, 8.6)",
TAG_SELECTED,178413,8/3/2023 12:14:14 PM,c7587083-faff-4bca-b678-ae156bd4a3f0,yellow,
TAG_APPLIED,179276,8/3/2023 12:14:15 PM,c7587083-faff-4bca-b678-ae156bd4a3f0,Gary_9 Root,yellow,
BAG_CLOSED,180163,8/3/2023 12:14:16 PM,c7587083-faff-4bca-b678-ae156bd4a3f0,"(2.5, 0.8, 8.6)",
TELEPORT,180164,8/3/2023 12:14:16 PM,c7587083-faff-4bca-b678-ae156bd4a3f0,"(2.0, 0.0, 8.8)",
VOICE_CAPTURE,182898,8/3/2023 12:14:18 PM,c7587083-faff-4bca-b678-ae156bd4a3f0,how about you,NA,
TELEPORT,183880,8/3/2023 12:14:19 PM,c7587083-faff-4bca-b678-ae156bd4a3f0,"(1.2, 0.0, 5.5)",
PATIENT_ENGAGED,185147,8/3/2023 12:14:21 PM,c7587083-faff-4bca-b678-ae156bd4a3f0,100,Infinity,Mike_7 Root,"(1.3, 0.0, 3.4)","(0.0, 0.1, 0.0, 1.0)",DELAYED,waver,fast,normal,normal,upset,sittingGround,
TELEPORT,185582,8/3/2023 12:14:21 PM,c7587083-faff-4bca-b678-ae156bd4a3f0,"(0.9, 0.0, 4.9)",
BAG_ACCESS,186909,8/3/2023 12:14:22 PM,c7587083-faff-4bca-b678-ae156bd4a3f0,"(1.1, 0.4, 4.3)",
BAG_CLOSED,187471,8/3/2023 12:14:23 PM,c7587083-faff-4bca-b678-ae156bd4a3f0,"(1.1, 0.4, 4.3)",
TELEPORT,187471,8/3/2023 12:14:23 PM,c7587083-faff-4bca-b678-ae156bd4a3f0,"(0.8, 0.0, 4.8)",
BAG_ACCESS,188855,8/3/2023 12:14:24 PM,c7587083-faff-4bca-b678-ae156bd4a3f0,"(1.0, 0.4, 4.1)",
TOOL_HOVER,189402,8/3/2023 12:14:25 PM,c7587083-faff-4bca-b678-ae156bd4a3f0,Tourniquet,997,
TOOL_HOVER,189422,8/3/2023 12:14:25 PM,c7587083-faff-4bca-b678-ae156bd4a3f0,Tourniquet,997,
TOOL_HOVER,189442,8/3/2023 12:14:25 PM,c7587083-faff-4bca-b678-ae156bd4a3f0,Tourniquet,997,
TOOL_HOVER,189463,8/3/2023 12:14:25 PM,c7587083-faff-4bca-b678-ae156bd4a3f0,Tourniquet,997,
TOOL_HOVER,189484,8/3/2023 12:14:25 PM,c7587083-faff-4bca-b678-ae156bd4a3f0,Tourniquet,997,
TOOL_HOVER,189503,8/3/2023 12:14:25 PM,c7587083-faff-4bca-b678-ae156bd4a3f0,Tourniquet,997,
TOOL_HOVER,189522,8/3/2023 12:14:25 PM,c7587083-faff-4bca-b678-ae156bd4a3f0,Tourniquet,997,
TOOL_HOVER,189542,8/3/2023 12:14:25 PM,c7587083-faff-4bca-b678-ae156bd4a3f0,Tourniquet,997,
TOOL_HOVER,189562,8/3/2023 12:14:25 PM,c7587083-faff-4bca-b678-ae156bd4a3f0,Tourniquet,997,
TOOL_HOVER,189584,8/3/2023 12:14:25 PM,c7587083-faff-4bca-b678-ae156bd4a3f0,Tourniquet,997,
TOOL_HOVER,189607,8/3/2023 12:14:25 PM,c7587083-faff-4bca-b678-ae156bd4a3f0,Tourniquet,997,
TOOL_HOVER,189624,8/3/2023 12:14:25 PM,c7587083-faff-4bca-b678-ae156bd4a3f0,Tourniquet,997,
TOOL_HOVER,189644,8/3/2023 12:14:25 PM,c7587083-faff-4bca-b678-ae156bd4a3f0,Tourniquet,997,
TOOL_HOVER,189664,8/3/2023 12:14:25 PM,c7587083-faff-4bca-b678-ae156bd4a3f0,Tourniquet,997,
TOOL_HOVER,189683,8/3/2023 12:14:25 PM,c7587083-faff-4bca-b678-ae156bd4a3f0,Tourniquet,997,
TOOL_HOVER,189702,8/3/2023 12:14:25 PM,c7587083-faff-4bca-b678-ae156bd4a3f0,Gauze,999,
TOOL_HOVER,189720,8/3/2023 12:14:25 PM,c7587083-faff-4bca-b678-ae156bd4a3f0,Gauze,999,
TOOL_SELECTED,189721,8/3/2023 12:14:25 PM,c7587083-faff-4bca-b678-ae156bd4a3f0,Gauze,998,
BAG_CLOSED,190478,8/3/2023 12:14:26 PM,c7587083-faff-4bca-b678-ae156bd4a3f0,"(1.0, 0.4, 4.1)",
TELEPORT,190478,8/3/2023 12:14:26 PM,c7587083-faff-4bca-b678-ae156bd4a3f0,"(0.7, 0.0, 4.6)",
TOOL_DISCARDED,191013,8/3/2023 12:14:26 PM,c7587083-faff-4bca-b678-ae156bd4a3f0,Gauze,998,"(0.7, 0.2, 3.6)",
TOOL_DISCARDED,191013,8/3/2023 12:14:26 PM,c7587083-faff-4bca-b678-ae156bd4a3f0,Gauze,999,"(0.7, 0.2, 3.6)",
BAG_ACCESS,193621,8/3/2023 12:14:29 PM,c7587083-faff-4bca-b678-ae156bd4a3f0,"(1.0, 0.4, 4.1)",
TOOL_HOVER,194204,8/3/2023 12:14:30 PM,c7587083-faff-4bca-b678-ae156bd4a3f0,Gauze,1000,
TOOL_HOVER,194221,8/3/2023 12:14:30 PM,c7587083-faff-4bca-b678-ae156bd4a3f0,Gauze,1000,
TOOL_HOVER,194239,8/3/2023 12:14:30 PM,c7587083-faff-4bca-b678-ae156bd4a3f0,Gauze,1000,
TOOL_HOVER,194260,8/3/2023 12:14:30 PM,c7587083-faff-4bca-b678-ae156bd4a3f0,Gauze,1000,
TOOL_HOVER,194276,8/3/2023 12:14:30 PM,c7587083-faff-4bca-b678-ae156bd4a3f0,Gauze,1000,
TOOL_HOVER,194295,8/3/2023 12:14:30 PM,c7587083-faff-4bca-b678-ae156bd4a3f0,Gauze,1000,
TOOL_HOVER,194311,8/3/2023 12:14:30 PM,c7587083-faff-4bca-b678-ae156bd4a3f0,Gauze,1000,
TOOL_HOVER,194328,8/3/2023 12:14:30 PM,c7587083-faff-4bca-b678-ae156bd4a3f0,Gauze,1000,
TOOL_HOVER,194344,8/3/2023 12:14:30 PM,c7587083-faff-4bca-b678-ae156bd4a3f0,Gauze,1000,
TOOL_HOVER,194361,8/3/2023 12:14:30 PM,c7587083-faff-4bca-b678-ae156bd4a3f0,Gauze,1000,
TOOL_HOVER,194378,8/3/2023 12:14:30 PM,c7587083-faff-4bca-b678-ae156bd4a3f0,Gauze,1000,
TOOL_HOVER,194394,8/3/2023 12:14:30 PM,c7587083-faff-4bca-b678-ae156bd4a3f0,Gauze,1000,
TOOL_HOVER,194411,8/3/2023 12:14:30 PM,c7587083-faff-4bca-b678-ae156bd4a3f0,Tourniquet,997,
TOOL_HOVER,194429,8/3/2023 12:14:30 PM,c7587083-faff-4bca-b678-ae156bd4a3f0,Tourniquet,997,
TOOL_HOVER,194444,8/3/2023 12:14:30 PM,c7587083-faff-4bca-b678-ae156bd4a3f0,Tourniquet,997,
TOOL_HOVER,194461,8/3/2023 12:14:30 PM,c7587083-faff-4bca-b678-ae156bd4a3f0,Tourniquet,997,
TOOL_HOVER,194478,8/3/2023 12:14:30 PM,c7587083-faff-4bca-b678-ae156bd4a3f0,Tourniquet,997,
TOOL_HOVER,194495,8/3/2023 12:14:30 PM,c7587083-faff-4bca-b678-ae156bd4a3f0,Tourniquet,997,
TOOL_HOVER,194511,8/3/2023 12:14:30 PM,c7587083-faff-4bca-b678-ae156bd4a3f0,Tourniquet,997,
TOOL_HOVER,194528,8/3/2023 12:14:30 PM,c7587083-faff-4bca-b678-ae156bd4a3f0,Tourniquet,997,
TOOL_SELECTED,194529,8/3/2023 12:14:30 PM,c7587083-faff-4bca-b678-ae156bd4a3f0,Tourniquet,996,
VOICE_CAPTURE,194689,8/3/2023 12:14:30 PM,c7587083-faff-4bca-b678-ae156bd4a3f0,that's,NA,
BAG_CLOSED,195419,8/3/2023 12:14:31 PM,c7587083-faff-4bca-b678-ae156bd4a3f0,"(1.0, 0.4, 4.1)",
TELEPORT,195419,8/3/2023 12:14:31 PM,c7587083-faff-4bca-b678-ae156bd4a3f0,"(0.7, 0.0, 4.5)",
TELEPORT,196283,8/3/2023 12:14:32 PM,c7587083-faff-4bca-b678-ae156bd4a3f0,"(0.7, 0.0, 4.4)",
INJURY_TREATED,197153,8/3/2023 12:14:33 PM,c7587083-faff-4bca-b678-ae156bd4a3f0,L Thigh Puncture,Mike_7 Root,tourniquet,medium,leftLeg,True,False,"(0.7, 0.1, 3.5)",
TOOL_APPLIED,197153,8/3/2023 12:14:33 PM,c7587083-faff-4bca-b678-ae156bd4a3f0,Mike_7 Root,Tourniquet,LeftUpLeg (UnityEngine.GameObject),tor_ring (1) (UnityEngine.GameObject),tourniquet(Clone) (UnityEngine.GameObject),AppliedTourniquet,
BAG_ACCESS,201838,8/3/2023 12:14:37 PM,c7587083-faff-4bca-b678-ae156bd4a3f0,"(1.2, 0.5, 3.8)",
TOOL_HOVER,202407,8/3/2023 12:14:38 PM,c7587083-faff-4bca-b678-ae156bd4a3f0,Gauze,1000,
TOOL_HOVER,202423,8/3/2023 12:14:38 PM,c7587083-faff-4bca-b678-ae156bd4a3f0,Gauze,1000,
TOOL_HOVER,202439,8/3/2023 12:14:38 PM,c7587083-faff-4bca-b678-ae156bd4a3f0,Gauze,1000,
TOOL_HOVER,202458,8/3/2023 12:14:38 PM,c7587083-faff-4bca-b678-ae156bd4a3f0,Gauze,1000,
TOOL_HOVER,202474,8/3/2023 12:14:38 PM,c7587083-faff-4bca-b678-ae156bd4a3f0,Gauze,1000,
TOOL_HOVER,202491,8/3/2023 12:14:38 PM,c7587083-faff-4bca-b678-ae156bd4a3f0,Gauze,1000,
TOOL_HOVER,202506,8/3/2023 12:14:38 PM,c7587083-faff-4bca-b678-ae156bd4a3f0,Gauze,1000,
TOOL_HOVER,202522,8/3/2023 12:14:38 PM,c7587083-faff-4bca-b678-ae156bd4a3f0,Gauze,1000,
TOOL_HOVER,202538,8/3/2023 12:14:38 PM,c7587083-faff-4bca-b678-ae156bd4a3f0,Gauze,1000,
TOOL_HOVER,202556,8/3/2023 12:14:38 PM,c7587083-faff-4bca-b678-ae156bd4a3f0,Gauze,1000,
TOOL_HOVER,202573,8/3/2023 12:14:38 PM,c7587083-faff-4bca-b678-ae156bd4a3f0,Gauze,1000,
TOOL_HOVER,202589,8/3/2023 12:14:38 PM,c7587083-faff-4bca-b678-ae156bd4a3f0,Gauze,1000,
TOOL_HOVER,202606,8/3/2023 12:14:38 PM,c7587083-faff-4bca-b678-ae156bd4a3f0,Gauze,1000,
TOOL_SELECTED,202607,8/3/2023 12:14:38 PM,c7587083-faff-4bca-b678-ae156bd4a3f0,Gauze,999,
TOOL_DISCARDED,203528,8/3/2023 12:14:39 PM,c7587083-faff-4bca-b678-ae156bd4a3f0,Gauze,999,"(1.3, 0.2, 3.8)",
INJURY_TREATED,203528,8/3/2023 12:14:39 PM,c7587083-faff-4bca-b678-ae156bd4a3f0,R Calf Laceration,Mike_7 Root,gauzePressure,low,rightLeg,True,False,"(1.3, 0.2, 3.8)",
TOOL_APPLIED,203528,8/3/2023 12:14:39 PM,c7587083-faff-4bca-b678-ae156bd4a3f0,Mike_7 Root,Gauze_Dressing,skinCollider_BodyCollideLOD (UnityEngine.GameObject),null,null,AppliedDressingGauze,
TAG_SELECTED,206034,8/3/2023 12:14:42 PM,c7587083-faff-4bca-b678-ae156bd4a3f0,yellow,
TAG_APPLIED,206750,8/3/2023 12:14:42 PM,c7587083-faff-4bca-b678-ae156bd4a3f0,Mike_7 Root,yellow,
BAG_CLOSED,207739,8/3/2023 12:14:43 PM,c7587083-faff-4bca-b678-ae156bd4a3f0,"(1.2, 0.5, 3.8)",
TELEPORT,209309,8/3/2023 12:14:45 PM,c7587083-faff-4bca-b678-ae156bd4a3f0,"(0.7, 0.0, 4.7)",
TELEPORT,211236,8/3/2023 12:14:47 PM,c7587083-faff-4bca-b678-ae156bd4a3f0,"(1.0, 0.0, 2.4)",
PATIENT_ENGAGED,211770,8/3/2023 12:14:47 PM,c7587083-faff-4bca-b678-ae156bd4a3f0,100,0,Gary_3 Root,"(0.4, 0.0, 1.7)","(0.0, 0.0, 0.0, 1.0)",IMMEDIATE,still,faint,collapsedRight,normal,unresponsive,supine,
PULSE_TAKEN,212136,8/3/2023 12:14:48 PM,c7587083-faff-4bca-b678-ae156bd4a3f0,pulse_faint,Gary_3 Root,
TELEPORT,216274,8/3/2023 12:14:52 PM,c7587083-faff-4bca-b678-ae156bd4a3f0,"(0.5, 0.0, 2.3)",
BAG_ACCESS,216858,8/3/2023 12:14:52 PM,c7587083-faff-4bca-b678-ae156bd4a3f0,"(0.8, 0.4, 1.7)",
TOOL_HOVER,220102,8/3/2023 12:14:56 PM,c7587083-faff-4bca-b678-ae156bd4a3f0,Needle,999,
TOOL_HOVER,220121,8/3/2023 12:14:56 PM,c7587083-faff-4bca-b678-ae156bd4a3f0,Needle,999,
TOOL_HOVER,220139,8/3/2023 12:14:56 PM,c7587083-faff-4bca-b678-ae156bd4a3f0,Needle,999,
TOOL_HOVER,220156,8/3/2023 12:14:56 PM,c7587083-faff-4bca-b678-ae156bd4a3f0,Needle,999,
TOOL_HOVER,220174,8/3/2023 12:14:56 PM,c7587083-faff-4bca-b678-ae156bd4a3f0,Needle,999,
TOOL_HOVER,220191,8/3/2023 12:14:56 PM,c7587083-faff-4bca-b678-ae156bd4a3f0,Needle,999,
TOOL_HOVER,220208,8/3/2023 12:14:56 PM,c7587083-faff-4bca-b678-ae156bd4a3f0,Needle,999,
TOOL_HOVER,220226,8/3/2023 12:14:56 PM,c7587083-faff-4bca-b678-ae156bd4a3f0,Needle,999,
TOOL_HOVER,220243,8/3/2023 12:14:56 PM,c7587083-faff-4bca-b678-ae156bd4a3f0,Needle,999,
TOOL_HOVER,220259,8/3/2023 12:14:56 PM,c7587083-faff-4bca-b678-ae156bd4a3f0,Needle,999,
TOOL_HOVER,220277,8/3/2023 12:14:56 PM,c7587083-faff-4bca-b678-ae156bd4a3f0,Needle,999,
TOOL_HOVER,220292,8/3/2023 12:14:56 PM,c7587083-faff-4bca-b678-ae156bd4a3f0,Needle,999,
TOOL_HOVER,220310,8/3/2023 12:14:56 PM,c7587083-faff-4bca-b678-ae156bd4a3f0,Needle,999,
TOOL_HOVER,220326,8/3/2023 12:14:56 PM,c7587083-faff-4bca-b678-ae156bd4a3f0,Needle,999,
TOOL_HOVER,220343,8/3/2023 12:14:56 PM,c7587083-faff-4bca-b678-ae156bd4a3f0,Needle,999,
TOOL_HOVER,220360,8/3/2023 12:14:56 PM,c7587083-faff-4bca-b678-ae156bd4a3f0,Needle,999,
TOOL_HOVER,220377,8/3/2023 12:14:56 PM,c7587083-faff-4bca-b678-ae156bd4a3f0,Needle,999,
TOOL_HOVER,220392,8/3/2023 12:14:56 PM,c7587083-faff-4bca-b678-ae156bd4a3f0,Needle,999,
TOOL_HOVER,220410,8/3/2023 12:14:56 PM,c7587083-faff-4bca-b678-ae156bd4a3f0,Needle,999,
TOOL_HOVER,220426,8/3/2023 12:14:56 PM,c7587083-faff-4bca-b678-ae156bd4a3f0,Needle,999,
TOOL_SELECTED,220427,8/3/2023 12:14:56 PM,c7587083-faff-4bca-b678-ae156bd4a3f0,Needle,998,
BAG_CLOSED,221160,8/3/2023 12:14:57 PM,c7587083-faff-4bca-b678-ae156bd4a3f0,"(0.8, 0.3, 1.7)",
TELEPORT,221160,8/3/2023 12:14:57 PM,c7587083-faff-4bca-b678-ae156bd4a3f0,"(0.5, 0.0, 2.2)",
INJURY_TREATED,222466,8/3/2023 12:14:58 PM,c7587083-faff-4bca-b678-ae156bd4a3f0,R Chest Collapse,Gary_3 Root,decompress,high,chest,True,False,"(0.0, 0.0, 0.0)",
TOOL_APPLIED,222466,8/3/2023 12:14:58 PM,c7587083-faff-4bca-b678-ae156bd4a3f0,Needle_Decomp(Clone),Needle,LChest_Breathe1 (UnityEngine.GameObject),cath_needle (UnityEngine.GameObject),left_chest,Needle_Decomp(Clone) (UnityEngine.GameObject),AppliedDecompNeedle,
BAG_ACCESS,225161,8/3/2023 12:15:01 PM,c7587083-faff-4bca-b678-ae156bd4a3f0,"(0.9, 0.4, 1.7)",
TAG_SELECTED,225547,8/3/2023 12:15:01 PM,c7587083-faff-4bca-b678-ae156bd4a3f0,red,
TAG_APPLIED,226235,8/3/2023 12:15:02 PM,c7587083-faff-4bca-b678-ae156bd4a3f0,Gary_3 Root,red,
BAG_CLOSED,226568,8/3/2023 12:15:02 PM,c7587083-faff-4bca-b678-ae156bd4a3f0,"(0.9, 0.4, 1.7)",
TELEPORT,226568,8/3/2023 12:15:02 PM,c7587083-faff-4bca-b678-ae156bd4a3f0,"(0.5, 0.0, 2.1)",
PULSE_TAKEN,227034,8/3/2023 12:15:03 PM,c7587083-faff-4bca-b678-ae156bd4a3f0,pulse_faint,Gary_3 Root,
TELEPORT,227035,8/3/2023 12:15:03 PM,c7587083-faff-4bca-b678-ae156bd4a3f0,"(0.7, 0.0, 2.1)",
VOICE_CAPTURE,231359,8/3/2023 12:15:07 PM,c7587083-faff-4bca-b678-ae156bd4a3f0,Can you hear me,NA,
BAG_ACCESS,232915,8/3/2023 12:15:08 PM,c7587083-faff-4bca-b678-ae156bd4a3f0,"(1.2, 0.6, 1.6)",
BAG_CLOSED,236425,8/3/2023 12:15:12 PM,c7587083-faff-4bca-b678-ae156bd4a3f0,"(1.2, 0.6, 1.6)",
TELEPORT,236425,8/3/2023 12:15:12 PM,c7587083-faff-4bca-b678-ae156bd4a3f0,"(0.8, 0.0, 2.0)",
PATIENT_ENGAGED,238646,8/3/2023 12:15:14 PM,c7587083-faff-4bca-b678-ae156bd4a3f0,100,Infinity,Gloria_6 Root,"(-1.2, 0.0, 3.1)","(0.0, 0.4, 0.0, 0.9)",DELAYED,waver,fast,normal,normal,upset,fetal,
TELEPORT,239196,8/3/2023 12:15:15 PM,c7587083-faff-4bca-b678-ae156bd4a3f0,"(-1.1, 0.0, 3.7)",
VOICE_CAPTURE,240631,8/3/2023 12:15:16 PM,c7587083-faff-4bca-b678-ae156bd4a3f0,OK so you you you how about you,NA,
TELEPORT,241518,8/3/2023 12:15:17 PM,c7587083-faff-4bca-b678-ae156bd4a3f0,"(-1.2, 0.0, 3.7)",
BAG_ACCESS,242036,8/3/2023 12:15:18 PM,c7587083-faff-4bca-b678-ae156bd4a3f0,"(-1.1, 0.4, 3.7)",
VOICE_CAPTURE,244474,8/3/2023 12:15:20 PM,c7587083-faff-4bca-b678-ae156bd4a3f0,oh I see that,NA,
BAG_CLOSED,245511,8/3/2023 12:15:21 PM,c7587083-faff-4bca-b678-ae156bd4a3f0,"(-1.1, 0.4, 3.7)",
TELEPORT,245512,8/3/2023 12:15:21 PM,c7587083-faff-4bca-b678-ae156bd4a3f0,"(-1.4, 0.0, 3.8)",
PULSE_TAKEN,245996,8/3/2023 12:15:21 PM,c7587083-faff-4bca-b678-ae156bd4a3f0,pulse_fast,Gloria_6 Root,
BAG_ACCESS,250222,8/3/2023 12:15:26 PM,c7587083-faff-4bca-b678-ae156bd4a3f0,"(-1.1, 0.4, 3.6)",
TOOL_HOVER,250907,8/3/2023 12:15:26 PM,c7587083-faff-4bca-b678-ae156bd4a3f0,Gauze,1000,
TOOL_HOVER,250924,8/3/2023 12:15:26 PM,c7587083-faff-4bca-b678-ae156bd4a3f0,Gauze,1000,
TOOL_HOVER,250940,8/3/2023 12:15:26 PM,c7587083-faff-4bca-b678-ae156bd4a3f0,Gauze,1000,
TOOL_HOVER,250957,8/3/2023 12:15:26 PM,c7587083-faff-4bca-b678-ae156bd4a3f0,Gauze,1000,
TOOL_HOVER,250975,8/3/2023 12:15:26 PM,c7587083-faff-4bca-b678-ae156bd4a3f0,Gauze,1000,
TOOL_HOVER,250991,8/3/2023 12:15:26 PM,c7587083-faff-4bca-b678-ae156bd4a3f0,Gauze,1000,
TOOL_HOVER,251008,8/3/2023 12:15:26 PM,c7587083-faff-4bca-b678-ae156bd4a3f0,Gauze,1000,
TOOL_HOVER,251024,8/3/2023 12:15:26 PM,c7587083-faff-4bca-b678-ae156bd4a3f0,Gauze,1000,
TOOL_HOVER,251040,8/3/2023 12:15:27 PM,c7587083-faff-4bca-b678-ae156bd4a3f0,Gauze,1000,
TOOL_HOVER,251058,8/3/2023 12:15:27 PM,c7587083-faff-4bca-b678-ae156bd4a3f0,Gauze,1000,
TOOL_HOVER,251075,8/3/2023 12:15:27 PM,c7587083-faff-4bca-b678-ae156bd4a3f0,Gauze,1000,
TOOL_HOVER,251092,8/3/2023 12:15:27 PM,c7587083-faff-4bca-b678-ae156bd4a3f0,Gauze,1000,
TOOL_HOVER,251107,8/3/2023 12:15:27 PM,c7587083-faff-4bca-b678-ae156bd4a3f0,Gauze,1000,
TOOL_HOVER,251124,8/3/2023 12:15:27 PM,c7587083-faff-4bca-b678-ae156bd4a3f0,Gauze,1000,
TOOL_HOVER,251140,8/3/2023 12:15:27 PM,c7587083-faff-4bca-b678-ae156bd4a3f0,Gauze,1000,
TOOL_SELECTED,251141,8/3/2023 12:15:27 PM,c7587083-faff-4bca-b678-ae156bd4a3f0,Gauze,999,
TOOL_DISCARDED,252061,8/3/2023 12:15:28 PM,c7587083-faff-4bca-b678-ae156bd4a3f0,Gauze,999,"(-1.1, 0.3, 3.3)",
INJURY_TREATED,252061,8/3/2023 12:15:28 PM,c7587083-faff-4bca-b678-ae156bd4a3f0,R Calf Shrapnel,Gloria_6 Root,gauzePressure,medium,rightLeg,True,False,"(-1.1, 0.2, 3.2)",
TOOL_APPLIED,252061,8/3/2023 12:15:28 PM,c7587083-faff-4bca-b678-ae156bd4a3f0,Gloria_6 Root,Gauze_Dressing,skinCollider_Body_LOD (UnityEngine.GameObject),null,null,AppliedDressingGauze,
VOICE_CAPTURE,252945,8/3/2023 12:15:28 PM,c7587083-faff-4bca-b678-ae156bd4a3f0,I don't know that we're gonna do anything for you,NA,
TAG_SELECTED,255429,8/3/2023 12:15:31 PM,c7587083-faff-4bca-b678-ae156bd4a3f0,green,
VOICE_CAPTURE,257259,8/3/2023 12:15:33 PM,c7587083-faff-4bca-b678-ae156bd4a3f0,sure,NA,
BAG_CLOSED,257627,8/3/2023 12:15:33 PM,c7587083-faff-4bca-b678-ae156bd4a3f0,"(-1.1, 0.4, 3.6)",
TELEPORT,257627,8/3/2023 12:15:33 PM,c7587083-faff-4bca-b678-ae156bd4a3f0,"(-1.4, 0.0, 3.8)",
TAG_APPLIED,258695,8/3/2023 12:15:34 PM,c7587083-faff-4bca-b678-ae156bd4a3f0,Gloria_6 Root,green,
TELEPORT,259060,8/3/2023 12:15:35 PM,c7587083-faff-4bca-b678-ae156bd4a3f0,"(-1.6, 0.0, 3.8)",
PULSE_TAKEN,259144,8/3/2023 12:15:35 PM,c7587083-faff-4bca-b678-ae156bd4a3f0,pulse_fast,Gloria_6 Root,
VOICE_CAPTURE,259193,8/3/2023 12:15:35 PM,c7587083-faff-4bca-b678-ae156bd4a3f0,call you this,NA,
PULSE_TAKEN,259294,8/3/2023 12:15:35 PM,c7587083-faff-4bca-b678-ae156bd4a3f0,pulse_fast,Gloria_6 Root,
TELEPORT,262152,8/3/2023 12:15:38 PM,c7587083-faff-4bca-b678-ae156bd4a3f0,"(-1.7, 0.0, 3.8)",
PATIENT_ENGAGED,265125,8/3/2023 12:15:41 PM,c7587083-faff-4bca-b678-ae156bd4a3f0,100,Infinity,Bob_0 Root,"(-1.7, 0.0, 5.7)","(0.0, 0.7, 0.0, 0.7)",DEAD,still,none,none,none,dead,supine,
VOICE_CAPTURE,265425,8/3/2023 12:15:41 PM,c7587083-faff-4bca-b678-ae156bd4a3f0,find out about that,NA,
TELEPORT,265475,8/3/2023 12:15:41 PM,c7587083-faff-4bca-b678-ae156bd4a3f0,"(-1.6, 0.0, 4.8)",
BAG_ACCESS,266045,8/3/2023 12:15:42 PM,c7587083-faff-4bca-b678-ae156bd4a3f0,"(-1.3, 0.4, 5.0)",
TOOL_HOVER,268803,8/3/2023 12:15:44 PM,c7587083-faff-4bca-b678-ae156bd4a3f0,Tourniquet,996,
TOOL_HOVER,268819,8/3/2023 12:15:44 PM,c7587083-faff-4bca-b678-ae156bd4a3f0,Tourniquet,996,
TOOL_HOVER,268836,8/3/2023 12:15:44 PM,c7587083-faff-4bca-b678-ae156bd4a3f0,Tourniquet,996,
TOOL_HOVER,268853,8/3/2023 12:15:44 PM,c7587083-faff-4bca-b678-ae156bd4a3f0,Tourniquet,996,
TOOL_HOVER,268869,8/3/2023 12:15:44 PM,c7587083-faff-4bca-b678-ae156bd4a3f0,Tourniquet,996,
TOOL_HOVER,268885,8/3/2023 12:15:44 PM,c7587083-faff-4bca-b678-ae156bd4a3f0,Tourniquet,996,
TOOL_HOVER,268904,8/3/2023 12:15:44 PM,c7587083-faff-4bca-b678-ae156bd4a3f0,Tourniquet,996,
TOOL_HOVER,268918,8/3/2023 12:15:44 PM,c7587083-faff-4bca-b678-ae156bd4a3f0,Tourniquet,996,
TOOL_HOVER,268937,8/3/2023 12:15:44 PM,c7587083-faff-4bca-b678-ae156bd4a3f0,Tourniquet,996,
TOOL_HOVER,268953,8/3/2023 12:15:44 PM,c7587083-faff-4bca-b678-ae156bd4a3f0,Tourniquet,996,
TOOL_HOVER,268969,8/3/2023 12:15:44 PM,c7587083-faff-4bca-b678-ae156bd4a3f0,Tourniquet,996,
TOOL_HOVER,268986,8/3/2023 12:15:44 PM,c7587083-faff-4bca-b678-ae156bd4a3f0,Tourniquet,996,
TOOL_HOVER,269001,8/3/2023 12:15:44 PM,c7587083-faff-4bca-b678-ae156bd4a3f0,Tourniquet,996,
TOOL_HOVER,269019,8/3/2023 12:15:44 PM,c7587083-faff-4bca-b678-ae156bd4a3f0,Tourniquet,996,
TOOL_HOVER,269036,8/3/2023 12:15:45 PM,c7587083-faff-4bca-b678-ae156bd4a3f0,Tourniquet,996,
TOOL_HOVER,269053,8/3/2023 12:15:45 PM,c7587083-faff-4bca-b678-ae156bd4a3f0,Tourniquet,996,
TOOL_HOVER,269070,8/3/2023 12:15:45 PM,c7587083-faff-4bca-b678-ae156bd4a3f0,Tourniquet,996,
TOOL_HOVER,269086,8/3/2023 12:15:45 PM,c7587083-faff-4bca-b678-ae156bd4a3f0,Tourniquet,996,
TOOL_SELECTED,269087,8/3/2023 12:15:45 PM,c7587083-faff-4bca-b678-ae156bd4a3f0,Tourniquet,995,
VOICE_CAPTURE,269436,8/3/2023 12:15:45 PM,c7587083-faff-4bca-b678-ae156bd4a3f0,supposed to be like that,NA,
BAG_CLOSED,269870,8/3/2023 12:15:45 PM,c7587083-faff-4bca-b678-ae156bd4a3f0,"(-1.3, 0.4, 5.0)",
TELEPORT,269870,8/3/2023 12:15:45 PM,c7587083-faff-4bca-b678-ae156bd4a3f0,"(-1.6, 0.0, 4.9)",
TOOL_APPLIED,270872,8/3/2023 12:15:46 PM,c7587083-faff-4bca-b678-ae156bd4a3f0,Bob_0 Root,Tourniquet,RightUpLeg (UnityEngine.GameObject),tor_ring (1) (UnityEngine.GameObject),tourniquet(Clone) (UnityEngine.GameObject),AppliedTourniquet,
TELEPORT,272025,8/3/2023 12:15:48 PM,c7587083-faff-4bca-b678-ae156bd4a3f0,"(-1.7, 0.0, 4.9)",
TELEPORT,272576,8/3/2023 12:15:48 PM,c7587083-faff-4bca-b678-ae156bd4a3f0,"(-1.9, 0.0, 4.6)",
PULSE_TAKEN,273200,8/3/2023 12:15:49 PM,c7587083-faff-4bca-b678-ae156bd4a3f0,pulse_none,Bob_0 Root,
BAG_ACCESS,276322,8/3/2023 12:15:52 PM,c7587083-faff-4bca-b678-ae156bd4a3f0,"(-1.9, 0.4, 4.8)",
TOOL_HOVER,276706,8/3/2023 12:15:52 PM,c7587083-faff-4bca-b678-ae156bd4a3f0,Hemostatic Gauze,1000,
TOOL_HOVER,276722,8/3/2023 12:15:52 PM,c7587083-faff-4bca-b678-ae156bd4a3f0,Hemostatic Gauze,1000,
TOOL_HOVER,276739,8/3/2023 12:15:52 PM,c7587083-faff-4bca-b678-ae156bd4a3f0,Hemostatic Gauze,1000,
TOOL_HOVER,276755,8/3/2023 12:15:52 PM,c7587083-faff-4bca-b678-ae156bd4a3f0,Hemostatic Gauze,1000,
TOOL_HOVER,276772,8/3/2023 12:15:52 PM,c7587083-faff-4bca-b678-ae156bd4a3f0,Hemostatic Gauze,1000,
TOOL_HOVER,276788,8/3/2023 12:15:52 PM,c7587083-faff-4bca-b678-ae156bd4a3f0,Hemostatic Gauze,1000,
TOOL_HOVER,276805,8/3/2023 12:15:52 PM,c7587083-faff-4bca-b678-ae156bd4a3f0,Hemostatic Gauze,1000,
TOOL_HOVER,276822,8/3/2023 12:15:52 PM,c7587083-faff-4bca-b678-ae156bd4a3f0,Hemostatic Gauze,1000,
TOOL_HOVER,276838,8/3/2023 12:15:52 PM,c7587083-faff-4bca-b678-ae156bd4a3f0,Hemostatic Gauze,1000,
TOOL_HOVER,276855,8/3/2023 12:15:52 PM,c7587083-faff-4bca-b678-ae156bd4a3f0,Hemostatic Gauze,1000,
TOOL_HOVER,276872,8/3/2023 12:15:52 PM,c7587083-faff-4bca-b678-ae156bd4a3f0,Hemostatic Gauze,1000,
TOOL_HOVER,276888,8/3/2023 12:15:52 PM,c7587083-faff-4bca-b678-ae156bd4a3f0,Hemostatic Gauze,1000,
TOOL_HOVER,276905,8/3/2023 12:15:52 PM,c7587083-faff-4bca-b678-ae156bd4a3f0,Hemostatic Gauze,1000,
TOOL_HOVER,276922,8/3/2023 12:15:52 PM,c7587083-faff-4bca-b678-ae156bd4a3f0,Hemostatic Gauze,1000,
TOOL_HOVER,276939,8/3/2023 12:15:52 PM,c7587083-faff-4bca-b678-ae156bd4a3f0,Hemostatic Gauze,1000,
TOOL_HOVER,276955,8/3/2023 12:15:52 PM,c7587083-faff-4bca-b678-ae156bd4a3f0,Hemostatic Gauze,1000,
TOOL_HOVER,276971,8/3/2023 12:15:52 PM,c7587083-faff-4bca-b678-ae156bd4a3f0,Hemostatic Gauze,1000,
TOOL_HOVER,276989,8/3/2023 12:15:52 PM,c7587083-faff-4bca-b678-ae156bd4a3f0,Hemostatic Gauze,1000,
TAG_SELECTED,277389,8/3/2023 12:15:53 PM,c7587083-faff-4bca-b678-ae156bd4a3f0,black,
VOICE_CAPTURE,277621,8/3/2023 12:15:53 PM,c7587083-faff-4bca-b678-ae156bd4a3f0,OK,NA,
TAG_DISCARDED,278575,8/3/2023 12:15:54 PM,c7587083-faff-4bca-b678-ae156bd4a3f0,black,"(-2.0, 0.3, 5.0)",
TAG_SELECTED,280179,8/3/2023 12:15:56 PM,c7587083-faff-4bca-b678-ae156bd4a3f0,black,
VOICE_CAPTURE,280947,8/3/2023 12:15:56 PM,c7587083-faff-4bca-b678-ae156bd4a3f0,guess we even have to do that,NA,
TAG_APPLIED,280981,8/3/2023 12:15:56 PM,c7587083-faff-4bca-b678-ae156bd4a3f0,Bob_0 Root,black,
BAG_CLOSED,282303,8/3/2023 12:15:58 PM,c7587083-faff-4bca-b678-ae156bd4a3f0,"(-1.9, 0.4, 4.8)",
TELEPORT,282968,8/3/2023 12:15:58 PM,c7587083-faff-4bca-b678-ae156bd4a3f0,"(-2.0, 0.0, 4.6)",
TELEPORT,283854,8/3/2023 12:15:59 PM,c7587083-faff-4bca-b678-ae156bd4a3f0,"(-1.5, 0.0, 4.5)",
TELEPORT,285457,8/3/2023 12:16:01 PM,c7587083-faff-4bca-b678-ae156bd4a3f0,"(-1.2, 0.0, 4.9)",
TELEPORT,287006,8/3/2023 12:16:02 PM,c7587083-faff-4bca-b678-ae156bd4a3f0,"(-0.4, 0.0, 5.1)",
VOICE_CAPTURE,288155,8/3/2023 12:16:04 PM,c7587083-faff-4bca-b678-ae156bd4a3f0,so you you you,NA,
TELEPORT,288773,8/3/2023 12:16:04 PM,c7587083-faff-4bca-b678-ae156bd4a3f0,"(-0.1, 0.0, 5.1)",
VOICE_CAPTURE,290556,8/3/2023 12:16:06 PM,c7587083-faff-4bca-b678-ae156bd4a3f0,you,NA,
VOICE_CAPTURE,292306,8/3/2023 12:16:08 PM,c7587083-faff-4bca-b678-ae156bd4a3f0,you,NA,
TELEPORT,292326,8/3/2023 12:16:08 PM,c7587083-faff-4bca-b678-ae156bd4a3f0,"(0.0, 0.0, 4.9)",
TELEPORT,294102,8/3/2023 12:16:10 PM,c7587083-faff-4bca-b678-ae156bd4a3f0,"(2.5, 0.0, -0.5)",
PATIENT_ENGAGED,294718,8/3/2023 12:16:10 PM,c7587083-faff-4bca-b678-ae156bd4a3f0,100,Infinity,Helga_10 Root,"(4.3, 0.0, -1.1)","(0.0, 1.0, 0.0, -0.1)",MINIMAL,walker,normal,normal,normal,calm,sittingGround,
TELEPORT,295835,8/3/2023 12:16:11 PM,c7587083-faff-4bca-b678-ae156bd4a3f0,"(2.6, 0.0, -1.0)",
VOICE_CAPTURE,296001,8/3/2023 12:16:11 PM,c7587083-faff-4bca-b678-ae156bd4a3f0,you you you you guys,NA,
TELEPORT,296701,8/3/2023 12:16:12 PM,c7587083-faff-4bca-b678-ae156bd4a3f0,"(2.7, 0.0, -1.1)",
TELEPORT,297336,8/3/2023 12:16:13 PM,c7587083-faff-4bca-b678-ae156bd4a3f0,"(2.8, 0.0, -1.1)",
PULSE_TAKEN,297369,8/3/2023 12:16:13 PM,c7587083-faff-4bca-b678-ae156bd4a3f0,pulse_normal,Helga_10 Root,
VOICE_CAPTURE,298221,8/3/2023 12:16:14 PM,c7587083-faff-4bca-b678-ae156bd4a3f0,do you know your name,NA,
VOICE_COMMAND,298221,8/3/2023 12:16:14 PM,c7587083-faff-4bca-b678-ae156bd4a3f0,what is your name,do you know your name,
TELEPORT,302765,8/3/2023 12:16:18 PM,c7587083-faff-4bca-b678-ae156bd4a3f0,"(2.8, 0.0, -1.4)",
VOICE_CAPTURE,303032,8/3/2023 12:16:19 PM,c7587083-faff-4bca-b678-ae156bd4a3f0,OK are you hurt,NA,
VOICE_COMMAND,303032,8/3/2023 12:16:19 PM,c7587083-faff-4bca-b678-ae156bd4a3f0,are you hurt,OK are you hurt,
TELEPORT,303133,8/3/2023 12:16:19 PM,c7587083-faff-4bca-b678-ae156bd4a3f0,"(2.9, 0.0, -1.3)",
PULSE_TAKEN,304269,8/3/2023 12:16:20 PM,c7587083-faff-4bca-b678-ae156bd4a3f0,pulse_normal,Helga_10 Root,
VOICE_CAPTURE,304388,8/3/2023 12:16:20 PM,c7587083-faff-4bca-b678-ae156bd4a3f0,modbutton im okay,NA,
VOICE_COMMAND,304388,8/3/2023 12:16:20 PM,c7587083-faff-4bca-b678-ae156bd4a3f0,modbutton im okay,modbutton im okay,
PULSE_TAKEN,304753,8/3/2023 12:16:20 PM,c7587083-faff-4bca-b678-ae156bd4a3f0,pulse_normal,Helga_10 Root,
PULSE_TAKEN,305221,8/3/2023 12:16:21 PM,c7587083-faff-4bca-b678-ae156bd4a3f0,pulse_normal,Helga_10 Root,
BAG_ACCESS,307796,8/3/2023 12:16:23 PM,c7587083-faff-4bca-b678-ae156bd4a3f0,"(3.9, 0.3, -1.4)",
TAG_SELECTED,308464,8/3/2023 12:16:24 PM,c7587083-faff-4bca-b678-ae156bd4a3f0,green,
TAG_APPLIED,309616,8/3/2023 12:16:25 PM,c7587083-faff-4bca-b678-ae156bd4a3f0,Helga_10 Root,green,
VOICE_CAPTURE,309917,8/3/2023 12:16:25 PM,c7587083-faff-4bca-b678-ae156bd4a3f0,I don't see anything you're OK OK,NA,
PATIENT_ENGAGED,310669,8/3/2023 12:16:26 PM,c7587083-faff-4bca-b678-ae156bd4a3f0,100,Infinity,Gloria_8 Root,"(4.4, 0.0, -2.5)","(0.0, 0.5, 0.0, -0.8)",MINIMAL,walker,normal,normal,normal,upset,sittingGround,
BAG_CLOSED,310893,8/3/2023 12:16:26 PM,c7587083-faff-4bca-b678-ae156bd4a3f0,"(3.9, 0.3, -1.4)",
TELEPORT,311021,8/3/2023 12:16:26 PM,c7587083-faff-4bca-b678-ae156bd4a3f0,"(2.8, 0.0, -1.6)",
TELEPORT,311605,8/3/2023 12:16:27 PM,c7587083-faff-4bca-b678-ae156bd4a3f0,"(2.8, 0.0, -2.0)",
BAG_ACCESS,315864,8/3/2023 12:16:31 PM,c7587083-faff-4bca-b678-ae156bd4a3f0,"(3.8, 0.4, -2.4)",
TOOL_HOVER,316515,8/3/2023 12:16:32 PM,c7587083-faff-4bca-b678-ae156bd4a3f0,Hemostatic Gauze,1000,
TOOL_HOVER,316533,8/3/2023 12:16:32 PM,c7587083-faff-4bca-b678-ae156bd4a3f0,Hemostatic Gauze,1000,
TOOL_HOVER,316548,8/3/2023 12:16:32 PM,c7587083-faff-4bca-b678-ae156bd4a3f0,Hemostatic Gauze,1000,
TOOL_HOVER,316565,8/3/2023 12:16:32 PM,c7587083-faff-4bca-b678-ae156bd4a3f0,Hemostatic Gauze,1000,
TOOL_HOVER,316582,8/3/2023 12:16:32 PM,c7587083-faff-4bca-b678-ae156bd4a3f0,Hemostatic Gauze,1000,
TOOL_HOVER,316598,8/3/2023 12:16:32 PM,c7587083-faff-4bca-b678-ae156bd4a3f0,Hemostatic Gauze,1000,
TOOL_HOVER,316615,8/3/2023 12:16:32 PM,c7587083-faff-4bca-b678-ae156bd4a3f0,Hemostatic Gauze,1000,
TOOL_HOVER,316633,8/3/2023 12:16:32 PM,c7587083-faff-4bca-b678-ae156bd4a3f0,Hemostatic Gauze,1000,
TOOL_HOVER,316649,8/3/2023 12:16:32 PM,c7587083-faff-4bca-b678-ae156bd4a3f0,Hemostatic Gauze,1000,
TOOL_HOVER,316665,8/3/2023 12:16:32 PM,c7587083-faff-4bca-b678-ae156bd4a3f0,Hemostatic Gauze,1000,
TOOL_HOVER,316682,8/3/2023 12:16:32 PM,c7587083-faff-4bca-b678-ae156bd4a3f0,Hemostatic Gauze,1000,
TOOL_HOVER,316699,8/3/2023 12:16:32 PM,c7587083-faff-4bca-b678-ae156bd4a3f0,Hemostatic Gauze,1000,
TOOL_HOVER,316716,8/3/2023 12:16:32 PM,c7587083-faff-4bca-b678-ae156bd4a3f0,Hemostatic Gauze,1000,
TOOL_HOVER,316733,8/3/2023 12:16:32 PM,c7587083-faff-4bca-b678-ae156bd4a3f0,Hemostatic Gauze,1000,
TOOL_HOVER,316750,8/3/2023 12:16:32 PM,c7587083-faff-4bca-b678-ae156bd4a3f0,Hemostatic Gauze,1000,
TOOL_HOVER,316766,8/3/2023 12:16:32 PM,c7587083-faff-4bca-b678-ae156bd4a3f0,Hemostatic Gauze,1000,
TOOL_HOVER,316783,8/3/2023 12:16:32 PM,c7587083-faff-4bca-b678-ae156bd4a3f0,Hemostatic Gauze,1000,
TOOL_HOVER,316799,8/3/2023 12:16:32 PM,c7587083-faff-4bca-b678-ae156bd4a3f0,Hemostatic Gauze,1000,
TOOL_HOVER,316815,8/3/2023 12:16:32 PM,c7587083-faff-4bca-b678-ae156bd4a3f0,Hemostatic Gauze,1000,
TOOL_HOVER,316832,8/3/2023 12:16:32 PM,c7587083-faff-4bca-b678-ae156bd4a3f0,Hemostatic Gauze,1000,
TOOL_SELECTED,316833,8/3/2023 12:16:32 PM,c7587083-faff-4bca-b678-ae156bd4a3f0,Hemostatic Gauze,999,
TOOL_DISCARDED,317068,8/3/2023 12:16:33 PM,c7587083-faff-4bca-b678-ae156bd4a3f0,Hemostatic Gauze,999,"(3.8, 0.8, -3.0)",
TOOL_DISCARDED,317068,8/3/2023 12:16:33 PM,c7587083-faff-4bca-b678-ae156bd4a3f0,Hemostatic Gauze,1000,"(3.8, 0.8, -3.0)",
TOOL_HOVER,317101,8/3/2023 12:16:33 PM,c7587083-faff-4bca-b678-ae156bd4a3f0,Hemostatic Gauze,1001,
TOOL_HOVER,317116,8/3/2023 12:16:33 PM,c7587083-faff-4bca-b678-ae156bd4a3f0,Hemostatic Gauze,1001,
TOOL_HOVER,317134,8/3/2023 12:16:33 PM,c7587083-faff-4bca-b678-ae156bd4a3f0,Hemostatic Gauze,1001,
TOOL_HOVER,317151,8/3/2023 12:16:33 PM,c7587083-faff-4bca-b678-ae156bd4a3f0,Hemostatic Gauze,1001,
TOOL_HOVER,317168,8/3/2023 12:16:33 PM,c7587083-faff-4bca-b678-ae156bd4a3f0,Hemostatic Gauze,1001,
TOOL_HOVER,317185,8/3/2023 12:16:33 PM,c7587083-faff-4bca-b678-ae156bd4a3f0,Hemostatic Gauze,1001,
TOOL_HOVER,317201,8/3/2023 12:16:33 PM,c7587083-faff-4bca-b678-ae156bd4a3f0,Hemostatic Gauze,1001,
TOOL_HOVER,317217,8/3/2023 12:16:33 PM,c7587083-faff-4bca-b678-ae156bd4a3f0,Hemostatic Gauze,1001,
TOOL_HOVER,317234,8/3/2023 12:16:33 PM,c7587083-faff-4bca-b678-ae156bd4a3f0,Hemostatic Gauze,1001,
TOOL_HOVER,317251,8/3/2023 12:16:33 PM,c7587083-faff-4bca-b678-ae156bd4a3f0,Hemostatic Gauze,1001,
TOOL_HOVER,317268,8/3/2023 12:16:33 PM,c7587083-faff-4bca-b678-ae156bd4a3f0,Hemostatic Gauze,1001,
TOOL_HOVER,317285,8/3/2023 12:16:33 PM,c7587083-faff-4bca-b678-ae156bd4a3f0,Hemostatic Gauze,1001,
TOOL_HOVER,317301,8/3/2023 12:16:33 PM,c7587083-faff-4bca-b678-ae156bd4a3f0,Hemostatic Gauze,1001,
TOOL_HOVER,317318,8/3/2023 12:16:33 PM,c7587083-faff-4bca-b678-ae156bd4a3f0,Hemostatic Gauze,1001,
TOOL_HOVER,317334,8/3/2023 12:16:33 PM,c7587083-faff-4bca-b678-ae156bd4a3f0,Hemostatic Gauze,1001,
TOOL_HOVER,317352,8/3/2023 12:16:33 PM,c7587083-faff-4bca-b678-ae156bd4a3f0,Hemostatic Gauze,1001,
TOOL_HOVER,317369,8/3/2023 12:16:33 PM,c7587083-faff-4bca-b678-ae156bd4a3f0,Hemostatic Gauze,1001,
TOOL_HOVER,317385,8/3/2023 12:16:33 PM,c7587083-faff-4bca-b678-ae156bd4a3f0,Hemostatic Gauze,1001,
TOOL_HOVER,317803,8/3/2023 12:16:33 PM,c7587083-faff-4bca-b678-ae156bd4a3f0,Gauze,1000,
TOOL_HOVER,317819,8/3/2023 12:16:33 PM,c7587083-faff-4bca-b678-ae156bd4a3f0,Gauze,1000,
TOOL_HOVER,317836,8/3/2023 12:16:33 PM,c7587083-faff-4bca-b678-ae156bd4a3f0,Gauze,1000,
TOOL_HOVER,317853,8/3/2023 12:16:33 PM,c7587083-faff-4bca-b678-ae156bd4a3f0,Gauze,1000,
TOOL_HOVER,317869,8/3/2023 12:16:33 PM,c7587083-faff-4bca-b678-ae156bd4a3f0,Gauze,1000,
TOOL_HOVER,317886,8/3/2023 12:16:33 PM,c7587083-faff-4bca-b678-ae156bd4a3f0,Gauze,1000,
TOOL_HOVER,317903,8/3/2023 12:16:33 PM,c7587083-faff-4bca-b678-ae156bd4a3f0,Gauze,1000,
TOOL_HOVER,317919,8/3/2023 12:16:33 PM,c7587083-faff-4bca-b678-ae156bd4a3f0,Gauze,1000,
TOOL_HOVER,317936,8/3/2023 12:16:33 PM,c7587083-faff-4bca-b678-ae156bd4a3f0,Gauze,1000,
TOOL_HOVER,317953,8/3/2023 12:16:33 PM,c7587083-faff-4bca-b678-ae156bd4a3f0,Gauze,1000,
TOOL_HOVER,317969,8/3/2023 12:16:33 PM,c7587083-faff-4bca-b678-ae156bd4a3f0,Gauze,1000,
TOOL_HOVER,317987,8/3/2023 12:16:33 PM,c7587083-faff-4bca-b678-ae156bd4a3f0,Gauze,1000,
TOOL_HOVER,318003,8/3/2023 12:16:33 PM,c7587083-faff-4bca-b678-ae156bd4a3f0,Gauze,1000,
TOOL_HOVER,318018,8/3/2023 12:16:33 PM,c7587083-faff-4bca-b678-ae156bd4a3f0,Gauze,1000,
TOOL_HOVER,318036,8/3/2023 12:16:34 PM,c7587083-faff-4bca-b678-ae156bd4a3f0,Gauze,1000,
TOOL_HOVER,318053,8/3/2023 12:16:34 PM,c7587083-faff-4bca-b678-ae156bd4a3f0,Gauze,1000,
TOOL_HOVER,318069,8/3/2023 12:16:34 PM,c7587083-faff-4bca-b678-ae156bd4a3f0,Gauze,1000,
TOOL_HOVER,318086,8/3/2023 12:16:34 PM,c7587083-faff-4bca-b678-ae156bd4a3f0,Gauze,1000,
TOOL_HOVER,318103,8/3/2023 12:16:34 PM,c7587083-faff-4bca-b678-ae156bd4a3f0,Gauze,1000,
TOOL_HOVER,318118,8/3/2023 12:16:34 PM,c7587083-faff-4bca-b678-ae156bd4a3f0,Gauze,1000,
TOOL_HOVER,318137,8/3/2023 12:16:34 PM,c7587083-faff-4bca-b678-ae156bd4a3f0,Gauze,1000,
TOOL_HOVER,318153,8/3/2023 12:16:34 PM,c7587083-faff-4bca-b678-ae156bd4a3f0,Gauze,1000,
TOOL_SELECTED,318154,8/3/2023 12:16:34 PM,c7587083-faff-4bca-b678-ae156bd4a3f0,Gauze,999,
BAG_CLOSED,318303,8/3/2023 12:16:34 PM,c7587083-faff-4bca-b678-ae156bd4a3f0,"(3.8, 0.4, -2.4)",
TELEPORT,318303,8/3/2023 12:16:34 PM,c7587083-faff-4bca-b678-ae156bd4a3f0,"(2.9, 0.0, -2.3)",
VOICE_CAPTURE,318553,8/3/2023 12:16:34 PM,c7587083-faff-4bca-b678-ae156bd4a3f0,guess I should come to you first,NA,
TOOL_DISCARDED,319021,8/3/2023 12:16:34 PM,c7587083-faff-4bca-b678-ae156bd4a3f0,Gauze,999,"(4.5, 0.4, -2.6)",
INJURY_TREATED,319021,8/3/2023 12:16:34 PM,c7587083-faff-4bca-b678-ae156bd4a3f0,L Forearm Laceration,Gloria_8 Root,gauzePressure,low,leftArm,True,False,"(4.5, 0.4, -2.6)",
TOOL_APPLIED,319021,8/3/2023 12:16:34 PM,c7587083-faff-4bca-b678-ae156bd4a3f0,Gloria_8 Root,Gauze_Dressing,skinCollider_Body_LOD (UnityEngine.GameObject),null,null,AppliedDressingGauze,
TELEPORT,321645,8/3/2023 12:16:37 PM,c7587083-faff-4bca-b678-ae156bd4a3f0,"(3.1, 0.0, -2.4)",
BAG_ACCESS,321728,8/3/2023 12:16:37 PM,c7587083-faff-4bca-b678-ae156bd4a3f0,"(4.0, 0.4, -2.5)",
BAG_CLOSED,322313,8/3/2023 12:16:38 PM,c7587083-faff-4bca-b678-ae156bd4a3f0,"(4.1, 0.4, -2.5)",
TELEPORT,322313,8/3/2023 12:16:38 PM,c7587083-faff-4bca-b678-ae156bd4a3f0,"(3.2, 0.0, -2.4)",
VOICE_CAPTURE,323032,8/3/2023 12:16:39 PM,c7587083-faff-4bca-b678-ae156bd4a3f0,let's try that,NA,
BAG_ACCESS,324070,8/3/2023 12:16:40 PM,c7587083-faff-4bca-b678-ae156bd4a3f0,"(4.1, 0.4, -2.5)",
TOOL_HOVER,324902,8/3/2023 12:16:40 PM,c7587083-faff-4bca-b678-ae156bd4a3f0,Gauze,1000,
TOOL_HOVER,324921,8/3/2023 12:16:40 PM,c7587083-faff-4bca-b678-ae156bd4a3f0,Gauze,1000,
TOOL_HOVER,324936,8/3/2023 12:16:40 PM,c7587083-faff-4bca-b678-ae156bd4a3f0,Gauze,1000,
TOOL_HOVER,324952,8/3/2023 12:16:40 PM,c7587083-faff-4bca-b678-ae156bd4a3f0,Gauze,1000,
TOOL_HOVER,324969,8/3/2023 12:16:40 PM,c7587083-faff-4bca-b678-ae156bd4a3f0,Gauze,1000,
TOOL_HOVER,324985,8/3/2023 12:16:40 PM,c7587083-faff-4bca-b678-ae156bd4a3f0,Gauze,1000,
TOOL_HOVER,325001,8/3/2023 12:16:40 PM,c7587083-faff-4bca-b678-ae156bd4a3f0,Gauze,1000,
TOOL_HOVER,325018,8/3/2023 12:16:40 PM,c7587083-faff-4bca-b678-ae156bd4a3f0,Gauze,1000,
TOOL_HOVER,325035,8/3/2023 12:16:41 PM,c7587083-faff-4bca-b678-ae156bd4a3f0,Gauze,1000,
TOOL_HOVER,325053,8/3/2023 12:16:41 PM,c7587083-faff-4bca-b678-ae156bd4a3f0,Gauze,1000,
TOOL_HOVER,325070,8/3/2023 12:16:41 PM,c7587083-faff-4bca-b678-ae156bd4a3f0,Gauze,1000,
TOOL_HOVER,325086,8/3/2023 12:16:41 PM,c7587083-faff-4bca-b678-ae156bd4a3f0,Gauze,1000,
TOOL_HOVER,325103,8/3/2023 12:16:41 PM,c7587083-faff-4bca-b678-ae156bd4a3f0,Gauze,1000,
TOOL_HOVER,325119,8/3/2023 12:16:41 PM,c7587083-faff-4bca-b678-ae156bd4a3f0,Gauze,1000,
TOOL_HOVER,325135,8/3/2023 12:16:41 PM,c7587083-faff-4bca-b678-ae156bd4a3f0,Gauze,1000,
TOOL_HOVER,325153,8/3/2023 12:16:41 PM,c7587083-faff-4bca-b678-ae156bd4a3f0,Gauze,1000,
TOOL_HOVER,325170,8/3/2023 12:16:41 PM,c7587083-faff-4bca-b678-ae156bd4a3f0,Gauze,1000,
TOOL_HOVER,325186,8/3/2023 12:16:41 PM,c7587083-faff-4bca-b678-ae156bd4a3f0,Gauze,1000,
TOOL_HOVER,325203,8/3/2023 12:16:41 PM,c7587083-faff-4bca-b678-ae156bd4a3f0,Gauze,1000,
TOOL_HOVER,325221,8/3/2023 12:16:41 PM,c7587083-faff-4bca-b678-ae156bd4a3f0,Gauze,1000,
TOOL_HOVER,325236,8/3/2023 12:16:41 PM,c7587083-faff-4bca-b678-ae156bd4a3f0,Gauze,1000,
TOOL_HOVER,325254,8/3/2023 12:16:41 PM,c7587083-faff-4bca-b678-ae156bd4a3f0,Gauze,1000,
TOOL_SELECTED,325255,8/3/2023 12:16:41 PM,c7587083-faff-4bca-b678-ae156bd4a3f0,Gauze,999,
TOOL_DISCARDED,326273,8/3/2023 12:16:42 PM,c7587083-faff-4bca-b678-ae156bd4a3f0,Gauze,999,"(4.5, 0.3, -2.6)",
TOOL_APPLIED,326274,8/3/2023 12:16:42 PM,c7587083-faff-4bca-b678-ae156bd4a3f0,Gloria_8 Root,Gauze_Dressing,skinCollider_Body_LOD (UnityEngine.GameObject),null,null,AppliedDressingGauze,
VOICE_CAPTURE,326388,8/3/2023 12:16:42 PM,c7587083-faff-4bca-b678-ae156bd4a3f0,what's going on here,NA,
TOOL_HOVER,328611,8/3/2023 12:16:44 PM,c7587083-faff-4bca-b678-ae156bd4a3f0,Hemostatic Gauze,1001,
TOOL_HOVER,328628,8/3/2023 12:16:44 PM,c7587083-faff-4bca-b678-ae156bd4a3f0,Hemostatic Gauze,1001,
TOOL_HOVER,328645,8/3/2023 12:16:44 PM,c7587083-faff-4bca-b678-ae156bd4a3f0,Hemostatic Gauze,1001,
TOOL_HOVER,328661,8/3/2023 12:16:44 PM,c7587083-faff-4bca-b678-ae156bd4a3f0,Hemostatic Gauze,1001,
TOOL_HOVER,328678,8/3/2023 12:16:44 PM,c7587083-faff-4bca-b678-ae156bd4a3f0,Hemostatic Gauze,1001,
TOOL_HOVER,328696,8/3/2023 12:16:44 PM,c7587083-faff-4bca-b678-ae156bd4a3f0,Hemostatic Gauze,1001,
TAG_SELECTED,330885,8/3/2023 12:16:46 PM,c7587083-faff-4bca-b678-ae156bd4a3f0,green,
TAG_APPLIED,332355,8/3/2023 12:16:48 PM,c7587083-faff-4bca-b678-ae156bd4a3f0,Gloria_8 Root,green,
VOICE_CAPTURE,332786,8/3/2023 12:16:48 PM,c7587083-faff-4bca-b678-ae156bd4a3f0,OK do you know your name,NA,
VOICE_COMMAND,332786,8/3/2023 12:16:48 PM,c7587083-faff-4bca-b678-ae156bd4a3f0,what is your name,OK do you know your name,
PULSE_TAKEN,332955,8/3/2023 12:16:48 PM,c7587083-faff-4bca-b678-ae156bd4a3f0,pulse_normal,Gloria_8 Root,
PULSE_TAKEN,334726,8/3/2023 12:16:50 PM,c7587083-faff-4bca-b678-ae156bd4a3f0,pulse_normal,Gloria_8 Root,
PATIENT_ENGAGED,334810,8/3/2023 12:16:50 PM,c7587083-faff-4bca-b678-ae156bd4a3f0,100,Infinity,Helga_10 Root,"(4.3, 0.0, -1.1)","(0.0, 1.0, 0.0, -0.1)",MINIMAL,walker,normal,normal,normal,calm,sittingGround,
PATIENT_ENGAGED,336087,8/3/2023 12:16:52 PM,c7587083-faff-4bca-b678-ae156bd4a3f0,100,Infinity,Gloria_8 Root,"(4.4, 0.0, -2.5)","(0.0, 0.5, 0.0, -0.8)",MINIMAL,walker,normal,normal,normal,upset,sittingGround,
BAG_CLOSED,337242,8/3/2023 12:16:53 PM,c7587083-faff-4bca-b678-ae156bd4a3f0,"(4.1, 0.4, -2.5)",
TELEPORT,338312,8/3/2023 12:16:54 PM,c7587083-faff-4bca-b678-ae156bd4a3f0,"(3.2, 0.0, -2.5)",
TELEPORT,339920,8/3/2023 12:16:55 PM,c7587083-faff-4bca-b678-ae156bd4a3f0,"(2.7, 0.0, -1.8)",
VOICE_CAPTURE,340947,8/3/2023 12:16:56 PM,c7587083-faff-4bca-b678-ae156bd4a3f0,OK Gloria set sorry stepped on you,NA,
TELEPORT,341452,8/3/2023 12:16:57 PM,c7587083-faff-4bca-b678-ae156bd4a3f0,"(3.4, 0.0, 1.2)",
PATIENT_ENGAGED,342252,8/3/2023 12:16:58 PM,c7587083-faff-4bca-b678-ae156bd4a3f0,100,Infinity,Mike_5 Root,"(2.7, 0.0, 2.3)","(0.0, 1.0, 0.0, 0.0)",IMMEDIATE,waver,fast,normal,normal,upset,fetal,
TELEPORT,344836,8/3/2023 12:17:00 PM,c7587083-faff-4bca-b678-ae156bd4a3f0,"(3.1, 0.0, 1.6)",
TELEPORT,345187,8/3/2023 12:17:01 PM,c7587083-faff-4bca-b678-ae156bd4a3f0,"(3.3, 0.0, 1.7)",
TELEPORT,346321,8/3/2023 12:17:02 PM,c7587083-faff-4bca-b678-ae156bd4a3f0,"(3.4, 0.0, 2.1)",
VOICE_CAPTURE,347357,8/3/2023 12:17:03 PM,c7587083-faff-4bca-b678-ae156bd4a3f0,so I'm concerned that you you got everything you need,NA,
TELEPORT,347474,8/3/2023 12:17:03 PM,c7587083-faff-4bca-b678-ae156bd4a3f0,"(3.6, 0.0, 3.9)",
PATIENT_ENGAGED,347841,8/3/2023 12:17:03 PM,c7587083-faff-4bca-b678-ae156bd4a3f0,100,Infinity,Lily_2 Root,"(3.0, 0.0, 4.5)","(0.0, 1.0, 0.0, 0.0)",IMMEDIATE,waver,fast,fast,normal,agony,fetal,
PULSE_TAKEN,348710,8/3/2023 12:17:04 PM,c7587083-faff-4bca-b678-ae156bd4a3f0,pulse_fast,Lily_2 Root,
VOICE_CAPTURE,349428,8/3/2023 12:17:05 PM,c7587083-faff-4bca-b678-ae156bd4a3f0,how is your,NA,
BAG_ACCESS,351700,8/3/2023 12:17:07 PM,c7587083-faff-4bca-b678-ae156bd4a3f0,"(4.0, 0.6, 4.3)",
TAG_SELECTED,352153,8/3/2023 12:17:08 PM,c7587083-faff-4bca-b678-ae156bd4a3f0,red,
TAG_APPLIED,353255,8/3/2023 12:17:09 PM,c7587083-faff-4bca-b678-ae156bd4a3f0,Lily_2 Root,red,
VOICE_CAPTURE,354552,8/3/2023 12:17:10 PM,c7587083-faff-4bca-b678-ae156bd4a3f0,You might be more of a red tag,NA,
BAG_CLOSED,355852,8/3/2023 12:17:11 PM,c7587083-faff-4bca-b678-ae156bd4a3f0,"(4.0, 0.6, 4.3)",
TELEPORT,355852,8/3/2023 12:17:11 PM,c7587083-faff-4bca-b678-ae156bd4a3f0,"(3.5, 0.0, 4.0)",
TELEPORT,356820,8/3/2023 12:17:12 PM,c7587083-faff-4bca-b678-ae156bd4a3f0,"(3.4, 0.0, 4.2)",
TELEPORT,360847,8/3/2023 12:17:16 PM,c7587083-faff-4bca-b678-ae156bd4a3f0,"(-0.1, 0.0, 10.7)",
VOICE_CAPTURE,361830,8/3/2023 12:17:17 PM,c7587083-faff-4bca-b678-ae156bd4a3f0,pictures nobody over here and there's no way back there right,NA,
VOICE_CAPTURE,363031,8/3/2023 12:17:19 PM,c7587083-faff-4bca-b678-ae156bd4a3f0,OK,NA,
VOICE_CAPTURE,366554,8/3/2023 12:17:22 PM,c7587083-faff-4bca-b678-ae156bd4a3f0,everybody has A tag,NA,
TELEPORT,372271,8/3/2023 12:17:28 PM,c7587083-faff-4bca-b678-ae156bd4a3f0,"(1.2, 0.0, 2.9)",
VOICE_CAPTURE,372471,8/3/2023 12:17:28 PM,c7587083-faff-4bca-b678-ae156bd4a3f0,it looks like everybody's been taking care of,NA,
VOICE_CAPTURE,375842,8/3/2023 12:17:31 PM,c7587083-faff-4bca-b678-ae156bd4a3f0,here's the black tag,NA,
TELEPORT,376896,8/3/2023 12:17:32 PM,c7587083-faff-4bca-b678-ae156bd4a3f0,"(-1.4, 0.0, 4.7)",
PATIENT_ENGAGED,378133,8/3/2023 12:17:34 PM,c7587083-faff-4bca-b678-ae156bd4a3f0,100,Infinity,Lily_4 Root,"(1.2, 0.0, 6.2)","(0.0, 1.0, 0.0, 0.0)",IMMEDIATE,waver,fast,normal,normal,upset,fetal,
VOICE_CAPTURE,379199,8/3/2023 12:17:35 PM,c7587083-faff-4bca-b678-ae156bd4a3f0,that's on there,NA,
TELEPORT,379467,8/3/2023 12:17:35 PM,c7587083-faff-4bca-b678-ae156bd4a3f0,"(-0.1, 0.0, 6.0)",
TELEPORT,380536,8/3/2023 12:17:36 PM,c7587083-faff-4bca-b678-ae156bd4a3f0,"(0.0, 0.0, 7.6)",
PATIENT_ENGAGED,380671,8/3/2023 12:17:36 PM,c7587083-faff-4bca-b678-ae156bd4a3f0,100,Infinity,Gary_1 Root,"(1.6, 0.0, 7.6)","(0.0, 1.0, 0.0, 0.0)",EXPECTANT,still,none,restricted,none,unresponsive,supine,
PULSE_TAKEN,381472,8/3/2023 12:17:37 PM,c7587083-faff-4bca-b678-ae156bd4a3f0,pulse_none,Gary_1 Root,
VOICE_CAPTURE,383193,8/3/2023 12:17:39 PM,c7587083-faff-4bca-b678-ae156bd4a3f0,you're good have you changed,NA,
PULSE_TAKEN,383662,8/3/2023 12:17:39 PM,c7587083-faff-4bca-b678-ae156bd4a3f0,pulse_none,Gary_1 Root,
TELEPORT,387722,8/3/2023 12:17:43 PM,c7587083-faff-4bca-b678-ae156bd4a3f0,"(0.1, 0.0, 7.9)",
PULSE_TAKEN,389528,8/3/2023 12:17:45 PM,c7587083-faff-4bca-b678-ae156bd4a3f0,pulse_none,Gary_1 Root,
VOICE_CAPTURE,389594,8/3/2023 12:17:45 PM,c7587083-faff-4bca-b678-ae156bd4a3f0,keep breathing,NA,
VOICE_CAPTURE,393912,8/3/2023 12:17:49 PM,c7587083-faff-4bca-b678-ae156bd4a3f0,yeah he's greater,NA,
TELEPORT,394243,8/3/2023 12:17:50 PM,c7587083-faff-4bca-b678-ae156bd4a3f0,"(0.2, 0.0, 8.1)",
VOICE_CAPTURE,395537,8/3/2023 12:17:51 PM,c7587083-faff-4bca-b678-ae156bd4a3f0,yes I think that's about it,NA,
SESSION_END,404893,8/3/2023 12:18:00 PM,c7587083-faff-4bca-b678-ae156bd4a3f0,
VOICE_CAPTURE,405914,8/3/2023 12:18:01 PM,c7587083-faff-4bca-b678-ae156bd4a3f0,OK,NA,
