PATIENT_DEMOTED,5886,7/27/2023 1:34:37 PM,a62cdd57-739f-4f98-b0bd-45e7aced8b73,100,Infinity,Bob_0 Root,"(-1.4, 0.0, 5.6)","(0.0, 0.7, 0.0, 0.7)",EXPECTANT,still,faint,restricted,none,unresponsive,supine,
PATIENT_DEMOTED,6085,7/27/2023 1:34:37 PM,a62cdd57-739f-4f98-b0bd-45e7aced8b73,100,Infinity,Bob_0 Root,"(-1.5, 0.0, 5.6)","(0.0, 0.7, 0.0, 0.7)",DEAD,still,none,none,none,dead,supine,
PATIENT_DEMOTED,6218,7/27/2023 1:34:38 PM,a62cdd57-739f-4f98-b0bd-45e7aced8b73,100,Infinity,Gary_1 Root,"(1.7, 0.0, 7.4)","(0.0, 1.0, 0.0, 0.0)",EXPECTANT,still,faint,restricted,none,unresponsive,supine,
PATIENT_DEMOTED,6949,7/27/2023 1:34:38 PM,a62cdd57-739f-4f98-b0bd-45e7aced8b73,100,Infinity,Lily_2 Root,"(2.8, 0.0, 4.3)","(0.0, 1.0, 0.0, 0.0)",IMMEDIATE,waver,fast,fast,normal,agony,fetal,
PATIENT_DEMOTED,7616,7/27/2023 1:34:39 PM,a62cdd57-739f-4f98-b0bd-45e7aced8b73,100,0,Gary_3 Root,"(0.3, 0.0, 1.6)","(0.0, 0.0, 0.0, 1.0)",IMMEDIATE,still,faint,collapsedRight,normal,unresponsive,supine,
PATIENT_DEMOTED,8191,7/27/2023 1:34:40 PM,a62cdd57-739f-4f98-b0bd-45e7aced8b73,100,Infinity,Lily_4 Root,"(1.2, 0.0, 6.3)","(0.0, 1.0, 0.0, 0.0)",IMMEDIATE,waver,fast,normal,normal,upset,fetal,
PATIENT_DEMOTED,9053,7/27/2023 1:34:40 PM,a62cdd57-739f-4f98-b0bd-45e7aced8b73,100,Infinity,Mike_5 Root,"(2.4, 0.0, 2.3)","(0.0, 1.0, 0.0, 0.0)",IMMEDIATE,waver,fast,normal,normal,upset,fetal,
PATIENT_DEMOTED,9593,7/27/2023 1:34:41 PM,a62cdd57-739f-4f98-b0bd-45e7aced8b73,100,Infinity,Gloria_6 Root,"(-1.0, 0.0, 2.9)","(0.0, 0.4, 0.0, 0.9)",DELAYED,waver,fast,normal,normal,upset,fetal,
PATIENT_DEMOTED,10291,7/27/2023 1:34:42 PM,a62cdd57-739f-4f98-b0bd-45e7aced8b73,100,Infinity,Mike_7 Root,"(1.7, 0.0, 3.9)","(0.0, 0.1, 0.0, 1.0)",IMMEDIATE,waver,fast,normal,normal,upset,sittingGround,
PATIENT_DEMOTED,10652,7/27/2023 1:34:42 PM,a62cdd57-739f-4f98-b0bd-45e7aced8b73,100,Infinity,Mike_7 Root,"(1.0, 0.0, 3.7)","(0.0, 0.1, 0.0, 1.0)",DELAYED,waver,fast,normal,normal,upset,sittingGround,
VOICE_CAPTURE,11050,7/27/2023 1:34:42 PM,a62cdd57-739f-4f98-b0bd-45e7aced8b73,Yeah,NA,
VOICE_CAPTURE,17169,7/27/2023 1:34:49 PM,a62cdd57-739f-4f98-b0bd-45e7aced8b73,OK,NA,
VOICE_CAPTURE,22901,7/27/2023 1:34:54 PM,a62cdd57-739f-4f98-b0bd-45e7aced8b73,Oh yeah yeah that's where my mind went,NA,
SESSION_START,34831,7/27/2023 1:35:06 PM,a62cdd57-739f-4f98-b0bd-45e7aced8b73,
PATIENT_RECORD,34832,7/27/2023 1:35:06 PM,a62cdd57-739f-4f98-b0bd-45e7aced8b73,100,Infinity,Bob_0 Root,"(-1.7, 0.0, 5.7)","(0.0, 0.7, 0.0, 0.7)",DEAD,still,none,none,none,dead,supine,
INJURY_RECORD,34832,7/27/2023 1:35:06 PM,a62cdd57-739f-4f98-b0bd-45e7aced8b73,Face Shrapnel,Bob_0 Root,airway,high,head,False,False,"(-1.8, 1.7, 5.6)",
INJURY_RECORD,34833,7/27/2023 1:35:06 PM,a62cdd57-739f-4f98-b0bd-45e7aced8b73,L Wrist Amputation,Bob_0 Root,tourniquet,high,leftArm,False,False,"(-1.8, 1.4, 6.3)",
INJURY_RECORD,34833,7/27/2023 1:35:06 PM,a62cdd57-739f-4f98-b0bd-45e7aced8b73,L Chest Collapse,Bob_0 Root,decompress,high,chest,False,False,"(0.0, 0.0, 0.0)",
INJURY_RECORD,34833,7/27/2023 1:35:06 PM,a62cdd57-739f-4f98-b0bd-45e7aced8b73,L Stomach Puncture,Bob_0 Root,woundpack,high,abdomen,False,False,"(-1.6, 1.1, 5.7)",
INJURY_RECORD,34833,7/27/2023 1:35:06 PM,a62cdd57-739f-4f98-b0bd-45e7aced8b73,R Shin Amputation,Bob_0 Root,tourniquet,high,rightLeg,False,False,"(-1.7, 0.4, 5.6)",
INJURY_RECORD,34833,7/27/2023 1:35:06 PM,a62cdd57-739f-4f98-b0bd-45e7aced8b73,L Thigh Laceration,Bob_0 Root,tourniquet,medium,leftLeg,False,False,"(-1.6, 0.7, 5.8)",
PATIENT_RECORD,34833,7/27/2023 1:35:06 PM,a62cdd57-739f-4f98-b0bd-45e7aced8b73,100,Infinity,Gary_1 Root,"(1.6, 0.0, 7.6)","(0.0, 1.0, 0.0, 0.0)",EXPECTANT,still,none,restricted,none,unresponsive,supine,
INJURY_RECORD,34833,7/27/2023 1:35:06 PM,a62cdd57-739f-4f98-b0bd-45e7aced8b73,Face Shrapnel,Gary_1 Root,airway,high,head,False,False,"(1.6, 1.7, 7.7)",
PATIENT_RECORD,34833,7/27/2023 1:35:06 PM,a62cdd57-739f-4f98-b0bd-45e7aced8b73,100,Infinity,Lily_2 Root,"(3.0, 0.0, 4.5)","(0.0, 1.0, 0.0, 0.0)",IMMEDIATE,waver,fast,fast,normal,agony,fetal,
INJURY_RECORD,34833,7/27/2023 1:35:06 PM,a62cdd57-739f-4f98-b0bd-45e7aced8b73,R Shin Amputation,Lily_2 Root,tourniquet,high,rightLeg,False,False,"(2.9, 0.4, 4.5)",
PATIENT_RECORD,34833,7/27/2023 1:35:06 PM,a62cdd57-739f-4f98-b0bd-45e7aced8b73,100,0,Gary_3 Root,"(0.4, 0.0, 1.7)","(0.0, 0.0, 0.0, 1.0)",IMMEDIATE,still,faint,collapsedRight,normal,unresponsive,supine,
INJURY_RECORD,34833,7/27/2023 1:35:06 PM,a62cdd57-739f-4f98-b0bd-45e7aced8b73,R Chest Collapse,Gary_3 Root,decompress,high,chest,False,False,"(0.0, 0.0, 0.0)",
PATIENT_RECORD,34833,7/27/2023 1:35:06 PM,a62cdd57-739f-4f98-b0bd-45e7aced8b73,100,Infinity,Lily_4 Root,"(1.2, 0.0, 6.2)","(0.0, 1.0, 0.0, 0.0)",IMMEDIATE,waver,fast,normal,normal,upset,fetal,
INJURY_RECORD,34833,7/27/2023 1:35:06 PM,a62cdd57-739f-4f98-b0bd-45e7aced8b73,L Side Puncture,Lily_4 Root,woundpack,medium,abdomen,False,False,"(1.3, 1.0, 6.2)",
PATIENT_RECORD,34833,7/27/2023 1:35:06 PM,a62cdd57-739f-4f98-b0bd-45e7aced8b73,100,Infinity,Mike_5 Root,"(2.7, 0.0, 2.3)","(0.0, 1.0, 0.0, 0.0)",IMMEDIATE,waver,fast,normal,normal,upset,fetal,
INJURY_RECORD,34833,7/27/2023 1:35:06 PM,a62cdd57-739f-4f98-b0bd-45e7aced8b73,R Side Puncture,Mike_5 Root,woundpack,medium,abdomen,False,False,"(2.6, 1.1, 2.2)",
INJURY_RECORD,34833,7/27/2023 1:35:06 PM,a62cdd57-739f-4f98-b0bd-45e7aced8b73,R Thigh Laceration,Mike_5 Root,tourniquet,medium,rightLeg,False,False,"(2.5, 0.6, 2.2)",
PATIENT_RECORD,34833,7/27/2023 1:35:06 PM,a62cdd57-739f-4f98-b0bd-45e7aced8b73,100,Infinity,Gloria_6 Root,"(-1.2, 0.0, 3.1)","(0.0, 0.4, 0.0, 0.9)",DELAYED,waver,fast,normal,normal,upset,fetal,
INJURY_RECORD,34833,7/27/2023 1:35:06 PM,a62cdd57-739f-4f98-b0bd-45e7aced8b73,R Calf Shrapnel,Gloria_6 Root,gauzePressure,medium,rightLeg,False,False,"(-1.1, 0.3, 3.0)",
PATIENT_RECORD,34833,7/27/2023 1:35:06 PM,a62cdd57-739f-4f98-b0bd-45e7aced8b73,100,Infinity,Mike_7 Root,"(1.3, 0.0, 3.4)","(0.0, 0.1, 0.0, 1.0)",DELAYED,waver,fast,normal,normal,upset,sittingGround,
INJURY_RECORD,34833,7/27/2023 1:35:06 PM,a62cdd57-739f-4f98-b0bd-45e7aced8b73,L Thigh Puncture,Mike_7 Root,tourniquet,medium,leftLeg,False,False,"(1.3, 0.6, 3.5)",
INJURY_RECORD,34833,7/27/2023 1:35:06 PM,a62cdd57-739f-4f98-b0bd-45e7aced8b73,R Calf Laceration,Mike_7 Root,gauzePressure,low,rightLeg,False,False,"(1.4, 0.3, 3.4)",
PATIENT_RECORD,34833,7/27/2023 1:35:06 PM,a62cdd57-739f-4f98-b0bd-45e7aced8b73,100,Infinity,Gloria_8 Root,"(3.7, 0.0, 6.0)","(0.0, 1.0, 0.0, 0.0)",MINIMAL,walker,normal,normal,normal,upset,sittingGround,
INJURY_RECORD,34833,7/27/2023 1:35:06 PM,a62cdd57-739f-4f98-b0bd-45e7aced8b73,L Forearm Laceration,Gloria_8 Root,gauzePressure,low,leftArm,False,False,"(4.2, 1.3, 6.0)",
PATIENT_RECORD,34833,7/27/2023 1:35:06 PM,a62cdd57-739f-4f98-b0bd-45e7aced8b73,100,0,Gary_9 Root,"(2.9, 0.0, 9.0)","(0.0, 1.0, 0.0, 0.0)",MINIMAL,walker,normal,normal,limited,calm,standing,
INJURY_RECORD,34833,7/27/2023 1:35:06 PM,a62cdd57-739f-4f98-b0bd-45e7aced8b73,Ear Bleed,Gary_9 Root,none,low,head,False,False,"(0.0, 0.0, 0.0)",
PATIENT_RECORD,34833,7/27/2023 1:35:06 PM,a62cdd57-739f-4f98-b0bd-45e7aced8b73,100,Infinity,Helga_10 Root,"(3.9, 0.0, 8.0)","(0.0, 1.0, 0.0, 0.0)",MINIMAL,walker,normal,normal,normal,calm,sittingGround,
INJURY_RECORD,34833,7/27/2023 1:35:06 PM,a62cdd57-739f-4f98-b0bd-45e7aced8b73,Forehead Scrape,Helga_10 Root,none,low,head,False,False,"(4.0, 1.6, 8.0)",
VOICE_CAPTURE,36062,7/27/2023 1:35:07 PM,a62cdd57-739f-4f98-b0bd-45e7aced8b73,OK,NA,
VOICE_CAPTURE,39243,7/27/2023 1:35:11 PM,a62cdd57-739f-4f98-b0bd-45e7aced8b73,alright,NA,
VOICE_CAPTURE,44278,7/27/2023 1:35:16 PM,a62cdd57-739f-4f98-b0bd-45e7aced8b73,if you can hear my voice and you're able to walk over toward me,NA,
VOICE_COMMAND,44278,7/27/2023 1:35:16 PM,a62cdd57-739f-4f98-b0bd-45e7aced8b73,walk to the safe area,if you can hear my voice and you're able to walk over toward me,
S_A_L_T_WALK_IF_CAN,44296,7/27/2023 1:35:16 PM,a62cdd57-739f-4f98-b0bd-45e7aced8b73,"(3.0, 0.0, 4.5)",walkIfCan,Lily_2 Root,
S_A_L_T_WALK_IF_CAN,44296,7/27/2023 1:35:16 PM,a62cdd57-739f-4f98-b0bd-45e7aced8b73,"(1.2, 0.0, 6.2)",walkIfCan,Lily_4 Root,
S_A_L_T_WALK_IF_CAN,44296,7/27/2023 1:35:16 PM,a62cdd57-739f-4f98-b0bd-45e7aced8b73,"(2.7, 0.0, 2.3)",walkIfCan,Mike_5 Root,
S_A_L_T_WALK_IF_CAN,44296,7/27/2023 1:35:16 PM,a62cdd57-739f-4f98-b0bd-45e7aced8b73,"(-1.2, 0.0, 3.1)",walkIfCan,Gloria_6 Root,
S_A_L_T_WALK_IF_CAN,44296,7/27/2023 1:35:16 PM,a62cdd57-739f-4f98-b0bd-45e7aced8b73,"(1.3, 0.0, 3.4)",walkIfCan,Mike_7 Root,
S_A_L_T_WALK_IF_CAN,44297,7/27/2023 1:35:16 PM,a62cdd57-739f-4f98-b0bd-45e7aced8b73,"(3.7, 0.0, 6.0)",walkIfCan,Gloria_8 Root,
S_A_L_T_WALKED,44297,7/27/2023 1:35:16 PM,a62cdd57-739f-4f98-b0bd-45e7aced8b73,"(3.7, 0.0, 6.0)",walked,Gloria_8 Root,
S_A_L_T_WALK_IF_CAN,44298,7/27/2023 1:35:16 PM,a62cdd57-739f-4f98-b0bd-45e7aced8b73,"(3.9, 0.0, 8.0)",walkIfCan,Helga_10 Root,
S_A_L_T_WALKED,44298,7/27/2023 1:35:16 PM,a62cdd57-739f-4f98-b0bd-45e7aced8b73,"(3.9, 0.0, 8.0)",walked,Helga_10 Root,
VOICE_CAPTURE,51373,7/27/2023 1:35:23 PM,a62cdd57-739f-4f98-b0bd-45e7aced8b73,alright so we only got 2,NA,
TELEPORT,54203,7/27/2023 1:35:26 PM,a62cdd57-739f-4f98-b0bd-45e7aced8b73,"(0.8, 0.0, -2.3)",
VOICE_CAPTURE,56428,7/27/2023 1:35:28 PM,a62cdd57-739f-4f98-b0bd-45e7aced8b73,oh I'm gonna start with the patient nearest me,NA,
PATIENT_ENGAGED,59564,7/27/2023 1:35:31 PM,a62cdd57-739f-4f98-b0bd-45e7aced8b73,100,0,Gary_3 Root,"(0.4, 0.0, 1.7)","(0.0, 0.0, 0.0, 1.0)",IMMEDIATE,still,faint,collapsedRight,normal,unresponsive,supine,
VOICE_CAPTURE,61135,7/27/2023 1:35:32 PM,a62cdd57-739f-4f98-b0bd-45e7aced8b73,so,NA,
VOICE_CAPTURE,65944,7/27/2023 1:35:37 PM,a62cdd57-739f-4f98-b0bd-45e7aced8b73,he is breathing will open up his airway,NA,
PULSE_TAKEN,72872,7/27/2023 1:35:44 PM,a62cdd57-739f-4f98-b0bd-45e7aced8b73,pulse_faint,Gary_3 Root,
VOICE_CAPTURE,75476,7/27/2023 1:35:47 PM,a62cdd57-739f-4f98-b0bd-45e7aced8b73,looks like I have unilateral breath movement,NA,
BAG_ACCESS,76932,7/27/2023 1:35:48 PM,a62cdd57-739f-4f98-b0bd-45e7aced8b73,"(0.6, 0.4, 0.7)",
VOICE_CAPTURE,77328,7/27/2023 1:35:49 PM,a62cdd57-739f-4f98-b0bd-45e7aced8b73,peripheral pulse is tacky but there,NA,
TOOL_HOVER,77605,7/27/2023 1:35:49 PM,a62cdd57-739f-4f98-b0bd-45e7aced8b73,Needle,999,
TOOL_HOVER,77624,7/27/2023 1:35:49 PM,a62cdd57-739f-4f98-b0bd-45e7aced8b73,Needle,999,
TOOL_HOVER,77644,7/27/2023 1:35:49 PM,a62cdd57-739f-4f98-b0bd-45e7aced8b73,Needle,999,
TOOL_HOVER,77662,7/27/2023 1:35:49 PM,a62cdd57-739f-4f98-b0bd-45e7aced8b73,Needle,999,
TOOL_HOVER,77683,7/27/2023 1:35:49 PM,a62cdd57-739f-4f98-b0bd-45e7aced8b73,Needle,999,
TOOL_HOVER,77700,7/27/2023 1:35:49 PM,a62cdd57-739f-4f98-b0bd-45e7aced8b73,Needle,999,
TOOL_HOVER,77718,7/27/2023 1:35:49 PM,a62cdd57-739f-4f98-b0bd-45e7aced8b73,Needle,999,
TOOL_HOVER,77735,7/27/2023 1:35:49 PM,a62cdd57-739f-4f98-b0bd-45e7aced8b73,Needle,999,
TOOL_HOVER,77751,7/27/2023 1:35:49 PM,a62cdd57-739f-4f98-b0bd-45e7aced8b73,Needle,999,
TOOL_HOVER,77770,7/27/2023 1:35:49 PM,a62cdd57-739f-4f98-b0bd-45e7aced8b73,Needle,999,
TOOL_HOVER,77787,7/27/2023 1:35:49 PM,a62cdd57-739f-4f98-b0bd-45e7aced8b73,Needle,999,
TOOL_HOVER,77804,7/27/2023 1:35:49 PM,a62cdd57-739f-4f98-b0bd-45e7aced8b73,Needle,999,
TOOL_HOVER,77823,7/27/2023 1:35:49 PM,a62cdd57-739f-4f98-b0bd-45e7aced8b73,Needle,999,
TOOL_HOVER,77841,7/27/2023 1:35:49 PM,a62cdd57-739f-4f98-b0bd-45e7aced8b73,Needle,999,
TOOL_HOVER,77858,7/27/2023 1:35:49 PM,a62cdd57-739f-4f98-b0bd-45e7aced8b73,Needle,999,
TOOL_HOVER,77876,7/27/2023 1:35:49 PM,a62cdd57-739f-4f98-b0bd-45e7aced8b73,Needle,999,
TOOL_HOVER,77894,7/27/2023 1:35:49 PM,a62cdd57-739f-4f98-b0bd-45e7aced8b73,Hemostatic Gauze,999,
TOOL_HOVER,77910,7/27/2023 1:35:49 PM,a62cdd57-739f-4f98-b0bd-45e7aced8b73,Hemostatic Gauze,999,
TOOL_HOVER,77928,7/27/2023 1:35:49 PM,a62cdd57-739f-4f98-b0bd-45e7aced8b73,Hemostatic Gauze,999,
TOOL_HOVER,77946,7/27/2023 1:35:49 PM,a62cdd57-739f-4f98-b0bd-45e7aced8b73,Hemostatic Gauze,999,
TOOL_HOVER,77963,7/27/2023 1:35:49 PM,a62cdd57-739f-4f98-b0bd-45e7aced8b73,Hemostatic Gauze,999,
TOOL_HOVER,77982,7/27/2023 1:35:49 PM,a62cdd57-739f-4f98-b0bd-45e7aced8b73,Hemostatic Gauze,999,
TOOL_HOVER,78000,7/27/2023 1:35:49 PM,a62cdd57-739f-4f98-b0bd-45e7aced8b73,Hemostatic Gauze,999,
TOOL_HOVER,78020,7/27/2023 1:35:49 PM,a62cdd57-739f-4f98-b0bd-45e7aced8b73,Hemostatic Gauze,999,
TOOL_HOVER,78039,7/27/2023 1:35:49 PM,a62cdd57-739f-4f98-b0bd-45e7aced8b73,Hemostatic Gauze,999,
TOOL_HOVER,78057,7/27/2023 1:35:49 PM,a62cdd57-739f-4f98-b0bd-45e7aced8b73,Hemostatic Gauze,999,
TOOL_HOVER,78076,7/27/2023 1:35:49 PM,a62cdd57-739f-4f98-b0bd-45e7aced8b73,Hemostatic Gauze,999,
TOOL_HOVER,78093,7/27/2023 1:35:49 PM,a62cdd57-739f-4f98-b0bd-45e7aced8b73,Hemostatic Gauze,999,
TOOL_HOVER,78112,7/27/2023 1:35:49 PM,a62cdd57-739f-4f98-b0bd-45e7aced8b73,Hemostatic Gauze,999,
TOOL_HOVER,78131,7/27/2023 1:35:49 PM,a62cdd57-739f-4f98-b0bd-45e7aced8b73,Hemostatic Gauze,999,
TOOL_HOVER,78150,7/27/2023 1:35:49 PM,a62cdd57-739f-4f98-b0bd-45e7aced8b73,Hemostatic Gauze,999,
TOOL_HOVER,78169,7/27/2023 1:35:50 PM,a62cdd57-739f-4f98-b0bd-45e7aced8b73,Hemostatic Gauze,999,
TOOL_HOVER,78188,7/27/2023 1:35:50 PM,a62cdd57-739f-4f98-b0bd-45e7aced8b73,Hemostatic Gauze,999,
TOOL_HOVER,78206,7/27/2023 1:35:50 PM,a62cdd57-739f-4f98-b0bd-45e7aced8b73,Hemostatic Gauze,999,
TOOL_SELECTED,78209,7/27/2023 1:35:50 PM,a62cdd57-739f-4f98-b0bd-45e7aced8b73,Hemostatic Gauze,998,
TOOL_DISCARDED,78589,7/27/2023 1:35:50 PM,a62cdd57-739f-4f98-b0bd-45e7aced8b73,Hemostatic Gauze,998,"(1.0, 1.0, 0.4)",
TOOL_DISCARDED,78590,7/27/2023 1:35:50 PM,a62cdd57-739f-4f98-b0bd-45e7aced8b73,Hemostatic Gauze,999,"(1.0, 1.0, 0.4)",
TOOL_HOVER,78607,7/27/2023 1:35:50 PM,a62cdd57-739f-4f98-b0bd-45e7aced8b73,Needle,999,
TOOL_HOVER,78626,7/27/2023 1:35:50 PM,a62cdd57-739f-4f98-b0bd-45e7aced8b73,Needle,999,
TOOL_HOVER,78645,7/27/2023 1:35:50 PM,a62cdd57-739f-4f98-b0bd-45e7aced8b73,Needle,999,
TOOL_HOVER,78665,7/27/2023 1:35:50 PM,a62cdd57-739f-4f98-b0bd-45e7aced8b73,Needle,999,
TOOL_HOVER,78684,7/27/2023 1:35:50 PM,a62cdd57-739f-4f98-b0bd-45e7aced8b73,Needle,999,
TOOL_HOVER,78704,7/27/2023 1:35:50 PM,a62cdd57-739f-4f98-b0bd-45e7aced8b73,Hemostatic Gauze,1000,
TOOL_HOVER,78720,7/27/2023 1:35:50 PM,a62cdd57-739f-4f98-b0bd-45e7aced8b73,Hemostatic Gauze,1000,
TOOL_HOVER,78739,7/27/2023 1:35:50 PM,a62cdd57-739f-4f98-b0bd-45e7aced8b73,Hemostatic Gauze,1000,
TOOL_HOVER,78757,7/27/2023 1:35:50 PM,a62cdd57-739f-4f98-b0bd-45e7aced8b73,Hemostatic Gauze,1000,
TOOL_HOVER,78774,7/27/2023 1:35:50 PM,a62cdd57-739f-4f98-b0bd-45e7aced8b73,Hemostatic Gauze,1000,
TOOL_HOVER,79190,7/27/2023 1:35:51 PM,a62cdd57-739f-4f98-b0bd-45e7aced8b73,Needle,999,
TOOL_HOVER,79208,7/27/2023 1:35:51 PM,a62cdd57-739f-4f98-b0bd-45e7aced8b73,Needle,999,
TOOL_HOVER,79224,7/27/2023 1:35:51 PM,a62cdd57-739f-4f98-b0bd-45e7aced8b73,Needle,999,
TOOL_HOVER,79240,7/27/2023 1:35:51 PM,a62cdd57-739f-4f98-b0bd-45e7aced8b73,Needle,999,
TOOL_HOVER,79258,7/27/2023 1:35:51 PM,a62cdd57-739f-4f98-b0bd-45e7aced8b73,Needle,999,
TOOL_HOVER,79278,7/27/2023 1:35:51 PM,a62cdd57-739f-4f98-b0bd-45e7aced8b73,Needle,999,
TOOL_HOVER,79298,7/27/2023 1:35:51 PM,a62cdd57-739f-4f98-b0bd-45e7aced8b73,Needle,999,
TOOL_HOVER,79318,7/27/2023 1:35:51 PM,a62cdd57-739f-4f98-b0bd-45e7aced8b73,Needle,999,
TOOL_HOVER,79340,7/27/2023 1:35:51 PM,a62cdd57-739f-4f98-b0bd-45e7aced8b73,Needle,999,
TOOL_HOVER,79359,7/27/2023 1:35:51 PM,a62cdd57-739f-4f98-b0bd-45e7aced8b73,Needle,999,
TOOL_HOVER,79377,7/27/2023 1:35:51 PM,a62cdd57-739f-4f98-b0bd-45e7aced8b73,Needle,999,
TOOL_HOVER,79395,7/27/2023 1:35:51 PM,a62cdd57-739f-4f98-b0bd-45e7aced8b73,Hemostatic Gauze,1000,
TOOL_HOVER,79415,7/27/2023 1:35:51 PM,a62cdd57-739f-4f98-b0bd-45e7aced8b73,Hemostatic Gauze,1000,
TOOL_HOVER,79434,7/27/2023 1:35:51 PM,a62cdd57-739f-4f98-b0bd-45e7aced8b73,Hemostatic Gauze,1000,
TOOL_HOVER,79454,7/27/2023 1:35:51 PM,a62cdd57-739f-4f98-b0bd-45e7aced8b73,Hemostatic Gauze,1000,
TOOL_HOVER,79472,7/27/2023 1:35:51 PM,a62cdd57-739f-4f98-b0bd-45e7aced8b73,Hemostatic Gauze,1000,
TOOL_HOVER,79492,7/27/2023 1:35:51 PM,a62cdd57-739f-4f98-b0bd-45e7aced8b73,Hemostatic Gauze,1000,
TOOL_HOVER,79513,7/27/2023 1:35:51 PM,a62cdd57-739f-4f98-b0bd-45e7aced8b73,Hemostatic Gauze,1000,
TOOL_HOVER,79532,7/27/2023 1:35:51 PM,a62cdd57-739f-4f98-b0bd-45e7aced8b73,Hemostatic Gauze,1000,
TOOL_HOVER,79552,7/27/2023 1:35:51 PM,a62cdd57-739f-4f98-b0bd-45e7aced8b73,Hemostatic Gauze,1000,
TOOL_HOVER,79571,7/27/2023 1:35:51 PM,a62cdd57-739f-4f98-b0bd-45e7aced8b73,Hemostatic Gauze,1000,
TOOL_HOVER,79590,7/27/2023 1:35:51 PM,a62cdd57-739f-4f98-b0bd-45e7aced8b73,Hemostatic Gauze,1000,
TOOL_HOVER,79608,7/27/2023 1:35:51 PM,a62cdd57-739f-4f98-b0bd-45e7aced8b73,Hemostatic Gauze,1000,
TOOL_HOVER,79628,7/27/2023 1:35:51 PM,a62cdd57-739f-4f98-b0bd-45e7aced8b73,Hemostatic Gauze,1000,
TOOL_HOVER,79647,7/27/2023 1:35:51 PM,a62cdd57-739f-4f98-b0bd-45e7aced8b73,Hemostatic Gauze,1000,
TOOL_HOVER,79667,7/27/2023 1:35:51 PM,a62cdd57-739f-4f98-b0bd-45e7aced8b73,Hemostatic Gauze,1000,
TOOL_HOVER,79686,7/27/2023 1:35:51 PM,a62cdd57-739f-4f98-b0bd-45e7aced8b73,Hemostatic Gauze,1000,
TOOL_HOVER,79704,7/27/2023 1:35:51 PM,a62cdd57-739f-4f98-b0bd-45e7aced8b73,Needle,999,
TOOL_HOVER,79725,7/27/2023 1:35:51 PM,a62cdd57-739f-4f98-b0bd-45e7aced8b73,Needle,999,
TOOL_HOVER,79741,7/27/2023 1:35:51 PM,a62cdd57-739f-4f98-b0bd-45e7aced8b73,Needle,999,
TOOL_HOVER,79758,7/27/2023 1:35:51 PM,a62cdd57-739f-4f98-b0bd-45e7aced8b73,Needle,999,
TOOL_HOVER,79775,7/27/2023 1:35:51 PM,a62cdd57-739f-4f98-b0bd-45e7aced8b73,Needle,999,
TOOL_HOVER,79792,7/27/2023 1:35:51 PM,a62cdd57-739f-4f98-b0bd-45e7aced8b73,Needle,999,
TOOL_HOVER,79808,7/27/2023 1:35:51 PM,a62cdd57-739f-4f98-b0bd-45e7aced8b73,Needle,999,
TOOL_HOVER,79825,7/27/2023 1:35:51 PM,a62cdd57-739f-4f98-b0bd-45e7aced8b73,Needle,999,
TOOL_HOVER,79841,7/27/2023 1:35:51 PM,a62cdd57-739f-4f98-b0bd-45e7aced8b73,Needle,999,
TOOL_HOVER,79859,7/27/2023 1:35:51 PM,a62cdd57-739f-4f98-b0bd-45e7aced8b73,Needle,999,
TOOL_HOVER,79875,7/27/2023 1:35:51 PM,a62cdd57-739f-4f98-b0bd-45e7aced8b73,Needle,999,
TOOL_HOVER,79891,7/27/2023 1:35:51 PM,a62cdd57-739f-4f98-b0bd-45e7aced8b73,Needle,999,
TOOL_HOVER,79908,7/27/2023 1:35:51 PM,a62cdd57-739f-4f98-b0bd-45e7aced8b73,Needle,999,
TOOL_HOVER,79925,7/27/2023 1:35:51 PM,a62cdd57-739f-4f98-b0bd-45e7aced8b73,Needle,999,
TOOL_HOVER,79942,7/27/2023 1:35:51 PM,a62cdd57-739f-4f98-b0bd-45e7aced8b73,Needle,999,
TOOL_HOVER,79959,7/27/2023 1:35:51 PM,a62cdd57-739f-4f98-b0bd-45e7aced8b73,Needle,999,
TOOL_HOVER,79975,7/27/2023 1:35:51 PM,a62cdd57-739f-4f98-b0bd-45e7aced8b73,Needle,999,
TOOL_HOVER,79993,7/27/2023 1:35:51 PM,a62cdd57-739f-4f98-b0bd-45e7aced8b73,Needle,999,
TOOL_HOVER,80008,7/27/2023 1:35:51 PM,a62cdd57-739f-4f98-b0bd-45e7aced8b73,Needle,999,
TOOL_HOVER,80025,7/27/2023 1:35:51 PM,a62cdd57-739f-4f98-b0bd-45e7aced8b73,Needle,999,
TOOL_HOVER,80042,7/27/2023 1:35:51 PM,a62cdd57-739f-4f98-b0bd-45e7aced8b73,Needle,999,
TOOL_HOVER,80058,7/27/2023 1:35:51 PM,a62cdd57-739f-4f98-b0bd-45e7aced8b73,Needle,999,
TOOL_HOVER,80075,7/27/2023 1:35:51 PM,a62cdd57-739f-4f98-b0bd-45e7aced8b73,Needle,999,
TOOL_HOVER,80093,7/27/2023 1:35:51 PM,a62cdd57-739f-4f98-b0bd-45e7aced8b73,Needle,999,
TOOL_HOVER,80109,7/27/2023 1:35:51 PM,a62cdd57-739f-4f98-b0bd-45e7aced8b73,Needle,999,
TOOL_HOVER,80126,7/27/2023 1:35:51 PM,a62cdd57-739f-4f98-b0bd-45e7aced8b73,Needle,999,
TOOL_HOVER,80142,7/27/2023 1:35:51 PM,a62cdd57-739f-4f98-b0bd-45e7aced8b73,Needle,999,
TOOL_HOVER,80159,7/27/2023 1:35:51 PM,a62cdd57-739f-4f98-b0bd-45e7aced8b73,Needle,999,
TOOL_HOVER,80176,7/27/2023 1:35:52 PM,a62cdd57-739f-4f98-b0bd-45e7aced8b73,Needle,999,
TOOL_HOVER,80192,7/27/2023 1:35:52 PM,a62cdd57-739f-4f98-b0bd-45e7aced8b73,Needle,999,
TOOL_SELECTED,80193,7/27/2023 1:35:52 PM,a62cdd57-739f-4f98-b0bd-45e7aced8b73,Needle,998,
INJURY_TREATED,84156,7/27/2023 1:35:55 PM,a62cdd57-739f-4f98-b0bd-45e7aced8b73,R Chest Collapse,Gary_3 Root,decompress,high,chest,True,False,"(0.0, 0.0, 0.0)",
TOOL_APPLIED,84156,7/27/2023 1:35:55 PM,a62cdd57-739f-4f98-b0bd-45e7aced8b73,Needle_Decomp(Clone),Needle,RChest_Breathe1 (UnityEngine.GameObject),cath_needle (UnityEngine.GameObject),right_chest,Needle_Decomp(Clone) (UnityEngine.GameObject),AppliedDecompNeedle,
VOICE_CAPTURE,84451,7/27/2023 1:35:56 PM,a62cdd57-739f-4f98-b0bd-45e7aced8b73,gonna need to decompress here,NA,
VOICE_CAPTURE,94441,7/27/2023 1:36:06 PM,a62cdd57-739f-4f98-b0bd-45e7aced8b73,alright looks like I have good movement on both sides now Sir can you hear me open your eyes if you can hear me,NA,
VOICE_COMMAND,94441,7/27/2023 1:36:06 PM,a62cdd57-739f-4f98-b0bd-45e7aced8b73,can you hear,alright looks like I have good movement on both sides now Sir can you hear me open your eyes if you can hear me,
TAG_SELECTED,97080,7/27/2023 1:36:08 PM,a62cdd57-739f-4f98-b0bd-45e7aced8b73,red,
TAG_APPLIED,99123,7/27/2023 1:36:10 PM,a62cdd57-739f-4f98-b0bd-45e7aced8b73,Gary_3 Root,red,
VOICE_CAPTURE,100744,7/27/2023 1:36:12 PM,a62cdd57-739f-4f98-b0bd-45e7aced8b73,so he's not following commands I'm gonna mark him as immediate,NA,
BAG_CLOSED,102521,7/27/2023 1:36:14 PM,a62cdd57-739f-4f98-b0bd-45e7aced8b73,"(0.6, 0.4, 0.7)",
TELEPORT,102521,7/27/2023 1:36:14 PM,a62cdd57-739f-4f98-b0bd-45e7aced8b73,"(-0.3, 0.0, 0.8)",
VOICE_CAPTURE,105613,7/27/2023 1:36:17 PM,a62cdd57-739f-4f98-b0bd-45e7aced8b73,alright moving to the next one,NA,
VOICE_CAPTURE,109968,7/27/2023 1:36:21 PM,a62cdd57-739f-4f98-b0bd-45e7aced8b73,looks like I have some arterial bleeding,NA,
VOICE_CAPTURE,112243,7/27/2023 1:36:24 PM,a62cdd57-739f-4f98-b0bd-45e7aced8b73,Sir what's your name,NA,
VOICE_COMMAND,112243,7/27/2023 1:36:24 PM,a62cdd57-739f-4f98-b0bd-45e7aced8b73,what is your name,Sir what's your name,
BAG_ACCESS,112897,7/27/2023 1:36:24 PM,a62cdd57-739f-4f98-b0bd-45e7aced8b73,"(1.5, 0.4, 3.4)",
VOICE_CAPTURE,115499,7/27/2023 1:36:27 PM,a62cdd57-739f-4f98-b0bd-45e7aced8b73,what is your name,NA,
VOICE_COMMAND,115499,7/27/2023 1:36:27 PM,a62cdd57-739f-4f98-b0bd-45e7aced8b73,what is your name,what is your name,
TOOL_HOVER,118892,7/27/2023 1:36:30 PM,a62cdd57-739f-4f98-b0bd-45e7aced8b73,Tourniquet,999,
TOOL_HOVER,118911,7/27/2023 1:36:30 PM,a62cdd57-739f-4f98-b0bd-45e7aced8b73,Tourniquet,999,
TOOL_HOVER,118930,7/27/2023 1:36:30 PM,a62cdd57-739f-4f98-b0bd-45e7aced8b73,Tourniquet,999,
TOOL_HOVER,118950,7/27/2023 1:36:30 PM,a62cdd57-739f-4f98-b0bd-45e7aced8b73,Tourniquet,999,
TOOL_HOVER,118970,7/27/2023 1:36:30 PM,a62cdd57-739f-4f98-b0bd-45e7aced8b73,Tourniquet,999,
TOOL_HOVER,118989,7/27/2023 1:36:30 PM,a62cdd57-739f-4f98-b0bd-45e7aced8b73,Tourniquet,999,
TOOL_HOVER,119007,7/27/2023 1:36:30 PM,a62cdd57-739f-4f98-b0bd-45e7aced8b73,Tourniquet,999,
TOOL_HOVER,119027,7/27/2023 1:36:30 PM,a62cdd57-739f-4f98-b0bd-45e7aced8b73,Tourniquet,999,
TOOL_HOVER,119044,7/27/2023 1:36:30 PM,a62cdd57-739f-4f98-b0bd-45e7aced8b73,Tourniquet,999,
TOOL_HOVER,119063,7/27/2023 1:36:30 PM,a62cdd57-739f-4f98-b0bd-45e7aced8b73,Tourniquet,999,
TOOL_HOVER,119081,7/27/2023 1:36:30 PM,a62cdd57-739f-4f98-b0bd-45e7aced8b73,Tourniquet,999,
TOOL_HOVER,119099,7/27/2023 1:36:30 PM,a62cdd57-739f-4f98-b0bd-45e7aced8b73,Tourniquet,999,
TOOL_HOVER,119117,7/27/2023 1:36:30 PM,a62cdd57-739f-4f98-b0bd-45e7aced8b73,Tourniquet,999,
TOOL_HOVER,119136,7/27/2023 1:36:30 PM,a62cdd57-739f-4f98-b0bd-45e7aced8b73,Tourniquet,999,
TOOL_HOVER,119154,7/27/2023 1:36:30 PM,a62cdd57-739f-4f98-b0bd-45e7aced8b73,Tourniquet,999,
TOOL_HOVER,119174,7/27/2023 1:36:31 PM,a62cdd57-739f-4f98-b0bd-45e7aced8b73,Tourniquet,999,
TOOL_HOVER,119194,7/27/2023 1:36:31 PM,a62cdd57-739f-4f98-b0bd-45e7aced8b73,Tourniquet,999,
TOOL_HOVER,119210,7/27/2023 1:36:31 PM,a62cdd57-739f-4f98-b0bd-45e7aced8b73,Tourniquet,999,
TOOL_HOVER,119227,7/27/2023 1:36:31 PM,a62cdd57-739f-4f98-b0bd-45e7aced8b73,Tourniquet,999,
TOOL_HOVER,119243,7/27/2023 1:36:31 PM,a62cdd57-739f-4f98-b0bd-45e7aced8b73,Tourniquet,999,
TOOL_HOVER,119260,7/27/2023 1:36:31 PM,a62cdd57-739f-4f98-b0bd-45e7aced8b73,Tourniquet,999,
TOOL_HOVER,119277,7/27/2023 1:36:31 PM,a62cdd57-739f-4f98-b0bd-45e7aced8b73,Tourniquet,999,
TOOL_HOVER,119294,7/27/2023 1:36:31 PM,a62cdd57-739f-4f98-b0bd-45e7aced8b73,Tourniquet,999,
TOOL_HOVER,119310,7/27/2023 1:36:31 PM,a62cdd57-739f-4f98-b0bd-45e7aced8b73,Tourniquet,999,
TOOL_HOVER,119327,7/27/2023 1:36:31 PM,a62cdd57-739f-4f98-b0bd-45e7aced8b73,Tourniquet,999,
TOOL_HOVER,119344,7/27/2023 1:36:31 PM,a62cdd57-739f-4f98-b0bd-45e7aced8b73,Tourniquet,999,
TOOL_SELECTED,119346,7/27/2023 1:36:31 PM,a62cdd57-739f-4f98-b0bd-45e7aced8b73,Tourniquet,998,
VOICE_CAPTURE,120083,7/27/2023 1:36:31 PM,a62cdd57-739f-4f98-b0bd-45e7aced8b73,so he's able to follow commands,NA,
INJURY_TREATED,121618,7/27/2023 1:36:33 PM,a62cdd57-739f-4f98-b0bd-45e7aced8b73,L Thigh Puncture,Mike_7 Root,tourniquet,medium,leftLeg,True,False,"(0.7, 0.1, 3.5)",
TOOL_APPLIED,121618,7/27/2023 1:36:33 PM,a62cdd57-739f-4f98-b0bd-45e7aced8b73,Mike_7 Root,Tourniquet,LeftUpLeg (UnityEngine.GameObject),tor_ring (1) (UnityEngine.GameObject),tourniquet(Clone) (UnityEngine.GameObject),AppliedTourniquet,
PULSE_TAKEN,122938,7/27/2023 1:36:34 PM,a62cdd57-739f-4f98-b0bd-45e7aced8b73,pulse_fast,Mike_7 Root,
VOICE_CAPTURE,123320,7/27/2023 1:36:35 PM,a62cdd57-739f-4f98-b0bd-45e7aced8b73,we're gonna put a tourniquet on there,NA,
PATIENT_ENGAGED,125687,7/27/2023 1:36:37 PM,a62cdd57-739f-4f98-b0bd-45e7aced8b73,100,Infinity,Mike_7 Root,"(1.3, 0.0, 3.4)","(0.0, 0.1, 0.0, 1.0)",DELAYED,waver,fast,normal,normal,upset,sittingGround,
VOICE_CAPTURE,126354,7/27/2023 1:36:38 PM,a62cdd57-739f-4f98-b0bd-45e7aced8b73,have a good peripheral pulse,NA,
VOICE_CAPTURE,128522,7/27/2023 1:36:40 PM,a62cdd57-739f-4f98-b0bd-45e7aced8b73,respiratory effort looks adequate,NA,
VOICE_CAPTURE,133659,7/27/2023 1:36:45 PM,a62cdd57-739f-4f98-b0bd-45e7aced8b73,Box intact so we're gonna put him as,NA,
TAG_SELECTED,134699,7/27/2023 1:36:46 PM,a62cdd57-739f-4f98-b0bd-45e7aced8b73,yellow,
TAG_APPLIED,136550,7/27/2023 1:36:48 PM,a62cdd57-739f-4f98-b0bd-45e7aced8b73,Mike_7 Root,yellow,
BAG_CLOSED,139586,7/27/2023 1:36:51 PM,a62cdd57-739f-4f98-b0bd-45e7aced8b73,"(1.5, 0.4, 3.4)",
TELEPORT,139586,7/27/2023 1:36:51 PM,a62cdd57-739f-4f98-b0bd-45e7aced8b73,"(0.6, 0.0, 2.9)",
VOICE_CAPTURE,139652,7/27/2023 1:36:51 PM,a62cdd57-739f-4f98-b0bd-45e7aced8b73,delayed at this time if the bleeding is controlled will reassess him later,NA,
PATIENT_ENGAGED,141781,7/27/2023 1:36:53 PM,a62cdd57-739f-4f98-b0bd-45e7aced8b73,100,Infinity,Gloria_6 Root,"(-1.2, 0.0, 3.1)","(0.0, 0.4, 0.0, 0.9)",DELAYED,waver,fast,normal,normal,upset,fetal,
VOICE_CAPTURE,142657,7/27/2023 1:36:54 PM,a62cdd57-739f-4f98-b0bd-45e7aced8b73,moving over here,NA,
VOICE_CAPTURE,146165,7/27/2023 1:36:57 PM,a62cdd57-739f-4f98-b0bd-45e7aced8b73,alright,NA,
BAG_ACCESS,148589,7/27/2023 1:37:00 PM,a62cdd57-739f-4f98-b0bd-45e7aced8b73,"(-1.1, 0.4, 3.7)",
VOICE_CAPTURE,148905,7/27/2023 1:37:00 PM,a62cdd57-739f-4f98-b0bd-45e7aced8b73,unlimited resources right,NA,
TOOL_HOVER,154302,7/27/2023 1:37:06 PM,a62cdd57-739f-4f98-b0bd-45e7aced8b73,Tourniquet,998,
TOOL_HOVER,154318,7/27/2023 1:37:06 PM,a62cdd57-739f-4f98-b0bd-45e7aced8b73,Tourniquet,998,
TOOL_HOVER,154335,7/27/2023 1:37:06 PM,a62cdd57-739f-4f98-b0bd-45e7aced8b73,Tourniquet,998,
TOOL_HOVER,154352,7/27/2023 1:37:06 PM,a62cdd57-739f-4f98-b0bd-45e7aced8b73,Tourniquet,998,
TOOL_HOVER,154369,7/27/2023 1:37:06 PM,a62cdd57-739f-4f98-b0bd-45e7aced8b73,Tourniquet,998,
TOOL_HOVER,154385,7/27/2023 1:37:06 PM,a62cdd57-739f-4f98-b0bd-45e7aced8b73,Tourniquet,998,
TOOL_HOVER,154403,7/27/2023 1:37:06 PM,a62cdd57-739f-4f98-b0bd-45e7aced8b73,Tourniquet,998,
TOOL_HOVER,154419,7/27/2023 1:37:06 PM,a62cdd57-739f-4f98-b0bd-45e7aced8b73,Tourniquet,998,
TOOL_HOVER,154436,7/27/2023 1:37:06 PM,a62cdd57-739f-4f98-b0bd-45e7aced8b73,Tourniquet,998,
TOOL_HOVER,154453,7/27/2023 1:37:06 PM,a62cdd57-739f-4f98-b0bd-45e7aced8b73,Tourniquet,998,
TOOL_HOVER,154471,7/27/2023 1:37:06 PM,a62cdd57-739f-4f98-b0bd-45e7aced8b73,Tourniquet,998,
TOOL_HOVER,154485,7/27/2023 1:37:06 PM,a62cdd57-739f-4f98-b0bd-45e7aced8b73,Tourniquet,998,
TOOL_HOVER,154503,7/27/2023 1:37:06 PM,a62cdd57-739f-4f98-b0bd-45e7aced8b73,Tourniquet,998,
TOOL_HOVER,154519,7/27/2023 1:37:06 PM,a62cdd57-739f-4f98-b0bd-45e7aced8b73,Tourniquet,998,
TOOL_HOVER,154536,7/27/2023 1:37:06 PM,a62cdd57-739f-4f98-b0bd-45e7aced8b73,Tourniquet,998,
TOOL_HOVER,154553,7/27/2023 1:37:06 PM,a62cdd57-739f-4f98-b0bd-45e7aced8b73,Tourniquet,998,
TOOL_HOVER,154569,7/27/2023 1:37:06 PM,a62cdd57-739f-4f98-b0bd-45e7aced8b73,Tourniquet,998,
TOOL_HOVER,154586,7/27/2023 1:37:06 PM,a62cdd57-739f-4f98-b0bd-45e7aced8b73,Tourniquet,998,
TOOL_HOVER,154603,7/27/2023 1:37:06 PM,a62cdd57-739f-4f98-b0bd-45e7aced8b73,Tourniquet,998,
TOOL_HOVER,154621,7/27/2023 1:37:06 PM,a62cdd57-739f-4f98-b0bd-45e7aced8b73,Tourniquet,998,
TOOL_HOVER,154637,7/27/2023 1:37:06 PM,a62cdd57-739f-4f98-b0bd-45e7aced8b73,Tourniquet,998,
TOOL_HOVER,154653,7/27/2023 1:37:06 PM,a62cdd57-739f-4f98-b0bd-45e7aced8b73,Tourniquet,998,
TOOL_HOVER,154669,7/27/2023 1:37:06 PM,a62cdd57-739f-4f98-b0bd-45e7aced8b73,Tourniquet,998,
TOOL_HOVER,154686,7/27/2023 1:37:06 PM,a62cdd57-739f-4f98-b0bd-45e7aced8b73,Tourniquet,998,
TOOL_SELECTED,154687,7/27/2023 1:37:06 PM,a62cdd57-739f-4f98-b0bd-45e7aced8b73,Tourniquet,997,
TOOL_APPLIED,156392,7/27/2023 1:37:08 PM,a62cdd57-739f-4f98-b0bd-45e7aced8b73,Gloria_6 Root,Tourniquet,RightUpLeg (UnityEngine.GameObject),tor_ring (1) (UnityEngine.GameObject),tourniquet(Clone) (UnityEngine.GameObject),AppliedTourniquet,
VOICE_CAPTURE,157561,7/27/2023 1:37:09 PM,a62cdd57-739f-4f98-b0bd-45e7aced8b73,I'm not seeing any obvious bleeding but just to make sure it stays that way we'll put a tourniquet on,NA,
VOICE_CAPTURE,162322,7/27/2023 1:37:14 PM,a62cdd57-739f-4f98-b0bd-45e7aced8b73,I didn't like that,NA,
PULSE_TAKEN,163558,7/27/2023 1:37:15 PM,a62cdd57-739f-4f98-b0bd-45e7aced8b73,pulse_fast,Gloria_6 Root,
PULSE_TAKEN,165863,7/27/2023 1:37:17 PM,a62cdd57-739f-4f98-b0bd-45e7aced8b73,pulse_fast,Gloria_6 Root,
VOICE_CAPTURE,170357,7/27/2023 1:37:22 PM,a62cdd57-739f-4f98-b0bd-45e7aced8b73,oh we'll leave the impaled object in place have a fast but present radial pulse,NA,
VOICE_CAPTURE,171727,7/27/2023 1:37:23 PM,a62cdd57-739f-4f98-b0bd-45e7aced8b73,ma'am what's your name,NA,
VOICE_COMMAND,171727,7/27/2023 1:37:23 PM,a62cdd57-739f-4f98-b0bd-45e7aced8b73,what is your name,ma'am what's your name,
TAG_SELECTED,180733,7/27/2023 1:37:32 PM,a62cdd57-739f-4f98-b0bd-45e7aced8b73,yellow,
TAG_APPLIED,182587,7/27/2023 1:37:34 PM,a62cdd57-739f-4f98-b0bd-45e7aced8b73,Gloria_6 Root,yellow,
VOICE_CAPTURE,183204,7/27/2023 1:37:35 PM,a62cdd57-739f-4f98-b0bd-45e7aced8b73,so she's able to follow commands airway looks good respiratory effort looks good since the lack of bleeding we're gonna put her as delayed,NA,
BAG_CLOSED,184766,7/27/2023 1:37:36 PM,a62cdd57-739f-4f98-b0bd-45e7aced8b73,"(-1.1, 0.4, 3.7)",
TELEPORT,188525,7/27/2023 1:37:40 PM,a62cdd57-739f-4f98-b0bd-45e7aced8b73,"(-1.9, 0.0, 3.1)",
PATIENT_ENGAGED,192410,7/27/2023 1:37:44 PM,a62cdd57-739f-4f98-b0bd-45e7aced8b73,100,Infinity,Bob_0 Root,"(-1.7, 0.0, 5.7)","(0.0, 0.7, 0.0, 0.7)",DEAD,still,none,none,none,dead,supine,
BAG_ACCESS,204825,7/27/2023 1:37:56 PM,a62cdd57-739f-4f98-b0bd-45e7aced8b73,"(-1.4, 0.4, 4.9)",
VOICE_CAPTURE,204958,7/27/2023 1:37:56 PM,a62cdd57-739f-4f98-b0bd-45e7aced8b73,I'm not seeing any respiratory effort will open his airway does that OK we will mark him as black,NA,
TAG_SELECTED,205974,7/27/2023 1:37:57 PM,a62cdd57-739f-4f98-b0bd-45e7aced8b73,black,
TAG_APPLIED,207582,7/27/2023 1:37:59 PM,a62cdd57-739f-4f98-b0bd-45e7aced8b73,Bob_0 Root,black,
BAG_CLOSED,211368,7/27/2023 1:38:03 PM,a62cdd57-739f-4f98-b0bd-45e7aced8b73,"(-1.4, 0.4, 4.9)",
TELEPORT,211369,7/27/2023 1:38:03 PM,a62cdd57-739f-4f98-b0bd-45e7aced8b73,"(-2.0, 0.0, 4.0)",
PATIENT_ENGAGED,216703,7/27/2023 1:38:08 PM,a62cdd57-739f-4f98-b0bd-45e7aced8b73,100,Infinity,Lily_4 Root,"(1.2, 0.0, 6.2)","(0.0, 1.0, 0.0, 0.0)",IMMEDIATE,waver,fast,normal,normal,upset,fetal,
BAG_ACCESS,221123,7/27/2023 1:38:12 PM,a62cdd57-739f-4f98-b0bd-45e7aced8b73,"(0.6, 0.4, 6.0)",
TOOL_HOVER,221801,7/27/2023 1:38:13 PM,a62cdd57-739f-4f98-b0bd-45e7aced8b73,Hemostatic Gauze,1000,
TOOL_HOVER,221818,7/27/2023 1:38:13 PM,a62cdd57-739f-4f98-b0bd-45e7aced8b73,Hemostatic Gauze,1000,
TOOL_HOVER,221837,7/27/2023 1:38:13 PM,a62cdd57-739f-4f98-b0bd-45e7aced8b73,Hemostatic Gauze,1000,
TOOL_HOVER,221857,7/27/2023 1:38:13 PM,a62cdd57-739f-4f98-b0bd-45e7aced8b73,Hemostatic Gauze,1000,
TOOL_HOVER,221874,7/27/2023 1:38:13 PM,a62cdd57-739f-4f98-b0bd-45e7aced8b73,Hemostatic Gauze,1000,
TOOL_HOVER,221892,7/27/2023 1:38:13 PM,a62cdd57-739f-4f98-b0bd-45e7aced8b73,Hemostatic Gauze,1000,
TOOL_HOVER,221912,7/27/2023 1:38:13 PM,a62cdd57-739f-4f98-b0bd-45e7aced8b73,Hemostatic Gauze,1000,
TOOL_HOVER,221931,7/27/2023 1:38:13 PM,a62cdd57-739f-4f98-b0bd-45e7aced8b73,Hemostatic Gauze,1000,
TOOL_HOVER,221948,7/27/2023 1:38:13 PM,a62cdd57-739f-4f98-b0bd-45e7aced8b73,Hemostatic Gauze,1000,
TOOL_HOVER,221966,7/27/2023 1:38:13 PM,a62cdd57-739f-4f98-b0bd-45e7aced8b73,Hemostatic Gauze,1000,
TOOL_HOVER,221983,7/27/2023 1:38:13 PM,a62cdd57-739f-4f98-b0bd-45e7aced8b73,Hemostatic Gauze,1000,
TOOL_HOVER,222002,7/27/2023 1:38:13 PM,a62cdd57-739f-4f98-b0bd-45e7aced8b73,Hemostatic Gauze,1000,
TOOL_HOVER,222021,7/27/2023 1:38:13 PM,a62cdd57-739f-4f98-b0bd-45e7aced8b73,Hemostatic Gauze,1000,
TOOL_HOVER,222039,7/27/2023 1:38:13 PM,a62cdd57-739f-4f98-b0bd-45e7aced8b73,Hemostatic Gauze,1000,
TOOL_HOVER,222057,7/27/2023 1:38:13 PM,a62cdd57-739f-4f98-b0bd-45e7aced8b73,Hemostatic Gauze,1000,
TOOL_HOVER,222073,7/27/2023 1:38:13 PM,a62cdd57-739f-4f98-b0bd-45e7aced8b73,Hemostatic Gauze,1000,
TOOL_HOVER,222092,7/27/2023 1:38:13 PM,a62cdd57-739f-4f98-b0bd-45e7aced8b73,Hemostatic Gauze,1000,
TOOL_HOVER,222110,7/27/2023 1:38:13 PM,a62cdd57-739f-4f98-b0bd-45e7aced8b73,Hemostatic Gauze,1000,
TOOL_HOVER,222126,7/27/2023 1:38:13 PM,a62cdd57-739f-4f98-b0bd-45e7aced8b73,Hemostatic Gauze,1000,
TOOL_HOVER,222144,7/27/2023 1:38:13 PM,a62cdd57-739f-4f98-b0bd-45e7aced8b73,Hemostatic Gauze,1000,
TOOL_HOVER,222162,7/27/2023 1:38:13 PM,a62cdd57-739f-4f98-b0bd-45e7aced8b73,Hemostatic Gauze,1000,
TOOL_HOVER,222180,7/27/2023 1:38:14 PM,a62cdd57-739f-4f98-b0bd-45e7aced8b73,Hemostatic Gauze,1000,
VOICE_CAPTURE,222198,7/27/2023 1:38:14 PM,a62cdd57-739f-4f98-b0bd-45e7aced8b73,alright so we have some obviously bleeding from the truncal area there,NA,
TOOL_HOVER,222198,7/27/2023 1:38:14 PM,a62cdd57-739f-4f98-b0bd-45e7aced8b73,Hemostatic Gauze,1000,
TOOL_HOVER,222217,7/27/2023 1:38:14 PM,a62cdd57-739f-4f98-b0bd-45e7aced8b73,Hemostatic Gauze,1000,
TOOL_HOVER,222236,7/27/2023 1:38:14 PM,a62cdd57-739f-4f98-b0bd-45e7aced8b73,Hemostatic Gauze,1000,
TOOL_HOVER,222255,7/27/2023 1:38:14 PM,a62cdd57-739f-4f98-b0bd-45e7aced8b73,Hemostatic Gauze,1000,
TOOL_HOVER,222274,7/27/2023 1:38:14 PM,a62cdd57-739f-4f98-b0bd-45e7aced8b73,Hemostatic Gauze,1000,
TOOL_HOVER,222293,7/27/2023 1:38:14 PM,a62cdd57-739f-4f98-b0bd-45e7aced8b73,Hemostatic Gauze,1000,
TOOL_HOVER,222311,7/27/2023 1:38:14 PM,a62cdd57-739f-4f98-b0bd-45e7aced8b73,Hemostatic Gauze,1000,
TOOL_HOVER,222333,7/27/2023 1:38:14 PM,a62cdd57-739f-4f98-b0bd-45e7aced8b73,Hemostatic Gauze,1000,
TOOL_HOVER,222352,7/27/2023 1:38:14 PM,a62cdd57-739f-4f98-b0bd-45e7aced8b73,Hemostatic Gauze,1000,
TOOL_HOVER,222371,7/27/2023 1:38:14 PM,a62cdd57-739f-4f98-b0bd-45e7aced8b73,Hemostatic Gauze,1000,
TOOL_HOVER,222390,7/27/2023 1:38:14 PM,a62cdd57-739f-4f98-b0bd-45e7aced8b73,Hemostatic Gauze,1000,
TOOL_HOVER,222406,7/27/2023 1:38:14 PM,a62cdd57-739f-4f98-b0bd-45e7aced8b73,Hemostatic Gauze,1000,
TOOL_HOVER,222426,7/27/2023 1:38:14 PM,a62cdd57-739f-4f98-b0bd-45e7aced8b73,Hemostatic Gauze,1000,
TOOL_HOVER,222446,7/27/2023 1:38:14 PM,a62cdd57-739f-4f98-b0bd-45e7aced8b73,Hemostatic Gauze,1000,
TOOL_HOVER,222465,7/27/2023 1:38:14 PM,a62cdd57-739f-4f98-b0bd-45e7aced8b73,Hemostatic Gauze,1000,
TOOL_HOVER,222484,7/27/2023 1:38:14 PM,a62cdd57-739f-4f98-b0bd-45e7aced8b73,Hemostatic Gauze,1000,
TOOL_SELECTED,222485,7/27/2023 1:38:14 PM,a62cdd57-739f-4f98-b0bd-45e7aced8b73,Hemostatic Gauze,999,
TOOL_DISCARDED,224298,7/27/2023 1:38:16 PM,a62cdd57-739f-4f98-b0bd-45e7aced8b73,Hemostatic Gauze,999,"(0.9, 0.2, 6.5)",
INJURY_TREATED,224300,7/27/2023 1:38:16 PM,a62cdd57-739f-4f98-b0bd-45e7aced8b73,L Side Puncture,Lily_4 Root,woundpack,medium,abdomen,True,False,"(0.9, 0.2, 6.5)",
TOOL_APPLIED,224300,7/27/2023 1:38:16 PM,a62cdd57-739f-4f98-b0bd-45e7aced8b73,Lily_4 Root,Gauze_Pack,skinCollider_BodyLOD (UnityEngine.GameObject),null,null,AppliedPackingGauze,
VOICE_CAPTURE,226330,7/27/2023 1:38:18 PM,a62cdd57-739f-4f98-b0bd-45e7aced8b73,we're gonna pack that,NA,
PULSE_TAKEN,226514,7/27/2023 1:38:18 PM,a62cdd57-739f-4f98-b0bd-45e7aced8b73,pulse_fast,Lily_4 Root,
PULSE_TAKEN,226881,7/27/2023 1:38:18 PM,a62cdd57-739f-4f98-b0bd-45e7aced8b73,pulse_fast,Lily_4 Root,
VOICE_CAPTURE,231239,7/27/2023 1:38:23 PM,a62cdd57-739f-4f98-b0bd-45e7aced8b73,oh just got a fast but present radio pulse,NA,
VOICE_CAPTURE,232975,7/27/2023 1:38:24 PM,a62cdd57-739f-4f98-b0bd-45e7aced8b73,ma'am what's your name,NA,
VOICE_COMMAND,232975,7/27/2023 1:38:24 PM,a62cdd57-739f-4f98-b0bd-45e7aced8b73,what is your name,ma'am what's your name,
TAG_SELECTED,244801,7/27/2023 1:38:36 PM,a62cdd57-739f-4f98-b0bd-45e7aced8b73,red,
TAG_APPLIED,246933,7/27/2023 1:38:38 PM,a62cdd57-739f-4f98-b0bd-45e7aced8b73,Lily_4 Root,red,
VOICE_CAPTURE,247284,7/27/2023 1:38:39 PM,a62cdd57-739f-4f98-b0bd-45e7aced8b73,so she's able to follow commands airway looks good respiratory effort looks adequate because of the wound packing not able to put a tourniquet on the bleeding will mark her as immediate,NA,
BAG_CLOSED,253735,7/27/2023 1:38:45 PM,a62cdd57-739f-4f98-b0bd-45e7aced8b73,"(0.6, 0.4, 6.0)",
TELEPORT,253735,7/27/2023 1:38:45 PM,a62cdd57-739f-4f98-b0bd-45e7aced8b73,"(-0.3, 0.0, 5.2)",
PATIENT_ENGAGED,257919,7/27/2023 1:38:49 PM,a62cdd57-739f-4f98-b0bd-45e7aced8b73,100,Infinity,Gary_1 Root,"(1.6, 0.0, 7.6)","(0.0, 1.0, 0.0, 0.0)",EXPECTANT,still,none,restricted,none,unresponsive,supine,
VOICE_CAPTURE,265904,7/27/2023 1:38:57 PM,a62cdd57-739f-4f98-b0bd-45e7aced8b73,Oh so he's got an impaled object in the head I'm not seeing any brain matter,NA,
VOICE_CAPTURE,267127,7/27/2023 1:38:58 PM,a62cdd57-739f-4f98-b0bd-45e7aced8b73,umm,NA,
VOICE_CAPTURE,276287,7/27/2023 1:39:08 PM,a62cdd57-739f-4f98-b0bd-45e7aced8b73,chest is moving bilaterally will open up his airway with the head,NA,
VOICE_CAPTURE,276822,7/27/2023 1:39:08 PM,a62cdd57-739f-4f98-b0bd-45e7aced8b73,well,NA,
PULSE_TAKEN,279838,7/27/2023 1:39:11 PM,a62cdd57-739f-4f98-b0bd-45e7aced8b73,pulse_none,Gary_1 Root,
VOICE_CAPTURE,280790,7/27/2023 1:39:12 PM,a62cdd57-739f-4f98-b0bd-45e7aced8b73,yeah I had told chin left since nobody can maintain a jaw thrust,NA,
VOICE_CAPTURE,284784,7/27/2023 1:39:16 PM,a62cdd57-739f-4f98-b0bd-45e7aced8b73,no peripheral pulse,NA,
VOICE_CAPTURE,288308,7/27/2023 1:39:20 PM,a62cdd57-739f-4f98-b0bd-45e7aced8b73,Sir can you hear me open your eyes if you can hear me,NA,
VOICE_COMMAND,288308,7/27/2023 1:39:20 PM,a62cdd57-739f-4f98-b0bd-45e7aced8b73,can you hear,Sir can you hear me open your eyes if you can hear me,
TOOL_HOVER,291553,7/27/2023 1:39:23 PM,a62cdd57-739f-4f98-b0bd-45e7aced8b73,Tourniquet,997,
TOOL_HOVER,291570,7/27/2023 1:39:23 PM,a62cdd57-739f-4f98-b0bd-45e7aced8b73,Tourniquet,997,
TOOL_HOVER,291591,7/27/2023 1:39:23 PM,a62cdd57-739f-4f98-b0bd-45e7aced8b73,Tourniquet,997,
TOOL_HOVER,291608,7/27/2023 1:39:23 PM,a62cdd57-739f-4f98-b0bd-45e7aced8b73,Tourniquet,997,
TOOL_HOVER,291626,7/27/2023 1:39:23 PM,a62cdd57-739f-4f98-b0bd-45e7aced8b73,Tourniquet,997,
TOOL_HOVER,291643,7/27/2023 1:39:23 PM,a62cdd57-739f-4f98-b0bd-45e7aced8b73,Tourniquet,997,
BAG_ACCESS,292592,7/27/2023 1:39:24 PM,a62cdd57-739f-4f98-b0bd-45e7aced8b73,"(0.7, 0.4, 7.7)",
VOICE_CAPTURE,293133,7/27/2023 1:39:24 PM,a62cdd57-739f-4f98-b0bd-45e7aced8b73,so nothing we're gonna mark him as,NA,
VOICE_CAPTURE,295318,7/27/2023 1:39:27 PM,a62cdd57-739f-4f98-b0bd-45e7aced8b73,am I,NA,
VOICE_CAPTURE,298487,7/27/2023 1:39:30 PM,a62cdd57-739f-4f98-b0bd-45e7aced8b73,am I able to do expectant,NA,
VOICE_CAPTURE,299807,7/27/2023 1:39:31 PM,a62cdd57-739f-4f98-b0bd-45e7aced8b73,like,NA,
TAG_SELECTED,300794,7/27/2023 1:39:32 PM,a62cdd57-739f-4f98-b0bd-45e7aced8b73,red,
TAG_APPLIED,302277,7/27/2023 1:39:34 PM,a62cdd57-739f-4f98-b0bd-45e7aced8b73,Gary_1 Root,red,
VOICE_CAPTURE,304163,7/27/2023 1:39:35 PM,a62cdd57-739f-4f98-b0bd-45e7aced8b73,yeah umm immediate expectant or just immediate,NA,
TAG_SELECTED,305298,7/27/2023 1:39:37 PM,a62cdd57-739f-4f98-b0bd-45e7aced8b73,gray,
TAG_APPLIED,306733,7/27/2023 1:39:38 PM,a62cdd57-739f-4f98-b0bd-45e7aced8b73,Gary_1 Root,gray,
VOICE_CAPTURE,309472,7/27/2023 1:39:41 PM,a62cdd57-739f-4f98-b0bd-45e7aced8b73,that's great OK I'm gonna put him as grey,NA,
BAG_CLOSED,310672,7/27/2023 1:39:42 PM,a62cdd57-739f-4f98-b0bd-45e7aced8b73,"(0.7, 0.4, 7.7)",
TELEPORT,310672,7/27/2023 1:39:42 PM,a62cdd57-739f-4f98-b0bd-45e7aced8b73,"(0.2, 0.0, 6.4)",
PATIENT_ENGAGED,311953,7/27/2023 1:39:43 PM,a62cdd57-739f-4f98-b0bd-45e7aced8b73,100,0,Gary_9 Root,"(3.0, 0.0, 9.1)","(0.0, 0.9, 0.0, -0.5)",MINIMAL,walker,normal,normal,limited,calm,standing,
VOICE_CAPTURE,315974,7/27/2023 1:39:47 PM,a62cdd57-739f-4f98-b0bd-45e7aced8b73,alright,NA,
VOICE_CAPTURE,322199,7/27/2023 1:39:54 PM,a62cdd57-739f-4f98-b0bd-45e7aced8b73,Sir I'll try can I motion to him to walk over toward,NA,
VOICE_COMMAND,322199,7/27/2023 1:39:54 PM,a62cdd57-739f-4f98-b0bd-45e7aced8b73,walk to the safe area,Sir I'll try can I motion to him to walk over toward,
S_A_L_T_WALK_IF_CAN,322202,7/27/2023 1:39:54 PM,a62cdd57-739f-4f98-b0bd-45e7aced8b73,"(3.0, 0.0, 4.5)",walkIfCan,Lily_2 Root,
S_A_L_T_WALK_IF_CAN,322202,7/27/2023 1:39:54 PM,a62cdd57-739f-4f98-b0bd-45e7aced8b73,"(1.2, 0.0, 6.2)",walkIfCan,Lily_4 Root,
S_A_L_T_WALK_IF_CAN,322202,7/27/2023 1:39:54 PM,a62cdd57-739f-4f98-b0bd-45e7aced8b73,"(2.7, 0.0, 2.3)",walkIfCan,Mike_5 Root,
S_A_L_T_WALK_IF_CAN,322202,7/27/2023 1:39:54 PM,a62cdd57-739f-4f98-b0bd-45e7aced8b73,"(-1.2, 0.0, 3.1)",walkIfCan,Gloria_6 Root,
S_A_L_T_WALK_IF_CAN,322202,7/27/2023 1:39:54 PM,a62cdd57-739f-4f98-b0bd-45e7aced8b73,"(1.3, 0.0, 3.4)",walkIfCan,Mike_7 Root,
S_A_L_T_WALK_IF_CAN,322202,7/27/2023 1:39:54 PM,a62cdd57-739f-4f98-b0bd-45e7aced8b73,"(4.4, 0.0, -1.1)",walkIfCan,Gloria_8 Root,
S_A_L_T_WALKED,322202,7/27/2023 1:39:54 PM,a62cdd57-739f-4f98-b0bd-45e7aced8b73,"(4.4, 0.0, -1.1)",walked,Gloria_8 Root,
S_A_L_T_WALK_IF_CAN,322202,7/27/2023 1:39:54 PM,a62cdd57-739f-4f98-b0bd-45e7aced8b73,"(3.1, 0.0, -4.9)",walkIfCan,Helga_10 Root,
S_A_L_T_WALKED,322202,7/27/2023 1:39:54 PM,a62cdd57-739f-4f98-b0bd-45e7aced8b73,"(3.1, 0.0, -4.9)",walked,Helga_10 Root,
VOICE_CAPTURE,325734,7/27/2023 1:39:57 PM,a62cdd57-739f-4f98-b0bd-45e7aced8b73,or will that like take or do anything,NA,
PULSE_TAKEN,328142,7/27/2023 1:39:59 PM,a62cdd57-739f-4f98-b0bd-45e7aced8b73,pulse_normal,Gary_9 Root,
TOOL_HOVER,338459,7/27/2023 1:40:10 PM,a62cdd57-739f-4f98-b0bd-45e7aced8b73,Hemostatic Gauze,1000,
TOOL_HOVER,338475,7/27/2023 1:40:10 PM,a62cdd57-739f-4f98-b0bd-45e7aced8b73,Hemostatic Gauze,1000,
TOOL_HOVER,338490,7/27/2023 1:40:10 PM,a62cdd57-739f-4f98-b0bd-45e7aced8b73,Hemostatic Gauze,1000,
TOOL_HOVER,338506,7/27/2023 1:40:10 PM,a62cdd57-739f-4f98-b0bd-45e7aced8b73,Hemostatic Gauze,1000,
TOOL_HOVER,338524,7/27/2023 1:40:10 PM,a62cdd57-739f-4f98-b0bd-45e7aced8b73,Hemostatic Gauze,1000,
TOOL_HOVER,338540,7/27/2023 1:40:10 PM,a62cdd57-739f-4f98-b0bd-45e7aced8b73,Hemostatic Gauze,1000,
VOICE_CAPTURE,339324,7/27/2023 1:40:11 PM,a62cdd57-739f-4f98-b0bd-45e7aced8b73,OK so we've got a good peripheral pulse airway looks good respiratory effort looks good um we're gonna mark him as,NA,
BAG_ACCESS,339502,7/27/2023 1:40:11 PM,a62cdd57-739f-4f98-b0bd-45e7aced8b73,"(2.3, 0.7, 8.6)",
TAG_SELECTED,341947,7/27/2023 1:40:13 PM,a62cdd57-739f-4f98-b0bd-45e7aced8b73,green,
TAG_APPLIED,343791,7/27/2023 1:40:15 PM,a62cdd57-739f-4f98-b0bd-45e7aced8b73,Gary_9 Root,green,
VOICE_CAPTURE,344332,7/27/2023 1:40:16 PM,a62cdd57-739f-4f98-b0bd-45e7aced8b73,minimal,NA,
VOICE_CAPTURE,348119,7/27/2023 1:40:19 PM,a62cdd57-739f-4f98-b0bd-45e7aced8b73,OK,NA,
BAG_CLOSED,348972,7/27/2023 1:40:20 PM,a62cdd57-739f-4f98-b0bd-45e7aced8b73,"(2.3, 0.7, 8.6)",
TELEPORT,348972,7/27/2023 1:40:20 PM,a62cdd57-739f-4f98-b0bd-45e7aced8b73,"(1.7, 0.0, 7.3)",
PATIENT_ENGAGED,354156,7/27/2023 1:40:25 PM,a62cdd57-739f-4f98-b0bd-45e7aced8b73,100,Infinity,Lily_2 Root,"(3.0, 0.0, 4.5)","(0.0, 1.0, 0.0, 0.0)",IMMEDIATE,waver,fast,fast,normal,agony,fetal,
TOOL_HOVER,356350,7/27/2023 1:40:28 PM,a62cdd57-739f-4f98-b0bd-45e7aced8b73,Tourniquet,997,
TOOL_HOVER,356367,7/27/2023 1:40:28 PM,a62cdd57-739f-4f98-b0bd-45e7aced8b73,Tourniquet,997,
TOOL_HOVER,356383,7/27/2023 1:40:28 PM,a62cdd57-739f-4f98-b0bd-45e7aced8b73,Tourniquet,997,
TOOL_HOVER,356400,7/27/2023 1:40:28 PM,a62cdd57-739f-4f98-b0bd-45e7aced8b73,Tourniquet,997,
TOOL_HOVER,356417,7/27/2023 1:40:28 PM,a62cdd57-739f-4f98-b0bd-45e7aced8b73,Tourniquet,997,
TOOL_HOVER,356434,7/27/2023 1:40:28 PM,a62cdd57-739f-4f98-b0bd-45e7aced8b73,Tourniquet,997,
TOOL_HOVER,356454,7/27/2023 1:40:28 PM,a62cdd57-739f-4f98-b0bd-45e7aced8b73,Gauze,999,
TOOL_HOVER,356472,7/27/2023 1:40:28 PM,a62cdd57-739f-4f98-b0bd-45e7aced8b73,Gauze,999,
TOOL_HOVER,356489,7/27/2023 1:40:28 PM,a62cdd57-739f-4f98-b0bd-45e7aced8b73,Gauze,999,
TOOL_HOVER,356507,7/27/2023 1:40:28 PM,a62cdd57-739f-4f98-b0bd-45e7aced8b73,Gauze,999,
TOOL_HOVER,356524,7/27/2023 1:40:28 PM,a62cdd57-739f-4f98-b0bd-45e7aced8b73,Gauze,999,
TOOL_HOVER,356540,7/27/2023 1:40:28 PM,a62cdd57-739f-4f98-b0bd-45e7aced8b73,Gauze,999,
BAG_ACCESS,357815,7/27/2023 1:40:29 PM,a62cdd57-739f-4f98-b0bd-45e7aced8b73,"(3.6, 0.6, 4.3)",
TOOL_HOVER,358502,7/27/2023 1:40:30 PM,a62cdd57-739f-4f98-b0bd-45e7aced8b73,Tourniquet,997,
TOOL_HOVER,358520,7/27/2023 1:40:30 PM,a62cdd57-739f-4f98-b0bd-45e7aced8b73,Tourniquet,997,
TOOL_HOVER,358537,7/27/2023 1:40:30 PM,a62cdd57-739f-4f98-b0bd-45e7aced8b73,Tourniquet,997,
TOOL_HOVER,358553,7/27/2023 1:40:30 PM,a62cdd57-739f-4f98-b0bd-45e7aced8b73,Tourniquet,997,
TOOL_HOVER,358570,7/27/2023 1:40:30 PM,a62cdd57-739f-4f98-b0bd-45e7aced8b73,Tourniquet,997,
TOOL_HOVER,358587,7/27/2023 1:40:30 PM,a62cdd57-739f-4f98-b0bd-45e7aced8b73,Tourniquet,997,
TOOL_HOVER,358603,7/27/2023 1:40:30 PM,a62cdd57-739f-4f98-b0bd-45e7aced8b73,Tourniquet,997,
TOOL_HOVER,358622,7/27/2023 1:40:30 PM,a62cdd57-739f-4f98-b0bd-45e7aced8b73,Tourniquet,997,
TOOL_HOVER,358639,7/27/2023 1:40:30 PM,a62cdd57-739f-4f98-b0bd-45e7aced8b73,Tourniquet,997,
TOOL_HOVER,358656,7/27/2023 1:40:30 PM,a62cdd57-739f-4f98-b0bd-45e7aced8b73,Tourniquet,997,
TOOL_HOVER,358681,7/27/2023 1:40:30 PM,a62cdd57-739f-4f98-b0bd-45e7aced8b73,Tourniquet,997,
TOOL_HOVER,358698,7/27/2023 1:40:30 PM,a62cdd57-739f-4f98-b0bd-45e7aced8b73,Tourniquet,997,
TOOL_HOVER,358715,7/27/2023 1:40:30 PM,a62cdd57-739f-4f98-b0bd-45e7aced8b73,Tourniquet,997,
TOOL_HOVER,358730,7/27/2023 1:40:30 PM,a62cdd57-739f-4f98-b0bd-45e7aced8b73,Tourniquet,997,
TOOL_HOVER,358750,7/27/2023 1:40:30 PM,a62cdd57-739f-4f98-b0bd-45e7aced8b73,Tourniquet,997,
TOOL_HOVER,358766,7/27/2023 1:40:30 PM,a62cdd57-739f-4f98-b0bd-45e7aced8b73,Tourniquet,997,
TOOL_HOVER,358783,7/27/2023 1:40:30 PM,a62cdd57-739f-4f98-b0bd-45e7aced8b73,Tourniquet,997,
TOOL_HOVER,358799,7/27/2023 1:40:30 PM,a62cdd57-739f-4f98-b0bd-45e7aced8b73,Tourniquet,997,
TOOL_HOVER,358816,7/27/2023 1:40:30 PM,a62cdd57-739f-4f98-b0bd-45e7aced8b73,Tourniquet,997,
TOOL_HOVER,358832,7/27/2023 1:40:30 PM,a62cdd57-739f-4f98-b0bd-45e7aced8b73,Tourniquet,997,
TOOL_HOVER,358847,7/27/2023 1:40:30 PM,a62cdd57-739f-4f98-b0bd-45e7aced8b73,Tourniquet,997,
TOOL_HOVER,358866,7/27/2023 1:40:30 PM,a62cdd57-739f-4f98-b0bd-45e7aced8b73,Tourniquet,997,
TOOL_HOVER,358883,7/27/2023 1:40:30 PM,a62cdd57-739f-4f98-b0bd-45e7aced8b73,Tourniquet,997,
TOOL_HOVER,358900,7/27/2023 1:40:30 PM,a62cdd57-739f-4f98-b0bd-45e7aced8b73,Tourniquet,997,
TOOL_HOVER,358916,7/27/2023 1:40:30 PM,a62cdd57-739f-4f98-b0bd-45e7aced8b73,Tourniquet,997,
TOOL_HOVER,358932,7/27/2023 1:40:30 PM,a62cdd57-739f-4f98-b0bd-45e7aced8b73,Tourniquet,997,
TOOL_HOVER,358948,7/27/2023 1:40:30 PM,a62cdd57-739f-4f98-b0bd-45e7aced8b73,Tourniquet,997,
TOOL_HOVER,358967,7/27/2023 1:40:30 PM,a62cdd57-739f-4f98-b0bd-45e7aced8b73,Tourniquet,997,
TOOL_HOVER,358986,7/27/2023 1:40:30 PM,a62cdd57-739f-4f98-b0bd-45e7aced8b73,Tourniquet,997,
TOOL_SELECTED,358987,7/27/2023 1:40:30 PM,a62cdd57-739f-4f98-b0bd-45e7aced8b73,Tourniquet,996,
INJURY_TREATED,360605,7/27/2023 1:40:32 PM,a62cdd57-739f-4f98-b0bd-45e7aced8b73,R Shin Amputation,Lily_2 Root,tourniquet,high,rightLeg,True,False,"(3.2, 0.1, 4.2)",
TOOL_APPLIED,360605,7/27/2023 1:40:32 PM,a62cdd57-739f-4f98-b0bd-45e7aced8b73,Lily_2 Root,Tourniquet,RightUpLeg (UnityEngine.GameObject),tor_ring (1) (UnityEngine.GameObject),tourniquet(Clone) (UnityEngine.GameObject),AppliedTourniquet,
VOICE_CAPTURE,361910,7/27/2023 1:40:33 PM,a62cdd57-739f-4f98-b0bd-45e7aced8b73,I'm gonna put a tourniquet on here,NA,
PULSE_TAKEN,364431,7/27/2023 1:40:36 PM,a62cdd57-739f-4f98-b0bd-45e7aced8b73,pulse_fast,Lily_2 Root,
VOICE_CAPTURE,368442,7/27/2023 1:40:40 PM,a62cdd57-739f-4f98-b0bd-45e7aced8b73,ma'am what's your name,NA,
VOICE_COMMAND,368442,7/27/2023 1:40:40 PM,a62cdd57-739f-4f98-b0bd-45e7aced8b73,what is your name,ma'am what's your name,
PULSE_TAKEN,375385,7/27/2023 1:40:47 PM,a62cdd57-739f-4f98-b0bd-45e7aced8b73,pulse_fast,Lily_2 Root,
PULSE_TAKEN,377021,7/27/2023 1:40:48 PM,a62cdd57-739f-4f98-b0bd-45e7aced8b73,pulse_fast,Lily_2 Root,
VOICE_CAPTURE,378036,7/27/2023 1:40:49 PM,a62cdd57-739f-4f98-b0bd-45e7aced8b73,so able to follow commands airway looks good respiratory effort looks OK I have a fast but present,NA,
VOICE_CAPTURE,381810,7/27/2023 1:40:53 PM,a62cdd57-739f-4f98-b0bd-45e7aced8b73,Gonna mark her as,NA,
TAG_SELECTED,387035,7/27/2023 1:40:58 PM,a62cdd57-739f-4f98-b0bd-45e7aced8b73,yellow,
TAG_APPLIED,389279,7/27/2023 1:41:01 PM,a62cdd57-739f-4f98-b0bd-45e7aced8b73,Lily_2 Root,yellow,
VOICE_CAPTURE,389469,7/27/2023 1:41:01 PM,a62cdd57-739f-4f98-b0bd-45e7aced8b73,delayed for now,NA,
VOICE_CAPTURE,391319,7/27/2023 1:41:03 PM,a62cdd57-739f-4f98-b0bd-45e7aced8b73,we'll reassess,NA,
BAG_CLOSED,392573,7/27/2023 1:41:04 PM,a62cdd57-739f-4f98-b0bd-45e7aced8b73,"(3.6, 0.6, 4.3)",
TELEPORT,392573,7/27/2023 1:41:04 PM,a62cdd57-739f-4f98-b0bd-45e7aced8b73,"(3.4, 0.0, 2.7)",
PATIENT_ENGAGED,395467,7/27/2023 1:41:07 PM,a62cdd57-739f-4f98-b0bd-45e7aced8b73,100,Infinity,Mike_5 Root,"(2.7, 0.0, 2.3)","(0.0, 1.0, 0.0, 0.0)",IMMEDIATE,waver,fast,normal,normal,upset,fetal,
BAG_ACCESS,399325,7/27/2023 1:41:11 PM,a62cdd57-739f-4f98-b0bd-45e7aced8b73,"(3.4, 0.4, 2.1)",
TOOL_HOVER,399906,7/27/2023 1:41:11 PM,a62cdd57-739f-4f98-b0bd-45e7aced8b73,Tourniquet,996,
TOOL_HOVER,399924,7/27/2023 1:41:11 PM,a62cdd57-739f-4f98-b0bd-45e7aced8b73,Tourniquet,996,
TOOL_HOVER,399941,7/27/2023 1:41:11 PM,a62cdd57-739f-4f98-b0bd-45e7aced8b73,Tourniquet,996,
TOOL_HOVER,399959,7/27/2023 1:41:11 PM,a62cdd57-739f-4f98-b0bd-45e7aced8b73,Tourniquet,996,
TOOL_HOVER,399976,7/27/2023 1:41:11 PM,a62cdd57-739f-4f98-b0bd-45e7aced8b73,Tourniquet,996,
TOOL_HOVER,399997,7/27/2023 1:41:11 PM,a62cdd57-739f-4f98-b0bd-45e7aced8b73,Tourniquet,996,
TOOL_HOVER,400015,7/27/2023 1:41:11 PM,a62cdd57-739f-4f98-b0bd-45e7aced8b73,Tourniquet,996,
TOOL_HOVER,400033,7/27/2023 1:41:11 PM,a62cdd57-739f-4f98-b0bd-45e7aced8b73,Tourniquet,996,
TOOL_HOVER,400050,7/27/2023 1:41:11 PM,a62cdd57-739f-4f98-b0bd-45e7aced8b73,Tourniquet,996,
TOOL_HOVER,400069,7/27/2023 1:41:11 PM,a62cdd57-739f-4f98-b0bd-45e7aced8b73,Tourniquet,996,
TOOL_HOVER,400085,7/27/2023 1:41:11 PM,a62cdd57-739f-4f98-b0bd-45e7aced8b73,Tourniquet,996,
TOOL_HOVER,400104,7/27/2023 1:41:11 PM,a62cdd57-739f-4f98-b0bd-45e7aced8b73,Tourniquet,996,
TOOL_HOVER,400124,7/27/2023 1:41:11 PM,a62cdd57-739f-4f98-b0bd-45e7aced8b73,Tourniquet,996,
TOOL_HOVER,400142,7/27/2023 1:41:11 PM,a62cdd57-739f-4f98-b0bd-45e7aced8b73,Tourniquet,996,
TOOL_HOVER,400159,7/27/2023 1:41:11 PM,a62cdd57-739f-4f98-b0bd-45e7aced8b73,Tourniquet,996,
TOOL_HOVER,400176,7/27/2023 1:41:12 PM,a62cdd57-739f-4f98-b0bd-45e7aced8b73,Tourniquet,996,
TOOL_HOVER,400194,7/27/2023 1:41:12 PM,a62cdd57-739f-4f98-b0bd-45e7aced8b73,Tourniquet,996,
TOOL_HOVER,400210,7/27/2023 1:41:12 PM,a62cdd57-739f-4f98-b0bd-45e7aced8b73,Tourniquet,996,
TOOL_HOVER,400230,7/27/2023 1:41:12 PM,a62cdd57-739f-4f98-b0bd-45e7aced8b73,Tourniquet,996,
TOOL_HOVER,400251,7/27/2023 1:41:12 PM,a62cdd57-739f-4f98-b0bd-45e7aced8b73,Tourniquet,996,
TOOL_HOVER,400270,7/27/2023 1:41:12 PM,a62cdd57-739f-4f98-b0bd-45e7aced8b73,Tourniquet,996,
TOOL_HOVER,400290,7/27/2023 1:41:12 PM,a62cdd57-739f-4f98-b0bd-45e7aced8b73,Tourniquet,996,
TOOL_HOVER,400309,7/27/2023 1:41:12 PM,a62cdd57-739f-4f98-b0bd-45e7aced8b73,Tourniquet,996,
TOOL_HOVER,400329,7/27/2023 1:41:12 PM,a62cdd57-739f-4f98-b0bd-45e7aced8b73,Tourniquet,996,
TOOL_SELECTED,400330,7/27/2023 1:41:12 PM,a62cdd57-739f-4f98-b0bd-45e7aced8b73,Tourniquet,995,
VOICE_CAPTURE,401618,7/27/2023 1:41:13 PM,a62cdd57-739f-4f98-b0bd-45e7aced8b73,alright got some bleeding going on again,NA,
INJURY_TREATED,401830,7/27/2023 1:41:13 PM,a62cdd57-739f-4f98-b0bd-45e7aced8b73,R Thigh Laceration,Mike_5 Root,tourniquet,medium,rightLeg,True,False,"(3.0, 0.3, 2.2)",
TOOL_APPLIED,401830,7/27/2023 1:41:13 PM,a62cdd57-739f-4f98-b0bd-45e7aced8b73,Mike_5 Root,Tourniquet,RightUpLeg (UnityEngine.GameObject),tor_ring (1) (UnityEngine.GameObject),tourniquet(Clone) (UnityEngine.GameObject),AppliedTourniquet,
VOICE_CAPTURE,403740,7/27/2023 1:41:15 PM,a62cdd57-739f-4f98-b0bd-45e7aced8b73,put a tourniquet on,NA,
TOOL_HOVER,405090,7/27/2023 1:41:16 PM,a62cdd57-739f-4f98-b0bd-45e7aced8b73,Hemostatic Gauze,1000,
TOOL_HOVER,405107,7/27/2023 1:41:16 PM,a62cdd57-739f-4f98-b0bd-45e7aced8b73,Hemostatic Gauze,1000,
TOOL_HOVER,405125,7/27/2023 1:41:16 PM,a62cdd57-739f-4f98-b0bd-45e7aced8b73,Hemostatic Gauze,1000,
TOOL_HOVER,405143,7/27/2023 1:41:16 PM,a62cdd57-739f-4f98-b0bd-45e7aced8b73,Hemostatic Gauze,1000,
TOOL_HOVER,405160,7/27/2023 1:41:16 PM,a62cdd57-739f-4f98-b0bd-45e7aced8b73,Hemostatic Gauze,1000,
TOOL_HOVER,405177,7/27/2023 1:41:17 PM,a62cdd57-739f-4f98-b0bd-45e7aced8b73,Hemostatic Gauze,1000,
TOOL_HOVER,405194,7/27/2023 1:41:17 PM,a62cdd57-739f-4f98-b0bd-45e7aced8b73,Hemostatic Gauze,1000,
TOOL_HOVER,405214,7/27/2023 1:41:17 PM,a62cdd57-739f-4f98-b0bd-45e7aced8b73,Hemostatic Gauze,1000,
TOOL_HOVER,405231,7/27/2023 1:41:17 PM,a62cdd57-739f-4f98-b0bd-45e7aced8b73,Hemostatic Gauze,1000,
TOOL_HOVER,405248,7/27/2023 1:41:17 PM,a62cdd57-739f-4f98-b0bd-45e7aced8b73,Hemostatic Gauze,1000,
TOOL_HOVER,405265,7/27/2023 1:41:17 PM,a62cdd57-739f-4f98-b0bd-45e7aced8b73,Hemostatic Gauze,1000,
TOOL_HOVER,405282,7/27/2023 1:41:17 PM,a62cdd57-739f-4f98-b0bd-45e7aced8b73,Hemostatic Gauze,1000,
TOOL_HOVER,405298,7/27/2023 1:41:17 PM,a62cdd57-739f-4f98-b0bd-45e7aced8b73,Hemostatic Gauze,1000,
TOOL_HOVER,405315,7/27/2023 1:41:17 PM,a62cdd57-739f-4f98-b0bd-45e7aced8b73,Hemostatic Gauze,1000,
TOOL_HOVER,405335,7/27/2023 1:41:17 PM,a62cdd57-739f-4f98-b0bd-45e7aced8b73,Hemostatic Gauze,1000,
TOOL_HOVER,405353,7/27/2023 1:41:17 PM,a62cdd57-739f-4f98-b0bd-45e7aced8b73,Hemostatic Gauze,1000,
TOOL_HOVER,405370,7/27/2023 1:41:17 PM,a62cdd57-739f-4f98-b0bd-45e7aced8b73,Hemostatic Gauze,1000,
TOOL_HOVER,405386,7/27/2023 1:41:17 PM,a62cdd57-739f-4f98-b0bd-45e7aced8b73,Hemostatic Gauze,1000,
TOOL_HOVER,405404,7/27/2023 1:41:17 PM,a62cdd57-739f-4f98-b0bd-45e7aced8b73,Hemostatic Gauze,1000,
TOOL_HOVER,405421,7/27/2023 1:41:17 PM,a62cdd57-739f-4f98-b0bd-45e7aced8b73,Hemostatic Gauze,1000,
TOOL_HOVER,405438,7/27/2023 1:41:17 PM,a62cdd57-739f-4f98-b0bd-45e7aced8b73,Hemostatic Gauze,1000,
TOOL_HOVER,405457,7/27/2023 1:41:17 PM,a62cdd57-739f-4f98-b0bd-45e7aced8b73,Hemostatic Gauze,1000,
TOOL_HOVER,405472,7/27/2023 1:41:17 PM,a62cdd57-739f-4f98-b0bd-45e7aced8b73,Hemostatic Gauze,1000,
TOOL_SELECTED,405474,7/27/2023 1:41:17 PM,a62cdd57-739f-4f98-b0bd-45e7aced8b73,Hemostatic Gauze,999,
TOOL_DISCARDED,407069,7/27/2023 1:41:18 PM,a62cdd57-739f-4f98-b0bd-45e7aced8b73,Hemostatic Gauze,999,"(3.0, 0.2, 2.5)",
INJURY_TREATED,407071,7/27/2023 1:41:18 PM,a62cdd57-739f-4f98-b0bd-45e7aced8b73,R Side Puncture,Mike_5 Root,woundpack,medium,abdomen,True,False,"(3.1, 0.3, 2.5)",
TOOL_APPLIED,407071,7/27/2023 1:41:18 PM,a62cdd57-739f-4f98-b0bd-45e7aced8b73,Mike_5 Root,Gauze_Pack,skinCollider_BodyCollideLOD (UnityEngine.GameObject),null,null,AppliedPackingGauze,
PULSE_TAKEN,409163,7/27/2023 1:41:20 PM,a62cdd57-739f-4f98-b0bd-45e7aced8b73,pulse_fast,Mike_5 Root,
VOICE_CAPTURE,409304,7/27/2023 1:41:21 PM,a62cdd57-739f-4f98-b0bd-45e7aced8b73,oh some more bleeding so we will pack this,NA,
VOICE_CAPTURE,414904,7/27/2023 1:41:26 PM,a62cdd57-739f-4f98-b0bd-45e7aced8b73,have a fast but present radio pulse Sir what's your name,NA,
VOICE_COMMAND,414904,7/27/2023 1:41:26 PM,a62cdd57-739f-4f98-b0bd-45e7aced8b73,what is your name,have a fast but present radio pulse Sir what's your name,
TAG_SELECTED,423964,7/27/2023 1:41:35 PM,a62cdd57-739f-4f98-b0bd-45e7aced8b73,red,
TAG_APPLIED,425218,7/27/2023 1:41:37 PM,a62cdd57-739f-4f98-b0bd-45e7aced8b73,Mike_5 Root,red,
VOICE_CAPTURE,427168,7/27/2023 1:41:39 PM,a62cdd57-739f-4f98-b0bd-45e7aced8b73,able to follow commands airway looks good respiratory effort looks good because of the two bleedings and one we're only able to pack we'll put him as immediate,NA,
BAG_CLOSED,432904,7/27/2023 1:41:44 PM,a62cdd57-739f-4f98-b0bd-45e7aced8b73,"(3.4, 0.4, 2.1)",
TELEPORT,432904,7/27/2023 1:41:44 PM,a62cdd57-739f-4f98-b0bd-45e7aced8b73,"(2.8, 0.0, 0.8)",
VOICE_CAPTURE,438951,7/27/2023 1:41:50 PM,a62cdd57-739f-4f98-b0bd-45e7aced8b73,alright,NA,
PATIENT_ENGAGED,439530,7/27/2023 1:41:51 PM,a62cdd57-739f-4f98-b0bd-45e7aced8b73,100,Infinity,Gloria_8 Root,"(4.5, 0.0, -1.3)","(0.0, 0.7, 0.0, -0.7)",MINIMAL,walker,normal,normal,normal,upset,sittingGround,
BAG_ACCESS,441144,7/27/2023 1:41:52 PM,a62cdd57-739f-4f98-b0bd-45e7aced8b73,"(4.0, 0.4, -1.0)",
VOICE_CAPTURE,441858,7/27/2023 1:41:53 PM,a62cdd57-739f-4f98-b0bd-45e7aced8b73,so we do have some spurting,NA,
TOOL_HOVER,442100,7/27/2023 1:41:53 PM,a62cdd57-739f-4f98-b0bd-45e7aced8b73,Tourniquet,995,
TOOL_HOVER,442117,7/27/2023 1:41:53 PM,a62cdd57-739f-4f98-b0bd-45e7aced8b73,Tourniquet,995,
TOOL_HOVER,442135,7/27/2023 1:41:53 PM,a62cdd57-739f-4f98-b0bd-45e7aced8b73,Tourniquet,995,
TOOL_HOVER,442153,7/27/2023 1:41:53 PM,a62cdd57-739f-4f98-b0bd-45e7aced8b73,Tourniquet,995,
TOOL_HOVER,442169,7/27/2023 1:41:54 PM,a62cdd57-739f-4f98-b0bd-45e7aced8b73,Tourniquet,995,
TOOL_HOVER,442189,7/27/2023 1:41:54 PM,a62cdd57-739f-4f98-b0bd-45e7aced8b73,Tourniquet,995,
TOOL_HOVER,442208,7/27/2023 1:41:54 PM,a62cdd57-739f-4f98-b0bd-45e7aced8b73,Tourniquet,995,
TOOL_HOVER,442225,7/27/2023 1:41:54 PM,a62cdd57-739f-4f98-b0bd-45e7aced8b73,Tourniquet,995,
TOOL_HOVER,442241,7/27/2023 1:41:54 PM,a62cdd57-739f-4f98-b0bd-45e7aced8b73,Tourniquet,995,
TOOL_HOVER,442258,7/27/2023 1:41:54 PM,a62cdd57-739f-4f98-b0bd-45e7aced8b73,Tourniquet,995,
TOOL_HOVER,442274,7/27/2023 1:41:54 PM,a62cdd57-739f-4f98-b0bd-45e7aced8b73,Tourniquet,995,
TOOL_HOVER,442290,7/27/2023 1:41:54 PM,a62cdd57-739f-4f98-b0bd-45e7aced8b73,Tourniquet,995,
TOOL_HOVER,442311,7/27/2023 1:41:54 PM,a62cdd57-739f-4f98-b0bd-45e7aced8b73,Tourniquet,995,
TOOL_HOVER,442329,7/27/2023 1:41:54 PM,a62cdd57-739f-4f98-b0bd-45e7aced8b73,Tourniquet,995,
TOOL_HOVER,442345,7/27/2023 1:41:54 PM,a62cdd57-739f-4f98-b0bd-45e7aced8b73,Tourniquet,995,
TOOL_HOVER,442361,7/27/2023 1:41:54 PM,a62cdd57-739f-4f98-b0bd-45e7aced8b73,Tourniquet,995,
TOOL_HOVER,442377,7/27/2023 1:41:54 PM,a62cdd57-739f-4f98-b0bd-45e7aced8b73,Tourniquet,995,
TOOL_HOVER,442394,7/27/2023 1:41:54 PM,a62cdd57-739f-4f98-b0bd-45e7aced8b73,Tourniquet,995,
TOOL_HOVER,442410,7/27/2023 1:41:54 PM,a62cdd57-739f-4f98-b0bd-45e7aced8b73,Tourniquet,995,
TOOL_HOVER,442430,7/27/2023 1:41:54 PM,a62cdd57-739f-4f98-b0bd-45e7aced8b73,Tourniquet,995,
TOOL_HOVER,442446,7/27/2023 1:41:54 PM,a62cdd57-739f-4f98-b0bd-45e7aced8b73,Tourniquet,995,
TOOL_HOVER,442463,7/27/2023 1:41:54 PM,a62cdd57-739f-4f98-b0bd-45e7aced8b73,Tourniquet,995,
TOOL_HOVER,442481,7/27/2023 1:41:54 PM,a62cdd57-739f-4f98-b0bd-45e7aced8b73,Tourniquet,995,
TOOL_HOVER,442497,7/27/2023 1:41:54 PM,a62cdd57-739f-4f98-b0bd-45e7aced8b73,Tourniquet,995,
TOOL_HOVER,442514,7/27/2023 1:41:54 PM,a62cdd57-739f-4f98-b0bd-45e7aced8b73,Tourniquet,995,
TOOL_HOVER,442529,7/27/2023 1:41:54 PM,a62cdd57-739f-4f98-b0bd-45e7aced8b73,Tourniquet,995,
TOOL_HOVER,442549,7/27/2023 1:41:54 PM,a62cdd57-739f-4f98-b0bd-45e7aced8b73,Tourniquet,995,
TOOL_HOVER,442566,7/27/2023 1:41:54 PM,a62cdd57-739f-4f98-b0bd-45e7aced8b73,Tourniquet,995,
TOOL_HOVER,442584,7/27/2023 1:41:54 PM,a62cdd57-739f-4f98-b0bd-45e7aced8b73,Tourniquet,995,
TOOL_HOVER,442600,7/27/2023 1:41:54 PM,a62cdd57-739f-4f98-b0bd-45e7aced8b73,Tourniquet,995,
TOOL_HOVER,442618,7/27/2023 1:41:54 PM,a62cdd57-739f-4f98-b0bd-45e7aced8b73,Tourniquet,995,
TOOL_HOVER,442635,7/27/2023 1:41:54 PM,a62cdd57-739f-4f98-b0bd-45e7aced8b73,Tourniquet,995,
TOOL_HOVER,442652,7/27/2023 1:41:54 PM,a62cdd57-739f-4f98-b0bd-45e7aced8b73,Tourniquet,995,
TOOL_HOVER,442671,7/27/2023 1:41:54 PM,a62cdd57-739f-4f98-b0bd-45e7aced8b73,Tourniquet,995,
TOOL_HOVER,442689,7/27/2023 1:41:54 PM,a62cdd57-739f-4f98-b0bd-45e7aced8b73,Tourniquet,995,
TOOL_HOVER,442707,7/27/2023 1:41:54 PM,a62cdd57-739f-4f98-b0bd-45e7aced8b73,Tourniquet,995,
TOOL_HOVER,442725,7/27/2023 1:41:54 PM,a62cdd57-739f-4f98-b0bd-45e7aced8b73,Tourniquet,995,
TOOL_HOVER,442742,7/27/2023 1:41:54 PM,a62cdd57-739f-4f98-b0bd-45e7aced8b73,Tourniquet,995,
TOOL_HOVER,442759,7/27/2023 1:41:54 PM,a62cdd57-739f-4f98-b0bd-45e7aced8b73,Tourniquet,995,
TOOL_HOVER,442778,7/27/2023 1:41:54 PM,a62cdd57-739f-4f98-b0bd-45e7aced8b73,Tourniquet,995,
TOOL_HOVER,442798,7/27/2023 1:41:54 PM,a62cdd57-739f-4f98-b0bd-45e7aced8b73,Tourniquet,995,
TOOL_HOVER,442817,7/27/2023 1:41:54 PM,a62cdd57-739f-4f98-b0bd-45e7aced8b73,Tourniquet,995,
TOOL_HOVER,442834,7/27/2023 1:41:54 PM,a62cdd57-739f-4f98-b0bd-45e7aced8b73,Tourniquet,995,
TOOL_HOVER,442851,7/27/2023 1:41:54 PM,a62cdd57-739f-4f98-b0bd-45e7aced8b73,Tourniquet,995,
TOOL_HOVER,442868,7/27/2023 1:41:54 PM,a62cdd57-739f-4f98-b0bd-45e7aced8b73,Tourniquet,995,
TOOL_HOVER,442885,7/27/2023 1:41:54 PM,a62cdd57-739f-4f98-b0bd-45e7aced8b73,Tourniquet,995,
TOOL_HOVER,442901,7/27/2023 1:41:54 PM,a62cdd57-739f-4f98-b0bd-45e7aced8b73,Tourniquet,995,
TOOL_HOVER,442922,7/27/2023 1:41:54 PM,a62cdd57-739f-4f98-b0bd-45e7aced8b73,Tourniquet,995,
TOOL_HOVER,442940,7/27/2023 1:41:54 PM,a62cdd57-739f-4f98-b0bd-45e7aced8b73,Tourniquet,995,
TOOL_SELECTED,442941,7/27/2023 1:41:54 PM,a62cdd57-739f-4f98-b0bd-45e7aced8b73,Tourniquet,994,
VOICE_CAPTURE,444731,7/27/2023 1:41:56 PM,a62cdd57-739f-4f98-b0bd-45e7aced8b73,ma'am what's your name,NA,
VOICE_COMMAND,444732,7/27/2023 1:41:56 PM,a62cdd57-739f-4f98-b0bd-45e7aced8b73,what is your name,ma'am what's your name,
INJURY_TREATED,445093,7/27/2023 1:41:56 PM,a62cdd57-739f-4f98-b0bd-45e7aced8b73,L Forearm Laceration,Gloria_8 Root,gauzePressure,low,leftArm,False,True,"(4.6, 0.4, -1.4)",
TOOL_APPLIED,445093,7/27/2023 1:41:56 PM,a62cdd57-739f-4f98-b0bd-45e7aced8b73,Gloria_8 Root,Tourniquet,LeftArm (UnityEngine.GameObject),tor_ring (1) (UnityEngine.GameObject),tourniquet(Clone) (UnityEngine.GameObject),AppliedTourniquet,
TOOL_HOVER,449191,7/27/2023 1:42:01 PM,a62cdd57-739f-4f98-b0bd-45e7aced8b73,Gauze,999,
TOOL_HOVER,449207,7/27/2023 1:42:01 PM,a62cdd57-739f-4f98-b0bd-45e7aced8b73,Gauze,999,
TOOL_HOVER,449225,7/27/2023 1:42:01 PM,a62cdd57-739f-4f98-b0bd-45e7aced8b73,Gauze,999,
TOOL_HOVER,449245,7/27/2023 1:42:01 PM,a62cdd57-739f-4f98-b0bd-45e7aced8b73,Gauze,999,
TOOL_HOVER,449264,7/27/2023 1:42:01 PM,a62cdd57-739f-4f98-b0bd-45e7aced8b73,Gauze,999,
TOOL_HOVER,449281,7/27/2023 1:42:01 PM,a62cdd57-739f-4f98-b0bd-45e7aced8b73,Gauze,999,
TOOL_HOVER,449299,7/27/2023 1:42:01 PM,a62cdd57-739f-4f98-b0bd-45e7aced8b73,Gauze,999,
TOOL_HOVER,449316,7/27/2023 1:42:01 PM,a62cdd57-739f-4f98-b0bd-45e7aced8b73,Gauze,999,
TOOL_HOVER,449334,7/27/2023 1:42:01 PM,a62cdd57-739f-4f98-b0bd-45e7aced8b73,Gauze,999,
TOOL_HOVER,449351,7/27/2023 1:42:01 PM,a62cdd57-739f-4f98-b0bd-45e7aced8b73,Gauze,999,
TOOL_HOVER,449371,7/27/2023 1:42:01 PM,a62cdd57-739f-4f98-b0bd-45e7aced8b73,Gauze,999,
TOOL_HOVER,449390,7/27/2023 1:42:01 PM,a62cdd57-739f-4f98-b0bd-45e7aced8b73,Gauze,999,
TOOL_HOVER,449407,7/27/2023 1:42:01 PM,a62cdd57-739f-4f98-b0bd-45e7aced8b73,Gauze,999,
TOOL_HOVER,449425,7/27/2023 1:42:01 PM,a62cdd57-739f-4f98-b0bd-45e7aced8b73,Gauze,999,
TOOL_HOVER,449443,7/27/2023 1:42:01 PM,a62cdd57-739f-4f98-b0bd-45e7aced8b73,Gauze,999,
TOOL_HOVER,449460,7/27/2023 1:42:01 PM,a62cdd57-739f-4f98-b0bd-45e7aced8b73,Gauze,999,
TOOL_HOVER,449478,7/27/2023 1:42:01 PM,a62cdd57-739f-4f98-b0bd-45e7aced8b73,Gauze,999,
TOOL_HOVER,449498,7/27/2023 1:42:01 PM,a62cdd57-739f-4f98-b0bd-45e7aced8b73,Gauze,999,
TOOL_HOVER,449515,7/27/2023 1:42:01 PM,a62cdd57-739f-4f98-b0bd-45e7aced8b73,Gauze,999,
TOOL_HOVER,449534,7/27/2023 1:42:01 PM,a62cdd57-739f-4f98-b0bd-45e7aced8b73,Gauze,999,
TOOL_HOVER,449551,7/27/2023 1:42:01 PM,a62cdd57-739f-4f98-b0bd-45e7aced8b73,Gauze,999,
TOOL_HOVER,449569,7/27/2023 1:42:01 PM,a62cdd57-739f-4f98-b0bd-45e7aced8b73,Gauze,999,
TOOL_HOVER,449586,7/27/2023 1:42:01 PM,a62cdd57-739f-4f98-b0bd-45e7aced8b73,Gauze,999,
TOOL_HOVER,449604,7/27/2023 1:42:01 PM,a62cdd57-739f-4f98-b0bd-45e7aced8b73,Gauze,999,
TOOL_HOVER,449625,7/27/2023 1:42:01 PM,a62cdd57-739f-4f98-b0bd-45e7aced8b73,Gauze,999,
TOOL_HOVER,449644,7/27/2023 1:42:01 PM,a62cdd57-739f-4f98-b0bd-45e7aced8b73,Gauze,999,
TOOL_HOVER,449661,7/27/2023 1:42:01 PM,a62cdd57-739f-4f98-b0bd-45e7aced8b73,Gauze,999,
TOOL_SELECTED,449663,7/27/2023 1:42:01 PM,a62cdd57-739f-4f98-b0bd-45e7aced8b73,Gauze,998,
TOOL_DISCARDED,451276,7/27/2023 1:42:03 PM,a62cdd57-739f-4f98-b0bd-45e7aced8b73,Gauze,998,"(4.6, 0.4, -1.4)",
INJURY_TREATED,451276,7/27/2023 1:42:03 PM,a62cdd57-739f-4f98-b0bd-45e7aced8b73,L Forearm Laceration,Gloria_8 Root,gauzePressure,low,leftArm,True,True,"(4.6, 0.4, -1.4)",
TOOL_APPLIED,451277,7/27/2023 1:42:03 PM,a62cdd57-739f-4f98-b0bd-45e7aced8b73,Gloria_8 Root,Gauze_Dressing,skinCollider_Body_LOD (UnityEngine.GameObject),null,null,AppliedDressingGauze,
VOICE_CAPTURE,451476,7/27/2023 1:42:03 PM,a62cdd57-739f-4f98-b0bd-45e7aced8b73,so it doesn't like that doesn't want me to just wrap it,NA,
PULSE_TAKEN,456223,7/27/2023 1:42:08 PM,a62cdd57-739f-4f98-b0bd-45e7aced8b73,pulse_normal,Gloria_8 Root,
TAG_SELECTED,460911,7/27/2023 1:42:12 PM,a62cdd57-739f-4f98-b0bd-45e7aced8b73,green,
VOICE_CAPTURE,461433,7/27/2023 1:42:13 PM,a62cdd57-739f-4f98-b0bd-45e7aced8b73,airway looks good respiratory effort looks good have a fast but present radial pulse,NA,
TAG_APPLIED,463192,7/27/2023 1:42:15 PM,a62cdd57-739f-4f98-b0bd-45e7aced8b73,Gloria_8 Root,green,
VOICE_CAPTURE,463678,7/27/2023 1:42:15 PM,a62cdd57-739f-4f98-b0bd-45e7aced8b73,gonna mark her as minimal,NA,
BAG_CLOSED,465851,7/27/2023 1:42:17 PM,a62cdd57-739f-4f98-b0bd-45e7aced8b73,"(4.0, 0.4, -1.0)",
TELEPORT,465851,7/27/2023 1:42:17 PM,a62cdd57-739f-4f98-b0bd-45e7aced8b73,"(3.4, 0.0, -1.6)",
PATIENT_ENGAGED,468613,7/27/2023 1:42:20 PM,a62cdd57-739f-4f98-b0bd-45e7aced8b73,100,Infinity,Helga_10 Root,"(3.3, 0.0, -4.9)","(0.0, 0.3, 0.0, -1.0)",MINIMAL,walker,normal,normal,normal,calm,sittingGround,
PULSE_TAKEN,471471,7/27/2023 1:42:23 PM,a62cdd57-739f-4f98-b0bd-45e7aced8b73,pulse_normal,Helga_10 Root,
VOICE_CAPTURE,472215,7/27/2023 1:42:24 PM,a62cdd57-739f-4f98-b0bd-45e7aced8b73,what is your name,NA,
VOICE_COMMAND,472215,7/27/2023 1:42:24 PM,a62cdd57-739f-4f98-b0bd-45e7aced8b73,what is your name,what is your name,
VOICE_CAPTURE,472582,7/27/2023 1:42:24 PM,a62cdd57-739f-4f98-b0bd-45e7aced8b73,alright what's your name,NA,
VOICE_COMMAND,472582,7/27/2023 1:42:24 PM,a62cdd57-739f-4f98-b0bd-45e7aced8b73,what is your name,alright what's your name,
VOICE_CAPTURE,478391,7/27/2023 1:42:30 PM,a62cdd57-739f-4f98-b0bd-45e7aced8b73,it's able to follow commands fast but present radio polls,NA,
VOICE_CAPTURE,480532,7/27/2023 1:42:32 PM,a62cdd57-739f-4f98-b0bd-45e7aced8b73,modbutton im okay,NA,
VOICE_COMMAND,480532,7/27/2023 1:42:32 PM,a62cdd57-739f-4f98-b0bd-45e7aced8b73,modbutton im okay,modbutton im okay,
VOICE_CAPTURE,482624,7/27/2023 1:42:34 PM,a62cdd57-739f-4f98-b0bd-45e7aced8b73,airway looks good respiratory effort looks good,NA,
TOOL_HOVER,487249,7/27/2023 1:42:39 PM,a62cdd57-739f-4f98-b0bd-45e7aced8b73,Tourniquet,994,
TOOL_HOVER,487269,7/27/2023 1:42:39 PM,a62cdd57-739f-4f98-b0bd-45e7aced8b73,Tourniquet,994,
TOOL_HOVER,487289,7/27/2023 1:42:39 PM,a62cdd57-739f-4f98-b0bd-45e7aced8b73,Tourniquet,994,
TOOL_HOVER,487307,7/27/2023 1:42:39 PM,a62cdd57-739f-4f98-b0bd-45e7aced8b73,Tourniquet,994,
TOOL_HOVER,487326,7/27/2023 1:42:39 PM,a62cdd57-739f-4f98-b0bd-45e7aced8b73,Tourniquet,994,
TOOL_HOVER,487343,7/27/2023 1:42:39 PM,a62cdd57-739f-4f98-b0bd-45e7aced8b73,Tourniquet,994,
BAG_ACCESS,488067,7/27/2023 1:42:39 PM,a62cdd57-739f-4f98-b0bd-45e7aced8b73,"(3.3, 0.4, -4.1)",
TAG_SELECTED,488976,7/27/2023 1:42:40 PM,a62cdd57-739f-4f98-b0bd-45e7aced8b73,green,
VOICE_CAPTURE,489975,7/27/2023 1:42:41 PM,a62cdd57-739f-4f98-b0bd-45e7aced8b73,I'm not seeing any immediate threats to life we're gonna mark her as,NA,
TAG_APPLIED,490776,7/27/2023 1:42:42 PM,a62cdd57-739f-4f98-b0bd-45e7aced8b73,Helga_10 Root,green,
VOICE_CAPTURE,491629,7/27/2023 1:42:43 PM,a62cdd57-739f-4f98-b0bd-45e7aced8b73,green,NA,
VOICE_CAPTURE,499737,7/27/2023 1:42:51 PM,a62cdd57-739f-4f98-b0bd-45e7aced8b73,oh at this point I,NA,
VOICE_CAPTURE,505580,7/27/2023 1:42:57 PM,a62cdd57-739f-4f98-b0bd-45e7aced8b73,Reassess my patience,NA,
VOICE_CAPTURE,509404,7/27/2023 1:43:01 PM,a62cdd57-739f-4f98-b0bd-45e7aced8b73,you want me to keep going with that,NA,
VOICE_CAPTURE,514896,7/27/2023 1:43:06 PM,a62cdd57-739f-4f98-b0bd-45e7aced8b73,I think I've hit everybody it looks like it,NA,
VOICE_CAPTURE,520081,7/27/2023 1:43:11 PM,a62cdd57-739f-4f98-b0bd-45e7aced8b73,OK,NA,
SESSION_END,522476,7/27/2023 1:43:14 PM,a62cdd57-739f-4f98-b0bd-45e7aced8b73,
TOOL_HOVER,529074,7/27/2023 1:43:20 PM,a62cdd57-739f-4f98-b0bd-45e7aced8b73,Tourniquet,994,
TOOL_HOVER,529094,7/27/2023 1:43:20 PM,a62cdd57-739f-4f98-b0bd-45e7aced8b73,Tourniquet,994,
TOOL_HOVER,529111,7/27/2023 1:43:20 PM,a62cdd57-739f-4f98-b0bd-45e7aced8b73,Tourniquet,994,
TOOL_HOVER,529128,7/27/2023 1:43:20 PM,a62cdd57-739f-4f98-b0bd-45e7aced8b73,Tourniquet,994,
TOOL_HOVER,529146,7/27/2023 1:43:20 PM,a62cdd57-739f-4f98-b0bd-45e7aced8b73,Tourniquet,994,
TOOL_HOVER,529163,7/27/2023 1:43:20 PM,a62cdd57-739f-4f98-b0bd-45e7aced8b73,Tourniquet,994,
TOOL_HOVER,529180,7/27/2023 1:43:21 PM,a62cdd57-739f-4f98-b0bd-45e7aced8b73,Tourniquet,994,
TOOL_HOVER,529198,7/27/2023 1:43:21 PM,a62cdd57-739f-4f98-b0bd-45e7aced8b73,Tourniquet,994,
TOOL_HOVER,529215,7/27/2023 1:43:21 PM,a62cdd57-739f-4f98-b0bd-45e7aced8b73,Tourniquet,994,
TOOL_HOVER,529231,7/27/2023 1:43:21 PM,a62cdd57-739f-4f98-b0bd-45e7aced8b73,Tourniquet,994,
TOOL_HOVER,529249,7/27/2023 1:43:21 PM,a62cdd57-739f-4f98-b0bd-45e7aced8b73,Tourniquet,994,
TOOL_HOVER,529267,7/27/2023 1:43:21 PM,a62cdd57-739f-4f98-b0bd-45e7aced8b73,Gauze,999,
TOOL_HOVER,529284,7/27/2023 1:43:21 PM,a62cdd57-739f-4f98-b0bd-45e7aced8b73,Gauze,999,
TOOL_HOVER,529301,7/27/2023 1:43:21 PM,a62cdd57-739f-4f98-b0bd-45e7aced8b73,Gauze,999,
TOOL_HOVER,529319,7/27/2023 1:43:21 PM,a62cdd57-739f-4f98-b0bd-45e7aced8b73,Gauze,999,
TOOL_HOVER,529337,7/27/2023 1:43:21 PM,a62cdd57-739f-4f98-b0bd-45e7aced8b73,Gauze,999,
TOOL_HOVER,529354,7/27/2023 1:43:21 PM,a62cdd57-739f-4f98-b0bd-45e7aced8b73,Gauze,999,
TOOL_HOVER,529370,7/27/2023 1:43:21 PM,a62cdd57-739f-4f98-b0bd-45e7aced8b73,Gauze,999,
TOOL_HOVER,529388,7/27/2023 1:43:21 PM,a62cdd57-739f-4f98-b0bd-45e7aced8b73,Gauze,999,
TOOL_HOVER,529406,7/27/2023 1:43:21 PM,a62cdd57-739f-4f98-b0bd-45e7aced8b73,Gauze,999,
TOOL_HOVER,529424,7/27/2023 1:43:21 PM,a62cdd57-739f-4f98-b0bd-45e7aced8b73,Gauze,999,
TOOL_HOVER,529440,7/27/2023 1:43:21 PM,a62cdd57-739f-4f98-b0bd-45e7aced8b73,Gauze,999,
TOOL_HOVER,529457,7/27/2023 1:43:21 PM,a62cdd57-739f-4f98-b0bd-45e7aced8b73,Gauze,999,
TOOL_HOVER,529474,7/27/2023 1:43:21 PM,a62cdd57-739f-4f98-b0bd-45e7aced8b73,Gauze,999,
TOOL_HOVER,529491,7/27/2023 1:43:21 PM,a62cdd57-739f-4f98-b0bd-45e7aced8b73,Gauze,999,
TOOL_HOVER,529508,7/27/2023 1:43:21 PM,a62cdd57-739f-4f98-b0bd-45e7aced8b73,Gauze,999,
TOOL_HOVER,529525,7/27/2023 1:43:21 PM,a62cdd57-739f-4f98-b0bd-45e7aced8b73,Gauze,999,
TOOL_HOVER,529544,7/27/2023 1:43:21 PM,a62cdd57-739f-4f98-b0bd-45e7aced8b73,Gauze,999,
TOOL_HOVER,529561,7/27/2023 1:43:21 PM,a62cdd57-739f-4f98-b0bd-45e7aced8b73,Gauze,999,
TOOL_HOVER,529579,7/27/2023 1:43:21 PM,a62cdd57-739f-4f98-b0bd-45e7aced8b73,Gauze,999,
TOOL_HOVER,529596,7/27/2023 1:43:21 PM,a62cdd57-739f-4f98-b0bd-45e7aced8b73,Gauze,999,
TOOL_HOVER,529614,7/27/2023 1:43:21 PM,a62cdd57-739f-4f98-b0bd-45e7aced8b73,Gauze,999,
TOOL_HOVER,529630,7/27/2023 1:43:21 PM,a62cdd57-739f-4f98-b0bd-45e7aced8b73,Gauze,999,
TOOL_HOVER,529647,7/27/2023 1:43:21 PM,a62cdd57-739f-4f98-b0bd-45e7aced8b73,Gauze,999,
TOOL_HOVER,529664,7/27/2023 1:43:21 PM,a62cdd57-739f-4f98-b0bd-45e7aced8b73,Gauze,999,
TOOL_HOVER,529681,7/27/2023 1:43:21 PM,a62cdd57-739f-4f98-b0bd-45e7aced8b73,Gauze,999,
TOOL_HOVER,529697,7/27/2023 1:43:21 PM,a62cdd57-739f-4f98-b0bd-45e7aced8b73,Gauze,999,
TOOL_HOVER,529714,7/27/2023 1:43:21 PM,a62cdd57-739f-4f98-b0bd-45e7aced8b73,Gauze,999,
TOOL_HOVER,529731,7/27/2023 1:43:21 PM,a62cdd57-739f-4f98-b0bd-45e7aced8b73,Gauze,999,
TOOL_HOVER,529749,7/27/2023 1:43:21 PM,a62cdd57-739f-4f98-b0bd-45e7aced8b73,Gauze,999,
BAG_CLOSED,531407,7/27/2023 1:43:23 PM,a62cdd57-739f-4f98-b0bd-45e7aced8b73,"(3.3, 0.4, -4.1)",
