VOICE_CAPTURE,4022,8/10/2023 10:34:29 AM,f5dafd5d-461d-4440-9e3b-1b1c899df9e4,OK,NA,
PATIENT_DEMOTED,7547,8/10/2023 10:34:33 AM,f5dafd5d-461d-4440-9e3b-1b1c899df9e4,100,Infinity,Mike_1 Root,"(2.6, 0.0, 0.1)","(0.0, 0.7, 0.0, -0.7)",DELAYED,waver,normal,normal,normal,upset,recovery,
PATIENT_DEMOTED,8154,8/10/2023 10:34:34 AM,f5dafd5d-461d-4440-9e3b-1b1c899df9e4,100,Infinity,Mike_2 Root,"(2.6, 0.0, 2.4)","(0.0, 0.7, 0.0, -0.7)",IMMEDIATE,walker,fast,normal,normal,upset,sittingGround,
PATIENT_DEMOTED,8805,8/10/2023 10:34:34 AM,f5dafd5d-461d-4440-9e3b-1b1c899df9e4,100,128,Mike_3 Root,"(3.0, 0.0, 4.3)","(0.0, 0.7, 0.0, -0.7)",IMMEDIATE,still,faint,collapsedRight,normal,unresponsive,supine,
SESSION_START,10882,8/10/2023 10:34:36 AM,f5dafd5d-461d-4440-9e3b-1b1c899df9e4,
PATIENT_RECORD,10883,8/10/2023 10:34:36 AM,f5dafd5d-461d-4440-9e3b-1b1c899df9e4,100,Infinity,Mike_0 Root,"(2.6, 0.0, -1.4)","(0.0, 0.7, 0.0, -0.7)",MINIMAL,walker,normal,normal,normal,upset,sittingGround,
INJURY_RECORD,10883,8/10/2023 10:34:36 AM,f5dafd5d-461d-4440-9e3b-1b1c899df9e4,R Forearm Laceration,Mike_0 Root,gauzePressure,low,rightArm,False,False,"(2.7, 1.3, -0.9)",
PATIENT_RECORD,10883,8/10/2023 10:34:36 AM,f5dafd5d-461d-4440-9e3b-1b1c899df9e4,100,Infinity,Mike_1 Root,"(2.9, 0.0, 0.1)","(0.0, 0.7, 0.0, -0.7)",DELAYED,waver,normal,normal,normal,upset,recovery,
INJURY_RECORD,10883,8/10/2023 10:34:36 AM,f5dafd5d-461d-4440-9e3b-1b1c899df9e4,L Thigh Laceration,Mike_1 Root,tourniquet,medium,leftLeg,False,False,"(2.8, 0.7, -0.1)",
PATIENT_RECORD,10883,8/10/2023 10:34:36 AM,f5dafd5d-461d-4440-9e3b-1b1c899df9e4,100,Infinity,Mike_2 Root,"(3.1, 0.0, 2.2)","(0.0, 0.7, 0.0, -0.7)",IMMEDIATE,walker,fast,normal,normal,upset,sittingGround,
INJURY_RECORD,10883,8/10/2023 10:34:36 AM,f5dafd5d-461d-4440-9e3b-1b1c899df9e4,L Shoulder Puncture,Mike_2 Root,woundpack,medium,chest,False,False,"(3.1, 1.4, 2.1)",
PATIENT_RECORD,10883,8/10/2023 10:34:36 AM,f5dafd5d-461d-4440-9e3b-1b1c899df9e4,100,128,Mike_3 Root,"(3.2, 0.0, 4.3)","(0.0, 0.7, 0.0, -0.7)",IMMEDIATE,still,faint,collapsedRight,normal,unresponsive,supine,
INJURY_RECORD,10883,8/10/2023 10:34:36 AM,f5dafd5d-461d-4440-9e3b-1b1c899df9e4,R Chest Collapse,Mike_3 Root,decompress,high,chest,False,False,"(0.0, 0.0, 0.0)",
VOICE_CAPTURE,17711,8/10/2023 10:34:43 AM,f5dafd5d-461d-4440-9e3b-1b1c899df9e4,Yep Yep,NA,
TELEPORT,18962,8/10/2023 10:34:44 AM,f5dafd5d-461d-4440-9e3b-1b1c899df9e4,"(0.8, 0.0, -3.4)",
TELEPORT,19944,8/10/2023 10:34:45 AM,f5dafd5d-461d-4440-9e3b-1b1c899df9e4,"(0.8, 0.0, -3.4)",
VOICE_CAPTURE,24894,8/10/2023 10:34:50 AM,f5dafd5d-461d-4440-9e3b-1b1c899df9e4,oh that's cool,NA,
VOICE_CAPTURE,31178,8/10/2023 10:34:57 AM,f5dafd5d-461d-4440-9e3b-1b1c899df9e4,alright if you guys can move get up and move towards the exit for me,NA,
VOICE_COMMAND,31178,8/10/2023 10:34:57 AM,f5dafd5d-461d-4440-9e3b-1b1c899df9e4,walk to the safe area,alright if you guys can move get up and move towards the exit for me,
VOICE_COMMAND,31178,8/10/2023 10:34:57 AM,f5dafd5d-461d-4440-9e3b-1b1c899df9e4,stand up,alright if you guys can move get up and move towards the exit for me,
VOICE_CAPTURE,32579,8/10/2023 10:34:58 AM,f5dafd5d-461d-4440-9e3b-1b1c899df9e4,walk,NA,
VOICE_COMMAND,32579,8/10/2023 10:34:58 AM,f5dafd5d-461d-4440-9e3b-1b1c899df9e4,walk to the safe area,walk,
S_A_L_T_WALK_IF_CAN,32580,8/10/2023 10:34:58 AM,f5dafd5d-461d-4440-9e3b-1b1c899df9e4,"(2.6, 0.0, -1.4)",walkIfCan,Mike_0 Root,
S_A_L_T_WALKED,32580,8/10/2023 10:34:58 AM,f5dafd5d-461d-4440-9e3b-1b1c899df9e4,"(2.6, 0.0, -1.4)",walked,Mike_0 Root,
S_A_L_T_WALK_IF_CAN,32580,8/10/2023 10:34:58 AM,f5dafd5d-461d-4440-9e3b-1b1c899df9e4,"(2.8, 0.0, 0.2)",walkIfCan,Mike_1 Root,
S_A_L_T_WALK_IF_CAN,32580,8/10/2023 10:34:58 AM,f5dafd5d-461d-4440-9e3b-1b1c899df9e4,"(3.1, 0.0, 2.2)",walkIfCan,Mike_2 Root,
S_A_L_T_WALKED,32580,8/10/2023 10:34:58 AM,f5dafd5d-461d-4440-9e3b-1b1c899df9e4,"(3.1, 0.0, 2.2)",walked,Mike_2 Root,
VOICE_CAPTURE,36495,8/10/2023 10:35:02 AM,f5dafd5d-461d-4440-9e3b-1b1c899df9e4,oh walk,NA,
VOICE_COMMAND,36495,8/10/2023 10:35:02 AM,f5dafd5d-461d-4440-9e3b-1b1c899df9e4,walk to the safe area,oh walk,
PATIENT_ENGAGED,37228,8/10/2023 10:35:03 AM,f5dafd5d-461d-4440-9e3b-1b1c899df9e4,100,Infinity,Mike_2 Root,"(3.5, 0.0, -0.8)","(0.0, 1.0, 0.0, -0.1)",IMMEDIATE,walker,fast,normal,normal,upset,standing,
TELEPORT,38296,8/10/2023 10:35:04 AM,f5dafd5d-461d-4440-9e3b-1b1c899df9e4,"(2.9, 0.0, -1.7)",
VOICE_CAPTURE,38895,8/10/2023 10:35:04 AM,f5dafd5d-461d-4440-9e3b-1b1c899df9e4,oh alright cool,NA,
VOICE_CAPTURE,49146,8/10/2023 10:35:15 AM,f5dafd5d-461d-4440-9e3b-1b1c899df9e4,I said there was only this guy sitting here so everybody else,NA,
VOICE_COMMAND,49146,8/10/2023 10:35:15 AM,f5dafd5d-461d-4440-9e3b-1b1c899df9e4,sit up/down,I said there was only this guy sitting here so everybody else,
VOICE_CAPTURE,54913,8/10/2023 10:35:20 AM,f5dafd5d-461d-4440-9e3b-1b1c899df9e4,yeah all three of them,NA,
VOICE_CAPTURE,61479,8/10/2023 10:35:27 AM,f5dafd5d-461d-4440-9e3b-1b1c899df9e4,so what's the second command,NA,
VOICE_CAPTURE,63080,8/10/2023 10:35:29 AM,f5dafd5d-461d-4440-9e3b-1b1c899df9e4,wave,NA,
VOICE_COMMAND,63080,8/10/2023 10:35:29 AM,f5dafd5d-461d-4440-9e3b-1b1c899df9e4,wave if you can,wave,
S_A_L_T_WAVE_IF_CAN,63081,8/10/2023 10:35:29 AM,f5dafd5d-461d-4440-9e3b-1b1c899df9e4,"(3.2, 0.0, -2.9)",waveIfCan,Mike_0 Root,
S_A_L_T_WAVED,63081,8/10/2023 10:35:29 AM,f5dafd5d-461d-4440-9e3b-1b1c899df9e4,"(3.2, 0.0, -2.9)",waved,Mike_0 Root,
S_A_L_T_WAVE_IF_CAN,63081,8/10/2023 10:35:29 AM,f5dafd5d-461d-4440-9e3b-1b1c899df9e4,"(2.4, 0.0, -0.4)",waveIfCan,Mike_1 Root,
S_A_L_T_WAVE_IF_CAN,63081,8/10/2023 10:35:29 AM,f5dafd5d-461d-4440-9e3b-1b1c899df9e4,"(3.1, 0.0, -4.9)",waveIfCan,Mike_2 Root,
S_A_L_T_WAVED,63081,8/10/2023 10:35:29 AM,f5dafd5d-461d-4440-9e3b-1b1c899df9e4,"(3.1, 0.0, -4.9)",waved,Mike_2 Root,
S_A_L_T_WALK_IF_CAN,63098,8/10/2023 10:35:29 AM,f5dafd5d-461d-4440-9e3b-1b1c899df9e4,"(2.4, 0.0, -0.4)",walkIfCan,Mike_1 Root,
VOICE_CAPTURE,64313,8/10/2023 10:35:30 AM,f5dafd5d-461d-4440-9e3b-1b1c899df9e4,well if you need help and you can hear me raise your hand,NA,
VOICE_CAPTURE,65998,8/10/2023 10:35:31 AM,f5dafd5d-461d-4440-9e3b-1b1c899df9e4,wave,NA,
VOICE_COMMAND,65998,8/10/2023 10:35:31 AM,f5dafd5d-461d-4440-9e3b-1b1c899df9e4,wave if you can,wave,
S_A_L_T_WAVE_IF_CAN,65999,8/10/2023 10:35:31 AM,f5dafd5d-461d-4440-9e3b-1b1c899df9e4,"(2.4, 0.0, -0.4)",waveIfCan,Mike_1 Root,
S_A_L_T_WALK_IF_CAN,66016,8/10/2023 10:35:31 AM,f5dafd5d-461d-4440-9e3b-1b1c899df9e4,"(2.4, 0.0, -0.4)",walkIfCan,Mike_1 Root,
VOICE_CAPTURE,67111,8/10/2023 10:35:33 AM,f5dafd5d-461d-4440-9e3b-1b1c899df9e4,wave,NA,
VOICE_COMMAND,67111,8/10/2023 10:35:33 AM,f5dafd5d-461d-4440-9e3b-1b1c899df9e4,wave if you can,wave,
S_A_L_T_WAVE_IF_CAN,67111,8/10/2023 10:35:33 AM,f5dafd5d-461d-4440-9e3b-1b1c899df9e4,"(2.4, 0.0, -0.4)",waveIfCan,Mike_1 Root,
S_A_L_T_WALK_IF_CAN,67127,8/10/2023 10:35:33 AM,f5dafd5d-461d-4440-9e3b-1b1c899df9e4,"(2.4, 0.0, -0.4)",walkIfCan,Mike_1 Root,
VOICE_CAPTURE,68160,8/10/2023 10:35:34 AM,f5dafd5d-461d-4440-9e3b-1b1c899df9e4,OK,NA,
VOICE_CAPTURE,72976,8/10/2023 10:35:38 AM,f5dafd5d-461d-4440-9e3b-1b1c899df9e4,alrighty then,NA,
BAG_ACCESS,74628,8/10/2023 10:35:40 AM,f5dafd5d-461d-4440-9e3b-1b1c899df9e4,"(3.5, 0.7, 3.2)",
TOOL_HOVER,78027,8/10/2023 10:35:44 AM,f5dafd5d-461d-4440-9e3b-1b1c899df9e4,Needle,999,
TOOL_HOVER,78043,8/10/2023 10:35:44 AM,f5dafd5d-461d-4440-9e3b-1b1c899df9e4,Needle,999,
TOOL_HOVER,78060,8/10/2023 10:35:44 AM,f5dafd5d-461d-4440-9e3b-1b1c899df9e4,Needle,999,
TOOL_HOVER,78077,8/10/2023 10:35:44 AM,f5dafd5d-461d-4440-9e3b-1b1c899df9e4,Needle,999,
TOOL_HOVER,78093,8/10/2023 10:35:44 AM,f5dafd5d-461d-4440-9e3b-1b1c899df9e4,Needle,999,
TOOL_HOVER,78110,8/10/2023 10:35:44 AM,f5dafd5d-461d-4440-9e3b-1b1c899df9e4,Needle,999,
TOOL_HOVER,78127,8/10/2023 10:35:44 AM,f5dafd5d-461d-4440-9e3b-1b1c899df9e4,Needle,999,
TOOL_HOVER,78143,8/10/2023 10:35:44 AM,f5dafd5d-461d-4440-9e3b-1b1c899df9e4,Needle,999,
TOOL_HOVER,78160,8/10/2023 10:35:44 AM,f5dafd5d-461d-4440-9e3b-1b1c899df9e4,Needle,999,
TOOL_HOVER,78177,8/10/2023 10:35:44 AM,f5dafd5d-461d-4440-9e3b-1b1c899df9e4,Needle,999,
TOOL_HOVER,78193,8/10/2023 10:35:44 AM,f5dafd5d-461d-4440-9e3b-1b1c899df9e4,Needle,999,
TOOL_HOVER,78211,8/10/2023 10:35:44 AM,f5dafd5d-461d-4440-9e3b-1b1c899df9e4,Needle,999,
TOOL_HOVER,78227,8/10/2023 10:35:44 AM,f5dafd5d-461d-4440-9e3b-1b1c899df9e4,Needle,999,
TOOL_HOVER,78244,8/10/2023 10:35:44 AM,f5dafd5d-461d-4440-9e3b-1b1c899df9e4,Needle,999,
TOOL_HOVER,78262,8/10/2023 10:35:44 AM,f5dafd5d-461d-4440-9e3b-1b1c899df9e4,Needle,999,
TOOL_HOVER,78277,8/10/2023 10:35:44 AM,f5dafd5d-461d-4440-9e3b-1b1c899df9e4,Needle,999,
TOOL_HOVER,78295,8/10/2023 10:35:44 AM,f5dafd5d-461d-4440-9e3b-1b1c899df9e4,Needle,999,
TOOL_HOVER,78311,8/10/2023 10:35:44 AM,f5dafd5d-461d-4440-9e3b-1b1c899df9e4,Needle,999,
TOOL_HOVER,78328,8/10/2023 10:35:44 AM,f5dafd5d-461d-4440-9e3b-1b1c899df9e4,Needle,999,
TOOL_HOVER,78344,8/10/2023 10:35:44 AM,f5dafd5d-461d-4440-9e3b-1b1c899df9e4,Needle,999,
TOOL_HOVER,78363,8/10/2023 10:35:44 AM,f5dafd5d-461d-4440-9e3b-1b1c899df9e4,Needle,999,
TOOL_HOVER,78380,8/10/2023 10:35:44 AM,f5dafd5d-461d-4440-9e3b-1b1c899df9e4,Needle,999,
TOOL_HOVER,78401,8/10/2023 10:35:44 AM,f5dafd5d-461d-4440-9e3b-1b1c899df9e4,Needle,999,
TOOL_HOVER,78410,8/10/2023 10:35:44 AM,f5dafd5d-461d-4440-9e3b-1b1c899df9e4,Needle,999,
TOOL_HOVER,78428,8/10/2023 10:35:44 AM,f5dafd5d-461d-4440-9e3b-1b1c899df9e4,Needle,999,
TOOL_HOVER,78444,8/10/2023 10:35:44 AM,f5dafd5d-461d-4440-9e3b-1b1c899df9e4,Needle,999,
TOOL_HOVER,78463,8/10/2023 10:35:44 AM,f5dafd5d-461d-4440-9e3b-1b1c899df9e4,Needle,999,
TOOL_HOVER,78477,8/10/2023 10:35:44 AM,f5dafd5d-461d-4440-9e3b-1b1c899df9e4,Needle,999,
TOOL_HOVER,78495,8/10/2023 10:35:44 AM,f5dafd5d-461d-4440-9e3b-1b1c899df9e4,Needle,999,
TOOL_HOVER,78513,8/10/2023 10:35:44 AM,f5dafd5d-461d-4440-9e3b-1b1c899df9e4,Needle,999,
TOOL_HOVER,78530,8/10/2023 10:35:44 AM,f5dafd5d-461d-4440-9e3b-1b1c899df9e4,Needle,999,
TOOL_SELECTED,78533,8/10/2023 10:35:44 AM,f5dafd5d-461d-4440-9e3b-1b1c899df9e4,Needle,998,
BAG_CLOSED,83846,8/10/2023 10:35:49 AM,f5dafd5d-461d-4440-9e3b-1b1c899df9e4,"(3.5, 0.7, 3.2)",
TELEPORT,83846,8/10/2023 10:35:49 AM,f5dafd5d-461d-4440-9e3b-1b1c899df9e4,"(3.5, 0.0, 3.0)",
TELEPORT,84513,8/10/2023 10:35:50 AM,f5dafd5d-461d-4440-9e3b-1b1c899df9e4,"(3.5, 0.0, 3.0)",
VOICE_CAPTURE,84962,8/10/2023 10:35:50 AM,f5dafd5d-461d-4440-9e3b-1b1c899df9e4,well because this is the same scenario so I kinda know it already it's probably shouldn't,NA,
TELEPORT,85029,8/10/2023 10:35:51 AM,f5dafd5d-461d-4440-9e3b-1b1c899df9e4,"(3.6, 0.0, 3.2)",
PATIENT_ENGAGED,86613,8/10/2023 10:35:52 AM,f5dafd5d-461d-4440-9e3b-1b1c899df9e4,100,128,Mike_3 Root,"(3.2, 0.0, 4.3)","(0.0, 0.7, 0.0, -0.7)",IMMEDIATE,still,faint,collapsedRight,normal,unresponsive,supine,
VOICE_CAPTURE,86846,8/10/2023 10:35:52 AM,f5dafd5d-461d-4440-9e3b-1b1c899df9e4,yeah,NA,
INJURY_TREATED,91532,8/10/2023 10:35:57 AM,f5dafd5d-461d-4440-9e3b-1b1c899df9e4,R Chest Collapse,Mike_3 Root,decompress,high,chest,True,False,"(0.0, 0.0, 0.0)",
TOOL_APPLIED,91533,8/10/2023 10:35:57 AM,f5dafd5d-461d-4440-9e3b-1b1c899df9e4,Needle_Decomp(Clone),Needle,RChest_Breathe1 (UnityEngine.GameObject),cath_needle (UnityEngine.GameObject),right_chest,Needle_Decomp(Clone) (UnityEngine.GameObject),AppliedDecompNeedle,
VOICE_CAPTURE,91729,8/10/2023 10:35:57 AM,f5dafd5d-461d-4440-9e3b-1b1c899df9e4,way down here,NA,
PULSE_TAKEN,94779,8/10/2023 10:36:00 AM,f5dafd5d-461d-4440-9e3b-1b1c899df9e4,pulse_faint,Mike_3 Root,
VOICE_CAPTURE,97130,8/10/2023 10:36:03 AM,f5dafd5d-461d-4440-9e3b-1b1c899df9e4,alright so yeah we'll do that,NA,
PULSE_TAKEN,98920,8/10/2023 10:36:04 AM,f5dafd5d-461d-4440-9e3b-1b1c899df9e4,pulse_faint,Mike_3 Root,
VOICE_CAPTURE,100812,8/10/2023 10:36:06 AM,f5dafd5d-461d-4440-9e3b-1b1c899df9e4,yeah it's nice and rapid,NA,
VOICE_CAPTURE,109780,8/10/2023 10:36:15 AM,f5dafd5d-461d-4440-9e3b-1b1c899df9e4,Oh yeah,NA,
BAG_ACCESS,110432,8/10/2023 10:36:16 AM,f5dafd5d-461d-4440-9e3b-1b1c899df9e4,"(3.7, 0.7, 3.9)",
TAG_SELECTED,111082,8/10/2023 10:36:17 AM,f5dafd5d-461d-4440-9e3b-1b1c899df9e4,red,
TAG_APPLIED,115734,8/10/2023 10:36:21 AM,f5dafd5d-461d-4440-9e3b-1b1c899df9e4,Mike_3 Root,red,
PULSE_TAKEN,115749,8/10/2023 10:36:21 AM,f5dafd5d-461d-4440-9e3b-1b1c899df9e4,pulse_faint,Mike_3 Root,
PULSE_TAKEN,115831,8/10/2023 10:36:21 AM,f5dafd5d-461d-4440-9e3b-1b1c899df9e4,pulse_faint,Mike_3 Root,
VOICE_CAPTURE,118393,8/10/2023 10:36:24 AM,f5dafd5d-461d-4440-9e3b-1b1c899df9e4,oh I gotta let it go to,NA,
BAG_CLOSED,119962,8/10/2023 10:36:25 AM,f5dafd5d-461d-4440-9e3b-1b1c899df9e4,"(3.7, 0.7, 3.9)",
TELEPORT,119962,8/10/2023 10:36:25 AM,f5dafd5d-461d-4440-9e3b-1b1c899df9e4,"(3.7, 0.0, 3.8)",
VOICE_CAPTURE,126536,8/10/2023 10:36:32 AM,f5dafd5d-461d-4440-9e3b-1b1c899df9e4,Alright,NA,
TELEPORT,137071,8/10/2023 10:36:43 AM,f5dafd5d-461d-4440-9e3b-1b1c899df9e4,"(3.4, 0.0, -4.6)",
VOICE_CAPTURE,140264,8/10/2023 10:36:46 AM,f5dafd5d-461d-4440-9e3b-1b1c899df9e4,oh there it is,NA,
VOICE_CAPTURE,140445,8/10/2023 10:36:46 AM,f5dafd5d-461d-4440-9e3b-1b1c899df9e4,sit,NA,
VOICE_COMMAND,140445,8/10/2023 10:36:46 AM,f5dafd5d-461d-4440-9e3b-1b1c899df9e4,sit up/down,sit,
S_A_L_T_WALK_IF_CAN,140460,8/10/2023 10:36:46 AM,f5dafd5d-461d-4440-9e3b-1b1c899df9e4,"(2.4, 0.0, -0.4)",walkIfCan,Mike_1 Root,
S_A_L_T_WALK_IF_CAN,140477,8/10/2023 10:36:46 AM,f5dafd5d-461d-4440-9e3b-1b1c899df9e4,"(2.4, 0.0, -0.4)",walkIfCan,Mike_1 Root,
S_A_L_T_WALK_IF_CAN,140494,8/10/2023 10:36:46 AM,f5dafd5d-461d-4440-9e3b-1b1c899df9e4,"(2.4, 0.0, -0.4)",walkIfCan,Mike_1 Root,
PATIENT_ENGAGED,140593,8/10/2023 10:36:46 AM,f5dafd5d-461d-4440-9e3b-1b1c899df9e4,100,Infinity,Mike_1 Root,"(2.4, 0.0, -0.4)","(0.0, -0.5, 0.0, -0.9)",DELAYED,waver,normal,normal,normal,upset,sittingGround,
VOICE_CAPTURE,142859,8/10/2023 10:36:48 AM,f5dafd5d-461d-4440-9e3b-1b1c899df9e4,I kept trying to press it down,NA,
VOICE_CAPTURE,147310,8/10/2023 10:36:53 AM,f5dafd5d-461d-4440-9e3b-1b1c899df9e4,oh,NA,
VOICE_CAPTURE,147761,8/10/2023 10:36:53 AM,f5dafd5d-461d-4440-9e3b-1b1c899df9e4,sit,NA,
VOICE_COMMAND,147761,8/10/2023 10:36:53 AM,f5dafd5d-461d-4440-9e3b-1b1c899df9e4,sit up/down,sit,
VOICE_CAPTURE,149676,8/10/2023 10:36:55 AM,f5dafd5d-461d-4440-9e3b-1b1c899df9e4,sit down bud,NA,
VOICE_COMMAND,149677,8/10/2023 10:36:55 AM,f5dafd5d-461d-4440-9e3b-1b1c899df9e4,sit up/down,sit down bud,
PULSE_TAKEN,152860,8/10/2023 10:36:58 AM,f5dafd5d-461d-4440-9e3b-1b1c899df9e4,pulse_normal,Mike_1 Root,
PULSE_TAKEN,154611,8/10/2023 10:37:00 AM,f5dafd5d-461d-4440-9e3b-1b1c899df9e4,pulse_normal,Mike_1 Root,
VOICE_CAPTURE,155192,8/10/2023 10:37:01 AM,f5dafd5d-461d-4440-9e3b-1b1c899df9e4,I don't work,NA,
BAG_ACCESS,157045,8/10/2023 10:37:03 AM,f5dafd5d-461d-4440-9e3b-1b1c899df9e4,"(2.7, 0.5, -0.6)",
VOICE_CAPTURE,158027,8/10/2023 10:37:04 AM,f5dafd5d-461d-4440-9e3b-1b1c899df9e4,OK,NA,
TOOL_HOVER,158528,8/10/2023 10:37:04 AM,f5dafd5d-461d-4440-9e3b-1b1c899df9e4,Tourniquet,999,
TOOL_HOVER,158544,8/10/2023 10:37:04 AM,f5dafd5d-461d-4440-9e3b-1b1c899df9e4,Tourniquet,999,
TOOL_HOVER,158561,8/10/2023 10:37:04 AM,f5dafd5d-461d-4440-9e3b-1b1c899df9e4,Tourniquet,999,
TOOL_HOVER,158578,8/10/2023 10:37:04 AM,f5dafd5d-461d-4440-9e3b-1b1c899df9e4,Tourniquet,999,
TOOL_HOVER,158593,8/10/2023 10:37:04 AM,f5dafd5d-461d-4440-9e3b-1b1c899df9e4,Tourniquet,999,
TOOL_HOVER,158620,8/10/2023 10:37:04 AM,f5dafd5d-461d-4440-9e3b-1b1c899df9e4,Tourniquet,999,
TOOL_HOVER,158627,8/10/2023 10:37:04 AM,f5dafd5d-461d-4440-9e3b-1b1c899df9e4,Tourniquet,999,
TOOL_HOVER,158644,8/10/2023 10:37:04 AM,f5dafd5d-461d-4440-9e3b-1b1c899df9e4,Tourniquet,999,
TOOL_HOVER,158662,8/10/2023 10:37:04 AM,f5dafd5d-461d-4440-9e3b-1b1c899df9e4,Tourniquet,999,
TOOL_HOVER,158677,8/10/2023 10:37:04 AM,f5dafd5d-461d-4440-9e3b-1b1c899df9e4,Tourniquet,999,
TOOL_HOVER,158694,8/10/2023 10:37:04 AM,f5dafd5d-461d-4440-9e3b-1b1c899df9e4,Tourniquet,999,
TOOL_HOVER,158711,8/10/2023 10:37:04 AM,f5dafd5d-461d-4440-9e3b-1b1c899df9e4,Tourniquet,999,
TOOL_HOVER,158727,8/10/2023 10:37:04 AM,f5dafd5d-461d-4440-9e3b-1b1c899df9e4,Tourniquet,999,
TOOL_HOVER,158744,8/10/2023 10:37:04 AM,f5dafd5d-461d-4440-9e3b-1b1c899df9e4,Tourniquet,999,
TOOL_HOVER,158761,8/10/2023 10:37:04 AM,f5dafd5d-461d-4440-9e3b-1b1c899df9e4,Tourniquet,999,
TOOL_HOVER,158778,8/10/2023 10:37:04 AM,f5dafd5d-461d-4440-9e3b-1b1c899df9e4,Tourniquet,999,
TOOL_HOVER,158794,8/10/2023 10:37:04 AM,f5dafd5d-461d-4440-9e3b-1b1c899df9e4,Tourniquet,999,
TOOL_HOVER,158811,8/10/2023 10:37:04 AM,f5dafd5d-461d-4440-9e3b-1b1c899df9e4,Tourniquet,999,
TOOL_HOVER,158828,8/10/2023 10:37:04 AM,f5dafd5d-461d-4440-9e3b-1b1c899df9e4,Tourniquet,999,
TOOL_HOVER,158843,8/10/2023 10:37:04 AM,f5dafd5d-461d-4440-9e3b-1b1c899df9e4,Tourniquet,999,
TOOL_HOVER,158861,8/10/2023 10:37:04 AM,f5dafd5d-461d-4440-9e3b-1b1c899df9e4,Tourniquet,999,
TOOL_HOVER,158878,8/10/2023 10:37:04 AM,f5dafd5d-461d-4440-9e3b-1b1c899df9e4,Tourniquet,999,
TOOL_HOVER,158895,8/10/2023 10:37:04 AM,f5dafd5d-461d-4440-9e3b-1b1c899df9e4,Tourniquet,999,
TOOL_HOVER,158911,8/10/2023 10:37:04 AM,f5dafd5d-461d-4440-9e3b-1b1c899df9e4,Tourniquet,999,
PULSE_TAKEN,159944,8/10/2023 10:37:05 AM,f5dafd5d-461d-4440-9e3b-1b1c899df9e4,pulse_normal,Mike_1 Root,
PULSE_TAKEN,161083,8/10/2023 10:37:07 AM,f5dafd5d-461d-4440-9e3b-1b1c899df9e4,pulse_normal,Mike_1 Root,
TOOL_HOVER,162317,8/10/2023 10:37:08 AM,f5dafd5d-461d-4440-9e3b-1b1c899df9e4,Tourniquet,999,
TOOL_HOVER,162333,8/10/2023 10:37:08 AM,f5dafd5d-461d-4440-9e3b-1b1c899df9e4,Tourniquet,999,
TOOL_HOVER,162348,8/10/2023 10:37:08 AM,f5dafd5d-461d-4440-9e3b-1b1c899df9e4,Tourniquet,999,
TOOL_HOVER,162366,8/10/2023 10:37:08 AM,f5dafd5d-461d-4440-9e3b-1b1c899df9e4,Tourniquet,999,
TOOL_HOVER,162383,8/10/2023 10:37:08 AM,f5dafd5d-461d-4440-9e3b-1b1c899df9e4,Tourniquet,999,
TOOL_HOVER,162400,8/10/2023 10:37:08 AM,f5dafd5d-461d-4440-9e3b-1b1c899df9e4,Tourniquet,999,
TOOL_HOVER,162416,8/10/2023 10:37:08 AM,f5dafd5d-461d-4440-9e3b-1b1c899df9e4,Tourniquet,999,
TOOL_HOVER,162433,8/10/2023 10:37:08 AM,f5dafd5d-461d-4440-9e3b-1b1c899df9e4,Tourniquet,999,
TOOL_HOVER,162450,8/10/2023 10:37:08 AM,f5dafd5d-461d-4440-9e3b-1b1c899df9e4,Tourniquet,999,
TOOL_HOVER,162467,8/10/2023 10:37:08 AM,f5dafd5d-461d-4440-9e3b-1b1c899df9e4,Tourniquet,999,
TOOL_HOVER,162483,8/10/2023 10:37:08 AM,f5dafd5d-461d-4440-9e3b-1b1c899df9e4,Tourniquet,999,
TOOL_HOVER,162500,8/10/2023 10:37:08 AM,f5dafd5d-461d-4440-9e3b-1b1c899df9e4,Tourniquet,999,
TOOL_HOVER,162516,8/10/2023 10:37:08 AM,f5dafd5d-461d-4440-9e3b-1b1c899df9e4,Tourniquet,999,
TOOL_HOVER,162533,8/10/2023 10:37:08 AM,f5dafd5d-461d-4440-9e3b-1b1c899df9e4,Tourniquet,999,
TOOL_HOVER,162550,8/10/2023 10:37:08 AM,f5dafd5d-461d-4440-9e3b-1b1c899df9e4,Tourniquet,999,
TOOL_HOVER,162566,8/10/2023 10:37:08 AM,f5dafd5d-461d-4440-9e3b-1b1c899df9e4,Tourniquet,999,
TOOL_HOVER,162583,8/10/2023 10:37:08 AM,f5dafd5d-461d-4440-9e3b-1b1c899df9e4,Tourniquet,999,
TOOL_HOVER,162601,8/10/2023 10:37:08 AM,f5dafd5d-461d-4440-9e3b-1b1c899df9e4,Tourniquet,999,
TOOL_HOVER,162617,8/10/2023 10:37:08 AM,f5dafd5d-461d-4440-9e3b-1b1c899df9e4,Tourniquet,999,
TOOL_HOVER,162633,8/10/2023 10:37:08 AM,f5dafd5d-461d-4440-9e3b-1b1c899df9e4,Tourniquet,999,
TOOL_SELECTED,162634,8/10/2023 10:37:08 AM,f5dafd5d-461d-4440-9e3b-1b1c899df9e4,Tourniquet,998,
VOICE_CAPTURE,164016,8/10/2023 10:37:09 AM,f5dafd5d-461d-4440-9e3b-1b1c899df9e4,what the hell,NA,
TOOL_APPLIED,165068,8/10/2023 10:37:11 AM,f5dafd5d-461d-4440-9e3b-1b1c899df9e4,Mike_1 Root,Tourniquet,LeftForeArm (UnityEngine.GameObject),tor_ring (1) (UnityEngine.GameObject),tourniquet(Clone) (UnityEngine.GameObject),AppliedTourniquet,
PULSE_TAKEN,166298,8/10/2023 10:37:12 AM,f5dafd5d-461d-4440-9e3b-1b1c899df9e4,pulse_normal,Mike_1 Root,
PULSE_TAKEN,166650,8/10/2023 10:37:12 AM,f5dafd5d-461d-4440-9e3b-1b1c899df9e4,pulse_normal,Mike_1 Root,
PULSE_TAKEN,168249,8/10/2023 10:37:14 AM,f5dafd5d-461d-4440-9e3b-1b1c899df9e4,pulse_normal,Mike_1 Root,
TOOL_HOVER,169316,8/10/2023 10:37:15 AM,f5dafd5d-461d-4440-9e3b-1b1c899df9e4,Tourniquet,998,
TOOL_HOVER,169333,8/10/2023 10:37:15 AM,f5dafd5d-461d-4440-9e3b-1b1c899df9e4,Tourniquet,998,
TOOL_HOVER,169350,8/10/2023 10:37:15 AM,f5dafd5d-461d-4440-9e3b-1b1c899df9e4,Tourniquet,998,
TOOL_HOVER,169365,8/10/2023 10:37:15 AM,f5dafd5d-461d-4440-9e3b-1b1c899df9e4,Tourniquet,998,
TOOL_HOVER,169383,8/10/2023 10:37:15 AM,f5dafd5d-461d-4440-9e3b-1b1c899df9e4,Tourniquet,998,
TOOL_HOVER,169400,8/10/2023 10:37:15 AM,f5dafd5d-461d-4440-9e3b-1b1c899df9e4,Tourniquet,998,
TOOL_HOVER,169416,8/10/2023 10:37:15 AM,f5dafd5d-461d-4440-9e3b-1b1c899df9e4,Tourniquet,998,
TOOL_SELECTED,169417,8/10/2023 10:37:15 AM,f5dafd5d-461d-4440-9e3b-1b1c899df9e4,Tourniquet,997,
TOOL_APPLIED,171700,8/10/2023 10:37:17 AM,f5dafd5d-461d-4440-9e3b-1b1c899df9e4,Mike_1 Root,Tourniquet,LeftUpLeg (UnityEngine.GameObject),tor_ring (1) (UnityEngine.GameObject),tourniquet(Clone) (UnityEngine.GameObject),AppliedTourniquet,
TOOL_HOVER,175116,8/10/2023 10:37:21 AM,f5dafd5d-461d-4440-9e3b-1b1c899df9e4,Tourniquet,997,
TOOL_HOVER,175133,8/10/2023 10:37:21 AM,f5dafd5d-461d-4440-9e3b-1b1c899df9e4,Tourniquet,997,
TOOL_HOVER,175150,8/10/2023 10:37:21 AM,f5dafd5d-461d-4440-9e3b-1b1c899df9e4,Tourniquet,997,
TOOL_HOVER,175166,8/10/2023 10:37:21 AM,f5dafd5d-461d-4440-9e3b-1b1c899df9e4,Tourniquet,997,
TOOL_HOVER,175183,8/10/2023 10:37:21 AM,f5dafd5d-461d-4440-9e3b-1b1c899df9e4,Tourniquet,997,
TOOL_HOVER,175200,8/10/2023 10:37:21 AM,f5dafd5d-461d-4440-9e3b-1b1c899df9e4,Tourniquet,997,
TOOL_HOVER,175217,8/10/2023 10:37:21 AM,f5dafd5d-461d-4440-9e3b-1b1c899df9e4,Tourniquet,997,
TOOL_HOVER,175233,8/10/2023 10:37:21 AM,f5dafd5d-461d-4440-9e3b-1b1c899df9e4,Tourniquet,997,
TOOL_SELECTED,175234,8/10/2023 10:37:21 AM,f5dafd5d-461d-4440-9e3b-1b1c899df9e4,Tourniquet,996,
VOICE_CAPTURE,176849,8/10/2023 10:37:22 AM,f5dafd5d-461d-4440-9e3b-1b1c899df9e4,there you go well that's not where I want it but OK,NA,
INJURY_TREATED,182561,8/10/2023 10:37:28 AM,f5dafd5d-461d-4440-9e3b-1b1c899df9e4,L Thigh Laceration,Mike_1 Root,tourniquet,medium,leftLeg,True,False,"(2.1, 0.2, -0.7)",
TOOL_APPLIED,182561,8/10/2023 10:37:28 AM,f5dafd5d-461d-4440-9e3b-1b1c899df9e4,Mike_1 Root,Tourniquet,LeftUpLeg (UnityEngine.GameObject),tor_ring (1) (UnityEngine.GameObject),tourniquet(Clone) (UnityEngine.GameObject),AppliedTourniquet,
VOICE_CAPTURE,182578,8/10/2023 10:37:28 AM,f5dafd5d-461d-4440-9e3b-1b1c899df9e4,alright,NA,
BAG_CLOSED,186697,8/10/2023 10:37:32 AM,f5dafd5d-461d-4440-9e3b-1b1c899df9e4,"(2.7, 0.5, -0.6)",
VOICE_CAPTURE,187595,8/10/2023 10:37:33 AM,f5dafd5d-461d-4440-9e3b-1b1c899df9e4,there it is alright stay there,NA,
BAG_ACCESS,190372,8/10/2023 10:37:36 AM,f5dafd5d-461d-4440-9e3b-1b1c899df9e4,"(2.7, 0.7, -0.9)",
TAG_SELECTED,191054,8/10/2023 10:37:37 AM,f5dafd5d-461d-4440-9e3b-1b1c899df9e4,yellow,
TAG_APPLIED,192219,8/10/2023 10:37:38 AM,f5dafd5d-461d-4440-9e3b-1b1c899df9e4,Mike_1 Root,yellow,
BAG_CLOSED,196053,8/10/2023 10:37:42 AM,f5dafd5d-461d-4440-9e3b-1b1c899df9e4,"(2.7, 0.7, -0.9)",
TELEPORT,196053,8/10/2023 10:37:42 AM,f5dafd5d-461d-4440-9e3b-1b1c899df9e4,"(2.9, 0.0, -1.3)",
TELEPORT,204002,8/10/2023 10:37:49 AM,f5dafd5d-461d-4440-9e3b-1b1c899df9e4,"(2.8, 0.0, -2.5)",
VOICE_CAPTURE,204753,8/10/2023 10:37:50 AM,f5dafd5d-461d-4440-9e3b-1b1c899df9e4,alright let's take a look here well oh wait I wanna go to this guy,NA,
PATIENT_ENGAGED,206636,8/10/2023 10:37:52 AM,f5dafd5d-461d-4440-9e3b-1b1c899df9e4,100,Infinity,Mike_2 Root,"(3.1, 0.0, -4.9)","(0.0, 0.1, 0.0, -1.0)",IMMEDIATE,walker,fast,normal,normal,upset,sittingGround,
VOICE_CAPTURE,208303,8/10/2023 10:37:54 AM,f5dafd5d-461d-4440-9e3b-1b1c899df9e4,are you hurt,NA,
VOICE_COMMAND,208303,8/10/2023 10:37:54 AM,f5dafd5d-461d-4440-9e3b-1b1c899df9e4,are you hurt,are you hurt,
BAG_ACCESS,210391,8/10/2023 10:37:56 AM,f5dafd5d-461d-4440-9e3b-1b1c899df9e4,"(3.2, 0.5, -4.8)",
VOICE_CAPTURE,210673,8/10/2023 10:37:56 AM,f5dafd5d-461d-4440-9e3b-1b1c899df9e4,alright oh that's no bueno,NA,
TOOL_HOVER,211424,8/10/2023 10:37:57 AM,f5dafd5d-461d-4440-9e3b-1b1c899df9e4,Hemostatic Gauze,999,
TOOL_HOVER,211441,8/10/2023 10:37:57 AM,f5dafd5d-461d-4440-9e3b-1b1c899df9e4,Hemostatic Gauze,999,
TOOL_HOVER,211457,8/10/2023 10:37:57 AM,f5dafd5d-461d-4440-9e3b-1b1c899df9e4,Hemostatic Gauze,999,
TOOL_HOVER,211473,8/10/2023 10:37:57 AM,f5dafd5d-461d-4440-9e3b-1b1c899df9e4,Hemostatic Gauze,999,
TOOL_HOVER,211490,8/10/2023 10:37:57 AM,f5dafd5d-461d-4440-9e3b-1b1c899df9e4,Hemostatic Gauze,999,
TOOL_HOVER,211507,8/10/2023 10:37:57 AM,f5dafd5d-461d-4440-9e3b-1b1c899df9e4,Hemostatic Gauze,999,
TOOL_SELECTED,211509,8/10/2023 10:37:57 AM,f5dafd5d-461d-4440-9e3b-1b1c899df9e4,Hemostatic Gauze,998,
VOICE_CAPTURE,212989,8/10/2023 10:37:58 AM,f5dafd5d-461d-4440-9e3b-1b1c899df9e4,OK,NA,
TOOL_DISCARDED,220758,8/10/2023 10:38:06 AM,f5dafd5d-461d-4440-9e3b-1b1c899df9e4,Hemostatic Gauze,998,"(2.9, 0.9, -4.9)",
TOOL_APPLIED,220758,8/10/2023 10:38:06 AM,f5dafd5d-461d-4440-9e3b-1b1c899df9e4,Mike_2 Root,Gauze_Pack,skinCollider_BodyCollideLOD (UnityEngine.GameObject),null,null,AppliedPackingGauze,
TOOL_HOVER,223224,8/10/2023 10:38:09 AM,f5dafd5d-461d-4440-9e3b-1b1c899df9e4,Hemostatic Gauze,999,
TOOL_HOVER,223241,8/10/2023 10:38:09 AM,f5dafd5d-461d-4440-9e3b-1b1c899df9e4,Hemostatic Gauze,999,
TOOL_HOVER,223258,8/10/2023 10:38:09 AM,f5dafd5d-461d-4440-9e3b-1b1c899df9e4,Hemostatic Gauze,999,
TOOL_HOVER,223274,8/10/2023 10:38:09 AM,f5dafd5d-461d-4440-9e3b-1b1c899df9e4,Hemostatic Gauze,999,
TOOL_HOVER,223291,8/10/2023 10:38:09 AM,f5dafd5d-461d-4440-9e3b-1b1c899df9e4,Hemostatic Gauze,999,
TOOL_HOVER,223308,8/10/2023 10:38:09 AM,f5dafd5d-461d-4440-9e3b-1b1c899df9e4,Hemostatic Gauze,999,
TOOL_SELECTED,223308,8/10/2023 10:38:09 AM,f5dafd5d-461d-4440-9e3b-1b1c899df9e4,Hemostatic Gauze,998,
VOICE_CAPTURE,223424,8/10/2023 10:38:09 AM,f5dafd5d-461d-4440-9e3b-1b1c899df9e4,OK it doesn't wanna let it go,NA,
VOICE_CAPTURE,231696,8/10/2023 10:38:17 AM,f5dafd5d-461d-4440-9e3b-1b1c899df9e4,alright come on,NA,
TOOL_DISCARDED,232496,8/10/2023 10:38:18 AM,f5dafd5d-461d-4440-9e3b-1b1c899df9e4,Hemostatic Gauze,998,"(3.2, 0.5, -5.1)",
TOOL_APPLIED,232496,8/10/2023 10:38:18 AM,f5dafd5d-461d-4440-9e3b-1b1c899df9e4,Mike_2 Root,Gauze_Pack,skinCollider_BodyCollideLOD (UnityEngine.GameObject),null,null,AppliedPackingGauze,
TOOL_HOVER,234531,8/10/2023 10:38:20 AM,f5dafd5d-461d-4440-9e3b-1b1c899df9e4,Hemostatic Gauze,999,
TOOL_HOVER,234547,8/10/2023 10:38:20 AM,f5dafd5d-461d-4440-9e3b-1b1c899df9e4,Hemostatic Gauze,999,
TOOL_HOVER,234564,8/10/2023 10:38:20 AM,f5dafd5d-461d-4440-9e3b-1b1c899df9e4,Hemostatic Gauze,999,
TOOL_HOVER,234579,8/10/2023 10:38:20 AM,f5dafd5d-461d-4440-9e3b-1b1c899df9e4,Hemostatic Gauze,999,
TOOL_SELECTED,234581,8/10/2023 10:38:20 AM,f5dafd5d-461d-4440-9e3b-1b1c899df9e4,Hemostatic Gauze,998,
TOOL_DISCARDED,238097,8/10/2023 10:38:24 AM,f5dafd5d-461d-4440-9e3b-1b1c899df9e4,Hemostatic Gauze,998,"(3.3, 0.4, -5.1)",
INJURY_TREATED,238098,8/10/2023 10:38:24 AM,f5dafd5d-461d-4440-9e3b-1b1c899df9e4,L Shoulder Puncture,Mike_2 Root,woundpack,medium,chest,True,False,"(3.3, 0.4, -5.1)",
TOOL_APPLIED,238098,8/10/2023 10:38:24 AM,f5dafd5d-461d-4440-9e3b-1b1c899df9e4,Mike_2 Root,Gauze_Pack,skinCollider_BodyCollideLOD (UnityEngine.GameObject),null,null,AppliedPackingGauze,
PULSE_TAKEN,239230,8/10/2023 10:38:25 AM,f5dafd5d-461d-4440-9e3b-1b1c899df9e4,pulse_fast,Mike_2 Root,
TAG_SELECTED,241569,8/10/2023 10:38:27 AM,f5dafd5d-461d-4440-9e3b-1b1c899df9e4,red,
VOICE_CAPTURE,242417,8/10/2023 10:38:28 AM,f5dafd5d-461d-4440-9e3b-1b1c899df9e4,there it went OK,NA,
TAG_APPLIED,242751,8/10/2023 10:38:28 AM,f5dafd5d-461d-4440-9e3b-1b1c899df9e4,Mike_2 Root,red,
BAG_CLOSED,245572,8/10/2023 10:38:31 AM,f5dafd5d-461d-4440-9e3b-1b1c899df9e4,"(3.2, 0.5, -4.8)",
PATIENT_ENGAGED,246871,8/10/2023 10:38:32 AM,f5dafd5d-461d-4440-9e3b-1b1c899df9e4,100,Infinity,Mike_0 Root,"(3.2, 0.0, -2.9)","(0.0, 0.3, 0.0, 1.0)",MINIMAL,walker,normal,normal,normal,upset,sittingGround,
VOICE_CAPTURE,251046,8/10/2023 10:38:37 AM,f5dafd5d-461d-4440-9e3b-1b1c899df9e4,And then the other guy was right behind me so we'll just,NA,
VOICE_CAPTURE,251947,8/10/2023 10:38:37 AM,f5dafd5d-461d-4440-9e3b-1b1c899df9e4,show me,NA,
VOICE_COMMAND,251947,8/10/2023 10:38:37 AM,f5dafd5d-461d-4440-9e3b-1b1c899df9e4,reveal injury,show me,
VOICE_CAPTURE,253225,8/10/2023 10:38:39 AM,f5dafd5d-461d-4440-9e3b-1b1c899df9e4,oh OK,NA,
TELEPORT,253960,8/10/2023 10:38:39 AM,f5dafd5d-461d-4440-9e3b-1b1c899df9e4,"(3.1, 0.0, -4.7)",
BAG_ACCESS,260326,8/10/2023 10:38:46 AM,f5dafd5d-461d-4440-9e3b-1b1c899df9e4,"(3.2, 0.5, -3.1)",
TOOL_HOVER,261026,8/10/2023 10:38:47 AM,f5dafd5d-461d-4440-9e3b-1b1c899df9e4,Gauze,999,
TOOL_HOVER,261043,8/10/2023 10:38:47 AM,f5dafd5d-461d-4440-9e3b-1b1c899df9e4,Gauze,999,
TOOL_HOVER,261062,8/10/2023 10:38:47 AM,f5dafd5d-461d-4440-9e3b-1b1c899df9e4,Gauze,999,
TOOL_HOVER,261077,8/10/2023 10:38:47 AM,f5dafd5d-461d-4440-9e3b-1b1c899df9e4,Gauze,999,
TOOL_HOVER,261094,8/10/2023 10:38:47 AM,f5dafd5d-461d-4440-9e3b-1b1c899df9e4,Gauze,999,
TOOL_HOVER,261109,8/10/2023 10:38:47 AM,f5dafd5d-461d-4440-9e3b-1b1c899df9e4,Gauze,999,
TOOL_HOVER,261127,8/10/2023 10:38:47 AM,f5dafd5d-461d-4440-9e3b-1b1c899df9e4,Gauze,999,
TOOL_HOVER,261143,8/10/2023 10:38:47 AM,f5dafd5d-461d-4440-9e3b-1b1c899df9e4,Gauze,999,
TOOL_HOVER,261160,8/10/2023 10:38:47 AM,f5dafd5d-461d-4440-9e3b-1b1c899df9e4,Gauze,999,
VOICE_CAPTURE,261176,8/10/2023 10:38:47 AM,f5dafd5d-461d-4440-9e3b-1b1c899df9e4,poop alright take a look,NA,
TOOL_HOVER,261177,8/10/2023 10:38:47 AM,f5dafd5d-461d-4440-9e3b-1b1c899df9e4,Gauze,999,
TOOL_HOVER,261193,8/10/2023 10:38:47 AM,f5dafd5d-461d-4440-9e3b-1b1c899df9e4,Gauze,999,
TOOL_HOVER,261210,8/10/2023 10:38:47 AM,f5dafd5d-461d-4440-9e3b-1b1c899df9e4,Gauze,999,
TOOL_HOVER,261226,8/10/2023 10:38:47 AM,f5dafd5d-461d-4440-9e3b-1b1c899df9e4,Gauze,999,
TOOL_HOVER,261243,8/10/2023 10:38:47 AM,f5dafd5d-461d-4440-9e3b-1b1c899df9e4,Gauze,999,
TOOL_HOVER,261260,8/10/2023 10:38:47 AM,f5dafd5d-461d-4440-9e3b-1b1c899df9e4,Gauze,999,
TOOL_HOVER,261276,8/10/2023 10:38:47 AM,f5dafd5d-461d-4440-9e3b-1b1c899df9e4,Gauze,999,
TOOL_HOVER,261294,8/10/2023 10:38:47 AM,f5dafd5d-461d-4440-9e3b-1b1c899df9e4,Gauze,999,
TOOL_HOVER,261310,8/10/2023 10:38:47 AM,f5dafd5d-461d-4440-9e3b-1b1c899df9e4,Gauze,999,
TOOL_HOVER,261326,8/10/2023 10:38:47 AM,f5dafd5d-461d-4440-9e3b-1b1c899df9e4,Gauze,999,
TOOL_SELECTED,261327,8/10/2023 10:38:47 AM,f5dafd5d-461d-4440-9e3b-1b1c899df9e4,Gauze,998,
TOOL_DISCARDED,262843,8/10/2023 10:38:48 AM,f5dafd5d-461d-4440-9e3b-1b1c899df9e4,Gauze,998,"(3.1, 0.5, -3.0)",
INJURY_TREATED,262844,8/10/2023 10:38:48 AM,f5dafd5d-461d-4440-9e3b-1b1c899df9e4,R Forearm Laceration,Mike_0 Root,gauzePressure,low,rightArm,True,False,"(3.1, 0.5, -3.0)",
TOOL_APPLIED,262844,8/10/2023 10:38:48 AM,f5dafd5d-461d-4440-9e3b-1b1c899df9e4,Mike_0 Root,Gauze_Dressing,skinCollider_BodyCollideLOD (UnityEngine.GameObject),null,null,AppliedDressingGauze,
PULSE_TAKEN,264610,8/10/2023 10:38:50 AM,f5dafd5d-461d-4440-9e3b-1b1c899df9e4,pulse_normal,Mike_0 Root,
VOICE_CAPTURE,270742,8/10/2023 10:38:56 AM,f5dafd5d-461d-4440-9e3b-1b1c899df9e4,alright check his polls here you're excited bro alright good job buddy,NA,
TAG_SELECTED,271160,8/10/2023 10:38:57 AM,f5dafd5d-461d-4440-9e3b-1b1c899df9e4,green,
TAG_APPLIED,273343,8/10/2023 10:38:59 AM,f5dafd5d-461d-4440-9e3b-1b1c899df9e4,Mike_0 Root,green,
BAG_CLOSED,274647,8/10/2023 10:39:00 AM,f5dafd5d-461d-4440-9e3b-1b1c899df9e4,"(3.2, 0.5, -3.1)",
VOICE_CAPTURE,278394,8/10/2023 10:39:04 AM,f5dafd5d-461d-4440-9e3b-1b1c899df9e4,it's just the four of them,NA,
VOICE_CAPTURE,282577,8/10/2023 10:39:08 AM,f5dafd5d-461d-4440-9e3b-1b1c899df9e4,and then all we gotta do is get to the tagging and we're good,NA,
VOICE_CAPTURE,287128,8/10/2023 10:39:13 AM,f5dafd5d-461d-4440-9e3b-1b1c899df9e4,Nope,NA,
VOICE_CAPTURE,298894,8/10/2023 10:39:24 AM,f5dafd5d-461d-4440-9e3b-1b1c899df9e4,yeah,NA,
SESSION_END,299529,8/10/2023 10:39:25 AM,f5dafd5d-461d-4440-9e3b-1b1c899df9e4,
PATIENT_DEMOTED,308872,8/10/2023 10:39:34 AM,f5dafd5d-461d-4440-9e3b-1b1c899df9e4,100,Infinity,Bob_0 Root,"(-1.4, 0.0, 5.6)","(0.0, 0.7, 0.0, 0.7)",EXPECTANT,still,faint,restricted,none,unresponsive,supine,
PATIENT_DEMOTED,309095,8/10/2023 10:39:35 AM,f5dafd5d-461d-4440-9e3b-1b1c899df9e4,100,Infinity,Bob_0 Root,"(-1.5, 0.0, 5.6)","(0.0, 0.7, 0.0, 0.7)",DEAD,still,none,none,none,dead,supine,
PATIENT_DEMOTED,309226,8/10/2023 10:39:35 AM,f5dafd5d-461d-4440-9e3b-1b1c899df9e4,100,Infinity,Gary_1 Root,"(1.7, 0.0, 7.4)","(0.0, 1.0, 0.0, 0.0)",EXPECTANT,still,faint,restricted,none,unresponsive,supine,
PATIENT_DEMOTED,309956,8/10/2023 10:39:35 AM,f5dafd5d-461d-4440-9e3b-1b1c899df9e4,100,Infinity,Lily_2 Root,"(2.8, 0.0, 4.3)","(0.0, 1.0, 0.0, 0.0)",IMMEDIATE,waver,fast,fast,normal,agony,fetal,
PATIENT_DEMOTED,310622,8/10/2023 10:39:36 AM,f5dafd5d-461d-4440-9e3b-1b1c899df9e4,100,0,Gary_3 Root,"(0.3, 0.0, 1.6)","(0.0, 0.0, 0.0, 1.0)",IMMEDIATE,still,faint,collapsedRight,normal,unresponsive,supine,
PATIENT_DEMOTED,311205,8/10/2023 10:39:37 AM,f5dafd5d-461d-4440-9e3b-1b1c899df9e4,100,Infinity,Lily_4 Root,"(1.2, 0.0, 6.3)","(0.0, 1.0, 0.0, 0.0)",IMMEDIATE,waver,fast,normal,normal,upset,fetal,
PATIENT_DEMOTED,312035,8/10/2023 10:39:38 AM,f5dafd5d-461d-4440-9e3b-1b1c899df9e4,100,Infinity,Mike_5 Root,"(2.4, 0.0, 2.3)","(0.0, 1.0, 0.0, 0.0)",IMMEDIATE,waver,fast,normal,normal,upset,fetal,
PATIENT_DEMOTED,312593,8/10/2023 10:39:38 AM,f5dafd5d-461d-4440-9e3b-1b1c899df9e4,100,Infinity,Gloria_6 Root,"(-1.0, 0.0, 2.9)","(0.0, 0.4, 0.0, 0.9)",DELAYED,waver,fast,normal,normal,upset,fetal,
PATIENT_DEMOTED,313285,8/10/2023 10:39:39 AM,f5dafd5d-461d-4440-9e3b-1b1c899df9e4,100,Infinity,Mike_7 Root,"(1.7, 0.0, 3.9)","(0.0, 0.1, 0.0, 1.0)",IMMEDIATE,waver,fast,normal,normal,upset,sittingGround,
PATIENT_DEMOTED,313669,8/10/2023 10:39:39 AM,f5dafd5d-461d-4440-9e3b-1b1c899df9e4,100,Infinity,Mike_7 Root,"(1.0, 0.0, 3.7)","(0.0, 0.1, 0.0, 1.0)",DELAYED,waver,fast,normal,normal,upset,sittingGround,
SESSION_START,324882,8/10/2023 10:39:50 AM,f5dafd5d-461d-4440-9e3b-1b1c899df9e4,
PATIENT_RECORD,324882,8/10/2023 10:39:50 AM,f5dafd5d-461d-4440-9e3b-1b1c899df9e4,100,Infinity,Bob_0 Root,"(-1.7, 0.0, 5.7)","(0.0, 0.7, 0.0, 0.7)",DEAD,still,none,none,none,dead,supine,
INJURY_RECORD,324882,8/10/2023 10:39:50 AM,f5dafd5d-461d-4440-9e3b-1b1c899df9e4,Face Shrapnel,Bob_0 Root,airway,high,head,False,False,"(-1.6, 1.7, 5.6)",
INJURY_RECORD,324882,8/10/2023 10:39:50 AM,f5dafd5d-461d-4440-9e3b-1b1c899df9e4,L Wrist Amputation,Bob_0 Root,tourniquet,high,leftArm,False,False,"(-1.8, 1.4, 6.3)",
INJURY_RECORD,324882,8/10/2023 10:39:50 AM,f5dafd5d-461d-4440-9e3b-1b1c899df9e4,L Chest Collapse,Bob_0 Root,decompress,high,chest,False,False,"(0.0, 0.0, 0.0)",
INJURY_RECORD,324882,8/10/2023 10:39:50 AM,f5dafd5d-461d-4440-9e3b-1b1c899df9e4,L Stomach Puncture,Bob_0 Root,woundpack,high,abdomen,False,False,"(-1.6, 1.1, 5.7)",
INJURY_RECORD,324882,8/10/2023 10:39:50 AM,f5dafd5d-461d-4440-9e3b-1b1c899df9e4,R Shin Amputation,Bob_0 Root,tourniquet,high,rightLeg,False,False,"(-1.7, 0.4, 5.6)",
INJURY_RECORD,324882,8/10/2023 10:39:50 AM,f5dafd5d-461d-4440-9e3b-1b1c899df9e4,L Thigh Laceration,Bob_0 Root,tourniquet,medium,leftLeg,False,False,"(-1.6, 0.7, 5.8)",
PATIENT_RECORD,324882,8/10/2023 10:39:50 AM,f5dafd5d-461d-4440-9e3b-1b1c899df9e4,100,Infinity,Gary_1 Root,"(1.6, 0.0, 7.6)","(0.0, 1.0, 0.0, 0.0)",EXPECTANT,still,none,restricted,none,unresponsive,supine,
INJURY_RECORD,324882,8/10/2023 10:39:50 AM,f5dafd5d-461d-4440-9e3b-1b1c899df9e4,Face Shrapnel,Gary_1 Root,airway,high,head,False,False,"(1.6, 1.7, 7.6)",
PATIENT_RECORD,324882,8/10/2023 10:39:50 AM,f5dafd5d-461d-4440-9e3b-1b1c899df9e4,100,Infinity,Lily_2 Root,"(3.0, 0.0, 4.5)","(0.0, 1.0, 0.0, 0.0)",IMMEDIATE,waver,fast,fast,normal,agony,fetal,
INJURY_RECORD,324882,8/10/2023 10:39:50 AM,f5dafd5d-461d-4440-9e3b-1b1c899df9e4,R Shin Amputation,Lily_2 Root,tourniquet,high,rightLeg,False,False,"(2.9, 0.4, 4.5)",
PATIENT_RECORD,324882,8/10/2023 10:39:50 AM,f5dafd5d-461d-4440-9e3b-1b1c899df9e4,100,0,Gary_3 Root,"(0.4, 0.0, 1.7)","(0.0, 0.0, 0.0, 1.0)",IMMEDIATE,still,faint,collapsedRight,normal,unresponsive,supine,
INJURY_RECORD,324882,8/10/2023 10:39:50 AM,f5dafd5d-461d-4440-9e3b-1b1c899df9e4,R Chest Collapse,Gary_3 Root,decompress,high,chest,False,False,"(0.0, 0.0, 0.0)",
PATIENT_RECORD,324882,8/10/2023 10:39:50 AM,f5dafd5d-461d-4440-9e3b-1b1c899df9e4,100,Infinity,Lily_4 Root,"(1.2, 0.0, 6.2)","(0.0, 1.0, 0.0, 0.0)",IMMEDIATE,waver,fast,normal,normal,upset,fetal,
INJURY_RECORD,324882,8/10/2023 10:39:50 AM,f5dafd5d-461d-4440-9e3b-1b1c899df9e4,L Side Puncture,Lily_4 Root,woundpack,medium,abdomen,False,False,"(1.3, 1.0, 6.2)",
PATIENT_RECORD,324882,8/10/2023 10:39:50 AM,f5dafd5d-461d-4440-9e3b-1b1c899df9e4,100,Infinity,Mike_5 Root,"(2.7, 0.0, 2.3)","(0.0, 1.0, 0.0, 0.0)",IMMEDIATE,waver,fast,normal,normal,upset,fetal,
INJURY_RECORD,324884,8/10/2023 10:39:50 AM,f5dafd5d-461d-4440-9e3b-1b1c899df9e4,R Side Puncture,Mike_5 Root,woundpack,medium,abdomen,False,False,"(2.6, 1.1, 2.2)",
INJURY_RECORD,324884,8/10/2023 10:39:50 AM,f5dafd5d-461d-4440-9e3b-1b1c899df9e4,R Thigh Laceration,Mike_5 Root,tourniquet,medium,rightLeg,False,False,"(2.5, 0.6, 2.2)",
PATIENT_RECORD,324884,8/10/2023 10:39:50 AM,f5dafd5d-461d-4440-9e3b-1b1c899df9e4,100,Infinity,Gloria_6 Root,"(-1.2, 0.0, 3.1)","(0.0, 0.4, 0.0, 0.9)",DELAYED,waver,fast,normal,normal,upset,fetal,
INJURY_RECORD,324884,8/10/2023 10:39:50 AM,f5dafd5d-461d-4440-9e3b-1b1c899df9e4,R Calf Shrapnel,Gloria_6 Root,gauzePressure,medium,rightLeg,False,False,"(-1.1, 0.3, 3.0)",
PATIENT_RECORD,324884,8/10/2023 10:39:50 AM,f5dafd5d-461d-4440-9e3b-1b1c899df9e4,100,Infinity,Mike_7 Root,"(1.3, 0.0, 3.4)","(0.0, 0.1, 0.0, 1.0)",DELAYED,waver,fast,normal,normal,upset,sittingGround,
INJURY_RECORD,324884,8/10/2023 10:39:50 AM,f5dafd5d-461d-4440-9e3b-1b1c899df9e4,L Thigh Puncture,Mike_7 Root,tourniquet,medium,leftLeg,False,False,"(1.3, 0.6, 3.5)",
INJURY_RECORD,324884,8/10/2023 10:39:50 AM,f5dafd5d-461d-4440-9e3b-1b1c899df9e4,R Calf Laceration,Mike_7 Root,gauzePressure,low,rightLeg,False,False,"(1.4, 0.3, 3.4)",
PATIENT_RECORD,324884,8/10/2023 10:39:50 AM,f5dafd5d-461d-4440-9e3b-1b1c899df9e4,100,Infinity,Gloria_8 Root,"(3.7, 0.0, 6.0)","(0.0, 1.0, 0.0, 0.0)",MINIMAL,walker,normal,normal,normal,upset,sittingGround,
INJURY_RECORD,324884,8/10/2023 10:39:50 AM,f5dafd5d-461d-4440-9e3b-1b1c899df9e4,L Forearm Laceration,Gloria_8 Root,gauzePressure,low,leftArm,False,False,"(4.2, 1.3, 6.0)",
PATIENT_RECORD,324884,8/10/2023 10:39:50 AM,f5dafd5d-461d-4440-9e3b-1b1c899df9e4,100,0,Gary_9 Root,"(2.9, 0.0, 9.0)","(0.0, 1.0, 0.0, 0.0)",MINIMAL,walker,normal,normal,limited,calm,standing,
INJURY_RECORD,324884,8/10/2023 10:39:50 AM,f5dafd5d-461d-4440-9e3b-1b1c899df9e4,Ear Bleed,Gary_9 Root,none,low,head,False,False,"(0.0, 0.0, 0.0)",
PATIENT_RECORD,324884,8/10/2023 10:39:50 AM,f5dafd5d-461d-4440-9e3b-1b1c899df9e4,100,Infinity,Helga_10 Root,"(3.9, 0.0, 8.0)","(0.0, 1.0, 0.0, 0.0)",MINIMAL,walker,normal,normal,normal,calm,sittingGround,
INJURY_RECORD,324884,8/10/2023 10:39:50 AM,f5dafd5d-461d-4440-9e3b-1b1c899df9e4,Forehead Scrape,Helga_10 Root,none,low,head,False,False,"(4.0, 1.5, 7.9)",
VOICE_CAPTURE,325531,8/10/2023 10:39:51 AM,f5dafd5d-461d-4440-9e3b-1b1c899df9e4,Russia cruise about 15 minutes out so it's all you do right now,NA,
VOICE_CAPTURE,327490,8/10/2023 10:39:53 AM,f5dafd5d-461d-4440-9e3b-1b1c899df9e4,alright,NA,
VOICE_CAPTURE,332697,8/10/2023 10:39:58 AM,f5dafd5d-461d-4440-9e3b-1b1c899df9e4,this is a bad day,NA,
VOICE_CAPTURE,337597,8/10/2023 10:40:03 AM,f5dafd5d-461d-4440-9e3b-1b1c899df9e4,just whenever,NA,
VOICE_CAPTURE,342769,8/10/2023 10:40:08 AM,f5dafd5d-461d-4440-9e3b-1b1c899df9e4,walk,NA,
VOICE_COMMAND,342769,8/10/2023 10:40:08 AM,f5dafd5d-461d-4440-9e3b-1b1c899df9e4,walk to the safe area,walk,
S_A_L_T_WALK_IF_CAN,342770,8/10/2023 10:40:08 AM,f5dafd5d-461d-4440-9e3b-1b1c899df9e4,"(3.0, 0.0, 4.5)",walkIfCan,Lily_2 Root,
S_A_L_T_WALK_IF_CAN,342770,8/10/2023 10:40:08 AM,f5dafd5d-461d-4440-9e3b-1b1c899df9e4,"(1.2, 0.0, 6.2)",walkIfCan,Lily_4 Root,
S_A_L_T_WALK_IF_CAN,342770,8/10/2023 10:40:08 AM,f5dafd5d-461d-4440-9e3b-1b1c899df9e4,"(2.7, 0.0, 2.3)",walkIfCan,Mike_5 Root,
S_A_L_T_WALK_IF_CAN,342770,8/10/2023 10:40:08 AM,f5dafd5d-461d-4440-9e3b-1b1c899df9e4,"(-1.2, 0.0, 3.1)",walkIfCan,Gloria_6 Root,
S_A_L_T_WALK_IF_CAN,342770,8/10/2023 10:40:08 AM,f5dafd5d-461d-4440-9e3b-1b1c899df9e4,"(1.3, 0.0, 3.4)",walkIfCan,Mike_7 Root,
S_A_L_T_WALK_IF_CAN,342770,8/10/2023 10:40:08 AM,f5dafd5d-461d-4440-9e3b-1b1c899df9e4,"(3.7, 0.0, 6.0)",walkIfCan,Gloria_8 Root,
S_A_L_T_WALKED,342770,8/10/2023 10:40:08 AM,f5dafd5d-461d-4440-9e3b-1b1c899df9e4,"(3.7, 0.0, 6.0)",walked,Gloria_8 Root,
S_A_L_T_WALK_IF_CAN,342770,8/10/2023 10:40:08 AM,f5dafd5d-461d-4440-9e3b-1b1c899df9e4,"(3.9, 0.0, 8.0)",walkIfCan,Helga_10 Root,
S_A_L_T_WALKED,342770,8/10/2023 10:40:08 AM,f5dafd5d-461d-4440-9e3b-1b1c899df9e4,"(3.9, 0.0, 8.0)",walked,Helga_10 Root,
VOICE_CAPTURE,346871,8/10/2023 10:40:12 AM,f5dafd5d-461d-4440-9e3b-1b1c899df9e4,OK if you can walk towards me I need you to do that right now walk towards me if you can hear me walk towards me,NA,
VOICE_COMMAND,346871,8/10/2023 10:40:12 AM,f5dafd5d-461d-4440-9e3b-1b1c899df9e4,walk to the safe area,OK if you can walk towards me I need you to do that right now walk towards me if you can hear me walk towards me,
VOICE_CAPTURE,355397,8/10/2023 10:40:21 AM,f5dafd5d-461d-4440-9e3b-1b1c899df9e4,wave,NA,
VOICE_COMMAND,355397,8/10/2023 10:40:21 AM,f5dafd5d-461d-4440-9e3b-1b1c899df9e4,wave if you can,wave,
S_A_L_T_WAVE_IF_CAN,355397,8/10/2023 10:40:21 AM,f5dafd5d-461d-4440-9e3b-1b1c899df9e4,"(3.0, 0.0, 4.5)",waveIfCan,Lily_2 Root,
S_A_L_T_WAVED,355397,8/10/2023 10:40:21 AM,f5dafd5d-461d-4440-9e3b-1b1c899df9e4,"(3.0, 0.0, 4.5)",waved,Lily_2 Root,
S_A_L_T_WAVE_IF_CAN,355398,8/10/2023 10:40:21 AM,f5dafd5d-461d-4440-9e3b-1b1c899df9e4,"(1.2, 0.0, 6.2)",waveIfCan,Lily_4 Root,
S_A_L_T_WAVED,355398,8/10/2023 10:40:21 AM,f5dafd5d-461d-4440-9e3b-1b1c899df9e4,"(1.2, 0.0, 6.2)",waved,Lily_4 Root,
S_A_L_T_WAVE_IF_CAN,355398,8/10/2023 10:40:21 AM,f5dafd5d-461d-4440-9e3b-1b1c899df9e4,"(2.7, 0.0, 2.3)",waveIfCan,Mike_5 Root,
S_A_L_T_WAVED,355398,8/10/2023 10:40:21 AM,f5dafd5d-461d-4440-9e3b-1b1c899df9e4,"(2.7, 0.0, 2.3)",waved,Mike_5 Root,
S_A_L_T_WAVE_IF_CAN,355398,8/10/2023 10:40:21 AM,f5dafd5d-461d-4440-9e3b-1b1c899df9e4,"(-1.2, 0.0, 3.1)",waveIfCan,Gloria_6 Root,
S_A_L_T_WAVED,355398,8/10/2023 10:40:21 AM,f5dafd5d-461d-4440-9e3b-1b1c899df9e4,"(-1.2, 0.0, 3.1)",waved,Gloria_6 Root,
S_A_L_T_WAVE_IF_CAN,355398,8/10/2023 10:40:21 AM,f5dafd5d-461d-4440-9e3b-1b1c899df9e4,"(1.3, 0.0, 3.4)",waveIfCan,Mike_7 Root,
S_A_L_T_WAVED,355398,8/10/2023 10:40:21 AM,f5dafd5d-461d-4440-9e3b-1b1c899df9e4,"(1.3, 0.0, 3.4)",waved,Mike_7 Root,
S_A_L_T_WAVE_IF_CAN,355398,8/10/2023 10:40:21 AM,f5dafd5d-461d-4440-9e3b-1b1c899df9e4,"(2.8, 0.0, -3.7)",waveIfCan,Gloria_8 Root,
S_A_L_T_WAVE_IF_CAN,355398,8/10/2023 10:40:21 AM,f5dafd5d-461d-4440-9e3b-1b1c899df9e4,"(2.8, 0.0, -2.9)",waveIfCan,Helga_10 Root,
S_A_L_T_WALK_IF_CAN,355414,8/10/2023 10:40:21 AM,f5dafd5d-461d-4440-9e3b-1b1c899df9e4,"(2.8, 0.0, -3.7)",walkIfCan,Gloria_8 Root,
S_A_L_T_WALKED,355414,8/10/2023 10:40:21 AM,f5dafd5d-461d-4440-9e3b-1b1c899df9e4,"(2.8, 0.0, -3.7)",walked,Gloria_8 Root,
S_A_L_T_WALK_IF_CAN,355414,8/10/2023 10:40:21 AM,f5dafd5d-461d-4440-9e3b-1b1c899df9e4,"(2.8, 0.0, -2.9)",walkIfCan,Helga_10 Root,
S_A_L_T_WALKED,355414,8/10/2023 10:40:21 AM,f5dafd5d-461d-4440-9e3b-1b1c899df9e4,"(2.8, 0.0, -2.9)",walked,Helga_10 Root,
VOICE_CAPTURE,357945,8/10/2023 10:40:23 AM,f5dafd5d-461d-4440-9e3b-1b1c899df9e4,alright go stand over by the exit if you can hear me wave your hand wave your hand,NA,
VOICE_COMMAND,357945,8/10/2023 10:40:23 AM,f5dafd5d-461d-4440-9e3b-1b1c899df9e4,wave if you can,alright go stand over by the exit if you can hear me wave your hand wave your hand,
VOICE_COMMAND,357945,8/10/2023 10:40:23 AM,f5dafd5d-461d-4440-9e3b-1b1c899df9e4,stand up,alright go stand over by the exit if you can hear me wave your hand wave your hand,
TELEPORT,360379,8/10/2023 10:40:26 AM,f5dafd5d-461d-4440-9e3b-1b1c899df9e4,"(0.8, 0.0, -2.3)",
VOICE_CAPTURE,362575,8/10/2023 10:40:28 AM,f5dafd5d-461d-4440-9e3b-1b1c899df9e4,OK alright,NA,
TELEPORT,362776,8/10/2023 10:40:28 AM,f5dafd5d-461d-4440-9e3b-1b1c899df9e4,"(0.8, 0.0, -2.3)",
TELEPORT,365826,8/10/2023 10:40:31 AM,f5dafd5d-461d-4440-9e3b-1b1c899df9e4,"(0.2, 0.0, 0.0)",
PATIENT_ENGAGED,367959,8/10/2023 10:40:33 AM,f5dafd5d-461d-4440-9e3b-1b1c899df9e4,100,0,Gary_3 Root,"(0.4, 0.0, 1.7)","(0.0, 0.0, 0.0, 1.0)",IMMEDIATE,still,faint,collapsedRight,normal,unresponsive,supine,
PULSE_TAKEN,370556,8/10/2023 10:40:36 AM,f5dafd5d-461d-4440-9e3b-1b1c899df9e4,pulse_faint,Gary_3 Root,
VOICE_CAPTURE,378132,8/10/2023 10:40:44 AM,f5dafd5d-461d-4440-9e3b-1b1c899df9e4,OK there it is,NA,
BAG_ACCESS,378866,8/10/2023 10:40:44 AM,f5dafd5d-461d-4440-9e3b-1b1c899df9e4,"(1.0, 0.4, 1.0)",
TOOL_HOVER,380331,8/10/2023 10:40:46 AM,f5dafd5d-461d-4440-9e3b-1b1c899df9e4,Needle,998,
TOOL_HOVER,380346,8/10/2023 10:40:46 AM,f5dafd5d-461d-4440-9e3b-1b1c899df9e4,Needle,998,
TOOL_HOVER,380361,8/10/2023 10:40:46 AM,f5dafd5d-461d-4440-9e3b-1b1c899df9e4,Needle,998,
TOOL_HOVER,380379,8/10/2023 10:40:46 AM,f5dafd5d-461d-4440-9e3b-1b1c899df9e4,Needle,998,
TOOL_HOVER,380408,8/10/2023 10:40:46 AM,f5dafd5d-461d-4440-9e3b-1b1c899df9e4,Needle,998,
TOOL_SELECTED,380410,8/10/2023 10:40:46 AM,f5dafd5d-461d-4440-9e3b-1b1c899df9e4,Needle,997,
VOICE_CAPTURE,384882,8/10/2023 10:40:50 AM,f5dafd5d-461d-4440-9e3b-1b1c899df9e4,oh boy,NA,
INJURY_TREATED,386368,8/10/2023 10:40:52 AM,f5dafd5d-461d-4440-9e3b-1b1c899df9e4,R Chest Collapse,Gary_3 Root,decompress,high,chest,True,False,"(0.0, 0.0, 0.0)",
TOOL_APPLIED,386368,8/10/2023 10:40:52 AM,f5dafd5d-461d-4440-9e3b-1b1c899df9e4,Needle_Decomp(Clone),Needle,RChest_Breathe1 (UnityEngine.GameObject),cath_needle (UnityEngine.GameObject),right_chest,Needle_Decomp(Clone) (UnityEngine.GameObject),AppliedDecompNeedle,
PULSE_TAKEN,386688,8/10/2023 10:40:52 AM,f5dafd5d-461d-4440-9e3b-1b1c899df9e4,pulse_faint,Gary_3 Root,
VOICE_CAPTURE,386716,8/10/2023 10:40:52 AM,f5dafd5d-461d-4440-9e3b-1b1c899df9e4,we'll see,NA,
PULSE_TAKEN,387115,8/10/2023 10:40:53 AM,f5dafd5d-461d-4440-9e3b-1b1c899df9e4,pulse_faint,Gary_3 Root,
VOICE_CAPTURE,391913,8/10/2023 10:40:57 AM,f5dafd5d-461d-4440-9e3b-1b1c899df9e4,does that work,NA,
TAG_SELECTED,399706,8/10/2023 10:41:05 AM,f5dafd5d-461d-4440-9e3b-1b1c899df9e4,red,
TAG_APPLIED,401343,8/10/2023 10:41:07 AM,f5dafd5d-461d-4440-9e3b-1b1c899df9e4,Gary_3 Root,red,
VOICE_CAPTURE,402046,8/10/2023 10:41:08 AM,f5dafd5d-461d-4440-9e3b-1b1c899df9e4,OK yeah I couldn't tell if the test was expanding it's it's working now so we're good alright,NA,
BAG_CLOSED,402446,8/10/2023 10:41:08 AM,f5dafd5d-461d-4440-9e3b-1b1c899df9e4,"(1.0, 0.4, 1.0)",
TELEPORT,406443,8/10/2023 10:41:12 AM,f5dafd5d-461d-4440-9e3b-1b1c899df9e4,"(-0.1, 0.0, 0.9)",
VOICE_CAPTURE,408196,8/10/2023 10:41:14 AM,f5dafd5d-461d-4440-9e3b-1b1c899df9e4,alright hands up people if you can hear me,NA,
VOICE_CAPTURE,410096,8/10/2023 10:41:16 AM,f5dafd5d-461d-4440-9e3b-1b1c899df9e4,wave at me,NA,
VOICE_COMMAND,410097,8/10/2023 10:41:16 AM,f5dafd5d-461d-4440-9e3b-1b1c899df9e4,wave if you can,wave at me,
S_A_L_T_WAVE_IF_CAN,410098,8/10/2023 10:41:16 AM,f5dafd5d-461d-4440-9e3b-1b1c899df9e4,"(3.0, 0.0, 4.5)",waveIfCan,Lily_2 Root,
S_A_L_T_WAVED,410098,8/10/2023 10:41:16 AM,f5dafd5d-461d-4440-9e3b-1b1c899df9e4,"(3.0, 0.0, 4.5)",waved,Lily_2 Root,
S_A_L_T_WAVE_IF_CAN,410098,8/10/2023 10:41:16 AM,f5dafd5d-461d-4440-9e3b-1b1c899df9e4,"(1.2, 0.0, 6.2)",waveIfCan,Lily_4 Root,
S_A_L_T_WAVED,410098,8/10/2023 10:41:16 AM,f5dafd5d-461d-4440-9e3b-1b1c899df9e4,"(1.2, 0.0, 6.2)",waved,Lily_4 Root,
S_A_L_T_WAVE_IF_CAN,410098,8/10/2023 10:41:16 AM,f5dafd5d-461d-4440-9e3b-1b1c899df9e4,"(2.7, 0.0, 2.3)",waveIfCan,Mike_5 Root,
S_A_L_T_WAVED,410098,8/10/2023 10:41:16 AM,f5dafd5d-461d-4440-9e3b-1b1c899df9e4,"(2.7, 0.0, 2.3)",waved,Mike_5 Root,
S_A_L_T_WAVE_IF_CAN,410098,8/10/2023 10:41:16 AM,f5dafd5d-461d-4440-9e3b-1b1c899df9e4,"(-1.2, 0.0, 3.1)",waveIfCan,Gloria_6 Root,
S_A_L_T_WAVED,410098,8/10/2023 10:41:16 AM,f5dafd5d-461d-4440-9e3b-1b1c899df9e4,"(-1.2, 0.0, 3.1)",waved,Gloria_6 Root,
S_A_L_T_WAVE_IF_CAN,410098,8/10/2023 10:41:16 AM,f5dafd5d-461d-4440-9e3b-1b1c899df9e4,"(1.3, 0.0, 3.4)",waveIfCan,Mike_7 Root,
S_A_L_T_WAVED,410098,8/10/2023 10:41:16 AM,f5dafd5d-461d-4440-9e3b-1b1c899df9e4,"(1.3, 0.0, 3.4)",waved,Mike_7 Root,
S_A_L_T_WAVE_IF_CAN,410098,8/10/2023 10:41:16 AM,f5dafd5d-461d-4440-9e3b-1b1c899df9e4,"(2.8, 0.0, -3.7)",waveIfCan,Gloria_8 Root,
S_A_L_T_WAVED,410098,8/10/2023 10:41:16 AM,f5dafd5d-461d-4440-9e3b-1b1c899df9e4,"(2.8, 0.0, -3.7)",waved,Gloria_8 Root,
S_A_L_T_WAVE_IF_CAN,410098,8/10/2023 10:41:16 AM,f5dafd5d-461d-4440-9e3b-1b1c899df9e4,"(3.1, 0.0, -4.8)",waveIfCan,Helga_10 Root,
S_A_L_T_WAVED,410098,8/10/2023 10:41:16 AM,f5dafd5d-461d-4440-9e3b-1b1c899df9e4,"(3.1, 0.0, -4.8)",waved,Helga_10 Root,
VOICE_CAPTURE,410797,8/10/2023 10:41:16 AM,f5dafd5d-461d-4440-9e3b-1b1c899df9e4,wave,NA,
VOICE_COMMAND,410797,8/10/2023 10:41:16 AM,f5dafd5d-461d-4440-9e3b-1b1c899df9e4,wave if you can,wave,
VOICE_CAPTURE,412830,8/10/2023 10:41:18 AM,f5dafd5d-461d-4440-9e3b-1b1c899df9e4,she could hear me waving at me,NA,
TELEPORT,413346,8/10/2023 10:41:19 AM,f5dafd5d-461d-4440-9e3b-1b1c899df9e4,"(-0.1, 0.0, 0.9)",
VOICE_CAPTURE,415696,8/10/2023 10:41:21 AM,f5dafd5d-461d-4440-9e3b-1b1c899df9e4,OK,NA,
TELEPORT,418429,8/10/2023 10:41:24 AM,f5dafd5d-461d-4440-9e3b-1b1c899df9e4,"(-2.0, 0.0, 3.6)",
TELEPORT,421602,8/10/2023 10:41:27 AM,f5dafd5d-461d-4440-9e3b-1b1c899df9e4,"(-2.0, 0.0, 3.6)",
VOICE_CAPTURE,424024,8/10/2023 10:41:29 AM,f5dafd5d-461d-4440-9e3b-1b1c899df9e4,I guess I can't I can't get any closer,NA,
PATIENT_ENGAGED,428536,8/10/2023 10:41:34 AM,f5dafd5d-461d-4440-9e3b-1b1c899df9e4,100,Infinity,Bob_0 Root,"(-1.7, 0.0, 5.7)","(0.0, 0.7, 0.0, 0.7)",DEAD,still,none,none,none,dead,supine,
BAG_ACCESS,429836,8/10/2023 10:41:35 AM,f5dafd5d-461d-4440-9e3b-1b1c899df9e4,"(-1.9, 0.5, 4.9)",
VOICE_CAPTURE,430352,8/10/2023 10:41:36 AM,f5dafd5d-461d-4440-9e3b-1b1c899df9e4,Oh yeah,NA,
TAG_SELECTED,430404,8/10/2023 10:41:36 AM,f5dafd5d-461d-4440-9e3b-1b1c899df9e4,black,
TAG_APPLIED,431239,8/10/2023 10:41:37 AM,f5dafd5d-461d-4440-9e3b-1b1c899df9e4,Bob_0 Root,black,
PULSE_TAKEN,433164,8/10/2023 10:41:39 AM,f5dafd5d-461d-4440-9e3b-1b1c899df9e4,pulse_none,Bob_0 Root,
PULSE_TAKEN,433417,8/10/2023 10:41:39 AM,f5dafd5d-461d-4440-9e3b-1b1c899df9e4,pulse_none,Bob_0 Root,
PULSE_TAKEN,433572,8/10/2023 10:41:39 AM,f5dafd5d-461d-4440-9e3b-1b1c899df9e4,pulse_none,Bob_0 Root,
BAG_CLOSED,437039,8/10/2023 10:41:43 AM,f5dafd5d-461d-4440-9e3b-1b1c899df9e4,"(-1.9, 0.5, 4.9)",
VOICE_CAPTURE,437765,8/10/2023 10:41:43 AM,f5dafd5d-461d-4440-9e3b-1b1c899df9e4,That's what I figured,NA,
VOICE_CAPTURE,440149,8/10/2023 10:41:46 AM,f5dafd5d-461d-4440-9e3b-1b1c899df9e4,wave,NA,
VOICE_COMMAND,440149,8/10/2023 10:41:46 AM,f5dafd5d-461d-4440-9e3b-1b1c899df9e4,wave if you can,wave,
S_A_L_T_WAVE_IF_CAN,440151,8/10/2023 10:41:46 AM,f5dafd5d-461d-4440-9e3b-1b1c899df9e4,"(3.0, 0.0, 4.5)",waveIfCan,Lily_2 Root,
S_A_L_T_WAVED,440151,8/10/2023 10:41:46 AM,f5dafd5d-461d-4440-9e3b-1b1c899df9e4,"(3.0, 0.0, 4.5)",waved,Lily_2 Root,
S_A_L_T_WAVE_IF_CAN,440151,8/10/2023 10:41:46 AM,f5dafd5d-461d-4440-9e3b-1b1c899df9e4,"(1.2, 0.0, 6.2)",waveIfCan,Lily_4 Root,
S_A_L_T_WAVED,440151,8/10/2023 10:41:46 AM,f5dafd5d-461d-4440-9e3b-1b1c899df9e4,"(1.2, 0.0, 6.2)",waved,Lily_4 Root,
S_A_L_T_WAVE_IF_CAN,440151,8/10/2023 10:41:46 AM,f5dafd5d-461d-4440-9e3b-1b1c899df9e4,"(2.7, 0.0, 2.3)",waveIfCan,Mike_5 Root,
S_A_L_T_WAVED,440151,8/10/2023 10:41:46 AM,f5dafd5d-461d-4440-9e3b-1b1c899df9e4,"(2.7, 0.0, 2.3)",waved,Mike_5 Root,
S_A_L_T_WAVE_IF_CAN,440151,8/10/2023 10:41:46 AM,f5dafd5d-461d-4440-9e3b-1b1c899df9e4,"(-1.2, 0.0, 3.1)",waveIfCan,Gloria_6 Root,
S_A_L_T_WAVED,440151,8/10/2023 10:41:46 AM,f5dafd5d-461d-4440-9e3b-1b1c899df9e4,"(-1.2, 0.0, 3.1)",waved,Gloria_6 Root,
S_A_L_T_WAVE_IF_CAN,440151,8/10/2023 10:41:46 AM,f5dafd5d-461d-4440-9e3b-1b1c899df9e4,"(1.3, 0.0, 3.4)",waveIfCan,Mike_7 Root,
S_A_L_T_WAVED,440151,8/10/2023 10:41:46 AM,f5dafd5d-461d-4440-9e3b-1b1c899df9e4,"(1.3, 0.0, 3.4)",waved,Mike_7 Root,
S_A_L_T_WAVE_IF_CAN,440151,8/10/2023 10:41:46 AM,f5dafd5d-461d-4440-9e3b-1b1c899df9e4,"(2.8, 0.0, -3.7)",waveIfCan,Gloria_8 Root,
S_A_L_T_WAVED,440151,8/10/2023 10:41:46 AM,f5dafd5d-461d-4440-9e3b-1b1c899df9e4,"(2.8, 0.0, -3.7)",waved,Gloria_8 Root,
S_A_L_T_WAVE_IF_CAN,440151,8/10/2023 10:41:46 AM,f5dafd5d-461d-4440-9e3b-1b1c899df9e4,"(3.1, 0.0, -4.8)",waveIfCan,Helga_10 Root,
S_A_L_T_WAVED,440151,8/10/2023 10:41:46 AM,f5dafd5d-461d-4440-9e3b-1b1c899df9e4,"(3.1, 0.0, -4.8)",waved,Helga_10 Root,
VOICE_CAPTURE,442381,8/10/2023 10:41:48 AM,f5dafd5d-461d-4440-9e3b-1b1c899df9e4,alright keep waving wave at me,NA,
VOICE_COMMAND,442381,8/10/2023 10:41:48 AM,f5dafd5d-461d-4440-9e3b-1b1c899df9e4,wave if you can,alright keep waving wave at me,
TELEPORT,444689,8/10/2023 10:41:50 AM,f5dafd5d-461d-4440-9e3b-1b1c899df9e4,"(-2.0, 0.0, 3.6)",
PULSE_TAKEN,449147,8/10/2023 10:41:55 AM,f5dafd5d-461d-4440-9e3b-1b1c899df9e4,pulse_none,Gary_1 Root,
VOICE_CAPTURE,450348,8/10/2023 10:41:56 AM,f5dafd5d-461d-4440-9e3b-1b1c899df9e4,oh you can't hear anything I know my,NA,
PULSE_TAKEN,450932,8/10/2023 10:41:56 AM,f5dafd5d-461d-4440-9e3b-1b1c899df9e4,pulse_none,Gary_1 Root,
PULSE_TAKEN,452195,8/10/2023 10:41:58 AM,f5dafd5d-461d-4440-9e3b-1b1c899df9e4,pulse_none,Gary_1 Root,
PATIENT_ENGAGED,453474,8/10/2023 10:41:59 AM,f5dafd5d-461d-4440-9e3b-1b1c899df9e4,100,Infinity,Gary_1 Root,"(1.6, 0.0, 7.6)","(0.0, 1.0, 0.0, 0.0)",EXPECTANT,still,none,restricted,none,unresponsive,supine,
BAG_ACCESS,454695,8/10/2023 10:42:00 AM,f5dafd5d-461d-4440-9e3b-1b1c899df9e4,"(0.8, 0.4, 8.2)",
TAG_SELECTED,455795,8/10/2023 10:42:01 AM,f5dafd5d-461d-4440-9e3b-1b1c899df9e4,black,
TAG_APPLIED,459577,8/10/2023 10:42:05 AM,f5dafd5d-461d-4440-9e3b-1b1c899df9e4,Gary_1 Root,black,
PULSE_TAKEN,460561,8/10/2023 10:42:06 AM,f5dafd5d-461d-4440-9e3b-1b1c899df9e4,pulse_none,Gary_1 Root,
VOICE_CAPTURE,462327,8/10/2023 10:42:08 AM,f5dafd5d-461d-4440-9e3b-1b1c899df9e4,guys kind of moving but,NA,
TAG_SELECTED,467327,8/10/2023 10:42:13 AM,f5dafd5d-461d-4440-9e3b-1b1c899df9e4,gray,
TAG_APPLIED,468489,8/10/2023 10:42:14 AM,f5dafd5d-461d-4440-9e3b-1b1c899df9e4,Gary_1 Root,gray,
BAG_CLOSED,469526,8/10/2023 10:42:15 AM,f5dafd5d-461d-4440-9e3b-1b1c899df9e4,"(0.8, 0.4, 8.2)",
VOICE_CAPTURE,472708,8/10/2023 10:42:18 AM,f5dafd5d-461d-4440-9e3b-1b1c899df9e4,wave,NA,
VOICE_COMMAND,472708,8/10/2023 10:42:18 AM,f5dafd5d-461d-4440-9e3b-1b1c899df9e4,wave if you can,wave,
S_A_L_T_WAVE_IF_CAN,472709,8/10/2023 10:42:18 AM,f5dafd5d-461d-4440-9e3b-1b1c899df9e4,"(3.0, 0.0, 4.5)",waveIfCan,Lily_2 Root,
S_A_L_T_WAVED,472709,8/10/2023 10:42:18 AM,f5dafd5d-461d-4440-9e3b-1b1c899df9e4,"(3.0, 0.0, 4.5)",waved,Lily_2 Root,
S_A_L_T_WAVE_IF_CAN,472709,8/10/2023 10:42:18 AM,f5dafd5d-461d-4440-9e3b-1b1c899df9e4,"(1.2, 0.0, 6.2)",waveIfCan,Lily_4 Root,
S_A_L_T_WAVED,472709,8/10/2023 10:42:18 AM,f5dafd5d-461d-4440-9e3b-1b1c899df9e4,"(1.2, 0.0, 6.2)",waved,Lily_4 Root,
S_A_L_T_WAVE_IF_CAN,472709,8/10/2023 10:42:18 AM,f5dafd5d-461d-4440-9e3b-1b1c899df9e4,"(2.7, 0.0, 2.3)",waveIfCan,Mike_5 Root,
S_A_L_T_WAVED,472709,8/10/2023 10:42:18 AM,f5dafd5d-461d-4440-9e3b-1b1c899df9e4,"(2.7, 0.0, 2.3)",waved,Mike_5 Root,
S_A_L_T_WAVE_IF_CAN,472709,8/10/2023 10:42:18 AM,f5dafd5d-461d-4440-9e3b-1b1c899df9e4,"(-1.2, 0.0, 3.1)",waveIfCan,Gloria_6 Root,
S_A_L_T_WAVED,472709,8/10/2023 10:42:18 AM,f5dafd5d-461d-4440-9e3b-1b1c899df9e4,"(-1.2, 0.0, 3.1)",waved,Gloria_6 Root,
S_A_L_T_WAVE_IF_CAN,472709,8/10/2023 10:42:18 AM,f5dafd5d-461d-4440-9e3b-1b1c899df9e4,"(1.3, 0.0, 3.4)",waveIfCan,Mike_7 Root,
S_A_L_T_WAVED,472709,8/10/2023 10:42:18 AM,f5dafd5d-461d-4440-9e3b-1b1c899df9e4,"(1.3, 0.0, 3.4)",waved,Mike_7 Root,
S_A_L_T_WAVE_IF_CAN,472709,8/10/2023 10:42:18 AM,f5dafd5d-461d-4440-9e3b-1b1c899df9e4,"(2.8, 0.0, -3.7)",waveIfCan,Gloria_8 Root,
S_A_L_T_WAVED,472709,8/10/2023 10:42:18 AM,f5dafd5d-461d-4440-9e3b-1b1c899df9e4,"(2.8, 0.0, -3.7)",waved,Gloria_8 Root,
S_A_L_T_WAVE_IF_CAN,472709,8/10/2023 10:42:18 AM,f5dafd5d-461d-4440-9e3b-1b1c899df9e4,"(3.1, 0.0, -4.8)",waveIfCan,Helga_10 Root,
S_A_L_T_WAVED,472709,8/10/2023 10:42:18 AM,f5dafd5d-461d-4440-9e3b-1b1c899df9e4,"(3.1, 0.0, -4.8)",waved,Helga_10 Root,
VOICE_CAPTURE,473706,8/10/2023 10:42:19 AM,f5dafd5d-461d-4440-9e3b-1b1c899df9e4,alright keep waving,NA,
VOICE_CAPTURE,476954,8/10/2023 10:42:22 AM,f5dafd5d-461d-4440-9e3b-1b1c899df9e4,OK,NA,
VOICE_CAPTURE,483541,8/10/2023 10:42:29 AM,f5dafd5d-461d-4440-9e3b-1b1c899df9e4,turn off,NA,
TELEPORT,484513,8/10/2023 10:42:30 AM,f5dafd5d-461d-4440-9e3b-1b1c899df9e4,"(0.8, 0.0, 6.6)",
PATIENT_ENGAGED,486881,8/10/2023 10:42:32 AM,f5dafd5d-461d-4440-9e3b-1b1c899df9e4,100,Infinity,Lily_4 Root,"(1.2, 0.0, 6.2)","(0.0, 1.0, 0.0, 0.0)",IMMEDIATE,waver,fast,normal,normal,upset,fetal,
PULSE_TAKEN,488250,8/10/2023 10:42:34 AM,f5dafd5d-461d-4440-9e3b-1b1c899df9e4,pulse_fast,Lily_4 Root,
VOICE_CAPTURE,488298,8/10/2023 10:42:34 AM,f5dafd5d-461d-4440-9e3b-1b1c899df9e4,are you hurt,NA,
VOICE_COMMAND,488298,8/10/2023 10:42:34 AM,f5dafd5d-461d-4440-9e3b-1b1c899df9e4,are you hurt,are you hurt,
PULSE_TAKEN,489088,8/10/2023 10:42:35 AM,f5dafd5d-461d-4440-9e3b-1b1c899df9e4,pulse_fast,Lily_4 Root,
VOICE_CAPTURE,492171,8/10/2023 10:42:38 AM,f5dafd5d-461d-4440-9e3b-1b1c899df9e4,alright what's wrong what do I see if I move her this way,NA,
PULSE_TAKEN,492689,8/10/2023 10:42:38 AM,f5dafd5d-461d-4440-9e3b-1b1c899df9e4,pulse_fast,Lily_4 Root,
VOICE_CAPTURE,493306,8/10/2023 10:42:39 AM,f5dafd5d-461d-4440-9e3b-1b1c899df9e4,modbutton groan,NA,
VOICE_COMMAND,493306,8/10/2023 10:42:39 AM,f5dafd5d-461d-4440-9e3b-1b1c899df9e4,modbutton groan,modbutton groan,
BAG_ACCESS,494373,8/10/2023 10:42:40 AM,f5dafd5d-461d-4440-9e3b-1b1c899df9e4,"(0.6, 0.4, 6.5)",
VOICE_CAPTURE,495222,8/10/2023 10:42:41 AM,f5dafd5d-461d-4440-9e3b-1b1c899df9e4,your stomach OK,NA,
TOOL_HOVER,495440,8/10/2023 10:42:41 AM,f5dafd5d-461d-4440-9e3b-1b1c899df9e4,Hemostatic Gauze,999,
TOOL_HOVER,495456,8/10/2023 10:42:41 AM,f5dafd5d-461d-4440-9e3b-1b1c899df9e4,Hemostatic Gauze,999,
TOOL_HOVER,495473,8/10/2023 10:42:41 AM,f5dafd5d-461d-4440-9e3b-1b1c899df9e4,Hemostatic Gauze,999,
TOOL_HOVER,495490,8/10/2023 10:42:41 AM,f5dafd5d-461d-4440-9e3b-1b1c899df9e4,Hemostatic Gauze,999,
TOOL_HOVER,495507,8/10/2023 10:42:41 AM,f5dafd5d-461d-4440-9e3b-1b1c899df9e4,Hemostatic Gauze,999,
TOOL_HOVER,495531,8/10/2023 10:42:41 AM,f5dafd5d-461d-4440-9e3b-1b1c899df9e4,Hemostatic Gauze,999,
TOOL_HOVER,495543,8/10/2023 10:42:41 AM,f5dafd5d-461d-4440-9e3b-1b1c899df9e4,Hemostatic Gauze,999,
TOOL_HOVER,495557,8/10/2023 10:42:41 AM,f5dafd5d-461d-4440-9e3b-1b1c899df9e4,Hemostatic Gauze,999,
TOOL_HOVER,495573,8/10/2023 10:42:41 AM,f5dafd5d-461d-4440-9e3b-1b1c899df9e4,Hemostatic Gauze,999,
TOOL_HOVER,495589,8/10/2023 10:42:41 AM,f5dafd5d-461d-4440-9e3b-1b1c899df9e4,Hemostatic Gauze,999,
TOOL_HOVER,495607,8/10/2023 10:42:41 AM,f5dafd5d-461d-4440-9e3b-1b1c899df9e4,Hemostatic Gauze,999,
TOOL_HOVER,495623,8/10/2023 10:42:41 AM,f5dafd5d-461d-4440-9e3b-1b1c899df9e4,Hemostatic Gauze,999,
PULSE_TAKEN,496356,8/10/2023 10:42:42 AM,f5dafd5d-461d-4440-9e3b-1b1c899df9e4,pulse_fast,Lily_4 Root,
TOOL_HOVER,499140,8/10/2023 10:42:45 AM,f5dafd5d-461d-4440-9e3b-1b1c899df9e4,Hemostatic Gauze,999,
TOOL_HOVER,499156,8/10/2023 10:42:45 AM,f5dafd5d-461d-4440-9e3b-1b1c899df9e4,Hemostatic Gauze,999,
TOOL_HOVER,499172,8/10/2023 10:42:45 AM,f5dafd5d-461d-4440-9e3b-1b1c899df9e4,Hemostatic Gauze,999,
TOOL_HOVER,499189,8/10/2023 10:42:45 AM,f5dafd5d-461d-4440-9e3b-1b1c899df9e4,Hemostatic Gauze,999,
TOOL_HOVER,499206,8/10/2023 10:42:45 AM,f5dafd5d-461d-4440-9e3b-1b1c899df9e4,Hemostatic Gauze,999,
TOOL_HOVER,499222,8/10/2023 10:42:45 AM,f5dafd5d-461d-4440-9e3b-1b1c899df9e4,Hemostatic Gauze,999,
TOOL_SELECTED,499223,8/10/2023 10:42:45 AM,f5dafd5d-461d-4440-9e3b-1b1c899df9e4,Hemostatic Gauze,998,
VOICE_CAPTURE,500122,8/10/2023 10:42:46 AM,f5dafd5d-461d-4440-9e3b-1b1c899df9e4,alright we're gonna get that,NA,
TOOL_DISCARDED,502439,8/10/2023 10:42:48 AM,f5dafd5d-461d-4440-9e3b-1b1c899df9e4,Hemostatic Gauze,998,"(0.9, 0.2, 6.5)",
INJURY_TREATED,502439,8/10/2023 10:42:48 AM,f5dafd5d-461d-4440-9e3b-1b1c899df9e4,L Side Puncture,Lily_4 Root,woundpack,medium,abdomen,True,False,"(0.9, 0.2, 6.5)",
TOOL_APPLIED,502439,8/10/2023 10:42:48 AM,f5dafd5d-461d-4440-9e3b-1b1c899df9e4,Lily_4 Root,Gauze_Pack,skinCollider_BodyLOD (UnityEngine.GameObject),null,null,AppliedPackingGauze,
PULSE_TAKEN,506723,8/10/2023 10:42:52 AM,f5dafd5d-461d-4440-9e3b-1b1c899df9e4,pulse_fast,Lily_4 Root,
TAG_SELECTED,508907,8/10/2023 10:42:54 AM,f5dafd5d-461d-4440-9e3b-1b1c899df9e4,red,
VOICE_CAPTURE,509107,8/10/2023 10:42:55 AM,f5dafd5d-461d-4440-9e3b-1b1c899df9e4,modbutton yes,NA,
VOICE_COMMAND,509107,8/10/2023 10:42:55 AM,f5dafd5d-461d-4440-9e3b-1b1c899df9e4,modbutton yes,modbutton yes,
VOICE_CAPTURE,509222,8/10/2023 10:42:55 AM,f5dafd5d-461d-4440-9e3b-1b1c899df9e4,alright how's that better,NA,
TAG_APPLIED,510406,8/10/2023 10:42:56 AM,f5dafd5d-461d-4440-9e3b-1b1c899df9e4,Lily_4 Root,red,
VOICE_CAPTURE,513550,8/10/2023 10:42:59 AM,f5dafd5d-461d-4440-9e3b-1b1c899df9e4,OK,NA,
BAG_CLOSED,513722,8/10/2023 10:42:59 AM,f5dafd5d-461d-4440-9e3b-1b1c899df9e4,"(0.6, 0.4, 6.5)",
TELEPORT,514567,8/10/2023 10:43:00 AM,f5dafd5d-461d-4440-9e3b-1b1c899df9e4,"(0.8, 0.0, 5.8)",
VOICE_CAPTURE,516317,8/10/2023 10:43:02 AM,f5dafd5d-461d-4440-9e3b-1b1c899df9e4,nothing else,NA,
TELEPORT,517167,8/10/2023 10:43:03 AM,f5dafd5d-461d-4440-9e3b-1b1c899df9e4,"(-0.7, 0.0, 3.8)",
VOICE_CAPTURE,519201,8/10/2023 10:43:05 AM,f5dafd5d-461d-4440-9e3b-1b1c899df9e4,are you hurt,NA,
VOICE_COMMAND,519201,8/10/2023 10:43:05 AM,f5dafd5d-461d-4440-9e3b-1b1c899df9e4,are you hurt,are you hurt,
PATIENT_ENGAGED,521202,8/10/2023 10:43:07 AM,f5dafd5d-461d-4440-9e3b-1b1c899df9e4,100,Infinity,Gloria_6 Root,"(-1.2, 0.0, 3.1)","(0.0, 0.4, 0.0, 0.9)",DELAYED,waver,fast,normal,normal,upset,fetal,
VOICE_CAPTURE,522176,8/10/2023 10:43:08 AM,f5dafd5d-461d-4440-9e3b-1b1c899df9e4,are you hurt,NA,
VOICE_COMMAND,522176,8/10/2023 10:43:08 AM,f5dafd5d-461d-4440-9e3b-1b1c899df9e4,are you hurt,are you hurt,
VOICE_CAPTURE,522529,8/10/2023 10:43:08 AM,f5dafd5d-461d-4440-9e3b-1b1c899df9e4,alright,NA,
TOOL_HOVER,523696,8/10/2023 10:43:09 AM,f5dafd5d-461d-4440-9e3b-1b1c899df9e4,Hemostatic Gauze,999,
BAG_ACCESS,523696,8/10/2023 10:43:09 AM,f5dafd5d-461d-4440-9e3b-1b1c899df9e4,"(-1.4, 0.4, 3.8)",
TOOL_HOVER,523713,8/10/2023 10:43:09 AM,f5dafd5d-461d-4440-9e3b-1b1c899df9e4,Hemostatic Gauze,999,
TOOL_HOVER,523730,8/10/2023 10:43:09 AM,f5dafd5d-461d-4440-9e3b-1b1c899df9e4,Hemostatic Gauze,999,
TOOL_HOVER,523746,8/10/2023 10:43:09 AM,f5dafd5d-461d-4440-9e3b-1b1c899df9e4,Hemostatic Gauze,999,
TOOL_HOVER,523764,8/10/2023 10:43:09 AM,f5dafd5d-461d-4440-9e3b-1b1c899df9e4,Hemostatic Gauze,999,
TOOL_HOVER,523780,8/10/2023 10:43:09 AM,f5dafd5d-461d-4440-9e3b-1b1c899df9e4,Hemostatic Gauze,999,
TOOL_HOVER,523797,8/10/2023 10:43:09 AM,f5dafd5d-461d-4440-9e3b-1b1c899df9e4,Hemostatic Gauze,999,
TOOL_HOVER,523814,8/10/2023 10:43:09 AM,f5dafd5d-461d-4440-9e3b-1b1c899df9e4,Hemostatic Gauze,999,
TOOL_HOVER,523830,8/10/2023 10:43:09 AM,f5dafd5d-461d-4440-9e3b-1b1c899df9e4,Hemostatic Gauze,999,
TOOL_HOVER,523846,8/10/2023 10:43:09 AM,f5dafd5d-461d-4440-9e3b-1b1c899df9e4,Hemostatic Gauze,999,
TOOL_HOVER,523864,8/10/2023 10:43:09 AM,f5dafd5d-461d-4440-9e3b-1b1c899df9e4,Hemostatic Gauze,999,
TOOL_HOVER,523881,8/10/2023 10:43:09 AM,f5dafd5d-461d-4440-9e3b-1b1c899df9e4,Hemostatic Gauze,999,
TOOL_HOVER,523897,8/10/2023 10:43:09 AM,f5dafd5d-461d-4440-9e3b-1b1c899df9e4,Hemostatic Gauze,999,
TOOL_HOVER,523914,8/10/2023 10:43:09 AM,f5dafd5d-461d-4440-9e3b-1b1c899df9e4,Hemostatic Gauze,999,
TOOL_HOVER,523930,8/10/2023 10:43:09 AM,f5dafd5d-461d-4440-9e3b-1b1c899df9e4,Hemostatic Gauze,999,
TOOL_HOVER,523946,8/10/2023 10:43:09 AM,f5dafd5d-461d-4440-9e3b-1b1c899df9e4,Hemostatic Gauze,999,
TOOL_HOVER,523963,8/10/2023 10:43:09 AM,f5dafd5d-461d-4440-9e3b-1b1c899df9e4,Hemostatic Gauze,999,
TOOL_HOVER,523980,8/10/2023 10:43:09 AM,f5dafd5d-461d-4440-9e3b-1b1c899df9e4,Hemostatic Gauze,999,
TOOL_HOVER,523996,8/10/2023 10:43:09 AM,f5dafd5d-461d-4440-9e3b-1b1c899df9e4,Hemostatic Gauze,999,
TOOL_HOVER,524013,8/10/2023 10:43:09 AM,f5dafd5d-461d-4440-9e3b-1b1c899df9e4,Hemostatic Gauze,999,
TOOL_HOVER,524030,8/10/2023 10:43:10 AM,f5dafd5d-461d-4440-9e3b-1b1c899df9e4,Hemostatic Gauze,999,
TOOL_HOVER,524047,8/10/2023 10:43:10 AM,f5dafd5d-461d-4440-9e3b-1b1c899df9e4,Hemostatic Gauze,999,
TOOL_HOVER,524064,8/10/2023 10:43:10 AM,f5dafd5d-461d-4440-9e3b-1b1c899df9e4,Hemostatic Gauze,999,
TOOL_HOVER,524079,8/10/2023 10:43:10 AM,f5dafd5d-461d-4440-9e3b-1b1c899df9e4,Hemostatic Gauze,999,
TOOL_HOVER,524096,8/10/2023 10:43:10 AM,f5dafd5d-461d-4440-9e3b-1b1c899df9e4,Hemostatic Gauze,999,
TOOL_HOVER,524113,8/10/2023 10:43:10 AM,f5dafd5d-461d-4440-9e3b-1b1c899df9e4,Hemostatic Gauze,999,
TOOL_HOVER,524130,8/10/2023 10:43:10 AM,f5dafd5d-461d-4440-9e3b-1b1c899df9e4,Hemostatic Gauze,999,
TOOL_HOVER,524146,8/10/2023 10:43:10 AM,f5dafd5d-461d-4440-9e3b-1b1c899df9e4,Hemostatic Gauze,999,
TOOL_HOVER,524163,8/10/2023 10:43:10 AM,f5dafd5d-461d-4440-9e3b-1b1c899df9e4,Hemostatic Gauze,999,
TOOL_HOVER,524179,8/10/2023 10:43:10 AM,f5dafd5d-461d-4440-9e3b-1b1c899df9e4,Hemostatic Gauze,999,
VOICE_CAPTURE,525030,8/10/2023 10:43:11 AM,f5dafd5d-461d-4440-9e3b-1b1c899df9e4,modbutton yes,NA,
VOICE_COMMAND,525030,8/10/2023 10:43:11 AM,f5dafd5d-461d-4440-9e3b-1b1c899df9e4,modbutton yes,modbutton yes,
VOICE_CAPTURE,525628,8/10/2023 10:43:11 AM,f5dafd5d-461d-4440-9e3b-1b1c899df9e4,is it just your leg,NA,
TAG_SELECTED,527763,8/10/2023 10:43:13 AM,f5dafd5d-461d-4440-9e3b-1b1c899df9e4,yellow,
TAG_APPLIED,528932,8/10/2023 10:43:14 AM,f5dafd5d-461d-4440-9e3b-1b1c899df9e4,Gloria_6 Root,yellow,
BAG_CLOSED,530153,8/10/2023 10:43:16 AM,f5dafd5d-461d-4440-9e3b-1b1c899df9e4,"(-1.4, 0.4, 3.8)",
VOICE_CAPTURE,530542,8/10/2023 10:43:16 AM,f5dafd5d-461d-4440-9e3b-1b1c899df9e4,modbutton im okay,NA,
VOICE_COMMAND,530543,8/10/2023 10:43:16 AM,f5dafd5d-461d-4440-9e3b-1b1c899df9e4,modbutton im okay,modbutton im okay,
VOICE_CAPTURE,531991,8/10/2023 10:43:17 AM,f5dafd5d-461d-4440-9e3b-1b1c899df9e4,OK just stay right there for me OK,NA,
TELEPORT,533051,8/10/2023 10:43:19 AM,f5dafd5d-461d-4440-9e3b-1b1c899df9e4,"(-0.7, 0.0, 4.2)",
TELEPORT,534702,8/10/2023 10:43:20 AM,f5dafd5d-461d-4440-9e3b-1b1c899df9e4,"(-0.7, 0.0, 4.2)",
PATIENT_ENGAGED,537119,8/10/2023 10:43:23 AM,f5dafd5d-461d-4440-9e3b-1b1c899df9e4,100,Infinity,Mike_7 Root,"(1.3, 0.0, 3.4)","(0.0, 0.1, 0.0, 1.0)",DELAYED,waver,fast,normal,normal,upset,sittingGround,
VOICE_CAPTURE,539683,8/10/2023 10:43:25 AM,f5dafd5d-461d-4440-9e3b-1b1c899df9e4,oh I didn't mean that,NA,
VOICE_CAPTURE,542185,8/10/2023 10:43:28 AM,f5dafd5d-461d-4440-9e3b-1b1c899df9e4,are you hurt,NA,
VOICE_COMMAND,542185,8/10/2023 10:43:28 AM,f5dafd5d-461d-4440-9e3b-1b1c899df9e4,are you hurt,are you hurt,
VOICE_CAPTURE,543835,8/10/2023 10:43:29 AM,f5dafd5d-461d-4440-9e3b-1b1c899df9e4,is this what they would say is arterial kind of spurting like that,NA,
BAG_ACCESS,544236,8/10/2023 10:43:30 AM,f5dafd5d-461d-4440-9e3b-1b1c899df9e4,"(0.8, 0.4, 3.6)",
TOOL_HOVER,544834,8/10/2023 10:43:30 AM,f5dafd5d-461d-4440-9e3b-1b1c899df9e4,Tourniquet,996,
TOOL_HOVER,544851,8/10/2023 10:43:30 AM,f5dafd5d-461d-4440-9e3b-1b1c899df9e4,Tourniquet,996,
TOOL_HOVER,544867,8/10/2023 10:43:30 AM,f5dafd5d-461d-4440-9e3b-1b1c899df9e4,Tourniquet,996,
TOOL_HOVER,544884,8/10/2023 10:43:30 AM,f5dafd5d-461d-4440-9e3b-1b1c899df9e4,Tourniquet,996,
TOOL_SELECTED,544886,8/10/2023 10:43:30 AM,f5dafd5d-461d-4440-9e3b-1b1c899df9e4,Tourniquet,995,
VOICE_CAPTURE,545567,8/10/2023 10:43:31 AM,f5dafd5d-461d-4440-9e3b-1b1c899df9e4,OK,NA,
INJURY_TREATED,547433,8/10/2023 10:43:33 AM,f5dafd5d-461d-4440-9e3b-1b1c899df9e4,L Thigh Puncture,Mike_7 Root,tourniquet,medium,leftLeg,True,False,"(0.7, 0.1, 3.5)",
TOOL_APPLIED,547433,8/10/2023 10:43:33 AM,f5dafd5d-461d-4440-9e3b-1b1c899df9e4,Mike_7 Root,Tourniquet,LeftUpLeg (UnityEngine.GameObject),tor_ring (1) (UnityEngine.GameObject),tourniquet(Clone) (UnityEngine.GameObject),AppliedTourniquet,
PULSE_TAKEN,548983,8/10/2023 10:43:34 AM,f5dafd5d-461d-4440-9e3b-1b1c899df9e4,pulse_fast,Mike_7 Root,
VOICE_CAPTURE,551325,8/10/2023 10:43:37 AM,f5dafd5d-461d-4440-9e3b-1b1c899df9e4,modbutton yes,NA,
VOICE_COMMAND,551325,8/10/2023 10:43:37 AM,f5dafd5d-461d-4440-9e3b-1b1c899df9e4,modbutton yes,modbutton yes,
PULSE_TAKEN,552558,8/10/2023 10:43:38 AM,f5dafd5d-461d-4440-9e3b-1b1c899df9e4,pulse_fast,Mike_7 Root,
VOICE_CAPTURE,553558,8/10/2023 10:43:39 AM,f5dafd5d-461d-4440-9e3b-1b1c899df9e4,are you hurt,NA,
VOICE_COMMAND,553558,8/10/2023 10:43:39 AM,f5dafd5d-461d-4440-9e3b-1b1c899df9e4,are you hurt,are you hurt,
VOICE_CAPTURE,553757,8/10/2023 10:43:39 AM,f5dafd5d-461d-4440-9e3b-1b1c899df9e4,alright anything else no OK,NA,
PULSE_TAKEN,554191,8/10/2023 10:43:40 AM,f5dafd5d-461d-4440-9e3b-1b1c899df9e4,pulse_fast,Mike_7 Root,
VOICE_CAPTURE,555624,8/10/2023 10:43:41 AM,f5dafd5d-461d-4440-9e3b-1b1c899df9e4,are you hurt,NA,
VOICE_COMMAND,555624,8/10/2023 10:43:41 AM,f5dafd5d-461d-4440-9e3b-1b1c899df9e4,are you hurt,are you hurt,
VOICE_CAPTURE,555740,8/10/2023 10:43:41 AM,f5dafd5d-461d-4440-9e3b-1b1c899df9e4,what else,NA,
VOICE_CAPTURE,556991,8/10/2023 10:43:42 AM,f5dafd5d-461d-4440-9e3b-1b1c899df9e4,show me,NA,
VOICE_COMMAND,556991,8/10/2023 10:43:42 AM,f5dafd5d-461d-4440-9e3b-1b1c899df9e4,reveal injury,show me,
TOOL_HOVER,558241,8/10/2023 10:43:44 AM,f5dafd5d-461d-4440-9e3b-1b1c899df9e4,Gauze,999,
TOOL_HOVER,558259,8/10/2023 10:43:44 AM,f5dafd5d-461d-4440-9e3b-1b1c899df9e4,Gauze,999,
TOOL_HOVER,558274,8/10/2023 10:43:44 AM,f5dafd5d-461d-4440-9e3b-1b1c899df9e4,Gauze,999,
TOOL_HOVER,558291,8/10/2023 10:43:44 AM,f5dafd5d-461d-4440-9e3b-1b1c899df9e4,Gauze,999,
TOOL_HOVER,558308,8/10/2023 10:43:44 AM,f5dafd5d-461d-4440-9e3b-1b1c899df9e4,Gauze,999,
TOOL_HOVER,558324,8/10/2023 10:43:44 AM,f5dafd5d-461d-4440-9e3b-1b1c899df9e4,Gauze,999,
TOOL_HOVER,558342,8/10/2023 10:43:44 AM,f5dafd5d-461d-4440-9e3b-1b1c899df9e4,Gauze,999,
TOOL_HOVER,558359,8/10/2023 10:43:44 AM,f5dafd5d-461d-4440-9e3b-1b1c899df9e4,Gauze,999,
TOOL_HOVER,558374,8/10/2023 10:43:44 AM,f5dafd5d-461d-4440-9e3b-1b1c899df9e4,Gauze,999,
TOOL_HOVER,558391,8/10/2023 10:43:44 AM,f5dafd5d-461d-4440-9e3b-1b1c899df9e4,Gauze,999,
TOOL_HOVER,558408,8/10/2023 10:43:44 AM,f5dafd5d-461d-4440-9e3b-1b1c899df9e4,Gauze,999,
TOOL_HOVER,558424,8/10/2023 10:43:44 AM,f5dafd5d-461d-4440-9e3b-1b1c899df9e4,Gauze,999,
TOOL_HOVER,558442,8/10/2023 10:43:44 AM,f5dafd5d-461d-4440-9e3b-1b1c899df9e4,Gauze,999,
TOOL_HOVER,558459,8/10/2023 10:43:44 AM,f5dafd5d-461d-4440-9e3b-1b1c899df9e4,Gauze,999,
TOOL_HOVER,558475,8/10/2023 10:43:44 AM,f5dafd5d-461d-4440-9e3b-1b1c899df9e4,Gauze,999,
TOOL_HOVER,558492,8/10/2023 10:43:44 AM,f5dafd5d-461d-4440-9e3b-1b1c899df9e4,Gauze,999,
TOOL_HOVER,558509,8/10/2023 10:43:44 AM,f5dafd5d-461d-4440-9e3b-1b1c899df9e4,Gauze,999,
TOOL_HOVER,558525,8/10/2023 10:43:44 AM,f5dafd5d-461d-4440-9e3b-1b1c899df9e4,Gauze,999,
TOOL_HOVER,561141,8/10/2023 10:43:47 AM,f5dafd5d-461d-4440-9e3b-1b1c899df9e4,Gauze,999,
TOOL_HOVER,561158,8/10/2023 10:43:47 AM,f5dafd5d-461d-4440-9e3b-1b1c899df9e4,Gauze,999,
TOOL_HOVER,561175,8/10/2023 10:43:47 AM,f5dafd5d-461d-4440-9e3b-1b1c899df9e4,Gauze,999,
TOOL_HOVER,561191,8/10/2023 10:43:47 AM,f5dafd5d-461d-4440-9e3b-1b1c899df9e4,Gauze,999,
TOOL_HOVER,561208,8/10/2023 10:43:47 AM,f5dafd5d-461d-4440-9e3b-1b1c899df9e4,Gauze,999,
TOOL_HOVER,561224,8/10/2023 10:43:47 AM,f5dafd5d-461d-4440-9e3b-1b1c899df9e4,Gauze,999,
TOOL_HOVER,561241,8/10/2023 10:43:47 AM,f5dafd5d-461d-4440-9e3b-1b1c899df9e4,Gauze,999,
TOOL_HOVER,561259,8/10/2023 10:43:47 AM,f5dafd5d-461d-4440-9e3b-1b1c899df9e4,Gauze,999,
TOOL_HOVER,561277,8/10/2023 10:43:47 AM,f5dafd5d-461d-4440-9e3b-1b1c899df9e4,Gauze,999,
TOOL_SELECTED,561278,8/10/2023 10:43:47 AM,f5dafd5d-461d-4440-9e3b-1b1c899df9e4,Gauze,998,
TOOL_DISCARDED,563375,8/10/2023 10:43:49 AM,f5dafd5d-461d-4440-9e3b-1b1c899df9e4,Gauze,998,"(1.3, 0.2, 3.9)",
INJURY_TREATED,563375,8/10/2023 10:43:49 AM,f5dafd5d-461d-4440-9e3b-1b1c899df9e4,R Calf Laceration,Mike_7 Root,gauzePressure,low,rightLeg,True,False,"(1.3, 0.2, 3.8)",
TOOL_APPLIED,563375,8/10/2023 10:43:49 AM,f5dafd5d-461d-4440-9e3b-1b1c899df9e4,Mike_7 Root,Gauze_Dressing,skinCollider_BodyCollideLOD (UnityEngine.GameObject),null,null,AppliedDressingGauze,
BAG_CLOSED,568896,8/10/2023 10:43:54 AM,f5dafd5d-461d-4440-9e3b-1b1c899df9e4,"(0.8, 0.4, 3.6)",
TELEPORT,571993,8/10/2023 10:43:57 AM,f5dafd5d-461d-4440-9e3b-1b1c899df9e4,"(1.4, 0.0, 3.9)",
VOICE_CAPTURE,572026,8/10/2023 10:43:58 AM,f5dafd5d-461d-4440-9e3b-1b1c899df9e4,that's all that's visible there we got that oh,NA,
VOICE_CAPTURE,573926,8/10/2023 10:43:59 AM,f5dafd5d-461d-4440-9e3b-1b1c899df9e4,whoops,NA,
VOICE_CAPTURE,574994,8/10/2023 10:44:00 AM,f5dafd5d-461d-4440-9e3b-1b1c899df9e4,are you hurt,NA,
VOICE_COMMAND,574994,8/10/2023 10:44:00 AM,f5dafd5d-461d-4440-9e3b-1b1c899df9e4,are you hurt,are you hurt,
PATIENT_ENGAGED,576177,8/10/2023 10:44:02 AM,f5dafd5d-461d-4440-9e3b-1b1c899df9e4,100,Infinity,Lily_2 Root,"(3.0, 0.0, 4.5)","(0.0, 1.0, 0.0, 0.0)",IMMEDIATE,waver,fast,fast,normal,agony,fetal,
BAG_ACCESS,578270,8/10/2023 10:44:04 AM,f5dafd5d-461d-4440-9e3b-1b1c899df9e4,"(2.8, 0.5, 4.2)",
VOICE_CAPTURE,578711,8/10/2023 10:44:04 AM,f5dafd5d-461d-4440-9e3b-1b1c899df9e4,alright,NA,
TOOL_HOVER,578828,8/10/2023 10:44:04 AM,f5dafd5d-461d-4440-9e3b-1b1c899df9e4,Tourniquet,995,
TOOL_HOVER,578845,8/10/2023 10:44:04 AM,f5dafd5d-461d-4440-9e3b-1b1c899df9e4,Tourniquet,995,
TOOL_HOVER,578861,8/10/2023 10:44:04 AM,f5dafd5d-461d-4440-9e3b-1b1c899df9e4,Tourniquet,995,
TOOL_HOVER,578879,8/10/2023 10:44:04 AM,f5dafd5d-461d-4440-9e3b-1b1c899df9e4,Tourniquet,995,
TOOL_HOVER,578894,8/10/2023 10:44:04 AM,f5dafd5d-461d-4440-9e3b-1b1c899df9e4,Tourniquet,995,
TOOL_HOVER,578911,8/10/2023 10:44:04 AM,f5dafd5d-461d-4440-9e3b-1b1c899df9e4,Tourniquet,995,
TOOL_HOVER,578928,8/10/2023 10:44:04 AM,f5dafd5d-461d-4440-9e3b-1b1c899df9e4,Tourniquet,995,
TOOL_HOVER,578944,8/10/2023 10:44:04 AM,f5dafd5d-461d-4440-9e3b-1b1c899df9e4,Tourniquet,995,
TOOL_HOVER,578961,8/10/2023 10:44:04 AM,f5dafd5d-461d-4440-9e3b-1b1c899df9e4,Tourniquet,995,
TOOL_HOVER,578981,8/10/2023 10:44:04 AM,f5dafd5d-461d-4440-9e3b-1b1c899df9e4,Tourniquet,995,
TOOL_HOVER,578996,8/10/2023 10:44:04 AM,f5dafd5d-461d-4440-9e3b-1b1c899df9e4,Tourniquet,995,
TOOL_HOVER,579011,8/10/2023 10:44:04 AM,f5dafd5d-461d-4440-9e3b-1b1c899df9e4,Tourniquet,995,
PULSE_TAKEN,580897,8/10/2023 10:44:06 AM,f5dafd5d-461d-4440-9e3b-1b1c899df9e4,pulse_fast,Lily_2 Root,
VOICE_CAPTURE,580928,8/10/2023 10:44:06 AM,f5dafd5d-461d-4440-9e3b-1b1c899df9e4,are you hurt,NA,
VOICE_COMMAND,580928,8/10/2023 10:44:06 AM,f5dafd5d-461d-4440-9e3b-1b1c899df9e4,are you hurt,are you hurt,
TOOL_HOVER,581829,8/10/2023 10:44:07 AM,f5dafd5d-461d-4440-9e3b-1b1c899df9e4,Tourniquet,995,
TOOL_HOVER,581858,8/10/2023 10:44:07 AM,f5dafd5d-461d-4440-9e3b-1b1c899df9e4,Tourniquet,995,
TOOL_HOVER,581871,8/10/2023 10:44:07 AM,f5dafd5d-461d-4440-9e3b-1b1c899df9e4,Tourniquet,995,
TOOL_HOVER,581894,8/10/2023 10:44:07 AM,f5dafd5d-461d-4440-9e3b-1b1c899df9e4,Tourniquet,995,
TOOL_HOVER,581908,8/10/2023 10:44:07 AM,f5dafd5d-461d-4440-9e3b-1b1c899df9e4,Tourniquet,995,
TOOL_HOVER,581918,8/10/2023 10:44:07 AM,f5dafd5d-461d-4440-9e3b-1b1c899df9e4,Tourniquet,995,
TOOL_HOVER,581942,8/10/2023 10:44:07 AM,f5dafd5d-461d-4440-9e3b-1b1c899df9e4,Tourniquet,995,
TOOL_HOVER,581953,8/10/2023 10:44:07 AM,f5dafd5d-461d-4440-9e3b-1b1c899df9e4,Tourniquet,995,
TOOL_HOVER,581966,8/10/2023 10:44:07 AM,f5dafd5d-461d-4440-9e3b-1b1c899df9e4,Tourniquet,995,
TOOL_HOVER,581982,8/10/2023 10:44:07 AM,f5dafd5d-461d-4440-9e3b-1b1c899df9e4,Tourniquet,995,
TOOL_HOVER,581999,8/10/2023 10:44:07 AM,f5dafd5d-461d-4440-9e3b-1b1c899df9e4,Tourniquet,995,
TOOL_HOVER,582016,8/10/2023 10:44:07 AM,f5dafd5d-461d-4440-9e3b-1b1c899df9e4,Tourniquet,995,
TOOL_HOVER,582032,8/10/2023 10:44:08 AM,f5dafd5d-461d-4440-9e3b-1b1c899df9e4,Tourniquet,995,
TOOL_HOVER,582049,8/10/2023 10:44:08 AM,f5dafd5d-461d-4440-9e3b-1b1c899df9e4,Tourniquet,995,
TOOL_SELECTED,582049,8/10/2023 10:44:08 AM,f5dafd5d-461d-4440-9e3b-1b1c899df9e4,Tourniquet,994,
INJURY_TREATED,583406,8/10/2023 10:44:09 AM,f5dafd5d-461d-4440-9e3b-1b1c899df9e4,R Shin Amputation,Lily_2 Root,tourniquet,high,rightLeg,True,False,"(3.2, 0.1, 4.2)",
TOOL_APPLIED,583406,8/10/2023 10:44:09 AM,f5dafd5d-461d-4440-9e3b-1b1c899df9e4,Lily_2 Root,Tourniquet,RightUpLeg (UnityEngine.GameObject),tor_ring (1) (UnityEngine.GameObject),tourniquet(Clone) (UnityEngine.GameObject),AppliedTourniquet,
VOICE_CAPTURE,585289,8/10/2023 10:44:11 AM,f5dafd5d-461d-4440-9e3b-1b1c899df9e4,modbutton groan,NA,
VOICE_COMMAND,585289,8/10/2023 10:44:11 AM,f5dafd5d-461d-4440-9e3b-1b1c899df9e4,modbutton groan,modbutton groan,
PULSE_TAKEN,586022,8/10/2023 10:44:11 AM,f5dafd5d-461d-4440-9e3b-1b1c899df9e4,pulse_fast,Lily_2 Root,
VOICE_CAPTURE,588671,8/10/2023 10:44:14 AM,f5dafd5d-461d-4440-9e3b-1b1c899df9e4,alright,NA,
PULSE_TAKEN,589402,8/10/2023 10:44:15 AM,f5dafd5d-461d-4440-9e3b-1b1c899df9e4,pulse_fast,Lily_2 Root,
PULSE_TAKEN,590735,8/10/2023 10:44:16 AM,f5dafd5d-461d-4440-9e3b-1b1c899df9e4,pulse_fast,Lily_2 Root,
VOICE_CAPTURE,591476,8/10/2023 10:44:17 AM,f5dafd5d-461d-4440-9e3b-1b1c899df9e4,sorry we got it,NA,
TAG_SELECTED,593478,8/10/2023 10:44:19 AM,f5dafd5d-461d-4440-9e3b-1b1c899df9e4,yellow,
TAG_DISCARDED,594828,8/10/2023 10:44:20 AM,f5dafd5d-461d-4440-9e3b-1b1c899df9e4,yellow,"(2.9, 0.5, 4.1)",
TAG_SELECTED,595079,8/10/2023 10:44:21 AM,f5dafd5d-461d-4440-9e3b-1b1c899df9e4,red,
TAG_APPLIED,596661,8/10/2023 10:44:22 AM,f5dafd5d-461d-4440-9e3b-1b1c899df9e4,Lily_2 Root,red,
VOICE_CAPTURE,598394,8/10/2023 10:44:24 AM,f5dafd5d-461d-4440-9e3b-1b1c899df9e4,oops,NA,
BAG_CLOSED,599794,8/10/2023 10:44:25 AM,f5dafd5d-461d-4440-9e3b-1b1c899df9e4,"(2.8, 0.5, 4.2)",
TELEPORT,599794,8/10/2023 10:44:25 AM,f5dafd5d-461d-4440-9e3b-1b1c899df9e4,"(3.0, 0.0, 4.9)",
VOICE_CAPTURE,603351,8/10/2023 10:44:29 AM,f5dafd5d-461d-4440-9e3b-1b1c899df9e4,are you hurt,NA,
VOICE_COMMAND,603351,8/10/2023 10:44:29 AM,f5dafd5d-461d-4440-9e3b-1b1c899df9e4,are you hurt,are you hurt,
BAG_ACCESS,604513,8/10/2023 10:44:30 AM,f5dafd5d-461d-4440-9e3b-1b1c899df9e4,"(3.0, 0.5, 2.5)",
VOICE_CAPTURE,605312,8/10/2023 10:44:31 AM,f5dafd5d-461d-4440-9e3b-1b1c899df9e4,alright,NA,
TOOL_HOVER,605330,8/10/2023 10:44:31 AM,f5dafd5d-461d-4440-9e3b-1b1c899df9e4,Tourniquet,994,
TOOL_HOVER,605348,8/10/2023 10:44:31 AM,f5dafd5d-461d-4440-9e3b-1b1c899df9e4,Tourniquet,994,
TOOL_HOVER,605363,8/10/2023 10:44:31 AM,f5dafd5d-461d-4440-9e3b-1b1c899df9e4,Tourniquet,994,
TOOL_HOVER,605379,8/10/2023 10:44:31 AM,f5dafd5d-461d-4440-9e3b-1b1c899df9e4,Tourniquet,994,
TOOL_HOVER,605396,8/10/2023 10:44:31 AM,f5dafd5d-461d-4440-9e3b-1b1c899df9e4,Tourniquet,994,
TOOL_SELECTED,605397,8/10/2023 10:44:31 AM,f5dafd5d-461d-4440-9e3b-1b1c899df9e4,Tourniquet,993,
INJURY_TREATED,607714,8/10/2023 10:44:33 AM,f5dafd5d-461d-4440-9e3b-1b1c899df9e4,R Thigh Laceration,Mike_5 Root,tourniquet,medium,rightLeg,True,False,"(3.0, 0.3, 2.2)",
TOOL_APPLIED,607714,8/10/2023 10:44:33 AM,f5dafd5d-461d-4440-9e3b-1b1c899df9e4,Mike_5 Root,Tourniquet,RightUpLeg (UnityEngine.GameObject),tor_ring (1) (UnityEngine.GameObject),tourniquet(Clone) (UnityEngine.GameObject),AppliedTourniquet,
PULSE_TAKEN,609163,8/10/2023 10:44:35 AM,f5dafd5d-461d-4440-9e3b-1b1c899df9e4,pulse_fast,Mike_5 Root,
PATIENT_ENGAGED,609596,8/10/2023 10:44:35 AM,f5dafd5d-461d-4440-9e3b-1b1c899df9e4,100,Infinity,Mike_5 Root,"(2.7, 0.0, 2.3)","(0.0, 1.0, 0.0, 0.0)",IMMEDIATE,waver,fast,normal,normal,upset,fetal,
VOICE_CAPTURE,610281,8/10/2023 10:44:36 AM,f5dafd5d-461d-4440-9e3b-1b1c899df9e4,show me,NA,
VOICE_COMMAND,610281,8/10/2023 10:44:36 AM,f5dafd5d-461d-4440-9e3b-1b1c899df9e4,reveal injury,show me,
TAG_SELECTED,611514,8/10/2023 10:44:37 AM,f5dafd5d-461d-4440-9e3b-1b1c899df9e4,black,
TAG_DISCARDED,613498,8/10/2023 10:44:39 AM,f5dafd5d-461d-4440-9e3b-1b1c899df9e4,black,"(2.5, 0.7, 2.2)",
TOOL_HOVER,613930,8/10/2023 10:44:39 AM,f5dafd5d-461d-4440-9e3b-1b1c899df9e4,Hemostatic Gauze,999,
TOOL_HOVER,613946,8/10/2023 10:44:39 AM,f5dafd5d-461d-4440-9e3b-1b1c899df9e4,Hemostatic Gauze,999,
TOOL_HOVER,613963,8/10/2023 10:44:39 AM,f5dafd5d-461d-4440-9e3b-1b1c899df9e4,Hemostatic Gauze,999,
TOOL_HOVER,613979,8/10/2023 10:44:39 AM,f5dafd5d-461d-4440-9e3b-1b1c899df9e4,Hemostatic Gauze,999,
TOOL_HOVER,613996,8/10/2023 10:44:39 AM,f5dafd5d-461d-4440-9e3b-1b1c899df9e4,Hemostatic Gauze,999,
TOOL_HOVER,614014,8/10/2023 10:44:39 AM,f5dafd5d-461d-4440-9e3b-1b1c899df9e4,Hemostatic Gauze,999,
TOOL_HOVER,614030,8/10/2023 10:44:40 AM,f5dafd5d-461d-4440-9e3b-1b1c899df9e4,Hemostatic Gauze,999,
TOOL_HOVER,614046,8/10/2023 10:44:40 AM,f5dafd5d-461d-4440-9e3b-1b1c899df9e4,Hemostatic Gauze,999,
TOOL_SELECTED,614047,8/10/2023 10:44:40 AM,f5dafd5d-461d-4440-9e3b-1b1c899df9e4,Hemostatic Gauze,998,
TOOL_DISCARDED,617031,8/10/2023 10:44:43 AM,f5dafd5d-461d-4440-9e3b-1b1c899df9e4,Hemostatic Gauze,998,"(3.1, 0.2, 2.5)",
INJURY_TREATED,617031,8/10/2023 10:44:43 AM,f5dafd5d-461d-4440-9e3b-1b1c899df9e4,R Side Puncture,Mike_5 Root,woundpack,medium,abdomen,True,False,"(3.1, 0.3, 2.5)",
TOOL_APPLIED,617031,8/10/2023 10:44:43 AM,f5dafd5d-461d-4440-9e3b-1b1c899df9e4,Mike_5 Root,Gauze_Pack,skinCollider_BodyCollideLOD (UnityEngine.GameObject),null,null,AppliedPackingGauze,
PULSE_TAKEN,620324,8/10/2023 10:44:46 AM,f5dafd5d-461d-4440-9e3b-1b1c899df9e4,pulse_fast,Mike_5 Root,
VOICE_CAPTURE,622525,8/10/2023 10:44:48 AM,f5dafd5d-461d-4440-9e3b-1b1c899df9e4,modbutton no,NA,
VOICE_COMMAND,622525,8/10/2023 10:44:48 AM,f5dafd5d-461d-4440-9e3b-1b1c899df9e4,modbutton no,modbutton no,
BAG_CLOSED,626745,8/10/2023 10:44:52 AM,f5dafd5d-461d-4440-9e3b-1b1c899df9e4,"(3.0, 0.5, 2.5)",
TELEPORT,631224,8/10/2023 10:44:57 AM,f5dafd5d-461d-4440-9e3b-1b1c899df9e4,"(3.1, 0.0, 3.9)",
TELEPORT,631925,8/10/2023 10:44:57 AM,f5dafd5d-461d-4440-9e3b-1b1c899df9e4,"(2.3, 0.0, 4.1)",
VOICE_CAPTURE,637699,8/10/2023 10:45:03 AM,f5dafd5d-461d-4440-9e3b-1b1c899df9e4,are you hurt,NA,
VOICE_COMMAND,637699,8/10/2023 10:45:03 AM,f5dafd5d-461d-4440-9e3b-1b1c899df9e4,are you hurt,are you hurt,
VOICE_CAPTURE,644566,8/10/2023 10:45:10 AM,f5dafd5d-461d-4440-9e3b-1b1c899df9e4,modbutton no,NA,
VOICE_COMMAND,644566,8/10/2023 10:45:10 AM,f5dafd5d-461d-4440-9e3b-1b1c899df9e4,modbutton no,modbutton no,
PULSE_TAKEN,651381,8/10/2023 10:45:17 AM,f5dafd5d-461d-4440-9e3b-1b1c899df9e4,pulse_normal,Gary_9 Root,
PULSE_TAKEN,652981,8/10/2023 10:45:18 AM,f5dafd5d-461d-4440-9e3b-1b1c899df9e4,pulse_normal,Gary_9 Root,
PULSE_TAKEN,654570,8/10/2023 10:45:20 AM,f5dafd5d-461d-4440-9e3b-1b1c899df9e4,pulse_normal,Gary_9 Root,
PATIENT_ENGAGED,660378,8/10/2023 10:45:26 AM,f5dafd5d-461d-4440-9e3b-1b1c899df9e4,100,0,Gary_9 Root,"(2.9, 0.0, 9.1)","(0.0, 1.0, 0.0, 0.0)",MINIMAL,walker,normal,normal,limited,calm,standing,
PULSE_TAKEN,670493,8/10/2023 10:45:36 AM,f5dafd5d-461d-4440-9e3b-1b1c899df9e4,pulse_normal,Gary_9 Root,
PULSE_TAKEN,671493,8/10/2023 10:45:37 AM,f5dafd5d-461d-4440-9e3b-1b1c899df9e4,pulse_normal,Gary_9 Root,
PULSE_TAKEN,671661,8/10/2023 10:45:37 AM,f5dafd5d-461d-4440-9e3b-1b1c899df9e4,pulse_normal,Gary_9 Root,
PULSE_TAKEN,672477,8/10/2023 10:45:38 AM,f5dafd5d-461d-4440-9e3b-1b1c899df9e4,pulse_normal,Gary_9 Root,
VOICE_CAPTURE,682062,8/10/2023 10:45:48 AM,f5dafd5d-461d-4440-9e3b-1b1c899df9e4,are you hurt,NA,
VOICE_COMMAND,682062,8/10/2023 10:45:48 AM,f5dafd5d-461d-4440-9e3b-1b1c899df9e4,are you hurt,are you hurt,
BAG_ACCESS,706982,8/10/2023 10:46:12 AM,f5dafd5d-461d-4440-9e3b-1b1c899df9e4,"(3.1, 0.7, 8.5)",
TAG_SELECTED,709565,8/10/2023 10:46:15 AM,f5dafd5d-461d-4440-9e3b-1b1c899df9e4,green,
TAG_APPLIED,710699,8/10/2023 10:46:16 AM,f5dafd5d-461d-4440-9e3b-1b1c899df9e4,Gary_9 Root,green,
BAG_CLOSED,714395,8/10/2023 10:46:20 AM,f5dafd5d-461d-4440-9e3b-1b1c899df9e4,"(3.1, 0.7, 8.5)",
TELEPORT,714395,8/10/2023 10:46:20 AM,f5dafd5d-461d-4440-9e3b-1b1c899df9e4,"(2.8, 0.0, 8.5)",
VOICE_CAPTURE,725176,8/10/2023 10:46:31 AM,f5dafd5d-461d-4440-9e3b-1b1c899df9e4,are you hurt,NA,
VOICE_COMMAND,725176,8/10/2023 10:46:31 AM,f5dafd5d-461d-4440-9e3b-1b1c899df9e4,are you hurt,are you hurt,
PATIENT_ENGAGED,726992,8/10/2023 10:46:32 AM,f5dafd5d-461d-4440-9e3b-1b1c899df9e4,100,Infinity,Gloria_8 Root,"(2.8, 0.0, -3.7)","(0.0, 0.6, 0.0, 0.8)",MINIMAL,walker,normal,normal,normal,upset,sittingGround,
TELEPORT,728896,8/10/2023 10:46:34 AM,f5dafd5d-461d-4440-9e3b-1b1c899df9e4,"(2.7, 0.0, -1.4)",
VOICE_CAPTURE,733263,8/10/2023 10:46:39 AM,f5dafd5d-461d-4440-9e3b-1b1c899df9e4,are you hurt,NA,
VOICE_COMMAND,733263,8/10/2023 10:46:39 AM,f5dafd5d-461d-4440-9e3b-1b1c899df9e4,are you hurt,are you hurt,
BAG_ACCESS,733645,8/10/2023 10:46:39 AM,f5dafd5d-461d-4440-9e3b-1b1c899df9e4,"(2.7, 0.4, -3.4)",
TOOL_HOVER,734630,8/10/2023 10:46:40 AM,f5dafd5d-461d-4440-9e3b-1b1c899df9e4,Gauze,999,
TOOL_HOVER,734646,8/10/2023 10:46:40 AM,f5dafd5d-461d-4440-9e3b-1b1c899df9e4,Gauze,999,
TOOL_HOVER,734662,8/10/2023 10:46:40 AM,f5dafd5d-461d-4440-9e3b-1b1c899df9e4,Gauze,999,
TOOL_HOVER,734679,8/10/2023 10:46:40 AM,f5dafd5d-461d-4440-9e3b-1b1c899df9e4,Gauze,999,
TOOL_HOVER,734696,8/10/2023 10:46:40 AM,f5dafd5d-461d-4440-9e3b-1b1c899df9e4,Gauze,999,
TOOL_HOVER,734713,8/10/2023 10:46:40 AM,f5dafd5d-461d-4440-9e3b-1b1c899df9e4,Gauze,999,
TOOL_SELECTED,734714,8/10/2023 10:46:40 AM,f5dafd5d-461d-4440-9e3b-1b1c899df9e4,Gauze,998,
VOICE_CAPTURE,735629,8/10/2023 10:46:41 AM,f5dafd5d-461d-4440-9e3b-1b1c899df9e4,modbutton yes,NA,
VOICE_COMMAND,735629,8/10/2023 10:46:41 AM,f5dafd5d-461d-4440-9e3b-1b1c899df9e4,modbutton yes,modbutton yes,
TOOL_DISCARDED,736629,8/10/2023 10:46:42 AM,f5dafd5d-461d-4440-9e3b-1b1c899df9e4,Gauze,998,"(2.7, 0.5, -3.6)",
INJURY_TREATED,736629,8/10/2023 10:46:42 AM,f5dafd5d-461d-4440-9e3b-1b1c899df9e4,L Forearm Laceration,Gloria_8 Root,gauzePressure,low,leftArm,True,False,"(2.7, 0.4, -3.6)",
TOOL_APPLIED,736629,8/10/2023 10:46:42 AM,f5dafd5d-461d-4440-9e3b-1b1c899df9e4,Gloria_8 Root,Gauze_Dressing,skinCollider_Body_LOD (UnityEngine.GameObject),null,null,AppliedDressingGauze,
PULSE_TAKEN,737795,8/10/2023 10:46:43 AM,f5dafd5d-461d-4440-9e3b-1b1c899df9e4,pulse_normal,Gloria_8 Root,
TAG_SELECTED,740846,8/10/2023 10:46:46 AM,f5dafd5d-461d-4440-9e3b-1b1c899df9e4,yellow,
VOICE_CAPTURE,741363,8/10/2023 10:46:47 AM,f5dafd5d-461d-4440-9e3b-1b1c899df9e4,modbutton im okay,NA,
VOICE_COMMAND,741363,8/10/2023 10:46:47 AM,f5dafd5d-461d-4440-9e3b-1b1c899df9e4,modbutton im okay,modbutton im okay,
PATIENT_ENGAGED,741546,8/10/2023 10:46:47 AM,f5dafd5d-461d-4440-9e3b-1b1c899df9e4,100,Infinity,Helga_10 Root,"(3.1, 0.0, -4.8)","(0.0, 0.1, 0.0, -1.0)",MINIMAL,walker,normal,normal,normal,calm,sittingGround,
PATIENT_ENGAGED,742195,8/10/2023 10:46:48 AM,f5dafd5d-461d-4440-9e3b-1b1c899df9e4,100,Infinity,Gloria_8 Root,"(2.8, 0.0, -3.7)","(0.0, 0.6, 0.0, 0.8)",MINIMAL,walker,normal,normal,normal,upset,sittingGround,
PATIENT_ENGAGED,742463,8/10/2023 10:46:48 AM,f5dafd5d-461d-4440-9e3b-1b1c899df9e4,100,Infinity,Helga_10 Root,"(3.1, 0.0, -4.8)","(0.0, 0.1, 0.0, -1.0)",MINIMAL,walker,normal,normal,normal,calm,sittingGround,
TAG_APPLIED,743046,8/10/2023 10:46:49 AM,f5dafd5d-461d-4440-9e3b-1b1c899df9e4,Gloria_8 Root,yellow,
BAG_CLOSED,744880,8/10/2023 10:46:50 AM,f5dafd5d-461d-4440-9e3b-1b1c899df9e4,"(2.7, 0.4, -3.4)",
TELEPORT,744880,8/10/2023 10:46:50 AM,f5dafd5d-461d-4440-9e3b-1b1c899df9e4,"(2.6, 0.0, -1.8)",
PULSE_TAKEN,745953,8/10/2023 10:46:51 AM,f5dafd5d-461d-4440-9e3b-1b1c899df9e4,pulse_normal,Gloria_8 Root,
PULSE_TAKEN,746151,8/10/2023 10:46:52 AM,f5dafd5d-461d-4440-9e3b-1b1c899df9e4,pulse_normal,Gloria_8 Root,
PULSE_TAKEN,748935,8/10/2023 10:46:54 AM,f5dafd5d-461d-4440-9e3b-1b1c899df9e4,pulse_normal,Gloria_8 Root,
VOICE_CAPTURE,748986,8/10/2023 10:46:54 AM,f5dafd5d-461d-4440-9e3b-1b1c899df9e4,are you hurt,NA,
VOICE_COMMAND,748986,8/10/2023 10:46:54 AM,f5dafd5d-461d-4440-9e3b-1b1c899df9e4,are you hurt,are you hurt,
VOICE_CAPTURE,753854,8/10/2023 10:46:59 AM,f5dafd5d-461d-4440-9e3b-1b1c899df9e4,modbutton im okay,NA,
VOICE_COMMAND,753854,8/10/2023 10:46:59 AM,f5dafd5d-461d-4440-9e3b-1b1c899df9e4,modbutton im okay,modbutton im okay,
BAG_ACCESS,756454,8/10/2023 10:47:02 AM,f5dafd5d-461d-4440-9e3b-1b1c899df9e4,"(2.8, 0.5, -4.2)",
TAG_SELECTED,758955,8/10/2023 10:47:04 AM,f5dafd5d-461d-4440-9e3b-1b1c899df9e4,green,
TAG_APPLIED,760454,8/10/2023 10:47:06 AM,f5dafd5d-461d-4440-9e3b-1b1c899df9e4,Helga_10 Root,green,
PULSE_TAKEN,762522,8/10/2023 10:47:08 AM,f5dafd5d-461d-4440-9e3b-1b1c899df9e4,pulse_normal,Helga_10 Root,
PULSE_TAKEN,763313,8/10/2023 10:47:09 AM,f5dafd5d-461d-4440-9e3b-1b1c899df9e4,pulse_normal,Helga_10 Root,
VOICE_CAPTURE,766279,8/10/2023 10:47:12 AM,f5dafd5d-461d-4440-9e3b-1b1c899df9e4,modbutton im okay,NA,
VOICE_COMMAND,766279,8/10/2023 10:47:12 AM,f5dafd5d-461d-4440-9e3b-1b1c899df9e4,modbutton im okay,modbutton im okay,
BAG_CLOSED,773189,8/10/2023 10:47:19 AM,f5dafd5d-461d-4440-9e3b-1b1c899df9e4,"(2.8, 0.5, -4.2)",
TELEPORT,781613,8/10/2023 10:47:27 AM,f5dafd5d-461d-4440-9e3b-1b1c899df9e4,"(1.2, 0.0, -2.0)",
TELEPORT,789850,8/10/2023 10:47:35 AM,f5dafd5d-461d-4440-9e3b-1b1c899df9e4,"(2.1, 0.0, 2.7)",
PATIENT_ENGAGED,793860,8/10/2023 10:47:39 AM,f5dafd5d-461d-4440-9e3b-1b1c899df9e4,100,Infinity,Mike_5 Root,"(2.7, 0.0, 2.3)","(0.0, 1.0, 0.0, 0.0)",IMMEDIATE,waver,fast,normal,normal,upset,fetal,
BAG_ACCESS,794878,8/10/2023 10:47:40 AM,f5dafd5d-461d-4440-9e3b-1b1c899df9e4,"(2.9, 0.7, 1.6)",
TAG_SELECTED,796061,8/10/2023 10:47:42 AM,f5dafd5d-461d-4440-9e3b-1b1c899df9e4,red,
TAG_APPLIED,798744,8/10/2023 10:47:44 AM,f5dafd5d-461d-4440-9e3b-1b1c899df9e4,Mike_5 Root,red,
BAG_CLOSED,801343,8/10/2023 10:47:47 AM,f5dafd5d-461d-4440-9e3b-1b1c899df9e4,"(2.9, 0.7, 1.6)",
TELEPORT,801343,8/10/2023 10:47:47 AM,f5dafd5d-461d-4440-9e3b-1b1c899df9e4,"(2.9, 0.0, 2.8)",
TELEPORT,803895,8/10/2023 10:47:49 AM,f5dafd5d-461d-4440-9e3b-1b1c899df9e4,"(2.1, 0.0, 2.7)",
TELEPORT,809235,8/10/2023 10:47:55 AM,f5dafd5d-461d-4440-9e3b-1b1c899df9e4,"(1.6, 0.0, 4.0)",
BAG_ACCESS,812066,8/10/2023 10:47:58 AM,f5dafd5d-461d-4440-9e3b-1b1c899df9e4,"(1.4, 0.7, 2.9)",
TAG_SELECTED,812484,8/10/2023 10:47:58 AM,f5dafd5d-461d-4440-9e3b-1b1c899df9e4,yellow,
PATIENT_ENGAGED,813266,8/10/2023 10:47:59 AM,f5dafd5d-461d-4440-9e3b-1b1c899df9e4,100,Infinity,Mike_7 Root,"(1.3, 0.0, 3.4)","(0.0, 0.1, 0.0, 1.0)",DELAYED,waver,fast,normal,normal,upset,sittingGround,
TAG_APPLIED,815633,8/10/2023 10:48:01 AM,f5dafd5d-461d-4440-9e3b-1b1c899df9e4,Mike_7 Root,yellow,
SESSION_END,827436,8/10/2023 10:48:13 AM,f5dafd5d-461d-4440-9e3b-1b1c899df9e4,
BAG_CLOSED,843583,8/10/2023 10:48:29 AM,f5dafd5d-461d-4440-9e3b-1b1c899df9e4,"(1.4, 0.7, 2.9)",
