PATIENT_DEMOTED,6534,7/25/2023 2:32:32 PM,d58c859d-d4b5-4213-88d7-df5c168fa646,100,Infinity,Bob_0 Root,"(-1.4, 0.0, 5.6)","(0.0, 0.7, 0.0, 0.7)",EXPECTANT,still,faint,restricted,none,unresponsive,supine,
PATIENT_DEMOTED,6734,7/25/2023 2:32:33 PM,d58c859d-d4b5-4213-88d7-df5c168fa646,100,Infinity,Bob_0 Root,"(-1.5, 0.0, 5.6)","(0.0, 0.7, 0.0, 0.7)",DEAD,still,none,none,none,dead,supine,
PATIENT_DEMOTED,6866,7/25/2023 2:32:33 PM,d58c859d-d4b5-4213-88d7-df5c168fa646,100,Infinity,Gary_1 Root,"(1.7, 0.0, 7.4)","(0.0, 1.0, 0.0, 0.0)",EXPECTANT,still,faint,restricted,none,unresponsive,supine,
PATIENT_DEMOTED,7625,7/25/2023 2:32:33 PM,d58c859d-d4b5-4213-88d7-df5c168fa646,100,Infinity,Lily_2 Root,"(2.8, 0.0, 4.3)","(0.0, 1.0, 0.0, 0.0)",IMMEDIATE,waver,fast,fast,normal,agony,fetal,
PATIENT_DEMOTED,8280,7/25/2023 2:32:34 PM,d58c859d-d4b5-4213-88d7-df5c168fa646,100,0,Gary_3 Root,"(0.3, 0.0, 1.6)","(0.0, 0.0, 0.0, 1.0)",IMMEDIATE,still,faint,collapsedRight,normal,unresponsive,supine,
PATIENT_DEMOTED,8859,7/25/2023 2:32:35 PM,d58c859d-d4b5-4213-88d7-df5c168fa646,100,Infinity,Lily_4 Root,"(1.2, 0.0, 6.3)","(0.0, 1.0, 0.0, 0.0)",IMMEDIATE,waver,fast,normal,normal,upset,fetal,
PATIENT_DEMOTED,9706,7/25/2023 2:32:36 PM,d58c859d-d4b5-4213-88d7-df5c168fa646,100,Infinity,Mike_5 Root,"(2.4, 0.0, 2.3)","(0.0, 1.0, 0.0, 0.0)",IMMEDIATE,waver,fast,normal,normal,upset,fetal,
PATIENT_DEMOTED,10262,7/25/2023 2:32:36 PM,d58c859d-d4b5-4213-88d7-df5c168fa646,100,Infinity,Gloria_6 Root,"(-1.0, 0.0, 2.9)","(0.0, 0.4, 0.0, 0.9)",DELAYED,waver,fast,normal,normal,upset,fetal,
PATIENT_DEMOTED,10972,7/25/2023 2:32:37 PM,d58c859d-d4b5-4213-88d7-df5c168fa646,100,Infinity,Mike_7 Root,"(1.7, 0.0, 3.9)","(0.0, 0.1, 0.0, 1.0)",IMMEDIATE,waver,fast,normal,normal,upset,sittingGround,
PATIENT_DEMOTED,11325,7/25/2023 2:32:37 PM,d58c859d-d4b5-4213-88d7-df5c168fa646,100,Infinity,Mike_7 Root,"(1.0, 0.0, 3.7)","(0.0, 0.1, 0.0, 1.0)",DELAYED,waver,fast,normal,normal,upset,sittingGround,
SESSION_START,14897,7/25/2023 2:32:41 PM,d58c859d-d4b5-4213-88d7-df5c168fa646,
PATIENT_RECORD,14898,7/25/2023 2:32:41 PM,d58c859d-d4b5-4213-88d7-df5c168fa646,100,Infinity,Bob_0 Root,"(-1.7, 0.0, 5.7)","(0.0, 0.7, 0.0, 0.7)",DEAD,still,none,none,none,dead,supine,
INJURY_RECORD,14898,7/25/2023 2:32:41 PM,d58c859d-d4b5-4213-88d7-df5c168fa646,Face Shrapnel,Bob_0 Root,airway,high,head,False,False,"(-1.8, 1.7, 5.6)",
INJURY_RECORD,14898,7/25/2023 2:32:41 PM,d58c859d-d4b5-4213-88d7-df5c168fa646,L Wrist Amputation,Bob_0 Root,tourniquet,high,leftArm,False,False,"(-1.8, 1.4, 6.3)",
INJURY_RECORD,14898,7/25/2023 2:32:41 PM,d58c859d-d4b5-4213-88d7-df5c168fa646,L Chest Collapse,Bob_0 Root,decompress,high,chest,False,False,"(0.0, 0.0, 0.0)",
INJURY_RECORD,14898,7/25/2023 2:32:41 PM,d58c859d-d4b5-4213-88d7-df5c168fa646,L Stomach Puncture,Bob_0 Root,woundpack,high,abdomen,False,False,"(-1.6, 1.1, 5.7)",
INJURY_RECORD,14898,7/25/2023 2:32:41 PM,d58c859d-d4b5-4213-88d7-df5c168fa646,R Shin Amputation,Bob_0 Root,tourniquet,high,rightLeg,False,False,"(-1.7, 0.4, 5.6)",
INJURY_RECORD,14898,7/25/2023 2:32:41 PM,d58c859d-d4b5-4213-88d7-df5c168fa646,L Thigh Laceration,Bob_0 Root,tourniquet,medium,leftLeg,False,False,"(-1.6, 0.7, 5.8)",
PATIENT_RECORD,14898,7/25/2023 2:32:41 PM,d58c859d-d4b5-4213-88d7-df5c168fa646,100,Infinity,Gary_1 Root,"(1.6, 0.0, 7.6)","(0.0, 1.0, 0.0, 0.0)",EXPECTANT,still,none,restricted,none,unresponsive,supine,
INJURY_RECORD,14898,7/25/2023 2:32:41 PM,d58c859d-d4b5-4213-88d7-df5c168fa646,Face Shrapnel,Gary_1 Root,airway,high,head,False,False,"(1.6, 1.7, 7.7)",
PATIENT_RECORD,14898,7/25/2023 2:32:41 PM,d58c859d-d4b5-4213-88d7-df5c168fa646,100,Infinity,Lily_2 Root,"(3.0, 0.0, 4.5)","(0.0, 1.0, 0.0, 0.0)",IMMEDIATE,waver,fast,fast,normal,agony,fetal,
INJURY_RECORD,14898,7/25/2023 2:32:41 PM,d58c859d-d4b5-4213-88d7-df5c168fa646,R Shin Amputation,Lily_2 Root,tourniquet,high,rightLeg,False,False,"(2.9, 0.4, 4.5)",
PATIENT_RECORD,14898,7/25/2023 2:32:41 PM,d58c859d-d4b5-4213-88d7-df5c168fa646,100,0,Gary_3 Root,"(0.4, 0.0, 1.7)","(0.0, 0.0, 0.0, 1.0)",IMMEDIATE,still,faint,collapsedRight,normal,unresponsive,supine,
INJURY_RECORD,14898,7/25/2023 2:32:41 PM,d58c859d-d4b5-4213-88d7-df5c168fa646,R Chest Collapse,Gary_3 Root,decompress,high,chest,False,False,"(0.0, 0.0, 0.0)",
PATIENT_RECORD,14898,7/25/2023 2:32:41 PM,d58c859d-d4b5-4213-88d7-df5c168fa646,100,Infinity,Lily_4 Root,"(1.2, 0.0, 6.2)","(0.0, 1.0, 0.0, 0.0)",IMMEDIATE,waver,fast,normal,normal,upset,fetal,
INJURY_RECORD,14898,7/25/2023 2:32:41 PM,d58c859d-d4b5-4213-88d7-df5c168fa646,L Side Puncture,Lily_4 Root,woundpack,medium,abdomen,False,False,"(1.3, 1.0, 6.2)",
PATIENT_RECORD,14898,7/25/2023 2:32:41 PM,d58c859d-d4b5-4213-88d7-df5c168fa646,100,Infinity,Mike_5 Root,"(2.7, 0.0, 2.3)","(0.0, 1.0, 0.0, 0.0)",IMMEDIATE,waver,fast,normal,normal,upset,fetal,
INJURY_RECORD,14898,7/25/2023 2:32:41 PM,d58c859d-d4b5-4213-88d7-df5c168fa646,R Side Puncture,Mike_5 Root,woundpack,medium,abdomen,False,False,"(2.6, 1.1, 2.2)",
INJURY_RECORD,14898,7/25/2023 2:32:41 PM,d58c859d-d4b5-4213-88d7-df5c168fa646,R Thigh Laceration,Mike_5 Root,tourniquet,medium,rightLeg,False,False,"(2.5, 0.6, 2.2)",
PATIENT_RECORD,14898,7/25/2023 2:32:41 PM,d58c859d-d4b5-4213-88d7-df5c168fa646,100,Infinity,Gloria_6 Root,"(-1.2, 0.0, 3.1)","(0.0, 0.4, 0.0, 0.9)",DELAYED,waver,fast,normal,normal,upset,fetal,
INJURY_RECORD,14898,7/25/2023 2:32:41 PM,d58c859d-d4b5-4213-88d7-df5c168fa646,R Calf Shrapnel,Gloria_6 Root,gauzePressure,medium,rightLeg,False,False,"(-1.1, 0.3, 3.0)",
PATIENT_RECORD,14898,7/25/2023 2:32:41 PM,d58c859d-d4b5-4213-88d7-df5c168fa646,100,Infinity,Mike_7 Root,"(1.3, 0.0, 3.4)","(0.0, 0.1, 0.0, 1.0)",DELAYED,waver,fast,normal,normal,upset,sittingGround,
INJURY_RECORD,14898,7/25/2023 2:32:41 PM,d58c859d-d4b5-4213-88d7-df5c168fa646,L Thigh Puncture,Mike_7 Root,tourniquet,medium,leftLeg,False,False,"(1.3, 0.6, 3.5)",
INJURY_RECORD,14898,7/25/2023 2:32:41 PM,d58c859d-d4b5-4213-88d7-df5c168fa646,R Calf Laceration,Mike_7 Root,gauzePressure,low,rightLeg,False,False,"(1.4, 0.3, 3.4)",
PATIENT_RECORD,14898,7/25/2023 2:32:41 PM,d58c859d-d4b5-4213-88d7-df5c168fa646,100,Infinity,Gloria_8 Root,"(3.7, 0.0, 6.0)","(0.0, 1.0, 0.0, 0.0)",MINIMAL,walker,normal,normal,normal,upset,sittingGround,
INJURY_RECORD,14898,7/25/2023 2:32:41 PM,d58c859d-d4b5-4213-88d7-df5c168fa646,L Forearm Laceration,Gloria_8 Root,gauzePressure,low,leftArm,False,False,"(4.2, 1.3, 6.0)",
PATIENT_RECORD,14898,7/25/2023 2:32:41 PM,d58c859d-d4b5-4213-88d7-df5c168fa646,100,0,Gary_9 Root,"(2.9, 0.0, 9.0)","(0.0, 1.0, 0.0, 0.0)",MINIMAL,walker,normal,normal,limited,calm,standing,
INJURY_RECORD,14898,7/25/2023 2:32:41 PM,d58c859d-d4b5-4213-88d7-df5c168fa646,Ear Bleed,Gary_9 Root,none,low,head,False,False,"(0.0, 0.0, 0.0)",
PATIENT_RECORD,14898,7/25/2023 2:32:41 PM,d58c859d-d4b5-4213-88d7-df5c168fa646,100,Infinity,Helga_10 Root,"(3.9, 0.0, 8.0)","(0.0, 1.0, 0.0, 0.0)",MINIMAL,walker,normal,normal,normal,calm,sittingGround,
INJURY_RECORD,14898,7/25/2023 2:32:41 PM,d58c859d-d4b5-4213-88d7-df5c168fa646,Forehead Scrape,Helga_10 Root,none,low,head,False,False,"(4.0, 1.6, 7.9)",
VOICE_CAPTURE,26813,7/25/2023 2:32:53 PM,d58c859d-d4b5-4213-88d7-df5c168fa646,God I hope they're not like standing right behind me that's gonna freak me the hell out,NA,
VOICE_COMMAND,26813,7/25/2023 2:32:53 PM,d58c859d-d4b5-4213-88d7-df5c168fa646,stand up,God I hope they're not like standing right behind me that's gonna freak me the hell out,
VOICE_CAPTURE,31599,7/25/2023 2:32:57 PM,d58c859d-d4b5-4213-88d7-df5c168fa646,alright do I start,NA,
VOICE_CAPTURE,33658,7/25/2023 2:32:59 PM,d58c859d-d4b5-4213-88d7-df5c168fa646,alright,NA,
VOICE_CAPTURE,36866,7/25/2023 2:33:03 PM,d58c859d-d4b5-4213-88d7-df5c168fa646,can anybody hear me can you wave at me,NA,
VOICE_COMMAND,36867,7/25/2023 2:33:03 PM,d58c859d-d4b5-4213-88d7-df5c168fa646,wave if you can,can anybody hear me can you wave at me,
S_A_L_T_WAVE_IF_CAN,36888,7/25/2023 2:33:03 PM,d58c859d-d4b5-4213-88d7-df5c168fa646,"(3.0, 0.0, 4.5)",waveIfCan,Lily_2 Root,
S_A_L_T_WAVED,36888,7/25/2023 2:33:03 PM,d58c859d-d4b5-4213-88d7-df5c168fa646,"(3.0, 0.0, 4.5)",waved,Lily_2 Root,
S_A_L_T_WAVE_IF_CAN,36888,7/25/2023 2:33:03 PM,d58c859d-d4b5-4213-88d7-df5c168fa646,"(1.2, 0.0, 6.2)",waveIfCan,Lily_4 Root,
S_A_L_T_WAVED,36888,7/25/2023 2:33:03 PM,d58c859d-d4b5-4213-88d7-df5c168fa646,"(1.2, 0.0, 6.2)",waved,Lily_4 Root,
S_A_L_T_WAVE_IF_CAN,36888,7/25/2023 2:33:03 PM,d58c859d-d4b5-4213-88d7-df5c168fa646,"(2.7, 0.0, 2.3)",waveIfCan,Mike_5 Root,
S_A_L_T_WAVED,36888,7/25/2023 2:33:03 PM,d58c859d-d4b5-4213-88d7-df5c168fa646,"(2.7, 0.0, 2.3)",waved,Mike_5 Root,
S_A_L_T_WAVE_IF_CAN,36889,7/25/2023 2:33:03 PM,d58c859d-d4b5-4213-88d7-df5c168fa646,"(-1.2, 0.0, 3.1)",waveIfCan,Gloria_6 Root,
S_A_L_T_WAVED,36889,7/25/2023 2:33:03 PM,d58c859d-d4b5-4213-88d7-df5c168fa646,"(-1.2, 0.0, 3.1)",waved,Gloria_6 Root,
S_A_L_T_WAVE_IF_CAN,36889,7/25/2023 2:33:03 PM,d58c859d-d4b5-4213-88d7-df5c168fa646,"(1.3, 0.0, 3.4)",waveIfCan,Mike_7 Root,
S_A_L_T_WAVED,36889,7/25/2023 2:33:03 PM,d58c859d-d4b5-4213-88d7-df5c168fa646,"(1.3, 0.0, 3.4)",waved,Mike_7 Root,
S_A_L_T_WAVE_IF_CAN,36889,7/25/2023 2:33:03 PM,d58c859d-d4b5-4213-88d7-df5c168fa646,"(3.7, 0.0, 6.0)",waveIfCan,Gloria_8 Root,
S_A_L_T_WAVED,36889,7/25/2023 2:33:03 PM,d58c859d-d4b5-4213-88d7-df5c168fa646,"(3.7, 0.0, 6.0)",waved,Gloria_8 Root,
S_A_L_T_WAVE_IF_CAN,36889,7/25/2023 2:33:03 PM,d58c859d-d4b5-4213-88d7-df5c168fa646,"(3.9, 0.0, 8.0)",waveIfCan,Helga_10 Root,
S_A_L_T_WAVED,36889,7/25/2023 2:33:03 PM,d58c859d-d4b5-4213-88d7-df5c168fa646,"(3.9, 0.0, 8.0)",waved,Helga_10 Root,
VOICE_CAPTURE,45168,7/25/2023 2:33:11 PM,d58c859d-d4b5-4213-88d7-df5c168fa646,nobody's wearing oh OK got a lot of waves those that are waving at me I need you to go over here by the stairs,NA,
VOICE_COMMAND,45168,7/25/2023 2:33:11 PM,d58c859d-d4b5-4213-88d7-df5c168fa646,wave if you can,nobody's wearing oh OK got a lot of waves those that are waving at me I need you to go over here by the stairs,
S_A_L_T_WAVE_IF_CAN,45170,7/25/2023 2:33:11 PM,d58c859d-d4b5-4213-88d7-df5c168fa646,"(3.0, 0.0, 4.5)",waveIfCan,Lily_2 Root,
S_A_L_T_WAVED,45170,7/25/2023 2:33:11 PM,d58c859d-d4b5-4213-88d7-df5c168fa646,"(3.0, 0.0, 4.5)",waved,Lily_2 Root,
S_A_L_T_WAVE_IF_CAN,45170,7/25/2023 2:33:11 PM,d58c859d-d4b5-4213-88d7-df5c168fa646,"(1.2, 0.0, 6.2)",waveIfCan,Lily_4 Root,
S_A_L_T_WAVED,45170,7/25/2023 2:33:11 PM,d58c859d-d4b5-4213-88d7-df5c168fa646,"(1.2, 0.0, 6.2)",waved,Lily_4 Root,
S_A_L_T_WAVE_IF_CAN,45170,7/25/2023 2:33:11 PM,d58c859d-d4b5-4213-88d7-df5c168fa646,"(2.7, 0.0, 2.3)",waveIfCan,Mike_5 Root,
S_A_L_T_WAVED,45170,7/25/2023 2:33:11 PM,d58c859d-d4b5-4213-88d7-df5c168fa646,"(2.7, 0.0, 2.3)",waved,Mike_5 Root,
S_A_L_T_WAVE_IF_CAN,45170,7/25/2023 2:33:11 PM,d58c859d-d4b5-4213-88d7-df5c168fa646,"(-1.2, 0.0, 3.1)",waveIfCan,Gloria_6 Root,
S_A_L_T_WAVED,45170,7/25/2023 2:33:11 PM,d58c859d-d4b5-4213-88d7-df5c168fa646,"(-1.2, 0.0, 3.1)",waved,Gloria_6 Root,
S_A_L_T_WAVE_IF_CAN,45170,7/25/2023 2:33:11 PM,d58c859d-d4b5-4213-88d7-df5c168fa646,"(1.3, 0.0, 3.4)",waveIfCan,Mike_7 Root,
S_A_L_T_WAVED,45170,7/25/2023 2:33:11 PM,d58c859d-d4b5-4213-88d7-df5c168fa646,"(1.3, 0.0, 3.4)",waved,Mike_7 Root,
S_A_L_T_WAVE_IF_CAN,45170,7/25/2023 2:33:11 PM,d58c859d-d4b5-4213-88d7-df5c168fa646,"(3.7, 0.0, 6.0)",waveIfCan,Gloria_8 Root,
S_A_L_T_WAVED,45170,7/25/2023 2:33:11 PM,d58c859d-d4b5-4213-88d7-df5c168fa646,"(3.7, 0.0, 6.0)",waved,Gloria_8 Root,
S_A_L_T_WAVE_IF_CAN,45170,7/25/2023 2:33:11 PM,d58c859d-d4b5-4213-88d7-df5c168fa646,"(3.9, 0.0, 8.0)",waveIfCan,Helga_10 Root,
S_A_L_T_WAVED,45170,7/25/2023 2:33:11 PM,d58c859d-d4b5-4213-88d7-df5c168fa646,"(3.9, 0.0, 8.0)",waved,Helga_10 Root,
VOICE_CAPTURE,49034,7/25/2023 2:33:15 PM,d58c859d-d4b5-4213-88d7-df5c168fa646,if you can walk I need you to walk over this way,NA,
VOICE_COMMAND,49034,7/25/2023 2:33:15 PM,d58c859d-d4b5-4213-88d7-df5c168fa646,walk to the safe area,if you can walk I need you to walk over this way,
S_A_L_T_WALK_IF_CAN,49036,7/25/2023 2:33:15 PM,d58c859d-d4b5-4213-88d7-df5c168fa646,"(3.0, 0.0, 4.5)",walkIfCan,Lily_2 Root,
S_A_L_T_WALK_IF_CAN,49036,7/25/2023 2:33:15 PM,d58c859d-d4b5-4213-88d7-df5c168fa646,"(1.2, 0.0, 6.2)",walkIfCan,Lily_4 Root,
S_A_L_T_WALK_IF_CAN,49036,7/25/2023 2:33:15 PM,d58c859d-d4b5-4213-88d7-df5c168fa646,"(2.7, 0.0, 2.3)",walkIfCan,Mike_5 Root,
S_A_L_T_WALK_IF_CAN,49036,7/25/2023 2:33:15 PM,d58c859d-d4b5-4213-88d7-df5c168fa646,"(-1.2, 0.0, 3.1)",walkIfCan,Gloria_6 Root,
S_A_L_T_WALK_IF_CAN,49036,7/25/2023 2:33:15 PM,d58c859d-d4b5-4213-88d7-df5c168fa646,"(1.3, 0.0, 3.4)",walkIfCan,Mike_7 Root,
S_A_L_T_WALK_IF_CAN,49036,7/25/2023 2:33:15 PM,d58c859d-d4b5-4213-88d7-df5c168fa646,"(3.7, 0.0, 6.0)",walkIfCan,Gloria_8 Root,
S_A_L_T_WALKED,49037,7/25/2023 2:33:15 PM,d58c859d-d4b5-4213-88d7-df5c168fa646,"(3.7, 0.0, 6.0)",walked,Gloria_8 Root,
S_A_L_T_WALK_IF_CAN,49037,7/25/2023 2:33:15 PM,d58c859d-d4b5-4213-88d7-df5c168fa646,"(3.9, 0.0, 8.0)",walkIfCan,Helga_10 Root,
S_A_L_T_WALKED,49037,7/25/2023 2:33:15 PM,d58c859d-d4b5-4213-88d7-df5c168fa646,"(3.9, 0.0, 8.0)",walked,Helga_10 Root,
VOICE_CAPTURE,59719,7/25/2023 2:33:26 PM,d58c859d-d4b5-4213-88d7-df5c168fa646,OK,NA,
VOICE_CAPTURE,63229,7/25/2023 2:33:29 PM,d58c859d-d4b5-4213-88d7-df5c168fa646,alright,NA,
TELEPORT,65897,7/25/2023 2:33:32 PM,d58c859d-d4b5-4213-88d7-df5c168fa646,"(0.8, 0.0, -2.3)",
VOICE_CAPTURE,66030,7/25/2023 2:33:32 PM,d58c859d-d4b5-4213-88d7-df5c168fa646,OK,NA,
PATIENT_ENGAGED,70604,7/25/2023 2:33:36 PM,d58c859d-d4b5-4213-88d7-df5c168fa646,100,0,Gary_3 Root,"(0.4, 0.0, 1.7)","(0.0, 0.0, 0.0, 1.0)",IMMEDIATE,still,faint,collapsedRight,normal,unresponsive,supine,
VOICE_CAPTURE,71269,7/25/2023 2:33:37 PM,d58c859d-d4b5-4213-88d7-df5c168fa646,first one I come up to,NA,
VOICE_CAPTURE,73768,7/25/2023 2:33:40 PM,d58c859d-d4b5-4213-88d7-df5c168fa646,can you hear me,NA,
VOICE_COMMAND,73769,7/25/2023 2:33:40 PM,d58c859d-d4b5-4213-88d7-df5c168fa646,can you hear,can you hear me,
BAG_ACCESS,76445,7/25/2023 2:33:42 PM,d58c859d-d4b5-4213-88d7-df5c168fa646,"(0.7, 0.6, 0.8)",
VOICE_CAPTURE,80300,7/25/2023 2:33:46 PM,d58c859d-d4b5-4213-88d7-df5c168fa646,does he have a pulse,NA,
VOICE_CAPTURE,85190,7/25/2023 2:33:51 PM,d58c859d-d4b5-4213-88d7-df5c168fa646,like am I gonna be able to fill this or ask,NA,
VOICE_CAPTURE,88041,7/25/2023 2:33:54 PM,d58c859d-d4b5-4213-88d7-df5c168fa646,you can feel it,NA,
VOICE_CAPTURE,89641,7/25/2023 2:33:55 PM,d58c859d-d4b5-4213-88d7-df5c168fa646,is he buried,NA,
VOICE_CAPTURE,94659,7/25/2023 2:34:00 PM,d58c859d-d4b5-4213-88d7-df5c168fa646,they do not have a pulse,NA,
PULSE_TAKEN,103041,7/25/2023 2:34:09 PM,d58c859d-d4b5-4213-88d7-df5c168fa646,pulse_faint,Gary_3 Root,
VOICE_CAPTURE,103123,7/25/2023 2:34:09 PM,d58c859d-d4b5-4213-88d7-df5c168fa646,I don't know if it vibrated or not I'll be honest with you Glenn,NA,
VOICE_CAPTURE,104409,7/25/2023 2:34:10 PM,d58c859d-d4b5-4213-88d7-df5c168fa646,no,NA,
VOICE_CAPTURE,108719,7/25/2023 2:34:15 PM,d58c859d-d4b5-4213-88d7-df5c168fa646,oh so it is vibrating so they do have a false right,NA,
VOICE_CAPTURE,110575,7/25/2023 2:34:16 PM,d58c859d-d4b5-4213-88d7-df5c168fa646,that's what I meant,NA,
VOICE_CAPTURE,117424,7/25/2023 2:34:23 PM,d58c859d-d4b5-4213-88d7-df5c168fa646,tell me looking at is he Bert,NA,
VOICE_CAPTURE,119767,7/25/2023 2:34:26 PM,d58c859d-d4b5-4213-88d7-df5c168fa646,sucking chest,NA,
VOICE_CAPTURE,121818,7/25/2023 2:34:28 PM,d58c859d-d4b5-4213-88d7-df5c168fa646,what am I looking at here,NA,
VOICE_CAPTURE,127098,7/25/2023 2:34:33 PM,d58c859d-d4b5-4213-88d7-df5c168fa646,I'm so confused,NA,
VOICE_CAPTURE,131230,7/25/2023 2:34:37 PM,d58c859d-d4b5-4213-88d7-df5c168fa646,is he is he breathing,NA,
VOICE_CAPTURE,138294,7/25/2023 2:34:44 PM,d58c859d-d4b5-4213-88d7-df5c168fa646,what is this,NA,
VOICE_CAPTURE,142471,7/25/2023 2:34:48 PM,d58c859d-d4b5-4213-88d7-df5c168fa646,what is this time,NA,
TAG_SELECTED,144192,7/25/2023 2:34:50 PM,d58c859d-d4b5-4213-88d7-df5c168fa646,gray,
BAG_CLOSED,144272,7/25/2023 2:34:50 PM,d58c859d-d4b5-4213-88d7-df5c168fa646,"(0.7, 0.6, 0.8)",
TELEPORT,144272,7/25/2023 2:34:50 PM,d58c859d-d4b5-4213-88d7-df5c168fa646,"(0.2, 0.0, -0.8)",
TAG_APPLIED,145176,7/25/2023 2:34:51 PM,d58c859d-d4b5-4213-88d7-df5c168fa646,Gary_3 Root,gray,
VOICE_CAPTURE,145683,7/25/2023 2:34:52 PM,d58c859d-d4b5-4213-88d7-df5c168fa646,is this the Internet,NA,
TELEPORT,147520,7/25/2023 2:34:53 PM,d58c859d-d4b5-4213-88d7-df5c168fa646,"(0.2, 0.0, -0.8)",
PATIENT_ENGAGED,151431,7/25/2023 2:34:57 PM,d58c859d-d4b5-4213-88d7-df5c168fa646,100,Infinity,Mike_5 Root,"(2.7, 0.0, 2.3)","(0.0, 1.0, 0.0, 0.0)",IMMEDIATE,waver,fast,normal,normal,upset,fetal,
TELEPORT,152230,7/25/2023 2:34:58 PM,d58c859d-d4b5-4213-88d7-df5c168fa646,"(1.8, 0.0, 0.0)",
TELEPORT,153630,7/25/2023 2:34:59 PM,d58c859d-d4b5-4213-88d7-df5c168fa646,"(0.9, 0.0, 1.3)",
VOICE_CAPTURE,153729,7/25/2023 2:35:00 PM,d58c859d-d4b5-4213-88d7-df5c168fa646,alright,NA,
VOICE_CAPTURE,156900,7/25/2023 2:35:03 PM,d58c859d-d4b5-4213-88d7-df5c168fa646,God bless it,NA,
BAG_ACCESS,158940,7/25/2023 2:35:05 PM,d58c859d-d4b5-4213-88d7-df5c168fa646,"(2.9, 0.7, 1.7)",
TOOL_HOVER,160198,7/25/2023 2:35:06 PM,d58c859d-d4b5-4213-88d7-df5c168fa646,Tourniquet,999,
TOOL_HOVER,160215,7/25/2023 2:35:06 PM,d58c859d-d4b5-4213-88d7-df5c168fa646,Tourniquet,999,
TOOL_HOVER,160232,7/25/2023 2:35:06 PM,d58c859d-d4b5-4213-88d7-df5c168fa646,Tourniquet,999,
TOOL_HOVER,160247,7/25/2023 2:35:06 PM,d58c859d-d4b5-4213-88d7-df5c168fa646,Tourniquet,999,
TOOL_HOVER,160264,7/25/2023 2:35:06 PM,d58c859d-d4b5-4213-88d7-df5c168fa646,Tourniquet,999,
TOOL_HOVER,160282,7/25/2023 2:35:06 PM,d58c859d-d4b5-4213-88d7-df5c168fa646,Tourniquet,999,
TOOL_HOVER,160297,7/25/2023 2:35:06 PM,d58c859d-d4b5-4213-88d7-df5c168fa646,Tourniquet,999,
TOOL_SELECTED,160300,7/25/2023 2:35:06 PM,d58c859d-d4b5-4213-88d7-df5c168fa646,Tourniquet,998,
TOOL_DISCARDED,161916,7/25/2023 2:35:08 PM,d58c859d-d4b5-4213-88d7-df5c168fa646,Tourniquet,998,"(2.9, 0.4, 2.3)",
TOOL_HOVER,164407,7/25/2023 2:35:10 PM,d58c859d-d4b5-4213-88d7-df5c168fa646,Tourniquet,999,
TOOL_HOVER,164426,7/25/2023 2:35:10 PM,d58c859d-d4b5-4213-88d7-df5c168fa646,Tourniquet,999,
TOOL_HOVER,164445,7/25/2023 2:35:10 PM,d58c859d-d4b5-4213-88d7-df5c168fa646,Tourniquet,999,
TOOL_HOVER,164467,7/25/2023 2:35:10 PM,d58c859d-d4b5-4213-88d7-df5c168fa646,Tourniquet,999,
TOOL_HOVER,164487,7/25/2023 2:35:10 PM,d58c859d-d4b5-4213-88d7-df5c168fa646,Tourniquet,999,
TOOL_HOVER,164508,7/25/2023 2:35:10 PM,d58c859d-d4b5-4213-88d7-df5c168fa646,Tourniquet,999,
TOOL_SELECTED,164508,7/25/2023 2:35:10 PM,d58c859d-d4b5-4213-88d7-df5c168fa646,Tourniquet,998,
BAG_CLOSED,164551,7/25/2023 2:35:10 PM,d58c859d-d4b5-4213-88d7-df5c168fa646,"(2.9, 0.7, 1.7)",
TELEPORT,164551,7/25/2023 2:35:10 PM,d58c859d-d4b5-4213-88d7-df5c168fa646,"(0.9, 0.0, 1.3)",
INJURY_TREATED,166356,7/25/2023 2:35:12 PM,d58c859d-d4b5-4213-88d7-df5c168fa646,R Thigh Laceration,Mike_5 Root,tourniquet,medium,rightLeg,True,False,"(3.0, 0.3, 2.2)",
TOOL_APPLIED,166356,7/25/2023 2:35:12 PM,d58c859d-d4b5-4213-88d7-df5c168fa646,Mike_5 Root,Tourniquet,RightUpLeg (UnityEngine.GameObject),tor_ring (1) (UnityEngine.GameObject),tourniquet(Clone) (UnityEngine.GameObject),AppliedTourniquet,
BAG_ACCESS,171370,7/25/2023 2:35:17 PM,d58c859d-d4b5-4213-88d7-df5c168fa646,"(2.9, 0.7, 1.8)",
TOOL_HOVER,172608,7/25/2023 2:35:18 PM,d58c859d-d4b5-4213-88d7-df5c168fa646,Hemostatic Gauze,999,
TOOL_HOVER,172623,7/25/2023 2:35:18 PM,d58c859d-d4b5-4213-88d7-df5c168fa646,Hemostatic Gauze,999,
TOOL_HOVER,172641,7/25/2023 2:35:18 PM,d58c859d-d4b5-4213-88d7-df5c168fa646,Hemostatic Gauze,999,
TOOL_HOVER,172656,7/25/2023 2:35:18 PM,d58c859d-d4b5-4213-88d7-df5c168fa646,Hemostatic Gauze,999,
TOOL_HOVER,172674,7/25/2023 2:35:19 PM,d58c859d-d4b5-4213-88d7-df5c168fa646,Hemostatic Gauze,999,
TOOL_HOVER,172691,7/25/2023 2:35:19 PM,d58c859d-d4b5-4213-88d7-df5c168fa646,Hemostatic Gauze,999,
TOOL_HOVER,172706,7/25/2023 2:35:19 PM,d58c859d-d4b5-4213-88d7-df5c168fa646,Hemostatic Gauze,999,
TOOL_HOVER,172724,7/25/2023 2:35:19 PM,d58c859d-d4b5-4213-88d7-df5c168fa646,Hemostatic Gauze,999,
TOOL_HOVER,172740,7/25/2023 2:35:19 PM,d58c859d-d4b5-4213-88d7-df5c168fa646,Hemostatic Gauze,999,
TOOL_HOVER,172757,7/25/2023 2:35:19 PM,d58c859d-d4b5-4213-88d7-df5c168fa646,Hemostatic Gauze,999,
TOOL_HOVER,172774,7/25/2023 2:35:19 PM,d58c859d-d4b5-4213-88d7-df5c168fa646,Hemostatic Gauze,999,
TOOL_SELECTED,172776,7/25/2023 2:35:19 PM,d58c859d-d4b5-4213-88d7-df5c168fa646,Hemostatic Gauze,998,
TOOL_DISCARDED,174639,7/25/2023 2:35:20 PM,d58c859d-d4b5-4213-88d7-df5c168fa646,Hemostatic Gauze,998,"(3.1, 0.4, 2.4)",
TOOL_DISCARDED,174639,7/25/2023 2:35:20 PM,d58c859d-d4b5-4213-88d7-df5c168fa646,Hemostatic Gauze,999,"(3.1, 0.4, 2.4)",
TOOL_HOVER,177108,7/25/2023 2:35:23 PM,d58c859d-d4b5-4213-88d7-df5c168fa646,Hemostatic Gauze,1000,
TOOL_HOVER,177125,7/25/2023 2:35:23 PM,d58c859d-d4b5-4213-88d7-df5c168fa646,Hemostatic Gauze,1000,
TOOL_HOVER,177141,7/25/2023 2:35:23 PM,d58c859d-d4b5-4213-88d7-df5c168fa646,Hemostatic Gauze,1000,
TOOL_HOVER,177158,7/25/2023 2:35:23 PM,d58c859d-d4b5-4213-88d7-df5c168fa646,Hemostatic Gauze,1000,
TOOL_HOVER,177174,7/25/2023 2:35:23 PM,d58c859d-d4b5-4213-88d7-df5c168fa646,Hemostatic Gauze,1000,
TOOL_HOVER,177191,7/25/2023 2:35:23 PM,d58c859d-d4b5-4213-88d7-df5c168fa646,Hemostatic Gauze,1000,
TOOL_HOVER,177207,7/25/2023 2:35:23 PM,d58c859d-d4b5-4213-88d7-df5c168fa646,Hemostatic Gauze,1000,
TOOL_SELECTED,177209,7/25/2023 2:35:23 PM,d58c859d-d4b5-4213-88d7-df5c168fa646,Hemostatic Gauze,999,
VOICE_CAPTURE,179299,7/25/2023 2:35:25 PM,d58c859d-d4b5-4213-88d7-df5c168fa646,Do I have to get up on him,NA,
VOICE_COMMAND,179299,7/25/2023 2:35:25 PM,d58c859d-d4b5-4213-88d7-df5c168fa646,stand up,Do I have to get up on him,
TOOL_DISCARDED,179480,7/25/2023 2:35:25 PM,d58c859d-d4b5-4213-88d7-df5c168fa646,Hemostatic Gauze,999,"(3.1, 0.2, 2.5)",
TOOL_APPLIED,179481,7/25/2023 2:35:25 PM,d58c859d-d4b5-4213-88d7-df5c168fa646,Mike_5 Root,Gauze_Pack,skinCollider_BodyCollideLOD (UnityEngine.GameObject),null,null,AppliedPackingGauze,
VOICE_CAPTURE,189696,7/25/2023 2:35:36 PM,d58c859d-d4b5-4213-88d7-df5c168fa646,what's happening,NA,
VOICE_CAPTURE,192989,7/25/2023 2:35:39 PM,d58c859d-d4b5-4213-88d7-df5c168fa646,sit,NA,
VOICE_COMMAND,192989,7/25/2023 2:35:39 PM,d58c859d-d4b5-4213-88d7-df5c168fa646,sit up/down,sit,
VOICE_CAPTURE,193773,7/25/2023 2:35:40 PM,d58c859d-d4b5-4213-88d7-df5c168fa646,what,NA,
VOICE_CAPTURE,203138,7/25/2023 2:35:49 PM,d58c859d-d4b5-4213-88d7-df5c168fa646,yeah he just kinda scares me,NA,
VOICE_CAPTURE,206646,7/25/2023 2:35:52 PM,d58c859d-d4b5-4213-88d7-df5c168fa646,OK,NA,
PULSE_TAKEN,207623,7/25/2023 2:35:53 PM,d58c859d-d4b5-4213-88d7-df5c168fa646,pulse_fast,Mike_5 Root,
PULSE_TAKEN,208092,7/25/2023 2:35:54 PM,d58c859d-d4b5-4213-88d7-df5c168fa646,pulse_fast,Mike_5 Root,
PULSE_TAKEN,208488,7/25/2023 2:35:54 PM,d58c859d-d4b5-4213-88d7-df5c168fa646,pulse_fast,Mike_5 Root,
VOICE_CAPTURE,208731,7/25/2023 2:35:55 PM,d58c859d-d4b5-4213-88d7-df5c168fa646,is he still bleeding down here,NA,
VOICE_CAPTURE,212726,7/25/2023 2:35:59 PM,d58c859d-d4b5-4213-88d7-df5c168fa646,can you lay down,NA,
VOICE_COMMAND,212726,7/25/2023 2:35:59 PM,d58c859d-d4b5-4213-88d7-df5c168fa646,lay down,can you lay down,
TOOL_HOVER,217610,7/25/2023 2:36:03 PM,d58c859d-d4b5-4213-88d7-df5c168fa646,Hemostatic Gauze,1000,
TOOL_HOVER,217627,7/25/2023 2:36:03 PM,d58c859d-d4b5-4213-88d7-df5c168fa646,Hemostatic Gauze,1000,
TOOL_HOVER,217643,7/25/2023 2:36:03 PM,d58c859d-d4b5-4213-88d7-df5c168fa646,Hemostatic Gauze,1000,
TOOL_HOVER,217660,7/25/2023 2:36:03 PM,d58c859d-d4b5-4213-88d7-df5c168fa646,Hemostatic Gauze,1000,
TOOL_HOVER,217676,7/25/2023 2:36:04 PM,d58c859d-d4b5-4213-88d7-df5c168fa646,Hemostatic Gauze,1000,
TOOL_HOVER,217693,7/25/2023 2:36:04 PM,d58c859d-d4b5-4213-88d7-df5c168fa646,Hemostatic Gauze,1000,
TOOL_HOVER,217709,7/25/2023 2:36:04 PM,d58c859d-d4b5-4213-88d7-df5c168fa646,Hemostatic Gauze,1000,
TOOL_HOVER,217727,7/25/2023 2:36:04 PM,d58c859d-d4b5-4213-88d7-df5c168fa646,Hemostatic Gauze,1000,
TOOL_HOVER,217743,7/25/2023 2:36:04 PM,d58c859d-d4b5-4213-88d7-df5c168fa646,Hemostatic Gauze,1000,
TOOL_HOVER,217759,7/25/2023 2:36:04 PM,d58c859d-d4b5-4213-88d7-df5c168fa646,Hemostatic Gauze,1000,
TOOL_HOVER,217777,7/25/2023 2:36:04 PM,d58c859d-d4b5-4213-88d7-df5c168fa646,Hemostatic Gauze,1000,
TOOL_HOVER,217792,7/25/2023 2:36:04 PM,d58c859d-d4b5-4213-88d7-df5c168fa646,Hemostatic Gauze,1000,
TOOL_HOVER,217810,7/25/2023 2:36:04 PM,d58c859d-d4b5-4213-88d7-df5c168fa646,Hemostatic Gauze,1000,
TOOL_HOVER,217827,7/25/2023 2:36:04 PM,d58c859d-d4b5-4213-88d7-df5c168fa646,Hemostatic Gauze,1000,
TOOL_HOVER,217843,7/25/2023 2:36:04 PM,d58c859d-d4b5-4213-88d7-df5c168fa646,Hemostatic Gauze,1000,
VOICE_CAPTURE,217860,7/25/2023 2:36:04 PM,d58c859d-d4b5-4213-88d7-df5c168fa646,there you go that's what I want you to do,NA,
TOOL_HOVER,217861,7/25/2023 2:36:04 PM,d58c859d-d4b5-4213-88d7-df5c168fa646,Hemostatic Gauze,1000,
TOOL_HOVER,217877,7/25/2023 2:36:04 PM,d58c859d-d4b5-4213-88d7-df5c168fa646,Hemostatic Gauze,1000,
TOOL_HOVER,217893,7/25/2023 2:36:04 PM,d58c859d-d4b5-4213-88d7-df5c168fa646,Hemostatic Gauze,1000,
TOOL_HOVER,219806,7/25/2023 2:36:06 PM,d58c859d-d4b5-4213-88d7-df5c168fa646,Hemostatic Gauze,1000,
TOOL_HOVER,219822,7/25/2023 2:36:06 PM,d58c859d-d4b5-4213-88d7-df5c168fa646,Hemostatic Gauze,1000,
TOOL_HOVER,219839,7/25/2023 2:36:06 PM,d58c859d-d4b5-4213-88d7-df5c168fa646,Hemostatic Gauze,1000,
TOOL_HOVER,219856,7/25/2023 2:36:06 PM,d58c859d-d4b5-4213-88d7-df5c168fa646,Hemostatic Gauze,1000,
TOOL_HOVER,219871,7/25/2023 2:36:06 PM,d58c859d-d4b5-4213-88d7-df5c168fa646,Hemostatic Gauze,1000,
TOOL_HOVER,219889,7/25/2023 2:36:06 PM,d58c859d-d4b5-4213-88d7-df5c168fa646,Hemostatic Gauze,1000,
TOOL_HOVER,219904,7/25/2023 2:36:06 PM,d58c859d-d4b5-4213-88d7-df5c168fa646,Hemostatic Gauze,1000,
TOOL_HOVER,219921,7/25/2023 2:36:06 PM,d58c859d-d4b5-4213-88d7-df5c168fa646,Hemostatic Gauze,1000,
TOOL_HOVER,219939,7/25/2023 2:36:06 PM,d58c859d-d4b5-4213-88d7-df5c168fa646,Hemostatic Gauze,1000,
TOOL_HOVER,219956,7/25/2023 2:36:06 PM,d58c859d-d4b5-4213-88d7-df5c168fa646,Hemostatic Gauze,1000,
TOOL_HOVER,219973,7/25/2023 2:36:06 PM,d58c859d-d4b5-4213-88d7-df5c168fa646,Hemostatic Gauze,1000,
TOOL_HOVER,219991,7/25/2023 2:36:06 PM,d58c859d-d4b5-4213-88d7-df5c168fa646,Hemostatic Gauze,1000,
TOOL_HOVER,220010,7/25/2023 2:36:06 PM,d58c859d-d4b5-4213-88d7-df5c168fa646,Hemostatic Gauze,1000,
TOOL_HOVER,220029,7/25/2023 2:36:06 PM,d58c859d-d4b5-4213-88d7-df5c168fa646,Hemostatic Gauze,1000,
TOOL_HOVER,220045,7/25/2023 2:36:06 PM,d58c859d-d4b5-4213-88d7-df5c168fa646,Hemostatic Gauze,1000,
TOOL_HOVER,220063,7/25/2023 2:36:06 PM,d58c859d-d4b5-4213-88d7-df5c168fa646,Hemostatic Gauze,1000,
TOOL_HOVER,220080,7/25/2023 2:36:06 PM,d58c859d-d4b5-4213-88d7-df5c168fa646,Hemostatic Gauze,1000,
TOOL_HOVER,220098,7/25/2023 2:36:06 PM,d58c859d-d4b5-4213-88d7-df5c168fa646,Hemostatic Gauze,1000,
TOOL_HOVER,220116,7/25/2023 2:36:06 PM,d58c859d-d4b5-4213-88d7-df5c168fa646,Hemostatic Gauze,1000,
TOOL_HOVER,220135,7/25/2023 2:36:06 PM,d58c859d-d4b5-4213-88d7-df5c168fa646,Hemostatic Gauze,1000,
TOOL_HOVER,220151,7/25/2023 2:36:06 PM,d58c859d-d4b5-4213-88d7-df5c168fa646,Hemostatic Gauze,1000,
TOOL_HOVER,220167,7/25/2023 2:36:06 PM,d58c859d-d4b5-4213-88d7-df5c168fa646,Hemostatic Gauze,1000,
TOOL_HOVER,220184,7/25/2023 2:36:06 PM,d58c859d-d4b5-4213-88d7-df5c168fa646,Hemostatic Gauze,1000,
TOOL_HOVER,222296,7/25/2023 2:36:08 PM,d58c859d-d4b5-4213-88d7-df5c168fa646,Hemostatic Gauze,1000,
TOOL_HOVER,222314,7/25/2023 2:36:08 PM,d58c859d-d4b5-4213-88d7-df5c168fa646,Hemostatic Gauze,1000,
TOOL_HOVER,222333,7/25/2023 2:36:08 PM,d58c859d-d4b5-4213-88d7-df5c168fa646,Hemostatic Gauze,1000,
TOOL_HOVER,222351,7/25/2023 2:36:08 PM,d58c859d-d4b5-4213-88d7-df5c168fa646,Hemostatic Gauze,1000,
TOOL_HOVER,222370,7/25/2023 2:36:08 PM,d58c859d-d4b5-4213-88d7-df5c168fa646,Hemostatic Gauze,1000,
TOOL_SELECTED,222371,7/25/2023 2:36:08 PM,d58c859d-d4b5-4213-88d7-df5c168fa646,Hemostatic Gauze,999,
VOICE_CAPTURE,222996,7/25/2023 2:36:09 PM,d58c859d-d4b5-4213-88d7-df5c168fa646,come here,NA,
TOOL_DISCARDED,224163,7/25/2023 2:36:10 PM,d58c859d-d4b5-4213-88d7-df5c168fa646,Hemostatic Gauze,999,"(2.2, 0.2, 1.6)",
INJURY_TREATED,224164,7/25/2023 2:36:10 PM,d58c859d-d4b5-4213-88d7-df5c168fa646,R Side Puncture,Mike_5 Root,woundpack,medium,abdomen,True,False,"(2.2, 0.2, 1.6)",
TOOL_APPLIED,224164,7/25/2023 2:36:10 PM,d58c859d-d4b5-4213-88d7-df5c168fa646,Mike_5 Root,Gauze_Pack,skinCollider_BodyCollideLOD (UnityEngine.GameObject),null,null,AppliedPackingGauze,
TAG_SELECTED,227114,7/25/2023 2:36:13 PM,d58c859d-d4b5-4213-88d7-df5c168fa646,red,
VOICE_CAPTURE,230168,7/25/2023 2:36:16 PM,d58c859d-d4b5-4213-88d7-df5c168fa646,quite honestly,NA,
TAG_APPLIED,231203,7/25/2023 2:36:17 PM,d58c859d-d4b5-4213-88d7-df5c168fa646,Mike_5 Root,red,
BAG_CLOSED,233040,7/25/2023 2:36:19 PM,d58c859d-d4b5-4213-88d7-df5c168fa646,"(2.9, 0.7, 1.8)",
TELEPORT,233040,7/25/2023 2:36:19 PM,d58c859d-d4b5-4213-88d7-df5c168fa646,"(1.8, 0.0, 0.0)",
VOICE_CAPTURE,234907,7/25/2023 2:36:21 PM,d58c859d-d4b5-4213-88d7-df5c168fa646,I wanted to be a run,NA,
PATIENT_ENGAGED,234975,7/25/2023 2:36:21 PM,d58c859d-d4b5-4213-88d7-df5c168fa646,100,Infinity,Lily_2 Root,"(3.0, 0.0, 4.5)","(0.0, 1.0, 0.0, 0.0)",IMMEDIATE,waver,fast,fast,normal,agony,fetal,
BAG_ACCESS,237499,7/25/2023 2:36:23 PM,d58c859d-d4b5-4213-88d7-df5c168fa646,"(3.5, 0.7, 3.7)",
VOICE_CAPTURE,238049,7/25/2023 2:36:24 PM,d58c859d-d4b5-4213-88d7-df5c168fa646,please help,NA,
TOOL_HOVER,241308,7/25/2023 2:36:27 PM,d58c859d-d4b5-4213-88d7-df5c168fa646,Tourniquet,998,
TOOL_HOVER,241325,7/25/2023 2:36:27 PM,d58c859d-d4b5-4213-88d7-df5c168fa646,Tourniquet,998,
TOOL_HOVER,241343,7/25/2023 2:36:27 PM,d58c859d-d4b5-4213-88d7-df5c168fa646,Tourniquet,998,
TOOL_HOVER,241359,7/25/2023 2:36:27 PM,d58c859d-d4b5-4213-88d7-df5c168fa646,Tourniquet,998,
BAG_CLOSED,241375,7/25/2023 2:36:27 PM,d58c859d-d4b5-4213-88d7-df5c168fa646,"(3.5, 0.7, 3.7)",
TELEPORT,241375,7/25/2023 2:36:27 PM,d58c859d-d4b5-4213-88d7-df5c168fa646,"(2.1, 0.0, 1.6)",
VOICE_CAPTURE,244488,7/25/2023 2:36:30 PM,d58c859d-d4b5-4213-88d7-df5c168fa646,oh,NA,
BAG_ACCESS,244655,7/25/2023 2:36:30 PM,d58c859d-d4b5-4213-88d7-df5c168fa646,"(3.3, 0.7, 3.6)",
VOICE_CAPTURE,247189,7/25/2023 2:36:33 PM,d58c859d-d4b5-4213-88d7-df5c168fa646,hey where'd you go,NA,
TOOL_HOVER,250497,7/25/2023 2:36:36 PM,d58c859d-d4b5-4213-88d7-df5c168fa646,Tourniquet,998,
TOOL_HOVER,250516,7/25/2023 2:36:36 PM,d58c859d-d4b5-4213-88d7-df5c168fa646,Tourniquet,998,
TOOL_HOVER,250534,7/25/2023 2:36:36 PM,d58c859d-d4b5-4213-88d7-df5c168fa646,Tourniquet,998,
TOOL_HOVER,250554,7/25/2023 2:36:36 PM,d58c859d-d4b5-4213-88d7-df5c168fa646,Tourniquet,998,
TOOL_SELECTED,250555,7/25/2023 2:36:36 PM,d58c859d-d4b5-4213-88d7-df5c168fa646,Tourniquet,997,
VOICE_CAPTURE,250671,7/25/2023 2:36:37 PM,d58c859d-d4b5-4213-88d7-df5c168fa646,wait why is that highlighting yellow,NA,
INJURY_TREATED,252766,7/25/2023 2:36:39 PM,d58c859d-d4b5-4213-88d7-df5c168fa646,R Shin Amputation,Lily_2 Root,tourniquet,high,rightLeg,True,False,"(3.2, 0.1, 4.2)",
TOOL_APPLIED,252767,7/25/2023 2:36:39 PM,d58c859d-d4b5-4213-88d7-df5c168fa646,Lily_2 Root,Tourniquet,RightUpLeg (UnityEngine.GameObject),tor_ring (1) (UnityEngine.GameObject),tourniquet(Clone) (UnityEngine.GameObject),AppliedTourniquet,
VOICE_CAPTURE,256337,7/25/2023 2:36:42 PM,d58c859d-d4b5-4213-88d7-df5c168fa646,oh OK I didn't know if it was like trying to tell me I didn't have enough or what,NA,
VOICE_CAPTURE,260319,7/25/2023 2:36:46 PM,d58c859d-d4b5-4213-88d7-df5c168fa646,is that is that all I'm saying,NA,
TAG_SELECTED,265617,7/25/2023 2:36:51 PM,d58c859d-d4b5-4213-88d7-df5c168fa646,red,
TAG_APPLIED,266669,7/25/2023 2:36:53 PM,d58c859d-d4b5-4213-88d7-df5c168fa646,Lily_2 Root,red,
BAG_CLOSED,268260,7/25/2023 2:36:54 PM,d58c859d-d4b5-4213-88d7-df5c168fa646,"(3.3, 0.7, 3.6)",
TELEPORT,268260,7/25/2023 2:36:54 PM,d58c859d-d4b5-4213-88d7-df5c168fa646,"(0.9, 0.0, 3.2)",
PATIENT_ENGAGED,269093,7/25/2023 2:36:55 PM,d58c859d-d4b5-4213-88d7-df5c168fa646,100,Infinity,Mike_7 Root,"(1.3, 0.0, 3.4)","(0.0, 0.1, 0.0, 1.0)",DELAYED,waver,fast,normal,normal,upset,sittingGround,
TELEPORT,275145,7/25/2023 2:37:01 PM,d58c859d-d4b5-4213-88d7-df5c168fa646,"(0.0, 0.0, 3.1)",
TELEPORT,275330,7/25/2023 2:37:01 PM,d58c859d-d4b5-4213-88d7-df5c168fa646,"(0.0, 0.0, 3.1)",
BAG_ACCESS,275347,7/25/2023 2:37:01 PM,d58c859d-d4b5-4213-88d7-df5c168fa646,"(1.5, 0.7, 3.7)",
TOOL_HOVER,277904,7/25/2023 2:37:04 PM,d58c859d-d4b5-4213-88d7-df5c168fa646,Tourniquet,997,
TOOL_HOVER,277921,7/25/2023 2:37:04 PM,d58c859d-d4b5-4213-88d7-df5c168fa646,Tourniquet,997,
TOOL_HOVER,277940,7/25/2023 2:37:04 PM,d58c859d-d4b5-4213-88d7-df5c168fa646,Tourniquet,997,
TOOL_SELECTED,277941,7/25/2023 2:37:04 PM,d58c859d-d4b5-4213-88d7-df5c168fa646,Tourniquet,996,
BAG_CLOSED,279127,7/25/2023 2:37:05 PM,d58c859d-d4b5-4213-88d7-df5c168fa646,"(1.4, 0.7, 3.7)",
TELEPORT,279127,7/25/2023 2:37:05 PM,d58c859d-d4b5-4213-88d7-df5c168fa646,"(0.0, 0.0, 3.1)",
INJURY_TREATED,279405,7/25/2023 2:37:05 PM,d58c859d-d4b5-4213-88d7-df5c168fa646,L Thigh Puncture,Mike_7 Root,tourniquet,medium,leftLeg,True,False,"(0.7, 0.1, 3.5)",
TOOL_APPLIED,279405,7/25/2023 2:37:05 PM,d58c859d-d4b5-4213-88d7-df5c168fa646,Mike_7 Root,Tourniquet,LeftUpLeg (UnityEngine.GameObject),tor_ring (1) (UnityEngine.GameObject),tourniquet(Clone) (UnityEngine.GameObject),AppliedTourniquet,
VOICE_CAPTURE,279712,7/25/2023 2:37:06 PM,d58c859d-d4b5-4213-88d7-df5c168fa646,I feel like I'm failing big time,NA,
TELEPORT,281855,7/25/2023 2:37:08 PM,d58c859d-d4b5-4213-88d7-df5c168fa646,"(0.0, 0.0, 3.1)",
BAG_ACCESS,281927,7/25/2023 2:37:08 PM,d58c859d-d4b5-4213-88d7-df5c168fa646,"(1.5, 0.7, 3.6)",
TAG_SELECTED,284199,7/25/2023 2:37:10 PM,d58c859d-d4b5-4213-88d7-df5c168fa646,yellow,
BAG_CLOSED,284297,7/25/2023 2:37:10 PM,d58c859d-d4b5-4213-88d7-df5c168fa646,"(1.5, 0.7, 3.6)",
TELEPORT,284297,7/25/2023 2:37:10 PM,d58c859d-d4b5-4213-88d7-df5c168fa646,"(0.0, 0.0, 3.1)",
VOICE_CAPTURE,284797,7/25/2023 2:37:11 PM,d58c859d-d4b5-4213-88d7-df5c168fa646,oh,NA,
TAG_APPLIED,285349,7/25/2023 2:37:11 PM,d58c859d-d4b5-4213-88d7-df5c168fa646,Mike_7 Root,yellow,
TELEPORT,286367,7/25/2023 2:37:12 PM,d58c859d-d4b5-4213-88d7-df5c168fa646,"(0.0, 0.0, 3.1)",
VOICE_CAPTURE,287769,7/25/2023 2:37:14 PM,d58c859d-d4b5-4213-88d7-df5c168fa646,right now he's talking to me,NA,
PATIENT_ENGAGED,288537,7/25/2023 2:37:14 PM,d58c859d-d4b5-4213-88d7-df5c168fa646,100,Infinity,Gloria_6 Root,"(-1.2, 0.0, 3.1)","(0.0, 0.4, 0.0, 0.9)",DELAYED,waver,fast,normal,normal,upset,fetal,
TELEPORT,292587,7/25/2023 2:37:18 PM,d58c859d-d4b5-4213-88d7-df5c168fa646,"(-2.0, 0.0, 3.2)",
BAG_ACCESS,293470,7/25/2023 2:37:19 PM,d58c859d-d4b5-4213-88d7-df5c168fa646,"(-0.7, 0.7, 3.6)",
VOICE_CAPTURE,295386,7/25/2023 2:37:21 PM,d58c859d-d4b5-4213-88d7-df5c168fa646,no major bleeding right now,NA,
TAG_SELECTED,297780,7/25/2023 2:37:24 PM,d58c859d-d4b5-4213-88d7-df5c168fa646,red,
VOICE_CAPTURE,299354,7/25/2023 2:37:25 PM,d58c859d-d4b5-4213-88d7-df5c168fa646,she's able to talk to me,NA,
TAG_DISCARDED,299989,7/25/2023 2:37:26 PM,d58c859d-d4b5-4213-88d7-df5c168fa646,red,"(-1.2, 1.1, 3.5)",
TAG_SELECTED,300839,7/25/2023 2:37:27 PM,d58c859d-d4b5-4213-88d7-df5c168fa646,yellow,
VOICE_CAPTURE,301691,7/25/2023 2:37:28 PM,d58c859d-d4b5-4213-88d7-df5c168fa646,no I don't want that,NA,
TAG_APPLIED,304893,7/25/2023 2:37:31 PM,d58c859d-d4b5-4213-88d7-df5c168fa646,Gloria_6 Root,yellow,
BAG_CLOSED,306292,7/25/2023 2:37:32 PM,d58c859d-d4b5-4213-88d7-df5c168fa646,"(-0.7, 0.7, 3.6)",
TELEPORT,306292,7/25/2023 2:37:32 PM,d58c859d-d4b5-4213-88d7-df5c168fa646,"(-2.0, 0.0, 3.2)",
TELEPORT,307909,7/25/2023 2:37:34 PM,d58c859d-d4b5-4213-88d7-df5c168fa646,"(-2.0, 0.0, 3.2)",
TELEPORT,309542,7/25/2023 2:37:35 PM,d58c859d-d4b5-4213-88d7-df5c168fa646,"(-2.0, 0.0, 3.2)",
PATIENT_ENGAGED,312036,7/25/2023 2:37:38 PM,d58c859d-d4b5-4213-88d7-df5c168fa646,100,Infinity,Bob_0 Root,"(-1.7, 0.0, 5.7)","(0.0, 0.7, 0.0, 0.7)",DEAD,still,none,none,none,dead,supine,
TELEPORT,312590,7/25/2023 2:37:38 PM,d58c859d-d4b5-4213-88d7-df5c168fa646,"(-2.5, 0.0, 4.3)",
BAG_ACCESS,313406,7/25/2023 2:37:39 PM,d58c859d-d4b5-4213-88d7-df5c168fa646,"(-1.0, 0.7, 4.8)",
VOICE_CAPTURE,315207,7/25/2023 2:37:41 PM,d58c859d-d4b5-4213-88d7-df5c168fa646,what,NA,
TAG_SELECTED,315258,7/25/2023 2:37:41 PM,d58c859d-d4b5-4213-88d7-df5c168fa646,black,
BAG_CLOSED,315325,7/25/2023 2:37:41 PM,d58c859d-d4b5-4213-88d7-df5c168fa646,"(-1.0, 0.7, 4.8)",
TELEPORT,315325,7/25/2023 2:37:41 PM,d58c859d-d4b5-4213-88d7-df5c168fa646,"(-2.5, 0.0, 4.3)",
TELEPORT,316642,7/25/2023 2:37:42 PM,d58c859d-d4b5-4213-88d7-df5c168fa646,"(-2.5, 0.0, 4.3)",
TAG_APPLIED,316741,7/25/2023 2:37:43 PM,d58c859d-d4b5-4213-88d7-df5c168fa646,Bob_0 Root,black,
TELEPORT,317975,7/25/2023 2:37:44 PM,d58c859d-d4b5-4213-88d7-df5c168fa646,"(-2.5, 0.0, 4.3)",
VOICE_CAPTURE,319160,7/25/2023 2:37:45 PM,d58c859d-d4b5-4213-88d7-df5c168fa646,taking way too long to do this,NA,
PATIENT_ENGAGED,320163,7/25/2023 2:37:46 PM,d58c859d-d4b5-4213-88d7-df5c168fa646,100,Infinity,Lily_4 Root,"(1.2, 0.0, 6.2)","(0.0, 1.0, 0.0, 0.0)",IMMEDIATE,waver,fast,normal,normal,upset,fetal,
BAG_ACCESS,324400,7/25/2023 2:37:50 PM,d58c859d-d4b5-4213-88d7-df5c168fa646,"(0.3, 0.7, 6.0)",
VOICE_CAPTURE,327300,7/25/2023 2:37:53 PM,d58c859d-d4b5-4213-88d7-df5c168fa646,where are you heard at,NA,
VOICE_COMMAND,327300,7/25/2023 2:37:53 PM,d58c859d-d4b5-4213-88d7-df5c168fa646,where are you,where are you heard at,
VOICE_CAPTURE,331413,7/25/2023 2:37:57 PM,d58c859d-d4b5-4213-88d7-df5c168fa646,are you hurt,NA,
VOICE_COMMAND,331413,7/25/2023 2:37:57 PM,d58c859d-d4b5-4213-88d7-df5c168fa646,are you hurt,are you hurt,
TAG_SELECTED,337148,7/25/2023 2:38:03 PM,d58c859d-d4b5-4213-88d7-df5c168fa646,yellow,
TAG_DISCARDED,339448,7/25/2023 2:38:05 PM,d58c859d-d4b5-4213-88d7-df5c168fa646,yellow,"(0.7, 1.1, 6.4)",
TOOL_HOVER,341009,7/25/2023 2:38:07 PM,d58c859d-d4b5-4213-88d7-df5c168fa646,Hemostatic Gauze,1000,
TOOL_HOVER,341026,7/25/2023 2:38:07 PM,d58c859d-d4b5-4213-88d7-df5c168fa646,Hemostatic Gauze,1000,
TOOL_HOVER,341042,7/25/2023 2:38:07 PM,d58c859d-d4b5-4213-88d7-df5c168fa646,Hemostatic Gauze,1000,
TOOL_HOVER,341058,7/25/2023 2:38:07 PM,d58c859d-d4b5-4213-88d7-df5c168fa646,Hemostatic Gauze,1000,
TOOL_HOVER,341075,7/25/2023 2:38:07 PM,d58c859d-d4b5-4213-88d7-df5c168fa646,Hemostatic Gauze,1000,
TOOL_HOVER,341092,7/25/2023 2:38:07 PM,d58c859d-d4b5-4213-88d7-df5c168fa646,Hemostatic Gauze,1000,
TOOL_HOVER,341108,7/25/2023 2:38:07 PM,d58c859d-d4b5-4213-88d7-df5c168fa646,Hemostatic Gauze,1000,
TOOL_HOVER,341125,7/25/2023 2:38:07 PM,d58c859d-d4b5-4213-88d7-df5c168fa646,Hemostatic Gauze,1000,
TOOL_HOVER,341143,7/25/2023 2:38:07 PM,d58c859d-d4b5-4213-88d7-df5c168fa646,Hemostatic Gauze,1000,
TOOL_HOVER,341158,7/25/2023 2:38:07 PM,d58c859d-d4b5-4213-88d7-df5c168fa646,Hemostatic Gauze,1000,
TOOL_HOVER,341175,7/25/2023 2:38:07 PM,d58c859d-d4b5-4213-88d7-df5c168fa646,Hemostatic Gauze,1000,
TOOL_HOVER,341191,7/25/2023 2:38:07 PM,d58c859d-d4b5-4213-88d7-df5c168fa646,Hemostatic Gauze,1000,
TOOL_HOVER,341209,7/25/2023 2:38:07 PM,d58c859d-d4b5-4213-88d7-df5c168fa646,Hemostatic Gauze,1000,
TOOL_HOVER,341226,7/25/2023 2:38:07 PM,d58c859d-d4b5-4213-88d7-df5c168fa646,Hemostatic Gauze,1000,
TOOL_HOVER,341243,7/25/2023 2:38:07 PM,d58c859d-d4b5-4213-88d7-df5c168fa646,Hemostatic Gauze,1000,
TOOL_HOVER,341259,7/25/2023 2:38:07 PM,d58c859d-d4b5-4213-88d7-df5c168fa646,Hemostatic Gauze,1000,
TOOL_HOVER,341276,7/25/2023 2:38:07 PM,d58c859d-d4b5-4213-88d7-df5c168fa646,Hemostatic Gauze,1000,
VOICE_CAPTURE,341374,7/25/2023 2:38:07 PM,d58c859d-d4b5-4213-88d7-df5c168fa646,alright,NA,
TOOL_HOVER,341908,7/25/2023 2:38:08 PM,d58c859d-d4b5-4213-88d7-df5c168fa646,Hemostatic Gauze,1000,
TOOL_HOVER,341925,7/25/2023 2:38:08 PM,d58c859d-d4b5-4213-88d7-df5c168fa646,Hemostatic Gauze,1000,
TOOL_HOVER,341941,7/25/2023 2:38:08 PM,d58c859d-d4b5-4213-88d7-df5c168fa646,Hemostatic Gauze,1000,
TOOL_SELECTED,341942,7/25/2023 2:38:08 PM,d58c859d-d4b5-4213-88d7-df5c168fa646,Hemostatic Gauze,999,
TOOL_DISCARDED,343908,7/25/2023 2:38:10 PM,d58c859d-d4b5-4213-88d7-df5c168fa646,Hemostatic Gauze,999,"(0.9, 0.2, 6.5)",
INJURY_TREATED,343908,7/25/2023 2:38:10 PM,d58c859d-d4b5-4213-88d7-df5c168fa646,L Side Puncture,Lily_4 Root,woundpack,medium,abdomen,True,False,"(0.9, 0.2, 6.5)",
TOOL_APPLIED,343908,7/25/2023 2:38:10 PM,d58c859d-d4b5-4213-88d7-df5c168fa646,Lily_4 Root,Gauze_Pack,skinCollider_BodyLOD (UnityEngine.GameObject),null,null,AppliedPackingGauze,
TAG_SELECTED,344928,7/25/2023 2:38:11 PM,d58c859d-d4b5-4213-88d7-df5c168fa646,yellow,
TAG_APPLIED,345928,7/25/2023 2:38:12 PM,d58c859d-d4b5-4213-88d7-df5c168fa646,Lily_4 Root,yellow,
BAG_CLOSED,346829,7/25/2023 2:38:13 PM,d58c859d-d4b5-4213-88d7-df5c168fa646,"(0.3, 0.7, 6.0)",
TELEPORT,346829,7/25/2023 2:38:13 PM,d58c859d-d4b5-4213-88d7-df5c168fa646,"(-1.4, 0.0, 5.5)",
PATIENT_ENGAGED,348483,7/25/2023 2:38:14 PM,d58c859d-d4b5-4213-88d7-df5c168fa646,100,Infinity,Gary_1 Root,"(1.6, 0.0, 7.6)","(0.0, 1.0, 0.0, 0.0)",EXPECTANT,still,none,restricted,none,unresponsive,supine,
PULSE_TAKEN,350625,7/25/2023 2:38:16 PM,d58c859d-d4b5-4213-88d7-df5c168fa646,pulse_none,Gary_1 Root,
PULSE_TAKEN,355238,7/25/2023 2:38:21 PM,d58c859d-d4b5-4213-88d7-df5c168fa646,pulse_none,Gary_1 Root,
PULSE_TAKEN,356521,7/25/2023 2:38:22 PM,d58c859d-d4b5-4213-88d7-df5c168fa646,pulse_none,Gary_1 Root,
PULSE_TAKEN,356820,7/25/2023 2:38:23 PM,d58c859d-d4b5-4213-88d7-df5c168fa646,pulse_none,Gary_1 Root,
VOICE_CAPTURE,359347,7/25/2023 2:38:25 PM,d58c859d-d4b5-4213-88d7-df5c168fa646,is that him talking to me,NA,
VOICE_CAPTURE,360564,7/25/2023 2:38:26 PM,d58c859d-d4b5-4213-88d7-df5c168fa646,yeah,NA,
TELEPORT,362650,7/25/2023 2:38:28 PM,d58c859d-d4b5-4213-88d7-df5c168fa646,"(-0.9, 0.0, 6.9)",
BAG_ACCESS,363484,7/25/2023 2:38:29 PM,d58c859d-d4b5-4213-88d7-df5c168fa646,"(0.9, 0.7, 7.6)",
PULSE_TAKEN,366146,7/25/2023 2:38:32 PM,d58c859d-d4b5-4213-88d7-df5c168fa646,pulse_none,Gary_1 Root,
VOICE_CAPTURE,366295,7/25/2023 2:38:32 PM,d58c859d-d4b5-4213-88d7-df5c168fa646,that is not him talking oh OK I was like,NA,
PULSE_TAKEN,369348,7/25/2023 2:38:35 PM,d58c859d-d4b5-4213-88d7-df5c168fa646,pulse_none,Gary_1 Root,
VOICE_CAPTURE,373892,7/25/2023 2:38:40 PM,d58c859d-d4b5-4213-88d7-df5c168fa646,so if it's not vibrating that means he does not have a pulse,NA,
VOICE_CAPTURE,379339,7/25/2023 2:38:45 PM,d58c859d-d4b5-4213-88d7-df5c168fa646,just,NA,
VOICE_CAPTURE,381026,7/25/2023 2:38:47 PM,d58c859d-d4b5-4213-88d7-df5c168fa646,is he breathing,NA,
BAG_CLOSED,384334,7/25/2023 2:38:50 PM,d58c859d-d4b5-4213-88d7-df5c168fa646,"(0.9, 0.7, 7.6)",
TELEPORT,384335,7/25/2023 2:38:50 PM,d58c859d-d4b5-4213-88d7-df5c168fa646,"(-0.9, 0.0, 6.9)",
TELEPORT,384868,7/25/2023 2:38:51 PM,d58c859d-d4b5-4213-88d7-df5c168fa646,"(2.3, 0.0, 10.8)",
VOICE_CAPTURE,389287,7/25/2023 2:38:55 PM,d58c859d-d4b5-4213-88d7-df5c168fa646,oh oh God where did I go,NA,
TELEPORT,390792,7/25/2023 2:38:57 PM,d58c859d-d4b5-4213-88d7-df5c168fa646,"(2.3, 0.0, 10.8)",
TELEPORT,393236,7/25/2023 2:38:59 PM,d58c859d-d4b5-4213-88d7-df5c168fa646,"(1.1, 0.0, 7.2)",
BAG_ACCESS,395788,7/25/2023 2:39:02 PM,d58c859d-d4b5-4213-88d7-df5c168fa646,"(1.6, 0.7, 8.6)",
BAG_CLOSED,407059,7/25/2023 2:39:13 PM,d58c859d-d4b5-4213-88d7-df5c168fa646,"(1.6, 0.7, 8.6)",
TELEPORT,407059,7/25/2023 2:39:13 PM,d58c859d-d4b5-4213-88d7-df5c168fa646,"(1.0, 0.0, 6.9)",
VOICE_CAPTURE,407407,7/25/2023 2:39:13 PM,d58c859d-d4b5-4213-88d7-df5c168fa646,Is that him again really,NA,
TELEPORT,407961,7/25/2023 2:39:14 PM,d58c859d-d4b5-4213-88d7-df5c168fa646,"(1.0, 0.0, 6.9)",
TELEPORT,408712,7/25/2023 2:39:15 PM,d58c859d-d4b5-4213-88d7-df5c168fa646,"(1.0, 0.0, 6.9)",
BAG_ACCESS,408747,7/25/2023 2:39:15 PM,d58c859d-d4b5-4213-88d7-df5c168fa646,"(1.7, 0.7, 8.7)",
VOICE_CAPTURE,411227,7/25/2023 2:39:17 PM,d58c859d-d4b5-4213-88d7-df5c168fa646,oh *** **** it,NA,
VOICE_CAPTURE,412177,7/25/2023 2:39:18 PM,d58c859d-d4b5-4213-88d7-df5c168fa646,come on,NA,
TAG_SELECTED,412561,7/25/2023 2:39:18 PM,d58c859d-d4b5-4213-88d7-df5c168fa646,gray,
TAG_APPLIED,413828,7/25/2023 2:39:20 PM,d58c859d-d4b5-4213-88d7-df5c168fa646,Gary_1 Root,gray,
BAG_CLOSED,415334,7/25/2023 2:39:21 PM,d58c859d-d4b5-4213-88d7-df5c168fa646,"(1.7, 0.7, 8.7)",
TELEPORT,415334,7/25/2023 2:39:21 PM,d58c859d-d4b5-4213-88d7-df5c168fa646,"(1.0, 0.0, 6.9)",
PATIENT_ENGAGED,415567,7/25/2023 2:39:21 PM,d58c859d-d4b5-4213-88d7-df5c168fa646,100,0,Gary_9 Root,"(3.0, 0.0, 9.1)","(0.0, 0.8, 0.0, -0.6)",MINIMAL,walker,normal,normal,limited,calm,standing,
PULSE_TAKEN,415618,7/25/2023 2:39:21 PM,d58c859d-d4b5-4213-88d7-df5c168fa646,pulse_normal,Gary_9 Root,
PULSE_TAKEN,415618,7/25/2023 2:39:21 PM,d58c859d-d4b5-4213-88d7-df5c168fa646,pulse_normal,Gary_9 Root,
PULSE_TAKEN,416577,7/25/2023 2:39:22 PM,d58c859d-d4b5-4213-88d7-df5c168fa646,pulse_normal,Gary_9 Root,
PULSE_TAKEN,417201,7/25/2023 2:39:23 PM,d58c859d-d4b5-4213-88d7-df5c168fa646,pulse_normal,Gary_9 Root,
PULSE_TAKEN,417326,7/25/2023 2:39:23 PM,d58c859d-d4b5-4213-88d7-df5c168fa646,pulse_normal,Gary_9 Root,
PULSE_TAKEN,417569,7/25/2023 2:39:23 PM,d58c859d-d4b5-4213-88d7-df5c168fa646,pulse_normal,Gary_9 Root,
PULSE_TAKEN,418105,7/25/2023 2:39:24 PM,d58c859d-d4b5-4213-88d7-df5c168fa646,pulse_normal,Gary_9 Root,
PULSE_TAKEN,418122,7/25/2023 2:39:24 PM,d58c859d-d4b5-4213-88d7-df5c168fa646,pulse_normal,Gary_9 Root,
PULSE_TAKEN,418922,7/25/2023 2:39:25 PM,d58c859d-d4b5-4213-88d7-df5c168fa646,pulse_normal,Gary_9 Root,
PULSE_TAKEN,419340,7/25/2023 2:39:25 PM,d58c859d-d4b5-4213-88d7-df5c168fa646,pulse_normal,Gary_9 Root,
VOICE_CAPTURE,421624,7/25/2023 2:39:27 PM,d58c859d-d4b5-4213-88d7-df5c168fa646,woo woo woo,NA,
VOICE_CAPTURE,425226,7/25/2023 2:39:31 PM,d58c859d-d4b5-4213-88d7-df5c168fa646,he can't hear me,NA,
TELEPORT,425301,7/25/2023 2:39:31 PM,d58c859d-d4b5-4213-88d7-df5c168fa646,"(2.2, 0.0, 7.7)",
BAG_ACCESS,425714,7/25/2023 2:39:32 PM,d58c859d-d4b5-4213-88d7-df5c168fa646,"(2.3, 0.7, 9.5)",
TAG_SELECTED,432838,7/25/2023 2:39:39 PM,d58c859d-d4b5-4213-88d7-df5c168fa646,green,
BAG_CLOSED,432871,7/25/2023 2:39:39 PM,d58c859d-d4b5-4213-88d7-df5c168fa646,"(2.3, 0.7, 9.5)",
TELEPORT,432871,7/25/2023 2:39:39 PM,d58c859d-d4b5-4213-88d7-df5c168fa646,"(2.2, 0.0, 7.7)",
TAG_APPLIED,434028,7/25/2023 2:39:40 PM,d58c859d-d4b5-4213-88d7-df5c168fa646,Gary_9 Root,green,
VOICE_CAPTURE,434912,7/25/2023 2:39:41 PM,d58c859d-d4b5-4213-88d7-df5c168fa646,I don't see any apparent threats so,NA,
VOICE_CAPTURE,437415,7/25/2023 2:39:43 PM,d58c859d-d4b5-4213-88d7-df5c168fa646,he's a green right now,NA,
VOICE_CAPTURE,439396,7/25/2023 2:39:45 PM,d58c859d-d4b5-4213-88d7-df5c168fa646,hey you,NA,
VOICE_CAPTURE,441363,7/25/2023 2:39:47 PM,d58c859d-d4b5-4213-88d7-df5c168fa646,can you walk over that way,NA,
VOICE_COMMAND,441364,7/25/2023 2:39:47 PM,d58c859d-d4b5-4213-88d7-df5c168fa646,walk to the safe area,can you walk over that way,
S_A_L_T_WALK_IF_CAN,441365,7/25/2023 2:39:47 PM,d58c859d-d4b5-4213-88d7-df5c168fa646,"(3.0, 0.0, 4.5)",walkIfCan,Lily_2 Root,
S_A_L_T_WALK_IF_CAN,441365,7/25/2023 2:39:47 PM,d58c859d-d4b5-4213-88d7-df5c168fa646,"(1.2, 0.0, 6.2)",walkIfCan,Lily_4 Root,
S_A_L_T_WALK_IF_CAN,441365,7/25/2023 2:39:47 PM,d58c859d-d4b5-4213-88d7-df5c168fa646,"(2.7, 0.0, 1.8)",walkIfCan,Mike_5 Root,
S_A_L_T_WALK_IF_CAN,441365,7/25/2023 2:39:47 PM,d58c859d-d4b5-4213-88d7-df5c168fa646,"(-1.2, 0.0, 3.1)",walkIfCan,Gloria_6 Root,
S_A_L_T_WALK_IF_CAN,441365,7/25/2023 2:39:47 PM,d58c859d-d4b5-4213-88d7-df5c168fa646,"(1.3, 0.0, 3.4)",walkIfCan,Mike_7 Root,
S_A_L_T_WALK_IF_CAN,441365,7/25/2023 2:39:47 PM,d58c859d-d4b5-4213-88d7-df5c168fa646,"(1.7, 0.0, -3.1)",walkIfCan,Gloria_8 Root,
S_A_L_T_WALKED,441365,7/25/2023 2:39:47 PM,d58c859d-d4b5-4213-88d7-df5c168fa646,"(1.7, 0.0, -3.1)",walked,Gloria_8 Root,
S_A_L_T_WALK_IF_CAN,441365,7/25/2023 2:39:47 PM,d58c859d-d4b5-4213-88d7-df5c168fa646,"(4.5, 0.0, -3.3)",walkIfCan,Helga_10 Root,
S_A_L_T_WALKED,441365,7/25/2023 2:39:47 PM,d58c859d-d4b5-4213-88d7-df5c168fa646,"(4.5, 0.0, -3.3)",walked,Helga_10 Root,
VOICE_CAPTURE,442802,7/25/2023 2:39:49 PM,d58c859d-d4b5-4213-88d7-df5c168fa646,walk,NA,
VOICE_COMMAND,442802,7/25/2023 2:39:49 PM,d58c859d-d4b5-4213-88d7-df5c168fa646,walk to the safe area,walk,
VOICE_CAPTURE,446009,7/25/2023 2:39:52 PM,d58c859d-d4b5-4213-88d7-df5c168fa646,that's OK,NA,
VOICE_CAPTURE,447700,7/25/2023 2:39:54 PM,d58c859d-d4b5-4213-88d7-df5c168fa646,that's OK,NA,
VOICE_CAPTURE,450556,7/25/2023 2:39:56 PM,d58c859d-d4b5-4213-88d7-df5c168fa646,walk over there,NA,
VOICE_COMMAND,450556,7/25/2023 2:39:56 PM,d58c859d-d4b5-4213-88d7-df5c168fa646,walk to the safe area,walk over there,
S_A_L_T_WALK_IF_CAN,450557,7/25/2023 2:39:56 PM,d58c859d-d4b5-4213-88d7-df5c168fa646,"(3.0, 0.0, 4.5)",walkIfCan,Lily_2 Root,
S_A_L_T_WALK_IF_CAN,450557,7/25/2023 2:39:56 PM,d58c859d-d4b5-4213-88d7-df5c168fa646,"(1.2, 0.0, 6.2)",walkIfCan,Lily_4 Root,
S_A_L_T_WALK_IF_CAN,450557,7/25/2023 2:39:56 PM,d58c859d-d4b5-4213-88d7-df5c168fa646,"(2.7, 0.0, 1.8)",walkIfCan,Mike_5 Root,
S_A_L_T_WALK_IF_CAN,450557,7/25/2023 2:39:56 PM,d58c859d-d4b5-4213-88d7-df5c168fa646,"(-1.2, 0.0, 3.1)",walkIfCan,Gloria_6 Root,
S_A_L_T_WALK_IF_CAN,450558,7/25/2023 2:39:56 PM,d58c859d-d4b5-4213-88d7-df5c168fa646,"(1.3, 0.0, 3.4)",walkIfCan,Mike_7 Root,
S_A_L_T_WALK_IF_CAN,450558,7/25/2023 2:39:56 PM,d58c859d-d4b5-4213-88d7-df5c168fa646,"(1.5, 0.0, -3.3)",walkIfCan,Gloria_8 Root,
S_A_L_T_WALKED,450558,7/25/2023 2:39:56 PM,d58c859d-d4b5-4213-88d7-df5c168fa646,"(1.5, 0.0, -3.3)",walked,Gloria_8 Root,
S_A_L_T_WALK_IF_CAN,450558,7/25/2023 2:39:56 PM,d58c859d-d4b5-4213-88d7-df5c168fa646,"(4.5, 0.0, -3.5)",walkIfCan,Helga_10 Root,
S_A_L_T_WALKED,450558,7/25/2023 2:39:56 PM,d58c859d-d4b5-4213-88d7-df5c168fa646,"(4.5, 0.0, -3.5)",walked,Helga_10 Root,
VOICE_CAPTURE,463441,7/25/2023 2:40:09 PM,d58c859d-d4b5-4213-88d7-df5c168fa646,OK I'm like I was trying to like do some like sign language or like do some body language like it's OK walk that way,NA,
VOICE_COMMAND,463441,7/25/2023 2:40:09 PM,d58c859d-d4b5-4213-88d7-df5c168fa646,walk to the safe area,OK I'm like I was trying to like do some like sign language or like do some body language like it's OK walk that way,
S_A_L_T_WALK_IF_CAN,463443,7/25/2023 2:40:09 PM,d58c859d-d4b5-4213-88d7-df5c168fa646,"(3.0, 0.0, 4.5)",walkIfCan,Lily_2 Root,
S_A_L_T_WALK_IF_CAN,463443,7/25/2023 2:40:09 PM,d58c859d-d4b5-4213-88d7-df5c168fa646,"(1.2, 0.0, 6.2)",walkIfCan,Lily_4 Root,
S_A_L_T_WALK_IF_CAN,463443,7/25/2023 2:40:09 PM,d58c859d-d4b5-4213-88d7-df5c168fa646,"(2.7, 0.0, 1.8)",walkIfCan,Mike_5 Root,
S_A_L_T_WALK_IF_CAN,463443,7/25/2023 2:40:09 PM,d58c859d-d4b5-4213-88d7-df5c168fa646,"(-1.2, 0.0, 3.1)",walkIfCan,Gloria_6 Root,
S_A_L_T_WALK_IF_CAN,463443,7/25/2023 2:40:09 PM,d58c859d-d4b5-4213-88d7-df5c168fa646,"(1.3, 0.0, 3.4)",walkIfCan,Mike_7 Root,
S_A_L_T_WALK_IF_CAN,463443,7/25/2023 2:40:09 PM,d58c859d-d4b5-4213-88d7-df5c168fa646,"(1.4, 0.0, -3.4)",walkIfCan,Gloria_8 Root,
S_A_L_T_WALKED,463443,7/25/2023 2:40:09 PM,d58c859d-d4b5-4213-88d7-df5c168fa646,"(1.4, 0.0, -3.4)",walked,Gloria_8 Root,
S_A_L_T_WALK_IF_CAN,463443,7/25/2023 2:40:09 PM,d58c859d-d4b5-4213-88d7-df5c168fa646,"(4.5, 0.0, -3.3)",walkIfCan,Helga_10 Root,
S_A_L_T_WALKED,463443,7/25/2023 2:40:09 PM,d58c859d-d4b5-4213-88d7-df5c168fa646,"(4.5, 0.0, -3.3)",walked,Helga_10 Root,
TELEPORT,465599,7/25/2023 2:40:11 PM,d58c859d-d4b5-4213-88d7-df5c168fa646,"(2.2, 0.0, 7.7)",
VOICE_CAPTURE,466234,7/25/2023 2:40:12 PM,d58c859d-d4b5-4213-88d7-df5c168fa646,OK,NA,
VOICE_CAPTURE,467645,7/25/2023 2:40:13 PM,d58c859d-d4b5-4213-88d7-df5c168fa646,alright,NA,
TELEPORT,468861,7/25/2023 2:40:15 PM,d58c859d-d4b5-4213-88d7-df5c168fa646,"(3.9, 0.0, -1.4)",
VOICE_CAPTURE,471469,7/25/2023 2:40:17 PM,d58c859d-d4b5-4213-88d7-df5c168fa646,cool,NA,
PATIENT_ENGAGED,472803,7/25/2023 2:40:19 PM,d58c859d-d4b5-4213-88d7-df5c168fa646,100,Infinity,Helga_10 Root,"(4.5, 0.0, -3.3)","(0.0, 0.7, 0.0, -0.7)",MINIMAL,walker,normal,normal,normal,calm,sittingGround,
TELEPORT,473255,7/25/2023 2:40:19 PM,d58c859d-d4b5-4213-88d7-df5c168fa646,"(3.5, 0.0, -3.4)",
BAG_ACCESS,473888,7/25/2023 2:40:20 PM,d58c859d-d4b5-4213-88d7-df5c168fa646,"(3.7, 0.7, -2.4)",
VOICE_CAPTURE,474954,7/25/2023 2:40:21 PM,d58c859d-d4b5-4213-88d7-df5c168fa646,alright what's your deal,NA,
VOICE_CAPTURE,476261,7/25/2023 2:40:22 PM,d58c859d-d4b5-4213-88d7-df5c168fa646,are you hurt,NA,
VOICE_COMMAND,476262,7/25/2023 2:40:22 PM,d58c859d-d4b5-4213-88d7-df5c168fa646,are you hurt,are you hurt,
BAG_CLOSED,476775,7/25/2023 2:40:23 PM,d58c859d-d4b5-4213-88d7-df5c168fa646,"(3.5, 0.0, -3.4)",
TELEPORT,476775,7/25/2023 2:40:23 PM,d58c859d-d4b5-4213-88d7-df5c168fa646,"(3.5, 0.0, -3.4)",
BAG_ACCESS,476876,7/25/2023 2:40:23 PM,d58c859d-d4b5-4213-88d7-df5c168fa646,"(3.8, 0.7, -2.7)",
VOICE_CAPTURE,477024,7/25/2023 2:40:23 PM,d58c859d-d4b5-4213-88d7-df5c168fa646,were you hurt,NA,
VOICE_COMMAND,477024,7/25/2023 2:40:23 PM,d58c859d-d4b5-4213-88d7-df5c168fa646,are you hurt,were you hurt,
VOICE_CAPTURE,478829,7/25/2023 2:40:25 PM,d58c859d-d4b5-4213-88d7-df5c168fa646,are you hurt,NA,
VOICE_COMMAND,478829,7/25/2023 2:40:25 PM,d58c859d-d4b5-4213-88d7-df5c168fa646,are you hurt,are you hurt,
TAG_SELECTED,480266,7/25/2023 2:40:26 PM,d58c859d-d4b5-4213-88d7-df5c168fa646,green,
VOICE_CAPTURE,480651,7/25/2023 2:40:26 PM,d58c859d-d4b5-4213-88d7-df5c168fa646,modbutton im okay,NA,
VOICE_COMMAND,480651,7/25/2023 2:40:26 PM,d58c859d-d4b5-4213-88d7-df5c168fa646,modbutton im okay,modbutton im okay,
BAG_CLOSED,482654,7/25/2023 2:40:28 PM,d58c859d-d4b5-4213-88d7-df5c168fa646,"(3.8, 0.7, -2.7)",
TELEPORT,482654,7/25/2023 2:40:28 PM,d58c859d-d4b5-4213-88d7-df5c168fa646,"(3.5, 0.0, -3.4)",
TAG_APPLIED,482757,7/25/2023 2:40:29 PM,d58c859d-d4b5-4213-88d7-df5c168fa646,Helga_10 Root,green,
TELEPORT,484192,7/25/2023 2:40:30 PM,d58c859d-d4b5-4213-88d7-df5c168fa646,"(3.5, 0.0, -3.4)",
PATIENT_ENGAGED,485595,7/25/2023 2:40:31 PM,d58c859d-d4b5-4213-88d7-df5c168fa646,100,Infinity,Gloria_8 Root,"(1.6, 0.0, -3.3)","(0.0, 0.5, 0.0, 0.9)",MINIMAL,walker,normal,normal,normal,upset,sittingGround,
VOICE_CAPTURE,487120,7/25/2023 2:40:33 PM,d58c859d-d4b5-4213-88d7-df5c168fa646,OK cool awesome that's what I like to hear,NA,
VOICE_CAPTURE,489521,7/25/2023 2:40:35 PM,d58c859d-d4b5-4213-88d7-df5c168fa646,oh hello,NA,
BAG_ACCESS,490958,7/25/2023 2:40:37 PM,d58c859d-d4b5-4213-88d7-df5c168fa646,"(1.6, 0.6, -3.1)",
VOICE_CAPTURE,491860,7/25/2023 2:40:38 PM,d58c859d-d4b5-4213-88d7-df5c168fa646,is that where you're at,NA,
TOOL_HOVER,492111,7/25/2023 2:40:38 PM,d58c859d-d4b5-4213-88d7-df5c168fa646,Hemostatic Gauze,1000,
TOOL_HOVER,492128,7/25/2023 2:40:38 PM,d58c859d-d4b5-4213-88d7-df5c168fa646,Hemostatic Gauze,1000,
TOOL_SELECTED,492129,7/25/2023 2:40:38 PM,d58c859d-d4b5-4213-88d7-df5c168fa646,Hemostatic Gauze,999,
VOICE_CAPTURE,492581,7/25/2023 2:40:38 PM,d58c859d-d4b5-4213-88d7-df5c168fa646,modbutton yes,NA,
VOICE_COMMAND,492581,7/25/2023 2:40:38 PM,d58c859d-d4b5-4213-88d7-df5c168fa646,modbutton yes,modbutton yes,
VOICE_CAPTURE,493298,7/25/2023 2:40:39 PM,d58c859d-d4b5-4213-88d7-df5c168fa646,modbutton yes,NA,
VOICE_COMMAND,493298,7/25/2023 2:40:39 PM,d58c859d-d4b5-4213-88d7-df5c168fa646,modbutton yes,modbutton yes,
TOOL_DISCARDED,497927,7/25/2023 2:40:44 PM,d58c859d-d4b5-4213-88d7-df5c168fa646,Hemostatic Gauze,999,"(1.2, 1.4, -2.9)",
TOOL_DISCARDED,497928,7/25/2023 2:40:44 PM,d58c859d-d4b5-4213-88d7-df5c168fa646,Hemostatic Gauze,1000,"(1.2, 1.4, -2.9)",
TOOL_HOVER,498010,7/25/2023 2:40:44 PM,d58c859d-d4b5-4213-88d7-df5c168fa646,Hemostatic Gauze,1001,
TOOL_HOVER,498027,7/25/2023 2:40:44 PM,d58c859d-d4b5-4213-88d7-df5c168fa646,Hemostatic Gauze,1001,
TOOL_HOVER,498044,7/25/2023 2:40:44 PM,d58c859d-d4b5-4213-88d7-df5c168fa646,Hemostatic Gauze,1001,
TOOL_HOVER,498060,7/25/2023 2:40:44 PM,d58c859d-d4b5-4213-88d7-df5c168fa646,Hemostatic Gauze,1001,
TOOL_HOVER,498078,7/25/2023 2:40:44 PM,d58c859d-d4b5-4213-88d7-df5c168fa646,Hemostatic Gauze,1001,
TOOL_HOVER,498094,7/25/2023 2:40:44 PM,d58c859d-d4b5-4213-88d7-df5c168fa646,Hemostatic Gauze,1001,
TOOL_HOVER,498112,7/25/2023 2:40:44 PM,d58c859d-d4b5-4213-88d7-df5c168fa646,Hemostatic Gauze,1001,
TOOL_HOVER,498128,7/25/2023 2:40:44 PM,d58c859d-d4b5-4213-88d7-df5c168fa646,Hemostatic Gauze,1001,
TOOL_HOVER,498145,7/25/2023 2:40:44 PM,d58c859d-d4b5-4213-88d7-df5c168fa646,Hemostatic Gauze,1001,
TOOL_HOVER,498162,7/25/2023 2:40:44 PM,d58c859d-d4b5-4213-88d7-df5c168fa646,Hemostatic Gauze,1001,
TOOL_HOVER,498178,7/25/2023 2:40:44 PM,d58c859d-d4b5-4213-88d7-df5c168fa646,Hemostatic Gauze,1001,
TOOL_HOVER,498195,7/25/2023 2:40:44 PM,d58c859d-d4b5-4213-88d7-df5c168fa646,Hemostatic Gauze,1001,
TOOL_HOVER,498211,7/25/2023 2:40:44 PM,d58c859d-d4b5-4213-88d7-df5c168fa646,Hemostatic Gauze,1001,
TOOL_HOVER,498228,7/25/2023 2:40:44 PM,d58c859d-d4b5-4213-88d7-df5c168fa646,Hemostatic Gauze,1001,
TOOL_HOVER,498245,7/25/2023 2:40:44 PM,d58c859d-d4b5-4213-88d7-df5c168fa646,Hemostatic Gauze,1001,
TOOL_HOVER,498262,7/25/2023 2:40:44 PM,d58c859d-d4b5-4213-88d7-df5c168fa646,Hemostatic Gauze,1001,
TOOL_HOVER,498278,7/25/2023 2:40:44 PM,d58c859d-d4b5-4213-88d7-df5c168fa646,Hemostatic Gauze,1001,
TOOL_HOVER,498295,7/25/2023 2:40:44 PM,d58c859d-d4b5-4213-88d7-df5c168fa646,Hemostatic Gauze,1001,
TOOL_HOVER,498714,7/25/2023 2:40:45 PM,d58c859d-d4b5-4213-88d7-df5c168fa646,Tourniquet,996,
TOOL_HOVER,498732,7/25/2023 2:40:45 PM,d58c859d-d4b5-4213-88d7-df5c168fa646,Tourniquet,996,
TOOL_HOVER,498746,7/25/2023 2:40:45 PM,d58c859d-d4b5-4213-88d7-df5c168fa646,Tourniquet,996,
TOOL_HOVER,498762,7/25/2023 2:40:45 PM,d58c859d-d4b5-4213-88d7-df5c168fa646,Tourniquet,996,
TOOL_HOVER,498778,7/25/2023 2:40:45 PM,d58c859d-d4b5-4213-88d7-df5c168fa646,Tourniquet,996,
TOOL_HOVER,498794,7/25/2023 2:40:45 PM,d58c859d-d4b5-4213-88d7-df5c168fa646,Tourniquet,996,
TOOL_HOVER,498812,7/25/2023 2:40:45 PM,d58c859d-d4b5-4213-88d7-df5c168fa646,Tourniquet,996,
TOOL_HOVER,498828,7/25/2023 2:40:45 PM,d58c859d-d4b5-4213-88d7-df5c168fa646,Tourniquet,996,
TOOL_HOVER,498845,7/25/2023 2:40:45 PM,d58c859d-d4b5-4213-88d7-df5c168fa646,Tourniquet,996,
TOOL_HOVER,498862,7/25/2023 2:40:45 PM,d58c859d-d4b5-4213-88d7-df5c168fa646,Tourniquet,996,
TOOL_SELECTED,498863,7/25/2023 2:40:45 PM,d58c859d-d4b5-4213-88d7-df5c168fa646,Tourniquet,995,
BAG_CLOSED,498944,7/25/2023 2:40:45 PM,d58c859d-d4b5-4213-88d7-df5c168fa646,"(1.6, 0.6, -3.1)",
TELEPORT,498944,7/25/2023 2:40:45 PM,d58c859d-d4b5-4213-88d7-df5c168fa646,"(2.2, 0.0, -3.7)",
INJURY_TREATED,500483,7/25/2023 2:40:46 PM,d58c859d-d4b5-4213-88d7-df5c168fa646,L Forearm Laceration,Gloria_8 Root,gauzePressure,low,leftArm,False,True,"(1.5, 0.4, -3.4)",
TOOL_APPLIED,500484,7/25/2023 2:40:46 PM,d58c859d-d4b5-4213-88d7-df5c168fa646,Gloria_8 Root,Tourniquet,LeftForeArm (UnityEngine.GameObject),tor_ring (1) (UnityEngine.GameObject),tourniquet(Clone) (UnityEngine.GameObject),AppliedTourniquet,
TELEPORT,502136,7/25/2023 2:40:48 PM,d58c859d-d4b5-4213-88d7-df5c168fa646,"(2.2, 0.0, -3.7)",
VOICE_CAPTURE,503624,7/25/2023 2:40:49 PM,d58c859d-d4b5-4213-88d7-df5c168fa646,no,NA,
BAG_ACCESS,506095,7/25/2023 2:40:52 PM,d58c859d-d4b5-4213-88d7-df5c168fa646,"(1.7, 0.7, -3.1)",
TOOL_HOVER,506697,7/25/2023 2:40:53 PM,d58c859d-d4b5-4213-88d7-df5c168fa646,Tourniquet,995,
TOOL_HOVER,506712,7/25/2023 2:40:53 PM,d58c859d-d4b5-4213-88d7-df5c168fa646,Tourniquet,995,
TOOL_HOVER,506730,7/25/2023 2:40:53 PM,d58c859d-d4b5-4213-88d7-df5c168fa646,Tourniquet,995,
TOOL_HOVER,506747,7/25/2023 2:40:53 PM,d58c859d-d4b5-4213-88d7-df5c168fa646,Tourniquet,995,
TOOL_HOVER,506764,7/25/2023 2:40:53 PM,d58c859d-d4b5-4213-88d7-df5c168fa646,Tourniquet,995,
TOOL_HOVER,506780,7/25/2023 2:40:53 PM,d58c859d-d4b5-4213-88d7-df5c168fa646,Tourniquet,995,
VOICE_CAPTURE,506796,7/25/2023 2:40:53 PM,d58c859d-d4b5-4213-88d7-df5c168fa646,wait,NA,
TOOL_HOVER,506797,7/25/2023 2:40:53 PM,d58c859d-d4b5-4213-88d7-df5c168fa646,Tourniquet,995,
TOOL_SELECTED,506799,7/25/2023 2:40:53 PM,d58c859d-d4b5-4213-88d7-df5c168fa646,Tourniquet,994,
BAG_CLOSED,506864,7/25/2023 2:40:53 PM,d58c859d-d4b5-4213-88d7-df5c168fa646,"(1.7, 0.7, -3.1)",
TELEPORT,506864,7/25/2023 2:40:53 PM,d58c859d-d4b5-4213-88d7-df5c168fa646,"(2.2, 0.0, -3.7)",
VOICE_CAPTURE,508392,7/25/2023 2:40:54 PM,d58c859d-d4b5-4213-88d7-df5c168fa646,did it disappear,NA,
INJURY_TREATED,510292,7/25/2023 2:40:56 PM,d58c859d-d4b5-4213-88d7-df5c168fa646,L Forearm Laceration,Gloria_8 Root,gauzePressure,low,leftArm,False,True,"(1.5, 0.4, -3.4)",
TOOL_APPLIED,510293,7/25/2023 2:40:56 PM,d58c859d-d4b5-4213-88d7-df5c168fa646,Gloria_8 Root,Tourniquet,LeftArm (UnityEngine.GameObject),tor_ring (1) (UnityEngine.GameObject),tourniquet(Clone) (UnityEngine.GameObject),AppliedTourniquet,
BAG_ACCESS,514066,7/25/2023 2:41:00 PM,d58c859d-d4b5-4213-88d7-df5c168fa646,"(1.7, 0.7, -3.0)",
VOICE_CAPTURE,514549,7/25/2023 2:41:00 PM,d58c859d-d4b5-4213-88d7-df5c168fa646,OK,NA,
VOICE_CAPTURE,515652,7/25/2023 2:41:01 PM,d58c859d-d4b5-4213-88d7-df5c168fa646,cool,NA,
TAG_SELECTED,516004,7/25/2023 2:41:02 PM,d58c859d-d4b5-4213-88d7-df5c168fa646,yellow,
BAG_CLOSED,516036,7/25/2023 2:41:02 PM,d58c859d-d4b5-4213-88d7-df5c168fa646,"(1.7, 0.7, -3.0)",
TELEPORT,516036,7/25/2023 2:41:02 PM,d58c859d-d4b5-4213-88d7-df5c168fa646,"(2.2, 0.0, -3.7)",
TAG_APPLIED,520839,7/25/2023 2:41:07 PM,d58c859d-d4b5-4213-88d7-df5c168fa646,Gloria_8 Root,yellow,
TELEPORT,522268,7/25/2023 2:41:08 PM,d58c859d-d4b5-4213-88d7-df5c168fa646,"(2.2, 0.0, -3.7)",
PATIENT_ENGAGED,527430,7/25/2023 2:41:13 PM,d58c859d-d4b5-4213-88d7-df5c168fa646,100,Infinity,Mike_7 Root,"(1.3, 0.0, 3.4)","(0.0, 0.1, 0.0, 1.0)",DELAYED,waver,fast,normal,normal,upset,sittingGround,
VOICE_CAPTURE,531112,7/25/2023 2:41:17 PM,d58c859d-d4b5-4213-88d7-df5c168fa646,I think we're done,NA,
VOICE_CAPTURE,536971,7/25/2023 2:41:23 PM,d58c859d-d4b5-4213-88d7-df5c168fa646,is that it is that all my is that all my patients,NA,
SESSION_END,546462,7/25/2023 2:41:32 PM,d58c859d-d4b5-4213-88d7-df5c168fa646,
