PATIENT_DEMOTED,151315,3/15/2022 11:08,22e2c9a3-b93f-4f7f-896a-ca188c78505b,100,Infinity,Bob_0 Root,"(-1.0, 0.0, 6.0)","(0.0, 0.7, 0.0, 0.7)",EXPECTANT,still,faint,restricted,none,unresponsive,supine
PATIENT_DEMOTED,151513,3/15/2022 11:08,22e2c9a3-b93f-4f7f-896a-ca188c78505b,100,Infinity,Bob_0 Root,"(-1.0, 0.0, 6.0)","(0.0, 0.7, 0.0, 0.7)",DEAD,still,none,none,none,dead,supine
PATIENT_DEMOTED,151643,3/15/2022 11:08,22e2c9a3-b93f-4f7f-896a-ca188c78505b,100,Infinity,Gary_1 Root,"(2.0, 0.0, 7.0)","(0.0, 1.0, 0.0, 0.0)",EXPECTANT,still,faint,restricted,none,unresponsive,supine
PATIENT_DEMOTED,152411,3/15/2022 11:08,22e2c9a3-b93f-4f7f-896a-ca188c78505b,100,Infinity,Lily_2 Root,"(3.0, 0.0, 4.0)","(0.0, 1.0, 0.0, 0.0)",IMMEDIATE,waver,fast,fast,normal,agony,fetal
PATIENT_DEMOTED,153085,3/15/2022 11:08,22e2c9a3-b93f-4f7f-896a-ca188c78505b,100,0,Gary_3 Root,"(0.0, 0.0, 2.0)","(0.0, 0.0, 0.0, 1.0)",IMMEDIATE,still,faint,collapsedRight,normal,unresponsive,supine
PATIENT_DEMOTED,153676,3/15/2022 11:08,22e2c9a3-b93f-4f7f-896a-ca188c78505b,100,Infinity,Lily_4 Root,"(1.4, 0.0, 6.0)","(0.0, 1.0, 0.0, 0.0)",IMMEDIATE,waver,fast,normal,normal,upset,fetal
PATIENT_DEMOTED,154539,3/15/2022 11:08,22e2c9a3-b93f-4f7f-896a-ca188c78505b,63.87083,Infinity,Mike_5 Root,"(2.6, 0.0, 2.0)","(0.0, 1.0, 0.0, 0.0)",IMMEDIATE,waver,fast,normal,normal,upset,fetal
PATIENT_DEMOTED,155103,3/15/2022 11:08,22e2c9a3-b93f-4f7f-896a-ca188c78505b,100,Infinity,Gloria_6 Root,"(-1.0, 0.0, 3.2)","(0.0, 0.4, 0.0, 0.9)",IMMEDIATE,waver,fast,normal,normal,upset,fetal
PATIENT_DEMOTED,155525,3/15/2022 11:08,22e2c9a3-b93f-4f7f-896a-ca188c78505b,100,Infinity,Gloria_6 Root,"(-1.0, 0.0, 3.2)","(0.0, 0.4, 0.0, 0.9)",DELAYED,waver,fast,normal,normal,upset,fetal
PATIENT_DEMOTED,155814,3/15/2022 11:08,22e2c9a3-b93f-4f7f-896a-ca188c78505b,63.87083,Infinity,Mike_7 Root,"(1.4, 0.0, 4.0)","(0.0, 0.1, 0.0, 1.0)",IMMEDIATE,waver,fast,normal,normal,upset,sittingGround
PATIENT_DEMOTED,156196,3/15/2022 11:08,22e2c9a3-b93f-4f7f-896a-ca188c78505b,63.87083,Infinity,Mike_7 Root,"(1.4, 0.0, 4.0)","(0.0, 0.1, 0.0, 1.0)",DELAYED,waver,fast,normal,normal,upset,sittingGround
PATIENT_DEMOTED,156430,3/15/2022 11:08,22e2c9a3-b93f-4f7f-896a-ca188c78505b,100,Infinity,Gloria_8 Root,"(4.0, 0.0, 6.0)","(0.0, 1.0, 0.0, 0.0)",DELAYED,walker,normal,normal,normal,upset,sittingGround
SESSION_START,161114,3/15/2022 11:08,22e2c9a3-b93f-4f7f-896a-ca188c78505b,,,,,,,,,,,,
PATIENT_RECORD,161114,3/15/2022 11:08,22e2c9a3-b93f-4f7f-896a-ca188c78505b,100,Infinity,Bob_0 Root,"(-1.0, 0.0, 6.0)","(0.0, 0.7, 0.0, 0.7)",DEAD,still,none,none,none,dead,supine
INJURY_RECORD,161114,3/15/2022 11:08,22e2c9a3-b93f-4f7f-896a-ca188c78505b,Face Shrapnel,Bob_0 Root,gauzePressure,high,head,FALSE,FALSE,"(-0.9, 1.8, 5.9)",,,,
INJURY_RECORD,161114,3/15/2022 11:08,22e2c9a3-b93f-4f7f-896a-ca188c78505b,L Wrist Amputation,Bob_0 Root,tourniquet,high,leftArm,FALSE,FALSE,"(-1.1, 1.4, 6.7)",,,,
INJURY_RECORD,161115,3/15/2022 11:08,22e2c9a3-b93f-4f7f-896a-ca188c78505b,L Chest Collapse,Bob_0 Root,decompress,high,chest,FALSE,FALSE,"(0.0, 0.0, 0.0)",,,,
INJURY_RECORD,161115,3/15/2022 11:08,22e2c9a3-b93f-4f7f-896a-ca188c78505b,L Stomach Puncture,Bob_0 Root,woundpack,high,abdomen,FALSE,FALSE,"(-0.9, 1.2, 6.1)",,,,
INJURY_RECORD,161115,3/15/2022 11:08,22e2c9a3-b93f-4f7f-896a-ca188c78505b,R Shin Amputation,Bob_0 Root,tourniquet,high,rightLeg,FALSE,FALSE,"(-1.0, 0.4, 5.9)",,,,
INJURY_RECORD,161115,3/15/2022 11:08,22e2c9a3-b93f-4f7f-896a-ca188c78505b,L Thigh Laceration,Bob_0 Root,gauzePressure,medium,leftLeg,FALSE,FALSE,"(-0.9, 0.7, 6.1)",,,,
PATIENT_RECORD,161115,3/15/2022 11:08,22e2c9a3-b93f-4f7f-896a-ca188c78505b,100,Infinity,Gary_1 Root,"(2.0, 0.0, 7.0)","(0.0, 1.0, 0.0, 0.0)",EXPECTANT,still,none,restricted,none,unresponsive,supine
INJURY_RECORD,161115,3/15/2022 11:08,22e2c9a3-b93f-4f7f-896a-ca188c78505b,Face Shrapnel,Gary_1 Root,gauzePressure,high,head,FALSE,FALSE,"(1.9, 1.7, 6.9)",,,,
PATIENT_RECORD,161115,3/15/2022 11:08,22e2c9a3-b93f-4f7f-896a-ca188c78505b,100,Infinity,Lily_2 Root,"(3.0, 0.0, 4.0)","(0.0, 1.0, 0.0, 0.0)",IMMEDIATE,waver,fast,fast,normal,agony,fetal
INJURY_RECORD,161115,3/15/2022 11:08,22e2c9a3-b93f-4f7f-896a-ca188c78505b,R Shin Amputation,Lily_2 Root,tourniquet,high,rightLeg,FALSE,FALSE,"(2.9, 0.4, 4.0)",,,,
PATIENT_RECORD,161115,3/15/2022 11:08,22e2c9a3-b93f-4f7f-896a-ca188c78505b,100,0,Gary_3 Root,"(0.0, 0.0, 2.0)","(0.0, 0.0, 0.0, 1.0)",IMMEDIATE,still,faint,collapsedRight,normal,unresponsive,supine
INJURY_RECORD,161115,3/15/2022 11:08,22e2c9a3-b93f-4f7f-896a-ca188c78505b,R Chest Collapse,Gary_3 Root,decompress,high,chest,FALSE,FALSE,"(0.0, 0.0, 0.0)",,,,
PATIENT_RECORD,161115,3/15/2022 11:08,22e2c9a3-b93f-4f7f-896a-ca188c78505b,100,Infinity,Lily_4 Root,"(1.4, 0.0, 6.0)","(0.0, 1.0, 0.0, 0.0)",IMMEDIATE,waver,fast,normal,normal,upset,fetal
INJURY_RECORD,161115,3/15/2022 11:08,22e2c9a3-b93f-4f7f-896a-ca188c78505b,L Side Puncture,Lily_4 Root,woundpack,medium,abdomen,FALSE,FALSE,"(1.5, 1.0, 5.9)",,,,
PATIENT_RECORD,161115,3/15/2022 11:08,22e2c9a3-b93f-4f7f-896a-ca188c78505b,63.87083,Infinity,Mike_5 Root,"(2.6, 0.0, 2.0)","(0.0, 1.0, 0.0, 0.0)",IMMEDIATE,waver,fast,normal,normal,upset,fetal
INJURY_RECORD,161115,3/15/2022 11:08,22e2c9a3-b93f-4f7f-896a-ca188c78505b,R Side Puncture,Mike_5 Root,woundpack,medium,abdomen,FALSE,FALSE,"(2.5, 1.2, 1.9)",,,,
INJURY_RECORD,161115,3/15/2022 11:08,22e2c9a3-b93f-4f7f-896a-ca188c78505b,R Thigh Laceration,Mike_5 Root,gauzePressure,medium,rightLeg,FALSE,FALSE,"(2.4, 0.7, 2.0)",,,,
PATIENT_RECORD,161115,3/15/2022 11:08,22e2c9a3-b93f-4f7f-896a-ca188c78505b,100,Infinity,Gloria_6 Root,"(-1.0, 0.0, 3.2)","(0.0, 0.4, 0.0, 0.9)",DELAYED,waver,fast,normal,normal,upset,fetal
INJURY_RECORD,161115,3/15/2022 11:08,22e2c9a3-b93f-4f7f-896a-ca188c78505b,R Calf Shrapnel,Gloria_6 Root,tourniquet,medium,rightLeg,FALSE,FALSE,"(-0.9, 0.3, 3.1)",,,,
PATIENT_RECORD,161115,3/15/2022 11:08,22e2c9a3-b93f-4f7f-896a-ca188c78505b,63.87083,Infinity,Mike_7 Root,"(1.4, 0.0, 4.0)","(0.0, 0.1, 0.0, 1.0)",DELAYED,waver,fast,normal,normal,upset,sittingGround
INJURY_RECORD,161115,3/15/2022 11:08,22e2c9a3-b93f-4f7f-896a-ca188c78505b,L Thigh Puncture,Mike_7 Root,tourniquet,medium,leftLeg,FALSE,FALSE,"(1.4, 0.7, 4.1)",,,,
INJURY_RECORD,161115,3/15/2022 11:08,22e2c9a3-b93f-4f7f-896a-ca188c78505b,R Calf Laceration,Mike_7 Root,gauzePressure,low,rightLeg,FALSE,FALSE,"(1.5, 0.4, 3.9)",,,,
PATIENT_RECORD,161115,3/15/2022 11:08,22e2c9a3-b93f-4f7f-896a-ca188c78505b,100,Infinity,Gloria_8 Root,"(4.0, 0.0, 6.0)","(0.0, 1.0, 0.0, 0.0)",DELAYED,walker,normal,normal,normal,upset,sittingGround
INJURY_RECORD,161115,3/15/2022 11:08,22e2c9a3-b93f-4f7f-896a-ca188c78505b,L Forearm Laceration,Gloria_8 Root,gauzePressure,low,leftArm,FALSE,FALSE,"(4.6, 1.3, 5.9)",,,,
PATIENT_RECORD,161115,3/15/2022 11:08,22e2c9a3-b93f-4f7f-896a-ca188c78505b,100,Infinity,Bob_9 Root,"(2.6, 0.0, 8.0)","(0.0, 1.0, 0.0, 0.0)",MINIMAL,walker,normal,normal,normal,calm,standing
INJURY_RECORD,161115,3/15/2022 11:08,22e2c9a3-b93f-4f7f-896a-ca188c78505b,Ear Bleed,Bob_9 Root,none,low,head,FALSE,FALSE,"(0.0, 0.0, 0.0)",,,,
PATIENT_RECORD,161115,3/15/2022 11:08,22e2c9a3-b93f-4f7f-896a-ca188c78505b,100,Infinity,Helga_10 Root,"(3.9, 0.0, 8.0)","(0.0, 1.0, 0.0, 0.0)",MINIMAL,walker,normal,normal,normal,calm,sittingGround
INJURY_RECORD,161115,3/15/2022 11:08,22e2c9a3-b93f-4f7f-896a-ca188c78505b,Forehead Scrape,Helga_10 Root,gauzePressure,low,head,FALSE,FALSE,"(4.0, 1.5, 7.9)",,,,
VOICE_CAPTURE,162507,3/15/2022 11:08,22e2c9a3-b93f-4f7f-896a-ca188c78505b,OK so then i can put this away or,NA,,,,,,,,,,
VOICE_CAPTURE,172462,3/15/2022 11:09,22e2c9a3-b93f-4f7f-896a-ca188c78505b,walk,NA,,,,,,,,,,
VOICE_COMMAND,172462,3/15/2022 11:09,22e2c9a3-b93f-4f7f-896a-ca188c78505b,walk to the safe area,walk,,,,,,,,,,
S_A_L_T_WALK_IF_CAN,172463,3/15/2022 11:09,22e2c9a3-b93f-4f7f-896a-ca188c78505b,"(-1.0, 0.0, 6.0)",walkIfCan,Bob_0 Root,,,,,,,,,
S_A_L_T_WALK_IF_CAN,172464,3/15/2022 11:09,22e2c9a3-b93f-4f7f-896a-ca188c78505b,"(2.0, 0.0, 7.0)",walkIfCan,Gary_1 Root,,,,,,,,,
S_A_L_T_WALK_IF_CAN,172464,3/15/2022 11:09,22e2c9a3-b93f-4f7f-896a-ca188c78505b,"(3.0, 0.0, 4.0)",walkIfCan,Lily_2 Root,,,,,,,,,
S_A_L_T_WALK_IF_CAN,172464,3/15/2022 11:09,22e2c9a3-b93f-4f7f-896a-ca188c78505b,"(0.0, 0.0, 2.0)",walkIfCan,Gary_3 Root,,,,,,,,,
S_A_L_T_WALK_IF_CAN,172464,3/15/2022 11:09,22e2c9a3-b93f-4f7f-896a-ca188c78505b,"(1.4, 0.0, 6.0)",walkIfCan,Lily_4 Root,,,,,,,,,
S_A_L_T_WALK_IF_CAN,172464,3/15/2022 11:09,22e2c9a3-b93f-4f7f-896a-ca188c78505b,"(2.6, 0.0, 2.0)",walkIfCan,Mike_5 Root,,,,,,,,,
S_A_L_T_WALK_IF_CAN,172464,3/15/2022 11:09,22e2c9a3-b93f-4f7f-896a-ca188c78505b,"(-1.0, 0.0, 3.2)",walkIfCan,Gloria_6 Root,,,,,,,,,
S_A_L_T_WALK_IF_CAN,172464,3/15/2022 11:09,22e2c9a3-b93f-4f7f-896a-ca188c78505b,"(1.4, 0.0, 4.0)",walkIfCan,Mike_7 Root,,,,,,,,,
S_A_L_T_WALK_IF_CAN,172464,3/15/2022 11:09,22e2c9a3-b93f-4f7f-896a-ca188c78505b,"(4.0, 0.0, 6.0)",walkIfCan,Gloria_8 Root,,,,,,,,,
S_A_L_T_WALKED,172464,3/15/2022 11:09,22e2c9a3-b93f-4f7f-896a-ca188c78505b,"(4.0, 0.0, 6.0)",walked,Gloria_8 Root,,,,,,,,,
S_A_L_T_WALK_IF_CAN,172465,3/15/2022 11:09,22e2c9a3-b93f-4f7f-896a-ca188c78505b,"(2.6, 0.0, 8.0)",walkIfCan,Bob_9 Root,,,,,,,,,
S_A_L_T_WALKED,172465,3/15/2022 11:09,22e2c9a3-b93f-4f7f-896a-ca188c78505b,"(2.6, 0.0, 8.0)",walked,Bob_9 Root,,,,,,,,,
S_A_L_T_WALK_IF_CAN,172465,3/15/2022 11:09,22e2c9a3-b93f-4f7f-896a-ca188c78505b,"(3.9, 0.0, 8.0)",walkIfCan,Helga_10 Root,,,,,,,,,
S_A_L_T_WALKED,172465,3/15/2022 11:09,22e2c9a3-b93f-4f7f-896a-ca188c78505b,"(3.9, 0.0, 8.0)",walked,Helga_10 Root,,,,,,,,,
VOICE_CAPTURE,173847,3/15/2022 11:09,22e2c9a3-b93f-4f7f-896a-ca188c78505b,can anybody walk if you can what can you please come over to this on this area so that we can treat you,NA,,,,,,,,,,
VOICE_COMMAND,173847,3/15/2022 11:09,22e2c9a3-b93f-4f7f-896a-ca188c78505b,walk to the safe area,can anybody walk if you can what can you please come over to this on this area so that we can treat you,,,,,,,,,,
VOICE_CAPTURE,179455,3/15/2022 11:09,22e2c9a3-b93f-4f7f-896a-ca188c78505b,over here to this area thanks,NA,,,,,,,,,,
VOICE_CAPTURE,183421,3/15/2022 11:09,22e2c9a3-b93f-4f7f-896a-ca188c78505b,and then somebody will be over here to help you in just a minute,NA,,,,,,,,,,
PATIENT_ENGAGED,185023,3/15/2022 11:09,22e2c9a3-b93f-4f7f-896a-ca188c78505b,100,Infinity,Gloria_8 Root,"(3.4, 0.0, -2.5)","(0.0, 1.0, 0.0, -0.2)",DELAYED,walker,normal,normal,normal,calm,standing
VOICE_CAPTURE,189095,3/15/2022 11:09,22e2c9a3-b93f-4f7f-896a-ca188c78505b,go if you,NA,,,,,,,,,,
VOICE_CAPTURE,191164,3/15/2022 11:09,22e2c9a3-b93f-4f7f-896a-ca188c78505b,wave,NA,,,,,,,,,,
VOICE_COMMAND,191164,3/15/2022 11:09,22e2c9a3-b93f-4f7f-896a-ca188c78505b,wave if you can,wave,,,,,,,,,,
S_A_L_T_WAVE_IF_CAN,191165,3/15/2022 11:09,22e2c9a3-b93f-4f7f-896a-ca188c78505b,"(-1.0, 0.0, 6.0)",waveIfCan,Bob_0 Root,,,,,,,,,
S_A_L_T_WAVE_IF_CAN,191165,3/15/2022 11:09,22e2c9a3-b93f-4f7f-896a-ca188c78505b,"(2.0, 0.0, 7.0)",waveIfCan,Gary_1 Root,,,,,,,,,
S_A_L_T_WAVE_IF_CAN,191165,3/15/2022 11:09,22e2c9a3-b93f-4f7f-896a-ca188c78505b,"(3.0, 0.0, 4.0)",waveIfCan,Lily_2 Root,,,,,,,,,
S_A_L_T_WAVED,191165,3/15/2022 11:09,22e2c9a3-b93f-4f7f-896a-ca188c78505b,"(3.0, 0.0, 4.0)",waved,Lily_2 Root,,,,,,,,,
S_A_L_T_WAVE_IF_CAN,191165,3/15/2022 11:09,22e2c9a3-b93f-4f7f-896a-ca188c78505b,"(0.0, 0.0, 2.0)",waveIfCan,Gary_3 Root,,,,,,,,,
S_A_L_T_WAVE_IF_CAN,191165,3/15/2022 11:09,22e2c9a3-b93f-4f7f-896a-ca188c78505b,"(1.4, 0.0, 6.0)",waveIfCan,Lily_4 Root,,,,,,,,,
S_A_L_T_WAVED,191165,3/15/2022 11:09,22e2c9a3-b93f-4f7f-896a-ca188c78505b,"(1.4, 0.0, 6.0)",waved,Lily_4 Root,,,,,,,,,
S_A_L_T_WAVE_IF_CAN,191165,3/15/2022 11:09,22e2c9a3-b93f-4f7f-896a-ca188c78505b,"(2.6, 0.0, 2.0)",waveIfCan,Mike_5 Root,,,,,,,,,
S_A_L_T_WAVED,191166,3/15/2022 11:09,22e2c9a3-b93f-4f7f-896a-ca188c78505b,"(2.6, 0.0, 2.0)",waved,Mike_5 Root,,,,,,,,,
S_A_L_T_WAVE_IF_CAN,191166,3/15/2022 11:09,22e2c9a3-b93f-4f7f-896a-ca188c78505b,"(-1.0, 0.0, 3.2)",waveIfCan,Gloria_6 Root,,,,,,,,,
S_A_L_T_WAVED,191166,3/15/2022 11:09,22e2c9a3-b93f-4f7f-896a-ca188c78505b,"(-1.0, 0.0, 3.2)",waved,Gloria_6 Root,,,,,,,,,
S_A_L_T_WAVE_IF_CAN,191166,3/15/2022 11:09,22e2c9a3-b93f-4f7f-896a-ca188c78505b,"(1.4, 0.0, 4.0)",waveIfCan,Mike_7 Root,,,,,,,,,
S_A_L_T_WAVED,191166,3/15/2022 11:09,22e2c9a3-b93f-4f7f-896a-ca188c78505b,"(1.4, 0.0, 4.0)",waved,Mike_7 Root,,,,,,,,,
S_A_L_T_WAVE_IF_CAN,191166,3/15/2022 11:09,22e2c9a3-b93f-4f7f-896a-ca188c78505b,"(3.3, 0.0, -2.5)",waveIfCan,Gloria_8 Root,,,,,,,,,
S_A_L_T_WAVED,191166,3/15/2022 11:09,22e2c9a3-b93f-4f7f-896a-ca188c78505b,"(3.3, 0.0, -2.5)",waved,Gloria_8 Root,,,,,,,,,
S_A_L_T_WAVE_IF_CAN,191166,3/15/2022 11:09,22e2c9a3-b93f-4f7f-896a-ca188c78505b,"(5.2, 0.0, -3.6)",waveIfCan,Bob_9 Root,,,,,,,,,
S_A_L_T_WAVED,191166,3/15/2022 11:09,22e2c9a3-b93f-4f7f-896a-ca188c78505b,"(5.2, 0.0, -3.6)",waved,Bob_9 Root,,,,,,,,,
S_A_L_T_WAVE_IF_CAN,191166,3/15/2022 11:09,22e2c9a3-b93f-4f7f-896a-ca188c78505b,"(4.5, 0.0, -0.9)",waveIfCan,Helga_10 Root,,,,,,,,,
S_A_L_T_WALK_IF_CAN,191187,3/15/2022 11:09,22e2c9a3-b93f-4f7f-896a-ca188c78505b,"(3.3, 0.0, -2.5)",walkIfCan,Gloria_8 Root,,,,,,,,,
S_A_L_T_WALKED,191187,3/15/2022 11:09,22e2c9a3-b93f-4f7f-896a-ca188c78505b,"(3.3, 0.0, -2.5)",walked,Gloria_8 Root,,,,,,,,,
S_A_L_T_WALK_IF_CAN,191187,3/15/2022 11:09,22e2c9a3-b93f-4f7f-896a-ca188c78505b,"(5.2, 0.0, -3.6)",walkIfCan,Bob_9 Root,,,,,,,,,
S_A_L_T_WALKED,191187,3/15/2022 11:09,22e2c9a3-b93f-4f7f-896a-ca188c78505b,"(5.2, 0.0, -3.6)",walked,Bob_9 Root,,,,,,,,,
S_A_L_T_WALK_IF_CAN,191187,3/15/2022 11:09,22e2c9a3-b93f-4f7f-896a-ca188c78505b,"(4.5, 0.0, -0.9)",walkIfCan,Helga_10 Root,,,,,,,,,
S_A_L_T_WALKED,191187,3/15/2022 11:09,22e2c9a3-b93f-4f7f-896a-ca188c78505b,"(4.5, 0.0, -0.9)",walked,Helga_10 Root,,,,,,,,,
VOICE_CAPTURE,192788,3/15/2022 11:09,22e2c9a3-b93f-4f7f-896a-ca188c78505b,they only go over there OK can anybody hear if you can hear me can you wave,NA,,,,,,,,,,
VOICE_COMMAND,192788,3/15/2022 11:09,22e2c9a3-b93f-4f7f-896a-ca188c78505b,wave if you can,they only go over there OK can anybody hear if you can hear me can you wave,,,,,,,,,,
VOICE_COMMAND,192788,3/15/2022 11:09,22e2c9a3-b93f-4f7f-896a-ca188c78505b,walk to the safe area,they only go over there OK can anybody hear if you can hear me can you wave,,,,,,,,,,
S_A_L_T_WALK_IF_CAN,192790,3/15/2022 11:09,22e2c9a3-b93f-4f7f-896a-ca188c78505b,"(-1.0, 0.0, 6.0)",walkIfCan,Bob_0 Root,,,,,,,,,
S_A_L_T_WALK_IF_CAN,192790,3/15/2022 11:09,22e2c9a3-b93f-4f7f-896a-ca188c78505b,"(2.0, 0.0, 7.0)",walkIfCan,Gary_1 Root,,,,,,,,,
S_A_L_T_WALK_IF_CAN,192790,3/15/2022 11:09,22e2c9a3-b93f-4f7f-896a-ca188c78505b,"(3.0, 0.0, 4.0)",walkIfCan,Lily_2 Root,,,,,,,,,
S_A_L_T_WALK_IF_CAN,192790,3/15/2022 11:09,22e2c9a3-b93f-4f7f-896a-ca188c78505b,"(0.0, 0.0, 2.0)",walkIfCan,Gary_3 Root,,,,,,,,,
S_A_L_T_WALK_IF_CAN,192790,3/15/2022 11:09,22e2c9a3-b93f-4f7f-896a-ca188c78505b,"(1.4, 0.0, 6.0)",walkIfCan,Lily_4 Root,,,,,,,,,
S_A_L_T_WALK_IF_CAN,192790,3/15/2022 11:09,22e2c9a3-b93f-4f7f-896a-ca188c78505b,"(2.6, 0.0, 2.0)",walkIfCan,Mike_5 Root,,,,,,,,,
S_A_L_T_WALK_IF_CAN,192790,3/15/2022 11:09,22e2c9a3-b93f-4f7f-896a-ca188c78505b,"(-1.0, 0.0, 3.2)",walkIfCan,Gloria_6 Root,,,,,,,,,
S_A_L_T_WALK_IF_CAN,192790,3/15/2022 11:09,22e2c9a3-b93f-4f7f-896a-ca188c78505b,"(1.4, 0.0, 4.0)",walkIfCan,Mike_7 Root,,,,,,,,,
S_A_L_T_WALK_IF_CAN,192790,3/15/2022 11:09,22e2c9a3-b93f-4f7f-896a-ca188c78505b,"(3.3, 0.0, -2.5)",walkIfCan,Gloria_8 Root,,,,,,,,,
S_A_L_T_WALKED,192790,3/15/2022 11:09,22e2c9a3-b93f-4f7f-896a-ca188c78505b,"(3.3, 0.0, -2.5)",walked,Gloria_8 Root,,,,,,,,,
VOICE_CAPTURE,196499,3/15/2022 11:09,22e2c9a3-b93f-4f7f-896a-ca188c78505b,OK,NA,,,,,,,,,,
VOICE_CAPTURE,198610,3/15/2022 11:09,22e2c9a3-b93f-4f7f-896a-ca188c78505b,can you wave again,NA,,,,,,,,,,
VOICE_COMMAND,198610,3/15/2022 11:09,22e2c9a3-b93f-4f7f-896a-ca188c78505b,wave if you can,can you wave again,,,,,,,,,,
S_A_L_T_WAVE_IF_CAN,198612,3/15/2022 11:09,22e2c9a3-b93f-4f7f-896a-ca188c78505b,"(-1.0, 0.0, 6.0)",waveIfCan,Bob_0 Root,,,,,,,,,
S_A_L_T_WAVE_IF_CAN,198612,3/15/2022 11:09,22e2c9a3-b93f-4f7f-896a-ca188c78505b,"(2.0, 0.0, 7.0)",waveIfCan,Gary_1 Root,,,,,,,,,
S_A_L_T_WAVE_IF_CAN,198612,3/15/2022 11:09,22e2c9a3-b93f-4f7f-896a-ca188c78505b,"(3.0, 0.0, 4.0)",waveIfCan,Lily_2 Root,,,,,,,,,
S_A_L_T_WAVED,198612,3/15/2022 11:09,22e2c9a3-b93f-4f7f-896a-ca188c78505b,"(3.0, 0.0, 4.0)",waved,Lily_2 Root,,,,,,,,,
S_A_L_T_WAVE_IF_CAN,198612,3/15/2022 11:09,22e2c9a3-b93f-4f7f-896a-ca188c78505b,"(0.0, 0.0, 2.0)",waveIfCan,Gary_3 Root,,,,,,,,,
S_A_L_T_WAVE_IF_CAN,198612,3/15/2022 11:09,22e2c9a3-b93f-4f7f-896a-ca188c78505b,"(1.4, 0.0, 6.0)",waveIfCan,Lily_4 Root,,,,,,,,,
S_A_L_T_WAVED,198612,3/15/2022 11:09,22e2c9a3-b93f-4f7f-896a-ca188c78505b,"(1.4, 0.0, 6.0)",waved,Lily_4 Root,,,,,,,,,
S_A_L_T_WAVE_IF_CAN,198612,3/15/2022 11:09,22e2c9a3-b93f-4f7f-896a-ca188c78505b,"(2.6, 0.0, 2.0)",waveIfCan,Mike_5 Root,,,,,,,,,
S_A_L_T_WAVED,198612,3/15/2022 11:09,22e2c9a3-b93f-4f7f-896a-ca188c78505b,"(2.6, 0.0, 2.0)",waved,Mike_5 Root,,,,,,,,,
S_A_L_T_WAVE_IF_CAN,198612,3/15/2022 11:09,22e2c9a3-b93f-4f7f-896a-ca188c78505b,"(-1.0, 0.0, 3.2)",waveIfCan,Gloria_6 Root,,,,,,,,,
S_A_L_T_WAVED,198612,3/15/2022 11:09,22e2c9a3-b93f-4f7f-896a-ca188c78505b,"(-1.0, 0.0, 3.2)",waved,Gloria_6 Root,,,,,,,,,
S_A_L_T_WAVE_IF_CAN,198612,3/15/2022 11:09,22e2c9a3-b93f-4f7f-896a-ca188c78505b,"(1.4, 0.0, 4.0)",waveIfCan,Mike_7 Root,,,,,,,,,
S_A_L_T_WAVED,198612,3/15/2022 11:09,22e2c9a3-b93f-4f7f-896a-ca188c78505b,"(1.4, 0.0, 4.0)",waved,Mike_7 Root,,,,,,,,,
S_A_L_T_WAVE_IF_CAN,198612,3/15/2022 11:09,22e2c9a3-b93f-4f7f-896a-ca188c78505b,"(3.3, 0.0, -2.5)",waveIfCan,Gloria_8 Root,,,,,,,,,
S_A_L_T_WAVED,198612,3/15/2022 11:09,22e2c9a3-b93f-4f7f-896a-ca188c78505b,"(3.3, 0.0, -2.5)",waved,Gloria_8 Root,,,,,,,,,
S_A_L_T_WAVE_IF_CAN,198613,3/15/2022 11:09,22e2c9a3-b93f-4f7f-896a-ca188c78505b,"(5.2, 0.0, -3.6)",waveIfCan,Bob_9 Root,,,,,,,,,
S_A_L_T_WAVED,198613,3/15/2022 11:09,22e2c9a3-b93f-4f7f-896a-ca188c78505b,"(5.2, 0.0, -3.6)",waved,Bob_9 Root,,,,,,,,,
S_A_L_T_WAVE_IF_CAN,198613,3/15/2022 11:09,22e2c9a3-b93f-4f7f-896a-ca188c78505b,"(4.5, 0.0, -0.9)",waveIfCan,Helga_10 Root,,,,,,,,,
S_A_L_T_WALK_IF_CAN,198637,3/15/2022 11:09,22e2c9a3-b93f-4f7f-896a-ca188c78505b,"(-1.0, 0.0, 6.0)",walkIfCan,Bob_0 Root,,,,,,,,,
S_A_L_T_WALK_IF_CAN,198638,3/15/2022 11:09,22e2c9a3-b93f-4f7f-896a-ca188c78505b,"(2.0, 0.0, 7.0)",walkIfCan,Gary_1 Root,,,,,,,,,
S_A_L_T_WALK_IF_CAN,198638,3/15/2022 11:09,22e2c9a3-b93f-4f7f-896a-ca188c78505b,"(3.0, 0.0, 4.0)",walkIfCan,Lily_2 Root,,,,,,,,,
S_A_L_T_WALK_IF_CAN,198638,3/15/2022 11:09,22e2c9a3-b93f-4f7f-896a-ca188c78505b,"(0.0, 0.0, 2.0)",walkIfCan,Gary_3 Root,,,,,,,,,
S_A_L_T_WALK_IF_CAN,198638,3/15/2022 11:09,22e2c9a3-b93f-4f7f-896a-ca188c78505b,"(1.4, 0.0, 6.0)",walkIfCan,Lily_4 Root,,,,,,,,,
S_A_L_T_WALK_IF_CAN,198638,3/15/2022 11:09,22e2c9a3-b93f-4f7f-896a-ca188c78505b,"(2.6, 0.0, 2.0)",walkIfCan,Mike_5 Root,,,,,,,,,
S_A_L_T_WALK_IF_CAN,198638,3/15/2022 11:09,22e2c9a3-b93f-4f7f-896a-ca188c78505b,"(-1.0, 0.0, 3.2)",walkIfCan,Gloria_6 Root,,,,,,,,,
S_A_L_T_WALK_IF_CAN,198638,3/15/2022 11:09,22e2c9a3-b93f-4f7f-896a-ca188c78505b,"(1.4, 0.0, 4.0)",walkIfCan,Mike_7 Root,,,,,,,,,
S_A_L_T_WALK_IF_CAN,198638,3/15/2022 11:09,22e2c9a3-b93f-4f7f-896a-ca188c78505b,"(4.5, 0.0, -0.9)",walkIfCan,Helga_10 Root,,,,,,,,,
S_A_L_T_WALKED,198638,3/15/2022 11:09,22e2c9a3-b93f-4f7f-896a-ca188c78505b,"(4.5, 0.0, -0.9)",walked,Helga_10 Root,,,,,,,,,
TELEPORT,202014,3/15/2022 11:09,22e2c9a3-b93f-4f7f-896a-ca188c78505b,"(4.3, 0.0, -4.9)",,,,,,,,,,,
TELEPORT,204395,3/15/2022 11:09,22e2c9a3-b93f-4f7f-896a-ca188c78505b,"(4.2, 0.0, -4.8)",,,,,,,,,,,
VOICE_CAPTURE,206837,3/15/2022 11:09,22e2c9a3-b93f-4f7f-896a-ca188c78505b,alright someone over you can stay there someone will be there to help you in a minute,NA,,,,,,,,,,
VOICE_CAPTURE,215509,3/15/2022 11:09,22e2c9a3-b93f-4f7f-896a-ca188c78505b,go over this person,NA,,,,,,,,,,
TELEPORT,217980,3/15/2022 11:09,22e2c9a3-b93f-4f7f-896a-ca188c78505b,"(0.2, 0.0, 3.5)",,,,,,,,,,,
TELEPORT,219118,3/15/2022 11:09,22e2c9a3-b93f-4f7f-896a-ca188c78505b,"(-0.2, 0.0, 3.8)",,,,,,,,,,,
TELEPORT,220454,3/15/2022 11:09,22e2c9a3-b93f-4f7f-896a-ca188c78505b,"(-0.3, 0.0, 4.1)",,,,,,,,,,,
TELEPORT,221390,3/15/2022 11:09,22e2c9a3-b93f-4f7f-896a-ca188c78505b,"(-0.5, 0.0, 4.2)",,,,,,,,,,,
VOICE_CAPTURE,223083,3/15/2022 11:09,22e2c9a3-b93f-4f7f-896a-ca188c78505b,hi sir can you hear me,NA,,,,,,,,,,
VOICE_COMMAND,223083,3/15/2022 11:09,22e2c9a3-b93f-4f7f-896a-ca188c78505b,can you hear,hi sir can you hear me,,,,,,,,,,
BAG_ACCESS,226286,3/15/2022 11:10,22e2c9a3-b93f-4f7f-896a-ca188c78505b,"(-0.5, 0.7, 4.9)",,,,,,,,,,,
VOICE_CAPTURE,226354,3/15/2022 11:10,22e2c9a3-b93f-4f7f-896a-ca188c78505b,sir can you hear me,NA,,,,,,,,,,
VOICE_COMMAND,226355,3/15/2022 11:10,22e2c9a3-b93f-4f7f-896a-ca188c78505b,can you hear,sir can you hear me,,,,,,,,,,
TAG_SELECTED,227536,3/15/2022 11:10,22e2c9a3-b93f-4f7f-896a-ca188c78505b,black,,,,,,,,,,,
PATIENT_ENGAGED,229319,3/15/2022 11:10,22e2c9a3-b93f-4f7f-896a-ca188c78505b,100,Infinity,Bob_0 Root,"(-1.0, 0.0, 6.0)","(0.0, 0.7, 0.0, 0.7)",DEAD,still,none,none,none,dead,supine
TAG_APPLIED,230211,3/15/2022 11:10,22e2c9a3-b93f-4f7f-896a-ca188c78505b,Bob_0 Root,black,,,,,,,,,,
BAG_CLOSED,232956,3/15/2022 11:10,22e2c9a3-b93f-4f7f-896a-ca188c78505b,"(-0.5, 0.7, 4.9)",,,,,,,,,,,
TELEPORT,232956,3/15/2022 11:10,22e2c9a3-b93f-4f7f-896a-ca188c78505b,"(-0.3, 0.0, 4.4)",,,,,,,,,,,
TELEPORT,234751,3/15/2022 11:10,22e2c9a3-b93f-4f7f-896a-ca188c78505b,"(0.0, 0.0, 5.3)",,,,,,,,,,,
TELEPORT,237627,3/15/2022 11:10,22e2c9a3-b93f-4f7f-896a-ca188c78505b,"(0.9, 0.0, 6.3)",,,,,,,,,,,
TELEPORT,240077,3/15/2022 11:10,22e2c9a3-b93f-4f7f-896a-ca188c78505b,"(1.1, 0.0, 6.5)",,,,,,,,,,,
VOICE_CAPTURE,241482,3/15/2022 11:10,22e2c9a3-b93f-4f7f-896a-ca188c78505b,hi sir can you hear me,NA,,,,,,,,,,
VOICE_COMMAND,241482,3/15/2022 11:10,22e2c9a3-b93f-4f7f-896a-ca188c78505b,can you hear,hi sir can you hear me,,,,,,,,,,
BAG_ACCESS,244523,3/15/2022 11:10,22e2c9a3-b93f-4f7f-896a-ca188c78505b,"(0.9, 0.7, 7.0)",,,,,,,,,,,
VOICE_CAPTURE,244666,3/15/2022 11:10,22e2c9a3-b93f-4f7f-896a-ca188c78505b,sir can you hear me,NA,,,,,,,,,,
VOICE_COMMAND,244666,3/15/2022 11:10,22e2c9a3-b93f-4f7f-896a-ca188c78505b,can you hear,sir can you hear me,,,,,,,,,,
TAG_SELECTED,245226,3/15/2022 11:10,22e2c9a3-b93f-4f7f-896a-ca188c78505b,red,,,,,,,,,,,
PATIENT_ENGAGED,246382,3/15/2022 11:10,22e2c9a3-b93f-4f7f-896a-ca188c78505b,100,Infinity,Gary_1 Root,"(2.0, 0.0, 7.0)","(0.0, 1.0, 0.0, 0.0)",EXPECTANT,still,none,restricted,none,unresponsive,supine
TAG_APPLIED,246873,3/15/2022 11:10,22e2c9a3-b93f-4f7f-896a-ca188c78505b,Gary_1 Root,red,,,,,,,,,,
BAG_CLOSED,248036,3/15/2022 11:10,22e2c9a3-b93f-4f7f-896a-ca188c78505b,"(0.9, 0.7, 7.0)",,,,,,,,,,,
TELEPORT,248036,3/15/2022 11:10,22e2c9a3-b93f-4f7f-896a-ca188c78505b,"(1.2, 0.0, 6.6)",,,,,,,,,,,
VOICE_CAPTURE,256672,3/15/2022 11:10,22e2c9a3-b93f-4f7f-896a-ca188c78505b,and then can everybody wave if they can hear me,NA,,,,,,,,,,
VOICE_COMMAND,256672,3/15/2022 11:10,22e2c9a3-b93f-4f7f-896a-ca188c78505b,wave if you can,and then can everybody wave if they can hear me,,,,,,,,,,
S_A_L_T_WAVE_IF_CAN,256674,3/15/2022 11:10,22e2c9a3-b93f-4f7f-896a-ca188c78505b,"(-1.0, 0.0, 6.0)",waveIfCan,Bob_0 Root,,,,,,,,,
S_A_L_T_WAVE_IF_CAN,256674,3/15/2022 11:10,22e2c9a3-b93f-4f7f-896a-ca188c78505b,"(2.0, 0.0, 7.0)",waveIfCan,Gary_1 Root,,,,,,,,,
S_A_L_T_WAVE_IF_CAN,256674,3/15/2022 11:10,22e2c9a3-b93f-4f7f-896a-ca188c78505b,"(3.0, 0.0, 4.0)",waveIfCan,Lily_2 Root,,,,,,,,,
S_A_L_T_WAVED,256674,3/15/2022 11:10,22e2c9a3-b93f-4f7f-896a-ca188c78505b,"(3.0, 0.0, 4.0)",waved,Lily_2 Root,,,,,,,,,
S_A_L_T_WAVE_IF_CAN,256674,3/15/2022 11:10,22e2c9a3-b93f-4f7f-896a-ca188c78505b,"(0.0, 0.0, 2.0)",waveIfCan,Gary_3 Root,,,,,,,,,
S_A_L_T_WAVE_IF_CAN,256674,3/15/2022 11:10,22e2c9a3-b93f-4f7f-896a-ca188c78505b,"(1.4, 0.0, 6.0)",waveIfCan,Lily_4 Root,,,,,,,,,
S_A_L_T_WAVED,256674,3/15/2022 11:10,22e2c9a3-b93f-4f7f-896a-ca188c78505b,"(1.4, 0.0, 6.0)",waved,Lily_4 Root,,,,,,,,,
S_A_L_T_WAVE_IF_CAN,256674,3/15/2022 11:10,22e2c9a3-b93f-4f7f-896a-ca188c78505b,"(2.6, 0.0, 2.0)",waveIfCan,Mike_5 Root,,,,,,,,,
S_A_L_T_WAVED,256674,3/15/2022 11:10,22e2c9a3-b93f-4f7f-896a-ca188c78505b,"(2.6, 0.0, 2.0)",waved,Mike_5 Root,,,,,,,,,
S_A_L_T_WAVE_IF_CAN,256674,3/15/2022 11:10,22e2c9a3-b93f-4f7f-896a-ca188c78505b,"(-1.0, 0.0, 3.2)",waveIfCan,Gloria_6 Root,,,,,,,,,
S_A_L_T_WAVED,256674,3/15/2022 11:10,22e2c9a3-b93f-4f7f-896a-ca188c78505b,"(-1.0, 0.0, 3.2)",waved,Gloria_6 Root,,,,,,,,,
S_A_L_T_WAVE_IF_CAN,256674,3/15/2022 11:10,22e2c9a3-b93f-4f7f-896a-ca188c78505b,"(1.4, 0.0, 4.0)",waveIfCan,Mike_7 Root,,,,,,,,,
S_A_L_T_WAVED,256674,3/15/2022 11:10,22e2c9a3-b93f-4f7f-896a-ca188c78505b,"(1.4, 0.0, 4.0)",waved,Mike_7 Root,,,,,,,,,
S_A_L_T_WAVE_IF_CAN,256674,3/15/2022 11:10,22e2c9a3-b93f-4f7f-896a-ca188c78505b,"(3.2, 0.0, -2.5)",waveIfCan,Gloria_8 Root,,,,,,,,,
S_A_L_T_WAVED,256675,3/15/2022 11:10,22e2c9a3-b93f-4f7f-896a-ca188c78505b,"(3.2, 0.0, -2.5)",waved,Gloria_8 Root,,,,,,,,,
S_A_L_T_WAVE_IF_CAN,256675,3/15/2022 11:10,22e2c9a3-b93f-4f7f-896a-ca188c78505b,"(4.5, 0.0, -0.9)",waveIfCan,Helga_10 Root,,,,,,,,,
S_A_L_T_WALK_IF_CAN,256697,3/15/2022 11:10,22e2c9a3-b93f-4f7f-896a-ca188c78505b,"(4.5, 0.0, -0.9)",walkIfCan,Helga_10 Root,,,,,,,,,
S_A_L_T_WALKED,256697,3/15/2022 11:10,22e2c9a3-b93f-4f7f-896a-ca188c78505b,"(4.5, 0.0, -0.9)",walked,Helga_10 Root,,,,,,,,,
VOICE_CAPTURE,258464,3/15/2022 11:10,22e2c9a3-b93f-4f7f-896a-ca188c78505b,can you wave,NA,,,,,,,,,,
VOICE_COMMAND,258464,3/15/2022 11:10,22e2c9a3-b93f-4f7f-896a-ca188c78505b,wave if you can,can you wave,,,,,,,,,,
S_A_L_T_WAVE_IF_CAN,258466,3/15/2022 11:10,22e2c9a3-b93f-4f7f-896a-ca188c78505b,"(4.5, 0.0, -0.9)",waveIfCan,Helga_10 Root,,,,,,,,,
S_A_L_T_WALK_IF_CAN,258497,3/15/2022 11:10,22e2c9a3-b93f-4f7f-896a-ca188c78505b,"(4.5, 0.0, -0.9)",walkIfCan,Helga_10 Root,,,,,,,,,
S_A_L_T_WALKED,258497,3/15/2022 11:10,22e2c9a3-b93f-4f7f-896a-ca188c78505b,"(4.5, 0.0, -0.9)",walked,Helga_10 Root,,,,,,,,,
VOICE_CAPTURE,261483,3/15/2022 11:10,22e2c9a3-b93f-4f7f-896a-ca188c78505b,leave leave leave leave OK,NA,,,,,,,,,,
VOICE_CAPTURE,267856,3/15/2022 11:10,22e2c9a3-b93f-4f7f-896a-ca188c78505b,you see you can't see,NA,,,,,,,,,,
BAG_ACCESS,271108,3/15/2022 11:10,22e2c9a3-b93f-4f7f-896a-ca188c78505b,"(1.3, 0.4, 7.0)",,,,,,,,,,,
VOICE_CAPTURE,271887,3/15/2022 11:10,22e2c9a3-b93f-4f7f-896a-ca188c78505b,no it's in my kit,NA,,,,,,,,,,
VOICE_CAPTURE,282356,3/15/2022 11:10,22e2c9a3-b93f-4f7f-896a-ca188c78505b,how do we can we talk like if they we can't tell if they can like breathe or not,NA,,,,,,,,,,
PULSE_TAKEN,285388,3/15/2022 11:11,22e2c9a3-b93f-4f7f-896a-ca188c78505b,pulse_none,Gary_1 Root,,,,,,,,,,
PULSE_TAKEN,296994,3/15/2022 11:11,22e2c9a3-b93f-4f7f-896a-ca188c78505b,pulse_none,Gary_1 Root,,,,,,,,,,
PULSE_TAKEN,301381,3/15/2022 11:11,22e2c9a3-b93f-4f7f-896a-ca188c78505b,pulse_none,Gary_1 Root,,,,,,,,,,
TOOL_HOVER,304172,3/15/2022 11:11,22e2c9a3-b93f-4f7f-896a-ca188c78505b,Needle,999,,,,,,,,,,
TOOL_HOVER,304202,3/15/2022 11:11,22e2c9a3-b93f-4f7f-896a-ca188c78505b,Needle,999,,,,,,,,,,
TOOL_HOVER,304229,3/15/2022 11:11,22e2c9a3-b93f-4f7f-896a-ca188c78505b,Needle,999,,,,,,,,,,
TOOL_HOVER,304255,3/15/2022 11:11,22e2c9a3-b93f-4f7f-896a-ca188c78505b,Needle,999,,,,,,,,,,
TOOL_HOVER,304282,3/15/2022 11:11,22e2c9a3-b93f-4f7f-896a-ca188c78505b,Needle,999,,,,,,,,,,
TOOL_HOVER,304308,3/15/2022 11:11,22e2c9a3-b93f-4f7f-896a-ca188c78505b,Needle,999,,,,,,,,,,
TOOL_HOVER,304335,3/15/2022 11:11,22e2c9a3-b93f-4f7f-896a-ca188c78505b,Needle,999,,,,,,,,,,
TOOL_HOVER,304361,3/15/2022 11:11,22e2c9a3-b93f-4f7f-896a-ca188c78505b,Needle,999,,,,,,,,,,
TOOL_HOVER,304388,3/15/2022 11:11,22e2c9a3-b93f-4f7f-896a-ca188c78505b,Needle,999,,,,,,,,,,
TOOL_HOVER,304414,3/15/2022 11:11,22e2c9a3-b93f-4f7f-896a-ca188c78505b,Needle,999,,,,,,,,,,
TOOL_HOVER,304442,3/15/2022 11:11,22e2c9a3-b93f-4f7f-896a-ca188c78505b,Needle,999,,,,,,,,,,
TOOL_HOVER,304469,3/15/2022 11:11,22e2c9a3-b93f-4f7f-896a-ca188c78505b,Needle,999,,,,,,,,,,
VOICE_CAPTURE,304494,3/15/2022 11:11,22e2c9a3-b93f-4f7f-896a-ca188c78505b,chest is moving but i don't hear don't feel a pulse,NA,,,,,,,,,,
TOOL_HOVER,304496,3/15/2022 11:11,22e2c9a3-b93f-4f7f-896a-ca188c78505b,Needle,999,,,,,,,,,,
TOOL_HOVER,304523,3/15/2022 11:11,22e2c9a3-b93f-4f7f-896a-ca188c78505b,Needle,999,,,,,,,,,,
TOOL_HOVER,304551,3/15/2022 11:11,22e2c9a3-b93f-4f7f-896a-ca188c78505b,Needle,999,,,,,,,,,,
TOOL_HOVER,304577,3/15/2022 11:11,22e2c9a3-b93f-4f7f-896a-ca188c78505b,Needle,999,,,,,,,,,,
TOOL_HOVER,304605,3/15/2022 11:11,22e2c9a3-b93f-4f7f-896a-ca188c78505b,Needle,999,,,,,,,,,,
TOOL_HOVER,304634,3/15/2022 11:11,22e2c9a3-b93f-4f7f-896a-ca188c78505b,Needle,999,,,,,,,,,,
TOOL_HOVER,304660,3/15/2022 11:11,22e2c9a3-b93f-4f7f-896a-ca188c78505b,Needle,999,,,,,,,,,,
TOOL_HOVER,304688,3/15/2022 11:11,22e2c9a3-b93f-4f7f-896a-ca188c78505b,Needle,999,,,,,,,,,,
TOOL_HOVER,304715,3/15/2022 11:11,22e2c9a3-b93f-4f7f-896a-ca188c78505b,Needle,999,,,,,,,,,,
TOOL_HOVER,304743,3/15/2022 11:11,22e2c9a3-b93f-4f7f-896a-ca188c78505b,Needle,999,,,,,,,,,,
TOOL_HOVER,304772,3/15/2022 11:11,22e2c9a3-b93f-4f7f-896a-ca188c78505b,Needle,999,,,,,,,,,,
TOOL_HOVER,304798,3/15/2022 11:11,22e2c9a3-b93f-4f7f-896a-ca188c78505b,Needle,999,,,,,,,,,,
TOOL_HOVER,304826,3/15/2022 11:11,22e2c9a3-b93f-4f7f-896a-ca188c78505b,Needle,999,,,,,,,,,,
TOOL_HOVER,304854,3/15/2022 11:11,22e2c9a3-b93f-4f7f-896a-ca188c78505b,Needle,999,,,,,,,,,,
TOOL_HOVER,304881,3/15/2022 11:11,22e2c9a3-b93f-4f7f-896a-ca188c78505b,Needle,999,,,,,,,,,,
TOOL_HOVER,304907,3/15/2022 11:11,22e2c9a3-b93f-4f7f-896a-ca188c78505b,Needle,999,,,,,,,,,,
TOOL_HOVER,304934,3/15/2022 11:11,22e2c9a3-b93f-4f7f-896a-ca188c78505b,Needle,999,,,,,,,,,,
TOOL_HOVER,304960,3/15/2022 11:11,22e2c9a3-b93f-4f7f-896a-ca188c78505b,Needle,999,,,,,,,,,,
TOOL_HOVER,304987,3/15/2022 11:11,22e2c9a3-b93f-4f7f-896a-ca188c78505b,Needle,999,,,,,,,,,,
TOOL_HOVER,305013,3/15/2022 11:11,22e2c9a3-b93f-4f7f-896a-ca188c78505b,Needle,999,,,,,,,,,,
TOOL_HOVER,305039,3/15/2022 11:11,22e2c9a3-b93f-4f7f-896a-ca188c78505b,Needle,999,,,,,,,,,,
TOOL_HOVER,305066,3/15/2022 11:11,22e2c9a3-b93f-4f7f-896a-ca188c78505b,Needle,999,,,,,,,,,,
TOOL_HOVER,305093,3/15/2022 11:11,22e2c9a3-b93f-4f7f-896a-ca188c78505b,Needle,999,,,,,,,,,,
TOOL_HOVER,305119,3/15/2022 11:11,22e2c9a3-b93f-4f7f-896a-ca188c78505b,Needle,999,,,,,,,,,,
TOOL_HOVER,305145,3/15/2022 11:11,22e2c9a3-b93f-4f7f-896a-ca188c78505b,Needle,999,,,,,,,,,,
TOOL_HOVER,305172,3/15/2022 11:11,22e2c9a3-b93f-4f7f-896a-ca188c78505b,Needle,999,,,,,,,,,,
TOOL_HOVER,305198,3/15/2022 11:11,22e2c9a3-b93f-4f7f-896a-ca188c78505b,Needle,999,,,,,,,,,,
TOOL_HOVER,305225,3/15/2022 11:11,22e2c9a3-b93f-4f7f-896a-ca188c78505b,Needle,999,,,,,,,,,,
TOOL_HOVER,305252,3/15/2022 11:11,22e2c9a3-b93f-4f7f-896a-ca188c78505b,Needle,999,,,,,,,,,,
TOOL_HOVER,305278,3/15/2022 11:11,22e2c9a3-b93f-4f7f-896a-ca188c78505b,Needle,999,,,,,,,,,,
TOOL_HOVER,305304,3/15/2022 11:11,22e2c9a3-b93f-4f7f-896a-ca188c78505b,Needle,999,,,,,,,,,,
TOOL_SELECTED,305306,3/15/2022 11:11,22e2c9a3-b93f-4f7f-896a-ca188c78505b,Needle,998,,,,,,,,,,
TOOL_APPLIED,311254,3/15/2022 11:11,22e2c9a3-b93f-4f7f-896a-ca188c78505b,Needle_Decomp(Clone),Needle,RChest_Breathe1 (UnityEngine.GameObject),cath_needle (UnityEngine.GameObject),right_chest,Needle_Decomp(Clone) (UnityEngine.GameObject),AppliedDecompNeedle,,,,,
VOICE_CAPTURE,316216,3/15/2022 11:11,22e2c9a3-b93f-4f7f-896a-ca188c78505b,sir can you hear me,NA,,,,,,,,,,
VOICE_COMMAND,316216,3/15/2022 11:11,22e2c9a3-b93f-4f7f-896a-ca188c78505b,can you hear,sir can you hear me,,,,,,,,,,
TOOL_HOVER,317979,3/15/2022 11:11,22e2c9a3-b93f-4f7f-896a-ca188c78505b,Needle,998,,,,,,,,,,
TOOL_HOVER,318008,3/15/2022 11:11,22e2c9a3-b93f-4f7f-896a-ca188c78505b,Needle,998,,,,,,,,,,
TOOL_HOVER,318038,3/15/2022 11:11,22e2c9a3-b93f-4f7f-896a-ca188c78505b,Needle,998,,,,,,,,,,
TOOL_HOVER,318066,3/15/2022 11:11,22e2c9a3-b93f-4f7f-896a-ca188c78505b,Tourniquet,997,,,,,,,,,,
TOOL_HOVER,318093,3/15/2022 11:11,22e2c9a3-b93f-4f7f-896a-ca188c78505b,Tourniquet,997,,,,,,,,,,
TOOL_HOVER,318119,3/15/2022 11:11,22e2c9a3-b93f-4f7f-896a-ca188c78505b,Tourniquet,997,,,,,,,,,,
TOOL_HOVER,318143,3/15/2022 11:11,22e2c9a3-b93f-4f7f-896a-ca188c78505b,Tourniquet,997,,,,,,,,,,
TOOL_HOVER,318166,3/15/2022 11:11,22e2c9a3-b93f-4f7f-896a-ca188c78505b,Needle,998,,,,,,,,,,
TOOL_HOVER,318191,3/15/2022 11:11,22e2c9a3-b93f-4f7f-896a-ca188c78505b,Needle,998,,,,,,,,,,
TOOL_HOVER,318215,3/15/2022 11:11,22e2c9a3-b93f-4f7f-896a-ca188c78505b,Needle,998,,,,,,,,,,
TOOL_HOVER,318241,3/15/2022 11:11,22e2c9a3-b93f-4f7f-896a-ca188c78505b,Needle,998,,,,,,,,,,
TOOL_HOVER,318268,3/15/2022 11:11,22e2c9a3-b93f-4f7f-896a-ca188c78505b,Needle,998,,,,,,,,,,
TOOL_HOVER,318293,3/15/2022 11:11,22e2c9a3-b93f-4f7f-896a-ca188c78505b,Needle,998,,,,,,,,,,
TOOL_HOVER,318322,3/15/2022 11:11,22e2c9a3-b93f-4f7f-896a-ca188c78505b,Needle,998,,,,,,,,,,
TOOL_HOVER,318351,3/15/2022 11:11,22e2c9a3-b93f-4f7f-896a-ca188c78505b,Needle,998,,,,,,,,,,
TOOL_HOVER,318380,3/15/2022 11:11,22e2c9a3-b93f-4f7f-896a-ca188c78505b,Needle,998,,,,,,,,,,
TOOL_HOVER,318409,3/15/2022 11:11,22e2c9a3-b93f-4f7f-896a-ca188c78505b,Needle,998,,,,,,,,,,
TOOL_HOVER,318438,3/15/2022 11:11,22e2c9a3-b93f-4f7f-896a-ca188c78505b,Needle,998,,,,,,,,,,
TOOL_HOVER,318467,3/15/2022 11:11,22e2c9a3-b93f-4f7f-896a-ca188c78505b,Needle,998,,,,,,,,,,
TOOL_HOVER,318495,3/15/2022 11:11,22e2c9a3-b93f-4f7f-896a-ca188c78505b,Needle,998,,,,,,,,,,
TOOL_HOVER,318524,3/15/2022 11:11,22e2c9a3-b93f-4f7f-896a-ca188c78505b,Needle,998,,,,,,,,,,
TOOL_HOVER,318553,3/15/2022 11:11,22e2c9a3-b93f-4f7f-896a-ca188c78505b,Needle,998,,,,,,,,,,
TOOL_HOVER,318581,3/15/2022 11:11,22e2c9a3-b93f-4f7f-896a-ca188c78505b,Needle,998,,,,,,,,,,
TOOL_HOVER,318609,3/15/2022 11:11,22e2c9a3-b93f-4f7f-896a-ca188c78505b,Needle,998,,,,,,,,,,
TOOL_HOVER,318638,3/15/2022 11:11,22e2c9a3-b93f-4f7f-896a-ca188c78505b,Needle,998,,,,,,,,,,
TOOL_HOVER,318667,3/15/2022 11:11,22e2c9a3-b93f-4f7f-896a-ca188c78505b,Needle,998,,,,,,,,,,
TOOL_HOVER,318695,3/15/2022 11:11,22e2c9a3-b93f-4f7f-896a-ca188c78505b,Needle,998,,,,,,,,,,
TOOL_SELECTED,318697,3/15/2022 11:11,22e2c9a3-b93f-4f7f-896a-ca188c78505b,Needle,997,,,,,,,,,,
TOOL_APPLIED,322118,3/15/2022 11:11,22e2c9a3-b93f-4f7f-896a-ca188c78505b,Needle_Decomp(Clone),Needle,LChest_Breathe1 (UnityEngine.GameObject),cath_needle (UnityEngine.GameObject),left_chest,Needle_Decomp(Clone) (UnityEngine.GameObject),AppliedDecompNeedle,,,,,
VOICE_CAPTURE,327040,3/15/2022 11:11,22e2c9a3-b93f-4f7f-896a-ca188c78505b,can you hear me,NA,,,,,,,,,,
VOICE_COMMAND,327041,3/15/2022 11:11,22e2c9a3-b93f-4f7f-896a-ca188c78505b,can you hear,can you hear me,,,,,,,,,,
VOICE_CAPTURE,331829,3/15/2022 11:11,22e2c9a3-b93f-4f7f-896a-ca188c78505b,can see bleeding on the floor,NA,,,,,,,,,,
VOICE_CAPTURE,337088,3/15/2022 11:11,22e2c9a3-b93f-4f7f-896a-ca188c78505b,you know if you can check underneath clothes to see if there's,NA,,,,,,,,,,
VOICE_CAPTURE,339293,3/15/2022 11:11,22e2c9a3-b93f-4f7f-896a-ca188c78505b,can't lose them OK,NA,,,,,,,,,,
VOICE_CAPTURE,343414,3/15/2022 11:12,22e2c9a3-b93f-4f7f-896a-ca188c78505b,some bleeding gum,NA,,,,,,,,,,
TOOL_HOVER,349581,3/15/2022 11:12,22e2c9a3-b93f-4f7f-896a-ca188c78505b,Nasal Airway,999,,,,,,,,,,
TOOL_HOVER,349609,3/15/2022 11:12,22e2c9a3-b93f-4f7f-896a-ca188c78505b,Nasal Airway,999,,,,,,,,,,
TOOL_HOVER,349637,3/15/2022 11:12,22e2c9a3-b93f-4f7f-896a-ca188c78505b,Nasal Airway,999,,,,,,,,,,
TOOL_HOVER,349663,3/15/2022 11:12,22e2c9a3-b93f-4f7f-896a-ca188c78505b,Nasal Airway,999,,,,,,,,,,
TOOL_HOVER,349691,3/15/2022 11:12,22e2c9a3-b93f-4f7f-896a-ca188c78505b,Nasal Airway,999,,,,,,,,,,
TOOL_HOVER,349716,3/15/2022 11:12,22e2c9a3-b93f-4f7f-896a-ca188c78505b,Nasal Airway,999,,,,,,,,,,
TOOL_HOVER,349742,3/15/2022 11:12,22e2c9a3-b93f-4f7f-896a-ca188c78505b,Nasal Airway,999,,,,,,,,,,
TOOL_HOVER,349769,3/15/2022 11:12,22e2c9a3-b93f-4f7f-896a-ca188c78505b,Nasal Airway,999,,,,,,,,,,
TOOL_HOVER,349794,3/15/2022 11:12,22e2c9a3-b93f-4f7f-896a-ca188c78505b,Nasal Airway,999,,,,,,,,,,
TOOL_HOVER,349821,3/15/2022 11:12,22e2c9a3-b93f-4f7f-896a-ca188c78505b,Nasal Airway,999,,,,,,,,,,
TOOL_HOVER,349847,3/15/2022 11:12,22e2c9a3-b93f-4f7f-896a-ca188c78505b,Nasal Airway,999,,,,,,,,,,
VOICE_CAPTURE,350965,3/15/2022 11:12,22e2c9a3-b93f-4f7f-896a-ca188c78505b,they're not responding but i can't hear them,NA,,,,,,,,,,
VOICE_CAPTURE,353616,3/15/2022 11:12,22e2c9a3-b93f-4f7f-896a-ca188c78505b,sir can you breathe can you hear me,NA,,,,,,,,,,
VOICE_COMMAND,353616,3/15/2022 11:12,22e2c9a3-b93f-4f7f-896a-ca188c78505b,can you hear,sir can you breathe can you hear me,,,,,,,,,,
TOOL_HOVER,360569,3/15/2022 11:12,22e2c9a3-b93f-4f7f-896a-ca188c78505b,Hemostatic Gauze,999,,,,,,,,,,
TOOL_HOVER,360594,3/15/2022 11:12,22e2c9a3-b93f-4f7f-896a-ca188c78505b,Hemostatic Gauze,999,,,,,,,,,,
TOOL_HOVER,360621,3/15/2022 11:12,22e2c9a3-b93f-4f7f-896a-ca188c78505b,Hemostatic Gauze,999,,,,,,,,,,
TOOL_HOVER,360646,3/15/2022 11:12,22e2c9a3-b93f-4f7f-896a-ca188c78505b,Hemostatic Gauze,999,,,,,,,,,,
TOOL_HOVER,360670,3/15/2022 11:12,22e2c9a3-b93f-4f7f-896a-ca188c78505b,Hemostatic Gauze,999,,,,,,,,,,
TOOL_HOVER,360695,3/15/2022 11:12,22e2c9a3-b93f-4f7f-896a-ca188c78505b,Hemostatic Gauze,999,,,,,,,,,,
TOOL_HOVER,360722,3/15/2022 11:12,22e2c9a3-b93f-4f7f-896a-ca188c78505b,Hemostatic Gauze,999,,,,,,,,,,
TOOL_HOVER,360749,3/15/2022 11:12,22e2c9a3-b93f-4f7f-896a-ca188c78505b,Hemostatic Gauze,999,,,,,,,,,,
TOOL_HOVER,360773,3/15/2022 11:12,22e2c9a3-b93f-4f7f-896a-ca188c78505b,Hemostatic Gauze,999,,,,,,,,,,
TOOL_HOVER,360799,3/15/2022 11:12,22e2c9a3-b93f-4f7f-896a-ca188c78505b,Hemostatic Gauze,999,,,,,,,,,,
TOOL_HOVER,360825,3/15/2022 11:12,22e2c9a3-b93f-4f7f-896a-ca188c78505b,Hemostatic Gauze,999,,,,,,,,,,
TOOL_HOVER,360851,3/15/2022 11:12,22e2c9a3-b93f-4f7f-896a-ca188c78505b,Hemostatic Gauze,999,,,,,,,,,,
TOOL_HOVER,360876,3/15/2022 11:12,22e2c9a3-b93f-4f7f-896a-ca188c78505b,Hemostatic Gauze,999,,,,,,,,,,
TOOL_HOVER,360902,3/15/2022 11:12,22e2c9a3-b93f-4f7f-896a-ca188c78505b,Hemostatic Gauze,999,,,,,,,,,,
TOOL_SELECTED,360903,3/15/2022 11:12,22e2c9a3-b93f-4f7f-896a-ca188c78505b,Hemostatic Gauze,998,,,,,,,,,,
TOOL_DISCARDED,363662,3/15/2022 11:12,22e2c9a3-b93f-4f7f-896a-ca188c78505b,Hemostatic Gauze,998,"(1.2, 0.2, 7.7)",,,,,,,,,
INJURY_TREATED,363663,3/15/2022 11:12,22e2c9a3-b93f-4f7f-896a-ca188c78505b,Face Shrapnel,Gary_1 Root,gauzePressure,high,head,FALSE,TRUE,"(1.2, 0.1, 7.7)",,,,
TOOL_APPLIED,363663,3/15/2022 11:12,22e2c9a3-b93f-4f7f-896a-ca188c78505b,Gary_1 Root,Gauze_Pack,skinCollider_BodyGar_LOD (UnityEngine.GameObject),null,null,AppliedPackingGauze,,,,,,
TOOL_HOVER,365380,3/15/2022 11:12,22e2c9a3-b93f-4f7f-896a-ca188c78505b,Hemostatic Gauze,999,,,,,,,,,,
TOOL_HOVER,365407,3/15/2022 11:12,22e2c9a3-b93f-4f7f-896a-ca188c78505b,Hemostatic Gauze,999,,,,,,,,,,
TOOL_HOVER,365429,3/15/2022 11:12,22e2c9a3-b93f-4f7f-896a-ca188c78505b,Hemostatic Gauze,999,,,,,,,,,,
TOOL_HOVER,365453,3/15/2022 11:12,22e2c9a3-b93f-4f7f-896a-ca188c78505b,Hemostatic Gauze,999,,,,,,,,,,
TOOL_HOVER,365477,3/15/2022 11:12,22e2c9a3-b93f-4f7f-896a-ca188c78505b,Hemostatic Gauze,999,,,,,,,,,,
TOOL_HOVER,365504,3/15/2022 11:12,22e2c9a3-b93f-4f7f-896a-ca188c78505b,Hemostatic Gauze,999,,,,,,,,,,
TOOL_HOVER,365529,3/15/2022 11:12,22e2c9a3-b93f-4f7f-896a-ca188c78505b,Hemostatic Gauze,999,,,,,,,,,,
TOOL_HOVER,365554,3/15/2022 11:12,22e2c9a3-b93f-4f7f-896a-ca188c78505b,Hemostatic Gauze,999,,,,,,,,,,
TOOL_HOVER,365580,3/15/2022 11:12,22e2c9a3-b93f-4f7f-896a-ca188c78505b,Hemostatic Gauze,999,,,,,,,,,,
TOOL_HOVER,365606,3/15/2022 11:12,22e2c9a3-b93f-4f7f-896a-ca188c78505b,Hemostatic Gauze,999,,,,,,,,,,
TOOL_HOVER,365632,3/15/2022 11:12,22e2c9a3-b93f-4f7f-896a-ca188c78505b,Hemostatic Gauze,999,,,,,,,,,,
TOOL_HOVER,365658,3/15/2022 11:12,22e2c9a3-b93f-4f7f-896a-ca188c78505b,Hemostatic Gauze,999,,,,,,,,,,
TOOL_HOVER,365684,3/15/2022 11:12,22e2c9a3-b93f-4f7f-896a-ca188c78505b,Hemostatic Gauze,999,,,,,,,,,,
TOOL_HOVER,365710,3/15/2022 11:12,22e2c9a3-b93f-4f7f-896a-ca188c78505b,Hemostatic Gauze,999,,,,,,,,,,
TOOL_HOVER,365736,3/15/2022 11:12,22e2c9a3-b93f-4f7f-896a-ca188c78505b,Hemostatic Gauze,999,,,,,,,,,,
TOOL_HOVER,365761,3/15/2022 11:12,22e2c9a3-b93f-4f7f-896a-ca188c78505b,Hemostatic Gauze,999,,,,,,,,,,
TOOL_HOVER,365786,3/15/2022 11:12,22e2c9a3-b93f-4f7f-896a-ca188c78505b,Hemostatic Gauze,999,,,,,,,,,,
TOOL_HOVER,365811,3/15/2022 11:12,22e2c9a3-b93f-4f7f-896a-ca188c78505b,Hemostatic Gauze,999,,,,,,,,,,
TOOL_HOVER,365837,3/15/2022 11:12,22e2c9a3-b93f-4f7f-896a-ca188c78505b,Hemostatic Gauze,999,,,,,,,,,,
TOOL_HOVER,365862,3/15/2022 11:12,22e2c9a3-b93f-4f7f-896a-ca188c78505b,Hemostatic Gauze,999,,,,,,,,,,
TOOL_HOVER,365888,3/15/2022 11:12,22e2c9a3-b93f-4f7f-896a-ca188c78505b,Hemostatic Gauze,999,,,,,,,,,,
TOOL_HOVER,365913,3/15/2022 11:12,22e2c9a3-b93f-4f7f-896a-ca188c78505b,Hemostatic Gauze,999,,,,,,,,,,
TOOL_HOVER,365938,3/15/2022 11:12,22e2c9a3-b93f-4f7f-896a-ca188c78505b,Hemostatic Gauze,999,,,,,,,,,,
TOOL_HOVER,365961,3/15/2022 11:12,22e2c9a3-b93f-4f7f-896a-ca188c78505b,Hemostatic Gauze,999,,,,,,,,,,
TOOL_HOVER,365985,3/15/2022 11:12,22e2c9a3-b93f-4f7f-896a-ca188c78505b,Hemostatic Gauze,999,,,,,,,,,,
TOOL_SELECTED,365987,3/15/2022 11:12,22e2c9a3-b93f-4f7f-896a-ca188c78505b,Hemostatic Gauze,998,,,,,,,,,,
TOOL_DISCARDED,368317,3/15/2022 11:12,22e2c9a3-b93f-4f7f-896a-ca188c78505b,Hemostatic Gauze,998,"(1.2, 0.1, 7.7)",,,,,,,,,
INJURY_TREATED,368317,3/15/2022 11:12,22e2c9a3-b93f-4f7f-896a-ca188c78505b,Face Shrapnel,Gary_1 Root,gauzePressure,high,head,FALSE,TRUE,"(1.2, 0.1, 7.7)",,,,
TOOL_APPLIED,368318,3/15/2022 11:12,22e2c9a3-b93f-4f7f-896a-ca188c78505b,Gary_1 Root,Gauze_Pack,skinCollider_BodyGar_LOD (UnityEngine.GameObject),null,null,AppliedPackingGauze,,,,,,
TAG_SELECTED,372280,3/15/2022 11:12,22e2c9a3-b93f-4f7f-896a-ca188c78505b,gray,,,,,,,,,,,
TAG_APPLIED,373419,3/15/2022 11:12,22e2c9a3-b93f-4f7f-896a-ca188c78505b,Gary_1 Root,gray,,,,,,,,,,
VOICE_CAPTURE,374558,3/15/2022 11:12,22e2c9a3-b93f-4f7f-896a-ca188c78505b,hey i'm gonna move on,NA,,,,,,,,,,
PATIENT_ENGAGED,377921,3/15/2022 11:12,22e2c9a3-b93f-4f7f-896a-ca188c78505b,100,Infinity,Lily_4 Root,"(1.4, 0.0, 6.0)","(0.0, 1.0, 0.0, 0.0)",IMMEDIATE,waver,fast,normal,normal,calm,fetal
VOICE_CAPTURE,382006,3/15/2022 11:12,22e2c9a3-b93f-4f7f-896a-ca188c78505b,and then everybody can wait let's see if this is bleeding,NA,,,,,,,,,,
TAG_SELECTED,387144,3/15/2022 11:12,22e2c9a3-b93f-4f7f-896a-ca188c78505b,red,,,,,,,,,,,
TAG_APPLIED,388089,3/15/2022 11:12,22e2c9a3-b93f-4f7f-896a-ca188c78505b,Lily_4 Root,red,,,,,,,,,,
VOICE_CAPTURE,389541,3/15/2022 11:12,22e2c9a3-b93f-4f7f-896a-ca188c78505b,this is,NA,,,,,,,,,,
TOOL_HOVER,391179,3/15/2022 11:12,22e2c9a3-b93f-4f7f-896a-ca188c78505b,Gauze,999,,,,,,,,,,
TOOL_HOVER,391203,3/15/2022 11:12,22e2c9a3-b93f-4f7f-896a-ca188c78505b,Gauze,999,,,,,,,,,,
TOOL_HOVER,391226,3/15/2022 11:12,22e2c9a3-b93f-4f7f-896a-ca188c78505b,Gauze,999,,,,,,,,,,
TOOL_HOVER,391250,3/15/2022 11:12,22e2c9a3-b93f-4f7f-896a-ca188c78505b,Gauze,999,,,,,,,,,,
TOOL_HOVER,391274,3/15/2022 11:12,22e2c9a3-b93f-4f7f-896a-ca188c78505b,Gauze,999,,,,,,,,,,
TOOL_HOVER,391298,3/15/2022 11:12,22e2c9a3-b93f-4f7f-896a-ca188c78505b,Gauze,999,,,,,,,,,,
TOOL_HOVER,391321,3/15/2022 11:12,22e2c9a3-b93f-4f7f-896a-ca188c78505b,Gauze,999,,,,,,,,,,
TOOL_HOVER,391346,3/15/2022 11:12,22e2c9a3-b93f-4f7f-896a-ca188c78505b,Gauze,999,,,,,,,,,,
TOOL_HOVER,391371,3/15/2022 11:12,22e2c9a3-b93f-4f7f-896a-ca188c78505b,Gauze,999,,,,,,,,,,
TOOL_HOVER,391397,3/15/2022 11:12,22e2c9a3-b93f-4f7f-896a-ca188c78505b,Gauze,999,,,,,,,,,,
TOOL_HOVER,391424,3/15/2022 11:12,22e2c9a3-b93f-4f7f-896a-ca188c78505b,Gauze,999,,,,,,,,,,
TOOL_HOVER,391451,3/15/2022 11:12,22e2c9a3-b93f-4f7f-896a-ca188c78505b,Gauze,999,,,,,,,,,,
TOOL_HOVER,391478,3/15/2022 11:12,22e2c9a3-b93f-4f7f-896a-ca188c78505b,Gauze,999,,,,,,,,,,
TOOL_HOVER,391508,3/15/2022 11:12,22e2c9a3-b93f-4f7f-896a-ca188c78505b,Gauze,999,,,,,,,,,,
TOOL_HOVER,391536,3/15/2022 11:12,22e2c9a3-b93f-4f7f-896a-ca188c78505b,Gauze,999,,,,,,,,,,
TOOL_HOVER,391562,3/15/2022 11:12,22e2c9a3-b93f-4f7f-896a-ca188c78505b,Gauze,999,,,,,,,,,,
TOOL_HOVER,391883,3/15/2022 11:12,22e2c9a3-b93f-4f7f-896a-ca188c78505b,Hemostatic Gauze,999,,,,,,,,,,
TOOL_HOVER,391909,3/15/2022 11:12,22e2c9a3-b93f-4f7f-896a-ca188c78505b,Hemostatic Gauze,999,,,,,,,,,,
TOOL_HOVER,391934,3/15/2022 11:12,22e2c9a3-b93f-4f7f-896a-ca188c78505b,Hemostatic Gauze,999,,,,,,,,,,
TOOL_HOVER,391958,3/15/2022 11:12,22e2c9a3-b93f-4f7f-896a-ca188c78505b,Hemostatic Gauze,999,,,,,,,,,,
VOICE_CAPTURE,391982,3/15/2022 11:12,22e2c9a3-b93f-4f7f-896a-ca188c78505b,immediate thoughts fleeting,NA,,,,,,,,,,
TOOL_HOVER,391983,3/15/2022 11:12,22e2c9a3-b93f-4f7f-896a-ca188c78505b,Hemostatic Gauze,999,,,,,,,,,,
TOOL_HOVER,392009,3/15/2022 11:12,22e2c9a3-b93f-4f7f-896a-ca188c78505b,Hemostatic Gauze,999,,,,,,,,,,
TOOL_HOVER,392033,3/15/2022 11:12,22e2c9a3-b93f-4f7f-896a-ca188c78505b,Hemostatic Gauze,999,,,,,,,,,,
TOOL_HOVER,392058,3/15/2022 11:12,22e2c9a3-b93f-4f7f-896a-ca188c78505b,Hemostatic Gauze,999,,,,,,,,,,
TOOL_HOVER,392083,3/15/2022 11:12,22e2c9a3-b93f-4f7f-896a-ca188c78505b,Hemostatic Gauze,999,,,,,,,,,,
TOOL_HOVER,392107,3/15/2022 11:12,22e2c9a3-b93f-4f7f-896a-ca188c78505b,Hemostatic Gauze,999,,,,,,,,,,
TOOL_HOVER,392132,3/15/2022 11:12,22e2c9a3-b93f-4f7f-896a-ca188c78505b,Hemostatic Gauze,999,,,,,,,,,,
TOOL_SELECTED,392133,3/15/2022 11:12,22e2c9a3-b93f-4f7f-896a-ca188c78505b,Hemostatic Gauze,998,,,,,,,,,,
TOOL_DISCARDED,394080,3/15/2022 11:12,22e2c9a3-b93f-4f7f-896a-ca188c78505b,Hemostatic Gauze,998,"(1.1, 0.2, 6.2)",,,,,,,,,
TOOL_DISCARDED,394080,3/15/2022 11:12,22e2c9a3-b93f-4f7f-896a-ca188c78505b,Hemostatic Gauze,999,"(1.1, 0.2, 6.2)",,,,,,,,,
PULSE_TAKEN,395550,3/15/2022 11:12,22e2c9a3-b93f-4f7f-896a-ca188c78505b,pulse_fast,Lily_4 Root,,,,,,,,,,
TOOL_HOVER,397184,3/15/2022 11:12,22e2c9a3-b93f-4f7f-896a-ca188c78505b,Hemostatic Gauze,1000,,,,,,,,,,
TOOL_HOVER,397210,3/15/2022 11:12,22e2c9a3-b93f-4f7f-896a-ca188c78505b,Hemostatic Gauze,1000,,,,,,,,,,
TOOL_HOVER,397237,3/15/2022 11:12,22e2c9a3-b93f-4f7f-896a-ca188c78505b,Hemostatic Gauze,1000,,,,,,,,,,
TOOL_HOVER,397263,3/15/2022 11:12,22e2c9a3-b93f-4f7f-896a-ca188c78505b,Hemostatic Gauze,1000,,,,,,,,,,
TOOL_HOVER,397290,3/15/2022 11:12,22e2c9a3-b93f-4f7f-896a-ca188c78505b,Hemostatic Gauze,1000,,,,,,,,,,
TOOL_HOVER,397316,3/15/2022 11:12,22e2c9a3-b93f-4f7f-896a-ca188c78505b,Hemostatic Gauze,1000,,,,,,,,,,
TOOL_HOVER,397343,3/15/2022 11:12,22e2c9a3-b93f-4f7f-896a-ca188c78505b,Hemostatic Gauze,1000,,,,,,,,,,
TOOL_HOVER,397370,3/15/2022 11:12,22e2c9a3-b93f-4f7f-896a-ca188c78505b,Hemostatic Gauze,1000,,,,,,,,,,
TOOL_HOVER,397397,3/15/2022 11:12,22e2c9a3-b93f-4f7f-896a-ca188c78505b,Hemostatic Gauze,1000,,,,,,,,,,
TOOL_HOVER,397425,3/15/2022 11:12,22e2c9a3-b93f-4f7f-896a-ca188c78505b,Hemostatic Gauze,1000,,,,,,,,,,
TOOL_HOVER,397454,3/15/2022 11:12,22e2c9a3-b93f-4f7f-896a-ca188c78505b,Hemostatic Gauze,1000,,,,,,,,,,
TOOL_HOVER,397481,3/15/2022 11:12,22e2c9a3-b93f-4f7f-896a-ca188c78505b,Hemostatic Gauze,1000,,,,,,,,,,
TOOL_SELECTED,397483,3/15/2022 11:12,22e2c9a3-b93f-4f7f-896a-ca188c78505b,Hemostatic Gauze,999,,,,,,,,,,
TOOL_DISCARDED,399983,3/15/2022 11:12,22e2c9a3-b93f-4f7f-896a-ca188c78505b,Hemostatic Gauze,999,"(1.1, 0.2, 6.2)",,,,,,,,,
TOOL_DISCARDED,399983,3/15/2022 11:12,22e2c9a3-b93f-4f7f-896a-ca188c78505b,Hemostatic Gauze,1000,"(1.1, 0.2, 6.2)",,,,,,,,,
VOICE_CAPTURE,404278,3/15/2022 11:13,22e2c9a3-b93f-4f7f-896a-ca188c78505b,this china bleeding,NA,,,,,,,,,,
TOOL_HOVER,404680,3/15/2022 11:13,22e2c9a3-b93f-4f7f-896a-ca188c78505b,Gauze,999,,,,,,,,,,
TOOL_HOVER,404708,3/15/2022 11:13,22e2c9a3-b93f-4f7f-896a-ca188c78505b,Gauze,999,,,,,,,,,,
TOOL_HOVER,404735,3/15/2022 11:13,22e2c9a3-b93f-4f7f-896a-ca188c78505b,Gauze,999,,,,,,,,,,
TOOL_HOVER,404762,3/15/2022 11:13,22e2c9a3-b93f-4f7f-896a-ca188c78505b,Gauze,999,,,,,,,,,,
TOOL_HOVER,404790,3/15/2022 11:13,22e2c9a3-b93f-4f7f-896a-ca188c78505b,Gauze,999,,,,,,,,,,
TOOL_HOVER,404818,3/15/2022 11:13,22e2c9a3-b93f-4f7f-896a-ca188c78505b,Gauze,999,,,,,,,,,,
TOOL_HOVER,404845,3/15/2022 11:13,22e2c9a3-b93f-4f7f-896a-ca188c78505b,Gauze,999,,,,,,,,,,
VOICE_CAPTURE,406318,3/15/2022 11:13,22e2c9a3-b93f-4f7f-896a-ca188c78505b,you don't know what else,NA,,,,,,,,,,
BAG_CLOSED,407445,3/15/2022 11:13,22e2c9a3-b93f-4f7f-896a-ca188c78505b,"(1.3, 0.4, 7.0)",,,,,,,,,,,
BAG_ACCESS,412933,3/15/2022 11:13,22e2c9a3-b93f-4f7f-896a-ca188c78505b,"(1.1, 0.6, 5.5)",,,,,,,,,,,
TOOL_HOVER,413470,3/15/2022 11:13,22e2c9a3-b93f-4f7f-896a-ca188c78505b,Hemostatic Gauze,1001,,,,,,,,,,
TOOL_HOVER,413497,3/15/2022 11:13,22e2c9a3-b93f-4f7f-896a-ca188c78505b,Hemostatic Gauze,1001,,,,,,,,,,
TOOL_HOVER,413526,3/15/2022 11:13,22e2c9a3-b93f-4f7f-896a-ca188c78505b,Hemostatic Gauze,1001,,,,,,,,,,
TOOL_HOVER,413554,3/15/2022 11:13,22e2c9a3-b93f-4f7f-896a-ca188c78505b,Hemostatic Gauze,1001,,,,,,,,,,
TOOL_HOVER,413583,3/15/2022 11:13,22e2c9a3-b93f-4f7f-896a-ca188c78505b,Hemostatic Gauze,1001,,,,,,,,,,
TOOL_HOVER,413611,3/15/2022 11:13,22e2c9a3-b93f-4f7f-896a-ca188c78505b,Hemostatic Gauze,1001,,,,,,,,,,
TOOL_HOVER,413641,3/15/2022 11:13,22e2c9a3-b93f-4f7f-896a-ca188c78505b,Hemostatic Gauze,1001,,,,,,,,,,
TOOL_HOVER,413669,3/15/2022 11:13,22e2c9a3-b93f-4f7f-896a-ca188c78505b,Hemostatic Gauze,1001,,,,,,,,,,
TOOL_SELECTED,413671,3/15/2022 11:13,22e2c9a3-b93f-4f7f-896a-ca188c78505b,Hemostatic Gauze,1000,,,,,,,,,,
TOOL_DISCARDED,416290,3/15/2022 11:13,22e2c9a3-b93f-4f7f-896a-ca188c78505b,Hemostatic Gauze,1000,"(1.1, 0.2, 6.3)",,,,,,,,,
INJURY_TREATED,416290,3/15/2022 11:13,22e2c9a3-b93f-4f7f-896a-ca188c78505b,L Side Puncture,Lily_4 Root,woundpack,medium,abdomen,TRUE,FALSE,"(1.1, 0.2, 6.3)",,,,
TOOL_APPLIED,416290,3/15/2022 11:13,22e2c9a3-b93f-4f7f-896a-ca188c78505b,Lily_4 Root,Gauze_Pack,skinCollider_BodyLOD (UnityEngine.GameObject),null,null,AppliedPackingGauze,,,,,,
VOICE_CAPTURE,420834,3/15/2022 11:13,22e2c9a3-b93f-4f7f-896a-ca188c78505b,OK,NA,,,,,,,,,,
VOICE_CAPTURE,423342,3/15/2022 11:13,22e2c9a3-b93f-4f7f-896a-ca188c78505b,let's stop bleeding hurt anywhere else,NA,,,,,,,,,,
VOICE_COMMAND,423342,3/15/2022 11:13,22e2c9a3-b93f-4f7f-896a-ca188c78505b,are you hurt,let's stop bleeding hurt anywhere else,,,,,,,,,,
TAG_SELECTED,424470,3/15/2022 11:13,22e2c9a3-b93f-4f7f-896a-ca188c78505b,yellow,,,,,,,,,,,
TAG_APPLIED,425578,3/15/2022 11:13,22e2c9a3-b93f-4f7f-896a-ca188c78505b,Lily_4 Root,yellow,,,,,,,,,,
TOOL_HOVER,433566,3/15/2022 11:13,22e2c9a3-b93f-4f7f-896a-ca188c78505b,Tourniquet,997,,,,,,,,,,
TOOL_HOVER,433594,3/15/2022 11:13,22e2c9a3-b93f-4f7f-896a-ca188c78505b,Tourniquet,997,,,,,,,,,,
TOOL_HOVER,433621,3/15/2022 11:13,22e2c9a3-b93f-4f7f-896a-ca188c78505b,Tourniquet,997,,,,,,,,,,
TOOL_HOVER,433648,3/15/2022 11:13,22e2c9a3-b93f-4f7f-896a-ca188c78505b,Tourniquet,997,,,,,,,,,,
TOOL_HOVER,433676,3/15/2022 11:13,22e2c9a3-b93f-4f7f-896a-ca188c78505b,Tourniquet,997,,,,,,,,,,
VOICE_CAPTURE,433703,3/15/2022 11:13,22e2c9a3-b93f-4f7f-896a-ca188c78505b,serious bleeding,NA,,,,,,,,,,
TOOL_HOVER,433704,3/15/2022 11:13,22e2c9a3-b93f-4f7f-896a-ca188c78505b,Tourniquet,997,,,,,,,,,,
TOOL_HOVER,433732,3/15/2022 11:13,22e2c9a3-b93f-4f7f-896a-ca188c78505b,Tourniquet,997,,,,,,,,,,
TOOL_HOVER,433761,3/15/2022 11:13,22e2c9a3-b93f-4f7f-896a-ca188c78505b,Tourniquet,997,,,,,,,,,,
TOOL_HOVER,433789,3/15/2022 11:13,22e2c9a3-b93f-4f7f-896a-ca188c78505b,Tourniquet,997,,,,,,,,,,
TOOL_HOVER,433817,3/15/2022 11:13,22e2c9a3-b93f-4f7f-896a-ca188c78505b,Tourniquet,997,,,,,,,,,,
TOOL_SELECTED,433817,3/15/2022 11:13,22e2c9a3-b93f-4f7f-896a-ca188c78505b,Tourniquet,996,,,,,,,,,,
PATIENT_ENGAGED,434156,3/15/2022 11:13,22e2c9a3-b93f-4f7f-896a-ca188c78505b,63.87083,Infinity,Mike_7 Root,"(1.4, 0.0, 4.0)","(0.0, 0.1, 0.0, 1.0)",DELAYED,waver,fast,normal,normal,calm,sittingGround
INJURY_TREATED,435716,3/15/2022 11:13,22e2c9a3-b93f-4f7f-896a-ca188c78505b,L Thigh Puncture,Mike_7 Root,tourniquet,medium,leftLeg,TRUE,FALSE,"(0.8, 0.1, 4.1)",,,,
TOOL_APPLIED,435716,3/15/2022 11:13,22e2c9a3-b93f-4f7f-896a-ca188c78505b,Mike_7 Root,Tourniquet,LeftUpLeg (UnityEngine.GameObject),tor_ring (1) (UnityEngine.GameObject),tourniquet(Clone) (UnityEngine.GameObject),AppliedTourniquet,,,,,,
TOOL_HOVER,440278,3/15/2022 11:13,22e2c9a3-b93f-4f7f-896a-ca188c78505b,Gauze,999,,,,,,,,,,
TOOL_HOVER,440301,3/15/2022 11:13,22e2c9a3-b93f-4f7f-896a-ca188c78505b,Gauze,999,,,,,,,,,,
TOOL_HOVER,440322,3/15/2022 11:13,22e2c9a3-b93f-4f7f-896a-ca188c78505b,Gauze,999,,,,,,,,,,
TOOL_HOVER,440344,3/15/2022 11:13,22e2c9a3-b93f-4f7f-896a-ca188c78505b,Gauze,999,,,,,,,,,,
TOOL_SELECTED,440345,3/15/2022 11:13,22e2c9a3-b93f-4f7f-896a-ca188c78505b,Gauze,998,,,,,,,,,,
TOOL_DISCARDED,441588,3/15/2022 11:13,22e2c9a3-b93f-4f7f-896a-ca188c78505b,Gauze,998,"(0.8, 0.1, 4.1)",,,,,,,,,
INJURY_TREATED,441589,3/15/2022 11:13,22e2c9a3-b93f-4f7f-896a-ca188c78505b,L Thigh Puncture,Mike_7 Root,tourniquet,medium,leftLeg,TRUE,TRUE,"(0.8, 0.1, 4.1)",,,,
TOOL_APPLIED,441589,3/15/2022 11:13,22e2c9a3-b93f-4f7f-896a-ca188c78505b,Mike_7 Root,Gauze_Dressing,skinCollider_BodyCollideLOD (UnityEngine.GameObject),null,null,AppliedDressingGauze,,,,,,
TAG_SELECTED,443202,3/15/2022 11:13,22e2c9a3-b93f-4f7f-896a-ca188c78505b,yellow,,,,,,,,,,,
TAG_APPLIED,446157,3/15/2022 11:13,22e2c9a3-b93f-4f7f-896a-ca188c78505b,Mike_7 Root,yellow,,,,,,,,,,
VOICE_CAPTURE,446623,3/15/2022 11:13,22e2c9a3-b93f-4f7f-896a-ca188c78505b,yep,NA,,,,,,,,,,
TOOL_HOVER,446677,3/15/2022 11:13,22e2c9a3-b93f-4f7f-896a-ca188c78505b,Tourniquet,996,,,,,,,,,,
TOOL_HOVER,446704,3/15/2022 11:13,22e2c9a3-b93f-4f7f-896a-ca188c78505b,Tourniquet,996,,,,,,,,,,
TOOL_HOVER,446731,3/15/2022 11:13,22e2c9a3-b93f-4f7f-896a-ca188c78505b,Tourniquet,996,,,,,,,,,,
TOOL_HOVER,446759,3/15/2022 11:13,22e2c9a3-b93f-4f7f-896a-ca188c78505b,Tourniquet,996,,,,,,,,,,
TOOL_HOVER,446785,3/15/2022 11:13,22e2c9a3-b93f-4f7f-896a-ca188c78505b,Tourniquet,996,,,,,,,,,,
TOOL_HOVER,446811,3/15/2022 11:13,22e2c9a3-b93f-4f7f-896a-ca188c78505b,Tourniquet,996,,,,,,,,,,
TOOL_HOVER,446838,3/15/2022 11:13,22e2c9a3-b93f-4f7f-896a-ca188c78505b,Tourniquet,996,,,,,,,,,,
TOOL_HOVER,446866,3/15/2022 11:13,22e2c9a3-b93f-4f7f-896a-ca188c78505b,Tourniquet,996,,,,,,,,,,
TOOL_HOVER,446892,3/15/2022 11:13,22e2c9a3-b93f-4f7f-896a-ca188c78505b,Tourniquet,996,,,,,,,,,,
TOOL_SELECTED,446894,3/15/2022 11:13,22e2c9a3-b93f-4f7f-896a-ca188c78505b,Tourniquet,995,,,,,,,,,,
BAG_CLOSED,448449,3/15/2022 11:13,22e2c9a3-b93f-4f7f-896a-ca188c78505b,"(1.1, 0.6, 5.5)",,,,,,,,,,,
INJURY_TREATED,449538,3/15/2022 11:13,22e2c9a3-b93f-4f7f-896a-ca188c78505b,R Calf Laceration,Mike_7 Root,gauzePressure,low,rightLeg,FALSE,TRUE,"(1.4, 0.2, 4.4)",,,,
TOOL_APPLIED,449538,3/15/2022 11:13,22e2c9a3-b93f-4f7f-896a-ca188c78505b,Mike_7 Root,Tourniquet,RightUpLeg (UnityEngine.GameObject),tor_ring (1) (UnityEngine.GameObject),tourniquet(Clone) (UnityEngine.GameObject),AppliedTourniquet,,,,,,
BAG_ACCESS,455579,3/15/2022 11:13,22e2c9a3-b93f-4f7f-896a-ca188c78505b,"(0.8, 0.7, 4.7)",,,,,,,,,,,
TOOL_HOVER,456078,3/15/2022 11:13,22e2c9a3-b93f-4f7f-896a-ca188c78505b,Gauze,999,,,,,,,,,,
TOOL_HOVER,456107,3/15/2022 11:13,22e2c9a3-b93f-4f7f-896a-ca188c78505b,Gauze,999,,,,,,,,,,
TOOL_HOVER,456135,3/15/2022 11:13,22e2c9a3-b93f-4f7f-896a-ca188c78505b,Gauze,999,,,,,,,,,,
TOOL_HOVER,456163,3/15/2022 11:13,22e2c9a3-b93f-4f7f-896a-ca188c78505b,Gauze,999,,,,,,,,,,
TOOL_HOVER,456192,3/15/2022 11:13,22e2c9a3-b93f-4f7f-896a-ca188c78505b,Gauze,999,,,,,,,,,,
TOOL_HOVER,456220,3/15/2022 11:13,22e2c9a3-b93f-4f7f-896a-ca188c78505b,Gauze,999,,,,,,,,,,
TOOL_HOVER,456247,3/15/2022 11:13,22e2c9a3-b93f-4f7f-896a-ca188c78505b,Gauze,999,,,,,,,,,,
TOOL_HOVER,456275,3/15/2022 11:13,22e2c9a3-b93f-4f7f-896a-ca188c78505b,Gauze,999,,,,,,,,,,
TOOL_HOVER,456302,3/15/2022 11:13,22e2c9a3-b93f-4f7f-896a-ca188c78505b,Gauze,999,,,,,,,,,,
TOOL_HOVER,456331,3/15/2022 11:13,22e2c9a3-b93f-4f7f-896a-ca188c78505b,Gauze,999,,,,,,,,,,
TOOL_HOVER,456359,3/15/2022 11:13,22e2c9a3-b93f-4f7f-896a-ca188c78505b,Gauze,999,,,,,,,,,,
TOOL_HOVER,456387,3/15/2022 11:13,22e2c9a3-b93f-4f7f-896a-ca188c78505b,Gauze,999,,,,,,,,,,
TOOL_SELECTED,456389,3/15/2022 11:13,22e2c9a3-b93f-4f7f-896a-ca188c78505b,Gauze,998,,,,,,,,,,
TOOL_DISCARDED,457767,3/15/2022 11:13,22e2c9a3-b93f-4f7f-896a-ca188c78505b,Gauze,998,"(1.1, 0.2, 4.2)",,,,,,,,,
TOOL_APPLIED,457767,3/15/2022 11:13,22e2c9a3-b93f-4f7f-896a-ca188c78505b,Mike_7 Root,Gauze_Dressing,skinCollider_BodyCollideLOD (UnityEngine.GameObject),null,null,AppliedDressingGauze,,,,,,
TAG_SELECTED,460612,3/15/2022 11:13,22e2c9a3-b93f-4f7f-896a-ca188c78505b,yellow,,,,,,,,,,,
TAG_APPLIED,462100,3/15/2022 11:13,22e2c9a3-b93f-4f7f-896a-ca188c78505b,Mike_7 Root,yellow,,,,,,,,,,
PULSE_TAKEN,462122,3/15/2022 11:13,22e2c9a3-b93f-4f7f-896a-ca188c78505b,pulse_fast,Mike_7 Root,,,,,,,,,,
VOICE_CAPTURE,463243,3/15/2022 11:14,22e2c9a3-b93f-4f7f-896a-ca188c78505b,no let's stop playing i'm gonna do,NA,,,,,,,,,,
TAG_SELECTED,465595,3/15/2022 11:14,22e2c9a3-b93f-4f7f-896a-ca188c78505b,green,,,,,,,,,,,
VOICE_CAPTURE,466540,3/15/2022 11:14,22e2c9a3-b93f-4f7f-896a-ca188c78505b,delete,NA,,,,,,,,,,
VOICE_CAPTURE,468308,3/15/2022 11:14,22e2c9a3-b93f-4f7f-896a-ca188c78505b,stop,NA,,,,,,,,,,
TAG_APPLIED,468403,3/15/2022 11:14,22e2c9a3-b93f-4f7f-896a-ca188c78505b,Mike_7 Root,green,,,,,,,,,,
BAG_CLOSED,469910,3/15/2022 11:14,22e2c9a3-b93f-4f7f-896a-ca188c78505b,"(0.8, 0.7, 4.7)",,,,,,,,,,,
TELEPORT,469910,3/15/2022 11:14,22e2c9a3-b93f-4f7f-896a-ca188c78505b,"(1.4, 0.0, 6.5)",,,,,,,,,,,
TELEPORT,470922,3/15/2022 11:14,22e2c9a3-b93f-4f7f-896a-ca188c78505b,"(1.2, 0.0, 6.1)",,,,,,,,,,,
TELEPORT,471756,3/15/2022 11:14,22e2c9a3-b93f-4f7f-896a-ca188c78505b,"(0.8, 0.0, 6.0)",,,,,,,,,,,
TELEPORT,473538,3/15/2022 11:14,22e2c9a3-b93f-4f7f-896a-ca188c78505b,"(0.3, 0.0, 5.5)",,,,,,,,,,,
VOICE_CAPTURE,473692,3/15/2022 11:14,22e2c9a3-b93f-4f7f-896a-ca188c78505b,oh i can glide i'm sorry i forgot that i can move without walking around,NA,,,,,,,,,,
VOICE_COMMAND,473692,3/15/2022 11:14,22e2c9a3-b93f-4f7f-896a-ca188c78505b,walk to the safe area,oh i can glide i'm sorry i forgot that i can move without walking around,,,,,,,,,,
S_A_L_T_WALK_IF_CAN,473694,3/15/2022 11:14,22e2c9a3-b93f-4f7f-896a-ca188c78505b,"(-1.0, 0.0, 6.0)",walkIfCan,Bob_0 Root,,,,,,,,,
S_A_L_T_WAVE_IF_CAN,473694,3/15/2022 11:14,22e2c9a3-b93f-4f7f-896a-ca188c78505b,"(-1.0, 0.0, 6.0)",waveIfCan,Bob_0 Root,,,,,,,,,
S_A_L_T_WALK_IF_CAN,473694,3/15/2022 11:14,22e2c9a3-b93f-4f7f-896a-ca188c78505b,"(2.0, 0.0, 7.0)",walkIfCan,Gary_1 Root,,,,,,,,,
S_A_L_T_WAVE_IF_CAN,473694,3/15/2022 11:14,22e2c9a3-b93f-4f7f-896a-ca188c78505b,"(2.0, 0.0, 7.0)",waveIfCan,Gary_1 Root,,,,,,,,,
S_A_L_T_WALK_IF_CAN,473694,3/15/2022 11:14,22e2c9a3-b93f-4f7f-896a-ca188c78505b,"(3.0, 0.0, 4.0)",walkIfCan,Lily_2 Root,,,,,,,,,
S_A_L_T_WAVE_IF_CAN,473694,3/15/2022 11:14,22e2c9a3-b93f-4f7f-896a-ca188c78505b,"(3.0, 0.0, 4.0)",waveIfCan,Lily_2 Root,,,,,,,,,
S_A_L_T_WAVED,473694,3/15/2022 11:14,22e2c9a3-b93f-4f7f-896a-ca188c78505b,"(3.0, 0.0, 4.0)",waved,Lily_2 Root,,,,,,,,,
S_A_L_T_WALK_IF_CAN,473694,3/15/2022 11:14,22e2c9a3-b93f-4f7f-896a-ca188c78505b,"(0.0, 0.0, 2.0)",walkIfCan,Gary_3 Root,,,,,,,,,
S_A_L_T_WAVE_IF_CAN,473694,3/15/2022 11:14,22e2c9a3-b93f-4f7f-896a-ca188c78505b,"(0.0, 0.0, 2.0)",waveIfCan,Gary_3 Root,,,,,,,,,
S_A_L_T_WALK_IF_CAN,473694,3/15/2022 11:14,22e2c9a3-b93f-4f7f-896a-ca188c78505b,"(1.4, 0.0, 6.0)",walkIfCan,Lily_4 Root,,,,,,,,,
S_A_L_T_WAVE_IF_CAN,473694,3/15/2022 11:14,22e2c9a3-b93f-4f7f-896a-ca188c78505b,"(1.4, 0.0, 6.0)",waveIfCan,Lily_4 Root,,,,,,,,,
S_A_L_T_WAVED,473694,3/15/2022 11:14,22e2c9a3-b93f-4f7f-896a-ca188c78505b,"(1.4, 0.0, 6.0)",waved,Lily_4 Root,,,,,,,,,
S_A_L_T_WALK_IF_CAN,473694,3/15/2022 11:14,22e2c9a3-b93f-4f7f-896a-ca188c78505b,"(2.6, 0.0, 2.0)",walkIfCan,Mike_5 Root,,,,,,,,,
S_A_L_T_WAVE_IF_CAN,473694,3/15/2022 11:14,22e2c9a3-b93f-4f7f-896a-ca188c78505b,"(2.6, 0.0, 2.0)",waveIfCan,Mike_5 Root,,,,,,,,,
S_A_L_T_WAVED,473694,3/15/2022 11:14,22e2c9a3-b93f-4f7f-896a-ca188c78505b,"(2.6, 0.0, 2.0)",waved,Mike_5 Root,,,,,,,,,
S_A_L_T_WALK_IF_CAN,473694,3/15/2022 11:14,22e2c9a3-b93f-4f7f-896a-ca188c78505b,"(-1.0, 0.0, 3.2)",walkIfCan,Gloria_6 Root,,,,,,,,,
S_A_L_T_WAVE_IF_CAN,473694,3/15/2022 11:14,22e2c9a3-b93f-4f7f-896a-ca188c78505b,"(-1.0, 0.0, 3.2)",waveIfCan,Gloria_6 Root,,,,,,,,,
S_A_L_T_WAVED,473694,3/15/2022 11:14,22e2c9a3-b93f-4f7f-896a-ca188c78505b,"(-1.0, 0.0, 3.2)",waved,Gloria_6 Root,,,,,,,,,
S_A_L_T_WALK_IF_CAN,473695,3/15/2022 11:14,22e2c9a3-b93f-4f7f-896a-ca188c78505b,"(1.4, 0.0, 4.0)",walkIfCan,Mike_7 Root,,,,,,,,,
S_A_L_T_WAVE_IF_CAN,473695,3/15/2022 11:14,22e2c9a3-b93f-4f7f-896a-ca188c78505b,"(1.4, 0.0, 4.0)",waveIfCan,Mike_7 Root,,,,,,,,,
S_A_L_T_WAVED,473695,3/15/2022 11:14,22e2c9a3-b93f-4f7f-896a-ca188c78505b,"(1.4, 0.0, 4.0)",waved,Mike_7 Root,,,,,,,,,
S_A_L_T_WALK_IF_CAN,473695,3/15/2022 11:14,22e2c9a3-b93f-4f7f-896a-ca188c78505b,"(3.2, 0.0, -2.6)",walkIfCan,Gloria_8 Root,,,,,,,,,
S_A_L_T_WALKED,473695,3/15/2022 11:14,22e2c9a3-b93f-4f7f-896a-ca188c78505b,"(3.2, 0.0, -2.6)",walked,Gloria_8 Root,,,,,,,,,
S_A_L_T_WAVE_IF_CAN,473695,3/15/2022 11:14,22e2c9a3-b93f-4f7f-896a-ca188c78505b,"(3.2, 0.0, -2.6)",waveIfCan,Gloria_8 Root,,,,,,,,,
S_A_L_T_WALK_IF_CAN,473695,3/15/2022 11:14,22e2c9a3-b93f-4f7f-896a-ca188c78505b,"(5.1, 0.0, -3.6)",walkIfCan,Bob_9 Root,,,,,,,,,
S_A_L_T_WALKED,473695,3/15/2022 11:14,22e2c9a3-b93f-4f7f-896a-ca188c78505b,"(5.1, 0.0, -3.6)",walked,Bob_9 Root,,,,,,,,,
S_A_L_T_WAVE_IF_CAN,473695,3/15/2022 11:14,22e2c9a3-b93f-4f7f-896a-ca188c78505b,"(5.1, 0.0, -3.6)",waveIfCan,Bob_9 Root,,,,,,,,,
S_A_L_T_WALK_IF_CAN,473716,3/15/2022 11:14,22e2c9a3-b93f-4f7f-896a-ca188c78505b,"(-1.0, 0.0, 6.0)",walkIfCan,Bob_0 Root,,,,,,,,,
S_A_L_T_WALK_IF_CAN,473716,3/15/2022 11:14,22e2c9a3-b93f-4f7f-896a-ca188c78505b,"(2.0, 0.0, 7.0)",walkIfCan,Gary_1 Root,,,,,,,,,
S_A_L_T_WALK_IF_CAN,473716,3/15/2022 11:14,22e2c9a3-b93f-4f7f-896a-ca188c78505b,"(3.0, 0.0, 4.0)",walkIfCan,Lily_2 Root,,,,,,,,,
S_A_L_T_WALK_IF_CAN,473716,3/15/2022 11:14,22e2c9a3-b93f-4f7f-896a-ca188c78505b,"(0.0, 0.0, 2.0)",walkIfCan,Gary_3 Root,,,,,,,,,
S_A_L_T_WALK_IF_CAN,473716,3/15/2022 11:14,22e2c9a3-b93f-4f7f-896a-ca188c78505b,"(1.4, 0.0, 6.0)",walkIfCan,Lily_4 Root,,,,,,,,,
S_A_L_T_WALK_IF_CAN,473716,3/15/2022 11:14,22e2c9a3-b93f-4f7f-896a-ca188c78505b,"(2.6, 0.0, 2.0)",walkIfCan,Mike_5 Root,,,,,,,,,
S_A_L_T_WALK_IF_CAN,473716,3/15/2022 11:14,22e2c9a3-b93f-4f7f-896a-ca188c78505b,"(-1.0, 0.0, 3.2)",walkIfCan,Gloria_6 Root,,,,,,,,,
S_A_L_T_WALK_IF_CAN,473716,3/15/2022 11:14,22e2c9a3-b93f-4f7f-896a-ca188c78505b,"(1.4, 0.0, 4.0)",walkIfCan,Mike_7 Root,,,,,,,,,
S_A_L_T_WALK_IF_CAN,473716,3/15/2022 11:14,22e2c9a3-b93f-4f7f-896a-ca188c78505b,"(3.2, 0.0, -2.6)",walkIfCan,Gloria_8 Root,,,,,,,,,
S_A_L_T_WALKED,473716,3/15/2022 11:14,22e2c9a3-b93f-4f7f-896a-ca188c78505b,"(3.2, 0.0, -2.6)",walked,Gloria_8 Root,,,,,,,,,
S_A_L_T_WALK_IF_CAN,473716,3/15/2022 11:14,22e2c9a3-b93f-4f7f-896a-ca188c78505b,"(5.1, 0.0, -3.6)",walkIfCan,Bob_9 Root,,,,,,,,,
S_A_L_T_WALKED,473716,3/15/2022 11:14,22e2c9a3-b93f-4f7f-896a-ca188c78505b,"(5.1, 0.0, -3.6)",walked,Bob_9 Root,,,,,,,,,
BAG_ACCESS,476464,3/15/2022 11:14,22e2c9a3-b93f-4f7f-896a-ca188c78505b,"(-0.9, 0.7, 3.9)",,,,,,,,,,,
TOOL_HOVER,476992,3/15/2022 11:14,22e2c9a3-b93f-4f7f-896a-ca188c78505b,Gauze,999,,,,,,,,,,
TOOL_HOVER,477020,3/15/2022 11:14,22e2c9a3-b93f-4f7f-896a-ca188c78505b,Gauze,999,,,,,,,,,,
TOOL_HOVER,477049,3/15/2022 11:14,22e2c9a3-b93f-4f7f-896a-ca188c78505b,Gauze,999,,,,,,,,,,
TOOL_HOVER,477077,3/15/2022 11:14,22e2c9a3-b93f-4f7f-896a-ca188c78505b,Gauze,999,,,,,,,,,,
TOOL_HOVER,477105,3/15/2022 11:14,22e2c9a3-b93f-4f7f-896a-ca188c78505b,Gauze,999,,,,,,,,,,
TOOL_HOVER,477134,3/15/2022 11:14,22e2c9a3-b93f-4f7f-896a-ca188c78505b,Gauze,999,,,,,,,,,,
TOOL_HOVER,477162,3/15/2022 11:14,22e2c9a3-b93f-4f7f-896a-ca188c78505b,Gauze,999,,,,,,,,,,
TOOL_HOVER,477192,3/15/2022 11:14,22e2c9a3-b93f-4f7f-896a-ca188c78505b,Gauze,999,,,,,,,,,,
TOOL_HOVER,477220,3/15/2022 11:14,22e2c9a3-b93f-4f7f-896a-ca188c78505b,Gauze,999,,,,,,,,,,
TOOL_HOVER,477248,3/15/2022 11:14,22e2c9a3-b93f-4f7f-896a-ca188c78505b,Gauze,999,,,,,,,,,,
TOOL_HOVER,477276,3/15/2022 11:14,22e2c9a3-b93f-4f7f-896a-ca188c78505b,Gauze,999,,,,,,,,,,
TOOL_HOVER,477304,3/15/2022 11:14,22e2c9a3-b93f-4f7f-896a-ca188c78505b,Gauze,999,,,,,,,,,,
TOOL_HOVER,477334,3/15/2022 11:14,22e2c9a3-b93f-4f7f-896a-ca188c78505b,Gauze,999,,,,,,,,,,
TOOL_SELECTED,477335,3/15/2022 11:14,22e2c9a3-b93f-4f7f-896a-ca188c78505b,Gauze,998,,,,,,,,,,
TOOL_DISCARDED,478733,3/15/2022 11:14,22e2c9a3-b93f-4f7f-896a-ca188c78505b,Gauze,998,"(-0.6, 1.8, 3.4)",,,,,,,,,
TOOL_DISCARDED,478733,3/15/2022 11:14,22e2c9a3-b93f-4f7f-896a-ca188c78505b,Gauze,999,"(-0.6, 1.8, 3.4)",,,,,,,,,
TOOL_HOVER,478874,3/15/2022 11:14,22e2c9a3-b93f-4f7f-896a-ca188c78505b,Gauze,1000,,,,,,,,,,
TOOL_HOVER,478902,3/15/2022 11:14,22e2c9a3-b93f-4f7f-896a-ca188c78505b,Gauze,1000,,,,,,,,,,
TOOL_HOVER,478930,3/15/2022 11:14,22e2c9a3-b93f-4f7f-896a-ca188c78505b,Gauze,1000,,,,,,,,,,
TOOL_HOVER,478958,3/15/2022 11:14,22e2c9a3-b93f-4f7f-896a-ca188c78505b,Gauze,1000,,,,,,,,,,
TOOL_HOVER,478986,3/15/2022 11:14,22e2c9a3-b93f-4f7f-896a-ca188c78505b,Gauze,1000,,,,,,,,,,
TOOL_HOVER,479012,3/15/2022 11:14,22e2c9a3-b93f-4f7f-896a-ca188c78505b,Gauze,1000,,,,,,,,,,
TOOL_HOVER,479040,3/15/2022 11:14,22e2c9a3-b93f-4f7f-896a-ca188c78505b,Gauze,1000,,,,,,,,,,
TOOL_HOVER,479069,3/15/2022 11:14,22e2c9a3-b93f-4f7f-896a-ca188c78505b,Tourniquet,995,,,,,,,,,,
TOOL_HOVER,479095,3/15/2022 11:14,22e2c9a3-b93f-4f7f-896a-ca188c78505b,Tourniquet,995,,,,,,,,,,
TOOL_HOVER,479124,3/15/2022 11:14,22e2c9a3-b93f-4f7f-896a-ca188c78505b,Tourniquet,995,,,,,,,,,,
TOOL_HOVER,479152,3/15/2022 11:14,22e2c9a3-b93f-4f7f-896a-ca188c78505b,Tourniquet,995,,,,,,,,,,
TOOL_HOVER,479180,3/15/2022 11:14,22e2c9a3-b93f-4f7f-896a-ca188c78505b,Tourniquet,995,,,,,,,,,,
TOOL_HOVER,479209,3/15/2022 11:14,22e2c9a3-b93f-4f7f-896a-ca188c78505b,Tourniquet,995,,,,,,,,,,
TOOL_HOVER,479238,3/15/2022 11:14,22e2c9a3-b93f-4f7f-896a-ca188c78505b,Tourniquet,995,,,,,,,,,,
TOOL_HOVER,479267,3/15/2022 11:14,22e2c9a3-b93f-4f7f-896a-ca188c78505b,Tourniquet,995,,,,,,,,,,
TOOL_HOVER,479295,3/15/2022 11:14,22e2c9a3-b93f-4f7f-896a-ca188c78505b,Tourniquet,995,,,,,,,,,,
TOOL_HOVER,479323,3/15/2022 11:14,22e2c9a3-b93f-4f7f-896a-ca188c78505b,Tourniquet,995,,,,,,,,,,
TOOL_HOVER,479353,3/15/2022 11:14,22e2c9a3-b93f-4f7f-896a-ca188c78505b,Tourniquet,995,,,,,,,,,,
TOOL_SELECTED,479355,3/15/2022 11:14,22e2c9a3-b93f-4f7f-896a-ca188c78505b,Tourniquet,994,,,,,,,,,,
PATIENT_ENGAGED,480400,3/15/2022 11:14,22e2c9a3-b93f-4f7f-896a-ca188c78505b,100,Infinity,Gloria_6 Root,"(-1.0, 0.0, 3.2)","(0.0, 0.4, 0.0, 0.9)",DELAYED,waver,fast,normal,normal,calm,fetal
VOICE_CAPTURE,484970,3/15/2022 11:14,22e2c9a3-b93f-4f7f-896a-ca188c78505b,this isn't bleeding,NA,,,,,,,,,,
TOOL_DISCARDED,486060,3/15/2022 11:14,22e2c9a3-b93f-4f7f-896a-ca188c78505b,Tourniquet,994,"(-0.7, 1.9, 3.3)",,,,,,,,,
TOOL_HOVER,486087,3/15/2022 11:14,22e2c9a3-b93f-4f7f-896a-ca188c78505b,Tourniquet,995,,,,,,,,,,
TOOL_HOVER,486111,3/15/2022 11:14,22e2c9a3-b93f-4f7f-896a-ca188c78505b,Tourniquet,995,,,,,,,,,,
TOOL_HOVER,486139,3/15/2022 11:14,22e2c9a3-b93f-4f7f-896a-ca188c78505b,Tourniquet,995,,,,,,,,,,
TOOL_HOVER,486166,3/15/2022 11:14,22e2c9a3-b93f-4f7f-896a-ca188c78505b,Gauze,1000,,,,,,,,,,
TOOL_HOVER,486190,3/15/2022 11:14,22e2c9a3-b93f-4f7f-896a-ca188c78505b,Gauze,1000,,,,,,,,,,
TOOL_HOVER,486214,3/15/2022 11:14,22e2c9a3-b93f-4f7f-896a-ca188c78505b,Gauze,1000,,,,,,,,,,
TOOL_HOVER,486238,3/15/2022 11:14,22e2c9a3-b93f-4f7f-896a-ca188c78505b,Gauze,1000,,,,,,,,,,
TOOL_HOVER,486262,3/15/2022 11:14,22e2c9a3-b93f-4f7f-896a-ca188c78505b,Gauze,1000,,,,,,,,,,
TOOL_HOVER,486287,3/15/2022 11:14,22e2c9a3-b93f-4f7f-896a-ca188c78505b,Gauze,1000,,,,,,,,,,
TOOL_HOVER,486309,3/15/2022 11:14,22e2c9a3-b93f-4f7f-896a-ca188c78505b,Gauze,1000,,,,,,,,,,
TOOL_HOVER,486333,3/15/2022 11:14,22e2c9a3-b93f-4f7f-896a-ca188c78505b,Gauze,1000,,,,,,,,,,
TOOL_HOVER,486358,3/15/2022 11:14,22e2c9a3-b93f-4f7f-896a-ca188c78505b,Gauze,1000,,,,,,,,,,
TAG_SELECTED,487017,3/15/2022 11:14,22e2c9a3-b93f-4f7f-896a-ca188c78505b,yellow,,,,,,,,,,,
TAG_APPLIED,488461,3/15/2022 11:14,22e2c9a3-b93f-4f7f-896a-ca188c78505b,Gloria_6 Root,yellow,,,,,,,,,,
BAG_CLOSED,491446,3/15/2022 11:14,22e2c9a3-b93f-4f7f-896a-ca188c78505b,"(-0.9, 0.7, 3.9)",,,,,,,,,,,
TELEPORT,491446,3/15/2022 11:14,22e2c9a3-b93f-4f7f-896a-ca188c78505b,"(0.1, 0.0, 5.3)",,,,,,,,,,,
PATIENT_ENGAGED,493877,3/15/2022 11:14,22e2c9a3-b93f-4f7f-896a-ca188c78505b,100,0,Gary_3 Root,"(0.0, 0.0, 2.0)","(0.0, 0.0, 0.0, 1.0)",IMMEDIATE,still,faint,collapsedRight,normal,unresponsive,supine
TELEPORT,494186,3/15/2022 11:14,22e2c9a3-b93f-4f7f-896a-ca188c78505b,"(0.9, 0.0, 4.0)",,,,,,,,,,,
TELEPORT,495187,3/15/2022 11:14,22e2c9a3-b93f-4f7f-896a-ca188c78505b,"(1.1, 0.0, 3.7)",,,,,,,,,,,
VOICE_CAPTURE,498751,3/15/2022 11:14,22e2c9a3-b93f-4f7f-896a-ca188c78505b,hi sir can you hear me,NA,,,,,,,,,,
VOICE_COMMAND,498752,3/15/2022 11:14,22e2c9a3-b93f-4f7f-896a-ca188c78505b,can you hear,hi sir can you hear me,,,,,,,,,,
BAG_ACCESS,499800,3/15/2022 11:14,22e2c9a3-b93f-4f7f-896a-ca188c78505b,"(0.5, 0.7, 1.9)",,,,,,,,,,,
TOOL_HOVER,501384,3/15/2022 11:14,22e2c9a3-b93f-4f7f-896a-ca188c78505b,Tourniquet,995,,,,,,,,,,
TOOL_HOVER,501417,3/15/2022 11:14,22e2c9a3-b93f-4f7f-896a-ca188c78505b,Tourniquet,995,,,,,,,,,,
TOOL_HOVER,501448,3/15/2022 11:14,22e2c9a3-b93f-4f7f-896a-ca188c78505b,Tourniquet,995,,,,,,,,,,
TOOL_HOVER,501478,3/15/2022 11:14,22e2c9a3-b93f-4f7f-896a-ca188c78505b,Needle,997,,,,,,,,,,
TOOL_HOVER,501509,3/15/2022 11:14,22e2c9a3-b93f-4f7f-896a-ca188c78505b,Needle,997,,,,,,,,,,
TOOL_HOVER,501539,3/15/2022 11:14,22e2c9a3-b93f-4f7f-896a-ca188c78505b,Needle,997,,,,,,,,,,
TOOL_HOVER,501569,3/15/2022 11:14,22e2c9a3-b93f-4f7f-896a-ca188c78505b,Needle,997,,,,,,,,,,
TOOL_HOVER,501595,3/15/2022 11:14,22e2c9a3-b93f-4f7f-896a-ca188c78505b,Needle,997,,,,,,,,,,
TOOL_HOVER,501624,3/15/2022 11:14,22e2c9a3-b93f-4f7f-896a-ca188c78505b,Needle,997,,,,,,,,,,
TOOL_HOVER,501651,3/15/2022 11:14,22e2c9a3-b93f-4f7f-896a-ca188c78505b,Needle,997,,,,,,,,,,
TOOL_HOVER,501675,3/15/2022 11:14,22e2c9a3-b93f-4f7f-896a-ca188c78505b,Needle,997,,,,,,,,,,
TOOL_HOVER,501698,3/15/2022 11:14,22e2c9a3-b93f-4f7f-896a-ca188c78505b,Needle,997,,,,,,,,,,
TOOL_HOVER,501721,3/15/2022 11:14,22e2c9a3-b93f-4f7f-896a-ca188c78505b,Needle,997,,,,,,,,,,
TOOL_HOVER,501744,3/15/2022 11:14,22e2c9a3-b93f-4f7f-896a-ca188c78505b,Needle,997,,,,,,,,,,
VOICE_CAPTURE,503830,3/15/2022 11:14,22e2c9a3-b93f-4f7f-896a-ca188c78505b,having trouble breathing,NA,,,,,,,,,,
TOOL_HOVER,505281,3/15/2022 11:14,22e2c9a3-b93f-4f7f-896a-ca188c78505b,Needle,997,,,,,,,,,,
TOOL_HOVER,505311,3/15/2022 11:14,22e2c9a3-b93f-4f7f-896a-ca188c78505b,Needle,997,,,,,,,,,,
TOOL_HOVER,505342,3/15/2022 11:14,22e2c9a3-b93f-4f7f-896a-ca188c78505b,Needle,997,,,,,,,,,,
TOOL_HOVER,505373,3/15/2022 11:14,22e2c9a3-b93f-4f7f-896a-ca188c78505b,Needle,997,,,,,,,,,,
TOOL_HOVER,505403,3/15/2022 11:14,22e2c9a3-b93f-4f7f-896a-ca188c78505b,Needle,997,,,,,,,,,,
TOOL_HOVER,505432,3/15/2022 11:14,22e2c9a3-b93f-4f7f-896a-ca188c78505b,Needle,997,,,,,,,,,,
TOOL_HOVER,505462,3/15/2022 11:14,22e2c9a3-b93f-4f7f-896a-ca188c78505b,Needle,997,,,,,,,,,,
TOOL_HOVER,505492,3/15/2022 11:14,22e2c9a3-b93f-4f7f-896a-ca188c78505b,Needle,997,,,,,,,,,,
TOOL_HOVER,505520,3/15/2022 11:14,22e2c9a3-b93f-4f7f-896a-ca188c78505b,Needle,997,,,,,,,,,,
TOOL_HOVER,505551,3/15/2022 11:14,22e2c9a3-b93f-4f7f-896a-ca188c78505b,Needle,997,,,,,,,,,,
TOOL_HOVER,505580,3/15/2022 11:14,22e2c9a3-b93f-4f7f-896a-ca188c78505b,Needle,997,,,,,,,,,,
TOOL_HOVER,505610,3/15/2022 11:14,22e2c9a3-b93f-4f7f-896a-ca188c78505b,Needle,997,,,,,,,,,,
TOOL_HOVER,505642,3/15/2022 11:14,22e2c9a3-b93f-4f7f-896a-ca188c78505b,Needle,997,,,,,,,,,,
TOOL_HOVER,505673,3/15/2022 11:14,22e2c9a3-b93f-4f7f-896a-ca188c78505b,Needle,997,,,,,,,,,,
TOOL_HOVER,505703,3/15/2022 11:14,22e2c9a3-b93f-4f7f-896a-ca188c78505b,Needle,997,,,,,,,,,,
TOOL_HOVER,505730,3/15/2022 11:14,22e2c9a3-b93f-4f7f-896a-ca188c78505b,Needle,997,,,,,,,,,,
TOOL_HOVER,505761,3/15/2022 11:14,22e2c9a3-b93f-4f7f-896a-ca188c78505b,Needle,997,,,,,,,,,,
TOOL_HOVER,505790,3/15/2022 11:14,22e2c9a3-b93f-4f7f-896a-ca188c78505b,Needle,997,,,,,,,,,,
TOOL_HOVER,505820,3/15/2022 11:14,22e2c9a3-b93f-4f7f-896a-ca188c78505b,Needle,997,,,,,,,,,,
TOOL_HOVER,505849,3/15/2022 11:14,22e2c9a3-b93f-4f7f-896a-ca188c78505b,Needle,997,,,,,,,,,,
TOOL_HOVER,505879,3/15/2022 11:14,22e2c9a3-b93f-4f7f-896a-ca188c78505b,Needle,997,,,,,,,,,,
TOOL_HOVER,505908,3/15/2022 11:14,22e2c9a3-b93f-4f7f-896a-ca188c78505b,Needle,997,,,,,,,,,,
TOOL_HOVER,505935,3/15/2022 11:14,22e2c9a3-b93f-4f7f-896a-ca188c78505b,Needle,997,,,,,,,,,,
TOOL_HOVER,505962,3/15/2022 11:14,22e2c9a3-b93f-4f7f-896a-ca188c78505b,Needle,997,,,,,,,,,,
TOOL_HOVER,505990,3/15/2022 11:14,22e2c9a3-b93f-4f7f-896a-ca188c78505b,Needle,997,,,,,,,,,,
TOOL_HOVER,506019,3/15/2022 11:14,22e2c9a3-b93f-4f7f-896a-ca188c78505b,Needle,997,,,,,,,,,,
TOOL_HOVER,506046,3/15/2022 11:14,22e2c9a3-b93f-4f7f-896a-ca188c78505b,Needle,997,,,,,,,,,,
TOOL_HOVER,506074,3/15/2022 11:14,22e2c9a3-b93f-4f7f-896a-ca188c78505b,Needle,997,,,,,,,,,,
TOOL_HOVER,506102,3/15/2022 11:14,22e2c9a3-b93f-4f7f-896a-ca188c78505b,Needle,997,,,,,,,,,,
TOOL_HOVER,506129,3/15/2022 11:14,22e2c9a3-b93f-4f7f-896a-ca188c78505b,Needle,997,,,,,,,,,,
TOOL_HOVER,506155,3/15/2022 11:14,22e2c9a3-b93f-4f7f-896a-ca188c78505b,Needle,997,,,,,,,,,,
TOOL_HOVER,506182,3/15/2022 11:14,22e2c9a3-b93f-4f7f-896a-ca188c78505b,Needle,997,,,,,,,,,,
TOOL_HOVER,506206,3/15/2022 11:14,22e2c9a3-b93f-4f7f-896a-ca188c78505b,Needle,997,,,,,,,,,,
TOOL_HOVER,506231,3/15/2022 11:14,22e2c9a3-b93f-4f7f-896a-ca188c78505b,Needle,997,,,,,,,,,,
TOOL_HOVER,506254,3/15/2022 11:14,22e2c9a3-b93f-4f7f-896a-ca188c78505b,Needle,997,,,,,,,,,,
TOOL_HOVER,506278,3/15/2022 11:14,22e2c9a3-b93f-4f7f-896a-ca188c78505b,Needle,997,,,,,,,,,,
TOOL_HOVER,506302,3/15/2022 11:14,22e2c9a3-b93f-4f7f-896a-ca188c78505b,Needle,997,,,,,,,,,,
TOOL_HOVER,506324,3/15/2022 11:14,22e2c9a3-b93f-4f7f-896a-ca188c78505b,Needle,997,,,,,,,,,,
TOOL_HOVER,506350,3/15/2022 11:14,22e2c9a3-b93f-4f7f-896a-ca188c78505b,Needle,997,,,,,,,,,,
TOOL_SELECTED,506351,3/15/2022 11:14,22e2c9a3-b93f-4f7f-896a-ca188c78505b,Needle,996,,,,,,,,,,
INJURY_TREATED,510763,3/15/2022 11:14,22e2c9a3-b93f-4f7f-896a-ca188c78505b,R Chest Collapse,Gary_3 Root,decompress,high,chest,TRUE,FALSE,"(0.0, 0.0, 0.0)",,,,
TOOL_APPLIED,510763,3/15/2022 11:14,22e2c9a3-b93f-4f7f-896a-ca188c78505b,Needle_Decomp(Clone),Needle,RChest_Breathe1 (UnityEngine.GameObject),cath_needle (UnityEngine.GameObject),right_chest,Needle_Decomp(Clone) (UnityEngine.GameObject),AppliedDecompNeedle,,,,,
VOICE_CAPTURE,516840,3/15/2022 11:14,22e2c9a3-b93f-4f7f-896a-ca188c78505b,hi sir can you have are having trouble breathing can you hear me,NA,,,,,,,,,,
VOICE_COMMAND,516840,3/15/2022 11:14,22e2c9a3-b93f-4f7f-896a-ca188c78505b,can you hear,hi sir can you have are having trouble breathing can you hear me,,,,,,,,,,
TAG_SELECTED,519617,3/15/2022 11:14,22e2c9a3-b93f-4f7f-896a-ca188c78505b,yellow,,,,,,,,,,,
VOICE_CAPTURE,519929,3/15/2022 11:14,22e2c9a3-b93f-4f7f-896a-ca188c78505b,stop bleeding,NA,,,,,,,,,,
TAG_APPLIED,525529,3/15/2022 11:15,22e2c9a3-b93f-4f7f-896a-ca188c78505b,Gary_3 Root,yellow,,,,,,,,,,
TAG_SELECTED,526689,3/15/2022 11:15,22e2c9a3-b93f-4f7f-896a-ca188c78505b,red,,,,,,,,,,,
TAG_APPLIED,532348,3/15/2022 11:15,22e2c9a3-b93f-4f7f-896a-ca188c78505b,Gary_3 Root,red,,,,,,,,,,
BAG_CLOSED,536733,3/15/2022 11:15,22e2c9a3-b93f-4f7f-896a-ca188c78505b,"(1.1, 0.0, 3.6)",,,,,,,,,,,
TELEPORT,536734,3/15/2022 11:15,22e2c9a3-b93f-4f7f-896a-ca188c78505b,"(1.1, 0.0, 3.6)",,,,,,,,,,,
TELEPORT,536894,3/15/2022 11:15,22e2c9a3-b93f-4f7f-896a-ca188c78505b,"(1.1, 0.0, 3.6)",,,,,,,,,,,
PATIENT_ENGAGED,537993,3/15/2022 11:15,22e2c9a3-b93f-4f7f-896a-ca188c78505b,63.87083,Infinity,Mike_5 Root,"(2.6, 0.0, 2.0)","(0.0, 1.0, 0.0, 0.0)",IMMEDIATE,waver,fast,normal,normal,calm,fetal
BAG_ACCESS,539523,3/15/2022 11:15,22e2c9a3-b93f-4f7f-896a-ca188c78505b,"(2.2, 0.7, 2.2)",,,,,,,,,,,
TOOL_HOVER,541272,3/15/2022 11:15,22e2c9a3-b93f-4f7f-896a-ca188c78505b,Hemostatic Gauze,1001,,,,,,,,,,
TOOL_HOVER,541301,3/15/2022 11:15,22e2c9a3-b93f-4f7f-896a-ca188c78505b,Hemostatic Gauze,1001,,,,,,,,,,
TOOL_HOVER,541329,3/15/2022 11:15,22e2c9a3-b93f-4f7f-896a-ca188c78505b,Hemostatic Gauze,1001,,,,,,,,,,
TOOL_HOVER,541359,3/15/2022 11:15,22e2c9a3-b93f-4f7f-896a-ca188c78505b,Hemostatic Gauze,1001,,,,,,,,,,
TOOL_HOVER,541387,3/15/2022 11:15,22e2c9a3-b93f-4f7f-896a-ca188c78505b,Hemostatic Gauze,1001,,,,,,,,,,
TOOL_HOVER,541414,3/15/2022 11:15,22e2c9a3-b93f-4f7f-896a-ca188c78505b,Hemostatic Gauze,1001,,,,,,,,,,
TOOL_HOVER,541442,3/15/2022 11:15,22e2c9a3-b93f-4f7f-896a-ca188c78505b,Hemostatic Gauze,1001,,,,,,,,,,
TOOL_HOVER,541470,3/15/2022 11:15,22e2c9a3-b93f-4f7f-896a-ca188c78505b,Hemostatic Gauze,1001,,,,,,,,,,
TOOL_HOVER,541497,3/15/2022 11:15,22e2c9a3-b93f-4f7f-896a-ca188c78505b,Hemostatic Gauze,1001,,,,,,,,,,
TOOL_HOVER,541525,3/15/2022 11:15,22e2c9a3-b93f-4f7f-896a-ca188c78505b,Hemostatic Gauze,1001,,,,,,,,,,
TOOL_HOVER,541554,3/15/2022 11:15,22e2c9a3-b93f-4f7f-896a-ca188c78505b,Hemostatic Gauze,1001,,,,,,,,,,
TOOL_HOVER,541581,3/15/2022 11:15,22e2c9a3-b93f-4f7f-896a-ca188c78505b,Hemostatic Gauze,1001,,,,,,,,,,
TOOL_HOVER,541608,3/15/2022 11:15,22e2c9a3-b93f-4f7f-896a-ca188c78505b,Hemostatic Gauze,1001,,,,,,,,,,
TOOL_HOVER,541635,3/15/2022 11:15,22e2c9a3-b93f-4f7f-896a-ca188c78505b,Hemostatic Gauze,1001,,,,,,,,,,
TOOL_SELECTED,541636,3/15/2022 11:15,22e2c9a3-b93f-4f7f-896a-ca188c78505b,Hemostatic Gauze,1000,,,,,,,,,,
TOOL_DISCARDED,544112,3/15/2022 11:15,22e2c9a3-b93f-4f7f-896a-ca188c78505b,Hemostatic Gauze,1000,"(3.0, 0.3, 2.3)",,,,,,,,,
INJURY_TREATED,544112,3/15/2022 11:15,22e2c9a3-b93f-4f7f-896a-ca188c78505b,R Side Puncture,Mike_5 Root,woundpack,medium,abdomen,TRUE,FALSE,"(3.0, 0.3, 2.2)",,,,
TOOL_APPLIED,544112,3/15/2022 11:15,22e2c9a3-b93f-4f7f-896a-ca188c78505b,Mike_5 Root,Gauze_Pack,skinCollider_BodyCollideLOD (UnityEngine.GameObject),null,null,AppliedPackingGauze,,,,,,
TOOL_HOVER,546388,3/15/2022 11:15,22e2c9a3-b93f-4f7f-896a-ca188c78505b,Gauze,1000,,,,,,,,,,
TOOL_HOVER,546414,3/15/2022 11:15,22e2c9a3-b93f-4f7f-896a-ca188c78505b,Gauze,1000,,,,,,,,,,
TOOL_HOVER,546440,3/15/2022 11:15,22e2c9a3-b93f-4f7f-896a-ca188c78505b,Gauze,1000,,,,,,,,,,
TOOL_HOVER,546467,3/15/2022 11:15,22e2c9a3-b93f-4f7f-896a-ca188c78505b,Tourniquet,995,,,,,,,,,,
TOOL_HOVER,546492,3/15/2022 11:15,22e2c9a3-b93f-4f7f-896a-ca188c78505b,Tourniquet,995,,,,,,,,,,
TOOL_HOVER,546517,3/15/2022 11:15,22e2c9a3-b93f-4f7f-896a-ca188c78505b,Tourniquet,995,,,,,,,,,,
TOOL_HOVER,546543,3/15/2022 11:15,22e2c9a3-b93f-4f7f-896a-ca188c78505b,Tourniquet,995,,,,,,,,,,
TOOL_SELECTED,546544,3/15/2022 11:15,22e2c9a3-b93f-4f7f-896a-ca188c78505b,Tourniquet,994,,,,,,,,,,
INJURY_TREATED,547957,3/15/2022 11:15,22e2c9a3-b93f-4f7f-896a-ca188c78505b,R Thigh Laceration,Mike_5 Root,gauzePressure,medium,rightLeg,FALSE,TRUE,"(2.9, 0.3, 1.9)",,,,
TOOL_APPLIED,547958,3/15/2022 11:15,22e2c9a3-b93f-4f7f-896a-ca188c78505b,Mike_5 Root,Tourniquet,RightUpLeg (UnityEngine.GameObject),tor_ring (1) (UnityEngine.GameObject),tourniquet(Clone) (UnityEngine.GameObject),AppliedTourniquet,,,,,,
TOOL_HOVER,551784,3/15/2022 11:15,22e2c9a3-b93f-4f7f-896a-ca188c78505b,Gauze,1000,,,,,,,,,,
TOOL_HOVER,551814,3/15/2022 11:15,22e2c9a3-b93f-4f7f-896a-ca188c78505b,Gauze,1000,,,,,,,,,,
TOOL_HOVER,551842,3/15/2022 11:15,22e2c9a3-b93f-4f7f-896a-ca188c78505b,Gauze,1000,,,,,,,,,,
TOOL_HOVER,551873,3/15/2022 11:15,22e2c9a3-b93f-4f7f-896a-ca188c78505b,Gauze,1000,,,,,,,,,,
TOOL_HOVER,551901,3/15/2022 11:15,22e2c9a3-b93f-4f7f-896a-ca188c78505b,Gauze,1000,,,,,,,,,,
TOOL_HOVER,551929,3/15/2022 11:15,22e2c9a3-b93f-4f7f-896a-ca188c78505b,Gauze,1000,,,,,,,,,,
TOOL_HOVER,551958,3/15/2022 11:15,22e2c9a3-b93f-4f7f-896a-ca188c78505b,Gauze,1000,,,,,,,,,,
TOOL_HOVER,551985,3/15/2022 11:15,22e2c9a3-b93f-4f7f-896a-ca188c78505b,Gauze,1000,,,,,,,,,,
TOOL_HOVER,552011,3/15/2022 11:15,22e2c9a3-b93f-4f7f-896a-ca188c78505b,Gauze,1000,,,,,,,,,,
TOOL_SELECTED,552013,3/15/2022 11:15,22e2c9a3-b93f-4f7f-896a-ca188c78505b,Gauze,999,,,,,,,,,,
TOOL_DISCARDED,553083,3/15/2022 11:15,22e2c9a3-b93f-4f7f-896a-ca188c78505b,Gauze,999,"(2.8, 0.3, 1.9)",,,,,,,,,
TOOL_APPLIED,553083,3/15/2022 11:15,22e2c9a3-b93f-4f7f-896a-ca188c78505b,Mike_5 Root,Gauze_Dressing,skinCollider_BodyCollideLOD (UnityEngine.GameObject),null,null,AppliedDressingGauze,,,,,,
TOOL_HOVER,554186,3/15/2022 11:15,22e2c9a3-b93f-4f7f-896a-ca188c78505b,Gauze,1000,,,,,,,,,,
TOOL_HOVER,554208,3/15/2022 11:15,22e2c9a3-b93f-4f7f-896a-ca188c78505b,Gauze,1000,,,,,,,,,,
TOOL_HOVER,554231,3/15/2022 11:15,22e2c9a3-b93f-4f7f-896a-ca188c78505b,Gauze,1000,,,,,,,,,,
TOOL_HOVER,554255,3/15/2022 11:15,22e2c9a3-b93f-4f7f-896a-ca188c78505b,Gauze,1000,,,,,,,,,,
TOOL_HOVER,554279,3/15/2022 11:15,22e2c9a3-b93f-4f7f-896a-ca188c78505b,Gauze,1000,,,,,,,,,,
TOOL_HOVER,554302,3/15/2022 11:15,22e2c9a3-b93f-4f7f-896a-ca188c78505b,Gauze,1000,,,,,,,,,,
TOOL_HOVER,554325,3/15/2022 11:15,22e2c9a3-b93f-4f7f-896a-ca188c78505b,Gauze,1000,,,,,,,,,,
TOOL_HOVER,554350,3/15/2022 11:15,22e2c9a3-b93f-4f7f-896a-ca188c78505b,Gauze,1000,,,,,,,,,,
TOOL_HOVER,554374,3/15/2022 11:15,22e2c9a3-b93f-4f7f-896a-ca188c78505b,Gauze,1000,,,,,,,,,,
TOOL_HOVER,554400,3/15/2022 11:15,22e2c9a3-b93f-4f7f-896a-ca188c78505b,Gauze,1000,,,,,,,,,,
TOOL_HOVER,554426,3/15/2022 11:15,22e2c9a3-b93f-4f7f-896a-ca188c78505b,Gauze,1000,,,,,,,,,,
TOOL_HOVER,554452,3/15/2022 11:15,22e2c9a3-b93f-4f7f-896a-ca188c78505b,Gauze,1000,,,,,,,,,,
TOOL_HOVER,554478,3/15/2022 11:15,22e2c9a3-b93f-4f7f-896a-ca188c78505b,Gauze,1000,,,,,,,,,,
TOOL_HOVER,554506,3/15/2022 11:15,22e2c9a3-b93f-4f7f-896a-ca188c78505b,Gauze,1000,,,,,,,,,,
TOOL_HOVER,554533,3/15/2022 11:15,22e2c9a3-b93f-4f7f-896a-ca188c78505b,Gauze,1000,,,,,,,,,,
TOOL_SELECTED,554534,3/15/2022 11:15,22e2c9a3-b93f-4f7f-896a-ca188c78505b,Gauze,999,,,,,,,,,,
TOOL_DISCARDED,556273,3/15/2022 11:15,22e2c9a3-b93f-4f7f-896a-ca188c78505b,Gauze,999,"(2.9, 0.3, 1.9)",,,,,,,,,
INJURY_TREATED,556273,3/15/2022 11:15,22e2c9a3-b93f-4f7f-896a-ca188c78505b,R Thigh Laceration,Mike_5 Root,gauzePressure,medium,rightLeg,TRUE,TRUE,"(2.9, 0.3, 1.9)",,,,
TOOL_APPLIED,556274,3/15/2022 11:15,22e2c9a3-b93f-4f7f-896a-ca188c78505b,Mike_5 Root,Gauze_Dressing,skinCollider_BodyCollideLOD (UnityEngine.GameObject),null,null,AppliedDressingGauze,,,,,,
TAG_SELECTED,558212,3/15/2022 11:15,22e2c9a3-b93f-4f7f-896a-ca188c78505b,yellow,,,,,,,,,,,
TAG_APPLIED,559297,3/15/2022 11:15,22e2c9a3-b93f-4f7f-896a-ca188c78505b,Mike_5 Root,yellow,,,,,,,,,,
BAG_CLOSED,560557,3/15/2022 11:15,22e2c9a3-b93f-4f7f-896a-ca188c78505b,"(2.2, 0.7, 2.3)",,,,,,,,,,,
TELEPORT,560557,3/15/2022 11:15,22e2c9a3-b93f-4f7f-896a-ca188c78505b,"(2.1, 0.0, 3.8)",,,,,,,,,,,
TELEPORT,562570,3/15/2022 11:15,22e2c9a3-b93f-4f7f-896a-ca188c78505b,"(2.7, 0.0, 4.4)",,,,,,,,,,,
PATIENT_ENGAGED,565194,3/15/2022 11:15,22e2c9a3-b93f-4f7f-896a-ca188c78505b,100,Infinity,Lily_2 Root,"(3.0, 0.0, 4.0)","(0.0, 1.0, 0.0, 0.0)",IMMEDIATE,waver,fast,fast,normal,calm,fetal
BAG_ACCESS,566173,3/15/2022 11:15,22e2c9a3-b93f-4f7f-896a-ca188c78505b,"(3.6, 0.6, 3.5)",,,,,,,,,,,
TOOL_HOVER,566672,3/15/2022 11:15,22e2c9a3-b93f-4f7f-896a-ca188c78505b,Gauze,1000,,,,,,,,,,
TOOL_HOVER,566699,3/15/2022 11:15,22e2c9a3-b93f-4f7f-896a-ca188c78505b,Gauze,1000,,,,,,,,,,
TOOL_HOVER,566726,3/15/2022 11:15,22e2c9a3-b93f-4f7f-896a-ca188c78505b,Gauze,1000,,,,,,,,,,
TOOL_HOVER,566753,3/15/2022 11:15,22e2c9a3-b93f-4f7f-896a-ca188c78505b,Gauze,1000,,,,,,,,,,
TOOL_HOVER,566781,3/15/2022 11:15,22e2c9a3-b93f-4f7f-896a-ca188c78505b,Gauze,1000,,,,,,,,,,
TOOL_HOVER,566811,3/15/2022 11:15,22e2c9a3-b93f-4f7f-896a-ca188c78505b,Gauze,1000,,,,,,,,,,
TOOL_HOVER,566840,3/15/2022 11:15,22e2c9a3-b93f-4f7f-896a-ca188c78505b,Gauze,1000,,,,,,,,,,
TOOL_HOVER,566869,3/15/2022 11:15,22e2c9a3-b93f-4f7f-896a-ca188c78505b,Gauze,1000,,,,,,,,,,
TOOL_HOVER,566897,3/15/2022 11:15,22e2c9a3-b93f-4f7f-896a-ca188c78505b,Gauze,1000,,,,,,,,,,
TOOL_HOVER,566926,3/15/2022 11:15,22e2c9a3-b93f-4f7f-896a-ca188c78505b,Gauze,1000,,,,,,,,,,
TOOL_HOVER,566955,3/15/2022 11:15,22e2c9a3-b93f-4f7f-896a-ca188c78505b,Gauze,1000,,,,,,,,,,
TOOL_HOVER,566983,3/15/2022 11:15,22e2c9a3-b93f-4f7f-896a-ca188c78505b,Gauze,1000,,,,,,,,,,
TOOL_HOVER,567011,3/15/2022 11:15,22e2c9a3-b93f-4f7f-896a-ca188c78505b,Gauze,1000,,,,,,,,,,
TOOL_HOVER,567040,3/15/2022 11:15,22e2c9a3-b93f-4f7f-896a-ca188c78505b,Gauze,1000,,,,,,,,,,
TOOL_SELECTED,567041,3/15/2022 11:15,22e2c9a3-b93f-4f7f-896a-ca188c78505b,Gauze,999,,,,,,,,,,
TOOL_DISCARDED,568465,3/15/2022 11:15,22e2c9a3-b93f-4f7f-896a-ca188c78505b,Gauze,999,"(3.8, 1.7, 4.0)",,,,,,,,,
TOOL_DISCARDED,568466,3/15/2022 11:15,22e2c9a3-b93f-4f7f-896a-ca188c78505b,Gauze,1000,"(3.8, 1.7, 4.0)",,,,,,,,,
TOOL_HOVER,568669,3/15/2022 11:15,22e2c9a3-b93f-4f7f-896a-ca188c78505b,Gauze,1001,,,,,,,,,,
TOOL_HOVER,568696,3/15/2022 11:15,22e2c9a3-b93f-4f7f-896a-ca188c78505b,Gauze,1001,,,,,,,,,,
TOOL_HOVER,568724,3/15/2022 11:15,22e2c9a3-b93f-4f7f-896a-ca188c78505b,Gauze,1001,,,,,,,,,,
TOOL_HOVER,568753,3/15/2022 11:15,22e2c9a3-b93f-4f7f-896a-ca188c78505b,Gauze,1001,,,,,,,,,,
TOOL_HOVER,568779,3/15/2022 11:15,22e2c9a3-b93f-4f7f-896a-ca188c78505b,Tourniquet,994,,,,,,,,,,
TOOL_HOVER,568808,3/15/2022 11:15,22e2c9a3-b93f-4f7f-896a-ca188c78505b,Tourniquet,994,,,,,,,,,,
TOOL_HOVER,568837,3/15/2022 11:15,22e2c9a3-b93f-4f7f-896a-ca188c78505b,Tourniquet,994,,,,,,,,,,
TOOL_HOVER,568864,3/15/2022 11:15,22e2c9a3-b93f-4f7f-896a-ca188c78505b,Tourniquet,994,,,,,,,,,,
TOOL_HOVER,568894,3/15/2022 11:15,22e2c9a3-b93f-4f7f-896a-ca188c78505b,Tourniquet,994,,,,,,,,,,
TOOL_HOVER,568922,3/15/2022 11:15,22e2c9a3-b93f-4f7f-896a-ca188c78505b,Tourniquet,994,,,,,,,,,,
TOOL_HOVER,568950,3/15/2022 11:15,22e2c9a3-b93f-4f7f-896a-ca188c78505b,Tourniquet,994,,,,,,,,,,
TOOL_HOVER,568978,3/15/2022 11:15,22e2c9a3-b93f-4f7f-896a-ca188c78505b,Tourniquet,994,,,,,,,,,,
TOOL_HOVER,569007,3/15/2022 11:15,22e2c9a3-b93f-4f7f-896a-ca188c78505b,Tourniquet,994,,,,,,,,,,
TOOL_HOVER,569036,3/15/2022 11:15,22e2c9a3-b93f-4f7f-896a-ca188c78505b,Tourniquet,994,,,,,,,,,,
TOOL_HOVER,569064,3/15/2022 11:15,22e2c9a3-b93f-4f7f-896a-ca188c78505b,Tourniquet,994,,,,,,,,,,
TOOL_HOVER,569093,3/15/2022 11:15,22e2c9a3-b93f-4f7f-896a-ca188c78505b,Tourniquet,994,,,,,,,,,,
TOOL_HOVER,569121,3/15/2022 11:15,22e2c9a3-b93f-4f7f-896a-ca188c78505b,Tourniquet,994,,,,,,,,,,
TOOL_HOVER,569150,3/15/2022 11:15,22e2c9a3-b93f-4f7f-896a-ca188c78505b,Tourniquet,994,,,,,,,,,,
TOOL_HOVER,569178,3/15/2022 11:15,22e2c9a3-b93f-4f7f-896a-ca188c78505b,Tourniquet,994,,,,,,,,,,
TOOL_HOVER,569207,3/15/2022 11:15,22e2c9a3-b93f-4f7f-896a-ca188c78505b,Tourniquet,994,,,,,,,,,,
TOOL_SELECTED,569209,3/15/2022 11:15,22e2c9a3-b93f-4f7f-896a-ca188c78505b,Tourniquet,993,,,,,,,,,,
INJURY_TREATED,571460,3/15/2022 11:15,22e2c9a3-b93f-4f7f-896a-ca188c78505b,R Shin Amputation,Lily_2 Root,tourniquet,high,rightLeg,TRUE,FALSE,"(3.3, 0.1, 3.8)",,,,
TOOL_APPLIED,571460,3/15/2022 11:15,22e2c9a3-b93f-4f7f-896a-ca188c78505b,Lily_2 Root,Tourniquet,RightUpLeg (UnityEngine.GameObject),tor_ring (1) (UnityEngine.GameObject),tourniquet(Clone) (UnityEngine.GameObject),AppliedTourniquet,,,,,,
TAG_SELECTED,574263,3/15/2022 11:15,22e2c9a3-b93f-4f7f-896a-ca188c78505b,yellow,,,,,,,,,,,
TAG_APPLIED,576416,3/15/2022 11:15,22e2c9a3-b93f-4f7f-896a-ca188c78505b,Lily_2 Root,yellow,,,,,,,,,,
BAG_CLOSED,586708,3/15/2022 11:16,22e2c9a3-b93f-4f7f-896a-ca188c78505b,"(3.4, 0.0, 4.8)",,,,,,,,,,,
TELEPORT,586708,3/15/2022 11:16,22e2c9a3-b93f-4f7f-896a-ca188c78505b,"(3.4, 0.0, 4.8)",,,,,,,,,,,
VOICE_CAPTURE,588165,3/15/2022 11:16,22e2c9a3-b93f-4f7f-896a-ca188c78505b,3456 guys taking care of all of them,NA,,,,,,,,,,
TELEPORT,593749,3/15/2022 11:16,22e2c9a3-b93f-4f7f-896a-ca188c78505b,"(2.9, 0.0, 0.3)",,,,,,,,,,,
BAG_ACCESS,594910,3/15/2022 11:16,22e2c9a3-b93f-4f7f-896a-ca188c78505b,"(3.3, 0.7, -1.2)",,,,,,,,,,,
TOOL_HOVER,599167,3/15/2022 11:16,22e2c9a3-b93f-4f7f-896a-ca188c78505b,Tourniquet,993,,,,,,,,,,
TOOL_HOVER,599189,3/15/2022 11:16,22e2c9a3-b93f-4f7f-896a-ca188c78505b,Tourniquet,993,,,,,,,,,,
TOOL_HOVER,599211,3/15/2022 11:16,22e2c9a3-b93f-4f7f-896a-ca188c78505b,Tourniquet,993,,,,,,,,,,
TOOL_HOVER,599234,3/15/2022 11:16,22e2c9a3-b93f-4f7f-896a-ca188c78505b,Tourniquet,993,,,,,,,,,,
TOOL_HOVER,599257,3/15/2022 11:16,22e2c9a3-b93f-4f7f-896a-ca188c78505b,Tourniquet,993,,,,,,,,,,
TOOL_HOVER,599283,3/15/2022 11:16,22e2c9a3-b93f-4f7f-896a-ca188c78505b,Tourniquet,993,,,,,,,,,,
TOOL_HOVER,599311,3/15/2022 11:16,22e2c9a3-b93f-4f7f-896a-ca188c78505b,Tourniquet,993,,,,,,,,,,
TOOL_HOVER,599338,3/15/2022 11:16,22e2c9a3-b93f-4f7f-896a-ca188c78505b,Tourniquet,993,,,,,,,,,,
TOOL_HOVER,599366,3/15/2022 11:16,22e2c9a3-b93f-4f7f-896a-ca188c78505b,Tourniquet,993,,,,,,,,,,
TOOL_HOVER,599393,3/15/2022 11:16,22e2c9a3-b93f-4f7f-896a-ca188c78505b,Gauze,1001,,,,,,,,,,
TOOL_HOVER,599421,3/15/2022 11:16,22e2c9a3-b93f-4f7f-896a-ca188c78505b,Gauze,1001,,,,,,,,,,
TOOL_HOVER,599449,3/15/2022 11:16,22e2c9a3-b93f-4f7f-896a-ca188c78505b,Gauze,1001,,,,,,,,,,
TOOL_HOVER,599477,3/15/2022 11:16,22e2c9a3-b93f-4f7f-896a-ca188c78505b,Tourniquet,993,,,,,,,,,,
TOOL_HOVER,599504,3/15/2022 11:16,22e2c9a3-b93f-4f7f-896a-ca188c78505b,Tourniquet,993,,,,,,,,,,
TOOL_HOVER,599532,3/15/2022 11:16,22e2c9a3-b93f-4f7f-896a-ca188c78505b,Tourniquet,993,,,,,,,,,,
TOOL_HOVER,599559,3/15/2022 11:16,22e2c9a3-b93f-4f7f-896a-ca188c78505b,Tourniquet,993,,,,,,,,,,
TOOL_HOVER,599588,3/15/2022 11:16,22e2c9a3-b93f-4f7f-896a-ca188c78505b,Tourniquet,993,,,,,,,,,,
TOOL_SELECTED,599589,3/15/2022 11:16,22e2c9a3-b93f-4f7f-896a-ca188c78505b,Tourniquet,992,,,,,,,,,,
INJURY_TREATED,601104,3/15/2022 11:16,22e2c9a3-b93f-4f7f-896a-ca188c78505b,L Forearm Laceration,Gloria_8 Root,gauzePressure,low,leftArm,FALSE,TRUE,"(2.9, 0.9, -2.3)",,,,
TOOL_APPLIED,601105,3/15/2022 11:16,22e2c9a3-b93f-4f7f-896a-ca188c78505b,Gloria_8 Root,Tourniquet,LeftArm (UnityEngine.GameObject),tor_ring (1) (UnityEngine.GameObject),tourniquet(Clone) (UnityEngine.GameObject),AppliedTourniquet,,,,,,
PATIENT_ENGAGED,601105,3/15/2022 11:16,22e2c9a3-b93f-4f7f-896a-ca188c78505b,100,Infinity,Gloria_8 Root,"(3.2, 0.0, -2.5)","(0.0, 0.0, 0.0, 1.0)",DELAYED,walker,normal,normal,normal,calm,standing
TOOL_HOVER,603078,3/15/2022 11:16,22e2c9a3-b93f-4f7f-896a-ca188c78505b,Gauze,1001,,,,,,,,,,
TOOL_HOVER,603104,3/15/2022 11:16,22e2c9a3-b93f-4f7f-896a-ca188c78505b,Gauze,1001,,,,,,,,,,
TOOL_HOVER,603132,3/15/2022 11:16,22e2c9a3-b93f-4f7f-896a-ca188c78505b,Gauze,1001,,,,,,,,,,
TOOL_HOVER,603158,3/15/2022 11:16,22e2c9a3-b93f-4f7f-896a-ca188c78505b,Gauze,1001,,,,,,,,,,
TOOL_HOVER,603184,3/15/2022 11:16,22e2c9a3-b93f-4f7f-896a-ca188c78505b,Gauze,1001,,,,,,,,,,
TOOL_HOVER,603210,3/15/2022 11:16,22e2c9a3-b93f-4f7f-896a-ca188c78505b,Gauze,1001,,,,,,,,,,
TOOL_SELECTED,603211,3/15/2022 11:16,22e2c9a3-b93f-4f7f-896a-ca188c78505b,Gauze,1000,,,,,,,,,,
TOOL_DISCARDED,604318,3/15/2022 11:16,22e2c9a3-b93f-4f7f-896a-ca188c78505b,Gauze,1000,"(2.9, 0.9, -2.3)",,,,,,,,,
INJURY_TREATED,604318,3/15/2022 11:16,22e2c9a3-b93f-4f7f-896a-ca188c78505b,L Forearm Laceration,Gloria_8 Root,gauzePressure,low,leftArm,TRUE,TRUE,"(2.9, 0.9, -2.3)",,,,
TOOL_APPLIED,604319,3/15/2022 11:16,22e2c9a3-b93f-4f7f-896a-ca188c78505b,Gloria_8 Root,Gauze_Dressing,skinCollider_Body_LOD (UnityEngine.GameObject),null,null,AppliedDressingGauze,,,,,,
TAG_SELECTED,605501,3/15/2022 11:16,22e2c9a3-b93f-4f7f-896a-ca188c78505b,yellow,,,,,,,,,,,
TAG_APPLIED,608004,3/15/2022 11:16,22e2c9a3-b93f-4f7f-896a-ca188c78505b,Gloria_8 Root,yellow,,,,,,,,,,
PATIENT_ENGAGED,608917,3/15/2022 11:16,22e2c9a3-b93f-4f7f-896a-ca188c78505b,100,Infinity,Helga_10 Root,"(4.5, 0.0, -0.9)","(0.0, 1.0, 0.0, 0.0)",MINIMAL,walker,normal,normal,normal,calm,standing
BAG_CLOSED,609403,3/15/2022 11:16,22e2c9a3-b93f-4f7f-896a-ca188c78505b,"(3.2, 0.7, -1.2)",,,,,,,,,,,
TELEPORT,609403,3/15/2022 11:16,22e2c9a3-b93f-4f7f-896a-ca188c78505b,"(2.9, 0.0, -0.1)",,,,,,,,,,,
TELEPORT,610068,3/15/2022 11:16,22e2c9a3-b93f-4f7f-896a-ca188c78505b,"(3.1, 0.0, 0.1)",,,,,,,,,,,
TELEPORT,612757,3/15/2022 11:16,22e2c9a3-b93f-4f7f-896a-ca188c78505b,"(3.4, 0.0, 0.0)",,,,,,,,,,,
TELEPORT,618849,3/15/2022 11:16,22e2c9a3-b93f-4f7f-896a-ca188c78505b,"(3.1, 0.0, 0.5)",,,,,,,,,,,
BAG_ACCESS,621013,3/15/2022 11:16,22e2c9a3-b93f-4f7f-896a-ca188c78505b,"(3.4, 0.7, -1.1)",,,,,,,,,,,
TAG_SELECTED,621793,3/15/2022 11:16,22e2c9a3-b93f-4f7f-896a-ca188c78505b,green,,,,,,,,,,,
TAG_APPLIED,622853,3/15/2022 11:16,22e2c9a3-b93f-4f7f-896a-ca188c78505b,Helga_10 Root,green,,,,,,,,,,
PULSE_TAKEN,622874,3/15/2022 11:16,22e2c9a3-b93f-4f7f-896a-ca188c78505b,pulse_normal,Helga_10 Root,,,,,,,,,,
BAG_CLOSED,623601,3/15/2022 11:16,22e2c9a3-b93f-4f7f-896a-ca188c78505b,"(3.4, 0.7, -1.1)",,,,,,,,,,,
TELEPORT,623601,3/15/2022 11:16,22e2c9a3-b93f-4f7f-896a-ca188c78505b,"(3.1, 0.0, 0.3)",,,,,,,,,,,
PATIENT_ENGAGED,625547,3/15/2022 11:16,22e2c9a3-b93f-4f7f-896a-ca188c78505b,100,Infinity,Bob_9 Root,"(5.1, 0.0, -3.6)","(0.0, 0.3, 0.0, -1.0)",MINIMAL,walker,normal,normal,normal,calm,standing
TELEPORT,626476,3/15/2022 11:16,22e2c9a3-b93f-4f7f-896a-ca188c78505b,"(4.0, 0.0, -1.2)",,,,,,,,,,,
TELEPORT,627751,3/15/2022 11:16,22e2c9a3-b93f-4f7f-896a-ca188c78505b,"(4.1, 0.0, -1.4)",,,,,,,,,,,
VOICE_CAPTURE,631134,3/15/2022 11:16,22e2c9a3-b93f-4f7f-896a-ca188c78505b,are you hurt,NA,,,,,,,,,,
VOICE_COMMAND,631134,3/15/2022 11:16,22e2c9a3-b93f-4f7f-896a-ca188c78505b,are you hurt,are you hurt,,,,,,,,,,
BAG_ACCESS,633256,3/15/2022 11:16,22e2c9a3-b93f-4f7f-896a-ca188c78505b,"(4.3, 0.7, -2.9)",,,,,,,,,,,
TAG_SELECTED,634176,3/15/2022 11:16,22e2c9a3-b93f-4f7f-896a-ca188c78505b,gray,,,,,,,,,,,
TAG_APPLIED,635552,3/15/2022 11:16,22e2c9a3-b93f-4f7f-896a-ca188c78505b,Bob_9 Root,gray,,,,,,,,,,
PULSE_TAKEN,635572,3/15/2022 11:16,22e2c9a3-b93f-4f7f-896a-ca188c78505b,pulse_normal,Bob_9 Root,,,,,,,,,,
TAG_SELECTED,637006,3/15/2022 11:16,22e2c9a3-b93f-4f7f-896a-ca188c78505b,gray,,,,,,,,,,,
TAG_APPLIED,639039,3/15/2022 11:16,22e2c9a3-b93f-4f7f-896a-ca188c78505b,Bob_9 Root,gray,,,,,,,,,,
TAG_SELECTED,639664,3/15/2022 11:16,22e2c9a3-b93f-4f7f-896a-ca188c78505b,green,,,,,,,,,,,
TAG_APPLIED,640700,3/15/2022 11:16,22e2c9a3-b93f-4f7f-896a-ca188c78505b,Bob_9 Root,green,,,,,,,,,,
BAG_CLOSED,644535,3/15/2022 11:17,22e2c9a3-b93f-4f7f-896a-ca188c78505b,"(4.3, 0.7, -2.9)",,,,,,,,,,,
TELEPORT,644535,3/15/2022 11:17,22e2c9a3-b93f-4f7f-896a-ca188c78505b,"(4.1, 0.0, -1.5)",,,,,,,,,,,
PATIENT_ENGAGED,646757,3/15/2022 11:17,22e2c9a3-b93f-4f7f-896a-ca188c78505b,100,Infinity,Gloria_8 Root,"(3.2, 0.0, -2.5)","(0.0, 0.0, 0.0, 1.0)",DELAYED,walker,normal,normal,normal,calm,standing
TELEPORT,648836,3/15/2022 11:17,22e2c9a3-b93f-4f7f-896a-ca188c78505b,"(2.6, 0.0, -2.4)",,,,,,,,,,,
TELEPORT,650940,3/15/2022 11:17,22e2c9a3-b93f-4f7f-896a-ca188c78505b,"(1.8, 0.0, -1.5)",,,,,,,,,,,
PATIENT_ENGAGED,657554,3/15/2022 11:17,22e2c9a3-b93f-4f7f-896a-ca188c78505b,100,0,Gary_3 Root,"(0.0, 0.0, 2.0)","(0.0, 0.0, 0.0, 1.0)",IMMEDIATE,still,faint,normal,normal,unresponsive,supine
TELEPORT,657754,3/15/2022 11:17,22e2c9a3-b93f-4f7f-896a-ca188c78505b,"(0.1, 0.0, 2.0)",,,,,,,,,,,
VOICE_CAPTURE,661296,3/15/2022 11:17,22e2c9a3-b93f-4f7f-896a-ca188c78505b,are you hurt,NA,,,,,,,,,,
VOICE_COMMAND,661296,3/15/2022 11:17,22e2c9a3-b93f-4f7f-896a-ca188c78505b,are you hurt,are you hurt,,,,,,,,,,
BAG_ACCESS,675599,3/15/2022 11:17,22e2c9a3-b93f-4f7f-896a-ca188c78505b,"(0.5, 0.7, 0.9)",,,,,,,,,,,
TAG_SELECTED,677442,3/15/2022 11:17,22e2c9a3-b93f-4f7f-896a-ca188c78505b,yellow,,,,,,,,,,,
TAG_APPLIED,680966,3/15/2022 11:17,22e2c9a3-b93f-4f7f-896a-ca188c78505b,Gary_3 Root,yellow,,,,,,,,,,
BAG_CLOSED,682347,3/15/2022 11:17,22e2c9a3-b93f-4f7f-896a-ca188c78505b,"(0.5, 0.7, 0.9)",,,,,,,,,,,
TELEPORT,682347,3/15/2022 11:17,22e2c9a3-b93f-4f7f-896a-ca188c78505b,"(0.2, 0.0, 2.0)",,,,,,,,,,,
TELEPORT,685554,3/15/2022 11:17,22e2c9a3-b93f-4f7f-896a-ca188c78505b,"(1.4, 0.0, 3.1)",,,,,,,,,,,
TELEPORT,686869,3/15/2022 11:17,22e2c9a3-b93f-4f7f-896a-ca188c78505b,"(1.7, 0.0, 3.3)",,,,,,,,,,,
PATIENT_ENGAGED,687338,3/15/2022 11:17,22e2c9a3-b93f-4f7f-896a-ca188c78505b,63.87083,Infinity,Mike_5 Root,"(2.6, 0.0, 2.0)","(0.0, 1.0, 0.0, 0.0)",IMMEDIATE,waver,fast,normal,normal,calm,fetal
TELEPORT,687536,3/15/2022 11:17,22e2c9a3-b93f-4f7f-896a-ca188c78505b,"(1.9, 0.0, 3.7)",,,,,,,,,,,
TELEPORT,687848,3/15/2022 11:17,22e2c9a3-b93f-4f7f-896a-ca188c78505b,"(1.9, 0.0, 3.7)",,,,,,,,,,,
TELEPORT,692948,3/15/2022 11:17,22e2c9a3-b93f-4f7f-896a-ca188c78505b,"(1.9, 0.0, 3.7)",,,,,,,,,,,
TELEPORT,694198,3/15/2022 11:17,22e2c9a3-b93f-4f7f-896a-ca188c78505b,"(2.2, 0.0, 3.9)",,,,,,,,,,,
TELEPORT,695878,3/15/2022 11:17,22e2c9a3-b93f-4f7f-896a-ca188c78505b,"(1.9, 0.0, 4.1)",,,,,,,,,,,
TELEPORT,696623,3/15/2022 11:17,22e2c9a3-b93f-4f7f-896a-ca188c78505b,"(2.0, 0.0, 4.3)",,,,,,,,,,,
TELEPORT,699173,3/15/2022 11:17,22e2c9a3-b93f-4f7f-896a-ca188c78505b,"(1.5, 0.0, 4.4)",,,,,,,,,,,
TELEPORT,700545,3/15/2022 11:17,22e2c9a3-b93f-4f7f-896a-ca188c78505b,"(1.5, 0.0, 4.4)",,,,,,,,,,,
PATIENT_ENGAGED,701416,3/15/2022 11:17,22e2c9a3-b93f-4f7f-896a-ca188c78505b,63.87083,Infinity,Mike_7 Root,"(1.4, 0.0, 4.0)","(0.0, 0.1, 0.0, 1.0)",DELAYED,waver,fast,normal,normal,calm,sittingGround
TELEPORT,701616,3/15/2022 11:17,22e2c9a3-b93f-4f7f-896a-ca188c78505b,"(1.3, 0.0, 4.5)",,,,,,,,,,,
TELEPORT,707497,3/15/2022 11:18,22e2c9a3-b93f-4f7f-896a-ca188c78505b,"(1.5, 0.0, 5.9)",,,,,,,,,,,
TELEPORT,708432,3/15/2022 11:18,22e2c9a3-b93f-4f7f-896a-ca188c78505b,"(1.3, 0.0, 5.8)",,,,,,,,,,,
TELEPORT,710201,3/15/2022 11:18,22e2c9a3-b93f-4f7f-896a-ca188c78505b,"(0.5, 0.0, 6.0)",,,,,,,,,,,
TELEPORT,714402,3/15/2022 11:18,22e2c9a3-b93f-4f7f-896a-ca188c78505b,"(-0.3, 0.0, 6.1)",,,,,,,,,,,
TELEPORT,717564,3/15/2022 11:18,22e2c9a3-b93f-4f7f-896a-ca188c78505b,"(-0.4, 0.0, 7.7)",,,,,,,,,,,
PATIENT_ENGAGED,718500,3/15/2022 11:18,22e2c9a3-b93f-4f7f-896a-ca188c78505b,100,Infinity,Gary_1 Root,"(2.0, 0.0, 7.0)","(0.0, 1.0, 0.0, 0.0)",EXPECTANT,still,none,normal,none,unresponsive,supine
TELEPORT,719526,3/15/2022 11:18,22e2c9a3-b93f-4f7f-896a-ca188c78505b,"(0.2, 0.0, 8.0)",,,,,,,,,,,
TELEPORT,720309,3/15/2022 11:18,22e2c9a3-b93f-4f7f-896a-ca188c78505b,"(0.3, 0.0, 8.1)",,,,,,,,,,,
TELEPORT,721150,3/15/2022 11:18,22e2c9a3-b93f-4f7f-896a-ca188c78505b,"(0.3, 0.0, 8.2)",,,,,,,,,,,
TELEPORT,737233,3/15/2022 11:18,22e2c9a3-b93f-4f7f-896a-ca188c78505b,"(0.6, 0.0, 7.4)",,,,,,,,,,,
TELEPORT,737635,3/15/2022 11:18,22e2c9a3-b93f-4f7f-896a-ca188c78505b,"(0.6, 0.0, 7.4)",,,,,,,,,,,
PULSE_TAKEN,739171,3/15/2022 11:18,22e2c9a3-b93f-4f7f-896a-ca188c78505b,pulse_none,Gary_1 Root,,,,,,,,,,
TELEPORT,743228,3/15/2022 11:18,22e2c9a3-b93f-4f7f-896a-ca188c78505b,"(0.7, 0.0, 7.7)",,,,,,,,,,,
PULSE_TAKEN,744496,3/15/2022 11:18,22e2c9a3-b93f-4f7f-896a-ca188c78505b,pulse_none,Gary_1 Root,,,,,,,,,,
BAG_ACCESS,763827,3/15/2022 11:19,22e2c9a3-b93f-4f7f-896a-ca188c78505b,"(1.4, 0.4, 7.1)",,,,,,,,,,,
PULSE_TAKEN,765390,3/15/2022 11:19,22e2c9a3-b93f-4f7f-896a-ca188c78505b,pulse_none,Gary_1 Root,,,,,,,,,,
TAG_SELECTED,776939,3/15/2022 11:19,22e2c9a3-b93f-4f7f-896a-ca188c78505b,black,,,,,,,,,,,
TAG_APPLIED,778355,3/15/2022 11:19,22e2c9a3-b93f-4f7f-896a-ca188c78505b,Gary_1 Root,black,,,,,,,,,,
SESSION_END,789591,3/15/2022 11:19,22e2c9a3-b93f-4f7f-896a-ca188c78505b,,,,,,,,,,,,
