PATIENT_DEMOTED,253794,3/16/2022 12:00,b541f5c9-93fe-4ef3-9fe7-38493b8aa8a8,100,Infinity,Bob_0 Root,"(-1.0, 0.0, 6.0)","(0.0, 0.7, 0.0, 0.7)",EXPECTANT,still,faint,restricted,none,unresponsive,supine
PATIENT_DEMOTED,254025,3/16/2022 12:00,b541f5c9-93fe-4ef3-9fe7-38493b8aa8a8,100,Infinity,Bob_0 Root,"(-1.0, 0.0, 6.0)","(0.0, 0.7, 0.0, 0.7)",DEAD,still,none,none,none,dead,supine
PATIENT_DEMOTED,254161,3/16/2022 12:00,b541f5c9-93fe-4ef3-9fe7-38493b8aa8a8,100,Infinity,Gary_1 Root,"(2.0, 0.0, 7.0)","(0.0, 1.0, 0.0, 0.0)",EXPECTANT,still,faint,restricted,none,unresponsive,supine
PATIENT_DEMOTED,254954,3/16/2022 12:00,b541f5c9-93fe-4ef3-9fe7-38493b8aa8a8,100,Infinity,Lily_2 Root,"(3.0, 0.0, 4.0)","(0.0, 1.0, 0.0, 0.0)",IMMEDIATE,waver,fast,fast,normal,agony,fetal
PATIENT_DEMOTED,255608,3/16/2022 12:01,b541f5c9-93fe-4ef3-9fe7-38493b8aa8a8,100,0,Gary_3 Root,"(0.0, 0.0, 2.0)","(0.0, 0.0, 0.0, 1.0)",IMMEDIATE,still,faint,collapsedRight,normal,unresponsive,supine
PATIENT_DEMOTED,256189,3/16/2022 12:01,b541f5c9-93fe-4ef3-9fe7-38493b8aa8a8,100,Infinity,Lily_4 Root,"(1.4, 0.0, 6.0)","(0.0, 1.0, 0.0, 0.0)",IMMEDIATE,waver,fast,normal,normal,upset,fetal
PATIENT_DEMOTED,257080,3/16/2022 12:01,b541f5c9-93fe-4ef3-9fe7-38493b8aa8a8,63.87083,Infinity,Mike_5 Root,"(2.6, 0.0, 2.0)","(0.0, 1.0, 0.0, 0.0)",IMMEDIATE,waver,fast,normal,normal,upset,fetal
PATIENT_DEMOTED,257622,3/16/2022 12:01,b541f5c9-93fe-4ef3-9fe7-38493b8aa8a8,100,Infinity,Gloria_6 Root,"(-1.0, 0.0, 3.2)","(0.0, 0.4, 0.0, 0.9)",IMMEDIATE,waver,fast,normal,normal,upset,fetal
PATIENT_DEMOTED,258034,3/16/2022 12:01,b541f5c9-93fe-4ef3-9fe7-38493b8aa8a8,100,Infinity,Gloria_6 Root,"(-1.0, 0.0, 3.2)","(0.0, 0.4, 0.0, 0.9)",DELAYED,waver,fast,normal,normal,upset,fetal
PATIENT_DEMOTED,258334,3/16/2022 12:01,b541f5c9-93fe-4ef3-9fe7-38493b8aa8a8,63.87083,Infinity,Mike_7 Root,"(1.4, 0.0, 4.0)","(0.0, 0.1, 0.0, 1.0)",IMMEDIATE,waver,fast,normal,normal,upset,sittingGround
PATIENT_DEMOTED,258704,3/16/2022 12:01,b541f5c9-93fe-4ef3-9fe7-38493b8aa8a8,63.87083,Infinity,Mike_7 Root,"(1.4, 0.0, 4.0)","(0.0, 0.1, 0.0, 1.0)",DELAYED,waver,fast,normal,normal,upset,sittingGround
PATIENT_DEMOTED,258955,3/16/2022 12:01,b541f5c9-93fe-4ef3-9fe7-38493b8aa8a8,100,Infinity,Gloria_8 Root,"(4.0, 0.0, 6.0)","(0.0, 1.0, 0.0, 0.0)",DELAYED,walker,normal,normal,normal,upset,sittingGround
SESSION_START,262461,3/16/2022 12:01,b541f5c9-93fe-4ef3-9fe7-38493b8aa8a8,,,,,,,,,,,,
PATIENT_RECORD,262462,3/16/2022 12:01,b541f5c9-93fe-4ef3-9fe7-38493b8aa8a8,100,Infinity,Bob_0 Root,"(-1.0, 0.0, 6.0)","(0.0, 0.7, 0.0, 0.7)",DEAD,still,none,none,none,dead,supine
INJURY_RECORD,262462,3/16/2022 12:01,b541f5c9-93fe-4ef3-9fe7-38493b8aa8a8,Face Shrapnel,Bob_0 Root,gauzePressure,high,head,FALSE,FALSE,"(-0.9, 1.8, 5.9)",,,,
INJURY_RECORD,262462,3/16/2022 12:01,b541f5c9-93fe-4ef3-9fe7-38493b8aa8a8,L Wrist Amputation,Bob_0 Root,tourniquet,high,leftArm,FALSE,FALSE,"(-1.1, 1.4, 6.7)",,,,
INJURY_RECORD,262462,3/16/2022 12:01,b541f5c9-93fe-4ef3-9fe7-38493b8aa8a8,L Chest Collapse,Bob_0 Root,decompress,high,chest,FALSE,FALSE,"(0.0, 0.0, 0.0)",,,,
INJURY_RECORD,262462,3/16/2022 12:01,b541f5c9-93fe-4ef3-9fe7-38493b8aa8a8,L Stomach Puncture,Bob_0 Root,woundpack,high,abdomen,FALSE,FALSE,"(-0.9, 1.2, 6.1)",,,,
INJURY_RECORD,262462,3/16/2022 12:01,b541f5c9-93fe-4ef3-9fe7-38493b8aa8a8,R Shin Amputation,Bob_0 Root,tourniquet,high,rightLeg,FALSE,FALSE,"(-1.0, 0.4, 5.9)",,,,
INJURY_RECORD,262462,3/16/2022 12:01,b541f5c9-93fe-4ef3-9fe7-38493b8aa8a8,L Thigh Laceration,Bob_0 Root,gauzePressure,medium,leftLeg,FALSE,FALSE,"(-0.9, 0.7, 6.1)",,,,
PATIENT_RECORD,262462,3/16/2022 12:01,b541f5c9-93fe-4ef3-9fe7-38493b8aa8a8,100,Infinity,Gary_1 Root,"(2.0, 0.0, 7.0)","(0.0, 1.0, 0.0, 0.0)",EXPECTANT,still,none,restricted,none,unresponsive,supine
INJURY_RECORD,262462,3/16/2022 12:01,b541f5c9-93fe-4ef3-9fe7-38493b8aa8a8,Face Shrapnel,Gary_1 Root,gauzePressure,high,head,FALSE,FALSE,"(1.9, 1.7, 6.9)",,,,
PATIENT_RECORD,262462,3/16/2022 12:01,b541f5c9-93fe-4ef3-9fe7-38493b8aa8a8,100,Infinity,Lily_2 Root,"(3.0, 0.0, 4.0)","(0.0, 1.0, 0.0, 0.0)",IMMEDIATE,waver,fast,fast,normal,agony,fetal
INJURY_RECORD,262462,3/16/2022 12:01,b541f5c9-93fe-4ef3-9fe7-38493b8aa8a8,R Shin Amputation,Lily_2 Root,tourniquet,high,rightLeg,FALSE,FALSE,"(2.9, 0.4, 4.0)",,,,
PATIENT_RECORD,262462,3/16/2022 12:01,b541f5c9-93fe-4ef3-9fe7-38493b8aa8a8,100,0,Gary_3 Root,"(0.0, 0.0, 2.0)","(0.0, 0.0, 0.0, 1.0)",IMMEDIATE,still,faint,collapsedRight,normal,unresponsive,supine
INJURY_RECORD,262462,3/16/2022 12:01,b541f5c9-93fe-4ef3-9fe7-38493b8aa8a8,R Chest Collapse,Gary_3 Root,decompress,high,chest,FALSE,FALSE,"(0.0, 0.0, 0.0)",,,,
PATIENT_RECORD,262462,3/16/2022 12:01,b541f5c9-93fe-4ef3-9fe7-38493b8aa8a8,100,Infinity,Lily_4 Root,"(1.4, 0.0, 6.0)","(0.0, 1.0, 0.0, 0.0)",IMMEDIATE,waver,fast,normal,normal,upset,fetal
INJURY_RECORD,262462,3/16/2022 12:01,b541f5c9-93fe-4ef3-9fe7-38493b8aa8a8,L Side Puncture,Lily_4 Root,woundpack,medium,abdomen,FALSE,FALSE,"(1.5, 1.0, 5.9)",,,,
PATIENT_RECORD,262462,3/16/2022 12:01,b541f5c9-93fe-4ef3-9fe7-38493b8aa8a8,63.87083,Infinity,Mike_5 Root,"(2.6, 0.0, 2.0)","(0.0, 1.0, 0.0, 0.0)",IMMEDIATE,waver,fast,normal,normal,upset,fetal
INJURY_RECORD,262462,3/16/2022 12:01,b541f5c9-93fe-4ef3-9fe7-38493b8aa8a8,R Side Puncture,Mike_5 Root,woundpack,medium,abdomen,FALSE,FALSE,"(2.5, 1.2, 1.9)",,,,
INJURY_RECORD,262462,3/16/2022 12:01,b541f5c9-93fe-4ef3-9fe7-38493b8aa8a8,R Thigh Laceration,Mike_5 Root,gauzePressure,medium,rightLeg,FALSE,FALSE,"(2.4, 0.7, 2.0)",,,,
PATIENT_RECORD,262462,3/16/2022 12:01,b541f5c9-93fe-4ef3-9fe7-38493b8aa8a8,100,Infinity,Gloria_6 Root,"(-1.0, 0.0, 3.2)","(0.0, 0.4, 0.0, 0.9)",DELAYED,waver,fast,normal,normal,upset,fetal
INJURY_RECORD,262462,3/16/2022 12:01,b541f5c9-93fe-4ef3-9fe7-38493b8aa8a8,R Calf Shrapnel,Gloria_6 Root,tourniquet,medium,rightLeg,FALSE,FALSE,"(-0.9, 0.3, 3.1)",,,,
PATIENT_RECORD,262462,3/16/2022 12:01,b541f5c9-93fe-4ef3-9fe7-38493b8aa8a8,63.87083,Infinity,Mike_7 Root,"(1.4, 0.0, 4.0)","(0.0, 0.1, 0.0, 1.0)",DELAYED,waver,fast,normal,normal,upset,sittingGround
INJURY_RECORD,262462,3/16/2022 12:01,b541f5c9-93fe-4ef3-9fe7-38493b8aa8a8,L Thigh Puncture,Mike_7 Root,tourniquet,medium,leftLeg,FALSE,FALSE,"(1.4, 0.7, 4.1)",,,,
INJURY_RECORD,262462,3/16/2022 12:01,b541f5c9-93fe-4ef3-9fe7-38493b8aa8a8,R Calf Laceration,Mike_7 Root,gauzePressure,low,rightLeg,FALSE,FALSE,"(1.5, 0.4, 3.9)",,,,
PATIENT_RECORD,262462,3/16/2022 12:01,b541f5c9-93fe-4ef3-9fe7-38493b8aa8a8,100,Infinity,Gloria_8 Root,"(4.0, 0.0, 6.0)","(0.0, 1.0, 0.0, 0.0)",DELAYED,walker,normal,normal,normal,upset,sittingGround
INJURY_RECORD,262462,3/16/2022 12:01,b541f5c9-93fe-4ef3-9fe7-38493b8aa8a8,L Forearm Laceration,Gloria_8 Root,gauzePressure,low,leftArm,FALSE,FALSE,"(4.6, 1.3, 5.9)",,,,
PATIENT_RECORD,262462,3/16/2022 12:01,b541f5c9-93fe-4ef3-9fe7-38493b8aa8a8,100,Infinity,Bob_9 Root,"(2.6, 0.0, 8.0)","(0.0, 1.0, 0.0, 0.0)",MINIMAL,walker,normal,normal,normal,calm,standing
INJURY_RECORD,262462,3/16/2022 12:01,b541f5c9-93fe-4ef3-9fe7-38493b8aa8a8,Ear Bleed,Bob_9 Root,none,low,head,FALSE,FALSE,"(0.0, 0.0, 0.0)",,,,
PATIENT_RECORD,262462,3/16/2022 12:01,b541f5c9-93fe-4ef3-9fe7-38493b8aa8a8,100,Infinity,Helga_10 Root,"(3.9, 0.0, 8.0)","(0.0, 1.0, 0.0, 0.0)",MINIMAL,walker,normal,normal,normal,calm,sittingGround
INJURY_RECORD,262462,3/16/2022 12:01,b541f5c9-93fe-4ef3-9fe7-38493b8aa8a8,Forehead Scrape,Helga_10 Root,gauzePressure,low,head,FALSE,FALSE,"(4.0, 1.5, 7.9)",,,,
TELEPORT,263853,3/16/2022 12:01,b541f5c9-93fe-4ef3-9fe7-38493b8aa8a8,"(4.2, 0.0, -4.9)",,,,,,,,,,,
VOICE_CAPTURE,270873,3/16/2022 12:01,b541f5c9-93fe-4ef3-9fe7-38493b8aa8a8,i can hear me please walk to the safe zone,NA,,,,,,,,,,
VOICE_COMMAND,270873,3/16/2022 12:01,b541f5c9-93fe-4ef3-9fe7-38493b8aa8a8,walk to the safe area,i can hear me please walk to the safe zone,,,,,,,,,,
S_A_L_T_WALK_IF_CAN,270874,3/16/2022 12:01,b541f5c9-93fe-4ef3-9fe7-38493b8aa8a8,"(-1.0, 0.0, 6.0)",walkIfCan,Bob_0 Root,,,,,,,,,
S_A_L_T_WALK_IF_CAN,270874,3/16/2022 12:01,b541f5c9-93fe-4ef3-9fe7-38493b8aa8a8,"(2.0, 0.0, 7.0)",walkIfCan,Gary_1 Root,,,,,,,,,
S_A_L_T_WALK_IF_CAN,270874,3/16/2022 12:01,b541f5c9-93fe-4ef3-9fe7-38493b8aa8a8,"(3.0, 0.0, 4.0)",walkIfCan,Lily_2 Root,,,,,,,,,
S_A_L_T_WALK_IF_CAN,270874,3/16/2022 12:01,b541f5c9-93fe-4ef3-9fe7-38493b8aa8a8,"(0.0, 0.0, 2.0)",walkIfCan,Gary_3 Root,,,,,,,,,
S_A_L_T_WALK_IF_CAN,270875,3/16/2022 12:01,b541f5c9-93fe-4ef3-9fe7-38493b8aa8a8,"(1.4, 0.0, 6.0)",walkIfCan,Lily_4 Root,,,,,,,,,
S_A_L_T_WALK_IF_CAN,270875,3/16/2022 12:01,b541f5c9-93fe-4ef3-9fe7-38493b8aa8a8,"(2.6, 0.0, 2.0)",walkIfCan,Mike_5 Root,,,,,,,,,
S_A_L_T_WALK_IF_CAN,270875,3/16/2022 12:01,b541f5c9-93fe-4ef3-9fe7-38493b8aa8a8,"(-1.0, 0.0, 3.2)",walkIfCan,Gloria_6 Root,,,,,,,,,
S_A_L_T_WALK_IF_CAN,270875,3/16/2022 12:01,b541f5c9-93fe-4ef3-9fe7-38493b8aa8a8,"(1.4, 0.0, 4.0)",walkIfCan,Mike_7 Root,,,,,,,,,
S_A_L_T_WALK_IF_CAN,270875,3/16/2022 12:01,b541f5c9-93fe-4ef3-9fe7-38493b8aa8a8,"(4.0, 0.0, 6.0)",walkIfCan,Gloria_8 Root,,,,,,,,,
S_A_L_T_WALKED,270875,3/16/2022 12:01,b541f5c9-93fe-4ef3-9fe7-38493b8aa8a8,"(4.0, 0.0, 6.0)",walked,Gloria_8 Root,,,,,,,,,
S_A_L_T_WALK_IF_CAN,270875,3/16/2022 12:01,b541f5c9-93fe-4ef3-9fe7-38493b8aa8a8,"(2.6, 0.0, 8.0)",walkIfCan,Bob_9 Root,,,,,,,,,
S_A_L_T_WALKED,270875,3/16/2022 12:01,b541f5c9-93fe-4ef3-9fe7-38493b8aa8a8,"(2.6, 0.0, 8.0)",walked,Bob_9 Root,,,,,,,,,
S_A_L_T_WALK_IF_CAN,270875,3/16/2022 12:01,b541f5c9-93fe-4ef3-9fe7-38493b8aa8a8,"(3.9, 0.0, 8.0)",walkIfCan,Helga_10 Root,,,,,,,,,
S_A_L_T_WALKED,270875,3/16/2022 12:01,b541f5c9-93fe-4ef3-9fe7-38493b8aa8a8,"(3.9, 0.0, 8.0)",walked,Helga_10 Root,,,,,,,,,
VOICE_CAPTURE,273825,3/16/2022 12:01,b541f5c9-93fe-4ef3-9fe7-38493b8aa8a8,uhm,NA,,,,,,,,,,
VOICE_CAPTURE,278422,3/16/2022 12:01,b541f5c9-93fe-4ef3-9fe7-38493b8aa8a8,if you're able to please wave,NA,,,,,,,,,,
VOICE_COMMAND,278422,3/16/2022 12:01,b541f5c9-93fe-4ef3-9fe7-38493b8aa8a8,wave if you can,if you're able to please wave,,,,,,,,,,
S_A_L_T_WAVE_IF_CAN,278424,3/16/2022 12:01,b541f5c9-93fe-4ef3-9fe7-38493b8aa8a8,"(-1.0, 0.0, 6.0)",waveIfCan,Bob_0 Root,,,,,,,,,
S_A_L_T_WAVE_IF_CAN,278424,3/16/2022 12:01,b541f5c9-93fe-4ef3-9fe7-38493b8aa8a8,"(2.0, 0.0, 7.0)",waveIfCan,Gary_1 Root,,,,,,,,,
S_A_L_T_WAVE_IF_CAN,278424,3/16/2022 12:01,b541f5c9-93fe-4ef3-9fe7-38493b8aa8a8,"(3.0, 0.0, 4.0)",waveIfCan,Lily_2 Root,,,,,,,,,
S_A_L_T_WAVED,278424,3/16/2022 12:01,b541f5c9-93fe-4ef3-9fe7-38493b8aa8a8,"(3.0, 0.0, 4.0)",waved,Lily_2 Root,,,,,,,,,
S_A_L_T_WAVE_IF_CAN,278424,3/16/2022 12:01,b541f5c9-93fe-4ef3-9fe7-38493b8aa8a8,"(0.0, 0.0, 2.0)",waveIfCan,Gary_3 Root,,,,,,,,,
S_A_L_T_WAVE_IF_CAN,278424,3/16/2022 12:01,b541f5c9-93fe-4ef3-9fe7-38493b8aa8a8,"(1.4, 0.0, 6.0)",waveIfCan,Lily_4 Root,,,,,,,,,
S_A_L_T_WAVED,278424,3/16/2022 12:01,b541f5c9-93fe-4ef3-9fe7-38493b8aa8a8,"(1.4, 0.0, 6.0)",waved,Lily_4 Root,,,,,,,,,
S_A_L_T_WAVE_IF_CAN,278424,3/16/2022 12:01,b541f5c9-93fe-4ef3-9fe7-38493b8aa8a8,"(2.6, 0.0, 2.0)",waveIfCan,Mike_5 Root,,,,,,,,,
S_A_L_T_WAVED,278424,3/16/2022 12:01,b541f5c9-93fe-4ef3-9fe7-38493b8aa8a8,"(2.6, 0.0, 2.0)",waved,Mike_5 Root,,,,,,,,,
S_A_L_T_WAVE_IF_CAN,278424,3/16/2022 12:01,b541f5c9-93fe-4ef3-9fe7-38493b8aa8a8,"(-1.0, 0.0, 3.2)",waveIfCan,Gloria_6 Root,,,,,,,,,
S_A_L_T_WAVED,278424,3/16/2022 12:01,b541f5c9-93fe-4ef3-9fe7-38493b8aa8a8,"(-1.0, 0.0, 3.2)",waved,Gloria_6 Root,,,,,,,,,
S_A_L_T_WAVE_IF_CAN,278424,3/16/2022 12:01,b541f5c9-93fe-4ef3-9fe7-38493b8aa8a8,"(1.4, 0.0, 4.0)",waveIfCan,Mike_7 Root,,,,,,,,,
S_A_L_T_WAVED,278424,3/16/2022 12:01,b541f5c9-93fe-4ef3-9fe7-38493b8aa8a8,"(1.4, 0.0, 4.0)",waved,Mike_7 Root,,,,,,,,,
S_A_L_T_WAVE_IF_CAN,278424,3/16/2022 12:01,b541f5c9-93fe-4ef3-9fe7-38493b8aa8a8,"(4.2, 0.0, 0.2)",waveIfCan,Gloria_8 Root,,,,,,,,,
S_A_L_T_WAVE_IF_CAN,278424,3/16/2022 12:01,b541f5c9-93fe-4ef3-9fe7-38493b8aa8a8,"(2.3, 0.0, 0.1)",waveIfCan,Bob_9 Root,,,,,,,,,
S_A_L_T_WAVE_IF_CAN,278424,3/16/2022 12:01,b541f5c9-93fe-4ef3-9fe7-38493b8aa8a8,"(2.2, 0.0, 2.6)",waveIfCan,Helga_10 Root,,,,,,,,,
S_A_L_T_WALK_IF_CAN,278451,3/16/2022 12:01,b541f5c9-93fe-4ef3-9fe7-38493b8aa8a8,"(4.2, 0.0, 0.2)",walkIfCan,Gloria_8 Root,,,,,,,,,
S_A_L_T_WALKED,278452,3/16/2022 12:01,b541f5c9-93fe-4ef3-9fe7-38493b8aa8a8,"(4.2, 0.0, 0.2)",walked,Gloria_8 Root,,,,,,,,,
S_A_L_T_WALK_IF_CAN,278452,3/16/2022 12:01,b541f5c9-93fe-4ef3-9fe7-38493b8aa8a8,"(2.3, 0.0, 0.0)",walkIfCan,Bob_9 Root,,,,,,,,,
S_A_L_T_WALKED,278452,3/16/2022 12:01,b541f5c9-93fe-4ef3-9fe7-38493b8aa8a8,"(2.3, 0.0, 0.0)",walked,Bob_9 Root,,,,,,,,,
S_A_L_T_WALK_IF_CAN,278452,3/16/2022 12:01,b541f5c9-93fe-4ef3-9fe7-38493b8aa8a8,"(2.2, 0.0, 2.6)",walkIfCan,Helga_10 Root,,,,,,,,,
S_A_L_T_WALKED,278452,3/16/2022 12:01,b541f5c9-93fe-4ef3-9fe7-38493b8aa8a8,"(2.2, 0.0, 2.6)",walked,Helga_10 Root,,,,,,,,,
PULSE_TAKEN,279785,3/16/2022 12:01,b541f5c9-93fe-4ef3-9fe7-38493b8aa8a8,pulse_normal,Bob_9 Root,,,,,,,,,,
VOICE_CAPTURE,281234,3/16/2022 12:01,b541f5c9-93fe-4ef3-9fe7-38493b8aa8a8,if you're injured,NA,,,,,,,,,,
VOICE_COMMAND,281234,3/16/2022 12:01,b541f5c9-93fe-4ef3-9fe7-38493b8aa8a8,are you hurt,if you're injured,,,,,,,,,,
VOICE_COMMAND,281234,3/16/2022 12:01,b541f5c9-93fe-4ef3-9fe7-38493b8aa8a8,are you hurt,if you're injured,,,,,,,,,,
TELEPORT,285745,3/16/2022 12:01,b541f5c9-93fe-4ef3-9fe7-38493b8aa8a8,"(2.5, 0.0, -1.0)",,,,,,,,,,,
VOICE_CAPTURE,286135,3/16/2022 12:01,b541f5c9-93fe-4ef3-9fe7-38493b8aa8a8,sweet,NA,,,,,,,,,,
TELEPORT,288948,3/16/2022 12:01,b541f5c9-93fe-4ef3-9fe7-38493b8aa8a8,"(1.2, 0.0, 1.7)",,,,,,,,,,,
TELEPORT,289448,3/16/2022 12:01,b541f5c9-93fe-4ef3-9fe7-38493b8aa8a8,"(1.1, 0.0, 1.8)",,,,,,,,,,,
PATIENT_ENGAGED,289588,3/16/2022 12:01,b541f5c9-93fe-4ef3-9fe7-38493b8aa8a8,100,0,Gary_3 Root,"(0.0, 0.0, 2.0)","(0.0, 0.0, 0.0, 1.0)",IMMEDIATE,still,faint,collapsedRight,normal,unresponsive,supine
PULSE_TAKEN,292733,3/16/2022 12:01,b541f5c9-93fe-4ef3-9fe7-38493b8aa8a8,pulse_faint,Gary_3 Root,,,,,,,,,,
VOICE_CAPTURE,294759,3/16/2022 12:01,b541f5c9-93fe-4ef3-9fe7-38493b8aa8a8,yeah,NA,,,,,,,,,,
PULSE_TAKEN,295211,3/16/2022 12:01,b541f5c9-93fe-4ef3-9fe7-38493b8aa8a8,pulse_faint,Gary_3 Root,,,,,,,,,,
VOICE_CAPTURE,298134,3/16/2022 12:01,b541f5c9-93fe-4ef3-9fe7-38493b8aa8a8,hey sir are you able to hear me,NA,,,,,,,,,,
PULSE_TAKEN,306769,3/16/2022 12:01,b541f5c9-93fe-4ef3-9fe7-38493b8aa8a8,pulse_faint,Gary_3 Root,,,,,,,,,,
PULSE_TAKEN,309146,3/16/2022 12:01,b541f5c9-93fe-4ef3-9fe7-38493b8aa8a8,pulse_faint,Gary_3 Root,,,,,,,,,,
VOICE_CAPTURE,309720,3/16/2022 12:01,b541f5c9-93fe-4ef3-9fe7-38493b8aa8a8,hey,NA,,,,,,,,,,
PULSE_TAKEN,310307,3/16/2022 12:01,b541f5c9-93fe-4ef3-9fe7-38493b8aa8a8,pulse_faint,Gary_3 Root,,,,,,,,,,
PULSE_TAKEN,310418,3/16/2022 12:01,b541f5c9-93fe-4ef3-9fe7-38493b8aa8a8,pulse_faint,Gary_3 Root,,,,,,,,,,
BAG_ACCESS,316095,3/16/2022 12:02,b541f5c9-93fe-4ef3-9fe7-38493b8aa8a8,"(0.9, 0.4, 1.8)",,,,,,,,,,,
VOICE_CAPTURE,316400,3/16/2022 12:02,b541f5c9-93fe-4ef3-9fe7-38493b8aa8a8,man,NA,,,,,,,,,,
TOOL_HOVER,331864,3/16/2022 12:02,b541f5c9-93fe-4ef3-9fe7-38493b8aa8a8,Needle,999,,,,,,,,,,
TOOL_HOVER,331894,3/16/2022 12:02,b541f5c9-93fe-4ef3-9fe7-38493b8aa8a8,Needle,999,,,,,,,,,,
TOOL_HOVER,331916,3/16/2022 12:02,b541f5c9-93fe-4ef3-9fe7-38493b8aa8a8,Needle,999,,,,,,,,,,
TOOL_HOVER,331945,3/16/2022 12:02,b541f5c9-93fe-4ef3-9fe7-38493b8aa8a8,Needle,999,,,,,,,,,,
TOOL_HOVER,331979,3/16/2022 12:02,b541f5c9-93fe-4ef3-9fe7-38493b8aa8a8,Needle,999,,,,,,,,,,
TOOL_HOVER,332007,3/16/2022 12:02,b541f5c9-93fe-4ef3-9fe7-38493b8aa8a8,Needle,999,,,,,,,,,,
TOOL_HOVER,332029,3/16/2022 12:02,b541f5c9-93fe-4ef3-9fe7-38493b8aa8a8,Needle,999,,,,,,,,,,
TOOL_HOVER,332056,3/16/2022 12:02,b541f5c9-93fe-4ef3-9fe7-38493b8aa8a8,Needle,999,,,,,,,,,,
TOOL_HOVER,332083,3/16/2022 12:02,b541f5c9-93fe-4ef3-9fe7-38493b8aa8a8,Needle,999,,,,,,,,,,
TOOL_HOVER,332112,3/16/2022 12:02,b541f5c9-93fe-4ef3-9fe7-38493b8aa8a8,Needle,999,,,,,,,,,,
TOOL_HOVER,332140,3/16/2022 12:02,b541f5c9-93fe-4ef3-9fe7-38493b8aa8a8,Needle,999,,,,,,,,,,
TOOL_HOVER,332167,3/16/2022 12:02,b541f5c9-93fe-4ef3-9fe7-38493b8aa8a8,Needle,999,,,,,,,,,,
TOOL_HOVER,332195,3/16/2022 12:02,b541f5c9-93fe-4ef3-9fe7-38493b8aa8a8,Needle,999,,,,,,,,,,
TOOL_HOVER,332223,3/16/2022 12:02,b541f5c9-93fe-4ef3-9fe7-38493b8aa8a8,Needle,999,,,,,,,,,,
TOOL_HOVER,332251,3/16/2022 12:02,b541f5c9-93fe-4ef3-9fe7-38493b8aa8a8,Needle,999,,,,,,,,,,
TOOL_HOVER,332278,3/16/2022 12:02,b541f5c9-93fe-4ef3-9fe7-38493b8aa8a8,Needle,999,,,,,,,,,,
TOOL_HOVER,332306,3/16/2022 12:02,b541f5c9-93fe-4ef3-9fe7-38493b8aa8a8,Needle,999,,,,,,,,,,
TOOL_SELECTED,332308,3/16/2022 12:02,b541f5c9-93fe-4ef3-9fe7-38493b8aa8a8,Needle,998,,,,,,,,,,
VOICE_CAPTURE,335090,3/16/2022 12:02,b541f5c9-93fe-4ef3-9fe7-38493b8aa8a8,i'm leaving,NA,,,,,,,,,,
INJURY_TREATED,335901,3/16/2022 12:02,b541f5c9-93fe-4ef3-9fe7-38493b8aa8a8,R Chest Collapse,Gary_3 Root,decompress,high,chest,TRUE,FALSE,"(0.0, 0.0, 0.0)",,,,
TOOL_APPLIED,335901,3/16/2022 12:02,b541f5c9-93fe-4ef3-9fe7-38493b8aa8a8,Needle_Decomp(Clone),Needle,RChest_Breathe1 (UnityEngine.GameObject),cath_needle (UnityEngine.GameObject),right_chest,Needle_Decomp(Clone) (UnityEngine.GameObject),AppliedDecompNeedle,,,,,
TAG_SELECTED,339049,3/16/2022 12:02,b541f5c9-93fe-4ef3-9fe7-38493b8aa8a8,red,,,,,,,,,,,
TAG_APPLIED,339993,3/16/2022 12:02,b541f5c9-93fe-4ef3-9fe7-38493b8aa8a8,Gary_3 Root,red,,,,,,,,,,
TAG_SELECTED,341414,3/16/2022 12:02,b541f5c9-93fe-4ef3-9fe7-38493b8aa8a8,gray,,,,,,,,,,,
TAG_APPLIED,341696,3/16/2022 12:02,b541f5c9-93fe-4ef3-9fe7-38493b8aa8a8,Gary_3 Root,gray,,,,,,,,,,
BAG_CLOSED,343417,3/16/2022 12:02,b541f5c9-93fe-4ef3-9fe7-38493b8aa8a8,"(0.9, 0.4, 1.8)",,,,,,,,,,,
TELEPORT,346286,3/16/2022 12:02,b541f5c9-93fe-4ef3-9fe7-38493b8aa8a8,"(0.7, 0.0, 2.0)",,,,,,,,,,,
PATIENT_ENGAGED,350627,3/16/2022 12:02,b541f5c9-93fe-4ef3-9fe7-38493b8aa8a8,100,Infinity,Bob_0 Root,"(-1.0, 0.0, 6.0)","(0.0, 0.7, 0.0, 0.7)",DEAD,still,none,none,none,dead,supine
BAG_ACCESS,353442,3/16/2022 12:02,b541f5c9-93fe-4ef3-9fe7-38493b8aa8a8,"(-0.5, 0.4, 5.1)",,,,,,,,,,,
TAG_SELECTED,354612,3/16/2022 12:02,b541f5c9-93fe-4ef3-9fe7-38493b8aa8a8,black,,,,,,,,,,,
TAG_APPLIED,356171,3/16/2022 12:02,b541f5c9-93fe-4ef3-9fe7-38493b8aa8a8,Bob_0 Root,black,,,,,,,,,,
BAG_CLOSED,358400,3/16/2022 12:02,b541f5c9-93fe-4ef3-9fe7-38493b8aa8a8,"(-0.5, 0.4, 5.1)",,,,,,,,,,,
TELEPORT,358400,3/16/2022 12:02,b541f5c9-93fe-4ef3-9fe7-38493b8aa8a8,"(-0.7, 0.0, 5.3)",,,,,,,,,,,
PATIENT_ENGAGED,366253,3/16/2022 12:02,b541f5c9-93fe-4ef3-9fe7-38493b8aa8a8,100,Infinity,Gary_1 Root,"(2.0, 0.0, 7.0)","(0.0, 1.0, 0.0, 0.0)",EXPECTANT,still,none,restricted,none,unresponsive,supine
TELEPORT,367313,3/16/2022 12:02,b541f5c9-93fe-4ef3-9fe7-38493b8aa8a8,"(0.9, 0.0, 8.5)",,,,,,,,,,,
TELEPORT,367646,3/16/2022 12:02,b541f5c9-93fe-4ef3-9fe7-38493b8aa8a8,"(0.9, 0.0, 8.5)",,,,,,,,,,,
VOICE_CAPTURE,368758,3/16/2022 12:02,b541f5c9-93fe-4ef3-9fe7-38493b8aa8a8,hey sir can you tell me your name,NA,,,,,,,,,,
VOICE_COMMAND,368758,3/16/2022 12:02,b541f5c9-93fe-4ef3-9fe7-38493b8aa8a8,what is your name,hey sir can you tell me your name,,,,,,,,,,
BAG_ACCESS,374330,3/16/2022 12:02,b541f5c9-93fe-4ef3-9fe7-38493b8aa8a8,"(1.6, 0.4, 8.1)",,,,,,,,,,,
TAG_SELECTED,376474,3/16/2022 12:03,b541f5c9-93fe-4ef3-9fe7-38493b8aa8a8,gray,,,,,,,,,,,
TAG_APPLIED,377813,3/16/2022 12:03,b541f5c9-93fe-4ef3-9fe7-38493b8aa8a8,Gary_1 Root,gray,,,,,,,,,,
BAG_CLOSED,381597,3/16/2022 12:03,b541f5c9-93fe-4ef3-9fe7-38493b8aa8a8,"(1.6, 0.4, 8.1)",,,,,,,,,,,
TELEPORT,381598,3/16/2022 12:03,b541f5c9-93fe-4ef3-9fe7-38493b8aa8a8,"(1.1, 0.0, 8.3)",,,,,,,,,,,
TELEPORT,388033,3/16/2022 12:03,b541f5c9-93fe-4ef3-9fe7-38493b8aa8a8,"(1.3, 0.0, 7.8)",,,,,,,,,,,
PATIENT_ENGAGED,393071,3/16/2022 12:03,b541f5c9-93fe-4ef3-9fe7-38493b8aa8a8,100,Infinity,Gloria_6 Root,"(-1.0, 0.0, 3.2)","(0.0, 0.4, 0.0, 0.9)",DELAYED,waver,fast,normal,normal,calm,fetal
TELEPORT,394212,3/16/2022 12:03,b541f5c9-93fe-4ef3-9fe7-38493b8aa8a8,"(-1.5, 0.0, 4.6)",,,,,,,,,,,
TELEPORT,394937,3/16/2022 12:03,b541f5c9-93fe-4ef3-9fe7-38493b8aa8a8,"(-1.6, 0.0, 4.3)",,,,,,,,,,,
TELEPORT,396635,3/16/2022 12:03,b541f5c9-93fe-4ef3-9fe7-38493b8aa8a8,"(-1.5, 0.0, 4.1)",,,,,,,,,,,
VOICE_CAPTURE,400949,3/16/2022 12:03,b541f5c9-93fe-4ef3-9fe7-38493b8aa8a8,hi ma'am,NA,,,,,,,,,,
BAG_ACCESS,401368,3/16/2022 12:03,b541f5c9-93fe-4ef3-9fe7-38493b8aa8a8,"(-0.9, 0.4, 3.8)",,,,,,,,,,,
TOOL_HOVER,402260,3/16/2022 12:03,b541f5c9-93fe-4ef3-9fe7-38493b8aa8a8,Gauze,999,,,,,,,,,,
TOOL_HOVER,402288,3/16/2022 12:03,b541f5c9-93fe-4ef3-9fe7-38493b8aa8a8,Gauze,999,,,,,,,,,,
TOOL_HOVER,402316,3/16/2022 12:03,b541f5c9-93fe-4ef3-9fe7-38493b8aa8a8,Gauze,999,,,,,,,,,,
TOOL_HOVER,402344,3/16/2022 12:03,b541f5c9-93fe-4ef3-9fe7-38493b8aa8a8,Tourniquet,996,,,,,,,,,,
TOOL_HOVER,402371,3/16/2022 12:03,b541f5c9-93fe-4ef3-9fe7-38493b8aa8a8,Tourniquet,996,,,,,,,,,,
TOOL_HOVER,402399,3/16/2022 12:03,b541f5c9-93fe-4ef3-9fe7-38493b8aa8a8,Tourniquet,996,,,,,,,,,,
TOOL_HOVER,402428,3/16/2022 12:03,b541f5c9-93fe-4ef3-9fe7-38493b8aa8a8,Tourniquet,996,,,,,,,,,,
TOOL_HOVER,402454,3/16/2022 12:03,b541f5c9-93fe-4ef3-9fe7-38493b8aa8a8,Tourniquet,996,,,,,,,,,,
TOOL_HOVER,402485,3/16/2022 12:03,b541f5c9-93fe-4ef3-9fe7-38493b8aa8a8,Tourniquet,996,,,,,,,,,,
TOOL_HOVER,402513,3/16/2022 12:03,b541f5c9-93fe-4ef3-9fe7-38493b8aa8a8,Tourniquet,996,,,,,,,,,,
TOOL_HOVER,402538,3/16/2022 12:03,b541f5c9-93fe-4ef3-9fe7-38493b8aa8a8,Tourniquet,996,,,,,,,,,,
TOOL_SELECTED,402539,3/16/2022 12:03,b541f5c9-93fe-4ef3-9fe7-38493b8aa8a8,Tourniquet,995,,,,,,,,,,
VOICE_CAPTURE,403350,3/16/2022 12:03,b541f5c9-93fe-4ef3-9fe7-38493b8aa8a8,are you hurt,NA,,,,,,,,,,
VOICE_COMMAND,403350,3/16/2022 12:03,b541f5c9-93fe-4ef3-9fe7-38493b8aa8a8,are you hurt,are you hurt,,,,,,,,,,
TOOL_APPLIED,406354,3/16/2022 12:03,b541f5c9-93fe-4ef3-9fe7-38493b8aa8a8,Gloria_6 Root,Tourniquet,RightUpLeg (UnityEngine.GameObject),tor_ring (1) (UnityEngine.GameObject),tourniquet(Clone) (UnityEngine.GameObject),AppliedTourniquet,,,,,,
PULSE_TAKEN,413901,3/16/2022 12:03,b541f5c9-93fe-4ef3-9fe7-38493b8aa8a8,pulse_fast,Gloria_6 Root,,,,,,,,,,
TAG_SELECTED,424067,3/16/2022 12:03,b541f5c9-93fe-4ef3-9fe7-38493b8aa8a8,yellow,,,,,,,,,,,
TAG_APPLIED,425597,3/16/2022 12:03,b541f5c9-93fe-4ef3-9fe7-38493b8aa8a8,Gloria_6 Root,yellow,,,,,,,,,,
PATIENT_ENGAGED,427994,3/16/2022 12:03,b541f5c9-93fe-4ef3-9fe7-38493b8aa8a8,100,0,Gary_3 Root,"(0.0, 0.0, 2.0)","(0.0, 0.0, 0.0, 1.0)",IMMEDIATE,still,faint,normal,normal,unresponsive,supine
BAG_CLOSED,428189,3/16/2022 12:03,b541f5c9-93fe-4ef3-9fe7-38493b8aa8a8,"(-0.9, 0.4, 3.8)",,,,,,,,,,,
TELEPORT,430721,3/16/2022 12:03,b541f5c9-93fe-4ef3-9fe7-38493b8aa8a8,"(-1.7, 0.0, 4.1)",,,,,,,,,,,
PATIENT_ENGAGED,436344,3/16/2022 12:04,b541f5c9-93fe-4ef3-9fe7-38493b8aa8a8,100,Infinity,Lily_2 Root,"(3.0, 0.0, 4.0)","(0.0, 1.0, 0.0, 0.0)",IMMEDIATE,waver,fast,fast,normal,calm,fetal
TELEPORT,437069,3/16/2022 12:04,b541f5c9-93fe-4ef3-9fe7-38493b8aa8a8,"(1.6, 0.0, 5.0)",,,,,,,,,,,
BAG_ACCESS,439662,3/16/2022 12:04,b541f5c9-93fe-4ef3-9fe7-38493b8aa8a8,"(2.9, 0.4, 4.7)",,,,,,,,,,,
TOOL_HOVER,440357,3/16/2022 12:04,b541f5c9-93fe-4ef3-9fe7-38493b8aa8a8,Gauze,999,,,,,,,,,,
TOOL_HOVER,440385,3/16/2022 12:04,b541f5c9-93fe-4ef3-9fe7-38493b8aa8a8,Gauze,999,,,,,,,,,,
TOOL_HOVER,440412,3/16/2022 12:04,b541f5c9-93fe-4ef3-9fe7-38493b8aa8a8,Gauze,999,,,,,,,,,,
TOOL_HOVER,440441,3/16/2022 12:04,b541f5c9-93fe-4ef3-9fe7-38493b8aa8a8,Tourniquet,995,,,,,,,,,,
TOOL_HOVER,440468,3/16/2022 12:04,b541f5c9-93fe-4ef3-9fe7-38493b8aa8a8,Tourniquet,995,,,,,,,,,,
TOOL_HOVER,440496,3/16/2022 12:04,b541f5c9-93fe-4ef3-9fe7-38493b8aa8a8,Tourniquet,995,,,,,,,,,,
TOOL_HOVER,440524,3/16/2022 12:04,b541f5c9-93fe-4ef3-9fe7-38493b8aa8a8,Tourniquet,995,,,,,,,,,,
TOOL_HOVER,440553,3/16/2022 12:04,b541f5c9-93fe-4ef3-9fe7-38493b8aa8a8,Tourniquet,995,,,,,,,,,,
TOOL_HOVER,440579,3/16/2022 12:04,b541f5c9-93fe-4ef3-9fe7-38493b8aa8a8,Tourniquet,995,,,,,,,,,,
TOOL_HOVER,440608,3/16/2022 12:04,b541f5c9-93fe-4ef3-9fe7-38493b8aa8a8,Tourniquet,995,,,,,,,,,,
TOOL_HOVER,440635,3/16/2022 12:04,b541f5c9-93fe-4ef3-9fe7-38493b8aa8a8,Tourniquet,995,,,,,,,,,,
TOOL_HOVER,440663,3/16/2022 12:04,b541f5c9-93fe-4ef3-9fe7-38493b8aa8a8,Tourniquet,995,,,,,,,,,,
TOOL_HOVER,440691,3/16/2022 12:04,b541f5c9-93fe-4ef3-9fe7-38493b8aa8a8,Tourniquet,995,,,,,,,,,,
TOOL_SELECTED,440693,3/16/2022 12:04,b541f5c9-93fe-4ef3-9fe7-38493b8aa8a8,Tourniquet,994,,,,,,,,,,
INJURY_TREATED,441972,3/16/2022 12:04,b541f5c9-93fe-4ef3-9fe7-38493b8aa8a8,R Shin Amputation,Lily_2 Root,tourniquet,high,rightLeg,TRUE,FALSE,"(3.3, 0.1, 3.8)",,,,
TOOL_APPLIED,441972,3/16/2022 12:04,b541f5c9-93fe-4ef3-9fe7-38493b8aa8a8,Lily_2 Root,Tourniquet,RightUpLeg (UnityEngine.GameObject),tor_ring (1) (UnityEngine.GameObject),tourniquet(Clone) (UnityEngine.GameObject),AppliedTourniquet,,,,,,
BAG_CLOSED,445954,3/16/2022 12:04,b541f5c9-93fe-4ef3-9fe7-38493b8aa8a8,"(2.9, 0.4, 4.7)",,,,,,,,,,,
TELEPORT,445954,3/16/2022 12:04,b541f5c9-93fe-4ef3-9fe7-38493b8aa8a8,"(2.4, 0.0, 5.1)",,,,,,,,,,,
PATIENT_ENGAGED,448600,3/16/2022 12:04,b541f5c9-93fe-4ef3-9fe7-38493b8aa8a8,63.87083,Infinity,Mike_5 Root,"(2.6, 0.0, 2.0)","(0.0, 1.0, 0.0, 0.0)",IMMEDIATE,waver,fast,normal,normal,calm,fetal
VOICE_CAPTURE,449657,3/16/2022 12:04,b541f5c9-93fe-4ef3-9fe7-38493b8aa8a8,yeah,NA,,,,,,,,,,
TELEPORT,449826,3/16/2022 12:04,b541f5c9-93fe-4ef3-9fe7-38493b8aa8a8,"(3.4, 0.0, 1.3)",,,,,,,,,,,
PATIENT_ENGAGED,451580,3/16/2022 12:04,b541f5c9-93fe-4ef3-9fe7-38493b8aa8a8,100,Infinity,Lily_2 Root,"(3.0, 0.0, 4.0)","(0.0, 1.0, 0.0, 0.0)",IMMEDIATE,waver,fast,fast,normal,calm,fetal
TELEPORT,451832,3/16/2022 12:04,b541f5c9-93fe-4ef3-9fe7-38493b8aa8a8,"(3.1, 0.0, 2.8)",,,,,,,,,,,
VOICE_CAPTURE,452720,3/16/2022 12:04,b541f5c9-93fe-4ef3-9fe7-38493b8aa8a8,there you go,NA,,,,,,,,,,
TELEPORT,453865,3/16/2022 12:04,b541f5c9-93fe-4ef3-9fe7-38493b8aa8a8,"(2.9, 0.0, 3.1)",,,,,,,,,,,
VOICE_CAPTURE,455033,3/16/2022 12:04,b541f5c9-93fe-4ef3-9fe7-38493b8aa8a8,hey man,NA,,,,,,,,,,
BAG_ACCESS,462051,3/16/2022 12:04,b541f5c9-93fe-4ef3-9fe7-38493b8aa8a8,"(3.8, 0.4, 3.7)",,,,,,,,,,,
VOICE_CAPTURE,462078,3/16/2022 12:04,b541f5c9-93fe-4ef3-9fe7-38493b8aa8a8,are you hurt,NA,,,,,,,,,,
VOICE_COMMAND,462078,3/16/2022 12:04,b541f5c9-93fe-4ef3-9fe7-38493b8aa8a8,are you hurt,are you hurt,,,,,,,,,,
TAG_SELECTED,468570,3/16/2022 12:04,b541f5c9-93fe-4ef3-9fe7-38493b8aa8a8,red,,,,,,,,,,,
TAG_APPLIED,473302,3/16/2022 12:04,b541f5c9-93fe-4ef3-9fe7-38493b8aa8a8,Lily_2 Root,red,,,,,,,,,,
TOOL_HOVER,473858,3/16/2022 12:04,b541f5c9-93fe-4ef3-9fe7-38493b8aa8a8,Gauze,999,,,,,,,,,,
TOOL_HOVER,473887,3/16/2022 12:04,b541f5c9-93fe-4ef3-9fe7-38493b8aa8a8,Gauze,999,,,,,,,,,,
TOOL_HOVER,473914,3/16/2022 12:04,b541f5c9-93fe-4ef3-9fe7-38493b8aa8a8,Gauze,999,,,,,,,,,,
TOOL_HOVER,473942,3/16/2022 12:04,b541f5c9-93fe-4ef3-9fe7-38493b8aa8a8,Tourniquet,994,,,,,,,,,,
TOOL_HOVER,473969,3/16/2022 12:04,b541f5c9-93fe-4ef3-9fe7-38493b8aa8a8,Tourniquet,994,,,,,,,,,,
TOOL_HOVER,473999,3/16/2022 12:04,b541f5c9-93fe-4ef3-9fe7-38493b8aa8a8,Tourniquet,994,,,,,,,,,,
TOOL_HOVER,474026,3/16/2022 12:04,b541f5c9-93fe-4ef3-9fe7-38493b8aa8a8,Tourniquet,994,,,,,,,,,,
TOOL_HOVER,474054,3/16/2022 12:04,b541f5c9-93fe-4ef3-9fe7-38493b8aa8a8,Tourniquet,994,,,,,,,,,,
TOOL_HOVER,474083,3/16/2022 12:04,b541f5c9-93fe-4ef3-9fe7-38493b8aa8a8,Tourniquet,994,,,,,,,,,,
TOOL_HOVER,474110,3/16/2022 12:04,b541f5c9-93fe-4ef3-9fe7-38493b8aa8a8,Tourniquet,994,,,,,,,,,,
TOOL_HOVER,474139,3/16/2022 12:04,b541f5c9-93fe-4ef3-9fe7-38493b8aa8a8,Tourniquet,994,,,,,,,,,,
TOOL_SELECTED,474140,3/16/2022 12:04,b541f5c9-93fe-4ef3-9fe7-38493b8aa8a8,Tourniquet,993,,,,,,,,,,
INJURY_TREATED,476087,3/16/2022 12:04,b541f5c9-93fe-4ef3-9fe7-38493b8aa8a8,R Shin Amputation,Lily_2 Root,tourniquet,high,rightLeg,TRUE,FALSE,"(3.3, 0.1, 3.8)",,,,
TOOL_APPLIED,476088,3/16/2022 12:04,b541f5c9-93fe-4ef3-9fe7-38493b8aa8a8,Lily_2 Root,Tourniquet,RightUpLeg (UnityEngine.GameObject),tor_ring (1) (UnityEngine.GameObject),tourniquet(Clone) (UnityEngine.GameObject),AppliedTourniquet,,,,,,
TAG_SELECTED,478314,3/16/2022 12:04,b541f5c9-93fe-4ef3-9fe7-38493b8aa8a8,yellow,,,,,,,,,,,
TAG_APPLIED,480431,3/16/2022 12:04,b541f5c9-93fe-4ef3-9fe7-38493b8aa8a8,Lily_2 Root,yellow,,,,,,,,,,
BAG_CLOSED,481906,3/16/2022 12:04,b541f5c9-93fe-4ef3-9fe7-38493b8aa8a8,"(3.8, 0.4, 3.7)",,,,,,,,,,,
TELEPORT,481906,3/16/2022 12:04,b541f5c9-93fe-4ef3-9fe7-38493b8aa8a8,"(2.8, 0.0, 3.2)",,,,,,,,,,,
PATIENT_ENGAGED,484637,3/16/2022 12:04,b541f5c9-93fe-4ef3-9fe7-38493b8aa8a8,63.87083,Infinity,Mike_5 Root,"(2.6, 0.0, 2.0)","(0.0, 1.0, 0.0, 0.0)",IMMEDIATE,waver,fast,normal,normal,calm,fetal
BAG_ACCESS,492376,3/16/2022 12:04,b541f5c9-93fe-4ef3-9fe7-38493b8aa8a8,"(3.2, 0.4, 1.8)",,,,,,,,,,,
TOOL_HOVER,494242,3/16/2022 12:04,b541f5c9-93fe-4ef3-9fe7-38493b8aa8a8,Gauze,999,,,,,,,,,,
TOOL_HOVER,494272,3/16/2022 12:04,b541f5c9-93fe-4ef3-9fe7-38493b8aa8a8,Gauze,999,,,,,,,,,,
TOOL_HOVER,494297,3/16/2022 12:04,b541f5c9-93fe-4ef3-9fe7-38493b8aa8a8,Gauze,999,,,,,,,,,,
TOOL_HOVER,494326,3/16/2022 12:04,b541f5c9-93fe-4ef3-9fe7-38493b8aa8a8,Gauze,999,,,,,,,,,,
TOOL_HOVER,494353,3/16/2022 12:04,b541f5c9-93fe-4ef3-9fe7-38493b8aa8a8,Gauze,999,,,,,,,,,,
TOOL_HOVER,494382,3/16/2022 12:04,b541f5c9-93fe-4ef3-9fe7-38493b8aa8a8,Gauze,999,,,,,,,,,,
TOOL_HOVER,494409,3/16/2022 12:04,b541f5c9-93fe-4ef3-9fe7-38493b8aa8a8,Gauze,999,,,,,,,,,,
TOOL_HOVER,494438,3/16/2022 12:04,b541f5c9-93fe-4ef3-9fe7-38493b8aa8a8,Gauze,999,,,,,,,,,,
TOOL_HOVER,494465,3/16/2022 12:04,b541f5c9-93fe-4ef3-9fe7-38493b8aa8a8,Tourniquet,993,,,,,,,,,,
TOOL_HOVER,494492,3/16/2022 12:04,b541f5c9-93fe-4ef3-9fe7-38493b8aa8a8,Tourniquet,993,,,,,,,,,,
TOOL_HOVER,494521,3/16/2022 12:04,b541f5c9-93fe-4ef3-9fe7-38493b8aa8a8,Tourniquet,993,,,,,,,,,,
TOOL_SELECTED,494522,3/16/2022 12:04,b541f5c9-93fe-4ef3-9fe7-38493b8aa8a8,Tourniquet,992,,,,,,,,,,
VOICE_CAPTURE,495077,3/16/2022 12:04,b541f5c9-93fe-4ef3-9fe7-38493b8aa8a8,hey sir can you tell me your name,NA,,,,,,,,,,
VOICE_COMMAND,495077,3/16/2022 12:04,b541f5c9-93fe-4ef3-9fe7-38493b8aa8a8,what is your name,hey sir can you tell me your name,,,,,,,,,,
INJURY_TREATED,496498,3/16/2022 12:05,b541f5c9-93fe-4ef3-9fe7-38493b8aa8a8,R Thigh Laceration,Mike_5 Root,gauzePressure,medium,rightLeg,FALSE,TRUE,"(2.9, 0.3, 1.9)",,,,
TOOL_APPLIED,496499,3/16/2022 12:05,b541f5c9-93fe-4ef3-9fe7-38493b8aa8a8,Mike_5 Root,Tourniquet,RightUpLeg (UnityEngine.GameObject),tor_ring (1) (UnityEngine.GameObject),tourniquet(Clone) (UnityEngine.GameObject),AppliedTourniquet,,,,,,
VOICE_CAPTURE,500619,3/16/2022 12:05,b541f5c9-93fe-4ef3-9fe7-38493b8aa8a8,michael,NA,,,,,,,,,,
TOOL_HOVER,503544,3/16/2022 12:05,b541f5c9-93fe-4ef3-9fe7-38493b8aa8a8,Gauze,999,,,,,,,,,,
TOOL_HOVER,503572,3/16/2022 12:05,b541f5c9-93fe-4ef3-9fe7-38493b8aa8a8,Gauze,999,,,,,,,,,,
TOOL_HOVER,503599,3/16/2022 12:05,b541f5c9-93fe-4ef3-9fe7-38493b8aa8a8,Gauze,999,,,,,,,,,,
TOOL_HOVER,503628,3/16/2022 12:05,b541f5c9-93fe-4ef3-9fe7-38493b8aa8a8,Gauze,999,,,,,,,,,,
TOOL_HOVER,503655,3/16/2022 12:05,b541f5c9-93fe-4ef3-9fe7-38493b8aa8a8,Gauze,999,,,,,,,,,,
TOOL_HOVER,503683,3/16/2022 12:05,b541f5c9-93fe-4ef3-9fe7-38493b8aa8a8,Gauze,999,,,,,,,,,,
TOOL_HOVER,503711,3/16/2022 12:05,b541f5c9-93fe-4ef3-9fe7-38493b8aa8a8,Gauze,999,,,,,,,,,,
TOOL_HOVER,503739,3/16/2022 12:05,b541f5c9-93fe-4ef3-9fe7-38493b8aa8a8,Gauze,999,,,,,,,,,,
TOOL_SELECTED,503740,3/16/2022 12:05,b541f5c9-93fe-4ef3-9fe7-38493b8aa8a8,Gauze,998,,,,,,,,,,
TOOL_DISCARDED,504690,3/16/2022 12:05,b541f5c9-93fe-4ef3-9fe7-38493b8aa8a8,Gauze,998,"(3.0, 0.3, 2.3)",,,,,,,,,
INJURY_TREATED,504690,3/16/2022 12:05,b541f5c9-93fe-4ef3-9fe7-38493b8aa8a8,R Side Puncture,Mike_5 Root,woundpack,medium,abdomen,FALSE,TRUE,"(3.0, 0.3, 2.2)",,,,
TOOL_APPLIED,504690,3/16/2022 12:05,b541f5c9-93fe-4ef3-9fe7-38493b8aa8a8,Mike_5 Root,Gauze_Dressing,skinCollider_BodyCollideLOD (UnityEngine.GameObject),null,null,AppliedDressingGauze,,,,,,
TOOL_HOVER,506551,3/16/2022 12:05,b541f5c9-93fe-4ef3-9fe7-38493b8aa8a8,Gauze,999,,,,,,,,,,
TOOL_HOVER,506578,3/16/2022 12:05,b541f5c9-93fe-4ef3-9fe7-38493b8aa8a8,Gauze,999,,,,,,,,,,
TOOL_HOVER,506606,3/16/2022 12:05,b541f5c9-93fe-4ef3-9fe7-38493b8aa8a8,Gauze,999,,,,,,,,,,
TOOL_HOVER,506634,3/16/2022 12:05,b541f5c9-93fe-4ef3-9fe7-38493b8aa8a8,Gauze,999,,,,,,,,,,
TOOL_HOVER,506662,3/16/2022 12:05,b541f5c9-93fe-4ef3-9fe7-38493b8aa8a8,Gauze,999,,,,,,,,,,
TOOL_HOVER,506695,3/16/2022 12:05,b541f5c9-93fe-4ef3-9fe7-38493b8aa8a8,Gauze,999,,,,,,,,,,
TOOL_HOVER,506719,3/16/2022 12:05,b541f5c9-93fe-4ef3-9fe7-38493b8aa8a8,Gauze,999,,,,,,,,,,
TOOL_HOVER,506746,3/16/2022 12:05,b541f5c9-93fe-4ef3-9fe7-38493b8aa8a8,Gauze,999,,,,,,,,,,
TOOL_SELECTED,506747,3/16/2022 12:05,b541f5c9-93fe-4ef3-9fe7-38493b8aa8a8,Gauze,998,,,,,,,,,,
TOOL_DISCARDED,507666,3/16/2022 12:05,b541f5c9-93fe-4ef3-9fe7-38493b8aa8a8,Gauze,998,"(3.0, 0.3, 2.2)",,,,,,,,,
INJURY_TREATED,507666,3/16/2022 12:05,b541f5c9-93fe-4ef3-9fe7-38493b8aa8a8,R Side Puncture,Mike_5 Root,woundpack,medium,abdomen,FALSE,TRUE,"(3.0, 0.3, 2.2)",,,,
TOOL_APPLIED,507667,3/16/2022 12:05,b541f5c9-93fe-4ef3-9fe7-38493b8aa8a8,Mike_5 Root,Gauze_Dressing,skinCollider_BodyCollideLOD (UnityEngine.GameObject),null,null,AppliedDressingGauze,,,,,,
TAG_SELECTED,509671,3/16/2022 12:05,b541f5c9-93fe-4ef3-9fe7-38493b8aa8a8,red,,,,,,,,,,,
TAG_APPLIED,511091,3/16/2022 12:05,b541f5c9-93fe-4ef3-9fe7-38493b8aa8a8,Mike_5 Root,red,,,,,,,,,,
TOOL_HOVER,521366,3/16/2022 12:05,b541f5c9-93fe-4ef3-9fe7-38493b8aa8a8,Hemostatic Gauze,999,,,,,,,,,,
TOOL_HOVER,521394,3/16/2022 12:05,b541f5c9-93fe-4ef3-9fe7-38493b8aa8a8,Hemostatic Gauze,999,,,,,,,,,,
TOOL_HOVER,521423,3/16/2022 12:05,b541f5c9-93fe-4ef3-9fe7-38493b8aa8a8,Hemostatic Gauze,999,,,,,,,,,,
TOOL_HOVER,521449,3/16/2022 12:05,b541f5c9-93fe-4ef3-9fe7-38493b8aa8a8,Hemostatic Gauze,999,,,,,,,,,,
TOOL_HOVER,521477,3/16/2022 12:05,b541f5c9-93fe-4ef3-9fe7-38493b8aa8a8,Hemostatic Gauze,999,,,,,,,,,,
TOOL_HOVER,521505,3/16/2022 12:05,b541f5c9-93fe-4ef3-9fe7-38493b8aa8a8,Hemostatic Gauze,999,,,,,,,,,,
TOOL_HOVER,521533,3/16/2022 12:05,b541f5c9-93fe-4ef3-9fe7-38493b8aa8a8,Hemostatic Gauze,999,,,,,,,,,,
TOOL_HOVER,521561,3/16/2022 12:05,b541f5c9-93fe-4ef3-9fe7-38493b8aa8a8,Hemostatic Gauze,999,,,,,,,,,,
TOOL_HOVER,521589,3/16/2022 12:05,b541f5c9-93fe-4ef3-9fe7-38493b8aa8a8,Hemostatic Gauze,999,,,,,,,,,,
TOOL_HOVER,521616,3/16/2022 12:05,b541f5c9-93fe-4ef3-9fe7-38493b8aa8a8,Hemostatic Gauze,999,,,,,,,,,,
TOOL_SELECTED,521618,3/16/2022 12:05,b541f5c9-93fe-4ef3-9fe7-38493b8aa8a8,Hemostatic Gauze,998,,,,,,,,,,
TOOL_DISCARDED,522815,3/16/2022 12:05,b541f5c9-93fe-4ef3-9fe7-38493b8aa8a8,Hemostatic Gauze,998,"(3.0, 0.3, 2.3)",,,,,,,,,
INJURY_TREATED,522815,3/16/2022 12:05,b541f5c9-93fe-4ef3-9fe7-38493b8aa8a8,R Side Puncture,Mike_5 Root,woundpack,medium,abdomen,TRUE,TRUE,"(3.0, 0.3, 2.2)",,,,
TOOL_APPLIED,522816,3/16/2022 12:05,b541f5c9-93fe-4ef3-9fe7-38493b8aa8a8,Mike_5 Root,Gauze_Pack,skinCollider_BodyCollideLOD (UnityEngine.GameObject),null,null,AppliedPackingGauze,,,,,,
BAG_CLOSED,530113,3/16/2022 12:05,b541f5c9-93fe-4ef3-9fe7-38493b8aa8a8,"(3.2, 0.4, 1.8)",,,,,,,,,,,
TELEPORT,530500,3/16/2022 12:05,b541f5c9-93fe-4ef3-9fe7-38493b8aa8a8,"(2.2, 0.0, 1.4)",,,,,,,,,,,
PATIENT_ENGAGED,534065,3/16/2022 12:05,b541f5c9-93fe-4ef3-9fe7-38493b8aa8a8,100,Infinity,Lily_4 Root,"(1.4, 0.0, 6.0)","(0.0, 1.0, 0.0, 0.0)",IMMEDIATE,waver,fast,normal,normal,calm,fetal
TOOL_HOVER,537713,3/16/2022 12:05,b541f5c9-93fe-4ef3-9fe7-38493b8aa8a8,Tourniquet,992,,,,,,,,,,
TOOL_HOVER,537741,3/16/2022 12:05,b541f5c9-93fe-4ef3-9fe7-38493b8aa8a8,Tourniquet,992,,,,,,,,,,
TOOL_HOVER,537769,3/16/2022 12:05,b541f5c9-93fe-4ef3-9fe7-38493b8aa8a8,Tourniquet,992,,,,,,,,,,
TOOL_HOVER,537797,3/16/2022 12:05,b541f5c9-93fe-4ef3-9fe7-38493b8aa8a8,Tourniquet,992,,,,,,,,,,
BAG_ACCESS,539162,3/16/2022 12:05,b541f5c9-93fe-4ef3-9fe7-38493b8aa8a8,"(0.9, 0.4, 5.6)",,,,,,,,,,,
VOICE_CAPTURE,539494,3/16/2022 12:05,b541f5c9-93fe-4ef3-9fe7-38493b8aa8a8,hi ma'am,NA,,,,,,,,,,
PATIENT_ENGAGED,539634,3/16/2022 12:05,b541f5c9-93fe-4ef3-9fe7-38493b8aa8a8,100,Infinity,Gary_1 Root,"(2.0, 0.0, 7.0)","(0.0, 1.0, 0.0, 0.0)",EXPECTANT,still,none,restricted,none,unresponsive,supine
PATIENT_ENGAGED,540748,3/16/2022 12:05,b541f5c9-93fe-4ef3-9fe7-38493b8aa8a8,100,Infinity,Lily_4 Root,"(1.4, 0.0, 6.0)","(0.0, 1.0, 0.0, 0.0)",IMMEDIATE,waver,fast,normal,normal,calm,fetal
VOICE_CAPTURE,541698,3/16/2022 12:05,b541f5c9-93fe-4ef3-9fe7-38493b8aa8a8,to my name,NA,,,,,,,,,,
PULSE_TAKEN,546931,3/16/2022 12:05,b541f5c9-93fe-4ef3-9fe7-38493b8aa8a8,pulse_fast,Lily_4 Root,,,,,,,,,,
TOOL_HOVER,549855,3/16/2022 12:05,b541f5c9-93fe-4ef3-9fe7-38493b8aa8a8,Hemostatic Gauze,999,,,,,,,,,,
TOOL_HOVER,549885,3/16/2022 12:05,b541f5c9-93fe-4ef3-9fe7-38493b8aa8a8,Hemostatic Gauze,999,,,,,,,,,,
TOOL_HOVER,549910,3/16/2022 12:05,b541f5c9-93fe-4ef3-9fe7-38493b8aa8a8,Hemostatic Gauze,999,,,,,,,,,,
TOOL_HOVER,549940,3/16/2022 12:05,b541f5c9-93fe-4ef3-9fe7-38493b8aa8a8,Hemostatic Gauze,999,,,,,,,,,,
TOOL_HOVER,549966,3/16/2022 12:05,b541f5c9-93fe-4ef3-9fe7-38493b8aa8a8,Hemostatic Gauze,999,,,,,,,,,,
TOOL_HOVER,549998,3/16/2022 12:05,b541f5c9-93fe-4ef3-9fe7-38493b8aa8a8,Hemostatic Gauze,999,,,,,,,,,,
TOOL_HOVER,550024,3/16/2022 12:05,b541f5c9-93fe-4ef3-9fe7-38493b8aa8a8,Hemostatic Gauze,999,,,,,,,,,,
TOOL_HOVER,550050,3/16/2022 12:05,b541f5c9-93fe-4ef3-9fe7-38493b8aa8a8,Hemostatic Gauze,999,,,,,,,,,,
TOOL_HOVER,550078,3/16/2022 12:05,b541f5c9-93fe-4ef3-9fe7-38493b8aa8a8,Hemostatic Gauze,999,,,,,,,,,,
TOOL_SELECTED,550080,3/16/2022 12:05,b541f5c9-93fe-4ef3-9fe7-38493b8aa8a8,Hemostatic Gauze,998,,,,,,,,,,
TOOL_DISCARDED,551553,3/16/2022 12:05,b541f5c9-93fe-4ef3-9fe7-38493b8aa8a8,Hemostatic Gauze,998,"(1.1, 0.2, 6.3)",,,,,,,,,
INJURY_TREATED,551553,3/16/2022 12:05,b541f5c9-93fe-4ef3-9fe7-38493b8aa8a8,L Side Puncture,Lily_4 Root,woundpack,medium,abdomen,TRUE,FALSE,"(1.1, 0.2, 6.3)",,,,
TOOL_APPLIED,551553,3/16/2022 12:05,b541f5c9-93fe-4ef3-9fe7-38493b8aa8a8,Lily_4 Root,Gauze_Pack,skinCollider_BodyLOD (UnityEngine.GameObject),null,null,AppliedPackingGauze,,,,,,
PATIENT_ENGAGED,553783,3/16/2022 12:05,b541f5c9-93fe-4ef3-9fe7-38493b8aa8a8,100,Infinity,Bob_0 Root,"(-1.0, 0.0, 6.0)","(0.0, 0.7, 0.0, 0.7)",DEAD,still,none,none,none,dead,supine
TOOL_HOVER,555151,3/16/2022 12:05,b541f5c9-93fe-4ef3-9fe7-38493b8aa8a8,Gauze,999,,,,,,,,,,
TOOL_HOVER,555175,3/16/2022 12:05,b541f5c9-93fe-4ef3-9fe7-38493b8aa8a8,Gauze,999,,,,,,,,,,
TOOL_HOVER,555202,3/16/2022 12:05,b541f5c9-93fe-4ef3-9fe7-38493b8aa8a8,Gauze,999,,,,,,,,,,
TOOL_SELECTED,555203,3/16/2022 12:05,b541f5c9-93fe-4ef3-9fe7-38493b8aa8a8,Gauze,998,,,,,,,,,,
PATIENT_ENGAGED,555760,3/16/2022 12:06,b541f5c9-93fe-4ef3-9fe7-38493b8aa8a8,100,Infinity,Lily_4 Root,"(1.4, 0.0, 6.0)","(0.0, 1.0, 0.0, 0.0)",IMMEDIATE,waver,fast,normal,normal,calm,fetal
TOOL_DISCARDED,558880,3/16/2022 12:06,b541f5c9-93fe-4ef3-9fe7-38493b8aa8a8,Gauze,998,"(1.1, 0.2, 6.3)",,,,,,,,,
INJURY_TREATED,558880,3/16/2022 12:06,b541f5c9-93fe-4ef3-9fe7-38493b8aa8a8,L Side Puncture,Lily_4 Root,woundpack,medium,abdomen,TRUE,TRUE,"(1.1, 0.2, 6.3)",,,,
TOOL_APPLIED,558881,3/16/2022 12:06,b541f5c9-93fe-4ef3-9fe7-38493b8aa8a8,Lily_4 Root,Gauze_Dressing,skinCollider_BodyLOD (UnityEngine.GameObject),null,null,AppliedDressingGauze,,,,,,
VOICE_CAPTURE,561382,3/16/2022 12:06,b541f5c9-93fe-4ef3-9fe7-38493b8aa8a8,can you tell me your name,NA,,,,,,,,,,
VOICE_COMMAND,561382,3/16/2022 12:06,b541f5c9-93fe-4ef3-9fe7-38493b8aa8a8,what is your name,can you tell me your name,,,,,,,,,,
VOICE_CAPTURE,566397,3/16/2022 12:06,b541f5c9-93fe-4ef3-9fe7-38493b8aa8a8,why,NA,,,,,,,,,,
TAG_SELECTED,569209,3/16/2022 12:06,b541f5c9-93fe-4ef3-9fe7-38493b8aa8a8,red,,,,,,,,,,,
PATIENT_ENGAGED,569794,3/16/2022 12:06,b541f5c9-93fe-4ef3-9fe7-38493b8aa8a8,100,Infinity,Gary_1 Root,"(2.0, 0.0, 7.0)","(0.0, 1.0, 0.0, 0.0)",EXPECTANT,still,none,restricted,none,unresponsive,supine
PATIENT_ENGAGED,570074,3/16/2022 12:06,b541f5c9-93fe-4ef3-9fe7-38493b8aa8a8,100,Infinity,Lily_4 Root,"(1.4, 0.0, 6.0)","(0.0, 1.0, 0.0, 0.0)",IMMEDIATE,waver,fast,normal,normal,calm,fetal
TAG_APPLIED,571076,3/16/2022 12:06,b541f5c9-93fe-4ef3-9fe7-38493b8aa8a8,Lily_4 Root,red,,,,,,,,,,
BAG_CLOSED,574890,3/16/2022 12:06,b541f5c9-93fe-4ef3-9fe7-38493b8aa8a8,"(0.9, 0.4, 5.6)",,,,,,,,,,,
TELEPORT,574890,3/16/2022 12:06,b541f5c9-93fe-4ef3-9fe7-38493b8aa8a8,"(0.1, 0.0, 5.3)",,,,,,,,,,,
PATIENT_ENGAGED,579872,3/16/2022 12:06,b541f5c9-93fe-4ef3-9fe7-38493b8aa8a8,100,Infinity,Gary_1 Root,"(2.0, 0.0, 7.0)","(0.0, 1.0, 0.0, 0.0)",EXPECTANT,still,none,restricted,none,unresponsive,supine
TELEPORT,580621,3/16/2022 12:06,b541f5c9-93fe-4ef3-9fe7-38493b8aa8a8,"(0.0, 0.0, 7.4)",,,,,,,,,,,
VOICE_CAPTURE,591346,3/16/2022 12:06,b541f5c9-93fe-4ef3-9fe7-38493b8aa8a8,my over no,NA,,,,,,,,,,
TELEPORT,615354,3/16/2022 12:06,b541f5c9-93fe-4ef3-9fe7-38493b8aa8a8,"(0.3, 0.0, 7.1)",,,,,,,,,,,
PATIENT_ENGAGED,618890,3/16/2022 12:07,b541f5c9-93fe-4ef3-9fe7-38493b8aa8a8,100,Infinity,Gloria_8 Root,"(4.0, 0.0, -4.4)","(0.0, 0.3, 0.0, -1.0)",DELAYED,walker,normal,normal,normal,calm,standing
PATIENT_ENGAGED,621118,3/16/2022 12:07,b541f5c9-93fe-4ef3-9fe7-38493b8aa8a8,100,Infinity,Bob_9 Root,"(2.9, 0.0, -3.6)","(0.0, 0.6, 0.0, 0.8)",MINIMAL,walker,normal,normal,normal,calm,standing
VOICE_CAPTURE,624347,3/16/2022 12:07,b541f5c9-93fe-4ef3-9fe7-38493b8aa8a8,no,NA,,,,,,,,,,
TELEPORT,627662,3/16/2022 12:07,b541f5c9-93fe-4ef3-9fe7-38493b8aa8a8,"(2.6, 0.0, -2.8)",,,,,,,,,,,
VOICE_CAPTURE,628664,3/16/2022 12:07,b541f5c9-93fe-4ef3-9fe7-38493b8aa8a8,yes sir,NA,,,,,,,,,,
PATIENT_ENGAGED,631284,3/16/2022 12:07,b541f5c9-93fe-4ef3-9fe7-38493b8aa8a8,100,Infinity,Gloria_8 Root,"(4.0, 0.0, -4.4)","(0.0, 0.3, 0.0, -1.0)",DELAYED,walker,normal,normal,normal,calm,standing
VOICE_CAPTURE,631533,3/16/2022 12:07,b541f5c9-93fe-4ef3-9fe7-38493b8aa8a8,night,NA,,,,,,,,,,
TELEPORT,633734,3/16/2022 12:07,b541f5c9-93fe-4ef3-9fe7-38493b8aa8a8,"(2.9, 0.0, -3.6)",,,,,,,,,,,
VOICE_CAPTURE,636849,3/16/2022 12:07,b541f5c9-93fe-4ef3-9fe7-38493b8aa8a8,alright ma'am what hurts,NA,,,,,,,,,,
VOICE_COMMAND,636849,3/16/2022 12:07,b541f5c9-93fe-4ef3-9fe7-38493b8aa8a8,are you hurt,alright ma'am what hurts,,,,,,,,,,
PULSE_TAKEN,646348,3/16/2022 12:07,b541f5c9-93fe-4ef3-9fe7-38493b8aa8a8,pulse_normal,Gloria_8 Root,,,,,,,,,,
BAG_ACCESS,650331,3/16/2022 12:07,b541f5c9-93fe-4ef3-9fe7-38493b8aa8a8,"(3.3, 0.7, -4.1)",,,,,,,,,,,
TOOL_HOVER,651054,3/16/2022 12:07,b541f5c9-93fe-4ef3-9fe7-38493b8aa8a8,Tourniquet,992,,,,,,,,,,
TOOL_HOVER,651082,3/16/2022 12:07,b541f5c9-93fe-4ef3-9fe7-38493b8aa8a8,Tourniquet,992,,,,,,,,,,
TOOL_HOVER,651110,3/16/2022 12:07,b541f5c9-93fe-4ef3-9fe7-38493b8aa8a8,Tourniquet,992,,,,,,,,,,
TOOL_HOVER,651138,3/16/2022 12:07,b541f5c9-93fe-4ef3-9fe7-38493b8aa8a8,Tourniquet,992,,,,,,,,,,
TOOL_HOVER,651166,3/16/2022 12:07,b541f5c9-93fe-4ef3-9fe7-38493b8aa8a8,Tourniquet,992,,,,,,,,,,
TOOL_SELECTED,651167,3/16/2022 12:07,b541f5c9-93fe-4ef3-9fe7-38493b8aa8a8,Tourniquet,991,,,,,,,,,,
INJURY_TREATED,652754,3/16/2022 12:07,b541f5c9-93fe-4ef3-9fe7-38493b8aa8a8,L Forearm Laceration,Gloria_8 Root,gauzePressure,low,leftArm,FALSE,TRUE,"(3.7, 0.9, -4.4)",,,,
TOOL_APPLIED,652754,3/16/2022 12:07,b541f5c9-93fe-4ef3-9fe7-38493b8aa8a8,Gloria_8 Root,Tourniquet,LeftArm (UnityEngine.GameObject),tor_ring (1) (UnityEngine.GameObject),tourniquet(Clone) (UnityEngine.GameObject),AppliedTourniquet,,,,,,
TOOL_HOVER,654842,3/16/2022 12:07,b541f5c9-93fe-4ef3-9fe7-38493b8aa8a8,Hemostatic Gauze,999,,,,,,,,,,
TOOL_HOVER,654869,3/16/2022 12:07,b541f5c9-93fe-4ef3-9fe7-38493b8aa8a8,Hemostatic Gauze,999,,,,,,,,,,
TOOL_HOVER,654898,3/16/2022 12:07,b541f5c9-93fe-4ef3-9fe7-38493b8aa8a8,Hemostatic Gauze,999,,,,,,,,,,
TOOL_HOVER,654925,3/16/2022 12:07,b541f5c9-93fe-4ef3-9fe7-38493b8aa8a8,Hemostatic Gauze,999,,,,,,,,,,
TOOL_HOVER,654953,3/16/2022 12:07,b541f5c9-93fe-4ef3-9fe7-38493b8aa8a8,Hemostatic Gauze,999,,,,,,,,,,
TOOL_HOVER,654981,3/16/2022 12:07,b541f5c9-93fe-4ef3-9fe7-38493b8aa8a8,Hemostatic Gauze,999,,,,,,,,,,
TOOL_HOVER,655009,3/16/2022 12:07,b541f5c9-93fe-4ef3-9fe7-38493b8aa8a8,Hemostatic Gauze,999,,,,,,,,,,
TOOL_HOVER,655036,3/16/2022 12:07,b541f5c9-93fe-4ef3-9fe7-38493b8aa8a8,Hemostatic Gauze,999,,,,,,,,,,
TOOL_HOVER,655065,3/16/2022 12:07,b541f5c9-93fe-4ef3-9fe7-38493b8aa8a8,Hemostatic Gauze,999,,,,,,,,,,
TOOL_HOVER,655094,3/16/2022 12:07,b541f5c9-93fe-4ef3-9fe7-38493b8aa8a8,Hemostatic Gauze,999,,,,,,,,,,
TOOL_HOVER,655120,3/16/2022 12:07,b541f5c9-93fe-4ef3-9fe7-38493b8aa8a8,Hemostatic Gauze,999,,,,,,,,,,
TOOL_HOVER,655148,3/16/2022 12:07,b541f5c9-93fe-4ef3-9fe7-38493b8aa8a8,Hemostatic Gauze,999,,,,,,,,,,
TOOL_SELECTED,655150,3/16/2022 12:07,b541f5c9-93fe-4ef3-9fe7-38493b8aa8a8,Hemostatic Gauze,998,,,,,,,,,,
TOOL_DISCARDED,655928,3/16/2022 12:07,b541f5c9-93fe-4ef3-9fe7-38493b8aa8a8,Hemostatic Gauze,998,"(3.8, 1.0, -4.4)",,,,,,,,,
INJURY_TREATED,655928,3/16/2022 12:07,b541f5c9-93fe-4ef3-9fe7-38493b8aa8a8,L Forearm Laceration,Gloria_8 Root,gauzePressure,low,leftArm,FALSE,TRUE,"(3.8, 0.9, -4.4)",,,,
TOOL_APPLIED,655929,3/16/2022 12:07,b541f5c9-93fe-4ef3-9fe7-38493b8aa8a8,Gloria_8 Root,Gauze_Pack,skinCollider_Body_LOD (UnityEngine.GameObject),null,null,AppliedPackingGauze,,,,,,
TOOL_HOVER,656764,3/16/2022 12:07,b541f5c9-93fe-4ef3-9fe7-38493b8aa8a8,Gauze,999,,,,,,,,,,
TOOL_HOVER,656790,3/16/2022 12:07,b541f5c9-93fe-4ef3-9fe7-38493b8aa8a8,Gauze,999,,,,,,,,,,
TOOL_HOVER,656819,3/16/2022 12:07,b541f5c9-93fe-4ef3-9fe7-38493b8aa8a8,Gauze,999,,,,,,,,,,
TOOL_HOVER,656847,3/16/2022 12:07,b541f5c9-93fe-4ef3-9fe7-38493b8aa8a8,Gauze,999,,,,,,,,,,
TOOL_HOVER,656876,3/16/2022 12:07,b541f5c9-93fe-4ef3-9fe7-38493b8aa8a8,Gauze,999,,,,,,,,,,
TOOL_HOVER,656902,3/16/2022 12:07,b541f5c9-93fe-4ef3-9fe7-38493b8aa8a8,Gauze,999,,,,,,,,,,
TOOL_HOVER,656930,3/16/2022 12:07,b541f5c9-93fe-4ef3-9fe7-38493b8aa8a8,Gauze,999,,,,,,,,,,
TOOL_HOVER,656957,3/16/2022 12:07,b541f5c9-93fe-4ef3-9fe7-38493b8aa8a8,Gauze,999,,,,,,,,,,
TOOL_HOVER,656986,3/16/2022 12:07,b541f5c9-93fe-4ef3-9fe7-38493b8aa8a8,Gauze,999,,,,,,,,,,
TOOL_HOVER,657014,3/16/2022 12:07,b541f5c9-93fe-4ef3-9fe7-38493b8aa8a8,Gauze,999,,,,,,,,,,
TOOL_HOVER,657041,3/16/2022 12:07,b541f5c9-93fe-4ef3-9fe7-38493b8aa8a8,Gauze,999,,,,,,,,,,
TOOL_HOVER,657069,3/16/2022 12:07,b541f5c9-93fe-4ef3-9fe7-38493b8aa8a8,Gauze,999,,,,,,,,,,
TOOL_HOVER,657097,3/16/2022 12:07,b541f5c9-93fe-4ef3-9fe7-38493b8aa8a8,Gauze,999,,,,,,,,,,
TOOL_HOVER,657129,3/16/2022 12:07,b541f5c9-93fe-4ef3-9fe7-38493b8aa8a8,Gauze,999,,,,,,,,,,
TOOL_HOVER,657152,3/16/2022 12:07,b541f5c9-93fe-4ef3-9fe7-38493b8aa8a8,Gauze,999,,,,,,,,,,
TOOL_HOVER,657181,3/16/2022 12:07,b541f5c9-93fe-4ef3-9fe7-38493b8aa8a8,Gauze,999,,,,,,,,,,
TOOL_HOVER,657208,3/16/2022 12:07,b541f5c9-93fe-4ef3-9fe7-38493b8aa8a8,Gauze,999,,,,,,,,,,
TOOL_HOVER,657236,3/16/2022 12:07,b541f5c9-93fe-4ef3-9fe7-38493b8aa8a8,Gauze,999,,,,,,,,,,
TOOL_HOVER,657265,3/16/2022 12:07,b541f5c9-93fe-4ef3-9fe7-38493b8aa8a8,Gauze,999,,,,,,,,,,
TOOL_HOVER,657291,3/16/2022 12:07,b541f5c9-93fe-4ef3-9fe7-38493b8aa8a8,Gauze,999,,,,,,,,,,
TOOL_HOVER,657320,3/16/2022 12:07,b541f5c9-93fe-4ef3-9fe7-38493b8aa8a8,Gauze,999,,,,,,,,,,
TOOL_HOVER,657349,3/16/2022 12:07,b541f5c9-93fe-4ef3-9fe7-38493b8aa8a8,Gauze,999,,,,,,,,,,
TOOL_HOVER,657376,3/16/2022 12:07,b541f5c9-93fe-4ef3-9fe7-38493b8aa8a8,Gauze,999,,,,,,,,,,
TOOL_HOVER,657403,3/16/2022 12:07,b541f5c9-93fe-4ef3-9fe7-38493b8aa8a8,Gauze,999,,,,,,,,,,
TOOL_HOVER,657431,3/16/2022 12:07,b541f5c9-93fe-4ef3-9fe7-38493b8aa8a8,Gauze,999,,,,,,,,,,
TOOL_SELECTED,657432,3/16/2022 12:07,b541f5c9-93fe-4ef3-9fe7-38493b8aa8a8,Gauze,998,,,,,,,,,,
TOOL_DISCARDED,658155,3/16/2022 12:07,b541f5c9-93fe-4ef3-9fe7-38493b8aa8a8,Gauze,998,"(3.9, 0.9, -4.4)",,,,,,,,,
INJURY_TREATED,658155,3/16/2022 12:07,b541f5c9-93fe-4ef3-9fe7-38493b8aa8a8,L Forearm Laceration,Gloria_8 Root,gauzePressure,low,leftArm,TRUE,TRUE,"(3.8, 0.9, -4.4)",,,,
TOOL_APPLIED,658156,3/16/2022 12:07,b541f5c9-93fe-4ef3-9fe7-38493b8aa8a8,Gloria_8 Root,Gauze_Dressing,skinCollider_Body_LOD (UnityEngine.GameObject),null,null,AppliedDressingGauze,,,,,,
TAG_SELECTED,660105,3/16/2022 12:07,b541f5c9-93fe-4ef3-9fe7-38493b8aa8a8,yellow,,,,,,,,,,,
TAG_APPLIED,660772,3/16/2022 12:07,b541f5c9-93fe-4ef3-9fe7-38493b8aa8a8,Gloria_8 Root,yellow,,,,,,,,,,
PULSE_TAKEN,660800,3/16/2022 12:07,b541f5c9-93fe-4ef3-9fe7-38493b8aa8a8,pulse_normal,Gloria_8 Root,,,,,,,,,,
PATIENT_ENGAGED,663252,3/16/2022 12:07,b541f5c9-93fe-4ef3-9fe7-38493b8aa8a8,100,Infinity,Helga_10 Root,"(3.1, 0.0, -4.9)","(0.0, 0.1, 0.0, -1.0)",MINIMAL,walker,normal,normal,normal,calm,sittingGround
VOICE_CAPTURE,667177,3/16/2022 12:07,b541f5c9-93fe-4ef3-9fe7-38493b8aa8a8,hey man,NA,,,,,,,,,,
VOICE_CAPTURE,675198,3/16/2022 12:07,b541f5c9-93fe-4ef3-9fe7-38493b8aa8a8,what hurts man,NA,,,,,,,,,,
VOICE_COMMAND,675198,3/16/2022 12:07,b541f5c9-93fe-4ef3-9fe7-38493b8aa8a8,are you hurt,what hurts man,,,,,,,,,,
TAG_SELECTED,679099,3/16/2022 12:08,b541f5c9-93fe-4ef3-9fe7-38493b8aa8a8,green,,,,,,,,,,,
TAG_APPLIED,680018,3/16/2022 12:08,b541f5c9-93fe-4ef3-9fe7-38493b8aa8a8,Helga_10 Root,green,,,,,,,,,,
PULSE_TAKEN,680044,3/16/2022 12:08,b541f5c9-93fe-4ef3-9fe7-38493b8aa8a8,pulse_normal,Helga_10 Root,,,,,,,,,,
VOICE_CAPTURE,680823,3/16/2022 12:08,b541f5c9-93fe-4ef3-9fe7-38493b8aa8a8,OK,NA,,,,,,,,,,
PATIENT_ENGAGED,681491,3/16/2022 12:08,b541f5c9-93fe-4ef3-9fe7-38493b8aa8a8,100,Infinity,Bob_9 Root,"(2.9, 0.0, -3.7)","(0.0, 1.0, 0.0, -0.3)",MINIMAL,walker,normal,normal,normal,calm,standing
VOICE_CAPTURE,685751,3/16/2022 12:08,b541f5c9-93fe-4ef3-9fe7-38493b8aa8a8,are you hurt,NA,,,,,,,,,,
VOICE_COMMAND,685751,3/16/2022 12:08,b541f5c9-93fe-4ef3-9fe7-38493b8aa8a8,are you hurt,are you hurt,,,,,,,,,,
VOICE_CAPTURE,686086,3/16/2022 12:08,b541f5c9-93fe-4ef3-9fe7-38493b8aa8a8,is there anything hurt,NA,,,,,,,,,,
VOICE_COMMAND,686086,3/16/2022 12:08,b541f5c9-93fe-4ef3-9fe7-38493b8aa8a8,are you hurt,is there anything hurt,,,,,,,,,,
TAG_SELECTED,686923,3/16/2022 12:08,b541f5c9-93fe-4ef3-9fe7-38493b8aa8a8,gray,,,,,,,,,,,
TAG_APPLIED,688510,3/16/2022 12:08,b541f5c9-93fe-4ef3-9fe7-38493b8aa8a8,Gloria_8 Root,gray,,,,,,,,,,
TAG_SELECTED,690153,3/16/2022 12:08,b541f5c9-93fe-4ef3-9fe7-38493b8aa8a8,green,,,,,,,,,,,
TAG_APPLIED,691100,3/16/2022 12:08,b541f5c9-93fe-4ef3-9fe7-38493b8aa8a8,Bob_9 Root,green,,,,,,,,,,
PULSE_TAKEN,691126,3/16/2022 12:08,b541f5c9-93fe-4ef3-9fe7-38493b8aa8a8,pulse_normal,Bob_9 Root,,,,,,,,,,
BAG_CLOSED,692411,3/16/2022 12:08,b541f5c9-93fe-4ef3-9fe7-38493b8aa8a8,"(3.3, 0.7, -4.1)",,,,,,,,,,,
TELEPORT,692993,3/16/2022 12:08,b541f5c9-93fe-4ef3-9fe7-38493b8aa8a8,"(2.9, 0.0, -3.7)",,,,,,,,,,,
VOICE_CAPTURE,693885,3/16/2022 12:08,b541f5c9-93fe-4ef3-9fe7-38493b8aa8a8,can minimal,NA,,,,,,,,,,
TELEPORT,701989,3/16/2022 12:08,b541f5c9-93fe-4ef3-9fe7-38493b8aa8a8,"(1.0, 0.0, 1.3)",,,,,,,,,,,
TELEPORT,705943,3/16/2022 12:08,b541f5c9-93fe-4ef3-9fe7-38493b8aa8a8,"(1.2, 0.0, 5.5)",,,,,,,,,,,
PATIENT_ENGAGED,712932,3/16/2022 12:08,b541f5c9-93fe-4ef3-9fe7-38493b8aa8a8,100,Infinity,Gary_1 Root,"(2.0, 0.0, 7.0)","(0.0, 1.0, 0.0, 0.0)",EXPECTANT,still,none,restricted,none,unresponsive,supine
BAG_ACCESS,717449,3/16/2022 12:08,b541f5c9-93fe-4ef3-9fe7-38493b8aa8a8,"(1.2, 0.7, 7.0)",,,,,,,,,,,
TOOL_HOVER,723848,3/16/2022 12:08,b541f5c9-93fe-4ef3-9fe7-38493b8aa8a8,Needle,998,,,,,,,,,,
TOOL_HOVER,723875,3/16/2022 12:08,b541f5c9-93fe-4ef3-9fe7-38493b8aa8a8,Needle,998,,,,,,,,,,
TOOL_HOVER,723904,3/16/2022 12:08,b541f5c9-93fe-4ef3-9fe7-38493b8aa8a8,Needle,998,,,,,,,,,,
TOOL_HOVER,723930,3/16/2022 12:08,b541f5c9-93fe-4ef3-9fe7-38493b8aa8a8,Needle,998,,,,,,,,,,
TOOL_HOVER,725157,3/16/2022 12:08,b541f5c9-93fe-4ef3-9fe7-38493b8aa8a8,Needle,998,,,,,,,,,,
TOOL_HOVER,725185,3/16/2022 12:08,b541f5c9-93fe-4ef3-9fe7-38493b8aa8a8,Needle,998,,,,,,,,,,
TOOL_HOVER,725211,3/16/2022 12:08,b541f5c9-93fe-4ef3-9fe7-38493b8aa8a8,Needle,998,,,,,,,,,,
TOOL_HOVER,725240,3/16/2022 12:08,b541f5c9-93fe-4ef3-9fe7-38493b8aa8a8,Needle,998,,,,,,,,,,
TOOL_HOVER,725270,3/16/2022 12:08,b541f5c9-93fe-4ef3-9fe7-38493b8aa8a8,Needle,998,,,,,,,,,,
TOOL_HOVER,725295,3/16/2022 12:08,b541f5c9-93fe-4ef3-9fe7-38493b8aa8a8,Needle,998,,,,,,,,,,
TOOL_HOVER,725324,3/16/2022 12:08,b541f5c9-93fe-4ef3-9fe7-38493b8aa8a8,Needle,998,,,,,,,,,,
TOOL_HOVER,725351,3/16/2022 12:08,b541f5c9-93fe-4ef3-9fe7-38493b8aa8a8,Needle,998,,,,,,,,,,
TOOL_HOVER,725386,3/16/2022 12:08,b541f5c9-93fe-4ef3-9fe7-38493b8aa8a8,Needle,998,,,,,,,,,,
TOOL_SELECTED,725387,3/16/2022 12:08,b541f5c9-93fe-4ef3-9fe7-38493b8aa8a8,Needle,997,,,,,,,,,,
SESSION_END,740335,3/16/2022 12:09,b541f5c9-93fe-4ef3-9fe7-38493b8aa8a8,,,,,,,,,,,,
VOICE_CAPTURE,741285,3/16/2022 12:09,b541f5c9-93fe-4ef3-9fe7-38493b8aa8a8,alright i guess that's it for triage NG,NA,,,,,,,,,,
BAG_CLOSED,743259,3/16/2022 12:09,b541f5c9-93fe-4ef3-9fe7-38493b8aa8a8,"(1.2, 0.7, 7.0)",,,,,,,,,,,
VOICE_CAPTURE,761676,3/16/2022 12:09,b541f5c9-93fe-4ef3-9fe7-38493b8aa8a8,push push the button,NA,,,,,,,,,,
VOICE_CAPTURE,765105,3/16/2022 12:09,b541f5c9-93fe-4ef3-9fe7-38493b8aa8a8,auction yep,NA,,,,,,,,,,
