VOICE_CAPTURE,5192,3/16/2022 8:44,daca96a3-b61d-4087-9747-cea6fd7e3a43,skip,NA,,,,,,,,,,
PATIENT_DEMOTED,332673,3/16/2022 8:49,daca96a3-b61d-4087-9747-cea6fd7e3a43,100,Infinity,Bob_0 Root,"(-1.0, 0.0, 6.0)","(0.0, 0.7, 0.0, 0.7)",EXPECTANT,still,faint,restricted,none,unresponsive,supine
PATIENT_DEMOTED,332899,3/16/2022 8:49,daca96a3-b61d-4087-9747-cea6fd7e3a43,100,Infinity,Bob_0 Root,"(-1.0, 0.0, 6.0)","(0.0, 0.7, 0.0, 0.7)",DEAD,still,none,none,none,dead,supine
PATIENT_DEMOTED,333036,3/16/2022 8:49,daca96a3-b61d-4087-9747-cea6fd7e3a43,100,Infinity,Gary_1 Root,"(2.0, 0.0, 7.0)","(0.0, 1.0, 0.0, 0.0)",EXPECTANT,still,faint,restricted,none,unresponsive,supine
PATIENT_DEMOTED,333826,3/16/2022 8:49,daca96a3-b61d-4087-9747-cea6fd7e3a43,100,Infinity,Lily_2 Root,"(3.0, 0.0, 4.0)","(0.0, 1.0, 0.0, 0.0)",IMMEDIATE,waver,fast,fast,normal,agony,fetal
PATIENT_DEMOTED,334480,3/16/2022 8:49,daca96a3-b61d-4087-9747-cea6fd7e3a43,100,0,Gary_3 Root,"(0.0, 0.0, 2.0)","(0.0, 0.0, 0.0, 1.0)",IMMEDIATE,still,faint,collapsedRight,normal,unresponsive,supine
PATIENT_DEMOTED,335062,3/16/2022 8:49,daca96a3-b61d-4087-9747-cea6fd7e3a43,100,Infinity,Lily_4 Root,"(1.4, 0.0, 6.0)","(0.0, 1.0, 0.0, 0.0)",IMMEDIATE,waver,fast,normal,normal,upset,fetal
PATIENT_DEMOTED,335959,3/16/2022 8:49,daca96a3-b61d-4087-9747-cea6fd7e3a43,63.87083,Infinity,Mike_5 Root,"(2.6, 0.0, 2.0)","(0.0, 1.0, 0.0, 0.0)",IMMEDIATE,waver,fast,normal,normal,upset,fetal
PATIENT_DEMOTED,336502,3/16/2022 8:49,daca96a3-b61d-4087-9747-cea6fd7e3a43,100,Infinity,Gloria_6 Root,"(-1.0, 0.0, 3.2)","(0.0, 0.4, 0.0, 0.9)",IMMEDIATE,waver,fast,normal,normal,upset,fetal
PATIENT_DEMOTED,336909,3/16/2022 8:49,daca96a3-b61d-4087-9747-cea6fd7e3a43,100,Infinity,Gloria_6 Root,"(-1.0, 0.0, 3.2)","(0.0, 0.4, 0.0, 0.9)",DELAYED,waver,fast,normal,normal,upset,fetal
PATIENT_DEMOTED,337216,3/16/2022 8:49,daca96a3-b61d-4087-9747-cea6fd7e3a43,63.87083,Infinity,Mike_7 Root,"(1.4, 0.0, 4.0)","(0.0, 0.1, 0.0, 1.0)",IMMEDIATE,waver,fast,normal,normal,upset,sittingGround
PATIENT_DEMOTED,337578,3/16/2022 8:49,daca96a3-b61d-4087-9747-cea6fd7e3a43,63.87083,Infinity,Mike_7 Root,"(1.4, 0.0, 4.0)","(0.0, 0.1, 0.0, 1.0)",DELAYED,waver,fast,normal,normal,upset,sittingGround
PATIENT_DEMOTED,337831,3/16/2022 8:49,daca96a3-b61d-4087-9747-cea6fd7e3a43,100,Infinity,Gloria_8 Root,"(4.0, 0.0, 6.0)","(0.0, 1.0, 0.0, 0.0)",DELAYED,walker,normal,normal,normal,upset,sittingGround
VOICE_CAPTURE,338882,3/16/2022 8:50,daca96a3-b61d-4087-9747-cea6fd7e3a43,oh yes i can hear it,NA,,,,,,,,,,
SESSION_START,341477,3/16/2022 8:50,daca96a3-b61d-4087-9747-cea6fd7e3a43,,,,,,,,,,,,
PATIENT_RECORD,341477,3/16/2022 8:50,daca96a3-b61d-4087-9747-cea6fd7e3a43,100,Infinity,Bob_0 Root,"(-1.0, 0.0, 6.0)","(0.0, 0.7, 0.0, 0.7)",DEAD,still,none,none,none,dead,supine
INJURY_RECORD,341477,3/16/2022 8:50,daca96a3-b61d-4087-9747-cea6fd7e3a43,Face Shrapnel,Bob_0 Root,gauzePressure,high,head,FALSE,FALSE,"(-0.9, 1.8, 5.9)",,,,
INJURY_RECORD,341477,3/16/2022 8:50,daca96a3-b61d-4087-9747-cea6fd7e3a43,L Wrist Amputation,Bob_0 Root,tourniquet,high,leftArm,FALSE,FALSE,"(-1.1, 1.4, 6.7)",,,,
INJURY_RECORD,341477,3/16/2022 8:50,daca96a3-b61d-4087-9747-cea6fd7e3a43,L Chest Collapse,Bob_0 Root,decompress,high,chest,FALSE,FALSE,"(0.0, 0.0, 0.0)",,,,
INJURY_RECORD,341477,3/16/2022 8:50,daca96a3-b61d-4087-9747-cea6fd7e3a43,L Stomach Puncture,Bob_0 Root,woundpack,high,abdomen,FALSE,FALSE,"(-0.9, 1.2, 6.1)",,,,
INJURY_RECORD,341477,3/16/2022 8:50,daca96a3-b61d-4087-9747-cea6fd7e3a43,R Shin Amputation,Bob_0 Root,tourniquet,high,rightLeg,FALSE,FALSE,"(-1.0, 0.4, 5.9)",,,,
INJURY_RECORD,341477,3/16/2022 8:50,daca96a3-b61d-4087-9747-cea6fd7e3a43,L Thigh Laceration,Bob_0 Root,gauzePressure,medium,leftLeg,FALSE,FALSE,"(-0.9, 0.7, 6.1)",,,,
PATIENT_RECORD,341477,3/16/2022 8:50,daca96a3-b61d-4087-9747-cea6fd7e3a43,100,Infinity,Gary_1 Root,"(2.0, 0.0, 7.0)","(0.0, 1.0, 0.0, 0.0)",EXPECTANT,still,none,restricted,none,unresponsive,supine
INJURY_RECORD,341477,3/16/2022 8:50,daca96a3-b61d-4087-9747-cea6fd7e3a43,Face Shrapnel,Gary_1 Root,gauzePressure,high,head,FALSE,FALSE,"(1.9, 1.7, 6.9)",,,,
PATIENT_RECORD,341477,3/16/2022 8:50,daca96a3-b61d-4087-9747-cea6fd7e3a43,100,Infinity,Lily_2 Root,"(3.0, 0.0, 4.0)","(0.0, 1.0, 0.0, 0.0)",IMMEDIATE,waver,fast,fast,normal,agony,fetal
INJURY_RECORD,341477,3/16/2022 8:50,daca96a3-b61d-4087-9747-cea6fd7e3a43,R Shin Amputation,Lily_2 Root,tourniquet,high,rightLeg,FALSE,FALSE,"(2.9, 0.4, 4.0)",,,,
PATIENT_RECORD,341477,3/16/2022 8:50,daca96a3-b61d-4087-9747-cea6fd7e3a43,100,0,Gary_3 Root,"(0.0, 0.0, 2.0)","(0.0, 0.0, 0.0, 1.0)",IMMEDIATE,still,faint,collapsedRight,normal,unresponsive,supine
INJURY_RECORD,341477,3/16/2022 8:50,daca96a3-b61d-4087-9747-cea6fd7e3a43,R Chest Collapse,Gary_3 Root,decompress,high,chest,FALSE,FALSE,"(0.0, 0.0, 0.0)",,,,
PATIENT_RECORD,341477,3/16/2022 8:50,daca96a3-b61d-4087-9747-cea6fd7e3a43,100,Infinity,Lily_4 Root,"(1.4, 0.0, 6.0)","(0.0, 1.0, 0.0, 0.0)",IMMEDIATE,waver,fast,normal,normal,upset,fetal
INJURY_RECORD,341477,3/16/2022 8:50,daca96a3-b61d-4087-9747-cea6fd7e3a43,L Side Puncture,Lily_4 Root,woundpack,medium,abdomen,FALSE,FALSE,"(1.5, 1.0, 5.9)",,,,
PATIENT_RECORD,341477,3/16/2022 8:50,daca96a3-b61d-4087-9747-cea6fd7e3a43,63.87083,Infinity,Mike_5 Root,"(2.6, 0.0, 2.0)","(0.0, 1.0, 0.0, 0.0)",IMMEDIATE,waver,fast,normal,normal,upset,fetal
INJURY_RECORD,341477,3/16/2022 8:50,daca96a3-b61d-4087-9747-cea6fd7e3a43,R Side Puncture,Mike_5 Root,woundpack,medium,abdomen,FALSE,FALSE,"(2.5, 1.2, 1.9)",,,,
INJURY_RECORD,341477,3/16/2022 8:50,daca96a3-b61d-4087-9747-cea6fd7e3a43,R Thigh Laceration,Mike_5 Root,gauzePressure,medium,rightLeg,FALSE,FALSE,"(2.4, 0.7, 2.0)",,,,
PATIENT_RECORD,341477,3/16/2022 8:50,daca96a3-b61d-4087-9747-cea6fd7e3a43,100,Infinity,Gloria_6 Root,"(-1.0, 0.0, 3.2)","(0.0, 0.4, 0.0, 0.9)",DELAYED,waver,fast,normal,normal,upset,fetal
INJURY_RECORD,341477,3/16/2022 8:50,daca96a3-b61d-4087-9747-cea6fd7e3a43,R Calf Shrapnel,Gloria_6 Root,tourniquet,medium,rightLeg,FALSE,FALSE,"(-0.9, 0.3, 3.1)",,,,
PATIENT_RECORD,341477,3/16/2022 8:50,daca96a3-b61d-4087-9747-cea6fd7e3a43,63.87083,Infinity,Mike_7 Root,"(1.4, 0.0, 4.0)","(0.0, 0.1, 0.0, 1.0)",DELAYED,waver,fast,normal,normal,upset,sittingGround
INJURY_RECORD,341477,3/16/2022 8:50,daca96a3-b61d-4087-9747-cea6fd7e3a43,L Thigh Puncture,Mike_7 Root,tourniquet,medium,leftLeg,FALSE,FALSE,"(1.4, 0.7, 4.1)",,,,
INJURY_RECORD,341477,3/16/2022 8:50,daca96a3-b61d-4087-9747-cea6fd7e3a43,R Calf Laceration,Mike_7 Root,gauzePressure,low,rightLeg,FALSE,FALSE,"(1.5, 0.4, 3.9)",,,,
PATIENT_RECORD,341477,3/16/2022 8:50,daca96a3-b61d-4087-9747-cea6fd7e3a43,100,Infinity,Gloria_8 Root,"(4.0, 0.0, 6.0)","(0.0, 1.0, 0.0, 0.0)",DELAYED,walker,normal,normal,normal,upset,sittingGround
INJURY_RECORD,341477,3/16/2022 8:50,daca96a3-b61d-4087-9747-cea6fd7e3a43,L Forearm Laceration,Gloria_8 Root,gauzePressure,low,leftArm,FALSE,FALSE,"(4.6, 1.3, 5.9)",,,,
PATIENT_RECORD,341477,3/16/2022 8:50,daca96a3-b61d-4087-9747-cea6fd7e3a43,100,Infinity,Bob_9 Root,"(2.6, 0.0, 8.0)","(0.0, 1.0, 0.0, 0.0)",MINIMAL,walker,normal,normal,normal,calm,standing
INJURY_RECORD,341478,3/16/2022 8:50,daca96a3-b61d-4087-9747-cea6fd7e3a43,Ear Bleed,Bob_9 Root,none,low,head,FALSE,FALSE,"(0.0, 0.0, 0.0)",,,,
PATIENT_RECORD,341478,3/16/2022 8:50,daca96a3-b61d-4087-9747-cea6fd7e3a43,100,Infinity,Helga_10 Root,"(3.9, 0.0, 8.0)","(0.0, 1.0, 0.0, 0.0)",MINIMAL,walker,normal,normal,normal,calm,sittingGround
INJURY_RECORD,341478,3/16/2022 8:50,daca96a3-b61d-4087-9747-cea6fd7e3a43,Forehead Scrape,Helga_10 Root,gauzePressure,low,head,FALSE,FALSE,"(4.0, 1.5, 7.9)",,,,
TELEPORT,344732,3/16/2022 8:50,daca96a3-b61d-4087-9747-cea6fd7e3a43,"(4.2, 0.0, -4.9)",,,,,,,,,,,
VOICE_CAPTURE,347015,3/16/2022 8:50,daca96a3-b61d-4087-9747-cea6fd7e3a43,oops sorry,NA,,,,,,,,,,
PATIENT_ENGAGED,352143,3/16/2022 8:50,daca96a3-b61d-4087-9747-cea6fd7e3a43,63.87083,Infinity,Mike_5 Root,"(2.6, 0.0, 2.0)","(0.0, 1.0, 0.0, 0.0)",IMMEDIATE,waver,fast,normal,normal,calm,fetal
BAG_ACCESS,356404,3/16/2022 8:50,daca96a3-b61d-4087-9747-cea6fd7e3a43,"(3.0, 0.7, 1.6)",,,,,,,,,,,
VOICE_CAPTURE,357573,3/16/2022 8:50,daca96a3-b61d-4087-9747-cea6fd7e3a43,oh shoot OK i'm,NA,,,,,,,,,,
VOICE_CAPTURE,358380,3/16/2022 8:50,daca96a3-b61d-4087-9747-cea6fd7e3a43,so,NA,,,,,,,,,,
TAG_SELECTED,359133,3/16/2022 8:50,daca96a3-b61d-4087-9747-cea6fd7e3a43,red,,,,,,,,,,,
TAG_APPLIED,361194,3/16/2022 8:50,daca96a3-b61d-4087-9747-cea6fd7e3a43,Mike_5 Root,red,,,,,,,,,,
TOOL_HOVER,362479,3/16/2022 8:50,daca96a3-b61d-4087-9747-cea6fd7e3a43,Tourniquet,996,,,,,,,,,,
TOOL_HOVER,362508,3/16/2022 8:50,daca96a3-b61d-4087-9747-cea6fd7e3a43,Tourniquet,996,,,,,,,,,,
TOOL_HOVER,362530,3/16/2022 8:50,daca96a3-b61d-4087-9747-cea6fd7e3a43,Tourniquet,996,,,,,,,,,,
TOOL_HOVER,362559,3/16/2022 8:50,daca96a3-b61d-4087-9747-cea6fd7e3a43,Tourniquet,996,,,,,,,,,,
TOOL_HOVER,362586,3/16/2022 8:50,daca96a3-b61d-4087-9747-cea6fd7e3a43,Tourniquet,996,,,,,,,,,,
TOOL_SELECTED,362587,3/16/2022 8:50,daca96a3-b61d-4087-9747-cea6fd7e3a43,Tourniquet,995,,,,,,,,,,
INJURY_TREATED,364007,3/16/2022 8:50,daca96a3-b61d-4087-9747-cea6fd7e3a43,R Thigh Laceration,Mike_5 Root,gauzePressure,medium,rightLeg,FALSE,TRUE,"(2.9, 0.3, 1.9)",,,,
TOOL_APPLIED,364008,3/16/2022 8:50,daca96a3-b61d-4087-9747-cea6fd7e3a43,Mike_5 Root,Tourniquet,RightUpLeg (UnityEngine.GameObject),tor_ring (1) (UnityEngine.GameObject),tourniquet(Clone) (UnityEngine.GameObject),AppliedTourniquet,,,,,,
BAG_CLOSED,366877,3/16/2022 8:50,daca96a3-b61d-4087-9747-cea6fd7e3a43,"(3.0, 0.7, 1.6)",,,,,,,,,,,
VOICE_CAPTURE,367540,3/16/2022 8:50,daca96a3-b61d-4087-9747-cea6fd7e3a43,OK,NA,,,,,,,,,,
PATIENT_ENGAGED,369602,3/16/2022 8:50,daca96a3-b61d-4087-9747-cea6fd7e3a43,100,Infinity,Lily_2 Root,"(3.0, 0.0, 4.0)","(0.0, 1.0, 0.0, 0.0)",IMMEDIATE,waver,fast,fast,normal,calm,fetal
BAG_ACCESS,373165,3/16/2022 8:50,daca96a3-b61d-4087-9747-cea6fd7e3a43,"(3.3, 0.6, 3.5)",,,,,,,,,,,
TOOL_HOVER,373974,3/16/2022 8:50,daca96a3-b61d-4087-9747-cea6fd7e3a43,Gauze,999,,,,,,,,,,
TOOL_HOVER,374001,3/16/2022 8:50,daca96a3-b61d-4087-9747-cea6fd7e3a43,Gauze,999,,,,,,,,,,
TOOL_HOVER,374029,3/16/2022 8:50,daca96a3-b61d-4087-9747-cea6fd7e3a43,Gauze,999,,,,,,,,,,
TOOL_HOVER,374057,3/16/2022 8:50,daca96a3-b61d-4087-9747-cea6fd7e3a43,Gauze,999,,,,,,,,,,
TOOL_HOVER,374089,3/16/2022 8:50,daca96a3-b61d-4087-9747-cea6fd7e3a43,Gauze,999,,,,,,,,,,
TOOL_HOVER,374114,3/16/2022 8:50,daca96a3-b61d-4087-9747-cea6fd7e3a43,Gauze,999,,,,,,,,,,
TOOL_HOVER,374141,3/16/2022 8:50,daca96a3-b61d-4087-9747-cea6fd7e3a43,Gauze,999,,,,,,,,,,
TOOL_HOVER,374168,3/16/2022 8:50,daca96a3-b61d-4087-9747-cea6fd7e3a43,Gauze,999,,,,,,,,,,
TOOL_HOVER,374196,3/16/2022 8:50,daca96a3-b61d-4087-9747-cea6fd7e3a43,Gauze,999,,,,,,,,,,
TOOL_HOVER,374225,3/16/2022 8:50,daca96a3-b61d-4087-9747-cea6fd7e3a43,Gauze,999,,,,,,,,,,
TOOL_HOVER,374253,3/16/2022 8:50,daca96a3-b61d-4087-9747-cea6fd7e3a43,Gauze,999,,,,,,,,,,
TOOL_HOVER,374280,3/16/2022 8:50,daca96a3-b61d-4087-9747-cea6fd7e3a43,Gauze,999,,,,,,,,,,
TOOL_HOVER,374308,3/16/2022 8:50,daca96a3-b61d-4087-9747-cea6fd7e3a43,Gauze,999,,,,,,,,,,
TOOL_HOVER,374336,3/16/2022 8:50,daca96a3-b61d-4087-9747-cea6fd7e3a43,Gauze,999,,,,,,,,,,
TOOL_HOVER,374363,3/16/2022 8:50,daca96a3-b61d-4087-9747-cea6fd7e3a43,Tourniquet,995,,,,,,,,,,
TOOL_HOVER,374395,3/16/2022 8:50,daca96a3-b61d-4087-9747-cea6fd7e3a43,Tourniquet,995,,,,,,,,,,
TOOL_SELECTED,374396,3/16/2022 8:50,daca96a3-b61d-4087-9747-cea6fd7e3a43,Tourniquet,994,,,,,,,,,,
INJURY_TREATED,375673,3/16/2022 8:50,daca96a3-b61d-4087-9747-cea6fd7e3a43,R Shin Amputation,Lily_2 Root,tourniquet,high,rightLeg,TRUE,FALSE,"(3.3, 0.1, 3.8)",,,,
TOOL_APPLIED,375673,3/16/2022 8:50,daca96a3-b61d-4087-9747-cea6fd7e3a43,Lily_2 Root,Tourniquet,RightUpLeg (UnityEngine.GameObject),tor_ring (1) (UnityEngine.GameObject),tourniquet(Clone) (UnityEngine.GameObject),AppliedTourniquet,,,,,,
TOOL_HOVER,376257,3/16/2022 8:50,daca96a3-b61d-4087-9747-cea6fd7e3a43,Gauze,999,,,,,,,,,,
TOOL_HOVER,376284,3/16/2022 8:50,daca96a3-b61d-4087-9747-cea6fd7e3a43,Gauze,999,,,,,,,,,,
TOOL_HOVER,376315,3/16/2022 8:50,daca96a3-b61d-4087-9747-cea6fd7e3a43,Gauze,999,,,,,,,,,,
TOOL_HOVER,376342,3/16/2022 8:50,daca96a3-b61d-4087-9747-cea6fd7e3a43,Gauze,999,,,,,,,,,,
VOICE_CAPTURE,376534,3/16/2022 8:50,daca96a3-b61d-4087-9747-cea6fd7e3a43,OK sorry all right,NA,,,,,,,,,,
TAG_SELECTED,377483,3/16/2022 8:50,daca96a3-b61d-4087-9747-cea6fd7e3a43,red,,,,,,,,,,,
TAG_APPLIED,378987,3/16/2022 8:50,daca96a3-b61d-4087-9747-cea6fd7e3a43,Lily_2 Root,red,,,,,,,,,,
VOICE_CAPTURE,379236,3/16/2022 8:50,daca96a3-b61d-4087-9747-cea6fd7e3a43,i am OK thanks,NA,,,,,,,,,,
TOOL_HOVER,379462,3/16/2022 8:50,daca96a3-b61d-4087-9747-cea6fd7e3a43,Tourniquet,994,,,,,,,,,,
TOOL_HOVER,379490,3/16/2022 8:50,daca96a3-b61d-4087-9747-cea6fd7e3a43,Tourniquet,994,,,,,,,,,,
TOOL_HOVER,379517,3/16/2022 8:50,daca96a3-b61d-4087-9747-cea6fd7e3a43,Tourniquet,994,,,,,,,,,,
TOOL_HOVER,379544,3/16/2022 8:50,daca96a3-b61d-4087-9747-cea6fd7e3a43,Tourniquet,994,,,,,,,,,,
TOOL_HOVER,379572,3/16/2022 8:50,daca96a3-b61d-4087-9747-cea6fd7e3a43,Tourniquet,994,,,,,,,,,,
TOOL_HOVER,379600,3/16/2022 8:50,daca96a3-b61d-4087-9747-cea6fd7e3a43,Tourniquet,994,,,,,,,,,,
TOOL_HOVER,379627,3/16/2022 8:50,daca96a3-b61d-4087-9747-cea6fd7e3a43,Tourniquet,994,,,,,,,,,,
TOOL_HOVER,379655,3/16/2022 8:50,daca96a3-b61d-4087-9747-cea6fd7e3a43,Tourniquet,994,,,,,,,,,,
TOOL_HOVER,379683,3/16/2022 8:50,daca96a3-b61d-4087-9747-cea6fd7e3a43,Tourniquet,994,,,,,,,,,,
TOOL_HOVER,379711,3/16/2022 8:50,daca96a3-b61d-4087-9747-cea6fd7e3a43,Tourniquet,994,,,,,,,,,,
TOOL_HOVER,379738,3/16/2022 8:50,daca96a3-b61d-4087-9747-cea6fd7e3a43,Tourniquet,994,,,,,,,,,,
TOOL_HOVER,379767,3/16/2022 8:50,daca96a3-b61d-4087-9747-cea6fd7e3a43,Tourniquet,994,,,,,,,,,,
TOOL_HOVER,379795,3/16/2022 8:50,daca96a3-b61d-4087-9747-cea6fd7e3a43,Tourniquet,994,,,,,,,,,,
TOOL_HOVER,379822,3/16/2022 8:50,daca96a3-b61d-4087-9747-cea6fd7e3a43,Tourniquet,994,,,,,,,,,,
TOOL_HOVER,379850,3/16/2022 8:50,daca96a3-b61d-4087-9747-cea6fd7e3a43,Tourniquet,994,,,,,,,,,,
VOICE_CAPTURE,381076,3/16/2022 8:50,daca96a3-b61d-4087-9747-cea6fd7e3a43,thank you,NA,,,,,,,,,,
VOICE_CAPTURE,383164,3/16/2022 8:50,daca96a3-b61d-4087-9747-cea6fd7e3a43,OK,NA,,,,,,,,,,
BAG_CLOSED,383276,3/16/2022 8:50,daca96a3-b61d-4087-9747-cea6fd7e3a43,"(3.3, 0.6, 3.5)",,,,,,,,,,,
TELEPORT,383276,3/16/2022 8:50,daca96a3-b61d-4087-9747-cea6fd7e3a43,"(3.4, 0.0, -0.5)",,,,,,,,,,,
VOICE_CAPTURE,385894,3/16/2022 8:50,daca96a3-b61d-4087-9747-cea6fd7e3a43,yeah sorry thank you,NA,,,,,,,,,,
PATIENT_ENGAGED,387256,3/16/2022 8:50,daca96a3-b61d-4087-9747-cea6fd7e3a43,100,0,Gary_3 Root,"(0.0, 0.0, 2.0)","(0.0, 0.0, 0.0, 1.0)",IMMEDIATE,still,faint,collapsedRight,normal,unresponsive,supine
PULSE_TAKEN,389789,3/16/2022 8:50,daca96a3-b61d-4087-9747-cea6fd7e3a43,pulse_faint,Gary_3 Root,,,,,,,,,,
VOICE_CAPTURE,392132,3/16/2022 8:50,daca96a3-b61d-4087-9747-cea6fd7e3a43,can i feel so sorry,NA,,,,,,,,,,
BAG_ACCESS,396444,3/16/2022 8:50,daca96a3-b61d-4087-9747-cea6fd7e3a43,"(0.7, 0.6, 1.8)",,,,,,,,,,,
TOOL_HOVER,398061,3/16/2022 8:50,daca96a3-b61d-4087-9747-cea6fd7e3a43,Needle,999,,,,,,,,,,
TOOL_HOVER,398089,3/16/2022 8:50,daca96a3-b61d-4087-9747-cea6fd7e3a43,Needle,999,,,,,,,,,,
TOOL_HOVER,398119,3/16/2022 8:50,daca96a3-b61d-4087-9747-cea6fd7e3a43,Needle,999,,,,,,,,,,
TOOL_HOVER,398145,3/16/2022 8:50,daca96a3-b61d-4087-9747-cea6fd7e3a43,Needle,999,,,,,,,,,,
TOOL_HOVER,398174,3/16/2022 8:50,daca96a3-b61d-4087-9747-cea6fd7e3a43,Needle,999,,,,,,,,,,
TOOL_HOVER,398200,3/16/2022 8:50,daca96a3-b61d-4087-9747-cea6fd7e3a43,Needle,999,,,,,,,,,,
TOOL_HOVER,398228,3/16/2022 8:50,daca96a3-b61d-4087-9747-cea6fd7e3a43,Needle,999,,,,,,,,,,
TOOL_HOVER,398256,3/16/2022 8:50,daca96a3-b61d-4087-9747-cea6fd7e3a43,Needle,999,,,,,,,,,,
TOOL_HOVER,398285,3/16/2022 8:50,daca96a3-b61d-4087-9747-cea6fd7e3a43,Needle,999,,,,,,,,,,
TOOL_HOVER,398314,3/16/2022 8:50,daca96a3-b61d-4087-9747-cea6fd7e3a43,Needle,999,,,,,,,,,,
TOOL_HOVER,398339,3/16/2022 8:50,daca96a3-b61d-4087-9747-cea6fd7e3a43,Needle,999,,,,,,,,,,
TOOL_HOVER,398367,3/16/2022 8:50,daca96a3-b61d-4087-9747-cea6fd7e3a43,Needle,999,,,,,,,,,,
TOOL_HOVER,398397,3/16/2022 8:50,daca96a3-b61d-4087-9747-cea6fd7e3a43,Needle,999,,,,,,,,,,
TOOL_HOVER,398424,3/16/2022 8:50,daca96a3-b61d-4087-9747-cea6fd7e3a43,Needle,999,,,,,,,,,,
TOOL_HOVER,398452,3/16/2022 8:50,daca96a3-b61d-4087-9747-cea6fd7e3a43,Needle,999,,,,,,,,,,
TOOL_HOVER,398479,3/16/2022 8:50,daca96a3-b61d-4087-9747-cea6fd7e3a43,Needle,999,,,,,,,,,,
TOOL_HOVER,398507,3/16/2022 8:50,daca96a3-b61d-4087-9747-cea6fd7e3a43,Needle,999,,,,,,,,,,
TOOL_SELECTED,398509,3/16/2022 8:50,daca96a3-b61d-4087-9747-cea6fd7e3a43,Needle,998,,,,,,,,,,
TOOL_DISCARDED,398731,3/16/2022 8:51,daca96a3-b61d-4087-9747-cea6fd7e3a43,Needle,998,"(0.4, 0.7, 2.2)",,,,,,,,,
TOOL_HOVER,398776,3/16/2022 8:51,daca96a3-b61d-4087-9747-cea6fd7e3a43,Tourniquet,994,,,,,,,,,,
TOOL_HOVER,398789,3/16/2022 8:51,daca96a3-b61d-4087-9747-cea6fd7e3a43,Tourniquet,994,,,,,,,,,,
TOOL_HOVER,398810,3/16/2022 8:51,daca96a3-b61d-4087-9747-cea6fd7e3a43,Tourniquet,994,,,,,,,,,,
TOOL_HOVER,398838,3/16/2022 8:51,daca96a3-b61d-4087-9747-cea6fd7e3a43,Tourniquet,994,,,,,,,,,,
TOOL_HOVER,398866,3/16/2022 8:51,daca96a3-b61d-4087-9747-cea6fd7e3a43,Gauze,999,,,,,,,,,,
TOOL_HOVER,398894,3/16/2022 8:51,daca96a3-b61d-4087-9747-cea6fd7e3a43,Gauze,999,,,,,,,,,,
TOOL_HOVER,398922,3/16/2022 8:51,daca96a3-b61d-4087-9747-cea6fd7e3a43,Gauze,999,,,,,,,,,,
TOOL_HOVER,398951,3/16/2022 8:51,daca96a3-b61d-4087-9747-cea6fd7e3a43,Gauze,999,,,,,,,,,,
TOOL_HOVER,398978,3/16/2022 8:51,daca96a3-b61d-4087-9747-cea6fd7e3a43,Gauze,999,,,,,,,,,,
TOOL_HOVER,399005,3/16/2022 8:51,daca96a3-b61d-4087-9747-cea6fd7e3a43,Gauze,999,,,,,,,,,,
TOOL_HOVER,399034,3/16/2022 8:51,daca96a3-b61d-4087-9747-cea6fd7e3a43,Gauze,999,,,,,,,,,,
PULSE_TAKEN,401708,3/16/2022 8:51,daca96a3-b61d-4087-9747-cea6fd7e3a43,pulse_faint,Gary_3 Root,,,,,,,,,,
PULSE_TAKEN,402043,3/16/2022 8:51,daca96a3-b61d-4087-9747-cea6fd7e3a43,pulse_faint,Gary_3 Root,,,,,,,,,,
PULSE_TAKEN,402154,3/16/2022 8:51,daca96a3-b61d-4087-9747-cea6fd7e3a43,pulse_faint,Gary_3 Root,,,,,,,,,,
VOICE_CAPTURE,404186,3/16/2022 8:51,daca96a3-b61d-4087-9747-cea6fd7e3a43,i'm assuming the sides collapse,NA,,,,,,,,,,
TOOL_HOVER,405275,3/16/2022 8:51,daca96a3-b61d-4087-9747-cea6fd7e3a43,Tourniquet,994,,,,,,,,,,
TOOL_HOVER,405302,3/16/2022 8:51,daca96a3-b61d-4087-9747-cea6fd7e3a43,Tourniquet,994,,,,,,,,,,
TOOL_HOVER,405330,3/16/2022 8:51,daca96a3-b61d-4087-9747-cea6fd7e3a43,Tourniquet,994,,,,,,,,,,
TOOL_HOVER,405358,3/16/2022 8:51,daca96a3-b61d-4087-9747-cea6fd7e3a43,Tourniquet,994,,,,,,,,,,
TOOL_HOVER,405388,3/16/2022 8:51,daca96a3-b61d-4087-9747-cea6fd7e3a43,Tourniquet,994,,,,,,,,,,
TOOL_HOVER,405415,3/16/2022 8:51,daca96a3-b61d-4087-9747-cea6fd7e3a43,Tourniquet,994,,,,,,,,,,
TOOL_HOVER,405442,3/16/2022 8:51,daca96a3-b61d-4087-9747-cea6fd7e3a43,Tourniquet,994,,,,,,,,,,
TOOL_HOVER,405470,3/16/2022 8:51,daca96a3-b61d-4087-9747-cea6fd7e3a43,Needle,999,,,,,,,,,,
TOOL_HOVER,405498,3/16/2022 8:51,daca96a3-b61d-4087-9747-cea6fd7e3a43,Needle,999,,,,,,,,,,
TOOL_HOVER,405526,3/16/2022 8:51,daca96a3-b61d-4087-9747-cea6fd7e3a43,Needle,999,,,,,,,,,,
TOOL_HOVER,405555,3/16/2022 8:51,daca96a3-b61d-4087-9747-cea6fd7e3a43,Needle,999,,,,,,,,,,
TOOL_HOVER,405581,3/16/2022 8:51,daca96a3-b61d-4087-9747-cea6fd7e3a43,Needle,999,,,,,,,,,,
TOOL_HOVER,405609,3/16/2022 8:51,daca96a3-b61d-4087-9747-cea6fd7e3a43,Needle,999,,,,,,,,,,
TOOL_HOVER,405637,3/16/2022 8:51,daca96a3-b61d-4087-9747-cea6fd7e3a43,Needle,999,,,,,,,,,,
TOOL_HOVER,405667,3/16/2022 8:51,daca96a3-b61d-4087-9747-cea6fd7e3a43,Needle,999,,,,,,,,,,
TOOL_HOVER,405693,3/16/2022 8:51,daca96a3-b61d-4087-9747-cea6fd7e3a43,Needle,999,,,,,,,,,,
TOOL_HOVER,405720,3/16/2022 8:51,daca96a3-b61d-4087-9747-cea6fd7e3a43,Needle,999,,,,,,,,,,
TOOL_HOVER,405749,3/16/2022 8:51,daca96a3-b61d-4087-9747-cea6fd7e3a43,Needle,999,,,,,,,,,,
TOOL_HOVER,405777,3/16/2022 8:51,daca96a3-b61d-4087-9747-cea6fd7e3a43,Needle,999,,,,,,,,,,
TOOL_SELECTED,405778,3/16/2022 8:51,daca96a3-b61d-4087-9747-cea6fd7e3a43,Needle,998,,,,,,,,,,
VOICE_CAPTURE,407613,3/16/2022 8:51,daca96a3-b61d-4087-9747-cea6fd7e3a43,how do i do the sorry,NA,,,,,,,,,,
INJURY_TREATED,407951,3/16/2022 8:51,daca96a3-b61d-4087-9747-cea6fd7e3a43,R Chest Collapse,Gary_3 Root,decompress,high,chest,TRUE,FALSE,"(0.0, 0.0, 0.0)",,,,
TOOL_APPLIED,407951,3/16/2022 8:51,daca96a3-b61d-4087-9747-cea6fd7e3a43,Needle_Decomp(Clone),Needle,RChest_Breathe1 (UnityEngine.GameObject),cath_needle (UnityEngine.GameObject),right_chest,Needle_Decomp(Clone) (UnityEngine.GameObject),AppliedDecompNeedle,,,,,
TAG_SELECTED,410149,3/16/2022 8:51,daca96a3-b61d-4087-9747-cea6fd7e3a43,red,,,,,,,,,,,
TAG_APPLIED,410514,3/16/2022 8:51,daca96a3-b61d-4087-9747-cea6fd7e3a43,Gary_3 Root,red,,,,,,,,,,
PULSE_TAKEN,410738,3/16/2022 8:51,daca96a3-b61d-4087-9747-cea6fd7e3a43,pulse_faint,Gary_3 Root,,,,,,,,,,
VOICE_CAPTURE,413469,3/16/2022 8:51,daca96a3-b61d-4087-9747-cea6fd7e3a43,OK so do the tag,NA,,,,,,,,,,
BAG_CLOSED,415333,3/16/2022 8:51,daca96a3-b61d-4087-9747-cea6fd7e3a43,"(0.7, 0.6, 1.8)",,,,,,,,,,,
VOICE_CAPTURE,417724,3/16/2022 8:51,daca96a3-b61d-4087-9747-cea6fd7e3a43,oh sorry,NA,,,,,,,,,,
VOICE_CAPTURE,418421,3/16/2022 8:51,daca96a3-b61d-4087-9747-cea6fd7e3a43,play start,NA,,,,,,,,,,
VOICE_CAPTURE,422014,3/16/2022 8:51,daca96a3-b61d-4087-9747-cea6fd7e3a43,two steps back,NA,,,,,,,,,,
VOICE_CAPTURE,425469,3/16/2022 8:51,daca96a3-b61d-4087-9747-cea6fd7e3a43,oh i know,NA,,,,,,,,,,
TELEPORT,430397,3/16/2022 8:51,daca96a3-b61d-4087-9747-cea6fd7e3a43,"(1.4, 0.0, -1.5)",,,,,,,,,,,
VOICE_CAPTURE,432317,3/16/2022 8:51,daca96a3-b61d-4087-9747-cea6fd7e3a43,oh sorry i said if you can hear me walk towards the stairs,NA,,,,,,,,,,
VOICE_COMMAND,432317,3/16/2022 8:51,daca96a3-b61d-4087-9747-cea6fd7e3a43,walk to the safe area,oh sorry i said if you can hear me walk towards the stairs,,,,,,,,,,
S_A_L_T_WALK_IF_CAN,432319,3/16/2022 8:51,daca96a3-b61d-4087-9747-cea6fd7e3a43,"(-1.0, 0.0, 6.0)",walkIfCan,Bob_0 Root,,,,,,,,,
S_A_L_T_WALK_IF_CAN,432319,3/16/2022 8:51,daca96a3-b61d-4087-9747-cea6fd7e3a43,"(2.0, 0.0, 7.0)",walkIfCan,Gary_1 Root,,,,,,,,,
S_A_L_T_WALK_IF_CAN,432319,3/16/2022 8:51,daca96a3-b61d-4087-9747-cea6fd7e3a43,"(3.0, 0.0, 4.0)",walkIfCan,Lily_2 Root,,,,,,,,,
S_A_L_T_WALK_IF_CAN,432319,3/16/2022 8:51,daca96a3-b61d-4087-9747-cea6fd7e3a43,"(0.0, 0.0, 2.0)",walkIfCan,Gary_3 Root,,,,,,,,,
S_A_L_T_WALK_IF_CAN,432319,3/16/2022 8:51,daca96a3-b61d-4087-9747-cea6fd7e3a43,"(1.4, 0.0, 6.0)",walkIfCan,Lily_4 Root,,,,,,,,,
S_A_L_T_WALK_IF_CAN,432319,3/16/2022 8:51,daca96a3-b61d-4087-9747-cea6fd7e3a43,"(2.6, 0.0, 2.0)",walkIfCan,Mike_5 Root,,,,,,,,,
S_A_L_T_WALK_IF_CAN,432319,3/16/2022 8:51,daca96a3-b61d-4087-9747-cea6fd7e3a43,"(-1.0, 0.0, 3.2)",walkIfCan,Gloria_6 Root,,,,,,,,,
S_A_L_T_WALK_IF_CAN,432319,3/16/2022 8:51,daca96a3-b61d-4087-9747-cea6fd7e3a43,"(1.4, 0.0, 4.0)",walkIfCan,Mike_7 Root,,,,,,,,,
S_A_L_T_WALK_IF_CAN,432319,3/16/2022 8:51,daca96a3-b61d-4087-9747-cea6fd7e3a43,"(4.0, 0.0, 6.0)",walkIfCan,Gloria_8 Root,,,,,,,,,
S_A_L_T_WALKED,432319,3/16/2022 8:51,daca96a3-b61d-4087-9747-cea6fd7e3a43,"(4.0, 0.0, 6.0)",walked,Gloria_8 Root,,,,,,,,,
S_A_L_T_WALK_IF_CAN,432320,3/16/2022 8:51,daca96a3-b61d-4087-9747-cea6fd7e3a43,"(2.6, 0.0, 8.0)",walkIfCan,Bob_9 Root,,,,,,,,,
S_A_L_T_WALKED,432320,3/16/2022 8:51,daca96a3-b61d-4087-9747-cea6fd7e3a43,"(2.6, 0.0, 8.0)",walked,Bob_9 Root,,,,,,,,,
S_A_L_T_WALK_IF_CAN,432320,3/16/2022 8:51,daca96a3-b61d-4087-9747-cea6fd7e3a43,"(3.9, 0.0, 8.0)",walkIfCan,Helga_10 Root,,,,,,,,,
S_A_L_T_WALKED,432320,3/16/2022 8:51,daca96a3-b61d-4087-9747-cea6fd7e3a43,"(3.9, 0.0, 8.0)",walked,Helga_10 Root,,,,,,,,,
VOICE_CAPTURE,437357,3/16/2022 8:51,daca96a3-b61d-4087-9747-cea6fd7e3a43,OK,NA,,,,,,,,,,
PATIENT_ENGAGED,437386,3/16/2022 8:51,daca96a3-b61d-4087-9747-cea6fd7e3a43,63.87083,Infinity,Mike_7 Root,"(1.4, 0.0, 4.0)","(0.0, 0.1, 0.0, 1.0)",DELAYED,waver,fast,normal,normal,calm,sittingGround
BAG_ACCESS,438779,3/16/2022 8:51,daca96a3-b61d-4087-9747-cea6fd7e3a43,"(1.6, 0.7, 4.0)",,,,,,,,,,,
TOOL_HOVER,439558,3/16/2022 8:51,daca96a3-b61d-4087-9747-cea6fd7e3a43,Tourniquet,994,,,,,,,,,,
TOOL_HOVER,439589,3/16/2022 8:51,daca96a3-b61d-4087-9747-cea6fd7e3a43,Tourniquet,994,,,,,,,,,,
TOOL_HOVER,439615,3/16/2022 8:51,daca96a3-b61d-4087-9747-cea6fd7e3a43,Tourniquet,994,,,,,,,,,,
TOOL_HOVER,439642,3/16/2022 8:51,daca96a3-b61d-4087-9747-cea6fd7e3a43,Tourniquet,994,,,,,,,,,,
TOOL_HOVER,439669,3/16/2022 8:51,daca96a3-b61d-4087-9747-cea6fd7e3a43,Tourniquet,994,,,,,,,,,,
TOOL_HOVER,439698,3/16/2022 8:51,daca96a3-b61d-4087-9747-cea6fd7e3a43,Tourniquet,994,,,,,,,,,,
TOOL_HOVER,439725,3/16/2022 8:51,daca96a3-b61d-4087-9747-cea6fd7e3a43,Tourniquet,994,,,,,,,,,,
TOOL_HOVER,439754,3/16/2022 8:51,daca96a3-b61d-4087-9747-cea6fd7e3a43,Tourniquet,994,,,,,,,,,,
TOOL_HOVER,439780,3/16/2022 8:51,daca96a3-b61d-4087-9747-cea6fd7e3a43,Tourniquet,994,,,,,,,,,,
TOOL_HOVER,439808,3/16/2022 8:51,daca96a3-b61d-4087-9747-cea6fd7e3a43,Tourniquet,994,,,,,,,,,,
TOOL_HOVER,439836,3/16/2022 8:51,daca96a3-b61d-4087-9747-cea6fd7e3a43,Tourniquet,994,,,,,,,,,,
TOOL_HOVER,439864,3/16/2022 8:51,daca96a3-b61d-4087-9747-cea6fd7e3a43,Tourniquet,994,,,,,,,,,,
TOOL_SELECTED,439866,3/16/2022 8:51,daca96a3-b61d-4087-9747-cea6fd7e3a43,Tourniquet,993,,,,,,,,,,
TOOL_HOVER,440814,3/16/2022 8:51,daca96a3-b61d-4087-9747-cea6fd7e3a43,Gauze,999,,,,,,,,,,
TOOL_HOVER,440840,3/16/2022 8:51,daca96a3-b61d-4087-9747-cea6fd7e3a43,Gauze,999,,,,,,,,,,
TOOL_HOVER,440867,3/16/2022 8:51,daca96a3-b61d-4087-9747-cea6fd7e3a43,Gauze,999,,,,,,,,,,
TOOL_HOVER,440895,3/16/2022 8:51,daca96a3-b61d-4087-9747-cea6fd7e3a43,Gauze,999,,,,,,,,,,
TOOL_HOVER,440923,3/16/2022 8:51,daca96a3-b61d-4087-9747-cea6fd7e3a43,Gauze,999,,,,,,,,,,
TOOL_HOVER,440954,3/16/2022 8:51,daca96a3-b61d-4087-9747-cea6fd7e3a43,Gauze,999,,,,,,,,,,
TOOL_HOVER,440979,3/16/2022 8:51,daca96a3-b61d-4087-9747-cea6fd7e3a43,Gauze,999,,,,,,,,,,
TOOL_HOVER,441006,3/16/2022 8:51,daca96a3-b61d-4087-9747-cea6fd7e3a43,Gauze,999,,,,,,,,,,
INJURY_TREATED,441285,3/16/2022 8:51,daca96a3-b61d-4087-9747-cea6fd7e3a43,L Thigh Puncture,Mike_7 Root,tourniquet,medium,leftLeg,TRUE,FALSE,"(0.8, 0.1, 4.1)",,,,
TOOL_APPLIED,441285,3/16/2022 8:51,daca96a3-b61d-4087-9747-cea6fd7e3a43,Mike_7 Root,Tourniquet,LeftUpLeg (UnityEngine.GameObject),tor_ring (1) (UnityEngine.GameObject),tourniquet(Clone) (UnityEngine.GameObject),AppliedTourniquet,,,,,,
TOOL_HOVER,441619,3/16/2022 8:51,daca96a3-b61d-4087-9747-cea6fd7e3a43,Gauze,999,,,,,,,,,,
TOOL_HOVER,441648,3/16/2022 8:51,daca96a3-b61d-4087-9747-cea6fd7e3a43,Gauze,999,,,,,,,,,,
TOOL_HOVER,441675,3/16/2022 8:51,daca96a3-b61d-4087-9747-cea6fd7e3a43,Gauze,999,,,,,,,,,,
TOOL_HOVER,441703,3/16/2022 8:51,daca96a3-b61d-4087-9747-cea6fd7e3a43,Gauze,999,,,,,,,,,,
TOOL_HOVER,441730,3/16/2022 8:51,daca96a3-b61d-4087-9747-cea6fd7e3a43,Gauze,999,,,,,,,,,,
TOOL_HOVER,441758,3/16/2022 8:51,daca96a3-b61d-4087-9747-cea6fd7e3a43,Gauze,999,,,,,,,,,,
TOOL_HOVER,441785,3/16/2022 8:51,daca96a3-b61d-4087-9747-cea6fd7e3a43,Gauze,999,,,,,,,,,,
TOOL_HOVER,441814,3/16/2022 8:51,daca96a3-b61d-4087-9747-cea6fd7e3a43,Gauze,999,,,,,,,,,,
TOOL_HOVER,441841,3/16/2022 8:51,daca96a3-b61d-4087-9747-cea6fd7e3a43,Gauze,999,,,,,,,,,,
TOOL_HOVER,441870,3/16/2022 8:51,daca96a3-b61d-4087-9747-cea6fd7e3a43,Gauze,999,,,,,,,,,,
TOOL_HOVER,441899,3/16/2022 8:51,daca96a3-b61d-4087-9747-cea6fd7e3a43,Gauze,999,,,,,,,,,,
TOOL_HOVER,441926,3/16/2022 8:51,daca96a3-b61d-4087-9747-cea6fd7e3a43,Gauze,999,,,,,,,,,,
TOOL_HOVER,441953,3/16/2022 8:51,daca96a3-b61d-4087-9747-cea6fd7e3a43,Gauze,999,,,,,,,,,,
TOOL_HOVER,441980,3/16/2022 8:51,daca96a3-b61d-4087-9747-cea6fd7e3a43,Gauze,999,,,,,,,,,,
TOOL_HOVER,442008,3/16/2022 8:51,daca96a3-b61d-4087-9747-cea6fd7e3a43,Gauze,999,,,,,,,,,,
TOOL_HOVER,442455,3/16/2022 8:51,daca96a3-b61d-4087-9747-cea6fd7e3a43,Tourniquet,993,,,,,,,,,,
TOOL_HOVER,442483,3/16/2022 8:51,daca96a3-b61d-4087-9747-cea6fd7e3a43,Tourniquet,993,,,,,,,,,,
TOOL_HOVER,442510,3/16/2022 8:51,daca96a3-b61d-4087-9747-cea6fd7e3a43,Tourniquet,993,,,,,,,,,,
TOOL_HOVER,442539,3/16/2022 8:51,daca96a3-b61d-4087-9747-cea6fd7e3a43,Tourniquet,993,,,,,,,,,,
TOOL_HOVER,442567,3/16/2022 8:51,daca96a3-b61d-4087-9747-cea6fd7e3a43,Tourniquet,993,,,,,,,,,,
TOOL_HOVER,442594,3/16/2022 8:51,daca96a3-b61d-4087-9747-cea6fd7e3a43,Tourniquet,993,,,,,,,,,,
TOOL_HOVER,442621,3/16/2022 8:51,daca96a3-b61d-4087-9747-cea6fd7e3a43,Tourniquet,993,,,,,,,,,,
TOOL_HOVER,442649,3/16/2022 8:51,daca96a3-b61d-4087-9747-cea6fd7e3a43,Tourniquet,993,,,,,,,,,,
TOOL_HOVER,442678,3/16/2022 8:51,daca96a3-b61d-4087-9747-cea6fd7e3a43,Tourniquet,993,,,,,,,,,,
TOOL_SELECTED,442679,3/16/2022 8:51,daca96a3-b61d-4087-9747-cea6fd7e3a43,Tourniquet,992,,,,,,,,,,
TOOL_HOVER,443513,3/16/2022 8:51,daca96a3-b61d-4087-9747-cea6fd7e3a43,Gauze,999,,,,,,,,,,
TOOL_HOVER,443541,3/16/2022 8:51,daca96a3-b61d-4087-9747-cea6fd7e3a43,Gauze,999,,,,,,,,,,
TOOL_HOVER,443568,3/16/2022 8:51,daca96a3-b61d-4087-9747-cea6fd7e3a43,Gauze,999,,,,,,,,,,
TOOL_HOVER,443597,3/16/2022 8:51,daca96a3-b61d-4087-9747-cea6fd7e3a43,Gauze,999,,,,,,,,,,
TOOL_HOVER,443625,3/16/2022 8:51,daca96a3-b61d-4087-9747-cea6fd7e3a43,Gauze,999,,,,,,,,,,
TOOL_HOVER,443651,3/16/2022 8:51,daca96a3-b61d-4087-9747-cea6fd7e3a43,Gauze,999,,,,,,,,,,
TOOL_HOVER,443680,3/16/2022 8:51,daca96a3-b61d-4087-9747-cea6fd7e3a43,Gauze,999,,,,,,,,,,
TOOL_HOVER,443707,3/16/2022 8:51,daca96a3-b61d-4087-9747-cea6fd7e3a43,Gauze,999,,,,,,,,,,
TOOL_HOVER,443736,3/16/2022 8:51,daca96a3-b61d-4087-9747-cea6fd7e3a43,Gauze,999,,,,,,,,,,
TOOL_HOVER,443764,3/16/2022 8:51,daca96a3-b61d-4087-9747-cea6fd7e3a43,Gauze,999,,,,,,,,,,
TOOL_HOVER,443791,3/16/2022 8:51,daca96a3-b61d-4087-9747-cea6fd7e3a43,Gauze,999,,,,,,,,,,
TOOL_HOVER,443819,3/16/2022 8:51,daca96a3-b61d-4087-9747-cea6fd7e3a43,Gauze,999,,,,,,,,,,
TOOL_HOVER,443847,3/16/2022 8:51,daca96a3-b61d-4087-9747-cea6fd7e3a43,Gauze,999,,,,,,,,,,
TOOL_HOVER,443877,3/16/2022 8:51,daca96a3-b61d-4087-9747-cea6fd7e3a43,Gauze,999,,,,,,,,,,
TOOL_HOVER,443902,3/16/2022 8:51,daca96a3-b61d-4087-9747-cea6fd7e3a43,Gauze,999,,,,,,,,,,
TOOL_HOVER,443930,3/16/2022 8:51,daca96a3-b61d-4087-9747-cea6fd7e3a43,Gauze,999,,,,,,,,,,
TOOL_HOVER,443958,3/16/2022 8:51,daca96a3-b61d-4087-9747-cea6fd7e3a43,Gauze,999,,,,,,,,,,
TOOL_HOVER,443986,3/16/2022 8:51,daca96a3-b61d-4087-9747-cea6fd7e3a43,Gauze,999,,,,,,,,,,
TOOL_HOVER,444014,3/16/2022 8:51,daca96a3-b61d-4087-9747-cea6fd7e3a43,Gauze,999,,,,,,,,,,
TOOL_HOVER,444042,3/16/2022 8:51,daca96a3-b61d-4087-9747-cea6fd7e3a43,Gauze,999,,,,,,,,,,
TOOL_HOVER,444069,3/16/2022 8:51,daca96a3-b61d-4087-9747-cea6fd7e3a43,Gauze,999,,,,,,,,,,
TOOL_HOVER,444097,3/16/2022 8:51,daca96a3-b61d-4087-9747-cea6fd7e3a43,Gauze,999,,,,,,,,,,
TOOL_HOVER,444125,3/16/2022 8:51,daca96a3-b61d-4087-9747-cea6fd7e3a43,Gauze,999,,,,,,,,,,
TOOL_HOVER,444154,3/16/2022 8:51,daca96a3-b61d-4087-9747-cea6fd7e3a43,Gauze,999,,,,,,,,,,
INJURY_TREATED,444154,3/16/2022 8:51,daca96a3-b61d-4087-9747-cea6fd7e3a43,R Calf Laceration,Mike_7 Root,gauzePressure,low,rightLeg,FALSE,TRUE,"(1.4, 0.2, 4.4)",,,,
TOOL_APPLIED,444155,3/16/2022 8:51,daca96a3-b61d-4087-9747-cea6fd7e3a43,Mike_7 Root,Tourniquet,RightLeg (UnityEngine.GameObject),tor_ring (1) (UnityEngine.GameObject),tourniquet(Clone) (UnityEngine.GameObject),AppliedTourniquet,,,,,,
TOOL_HOVER,444181,3/16/2022 8:51,daca96a3-b61d-4087-9747-cea6fd7e3a43,Gauze,999,,,,,,,,,,
TOOL_HOVER,444208,3/16/2022 8:51,daca96a3-b61d-4087-9747-cea6fd7e3a43,Gauze,999,,,,,,,,,,
TOOL_HOVER,444237,3/16/2022 8:51,daca96a3-b61d-4087-9747-cea6fd7e3a43,Gauze,999,,,,,,,,,,
TOOL_HOVER,444264,3/16/2022 8:51,daca96a3-b61d-4087-9747-cea6fd7e3a43,Gauze,999,,,,,,,,,,
TOOL_HOVER,444294,3/16/2022 8:51,daca96a3-b61d-4087-9747-cea6fd7e3a43,Gauze,999,,,,,,,,,,
TOOL_HOVER,444320,3/16/2022 8:51,daca96a3-b61d-4087-9747-cea6fd7e3a43,Gauze,999,,,,,,,,,,
TOOL_HOVER,444348,3/16/2022 8:51,daca96a3-b61d-4087-9747-cea6fd7e3a43,Gauze,999,,,,,,,,,,
TOOL_HOVER,444376,3/16/2022 8:51,daca96a3-b61d-4087-9747-cea6fd7e3a43,Gauze,999,,,,,,,,,,
TOOL_HOVER,444403,3/16/2022 8:51,daca96a3-b61d-4087-9747-cea6fd7e3a43,Gauze,999,,,,,,,,,,
TOOL_HOVER,444435,3/16/2022 8:51,daca96a3-b61d-4087-9747-cea6fd7e3a43,Gauze,999,,,,,,,,,,
TOOL_HOVER,444460,3/16/2022 8:51,daca96a3-b61d-4087-9747-cea6fd7e3a43,Gauze,999,,,,,,,,,,
TOOL_HOVER,444487,3/16/2022 8:51,daca96a3-b61d-4087-9747-cea6fd7e3a43,Gauze,999,,,,,,,,,,
TOOL_HOVER,444654,3/16/2022 8:51,daca96a3-b61d-4087-9747-cea6fd7e3a43,Gauze,999,,,,,,,,,,
TOOL_HOVER,444685,3/16/2022 8:51,daca96a3-b61d-4087-9747-cea6fd7e3a43,Gauze,999,,,,,,,,,,
TOOL_HOVER,444710,3/16/2022 8:51,daca96a3-b61d-4087-9747-cea6fd7e3a43,Gauze,999,,,,,,,,,,
TOOL_HOVER,444738,3/16/2022 8:51,daca96a3-b61d-4087-9747-cea6fd7e3a43,Gauze,999,,,,,,,,,,
TAG_SELECTED,446577,3/16/2022 8:51,daca96a3-b61d-4087-9747-cea6fd7e3a43,red,,,,,,,,,,,
TAG_APPLIED,447524,3/16/2022 8:51,daca96a3-b61d-4087-9747-cea6fd7e3a43,Mike_7 Root,red,,,,,,,,,,
PULSE_TAKEN,447550,3/16/2022 8:51,daca96a3-b61d-4087-9747-cea6fd7e3a43,pulse_fast,Mike_7 Root,,,,,,,,,,
VOICE_CAPTURE,451059,3/16/2022 8:51,daca96a3-b61d-4087-9747-cea6fd7e3a43,who,NA,,,,,,,,,,
BAG_CLOSED,452842,3/16/2022 8:51,daca96a3-b61d-4087-9747-cea6fd7e3a43,"(1.6, 0.7, 4.0)",,,,,,,,,,,
TELEPORT,452842,3/16/2022 8:51,daca96a3-b61d-4087-9747-cea6fd7e3a43,"(1.7, 0.0, 0.8)",,,,,,,,,,,
VOICE_CAPTURE,454901,3/16/2022 8:51,daca96a3-b61d-4087-9747-cea6fd7e3a43,alright that person,NA,,,,,,,,,,
PATIENT_ENGAGED,455794,3/16/2022 8:51,daca96a3-b61d-4087-9747-cea6fd7e3a43,100,Infinity,Lily_4 Root,"(1.4, 0.0, 6.0)","(0.0, 1.0, 0.0, 0.0)",IMMEDIATE,waver,fast,normal,normal,calm,fetal
BAG_ACCESS,459389,3/16/2022 8:52,daca96a3-b61d-4087-9747-cea6fd7e3a43,"(1.2, 0.7, 5.1)",,,,,,,,,,,
VOICE_CAPTURE,460859,3/16/2022 8:52,daca96a3-b61d-4087-9747-cea6fd7e3a43,OK uhm,NA,,,,,,,,,,
VOICE_CAPTURE,463896,3/16/2022 8:52,daca96a3-b61d-4087-9747-cea6fd7e3a43,hello,NA,,,,,,,,,,
VOICE_CAPTURE,464733,3/16/2022 8:52,daca96a3-b61d-4087-9747-cea6fd7e3a43,ashley,NA,,,,,,,,,,
BAG_CLOSED,467381,3/16/2022 8:52,daca96a3-b61d-4087-9747-cea6fd7e3a43,"(1.2, 0.7, 5.1)",,,,,,,,,,,
VOICE_CAPTURE,467434,3/16/2022 8:52,daca96a3-b61d-4087-9747-cea6fd7e3a43,sorry,NA,,,,,,,,,,
VOICE_CAPTURE,475704,3/16/2022 8:52,daca96a3-b61d-4087-9747-cea6fd7e3a43,three steps for my left,NA,,,,,,,,,,
VOICE_CAPTURE,478323,3/16/2022 8:52,daca96a3-b61d-4087-9747-cea6fd7e3a43,hello,NA,,,,,,,,,,
TELEPORT,479436,3/16/2022 8:52,daca96a3-b61d-4087-9747-cea6fd7e3a43,"(1.4, 0.0, 1.4)",,,,,,,,,,,
VOICE_CAPTURE,481524,3/16/2022 8:52,daca96a3-b61d-4087-9747-cea6fd7e3a43,OK,NA,,,,,,,,,,
VOICE_CAPTURE,485841,3/16/2022 8:52,daca96a3-b61d-4087-9747-cea6fd7e3a43,i don't actually know what to do with her,NA,,,,,,,,,,
VOICE_CAPTURE,487342,3/16/2022 8:52,daca96a3-b61d-4087-9747-cea6fd7e3a43,she's,NA,,,,,,,,,,
BAG_ACCESS,488095,3/16/2022 8:52,daca96a3-b61d-4087-9747-cea6fd7e3a43,"(0.7, 0.7, 5.1)",,,,,,,,,,,
VOICE_CAPTURE,489765,3/16/2022 8:52,daca96a3-b61d-4087-9747-cea6fd7e3a43,you definitely,NA,,,,,,,,,,
TAG_SELECTED,489823,3/16/2022 8:52,daca96a3-b61d-4087-9747-cea6fd7e3a43,red,,,,,,,,,,,
TAG_APPLIED,490047,3/16/2022 8:52,daca96a3-b61d-4087-9747-cea6fd7e3a43,Lily_4 Root,red,,,,,,,,,,
VOICE_CAPTURE,492802,3/16/2022 8:52,daca96a3-b61d-4087-9747-cea6fd7e3a43,no,NA,,,,,,,,,,
TOOL_HOVER,492858,3/16/2022 8:52,daca96a3-b61d-4087-9747-cea6fd7e3a43,Gauze,999,,,,,,,,,,
TOOL_HOVER,492890,3/16/2022 8:52,daca96a3-b61d-4087-9747-cea6fd7e3a43,Gauze,999,,,,,,,,,,
TOOL_HOVER,492916,3/16/2022 8:52,daca96a3-b61d-4087-9747-cea6fd7e3a43,Gauze,999,,,,,,,,,,
TOOL_HOVER,492944,3/16/2022 8:52,daca96a3-b61d-4087-9747-cea6fd7e3a43,Gauze,999,,,,,,,,,,
TOOL_HOVER,492973,3/16/2022 8:52,daca96a3-b61d-4087-9747-cea6fd7e3a43,Gauze,999,,,,,,,,,,
TOOL_HOVER,492997,3/16/2022 8:52,daca96a3-b61d-4087-9747-cea6fd7e3a43,Gauze,999,,,,,,,,,,
TOOL_HOVER,493025,3/16/2022 8:52,daca96a3-b61d-4087-9747-cea6fd7e3a43,Gauze,999,,,,,,,,,,
TOOL_HOVER,493057,3/16/2022 8:52,daca96a3-b61d-4087-9747-cea6fd7e3a43,Gauze,999,,,,,,,,,,
TOOL_HOVER,493082,3/16/2022 8:52,daca96a3-b61d-4087-9747-cea6fd7e3a43,Gauze,999,,,,,,,,,,
TOOL_HOVER,493109,3/16/2022 8:52,daca96a3-b61d-4087-9747-cea6fd7e3a43,Gauze,999,,,,,,,,,,
TOOL_HOVER,493139,3/16/2022 8:52,daca96a3-b61d-4087-9747-cea6fd7e3a43,Gauze,999,,,,,,,,,,
TOOL_HOVER,493170,3/16/2022 8:52,daca96a3-b61d-4087-9747-cea6fd7e3a43,Gauze,999,,,,,,,,,,
TOOL_HOVER,493194,3/16/2022 8:52,daca96a3-b61d-4087-9747-cea6fd7e3a43,Gauze,999,,,,,,,,,,
TOOL_HOVER,493222,3/16/2022 8:52,daca96a3-b61d-4087-9747-cea6fd7e3a43,Gauze,999,,,,,,,,,,
TOOL_HOVER,493249,3/16/2022 8:52,daca96a3-b61d-4087-9747-cea6fd7e3a43,Gauze,999,,,,,,,,,,
TOOL_HOVER,493277,3/16/2022 8:52,daca96a3-b61d-4087-9747-cea6fd7e3a43,Gauze,999,,,,,,,,,,
TOOL_HOVER,493310,3/16/2022 8:52,daca96a3-b61d-4087-9747-cea6fd7e3a43,Gauze,999,,,,,,,,,,
TOOL_HOVER,493343,3/16/2022 8:52,daca96a3-b61d-4087-9747-cea6fd7e3a43,Gauze,999,,,,,,,,,,
TOOL_HOVER,493583,3/16/2022 8:52,daca96a3-b61d-4087-9747-cea6fd7e3a43,Hemostatic Gauze,999,,,,,,,,,,
TOOL_HOVER,493609,3/16/2022 8:52,daca96a3-b61d-4087-9747-cea6fd7e3a43,Hemostatic Gauze,999,,,,,,,,,,
TOOL_HOVER,493638,3/16/2022 8:52,daca96a3-b61d-4087-9747-cea6fd7e3a43,Hemostatic Gauze,999,,,,,,,,,,
TOOL_HOVER,493664,3/16/2022 8:52,daca96a3-b61d-4087-9747-cea6fd7e3a43,Hemostatic Gauze,999,,,,,,,,,,
TOOL_HOVER,493695,3/16/2022 8:52,daca96a3-b61d-4087-9747-cea6fd7e3a43,Hemostatic Gauze,999,,,,,,,,,,
TOOL_HOVER,493724,3/16/2022 8:52,daca96a3-b61d-4087-9747-cea6fd7e3a43,Hemostatic Gauze,999,,,,,,,,,,
TOOL_HOVER,493748,3/16/2022 8:52,daca96a3-b61d-4087-9747-cea6fd7e3a43,Hemostatic Gauze,999,,,,,,,,,,
TOOL_HOVER,493778,3/16/2022 8:52,daca96a3-b61d-4087-9747-cea6fd7e3a43,Hemostatic Gauze,999,,,,,,,,,,
TOOL_HOVER,493806,3/16/2022 8:52,daca96a3-b61d-4087-9747-cea6fd7e3a43,Hemostatic Gauze,999,,,,,,,,,,
TOOL_SELECTED,493807,3/16/2022 8:52,daca96a3-b61d-4087-9747-cea6fd7e3a43,Hemostatic Gauze,998,,,,,,,,,,
TOOL_DISCARDED,494112,3/16/2022 8:52,daca96a3-b61d-4087-9747-cea6fd7e3a43,Hemostatic Gauze,998,"(1.3, 0.8, 5.1)",,,,,,,,,
TOOL_DISCARDED,494112,3/16/2022 8:52,daca96a3-b61d-4087-9747-cea6fd7e3a43,Hemostatic Gauze,999,"(1.3, 0.8, 5.1)",,,,,,,,,
TOOL_HOVER,497562,3/16/2022 8:52,daca96a3-b61d-4087-9747-cea6fd7e3a43,Hemostatic Gauze,1000,,,,,,,,,,
TOOL_HOVER,497589,3/16/2022 8:52,daca96a3-b61d-4087-9747-cea6fd7e3a43,Hemostatic Gauze,1000,,,,,,,,,,
TOOL_HOVER,497617,3/16/2022 8:52,daca96a3-b61d-4087-9747-cea6fd7e3a43,Hemostatic Gauze,1000,,,,,,,,,,
TOOL_HOVER,497644,3/16/2022 8:52,daca96a3-b61d-4087-9747-cea6fd7e3a43,Hemostatic Gauze,1000,,,,,,,,,,
TOOL_HOVER,497672,3/16/2022 8:52,daca96a3-b61d-4087-9747-cea6fd7e3a43,Hemostatic Gauze,1000,,,,,,,,,,
TOOL_HOVER,497701,3/16/2022 8:52,daca96a3-b61d-4087-9747-cea6fd7e3a43,Hemostatic Gauze,1000,,,,,,,,,,
TOOL_HOVER,497729,3/16/2022 8:52,daca96a3-b61d-4087-9747-cea6fd7e3a43,Hemostatic Gauze,1000,,,,,,,,,,
TOOL_HOVER,497756,3/16/2022 8:52,daca96a3-b61d-4087-9747-cea6fd7e3a43,Hemostatic Gauze,1000,,,,,,,,,,
TOOL_HOVER,497784,3/16/2022 8:52,daca96a3-b61d-4087-9747-cea6fd7e3a43,Hemostatic Gauze,1000,,,,,,,,,,
TOOL_HOVER,497812,3/16/2022 8:52,daca96a3-b61d-4087-9747-cea6fd7e3a43,Hemostatic Gauze,1000,,,,,,,,,,
TOOL_HOVER,497840,3/16/2022 8:52,daca96a3-b61d-4087-9747-cea6fd7e3a43,Hemostatic Gauze,1000,,,,,,,,,,
TOOL_HOVER,497867,3/16/2022 8:52,daca96a3-b61d-4087-9747-cea6fd7e3a43,Hemostatic Gauze,1000,,,,,,,,,,
TOOL_SELECTED,497869,3/16/2022 8:52,daca96a3-b61d-4087-9747-cea6fd7e3a43,Hemostatic Gauze,999,,,,,,,,,,
TOOL_DISCARDED,499706,3/16/2022 8:52,daca96a3-b61d-4087-9747-cea6fd7e3a43,Hemostatic Gauze,999,"(1.1, 0.2, 6.3)",,,,,,,,,
TOOL_DISCARDED,499707,3/16/2022 8:52,daca96a3-b61d-4087-9747-cea6fd7e3a43,Hemostatic Gauze,1000,"(1.1, 0.2, 6.3)",,,,,,,,,
VOICE_CAPTURE,500654,3/16/2022 8:52,daca96a3-b61d-4087-9747-cea6fd7e3a43,oh i didn't grab it sorry,NA,,,,,,,,,,
TOOL_HOVER,502270,3/16/2022 8:52,daca96a3-b61d-4087-9747-cea6fd7e3a43,Hemostatic Gauze,1001,,,,,,,,,,
TOOL_HOVER,502299,3/16/2022 8:52,daca96a3-b61d-4087-9747-cea6fd7e3a43,Hemostatic Gauze,1001,,,,,,,,,,
TOOL_HOVER,502326,3/16/2022 8:52,daca96a3-b61d-4087-9747-cea6fd7e3a43,Hemostatic Gauze,1001,,,,,,,,,,
TOOL_HOVER,502354,3/16/2022 8:52,daca96a3-b61d-4087-9747-cea6fd7e3a43,Hemostatic Gauze,1001,,,,,,,,,,
TOOL_HOVER,502381,3/16/2022 8:52,daca96a3-b61d-4087-9747-cea6fd7e3a43,Hemostatic Gauze,1001,,,,,,,,,,
TOOL_HOVER,502409,3/16/2022 8:52,daca96a3-b61d-4087-9747-cea6fd7e3a43,Hemostatic Gauze,1001,,,,,,,,,,
TOOL_HOVER,502437,3/16/2022 8:52,daca96a3-b61d-4087-9747-cea6fd7e3a43,Hemostatic Gauze,1001,,,,,,,,,,
TOOL_HOVER,502465,3/16/2022 8:52,daca96a3-b61d-4087-9747-cea6fd7e3a43,Hemostatic Gauze,1001,,,,,,,,,,
TOOL_HOVER,502492,3/16/2022 8:52,daca96a3-b61d-4087-9747-cea6fd7e3a43,Hemostatic Gauze,1001,,,,,,,,,,
TOOL_HOVER,502520,3/16/2022 8:52,daca96a3-b61d-4087-9747-cea6fd7e3a43,Hemostatic Gauze,1001,,,,,,,,,,
TOOL_HOVER,502548,3/16/2022 8:52,daca96a3-b61d-4087-9747-cea6fd7e3a43,Hemostatic Gauze,1001,,,,,,,,,,
TOOL_HOVER,502576,3/16/2022 8:52,daca96a3-b61d-4087-9747-cea6fd7e3a43,Hemostatic Gauze,1001,,,,,,,,,,
TOOL_SELECTED,502578,3/16/2022 8:52,daca96a3-b61d-4087-9747-cea6fd7e3a43,Hemostatic Gauze,1000,,,,,,,,,,
VOICE_CAPTURE,505220,3/16/2022 8:52,daca96a3-b61d-4087-9747-cea6fd7e3a43,i don't know what to do,NA,,,,,,,,,,
TOOL_DISCARDED,505890,3/16/2022 8:52,daca96a3-b61d-4087-9747-cea6fd7e3a43,Hemostatic Gauze,1000,"(1.1, 0.2, 6.3)",,,,,,,,,
TOOL_DISCARDED,505890,3/16/2022 8:52,daca96a3-b61d-4087-9747-cea6fd7e3a43,Hemostatic Gauze,1001,"(1.1, 0.2, 6.3)",,,,,,,,,
TOOL_HOVER,508176,3/16/2022 8:52,daca96a3-b61d-4087-9747-cea6fd7e3a43,Hemostatic Gauze,1002,,,,,,,,,,
TOOL_HOVER,508202,3/16/2022 8:52,daca96a3-b61d-4087-9747-cea6fd7e3a43,Hemostatic Gauze,1002,,,,,,,,,,
TOOL_HOVER,508230,3/16/2022 8:52,daca96a3-b61d-4087-9747-cea6fd7e3a43,Hemostatic Gauze,1002,,,,,,,,,,
TOOL_HOVER,508257,3/16/2022 8:52,daca96a3-b61d-4087-9747-cea6fd7e3a43,Hemostatic Gauze,1002,,,,,,,,,,
TOOL_HOVER,508285,3/16/2022 8:52,daca96a3-b61d-4087-9747-cea6fd7e3a43,Hemostatic Gauze,1002,,,,,,,,,,
TOOL_HOVER,508314,3/16/2022 8:52,daca96a3-b61d-4087-9747-cea6fd7e3a43,Hemostatic Gauze,1002,,,,,,,,,,
TOOL_HOVER,508341,3/16/2022 8:52,daca96a3-b61d-4087-9747-cea6fd7e3a43,Hemostatic Gauze,1002,,,,,,,,,,
TOOL_HOVER,508369,3/16/2022 8:52,daca96a3-b61d-4087-9747-cea6fd7e3a43,Hemostatic Gauze,1002,,,,,,,,,,
TOOL_HOVER,508397,3/16/2022 8:52,daca96a3-b61d-4087-9747-cea6fd7e3a43,Hemostatic Gauze,1002,,,,,,,,,,
TOOL_HOVER,508424,3/16/2022 8:52,daca96a3-b61d-4087-9747-cea6fd7e3a43,Hemostatic Gauze,1002,,,,,,,,,,
TOOL_HOVER,508452,3/16/2022 8:52,daca96a3-b61d-4087-9747-cea6fd7e3a43,Hemostatic Gauze,1002,,,,,,,,,,
TOOL_HOVER,508482,3/16/2022 8:52,daca96a3-b61d-4087-9747-cea6fd7e3a43,Hemostatic Gauze,1002,,,,,,,,,,
TOOL_SELECTED,508483,3/16/2022 8:52,daca96a3-b61d-4087-9747-cea6fd7e3a43,Hemostatic Gauze,1001,,,,,,,,,,
TOOL_DISCARDED,513745,3/16/2022 8:52,daca96a3-b61d-4087-9747-cea6fd7e3a43,Hemostatic Gauze,1001,"(1.3, 0.8, 5.0)",,,,,,,,,
TOOL_DISCARDED,513745,3/16/2022 8:52,daca96a3-b61d-4087-9747-cea6fd7e3a43,Hemostatic Gauze,1002,"(1.3, 0.8, 5.0)",,,,,,,,,
TOOL_HOVER,513772,3/16/2022 8:52,daca96a3-b61d-4087-9747-cea6fd7e3a43,Hemostatic Gauze,1003,,,,,,,,,,
TOOL_HOVER,513801,3/16/2022 8:52,daca96a3-b61d-4087-9747-cea6fd7e3a43,Hemostatic Gauze,1003,,,,,,,,,,
TOOL_HOVER,513828,3/16/2022 8:52,daca96a3-b61d-4087-9747-cea6fd7e3a43,Hemostatic Gauze,1003,,,,,,,,,,
VOICE_CAPTURE,513856,3/16/2022 8:52,daca96a3-b61d-4087-9747-cea6fd7e3a43,do it,NA,,,,,,,,,,
TOOL_HOVER,513857,3/16/2022 8:52,daca96a3-b61d-4087-9747-cea6fd7e3a43,Hemostatic Gauze,1003,,,,,,,,,,
TOOL_HOVER,513884,3/16/2022 8:52,daca96a3-b61d-4087-9747-cea6fd7e3a43,Hemostatic Gauze,1003,,,,,,,,,,
TOOL_HOVER,513911,3/16/2022 8:52,daca96a3-b61d-4087-9747-cea6fd7e3a43,Hemostatic Gauze,1003,,,,,,,,,,
TOOL_HOVER,513940,3/16/2022 8:52,daca96a3-b61d-4087-9747-cea6fd7e3a43,Hemostatic Gauze,1003,,,,,,,,,,
TOOL_HOVER,514162,3/16/2022 8:52,daca96a3-b61d-4087-9747-cea6fd7e3a43,Gauze,999,,,,,,,,,,
TOOL_HOVER,514190,3/16/2022 8:52,daca96a3-b61d-4087-9747-cea6fd7e3a43,Gauze,999,,,,,,,,,,
TOOL_HOVER,514220,3/16/2022 8:52,daca96a3-b61d-4087-9747-cea6fd7e3a43,Gauze,999,,,,,,,,,,
TOOL_HOVER,514246,3/16/2022 8:52,daca96a3-b61d-4087-9747-cea6fd7e3a43,Gauze,999,,,,,,,,,,
TOOL_HOVER,514274,3/16/2022 8:52,daca96a3-b61d-4087-9747-cea6fd7e3a43,Gauze,999,,,,,,,,,,
TOOL_HOVER,514302,3/16/2022 8:52,daca96a3-b61d-4087-9747-cea6fd7e3a43,Gauze,999,,,,,,,,,,
TOOL_SELECTED,514303,3/16/2022 8:52,daca96a3-b61d-4087-9747-cea6fd7e3a43,Gauze,998,,,,,,,,,,
TOOL_DISCARDED,516168,3/16/2022 8:52,daca96a3-b61d-4087-9747-cea6fd7e3a43,Gauze,998,"(1.1, 0.2, 6.3)",,,,,,,,,
INJURY_TREATED,516168,3/16/2022 8:52,daca96a3-b61d-4087-9747-cea6fd7e3a43,L Side Puncture,Lily_4 Root,woundpack,medium,abdomen,FALSE,TRUE,"(1.1, 0.2, 6.3)",,,,
TOOL_APPLIED,516168,3/16/2022 8:52,daca96a3-b61d-4087-9747-cea6fd7e3a43,Lily_4 Root,Gauze_Dressing,skinCollider_BodyLOD (UnityEngine.GameObject),null,null,AppliedDressingGauze,,,,,,
VOICE_CAPTURE,517141,3/16/2022 8:52,daca96a3-b61d-4087-9747-cea6fd7e3a43,oh the rapping guys OK thanks,NA,,,,,,,,,,
TOOL_HOVER,518563,3/16/2022 8:53,daca96a3-b61d-4087-9747-cea6fd7e3a43,Gauze,999,,,,,,,,,,
TOOL_HOVER,518590,3/16/2022 8:53,daca96a3-b61d-4087-9747-cea6fd7e3a43,Gauze,999,,,,,,,,,,
TOOL_HOVER,518620,3/16/2022 8:53,daca96a3-b61d-4087-9747-cea6fd7e3a43,Gauze,999,,,,,,,,,,
TOOL_HOVER,518648,3/16/2022 8:53,daca96a3-b61d-4087-9747-cea6fd7e3a43,Gauze,999,,,,,,,,,,
TOOL_HOVER,518674,3/16/2022 8:53,daca96a3-b61d-4087-9747-cea6fd7e3a43,Gauze,999,,,,,,,,,,
TOOL_HOVER,518702,3/16/2022 8:53,daca96a3-b61d-4087-9747-cea6fd7e3a43,Gauze,999,,,,,,,,,,
TOOL_HOVER,518730,3/16/2022 8:53,daca96a3-b61d-4087-9747-cea6fd7e3a43,Gauze,999,,,,,,,,,,
TOOL_HOVER,518757,3/16/2022 8:53,daca96a3-b61d-4087-9747-cea6fd7e3a43,Gauze,999,,,,,,,,,,
TOOL_HOVER,518785,3/16/2022 8:53,daca96a3-b61d-4087-9747-cea6fd7e3a43,Gauze,999,,,,,,,,,,
TOOL_HOVER,518815,3/16/2022 8:53,daca96a3-b61d-4087-9747-cea6fd7e3a43,Gauze,999,,,,,,,,,,
TOOL_HOVER,518842,3/16/2022 8:53,daca96a3-b61d-4087-9747-cea6fd7e3a43,Gauze,999,,,,,,,,,,
VOICE_CAPTURE,520149,3/16/2022 8:53,daca96a3-b61d-4087-9747-cea6fd7e3a43,OK,NA,,,,,,,,,,
TOOL_HOVER,520874,3/16/2022 8:53,daca96a3-b61d-4087-9747-cea6fd7e3a43,Gauze,999,,,,,,,,,,
TOOL_HOVER,520902,3/16/2022 8:53,daca96a3-b61d-4087-9747-cea6fd7e3a43,Gauze,999,,,,,,,,,,
TOOL_HOVER,520933,3/16/2022 8:53,daca96a3-b61d-4087-9747-cea6fd7e3a43,Gauze,999,,,,,,,,,,
BAG_CLOSED,521516,3/16/2022 8:53,daca96a3-b61d-4087-9747-cea6fd7e3a43,"(0.7, 0.7, 5.1)",,,,,,,,,,,
TELEPORT,521516,3/16/2022 8:53,daca96a3-b61d-4087-9747-cea6fd7e3a43,"(1.5, 0.0, 4.1)",,,,,,,,,,,
VOICE_CAPTURE,521795,3/16/2022 8:53,daca96a3-b61d-4087-9747-cea6fd7e3a43,are you hurt,NA,,,,,,,,,,
VOICE_COMMAND,521795,3/16/2022 8:53,daca96a3-b61d-4087-9747-cea6fd7e3a43,are you hurt,are you hurt,,,,,,,,,,
VOICE_CAPTURE,523598,3/16/2022 8:53,daca96a3-b61d-4087-9747-cea6fd7e3a43,alright well that gentleman,NA,,,,,,,,,,
PATIENT_ENGAGED,523823,3/16/2022 8:53,daca96a3-b61d-4087-9747-cea6fd7e3a43,100,Infinity,Gary_1 Root,"(2.0, 0.0, 7.0)","(0.0, 1.0, 0.0, 0.0)",EXPECTANT,still,none,restricted,none,unresponsive,supine
PULSE_TAKEN,527390,3/16/2022 8:53,daca96a3-b61d-4087-9747-cea6fd7e3a43,pulse_none,Gary_1 Root,,,,,,,,,,
BAG_ACCESS,532207,3/16/2022 8:53,daca96a3-b61d-4087-9747-cea6fd7e3a43,"(1.7, 0.7, 6.9)",,,,,,,,,,,
TAG_SELECTED,533963,3/16/2022 8:53,daca96a3-b61d-4087-9747-cea6fd7e3a43,gray,,,,,,,,,,,
TAG_APPLIED,534157,3/16/2022 8:53,daca96a3-b61d-4087-9747-cea6fd7e3a43,Gary_1 Root,gray,,,,,,,,,,
PULSE_TAKEN,535269,3/16/2022 8:53,daca96a3-b61d-4087-9747-cea6fd7e3a43,pulse_none,Gary_1 Root,,,,,,,,,,
BAG_CLOSED,539113,3/16/2022 8:53,daca96a3-b61d-4087-9747-cea6fd7e3a43,"(1.7, 0.7, 6.9)",,,,,,,,,,,
TELEPORT,539113,3/16/2022 8:53,daca96a3-b61d-4087-9747-cea6fd7e3a43,"(2.3, 0.0, 5.2)",,,,,,,,,,,
PATIENT_ENGAGED,541537,3/16/2022 8:53,daca96a3-b61d-4087-9747-cea6fd7e3a43,100,Infinity,Bob_0 Root,"(-1.0, 0.0, 6.0)","(0.0, 0.7, 0.0, 0.7)",DEAD,still,none,none,none,dead,supine
BAG_ACCESS,542457,3/16/2022 8:53,daca96a3-b61d-4087-9747-cea6fd7e3a43,"(0.0, 0.7, 6.1)",,,,,,,,,,,
BAG_CLOSED,544100,3/16/2022 8:53,daca96a3-b61d-4087-9747-cea6fd7e3a43,"(0.0, 0.7, 6.1)",,,,,,,,,,,
PULSE_TAKEN,548108,3/16/2022 8:53,daca96a3-b61d-4087-9747-cea6fd7e3a43,pulse_none,Bob_0 Root,,,,,,,,,,
VOICE_CAPTURE,549388,3/16/2022 8:53,daca96a3-b61d-4087-9747-cea6fd7e3a43,reminder the wall,NA,,,,,,,,,,
BAG_ACCESS,551341,3/16/2022 8:53,daca96a3-b61d-4087-9747-cea6fd7e3a43,"(-0.7, 0.7, 5.6)",,,,,,,,,,,
TAG_SELECTED,553150,3/16/2022 8:53,daca96a3-b61d-4087-9747-cea6fd7e3a43,black,,,,,,,,,,,
TAG_APPLIED,553401,3/16/2022 8:53,daca96a3-b61d-4087-9747-cea6fd7e3a43,Bob_0 Root,black,,,,,,,,,,
VOICE_CAPTURE,553984,3/16/2022 8:53,daca96a3-b61d-4087-9747-cea6fd7e3a43,thank you,NA,,,,,,,,,,
BAG_CLOSED,558946,3/16/2022 8:53,daca96a3-b61d-4087-9747-cea6fd7e3a43,"(-0.7, 0.7, 5.6)",,,,,,,,,,,
TELEPORT,558946,3/16/2022 8:53,daca96a3-b61d-4087-9747-cea6fd7e3a43,"(0.9, 0.0, 4.5)",,,,,,,,,,,
VOICE_CAPTURE,560836,3/16/2022 8:53,daca96a3-b61d-4087-9747-cea6fd7e3a43,just tag him,NA,,,,,,,,,,
VOICE_CAPTURE,560946,3/16/2022 8:53,daca96a3-b61d-4087-9747-cea6fd7e3a43,i did,NA,,,,,,,,,,
PATIENT_ENGAGED,561337,3/16/2022 8:53,daca96a3-b61d-4087-9747-cea6fd7e3a43,100,Infinity,Gloria_6 Root,"(-1.0, 0.0, 3.2)","(0.0, 0.4, 0.0, 0.9)",DELAYED,waver,fast,normal,normal,calm,fetal
BAG_ACCESS,562256,3/16/2022 8:53,daca96a3-b61d-4087-9747-cea6fd7e3a43,"(-0.9, 0.6, 3.8)",,,,,,,,,,,
TAG_SELECTED,563008,3/16/2022 8:53,daca96a3-b61d-4087-9747-cea6fd7e3a43,yellow,,,,,,,,,,,
TAG_APPLIED,563175,3/16/2022 8:53,daca96a3-b61d-4087-9747-cea6fd7e3a43,Gloria_6 Root,yellow,,,,,,,,,,
VOICE_CAPTURE,566237,3/16/2022 8:53,daca96a3-b61d-4087-9747-cea6fd7e3a43,OK,NA,,,,,,,,,,
VOICE_CAPTURE,571501,3/16/2022 8:53,daca96a3-b61d-4087-9747-cea6fd7e3a43,i don't know how to check pulses,NA,,,,,,,,,,
VOICE_CAPTURE,574229,3/16/2022 8:53,daca96a3-b61d-4087-9747-cea6fd7e3a43,it doesn't look like there's pulsatile bleeding,NA,,,,,,,,,,
BAG_CLOSED,575486,3/16/2022 8:53,daca96a3-b61d-4087-9747-cea6fd7e3a43,"(-0.9, 0.6, 3.8)",,,,,,,,,,,
TELEPORT,575486,3/16/2022 8:53,daca96a3-b61d-4087-9747-cea6fd7e3a43,"(0.5, 0.0, 3.4)",,,,,,,,,,,
VOICE_CAPTURE,576820,3/16/2022 8:53,daca96a3-b61d-4087-9747-cea6fd7e3a43,OK,NA,,,,,,,,,,
BAG_ACCESS,579549,3/16/2022 8:54,daca96a3-b61d-4087-9747-cea6fd7e3a43,"(2.2, 0.8, -0.7)",,,,,,,,,,,
TOOL_HOVER,579858,3/16/2022 8:54,daca96a3-b61d-4087-9747-cea6fd7e3a43,Gauze,999,,,,,,,,,,
TOOL_HOVER,579884,3/16/2022 8:54,daca96a3-b61d-4087-9747-cea6fd7e3a43,Gauze,999,,,,,,,,,,
TOOL_HOVER,579911,3/16/2022 8:54,daca96a3-b61d-4087-9747-cea6fd7e3a43,Gauze,999,,,,,,,,,,
TOOL_HOVER,579942,3/16/2022 8:54,daca96a3-b61d-4087-9747-cea6fd7e3a43,Gauze,999,,,,,,,,,,
TOOL_HOVER,579971,3/16/2022 8:54,daca96a3-b61d-4087-9747-cea6fd7e3a43,Gauze,999,,,,,,,,,,
TOOL_HOVER,579998,3/16/2022 8:54,daca96a3-b61d-4087-9747-cea6fd7e3a43,Gauze,999,,,,,,,,,,
TOOL_HOVER,580023,3/16/2022 8:54,daca96a3-b61d-4087-9747-cea6fd7e3a43,Gauze,999,,,,,,,,,,
TOOL_HOVER,580051,3/16/2022 8:54,daca96a3-b61d-4087-9747-cea6fd7e3a43,Gauze,999,,,,,,,,,,
TOOL_HOVER,580079,3/16/2022 8:54,daca96a3-b61d-4087-9747-cea6fd7e3a43,Tourniquet,992,,,,,,,,,,
TOOL_HOVER,580106,3/16/2022 8:54,daca96a3-b61d-4087-9747-cea6fd7e3a43,Tourniquet,992,,,,,,,,,,
TOOL_HOVER,580135,3/16/2022 8:54,daca96a3-b61d-4087-9747-cea6fd7e3a43,Tourniquet,992,,,,,,,,,,
TOOL_HOVER,580162,3/16/2022 8:54,daca96a3-b61d-4087-9747-cea6fd7e3a43,Tourniquet,992,,,,,,,,,,
TOOL_HOVER,580191,3/16/2022 8:54,daca96a3-b61d-4087-9747-cea6fd7e3a43,Tourniquet,992,,,,,,,,,,
TOOL_HOVER,580220,3/16/2022 8:54,daca96a3-b61d-4087-9747-cea6fd7e3a43,Tourniquet,992,,,,,,,,,,
TOOL_HOVER,580245,3/16/2022 8:54,daca96a3-b61d-4087-9747-cea6fd7e3a43,Tourniquet,992,,,,,,,,,,
TOOL_HOVER,582864,3/16/2022 8:54,daca96a3-b61d-4087-9747-cea6fd7e3a43,Tourniquet,992,,,,,,,,,,
TOOL_HOVER,582890,3/16/2022 8:54,daca96a3-b61d-4087-9747-cea6fd7e3a43,Tourniquet,992,,,,,,,,,,
TOOL_HOVER,582919,3/16/2022 8:54,daca96a3-b61d-4087-9747-cea6fd7e3a43,Tourniquet,992,,,,,,,,,,
TOOL_HOVER,582947,3/16/2022 8:54,daca96a3-b61d-4087-9747-cea6fd7e3a43,Tourniquet,992,,,,,,,,,,
TOOL_HOVER,582975,3/16/2022 8:54,daca96a3-b61d-4087-9747-cea6fd7e3a43,Tourniquet,992,,,,,,,,,,
TOOL_HOVER,583003,3/16/2022 8:54,daca96a3-b61d-4087-9747-cea6fd7e3a43,Tourniquet,992,,,,,,,,,,
TOOL_HOVER,583030,3/16/2022 8:54,daca96a3-b61d-4087-9747-cea6fd7e3a43,Tourniquet,992,,,,,,,,,,
VOICE_CAPTURE,583669,3/16/2022 8:54,daca96a3-b61d-4087-9747-cea6fd7e3a43,oh no,NA,,,,,,,,,,
VOICE_CAPTURE,585229,3/16/2022 8:54,daca96a3-b61d-4087-9747-cea6fd7e3a43,kick come with me,NA,,,,,,,,,,
PATIENT_ENGAGED,586067,3/16/2022 8:54,daca96a3-b61d-4087-9747-cea6fd7e3a43,100,Infinity,Gloria_8 Root,"(3.2, 0.0, -2.6)","(0.0, 0.3, 0.0, 1.0)",DELAYED,walker,normal,normal,normal,calm,sittingGround
BAG_CLOSED,586874,3/16/2022 8:54,daca96a3-b61d-4087-9747-cea6fd7e3a43,"(2.2, 0.8, -0.7)",,,,,,,,,,,
TELEPORT,586874,3/16/2022 8:54,daca96a3-b61d-4087-9747-cea6fd7e3a43,"(2.8, 0.0, -0.6)",,,,,,,,,,,
BAG_ACCESS,588490,3/16/2022 8:54,daca96a3-b61d-4087-9747-cea6fd7e3a43,"(3.0, 0.7, -1.9)",,,,,,,,,,,
VOICE_CAPTURE,589239,3/16/2022 8:54,daca96a3-b61d-4087-9747-cea6fd7e3a43,no,NA,,,,,,,,,,
TAG_SELECTED,589324,3/16/2022 8:54,daca96a3-b61d-4087-9747-cea6fd7e3a43,green,,,,,,,,,,,
TAG_APPLIED,589492,3/16/2022 8:54,daca96a3-b61d-4087-9747-cea6fd7e3a43,Gloria_8 Root,green,,,,,,,,,,
PATIENT_ENGAGED,590576,3/16/2022 8:54,daca96a3-b61d-4087-9747-cea6fd7e3a43,100,Infinity,Helga_10 Root,"(1.7, 0.0, -3.1)","(0.0, 0.6, 0.0, 0.8)",MINIMAL,walker,normal,normal,normal,calm,sittingGround
BAG_CLOSED,591189,3/16/2022 8:54,daca96a3-b61d-4087-9747-cea6fd7e3a43,"(3.0, 0.7, -1.9)",,,,,,,,,,,
TELEPORT,591189,3/16/2022 8:54,daca96a3-b61d-4087-9747-cea6fd7e3a43,"(3.8, 0.0, -0.9)",,,,,,,,,,,
BAG_ACCESS,595924,3/16/2022 8:54,daca96a3-b61d-4087-9747-cea6fd7e3a43,"(2.1, 0.7, -2.7)",,,,,,,,,,,
TAG_SELECTED,596788,3/16/2022 8:54,daca96a3-b61d-4087-9747-cea6fd7e3a43,green,,,,,,,,,,,
TAG_APPLIED,598849,3/16/2022 8:54,daca96a3-b61d-4087-9747-cea6fd7e3a43,Helga_10 Root,green,,,,,,,,,,
PULSE_TAKEN,598875,3/16/2022 8:54,daca96a3-b61d-4087-9747-cea6fd7e3a43,pulse_normal,Helga_10 Root,,,,,,,,,,
BAG_CLOSED,601606,3/16/2022 8:54,daca96a3-b61d-4087-9747-cea6fd7e3a43,"(2.1, 0.7, -2.7)",,,,,,,,,,,
TELEPORT,601606,3/16/2022 8:54,daca96a3-b61d-4087-9747-cea6fd7e3a43,"(2.9, 0.0, -1.5)",,,,,,,,,,,
VOICE_CAPTURE,605253,3/16/2022 8:54,daca96a3-b61d-4087-9747-cea6fd7e3a43,are you hurt,NA,,,,,,,,,,
VOICE_COMMAND,605254,3/16/2022 8:54,daca96a3-b61d-4087-9747-cea6fd7e3a43,are you hurt,are you hurt,,,,,,,,,,
BAG_ACCESS,610014,3/16/2022 8:54,daca96a3-b61d-4087-9747-cea6fd7e3a43,"(2.7, 0.7, -3.9)",,,,,,,,,,,
VOICE_CAPTURE,610434,3/16/2022 8:54,daca96a3-b61d-4087-9747-cea6fd7e3a43,are you hurt,NA,,,,,,,,,,
VOICE_COMMAND,610434,3/16/2022 8:54,daca96a3-b61d-4087-9747-cea6fd7e3a43,are you hurt,are you hurt,,,,,,,,,,
TAG_SELECTED,610989,3/16/2022 8:54,daca96a3-b61d-4087-9747-cea6fd7e3a43,green,,,,,,,,,,,
TAG_APPLIED,613856,3/16/2022 8:54,daca96a3-b61d-4087-9747-cea6fd7e3a43,Helga_10 Root,green,,,,,,,,,,
PULSE_TAKEN,615332,3/16/2022 8:54,daca96a3-b61d-4087-9747-cea6fd7e3a43,pulse_normal,Bob_9 Root,,,,,,,,,,
PULSE_TAKEN,617728,3/16/2022 8:54,daca96a3-b61d-4087-9747-cea6fd7e3a43,pulse_normal,Bob_9 Root,,,,,,,,,,
TAG_SELECTED,621486,3/16/2022 8:54,daca96a3-b61d-4087-9747-cea6fd7e3a43,gray,,,,,,,,,,,
TAG_APPLIED,622268,3/16/2022 8:54,daca96a3-b61d-4087-9747-cea6fd7e3a43,Helga_10 Root,gray,,,,,,,,,,
TAG_SELECTED,623048,3/16/2022 8:54,daca96a3-b61d-4087-9747-cea6fd7e3a43,green,,,,,,,,,,,
TAG_APPLIED,625471,3/16/2022 8:54,daca96a3-b61d-4087-9747-cea6fd7e3a43,Bob_9 Root,green,,,,,,,,,,
BAG_CLOSED,636249,3/16/2022 8:54,daca96a3-b61d-4087-9747-cea6fd7e3a43,"(2.7, 0.7, -3.9)",,,,,,,,,,,
TELEPORT,636249,3/16/2022 8:54,daca96a3-b61d-4087-9747-cea6fd7e3a43,"(3.3, 0.0, -2.7)",,,,,,,,,,,
TELEPORT,643214,3/16/2022 8:55,daca96a3-b61d-4087-9747-cea6fd7e3a43,"(2.9, 0.0, 3.0)",,,,,,,,,,,
BAG_ACCESS,652701,3/16/2022 8:55,daca96a3-b61d-4087-9747-cea6fd7e3a43,"(1.9, 0.7, -1.5)",,,,,,,,,,,
TAG_SELECTED,653508,3/16/2022 8:55,daca96a3-b61d-4087-9747-cea6fd7e3a43,green,,,,,,,,,,,
BAG_CLOSED,654738,3/16/2022 8:55,daca96a3-b61d-4087-9747-cea6fd7e3a43,"(1.9, 0.7, -1.5)",,,,,,,,,,,
TAG_APPLIED,656853,3/16/2022 8:55,daca96a3-b61d-4087-9747-cea6fd7e3a43,Helga_10 Root,green,,,,,,,,,,
SESSION_END,662316,3/16/2022 8:55,daca96a3-b61d-4087-9747-cea6fd7e3a43,,,,,,,,,,,,
