VOICE_CAPTURE,76454,3/15/2022 10:53,c82e4612-4e6f-4834-bc7f-6092327c44fa,cool thank you,NA,,,,,,,,,,
VOICE_CAPTURE,77938,3/15/2022 10:53,c82e4612-4e6f-4834-bc7f-6092327c44fa,stop,NA,,,,,,,,,,
BAG_CLOSED,84126,3/15/2022 10:54,c82e4612-4e6f-4834-bc7f-6092327c44fa,"(1.4, 0.8, 7.2)",,,,,,,,,,,
PATIENT_DEMOTED,84779,3/15/2022 10:54,c82e4612-4e6f-4834-bc7f-6092327c44fa,100,Infinity,Bob_0 Root,"(-1.0, 0.0, 6.0)","(0.0, 0.7, 0.0, 0.7)",EXPECTANT,still,faint,restricted,none,unresponsive,supine
PATIENT_DEMOTED,84982,3/15/2022 10:54,c82e4612-4e6f-4834-bc7f-6092327c44fa,100,Infinity,Bob_0 Root,"(-1.0, 0.0, 6.0)","(0.0, 0.7, 0.0, 0.7)",DEAD,still,none,none,none,dead,supine
PATIENT_DEMOTED,85117,3/15/2022 10:54,c82e4612-4e6f-4834-bc7f-6092327c44fa,100,Infinity,Gary_1 Root,"(2.0, 0.0, 7.0)","(0.0, 1.0, 0.0, 0.0)",EXPECTANT,still,faint,restricted,none,unresponsive,supine
PATIENT_DEMOTED,85862,3/15/2022 10:54,c82e4612-4e6f-4834-bc7f-6092327c44fa,100,Infinity,Lily_2 Root,"(3.0, 0.0, 4.0)","(0.0, 1.0, 0.0, 0.0)",IMMEDIATE,waver,fast,fast,normal,agony,fetal
PATIENT_DEMOTED,86530,3/15/2022 10:54,c82e4612-4e6f-4834-bc7f-6092327c44fa,100,0,Gary_3 Root,"(0.0, 0.0, 2.0)","(0.0, 0.0, 0.0, 1.0)",IMMEDIATE,still,faint,collapsedRight,normal,unresponsive,supine
PATIENT_DEMOTED,87127,3/15/2022 10:54,c82e4612-4e6f-4834-bc7f-6092327c44fa,100,Infinity,Lily_4 Root,"(1.4, 0.0, 6.0)","(0.0, 1.0, 0.0, 0.0)",IMMEDIATE,waver,fast,normal,normal,upset,fetal
PATIENT_DEMOTED,87984,3/15/2022 10:54,c82e4612-4e6f-4834-bc7f-6092327c44fa,63.87083,Infinity,Mike_5 Root,"(2.6, 0.0, 2.0)","(0.0, 1.0, 0.0, 0.0)",IMMEDIATE,waver,fast,normal,normal,upset,fetal
PATIENT_DEMOTED,88553,3/15/2022 10:54,c82e4612-4e6f-4834-bc7f-6092327c44fa,100,Infinity,Gloria_6 Root,"(-1.0, 0.0, 3.2)","(0.0, 0.4, 0.0, 0.9)",IMMEDIATE,waver,fast,normal,normal,upset,fetal
PATIENT_DEMOTED,88977,3/15/2022 10:54,c82e4612-4e6f-4834-bc7f-6092327c44fa,100,Infinity,Gloria_6 Root,"(-1.0, 0.0, 3.2)","(0.0, 0.4, 0.0, 0.9)",DELAYED,waver,fast,normal,normal,upset,fetal
PATIENT_DEMOTED,89264,3/15/2022 10:54,c82e4612-4e6f-4834-bc7f-6092327c44fa,63.87083,Infinity,Mike_7 Root,"(1.4, 0.0, 4.0)","(0.0, 0.1, 0.0, 1.0)",IMMEDIATE,waver,fast,normal,normal,upset,sittingGround
PATIENT_DEMOTED,89646,3/15/2022 10:54,c82e4612-4e6f-4834-bc7f-6092327c44fa,63.87083,Infinity,Mike_7 Root,"(1.4, 0.0, 4.0)","(0.0, 0.1, 0.0, 1.0)",DELAYED,waver,fast,normal,normal,upset,sittingGround
PATIENT_DEMOTED,89883,3/15/2022 10:54,c82e4612-4e6f-4834-bc7f-6092327c44fa,100,Infinity,Gloria_8 Root,"(4.0, 0.0, 6.0)","(0.0, 1.0, 0.0, 0.0)",DELAYED,walker,normal,normal,normal,upset,sittingGround
SESSION_START,94436,3/15/2022 10:54,c82e4612-4e6f-4834-bc7f-6092327c44fa,,,,,,,,,,,,
PATIENT_RECORD,94436,3/15/2022 10:54,c82e4612-4e6f-4834-bc7f-6092327c44fa,100,Infinity,Bob_0 Root,"(-1.0, 0.0, 6.0)","(0.0, 0.7, 0.0, 0.7)",DEAD,still,none,none,none,dead,supine
INJURY_RECORD,94436,3/15/2022 10:54,c82e4612-4e6f-4834-bc7f-6092327c44fa,Face Shrapnel,Bob_0 Root,gauzePressure,high,head,FALSE,FALSE,"(-0.9, 1.8, 5.9)",,,,
INJURY_RECORD,94436,3/15/2022 10:54,c82e4612-4e6f-4834-bc7f-6092327c44fa,L Wrist Amputation,Bob_0 Root,tourniquet,high,leftArm,FALSE,FALSE,"(-1.1, 1.4, 6.7)",,,,
INJURY_RECORD,94436,3/15/2022 10:54,c82e4612-4e6f-4834-bc7f-6092327c44fa,L Chest Collapse,Bob_0 Root,decompress,high,chest,FALSE,FALSE,"(0.0, 0.0, 0.0)",,,,
INJURY_RECORD,94436,3/15/2022 10:54,c82e4612-4e6f-4834-bc7f-6092327c44fa,L Stomach Puncture,Bob_0 Root,woundpack,high,abdomen,FALSE,FALSE,"(-0.9, 1.2, 6.1)",,,,
INJURY_RECORD,94436,3/15/2022 10:54,c82e4612-4e6f-4834-bc7f-6092327c44fa,R Shin Amputation,Bob_0 Root,tourniquet,high,rightLeg,FALSE,FALSE,"(-1.0, 0.4, 5.9)",,,,
INJURY_RECORD,94436,3/15/2022 10:54,c82e4612-4e6f-4834-bc7f-6092327c44fa,L Thigh Laceration,Bob_0 Root,gauzePressure,medium,leftLeg,FALSE,FALSE,"(-0.9, 0.7, 6.1)",,,,
PATIENT_RECORD,94436,3/15/2022 10:54,c82e4612-4e6f-4834-bc7f-6092327c44fa,100,Infinity,Gary_1 Root,"(2.0, 0.0, 7.0)","(0.0, 1.0, 0.0, 0.0)",EXPECTANT,still,none,restricted,none,unresponsive,supine
INJURY_RECORD,94436,3/15/2022 10:54,c82e4612-4e6f-4834-bc7f-6092327c44fa,Face Shrapnel,Gary_1 Root,gauzePressure,high,head,FALSE,FALSE,"(1.9, 1.7, 6.9)",,,,
PATIENT_RECORD,94436,3/15/2022 10:54,c82e4612-4e6f-4834-bc7f-6092327c44fa,100,Infinity,Lily_2 Root,"(3.0, 0.0, 4.0)","(0.0, 1.0, 0.0, 0.0)",IMMEDIATE,waver,fast,fast,normal,agony,fetal
INJURY_RECORD,94436,3/15/2022 10:54,c82e4612-4e6f-4834-bc7f-6092327c44fa,R Shin Amputation,Lily_2 Root,tourniquet,high,rightLeg,FALSE,FALSE,"(2.9, 0.4, 4.0)",,,,
PATIENT_RECORD,94436,3/15/2022 10:54,c82e4612-4e6f-4834-bc7f-6092327c44fa,100,0,Gary_3 Root,"(0.0, 0.0, 2.0)","(0.0, 0.0, 0.0, 1.0)",IMMEDIATE,still,faint,collapsedRight,normal,unresponsive,supine
INJURY_RECORD,94436,3/15/2022 10:54,c82e4612-4e6f-4834-bc7f-6092327c44fa,R Chest Collapse,Gary_3 Root,decompress,high,chest,FALSE,FALSE,"(0.0, 0.0, 0.0)",,,,
PATIENT_RECORD,94436,3/15/2022 10:54,c82e4612-4e6f-4834-bc7f-6092327c44fa,100,Infinity,Lily_4 Root,"(1.4, 0.0, 6.0)","(0.0, 1.0, 0.0, 0.0)",IMMEDIATE,waver,fast,normal,normal,upset,fetal
INJURY_RECORD,94436,3/15/2022 10:54,c82e4612-4e6f-4834-bc7f-6092327c44fa,L Side Puncture,Lily_4 Root,woundpack,medium,abdomen,FALSE,FALSE,"(1.5, 1.0, 5.9)",,,,
PATIENT_RECORD,94436,3/15/2022 10:54,c82e4612-4e6f-4834-bc7f-6092327c44fa,63.87083,Infinity,Mike_5 Root,"(2.6, 0.0, 2.0)","(0.0, 1.0, 0.0, 0.0)",IMMEDIATE,waver,fast,normal,normal,upset,fetal
INJURY_RECORD,94436,3/15/2022 10:54,c82e4612-4e6f-4834-bc7f-6092327c44fa,R Side Puncture,Mike_5 Root,woundpack,medium,abdomen,FALSE,FALSE,"(2.5, 1.2, 1.9)",,,,
INJURY_RECORD,94436,3/15/2022 10:54,c82e4612-4e6f-4834-bc7f-6092327c44fa,R Thigh Laceration,Mike_5 Root,gauzePressure,medium,rightLeg,FALSE,FALSE,"(2.4, 0.7, 2.0)",,,,
PATIENT_RECORD,94436,3/15/2022 10:54,c82e4612-4e6f-4834-bc7f-6092327c44fa,100,Infinity,Gloria_6 Root,"(-1.0, 0.0, 3.2)","(0.0, 0.4, 0.0, 0.9)",DELAYED,waver,fast,normal,normal,upset,fetal
INJURY_RECORD,94436,3/15/2022 10:54,c82e4612-4e6f-4834-bc7f-6092327c44fa,R Calf Shrapnel,Gloria_6 Root,tourniquet,medium,rightLeg,FALSE,FALSE,"(-0.9, 0.3, 3.1)",,,,
PATIENT_RECORD,94436,3/15/2022 10:54,c82e4612-4e6f-4834-bc7f-6092327c44fa,63.87083,Infinity,Mike_7 Root,"(1.4, 0.0, 4.0)","(0.0, 0.1, 0.0, 1.0)",DELAYED,waver,fast,normal,normal,upset,sittingGround
INJURY_RECORD,94436,3/15/2022 10:54,c82e4612-4e6f-4834-bc7f-6092327c44fa,L Thigh Puncture,Mike_7 Root,tourniquet,medium,leftLeg,FALSE,FALSE,"(1.4, 0.7, 4.1)",,,,
INJURY_RECORD,94436,3/15/2022 10:54,c82e4612-4e6f-4834-bc7f-6092327c44fa,R Calf Laceration,Mike_7 Root,gauzePressure,low,rightLeg,FALSE,FALSE,"(1.5, 0.4, 3.9)",,,,
PATIENT_RECORD,94436,3/15/2022 10:54,c82e4612-4e6f-4834-bc7f-6092327c44fa,100,Infinity,Gloria_8 Root,"(4.0, 0.0, 6.0)","(0.0, 1.0, 0.0, 0.0)",DELAYED,walker,normal,normal,normal,upset,sittingGround
INJURY_RECORD,94436,3/15/2022 10:54,c82e4612-4e6f-4834-bc7f-6092327c44fa,L Forearm Laceration,Gloria_8 Root,gauzePressure,low,leftArm,FALSE,FALSE,"(4.6, 1.3, 5.9)",,,,
PATIENT_RECORD,94436,3/15/2022 10:54,c82e4612-4e6f-4834-bc7f-6092327c44fa,100,Infinity,Bob_9 Root,"(2.6, 0.0, 8.0)","(0.0, 1.0, 0.0, 0.0)",MINIMAL,walker,normal,normal,normal,calm,standing
INJURY_RECORD,94436,3/15/2022 10:54,c82e4612-4e6f-4834-bc7f-6092327c44fa,Ear Bleed,Bob_9 Root,none,low,head,FALSE,FALSE,"(0.0, 0.0, 0.0)",,,,
PATIENT_RECORD,94436,3/15/2022 10:54,c82e4612-4e6f-4834-bc7f-6092327c44fa,100,Infinity,Helga_10 Root,"(3.9, 0.0, 8.0)","(0.0, 1.0, 0.0, 0.0)",MINIMAL,walker,normal,normal,normal,calm,sittingGround
INJURY_RECORD,94436,3/15/2022 10:54,c82e4612-4e6f-4834-bc7f-6092327c44fa,Forehead Scrape,Helga_10 Root,gauzePressure,low,head,FALSE,FALSE,"(4.0, 1.5, 7.9)",,,,
TELEPORT,96402,3/15/2022 10:54,c82e4612-4e6f-4834-bc7f-6092327c44fa,"(4.2, 0.0, -4.9)",,,,,,,,,,,
TELEPORT,97214,3/15/2022 10:54,c82e4612-4e6f-4834-bc7f-6092327c44fa,"(4.0, 0.0, -4.6)",,,,,,,,,,,
VOICE_CAPTURE,97814,3/15/2022 10:54,c82e4612-4e6f-4834-bc7f-6092327c44fa,OK,NA,,,,,,,,,,
VOICE_CAPTURE,101525,3/15/2022 10:54,c82e4612-4e6f-4834-bc7f-6092327c44fa,right,NA,,,,,,,,,,
TELEPORT,103837,3/15/2022 10:54,c82e4612-4e6f-4834-bc7f-6092327c44fa,"(2.2, 0.0, -1.2)",,,,,,,,,,,
TELEPORT,104646,3/15/2022 10:54,c82e4612-4e6f-4834-bc7f-6092327c44fa,"(1.9, 0.0, -0.7)",,,,,,,,,,,
TELEPORT,106043,3/15/2022 10:54,c82e4612-4e6f-4834-bc7f-6092327c44fa,"(1.8, 0.0, -0.5)",,,,,,,,,,,
VOICE_CAPTURE,106367,3/15/2022 10:54,c82e4612-4e6f-4834-bc7f-6092327c44fa,walk,NA,,,,,,,,,,
VOICE_COMMAND,106367,3/15/2022 10:54,c82e4612-4e6f-4834-bc7f-6092327c44fa,walk to the safe area,walk,,,,,,,,,,
S_A_L_T_WALK_IF_CAN,106369,3/15/2022 10:54,c82e4612-4e6f-4834-bc7f-6092327c44fa,"(-1.0, 0.0, 6.0)",walkIfCan,Bob_0 Root,,,,,,,,,
S_A_L_T_WALK_IF_CAN,106369,3/15/2022 10:54,c82e4612-4e6f-4834-bc7f-6092327c44fa,"(2.0, 0.0, 7.0)",walkIfCan,Gary_1 Root,,,,,,,,,
S_A_L_T_WALK_IF_CAN,106369,3/15/2022 10:54,c82e4612-4e6f-4834-bc7f-6092327c44fa,"(3.0, 0.0, 4.0)",walkIfCan,Lily_2 Root,,,,,,,,,
S_A_L_T_WALK_IF_CAN,106369,3/15/2022 10:54,c82e4612-4e6f-4834-bc7f-6092327c44fa,"(0.0, 0.0, 2.0)",walkIfCan,Gary_3 Root,,,,,,,,,
S_A_L_T_WALK_IF_CAN,106369,3/15/2022 10:54,c82e4612-4e6f-4834-bc7f-6092327c44fa,"(1.4, 0.0, 6.0)",walkIfCan,Lily_4 Root,,,,,,,,,
S_A_L_T_WALK_IF_CAN,106369,3/15/2022 10:54,c82e4612-4e6f-4834-bc7f-6092327c44fa,"(2.6, 0.0, 2.0)",walkIfCan,Mike_5 Root,,,,,,,,,
S_A_L_T_WALK_IF_CAN,106369,3/15/2022 10:54,c82e4612-4e6f-4834-bc7f-6092327c44fa,"(-1.0, 0.0, 3.2)",walkIfCan,Gloria_6 Root,,,,,,,,,
S_A_L_T_WALK_IF_CAN,106369,3/15/2022 10:54,c82e4612-4e6f-4834-bc7f-6092327c44fa,"(1.4, 0.0, 4.0)",walkIfCan,Mike_7 Root,,,,,,,,,
S_A_L_T_WALK_IF_CAN,106369,3/15/2022 10:54,c82e4612-4e6f-4834-bc7f-6092327c44fa,"(4.0, 0.0, 6.0)",walkIfCan,Gloria_8 Root,,,,,,,,,
S_A_L_T_WALKED,106369,3/15/2022 10:54,c82e4612-4e6f-4834-bc7f-6092327c44fa,"(4.0, 0.0, 6.0)",walked,Gloria_8 Root,,,,,,,,,
S_A_L_T_WALK_IF_CAN,106370,3/15/2022 10:54,c82e4612-4e6f-4834-bc7f-6092327c44fa,"(2.6, 0.0, 8.0)",walkIfCan,Bob_9 Root,,,,,,,,,
S_A_L_T_WALKED,106370,3/15/2022 10:54,c82e4612-4e6f-4834-bc7f-6092327c44fa,"(2.6, 0.0, 8.0)",walked,Bob_9 Root,,,,,,,,,
S_A_L_T_WALK_IF_CAN,106370,3/15/2022 10:54,c82e4612-4e6f-4834-bc7f-6092327c44fa,"(3.9, 0.0, 8.0)",walkIfCan,Helga_10 Root,,,,,,,,,
S_A_L_T_WALKED,106370,3/15/2022 10:54,c82e4612-4e6f-4834-bc7f-6092327c44fa,"(3.9, 0.0, 8.0)",walked,Helga_10 Root,,,,,,,,,
VOICE_CAPTURE,106713,3/15/2022 10:54,c82e4612-4e6f-4834-bc7f-6092327c44fa,everyone that can hear me please walk behind me stand behind me,NA,,,,,,,,,,
VOICE_COMMAND,106714,3/15/2022 10:54,c82e4612-4e6f-4834-bc7f-6092327c44fa,walk to the safe area,everyone that can hear me please walk behind me stand behind me,,,,,,,,,,
VOICE_COMMAND,106714,3/15/2022 10:54,c82e4612-4e6f-4834-bc7f-6092327c44fa,stand up,everyone that can hear me please walk behind me stand behind me,,,,,,,,,,
TELEPORT,110930,3/15/2022 10:54,c82e4612-4e6f-4834-bc7f-6092327c44fa,"(1.8, 0.0, 0.0)",,,,,,,,,,,
PATIENT_ENGAGED,114745,3/15/2022 10:54,c82e4612-4e6f-4834-bc7f-6092327c44fa,100,Infinity,Helga_10 Root,"(2.0, 0.0, 1.8)","(0.0, 1.0, 0.0, -0.1)",MINIMAL,walker,normal,normal,normal,calm,standing
VOICE_CAPTURE,115044,3/15/2022 10:54,c82e4612-4e6f-4834-bc7f-6092327c44fa,good if you can hear my voice wave your arm,NA,,,,,,,,,,
VOICE_COMMAND,115044,3/15/2022 10:54,c82e4612-4e6f-4834-bc7f-6092327c44fa,wave if you can,good if you can hear my voice wave your arm,,,,,,,,,,
S_A_L_T_WAVE_IF_CAN,115046,3/15/2022 10:54,c82e4612-4e6f-4834-bc7f-6092327c44fa,"(-1.0, 0.0, 6.0)",waveIfCan,Bob_0 Root,,,,,,,,,
S_A_L_T_WAVE_IF_CAN,115046,3/15/2022 10:54,c82e4612-4e6f-4834-bc7f-6092327c44fa,"(2.0, 0.0, 7.0)",waveIfCan,Gary_1 Root,,,,,,,,,
S_A_L_T_WAVE_IF_CAN,115046,3/15/2022 10:54,c82e4612-4e6f-4834-bc7f-6092327c44fa,"(3.0, 0.0, 4.0)",waveIfCan,Lily_2 Root,,,,,,,,,
S_A_L_T_WAVED,115046,3/15/2022 10:54,c82e4612-4e6f-4834-bc7f-6092327c44fa,"(3.0, 0.0, 4.0)",waved,Lily_2 Root,,,,,,,,,
S_A_L_T_WAVE_IF_CAN,115046,3/15/2022 10:54,c82e4612-4e6f-4834-bc7f-6092327c44fa,"(0.0, 0.0, 2.0)",waveIfCan,Gary_3 Root,,,,,,,,,
S_A_L_T_WAVE_IF_CAN,115046,3/15/2022 10:54,c82e4612-4e6f-4834-bc7f-6092327c44fa,"(1.4, 0.0, 6.0)",waveIfCan,Lily_4 Root,,,,,,,,,
S_A_L_T_WAVED,115046,3/15/2022 10:54,c82e4612-4e6f-4834-bc7f-6092327c44fa,"(1.4, 0.0, 6.0)",waved,Lily_4 Root,,,,,,,,,
S_A_L_T_WAVE_IF_CAN,115046,3/15/2022 10:54,c82e4612-4e6f-4834-bc7f-6092327c44fa,"(2.6, 0.0, 2.0)",waveIfCan,Mike_5 Root,,,,,,,,,
S_A_L_T_WAVED,115047,3/15/2022 10:54,c82e4612-4e6f-4834-bc7f-6092327c44fa,"(2.6, 0.0, 2.0)",waved,Mike_5 Root,,,,,,,,,
S_A_L_T_WAVE_IF_CAN,115047,3/15/2022 10:54,c82e4612-4e6f-4834-bc7f-6092327c44fa,"(-1.0, 0.0, 3.2)",waveIfCan,Gloria_6 Root,,,,,,,,,
S_A_L_T_WAVED,115047,3/15/2022 10:54,c82e4612-4e6f-4834-bc7f-6092327c44fa,"(-1.0, 0.0, 3.2)",waved,Gloria_6 Root,,,,,,,,,
S_A_L_T_WAVE_IF_CAN,115047,3/15/2022 10:54,c82e4612-4e6f-4834-bc7f-6092327c44fa,"(1.4, 0.0, 4.0)",waveIfCan,Mike_7 Root,,,,,,,,,
S_A_L_T_WAVED,115047,3/15/2022 10:54,c82e4612-4e6f-4834-bc7f-6092327c44fa,"(1.4, 0.0, 4.0)",waved,Mike_7 Root,,,,,,,,,
S_A_L_T_WAVE_IF_CAN,115047,3/15/2022 10:54,c82e4612-4e6f-4834-bc7f-6092327c44fa,"(4.6, 0.0, -1.0)",waveIfCan,Gloria_8 Root,,,,,,,,,
S_A_L_T_WAVE_IF_CAN,115047,3/15/2022 10:54,c82e4612-4e6f-4834-bc7f-6092327c44fa,"(3.5, 0.0, -0.7)",waveIfCan,Bob_9 Root,,,,,,,,,
S_A_L_T_WAVE_IF_CAN,115047,3/15/2022 10:54,c82e4612-4e6f-4834-bc7f-6092327c44fa,"(2.0, 0.0, 1.5)",waveIfCan,Helga_10 Root,,,,,,,,,
S_A_L_T_WALK_IF_CAN,115073,3/15/2022 10:54,c82e4612-4e6f-4834-bc7f-6092327c44fa,"(4.6, 0.0, -1.0)",walkIfCan,Gloria_8 Root,,,,,,,,,
S_A_L_T_WALKED,115073,3/15/2022 10:54,c82e4612-4e6f-4834-bc7f-6092327c44fa,"(4.6, 0.0, -1.0)",walked,Gloria_8 Root,,,,,,,,,
S_A_L_T_WALK_IF_CAN,115073,3/15/2022 10:54,c82e4612-4e6f-4834-bc7f-6092327c44fa,"(3.5, 0.0, -0.7)",walkIfCan,Bob_9 Root,,,,,,,,,
S_A_L_T_WALKED,115073,3/15/2022 10:54,c82e4612-4e6f-4834-bc7f-6092327c44fa,"(3.5, 0.0, -0.7)",walked,Bob_9 Root,,,,,,,,,
S_A_L_T_WALK_IF_CAN,115073,3/15/2022 10:54,c82e4612-4e6f-4834-bc7f-6092327c44fa,"(2.0, 0.0, 1.5)",walkIfCan,Helga_10 Root,,,,,,,,,
S_A_L_T_WALKED,115073,3/15/2022 10:54,c82e4612-4e6f-4834-bc7f-6092327c44fa,"(2.0, 0.0, 1.5)",walked,Helga_10 Root,,,,,,,,,
PULSE_TAKEN,116108,3/15/2022 10:54,c82e4612-4e6f-4834-bc7f-6092327c44fa,pulse_normal,Helga_10 Root,,,,,,,,,,
TELEPORT,118351,3/15/2022 10:54,c82e4612-4e6f-4834-bc7f-6092327c44fa,"(1.5, 0.0, 0.4)",,,,,,,,,,,
VOICE_CAPTURE,120402,3/15/2022 10:54,c82e4612-4e6f-4834-bc7f-6092327c44fa,i'll be with you on just a second,NA,,,,,,,,,,
PULSE_TAKEN,120913,3/15/2022 10:54,c82e4612-4e6f-4834-bc7f-6092327c44fa,pulse_faint,Gary_3 Root,,,,,,,,,,
TELEPORT,124098,3/15/2022 10:54,c82e4612-4e6f-4834-bc7f-6092327c44fa,"(0.3, 0.0, 1.0)",,,,,,,,,,,
PATIENT_ENGAGED,124234,3/15/2022 10:54,c82e4612-4e6f-4834-bc7f-6092327c44fa,100,0,Gary_3 Root,"(0.0, 0.0, 2.0)","(0.0, 0.0, 0.0, 1.0)",IMMEDIATE,still,faint,collapsedRight,normal,unresponsive,supine
TELEPORT,124678,3/15/2022 10:54,c82e4612-4e6f-4834-bc7f-6092327c44fa,"(0.2, 0.0, 1.0)",,,,,,,,,,,
VOICE_CAPTURE,124967,3/15/2022 10:54,c82e4612-4e6f-4834-bc7f-6092327c44fa,pause i gotta pause,NA,,,,,,,,,,
PULSE_TAKEN,125278,3/15/2022 10:54,c82e4612-4e6f-4834-bc7f-6092327c44fa,pulse_faint,Gary_3 Root,,,,,,,,,,
TELEPORT,125637,3/15/2022 10:54,c82e4612-4e6f-4834-bc7f-6092327c44fa,"(0.1, 0.0, 1.0)",,,,,,,,,,,
PULSE_TAKEN,126349,3/15/2022 10:54,c82e4612-4e6f-4834-bc7f-6092327c44fa,pulse_faint,Gary_3 Root,,,,,,,,,,
VOICE_CAPTURE,126818,3/15/2022 10:54,c82e4612-4e6f-4834-bc7f-6092327c44fa,chest injury,NA,,,,,,,,,,
TELEPORT,127264,3/15/2022 10:54,c82e4612-4e6f-4834-bc7f-6092327c44fa,"(-0.1, 0.0, 1.2)",,,,,,,,,,,
TELEPORT,128423,3/15/2022 10:54,c82e4612-4e6f-4834-bc7f-6092327c44fa,"(-0.4, 0.0, 1.4)",,,,,,,,,,,
TELEPORT,128734,3/15/2022 10:54,c82e4612-4e6f-4834-bc7f-6092327c44fa,"(-0.4, 0.0, 1.5)",,,,,,,,,,,
TELEPORT,129291,3/15/2022 10:54,c82e4612-4e6f-4834-bc7f-6092327c44fa,"(-0.5, 0.0, 1.5)",,,,,,,,,,,
VOICE_CAPTURE,129960,3/15/2022 10:54,c82e4612-4e6f-4834-bc7f-6092327c44fa,personal extremities,NA,,,,,,,,,,
TELEPORT,130917,3/15/2022 10:54,c82e4612-4e6f-4834-bc7f-6092327c44fa,"(-0.3, 0.0, 1.7)",,,,,,,,,,,
BAG_ACCESS,133011,3/15/2022 10:54,c82e4612-4e6f-4834-bc7f-6092327c44fa,"(0.3, 0.7, 1.1)",,,,,,,,,,,
VOICE_CAPTURE,134011,3/15/2022 10:54,c82e4612-4e6f-4834-bc7f-6092327c44fa,kane,NA,,,,,,,,,,
TAG_SELECTED,135885,3/15/2022 10:54,c82e4612-4e6f-4834-bc7f-6092327c44fa,yellow,,,,,,,,,,,
TAG_APPLIED,137132,3/15/2022 10:54,c82e4612-4e6f-4834-bc7f-6092327c44fa,Gary_3 Root,yellow,,,,,,,,,,
VOICE_CAPTURE,137532,3/15/2022 10:54,c82e4612-4e6f-4834-bc7f-6092327c44fa,this one is gonna be,NA,,,,,,,,,,
TAG_SELECTED,138334,3/15/2022 10:55,c82e4612-4e6f-4834-bc7f-6092327c44fa,yellow,,,,,,,,,,,
TAG_APPLIED,139004,3/15/2022 10:55,c82e4612-4e6f-4834-bc7f-6092327c44fa,Gary_3 Root,yellow,,,,,,,,,,
TAG_SELECTED,141342,3/15/2022 10:55,c82e4612-4e6f-4834-bc7f-6092327c44fa,red,,,,,,,,,,,
TAG_APPLIED,143793,3/15/2022 10:55,c82e4612-4e6f-4834-bc7f-6092327c44fa,Gary_3 Root,red,,,,,,,,,,
VOICE_CAPTURE,144260,3/15/2022 10:55,c82e4612-4e6f-4834-bc7f-6092327c44fa,crush injury though,NA,,,,,,,,,,
TAG_SELECTED,144306,3/15/2022 10:55,c82e4612-4e6f-4834-bc7f-6092327c44fa,yellow,,,,,,,,,,,
TAG_APPLIED,146510,3/15/2022 10:55,c82e4612-4e6f-4834-bc7f-6092327c44fa,Gary_3 Root,yellow,,,,,,,,,,
PULSE_TAKEN,146933,3/15/2022 10:55,c82e4612-4e6f-4834-bc7f-6092327c44fa,pulse_faint,Gary_3 Root,,,,,,,,,,
VOICE_CAPTURE,150318,3/15/2022 10:55,c82e4612-4e6f-4834-bc7f-6092327c44fa,can i hear breath sounds,NA,,,,,,,,,,
TAG_SELECTED,154151,3/15/2022 10:55,c82e4612-4e6f-4834-bc7f-6092327c44fa,green,,,,,,,,,,,
TAG_APPLIED,154775,3/15/2022 10:55,c82e4612-4e6f-4834-bc7f-6092327c44fa,Gary_3 Root,green,,,,,,,,,,
TAG_SELECTED,158806,3/15/2022 10:55,c82e4612-4e6f-4834-bc7f-6092327c44fa,gray,,,,,,,,,,,
TAG_APPLIED,159319,3/15/2022 10:55,c82e4612-4e6f-4834-bc7f-6092327c44fa,Gary_3 Root,gray,,,,,,,,,,
TAG_SELECTED,160610,3/15/2022 10:55,c82e4612-4e6f-4834-bc7f-6092327c44fa,gray,,,,,,,,,,,
TAG_APPLIED,161033,3/15/2022 10:55,c82e4612-4e6f-4834-bc7f-6092327c44fa,Gary_3 Root,gray,,,,,,,,,,
VOICE_CAPTURE,161233,3/15/2022 10:55,c82e4612-4e6f-4834-bc7f-6092327c44fa,K,NA,,,,,,,,,,
BAG_CLOSED,165712,3/15/2022 10:55,c82e4612-4e6f-4834-bc7f-6092327c44fa,"(0.3, 0.7, 1.1)",,,,,,,,,,,
TELEPORT,165712,3/15/2022 10:55,c82e4612-4e6f-4834-bc7f-6092327c44fa,"(0.5, 0.0, 0.9)",,,,,,,,,,,
TELEPORT,166044,3/15/2022 10:55,c82e4612-4e6f-4834-bc7f-6092327c44fa,"(0.5, 0.0, 0.9)",,,,,,,,,,,
VOICE_CAPTURE,166111,3/15/2022 10:55,c82e4612-4e6f-4834-bc7f-6092327c44fa,OK,NA,,,,,,,,,,
TELEPORT,166488,3/15/2022 10:55,c82e4612-4e6f-4834-bc7f-6092327c44fa,"(0.4, 0.0, 0.9)",,,,,,,,,,,
TELEPORT,167005,3/15/2022 10:55,c82e4612-4e6f-4834-bc7f-6092327c44fa,"(0.4, 0.0, 1.0)",,,,,,,,,,,
TELEPORT,167919,3/15/2022 10:55,c82e4612-4e6f-4834-bc7f-6092327c44fa,"(0.9, 0.0, 1.1)",,,,,,,,,,,
VOICE_CAPTURE,168670,3/15/2022 10:55,c82e4612-4e6f-4834-bc7f-6092327c44fa,so i'll be back for him,NA,,,,,,,,,,
TELEPORT,170989,3/15/2022 10:55,c82e4612-4e6f-4834-bc7f-6092327c44fa,"(1.1, 0.0, 2.6)",,,,,,,,,,,
TELEPORT,172379,3/15/2022 10:55,c82e4612-4e6f-4834-bc7f-6092327c44fa,"(0.5, 0.0, 3.0)",,,,,,,,,,,
TELEPORT,172803,3/15/2022 10:55,c82e4612-4e6f-4834-bc7f-6092327c44fa,"(0.5, 0.0, 3.0)",,,,,,,,,,,
TELEPORT,174306,3/15/2022 10:55,c82e4612-4e6f-4834-bc7f-6092327c44fa,"(-0.5, 0.0, 4.6)",,,,,,,,,,,
PULSE_TAKEN,176337,3/15/2022 10:55,c82e4612-4e6f-4834-bc7f-6092327c44fa,pulse_none,Bob_0 Root,,,,,,,,,,
PULSE_TAKEN,176961,3/15/2022 10:55,c82e4612-4e6f-4834-bc7f-6092327c44fa,pulse_none,Bob_0 Root,,,,,,,,,,
PULSE_TAKEN,177585,3/15/2022 10:55,c82e4612-4e6f-4834-bc7f-6092327c44fa,pulse_none,Bob_0 Root,,,,,,,,,,
PATIENT_ENGAGED,178123,3/15/2022 10:55,c82e4612-4e6f-4834-bc7f-6092327c44fa,100,Infinity,Bob_0 Root,"(-1.0, 0.0, 6.0)","(0.0, 0.7, 0.0, 0.7)",DEAD,still,none,none,none,dead,supine
TOOL_HOVER,178943,3/15/2022 10:55,c82e4612-4e6f-4834-bc7f-6092327c44fa,Gauze,999,,,,,,,,,,
TOOL_HOVER,178967,3/15/2022 10:55,c82e4612-4e6f-4834-bc7f-6092327c44fa,Gauze,999,,,,,,,,,,
TOOL_HOVER,178989,3/15/2022 10:55,c82e4612-4e6f-4834-bc7f-6092327c44fa,Gauze,999,,,,,,,,,,
TOOL_HOVER,179010,3/15/2022 10:55,c82e4612-4e6f-4834-bc7f-6092327c44fa,Gauze,999,,,,,,,,,,
TOOL_HOVER,179032,3/15/2022 10:55,c82e4612-4e6f-4834-bc7f-6092327c44fa,Gauze,999,,,,,,,,,,
BAG_ACCESS,179679,3/15/2022 10:55,c82e4612-4e6f-4834-bc7f-6092327c44fa,"(-0.9, 0.7, 5.1)",,,,,,,,,,,
TAG_SELECTED,180637,3/15/2022 10:55,c82e4612-4e6f-4834-bc7f-6092327c44fa,black,,,,,,,,,,,
TAG_APPLIED,181861,3/15/2022 10:55,c82e4612-4e6f-4834-bc7f-6092327c44fa,Bob_0 Root,black,,,,,,,,,,
VOICE_CAPTURE,181905,3/15/2022 10:55,c82e4612-4e6f-4834-bc7f-6092327c44fa,nepal's mission is dead,NA,,,,,,,,,,
BAG_CLOSED,184588,3/15/2022 10:55,c82e4612-4e6f-4834-bc7f-6092327c44fa,"(-0.9, 0.7, 5.1)",,,,,,,,,,,
TELEPORT,184588,3/15/2022 10:55,c82e4612-4e6f-4834-bc7f-6092327c44fa,"(-0.8, 0.0, 5.0)",,,,,,,,,,,
VOICE_CAPTURE,186940,3/15/2022 10:55,c82e4612-4e6f-4834-bc7f-6092327c44fa,hey,NA,,,,,,,,,,
PATIENT_ENGAGED,190148,3/15/2022 10:55,c82e4612-4e6f-4834-bc7f-6092327c44fa,100,Infinity,Gary_1 Root,"(2.0, 0.0, 7.0)","(0.0, 1.0, 0.0, 0.0)",EXPECTANT,still,none,restricted,none,unresponsive,supine
PULSE_TAKEN,191483,3/15/2022 10:55,c82e4612-4e6f-4834-bc7f-6092327c44fa,pulse_none,Gary_1 Root,,,,,,,,,,
TELEPORT,193735,3/15/2022 10:55,c82e4612-4e6f-4834-bc7f-6092327c44fa,"(0.8, 0.0, 7.3)",,,,,,,,,,,
VOICE_CAPTURE,195025,3/15/2022 10:55,c82e4612-4e6f-4834-bc7f-6092327c44fa,let's say specious,NA,,,,,,,,,,
BAG_ACCESS,195137,3/15/2022 10:55,c82e4612-4e6f-4834-bc7f-6092327c44fa,"(0.9, 0.8, 7.2)",,,,,,,,,,,
TAG_SELECTED,197187,3/15/2022 10:55,c82e4612-4e6f-4834-bc7f-6092327c44fa,gray,,,,,,,,,,,
VOICE_CAPTURE,197986,3/15/2022 10:55,c82e4612-4e6f-4834-bc7f-6092327c44fa,we should expect it,NA,,,,,,,,,,
TAG_APPLIED,198321,3/15/2022 10:56,c82e4612-4e6f-4834-bc7f-6092327c44fa,Gary_1 Root,gray,,,,,,,,,,
BAG_CLOSED,201300,3/15/2022 10:56,c82e4612-4e6f-4834-bc7f-6092327c44fa,"(0.9, 0.8, 7.2)",,,,,,,,,,,
TELEPORT,201300,3/15/2022 10:56,c82e4612-4e6f-4834-bc7f-6092327c44fa,"(0.9, 0.0, 7.4)",,,,,,,,,,,
TELEPORT,201686,3/15/2022 10:56,c82e4612-4e6f-4834-bc7f-6092327c44fa,"(0.9, 0.0, 7.3)",,,,,,,,,,,
VOICE_CAPTURE,202704,3/15/2022 10:56,c82e4612-4e6f-4834-bc7f-6092327c44fa,came,NA,,,,,,,,,,
TELEPORT,205656,3/15/2022 10:56,c82e4612-4e6f-4834-bc7f-6092327c44fa,"(2.0, 0.0, 0.8)",,,,,,,,,,,
TELEPORT,206330,3/15/2022 10:56,c82e4612-4e6f-4834-bc7f-6092327c44fa,"(2.0, 0.0, 0.8)",,,,,,,,,,,
VOICE_CAPTURE,206625,3/15/2022 10:56,c82e4612-4e6f-4834-bc7f-6092327c44fa,come back here,NA,,,,,,,,,,
TELEPORT,206914,3/15/2022 10:56,c82e4612-4e6f-4834-bc7f-6092327c44fa,"(2.0, 0.0, 0.9)",,,,,,,,,,,
TELEPORT,207804,3/15/2022 10:56,c82e4612-4e6f-4834-bc7f-6092327c44fa,"(2.4, 0.0, 0.9)",,,,,,,,,,,
TELEPORT,209658,3/15/2022 10:56,c82e4612-4e6f-4834-bc7f-6092327c44fa,"(2.9, 0.0, 1.1)",,,,,,,,,,,
VOICE_CAPTURE,210079,3/15/2022 10:56,c82e4612-4e6f-4834-bc7f-6092327c44fa,alright,NA,,,,,,,,,,
BAG_ACCESS,210907,3/15/2022 10:56,c82e4612-4e6f-4834-bc7f-6092327c44fa,"(3.0, 0.8, 1.3)",,,,,,,,,,,
TOOL_HOVER,214093,3/15/2022 10:56,c82e4612-4e6f-4834-bc7f-6092327c44fa,Gauze,999,,,,,,,,,,
TOOL_HOVER,214120,3/15/2022 10:56,c82e4612-4e6f-4834-bc7f-6092327c44fa,Gauze,999,,,,,,,,,,
TOOL_HOVER,214146,3/15/2022 10:56,c82e4612-4e6f-4834-bc7f-6092327c44fa,Gauze,999,,,,,,,,,,
TOOL_HOVER,214174,3/15/2022 10:56,c82e4612-4e6f-4834-bc7f-6092327c44fa,Tourniquet,998,,,,,,,,,,
TOOL_HOVER,214201,3/15/2022 10:56,c82e4612-4e6f-4834-bc7f-6092327c44fa,Tourniquet,998,,,,,,,,,,
TOOL_HOVER,214230,3/15/2022 10:56,c82e4612-4e6f-4834-bc7f-6092327c44fa,Tourniquet,998,,,,,,,,,,
TOOL_HOVER,214259,3/15/2022 10:56,c82e4612-4e6f-4834-bc7f-6092327c44fa,Tourniquet,998,,,,,,,,,,
TOOL_SELECTED,214260,3/15/2022 10:56,c82e4612-4e6f-4834-bc7f-6092327c44fa,Tourniquet,997,,,,,,,,,,
PATIENT_ENGAGED,214414,3/15/2022 10:56,c82e4612-4e6f-4834-bc7f-6092327c44fa,63.87083,Infinity,Mike_5 Root,"(2.6, 0.0, 2.0)","(0.0, 1.0, 0.0, 0.0)",IMMEDIATE,waver,fast,normal,normal,calm,fetal
INJURY_TREATED,215999,3/15/2022 10:56,c82e4612-4e6f-4834-bc7f-6092327c44fa,R Thigh Laceration,Mike_5 Root,gauzePressure,medium,rightLeg,FALSE,TRUE,"(2.9, 0.3, 1.9)",,,,
TOOL_APPLIED,216000,3/15/2022 10:56,c82e4612-4e6f-4834-bc7f-6092327c44fa,Mike_5 Root,Tourniquet,RightUpLeg (UnityEngine.GameObject),tor_ring (1) (UnityEngine.GameObject),tourniquet(Clone) (UnityEngine.GameObject),AppliedTourniquet,,,,,,
BAG_CLOSED,217824,3/15/2022 10:56,c82e4612-4e6f-4834-bc7f-6092327c44fa,"(3.1, 0.8, 1.3)",,,,,,,,,,,
TELEPORT,217824,3/15/2022 10:56,c82e4612-4e6f-4834-bc7f-6092327c44fa,"(3.1, 0.0, 1.3)",,,,,,,,,,,
VOICE_CAPTURE,217930,3/15/2022 10:56,c82e4612-4e6f-4834-bc7f-6092327c44fa,late,NA,,,,,,,,,,
BAG_ACCESS,220782,3/15/2022 10:56,c82e4612-4e6f-4834-bc7f-6092327c44fa,"(3.2, 0.7, 1.5)",,,,,,,,,,,
VOICE_CAPTURE,221335,3/15/2022 10:56,c82e4612-4e6f-4834-bc7f-6092327c44fa,we just stopped,NA,,,,,,,,,,
TOOL_HOVER,221659,3/15/2022 10:56,c82e4612-4e6f-4834-bc7f-6092327c44fa,Gauze,999,,,,,,,,,,
TOOL_HOVER,221686,3/15/2022 10:56,c82e4612-4e6f-4834-bc7f-6092327c44fa,Gauze,999,,,,,,,,,,
TOOL_HOVER,221712,3/15/2022 10:56,c82e4612-4e6f-4834-bc7f-6092327c44fa,Gauze,999,,,,,,,,,,
TOOL_HOVER,221739,3/15/2022 10:56,c82e4612-4e6f-4834-bc7f-6092327c44fa,Gauze,999,,,,,,,,,,
TOOL_HOVER,221764,3/15/2022 10:56,c82e4612-4e6f-4834-bc7f-6092327c44fa,Gauze,999,,,,,,,,,,
TOOL_HOVER,221791,3/15/2022 10:56,c82e4612-4e6f-4834-bc7f-6092327c44fa,Gauze,999,,,,,,,,,,
TOOL_SELECTED,221793,3/15/2022 10:56,c82e4612-4e6f-4834-bc7f-6092327c44fa,Gauze,998,,,,,,,,,,
BAG_CLOSED,222363,3/15/2022 10:56,c82e4612-4e6f-4834-bc7f-6092327c44fa,"(3.2, 0.7, 1.5)",,,,,,,,,,,
TELEPORT,222363,3/15/2022 10:56,c82e4612-4e6f-4834-bc7f-6092327c44fa,"(3.1, 0.0, 1.4)",,,,,,,,,,,
TOOL_DISCARDED,223282,3/15/2022 10:56,c82e4612-4e6f-4834-bc7f-6092327c44fa,Gauze,998,"(3.1, 0.3, 2.3)",,,,,,,,,
INJURY_TREATED,223282,3/15/2022 10:56,c82e4612-4e6f-4834-bc7f-6092327c44fa,R Side Puncture,Mike_5 Root,woundpack,medium,abdomen,FALSE,TRUE,"(3.0, 0.3, 2.2)",,,,
TOOL_APPLIED,223282,3/15/2022 10:56,c82e4612-4e6f-4834-bc7f-6092327c44fa,Mike_5 Root,Gauze_Dressing,skinCollider_BodyCollideLOD (UnityEngine.GameObject),null,null,AppliedDressingGauze,,,,,,
VOICE_CAPTURE,224955,3/15/2022 10:56,c82e4612-4e6f-4834-bc7f-6092327c44fa,nothing just not,NA,,,,,,,,,,
BAG_ACCESS,226624,3/15/2022 10:56,c82e4612-4e6f-4834-bc7f-6092327c44fa,"(3.2, 0.8, 1.6)",,,,,,,,,,,
TAG_SELECTED,227359,3/15/2022 10:56,c82e4612-4e6f-4834-bc7f-6092327c44fa,yellow,,,,,,,,,,,
VOICE_CAPTURE,228206,3/15/2022 10:56,c82e4612-4e6f-4834-bc7f-6092327c44fa,show that pressure there,NA,,,,,,,,,,
TAG_APPLIED,228674,3/15/2022 10:56,c82e4612-4e6f-4834-bc7f-6092327c44fa,Mike_5 Root,yellow,,,,,,,,,,
TAG_SELECTED,229884,3/15/2022 10:56,c82e4612-4e6f-4834-bc7f-6092327c44fa,yellow,,,,,,,,,,,
TAG_APPLIED,230861,3/15/2022 10:56,c82e4612-4e6f-4834-bc7f-6092327c44fa,Mike_5 Root,yellow,,,,,,,,,,
VOICE_CAPTURE,233820,3/15/2022 10:56,c82e4612-4e6f-4834-bc7f-6092327c44fa,that's right it goes on his arm,NA,,,,,,,,,,
BAG_CLOSED,233865,3/15/2022 10:56,c82e4612-4e6f-4834-bc7f-6092327c44fa,"(3.2, 0.8, 1.6)",,,,,,,,,,,
TELEPORT,233865,3/15/2022 10:56,c82e4612-4e6f-4834-bc7f-6092327c44fa,"(3.1, 0.0, 1.5)",,,,,,,,,,,
TELEPORT,234709,3/15/2022 10:56,c82e4612-4e6f-4834-bc7f-6092327c44fa,"(3.0, 0.0, 1.5)",,,,,,,,,,,
TELEPORT,236432,3/15/2022 10:56,c82e4612-4e6f-4834-bc7f-6092327c44fa,"(2.8, 0.0, 1.7)",,,,,,,,,,,
VOICE_CAPTURE,236758,3/15/2022 10:56,c82e4612-4e6f-4834-bc7f-6092327c44fa,not right,NA,,,,,,,,,,
BAG_ACCESS,241013,3/15/2022 10:56,c82e4612-4e6f-4834-bc7f-6092327c44fa,"(2.9, 0.8, 3.1)",,,,,,,,,,,
BAG_CLOSED,241927,3/15/2022 10:56,c82e4612-4e6f-4834-bc7f-6092327c44fa,"(2.9, 0.8, 3.1)",,,,,,,,,,,
TELEPORT,241927,3/15/2022 10:56,c82e4612-4e6f-4834-bc7f-6092327c44fa,"(3.1, 0.0, 3.5)",,,,,,,,,,,
BAG_ACCESS,243672,3/15/2022 10:56,c82e4612-4e6f-4834-bc7f-6092327c44fa,"(3.2, 0.8, 3.6)",,,,,,,,,,,
TOOL_HOVER,244380,3/15/2022 10:56,c82e4612-4e6f-4834-bc7f-6092327c44fa,Gauze,999,,,,,,,,,,
TOOL_HOVER,244403,3/15/2022 10:56,c82e4612-4e6f-4834-bc7f-6092327c44fa,Gauze,999,,,,,,,,,,
TOOL_HOVER,244425,3/15/2022 10:56,c82e4612-4e6f-4834-bc7f-6092327c44fa,Gauze,999,,,,,,,,,,
TOOL_HOVER,244448,3/15/2022 10:56,c82e4612-4e6f-4834-bc7f-6092327c44fa,Gauze,999,,,,,,,,,,
TOOL_HOVER,244471,3/15/2022 10:56,c82e4612-4e6f-4834-bc7f-6092327c44fa,Gauze,999,,,,,,,,,,
TOOL_HOVER,244493,3/15/2022 10:56,c82e4612-4e6f-4834-bc7f-6092327c44fa,Tourniquet,997,,,,,,,,,,
TOOL_HOVER,244514,3/15/2022 10:56,c82e4612-4e6f-4834-bc7f-6092327c44fa,Tourniquet,997,,,,,,,,,,
TOOL_HOVER,244536,3/15/2022 10:56,c82e4612-4e6f-4834-bc7f-6092327c44fa,Tourniquet,997,,,,,,,,,,
TOOL_HOVER,244556,3/15/2022 10:56,c82e4612-4e6f-4834-bc7f-6092327c44fa,Tourniquet,997,,,,,,,,,,
TOOL_SELECTED,244557,3/15/2022 10:56,c82e4612-4e6f-4834-bc7f-6092327c44fa,Tourniquet,996,,,,,,,,,,
PATIENT_ENGAGED,244848,3/15/2022 10:56,c82e4612-4e6f-4834-bc7f-6092327c44fa,100,Infinity,Lily_2 Root,"(3.0, 0.0, 4.0)","(0.0, 1.0, 0.0, 0.0)",IMMEDIATE,waver,fast,fast,normal,calm,fetal
INJURY_TREATED,245954,3/15/2022 10:56,c82e4612-4e6f-4834-bc7f-6092327c44fa,R Shin Amputation,Lily_2 Root,tourniquet,high,rightLeg,TRUE,FALSE,"(3.3, 0.1, 3.8)",,,,
TOOL_APPLIED,245954,3/15/2022 10:56,c82e4612-4e6f-4834-bc7f-6092327c44fa,Lily_2 Root,Tourniquet,RightUpLeg (UnityEngine.GameObject),tor_ring (1) (UnityEngine.GameObject),tourniquet(Clone) (UnityEngine.GameObject),AppliedTourniquet,,,,,,
VOICE_CAPTURE,250547,3/15/2022 10:56,c82e4612-4e6f-4834-bc7f-6092327c44fa,crush injury gotta turn it on here,NA,,,,,,,,,,
TAG_SELECTED,250733,3/15/2022 10:56,c82e4612-4e6f-4834-bc7f-6092327c44fa,yellow,,,,,,,,,,,
TAG_APPLIED,251970,3/15/2022 10:56,c82e4612-4e6f-4834-bc7f-6092327c44fa,Lily_2 Root,yellow,,,,,,,,,,
PULSE_TAKEN,251992,3/15/2022 10:56,c82e4612-4e6f-4834-bc7f-6092327c44fa,pulse_fast,Lily_2 Root,,,,,,,,,,
VOICE_CAPTURE,252376,3/15/2022 10:56,c82e4612-4e6f-4834-bc7f-6092327c44fa,then,NA,,,,,,,,,,
TAG_SELECTED,254556,3/15/2022 10:56,c82e4612-4e6f-4834-bc7f-6092327c44fa,green,,,,,,,,,,,
TAG_APPLIED,255381,3/15/2022 10:56,c82e4612-4e6f-4834-bc7f-6092327c44fa,Lily_2 Root,green,,,,,,,,,,
TAG_SELECTED,255983,3/15/2022 10:56,c82e4612-4e6f-4834-bc7f-6092327c44fa,gray,,,,,,,,,,,
VOICE_CAPTURE,256003,3/15/2022 10:56,c82e4612-4e6f-4834-bc7f-6092327c44fa,play,NA,,,,,,,,,,
TAG_APPLIED,256540,3/15/2022 10:56,c82e4612-4e6f-4834-bc7f-6092327c44fa,Lily_2 Root,gray,,,,,,,,,,
BAG_CLOSED,257949,3/15/2022 10:56,c82e4612-4e6f-4834-bc7f-6092327c44fa,"(3.2, 0.8, 3.6)",,,,,,,,,,,
TELEPORT,258233,3/15/2022 10:57,c82e4612-4e6f-4834-bc7f-6092327c44fa,"(2.7, 0.0, 3.1)",,,,,,,,,,,
TELEPORT,260282,3/15/2022 10:57,c82e4612-4e6f-4834-bc7f-6092327c44fa,"(2.0, 0.0, 3.0)",,,,,,,,,,,
VOICE_CAPTURE,263979,3/15/2022 10:57,c82e4612-4e6f-4834-bc7f-6092327c44fa,they should be here,NA,,,,,,,,,,
BAG_ACCESS,266165,3/15/2022 10:57,c82e4612-4e6f-4834-bc7f-6092327c44fa,"(-0.8, 0.7, 3.1)",,,,,,,,,,,
VOICE_CAPTURE,267832,3/15/2022 10:57,c82e4612-4e6f-4834-bc7f-6092327c44fa,or 8,NA,,,,,,,,,,
BAG_CLOSED,268501,3/15/2022 10:57,c82e4612-4e6f-4834-bc7f-6092327c44fa,"(-0.8, 0.7, 3.1)",,,,,,,,,,,
TELEPORT,268502,3/15/2022 10:57,c82e4612-4e6f-4834-bc7f-6092327c44fa,"(-0.8, 0.0, 2.9)",,,,,,,,,,,
PATIENT_ENGAGED,268703,3/15/2022 10:57,c82e4612-4e6f-4834-bc7f-6092327c44fa,100,Infinity,Gloria_6 Root,"(-1.0, 0.0, 3.2)","(0.0, 0.4, 0.0, 0.9)",DELAYED,waver,fast,normal,normal,calm,fetal
BAG_ACCESS,270272,3/15/2022 10:57,c82e4612-4e6f-4834-bc7f-6092327c44fa,"(-0.8, 0.7, 3.1)",,,,,,,,,,,
VOICE_CAPTURE,270689,3/15/2022 10:57,c82e4612-4e6f-4834-bc7f-6092327c44fa,so there's no bleeding,NA,,,,,,,,,,
TOOL_HOVER,270788,3/15/2022 10:57,c82e4612-4e6f-4834-bc7f-6092327c44fa,Tourniquet,996,,,,,,,,,,
TOOL_HOVER,270813,3/15/2022 10:57,c82e4612-4e6f-4834-bc7f-6092327c44fa,Tourniquet,996,,,,,,,,,,
TOOL_HOVER,270838,3/15/2022 10:57,c82e4612-4e6f-4834-bc7f-6092327c44fa,Tourniquet,996,,,,,,,,,,
TOOL_HOVER,270862,3/15/2022 10:57,c82e4612-4e6f-4834-bc7f-6092327c44fa,Tourniquet,996,,,,,,,,,,
TOOL_HOVER,270889,3/15/2022 10:57,c82e4612-4e6f-4834-bc7f-6092327c44fa,Gauze,999,,,,,,,,,,
TOOL_HOVER,270913,3/15/2022 10:57,c82e4612-4e6f-4834-bc7f-6092327c44fa,Gauze,999,,,,,,,,,,
TOOL_HOVER,270939,3/15/2022 10:57,c82e4612-4e6f-4834-bc7f-6092327c44fa,Gauze,999,,,,,,,,,,
TOOL_HOVER,270962,3/15/2022 10:57,c82e4612-4e6f-4834-bc7f-6092327c44fa,Gauze,999,,,,,,,,,,
TOOL_HOVER,270989,3/15/2022 10:57,c82e4612-4e6f-4834-bc7f-6092327c44fa,Tourniquet,996,,,,,,,,,,
TOOL_HOVER,271013,3/15/2022 10:57,c82e4612-4e6f-4834-bc7f-6092327c44fa,Tourniquet,996,,,,,,,,,,
TOOL_SELECTED,271015,3/15/2022 10:57,c82e4612-4e6f-4834-bc7f-6092327c44fa,Tourniquet,995,,,,,,,,,,
TOOL_DISCARDED,271722,3/15/2022 10:57,c82e4612-4e6f-4834-bc7f-6092327c44fa,Tourniquet,995,"(-0.6, 1.2, 3.6)",,,,,,,,,
TOOL_HOVER,271784,3/15/2022 10:57,c82e4612-4e6f-4834-bc7f-6092327c44fa,Tourniquet,996,,,,,,,,,,
TOOL_HOVER,271805,3/15/2022 10:57,c82e4612-4e6f-4834-bc7f-6092327c44fa,Tourniquet,996,,,,,,,,,,
TOOL_HOVER,271826,3/15/2022 10:57,c82e4612-4e6f-4834-bc7f-6092327c44fa,Tourniquet,996,,,,,,,,,,
TOOL_HOVER,271848,3/15/2022 10:57,c82e4612-4e6f-4834-bc7f-6092327c44fa,Tourniquet,996,,,,,,,,,,
TOOL_HOVER,271871,3/15/2022 10:57,c82e4612-4e6f-4834-bc7f-6092327c44fa,Tourniquet,996,,,,,,,,,,
TOOL_HOVER,271892,3/15/2022 10:57,c82e4612-4e6f-4834-bc7f-6092327c44fa,Tourniquet,996,,,,,,,,,,
TOOL_HOVER,271915,3/15/2022 10:57,c82e4612-4e6f-4834-bc7f-6092327c44fa,Tourniquet,996,,,,,,,,,,
TOOL_HOVER,271938,3/15/2022 10:57,c82e4612-4e6f-4834-bc7f-6092327c44fa,Tourniquet,996,,,,,,,,,,
TOOL_HOVER,271961,3/15/2022 10:57,c82e4612-4e6f-4834-bc7f-6092327c44fa,Tourniquet,996,,,,,,,,,,
TOOL_HOVER,271985,3/15/2022 10:57,c82e4612-4e6f-4834-bc7f-6092327c44fa,Tourniquet,996,,,,,,,,,,
TOOL_HOVER,272009,3/15/2022 10:57,c82e4612-4e6f-4834-bc7f-6092327c44fa,Tourniquet,996,,,,,,,,,,
TOOL_HOVER,272032,3/15/2022 10:57,c82e4612-4e6f-4834-bc7f-6092327c44fa,Tourniquet,996,,,,,,,,,,
TOOL_HOVER,272055,3/15/2022 10:57,c82e4612-4e6f-4834-bc7f-6092327c44fa,Tourniquet,996,,,,,,,,,,
TOOL_HOVER,272077,3/15/2022 10:57,c82e4612-4e6f-4834-bc7f-6092327c44fa,Tourniquet,996,,,,,,,,,,
TOOL_HOVER,272101,3/15/2022 10:57,c82e4612-4e6f-4834-bc7f-6092327c44fa,Tourniquet,996,,,,,,,,,,
TOOL_HOVER,272124,3/15/2022 10:57,c82e4612-4e6f-4834-bc7f-6092327c44fa,Tourniquet,996,,,,,,,,,,
TOOL_HOVER,272148,3/15/2022 10:57,c82e4612-4e6f-4834-bc7f-6092327c44fa,Tourniquet,996,,,,,,,,,,
TOOL_HOVER,272171,3/15/2022 10:57,c82e4612-4e6f-4834-bc7f-6092327c44fa,Tourniquet,996,,,,,,,,,,
TOOL_HOVER,272193,3/15/2022 10:57,c82e4612-4e6f-4834-bc7f-6092327c44fa,Tourniquet,996,,,,,,,,,,
TOOL_HOVER,272215,3/15/2022 10:57,c82e4612-4e6f-4834-bc7f-6092327c44fa,Tourniquet,996,,,,,,,,,,
TOOL_HOVER,272238,3/15/2022 10:57,c82e4612-4e6f-4834-bc7f-6092327c44fa,Tourniquet,996,,,,,,,,,,
TOOL_HOVER,272260,3/15/2022 10:57,c82e4612-4e6f-4834-bc7f-6092327c44fa,Tourniquet,996,,,,,,,,,,
TOOL_HOVER,272283,3/15/2022 10:57,c82e4612-4e6f-4834-bc7f-6092327c44fa,Tourniquet,996,,,,,,,,,,
TOOL_HOVER,272306,3/15/2022 10:57,c82e4612-4e6f-4834-bc7f-6092327c44fa,Tourniquet,996,,,,,,,,,,
TOOL_HOVER,272326,3/15/2022 10:57,c82e4612-4e6f-4834-bc7f-6092327c44fa,Tourniquet,996,,,,,,,,,,
TOOL_HOVER,272349,3/15/2022 10:57,c82e4612-4e6f-4834-bc7f-6092327c44fa,Tourniquet,996,,,,,,,,,,
TOOL_HOVER,272372,3/15/2022 10:57,c82e4612-4e6f-4834-bc7f-6092327c44fa,Tourniquet,996,,,,,,,,,,
TOOL_HOVER,272393,3/15/2022 10:57,c82e4612-4e6f-4834-bc7f-6092327c44fa,Tourniquet,996,,,,,,,,,,
TOOL_HOVER,272415,3/15/2022 10:57,c82e4612-4e6f-4834-bc7f-6092327c44fa,Tourniquet,996,,,,,,,,,,
TOOL_HOVER,272439,3/15/2022 10:57,c82e4612-4e6f-4834-bc7f-6092327c44fa,Tourniquet,996,,,,,,,,,,
TOOL_HOVER,272462,3/15/2022 10:57,c82e4612-4e6f-4834-bc7f-6092327c44fa,Tourniquet,996,,,,,,,,,,
TOOL_HOVER,272486,3/15/2022 10:57,c82e4612-4e6f-4834-bc7f-6092327c44fa,Tourniquet,996,,,,,,,,,,
TOOL_SELECTED,272488,3/15/2022 10:57,c82e4612-4e6f-4834-bc7f-6092327c44fa,Tourniquet,995,,,,,,,,,,
VOICE_CAPTURE,272799,3/15/2022 10:57,c82e4612-4e6f-4834-bc7f-6092327c44fa,probably OK,NA,,,,,,,,,,
TOOL_APPLIED,273826,3/15/2022 10:57,c82e4612-4e6f-4834-bc7f-6092327c44fa,Gloria_6 Root,Tourniquet,RightUpLeg (UnityEngine.GameObject),tor_ring (1) (UnityEngine.GameObject),tourniquet(Clone) (UnityEngine.GameObject),AppliedTourniquet,,,,,,
PULSE_TAKEN,273935,3/15/2022 10:57,c82e4612-4e6f-4834-bc7f-6092327c44fa,pulse_fast,Gloria_6 Root,,,,,,,,,,
TAG_SELECTED,275318,3/15/2022 10:57,c82e4612-4e6f-4834-bc7f-6092327c44fa,green,,,,,,,,,,,
BAG_CLOSED,275765,3/15/2022 10:57,c82e4612-4e6f-4834-bc7f-6092327c44fa,"(-0.8, 0.7, 3.1)",,,,,,,,,,,
TELEPORT,275765,3/15/2022 10:57,c82e4612-4e6f-4834-bc7f-6092327c44fa,"(-0.8, 0.0, 2.9)",,,,,,,,,,,
TAG_APPLIED,275787,3/15/2022 10:57,c82e4612-4e6f-4834-bc7f-6092327c44fa,Gloria_6 Root,green,,,,,,,,,,
VOICE_CAPTURE,276319,3/15/2022 10:57,c82e4612-4e6f-4834-bc7f-6092327c44fa,plenty of targets,NA,,,,,,,,,,
PATIENT_ENGAGED,276684,3/15/2022 10:57,c82e4612-4e6f-4834-bc7f-6092327c44fa,63.87083,Infinity,Mike_7 Root,"(1.4, 0.0, 4.0)","(0.0, 0.1, 0.0, 1.0)",DELAYED,waver,fast,normal,normal,calm,sittingGround
BAG_ACCESS,281581,3/15/2022 10:57,c82e4612-4e6f-4834-bc7f-6092327c44fa,"(0.5, 0.7, 4.4)",,,,,,,,,,,
TAG_SELECTED,283284,3/15/2022 10:57,c82e4612-4e6f-4834-bc7f-6092327c44fa,yellow,,,,,,,,,,,
BAG_CLOSED,284180,3/15/2022 10:57,c82e4612-4e6f-4834-bc7f-6092327c44fa,"(0.5, 0.7, 4.4)",,,,,,,,,,,
TELEPORT,284180,3/15/2022 10:57,c82e4612-4e6f-4834-bc7f-6092327c44fa,"(0.4, 0.0, 4.3)",,,,,,,,,,,
PATIENT_ENGAGED,285543,3/15/2022 10:57,c82e4612-4e6f-4834-bc7f-6092327c44fa,100,Infinity,Gloria_6 Root,"(-1.0, 0.0, 3.2)","(0.0, 0.4, 0.0, 0.9)",DELAYED,waver,fast,normal,normal,calm,fetal
VOICE_CAPTURE,286786,3/15/2022 10:57,c82e4612-4e6f-4834-bc7f-6092327c44fa,trip to put on it,NA,,,,,,,,,,
TAG_APPLIED,287557,3/15/2022 10:57,c82e4612-4e6f-4834-bc7f-6092327c44fa,Gloria_6 Root,yellow,,,,,,,,,,
BAG_ACCESS,288746,3/15/2022 10:57,c82e4612-4e6f-4834-bc7f-6092327c44fa,"(-0.4, 0.8, 4.2)",,,,,,,,,,,
VOICE_CAPTURE,289573,3/15/2022 10:57,c82e4612-4e6f-4834-bc7f-6092327c44fa,yeah he's probably,NA,,,,,,,,,,
TAG_SELECTED,289968,3/15/2022 10:57,c82e4612-4e6f-4834-bc7f-6092327c44fa,green,,,,,,,,,,,
BAG_CLOSED,290820,3/15/2022 10:57,c82e4612-4e6f-4834-bc7f-6092327c44fa,"(-0.4, 0.8, 4.2)",,,,,,,,,,,
TELEPORT,290820,3/15/2022 10:57,c82e4612-4e6f-4834-bc7f-6092327c44fa,"(-0.3, 0.0, 4.2)",,,,,,,,,,,
TAG_APPLIED,291868,3/15/2022 10:57,c82e4612-4e6f-4834-bc7f-6092327c44fa,Gloria_6 Root,green,,,,,,,,,,
VOICE_CAPTURE,292000,3/15/2022 10:57,c82e4612-4e6f-4834-bc7f-6092327c44fa,only OK,NA,,,,,,,,,,
TELEPORT,293303,3/15/2022 10:57,c82e4612-4e6f-4834-bc7f-6092327c44fa,"(-0.3, 0.0, 4.5)",,,,,,,,,,,
PATIENT_ENGAGED,295532,3/15/2022 10:57,c82e4612-4e6f-4834-bc7f-6092327c44fa,63.87083,Infinity,Mike_7 Root,"(1.4, 0.0, 4.0)","(0.0, 0.1, 0.0, 1.0)",DELAYED,waver,fast,normal,normal,calm,sittingGround
BAG_ACCESS,295662,3/15/2022 10:57,c82e4612-4e6f-4834-bc7f-6092327c44fa,"(0.2, 0.8, 4.3)",,,,,,,,,,,
BAG_CLOSED,296417,3/15/2022 10:57,c82e4612-4e6f-4834-bc7f-6092327c44fa,"(0.2, 0.8, 4.3)",,,,,,,,,,,
TELEPORT,296417,3/15/2022 10:57,c82e4612-4e6f-4834-bc7f-6092327c44fa,"(0.3, 0.0, 4.4)",,,,,,,,,,,
BAG_ACCESS,297624,3/15/2022 10:57,c82e4612-4e6f-4834-bc7f-6092327c44fa,"(0.3, 0.8, 4.3)",,,,,,,,,,,
VOICE_CAPTURE,298177,3/15/2022 10:57,c82e4612-4e6f-4834-bc7f-6092327c44fa,spell amy,NA,,,,,,,,,,
TOOL_HOVER,298179,3/15/2022 10:57,c82e4612-4e6f-4834-bc7f-6092327c44fa,Gauze,999,,,,,,,,,,
TOOL_HOVER,298208,3/15/2022 10:57,c82e4612-4e6f-4834-bc7f-6092327c44fa,Gauze,999,,,,,,,,,,
TOOL_HOVER,298237,3/15/2022 10:57,c82e4612-4e6f-4834-bc7f-6092327c44fa,Gauze,999,,,,,,,,,,
TOOL_HOVER,298264,3/15/2022 10:57,c82e4612-4e6f-4834-bc7f-6092327c44fa,Gauze,999,,,,,,,,,,
TOOL_HOVER,298293,3/15/2022 10:57,c82e4612-4e6f-4834-bc7f-6092327c44fa,Tourniquet,995,,,,,,,,,,
TOOL_HOVER,298323,3/15/2022 10:57,c82e4612-4e6f-4834-bc7f-6092327c44fa,Tourniquet,995,,,,,,,,,,
TOOL_HOVER,298354,3/15/2022 10:57,c82e4612-4e6f-4834-bc7f-6092327c44fa,Tourniquet,995,,,,,,,,,,
TOOL_SELECTED,298355,3/15/2022 10:57,c82e4612-4e6f-4834-bc7f-6092327c44fa,Tourniquet,994,,,,,,,,,,
BAG_CLOSED,298846,3/15/2022 10:57,c82e4612-4e6f-4834-bc7f-6092327c44fa,"(0.3, 0.8, 4.3)",,,,,,,,,,,
TELEPORT,298846,3/15/2022 10:57,c82e4612-4e6f-4834-bc7f-6092327c44fa,"(0.3, 0.0, 4.4)",,,,,,,,,,,
INJURY_TREATED,299745,3/15/2022 10:57,c82e4612-4e6f-4834-bc7f-6092327c44fa,L Thigh Puncture,Mike_7 Root,tourniquet,medium,leftLeg,TRUE,FALSE,"(0.8, 0.1, 4.1)",,,,
TOOL_APPLIED,299745,3/15/2022 10:57,c82e4612-4e6f-4834-bc7f-6092327c44fa,Mike_7 Root,Tourniquet,LeftUpLeg (UnityEngine.GameObject),tor_ring (1) (UnityEngine.GameObject),tourniquet(Clone) (UnityEngine.GameObject),AppliedTourniquet,,,,,,
BAG_ACCESS,302474,3/15/2022 10:57,c82e4612-4e6f-4834-bc7f-6092327c44fa,"(0.6, 0.7, 4.2)",,,,,,,,,,,
TOOL_HOVER,303197,3/15/2022 10:57,c82e4612-4e6f-4834-bc7f-6092327c44fa,Tourniquet,994,,,,,,,,,,
TOOL_HOVER,303226,3/15/2022 10:57,c82e4612-4e6f-4834-bc7f-6092327c44fa,Tourniquet,994,,,,,,,,,,
TOOL_HOVER,303251,3/15/2022 10:57,c82e4612-4e6f-4834-bc7f-6092327c44fa,Tourniquet,994,,,,,,,,,,
TOOL_HOVER,303279,3/15/2022 10:57,c82e4612-4e6f-4834-bc7f-6092327c44fa,Tourniquet,994,,,,,,,,,,
TOOL_HOVER,303306,3/15/2022 10:57,c82e4612-4e6f-4834-bc7f-6092327c44fa,Tourniquet,994,,,,,,,,,,
TOOL_HOVER,303332,3/15/2022 10:57,c82e4612-4e6f-4834-bc7f-6092327c44fa,Tourniquet,994,,,,,,,,,,
TOOL_HOVER,303360,3/15/2022 10:57,c82e4612-4e6f-4834-bc7f-6092327c44fa,Tourniquet,994,,,,,,,,,,
TOOL_HOVER,303387,3/15/2022 10:57,c82e4612-4e6f-4834-bc7f-6092327c44fa,Tourniquet,994,,,,,,,,,,
TOOL_SELECTED,303388,3/15/2022 10:57,c82e4612-4e6f-4834-bc7f-6092327c44fa,Tourniquet,993,,,,,,,,,,
BAG_CLOSED,304296,3/15/2022 10:57,c82e4612-4e6f-4834-bc7f-6092327c44fa,"(0.6, 0.7, 4.2)",,,,,,,,,,,
TELEPORT,304296,3/15/2022 10:57,c82e4612-4e6f-4834-bc7f-6092327c44fa,"(0.5, 0.0, 4.3)",,,,,,,,,,,
INJURY_TREATED,304909,3/15/2022 10:57,c82e4612-4e6f-4834-bc7f-6092327c44fa,R Calf Laceration,Mike_7 Root,gauzePressure,low,rightLeg,FALSE,TRUE,"(1.4, 0.2, 4.4)",,,,
TOOL_APPLIED,304909,3/15/2022 10:57,c82e4612-4e6f-4834-bc7f-6092327c44fa,Mike_7 Root,Tourniquet,RightUpLeg (UnityEngine.GameObject),tor_ring (1) (UnityEngine.GameObject),tourniquet(Clone) (UnityEngine.GameObject),AppliedTourniquet,,,,,,
BAG_ACCESS,307487,3/15/2022 10:57,c82e4612-4e6f-4834-bc7f-6092327c44fa,"(0.6, 0.7, 4.4)",,,,,,,,,,,
TAG_SELECTED,312273,3/15/2022 10:57,c82e4612-4e6f-4834-bc7f-6092327c44fa,yellow,,,,,,,,,,,
TAG_APPLIED,313478,3/15/2022 10:57,c82e4612-4e6f-4834-bc7f-6092327c44fa,Mike_7 Root,yellow,,,,,,,,,,
BAG_CLOSED,314957,3/15/2022 10:57,c82e4612-4e6f-4834-bc7f-6092327c44fa,"(0.6, 0.7, 4.4)",,,,,,,,,,,
TELEPORT,314957,3/15/2022 10:57,c82e4612-4e6f-4834-bc7f-6092327c44fa,"(0.4, 0.0, 4.4)",,,,,,,,,,,
BAG_ACCESS,317786,3/15/2022 10:57,c82e4612-4e6f-4834-bc7f-6092327c44fa,"(0.6, 0.8, 5.6)",,,,,,,,,,,
TOOL_HOVER,320889,3/15/2022 10:58,c82e4612-4e6f-4834-bc7f-6092327c44fa,Gauze,999,,,,,,,,,,
TOOL_HOVER,320914,3/15/2022 10:58,c82e4612-4e6f-4834-bc7f-6092327c44fa,Gauze,999,,,,,,,,,,
TOOL_HOVER,320941,3/15/2022 10:58,c82e4612-4e6f-4834-bc7f-6092327c44fa,Gauze,999,,,,,,,,,,
TOOL_HOVER,320967,3/15/2022 10:58,c82e4612-4e6f-4834-bc7f-6092327c44fa,Gauze,999,,,,,,,,,,
TOOL_HOVER,320995,3/15/2022 10:58,c82e4612-4e6f-4834-bc7f-6092327c44fa,Gauze,999,,,,,,,,,,
TOOL_HOVER,321022,3/15/2022 10:58,c82e4612-4e6f-4834-bc7f-6092327c44fa,Gauze,999,,,,,,,,,,
TOOL_HOVER,321048,3/15/2022 10:58,c82e4612-4e6f-4834-bc7f-6092327c44fa,Gauze,999,,,,,,,,,,
TOOL_HOVER,321075,3/15/2022 10:58,c82e4612-4e6f-4834-bc7f-6092327c44fa,Gauze,999,,,,,,,,,,
TOOL_HOVER,321102,3/15/2022 10:58,c82e4612-4e6f-4834-bc7f-6092327c44fa,Gauze,999,,,,,,,,,,
TOOL_SELECTED,321104,3/15/2022 10:58,c82e4612-4e6f-4834-bc7f-6092327c44fa,Gauze,998,,,,,,,,,,
TOOL_DISCARDED,322172,3/15/2022 10:58,c82e4612-4e6f-4834-bc7f-6092327c44fa,Gauze,998,"(1.5, 1.3, 5.8)",,,,,,,,,
TOOL_DISCARDED,322172,3/15/2022 10:58,c82e4612-4e6f-4834-bc7f-6092327c44fa,Gauze,999,"(1.5, 1.3, 5.8)",,,,,,,,,
TOOL_HOVER,322580,3/15/2022 10:58,c82e4612-4e6f-4834-bc7f-6092327c44fa,Hemostatic Gauze,999,,,,,,,,,,
TOOL_HOVER,322603,3/15/2022 10:58,c82e4612-4e6f-4834-bc7f-6092327c44fa,Hemostatic Gauze,999,,,,,,,,,,
TOOL_HOVER,322624,3/15/2022 10:58,c82e4612-4e6f-4834-bc7f-6092327c44fa,Hemostatic Gauze,999,,,,,,,,,,
TOOL_HOVER,322646,3/15/2022 10:58,c82e4612-4e6f-4834-bc7f-6092327c44fa,Hemostatic Gauze,999,,,,,,,,,,
TOOL_HOVER,322668,3/15/2022 10:58,c82e4612-4e6f-4834-bc7f-6092327c44fa,Hemostatic Gauze,999,,,,,,,,,,
TOOL_HOVER,322690,3/15/2022 10:58,c82e4612-4e6f-4834-bc7f-6092327c44fa,Hemostatic Gauze,999,,,,,,,,,,
TOOL_HOVER,322712,3/15/2022 10:58,c82e4612-4e6f-4834-bc7f-6092327c44fa,Hemostatic Gauze,999,,,,,,,,,,
TOOL_HOVER,322734,3/15/2022 10:58,c82e4612-4e6f-4834-bc7f-6092327c44fa,Hemostatic Gauze,999,,,,,,,,,,
TOOL_HOVER,322756,3/15/2022 10:58,c82e4612-4e6f-4834-bc7f-6092327c44fa,Hemostatic Gauze,999,,,,,,,,,,
TOOL_HOVER,322777,3/15/2022 10:58,c82e4612-4e6f-4834-bc7f-6092327c44fa,Hemostatic Gauze,999,,,,,,,,,,
TOOL_SELECTED,322778,3/15/2022 10:58,c82e4612-4e6f-4834-bc7f-6092327c44fa,Hemostatic Gauze,998,,,,,,,,,,
PATIENT_ENGAGED,323590,3/15/2022 10:58,c82e4612-4e6f-4834-bc7f-6092327c44fa,100,Infinity,Lily_4 Root,"(1.4, 0.0, 6.0)","(0.0, 1.0, 0.0, 0.0)",IMMEDIATE,waver,fast,normal,normal,calm,fetal
VOICE_CAPTURE,324125,3/15/2022 10:58,c82e4612-4e6f-4834-bc7f-6092327c44fa,two here,NA,,,,,,,,,,
TOOL_DISCARDED,324127,3/15/2022 10:58,c82e4612-4e6f-4834-bc7f-6092327c44fa,Hemostatic Gauze,998,"(1.1, 0.3, 6.3)",,,,,,,,,
INJURY_TREATED,324128,3/15/2022 10:58,c82e4612-4e6f-4834-bc7f-6092327c44fa,L Side Puncture,Lily_4 Root,woundpack,medium,abdomen,TRUE,FALSE,"(1.1, 0.2, 6.3)",,,,
TOOL_APPLIED,324128,3/15/2022 10:58,c82e4612-4e6f-4834-bc7f-6092327c44fa,Lily_4 Root,Gauze_Pack,skinCollider_BodyLOD (UnityEngine.GameObject),null,null,AppliedPackingGauze,,,,,,
TOOL_HOVER,325595,3/15/2022 10:58,c82e4612-4e6f-4834-bc7f-6092327c44fa,Hemostatic Gauze,999,,,,,,,,,,
TOOL_HOVER,325620,3/15/2022 10:58,c82e4612-4e6f-4834-bc7f-6092327c44fa,Hemostatic Gauze,999,,,,,,,,,,
TOOL_SELECTED,325622,3/15/2022 10:58,c82e4612-4e6f-4834-bc7f-6092327c44fa,Hemostatic Gauze,998,,,,,,,,,,
TOOL_DISCARDED,328046,3/15/2022 10:58,c82e4612-4e6f-4834-bc7f-6092327c44fa,Hemostatic Gauze,998,"(1.6, 1.2, 5.6)",,,,,,,,,
TOOL_DISCARDED,328046,3/15/2022 10:58,c82e4612-4e6f-4834-bc7f-6092327c44fa,Hemostatic Gauze,999,"(1.6, 1.2, 5.6)",,,,,,,,,
TOOL_HOVER,328475,3/15/2022 10:58,c82e4612-4e6f-4834-bc7f-6092327c44fa,Gauze,1000,,,,,,,,,,
TOOL_HOVER,328498,3/15/2022 10:58,c82e4612-4e6f-4834-bc7f-6092327c44fa,Gauze,1000,,,,,,,,,,
TOOL_HOVER,328522,3/15/2022 10:58,c82e4612-4e6f-4834-bc7f-6092327c44fa,Gauze,1000,,,,,,,,,,
TOOL_HOVER,328546,3/15/2022 10:58,c82e4612-4e6f-4834-bc7f-6092327c44fa,Gauze,1000,,,,,,,,,,
TOOL_HOVER,328570,3/15/2022 10:58,c82e4612-4e6f-4834-bc7f-6092327c44fa,Gauze,1000,,,,,,,,,,
TOOL_HOVER,328593,3/15/2022 10:58,c82e4612-4e6f-4834-bc7f-6092327c44fa,Gauze,1000,,,,,,,,,,
TOOL_HOVER,328616,3/15/2022 10:58,c82e4612-4e6f-4834-bc7f-6092327c44fa,Gauze,1000,,,,,,,,,,
TOOL_HOVER,328640,3/15/2022 10:58,c82e4612-4e6f-4834-bc7f-6092327c44fa,Gauze,1000,,,,,,,,,,
TOOL_HOVER,328663,3/15/2022 10:58,c82e4612-4e6f-4834-bc7f-6092327c44fa,Gauze,1000,,,,,,,,,,
TOOL_HOVER,328687,3/15/2022 10:58,c82e4612-4e6f-4834-bc7f-6092327c44fa,Gauze,1000,,,,,,,,,,
TOOL_HOVER,328710,3/15/2022 10:58,c82e4612-4e6f-4834-bc7f-6092327c44fa,Gauze,1000,,,,,,,,,,
TOOL_SELECTED,328712,3/15/2022 10:58,c82e4612-4e6f-4834-bc7f-6092327c44fa,Gauze,999,,,,,,,,,,
TOOL_DISCARDED,329613,3/15/2022 10:58,c82e4612-4e6f-4834-bc7f-6092327c44fa,Gauze,999,"(1.1, 0.3, 6.3)",,,,,,,,,
INJURY_TREATED,329613,3/15/2022 10:58,c82e4612-4e6f-4834-bc7f-6092327c44fa,L Side Puncture,Lily_4 Root,woundpack,medium,abdomen,TRUE,TRUE,"(1.1, 0.2, 6.3)",,,,
TOOL_APPLIED,329615,3/15/2022 10:58,c82e4612-4e6f-4834-bc7f-6092327c44fa,Lily_4 Root,Gauze_Dressing,skinCollider_BodyLOD (UnityEngine.GameObject),null,null,AppliedDressingGauze,,,,,,
VOICE_CAPTURE,331021,3/15/2022 10:58,c82e4612-4e6f-4834-bc7f-6092327c44fa,stuff,NA,,,,,,,,,,
TAG_SELECTED,332489,3/15/2022 10:58,c82e4612-4e6f-4834-bc7f-6092327c44fa,red,,,,,,,,,,,
TAG_APPLIED,333848,3/15/2022 10:58,c82e4612-4e6f-4834-bc7f-6092327c44fa,Lily_4 Root,red,,,,,,,,,,
PULSE_TAKEN,333992,3/15/2022 10:58,c82e4612-4e6f-4834-bc7f-6092327c44fa,pulse_fast,Lily_4 Root,,,,,,,,,,
BAG_CLOSED,336345,3/15/2022 10:58,c82e4612-4e6f-4834-bc7f-6092327c44fa,"(0.6, 0.8, 5.6)",,,,,,,,,,,
TELEPORT,336345,3/15/2022 10:58,c82e4612-4e6f-4834-bc7f-6092327c44fa,"(0.9, 0.0, 5.4)",,,,,,,,,,,
TELEPORT,336523,3/15/2022 10:58,c82e4612-4e6f-4834-bc7f-6092327c44fa,"(0.9, 0.0, 5.4)",,,,,,,,,,,
TELEPORT,337352,3/15/2022 10:58,c82e4612-4e6f-4834-bc7f-6092327c44fa,"(0.7, 0.0, 5.3)",,,,,,,,,,,
VOICE_CAPTURE,337379,3/15/2022 10:58,c82e4612-4e6f-4834-bc7f-6092327c44fa,yeah,NA,,,,,,,,,,
TELEPORT,339989,3/15/2022 10:58,c82e4612-4e6f-4834-bc7f-6092327c44fa,"(0.6, 0.0, 5.1)",,,,,,,,,,,
TELEPORT,342197,3/15/2022 10:58,c82e4612-4e6f-4834-bc7f-6092327c44fa,"(1.6, 0.0, 5.0)",,,,,,,,,,,
VOICE_CAPTURE,342408,3/15/2022 10:58,c82e4612-4e6f-4834-bc7f-6092327c44fa,alright my missing you went missing,NA,,,,,,,,,,
TELEPORT,350130,3/15/2022 10:58,c82e4612-4e6f-4834-bc7f-6092327c44fa,"(2.1, 0.0, 0.9)",,,,,,,,,,,
VOICE_CAPTURE,352433,3/15/2022 10:58,c82e4612-4e6f-4834-bc7f-6092327c44fa,factory,NA,,,,,,,,,,
TELEPORT,352782,3/15/2022 10:58,c82e4612-4e6f-4834-bc7f-6092327c44fa,"(2.1, 0.0, 0.6)",,,,,,,,,,,
VOICE_CAPTURE,355786,3/15/2022 10:58,c82e4612-4e6f-4834-bc7f-6092327c44fa,yeah,NA,,,,,,,,,,
VOICE_CAPTURE,357568,3/15/2022 10:58,c82e4612-4e6f-4834-bc7f-6092327c44fa,i think that,NA,,,,,,,,,,
BAG_ACCESS,358037,3/15/2022 10:58,c82e4612-4e6f-4834-bc7f-6092327c44fa,"(2.9, 0.8, 3.1)",,,,,,,,,,,
BAG_CLOSED,359040,3/15/2022 10:58,c82e4612-4e6f-4834-bc7f-6092327c44fa,"(2.9, 0.8, 3.1)",,,,,,,,,,,
TELEPORT,359040,3/15/2022 10:58,c82e4612-4e6f-4834-bc7f-6092327c44fa,"(3.0, 0.0, 3.4)",,,,,,,,,,,
BAG_ACCESS,360643,3/15/2022 10:58,c82e4612-4e6f-4834-bc7f-6092327c44fa,"(3.1, 0.8, 3.5)",,,,,,,,,,,
VOICE_CAPTURE,361221,3/15/2022 10:58,c82e4612-4e6f-4834-bc7f-6092327c44fa,hey brother jack oh thank you,NA,,,,,,,,,,
TAG_SELECTED,361669,3/15/2022 10:58,c82e4612-4e6f-4834-bc7f-6092327c44fa,yellow,,,,,,,,,,,
PATIENT_ENGAGED,363001,3/15/2022 10:58,c82e4612-4e6f-4834-bc7f-6092327c44fa,100,Infinity,Lily_2 Root,"(3.0, 0.0, 4.0)","(0.0, 1.0, 0.0, 0.0)",IMMEDIATE,waver,fast,fast,normal,calm,fetal
TAG_APPLIED,363093,3/15/2022 10:58,c82e4612-4e6f-4834-bc7f-6092327c44fa,Lily_2 Root,yellow,,,,,,,,,,
BAG_CLOSED,366860,3/15/2022 10:58,c82e4612-4e6f-4834-bc7f-6092327c44fa,"(3.1, 0.8, 3.5)",,,,,,,,,,,
VOICE_CAPTURE,368019,3/15/2022 10:58,c82e4612-4e6f-4834-bc7f-6092327c44fa,grab it back,NA,,,,,,,,,,
VOICE_CAPTURE,370413,3/15/2022 10:58,c82e4612-4e6f-4834-bc7f-6092327c44fa,OK thank you,NA,,,,,,,,,,
TELEPORT,371208,3/15/2022 10:58,c82e4612-4e6f-4834-bc7f-6092327c44fa,"(1.9, 0.0, 0.9)",,,,,,,,,,,
VOICE_CAPTURE,376547,3/15/2022 10:58,c82e4612-4e6f-4834-bc7f-6092327c44fa,right side seems to be stable OK,NA,,,,,,,,,,
BAG_ACCESS,377528,3/15/2022 10:58,c82e4612-4e6f-4834-bc7f-6092327c44fa,"(1.9, 0.7, -2.5)",,,,,,,,,,,
VOICE_CAPTURE,378975,3/15/2022 10:59,c82e4612-4e6f-4834-bc7f-6092327c44fa,start with you,NA,,,,,,,,,,
TOOL_HOVER,378976,3/15/2022 10:59,c82e4612-4e6f-4834-bc7f-6092327c44fa,Gauze,1000,,,,,,,,,,
TOOL_HOVER,378998,3/15/2022 10:59,c82e4612-4e6f-4834-bc7f-6092327c44fa,Gauze,1000,,,,,,,,,,
TOOL_HOVER,379020,3/15/2022 10:59,c82e4612-4e6f-4834-bc7f-6092327c44fa,Gauze,1000,,,,,,,,,,
TOOL_HOVER,379042,3/15/2022 10:59,c82e4612-4e6f-4834-bc7f-6092327c44fa,Gauze,1000,,,,,,,,,,
TOOL_HOVER,379064,3/15/2022 10:59,c82e4612-4e6f-4834-bc7f-6092327c44fa,Gauze,1000,,,,,,,,,,
TOOL_HOVER,379087,3/15/2022 10:59,c82e4612-4e6f-4834-bc7f-6092327c44fa,Gauze,1000,,,,,,,,,,
TOOL_HOVER,379109,3/15/2022 10:59,c82e4612-4e6f-4834-bc7f-6092327c44fa,Gauze,1000,,,,,,,,,,
TOOL_HOVER,379132,3/15/2022 10:59,c82e4612-4e6f-4834-bc7f-6092327c44fa,Gauze,1000,,,,,,,,,,
TOOL_HOVER,379154,3/15/2022 10:59,c82e4612-4e6f-4834-bc7f-6092327c44fa,Gauze,1000,,,,,,,,,,
TOOL_HOVER,379176,3/15/2022 10:59,c82e4612-4e6f-4834-bc7f-6092327c44fa,Gauze,1000,,,,,,,,,,
TOOL_HOVER,379199,3/15/2022 10:59,c82e4612-4e6f-4834-bc7f-6092327c44fa,Gauze,1000,,,,,,,,,,
TOOL_HOVER,379221,3/15/2022 10:59,c82e4612-4e6f-4834-bc7f-6092327c44fa,Gauze,1000,,,,,,,,,,
TOOL_HOVER,379253,3/15/2022 10:59,c82e4612-4e6f-4834-bc7f-6092327c44fa,Gauze,1000,,,,,,,,,,
TOOL_HOVER,379274,3/15/2022 10:59,c82e4612-4e6f-4834-bc7f-6092327c44fa,Gauze,1000,,,,,,,,,,
TOOL_HOVER,379296,3/15/2022 10:59,c82e4612-4e6f-4834-bc7f-6092327c44fa,Gauze,1000,,,,,,,,,,
TOOL_HOVER,379317,3/15/2022 10:59,c82e4612-4e6f-4834-bc7f-6092327c44fa,Gauze,1000,,,,,,,,,,
TOOL_HOVER,379339,3/15/2022 10:59,c82e4612-4e6f-4834-bc7f-6092327c44fa,Gauze,1000,,,,,,,,,,
TOOL_HOVER,379359,3/15/2022 10:59,c82e4612-4e6f-4834-bc7f-6092327c44fa,Gauze,1000,,,,,,,,,,
TOOL_HOVER,379688,3/15/2022 10:59,c82e4612-4e6f-4834-bc7f-6092327c44fa,Hemostatic Gauze,1000,,,,,,,,,,
TOOL_HOVER,379711,3/15/2022 10:59,c82e4612-4e6f-4834-bc7f-6092327c44fa,Hemostatic Gauze,1000,,,,,,,,,,
TOOL_HOVER,379734,3/15/2022 10:59,c82e4612-4e6f-4834-bc7f-6092327c44fa,Hemostatic Gauze,1000,,,,,,,,,,
TOOL_HOVER,379755,3/15/2022 10:59,c82e4612-4e6f-4834-bc7f-6092327c44fa,Hemostatic Gauze,1000,,,,,,,,,,
TOOL_SELECTED,379757,3/15/2022 10:59,c82e4612-4e6f-4834-bc7f-6092327c44fa,Hemostatic Gauze,999,,,,,,,,,,
PATIENT_ENGAGED,380113,3/15/2022 10:59,c82e4612-4e6f-4834-bc7f-6092327c44fa,100,Infinity,Helga_10 Root,"(1.7, 0.0, -3.1)","(0.0, 0.6, 0.0, 0.8)",MINIMAL,walker,normal,normal,normal,calm,sittingGround
TOOL_DISCARDED,380737,3/15/2022 10:59,c82e4612-4e6f-4834-bc7f-6092327c44fa,Hemostatic Gauze,999,"(1.8, 0.6, -3.0)",,,,,,,,,
TOOL_APPLIED,380737,3/15/2022 10:59,c82e4612-4e6f-4834-bc7f-6092327c44fa,Helga_10 Root,Gauze_Pack,skinCollider_BodyLOD (UnityEngine.GameObject),null,null,AppliedPackingGauze,,,,,,
TOOL_HOVER,381694,3/15/2022 10:59,c82e4612-4e6f-4834-bc7f-6092327c44fa,Hemostatic Gauze,1000,,,,,,,,,,
TOOL_HOVER,381717,3/15/2022 10:59,c82e4612-4e6f-4834-bc7f-6092327c44fa,Hemostatic Gauze,1000,,,,,,,,,,
TOOL_HOVER,381739,3/15/2022 10:59,c82e4612-4e6f-4834-bc7f-6092327c44fa,Hemostatic Gauze,1000,,,,,,,,,,
TOOL_HOVER,381762,3/15/2022 10:59,c82e4612-4e6f-4834-bc7f-6092327c44fa,Hemostatic Gauze,1000,,,,,,,,,,
TOOL_HOVER,381784,3/15/2022 10:59,c82e4612-4e6f-4834-bc7f-6092327c44fa,Hemostatic Gauze,1000,,,,,,,,,,
TOOL_HOVER,381806,3/15/2022 10:59,c82e4612-4e6f-4834-bc7f-6092327c44fa,Hemostatic Gauze,1000,,,,,,,,,,
TOOL_HOVER,381829,3/15/2022 10:59,c82e4612-4e6f-4834-bc7f-6092327c44fa,Hemostatic Gauze,1000,,,,,,,,,,
TOOL_SELECTED,381830,3/15/2022 10:59,c82e4612-4e6f-4834-bc7f-6092327c44fa,Hemostatic Gauze,999,,,,,,,,,,
TOOL_DISCARDED,383142,3/15/2022 10:59,c82e4612-4e6f-4834-bc7f-6092327c44fa,Hemostatic Gauze,999,"(1.8, 0.7, -3.0)",,,,,,,,,
INJURY_TREATED,383142,3/15/2022 10:59,c82e4612-4e6f-4834-bc7f-6092327c44fa,Forehead Scrape,Helga_10 Root,gauzePressure,low,head,FALSE,TRUE,"(1.8, 0.7, -3.0)",,,,
TOOL_APPLIED,383142,3/15/2022 10:59,c82e4612-4e6f-4834-bc7f-6092327c44fa,Helga_10 Root,Gauze_Pack,skinCollider_BodyLOD (UnityEngine.GameObject),null,null,AppliedPackingGauze,,,,,,
VOICE_CAPTURE,383631,3/15/2022 10:59,c82e4612-4e6f-4834-bc7f-6092327c44fa,alright just put little guys,NA,,,,,,,,,,
BAG_CLOSED,384654,3/15/2022 10:59,c82e4612-4e6f-4834-bc7f-6092327c44fa,"(1.9, 0.7, -2.5)",,,,,,,,,,,
TELEPORT,384654,3/15/2022 10:59,c82e4612-4e6f-4834-bc7f-6092327c44fa,"(2.1, 0.0, -2.3)",,,,,,,,,,,
TELEPORT,385280,3/15/2022 10:59,c82e4612-4e6f-4834-bc7f-6092327c44fa,"(2.4, 0.0, -2.3)",,,,,,,,,,,
PATIENT_ENGAGED,386445,3/15/2022 10:59,c82e4612-4e6f-4834-bc7f-6092327c44fa,100,Infinity,Bob_9 Root,"(4.6, 0.0, -2.4)","(0.0, 0.7, 0.0, -0.7)",MINIMAL,walker,normal,normal,normal,calm,standing
VOICE_CAPTURE,386659,3/15/2022 10:59,c82e4612-4e6f-4834-bc7f-6092327c44fa,OK,NA,,,,,,,,,,
TELEPORT,387562,3/15/2022 10:59,c82e4612-4e6f-4834-bc7f-6092327c44fa,"(3.6, 0.0, -2.2)",,,,,,,,,,,
BAG_ACCESS,388600,3/15/2022 10:59,c82e4612-4e6f-4834-bc7f-6092327c44fa,"(3.6, 0.8, -2.2)",,,,,,,,,,,
BAG_CLOSED,392773,3/15/2022 10:59,c82e4612-4e6f-4834-bc7f-6092327c44fa,"(3.6, 0.8, -2.2)",,,,,,,,,,,
TELEPORT,392773,3/15/2022 10:59,c82e4612-4e6f-4834-bc7f-6092327c44fa,"(3.7, 0.0, -2.3)",,,,,,,,,,,
PATIENT_ENGAGED,394169,3/15/2022 10:59,c82e4612-4e6f-4834-bc7f-6092327c44fa,100,Infinity,Gloria_8 Root,"(5.0, 0.0, -3.4)","(0.0, 0.7, 0.0, -0.8)",DELAYED,walker,normal,normal,normal,calm,standing
BAG_ACCESS,394471,3/15/2022 10:59,c82e4612-4e6f-4834-bc7f-6092327c44fa,"(3.6, 0.8, -2.3)",,,,,,,,,,,
VOICE_CAPTURE,395117,3/15/2022 10:59,c82e4612-4e6f-4834-bc7f-6092327c44fa,jesse is having difficulty breathing,NA,,,,,,,,,,
PATIENT_ENGAGED,395429,3/15/2022 10:59,c82e4612-4e6f-4834-bc7f-6092327c44fa,100,Infinity,Bob_9 Root,"(4.5, 0.0, -2.4)","(0.0, 0.7, 0.0, -0.7)",MINIMAL,walker,normal,normal,normal,calm,standing
VOICE_CAPTURE,396552,3/15/2022 10:59,c82e4612-4e6f-4834-bc7f-6092327c44fa,hearing,NA,,,,,,,,,,
VOICE_CAPTURE,398460,3/15/2022 10:59,c82e4612-4e6f-4834-bc7f-6092327c44fa,K,NA,,,,,,,,,,
BAG_CLOSED,399668,3/15/2022 10:59,c82e4612-4e6f-4834-bc7f-6092327c44fa,"(3.6, 0.8, -2.3)",,,,,,,,,,,
TELEPORT,399668,3/15/2022 10:59,c82e4612-4e6f-4834-bc7f-6092327c44fa,"(3.7, 0.0, -2.3)",,,,,,,,,,,
VOICE_CAPTURE,399814,3/15/2022 10:59,c82e4612-4e6f-4834-bc7f-6092327c44fa,otherwise,NA,,,,,,,,,,
TELEPORT,400571,3/15/2022 10:59,c82e4612-4e6f-4834-bc7f-6092327c44fa,"(3.9, 0.0, -2.5)",,,,,,,,,,,
PATIENT_ENGAGED,400927,3/15/2022 10:59,c82e4612-4e6f-4834-bc7f-6092327c44fa,100,Infinity,Gloria_8 Root,"(5.0, 0.0, -3.4)","(0.0, 0.7, 0.0, -0.8)",DELAYED,walker,normal,normal,normal,calm,standing
TELEPORT,400995,3/15/2022 10:59,c82e4612-4e6f-4834-bc7f-6092327c44fa,"(3.9, 0.0, -2.6)",,,,,,,,,,,
VOICE_CAPTURE,402174,3/15/2022 10:59,c82e4612-4e6f-4834-bc7f-6092327c44fa,hello,NA,,,,,,,,,,
BAG_ACCESS,402816,3/15/2022 10:59,c82e4612-4e6f-4834-bc7f-6092327c44fa,"(3.9, 0.8, -2.9)",,,,,,,,,,,
TOOL_HOVER,405585,3/15/2022 10:59,c82e4612-4e6f-4834-bc7f-6092327c44fa,Hemostatic Gauze,1000,,,,,,,,,,
TOOL_HOVER,405607,3/15/2022 10:59,c82e4612-4e6f-4834-bc7f-6092327c44fa,Hemostatic Gauze,1000,,,,,,,,,,
TOOL_HOVER,405630,3/15/2022 10:59,c82e4612-4e6f-4834-bc7f-6092327c44fa,Hemostatic Gauze,1000,,,,,,,,,,
TOOL_HOVER,405651,3/15/2022 10:59,c82e4612-4e6f-4834-bc7f-6092327c44fa,Hemostatic Gauze,1000,,,,,,,,,,
TOOL_HOVER,405674,3/15/2022 10:59,c82e4612-4e6f-4834-bc7f-6092327c44fa,Hemostatic Gauze,1000,,,,,,,,,,
TOOL_HOVER,405697,3/15/2022 10:59,c82e4612-4e6f-4834-bc7f-6092327c44fa,Hemostatic Gauze,1000,,,,,,,,,,
TOOL_SELECTED,405698,3/15/2022 10:59,c82e4612-4e6f-4834-bc7f-6092327c44fa,Hemostatic Gauze,999,,,,,,,,,,
TOOL_DISCARDED,406656,3/15/2022 10:59,c82e4612-4e6f-4834-bc7f-6092327c44fa,Hemostatic Gauze,999,"(4.9, 0.9, -3.7)",,,,,,,,,
INJURY_TREATED,406656,3/15/2022 10:59,c82e4612-4e6f-4834-bc7f-6092327c44fa,L Forearm Laceration,Gloria_8 Root,gauzePressure,low,leftArm,FALSE,TRUE,"(4.8, 0.9, -3.6)",,,,
TOOL_APPLIED,406656,3/15/2022 10:59,c82e4612-4e6f-4834-bc7f-6092327c44fa,Gloria_8 Root,Gauze_Pack,skinCollider_Body_LOD (UnityEngine.GameObject),null,null,AppliedPackingGauze,,,,,,
VOICE_CAPTURE,407273,3/15/2022 10:59,c82e4612-4e6f-4834-bc7f-6092327c44fa,then any problems here,NA,,,,,,,,,,
TOOL_HOVER,407790,3/15/2022 10:59,c82e4612-4e6f-4834-bc7f-6092327c44fa,Hemostatic Gauze,1000,,,,,,,,,,
TOOL_SELECTED,407792,3/15/2022 10:59,c82e4612-4e6f-4834-bc7f-6092327c44fa,Hemostatic Gauze,999,,,,,,,,,,
TOOL_DISCARDED,408659,3/15/2022 10:59,c82e4612-4e6f-4834-bc7f-6092327c44fa,Hemostatic Gauze,999,"(4.9, 0.9, -3.6)",,,,,,,,,
TOOL_APPLIED,408659,3/15/2022 10:59,c82e4612-4e6f-4834-bc7f-6092327c44fa,Gloria_8 Root,Gauze_Pack,skinCollider_Body_LOD (UnityEngine.GameObject),null,null,AppliedPackingGauze,,,,,,
TOOL_HOVER,410174,3/15/2022 10:59,c82e4612-4e6f-4834-bc7f-6092327c44fa,Gauze,1000,,,,,,,,,,
TOOL_HOVER,410196,3/15/2022 10:59,c82e4612-4e6f-4834-bc7f-6092327c44fa,Gauze,1000,,,,,,,,,,
TOOL_HOVER,410219,3/15/2022 10:59,c82e4612-4e6f-4834-bc7f-6092327c44fa,Gauze,1000,,,,,,,,,,
TOOL_HOVER,410241,3/15/2022 10:59,c82e4612-4e6f-4834-bc7f-6092327c44fa,Gauze,1000,,,,,,,,,,
TOOL_SELECTED,410242,3/15/2022 10:59,c82e4612-4e6f-4834-bc7f-6092327c44fa,Gauze,999,,,,,,,,,,
TOOL_DISCARDED,411266,3/15/2022 10:59,c82e4612-4e6f-4834-bc7f-6092327c44fa,Gauze,999,"(4.9, 0.9, -3.5)",,,,,,,,,
INJURY_TREATED,411266,3/15/2022 10:59,c82e4612-4e6f-4834-bc7f-6092327c44fa,L Forearm Laceration,Gloria_8 Root,gauzePressure,low,leftArm,TRUE,TRUE,"(4.9, 0.9, -3.5)",,,,
TOOL_APPLIED,411267,3/15/2022 10:59,c82e4612-4e6f-4834-bc7f-6092327c44fa,Gloria_8 Root,Gauze_Dressing,skinCollider_Body_LOD (UnityEngine.GameObject),null,null,AppliedDressingGauze,,,,,,
TOOL_HOVER,413181,3/15/2022 10:59,c82e4612-4e6f-4834-bc7f-6092327c44fa,Tourniquet,993,,,,,,,,,,
TOOL_HOVER,413203,3/15/2022 10:59,c82e4612-4e6f-4834-bc7f-6092327c44fa,Tourniquet,993,,,,,,,,,,
TOOL_HOVER,413226,3/15/2022 10:59,c82e4612-4e6f-4834-bc7f-6092327c44fa,Tourniquet,993,,,,,,,,,,
TOOL_HOVER,413248,3/15/2022 10:59,c82e4612-4e6f-4834-bc7f-6092327c44fa,Tourniquet,993,,,,,,,,,,
TOOL_HOVER,413271,3/15/2022 10:59,c82e4612-4e6f-4834-bc7f-6092327c44fa,Tourniquet,993,,,,,,,,,,
TOOL_HOVER,413293,3/15/2022 10:59,c82e4612-4e6f-4834-bc7f-6092327c44fa,Tourniquet,993,,,,,,,,,,
TOOL_HOVER,413315,3/15/2022 10:59,c82e4612-4e6f-4834-bc7f-6092327c44fa,Tourniquet,993,,,,,,,,,,
TOOL_HOVER,413337,3/15/2022 10:59,c82e4612-4e6f-4834-bc7f-6092327c44fa,Tourniquet,993,,,,,,,,,,
TOOL_HOVER,413360,3/15/2022 10:59,c82e4612-4e6f-4834-bc7f-6092327c44fa,Tourniquet,993,,,,,,,,,,
TOOL_HOVER,413382,3/15/2022 10:59,c82e4612-4e6f-4834-bc7f-6092327c44fa,Tourniquet,993,,,,,,,,,,
TOOL_HOVER,413405,3/15/2022 10:59,c82e4612-4e6f-4834-bc7f-6092327c44fa,Tourniquet,993,,,,,,,,,,
TOOL_HOVER,413426,3/15/2022 10:59,c82e4612-4e6f-4834-bc7f-6092327c44fa,Tourniquet,993,,,,,,,,,,
TOOL_HOVER,413447,3/15/2022 10:59,c82e4612-4e6f-4834-bc7f-6092327c44fa,Tourniquet,993,,,,,,,,,,
TOOL_HOVER,413470,3/15/2022 10:59,c82e4612-4e6f-4834-bc7f-6092327c44fa,Tourniquet,993,,,,,,,,,,
TOOL_HOVER,413493,3/15/2022 10:59,c82e4612-4e6f-4834-bc7f-6092327c44fa,Gauze,1000,,,,,,,,,,
TOOL_HOVER,413515,3/15/2022 10:59,c82e4612-4e6f-4834-bc7f-6092327c44fa,Gauze,1000,,,,,,,,,,
TOOL_HOVER,413539,3/15/2022 10:59,c82e4612-4e6f-4834-bc7f-6092327c44fa,Gauze,1000,,,,,,,,,,
TOOL_HOVER,413560,3/15/2022 10:59,c82e4612-4e6f-4834-bc7f-6092327c44fa,Gauze,1000,,,,,,,,,,
TOOL_HOVER,413582,3/15/2022 10:59,c82e4612-4e6f-4834-bc7f-6092327c44fa,Gauze,1000,,,,,,,,,,
TOOL_HOVER,413604,3/15/2022 10:59,c82e4612-4e6f-4834-bc7f-6092327c44fa,Gauze,1000,,,,,,,,,,
TOOL_HOVER,413626,3/15/2022 10:59,c82e4612-4e6f-4834-bc7f-6092327c44fa,Gauze,1000,,,,,,,,,,
TOOL_HOVER,413648,3/15/2022 10:59,c82e4612-4e6f-4834-bc7f-6092327c44fa,Gauze,1000,,,,,,,,,,
TOOL_SELECTED,413649,3/15/2022 10:59,c82e4612-4e6f-4834-bc7f-6092327c44fa,Gauze,999,,,,,,,,,,
TOOL_DISCARDED,416367,3/15/2022 10:59,c82e4612-4e6f-4834-bc7f-6092327c44fa,Gauze,999,"(4.8, 1.2, -3.6)",,,,,,,,,
TOOL_APPLIED,416368,3/15/2022 10:59,c82e4612-4e6f-4834-bc7f-6092327c44fa,Gloria_8 Root,Gauze_Dressing,skinCollider_Body_LOD (UnityEngine.GameObject),null,null,AppliedDressingGauze,,,,,,
VOICE_CAPTURE,416744,3/15/2022 10:59,c82e4612-4e6f-4834-bc7f-6092327c44fa,it's like that stopped it pretty good,NA,,,,,,,,,,
TOOL_HOVER,417082,3/15/2022 10:59,c82e4612-4e6f-4834-bc7f-6092327c44fa,Gauze,1000,,,,,,,,,,
TOOL_HOVER,417105,3/15/2022 10:59,c82e4612-4e6f-4834-bc7f-6092327c44fa,Gauze,1000,,,,,,,,,,
TOOL_HOVER,417127,3/15/2022 10:59,c82e4612-4e6f-4834-bc7f-6092327c44fa,Gauze,1000,,,,,,,,,,
TOOL_HOVER,417150,3/15/2022 10:59,c82e4612-4e6f-4834-bc7f-6092327c44fa,Gauze,1000,,,,,,,,,,
TOOL_HOVER,417174,3/15/2022 10:59,c82e4612-4e6f-4834-bc7f-6092327c44fa,Gauze,1000,,,,,,,,,,
TOOL_HOVER,417196,3/15/2022 10:59,c82e4612-4e6f-4834-bc7f-6092327c44fa,Gauze,1000,,,,,,,,,,
TOOL_HOVER,417218,3/15/2022 10:59,c82e4612-4e6f-4834-bc7f-6092327c44fa,Gauze,1000,,,,,,,,,,
TOOL_HOVER,417242,3/15/2022 10:59,c82e4612-4e6f-4834-bc7f-6092327c44fa,Gauze,1000,,,,,,,,,,
TOOL_HOVER,417265,3/15/2022 10:59,c82e4612-4e6f-4834-bc7f-6092327c44fa,Gauze,1000,,,,,,,,,,
TOOL_HOVER,417288,3/15/2022 10:59,c82e4612-4e6f-4834-bc7f-6092327c44fa,Tourniquet,993,,,,,,,,,,
TOOL_HOVER,417310,3/15/2022 10:59,c82e4612-4e6f-4834-bc7f-6092327c44fa,Tourniquet,993,,,,,,,,,,
TOOL_HOVER,417333,3/15/2022 10:59,c82e4612-4e6f-4834-bc7f-6092327c44fa,Tourniquet,993,,,,,,,,,,
TOOL_SELECTED,417334,3/15/2022 10:59,c82e4612-4e6f-4834-bc7f-6092327c44fa,Tourniquet,992,,,,,,,,,,
INJURY_TREATED,418392,3/15/2022 10:59,c82e4612-4e6f-4834-bc7f-6092327c44fa,L Forearm Laceration,Gloria_8 Root,gauzePressure,low,leftArm,TRUE,TRUE,"(4.8, 0.9, -3.6)",,,,
TOOL_APPLIED,418393,3/15/2022 10:59,c82e4612-4e6f-4834-bc7f-6092327c44fa,Gloria_8 Root,Tourniquet,LeftForeArm (UnityEngine.GameObject),tor_ring (1) (UnityEngine.GameObject),tourniquet(Clone) (UnityEngine.GameObject),AppliedTourniquet,,,,,,
BAG_CLOSED,422741,3/15/2022 10:59,c82e4612-4e6f-4834-bc7f-6092327c44fa,"(3.9, 0.8, -2.9)",,,,,,,,,,,
TELEPORT,422741,3/15/2022 10:59,c82e4612-4e6f-4834-bc7f-6092327c44fa,"(3.7, 0.0, -3.3)",,,,,,,,,,,
VOICE_CAPTURE,423740,3/15/2022 10:59,c82e4612-4e6f-4834-bc7f-6092327c44fa,turn it on it's fine,NA,,,,,,,,,,
BAG_ACCESS,425567,3/15/2022 10:59,c82e4612-4e6f-4834-bc7f-6092327c44fa,"(3.8, 0.8, -3.4)",,,,,,,,,,,
TAG_SELECTED,429086,3/15/2022 10:59,c82e4612-4e6f-4834-bc7f-6092327c44fa,yellow,,,,,,,,,,,
BAG_CLOSED,429465,3/15/2022 10:59,c82e4612-4e6f-4834-bc7f-6092327c44fa,"(3.8, 0.8, -3.4)",,,,,,,,,,,
TELEPORT,429465,3/15/2022 10:59,c82e4612-4e6f-4834-bc7f-6092327c44fa,"(3.8, 0.0, -3.4)",,,,,,,,,,,
VOICE_CAPTURE,429932,3/15/2022 10:59,c82e4612-4e6f-4834-bc7f-6092327c44fa,OK night tags so you,NA,,,,,,,,,,
TELEPORT,430556,3/15/2022 10:59,c82e4612-4e6f-4834-bc7f-6092327c44fa,"(3.9, 0.0, -3.4)",,,,,,,,,,,
TELEPORT,431202,3/15/2022 10:59,c82e4612-4e6f-4834-bc7f-6092327c44fa,"(4.0, 0.0, -3.4)",,,,,,,,,,,
TAG_APPLIED,433519,3/15/2022 10:59,c82e4612-4e6f-4834-bc7f-6092327c44fa,Gloria_8 Root,yellow,,,,,,,,,,
VOICE_CAPTURE,433810,3/15/2022 10:59,c82e4612-4e6f-4834-bc7f-6092327c44fa,play,NA,,,,,,,,,,
VOICE_CAPTURE,434903,3/15/2022 10:59,c82e4612-4e6f-4834-bc7f-6092327c44fa,yes,NA,,,,,,,,,,
BAG_ACCESS,436571,3/15/2022 10:59,c82e4612-4e6f-4834-bc7f-6092327c44fa,"(3.6, 0.8, -3.0)",,,,,,,,,,,
TAG_SELECTED,437441,3/15/2022 10:59,c82e4612-4e6f-4834-bc7f-6092327c44fa,green,,,,,,,,,,,
TAG_APPLIED,438495,3/15/2022 11:00,c82e4612-4e6f-4834-bc7f-6092327c44fa,Bob_9 Root,green,,,,,,,,,,
PULSE_TAKEN,438517,3/15/2022 11:00,c82e4612-4e6f-4834-bc7f-6092327c44fa,pulse_normal,Bob_9 Root,,,,,,,,,,
PATIENT_ENGAGED,438539,3/15/2022 11:00,c82e4612-4e6f-4834-bc7f-6092327c44fa,100,Infinity,Bob_9 Root,"(4.4, 0.0, -2.4)","(0.0, 0.7, 0.0, -0.7)",MINIMAL,walker,normal,normal,normal,calm,standing
PATIENT_ENGAGED,438873,3/15/2022 11:00,c82e4612-4e6f-4834-bc7f-6092327c44fa,100,Infinity,Gloria_8 Root,"(5.0, 0.0, -3.4)","(0.0, 0.7, 0.0, -0.8)",DELAYED,walker,normal,normal,normal,calm,standing
VOICE_CAPTURE,440155,3/15/2022 11:00,c82e4612-4e6f-4834-bc7f-6092327c44fa,yeah i'm gonna put,NA,,,,,,,,,,
BAG_CLOSED,440179,3/15/2022 11:00,c82e4612-4e6f-4834-bc7f-6092327c44fa,"(3.6, 0.8, -3.0)",,,,,,,,,,,
TELEPORT,440179,3/15/2022 11:00,c82e4612-4e6f-4834-bc7f-6092327c44fa,"(3.3, 0.0, -2.8)",,,,,,,,,,,
TELEPORT,441870,3/15/2022 11:00,c82e4612-4e6f-4834-bc7f-6092327c44fa,"(2.8, 0.0, -2.5)",,,,,,,,,,,
BAG_ACCESS,442764,3/15/2022 11:00,c82e4612-4e6f-4834-bc7f-6092327c44fa,"(2.6, 0.8, -2.5)",,,,,,,,,,,
TAG_SELECTED,443276,3/15/2022 11:00,c82e4612-4e6f-4834-bc7f-6092327c44fa,green,,,,,,,,,,,
VOICE_CAPTURE,443630,3/15/2022 11:00,c82e4612-4e6f-4834-bc7f-6092327c44fa,then,NA,,,,,,,,,,
PATIENT_ENGAGED,443985,3/15/2022 11:00,c82e4612-4e6f-4834-bc7f-6092327c44fa,100,Infinity,Helga_10 Root,"(1.7, 0.0, -3.1)","(0.0, 0.6, 0.0, 0.8)",MINIMAL,walker,normal,normal,normal,calm,sittingGround
TAG_APPLIED,444457,3/15/2022 11:00,c82e4612-4e6f-4834-bc7f-6092327c44fa,Helga_10 Root,green,,,,,,,,,,
BAG_CLOSED,446240,3/15/2022 11:00,c82e4612-4e6f-4834-bc7f-6092327c44fa,"(2.6, 0.8, -2.5)",,,,,,,,,,,
TELEPORT,446240,3/15/2022 11:00,c82e4612-4e6f-4834-bc7f-6092327c44fa,"(2.4, 0.0, -2.2)",,,,,,,,,,,
TELEPORT,447432,3/15/2022 11:00,c82e4612-4e6f-4834-bc7f-6092327c44fa,"(1.8, 0.0, -1.7)",,,,,,,,,,,
VOICE_CAPTURE,448901,3/15/2022 11:00,c82e4612-4e6f-4834-bc7f-6092327c44fa,minimal here OK,NA,,,,,,,,,,
VOICE_CAPTURE,453638,3/15/2022 11:00,c82e4612-4e6f-4834-bc7f-6092327c44fa,right i think that takes care of everyone,NA,,,,,,,,,,
TELEPORT,453870,3/15/2022 11:00,c82e4612-4e6f-4834-bc7f-6092327c44fa,"(2.0, 0.0, 1.9)",,,,,,,,,,,
BAG_ACCESS,455235,3/15/2022 11:00,c82e4612-4e6f-4834-bc7f-6092327c44fa,"(2.2, 0.8, 2.1)",,,,,,,,,,,
TAG_SELECTED,455837,3/15/2022 11:00,c82e4612-4e6f-4834-bc7f-6092327c44fa,red,,,,,,,,,,,
BAG_CLOSED,456017,3/15/2022 11:00,c82e4612-4e6f-4834-bc7f-6092327c44fa,"(2.2, 0.8, 2.1)",,,,,,,,,,,
TELEPORT,456017,3/15/2022 11:00,c82e4612-4e6f-4834-bc7f-6092327c44fa,"(2.1, 0.0, 2.0)",,,,,,,,,,,
PATIENT_ENGAGED,456283,3/15/2022 11:00,c82e4612-4e6f-4834-bc7f-6092327c44fa,63.87083,Infinity,Mike_5 Root,"(2.6, 0.0, 2.0)","(0.0, 1.0, 0.0, 0.0)",IMMEDIATE,waver,fast,normal,normal,calm,fetal
TAG_APPLIED,456997,3/15/2022 11:00,c82e4612-4e6f-4834-bc7f-6092327c44fa,Mike_5 Root,red,,,,,,,,,,
TELEPORT,458243,3/15/2022 11:00,c82e4612-4e6f-4834-bc7f-6092327c44fa,"(2.4, 0.0, 2.2)",,,,,,,,,,,
TELEPORT,458874,3/15/2022 11:00,c82e4612-4e6f-4834-bc7f-6092327c44fa,"(2.2, 0.0, 2.1)",,,,,,,,,,,
TELEPORT,461382,3/15/2022 11:00,c82e4612-4e6f-4834-bc7f-6092327c44fa,"(1.6, 0.0, 3.0)",,,,,,,,,,,
VOICE_CAPTURE,461941,3/15/2022 11:00,c82e4612-4e6f-4834-bc7f-6092327c44fa,you need immediate,NA,,,,,,,,,,
TELEPORT,462279,3/15/2022 11:00,c82e4612-4e6f-4834-bc7f-6092327c44fa,"(1.6, 0.0, 3.0)",,,,,,,,,,,
TELEPORT,463716,3/15/2022 11:00,c82e4612-4e6f-4834-bc7f-6092327c44fa,"(1.7, 0.0, 2.8)",,,,,,,,,,,
TELEPORT,464459,3/15/2022 11:00,c82e4612-4e6f-4834-bc7f-6092327c44fa,"(1.2, 0.0, 2.5)",,,,,,,,,,,
TELEPORT,470249,3/15/2022 11:00,c82e4612-4e6f-4834-bc7f-6092327c44fa,"(0.2, 0.0, 3.6)",,,,,,,,,,,
TELEPORT,472255,3/15/2022 11:00,c82e4612-4e6f-4834-bc7f-6092327c44fa,"(0.0, 0.0, 3.1)",,,,,,,,,,,
TELEPORT,475494,3/15/2022 11:00,c82e4612-4e6f-4834-bc7f-6092327c44fa,"(0.4, 0.0, 4.7)",,,,,,,,,,,
TELEPORT,478618,3/15/2022 11:00,c82e4612-4e6f-4834-bc7f-6092327c44fa,"(0.8, 0.0, 5.2)",,,,,,,,,,,
TELEPORT,482055,3/15/2022 11:00,c82e4612-4e6f-4834-bc7f-6092327c44fa,"(2.3, 0.0, 5.1)",,,,,,,,,,,
TELEPORT,484216,3/15/2022 11:00,c82e4612-4e6f-4834-bc7f-6092327c44fa,"(2.2, 0.0, 4.0)",,,,,,,,,,,
VOICE_CAPTURE,484525,3/15/2022 11:00,c82e4612-4e6f-4834-bc7f-6092327c44fa,hey i think that was everyone,NA,,,,,,,,,,
SESSION_END,485655,3/15/2022 11:00,c82e4612-4e6f-4834-bc7f-6092327c44fa,,,,,,,,,,,,
VOICE_CAPTURE,492084,3/15/2022 11:00,c82e4612-4e6f-4834-bc7f-6092327c44fa,hey,NA,,,,,,,,,,
VOICE_CAPTURE,497583,3/15/2022 11:00,c82e4612-4e6f-4834-bc7f-6092327c44fa,tiny 11 seconds,NA,,,,,,,,,,
VOICE_CAPTURE,499133,3/15/2022 11:01,c82e4612-4e6f-4834-bc7f-6092327c44fa,OK,NA,,,,,,,,,,
PATIENT_ENGAGED,500139,3/15/2022 11:01,c82e4612-4e6f-4834-bc7f-6092327c44fa,63.87083,Infinity,Mike_7 Root,"(1.4, 0.0, 4.0)","(0.0, 0.1, 0.0, 1.0)",DELAYED,waver,fast,normal,normal,calm,sittingGround
