PATIENT_DEMOTED,143073,3/16/2022 11:43,46c273a6-b8be-46ea-96cd-72903780d43d,100,Infinity,Bob_0 Root,"(-1.0, 0.0, 6.0)","(0.0, 0.7, 0.0, 0.7)",EXPECTANT,still,faint,restricted,none,unresponsive,supine
PATIENT_DEMOTED,143295,3/16/2022 11:43,46c273a6-b8be-46ea-96cd-72903780d43d,100,Infinity,Bob_0 Root,"(-1.0, 0.0, 6.0)","(0.0, 0.7, 0.0, 0.7)",DEAD,still,none,none,none,dead,supine
PATIENT_DEMOTED,143434,3/16/2022 11:43,46c273a6-b8be-46ea-96cd-72903780d43d,100,Infinity,Gary_1 Root,"(2.0, 0.0, 7.0)","(0.0, 1.0, 0.0, 0.0)",EXPECTANT,still,faint,restricted,none,unresponsive,supine
PATIENT_DEMOTED,144235,3/16/2022 11:43,46c273a6-b8be-46ea-96cd-72903780d43d,100,Infinity,Lily_2 Root,"(3.0, 0.0, 4.0)","(0.0, 1.0, 0.0, 0.0)",IMMEDIATE,waver,fast,fast,normal,agony,fetal
PATIENT_DEMOTED,144875,3/16/2022 11:43,46c273a6-b8be-46ea-96cd-72903780d43d,100,0,Gary_3 Root,"(0.0, 0.0, 2.0)","(0.0, 0.0, 0.0, 1.0)",IMMEDIATE,still,faint,collapsedRight,normal,unresponsive,supine
PATIENT_DEMOTED,145457,3/16/2022 11:43,46c273a6-b8be-46ea-96cd-72903780d43d,100,Infinity,Lily_4 Root,"(1.4, 0.0, 6.0)","(0.0, 1.0, 0.0, 0.0)",IMMEDIATE,waver,fast,normal,normal,upset,fetal
PATIENT_DEMOTED,146343,3/16/2022 11:43,46c273a6-b8be-46ea-96cd-72903780d43d,63.87083,Infinity,Mike_5 Root,"(2.6, 0.0, 2.0)","(0.0, 1.0, 0.0, 0.0)",IMMEDIATE,waver,fast,normal,normal,upset,fetal
PATIENT_DEMOTED,146896,3/16/2022 11:43,46c273a6-b8be-46ea-96cd-72903780d43d,100,Infinity,Gloria_6 Root,"(-1.0, 0.0, 3.2)","(0.0, 0.4, 0.0, 0.9)",IMMEDIATE,waver,fast,normal,normal,upset,fetal
PATIENT_DEMOTED,147310,3/16/2022 11:43,46c273a6-b8be-46ea-96cd-72903780d43d,100,Infinity,Gloria_6 Root,"(-1.0, 0.0, 3.2)","(0.0, 0.4, 0.0, 0.9)",DELAYED,waver,fast,normal,normal,upset,fetal
PATIENT_DEMOTED,147610,3/16/2022 11:43,46c273a6-b8be-46ea-96cd-72903780d43d,63.87083,Infinity,Mike_7 Root,"(1.4, 0.0, 4.0)","(0.0, 0.1, 0.0, 1.0)",IMMEDIATE,waver,fast,normal,normal,upset,sittingGround
PATIENT_DEMOTED,147975,3/16/2022 11:43,46c273a6-b8be-46ea-96cd-72903780d43d,63.87083,Infinity,Mike_7 Root,"(1.4, 0.0, 4.0)","(0.0, 0.1, 0.0, 1.0)",DELAYED,waver,fast,normal,normal,upset,sittingGround
PATIENT_DEMOTED,148218,3/16/2022 11:43,46c273a6-b8be-46ea-96cd-72903780d43d,100,Infinity,Gloria_8 Root,"(4.0, 0.0, 6.0)","(0.0, 1.0, 0.0, 0.0)",DELAYED,walker,normal,normal,normal,upset,sittingGround
SESSION_START,153489,3/16/2022 11:44,46c273a6-b8be-46ea-96cd-72903780d43d,,,,,,,,,,,,
PATIENT_RECORD,153490,3/16/2022 11:44,46c273a6-b8be-46ea-96cd-72903780d43d,100,Infinity,Bob_0 Root,"(-1.0, 0.0, 6.0)","(0.0, 0.7, 0.0, 0.7)",DEAD,still,none,none,none,dead,supine
INJURY_RECORD,153490,3/16/2022 11:44,46c273a6-b8be-46ea-96cd-72903780d43d,Face Shrapnel,Bob_0 Root,gauzePressure,high,head,FALSE,FALSE,"(-0.9, 1.8, 5.9)",,,,
INJURY_RECORD,153490,3/16/2022 11:44,46c273a6-b8be-46ea-96cd-72903780d43d,L Wrist Amputation,Bob_0 Root,tourniquet,high,leftArm,FALSE,FALSE,"(-1.1, 1.4, 6.7)",,,,
INJURY_RECORD,153490,3/16/2022 11:44,46c273a6-b8be-46ea-96cd-72903780d43d,L Chest Collapse,Bob_0 Root,decompress,high,chest,FALSE,FALSE,"(0.0, 0.0, 0.0)",,,,
INJURY_RECORD,153490,3/16/2022 11:44,46c273a6-b8be-46ea-96cd-72903780d43d,L Stomach Puncture,Bob_0 Root,woundpack,high,abdomen,FALSE,FALSE,"(-0.9, 1.2, 6.1)",,,,
INJURY_RECORD,153490,3/16/2022 11:44,46c273a6-b8be-46ea-96cd-72903780d43d,R Shin Amputation,Bob_0 Root,tourniquet,high,rightLeg,FALSE,FALSE,"(-1.0, 0.4, 5.9)",,,,
INJURY_RECORD,153490,3/16/2022 11:44,46c273a6-b8be-46ea-96cd-72903780d43d,L Thigh Laceration,Bob_0 Root,gauzePressure,medium,leftLeg,FALSE,FALSE,"(-0.9, 0.7, 6.1)",,,,
PATIENT_RECORD,153490,3/16/2022 11:44,46c273a6-b8be-46ea-96cd-72903780d43d,100,Infinity,Gary_1 Root,"(2.0, 0.0, 7.0)","(0.0, 1.0, 0.0, 0.0)",EXPECTANT,still,none,restricted,none,unresponsive,supine
INJURY_RECORD,153490,3/16/2022 11:44,46c273a6-b8be-46ea-96cd-72903780d43d,Face Shrapnel,Gary_1 Root,gauzePressure,high,head,FALSE,FALSE,"(1.9, 1.7, 6.9)",,,,
PATIENT_RECORD,153490,3/16/2022 11:44,46c273a6-b8be-46ea-96cd-72903780d43d,100,Infinity,Lily_2 Root,"(3.0, 0.0, 4.0)","(0.0, 1.0, 0.0, 0.0)",IMMEDIATE,waver,fast,fast,normal,agony,fetal
INJURY_RECORD,153490,3/16/2022 11:44,46c273a6-b8be-46ea-96cd-72903780d43d,R Shin Amputation,Lily_2 Root,tourniquet,high,rightLeg,FALSE,FALSE,"(2.9, 0.4, 4.0)",,,,
PATIENT_RECORD,153490,3/16/2022 11:44,46c273a6-b8be-46ea-96cd-72903780d43d,100,0,Gary_3 Root,"(0.0, 0.0, 2.0)","(0.0, 0.0, 0.0, 1.0)",IMMEDIATE,still,faint,collapsedRight,normal,unresponsive,supine
INJURY_RECORD,153490,3/16/2022 11:44,46c273a6-b8be-46ea-96cd-72903780d43d,R Chest Collapse,Gary_3 Root,decompress,high,chest,FALSE,FALSE,"(0.0, 0.0, 0.0)",,,,
PATIENT_RECORD,153490,3/16/2022 11:44,46c273a6-b8be-46ea-96cd-72903780d43d,100,Infinity,Lily_4 Root,"(1.4, 0.0, 6.0)","(0.0, 1.0, 0.0, 0.0)",IMMEDIATE,waver,fast,normal,normal,upset,fetal
INJURY_RECORD,153490,3/16/2022 11:44,46c273a6-b8be-46ea-96cd-72903780d43d,L Side Puncture,Lily_4 Root,woundpack,medium,abdomen,FALSE,FALSE,"(1.5, 1.0, 5.9)",,,,
PATIENT_RECORD,153490,3/16/2022 11:44,46c273a6-b8be-46ea-96cd-72903780d43d,63.87083,Infinity,Mike_5 Root,"(2.6, 0.0, 2.0)","(0.0, 1.0, 0.0, 0.0)",IMMEDIATE,waver,fast,normal,normal,upset,fetal
INJURY_RECORD,153490,3/16/2022 11:44,46c273a6-b8be-46ea-96cd-72903780d43d,R Side Puncture,Mike_5 Root,woundpack,medium,abdomen,FALSE,FALSE,"(2.5, 1.2, 1.9)",,,,
INJURY_RECORD,153490,3/16/2022 11:44,46c273a6-b8be-46ea-96cd-72903780d43d,R Thigh Laceration,Mike_5 Root,gauzePressure,medium,rightLeg,FALSE,FALSE,"(2.4, 0.7, 2.0)",,,,
PATIENT_RECORD,153490,3/16/2022 11:44,46c273a6-b8be-46ea-96cd-72903780d43d,100,Infinity,Gloria_6 Root,"(-1.0, 0.0, 3.2)","(0.0, 0.4, 0.0, 0.9)",DELAYED,waver,fast,normal,normal,upset,fetal
INJURY_RECORD,153490,3/16/2022 11:44,46c273a6-b8be-46ea-96cd-72903780d43d,R Calf Shrapnel,Gloria_6 Root,tourniquet,medium,rightLeg,FALSE,FALSE,"(-0.9, 0.3, 3.1)",,,,
PATIENT_RECORD,153490,3/16/2022 11:44,46c273a6-b8be-46ea-96cd-72903780d43d,63.87083,Infinity,Mike_7 Root,"(1.4, 0.0, 4.0)","(0.0, 0.1, 0.0, 1.0)",DELAYED,waver,fast,normal,normal,upset,sittingGround
INJURY_RECORD,153490,3/16/2022 11:44,46c273a6-b8be-46ea-96cd-72903780d43d,L Thigh Puncture,Mike_7 Root,tourniquet,medium,leftLeg,FALSE,FALSE,"(1.4, 0.7, 4.1)",,,,
INJURY_RECORD,153490,3/16/2022 11:44,46c273a6-b8be-46ea-96cd-72903780d43d,R Calf Laceration,Mike_7 Root,gauzePressure,low,rightLeg,FALSE,FALSE,"(1.5, 0.4, 3.9)",,,,
PATIENT_RECORD,153490,3/16/2022 11:44,46c273a6-b8be-46ea-96cd-72903780d43d,100,Infinity,Gloria_8 Root,"(4.0, 0.0, 6.0)","(0.0, 1.0, 0.0, 0.0)",DELAYED,walker,normal,normal,normal,upset,sittingGround
INJURY_RECORD,153490,3/16/2022 11:44,46c273a6-b8be-46ea-96cd-72903780d43d,L Forearm Laceration,Gloria_8 Root,gauzePressure,low,leftArm,FALSE,FALSE,"(4.6, 1.3, 5.9)",,,,
PATIENT_RECORD,153490,3/16/2022 11:44,46c273a6-b8be-46ea-96cd-72903780d43d,100,Infinity,Bob_9 Root,"(2.6, 0.0, 8.0)","(0.0, 1.0, 0.0, 0.0)",MINIMAL,walker,normal,normal,normal,calm,standing
INJURY_RECORD,153490,3/16/2022 11:44,46c273a6-b8be-46ea-96cd-72903780d43d,Ear Bleed,Bob_9 Root,none,low,head,FALSE,FALSE,"(0.0, 0.0, 0.0)",,,,
PATIENT_RECORD,153490,3/16/2022 11:44,46c273a6-b8be-46ea-96cd-72903780d43d,100,Infinity,Helga_10 Root,"(3.9, 0.0, 8.0)","(0.0, 1.0, 0.0, 0.0)",MINIMAL,walker,normal,normal,normal,calm,sittingGround
INJURY_RECORD,153490,3/16/2022 11:44,46c273a6-b8be-46ea-96cd-72903780d43d,Forehead Scrape,Helga_10 Root,gauzePressure,low,head,FALSE,FALSE,"(4.0, 1.5, 7.9)",,,,
VOICE_CAPTURE,158641,3/16/2022 11:44,46c273a6-b8be-46ea-96cd-72903780d43d,hello,NA,,,,,,,,,,
VOICE_CAPTURE,162686,3/16/2022 11:44,46c273a6-b8be-46ea-96cd-72903780d43d,well if you're able to walk please come over here,NA,,,,,,,,,,
VOICE_COMMAND,162686,3/16/2022 11:44,46c273a6-b8be-46ea-96cd-72903780d43d,walk to the safe area,well if you're able to walk please come over here,,,,,,,,,,
VOICE_COMMAND,162686,3/16/2022 11:44,46c273a6-b8be-46ea-96cd-72903780d43d,walk to player,well if you're able to walk please come over here,,,,,,,,,,
S_A_L_T_WALK_IF_CAN,162687,3/16/2022 11:44,46c273a6-b8be-46ea-96cd-72903780d43d,"(-1.0, 0.0, 6.0)",walkIfCan,Bob_0 Root,,,,,,,,,
S_A_L_T_WALK_IF_CAN,162687,3/16/2022 11:44,46c273a6-b8be-46ea-96cd-72903780d43d,"(2.0, 0.0, 7.0)",walkIfCan,Gary_1 Root,,,,,,,,,
S_A_L_T_WALK_IF_CAN,162687,3/16/2022 11:44,46c273a6-b8be-46ea-96cd-72903780d43d,"(3.0, 0.0, 4.0)",walkIfCan,Lily_2 Root,,,,,,,,,
S_A_L_T_WALK_IF_CAN,162687,3/16/2022 11:44,46c273a6-b8be-46ea-96cd-72903780d43d,"(0.0, 0.0, 2.0)",walkIfCan,Gary_3 Root,,,,,,,,,
S_A_L_T_WALK_IF_CAN,162687,3/16/2022 11:44,46c273a6-b8be-46ea-96cd-72903780d43d,"(1.4, 0.0, 6.0)",walkIfCan,Lily_4 Root,,,,,,,,,
S_A_L_T_WALK_IF_CAN,162687,3/16/2022 11:44,46c273a6-b8be-46ea-96cd-72903780d43d,"(2.6, 0.0, 2.0)",walkIfCan,Mike_5 Root,,,,,,,,,
S_A_L_T_WALK_IF_CAN,162687,3/16/2022 11:44,46c273a6-b8be-46ea-96cd-72903780d43d,"(-1.0, 0.0, 3.2)",walkIfCan,Gloria_6 Root,,,,,,,,,
S_A_L_T_WALK_IF_CAN,162687,3/16/2022 11:44,46c273a6-b8be-46ea-96cd-72903780d43d,"(1.4, 0.0, 4.0)",walkIfCan,Mike_7 Root,,,,,,,,,
S_A_L_T_WALK_IF_CAN,162687,3/16/2022 11:44,46c273a6-b8be-46ea-96cd-72903780d43d,"(4.0, 0.0, 6.0)",walkIfCan,Gloria_8 Root,,,,,,,,,
S_A_L_T_WALK_IF_CAN,162687,3/16/2022 11:44,46c273a6-b8be-46ea-96cd-72903780d43d,"(2.6, 0.0, 8.0)",walkIfCan,Bob_9 Root,,,,,,,,,
S_A_L_T_WALK_IF_CAN,162687,3/16/2022 11:44,46c273a6-b8be-46ea-96cd-72903780d43d,"(3.9, 0.0, 8.0)",walkIfCan,Helga_10 Root,,,,,,,,,
VOICE_CAPTURE,171564,3/16/2022 11:44,46c273a6-b8be-46ea-96cd-72903780d43d,and if you're able to wave or move your leg please do,NA,,,,,,,,,,
VOICE_COMMAND,171564,3/16/2022 11:44,46c273a6-b8be-46ea-96cd-72903780d43d,wave if you can,and if you're able to wave or move your leg please do,,,,,,,,,,
VOICE_COMMAND,171564,3/16/2022 11:44,46c273a6-b8be-46ea-96cd-72903780d43d,reveal injury,and if you're able to wave or move your leg please do,,,,,,,,,,
TELEPORT,171731,3/16/2022 11:44,46c273a6-b8be-46ea-96cd-72903780d43d,"(4.2, 0.0, -4.9)",,,,,,,,,,,
VOICE_CAPTURE,178107,3/16/2022 11:44,46c273a6-b8be-46ea-96cd-72903780d43d,i'm done,NA,,,,,,,,,,
VOICE_CAPTURE,182032,3/16/2022 11:44,46c273a6-b8be-46ea-96cd-72903780d43d,could if you're able to can you wave,NA,,,,,,,,,,
VOICE_COMMAND,182033,3/16/2022 11:44,46c273a6-b8be-46ea-96cd-72903780d43d,wave if you can,could if you're able to can you wave,,,,,,,,,,
S_A_L_T_WAVE_IF_CAN,182034,3/16/2022 11:44,46c273a6-b8be-46ea-96cd-72903780d43d,"(-1.0, 0.0, 6.0)",waveIfCan,Bob_0 Root,,,,,,,,,
S_A_L_T_WAVE_IF_CAN,182034,3/16/2022 11:44,46c273a6-b8be-46ea-96cd-72903780d43d,"(2.0, 0.0, 7.0)",waveIfCan,Gary_1 Root,,,,,,,,,
S_A_L_T_WAVE_IF_CAN,182034,3/16/2022 11:44,46c273a6-b8be-46ea-96cd-72903780d43d,"(3.0, 0.0, 4.0)",waveIfCan,Lily_2 Root,,,,,,,,,
S_A_L_T_WAVED,182034,3/16/2022 11:44,46c273a6-b8be-46ea-96cd-72903780d43d,"(3.0, 0.0, 4.0)",waved,Lily_2 Root,,,,,,,,,
S_A_L_T_WAVE_IF_CAN,182034,3/16/2022 11:44,46c273a6-b8be-46ea-96cd-72903780d43d,"(0.0, 0.0, 2.0)",waveIfCan,Gary_3 Root,,,,,,,,,
S_A_L_T_WAVE_IF_CAN,182034,3/16/2022 11:44,46c273a6-b8be-46ea-96cd-72903780d43d,"(1.4, 0.0, 6.0)",waveIfCan,Lily_4 Root,,,,,,,,,
S_A_L_T_WAVED,182034,3/16/2022 11:44,46c273a6-b8be-46ea-96cd-72903780d43d,"(1.4, 0.0, 6.0)",waved,Lily_4 Root,,,,,,,,,
S_A_L_T_WAVE_IF_CAN,182035,3/16/2022 11:44,46c273a6-b8be-46ea-96cd-72903780d43d,"(2.6, 0.0, 2.0)",waveIfCan,Mike_5 Root,,,,,,,,,
S_A_L_T_WAVED,182035,3/16/2022 11:44,46c273a6-b8be-46ea-96cd-72903780d43d,"(2.6, 0.0, 2.0)",waved,Mike_5 Root,,,,,,,,,
S_A_L_T_WAVE_IF_CAN,182035,3/16/2022 11:44,46c273a6-b8be-46ea-96cd-72903780d43d,"(-1.0, 0.0, 3.2)",waveIfCan,Gloria_6 Root,,,,,,,,,
S_A_L_T_WAVED,182035,3/16/2022 11:44,46c273a6-b8be-46ea-96cd-72903780d43d,"(-1.0, 0.0, 3.2)",waved,Gloria_6 Root,,,,,,,,,
S_A_L_T_WAVE_IF_CAN,182035,3/16/2022 11:44,46c273a6-b8be-46ea-96cd-72903780d43d,"(1.4, 0.0, 4.0)",waveIfCan,Mike_7 Root,,,,,,,,,
S_A_L_T_WAVED,182035,3/16/2022 11:44,46c273a6-b8be-46ea-96cd-72903780d43d,"(1.4, 0.0, 4.0)",waved,Mike_7 Root,,,,,,,,,
S_A_L_T_WAVE_IF_CAN,182035,3/16/2022 11:44,46c273a6-b8be-46ea-96cd-72903780d43d,"(3.3, 0.0, -3.1)",waveIfCan,Gloria_8 Root,,,,,,,,,
S_A_L_T_WAVED,182035,3/16/2022 11:44,46c273a6-b8be-46ea-96cd-72903780d43d,"(3.3, 0.0, -3.1)",waved,Gloria_8 Root,,,,,,,,,
S_A_L_T_WAVE_IF_CAN,182035,3/16/2022 11:44,46c273a6-b8be-46ea-96cd-72903780d43d,"(3.6, 0.0, -3.1)",waveIfCan,Bob_9 Root,,,,,,,,,
S_A_L_T_WAVED,182035,3/16/2022 11:44,46c273a6-b8be-46ea-96cd-72903780d43d,"(3.6, 0.0, -3.1)",waved,Bob_9 Root,,,,,,,,,
S_A_L_T_WAVE_IF_CAN,182035,3/16/2022 11:44,46c273a6-b8be-46ea-96cd-72903780d43d,"(4.3, 0.0, -3.2)",waveIfCan,Helga_10 Root,,,,,,,,,
S_A_L_T_WAVED,182035,3/16/2022 11:44,46c273a6-b8be-46ea-96cd-72903780d43d,"(4.3, 0.0, -3.2)",waved,Helga_10 Root,,,,,,,,,
TELEPORT,185488,3/16/2022 11:44,46c273a6-b8be-46ea-96cd-72903780d43d,"(2.6, 0.0, -1.7)",,,,,,,,,,,
TELEPORT,186964,3/16/2022 11:44,46c273a6-b8be-46ea-96cd-72903780d43d,"(1.1, 0.0, 0.2)",,,,,,,,,,,
VOICE_CAPTURE,188438,3/16/2022 11:44,46c273a6-b8be-46ea-96cd-72903780d43d,there we go OK so i got two,NA,,,,,,,,,,
PULSE_TAKEN,190972,3/16/2022 11:44,46c273a6-b8be-46ea-96cd-72903780d43d,pulse_faint,Gary_3 Root,,,,,,,,,,
VOICE_CAPTURE,192528,3/16/2022 11:44,46c273a6-b8be-46ea-96cd-72903780d43d,OK,NA,,,,,,,,,,
PATIENT_ENGAGED,198599,3/16/2022 11:44,46c273a6-b8be-46ea-96cd-72903780d43d,100,0,Gary_3 Root,"(0.0, 0.0, 2.0)","(0.0, 0.0, 0.0, 1.0)",IMMEDIATE,still,faint,collapsedRight,normal,unresponsive,supine
PATIENT_ENGAGED,199910,3/16/2022 11:44,46c273a6-b8be-46ea-96cd-72903780d43d,100,Infinity,Gloria_6 Root,"(-1.0, 0.0, 3.2)","(0.0, 0.4, 0.0, 0.9)",DELAYED,waver,fast,normal,normal,calm,fetal
VOICE_CAPTURE,200549,3/16/2022 11:44,46c273a6-b8be-46ea-96cd-72903780d43d,lowers my,NA,,,,,,,,,,
BAG_ACCESS,204034,3/16/2022 11:44,46c273a6-b8be-46ea-96cd-72903780d43d,"(-0.3, 0.7, 1.5)",,,,,,,,,,,
PATIENT_ENGAGED,204154,3/16/2022 11:44,46c273a6-b8be-46ea-96cd-72903780d43d,100,0,Gary_3 Root,"(0.0, 0.0, 2.0)","(0.0, 0.0, 0.0, 1.0)",IMMEDIATE,still,faint,collapsedRight,normal,unresponsive,supine
VOICE_CAPTURE,205787,3/16/2022 11:44,46c273a6-b8be-46ea-96cd-72903780d43d,oh here it is,NA,,,,,,,,,,
VOICE_CAPTURE,207932,3/16/2022 11:44,46c273a6-b8be-46ea-96cd-72903780d43d,OK,NA,,,,,,,,,,
TAG_SELECTED,207961,3/16/2022 11:44,46c273a6-b8be-46ea-96cd-72903780d43d,black,,,,,,,,,,,
TAG_APPLIED,209492,3/16/2022 11:44,46c273a6-b8be-46ea-96cd-72903780d43d,Gary_3 Root,black,,,,,,,,,,
PULSE_TAKEN,209519,3/16/2022 11:44,46c273a6-b8be-46ea-96cd-72903780d43d,pulse_faint,Gary_3 Root,,,,,,,,,,
VOICE_CAPTURE,211524,3/16/2022 11:45,46c273a6-b8be-46ea-96cd-72903780d43d,oh,NA,,,,,,,,,,
BAG_CLOSED,212555,3/16/2022 11:45,46c273a6-b8be-46ea-96cd-72903780d43d,"(-0.3, 0.7, 1.5)",,,,,,,,,,,
TELEPORT,212555,3/16/2022 11:45,46c273a6-b8be-46ea-96cd-72903780d43d,"(-0.2, 0.0, 1.8)",,,,,,,,,,,
TELEPORT,216175,3/16/2022 11:45,46c273a6-b8be-46ea-96cd-72903780d43d,"(-0.5, 0.0, 4.3)",,,,,,,,,,,
PATIENT_ENGAGED,219295,3/16/2022 11:45,46c273a6-b8be-46ea-96cd-72903780d43d,100,Infinity,Bob_0 Root,"(-1.0, 0.0, 6.0)","(0.0, 0.7, 0.0, 0.7)",DEAD,still,none,none,none,dead,supine
BAG_ACCESS,220244,3/16/2022 11:45,46c273a6-b8be-46ea-96cd-72903780d43d,"(-0.9, 0.6, 5.3)",,,,,,,,,,,
TAG_SELECTED,220911,3/16/2022 11:45,46c273a6-b8be-46ea-96cd-72903780d43d,black,,,,,,,,,,,
VOICE_CAPTURE,221409,3/16/2022 11:45,46c273a6-b8be-46ea-96cd-72903780d43d,OK,NA,,,,,,,,,,
TAG_APPLIED,222916,3/16/2022 11:45,46c273a6-b8be-46ea-96cd-72903780d43d,Bob_0 Root,black,,,,,,,,,,
PULSE_TAKEN,222941,3/16/2022 11:45,46c273a6-b8be-46ea-96cd-72903780d43d,pulse_none,Bob_0 Root,,,,,,,,,,
BAG_CLOSED,226507,3/16/2022 11:45,46c273a6-b8be-46ea-96cd-72903780d43d,"(-0.9, 0.6, 5.3)",,,,,,,,,,,
TELEPORT,226507,3/16/2022 11:45,46c273a6-b8be-46ea-96cd-72903780d43d,"(-1.0, 0.0, 5.2)",,,,,,,,,,,
TELEPORT,227985,3/16/2022 11:45,46c273a6-b8be-46ea-96cd-72903780d43d,"(-0.2, 0.0, 3.3)",,,,,,,,,,,
BAG_ACCESS,230323,3/16/2022 11:45,46c273a6-b8be-46ea-96cd-72903780d43d,"(-0.2, 0.7, 1.5)",,,,,,,,,,,
VOICE_CAPTURE,230851,3/16/2022 11:45,46c273a6-b8be-46ea-96cd-72903780d43d,go back to heaven,NA,,,,,,,,,,
TAG_SELECTED,232746,3/16/2022 11:45,46c273a6-b8be-46ea-96cd-72903780d43d,red,,,,,,,,,,,
TAG_APPLIED,234082,3/16/2022 11:45,46c273a6-b8be-46ea-96cd-72903780d43d,Gary_3 Root,red,,,,,,,,,,
VOICE_CAPTURE,234832,3/16/2022 11:45,46c273a6-b8be-46ea-96cd-72903780d43d,can i retag if i feel like OK,NA,,,,,,,,,,
PULSE_TAKEN,235696,3/16/2022 11:45,46c273a6-b8be-46ea-96cd-72903780d43d,pulse_faint,Gary_3 Root,,,,,,,,,,
VOICE_CAPTURE,237393,3/16/2022 11:45,46c273a6-b8be-46ea-96cd-72903780d43d,i mean,NA,,,,,,,,,,
BAG_CLOSED,238481,3/16/2022 11:45,46c273a6-b8be-46ea-96cd-72903780d43d,"(-0.2, 0.7, 1.5)",,,,,,,,,,,
TELEPORT,238481,3/16/2022 11:45,46c273a6-b8be-46ea-96cd-72903780d43d,"(-0.1, 0.0, 1.8)",,,,,,,,,,,
TELEPORT,240652,3/16/2022 11:45,46c273a6-b8be-46ea-96cd-72903780d43d,"(2.7, 0.0, 7.5)",,,,,,,,,,,
PATIENT_ENGAGED,241350,3/16/2022 11:45,46c273a6-b8be-46ea-96cd-72903780d43d,100,Infinity,Gary_1 Root,"(2.0, 0.0, 7.0)","(0.0, 1.0, 0.0, 0.0)",EXPECTANT,still,none,restricted,none,unresponsive,supine
PULSE_TAKEN,242546,3/16/2022 11:45,46c273a6-b8be-46ea-96cd-72903780d43d,pulse_none,Gary_1 Root,,,,,,,,,,
VOICE_CAPTURE,251317,3/16/2022 11:45,46c273a6-b8be-46ea-96cd-72903780d43d,where is my kit,NA,,,,,,,,,,
BAG_ACCESS,252935,3/16/2022 11:45,46c273a6-b8be-46ea-96cd-72903780d43d,"(2.1, 0.4, 7.8)",,,,,,,,,,,
TOOL_HOVER,254274,3/16/2022 11:45,46c273a6-b8be-46ea-96cd-72903780d43d,Needle,998,,,,,,,,,,
TOOL_HOVER,254303,3/16/2022 11:45,46c273a6-b8be-46ea-96cd-72903780d43d,Needle,998,,,,,,,,,,
TOOL_HOVER,254327,3/16/2022 11:45,46c273a6-b8be-46ea-96cd-72903780d43d,Needle,998,,,,,,,,,,
TOOL_HOVER,254356,3/16/2022 11:45,46c273a6-b8be-46ea-96cd-72903780d43d,Needle,998,,,,,,,,,,
TOOL_HOVER,254383,3/16/2022 11:45,46c273a6-b8be-46ea-96cd-72903780d43d,Needle,998,,,,,,,,,,
TOOL_HOVER,254411,3/16/2022 11:45,46c273a6-b8be-46ea-96cd-72903780d43d,Needle,998,,,,,,,,,,
TOOL_HOVER,254439,3/16/2022 11:45,46c273a6-b8be-46ea-96cd-72903780d43d,Needle,998,,,,,,,,,,
TOOL_HOVER,254468,3/16/2022 11:45,46c273a6-b8be-46ea-96cd-72903780d43d,Needle,998,,,,,,,,,,
TOOL_HOVER,254494,3/16/2022 11:45,46c273a6-b8be-46ea-96cd-72903780d43d,Needle,998,,,,,,,,,,
TOOL_HOVER,254523,3/16/2022 11:45,46c273a6-b8be-46ea-96cd-72903780d43d,Needle,998,,,,,,,,,,
TOOL_HOVER,254551,3/16/2022 11:45,46c273a6-b8be-46ea-96cd-72903780d43d,Needle,998,,,,,,,,,,
TOOL_SELECTED,254552,3/16/2022 11:45,46c273a6-b8be-46ea-96cd-72903780d43d,Needle,997,,,,,,,,,,
TOOL_APPLIED,258980,3/16/2022 11:45,46c273a6-b8be-46ea-96cd-72903780d43d,Needle_Decomp(Clone),Needle,Spine1 (UnityEngine.GameObject),cath_needle (UnityEngine.GameObject),left_underarm,Needle_Decomp(Clone) (UnityEngine.GameObject),AppliedDecompNeedle,,,,,
PULSE_TAKEN,262820,3/16/2022 11:45,46c273a6-b8be-46ea-96cd-72903780d43d,pulse_none,Gary_1 Root,,,,,,,,,,
PULSE_TAKEN,265773,3/16/2022 11:45,46c273a6-b8be-46ea-96cd-72903780d43d,pulse_none,Gary_1 Root,,,,,,,,,,
VOICE_CAPTURE,269141,3/16/2022 11:45,46c273a6-b8be-46ea-96cd-72903780d43d,i am not,NA,,,,,,,,,,
TOOL_HOVER,277665,3/16/2022 11:46,46c273a6-b8be-46ea-96cd-72903780d43d,Needle,997,,,,,,,,,,
TOOL_HOVER,277692,3/16/2022 11:46,46c273a6-b8be-46ea-96cd-72903780d43d,Needle,997,,,,,,,,,,
TOOL_HOVER,277722,3/16/2022 11:46,46c273a6-b8be-46ea-96cd-72903780d43d,Needle,997,,,,,,,,,,
TOOL_HOVER,277748,3/16/2022 11:46,46c273a6-b8be-46ea-96cd-72903780d43d,Needle,997,,,,,,,,,,
TOOL_HOVER,277775,3/16/2022 11:46,46c273a6-b8be-46ea-96cd-72903780d43d,Needle,997,,,,,,,,,,
TOOL_HOVER,277803,3/16/2022 11:46,46c273a6-b8be-46ea-96cd-72903780d43d,Needle,997,,,,,,,,,,
TOOL_HOVER,277831,3/16/2022 11:46,46c273a6-b8be-46ea-96cd-72903780d43d,Needle,997,,,,,,,,,,
TOOL_HOVER,277859,3/16/2022 11:46,46c273a6-b8be-46ea-96cd-72903780d43d,Tourniquet,997,,,,,,,,,,
TOOL_SELECTED,277861,3/16/2022 11:46,46c273a6-b8be-46ea-96cd-72903780d43d,Tourniquet,996,,,,,,,,,,
TOOL_DISCARDED,279504,3/16/2022 11:46,46c273a6-b8be-46ea-96cd-72903780d43d,Tourniquet,996,"(1.4, 0.6, 8.2)",,,,,,,,,
TOOL_HOVER,279560,3/16/2022 11:46,46c273a6-b8be-46ea-96cd-72903780d43d,Gauze,999,,,,,,,,,,
TOOL_HOVER,279585,3/16/2022 11:46,46c273a6-b8be-46ea-96cd-72903780d43d,Gauze,999,,,,,,,,,,
TOOL_HOVER,279615,3/16/2022 11:46,46c273a6-b8be-46ea-96cd-72903780d43d,Gauze,999,,,,,,,,,,
TOOL_HOVER,279644,3/16/2022 11:46,46c273a6-b8be-46ea-96cd-72903780d43d,Gauze,999,,,,,,,,,,
TOOL_HOVER,279670,3/16/2022 11:46,46c273a6-b8be-46ea-96cd-72903780d43d,Gauze,999,,,,,,,,,,
TOOL_HOVER,279696,3/16/2022 11:46,46c273a6-b8be-46ea-96cd-72903780d43d,Gauze,999,,,,,,,,,,
TOOL_HOVER,279725,3/16/2022 11:46,46c273a6-b8be-46ea-96cd-72903780d43d,Gauze,999,,,,,,,,,,
TOOL_HOVER,279753,3/16/2022 11:46,46c273a6-b8be-46ea-96cd-72903780d43d,Gauze,999,,,,,,,,,,
TOOL_HOVER,279780,3/16/2022 11:46,46c273a6-b8be-46ea-96cd-72903780d43d,Gauze,999,,,,,,,,,,
TOOL_HOVER,279809,3/16/2022 11:46,46c273a6-b8be-46ea-96cd-72903780d43d,Gauze,999,,,,,,,,,,
TOOL_HOVER,279836,3/16/2022 11:46,46c273a6-b8be-46ea-96cd-72903780d43d,Gauze,999,,,,,,,,,,
TOOL_HOVER,279977,3/16/2022 11:46,46c273a6-b8be-46ea-96cd-72903780d43d,Tourniquet,997,,,,,,,,,,
TOOL_HOVER,280003,3/16/2022 11:46,46c273a6-b8be-46ea-96cd-72903780d43d,Tourniquet,997,,,,,,,,,,
TOOL_HOVER,280033,3/16/2022 11:46,46c273a6-b8be-46ea-96cd-72903780d43d,Tourniquet,997,,,,,,,,,,
TOOL_HOVER,280059,3/16/2022 11:46,46c273a6-b8be-46ea-96cd-72903780d43d,Needle,997,,,,,,,,,,
TOOL_HOVER,280086,3/16/2022 11:46,46c273a6-b8be-46ea-96cd-72903780d43d,Needle,997,,,,,,,,,,
TOOL_HOVER,280115,3/16/2022 11:46,46c273a6-b8be-46ea-96cd-72903780d43d,Needle,997,,,,,,,,,,
TOOL_HOVER,280143,3/16/2022 11:46,46c273a6-b8be-46ea-96cd-72903780d43d,Needle,997,,,,,,,,,,
TOOL_HOVER,280170,3/16/2022 11:46,46c273a6-b8be-46ea-96cd-72903780d43d,Needle,997,,,,,,,,,,
TOOL_HOVER,280199,3/16/2022 11:46,46c273a6-b8be-46ea-96cd-72903780d43d,Needle,997,,,,,,,,,,
VOICE_CAPTURE,280225,3/16/2022 11:46,46c273a6-b8be-46ea-96cd-72903780d43d,i feel like i'm seeing,NA,,,,,,,,,,
TOOL_HOVER,280226,3/16/2022 11:46,46c273a6-b8be-46ea-96cd-72903780d43d,Needle,997,,,,,,,,,,
TOOL_HOVER,280254,3/16/2022 11:46,46c273a6-b8be-46ea-96cd-72903780d43d,Needle,997,,,,,,,,,,
TOOL_HOVER,280282,3/16/2022 11:46,46c273a6-b8be-46ea-96cd-72903780d43d,Needle,997,,,,,,,,,,
TOOL_HOVER,280310,3/16/2022 11:46,46c273a6-b8be-46ea-96cd-72903780d43d,Needle,997,,,,,,,,,,
TOOL_HOVER,280338,3/16/2022 11:46,46c273a6-b8be-46ea-96cd-72903780d43d,Needle,997,,,,,,,,,,
TOOL_HOVER,280365,3/16/2022 11:46,46c273a6-b8be-46ea-96cd-72903780d43d,Needle,997,,,,,,,,,,
TOOL_HOVER,280394,3/16/2022 11:46,46c273a6-b8be-46ea-96cd-72903780d43d,Needle,997,,,,,,,,,,
TOOL_HOVER,280423,3/16/2022 11:46,46c273a6-b8be-46ea-96cd-72903780d43d,Needle,997,,,,,,,,,,
TOOL_SELECTED,280424,3/16/2022 11:46,46c273a6-b8be-46ea-96cd-72903780d43d,Needle,996,,,,,,,,,,
TOOL_APPLIED,282985,3/16/2022 11:46,46c273a6-b8be-46ea-96cd-72903780d43d,Needle_Decomp(Clone),Needle,LChest_Breathe1 (UnityEngine.GameObject),cath_needle (UnityEngine.GameObject),left_underarm,Needle_Decomp(Clone) (UnityEngine.GameObject),AppliedDecompNeedle,,,,,
VOICE_CAPTURE,283010,3/16/2022 11:46,46c273a6-b8be-46ea-96cd-72903780d43d,i mean is it yeah,NA,,,,,,,,,,
PULSE_TAKEN,286129,3/16/2022 11:46,46c273a6-b8be-46ea-96cd-72903780d43d,pulse_none,Gary_1 Root,,,,,,,,,,
VOICE_CAPTURE,287465,3/16/2022 11:46,46c273a6-b8be-46ea-96cd-72903780d43d,i said just now OK,NA,,,,,,,,,,
TAG_SELECTED,289833,3/16/2022 11:46,46c273a6-b8be-46ea-96cd-72903780d43d,black,,,,,,,,,,,
VOICE_CAPTURE,291391,3/16/2022 11:46,46c273a6-b8be-46ea-96cd-72903780d43d,oh,NA,,,,,,,,,,
TAG_APPLIED,291978,3/16/2022 11:46,46c273a6-b8be-46ea-96cd-72903780d43d,Gary_1 Root,black,,,,,,,,,,
PULSE_TAKEN,292004,3/16/2022 11:46,46c273a6-b8be-46ea-96cd-72903780d43d,pulse_none,Gary_1 Root,,,,,,,,,,
BAG_CLOSED,294320,3/16/2022 11:46,46c273a6-b8be-46ea-96cd-72903780d43d,"(2.1, 0.4, 7.8)",,,,,,,,,,,
TELEPORT,296962,3/16/2022 11:46,46c273a6-b8be-46ea-96cd-72903780d43d,"(2.4, 0.0, 7.7)",,,,,,,,,,,
VOICE_CAPTURE,299384,3/16/2022 11:46,46c273a6-b8be-46ea-96cd-72903780d43d,new car,NA,,,,,,,,,,
PATIENT_ENGAGED,301028,3/16/2022 11:46,46c273a6-b8be-46ea-96cd-72903780d43d,100,Infinity,Lily_4 Root,"(1.4, 0.0, 6.0)","(0.0, 1.0, 0.0, 0.0)",IMMEDIATE,waver,fast,normal,normal,calm,fetal
PATIENT_ENGAGED,301641,3/16/2022 11:46,46c273a6-b8be-46ea-96cd-72903780d43d,100,Infinity,Gary_1 Root,"(2.0, 0.0, 7.0)","(0.0, 1.0, 0.0, 0.0)",EXPECTANT,still,none,normal,none,unresponsive,supine
BAG_ACCESS,302226,3/16/2022 11:46,46c273a6-b8be-46ea-96cd-72903780d43d,"(0.9, 0.5, 6.0)",,,,,,,,,,,
TOOL_HOVER,303176,3/16/2022 11:46,46c273a6-b8be-46ea-96cd-72903780d43d,Hemostatic Gauze,999,,,,,,,,,,
TOOL_HOVER,303202,3/16/2022 11:46,46c273a6-b8be-46ea-96cd-72903780d43d,Hemostatic Gauze,999,,,,,,,,,,
TOOL_HOVER,303228,3/16/2022 11:46,46c273a6-b8be-46ea-96cd-72903780d43d,Hemostatic Gauze,999,,,,,,,,,,
TOOL_HOVER,303257,3/16/2022 11:46,46c273a6-b8be-46ea-96cd-72903780d43d,Hemostatic Gauze,999,,,,,,,,,,
TOOL_HOVER,303284,3/16/2022 11:46,46c273a6-b8be-46ea-96cd-72903780d43d,Hemostatic Gauze,999,,,,,,,,,,
TOOL_HOVER,303312,3/16/2022 11:46,46c273a6-b8be-46ea-96cd-72903780d43d,Hemostatic Gauze,999,,,,,,,,,,
TOOL_HOVER,303341,3/16/2022 11:46,46c273a6-b8be-46ea-96cd-72903780d43d,Hemostatic Gauze,999,,,,,,,,,,
TOOL_HOVER,303368,3/16/2022 11:46,46c273a6-b8be-46ea-96cd-72903780d43d,Hemostatic Gauze,999,,,,,,,,,,
TOOL_SELECTED,303369,3/16/2022 11:46,46c273a6-b8be-46ea-96cd-72903780d43d,Hemostatic Gauze,998,,,,,,,,,,
PATIENT_ENGAGED,303786,3/16/2022 11:46,46c273a6-b8be-46ea-96cd-72903780d43d,100,Infinity,Lily_4 Root,"(1.4, 0.0, 6.0)","(0.0, 1.0, 0.0, 0.0)",IMMEDIATE,waver,fast,normal,normal,calm,fetal
TOOL_DISCARDED,305846,3/16/2022 11:46,46c273a6-b8be-46ea-96cd-72903780d43d,Hemostatic Gauze,998,"(1.1, 0.3, 6.3)",,,,,,,,,
INJURY_TREATED,305847,3/16/2022 11:46,46c273a6-b8be-46ea-96cd-72903780d43d,L Side Puncture,Lily_4 Root,woundpack,medium,abdomen,TRUE,FALSE,"(1.1, 0.2, 6.3)",,,,
TOOL_APPLIED,305847,3/16/2022 11:46,46c273a6-b8be-46ea-96cd-72903780d43d,Lily_4 Root,Gauze_Pack,skinCollider_BodyLOD (UnityEngine.GameObject),null,null,AppliedPackingGauze,,,,,,
PATIENT_ENGAGED,306459,3/16/2022 11:46,46c273a6-b8be-46ea-96cd-72903780d43d,100,Infinity,Gary_1 Root,"(2.0, 0.0, 7.0)","(0.0, 1.0, 0.0, 0.0)",EXPECTANT,still,none,normal,none,unresponsive,supine
TOOL_HOVER,308380,3/16/2022 11:46,46c273a6-b8be-46ea-96cd-72903780d43d,Gauze,999,,,,,,,,,,
TOOL_HOVER,308407,3/16/2022 11:46,46c273a6-b8be-46ea-96cd-72903780d43d,Gauze,999,,,,,,,,,,
TOOL_HOVER,308436,3/16/2022 11:46,46c273a6-b8be-46ea-96cd-72903780d43d,Gauze,999,,,,,,,,,,
TOOL_HOVER,308463,3/16/2022 11:46,46c273a6-b8be-46ea-96cd-72903780d43d,Gauze,999,,,,,,,,,,
TOOL_HOVER,308491,3/16/2022 11:46,46c273a6-b8be-46ea-96cd-72903780d43d,Gauze,999,,,,,,,,,,
TOOL_HOVER,308520,3/16/2022 11:46,46c273a6-b8be-46ea-96cd-72903780d43d,Gauze,999,,,,,,,,,,
TOOL_HOVER,308546,3/16/2022 11:46,46c273a6-b8be-46ea-96cd-72903780d43d,Gauze,999,,,,,,,,,,
TOOL_HOVER,308575,3/16/2022 11:46,46c273a6-b8be-46ea-96cd-72903780d43d,Gauze,999,,,,,,,,,,
TOOL_HOVER,308603,3/16/2022 11:46,46c273a6-b8be-46ea-96cd-72903780d43d,Gauze,999,,,,,,,,,,
TOOL_HOVER,308630,3/16/2022 11:46,46c273a6-b8be-46ea-96cd-72903780d43d,Gauze,999,,,,,,,,,,
TOOL_HOVER,308659,3/16/2022 11:46,46c273a6-b8be-46ea-96cd-72903780d43d,Gauze,999,,,,,,,,,,
TOOL_SELECTED,308660,3/16/2022 11:46,46c273a6-b8be-46ea-96cd-72903780d43d,Gauze,998,,,,,,,,,,
PATIENT_ENGAGED,308908,3/16/2022 11:46,46c273a6-b8be-46ea-96cd-72903780d43d,100,Infinity,Lily_4 Root,"(1.4, 0.0, 6.0)","(0.0, 1.0, 0.0, 0.0)",IMMEDIATE,waver,fast,normal,normal,calm,fetal
TOOL_DISCARDED,309661,3/16/2022 11:46,46c273a6-b8be-46ea-96cd-72903780d43d,Gauze,998,"(1.1, 0.3, 6.3)",,,,,,,,,
INJURY_TREATED,309661,3/16/2022 11:46,46c273a6-b8be-46ea-96cd-72903780d43d,L Side Puncture,Lily_4 Root,woundpack,medium,abdomen,TRUE,TRUE,"(1.1, 0.2, 6.3)",,,,
TOOL_APPLIED,309663,3/16/2022 11:46,46c273a6-b8be-46ea-96cd-72903780d43d,Lily_4 Root,Gauze_Dressing,skinCollider_BodyLOD (UnityEngine.GameObject),null,null,AppliedDressingGauze,,,,,,
PATIENT_ENGAGED,310358,3/16/2022 11:46,46c273a6-b8be-46ea-96cd-72903780d43d,100,Infinity,Gary_1 Root,"(2.0, 0.0, 7.0)","(0.0, 1.0, 0.0, 0.0)",EXPECTANT,still,none,normal,none,unresponsive,supine
PATIENT_ENGAGED,312725,3/16/2022 11:46,46c273a6-b8be-46ea-96cd-72903780d43d,100,Infinity,Lily_4 Root,"(1.4, 0.0, 6.0)","(0.0, 1.0, 0.0, 0.0)",IMMEDIATE,waver,fast,normal,normal,calm,fetal
TAG_SELECTED,312837,3/16/2022 11:46,46c273a6-b8be-46ea-96cd-72903780d43d,red,,,,,,,,,,,
TAG_APPLIED,314285,3/16/2022 11:46,46c273a6-b8be-46ea-96cd-72903780d43d,Lily_4 Root,red,,,,,,,,,,
PULSE_TAKEN,314312,3/16/2022 11:46,46c273a6-b8be-46ea-96cd-72903780d43d,pulse_fast,Lily_4 Root,,,,,,,,,,
BAG_CLOSED,316015,3/16/2022 11:46,46c273a6-b8be-46ea-96cd-72903780d43d,"(0.9, 0.5, 6.0)",,,,,,,,,,,
TELEPORT,316986,3/16/2022 11:46,46c273a6-b8be-46ea-96cd-72903780d43d,"(1.2, 0.0, 6.2)",,,,,,,,,,,
PATIENT_ENGAGED,320493,3/16/2022 11:46,46c273a6-b8be-46ea-96cd-72903780d43d,63.87083,Infinity,Mike_7 Root,"(1.4, 0.0, 4.0)","(0.0, 0.1, 0.0, 1.0)",DELAYED,waver,fast,normal,normal,calm,sittingGround
BAG_ACCESS,323170,3/16/2022 11:46,46c273a6-b8be-46ea-96cd-72903780d43d,"(0.7, 0.4, 4.6)",,,,,,,,,,,
TOOL_HOVER,323782,3/16/2022 11:46,46c273a6-b8be-46ea-96cd-72903780d43d,Gauze,999,,,,,,,,,,
TOOL_HOVER,323809,3/16/2022 11:46,46c273a6-b8be-46ea-96cd-72903780d43d,Gauze,999,,,,,,,,,,
TOOL_HOVER,323835,3/16/2022 11:46,46c273a6-b8be-46ea-96cd-72903780d43d,Gauze,999,,,,,,,,,,
TOOL_HOVER,323863,3/16/2022 11:46,46c273a6-b8be-46ea-96cd-72903780d43d,Tourniquet,997,,,,,,,,,,
TOOL_HOVER,323890,3/16/2022 11:46,46c273a6-b8be-46ea-96cd-72903780d43d,Tourniquet,997,,,,,,,,,,
TOOL_HOVER,323919,3/16/2022 11:46,46c273a6-b8be-46ea-96cd-72903780d43d,Tourniquet,997,,,,,,,,,,
TOOL_SELECTED,323920,3/16/2022 11:46,46c273a6-b8be-46ea-96cd-72903780d43d,Tourniquet,996,,,,,,,,,,
INJURY_TREATED,325534,3/16/2022 11:46,46c273a6-b8be-46ea-96cd-72903780d43d,L Thigh Puncture,Mike_7 Root,tourniquet,medium,leftLeg,TRUE,FALSE,"(0.8, 0.1, 4.1)",,,,
TOOL_APPLIED,325534,3/16/2022 11:46,46c273a6-b8be-46ea-96cd-72903780d43d,Mike_7 Root,Tourniquet,LeftUpLeg (UnityEngine.GameObject),tor_ring (1) (UnityEngine.GameObject),tourniquet(Clone) (UnityEngine.GameObject),AppliedTourniquet,,,,,,
TAG_SELECTED,327930,3/16/2022 11:46,46c273a6-b8be-46ea-96cd-72903780d43d,gray,,,,,,,,,,,
TAG_APPLIED,328961,3/16/2022 11:46,46c273a6-b8be-46ea-96cd-72903780d43d,Mike_7 Root,gray,,,,,,,,,,
TAG_SELECTED,329518,3/16/2022 11:46,46c273a6-b8be-46ea-96cd-72903780d43d,red,,,,,,,,,,,
TAG_APPLIED,330715,3/16/2022 11:47,46c273a6-b8be-46ea-96cd-72903780d43d,Mike_7 Root,red,,,,,,,,,,
PULSE_TAKEN,330744,3/16/2022 11:47,46c273a6-b8be-46ea-96cd-72903780d43d,pulse_fast,Mike_7 Root,,,,,,,,,,
VOICE_CAPTURE,331187,3/16/2022 11:47,46c273a6-b8be-46ea-96cd-72903780d43d,hey,NA,,,,,,,,,,
TOOL_HOVER,332081,3/16/2022 11:47,46c273a6-b8be-46ea-96cd-72903780d43d,Gauze,999,,,,,,,,,,
TOOL_HOVER,332107,3/16/2022 11:47,46c273a6-b8be-46ea-96cd-72903780d43d,Gauze,999,,,,,,,,,,
TOOL_HOVER,332135,3/16/2022 11:47,46c273a6-b8be-46ea-96cd-72903780d43d,Gauze,999,,,,,,,,,,
TOOL_HOVER,332163,3/16/2022 11:47,46c273a6-b8be-46ea-96cd-72903780d43d,Gauze,999,,,,,,,,,,
TOOL_HOVER,332191,3/16/2022 11:47,46c273a6-b8be-46ea-96cd-72903780d43d,Gauze,999,,,,,,,,,,
TOOL_HOVER,332219,3/16/2022 11:47,46c273a6-b8be-46ea-96cd-72903780d43d,Gauze,999,,,,,,,,,,
TOOL_HOVER,332246,3/16/2022 11:47,46c273a6-b8be-46ea-96cd-72903780d43d,Gauze,999,,,,,,,,,,
TOOL_HOVER,332274,3/16/2022 11:47,46c273a6-b8be-46ea-96cd-72903780d43d,Gauze,999,,,,,,,,,,
TOOL_SELECTED,332276,3/16/2022 11:47,46c273a6-b8be-46ea-96cd-72903780d43d,Gauze,998,,,,,,,,,,
TOOL_DISCARDED,333278,3/16/2022 11:47,46c273a6-b8be-46ea-96cd-72903780d43d,Gauze,998,"(0.4, 0.6, 4.2)",,,,,,,,,
TOOL_DISCARDED,333278,3/16/2022 11:47,46c273a6-b8be-46ea-96cd-72903780d43d,Gauze,999,"(0.4, 0.6, 4.2)",,,,,,,,,
TOOL_HOVER,333360,3/16/2022 11:47,46c273a6-b8be-46ea-96cd-72903780d43d,Gauze,1000,,,,,,,,,,
TOOL_HOVER,333390,3/16/2022 11:47,46c273a6-b8be-46ea-96cd-72903780d43d,Gauze,1000,,,,,,,,,,
TOOL_HOVER,333416,3/16/2022 11:47,46c273a6-b8be-46ea-96cd-72903780d43d,Gauze,1000,,,,,,,,,,
TOOL_HOVER,333444,3/16/2022 11:47,46c273a6-b8be-46ea-96cd-72903780d43d,Gauze,1000,,,,,,,,,,
TOOL_HOVER,334168,3/16/2022 11:47,46c273a6-b8be-46ea-96cd-72903780d43d,Hemostatic Gauze,999,,,,,,,,,,
TOOL_HOVER,334196,3/16/2022 11:47,46c273a6-b8be-46ea-96cd-72903780d43d,Hemostatic Gauze,999,,,,,,,,,,
TOOL_HOVER,334223,3/16/2022 11:47,46c273a6-b8be-46ea-96cd-72903780d43d,Hemostatic Gauze,999,,,,,,,,,,
TOOL_HOVER,334253,3/16/2022 11:47,46c273a6-b8be-46ea-96cd-72903780d43d,Hemostatic Gauze,999,,,,,,,,,,
TOOL_HOVER,334281,3/16/2022 11:47,46c273a6-b8be-46ea-96cd-72903780d43d,Hemostatic Gauze,999,,,,,,,,,,
TOOL_SELECTED,334283,3/16/2022 11:47,46c273a6-b8be-46ea-96cd-72903780d43d,Hemostatic Gauze,998,,,,,,,,,,
TOOL_DISCARDED,335227,3/16/2022 11:47,46c273a6-b8be-46ea-96cd-72903780d43d,Hemostatic Gauze,998,"(0.8, 0.2, 4.1)",,,,,,,,,
INJURY_TREATED,335228,3/16/2022 11:47,46c273a6-b8be-46ea-96cd-72903780d43d,L Thigh Puncture,Mike_7 Root,tourniquet,medium,leftLeg,TRUE,TRUE,"(0.8, 0.2, 4.1)",,,,
TOOL_APPLIED,335228,3/16/2022 11:47,46c273a6-b8be-46ea-96cd-72903780d43d,Mike_7 Root,Gauze_Pack,skinCollider_BodyCollideLOD (UnityEngine.GameObject),null,null,AppliedPackingGauze,,,,,,
TOOL_HOVER,338682,3/16/2022 11:47,46c273a6-b8be-46ea-96cd-72903780d43d,Gauze,1000,,,,,,,,,,
TOOL_HOVER,338709,3/16/2022 11:47,46c273a6-b8be-46ea-96cd-72903780d43d,Gauze,1000,,,,,,,,,,
TOOL_HOVER,338736,3/16/2022 11:47,46c273a6-b8be-46ea-96cd-72903780d43d,Gauze,1000,,,,,,,,,,
TOOL_HOVER,338763,3/16/2022 11:47,46c273a6-b8be-46ea-96cd-72903780d43d,Gauze,1000,,,,,,,,,,
TOOL_HOVER,338790,3/16/2022 11:47,46c273a6-b8be-46ea-96cd-72903780d43d,Gauze,1000,,,,,,,,,,
TOOL_HOVER,338819,3/16/2022 11:47,46c273a6-b8be-46ea-96cd-72903780d43d,Gauze,1000,,,,,,,,,,
TOOL_SELECTED,338820,3/16/2022 11:47,46c273a6-b8be-46ea-96cd-72903780d43d,Gauze,999,,,,,,,,,,
TOOL_DISCARDED,339739,3/16/2022 11:47,46c273a6-b8be-46ea-96cd-72903780d43d,Gauze,999,"(0.8, 0.1, 4.1)",,,,,,,,,
INJURY_TREATED,339739,3/16/2022 11:47,46c273a6-b8be-46ea-96cd-72903780d43d,L Thigh Puncture,Mike_7 Root,tourniquet,medium,leftLeg,TRUE,TRUE,"(0.8, 0.1, 4.1)",,,,
TOOL_APPLIED,339739,3/16/2022 11:47,46c273a6-b8be-46ea-96cd-72903780d43d,Mike_7 Root,Gauze_Dressing,skinCollider_BodyCollideLOD (UnityEngine.GameObject),null,null,AppliedDressingGauze,,,,,,
VOICE_CAPTURE,340238,3/16/2022 11:47,46c273a6-b8be-46ea-96cd-72903780d43d,i don't know if you can like,NA,,,,,,,,,,
BAG_CLOSED,343275,3/16/2022 11:47,46c273a6-b8be-46ea-96cd-72903780d43d,"(0.7, 0.4, 4.6)",,,,,,,,,,,
TELEPORT,343275,3/16/2022 11:47,46c273a6-b8be-46ea-96cd-72903780d43d,"(1.2, 0.0, 5.2)",,,,,,,,,,,
VOICE_CAPTURE,345389,3/16/2022 11:47,46c273a6-b8be-46ea-96cd-72903780d43d,OK,NA,,,,,,,,,,
TELEPORT,346308,3/16/2022 11:47,46c273a6-b8be-46ea-96cd-72903780d43d,"(2.6, 0.0, 4.2)",,,,,,,,,,,
PATIENT_ENGAGED,347506,3/16/2022 11:47,46c273a6-b8be-46ea-96cd-72903780d43d,100,Infinity,Lily_2 Root,"(3.0, 0.0, 4.0)","(0.0, 1.0, 0.0, 0.0)",IMMEDIATE,waver,fast,fast,normal,calm,fetal
BAG_ACCESS,349428,3/16/2022 11:47,46c273a6-b8be-46ea-96cd-72903780d43d,"(3.6, 0.4, 3.5)",,,,,,,,,,,
TOOL_HOVER,350375,3/16/2022 11:47,46c273a6-b8be-46ea-96cd-72903780d43d,Tourniquet,996,,,,,,,,,,
TOOL_HOVER,350403,3/16/2022 11:47,46c273a6-b8be-46ea-96cd-72903780d43d,Tourniquet,996,,,,,,,,,,
TOOL_HOVER,350431,3/16/2022 11:47,46c273a6-b8be-46ea-96cd-72903780d43d,Tourniquet,996,,,,,,,,,,
TOOL_HOVER,350459,3/16/2022 11:47,46c273a6-b8be-46ea-96cd-72903780d43d,Tourniquet,996,,,,,,,,,,
TOOL_HOVER,350487,3/16/2022 11:47,46c273a6-b8be-46ea-96cd-72903780d43d,Tourniquet,996,,,,,,,,,,
TOOL_HOVER,350515,3/16/2022 11:47,46c273a6-b8be-46ea-96cd-72903780d43d,Tourniquet,996,,,,,,,,,,
TOOL_HOVER,350543,3/16/2022 11:47,46c273a6-b8be-46ea-96cd-72903780d43d,Tourniquet,996,,,,,,,,,,
TOOL_HOVER,350570,3/16/2022 11:47,46c273a6-b8be-46ea-96cd-72903780d43d,Tourniquet,996,,,,,,,,,,
TOOL_HOVER,350598,3/16/2022 11:47,46c273a6-b8be-46ea-96cd-72903780d43d,Tourniquet,996,,,,,,,,,,
TOOL_HOVER,350626,3/16/2022 11:47,46c273a6-b8be-46ea-96cd-72903780d43d,Tourniquet,996,,,,,,,,,,
TOOL_SELECTED,350628,3/16/2022 11:47,46c273a6-b8be-46ea-96cd-72903780d43d,Tourniquet,995,,,,,,,,,,
INJURY_TREATED,351769,3/16/2022 11:47,46c273a6-b8be-46ea-96cd-72903780d43d,R Shin Amputation,Lily_2 Root,tourniquet,high,rightLeg,TRUE,FALSE,"(3.3, 0.1, 3.8)",,,,
TOOL_APPLIED,351769,3/16/2022 11:47,46c273a6-b8be-46ea-96cd-72903780d43d,Lily_2 Root,Tourniquet,RightUpLeg (UnityEngine.GameObject),tor_ring (1) (UnityEngine.GameObject),tourniquet(Clone) (UnityEngine.GameObject),AppliedTourniquet,,,,,,
TOOL_HOVER,354163,3/16/2022 11:47,46c273a6-b8be-46ea-96cd-72903780d43d,Hemostatic Gauze,999,,,,,,,,,,
TOOL_HOVER,354191,3/16/2022 11:47,46c273a6-b8be-46ea-96cd-72903780d43d,Hemostatic Gauze,999,,,,,,,,,,
TOOL_HOVER,354218,3/16/2022 11:47,46c273a6-b8be-46ea-96cd-72903780d43d,Hemostatic Gauze,999,,,,,,,,,,
TOOL_HOVER,354246,3/16/2022 11:47,46c273a6-b8be-46ea-96cd-72903780d43d,Hemostatic Gauze,999,,,,,,,,,,
TOOL_HOVER,354273,3/16/2022 11:47,46c273a6-b8be-46ea-96cd-72903780d43d,Hemostatic Gauze,999,,,,,,,,,,
TOOL_HOVER,354301,3/16/2022 11:47,46c273a6-b8be-46ea-96cd-72903780d43d,Hemostatic Gauze,999,,,,,,,,,,
TOOL_HOVER,354329,3/16/2022 11:47,46c273a6-b8be-46ea-96cd-72903780d43d,Hemostatic Gauze,999,,,,,,,,,,
TOOL_HOVER,354357,3/16/2022 11:47,46c273a6-b8be-46ea-96cd-72903780d43d,Hemostatic Gauze,999,,,,,,,,,,
TOOL_HOVER,354385,3/16/2022 11:47,46c273a6-b8be-46ea-96cd-72903780d43d,Hemostatic Gauze,999,,,,,,,,,,
TOOL_HOVER,354414,3/16/2022 11:47,46c273a6-b8be-46ea-96cd-72903780d43d,Hemostatic Gauze,999,,,,,,,,,,
TOOL_HOVER,354441,3/16/2022 11:47,46c273a6-b8be-46ea-96cd-72903780d43d,Hemostatic Gauze,999,,,,,,,,,,
TOOL_HOVER,354468,3/16/2022 11:47,46c273a6-b8be-46ea-96cd-72903780d43d,Hemostatic Gauze,999,,,,,,,,,,
TOOL_HOVER,354497,3/16/2022 11:47,46c273a6-b8be-46ea-96cd-72903780d43d,Hemostatic Gauze,999,,,,,,,,,,
TOOL_HOVER,354524,3/16/2022 11:47,46c273a6-b8be-46ea-96cd-72903780d43d,Hemostatic Gauze,999,,,,,,,,,,
TOOL_HOVER,354552,3/16/2022 11:47,46c273a6-b8be-46ea-96cd-72903780d43d,Hemostatic Gauze,999,,,,,,,,,,
TOOL_HOVER,354580,3/16/2022 11:47,46c273a6-b8be-46ea-96cd-72903780d43d,Hemostatic Gauze,999,,,,,,,,,,
TOOL_HOVER,354611,3/16/2022 11:47,46c273a6-b8be-46ea-96cd-72903780d43d,Hemostatic Gauze,999,,,,,,,,,,
TOOL_HOVER,354636,3/16/2022 11:47,46c273a6-b8be-46ea-96cd-72903780d43d,Hemostatic Gauze,999,,,,,,,,,,
TOOL_HOVER,354664,3/16/2022 11:47,46c273a6-b8be-46ea-96cd-72903780d43d,Hemostatic Gauze,999,,,,,,,,,,
TOOL_HOVER,354691,3/16/2022 11:47,46c273a6-b8be-46ea-96cd-72903780d43d,Hemostatic Gauze,999,,,,,,,,,,
TOOL_HOVER,354720,3/16/2022 11:47,46c273a6-b8be-46ea-96cd-72903780d43d,Hemostatic Gauze,999,,,,,,,,,,
TOOL_HOVER,354749,3/16/2022 11:47,46c273a6-b8be-46ea-96cd-72903780d43d,Hemostatic Gauze,999,,,,,,,,,,
TOOL_HOVER,354776,3/16/2022 11:47,46c273a6-b8be-46ea-96cd-72903780d43d,Hemostatic Gauze,999,,,,,,,,,,
TOOL_HOVER,354807,3/16/2022 11:47,46c273a6-b8be-46ea-96cd-72903780d43d,Hemostatic Gauze,999,,,,,,,,,,
TOOL_HOVER,354831,3/16/2022 11:47,46c273a6-b8be-46ea-96cd-72903780d43d,Hemostatic Gauze,999,,,,,,,,,,
TOOL_HOVER,354859,3/16/2022 11:47,46c273a6-b8be-46ea-96cd-72903780d43d,Hemostatic Gauze,999,,,,,,,,,,
TOOL_HOVER,354887,3/16/2022 11:47,46c273a6-b8be-46ea-96cd-72903780d43d,Hemostatic Gauze,999,,,,,,,,,,
TOOL_HOVER,354914,3/16/2022 11:47,46c273a6-b8be-46ea-96cd-72903780d43d,Hemostatic Gauze,999,,,,,,,,,,
TOOL_HOVER,354944,3/16/2022 11:47,46c273a6-b8be-46ea-96cd-72903780d43d,Hemostatic Gauze,999,,,,,,,,,,
TOOL_HOVER,354970,3/16/2022 11:47,46c273a6-b8be-46ea-96cd-72903780d43d,Hemostatic Gauze,999,,,,,,,,,,
TOOL_HOVER,354998,3/16/2022 11:47,46c273a6-b8be-46ea-96cd-72903780d43d,Hemostatic Gauze,999,,,,,,,,,,
TOOL_HOVER,355026,3/16/2022 11:47,46c273a6-b8be-46ea-96cd-72903780d43d,Hemostatic Gauze,999,,,,,,,,,,
TOOL_HOVER,355055,3/16/2022 11:47,46c273a6-b8be-46ea-96cd-72903780d43d,Hemostatic Gauze,999,,,,,,,,,,
TOOL_HOVER,355081,3/16/2022 11:47,46c273a6-b8be-46ea-96cd-72903780d43d,Hemostatic Gauze,999,,,,,,,,,,
TOOL_HOVER,355109,3/16/2022 11:47,46c273a6-b8be-46ea-96cd-72903780d43d,Hemostatic Gauze,999,,,,,,,,,,
TOOL_HOVER,355137,3/16/2022 11:47,46c273a6-b8be-46ea-96cd-72903780d43d,Hemostatic Gauze,999,,,,,,,,,,
TOOL_HOVER,355165,3/16/2022 11:47,46c273a6-b8be-46ea-96cd-72903780d43d,Hemostatic Gauze,999,,,,,,,,,,
TOOL_HOVER,355193,3/16/2022 11:47,46c273a6-b8be-46ea-96cd-72903780d43d,Hemostatic Gauze,999,,,,,,,,,,
TOOL_HOVER,355221,3/16/2022 11:47,46c273a6-b8be-46ea-96cd-72903780d43d,Hemostatic Gauze,999,,,,,,,,,,
TOOL_HOVER,355248,3/16/2022 11:47,46c273a6-b8be-46ea-96cd-72903780d43d,Hemostatic Gauze,999,,,,,,,,,,
TOOL_HOVER,355276,3/16/2022 11:47,46c273a6-b8be-46ea-96cd-72903780d43d,Hemostatic Gauze,999,,,,,,,,,,
TOOL_HOVER,355304,3/16/2022 11:47,46c273a6-b8be-46ea-96cd-72903780d43d,Hemostatic Gauze,999,,,,,,,,,,
TOOL_SELECTED,355305,3/16/2022 11:47,46c273a6-b8be-46ea-96cd-72903780d43d,Hemostatic Gauze,998,,,,,,,,,,
TOOL_DISCARDED,356197,3/16/2022 11:47,46c273a6-b8be-46ea-96cd-72903780d43d,Hemostatic Gauze,998,"(3.3, 0.1, 3.8)",,,,,,,,,
INJURY_TREATED,356197,3/16/2022 11:47,46c273a6-b8be-46ea-96cd-72903780d43d,R Shin Amputation,Lily_2 Root,tourniquet,high,rightLeg,TRUE,TRUE,"(3.3, 0.1, 3.8)",,,,
TOOL_APPLIED,356198,3/16/2022 11:47,46c273a6-b8be-46ea-96cd-72903780d43d,Lily_2 Root,Gauze_Pack,skinCollider_BodyLOD (UnityEngine.GameObject),null,null,AppliedPackingGauze,,,,,,
TAG_SELECTED,358841,3/16/2022 11:47,46c273a6-b8be-46ea-96cd-72903780d43d,red,,,,,,,,,,,
TAG_APPLIED,359926,3/16/2022 11:47,46c273a6-b8be-46ea-96cd-72903780d43d,Lily_2 Root,red,,,,,,,,,,
PULSE_TAKEN,359955,3/16/2022 11:47,46c273a6-b8be-46ea-96cd-72903780d43d,pulse_fast,Lily_2 Root,,,,,,,,,,
BAG_CLOSED,363770,3/16/2022 11:47,46c273a6-b8be-46ea-96cd-72903780d43d,"(3.6, 0.4, 3.5)",,,,,,,,,,,
TELEPORT,363770,3/16/2022 11:47,46c273a6-b8be-46ea-96cd-72903780d43d,"(3.7, 0.0, 4.1)",,,,,,,,,,,
PATIENT_ENGAGED,368057,3/16/2022 11:47,46c273a6-b8be-46ea-96cd-72903780d43d,63.87083,Infinity,Mike_5 Root,"(2.6, 0.0, 2.0)","(0.0, 1.0, 0.0, 0.0)",IMMEDIATE,waver,fast,normal,normal,calm,fetal
BAG_ACCESS,371231,3/16/2022 11:47,46c273a6-b8be-46ea-96cd-72903780d43d,"(3.2, 0.4, 1.9)",,,,,,,,,,,
TOOL_HOVER,372569,3/16/2022 11:47,46c273a6-b8be-46ea-96cd-72903780d43d,Gauze,1000,,,,,,,,,,
TOOL_HOVER,372598,3/16/2022 11:47,46c273a6-b8be-46ea-96cd-72903780d43d,Gauze,1000,,,,,,,,,,
TOOL_HOVER,372625,3/16/2022 11:47,46c273a6-b8be-46ea-96cd-72903780d43d,Gauze,1000,,,,,,,,,,
TOOL_HOVER,372652,3/16/2022 11:47,46c273a6-b8be-46ea-96cd-72903780d43d,Gauze,1000,,,,,,,,,,
TOOL_HOVER,372681,3/16/2022 11:47,46c273a6-b8be-46ea-96cd-72903780d43d,Gauze,1000,,,,,,,,,,
TOOL_HOVER,372709,3/16/2022 11:47,46c273a6-b8be-46ea-96cd-72903780d43d,Gauze,1000,,,,,,,,,,
TOOL_HOVER,372741,3/16/2022 11:47,46c273a6-b8be-46ea-96cd-72903780d43d,Gauze,1000,,,,,,,,,,
TOOL_HOVER,372764,3/16/2022 11:47,46c273a6-b8be-46ea-96cd-72903780d43d,Gauze,1000,,,,,,,,,,
TOOL_HOVER,372792,3/16/2022 11:47,46c273a6-b8be-46ea-96cd-72903780d43d,Gauze,1000,,,,,,,,,,
TOOL_HOVER,372820,3/16/2022 11:47,46c273a6-b8be-46ea-96cd-72903780d43d,Gauze,1000,,,,,,,,,,
TOOL_HOVER,372848,3/16/2022 11:47,46c273a6-b8be-46ea-96cd-72903780d43d,Gauze,1000,,,,,,,,,,
TOOL_HOVER,373155,3/16/2022 11:47,46c273a6-b8be-46ea-96cd-72903780d43d,Hemostatic Gauze,999,,,,,,,,,,
TOOL_HOVER,373185,3/16/2022 11:47,46c273a6-b8be-46ea-96cd-72903780d43d,Hemostatic Gauze,999,,,,,,,,,,
TOOL_HOVER,373210,3/16/2022 11:47,46c273a6-b8be-46ea-96cd-72903780d43d,Hemostatic Gauze,999,,,,,,,,,,
TOOL_HOVER,373238,3/16/2022 11:47,46c273a6-b8be-46ea-96cd-72903780d43d,Hemostatic Gauze,999,,,,,,,,,,
TOOL_HOVER,373265,3/16/2022 11:47,46c273a6-b8be-46ea-96cd-72903780d43d,Hemostatic Gauze,999,,,,,,,,,,
TOOL_HOVER,373293,3/16/2022 11:47,46c273a6-b8be-46ea-96cd-72903780d43d,Hemostatic Gauze,999,,,,,,,,,,
TOOL_HOVER,373321,3/16/2022 11:47,46c273a6-b8be-46ea-96cd-72903780d43d,Hemostatic Gauze,999,,,,,,,,,,
TOOL_SELECTED,373322,3/16/2022 11:47,46c273a6-b8be-46ea-96cd-72903780d43d,Hemostatic Gauze,998,,,,,,,,,,
TOOL_DISCARDED,374490,3/16/2022 11:47,46c273a6-b8be-46ea-96cd-72903780d43d,Hemostatic Gauze,998,"(3.0, 0.3, 2.3)",,,,,,,,,
INJURY_TREATED,374490,3/16/2022 11:47,46c273a6-b8be-46ea-96cd-72903780d43d,R Side Puncture,Mike_5 Root,woundpack,medium,abdomen,TRUE,FALSE,"(3.0, 0.3, 2.2)",,,,
TOOL_APPLIED,374490,3/16/2022 11:47,46c273a6-b8be-46ea-96cd-72903780d43d,Mike_5 Root,Gauze_Pack,skinCollider_BodyCollideLOD (UnityEngine.GameObject),null,null,AppliedPackingGauze,,,,,,
TOOL_HOVER,376162,3/16/2022 11:47,46c273a6-b8be-46ea-96cd-72903780d43d,Gauze,1000,,,,,,,,,,
TOOL_HOVER,376191,3/16/2022 11:47,46c273a6-b8be-46ea-96cd-72903780d43d,Gauze,1000,,,,,,,,,,
TOOL_HOVER,376218,3/16/2022 11:47,46c273a6-b8be-46ea-96cd-72903780d43d,Gauze,1000,,,,,,,,,,
TOOL_HOVER,376245,3/16/2022 11:47,46c273a6-b8be-46ea-96cd-72903780d43d,Gauze,1000,,,,,,,,,,
TOOL_HOVER,376273,3/16/2022 11:47,46c273a6-b8be-46ea-96cd-72903780d43d,Gauze,1000,,,,,,,,,,
TOOL_HOVER,376302,3/16/2022 11:47,46c273a6-b8be-46ea-96cd-72903780d43d,Gauze,1000,,,,,,,,,,
TOOL_HOVER,376331,3/16/2022 11:47,46c273a6-b8be-46ea-96cd-72903780d43d,Gauze,1000,,,,,,,,,,
TOOL_HOVER,376362,3/16/2022 11:47,46c273a6-b8be-46ea-96cd-72903780d43d,Gauze,1000,,,,,,,,,,
TOOL_SELECTED,376363,3/16/2022 11:47,46c273a6-b8be-46ea-96cd-72903780d43d,Gauze,999,,,,,,,,,,
TOOL_DISCARDED,377334,3/16/2022 11:47,46c273a6-b8be-46ea-96cd-72903780d43d,Gauze,999,"(3.0, 0.3, 2.2)",,,,,,,,,
INJURY_TREATED,377334,3/16/2022 11:47,46c273a6-b8be-46ea-96cd-72903780d43d,R Side Puncture,Mike_5 Root,woundpack,medium,abdomen,TRUE,TRUE,"(3.0, 0.3, 2.2)",,,,
TOOL_APPLIED,377334,3/16/2022 11:47,46c273a6-b8be-46ea-96cd-72903780d43d,Mike_5 Root,Gauze_Dressing,skinCollider_BodyCollideLOD (UnityEngine.GameObject),null,null,AppliedDressingGauze,,,,,,
TOOL_HOVER,379978,3/16/2022 11:47,46c273a6-b8be-46ea-96cd-72903780d43d,Tourniquet,995,,,,,,,,,,
TOOL_HOVER,380006,3/16/2022 11:47,46c273a6-b8be-46ea-96cd-72903780d43d,Tourniquet,995,,,,,,,,,,
TOOL_HOVER,380034,3/16/2022 11:47,46c273a6-b8be-46ea-96cd-72903780d43d,Tourniquet,995,,,,,,,,,,
TOOL_HOVER,380061,3/16/2022 11:47,46c273a6-b8be-46ea-96cd-72903780d43d,Tourniquet,995,,,,,,,,,,
TOOL_HOVER,380091,3/16/2022 11:47,46c273a6-b8be-46ea-96cd-72903780d43d,Tourniquet,995,,,,,,,,,,
TOOL_SELECTED,380093,3/16/2022 11:47,46c273a6-b8be-46ea-96cd-72903780d43d,Tourniquet,994,,,,,,,,,,
INJURY_TREATED,380841,3/16/2022 11:47,46c273a6-b8be-46ea-96cd-72903780d43d,R Thigh Laceration,Mike_5 Root,gauzePressure,medium,rightLeg,FALSE,TRUE,"(2.9, 0.3, 1.9)",,,,
TOOL_APPLIED,380841,3/16/2022 11:47,46c273a6-b8be-46ea-96cd-72903780d43d,Mike_5 Root,Tourniquet,RightUpLeg (UnityEngine.GameObject),tor_ring (1) (UnityEngine.GameObject),tourniquet(Clone) (UnityEngine.GameObject),AppliedTourniquet,,,,,,
TOOL_HOVER,381981,3/16/2022 11:47,46c273a6-b8be-46ea-96cd-72903780d43d,Gauze,1000,,,,,,,,,,
TOOL_HOVER,382009,3/16/2022 11:47,46c273a6-b8be-46ea-96cd-72903780d43d,Gauze,1000,,,,,,,,,,
TOOL_HOVER,382038,3/16/2022 11:47,46c273a6-b8be-46ea-96cd-72903780d43d,Gauze,1000,,,,,,,,,,
TOOL_HOVER,382065,3/16/2022 11:47,46c273a6-b8be-46ea-96cd-72903780d43d,Gauze,1000,,,,,,,,,,
TOOL_SELECTED,382066,3/16/2022 11:47,46c273a6-b8be-46ea-96cd-72903780d43d,Gauze,999,,,,,,,,,,
TOOL_DISCARDED,383179,3/16/2022 11:47,46c273a6-b8be-46ea-96cd-72903780d43d,Gauze,999,"(2.9, 0.3, 1.9)",,,,,,,,,
INJURY_TREATED,383179,3/16/2022 11:47,46c273a6-b8be-46ea-96cd-72903780d43d,R Thigh Laceration,Mike_5 Root,gauzePressure,medium,rightLeg,TRUE,TRUE,"(2.9, 0.3, 1.9)",,,,
TOOL_APPLIED,383180,3/16/2022 11:47,46c273a6-b8be-46ea-96cd-72903780d43d,Mike_5 Root,Gauze_Dressing,skinCollider_BodyCollideLOD (UnityEngine.GameObject),null,null,AppliedDressingGauze,,,,,,
TOOL_HOVER,385382,3/16/2022 11:47,46c273a6-b8be-46ea-96cd-72903780d43d,Hemostatic Gauze,999,,,,,,,,,,
TOOL_HOVER,385412,3/16/2022 11:47,46c273a6-b8be-46ea-96cd-72903780d43d,Hemostatic Gauze,999,,,,,,,,,,
TOOL_HOVER,385436,3/16/2022 11:47,46c273a6-b8be-46ea-96cd-72903780d43d,Hemostatic Gauze,999,,,,,,,,,,
TOOL_SELECTED,385437,3/16/2022 11:47,46c273a6-b8be-46ea-96cd-72903780d43d,Hemostatic Gauze,998,,,,,,,,,,
TOOL_DISCARDED,386521,3/16/2022 11:47,46c273a6-b8be-46ea-96cd-72903780d43d,Hemostatic Gauze,998,"(2.9, 0.3, 1.9)",,,,,,,,,
INJURY_TREATED,386522,3/16/2022 11:47,46c273a6-b8be-46ea-96cd-72903780d43d,R Thigh Laceration,Mike_5 Root,gauzePressure,medium,rightLeg,TRUE,TRUE,"(2.9, 0.3, 1.9)",,,,
TOOL_APPLIED,386523,3/16/2022 11:47,46c273a6-b8be-46ea-96cd-72903780d43d,Mike_5 Root,Gauze_Pack,skinCollider_BodyCollideLOD (UnityEngine.GameObject),null,null,AppliedPackingGauze,,,,,,
VOICE_CAPTURE,389082,3/16/2022 11:47,46c273a6-b8be-46ea-96cd-72903780d43d,oh hold on,NA,,,,,,,,,,
TAG_SELECTED,389781,3/16/2022 11:47,46c273a6-b8be-46ea-96cd-72903780d43d,red,,,,,,,,,,,
TAG_APPLIED,390699,3/16/2022 11:48,46c273a6-b8be-46ea-96cd-72903780d43d,Mike_5 Root,red,,,,,,,,,,
BAG_CLOSED,392176,3/16/2022 11:48,46c273a6-b8be-46ea-96cd-72903780d43d,"(3.2, 0.4, 1.9)",,,,,,,,,,,
TELEPORT,393344,3/16/2022 11:48,46c273a6-b8be-46ea-96cd-72903780d43d,"(3.3, 0.0, 2.5)",,,,,,,,,,,
TELEPORT,395349,3/16/2022 11:48,46c273a6-b8be-46ea-96cd-72903780d43d,"(0.0, 0.0, 4.3)",,,,,,,,,,,
PATIENT_ENGAGED,396408,3/16/2022 11:48,46c273a6-b8be-46ea-96cd-72903780d43d,100,Infinity,Gloria_6 Root,"(-1.0, 0.0, 3.2)","(0.0, 0.4, 0.0, 0.9)",DELAYED,waver,fast,normal,normal,calm,fetal
BAG_ACCESS,403898,3/16/2022 11:48,46c273a6-b8be-46ea-96cd-72903780d43d,"(-0.9, 0.5, 3.6)",,,,,,,,,,,
TAG_SELECTED,414173,3/16/2022 11:48,46c273a6-b8be-46ea-96cd-72903780d43d,yellow,,,,,,,,,,,
TAG_APPLIED,415760,3/16/2022 11:48,46c273a6-b8be-46ea-96cd-72903780d43d,Gloria_6 Root,yellow,,,,,,,,,,
PULSE_TAKEN,415787,3/16/2022 11:48,46c273a6-b8be-46ea-96cd-72903780d43d,pulse_fast,Gloria_6 Root,,,,,,,,,,
BAG_CLOSED,423035,3/16/2022 11:48,46c273a6-b8be-46ea-96cd-72903780d43d,"(-0.9, 0.5, 3.6)",,,,,,,,,,,
VOICE_CAPTURE,423058,3/16/2022 11:48,46c273a6-b8be-46ea-96cd-72903780d43d,are you hurt,NA,,,,,,,,,,
VOICE_COMMAND,423058,3/16/2022 11:48,46c273a6-b8be-46ea-96cd-72903780d43d,are you hurt,are you hurt,,,,,,,,,,
TELEPORT,424786,3/16/2022 11:48,46c273a6-b8be-46ea-96cd-72903780d43d,"(-0.7, 0.0, 4.6)",,,,,,,,,,,
VOICE_CAPTURE,428489,3/16/2022 11:48,46c273a6-b8be-46ea-96cd-72903780d43d,don't crash,NA,,,,,,,,,,
BAG_ACCESS,430182,3/16/2022 11:48,46c273a6-b8be-46ea-96cd-72903780d43d,"(-0.3, 0.7, 1.4)",,,,,,,,,,,
TAG_SELECTED,431911,3/16/2022 11:48,46c273a6-b8be-46ea-96cd-72903780d43d,gray,,,,,,,,,,,
TAG_APPLIED,433052,3/16/2022 11:48,46c273a6-b8be-46ea-96cd-72903780d43d,Gary_3 Root,gray,,,,,,,,,,
VOICE_CAPTURE,433607,3/16/2022 11:48,46c273a6-b8be-46ea-96cd-72903780d43d,i guess probably would re tag this guy,NA,,,,,,,,,,
VOICE_CAPTURE,435556,3/16/2022 11:48,46c273a6-b8be-46ea-96cd-72903780d43d,expectance,NA,,,,,,,,,,
BAG_CLOSED,436254,3/16/2022 11:48,46c273a6-b8be-46ea-96cd-72903780d43d,"(-0.3, 0.7, 1.4)",,,,,,,,,,,
TELEPORT,436254,3/16/2022 11:48,46c273a6-b8be-46ea-96cd-72903780d43d,"(-0.3, 0.0, 2.4)",,,,,,,,,,,
TELEPORT,442689,3/16/2022 11:48,46c273a6-b8be-46ea-96cd-72903780d43d,"(2.5, 0.0, 7.2)",,,,,,,,,,,
VOICE_CAPTURE,444304,3/16/2022 11:48,46c273a6-b8be-46ea-96cd-72903780d43d,i talked to you,NA,,,,,,,,,,
TELEPORT,446255,3/16/2022 11:48,46c273a6-b8be-46ea-96cd-72903780d43d,"(2.4, 0.0, 7.9)",,,,,,,,,,,
PATIENT_ENGAGED,448316,3/16/2022 11:48,46c273a6-b8be-46ea-96cd-72903780d43d,100,Infinity,Gary_1 Root,"(2.0, 0.0, 7.0)","(0.0, 1.0, 0.0, 0.0)",EXPECTANT,still,none,normal,none,unresponsive,supine
PULSE_TAKEN,451270,3/16/2022 11:49,46c273a6-b8be-46ea-96cd-72903780d43d,pulse_none,Gary_1 Root,,,,,,,,,,
PULSE_TAKEN,457591,3/16/2022 11:49,46c273a6-b8be-46ea-96cd-72903780d43d,pulse_none,Gary_1 Root,,,,,,,,,,
PULSE_TAKEN,461153,3/16/2022 11:49,46c273a6-b8be-46ea-96cd-72903780d43d,pulse_none,Gary_1 Root,,,,,,,,,,
TOOL_HOVER,465024,3/16/2022 11:49,46c273a6-b8be-46ea-96cd-72903780d43d,Gauze,1000,,,,,,,,,,
TOOL_HOVER,465053,3/16/2022 11:49,46c273a6-b8be-46ea-96cd-72903780d43d,Gauze,1000,,,,,,,,,,
TOOL_HOVER,465084,3/16/2022 11:49,46c273a6-b8be-46ea-96cd-72903780d43d,Gauze,1000,,,,,,,,,,
BAG_ACCESS,465526,3/16/2022 11:49,46c273a6-b8be-46ea-96cd-72903780d43d,"(1.2, 0.4, 7.1)",,,,,,,,,,,
TAG_SELECTED,466558,3/16/2022 11:49,46c273a6-b8be-46ea-96cd-72903780d43d,black,,,,,,,,,,,
TAG_APPLIED,467336,3/16/2022 11:49,46c273a6-b8be-46ea-96cd-72903780d43d,Gary_1 Root,black,,,,,,,,,,
PULSE_TAKEN,467364,3/16/2022 11:49,46c273a6-b8be-46ea-96cd-72903780d43d,pulse_none,Gary_1 Root,,,,,,,,,,
BAG_CLOSED,470929,3/16/2022 11:49,46c273a6-b8be-46ea-96cd-72903780d43d,"(1.2, 0.4, 7.1)",,,,,,,,,,,
TELEPORT,470929,3/16/2022 11:49,46c273a6-b8be-46ea-96cd-72903780d43d,"(1.7, 0.0, 7.7)",,,,,,,,,,,
VOICE_CAPTURE,471401,3/16/2022 11:49,46c273a6-b8be-46ea-96cd-72903780d43d,yeah he's already tagged,NA,,,,,,,,,,
VOICE_CAPTURE,474603,3/16/2022 11:49,46c273a6-b8be-46ea-96cd-72903780d43d,hi,NA,,,,,,,,,,
BAG_ACCESS,476554,3/16/2022 11:49,46c273a6-b8be-46ea-96cd-72903780d43d,"(-1.1, 0.7, 5.5)",,,,,,,,,,,
VOICE_CAPTURE,477777,3/16/2022 11:49,46c273a6-b8be-46ea-96cd-72903780d43d,expecting,NA,,,,,,,,,,
BAG_CLOSED,478866,3/16/2022 11:49,46c273a6-b8be-46ea-96cd-72903780d43d,"(-1.1, 0.7, 5.5)",,,,,,,,,,,
TELEPORT,478866,3/16/2022 11:49,46c273a6-b8be-46ea-96cd-72903780d43d,"(-0.5, 0.0, 6.0)",,,,,,,,,,,
VOICE_CAPTURE,480342,3/16/2022 11:49,46c273a6-b8be-46ea-96cd-72903780d43d,chad,NA,,,,,,,,,,
VOICE_CAPTURE,482457,3/16/2022 11:49,46c273a6-b8be-46ea-96cd-72903780d43d,then,NA,,,,,,,,,,
PATIENT_ENGAGED,483043,3/16/2022 11:49,46c273a6-b8be-46ea-96cd-72903780d43d,63.87083,Infinity,Mike_7 Root,"(1.4, 0.0, 4.0)","(0.0, 0.1, 0.0, 1.0)",DELAYED,waver,fast,normal,normal,calm,sittingGround
TELEPORT,483767,3/16/2022 11:49,46c273a6-b8be-46ea-96cd-72903780d43d,"(0.4, 0.0, 4.7)",,,,,,,,,,,
TELEPORT,484796,3/16/2022 11:49,46c273a6-b8be-46ea-96cd-72903780d43d,"(0.7, 0.0, 4.9)",,,,,,,,,,,
TELEPORT,485355,3/16/2022 11:49,46c273a6-b8be-46ea-96cd-72903780d43d,"(0.9, 0.0, 5.0)",,,,,,,,,,,
TELEPORT,485827,3/16/2022 11:49,46c273a6-b8be-46ea-96cd-72903780d43d,"(1.0, 0.0, 5.0)",,,,,,,,,,,
TELEPORT,487639,3/16/2022 11:49,46c273a6-b8be-46ea-96cd-72903780d43d,"(1.3, 0.0, 5.1)",,,,,,,,,,,
VOICE_CAPTURE,489641,3/16/2022 11:49,46c273a6-b8be-46ea-96cd-72903780d43d,OK,NA,,,,,,,,,,
VOICE_CAPTURE,493707,3/16/2022 11:49,46c273a6-b8be-46ea-96cd-72903780d43d,OK,NA,,,,,,,,,,
PATIENT_ENGAGED,494544,3/16/2022 11:49,46c273a6-b8be-46ea-96cd-72903780d43d,100,Infinity,Gloria_8 Root,"(3.4, 0.0, -3.2)","(0.0, 1.0, 0.0, -0.1)",DELAYED,walker,normal,normal,normal,calm,standing
PULSE_TAKEN,495462,3/16/2022 11:49,46c273a6-b8be-46ea-96cd-72903780d43d,pulse_normal,Gloria_8 Root,,,,,,,,,,
BAG_ACCESS,498745,3/16/2022 11:49,46c273a6-b8be-46ea-96cd-72903780d43d,"(2.8, 0.7, -2.4)",,,,,,,,,,,
PATIENT_ENGAGED,499303,3/16/2022 11:49,46c273a6-b8be-46ea-96cd-72903780d43d,100,Infinity,Bob_9 Root,"(3.7, 0.0, -3.3)","(0.0, 0.4, 0.0, -0.9)",MINIMAL,walker,normal,normal,normal,calm,standing
TOOL_HOVER,500668,3/16/2022 11:49,46c273a6-b8be-46ea-96cd-72903780d43d,Gauze,1000,,,,,,,,,,
TOOL_HOVER,500701,3/16/2022 11:49,46c273a6-b8be-46ea-96cd-72903780d43d,Gauze,1000,,,,,,,,,,
TOOL_HOVER,500724,3/16/2022 11:49,46c273a6-b8be-46ea-96cd-72903780d43d,Gauze,1000,,,,,,,,,,
TOOL_HOVER,500753,3/16/2022 11:49,46c273a6-b8be-46ea-96cd-72903780d43d,Gauze,1000,,,,,,,,,,
TOOL_HOVER,500780,3/16/2022 11:49,46c273a6-b8be-46ea-96cd-72903780d43d,Gauze,1000,,,,,,,,,,
TOOL_HOVER,500807,3/16/2022 11:49,46c273a6-b8be-46ea-96cd-72903780d43d,Gauze,1000,,,,,,,,,,
TOOL_HOVER,500836,3/16/2022 11:49,46c273a6-b8be-46ea-96cd-72903780d43d,Gauze,1000,,,,,,,,,,
TOOL_HOVER,500863,3/16/2022 11:49,46c273a6-b8be-46ea-96cd-72903780d43d,Gauze,1000,,,,,,,,,,
TOOL_HOVER,500891,3/16/2022 11:49,46c273a6-b8be-46ea-96cd-72903780d43d,Gauze,1000,,,,,,,,,,
TOOL_SELECTED,500893,3/16/2022 11:49,46c273a6-b8be-46ea-96cd-72903780d43d,Gauze,999,,,,,,,,,,
PATIENT_ENGAGED,501170,3/16/2022 11:49,46c273a6-b8be-46ea-96cd-72903780d43d,100,Infinity,Gloria_8 Root,"(3.4, 0.0, -3.1)","(0.0, 0.3, 0.0, -0.9)",DELAYED,walker,normal,normal,normal,calm,standing
VOICE_CAPTURE,502422,3/16/2022 11:49,46c273a6-b8be-46ea-96cd-72903780d43d,luca,NA,,,,,,,,,,
TOOL_DISCARDED,502841,3/16/2022 11:49,46c273a6-b8be-46ea-96cd-72903780d43d,Gauze,999,"(2.7, 1.5, -2.9)",,,,,,,,,
TOOL_DISCARDED,502842,3/16/2022 11:49,46c273a6-b8be-46ea-96cd-72903780d43d,Gauze,1000,"(2.7, 1.5, -2.9)",,,,,,,,,
TOOL_HOVER,503372,3/16/2022 11:49,46c273a6-b8be-46ea-96cd-72903780d43d,Hemostatic Gauze,999,,,,,,,,,,
TOOL_HOVER,503397,3/16/2022 11:49,46c273a6-b8be-46ea-96cd-72903780d43d,Hemostatic Gauze,999,,,,,,,,,,
TOOL_HOVER,503426,3/16/2022 11:49,46c273a6-b8be-46ea-96cd-72903780d43d,Hemostatic Gauze,999,,,,,,,,,,
TOOL_HOVER,503454,3/16/2022 11:49,46c273a6-b8be-46ea-96cd-72903780d43d,Hemostatic Gauze,999,,,,,,,,,,
TOOL_SELECTED,503456,3/16/2022 11:49,46c273a6-b8be-46ea-96cd-72903780d43d,Hemostatic Gauze,998,,,,,,,,,,
TOOL_DISCARDED,504259,3/16/2022 11:49,46c273a6-b8be-46ea-96cd-72903780d43d,Hemostatic Gauze,998,"(3.1, 1.2, -2.9)",,,,,,,,,
INJURY_TREATED,504259,3/16/2022 11:49,46c273a6-b8be-46ea-96cd-72903780d43d,L Forearm Laceration,Gloria_8 Root,gauzePressure,low,leftArm,FALSE,TRUE,"(3.1, 1.2, -2.9)",,,,
TOOL_APPLIED,504259,3/16/2022 11:49,46c273a6-b8be-46ea-96cd-72903780d43d,Gloria_8 Root,Gauze_Pack,skinCollider_Body_LOD (UnityEngine.GameObject),null,null,AppliedPackingGauze,,,,,,
TOOL_HOVER,505178,3/16/2022 11:49,46c273a6-b8be-46ea-96cd-72903780d43d,Gauze,1001,,,,,,,,,,
TOOL_HOVER,505207,3/16/2022 11:49,46c273a6-b8be-46ea-96cd-72903780d43d,Gauze,1001,,,,,,,,,,
TOOL_HOVER,505235,3/16/2022 11:49,46c273a6-b8be-46ea-96cd-72903780d43d,Gauze,1001,,,,,,,,,,
TOOL_SELECTED,505237,3/16/2022 11:49,46c273a6-b8be-46ea-96cd-72903780d43d,Gauze,1000,,,,,,,,,,
TOOL_DISCARDED,506795,3/16/2022 11:49,46c273a6-b8be-46ea-96cd-72903780d43d,Gauze,1000,"(3.0, 1.2, -2.8)",,,,,,,,,
INJURY_TREATED,506795,3/16/2022 11:49,46c273a6-b8be-46ea-96cd-72903780d43d,L Forearm Laceration,Gloria_8 Root,gauzePressure,low,leftArm,TRUE,TRUE,"(2.9, 1.2, -2.8)",,,,
TOOL_APPLIED,506796,3/16/2022 11:49,46c273a6-b8be-46ea-96cd-72903780d43d,Gloria_8 Root,Gauze_Dressing,skinCollider_Body_LOD (UnityEngine.GameObject),null,null,AppliedDressingGauze,,,,,,
TOOL_HOVER,508356,3/16/2022 11:49,46c273a6-b8be-46ea-96cd-72903780d43d,Gauze,1001,,,,,,,,,,
TOOL_HOVER,508384,3/16/2022 11:49,46c273a6-b8be-46ea-96cd-72903780d43d,Gauze,1001,,,,,,,,,,
TOOL_HOVER,508413,3/16/2022 11:49,46c273a6-b8be-46ea-96cd-72903780d43d,Gauze,1001,,,,,,,,,,
TOOL_HOVER,508442,3/16/2022 11:49,46c273a6-b8be-46ea-96cd-72903780d43d,Gauze,1001,,,,,,,,,,
TOOL_HOVER,508467,3/16/2022 11:49,46c273a6-b8be-46ea-96cd-72903780d43d,Tourniquet,994,,,,,,,,,,
TOOL_HOVER,508494,3/16/2022 11:49,46c273a6-b8be-46ea-96cd-72903780d43d,Tourniquet,994,,,,,,,,,,
TOOL_HOVER,508523,3/16/2022 11:49,46c273a6-b8be-46ea-96cd-72903780d43d,Tourniquet,994,,,,,,,,,,
TOOL_HOVER,508550,3/16/2022 11:49,46c273a6-b8be-46ea-96cd-72903780d43d,Tourniquet,994,,,,,,,,,,
TOOL_HOVER,508579,3/16/2022 11:49,46c273a6-b8be-46ea-96cd-72903780d43d,Tourniquet,994,,,,,,,,,,
TOOL_HOVER,508606,3/16/2022 11:49,46c273a6-b8be-46ea-96cd-72903780d43d,Tourniquet,994,,,,,,,,,,
TOOL_HOVER,508635,3/16/2022 11:49,46c273a6-b8be-46ea-96cd-72903780d43d,Tourniquet,994,,,,,,,,,,
TOOL_HOVER,508663,3/16/2022 11:49,46c273a6-b8be-46ea-96cd-72903780d43d,Tourniquet,994,,,,,,,,,,
TOOL_HOVER,508690,3/16/2022 11:49,46c273a6-b8be-46ea-96cd-72903780d43d,Tourniquet,994,,,,,,,,,,
TOOL_HOVER,508722,3/16/2022 11:49,46c273a6-b8be-46ea-96cd-72903780d43d,Tourniquet,994,,,,,,,,,,
TOOL_HOVER,508745,3/16/2022 11:49,46c273a6-b8be-46ea-96cd-72903780d43d,Tourniquet,994,,,,,,,,,,
TOOL_SELECTED,508746,3/16/2022 11:49,46c273a6-b8be-46ea-96cd-72903780d43d,Tourniquet,993,,,,,,,,,,
INJURY_TREATED,509782,3/16/2022 11:49,46c273a6-b8be-46ea-96cd-72903780d43d,L Forearm Laceration,Gloria_8 Root,gauzePressure,low,leftArm,TRUE,TRUE,"(3.0, 1.2, -2.8)",,,,
TOOL_APPLIED,509783,3/16/2022 11:49,46c273a6-b8be-46ea-96cd-72903780d43d,Gloria_8 Root,Tourniquet,LeftArm (UnityEngine.GameObject),tor_ring (1) (UnityEngine.GameObject),tourniquet(Clone) (UnityEngine.GameObject),AppliedTourniquet,,,,,,
PATIENT_ENGAGED,512283,3/16/2022 11:50,46c273a6-b8be-46ea-96cd-72903780d43d,100,Infinity,Bob_9 Root,"(3.7, 0.0, -3.3)","(0.0, 0.4, 0.0, -0.9)",MINIMAL,walker,normal,normal,normal,calm,standing
PATIENT_ENGAGED,512819,3/16/2022 11:50,46c273a6-b8be-46ea-96cd-72903780d43d,100,Infinity,Gloria_8 Root,"(3.4, 0.0, -3.1)","(0.0, 0.3, 0.0, -0.9)",DELAYED,walker,normal,normal,normal,calm,standing
TAG_SELECTED,516156,3/16/2022 11:50,46c273a6-b8be-46ea-96cd-72903780d43d,yellow,,,,,,,,,,,
TAG_APPLIED,517244,3/16/2022 11:50,46c273a6-b8be-46ea-96cd-72903780d43d,Gloria_8 Root,yellow,,,,,,,,,,
PULSE_TAKEN,517268,3/16/2022 11:50,46c273a6-b8be-46ea-96cd-72903780d43d,pulse_normal,Gloria_8 Root,,,,,,,,,,
PATIENT_ENGAGED,519024,3/16/2022 11:50,46c273a6-b8be-46ea-96cd-72903780d43d,100,Infinity,Helga_10 Root,"(4.2, 0.0, -3.1)","(0.0, 0.5, 0.0, -0.8)",MINIMAL,walker,normal,normal,normal,calm,standing
BAG_CLOSED,519495,3/16/2022 11:50,46c273a6-b8be-46ea-96cd-72903780d43d,"(2.8, 0.7, -2.4)",,,,,,,,,,,
TELEPORT,519495,3/16/2022 11:50,46c273a6-b8be-46ea-96cd-72903780d43d,"(3.8, 0.0, -1.9)",,,,,,,,,,,
TELEPORT,520167,3/16/2022 11:50,46c273a6-b8be-46ea-96cd-72903780d43d,"(4.1, 0.0, -2.0)",,,,,,,,,,,
PATIENT_ENGAGED,521167,3/16/2022 11:50,46c273a6-b8be-46ea-96cd-72903780d43d,100,Infinity,Gloria_8 Root,"(3.4, 0.0, -3.1)","(0.0, 0.3, 0.0, -0.9)",DELAYED,walker,normal,normal,normal,calm,standing
PULSE_TAKEN,521445,3/16/2022 11:50,46c273a6-b8be-46ea-96cd-72903780d43d,pulse_normal,Gloria_8 Root,,,,,,,,,,
PULSE_TAKEN,521583,3/16/2022 11:50,46c273a6-b8be-46ea-96cd-72903780d43d,pulse_normal,Gloria_8 Root,,,,,,,,,,
PATIENT_ENGAGED,524870,3/16/2022 11:50,46c273a6-b8be-46ea-96cd-72903780d43d,100,Infinity,Helga_10 Root,"(4.2, 0.0, -3.1)","(0.0, 0.5, 0.0, -0.8)",MINIMAL,walker,normal,normal,normal,calm,standing
BAG_ACCESS,525093,3/16/2022 11:50,46c273a6-b8be-46ea-96cd-72903780d43d,"(3.8, 0.7, -2.5)",,,,,,,,,,,
PATIENT_ENGAGED,525176,3/16/2022 11:50,46c273a6-b8be-46ea-96cd-72903780d43d,100,Infinity,Bob_9 Root,"(3.7, 0.0, -3.3)","(0.0, 0.4, 0.0, -0.9)",MINIMAL,walker,normal,normal,normal,calm,standing
TOOL_HOVER,527065,3/16/2022 11:50,46c273a6-b8be-46ea-96cd-72903780d43d,Hemostatic Gauze,999,,,,,,,,,,
TOOL_HOVER,527093,3/16/2022 11:50,46c273a6-b8be-46ea-96cd-72903780d43d,Hemostatic Gauze,999,,,,,,,,,,
TOOL_HOVER,527121,3/16/2022 11:50,46c273a6-b8be-46ea-96cd-72903780d43d,Hemostatic Gauze,999,,,,,,,,,,
TOOL_HOVER,527149,3/16/2022 11:50,46c273a6-b8be-46ea-96cd-72903780d43d,Hemostatic Gauze,999,,,,,,,,,,
TOOL_HOVER,527178,3/16/2022 11:50,46c273a6-b8be-46ea-96cd-72903780d43d,Hemostatic Gauze,999,,,,,,,,,,
TOOL_HOVER,527204,3/16/2022 11:50,46c273a6-b8be-46ea-96cd-72903780d43d,Hemostatic Gauze,999,,,,,,,,,,
TOOL_HOVER,527233,3/16/2022 11:50,46c273a6-b8be-46ea-96cd-72903780d43d,Hemostatic Gauze,999,,,,,,,,,,
TOOL_HOVER,527264,3/16/2022 11:50,46c273a6-b8be-46ea-96cd-72903780d43d,Hemostatic Gauze,999,,,,,,,,,,
TOOL_HOVER,527290,3/16/2022 11:50,46c273a6-b8be-46ea-96cd-72903780d43d,Hemostatic Gauze,999,,,,,,,,,,
TOOL_HOVER,527316,3/16/2022 11:50,46c273a6-b8be-46ea-96cd-72903780d43d,Hemostatic Gauze,999,,,,,,,,,,
TOOL_HOVER,527341,3/16/2022 11:50,46c273a6-b8be-46ea-96cd-72903780d43d,Hemostatic Gauze,999,,,,,,,,,,
TOOL_HOVER,527370,3/16/2022 11:50,46c273a6-b8be-46ea-96cd-72903780d43d,Hemostatic Gauze,999,,,,,,,,,,
TOOL_SELECTED,527371,3/16/2022 11:50,46c273a6-b8be-46ea-96cd-72903780d43d,Hemostatic Gauze,998,,,,,,,,,,
TOOL_DISCARDED,528485,3/16/2022 11:50,46c273a6-b8be-46ea-96cd-72903780d43d,Hemostatic Gauze,998,"(4.1, 1.5, -3.1)",,,,,,,,,
TOOL_DISCARDED,528486,3/16/2022 11:50,46c273a6-b8be-46ea-96cd-72903780d43d,Hemostatic Gauze,999,"(4.1, 1.5, -3.1)",,,,,,,,,
TOOL_HOVER,529377,3/16/2022 11:50,46c273a6-b8be-46ea-96cd-72903780d43d,Gauze,1001,,,,,,,,,,
TOOL_HOVER,529404,3/16/2022 11:50,46c273a6-b8be-46ea-96cd-72903780d43d,Gauze,1001,,,,,,,,,,
TOOL_HOVER,529433,3/16/2022 11:50,46c273a6-b8be-46ea-96cd-72903780d43d,Gauze,1001,,,,,,,,,,
TOOL_HOVER,529462,3/16/2022 11:50,46c273a6-b8be-46ea-96cd-72903780d43d,Gauze,1001,,,,,,,,,,
TOOL_HOVER,529489,3/16/2022 11:50,46c273a6-b8be-46ea-96cd-72903780d43d,Gauze,1001,,,,,,,,,,
TOOL_SELECTED,529490,3/16/2022 11:50,46c273a6-b8be-46ea-96cd-72903780d43d,Gauze,1000,,,,,,,,,,
TOOL_DISCARDED,530185,3/16/2022 11:50,46c273a6-b8be-46ea-96cd-72903780d43d,Gauze,1000,"(4.1, 1.5, -3.1)",,,,,,,,,
TOOL_DISCARDED,530185,3/16/2022 11:50,46c273a6-b8be-46ea-96cd-72903780d43d,Gauze,1001,"(4.1, 1.5, -3.1)",,,,,,,,,
PATIENT_ENGAGED,531463,3/16/2022 11:50,46c273a6-b8be-46ea-96cd-72903780d43d,100,Infinity,Helga_10 Root,"(4.2, 0.0, -3.1)","(0.0, 0.5, 0.0, -0.8)",MINIMAL,walker,normal,normal,normal,calm,standing
PATIENT_ENGAGED,532662,3/16/2022 11:50,46c273a6-b8be-46ea-96cd-72903780d43d,100,Infinity,Bob_9 Root,"(3.7, 0.0, -3.3)","(0.0, 0.4, 0.0, -0.9)",MINIMAL,walker,normal,normal,normal,calm,standing
BAG_CLOSED,533499,3/16/2022 11:50,46c273a6-b8be-46ea-96cd-72903780d43d,"(3.8, 0.7, -2.5)",,,,,,,,,,,
TELEPORT,533500,3/16/2022 11:50,46c273a6-b8be-46ea-96cd-72903780d43d,"(4.0, 0.0, -2.2)",,,,,,,,,,,
TELEPORT,534451,3/16/2022 11:50,46c273a6-b8be-46ea-96cd-72903780d43d,"(3.8, 0.0, -2.3)",,,,,,,,,,,
TELEPORT,534977,3/16/2022 11:50,46c273a6-b8be-46ea-96cd-72903780d43d,"(3.6, 0.0, -2.5)",,,,,,,,,,,
TELEPORT,535728,3/16/2022 11:50,46c273a6-b8be-46ea-96cd-72903780d43d,"(3.2, 0.0, -2.5)",,,,,,,,,,,
TELEPORT,537041,3/16/2022 11:50,46c273a6-b8be-46ea-96cd-72903780d43d,"(3.2, 0.0, -2.9)",,,,,,,,,,,
VOICE_CAPTURE,537288,3/16/2022 11:50,46c273a6-b8be-46ea-96cd-72903780d43d,yoga,NA,,,,,,,,,,
PATIENT_ENGAGED,537343,3/16/2022 11:50,46c273a6-b8be-46ea-96cd-72903780d43d,100,Infinity,Helga_10 Root,"(4.2, 0.0, -3.1)","(0.0, 0.5, 0.0, -0.8)",MINIMAL,walker,normal,normal,normal,calm,standing
PATIENT_ENGAGED,537372,3/16/2022 11:50,46c273a6-b8be-46ea-96cd-72903780d43d,100,Infinity,Bob_9 Root,"(3.7, 0.0, -3.3)","(0.0, 0.4, 0.0, -0.9)",MINIMAL,walker,normal,normal,normal,calm,standing
TELEPORT,537482,3/16/2022 11:50,46c273a6-b8be-46ea-96cd-72903780d43d,"(3.3, 0.0, -2.8)",,,,,,,,,,,
PATIENT_ENGAGED,537624,3/16/2022 11:50,46c273a6-b8be-46ea-96cd-72903780d43d,100,Infinity,Helga_10 Root,"(4.2, 0.0, -3.1)","(0.0, 0.5, 0.0, -0.8)",MINIMAL,walker,normal,normal,normal,calm,standing
TELEPORT,537927,3/16/2022 11:50,46c273a6-b8be-46ea-96cd-72903780d43d,"(3.4, 0.0, -2.7)",,,,,,,,,,,
PATIENT_ENGAGED,538096,3/16/2022 11:50,46c273a6-b8be-46ea-96cd-72903780d43d,100,Infinity,Bob_9 Root,"(3.7, 0.0, -3.3)","(0.0, 0.4, 0.0, -0.9)",MINIMAL,walker,normal,normal,normal,calm,standing
PATIENT_ENGAGED,539602,3/16/2022 11:50,46c273a6-b8be-46ea-96cd-72903780d43d,100,Infinity,Gloria_8 Root,"(3.4, 0.0, -3.1)","(0.0, 0.3, 0.0, -0.9)",DELAYED,walker,normal,normal,normal,calm,standing
PATIENT_ENGAGED,540910,3/16/2022 11:50,46c273a6-b8be-46ea-96cd-72903780d43d,100,Infinity,Bob_9 Root,"(3.7, 0.0, -3.3)","(0.0, 0.4, 0.0, -0.9)",MINIMAL,walker,normal,normal,normal,calm,standing
PATIENT_ENGAGED,540938,3/16/2022 11:50,46c273a6-b8be-46ea-96cd-72903780d43d,100,Infinity,Gloria_8 Root,"(3.4, 0.0, -3.1)","(0.0, 0.3, 0.0, -0.9)",DELAYED,walker,normal,normal,normal,calm,standing
VOICE_CAPTURE,541187,3/16/2022 11:50,46c273a6-b8be-46ea-96cd-72903780d43d,and then this guy doesn't,NA,,,,,,,,,,
TELEPORT,541413,3/16/2022 11:50,46c273a6-b8be-46ea-96cd-72903780d43d,"(4.0, 0.0, -2.0)",,,,,,,,,,,
PATIENT_ENGAGED,542415,3/16/2022 11:50,46c273a6-b8be-46ea-96cd-72903780d43d,100,Infinity,Helga_10 Root,"(4.2, 0.0, -3.1)","(0.0, 0.5, 0.0, -0.8)",MINIMAL,walker,normal,normal,normal,calm,standing
BAG_ACCESS,542832,3/16/2022 11:50,46c273a6-b8be-46ea-96cd-72903780d43d,"(3.8, 0.7, -2.3)",,,,,,,,,,,
TAG_SELECTED,543362,3/16/2022 11:50,46c273a6-b8be-46ea-96cd-72903780d43d,green,,,,,,,,,,,
TAG_APPLIED,543974,3/16/2022 11:50,46c273a6-b8be-46ea-96cd-72903780d43d,Helga_10 Root,green,,,,,,,,,,
TAG_SELECTED,544587,3/16/2022 11:50,46c273a6-b8be-46ea-96cd-72903780d43d,green,,,,,,,,,,,
VOICE_CAPTURE,544808,3/16/2022 11:50,46c273a6-b8be-46ea-96cd-72903780d43d,come here,NA,,,,,,,,,,
VOICE_COMMAND,544808,3/16/2022 11:50,46c273a6-b8be-46ea-96cd-72903780d43d,walk to player,come here,,,,,,,,,,
S_A_L_T_WALK_IF_CAN,544810,3/16/2022 11:50,46c273a6-b8be-46ea-96cd-72903780d43d,"(-1.0, 0.0, 6.0)",walkIfCan,Bob_0 Root,,,,,,,,,
S_A_L_T_WALK_IF_CAN,544810,3/16/2022 11:50,46c273a6-b8be-46ea-96cd-72903780d43d,"(2.0, 0.0, 7.0)",walkIfCan,Gary_1 Root,,,,,,,,,
S_A_L_T_WALK_IF_CAN,544810,3/16/2022 11:50,46c273a6-b8be-46ea-96cd-72903780d43d,"(3.0, 0.0, 4.0)",walkIfCan,Lily_2 Root,,,,,,,,,
S_A_L_T_WALK_IF_CAN,544810,3/16/2022 11:50,46c273a6-b8be-46ea-96cd-72903780d43d,"(0.0, 0.0, 2.0)",walkIfCan,Gary_3 Root,,,,,,,,,
S_A_L_T_WALK_IF_CAN,544810,3/16/2022 11:50,46c273a6-b8be-46ea-96cd-72903780d43d,"(1.4, 0.0, 6.0)",walkIfCan,Lily_4 Root,,,,,,,,,
S_A_L_T_WALK_IF_CAN,544810,3/16/2022 11:50,46c273a6-b8be-46ea-96cd-72903780d43d,"(2.6, 0.0, 2.0)",walkIfCan,Mike_5 Root,,,,,,,,,
S_A_L_T_WALK_IF_CAN,544810,3/16/2022 11:50,46c273a6-b8be-46ea-96cd-72903780d43d,"(-1.0, 0.0, 3.2)",walkIfCan,Gloria_6 Root,,,,,,,,,
S_A_L_T_WALK_IF_CAN,544810,3/16/2022 11:50,46c273a6-b8be-46ea-96cd-72903780d43d,"(1.4, 0.0, 4.0)",walkIfCan,Mike_7 Root,,,,,,,,,
S_A_L_T_WALK_IF_CAN,544811,3/16/2022 11:50,46c273a6-b8be-46ea-96cd-72903780d43d,"(3.4, 0.0, -3.1)",walkIfCan,Gloria_8 Root,,,,,,,,,
S_A_L_T_WALK_IF_CAN,544811,3/16/2022 11:50,46c273a6-b8be-46ea-96cd-72903780d43d,"(3.7, 0.0, -3.3)",walkIfCan,Bob_9 Root,,,,,,,,,
S_A_L_T_WALK_IF_CAN,544811,3/16/2022 11:50,46c273a6-b8be-46ea-96cd-72903780d43d,"(4.2, 0.0, -3.1)",walkIfCan,Helga_10 Root,,,,,,,,,
PATIENT_ENGAGED,545787,3/16/2022 11:50,46c273a6-b8be-46ea-96cd-72903780d43d,100,Infinity,Bob_9 Root,"(4.3, 0.0, -4.2)","(0.0, -0.6, 0.0, -0.8)",MINIMAL,walker,normal,normal,normal,calm,standing
BAG_CLOSED,546147,3/16/2022 11:50,46c273a6-b8be-46ea-96cd-72903780d43d,"(3.8, 0.7, -2.3)",,,,,,,,,,,
TELEPORT,546147,3/16/2022 11:50,46c273a6-b8be-46ea-96cd-72903780d43d,"(4.0, 0.0, -2.0)",,,,,,,,,,,
PATIENT_ENGAGED,546787,3/16/2022 11:50,46c273a6-b8be-46ea-96cd-72903780d43d,100,Infinity,Helga_10 Root,"(4.8, 0.0, -3.7)","(0.0, 1.0, 0.0, -0.2)",MINIMAL,walker,normal,normal,normal,calm,standing
PATIENT_ENGAGED,546870,3/16/2022 11:50,46c273a6-b8be-46ea-96cd-72903780d43d,100,Infinity,Bob_9 Root,"(5.2, 0.0, -4.1)","(0.0, -0.7, 0.0, -0.8)",MINIMAL,walker,normal,normal,normal,calm,standing
TAG_APPLIED,548485,3/16/2022 11:50,46c273a6-b8be-46ea-96cd-72903780d43d,Bob_9 Root,green,,,,,,,,,,
PATIENT_ENGAGED,549683,3/16/2022 11:50,46c273a6-b8be-46ea-96cd-72903780d43d,100,Infinity,Helga_10 Root,"(4.7, 0.0, -3.8)","(0.0, 1.0, 0.0, -0.2)",MINIMAL,walker,normal,normal,normal,calm,standing
TELEPORT,551103,3/16/2022 11:50,46c273a6-b8be-46ea-96cd-72903780d43d,"(4.9, 0.0, -2.4)",,,,,,,,,,,
TELEPORT,551242,3/16/2022 11:50,46c273a6-b8be-46ea-96cd-72903780d43d,"(4.9, 0.0, -2.4)",,,,,,,,,,,
VOICE_CAPTURE,552132,3/16/2022 11:50,46c273a6-b8be-46ea-96cd-72903780d43d,come here come on,NA,,,,,,,,,,
VOICE_COMMAND,552132,3/16/2022 11:50,46c273a6-b8be-46ea-96cd-72903780d43d,walk to player,come here come on,,,,,,,,,,
S_A_L_T_WALK_IF_CAN,552134,3/16/2022 11:50,46c273a6-b8be-46ea-96cd-72903780d43d,"(-1.0, 0.0, 6.0)",walkIfCan,Bob_0 Root,,,,,,,,,
S_A_L_T_WALK_IF_CAN,552134,3/16/2022 11:50,46c273a6-b8be-46ea-96cd-72903780d43d,"(2.0, 0.0, 7.0)",walkIfCan,Gary_1 Root,,,,,,,,,
S_A_L_T_WALK_IF_CAN,552134,3/16/2022 11:50,46c273a6-b8be-46ea-96cd-72903780d43d,"(3.0, 0.0, 4.0)",walkIfCan,Lily_2 Root,,,,,,,,,
S_A_L_T_WALK_IF_CAN,552134,3/16/2022 11:50,46c273a6-b8be-46ea-96cd-72903780d43d,"(0.0, 0.0, 2.0)",walkIfCan,Gary_3 Root,,,,,,,,,
S_A_L_T_WALK_IF_CAN,552134,3/16/2022 11:50,46c273a6-b8be-46ea-96cd-72903780d43d,"(1.4, 0.0, 6.0)",walkIfCan,Lily_4 Root,,,,,,,,,
S_A_L_T_WALK_IF_CAN,552134,3/16/2022 11:50,46c273a6-b8be-46ea-96cd-72903780d43d,"(2.6, 0.0, 2.0)",walkIfCan,Mike_5 Root,,,,,,,,,
S_A_L_T_WALK_IF_CAN,552134,3/16/2022 11:50,46c273a6-b8be-46ea-96cd-72903780d43d,"(-1.0, 0.0, 3.2)",walkIfCan,Gloria_6 Root,,,,,,,,,
S_A_L_T_WALK_IF_CAN,552134,3/16/2022 11:50,46c273a6-b8be-46ea-96cd-72903780d43d,"(1.4, 0.0, 4.0)",walkIfCan,Mike_7 Root,,,,,,,,,
S_A_L_T_WALK_IF_CAN,552134,3/16/2022 11:50,46c273a6-b8be-46ea-96cd-72903780d43d,"(4.0, 0.0, -5.3)",walkIfCan,Gloria_8 Root,,,,,,,,,
S_A_L_T_WALK_IF_CAN,552134,3/16/2022 11:50,46c273a6-b8be-46ea-96cd-72903780d43d,"(5.6, 0.0, -3.3)",walkIfCan,Bob_9 Root,,,,,,,,,
S_A_L_T_WALK_IF_CAN,552134,3/16/2022 11:50,46c273a6-b8be-46ea-96cd-72903780d43d,"(4.7, 0.0, -3.9)",walkIfCan,Helga_10 Root,,,,,,,,,
PATIENT_ENGAGED,553805,3/16/2022 11:50,46c273a6-b8be-46ea-96cd-72903780d43d,100,Infinity,Bob_9 Root,"(4.3, 0.0, -2.3)","(0.0, 0.6, 0.0, -0.8)",MINIMAL,walker,normal,normal,normal,calm,standing
TELEPORT,553917,3/16/2022 11:50,46c273a6-b8be-46ea-96cd-72903780d43d,"(4.7, 0.0, -2.6)",,,,,,,,,,,
TELEPORT,555921,3/16/2022 11:50,46c273a6-b8be-46ea-96cd-72903780d43d,"(4.0, 0.0, 0.6)",,,,,,,,,,,
VOICE_CAPTURE,557201,3/16/2022 11:50,46c273a6-b8be-46ea-96cd-72903780d43d,oh well let's,NA,,,,,,,,,,
TELEPORT,558482,3/16/2022 11:50,46c273a6-b8be-46ea-96cd-72903780d43d,"(4.0, 0.0, 2.0)",,,,,,,,,,,
TELEPORT,559485,3/16/2022 11:50,46c273a6-b8be-46ea-96cd-72903780d43d,"(4.0, 0.0, 2.0)",,,,,,,,,,,
VOICE_CAPTURE,559512,3/16/2022 11:50,46c273a6-b8be-46ea-96cd-72903780d43d,reassess,NA,,,,,,,,,,
TELEPORT,561073,3/16/2022 11:50,46c273a6-b8be-46ea-96cd-72903780d43d,"(4.0, 0.0, 3.9)",,,,,,,,,,,
VOICE_CAPTURE,561714,3/16/2022 11:50,46c273a6-b8be-46ea-96cd-72903780d43d,that media,NA,,,,,,,,,,
VOICE_CAPTURE,563187,3/16/2022 11:50,46c273a6-b8be-46ea-96cd-72903780d43d,media,NA,,,,,,,,,,
VOICE_CAPTURE,567032,3/16/2022 11:50,46c273a6-b8be-46ea-96cd-72903780d43d,mediat,NA,,,,,,,,,,
TELEPORT,567145,3/16/2022 11:50,46c273a6-b8be-46ea-96cd-72903780d43d,"(1.8, 0.0, 4.9)",,,,,,,,,,,
VOICE_CAPTURE,568340,3/16/2022 11:50,46c273a6-b8be-46ea-96cd-72903780d43d,yeah,NA,,,,,,,,,,
PATIENT_ENGAGED,568677,3/16/2022 11:50,46c273a6-b8be-46ea-96cd-72903780d43d,100,Infinity,Gary_1 Root,"(2.0, 0.0, 7.0)","(0.0, 1.0, 0.0, 0.0)",EXPECTANT,still,none,normal,none,unresponsive,supine
TELEPORT,569593,3/16/2022 11:50,46c273a6-b8be-46ea-96cd-72903780d43d,"(2.0, 0.0, 7.1)",,,,,,,,,,,
TELEPORT,571125,3/16/2022 11:51,46c273a6-b8be-46ea-96cd-72903780d43d,"(1.7, 0.0, 7.3)",,,,,,,,,,,
TELEPORT,571822,3/16/2022 11:51,46c273a6-b8be-46ea-96cd-72903780d43d,"(1.6, 0.0, 7.3)",,,,,,,,,,,
VOICE_CAPTURE,577751,3/16/2022 11:51,46c273a6-b8be-46ea-96cd-72903780d43d,sky is moving but he doesn't have a pool so i'm not sure,NA,,,,,,,,,,
VOICE_CAPTURE,581761,3/16/2022 11:51,46c273a6-b8be-46ea-96cd-72903780d43d,is that equal,NA,,,,,,,,,,
PULSE_TAKEN,585855,3/16/2022 11:51,46c273a6-b8be-46ea-96cd-72903780d43d,pulse_none,Gary_1 Root,,,,,,,,,,
BAG_ACCESS,588224,3/16/2022 11:51,46c273a6-b8be-46ea-96cd-72903780d43d,"(1.3, 0.4, 7.1)",,,,,,,,,,,
VOICE_CAPTURE,588613,3/16/2022 11:51,46c273a6-b8be-46ea-96cd-72903780d43d,hey court jester eyes,NA,,,,,,,,,,
TAG_SELECTED,588948,3/16/2022 11:51,46c273a6-b8be-46ea-96cd-72903780d43d,gray,,,,,,,,,,,
TAG_APPLIED,589755,3/16/2022 11:51,46c273a6-b8be-46ea-96cd-72903780d43d,Gary_1 Root,gray,,,,,,,,,,
PULSE_TAKEN,591175,3/16/2022 11:51,46c273a6-b8be-46ea-96cd-72903780d43d,pulse_none,Gary_1 Root,,,,,,,,,,
VOICE_CAPTURE,591982,3/16/2022 11:51,46c273a6-b8be-46ea-96cd-72903780d43d,OK well i guess you'd be more expecting,NA,,,,,,,,,,
BAG_CLOSED,597137,3/16/2022 11:51,46c273a6-b8be-46ea-96cd-72903780d43d,"(1.3, 0.4, 7.1)",,,,,,,,,,,
SESSION_END,602456,3/16/2022 11:51,46c273a6-b8be-46ea-96cd-72903780d43d,,,,,,,,,,,,
