VOICE_CAPTURE,185446,3/15/2022 10:40,0667e56a-abe6-4097-9a56-33735f4855e2,1/2 mile turned around,NA,,,,,,,,,,
VOICE_CAPTURE,193606,3/15/2022 10:40,0667e56a-abe6-4097-9a56-33735f4855e2,number of treated patients number of walking patients number of waving,NA,,,,,,,,,,
VOICE_COMMAND,193606,3/15/2022 10:40,0667e56a-abe6-4097-9a56-33735f4855e2,walk to the safe area,number of treated patients number of walking patients number of waving,,,,,,,,,,
BAG_CLOSED,195112,3/15/2022 10:40,0667e56a-abe6-4097-9a56-33735f4855e2,"(1.6, 0.8, 6.9)",,,,,,,,,,,
PATIENT_DEMOTED,195807,3/15/2022 10:40,0667e56a-abe6-4097-9a56-33735f4855e2,100,Infinity,Bob_0 Root,"(-1.0, 0.0, 6.0)","(0.0, 0.7, 0.0, 0.7)",EXPECTANT,still,faint,restricted,none,unresponsive,supine
PATIENT_DEMOTED,196027,3/15/2022 10:40,0667e56a-abe6-4097-9a56-33735f4855e2,100,Infinity,Bob_0 Root,"(-1.0, 0.0, 6.0)","(0.0, 0.7, 0.0, 0.7)",DEAD,still,none,none,none,dead,supine
PATIENT_DEMOTED,196165,3/15/2022 10:40,0667e56a-abe6-4097-9a56-33735f4855e2,100,Infinity,Gary_1 Root,"(2.0, 0.0, 7.0)","(0.0, 1.0, 0.0, 0.0)",EXPECTANT,still,faint,restricted,none,unresponsive,supine
PATIENT_DEMOTED,196957,3/15/2022 10:40,0667e56a-abe6-4097-9a56-33735f4855e2,100,Infinity,Lily_2 Root,"(3.0, 0.0, 4.0)","(0.0, 1.0, 0.0, 0.0)",IMMEDIATE,waver,fast,fast,normal,agony,fetal
PATIENT_DEMOTED,197610,3/15/2022 10:40,0667e56a-abe6-4097-9a56-33735f4855e2,100,0,Gary_3 Root,"(0.0, 0.0, 2.0)","(0.0, 0.0, 0.0, 1.0)",IMMEDIATE,still,faint,collapsedRight,normal,unresponsive,supine
PATIENT_DEMOTED,198195,3/15/2022 10:40,0667e56a-abe6-4097-9a56-33735f4855e2,100,Infinity,Lily_4 Root,"(1.4, 0.0, 6.0)","(0.0, 1.0, 0.0, 0.0)",IMMEDIATE,waver,fast,normal,normal,upset,fetal
PATIENT_DEMOTED,199089,3/15/2022 10:40,0667e56a-abe6-4097-9a56-33735f4855e2,63.87083,Infinity,Mike_5 Root,"(2.6, 0.0, 2.0)","(0.0, 1.0, 0.0, 0.0)",IMMEDIATE,waver,fast,normal,normal,upset,fetal
PATIENT_DEMOTED,199630,3/15/2022 10:40,0667e56a-abe6-4097-9a56-33735f4855e2,100,Infinity,Gloria_6 Root,"(-1.0, 0.0, 3.2)","(0.0, 0.4, 0.0, 0.9)",IMMEDIATE,waver,fast,normal,normal,upset,fetal
PATIENT_DEMOTED,200041,3/15/2022 10:40,0667e56a-abe6-4097-9a56-33735f4855e2,100,Infinity,Gloria_6 Root,"(-1.0, 0.0, 3.2)","(0.0, 0.4, 0.0, 0.9)",DELAYED,waver,fast,normal,normal,upset,fetal
PATIENT_DEMOTED,200349,3/15/2022 10:40,0667e56a-abe6-4097-9a56-33735f4855e2,63.87083,Infinity,Mike_7 Root,"(1.4, 0.0, 4.0)","(0.0, 0.1, 0.0, 1.0)",IMMEDIATE,waver,fast,normal,normal,upset,sittingGround
PATIENT_DEMOTED,200710,3/15/2022 10:40,0667e56a-abe6-4097-9a56-33735f4855e2,63.87083,Infinity,Mike_7 Root,"(1.4, 0.0, 4.0)","(0.0, 0.1, 0.0, 1.0)",DELAYED,waver,fast,normal,normal,upset,sittingGround
PATIENT_DEMOTED,200963,3/15/2022 10:40,0667e56a-abe6-4097-9a56-33735f4855e2,100,Infinity,Gloria_8 Root,"(4.0, 0.0, 6.0)","(0.0, 1.0, 0.0, 0.0)",DELAYED,walker,normal,normal,normal,upset,sittingGround
VOICE_CAPTURE,202516,3/15/2022 10:40,0667e56a-abe6-4097-9a56-33735f4855e2,walk to the safe area,NA,,,,,,,,,,
VOICE_COMMAND,202516,3/15/2022 10:40,0667e56a-abe6-4097-9a56-33735f4855e2,walk to the safe area,walk to the safe area,,,,,,,,,,
S_A_L_T_WALK_IF_CAN,202518,3/15/2022 10:40,0667e56a-abe6-4097-9a56-33735f4855e2,"(-1.0, 0.0, 6.0)",walkIfCan,Bob_0 Root,,,,,,,,,
S_A_L_T_WALK_IF_CAN,202518,3/15/2022 10:40,0667e56a-abe6-4097-9a56-33735f4855e2,"(2.0, 0.0, 7.0)",walkIfCan,Gary_1 Root,,,,,,,,,
S_A_L_T_WALK_IF_CAN,202518,3/15/2022 10:40,0667e56a-abe6-4097-9a56-33735f4855e2,"(3.0, 0.0, 4.0)",walkIfCan,Lily_2 Root,,,,,,,,,
S_A_L_T_WALK_IF_CAN,202518,3/15/2022 10:40,0667e56a-abe6-4097-9a56-33735f4855e2,"(0.0, 0.0, 2.0)",walkIfCan,Gary_3 Root,,,,,,,,,
S_A_L_T_WALK_IF_CAN,202518,3/15/2022 10:40,0667e56a-abe6-4097-9a56-33735f4855e2,"(1.4, 0.0, 6.0)",walkIfCan,Lily_4 Root,,,,,,,,,
S_A_L_T_WALK_IF_CAN,202518,3/15/2022 10:40,0667e56a-abe6-4097-9a56-33735f4855e2,"(2.6, 0.0, 2.0)",walkIfCan,Mike_5 Root,,,,,,,,,
S_A_L_T_WALK_IF_CAN,202518,3/15/2022 10:40,0667e56a-abe6-4097-9a56-33735f4855e2,"(-1.0, 0.0, 3.2)",walkIfCan,Gloria_6 Root,,,,,,,,,
S_A_L_T_WALK_IF_CAN,202518,3/15/2022 10:40,0667e56a-abe6-4097-9a56-33735f4855e2,"(1.4, 0.0, 4.0)",walkIfCan,Mike_7 Root,,,,,,,,,
S_A_L_T_WALK_IF_CAN,202518,3/15/2022 10:40,0667e56a-abe6-4097-9a56-33735f4855e2,"(4.0, 0.0, 6.0)",walkIfCan,Gloria_8 Root,,,,,,,,,
S_A_L_T_WALKED,202518,3/15/2022 10:40,0667e56a-abe6-4097-9a56-33735f4855e2,"(4.0, 0.0, 6.0)",walked,Gloria_8 Root,,,,,,,,,
S_A_L_T_WALK_IF_CAN,202519,3/15/2022 10:40,0667e56a-abe6-4097-9a56-33735f4855e2,"(2.6, 0.0, 8.0)",walkIfCan,Bob_9 Root,,,,,,,,,
S_A_L_T_WALKED,202519,3/15/2022 10:40,0667e56a-abe6-4097-9a56-33735f4855e2,"(2.6, 0.0, 8.0)",walked,Bob_9 Root,,,,,,,,,
S_A_L_T_WALK_IF_CAN,202519,3/15/2022 10:40,0667e56a-abe6-4097-9a56-33735f4855e2,"(3.9, 0.0, 8.0)",walkIfCan,Helga_10 Root,,,,,,,,,
SESSION_START,204634,3/15/2022 10:40,0667e56a-abe6-4097-9a56-33735f4855e2,,,,,,,,,,,,
PATIENT_RECORD,204635,3/15/2022 10:40,0667e56a-abe6-4097-9a56-33735f4855e2,100,Infinity,Bob_0 Root,"(-1.0, 0.0, 6.0)","(0.0, 0.7, 0.0, 0.7)",DEAD,still,none,none,none,dead,supine
INJURY_RECORD,204635,3/15/2022 10:40,0667e56a-abe6-4097-9a56-33735f4855e2,Face Shrapnel,Bob_0 Root,gauzePressure,high,head,FALSE,FALSE,"(-0.9, 1.8, 5.9)",,,,
INJURY_RECORD,204635,3/15/2022 10:40,0667e56a-abe6-4097-9a56-33735f4855e2,L Wrist Amputation,Bob_0 Root,tourniquet,high,leftArm,FALSE,FALSE,"(-1.1, 1.4, 6.7)",,,,
INJURY_RECORD,204635,3/15/2022 10:40,0667e56a-abe6-4097-9a56-33735f4855e2,L Chest Collapse,Bob_0 Root,decompress,high,chest,FALSE,FALSE,"(0.0, 0.0, 0.0)",,,,
INJURY_RECORD,204635,3/15/2022 10:40,0667e56a-abe6-4097-9a56-33735f4855e2,L Stomach Puncture,Bob_0 Root,woundpack,high,abdomen,FALSE,FALSE,"(-0.9, 1.2, 6.1)",,,,
INJURY_RECORD,204635,3/15/2022 10:40,0667e56a-abe6-4097-9a56-33735f4855e2,R Shin Amputation,Bob_0 Root,tourniquet,high,rightLeg,FALSE,FALSE,"(-1.0, 0.4, 5.9)",,,,
INJURY_RECORD,204635,3/15/2022 10:40,0667e56a-abe6-4097-9a56-33735f4855e2,L Thigh Laceration,Bob_0 Root,gauzePressure,medium,leftLeg,FALSE,FALSE,"(-0.9, 0.7, 6.1)",,,,
PATIENT_RECORD,204635,3/15/2022 10:40,0667e56a-abe6-4097-9a56-33735f4855e2,100,Infinity,Gary_1 Root,"(2.0, 0.0, 7.0)","(0.0, 1.0, 0.0, 0.0)",EXPECTANT,still,none,restricted,none,unresponsive,supine
INJURY_RECORD,204635,3/15/2022 10:40,0667e56a-abe6-4097-9a56-33735f4855e2,Face Shrapnel,Gary_1 Root,gauzePressure,high,head,FALSE,FALSE,"(1.9, 1.7, 6.9)",,,,
PATIENT_RECORD,204635,3/15/2022 10:40,0667e56a-abe6-4097-9a56-33735f4855e2,100,Infinity,Lily_2 Root,"(3.0, 0.0, 4.0)","(0.0, 1.0, 0.0, 0.0)",IMMEDIATE,waver,fast,fast,normal,agony,fetal
INJURY_RECORD,204635,3/15/2022 10:40,0667e56a-abe6-4097-9a56-33735f4855e2,R Shin Amputation,Lily_2 Root,tourniquet,high,rightLeg,FALSE,FALSE,"(2.9, 0.4, 4.0)",,,,
PATIENT_RECORD,204635,3/15/2022 10:40,0667e56a-abe6-4097-9a56-33735f4855e2,100,0,Gary_3 Root,"(0.0, 0.0, 2.0)","(0.0, 0.0, 0.0, 1.0)",IMMEDIATE,still,faint,collapsedRight,normal,unresponsive,supine
INJURY_RECORD,204635,3/15/2022 10:40,0667e56a-abe6-4097-9a56-33735f4855e2,R Chest Collapse,Gary_3 Root,decompress,high,chest,FALSE,FALSE,"(0.0, 0.0, 0.0)",,,,
PATIENT_RECORD,204635,3/15/2022 10:40,0667e56a-abe6-4097-9a56-33735f4855e2,100,Infinity,Lily_4 Root,"(1.4, 0.0, 6.0)","(0.0, 1.0, 0.0, 0.0)",IMMEDIATE,waver,fast,normal,normal,upset,fetal
INJURY_RECORD,204635,3/15/2022 10:40,0667e56a-abe6-4097-9a56-33735f4855e2,L Side Puncture,Lily_4 Root,woundpack,medium,abdomen,FALSE,FALSE,"(1.5, 1.0, 5.9)",,,,
PATIENT_RECORD,204635,3/15/2022 10:40,0667e56a-abe6-4097-9a56-33735f4855e2,63.87083,Infinity,Mike_5 Root,"(2.6, 0.0, 2.0)","(0.0, 1.0, 0.0, 0.0)",IMMEDIATE,waver,fast,normal,normal,upset,fetal
INJURY_RECORD,204635,3/15/2022 10:40,0667e56a-abe6-4097-9a56-33735f4855e2,R Side Puncture,Mike_5 Root,woundpack,medium,abdomen,FALSE,FALSE,"(2.5, 1.2, 1.9)",,,,
INJURY_RECORD,204635,3/15/2022 10:40,0667e56a-abe6-4097-9a56-33735f4855e2,R Thigh Laceration,Mike_5 Root,gauzePressure,medium,rightLeg,FALSE,FALSE,"(2.4, 0.7, 2.0)",,,,
PATIENT_RECORD,204635,3/15/2022 10:40,0667e56a-abe6-4097-9a56-33735f4855e2,100,Infinity,Gloria_6 Root,"(-1.0, 0.0, 3.2)","(0.0, 0.4, 0.0, 0.9)",DELAYED,waver,fast,normal,normal,upset,fetal
INJURY_RECORD,204635,3/15/2022 10:40,0667e56a-abe6-4097-9a56-33735f4855e2,R Calf Shrapnel,Gloria_6 Root,tourniquet,medium,rightLeg,FALSE,FALSE,"(-0.9, 0.3, 3.1)",,,,
PATIENT_RECORD,204635,3/15/2022 10:40,0667e56a-abe6-4097-9a56-33735f4855e2,63.87083,Infinity,Mike_7 Root,"(1.4, 0.0, 4.0)","(0.0, 0.1, 0.0, 1.0)",DELAYED,waver,fast,normal,normal,upset,sittingGround
INJURY_RECORD,204635,3/15/2022 10:40,0667e56a-abe6-4097-9a56-33735f4855e2,L Thigh Puncture,Mike_7 Root,tourniquet,medium,leftLeg,FALSE,FALSE,"(1.4, 0.7, 4.1)",,,,
INJURY_RECORD,204635,3/15/2022 10:40,0667e56a-abe6-4097-9a56-33735f4855e2,R Calf Laceration,Mike_7 Root,gauzePressure,low,rightLeg,FALSE,FALSE,"(1.5, 0.4, 3.9)",,,,
PATIENT_RECORD,204635,3/15/2022 10:40,0667e56a-abe6-4097-9a56-33735f4855e2,100,Infinity,Gloria_8 Root,"(3.9, 0.0, 5.6)","(0.0, 1.0, 0.0, -0.1)",DELAYED,walker,normal,normal,normal,upset,standing
INJURY_RECORD,204635,3/15/2022 10:40,0667e56a-abe6-4097-9a56-33735f4855e2,L Forearm Laceration,Gloria_8 Root,gauzePressure,low,leftArm,FALSE,FALSE,"(4.4, 1.3, 5.4)",,,,
PATIENT_RECORD,204635,3/15/2022 10:40,0667e56a-abe6-4097-9a56-33735f4855e2,100,Infinity,Bob_9 Root,"(3.1, 0.0, 6.6)","(0.0, 1.0, 0.0, 0.1)",MINIMAL,walker,normal,normal,normal,calm,standing
INJURY_RECORD,204635,3/15/2022 10:40,0667e56a-abe6-4097-9a56-33735f4855e2,Ear Bleed,Bob_9 Root,none,low,head,FALSE,FALSE,"(0.0, 0.0, 0.0)",,,,
PATIENT_RECORD,204635,3/15/2022 10:40,0667e56a-abe6-4097-9a56-33735f4855e2,100,Infinity,Helga_10 Root,"(3.9, 0.0, 8.0)","(0.0, 1.0, 0.0, 0.0)",MINIMAL,walker,normal,normal,normal,calm,sittingGround
INJURY_RECORD,204635,3/15/2022 10:40,0667e56a-abe6-4097-9a56-33735f4855e2,Forehead Scrape,Helga_10 Root,gauzePressure,low,head,FALSE,FALSE,"(4.0, 1.5, 7.9)",,,,
VOICE_CAPTURE,211150,3/15/2022 10:40,0667e56a-abe6-4097-9a56-33735f4855e2,alrighty,NA,,,,,,,,,,
TELEPORT,214718,3/15/2022 10:40,0667e56a-abe6-4097-9a56-33735f4855e2,"(4.2, 0.0, -4.9)",,,,,,,,,,,
VOICE_CAPTURE,216084,3/15/2022 10:40,0667e56a-abe6-4097-9a56-33735f4855e2,oh,NA,,,,,,,,,,
VOICE_CAPTURE,221875,3/15/2022 10:40,0667e56a-abe6-4097-9a56-33735f4855e2,let me transport over here that's better,NA,,,,,,,,,,
VOICE_CAPTURE,224214,3/15/2022 10:40,0667e56a-abe6-4097-9a56-33735f4855e2,justin walker,NA,,,,,,,,,,
VOICE_COMMAND,224214,3/15/2022 10:40,0667e56a-abe6-4097-9a56-33735f4855e2,walk to the safe area,justin walker,,,,,,,,,,
S_A_L_T_WALK_IF_CAN,224215,3/15/2022 10:40,0667e56a-abe6-4097-9a56-33735f4855e2,"(-1.0, 0.0, 6.0)",walkIfCan,Bob_0 Root,,,,,,,,,
S_A_L_T_WALK_IF_CAN,224215,3/15/2022 10:40,0667e56a-abe6-4097-9a56-33735f4855e2,"(2.0, 0.0, 7.0)",walkIfCan,Gary_1 Root,,,,,,,,,
S_A_L_T_WALK_IF_CAN,224215,3/15/2022 10:40,0667e56a-abe6-4097-9a56-33735f4855e2,"(3.0, 0.0, 4.0)",walkIfCan,Lily_2 Root,,,,,,,,,
S_A_L_T_WALK_IF_CAN,224215,3/15/2022 10:40,0667e56a-abe6-4097-9a56-33735f4855e2,"(0.0, 0.0, 2.0)",walkIfCan,Gary_3 Root,,,,,,,,,
S_A_L_T_WALK_IF_CAN,224215,3/15/2022 10:40,0667e56a-abe6-4097-9a56-33735f4855e2,"(1.4, 0.0, 6.0)",walkIfCan,Lily_4 Root,,,,,,,,,
S_A_L_T_WALK_IF_CAN,224215,3/15/2022 10:40,0667e56a-abe6-4097-9a56-33735f4855e2,"(2.6, 0.0, 2.0)",walkIfCan,Mike_5 Root,,,,,,,,,
S_A_L_T_WALK_IF_CAN,224215,3/15/2022 10:40,0667e56a-abe6-4097-9a56-33735f4855e2,"(-1.0, 0.0, 3.2)",walkIfCan,Gloria_6 Root,,,,,,,,,
S_A_L_T_WALK_IF_CAN,224216,3/15/2022 10:40,0667e56a-abe6-4097-9a56-33735f4855e2,"(1.4, 0.0, 4.0)",walkIfCan,Mike_7 Root,,,,,,,,,
S_A_L_T_WALK_IF_CAN,224216,3/15/2022 10:40,0667e56a-abe6-4097-9a56-33735f4855e2,"(1.8, 0.0, -3.1)",walkIfCan,Gloria_8 Root,,,,,,,,,
S_A_L_T_WALKED,224216,3/15/2022 10:40,0667e56a-abe6-4097-9a56-33735f4855e2,"(1.8, 0.0, -3.1)",walked,Gloria_8 Root,,,,,,,,,
S_A_L_T_WALK_IF_CAN,224216,3/15/2022 10:40,0667e56a-abe6-4097-9a56-33735f4855e2,"(2.8, 0.0, -3.5)",walkIfCan,Bob_9 Root,,,,,,,,,
S_A_L_T_WALKED,224216,3/15/2022 10:40,0667e56a-abe6-4097-9a56-33735f4855e2,"(2.8, 0.0, -3.5)",walked,Bob_9 Root,,,,,,,,,
S_A_L_T_WALK_IF_CAN,224216,3/15/2022 10:40,0667e56a-abe6-4097-9a56-33735f4855e2,"(3.9, 0.0, 8.0)",walkIfCan,Helga_10 Root,,,,,,,,,
S_A_L_T_WALKED,224216,3/15/2022 10:40,0667e56a-abe6-4097-9a56-33735f4855e2,"(3.9, 0.0, 8.0)",walked,Helga_10 Root,,,,,,,,,
VOICE_CAPTURE,227583,3/15/2022 10:40,0667e56a-abe6-4097-9a56-33735f4855e2,hey can hear my voice,NA,,,,,,,,,,
VOICE_CAPTURE,230618,3/15/2022 10:40,0667e56a-abe6-4097-9a56-33735f4855e2,if you can stand and walk walk over here,NA,,,,,,,,,,
VOICE_COMMAND,230618,3/15/2022 10:40,0667e56a-abe6-4097-9a56-33735f4855e2,walk to the safe area,if you can stand and walk walk over here,,,,,,,,,,
VOICE_COMMAND,230618,3/15/2022 10:40,0667e56a-abe6-4097-9a56-33735f4855e2,stand up,if you can stand and walk walk over here,,,,,,,,,,
VOICE_CAPTURE,238638,3/15/2022 10:40,0667e56a-abe6-4097-9a56-33735f4855e2,if you can stand and walk walk over here,NA,,,,,,,,,,
VOICE_COMMAND,238638,3/15/2022 10:40,0667e56a-abe6-4097-9a56-33735f4855e2,walk to the safe area,if you can stand and walk walk over here,,,,,,,,,,
VOICE_COMMAND,238638,3/15/2022 10:40,0667e56a-abe6-4097-9a56-33735f4855e2,stand up,if you can stand and walk walk over here,,,,,,,,,,
VOICE_CAPTURE,239280,3/15/2022 10:40,0667e56a-abe6-4097-9a56-33735f4855e2,OK,NA,,,,,,,,,,
TELEPORT,242372,3/15/2022 10:41,0667e56a-abe6-4097-9a56-33735f4855e2,"(3.7, 0.0, -4.3)",,,,,,,,,,,
VOICE_CAPTURE,242510,3/15/2022 10:41,0667e56a-abe6-4097-9a56-33735f4855e2,i'm definitely not using that leap thing,NA,,,,,,,,,,
VOICE_CAPTURE,247606,3/15/2022 10:41,0667e56a-abe6-4097-9a56-33735f4855e2,there we go,NA,,,,,,,,,,
VOICE_CAPTURE,250279,3/15/2022 10:41,0667e56a-abe6-4097-9a56-33735f4855e2,ran for me that'd be great who can wave their hand,NA,,,,,,,,,,
VOICE_COMMAND,250279,3/15/2022 10:41,0667e56a-abe6-4097-9a56-33735f4855e2,wave if you can,ran for me that'd be great who can wave their hand,,,,,,,,,,
S_A_L_T_WAVE_IF_CAN,250280,3/15/2022 10:41,0667e56a-abe6-4097-9a56-33735f4855e2,"(-1.0, 0.0, 6.0)",waveIfCan,Bob_0 Root,,,,,,,,,
S_A_L_T_WAVE_IF_CAN,250280,3/15/2022 10:41,0667e56a-abe6-4097-9a56-33735f4855e2,"(2.0, 0.0, 7.0)",waveIfCan,Gary_1 Root,,,,,,,,,
S_A_L_T_WAVE_IF_CAN,250280,3/15/2022 10:41,0667e56a-abe6-4097-9a56-33735f4855e2,"(3.0, 0.0, 4.0)",waveIfCan,Lily_2 Root,,,,,,,,,
S_A_L_T_WAVED,250280,3/15/2022 10:41,0667e56a-abe6-4097-9a56-33735f4855e2,"(3.0, 0.0, 4.0)",waved,Lily_2 Root,,,,,,,,,
S_A_L_T_WAVE_IF_CAN,250280,3/15/2022 10:41,0667e56a-abe6-4097-9a56-33735f4855e2,"(0.0, 0.0, 2.0)",waveIfCan,Gary_3 Root,,,,,,,,,
S_A_L_T_WAVE_IF_CAN,250280,3/15/2022 10:41,0667e56a-abe6-4097-9a56-33735f4855e2,"(1.4, 0.0, 6.0)",waveIfCan,Lily_4 Root,,,,,,,,,
S_A_L_T_WAVED,250280,3/15/2022 10:41,0667e56a-abe6-4097-9a56-33735f4855e2,"(1.4, 0.0, 6.0)",waved,Lily_4 Root,,,,,,,,,
S_A_L_T_WAVE_IF_CAN,250281,3/15/2022 10:41,0667e56a-abe6-4097-9a56-33735f4855e2,"(2.6, 0.0, 2.0)",waveIfCan,Mike_5 Root,,,,,,,,,
S_A_L_T_WAVED,250281,3/15/2022 10:41,0667e56a-abe6-4097-9a56-33735f4855e2,"(2.6, 0.0, 2.0)",waved,Mike_5 Root,,,,,,,,,
S_A_L_T_WAVE_IF_CAN,250281,3/15/2022 10:41,0667e56a-abe6-4097-9a56-33735f4855e2,"(-1.0, 0.0, 3.2)",waveIfCan,Gloria_6 Root,,,,,,,,,
S_A_L_T_WAVED,250281,3/15/2022 10:41,0667e56a-abe6-4097-9a56-33735f4855e2,"(-1.0, 0.0, 3.2)",waved,Gloria_6 Root,,,,,,,,,
S_A_L_T_WAVE_IF_CAN,250281,3/15/2022 10:41,0667e56a-abe6-4097-9a56-33735f4855e2,"(1.4, 0.0, 4.0)",waveIfCan,Mike_7 Root,,,,,,,,,
S_A_L_T_WAVED,250281,3/15/2022 10:41,0667e56a-abe6-4097-9a56-33735f4855e2,"(1.4, 0.0, 4.0)",waved,Mike_7 Root,,,,,,,,,
S_A_L_T_WAVE_IF_CAN,250281,3/15/2022 10:41,0667e56a-abe6-4097-9a56-33735f4855e2,"(1.8, 0.0, -3.1)",waveIfCan,Gloria_8 Root,,,,,,,,,
S_A_L_T_WAVED,250281,3/15/2022 10:41,0667e56a-abe6-4097-9a56-33735f4855e2,"(1.8, 0.0, -3.1)",waved,Gloria_8 Root,,,,,,,,,
S_A_L_T_WAVE_IF_CAN,250281,3/15/2022 10:41,0667e56a-abe6-4097-9a56-33735f4855e2,"(2.8, 0.0, -3.5)",waveIfCan,Bob_9 Root,,,,,,,,,
S_A_L_T_WAVED,250281,3/15/2022 10:41,0667e56a-abe6-4097-9a56-33735f4855e2,"(2.8, 0.0, -3.5)",waved,Bob_9 Root,,,,,,,,,
S_A_L_T_WAVE_IF_CAN,250281,3/15/2022 10:41,0667e56a-abe6-4097-9a56-33735f4855e2,"(4.2, 0.0, -4.5)",waveIfCan,Helga_10 Root,,,,,,,,,
S_A_L_T_WAVED,250281,3/15/2022 10:41,0667e56a-abe6-4097-9a56-33735f4855e2,"(4.2, 0.0, -4.5)",waved,Helga_10 Root,,,,,,,,,
VOICE_CAPTURE,259076,3/15/2022 10:41,0667e56a-abe6-4097-9a56-33735f4855e2,alright we got some waving hands OK so i'm down some over there OK,NA,,,,,,,,,,
VOICE_CAPTURE,261642,3/15/2022 10:41,0667e56a-abe6-4097-9a56-33735f4855e2,alright i'm gonna start tagging people,NA,,,,,,,,,,
BAG_ACCESS,263788,3/15/2022 10:41,0667e56a-abe6-4097-9a56-33735f4855e2,"(0.2, 0.8, 5.1)",,,,,,,,,,,
VOICE_CAPTURE,265320,3/15/2022 10:41,0667e56a-abe6-4097-9a56-33735f4855e2,keep waving your hands for me,NA,,,,,,,,,,
TAG_SELECTED,268132,3/15/2022 10:41,0667e56a-abe6-4097-9a56-33735f4855e2,red,,,,,,,,,,,
TAG_APPLIED,269913,3/15/2022 10:41,0667e56a-abe6-4097-9a56-33735f4855e2,Mike_7 Root,red,,,,,,,,,,
VOICE_CAPTURE,271829,3/15/2022 10:41,0667e56a-abe6-4097-9a56-33735f4855e2,all right this guy's got a pretty bad believe right here,NA,,,,,,,,,,
TAG_SELECTED,273642,3/15/2022 10:41,0667e56a-abe6-4097-9a56-33735f4855e2,red,,,,,,,,,,,
VOICE_CAPTURE,275395,3/15/2022 10:41,0667e56a-abe6-4097-9a56-33735f4855e2,he's been really attention that lady's gotta,NA,,,,,,,,,,
TAG_APPLIED,276148,3/15/2022 10:41,0667e56a-abe6-4097-9a56-33735f4855e2,Mike_7 Root,red,,,,,,,,,,
BAG_CLOSED,276261,3/15/2022 10:41,0667e56a-abe6-4097-9a56-33735f4855e2,"(0.2, 0.8, 5.1)",,,,,,,,,,,
TELEPORT,279101,3/15/2022 10:41,0667e56a-abe6-4097-9a56-33735f4855e2,"(-1.0, 0.0, 5.4)",,,,,,,,,,,
VOICE_CAPTURE,286318,3/15/2022 10:41,0667e56a-abe6-4097-9a56-33735f4855e2,yeah i'm trying,NA,,,,,,,,,,
TELEPORT,288012,3/15/2022 10:41,0667e56a-abe6-4097-9a56-33735f4855e2,"(-1.0, 0.0, 5.4)",,,,,,,,,,,
TELEPORT,288737,3/15/2022 10:41,0667e56a-abe6-4097-9a56-33735f4855e2,"(-1.0, 0.0, 5.4)",,,,,,,,,,,
VOICE_CAPTURE,293305,3/15/2022 10:41,0667e56a-abe6-4097-9a56-33735f4855e2,oh there we go OK,NA,,,,,,,,,,
TELEPORT,293389,3/15/2022 10:41,0667e56a-abe6-4097-9a56-33735f4855e2,"(2.4, 0.0, 3.5)",,,,,,,,,,,
BAG_ACCESS,294670,3/15/2022 10:41,0667e56a-abe6-4097-9a56-33735f4855e2,"(3.6, 0.9, 3.2)",,,,,,,,,,,
VOICE_CAPTURE,295116,3/15/2022 10:41,0667e56a-abe6-4097-9a56-33735f4855e2,there we go,NA,,,,,,,,,,
VOICE_CAPTURE,295811,3/15/2022 10:41,0667e56a-abe6-4097-9a56-33735f4855e2,OK,NA,,,,,,,,,,
VOICE_CAPTURE,298372,3/15/2022 10:41,0667e56a-abe6-4097-9a56-33735f4855e2,oh i can kneel down as well,NA,,,,,,,,,,
TAG_SELECTED,298625,3/15/2022 10:41,0667e56a-abe6-4097-9a56-33735f4855e2,red,,,,,,,,,,,
TAG_APPLIED,300076,3/15/2022 10:41,0667e56a-abe6-4097-9a56-33735f4855e2,Lily_2 Root,red,,,,,,,,,,
VOICE_CAPTURE,300409,3/15/2022 10:41,0667e56a-abe6-4097-9a56-33735f4855e2,alrighty,NA,,,,,,,,,,
BAG_CLOSED,306057,3/15/2022 10:42,0667e56a-abe6-4097-9a56-33735f4855e2,"(3.6, 0.8, 3.5)",,,,,,,,,,,
TELEPORT,306057,3/15/2022 10:42,0667e56a-abe6-4097-9a56-33735f4855e2,"(2.4, 0.0, 3.5)",,,,,,,,,,,
PATIENT_ENGAGED,307174,3/15/2022 10:42,0667e56a-abe6-4097-9a56-33735f4855e2,63.87083,Infinity,Mike_5 Root,"(2.6, 0.0, 2.0)","(0.0, 1.0, 0.0, 0.0)",IMMEDIATE,waver,fast,normal,normal,calm,fetal
TELEPORT,308007,3/15/2022 10:42,0667e56a-abe6-4097-9a56-33735f4855e2,"(2.4, 0.0, 3.5)",,,,,,,,,,,
TELEPORT,308342,3/15/2022 10:42,0667e56a-abe6-4097-9a56-33735f4855e2,"(2.4, 0.0, 3.5)",,,,,,,,,,,
VOICE_CAPTURE,308758,3/15/2022 10:42,0667e56a-abe6-4097-9a56-33735f4855e2,triage NG anybody else those people are unresponsive this guy is also bleeding pretty bad,NA,,,,,,,,,,
BAG_ACCESS,309234,3/15/2022 10:42,0667e56a-abe6-4097-9a56-33735f4855e2,"(2.6, 0.9, 3.7)",,,,,,,,,,,
TAG_SELECTED,309901,3/15/2022 10:42,0667e56a-abe6-4097-9a56-33735f4855e2,red,,,,,,,,,,,
BAG_CLOSED,312048,3/15/2022 10:42,0667e56a-abe6-4097-9a56-33735f4855e2,"(2.6, 0.9, 3.7)",,,,,,,,,,,
TAG_APPLIED,313106,3/15/2022 10:42,0667e56a-abe6-4097-9a56-33735f4855e2,Mike_5 Root,red,,,,,,,,,,
VOICE_CAPTURE,313188,3/15/2022 10:42,0667e56a-abe6-4097-9a56-33735f4855e2,tagging,NA,,,,,,,,,,
TELEPORT,318672,3/15/2022 10:42,0667e56a-abe6-4097-9a56-33735f4855e2,"(1.6, 0.0, 4.2)",,,,,,,,,,,
TELEPORT,320205,3/15/2022 10:42,0667e56a-abe6-4097-9a56-33735f4855e2,"(2.2, 0.0, 6.0)",,,,,,,,,,,
VOICE_CAPTURE,323017,3/15/2022 10:42,0667e56a-abe6-4097-9a56-33735f4855e2,can we just go ahead and address everyone like while i'm doing this oh OK i didn't know if we had to tag everyone first,NA,,,,,,,,,,
BAG_ACCESS,324578,3/15/2022 10:42,0667e56a-abe6-4097-9a56-33735f4855e2,"(1.7, 0.8, 5.0)",,,,,,,,,,,
BAG_ACCESS,324884,3/15/2022 10:42,0667e56a-abe6-4097-9a56-33735f4855e2,"(1.7, 0.8, 5.0)",,,,,,,,,,,
VOICE_CAPTURE,327029,3/15/2022 10:42,0667e56a-abe6-4097-9a56-33735f4855e2,alrighty,NA,,,,,,,,,,
TOOL_HOVER,328343,3/15/2022 10:42,0667e56a-abe6-4097-9a56-33735f4855e2,Gauze,1002,,,,,,,,,,
TOOL_HOVER,328371,3/15/2022 10:42,0667e56a-abe6-4097-9a56-33735f4855e2,Gauze,1002,,,,,,,,,,
TOOL_HOVER,328394,3/15/2022 10:42,0667e56a-abe6-4097-9a56-33735f4855e2,Gauze,1002,,,,,,,,,,
TOOL_HOVER,328421,3/15/2022 10:42,0667e56a-abe6-4097-9a56-33735f4855e2,Gauze,1002,,,,,,,,,,
TOOL_HOVER,328450,3/15/2022 10:42,0667e56a-abe6-4097-9a56-33735f4855e2,Gauze,1002,,,,,,,,,,
TOOL_HOVER,328476,3/15/2022 10:42,0667e56a-abe6-4097-9a56-33735f4855e2,Gauze,1002,,,,,,,,,,
TOOL_HOVER,328504,3/15/2022 10:42,0667e56a-abe6-4097-9a56-33735f4855e2,Gauze,1002,,,,,,,,,,
TOOL_HOVER,328532,3/15/2022 10:42,0667e56a-abe6-4097-9a56-33735f4855e2,Tourniquet,998,,,,,,,,,,
TOOL_HOVER,328560,3/15/2022 10:42,0667e56a-abe6-4097-9a56-33735f4855e2,Tourniquet,998,,,,,,,,,,
TOOL_HOVER,328591,3/15/2022 10:42,0667e56a-abe6-4097-9a56-33735f4855e2,Tourniquet,998,,,,,,,,,,
TOOL_HOVER,328616,3/15/2022 10:42,0667e56a-abe6-4097-9a56-33735f4855e2,Tourniquet,998,,,,,,,,,,
TOOL_HOVER,328644,3/15/2022 10:42,0667e56a-abe6-4097-9a56-33735f4855e2,Tourniquet,998,,,,,,,,,,
TOOL_HOVER,328672,3/15/2022 10:42,0667e56a-abe6-4097-9a56-33735f4855e2,Tourniquet,998,,,,,,,,,,
TOOL_HOVER,328700,3/15/2022 10:42,0667e56a-abe6-4097-9a56-33735f4855e2,Tourniquet,998,,,,,,,,,,
TOOL_HOVER,328727,3/15/2022 10:42,0667e56a-abe6-4097-9a56-33735f4855e2,Tourniquet,998,,,,,,,,,,
TOOL_SELECTED,328729,3/15/2022 10:42,0667e56a-abe6-4097-9a56-33735f4855e2,Tourniquet,997,,,,,,,,,,
PATIENT_ENGAGED,329814,3/15/2022 10:42,0667e56a-abe6-4097-9a56-33735f4855e2,63.87083,Infinity,Mike_7 Root,"(1.4, 0.0, 4.0)","(0.0, 0.1, 0.0, 1.0)",DELAYED,waver,fast,normal,normal,calm,sittingGround
TOOL_DISCARDED,332264,3/15/2022 10:42,0667e56a-abe6-4097-9a56-33735f4855e2,Tourniquet,997,"(0.9, 0.3, 4.1)",,,,,,,,,
VOICE_CAPTURE,332652,3/15/2022 10:42,0667e56a-abe6-4097-9a56-33735f4855e2,sorry this guy is bleeding let me put on a tourniquet here,NA,,,,,,,,,,
TOOL_HOVER,334019,3/15/2022 10:42,0667e56a-abe6-4097-9a56-33735f4855e2,Tourniquet,998,,,,,,,,,,
TOOL_HOVER,334046,3/15/2022 10:42,0667e56a-abe6-4097-9a56-33735f4855e2,Tourniquet,998,,,,,,,,,,
TOOL_HOVER,334076,3/15/2022 10:42,0667e56a-abe6-4097-9a56-33735f4855e2,Tourniquet,998,,,,,,,,,,
TOOL_HOVER,334102,3/15/2022 10:42,0667e56a-abe6-4097-9a56-33735f4855e2,Tourniquet,998,,,,,,,,,,
TOOL_HOVER,334129,3/15/2022 10:42,0667e56a-abe6-4097-9a56-33735f4855e2,Tourniquet,998,,,,,,,,,,
TOOL_HOVER,334161,3/15/2022 10:42,0667e56a-abe6-4097-9a56-33735f4855e2,Tourniquet,998,,,,,,,,,,
TOOL_HOVER,334191,3/15/2022 10:42,0667e56a-abe6-4097-9a56-33735f4855e2,Tourniquet,998,,,,,,,,,,
TOOL_HOVER,334213,3/15/2022 10:42,0667e56a-abe6-4097-9a56-33735f4855e2,Tourniquet,998,,,,,,,,,,
TOOL_HOVER,334244,3/15/2022 10:42,0667e56a-abe6-4097-9a56-33735f4855e2,Tourniquet,998,,,,,,,,,,
TOOL_SELECTED,334246,3/15/2022 10:42,0667e56a-abe6-4097-9a56-33735f4855e2,Tourniquet,997,,,,,,,,,,
VOICE_CAPTURE,336773,3/15/2022 10:42,0667e56a-abe6-4097-9a56-33735f4855e2,already serving apply this train ticket that didn't work,NA,,,,,,,,,,
INJURY_TREATED,338445,3/15/2022 10:42,0667e56a-abe6-4097-9a56-33735f4855e2,L Thigh Puncture,Mike_7 Root,tourniquet,medium,leftLeg,TRUE,FALSE,"(0.8, 0.1, 4.1)",,,,
TOOL_APPLIED,338445,3/15/2022 10:42,0667e56a-abe6-4097-9a56-33735f4855e2,Mike_7 Root,Tourniquet,LeftUpLeg (UnityEngine.GameObject),tor_ring (1) (UnityEngine.GameObject),tourniquet(Clone) (UnityEngine.GameObject),AppliedTourniquet,,,,,,
VOICE_CAPTURE,340979,3/15/2022 10:42,0667e56a-abe6-4097-9a56-33735f4855e2,there we go,NA,,,,,,,,,,
BAG_CLOSED,343069,3/15/2022 10:42,0667e56a-abe6-4097-9a56-33735f4855e2,"(1.7, 0.8, 5.0)",,,,,,,,,,,
TELEPORT,343069,3/15/2022 10:42,0667e56a-abe6-4097-9a56-33735f4855e2,"(3.1, 0.0, 4.5)",,,,,,,,,,,
VOICE_CAPTURE,343987,3/15/2022 10:42,0667e56a-abe6-4097-9a56-33735f4855e2,alrighty this guy should be good,NA,,,,,,,,,,
PATIENT_ENGAGED,344990,3/15/2022 10:42,0667e56a-abe6-4097-9a56-33735f4855e2,100,Infinity,Lily_4 Root,"(1.4, 0.0, 6.0)","(0.0, 1.0, 0.0, 0.0)",IMMEDIATE,waver,fast,normal,normal,calm,fetal
TELEPORT,346244,3/15/2022 10:42,0667e56a-abe6-4097-9a56-33735f4855e2,"(3.2, 0.0, 5.8)",,,,,,,,,,,
BAG_ACCESS,347031,3/15/2022 10:42,0667e56a-abe6-4097-9a56-33735f4855e2,"(1.6, 0.8, 5.9)",,,,,,,,,,,
TELEPORT,347333,3/15/2022 10:42,0667e56a-abe6-4097-9a56-33735f4855e2,"(3.2, 0.0, 5.8)",,,,,,,,,,,
VOICE_CAPTURE,349918,3/15/2022 10:42,0667e56a-abe6-4097-9a56-33735f4855e2,this lady had quite some pressure here,NA,,,,,,,,,,
TOOL_HOVER,350224,3/15/2022 10:42,0667e56a-abe6-4097-9a56-33735f4855e2,Hemostatic Gauze,1000,,,,,,,,,,
TOOL_HOVER,350253,3/15/2022 10:42,0667e56a-abe6-4097-9a56-33735f4855e2,Hemostatic Gauze,1000,,,,,,,,,,
TOOL_HOVER,350282,3/15/2022 10:42,0667e56a-abe6-4097-9a56-33735f4855e2,Hemostatic Gauze,1000,,,,,,,,,,
TOOL_HOVER,350308,3/15/2022 10:42,0667e56a-abe6-4097-9a56-33735f4855e2,Hemostatic Gauze,1000,,,,,,,,,,
TOOL_HOVER,350336,3/15/2022 10:42,0667e56a-abe6-4097-9a56-33735f4855e2,Hemostatic Gauze,1000,,,,,,,,,,
TOOL_HOVER,350364,3/15/2022 10:42,0667e56a-abe6-4097-9a56-33735f4855e2,Hemostatic Gauze,1000,,,,,,,,,,
TOOL_SELECTED,350366,3/15/2022 10:42,0667e56a-abe6-4097-9a56-33735f4855e2,Hemostatic Gauze,999,,,,,,,,,,
TOOL_DISCARDED,354626,3/15/2022 10:42,0667e56a-abe6-4097-9a56-33735f4855e2,Hemostatic Gauze,999,"(1.1, 0.3, 6.2)",,,,,,,,,
INJURY_TREATED,354626,3/15/2022 10:42,0667e56a-abe6-4097-9a56-33735f4855e2,L Side Puncture,Lily_4 Root,woundpack,medium,abdomen,TRUE,FALSE,"(1.1, 0.2, 6.3)",,,,
TOOL_APPLIED,354626,3/15/2022 10:42,0667e56a-abe6-4097-9a56-33735f4855e2,Lily_4 Root,Gauze_Pack,skinCollider_BodyLOD (UnityEngine.GameObject),null,null,AppliedPackingGauze,,,,,,
PULSE_TAKEN,355879,3/15/2022 10:42,0667e56a-abe6-4097-9a56-33735f4855e2,pulse_fast,Lily_4 Root,,,,,,,,,,
PULSE_TAKEN,356129,3/15/2022 10:42,0667e56a-abe6-4097-9a56-33735f4855e2,pulse_fast,Lily_4 Root,,,,,,,,,,
TOOL_HOVER,359026,3/15/2022 10:42,0667e56a-abe6-4097-9a56-33735f4855e2,Needle,999,,,,,,,,,,
TOOL_HOVER,359054,3/15/2022 10:42,0667e56a-abe6-4097-9a56-33735f4855e2,Needle,999,,,,,,,,,,
VOICE_CAPTURE,359080,3/15/2022 10:42,0667e56a-abe6-4097-9a56-33735f4855e2,alright man hold pressure on that,NA,,,,,,,,,,
TOOL_HOVER,359082,3/15/2022 10:42,0667e56a-abe6-4097-9a56-33735f4855e2,Needle,999,,,,,,,,,,
TOOL_HOVER,359112,3/15/2022 10:42,0667e56a-abe6-4097-9a56-33735f4855e2,Needle,999,,,,,,,,,,
TOOL_HOVER,359137,3/15/2022 10:42,0667e56a-abe6-4097-9a56-33735f4855e2,Needle,999,,,,,,,,,,
TOOL_HOVER,359165,3/15/2022 10:42,0667e56a-abe6-4097-9a56-33735f4855e2,Needle,999,,,,,,,,,,
TOOL_HOVER,359193,3/15/2022 10:42,0667e56a-abe6-4097-9a56-33735f4855e2,Needle,999,,,,,,,,,,
TOOL_HOVER,359222,3/15/2022 10:42,0667e56a-abe6-4097-9a56-33735f4855e2,Nasal Airway,999,,,,,,,,,,
TOOL_HOVER,359249,3/15/2022 10:42,0667e56a-abe6-4097-9a56-33735f4855e2,Nasal Airway,999,,,,,,,,,,
TOOL_HOVER,359278,3/15/2022 10:42,0667e56a-abe6-4097-9a56-33735f4855e2,Nasal Airway,999,,,,,,,,,,
TOOL_HOVER,359305,3/15/2022 10:42,0667e56a-abe6-4097-9a56-33735f4855e2,Nasal Airway,999,,,,,,,,,,
TOOL_HOVER,359333,3/15/2022 10:42,0667e56a-abe6-4097-9a56-33735f4855e2,Nasal Airway,999,,,,,,,,,,
TOOL_HOVER,359362,3/15/2022 10:42,0667e56a-abe6-4097-9a56-33735f4855e2,Nasal Airway,999,,,,,,,,,,
TOOL_HOVER,359390,3/15/2022 10:42,0667e56a-abe6-4097-9a56-33735f4855e2,Nasal Airway,999,,,,,,,,,,
TOOL_HOVER,359415,3/15/2022 10:42,0667e56a-abe6-4097-9a56-33735f4855e2,Nasal Airway,999,,,,,,,,,,
TOOL_HOVER,359445,3/15/2022 10:42,0667e56a-abe6-4097-9a56-33735f4855e2,Nasal Airway,999,,,,,,,,,,
TOOL_HOVER,359472,3/15/2022 10:42,0667e56a-abe6-4097-9a56-33735f4855e2,Nasal Airway,999,,,,,,,,,,
TOOL_HOVER,359498,3/15/2022 10:42,0667e56a-abe6-4097-9a56-33735f4855e2,Nasal Airway,999,,,,,,,,,,
VOICE_CAPTURE,362088,3/15/2022 10:43,0667e56a-abe6-4097-9a56-33735f4855e2,she should be OK,NA,,,,,,,,,,
BAG_CLOSED,362398,3/15/2022 10:43,0667e56a-abe6-4097-9a56-33735f4855e2,"(1.7, 0.8, 5.9)",,,,,,,,,,,
VOICE_CAPTURE,364897,3/15/2022 10:43,0667e56a-abe6-4097-9a56-33735f4855e2,this guy is brilliant sir can you wave your arms,NA,,,,,,,,,,
VOICE_COMMAND,364897,3/15/2022 10:43,0667e56a-abe6-4097-9a56-33735f4855e2,wave if you can,this guy is brilliant sir can you wave your arms,,,,,,,,,,
BAG_ACCESS,368853,3/15/2022 10:43,0667e56a-abe6-4097-9a56-33735f4855e2,"(2.4, 0.8, 4.8)",,,,,,,,,,,
TOOL_HOVER,369523,3/15/2022 10:43,0667e56a-abe6-4097-9a56-33735f4855e2,Gauze,1002,,,,,,,,,,
TOOL_HOVER,369550,3/15/2022 10:43,0667e56a-abe6-4097-9a56-33735f4855e2,Gauze,1002,,,,,,,,,,
TOOL_HOVER,369581,3/15/2022 10:43,0667e56a-abe6-4097-9a56-33735f4855e2,Gauze,1002,,,,,,,,,,
TOOL_HOVER,369608,3/15/2022 10:43,0667e56a-abe6-4097-9a56-33735f4855e2,Gauze,1002,,,,,,,,,,
TOOL_HOVER,369635,3/15/2022 10:43,0667e56a-abe6-4097-9a56-33735f4855e2,Gauze,1002,,,,,,,,,,
TOOL_HOVER,369663,3/15/2022 10:43,0667e56a-abe6-4097-9a56-33735f4855e2,Gauze,1002,,,,,,,,,,
TOOL_HOVER,369689,3/15/2022 10:43,0667e56a-abe6-4097-9a56-33735f4855e2,Gauze,1002,,,,,,,,,,
TOOL_HOVER,369717,3/15/2022 10:43,0667e56a-abe6-4097-9a56-33735f4855e2,Gauze,1002,,,,,,,,,,
TOOL_HOVER,369745,3/15/2022 10:43,0667e56a-abe6-4097-9a56-33735f4855e2,Gauze,1002,,,,,,,,,,
TOOL_HOVER,369773,3/15/2022 10:43,0667e56a-abe6-4097-9a56-33735f4855e2,Gauze,1002,,,,,,,,,,
TOOL_SELECTED,369775,3/15/2022 10:43,0667e56a-abe6-4097-9a56-33735f4855e2,Gauze,1001,,,,,,,,,,
VOICE_CAPTURE,370051,3/15/2022 10:43,0667e56a-abe6-4097-9a56-33735f4855e2,alright that guys good this lady needs a turnock it,NA,,,,,,,,,,
TOOL_DISCARDED,370751,3/15/2022 10:43,0667e56a-abe6-4097-9a56-33735f4855e2,Gauze,1001,"(2.6, 1.2, 4.3)",,,,,,,,,
TOOL_DISCARDED,370751,3/15/2022 10:43,0667e56a-abe6-4097-9a56-33735f4855e2,Gauze,1002,"(2.6, 1.2, 4.3)",,,,,,,,,
TOOL_HOVER,370832,3/15/2022 10:43,0667e56a-abe6-4097-9a56-33735f4855e2,Gauze,1003,,,,,,,,,,
TOOL_HOVER,370861,3/15/2022 10:43,0667e56a-abe6-4097-9a56-33735f4855e2,Gauze,1003,,,,,,,,,,
TOOL_HOVER,370887,3/15/2022 10:43,0667e56a-abe6-4097-9a56-33735f4855e2,Gauze,1003,,,,,,,,,,
TOOL_HOVER,370916,3/15/2022 10:43,0667e56a-abe6-4097-9a56-33735f4855e2,Gauze,1003,,,,,,,,,,
TOOL_HOVER,370944,3/15/2022 10:43,0667e56a-abe6-4097-9a56-33735f4855e2,Gauze,1003,,,,,,,,,,
TOOL_HOVER,370976,3/15/2022 10:43,0667e56a-abe6-4097-9a56-33735f4855e2,Gauze,1003,,,,,,,,,,
TOOL_HOVER,371001,3/15/2022 10:43,0667e56a-abe6-4097-9a56-33735f4855e2,Gauze,1003,,,,,,,,,,
TOOL_HOVER,371028,3/15/2022 10:43,0667e56a-abe6-4097-9a56-33735f4855e2,Gauze,1003,,,,,,,,,,
TOOL_HOVER,371055,3/15/2022 10:43,0667e56a-abe6-4097-9a56-33735f4855e2,Gauze,1003,,,,,,,,,,
TOOL_HOVER,371083,3/15/2022 10:43,0667e56a-abe6-4097-9a56-33735f4855e2,Gauze,1003,,,,,,,,,,
TOOL_HOVER,371113,3/15/2022 10:43,0667e56a-abe6-4097-9a56-33735f4855e2,Gauze,1003,,,,,,,,,,
TOOL_HOVER,371138,3/15/2022 10:43,0667e56a-abe6-4097-9a56-33735f4855e2,Gauze,1003,,,,,,,,,,
TOOL_HOVER,371166,3/15/2022 10:43,0667e56a-abe6-4097-9a56-33735f4855e2,Gauze,1003,,,,,,,,,,
TOOL_HOVER,371195,3/15/2022 10:43,0667e56a-abe6-4097-9a56-33735f4855e2,Gauze,1003,,,,,,,,,,
TOOL_HOVER,371224,3/15/2022 10:43,0667e56a-abe6-4097-9a56-33735f4855e2,Tourniquet,997,,,,,,,,,,
TOOL_HOVER,371249,3/15/2022 10:43,0667e56a-abe6-4097-9a56-33735f4855e2,Tourniquet,997,,,,,,,,,,
TOOL_HOVER,371278,3/15/2022 10:43,0667e56a-abe6-4097-9a56-33735f4855e2,Tourniquet,997,,,,,,,,,,
TOOL_HOVER,371306,3/15/2022 10:43,0667e56a-abe6-4097-9a56-33735f4855e2,Tourniquet,997,,,,,,,,,,
TOOL_HOVER,371336,3/15/2022 10:43,0667e56a-abe6-4097-9a56-33735f4855e2,Tourniquet,997,,,,,,,,,,
TOOL_SELECTED,371337,3/15/2022 10:43,0667e56a-abe6-4097-9a56-33735f4855e2,Tourniquet,996,,,,,,,,,,
PATIENT_ENGAGED,374870,3/15/2022 10:43,0667e56a-abe6-4097-9a56-33735f4855e2,100,Infinity,Lily_2 Root,"(3.0, 0.0, 4.0)","(0.0, 1.0, 0.0, 0.0)",IMMEDIATE,waver,fast,fast,normal,calm,fetal
INJURY_TREATED,375371,3/15/2022 10:43,0667e56a-abe6-4097-9a56-33735f4855e2,R Shin Amputation,Lily_2 Root,tourniquet,high,rightLeg,TRUE,FALSE,"(3.3, 0.1, 3.8)",,,,
TOOL_APPLIED,375372,3/15/2022 10:43,0667e56a-abe6-4097-9a56-33735f4855e2,Lily_2 Root,Tourniquet,RightUpLeg (UnityEngine.GameObject),tor_ring (1) (UnityEngine.GameObject),tourniquet(Clone) (UnityEngine.GameObject),AppliedTourniquet,,,,,,
VOICE_CAPTURE,382641,3/15/2022 10:43,0667e56a-abe6-4097-9a56-33735f4855e2,already i should stop the bleeding this dude,NA,,,,,,,,,,
TOOL_HOVER,387623,3/15/2022 10:43,0667e56a-abe6-4097-9a56-33735f4855e2,Gauze,1003,,,,,,,,,,
TOOL_HOVER,387652,3/15/2022 10:43,0667e56a-abe6-4097-9a56-33735f4855e2,Gauze,1003,,,,,,,,,,
TOOL_HOVER,387680,3/15/2022 10:43,0667e56a-abe6-4097-9a56-33735f4855e2,Gauze,1003,,,,,,,,,,
TOOL_HOVER,387707,3/15/2022 10:43,0667e56a-abe6-4097-9a56-33735f4855e2,Gauze,1003,,,,,,,,,,
TOOL_HOVER,387735,3/15/2022 10:43,0667e56a-abe6-4097-9a56-33735f4855e2,Gauze,1003,,,,,,,,,,
TOOL_HOVER,387766,3/15/2022 10:43,0667e56a-abe6-4097-9a56-33735f4855e2,Gauze,1003,,,,,,,,,,
TOOL_HOVER,387791,3/15/2022 10:43,0667e56a-abe6-4097-9a56-33735f4855e2,Gauze,1003,,,,,,,,,,
TOOL_HOVER,387819,3/15/2022 10:43,0667e56a-abe6-4097-9a56-33735f4855e2,Gauze,1003,,,,,,,,,,
TOOL_HOVER,387846,3/15/2022 10:43,0667e56a-abe6-4097-9a56-33735f4855e2,Gauze,1003,,,,,,,,,,
TOOL_HOVER,387877,3/15/2022 10:43,0667e56a-abe6-4097-9a56-33735f4855e2,Gauze,1003,,,,,,,,,,
TOOL_HOVER,387903,3/15/2022 10:43,0667e56a-abe6-4097-9a56-33735f4855e2,Gauze,1003,,,,,,,,,,
TOOL_HOVER,387929,3/15/2022 10:43,0667e56a-abe6-4097-9a56-33735f4855e2,Gauze,1003,,,,,,,,,,
TOOL_HOVER,387958,3/15/2022 10:43,0667e56a-abe6-4097-9a56-33735f4855e2,Gauze,1003,,,,,,,,,,
TOOL_HOVER,387987,3/15/2022 10:43,0667e56a-abe6-4097-9a56-33735f4855e2,Gauze,1003,,,,,,,,,,
TOOL_HOVER,388015,3/15/2022 10:43,0667e56a-abe6-4097-9a56-33735f4855e2,Gauze,1003,,,,,,,,,,
TOOL_HOVER,388626,3/15/2022 10:43,0667e56a-abe6-4097-9a56-33735f4855e2,Hemostatic Gauze,1000,,,,,,,,,,
TOOL_HOVER,388653,3/15/2022 10:43,0667e56a-abe6-4097-9a56-33735f4855e2,Hemostatic Gauze,1000,,,,,,,,,,
TOOL_HOVER,388681,3/15/2022 10:43,0667e56a-abe6-4097-9a56-33735f4855e2,Hemostatic Gauze,1000,,,,,,,,,,
TOOL_HOVER,388710,3/15/2022 10:43,0667e56a-abe6-4097-9a56-33735f4855e2,Hemostatic Gauze,1000,,,,,,,,,,
TOOL_HOVER,388737,3/15/2022 10:43,0667e56a-abe6-4097-9a56-33735f4855e2,Hemostatic Gauze,1000,,,,,,,,,,
TOOL_HOVER,388766,3/15/2022 10:43,0667e56a-abe6-4097-9a56-33735f4855e2,Hemostatic Gauze,1000,,,,,,,,,,
TOOL_HOVER,388794,3/15/2022 10:43,0667e56a-abe6-4097-9a56-33735f4855e2,Hemostatic Gauze,1000,,,,,,,,,,
TOOL_HOVER,388821,3/15/2022 10:43,0667e56a-abe6-4097-9a56-33735f4855e2,Hemostatic Gauze,1000,,,,,,,,,,
TOOL_SELECTED,388822,3/15/2022 10:43,0667e56a-abe6-4097-9a56-33735f4855e2,Hemostatic Gauze,999,,,,,,,,,,
VOICE_CAPTURE,389489,3/15/2022 10:43,0667e56a-abe6-4097-9a56-33735f4855e2,OK,NA,,,,,,,,,,
TOOL_DISCARDED,391688,3/15/2022 10:43,0667e56a-abe6-4097-9a56-33735f4855e2,Hemostatic Gauze,999,"(3.0, 0.3, 2.3)",,,,,,,,,
INJURY_TREATED,391688,3/15/2022 10:43,0667e56a-abe6-4097-9a56-33735f4855e2,R Side Puncture,Mike_5 Root,woundpack,medium,abdomen,TRUE,FALSE,"(3.0, 0.3, 2.2)",,,,
TOOL_APPLIED,391688,3/15/2022 10:43,0667e56a-abe6-4097-9a56-33735f4855e2,Mike_5 Root,Gauze_Pack,skinCollider_BodyCollideLOD (UnityEngine.GameObject),null,null,AppliedPackingGauze,,,,,,
TOOL_HOVER,394336,3/15/2022 10:43,0667e56a-abe6-4097-9a56-33735f4855e2,Tourniquet,996,,,,,,,,,,
TOOL_HOVER,394365,3/15/2022 10:43,0667e56a-abe6-4097-9a56-33735f4855e2,Tourniquet,996,,,,,,,,,,
TOOL_HOVER,394393,3/15/2022 10:43,0667e56a-abe6-4097-9a56-33735f4855e2,Tourniquet,996,,,,,,,,,,
TOOL_HOVER,394421,3/15/2022 10:43,0667e56a-abe6-4097-9a56-33735f4855e2,Tourniquet,996,,,,,,,,,,
TOOL_HOVER,394449,3/15/2022 10:43,0667e56a-abe6-4097-9a56-33735f4855e2,Tourniquet,996,,,,,,,,,,
TOOL_SELECTED,394450,3/15/2022 10:43,0667e56a-abe6-4097-9a56-33735f4855e2,Tourniquet,995,,,,,,,,,,
INJURY_TREATED,397285,3/15/2022 10:43,0667e56a-abe6-4097-9a56-33735f4855e2,R Thigh Laceration,Mike_5 Root,gauzePressure,medium,rightLeg,FALSE,TRUE,"(2.9, 0.3, 1.9)",,,,
TOOL_APPLIED,397286,3/15/2022 10:43,0667e56a-abe6-4097-9a56-33735f4855e2,Mike_5 Root,Tourniquet,RightUpLeg (UnityEngine.GameObject),tor_ring (1) (UnityEngine.GameObject),tourniquet(Clone) (UnityEngine.GameObject),AppliedTourniquet,,,,,,
PATIENT_ENGAGED,398065,3/15/2022 10:43,0667e56a-abe6-4097-9a56-33735f4855e2,63.87083,Infinity,Mike_5 Root,"(2.6, 0.0, 2.0)","(0.0, 1.0, 0.0, 0.0)",IMMEDIATE,waver,fast,normal,normal,calm,fetal
TAG_SELECTED,404613,3/15/2022 10:43,0667e56a-abe6-4097-9a56-33735f4855e2,green,,,,,,,,,,,
VOICE_CAPTURE,405115,3/15/2022 10:43,0667e56a-abe6-4097-9a56-33735f4855e2,already those people do with them later already,NA,,,,,,,,,,
TAG_APPLIED,405200,3/15/2022 10:43,0667e56a-abe6-4097-9a56-33735f4855e2,Mike_5 Root,green,,,,,,,,,,
TAG_SELECTED,405674,3/15/2022 10:43,0667e56a-abe6-4097-9a56-33735f4855e2,green,,,,,,,,,,,
TAG_APPLIED,406172,3/15/2022 10:43,0667e56a-abe6-4097-9a56-33735f4855e2,Mike_5 Root,green,,,,,,,,,,
VOICE_CAPTURE,406561,3/15/2022 10:43,0667e56a-abe6-4097-9a56-33735f4855e2,jesus,NA,,,,,,,,,,
VOICE_CAPTURE,410374,3/15/2022 10:43,0667e56a-abe6-4097-9a56-33735f4855e2,sir can you move your arms,NA,,,,,,,,,,
VOICE_COMMAND,410374,3/15/2022 10:43,0667e56a-abe6-4097-9a56-33735f4855e2,reveal injury,sir can you move your arms,,,,,,,,,,
VOICE_CAPTURE,415862,3/15/2022 10:43,0667e56a-abe6-4097-9a56-33735f4855e2,OK,NA,,,,,,,,,,
BAG_CLOSED,416951,3/15/2022 10:43,0667e56a-abe6-4097-9a56-33735f4855e2,"(2.4, 0.8, 4.8)",,,,,,,,,,,
TELEPORT,416951,3/15/2022 10:43,0667e56a-abe6-4097-9a56-33735f4855e2,"(1.5, 0.0, 4.5)",,,,,,,,,,,
VOICE_CAPTURE,420067,3/15/2022 10:43,0667e56a-abe6-4097-9a56-33735f4855e2,go back,NA,,,,,,,,,,
VOICE_CAPTURE,422293,3/15/2022 10:44,0667e56a-abe6-4097-9a56-33735f4855e2,this guy,NA,,,,,,,,,,
PATIENT_ENGAGED,423103,3/15/2022 10:44,0667e56a-abe6-4097-9a56-33735f4855e2,100,0,Gary_3 Root,"(0.0, 0.0, 2.0)","(0.0, 0.0, 0.0, 1.0)",IMMEDIATE,still,faint,collapsedRight,normal,unresponsive,supine
TELEPORT,426780,3/15/2022 10:44,0667e56a-abe6-4097-9a56-33735f4855e2,"(2.4, 0.0, 4.2)",,,,,,,,,,,
VOICE_CAPTURE,428924,3/15/2022 10:44,0667e56a-abe6-4097-9a56-33735f4855e2,OK,NA,,,,,,,,,,
VOICE_CAPTURE,434047,3/15/2022 10:44,0667e56a-abe6-4097-9a56-33735f4855e2,sir can you move your arm,NA,,,,,,,,,,
VOICE_COMMAND,434047,3/15/2022 10:44,0667e56a-abe6-4097-9a56-33735f4855e2,reveal injury,sir can you move your arm,,,,,,,,,,
S_A_L_T_WALK_IF_CAN,434049,3/15/2022 10:44,0667e56a-abe6-4097-9a56-33735f4855e2,"(0.0, 0.0, 2.0)",walkIfCan,Gary_3 Root,,,,,,,,,
S_A_L_T_WAVE_IF_CAN,434077,3/15/2022 10:44,0667e56a-abe6-4097-9a56-33735f4855e2,"(0.0, 0.0, 2.0)",waveIfCan,Gary_3 Root,,,,,,,,,
S_A_L_T_WALK_IF_CAN,434077,3/15/2022 10:44,0667e56a-abe6-4097-9a56-33735f4855e2,"(0.0, 0.0, 2.0)",walkIfCan,Gary_3 Root,,,,,,,,,
VOICE_CAPTURE,436942,3/15/2022 10:44,0667e56a-abe6-4097-9a56-33735f4855e2,this guys i'm not really sure,NA,,,,,,,,,,
VOICE_CAPTURE,445547,3/15/2022 10:44,0667e56a-abe6-4097-9a56-33735f4855e2,ah look at their overall airway does not make any voice is concerned about that,NA,,,,,,,,,,
VOICE_CAPTURE,448332,3/15/2022 10:44,0667e56a-abe6-4097-9a56-33735f4855e2,listen for brett sounds,NA,,,,,,,,,,
BAG_ACCESS,452818,3/15/2022 10:44,0667e56a-abe6-4097-9a56-33735f4855e2,"(0.5, 0.8, 1.9)",,,,,,,,,,,
VOICE_CAPTURE,452873,3/15/2022 10:44,0667e56a-abe6-4097-9a56-33735f4855e2,do i have a status code,NA,,,,,,,,,,
BAG_CLOSED,457715,3/15/2022 10:44,0667e56a-abe6-4097-9a56-33735f4855e2,"(0.5, 0.8, 1.9)",,,,,,,,,,,
TELEPORT,457716,3/15/2022 10:44,0667e56a-abe6-4097-9a56-33735f4855e2,"(1.1, 0.0, 3.0)",,,,,,,,,,,
PATIENT_ENGAGED,459051,3/15/2022 10:44,0667e56a-abe6-4097-9a56-33735f4855e2,63.87083,Infinity,Mike_5 Root,"(2.6, 0.0, 2.0)","(0.0, 1.0, 0.0, 0.0)",IMMEDIATE,waver,fast,normal,normal,calm,fetal
VOICE_CAPTURE,459944,3/15/2022 10:44,0667e56a-abe6-4097-9a56-33735f4855e2,sir are you able to open your mouth or you gonna make any noise,NA,,,,,,,,,,
TELEPORT,462340,3/15/2022 10:44,0667e56a-abe6-4097-9a56-33735f4855e2,"(3.2, 0.0, 2.8)",,,,,,,,,,,
VOICE_CAPTURE,463063,3/15/2022 10:44,0667e56a-abe6-4097-9a56-33735f4855e2,jesus,NA,,,,,,,,,,
PATIENT_ENGAGED,468911,3/15/2022 10:44,0667e56a-abe6-4097-9a56-33735f4855e2,100,0,Gary_3 Root,"(0.0, 0.0, 2.0)","(0.0, 0.0, 0.0, 1.0)",IMMEDIATE,still,faint,collapsedRight,normal,unresponsive,supine
VOICE_CAPTURE,472447,3/15/2022 10:44,0667e56a-abe6-4097-9a56-33735f4855e2,party on this guys barely moving a little bit,NA,,,,,,,,,,
VOICE_CAPTURE,475538,3/15/2022 10:44,0667e56a-abe6-4097-9a56-33735f4855e2,make sure it's going on with him,NA,,,,,,,,,,
VOICE_CAPTURE,479851,3/15/2022 10:44,0667e56a-abe6-4097-9a56-33735f4855e2,that lady's got an open fracture that patient,NA,,,,,,,,,,
TELEPORT,480935,3/15/2022 10:45,0667e56a-abe6-4097-9a56-33735f4855e2,"(1.4, 0.0, 3.2)",,,,,,,,,,,
TELEPORT,481412,3/15/2022 10:45,0667e56a-abe6-4097-9a56-33735f4855e2,"(1.4, 0.0, 3.2)",,,,,,,,,,,
VOICE_CAPTURE,485592,3/15/2022 10:45,0667e56a-abe6-4097-9a56-33735f4855e2,i'm gonna come back to this guy,NA,,,,,,,,,,
PATIENT_ENGAGED,486371,3/15/2022 10:45,0667e56a-abe6-4097-9a56-33735f4855e2,100,Infinity,Gloria_6 Root,"(-1.0, 0.0, 3.2)","(0.0, 0.4, 0.0, 0.9)",DELAYED,waver,fast,normal,normal,calm,fetal
TELEPORT,488209,3/15/2022 10:45,0667e56a-abe6-4097-9a56-33735f4855e2,"(-0.2, 0.0, 5.2)",,,,,,,,,,,
VOICE_CAPTURE,491496,3/15/2022 10:45,0667e56a-abe6-4097-9a56-33735f4855e2,huh this guy's got it oh it's got some yeah,NA,,,,,,,,,,
BAG_ACCESS,493029,3/15/2022 10:45,0667e56a-abe6-4097-9a56-33735f4855e2,"(-1.0, 0.8, 2.8)",,,,,,,,,,,
TOOL_HOVER,493726,3/15/2022 10:45,0667e56a-abe6-4097-9a56-33735f4855e2,Gauze,1003,,,,,,,,,,
TOOL_HOVER,493754,3/15/2022 10:45,0667e56a-abe6-4097-9a56-33735f4855e2,Gauze,1003,,,,,,,,,,
TOOL_HOVER,493782,3/15/2022 10:45,0667e56a-abe6-4097-9a56-33735f4855e2,Gauze,1003,,,,,,,,,,
TOOL_HOVER,493810,3/15/2022 10:45,0667e56a-abe6-4097-9a56-33735f4855e2,Gauze,1003,,,,,,,,,,
TOOL_HOVER,493837,3/15/2022 10:45,0667e56a-abe6-4097-9a56-33735f4855e2,Gauze,1003,,,,,,,,,,
TOOL_HOVER,493865,3/15/2022 10:45,0667e56a-abe6-4097-9a56-33735f4855e2,Gauze,1003,,,,,,,,,,
TOOL_HOVER,493892,3/15/2022 10:45,0667e56a-abe6-4097-9a56-33735f4855e2,Gauze,1003,,,,,,,,,,
TOOL_HOVER,493920,3/15/2022 10:45,0667e56a-abe6-4097-9a56-33735f4855e2,Gauze,1003,,,,,,,,,,
TOOL_HOVER,493949,3/15/2022 10:45,0667e56a-abe6-4097-9a56-33735f4855e2,Gauze,1003,,,,,,,,,,
TOOL_HOVER,493976,3/15/2022 10:45,0667e56a-abe6-4097-9a56-33735f4855e2,Gauze,1003,,,,,,,,,,
TOOL_HOVER,494004,3/15/2022 10:45,0667e56a-abe6-4097-9a56-33735f4855e2,Gauze,1003,,,,,,,,,,
TOOL_HOVER,494031,3/15/2022 10:45,0667e56a-abe6-4097-9a56-33735f4855e2,Gauze,1003,,,,,,,,,,
TOOL_HOVER,494060,3/15/2022 10:45,0667e56a-abe6-4097-9a56-33735f4855e2,Gauze,1003,,,,,,,,,,
TOOL_HOVER,494087,3/15/2022 10:45,0667e56a-abe6-4097-9a56-33735f4855e2,Gauze,1003,,,,,,,,,,
TOOL_HOVER,494115,3/15/2022 10:45,0667e56a-abe6-4097-9a56-33735f4855e2,Gauze,1003,,,,,,,,,,
TOOL_HOVER,494143,3/15/2022 10:45,0667e56a-abe6-4097-9a56-33735f4855e2,Gauze,1003,,,,,,,,,,
TOOL_HOVER,494171,3/15/2022 10:45,0667e56a-abe6-4097-9a56-33735f4855e2,Gauze,1003,,,,,,,,,,
TOOL_HOVER,494206,3/15/2022 10:45,0667e56a-abe6-4097-9a56-33735f4855e2,Gauze,1003,,,,,,,,,,
TOOL_HOVER,494228,3/15/2022 10:45,0667e56a-abe6-4097-9a56-33735f4855e2,Gauze,1003,,,,,,,,,,
TOOL_HOVER,494254,3/15/2022 10:45,0667e56a-abe6-4097-9a56-33735f4855e2,Gauze,1003,,,,,,,,,,
TOOL_HOVER,494283,3/15/2022 10:45,0667e56a-abe6-4097-9a56-33735f4855e2,Gauze,1003,,,,,,,,,,
TOOL_HOVER,494309,3/15/2022 10:45,0667e56a-abe6-4097-9a56-33735f4855e2,Gauze,1003,,,,,,,,,,
TOOL_HOVER,494338,3/15/2022 10:45,0667e56a-abe6-4097-9a56-33735f4855e2,Gauze,1003,,,,,,,,,,
TOOL_HOVER,494366,3/15/2022 10:45,0667e56a-abe6-4097-9a56-33735f4855e2,Gauze,1003,,,,,,,,,,
TOOL_SELECTED,494368,3/15/2022 10:45,0667e56a-abe6-4097-9a56-33735f4855e2,Gauze,1002,,,,,,,,,,
TOOL_DISCARDED,495509,3/15/2022 10:45,0667e56a-abe6-4097-9a56-33735f4855e2,Gauze,1002,"(-0.7, 1.3, 3.4)",,,,,,,,,
TOOL_DISCARDED,495509,3/15/2022 10:45,0667e56a-abe6-4097-9a56-33735f4855e2,Gauze,1003,"(-0.7, 1.3, 3.4)",,,,,,,,,
TOOL_HOVER,495537,3/15/2022 10:45,0667e56a-abe6-4097-9a56-33735f4855e2,Gauze,1004,,,,,,,,,,
TOOL_HOVER,495565,3/15/2022 10:45,0667e56a-abe6-4097-9a56-33735f4855e2,Gauze,1004,,,,,,,,,,
TOOL_HOVER,495592,3/15/2022 10:45,0667e56a-abe6-4097-9a56-33735f4855e2,Gauze,1004,,,,,,,,,,
TOOL_HOVER,495620,3/15/2022 10:45,0667e56a-abe6-4097-9a56-33735f4855e2,Tourniquet,995,,,,,,,,,,
TOOL_HOVER,495647,3/15/2022 10:45,0667e56a-abe6-4097-9a56-33735f4855e2,Tourniquet,995,,,,,,,,,,
TOOL_HOVER,495675,3/15/2022 10:45,0667e56a-abe6-4097-9a56-33735f4855e2,Tourniquet,995,,,,,,,,,,
TOOL_HOVER,495703,3/15/2022 10:45,0667e56a-abe6-4097-9a56-33735f4855e2,Tourniquet,995,,,,,,,,,,
TOOL_HOVER,495730,3/15/2022 10:45,0667e56a-abe6-4097-9a56-33735f4855e2,Gauze,1004,,,,,,,,,,
TOOL_HOVER,495759,3/15/2022 10:45,0667e56a-abe6-4097-9a56-33735f4855e2,Gauze,1004,,,,,,,,,,
TOOL_HOVER,495787,3/15/2022 10:45,0667e56a-abe6-4097-9a56-33735f4855e2,Gauze,1004,,,,,,,,,,
TOOL_HOVER,495815,3/15/2022 10:45,0667e56a-abe6-4097-9a56-33735f4855e2,Gauze,1004,,,,,,,,,,
TOOL_HOVER,495843,3/15/2022 10:45,0667e56a-abe6-4097-9a56-33735f4855e2,Gauze,1004,,,,,,,,,,
TOOL_HOVER,495871,3/15/2022 10:45,0667e56a-abe6-4097-9a56-33735f4855e2,Gauze,1004,,,,,,,,,,
TOOL_HOVER,495900,3/15/2022 10:45,0667e56a-abe6-4097-9a56-33735f4855e2,Gauze,1004,,,,,,,,,,
TOOL_HOVER,495927,3/15/2022 10:45,0667e56a-abe6-4097-9a56-33735f4855e2,Gauze,1004,,,,,,,,,,
TOOL_HOVER,495954,3/15/2022 10:45,0667e56a-abe6-4097-9a56-33735f4855e2,Gauze,1004,,,,,,,,,,
TOOL_HOVER,495981,3/15/2022 10:45,0667e56a-abe6-4097-9a56-33735f4855e2,Gauze,1004,,,,,,,,,,
TOOL_HOVER,496009,3/15/2022 10:45,0667e56a-abe6-4097-9a56-33735f4855e2,Gauze,1004,,,,,,,,,,
TOOL_HOVER,496039,3/15/2022 10:45,0667e56a-abe6-4097-9a56-33735f4855e2,Gauze,1004,,,,,,,,,,
TOOL_HOVER,496069,3/15/2022 10:45,0667e56a-abe6-4097-9a56-33735f4855e2,Gauze,1004,,,,,,,,,,
TOOL_HOVER,496093,3/15/2022 10:45,0667e56a-abe6-4097-9a56-33735f4855e2,Gauze,1004,,,,,,,,,,
TOOL_SELECTED,496094,3/15/2022 10:45,0667e56a-abe6-4097-9a56-33735f4855e2,Gauze,1003,,,,,,,,,,
VOICE_CAPTURE,496766,3/15/2022 10:45,0667e56a-abe6-4097-9a56-33735f4855e2,just,NA,,,,,,,,,,
TOOL_DISCARDED,496818,3/15/2022 10:45,0667e56a-abe6-4097-9a56-33735f4855e2,Gauze,1003,"(-0.8, 1.2, 3.5)",,,,,,,,,
TOOL_DISCARDED,496818,3/15/2022 10:45,0667e56a-abe6-4097-9a56-33735f4855e2,Gauze,1004,"(-0.8, 1.2, 3.5)",,,,,,,,,
TOOL_HOVER,496845,3/15/2022 10:45,0667e56a-abe6-4097-9a56-33735f4855e2,Gauze,1005,,,,,,,,,,
TOOL_HOVER,496873,3/15/2022 10:45,0667e56a-abe6-4097-9a56-33735f4855e2,Gauze,1005,,,,,,,,,,
TOOL_HOVER,496902,3/15/2022 10:45,0667e56a-abe6-4097-9a56-33735f4855e2,Gauze,1005,,,,,,,,,,
TOOL_HOVER,496929,3/15/2022 10:45,0667e56a-abe6-4097-9a56-33735f4855e2,Gauze,1005,,,,,,,,,,
TOOL_HOVER,496957,3/15/2022 10:45,0667e56a-abe6-4097-9a56-33735f4855e2,Gauze,1005,,,,,,,,,,
TOOL_HOVER,496986,3/15/2022 10:45,0667e56a-abe6-4097-9a56-33735f4855e2,Gauze,1005,,,,,,,,,,
TOOL_HOVER,497012,3/15/2022 10:45,0667e56a-abe6-4097-9a56-33735f4855e2,Gauze,1005,,,,,,,,,,
TOOL_HOVER,497041,3/15/2022 10:45,0667e56a-abe6-4097-9a56-33735f4855e2,Gauze,1005,,,,,,,,,,
TOOL_HOVER,497069,3/15/2022 10:45,0667e56a-abe6-4097-9a56-33735f4855e2,Gauze,1005,,,,,,,,,,
TOOL_HOVER,497096,3/15/2022 10:45,0667e56a-abe6-4097-9a56-33735f4855e2,Gauze,1005,,,,,,,,,,
TOOL_HOVER,497128,3/15/2022 10:45,0667e56a-abe6-4097-9a56-33735f4855e2,Gauze,1005,,,,,,,,,,
TOOL_HOVER,497152,3/15/2022 10:45,0667e56a-abe6-4097-9a56-33735f4855e2,Gauze,1005,,,,,,,,,,
TOOL_HOVER,497181,3/15/2022 10:45,0667e56a-abe6-4097-9a56-33735f4855e2,Gauze,1005,,,,,,,,,,
TOOL_HOVER,497208,3/15/2022 10:45,0667e56a-abe6-4097-9a56-33735f4855e2,Gauze,1005,,,,,,,,,,
TOOL_HOVER,497236,3/15/2022 10:45,0667e56a-abe6-4097-9a56-33735f4855e2,Tourniquet,995,,,,,,,,,,
TOOL_HOVER,497266,3/15/2022 10:45,0667e56a-abe6-4097-9a56-33735f4855e2,Tourniquet,995,,,,,,,,,,
TOOL_HOVER,497292,3/15/2022 10:45,0667e56a-abe6-4097-9a56-33735f4855e2,Tourniquet,995,,,,,,,,,,
TOOL_HOVER,497320,3/15/2022 10:45,0667e56a-abe6-4097-9a56-33735f4855e2,Tourniquet,995,,,,,,,,,,
TOOL_HOVER,497347,3/15/2022 10:45,0667e56a-abe6-4097-9a56-33735f4855e2,Tourniquet,995,,,,,,,,,,
TOOL_HOVER,497374,3/15/2022 10:45,0667e56a-abe6-4097-9a56-33735f4855e2,Tourniquet,995,,,,,,,,,,
TOOL_HOVER,497403,3/15/2022 10:45,0667e56a-abe6-4097-9a56-33735f4855e2,Tourniquet,995,,,,,,,,,,
TOOL_HOVER,497432,3/15/2022 10:45,0667e56a-abe6-4097-9a56-33735f4855e2,Tourniquet,995,,,,,,,,,,
TOOL_HOVER,497459,3/15/2022 10:45,0667e56a-abe6-4097-9a56-33735f4855e2,Tourniquet,995,,,,,,,,,,
TOOL_HOVER,497488,3/15/2022 10:45,0667e56a-abe6-4097-9a56-33735f4855e2,Tourniquet,995,,,,,,,,,,
TOOL_HOVER,497515,3/15/2022 10:45,0667e56a-abe6-4097-9a56-33735f4855e2,Tourniquet,995,,,,,,,,,,
TOOL_HOVER,497542,3/15/2022 10:45,0667e56a-abe6-4097-9a56-33735f4855e2,Tourniquet,995,,,,,,,,,,
TOOL_HOVER,497572,3/15/2022 10:45,0667e56a-abe6-4097-9a56-33735f4855e2,Tourniquet,995,,,,,,,,,,
TOOL_SELECTED,497573,3/15/2022 10:45,0667e56a-abe6-4097-9a56-33735f4855e2,Tourniquet,994,,,,,,,,,,
TOOL_APPLIED,500020,3/15/2022 10:45,0667e56a-abe6-4097-9a56-33735f4855e2,Gloria_6 Root,Tourniquet,RightUpLeg (UnityEngine.GameObject),tor_ring (1) (UnityEngine.GameObject),tourniquet(Clone) (UnityEngine.GameObject),AppliedTourniquet,,,,,,
VOICE_CAPTURE,500215,3/15/2022 10:45,0667e56a-abe6-4097-9a56-33735f4855e2,play a tourniquet on this lady,NA,,,,,,,,,,
VOICE_CAPTURE,508512,3/15/2022 10:45,0667e56a-abe6-4097-9a56-33735f4855e2,hardy you hang tight man that guy's good that one's good,NA,,,,,,,,,,
TOOL_HOVER,510880,3/15/2022 10:45,0667e56a-abe6-4097-9a56-33735f4855e2,Gauze,1005,,,,,,,,,,
TOOL_HOVER,510908,3/15/2022 10:45,0667e56a-abe6-4097-9a56-33735f4855e2,Gauze,1005,,,,,,,,,,
TOOL_HOVER,510936,3/15/2022 10:45,0667e56a-abe6-4097-9a56-33735f4855e2,Gauze,1005,,,,,,,,,,
TOOL_HOVER,510964,3/15/2022 10:45,0667e56a-abe6-4097-9a56-33735f4855e2,Gauze,1005,,,,,,,,,,
TOOL_HOVER,510991,3/15/2022 10:45,0667e56a-abe6-4097-9a56-33735f4855e2,Gauze,1005,,,,,,,,,,
TOOL_HOVER,511019,3/15/2022 10:45,0667e56a-abe6-4097-9a56-33735f4855e2,Gauze,1005,,,,,,,,,,
TOOL_HOVER,511047,3/15/2022 10:45,0667e56a-abe6-4097-9a56-33735f4855e2,Gauze,1005,,,,,,,,,,
TOOL_HOVER,511074,3/15/2022 10:45,0667e56a-abe6-4097-9a56-33735f4855e2,Gauze,1005,,,,,,,,,,
TOOL_HOVER,511103,3/15/2022 10:45,0667e56a-abe6-4097-9a56-33735f4855e2,Gauze,1005,,,,,,,,,,
TOOL_HOVER,511130,3/15/2022 10:45,0667e56a-abe6-4097-9a56-33735f4855e2,Gauze,1005,,,,,,,,,,
TOOL_HOVER,511158,3/15/2022 10:45,0667e56a-abe6-4097-9a56-33735f4855e2,Gauze,1005,,,,,,,,,,
TOOL_HOVER,511187,3/15/2022 10:45,0667e56a-abe6-4097-9a56-33735f4855e2,Gauze,1005,,,,,,,,,,
TOOL_HOVER,511214,3/15/2022 10:45,0667e56a-abe6-4097-9a56-33735f4855e2,Gauze,1005,,,,,,,,,,
TOOL_HOVER,511243,3/15/2022 10:45,0667e56a-abe6-4097-9a56-33735f4855e2,Gauze,1005,,,,,,,,,,
TOOL_HOVER,511271,3/15/2022 10:45,0667e56a-abe6-4097-9a56-33735f4855e2,Gauze,1005,,,,,,,,,,
TOOL_HOVER,511298,3/15/2022 10:45,0667e56a-abe6-4097-9a56-33735f4855e2,Gauze,1005,,,,,,,,,,
TOOL_HOVER,511327,3/15/2022 10:45,0667e56a-abe6-4097-9a56-33735f4855e2,Gauze,1005,,,,,,,,,,
TOOL_HOVER,511355,3/15/2022 10:45,0667e56a-abe6-4097-9a56-33735f4855e2,Gauze,1005,,,,,,,,,,
TOOL_HOVER,511381,3/15/2022 10:45,0667e56a-abe6-4097-9a56-33735f4855e2,Gauze,1005,,,,,,,,,,
TOOL_HOVER,511410,3/15/2022 10:45,0667e56a-abe6-4097-9a56-33735f4855e2,Gauze,1005,,,,,,,,,,
TOOL_HOVER,511437,3/15/2022 10:45,0667e56a-abe6-4097-9a56-33735f4855e2,Gauze,1005,,,,,,,,,,
TOOL_HOVER,511466,3/15/2022 10:45,0667e56a-abe6-4097-9a56-33735f4855e2,Gauze,1005,,,,,,,,,,
TOOL_HOVER,511496,3/15/2022 10:45,0667e56a-abe6-4097-9a56-33735f4855e2,Gauze,1005,,,,,,,,,,
TOOL_HOVER,511522,3/15/2022 10:45,0667e56a-abe6-4097-9a56-33735f4855e2,Gauze,1005,,,,,,,,,,
TOOL_HOVER,511548,3/15/2022 10:45,0667e56a-abe6-4097-9a56-33735f4855e2,Gauze,1005,,,,,,,,,,
TOOL_HOVER,511577,3/15/2022 10:45,0667e56a-abe6-4097-9a56-33735f4855e2,Gauze,1005,,,,,,,,,,
TOOL_HOVER,511606,3/15/2022 10:45,0667e56a-abe6-4097-9a56-33735f4855e2,Gauze,1005,,,,,,,,,,
TOOL_HOVER,511635,3/15/2022 10:45,0667e56a-abe6-4097-9a56-33735f4855e2,Gauze,1005,,,,,,,,,,
TOOL_HOVER,511662,3/15/2022 10:45,0667e56a-abe6-4097-9a56-33735f4855e2,Gauze,1005,,,,,,,,,,
TOOL_HOVER,511687,3/15/2022 10:45,0667e56a-abe6-4097-9a56-33735f4855e2,Gauze,1005,,,,,,,,,,
TOOL_HOVER,511716,3/15/2022 10:45,0667e56a-abe6-4097-9a56-33735f4855e2,Gauze,1005,,,,,,,,,,
TOOL_HOVER,511743,3/15/2022 10:45,0667e56a-abe6-4097-9a56-33735f4855e2,Gauze,1005,,,,,,,,,,
TOOL_HOVER,511771,3/15/2022 10:45,0667e56a-abe6-4097-9a56-33735f4855e2,Gauze,1005,,,,,,,,,,
TOOL_HOVER,511799,3/15/2022 10:45,0667e56a-abe6-4097-9a56-33735f4855e2,Gauze,1005,,,,,,,,,,
TOOL_HOVER,511827,3/15/2022 10:45,0667e56a-abe6-4097-9a56-33735f4855e2,Gauze,1005,,,,,,,,,,
TOOL_HOVER,511855,3/15/2022 10:45,0667e56a-abe6-4097-9a56-33735f4855e2,Gauze,1005,,,,,,,,,,
TOOL_HOVER,511885,3/15/2022 10:45,0667e56a-abe6-4097-9a56-33735f4855e2,Gauze,1005,,,,,,,,,,
TOOL_HOVER,511913,3/15/2022 10:45,0667e56a-abe6-4097-9a56-33735f4855e2,Gauze,1005,,,,,,,,,,
TOOL_HOVER,511940,3/15/2022 10:45,0667e56a-abe6-4097-9a56-33735f4855e2,Gauze,1005,,,,,,,,,,
TOOL_HOVER,511968,3/15/2022 10:45,0667e56a-abe6-4097-9a56-33735f4855e2,Gauze,1005,,,,,,,,,,
VOICE_CAPTURE,512049,3/15/2022 10:45,0667e56a-abe6-4097-9a56-33735f4855e2,sky,NA,,,,,,,,,,
BAG_CLOSED,513359,3/15/2022 10:45,0667e56a-abe6-4097-9a56-33735f4855e2,"(-1.0, 0.8, 2.8)",,,,,,,,,,,
TELEPORT,513359,3/15/2022 10:45,0667e56a-abe6-4097-9a56-33735f4855e2,"(-0.4, 0.0, 4.0)",,,,,,,,,,,
TELEPORT,515141,3/15/2022 10:45,0667e56a-abe6-4097-9a56-33735f4855e2,"(-0.1, 0.1, 6.0)",,,,,,,,,,,
TELEPORT,518316,3/15/2022 10:45,0667e56a-abe6-4097-9a56-33735f4855e2,"(1.3, 0.0, 7.7)",,,,,,,,,,,
TELEPORT,524275,3/15/2022 10:45,0667e56a-abe6-4097-9a56-33735f4855e2,"(0.8, 0.0, 7.1)",,,,,,,,,,,
VOICE_CAPTURE,525806,3/15/2022 10:45,0667e56a-abe6-4097-9a56-33735f4855e2,sir you wanna move it all these guys go,NA,,,,,,,,,,
VOICE_CAPTURE,527030,3/15/2022 10:45,0667e56a-abe6-4097-9a56-33735f4855e2,OK,NA,,,,,,,,,,
VOICE_CAPTURE,529454,3/15/2022 10:45,0667e56a-abe6-4097-9a56-33735f4855e2,yep,NA,,,,,,,,,,
VOICE_CAPTURE,539395,3/15/2022 10:45,0667e56a-abe6-4097-9a56-33735f4855e2,OK i think that's those ones are fine that guys good trying to catch her naked sir,NA,,,,,,,,,,
PATIENT_ENGAGED,540232,3/15/2022 10:45,0667e56a-abe6-4097-9a56-33735f4855e2,100,Infinity,Gary_1 Root,"(2.0, 0.0, 7.0)","(0.0, 1.0, 0.0, 0.0)",EXPECTANT,still,none,restricted,none,unresponsive,supine
VOICE_CAPTURE,542403,3/15/2022 10:46,0667e56a-abe6-4097-9a56-33735f4855e2,you able to open your mouth at all,NA,,,,,,,,,,
VOICE_CAPTURE,543852,3/15/2022 10:46,0667e56a-abe6-4097-9a56-33735f4855e2,jesus,NA,,,,,,,,,,
TELEPORT,546190,3/15/2022 10:46,0667e56a-abe6-4097-9a56-33735f4855e2,"(1.4, 0.0, 7.5)",,,,,,,,,,,
BAG_ACCESS,547639,3/15/2022 10:46,0667e56a-abe6-4097-9a56-33735f4855e2,"(2.9, 0.8, 7.2)",,,,,,,,,,,
TAG_SELECTED,551739,3/15/2022 10:46,0667e56a-abe6-4097-9a56-33735f4855e2,gray,,,,,,,,,,,
VOICE_CAPTURE,552458,3/15/2022 10:46,0667e56a-abe6-4097-9a56-33735f4855e2,he's bleeding pretty bad over here he's got something his face already start tagging patients this patient most expected to me,NA,,,,,,,,,,
TAG_APPLIED,554768,3/15/2022 10:46,0667e56a-abe6-4097-9a56-33735f4855e2,Gary_1 Root,gray,,,,,,,,,,
BAG_CLOSED,554852,3/15/2022 10:46,0667e56a-abe6-4097-9a56-33735f4855e2,"(2.9, 0.8, 7.2)",,,,,,,,,,,
TELEPORT,558056,3/15/2022 10:46,0667e56a-abe6-4097-9a56-33735f4855e2,"(3.0, 0.0, 7.7)",,,,,,,,,,,
VOICE_CAPTURE,560394,3/15/2022 10:46,0667e56a-abe6-4097-9a56-33735f4855e2,already,NA,,,,,,,,,,
VOICE_CAPTURE,563846,3/15/2022 10:46,0667e56a-abe6-4097-9a56-33735f4855e2,hey go back to the sky over here,NA,,,,,,,,,,
VOICE_CAPTURE,573199,3/15/2022 10:46,0667e56a-abe6-4097-9a56-33735f4855e2,right sure you wanna make any noise for me,NA,,,,,,,,,,
TELEPORT,576711,3/15/2022 10:46,0667e56a-abe6-4097-9a56-33735f4855e2,"(1.2, 0.0, 3.2)",,,,,,,,,,,
VOICE_CAPTURE,577351,3/15/2022 10:46,0667e56a-abe6-4097-9a56-33735f4855e2,no,NA,,,,,,,,,,
BAG_ACCESS,578188,3/15/2022 10:46,0667e56a-abe6-4097-9a56-33735f4855e2,"(0.9, 0.9, 2.0)",,,,,,,,,,,
TELEPORT,578299,3/15/2022 10:46,0667e56a-abe6-4097-9a56-33735f4855e2,"(1.2, 0.0, 3.2)",,,,,,,,,,,
VOICE_CAPTURE,579523,3/15/2022 10:46,0667e56a-abe6-4097-9a56-33735f4855e2,do i have a stethoscope,NA,,,,,,,,,,
VOICE_CAPTURE,583865,3/15/2022 10:46,0667e56a-abe6-4097-9a56-33735f4855e2,OK,NA,,,,,,,,,,
PATIENT_ENGAGED,584258,3/15/2022 10:46,0667e56a-abe6-4097-9a56-33735f4855e2,100,0,Gary_3 Root,"(0.0, 0.0, 2.0)","(0.0, 0.0, 0.0, 1.0)",IMMEDIATE,still,faint,collapsedRight,normal,unresponsive,supine
BAG_CLOSED,587879,3/15/2022 10:46,0667e56a-abe6-4097-9a56-33735f4855e2,"(0.8, 0.5, 1.6)",,,,,,,,,,,
TELEPORT,587879,3/15/2022 10:46,0667e56a-abe6-4097-9a56-33735f4855e2,"(1.2, 0.0, 3.2)",,,,,,,,,,,
TOOL_HOVER,588102,3/15/2022 10:46,0667e56a-abe6-4097-9a56-33735f4855e2,Tourniquet,994,,,,,,,,,,
TOOL_HOVER,588129,3/15/2022 10:46,0667e56a-abe6-4097-9a56-33735f4855e2,Tourniquet,994,,,,,,,,,,
TOOL_HOVER,588157,3/15/2022 10:46,0667e56a-abe6-4097-9a56-33735f4855e2,Tourniquet,994,,,,,,,,,,
TOOL_HOVER,588186,3/15/2022 10:46,0667e56a-abe6-4097-9a56-33735f4855e2,Tourniquet,994,,,,,,,,,,
TOOL_HOVER,588215,3/15/2022 10:46,0667e56a-abe6-4097-9a56-33735f4855e2,Tourniquet,994,,,,,,,,,,
TOOL_HOVER,588239,3/15/2022 10:46,0667e56a-abe6-4097-9a56-33735f4855e2,Tourniquet,994,,,,,,,,,,
TOOL_HOVER,588265,3/15/2022 10:46,0667e56a-abe6-4097-9a56-33735f4855e2,Tourniquet,994,,,,,,,,,,
TELEPORT,588376,3/15/2022 10:46,0667e56a-abe6-4097-9a56-33735f4855e2,"(1.2, 0.0, 3.2)",,,,,,,,,,,
BAG_ACCESS,589546,3/15/2022 10:46,0667e56a-abe6-4097-9a56-33735f4855e2,"(1.1, 0.5, 1.7)",,,,,,,,,,,
VOICE_CAPTURE,589573,3/15/2022 10:46,0667e56a-abe6-4097-9a56-33735f4855e2,06 bad chest injury over here,NA,,,,,,,,,,
BAG_CLOSED,590104,3/15/2022 10:46,0667e56a-abe6-4097-9a56-33735f4855e2,"(1.1, 0.5, 1.6)",,,,,,,,,,,
TELEPORT,590104,3/15/2022 10:46,0667e56a-abe6-4097-9a56-33735f4855e2,"(1.2, 0.0, 3.2)",,,,,,,,,,,
VOICE_CAPTURE,593809,3/15/2022 10:46,0667e56a-abe6-4097-9a56-33735f4855e2,yeah,NA,,,,,,,,,,
BAG_ACCESS,593920,3/15/2022 10:46,0667e56a-abe6-4097-9a56-33735f4855e2,"(1.1, 0.5, 1.7)",,,,,,,,,,,
TOOL_HOVER,600133,3/15/2022 10:46,0667e56a-abe6-4097-9a56-33735f4855e2,Needle,999,,,,,,,,,,
TOOL_HOVER,600161,3/15/2022 10:46,0667e56a-abe6-4097-9a56-33735f4855e2,Needle,999,,,,,,,,,,
TOOL_HOVER,600189,3/15/2022 10:46,0667e56a-abe6-4097-9a56-33735f4855e2,Needle,999,,,,,,,,,,
TOOL_HOVER,600217,3/15/2022 10:46,0667e56a-abe6-4097-9a56-33735f4855e2,Needle,999,,,,,,,,,,
TOOL_HOVER,600245,3/15/2022 10:46,0667e56a-abe6-4097-9a56-33735f4855e2,Needle,999,,,,,,,,,,
TOOL_HOVER,600272,3/15/2022 10:46,0667e56a-abe6-4097-9a56-33735f4855e2,Needle,999,,,,,,,,,,
TOOL_HOVER,600300,3/15/2022 10:46,0667e56a-abe6-4097-9a56-33735f4855e2,Needle,999,,,,,,,,,,
TOOL_HOVER,600329,3/15/2022 10:46,0667e56a-abe6-4097-9a56-33735f4855e2,Needle,999,,,,,,,,,,
TOOL_HOVER,600357,3/15/2022 10:46,0667e56a-abe6-4097-9a56-33735f4855e2,Needle,999,,,,,,,,,,
TOOL_HOVER,600383,3/15/2022 10:46,0667e56a-abe6-4097-9a56-33735f4855e2,Needle,999,,,,,,,,,,
TOOL_HOVER,600410,3/15/2022 10:46,0667e56a-abe6-4097-9a56-33735f4855e2,Needle,999,,,,,,,,,,
TOOL_HOVER,600440,3/15/2022 10:46,0667e56a-abe6-4097-9a56-33735f4855e2,Needle,999,,,,,,,,,,
TOOL_HOVER,600466,3/15/2022 10:46,0667e56a-abe6-4097-9a56-33735f4855e2,Needle,999,,,,,,,,,,
TOOL_HOVER,600494,3/15/2022 10:46,0667e56a-abe6-4097-9a56-33735f4855e2,Needle,999,,,,,,,,,,
VOICE_CAPTURE,600521,3/15/2022 10:46,0667e56a-abe6-4097-9a56-33735f4855e2,oh i'm only the new oh let me needle decompress the sky,NA,,,,,,,,,,
TOOL_HOVER,600523,3/15/2022 10:46,0667e56a-abe6-4097-9a56-33735f4855e2,Needle,999,,,,,,,,,,
BAG_CLOSED,600552,3/15/2022 10:46,0667e56a-abe6-4097-9a56-33735f4855e2,"(1.1, 0.5, 1.7)",,,,,,,,,,,
TELEPORT,600552,3/15/2022 10:46,0667e56a-abe6-4097-9a56-33735f4855e2,"(1.2, 0.0, 3.2)",,,,,,,,,,,
BAG_ACCESS,603810,3/15/2022 10:47,0667e56a-abe6-4097-9a56-33735f4855e2,"(1.2, 0.5, 1.8)",,,,,,,,,,,
TOOL_HOVER,604344,3/15/2022 10:47,0667e56a-abe6-4097-9a56-33735f4855e2,Tourniquet,994,,,,,,,,,,
TOOL_HOVER,604374,3/15/2022 10:47,0667e56a-abe6-4097-9a56-33735f4855e2,Tourniquet,994,,,,,,,,,,
TOOL_HOVER,604394,3/15/2022 10:47,0667e56a-abe6-4097-9a56-33735f4855e2,Tourniquet,994,,,,,,,,,,
TOOL_HOVER,604423,3/15/2022 10:47,0667e56a-abe6-4097-9a56-33735f4855e2,Needle,999,,,,,,,,,,
TOOL_HOVER,604449,3/15/2022 10:47,0667e56a-abe6-4097-9a56-33735f4855e2,Needle,999,,,,,,,,,,
TOOL_HOVER,604478,3/15/2022 10:47,0667e56a-abe6-4097-9a56-33735f4855e2,Needle,999,,,,,,,,,,
TOOL_HOVER,604506,3/15/2022 10:47,0667e56a-abe6-4097-9a56-33735f4855e2,Needle,999,,,,,,,,,,
TOOL_HOVER,604533,3/15/2022 10:47,0667e56a-abe6-4097-9a56-33735f4855e2,Needle,999,,,,,,,,,,
TOOL_SELECTED,604535,3/15/2022 10:47,0667e56a-abe6-4097-9a56-33735f4855e2,Needle,998,,,,,,,,,,
VOICE_CAPTURE,605088,3/15/2022 10:47,0667e56a-abe6-4097-9a56-33735f4855e2,doesn't mean what was that,NA,,,,,,,,,,
INJURY_TREATED,607181,3/15/2022 10:47,0667e56a-abe6-4097-9a56-33735f4855e2,R Chest Collapse,Gary_3 Root,decompress,high,chest,TRUE,FALSE,"(0.0, 0.0, 0.0)",,,,
TOOL_APPLIED,607181,3/15/2022 10:47,0667e56a-abe6-4097-9a56-33735f4855e2,Needle_Decomp(Clone),Needle,RChest_Breathe1 (UnityEngine.GameObject),cath_needle (UnityEngine.GameObject),right_chest,Needle_Decomp(Clone) (UnityEngine.GameObject),AppliedDecompNeedle,,,,,
BAG_CLOSED,609347,3/15/2022 10:47,0667e56a-abe6-4097-9a56-33735f4855e2,"(1.2, 0.5, 1.8)",,,,,,,,,,,
TELEPORT,609347,3/15/2022 10:47,0667e56a-abe6-4097-9a56-33735f4855e2,"(1.2, 0.0, 3.2)",,,,,,,,,,,
BAG_ACCESS,622245,3/15/2022 10:47,0667e56a-abe6-4097-9a56-33735f4855e2,"(1.1, 0.5, 1.8)",,,,,,,,,,,
TAG_SELECTED,625811,3/15/2022 10:47,0667e56a-abe6-4097-9a56-33735f4855e2,yellow,,,,,,,,,,,
TAG_APPLIED,627534,3/15/2022 10:47,0667e56a-abe6-4097-9a56-33735f4855e2,Gary_3 Root,yellow,,,,,,,,,,
PULSE_TAKEN,627562,3/15/2022 10:47,0667e56a-abe6-4097-9a56-33735f4855e2,pulse_faint,Gary_3 Root,,,,,,,,,,
TAG_SELECTED,631016,3/15/2022 10:47,0667e56a-abe6-4097-9a56-33735f4855e2,red,,,,,,,,,,,
TAG_APPLIED,631795,3/15/2022 10:47,0667e56a-abe6-4097-9a56-33735f4855e2,Gary_3 Root,red,,,,,,,,,,
TOOL_HOVER,636223,3/15/2022 10:47,0667e56a-abe6-4097-9a56-33735f4855e2,Gauze,1005,,,,,,,,,,
TOOL_HOVER,636251,3/15/2022 10:47,0667e56a-abe6-4097-9a56-33735f4855e2,Gauze,1005,,,,,,,,,,
TOOL_HOVER,636285,3/15/2022 10:47,0667e56a-abe6-4097-9a56-33735f4855e2,Gauze,1005,,,,,,,,,,
TOOL_HOVER,636307,3/15/2022 10:47,0667e56a-abe6-4097-9a56-33735f4855e2,Gauze,1005,,,,,,,,,,
TOOL_HOVER,636335,3/15/2022 10:47,0667e56a-abe6-4097-9a56-33735f4855e2,Gauze,1005,,,,,,,,,,
TOOL_HOVER,636364,3/15/2022 10:47,0667e56a-abe6-4097-9a56-33735f4855e2,Gauze,1005,,,,,,,,,,
TOOL_HOVER,636393,3/15/2022 10:47,0667e56a-abe6-4097-9a56-33735f4855e2,Gauze,1005,,,,,,,,,,
TOOL_HOVER,636418,3/15/2022 10:47,0667e56a-abe6-4097-9a56-33735f4855e2,Gauze,1005,,,,,,,,,,
TOOL_HOVER,636447,3/15/2022 10:47,0667e56a-abe6-4097-9a56-33735f4855e2,Gauze,1005,,,,,,,,,,
TOOL_HOVER,636474,3/15/2022 10:47,0667e56a-abe6-4097-9a56-33735f4855e2,Gauze,1005,,,,,,,,,,
TOOL_HOVER,636503,3/15/2022 10:47,0667e56a-abe6-4097-9a56-33735f4855e2,Gauze,1005,,,,,,,,,,
TOOL_HOVER,636530,3/15/2022 10:47,0667e56a-abe6-4097-9a56-33735f4855e2,Gauze,1005,,,,,,,,,,
TOOL_HOVER,636558,3/15/2022 10:47,0667e56a-abe6-4097-9a56-33735f4855e2,Gauze,1005,,,,,,,,,,
TOOL_HOVER,636586,3/15/2022 10:47,0667e56a-abe6-4097-9a56-33735f4855e2,Gauze,1005,,,,,,,,,,
TOOL_HOVER,636615,3/15/2022 10:47,0667e56a-abe6-4097-9a56-33735f4855e2,Gauze,1005,,,,,,,,,,
BAG_CLOSED,637144,3/15/2022 10:47,0667e56a-abe6-4097-9a56-33735f4855e2,"(1.1, 0.5, 1.8)",,,,,,,,,,,
PATIENT_ENGAGED,640485,3/15/2022 10:47,0667e56a-abe6-4097-9a56-33735f4855e2,63.87083,Infinity,Mike_7 Root,"(1.4, 0.0, 4.0)","(0.0, 0.1, 0.0, 1.0)",DELAYED,waver,fast,normal,normal,calm,sittingGround
TELEPORT,641183,3/15/2022 10:47,0667e56a-abe6-4097-9a56-33735f4855e2,"(1.2, 0.0, 3.2)",,,,,,,,,,,
TELEPORT,642463,3/15/2022 10:47,0667e56a-abe6-4097-9a56-33735f4855e2,"(1.2, 0.0, 3.2)",,,,,,,,,,,
TELEPORT,645081,3/15/2022 10:47,0667e56a-abe6-4097-9a56-33735f4855e2,"(0.0, 0.0, 5.5)",,,,,,,,,,,
BAG_ACCESS,647809,3/15/2022 10:47,0667e56a-abe6-4097-9a56-33735f4855e2,"(-0.7, 0.8, 5.3)",,,,,,,,,,,
TAG_SELECTED,648923,3/15/2022 10:47,0667e56a-abe6-4097-9a56-33735f4855e2,black,,,,,,,,,,,
TAG_APPLIED,650092,3/15/2022 10:47,0667e56a-abe6-4097-9a56-33735f4855e2,Bob_0 Root,black,,,,,,,,,,
TAG_SELECTED,651234,3/15/2022 10:47,0667e56a-abe6-4097-9a56-33735f4855e2,red,,,,,,,,,,,
TAG_APPLIED,651707,3/15/2022 10:47,0667e56a-abe6-4097-9a56-33735f4855e2,Bob_0 Root,red,,,,,,,,,,
TAG_SELECTED,653239,3/15/2022 10:47,0667e56a-abe6-4097-9a56-33735f4855e2,gray,,,,,,,,,,,
TAG_APPLIED,653796,3/15/2022 10:47,0667e56a-abe6-4097-9a56-33735f4855e2,Bob_0 Root,gray,,,,,,,,,,
TAG_SELECTED,656026,3/15/2022 10:47,0667e56a-abe6-4097-9a56-33735f4855e2,gray,,,,,,,,,,,
TAG_APPLIED,656386,3/15/2022 10:47,0667e56a-abe6-4097-9a56-33735f4855e2,Bob_0 Root,gray,,,,,,,,,,
BAG_CLOSED,657864,3/15/2022 10:47,0667e56a-abe6-4097-9a56-33735f4855e2,"(-0.7, 0.8, 5.3)",,,,,,,,,,,
BAG_ACCESS,663711,3/15/2022 10:48,0667e56a-abe6-4097-9a56-33735f4855e2,"(0.8, 0.8, 4.8)",,,,,,,,,,,
TOOL_HOVER,664130,3/15/2022 10:48,0667e56a-abe6-4097-9a56-33735f4855e2,Gauze,1005,,,,,,,,,,
TOOL_HOVER,664156,3/15/2022 10:48,0667e56a-abe6-4097-9a56-33735f4855e2,Gauze,1005,,,,,,,,,,
TOOL_HOVER,664184,3/15/2022 10:48,0667e56a-abe6-4097-9a56-33735f4855e2,Gauze,1005,,,,,,,,,,
TOOL_HOVER,664214,3/15/2022 10:48,0667e56a-abe6-4097-9a56-33735f4855e2,Gauze,1005,,,,,,,,,,
TOOL_HOVER,664242,3/15/2022 10:48,0667e56a-abe6-4097-9a56-33735f4855e2,Gauze,1005,,,,,,,,,,
TOOL_HOVER,664268,3/15/2022 10:48,0667e56a-abe6-4097-9a56-33735f4855e2,Gauze,1005,,,,,,,,,,
TOOL_HOVER,664296,3/15/2022 10:48,0667e56a-abe6-4097-9a56-33735f4855e2,Gauze,1005,,,,,,,,,,
TOOL_HOVER,664325,3/15/2022 10:48,0667e56a-abe6-4097-9a56-33735f4855e2,Gauze,1005,,,,,,,,,,
TOOL_HOVER,664355,3/15/2022 10:48,0667e56a-abe6-4097-9a56-33735f4855e2,Gauze,1005,,,,,,,,,,
TOOL_HOVER,664380,3/15/2022 10:48,0667e56a-abe6-4097-9a56-33735f4855e2,Gauze,1005,,,,,,,,,,
TOOL_SELECTED,664381,3/15/2022 10:48,0667e56a-abe6-4097-9a56-33735f4855e2,Gauze,1004,,,,,,,,,,
TOOL_DISCARDED,664881,3/15/2022 10:48,0667e56a-abe6-4097-9a56-33735f4855e2,Gauze,1004,"(0.7, 1.3, 4.2)",,,,,,,,,
TOOL_DISCARDED,664881,3/15/2022 10:48,0667e56a-abe6-4097-9a56-33735f4855e2,Gauze,1005,"(0.7, 1.3, 4.2)",,,,,,,,,
TOOL_HOVER,664937,3/15/2022 10:48,0667e56a-abe6-4097-9a56-33735f4855e2,Gauze,1006,,,,,,,,,,
TOOL_HOVER,664964,3/15/2022 10:48,0667e56a-abe6-4097-9a56-33735f4855e2,Gauze,1006,,,,,,,,,,
TOOL_HOVER,664991,3/15/2022 10:48,0667e56a-abe6-4097-9a56-33735f4855e2,Gauze,1006,,,,,,,,,,
TOOL_HOVER,665020,3/15/2022 10:48,0667e56a-abe6-4097-9a56-33735f4855e2,Gauze,1006,,,,,,,,,,
TOOL_HOVER,665049,3/15/2022 10:48,0667e56a-abe6-4097-9a56-33735f4855e2,Gauze,1006,,,,,,,,,,
TOOL_HOVER,665075,3/15/2022 10:48,0667e56a-abe6-4097-9a56-33735f4855e2,Gauze,1006,,,,,,,,,,
TOOL_HOVER,665103,3/15/2022 10:48,0667e56a-abe6-4097-9a56-33735f4855e2,Gauze,1006,,,,,,,,,,
TOOL_HOVER,665132,3/15/2022 10:48,0667e56a-abe6-4097-9a56-33735f4855e2,Gauze,1006,,,,,,,,,,
TOOL_HOVER,665158,3/15/2022 10:48,0667e56a-abe6-4097-9a56-33735f4855e2,Gauze,1006,,,,,,,,,,
TOOL_HOVER,665186,3/15/2022 10:48,0667e56a-abe6-4097-9a56-33735f4855e2,Gauze,1006,,,,,,,,,,
TOOL_HOVER,665214,3/15/2022 10:48,0667e56a-abe6-4097-9a56-33735f4855e2,Gauze,1006,,,,,,,,,,
TOOL_HOVER,665243,3/15/2022 10:48,0667e56a-abe6-4097-9a56-33735f4855e2,Gauze,1006,,,,,,,,,,
TOOL_HOVER,665269,3/15/2022 10:48,0667e56a-abe6-4097-9a56-33735f4855e2,Gauze,1006,,,,,,,,,,
TOOL_HOVER,665297,3/15/2022 10:48,0667e56a-abe6-4097-9a56-33735f4855e2,Gauze,1006,,,,,,,,,,
TOOL_HOVER,665329,3/15/2022 10:48,0667e56a-abe6-4097-9a56-33735f4855e2,Gauze,1006,,,,,,,,,,
TOOL_HOVER,665355,3/15/2022 10:48,0667e56a-abe6-4097-9a56-33735f4855e2,Gauze,1006,,,,,,,,,,
TOOL_HOVER,665382,3/15/2022 10:48,0667e56a-abe6-4097-9a56-33735f4855e2,Gauze,1006,,,,,,,,,,
TOOL_HOVER,665409,3/15/2022 10:48,0667e56a-abe6-4097-9a56-33735f4855e2,Gauze,1006,,,,,,,,,,
TOOL_HOVER,665439,3/15/2022 10:48,0667e56a-abe6-4097-9a56-33735f4855e2,Tourniquet,994,,,,,,,,,,
TOOL_HOVER,665466,3/15/2022 10:48,0667e56a-abe6-4097-9a56-33735f4855e2,Tourniquet,994,,,,,,,,,,
TOOL_HOVER,665493,3/15/2022 10:48,0667e56a-abe6-4097-9a56-33735f4855e2,Tourniquet,994,,,,,,,,,,
TOOL_SELECTED,665494,3/15/2022 10:48,0667e56a-abe6-4097-9a56-33735f4855e2,Tourniquet,993,,,,,,,,,,
INJURY_TREATED,667635,3/15/2022 10:48,0667e56a-abe6-4097-9a56-33735f4855e2,R Calf Laceration,Mike_7 Root,gauzePressure,low,rightLeg,FALSE,TRUE,"(1.4, 0.2, 4.4)",,,,
TOOL_APPLIED,667636,3/15/2022 10:48,0667e56a-abe6-4097-9a56-33735f4855e2,Mike_7 Root,Tourniquet,RightLeg (UnityEngine.GameObject),tor_ring (1) (UnityEngine.GameObject),tourniquet(Clone) (UnityEngine.GameObject),AppliedTourniquet,,,,,,
TAG_SELECTED,673875,3/15/2022 10:48,0667e56a-abe6-4097-9a56-33735f4855e2,yellow,,,,,,,,,,,
TAG_APPLIED,675433,3/15/2022 10:48,0667e56a-abe6-4097-9a56-33735f4855e2,Mike_7 Root,yellow,,,,,,,,,,
BAG_CLOSED,681421,3/15/2022 10:48,0667e56a-abe6-4097-9a56-33735f4855e2,"(0.8, 0.8, 4.8)",,,,,,,,,,,
TELEPORT,681421,3/15/2022 10:48,0667e56a-abe6-4097-9a56-33735f4855e2,"(0.0, 0.0, 5.5)",,,,,,,,,,,
BAG_ACCESS,685708,3/15/2022 10:48,0667e56a-abe6-4097-9a56-33735f4855e2,"(-1.2, 0.8, 4.0)",,,,,,,,,,,
TAG_SELECTED,687437,3/15/2022 10:48,0667e56a-abe6-4097-9a56-33735f4855e2,yellow,,,,,,,,,,,
PATIENT_ENGAGED,688466,3/15/2022 10:48,0667e56a-abe6-4097-9a56-33735f4855e2,100,Infinity,Gloria_6 Root,"(-1.0, 0.0, 3.2)","(0.0, 0.4, 0.0, 0.9)",DELAYED,waver,fast,normal,normal,calm,fetal
TAG_APPLIED,688941,3/15/2022 10:48,0667e56a-abe6-4097-9a56-33735f4855e2,Gloria_6 Root,yellow,,,,,,,,,,
BAG_CLOSED,691363,3/15/2022 10:48,0667e56a-abe6-4097-9a56-33735f4855e2,"(-1.2, 0.8, 4.0)",,,,,,,,,,,
TELEPORT,695263,3/15/2022 10:48,0667e56a-abe6-4097-9a56-33735f4855e2,"(-1.1, 0.0, 4.9)",,,,,,,,,,,
PATIENT_ENGAGED,699744,3/15/2022 10:48,0667e56a-abe6-4097-9a56-33735f4855e2,63.87083,Infinity,Mike_5 Root,"(2.6, 0.0, 2.0)","(0.0, 1.0, 0.0, 0.0)",IMMEDIATE,waver,fast,normal,normal,calm,fetal
BAG_ACCESS,704367,3/15/2022 10:48,0667e56a-abe6-4097-9a56-33735f4855e2,"(2.6, 0.8, 2.2)",,,,,,,,,,,
TAG_SELECTED,705510,3/15/2022 10:48,0667e56a-abe6-4097-9a56-33735f4855e2,yellow,,,,,,,,,,,
TAG_APPLIED,708349,3/15/2022 10:48,0667e56a-abe6-4097-9a56-33735f4855e2,Mike_5 Root,yellow,,,,,,,,,,
BAG_CLOSED,710857,3/15/2022 10:48,0667e56a-abe6-4097-9a56-33735f4855e2,"(2.6, 0.8, 2.2)",,,,,,,,,,,
BAG_ACCESS,716729,3/15/2022 10:48,0667e56a-abe6-4097-9a56-33735f4855e2,"(2.6, 0.8, 3.1)",,,,,,,,,,,
TAG_SELECTED,718289,3/15/2022 10:48,0667e56a-abe6-4097-9a56-33735f4855e2,red,,,,,,,,,,,
TAG_APPLIED,720128,3/15/2022 10:48,0667e56a-abe6-4097-9a56-33735f4855e2,Mike_5 Root,red,,,,,,,,,,
BAG_CLOSED,724782,3/15/2022 10:49,0667e56a-abe6-4097-9a56-33735f4855e2,"(2.6, 0.8, 3.1)",,,,,,,,,,,
TELEPORT,733389,3/15/2022 10:49,0667e56a-abe6-4097-9a56-33735f4855e2,"(2.6, 0.0, 3.3)",,,,,,,,,,,
TELEPORT,738592,3/15/2022 10:49,0667e56a-abe6-4097-9a56-33735f4855e2,"(3.3, 0.0, 5.1)",,,,,,,,,,,
TELEPORT,739846,3/15/2022 10:49,0667e56a-abe6-4097-9a56-33735f4855e2,"(3.3, 0.0, 5.1)",,,,,,,,,,,
PATIENT_ENGAGED,743800,3/15/2022 10:49,0667e56a-abe6-4097-9a56-33735f4855e2,100,Infinity,Gary_1 Root,"(2.0, 0.0, 7.0)","(0.0, 1.0, 0.0, 0.0)",EXPECTANT,still,none,restricted,none,unresponsive,supine
TELEPORT,757277,3/15/2022 10:49,0667e56a-abe6-4097-9a56-33735f4855e2,"(2.7, 0.0, 6.0)",,,,,,,,,,,
BAG_ACCESS,763186,3/15/2022 10:49,0667e56a-abe6-4097-9a56-33735f4855e2,"(2.3, 0.8, 7.3)",,,,,,,,,,,
BAG_CLOSED,765328,3/15/2022 10:49,0667e56a-abe6-4097-9a56-33735f4855e2,"(2.3, 0.8, 7.3)",,,,,,,,,,,
TELEPORT,774324,3/15/2022 10:49,0667e56a-abe6-4097-9a56-33735f4855e2,"(3.8, 0.0, 6.3)",,,,,,,,,,,
PATIENT_ENGAGED,775686,3/15/2022 10:49,0667e56a-abe6-4097-9a56-33735f4855e2,100,Infinity,Bob_9 Root,"(2.8, 0.0, -3.5)","(0.0, 0.5, 0.0, 0.8)",MINIMAL,walker,normal,normal,normal,calm,standing
TELEPORT,780781,3/15/2022 10:50,0667e56a-abe6-4097-9a56-33735f4855e2,"(4.6, 0.0, -1.1)",,,,,,,,,,,
PATIENT_ENGAGED,785348,3/15/2022 10:50,0667e56a-abe6-4097-9a56-33735f4855e2,100,Infinity,Helga_10 Root,"(4.2, 0.0, -4.4)","(0.0, -0.3, 0.0, 1.0)",MINIMAL,walker,normal,normal,normal,calm,standing
VOICE_CAPTURE,793565,3/15/2022 10:50,0667e56a-abe6-4097-9a56-33735f4855e2,are you hurt,NA,,,,,,,,,,
VOICE_COMMAND,793565,3/15/2022 10:50,0667e56a-abe6-4097-9a56-33735f4855e2,are you hurt,are you hurt,,,,,,,,,,
BAG_ACCESS,797715,3/15/2022 10:50,0667e56a-abe6-4097-9a56-33735f4855e2,"(3.7, 0.8, -3.5)",,,,,,,,,,,
TOOL_HOVER,798438,3/15/2022 10:50,0667e56a-abe6-4097-9a56-33735f4855e2,Hemostatic Gauze,1000,,,,,,,,,,
TOOL_HOVER,798465,3/15/2022 10:50,0667e56a-abe6-4097-9a56-33735f4855e2,Hemostatic Gauze,1000,,,,,,,,,,
TOOL_HOVER,798493,3/15/2022 10:50,0667e56a-abe6-4097-9a56-33735f4855e2,Hemostatic Gauze,1000,,,,,,,,,,
TOOL_HOVER,798522,3/15/2022 10:50,0667e56a-abe6-4097-9a56-33735f4855e2,Hemostatic Gauze,1000,,,,,,,,,,
TOOL_HOVER,798549,3/15/2022 10:50,0667e56a-abe6-4097-9a56-33735f4855e2,Hemostatic Gauze,1000,,,,,,,,,,
TOOL_HOVER,798577,3/15/2022 10:50,0667e56a-abe6-4097-9a56-33735f4855e2,Hemostatic Gauze,1000,,,,,,,,,,
TOOL_SELECTED,798578,3/15/2022 10:50,0667e56a-abe6-4097-9a56-33735f4855e2,Hemostatic Gauze,999,,,,,,,,,,
TOOL_DISCARDED,800582,3/15/2022 10:50,0667e56a-abe6-4097-9a56-33735f4855e2,Hemostatic Gauze,999,"(4.1, 1.5, -4.4)",,,,,,,,,
TOOL_DISCARDED,800582,3/15/2022 10:50,0667e56a-abe6-4097-9a56-33735f4855e2,Hemostatic Gauze,1000,"(4.1, 1.5, -4.4)",,,,,,,,,
TOOL_HOVER,802643,3/15/2022 10:50,0667e56a-abe6-4097-9a56-33735f4855e2,Hemostatic Gauze,1001,,,,,,,,,,
TOOL_HOVER,802671,3/15/2022 10:50,0667e56a-abe6-4097-9a56-33735f4855e2,Hemostatic Gauze,1001,,,,,,,,,,
TOOL_HOVER,802698,3/15/2022 10:50,0667e56a-abe6-4097-9a56-33735f4855e2,Hemostatic Gauze,1001,,,,,,,,,,
TOOL_SELECTED,802699,3/15/2022 10:50,0667e56a-abe6-4097-9a56-33735f4855e2,Hemostatic Gauze,1000,,,,,,,,,,
TOOL_DISCARDED,804983,3/15/2022 10:50,0667e56a-abe6-4097-9a56-33735f4855e2,Hemostatic Gauze,1000,"(4.2, 1.5, -4.4)",,,,,,,,,
TOOL_DISCARDED,804983,3/15/2022 10:50,0667e56a-abe6-4097-9a56-33735f4855e2,Hemostatic Gauze,1001,"(4.2, 1.5, -4.4)",,,,,,,,,
PATIENT_ENGAGED,807515,3/15/2022 10:50,0667e56a-abe6-4097-9a56-33735f4855e2,100,Infinity,Bob_9 Root,"(2.8, 0.0, -3.5)","(0.0, 0.5, 0.0, 0.8)",MINIMAL,walker,normal,normal,normal,calm,standing
TAG_SELECTED,809493,3/15/2022 10:50,0667e56a-abe6-4097-9a56-33735f4855e2,gray,,,,,,,,,,,
TAG_APPLIED,810329,3/15/2022 10:50,0667e56a-abe6-4097-9a56-33735f4855e2,Bob_9 Root,gray,,,,,,,,,,
TAG_SELECTED,810830,3/15/2022 10:50,0667e56a-abe6-4097-9a56-33735f4855e2,green,,,,,,,,,,,
BAG_CLOSED,812169,3/15/2022 10:50,0667e56a-abe6-4097-9a56-33735f4855e2,"(3.7, 0.8, -3.5)",,,,,,,,,,,
TAG_APPLIED,812974,3/15/2022 10:50,0667e56a-abe6-4097-9a56-33735f4855e2,Helga_10 Root,green,,,,,,,,,,
BAG_ACCESS,822137,3/15/2022 10:50,0667e56a-abe6-4097-9a56-33735f4855e2,"(3.3, 0.8, -2.9)",,,,,,,,,,,
TAG_SELECTED,823084,3/15/2022 10:50,0667e56a-abe6-4097-9a56-33735f4855e2,green,,,,,,,,,,,
TAG_APPLIED,824197,3/15/2022 10:50,0667e56a-abe6-4097-9a56-33735f4855e2,Bob_9 Root,green,,,,,,,,,,
BAG_CLOSED,827206,3/15/2022 10:50,0667e56a-abe6-4097-9a56-33735f4855e2,"(3.3, 0.8, -2.9)",,,,,,,,,,,
PATIENT_ENGAGED,831937,3/15/2022 10:50,0667e56a-abe6-4097-9a56-33735f4855e2,100,Infinity,Gloria_8 Root,"(1.8, 0.0, -3.1)","(0.0, 0.6, 0.0, 0.8)",DELAYED,walker,normal,normal,normal,calm,sittingGround
BAG_ACCESS,833274,3/15/2022 10:50,0667e56a-abe6-4097-9a56-33735f4855e2,"(2.9, 0.8, -2.6)",,,,,,,,,,,
BAG_CLOSED,834333,3/15/2022 10:50,0667e56a-abe6-4097-9a56-33735f4855e2,"(2.9, 0.8, -2.6)",,,,,,,,,,,
TELEPORT,834333,3/15/2022 10:50,0667e56a-abe6-4097-9a56-33735f4855e2,"(4.8, 0.0, -3.3)",,,,,,,,,,,
BAG_ACCESS,839792,3/15/2022 10:50,0667e56a-abe6-4097-9a56-33735f4855e2,"(2.3, 0.5, -2.7)",,,,,,,,,,,
TOOL_HOVER,840545,3/15/2022 10:50,0667e56a-abe6-4097-9a56-33735f4855e2,Hemostatic Gauze,1002,,,,,,,,,,
TOOL_HOVER,840573,3/15/2022 10:51,0667e56a-abe6-4097-9a56-33735f4855e2,Hemostatic Gauze,1002,,,,,,,,,,
TOOL_HOVER,840600,3/15/2022 10:51,0667e56a-abe6-4097-9a56-33735f4855e2,Hemostatic Gauze,1002,,,,,,,,,,
TOOL_HOVER,840629,3/15/2022 10:51,0667e56a-abe6-4097-9a56-33735f4855e2,Hemostatic Gauze,1002,,,,,,,,,,
TOOL_SELECTED,840630,3/15/2022 10:51,0667e56a-abe6-4097-9a56-33735f4855e2,Hemostatic Gauze,1001,,,,,,,,,,
TOOL_DISCARDED,841713,3/15/2022 10:51,0667e56a-abe6-4097-9a56-33735f4855e2,Hemostatic Gauze,1001,"(1.7, 0.3, -3.1)",,,,,,,,,
TOOL_APPLIED,841713,3/15/2022 10:51,0667e56a-abe6-4097-9a56-33735f4855e2,Gloria_8 Root,Gauze_Pack,skinCollider_Body_LOD (UnityEngine.GameObject),null,null,AppliedPackingGauze,,,,,,
TOOL_HOVER,843246,3/15/2022 10:51,0667e56a-abe6-4097-9a56-33735f4855e2,Hemostatic Gauze,1002,,,,,,,,,,
TOOL_HOVER,843273,3/15/2022 10:51,0667e56a-abe6-4097-9a56-33735f4855e2,Hemostatic Gauze,1002,,,,,,,,,,
TOOL_HOVER,843301,3/15/2022 10:51,0667e56a-abe6-4097-9a56-33735f4855e2,Hemostatic Gauze,1002,,,,,,,,,,
TOOL_HOVER,843329,3/15/2022 10:51,0667e56a-abe6-4097-9a56-33735f4855e2,Hemostatic Gauze,1002,,,,,,,,,,
TOOL_SELECTED,843330,3/15/2022 10:51,0667e56a-abe6-4097-9a56-33735f4855e2,Hemostatic Gauze,1001,,,,,,,,,,
TOOL_DISCARDED,845167,3/15/2022 10:51,0667e56a-abe6-4097-9a56-33735f4855e2,Hemostatic Gauze,1001,"(2.0, 0.7, -2.1)",,,,,,,,,
TOOL_DISCARDED,845167,3/15/2022 10:51,0667e56a-abe6-4097-9a56-33735f4855e2,Hemostatic Gauze,1002,"(2.0, 0.7, -2.1)",,,,,,,,,
TOOL_HOVER,845528,3/15/2022 10:51,0667e56a-abe6-4097-9a56-33735f4855e2,Gauze,1006,,,,,,,,,,
TOOL_HOVER,845556,3/15/2022 10:51,0667e56a-abe6-4097-9a56-33735f4855e2,Gauze,1006,,,,,,,,,,
TOOL_HOVER,845583,3/15/2022 10:51,0667e56a-abe6-4097-9a56-33735f4855e2,Gauze,1006,,,,,,,,,,
TOOL_HOVER,845611,3/15/2022 10:51,0667e56a-abe6-4097-9a56-33735f4855e2,Gauze,1006,,,,,,,,,,
TOOL_HOVER,845640,3/15/2022 10:51,0667e56a-abe6-4097-9a56-33735f4855e2,Gauze,1006,,,,,,,,,,
TOOL_SELECTED,845641,3/15/2022 10:51,0667e56a-abe6-4097-9a56-33735f4855e2,Gauze,1005,,,,,,,,,,
TOOL_DISCARDED,846531,3/15/2022 10:51,0667e56a-abe6-4097-9a56-33735f4855e2,Gauze,1005,"(1.7, 0.4, -3.0)",,,,,,,,,
INJURY_TREATED,846531,3/15/2022 10:51,0667e56a-abe6-4097-9a56-33735f4855e2,L Forearm Laceration,Gloria_8 Root,gauzePressure,low,leftArm,TRUE,FALSE,"(1.7, 0.3, -3.0)",,,,
TOOL_APPLIED,846531,3/15/2022 10:51,0667e56a-abe6-4097-9a56-33735f4855e2,Gloria_8 Root,Gauze_Dressing,skinCollider_Body_LOD (UnityEngine.GameObject),null,null,AppliedDressingGauze,,,,,,
TAG_SELECTED,849093,3/15/2022 10:51,0667e56a-abe6-4097-9a56-33735f4855e2,green,,,,,,,,,,,
TAG_APPLIED,850347,3/15/2022 10:51,0667e56a-abe6-4097-9a56-33735f4855e2,Gloria_8 Root,green,,,,,,,,,,
PULSE_TAKEN,850401,3/15/2022 10:51,0667e56a-abe6-4097-9a56-33735f4855e2,pulse_normal,Gloria_8 Root,,,,,,,,,,
TAG_SELECTED,851432,3/15/2022 10:51,0667e56a-abe6-4097-9a56-33735f4855e2,gray,,,,,,,,,,,
TAG_APPLIED,851989,3/15/2022 10:51,0667e56a-abe6-4097-9a56-33735f4855e2,Bob_9 Root,gray,,,,,,,,,,
BAG_CLOSED,852101,3/15/2022 10:51,0667e56a-abe6-4097-9a56-33735f4855e2,"(2.3, 0.5, -2.7)",,,,,,,,,,,
PATIENT_ENGAGED,853410,3/15/2022 10:51,0667e56a-abe6-4097-9a56-33735f4855e2,100,Infinity,Bob_9 Root,"(2.8, 0.0, -3.5)","(0.0, 0.5, 0.0, 0.8)",MINIMAL,walker,normal,normal,normal,calm,standing
SESSION_END,855165,3/15/2022 10:51,0667e56a-abe6-4097-9a56-33735f4855e2,,,,,,,,,,,,
