PATIENT_DEMOTED,238067,3/16/2022 11:26,24205a11-9e21-44b7-a565-985454c90776,100,Infinity,Bob_0 Root,"(-1.0, 0.0, 6.0)","(0.0, 0.7, 0.0, 0.7)",EXPECTANT,still,faint,restricted,none,unresponsive,supine
PATIENT_DEMOTED,238289,3/16/2022 11:26,24205a11-9e21-44b7-a565-985454c90776,100,Infinity,Bob_0 Root,"(-1.0, 0.0, 6.0)","(0.0, 0.7, 0.0, 0.7)",DEAD,still,none,none,none,dead,supine
PATIENT_DEMOTED,238421,3/16/2022 11:26,24205a11-9e21-44b7-a565-985454c90776,100,Infinity,Gary_1 Root,"(2.0, 0.0, 7.0)","(0.0, 1.0, 0.0, 0.0)",EXPECTANT,still,faint,restricted,none,unresponsive,supine
VOICE_CAPTURE,238755,3/16/2022 11:26,24205a11-9e21-44b7-a565-985454c90776,sounds good,NA,,,,,,,,,,
PATIENT_DEMOTED,239189,3/16/2022 11:26,24205a11-9e21-44b7-a565-985454c90776,100,Infinity,Lily_2 Root,"(3.0, 0.0, 4.0)","(0.0, 1.0, 0.0, 0.0)",IMMEDIATE,waver,fast,fast,normal,agony,fetal
PATIENT_DEMOTED,239863,3/16/2022 11:26,24205a11-9e21-44b7-a565-985454c90776,100,0,Gary_3 Root,"(0.0, 0.0, 2.0)","(0.0, 0.0, 0.0, 1.0)",IMMEDIATE,still,faint,collapsedRight,normal,unresponsive,supine
PATIENT_DEMOTED,240477,3/16/2022 11:26,24205a11-9e21-44b7-a565-985454c90776,100,Infinity,Lily_4 Root,"(1.4, 0.0, 6.0)","(0.0, 1.0, 0.0, 0.0)",IMMEDIATE,waver,fast,normal,normal,upset,fetal
PATIENT_DEMOTED,241362,3/16/2022 11:26,24205a11-9e21-44b7-a565-985454c90776,63.87083,Infinity,Mike_5 Root,"(2.6, 0.0, 2.0)","(0.0, 1.0, 0.0, 0.0)",IMMEDIATE,waver,fast,normal,normal,upset,fetal
PATIENT_DEMOTED,241919,3/16/2022 11:26,24205a11-9e21-44b7-a565-985454c90776,100,Infinity,Gloria_6 Root,"(-1.0, 0.0, 3.2)","(0.0, 0.4, 0.0, 0.9)",IMMEDIATE,waver,fast,normal,normal,upset,fetal
PATIENT_DEMOTED,242330,3/16/2022 11:26,24205a11-9e21-44b7-a565-985454c90776,100,Infinity,Gloria_6 Root,"(-1.0, 0.0, 3.2)","(0.0, 0.4, 0.0, 0.9)",DELAYED,waver,fast,normal,normal,upset,fetal
PATIENT_DEMOTED,242625,3/16/2022 11:26,24205a11-9e21-44b7-a565-985454c90776,63.87083,Infinity,Mike_7 Root,"(1.4, 0.0, 4.0)","(0.0, 0.1, 0.0, 1.0)",IMMEDIATE,waver,fast,normal,normal,upset,sittingGround
PATIENT_DEMOTED,242995,3/16/2022 11:26,24205a11-9e21-44b7-a565-985454c90776,63.87083,Infinity,Mike_7 Root,"(1.4, 0.0, 4.0)","(0.0, 0.1, 0.0, 1.0)",DELAYED,waver,fast,normal,normal,upset,sittingGround
PATIENT_DEMOTED,243243,3/16/2022 11:26,24205a11-9e21-44b7-a565-985454c90776,100,Infinity,Gloria_8 Root,"(4.0, 0.0, 6.0)","(0.0, 1.0, 0.0, 0.0)",DELAYED,walker,normal,normal,normal,upset,sittingGround
SESSION_START,247093,3/16/2022 11:27,24205a11-9e21-44b7-a565-985454c90776,,,,,,,,,,,,
PATIENT_RECORD,247094,3/16/2022 11:27,24205a11-9e21-44b7-a565-985454c90776,100,Infinity,Bob_0 Root,"(-1.0, 0.0, 6.0)","(0.0, 0.7, 0.0, 0.7)",DEAD,still,none,none,none,dead,supine
INJURY_RECORD,247094,3/16/2022 11:27,24205a11-9e21-44b7-a565-985454c90776,Face Shrapnel,Bob_0 Root,gauzePressure,high,head,FALSE,FALSE,"(-0.9, 1.8, 5.9)",,,,
INJURY_RECORD,247094,3/16/2022 11:27,24205a11-9e21-44b7-a565-985454c90776,L Wrist Amputation,Bob_0 Root,tourniquet,high,leftArm,FALSE,FALSE,"(-1.1, 1.4, 6.7)",,,,
INJURY_RECORD,247094,3/16/2022 11:27,24205a11-9e21-44b7-a565-985454c90776,L Chest Collapse,Bob_0 Root,decompress,high,chest,FALSE,FALSE,"(0.0, 0.0, 0.0)",,,,
INJURY_RECORD,247094,3/16/2022 11:27,24205a11-9e21-44b7-a565-985454c90776,L Stomach Puncture,Bob_0 Root,woundpack,high,abdomen,FALSE,FALSE,"(-0.9, 1.2, 6.1)",,,,
INJURY_RECORD,247094,3/16/2022 11:27,24205a11-9e21-44b7-a565-985454c90776,R Shin Amputation,Bob_0 Root,tourniquet,high,rightLeg,FALSE,FALSE,"(-1.0, 0.4, 5.9)",,,,
INJURY_RECORD,247094,3/16/2022 11:27,24205a11-9e21-44b7-a565-985454c90776,L Thigh Laceration,Bob_0 Root,gauzePressure,medium,leftLeg,FALSE,FALSE,"(-0.9, 0.7, 6.1)",,,,
PATIENT_RECORD,247094,3/16/2022 11:27,24205a11-9e21-44b7-a565-985454c90776,100,Infinity,Gary_1 Root,"(2.0, 0.0, 7.0)","(0.0, 1.0, 0.0, 0.0)",EXPECTANT,still,none,restricted,none,unresponsive,supine
INJURY_RECORD,247094,3/16/2022 11:27,24205a11-9e21-44b7-a565-985454c90776,Face Shrapnel,Gary_1 Root,gauzePressure,high,head,FALSE,FALSE,"(1.9, 1.7, 6.9)",,,,
PATIENT_RECORD,247094,3/16/2022 11:27,24205a11-9e21-44b7-a565-985454c90776,100,Infinity,Lily_2 Root,"(3.0, 0.0, 4.0)","(0.0, 1.0, 0.0, 0.0)",IMMEDIATE,waver,fast,fast,normal,agony,fetal
INJURY_RECORD,247094,3/16/2022 11:27,24205a11-9e21-44b7-a565-985454c90776,R Shin Amputation,Lily_2 Root,tourniquet,high,rightLeg,FALSE,FALSE,"(2.9, 0.4, 4.0)",,,,
PATIENT_RECORD,247094,3/16/2022 11:27,24205a11-9e21-44b7-a565-985454c90776,100,0,Gary_3 Root,"(0.0, 0.0, 2.0)","(0.0, 0.0, 0.0, 1.0)",IMMEDIATE,still,faint,collapsedRight,normal,unresponsive,supine
INJURY_RECORD,247094,3/16/2022 11:27,24205a11-9e21-44b7-a565-985454c90776,R Chest Collapse,Gary_3 Root,decompress,high,chest,FALSE,FALSE,"(0.0, 0.0, 0.0)",,,,
PATIENT_RECORD,247094,3/16/2022 11:27,24205a11-9e21-44b7-a565-985454c90776,100,Infinity,Lily_4 Root,"(1.4, 0.0, 6.0)","(0.0, 1.0, 0.0, 0.0)",IMMEDIATE,waver,fast,normal,normal,upset,fetal
INJURY_RECORD,247094,3/16/2022 11:27,24205a11-9e21-44b7-a565-985454c90776,L Side Puncture,Lily_4 Root,woundpack,medium,abdomen,FALSE,FALSE,"(1.5, 1.0, 5.9)",,,,
PATIENT_RECORD,247094,3/16/2022 11:27,24205a11-9e21-44b7-a565-985454c90776,63.87083,Infinity,Mike_5 Root,"(2.6, 0.0, 2.0)","(0.0, 1.0, 0.0, 0.0)",IMMEDIATE,waver,fast,normal,normal,upset,fetal
INJURY_RECORD,247094,3/16/2022 11:27,24205a11-9e21-44b7-a565-985454c90776,R Side Puncture,Mike_5 Root,woundpack,medium,abdomen,FALSE,FALSE,"(2.5, 1.2, 1.9)",,,,
INJURY_RECORD,247094,3/16/2022 11:27,24205a11-9e21-44b7-a565-985454c90776,R Thigh Laceration,Mike_5 Root,gauzePressure,medium,rightLeg,FALSE,FALSE,"(2.4, 0.7, 2.0)",,,,
PATIENT_RECORD,247094,3/16/2022 11:27,24205a11-9e21-44b7-a565-985454c90776,100,Infinity,Gloria_6 Root,"(-1.0, 0.0, 3.2)","(0.0, 0.4, 0.0, 0.9)",DELAYED,waver,fast,normal,normal,upset,fetal
INJURY_RECORD,247094,3/16/2022 11:27,24205a11-9e21-44b7-a565-985454c90776,R Calf Shrapnel,Gloria_6 Root,tourniquet,medium,rightLeg,FALSE,FALSE,"(-0.9, 0.3, 3.1)",,,,
PATIENT_RECORD,247094,3/16/2022 11:27,24205a11-9e21-44b7-a565-985454c90776,63.87083,Infinity,Mike_7 Root,"(1.4, 0.0, 4.0)","(0.0, 0.1, 0.0, 1.0)",DELAYED,waver,fast,normal,normal,upset,sittingGround
INJURY_RECORD,247094,3/16/2022 11:27,24205a11-9e21-44b7-a565-985454c90776,L Thigh Puncture,Mike_7 Root,tourniquet,medium,leftLeg,FALSE,FALSE,"(1.4, 0.7, 4.1)",,,,
INJURY_RECORD,247094,3/16/2022 11:27,24205a11-9e21-44b7-a565-985454c90776,R Calf Laceration,Mike_7 Root,gauzePressure,low,rightLeg,FALSE,FALSE,"(1.5, 0.4, 3.9)",,,,
PATIENT_RECORD,247094,3/16/2022 11:27,24205a11-9e21-44b7-a565-985454c90776,100,Infinity,Gloria_8 Root,"(4.0, 0.0, 6.0)","(0.0, 1.0, 0.0, 0.0)",DELAYED,walker,normal,normal,normal,upset,sittingGround
INJURY_RECORD,247094,3/16/2022 11:27,24205a11-9e21-44b7-a565-985454c90776,L Forearm Laceration,Gloria_8 Root,gauzePressure,low,leftArm,FALSE,FALSE,"(4.6, 1.3, 5.9)",,,,
PATIENT_RECORD,247094,3/16/2022 11:27,24205a11-9e21-44b7-a565-985454c90776,100,Infinity,Bob_9 Root,"(2.6, 0.0, 8.0)","(0.0, 1.0, 0.0, 0.0)",MINIMAL,walker,normal,normal,normal,calm,standing
INJURY_RECORD,247094,3/16/2022 11:27,24205a11-9e21-44b7-a565-985454c90776,Ear Bleed,Bob_9 Root,none,low,head,FALSE,FALSE,"(0.0, 0.0, 0.0)",,,,
PATIENT_RECORD,247094,3/16/2022 11:27,24205a11-9e21-44b7-a565-985454c90776,100,Infinity,Helga_10 Root,"(3.9, 0.0, 8.0)","(0.0, 1.0, 0.0, 0.0)",MINIMAL,walker,normal,normal,normal,calm,sittingGround
INJURY_RECORD,247094,3/16/2022 11:27,24205a11-9e21-44b7-a565-985454c90776,Forehead Scrape,Helga_10 Root,gauzePressure,low,head,FALSE,FALSE,"(4.0, 1.5, 7.9)",,,,
TELEPORT,254442,3/16/2022 11:27,24205a11-9e21-44b7-a565-985454c90776,"(4.2, 0.0, -4.9)",,,,,,,,,,,
VOICE_CAPTURE,258169,3/16/2022 11:27,24205a11-9e21-44b7-a565-985454c90776,alright,NA,,,,,,,,,,
VOICE_CAPTURE,259845,3/16/2022 11:27,24205a11-9e21-44b7-a565-985454c90776,oh this is the button,NA,,,,,,,,,,
VOICE_CAPTURE,260314,3/16/2022 11:27,24205a11-9e21-44b7-a565-985454c90776,alright,NA,,,,,,,,,,
VOICE_CAPTURE,263796,3/16/2022 11:27,24205a11-9e21-44b7-a565-985454c90776,who is able to walk right now,NA,,,,,,,,,,
VOICE_COMMAND,263797,3/16/2022 11:27,24205a11-9e21-44b7-a565-985454c90776,walk to the safe area,who is able to walk right now,,,,,,,,,,
S_A_L_T_WALK_IF_CAN,263798,3/16/2022 11:27,24205a11-9e21-44b7-a565-985454c90776,"(-1.0, 0.0, 6.0)",walkIfCan,Bob_0 Root,,,,,,,,,
S_A_L_T_WALK_IF_CAN,263798,3/16/2022 11:27,24205a11-9e21-44b7-a565-985454c90776,"(2.0, 0.0, 7.0)",walkIfCan,Gary_1 Root,,,,,,,,,
S_A_L_T_WALK_IF_CAN,263798,3/16/2022 11:27,24205a11-9e21-44b7-a565-985454c90776,"(3.0, 0.0, 4.0)",walkIfCan,Lily_2 Root,,,,,,,,,
S_A_L_T_WALK_IF_CAN,263798,3/16/2022 11:27,24205a11-9e21-44b7-a565-985454c90776,"(0.0, 0.0, 2.0)",walkIfCan,Gary_3 Root,,,,,,,,,
S_A_L_T_WALK_IF_CAN,263798,3/16/2022 11:27,24205a11-9e21-44b7-a565-985454c90776,"(1.4, 0.0, 6.0)",walkIfCan,Lily_4 Root,,,,,,,,,
S_A_L_T_WALK_IF_CAN,263798,3/16/2022 11:27,24205a11-9e21-44b7-a565-985454c90776,"(2.6, 0.0, 2.0)",walkIfCan,Mike_5 Root,,,,,,,,,
S_A_L_T_WALK_IF_CAN,263798,3/16/2022 11:27,24205a11-9e21-44b7-a565-985454c90776,"(-1.0, 0.0, 3.2)",walkIfCan,Gloria_6 Root,,,,,,,,,
S_A_L_T_WALK_IF_CAN,263798,3/16/2022 11:27,24205a11-9e21-44b7-a565-985454c90776,"(1.4, 0.0, 4.0)",walkIfCan,Mike_7 Root,,,,,,,,,
S_A_L_T_WALK_IF_CAN,263798,3/16/2022 11:27,24205a11-9e21-44b7-a565-985454c90776,"(4.0, 0.0, 6.0)",walkIfCan,Gloria_8 Root,,,,,,,,,
S_A_L_T_WALKED,263798,3/16/2022 11:27,24205a11-9e21-44b7-a565-985454c90776,"(4.0, 0.0, 6.0)",walked,Gloria_8 Root,,,,,,,,,
S_A_L_T_WALK_IF_CAN,263798,3/16/2022 11:27,24205a11-9e21-44b7-a565-985454c90776,"(2.6, 0.0, 8.0)",walkIfCan,Bob_9 Root,,,,,,,,,
S_A_L_T_WALKED,263798,3/16/2022 11:27,24205a11-9e21-44b7-a565-985454c90776,"(2.6, 0.0, 8.0)",walked,Bob_9 Root,,,,,,,,,
S_A_L_T_WALK_IF_CAN,263798,3/16/2022 11:27,24205a11-9e21-44b7-a565-985454c90776,"(3.9, 0.0, 8.0)",walkIfCan,Helga_10 Root,,,,,,,,,
S_A_L_T_WALKED,263798,3/16/2022 11:27,24205a11-9e21-44b7-a565-985454c90776,"(3.9, 0.0, 8.0)",walked,Helga_10 Root,,,,,,,,,
PATIENT_ENGAGED,268865,3/16/2022 11:27,24205a11-9e21-44b7-a565-985454c90776,100,Infinity,Bob_9 Root,"(2.3, 0.0, 2.7)","(0.0, 1.0, 0.0, -0.1)",MINIMAL,walker,normal,normal,normal,calm,standing
VOICE_CAPTURE,270870,3/16/2022 11:27,24205a11-9e21-44b7-a565-985454c90776,OK we're gonna have you walk away,NA,,,,,,,,,,
VOICE_COMMAND,270870,3/16/2022 11:27,24205a11-9e21-44b7-a565-985454c90776,walk to the safe area,OK we're gonna have you walk away,,,,,,,,,,
S_A_L_T_WALK_IF_CAN,270871,3/16/2022 11:27,24205a11-9e21-44b7-a565-985454c90776,"(-1.0, 0.0, 6.0)",walkIfCan,Bob_0 Root,,,,,,,,,
S_A_L_T_WALK_IF_CAN,270871,3/16/2022 11:27,24205a11-9e21-44b7-a565-985454c90776,"(2.0, 0.0, 7.0)",walkIfCan,Gary_1 Root,,,,,,,,,
S_A_L_T_WALK_IF_CAN,270871,3/16/2022 11:27,24205a11-9e21-44b7-a565-985454c90776,"(3.0, 0.0, 4.0)",walkIfCan,Lily_2 Root,,,,,,,,,
S_A_L_T_WALK_IF_CAN,270872,3/16/2022 11:27,24205a11-9e21-44b7-a565-985454c90776,"(0.0, 0.0, 2.0)",walkIfCan,Gary_3 Root,,,,,,,,,
S_A_L_T_WALK_IF_CAN,270872,3/16/2022 11:27,24205a11-9e21-44b7-a565-985454c90776,"(1.4, 0.0, 6.0)",walkIfCan,Lily_4 Root,,,,,,,,,
S_A_L_T_WALK_IF_CAN,270872,3/16/2022 11:27,24205a11-9e21-44b7-a565-985454c90776,"(2.6, 0.0, 2.0)",walkIfCan,Mike_5 Root,,,,,,,,,
S_A_L_T_WALK_IF_CAN,270872,3/16/2022 11:27,24205a11-9e21-44b7-a565-985454c90776,"(-1.0, 0.0, 3.2)",walkIfCan,Gloria_6 Root,,,,,,,,,
S_A_L_T_WALK_IF_CAN,270872,3/16/2022 11:27,24205a11-9e21-44b7-a565-985454c90776,"(1.4, 0.0, 4.0)",walkIfCan,Mike_7 Root,,,,,,,,,
VOICE_CAPTURE,275324,3/16/2022 11:27,24205a11-9e21-44b7-a565-985454c90776,alright you can wave at me,NA,,,,,,,,,,
VOICE_COMMAND,275324,3/16/2022 11:27,24205a11-9e21-44b7-a565-985454c90776,wave if you can,alright you can wave at me,,,,,,,,,,
S_A_L_T_WAVE_IF_CAN,275327,3/16/2022 11:27,24205a11-9e21-44b7-a565-985454c90776,"(-1.0, 0.0, 6.0)",waveIfCan,Bob_0 Root,,,,,,,,,
S_A_L_T_WAVE_IF_CAN,275327,3/16/2022 11:27,24205a11-9e21-44b7-a565-985454c90776,"(2.0, 0.0, 7.0)",waveIfCan,Gary_1 Root,,,,,,,,,
S_A_L_T_WAVE_IF_CAN,275327,3/16/2022 11:27,24205a11-9e21-44b7-a565-985454c90776,"(3.0, 0.0, 4.0)",waveIfCan,Lily_2 Root,,,,,,,,,
S_A_L_T_WAVED,275327,3/16/2022 11:27,24205a11-9e21-44b7-a565-985454c90776,"(3.0, 0.0, 4.0)",waved,Lily_2 Root,,,,,,,,,
S_A_L_T_WAVE_IF_CAN,275327,3/16/2022 11:27,24205a11-9e21-44b7-a565-985454c90776,"(0.0, 0.0, 2.0)",waveIfCan,Gary_3 Root,,,,,,,,,
S_A_L_T_WAVE_IF_CAN,275327,3/16/2022 11:27,24205a11-9e21-44b7-a565-985454c90776,"(1.4, 0.0, 6.0)",waveIfCan,Lily_4 Root,,,,,,,,,
S_A_L_T_WAVED,275327,3/16/2022 11:27,24205a11-9e21-44b7-a565-985454c90776,"(1.4, 0.0, 6.0)",waved,Lily_4 Root,,,,,,,,,
S_A_L_T_WAVE_IF_CAN,275327,3/16/2022 11:27,24205a11-9e21-44b7-a565-985454c90776,"(2.6, 0.0, 2.0)",waveIfCan,Mike_5 Root,,,,,,,,,
S_A_L_T_WAVED,275327,3/16/2022 11:27,24205a11-9e21-44b7-a565-985454c90776,"(2.6, 0.0, 2.0)",waved,Mike_5 Root,,,,,,,,,
S_A_L_T_WAVE_IF_CAN,275327,3/16/2022 11:27,24205a11-9e21-44b7-a565-985454c90776,"(-1.0, 0.0, 3.2)",waveIfCan,Gloria_6 Root,,,,,,,,,
S_A_L_T_WAVED,275328,3/16/2022 11:27,24205a11-9e21-44b7-a565-985454c90776,"(-1.0, 0.0, 3.2)",waved,Gloria_6 Root,,,,,,,,,
S_A_L_T_WAVE_IF_CAN,275328,3/16/2022 11:27,24205a11-9e21-44b7-a565-985454c90776,"(1.4, 0.0, 4.0)",waveIfCan,Mike_7 Root,,,,,,,,,
S_A_L_T_WAVED,275328,3/16/2022 11:27,24205a11-9e21-44b7-a565-985454c90776,"(1.4, 0.0, 4.0)",waved,Mike_7 Root,,,,,,,,,
S_A_L_T_WAVE_IF_CAN,275328,3/16/2022 11:27,24205a11-9e21-44b7-a565-985454c90776,"(3.5, 0.0, -2.6)",waveIfCan,Gloria_8 Root,,,,,,,,,
S_A_L_T_WAVE_IF_CAN,275328,3/16/2022 11:27,24205a11-9e21-44b7-a565-985454c90776,"(4.0, 0.0, -1.6)",waveIfCan,Bob_9 Root,,,,,,,,,
S_A_L_T_WAVE_IF_CAN,275328,3/16/2022 11:27,24205a11-9e21-44b7-a565-985454c90776,"(1.9, 0.0, -1.5)",waveIfCan,Helga_10 Root,,,,,,,,,
S_A_L_T_WALK_IF_CAN,275354,3/16/2022 11:27,24205a11-9e21-44b7-a565-985454c90776,"(-1.0, 0.0, 6.0)",walkIfCan,Bob_0 Root,,,,,,,,,
S_A_L_T_WALK_IF_CAN,275354,3/16/2022 11:27,24205a11-9e21-44b7-a565-985454c90776,"(2.0, 0.0, 7.0)",walkIfCan,Gary_1 Root,,,,,,,,,
S_A_L_T_WALK_IF_CAN,275354,3/16/2022 11:27,24205a11-9e21-44b7-a565-985454c90776,"(3.0, 0.0, 4.0)",walkIfCan,Lily_2 Root,,,,,,,,,
S_A_L_T_WALK_IF_CAN,275354,3/16/2022 11:27,24205a11-9e21-44b7-a565-985454c90776,"(0.0, 0.0, 2.0)",walkIfCan,Gary_3 Root,,,,,,,,,
S_A_L_T_WALK_IF_CAN,275354,3/16/2022 11:27,24205a11-9e21-44b7-a565-985454c90776,"(1.4, 0.0, 6.0)",walkIfCan,Lily_4 Root,,,,,,,,,
S_A_L_T_WALK_IF_CAN,275354,3/16/2022 11:27,24205a11-9e21-44b7-a565-985454c90776,"(2.6, 0.0, 2.0)",walkIfCan,Mike_5 Root,,,,,,,,,
S_A_L_T_WALK_IF_CAN,275354,3/16/2022 11:27,24205a11-9e21-44b7-a565-985454c90776,"(-1.0, 0.0, 3.2)",walkIfCan,Gloria_6 Root,,,,,,,,,
S_A_L_T_WALK_IF_CAN,275354,3/16/2022 11:27,24205a11-9e21-44b7-a565-985454c90776,"(1.4, 0.0, 4.0)",walkIfCan,Mike_7 Root,,,,,,,,,
S_A_L_T_WALK_IF_CAN,275354,3/16/2022 11:27,24205a11-9e21-44b7-a565-985454c90776,"(3.5, 0.0, -2.6)",walkIfCan,Gloria_8 Root,,,,,,,,,
S_A_L_T_WALKED,275354,3/16/2022 11:27,24205a11-9e21-44b7-a565-985454c90776,"(3.5, 0.0, -2.6)",walked,Gloria_8 Root,,,,,,,,,
S_A_L_T_WALK_IF_CAN,275354,3/16/2022 11:27,24205a11-9e21-44b7-a565-985454c90776,"(4.0, 0.0, -1.6)",walkIfCan,Bob_9 Root,,,,,,,,,
S_A_L_T_WALKED,275354,3/16/2022 11:27,24205a11-9e21-44b7-a565-985454c90776,"(4.0, 0.0, -1.6)",walked,Bob_9 Root,,,,,,,,,
S_A_L_T_WALK_IF_CAN,275354,3/16/2022 11:27,24205a11-9e21-44b7-a565-985454c90776,"(1.8, 0.0, -1.5)",walkIfCan,Helga_10 Root,,,,,,,,,
S_A_L_T_WALKED,275354,3/16/2022 11:27,24205a11-9e21-44b7-a565-985454c90776,"(1.8, 0.0, -1.5)",walked,Helga_10 Root,,,,,,,,,
VOICE_CAPTURE,281065,3/16/2022 11:27,24205a11-9e21-44b7-a565-985454c90776,alright,NA,,,,,,,,,,
VOICE_CAPTURE,284040,3/16/2022 11:27,24205a11-9e21-44b7-a565-985454c90776,OK,NA,,,,,,,,,,
TELEPORT,285876,3/16/2022 11:27,24205a11-9e21-44b7-a565-985454c90776,"(2.5, 0.0, 1.0)",,,,,,,,,,,
VOICE_CAPTURE,287520,3/16/2022 11:27,24205a11-9e21-44b7-a565-985454c90776,alright this guy,NA,,,,,,,,,,
TELEPORT,287604,3/16/2022 11:27,24205a11-9e21-44b7-a565-985454c90776,"(2.1, 0.0, 1.2)",,,,,,,,,,,
PATIENT_ENGAGED,289202,3/16/2022 11:27,24205a11-9e21-44b7-a565-985454c90776,100,0,Gary_3 Root,"(0.0, 0.0, 2.0)","(0.0, 0.0, 0.0, 1.0)",IMMEDIATE,still,faint,collapsedRight,normal,unresponsive,supine
PULSE_TAKEN,289637,3/16/2022 11:27,24205a11-9e21-44b7-a565-985454c90776,pulse_faint,Gary_3 Root,,,,,,,,,,
VOICE_CAPTURE,291447,3/16/2022 11:27,24205a11-9e21-44b7-a565-985454c90776,is he,NA,,,,,,,,,,
PULSE_TAKEN,291642,3/16/2022 11:27,24205a11-9e21-44b7-a565-985454c90776,pulse_faint,Gary_3 Root,,,,,,,,,,
VOICE_CAPTURE,296380,3/16/2022 11:27,24205a11-9e21-44b7-a565-985454c90776,he's breathing i think,NA,,,,,,,,,,
BAG_ACCESS,298523,3/16/2022 11:27,24205a11-9e21-44b7-a565-985454c90776,"(1.0, 0.4, 1.4)",,,,,,,,,,,
TAG_SELECTED,302596,3/16/2022 11:27,24205a11-9e21-44b7-a565-985454c90776,red,,,,,,,,,,,
VOICE_CAPTURE,302834,3/16/2022 11:27,24205a11-9e21-44b7-a565-985454c90776,and it looks like it's,NA,,,,,,,,,,
TAG_APPLIED,303812,3/16/2022 11:28,24205a11-9e21-44b7-a565-985454c90776,Gary_3 Root,red,,,,,,,,,,
VOICE_CAPTURE,304813,3/16/2022 11:28,24205a11-9e21-44b7-a565-985454c90776,rising and falling,NA,,,,,,,,,,
VOICE_CAPTURE,308687,3/16/2022 11:28,24205a11-9e21-44b7-a565-985454c90776,let's give him that,NA,,,,,,,,,,
BAG_CLOSED,309523,3/16/2022 11:28,24205a11-9e21-44b7-a565-985454c90776,"(1.0, 0.4, 1.4)",,,,,,,,,,,
VOICE_CAPTURE,313225,3/16/2022 11:28,24205a11-9e21-44b7-a565-985454c90776,alright and,NA,,,,,,,,,,
TELEPORT,313979,3/16/2022 11:28,24205a11-9e21-44b7-a565-985454c90776,"(2.0, 0.0, 1.2)",,,,,,,,,,,
PATIENT_ENGAGED,317654,3/16/2022 11:28,24205a11-9e21-44b7-a565-985454c90776,63.87083,Infinity,Mike_5 Root,"(2.6, 0.0, 2.0)","(0.0, 1.0, 0.0, 0.0)",IMMEDIATE,waver,fast,normal,normal,calm,fetal
VOICE_CAPTURE,319184,3/16/2022 11:28,24205a11-9e21-44b7-a565-985454c90776,oh i need to do this,NA,,,,,,,,,,
BAG_ACCESS,320104,3/16/2022 11:28,24205a11-9e21-44b7-a565-985454c90776,"(3.1, 0.4, 1.3)",,,,,,,,,,,
TAG_SELECTED,320688,3/16/2022 11:28,24205a11-9e21-44b7-a565-985454c90776,red,,,,,,,,,,,
TAG_APPLIED,321804,3/16/2022 11:28,24205a11-9e21-44b7-a565-985454c90776,Mike_5 Root,red,,,,,,,,,,
VOICE_CAPTURE,322277,3/16/2022 11:28,24205a11-9e21-44b7-a565-985454c90776,alright this guy also gets a red,NA,,,,,,,,,,
BAG_CLOSED,324399,3/16/2022 11:28,24205a11-9e21-44b7-a565-985454c90776,"(3.1, 0.4, 1.3)",,,,,,,,,,,
TELEPORT,324399,3/16/2022 11:28,24205a11-9e21-44b7-a565-985454c90776,"(2.4, 0.0, 1.3)",,,,,,,,,,,
TELEPORT,326733,3/16/2022 11:28,24205a11-9e21-44b7-a565-985454c90776,"(2.5, 0.0, 1.4)",,,,,,,,,,,
VOICE_CAPTURE,328571,3/16/2022 11:28,24205a11-9e21-44b7-a565-985454c90776,oh,NA,,,,,,,,,,
PATIENT_ENGAGED,329713,3/16/2022 11:28,24205a11-9e21-44b7-a565-985454c90776,100,Infinity,Lily_2 Root,"(3.0, 0.0, 4.0)","(0.0, 1.0, 0.0, 0.0)",IMMEDIATE,waver,fast,fast,normal,calm,fetal
BAG_ACCESS,333834,3/16/2022 11:28,24205a11-9e21-44b7-a565-985454c90776,"(3.7, 0.4, 3.8)",,,,,,,,,,,
VOICE_CAPTURE,334142,3/16/2022 11:28,24205a11-9e21-44b7-a565-985454c90776,alright,NA,,,,,,,,,,
TAG_SELECTED,336982,3/16/2022 11:28,24205a11-9e21-44b7-a565-985454c90776,red,,,,,,,,,,,
TAG_APPLIED,338013,3/16/2022 11:28,24205a11-9e21-44b7-a565-985454c90776,Lily_2 Root,red,,,,,,,,,,
BAG_CLOSED,340489,3/16/2022 11:28,24205a11-9e21-44b7-a565-985454c90776,"(3.7, 0.4, 3.8)",,,,,,,,,,,
TELEPORT,340489,3/16/2022 11:28,24205a11-9e21-44b7-a565-985454c90776,"(3.1, 0.0, 3.8)",,,,,,,,,,,
VOICE_CAPTURE,341046,3/16/2022 11:28,24205a11-9e21-44b7-a565-985454c90776,she also gets a red tag,NA,,,,,,,,,,
PATIENT_ENGAGED,342828,3/16/2022 11:28,24205a11-9e21-44b7-a565-985454c90776,100,Infinity,Gary_1 Root,"(2.0, 0.0, 7.0)","(0.0, 1.0, 0.0, 0.0)",EXPECTANT,still,none,restricted,none,unresponsive,supine
VOICE_CAPTURE,345055,3/16/2022 11:28,24205a11-9e21-44b7-a565-985454c90776,the sky,NA,,,,,,,,,,
TELEPORT,345585,3/16/2022 11:28,24205a11-9e21-44b7-a565-985454c90776,"(1.8, 0.0, 7.1)",,,,,,,,,,,
PULSE_TAKEN,357308,3/16/2022 11:28,24205a11-9e21-44b7-a565-985454c90776,pulse_none,Gary_1 Root,,,,,,,,,,
VOICE_CAPTURE,361320,3/16/2022 11:28,24205a11-9e21-44b7-a565-985454c90776,trying to do this so he's got something in his face and he is probably,NA,,,,,,,,,,
BAG_ACCESS,364437,3/16/2022 11:29,24205a11-9e21-44b7-a565-985454c90776,"(1.1, 0.4, 7.3)",,,,,,,,,,,
PULSE_TAKEN,365941,3/16/2022 11:29,24205a11-9e21-44b7-a565-985454c90776,pulse_none,Gary_1 Root,,,,,,,,,,
VOICE_CAPTURE,366386,3/16/2022 11:29,24205a11-9e21-44b7-a565-985454c90776,he's got agonal breathing but he,NA,,,,,,,,,,
PULSE_TAKEN,368086,3/16/2022 11:29,24205a11-9e21-44b7-a565-985454c90776,pulse_none,Gary_1 Root,,,,,,,,,,
VOICE_CAPTURE,369032,3/16/2022 11:29,24205a11-9e21-44b7-a565-985454c90776,has no pulse,NA,,,,,,,,,,
TAG_SELECTED,369729,3/16/2022 11:29,24205a11-9e21-44b7-a565-985454c90776,black,,,,,,,,,,,
TAG_APPLIED,370787,3/16/2022 11:29,24205a11-9e21-44b7-a565-985454c90776,Gary_1 Root,black,,,,,,,,,,
VOICE_CAPTURE,371593,3/16/2022 11:29,24205a11-9e21-44b7-a565-985454c90776,i think K,NA,,,,,,,,,,
TAG_SELECTED,374128,3/16/2022 11:29,24205a11-9e21-44b7-a565-985454c90776,black,,,,,,,,,,,
TAG_APPLIED,374827,3/16/2022 11:29,24205a11-9e21-44b7-a565-985454c90776,Gary_1 Root,black,,,,,,,,,,
TAG_SELECTED,375435,3/16/2022 11:29,24205a11-9e21-44b7-a565-985454c90776,black,,,,,,,,,,,
TAG_APPLIED,376548,3/16/2022 11:29,24205a11-9e21-44b7-a565-985454c90776,Gary_1 Root,black,,,,,,,,,,
BAG_CLOSED,378503,3/16/2022 11:29,24205a11-9e21-44b7-a565-985454c90776,"(1.1, 0.4, 7.3)",,,,,,,,,,,
TELEPORT,378503,3/16/2022 11:29,24205a11-9e21-44b7-a565-985454c90776,"(1.4, 0.0, 7.3)",,,,,,,,,,,
TELEPORT,384183,3/16/2022 11:29,24205a11-9e21-44b7-a565-985454c90776,"(1.6, 0.0, 7.3)",,,,,,,,,,,
TELEPORT,385603,3/16/2022 11:29,24205a11-9e21-44b7-a565-985454c90776,"(1.1, 0.0, 7.1)",,,,,,,,,,,
PULSE_TAKEN,392536,3/16/2022 11:29,24205a11-9e21-44b7-a565-985454c90776,pulse_none,Bob_0 Root,,,,,,,,,,
PULSE_TAKEN,393148,3/16/2022 11:29,24205a11-9e21-44b7-a565-985454c90776,pulse_none,Bob_0 Root,,,,,,,,,,
PATIENT_ENGAGED,393761,3/16/2022 11:29,24205a11-9e21-44b7-a565-985454c90776,100,Infinity,Bob_0 Root,"(-1.0, 0.0, 6.0)","(0.0, 0.7, 0.0, 0.7)",DEAD,still,none,none,none,dead,supine
BAG_ACCESS,396937,3/16/2022 11:29,24205a11-9e21-44b7-a565-985454c90776,"(-0.7, 0.5, 5.3)",,,,,,,,,,,
TAG_SELECTED,397606,3/16/2022 11:29,24205a11-9e21-44b7-a565-985454c90776,black,,,,,,,,,,,
TAG_APPLIED,398639,3/16/2022 11:29,24205a11-9e21-44b7-a565-985454c90776,Bob_0 Root,black,,,,,,,,,,
BAG_CLOSED,400777,3/16/2022 11:29,24205a11-9e21-44b7-a565-985454c90776,"(-0.7, 0.5, 5.3)",,,,,,,,,,,
TELEPORT,400778,3/16/2022 11:29,24205a11-9e21-44b7-a565-985454c90776,"(-0.3, 0.0, 5.0)",,,,,,,,,,,
PATIENT_ENGAGED,402364,3/16/2022 11:29,24205a11-9e21-44b7-a565-985454c90776,100,Infinity,Gloria_6 Root,"(-1.0, 0.0, 3.2)","(0.0, 0.4, 0.0, 0.9)",DELAYED,waver,fast,normal,normal,calm,fetal
BAG_ACCESS,408104,3/16/2022 11:29,24205a11-9e21-44b7-a565-985454c90776,"(-1.1, 0.4, 4.0)",,,,,,,,,,,
TAG_SELECTED,410331,3/16/2022 11:29,24205a11-9e21-44b7-a565-985454c90776,yellow,,,,,,,,,,,
TAG_APPLIED,412055,3/16/2022 11:29,24205a11-9e21-44b7-a565-985454c90776,Gloria_6 Root,yellow,,,,,,,,,,
BAG_CLOSED,420693,3/16/2022 11:29,24205a11-9e21-44b7-a565-985454c90776,"(-1.1, 0.4, 4.0)",,,,,,,,,,,
PATIENT_ENGAGED,424141,3/16/2022 11:30,24205a11-9e21-44b7-a565-985454c90776,63.87083,Infinity,Mike_7 Root,"(1.4, 0.0, 4.0)","(0.0, 0.1, 0.0, 1.0)",DELAYED,waver,fast,normal,normal,calm,sittingGround
BAG_ACCESS,427737,3/16/2022 11:30,24205a11-9e21-44b7-a565-985454c90776,"(0.0, 0.4, 4.1)",,,,,,,,,,,
TAG_SELECTED,428485,3/16/2022 11:30,24205a11-9e21-44b7-a565-985454c90776,red,,,,,,,,,,,
TAG_APPLIED,429152,3/16/2022 11:30,24205a11-9e21-44b7-a565-985454c90776,Mike_7 Root,red,,,,,,,,,,
TOOL_HOVER,433532,3/16/2022 11:30,24205a11-9e21-44b7-a565-985454c90776,Tourniquet,998,,,,,,,,,,
TOOL_HOVER,433562,3/16/2022 11:30,24205a11-9e21-44b7-a565-985454c90776,Tourniquet,998,,,,,,,,,,
TOOL_HOVER,433583,3/16/2022 11:30,24205a11-9e21-44b7-a565-985454c90776,Tourniquet,998,,,,,,,,,,
TOOL_HOVER,433611,3/16/2022 11:30,24205a11-9e21-44b7-a565-985454c90776,Tourniquet,998,,,,,,,,,,
TOOL_HOVER,433643,3/16/2022 11:30,24205a11-9e21-44b7-a565-985454c90776,Gauze,999,,,,,,,,,,
TOOL_HOVER,433668,3/16/2022 11:30,24205a11-9e21-44b7-a565-985454c90776,Gauze,999,,,,,,,,,,
TOOL_HOVER,433696,3/16/2022 11:30,24205a11-9e21-44b7-a565-985454c90776,Gauze,999,,,,,,,,,,
TOOL_HOVER,433722,3/16/2022 11:30,24205a11-9e21-44b7-a565-985454c90776,Gauze,999,,,,,,,,,,
TOOL_HOVER,433754,3/16/2022 11:30,24205a11-9e21-44b7-a565-985454c90776,Tourniquet,998,,,,,,,,,,
TOOL_HOVER,433778,3/16/2022 11:30,24205a11-9e21-44b7-a565-985454c90776,Tourniquet,998,,,,,,,,,,
TOOL_HOVER,433806,3/16/2022 11:30,24205a11-9e21-44b7-a565-985454c90776,Tourniquet,998,,,,,,,,,,
TOOL_HOVER,433834,3/16/2022 11:30,24205a11-9e21-44b7-a565-985454c90776,Tourniquet,998,,,,,,,,,,
TOOL_HOVER,433864,3/16/2022 11:30,24205a11-9e21-44b7-a565-985454c90776,Tourniquet,998,,,,,,,,,,
TOOL_HOVER,433891,3/16/2022 11:30,24205a11-9e21-44b7-a565-985454c90776,Tourniquet,998,,,,,,,,,,
TOOL_HOVER,433917,3/16/2022 11:30,24205a11-9e21-44b7-a565-985454c90776,Tourniquet,998,,,,,,,,,,
TOOL_HOVER,433945,3/16/2022 11:30,24205a11-9e21-44b7-a565-985454c90776,Tourniquet,998,,,,,,,,,,
TOOL_HOVER,433974,3/16/2022 11:30,24205a11-9e21-44b7-a565-985454c90776,Tourniquet,998,,,,,,,,,,
TOOL_HOVER,434001,3/16/2022 11:30,24205a11-9e21-44b7-a565-985454c90776,Tourniquet,998,,,,,,,,,,
TOOL_HOVER,434029,3/16/2022 11:30,24205a11-9e21-44b7-a565-985454c90776,Tourniquet,998,,,,,,,,,,
TOOL_HOVER,434060,3/16/2022 11:30,24205a11-9e21-44b7-a565-985454c90776,Tourniquet,998,,,,,,,,,,
TOOL_HOVER,434090,3/16/2022 11:30,24205a11-9e21-44b7-a565-985454c90776,Tourniquet,998,,,,,,,,,,
TOOL_HOVER,434114,3/16/2022 11:30,24205a11-9e21-44b7-a565-985454c90776,Tourniquet,998,,,,,,,,,,
TOOL_HOVER,434140,3/16/2022 11:30,24205a11-9e21-44b7-a565-985454c90776,Tourniquet,998,,,,,,,,,,
TOOL_HOVER,434168,3/16/2022 11:30,24205a11-9e21-44b7-a565-985454c90776,Tourniquet,998,,,,,,,,,,
TOOL_HOVER,434195,3/16/2022 11:30,24205a11-9e21-44b7-a565-985454c90776,Tourniquet,998,,,,,,,,,,
TOOL_HOVER,434223,3/16/2022 11:30,24205a11-9e21-44b7-a565-985454c90776,Tourniquet,998,,,,,,,,,,
TOOL_HOVER,434252,3/16/2022 11:30,24205a11-9e21-44b7-a565-985454c90776,Tourniquet,998,,,,,,,,,,
TOOL_HOVER,434282,3/16/2022 11:30,24205a11-9e21-44b7-a565-985454c90776,Tourniquet,998,,,,,,,,,,
TOOL_HOVER,434308,3/16/2022 11:30,24205a11-9e21-44b7-a565-985454c90776,Tourniquet,998,,,,,,,,,,
TOOL_SELECTED,434309,3/16/2022 11:30,24205a11-9e21-44b7-a565-985454c90776,Tourniquet,997,,,,,,,,,,
INJURY_TREATED,437177,3/16/2022 11:30,24205a11-9e21-44b7-a565-985454c90776,L Thigh Puncture,Mike_7 Root,tourniquet,medium,leftLeg,TRUE,FALSE,"(0.8, 0.2, 4.1)",,,,
TOOL_APPLIED,437177,3/16/2022 11:30,24205a11-9e21-44b7-a565-985454c90776,Mike_7 Root,Tourniquet,LeftUpLeg (UnityEngine.GameObject),tor_ring (1) (UnityEngine.GameObject),tourniquet(Clone) (UnityEngine.GameObject),AppliedTourniquet,,,,,,
PULSE_TAKEN,439931,3/16/2022 11:30,24205a11-9e21-44b7-a565-985454c90776,pulse_fast,Mike_7 Root,,,,,,,,,,
BAG_CLOSED,445195,3/16/2022 11:30,24205a11-9e21-44b7-a565-985454c90776,"(0.0, 0.4, 4.1)",,,,,,,,,,,
TELEPORT,445196,3/16/2022 11:30,24205a11-9e21-44b7-a565-985454c90776,"(-0.7, 0.0, 3.9)",,,,,,,,,,,
TELEPORT,445892,3/16/2022 11:30,24205a11-9e21-44b7-a565-985454c90776,"(-0.5, 0.0, 4.0)",,,,,,,,,,,
TELEPORT,450039,3/16/2022 11:30,24205a11-9e21-44b7-a565-985454c90776,"(-0.5, 0.0, 4.2)",,,,,,,,,,,
TELEPORT,450403,3/16/2022 11:30,24205a11-9e21-44b7-a565-985454c90776,"(-0.3, 0.0, 4.4)",,,,,,,,,,,
BAG_ACCESS,454804,3/16/2022 11:30,24205a11-9e21-44b7-a565-985454c90776,"(1.1, 0.4, 4.7)",,,,,,,,,,,
TOOL_HOVER,455751,3/16/2022 11:30,24205a11-9e21-44b7-a565-985454c90776,Gauze,999,,,,,,,,,,
TOOL_HOVER,455780,3/16/2022 11:30,24205a11-9e21-44b7-a565-985454c90776,Gauze,999,,,,,,,,,,
TOOL_HOVER,455806,3/16/2022 11:30,24205a11-9e21-44b7-a565-985454c90776,Gauze,999,,,,,,,,,,
TOOL_HOVER,455835,3/16/2022 11:30,24205a11-9e21-44b7-a565-985454c90776,Gauze,999,,,,,,,,,,
TOOL_HOVER,455870,3/16/2022 11:30,24205a11-9e21-44b7-a565-985454c90776,Gauze,999,,,,,,,,,,
TOOL_HOVER,455891,3/16/2022 11:30,24205a11-9e21-44b7-a565-985454c90776,Gauze,999,,,,,,,,,,
TOOL_HOVER,455918,3/16/2022 11:30,24205a11-9e21-44b7-a565-985454c90776,Gauze,999,,,,,,,,,,
TOOL_HOVER,455948,3/16/2022 11:30,24205a11-9e21-44b7-a565-985454c90776,Gauze,999,,,,,,,,,,
TOOL_HOVER,455974,3/16/2022 11:30,24205a11-9e21-44b7-a565-985454c90776,Gauze,999,,,,,,,,,,
TOOL_HOVER,456001,3/16/2022 11:30,24205a11-9e21-44b7-a565-985454c90776,Gauze,999,,,,,,,,,,
TOOL_HOVER,456030,3/16/2022 11:30,24205a11-9e21-44b7-a565-985454c90776,Gauze,999,,,,,,,,,,
TOOL_HOVER,456057,3/16/2022 11:30,24205a11-9e21-44b7-a565-985454c90776,Gauze,999,,,,,,,,,,
TOOL_HOVER,456085,3/16/2022 11:30,24205a11-9e21-44b7-a565-985454c90776,Gauze,999,,,,,,,,,,
TOOL_HOVER,456115,3/16/2022 11:30,24205a11-9e21-44b7-a565-985454c90776,Gauze,999,,,,,,,,,,
TOOL_HOVER,456141,3/16/2022 11:30,24205a11-9e21-44b7-a565-985454c90776,Gauze,999,,,,,,,,,,
TOOL_HOVER,456170,3/16/2022 11:30,24205a11-9e21-44b7-a565-985454c90776,Gauze,999,,,,,,,,,,
TOOL_HOVER,456197,3/16/2022 11:30,24205a11-9e21-44b7-a565-985454c90776,Gauze,999,,,,,,,,,,
TOOL_HOVER,456225,3/16/2022 11:30,24205a11-9e21-44b7-a565-985454c90776,Gauze,999,,,,,,,,,,
TOOL_HOVER,456255,3/16/2022 11:30,24205a11-9e21-44b7-a565-985454c90776,Gauze,999,,,,,,,,,,
TOOL_HOVER,456281,3/16/2022 11:30,24205a11-9e21-44b7-a565-985454c90776,Gauze,999,,,,,,,,,,
TOOL_HOVER,456308,3/16/2022 11:30,24205a11-9e21-44b7-a565-985454c90776,Gauze,999,,,,,,,,,,
TOOL_HOVER,456335,3/16/2022 11:30,24205a11-9e21-44b7-a565-985454c90776,Gauze,999,,,,,,,,,,
TOOL_HOVER,456363,3/16/2022 11:30,24205a11-9e21-44b7-a565-985454c90776,Gauze,999,,,,,,,,,,
TOOL_HOVER,456391,3/16/2022 11:30,24205a11-9e21-44b7-a565-985454c90776,Gauze,999,,,,,,,,,,
TOOL_HOVER,456420,3/16/2022 11:30,24205a11-9e21-44b7-a565-985454c90776,Gauze,999,,,,,,,,,,
TOOL_HOVER,456447,3/16/2022 11:30,24205a11-9e21-44b7-a565-985454c90776,Gauze,999,,,,,,,,,,
TOOL_HOVER,456475,3/16/2022 11:30,24205a11-9e21-44b7-a565-985454c90776,Gauze,999,,,,,,,,,,
TOOL_HOVER,456503,3/16/2022 11:30,24205a11-9e21-44b7-a565-985454c90776,Gauze,999,,,,,,,,,,
TOOL_HOVER,456533,3/16/2022 11:30,24205a11-9e21-44b7-a565-985454c90776,Gauze,999,,,,,,,,,,
TOOL_HOVER,456559,3/16/2022 11:30,24205a11-9e21-44b7-a565-985454c90776,Gauze,999,,,,,,,,,,
TOOL_HOVER,456586,3/16/2022 11:30,24205a11-9e21-44b7-a565-985454c90776,Gauze,999,,,,,,,,,,
TOOL_HOVER,456614,3/16/2022 11:30,24205a11-9e21-44b7-a565-985454c90776,Gauze,999,,,,,,,,,,
TOOL_HOVER,456642,3/16/2022 11:30,24205a11-9e21-44b7-a565-985454c90776,Gauze,999,,,,,,,,,,
TOOL_HOVER,456670,3/16/2022 11:30,24205a11-9e21-44b7-a565-985454c90776,Gauze,999,,,,,,,,,,
TOOL_HOVER,456698,3/16/2022 11:30,24205a11-9e21-44b7-a565-985454c90776,Gauze,999,,,,,,,,,,
TOOL_HOVER,456726,3/16/2022 11:30,24205a11-9e21-44b7-a565-985454c90776,Gauze,999,,,,,,,,,,
TOOL_HOVER,456753,3/16/2022 11:30,24205a11-9e21-44b7-a565-985454c90776,Gauze,999,,,,,,,,,,
TOOL_HOVER,456781,3/16/2022 11:30,24205a11-9e21-44b7-a565-985454c90776,Gauze,999,,,,,,,,,,
TOOL_SELECTED,456783,3/16/2022 11:30,24205a11-9e21-44b7-a565-985454c90776,Gauze,998,,,,,,,,,,
TOOL_DISCARDED,457729,3/16/2022 11:30,24205a11-9e21-44b7-a565-985454c90776,Gauze,998,"(1.4, 0.2, 4.4)",,,,,,,,,
INJURY_TREATED,457730,3/16/2022 11:30,24205a11-9e21-44b7-a565-985454c90776,R Calf Laceration,Mike_7 Root,gauzePressure,low,rightLeg,TRUE,FALSE,"(1.4, 0.2, 4.4)",,,,
TOOL_APPLIED,457730,3/16/2022 11:30,24205a11-9e21-44b7-a565-985454c90776,Mike_7 Root,Gauze_Dressing,skinCollider_BodyCollideLOD (UnityEngine.GameObject),null,null,AppliedDressingGauze,,,,,,
BAG_CLOSED,468953,3/16/2022 11:30,24205a11-9e21-44b7-a565-985454c90776,"(1.1, 0.4, 4.7)",,,,,,,,,,,
TELEPORT,468953,3/16/2022 11:30,24205a11-9e21-44b7-a565-985454c90776,"(-0.2, 0.0, 4.2)",,,,,,,,,,,
TELEPORT,472493,3/16/2022 11:30,24205a11-9e21-44b7-a565-985454c90776,"(0.4, 0.0, 4.3)",,,,,,,,,,,
BAG_ACCESS,476833,3/16/2022 11:30,24205a11-9e21-44b7-a565-985454c90776,"(2.7, 0.6, 4.3)",,,,,,,,,,,
TOOL_HOVER,477642,3/16/2022 11:30,24205a11-9e21-44b7-a565-985454c90776,Gauze,999,,,,,,,,,,
TOOL_HOVER,477669,3/16/2022 11:30,24205a11-9e21-44b7-a565-985454c90776,Gauze,999,,,,,,,,,,
TOOL_HOVER,477695,3/16/2022 11:30,24205a11-9e21-44b7-a565-985454c90776,Gauze,999,,,,,,,,,,
TOOL_SELECTED,477696,3/16/2022 11:30,24205a11-9e21-44b7-a565-985454c90776,Gauze,998,,,,,,,,,,
TOOL_DISCARDED,478839,3/16/2022 11:30,24205a11-9e21-44b7-a565-985454c90776,Gauze,998,"(2.8, 0.8, 3.6)",,,,,,,,,
TOOL_DISCARDED,478839,3/16/2022 11:30,24205a11-9e21-44b7-a565-985454c90776,Gauze,999,"(2.8, 0.8, 3.6)",,,,,,,,,
TOOL_HOVER,478952,3/16/2022 11:30,24205a11-9e21-44b7-a565-985454c90776,Gauze,1000,,,,,,,,,,
TOOL_HOVER,478977,3/16/2022 11:30,24205a11-9e21-44b7-a565-985454c90776,Gauze,1000,,,,,,,,,,
TOOL_HOVER,479004,3/16/2022 11:30,24205a11-9e21-44b7-a565-985454c90776,Gauze,1000,,,,,,,,,,
TOOL_HOVER,479452,3/16/2022 11:30,24205a11-9e21-44b7-a565-985454c90776,Gauze,1000,,,,,,,,,,
TOOL_HOVER,479481,3/16/2022 11:30,24205a11-9e21-44b7-a565-985454c90776,Gauze,1000,,,,,,,,,,
TOOL_HOVER,479508,3/16/2022 11:30,24205a11-9e21-44b7-a565-985454c90776,Gauze,1000,,,,,,,,,,
TOOL_HOVER,479534,3/16/2022 11:30,24205a11-9e21-44b7-a565-985454c90776,Tourniquet,997,,,,,,,,,,
TOOL_HOVER,479561,3/16/2022 11:30,24205a11-9e21-44b7-a565-985454c90776,Tourniquet,997,,,,,,,,,,
TOOL_HOVER,479590,3/16/2022 11:30,24205a11-9e21-44b7-a565-985454c90776,Tourniquet,997,,,,,,,,,,
TOOL_HOVER,479619,3/16/2022 11:30,24205a11-9e21-44b7-a565-985454c90776,Tourniquet,997,,,,,,,,,,
TOOL_HOVER,479646,3/16/2022 11:30,24205a11-9e21-44b7-a565-985454c90776,Tourniquet,997,,,,,,,,,,
TOOL_HOVER,479674,3/16/2022 11:30,24205a11-9e21-44b7-a565-985454c90776,Tourniquet,997,,,,,,,,,,
TOOL_HOVER,479701,3/16/2022 11:30,24205a11-9e21-44b7-a565-985454c90776,Tourniquet,997,,,,,,,,,,
TOOL_HOVER,479729,3/16/2022 11:30,24205a11-9e21-44b7-a565-985454c90776,Gauze,1000,,,,,,,,,,
TOOL_HOVER,479757,3/16/2022 11:30,24205a11-9e21-44b7-a565-985454c90776,Gauze,1000,,,,,,,,,,
TOOL_HOVER,479785,3/16/2022 11:30,24205a11-9e21-44b7-a565-985454c90776,Gauze,1000,,,,,,,,,,
TOOL_HOVER,479814,3/16/2022 11:30,24205a11-9e21-44b7-a565-985454c90776,Gauze,1000,,,,,,,,,,
TOOL_SELECTED,479815,3/16/2022 11:30,24205a11-9e21-44b7-a565-985454c90776,Gauze,999,,,,,,,,,,
TOOL_DISCARDED,480453,3/16/2022 11:30,24205a11-9e21-44b7-a565-985454c90776,Gauze,999,"(2.8, 0.8, 3.6)",,,,,,,,,
TOOL_DISCARDED,480453,3/16/2022 11:30,24205a11-9e21-44b7-a565-985454c90776,Gauze,1000,"(2.8, 0.8, 3.6)",,,,,,,,,
TOOL_HOVER,480536,3/16/2022 11:30,24205a11-9e21-44b7-a565-985454c90776,Gauze,1001,,,,,,,,,,
TOOL_HOVER,480562,3/16/2022 11:30,24205a11-9e21-44b7-a565-985454c90776,Gauze,1001,,,,,,,,,,
TOOL_HOVER,480591,3/16/2022 11:30,24205a11-9e21-44b7-a565-985454c90776,Gauze,1001,,,,,,,,,,
TOOL_HOVER,480622,3/16/2022 11:30,24205a11-9e21-44b7-a565-985454c90776,Gauze,1001,,,,,,,,,,
TOOL_HOVER,480648,3/16/2022 11:30,24205a11-9e21-44b7-a565-985454c90776,Tourniquet,997,,,,,,,,,,
TOOL_HOVER,480674,3/16/2022 11:30,24205a11-9e21-44b7-a565-985454c90776,Tourniquet,997,,,,,,,,,,
TOOL_HOVER,480703,3/16/2022 11:30,24205a11-9e21-44b7-a565-985454c90776,Tourniquet,997,,,,,,,,,,
TOOL_HOVER,480733,3/16/2022 11:30,24205a11-9e21-44b7-a565-985454c90776,Gauze,1001,,,,,,,,,,
TOOL_HOVER,480758,3/16/2022 11:30,24205a11-9e21-44b7-a565-985454c90776,Gauze,1001,,,,,,,,,,
TOOL_HOVER,480786,3/16/2022 11:30,24205a11-9e21-44b7-a565-985454c90776,Gauze,1001,,,,,,,,,,
TOOL_HOVER,480814,3/16/2022 11:30,24205a11-9e21-44b7-a565-985454c90776,Gauze,1001,,,,,,,,,,
TOOL_HOVER,480842,3/16/2022 11:30,24205a11-9e21-44b7-a565-985454c90776,Tourniquet,997,,,,,,,,,,
TOOL_HOVER,480871,3/16/2022 11:30,24205a11-9e21-44b7-a565-985454c90776,Tourniquet,997,,,,,,,,,,
TOOL_HOVER,480902,3/16/2022 11:30,24205a11-9e21-44b7-a565-985454c90776,Tourniquet,997,,,,,,,,,,
TOOL_HOVER,480925,3/16/2022 11:30,24205a11-9e21-44b7-a565-985454c90776,Tourniquet,997,,,,,,,,,,
TOOL_HOVER,480960,3/16/2022 11:30,24205a11-9e21-44b7-a565-985454c90776,Tourniquet,997,,,,,,,,,,
TOOL_HOVER,480982,3/16/2022 11:30,24205a11-9e21-44b7-a565-985454c90776,Tourniquet,997,,,,,,,,,,
TOOL_HOVER,481010,3/16/2022 11:30,24205a11-9e21-44b7-a565-985454c90776,Tourniquet,997,,,,,,,,,,
TOOL_HOVER,481038,3/16/2022 11:30,24205a11-9e21-44b7-a565-985454c90776,Tourniquet,997,,,,,,,,,,
TOOL_HOVER,481064,3/16/2022 11:30,24205a11-9e21-44b7-a565-985454c90776,Tourniquet,997,,,,,,,,,,
TOOL_HOVER,481092,3/16/2022 11:30,24205a11-9e21-44b7-a565-985454c90776,Tourniquet,997,,,,,,,,,,
TOOL_HOVER,481123,3/16/2022 11:30,24205a11-9e21-44b7-a565-985454c90776,Tourniquet,997,,,,,,,,,,
TOOL_HOVER,481149,3/16/2022 11:30,24205a11-9e21-44b7-a565-985454c90776,Tourniquet,997,,,,,,,,,,
TOOL_HOVER,481176,3/16/2022 11:30,24205a11-9e21-44b7-a565-985454c90776,Tourniquet,997,,,,,,,,,,
TOOL_HOVER,481204,3/16/2022 11:30,24205a11-9e21-44b7-a565-985454c90776,Tourniquet,997,,,,,,,,,,
TOOL_HOVER,481234,3/16/2022 11:30,24205a11-9e21-44b7-a565-985454c90776,Tourniquet,997,,,,,,,,,,
TOOL_HOVER,481259,3/16/2022 11:30,24205a11-9e21-44b7-a565-985454c90776,Tourniquet,997,,,,,,,,,,
TOOL_HOVER,481287,3/16/2022 11:30,24205a11-9e21-44b7-a565-985454c90776,Tourniquet,997,,,,,,,,,,
TOOL_HOVER,481315,3/16/2022 11:30,24205a11-9e21-44b7-a565-985454c90776,Tourniquet,997,,,,,,,,,,
TOOL_HOVER,481344,3/16/2022 11:30,24205a11-9e21-44b7-a565-985454c90776,Tourniquet,997,,,,,,,,,,
TOOL_SELECTED,481345,3/16/2022 11:30,24205a11-9e21-44b7-a565-985454c90776,Tourniquet,996,,,,,,,,,,
PATIENT_ENGAGED,485026,3/16/2022 11:31,24205a11-9e21-44b7-a565-985454c90776,100,Infinity,Lily_2 Root,"(3.0, 0.0, 4.0)","(0.0, 1.0, 0.0, 0.0)",IMMEDIATE,waver,fast,fast,normal,calm,fetal
TOOL_DISCARDED,492506,3/16/2022 11:31,24205a11-9e21-44b7-a565-985454c90776,Tourniquet,996,"(3.2, 0.2, 4.0)",,,,,,,,,
TOOL_HOVER,495130,3/16/2022 11:31,24205a11-9e21-44b7-a565-985454c90776,Tourniquet,997,,,,,,,,,,
TOOL_HOVER,495157,3/16/2022 11:31,24205a11-9e21-44b7-a565-985454c90776,Tourniquet,997,,,,,,,,,,
TOOL_HOVER,495185,3/16/2022 11:31,24205a11-9e21-44b7-a565-985454c90776,Tourniquet,997,,,,,,,,,,
TOOL_HOVER,495213,3/16/2022 11:31,24205a11-9e21-44b7-a565-985454c90776,Tourniquet,997,,,,,,,,,,
TOOL_HOVER,495240,3/16/2022 11:31,24205a11-9e21-44b7-a565-985454c90776,Needle,999,,,,,,,,,,
TOOL_HOVER,495269,3/16/2022 11:31,24205a11-9e21-44b7-a565-985454c90776,Needle,999,,,,,,,,,,
TOOL_HOVER,495297,3/16/2022 11:31,24205a11-9e21-44b7-a565-985454c90776,Needle,999,,,,,,,,,,
TOOL_SELECTED,495298,3/16/2022 11:31,24205a11-9e21-44b7-a565-985454c90776,Needle,998,,,,,,,,,,
TOOL_DISCARDED,495658,3/16/2022 11:31,24205a11-9e21-44b7-a565-985454c90776,Needle,998,"(2.8, 0.9, 3.4)",,,,,,,,,
TOOL_HOVER,495743,3/16/2022 11:31,24205a11-9e21-44b7-a565-985454c90776,Tourniquet,997,,,,,,,,,,
TOOL_HOVER,495776,3/16/2022 11:31,24205a11-9e21-44b7-a565-985454c90776,Tourniquet,997,,,,,,,,,,
TOOL_HOVER,495798,3/16/2022 11:31,24205a11-9e21-44b7-a565-985454c90776,Tourniquet,997,,,,,,,,,,
TOOL_HOVER,495825,3/16/2022 11:31,24205a11-9e21-44b7-a565-985454c90776,Tourniquet,997,,,,,,,,,,
TOOL_HOVER,495856,3/16/2022 11:31,24205a11-9e21-44b7-a565-985454c90776,Needle,999,,,,,,,,,,
TOOL_HOVER,495880,3/16/2022 11:31,24205a11-9e21-44b7-a565-985454c90776,Needle,999,,,,,,,,,,
TOOL_HOVER,495908,3/16/2022 11:31,24205a11-9e21-44b7-a565-985454c90776,Needle,999,,,,,,,,,,
TOOL_HOVER,495936,3/16/2022 11:31,24205a11-9e21-44b7-a565-985454c90776,Needle,999,,,,,,,,,,
TOOL_HOVER,495964,3/16/2022 11:31,24205a11-9e21-44b7-a565-985454c90776,Needle,999,,,,,,,,,,
TOOL_HOVER,495993,3/16/2022 11:31,24205a11-9e21-44b7-a565-985454c90776,Needle,999,,,,,,,,,,
TOOL_HOVER,496020,3/16/2022 11:31,24205a11-9e21-44b7-a565-985454c90776,Needle,999,,,,,,,,,,
TOOL_HOVER,496053,3/16/2022 11:31,24205a11-9e21-44b7-a565-985454c90776,Needle,999,,,,,,,,,,
TOOL_HOVER,496076,3/16/2022 11:31,24205a11-9e21-44b7-a565-985454c90776,Needle,999,,,,,,,,,,
TOOL_HOVER,496105,3/16/2022 11:31,24205a11-9e21-44b7-a565-985454c90776,Needle,999,,,,,,,,,,
TOOL_HOVER,496132,3/16/2022 11:31,24205a11-9e21-44b7-a565-985454c90776,Needle,999,,,,,,,,,,
TOOL_HOVER,496160,3/16/2022 11:31,24205a11-9e21-44b7-a565-985454c90776,Needle,999,,,,,,,,,,
TOOL_HOVER,496189,3/16/2022 11:31,24205a11-9e21-44b7-a565-985454c90776,Needle,999,,,,,,,,,,
TOOL_HOVER,496216,3/16/2022 11:31,24205a11-9e21-44b7-a565-985454c90776,Needle,999,,,,,,,,,,
TOOL_HOVER,496250,3/16/2022 11:31,24205a11-9e21-44b7-a565-985454c90776,Tourniquet,997,,,,,,,,,,
TOOL_HOVER,496277,3/16/2022 11:31,24205a11-9e21-44b7-a565-985454c90776,Tourniquet,997,,,,,,,,,,
TOOL_HOVER,496310,3/16/2022 11:31,24205a11-9e21-44b7-a565-985454c90776,Tourniquet,997,,,,,,,,,,
TOOL_HOVER,496324,3/16/2022 11:31,24205a11-9e21-44b7-a565-985454c90776,Tourniquet,997,,,,,,,,,,
TOOL_HOVER,498955,3/16/2022 11:31,24205a11-9e21-44b7-a565-985454c90776,Gauze,1001,,,,,,,,,,
TOOL_HOVER,498974,3/16/2022 11:31,24205a11-9e21-44b7-a565-985454c90776,Gauze,1001,,,,,,,,,,
TOOL_HOVER,499005,3/16/2022 11:31,24205a11-9e21-44b7-a565-985454c90776,Gauze,1001,,,,,,,,,,
TOOL_HOVER,499025,3/16/2022 11:31,24205a11-9e21-44b7-a565-985454c90776,Gauze,1001,,,,,,,,,,
TOOL_HOVER,499053,3/16/2022 11:31,24205a11-9e21-44b7-a565-985454c90776,Tourniquet,997,,,,,,,,,,
TOOL_HOVER,499080,3/16/2022 11:31,24205a11-9e21-44b7-a565-985454c90776,Tourniquet,997,,,,,,,,,,
TOOL_HOVER,499109,3/16/2022 11:31,24205a11-9e21-44b7-a565-985454c90776,Tourniquet,997,,,,,,,,,,
TOOL_HOVER,499136,3/16/2022 11:31,24205a11-9e21-44b7-a565-985454c90776,Tourniquet,997,,,,,,,,,,
TOOL_SELECTED,499137,3/16/2022 11:31,24205a11-9e21-44b7-a565-985454c90776,Tourniquet,996,,,,,,,,,,
TOOL_DISCARDED,500474,3/16/2022 11:31,24205a11-9e21-44b7-a565-985454c90776,Tourniquet,996,"(3.2, 0.2, 4.0)",,,,,,,,,
TOOL_HOVER,502146,3/16/2022 11:31,24205a11-9e21-44b7-a565-985454c90776,Gauze,1001,,,,,,,,,,
TOOL_HOVER,502171,3/16/2022 11:31,24205a11-9e21-44b7-a565-985454c90776,Gauze,1001,,,,,,,,,,
TOOL_HOVER,502199,3/16/2022 11:31,24205a11-9e21-44b7-a565-985454c90776,Gauze,1001,,,,,,,,,,
TOOL_HOVER,502227,3/16/2022 11:31,24205a11-9e21-44b7-a565-985454c90776,Gauze,1001,,,,,,,,,,
TOOL_HOVER,502254,3/16/2022 11:31,24205a11-9e21-44b7-a565-985454c90776,Gauze,1001,,,,,,,,,,
TOOL_HOVER,502289,3/16/2022 11:31,24205a11-9e21-44b7-a565-985454c90776,Gauze,1001,,,,,,,,,,
TOOL_HOVER,502311,3/16/2022 11:31,24205a11-9e21-44b7-a565-985454c90776,Gauze,1001,,,,,,,,,,
TOOL_HOVER,502338,3/16/2022 11:31,24205a11-9e21-44b7-a565-985454c90776,Tourniquet,997,,,,,,,,,,
TOOL_SELECTED,502340,3/16/2022 11:31,24205a11-9e21-44b7-a565-985454c90776,Tourniquet,996,,,,,,,,,,
INJURY_TREATED,505349,3/16/2022 11:31,24205a11-9e21-44b7-a565-985454c90776,R Shin Amputation,Lily_2 Root,tourniquet,high,rightLeg,TRUE,FALSE,"(3.3, 0.1, 3.8)",,,,
TOOL_APPLIED,505349,3/16/2022 11:31,24205a11-9e21-44b7-a565-985454c90776,Lily_2 Root,Tourniquet,RightUpLeg (UnityEngine.GameObject),tor_ring (1) (UnityEngine.GameObject),tourniquet(Clone) (UnityEngine.GameObject),AppliedTourniquet,,,,,,
BAG_CLOSED,521584,3/16/2022 11:31,24205a11-9e21-44b7-a565-985454c90776,"(2.7, 0.6, 4.3)",,,,,,,,,,,
VOICE_CAPTURE,526319,3/16/2022 11:31,24205a11-9e21-44b7-a565-985454c90776,i'm gonna do this,NA,,,,,,,,,,
TELEPORT,531891,3/16/2022 11:31,24205a11-9e21-44b7-a565-985454c90776,"(1.5, 0.0, 3.8)",,,,,,,,,,,
VOICE_CAPTURE,535090,3/16/2022 11:31,24205a11-9e21-44b7-a565-985454c90776,thumbstick,NA,,,,,,,,,,
PATIENT_ENGAGED,539433,3/16/2022 11:31,24205a11-9e21-44b7-a565-985454c90776,63.87083,Infinity,Mike_5 Root,"(2.6, 0.0, 2.0)","(0.0, 1.0, 0.0, 0.0)",IMMEDIATE,waver,fast,normal,normal,calm,fetal
BAG_ACCESS,541113,3/16/2022 11:31,24205a11-9e21-44b7-a565-985454c90776,"(3.3, 0.5, 1.6)",,,,,,,,,,,
TOOL_HOVER,542943,3/16/2022 11:31,24205a11-9e21-44b7-a565-985454c90776,Hemostatic Gauze,999,,,,,,,,,,
TOOL_HOVER,542973,3/16/2022 11:31,24205a11-9e21-44b7-a565-985454c90776,Hemostatic Gauze,999,,,,,,,,,,
TOOL_HOVER,542999,3/16/2022 11:31,24205a11-9e21-44b7-a565-985454c90776,Hemostatic Gauze,999,,,,,,,,,,
TOOL_HOVER,543032,3/16/2022 11:31,24205a11-9e21-44b7-a565-985454c90776,Hemostatic Gauze,999,,,,,,,,,,
TOOL_HOVER,543053,3/16/2022 11:31,24205a11-9e21-44b7-a565-985454c90776,Hemostatic Gauze,999,,,,,,,,,,
TOOL_HOVER,543081,3/16/2022 11:31,24205a11-9e21-44b7-a565-985454c90776,Hemostatic Gauze,999,,,,,,,,,,
TOOL_SELECTED,543083,3/16/2022 11:31,24205a11-9e21-44b7-a565-985454c90776,Hemostatic Gauze,998,,,,,,,,,,
TOOL_DISCARDED,544949,3/16/2022 11:32,24205a11-9e21-44b7-a565-985454c90776,Hemostatic Gauze,998,"(3.0, 0.3, 2.3)",,,,,,,,,
INJURY_TREATED,544949,3/16/2022 11:32,24205a11-9e21-44b7-a565-985454c90776,R Side Puncture,Mike_5 Root,woundpack,medium,abdomen,TRUE,FALSE,"(3.0, 0.3, 2.2)",,,,
TOOL_APPLIED,544949,3/16/2022 11:32,24205a11-9e21-44b7-a565-985454c90776,Mike_5 Root,Gauze_Pack,skinCollider_BodyCollideLOD (UnityEngine.GameObject),null,null,AppliedPackingGauze,,,,,,
TOOL_HOVER,547652,3/16/2022 11:32,24205a11-9e21-44b7-a565-985454c90776,Hemostatic Gauze,999,,,,,,,,,,
TOOL_HOVER,547679,3/16/2022 11:32,24205a11-9e21-44b7-a565-985454c90776,Hemostatic Gauze,999,,,,,,,,,,
TOOL_HOVER,547710,3/16/2022 11:32,24205a11-9e21-44b7-a565-985454c90776,Hemostatic Gauze,999,,,,,,,,,,
TOOL_HOVER,547735,3/16/2022 11:32,24205a11-9e21-44b7-a565-985454c90776,Hemostatic Gauze,999,,,,,,,,,,
TOOL_HOVER,547765,3/16/2022 11:32,24205a11-9e21-44b7-a565-985454c90776,Hemostatic Gauze,999,,,,,,,,,,
TOOL_SELECTED,547767,3/16/2022 11:32,24205a11-9e21-44b7-a565-985454c90776,Hemostatic Gauze,998,,,,,,,,,,
VOICE_CAPTURE,548457,3/16/2022 11:32,24205a11-9e21-44b7-a565-985454c90776,OK this guy is bleeding too let's get some hemostatic gauze there,NA,,,,,,,,,,
TOOL_DISCARDED,549017,3/16/2022 11:32,24205a11-9e21-44b7-a565-985454c90776,Hemostatic Gauze,998,"(2.9, 0.3, 1.9)",,,,,,,,,
INJURY_TREATED,549017,3/16/2022 11:32,24205a11-9e21-44b7-a565-985454c90776,R Thigh Laceration,Mike_5 Root,gauzePressure,medium,rightLeg,FALSE,TRUE,"(2.9, 0.3, 1.9)",,,,
TOOL_APPLIED,549017,3/16/2022 11:32,24205a11-9e21-44b7-a565-985454c90776,Mike_5 Root,Gauze_Pack,skinCollider_BodyCollideLOD (UnityEngine.GameObject),null,null,AppliedPackingGauze,,,,,,
VOICE_CAPTURE,554834,3/16/2022 11:32,24205a11-9e21-44b7-a565-985454c90776,alright i think,NA,,,,,,,,,,
PULSE_TAKEN,555281,3/16/2022 11:32,24205a11-9e21-44b7-a565-985454c90776,pulse_fast,Mike_5 Root,,,,,,,,,,
VOICE_CAPTURE,560182,3/16/2022 11:32,24205a11-9e21-44b7-a565-985454c90776,his bleeding is also controlled he's got a good pulls,NA,,,,,,,,,,
BAG_CLOSED,562075,3/16/2022 11:32,24205a11-9e21-44b7-a565-985454c90776,"(3.3, 0.5, 1.6)",,,,,,,,,,,
TELEPORT,562075,3/16/2022 11:32,24205a11-9e21-44b7-a565-985454c90776,"(2.8, 0.0, 1.5)",,,,,,,,,,,
VOICE_CAPTURE,562966,3/16/2022 11:32,24205a11-9e21-44b7-a565-985454c90776,right we helped her,NA,,,,,,,,,,
TELEPORT,566002,3/16/2022 11:32,24205a11-9e21-44b7-a565-985454c90776,"(2.8, 0.0, 1.5)",,,,,,,,,,,
TELEPORT,566532,3/16/2022 11:32,24205a11-9e21-44b7-a565-985454c90776,"(2.7, 0.0, 1.5)",,,,,,,,,,,
VOICE_CAPTURE,568423,3/16/2022 11:32,24205a11-9e21-44b7-a565-985454c90776,oh this guy i think i put the wrong tag on him,NA,,,,,,,,,,
PATIENT_ENGAGED,569205,3/16/2022 11:32,24205a11-9e21-44b7-a565-985454c90776,100,0,Gary_3 Root,"(0.0, 0.0, 2.0)","(0.0, 0.0, 0.0, 1.0)",IMMEDIATE,still,faint,collapsedRight,normal,unresponsive,supine
PULSE_TAKEN,570041,3/16/2022 11:32,24205a11-9e21-44b7-a565-985454c90776,pulse_faint,Gary_3 Root,,,,,,,,,,
PULSE_TAKEN,572601,3/16/2022 11:32,24205a11-9e21-44b7-a565-985454c90776,pulse_faint,Gary_3 Root,,,,,,,,,,
VOICE_CAPTURE,574412,3/16/2022 11:32,24205a11-9e21-44b7-a565-985454c90776,no he's got a pulse,NA,,,,,,,,,,
TELEPORT,574969,3/16/2022 11:32,24205a11-9e21-44b7-a565-985454c90776,"(0.8, 0.0, 1.5)",,,,,,,,,,,
TELEPORT,576612,3/16/2022 11:32,24205a11-9e21-44b7-a565-985454c90776,"(0.7, 0.0, 1.6)",,,,,,,,,,,
VOICE_CAPTURE,576722,3/16/2022 11:32,24205a11-9e21-44b7-a565-985454c90776,uhm,NA,,,,,,,,,,
TOOL_HOVER,580011,3/16/2022 11:32,24205a11-9e21-44b7-a565-985454c90776,Needle,999,,,,,,,,,,
TOOL_HOVER,580039,3/16/2022 11:32,24205a11-9e21-44b7-a565-985454c90776,Needle,999,,,,,,,,,,
TOOL_HOVER,580067,3/16/2022 11:32,24205a11-9e21-44b7-a565-985454c90776,Needle,999,,,,,,,,,,
TOOL_HOVER,580095,3/16/2022 11:32,24205a11-9e21-44b7-a565-985454c90776,Tourniquet,996,,,,,,,,,,
TOOL_HOVER,580122,3/16/2022 11:32,24205a11-9e21-44b7-a565-985454c90776,Tourniquet,996,,,,,,,,,,
TOOL_HOVER,580150,3/16/2022 11:32,24205a11-9e21-44b7-a565-985454c90776,Tourniquet,996,,,,,,,,,,
TOOL_HOVER,580177,3/16/2022 11:32,24205a11-9e21-44b7-a565-985454c90776,Tourniquet,996,,,,,,,,,,
BAG_ACCESS,580902,3/16/2022 11:32,24205a11-9e21-44b7-a565-985454c90776,"(1.1, 0.4, 1.7)",,,,,,,,,,,
TOOL_HOVER,581932,3/16/2022 11:32,24205a11-9e21-44b7-a565-985454c90776,Hemostatic Gauze,999,,,,,,,,,,
TOOL_HOVER,581960,3/16/2022 11:32,24205a11-9e21-44b7-a565-985454c90776,Hemostatic Gauze,999,,,,,,,,,,
TOOL_HOVER,581988,3/16/2022 11:32,24205a11-9e21-44b7-a565-985454c90776,Hemostatic Gauze,999,,,,,,,,,,
TOOL_HOVER,582018,3/16/2022 11:32,24205a11-9e21-44b7-a565-985454c90776,Hemostatic Gauze,999,,,,,,,,,,
TOOL_HOVER,582045,3/16/2022 11:32,24205a11-9e21-44b7-a565-985454c90776,Hemostatic Gauze,999,,,,,,,,,,
TOOL_HOVER,582072,3/16/2022 11:32,24205a11-9e21-44b7-a565-985454c90776,Hemostatic Gauze,999,,,,,,,,,,
TOOL_HOVER,582100,3/16/2022 11:32,24205a11-9e21-44b7-a565-985454c90776,Hemostatic Gauze,999,,,,,,,,,,
TOOL_HOVER,582131,3/16/2022 11:32,24205a11-9e21-44b7-a565-985454c90776,Nasal Airway,999,,,,,,,,,,
TOOL_HOVER,582155,3/16/2022 11:32,24205a11-9e21-44b7-a565-985454c90776,Nasal Airway,999,,,,,,,,,,
TOOL_HOVER,582183,3/16/2022 11:32,24205a11-9e21-44b7-a565-985454c90776,Nasal Airway,999,,,,,,,,,,
TOOL_HOVER,582210,3/16/2022 11:32,24205a11-9e21-44b7-a565-985454c90776,Nasal Airway,999,,,,,,,,,,
TOOL_HOVER,582546,3/16/2022 11:32,24205a11-9e21-44b7-a565-985454c90776,Needle,999,,,,,,,,,,
TOOL_HOVER,582572,3/16/2022 11:32,24205a11-9e21-44b7-a565-985454c90776,Needle,999,,,,,,,,,,
TOOL_HOVER,582604,3/16/2022 11:32,24205a11-9e21-44b7-a565-985454c90776,Needle,999,,,,,,,,,,
VOICE_CAPTURE,582632,3/16/2022 11:32,24205a11-9e21-44b7-a565-985454c90776,and he's breathing so i forget i have those guys,NA,,,,,,,,,,
TOOL_HOVER,582634,3/16/2022 11:32,24205a11-9e21-44b7-a565-985454c90776,Needle,999,,,,,,,,,,
TOOL_HOVER,582656,3/16/2022 11:32,24205a11-9e21-44b7-a565-985454c90776,Needle,999,,,,,,,,,,
TOOL_HOVER,582686,3/16/2022 11:32,24205a11-9e21-44b7-a565-985454c90776,Needle,999,,,,,,,,,,
TOOL_HOVER,582723,3/16/2022 11:32,24205a11-9e21-44b7-a565-985454c90776,Needle,999,,,,,,,,,,
TOOL_HOVER,582739,3/16/2022 11:32,24205a11-9e21-44b7-a565-985454c90776,Needle,999,,,,,,,,,,
TOOL_HOVER,582767,3/16/2022 11:32,24205a11-9e21-44b7-a565-985454c90776,Needle,999,,,,,,,,,,
TOOL_HOVER,582795,3/16/2022 11:32,24205a11-9e21-44b7-a565-985454c90776,Needle,999,,,,,,,,,,
TOOL_HOVER,582822,3/16/2022 11:32,24205a11-9e21-44b7-a565-985454c90776,Needle,999,,,,,,,,,,
TOOL_HOVER,582850,3/16/2022 11:32,24205a11-9e21-44b7-a565-985454c90776,Needle,999,,,,,,,,,,
TOOL_HOVER,582878,3/16/2022 11:32,24205a11-9e21-44b7-a565-985454c90776,Needle,999,,,,,,,,,,
TOOL_HOVER,582906,3/16/2022 11:32,24205a11-9e21-44b7-a565-985454c90776,Needle,999,,,,,,,,,,
TOOL_HOVER,582934,3/16/2022 11:32,24205a11-9e21-44b7-a565-985454c90776,Needle,999,,,,,,,,,,
TOOL_HOVER,582962,3/16/2022 11:32,24205a11-9e21-44b7-a565-985454c90776,Needle,999,,,,,,,,,,
TOOL_HOVER,582990,3/16/2022 11:32,24205a11-9e21-44b7-a565-985454c90776,Needle,999,,,,,,,,,,
TOOL_HOVER,583017,3/16/2022 11:32,24205a11-9e21-44b7-a565-985454c90776,Needle,999,,,,,,,,,,
TOOL_HOVER,583045,3/16/2022 11:32,24205a11-9e21-44b7-a565-985454c90776,Needle,999,,,,,,,,,,
TOOL_HOVER,583075,3/16/2022 11:32,24205a11-9e21-44b7-a565-985454c90776,Needle,999,,,,,,,,,,
TOOL_HOVER,583101,3/16/2022 11:32,24205a11-9e21-44b7-a565-985454c90776,Needle,999,,,,,,,,,,
TOOL_HOVER,583129,3/16/2022 11:32,24205a11-9e21-44b7-a565-985454c90776,Needle,999,,,,,,,,,,
TOOL_HOVER,583157,3/16/2022 11:32,24205a11-9e21-44b7-a565-985454c90776,Needle,999,,,,,,,,,,
TOOL_HOVER,583185,3/16/2022 11:32,24205a11-9e21-44b7-a565-985454c90776,Needle,999,,,,,,,,,,
TOOL_HOVER,583214,3/16/2022 11:32,24205a11-9e21-44b7-a565-985454c90776,Needle,999,,,,,,,,,,
TOOL_HOVER,583240,3/16/2022 11:32,24205a11-9e21-44b7-a565-985454c90776,Needle,999,,,,,,,,,,
TOOL_HOVER,583268,3/16/2022 11:32,24205a11-9e21-44b7-a565-985454c90776,Needle,999,,,,,,,,,,
TOOL_HOVER,583297,3/16/2022 11:32,24205a11-9e21-44b7-a565-985454c90776,Needle,999,,,,,,,,,,
TOOL_HOVER,583331,3/16/2022 11:32,24205a11-9e21-44b7-a565-985454c90776,Needle,999,,,,,,,,,,
TOOL_HOVER,583356,3/16/2022 11:32,24205a11-9e21-44b7-a565-985454c90776,Needle,999,,,,,,,,,,
TOOL_HOVER,583379,3/16/2022 11:32,24205a11-9e21-44b7-a565-985454c90776,Needle,999,,,,,,,,,,
TOOL_HOVER,583408,3/16/2022 11:32,24205a11-9e21-44b7-a565-985454c90776,Needle,999,,,,,,,,,,
TOOL_HOVER,583436,3/16/2022 11:32,24205a11-9e21-44b7-a565-985454c90776,Needle,999,,,,,,,,,,
TOOL_HOVER,583463,3/16/2022 11:32,24205a11-9e21-44b7-a565-985454c90776,Needle,999,,,,,,,,,,
TOOL_HOVER,583491,3/16/2022 11:32,24205a11-9e21-44b7-a565-985454c90776,Needle,999,,,,,,,,,,
TOOL_HOVER,583519,3/16/2022 11:32,24205a11-9e21-44b7-a565-985454c90776,Needle,999,,,,,,,,,,
TOOL_HOVER,583547,3/16/2022 11:32,24205a11-9e21-44b7-a565-985454c90776,Needle,999,,,,,,,,,,
TOOL_HOVER,583575,3/16/2022 11:32,24205a11-9e21-44b7-a565-985454c90776,Needle,999,,,,,,,,,,
TOOL_HOVER,583602,3/16/2022 11:32,24205a11-9e21-44b7-a565-985454c90776,Needle,999,,,,,,,,,,
TOOL_SELECTED,583603,3/16/2022 11:32,24205a11-9e21-44b7-a565-985454c90776,Needle,998,,,,,,,,,,
INJURY_TREATED,587757,3/16/2022 11:32,24205a11-9e21-44b7-a565-985454c90776,R Chest Collapse,Gary_3 Root,decompress,high,chest,TRUE,FALSE,"(0.0, 0.0, 0.0)",,,,
TOOL_APPLIED,587757,3/16/2022 11:32,24205a11-9e21-44b7-a565-985454c90776,Needle_Decomp(Clone),Needle,RChest_Breathe1 (UnityEngine.GameObject),cath_needle (UnityEngine.GameObject),right_chest,Needle_Decomp(Clone) (UnityEngine.GameObject),AppliedDecompNeedle,,,,,
PULSE_TAKEN,592536,3/16/2022 11:32,24205a11-9e21-44b7-a565-985454c90776,pulse_faint,Gary_3 Root,,,,,,,,,,
BAG_CLOSED,596552,3/16/2022 11:32,24205a11-9e21-44b7-a565-985454c90776,"(1.1, 0.4, 1.7)",,,,,,,,,,,
TELEPORT,596552,3/16/2022 11:32,24205a11-9e21-44b7-a565-985454c90776,"(0.7, 0.0, 1.6)",,,,,,,,,,,
TELEPORT,597720,3/16/2022 11:32,24205a11-9e21-44b7-a565-985454c90776,"(0.7, 0.0, 1.8)",,,,,,,,,,,
TELEPORT,599669,3/16/2022 11:32,24205a11-9e21-44b7-a565-985454c90776,"(0.4, 0.0, 2.0)",,,,,,,,,,,
VOICE_CAPTURE,600030,3/16/2022 11:32,24205a11-9e21-44b7-a565-985454c90776,all right he's breathing he's still got a pulse i guess that's all i do for him,NA,,,,,,,,,,
PATIENT_ENGAGED,605323,3/16/2022 11:33,24205a11-9e21-44b7-a565-985454c90776,100,Infinity,Gloria_6 Root,"(-1.0, 0.0, 3.2)","(0.0, 0.4, 0.0, 0.9)",DELAYED,waver,fast,normal,normal,calm,fetal
TELEPORT,607775,3/16/2022 11:33,24205a11-9e21-44b7-a565-985454c90776,"(-1.2, 0.0, 3.9)",,,,,,,,,,,
TELEPORT,607970,3/16/2022 11:33,24205a11-9e21-44b7-a565-985454c90776,"(-1.2, 0.0, 3.9)",,,,,,,,,,,
PATIENT_ENGAGED,612676,3/16/2022 11:33,24205a11-9e21-44b7-a565-985454c90776,100,Infinity,Gary_1 Root,"(2.0, 0.0, 7.0)","(0.0, 1.0, 0.0, 0.0)",EXPECTANT,still,none,restricted,none,unresponsive,supine
TELEPORT,613260,3/16/2022 11:33,24205a11-9e21-44b7-a565-985454c90776,"(2.2, 0.0, 6.9)",,,,,,,,,,,
PATIENT_ENGAGED,616880,3/16/2022 11:33,24205a11-9e21-44b7-a565-985454c90776,100,Infinity,Lily_4 Root,"(1.4, 0.0, 6.0)","(0.0, 1.0, 0.0, 0.0)",IMMEDIATE,waver,fast,normal,normal,calm,fetal
TELEPORT,626489,3/16/2022 11:33,24205a11-9e21-44b7-a565-985454c90776,"(1.7, 0.0, 6.5)",,,,,,,,,,,
TELEPORT,629552,3/16/2022 11:33,24205a11-9e21-44b7-a565-985454c90776,"(1.5, 0.0, 6.2)",,,,,,,,,,,
PATIENT_ENGAGED,633840,3/16/2022 11:33,24205a11-9e21-44b7-a565-985454c90776,100,Infinity,Gloria_6 Root,"(-1.0, 0.0, 3.2)","(0.0, 0.4, 0.0, 0.9)",DELAYED,waver,fast,normal,normal,calm,fetal
PULSE_TAKEN,638211,3/16/2022 11:33,24205a11-9e21-44b7-a565-985454c90776,pulse_fast,Gloria_6 Root,,,,,,,,,,
BAG_ACCESS,647318,3/16/2022 11:33,24205a11-9e21-44b7-a565-985454c90776,"(-1.0, 0.6, 3.8)",,,,,,,,,,,
BAG_CLOSED,648464,3/16/2022 11:33,24205a11-9e21-44b7-a565-985454c90776,"(-1.0, 0.6, 3.8)",,,,,,,,,,,
TELEPORT,648464,3/16/2022 11:33,24205a11-9e21-44b7-a565-985454c90776,"(-0.9, 0.0, 4.0)",,,,,,,,,,,
TELEPORT,655672,3/16/2022 11:33,24205a11-9e21-44b7-a565-985454c90776,"(-0.9, 0.0, 4.0)",,,,,,,,,,,
TELEPORT,656564,3/16/2022 11:33,24205a11-9e21-44b7-a565-985454c90776,"(-0.6, 0.0, 4.0)",,,,,,,,,,,
PATIENT_ENGAGED,658207,3/16/2022 11:33,24205a11-9e21-44b7-a565-985454c90776,63.87083,Infinity,Mike_7 Root,"(1.4, 0.0, 4.0)","(0.0, 0.1, 0.0, 1.0)",DELAYED,waver,fast,normal,normal,calm,sittingGround
TELEPORT,661437,3/16/2022 11:33,24205a11-9e21-44b7-a565-985454c90776,"(1.9, 0.0, 2.7)",,,,,,,,,,,
BAG_ACCESS,665280,3/16/2022 11:34,24205a11-9e21-44b7-a565-985454c90776,"(3.1, 0.6, -1.9)",,,,,,,,,,,
TAG_SELECTED,665921,3/16/2022 11:34,24205a11-9e21-44b7-a565-985454c90776,green,,,,,,,,,,,
BAG_CLOSED,668851,3/16/2022 11:34,24205a11-9e21-44b7-a565-985454c90776,"(3.1, 0.6, -1.9)",,,,,,,,,,,
TELEPORT,668851,3/16/2022 11:34,24205a11-9e21-44b7-a565-985454c90776,"(3.1, 0.0, -1.8)",,,,,,,,,,,
PATIENT_ENGAGED,669568,3/16/2022 11:34,24205a11-9e21-44b7-a565-985454c90776,100,Infinity,Helga_10 Root,"(1.8, 0.0, -3.1)","(0.0, 0.6, 0.0, 0.8)",MINIMAL,walker,normal,normal,normal,calm,sittingGround
TAG_APPLIED,670628,3/16/2022 11:34,24205a11-9e21-44b7-a565-985454c90776,Helga_10 Root,green,,,,,,,,,,
TELEPORT,671993,3/16/2022 11:34,24205a11-9e21-44b7-a565-985454c90776,"(2.5, 0.0, -2.2)",,,,,,,,,,,
TELEPORT,673996,3/16/2022 11:34,24205a11-9e21-44b7-a565-985454c90776,"(2.5, 0.0, -3.1)",,,,,,,,,,,
PATIENT_ENGAGED,674136,3/16/2022 11:34,24205a11-9e21-44b7-a565-985454c90776,100,Infinity,Gloria_8 Root,"(3.1, 0.0, -4.8)","(0.0, 0.2, 0.0, -1.0)",DELAYED,walker,normal,normal,normal,calm,sittingGround
TELEPORT,674637,3/16/2022 11:34,24205a11-9e21-44b7-a565-985454c90776,"(2.9, 0.0, -3.1)",,,,,,,,,,,
TOOL_HOVER,676112,3/16/2022 11:34,24205a11-9e21-44b7-a565-985454c90776,Tourniquet,996,,,,,,,,,,
TOOL_HOVER,676141,3/16/2022 11:34,24205a11-9e21-44b7-a565-985454c90776,Tourniquet,996,,,,,,,,,,
TOOL_HOVER,676167,3/16/2022 11:34,24205a11-9e21-44b7-a565-985454c90776,Tourniquet,996,,,,,,,,,,
BAG_ACCESS,676613,3/16/2022 11:34,24205a11-9e21-44b7-a565-985454c90776,"(3.2, 0.6, -3.8)",,,,,,,,,,,
TAG_SELECTED,677142,3/16/2022 11:34,24205a11-9e21-44b7-a565-985454c90776,green,,,,,,,,,,,
TAG_APPLIED,679372,3/16/2022 11:34,24205a11-9e21-44b7-a565-985454c90776,Gloria_8 Root,green,,,,,,,,,,
PATIENT_ENGAGED,680508,3/16/2022 11:34,24205a11-9e21-44b7-a565-985454c90776,100,Infinity,Bob_9 Root,"(5.0, 0.0, -3.4)","(0.0, 0.7, 0.0, -0.8)",MINIMAL,walker,normal,normal,normal,calm,standing
BAG_CLOSED,682683,3/16/2022 11:34,24205a11-9e21-44b7-a565-985454c90776,"(3.2, 0.6, -3.8)",,,,,,,,,,,
TELEPORT,683101,3/16/2022 11:34,24205a11-9e21-44b7-a565-985454c90776,"(3.5, 0.0, -2.6)",,,,,,,,,,,
TOOL_HOVER,685190,3/16/2022 11:34,24205a11-9e21-44b7-a565-985454c90776,Needle,998,,,,,,,,,,
TOOL_HOVER,685217,3/16/2022 11:34,24205a11-9e21-44b7-a565-985454c90776,Needle,998,,,,,,,,,,
TOOL_HOVER,685246,3/16/2022 11:34,24205a11-9e21-44b7-a565-985454c90776,Needle,998,,,,,,,,,,
TOOL_HOVER,685274,3/16/2022 11:34,24205a11-9e21-44b7-a565-985454c90776,Needle,998,,,,,,,,,,
TOOL_HOVER,685301,3/16/2022 11:34,24205a11-9e21-44b7-a565-985454c90776,Tourniquet,996,,,,,,,,,,
TOOL_HOVER,685329,3/16/2022 11:34,24205a11-9e21-44b7-a565-985454c90776,Tourniquet,996,,,,,,,,,,
TOOL_HOVER,685357,3/16/2022 11:34,24205a11-9e21-44b7-a565-985454c90776,Tourniquet,996,,,,,,,,,,
TOOL_HOVER,685385,3/16/2022 11:34,24205a11-9e21-44b7-a565-985454c90776,Tourniquet,996,,,,,,,,,,
BAG_ACCESS,685834,3/16/2022 11:34,24205a11-9e21-44b7-a565-985454c90776,"(4.0, 0.6, -3.3)",,,,,,,,,,,
TAG_SELECTED,686334,3/16/2022 11:34,24205a11-9e21-44b7-a565-985454c90776,green,,,,,,,,,,,
TAG_APPLIED,687947,3/16/2022 11:34,24205a11-9e21-44b7-a565-985454c90776,Bob_9 Root,green,,,,,,,,,,
BAG_CLOSED,692184,3/16/2022 11:34,24205a11-9e21-44b7-a565-985454c90776,"(4.0, 0.6, -3.3)",,,,,,,,,,,
TELEPORT,692237,3/16/2022 11:34,24205a11-9e21-44b7-a565-985454c90776,"(4.2, 0.0, -2.5)",,,,,,,,,,,
SESSION_END,697557,3/16/2022 11:34,24205a11-9e21-44b7-a565-985454c90776,,,,,,,,,,,,
