PATIENT_DEMOTED,8447,8/3/2023 7:55,ab1f8cd1-8d65-45da-b087-89b25ff46c66,100,Infinity,Bob_0 Root,"(-1.4, 0.0, 5.6)","(0.0, 0.7, 0.0, 0.7)",EXPECTANT,still,faint,restricted,none,unresponsive,supine
PATIENT_DEMOTED,8648,8/3/2023 7:55,ab1f8cd1-8d65-45da-b087-89b25ff46c66,100,Infinity,Bob_0 Root,"(-1.5, 0.0, 5.6)","(0.0, 0.7, 0.0, 0.7)",DEAD,still,none,none,none,dead,supine
PATIENT_DEMOTED,8780,8/3/2023 7:55,ab1f8cd1-8d65-45da-b087-89b25ff46c66,100,Infinity,Gary_1 Root,"(1.7, 0.0, 7.4)","(0.0, 1.0, 0.0, 0.0)",EXPECTANT,still,faint,restricted,none,unresponsive,supine
PATIENT_DEMOTED,9504,8/3/2023 7:55,ab1f8cd1-8d65-45da-b087-89b25ff46c66,100,Infinity,Lily_2 Root,"(2.8, 0.0, 4.3)","(0.0, 1.0, 0.0, 0.0)",IMMEDIATE,waver,fast,fast,normal,agony,fetal
PATIENT_DEMOTED,10182,8/3/2023 7:55,ab1f8cd1-8d65-45da-b087-89b25ff46c66,100,0,Gary_3 Root,"(0.3, 0.0, 1.6)","(0.0, 0.0, 0.0, 1.0)",IMMEDIATE,still,faint,collapsedRight,normal,unresponsive,supine
PATIENT_DEMOTED,10764,8/3/2023 7:55,ab1f8cd1-8d65-45da-b087-89b25ff46c66,100,Infinity,Lily_4 Root,"(1.2, 0.0, 6.3)","(0.0, 1.0, 0.0, 0.0)",IMMEDIATE,waver,fast,normal,normal,upset,fetal
PATIENT_DEMOTED,11591,8/3/2023 7:55,ab1f8cd1-8d65-45da-b087-89b25ff46c66,100,Infinity,Mike_5 Root,"(2.4, 0.0, 2.3)","(0.0, 1.0, 0.0, 0.0)",IMMEDIATE,waver,fast,normal,normal,upset,fetal
PATIENT_DEMOTED,12150,8/3/2023 7:55,ab1f8cd1-8d65-45da-b087-89b25ff46c66,100,Infinity,Gloria_6 Root,"(-1.0, 0.0, 2.9)","(0.0, 0.4, 0.0, 0.9)",DELAYED,waver,fast,normal,normal,upset,fetal
PATIENT_DEMOTED,12848,8/3/2023 7:55,ab1f8cd1-8d65-45da-b087-89b25ff46c66,100,Infinity,Mike_7 Root,"(1.7, 0.0, 3.9)","(0.0, 0.1, 0.0, 1.0)",IMMEDIATE,waver,fast,normal,normal,upset,sittingGround
PATIENT_DEMOTED,13239,8/3/2023 7:55,ab1f8cd1-8d65-45da-b087-89b25ff46c66,100,Infinity,Mike_7 Root,"(1.0, 0.0, 3.7)","(0.0, 0.1, 0.0, 1.0)",DELAYED,waver,fast,normal,normal,upset,sittingGround
VOICE_CAPTURE,15439,8/3/2023 7:55,ab1f8cd1-8d65-45da-b087-89b25ff46c66,Jeff your dispatch to you by yourself and your dispatch,NA,,,,,,,,,,
VOICE_CAPTURE,31775,8/3/2023 7:55,ab1f8cd1-8d65-45da-b087-89b25ff46c66,you're the only provider I'm seeing right now but there's plenty of upcoming OK so focus is just on triage otherwise,NA,,,,,,,,,,
VOICE_CAPTURE,33196,8/3/2023 7:55,ab1f8cd1-8d65-45da-b087-89b25ff46c66,alright,NA,,,,,,,,,,
SESSION_START,46580,8/3/2023 7:56,ab1f8cd1-8d65-45da-b087-89b25ff46c66,,,,,,,,,,,,
PATIENT_RECORD,46581,8/3/2023 7:56,ab1f8cd1-8d65-45da-b087-89b25ff46c66,100,Infinity,Bob_0 Root,"(-1.7, 0.0, 5.7)","(0.0, 0.7, 0.0, 0.7)",DEAD,still,none,none,none,dead,supine
INJURY_RECORD,46581,8/3/2023 7:56,ab1f8cd1-8d65-45da-b087-89b25ff46c66,Face Shrapnel,Bob_0 Root,airway,high,head,FALSE,FALSE,"(-1.8, 1.7, 5.6)",,,,
INJURY_RECORD,46581,8/3/2023 7:56,ab1f8cd1-8d65-45da-b087-89b25ff46c66,L Wrist Amputation,Bob_0 Root,tourniquet,high,leftArm,FALSE,FALSE,"(-1.8, 1.4, 6.3)",,,,
INJURY_RECORD,46581,8/3/2023 7:56,ab1f8cd1-8d65-45da-b087-89b25ff46c66,L Chest Collapse,Bob_0 Root,decompress,high,chest,FALSE,FALSE,"(0.0, 0.0, 0.0)",,,,
INJURY_RECORD,46581,8/3/2023 7:56,ab1f8cd1-8d65-45da-b087-89b25ff46c66,L Stomach Puncture,Bob_0 Root,woundpack,high,abdomen,FALSE,FALSE,"(-1.6, 1.1, 5.7)",,,,
INJURY_RECORD,46581,8/3/2023 7:56,ab1f8cd1-8d65-45da-b087-89b25ff46c66,R Shin Amputation,Bob_0 Root,tourniquet,high,rightLeg,FALSE,FALSE,"(-1.7, 0.4, 5.6)",,,,
INJURY_RECORD,46581,8/3/2023 7:56,ab1f8cd1-8d65-45da-b087-89b25ff46c66,L Thigh Laceration,Bob_0 Root,tourniquet,medium,leftLeg,FALSE,FALSE,"(-1.6, 0.7, 5.8)",,,,
PATIENT_RECORD,46581,8/3/2023 7:56,ab1f8cd1-8d65-45da-b087-89b25ff46c66,100,Infinity,Gary_1 Root,"(1.6, 0.0, 7.6)","(0.0, 1.0, 0.0, 0.0)",EXPECTANT,still,none,restricted,none,unresponsive,supine
INJURY_RECORD,46581,8/3/2023 7:56,ab1f8cd1-8d65-45da-b087-89b25ff46c66,Face Shrapnel,Gary_1 Root,airway,high,head,FALSE,FALSE,"(1.6, 1.7, 7.7)",,,,
PATIENT_RECORD,46581,8/3/2023 7:56,ab1f8cd1-8d65-45da-b087-89b25ff46c66,100,Infinity,Lily_2 Root,"(3.0, 0.0, 4.5)","(0.0, 1.0, 0.0, 0.0)",IMMEDIATE,waver,fast,fast,normal,agony,fetal
INJURY_RECORD,46581,8/3/2023 7:56,ab1f8cd1-8d65-45da-b087-89b25ff46c66,R Shin Amputation,Lily_2 Root,tourniquet,high,rightLeg,FALSE,FALSE,"(2.9, 0.4, 4.5)",,,,
PATIENT_RECORD,46581,8/3/2023 7:56,ab1f8cd1-8d65-45da-b087-89b25ff46c66,100,0,Gary_3 Root,"(0.4, 0.0, 1.7)","(0.0, 0.0, 0.0, 1.0)",IMMEDIATE,still,faint,collapsedRight,normal,unresponsive,supine
INJURY_RECORD,46581,8/3/2023 7:56,ab1f8cd1-8d65-45da-b087-89b25ff46c66,R Chest Collapse,Gary_3 Root,decompress,high,chest,FALSE,FALSE,"(0.0, 0.0, 0.0)",,,,
PATIENT_RECORD,46581,8/3/2023 7:56,ab1f8cd1-8d65-45da-b087-89b25ff46c66,100,Infinity,Lily_4 Root,"(1.2, 0.0, 6.2)","(0.0, 1.0, 0.0, 0.0)",IMMEDIATE,waver,fast,normal,normal,upset,fetal
INJURY_RECORD,46581,8/3/2023 7:56,ab1f8cd1-8d65-45da-b087-89b25ff46c66,L Side Puncture,Lily_4 Root,woundpack,medium,abdomen,FALSE,FALSE,"(1.3, 1.0, 6.2)",,,,
PATIENT_RECORD,46581,8/3/2023 7:56,ab1f8cd1-8d65-45da-b087-89b25ff46c66,100,Infinity,Mike_5 Root,"(2.7, 0.0, 2.3)","(0.0, 1.0, 0.0, 0.0)",IMMEDIATE,waver,fast,normal,normal,upset,fetal
INJURY_RECORD,46581,8/3/2023 7:56,ab1f8cd1-8d65-45da-b087-89b25ff46c66,R Side Puncture,Mike_5 Root,woundpack,medium,abdomen,FALSE,FALSE,"(2.6, 1.1, 2.2)",,,,
INJURY_RECORD,46581,8/3/2023 7:56,ab1f8cd1-8d65-45da-b087-89b25ff46c66,R Thigh Laceration,Mike_5 Root,tourniquet,medium,rightLeg,FALSE,FALSE,"(2.5, 0.6, 2.2)",,,,
PATIENT_RECORD,46581,8/3/2023 7:56,ab1f8cd1-8d65-45da-b087-89b25ff46c66,100,Infinity,Gloria_6 Root,"(-1.2, 0.0, 3.1)","(0.0, 0.4, 0.0, 0.9)",DELAYED,waver,fast,normal,normal,upset,fetal
INJURY_RECORD,46581,8/3/2023 7:56,ab1f8cd1-8d65-45da-b087-89b25ff46c66,R Calf Shrapnel,Gloria_6 Root,gauzePressure,medium,rightLeg,FALSE,FALSE,"(-1.1, 0.3, 3.0)",,,,
PATIENT_RECORD,46581,8/3/2023 7:56,ab1f8cd1-8d65-45da-b087-89b25ff46c66,100,Infinity,Mike_7 Root,"(1.3, 0.0, 3.4)","(0.0, 0.1, 0.0, 1.0)",DELAYED,waver,fast,normal,normal,upset,sittingGround
INJURY_RECORD,46581,8/3/2023 7:56,ab1f8cd1-8d65-45da-b087-89b25ff46c66,L Thigh Puncture,Mike_7 Root,tourniquet,medium,leftLeg,FALSE,FALSE,"(1.3, 0.6, 3.5)",,,,
INJURY_RECORD,46581,8/3/2023 7:56,ab1f8cd1-8d65-45da-b087-89b25ff46c66,R Calf Laceration,Mike_7 Root,gauzePressure,low,rightLeg,FALSE,FALSE,"(1.4, 0.3, 3.4)",,,,
PATIENT_RECORD,46581,8/3/2023 7:56,ab1f8cd1-8d65-45da-b087-89b25ff46c66,100,Infinity,Gloria_8 Root,"(3.7, 0.0, 6.0)","(0.0, 1.0, 0.0, 0.0)",MINIMAL,walker,normal,normal,normal,upset,sittingGround
INJURY_RECORD,46581,8/3/2023 7:56,ab1f8cd1-8d65-45da-b087-89b25ff46c66,L Forearm Laceration,Gloria_8 Root,gauzePressure,low,leftArm,FALSE,FALSE,"(4.2, 1.2, 6.0)",,,,
PATIENT_RECORD,46581,8/3/2023 7:56,ab1f8cd1-8d65-45da-b087-89b25ff46c66,100,0,Gary_9 Root,"(2.9, 0.0, 9.0)","(0.0, 1.0, 0.0, 0.0)",MINIMAL,walker,normal,normal,limited,calm,standing
INJURY_RECORD,46581,8/3/2023 7:56,ab1f8cd1-8d65-45da-b087-89b25ff46c66,Ear Bleed,Gary_9 Root,none,low,head,FALSE,FALSE,"(0.0, 0.0, 0.0)",,,,
PATIENT_RECORD,46582,8/3/2023 7:56,ab1f8cd1-8d65-45da-b087-89b25ff46c66,100,Infinity,Helga_10 Root,"(3.9, 0.0, 8.0)","(0.0, 1.0, 0.0, 0.0)",MINIMAL,walker,normal,normal,normal,calm,sittingGround
INJURY_RECORD,46582,8/3/2023 7:56,ab1f8cd1-8d65-45da-b087-89b25ff46c66,Forehead Scrape,Helga_10 Root,none,low,head,FALSE,FALSE,"(4.0, 1.6, 8.0)",,,,
VOICE_CAPTURE,50171,8/3/2023 7:56,ab1f8cd1-8d65-45da-b087-89b25ff46c66,it's so dark in here oh,NA,,,,,,,,,,
VOICE_CAPTURE,57539,8/3/2023 7:56,ab1f8cd1-8d65-45da-b087-89b25ff46c66,hey Dale come I'm on the scene we have an explosion here at Lewis center subway station,NA,,,,,,,,,,
VOICE_CAPTURE,61692,8/3/2023 7:56,ab1f8cd1-8d65-45da-b087-89b25ff46c66,looks like I have 246810,NA,,,,,,,,,,
VOICE_CAPTURE,64401,8/3/2023 7:56,ab1f8cd1-8d65-45da-b087-89b25ff46c66,around 15 injured,NA,,,,,,,,,,
VOICE_COMMAND,64401,8/3/2023 7:56,ab1f8cd1-8d65-45da-b087-89b25ff46c66,are you hurt,around 15 injured,,,,,,,,,,
VOICE_CAPTURE,67446,8/3/2023 7:56,ab1f8cd1-8d65-45da-b087-89b25ff46c66,I'm gonna start triaging,NA,,,,,,,,,,
VOICE_CAPTURE,78968,8/3/2023 7:56,ab1f8cd1-8d65-45da-b087-89b25ff46c66,hey my name is Jeff cormier I'm with Delaware County EMS if you can hear my voice and you're able I want you to walk to the stairwell walk to the stairwell,NA,,,,,,,,,,
VOICE_COMMAND,78968,8/3/2023 7:56,ab1f8cd1-8d65-45da-b087-89b25ff46c66,walk to the safe area,hey my name is Jeff cormier I'm with Delaware County EMS if you can hear my voice and you're able I want you to walk to the stairwell walk to the stairwell,,,,,,,,,,
S_A_L_T_WALK_IF_CAN,78987,8/3/2023 7:56,ab1f8cd1-8d65-45da-b087-89b25ff46c66,"(3.0, 0.0, 4.5)",walkIfCan,Lily_2 Root,,,,,,,,,
S_A_L_T_WALK_IF_CAN,78987,8/3/2023 7:56,ab1f8cd1-8d65-45da-b087-89b25ff46c66,"(1.2, 0.0, 6.2)",walkIfCan,Lily_4 Root,,,,,,,,,
S_A_L_T_WALK_IF_CAN,78987,8/3/2023 7:56,ab1f8cd1-8d65-45da-b087-89b25ff46c66,"(2.7, 0.0, 2.3)",walkIfCan,Mike_5 Root,,,,,,,,,
S_A_L_T_WALK_IF_CAN,78987,8/3/2023 7:56,ab1f8cd1-8d65-45da-b087-89b25ff46c66,"(-1.2, 0.0, 3.1)",walkIfCan,Gloria_6 Root,,,,,,,,,
S_A_L_T_WALK_IF_CAN,78987,8/3/2023 7:56,ab1f8cd1-8d65-45da-b087-89b25ff46c66,"(1.3, 0.0, 3.4)",walkIfCan,Mike_7 Root,,,,,,,,,
S_A_L_T_WALK_IF_CAN,78987,8/3/2023 7:56,ab1f8cd1-8d65-45da-b087-89b25ff46c66,"(3.7, 0.0, 6.0)",walkIfCan,Gloria_8 Root,,,,,,,,,
S_A_L_T_WALKED,78987,8/3/2023 7:56,ab1f8cd1-8d65-45da-b087-89b25ff46c66,"(3.7, 0.0, 6.0)",walked,Gloria_8 Root,,,,,,,,,
S_A_L_T_WALK_IF_CAN,78987,8/3/2023 7:56,ab1f8cd1-8d65-45da-b087-89b25ff46c66,"(3.9, 0.0, 8.0)",walkIfCan,Helga_10 Root,,,,,,,,,
S_A_L_T_WALKED,78987,8/3/2023 7:56,ab1f8cd1-8d65-45da-b087-89b25ff46c66,"(3.9, 0.0, 8.0)",walked,Helga_10 Root,,,,,,,,,
PATIENT_ENGAGED,89903,8/3/2023 7:56,ab1f8cd1-8d65-45da-b087-89b25ff46c66,100,Infinity,Helga_10 Root,"(1.9, 0.0, -1.4)","(0.0, 1.0, 0.0, -0.1)",MINIMAL,walker,normal,normal,normal,calm,standing
VOICE_CAPTURE,99292,8/3/2023 7:57,ab1f8cd1-8d65-45da-b087-89b25ff46c66,If you can hear my voice and you're able I want you to wave at me,NA,,,,,,,,,,
VOICE_COMMAND,99292,8/3/2023 7:57,ab1f8cd1-8d65-45da-b087-89b25ff46c66,wave if you can,If you can hear my voice and you're able I want you to wave at me,,,,,,,,,,
S_A_L_T_WAVE_IF_CAN,99293,8/3/2023 7:57,ab1f8cd1-8d65-45da-b087-89b25ff46c66,"(3.0, 0.0, 4.5)",waveIfCan,Lily_2 Root,,,,,,,,,
S_A_L_T_WAVED,99294,8/3/2023 7:57,ab1f8cd1-8d65-45da-b087-89b25ff46c66,"(3.0, 0.0, 4.5)",waved,Lily_2 Root,,,,,,,,,
S_A_L_T_WAVE_IF_CAN,99294,8/3/2023 7:57,ab1f8cd1-8d65-45da-b087-89b25ff46c66,"(1.2, 0.0, 6.2)",waveIfCan,Lily_4 Root,,,,,,,,,
S_A_L_T_WAVED,99294,8/3/2023 7:57,ab1f8cd1-8d65-45da-b087-89b25ff46c66,"(1.2, 0.0, 6.2)",waved,Lily_4 Root,,,,,,,,,
S_A_L_T_WAVE_IF_CAN,99294,8/3/2023 7:57,ab1f8cd1-8d65-45da-b087-89b25ff46c66,"(2.7, 0.0, 2.3)",waveIfCan,Mike_5 Root,,,,,,,,,
S_A_L_T_WAVED,99294,8/3/2023 7:57,ab1f8cd1-8d65-45da-b087-89b25ff46c66,"(2.7, 0.0, 2.3)",waved,Mike_5 Root,,,,,,,,,
S_A_L_T_WAVE_IF_CAN,99294,8/3/2023 7:57,ab1f8cd1-8d65-45da-b087-89b25ff46c66,"(-1.2, 0.0, 3.1)",waveIfCan,Gloria_6 Root,,,,,,,,,
S_A_L_T_WAVED,99294,8/3/2023 7:57,ab1f8cd1-8d65-45da-b087-89b25ff46c66,"(-1.2, 0.0, 3.1)",waved,Gloria_6 Root,,,,,,,,,
S_A_L_T_WAVE_IF_CAN,99294,8/3/2023 7:57,ab1f8cd1-8d65-45da-b087-89b25ff46c66,"(1.3, 0.0, 3.4)",waveIfCan,Mike_7 Root,,,,,,,,,
S_A_L_T_WAVED,99294,8/3/2023 7:57,ab1f8cd1-8d65-45da-b087-89b25ff46c66,"(1.3, 0.0, 3.4)",waved,Mike_7 Root,,,,,,,,,
S_A_L_T_WAVE_IF_CAN,99294,8/3/2023 7:57,ab1f8cd1-8d65-45da-b087-89b25ff46c66,"(3.1, 0.0, -4.9)",waveIfCan,Gloria_8 Root,,,,,,,,,
S_A_L_T_WAVED,99294,8/3/2023 7:57,ab1f8cd1-8d65-45da-b087-89b25ff46c66,"(3.1, 0.0, -4.9)",waved,Gloria_8 Root,,,,,,,,,
S_A_L_T_WAVE_IF_CAN,99294,8/3/2023 7:57,ab1f8cd1-8d65-45da-b087-89b25ff46c66,"(1.7, 0.0, -3.3)",waveIfCan,Helga_10 Root,,,,,,,,,
S_A_L_T_WAVED,99294,8/3/2023 7:57,ab1f8cd1-8d65-45da-b087-89b25ff46c66,"(1.7, 0.0, -3.3)",waved,Helga_10 Root,,,,,,,,,
TELEPORT,110476,8/3/2023 7:57,ab1f8cd1-8d65-45da-b087-89b25ff46c66,"(0.7, 0.0, -2.3)",,,,,,,,,,,
VOICE_CAPTURE,112411,8/3/2023 7:57,ab1f8cd1-8d65-45da-b087-89b25ff46c66,OK thank you hey help is coming I'm gonna try to treat some of you guys alright,NA,,,,,,,,,,
PATIENT_ENGAGED,117023,8/3/2023 7:57,ab1f8cd1-8d65-45da-b087-89b25ff46c66,100,0,Gary_3 Root,"(0.4, 0.0, 1.7)","(0.0, 0.0, 0.0, 1.0)",IMMEDIATE,still,faint,collapsedRight,normal,unresponsive,supine
PULSE_TAKEN,117390,8/3/2023 7:57,ab1f8cd1-8d65-45da-b087-89b25ff46c66,pulse_faint,Gary_3 Root,,,,,,,,,,
VOICE_CAPTURE,121366,8/3/2023 7:57,ab1f8cd1-8d65-45da-b087-89b25ff46c66,hi my name is Jeff can you hear me,NA,,,,,,,,,,
VOICE_COMMAND,121366,8/3/2023 7:57,ab1f8cd1-8d65-45da-b087-89b25ff46c66,can you hear,hi my name is Jeff can you hear me,,,,,,,,,,
VOICE_CAPTURE,124089,8/3/2023 7:57,ab1f8cd1-8d65-45da-b087-89b25ff46c66,can you hear me,NA,,,,,,,,,,
VOICE_COMMAND,124089,8/3/2023 7:57,ab1f8cd1-8d65-45da-b087-89b25ff46c66,can you hear,can you hear me,,,,,,,,,,
TELEPORT,127264,8/3/2023 7:57,ab1f8cd1-8d65-45da-b087-89b25ff46c66,"(0.2, 0.0, 0.6)",,,,,,,,,,,
BAG_ACCESS,127699,8/3/2023 7:57,ab1f8cd1-8d65-45da-b087-89b25ff46c66,"(0.8, 0.5, 1.1)",,,,,,,,,,,
TOOL_HOVER,128985,8/3/2023 7:57,ab1f8cd1-8d65-45da-b087-89b25ff46c66,Needle,999,,,,,,,,,,
TOOL_HOVER,129001,8/3/2023 7:57,ab1f8cd1-8d65-45da-b087-89b25ff46c66,Needle,999,,,,,,,,,,
TOOL_HOVER,129018,8/3/2023 7:57,ab1f8cd1-8d65-45da-b087-89b25ff46c66,Needle,999,,,,,,,,,,
TOOL_HOVER,129034,8/3/2023 7:57,ab1f8cd1-8d65-45da-b087-89b25ff46c66,Needle,999,,,,,,,,,,
TOOL_HOVER,129051,8/3/2023 7:57,ab1f8cd1-8d65-45da-b087-89b25ff46c66,Needle,999,,,,,,,,,,
TOOL_HOVER,129068,8/3/2023 7:57,ab1f8cd1-8d65-45da-b087-89b25ff46c66,Needle,999,,,,,,,,,,
TOOL_HOVER,129085,8/3/2023 7:57,ab1f8cd1-8d65-45da-b087-89b25ff46c66,Needle,999,,,,,,,,,,
TOOL_HOVER,129101,8/3/2023 7:57,ab1f8cd1-8d65-45da-b087-89b25ff46c66,Needle,999,,,,,,,,,,
TOOL_HOVER,129118,8/3/2023 7:57,ab1f8cd1-8d65-45da-b087-89b25ff46c66,Needle,999,,,,,,,,,,
TOOL_HOVER,129134,8/3/2023 7:57,ab1f8cd1-8d65-45da-b087-89b25ff46c66,Needle,999,,,,,,,,,,
TOOL_HOVER,129151,8/3/2023 7:57,ab1f8cd1-8d65-45da-b087-89b25ff46c66,Needle,999,,,,,,,,,,
TOOL_SELECTED,129156,8/3/2023 7:57,ab1f8cd1-8d65-45da-b087-89b25ff46c66,Needle,998,,,,,,,,,,
TOOL_DISCARDED,129355,8/3/2023 7:57,ab1f8cd1-8d65-45da-b087-89b25ff46c66,Needle,998,"(1.0, 0.5, 1.2)",,,,,,,,,
TOOL_HOVER,129386,8/3/2023 7:57,ab1f8cd1-8d65-45da-b087-89b25ff46c66,Needle,999,,,,,,,,,,
TOOL_HOVER,129401,8/3/2023 7:57,ab1f8cd1-8d65-45da-b087-89b25ff46c66,Needle,999,,,,,,,,,,
TOOL_HOVER,129420,8/3/2023 7:57,ab1f8cd1-8d65-45da-b087-89b25ff46c66,Needle,999,,,,,,,,,,
TOOL_HOVER,129436,8/3/2023 7:57,ab1f8cd1-8d65-45da-b087-89b25ff46c66,Needle,999,,,,,,,,,,
TOOL_HOVER,129453,8/3/2023 7:57,ab1f8cd1-8d65-45da-b087-89b25ff46c66,Needle,999,,,,,,,,,,
TOOL_HOVER,129468,8/3/2023 7:57,ab1f8cd1-8d65-45da-b087-89b25ff46c66,Needle,999,,,,,,,,,,
TOOL_HOVER,129486,8/3/2023 7:57,ab1f8cd1-8d65-45da-b087-89b25ff46c66,Needle,999,,,,,,,,,,
TOOL_HOVER,129504,8/3/2023 7:57,ab1f8cd1-8d65-45da-b087-89b25ff46c66,Needle,999,,,,,,,,,,
TOOL_HOVER,129518,8/3/2023 7:57,ab1f8cd1-8d65-45da-b087-89b25ff46c66,Needle,999,,,,,,,,,,
TOOL_HOVER,129536,8/3/2023 7:57,ab1f8cd1-8d65-45da-b087-89b25ff46c66,Needle,999,,,,,,,,,,
TOOL_HOVER,129551,8/3/2023 7:57,ab1f8cd1-8d65-45da-b087-89b25ff46c66,Needle,999,,,,,,,,,,
TOOL_HOVER,129569,8/3/2023 7:57,ab1f8cd1-8d65-45da-b087-89b25ff46c66,Needle,999,,,,,,,,,,
TOOL_HOVER,129586,8/3/2023 7:57,ab1f8cd1-8d65-45da-b087-89b25ff46c66,Needle,999,,,,,,,,,,
TOOL_HOVER,129603,8/3/2023 7:57,ab1f8cd1-8d65-45da-b087-89b25ff46c66,Needle,999,,,,,,,,,,
TOOL_HOVER,129620,8/3/2023 7:57,ab1f8cd1-8d65-45da-b087-89b25ff46c66,Needle,999,,,,,,,,,,
TOOL_HOVER,129636,8/3/2023 7:57,ab1f8cd1-8d65-45da-b087-89b25ff46c66,Needle,999,,,,,,,,,,
TOOL_HOVER,129653,8/3/2023 7:57,ab1f8cd1-8d65-45da-b087-89b25ff46c66,Needle,999,,,,,,,,,,
TOOL_HOVER,129670,8/3/2023 7:57,ab1f8cd1-8d65-45da-b087-89b25ff46c66,Needle,999,,,,,,,,,,
TOOL_HOVER,129686,8/3/2023 7:57,ab1f8cd1-8d65-45da-b087-89b25ff46c66,Needle,999,,,,,,,,,,
TOOL_HOVER,129703,8/3/2023 7:57,ab1f8cd1-8d65-45da-b087-89b25ff46c66,Needle,999,,,,,,,,,,
TOOL_HOVER,129719,8/3/2023 7:57,ab1f8cd1-8d65-45da-b087-89b25ff46c66,Needle,999,,,,,,,,,,
TOOL_HOVER,129736,8/3/2023 7:57,ab1f8cd1-8d65-45da-b087-89b25ff46c66,Needle,999,,,,,,,,,,
TOOL_HOVER,129753,8/3/2023 7:57,ab1f8cd1-8d65-45da-b087-89b25ff46c66,Needle,999,,,,,,,,,,
TOOL_HOVER,129770,8/3/2023 7:57,ab1f8cd1-8d65-45da-b087-89b25ff46c66,Needle,999,,,,,,,,,,
TOOL_HOVER,129787,8/3/2023 7:57,ab1f8cd1-8d65-45da-b087-89b25ff46c66,Needle,999,,,,,,,,,,
TOOL_HOVER,129804,8/3/2023 7:57,ab1f8cd1-8d65-45da-b087-89b25ff46c66,Needle,999,,,,,,,,,,
TOOL_HOVER,129820,8/3/2023 7:57,ab1f8cd1-8d65-45da-b087-89b25ff46c66,Needle,999,,,,,,,,,,
TOOL_HOVER,129837,8/3/2023 7:57,ab1f8cd1-8d65-45da-b087-89b25ff46c66,Needle,999,,,,,,,,,,
TOOL_HOVER,129853,8/3/2023 7:57,ab1f8cd1-8d65-45da-b087-89b25ff46c66,Needle,999,,,,,,,,,,
TOOL_HOVER,129870,8/3/2023 7:57,ab1f8cd1-8d65-45da-b087-89b25ff46c66,Needle,999,,,,,,,,,,
TOOL_HOVER,129887,8/3/2023 7:57,ab1f8cd1-8d65-45da-b087-89b25ff46c66,Needle,999,,,,,,,,,,
TOOL_HOVER,129904,8/3/2023 7:57,ab1f8cd1-8d65-45da-b087-89b25ff46c66,Needle,999,,,,,,,,,,
TOOL_HOVER,129920,8/3/2023 7:57,ab1f8cd1-8d65-45da-b087-89b25ff46c66,Needle,999,,,,,,,,,,
TOOL_HOVER,129936,8/3/2023 7:57,ab1f8cd1-8d65-45da-b087-89b25ff46c66,Needle,999,,,,,,,,,,
TOOL_SELECTED,129937,8/3/2023 7:57,ab1f8cd1-8d65-45da-b087-89b25ff46c66,Needle,998,,,,,,,,,,
VOICE_CAPTURE,131123,8/3/2023 7:57,ab1f8cd1-8d65-45da-b087-89b25ff46c66,open this up,NA,,,,,,,,,,
INJURY_TREATED,132414,8/3/2023 7:57,ab1f8cd1-8d65-45da-b087-89b25ff46c66,R Chest Collapse,Gary_3 Root,decompress,high,chest,TRUE,FALSE,"(0.0, 0.0, 0.0)",,,,
TOOL_APPLIED,132415,8/3/2023 7:57,ab1f8cd1-8d65-45da-b087-89b25ff46c66,Needle_Decomp(Clone),Needle,RChest_Breathe1 (UnityEngine.GameObject),cath_needle (UnityEngine.GameObject),right_chest,Needle_Decomp(Clone) (UnityEngine.GameObject),AppliedDecompNeedle,,,,,
PULSE_TAKEN,133914,8/3/2023 7:57,ab1f8cd1-8d65-45da-b087-89b25ff46c66,pulse_faint,Gary_3 Root,,,,,,,,,,
TAG_SELECTED,136453,8/3/2023 7:57,ab1f8cd1-8d65-45da-b087-89b25ff46c66,red,,,,,,,,,,,
TAG_APPLIED,137875,8/3/2023 7:57,ab1f8cd1-8d65-45da-b087-89b25ff46c66,Gary_3 Root,red,,,,,,,,,,
BAG_CLOSED,139682,8/3/2023 7:57,ab1f8cd1-8d65-45da-b087-89b25ff46c66,"(0.8, 0.5, 1.1)",,,,,,,,,,,
VOICE_CAPTURE,140898,8/3/2023 7:57,ab1f8cd1-8d65-45da-b087-89b25ff46c66,OK buddy we're gonna get you some help right right away,NA,,,,,,,,,,
TELEPORT,142605,8/3/2023 7:57,ab1f8cd1-8d65-45da-b087-89b25ff46c66,"(0.2, 0.0, 0.6)",,,,,,,,,,,
VOICE_CAPTURE,146159,8/3/2023 7:57,ab1f8cd1-8d65-45da-b087-89b25ff46c66,alright,NA,,,,,,,,,,
VOICE_CAPTURE,149585,8/3/2023 7:57,ab1f8cd1-8d65-45da-b087-89b25ff46c66,yeah I'll be right over to you,NA,,,,,,,,,,
PATIENT_ENGAGED,150703,8/3/2023 7:57,ab1f8cd1-8d65-45da-b087-89b25ff46c66,100,Infinity,Bob_0 Root,"(-1.7, 0.0, 5.7)","(0.0, 0.7, 0.0, 0.7)",DEAD,still,none,none,none,dead,supine
PULSE_TAKEN,151406,8/3/2023 7:57,ab1f8cd1-8d65-45da-b087-89b25ff46c66,pulse_none,Bob_0 Root,,,,,,,,,,
VOICE_CAPTURE,155447,8/3/2023 7:57,ab1f8cd1-8d65-45da-b087-89b25ff46c66,hey buddy hey buddy,NA,,,,,,,,,,
BAG_ACCESS,159875,8/3/2023 7:58,ab1f8cd1-8d65-45da-b087-89b25ff46c66,"(-1.9, 0.7, 5.3)",,,,,,,,,,,
TAG_SELECTED,161312,8/3/2023 7:58,ab1f8cd1-8d65-45da-b087-89b25ff46c66,black,,,,,,,,,,,
TAG_APPLIED,162750,8/3/2023 7:58,ab1f8cd1-8d65-45da-b087-89b25ff46c66,Bob_0 Root,black,,,,,,,,,,
BAG_CLOSED,166613,8/3/2023 7:58,ab1f8cd1-8d65-45da-b087-89b25ff46c66,"(-1.9, 0.7, 5.3)",,,,,,,,,,,
TELEPORT,170101,8/3/2023 7:58,ab1f8cd1-8d65-45da-b087-89b25ff46c66,"(-0.6, 0.0, 5.4)",,,,,,,,,,,
VOICE_CAPTURE,178654,8/3/2023 7:58,ab1f8cd1-8d65-45da-b087-89b25ff46c66,This thing and turn me around so,NA,,,,,,,,,,
TELEPORT,179206,8/3/2023 7:58,ab1f8cd1-8d65-45da-b087-89b25ff46c66,"(-0.6, 0.0, 5.6)",,,,,,,,,,,
VOICE_CAPTURE,180927,8/3/2023 7:58,ab1f8cd1-8d65-45da-b087-89b25ff46c66,screw over here,NA,,,,,,,,,,
PATIENT_ENGAGED,183801,8/3/2023 7:58,ab1f8cd1-8d65-45da-b087-89b25ff46c66,100,Infinity,Gary_1 Root,"(1.6, 0.0, 7.6)","(0.0, 1.0, 0.0, 0.0)",EXPECTANT,still,none,restricted,none,unresponsive,supine
PULSE_TAKEN,185671,8/3/2023 7:58,ab1f8cd1-8d65-45da-b087-89b25ff46c66,pulse_none,Gary_1 Root,,,,,,,,,,
VOICE_CAPTURE,188244,8/3/2023 7:58,ab1f8cd1-8d65-45da-b087-89b25ff46c66,hey buddy,NA,,,,,,,,,,
VOICE_CAPTURE,189998,8/3/2023 7:58,ab1f8cd1-8d65-45da-b087-89b25ff46c66,my name is Jeff,NA,,,,,,,,,,
VOICE_CAPTURE,194809,8/3/2023 7:58,ab1f8cd1-8d65-45da-b087-89b25ff46c66,try to relax,NA,,,,,,,,,,
TOOL_HOVER,205553,8/3/2023 7:58,ab1f8cd1-8d65-45da-b087-89b25ff46c66,Gauze,999,,,,,,,,,,
TOOL_HOVER,205570,8/3/2023 7:58,ab1f8cd1-8d65-45da-b087-89b25ff46c66,Gauze,999,,,,,,,,,,
TOOL_HOVER,205586,8/3/2023 7:58,ab1f8cd1-8d65-45da-b087-89b25ff46c66,Gauze,999,,,,,,,,,,
TOOL_HOVER,205603,8/3/2023 7:58,ab1f8cd1-8d65-45da-b087-89b25ff46c66,Gauze,999,,,,,,,,,,
TOOL_HOVER,205620,8/3/2023 7:58,ab1f8cd1-8d65-45da-b087-89b25ff46c66,Gauze,999,,,,,,,,,,
VOICE_CAPTURE,209369,8/3/2023 7:58,ab1f8cd1-8d65-45da-b087-89b25ff46c66,well there's no bleeding,NA,,,,,,,,,,
TELEPORT,211127,8/3/2023 7:58,ab1f8cd1-8d65-45da-b087-89b25ff46c66,"(1.2, 0.0, 7.7)",,,,,,,,,,,
BAG_ACCESS,212704,8/3/2023 7:58,ab1f8cd1-8d65-45da-b087-89b25ff46c66,"(1.4, 0.8, 7.8)",,,,,,,,,,,
VOICE_CAPTURE,216244,8/3/2023 7:58,ab1f8cd1-8d65-45da-b087-89b25ff46c66,I'm coming over buddy let's see,NA,,,,,,,,,,
TAG_SELECTED,220790,8/3/2023 7:59,ab1f8cd1-8d65-45da-b087-89b25ff46c66,gray,,,,,,,,,,,
TAG_APPLIED,222276,8/3/2023 7:59,ab1f8cd1-8d65-45da-b087-89b25ff46c66,Gary_1 Root,gray,,,,,,,,,,
BAG_CLOSED,226503,8/3/2023 7:59,ab1f8cd1-8d65-45da-b087-89b25ff46c66,"(1.4, 0.8, 7.8)",,,,,,,,,,,
TELEPORT,226503,8/3/2023 7:59,ab1f8cd1-8d65-45da-b087-89b25ff46c66,"(1.5, 0.0, 7.7)",,,,,,,,,,,
PATIENT_ENGAGED,227406,8/3/2023 7:59,ab1f8cd1-8d65-45da-b087-89b25ff46c66,100,0,Gary_9 Root,"(3.0, 0.0, 9.1)","(0.0, 0.8, 0.0, -0.5)",MINIMAL,walker,normal,normal,limited,calm,standing
TELEPORT,228461,8/3/2023 7:59,ab1f8cd1-8d65-45da-b087-89b25ff46c66,"(2.3, 0.0, 8.4)",,,,,,,,,,,
VOICE_CAPTURE,232969,8/3/2023 7:59,ab1f8cd1-8d65-45da-b087-89b25ff46c66,are you hurt,NA,,,,,,,,,,
VOICE_COMMAND,232969,8/3/2023 7:59,ab1f8cd1-8d65-45da-b087-89b25ff46c66,are you hurt,are you hurt,,,,,,,,,,
TELEPORT,233019,8/3/2023 7:59,ab1f8cd1-8d65-45da-b087-89b25ff46c66,"(2.4, 0.0, 8.5)",,,,,,,,,,,
VOICE_CAPTURE,244401,8/3/2023 7:59,ab1f8cd1-8d65-45da-b087-89b25ff46c66,are you hurt,NA,,,,,,,,,,
VOICE_COMMAND,244401,8/3/2023 7:59,ab1f8cd1-8d65-45da-b087-89b25ff46c66,are you hurt,are you hurt,,,,,,,,,,
TELEPORT,254810,8/3/2023 7:59,ab1f8cd1-8d65-45da-b087-89b25ff46c66,"(3.8, 0.0, 8.4)",,,,,,,,,,,
TELEPORT,261889,8/3/2023 7:59,ab1f8cd1-8d65-45da-b087-89b25ff46c66,"(1.5, 0.0, 7.0)",,,,,,,,,,,
TELEPORT,264445,8/3/2023 7:59,ab1f8cd1-8d65-45da-b087-89b25ff46c66,"(1.1, 0.0, 7.6)",,,,,,,,,,,
PATIENT_ENGAGED,264811,8/3/2023 7:59,ab1f8cd1-8d65-45da-b087-89b25ff46c66,100,Infinity,Gary_1 Root,"(1.6, 0.0, 7.6)","(0.0, 1.0, 0.0, 0.0)",EXPECTANT,still,none,restricted,none,unresponsive,supine
BAG_ACCESS,271312,8/3/2023 7:59,ab1f8cd1-8d65-45da-b087-89b25ff46c66,"(0.6, 0.4, 8.4)",,,,,,,,,,,
TOOL_HOVER,272982,8/3/2023 7:59,ab1f8cd1-8d65-45da-b087-89b25ff46c66,Hemostatic Gauze,999,,,,,,,,,,
TOOL_HOVER,272998,8/3/2023 7:59,ab1f8cd1-8d65-45da-b087-89b25ff46c66,Hemostatic Gauze,999,,,,,,,,,,
TOOL_HOVER,273016,8/3/2023 7:59,ab1f8cd1-8d65-45da-b087-89b25ff46c66,Hemostatic Gauze,999,,,,,,,,,,
TOOL_HOVER,273031,8/3/2023 7:59,ab1f8cd1-8d65-45da-b087-89b25ff46c66,Hemostatic Gauze,999,,,,,,,,,,
TOOL_HOVER,273048,8/3/2023 7:59,ab1f8cd1-8d65-45da-b087-89b25ff46c66,Hemostatic Gauze,999,,,,,,,,,,
TOOL_HOVER,273065,8/3/2023 7:59,ab1f8cd1-8d65-45da-b087-89b25ff46c66,Hemostatic Gauze,999,,,,,,,,,,
TOOL_HOVER,273082,8/3/2023 7:59,ab1f8cd1-8d65-45da-b087-89b25ff46c66,Hemostatic Gauze,999,,,,,,,,,,
TOOL_HOVER,273098,8/3/2023 7:59,ab1f8cd1-8d65-45da-b087-89b25ff46c66,Hemostatic Gauze,999,,,,,,,,,,
TOOL_HOVER,273115,8/3/2023 7:59,ab1f8cd1-8d65-45da-b087-89b25ff46c66,Hemostatic Gauze,999,,,,,,,,,,
TOOL_SELECTED,273116,8/3/2023 7:59,ab1f8cd1-8d65-45da-b087-89b25ff46c66,Hemostatic Gauze,998,,,,,,,,,,
TOOL_DISCARDED,274352,8/3/2023 7:59,ab1f8cd1-8d65-45da-b087-89b25ff46c66,Hemostatic Gauze,998,"(0.9, 0.2, 8.4)",,,,,,,,,
TOOL_APPLIED,274353,8/3/2023 7:59,ab1f8cd1-8d65-45da-b087-89b25ff46c66,Gary_1 Root,Gauze_Pack,skinCollider_BodyGar_LOD (UnityEngine.GameObject),null,null,AppliedPackingGauze,,,,,,
TOOL_HOVER,277191,8/3/2023 7:59,ab1f8cd1-8d65-45da-b087-89b25ff46c66,Gauze,999,,,,,,,,,,
TOOL_HOVER,277208,8/3/2023 7:59,ab1f8cd1-8d65-45da-b087-89b25ff46c66,Gauze,999,,,,,,,,,,
TOOL_HOVER,277225,8/3/2023 7:59,ab1f8cd1-8d65-45da-b087-89b25ff46c66,Gauze,999,,,,,,,,,,
TOOL_HOVER,277242,8/3/2023 7:59,ab1f8cd1-8d65-45da-b087-89b25ff46c66,Gauze,999,,,,,,,,,,
TOOL_HOVER,277258,8/3/2023 7:59,ab1f8cd1-8d65-45da-b087-89b25ff46c66,Gauze,999,,,,,,,,,,
TOOL_HOVER,277275,8/3/2023 7:59,ab1f8cd1-8d65-45da-b087-89b25ff46c66,Gauze,999,,,,,,,,,,
TOOL_HOVER,277292,8/3/2023 7:59,ab1f8cd1-8d65-45da-b087-89b25ff46c66,Gauze,999,,,,,,,,,,
TOOL_HOVER,277308,8/3/2023 7:59,ab1f8cd1-8d65-45da-b087-89b25ff46c66,Gauze,999,,,,,,,,,,
TOOL_HOVER,277325,8/3/2023 7:59,ab1f8cd1-8d65-45da-b087-89b25ff46c66,Gauze,999,,,,,,,,,,
TOOL_HOVER,277340,8/3/2023 7:59,ab1f8cd1-8d65-45da-b087-89b25ff46c66,Gauze,999,,,,,,,,,,
TOOL_HOVER,277358,8/3/2023 7:59,ab1f8cd1-8d65-45da-b087-89b25ff46c66,Gauze,999,,,,,,,,,,
TOOL_HOVER,277375,8/3/2023 7:59,ab1f8cd1-8d65-45da-b087-89b25ff46c66,Gauze,999,,,,,,,,,,
TOOL_HOVER,277393,8/3/2023 7:59,ab1f8cd1-8d65-45da-b087-89b25ff46c66,Gauze,999,,,,,,,,,,
TOOL_SELECTED,277394,8/3/2023 7:59,ab1f8cd1-8d65-45da-b087-89b25ff46c66,Gauze,998,,,,,,,,,,
TOOL_DISCARDED,278779,8/3/2023 7:59,ab1f8cd1-8d65-45da-b087-89b25ff46c66,Gauze,998,"(0.9, 0.2, 8.4)",,,,,,,,,
TOOL_APPLIED,278779,8/3/2023 7:59,ab1f8cd1-8d65-45da-b087-89b25ff46c66,Gary_1 Root,Gauze_Dressing,skinCollider_BodyGar_LOD (UnityEngine.GameObject),null,null,AppliedDressingGauze,,,,,,
BAG_CLOSED,280187,8/3/2023 8:00,ab1f8cd1-8d65-45da-b087-89b25ff46c66,"(0.6, 0.4, 8.4)",,,,,,,,,,,
PATIENT_ENGAGED,280616,8/3/2023 8:00,ab1f8cd1-8d65-45da-b087-89b25ff46c66,100,Infinity,Lily_4 Root,"(1.2, 0.0, 6.2)","(0.0, 1.0, 0.0, 0.0)",IMMEDIATE,waver,fast,normal,normal,upset,fetal
TELEPORT,282138,8/3/2023 8:00,ab1f8cd1-8d65-45da-b087-89b25ff46c66,"(0.3, 0.0, 7.2)",,,,,,,,,,,
PULSE_TAKEN,286163,8/3/2023 8:00,ab1f8cd1-8d65-45da-b087-89b25ff46c66,pulse_fast,Lily_4 Root,,,,,,,,,,
PULSE_TAKEN,286864,8/3/2023 8:00,ab1f8cd1-8d65-45da-b087-89b25ff46c66,pulse_fast,Lily_4 Root,,,,,,,,,,
PULSE_TAKEN,289271,8/3/2023 8:00,ab1f8cd1-8d65-45da-b087-89b25ff46c66,pulse_fast,Lily_4 Root,,,,,,,,,,
PULSE_TAKEN,289571,8/3/2023 8:00,ab1f8cd1-8d65-45da-b087-89b25ff46c66,pulse_fast,Lily_4 Root,,,,,,,,,,
PULSE_TAKEN,290574,8/3/2023 8:00,ab1f8cd1-8d65-45da-b087-89b25ff46c66,pulse_fast,Lily_4 Root,,,,,,,,,,
PULSE_TAKEN,291327,8/3/2023 8:00,ab1f8cd1-8d65-45da-b087-89b25ff46c66,pulse_fast,Lily_4 Root,,,,,,,,,,
VOICE_CAPTURE,291562,8/3/2023 8:00,ab1f8cd1-8d65-45da-b087-89b25ff46c66,are you hurt,NA,,,,,,,,,,
VOICE_COMMAND,291562,8/3/2023 8:00,ab1f8cd1-8d65-45da-b087-89b25ff46c66,are you hurt,are you hurt,,,,,,,,,,
PULSE_TAKEN,292294,8/3/2023 8:00,ab1f8cd1-8d65-45da-b087-89b25ff46c66,pulse_fast,Lily_4 Root,,,,,,,,,,
VOICE_CAPTURE,292763,8/3/2023 8:00,ab1f8cd1-8d65-45da-b087-89b25ff46c66,are you hurt,NA,,,,,,,,,,
VOICE_COMMAND,292763,8/3/2023 8:00,ab1f8cd1-8d65-45da-b087-89b25ff46c66,are you hurt,are you hurt,,,,,,,,,,
PULSE_TAKEN,293147,8/3/2023 8:00,ab1f8cd1-8d65-45da-b087-89b25ff46c66,pulse_fast,Lily_4 Root,,,,,,,,,,
VOICE_CAPTURE,294250,8/3/2023 8:00,ab1f8cd1-8d65-45da-b087-89b25ff46c66,are you hurt,NA,,,,,,,,,,
VOICE_COMMAND,294250,8/3/2023 8:00,ab1f8cd1-8d65-45da-b087-89b25ff46c66,are you hurt,are you hurt,,,,,,,,,,
BAG_ACCESS,294300,8/3/2023 8:00,ab1f8cd1-8d65-45da-b087-89b25ff46c66,"(0.8, 0.4, 6.5)",,,,,,,,,,,
PULSE_TAKEN,294433,8/3/2023 8:00,ab1f8cd1-8d65-45da-b087-89b25ff46c66,pulse_fast,Lily_4 Root,,,,,,,,,,
TOOL_HOVER,295486,8/3/2023 8:00,ab1f8cd1-8d65-45da-b087-89b25ff46c66,Hemostatic Gauze,999,,,,,,,,,,
TOOL_HOVER,295504,8/3/2023 8:00,ab1f8cd1-8d65-45da-b087-89b25ff46c66,Hemostatic Gauze,999,,,,,,,,,,
TOOL_HOVER,295520,8/3/2023 8:00,ab1f8cd1-8d65-45da-b087-89b25ff46c66,Hemostatic Gauze,999,,,,,,,,,,
TOOL_HOVER,295536,8/3/2023 8:00,ab1f8cd1-8d65-45da-b087-89b25ff46c66,Hemostatic Gauze,999,,,,,,,,,,
TOOL_HOVER,295553,8/3/2023 8:00,ab1f8cd1-8d65-45da-b087-89b25ff46c66,Hemostatic Gauze,999,,,,,,,,,,
TOOL_HOVER,295570,8/3/2023 8:00,ab1f8cd1-8d65-45da-b087-89b25ff46c66,Hemostatic Gauze,999,,,,,,,,,,
TOOL_HOVER,295587,8/3/2023 8:00,ab1f8cd1-8d65-45da-b087-89b25ff46c66,Hemostatic Gauze,999,,,,,,,,,,
TOOL_HOVER,295603,8/3/2023 8:00,ab1f8cd1-8d65-45da-b087-89b25ff46c66,Hemostatic Gauze,999,,,,,,,,,,
TOOL_HOVER,295620,8/3/2023 8:00,ab1f8cd1-8d65-45da-b087-89b25ff46c66,Hemostatic Gauze,999,,,,,,,,,,
TOOL_HOVER,295636,8/3/2023 8:00,ab1f8cd1-8d65-45da-b087-89b25ff46c66,Hemostatic Gauze,999,,,,,,,,,,
TOOL_HOVER,295653,8/3/2023 8:00,ab1f8cd1-8d65-45da-b087-89b25ff46c66,Hemostatic Gauze,999,,,,,,,,,,
TOOL_HOVER,295670,8/3/2023 8:00,ab1f8cd1-8d65-45da-b087-89b25ff46c66,Hemostatic Gauze,999,,,,,,,,,,
TOOL_HOVER,295686,8/3/2023 8:00,ab1f8cd1-8d65-45da-b087-89b25ff46c66,Hemostatic Gauze,999,,,,,,,,,,
TOOL_HOVER,295704,8/3/2023 8:00,ab1f8cd1-8d65-45da-b087-89b25ff46c66,Hemostatic Gauze,999,,,,,,,,,,
TOOL_HOVER,295720,8/3/2023 8:00,ab1f8cd1-8d65-45da-b087-89b25ff46c66,Hemostatic Gauze,999,,,,,,,,,,
TOOL_HOVER,295736,8/3/2023 8:00,ab1f8cd1-8d65-45da-b087-89b25ff46c66,Hemostatic Gauze,999,,,,,,,,,,
TOOL_HOVER,295754,8/3/2023 8:00,ab1f8cd1-8d65-45da-b087-89b25ff46c66,Hemostatic Gauze,999,,,,,,,,,,
TOOL_HOVER,295770,8/3/2023 8:00,ab1f8cd1-8d65-45da-b087-89b25ff46c66,Hemostatic Gauze,999,,,,,,,,,,
TOOL_HOVER,295787,8/3/2023 8:00,ab1f8cd1-8d65-45da-b087-89b25ff46c66,Hemostatic Gauze,999,,,,,,,,,,
TOOL_HOVER,295803,8/3/2023 8:00,ab1f8cd1-8d65-45da-b087-89b25ff46c66,Hemostatic Gauze,999,,,,,,,,,,
TOOL_HOVER,295820,8/3/2023 8:00,ab1f8cd1-8d65-45da-b087-89b25ff46c66,Hemostatic Gauze,999,,,,,,,,,,
TOOL_SELECTED,295821,8/3/2023 8:00,ab1f8cd1-8d65-45da-b087-89b25ff46c66,Hemostatic Gauze,998,,,,,,,,,,
VOICE_CAPTURE,296338,8/3/2023 8:00,ab1f8cd1-8d65-45da-b087-89b25ff46c66,are you hurt,NA,,,,,,,,,,
VOICE_COMMAND,296338,8/3/2023 8:00,ab1f8cd1-8d65-45da-b087-89b25ff46c66,are you hurt,are you hurt,,,,,,,,,,
PULSE_TAKEN,298848,8/3/2023 8:00,ab1f8cd1-8d65-45da-b087-89b25ff46c66,pulse_fast,Lily_4 Root,,,,,,,,,,
TOOL_DISCARDED,299607,8/3/2023 8:00,ab1f8cd1-8d65-45da-b087-89b25ff46c66,Hemostatic Gauze,998,"(0.8, 0.6, 6.5)",,,,,,,,,
TOOL_APPLIED,299607,8/3/2023 8:00,ab1f8cd1-8d65-45da-b087-89b25ff46c66,Lily_4 Root,Gauze_Pack,skinCollider_BodyLOD (UnityEngine.GameObject),null,null,AppliedPackingGauze,,,,,,
PULSE_TAKEN,302689,8/3/2023 8:00,ab1f8cd1-8d65-45da-b087-89b25ff46c66,pulse_fast,Lily_4 Root,,,,,,,,,,
BAG_CLOSED,304397,8/3/2023 8:00,ab1f8cd1-8d65-45da-b087-89b25ff46c66,"(0.8, 0.4, 6.5)",,,,,,,,,,,
BAG_ACCESS,310540,8/3/2023 8:00,ab1f8cd1-8d65-45da-b087-89b25ff46c66,"(0.7, 0.7, 6.8)",,,,,,,,,,,
TOOL_HOVER,313581,8/3/2023 8:00,ab1f8cd1-8d65-45da-b087-89b25ff46c66,Hemostatic Gauze,999,,,,,,,,,,
TOOL_HOVER,313596,8/3/2023 8:00,ab1f8cd1-8d65-45da-b087-89b25ff46c66,Hemostatic Gauze,999,,,,,,,,,,
TOOL_HOVER,313613,8/3/2023 8:00,ab1f8cd1-8d65-45da-b087-89b25ff46c66,Hemostatic Gauze,999,,,,,,,,,,
TOOL_HOVER,313630,8/3/2023 8:00,ab1f8cd1-8d65-45da-b087-89b25ff46c66,Hemostatic Gauze,999,,,,,,,,,,
TOOL_HOVER,313647,8/3/2023 8:00,ab1f8cd1-8d65-45da-b087-89b25ff46c66,Hemostatic Gauze,999,,,,,,,,,,
TOOL_HOVER,313664,8/3/2023 8:00,ab1f8cd1-8d65-45da-b087-89b25ff46c66,Hemostatic Gauze,999,,,,,,,,,,
TOOL_HOVER,313680,8/3/2023 8:00,ab1f8cd1-8d65-45da-b087-89b25ff46c66,Hemostatic Gauze,999,,,,,,,,,,
TOOL_SELECTED,313681,8/3/2023 8:00,ab1f8cd1-8d65-45da-b087-89b25ff46c66,Hemostatic Gauze,998,,,,,,,,,,
TOOL_DISCARDED,315254,8/3/2023 8:00,ab1f8cd1-8d65-45da-b087-89b25ff46c66,Hemostatic Gauze,998,"(0.9, 0.2, 6.5)",,,,,,,,,
INJURY_TREATED,315255,8/3/2023 8:00,ab1f8cd1-8d65-45da-b087-89b25ff46c66,L Side Puncture,Lily_4 Root,woundpack,medium,abdomen,TRUE,FALSE,"(0.9, 0.2, 6.5)",,,,
TOOL_APPLIED,315255,8/3/2023 8:00,ab1f8cd1-8d65-45da-b087-89b25ff46c66,Lily_4 Root,Gauze_Pack,skinCollider_BodyLOD (UnityEngine.GameObject),null,null,AppliedPackingGauze,,,,,,
TOOL_HOVER,318292,8/3/2023 8:00,ab1f8cd1-8d65-45da-b087-89b25ff46c66,Gauze,999,,,,,,,,,,
TOOL_HOVER,318307,8/3/2023 8:00,ab1f8cd1-8d65-45da-b087-89b25ff46c66,Gauze,999,,,,,,,,,,
TOOL_HOVER,318325,8/3/2023 8:00,ab1f8cd1-8d65-45da-b087-89b25ff46c66,Gauze,999,,,,,,,,,,
TOOL_HOVER,318342,8/3/2023 8:00,ab1f8cd1-8d65-45da-b087-89b25ff46c66,Gauze,999,,,,,,,,,,
TOOL_HOVER,318358,8/3/2023 8:00,ab1f8cd1-8d65-45da-b087-89b25ff46c66,Gauze,999,,,,,,,,,,
TOOL_HOVER,318376,8/3/2023 8:00,ab1f8cd1-8d65-45da-b087-89b25ff46c66,Gauze,999,,,,,,,,,,
TOOL_HOVER,318392,8/3/2023 8:00,ab1f8cd1-8d65-45da-b087-89b25ff46c66,Gauze,999,,,,,,,,,,
TOOL_HOVER,318409,8/3/2023 8:00,ab1f8cd1-8d65-45da-b087-89b25ff46c66,Gauze,999,,,,,,,,,,
TOOL_HOVER,318426,8/3/2023 8:00,ab1f8cd1-8d65-45da-b087-89b25ff46c66,Gauze,999,,,,,,,,,,
TOOL_SELECTED,318427,8/3/2023 8:00,ab1f8cd1-8d65-45da-b087-89b25ff46c66,Gauze,998,,,,,,,,,,
TOOL_DISCARDED,319577,8/3/2023 8:00,ab1f8cd1-8d65-45da-b087-89b25ff46c66,Gauze,998,"(0.9, 0.2, 6.5)",,,,,,,,,
TOOL_APPLIED,319577,8/3/2023 8:00,ab1f8cd1-8d65-45da-b087-89b25ff46c66,Lily_4 Root,Gauze_Dressing,skinCollider_BodyLOD (UnityEngine.GameObject),null,null,AppliedDressingGauze,,,,,,
PULSE_TAKEN,322383,8/3/2023 8:00,ab1f8cd1-8d65-45da-b087-89b25ff46c66,pulse_fast,Lily_4 Root,,,,,,,,,,
TAG_SELECTED,326562,8/3/2023 8:00,ab1f8cd1-8d65-45da-b087-89b25ff46c66,red,,,,,,,,,,,
TAG_APPLIED,327683,8/3/2023 8:00,ab1f8cd1-8d65-45da-b087-89b25ff46c66,Lily_4 Root,red,,,,,,,,,,
BAG_CLOSED,328388,8/3/2023 8:00,ab1f8cd1-8d65-45da-b087-89b25ff46c66,"(0.7, 0.7, 6.8)",,,,,,,,,,,
TELEPORT,329301,8/3/2023 8:00,ab1f8cd1-8d65-45da-b087-89b25ff46c66,"(1.4, 0.0, 6.7)",,,,,,,,,,,
PATIENT_ENGAGED,334715,8/3/2023 8:00,ab1f8cd1-8d65-45da-b087-89b25ff46c66,100,Infinity,Mike_7 Root,"(1.3, 0.0, 3.4)","(0.0, 0.1, 0.0, 1.0)",DELAYED,waver,fast,normal,normal,upset,sittingGround
BAG_ACCESS,338553,8/3/2023 8:00,ab1f8cd1-8d65-45da-b087-89b25ff46c66,"(0.7, 0.5, 3.8)",,,,,,,,,,,
TOOL_HOVER,339792,8/3/2023 8:01,ab1f8cd1-8d65-45da-b087-89b25ff46c66,Gauze,999,,,,,,,,,,
TOOL_SELECTED,339793,8/3/2023 8:01,ab1f8cd1-8d65-45da-b087-89b25ff46c66,Gauze,998,,,,,,,,,,
TOOL_DISCARDED,340950,8/3/2023 8:01,ab1f8cd1-8d65-45da-b087-89b25ff46c66,Gauze,998,"(0.7, 0.4, 3.8)",,,,,,,,,
TOOL_DISCARDED,340950,8/3/2023 8:01,ab1f8cd1-8d65-45da-b087-89b25ff46c66,Gauze,999,"(0.7, 0.4, 3.8)",,,,,,,,,
TOOL_HOVER,341296,8/3/2023 8:01,ab1f8cd1-8d65-45da-b087-89b25ff46c66,Tourniquet,999,,,,,,,,,,
TOOL_HOVER,341313,8/3/2023 8:01,ab1f8cd1-8d65-45da-b087-89b25ff46c66,Tourniquet,999,,,,,,,,,,
TOOL_HOVER,341331,8/3/2023 8:01,ab1f8cd1-8d65-45da-b087-89b25ff46c66,Tourniquet,999,,,,,,,,,,
TOOL_HOVER,341350,8/3/2023 8:01,ab1f8cd1-8d65-45da-b087-89b25ff46c66,Tourniquet,999,,,,,,,,,,
TOOL_HOVER,341367,8/3/2023 8:01,ab1f8cd1-8d65-45da-b087-89b25ff46c66,Tourniquet,999,,,,,,,,,,
TOOL_HOVER,341385,8/3/2023 8:01,ab1f8cd1-8d65-45da-b087-89b25ff46c66,Tourniquet,999,,,,,,,,,,
TOOL_HOVER,341402,8/3/2023 8:01,ab1f8cd1-8d65-45da-b087-89b25ff46c66,Tourniquet,999,,,,,,,,,,
TOOL_HOVER,341421,8/3/2023 8:01,ab1f8cd1-8d65-45da-b087-89b25ff46c66,Tourniquet,999,,,,,,,,,,
TOOL_HOVER,341439,8/3/2023 8:01,ab1f8cd1-8d65-45da-b087-89b25ff46c66,Tourniquet,999,,,,,,,,,,
TOOL_HOVER,341457,8/3/2023 8:01,ab1f8cd1-8d65-45da-b087-89b25ff46c66,Tourniquet,999,,,,,,,,,,
TOOL_HOVER,341477,8/3/2023 8:01,ab1f8cd1-8d65-45da-b087-89b25ff46c66,Tourniquet,999,,,,,,,,,,
TOOL_HOVER,341496,8/3/2023 8:01,ab1f8cd1-8d65-45da-b087-89b25ff46c66,Tourniquet,999,,,,,,,,,,
TOOL_HOVER,341514,8/3/2023 8:01,ab1f8cd1-8d65-45da-b087-89b25ff46c66,Tourniquet,999,,,,,,,,,,
TOOL_HOVER,341532,8/3/2023 8:01,ab1f8cd1-8d65-45da-b087-89b25ff46c66,Tourniquet,999,,,,,,,,,,
TOOL_HOVER,341551,8/3/2023 8:01,ab1f8cd1-8d65-45da-b087-89b25ff46c66,Tourniquet,999,,,,,,,,,,
TOOL_SELECTED,341552,8/3/2023 8:01,ab1f8cd1-8d65-45da-b087-89b25ff46c66,Tourniquet,998,,,,,,,,,,
TOOL_DISCARDED,342856,8/3/2023 8:01,ab1f8cd1-8d65-45da-b087-89b25ff46c66,Tourniquet,998,"(0.9, 0.1, 3.4)",,,,,,,,,
TOOL_HOVER,344696,8/3/2023 8:01,ab1f8cd1-8d65-45da-b087-89b25ff46c66,Gauze,1000,,,,,,,,,,
TOOL_HOVER,344716,8/3/2023 8:01,ab1f8cd1-8d65-45da-b087-89b25ff46c66,Gauze,1000,,,,,,,,,,
TOOL_HOVER,344735,8/3/2023 8:01,ab1f8cd1-8d65-45da-b087-89b25ff46c66,Gauze,1000,,,,,,,,,,
TOOL_HOVER,344754,8/3/2023 8:01,ab1f8cd1-8d65-45da-b087-89b25ff46c66,Gauze,1000,,,,,,,,,,
TOOL_HOVER,344774,8/3/2023 8:01,ab1f8cd1-8d65-45da-b087-89b25ff46c66,Gauze,1000,,,,,,,,,,
TOOL_HOVER,344791,8/3/2023 8:01,ab1f8cd1-8d65-45da-b087-89b25ff46c66,Gauze,1000,,,,,,,,,,
TOOL_HOVER,344809,8/3/2023 8:01,ab1f8cd1-8d65-45da-b087-89b25ff46c66,Gauze,1000,,,,,,,,,,
TOOL_HOVER,344828,8/3/2023 8:01,ab1f8cd1-8d65-45da-b087-89b25ff46c66,Gauze,1000,,,,,,,,,,
TOOL_HOVER,344847,8/3/2023 8:01,ab1f8cd1-8d65-45da-b087-89b25ff46c66,Gauze,1000,,,,,,,,,,
TOOL_SELECTED,344848,8/3/2023 8:01,ab1f8cd1-8d65-45da-b087-89b25ff46c66,Gauze,999,,,,,,,,,,
TOOL_DISCARDED,345712,8/3/2023 8:01,ab1f8cd1-8d65-45da-b087-89b25ff46c66,Gauze,999,"(0.8, 0.4, 3.5)",,,,,,,,,
TOOL_DISCARDED,345712,8/3/2023 8:01,ab1f8cd1-8d65-45da-b087-89b25ff46c66,Gauze,1000,"(0.8, 0.4, 3.5)",,,,,,,,,
TOOL_HOVER,346094,8/3/2023 8:01,ab1f8cd1-8d65-45da-b087-89b25ff46c66,Tourniquet,999,,,,,,,,,,
TOOL_HOVER,346111,8/3/2023 8:01,ab1f8cd1-8d65-45da-b087-89b25ff46c66,Tourniquet,999,,,,,,,,,,
TOOL_HOVER,346129,8/3/2023 8:01,ab1f8cd1-8d65-45da-b087-89b25ff46c66,Tourniquet,999,,,,,,,,,,
TOOL_HOVER,346145,8/3/2023 8:01,ab1f8cd1-8d65-45da-b087-89b25ff46c66,Tourniquet,999,,,,,,,,,,
TOOL_HOVER,346164,8/3/2023 8:01,ab1f8cd1-8d65-45da-b087-89b25ff46c66,Tourniquet,999,,,,,,,,,,
TOOL_HOVER,346181,8/3/2023 8:01,ab1f8cd1-8d65-45da-b087-89b25ff46c66,Tourniquet,999,,,,,,,,,,
TOOL_HOVER,346199,8/3/2023 8:01,ab1f8cd1-8d65-45da-b087-89b25ff46c66,Tourniquet,999,,,,,,,,,,
TOOL_HOVER,346216,8/3/2023 8:01,ab1f8cd1-8d65-45da-b087-89b25ff46c66,Tourniquet,999,,,,,,,,,,
TOOL_HOVER,346234,8/3/2023 8:01,ab1f8cd1-8d65-45da-b087-89b25ff46c66,Tourniquet,999,,,,,,,,,,
TOOL_HOVER,346252,8/3/2023 8:01,ab1f8cd1-8d65-45da-b087-89b25ff46c66,Tourniquet,999,,,,,,,,,,
TOOL_HOVER,346269,8/3/2023 8:01,ab1f8cd1-8d65-45da-b087-89b25ff46c66,Tourniquet,999,,,,,,,,,,
TOOL_HOVER,346287,8/3/2023 8:01,ab1f8cd1-8d65-45da-b087-89b25ff46c66,Tourniquet,999,,,,,,,,,,
TOOL_HOVER,346303,8/3/2023 8:01,ab1f8cd1-8d65-45da-b087-89b25ff46c66,Tourniquet,999,,,,,,,,,,
TOOL_HOVER,346321,8/3/2023 8:01,ab1f8cd1-8d65-45da-b087-89b25ff46c66,Tourniquet,999,,,,,,,,,,
TOOL_HOVER,346338,8/3/2023 8:01,ab1f8cd1-8d65-45da-b087-89b25ff46c66,Tourniquet,999,,,,,,,,,,
TOOL_HOVER,346354,8/3/2023 8:01,ab1f8cd1-8d65-45da-b087-89b25ff46c66,Tourniquet,999,,,,,,,,,,
TOOL_HOVER,346372,8/3/2023 8:01,ab1f8cd1-8d65-45da-b087-89b25ff46c66,Tourniquet,999,,,,,,,,,,
TOOL_HOVER,346389,8/3/2023 8:01,ab1f8cd1-8d65-45da-b087-89b25ff46c66,Tourniquet,999,,,,,,,,,,
TOOL_HOVER,346407,8/3/2023 8:01,ab1f8cd1-8d65-45da-b087-89b25ff46c66,Tourniquet,999,,,,,,,,,,
TOOL_SELECTED,346408,8/3/2023 8:01,ab1f8cd1-8d65-45da-b087-89b25ff46c66,Tourniquet,998,,,,,,,,,,
INJURY_TREATED,348492,8/3/2023 8:01,ab1f8cd1-8d65-45da-b087-89b25ff46c66,L Thigh Puncture,Mike_7 Root,tourniquet,medium,leftLeg,TRUE,FALSE,"(0.7, 0.1, 3.5)",,,,
TOOL_APPLIED,348492,8/3/2023 8:01,ab1f8cd1-8d65-45da-b087-89b25ff46c66,Mike_7 Root,Tourniquet,LeftUpLeg (UnityEngine.GameObject),tor_ring (1) (UnityEngine.GameObject),tourniquet(Clone) (UnityEngine.GameObject),AppliedTourniquet,,,,,,
TOOL_HOVER,353379,8/3/2023 8:01,ab1f8cd1-8d65-45da-b087-89b25ff46c66,Hemostatic Gauze,999,,,,,,,,,,
TOOL_SELECTED,353380,8/3/2023 8:01,ab1f8cd1-8d65-45da-b087-89b25ff46c66,Hemostatic Gauze,998,,,,,,,,,,
TOOL_DISCARDED,354496,8/3/2023 8:01,ab1f8cd1-8d65-45da-b087-89b25ff46c66,Hemostatic Gauze,998,"(1.3, 0.2, 3.8)",,,,,,,,,
TOOL_DISCARDED,354496,8/3/2023 8:01,ab1f8cd1-8d65-45da-b087-89b25ff46c66,Hemostatic Gauze,999,"(1.3, 0.2, 3.8)",,,,,,,,,
TOOL_HOVER,355682,8/3/2023 8:01,ab1f8cd1-8d65-45da-b087-89b25ff46c66,Gauze,1001,,,,,,,,,,
TOOL_HOVER,355698,8/3/2023 8:01,ab1f8cd1-8d65-45da-b087-89b25ff46c66,Gauze,1001,,,,,,,,,,
TOOL_HOVER,355715,8/3/2023 8:01,ab1f8cd1-8d65-45da-b087-89b25ff46c66,Gauze,1001,,,,,,,,,,
TOOL_SELECTED,355716,8/3/2023 8:01,ab1f8cd1-8d65-45da-b087-89b25ff46c66,Gauze,1000,,,,,,,,,,
TOOL_DISCARDED,356801,8/3/2023 8:01,ab1f8cd1-8d65-45da-b087-89b25ff46c66,Gauze,1000,"(1.3, 0.1, 3.8)",,,,,,,,,
INJURY_TREATED,356801,8/3/2023 8:01,ab1f8cd1-8d65-45da-b087-89b25ff46c66,R Calf Laceration,Mike_7 Root,gauzePressure,low,rightLeg,TRUE,FALSE,"(1.3, 0.2, 3.8)",,,,
TOOL_APPLIED,356801,8/3/2023 8:01,ab1f8cd1-8d65-45da-b087-89b25ff46c66,Mike_7 Root,Gauze_Dressing,skinCollider_BodyCollideLOD (UnityEngine.GameObject),null,null,AppliedDressingGauze,,,,,,
TAG_SELECTED,362999,8/3/2023 8:01,ab1f8cd1-8d65-45da-b087-89b25ff46c66,yellow,,,,,,,,,,,
TAG_APPLIED,364269,8/3/2023 8:01,ab1f8cd1-8d65-45da-b087-89b25ff46c66,Mike_7 Root,yellow,,,,,,,,,,
BAG_CLOSED,365209,8/3/2023 8:01,ab1f8cd1-8d65-45da-b087-89b25ff46c66,"(0.7, 0.5, 3.8)",,,,,,,,,,,
TELEPORT,365455,8/3/2023 8:01,ab1f8cd1-8d65-45da-b087-89b25ff46c66,"(1.4, 0.0, 3.9)",,,,,,,,,,,
PATIENT_ENGAGED,370587,8/3/2023 8:01,ab1f8cd1-8d65-45da-b087-89b25ff46c66,100,Infinity,Gloria_6 Root,"(-1.2, 0.0, 3.1)","(0.0, 0.4, 0.0, 0.9)",DELAYED,waver,fast,normal,normal,upset,fetal
BAG_ACCESS,376004,8/3/2023 8:01,ab1f8cd1-8d65-45da-b087-89b25ff46c66,"(-1.6, 0.4, 3.3)",,,,,,,,,,,
TOOL_HOVER,377487,8/3/2023 8:01,ab1f8cd1-8d65-45da-b087-89b25ff46c66,Hemostatic Gauze,1000,,,,,,,,,,
TOOL_HOVER,377505,8/3/2023 8:01,ab1f8cd1-8d65-45da-b087-89b25ff46c66,Hemostatic Gauze,1000,,,,,,,,,,
TOOL_HOVER,377521,8/3/2023 8:01,ab1f8cd1-8d65-45da-b087-89b25ff46c66,Hemostatic Gauze,1000,,,,,,,,,,
TOOL_HOVER,377538,8/3/2023 8:01,ab1f8cd1-8d65-45da-b087-89b25ff46c66,Hemostatic Gauze,1000,,,,,,,,,,
TOOL_HOVER,377554,8/3/2023 8:01,ab1f8cd1-8d65-45da-b087-89b25ff46c66,Hemostatic Gauze,1000,,,,,,,,,,
TOOL_HOVER,377571,8/3/2023 8:01,ab1f8cd1-8d65-45da-b087-89b25ff46c66,Hemostatic Gauze,1000,,,,,,,,,,
TOOL_HOVER,377588,8/3/2023 8:01,ab1f8cd1-8d65-45da-b087-89b25ff46c66,Hemostatic Gauze,1000,,,,,,,,,,
TOOL_HOVER,377605,8/3/2023 8:01,ab1f8cd1-8d65-45da-b087-89b25ff46c66,Hemostatic Gauze,1000,,,,,,,,,,
TOOL_HOVER,377621,8/3/2023 8:01,ab1f8cd1-8d65-45da-b087-89b25ff46c66,Hemostatic Gauze,1000,,,,,,,,,,
TOOL_HOVER,377638,8/3/2023 8:01,ab1f8cd1-8d65-45da-b087-89b25ff46c66,Hemostatic Gauze,1000,,,,,,,,,,
TOOL_HOVER,377655,8/3/2023 8:01,ab1f8cd1-8d65-45da-b087-89b25ff46c66,Hemostatic Gauze,1000,,,,,,,,,,
TOOL_HOVER,377672,8/3/2023 8:01,ab1f8cd1-8d65-45da-b087-89b25ff46c66,Hemostatic Gauze,1000,,,,,,,,,,
TOOL_HOVER,377688,8/3/2023 8:01,ab1f8cd1-8d65-45da-b087-89b25ff46c66,Hemostatic Gauze,1000,,,,,,,,,,
TOOL_HOVER,377705,8/3/2023 8:01,ab1f8cd1-8d65-45da-b087-89b25ff46c66,Hemostatic Gauze,1000,,,,,,,,,,
TOOL_HOVER,377722,8/3/2023 8:01,ab1f8cd1-8d65-45da-b087-89b25ff46c66,Hemostatic Gauze,1000,,,,,,,,,,
TOOL_HOVER,377738,8/3/2023 8:01,ab1f8cd1-8d65-45da-b087-89b25ff46c66,Hemostatic Gauze,1000,,,,,,,,,,
TOOL_HOVER,377755,8/3/2023 8:01,ab1f8cd1-8d65-45da-b087-89b25ff46c66,Hemostatic Gauze,1000,,,,,,,,,,
TOOL_HOVER,377771,8/3/2023 8:01,ab1f8cd1-8d65-45da-b087-89b25ff46c66,Hemostatic Gauze,1000,,,,,,,,,,
TOOL_HOVER,377788,8/3/2023 8:01,ab1f8cd1-8d65-45da-b087-89b25ff46c66,Hemostatic Gauze,1000,,,,,,,,,,
TOOL_HOVER,377805,8/3/2023 8:01,ab1f8cd1-8d65-45da-b087-89b25ff46c66,Hemostatic Gauze,1000,,,,,,,,,,
TOOL_HOVER,377822,8/3/2023 8:01,ab1f8cd1-8d65-45da-b087-89b25ff46c66,Hemostatic Gauze,1000,,,,,,,,,,
TOOL_HOVER,377838,8/3/2023 8:01,ab1f8cd1-8d65-45da-b087-89b25ff46c66,Hemostatic Gauze,1000,,,,,,,,,,
TOOL_HOVER,377854,8/3/2023 8:01,ab1f8cd1-8d65-45da-b087-89b25ff46c66,Hemostatic Gauze,1000,,,,,,,,,,
TOOL_HOVER,377871,8/3/2023 8:01,ab1f8cd1-8d65-45da-b087-89b25ff46c66,Hemostatic Gauze,1000,,,,,,,,,,
TOOL_HOVER,377887,8/3/2023 8:01,ab1f8cd1-8d65-45da-b087-89b25ff46c66,Hemostatic Gauze,1000,,,,,,,,,,
TOOL_HOVER,377904,8/3/2023 8:01,ab1f8cd1-8d65-45da-b087-89b25ff46c66,Hemostatic Gauze,1000,,,,,,,,,,
TOOL_HOVER,377920,8/3/2023 8:01,ab1f8cd1-8d65-45da-b087-89b25ff46c66,Hemostatic Gauze,1000,,,,,,,,,,
TOOL_HOVER,377938,8/3/2023 8:01,ab1f8cd1-8d65-45da-b087-89b25ff46c66,Hemostatic Gauze,1000,,,,,,,,,,
TOOL_HOVER,377955,8/3/2023 8:01,ab1f8cd1-8d65-45da-b087-89b25ff46c66,Hemostatic Gauze,1000,,,,,,,,,,
TOOL_HOVER,377970,8/3/2023 8:01,ab1f8cd1-8d65-45da-b087-89b25ff46c66,Hemostatic Gauze,1000,,,,,,,,,,
TOOL_HOVER,377987,8/3/2023 8:01,ab1f8cd1-8d65-45da-b087-89b25ff46c66,Hemostatic Gauze,1000,,,,,,,,,,
TOOL_HOVER,378005,8/3/2023 8:01,ab1f8cd1-8d65-45da-b087-89b25ff46c66,Hemostatic Gauze,1000,,,,,,,,,,
TOOL_HOVER,378022,8/3/2023 8:01,ab1f8cd1-8d65-45da-b087-89b25ff46c66,Hemostatic Gauze,1000,,,,,,,,,,
TOOL_HOVER,378037,8/3/2023 8:01,ab1f8cd1-8d65-45da-b087-89b25ff46c66,Hemostatic Gauze,1000,,,,,,,,,,
TOOL_HOVER,378055,8/3/2023 8:01,ab1f8cd1-8d65-45da-b087-89b25ff46c66,Hemostatic Gauze,1000,,,,,,,,,,
TOOL_HOVER,378072,8/3/2023 8:01,ab1f8cd1-8d65-45da-b087-89b25ff46c66,Hemostatic Gauze,1000,,,,,,,,,,
TOOL_HOVER,378088,8/3/2023 8:01,ab1f8cd1-8d65-45da-b087-89b25ff46c66,Hemostatic Gauze,1000,,,,,,,,,,
TOOL_HOVER,378105,8/3/2023 8:01,ab1f8cd1-8d65-45da-b087-89b25ff46c66,Hemostatic Gauze,1000,,,,,,,,,,
TOOL_HOVER,378123,8/3/2023 8:01,ab1f8cd1-8d65-45da-b087-89b25ff46c66,Hemostatic Gauze,1000,,,,,,,,,,
TOOL_HOVER,378139,8/3/2023 8:01,ab1f8cd1-8d65-45da-b087-89b25ff46c66,Hemostatic Gauze,1000,,,,,,,,,,
TOOL_HOVER,378156,8/3/2023 8:01,ab1f8cd1-8d65-45da-b087-89b25ff46c66,Hemostatic Gauze,1000,,,,,,,,,,
TOOL_HOVER,378173,8/3/2023 8:01,ab1f8cd1-8d65-45da-b087-89b25ff46c66,Hemostatic Gauze,1000,,,,,,,,,,
TOOL_HOVER,378190,8/3/2023 8:01,ab1f8cd1-8d65-45da-b087-89b25ff46c66,Hemostatic Gauze,1000,,,,,,,,,,
TOOL_HOVER,378206,8/3/2023 8:01,ab1f8cd1-8d65-45da-b087-89b25ff46c66,Hemostatic Gauze,1000,,,,,,,,,,
TOOL_HOVER,378223,8/3/2023 8:01,ab1f8cd1-8d65-45da-b087-89b25ff46c66,Hemostatic Gauze,1000,,,,,,,,,,
TOOL_HOVER,378238,8/3/2023 8:01,ab1f8cd1-8d65-45da-b087-89b25ff46c66,Hemostatic Gauze,1000,,,,,,,,,,
TOOL_HOVER,378256,8/3/2023 8:01,ab1f8cd1-8d65-45da-b087-89b25ff46c66,Hemostatic Gauze,1000,,,,,,,,,,
TOOL_HOVER,378273,8/3/2023 8:01,ab1f8cd1-8d65-45da-b087-89b25ff46c66,Hemostatic Gauze,1000,,,,,,,,,,
TOOL_HOVER,378289,8/3/2023 8:01,ab1f8cd1-8d65-45da-b087-89b25ff46c66,Hemostatic Gauze,1000,,,,,,,,,,
TOOL_HOVER,378306,8/3/2023 8:01,ab1f8cd1-8d65-45da-b087-89b25ff46c66,Hemostatic Gauze,1000,,,,,,,,,,
TOOL_HOVER,378323,8/3/2023 8:01,ab1f8cd1-8d65-45da-b087-89b25ff46c66,Hemostatic Gauze,1000,,,,,,,,,,
TOOL_HOVER,378340,8/3/2023 8:01,ab1f8cd1-8d65-45da-b087-89b25ff46c66,Hemostatic Gauze,1000,,,,,,,,,,
TOOL_HOVER,378356,8/3/2023 8:01,ab1f8cd1-8d65-45da-b087-89b25ff46c66,Hemostatic Gauze,1000,,,,,,,,,,
TOOL_HOVER,378374,8/3/2023 8:01,ab1f8cd1-8d65-45da-b087-89b25ff46c66,Hemostatic Gauze,1000,,,,,,,,,,
TOOL_HOVER,378390,8/3/2023 8:01,ab1f8cd1-8d65-45da-b087-89b25ff46c66,Hemostatic Gauze,1000,,,,,,,,,,
TOOL_HOVER,378406,8/3/2023 8:01,ab1f8cd1-8d65-45da-b087-89b25ff46c66,Hemostatic Gauze,1000,,,,,,,,,,
TOOL_HOVER,378422,8/3/2023 8:01,ab1f8cd1-8d65-45da-b087-89b25ff46c66,Hemostatic Gauze,1000,,,,,,,,,,
TOOL_SELECTED,378423,8/3/2023 8:01,ab1f8cd1-8d65-45da-b087-89b25ff46c66,Hemostatic Gauze,999,,,,,,,,,,
VOICE_CAPTURE,378939,8/3/2023 8:01,ab1f8cd1-8d65-45da-b087-89b25ff46c66,modbutton no,NA,,,,,,,,,,
VOICE_COMMAND,378939,8/3/2023 8:01,ab1f8cd1-8d65-45da-b087-89b25ff46c66,modbutton no,modbutton no,,,,,,,,,,
TOOL_DISCARDED,379756,8/3/2023 8:01,ab1f8cd1-8d65-45da-b087-89b25ff46c66,Hemostatic Gauze,999,"(-1.1, 0.2, 3.2)",,,,,,,,,
INJURY_TREATED,379757,8/3/2023 8:01,ab1f8cd1-8d65-45da-b087-89b25ff46c66,R Calf Shrapnel,Gloria_6 Root,gauzePressure,medium,rightLeg,FALSE,TRUE,"(-1.1, 0.2, 3.2)",,,,
TOOL_APPLIED,379757,8/3/2023 8:01,ab1f8cd1-8d65-45da-b087-89b25ff46c66,Gloria_6 Root,Gauze_Pack,skinCollider_Body_LOD (UnityEngine.GameObject),null,null,AppliedPackingGauze,,,,,,
TOOL_HOVER,382682,8/3/2023 8:01,ab1f8cd1-8d65-45da-b087-89b25ff46c66,Gauze,1001,,,,,,,,,,
TOOL_HOVER,382699,8/3/2023 8:01,ab1f8cd1-8d65-45da-b087-89b25ff46c66,Gauze,1001,,,,,,,,,,
TOOL_HOVER,382716,8/3/2023 8:01,ab1f8cd1-8d65-45da-b087-89b25ff46c66,Gauze,1001,,,,,,,,,,
TOOL_HOVER,382733,8/3/2023 8:01,ab1f8cd1-8d65-45da-b087-89b25ff46c66,Gauze,1001,,,,,,,,,,
PULSE_TAKEN,382748,8/3/2023 8:01,ab1f8cd1-8d65-45da-b087-89b25ff46c66,pulse_fast,Gloria_6 Root,,,,,,,,,,
TOOL_HOVER,382749,8/3/2023 8:01,ab1f8cd1-8d65-45da-b087-89b25ff46c66,Gauze,1001,,,,,,,,,,
TOOL_HOVER,382765,8/3/2023 8:01,ab1f8cd1-8d65-45da-b087-89b25ff46c66,Gauze,1001,,,,,,,,,,
TOOL_HOVER,382782,8/3/2023 8:01,ab1f8cd1-8d65-45da-b087-89b25ff46c66,Gauze,1001,,,,,,,,,,
TOOL_HOVER,382799,8/3/2023 8:01,ab1f8cd1-8d65-45da-b087-89b25ff46c66,Gauze,1001,,,,,,,,,,
TOOL_HOVER,382817,8/3/2023 8:01,ab1f8cd1-8d65-45da-b087-89b25ff46c66,Gauze,1001,,,,,,,,,,
TOOL_HOVER,382832,8/3/2023 8:01,ab1f8cd1-8d65-45da-b087-89b25ff46c66,Gauze,1001,,,,,,,,,,
TOOL_SELECTED,382834,8/3/2023 8:01,ab1f8cd1-8d65-45da-b087-89b25ff46c66,Gauze,1000,,,,,,,,,,
TOOL_DISCARDED,384101,8/3/2023 8:01,ab1f8cd1-8d65-45da-b087-89b25ff46c66,Gauze,1000,"(-1.2, 0.2, 3.3)",,,,,,,,,
INJURY_TREATED,384101,8/3/2023 8:01,ab1f8cd1-8d65-45da-b087-89b25ff46c66,R Calf Shrapnel,Gloria_6 Root,gauzePressure,medium,rightLeg,TRUE,TRUE,"(-1.2, 0.2, 3.3)",,,,
TOOL_APPLIED,384102,8/3/2023 8:01,ab1f8cd1-8d65-45da-b087-89b25ff46c66,Gloria_6 Root,Gauze_Dressing,skinCollider_Body_LOD (UnityEngine.GameObject),null,null,AppliedDressingGauze,,,,,,
VOICE_CAPTURE,388176,8/3/2023 8:01,ab1f8cd1-8d65-45da-b087-89b25ff46c66,modbutton im okay,NA,,,,,,,,,,
VOICE_COMMAND,388176,8/3/2023 8:01,ab1f8cd1-8d65-45da-b087-89b25ff46c66,modbutton im okay,modbutton im okay,,,,,,,,,,
TAG_SELECTED,389531,8/3/2023 8:01,ab1f8cd1-8d65-45da-b087-89b25ff46c66,yellow,,,,,,,,,,,
TAG_APPLIED,390683,8/3/2023 8:01,ab1f8cd1-8d65-45da-b087-89b25ff46c66,Gloria_6 Root,yellow,,,,,,,,,,
BAG_CLOSED,391655,8/3/2023 8:01,ab1f8cd1-8d65-45da-b087-89b25ff46c66,"(-1.6, 0.4, 3.3)",,,,,,,,,,,
TELEPORT,392380,8/3/2023 8:01,ab1f8cd1-8d65-45da-b087-89b25ff46c66,"(-1.1, 0.0, 3.6)",,,,,,,,,,,
PATIENT_ENGAGED,401564,8/3/2023 8:02,ab1f8cd1-8d65-45da-b087-89b25ff46c66,100,Infinity,Mike_5 Root,"(2.7, 0.0, 2.3)","(0.0, 1.0, 0.0, 0.0)",IMMEDIATE,waver,fast,normal,normal,upset,fetal
BAG_ACCESS,401914,8/3/2023 8:02,ab1f8cd1-8d65-45da-b087-89b25ff46c66,"(2.9, 0.7, 2.7)",,,,,,,,,,,
TOOL_HOVER,403894,8/3/2023 8:02,ab1f8cd1-8d65-45da-b087-89b25ff46c66,Tourniquet,998,,,,,,,,,,
TOOL_HOVER,403911,8/3/2023 8:02,ab1f8cd1-8d65-45da-b087-89b25ff46c66,Tourniquet,998,,,,,,,,,,
TOOL_HOVER,403928,8/3/2023 8:02,ab1f8cd1-8d65-45da-b087-89b25ff46c66,Tourniquet,998,,,,,,,,,,
TOOL_HOVER,403944,8/3/2023 8:02,ab1f8cd1-8d65-45da-b087-89b25ff46c66,Tourniquet,998,,,,,,,,,,
TOOL_HOVER,403961,8/3/2023 8:02,ab1f8cd1-8d65-45da-b087-89b25ff46c66,Tourniquet,998,,,,,,,,,,
TOOL_HOVER,403976,8/3/2023 8:02,ab1f8cd1-8d65-45da-b087-89b25ff46c66,Tourniquet,998,,,,,,,,,,
TOOL_HOVER,403994,8/3/2023 8:02,ab1f8cd1-8d65-45da-b087-89b25ff46c66,Tourniquet,998,,,,,,,,,,
TOOL_HOVER,404010,8/3/2023 8:02,ab1f8cd1-8d65-45da-b087-89b25ff46c66,Tourniquet,998,,,,,,,,,,
TOOL_HOVER,404028,8/3/2023 8:02,ab1f8cd1-8d65-45da-b087-89b25ff46c66,Tourniquet,998,,,,,,,,,,
TOOL_HOVER,404044,8/3/2023 8:02,ab1f8cd1-8d65-45da-b087-89b25ff46c66,Tourniquet,998,,,,,,,,,,
TOOL_HOVER,404061,8/3/2023 8:02,ab1f8cd1-8d65-45da-b087-89b25ff46c66,Tourniquet,998,,,,,,,,,,
TOOL_HOVER,404078,8/3/2023 8:02,ab1f8cd1-8d65-45da-b087-89b25ff46c66,Tourniquet,998,,,,,,,,,,
TOOL_HOVER,404095,8/3/2023 8:02,ab1f8cd1-8d65-45da-b087-89b25ff46c66,Tourniquet,998,,,,,,,,,,
TOOL_SELECTED,404096,8/3/2023 8:02,ab1f8cd1-8d65-45da-b087-89b25ff46c66,Tourniquet,997,,,,,,,,,,
INJURY_TREATED,407507,8/3/2023 8:02,ab1f8cd1-8d65-45da-b087-89b25ff46c66,R Thigh Laceration,Mike_5 Root,tourniquet,medium,rightLeg,TRUE,FALSE,"(3.0, 0.3, 2.2)",,,,
TOOL_APPLIED,407507,8/3/2023 8:02,ab1f8cd1-8d65-45da-b087-89b25ff46c66,Mike_5 Root,Tourniquet,RightUpLeg (UnityEngine.GameObject),tor_ring (1) (UnityEngine.GameObject),tourniquet(Clone) (UnityEngine.GameObject),AppliedTourniquet,,,,,,
PULSE_TAKEN,409453,8/3/2023 8:02,ab1f8cd1-8d65-45da-b087-89b25ff46c66,pulse_fast,Mike_5 Root,,,,,,,,,,
TOOL_HOVER,412689,8/3/2023 8:02,ab1f8cd1-8d65-45da-b087-89b25ff46c66,Hemostatic Gauze,1000,,,,,,,,,,
TOOL_HOVER,412705,8/3/2023 8:02,ab1f8cd1-8d65-45da-b087-89b25ff46c66,Hemostatic Gauze,1000,,,,,,,,,,
TOOL_HOVER,412722,8/3/2023 8:02,ab1f8cd1-8d65-45da-b087-89b25ff46c66,Hemostatic Gauze,1000,,,,,,,,,,
TOOL_HOVER,412739,8/3/2023 8:02,ab1f8cd1-8d65-45da-b087-89b25ff46c66,Hemostatic Gauze,1000,,,,,,,,,,
TOOL_HOVER,412755,8/3/2023 8:02,ab1f8cd1-8d65-45da-b087-89b25ff46c66,Hemostatic Gauze,1000,,,,,,,,,,
TOOL_HOVER,412773,8/3/2023 8:02,ab1f8cd1-8d65-45da-b087-89b25ff46c66,Hemostatic Gauze,1000,,,,,,,,,,
TOOL_HOVER,412788,8/3/2023 8:02,ab1f8cd1-8d65-45da-b087-89b25ff46c66,Hemostatic Gauze,1000,,,,,,,,,,
TOOL_HOVER,412806,8/3/2023 8:02,ab1f8cd1-8d65-45da-b087-89b25ff46c66,Hemostatic Gauze,1000,,,,,,,,,,
TOOL_HOVER,412823,8/3/2023 8:02,ab1f8cd1-8d65-45da-b087-89b25ff46c66,Hemostatic Gauze,1000,,,,,,,,,,
TOOL_HOVER,412838,8/3/2023 8:02,ab1f8cd1-8d65-45da-b087-89b25ff46c66,Hemostatic Gauze,1000,,,,,,,,,,
TOOL_HOVER,412856,8/3/2023 8:02,ab1f8cd1-8d65-45da-b087-89b25ff46c66,Hemostatic Gauze,1000,,,,,,,,,,
TOOL_HOVER,412872,8/3/2023 8:02,ab1f8cd1-8d65-45da-b087-89b25ff46c66,Hemostatic Gauze,1000,,,,,,,,,,
TOOL_HOVER,412889,8/3/2023 8:02,ab1f8cd1-8d65-45da-b087-89b25ff46c66,Hemostatic Gauze,1000,,,,,,,,,,
TOOL_HOVER,412906,8/3/2023 8:02,ab1f8cd1-8d65-45da-b087-89b25ff46c66,Hemostatic Gauze,1000,,,,,,,,,,
TOOL_HOVER,412922,8/3/2023 8:02,ab1f8cd1-8d65-45da-b087-89b25ff46c66,Hemostatic Gauze,1000,,,,,,,,,,
TOOL_SELECTED,412924,8/3/2023 8:02,ab1f8cd1-8d65-45da-b087-89b25ff46c66,Hemostatic Gauze,999,,,,,,,,,,
TOOL_DISCARDED,414423,8/3/2023 8:02,ab1f8cd1-8d65-45da-b087-89b25ff46c66,Hemostatic Gauze,999,"(3.1, 0.2, 2.5)",,,,,,,,,
INJURY_TREATED,414423,8/3/2023 8:02,ab1f8cd1-8d65-45da-b087-89b25ff46c66,R Side Puncture,Mike_5 Root,woundpack,medium,abdomen,TRUE,FALSE,"(3.1, 0.3, 2.5)",,,,
TOOL_APPLIED,414423,8/3/2023 8:02,ab1f8cd1-8d65-45da-b087-89b25ff46c66,Mike_5 Root,Gauze_Pack,skinCollider_BodyCollideLOD (UnityEngine.GameObject),null,null,AppliedPackingGauze,,,,,,
TOOL_HOVER,418182,8/3/2023 8:02,ab1f8cd1-8d65-45da-b087-89b25ff46c66,Gauze,1001,,,,,,,,,,
TOOL_SELECTED,418183,8/3/2023 8:02,ab1f8cd1-8d65-45da-b087-89b25ff46c66,Gauze,1000,,,,,,,,,,
TOOL_DISCARDED,420071,8/3/2023 8:02,ab1f8cd1-8d65-45da-b087-89b25ff46c66,Gauze,1000,"(3.1, 0.2, 2.5)",,,,,,,,,
TOOL_APPLIED,420071,8/3/2023 8:02,ab1f8cd1-8d65-45da-b087-89b25ff46c66,Mike_5 Root,Gauze_Dressing,skinCollider_BodyCollideLOD (UnityEngine.GameObject),null,null,AppliedDressingGauze,,,,,,
PULSE_TAKEN,426153,8/3/2023 8:02,ab1f8cd1-8d65-45da-b087-89b25ff46c66,pulse_fast,Mike_5 Root,,,,,,,,,,
VOICE_CAPTURE,427003,8/3/2023 8:02,ab1f8cd1-8d65-45da-b087-89b25ff46c66,modbutton yes,NA,,,,,,,,,,
VOICE_COMMAND,427003,8/3/2023 8:02,ab1f8cd1-8d65-45da-b087-89b25ff46c66,modbutton yes,modbutton yes,,,,,,,,,,
PULSE_TAKEN,427087,8/3/2023 8:02,ab1f8cd1-8d65-45da-b087-89b25ff46c66,pulse_fast,Mike_5 Root,,,,,,,,,,
TOOL_HOVER,431181,8/3/2023 8:02,ab1f8cd1-8d65-45da-b087-89b25ff46c66,Hemostatic Gauze,1000,,,,,,,,,,
TOOL_HOVER,431196,8/3/2023 8:02,ab1f8cd1-8d65-45da-b087-89b25ff46c66,Hemostatic Gauze,1000,,,,,,,,,,
TOOL_HOVER,431214,8/3/2023 8:02,ab1f8cd1-8d65-45da-b087-89b25ff46c66,Hemostatic Gauze,1000,,,,,,,,,,
TOOL_HOVER,431230,8/3/2023 8:02,ab1f8cd1-8d65-45da-b087-89b25ff46c66,Hemostatic Gauze,1000,,,,,,,,,,
TOOL_HOVER,431247,8/3/2023 8:02,ab1f8cd1-8d65-45da-b087-89b25ff46c66,Hemostatic Gauze,1000,,,,,,,,,,
TOOL_HOVER,431264,8/3/2023 8:02,ab1f8cd1-8d65-45da-b087-89b25ff46c66,Hemostatic Gauze,1000,,,,,,,,,,
TOOL_HOVER,431280,8/3/2023 8:02,ab1f8cd1-8d65-45da-b087-89b25ff46c66,Hemostatic Gauze,1000,,,,,,,,,,
TOOL_HOVER,431296,8/3/2023 8:02,ab1f8cd1-8d65-45da-b087-89b25ff46c66,Hemostatic Gauze,1000,,,,,,,,,,
TOOL_HOVER,431313,8/3/2023 8:02,ab1f8cd1-8d65-45da-b087-89b25ff46c66,Hemostatic Gauze,1000,,,,,,,,,,
TOOL_HOVER,431330,8/3/2023 8:02,ab1f8cd1-8d65-45da-b087-89b25ff46c66,Hemostatic Gauze,1000,,,,,,,,,,
TOOL_HOVER,431348,8/3/2023 8:02,ab1f8cd1-8d65-45da-b087-89b25ff46c66,Hemostatic Gauze,1000,,,,,,,,,,
TOOL_HOVER,431363,8/3/2023 8:02,ab1f8cd1-8d65-45da-b087-89b25ff46c66,Hemostatic Gauze,1000,,,,,,,,,,
TOOL_HOVER,431380,8/3/2023 8:02,ab1f8cd1-8d65-45da-b087-89b25ff46c66,Hemostatic Gauze,1000,,,,,,,,,,
TOOL_SELECTED,431381,8/3/2023 8:02,ab1f8cd1-8d65-45da-b087-89b25ff46c66,Hemostatic Gauze,999,,,,,,,,,,
TOOL_DISCARDED,432935,8/3/2023 8:02,ab1f8cd1-8d65-45da-b087-89b25ff46c66,Hemostatic Gauze,999,"(3.3, 0.4, 2.7)",,,,,,,,,
TOOL_APPLIED,432935,8/3/2023 8:02,ab1f8cd1-8d65-45da-b087-89b25ff46c66,Mike_5 Root,Gauze_Pack,skinCollider_BodyCollideLOD (UnityEngine.GameObject),null,null,AppliedPackingGauze,,,,,,
TAG_SELECTED,441556,8/3/2023 8:02,ab1f8cd1-8d65-45da-b087-89b25ff46c66,red,,,,,,,,,,,
TAG_APPLIED,442625,8/3/2023 8:02,ab1f8cd1-8d65-45da-b087-89b25ff46c66,Mike_5 Root,red,,,,,,,,,,
BAG_CLOSED,445639,8/3/2023 8:02,ab1f8cd1-8d65-45da-b087-89b25ff46c66,"(2.9, 0.7, 2.7)",,,,,,,,,,,
TELEPORT,449925,8/3/2023 8:02,ab1f8cd1-8d65-45da-b087-89b25ff46c66,"(2.9, 0.0, 3.0)",,,,,,,,,,,
PATIENT_ENGAGED,451630,8/3/2023 8:02,ab1f8cd1-8d65-45da-b087-89b25ff46c66,100,Infinity,Lily_2 Root,"(3.0, 0.0, 4.5)","(0.0, 1.0, 0.0, 0.0)",IMMEDIATE,waver,fast,fast,normal,agony,fetal
BAG_ACCESS,455807,8/3/2023 8:02,ab1f8cd1-8d65-45da-b087-89b25ff46c66,"(3.7, 0.7, 4.7)",,,,,,,,,,,
TOOL_HOVER,457795,8/3/2023 8:02,ab1f8cd1-8d65-45da-b087-89b25ff46c66,Tourniquet,997,,,,,,,,,,
TOOL_HOVER,457810,8/3/2023 8:02,ab1f8cd1-8d65-45da-b087-89b25ff46c66,Tourniquet,997,,,,,,,,,,
TOOL_HOVER,457828,8/3/2023 8:02,ab1f8cd1-8d65-45da-b087-89b25ff46c66,Tourniquet,997,,,,,,,,,,
TOOL_HOVER,457845,8/3/2023 8:02,ab1f8cd1-8d65-45da-b087-89b25ff46c66,Tourniquet,997,,,,,,,,,,
TOOL_HOVER,457860,8/3/2023 8:02,ab1f8cd1-8d65-45da-b087-89b25ff46c66,Tourniquet,997,,,,,,,,,,
TOOL_HOVER,457877,8/3/2023 8:02,ab1f8cd1-8d65-45da-b087-89b25ff46c66,Tourniquet,997,,,,,,,,,,
TOOL_HOVER,457894,8/3/2023 8:02,ab1f8cd1-8d65-45da-b087-89b25ff46c66,Tourniquet,997,,,,,,,,,,
TOOL_HOVER,457910,8/3/2023 8:02,ab1f8cd1-8d65-45da-b087-89b25ff46c66,Tourniquet,997,,,,,,,,,,
TOOL_HOVER,457928,8/3/2023 8:02,ab1f8cd1-8d65-45da-b087-89b25ff46c66,Tourniquet,997,,,,,,,,,,
TOOL_HOVER,457944,8/3/2023 8:02,ab1f8cd1-8d65-45da-b087-89b25ff46c66,Tourniquet,997,,,,,,,,,,
TOOL_HOVER,457961,8/3/2023 8:02,ab1f8cd1-8d65-45da-b087-89b25ff46c66,Tourniquet,997,,,,,,,,,,
TOOL_HOVER,457976,8/3/2023 8:02,ab1f8cd1-8d65-45da-b087-89b25ff46c66,Tourniquet,997,,,,,,,,,,
TOOL_HOVER,457995,8/3/2023 8:02,ab1f8cd1-8d65-45da-b087-89b25ff46c66,Gauze,1001,,,,,,,,,,
TOOL_HOVER,458011,8/3/2023 8:02,ab1f8cd1-8d65-45da-b087-89b25ff46c66,Gauze,1001,,,,,,,,,,
TOOL_SELECTED,458012,8/3/2023 8:02,ab1f8cd1-8d65-45da-b087-89b25ff46c66,Gauze,1000,,,,,,,,,,
TOOL_DISCARDED,459249,8/3/2023 8:02,ab1f8cd1-8d65-45da-b087-89b25ff46c66,Gauze,1000,"(4.0, 0.8, 5.1)",,,,,,,,,
TOOL_DISCARDED,459249,8/3/2023 8:02,ab1f8cd1-8d65-45da-b087-89b25ff46c66,Gauze,1001,"(4.0, 0.8, 5.1)",,,,,,,,,
TOOL_HOVER,459281,8/3/2023 8:03,ab1f8cd1-8d65-45da-b087-89b25ff46c66,Gauze,1002,,,,,,,,,,
TOOL_HOVER,459297,8/3/2023 8:03,ab1f8cd1-8d65-45da-b087-89b25ff46c66,Gauze,1002,,,,,,,,,,
TOOL_HOVER,459315,8/3/2023 8:03,ab1f8cd1-8d65-45da-b087-89b25ff46c66,Gauze,1002,,,,,,,,,,
TOOL_HOVER,459331,8/3/2023 8:03,ab1f8cd1-8d65-45da-b087-89b25ff46c66,Gauze,1002,,,,,,,,,,
TOOL_HOVER,459348,8/3/2023 8:03,ab1f8cd1-8d65-45da-b087-89b25ff46c66,Gauze,1002,,,,,,,,,,
TOOL_HOVER,459373,8/3/2023 8:03,ab1f8cd1-8d65-45da-b087-89b25ff46c66,Gauze,1002,,,,,,,,,,
TOOL_HOVER,459589,8/3/2023 8:03,ab1f8cd1-8d65-45da-b087-89b25ff46c66,Tourniquet,997,,,,,,,,,,
TOOL_HOVER,459606,8/3/2023 8:03,ab1f8cd1-8d65-45da-b087-89b25ff46c66,Tourniquet,997,,,,,,,,,,
TOOL_HOVER,459623,8/3/2023 8:03,ab1f8cd1-8d65-45da-b087-89b25ff46c66,Tourniquet,997,,,,,,,,,,
TOOL_HOVER,459639,8/3/2023 8:03,ab1f8cd1-8d65-45da-b087-89b25ff46c66,Tourniquet,997,,,,,,,,,,
TOOL_HOVER,459656,8/3/2023 8:03,ab1f8cd1-8d65-45da-b087-89b25ff46c66,Tourniquet,997,,,,,,,,,,
TOOL_HOVER,459673,8/3/2023 8:03,ab1f8cd1-8d65-45da-b087-89b25ff46c66,Tourniquet,997,,,,,,,,,,
TOOL_HOVER,459690,8/3/2023 8:03,ab1f8cd1-8d65-45da-b087-89b25ff46c66,Tourniquet,997,,,,,,,,,,
TOOL_HOVER,459706,8/3/2023 8:03,ab1f8cd1-8d65-45da-b087-89b25ff46c66,Tourniquet,997,,,,,,,,,,
TOOL_HOVER,459722,8/3/2023 8:03,ab1f8cd1-8d65-45da-b087-89b25ff46c66,Tourniquet,997,,,,,,,,,,
TOOL_HOVER,459740,8/3/2023 8:03,ab1f8cd1-8d65-45da-b087-89b25ff46c66,Tourniquet,997,,,,,,,,,,
TOOL_HOVER,459756,8/3/2023 8:03,ab1f8cd1-8d65-45da-b087-89b25ff46c66,Tourniquet,997,,,,,,,,,,
TOOL_HOVER,459777,8/3/2023 8:03,ab1f8cd1-8d65-45da-b087-89b25ff46c66,Tourniquet,997,,,,,,,,,,
TOOL_HOVER,459793,8/3/2023 8:03,ab1f8cd1-8d65-45da-b087-89b25ff46c66,Tourniquet,997,,,,,,,,,,
TOOL_HOVER,459810,8/3/2023 8:03,ab1f8cd1-8d65-45da-b087-89b25ff46c66,Tourniquet,997,,,,,,,,,,
TOOL_HOVER,459827,8/3/2023 8:03,ab1f8cd1-8d65-45da-b087-89b25ff46c66,Tourniquet,997,,,,,,,,,,
TOOL_HOVER,459845,8/3/2023 8:03,ab1f8cd1-8d65-45da-b087-89b25ff46c66,Tourniquet,997,,,,,,,,,,
TOOL_HOVER,459860,8/3/2023 8:03,ab1f8cd1-8d65-45da-b087-89b25ff46c66,Tourniquet,997,,,,,,,,,,
TOOL_HOVER,459877,8/3/2023 8:03,ab1f8cd1-8d65-45da-b087-89b25ff46c66,Tourniquet,997,,,,,,,,,,
TOOL_SELECTED,459878,8/3/2023 8:03,ab1f8cd1-8d65-45da-b087-89b25ff46c66,Tourniquet,996,,,,,,,,,,
INJURY_TREATED,462226,8/3/2023 8:03,ab1f8cd1-8d65-45da-b087-89b25ff46c66,R Shin Amputation,Lily_2 Root,tourniquet,high,rightLeg,TRUE,FALSE,"(3.2, 0.1, 4.2)",,,,
TOOL_APPLIED,462226,8/3/2023 8:03,ab1f8cd1-8d65-45da-b087-89b25ff46c66,Lily_2 Root,Tourniquet,RightUpLeg (UnityEngine.GameObject),tor_ring (1) (UnityEngine.GameObject),tourniquet(Clone) (UnityEngine.GameObject),AppliedTourniquet,,,,,,
PULSE_TAKEN,464894,8/3/2023 8:03,ab1f8cd1-8d65-45da-b087-89b25ff46c66,pulse_fast,Lily_2 Root,,,,,,,,,,
PULSE_TAKEN,465913,8/3/2023 8:03,ab1f8cd1-8d65-45da-b087-89b25ff46c66,pulse_fast,Lily_2 Root,,,,,,,,,,
PULSE_TAKEN,465947,8/3/2023 8:03,ab1f8cd1-8d65-45da-b087-89b25ff46c66,pulse_fast,Lily_2 Root,,,,,,,,,,
VOICE_CAPTURE,468954,8/3/2023 8:03,ab1f8cd1-8d65-45da-b087-89b25ff46c66,modbutton no,NA,,,,,,,,,,
VOICE_COMMAND,468954,8/3/2023 8:03,ab1f8cd1-8d65-45da-b087-89b25ff46c66,modbutton no,modbutton no,,,,,,,,,,
PULSE_TAKEN,471194,8/3/2023 8:03,ab1f8cd1-8d65-45da-b087-89b25ff46c66,pulse_fast,Lily_2 Root,,,,,,,,,,
VOICE_CAPTURE,471794,8/3/2023 8:03,ab1f8cd1-8d65-45da-b087-89b25ff46c66,modbutton no,NA,,,,,,,,,,
VOICE_COMMAND,471794,8/3/2023 8:03,ab1f8cd1-8d65-45da-b087-89b25ff46c66,modbutton no,modbutton no,,,,,,,,,,
VOICE_CAPTURE,473600,8/3/2023 8:03,ab1f8cd1-8d65-45da-b087-89b25ff46c66,modbutton yes,NA,,,,,,,,,,
VOICE_COMMAND,473600,8/3/2023 8:03,ab1f8cd1-8d65-45da-b087-89b25ff46c66,modbutton yes,modbutton yes,,,,,,,,,,
TAG_SELECTED,480032,8/3/2023 8:03,ab1f8cd1-8d65-45da-b087-89b25ff46c66,red,,,,,,,,,,,
TAG_APPLIED,481669,8/3/2023 8:03,ab1f8cd1-8d65-45da-b087-89b25ff46c66,Lily_2 Root,red,,,,,,,,,,
VOICE_CAPTURE,481902,8/3/2023 8:03,ab1f8cd1-8d65-45da-b087-89b25ff46c66,modbutton yes,NA,,,,,,,,,,
VOICE_COMMAND,481902,8/3/2023 8:03,ab1f8cd1-8d65-45da-b087-89b25ff46c66,modbutton yes,modbutton yes,,,,,,,,,,
BAG_CLOSED,484112,8/3/2023 8:03,ab1f8cd1-8d65-45da-b087-89b25ff46c66,"(3.7, 0.7, 4.7)",,,,,,,,,,,
TELEPORT,490724,8/3/2023 8:03,ab1f8cd1-8d65-45da-b087-89b25ff46c66,"(3.9, 0.0, 4.2)",,,,,,,,,,,
TELEPORT,494242,8/3/2023 8:03,ab1f8cd1-8d65-45da-b087-89b25ff46c66,"(1.3, 0.0, -5.8)",,,,,,,,,,,
PATIENT_ENGAGED,497092,8/3/2023 8:03,ab1f8cd1-8d65-45da-b087-89b25ff46c66,100,Infinity,Helga_10 Root,"(1.7, 0.0, -3.3)","(0.0, 0.6, 0.0, 0.8)",MINIMAL,walker,normal,normal,normal,calm,sittingGround
TELEPORT,498843,8/3/2023 8:03,ab1f8cd1-8d65-45da-b087-89b25ff46c66,"(2.2, 0.0, -3.4)",,,,,,,,,,,
VOICE_CAPTURE,501434,8/3/2023 8:03,ab1f8cd1-8d65-45da-b087-89b25ff46c66,modbutton im okay,NA,,,,,,,,,,
VOICE_COMMAND,501434,8/3/2023 8:03,ab1f8cd1-8d65-45da-b087-89b25ff46c66,modbutton im okay,modbutton im okay,,,,,,,,,,
BAG_ACCESS,501968,8/3/2023 8:03,ab1f8cd1-8d65-45da-b087-89b25ff46c66,"(2.1, 0.5, -3.3)",,,,,,,,,,,
TAG_SELECTED,504159,8/3/2023 8:03,ab1f8cd1-8d65-45da-b087-89b25ff46c66,green,,,,,,,,,,,
TAG_APPLIED,506696,8/3/2023 8:03,ab1f8cd1-8d65-45da-b087-89b25ff46c66,Helga_10 Root,green,,,,,,,,,,
BAG_CLOSED,510673,8/3/2023 8:03,ab1f8cd1-8d65-45da-b087-89b25ff46c66,"(2.2, 0.0, -2.9)",,,,,,,,,,,
TELEPORT,510673,8/3/2023 8:03,ab1f8cd1-8d65-45da-b087-89b25ff46c66,"(2.2, 0.0, -2.9)",,,,,,,,,,,
BAG_ACCESS,514748,8/3/2023 8:03,ab1f8cd1-8d65-45da-b087-89b25ff46c66,"(2.9, 0.6, -4.9)",,,,,,,,,,,
PATIENT_ENGAGED,514815,8/3/2023 8:03,ab1f8cd1-8d65-45da-b087-89b25ff46c66,100,Infinity,Gloria_8 Root,"(3.1, 0.0, -4.9)","(0.0, 0.1, 0.0, -1.0)",MINIMAL,walker,normal,normal,normal,upset,sittingGround
TOOL_HOVER,523387,8/3/2023 8:04,ab1f8cd1-8d65-45da-b087-89b25ff46c66,Hemostatic Gauze,1000,,,,,,,,,,
TOOL_HOVER,523403,8/3/2023 8:04,ab1f8cd1-8d65-45da-b087-89b25ff46c66,Hemostatic Gauze,1000,,,,,,,,,,
TOOL_HOVER,523420,8/3/2023 8:04,ab1f8cd1-8d65-45da-b087-89b25ff46c66,Hemostatic Gauze,1000,,,,,,,,,,
TOOL_HOVER,523437,8/3/2023 8:04,ab1f8cd1-8d65-45da-b087-89b25ff46c66,Hemostatic Gauze,1000,,,,,,,,,,
TOOL_HOVER,523454,8/3/2023 8:04,ab1f8cd1-8d65-45da-b087-89b25ff46c66,Hemostatic Gauze,1000,,,,,,,,,,
TOOL_HOVER,523471,8/3/2023 8:04,ab1f8cd1-8d65-45da-b087-89b25ff46c66,Hemostatic Gauze,1000,,,,,,,,,,
TOOL_HOVER,523487,8/3/2023 8:04,ab1f8cd1-8d65-45da-b087-89b25ff46c66,Hemostatic Gauze,1000,,,,,,,,,,
TOOL_HOVER,523503,8/3/2023 8:04,ab1f8cd1-8d65-45da-b087-89b25ff46c66,Hemostatic Gauze,1000,,,,,,,,,,
TOOL_HOVER,523521,8/3/2023 8:04,ab1f8cd1-8d65-45da-b087-89b25ff46c66,Hemostatic Gauze,1000,,,,,,,,,,
TOOL_SELECTED,523521,8/3/2023 8:04,ab1f8cd1-8d65-45da-b087-89b25ff46c66,Hemostatic Gauze,999,,,,,,,,,,
VOICE_CAPTURE,525007,8/3/2023 8:04,ab1f8cd1-8d65-45da-b087-89b25ff46c66,what is your name,NA,,,,,,,,,,
VOICE_COMMAND,525007,8/3/2023 8:04,ab1f8cd1-8d65-45da-b087-89b25ff46c66,what is your name,what is your name,,,,,,,,,,
TOOL_DISCARDED,525792,8/3/2023 8:04,ab1f8cd1-8d65-45da-b087-89b25ff46c66,Hemostatic Gauze,999,"(3.1, 0.4, -5.1)",,,,,,,,,
TOOL_DISCARDED,525792,8/3/2023 8:04,ab1f8cd1-8d65-45da-b087-89b25ff46c66,Hemostatic Gauze,1000,"(3.1, 0.4, -5.1)",,,,,,,,,
PULSE_TAKEN,525991,8/3/2023 8:04,ab1f8cd1-8d65-45da-b087-89b25ff46c66,pulse_normal,Gloria_8 Root,,,,,,,,,,
TOOL_HOVER,529385,8/3/2023 8:04,ab1f8cd1-8d65-45da-b087-89b25ff46c66,Tourniquet,996,,,,,,,,,,
TOOL_HOVER,529401,8/3/2023 8:04,ab1f8cd1-8d65-45da-b087-89b25ff46c66,Tourniquet,996,,,,,,,,,,
TOOL_HOVER,529417,8/3/2023 8:04,ab1f8cd1-8d65-45da-b087-89b25ff46c66,Tourniquet,996,,,,,,,,,,
TOOL_HOVER,529435,8/3/2023 8:04,ab1f8cd1-8d65-45da-b087-89b25ff46c66,Tourniquet,996,,,,,,,,,,
TOOL_HOVER,529452,8/3/2023 8:04,ab1f8cd1-8d65-45da-b087-89b25ff46c66,Tourniquet,996,,,,,,,,,,
TOOL_HOVER,529468,8/3/2023 8:04,ab1f8cd1-8d65-45da-b087-89b25ff46c66,Tourniquet,996,,,,,,,,,,
TOOL_HOVER,529485,8/3/2023 8:04,ab1f8cd1-8d65-45da-b087-89b25ff46c66,Tourniquet,996,,,,,,,,,,
TOOL_HOVER,529501,8/3/2023 8:04,ab1f8cd1-8d65-45da-b087-89b25ff46c66,Tourniquet,996,,,,,,,,,,
TOOL_HOVER,529517,8/3/2023 8:04,ab1f8cd1-8d65-45da-b087-89b25ff46c66,Tourniquet,996,,,,,,,,,,
TOOL_HOVER,529535,8/3/2023 8:04,ab1f8cd1-8d65-45da-b087-89b25ff46c66,Tourniquet,996,,,,,,,,,,
TOOL_HOVER,529551,8/3/2023 8:04,ab1f8cd1-8d65-45da-b087-89b25ff46c66,Tourniquet,996,,,,,,,,,,
TOOL_HOVER,529569,8/3/2023 8:04,ab1f8cd1-8d65-45da-b087-89b25ff46c66,Tourniquet,996,,,,,,,,,,
TOOL_HOVER,529585,8/3/2023 8:04,ab1f8cd1-8d65-45da-b087-89b25ff46c66,Tourniquet,996,,,,,,,,,,
TOOL_HOVER,529601,8/3/2023 8:04,ab1f8cd1-8d65-45da-b087-89b25ff46c66,Tourniquet,996,,,,,,,,,,
TOOL_SELECTED,529602,8/3/2023 8:04,ab1f8cd1-8d65-45da-b087-89b25ff46c66,Tourniquet,995,,,,,,,,,,
TOOL_DISCARDED,531656,8/3/2023 8:04,ab1f8cd1-8d65-45da-b087-89b25ff46c66,Tourniquet,995,"(3.2, 0.2, -5.0)",,,,,,,,,
PULSE_TAKEN,532574,8/3/2023 8:04,ab1f8cd1-8d65-45da-b087-89b25ff46c66,pulse_normal,Gloria_8 Root,,,,,,,,,,
TOOL_HOVER,533795,8/3/2023 8:04,ab1f8cd1-8d65-45da-b087-89b25ff46c66,Tourniquet,996,,,,,,,,,,
TOOL_HOVER,533811,8/3/2023 8:04,ab1f8cd1-8d65-45da-b087-89b25ff46c66,Tourniquet,996,,,,,,,,,,
TOOL_HOVER,533829,8/3/2023 8:04,ab1f8cd1-8d65-45da-b087-89b25ff46c66,Tourniquet,996,,,,,,,,,,
TOOL_HOVER,533845,8/3/2023 8:04,ab1f8cd1-8d65-45da-b087-89b25ff46c66,Tourniquet,996,,,,,,,,,,
TOOL_HOVER,533862,8/3/2023 8:04,ab1f8cd1-8d65-45da-b087-89b25ff46c66,Tourniquet,996,,,,,,,,,,
TOOL_HOVER,533878,8/3/2023 8:04,ab1f8cd1-8d65-45da-b087-89b25ff46c66,Tourniquet,996,,,,,,,,,,
TOOL_HOVER,533895,8/3/2023 8:04,ab1f8cd1-8d65-45da-b087-89b25ff46c66,Tourniquet,996,,,,,,,,,,
TOOL_HOVER,533912,8/3/2023 8:04,ab1f8cd1-8d65-45da-b087-89b25ff46c66,Tourniquet,996,,,,,,,,,,
TOOL_HOVER,533929,8/3/2023 8:04,ab1f8cd1-8d65-45da-b087-89b25ff46c66,Tourniquet,996,,,,,,,,,,
TOOL_HOVER,533946,8/3/2023 8:04,ab1f8cd1-8d65-45da-b087-89b25ff46c66,Tourniquet,996,,,,,,,,,,
TOOL_HOVER,533961,8/3/2023 8:04,ab1f8cd1-8d65-45da-b087-89b25ff46c66,Tourniquet,996,,,,,,,,,,
TOOL_SELECTED,533965,8/3/2023 8:04,ab1f8cd1-8d65-45da-b087-89b25ff46c66,Tourniquet,995,,,,,,,,,,
BAG_CLOSED,542052,8/3/2023 8:04,ab1f8cd1-8d65-45da-b087-89b25ff46c66,"(2.8, 0.5, -4.7)",,,,,,,,,,,
INJURY_TREATED,542766,8/3/2023 8:04,ab1f8cd1-8d65-45da-b087-89b25ff46c66,L Forearm Laceration,Gloria_8 Root,gauzePressure,low,leftArm,FALSE,TRUE,"(3.1, 0.4, -5.0)",,,,
TOOL_APPLIED,542766,8/3/2023 8:04,ab1f8cd1-8d65-45da-b087-89b25ff46c66,Gloria_8 Root,Tourniquet,LeftForeArm (UnityEngine.GameObject),tor_ring (1) (UnityEngine.GameObject),tourniquet(Clone) (UnityEngine.GameObject),AppliedTourniquet,,,,,,
PULSE_TAKEN,543100,8/3/2023 8:04,ab1f8cd1-8d65-45da-b087-89b25ff46c66,pulse_normal,Gloria_8 Root,,,,,,,,,,
VOICE_CAPTURE,549015,8/3/2023 8:04,ab1f8cd1-8d65-45da-b087-89b25ff46c66,modbutton yes,NA,,,,,,,,,,
VOICE_COMMAND,549015,8/3/2023 8:04,ab1f8cd1-8d65-45da-b087-89b25ff46c66,modbutton yes,modbutton yes,,,,,,,,,,
BAG_ACCESS,552622,8/3/2023 8:04,ab1f8cd1-8d65-45da-b087-89b25ff46c66,"(2.8, 0.7, -4.5)",,,,,,,,,,,
TOOL_HOVER,556683,8/3/2023 8:04,ab1f8cd1-8d65-45da-b087-89b25ff46c66,Hemostatic Gauze,1001,,,,,,,,,,
TOOL_HOVER,556698,8/3/2023 8:04,ab1f8cd1-8d65-45da-b087-89b25ff46c66,Hemostatic Gauze,1001,,,,,,,,,,
TOOL_HOVER,556716,8/3/2023 8:04,ab1f8cd1-8d65-45da-b087-89b25ff46c66,Hemostatic Gauze,1001,,,,,,,,,,
TOOL_HOVER,556732,8/3/2023 8:04,ab1f8cd1-8d65-45da-b087-89b25ff46c66,Hemostatic Gauze,1001,,,,,,,,,,
TOOL_HOVER,556750,8/3/2023 8:04,ab1f8cd1-8d65-45da-b087-89b25ff46c66,Hemostatic Gauze,1001,,,,,,,,,,
TOOL_HOVER,556766,8/3/2023 8:04,ab1f8cd1-8d65-45da-b087-89b25ff46c66,Hemostatic Gauze,1001,,,,,,,,,,
TOOL_HOVER,556783,8/3/2023 8:04,ab1f8cd1-8d65-45da-b087-89b25ff46c66,Hemostatic Gauze,1001,,,,,,,,,,
TOOL_HOVER,556799,8/3/2023 8:04,ab1f8cd1-8d65-45da-b087-89b25ff46c66,Hemostatic Gauze,1001,,,,,,,,,,
TOOL_HOVER,556816,8/3/2023 8:04,ab1f8cd1-8d65-45da-b087-89b25ff46c66,Hemostatic Gauze,1001,,,,,,,,,,
TOOL_HOVER,556833,8/3/2023 8:04,ab1f8cd1-8d65-45da-b087-89b25ff46c66,Hemostatic Gauze,1001,,,,,,,,,,
TOOL_HOVER,556849,8/3/2023 8:04,ab1f8cd1-8d65-45da-b087-89b25ff46c66,Hemostatic Gauze,1001,,,,,,,,,,
TOOL_HOVER,556866,8/3/2023 8:04,ab1f8cd1-8d65-45da-b087-89b25ff46c66,Hemostatic Gauze,1001,,,,,,,,,,
TOOL_HOVER,557585,8/3/2023 8:04,ab1f8cd1-8d65-45da-b087-89b25ff46c66,Tourniquet,995,,,,,,,,,,
TOOL_HOVER,557602,8/3/2023 8:04,ab1f8cd1-8d65-45da-b087-89b25ff46c66,Tourniquet,995,,,,,,,,,,
TOOL_HOVER,557618,8/3/2023 8:04,ab1f8cd1-8d65-45da-b087-89b25ff46c66,Tourniquet,995,,,,,,,,,,
TOOL_HOVER,557636,8/3/2023 8:04,ab1f8cd1-8d65-45da-b087-89b25ff46c66,Tourniquet,995,,,,,,,,,,
TOOL_HOVER,557652,8/3/2023 8:04,ab1f8cd1-8d65-45da-b087-89b25ff46c66,Tourniquet,995,,,,,,,,,,
TOOL_HOVER,557670,8/3/2023 8:04,ab1f8cd1-8d65-45da-b087-89b25ff46c66,Tourniquet,995,,,,,,,,,,
TOOL_HOVER,557685,8/3/2023 8:04,ab1f8cd1-8d65-45da-b087-89b25ff46c66,Tourniquet,995,,,,,,,,,,
TOOL_HOVER,557702,8/3/2023 8:04,ab1f8cd1-8d65-45da-b087-89b25ff46c66,Tourniquet,995,,,,,,,,,,
TOOL_HOVER,557720,8/3/2023 8:04,ab1f8cd1-8d65-45da-b087-89b25ff46c66,Tourniquet,995,,,,,,,,,,
TOOL_HOVER,557736,8/3/2023 8:04,ab1f8cd1-8d65-45da-b087-89b25ff46c66,Tourniquet,995,,,,,,,,,,
TOOL_HOVER,557752,8/3/2023 8:04,ab1f8cd1-8d65-45da-b087-89b25ff46c66,Tourniquet,995,,,,,,,,,,
TOOL_HOVER,557768,8/3/2023 8:04,ab1f8cd1-8d65-45da-b087-89b25ff46c66,Tourniquet,995,,,,,,,,,,
TOOL_HOVER,557786,8/3/2023 8:04,ab1f8cd1-8d65-45da-b087-89b25ff46c66,Tourniquet,995,,,,,,,,,,
TOOL_HOVER,557802,8/3/2023 8:04,ab1f8cd1-8d65-45da-b087-89b25ff46c66,Tourniquet,995,,,,,,,,,,
TOOL_HOVER,557820,8/3/2023 8:04,ab1f8cd1-8d65-45da-b087-89b25ff46c66,Tourniquet,995,,,,,,,,,,
TOOL_HOVER,557835,8/3/2023 8:04,ab1f8cd1-8d65-45da-b087-89b25ff46c66,Tourniquet,995,,,,,,,,,,
TOOL_SELECTED,557836,8/3/2023 8:04,ab1f8cd1-8d65-45da-b087-89b25ff46c66,Tourniquet,994,,,,,,,,,,
INJURY_TREATED,559790,8/3/2023 8:04,ab1f8cd1-8d65-45da-b087-89b25ff46c66,L Forearm Laceration,Gloria_8 Root,gauzePressure,low,leftArm,FALSE,TRUE,"(3.1, 0.4, -5.0)",,,,
TOOL_APPLIED,559791,8/3/2023 8:04,ab1f8cd1-8d65-45da-b087-89b25ff46c66,Gloria_8 Root,Tourniquet,LeftArm (UnityEngine.GameObject),tor_ring (1) (UnityEngine.GameObject),tourniquet(Clone) (UnityEngine.GameObject),AppliedTourniquet,,,,,,
PULSE_TAKEN,560208,8/3/2023 8:04,ab1f8cd1-8d65-45da-b087-89b25ff46c66,pulse_normal,Gloria_8 Root,,,,,,,,,,
TAG_SELECTED,563534,8/3/2023 8:04,ab1f8cd1-8d65-45da-b087-89b25ff46c66,yellow,,,,,,,,,,,
TAG_APPLIED,565086,8/3/2023 8:04,ab1f8cd1-8d65-45da-b087-89b25ff46c66,Gloria_8 Root,yellow,,,,,,,,,,
BAG_CLOSED,573663,8/3/2023 8:04,ab1f8cd1-8d65-45da-b087-89b25ff46c66,"(2.8, 0.7, -4.5)",,,,,,,,,,,
TELEPORT,575279,8/3/2023 8:04,ab1f8cd1-8d65-45da-b087-89b25ff46c66,"(2.6, 0.0, -3.3)",,,,,,,,,,,
TELEPORT,577255,8/3/2023 8:04,ab1f8cd1-8d65-45da-b087-89b25ff46c66,"(3.0, 0.0, -2.2)",,,,,,,,,,,
TELEPORT,581487,8/3/2023 8:05,ab1f8cd1-8d65-45da-b087-89b25ff46c66,"(2.2, 0.0, 0.2)",,,,,,,,,,,
PATIENT_ENGAGED,595590,8/3/2023 8:05,ab1f8cd1-8d65-45da-b087-89b25ff46c66,100,Infinity,Bob_0 Root,"(-1.7, 0.0, 5.7)","(0.0, 0.7, 0.0, 0.7)",DEAD,still,none,none,none,dead,supine
PULSE_TAKEN,599169,8/3/2023 8:05,ab1f8cd1-8d65-45da-b087-89b25ff46c66,pulse_none,Bob_0 Root,,,,,,,,,,
TELEPORT,604599,8/3/2023 8:05,ab1f8cd1-8d65-45da-b087-89b25ff46c66,"(-3.1, 0.0, 4.8)",,,,,,,,,,,
PATIENT_ENGAGED,613587,8/3/2023 8:05,ab1f8cd1-8d65-45da-b087-89b25ff46c66,100,0,Gary_9 Root,"(2.9, 0.0, 9.1)","(0.0, 1.0, 0.0, -0.1)",MINIMAL,walker,normal,normal,limited,calm,standing
BAG_ACCESS,614689,8/3/2023 8:05,ab1f8cd1-8d65-45da-b087-89b25ff46c66,"(3.1, 0.8, 8.1)",,,,,,,,,,,
TAG_SELECTED,620354,8/3/2023 8:05,ab1f8cd1-8d65-45da-b087-89b25ff46c66,red,,,,,,,,,,,
TAG_DISCARDED,623811,8/3/2023 8:05,ab1f8cd1-8d65-45da-b087-89b25ff46c66,red,"(3.4, 1.2, 8.4)",,,,,,,,,,
TAG_SELECTED,624431,8/3/2023 8:05,ab1f8cd1-8d65-45da-b087-89b25ff46c66,yellow,,,,,,,,,,,
TAG_APPLIED,626084,8/3/2023 8:05,ab1f8cd1-8d65-45da-b087-89b25ff46c66,Gary_9 Root,yellow,,,,,,,,,,
VOICE_CAPTURE,632868,8/3/2023 8:05,ab1f8cd1-8d65-45da-b087-89b25ff46c66,are you hurt,NA,,,,,,,,,,
VOICE_COMMAND,632868,8/3/2023 8:05,ab1f8cd1-8d65-45da-b087-89b25ff46c66,are you hurt,are you hurt,,,,,,,,,,
TAG_SELECTED,638748,8/3/2023 8:05,ab1f8cd1-8d65-45da-b087-89b25ff46c66,red,,,,,,,,,,,
TAG_APPLIED,640202,8/3/2023 8:06,ab1f8cd1-8d65-45da-b087-89b25ff46c66,Gary_9 Root,red,,,,,,,,,,
BAG_CLOSED,646416,8/3/2023 8:06,ab1f8cd1-8d65-45da-b087-89b25ff46c66,"(3.1, 0.8, 8.1)",,,,,,,,,,,
TELEPORT,646416,8/3/2023 8:06,ab1f8cd1-8d65-45da-b087-89b25ff46c66,"(1.4, 0.0, 8.1)",,,,,,,,,,,
TELEPORT,648455,8/3/2023 8:06,ab1f8cd1-8d65-45da-b087-89b25ff46c66,"(0.6, 0.0, 8.0)",,,,,,,,,,,
PATIENT_ENGAGED,649539,8/3/2023 8:06,ab1f8cd1-8d65-45da-b087-89b25ff46c66,100,Infinity,Gary_1 Root,"(1.6, 0.0, 7.6)","(0.0, 1.0, 0.0, 0.0)",EXPECTANT,still,none,restricted,none,unresponsive,supine
PULSE_TAKEN,650626,8/3/2023 8:06,ab1f8cd1-8d65-45da-b087-89b25ff46c66,pulse_none,Gary_1 Root,,,,,,,,,,
BAG_ACCESS,652397,8/3/2023 8:06,ab1f8cd1-8d65-45da-b087-89b25ff46c66,"(1.1, 0.6, 8.3)",,,,,,,,,,,
TOOL_HOVER,654085,8/3/2023 8:06,ab1f8cd1-8d65-45da-b087-89b25ff46c66,Hemostatic Gauze,1001,,,,,,,,,,
TOOL_HOVER,654101,8/3/2023 8:06,ab1f8cd1-8d65-45da-b087-89b25ff46c66,Hemostatic Gauze,1001,,,,,,,,,,
TOOL_HOVER,654117,8/3/2023 8:06,ab1f8cd1-8d65-45da-b087-89b25ff46c66,Hemostatic Gauze,1001,,,,,,,,,,
TOOL_HOVER,654134,8/3/2023 8:06,ab1f8cd1-8d65-45da-b087-89b25ff46c66,Hemostatic Gauze,1001,,,,,,,,,,
TOOL_HOVER,654151,8/3/2023 8:06,ab1f8cd1-8d65-45da-b087-89b25ff46c66,Hemostatic Gauze,1001,,,,,,,,,,
TOOL_HOVER,654167,8/3/2023 8:06,ab1f8cd1-8d65-45da-b087-89b25ff46c66,Hemostatic Gauze,1001,,,,,,,,,,
TOOL_HOVER,654184,8/3/2023 8:06,ab1f8cd1-8d65-45da-b087-89b25ff46c66,Hemostatic Gauze,1001,,,,,,,,,,
TOOL_HOVER,654200,8/3/2023 8:06,ab1f8cd1-8d65-45da-b087-89b25ff46c66,Hemostatic Gauze,1001,,,,,,,,,,
TOOL_HOVER,654223,8/3/2023 8:06,ab1f8cd1-8d65-45da-b087-89b25ff46c66,Hemostatic Gauze,1001,,,,,,,,,,
TOOL_SELECTED,654224,8/3/2023 8:06,ab1f8cd1-8d65-45da-b087-89b25ff46c66,Hemostatic Gauze,1000,,,,,,,,,,
TOOL_DISCARDED,656239,8/3/2023 8:06,ab1f8cd1-8d65-45da-b087-89b25ff46c66,Hemostatic Gauze,1000,"(0.9, 0.2, 8.3)",,,,,,,,,
TOOL_APPLIED,656239,8/3/2023 8:06,ab1f8cd1-8d65-45da-b087-89b25ff46c66,Gary_1 Root,Gauze_Pack,skinCollider_BodyGar_LOD (UnityEngine.GameObject),null,null,AppliedPackingGauze,,,,,,
TOOL_HOVER,657293,8/3/2023 8:06,ab1f8cd1-8d65-45da-b087-89b25ff46c66,Hemostatic Gauze,1001,,,,,,,,,,
TOOL_HOVER,657309,8/3/2023 8:06,ab1f8cd1-8d65-45da-b087-89b25ff46c66,Hemostatic Gauze,1001,,,,,,,,,,
TOOL_HOVER,657326,8/3/2023 8:06,ab1f8cd1-8d65-45da-b087-89b25ff46c66,Hemostatic Gauze,1001,,,,,,,,,,
TOOL_HOVER,657343,8/3/2023 8:06,ab1f8cd1-8d65-45da-b087-89b25ff46c66,Hemostatic Gauze,1001,,,,,,,,,,
TOOL_HOVER,657360,8/3/2023 8:06,ab1f8cd1-8d65-45da-b087-89b25ff46c66,Hemostatic Gauze,1001,,,,,,,,,,
TOOL_HOVER,657376,8/3/2023 8:06,ab1f8cd1-8d65-45da-b087-89b25ff46c66,Hemostatic Gauze,1001,,,,,,,,,,
TOOL_HOVER,657893,8/3/2023 8:06,ab1f8cd1-8d65-45da-b087-89b25ff46c66,Gauze,1002,,,,,,,,,,
TOOL_HOVER,657910,8/3/2023 8:06,ab1f8cd1-8d65-45da-b087-89b25ff46c66,Gauze,1002,,,,,,,,,,
TOOL_HOVER,657927,8/3/2023 8:06,ab1f8cd1-8d65-45da-b087-89b25ff46c66,Gauze,1002,,,,,,,,,,
TOOL_HOVER,657943,8/3/2023 8:06,ab1f8cd1-8d65-45da-b087-89b25ff46c66,Gauze,1002,,,,,,,,,,
TOOL_SELECTED,657944,8/3/2023 8:06,ab1f8cd1-8d65-45da-b087-89b25ff46c66,Gauze,1001,,,,,,,,,,
TOOL_DISCARDED,659231,8/3/2023 8:06,ab1f8cd1-8d65-45da-b087-89b25ff46c66,Gauze,1001,"(0.9, 0.2, 8.3)",,,,,,,,,
TOOL_APPLIED,659231,8/3/2023 8:06,ab1f8cd1-8d65-45da-b087-89b25ff46c66,Gary_1 Root,Gauze_Dressing,skinCollider_BodyGar_LOD (UnityEngine.GameObject),null,null,AppliedDressingGauze,,,,,,
PULSE_TAKEN,671033,8/3/2023 8:06,ab1f8cd1-8d65-45da-b087-89b25ff46c66,pulse_none,Gary_1 Root,,,,,,,,,,
PULSE_TAKEN,675001,8/3/2023 8:06,ab1f8cd1-8d65-45da-b087-89b25ff46c66,pulse_none,Gary_1 Root,,,,,,,,,,
TAG_SELECTED,678294,8/3/2023 8:06,ab1f8cd1-8d65-45da-b087-89b25ff46c66,green,,,,,,,,,,,
TAG_DISCARDED,679145,8/3/2023 8:06,ab1f8cd1-8d65-45da-b087-89b25ff46c66,green,"(1.2, 0.8, 8.7)",,,,,,,,,,
TOOL_HOVER,680984,8/3/2023 8:06,ab1f8cd1-8d65-45da-b087-89b25ff46c66,Needle,998,,,,,,,,,,
TOOL_HOVER,681000,8/3/2023 8:06,ab1f8cd1-8d65-45da-b087-89b25ff46c66,Needle,998,,,,,,,,,,
TOOL_HOVER,681015,8/3/2023 8:06,ab1f8cd1-8d65-45da-b087-89b25ff46c66,Needle,998,,,,,,,,,,
TOOL_HOVER,681033,8/3/2023 8:06,ab1f8cd1-8d65-45da-b087-89b25ff46c66,Needle,998,,,,,,,,,,
TOOL_SELECTED,681034,8/3/2023 8:06,ab1f8cd1-8d65-45da-b087-89b25ff46c66,Needle,997,,,,,,,,,,
TOOL_APPLIED,684914,8/3/2023 8:06,ab1f8cd1-8d65-45da-b087-89b25ff46c66,Needle_Decomp(Clone),Needle,LChest_Breathe1 (UnityEngine.GameObject),cath_needle (UnityEngine.GameObject),left_chest,Needle_Decomp(Clone) (UnityEngine.GameObject),AppliedDecompNeedle,,,,,
TOOL_HOVER,693180,8/3/2023 8:06,ab1f8cd1-8d65-45da-b087-89b25ff46c66,Hemostatic Gauze,1001,,,,,,,,,,
TOOL_HOVER,693195,8/3/2023 8:06,ab1f8cd1-8d65-45da-b087-89b25ff46c66,Hemostatic Gauze,1001,,,,,,,,,,
TOOL_HOVER,693212,8/3/2023 8:06,ab1f8cd1-8d65-45da-b087-89b25ff46c66,Hemostatic Gauze,1001,,,,,,,,,,
TOOL_HOVER,693231,8/3/2023 8:06,ab1f8cd1-8d65-45da-b087-89b25ff46c66,Hemostatic Gauze,1001,,,,,,,,,,
TOOL_HOVER,693247,8/3/2023 8:06,ab1f8cd1-8d65-45da-b087-89b25ff46c66,Hemostatic Gauze,1001,,,,,,,,,,
TOOL_SELECTED,693248,8/3/2023 8:06,ab1f8cd1-8d65-45da-b087-89b25ff46c66,Hemostatic Gauze,1000,,,,,,,,,,
TOOL_DISCARDED,695400,8/3/2023 8:06,ab1f8cd1-8d65-45da-b087-89b25ff46c66,Hemostatic Gauze,1000,"(0.9, 0.2, 8.3)",,,,,,,,,
TOOL_APPLIED,695400,8/3/2023 8:06,ab1f8cd1-8d65-45da-b087-89b25ff46c66,Gary_1 Root,Gauze_Pack,skinCollider_BodyGar_LOD (UnityEngine.GameObject),null,null,AppliedPackingGauze,,,,,,
VOICE_CAPTURE,700904,8/3/2023 8:07,ab1f8cd1-8d65-45da-b087-89b25ff46c66,OK,NA,,,,,,,,,,
BAG_CLOSED,703156,8/3/2023 8:07,ab1f8cd1-8d65-45da-b087-89b25ff46c66,"(1.1, 0.6, 8.3)",,,,,,,,,,,
TELEPORT,703156,8/3/2023 8:07,ab1f8cd1-8d65-45da-b087-89b25ff46c66,"(0.2, 0.0, 8.4)",,,,,,,,,,,
VOICE_CAPTURE,706012,8/3/2023 8:07,ab1f8cd1-8d65-45da-b087-89b25ff46c66,my missing someone,NA,,,,,,,,,,
VOICE_CAPTURE,707451,8/3/2023 8:07,ab1f8cd1-8d65-45da-b087-89b25ff46c66,OK,NA,,,,,,,,,,
TELEPORT,707712,8/3/2023 8:07,ab1f8cd1-8d65-45da-b087-89b25ff46c66,"(0.1, 0.0, 8.4)",,,,,,,,,,,
VOICE_CAPTURE,711623,8/3/2023 8:07,ab1f8cd1-8d65-45da-b087-89b25ff46c66,alright alright,NA,,,,,,,,,,
PATIENT_ENGAGED,714130,8/3/2023 8:07,ab1f8cd1-8d65-45da-b087-89b25ff46c66,100,Infinity,Lily_4 Root,"(1.2, 0.0, 6.2)","(0.0, 1.0, 0.0, 0.0)",IMMEDIATE,waver,fast,normal,normal,upset,fetal
TELEPORT,715598,8/3/2023 8:07,ab1f8cd1-8d65-45da-b087-89b25ff46c66,"(0.3, 0.0, 6.1)",,,,,,,,,,,
VOICE_CAPTURE,718342,8/3/2023 8:07,ab1f8cd1-8d65-45da-b087-89b25ff46c66,everyone the Ms. is gonna be here pretty quick so hang in there still doing OK,NA,,,,,,,,,,
VOICE_CAPTURE,718574,8/3/2023 8:07,ab1f8cd1-8d65-45da-b087-89b25ff46c66,modbutton yes,NA,,,,,,,,,,
VOICE_COMMAND,718574,8/3/2023 8:07,ab1f8cd1-8d65-45da-b087-89b25ff46c66,modbutton yes,modbutton yes,,,,,,,,,,
TELEPORT,721079,8/3/2023 8:07,ab1f8cd1-8d65-45da-b087-89b25ff46c66,"(0.7, 0.0, 5.1)",,,,,,,,,,,
TELEPORT,721866,8/3/2023 8:07,ab1f8cd1-8d65-45da-b087-89b25ff46c66,"(0.5, 0.0, 4.7)",,,,,,,,,,,
VOICE_CAPTURE,722967,8/3/2023 8:07,ab1f8cd1-8d65-45da-b087-89b25ff46c66,OK good,NA,,,,,,,,,,
PATIENT_ENGAGED,728531,8/3/2023 8:07,ab1f8cd1-8d65-45da-b087-89b25ff46c66,100,Infinity,Gloria_6 Root,"(-1.2, 0.0, 3.1)","(0.0, 0.4, 0.0, 0.9)",DELAYED,waver,fast,normal,normal,upset,fetal
VOICE_CAPTURE,729434,8/3/2023 8:07,ab1f8cd1-8d65-45da-b087-89b25ff46c66,modbutton yes,NA,,,,,,,,,,
VOICE_COMMAND,729434,8/3/2023 8:07,ab1f8cd1-8d65-45da-b087-89b25ff46c66,modbutton yes,modbutton yes,,,,,,,,,,
VOICE_CAPTURE,731355,8/3/2023 8:07,ab1f8cd1-8d65-45da-b087-89b25ff46c66,modbutton yes,NA,,,,,,,,,,
VOICE_COMMAND,731355,8/3/2023 8:07,ab1f8cd1-8d65-45da-b087-89b25ff46c66,modbutton yes,modbutton yes,,,,,,,,,,
TELEPORT,733428,8/3/2023 8:07,ab1f8cd1-8d65-45da-b087-89b25ff46c66,"(-2.5, 0.0, 3.8)",,,,,,,,,,,
VOICE_CAPTURE,734028,8/3/2023 8:07,ab1f8cd1-8d65-45da-b087-89b25ff46c66,alright still doing OK good to be expected alright EMS is coming,NA,,,,,,,,,,
PATIENT_ENGAGED,735900,8/3/2023 8:07,ab1f8cd1-8d65-45da-b087-89b25ff46c66,100,Infinity,Mike_7 Root,"(1.3, 0.0, 3.4)","(0.0, 0.1, 0.0, 1.0)",DELAYED,waver,fast,normal,normal,upset,sittingGround
VOICE_CAPTURE,738355,8/3/2023 8:07,ab1f8cd1-8d65-45da-b087-89b25ff46c66,modbutton yes,NA,,,,,,,,,,
VOICE_COMMAND,738355,8/3/2023 8:07,ab1f8cd1-8d65-45da-b087-89b25ff46c66,modbutton yes,modbutton yes,,,,,,,,,,
VOICE_CAPTURE,739456,8/3/2023 8:07,ab1f8cd1-8d65-45da-b087-89b25ff46c66,alright buddy is that bleeding still slowed down,NA,,,,,,,,,,
TELEPORT,741548,8/3/2023 8:07,ab1f8cd1-8d65-45da-b087-89b25ff46c66,"(-1.2, 0.0, 3.8)",,,,,,,,,,,
VOICE_CAPTURE,741847,8/3/2023 8:07,ab1f8cd1-8d65-45da-b087-89b25ff46c66,alright,NA,,,,,,,,,,
PATIENT_ENGAGED,748245,8/3/2023 8:07,ab1f8cd1-8d65-45da-b087-89b25ff46c66,100,0,Gary_3 Root,"(0.4, 0.0, 1.7)","(0.0, 0.0, 0.0, 1.0)",IMMEDIATE,still,faint,normal,normal,unresponsive,supine
BAG_ACCESS,751853,8/3/2023 8:07,ab1f8cd1-8d65-45da-b087-89b25ff46c66,"(1.1, 0.4, 1.1)",,,,,,,,,,,
TOOL_HOVER,754794,8/3/2023 8:07,ab1f8cd1-8d65-45da-b087-89b25ff46c66,Needle,997,,,,,,,,,,
TOOL_HOVER,754812,8/3/2023 8:07,ab1f8cd1-8d65-45da-b087-89b25ff46c66,Needle,997,,,,,,,,,,
TOOL_HOVER,754828,8/3/2023 8:07,ab1f8cd1-8d65-45da-b087-89b25ff46c66,Needle,997,,,,,,,,,,
TOOL_HOVER,754845,8/3/2023 8:07,ab1f8cd1-8d65-45da-b087-89b25ff46c66,Needle,997,,,,,,,,,,
TOOL_HOVER,754862,8/3/2023 8:07,ab1f8cd1-8d65-45da-b087-89b25ff46c66,Needle,997,,,,,,,,,,
TOOL_HOVER,754878,8/3/2023 8:07,ab1f8cd1-8d65-45da-b087-89b25ff46c66,Needle,997,,,,,,,,,,
TOOL_HOVER,754895,8/3/2023 8:07,ab1f8cd1-8d65-45da-b087-89b25ff46c66,Needle,997,,,,,,,,,,
TOOL_HOVER,754912,8/3/2023 8:07,ab1f8cd1-8d65-45da-b087-89b25ff46c66,Needle,997,,,,,,,,,,
TOOL_SELECTED,754913,8/3/2023 8:07,ab1f8cd1-8d65-45da-b087-89b25ff46c66,Needle,996,,,,,,,,,,
VOICE_CAPTURE,756415,8/3/2023 8:07,ab1f8cd1-8d65-45da-b087-89b25ff46c66,OK,NA,,,,,,,,,,
INJURY_TREATED,759392,8/3/2023 8:08,ab1f8cd1-8d65-45da-b087-89b25ff46c66,R Chest Collapse,Gary_3 Root,decompress,high,chest,TRUE,FALSE,"(0.0, 0.0, 0.0)",,,,
TOOL_APPLIED,759394,8/3/2023 8:08,ab1f8cd1-8d65-45da-b087-89b25ff46c66,Needle_Decomp(Clone),Needle,RChest_Breathe1 (UnityEngine.GameObject),cath_needle (UnityEngine.GameObject),right_chest,Needle_Decomp(Clone) (UnityEngine.GameObject),AppliedDecompNeedle,,,,,
VOICE_CAPTURE,760425,8/3/2023 8:08,ab1f8cd1-8d65-45da-b087-89b25ff46c66,oh you already got one,NA,,,,,,,,,,
VOICE_CAPTURE,766493,8/3/2023 8:08,ab1f8cd1-8d65-45da-b087-89b25ff46c66,yeah,NA,,,,,,,,,,
PULSE_TAKEN,768795,8/3/2023 8:08,ab1f8cd1-8d65-45da-b087-89b25ff46c66,pulse_faint,Gary_3 Root,,,,,,,,,,
PULSE_TAKEN,769747,8/3/2023 8:08,ab1f8cd1-8d65-45da-b087-89b25ff46c66,pulse_faint,Gary_3 Root,,,,,,,,,,
VOICE_CAPTURE,771065,8/3/2023 8:08,ab1f8cd1-8d65-45da-b087-89b25ff46c66,OK any other injuries no,NA,,,,,,,,,,
VOICE_COMMAND,771065,8/3/2023 8:08,ab1f8cd1-8d65-45da-b087-89b25ff46c66,are you hurt,OK any other injuries no,,,,,,,,,,
VOICE_COMMAND,771065,8/3/2023 8:08,ab1f8cd1-8d65-45da-b087-89b25ff46c66,anywhere else,OK any other injuries no,,,,,,,,,,
VOICE_CAPTURE,777497,8/3/2023 8:08,ab1f8cd1-8d65-45da-b087-89b25ff46c66,exchanging air well,NA,,,,,,,,,,
BAG_CLOSED,780891,8/3/2023 8:08,ab1f8cd1-8d65-45da-b087-89b25ff46c66,"(1.1, 0.4, 1.1)",,,,,,,,,,,
TELEPORT,780891,8/3/2023 8:08,ab1f8cd1-8d65-45da-b087-89b25ff46c66,"(-0.1, 0.0, 1.6)",,,,,,,,,,,
SESSION_END,784182,8/3/2023 8:08,ab1f8cd1-8d65-45da-b087-89b25ff46c66,,,,,,,,,,,,
